来源,产品名称,备案编码,产品全称,备案编号,基金管理人,投资顾问,成立日期,备案日期,托管券商,基金经理,开放日,是否可临开,申购费,追加限制,赎回费,预警线,封闭期,平仓线,管理费率,管理费说明,托管费,行政外包服务费,业绩报酬说明,管理规模,登记编号
FOF底层,乾上泉对冲一号B类,ALF51B,乾上泉对冲一号私募证券投资基金B类份额,ALF51B,上海乾上泉,,2024-05-31,2024-06-05,国泰君安证券股份有限公司,,每周的最后一个交易日,否,0%,,0%,,无,,0.01,,0.015%,0.015%,基金份额持有年化收益大于6%时，赎回、终止、分红时计提时当期全部收益的30%，计提后基金份额持有人年化收益率不低于6%,5-10亿元,P1071858
FOF底层,木莲安澜1号A类,ATL22A,木莲安澜1号私募证券投资基金A类份额,ATL22A,深圳木莲,,2025-02-28,2025-03-05,国泰君安证券股份有限公司,,每周周四、周五,否,,,,,,,0,,0.01%,0.01%,,5-10亿元,P1014491
FOF底层,棕榈滩泰来A类,AVF39A,棕榈滩泰来私募证券投资基金A类份额,AVF39A,泉州棕榈滩,,2025-05-30,2025-06-11,国泰海通证券股份有限公司,,,否,,,,,,,0,,,,,0-5亿元,P1074214
FOF底层,倍致灵泰省心享1号B类,AVH67B,倍致灵泰省心享1号私募证券投资基金B类份额,AVH67B,杭州倍致,,2026-02-13,,,,申购开放日为每月的第2、4个周三，赎回开放日为每周周三,可临开赎回,0%,1万元起,持有期小等于92天，赎回费率为1%；持有期大于92天，赎回费率为0%,,无,,0.01,,0.015%,0.015%,20%,50-100亿元,P1073143
FOF底层,笃熙禀泰渊流1号私募证券投资基金A类,AVM35A,笃熙禀泰渊流1号私募证券投资基金A类份额,AVM35A,上海笃熙禀泰,,2025-03-14,2025-03-24,国泰君安证券股份有限公司,,,否,,,,,,,0,,,,,10-20亿元,P1071264
FOF底层,博衍九溪CTA6号A类,AZU19A,博衍九溪CTA6号私募证券投资基金A类份额,AZU19A,杭州博衍,,2025-06-13,2025-06-19,国泰海通证券股份有限公司,,每周周四、周五,可临开赎回,0,,小于90天0.5%,,无,,0.015,,0.01%,0.01%,采取“单客户单笔份额高水位法” 集体业绩报酬，超过业绩基准部分计提20%,20-50亿元,P1074267
FOF底层,荣熙恒盈2号C类,BAH99C,荣熙恒盈2号私募证券投资基金C类份额,BAH99C,上海荣熙,,2025-06-18,2025-06-23,招商证券股份有限公司,,每周周二、周三,可临开赎回,,,,,,,0,,0.015%,0.015%,,5-10亿元,P1017741
FOF底层,绵烁ETF套利3号A类,BBZ20A,绵烁ETF套利3号私募证券投资基金A类份额,BBZ20A,上海绵烁资管,,2025-07-28,2025-07-31,国泰海通证券股份有限公司,,,否,,,,,,,0,,,,,20-50亿元,P1060665
FOF底层,大风木盛水长A类,BLE72A,大风木盛水长私募证券投资基金A类份额,BLE72A,深圳大风资管,,2025-12-09,2025-12-16,国泰海通证券股份有限公司,,,否,,,,,,,0,,,,,10-20亿元,P1023051
FOF底层,棕榈滩泰来三号A类,BVC41A,棕榈滩泰来三号私募证券投资基金A类份额,BVC41A,泉州棕榈滩,,2026-04-13,,,,,否,,,,,,,0,,,,,0-5亿元,P1074214
FOF底层,星阔江月2号B类,NW169B,星阔江月2号私募证券投资基金B类份额,NW169B,青岛星阔投资,,2021-03-03,2021-03-11,国泰君安证券股份有限公司,,"每周最后一个交易日和每季度末月（即3,6,9,12月）最后一个交易日",可临开赎回,,,,0.92,无,0.9,0,,0.025%,0.025%,,10-20亿元,P1071681
FOF底层,奇盾抱朴专享1号,SBGD35,奇盾抱朴专享1号私募证券投资基金,SBGD35,上海奇盾世家,,2025-09-23,2025-10-27,国泰海通证券股份有限公司,,,否,,,,,,,0,,,,,20-50亿元,P1062571
FOF底层,六妙星九紫一号,SBPC20,六妙星九紫一号私募证券投资基金,SBPC20,北京六妙星,,2026-01-15,2026-01-30,华泰证券股份有限公司,,每周周四、周五，遇非工作日则不开放,否,1%,, 【0】天-【92】天（含），1%；【92】天以上，0%,,无,,0.01,,,,年化收益＜30%，30%；年化收益≥30%部分，40%,20-50亿元,P1073972
FOF底层,熙典基金百富1号B类,SJ392B,熙典基金百富1号私募证券投资基金B类份额,SJ392B,厦门熙典,,2021-08-16,2021-08-23,招商证券股份有限公司,,,否,,,,,,,0,,,,,5-10亿元,P1072232
FOF底层,金和和善对冲1号,STA933,金和和善对冲1号私募证券投资基金,STA933,上海金和晟,,2021-10-28,2021-11-05,兴业证券股份有限公司,李梦琦、李梦琦,,否,,,,,,,0,,,,,10-20亿元,P1071636
FOF底层,博衍留芳1号A类,ZG868A,博衍留芳1号私募证券投资基金A类份额,ZG868A,杭州博衍,,2023-02-03,2023-02-08,国泰君安证券股份有限公司,,每个交易日,否,1%,,0%,,,,0.015,,0.01%,0.01%,超过业绩基准部分提取20%,20-50亿元,P1074267
FOF底层、团队跟踪,六妙星滚雪粒1号A类,ASB96A,六妙星滚雪粒1号私募证券投资基金A类份额,ASB96A,北京六妙星,,2024-12-16,2024-12-31,国信证券股份有限公司,,每周周二、周三,否,0%,,持有期小于 90 天，赎回费率 1%；持有期大等于 90 天，赎回费率 0%,,无,,0.01,,0.01%,0.01%,单人单笔高水位法，赎回、收益分配、终止时计提。计提比例20%,20-50亿元,P1073972
FOF底层、团队跟踪,六妙星豪鑫3号A类,ASX73A,六妙星豪鑫3号私募证券投资基金A类份额,ASX73A,北京六妙星,,2025-01-09,2025-01-16,中信证券股份有限公司,,每周周四、周五,可临开赎回,1%,,持有期小于3个月，赎回费率为0.5%；持有期大等于3个月，赎回费率为0%,,,,0.01,,0.01%,0.01%,30%,20-50亿元,P1073972
FOF底层、团队跟踪,荣熙恒盈2号A类,BAH99A,荣熙恒盈2号私募证券投资基金A类份额,BAH99A,上海荣熙,,2025-06-18,2025-06-23,招商证券股份有限公司,,每周周二、周三,可临开赎回,0%,,持有期小于 3个月，赎回费率 1%；持有期大等于3个月但少于6个月，赎回费率1%；持有期大等于 6 个月，赎回费率0%,,,,0.01,,0.015%,0.015%,35%,5-10亿元,P1017741
FOF底层、团队跟踪,桫罗稳鸿C类,BDU00C,桫罗稳鸿私募证券投资基金C类份额,BDU00C,成都桫罗投资,,2025-10-13,2025-11-10,申万宏源证券有限公司,,每周周一,可临开赎回,1%,,持有期小于91天，赎回费率为1%；持有期大等于91天，赎回费率为0%,,,,0.01,,0.015%,0.015%,当收益率在0%之内时，不计提；当收益率大于0%时，超出部分计提比例为 40%。,0-5亿元,P1068881
FOF底层、团队跟踪,敦和芝诺量化CTA专享3号A类,BGW80A,敦和芝诺量化CTA专享3号私募证券投资基金A类份额,BGW80A,敦和资管,,2025-10-24,2025-11-18,国泰海通证券股份有限公司,,每周周二,否,,,,,,,0,,0.01%,0.01%,,100亿元以上,P1000501
FOF底层、团队跟踪,六妙星豪鑫6号A类,BHK26A,六妙星豪鑫6号私募证券投资基金A类份额,BHK26A,北京六妙星,,2025-10-29,2025-11-17,中信证券股份有限公司,,每周周四、周五,否,1%,10万递增,持有期小于 3 个月，赎回费率 0.5%；持有期大等于3 个月，赎回费率0%,,无,,0.01,,0.01%,0.01%,"单人单笔高水位法，赎回、分红、终止时计提。
当 R＜30%，计提比例 30%；当 R≥30%时，计提比例 50%。",20-50亿元,P1073972
FOF底层、团队跟踪,九木CTA进取1号A类,BHW97A,九木CTA进取1号私募证券投资基金A类份额,BHW97A,深圳九木,,2025-10-22,2025-11-10,中信证券股份有限公司,,每周周四、周五,否,,,,,,,0,,,,,10-20亿元,P1074963
FOF底层、团队跟踪,宁苑配置六号B类,BRE06B,宁苑配置六号私募证券投资基金B类份额,BRE06B,上海宁苑资管,,2026-01-30,,,,每周周二、周三,可临开赎回,,,,,,,0,,0.015%,0.015%,,50-100亿元,P1018867
FOF底层、团队跟踪,百奕小天鹅2号B类,BSJ74B,百奕小天鹅2号私募证券投资基金B类份额,BSJ74B,上海百奕投资,,2026-02-27,,,,每周周二、周三,可临开赎回,0%,,持有期小于90天，赎回费率为 0.5%；持有期大等于90天，赎回费率为 0%,,无,,0.01,,0.02%,0.02%,20%,0-5亿元,P1014097
FOF底层、团队跟踪,磐松红利指数增强1号,SAGF05,磐松红利指数增强1号私募证券投资基金,SAGF05,上海磐松,,2024-02-23,2024-03-06,华泰证券股份有限公司,,每个交易日,否,0%,5万元起,持有期小于90天，赎回费率为1%；持有期大等于90天且小于180天，赎回费率为0.5%；持有期大等于180天且小于365天，赎回费率为0.25%；持有期大等于365天，赎回费率为0%,,无,,0.01,,0.02%,0.02%,不计提业绩报酬,100亿元以上,P1074204
FOF底层、团队跟踪,铭跃行远均衡专享二号,SB6536,铭跃行远均衡专享二号私募证券投资基金,SB6536,上海铭跃,,2023-07-26,2023-08-08,中信证券股份有限公司,,每周三申赎,可临开赎回,1%,,0%,0.85,0,0.8,0.01,1%,0.01%,0.01%,"将根据委托人的期间年化收益率（R），0%以上且在15%以下（含）的部分按照20%的比例收取业绩报酬，对期间年化收益率在15%以上的部分按照50%的比例收取业绩报酬。
计提基准日：固定计提基准日（封闭期（若有）结束后的每年6月、12月的第4个周三）、除息日（若有）、赎回申请日和基金终止日 ",50-100亿元,P1073580
FOF底层、团队跟踪,衡颐嘉选1号,SBCE40,衡颐嘉选1号私募证券投资基金,SBCE40,上海衡颐资管,,2025-07-25,2025-07-30,国泰海通证券股份有限公司,,每周周一、周二,否,0%,,持有期小于90天，赎回费率为1%,,,,0.01,,,,单份额高水位法，计提比例30%,5-10亿元,P1026693
FOF底层、团队跟踪,沣跃通达云骥7号混合型,SBEN25,沣跃通达云骥7号混合型私募证券投资基金,SBEN25,北京沣跃,,2025-08-26,2025-09-25,国泰海通证券股份有限公司,,每周周四,可临开赎回,0%,,持有期小于 90 天，赎回费率为 1%；持有期大等于90天，赎回费率为 0%,,无,,0.01,,0.01%,0.01%,"计提基准为年化 3%。
计提基准日：投资者赎回日、分红权益登记日、基金清算日。
对超出业绩报酬计提基准的持有期差额收益按 20%比例进行计提。",5-10亿元,P1074579
FOF底层、团队跟踪,衡颐嘉选2号,SBLP24,衡颐嘉选2号私募证券投资基金,SBLP24,上海衡颐资管,,2025-12-10,2025-12-15,华泰证券股份有限公司,,每周周二、周三,否,0%,1万元的整数倍,持有期小等于90个自然日，赎回费率为0.5%；持有期大于90个自然日，赎回费率为0%,,,,0.01,,0.01％,0.01％,"计提方法：单人单笔高水位法；
计提基准日：基金份额持有人赎回申请日、基金清算日、财产分配权益登记日；
计提比例：对整体收益计提【40】%，计提后投资者到手收益率不低于6%。",5-10亿元,P1026693
FOF底层、团队跟踪,赢仕木盛1号,SBPV73,赢仕木盛1号私募证券投资基金,SBPV73,上海赢仕投资,,2026-01-27,2026-02-13,国泰海通证券股份有限公司,,每周周二、周三,可临开赎回,0%,,持有期小于 90 天，赎回费率为 1%；持有期大等于90 天，赎回费率为 0%,,无,,0.01,,0.015%,0.015%,对超过上次成功计提基准日基金份额累计净值部分按 35%比例进行计提,10-20亿元,P1028261
FOF底层、团队跟踪,立心学院菁英增强17号,SBSS95,立心学院菁英增强17号私募证券投资基金,SBSS95,青岛立心,,2026-03-12,2026-03-19,国泰海通证券股份有限公司,,每周周三、周四,否,1%,,持有期小于3个月，赎回费率为1.5%,,,,0.02,,0.01%,0.01%,20%,20-50亿元,P1066776
FOF底层、团队跟踪,钜融添宝20号,SNF018,钜融添宝20号私募证券投资基金,SNF018,中海外钜融资管,,2020-12-23,2020-12-23,国泰君安证券股份有限公司,,每周周二、周三,可临开赎回,0%,,0%,,无,,0.01,,0.02%,0.02%,业绩报酬基准6.0%，计提比例为 40%,10-20亿元,P1001037
FOF底层、团队跟踪,静瑞价值成长A类,SP145A,静瑞价值成长私募证券投资基金A类份额,SP145A,上海静瑞,,2021-09-16,2021-09-22,招商证券股份有限公司,,每个工作日（实际按要素表统一每周五开放）,否,0%,10万元,0%,,无,,0.01,,0.025%,0.025%,"业绩报酬的计算采取“单客户单笔份额高水位法”：业绩报酬提取时点分为固定时点提取、分红时提取、赎回时提取和合同终止时提取。固定时点提取是在每自然年度12月15日。在业绩报酬固定提取时点提取业绩报酬的，业绩报酬以扣减基金份额持有人份额的方式提取。
每个自然年度最多分配 1 次，分配方案由基金管理人拟定",50-100亿元,P1072080
FOF底层、团队跟踪,嘉鸿鲲鹏对冲二号,SQP359,嘉鸿鲲鹏对冲二号私募证券投资基金,SQP359,上海嘉鸿,,2021-05-11,2021-05-17,兴业证券股份有限公司,,每周周三,否,0%,,0%,,,,0.01,,0.025%,0.025%,当基金份额赎回、基金终止或分红时，管理人将提取赎回份额或分红份额当期收益的20%作为业绩报酬,50-100亿元,P1068812
FOF底层、团队跟踪,特夫郁金香全量化,SQX078,特夫郁金香全量化私募证券投资基金,SQX078,上海特夫,,2021-06-28,2021-07-08,华鑫证券有限责任公司,,每周一,否,1%，可免,,0,,无,,0,,0.025%,0.025%,30%,0-5亿元,P1026263
FOF底层、团队跟踪,古曲祥辰5号,SXN097,古曲祥辰5号私募证券投资基金,SXN097,上海古曲,,2022-10-28,2022-11-03,光大证券股份有限公司,,每个交易日,否,0%,10万元起,0%,,无,,0.015,,0.025%,0.025%,20%,5-10亿元,P1005787
FOF底层、团队跟踪,瀛岳核心A类,TA891A,瀛岳核心私募证券投资基金A类份额,TA891A,共青城瀛岳,,2021-11-08,2021-11-15,华泰证券股份有限公司,,定期，每周三,否,1%,,0%,,无,,0.01,,,,单客户高水位法   20%，每满6个月计提一次,5-10亿元,P1072644
FOF底层、团队跟踪,宁苑沛华稳定增长一号C类,TG733C,宁苑沛华稳定增长一号私募证券投资基金C类份额,TG733C,上海宁苑资管,,2021-11-29,2021-12-06,中信证券股份有限公司,,每日,可临开赎回,0%,无,新增投资者C类：少于24月，1%，归基金,,,,0.02,,0.03%,,20%,50-100亿元,P1018867
FOF底层、团队跟踪,天戈钻选CTA1号B类,VN917B,天戈钻选CTA1号私募证券投资基金B类份额,VN917B,上海天戈投资,,2022-06-17,2022-07-01,招商证券股份有限公司,,每自然周最后一个工作日,否,0%,1万元起,0%,,,,0.015,,0.015%,0.015%,超过 0%的收益部分提取 20%,5-10亿元,P1008509
FOF底层、团队跟踪,守正用奇龙珠专享1号A类,XR918A,守正用奇龙珠专享1号私募证券投资基金A类份额,XR918A,广州守正用奇,,2022-11-07,2022-11-10,招商证券股份有限公司,,申购开放日为每周二、周四；赎回开放日为每月的第一个周二、每年5月第一个工作日,否,1%,1万元起,持有期小于 3个月，赎回费率为1%；持有期大等于3 个月少于6 个月，赎回费率为0.5%；持有期大等于 6个月，赎回费率为0%,,无,0.75,0.01,,0.01%,0.01%,当基金份额赎回、基金终止或分红时，管理人将提取赎回份额或分红份额当期收益的20%作为业绩报酬。金额支付,20-50亿元,P1021611
团队跟踪,全天候新雨A类,03854A,全天候新雨私募证券投资基金A类份额,03854A,三亚清泉石,,2023-06-13,2023-06-19,中信证券股份有限公司,,,否,,,,,,,0,,,,,0-5亿元,P1074280
团队跟踪,卿云辰星壹期A类,09524A,卿云辰星壹期私募证券投资基金A类份额,09524A,卿云基金,,2023-06-28,2023-07-04,中信证券股份有限公司,,,否,,,,,,,0,,,,,0-5亿元,P1074414
团队跟踪,融昊青松CTA套利一号私募证券投资基金A类份额,09735A,融昊青松CTA套利一号私募证券投资基金A类份额,09735A,上海融昊投资,,2023-05-18,2023-05-23,招商证券股份有限公司,,每个自然月5号、6号、20号和21号,否,,1万元起,,0.88,,0.85,0,,0.005%,0.005%,,10-20亿元,P1007411
团队跟踪,融昊青松CTA套利一号B类,09735B,融昊青松CTA套利一号私募证券投资基金B类份额,09735B,上海融昊投资,,2023-05-18,2023-05-23,招商证券股份有限公司,,每个自然月5号、6号、20号、21号,可临开赎回,0,1万元起,M<1，1%；M≥1，0%，归基金管理人,0.88,,0.85,0.01,,0.005%,0.005%,"单个投资者单份额高水位法
A类：提取比例15%
B类：提取比例20%",10-20亿元,P1007411
团队跟踪,富善投资金选CTA1号B类,09885B,富善投资金选CTA1号私募证券投资基金B类份额,09885B,上海富善投资,,2023-05-23,2023-05-23,招商证券股份有限公司,,每自然月第10个自然日为开放日。如该对应日为非工作日，则开放日为该日后的第一个工作日。,可临开申购,,每次追加申购的最低金额为10万元人民币。,,,成立后180天（已结束）。,,0,,0.025%/年,0.025%/年,,5-10亿元,P1000712
团队跟踪,泓湖稳健宏观对冲私募证券投资基金A类份额,28048A,泓湖稳健宏观对冲私募证券投资基金A类份额,28048A,上海泓湖,,2015-04-16,2015-04-24,中信证券股份有限公司,,每个工作日,否,,,,0.92,无,,0,,0.05%,0.05%,,100亿元以上,P1000395
团队跟踪,泓湖稳健宏观对冲私募证券投资基金B类份额,28048B,泓湖稳健宏观对冲私募证券投资基金B类份额,28048B,上海泓湖,,2015-04-16,2015-04-24,中信证券股份有限公司,,每周五开放申赎,否,0%,,持有期小于90天，赎回费率为0.5%；持有期大等于90天，赎回费率为0%,0.92,无,,0.01,,0.05%,0.05%,单客户高水位法，赎回、分红、清盘收取，计提比例18%,100亿元以上,P1000395
团队跟踪,瑞倍高森5号私募证券投资基金C类份额,83053C,瑞倍高森5号私募证券投资基金C类份额,83053C,宁波瑞倍,,2015-11-23,2015-11-26,招商证券股份有限公司,,每天开放申购，每周一、三、五开放赎回,否,0%,1万元起,持有期小于 90 个自然日，赎回费率 1%；持有期大等于 90个自然日，赎回费率 0%,,无,,0.009,,0.01%,0.01%,18%,10-20亿元,P1010568
团队跟踪,博孚利聚强1号证券投资基金A类份额,84080A,博孚利聚强1号证券投资基金A类份额,84080A,厦门博孚利资管,,2015-12-22,0000-00-00,中信证券股份有限公司,,每周周五、每年12月15日,可临开赎回,1%,不少于 10 万元,持有期小于365天，赎回费率1%；持有期大等于365天，赎回费率0%,0.75,无,0.7,0.01,,0.02%,0.02%,"R<=7%，不收取业绩报酬；R>7%部分，收取15%。
业绩基准日：每年12月15日。",50-100亿元,P1023120
团队跟踪,博孚利聚强1号证券投资基金B类份额,84080B,博孚利聚强1号证券投资基金B类份额,84080B,厦门博孚利资管,,2015-12-22,0000-00-00,中信证券股份有限公司,,每周周五、每年12月15日,可临开赎回,0%,不少于 10 万元,0%,0.75,无,0.7,0,,0.02%,0.02%,不计提业绩报酬。,50-100亿元,P1023120
团队跟踪,华泰资产德林2号资产管理产品,990446,华泰资产德林2号资产管理产品,990446,华泰资管,,2024-07-30,2024-07-30,兴业银行股份有限公司,,,否,,,,,,,0,,,,,,
团队跟踪,倍致新业盈丰B类,AAA68B,倍致新业盈丰私募证券投资基金B类份额,AAA68B,杭州倍致,,2023-08-28,,国泰君安证券股份有限公司,,每个交易日,否,1%,,"持有期小于180天，赎回费率为 2%；持有期大等于180天及但小于360天
，赎回费率为1%；持有期大等于360天，赎回费率为0%",0.75,无,0.7,0.01,,0.02%,0.02%,对超过上次成功计提基准日各类别基金份额累计净值部分按16%的比例进行计提,50-100亿元,P1073143
团队跟踪,和聚世然1期私募证券投资基金C类份额,AAD80C,和聚世然1期私募证券投资基金C类份额,AAD80C,北京和聚,,2023-08-31,2023-09-11,国泰君安证券股份有限公司,,每个交易日,否,,,,,,,0,,0.025%/年,0.025%/年,,10-20亿元,P1000273
团队跟踪,添禄投资添增2000二号私募证券投资基金C类份额,AAK83C,添禄投资添增2000二号私募证券投资基金C类份额,AAK83C,上海添禄投资,,2026-04-30,2026-05-08,中信证券股份有限公司,,每个自然周的前两个工作日,可临开赎回,1%（可免）,,本基金份额持有期低于3个月（不含）的赎回费率为0.5%，基金份额持有期在3个月及以上的赎回费率为0%。 基金赎回费全部归入基金资产且不得减免。,,无,,0.01,,0.01%,0.01%,管理人将根据委托人每笔投资的期间年化收益率（R）超过同期中证2000指数（简称对标指数，代码：932000.CSI）收益率（Rzs）的部分与0%进行比较，当R-Rzs大于0%且R>0%时，按照R超过该期间对标指数收益率部分的比例18%计提业绩报酬，且计提业绩报酬之后该笔份额不得产生亏损。,20-50亿元,P1064139
团队跟踪,沁鸿臻选私募证券投资基金A类份额,AAM49A,沁鸿臻选私募证券投资基金A类份额,AAM49A,海南臻选,,2023-09-05,2023-09-18,中信证券股份有限公司,,,否,,,,,,,0,,,,,5-10亿元,P1072693
团队跟踪,子午1000气囊指数增强五号B类,AAQ56B,子午1000气囊指数增强五号私募证券投资基金B类份额,AAQ56B,上海子午投资,,2023-09-15,2023-09-15,招商证券股份有限公司,,每自然月第10个自然日为开放日。如该对应日为非工作日，则开放日为该日后的第一个工作日。,可临开申购,,每次追加申购的最低金额为10万元人民币。,,0.8,成立后180天（已结束）。,0.75,0,,0.025%/年,0.025%/年,,100亿元以上,P1010078
团队跟踪,正定中证500指数增强1号私募证券投资基金B类份额,AAT35B,正定中证500指数增强1号私募证券投资基金B类份额,AAT35B,北京正定,,2023-09-14,2023-09-20,国泰君安证券股份有限公司,,,否,,,,,,,0,,,,,100亿元以上,P1073791
团队跟踪,正定中证1000指数增强1号私募证券投资基金B类份额,AAT36B,正定中证1000指数增强1号私募证券投资基金B类份额,AAT36B,北京正定,,2023-10-27,2023-11-01,国泰君安证券股份有限公司,,,否,,,,,,,0.01,,,,,100亿元以上,P1073791
团队跟踪,宁水国债宝2号一期私募证券投资基金A类份额,AAV43A,宁水国债宝2号一期私募证券投资基金A类份额,AAV43A,厦门宁水,,2023-09-05,2023-09-14,中信证券股份有限公司,,,否,,,,,,,0,,,,,20-50亿元,P1066639
团队跟踪,宁水国债宝2号一期私募证券投资基金B类份额,AAV43B,宁水国债宝2号一期私募证券投资基金B类份额,AAV43B,厦门宁水,,2023-09-05,2023-09-14,中信证券股份有限公司,,每周二、四,否,1%,首次申购金额应不低于100万元人民币（不含申购费）且符合合格投资 者标准，在开放日内追加申购的，每次追加申购的金额不设限制。,无,,无,,0.01,A类份额1.5%/年， B类份额1%；C类份额0%,0.01%,0.01%,"本基金的业绩报酬在业绩报酬计提基准日（【除息日（若有）、赎回申
请日和基金终止日】）提取，基金管理人对A类基金份额持有人的收益
部分提取【20】%作为业绩报酬，对B类基金份额持有人的收益部分提取
【16】%作为业绩报酬。",20-50亿元,P1066639
团队跟踪,宁水国债宝2号一期私募证券投资基金C类份额,AAV43C,宁水国债宝2号一期私募证券投资基金C类份额,AAV43C,厦门宁水,,2023-09-05,2023-09-14,中信证券股份有限公司,,,否,,,,,,,0,,,,,20-50亿元,P1066639
团队跟踪,鲁民投中证500指数增强二号私募证券投资基金A类份额,AAV96A,鲁民投中证500指数增强二号私募证券投资基金A类份额,AAV96A,鲁民投基金,,2023-09-07,2023-09-07,华鑫证券有限责任公司,,,否,,,,,,,0,,,,,100亿元以上,P1069017
团队跟踪,鲁民投中证500指数增强二号私募证券投资基金B类份额,AAV96B,鲁民投中证500指数增强二号私募证券投资基金B类份额,AAV96B,鲁民投基金,,2023-09-07,2023-09-07,华鑫证券有限责任公司,,,否,,,,,,,0,,,,,100亿元以上,P1069017
团队跟踪,量道行远3号私募证券投资基金A类份额,AAW78A,量道行远3号私募证券投资基金A类份额,AAW78A,深圳量道投资,,2023-09-07,2023-09-12,兴业证券股份有限公司,,每个开放日,否,0,1,<180天为1%，>=180天为0%,0.7,,0.6,0.01,,0.015%/年,0.015%/年,"1）采用单个投资者单笔高水位净值法，计提比例20%；
2）计提时点为赎回日、基金终止日、分红日、固定结算日（每年12月第4个周五）",100亿元以上,P1016658
团队跟踪,锋滔多空对冲5号私募证券投资基金A类份额,AAY91A,锋滔多空对冲5号私募证券投资基金A类份额,AAY91A,上海锋滔资管,,2023-09-08,2023-09-22,华泰证券股份有限公司,,每个交易日,否,1%,,持有期小于180天，赎回费率为1%；持有期大等于180天，赎回费率为0%,,无,,0.015,,0.02%,0.02%,18%(固定时点是指基金成立后每年6月及12月最后一个交易曰),0-5亿元,P1007210
团队跟踪,锦徽乐水2号私募证券投资基金A类份额,AAZ62A,锦徽乐水2号私募证券投资基金A类份额,AAZ62A,上海锦徽,,2023-09-11,2023-09-14,国泰君安证券股份有限公司,,每周周一、周三、周五,否,0%,,0%,,无,,0.01,,0.01%,0.01%,单笔份额高水位净值法，赎回、分红、清算日计提，对基金资产增值部分按【20】%比例进行计提,5-10亿元,P1074392
团队跟踪,半鞅量化多空1号B类,ABG12B,半鞅量化多空1号私募证券投资基金B类份额,ABG12B,半鞅基金,,2023-09-25,2023-09-28,中信证券股份有限公司,,,否,,,,,,,0,,,,,100亿元以上,P1072919
团队跟踪,金麦穗金秋稳健一号私募证券投资基金B类份额,ABG50B,金麦穗金秋稳健一号私募证券投资基金B类份额,ABG50B,山东金麦穗,,2023-10-23,2023-11-07,华泰证券股份有限公司,,"申购：每日
赎回：每周第二个交易日",否,免,,免,0.95,无,0.9,0.01,免1%申购费、免180天0.3%赎回费（口头）,0.01%,0.01%,20%,0-5亿元,P1023272
团队跟踪,峰云汇高原一号私募证券投资基金B类份额,ABH69B,峰云汇高原一号私募证券投资基金B类份额,ABH69B,深圳峰云汇,,2026-04-20,,,,每周周二、周三,可临开赎回,0%,,持有期小于3个月，赎回费率为0.75%；持有期大等于3个月，赎回费率为0%,,无,,0.015,,0.01%,0.01%,30%,0-5亿元,P1064776
团队跟踪,博孚利涵盈19号私募证券投资基金A类份额,ABQ22A,博孚利涵盈19号私募证券投资基金A类份额,ABQ22A,厦门博孚利资管,,2023-11-03,,安信证券股份有限公司,,每个工作日,否,,1万元起,,0.97,无,0.95,0,,0.035%,0.015%,,50-100亿元,P1023120
团队跟踪,博孚利涵盈19号私募证券投资基金B类份额,ABQ22B,博孚利涵盈19号私募证券投资基金B类份额,ABQ22B,厦门博孚利资管,,2023-11-03,,安信证券股份有限公司,,每个工作日,否,,1万元起,,0.97,无,0.95,0,,0.035%,0.015%,,50-100亿元,P1023120
团队跟踪,量道cta致远1号私募证券投资基金A类份额,ABQ52A,量道cta致远1号私募证券投资基金A类份额,ABQ52A,深圳量道投资,,2023-10-12,2023-10-23,兴业证券股份有限公司,,每个开放日,否,1%,1 万元的整数倍,1%,,无,,0.01,,0.01％/年,0.01％/年,"计提方法：单个投资者单笔高水位净值法
计提基准日：赎回申请日、基金清算日、财产分配权益登记日、固定结算日（每自然年度6月最后一个交易日。）
计提比例：20%",100亿元以上,P1016658
团队跟踪,万维股票对冲5号B类,ABT64B,万维股票对冲5号私募证券投资基金B类份额,ABT64B,深圳万维,,2023-10-19,2023-10-19,国泰君安证券股份有限公司,,每周周五,否,0%,,0%,,无,,0.015,,0.01%,0.01%,"当0%＜R-B≤15%时，对超出业绩报酬计提基准部分提取20%的业绩报酬，即E=K×T1×（R-B）×T/365×20%；
当15%＜R-B时，对超出业绩报酬计提基准部分分段提取20%和30%的业绩报酬，即E=K×T1×0.15×T/365×20%+K×T1×（R-B-0.15）×T/365×30%；
当R-B ≤0%时，不提取业绩报酬。",0-5亿元,P1002875
团队跟踪,辰元贝塔3号私募证券投资基金B类份额,ABU65B,辰元贝塔3号私募证券投资基金B类份额,ABU65B,广东辰元,,2023-09-27,2023-09-28,招商证券股份有限公司,,每周周一、周二、周四和周五,可临开赎回,0%,,1%,0.65,无,0.6,0,,0.015%,0.015%,20%,20-50亿元,P1074301
团队跟踪,辰元贝塔3号私募证券投资基金D类份额,ABU65D,辰元贝塔3号私募证券投资基金D类份额,ABU65D,广东辰元,,2023-09-27,2023-09-28,招商证券股份有限公司,,每周周一、周二、周四和周五,可临开赎回,0%,,1%,0.65,无,0.6,0.01,,0.015%,0.015%,20%,20-50亿元,P1074301
团队跟踪,量道追风1号A类,ABX12A,量道追风1号私夏证券投资基全A类份额,ABX12A,深圳量道投资,,2023-11-02,2023-11-02,兴业证券股份有限公司,,每个交易日,否,1%,1 万元的整数倍,<90天为0.5%，>=90天为0%，赎回费不得减免，归基金资产,,无,,0.01,,0.015%/年,0.015%/年,"计提方式：单客户单笔份额高水位法
计提时点：赎回日、财产分配权益登记日、基金终止日
计提比例：18%",100亿元以上,P1016658
团队跟踪,量道追风1号私募证券投资基金B类份额,ABX12B,量道追风1号私募证券投资基金B类份额,ABX12B,深圳量道投资,,2023-11-02,2023-11-07,兴业证券股份有限公司,,,否,,,,,,,0,,,,,100亿元以上,P1016658
团队跟踪,宽德沪深300指数增强15号私募证券投资基金A类份额,ACB85A,宽德沪深300指数增强15号私募证券投资基金A类份额,ACB85A,上海宽德,,2023-11-15,2023-11-20,财通证券股份有限公司,,,否,,,,,,,0,,,,,100亿元以上,P1005623
团队跟踪,锐泽若水1号A类,ACF37A,锐泽若水1号私募证券投资基金A类份额,ACF37A,杭州锐泽,,2023-10-17,2023-11-01,华泰证券股份有限公司,,每个工作日,可临开赎回,0%,每次追加申购的金额应不低于1万元人民币（不含申购费）,D<180 天：1%；D≥180天：0%,,无,,0.01,每日计提，按自然季支付,0.01%/年,0.01%/年,"业绩报酬：20.0%（绝对收益）
收取，提取比例20%
计算方式：单个投资者单份额高水位法
提取时点：基金收益分配、基金份额持有人赎回、基金终止
连续两次计提间隔期不应短于6个月（赎回和终止时除外）
赎回从赎回资金中扣除；收益分配从分配资金中扣除；终止从清算资金中扣除",10-20亿元,P1074623
团队跟踪,锐泽若水1号私募证券投资基金B类份额,ACF37B,锐泽若水1号私募证券投资基金B类份额,ACF37B,杭州锐泽,,2023-10-17,2023-11-01,华泰证券股份有限公司,,每个工作日,否,,,,,无,,0,,0.01%,0.01%,,10-20亿元,P1074623
团队跟踪,千衍六贞1号私募证券投资基金B类份额,ACG52B,千衍六贞1号私募证券投资基金B类份额,ACG52B,上海千衍,,2023-10-23,2023-10-26,国泰君安证券股份有限公司,,"申购：每日
赎回：每周三",否,0%,以1万元递增,"少于180天,1%",,0,,0.01,,0.025%,0.025%,16%,100亿元以上,P1009640
团队跟踪,衍复小市值指数增强二号私募证券投资基金A类份额,ACH48A,衍复小市值指数增强二号私募证券投资基金A类份额,ACH48A,上海衍复投资,,2023-10-25,2023-10-30,招商证券股份有限公司,,每周周一,否,,,,,,,0,,0.015%,,,100亿元以上,P1070325
团队跟踪,衍复小市值指数增强二号私募证券投资基金B类份额,ACH48B,衍复小市值指数增强二号私募证券投资基金B类份额,ACH48B,上海衍复投资,,2023-10-25,2023-10-30,招商证券股份有限公司,,每周周四,否,0%,,持有期小于12个月，赎回费率为1%；持有期大等于12个月，赎回费率为0%,,,,0.01,（服务费：0.015%）,0.015%,,当 R>0％时，对超过 0%的收益部分提取 20%的业绩报酬,100亿元以上,P1070325
团队跟踪,锐泽长风1号私募证券投资基金A类份额,ACK14A,锐泽长风1号私募证券投资基金A类份额,ACK14A,杭州锐泽,,2023-11-06,2023-11-09,华泰证券股份有限公司,,每个交易日,否,0%,不低于 1 万元,持有期小于180天，赎回费率为1%；持有期大等于180天，赎回费率为0%,,无,,0.01,,0.01%,基金服务费0.01%,采取“单客户单笔份额高水位法”：当基金份额赎回、基金终止或分红时，管理人将提取赎回份额或分红份额当期收益的20%作为业绩报酬。,10-20亿元,P1074623
团队跟踪,明实美而好1号私募证券投资基金A类份额,ACR99A,明实美而好1号私募证券投资基金A类份额,ACR99A,平潭明实,,2023-11-20,,国金证券股份有限公司,,每周周一、周三、周五,否,0%,1万元起,0%,,,,0.008,行政服务费：0.1%,0.1%,,"当 Ri,j≤【0%】时，不计提业绩报酬；
当 Ri,j＞【0%】时，基金管理人对期间实际收益率超过【0%】的部分提取5%作为业绩报酬",0-5亿元,P1063118
团队跟踪,敦和芝诺多资产量化1号私募证券投资基金A类份额,ACS06A,敦和芝诺多资产量化1号私募证券投资基金A类份额,ACS06A,敦和资管,,2023-11-10,2023-11-13,中信证券股份有限公司,,每周周二,否,,10万元起,,,无,,0.015,,0.015%,0.015%,采用单个投资者单笔投资高水位净值法，A类份额：持有人赎回、基金分红或终止清时，基金管理人对超过上一次成功计提业绩报酬日A类基金份额累计净值部分按20%比例提取业绩报酬。,100亿元以上,P1000501
团队跟踪,微观博易-宝途二号私募证券投资基金A类份额,ACS58A,微观博易-宝途二号私募证券投资基金A类份额,ACS58A,北京微观博易,,2024-01-19,2024-01-24,财通证券股份有限公司,,,否,,,,,,,0,,,,,100亿元以上,P1031932
团队跟踪,微观博易-宝途二号私募证券投资基金B类份额,ACS58B,微观博易-宝途二号私募证券投资基金B类份额,ACS58B,北京微观博易,,2024-01-19,2024-01-24,财通证券股份有限公司,,,否,,,,,,,0,,,,,100亿元以上,P1031932
团队跟踪,君得安星牛1号B类,ACZ75B,君得安星牛1号私募证券投资基金B类份额,ACZ75B,上海富善投资,,2023-11-03,2023-11-08,国泰君安证券股份有限公司,,每周周二、周三,否,0%,,持有期小于90天，赎回费率为0.8%；持有期大等于90天，赎回费率为0%,,,,0.008,,0.1%/年,0.1%/年,"计提基准(B)=年化收益5%，持有期年化收益（R)
持有期年化收益（R)≤5%，0%
0%＜R-B≤25%，10%
R-B＞25%，25%以内计提10%，25%以上计提30%",5-10亿元,P1000712
团队跟踪,半鞅CTA尊享1号私募证券投资基金B类份额,ADD00B,半鞅CTA尊享1号私募证券投资基金B类份额,ADD00B,半鞅基金,,2023-11-15,2023-11-20,国泰君安证券股份有限公司,,日开,否,0%,,<180 1%; <360 0.5%,,,,0.01,,0.01%,,,100亿元以上,P1072919
团队跟踪,双安优选2号私募证券投资基金B类份额,ADD39B,双安优选2号私募证券投资基金B类份额,ADD39B,南京双安资管,,2023-11-14,2023-11-14,华泰证券股份有限公司,,,否,,,,,,,0,,,,,100亿元以上,P1007860
团队跟踪,宽辅专享2号私募证券投资基金A类份额,ADD57A,宽辅专享2号私募证券投资基金A类份额,ADD57A,海南宽辅,,2023-11-14,2023-11-20,广发证券股份有限公司,,,否,,,,,,,0,,,,,10-20亿元,P1074464
团队跟踪,德粤天成CTA锐进一号私募证券投资基金C类份额,ADR33C,德粤天成CTA锐进一号私募证券投资基金C类份额,ADR33C,广东德粤赑鑫,,2023-12-01,2023-12-07,中信证券股份有限公司,,,否,,,,,,,0,,,,,0-5亿元,P1024911
团队跟踪,泰舜中证500指数增强9期私募证券投资基金A类份额,ADR68A,泰舜中证500指数增强9期私募证券投资基金A类份额,ADR68A,北京泰舜资管,,2023-12-01,,长江证券股份有限公司,,申购开放日为每周周二、周四，赎回开放日为每月10、25日,否,1%,1万元起,持有期小于365天，赎回费率为1%；持有期大等于365天，赎回费率为0%。,0.8,,,0.02,,0.01%,0.01%,"采取“单人单笔高水位法”，对超过上次成功计提基准日的基金份额累计净值部分按计提比例20%进行计提。
计提基准日：投资者赎回日、分红权益登记日、基金终止日",5-10亿元,P1061472
团队跟踪,顽岩中证1000指数增强1号私募证券投资基金A类份额,ADU67A,顽岩中证1000指数增强1号私募证券投资基金A类份额,ADU67A,上海顽岩,,2023-11-24,2023-11-29,国泰君安证券股份有限公司,,申购：每个工作日；  赎回：每周三，非交易日顺延 下一工作日,否,0%,1万元起,持有期小于12个月，赎回费率为1%；持有期大等于12个月，赎回费率为0%,,无,,0.01,,0.025%,0.025%,采用单人单笔高水位法，业绩报酬的计提基准日：投资者赎回日、固定日（每年 5 月和 11 月的第二个周五，顺延）、分红权益登记日、基金清算日。按照对标中证 1000 指数业绩基准超额部分计提20%,100亿元以上,P1034708
团队跟踪,青琰琰海二号私募证券投资基金A类份额,AEK26A,青琰琰海二号私募证券投资基金A类份额,AEK26A,上海青琰,,2023-12-19,2023-12-26,中信证券股份有限公司,,每周周一、周三，每个自然季度末月（即3月、6月、9月、12月）最后一个工作日,否,,,,0.9,无,0.8,0,,0.01%,0.01%,,20-50亿元,P1073943
团队跟踪,昭融行稳3号私募证券投资基金A类份额,AET78A,昭融行稳3号私募证券投资基金A类份额,AET78A,武汉昭融汇利,,2023-12-21,2024-01-23,国泰君安证券股份有限公司,,,否,,,,,,,0,,,,,50-100亿元,P1010330
团队跟踪,量派CTA一号私募证券投资基金A类份额,AET98A,量派CTA一号私募证券投资基金A类份额,AET98A,上海量派投资,,2024-01-03,2024-01-08,招商证券股份有限公司,,,否,,,,,,,0,,,,,100亿元以上,P1071253
团队跟踪,嘉鸿璞真-聚配3号B类,AEU36B,嘉鸿璞真-聚配3号私募证券投资基金B类份额,AEU36B,上海嘉鸿,,2023-12-12,2024-01-02,兴业证券股份有限公司,,"本基金自成立之日起每周三,每周四开放申购和赎回（遇非交易日顺延至本周的下一个交易日，如本次顺延后与下一次开放日重叠，则两次开放日合并为一次，不再继续顺延。若本周无交易日可顺延，则不再顺延至下周，即本周不进行开放）。",可临开赎回,0,每次追加认购金额（含认购费）不少于 1 万元人民币,0，归管理人/募集机构,0.92,-,0.9,0.01,1%,0.025%,0.025%,若单位份额年化收益率R小于或等于8%时，管理人不提取业绩报酬；若单位份额年化收益率R大于8%，管理人对全部正收益提取50%作为业绩报酬，实际提取值以期间B类单笔份额对应年化收益率8%以上盈利部分为限（业绩报酬计提后该笔份额年化收益不低于8%）,50-100亿元,P1068812
团队跟踪,骅逸永兴-千里2号私募证券投资基金B类份额,AEU61B,骅逸永兴-千里2号私募证券投资基金B类份额,AEU61B,厦门骅逸永兴资管,,2023-12-13,2023-12-28,兴业证券股份有限公司,,,否,,,,,,,0,,,,,0-5亿元,P1061911
团队跟踪,宝荟航翔私募证券投资基金C类份额,AEW73C,宝荟航翔私募证券投资基金C类份额,AEW73C,上海宝荟投资,,2023-12-21,2023-12-25,招商证券股份有限公司,,,否,,,,,,,0,,,,,10-20亿元,P1002428
团队跟踪,榕树海有容1号私募证券投资基金A类份额,AFB82A,榕树海有容1号私募证券投资基金A类份额,AFB82A,珠海榕树海,,2024-01-04,2024-01-11,国泰君安证券股份有限公司,,每月6、16、26日,否,0,,0,,无,,0.01,（口头）首批存续份额A类（24年6月26日以1.0479申购的1300万元），直接免除业绩报酬、水下收取的管理费返还给管理人。,0.02%,0.02%,存量份额A类：15％,20-50亿元,P1074726
团队跟踪,均成均享1号私募证券投资基金B类份额,AFG53B,均成均享1号私募证券投资基金B类份额,AFG53B,广东横琴均成,,2024-06-28,2024-07-19,国泰君安证券股份有限公司,,每个交易日,否,,,0%,,无,,0.012,,0.025%,0.025%,单人单笔高水位，计提比例20%。,50-100亿元,P1061222
团队跟踪,孝庸魔方汇股票优选一号B类,AFK11B,孝庸魔方汇股票优选一号私募证券投资基金B类份额,AFK11B,上海孝庸,,2023-12-29,2023-12-29,招商证券股份有限公司,,金固定开放日为每周四和每周五（遇法定节假日均顺延至下一工作日，如顺延至同 一工作日，则上述重合的开放日只开放一个工作日；如本周无下一个工作日的，则本周无开 放日）。,可临开赎回,"A:0%,B:0%,C:1%,D:0%",应不低于 1 万元人民币（不 含申购费）。,"A/D:0%,B/C类：6个月内赎回费1%；",,无,,0.01,"A：0%，管理人及其管理或投顾的产品；B：1%，除A,C,D之外的其他合格投资人；C：2%，代销募集的合格投资者；D：1%，管理人员工",0.01%,0.01%,"A:0%,B:20%,C:20%,D:16%；业绩报酬提取时点分为固定时点提取、分红时提取、赎回时提取和合同终止时提取。固定时点提取是在每自然年度 1 月最后一个固定开放日。",100亿元以上,P1031310
团队跟踪,孝庸中证500指增1号B类,AFL33B,孝庸中证500指增1号私募证券投资基金B类份额,AFL33B,上海孝庸,,2023-12-28,2023-12-28,招商证券股份有限公司,,本基金开放日为每周四及其下一个工作日（遇法定节假日同步往后顺延，但不顺延至下 一周）。,否,A 类、B 类、D 类不收取申购费，C 类申购费率为 1%,,基金份额持有时间少于 3 个月，赎回费率 X%；若基金份额持有时间大于等于 3 个月 但少于 12 个月，赎回费率 Y%；若基金份额持有时间大于等于 12 个月，赎回费率 0%。,,,,0.01,A 类份额 0% B 类份额 1% C 类份额 2% D 类份额 1%,0.01%,,"A 类份额 0
B 类份额 20
C 类份额 20
D 类份额 16",100亿元以上,P1031310
团队跟踪,澜音宏观全天候3号私募证券投资基金C类份额,AFN93C,澜音宏观全天候3号私募证券投资基金C类份额,AFN93C,上海澜音,,2024-03-26,2024-04-03,中信证券股份有限公司,,,否,,,,,,,0,,,,,0-5亿元,P1072826
团队跟踪,珠熙稳健多策略1号私募证券投资基金A类份额,AFS58A,珠熙稳健多策略1号私募证券投资基金A类份额,AFS58A,上海珠熙,,2024-01-24,2024-02-02,海通证券股份有限公司,,,否,,,,,,,0,,,,,0-5亿元,P1074737
团队跟踪,玉数涵瑞专享二十号私募证券投资基金A类份额,AFS80A,玉数涵瑞专享二十号私募证券投资基金A类份额,AFS80A,上海玉数投资,,2024-02-05,2024-02-05,东方证券股份有限公司,,,否,,,,,,,0,,,,,10-20亿元,P1065673
团队跟踪,申毅惟精量化1号私募证券投资基金A类份额,AGB81A,申毅惟精量化1号私募证券投资基金A类份额,AGB81A,上海申毅投资,,2024-11-29,2024-12-04,中信证券股份有限公司,,,否,,,,,,,0,,,,,100亿元以上,P1000404
团队跟踪,弈倍量化选股进取3号私募证券投资基金A类份额,AGJ26A,弈倍量化选股进取3号私募证券投资基金A类份额,AGJ26A,上海弈倍,,2024-02-01,2024-02-01,华泰证券股份有限公司,,每周周一、周二,可临开赎回,0%,,持有期小于180天，赎回费率为0.5%；持有期大等于180天，赎回费率为0%,,,,0.01,,0.015%,0.015%,20%,20-50亿元,P1061585
团队跟踪,榕树海科创精选1号私募证券投资基金A类份额,AGP62A,榕树海科创精选1号私募证券投资基金A类份额,AGP62A,珠海榕树海,,2024-02-27,2024-03-05,国泰君安证券股份有限公司,,每个交易日,否,0.5%,,0%,,无,,0.01,,0.01%,0.01%,不计提业绩报酬,20-50亿元,P1074726
团队跟踪,慕途稳健3号A类,AGS00A,慕途稳健3号私募证券投资基金A类份额,AGS00A,慕途基金,,2024-03-04,2024-03-08,国泰君安证券股份有限公司,,每周周五，如遇非交易日，则顺延至下一交易日。 ,否,0%,,持有期小于90天，赎回费率为1%；持有期大等于90天，赎回费率为 0%,0.95,无,0.92,0.01,,0.015%,0.015%,持有期的年化收益率（R）与计提基准的差额（即 R-B）高于 0%但低于或等于 20%的，业绩报酬计提比例为 20%；（R-B）高于 20%但低于或等于 30%的，业绩报酬计提比例按照 20%和 30%分段计算；（R-B）高于 30%但低于或等于 40%的，业绩报酬计提比例按照 20%、30%和 40%分段计算；（R-B）高于 40%的，业绩报酬计提比例按照 20%、30%、40%和 50%分段计算,10-20亿元,P1073298
团队跟踪,巨量均衡中证现金流增强一号私募证券投资基金B类份额,AGT56B,巨量均衡中证现金流增强一号私募证券投资基金B类份额,AGT56B,珠海巨量均衡,,2026-05-18,,,,每周周三、周四,可临开赎回,,,,,无,,0,,0.015%,0.015%,,5-10亿元,P1072577
团队跟踪,半鞅省心享稳泰灵活对冲1号B类,AGU65B,半鞅省心享稳泰灵活对冲1号私募证券投资基金B类份额,AGU65B,半鞅基金,,2024-03-07,2024-03-28,华泰证券股份有限公司,,申购开放日为每个交易日，赎回开放日为每周三（赎回需提前5个交易日申请）,否,0%,,0%,,,,0.01,,0.01%,0.01%,"计提比例：16%
计提方式：单客户高水位法",100亿元以上,P1072919
团队跟踪,和美水豚灵活对冲1号A类,AGW50A,和美水豚灵活对冲1号私募证券投资基金A类份额,AGW50A,和美资本,,2024-04-01,2024-04-01,中信证券股份有限公司,,每周周三,可临开赎回,0%,,0%,,,,0.015,,0.01%,0.01%,30%,20-50亿元,P1004868
团队跟踪,量道翼风杠铃1号私募证券投资基金B类份额,AHA80B,量道翼风杠铃1号私募证券投资基金B类份额,AHA80B,深圳量道投资,,2024-03-08,,华泰证券股份有限公司,,每个交易日,否,0,1 万元的整数倍,持有期小于180天，赎回费率为1%；持有期大等于180天，赎回费率为0%,,无,,0.01,,0.02%/年,0.02%/年,"计提方式：单客户单笔份额高水位法
计提时点：赎回日、分红日、基金终止日
计提比例：18%",100亿元以上,P1016658
团队跟踪,元图中证1000指数增强5号A类,AHM44A,元图中证1000指数增强5号私募证券投资基金A类份额,AHM44A,上海元图,,2024-03-29,2024-04-08,国泰君安证券股份有限公司,,每个交易日,否,,10万元起,,0.92,,0.9,0,,0.01%,0.01%,,20-50亿元,P1074338
团队跟踪,珠熙宏观对冲1号A类,AHP83A,珠熙宏观对冲1号私募证券投资基金A类份额,AHP83A,上海珠熙,,2024-03-11,2024-03-28,海通证券股份有限公司,,每周周五（如遇非工作日，则提前至上一工作日）,可临开赎回,0.50%,首次申购不低于100万元，追加申购不低于10万元,0,,无,,0.002,1.5%/年,0.0075%/年，以前一日基金资产净值每日计提，按月支付,0.0075%/年，以前一日基金资产净值每日计提，按月支付,计提基准：高水位法（累计净值创新高）提取比例：A类份额 50%计提时点：赎回、分红、基金终止时，连续两次计提间隔≥6个月（分红提取时适用）,0-5亿元,P1074737
团队跟踪,海楚多元稳进B类,AHU65B,海楚多元稳进私募证券投资基金B类份额,AHU65B,上海海楚资管,,2024-03-21,2024-06-24,国泰君安证券股份有限公司,,每周一、周二,否,0,1万起,0,,无,,0.01,1%/年,0.015%,0.015%,15%,10-20亿元,P1026876
团队跟踪,正定中证500指数增强2号B类,AHV52B,正定中证500指数增强2号私募证券投资基金B类份额,AHV52B,北京正定,,2024-03-20,2024-03-25,中信证券股份有限公司,,每个工作日,否,,,持有期小于180天，赎回费率为1%；持有期大等于180天且小于360天，赎回费率为0.5%；持有期大等于365天，赎回费率为0%,,无,,0.01,,0.015%,0.015%,管理人将委托人每笔投资份额的期间实际收益率（R）与观测期间中证500指数（简称对标指数）实际收益率（Rzs）进行比较，对该期间R超过观测期间Rzs以上的部分按照【20】%的比例收取业绩报酬。,100亿元以上,P1073791
团队跟踪,哲萌进取3号私募证券投资基金A类份额,AHY51A,哲萌进取3号私募证券投资基金A类份额,AHY51A,杭州哲萌投资,,2024-04-01,2024-04-02,华泰证券股份有限公司,,,否,,,,,,,0,,,,,20-50亿元,P1062570
团队跟踪,文多文睿五期私募证券投资基金B类份额,AJE03B,文多文睿五期私募证券投资基金B类份额,AJE03B,上海文多资产,,2024-04-29,2024-04-29,国泰君安证券股份有限公司,,,否,,,,,,,0,,,,,10-20亿元,P1027295
团队跟踪,捷荆天策启航1号私募证券投资基金A类份额,AJF22A,捷荆天策启航1号私募证券投资基金A类份额,AJF22A,浙江捷荆,,2024-04-03,2024-04-09,国泰君安证券股份有限公司,,每周第1个自然日,否,0%,,0%,0.95,无,0.9,0.005,,,,10%,0-5亿元,P1065132
团队跟踪,永利明畔1号A类,AJH13A,永利明畔1号私募证券投资基金A类份额,AJH13A,浙江钱唐永利资管,,2024-04-30,2024-04-30,中信证券股份有限公司,,,否,,,,,,,0,,,,,50-100亿元,P1071364
团队跟踪,锐泽长河1号私募证券投资基金A类份额,AJK07A,锐泽长河1号私募证券投资基金A类份额,AJK07A,杭州锐泽,,2024-04-09,2024-04-11,中国银河证券股份有限公司,,每周周二,可临开赎回,0%,,持有期小于3个月，赎回费率为0.5%；持有期大等于3个月，赎回费率为0%,0.95,,0.92,0.01,,0.01%,0.01%,单人单笔高水位法，计提20%,10-20亿元,P1074623
团队跟踪,小黑妞星权2号私募证券投资基金A类份额,AJK77A,小黑妞星权2号私募证券投资基金A类份额,AJK77A,上海小黑妞资管,,2024-04-02,2024-04-02,国泰君安证券股份有限公司,,每自然月第四个周三之后的连续2个交易日,否,1%,,持有天数＜180，赎回费1%；否则，无赎回费,0.88,,0.85,0,,0.01%,0.01%,"单客户单笔高水位法，20%
业绩报酬计提基准日：【√】赎回  【√】分红  【√】基金终止；
固定计提业绩报酬：12月30日",20-50亿元,P1011010
团队跟踪,星云至恒木星CTA私募证券投资基金B类份额,AJM41B,星云至恒木星CTA私募证券投资基金B类份额,AJM41B,厦门星云至恒,,2024-04-23,2024-04-25,招商证券股份有限公司,,,否,,,,,,,0,,,,,0-5亿元,P1074598
团队跟踪,珠池昱添领航私募证券投资基金A类份额,AJP41A,珠池昱添领航私募证券投资基金A类份额,AJP41A,上海珠池资管,,2024-04-18,2024-04-23,招商证券股份有限公司,,每个工作日,否,0%,1万元起,0%,0.8,,0.7,0.01,,0.015%,0.015%,收益低于20%（含），提取20%；收益高于20%（不含），提取超过部分的45%,50-100亿元,P1014451
团队跟踪,千衍九凌2号私募证券投资基金B类份额,AJQ43B,千衍九凌2号私募证券投资基金B类份额,AJQ43B,上海千衍,,2024-04-08,,华泰证券股份有限公司,,申购开放日为每个交易日，赎回开放日为每周周三,否,0%,不低于 1 万元,持有期小于180天，赎回费率为1%；持有期大等于180天，赎回费率为0%,,无,,0.01,,0.015%,0.015%,"B类份额：单个投资者单份额高水位法，计提20%。
计提基准日：在固定时点（基金成立后每年12月的第2个周三）、基金收益分配、B类基金份额持有人赎回基金或者基金终止时进行业绩报酬的提取。",100亿元以上,P1009640
团队跟踪,千衍六贞3号B类,AJR29B,千衍六贞3号私募证券投资基金B类份额,AJR29B,上海千衍,,2024-06-18,2024-06-21,国泰君安证券股份有限公司,,申购开放日为每个交易日，赎回开放日为每周周三、每月12日和22日,可临开赎回,0%,1万元起,持有期小于180天，赎回费率为1%；持有期大等于180天，赎回费率为0%,,无,,0.01,,0.015%,0.015%,在分红、赎回、终止时，若持有期年化收益率小于等于0%，则不计提业绩报酬；若持有期年化收益率大于0%，则管理人对超出部分按20%的比例提取业绩报酬,100亿元以上,P1009640
团队跟踪,崇盛常青科技三号A类,AJS34A,崇盛常青科技三号私募证券投资基金A类份额,AJS34A,安徽崇盛投资,,2024-04-22,2024-04-25,国泰君安证券股份有限公司,,每周第 2 个交易日,可临开赎回,0%,,0%,0.75,无,0.7,0.01,,0.025%,0.025%,"计提基准日：投资者赎回日、 分红权益登记日、基金清算日。
对超过上次成功计提基准日各类别基金份额累计净值部分按 25%进行计提。",0-5亿元,P1002943
团队跟踪,哲萌龙泉进取2号私募证券投资基金A类份额,AKE73A,哲萌龙泉进取2号私募证券投资基金A类份额,AKE73A,杭州哲萌投资,,2024-05-07,2024-05-13,招商证券股份有限公司,,每个工作日,否,0%,10万元起,0%,0.7,,0.6,0.015,,0.01%,0.01%,20%,20-50亿元,P1062570
团队跟踪,青琰信达一号私募证券投资基金A类份额,AKK79A,青琰信达一号私募证券投资基金A类份额,AKK79A,上海青琰,,2024-04-30,2024-05-23,中信证券股份有限公司,,每个自然周的周一、周三以及每年6月、12月的最后一个工作日,否,1%,,持有期限＜180天：1%；其余为0 ,0.8,无,0.6,0.01,,0.01%,0.01%,"管理人将根据委托人每笔投资的期间年化收益率（R），当期间年化收益率大于【4】%时，对所有收益按照【40】%的比例收取业绩报酬，且计提后该笔份额的期间年化收益率不低于【4】%。
固定计提基准日（每年6月、12月的最后一个工作日）、该类份额的除息日（若有）、赎回申请日和基金终止日",20-50亿元,P1073943
团队跟踪,恒如守正2号私募证券投资基金A类份额,AKK91A,恒如守正2号私募证券投资基金A类份额,AKK91A,上海恒如投资,,2024-06-04,2024-06-14,招商证券股份有限公司,,,否,0,,0,,,,0,无,0.015,0.015,,0-5亿元,P1000715
团队跟踪,青琰信达二号私募证券投资基金A类份额,AKM72A,青琰信达二号私募证券投资基金A类份额,AKM72A,上海青琰,,2024-05-06,2024-05-29,,,每周周一、周三以及每年 6 月、12月的最后一个工作日,否,1%,,持有期小于180天，赎回费率为1%；持有期大等于180天，赎回费率为0%,,无,,0.01,,0.01%,0.01%,"A 类份额：管理人将根据委托人每笔投资的期间年化收益率（R），当期间年化收益率大于【5】%时，对所有收益按照【50】%的比例收取业绩报酬，且计提后该笔份额的期间年化收益率不低于【5】%。
固定计提基准日、该类份额的除息日（若有）、赎回申请日和基金终止日（其中固定计提基准日和除息日（若有）统称为“统一计提基准日”），固定计提基准日为每年 6 月、12 月的最后一个工作日。",20-50亿元,P1073943
团队跟踪,嘉鸿精选6号私募证券投资基金A类份额,AKS59A,嘉鸿精选6号私募证券投资基金A类份额,AKS59A,上海嘉鸿,,2024-05-15,2024-05-28,广发证券股份有限公司,,,否,,,,,,,0,,,,,50-100亿元,P1068812
团队跟踪,嘉鸿精选6号私募证券投资基金B类份额,AKS59B,嘉鸿精选6号私募证券投资基金B类份额,AKS59B,上海嘉鸿,,2024-05-15,2024-05-28,广发证券股份有限公司,,本基金存续期内申购和赎回开放日为本基金成立之日后【每周二、三】（如遇非交易日，则顺延至下一个交易日）。,可临开赎回,0,应不低于 1 万人民币,本基金 B 类份额采取差异化费率收取赎回费，差异化赎回费率如下：基金份额持有期限低于【90】天的，赎回费率为【1】%；基金份额持有期在【90】天及以上的，赎回费率为【0】%。,0.92,-,0.9,0.01,1%,0.01%,0.01%,0.35,50-100亿元,P1068812
团队跟踪,英旷专享2号私募证券投资基金A类份额,AKV28A,英旷专享2号私募证券投资基金A类份额,AKV28A,上海英旷资管,,2024-05-29,2024-06-11,中信证券股份有限公司,,每个交易日,否,0%,1万元起,0%，归基金资产,0.95,无,0.9,0.015,,0.025%,0.025%,单笔份额高水位净值法(赎回、分红、清算日计提)，净值创新高部分的 20%,0-5亿元,P1071507
团队跟踪,英旷专享2号私募证券投资基金B类份额,AKV28B,英旷专享2号私募证券投资基金B类份额,AKV28B,上海英旷资管,,2024-05-29,2024-06-11,中信证券股份有限公司,,每个交易日,否,0%,1万元起,0%,0.95,无,0.9,0.015,,0.025%,0.025%,,0-5亿元,P1071507
团队跟踪,博弈渭华翔昇三号B类,AKX56B,博弈渭华翔昇三号私募证券投资基金B类份额,AKX56B,青岛博弈资管,,2024-05-21,2024-05-28,招商证券股份有限公司,,每周二、周三申赎,可临开赎回,0%,不低于10万且为10万元的整数倍,0%,0.92,,0.9,0.005,,0.01%,0.01%,单客户单笔份额高水位法，当基金份额赎回、基金终止或分红时，且该赎回份额或分红份额当期收益大于年化 7%，管理人提取该份额整体盈利部分的 50%作为业绩报酬，但计提后该笔份额的当期年化收益不低于 7%。,20-50亿元,P1062573
团队跟踪,衍进价值1号私募证券投资基金B类份额,ALA56B,衍进价值1号私募证券投资基金B类份额,ALA56B,上海衍进,,2024-07-05,2024-07-16,广发证券股份有限公司,,,否,,,,,,,0,,,,,0-5亿元,P1074800
团队跟踪,诚奇睿盈优选运作2号私募证券投资基金A类份额,ALC59A,诚奇睿盈优选运作2号私募证券投资基金A类份额,ALC59A,上海诚奇,,2024-05-23,2024-07-24,招商证券股份有限公司,,每个自然月10日、25日以及每周周二,可临开赎回,0%,1万元起,持有期小于12个月，赎回费率 3%；持有期大等于12个，赎回费率 0%,,,,0.01,,0.025%,0.025%,单客户单笔份额高水位法，计提20%,100亿元以上,P1001430
团队跟踪,敦和芝诺量化CTA1号私募证券投资基金A类份额,ALD55A,敦和芝诺量化CTA1号私募证券投资基金A类份额,ALD55A,敦和资管,,2024-06-17,2024-06-27,国泰君安证券股份有限公司,,每个自然月的15日、每个自然月最后一个交易日,可临开赎回,0%,,0%,,无,,0.015,,0.01%/年,0.01%/年,当基金份额持有人赎回、基金分红或终止清算时，基金管理人对超过上一次成功计提业绩报酬日A类基金份额累计净值部分按20%比例提取业绩报酬,100亿元以上,P1000501
团队跟踪,彬元天问量化私募证券投资基金B类份额,ALH84B,彬元天问量化私募证券投资基金B类份额,ALH84B,上海彬元资管,,2024-07-30,2024-07-30,国泰君安证券股份有限公司,,,否,,,,,,,0,,,,,5-10亿元,P1004308
团队跟踪,米纳中证央企指数增强1号私募证券投资基金C类份额,ALH89C,米纳中证红利指数增强1号私募证券投资基金C类份额,ALH89C,横琴米纳资管,,2024-06-26,2024-07-08,国泰君安证券股份有限公司,,每周周四,可临开赎回,,,,,无,,0,,0.01%,0.01%,,0-5亿元,P1069406
团队跟踪,衍进成长1号私募证券投资基金A类份额,ALP80A,衍进成长1号私募证券投资基金A类份额,ALP80A,上海衍进,,2024-06-18,2024-06-27,中信建投证券股份有限公司,,,否,,,,,,,0,,,,,0-5亿元,P1074800
团队跟踪,衍进成长1号私募证券投资基金B类份额,ALP80B,衍进成长1号私募证券投资基金B类份额,ALP80B,上海衍进,,2024-06-18,2024-06-27,中信建投证券股份有限公司,,,否,,,,,,,0,,,,,0-5亿元,P1074800
团队跟踪,安远安心一期私募证券投资基金A类份额,ALR11A,安远安心一期私募证券投资基金A类份额,ALR11A,北京安远,,2024-06-07,2024-06-17,中信建投证券股份有限公司,,,否,,,,,,,0,,,,,20-50亿元,P1073788
团队跟踪,安远安心一期私募证券投资基金B类份额,ALR11B,安远安心一期私募证券投资基金B类份额,ALR11B,北京安远,,2024-06-07,2024-06-17,中信建投证券股份有限公司,,,否,,,,,,,0,,,,,20-50亿元,P1073788
团队跟踪,宁泉金选致远2号私募证券投资基金B类份额,ALR72B,宁泉金选致远2号私募证券投资基金B类份额,ALR72B,上海宁泉资管,,2024-07-16,2024-07-16,兴业证券股份有限公司,,每周最后 2 个交易日,可临开赎回,0%,1万元起,持有期小于330个自然日，赎回费率为3%；持有期大等于330个自然日，赎回费率为0%。,,,,0.005,,0.015％,0.015％,采用单个投资者单笔高水位净值法，计提10%,100亿元以上,P1067764
团队跟踪,奇盾安富尊荣2号A类,ALT65A,奇盾安富尊荣2号私募证券投资基金A类份额,ALT65A,上海奇盾世家,,2024-06-18,2024-06-27,招商证券股份有限公司,,每周三,可临开赎回,0,,"少于90天,1%
归基金",,,,0.01,,0.01%,0.01%,"20%
基准=中证转债指数
分红时计提后收益不为负",20-50亿元,P1062571
团队跟踪,简文日昇6号B类,ALU67B,简文日昇6号私募证券投资基金B类份额,ALU67B,上海简文,,2024-06-28,2024-07-12,华泰证券股份有限公司,,每个交易日,否,1% ,1万元起,0%,,无,,0.01,,0.025%,0.025%,"本基金采用“单个投资者单份额高水位法”。在基金收益分配、基金份额持有人赎回 B类基金份额或者基金终止时进行业绩报酬的提取。本基金连续两次计提业绩报酬的间隔期不应短于 6 个月。
计提比例30%",10-20亿元,P1022166
团队跟踪,鸣石省心享兴泰锐进1号量化私募证券投资基金B类份额,ALW43B,鸣石省心享兴泰锐进1号量化私募证券投资基金B类份额,ALW43B,上海鸣石,,2024-07-01,,华泰证券股份有限公司,,每个交易日,否,0%,1万元起,0%,0.9,无,0.85,0.01,,0.015%,0.015%,单个投资者单份额高水位法，计提18%,100亿元以上,P1005659
团队跟踪,米纳进取中证1000指数增强2号私募证券投资基金C类份额,AMF44C,米纳进取中证1000指数增强2号私募证券投资基金C类份额,AMF44C,横琴米纳资管,,2024-07-19,2024-07-31,中信证券股份有限公司,,每个交易日,否,,,,,无,,0,,0.01%,0.01%,,0-5亿元,P1069406
团队跟踪,熙盛容成3号商品趋势私募证券投资基金A类份额,AMP39A,熙盛容成3号商品趋势私募证券投资基金A类份额,AMP39A,上海熙盛明诚,,2024-07-09,2024-07-19,招商证券股份有限公司,,,否,,,,,,,0,,,,,0-5亿元,P1065867
团队跟踪,宁苑募集3号私募证券投资基金B类份额,AMQ53B,宁苑募集3号私募证券投资基金B类份额,AMQ53B,上海宁苑资管,,2024-07-09,2024-07-23,中信证券股份有限公司,,每个交易日,否,0%,,持有期小于730天，赎回费率1%；持有期大等于730 天，赎回费率0%,,,,0.02,,0.01%,0.01%,20%,50-100亿元,P1018867
团队跟踪,荣晟中性一号B类,AMS71B,荣晟中性一号私募证券投资基金B类份额,AMS71B,上海荣晟,,2024-07-15,2024-07-19,华泰证券股份有限公司,,每周周三,可临开赎回,0%,10万元起,0%,,无,,0.002,,0.01%,0.01%,单个投资者单份额高水位法，年化（/绝对）收益率在 3.5%（含）以上，对该区间收益计提30%。,0-5亿元,P1073108
团队跟踪,华年中性2号私募证券投资基金A类份额,AMV18A,华年中性2号私募证券投资基金A类份额,AMV18A,上海华年,,2024-07-17,2024-07-25,国泰君安证券股份有限公司,,,否,,,,,,,0,,,,,50-100亿元,P1074827
团队跟踪,量道商品套利1号私募证券投资基金A类份额,ANA98A,量道商品套利1号私募证券投资基金A类份额,ANA98A,深圳量道投资,,2024-08-05,0000-00-00,长江证券股份有限公司,,每周周二、周三（如遇节假日不顺延）,否,1%,1万元的整数倍,持有期小于90天，赎回费率为1%；持有期大等于90天，赎回费率为0%，赎回费不得减免，归基金资产,,无,,0.02,,0.02%/年,0.02%/年,"1、计提方法：单人单笔高水位法
2、计提时点：投资者赎回日、分红权益登记日、基金终止日。
3、计提比例：50%",100亿元以上,P1016658
团队跟踪,量道商品套利1号私募证券投资基金B类份额,ANA98B,量道商品套利1号私募证券投资基金B类份额,ANA98B,深圳量道投资,,2024-08-07,2024-08-20,长江证券股份有限公司,,每周周二、周三（如遇节假日不顺延）,否,1%,1万元的整数倍,持有期小于90天，赎回费率为1%；持有期大等于90天，赎回费率为0%，赎回费不得减免，归基金资产,,无,,0.01,,0.02%/年,0.02%/年,"1、计提方法：单人单笔高水位法
2、计提时点：投资者赎回日、分红权益登记日、基金终止日。
3、计提比例：50%",100亿元以上,P1016658
团队跟踪,裕丰惠泽1号私募证券投资基金A类份额,ANB00A,裕丰惠泽1号私募证券投资基金A类份额,ANB00A,上海裕丰惠达,,2024-07-25,2024-07-30,中信证券股份有限公司,,每周四、周五开放申赎（可临开申赎）,可临开赎回,0%,,持有期小于3个月，赎回费率为0.5%；持有期大等于3个月，赎回费率为0%,,无,,0,,0.01%,0.01%,0%,5-10亿元,P1073106
团队跟踪,裕丰惠泽1号B类,ANB00B,裕丰惠泽1号私募证券投资基金B类份额,ANB00B,上海裕丰惠达,,2024-07-25,2024-07-30,中信证券股份有限公司,,每周周四、周五,可临开赎回,0%,,持有期小于3个月，赎回费率为0.5%；持有期大等于3个月，赎回费率为0%,,,,0.015,,0.01%,0.01%,"计提基准日分为固定计提基准日（封闭期（若有）结束后的每年 6 月、12 月的第 4 个周四。）、该类份额的除息日（若有）、赎回申请日和基金终止日（其中固定计提基准日和除息日（若有）统称为“统一计提基准日”）。
计提方法：单人单笔高水位法计提比例，B 类份额：20%",10-20亿元,P1073106
团队跟踪,华年进取2号私募证券投资基金A类份额,ANC63A,华年进取2号私募证券投资基金A类份额,ANC63A,上海华年,,2024-08-05,2024-08-27,招商证券股份有限公司,,每周周一、周二,否,1%,,持有期小于180天，赎回费率为 1%；其中基金份额持有时间少于3个月（本基金管理人及其员工跟投本基金份额的，为 6 个月）视为违约赎回，违约赎回费率 1%。持有期大于等于180天，赎回费率为 0%,,,,0.015,,,,采取“单客户单笔份额高水位法”：业绩报酬提取时点分为固定时点（每个自然年度12月的最后一个固定开放日）提取、分红时提取、赎回时提取和合同终止时提取。计提：20%,50-100亿元,P1074827
团队跟踪,华年进取2号私募证券投资基金B类份额,ANC63B,华年进取2号私募证券投资基金B类份额,ANC63B,上海华年,,2024-08-05,2024-08-27,招商证券股份有限公司,,每周周一、周二,否,,,,,,,0,,,,,50-100亿元,P1074827
团队跟踪,华年进取2号私募证券投资基金C类份额,ANC63C,华年进取2号私募证券投资基金C类份额,ANC63C,上海华年,,2024-08-05,2024-08-27,招商证券股份有限公司,,每周周一、周二,否,,,,,,,0,,,,,50-100亿元,P1074827
团队跟踪,量道明达2号私募证券投资基金B类份额,ANH26B,量道瑞享3号私募证券投资基金B类份额,ANH26B,深圳量道投资,,2024-08-30,,华泰证券股份有限公司,,每周周三、周四，遇非工作日不顺延。,可临开赎回,0, 1 万元的整数倍,"持有期小于180天，赎回费率为1%；持有期大等于180天，赎回费率为0%。
赎回费用（如有）归基金资产所有。",,无,,0.01,,0.02%/年,0.02%/年,"计提方式：单客户单笔份额高水位法
计提时点：赎回日、分红日、基金终止日
计提比例：18%",100亿元以上,P1016658
团队跟踪,简文日昇8号B类,ANR59B,简文日昇8号私募证券投资基金B类份额,ANR59B,上海简文,,2024-08-30,2024-09-18,华鑫证券有限责任公司,,每周倒数第一个工作日,否,1%,10万元起,持有期小于3个月，赎回费率为1%；持有期大等于3个月，赎回费率为0%,,无,,0.01,,0.025%,0.015%,"计提基准日：收益分配时、赎回基金份额时、基金终止时、固定时点计提（每年最后一个工作日）时。
单客户单笔份额高水位法，当R>0%时，对超过0%的收益部分提取30%的业绩报酬。",10-20亿元,P1022166
团队跟踪,珠熙宏观对冲2号私募证券投资基金A类份额,ANX85A,珠熙宏观对冲2号私募证券投资基金A类份额,ANX85A,上海珠熙,,2024-09-13,2024-09-24,海通证券股份有限公司,,每年1、4、7、10月第10至第14个交易日,否,0.5%,,单人单笔不足12个月，0.5%；超过12个月，0%,,,,0.018,,1%,1%,投资收益的20%提取，单人单笔高水位法,0-5亿元,P1074737
团队跟踪,盈怀香柏树1号A类,ANZ73A,盈怀香柏树1号私募证券投资基金A类份额,ANZ73A,南京盈怀,,2024-09-04,2024-09-24,中信证券股份有限公司,,本基金固定开放日为每个自然月的18号，遇法定节假日则顺延至下一工作日。,否,无,,持有期限＜3个月，1.5%； 3个月≤持有期限＜6个月，0.5%；归基金资产,,,,0.0075,,0.015%,0.015%,"0|0|0.04|0.25
",20-50亿元,P1074847
团队跟踪,盈怀香柏树1号私募证券投资基金B类份额,ANZ73B,盈怀香柏树1号私募证券投资基金B类份额,ANZ73B,南京盈怀,,2024-09-04,2024-09-24,中信证券股份有限公司,,本基金固定开放日为成立后每个自然月的 18 号，接受申购和赎回申请，如 对应日为非工作日，则顺延至下一个工作日。,可临开赎回,,不设限制,,,,,0,,0.015%,0.015%,,20-50亿元,P1074847
团队跟踪,盈怀香柏树1号私募证券投资基金C类份额,ANZ73C,盈怀香柏树1号私募证券投资基金C类份额,ANZ73C,南京盈怀,,2024-09-04,2024-09-24,中信证券股份有限公司,,,否,,,,,,,0,,,,,20-50亿元,P1074847
团队跟踪,盈怀问荆1号A类,ANZ78A,盈怀问荆1号私募证券投资基金A类份额,ANZ78A,南京盈怀,,2024-09-04,2024-09-10,招商证券股份有限公司,,每周三、四,可临开赎回,A类：0%    B类：0%      C类：1%,-,＜3个月：1.5%，  3个月≤D＜6个月：1%  ， ≥6个月：0%，归属资金资产,,无,,0.01,A类：1%     B类：0%    C类：1.8%,0.01%,0.01%,"A类：25%    B类：0%    C类：25%
A类：年化收益率超过4%的部分收取25%的业绩报酬",20-50亿元,P1074847
团队跟踪,宸蹊开阳1号A类,APB65A,宸蹊开阳1号私募证券投资基金A类份额,APB65A,上海宸蹊,,2024-09-20,2024-10-10,中信证券股份有限公司,,每周周二,否,申购金额大于等于 500 万元，申购费率为 0%； 申购金额小于500万大于等于300万元，申购费率为 0.5%； 申购金额小于 300 万，申购费率为 1%,,持有期限小于6个月，赎回费率为 1%；持有期限大于等于6个月，赎回费率为 0%,,,,0.01,,0.01%,0.01%,采用高水位法计算业绩报酬，业绩报酬的提取比例为 20%。,0-5亿元,P1074829
团队跟踪,罗维盈安启航量化优选1号私募证券投资基金B类份额,APF49B,罗维盈安启航量化优选1号私募证券投资基金B类份额,APF49B,宁波罗维盈安投资,,2025-03-10,2025-03-14,国泰君安证券股份有限公司,,每周周五,可临开赎回,0%,,持有期小于90天，赎回费率为1%；持有期大等于90天，赎回费率为0%,,无,,0.01,,0.02%,0.02%,15%,10-20亿元,P1069532
团队跟踪,简文日昇9号B类,APF83B,简文日昇9号私募证券投资基金B类份额,APF83B,上海简文,,2024-10-10,2024-10-14,国投证券股份有限公司,,每周最后一个交易日,可临开赎回,1%,1万元起,持有期小于3个月，赎回费率为1%；持有期大等于3个月，赎回费率为0%,,无,,0.01,,0.035%,0.015%,单客户单笔份额高水位法，30%,10-20亿元,P1022166
团队跟踪,海楚进取成长1号私募证券投资基金B类份额,APG21B,海楚进取成长1号私募证券投资基金B类份额,APG21B,上海海楚资管,,2024-09-19,2024-09-27,华泰证券股份有限公司,,每周二、周三,否,0,,<92(0.5%)、>92(0%),,,,0.01,,,,,10-20亿元,P1026876
团队跟踪,锡和骐骥1号A类,APL25A,锡和骐骥1号私募证券投资基金A类份额,APL25A,上海锡和,,2024-10-16,2024-10-18,招商证券股份有限公司,,周二、三,否,,,<90天 0.5%,,,,0.01,,0.015%,0.015%,计提30%业绩报酬,5-10亿元,P1074621
团队跟踪,锡和骐骥1号私募证券投资基金B类份额,APL25B,锡和骐骥1号私募证券投资基金B类份额,APL25B,上海锡和,,2024-10-16,2024-10-18,招商证券股份有限公司,,每周二、周三,否,,,,,,,0,,0.015%,0.015%,,5-10亿元,P1074621
团队跟踪,秋千3号私募证券投资基金B类份额,APL68B,秋千3号私募证券投资基金B类份额,APL68B,广东秋千,,2024-09-25,2024-09-30,招商证券股份有限公司,,,否,,,,,,,0,,0.01%,0.01%,,10-20亿元,P1074866
团队跟踪,锦福源私享一号私募证券投资基金B类份额,APQ49B,锦福源私享一号私募证券投资基金B类份额,APQ49B,海南锦福源,,2024-10-14,2024-10-30,国泰君安证券股份有限公司,,每周一、周二,否,,,90天内0.5%,,无,,0.01,,,,20%,10-20亿元,P1073567
团队跟踪,正定量化对冲4号B类,APS29B,正定量化对冲4号私募证券投资基金B类份额,APS29B,北京正定,,2024-10-29,2024-10-31,华泰证券股份有限公司,,每周三、四,否,0,,"少于92天，0.5%
归基金",,,,0.01,,0.015%,0.015%,20%,100亿元以上,P1073791
团队跟踪,奇盾安富尊荣3号A类,APY25A,奇盾安富尊荣3号私募证券投资基金A类份额,APY25A,上海奇盾世家,,2024-10-14,2024-11-05,,,每周最后一个交易日,否,0,,"少于90天,1%
归基金",,,,0.01,降低业报通知函（从35%降至20%）,0.01%,0.01%,20%（调整后）,20-50亿元,P1062571
团队跟踪,博弈博涵三号B类,APZ55B,博弈博涵三号私募证券投资基金B类份额,APZ55B,青岛博弈资管,,2024-09-30,,,,每周周三、周四,否,0%,1万元起,持有期小于90天，赎回费率为0.5%；持有期大等于90天，赎回费率为0%,,,,0.01,,0.01%,0.01%,单位份额年化收益率R小于或等于7%时，管理人不提取业绩报酬；单位份额年化收益率R大于7%，对正收益部分提职60%作为业绩报酬，实际提取值以期间单笔份额对应年化收益率7以上盈利部分为限。,20-50亿元,P1062573
团队跟踪,聚宽尊享混合一号私募证券投资基金A类份额,AQA43A,聚宽尊享混合一号私募证券投资基金A类份额,AQA43A,北京聚宽投资,,2024-10-31,2024-11-05,光大证券股份有限公司,,,否,,,,,,,0,,,,,100亿元以上,P1066435
团队跟踪,博弈渭华翔昇六号私募证券投资基金C类份额,AQB67C,博弈渭华翔昇六号私募证券投资基金C类份额,AQB67C,青岛博弈资管,,2024-10-24,2024-10-30,国泰君安证券股份有限公司,,每周【周四、周五】，如遇非交易日，则该非交易日对应的开放取消,可临开赎回,无,1万元,小于90天，0.5%；大于等于90天，0%。归入整体基金资产。,,0,,0.01,,0.020%,0.020%,"60%,，软保7%",20-50亿元,P1062573
团队跟踪,香农如意对冲一号B类,AQC80B,香农如意对冲一号私募证券投资基金B类份额,AQC80B,海南三亚香农,,2025-01-13,2025-01-16,国泰君安证券股份有限公司,,每周周二、周三,可临开赎回,0%,,持有期低于 90 天（不含）的，赎回费率为 0.5%，持有期在 90天及以上的，赎回费率为0%,,无,,0.009,,0.015%,0.015%,"18%；
计提基准日：投资者赎回日、每年 12 月 20 日（固定日，但封闭期及锁定期（如有）除外，如遇非交易日则顺延至下一交易日）、分红权益登记日、基金清算日。",20-50亿元,P1072386
团队跟踪,瑞鼎飞龙1号私募证券投资基金A类份额,AQF58A,瑞鼎飞龙1号私募证券投资基金A类份额,AQF58A,福建东方瑞鼎资管,,2024-10-29,2024-11-14,兴业证券股份有限公司,,每周周二、周三,可临开赎回,1%,10万元起,持有期小于90个自然日，赎回费率为1%；持有期大等于90个自然日，赎回费率为0%,,,,0.01,,0.01％,0.01％,30%,0-5亿元,P1034820
团队跟踪,大树隽清绝对收益聚配1号A类,AQF79A,大树隽清绝对收益聚配1号私募证券投资基金A类份额,AQF79A,深圳大树,,2024-10-29,2024-11-08,中信证券股份有限公司,,每周周四、周五,可临开赎回,0,1万元,持有期不满 3 个月，赎回费率为0.5%（赎回费归基金财产所有，不可减免）,,,,0.008,,,,单人单笔高水位16%,0-5亿元,P1023564
团队跟踪,铭跃量选50私募证券投资基金A类份额,AQJ54A,铭跃量选50私募证券投资基金A类份额,AQJ54A,上海铭跃,,2025-01-02,2025-01-07,国泰君安证券股份有限公司,,每周周三,可临开赎回,,,,,无,,0,,0.01%,0.01%,,50-100亿元,P1073580
团队跟踪,铭跃量选50私募证券投资基金B类份额,AQJ54B,铭跃量选50私募证券投资基金B类份额,AQJ54B,上海铭跃,,2025-01-02,2025-01-07,国泰君安证券股份有限公司,,每周周三,可临开赎回,0%,,持有期小于 90 天，赎回费率为 0.5%；持有期大等于90 天，赎回费率为 0%,,无,,0,,0.01%,0.01%,15%,50-100亿元,P1073580
团队跟踪,慕途盈川1号A类,AQQ67A,慕途盈川1号私募证券投资基金A类份额,AQQ67A,慕途基金,,2018-01-05,2018-01-12,,,周五，每月第四个周五开放赎回,否,1%,,持有期小等于90天，赎回费率为1%；持有期大于90天，赎回费率为0%,,无,,0.015,,0.01%,0.01%,"管理人将根据委托人每笔投资的期间年化收益率( R)，对期间年化收益率超过0%至20%部分提取20%，20%至30%部分提取30%，30%至40%部分提取40%
提取40%，40%以上部分提取50%。",10-20亿元,P1073298
团队跟踪,日青木化思享3号私募证券投资基金A类份额,AQS20A,日青木化思享3号私募证券投资基金A类份额,AQS20A,宁波日青木化资管,,2024-11-14,2024-11-22,华泰证券股份有限公司,,每周的第 1、2 个工作日,可临开赎回,0%,不低于【10】万元人民币,持有期在3个月内的赎回费为0.5%,,无,,0.01,A类：管理人、基金管理人员工、基金管理人股东、基金管理人管理或其担任投资顾问的产品等基金管理人关联方；申购超过1000万以上的投资人；B类：B类基金份额除A类基金份额投资者以外的合格投资者；,0.01%,0.01%,"“单个投资者单份额高水位法”。A类份额：30%；B类份额：40%
在基金收益分配、基金份额持有人赎回A类基金份额或者基金终止时进行业绩报酬的提取。",10-20亿元,P1069111
团队跟踪,日青木化思享3号私募证券投资基金B类份额,AQS20B,日青木化思享3号私募证券投资基金B类份额,AQS20B,宁波日青木化资管,,2024-11-14,2024-11-22,华泰证券股份有限公司,,每周的第 1、2 个工作日,否,0%,,少于3个月0.5%，3个月以上0%，归基金资产,,无,,0.01,,0.01%,0.01%,40%,10-20亿元,P1069111
团队跟踪,正瀛中性选股1号私募证券投资基金A类份额,AQT61A,正瀛中性选股1号私募证券投资基金A类份额,AQT61A,上海正瀛资管,,2024-11-12,2024-11-19,国信证券股份有限公司,,每周周二、周三，遇节假日不顺延,否,,,,,,,0,,,,,100亿元以上,P1060813
团队跟踪,静瑞价值宁进私募证券投资基金B类份额,AQX78B,静瑞价值宁进私募证券投资基金B类份额,AQX78B,上海静瑞,,2024-12-16,2024-12-26,华泰证券股份有限公司,,每周周三、周四,否,0%,1万元起,持有期小等于184天，赎回费率为1%；持有期大于184天，赎回费率为0%,,无,,0.01,,,,"业绩报酬的计算采取""单客户单笔份额高水位法""：提取时点分为固定时点提取、赎回时提取和基金终止时提取，计提比例为创新高部分的15%。其中，固定时点提取采用扣减份额的方式计提，时间为每年12月第一个周三，遇非工作日顺延。",50-100亿元,P1072080
团队跟踪,和美水豚中证A500指数增强私募证券投资基金A类份额,AQZ45A,和美水豚中证A500指数增强私募证券投资基金A类份额,AQZ45A,和美资本,,2024-12-13,2024-12-13,中信证券股份有限公司,,每个自然周的周三，接受申购和赎回申请，如对应日为非工作日，则顺延至本周下一个工作日，若本周无下一个工作日的，则该对应日不开放。,否,,,,,,,0.015,,,,,20-50亿元,P1004868
团队跟踪,朴时灵动配置聚配一号B类,ARD72B,朴时灵动配置聚配一号私募证券投资基金B类份额,ARD72B,上海朴时投资,,2024-11-29,,,,份额锁定3个月；开放日为基金成立之后的每周最后一个工作日（如本周无工作日则不开放）,可临开赎回,无,追加金额应为10万元人民币起,B类份额：本基金B类份额：持有期低于90天（不含）的，赎回费率为1%，持有期在90天及以上但低于180天（不含）的，赎回费率为0.5%，持有期在180天及以上的，赎回费率为0%。,,份额锁定3个月,,0.008,,0.02%,0.02%,"A类份额：20% ;      B类份额：16% ;      C类份额：0% ;                                                                                         
 业绩报酬的计算采取“单客户单笔份额高水位法”：业绩报酬提取时点分为固定时点提取、赎回时提取和合同终止时提取。固定时点提取是在每自然年2月和8月的最后一个工作日",10-20亿元,P1066101
团队跟踪,千衍九凌8号私募证券投资基金A类份额,ARE52A,千衍九凌8号私募证券投资基金A类份额,ARE52A,上海千衍,,2024-11-28,2024-12-03,国泰君安证券股份有限公司,,,否,,,,,,,0,,,,,100亿元以上,P1009640
团队跟踪,大树隽清绝对收益聚配2号A类,ARN45A,大树隽清绝对收益聚配2号私募证券投资基金A类份额,ARN45A,深圳大树,,2024-12-24,2025-01-10,招商证券股份有限公司,,每周周二、周三,否,1%,1万元起,持有期不满 3个月，赎回费率为1%（赎回费归基金财产所有，不可减免）,,,,0.01,,,,20%,0-5亿元,P1023564
团队跟踪,和融联艺骅中证1000指数增强一号私募证券投资基金B类份额,ARN86B,和融联艺骅中证1000指数增强一号私募证券投资基金B类份额,ARN86B,广州和融联,,2024-12-30,2025-01-06,国泰君安证券股份有限公司,,,否,,,,,,,0,,,,,10-20亿元,P1074448
团队跟踪,添禄量化股票策略5号C类,ARW21C,添禄量化股票策略5号私募证券投资基金C类份额,ARW21C,上海添禄投资,,2024-12-20,2025-01-06,国泰君安证券股份有限公司,,每周第3、第4个交易日,可临开赎回,1%,,"持有期小于3个月，赎回费率为0.5%；持有期大等于3个月，赎回费率为0%；赎回费归入整体基金资产,管理人不得减免。",,无,,0.01,,0.02%,0.02%,单个投资者单笔高水位净值法， C类份额的业绩报酬计提比例为20%,20-50亿元,P1064139
团队跟踪,珠熙宏观对冲3号私募证券投资基金A类份额,ARX40A,珠熙宏观对冲3号私募证券投资基金A类份额,ARX40A,上海珠熙,,2024-12-19,2024-12-30,华泰证券股份有限公司,,,否,,,,,,,0,,,,,0-5亿元,P1074737
团队跟踪,盛恒八号市场中性量化对冲B类,ARX61B,盛恒八号市场中性量化对冲私募证券投资基金B类份额,ARX61B,深圳盛恒投资,,2024-12-25,2025-01-06,招商证券股份有限公司,,每周二,可临开赎回,0%,10万元起,持有期小于 3 个月，赎回费率 1%（即违约赎回费率）；持有期大等于 3 个月但小于 6 个月，赎回费率 0.5%；持有期大于等于 6 个月，赎回费率 0%,,,,0.005,,0.01%（资金监督费：0.02%）,0.01%,当基金份额赎回、基金终止或分红时，管理人将提取赎回份额或分红份额当期收益的20%作为业绩报酬。,5-10亿元,P1060478
团队跟踪,守正用奇龙珠2号私募证券投资基金A类份额,ARZ37A,守正用奇龙珠2号私募证券投资基金A类份额,ARZ37A,广州守正用奇,,2024-12-13,2024-12-18,招商证券股份有限公司,,申购开放日为每周二、周三；赎回开放日为每月的第一个周二,否,0,1万元起,持有时间少于 3 个月，赎回费率为1%；持有时间大于等于 3 个月但少于 6 个月，赎回费率为 0.5%；持有时间大于等于 6 个月，赎回费率为 0%,,,,0.015,,0.01%,0.01%,业绩报酬的计算采取“单客户单笔份额高水位法”：当基金份额赎回、基金终止或分红时，管理人将提取赎回份额或分红份额当期收益的 20%作为业绩报酬。,20-50亿元,P1021611
团队跟踪,守正用奇龙珠2号私募证券投资基金B类份额,ARZ37B,守正用奇龙珠2号私募证券投资基金B类份额,ARZ37B,广州守正用奇,,2024-12-13,2024-12-18,招商证券股份有限公司,,申购开放日为每周二、周三；赎回开放日为每月的第一个周二,否,,1万元起,,,,,0,,0.01%,0.01%,,20-50亿元,P1021611
团队跟踪,坤望锦鲤专享6号私募证券投资基金B类份额,ASB11B,坤望锦鲤专享6号私募证券投资基金B类份额,ASB11B,上海坤望,,2025-04-09,2025-04-14,广发证券股份有限公司,,每周周二、周三,可临开赎回,0%,1万元起,持有期小等于90 天，赎回费率为0.5%；持有期大于90 天，赎回费率为0%,,无,,0.015,,0.02%,0.02%,单客户高水位法，提取比例 20%；计提时点为投资者赎回日、基金清算基准日；连续两次计提间隔不短于 6 个月（赎回 / 清算除外）；计算结果≤0 则不计提,20-50亿元,P1072723
团队跟踪,金锝牵星1号C类,ASB89C,金锝牵星1号私募证券投资基金C类份额,ASB89C,上海金锝资管,,2024-12-26,2025-01-13,中信证券股份有限公司,,每个自然周的最后两个工作日,可临开赎回,1%,,持有期小于3个月，赎回费率1%；持有期大等于3个月，赎回费率0%；基金终止或清算，赎回费率0%（赎回费全额归入基金整体资产且不得减免）,,,,0.015,,0.015%,0.015%,"期间份额年化收益率超过 5%以上部分按照Y的比例收取业绩报酬：
Y=30%，R/D <1.5；
Y=40%，1.5≤ R/D <2.5；
Y=50%，2.5≤ R/D <3.5；
Y=60%，3.5 ≤ R/D。
计提基准日：固定计提基准日（每年 6 月、12 月的第 3 周（每月 1 日所在周为该月第 1 周）的最后一个工作日）、该类份额的除息日（若有）、赎回申请日和基金终止日（其中固定计提基准日和除息日（若有）统称为“统一计提基准日”）。",100亿元以上,P1008275
团队跟踪,锐耐日日积一号私募证券投资基金A类份额,ASG57A,锐耐日日积一号私募证券投资基金A类份额,ASG57A,上海锐耐,,2025-02-11,2025-02-14,国泰君安证券股份有限公司,,每周周二、周三,否,,,,,,,0,,,,,20-50亿元,P1071795
团队跟踪,嘉策省心享1号私募证券投资基金B类份额,ASK11B,嘉策省心享1号私募证券投资基金B类份额,ASK11B,上海嘉策百煅,,2024-12-25,2025-01-06,华泰证券股份有限公司,,,否,,,,,,,0,,,,,5-10亿元,P1073834
团队跟踪,泓湖省心享均衡配置六号私募证券投资基金A类份额,ASK75A,泓湖省心享均衡配置六号私募证券投资基金A类份额,ASK75A,上海泓湖,,2025-02-05,2025-02-05,华泰证券股份有限公司,,每周周三、周四,否,,,,,无,,0,,0.02%,0.02%,,100亿元以上,P1000395
团队跟踪,泓湖省心享均衡配置六号B类,ASK75B,泓湖省心享均衡配置六号私募证券投资基金B类份额,ASK75B,上海泓湖,,2025-02-05,2025-02-05,华泰证券股份有限公司,,每周周三、周四,否,0%,,持有期小于92天，赎回费率为1%；持有期大等于92天，赎回费率为0%,,无,,0.0075,,0.02%,0.02%,"在固定时点（基金成立后每年 12月最后一个周三，遇非工作日顺延）、基金份额持有人赎回B类基金份额或者基全终止时进行业绩报酬的提取。
如果r<5%，则R=0；
如果r≥5%，则R=FxCx(r-5%)x15%xT/365",100亿元以上,P1000395
团队跟踪,量道明察2号A类,ASQ14A,量道明察2号私募证券投资基金A类份额,ASQ14A,深圳量道投资,,2024-12-26,0000-00-00,,,每周三、周四（遇节假日不顺延）,可临开赎回,0,1 万元的整数倍,<90天为1%，>=90天为0%,,无,,0.01,,0.015%/年,0.015%/年,"计提方式：单客户单笔份额高水位法
计提时点：赎回日、基金终止日、分红权益登记日
计提比例：20%",100亿元以上,P1016658
团队跟踪,旭诺聚星CTA2号私募证券投资基金A类份额,ASQ49A,旭诺聚星CTA2号私募证券投资基金A类份额,ASQ49A,上海旭诺资管,,2025-01-23,2025-02-05,招商证券股份有限公司,,每周周三,可临开赎回,0%,,持有期小于3个月，赎回费率 1%；持有期大等于3个月，赎回费率为0%,,,,0.02,,0.01%,0.01%,20%,10-20亿元,P1002888
团队跟踪,金岭西湖逸云私募证券投资基金B类份额,ATJ37B,金岭西湖逸云私募证券投资基金B类份额,ATJ37B,青岛金岭,,2025-02-17,,,,每周第 2 个交易日,可临开赎回,1%,,持有期小于 90 个自然日，赎回费率为 1%；持有大等于 90 个自然日且小于 180个自然日，赎回费率为 0.5%；持有期大等于 180 个自然日，赎回费率为 0%,,,,0.01,,0.01％,0.01％,50%,0-5亿元,P1013666
团队跟踪,弈倍A500核心资产精选一号私募证券投资基金B类份额,ATL50B,弈倍A500核心资产精选一号私募证券投资基金B类份额,ATL50B,上海弈倍,,2025-01-17,2025-01-26,华泰证券股份有限公司,,每周周一、周二,可临开赎回,1%,1万元起,持有期小等于3个月，赎回费率为0.5%；持有期大于3个月，赎回费率为0%,,无,,0.01,,0.015%,0.015%,在业绩报酬提取时点，本基金B类份额收益率根据相对同期中证 A500 指数(SH.000510)收益率（超额收益率 Re）进行提取，计提10%,20-50亿元,P1061585
团队跟踪,半鞅沪深300指数增强1号私募证券投资基金B类份额,ATM64B,半鞅沪深300指数增强1号私募证券投资基金B类份额,ATM64B,半鞅基金,,2025-02-07,2025-02-11,华泰证券股份有限公司,,,否,,,,,,,0,,,,,100亿元以上,P1072919
团队跟踪,青琰合信十号C类,ATN49C,青琰合信十号私募证券投资基金C类份额,ATN49C,上海青琰,,2025-01-17,2025-01-23,中信证券股份有限公司,,每周周二、周三,可临开赎回,1%,,持有期小等于92天，赎回费率为1%；持有期大于92天，赎回费率0%,,,,0.01,,0.01%,0.01%,"在业绩报酬提取时点，本基金份额年化收益率根据相对同期北证50 指数年化收益率的 90%（超额年化收益率 Re）进行提取。提取比例为20%。
计提基准日：固定计提基准日（每年 6 月、12 月的第一个周二）、分红除权日、投资者赎回开放日、基金终止日",20-50亿元,P1073943
团队跟踪,谊恒滴海私享1号私募证券投资基金B类份额,ATQ53B,谊恒滴海私享1号私募证券投资基金B类份额,ATQ53B,上海滴海,,2025-02-21,2025-03-05,国泰君安证券股份有限公司,, 每周周三、周四（不顺延）,否,,,,,无,,0,,0.01%,0.01%,,10-20亿元,P1012859
团队跟踪,奇盾安富尊荣4号混合对冲A类,ATS63A,奇盾安富尊荣4号混合对冲私募证券投资基金A类份额,ATS63A,上海奇盾世家,,2025-02-14,2025-02-20,国泰君安证券股份有限公司,,每周周三,可临开赎回,0%,,持有期小于90天，赎回费率为 1%；持有期大等于90 天，赎回费率为 0%,,无,,0.01,,0.01%,0.01%,20%,20-50亿元,P1062571
团队跟踪,坤望凌云2号B类,ATW66B,坤望凌云2号私募证券投资基金B类份额,ATW66B,上海坤望,,2025-03-19,2025-03-24,国泰君安证券股份有限公司,,每周周一,否,0%,,持有期小于90天，赎回费率为1%；持有期大等于90天，赎回费率为0%,,无,,0.01,,0.015%,0.015%,B类份额：计提基准：年化7%；计提比例：60%,20-50亿元,P1072723
团队跟踪,亿富亨安仁一号C类,AUA33C,亿富亨安仁一号私募证券投资基金C类份额,AUA33C,青岛亿富亨,,2025-02-26,2025-03-03,,,每周二、周三  （T-1申请）,否,0,,持有期低于90天，赎回费0.5%,,,,0.01,,0.01%,0.01%,,0-5亿元,P1066070
团队跟踪,微观博易-金选黎夏中证2000指数增强一号私募证券投资基金C类份额,AUA91C,微观博易-金选黎夏中证2000指数增强一号私募证券投资基金C类份额,AUA91C,北京微观博易,,2025-04-17,2025-04-24,中信证券股份有限公司,,每个自然周的最后两个工作日,否,0%,1万元起,持有小于3 个月，赎回费率为 0.5%；持有期大等于3 个月，赎回费率为 0%,,,,0.01,,0.01%/年,0.01%/年,对实际收益率 R 超过同期中证 2000 指数（932000）的部分计提 20%的业绩报酬,100亿元以上,P1031932
团队跟踪,顽岩中证2000指数增强2号私募证券投资基金C类份额,AUC43C,顽岩中证2000指数增强2号私募证券投资基金C类份额,AUC43C,上海顽岩,,2025-05-22,2025-05-30,招商证券股份有限公司,,,否,,,,,,,0,,,,,100亿元以上,P1034708
团队跟踪,正定量化选股1号B类,AUD63B,正定量化选股1号私募证券投资基金B类份额,AUD63B,北京正定,,2025-02-12,2025-02-20,招商证券股份有限公司,,每周的周三、周四,否,0%,,持有期小于3个月，赎回费率为0.5%；持有期大等于3个月，赎回费率为0%,,无,,0.01,,0.01%,0.01%,计提比例：20%,100亿元以上,P1073791
团队跟踪,钇远永意1号A类,AUG23A,钇远永意1号私募证券投资基金A类份额,AUG23A,上海钇远,,2025-02-19,2025-02-26,中信证券股份有限公司,,每周周四、周五,否,0%,,持有期小于3个月，赎回费率为0.5%；持有期大等于3个月，赎回费率为0%,,,,0.01,,0.015%,0.015%,年化5%以上计提20%。单人单笔高水位,10-20亿元,P1074819
团队跟踪,铭跃配置二号私募证券投资基金B类份额,AUU51B,铭跃配置二号私募证券投资基金B类份额,AUU51B,上海铭跃,,2025-03-06,2025-03-18,国泰君安证券股份有限公司,,,否,,,,,,,0,,,,,50-100亿元,P1073580
团队跟踪,量道1000指增保护1号A类,AUZ12A,量道1000指增保护1号私募证券投资基金A类份额,AUZ12A,深圳量道投资,,2025-03-06,2025-03-11,国泰君安证券股份有限公司,,每周周三、周四，如遇非交易日，则顺延至本周的下一交易日，如本周无下一交易日的，则本周不开放。,可临开赎回,1%,1 万元的整数倍,份额持有期低于90天（不含）的赎回费率为1%，基金份额持有期在90天及以上的赎回费率为0%。,,无,,0.007,,0.015%/年,0.015%/年,"计提方式：采用单个投资者单份额高水位法
计提时点：投资者赎回日、分红权益登记日、基金清算日
计提比例：15%",100亿元以上,P1016658
团队跟踪,量道股票量化多头1号私募证券投资基金A类份额,AUZ41A,量道股票量化多头1号私募证券投资基金A类份额,AUZ41A,深圳量道投资,,2025-03-21,2025-03-26,兴业证券股份有限公司,,"每周三,每周四开放申购和赎回（上述日期如遇非交易日，则该日不开放也不顺延）",可临开赎回,1%,1 万元的整数倍,<90天为0.5%，>=90天为0%,,无,,0.01,,0.015%/年,0.015%/年,"计提方式：采用单个投资者单份额高水位法
计提时点：投资者赎回日、分红权益登记日、基金清算日
计提比例：20%",100亿元以上,P1016658
团队跟踪,倍致之江朔望B类,AVG97B,倍致之江朔望私募证券投资基金B类份额,AVG97B,杭州倍致,,2025-03-27,2025-04-01,招商证券股份有限公司,,每周周五,可临开赎回,1%,10 万元起,持有期小于90天，赎回费率为1%；持有期大等于90天，赎回费率为0%,,,,0.012,,0.01%,0.01%,采用单个投资者单笔高水位净值法，在赎回、分红、清算日计提，计提比例20%。,50-100亿元,P1073143
团队跟踪,和美水豚全市场选股增强A类,AVK44A,和美水豚全市场选股增强私募证券投资基金A类份额,AVK44A,和美资本,,2025-03-19,2025-03-20,中信证券股份有限公司,,,否,,,,,,,0,,,,,20-50亿元,P1004868
团队跟踪,和美水豚灵活对冲2号私募证券投资基金A类份额,AVN61A,和美水豚灵活对冲2号私募证券投资基金A类份额,AVN61A,和美资本,,2025-03-13,2025-03-13,中信证券股份有限公司,,每周三，遇假顺延,可临开赎回,0%,无限制,3个月（90天）持有期内，1%；不可免,,无,,0.015,B类：管理人及其关联份额，A类份额：B类份额之外的投资人,0.01%,0.01%,"类型：1.整体收益收取，0%收益以上收取；
说明：计提比例30%",20-50亿元,P1004868
团队跟踪,香农福星高照量化选股二号B类,AVR86B,香农福星高照量化选股二号私募证券投资基金B类份额,AVR86B,海南三亚香农,,2025-04-03,2025-04-09,华泰证券股份有限公司,,每周二、周三,否,0%,1万元起,持有时间在0-92天（含）内，赎回费率为0.8%，持有时间在92天以上，赎回费率为0%,,无（本基金管理人及其员工认购或申购本基金份额的，其单笔基金份额锁定期为6个月）,,0.01,,0.015%,0.015%,20%,20-50亿元,P1072386
团队跟踪,亦赋尤里卡1号多策略B类,AVU56B,亦赋尤里卡1号多策略私募证券投资基金B类份额,AVU56B,海南亦赋,,2025-03-20,2025-03-26,中信证券股份有限公司,,固定开放日为成立后每个自然周的周三和周四，如对应日为非工作日，则顺延至本周下一个工作日，若本周无下一个工作日的，则该对应日不开放。,否,,,,,,,0.015,,,,,50-100亿元,P1073329
团队跟踪,顽岩中证1000专享3号私募证券投资基金B类份额,AVV87B,顽岩中证1000专享3号私募证券投资基金B类份额,AVV87B,上海顽岩,,2025-04-07,2025-04-10,华泰证券股份有限公司,,,否,,,,,,,0,,,,,100亿元以上,P1034708
团队跟踪,简文致盛尊享一号B类,AVV99B,简文致盛尊享一号私募证券投资基金B类份额,AVV99B,上海简文,,2025-03-21,2025-04-03,华泰证券股份有限公司,,每周周一、周二,否,0%,1万,持有期小等于92天，赎回费率为0.5%；持有期大于92天，赎回费率为0%,,无,,0.01,,,,本基金采用“单个投资者单份额高水位法”。25%,10-20亿元,P1022166
团队跟踪,念空指增稳健Plus1号私募证券投资基金A类份额,AWC55A,念空指增稳健Plus1号私募证券投资基金A类份额,AWC55A,上海念空,,2025-04-03,2025-04-09,中国银河证券股份有限公司,,,否,,,,,,,0,,,,,50-100亿元,P1016966
团队跟踪,念空指增稳健Plus1号私募证券投资基金B类份额,AWC55B,念空指增稳健Plus1号私募证券投资基金B类份额,AWC55B,上海念空,,2025-04-03,2025-04-09,中国银河证券股份有限公司,,每周最后一个交易日(不递延),可临开赎回,1%,,≤90天：1%     ＞90天：0%，归属基金资产,,无,,0.01,A类：2% B类：1%,0.05%,0.05%,"A类：20%(收益计提)       B类：14%(收益计提)
",50-100亿元,P1016966
团队跟踪,添禄投资添增一号C类,AWM31C,添禄投资添增一号私募证券投资基金C类份额,AWM31C,上海添禄投资,,2025-05-15,2025-05-20,国泰海通证券股份有限公司,,每周第一、第二个交易日,否,1%（可免）,,持有期小于3个月，赎回费率为0.5%；持有期大等于3个月，赎回费率为0%；赎回费（含短期赎回费）全部归入整体基金资产,,,,0.01,,0.02%,0.02%,对超出业绩报酬计提基准的收益按C类份额20%进行计提,20-50亿元,P1064139
团队跟踪,智信融科CTA十号私募证券投资基金C类份额,AWP32C,智信融科CTA十号私募证券投资基金C类份额,AWP32C,北京智信融科投资,,2025-04-10,2025-04-22,华泰证券股份有限公司,,每周的第2、3个工作日，无对应工作日的，则不开放,可临开赎回,0%,10万元起,持有期小等于3个月，赎回费1%；持有期大于3个月，赎回费0%,,无,,0.02,,0.015%,0.015%,"计提基准日：在固定时点（基金成立后每年12月最后一个工作日）、基金收益分配、基金份额持有人赎回基金份额或者基金终止时进行业绩报酬的提取；
单个投资者单份额高水位法，计提20%；",10-20亿元,P1034183
团队跟踪,山海天华1号A类,AWQ76A,山海天华1号私募证券投资基金A类份额,AWQ76A,海南山海,,2025-04-10,2025-04-16,广发证券股份有限公司,,本基金的申赎开放日为每周周三，遇非工作日，则不开放。,否,0,,0,,,,0.005,0.5%/年，每日计提，按自然季度支付。,,,"计提方式： 按照基金投资者每一笔认购或申购份额单独计算其年化收益率，针对不同的年化收益率区间，设置不同的计提比例。
计提基准日： 投资者赎回日、基金收益分配基准日和基金清算基准日。
计提频率限制： 连续两次计提业绩报酬的间隔期不应短于6个月（投资者赎回或基金清算计提业绩报酬除外）。",5-10亿元,P1073708
团队跟踪,山海天华1号B类,AWQ76B,山海天华1号私募证券投资基金B类份额,AWQ76B,海南山海,,2025-04-10,2025-04-16,广发证券股份有限公司,,本基金的申赎开放日为每周周三，遇非工作日，则不开放。,否,0,,0,,,,0.005,0.5%/年，每日计提，按自然季度支付。,,,"计提方式： 按照基金投资者每一笔认购或申购份额单独计算其年化收益率，针对不同的年化收益率区间，设置不同的计提比例。
计提基准日： 投资者赎回日、基金收益分配基准日和基金清算基准日。
计提频率限制： 连续两次计提业绩报酬的间隔期不应短于6个月（投资者赎回或基金清算计提业绩报酬除外）。",5-10亿元,P1073708
团队跟踪,彬元天源量化私募证券投资基金A类份额,AWR20A,彬元天源量化私募证券投资基金A类份额,AWR20A,上海彬元资管,,2025-04-07,2025-04-07,招商证券股份有限公司,,每周二,否,,,90天内1%,,,,0.01,,,,15%,5-10亿元,P1004308
团队跟踪,彬元天源量化私募证券投资基金B类份额,AWR20B,彬元天源量化私募证券投资基金B类份额,AWR20B,上海彬元资管,,2025-04-07,2025-04-07,招商证券股份有限公司,,每个周二（遇非交易日顺延）,否,,,,,,,0.01,,,,15%,5-10亿元,P1004308
团队跟踪,添禄投资添睿六号私募证券投资基金C类份额,AWV23C,添禄投资添睿六号私募证券投资基金C类份额,AWV23C,上海添禄投资,,2026-03-11,2026-03-19,国泰海通证券股份有限公司,,每周第2至第3个交易日,可临开赎回,1%,,持有期小于3个月，赎回费率为0.5%；持有期大等于3个月，赎回费率为0%；赎回费归入整体基金资产，管理人不得减免。,,无,,0.01,,0.02%,0.02%,20%,20-50亿元,P1064139
团队跟踪,远和可安1号A类,AWW89A,远和可安1号私募证券投资基金A类份额,AWW89A,杭州远和,,2025-04-18,,,,每周周二、周三,可临开赎回,0%,,持有期小于90天，赎回费率为1%,,无,,0.01,,0.01%,0.01%,"计提时点：分红、赎回、清算、固定时点计提（每自然年度 6月和 12 月的最后一个交易日固定计提）。
计提方法：单人单笔高水位法
计提比例：A 类 18%（绝对收益计提）25.11.20日补充协议增加了C类份额，其他无影响",50-100亿元,P1074945
团队跟踪,远和可安1号私募证券投资基金B类份额,AWW89B,远和可安1号私募证券投资基金B类份额,AWW89B,杭州远和,,2025-04-18,,,,每周周二、周三,可临开赎回,0%,,持有期小于90天，赎回费率为1%，持有期大等于90天，赎回费率为 0%,,无,,0.015,,0.01%,0.01%,"计提时点：分红、赎回、清算、固定时点计提（每自然年度 6月和 12 月的最后一个交易日固定计提）。
计提方法：单人单笔高水位法
计提比例：B 类 20%（绝对收益计提）",50-100亿元,P1074945
团队跟踪,盛冠达泽众9号私募证券投资基金A类份额,AWX37A,盛冠达泽众9号私募证券投资基金A类份额,AWX37A,海南盛冠达,,2025-04-11,2025-04-17,招商证券股份有限公司,,每周二、三,否,1%,,0-1%（90天为界）,,,,0.01,,0.015%,0.015%,单人单笔高水位，20%,20-50亿元,P1001070
团队跟踪,锡和骐骥2号A类,AWY65A,锡和骐骥2号私募证券投资基金A类份额,AWY65A,上海锡和,,2025-04-18,2025-04-23,国泰海通证券股份有限公司,,每周周二、周三,否,,,,,,,0.01,,0.015%,,,5-10亿元,P1074621
团队跟踪,澜熙海川2号私募证券投资基金A类份额,AWZ03A,澜熙海川2号私募证券投资基金A类份额,AWZ03A,上海澜熙资管,,2025-07-02,2025-07-07,中泰证券股份有限公司,,每周周三,否,申购金额低于 200 万元，申购费为0.5%；申购金额大等于 200 万元，申购费为0%,,持有期小等于90天，赎回费率为0.5%；持有期大于90天，赎回费率为0%,,,,0.01,,0.02%,0.02%,"业绩报酬提取时点分为分红时提取、赎回时提取和合同终止时提取；
计提比例 35%",5-10亿元,P1062538
团队跟踪,靖奇鹰击一号A类,AWZ19A,靖奇鹰击一号私募证券投资基金A类份额,AWZ19A,上海靖奇投资,,2025-04-29,2025-05-08,国泰海通证券股份有限公司,,每周周三、周四,可临开赎回,0%,,持有期小于90日，赎回费率0.5%；持有期大等于90日，赎回费率0%,,无,,0.01,,0.01%,0.01%,当基金份额赎回、基金终止或分红时，该赎回份额或分红份额当期收益低于等于年化6%，管理人不提取业绩报酬。当基金份额赎回、基金终止或分红时，且该赎回份额或分红份额当期收益大于年化6%，管理人提取该份额整体盈利部分的40%作为业绩报酬，但计提后该笔份额的当期年化收益不低于6%,0-5亿元,P1019905
团队跟踪,靖奇鹰击一号私募证券投资基金B类份额,AWZ19B,靖奇鹰击一号私募证券投资基金B类份额,AWZ19B,上海靖奇投资,,2025-04-29,2025-05-08,国泰海通证券股份有限公司,,每周周三、周四,可临开赎回,0%,,持有期小于90日，赎回费率0.5%；持有期大等于90日，赎回费率0%,,无,,0.005,,0.01%,0.01%,当基金份额赎回、基金终止或分红时，该赎回份额或分红份额当期收益低于等于年化6%，管理人不提取业绩报酬。当基金份额赎回、基金终止或分红时，且该赎回份额或分红份额当期收益大于年化6%，管理人提取该份额整体盈利部分的40%作为业绩报酬，但计提后该笔份额的当期年化收益不低于6%,0-5亿元,P1019905
团队跟踪,兰盈阿尔法组合2号A类,AWZ89A,兰盈阿尔法组合2号私募证券投资基金A类份额,AWZ89A,上海兰盈量投,,2025-05-16,2025-05-21,中信证券股份有限公司,,每周周二、周三,可临开赎回,0%,,持有期小于3个月，赎回费率为0.5%；持有期大等于3个月，赎回费率为0%,,,,0.008,,0.01%,0.01%,"计提基准日分为固定计提基准日、该类份额的除息日（若有）、赎回申请日和基金终止日（其中固定计提基准日和除息日（若有）统称为“统一计提基准日”），固定计提基准日为封闭期（若有）结束后的每年 12 月第 4 个周三（如遇节假日则顺延至下一周的周三）。
当期间年化收益率大于【6】%时，对所有收益按照【60】%的比例收取业绩报酬，且计提后该笔份额的期间年化收益率不低于【6】%。",10-20亿元,P1073965
团队跟踪,领容炽航泓途私募证券投资基金A类份额,AXA95A,领容炽航泓途私募证券投资基金A类份额,AXA95A,上海领容投资,,2025-04-11,2025-04-16,招商证券股份有限公司,,每周周二、周三,可临开赎回,,,,,,,0,,0.01%,0.01%,,10-20亿元,P1071654
团队跟踪,领容炽航泓途B类,AXA95B,领容炽航泓途私募证券投资基金B类份额,AXA95B,上海领容投资,,2025-04-11,2025-04-16,招商证券股份有限公司,,每周周二、周三,可临开赎回,0%,,持有期小于3个月，赎回费率1%；持有期大等于3个月，赎回费率0%,,,,0.005,,0.01%,0.01%,"当R≤ 0%时，则不提取业绩报酬。
当 0%<R≤ 5%时，对整体收益部分提取0%作为业绩报酬，即:E=Fx(A-C)xU%。
当 5%< R≤ 20%时，对整体收益部分提取20%作为业绩报酬，即:E=Fx(A-C)xR%。
当R>20%时，对整体收益部分提取30%作为业绩报酬，即:E=Fx(A-C)xT%",10-20亿元,P1071654
团队跟踪,领容炽航泓途私募证券投资基金C类份额,AXA95C,领容炽航泓途私募证券投资基金C类份额,AXA95C,上海领容投资,,2025-04-11,2025-04-16,招商证券股份有限公司,,每周周二、周三,可临开赎回,,,,,,,0,,0.01%,0.01%,,10-20亿元,P1071654
团队跟踪,盈怀听沨1号私募证券投资基金A类份额,AXF31A,盈怀听沨1号私募证券投资基金A类份额,AXF31A,南京盈怀,,2025-04-16,2025-04-21,中信证券股份有限公司,,本基金固定开放日为每个自然周的周二和周三，接受申购和赎回申请，如对 应日为非工作日，则顺延至本周下一个工作日，若本周无下一个工作日的，则该 对应日不开放。,可临开赎回,本基金 A 类份额申购费率为 0.25%，B 类、C 类份额申购费率为 0%；基金管理人有权减免基金投资者的申购费用。,无,D＜3 个月 0.5%， D≥3 个月 0% ，基金终止或清算 0%,,,,0.0075,基金 A 类份额的年管理费率为 0.75%，本基金 C 类份额的年管理费率为 1%。,0.01%,0.01%,A 类份额业绩报酬的提取比例（Y）为 25%，C 类份额业绩报酬的提取比例（Y）为 25%。,20-50亿元,P1074847
团队跟踪,九木CTA1号A类,AXH50A,九木CTA1号私募证券投资基金A类份额,AXH50A,深圳九木,,2025-04-22,2025-04-25,,,,否,,,,,,,0,,,,,10-20亿元,P1074963
团队跟踪,罗维盈安启航共赢1号私募证券投资基金B类份额,AXK98B,罗维盈安启航共赢1号私募证券投资基金B类份额,AXK98B,宁波罗维盈安投资,,2025-05-09,2025-05-14,国泰海通证券股份有限公司,,每周周四、周五,可临开赎回,0%,,持有期小于90天，赎回费率为1%；持有期大等于90天，赎回费率为0%,,无,,0.01,,0.02%,0.02%,30%,10-20亿元,P1069532
团队跟踪,青琰捷北一号C类,AXL54C,青琰捷北一号私募证券投资基金C类份额,AXL54C,上海青琰,,2025-04-29,2025-05-07,华泰证券股份有限公司,,每周周二、周三,否,1%,,持有期小等于92天，赎回费率为1%；持有期大于92天，赎回费率0%,,,,0.01,,0.01%,0.01%,"在业绩报酬提取时点，本基金份额年化收益率根据相对同期北证50 指数年化收益率的 90%（超额年化收益率 Re）进行提取。提取比例为20%。
计提基准日：固定计提基准日（每年 6 月 26 日和 12 月 26 日）、分红除权日、投资者赎回开放日、基金终止日",20-50亿元,P1073943
团队跟踪,远和可旺1号私募证券投资基金B类份额,AXN65B,远和可旺1号私募证券投资基金B类份额,AXN65B,杭州远和,,2025-04-22,2025-04-25,招商证券股份有限公司,,每周周三、周四,可临开赎回,0%,,持有期小于90天，赎回费率为1%；持有期大等于90天，赎回费率为0%,,无,,0.015,,0.01%,0.01%,"对期间年化收益率超过0%的部分提取20%。
计提基准日:赎回、分红、清算日，每自然年6月和12月的最后一个固定开放日",50-100亿元,P1074945
团队跟踪,绵烁低波进取1号私募证券投资基金A类份额,AXV36A,绵烁低波进取1号私募证券投资基金A类份额,AXV36A,上海绵烁资管,,2025-05-22,,,,每周周二、周三,可临开赎回,3%,,持有期小于 90 天，赎回费率为 0.5%；持有期大等于90天，赎回费率为 0%,,无,,0.01,,0.01%,0.01%,"A类份额：50%。
计提基准日：投资者赎回日、【每年 6 月、12 月最后一个交易日（固定日，但封闭期及/或锁定期（如有）除外）】、【分红权益登记日】和基金清算日",20-50亿元,P1060665
团队跟踪,绵烁低波稳健1号私募证券投资基金A类份额,AXV37A,绵烁低波稳健1号私募证券投资基金A类份额,AXV37A,上海绵烁资管,,2025-05-22,,,,每周周二、周三,可临开赎回,3%,,持有期小于 90 天，赎回费率为 0.5%；持有期大等于90天，赎回费率为 0%,,无,,0.01,,0.01%,0.01%,"A类份额：计提触发条件年化 5.5%；计提比例：60%；计提后基金份额持有人年化收益率不低于业绩报酬计提触发条件。
业绩报酬的计提基准日：投资者赎回日、每年 6 月、12 月最后一个交易日（固定日，但封闭期及/或锁定期（如有）除外）、分红权益登记日和基金清算日。",20-50亿元,P1060665
团队跟踪,钇远寻闲1号私募证券投资基金A类份额,AYC12A,钇远寻闲1号私募证券投资基金A类份额,AYC12A,上海钇远,,2025-05-19,2025-05-22,中信证券股份有限公司,,,否,,,,,,,0,,,,,10-20亿元,P1074819
团队跟踪,融昊青松CTA套利三号私募证券投资基金A类份额,AYG33A,融昊青松CTA套利三号私募证券投资基金A类份额,AYG33A,上海融昊投资,,2025-06-10,2025-06-13,招商证券股份有限公司,,每个自然月5、20日,可临开赎回,,,少于3个月，赎回费1%，归基金资产,,,,0.01,,0.01%,0.01%,A类：20%,10-20亿元,P1007411
团队跟踪,钜融六盘山1号A类,AYJ71A,钜融六盘山1号私募证券投资基金A类份额,AYJ71A,中海外钜融资管,,2025-05-19,2025-05-29,长江证券股份有限公司,,每周三、周四,可临开赎回,0%,,持有期小于3个月，赎回费率为0.5%；持有期大等于3个月，赎回费率为0%,,,,0.01,,0.015%,0.015%,当某笔份额在计提区间内的期间年化收益率超过 6%时，对该笔份额在该期间内的所有收益部分按照 40%的比例收取业绩报酬，且计提完业绩报酬后该笔份额在该期间内的年化收益率不低于 6%。,10-20亿元,P1001037
团队跟踪,钜融六盘山1号B类,AYJ71B,钜融六盘山1号私募证券投资基金B类份额,AYJ71B,中海外钜融资管,,2025-05-14,,,,每周三、周四,可临开赎回,0%,,持有期小于3个月，赎回费率为0.5%；持有期大等于3个月，赎回费率为0%,,,,0.006,,0.015%,0.015%,当某笔份额在计提区间内的期间年化收益率超过 6%时，对该笔份额在该期间内的所有收益部分按照 40%的比例收取业绩报酬，且计提完业绩报酬后该笔份额在该期间内的年化收益率不低于 6%。,10-20亿元,P1001037
团队跟踪,朴时CTA一号私募证券投资基金B类份额,AYP13B,朴时CTA一号私募证券投资基金B类份额,AYP13B,上海朴时投资,,2025-05-21,2025-05-30,国泰海通证券股份有限公司,,每周五（提前）,可临开赎回,0,,"少于90天，1%
少于180天,0.5%
归基金",,无,,0.01,,0.01%,0.01%,20%,10-20亿元,P1066101
团队跟踪,时代共赢龙盘一号私募证券投资基金A类份额,AYW49A,时代共赢龙盘一号私募证券投资基金A类份额,AYW49A,海南时代共赢,,2025-06-17,2025-06-20,国泰海通证券股份有限公司,,每周周四、周五,否,1%,,持有期小于90天，赎回率为0.5%；持有期大等于90天，赎回费率为0%,,,,0.01,,0.015%,0.015%,"当基金份额赎回、基金终止或分红时，且该赎回份额或分红份额当期收益大于年化 6%，小于年化35%时，管理人提取该份额整体盈利部分的50%作为业绩报酬，但计提后该笔份额的当期年化收益不低于6%。
当基金份额赎回、基金终止或分红时，且该赎回份额或分红份额当期收益大于等于年化35%时，管理人提取该份额整体盈利部分的 60%作为业绩报酬，但计提后该笔份额的当期年化收益不低于6%。",10-20亿元,P1071911
团队跟踪,榕树海鲲鹏2号B类,AYW72B,榕树海鲲鹏2号私募证券投资基金B类份额,AYW72B,珠海榕树海,,2025-05-27,,,,每周周三、周四,可临开赎回,0%,,持有期小于90 天， 赎回费率为0.5%；持有期大等于90 天，赎回费率为0%,,无,,0.01,,0.01%,0.01%,20%,20-50亿元,P1074726
团队跟踪,山海万龙云顶一号私募证券投资基金A类份额,AYX14A,山海万龙云顶一号私募证券投资基金A类份额,AYX14A,海南山海,,2025-05-27,2025-05-30,招商证券股份有限公司,,固定开放日为每周二、周三,否,,,1、申购费用：本基金申购费率为0。 2、赎回费用：若基金份额持有时间少于3个月，赎回费率0.5%（即违约赎回费率）；若基金份额持有时间大于等于3个月，不收取赎回费。,,,,0.005,,,,,5-10亿元,P1073708
团队跟踪,山海万龙云顶一号私募证券投资基金B类份额,AYX14B,山海万龙云顶一号私募证券投资基金B类份额,AYX14B,海南山海,,2025-05-27,2025-05-30,招商证券股份有限公司,,每周周二周三开放,否,,,,,,,0,,,,,5-10亿元,P1073708
团队跟踪,彬元量化市场中性1号私募证券投资基金A类份额,AZL37A,彬元量化市场中性1号私募证券投资基金A类份额,AZL37A,上海彬元资管,,2025-06-20,2025-06-20,招商证券股份有限公司,,每周二,否,,,90天1%,,无,,0.01,,,,15%,5-10亿元,P1004308
团队跟踪,彬元量化市场中性1号私募证券投资基金B类份额,AZL37B,彬元量化市场中性1号私募证券投资基金B类份额,AZL37B,上海彬元资管,,2025-06-20,2025-06-20,招商证券股份有限公司,,,否,,,,,,,0,,,,,5-10亿元,P1004308
团队跟踪,和融联冰宁私募证券投资基金B类份额,AZM07B,和融联冰宁私募证券投资基金B类份额,AZM07B,广州和融联,,2025-06-11,2025-06-20,国泰海通证券股份有限公司,,,否,,,,,,,0,,,,,10-20亿元,P1074448
团队跟踪,宏丰柏乐富时一号私募证券投资基金B类份额,AZP81B,宏丰柏乐富时一号私募证券投资基金B类份额,AZP81B,深圳宏丰,,2025-06-05,2025-06-23,中信证券股份有限公司,,,否,,,,,,,0,,,,,0-5亿元,P1067451
团队跟踪,新时代共赢七号私募证券投资基金A类份额,AZP85A,新时代共赢七号私募证券投资基金A类份额,AZP85A,海南时代共赢,,2025-06-17,2025-06-20,国泰海通证券股份有限公司,,每周周四、周五,可临开赎回,0%,,持有期小于90天 ，赎回费率为 0.5%；持有期大等于90天 ，赎回费率为 0%,,,,0.01,,0.015%,0.015%,业绩报酬基准6.0%，超过6%份额整体计提比例为 40%,10-20亿元,P1071911
团队跟踪,纽达投资善衡广益七号私募证券投资基金B类份额,B0390B,纽达投资善衡广益七号私募证券投资基金B类份额,B0390B,珠海纽达投资,,2023-07-10,2023-07-14,广发证券股份有限公司,,每周周一、周三,否,0%,,0%,,,,0.0075,销售服务费：0.75%,0.05%,0.05%,20%,100亿元以上,P1066731
团队跟踪,南京长木常青1号A类,B2050A,南京长木常青1号私募证券投资基金A类份额,B2050A,南京长木,,2023-06-07,2023-06-12,招商证券股份有限公司,,每个自然周的周三（遇法定节假日则顺延至下一工作日）,可临开赎回,0%,追加金额应不低于 10 万元人民币（不含申购费）。,0%,0.8,无,0.7,0.014,1.4%,0.015%,0.015%,"当基金份额赎回、基金终止或分红时，赎回份额或分红份额当期年化收益超过 0%（不含）低于 30%（含），管理人将提取超过年化收益 0%盈利部分的 20%作为业绩报酬；
当基金份额赎回、基金终止或分红时，赎回份额或分红份额当期年化收益超过 30%（不含），管理人将提取年化收益 0%-30%盈利部分的 20%以及年化收益 30%以上盈利部分的 30%作为业绩报酬；",10-20亿元,P1074504
团队跟踪,蒙玺广益1号私募证券投资基金B类份额,B2425B,蒙玺广益1号私募证券投资基金B类份额,B2425B,上海蒙玺投资,,2023-07-18,2023-08-14,广发证券股份有限公司,,每月份的10号-13号（连续开放4个交易日）,否,0%,1万元起,0%,0.88,,0.85,0.01,,0.05%,0.05%（销售服务费：0.5%）,单客户高水位法，计提20%,100亿元以上,P1063294
团队跟踪,展弘优选套利运作1号私募证券投资基金B类份额,B2690B,展弘优选套利运作1号私募证券投资基金B类份额,B2690B,上海展弘投资,,2023-07-12,2023-07-12,华泰证券股份有限公司,,每周周一、周三及每月第20个自然日,否,0%,1万元起,持有0-90天 ：1%；持有90天（含）以上：0%,,,,0.01,,,,20%,100亿元以上,P1015638
团队跟踪,尚艺量化全天候国稳版1号B类,B2728B,尚艺量化全天候国稳版1号私募证券投资基金B类份额,B2728B,北京尚艺,,2023-06-13,2023-06-13,中信证券股份有限公司,,每周周二、周三,可临开赎回,0%,1万元起,持有期小于6个月，赎回费率为0.5%；持有期大等于6个月，赎回费率为0%,,,,0.015,,0.013%,0.013%,管理人将根据委托人每笔投资的期间年化收益率（R），对期间年化收益率超过 5.2%以上部分按照比例 Y 收取业绩报酬。其中，B 类份额业绩报酬的提取比例（Y）为40%,50-100亿元,P1006152
团队跟踪,永利商品精选1号私募证券投资基金A类份额,B3139A,永利商品精选1号私募证券投资基金A类份额,B3139A,浙江钱唐永利资管,,2023-08-15,2023-08-18,招商证券股份有限公司,,2月15日、8月15日,否,0,,"少于300天,1%
归基金",,,0.7,0.02,,0.02%,0.02%,20%,50-100亿元,P1071364
团队跟踪,星云至恒北极星波动率私募证券投资基金B类份额,B3162B,星云至恒北极星波动率私募证券投资基金B类份额,B3162B,厦门星云至恒,,2023-07-17,2023-07-26,招商证券股份有限公司,,,否,,,,,,,0,,,,,0-5亿元,P1074598
团队跟踪,孝庸市场中性一号B类,B3935B,孝庸市场中性一号私募证券投资基金B类份额,B3935B,上海孝庸,,2023-06-29,2023-06-29,国泰君安证券股份有限公司,,"申购开放日：每周周二、周四；
赎回开放日：每年2、5、8、10月的最后1个交易日",可临开赎回,0%,不低于1万元,小于365天1%，365天及以上0%,0.85,无,0.8,0.01,A类份额0%，B类份额1%,0.01%,0.01%,"整体收益收取：
业绩报酬的计算采用单个投资者单笔高水位净值法，计提比例：20%；",100亿元以上,P1031310
团队跟踪,卓胜金选量化对冲1号私募证券投资基金B类份额,B4202B,卓胜金选量化对冲1号私募证券投资基金B类份额,B4202B,上海卓胜,,2023-07-18,2023-07-24,国泰君安证券股份有限公司,,,否,,,,,,,0,,,,,0-5亿元,P1073962
团队跟踪,国源不争8号私募证券投资基金A类份额,B4453A,国源不争8号私募证券投资基金A类份额,B4453A,深圳国源信达资管,,2023-07-04,2023-07-12,国泰君安证券股份有限公司,,每周周三,可临开赎回,1%,,持有期小于365 天，赎回费率为 1.5%；持有期大等于365 天，赎回费率为 0%,0.88,无,0.7,0.015,,0.025%,0.025%,20%,100亿元以上,P1061199
团队跟踪,展弘广益多策略1号私募证券投资基金B类份额,B4589B,展弘广益多策略1号私募证券投资基金B类份额,B4589B,上海展弘投资,,2023-07-21,2023-07-25,广发证券股份有限公司,,每月第二个周五,否,0%,,0%,0.9,,0.85,0.01,销售服务费：0.5%,0.03%,0.03%,对每笔份额的份额累计净值超过历史计提日最高份额累计净值部分，计提20%,100亿元以上,P1015638
团队跟踪,宽德金选股票量化优选1号私募证券投资基金B类份额,B4590B,宽德金选股票量化优选1号私募证券投资基金B类份额,B4590B,上海宽德,,2023-08-01,2023-08-04,国泰君安证券股份有限公司,,,否,,,,,,,0,,,,,100亿元以上,P1005623
团队跟踪,孝庸指数增强1号私募证券投资基金A类份额,B5898A,孝庸指数增强1号私募证券投资基金A类份额,B5898A,上海孝庸,,2023-07-12,2023-07-12,中信证券股份有限公司,,,否,,,,,,,0,,,,,100亿元以上,P1031310
团队跟踪,润波康钿宏观对冲私募证券投资基金A类份额,B6182A,润波康钿宏观对冲私募证券投资基金A类份额,B6182A,上海润波涌跃,,2023-08-10,2023-08-16,国泰君安证券股份有限公司,,每周周二、周四,否,,,,0.85,无,0.8,0,,,,,0-5亿元,P1074431
团队跟踪,润波康钿宏观对冲私募证券投资基金B类份额,B6182B,润波康钿宏观对冲私募证券投资基金B类份额,B6182B,上海润波涌跃,,2023-08-10,2023-08-16,国泰君安证券股份有限公司,,每周周二、周四,否,0%,,0%,0.85,无,0.8,0.01,,,,计提比例：20%,0-5亿元,P1074431
团队跟踪,润波康钿宏观对冲私募证券投资基金C类份额,B6182C,润波康钿宏观对冲私募证券投资基金C类份额,B6182C,上海润波涌跃,,2023-08-10,2023-08-16,国泰君安证券股份有限公司,,每周周二、周四,否,,,,0.85,无,0.8,0,,,,,0-5亿元,P1074431
团队跟踪,安贤CTA2号私募证券投资基金B类份额,B6253B,安贤CTA2号私募证券投资基金B类份额,B6253B,北京安贤,,2023-08-09,2023-08-09,国信证券股份有限公司,,每周周五,可临开赎回,0%,,持有期小于90 天，赎回费率为 1%，赎回费归基金财产。红利转投份额不收取赎回费。,,,,0.01,,0.01%年,0.01%年,20%,50-100亿元,P1070195
团队跟踪,锐耐多伽马一号私募证券投资基金C类份额,B6577C,锐耐多伽马一号私募证券投资基金C类份额,B6577C,上海锐耐,,2023-07-28,2023-08-04,招商证券股份有限公司,,每个工作日,否,1%,1万元起,持有期小于180天，赎回费率为2%；持有期大等于180天且小于360天，赎回费率为1%；持有期大等于360天，赎回费率为0%,,,,0.01,,0.025%/年,0.025%/年,15%,20-50亿元,P1071795
团队跟踪,谦信波动率对冲私募证券投资基金八号A类份额,B6616A,谦信波动率对冲私募证券投资基金八号A类份额,B6616A,杭州谦信投资,,2023-07-26,2023-08-02,国泰君安证券股份有限公司,,,否,,,,,,,0,,,,,0-5亿元,P1067210
团队跟踪,华软新动力精选对冲13号私募证券投资基金B类份额,B6790B,华软新动力精选对冲13号私募证券投资基金B类份额,B6790B,北京华软新动力,,2023-07-26,2023-08-03,国信证券股份有限公司,,每日开放申赎,否,1%,,0,,0,,0,2%,,,单人单笔高水位18%,50-100亿元,P1000997
团队跟踪,雨顺量化对冲日升8号私募证券投资基金A类份额,B8113A,雨顺量化对冲日升8号私募证券投资基金A类份额,B8113A,深圳雨顺,,2023-08-11,2023-08-24,国泰君安证券股份有限公司,,每周周一、周三、周五,否,,,,,无,,0,,0.015%,0.015%,,5-10亿元,P1030524
团队跟踪,尚湖期权套利悦享1号私募证券投资基金A类份额,B8234A,尚湖期权套利悦享1号私募证券投资基金A类份额,B8234A,上海尚湖,,2023-08-29,2023-09-05,国泰君安证券股份有限公司,,申购开放日为每个工作日，赎回开放日为每周周五,可临开赎回,0%,1万元起,持有期小于180天的，赎回费率为0.5%；持有期大等于180天，赎回费率为0%,0.9,无,0.85,0.008,,0.015%,基金的运营服务费0.015%,单人单笔高水位法；18%,0-5亿元,P1025740
团队跟踪,永誉天泽经纶八号证券投资私募基金A类份额,B8243A,永誉天泽经纶八号证券投资私募基金A类份额,B8243A,青岛永誉天泽,,2023-08-07,2023-08-14,招商证券股份有限公司,,每周周二、周三,可临开赎回,0%,10万元起,0%,0.95,,0.92,0.01,,0.025%,0.025%,单客户单笔份额高水位法，计提16%,5-10亿元,P1072402
团队跟踪,半鞅量化专享9号私募证券投资基金B类份额,B8634B,半鞅量化专享9号私募证券投资基金B类份额,B8634B,半鞅基金,,2023-08-28,2023-08-31,国泰君安证券股份有限公司,,每个交易日,否,,1万元起,,,,,0,,0.01%,0.01%,,100亿元以上,P1072919
团队跟踪,宽德广胜量化选股1号私募证券投资基金B类份额,B9314B,宽德广胜量化选股1号私募证券投资基金B类份额,B9314B,上海宽德,,2023-09-07,2023-09-12,广发证券股份有限公司,,申购开放日为每个交易日，赎回开放日为每月10号,否,0%,,持有期小于360天，赎回费率为1%；持有期大等于360天，赎回费率为0%,,,,0.01,,0.05%,0.05%,对每笔B类份额的累计净值超过历史计提日最高份额累计净值部分，根据一定的比例计提业绩报酬，计提比例为20%,100亿元以上,P1005623
团队跟踪,启泰多策略进取1号私募证券投资基金A类份额,B9444A,启泰多策略进取1号私募证券投资基金A类份额,B9444A,上海启泰,,2023-08-28,2023-08-31,中信证券股份有限公司,,,否,,,,,,,0,,,,,10-20亿元,P1074625
团队跟踪,策空精选3号私募证券投资基金B类份额,B9726B,策空精选3号私募证券投资基金B类份额,B9726B,杭州策空,,2023-09-15,2023-09-20,招商证券股份有限公司,,每日申赎,否,0,一万起,1%（6个月内收）,0.97,无,0.95,0.01,1%,0.02%,0.02%,30%,5-10亿元,P1034338
团队跟踪,奇盾安富尊荣5号对冲私募证券投资基金A类份额,BAC65A,奇盾安富尊荣5号对冲私募证券投资基金A类份额,BAC65A,上海奇盾世家,,2025-07-03,2025-07-08,国泰海通证券股份有限公司,,,否,,,,,,,0,,,,,20-50亿元,P1062571
团队跟踪,榕树海春华1号私募证券投资基金B类份额,BAD00B,榕树海春华1号私募证券投资基金B类份额,BAD00B,珠海榕树海,,2025-06-23,2025-06-26,国泰海通证券股份有限公司,,每周周二、周三,否,1%,,持有期小于 90 天，赎回费 0.5%；持有期大于90 天，赎回费 0%,,无,,0.01,,0.01%,0.01%,"B类份额：20%。
业绩报酬的计算采取“单客户高水位法”，基金赎回、终止、分红或者固定时点(每年 6 月 30 日及 12 月 31 日)提取业绩报酬",20-50亿元,P1074726
团队跟踪,龙旗科技创新精选5号私募证券投资基金B类份额,BAD61B,龙旗科技创新精选5号私募证券投资基金B类份额,BAD61B,杭州龙旗科技,,2025-06-18,2025-06-23,招商证券股份有限公司,,,否,,,,,,,0,,,,,100亿元以上,P1000676
团队跟踪,荣熙恒盈2号B类,BAH99B,荣熙恒盈2号私募证券投资基金B类份额,BAH99B,上海荣熙,,2025-06-18,2025-06-23,招商证券股份有限公司,,每周周二、周三,可临开赎回,,,,,,,0,,0.015%,0.015%,,5-10亿元,P1017741
团队跟踪,锐量宏观平衡1号B类,BAJ77B,锐量宏观平衡1号私募证券投资基金B类份额,BAJ77B,上海锐量资管,,2025-07-25,2025-07-31,,,每周周五,可临开赎回,0%,,持有期小于90天，赎回费率为1%；持有期大等于90天，赎回费率为0%,,无,,0.01,,0.01%,0.01%,20%,0-5亿元,P1066341
团队跟踪,简文鼎新私募证券投资基金B类份额,BAN96B,简文鼎新私募证券投资基金B类份额,BAN96B,上海简文,,2025-08-20,2025-09-04,华鑫证券有限责任公司,,每周最后一个交易日,否,0%,,持有期小于90天，赎回费率为1%；持有期大等于90天，赎回费率为0%,,无,,0.015,,,,30%,10-20亿元,P1022166
团队跟踪,钜融井冈山1号私募证券投资基金A类份额,BAP75A,钜融井冈山1号私募证券投资基金A类份额,BAP75A,中海外钜融资管,,2025-07-01,2025-07-09,国泰海通证券股份有限公司,,每周周三、周四,否,0%,,持有期小于90天，赎回费率为0.5%；持有期大等于90天，赎回费率为0%,,,,0.01,,0.015%,0.015%,业绩报酬基准6.0%，超过6%份额整体计提比例为 40%。,10-20亿元,P1001037
团队跟踪,远和可心1号私募证券投资基金B类份额,BAP82B,远和可心1号私募证券投资基金B类份额,BAP82B,杭州远和,,2025-06-27,2025-08-21,国泰海通证券股份有限公司,,每周周四、周五,可临开赎回,0%,,持有期小于90天，赎回费率为1%；持有期大等于90天，赎回费率为0%,,无,,0.02,,0.01%/年,0.01%/年,"绝对收益计提：20%。
计提基准日：赎回、分红、清算日，每年6月和爯脚12月最后一个交易日",50-100亿元,P1074945
团队跟踪,积沐顺势量行一号A类,BAS98A,积沐顺势量行一号私募证券投资基金A类份额,BAS98A,上海积沐,,2025-06-30,2025-07-07,国泰海通证券股份有限公司,,每周三、周四,否,0,,低于 90 天0.5,,,,0.01,,0.01  国泰海通,,35%,10-20亿元,P1074664
团队跟踪,翰荣狮子量化精选9号私募证券投资基金A类份额,BBC65A,翰荣狮子量化精选9号私募证券投资基金A类份额,BBC65A,深圳翰荣,,2025-07-03,2025-07-08,华泰证券股份有限公司,,每周的第1、2个工作日,否,,1万元起,,,,,0,,0.01%/年,0.01%/年,,50-100亿元,P1063371
团队跟踪,翰荣狮子量化精选9号私募证券投资基金B类份额,BBC65B,翰荣狮子量化精选9号私募证券投资基金B类份额,BBC65B,深圳翰荣,,2025-07-03,2025-07-08,华泰证券股份有限公司,,每周的第1、2个工作日,否,1%,1万元起,持有期小等于92天，赎回费率为1%；持有期大于92天，赎回费率为%,,无,,0.01,,0.01%/年,0.01%/年,20%,50-100亿元,P1063371
团队跟踪,翰荣狮子量化精选9号私募证券投资基金C类份额,BBC65C,翰荣狮子量化精选9号私募证券投资基金C类份额,BBC65C,深圳翰荣,,2025-07-03,2025-07-08,华泰证券股份有限公司,,每周的第1、2个工作日,否,,1万元起,,,,,0,,0.01%/年,0.01%/年,,50-100亿元,P1063371
团队跟踪,骏远高价值成长6号私募证券投资基金A类份额,BBE42A,骏远高价值成长6号私募证券投资基金A类份额,BBE42A,北京骏远资管,,2025-07-25,2025-07-30,华泰证券股份有限公司,,,否,,,,,,,0,,,,,5-10亿元,P1025397
团队跟踪,申毅尊享稳泰2号B类,BBP09B,申毅尊享稳泰2号私募证券投资基金B类份额,BBP09B,上海申毅投资,,2025-07-22,2025-07-28,华泰证券股份有限公司,,每周周五,否,0%,1万元起,持有期小等于92天，赎回费率为0.5%；持有期大于92天，赎回费率为0%,,,,0.01,,0.01%,0.01%,采用“单个投资者单份额高水位法”，B类份额：0以上计提16%比例。,100亿元以上,P1000404
团队跟踪,和融联艺骅中证2000指数增强一号私募证券投资基金B类份额,BBP69B,和融联艺骅中证2000指数增强一号私募证券投资基金B类份额,BBP69B,广州和融联,,2025-07-24,2025-08-13,国泰海通证券股份有限公司,,每周周二、周三,可临开赎回,0%,,持有期小于 90 天，赎回费率为 0.5%；持有期大等于90天，赎回费率为 0%,,无,,0.01,,0.01%,0.01%,20%,10-20亿元,P1074448
团队跟踪,量道定风1号私募证券投资基金A类份额,BBP82A,量道定风1号私募证券投资基金A类份额,BBP82A,深圳量道投资,,2025-07-21,0000-00-00,,,周三、周四，遇非工作日则不开放,可临开赎回,0,1 万元的整数倍,<90天为1%，>=90天为0%,,无,,0.01,,0.015%/年,0.015%/年,"计提方式：单客户单笔份额高水位法
计提时点：赎回日、分红日、基金终止日、固定结算日（每年12月的最后一个交易日）
计提比例：超额年化5%以上部分计提10%（对标基准：中证红利指数000922）",100亿元以上,P1016658
团队跟踪,汉鸿雪融1号私募证券投资基金B类份额,BBQ15B,汉鸿雪融1号私募证券投资基金B类份额,BBQ15B,上海汉鸿,,2025-07-16,,,,每周周三、周四,否,,1万元起,,,无,,0,,0.01%,0.01%,,10-20亿元,P1072580
团队跟踪,致邃投资-优孚1号A类,BBR65A,致邃投资-优孚1号私募证券投资基金A类份额,BBR65A,上海致邃投资,,2025-07-14,2025-07-17,招商证券股份有限公司,,每周周四、周五,可临开赎回,0%,1万元起,持有期小于 3 个月，赎回费率0.5%；持有期大等于 3 个月，赎回费率0%，归基金资产,,,,0.01,,0.015%,0.015%,当基金份额赎回、基金终止或分红时，且该赎回份额或分红份额当期收益大于年化 6%，管理人提取该份额整体盈利部分的 40%作为业绩报酬，但计提后该笔份额的当期年化收益不低于 6%,5-10亿元,P1063212
团队跟踪,致邃投资-优孚1号私募证券投资基金B类份额,BBR65B,致邃投资-优孚1号私募证券投资基金B类份额,BBR65B,上海致邃投资,,2025-07-14,2025-07-17,招商证券股份有限公司,,每周周四、周五,可临开赎回,0%,1万元起,,,,,0.005,,0.015%,0.015%,当基金份额赎回、基金终止或分红时，且该赎回份额或分红份额当期收益大于年化 6%，管理人提取该份额整体盈利部分的 40%作为业绩报酬，但计提后该笔份额的当期年化收益不低于 6%,5-10亿元,P1063212
团队跟踪,钇远致臻1号私募证券投资基金A类份额,BBX45A,钇远致臻1号私募证券投资基金A类份额,BBX45A,上海钇远,,2025-07-25,2025-07-31,国泰海通证券股份有限公司,,,否,,,,,,,0,,,,,10-20亿元,P1074819
团队跟踪,宁苑配置五号B类,BBZ99B,宁苑配置五号私募证券投资基金B类份额,BBZ99B,上海宁苑资管,,2025-08-04,2025-08-08,,,每周周二、周三,可临开赎回,0%,,持有期小于3个月，赎回费率为1%；持有期大等于3个月但小于6个月，赎回费率为1%；持有期大等于6个月，赎回费率为0%,,,,0.01,,0.015%,0.015%,"计提基准日分为固定计提基准日（每年6月、12月的第4个周三）、该类份额的除息日（若有）、赎回申请日和基金终止日（其中固定计提基准日和除息日（若有）统称为“统一计提基准日”）。
B类份额：10%",50-100亿元,P1018867
团队跟踪,宁苑配置五号私募证券投资基金C类份额,BBZ99C,宁苑配置五号私募证券投资基金C类份额,BBZ99C,上海宁苑资管,,2025-08-04,2025-08-08,,,每周二、三,可临开赎回,0,,"少于180天，1%
归基金",,,,0.01,,0.015%,0.015%,20%,50-100亿元,P1018867
团队跟踪,品责量化中性一号私募证券投资基金A类份额,BCW73A,品责量化中性一号私募证券投资基金A类份额,BCW73A,上海品责资产,,2025-08-01,2025-08-01,国泰海通证券股份有限公司,,,否,,,,,,,0,,,,,5-10亿元,P1020138
团队跟踪,睿成康波盛世私募证券投资基金B类份额,BDC88B,睿成康波盛世私募证券投资基金B类份额,BDC88B,上海睿成私募,,2025-08-04,2025-08-07,中信建投证券股份有限公司,,每周周一、周二,否,0%,1万元起,持有期小于90 日，赎回费率为 0.5%；持有期大等于90日，赎回费率为 0%,,无,,0.01,前一日基金资产净值≤1亿，管理费率为 0.8%；1 亿＜前一日基金资产净值≤3 亿，管理费率为 0.9%；前一日基金资产净值>3亿，管理费率为 1%,0.01%,0.01%,该笔份额参与本基金日的前一日基金资产净值≤1 亿，则该笔份额业绩报酬计提比例为 12%；1 亿＜该笔份额参与本基金日的前一日基金资产净值≤3 亿，则该笔份额业绩报酬计提比例为14%；3 亿＜该笔份额参与本基金日的前一日基金资产净值≤5 亿，则该笔份额业绩报酬计提比例为16%；该笔份额参与本基金日的前一日基金资产净值>5 亿，则该笔份额业绩报酬计提比例为 20%。,0-5亿元,P1075004
团队跟踪,睿成康波盛世C类,BDC88C,睿成康波盛世私募证券投资基金C类份额,BDC88C,上海睿成私募,,2025-08-04,2025-08-07,中信建投证券股份有限公司,,每周周一、周二,可临开赎回,0%,1万元起,持有期小于90 日，赎回费率为 0.5%；持有期大等于90日，赎回费率为 0%,,无,,0.01,前一日基金资产净值≤1 亿，则 C类份额管理费率为 0.75%；1 亿＜前一日基金资产净值≤3 亿，则 C类份额管理费率为0.8%；3 亿＜前一日基金资产净值≤5 亿，则 C 类份额管理费率为0.9%；前一日基金资产净值>5 亿，则 C 类份额管理费率为 1%。,0.01%,0.01%,该笔份额参与本基金日的前一日基金资产净值≤1 亿，则该笔份额业绩报酬计提比例为 10%；1 亿＜该笔份额参与本基金日的前一日基金资产净值≤3 亿，则该笔份额业绩报酬计提比例为 12%；3 亿＜该笔份额参与本基金日的前一日基金资产净值≤5 亿，则该笔份额业绩报酬计提比例为 14%；该笔份额参与本基金日的前一日基金资产净值>5 亿，则该笔份额业绩报酬计提比例为16%,0-5亿元,P1075004
团队跟踪,奇盾量化优选1号私募证券投资基金B类份额,BDJ04B,奇盾量化优选1号私募证券投资基金B类份额,BDJ04B,上海奇盾世家,,2025-08-07,2025-08-18,国泰海通证券股份有限公司,,每周三（非交易日可顺延，本周无下一交易日则取消）,可临开赎回,0%,,＜90天：1%,,无,,0.01,,0.01%,0.01%,,20-50亿元,P1062571
团队跟踪,奇盾全市场配置1号私募证券投资基金B类份额,BDJ10B,奇盾全市场配置1号私募证券投资基金B类份额,BDJ10B,上海奇盾世家,,2025-08-22,2025-09-18,国泰海通证券股份有限公司,,每周三（非交易日可顺延，本周无下一交易日则取消）,可临开赎回,0%,,＜90天：1%,,无,,0.01,,0.01%,0.01%,,20-50亿元,P1062571
团队跟踪,盛冠达中证1000指数增强2号私募证券投资基金A类份额,BDK46A,盛冠达中证1000指数增强2号私募证券投资基金A类份额,BDK46A,海南盛冠达,,2025-08-13,2025-08-20,国泰海通证券股份有限公司,,,否,,,,,,,0,,,,,20-50亿元,P1001070
团队跟踪,澎湃双十进取绝对收益1号私募证券投资基金B类份额,BDS29B,澎湃双十进取绝对收益1号私募证券投资基金B类份额,BDS29B,海南澎湃,,2025-08-18,2025-08-21,中信证券股份有限公司,,每周周二、周三,可临开赎回,1%,1万元起,持有期小于3个月，赎回费收取 1%；持有期大等于3个月，赎回费率为0%,,,,0.01,,0.015%,0.015%,20%,0-5亿元,P1074290
团队跟踪,香农大吉量化选股一号私募证券投资基金B类份额,BDW14B,香农大吉量化选股一号私募证券投资基金B类份额,BDW14B,海南三亚香农,,2025-08-20,2025-09-25,华泰证券股份有限公司,,每周周二、周三,可临开赎回,0%,1万元起,持有期小等于92天，赎回费率为0.5%；持有期大于92天，赎回费率为0%,,无,,0.01,,0.01%,0.01%,采用“单个投资者单份额高水位法”，计提20%,20-50亿元,P1072386
团队跟踪,富华稳健行远1号私募证券投资基金B类份额,BDY58B,富华稳健行远1号私募证券投资基金B类份额,BDY58B,北京富华资信,,2025-08-08,2025-08-21,中信建投证券股份有限公司,,每周周四、周五,否,1%,不低于10万,持有期小于三个月，赎回费率为1%；持有期大于三个月，赎回费率为0%,,无,,0.015,,0.02%,0.02%,,10-20亿元,P1071745
团队跟踪,北恒金禾私募证券投资基金A类份额,BFC54A,北恒金禾私募证券投资基金A类份额,BFC54A,海南北恒,,2025-09-04,2025-09-28,国泰海通证券股份有限公司,,每周周四、周五,可临开赎回,1%,,持有期小于90 天，赎回费率为 0.5%，持有期大等于90 天，赎回费率为 0%。【赎回费（含短期赎回费）全部归入整体基金资产。】,,无,,0.01,,0.01%,0.01%,20%,10-20亿元,P1073300
团队跟踪,金友至远1号A类,BFM35A,金友至远1号私募证券投资基金A类份额,BFM35A,南京金友,,2025-09-18,2025-10-17,兴业证券股份有限公司,,每周第 3 个交易日,可临开赎回,0%,,持有期小于 180 个自然日，赎回费率为 2%；持有期大等于180个自然日，赎回费率为 0%。赎回费列入基金财产，且列入基金财产部分管理人不得减免,,,,0.01,,0.01％,0.01％, 6%内0%； 6%至 15%： 20%；15%以上：30%,0-5亿元,P1073917
团队跟踪,量道东升量化智选1号私募证券投资基金A类份额,BFS57A,量道东升量化智选1号私募证券投资基金A类份额,BFS57A,深圳量道投资,,2025-10-28,2025-11-12,兴业证券股份有限公司,,每个自然月10日和25日（以上日期遇非交易日均顺延至下一交易日）,可临开赎回,认/申购金额＜300万，收1%的认/申购费； 金额≥300万，不收费,1 万元的整数倍,＜90天为1%，≥90天为0%,,无,,0.02,,0.015%/年,0.03%/年,"计提方式：单客户单笔份额高水位法
计提时点：赎回日、分红日、基金终止日
计提比例：20%",100亿元以上,P1016658
团队跟踪,量道东升量化智选1号私募证券投资基金B类份额,BFS57B,量道东升量化智选1号私募证券投资基金B类份额,BFS57B,深圳量道投资,,2025-10-28,2025-11-12,兴业证券股份有限公司,,每个自然月10日和25日（以上日期遇非交易日均顺延至下一交易日）,可临开赎回,0,1 万元的整数倍,＜90天为1%，≥90天为0%,,无,,0.01,,0.015%/年,0.03%/年,"计提方式：单客户单笔份额高水位法
计提时点：赎回日、分红日、基金终止日
计提比例：16%",100亿元以上,P1016658
团队跟踪,安若至稳2号私募证券投资基金B类份额,BFZ48B,安若至稳2号私募证券投资基金B类份额,BFZ48B,珠海安若本然资管,,2025-10-30,2025-11-17,华泰证券股份有限公司,,每周的第 2、3 个工作日,可临开赎回,0%,10万元起,0%，归基金资产,,无,,0.02,,0.01%,0.01%,业绩报酬年化5%以上对整体计提60%，计提后年化不低于5%。,0-5亿元,P1070557
团队跟踪,弈祖青圭礼东3号私募证券投资基金A类份额,BFZ61A,弈祖青圭礼东3号私募证券投资基金A类份额,BFZ61A,上海弈祖投资,,2025-09-18,2025-10-17,东方证券股份有限公司,,,否,,,,,,,0.01,,0.01%,0.01%,"绝对收益率在0至60%，业绩报酬 M=30%xRxA；
绝对收益率在 60 %至100 %，业绩报酬M=35%xRxA；
绝对收益率在 100 %以上，业绩报酬M=40%xRxA",10-20亿元,P1062216
团队跟踪,弈祖青圭礼东3号私募证券投资基金B类份额,BFZ61B,弈祖青圭礼东3号私募证券投资基金B类份额,BFZ61B,上海弈祖投资,,2025-09-18,2025-10-17,东方证券股份有限公司,,,否,,,,,,,0,,0.01%,0.01%,,10-20亿元,P1062216
团队跟踪,时间序列红利指数增强3号私募证券投资基金A类份额,BGE31A,时间序列红利指数增强3号私募证券投资基金A类份额,BGE31A,青岛时间序列资管,,2025-10-17,2025-11-06,国泰海通证券股份有限公司,,每周最后2个工作日，无对应工作日的则不开放,否,0%,,持有期小等于92天，赎回费率为0.5%；持有期大于92天，赎回费率为0%,,,,0.01,,0.025%,0.025%,0%,10-20亿元,P1071639
团队跟踪,时间序列红利指数增强3号私募证券投资基金B类份额,BGE31B,时间序列红利指数增强3号私募证券投资基金B类份额,BGE31B,青岛时间序列资管,,2025-10-17,2025-11-06,国泰海通证券股份有限公司,,每周最后2个工作日，无对应工作日的则不开放,否,0%,,持有期小等于92天，赎回费率为0.5%；持有期大于92天，赎回费率为0%,,,,0.01,,0.025%,0.025%,同期红利低波100全收益指数(代码H20955)超额部分20%（计提完投资者收益不为负）,10-20亿元,P1071639
团队跟踪,量道瑞风量化多策略2号私募证券投资基金D类份额,BGN61D,量道瑞风量化多策略2号私募证券投资基金D类份额,BGN61D,深圳量道投资,,2025-11-03,,,,周三、周四，遇非工作日则不开放,可临开赎回,1%,1 万元的整数倍,≤92天为1%，＞92天为0%,,无,,0.01,,0.01%/年,0.01%/年,"计提方式：采用单个投资者单份额高水位法;
计提时点：投资者赎回日、分红权益登记日、基金清算日
计提比例：20%",100亿元以上,P1016658
团队跟踪,柏杨天和可转债1号私募证券基金A类份额,BGS14A,柏杨天和可转债1号私募证券基金A类份额,BGS14A,深圳柏杨,,2025-10-09,2025-10-31,华泰证券股份有限公司,,每周周三、周四,否,0%,1万元起,0%,,,,0.01,,0.01%,0.01%,采用单个投资者单份额高水位法，固定时点（每年 6 月及12 月最后一个交易日）、赎回或基金终止时计提，提取比例20%；,0-5亿元,P1025737
团队跟踪,柏杨天和可转债1号私募证券基金B类份额,BGS14B,柏杨天和可转债1号私募证券基金B类份额,BGS14B,深圳柏杨,,2025-10-09,2025-10-31,华泰证券股份有限公司,,每周周三、周四,否,,1万元起,,,,,0,,0.01%,0.01%,,0-5亿元,P1025737
团队跟踪,量智传奇ETF私募证券投资基金A类份额,BGT86A,量智传奇ETF私募证券投资基金A类份额,BGT86A,上海量智,,2025-01-03,2025-01-10,,,每周第二、第三个交易日,否,0%,,持有期小于90日，赎回费率0.5%；持有期大等于90日，赎回费率0%,,无,,0.01,,,,单个单笔(高水位），20%,10-20亿元,P1074977
团队跟踪,敦和芝诺量化CTA专享3号私募证券投资基金B类份额,BGW80B,敦和芝诺量化CTA专享3号私募证券投资基金B类份额,BGW80B,敦和资管,,2025-10-24,2025-11-18,国泰海通证券股份有限公司,,每周周二,否,,,,,,,0,,0.01%,0.01%,,100亿元以上,P1000501
团队跟踪,香农吉祥1000指增五号私募证券投资基金A类份额,BHF79A,香农吉祥1000指增五号私募证券投资基金A类份额,BHF79A,海南三亚香农,,2025-11-06,2025-11-21,国泰海通证券股份有限公司,,每周周三,可临开赎回,0%,,持有期小于90 天，赎回费率为 0.4%，持有期大等于90 天，赎回费率为 0%,,无,,0.008,,0.01%,0.01%,"计提基准：期间中证 1000 指数（000852.SH）收益率；
计提比例：18%；且每笔份额可提取的业绩报酬上限为（T1×R）",20-50亿元,P1072386
团队跟踪,骏远高价值成长8号私募证券投资基金A类份额,BHM67A,骏远高价值成长8号私募证券投资基金A类份额,BHM67A,北京骏远资管,,2025-10-29,2025-11-17,华泰证券股份有限公司,,每周周二、周三，遇非工作日则不开放,否,,,0天-92天（含）赎回费0.5 %；92天以上赎回费0,,,,0,A 类基金份额管理费1%；B 类基金份额管理费0,0.01%,0.01%,,5-10亿元,P1025397
团队跟踪,深度量选一号私募证券投资基金A类份额,BJF92A,深度量选一号私募证券投资基金A类份额,BJF92A,杭州深度资管,,2025-11-20,2025-12-09,中信证券股份有限公司,,每周周二、周三,可临开赎回,0%,,持有期小于6个月，赎回费率为0.5%；持有期大等于6个月，赎回费率为0%。本基金赎回费全额归入整体基金资产,,,,0.01,,0.01%,0.01%,10%,10-20亿元,P1065452
团队跟踪,深度量选一号私募证券投资基金B类份额,BJF92B,深度量选一号私募证券投资基金B类份额,BJF92B,杭州深度资管,,2025-11-20,2025-12-09,中信证券股份有限公司,,每周周二、周三,可临开赎回,0%,,持有期小于6个月，赎回费率为0.5%；持有期大等于6个月，赎回费率为0%。本基金赎回费全额归入整体基金资产,,,,0.01,,0.01%,0.01%,20%,10-20亿元,P1065452
团队跟踪,禾悦茁壮成长1号私募证券投资基金B类份额,BJQ14B,禾悦茁壮成长1号私募证券投资基金B类份额,BJQ14B,北京禾悦,,2025-11-07,,,,每周周四、周五,否,,,,,无,,0,,0.02%,0.02%,,5-10亿元,P1075041
团队跟踪,量道商品套利2号私募证券投资基金A类份额,BJT82A,量道商品套利2号私募证券投资基金A类份额,BJT82A,深圳量道投资,,2025-11-11,2025-11-24,华泰证券股份有限公司,,每周周二、周三，遇非工作日顺延至当周的下一工作日，当周无下一工作日的则当周不开放,可临开赎回,,1 万元的整数倍,,,无,,0,,0.01%/年,0.01%/年,,100亿元以上,P1016658
团队跟踪,量道商品套利2号私募证券投资基金B类份额,BJT82B,量道商品套利2号私募证券投资基金B类份额,BJT82B,深圳量道投资,,2025-11-11,2025-11-24,华泰证券股份有限公司,,每周周二、周三，遇非工作日顺延至当周的下一工作日，当周无下一工作日的则当周不开放,可临开赎回,,1 万元的整数倍,,,无,,0,,0.01%/年,0.01%/年,,100亿元以上,P1016658
团队跟踪,禾悦茁壮成长5号私募证券投资基金A类份额,BJV10A,禾悦茁壮成长5号私募证券投资基金A类份额,BJV10A,北京禾悦,,2025-11-18,2025-12-02,国泰海通证券股份有限公司,,每周周四、周五,可临开赎回,0%,1万元起,持有期小于90天，赎回费率为0.75%；持有期大等于90天，赎回费率为0%,,无,,0.015,,0.01%/年,0.01%/年,"单人单笔高水位，25%。
计提基准日：每年6月30日/ 基金分红日/赎回申请日/清算日",5-10亿元,P1075041
团队跟踪,彭陈张全天候一号私募证券投资基金B类份额,BKD21B,彭陈张全天候一号私募证券投资基金B类份额,BKD21B,广州彭陈张资管,,2025-11-14,2025-12-02,国泰海通证券股份有限公司,,,否,,,,,,,0,,,,,0-5亿元,P1063089
团队跟踪,诚远卓越价值B类,BKG49B,诚远卓越价值私募证券投资基金B类份额,BKG49B,上海诚远,,2026-01-16,,,,每周最后两个交易,可临开赎回,0%,1万元起,持有期小于90天，赎回费率为0.5%；持有期大等于90天，赎回费率为0%,,无,,0.005,,0.01%,0.01%,12%,0-5亿元,P1074125
团队跟踪,翰荣狮子量化精选12号私募证券投资基金B类份额,BKR20B,翰荣狮子量化精选12号私募证券投资基金B类份额,BKR20B,深圳翰荣,,2025-12-17,2025-12-22,国泰海通证券股份有限公司,,每周周三、周四,可临开赎回,0%,,持有期小于90天，赎回费率为1%；持有期大等于90天，赎回费率为0%,,,,0.01,,0.01%/年,0.01%/年,20%,50-100亿元,P1063371
团队跟踪,景行重明2号私募证券投资基金A类份额,BKX28A,景行重明2号私募证券投资基金A类份额,BKX28A,上海景行,,2025-12-05,2025-12-17,国投证券股份有限公司,,每周周三,可临开赎回,1%，可减免,1万元起,持有期小于3个月，赎回费率1%；持有期大等于3个月，赎回费率为0%,,,,0.01,,0.01%,0.01%,单人单笔份额高水位法，提取比例【20】%,0-5亿元,P1074702
团队跟踪,大风瑞盈对冲1号私募证券投资基金B类份额,BLQ68B,大风瑞盈对冲1号私募证券投资基金B类份额,BLQ68B,深圳大风资管,,2025-12-11,2025-12-30,中国银河证券股份有限公司,,,否,,,,,,,0,,,,,10-20亿元,P1023051
团队跟踪,高远启成1号私募证券投资基金A类份额,BLU88A,高远启成1号私募证券投资基金A类份额,BLU88A,杭州高远,,2025-12-22,2025-12-30,招商证券股份有限公司,,,否,,,,,,,0,,,,,0-5亿元,P1071930
团队跟踪,巨量均衡择时量选沧海三号私募证券投资基金A类份额,BMH33A,巨量均衡择时量选沧海三号私募证券投资基金A类份额,BMH33A,珠海巨量均衡,,2025-12-24,2026-01-05,中信建投证券股份有限公司,,每周周二、周三,可临开赎回,1%,,持有期小于90 日，赎回费率为 1%；持有期大等于90 日，赎回费率为 0%,,无,,0.01,,0.015%,0.015%,20%,5-10亿元,P1072577
团队跟踪,量道多策略灵察1号私募证券投资基金B类份额,BMM74B,量道多策略灵察1号私募证券投资基金B类份额,BMM74B,深圳量道投资,,2026-01-28,2026-02-14,招商证券股份有限公司,,固定开放日为每周四、周五（遇节假日不开放）,否,,1万,,,无,,0,,0.015%,0.015%,,100亿元以上,P1016658
团队跟踪,添禄投资小市值一号私募证券投资基金C类份额,BMR64C,添禄投资小市值一号私募证券投资基金C类份额,BMR64C,上海添禄投资,,2026-01-08,2026-01-28,国泰海通证券股份有限公司,,每周第3个交易日,可临开赎回,0%,,"持有期小于90天，赎回费率为0.5%；持有期大等于90天，赎回费率为0%；
基金赎回费全部归入整体基金资产，管理人不可减免。",,无,,0.01,,0.02%,0.02%,"计提基准：业绩报酬计提基准B=【期间微盘指数（868008.WI）年化收益率】
计提基准日：投资者赎回日、分红权益登记日、基金清算日。连续两次计提业绩报酬的间隔期不应短于6个月。
计提方式：单个投资者单笔投资年化收益差额法，业绩报酬计提比例： C类份额：25%",20-50亿元,P1064139
团队跟踪,添禄投资添选一号私募证券投资基金C类份额,BNC45C,添禄投资添选一号私募证券投资基金C类份额,BNC45C,上海添禄投资,,2026-01-12,2026-01-19,华泰证券股份有限公司,,每周的第3、4个工作日,否,1%（可免）,,持有期小于3个月，赎回费率为0.5%，赎回费全部归入整体基金资产,,无,,0.01,,0.01%,0.01%,20%，无业绩基准，单个投资者单份额高水位法,20-50亿元,P1064139
团队跟踪,量道A500和风1号私募证券投资基金A类份额,BNJ06A,量道A500和风1号私募证券投资基金A类份额,BNJ06A,深圳量道投资,,2026-01-05,,,,,否,,,,,,,0,,,,,100亿元以上,P1016658
团队跟踪,山信闭环三号私募证券投资基金A类份额,BNN33A,山信闭环三号私募证券投资基金A类份额,BNN33A,杭州萧山山信,,2026-01-09,2026-01-15,中信建投证券股份有限公司,,申购开放日为每周周五，赎回开放日每月的第三个周五,可临开赎回,0%,,持有期小于180 日，赎回费率为 0.75%；持有期大等于180 日，赎回费率为0%,,无,,0.015,,0.01%,0.01%,20%,10-20亿元,P1072086
团队跟踪,巨量均衡强势股策略一号C类,BPT82C,巨量均衡强势股策略一号私募证券投资基金C类份额,BPT82C,珠海巨量均衡,,2026-02-06,2026-02-27,国泰海通证券股份有限公司,,每周周二、周三,否,,,,,无,,0,,0.015%,0.015%,,5-10亿元,P1072577
团队跟踪,沣跃稳健1号私募证券投资基金B类份额,BQD34B,沣跃稳健1号私募证券投资基金B类份额,BQD34B,北京沣跃,,2026-01-26,2026-02-12,中信建投证券股份有限公司,,每周周三,可临开赎回,0%,,持有期小于90天，赎回费率为0.5%；持有期大等于90天，赎回费率为0%,,无,,0.01,,0.01%,0.01%,业绩报酬计提比例为 20%，计提基准为年化 3%,5-10亿元,P1074579
团队跟踪,青琰捷北二号私募证券投资基金A类份额,BQG55A,青琰捷北二号私募证券投资基金A类份额,BQG55A,上海青琰,,2026-02-02,,,,每周周二、周三,否,1%,,持有期小于3 个月，赎回费率为1%；持有期大等于3 个月，赎回费率为0%,,,,0.01,,0.01%,0.01%,"管理人将根据委托人每笔投资的期间年化收益率（R）超过同期对标基准（Rzs）的部分与 0%进行比较，当 R-Rzs 大于 0%且 R>0%时，按照 R 超过该期间对标基准收益率部分的【20%】计提业绩报酬，且计提业绩报酬之后该笔份额在当期不得产生亏损。其中，对标基准 Rzs=【中证 2000 指数（代码：932000）期间年化收益率】*0.9。
计提基准日：固定计提基准日、赎回申请日、该类份额的除息日（若有）和基金终止日（固定计提基准日和除息日（若有）统称为“统一计提基准
日”），固定计提基准日为固定计提基准日为封闭期（若有）结束后的每年 3 月、9 月第 3 个周三（如遇节假日则顺延至下一周的周三，以此类推）",20-50亿元,P1073943
团队跟踪,黑翼优选多策略58号私募证券投资基金A类份额,BQN47A,黑翼优选多策略58号私募证券投资基金A类份额,BQN47A,上海黑翼资管,,2026-03-12,2026-03-19,国泰海通证券股份有限公司,,每周最后一个交易日,可临开赎回,0%,,持有期小于90天，赎回费率为 1%；持有期大等于90天，赎回费率为 0%,,无,,0.01,,0.015%,0.015%,16%,100亿元以上,P1004419
团队跟踪,巨量均衡量选一号私募证券投资基金C类份额,BQR35C,巨量均衡量选一号私募证券投资基金C类份额,BQR35C,珠海巨量均衡,,2026-01-30,2026-01-30,,,每周周四、周五,否,,,,,无,,0,,0.015%,0.015%,,5-10亿元,P1072577
团队跟踪,安远安心三期私募证券投资基金A类份额,BQU52A,安远安心三期私募证券投资基金A类份额,BQU52A,北京安远,,2026-02-02,2026-02-25,国泰海通证券股份有限公司,,,否,,,,,,,0,,,,,20-50亿元,P1073788
团队跟踪,安远安心三期私募证券投资基金B类份额,BQU52B,安远安心三期私募证券投资基金B类份额,BQU52B,北京安远,,2026-02-02,2026-02-25,国泰海通证券股份有限公司,,,否,,,,,,,0,,,,,20-50亿元,P1073788
团队跟踪,龙旗红利科技轮动平衡3号私募证券投资基金B类份额,BRC17B,龙旗红利科技轮动平衡3号私募证券投资基金B类份额,BRC17B,杭州龙旗科技,,2026-02-06,2026-02-24,中信证券股份有限公司,,每周周二,可临开赎回,1%,,"持有期小于3个月，赎回费率为0.6%；持有期大等于3个月且小于12个月，赎回费率为0.5%；持有期大等于12个月，赎回费率为0%。
本基金赎回费全额归入基金整体资产。",,,,0.012,,0.01%,0.01%,"计提基准日：固定计提基准日（封闭期（若有）结束后的每年 11 月第 3 个周二）、该类份额的除息日（若有）、赎回申请日和基金终止日。
计提：16%",100亿元以上,P1000676
团队跟踪,青琰信达六号私募证券投资基金A类份额,BRD70A,青琰信达六号私募证券投资基金A类份额,BRD70A,上海青琰,,2026-02-05,2026-03-02,中信证券股份有限公司,,每周周二、周三,可临开赎回,1%,,持有期小于3 个月，赎回费率为1%；持有期大等于3个月，赎回费率为0%,,,,0.01,,0.01%,0.01%,"当期间年化收益率大于【6】%时，对所有收益按照【60】%的比例收取业绩报酬，且计提后该笔份额的期间年化收益率不低于【6】%。
计提基准日：每年 3 月、9 月第三个周三（固定日，但封闭期及锁定期（如
有）除外，如遇非交易日则顺延至下一交易日）、投资者赎回日、分红权益登记日和基金清算日。",20-50亿元,P1073943
团队跟踪,博孚利专享2号私募证券投资基金A类份额,BRW54A,博孚利专享2号私募证券投资基金A类份额,BRW54A,厦门博孚利资管,,2026-03-05,2026-03-19,招商证券股份有限公司,,每个自然季度首月（即1月、4月、7月、10月）的8号（遇节假日则顺延至下一个工作日）,否,,1万元起,,,无,,0,,0.02%/年,0.03%/年,,50-100亿元,P1023120
团队跟踪,博孚利专享2号私募证券投资基金B类份额,BRW54B,博孚利专享2号私募证券投资基金B类份额,BRW54B,厦门博孚利资管,,2026-03-05,2026-03-19,招商证券股份有限公司,,每个自然季度首月（即1月、4月、7月、10月）的8号（遇节假日则顺延至下一个工作日）,否,,1万元起,,,无,,0,,0.02%/年,0.03%/年,,50-100亿元,P1023120
团队跟踪,博孚利专享2号私募证券投资基金C类份额,BRW54C,博孚利专享2号私募证券投资基金C类份额,BRW54C,厦门博孚利资管,,2026-03-05,2026-03-19,招商证券股份有限公司,,每个自然季度首月（即1月、4月、7月、10月）的8号（遇节假日则顺延至下一个工作日）,否,,1万元起,,,无,,0,,0.02%/年,0.03%/年,,50-100亿元,P1023120
团队跟踪,正合中证2000指增1号私募证券投资基金C类份额,BRY00C,正合中证2000指增1号私募证券投资基金C类份额,BRY00C,上海正合,,2026-03-03,2026-03-17,国泰海通证券股份有限公司,,每周第1个、第2个交易日,否,0%,,持有期小于90天，赎回费率为1%；持有期大等于90天，赎回费率为0%,,,,0.01,,,,期间中证2000指数收益率，计提比例：20%,5-10亿元,P1074939
团队跟踪,青琰信达八号私募证券投资基金A类份额,BRY68A,青琰信达八号私募证券投资基金A类份额,BRY68A,上海青琰,,2026-02-26,2026-03-04,中信证券股份有限公司,,每周周二、周三,可临开赎回,1%,,持有期小于3 个月，赎回费率为1%；持有期大等于3个月，赎回费率为0%,,,,0.01,,0.01%,0.01%,"当期间年化收益率大于【6】%时，对所有收益按照【60】%的比例收取业绩报酬，且计提后该笔份额的期间年化收益率不低于【6】%。
计提基准日分为固定计提基准日（封闭期（若有）结束后的每年 3 月、9 月第 3 个周三）、该类份额的除息日（若有）、赎回申请日和基金终止日（其中固定计提基准日和除息日（若有）统称为“统一计提基准日”）",20-50亿元,P1073943
团队跟踪,和美水豚灵活对冲3号私募证券投资基金A类份额,BTE30A,和美水豚灵活对冲3号私募证券投资基金A类份额,BTE30A,和美资本,,2026-03-18,2026-03-18,中信证券股份有限公司,,每周周三,否,0%,,0%,,,,0.015,,0.01%/年,0.01%/年,采用“单个投资者单份额高水位法”，计提比例30%。,20-50亿元,P1004868
团队跟踪,善庆常晋一号私募证券投资基金B类份额,BTH74B,善庆常晋一号私募证券投资基金B类份额,BTH74B,上海善庆资管,,2026-03-17,2026-03-31,华泰证券股份有限公司,,每周周二、周三（可顺延）,可临开赎回,,1万元起,,,无,,0,,0.01%,0.01%,,5-10亿元,P1024263
团队跟踪,香农大利一号私募证券投资基金A类份额,BTL72A,香农大利一号私募证券投资基金A类份额,BTL72A,海南三亚香农,,2026-03-27,2026-04-03,国泰海通证券股份有限公司,,每周周二、周三,可临开赎回,0%,,持有期小于90天，赎回费率为 0.5%；持有期大等于90天，赎回费率为 0%,,无,,0.01,,0.01%,0.01%,采用单个投资者单笔高水位净值法，计提20%,20-50亿元,P1072386
团队跟踪,思梵梧桐1号私募证券投资基金B类份额,BTR29B,思梵梧桐1号私募证券投资基金B类份额,BTR29B,杭州思梵,,2026-03-20,2026-04-03,华泰证券股份有限公司,,,否,,,,,,,0.015,,0.01%,0.01%,,0-5亿元,P1070652
团队跟踪,和美水豚灵活对冲5号私募证券投资基金A类份额,BTS55A,和美水豚灵活对冲5号私募证券投资基金A类份额,BTS55A,和美资本,,2026-03-23,2026-03-24,中信证券股份有限公司,,每个自然周的周三,否,,,,,,,0.015,,0.01%,0.01%,,20-50亿元,P1004868
团队跟踪,贞元虎踞一号私募证券投资基金A类份额,BUK40A,贞元虎踞一号私募证券投资基金A类份额,BUK40A,武汉贞元投资,,2026-04-01,,,,每周周四、周五,可临开赎回,0%,10万元起,持有期小于3个月，赎回费率 0.5%；持有期大等于3个月，赎回费率 0%,,,,0.01,,0.01%,0.01%,"当基金份额赎回、基金终止或分红时，且该赎回份额或分红份额当期收益大于年化 6%小于 35%，管理人提取该份额整体盈利部分的 50%作为业绩报酬，但计提后该笔份额的当期年化收益不低于 6%。
当基金份额赎回、基金终止或分红时，且该赎回份额或分红份额当期收益大于年化 35%，管理人提取该份额整体盈利部分的 60%作为业绩报酬，但计提后该笔份额的当期年化收益不低于 6%。",5-10亿元,P1070352
团队跟踪,贞元虎踞一号私募证券投资基金B类份额,BUK40B,贞元虎踞一号私募证券投资基金B类份额,BUK40B,武汉贞元投资,,2026-04-01,,,,每周周四、周五,可临开赎回,0%,10万元起,持有期小于3个月，赎回费率 0.5%；持有期大等于3个月，赎回费率 0%,,,,0.006,,0.01%,0.01%,,5-10亿元,P1070352
团队跟踪,芬德-环翼优选6号私募证券投资基金A类份额,BUL69A,芬德-环翼优选6号私募证券投资基金A类份额,BUL69A,深圳芬德资管,,2026-03-20,,,,每周周二、周三,可临开赎回,0%,,持有期小于90天，赎回费率为0.5%；持有期大等于90天，赎回费率为0%,,无,,0.01,,0.01%,0.01%,A类份额：计提触发条件：年化5.5%；计提比例：60%。,5-10亿元,P1063021
团队跟踪,富杰中性多空5号私募证券投资基金C类份额,BUP27C,富杰中性多空5号私募证券投资基金C类份额,BUP27C,海南富杰,,2026-04-09,2026-04-15,国泰海通证券股份有限公司,,,否,,,,,,,0,,,,,0-5亿元,P1073245
团队跟踪,大风远恒安宁私募证券投资基金A类份额,BVH72A,大风远恒安宁私募证券投资基金A类份额,BVH72A,深圳大风资管,,2026-03-30,,,,每周周三、周四,可临开赎回,0%,,持有期小于90天，赎回费率为0.75%；持有期大等于90天，赎回费率为0%,,无,,0.002,,0.01%,0.01%,20% ,10-20亿元,P1023051
团队跟踪,量桥投资聚川六号私募投资基金A类,CG431A,量桥投资聚川六号私募投资基金A类,CG431A,上海量桥投资,,2018-02-02,,招商证券股份有限公司,,每月5号,否,0%,,0%,,,0.8,0.02,,0%,0%,提取赎回份额或分红份额当期收益的20%作为业绩报酬,10-20亿元,P1025719
团队跟踪,旌安1号B类,CU345B,旌安1号私募投资基金B类,CU345B,浙江旌安,,2018-05-09,,国泰君安证券股份有限公司,,,否,,,,,,,0,,,,,100亿元以上,P1066329
团队跟踪,泓倍商品相对价值1号私募投资基金A类份额,CU913A,泓倍商品相对价值1号私募投资基金A类份额,CU913A,上海泓倍投资,,2018-11-09,2018-11-19,国泰君安证券股份有限公司,,固定开放日为每季度最后一个交易日，可设置临时开放,否,申购费率为1%，管理人有权免除；无赎回费,,0,0.92,,0.9,0.015,,0.05%,0.05%,,0-5亿元,P1003437
团队跟踪,华夏未来泽时进取12号私募证券投资基金A类份额,CZ716A,华夏未来泽时进取12号私募证券投资基金A类份额,CZ716A,华夏未来资管,,2018-05-31,2018-06-08,中国国际金融股份有限公司,,,否,,,,,,,0,,,,,20-50亿元,P1000570
团队跟踪,厦门信托-鹭鑫优享1号单一资金信托,D10020223007990,厦门信托-鹭鑫优享1号单一资金信托,D10020223007990,厦门信托,,2023-09-07,0000-00-00,,,,否,,,,,,,0,,,,,,
团队跟踪,高毅庆瑞6号瑞行基金A类份额,E5438A,高毅庆瑞6号瑞行基金A类份额,E5438A,上海高毅资管,,2016-02-04,2016-02-15,招商证券股份有限公司,,,否,,,,,,,0,,,,,100亿元以上,P1002305
团队跟踪,涵德淳德量化3号私募证券投资基金A类份额,ED442A,涵德淳德量化3号私募证券投资基金A类份额,ED442A,北京涵德投资,,2018-07-05,2018-07-12,国金证券股份有限公司,,每周四、周五,否,,,0,0.65,无,0.6,0.01,,,"0.05%
",16,50-100亿元,P1001739
团队跟踪,涵德淳德量化3号私募证券投资基金B类份额,ED442B,涵德淳德量化3号私募证券投资基金B类份额,ED442B,北京涵德投资,,2018-07-05,2018-07-12,国金证券股份有限公司,,每周四、周五,否,,,0,0.65,无,0.6,0.01,,,"0.05%
",16%,50-100亿元,P1001739
团队跟踪,橡木橡果私募证券投资基金A类份额,EL802A,橡木橡果私募证券投资基金A类份额,EL802A,杭州橡木,,2018-09-19,,广发证券股份有限公司,,每周最后一个交易日,否,0%,,0%,0.9,,0.8,0.015,,0.1%,0.1%,年化收益超过沪深300指数时，计提20%业绩报酬,50-100亿元,P1068698
团队跟踪,草本优益1号私募投资基金C类份额,EM760C,草本优益1号私募投资基金C类份额,EM760C,广州草本投资,,2018-09-07,2018-09-20,广发证券股份有限公司,,每周二,可临开申购和可临开赎回,0,A 类份额募集期间每次追加认购金额应不低于【1】万元人民币。,不满360天，赎回费率1%；360天及以上，赎回费率0%,0.75,无封闭期,0.7,0.01,,,0.1%,,20-50亿元,P1013786
团队跟踪,博弈淘股吧5号B类,EN677B,博弈淘股吧5号私募证券投资基金B类份额,EN677B,青岛博弈资管,,2018-09-26,2018-10-11,兴业证券股份有限公司,,每个交易日,否,0%,1万元起,0%,0.7,,0.5,0.01,,0.05％,0.05％,对单笔投资超过上次计提日最高基金份额累计净值部分按如下如下各类基金份额对应的的比例30％进行计提,20-50亿元,P1062573
团队跟踪,量道临风1号私募证券投资基金A类份额,EQ069A,量道临风1号私募证券投资基金A类份额,EQ069A,深圳量道投资,,2018-10-26,2018-10-31,国泰君安证券股份有限公司,,每个交易日,可临开申购和可临开赎回,,1 万元的整数倍,,,无,,0,,0.03%/年,0.03%/年,,100亿元以上,P1016658
团队跟踪,量道富祥cta7号私募证券投资基金A类,EQ082A,量道富祥cta7号私募证券投资基金A类,EQ082A,深圳量道投资,,2022-03-07,0000-00-00,兴业证券股份有限公司,,每个交易日,否,1%,1万元起,持有期小于180天，赎回费率为2%；持有期大等于180天且小于365天，赎回费率为1%；持有期大等于365天，赎回费率为 0%（可金额赎回）,0.55,无,0.5,0.02,,,0.025％,"25%。
计提基准日：赎回日、基金终止日、分红日、固定结算日（每年12月的最后一个交易日）",100亿元以上,P1016658
团队跟踪,量道富祥cta7号私募证券投资基金B类,EQ082B,量道富祥cta7号私募证券投资基金B类,EQ082B,深圳量道投资,,2022-03-07,0000-00-00,兴业证券股份有限公司,,每个交易日,否,0%,1万元起,0%（可金额赎回）,0.55,无,0.5,0,,,0.025％,不收取业绩报酬,100亿元以上,P1016658
团队跟踪,景资锐联多元化旗舰一号私募基金B类份额,ER537B,景资锐联多元化旗舰一号私募基金B类份额,ER537B,上海锐联景淳投资,,2018-12-03,2018-12-20,国泰君安证券股份有限公司,,,否,,,,,,,0,,,,,20-50亿元,P1015682
团队跟踪,千象卓越3号中证500指数增强A类,ES717A,千象卓越3号中证500指数增强私募证券投资基金A类份额,ES717A,上海千象资产,,2018-11-16,,招商证券股份有限公司,,,否,,,,,,,0,,,,,100亿元以上,P1006930
团队跟踪,华钧元鼎1期私募证券投资基金B类份额,EY110B,华钧元鼎1期私募证券投资基金B类份额,EY110B,北京华钧广汇投资,,2019-01-14,2019-01-17,中信证券股份有限公司,,每个工作日,否,,,,,,,0.01,,,,年化收益>0%且≤30%收取20%;年化收益>30%的部分收取30%;业绩报酬提取固定时点:每年6月、12月第一个周五,10-20亿元,P1067480
团队跟踪,大岩市场中性2号私募证券投资基金B类份额,EZ916B,大岩市场中性2号私募证券投资基金B类份额,EZ916B,深圳嘉石大岩,,2019-03-18,,招商证券股份有限公司,,,否,,,,,,,0,,,,,50-100亿元,P1000709
团队跟踪,集微投资2期A类,GA681A,集微投资2期私募证券投资基金A类份额,GA681A,上海集微,,2019-03-21,2019-03-27,中泰证券股份有限公司,,每自然月5号,否,,,,,无,,0.015,,0.03%,"0.06%
",,50-100亿元,P1062961
团队跟踪,致邃投资-致盈1号私募证券投资基金B类份额,GA724B,致邃投资-致盈1号私募证券投资基金B类份额,GA724B,上海致邃投资,,2019-03-01,2019-03-11,国信证券股份有限公司,,每周周二、周三,否,0%,,持有期小等于90天，赎回费率为1%；持有期大于90天，赎回费率为0%,,,,0.01,,,,"年化收益≤6.00%，不计提；
6.00%＜年化收益＜35.00%，50%；
年化收益≥35.00%, 60%",5-10亿元,P1063212
团队跟踪,橡木闻潮二号A类,GD755A,橡木闻潮二号私募证券投资基金A类份额,GD755A,杭州橡木,,2019-04-11,2019-04-22,国泰君安证券股份有限公司,,,否,,,,,,,0,,,,,50-100亿元,P1068698
团队跟踪,迎水麦余1号私募证券投资基金A类份额,GE815A,迎水麦余1号私募证券投资基金A类份额,GE815A,上海迎水投资,,2019-03-15,2019-03-22,国泰君安证券股份有限公司,,,否,,,,,,,0,,,,,100亿元以上,P1022432
团队跟踪,致邃投资-致盈3号B类,GF835B,致邃投资-致盈3号私募证券投资基金B类份额,GF835B,上海致邃投资,,2019-03-18,2019-03-25,中信建投证券股份有限公司,,每周二、周五,否,无,,无,,,,0.01,,中信建投证券,,r＞0%，R20%,5-10亿元,P1063212
团队跟踪,汇鸿汇升睿进旗舰私募证券投资基金A类份额,GG119A,汇鸿汇升睿进旗舰私募证券投资基金A类份额,GG119A,江苏苏豪汇升,,2019-06-14,2019-06-19,招商证券股份有限公司,,,否,,,,,,,0,,,,,20-50亿元,P1005918
团队跟踪,明汯量化中小盘增强1号B类,GG585B,明汯量化中小盘增强1号私募证券投资基金B类份额,GG585B,上海明汯投资,,2019-04-04,,国泰君安证券股份有限公司,,,否,,,,,,,0,,,,,100亿元以上,P1004150
团队跟踪,高毅精选FOF第17期私募证券投资基金A类份额,GG608A,高毅精选FOF第17期私募证券投资基金A类份额,GG608A,上海高毅资管,,2020-02-28,2020-03-05,招商证券股份有限公司,,,否,,,,,,,0,,,,,100亿元以上,P1002305
团队跟踪,启林正兴东绣1号私募证券投资基金B类份额,GG834B,启林正兴东绣1号私募证券投资基金B类份额,GG834B,上海启林投资,,2019-03-22,,兴业证券股份有限公司,,每个自然月最后一个交易日,否,,,,,6个月,,0,,,0.05,,100亿元以上,P1064525
团队跟踪,悬铃C号2期私募证券投资基金B类份额,GH303B,悬铃C号2期私募证券投资基金B类份额,GH303B,上海悬铃,,2020-02-27,2020-06-02,招商证券股份有限公司,,"每月10、20号
",可临开赎回,0%,,持有期小于12 个月，赎回费率 1%；持有期大于等于 12 个月，赎回费率 0%,0.88,无,0.83,0.015,"
",0.025%,0.025%,"20%
",10-20亿元,P1064634
团队跟踪,悬铃C号2期私募证券投资基金C类,GH303C,悬铃C号2期私募证券投资基金C类,GH303C,上海悬铃,,2020-09-01,2020-10-14,招商证券股份有限公司,,每自然月第10个自然日为开放日。如该对应日为非工作日，则开放日为该日后的第一个工作日。,可临开申购,B类份额：0,每次追加申购的最低金额为10万元人民币。,0,0.8,成立后180天（已结束）。,0.75,0,B类份额：0.5%/年,0.025%/年,0.025%/年,"B类份额：单人单笔高水位法，针对收益0%以上的部分计提10%业绩报酬
本基金业绩报酬计提日为：封闭期过后，每年1月及7月的最后一个交易日，基金份额持有人实际赎回基金份额时（包含全部赎回，部分赎回）、基金终止日。",10-20亿元,P1064634
团队跟踪,博益安盈多策略61号私募证券投资基金B类份额,GJ860B,博益安盈多策略61号私募证券投资基金B类份额,GJ860B,深圳博益安盈,,2021-09-17,,中信证券股份有限公司,,,否,,,,,,,0,,,,,5-10亿元,P1032574
团队跟踪,博益安盈多策略56号私募证券投资基金A类份额,GL921A,博益安盈多策略56号私募证券投资基金A类份额,GL921A,深圳博益安盈,,2020-02-27,,中信证券股份有限公司,,,否,,,,,,,0,,,,,5-10亿元,P1032574
团队跟踪,尚艺阳光1号私募证券投资基金C类份额,GM266C,尚艺阳光1号私募证券投资基金C类份额,GM266C,北京尚艺,,2019-04-25,2019-05-07,中信证券股份有限公司,,,否,,,,,,,0,,,,,50-100亿元,P1006152
团队跟踪,博普安泰2号私募证券投资基金A类份额,GN354A,博普安泰2号私募证券投资基金A类份额,GN354A,深圳博普科技,,2019-09-24,2019-09-27,国泰君安证券股份有限公司,,每月第三个周五,否,1%,,0%,0.85,无,0.8,0.02,,0.03%,0.03%,20%,50-100亿元,P1001724
团队跟踪,博普安泰2号私募证券投资基金B类份额,GN354B,博普安泰2号私募证券投资基金B类份额,GN354B,深圳博普科技,,2019-09-24,2019-09-27,国泰君安证券股份有限公司,,每月第三个周五,否,1%,,0%,0.85,无,0.8,0.01,,0.03%,0.03%,10%,50-100亿元,P1001724
团队跟踪,博普安泰2号私募证券投资基金C类份额,GN354C,博普安泰2号私募证券投资基金C类份额,GN354C,深圳博普科技,,2019-09-24,2019-09-27,国泰君安证券股份有限公司,,,否,,,,,,,0,,,,,50-100亿元,P1001724
团队跟踪,渡苇北洋1号私募证券投资基金A类份额,GR203A,渡苇北洋1号私募证券投资基金A类份额,GR203A,深圳渡苇,,2019-07-17,2019-07-29,招商证券股份有限公司,,,否,,,,,,,0,,,,,0-5亿元,P1016672
团队跟踪,毕盛狮远私募证券投资基金A类份额,GS011A,毕盛狮远私募证券投资基金A类份额,GS011A,上海毕盛投资,,2019-07-09,2019-07-19,中国国际金融股份有限公司,,,否,1.00%,0,1.00%,,,,0,0.75%,0.05%,0.75%,0以上计提20%,20-50亿元,P1068712
团队跟踪,毕盛狮远私募证券投资基金B类份额,GS011B,毕盛狮远私募证券投资基金B类份额,GS011B,上海毕盛投资,,2019-07-09,2019-07-19,中国国际金融股份有限公司,,,否,,,,,,,0,,,,,20-50亿元,P1068712
团队跟踪,毕盛狮远私募证券投资基金C类份额,GS011C,毕盛狮远私募证券投资基金C类份额,GS011C,上海毕盛投资,,2019-07-09,2019-07-19,中国国际金融股份有限公司,,,否,,,,,,,0,,,,,20-50亿元,P1068712
团队跟踪,启林春晓五期私募证券投资基金B类份额,GS629B,启林春晓五期私募证券投资基金B类份额,GS629B,上海启林投资,,2019-07-05,,国泰君安证券股份有限公司,,申购开放日为每周最后一个交易日， 赎回开放日为每月最后一个交易日,可临开赎回,1%,,持有期小于 180天，经管理人同意后方可赎回，赎回费率为 2%；持有期大等于180天但小于360天，赎回费率为1%；持有期大于360天，赎回费率为0%；B 类份额赎回费归私募基金管理人所有。,0.7,无,0.6,0.015,,0.025%,0.025%,20%,100亿元以上,P1064525
团队跟踪,鋆晟狮王套利私募证券投资基金B类份额,GS754B,鋆晟狮王套利私募证券投资基金B类份额,GS754B,上海鋆晟投资,,2019-07-18,2019-08-02,招商证券股份有限公司,,每自然月15号,否,,,,0.96,,0.95,0,,0.04%,0.04%,,0-5亿元,P1028385
团队跟踪,洛书CTA优选壹号B类,GT003B,洛书CTA优选壹号私募证券投资基金B类份额,GT003B,上海洛书投资,,2019-06-20,2019-07-04,国泰君安证券股份有限公司,,每周周三,否,,1万元起,,0.52,无,0.5,0,,0.015%,0.015%,,100亿元以上,P1015392
团队跟踪,阳泽格林1号私募证券投资基金A类份额,GT338A,阳泽格林1号私募证券投资基金A类份额,GT338A,杭州阳泽,,2019-07-02,,国信证券股份有限公司,,每个自然季的最后1个工作日,否,1.00%,,无,,无,,0,A类1.5%;B类无,0.0350%,,A类：对超过上次成功计提基准日基金份额累计净值部分按20%比例进行计提；B类不计提,0-5亿元,P1062863
团队跟踪,迎水巡洋7号私募证券投资基金B类份额,GV208B,迎水巡洋7号私募证券投资基金B类份额,GV208B,上海迎水投资,,2019-08-14,2019-08-22,招商证券股份有限公司,,,否,,,,,,,0,,,,,100亿元以上,P1022432
团队跟踪,大树-安心盈扬帆8号私募证券投资基金B类份额,GW702B,大树-安心盈扬帆8号私募证券投资基金B类份额,GW702B,深圳大树,,2019-07-18,2019-08-01,兴业证券股份有限公司,,,否,,,,,,,0,,,,,0-5亿元,P1023564
团队跟踪,朋锦银海星驰私募证券投资基金B类份额,GX995B,朋锦银海星驰私募证券投资基金B类份额,GX995B,仲阳天王星,,2019-10-25,,招商证券股份有限公司,,,否,,,,,,,0,,,,,100亿元以上,P1005954
团队跟踪,同犇11期私募证券投资基金B类,GY527B,同犇11期私募证券投资基金B类,GY527B,上海同犇投资,,2020-01-08,,招商证券股份有限公司,,每个交易日,可临开申购和可临开赎回,0%,,,,无,,0.008,,0.01%,0.01%,单客户高水位法，16%,20-50亿元,P1001725
团队跟踪,博普华量2号私募证券投资基金B类,GY577B,博普华量2号私募证券投资基金B类,GY577B,深圳前海博普资管,,2019-08-13,,华泰证券股份有限公司,,,否,,,,,,,0,,,,,20-50亿元,P1067653
团队跟踪,蒙玺祖冲之2号量化私募证券投资基金B类,GZ572B,蒙玺祖冲之2号量化私募证券投资基金B类,GZ572B,上海蒙玺投资,,2019-09-12,,招商证券股份有限公司,,每个月15号,可临开赎回,1%,,0%,0.85,无,0.8,0.01,,0.03%,0.03%,当B类份额赎回、基金终止或分红时，若赎回B类份额或参与分红B类份额收益为正且其份额当期收益超过中证500指数（000905）同期收益，则管理人将提取 MIN[赎回B类份额或参与分红B类份额当期超过中证 500 指数（000905）同期收益的 20%,100亿元以上,P1063294
团队跟踪,跃威恒鑫一号私募证券投资基金A类份额,GZ942A,跃威恒鑫一号私募证券投资基金A类份额,GZ942A,上海跃威,,2019-09-16,,招商证券股份有限公司,,本基金开放日为每自然月的28号,可临开申购和可临开赎回,无,无,无,0.9,无,0.85,0.01,1%,无,无,20%,20-50亿元,P1068331
团队跟踪,华泰资产优选二号股票型养老金产品,HTA002,华泰资产优选二号股票型养老金产品,HTA002,华泰资管,,2016-12-28,,,,,否,,,,,,,0,,,,,,
团队跟踪,名禹沐风1期私募证券投资基金B类份额,J2767B,名禹沐风1期私募证券投资基金B类份额,J2767B,上海名禹资管,,2016-04-18,,招商证券股份有限公司,,,否,,,,,,,0,,,,,10-20亿元,P1000887
团队跟踪,松树街TAROBO伏摩一号私募证券投资基金A类份额,JA480A,松树街TAROBO伏摩一号私募证券投资基金A类份额,JA480A,深圳松树街资管,,2019-08-30,2019-09-11,中国国际金融股份有限公司,,申购开放日为每自然周第一个工作日；赎回开放日每自然季度末月最后一个工作日,可临开赎回,1%（可免）,,＜180天：3%；≥180天且＜360天：1.5%,,无,,0.02,,0.025%,0.025%,单笔单客户高水位，计提20%,5-10亿元,P1006928
团队跟踪,静实致远私募证券投资基金B类,JF851B,静实致远私募证券投资基金B类,JF851B,共青城静实投资,,2019-11-07,,兴业证券股份有限公司,,每月第一个交易日,否,0%,,0%,0.85,无,0.8,0.01,,,0.025%,年化收益率小等于0%时，不收取；年化收益率大于0%小等于40%时，计提20%的业绩报酬；年化收益率大于40%时，计提30%的业绩报酬,0-5亿元,P1070233
团队跟踪,复熙混合8号私募证券投资基金A类份额,JG469A,复熙混合8号私募证券投资基金A类份额,JG469A,上海复熙资管,,2019-11-14,2019-11-21,中信建投证券股份有限公司,,,否,,,,,,,0,,,,,20-50亿元,P1006187
团队跟踪,复熙混合8号私募证券投资基金B类份额,JG469B,复熙混合8号私募证券投资基金B类份额,JG469B,上海复熙资管,,2019-11-14,2019-11-21,中信建投证券股份有限公司,,,否,,,,,,,0,,,,,20-50亿元,P1006187
团队跟踪,谦信新视野证券投资私募基金A类份额,JG948A,谦信新视野证券投资私募基金A类份额,JG948A,杭州谦信投资,,2019-12-16,2019-12-20,国泰君安证券股份有限公司,,,否,,,,,,,0,,,,,0-5亿元,P1067210
团队跟踪,腾胜中国聚量宏观策略1号私募证券投资基金A类份额,JJ884A,腾胜中国聚量宏观策略1号私募证券投资基金A类份额,JJ884A,上海腾胜投资,,2020-01-17,2020-03-04,国泰君安证券股份有限公司,,,否,,,,,,,0,,,,,100亿元以上,P1070191
团队跟踪,艾方CTA一号B类,JK594B,艾方CTA一号私募证券投资基金B类份额,JK594B,上海艾方资管,,2019-12-02,,招商证券股份有限公司,,,否,,,,,,,0,,,,,50-100亿元,P1003401
团队跟踪,垒昂金鹿量化对冲3号私募证券投资基金A类份额,JK771A,垒昂金鹿量化对冲3号私募证券投资基金A类份额,JK771A,上海垒昂,,2019-12-13,2019-12-19,国金证券股份有限公司,,,否,,,,,,,0,,,,,10-20亿元,P1069759
团队跟踪,垒昂金鹿量化对冲3号私募证券投资基金B类份额,JK771B,垒昂金鹿量化对冲3号私募证券投资基金B类份额,JK771B,上海垒昂,,2019-12-13,2019-12-19,国金证券股份有限公司,,每个工作日,否,0%,扣除申购费的净追加申购金额应不低于5万元人民币,持有期小于180天1.5%，大于等于180天小于365天1%，大于等于365天0.5%（不含对日）,0.8,无,0.7,0,1.0%,0.025%,0.025%,对期间实际收益率超过【0%】的部分提取【20%】作为业绩报酬,10-20亿元,P1069759
团队跟踪,量典长青一号私募证券投资基金A类份额,JL207A,量典长青一号私募证券投资基金A类份额,JL207A,上海量典,,2019-12-24,2019-12-23,招商证券股份有限公司,,,否,,,,,,,0,,,,,0-5亿元,P1060476
团队跟踪,博益安盈启程83号私募证券投资基金B类份额,JM253B,博益安盈启程83号私募证券投资基金B类份额,JM253B,深圳博益安盈,,2020-05-07,2020-05-12,中国银河证券股份有限公司,,,否,,,,,,,0,,,,,5-10亿元,P1032574
团队跟踪,量宇红番茄十一号B类,JM483B,量宇红番茄十一号私募证券投资基金B类份额,JM483B,上海量宇,,2020-03-06,2020-03-10,招商证券股份有限公司,,每月1号,否,0%,,持有期小于6个月，赎回费率为1%；持有期大等于6个月，赎回费率为 0%,0.85,,0.8,0.015,,0.01%,0.01%,当 R>0％时，对超过 0%的收益部分提取 20%的业绩报酬,10-20亿元,P1064318
团队跟踪,亿富亨添泽一号B类,JM610B,亿富亨添泽一号私募证券投资基金B类份额,JM610B,青岛亿富亨,,2019-12-27,2020-01-02,国泰君安证券股份有限公司,,每周周四 、周五,可临开赎回,0%,1万元起,持有期小于90天，赎回费率为 0.5%；持有期大等于90天，赎回费率为 0%,,无,,0.01,,0.015%,0.015%,"计提触发条件：年化8%，计提比例：60%;
但是计提后基金份额持有人年化收益率不低于业绩报酬计提触发条件",0-5亿元,P1066070
团队跟踪,量道吉祥3号私募证券投资基金A类,JR807A,量道吉祥3号私募证券投资基金A类,JR807A,深圳量道投资,,2020-03-13,2020-03-13,国泰君安证券股份有限公司,,每周周五，如遇非交易日，则顺延至下一交易日,可临开申购和可临开赎回,1%,1 万元的整数倍,持有期<180天为1%，>=180天为0%,,无,,0.015,,0.03%/年,0.03%/年,"1、计提方式：单个投资者单笔高水位净值法
2、计提时点：投资者赎回日、分红权益登记日、基金清算日、固定计提日（【每年12月28日，如遇非交易日则顺延至下一交易日）
3、计提比例：【20%】",100亿元以上,P1016658
团队跟踪,量道吉祥3号私募证券投资基金B类份额,JR807B,量道吉祥3号私募证券投资基金B类份额,JR807B,深圳量道投资,,2020-03-13,,国泰君安证券股份有限公司,,每周周五,可临开申购和可临开赎回,0%,1 万元的整数倍,0%（可金额赎回）,,无,,0,,0.03%,0.03%,不计提业绩报酬,100亿元以上,P1016658
团队跟踪,洛炎CTA专享5号私募证券投资基金A类份额,JS360A,洛炎CTA专享5号私募证券投资基金A类份额,JS360A,上海洛炎,,2020-02-24,2020-03-03,华泰证券股份有限公司,,,否,,,,,,,0,,,,,5-10亿元,P1026482
团队跟踪,锋滔重剑CTA二号私募证券投资基金A类,JT243A,锋滔重剑CTA二号私募证券投资基金A类,JT243A,上海锋滔资管,,2020-03-04,,招商证券股份有限公司,,每自然季度末月的最后一个工作日,否,,,,0.8,12个月,0.75,0.015,1.5%,0.05%,0.05%,20%,0-5亿元,P1007210
团队跟踪,君信荣耀复利一号私募证券投资基金B类,JT310B,君信荣耀复利一号私募证券投资基金B类,JT310B,福建君信,,2021-09-01,2021-09-01,国泰君安证券股份有限公司,,每周周二,可临开赎回,3%,,0%,0.92,无,0.9,0.015,,0.05%,0.05%,20%,0-5亿元,P1026926
团队跟踪,黑帆大海三号私募证券投资基金A类份额,JT655A,黑帆大海三号私募证券投资基金A类份额,JT655A,杭州黑帆资管,,2020-03-30,2020-04-01,中信证券股份有限公司,,每个交易日,否,,,,0.97,无,0.94,0,,,,,0-5亿元,P1061190
团队跟踪,启元私享2号私募证券投资基金A类,JU088A,启元私享2号私募证券投资基金A类,JU088A,温州启元资管,,2020-03-17,,华泰证券股份有限公司,,每季度第3个月第10个自然日,否,1%,,0%,,无,,0,,0.025%,0.025%,不计提业绩报酬,20-50亿元,P1012870
团队跟踪,远望角容远11号私募证券投资基金B类份额,JV583B,远望角容远11号私募证券投资基金B类份额,JV583B,深圳远望角投资,,2020-05-12,2020-05-13,中信证券股份有限公司,,,否,,,,,,,0,,,,,5-10亿元,P1008153
团队跟踪,静实至信私募证券投资基金B类份额,JV631B,静实至信私募证券投资基金B类份额,JV631B,共青城静实投资,,2020-03-24,,兴业证券股份有限公司,,每月第一个交易日,可临开赎回,,,0%,0.85,无,0.8,0.01,,,0.025%,20%,0-5亿元,P1070233
团队跟踪,盛泉恒元灵活配置专项6号A类,JV685A,盛泉恒元灵活配置专项6号私募证券投资基金A类份额,JV685A,南京盛泉恒元投资,,2020-03-26,2020-03-26,招商证券股份有限公司,,,否,,,,,,,0,,,,,100亿元以上,P1006545
团队跟踪,鸣石金选12B号私募证券投资基金B类份额,JW383B,鸣石金选12B号私募证券投资基金B类份额,JW383B,上海鸣石,,2020-04-16,2020-04-16,海通证券股份有限公司,,每周一 周三,否,1%,,不足90天，收取0.5%,0.9,,0.85,0.01,A份额：2%；B份额：1%,0.05%,0.05%,A份额：单人单笔高水位，20%；B份额：单人单笔高水位18%,100亿元以上,P1005659
团队跟踪,博普日添月益证券投资私募基金A类份额,JW903A,博普日添月益证券投资私募基金A类份额,JW903A,深圳前海博普资管,,2020-03-27,2020-03-31,中信证券股份有限公司,,,否,,,,,,,0,,,,,20-50亿元,P1067653
团队跟踪,量道汇盈10号私募证券投资基金B类份额,JX005B,量道汇盈10号私募证券投资基金B类份额,JX005B,深圳量道投资,,2020-03-25,2020-03-25,兴业证券股份有限公司,,每月28号,可临开申购和可临开赎回,1%,1万元起,持有期小于180天，赎回费率为1%；持有期大等于180天，赎回费率为0%（可金额赎回）,,无,,0,,,0.05%,不计提业绩报酬,100亿元以上,P1016658
团队跟踪,交睿宏观配置1号A类,JX860A,交睿宏观配置1号私募证券投资基金A类份额,JX860A,上海交睿,,2020-04-16,2020-04-23,华泰证券股份有限公司,,每自然月第10个自然日为开放日。如该对应日为非工作日，则开放日为该日后的第一个工作日。,可临开申购,B类份额：0,每次追加申购的最低金额为10万元人民币。,0,0.8,成立后180天（已结束）。,0.75,0,B类份额：0.5%/年,0.025%/年,0.025%/年,"B类份额：单人单笔高水位法，针对收益0%以上的部分计提10%业绩报酬
本基金业绩报酬计提日为：封闭期过后，每年1月及7月的最后一个交易日，基金份额持有人实际赎回基金份额时（包含全部赎回，部分赎回）、基金终止日。",20-50亿元,P1064961
团队跟踪,优美利金安长牛2号A类,JX919A,优美利金安长牛2号私募证券投资基金A类份额,JX919A,深圳优美利投资,,2020-04-27,2020-05-09,华泰证券股份有限公司,,每周一、三、五,可临开申购,1%,每次追加申购的最低金额为10万元人民币。,1%（1-3月）、0.5%（3-6月）、0（>6月）,0.8,,0.75,0.015,,0.05%/年,0.05%/年,,100亿元以上,P1060844
团队跟踪,品责优享二期A类,JY560A,品责优享二期私募证券投资基金A类份额,JY560A,上海品责资产,,2020-04-13,,招商证券股份有限公司,,每周周二,否,0%,,持有期小于12个月，赎回费率为1%；持有期大等于12个月，赎回费率为0%,,,0.8,0.02,,0.04%,0.04%,年化收益超过0%收取20%的业绩报酬,5-10亿元,P1020138
团队跟踪,君得安新利2号A类,K2507A,君得安新利2号私募证券投资基金A类份额,K2507A,上海富善投资,,2016-07-08,2016-07-13,招商证券股份有限公司,,每周周二、周三,可临开赎回,0%,1万元起,持有期小于3个月，赎回费率为0.5%；持有期大等于3个月，赎回费率为0%,,,,0.01,,0.05%,0.05%,18%,5-10亿元,P1000712
团队跟踪,博益安盈精英1号私募投资基金A类份额,L9566A,博益安盈精英1号私募投资基金A类份额,L9566A,深圳博益安盈,,2016-08-29,2016-09-01,中信证券股份有限公司,,每周周五,可临开赎回,0%,,0%,0.99,3个月,0.98,0.015,,0.05%,0.05%,"将根据 A 类委托人每笔投资的期间年化收益率（R），对期间年化收益率超过 0%以上部分按照 50%的比例收取业绩报酬。
计提基准日分为固定计提基准日（每个自然季度末月（即 3月、6 月、9 月、12 月）最后一个周五）、A 类份额除息日（若有）、A 类份额赎回申请日和基金终止日（其中固定计提基准日和 A 类份额除息日（若有）统称为“统一计提基准日”）",5-10亿元,P1032574
团队跟踪,博益安盈精英1号私募投资基金B类份额,L9566B,博益安盈精英1号私募投资基金B类份额,L9566B,深圳博益安盈,,2016-08-29,2016-09-01,中信证券股份有限公司,,每周周五,可临开赎回,,,,0.99,3个月,0.98,0,,0.05%,0.05%,,5-10亿元,P1032574
团队跟踪,杉阳云杉混合1号私募证券投资基金A类份额,LA063A,杉阳云杉混合1号私募证券投资基金A类份额,LA063A,上海杉阳,,2020-05-29,,国泰君安证券股份有限公司,,每月15日、每月最后一个交易日,可临开赎回,0%,,持有期小于90 天，赎回费率为2%；持有期大等于90天但小于180 天，赎回费率为1.5%；持有期大等于180天，赎回费率为0%。,0.85,无,0.8,0.01,1%,0.03%,0.03%,20%,0-5亿元,P1070833
团队跟踪,博益安盈精英30号私募证券投资基金A类份额,LA343A,博益安盈精英30号私募证券投资基金A类份额,LA343A,深圳博益安盈,,2020-06-18,2020-06-24,招商证券股份有限公司,,,否,,,,,,,0,,,,,5-10亿元,P1032574
团队跟踪,向日葵永丽稳健FOF1号私募证券投资基金B类份额,LB258B,向日葵永丽稳健FOF1号私募证券投资基金B类份额,LB258B,上海向日葵投资,,2020-08-07,2020-08-14,招商证券股份有限公司,,,否,,,,,,,0,,,,,20-50亿元,P1005620
团队跟踪,跃威顺鑫一号私募证券投资基金A类,LB875A,跃威顺鑫一号私募证券投资基金A类,LB875A,上海跃威,,2020-09-10,,国泰君安证券股份有限公司,,每周第1个交易日及2020年12月30日,可临开赎回,0%,,0%,0.92,无,0.9,0.01,,0.03%,0.03%,持有期的年化收益率（R）与计提基准的差额（即R-B）高于【0%】但低于或等于【10%】的，业绩报酬计提比例为【20%】；（R-B）高于【10%】的，业绩报酬计提比例按照【20%】和【30%】分段计算,20-50亿元,P1068331
团队跟踪,极至朝阳2号私募证券投资基金B类份额,LC571B,极至朝阳2号私募证券投资基金B类份额,LC571B,北京极至投资,,2020-05-29,2020-06-03,东方证券股份有限公司,,每周周三、周五,否,1%,10万元整数倍递增,1%,0.85,无,0.8,0.015,,0.05%,0.05%,持有期年化收益率大于 0，计提25%,0-5亿元,P1063871
团队跟踪,弈倍龙杉一号A类,LC597A,弈倍龙杉一号私募证券投资基金A类份额,LC597A,上海弈倍,,2020-06-09,2020-06-11,国泰君安证券股份有限公司,,申购开放日为每周周三周五，赎回开放日每月 10 日。,否,0%,,0%,,无,,0.01,,0.02%,0.02%,业绩报酬的计算采取“单客户单笔份额高水位法”：当基金份额赎回、基金终止或分红时，管理人将提取赎回份额或分红份额当期收益的20%作为业绩报酬。,20-50亿元,P1061585
团队跟踪,同温层量化阿尔法1号A类,LD035A,同温层量化阿尔法1号证券投资私募基金A类份额,LD035A,武汉同温层,,2020-05-25,,中信证券股份有限公司,,,否,,,,,,,0,,,,,20-50亿元,P1070801
团队跟踪,稳博300指数增强1号B类,LD101B,稳博300指数增强1号私募证券投资基金B类,LD101B,上海稳博投资,,2020-07-20,,招商证券股份有限公司,,,否,,,,,,,0,,,,,100亿元以上,P1029043
团队跟踪,杉阳云杉转债1号私募证券投资基金A类份额,LE395A,杉阳云杉转债1号私募证券投资基金A类份额,LE395A,上海杉阳,,2020-06-16,,招商证券股份有限公司,,每周周二,可临开赎回,0%,,持有期小于180天，赎回费费率为2%；持有期大等于180天，赎回费费率为0%,0.85,,0.8,0.01,,0.02%,0.02%,20%,0-5亿元,P1070833
团队跟踪,汇利玖奕1号私募证券投资基金A类,LG401A,汇利玖奕1号私募证券投资基金A类,LG401A,上海汇利资管,,2020-07-10,,华泰证券股份有限公司,,每个工作日,否,0%,,0%,,无,,0.003,,0.025%,0.025%,30%,0-5亿元,P1000313
团队跟踪,汇利玖奕1号私募证券投资基金B类份额,LG401B,汇利玖奕1号私募证券投资基金B类份额,LG401B,上海汇利资管,,2020-07-10,2020-07-10,华泰证券股份有限公司,,每个工作日,否,,,,,无,,0,,,,,0-5亿元,P1000313
团队跟踪,量道CTA精选10号私募证券投资基金A类,LJ055A,量道CTA精选10号私募证券投资基金A类,LJ055A,深圳量道投资,,2020-07-27,2020-07-27,国泰君安证券股份有限公司,,每个交易日,否,1%,1 万元的整数倍,持有期低于180天（不含）的赎回费率为1%，基金份额持有期在180天及以上的赎回费率为0%,0.8,无,0.75,0.01,,0.025%/年,0.025%/年,"1、计提方式：单个投资者单笔高水位净值法
2、计提时点：投资者赎回日、分红权益登记日、基金清算日、固定日（每年6月30日（但封闭期及锁定期（如有）除外，如遇非交易日则顺延至下一交易日））
3、计提比例：20%",100亿元以上,P1016658
团队跟踪,量道CTA精选10号私募证券投资基金B类,LJ055B,量道CTA精选10号私募证券投资基金B类,LJ055B,深圳量道投资,,2020-08-17,0000-00-00,国泰君安证券股份有限公司,,每个交易日,否,0%,1万元起,0%（可金额赎回）,0.8,无,0.75,0,,, 0.025%,不计提业绩报酬,100亿元以上,P1016658
团队跟踪,稳博创新一号私募证券投资基金A类份额,LJ648A,稳博创新一号私募证券投资基金A类份额,LJ648A,上海稳博投资,,2020-07-14,,海通证券股份有限公司,,每月最后一个交易日为固定开放日,否,无,,无,0.97,,0.95,0.01,,0.05%,0.03%,,100亿元以上,P1029043
团队跟踪,量道瑞风量化多策略1号私募证券投资基金A类份额,LK113A,量道瑞风量化多策略1号私募证券投资基金A类份额,LK113A,深圳量道投资,,2020-07-27,2020-07-27,招商证券股份有限公司,,每个交易日,否,1%, 1 万元的整数倍,<365天为1%，>=365天为0%,,无,,0.01,,0.025%/年,0.025%/年,"计提方式：采用单个投资者单份额高水位净值法;
计提时点：投资者赎回日、分红权益登记日、基金清算日
计提比例：20%（业绩报酬按单客户单笔份额计提，当净值到1.1且单笔份额盈利时以上可计提业绩报酬）",100亿元以上,P1016658
团队跟踪,量道瑞风量化多策略1号私募证券投资基金B类份额,LK113B,量道瑞风量化多策略1号私募证券投资基金B类份额,LK113B,深圳量道投资,,2020-07-27,2020-07-27,招商证券股份有限公司,,每个交易日,否,1%, 1 万元的整数倍,<365天为1%，>=365天为0%,,无,,0,,0.025%/年,"0.025%/年
","计提方式：采用单个投资者单份额高水位净值法;
计提时点：投资者赎回日、分红权益登记日、基金清算日
计提比例：20%（业绩报酬按单客户单笔份额计提，当净值到1.1且单笔份额盈利时以上可计提业绩报酬）",100亿元以上,P1016658
团队跟踪,博孚利中衍尊享FOF私募证券投资基金A类,LN591A,博孚利中衍尊享FOF私募证券投资基金A类,LN591A,厦门博孚利资管,,2020-08-13,0000-00-00,国泰君安证券股份有限公司,,每自然月第10个自然日为开放日。如该对应日为非工作日，则开放日为该日后的第一个工作日。,可临开申购,B类份额：0,每次追加申购的最低金额为10万元人民币。,0,0.8,成立后180天（已结束）。,0.75,0.01,B类份额：0.5%/年,0.025%/年,0.025%/年,"B类份额：单人单笔高水位法，针对收益0%以上的部分计提10%业绩报酬
本基金业绩报酬计提日为：封闭期过后，每年1月及7月的最后一个交易日，基金份额持有人实际赎回基金份额时（包含全部赎回，部分赎回）、基金终止日。",50-100亿元,P1023120
团队跟踪,博孚利中衍尊享FOF私募证券投资基金B类,LN591B,博孚利中衍尊享FOF私募证券投资基金B类,LN591B,厦门博孚利资管,,2020-08-13,0000-00-00,国泰君安证券股份有限公司,,每自然月第10个自然日为开放日。如该对应日为非工作日，则开放日为该日后的第一个工作日。,可临开申购,B类份额：0,每次追加申购的最低金额为10万元人民币。,0,0.8,成立后180天（已结束）。,0.75,0,B类份额：0.5%/年,0.025%/年,0.025%/年,"B类份额：单人单笔高水位法，针对收益0%以上的部分计提10%业绩报酬
本基金业绩报酬计提日为：封闭期过后，每年1月及7月的最后一个交易日，基金份额持有人实际赎回基金份额时（包含全部赎回，部分赎回）、基金终止日。",50-100亿元,P1023120
团队跟踪,交睿宏观配置2号B类,LN974B,交睿宏观配置2号私募证券投资基金B类份额,LN974B,上海交睿,,2020-08-17,2020-08-25,华泰证券股份有限公司,,每个工作日,否,认购费1%，申购费1%,每次申购的金额应不低于 1 万元人民币（不含申购费（如有））,持有天数小于365天1%；持有天数大于等于365天0%,0.85,本基金成立之日起 6 个月为半封闭期，半封闭期内允许申购不允许赎回，申购开放日为每个工作日,0.75,0.01,1.0%,0.050%,0.050%,当期间年化收益率大于8.5%时，对超出部分按照20%的比例收取业绩报酬,20-50亿元,P1064961
团队跟踪,开思沪港深优选私募证券投资基金B类份额,LP048B,开思沪港深优选私募证券投资基金B类份额,LP048B,上海开思,,2020-08-04,2020-08-04,兴业证券股份有限公司,,每周第3个交易日、每月20日,否,0%,1万元起,0%,,无,,0,,0.03%，年保底费为 0.5 万元,0.03%，年保底费为 0.5 万元,17%,100亿元以上,P1032176
团队跟踪,辰钰炎丰1号私募证券投资基金B类份额,LP883B,辰钰炎丰1号私募证券投资基金B类份额,LP883B,上海辰钰,,2020-08-06,,兴业证券股份有限公司,,,否,,,,,,,0,,,,,0-5亿元,P1010118
团队跟踪,嘉兴灏象量化CTA一号私募证券投资基金A类份额,LQ933A,嘉兴灏象量化CTA一号私募证券投资基金A类份额,LQ933A,上海艾礼象,,2020-08-31,,中信证券股份有限公司,,申购开放日为每周一、三、五；赎回开放日为每月最后一个工作日,可临开赎回,0%,,持有期小于180天，赎回费率为1%；持有期大等于180天，免收。,,无,0.7,0.01,,0.015%,,对期间年化收益率超过0%以上部分按照30%对比收取业绩报酬,20-50亿元,P1062971
团队跟踪,源晖量化2号私募证券投资基金A类份额,LR729A,源晖量化2号私募证券投资基金A类份额,LR729A,北京源晖投资,,2021-01-29,,中信建投证券股份有限公司,,,否,,,,,,,0,,,,,5-10亿元,P1067910
团队跟踪,稳博500指数增强多策略1号私募证券投资基金A类份额,LS211A,稳博500指数增强多策略1号私募证券投资基金A类份额,LS211A,上海稳博投资,,2020-09-01,2020-09-03,招商证券股份有限公司,,,否,,,,,,,0,,,,,100亿元以上,P1029043
团队跟踪,固禾翡翠9号私募证券投资基金A类,LS219A,固禾翡翠9号私募证券投资基金A类,LS219A,深圳固禾,,2020-09-03,,招商证券股份有限公司,,每自然月 5、12 、19 、26 号,否,,,,,无封闭期,,0.02,2%,,0.02%,当 R>0 ％时，对超过 ％时，对超过 0% 的收益部分提取 的收益部分提取 20% 的业绩报酬,5-10亿元,P1026626
团队跟踪,量道CTA精选12号私募证券投资基金A类份额,LS478A,量道CTA精选12号私募证券投资基金A类份额,LS478A,深圳量道投资,,2020-11-30,2020-11-30,国泰君安证券股份有限公司,,每个交易日,否,1%,1 万元的整数倍,持有期小于180天，赎回费率为1%；持有期大等于180天，赎回费率为0%（可金额赎回）,0.8,无,0.75,0.015,,0.025%/年,0.025%/年,"1、计提方式：单个投资者单笔高水位净值法
2、计提时点：投资者赎回日、分红权益登记日、基金清算日、固定日（每年6月最后一个交易日（但封闭期及/或锁定期（如有）除外））。
3、计提比例：【20%】",100亿元以上,P1016658
团队跟踪,量道CTA精选12号私募证券投资基金B类份额,LS478B,量道CTA精选12号私募证券投资基金B类份额,LS478B,深圳量道投资,,2020-11-30,0000-00-00,国泰君安证券股份有限公司,,每个交易日,否,0%,1万元起,0%（可金额赎回）,0.8,无,0.75,0,,,0.025%,不计提业绩报酬,100亿元以上,P1016658
团队跟踪,水璞星河1号私募证券投资基金C类份额,LV602C,水璞星河1号私募证券投资基金C类份额,LV602C,上海水璞,,2020-09-14,2020-09-18,华泰证券股份有限公司,,,否,,,,,,,0,,,,,20-50亿元,P1067796
团队跟踪,博益安盈精英39号私募证券投资基金A类份额,LV729A,博益安盈精英39号私募证券投资基金A类份额,LV729A,深圳博益安盈,,2020-10-15,2020-10-22,,,,否,,,,,,,0,,,,,5-10亿元,P1032574
团队跟踪,复和宏观量化私募证券投资基金B类份额,LW571B,复和宏观量化私募证券投资基金B类份额,LW571B,深圳复和资管,,2020-10-16,,广发证券股份有限公司,,,否,,,,,,,0,,,,,0-5亿元,P1025649
团队跟踪,金辇中国成长私募证券投资基金A类份额,LW651A,金辇中国成长私募证券投资基金A类份额,LW651A,上海彤泰,上海金辇投资,2020-12-04,2020-12-14,中信证券股份有限公司,,,否,,,,,,,0,,,,,0-5亿元,P1018800
团队跟踪,金辇中国成长私募证券投资基金B类,LW651B,金辇中国成长私募证券投资基金B类,LW651B,上海彤泰,,2020-12-04,,中信证券股份有限公司,,每周周二,否,0%,1万元起,0%,,无,,0.01,,,,"单个投资者单笔高水位净值法;每笔资的期间年化收益率(R) ，对期间年化收益率超过0%以上部分按照[15%]的比例收取业绩报酬。
计提基准日：分红确认日、赎回认日和基金终止确认日。",0-5亿元,P1018800
团队跟踪,和谐汇一远景1号私募证券投资基金B类份额,LY489B,和谐汇一远景1号私募证券投资基金B类份额,LY489B,上海和谐汇一资管,,2020-09-23,2020-09-27,兴业证券股份有限公司,,,否,,,,,,,0,,,,,100亿元以上,P1071212
团队跟踪,铭量中证500增强1号私募证券投资基金A类份额,LY644A,铭量中证500增强1号私募证券投资基金A类份额,LY644A,珠海铭量投资,,2020-09-24,,中信证券股份有限公司,,,否,,,,,,,0,,,,,0-5亿元,P1071111
团队跟踪,铭量中证500增强1号私募证券投资基金B类份额,LY644B,铭量中证500增强1号私募证券投资基金B类份额,LY644B,珠海铭量投资,,2020-09-24,,中信证券股份有限公司,,,否,,,,,,,0,,,,,0-5亿元,P1071111
团队跟踪,添禄投资北证选股一号私募证券投资基金C类份额,LZ947C,添禄投资北证选股一号私募证券投资基金C类份额,LZ947C,上海添禄投资,,2020-09-30,2020-10-10,海通证券股份有限公司,,每周第3个交易日,可临开赎回,1%,,持有期小于12个月，赎回费率为1%；持有期大等于12个月，赎回费率为0%,,无,,0.01,,0.02%,0.02%,"计提基准（B）：期间北证50指数年化收益率；
R：持有期年化收益率；
0%＜R-B≤25%，业绩报酬计提比例为20%；
25%＜R-B≤50%，业绩报酬计提比例按超额25%以下部分计提比例为20%；超额25%以上部分计提比例为40%；
R-B＞50%，业绩报酬计提比例按超额25%以下部分计提比例为20%；超额25%以上50%以下部分计提比例为40%；超额50%以上部分计提比例为60%",20-50亿元,P1064139
团队跟踪,博孚利CTA-FOF1号私募证券投资基金A类份额,M1593A,博孚利CTA-FOF1号私募证券投资基金A类份额,M1593A,厦门博孚利资管,,2020-04-02,2020-04-23,兴业证券股份有限公司,,每周最后一个交易日、每个自然月的最后一个交易日,可临开申购,0%,每次追加申购的最低金额为10万元人民币。,0%,0.8,无,0.75,0.01,,0.025%,0.025%,门槛收益率法，年化7%以上计提10%,50-100亿元,P1023120
团队跟踪,博孚利CTA-FOF1号私募证券投资基金B类,M1593B,博孚利CTA-FOF1号私募证券投资基金B类,M1593B,厦门博孚利资管,,2019-11-08,2016-09-02,兴业证券股份有限公司,,每周最后一个交易日、每个自然月的最后一个交易日,否,0%,10万元的整数倍,0%,0.8,无,0.75,0,,0.01%,0.01%,不计提业绩报酬,50-100亿元,P1023120
团队跟踪,岁寒知松柏1号A类,M6004A,岁寒知松柏1号私募投资基金A类份额,M6004A,南京璟恒投资,,2016-09-21,,广发证券股份有限公司,,【每自然季度第一个月的 5 号】（如遇节假日，则顺延至下一个交易日）,否,0,,D<12个月：1%；D≥12个月：0%,0.8,,0.7,0.01,1.0%,0.025%,0.025%,以年化5%为业绩报酬起点，业绩报酬为：20.0%,10-20亿元,P1001755
团队跟踪,明汯宏观1号私募证券投资基金A类份额,M8148A,明汯宏观1号私募证券投资基金A类份额,M8148A,上海明汯投资,,2016-10-20,2016-10-25,招商证券股份有限公司,,,否,,,,,,,0,,,,,100亿元以上,P1004150
团队跟踪,均直商坤私募证券投资基金A类,M8237A,均直商坤私募证券投资基金A类,M8237A,上海均直资管,,2016-10-14,,招商证券股份有限公司,,,否,,,,,,,0,,,,,20-50亿元,P1012654
团队跟踪,富善投资星牛3号A类,M8325A,富善投资星牛3号私募证券投资基金A类份额,M8325A,上海富善投资,,2016-10-27,2016-11-02,招商证券股份有限公司,,每周周二、周三,否,0%,1万元起,持有期小于3个月，赎回费率为0.5%；持有期大等于3个月，赎回费率为0%,,,,0.01,,0.05%,0.05%,18%,5-10亿元,P1000712
团队跟踪,沣盈金砖三期私募投资基金B类份额,N8515B,沣盈金砖三期私募投资基金B类份额,N8515B,深圳沣盈资管,,2016-12-13,2016-12-16,华泰证券股份有限公司,,,否,,,,,,,0,,,,,0-5亿元,P1028516
团队跟踪,博益安盈精选1号私募投资基金B类份额,N9224B,博益安盈精选1号私募投资基金B类份额,N9224B,深圳博益安盈,,2016-12-30,2017-01-06,中信证券股份有限公司,,,否,,,,,,,0,,,,,5-10亿元,P1032574
团队跟踪,永利5号私募证券投资基金A类份额,NB284A,永利5号私募证券投资基金A类份额,NB284A,浙江钱唐永利资管,,2020-12-07,,招商证券股份有限公司,,,否,,,,,,,0,,,,,50-100亿元,P1071364
团队跟踪,迎水绿洲11号私募证券投资基金A类份额,NB329A,迎水绿洲11号私募证券投资基金A类份额,NB329A,上海迎水投资,,2020-11-03,2020-11-06,招商证券股份有限公司,,每周周一、周三和周五,否,2%,1万元起,3%（软锁）,,无,,0.015,,,,年化15%之内收20%，年化15%以上的部分收50%,100亿元以上,P1022432
团队跟踪,永利6号私募证券投资基金A类份额,NC208A,永利6号私募证券投资基金A类份额,NC208A,浙江钱唐永利资管,,2020-12-07,,招商证券股份有限公司,,每月22日（遇法定节假日则顺延至下一工作日）,可临开申购和可临开赎回,,,软锁，若份额持有时间＜3个月，赎回费率2%；3个月≤份额持有时间＜6个月，赎回费率1%；若份额持有时间≥6个月，赎回费率0,0.85,,0.8,0.017,"管理费1.7%/年；
托管、运营服务费：分别0.02%/年",0.02%每年,0.02%每年,当基金份额赎回、基金终止或分红时，管理人提取赎回份额或分红份额当期超过年化收益2%盈利部分的20%作为业绩报酬,50-100亿元,P1071364
团队跟踪,泽源臻享一号证券私募投资基金A类份额,NC387A,泽源臻享一号证券私募投资基金A类份额,NC387A,上海泽源投资,,2020-11-05,2020-11-12,招商证券股份有限公司,,每自然周周二,否,0,,0,0.9,无封闭期,0.88,0.01,1%,0.025%,0.025%,20%,0-5亿元,P1071312
团队跟踪,智领龙珠聚配1号A类,ND003A,智领龙珠聚配1号私募证券投资基金A类份额,ND003A,福州智领三联,,2020-11-12,2020-11-16,国泰君安证券股份有限公司,,"申购开放日：本基金成立之后的每周周二和每周周五（如遇非交易日，则顺延至下一个交易日；若本周无交易日可顺延，则不再顺延至下周，即本次不进行开放）；
赎回开放日：本基金成立之后的每月第三个周五（如遇非交易日，则顺延至下一交易日）。",可临开赎回,A类份额：0%， B类份额：0%,,A类份额：本基金A类份额持有期限低于90天（不含）的，赎回费率为2%，份额持有期在90天及以上的，赎回费率为0%。 B类份额：0%,0.8,无,0.75,0.01,A类份额：1%， B类份额：0%,0.05%,0.05%,"A类份额：计提16%
B类份额：计提0%",20-50亿元,P1033867
团队跟踪,量派300增强2号A类,ND172A,量派300增强2号私募证券投资基金A类份额,ND172A,上海量派投资,,2020-11-17,,招商证券股份有限公司,,每个交易日,否,1%,1万元起,持有期小于6个月，赎回费率为1%；持有期大等于6个月，赎回费率为0%,,,,0.01,,0.025%,0.025%,当份额赎回、基金终止或分红时，若赎回或参与分红份额收益当期收益超过沪深 300 指数（000300）同期收益，则管理人将提取赎回份额或参与分红份额当期超过沪深 300 指数（000300）同期收益部分的 20%作为业绩报酬。,100亿元以上,P1071253
团队跟踪,量派300增强2号私募证券投资基金C类份额,ND172C,量派300增强2号私募证券投资基金C类份额,ND172C,上海量派投资,,2020-11-17,2020-11-24,招商证券股份有限公司,,每个交易日,否,1%,1万元起,持有期小于6个月，赎回费率为1%；持有期大等于6个月，赎回费率为0%,,,,0.02,,0.025%,0.025%,当份额赎回、基金终止或分红时，若赎回或分红份额收益当期收益超过沪深 300 指数（000300）同期收益，则管理人将提取赎回份额或参与分红份额当期超过沪深 300 指数（000300）同期收益部分的 20%作为业绩报酬。,100亿元以上,P1071253
团队跟踪,量派优孚专享四十七号A类,ND173A,量派优孚专享四十七号私募证券投资基金A类份额,ND173A,上海量派投资,,2022-11-18,2022-11-23,招商证券股份有限公司,,每个交易日,否,1%,1万元起,持有起小于 6个月，赎回费率为1%；持有期大等于6个月，赎回费率为 0%,,,,0.01,,0.025%,0.025%,"采取单客户单笔份额高水位法，A 类提取 20%。
计提基准日：固定时点提取、分红时提取、赎回时提取和合同终止时提取。固定时点提取是在每自然年度的 12 月 30日（遇法定节假日则顺延至下一个工作日）。",100亿元以上,P1071253
团队跟踪,量派内核1号私募证券投资基金A类份额,ND175A,量派内核1号私募证券投资基金A类份额,ND175A,上海量派投资,,2020-11-04,2020-11-12,招商证券股份有限公司,,已赎回,可临开申购,0.00%,10000,D＜180天：1%；D≥180天：0%,,成立后180天（已结束）。,,0.01,1.0%,0.04%,1.00%,业绩报酬：20.0%（绝对收益）,100亿元以上,P1071253
团队跟踪,向日葵明叕家族FOF私募证券投资基金B类份额,ND380B,向日葵明叕家族FOF私募证券投资基金B类份额,ND380B,上海向日葵投资,,2020-11-26,,招商证券股份有限公司,,,否,,,,,,,0,,,,,20-50亿元,P1005620
团队跟踪,宣夜投资市场中性禄有一号私募证券投资基金A类份额,NJ432A,宣夜投资市场中性禄有一号私募证券投资基金A类份额,NJ432A,上海宣夜投资,,2021-01-22,2021-02-07,招商证券股份有限公司,,,否,,,,,,,0,,,,,20-50亿元,P1060042
团队跟踪,海浦基石3号私募证券投资基金A类份额,NJ512A,海浦基石3号私募证券投资基金A类份额,NJ512A,广州海浦,,2020-12-07,2020-12-14,国泰君安证券股份有限公司,,,否,,,,,,,0,,,,,10-20亿元,P1011224
团队跟踪,旭诺灵活增强一号私募证券投资基金A类份额,NK038A,旭诺灵活增强一号私募证券投资基金A类份额,NK038A,上海旭诺资管,,2022-02-25,2022-04-07,招商证券股份有限公司,,,否,,,,,,,0,,,,,10-20亿元,P1002888
团队跟踪,量道多策略增强1号私募证券投资基金A类,NK284A,量道多策略增强1号私募证券投资基金A类,NK284A,深圳量道投资,,2020-12-01,0000-00-00,招商证券股份有限公司,,每周三（遇节假日顺延至下一工作日）,可临开申购和可临开赎回,1%, 1 万元的整数倍,持有期低于180天（不含）的赎回费率为2%，持有期在180天及以上且小于360天的赎回费率1%， 持有期在360天及以上的赎回费率为0%。,0.8,无,0.7,0.01,固定销售服务费 0.5%/年,0.025%/年,0.025%/年,"计提方式：单客户单笔份额高水位法
计提时点：赎回日、分红权益登记日、基金终止日
计提比例：20%",100亿元以上,P1016658
团队跟踪,量道多策略增强1号私募证券投资基金B类,NK284B,量道多策略增强1号私募证券投资基金B类,NK284B,深圳量道投资,,2020-12-24,0000-00-00,招商证券股份有限公司,,每周周三,可临开申购和可临开赎回,0%,1万元起,0%（可金额赎回）,0.8,无,0.7,0.01,,0.025%,0.025%,"1、业绩报酬的计提基准日：投资者赎回日、分红除权日、基金清算日。
2、业绩报酬的计算采用单个投资者单笔高水位净值法，即基金份额持有人的每笔基金份额或赎回份额累计净值大于上次计提日（首次计提时，则为参与日份额累计净值）时，分别计算每笔份额在上一成功计提基准日至本次计提基准日持有期间的基金份额累计净值增长差额，对超过上次成功计提日基金份额累计净值部分按【20%】比例进行计提。",100亿元以上,P1016658
团队跟踪,乐瑞宏观多策略1号B类,NK610B,乐瑞宏观多策略1号私募证券投资基金B类份额,NK610B,北京乐瑞资管,,2020-12-03,2020-12-03,招商证券股份有限公司,,每月第5、8、12个工作日,否,无,,A份额：无  B份额：90天以内0.5%，90天以上不收取,,无,,0.01,A份额：0.1%/年 B份额：1%/年 ,,,	采用单客户单笔份额高水位法，在赎回、分红、终止时提取 A份额：无  B份额：0%以上提取20% ,100亿元以上,P1000270
团队跟踪,易持龙腾天下A类,NK907A,易持龙腾天下私募证券投资基金A类份额,NK907A,厦门易持,,2020-12-10,,海通证券股份有限公司,,每周周二,否,0%,,0%,,,0.6,0.01,,0.05%,0.05%,20%,5-10亿元,P1071165
团队跟踪,量派金选中证500指数增强14号B类,NK917B,量派金选中证500指数增强14号私募证券投资基金B类份额,NK917B,上海量派投资,,2020-12-25,2021-01-13,国泰君安证券股份有限公司,,每自然月第10个自然日为开放日。如该对应日为非工作日，则开放日为该日后的第一个工作日。,否,0%,,持有期小于180天，赎回费率为1%；持有期大等于180天，赎回费率为0%,,无,,0,,0.02%,0.02%,"业绩报酬计提基准 B=期间中证 500 指数年化收益率；
B类份额：18%",100亿元以上,P1071253
团队跟踪,跃威瑞鑫一号私募证券投资基金A类,NL463A,跃威瑞鑫一号私募证券投资基金A类,NL463A,上海跃威,,2020-12-21,,招商证券股份有限公司,,每周周一、周三、周五,否,0%,,0%,0.92,,0.85,0.01,,0.0125%,0.0125%,赎回份额或分红份额当期年化收益超 过 0%（不含）低于 10%（含），管理人将提取超过年化收益 0%盈利部分的 20% 作为业绩报酬；赎回份额或分红份额 当期年化收益超过 10%（不含），管理人将提取年化收益 0%-10%盈利部分的 20% 以及 10%以上盈利部分的 30%作为业绩报酬,20-50亿元,P1068331
团队跟踪,灵均中证A500指数增强1号私募证券投资基金B类份额,NL485B,灵均中证A500指数增强1号私募证券投资基金B类份额,NL485B,宁波灵均投资,,2021-01-06,2021-01-08,国信证券股份有限公司,,,否,,,,,,,0,,,,,100亿元以上,P1004526
团队跟踪,量派对冲69号私募证券投资基金A类份额,NL670A,量派对冲69号私募证券投资基金A类份额,NL670A,上海量派投资,,2020-12-09,,招商证券股份有限公司,,每个交易日,否,1%,,1%,,无封闭期,,0,0.5%,0.025%,0.025%,20%,100亿元以上,P1071253
团队跟踪,赫富灵活对冲十五号私募证券投资基金A类,NM620A,赫富灵活对冲十五号私募证券投资基金A类,NM620A,上海赫富投资,,2021-03-24,,,,,否,,,,,,,0,,,,,100亿元以上,P1062959
团队跟踪,洛炎指增二号私募证券投资基金A类份额,NN552A,洛炎指增二号私募证券投资基金A类份额,NN552A,上海洛炎,,2021-01-20,2021-01-27,招商证券股份有限公司,,,否,,,,,,,0,,,,,5-10亿元,P1026482
团队跟踪,量派对冲11号私募证券投资基金A类份额,NP130A,量派对冲11号私募证券投资基金A类份额,NP130A,上海量派投资,,2020-12-22,2020-12-25,招商证券股份有限公司,,每日,否,免,1万元起,免,0.92,无,0.9,0.01,免1%申购费和赎回费（口头）,0.025%,0.025%,20%,100亿元以上,P1071253
团队跟踪,盛泉恒元量化套利专项35号私募证券投资基金A类份额,NP637A,盛泉恒元量化套利专项35号私募证券投资基金A类份额,NP637A,南京盛泉恒元投资,,2020-12-31,2020-12-31,广发证券股份有限公司,,申购开放日为每月份25日，赎回开放日为每年2月、5月、8月、10月的25号,否,0%,1万元起,0%,,,,0,本基金对 B 类份额不收取基金管理费，仅对 A 类份额收取基金管理费，计算方法如下： H＝E×1%÷当年实际天数 H：每日 A 类份额应计提的管理费 E：前一日的 A 类份额基金资产净值,0.025%,,"在业绩报酬计提日对每笔份额的份额累计净值超过历史计提日最高份额累计净值部分,根据一定的比例计提业绩报酬，A 类份额提取比例为20%",100亿元以上,P1006545
团队跟踪,致邃投资-智慧矩阵指数增强量化1号私募证券投资基金B类,NQ460B,致邃投资-智慧矩阵指数增强量化1号私募证券投资基金B类,NQ460B,上海致邃投资,,2021-01-06,,中信建投证券股份有限公司,,每周周二、周五,可临开赎回,1%,,1%,,无,,0.01,A类份额：0% B类份额：1%,0.025%,0.025%,,5-10亿元,P1063212
团队跟踪,致邃投资-智慧矩阵指数增强量化1号私募证券投资基金C类份额,NQ460C,致邃投资-智慧矩阵指数增强量化1号私募证券投资基金C类份额,NQ460C,上海致邃投资,,2021-01-06,,中信建投证券股份有限公司,,每周周二、周五,可临开赎回,1%,,1%,,无,,0.01,,0.025%,0.025%,,5-10亿元,P1063212
团队跟踪,诚奇睿盈对冲私募证券投资基金A类份额,NR623A,诚奇睿盈对冲私募证券投资基金A类份额,NR623A,上海诚奇,,2021-01-21,2021-01-26,招商证券股份有限公司,,每个自然月10号、每个自然月25号以及每周周二,可临开赎回,0%,,0%,,,,0.01,,0.05%,0.05%,"采取“单客户单笔份额高水位法”：业绩报酬提取时点分为固定时点（每个自然年度6月25日和12月25日）提取、赎回时提取和合同终止时提取。
A类份额：25%，B类份额：0%",100亿元以上,P1001430
团队跟踪,绵烁优选复合1号私募证券投资基金A类份额,NS857A,绵烁优选复合1号私募证券投资基金A类份额,NS857A,上海绵烁资管,,2021-01-19,2021-01-18,招商证券股份有限公司,,每自然周周三,否,,,,0.75,无封闭期,0.7,0.01,1%,0.025%,0.025%,20%,20-50亿元,P1060665
团队跟踪,宁泉致远-兴选1号B类,NS912B,宁泉致远-兴选1号私募证券投资基金B类份额,NS912B,上海宁泉资管,,2021-01-12,2021-01-12,兴业证券股份有限公司,,,否,,,,,,,0,,,,,100亿元以上,P1067764
团队跟踪,超量子中证500增强2号A类,NT059A,超量子中证500增强2号私募证券投资基金A类份额,NT059A,深圳超量子,,2021-06-11,2021-06-17,中信证券股份有限公司,,,否,,,,,,,0,,,,,100亿元以上,P1071044
团队跟踪,量道CTA精选17号私募证券投资基金A类份额,NT337A,量道CTA精选17号私募证券投资基金A类份额,NT337A,深圳量道投资,,2021-01-28,0000-00-00,国泰君安证券股份有限公司,,每个交易日,否,1%,1万元的整数倍,持有期小于180天，赎回费率为2%；持有期大等于180天及小于365天，赎回费率为1%；持有期大等于365天，赎回费率为0%。,0.8,无,0.75,0.015,,0.025%/年,0.025%/年,"1、计提方式：单个投资者单笔高水位净值法
2、计提时点：投资者赎回日、分红日、基金终止日、固定结算日（每年最后一个交易日）
3、计提比例：20%",100亿元以上,P1016658
团队跟踪,量道CTA精选17号私募证券投资基金B类份额,NT337B,量道CTA精选17号私募证券投资基金B类份额,NT337B,深圳量道投资,,2021-01-28,,国泰君安证券股份有限公司,,每个交易日,否,0%,1万元起,"0%
",0.8,无,0.75,0,,,0.025%,不计提业绩报酬,100亿元以上,P1016658
团队跟踪,黑翼CTA-T20私募证券投资基金A类份额,NT651A,黑翼CTA-T20私募证券投资基金A类份额,NT651A,上海黑翼资管,,2021-01-29,2021-03-29,招商证券股份有限公司,,每周最后一个交易日及每个自然月最后一个交易日,否,1%,,持有时间少于6个月，赎回费率1%；持有时间少于12个月大于等于6个月，赎回费率0.5%；持有时间大于等于12个月，赎回费率0。,0.75,无封闭期,0.7,0,2%,0.025%,0.025%,20%,100亿元以上,P1004419
团队跟踪,赫富灵活对冲十号私募证券投资基金A类,NU006A,赫富灵活对冲十号私募证券投资基金A类,NU006A,上海赫富投资,,2021-01-26,,,,,否,,,,,,,0,,,,,100亿元以上,P1062959
团队跟踪,盛泉恒元量化套利专项46号私募证券投资基金A类份额,NV201A,盛泉恒元量化套利专项46号私募证券投资基金A类份额,NV201A,南京盛泉恒元投资,,2021-02-05,,招商证券股份有限公司,,本基金固定申购开放日为每自然月 10 号、20 号（遇节假日均顺延至下一个工作日）和 每自然月最后一个工作日，本基金固定赎回开放日为每自然月 10 号（遇节假日顺延至下一 个工作日），如申购开放日和赎回开放日为同一天，则当天既可申购也可赎回。,可临开赎回,1%,,若 A 类基金份额持有时间少于 270 个自然日，赎回费率 2%；若 A 类基金份额持有时间 大于等于 270 个自然日，赎回费率 0。,,,,0.01,,0.01%,,"本基金仅对 A 类份额收取业绩报酬。 
业绩报酬的计算采取“单客户单笔份额高水位法”：在两类情况下管理人将根据 A 类基
金份额持有人的收益情况对本基金提取业绩报酬，一类是 A 类基金份额持有人申请赎回或本
基金终止时提取业绩报酬；另一类是分红时提取业绩报酬。
当基金份额赎回、基金终止或分红时，管理人将提取赎回份额或分红份额当期收益的
20%作为业绩报酬。如本次基金分红时间距上次分红时间（如有）不足 3 个月（每月按 30
个自然日计算），则本次基金分红不对基金份额计提业绩报酬。本次变更（202101）后首次
分红时计提业绩报酬间隔为距上次分红日（如有）而非本次变更生效日起算。",100亿元以上,P1006545
团队跟踪,博孚利涵盈18号私募证券投资基金A类份额,NW175A,博孚利涵盈18号私募证券投资基金A类份额,NW175A,厦门博孚利资管,,2021-01-28,2021-01-27,中信证劵股份有限公司,,每个交易日,否,0%,1 万元的整数倍,0%,0.9,无,0.85,0.003,,0.015%,0.015%,年化收益率在8%以上的部分按照25%的比例收取业绩报酬。,50-100亿元,P1023120
团队跟踪,博孚利涵盈18号私募证券投资基金B类份额,NW175B,博孚利涵盈18号私募证券投资基金B类份额,NW175B,厦门博孚利资管,,2021-01-28,2021-01-27,中信证券股份有限公司,,每个交易日,否,0%,1 万元的整数倍,0%,0.9,无,0.85,0,,0.015%,0.015%,不计提业绩报酬,50-100亿元,P1023120
团队跟踪,博孚利涵盈18号私募证券投资基金C类份额,NW175C,博孚利涵盈18号私募证券投资基金C类份额,NW175C,厦门博孚利资管,,2021-08-17,,中信证券股份有限公司,,每自然月第10个自然日为开放日。如该对应日为非工作日，则开放日为该日后的第一个工作日。,可临开申购,B类份额：0,每次追加申购的最低金额为10万元人民币。,0,0.8,成立后180天（已结束）。,0.75,0.01,B类份额：0.5%/年,0.025%/年,0.025%/年,"B类份额：单人单笔高水位法，针对收益0%以上的部分计提10%业绩报酬
本基金业绩报酬计提日为：封闭期过后，每年1月及7月的最后一个交易日，基金份额持有人实际赎回基金份额时（包含全部赎回，部分赎回）、基金终止日。",50-100亿元,P1023120
团队跟踪,源晖中证500指数增强私募证券投资基金A类份额,NW229A,源晖中证500指数增强私募证券投资基金A类份额,NW229A,北京源晖投资,,2021-02-08,2021-02-18,中信证券股份有限公司,,,否,,,,,,,0,,,,,5-10亿元,P1067910
团队跟踪,源晖中证500指数增强私募证券投资基金B类份额,NW229B,源晖中证500指数增强私募证券投资基金B类份额,NW229B,北京源晖投资,,2021-02-08,,中信证券股份有限公司,,每周周二、周四,否,0%,,持有期小于180天，赎回费率为1%；持有期大等于180天，赎回费率为0%,,无,0.5,0.01,,0.025%,0.025%,期间年化收益率R超过业绩比较基准（不含）以上部分按照20%的比例收取业绩报酬，业绩比较基准为：max(同期中证500指数年化收益率， 0%)。,5-10亿元,P1067910
团队跟踪,麦迪生利-超量子中证500指数增强1号私募证券投资基金B类份额,NX873B,麦迪生利-超量子中证500指数增强1号私募证券投资基金B类份额,NX873B,上海麦迪生利,,2021-02-08,,中信证券股份有限公司,,每自然月第10个自然日为开放日。如该对应日为非工作日，则开放日为该日后的第一个工作日。,可临开申购,B类份额：0,每次追加申购的最低金额为10万元人民币。,0,0.8,成立后180天（已结束）。,0.75,0.0085,B类份额：0.5%/年,0.025%/年,0.025%/年,"B类份额：单人单笔高水位法，针对收益0%以上的部分计提10%业绩报酬
本基金业绩报酬计提日为：封闭期过后，每年1月及7月的最后一个交易日，基金份额持有人实际赎回基金份额时（包含全部赎回，部分赎回）、基金终止日。",20-50亿元,P1070365
团队跟踪,麦迪生利全天候1号私募证券投资基金B类份额,NX876B,麦迪生利全天候1号私募证券投资基金B类份额,NX876B,上海麦迪生利,,2021-02-08,,中信证券股份有限公司,,每自然月第10个自然日为开放日。如该对应日为非工作日，则开放日为该日后的第一个工作日。,可临开申购,B类份额：0,每次追加申购的最低金额为10万元人民币。,0,0.8,成立后180天（已结束）。,0.75,0.0085,B类份额：0.5%/年,0.025%/年,0.025%/年,"B类份额：单人单笔高水位法，针对收益0%以上的部分计提10%业绩报酬
本基金业绩报酬计提日为：封闭期过后，每年1月及7月的最后一个交易日，基金份额持有人实际赎回基金份额时（包含全部赎回，部分赎回）、基金终止日。",20-50亿元,P1070365
团队跟踪,量道CTA精选16号私募证券投资基金A类份额,NX912A,量道CTA精选16号私募证券投资基金A类份额,NX912A,深圳量道投资,,2021-03-12,0000-00-00,兴业证券股份有限公司,,每个交易日,否,0%,1万元起,0%（可金额赎回）,,无,,0,,,0.025％,不计提业绩报酬,100亿元以上,P1016658
团队跟踪,量道CTA精选16号私募证券投资基金B类,NX912B,量道CTA精选16号私募证券投资基金B类,NX912B,深圳量道投资,,2021-03-15,0000-00-00,兴业证券股份有限公司,,每个交易日,否,0%,1万元起,0%（可金额赎回）,,无,,0,,,0.025％,不计提业绩报酬,100亿元以上,P1016658
团队跟踪,悬铃C号6期私募证券投资基金B类份额,NY736B,悬铃C号6期私募证券投资基金B类份额,NY736B,上海悬铃,,2021-02-08,,招商证券股份有限公司,,每周周二,否,1%,,持有期小于12个月，赎回费率1%；持有期大等于12个月，赎回费率0%,0.9,6个月,0.85,0.015,,0.025%,0.025%,20%,10-20亿元,P1064634
团队跟踪,嘉鸿璞真1号私募证券投资基金A类份额,NY759A,嘉鸿璞真1号私募证券投资基金A类份额,NY759A,上海嘉鸿,,2021-02-08,2021-02-18,兴业证券股份有限公司,,每周周二、周四,否,,1万元起,,0.92,,0.9,0,,0.025％,0.025％,,50-100亿元,P1068812
团队跟踪,嘉鸿璞真1号B类,NY759B,嘉鸿璞真1号私募证券投资基金B类份额,NY759B,上海嘉鸿,,2021-02-08,2021-02-18,兴业证券股份有限公司,,每周一 、每周二,可临开赎回,0%,1万元起,持有少于90天 1%，90天以上不计提,0.92,无,0.9,0.01,,0.025％,0.025％,"20250506之前：对单笔投资超过上次计提日最高基金份额累计净值部分按基金份额对应的的比例30%进行计提；
20250506之后：对B类，持有期间年化收益大于8%时，整体计提50%，但计提后持有期间年化收益率不低于8%；
分类标准：A类（管理人及管理人内部员工及管理人发行的产品），B类（除A类以外的其他投资者）。",50-100亿元,P1068812
团队跟踪,正圆川流私募证券投资基金A,NZ205A,正圆川流私募证券投资基金A,NZ205A,广东正圆,,2021-05-11,,国泰君安证券股份有限公司,,每月1、15号,否,0%,,持有期小于180 天，不得赎回；持有期大等于180天，免收。,,无,,0.01,,0.025%,0.025%,A类基金份额提取16%业绩报酬,20-50亿元,P1028537
团队跟踪,百奕小天鹅1号B类,NZ338B,百奕小天鹅1号私募证券投资基金B类份额,NZ338B,上海百奕投资,,2021-02-26,2021-03-03,国信证券股份有限公司,,,否,,,,,,,0,,,,,0-5亿元,P1014097
团队跟踪,全天候家族传承一号B类,NZ584B,全天候家族传承一号私募证券投资基金B类份额,NZ584B,珠海寰宸,,2021-02-22,2021-02-26,海通证券股份有限公司,,,否,,,,,,,0,,,,,20-50亿元,P1072409
团队跟踪,和聚彤辉平台私募证券投资基金A类份额,NZ585A,和聚彤辉平台私募证券投资基金A类份额,NZ585A,北京和聚,,2021-03-08,2021-03-16,招商证券股份有限公司,,,否,,,,,,,0,,,,,10-20亿元,P1000273
团队跟踪,量派对冲17号私募证券投资基金A类份额,NZ614A,量派对冲17号私募证券投资基金A类份额,NZ614A,上海量派投资,,2022-02-21,,招商证券股份有限公司,,每个交易日,否,1%,1万元起,持有期小于6个月，赎回费率为1%；持有期大等于6个月，赎回费率为0%,0.92,无,0.9,0.01,1%,0.025%,0.025%,采用单客户单笔份额高水位法，收取18%,100亿元以上,P1071253
团队跟踪,乾象中证500指数增强1号B类,QA948B,乾象中证500指数增强1号私募证券投资基金B类,QA948B,北京乾象,,2021-03-08,,中信证券股份有限公司,,每自然月第10个自然日为开放日。如该对应日为非工作日，则开放日为该日后的第一个工作日。,可临开申购,B类份额：0,每次追加申购的最低金额为10万元人民币。,0,0.8,成立后180天（已结束）。,0.75,0.02,B类份额：0.5%/年,0.025%/年,0.025%/年,"B类份额：单人单笔高水位法，针对收益0%以上的部分计提10%业绩报酬
本基金业绩报酬计提日为：封闭期过后，每年1月及7月的最后一个交易日，基金份额持有人实际赎回基金份额时（包含全部赎回，部分赎回）、基金终止日。",100亿元以上,P1071383
团队跟踪,杉阳云杉转债2号私募证券投资基金A类,QB445A,杉阳云杉转债2号私募证券投资基金A类,QB445A,上海杉阳,,2021-03-08,,招商证券股份有限公司,,每周周二,可临开赎回,0%,,持有期小于6个月，赎回费率为2%；持有期大等于6个月，赎回费率为0%。,0.85,,0.8,0.01,,,,A类对超过0%的收益部分收取20%的业绩报酬,0-5亿元,P1070833
团队跟踪,远澜红枫私享12号私募证券投资基金A类份额,QB632A,远澜红枫私享12号私募证券投资基金A类份额,QB632A,上海远澜,上海远澜私募,2021-04-01,,国泰君安证券股份有限公司,,每自然月第10个自然日为开放日。如该对应日为非工作日，则开放日为该日后的第一个工作日。,可临开申购,B类份额：0,每次追加申购的最低金额为10万元人民币。,0,0.8,成立后180天（已结束）。,0.75,0.015,B类份额：0.5%/年,0.025%/年,0.025%/年,"B类份额：单人单笔高水位法，针对收益0%以上的部分计提10%业绩报酬
本基金业绩报酬计提日为：封闭期过后，每年1月及7月的最后一个交易日，基金份额持有人实际赎回基金份额时（包含全部赎回，部分赎回）、基金终止日。",100亿元以上,P1018484
团队跟踪,量客长阳三号私募证券投资基金B类,QD361B,量客长阳三号私募证券投资基金B类,QD361B,上海量客,,2021-03-11,,招商证券股份有限公司,,每周周一、周三,可临开赎回,0%,,持有期小于6个月，赎回费率为2%；持有期大等于6个月，赎回费率为0%,0.97,无,0.95,0.01,,0.02%,0.02%,对超过0%的收益部分提取30%的业绩报酬,20-50亿元,P1000568
团队跟踪,和谐汇一远致2号私募证券投资基金C类份额,QD791C,和谐汇一远致2号私募证券投资基金C类份额,QD791C,上海和谐汇一资管,,2021-03-30,2021-04-02,中信建投证券股份有限公司,,,否,,,,,,,0,,,,,100亿元以上,P1071212
团队跟踪,嘉鸿璞真5号B类,QD904B,嘉鸿璞真5号私募证券投资基金B类份额,QD904B,上海嘉鸿,,2021-03-12,2021-03-22,兴业证券股份有限公司,,"每周二,每周五开放申购和赎回",可临开赎回,0%,追加认购金额（含认购费）不少于 1 万元人民币,0天-90天（含），1% ；90天以上，0%，归管理人/募集机构,0.92,-,0.9,0.01,1%,0.01%,0.01%,若B类基金单位份额年化收益率R小于或等于8%时，管理人不提取业绩报酬；若B类基金单位份额年化收益率R大于8%，管理人对全部正收益提取50%作为业绩报酬，实际提取值以期间B类单笔份额对应年化收益率8%以上盈利部分为限（业绩报酬计提后该笔份额年化收益不低于8%）,50-100亿元,P1068812
团队跟踪,智领梓麒指数增强2号私募证券投资基金B类份额,QE057B,智领梓麒指数增强2号私募证券投资基金B类份额,QE057B,福州智领三联,,2021-03-17,2021-03-22,中信证券股份有限公司,,每个交易日,否,0%,,0%,,,,0.01,,0.025%,0.025%,实际收益率计提30%,20-50亿元,P1033867
团队跟踪,玄元元丰21号私募证券投资基金A类份额,QE472A,玄元元丰21号私募证券投资基金A类份额,QE472A,广东玄元,,2021-03-18,2021-03-19,招商证券股份有限公司,,每周周一，周三和周五（如遇非节假日则不开放）及每自然季度的最后一个工作日,否,,,0%,,,,0,1.5%,,,业绩报酬：20.0%（绝对收益）,100亿元以上,P1029168
团队跟踪,南土资产诚品十九号私募证券基金A,QE604A,南土资产诚品十九号私募证券基金A,QE604A,上海南土资管,,2021-04-09,,国泰君安证券股份有限公司,,每周周五,可临开赎回,0%,,0%,,,0.7,0.01,,0.025%,0.025%,15%,50-100亿元,P1026245
团队跟踪,博孚利尊享22号FOF私募证券投资基金A类份额,QE798A,博孚利尊享22号FOF私募证券投资基金A类份额,QE798A,厦门博孚利资管,,2021-03-18,2021-03-22,兴业证券股份有限公司,,每个交易日,否,0%,不少于1万元,0%,0.9,无,0.85,0.001,,0.015%,0.015%,不计提业绩报酬,50-100亿元,P1023120
团队跟踪,博孚利尊享22号FOF私募证券投资基金B类份额,QE798B,博孚利尊享22号FOF私募证券投资基金B类份额,QE798B,厦门博孚利资管,,2021-05-17,0000-00-00,兴业证券股份有限公司,,每个交易日,否,0%,不少于1万元,0%,0.9,无,0.85,0.005,,0.015%,0.015%,大于8%的部分提取20%作为业绩报酬,50-100亿元,P1023120
团队跟踪,汇鸿汇智共享五号私募证券投资基金A类份额,QF946A,汇鸿汇智共享五号私募证券投资基金A类份额,QF946A,江苏苏豪汇升,,2021-04-13,2021-04-14,华泰证券股份有限公司,,,否,,,,,,,0,,,,,20-50亿元,P1005918
团队跟踪,润洲春华七号A类,QG083A,润洲春华七号私募证券投资基金A类份额,QG083A,杭州润洲,,2021-04-30,,招商证券股份有限公司,,每月25号,否,0%,,持有期小于12个月，赎回费率为1%；持有期大等于12个月，免收取,0.85,无,0.8,0.015,,0.04%,0.04%,对收益超过0%的收益部分计提20%,50-100亿元,P1006059
团队跟踪,珠池长安尊享1期私募证券投资基金A类份额,QG419A,珠池长安尊享1期私募证券投资基金A类份额,QG419A,上海珠池资管,,2021-03-30,2021-03-30,招商证券股份有限公司,,,否,,,,,无,,0,,,,,50-100亿元,P1014451
团队跟踪,诚奇睿盈对冲2号私募证券投资基金A类份额,QH717A,诚奇睿盈对冲2号私募证券投资基金A类份额,QH717A,上海诚奇,,2021-04-12,2021-04-12,招商证券股份有限公司,,每周周四、周五,可临开赎回,0%,1万元起,0%,0.9,,0.85,0.01,,0.05%,0.05%,业绩报酬的计算采取“单客户单笔份额高水位法”：业绩报酬提取时点分为固定时点提取（是在每个自然年度6 月10 日和12 月10 日(遇节假日则顺延至下一个工作日)。）、赎回时提取和合同终止时提取。计提25%。,100亿元以上,P1001430
团队跟踪,守朴进取3号A类,QJ067A,守朴进取3号私募证券投资基金A类,QJ067A,上海守朴资管,,2022-10-12,,国信证券股份有限公司,,每日可申赎,可临开申购和可临开赎回,0%,不低于1万元,天|%|0|2|180|1|365|0,,无,,0.01,1.00%,0.015%,0.015%,0|0|0.04|0.25,5-10亿元,P1068966
团队跟踪,守朴进取3号私募证券投资基金B类,QJ067B,守朴进取3号私募证券投资基金B类,QJ067B,上海守朴资管,,2022-10-12,,国信证券股份有限公司,,,否,,,,,,,0,,,,,5-10亿元,P1068966
团队跟踪,鸣熙金选套利1号私募证券投资基金-B类份额,QJ640B,鸣熙金选套利1号私募证券投资基金-B类份额,QJ640B,鸣熙资本,,2021-06-02,,招商证券股份有限公司,,,否,,,,,,,0,,,,,100亿元以上,P1033450
团队跟踪,量派中证1000增强12号A类,QJ816A,量派中证1000增强12号私募证券投资基金A类份额,QJ816A,上海量派投资,,2021-04-13,,招商证券股份有限公司,,每个交易日。,可临开赎回,1%,,D＜180天：1%；D≥180天：0%,,无,,0.01,1.0%,0.025%,0.025%,以中证1000为业绩报酬起点，业绩报酬为：20.0%,100亿元以上,P1071253
团队跟踪,量派中证1000增强12号C类,QJ816C,量派中证1000增强12号私募证券投资基金C类份额,QJ816C,上海量派投资,,2021-04-13,2021-04-20,招商证券股份有限公司,,每个交易日,可临开赎回,,,,,无,,0,,0.025%,0.025%,,100亿元以上,P1071253
团队跟踪,德粤天成至臻量化CTA进取1号私募证券投资基金A类份额,QJ884A,德粤天成至臻量化CTA进取1号私募证券投资基金A类份额,QJ884A,广东德粤赑鑫,,2021-05-21,2021-05-26,招商证券股份有限公司,,每自然月第10个自然日为开放日。如该对应日为非工作日，则开放日为该日后的第一个工作日。,可临开申购,B类份额：0,每次追加申购的最低金额为10万元人民币。,0,0.8,成立后180天（已结束）。,0.75,0.01,B类份额：0.5%/年,0.025%/年,0.025%/年,"B类份额：单人单笔高水位法，针对收益0%以上的部分计提10%业绩报酬
本基金业绩报酬计提日为：封闭期过后，每年1月及7月的最后一个交易日，基金份额持有人实际赎回基金份额时（包含全部赎回，部分赎回）、基金终止日。",0-5亿元,P1024911
团队跟踪,量游林湖CTA1号B类,QK722B,量游林湖CTA1号私募证券投资基金B类份额,QK722B,上海量游资管,,2021-06-03,2021-06-08,中信证券股份有限公司,,,否,,,,,,,0,,,,,5-10亿元,P1005511
团队跟踪,金时欣隆一号私募证券投资基金B类份额,QK913B,金时欣隆一号私募证券投资基金B类份额,QK913B,厦门金时资管,,2021-04-19,2021-04-23,兴业证券股份有限公司,,每周周三,否,1%,,1%,0.8,,0.7,0.01,,0.03％,0.03％,"对单笔投资超过上次计提日最高基金份额累计净值部分按B类基金份额对应的的比例20%进行计提。
计提基准日：持有人赎回申请日、基金清算日、分红权益登记日。",5-10亿元,P1065492
团队跟踪,量道商品套利6号私募证券投资基金A类份额,QL546A,量道商品套利6号私募证券投资基金A类份额,QL546A,深圳量道投资,,2021-04-23,2021-04-22,兴业证券股份有限公司,,每个交易日,否,1%,1 万元的整数倍,持有期小于360天，赎回费率为1% ；持有期大等于360天，赎回费率为0%,0.6,无,0.5,0.015,,0.025％/年,0.025％/年,"计提方式：年化收益率法
计提时点：投资者赎回日、分红权益登记日、基金清算日、固定结算日（每年最后一个交易日）
计提比例：即若A类基金单位份额年化收益率R小于或等于0%时，管理人不提取业绩报
酬；若A类基金单位份额年化收益率R大于0%并小于等于50%，管理人对大于0%并小于等于50%的部分提取20%作为
业绩报酬；若A类基金单位份额年化收益率R大于50%，管理人对大于50%的部分提取30%作为业绩报酬。",100亿元以上,P1016658
团队跟踪,量道商品套利6号B类,QL546B,量道商品套利6号私募证券投资基金B类份额,QL546B,深圳量道投资,,2021-04-23,2021-04-22,兴业证券股份有限公司,,每个交易日,否,0%,1万元起,0%（可金额赎回）,0.75,12个月,0.7,0,,,0.025％,不收取业绩报酬,100亿元以上,P1016658
团队跟踪,博孚利尊享21号FOF私募证券投资基金A类份额,QL931A,博孚利尊享21号FOF私募证券投资基金A类份额,QL931A,厦门博孚利资管,,2021-04-27,2021-04-29,中信证券股份有限公司,,每周周五,否,0%,1 万元的整数倍,0%,0.97,无,0.9,0.006,,0.015%,0.015%,对期间年化收益率超过0%以上且在6%以下（含）的部分按照10%；对期间年化收益率在6%以上的部分按照A类46%,50-100亿元,P1023120
团队跟踪,博孚利尊享21号FOF私募证券投资基金B类份额,QL931B,博孚利尊享21号FOF私募证券投资基金B类份额,QL931B,厦门博孚利资管,,2021-04-27,2021-04-29,中信证券股份有限公司,,每周周五,否,0%,1 万元的整数倍,0%,0.97,无,0.9,0,,0.015%,0.015%,对期间年化收益率超过0%以上且在6%以下（含）的部分按照0%收取；对期间年化收益率在6%以上的部分按照10%收取,50-100亿元,P1023120
团队跟踪,忤合福牛私募证券投资基金A类份额,QM058A,忤合福牛私募证券投资基金A类份额,QM058A,珠海忤合资管,,2021-04-23,2021-04-28,兴业证券股份有限公司,,,否,,,,,,,0,,,,,0-5亿元,P1066960
团队跟踪,忤合福牛B类,QM058B,忤合福牛私募证券投资基金B类份额,QM058B,珠海忤合资管,,2021-04-23,,兴业证券股份有限公司,,每周周五,可临开赎回,0%,不少于1万元,0%,,无,,0.012,本基金A类基金份额的管理费按A类基金资产净值的0.2％年费率计提。 本基金B类基金份额的管理费按B类基金资产净值的1.2％年费率计提。,0.04％,0.04％,20%,0-5亿元,P1066960
团队跟踪,正松云睿全球私募证券投资基金A类份额,QM783A,正松云睿全球私募证券投资基金A类份额,QM783A,上海正松投资,,2021-05-25,,国泰君安证券股份有限公司,,每周周五,否,0%,,持有期小于360天，赎回费率为2%；持有期大等于365天，赎回费率为0%,,无,,0.01,,0.025%,0.025%,"A类份额：16%。
业绩基准日：投资者赎回日、每年12月20日、分红权益登记日和基金清算日",0-5亿元,P1070016
团队跟踪,领容希麦私募证券投资基金B类份额,QM875B,领容希麦私募证券投资基金B类份额,QM875B,上海领容投资,,2021-05-18,2021-05-21,中信建投证券股份有限公司,,每个交易日,否,1%,1万元起,持有期小于365天，赎回费率为2%；持有期大等于365天，赎回费率为 0%,0.8,无,0.7,0.01,1%,0.02%,0.02%,年化收益率≤0%，0%；0%＜年化收益率≤50%，20%；50%＜年化收益率，40%,10-20亿元,P1071654
团队跟踪,慎知资产慎知8号金选私募证券投资基金B类份额,QM960B,慎知资产慎知8号金选私募证券投资基金B类份额,QM960B,上海慎知资管,,2021-06-23,2021-06-30,国泰君安证券股份有限公司,,,否,,,,,,,0,,,,,100亿元以上,P1071304
团队跟踪,鸣熙天玑中证500指数增强3号私募证券投资基金A类份额,QQ471A,鸣熙天玑中证500指数增强3号私募证券投资基金A类份额,QQ471A,鸣熙资本,,2021-05-27,,招商证券股份有限公司,,每个工作日,否,0%,,0%,,,0.6,0.01,,0.025%,0.025%,20%,100亿元以上,P1033450
团队跟踪,茂源量化长岛交易1号私募证券投资基金A类份额,QR884A,茂源量化长岛交易1号私募证券投资基金A类份额,QR884A,海南茂源量化,,2021-06-08,,海通证券股份有限公司,,申购开放日为每月15 日以及每周周五（当月15 日为周五的，则合并为一个开放日）；赎回开放日为每个月最后一个交易日,可临开赎回,0%,,持有期小等于90 天，赎回费率1%；持有期大于90天，免收取,0.9,无,0.88,0.015,,0.025%,0.025%,20%,100亿元以上,P1061840
团队跟踪,展弘CTA运作1号私募证券投资基金B类,QS592B,展弘CTA运作1号私募证券投资基金B类,QS592B,上海展弘投资,,2021-06-01,2021-06-04,华泰证券股份有限公司,,每个工作日,否,0%,,持有期小于180天，赎回费率为1%；持有期大等于180天，免收取。,,无,,0.01,,0.02%,0.02%,20%,100亿元以上,P1015638
团队跟踪,弘量弘盈量化CTA私募证券投资基金B类份额,QS957B,弘量弘盈量化CTA私募证券投资基金B类份额,QS957B,深圳弘量投资,,2021-06-16,,国泰君安证券股份有限公司,,每个交易日,否,1.5%,,持有期小于180天，赎回费率为1%；持有期大等于180天，赎回费率为0%,,,,0.01,,0.03%,0.03%,20%,0-5亿元,P1071523
团队跟踪,智信融科CTA七号A类,QT524A,智信融科CTA七号私募证券投资基金A类份额,QT524A,北京智信融科投资,,2021-06-08,2021-06-16,兴业证券股份有限公司,,每一个工作日,可临开赎回,0%,每次追加认购金额（不含认购费）不少于 1 万元人民币,持有期小于90天，赎回费率1%；持有期大等于90天，赎回费率0%,0.85,无,0.8,0.01,,0.015%,0.015%,"20%，
业绩报酬基准日为投资者赎回申请日、基金清算日、财产分配 权益登记日、固定结算日（每自然年度最后一个交易日）",10-20亿元,P1034183
团队跟踪,量道CTA精选18号私募证券投资基金A类,QU658A,量道CTA精选18号私募证券投资基金A类,QU658A,深圳量道投资,,2022-02-25,0000-00-00,国泰君安证券股份有限公司,,每个交易日,否,1%,1 万元的整数倍,持有期小于180天，赎回费率为2%；持有期大等于180天及小于365天，赎回费率为1%；持有期大等于365天，赎回费率为0%。,0.7,无,0.65,0.015,,0.025%/年,0.025%/年,"1、计提方式：单个投资者单笔高水位净值法计提。
2、计提时点：投资者投资者赎回日、分红权益登记日、基金清算日、 固定计提日 （每年最后一个交易日）。
3、计提比例：20%",100亿元以上,P1016658
团队跟踪,量道CTA精选18号私募证券投资基金B类,QU658B,量道CTA精选18号私募证券投资基金B类,QU658B,深圳量道投资,,2022-03-04,0000-00-00,国泰君安证券股份有限公司,,每个交易日,否,0%,1万元起,0%（可金额赎回）,0.7,无,0.65,0,,0.025%,0.025%,不计提业绩报酬,100亿元以上,P1016658
团队跟踪,量道指数增强3号私募证券投资基金A类,QU711A,量道指数增强3号私募证券投资基金A类,QU711A,深圳量道投资,,2021-06-24,0000-00-00,国信证券股份有限公司,,每个交易日,可临开赎回,1%,1万元起,持有期小于180天，赎回费率为1%；持有期大等于180天，赎回费率为0%,,无,,0.015,,,0.025%,"20%。
计提基准日：赎回日、基金终止日、分红日、固定结算日（每年最后一个交易日）",100亿元以上,P1016658
团队跟踪,量道指数增强3号私募证券投资基金B类,QU711B,量道指数增强3号私募证券投资基金B类,QU711B,深圳量道投资,,2021-06-24,0000-00-00,国信证券股份有限公司,,每个交易日,否,1%,1万元起,持有期小于180天，赎回费率为1%；持有期大等于180天，赎回费率为0%,,无,,0,,,0.025%,不计提业绩报酬,100亿元以上,P1016658
团队跟踪,福克斯-准星宙斯盾壹号私募证券投资基金A类,QV204A,福克斯-准星宙斯盾壹号私募证券投资基金A类,QV204A,深圳福克斯投资,,2021-06-21,2021-06-28,中信证券股份有限公司,,每个工作日,否,0%,,0%,0.85,无,0.8,0.01,,0.04%,0.04%,A 类份额业绩报酬的提取比例（Y）为【20】%,10-20亿元,P1065770
团队跟踪,润洲跬步二号私募证券投资基金A类份额,QV839A,润洲跬步二号私募证券投资基金A类份额,QV839A,杭州润洲,,2021-07-07,,招商证券股份有限公司,,每自然月第10个自然日为开放日。如该对应日为非工作日，则开放日为该日后的第一个工作日。,可临开申购,B类份额：0,每次追加申购的最低金额为10万元人民币。,0,0.8,成立后180天（已结束）。,0.75,0.015,B类份额：0.5%/年,0.025%/年,0.025%/年,"B类份额：单人单笔高水位法，针对收益0%以上的部分计提10%业绩报酬
本基金业绩报酬计提日为：封闭期过后，每年1月及7月的最后一个交易日，基金份额持有人实际赎回基金份额时（包含全部赎回，部分赎回）、基金终止日。",50-100亿元,P1006059
团队跟踪,博孚利多策略八号私募证券投资基金A类份额,QV965A,博孚利多策略八号私募证券投资基金A类份额,QV965A,厦门博孚利资管,,2021-06-17,0000-00-00,兴业证劵股份有限公司,,每自然月第10个自然日为开放日。如该对应日为非工作日，则开放日为该日后的第一个工作日。,可临开申购,B类份额：0,每次追加申购的最低金额为10万元人民币。,0,0.8,成立后180天（已结束）。,0.75,0.01,B类份额：0.5%/年,0.025%/年,0.025%/年,"B类份额：单人单笔高水位法，针对收益0%以上的部分计提10%业绩报酬
本基金业绩报酬计提日为：封闭期过后，每年1月及7月的最后一个交易日，基金份额持有人实际赎回基金份额时（包含全部赎回，部分赎回）、基金终止日。",50-100亿元,P1023120
团队跟踪,睿郡节节高12号B类,QW279B,睿郡节节高12号私募证券投资基金B类,QW279B,上海睿郡资管,,2021-06-21,,兴业证券股份有限公司,,每周周三,否,0%,1万元起,0%,0.8,无,,0.006,,0.04%,0.04%,采用“年化收益率”法计提，对单笔投资年化收益率 6%以上的部分按 15%比例计提，若 B 类基金单位份额年化收益率 R 小于或等于 6%时，管理人不提取业绩报酬；若 B 类基金单位份额年化收益率 R 大于 6%，管理人对大于6%的部分提取 15%作为业绩报酬。,100亿元以上,P1014376
团队跟踪,展弘稳泰套利运作2号私募证券投资基金B类,QW386B,展弘稳泰套利运作2号私募证券投资基金B类,QW386B,上海展弘投资,,2021-06-25,2021-06-30,华泰证券股份有限公司,,申购：每个工作日 赎回：每个工作日,可临开申购和可临开赎回,0%,不低于1万元,0%,,无,,0.01,B类份额基金资产净值1%的年费率计提。,0.02%,0.02%,"整体收益收取：
基金不对 A 类份额提取业绩报酬。B份额按照单人单笔高水位法，针对收益0%以上的部分计提20%业绩报酬。",100亿元以上,P1015638
团队跟踪,禅龙聚配专享1号A类,QY444A,禅龙聚配专享1号私募证券投资基金A类份额,QY444A,上海禅龙资管,,2021-10-28,2021-11-01,国泰君安证券股份有限公司,,,否,,,,,,,0,,,,,50-100亿元,P1015508
团队跟踪,锐天核心二号私募证券投资基金B类份额,QZ902B,锐天核心二号私募证券投资基金B类份额,QZ902B,上海锐天投资,,2021-07-08,2021-07-12,中信建投证券股份有限公司,,每自然月第10个自然日为开放日。如该对应日为非工作日，则开放日为该日后的第一个工作日。,可临开申购和可临开赎回,,每次追加申购的最低金额为10万元人民币。,,0.8,成立后180天（已结束）。,0.75,0,,0.025%/年,0.025%/年,,100亿元以上,P1024169
团队跟踪,明汯CTA白羊二号私募证券基金B类份额,R0001B,明汯CTA白羊二号私募证券基金B类份额,R0001B,上海明汯投资,,2016-12-09,,国金证券股份有限公司,,每自然月第10个自然日为开放日。如该对应日为非工作日，则开放日为该日后的第一个工作日。,可临开申购,B类份额：0,每次追加申购的最低金额为10万元人民币。,0,0.8,成立后180天（已结束）。,0.75,0.02,B类份额：0.5%/年,0.025%/年,0.025%/年,"B类份额：单人单笔高水位法，针对收益0%以上的部分计提10%业绩报酬
本基金业绩报酬计提日为：封闭期过后，每年1月及7月的最后一个交易日，基金份额持有人实际赎回基金份额时（包含全部赎回，部分赎回）、基金终止日。",100亿元以上,P1004150
团队跟踪,明湾稳益投资壁虎系列A类,R6925A,明湾稳益投资壁虎系列私募基金A类份额,R6925A,上海明湾资管,,2017-03-01,2017-03-09,招商证券股份有限公司,,每周一、三、五,否,0%,,3%,0.98,,0.97,0.006,,0.025%,0.025%,当R ≤ 6%时，则不提取业绩报酬；当 R > 6%/(1 − 60%)时，对整体收益部分提取60 %作为业绩报酬，计提后该笔份额的当期年化收益不低于 6%。,10-20亿元,P1001040
团队跟踪,申万-科普基金单一资产管理计划,S00875,申万-科普基金单一资产管理计划,S00875,,,2013-03-28,,,,,否,,,,,,,0,,,,,,
团队跟踪,博孚利玄悟1号私募证券投资基金,S09355,博孚利玄悟1号私募证券投资基金,S09355,厦门博孚利资管,,2023-06-28,2023-07-04,国泰君安证券股份有限公司,,每周周三,否,0%,,"0%（持有期低于90天的基金份额,经管理人同意后方可赎回）",,无,,0.005,,无,无,本基金浮动投资顾问费计提基准为年化 6%，对超出浮动投资顾问费计提基准的持有期差额收益按 10%比例进行计提。,50-100亿元,P1023120
团队跟踪,卿云辰星壹期私募证券投资基金,S09524,卿云辰星壹期私募证券投资基金,S09524,卿云基金,,2023-06-28,2023-07-04,中信证券股份有限公司,,,否,,,,,,,0,,,,,0-5亿元,P1074414
团队跟踪,融昊青松CTA套利一号私募证券投资基金,S09735,融昊青松CTA套利一号私募证券投资基金,S09735,上海融昊投资,,2023-05-18,2023-05-23,招商证券股份有限公司,夏宇、卢松,每个自然月5号、6号、20号和21号,否,0%,1万元起,持有期小于1个月，赎回费率为1%,0.88,,0.85,0.01,,0.005%,0.005%,B类份额业绩报酬提取比例为20%（A类为15%）。,10-20亿元,P1007411
团队跟踪,前海久盈繁星三号私募证券投资基金,S09768,前海久盈繁星三号私募证券投资基金,S09768,深圳前海久盈投资,,2024-03-29,2024-04-15,国泰君安证券股份有限公司,,,否,,,,,,,0,,,,,20-50亿元,P1065235
团队跟踪,托特春晓A500指数增强3号私募证券投资基金,S09980,托特春晓A500指数增强3号私募证券投资基金,S09980,三亚托特,,2023-07-13,2023-07-21,国泰君安证券股份有限公司,,,否,,,,,,,0,,,,,100亿元以上,P1073258
团队跟踪,黑森九号私募证券投资基金,S20713,黑森九号私募证券投资基金,S20713,北京黑森投资,,2014-08-23,2014-08-28,中信银行股份有限公司,,,否,,,,,,,0,,,,,5-10亿元,P1002933
团队跟踪,信璞投资－价值精英1号基金,S20769,信璞投资－价值精英1号基金,S20769,上海信璞,,2014-08-07,2014-08-11,招商证券股份有限公司,归江,每季度最后一个工作日,否,,,A类份额：0% 。B类份额、 C类份额：持有期大于1年且小等于2年，赎回费率为2%；持有期大于2年且小等于3年，赎回费率为1%；持有期大于3年，赎回费率为0%,,1年,,0.009,A类份额：0.3% ，B类份额：0.3%， C类份额：0.9%,0.1%,0.1%,A类份额：0% ，B类份额：10%， C类份额：20%,100亿元以上,P1000419
团队跟踪,淡水泉专项基金1期,S20804,淡水泉专项基金1期,S20804,北京淡水泉投资,,2014-08-06,2014-08-07,招商证券股份有限公司,,,否,,,,,,,0,,,,,100亿元以上,P1000294
团队跟踪,外贸信托-交大基金会-弘尚资产灵活配置单一资金信托,S20955,外贸信托-交大基金会-弘尚资产灵活配置单一资金信托,S20955,,上海弘尚资产,2014-07-30,2014-08-18,招商银行股份有限公司,,,否,,,,,,,0,,,,,,
团队跟踪,龙旗紫微量化对冲基金,S21883,龙旗紫微量化对冲基金,S21883,杭州龙旗科技,,2014-12-09,2014-12-11,国泰君安证券股份有限公司,,,否,,,,,,,0,,,,,100亿元以上,P1000676
团队跟踪,圆融进取一号,S22746,圆融进取一号私募证券投资基金,S22746,山东圆融,,2014-12-30,2015-01-04,国信证券股份有限公司,,,否,,,,,,,0,,,,,0-5亿元,P1000574
团队跟踪,珺马CTA对冲一号投资基金,S23396,珺马CTA对冲一号投资基金,S23396,上海珺容投资,,2015-01-08,2015-01-09,中信证券股份有限公司,毛科技,,否,,,,,,,0,,,,,0-5亿元,P1001041
团队跟踪,因诺启航1号私募证券投资基金,S25540,因诺启航1号私募证券投资基金,S25540,上海因诺资管,,2015-02-27,2015-03-10,国信证券股份有限公司,,,否,,,,,,,0,,,,,100亿元以上,P1006164
团队跟踪,蓝色天际-宽宏1号,S25566,蓝色天际-宽宏1号私募证券投资基金,S25566,北京蓝色天际投资,,2015-02-13,2015-02-17,中信证券股份有限公司,陆敏杰,,可临开申购,,,,0.9,,0.85,0.018,,0.1%,0.1%,,0-5亿元,P1004206
团队跟踪,上海宽德共赢,S26541,上海宽德共赢私募证券投资基金,S26541,上海宽德,,2015-02-05,2015-02-10,招商证券股份有限公司,,,否,,,,,,,0,,,,,100亿元以上,P1005623
团队跟踪,歌斐诺宝TOP30对冲母基金3号11期,S27804,歌斐诺宝TOP30对冲母基金3号11期,S27804,上海歌斐诺宝资管,,2015-03-23,2015-03-26,招商证券股份有限公司,,,否,,,,,,,0,,,,,50-100亿元,P1000548
团队跟踪,泓湖稳健宏观对冲,S28048,泓湖稳健宏观对冲私募证券投资基金,S28048,上海泓湖,,2015-04-16,2015-04-24,中信证券股份有限公司,梁文涛,每个工作日,否,赎回费0.5%（持有期低于90天）,,A类份额：0%。B类份额：持有期小于90天，赎回费率为0.5%；持有期大等于90天，赎回费率为0%,0.92,无,,0.01,B：1%+18%（单客户高水位法）,0.05%,0.05%,A类份额：0%。B类份额：单客户高水位法，赎回、分红、清盘收取，计提比例18%,100亿元以上,P1000395
团队跟踪,因诺启航2号私募证券投资基金,S28490,因诺启航2号私募证券投资基金,S28490,上海因诺资管,,2015-04-06,2015-04-16,国信证券股份有限公司,,,否,,,,,,,0,,,,,100亿元以上,P1006164
团队跟踪,希瓦小牛1号基金,S29270,希瓦小牛1号基金,S29270,海南希瓦,,2015-04-21,2015-04-28,国信证券股份有限公司,梁宏,,否,,,,,,,0,,,,,100亿元以上,P1008160
团队跟踪,北方国际信托股份有限公司盈阳七号证券投资单一资金信托计划,S29786,北方国际信托股份有限公司盈阳七号证券投资单一资金信托计划,S29786,,浙江盈阳资管,2015-01-30,2015-04-15,兴业银行股份有限公司,,,否,,,,,,,0,,,,,,
团队跟踪,歌斐诺宝TOP30对冲母基金3号14期,S29936,歌斐诺宝TOP30对冲母基金3号14期,S29936,上海歌斐诺宝资管,,2015-04-20,2015-04-27,招商证券股份有限公司,,,否,,,,,,,0,,,,,50-100亿元,P1000548
团队跟踪,涵德量化稳健私募证券投资基金,S33049,涵德量化稳健私募证券投资基金,S33049,北京涵德投资,,2015-05-13,2015-05-21,中信证券股份有限公司,秦志宇、顾小军,,否,,,,,,,0,,,,,50-100亿元,P1001739
团队跟踪,联海经纬5号私募证券投资基金,S33089,联海经纬5号私募证券投资基金,S33089,北京星鹏联海,,2015-05-22,2015-05-25,国泰君安证券股份有限公司,,,否,,,,,,,0,,,,,20-50亿元,P1034351
团队跟踪,宽远优势成长2号基金,S33261,宽远优势成长2号证券投资基金,S33261,上海宽远资管,,2015-04-14,2015-04-20,兴业证券股份有限公司,梁力、徐京德,,否,,,,,,,0,,,,,50-100亿元,P1007125
团队跟踪,宥熙多策略对冲1期,S33313,宥熙多策略对冲1期,S33313,上海昆仑磐升,,2015-07-27,2015-07-31,中信证券股份有限公司,,,否,,,,,,,0,,,,,0-5亿元,P1007140
团队跟踪,因诺天跃私募证券投资基金,S33929,因诺天跃私募证券投资基金,S33929,上海因诺资管,,2015-04-23,2015-04-30,国信证券股份有限公司,,,否,,,,,,,0,,,,,100亿元以上,P1006164
团队跟踪,因诺期权2号,S34941,因诺期权2号私募证券投资基金,S34941,上海因诺资管,,2015-04-27,2015-05-12,国信证券股份有限公司,,,否,,,,,,,0,,,,,100亿元以上,P1006164
团队跟踪,稳博红樱桃8号私募基金A类份额,S5034A,稳博红樱桃8号私募基金A类份额,S5034A,上海稳博投资,,2017-04-20,,招商证券股份有限公司,,,否,,,,,,,0,,,,,100亿元以上,P1029043
团队跟踪,盛泉恒元多策略量化对冲1号基金,S60039,盛泉恒元多策略量化对冲1号基金,S60039,南京盛泉恒元投资,,2015-07-10,2015-07-14,华泰证券股份有限公司,,每月最后一个交易日,否,1%,,每月最后一个交易日，赎回费0.5%（持有期满360天免收）,,3个月,,0.005,"管理费：0.5%/年
托管/运营服务费：各0.02%/年",每年0.02%,每年0.02%,客户净收益的20%，客户赎回、基金终止和收益分配时计提并支付,100亿元以上,P1006545
团队跟踪,资瑞兴一号基金,S60796,资瑞兴一号基金,S60796,深圳资瑞兴投资,,2015-11-27,2015-12-07,国泰君安证券股份有限公司,汪忠远,每个交易日,否,0,,,,半年,,0.015,,,,20%,5-10亿元,P1014067
团队跟踪,骐邦精选成长,S64916,骐邦精选成长私募证券投资基金,S64916,上海骐邦投资,,2015-07-15,2015-07-20,国金证券股份有限公司,,,否,,,,,,,0,,,,,0-5亿元,P1007295
团队跟踪,博孚利尊享1号FOF私募证券投资基金A类份额,S6545A,博孚利尊享1号FOF私募证券投资基金A类份额,S6545A,厦门博孚利资管,,2019-09-12,2017-04-25,华泰证券股份有限公司,,每周周五,可临开赎回,1%,不少于 10 万元,持有期小于360天，赎回费率为1%；持有期大于等于360天，免收。,0.93,无,0.9,0.01,,0.015%,0.015%,大于5%的部分提取16%作为业绩报酬,50-100亿元,P1023120
团队跟踪,博孚利尊享1号FOF私募证券投资基金B类份额,S6545B,博孚利尊享1号FOF私募证券投资基金B类份额,S6545B,厦门博孚利资管,,2019-09-12,,华泰证券股份有限公司,,每周周五,可临开申购,1%,10万元期,0%,0.8,无,0.75,0,,0.025%,0.025%,不计提业绩报酬,50-100亿元,P1023120
团队跟踪,明汯CTA一号基金,S66271,明汯CTA一号基金,S66271,上海明汯投资,,2015-08-14,2015-08-20,国金证券股份有限公司,,,否,,,,,,,0,,,,,100亿元以上,P1004150
团队跟踪,银万价值对冲一号私募证券投资基金D类份额,S6631D,银万价值对冲一号私募证券投资基金D类份额,S6631D,浙江银万,,2017-05-18,2017-05-25,国泰君安证券股份有限公司,,封闭期结束之后的每自然季度首月（即1、4、7、10月）第5个自然日，如遇非交易日，则顺延至下一交易日。,否,1% ，募集机构有权减免,,持有期限低于360天（不含）的，赎回费率为1%，份额持有期在360天及以上的，赎回费率为0%。 本基金D类份额赎回费归基金资产所有。,,6个月,,0.01,,0.001000,,对超出业绩报酬计提基准年化5% 的持有期差额收益按20%进行计提。,20-50亿元,P1005420
团队跟踪,汇艾资产-稳健1号基金,S67292,汇艾资产-稳健1号基金,S67292,上海汇艾资管,,2015-08-06,2015-08-12,国信证券股份有限公司,杨晓荣,,否,,,,,,,0,,,,,0-5亿元,P1014027
团队跟踪,珠池山金量化稳健投资母基金1号1期,S69443,珠池山金量化稳健投资母基金1号1期,S69443,上海珠池资管,,2015-08-28,2015-09-06,国信证券股份有限公司,,,否,,,,,,,0,,,,,50-100亿元,P1014451
团队跟踪,长江证券超越理财宝9号集合资产管理计划,S72326,长江证券超越理财宝9号集合资产管理计划,S72326,长江证券资管,,2015-07-10,2015-07-20,兴业银行股份有限公司,,,否,,,,,,,0,,,,,,PT0700011487
团队跟踪,齐鲁滴泉2号集合资产管理计划,S73167,齐鲁滴泉2号集合资产管理计划,S73167,中泰证券资管,,2015-08-20,2015-09-21,中国光大银行股份有限公司,,,否,,,,,,,0,,,,,,PT0700011608
团队跟踪,量锐5号基金,S80173,量锐5号基金,S80173,宁波金戈量锐资管,,2015-09-21,2015-09-28,国金证券股份有限公司,,,否,,,,,,,0,,,,,100亿元以上,P1008220
团队跟踪,恒瑞-中国梦二期,S81217,恒瑞-中国梦二期私募证券投资基金,S81217,上海恒瑞,,2015-09-29,2015-10-08,国信证券股份有限公司,肖正根,,否,,,,,,,0,,,,,5-10亿元,P1000886
团队跟踪,瑞倍高森2号私募证券投资基金,S81277,瑞倍高森2号私募证券投资基金,S81277,宁波瑞倍,,2016-02-24,2016-03-04,招商证券股份有限公司,,,否,,,,,,,0,,,,,10-20亿元,P1010568
团队跟踪,瑞倍高森5号私募证券投资基金,S83053,瑞倍高森5号私募证券投资基金,S83053,宁波瑞倍,,2015-11-23,2015-11-26,招商证券股份有限公司,,每天开放申购，每周一、三、五开放赎回,否,0%,1万元起,A类份额：0%。B 类份额、C 类份额和 D 类份额：持有期小于 90 个自然日，赎回费率 1%；持有期大等于 90个自然日，赎回费率 0%,,无,,0.01,A 类份额：0%；B 类份额：0.6%；C 类份额：0.9%；D 类份额：1%,0.01%,0.01%,"A 类份额：0%;
B 类份额：16%；
C 类份额：18%；
D 类份额：20%
（单客户高水位，赎回、分红、终止时计提)",10-20亿元,P1010568
团队跟踪,正则基金,S83766,正则基金,S83766,海南茂源量化,,2015-10-23,2016-03-02,国金证券股份有限公司,,,否,,,,,,,0,,,,,100亿元以上,P1061840
团队跟踪,远澜云杉,S83994,远澜云杉期货基金,S83994,上海远澜,,2015-11-04,2015-11-13,兴业证券股份有限公司,王凯,,否,,,,,,,0,,,,,100亿元以上,P1018484
团队跟踪,博孚利聚强1号证券投资基金,S84080,博孚利聚强1号证券投资基金,S84080,厦门博孚利资管,,2015-12-22,2015-12-30,中信证券股份有限公司,何阳阳,每周周五、每年12月15日,否,A类份额：1%；B类份额：0%,不少于 10 万元,A类份额：持有期小于365天，赎回费率1%；持有期大等于365天，赎回费率0%。B类份额：0%,0.75,无,0.7,0.01,A类份额：1%；B类份额：0%,0.02%,0.02%,"A类份额：R<=7%，不收取业绩报酬；R>7%部分，收取15%；
B类份额：不收取业绩报酬。
业绩基准日：每年12月15日。",50-100亿元,P1023120
团队跟踪,富善投资-致远金选1号基金,S84846,富善投资-致远金选1号基金,S84846,上海富善投资,,2015-11-27,2015-12-03,招商证券股份有限公司,林成栋,,否,,,,,,,0,,,,,5-10亿元,P1000712
团队跟踪,盛泉恒元量化套利1号专项私募证券投资基金,S85051,盛泉恒元量化套利1号专项私募证券投资基金,S85051,南京盛泉恒元投资,,2015-11-09,2015-11-12,华泰证券股份有限公司,,,否,,,,,,,0,,,,,100亿元以上,P1006545
团队跟踪,致远CTA精选5号私募证券投资基金A类份额,S9013A,致远CTA精选5号私募证券投资基金A类份额,S9013A,上海富善投资,,2017-06-12,2017-06-19,国泰君安证券股份有限公司,,每自然月第10个自然日为开放日。如该对应日为非工作日，则开放日为该日后的第一个工作日。,可临开申购,B类份额：0,每次追加申购的最低金额为10万元人民币。,0,0.8,成立后180天（已结束）。,0.75,0,B类份额：0.5%/年,0.025%/年,0.025%/年,"B类份额：单人单笔高水位法，针对收益0%以上的部分计提10%业绩报酬
本基金业绩报酬计提日为：封闭期过后，每年1月及7月的最后一个交易日，基金份额持有人实际赎回基金份额时（包含全部赎回，部分赎回）、基金终止日。",5-10亿元,P1000712
团队跟踪,博普绝对价值1号私募基金A类份额,S9249A,博普绝对价值1号私募基金A类份额,S9249A,深圳博普科技,,2017-04-10,,招商证券股份有限公司,,,否,,,,,,,0,,,,,50-100亿元,P1001724
团队跟踪,顽岩中证500指数增强1号A类,SA143A,顽岩中证500指数增强1号私募证券投资基金A类份额,SA143A,上海顽岩,,2021-07-09,,招商证券股份有限公司,,申购开放日为每个工作日；赎回开放日为每周周三,否,1%,,1%,0.75,,0.7,0.01,,0.025%,0.025%,,100亿元以上,P1034708
团队跟踪,泽善专享1号私募证券投资基金A类份额,SA552A,泽善专享1号私募证券投资基金A类份额,SA552A,广东泽善投资,,2021-08-31,2021-08-31,兴业证券股份有限公司,,每自然月第10个自然日为开放日。如该对应日为非工作日，则开放日为该日后的第一个工作日。,可临开申购,B类份额：0,每次追加申购的最低金额为10万元人民币。,0,0.8,成立后180天（已结束）。,0.75,0.01,B类份额：0.5%/年,0.025%/年,0.025%/年,"B类份额：单人单笔高水位法，针对收益0%以上的部分计提10%业绩报酬
本基金业绩报酬计提日为：封闭期过后，每年1月及7月的最后一个交易日，基金份额持有人实际赎回基金份额时（包含全部赎回，部分赎回）、基金终止日。",10-20亿元,P1070852
团队跟踪,量派专享六号私募证券投资基金A类份额,SA797A,量派专享六号私募证券投资基金A类份额,SA797A,上海量派投资,,2021-07-29,2021-08-05,国泰君安证券股份有限公司,,,否,,,,,,,0,,,,,100亿元以上,P1071253
团队跟踪,稳博广博中证1000量化多头系列2-1号私募证券投资基金B类份额,SA870B,稳博广博中证1000量化多头系列2-1号私募证券投资基金B类份额,SA870B,上海稳博投资,,2021-07-21,2021-07-26,广发证券股份有限公司,,每月10号,否,单笔申购金额＜500万元，申购费率为1%；500万元≤单笔申购金额＜1000万元，申购费率为0.5%；1000万元≤单笔申购金额，申购费率为0.2%,,0%,,,,0.01,,0.05%,0.05%,在业绩报酬计提日对每笔份额的份额累计净值超过历史计提日最高份额累计净值部分，根据一定的比例计提业绩报酬，B 类份额提取比例为20%,100亿元以上,P1029043
团队跟踪,鑫鼎长风套利1号私募证券投资基金B类份额,SA947B,鑫鼎长风套利1号私募证券投资基金B类份额,SA947B,深圳鑫鼎,,2021-08-02,2021-08-10,国信证券股份有限公司,,每日,否,0,1万的整数倍,0,0.95,无,0.9,0.01,,0.04%,0.04%,"单客户高水位
年化高于8%的部分收50%",5-10亿元,P1008450
团队跟踪,致邃投资-智慧矩阵量化8号私募证券投资基金,SAAD44,致邃投资-智慧矩阵量化8号私募证券投资基金,SAAD44,上海致邃投资,,2023-08-22,2023-09-20,招商证券股份有限公司,,每周周二、周三,否,0%,,0%,,无,,0.01,A类份额：0%，B类份额：1%,,,超额20%,5-10亿元,P1063212
团队跟踪,和聚世然1期,SAAD80,和聚世然1期私募证券投资基金,SAAD80,北京和聚,,2023-08-31,2023-09-11,国泰君安证券股份有限公司,田加强,每个交易日,否,0%,,持有期小于360天，赎回费率为1%；持有期大等于360天，赎回费率为0%。,,,,0.01,,0.025%/年,0.025%/年,"单笔份额高水位争值法扣份额，
计提比例15%",10-20亿元,P1000273
团队跟踪,唯瞻一号,SAAD97,唯瞻一号私募证券投资基金,SAAD97,杭州唯瞻,,2023-09-01,2023-09-06,中信证券股份有限公司,,"申购：每周二
赎回：每月10号
合同允许临开赎回",否,0,10万元起,0,0.85,,0.8,0.015,,,,20%,10-20亿元,P1074419
团队跟踪,唯瞻二号私募证券投资基金,SAAD98,唯瞻二号私募证券投资基金,SAAD98,杭州唯瞻,,2023-09-07,2023-09-12,中信证券股份有限公司,,申购：每周三    赎回：每月15号,可临开赎回,0,不少于10万元,0,0.85,无,0.8,0.015,,0.01%,0.01%,20%,10-20亿元,P1074419
团队跟踪,千衍三涛10号私募证券投资基金,SAAE75,千衍三涛10号私募证券投资基金,SAAE75,上海千衍,,2023-09-04,2023-09-07,申万宏源证券有限公司,,,否,,,,,,,0,,,,1%+20%,100亿元以上,P1009640
团队跟踪,智领海宽聚配星耀,SAAG10,智领海宽聚配星耀私募证券投资基金,SAAG10,福州智领三联,,2023-10-23,2023-10-31,申万宏源证券有限公司,,,否,,,,,,,0,,,,,20-50亿元,P1033867
团队跟踪,正瀛骐骥7号私募证券投资基金,SAAG24,正瀛骐骥7号私募证券投资基金,SAAG24,上海正瀛资管,,2023-08-31,2023-08-31,中信证券股份有限公司,,每周第一、第三个工作日,否,0,,0,0.92,无,0.9,0.01,,0.025%,,"管理人将根据委托人每笔投资的期间年化收益率（R），当期间年化收益率大
于【6】%时，对所有收益按照【60】%的比例收取业绩报酬，且计提后该笔份额
的期间年化收益率不低于【6】%",100亿元以上,P1060813
团队跟踪,联海量选天枢1号私募证券投资基金,SAAH76,联海量选天枢1号私募证券投资基金,SAAH76,北京星鹏联海,,2023-10-20,2023-10-25,国泰君安证券股份有限公司,,每个交易日,否,0,,0,,无,,0.01,每日计提,0.01%,0.01%,业绩报酬的计提基准日：投资者赎回日、分红权益登记日、基金清算日。本基金连续两次成功计提业绩报酬基准日的间隔不应短于 6 个月。金额支付。,20-50亿元,P1034351
团队跟踪,磐松江海远山67期,SAAJ47,磐松江海远山67期私募证券投资基金,SAAJ47,上海磐松,,2023-08-25,2023-08-30,华泰证券股份有限公司,,"每个交易日
",否,0%,不低于5万,0%,,无,,0,不收取,0.02%,0.02%,"单客户单笔高水位法，扣减份额，以现金方式支付给管理人，计提15%。
计提基准日：固定时点、赎回时、终止时；固定计提基准日为每年1、4、7、10月的第一个交易日。",100亿元以上,P1074204
团队跟踪,幂数铜须2号私募证券投资基金,SAAL03,幂数铜须2号私募证券投资基金,SAAL03,上海幂数资管,,2023-08-30,2023-09-04,光大证券股份有限公司,,每个交易日,否,0%,1万元起,0%,,,,0.01,,0.01%,0.01%,不收取业绩报酬,0-5亿元,P1064158
团队跟踪,景唐星辰1号私募证券投资基金,SAAL49,景唐星辰1号私募证券投资基金,SAAL49,陕西景唐投资,,2023-09-07,2023-09-07,华福证券股份有限公司,,,否,,,,,,,0,,,,,0-5亿元,P1005988
团队跟踪,沁鸿臻选私募证券投资基金,SAAM49,沁鸿臻选私募证券投资基金,SAAM49,海南臻选,,2023-09-05,2023-09-18,中信证券股份有限公司,刘德多、赵雪,,否,,,,,,,0,,,,,5-10亿元,P1072693
团队跟踪,汇乾壁虎9号私募证券投资基金,SAAS85,汇乾壁虎9号私募证券投资基金,SAAS85,海南汇乾,,2023-09-15,2023-09-26,中信证券股份有限公司,廖正雨,每个交易日,否,0,,0,0.8,无,0.7,0,,,,,0-5亿元,P1072997
团队跟踪,绰瑞汇海22号私募证券投资基金,SAAT21,绰瑞汇海22号私募证券投资基金,SAAT21,上海绰瑞,,2023-10-16,2023-10-25,浙商证券股份有限公司,,,否,,,,,,,0,,,,,10-20亿元,P1006129
团队跟踪,正定中证500指数增强1号,SAAT35,正定中证500指数增强1号私募证券投资基金,SAAT35,北京正定,,2023-09-14,2023-09-20,国泰君安证券股份有限公司,,,否,,,,,,,0,,,,,100亿元以上,P1073791
团队跟踪,正定中证1000指数增强1号私募证券投资基金,SAAT36,正定中证1000指数增强1号私募证券投资基金,SAAT36,北京正定,,2023-10-27,2023-11-01,国泰君安证券股份有限公司,,每个交易日,否,,,180天内1%，180-365天0.5%,,无,,0.01,,,,20%,100亿元以上,P1073791
团队跟踪,博孚利尊享5A号FOF私募证券投资基金,SAAU73,博孚利尊享5A号FOF私募证券投资基金,SAAU73,厦门博孚利资管,,2023-09-06,2023-09-11,国信证券股份有限公司,,每一个工作日,否,0%,无,3%,,无,,0.005,20240227起暂停管理费,0.005%,0.005%,不计提业绩报酬,50-100亿元,P1023120
团队跟踪,博孚利多策略五十号私募证券投资基金,SAAV33,博孚利多策略五十号私募证券投资基金,SAAV33,厦门博孚利资管,,2023-10-16,2023-11-07,浙商证券股份有限公司,,每周第一个交易日,否,0%,不少于1万元,0%,0.97,无,0.96,0.01,,0.01%,0.01%,年化6%以内不提，年化6%以上计提60%，且计提后不低于6%,50-100亿元,P1023120
团队跟踪,复熙市场中性2号私募证券投资基金,SAAV39,复熙市场中性2号私募证券投资基金,SAAV39,上海复熙资管,,2023-09-25,2023-10-13,国泰君安证券股份有限公司,,,否,,,,,,,0,,,,,20-50亿元,P1006187
团队跟踪,宁水国债宝2号一期私募证券投资基金,SAAV43,宁水国债宝2号一期私募证券投资基金,SAAV43,厦门宁水,,2023-09-05,2023-09-14,中信证券股份有限公司,,固定开放日为成立后每个自然周的周二和周四，接受申购和赎回申请， 如对应日为非工作日，则顺延至下一个工作日。,可临开赎回,1%,,0,,,,0.01, C 类份额的年管理费率为 0%，A 类份额的年管理费率 R 为 1.5%，B 类份额的年管理费率 R 为 1%。,0.01%,0.01%,A 类份额业绩报酬的提取比例（Y）为 20%；B 类份额业绩报酬的提取比例（Y）为 16%。,20-50亿元,P1066639
团队跟踪,鲁民投中证500指数增强二号私募证券投资基金,SAAV96,鲁民投中证500指数增强二号私募证券投资基金,SAAV96,鲁民投基金,,2023-09-07,2023-09-07,华鑫证券有限责任公司,刘波,,否,,,,,,,0,,,,,100亿元以上,P1069017
团队跟踪,博孚利厦门牡丹1号私募证券投资基金,SAAW09,博孚利厦门牡丹1号私募证券投资基金,SAAW09,厦门博孚利资管,,2023-11-15,2023-11-20,国泰君安证券股份有限公司,,每个交易日,否,0%,,0%,,无,,0.015,每个运作期一次性计提,0.015%,0.015%,年化收益率10.44%以上，对超额部分计提60%,50-100亿元,P1023120
团队跟踪,涵盈博孚利2号私募证券投资基金,SAAW56,涵盈博孚利2号私募证券投资基金,SAAW56,厦门博孚利资管,,2023-09-08,2023-09-15,招商证券股份有限公司,,每个工作日,否,,,,,,,0.005,,0.01%,0.01%,不计提业绩报酬,50-100亿元,P1023120
团队跟踪,量道行远3号私募证券投资基金,SAAW78,量道行远3号私募证券投资基金,SAAW78,深圳量道投资,,2023-09-07,2023-09-12,兴业证券股份有限公司,,每个交易日,否,0,1,<180天为1%，>=180天为0%,0.7,无,0.6,0.01,,0.015%/年,0.015%/年,"单个投资者单笔高水位净值法
赎回日、基金终止日、分红日、固定结算日计提，每年12月第4个周五",100亿元以上,P1016658
团队跟踪,富犇尊享稳进6号私募证券投资基金,SAAX16,富犇尊享稳进6号私募证券投资基金,SAAX16,上海富犇投资,,2024-07-17,2024-07-24,中信建投证券股份有限公司,,每周周三,否,0%,,0%,,,,0.01,,0.01%,0.01%,20%,5-10亿元,P1025359
团队跟踪,思瑞乾元宏观,SAAY83,思瑞乾元宏观私募证券投资基金,SAAY83,海南思瑞,,2023-09-18,2023-09-21,招商证券股份有限公司,牛书斌,,否,,,,,,,0,,,,,20-50亿元,P1073292
团队跟踪,锋滔多空对冲5号,SAAY91,锋滔多空对冲5号私募证券投资基金,SAAY91,上海锋滔资管,,2023-09-08,2023-09-22,华泰证券股份有限公司,,每个交易日,否,A类份额：1%，B类份额：0%,,A类份额：持有期小于180天，赎回费率为1%；持有期大等于180天，赎回费率为0%。B类份额：0%,,无,,0.015,A类份额：1.5%，B类份额：0%,0.02%,0.02%,18%(固定时点是指基金成立后每年6月及12月最后一个交易曰),0-5亿元,P1007210
团队跟踪,千衍六和19号1000增强私募证券投资基金,SAAZ17,千衍六和19号1000增强私募证券投资基金,SAAZ17,上海千衍,,2023-10-19,2023-10-25,国泰君安证券股份有限公司,,日开,否,A类0%；B类1%；C类0%,,1%（180天）,,,,0.01,,,,申赎日，固定日 - 每年产品成立日对应日,100亿元以上,P1009640
团队跟踪,甬远稳健增长私募证券投资基金七期,SABA33,甬远稳健增长私募证券投资基金七期,SABA33,宁波市甬远投资,,2024-04-17,2024-04-26,华泰证券股份有限公司,,,否,,,,,,,0,,,,,0-5亿元,P1066166
团队跟踪,汇升海鑫4号一期私募证券投资基金,SABA91,汇升海鑫4号一期私募证券投资基金,SABA91,江苏苏豪汇升,,2023-09-21,2023-09-21,国投证券股份有限公司,,,否,,,,,,,0,,,,,20-50亿元,P1005918
团队跟踪,顽岩星球1号,SABB29,顽岩星球1号私募证券投资基金,SABB29,上海顽岩,,2023-09-27,2023-10-17,国泰君安证券股份有限公司,,申购开放日为每个交易日，赎回开放日为每周周二,否,0%,1万元起,0%,0.88,无,0.85,0,0%,0.025%,0.025%,"当 r≤6.5%时，不计提业绩报酬；
当 r＞6.5%时，管理人提取全部收益的 60%作为业绩报酬，计提业绩报酬后客户年化收益率不低于 6.5%。
计提基准：6.5%；采用单人单笔高水位法，计提时点：赎回时、固定时点（每年 6、12 月第 2 个周五，顺延）、终止时。",100亿元以上,P1034708
团队跟踪,青琰琰海一号私募证券投资基金,SABC13,青琰琰海一号私募证券投资基金,SABC13,上海青琰,,2023-10-19,2023-10-30,中信证券股份有限公司,,每个自然周的周一、周三、每季度末月（3、6、9、12 月）的最后一个工作日,否,0%,,持有期小于180天，赎回费率1%；持有期大等于180天，赎回费率0%,0.9,,0.8,0.01,,,,管理人将根据委托人每笔投资的期间年化收益率（R），当期间年化收益率大于【6】%时，对所有收益按照【60】%的比例收取业绩报酬，且计提后该笔份额的期间年化收益率不低于【6】%。,20-50亿元,P1073943
团队跟踪,山信闭环一号,SABD20,山信闭环一号私募证券投资基金,SABD20,杭州萧山山信,,2023-09-12,2023-09-15,招商证券股份有限公司,瞿沈阳,每月15号,否,0%,1万元的整数倍追加,0%,,,0.8,0.015,A类份额：1%；B类份额：1.5%,0.01%,0.01%,采用单客户单笔份额高水位法，管理人提取赎回份额或分红份额当期收益的20%作为业绩报酬。,10-20亿元,P1072086
团队跟踪,衍复希格斯四号私募证券投资基金,SABD46,衍复希格斯四号私募证券投资基金,SABD46,上海衍复投资,,2023-09-19,2023-09-28,招商证券股份有限公司,,,否,,,,,,,0,,,,,100亿元以上,P1070325
团队跟踪,千衍六和36号2000增强私募证券投资基金,SABF02,千衍六和36号2000增强私募证券投资基金,SABF02,上海千衍,,2024-10-18,2024-10-23,国泰君安证券股份有限公司,,,否,,,,,,,0,,,,,100亿元以上,P1009640
团队跟踪,展弘-朝熠稳健1号私募证券投资基金,SABF69,展弘-朝熠稳健1号私募证券投资基金,SABF69,上海展弘投资,,2024-06-03,2024-06-04,招商银行股份有限公司,,每周五、每月最后一个交易日,否,0%,1万元起,0%,0.95,,0.9,0.01,,,,20%，单客户高水位法,100亿元以上,P1015638
团队跟踪,涵德明德中证2000指数增强1号私募证券投资基金,SABF94,涵德明德中证2000指数增强1号私募证券投资基金,SABF94,北京涵德投资,,2023-09-27,2023-09-28,国泰君安证券股份有限公司,,每周四、周五,否,,,3个月内0.5%,,,,0.01,,,,超额16%,50-100亿元,P1001739
团队跟踪,金麦穗金秋稳健一号,SABG50,金麦穗金秋稳健一号私募证券投资基金,SABG50,山东金麦穗,,2023-10-23,2023-11-07,华泰证券股份有限公司,,每个工作日开放申购，每周第二个工作日开放赎回,否,1%,,持有期小于180 天，赎回费 0.3%；持有期大等于180 天，赎回费 0%,0.95,,0.9,0.01,A 类份额：0%，B 类份额：1%,0.01%,0.01%,20%,0-5亿元,P1023272
团队跟踪,鑫义熊猫3号私募证券投资基金,SABH45,鑫义熊猫3号私募证券投资基金,SABH45,上海鑫义股权投资,,2023-09-19,2023-09-22,中信证券股份有限公司,,,否,,,,,,,0,,,,,0-5亿元,P1007984
团队跟踪,石锋资产知量贝塔1号私募证券投资基金,SABK72,石锋资产知量贝塔1号私募证券投资基金,SABK72,上海石锋资管,,2023-09-26,2023-09-26,中信证券股份有限公司,郭锋、骆佩杰,,否,,,,,,,0,,,,,20-50亿元,P1021826
团队跟踪,坤望量化优选2号私募证券投资基金,SABN12,坤望量化优选2号私募证券投资基金,SABN12,上海坤望,,2023-10-13,2023-10-26,国泰君安证券股份有限公司,,每周周三、周四，遇非交易日取消,可临开赎回,0%,,持有期小于180天，赎回费率为1%；持有期大等于180天，赎回费率为0%。赎回费归私募基金管理人所有,,无,,0.01,A类份额：0%，B类份额：1%，C类份额：1%,0.015%,0.015%,A类份额：0%，B类份额：20%，C类份额：16%,20-50亿元,P1072723
团队跟踪,简文赤焰私募证券投资基金,SABQ11,简文赤焰私募证券投资基金,SABQ11,上海简文,,2023-10-26,2023-11-17,国泰君安证券股份有限公司,,每周周五,否,0%,,0%,,,,0,,,,当R>6%时，对超出6%的持有期差额收益按50%比例进行计提,10-20亿元,P1022166
团队跟踪,博孚利涵盈19号私募证券投资基金,SABQ22,博孚利涵盈19号私募证券投资基金,SABQ22,厦门博孚利资管,,2023-11-03,2023-11-08,国投证券股份有限公司,,每个工作日,否,1%,1万元起,份额持有期限低于【180】天，【1】%；份额持有期在【180】天及以上的为【0】%。,,无,,0.01,（暂停中）,0.01%,0.01%,不收取,50-100亿元,P1023120
团队跟踪,量道cta致远1号私募证券投资基金,SABQ52,量道cta致远1号私募证券投资基金,SABQ52,深圳量道投资,,2023-10-12,2023-10-23,兴业证券股份有限公司,,每个开放日,否,A类份额:1%，B类份额:0%。,1 万元的整数倍,A类份额:1%，B类份额:0%。,,无,,0.01,A类份额:1.00%，B类份额:0%。 A类份额：除B类基金份额持有人以外的其他合格投资者。 B类份额：管理人、管理人内部员工以及管理人发行的产品。,0.01％/年,0.01％/年,"A类份额：
计提方法：单个投资者单笔高水位净值法。
计提基准日：赎回申请日、基金清算日、财产分配权益登记日、固定结算日（每自然年度6月最后一个交易日。）
计提比例：20%。
B类份额：不计提业绩报酬。",100亿元以上,P1016658
团队跟踪,辰元贝塔3号,SABU65,辰元贝塔3号私募证券投资基金,SABU65,广东辰元,,2023-09-27,2023-09-28,招商证券股份有限公司,,每周周一、周二、周四和周五,可临开赎回,0%,,1%,0.65,无,0.6,0.01,A类份额：2%，B类份额：0%，C类份额：0%，D类份额：1%,0.015%,0.015%,20%,20-50亿元,P1074301
团队跟踪,博孚利泓帆1号FOF私募证券投资基金,SABU71,博孚利泓帆1号FOF私募证券投资基金,SABU71,厦门博孚利资管,,2023-11-03,2023-11-08,中国银河证券股份有限公司,,每个工作日,否,0%,,0%,0.97,无,0.95,0.002,,0.015%,0.015%,对年化收益率大于4.5%以上部分提取20%作为业绩报酬。,50-100亿元,P1023120
团队跟踪,君信汇富一号,SABV41,君信汇富一号私募证券投资基金,SABV41,福建君信,,2023-10-20,2023-11-14,广发证券股份有限公司,,每周周二、周三,否,0%,1万元起,0%,,,,0.002,,0.05%,0.05%,对基金份额持有人的收益部分提取固定比例30%作为业绩报酬,0-5亿元,P1026926
团队跟踪,量道行远5号私募证券投资基金,SABV59,量道行远5号私募证券投资基金,SABV59,深圳量道投资,,2023-09-28,2023-10-09,兴业证券股份有限公司,,本基金自成立之日起每个交易日开放申购赎回。,否,0%,1万元起,0%,0.7,无,0.6,0.01,,0.015,0.015,"1）采用单个投资者单笔高水位净值法，计提比例20%；
2）计提时点为赎回日、基金终止日、分红日、固定结算日（每年12月第4个周五）",100亿元以上,P1016658
团队跟踪,鸣石ETF尊享19号量化私募证券投资基金,SABW32,鸣石ETF尊享19号量化私募证券投资基金,SABW32,上海鸣石,,2023-12-12,2023-12-28,长江证券股份有限公司,,,否,,,,,,,0,,,,,100亿元以上,P1005659
团队跟踪,铭跃行远均衡专享六号私募证券投资基金,SABW58,铭跃行远均衡专享六号私募证券投资基金,SABW58,上海铭跃,,2023-11-03,2023-11-08,国泰君安证券股份有限公司,,每周周三、周四,可临开赎回,1%,1万元起,持有期小于 180 天，赎回费率为 1%；持有期大等于180 天，赎回费率为0%,0.85,无,0.8,0.02,,0.005%,0.005%,对超过上次成功计提基准日基金份额累计净值部分按 20%比例进行计提,50-100亿元,P1073580
团队跟踪,乐水逸舟指数增强一号,SABW91,乐水逸舟指数增强一号私募证券投资基金,SABW91,北京乐水,,2023-10-11,2023-10-19,国泰君安证券股份有限公司,,每个交易日,否,0%,,0%,,无,,0.01,,0.015%,0.015%,"计提基准B=期间沪深300指数年化收益率。
当0%<R -B时，对超出业绩报酬计提基准部分提取20%的业绩报酬",50-100亿元,P1074548
团队跟踪,量道追风1号,SABX12,量道追风1号私募证券投资基金,SABX12,深圳量道投资,,2023-11-02,2023-11-07,兴业证券股份有限公司,,每个交易日,否,A类份额:1%，B类份额:0%。,1 万元的整数倍,A类份额：<90天为0.5%，>=90天为0%，赎回费不得减免，归基金资产。B类份额：0%。,,无,,0.01,A类份额:1.00%，B类份额:0%。 A类份额：除B类份额持有人以外的其他合格投资者。 B类份额：管理人、管理人从业人员以及管理人发行的产品、管理人担任投顾的产品。,0.015%/年,0.015%/年,"A类份额：
计提方式：单客户单笔份额高水位法。
计提时点：赎回日、财产分配权益登记日、基金终止日。
计提比例：18%。
B类份额：不计提业绩报酬。",100亿元以上,P1016658
团队跟踪,博孚利宝瑞2号私募证券投资基金,SACA02,博孚利宝瑞2号私募证券投资基金,SACA02,厦门博孚利资管,,2023-10-18,2023-11-09,华泰证券股份有限公司,,每个交易日,否,0%,1万元起,0%,,无,,0.003,每年不低于10万元,0.015%,0.015%,不计提业绩报酬,50-100亿元,P1023120
团队跟踪,交叉智能-启元一号,SACA15,交叉智能-启元一号私募证券投资基金,SACA15,北京交叉智能,,2023-10-25,2023-10-30,国元证券股份有限公司,,,否,,,,,,,0,,,,,5-10亿元,P1073650
团队跟踪,致达安泰私募证券投资基金,SACA55,致达安泰私募证券投资基金,SACA55,广东致达,,2024-04-30,2024-05-28,国投证券股份有限公司,,本基金固定开放日为基金成立之后的每周周三，如遇非交易日，则顺延至下一交易日。,可临开赎回,本基金申购费率为【0.5】%。募集机构有权对投资者的申购费进行减免，申购费归募集机构所有,无,本基金份额持有期限低于【90】天的，赎回费率为【2】%，基金份额持有期在【90】天及以上且低于 365 天的赎回费率为【1】%，基金份额持有期在【365】天及以上的，赎回费率为【0】%。【管理人】有权对投资者的赎回费进行减免，赎回费归【管理人】所有。,0.85,无,0.8,0,2%,0.035%,0.015%,"业绩报酬计提的条件为（R 为年化收益率）：
当 0%<R -B≤【20%】时，对超出业绩报酬计提基准部分提取【20%】的业绩报酬，即 E=K×T1×（R-B）×T/365×【20%】；
当【20%】<R-B 时，对超出业绩报酬计提基准部分分段提取【20%】和【60%】的业绩报酬，即 E=K×T1×（R-B -0.2）×T/365×【60%】+ K×T1×0.2×T/365×【20%】；
当 R-B ≤【0% 】时，不提取业绩报酬。",10-20亿元,P1072465
团队跟踪,磐松多空对冲7号私募证券投资基金,SACB41,磐松多空对冲7号私募证券投资基金,SACB41,上海磐松,,2023-10-13,2023-11-20,广发证券股份有限公司,,"每日
（预约赎回T－10）",否,0,,"少于90天，1%
少于180天,0.5%
少于365天,0.25%
归基金",,,,0,,,,20%,100亿元以上,P1074204
团队跟踪,嘉懿悠月私募证券投资基金,SACD55,嘉懿悠月私募证券投资基金,SACD55,上海嘉懿萃,,2023-10-20,2023-11-09,国泰君安证券股份有限公司,刘洋军,,否,,,,,,,0,,,,,50-100亿元,P1073454
团队跟踪,涵德淳德量化1号私募证券投资基金,SACD73,涵德淳德量化1号私募证券投资基金,SACD73,北京涵德投资,,2023-10-23,2023-10-27,国泰君安证券股份有限公司,,,否,,,,,,,0,,,,,50-100亿元,P1001739
团队跟踪,钧誉酬勤量化13号私募证券投资基金,SACF02,钧誉酬勤量化13号私募证券投资基金,SACF02,珠海钧誉资管,,2023-10-26,2023-10-31,国泰君安证券股份有限公司,,,否,,,,,,,0,,,,,0-5亿元,P1068716
团队跟踪,锐泽若水1号私募证券投资基金,SACF37,锐泽若水1号私募证券投资基金,SACF37,杭州锐泽,,2023-10-17,2023-11-01,华泰证券股份有限公司,,每个工作日,否,0%,,180天内1%,,无,,0.01,A类份额：1%,0.01%,0.01%,20%,10-20亿元,P1074623
团队跟踪,千衍六贞1号私募证券投资基金,SACG52,千衍六贞1号私募证券投资基金,SACG52,上海千衍,,2023-10-23,2023-10-26,国泰君安证券股份有限公司,,"本基金无封闭期。 
本基金的申购开放日为基金成立之后的每个交易日。 
本基金的赎回开放日为基金成立之后的每周周三，如遇非交易日，则顺延至下一交易日。
申购及赎回安排请提前一个工作日告知。",否,,以1万元递增,,,0,,0.01,,0.025%,0.025%,16%,100亿元以上,P1009640
团队跟踪,瑞鼎佳盈1号私募证券投资基金,SACH25,瑞鼎佳盈1号私募证券投资基金,SACH25,福建东方瑞鼎资管,,2023-10-20,2023-10-30,兴业证券股份有限公司,,每周周三,否,1.5%,,1.5%,0.85,,0.7,0.01,,0.015％,0.015％,30%,0-5亿元,P1034820
团队跟踪,衍复小市值指数增强二号私募证券投资基金,SACH48,衍复小市值指数增强二号私募证券投资基金,SACH48,上海衍复投资,,2023-10-25,2023-10-30,招商证券股份有限公司,,每周周一,否,0%,,A类份额：0%。B类份额：持有期小于12个月，赎回费率为1%；持有期大等于12个月，赎回费率为0%,,,,0,A类份额：0%，B类份额：1%（服务费：0.015%）,0.015%,,A类份额：0%。B类份额：当 R>0％时，对超过 0%的收益部分提取20%的业绩报酬,100亿元以上,P1070325
团队跟踪,锐泽长风1号私募证券投资基金,SACK14,锐泽长风1号私募证券投资基金,SACK14,杭州锐泽,,2023-11-06,2023-11-09,华泰证券股份有限公司,,每个交易日,否,0%,,A类份额：持有期小于180天，赎回费率为1%；持有期大等于180天，赎回费率为0%。B类份额：0%,,无,,0.01,A类份额：1%，B类份额：0%,0.01%,基金服务费0.01%,A类份额：“单客户单笔份额高水位法”：当基金份额赎回、基金终止或分红时，管理人将提取赎回份额或分红份额当期收益的20%作为业绩报酬。,10-20亿元,P1074623
团队跟踪,财通证券资管智选FOF22号单一资产管理计划,SACL66,财通证券资管智选FOF22号单一资产管理计划,SACL66,,,2018-01-05,,,,,否,,,,,,,0,,,,,,
团队跟踪,进化论多棱镜中证1000指数增强私募证券投资基金,SACM99,进化论多棱镜中证1000指数增强私募证券投资基金,SACM99,海南进化论,,2023-11-29,2023-12-07,国泰君安证券股份有限公司,,每周最后一个交易日,否,A类：0.00%          B类：1.00%，可减免       C类：0.00%,,A类：0.00%          B类：          0-365天：1.00% 365天以上：0.00%   C类：0.00%,,无,,0,A类：1.00%          B类：1.50%   C类：0.00%,0.01%,0.01%,"A类：18.00%          B类：20.00% C类：0.00%
",100亿元以上,P1006079
团队跟踪,创世纪顾锝新锐1号,SACQ68,创世纪顾锝新锐1号私募证券投资基金,SACQ68,上海顾锝,,2023-11-08,2023-11-27,中信证券股份有限公司,杨雪清,每周周二,可临开赎回,0%,,0%,0.88,6个月,0.85,0.015,A类份额：1.5%，B类份额：0.2%,0.04%,,A类份额：对期间年化收益率超过 0%以上且在 20%以下（含）的部分按照比例 20%收取业绩报酬，对期间年化收益率在20%以上的部分按照比例 30%收取业绩报酬。B类份额不计提业绩报酬。,10-20亿元,P1064314
团队跟踪,敦和芝诺多资产量化1号,SACS06,敦和芝诺多资产量化1号私募证券投资基金,SACS06,敦和资管,,2023-11-10,2023-11-13,中信证券股份有限公司,,每周周二,否,,10万元起,,,无,,0.015,A类份额：1.5%,0.015%,0.015%,采用单个投资者单笔投资高水位净值法，A类份额：持有人赎回、基金分红或终止清时，基金管理人对超过上一次成功计提业绩报酬日A类基金份额累计净值部分按20%比例提取业绩报酬。B类份额：不计提业绩报酬。,100亿元以上,P1000501
团队跟踪,广金美好高林壹号FOF私募证券投资基金,SACS26,广金美好高林壹号FOF私募证券投资基金,SACS26,广东横琴广鑫美好,,2023-11-27,2023-11-27,华福证券股份有限公司,,,否,,,,,,,0,,,,,50-100亿元,P1033731
团队跟踪,微观博易-宝途二号私募证券投资基金,SACS58,微观博易-宝途二号私募证券投资基金,SACS58,北京微观博易,,2024-01-19,2024-01-24,财通证券股份有限公司,,,否,,,,,,,0,,,,,100亿元以上,P1031932
团队跟踪,尚郡甜圈九号私募证券投资基金,SACS62,尚郡甜圈九号私募证券投资基金,SACS62,上海尚郡投资,,2023-11-27,2024-01-08,国泰君安证券股份有限公司,,每周一周二,否,0%,,0%，归基金资产,,无,,0.01,,,,20%,0-5亿元,P1063221
团队跟踪,长信基金-私享CTA5号,SACU66,长信基金-私享CTA5号集合资产管理计划,SACU66,长信基金管理,,2023-11-09,2023-11-14,广发证券股份有限公司,,每周周一、周三、周五,否,0%,1万元起,0%,0.85,,0.8,0.015,,,,0%以上计提20%,,PT0100000026
团队跟踪,弈倍白鲨中证2000指数增强1号私募证券投资基金,SACU98,弈倍白鲨中证2000指数增强1号私募证券投资基金,SACU98,上海弈倍,,2023-11-07,2023-11-07,中信证券股份有限公司,,,否,,,,,,,0,,,,,20-50亿元,P1061585
团队跟踪,康睿德塔量化CTA复合1号私募证券投资基金,SACV98,康睿德塔量化CTA复合1号私募证券投资基金,SACV98,佛山康睿,,2023-11-13,2023-11-20,国泰君安证券股份有限公司,杨阳,,否,,,,,,,0,,,,,0-5亿元,P1072339
团队跟踪,无隅磐石五号私募证券投资基金,SACW48,无隅磐石五号私募证券投资基金,SACW48,北京无隅资产,,2023-11-08,2023-11-16,国泰君安证券股份有限公司,杨志诚,每个交易日,否,1%,1万元,份额持有期低于365天赎回费为1%，365天以上为0,0.9,无,0.85,0.01,,0.01%,0.01%,阶段提取，对小于等于10%的收益，按15%比例提取业绩报酬，对大于10%的收益，按20%比例提取业绩报酬,0-5亿元,P1067114
团队跟踪,蒙玺万得小市值指数量化1号私募证券投资基金,SACW59,蒙玺万得小市值指数量化1号私募证券投资基金,SACW59,上海蒙玺投资,,2023-11-15,2023-11-20,国信证券股份有限公司,,,否,,,,,,,0,,,,,100亿元以上,P1063294
团队跟踪,量道御风1号私募证券投资基金,SACZ70,量道御风1号私募证券投资基金,SACZ70,深圳量道投资,,2023-11-02,2023-11-10,兴业证券股份有限公司,,每自然月第10个自然日为开放日。如该对应日为非工作日，则开放日为该日后的第一个工作日。,可临开申购,1%,每次追加申购的最低金额为10万元人民币。,0,,成立后180天（已结束）。,,0.01,,0.015/年,0.015/年,"1）采用单个投资者单笔高水位净值法，计提比例25%；
2）计提时点为赎回日、基金终止日、分红日、固定结算日（每年6月最后一个交易日）
",100亿元以上,P1016658
团队跟踪,君得安星牛1号私募证券投资基金,SACZ75,君得安星牛1号私募证券投资基金,SACZ75,上海君得安私募,,2023-11-03,2023-11-08,国泰君安证券股份有限公司,,每周周二、周三,否,0%,,持有期小于90天，赎回费率为0.8%；持有期大等于90天，赎回费率为0%,,,,0.008,,0.1%/年,0.1%/年,"计提基准(B)=年化收益5%，持有期年化收益（R)
持有期年化收益（R)≤5%，0%
0%＜R-B≤25%，10%
R-B＞25%，25%以内计提10%，25%以上计提30%",5-10亿元,P1075075
团队跟踪,铭跃行远均衡专享一号,SACZ81,铭跃行远均衡专享一号私募证券投资基金,SACZ81,上海铭跃,,2023-11-09,2023-11-15,招商证券股份有限公司,,每周周二、周五,否,0%,1万元起,0%,0.85,,0.8,0.01,,,,单客户高水位，计提25%,50-100亿元,P1073580
团队跟踪,红猫量化中性一号私募证券投资基金,SADB17,红猫量化中性一号私募证券投资基金,SADB17,广州红猫,,2023-11-03,2023-11-03,华泰证券股份有限公司,,,否,,,,,,,0,,,,,10-20亿元,P1030229
团队跟踪,正仁潮汐300一号,SADB61,正仁潮汐300一号私募证券投资基金,SADB61,海南正仁,,2023-11-17,2023-11-22,国投证券股份有限公司,,【每个交易日】为固定开放日,否,,,持有低于【365】天的，赎回费率为【1】%，【365】天及以上的赎回费率为【0】%,,无,,0.015,,0.0356%,0.015%,"基金投资者赎回时、基金分红时、基金到期时计提；计提比例20%。
",50-100亿元,P1071301
团队跟踪,坤望专享11号私募证券投资基金,SADC60,坤望专享11号私募证券投资基金,SADC60,上海坤望,,2023-11-16,2023-11-24,国泰君安证券股份有限公司,,,否,,,,,,,0,,,,,20-50亿元,P1072723
团队跟踪,熙典基金布赫拉迪3号私募证券投资基金,SADD25,熙典基金布赫拉迪3号私募证券投资基金,SADD25,厦门熙典,,2024-04-26,2024-05-10,国泰君安证券股份有限公司,,周开，2天,否,,,,,,,0,,,,,5-10亿元,P1072232
团队跟踪,双安优选2号,SADD39,双安优选2号私募证券投资基金,SADD39,南京双安资管,,2023-11-14,2023-11-14,华泰证券股份有限公司,,,否,,,,,,,0,,,,,100亿元以上,P1007860
团队跟踪,双安优选4号,SADD43,双安优选4号私募证券投资基金,SADD43,南京双安资管,,2023-11-14,2023-11-14,华泰证券股份有限公司,,,否,,,,,,,0,,,,,100亿元以上,P1007860
团队跟踪,哈希可转债量化对冲1号E类私募证券投资基金,SADE72,哈希浩然一号私募证券投资基金,SADE72,海南哈希,,2023-12-05,2023-12-11,浙商证券股份有限公司,,,否,,,,,,,0,,,,,10-20亿元,P1073980
团队跟踪,托特沪深300指数增强2号私募证券投资基金,SADF37,托特沪深300指数增强2号私募证券投资基金,SADF37,三亚托特,,2023-12-18,2024-01-05,中信建投证券股份有限公司,,,否,,,,,,,0,,,,,100亿元以上,P1073258
团队跟踪,积沐发现者,SADH15,积沐发现者私募证券投资基金,SADH15,上海积沐,,2024-03-25,2024-04-11,国泰君安证券股份有限公司,,,否,,,,,,,0,,,,,10-20亿元,P1074664
团队跟踪,无涯中证1000指数增强1号私募证券投资基金,SADH56,无涯中证1000指数增强1号私募证券投资基金,SADH56,上海无涯,,2024-09-30,2024-10-22,国泰君安证券股份有限公司,,每周第1、第2个交易日,可临开赎回,A类份额：0%，B类份额：1%,,持有期小于90天，赎回费率为0.5%；持有期大等于90天，赎回费率为0%,,无,,0.015,A类份额：0%，B类份额：1.5%,0.015%,0.015%,"A类份额：不计提业绩报酬。
B类份额：计提基准B=【期间中证1000指数年化收益率】计提比例20%",10-20亿元,P1071391
团队跟踪,坤望量化选股3号私募证券投资基金,SADH67,坤望量化选股3号私募证券投资基金,SADH67,上海坤望,,2023-11-15,2023-11-24,国泰君安证券股份有限公司,,,否,,,,,,,0.001,,,,0.1+0,20-50亿元,P1072723
团队跟踪,量道顺风6号私募证券投资基金,SADJ79,量道顺风6号私募证券投资基金,SADJ79,深圳量道投资,,2023-11-20,2023-11-23,兴业证券股份有限公司,,每个交易日,否,0%,1万元的整数倍,1%,,无,,0.01,,0.015%/年,0.015%/年,"1、计提方式：年化收益率法。
2、业绩报酬计提基准日：赎回申请日、本基金清算日
3、计提比例：当且仅当单个基金份额持有人单笔投资相对于同期中证500指数（基准指数代码：【000905】）的超额年化收益率Re大于0%时（Re =同期基金份额年化收益率–同期中证500指数年化收益率（收盘价计），管理人可按照超额年化收益率Re的60%计提业绩报酬，实际提取值以期间单笔份额对应超额年化收益率8%以上盈利部分为限。",100亿元以上,P1016658
团队跟踪,千衍三涛15号私募证券投资基金,SADM28,千衍三涛15号私募证券投资基金,SADM28,上海千衍,,2023-11-15,2023-11-20,中信证券股份有限公司,,,否,,,,,,,0,,,,,100亿元以上,P1009640
团队跟踪,量道明享3号私募证券投资基金,SADM92,量道明享3号私募证券投资基金,SADM92,深圳量道投资,,2024-02-28,2024-03-07,浙商证券股份有限公司,,每个交易日,否,0,1万元的整数倍,0,0.96,无,0.94,0.01,,0.01%/年,0.01%/年,"1）计提方式：采用单个投资者单笔高水位净值法。
2）计提时点：赎回日、基金终止日、分红日、固定结算日（每年最后一个交易日）。
3）计提比例：20%。",100亿元以上,P1016658
团队跟踪,坤望信享1号私募证券投资基金,SADN06,坤望信享1号私募证券投资基金,SADN06,上海坤望,,2023-11-27,2023-12-05,中信证券股份有限公司,,,否,,,,,,,0,,,,,20-50亿元,P1072723
团队跟踪,富犇前景套利三号私募证券投资基金,SADN34,富犇前景套利三号私募证券投资基金,SADN34,上海富犇投资,,2023-11-30,2023-12-14,中信建投证券股份有限公司,,,否,,,,,,,0,,,,,5-10亿元,P1025359
团队跟踪,烁菓顺兴添利1号私募证券投资基金,SADN50,烁菓顺兴添利1号私募证券投资基金,SADN50,福州烁菓,,2023-11-27,2023-12-05,中信建投证券股份有限公司,,,否,,,,,,,0,,,,,0-5亿元,P1017468
团队跟踪,正仁多资产一号私募证券投资基金,SADN92,正仁多资产一号私募证券投资基金,SADN92,海南正仁,,2023-11-23,2023-12-05,国泰君安证券股份有限公司,,,否,,,,,,,0,,,,,50-100亿元,P1071301
团队跟踪,香橙资本传承聚配,SADN93,香橙资本传承聚配私募证券投资基金,SADN93,深圳香橙资管,,2023-11-21,2023-11-27,中信证券股份有限公司,,,否,,,,,,,0,,,,,10-20亿元,P1069428
团队跟踪,钰泰水晶添利1号私募证券投资基金,SADS72,钰泰水晶添利1号私募证券投资基金,SADS72,海南钰泰,,2023-11-29,2023-12-13,东方证券股份有限公司,,每周一三四,否,,,,0.8,,0.75,0,,0.01,0.01,,10-20亿元,P1074282
团队跟踪,雸昇沃土一号私募证券投资基金,SADT51,雸昇沃土一号私募证券投资基金,SADT51,杭州雸昇资管,,2023-11-22,2023-12-01,国泰君安证券股份有限公司,,,否,,,,,,,0,,,,,5-10亿元,P1064624
团队跟踪,博孚利西海机智对冲三号私募证券投资基金,SADT73,博孚利西海机智对冲三号私募证券投资基金,SADT73,厦门博孚利资管,,2023-12-12,2023-12-28,浙商证券股份有限公司,,每个交易日,否,0%,1万元,0%,0.95,封闭式,0.93,0.01,,0.01%,0.01%,不提取业绩报酬,50-100亿元,P1023120
团队跟踪,明晟东诚创新成长2号私募证券投资基金,SADU23,明晟东诚创新成长2号私募证券投资基金,SADU23,北京明晟东诚,,2023-11-21,2023-11-21,浙商证券股份有限公司,,"本基金开放日为本基金成立之日后【每周一】（如遇非交易日，则顺延至之后的第一个交易日）。
基金投资者可在本基金开放日申购和赎回本基金，但基金管理人根据法律法规、中国证监会的要求或本合同的规定公告暂停申购、赎回时除外。",否,0%,10000.00,本基金的对B类份额不收取赎回费；对A类份额收取赎回费。0天<T＜30天，1%；30天≤T＜60天，0.5%；60天≤T，0%。,,,,0,A类份额，1%/年；B类份额，0%/年,0.025%,,"本基金对B类份额不提取业绩报酬，仅对A类份额提取业绩报酬（如无特别说明，本“业绩报酬”项下关于计提业绩报酬的表述中的“投资者”、“基金份额持有人”及“基金份额”均指“A类基金份额持有人”及“A类基金份额”），A类基金份额的业绩报酬的计提方式如下：① 业绩报酬的提取时间基金管理人将根据高水位净值法对单个基金份额持有人单笔投资基金份额在【收益分配时、赎回基金份额时、基金终止时】（以下简称为“计提日”）分别提取业绩报酬。本基金业绩报酬计提基准日（以下简称“计提基准日”）分为【收益分配基准日、赎回申请对应的开放日、基金终止日】。连续两次计提业绩报酬的时间间隔不低于6个月，投资者赎回基金份额时或基金清算时计提报酬的情况除外。当Ri,j≤【5%】时，不计提业绩报酬；当Ri,j＞【5%】时，基金管理人对期间年化收益率超过【5%】的部分提取【15%】作为业绩报酬",10-20亿元,P1071727
团队跟踪,千衍六贞15号私募证券投资基金,SADU30,千衍六贞15号私募证券投资基金,SADU30,上海千衍,,2024-11-11,2024-11-14,招商证券股份有限公司,,每周周二、周三,否,0%,1万元起,持有期小于3个月，赎回费率0.5%；持有期大等于3个月，赎回费率0%,,无,,0.01,A类份额：0%；B类份额：1%,0.015%,0.015%,"A类份额：无业绩报酬；
B类份额：在分红、赎回、终止、固定时点（每年12月的最后一个固定开放日）时，若持有期年化收益率小于等于0%，则不计提业绩报酬；若持有期年化收益率大于0%，则管理人对超出部分按16%的比例提取业绩报酬。",100亿元以上,P1009640
团队跟踪,顽岩中证1000指数增强1号,SADU67,顽岩中证1000指数增强1号私募证券投资基金,SADU67,上海顽岩,,2023-11-24,2023-11-29,国泰君安证券股份有限公司,,申购：每个工作日；赎回：每周三,否,0%,1万元起,持有期小于12个月，赎回费率为1%；持有期大等于12个月，赎回费率为0%,,无,,0.01,,0.025%,0.025%,采用单人单笔高水位法，业绩报酬的计提基准日：投资者赎回日、固定日（每年 5 月和 11 月的第二个周五，顺延）、分红权益登记日、基金清算日。按照对标中证 1000 指数业绩基准超额部分计提20%,100亿元以上,P1034708
团队跟踪,广金美好康德云享一号私募证券投资基金,SADU68,广金美好康德云享一号私募证券投资基金,SADU68,广东横琴广鑫美好,,2023-12-08,2023-12-13,国泰君安证券股份有限公司,,,否,,,,,,,0,,,,,50-100亿元,P1033731
团队跟踪,和顿凯瑞5号私募证券投资基金,SADV67,和顿凯瑞5号私募证券投资基金,SADV67,宁波和顿投资,,2023-11-22,2023-11-30,招商证券股份有限公司,,,否,,,,,,,0,,,,,0-5亿元,P1020094
团队跟踪,君得安新利1号,SADW09,君得安新利1号私募证券投资基金,SADW09,上海君得安私募,,2023-11-27,2023-11-30,招商证券股份有限公司,,,否,,,,,,,0,,,,,5-10亿元,P1075075
团队跟踪,兴业熙典贵金属,SADY19,兴业熙典贵金属私募证券投资基金,SADY19,厦门熙典,,2023-11-28,2023-12-05,招商证券股份有限公司,,每周周二,可临开赎回,0%,1万元起,0%,,,,0.007,A类份额：0.7%；B类份额：0.5%,0.01%（投资顾问费：A类份额：0.7%；B类份额：0.5%）,0.01%,单客户单笔份额高水位法，计提20%。（其中，A类份额按照70%归属管理人，30%归属投资顾问的比例分别支付；B类份额按照50%归属管理人，50%归属投资顾问的比例分别支付，托管人不复核该分成比例）,5-10亿元,P1072232
团队跟踪,宁波溢锋闪闪一号,SADZ77,宁波溢锋闪闪一号私募证券投资基金,SADZ77,宁波溢锋,,2023-12-05,2023-12-12,中信证券股份有限公司,项永杰,每个工作日,否,0%,-,0%，归基金资产,0.95,-,0.92,0.01,,0.02%,0.02%,当期间年化收益率大于等于【7】%时，对所有收益按照【30】%的比例收取业绩报酬,10-20亿元,P1063867
团队跟踪,量宇中性进取1号私募证券投资基金,SAEA70,量宇中性进取1号私募证券投资基金,SAEA70,上海量宇,,2023-11-24,2023-11-24,招商证券股份有限公司,,,否,,,,,,,0,,,,,20-50亿元,P1064318
团队跟踪,崇盛常青科技一号,SAEC00,崇盛常青科技一号私募证券投资基金,SAEC00,安徽崇盛投资,,2023-11-30,2023-12-25,国泰君安证券股份有限公司,,每周最后一个交易日,否,0%,,0%,0.87,,0.85,0.01,,0.025%,0.025%,"计提基准为年化 5%。
计提基准日：投资者赎回日、分红权益登记日、基金清算日。
对超出业绩报酬计提基准的持有期差额收益按 40%比例进行计提。",0-5亿元,P1002943
团队跟踪,和熙丰阜期权对冲1号私募证券投资基金,SAEH23,和熙红阳1号私募证券投资基金,SAEH23,浙江和熙资管,,2024-01-08,2024-01-31,中信建投证券股份有限公司,,,否,,,,,,,0,,,,,0-5亿元,P1033444
团队跟踪,远和鑫安3号私募证券投资基金,SAEH85,远和鑫安3号私募证券投资基金,SAEH85,杭州远和,,2023-12-29,2023-12-29,国泰君安证券股份有限公司,,,否,,,,,,,0,,,,,50-100亿元,P1074945
团队跟踪,广联宏流风回雪私募证券投资基金,SAEJ80,广联宏流风回雪私募证券投资基金,SAEJ80,海南广联宏,,2024-01-12,2024-01-26,华福证券股份有限公司,,每个交易日,否,0%,1万元起,0%,0.9,无,0.8,0.005,,,,业绩比较基准6%，单笔份额业绩（绝对值）超过比较基准，在赎回、分红、清算日计提，超过6%的收益部分，计提比例50%。,5-10亿元,P1072844
团队跟踪,广联宏星月神话稳健2号私募证券投资基金,SAEJ81,广联宏星月神话稳健2号私募证券投资基金,SAEJ81,海南广联宏,,2024-01-15,2024-01-29,华福证券股份有限公司,,每个交易日,否,0%,1万元起,0%，归基金资产,0.9,无,0.8,0.015,,0.02%,0.02%,从前一次业绩报酬计提日（若无则为份额参与本基金日）至本次业绩报酬基准日，若基金单位份额年化收益率 R 小于或等于 0%时，管理人不提取业绩报酬；若基金单位份额年化收益率 R 大于 0%，管理人对 0%至 10%（含）部分提取 20%作为业绩报酬，对大于 10%的部分提取 30%作为业绩报酬。,5-10亿元,P1072844
团队跟踪,广联宏长青树2号,SAEJ83,广联宏长青树2号私募证券投资基金,SAEJ83,海南广联宏,,2024-05-09,2024-05-14,招商证券股份有限公司,,每周周三、周四,否,0%,1万元起,持有期小于 3 个月，赎回费率 0.5%，违约赎回费不允许减免；持有期大等于 3个月，赎回费率0%。赎回费归本基金资产所有,0.92,,0.9,0.01,,0.01%,0.01%,"年化收益大于 0%时，管理人提取超过年化收益 0%盈利部分的 20%作为业绩报酬。
业绩报酬提取时点分为固定时点提取（每自然年最后一个固定开放日）、分红时提取、赎回时提取和合同终止时提取。",5-10亿元,P1072844
团队跟踪,青琰琰海二号私募证券投资基金,SAEK26,青琰琰海二号私募证券投资基金,SAEK26,上海青琰,,2023-12-19,2023-12-26,中信证券股份有限公司,,每周周一、周三，每个自然季度末月（即3月、6月、9月、12月）最后一个工作日,否,1%,,持有期小于180天，赎回费率为1%；持有期大等于180天，赎回费率为0%,0.9,无,0.8,0.01,B类份额：0%，A类份额：1%,0.01%,0.01%,"A类份额：管理人将根据委托人每笔投资的期间年化收益率（R），对期间年化收益率超过0%以上部分按照50%的比例收取业绩报酬。
B类份额不计提业绩报酬。",20-50亿元,P1073943
团队跟踪,毅润全A选股01私募证券投资基金,SAEK49,毅润全A选股01私募证券投资基金,SAEK49,晋江毅润,,2024-01-05,2024-01-25,中信建投证券股份有限公司,,,否,,,,,,,0,,,,,0-5亿元,P1072149
团队跟踪,省心享-华泰WEFUND定制FOF100号单一资产管理计划,SAEL20,省心享-华泰WEFUND定制FOF100号单一资产管理计划,SAEL20,,,2018-01-05,,华泰证券股份有限公司,,周一、三、五,否,,,,0.7,,0.6,0.0065,,0.01%,,没有业绩报酬,,
团队跟踪,巨量均衡小微沧海九号,SAEL58,巨量均衡小微沧海九号私募证券投资基金,SAEL58,珠海巨量均衡,,2023-12-25,2024-01-18,国泰君安证券股份有限公司,,,否,,,,,,,0,,,,,5-10亿元,P1072577
团队跟踪,量道福兴1号私募证券投资基金,SAEL62,量道福兴1号私募证券投资基金,SAEL62,深圳量道投资,,2023-12-05,2023-12-11,兴业证券股份有限公司,,每个交易日,否,0,1万元的整数倍,0,,无,,0.01,,0.035％/年,0.035％/年,"1、计提方式：单客户单笔份额高水位法。
2、业绩报酬计提基准日：赎回申请日、财产分配权益登记日、基金清算日。
3、计提比例：当且仅当单个基金份额持有人单笔投资相对于同期中证500指数（基准指数代码：【000905】）的超额年化收益率Re大于0%时（Re =同期基金份额年化收益率–同期中证500指数年化收益率（收盘价计），管理人可按照超额年化收益率Re的20%计提业绩报酬，实际提取值以期间单笔份额对应的正收益部分与对应超额年化收益率7%以上盈利部分的孰低值为限。",100亿元以上,P1016658
团队跟踪,川砺稳健七号私募证券投资基金,SAEN49,川砺稳健七号私募证券投资基金,SAEN49,宁波川砺,,2024-05-31,2024-06-05,第一创业证券股份有限公司,,,否,,,,,,,0,,,,,5-10亿元,P1064154
团队跟踪,汇升海鑫5号二期私募证券投资基金,SAEN70,汇升海鑫5号二期私募证券投资基金,SAEN70,江苏苏豪汇升,,2023-12-12,2023-12-12,海通证券股份有限公司,,,否,,,,,,,0,,,,,20-50亿元,P1005918
团队跟踪,翰荣市场中性一号私募证券投资基金,SAEP20,翰荣市场中性一号私募证券投资基金,SAEP20,深圳翰荣,,2023-12-18,2023-12-21,广发证券股份有限公司,,,否,,,,0.9,,0.85,0,,,,,50-100亿元,P1063371
团队跟踪,湘财证券信同FOF1号单一资产管理计划,SAEP82,湘财证券信同FOF1号单一资产管理计划,SAEP82,,,2018-01-05,,,,,否,,,,,,,0,,,,,,
团队跟踪,正定量化对冲1号私募证券投资基金,SAEQ13,正定量化对冲1号私募证券投资基金,SAEQ13,北京正定,,2023-12-07,2023-12-13,招商证券股份有限公司,,,否,,,,,,,0,,,,1%+20%,100亿元以上,P1073791
团队跟踪,衍盛中证1000指数增强建享2号私募证券投资基金,SAEQ57,衍盛中证1000指数增强建享2号私募证券投资基金,SAEQ57,深圳衍盛,,2024-01-12,2024-01-12,国泰君安证券股份有限公司,,,否,,,,,,,0,,,,,50-100亿元,P1004055
团队跟踪,米纳多空对冲1号,SAEQ59,米纳多空对冲1号私募证券投资基金,SAEQ59,横琴米纳资管,,2023-12-13,2023-12-18,国信证券股份有限公司,,,否,,,,,,,0,,,,,0-5亿元,P1069406
团队跟踪,星旭北证量化选股1号私募证券投资基金,SAEQ89,星旭北证量化选股1号私募证券投资基金,SAEQ89,上海星旭佳诚,,2023-12-15,2023-12-26,国泰海通证券股份有限公司,,,否,,,,,,,0,,,,,0-5亿元,P1074699
团队跟踪,上海宽德飞虹13号臻享一期,SAES11,上海宽德飞虹13号臻享一期私募证券投资基金,SAES11,上海宽德,,2024-01-19,2024-01-24,国泰君安证券股份有限公司,,,否,,,,,,,0,,,,,100亿元以上,P1005623
团队跟踪,鲁民投沪深300指数增强一号私募证券投资基金,SAET17,鲁民投沪深300指数增强一号私募证券投资基金,SAET17,鲁民投基金,,2024-01-24,2024-02-06,中信证券股份有限公司,,,否,,,,,,,0,,,,,100亿元以上,P1069017
团队跟踪,昭融行稳3号,SAET78,昭融行稳3号私募证券投资基金,SAET78,武汉昭融汇利,,2023-12-21,2024-01-23,国泰君安证券股份有限公司,,,否,,,,,,,0,,,,,50-100亿元,P1010330
团队跟踪,巨量均衡中证1000进取型指数增强一号私募证券投资基金,SAET88,巨量均衡中证1000进取型指数增强一号私募证券投资基金,SAET88,珠海巨量均衡,,2023-12-18,2024-01-02,国泰君安证券股份有限公司,,,否,,,,,,,0,,,,,5-10亿元,P1072577
团队跟踪,嘉鸿璞真-聚配3号,SAEU36,嘉鸿璞真-聚配3号私募证券投资基金,SAEU36,上海嘉鸿,,2023-12-12,2024-01-02,兴业证券股份有限公司,,每周周三、周四,否,0%,1万元起,"持有期小于90天，赎回费率为1%；持有期大等于90天，赎回费率为0%
",0.92,无,0.9,0.01,,0.025%,0.025%,"年化收益率0%至10%（含）部分提取20%作为业绩报酬；年化收益率大于10%的部分提取40%作为业绩报酬。
计提基准日：基金份额持有人赎回申请日、本基金清算日、财产分配权益登记日、固定结算日（6月和12月倒数第5个交易日）",50-100亿元,P1068812
团队跟踪,骐邦新程多策略稳健私募证券投资基金,SAEW53,骐邦新程多策略稳健私募证券投资基金,SAEW53,上海骐邦投资,,2023-12-13,2023-12-19,招商证券股份有限公司,许劲松,,否,,,,,,,0,,,,,0-5亿元,P1007295
团队跟踪,宝荟航翔私募证券投资基金,SAEW73,宝荟航翔私募证券投资基金,SAEW73,上海宝荟投资,,2023-12-21,2023-12-25,招商证券股份有限公司,,,否,,,,,,,0,,,,,10-20亿元,P1002428
团队跟踪,招商财富-锐选专享6号单一资产管理计划,SAEY18,招商财富-锐选专享6号单一资产管理计划,SAEY18,,,2018-01-05,,招商银行股份有限公司,,,否,,,,,,,0.009,,0.01%,,,,
团队跟踪,国元证券白泽1号FOF集合资产管理计划,SAFA36,国元证券白泽1号FOF集合资产管理计划,SAFA36,国元证券,,2023-12-26,2024-01-02,华泰证券股份有限公司,,每周一、周二（遇非交易日顺延）,可临开赎回,无,无,无,,无,,0.003,,0.01%,,,,10011597
团队跟踪,榕树海有容1号,SAFB82,榕树海有容1号私募证券投资基金,SAFB82,珠海榕树海,,2024-01-04,2024-01-11,国泰君安证券股份有限公司,,每月6、16、26日,否,0%（2024年6月30日或之前申购份额）； 0.5%（2024年6月30日之后申购份额，销售方可减免）,,,,无,,0.01,,0.02%,0.02%,单个投资者单笔高水位，固定提取日为每年3月和9月的最后一个交易，计提20%,20-50亿元,P1074726
团队跟踪,敦钰乐山稳健1号私募证券投资基金,SAFD88,敦钰乐山稳健1号私募证券投资基金,SAFD88,上海敦钰投资,,2024-01-08,2024-01-11,招商证券股份有限公司,,,否,,,,,,,0,,,,,0-5亿元,P1032164
团队跟踪,简文长风1号,SAFF81,简文长风1号私募证券投资基金,SAFF81,上海简文,,2024-01-29,2024-03-25,国泰君安证券股份有限公司,,每周最后一个交易日,否,1%,,持有期小等于92天，赎回费率为1%；持有期大于92天，赎回费率为0%,,无,,0.01,,0.02%,,"单个投资者单笔投资年化收益差额法，当投资者年化收益率小于5.5%时，不计提，年化收益率大于5.5%时，计提5.5%以上部分收益的60%
私募基金原名称为简文稳健5号。",10-20亿元,P1022166
团队跟踪,均成均享1号私募证券投资基金,SAFG53,均成均享1号私募证券投资基金,SAFG53,广东横琴均成,,2024-06-28,2024-07-19,国泰君安证券股份有限公司,,每个交易日,否,,,0%,,无,,0.012,A类份额：0%，B类份额：1.2%,A类份额：0%，B类份额：0.025%,A类份额：0%，B类份额：0.025%,A类份额：不计提；B类份额：计提比例20%，单人单笔高水位,50-100亿元,P1061222
团队跟踪,孝庸魔方汇股票优选一号私募证券投资基金,SAFK11,孝庸魔方汇股票优选一号私募证券投资基金,SAFK11,上海孝庸,,2023-12-29,2023-12-29,招商证券股份有限公司,,每周二周三,否,,,6个月内1%,,无,,0.01,,,,20%,100亿元以上,P1031310
团队跟踪,孝庸中证500指增1号私募证券投资基金,SAFL33,孝庸中证500指增1号私募证券投资基金,SAFL33,上海孝庸,,2023-12-28,2023-12-28,招商证券股份有限公司,,,否,,,,,,,0,,,,,100亿元以上,P1031310
团队跟踪,无隅豆市街1号私募证券投资基金,SAFM47,无隅豆市街1号私募证券投资基金,SAFM47,北京无隅资产,,2024-01-19,2024-02-08,东方证券股份有限公司,,,否,,,,,,,0,,,,,0-5亿元,P1067114
团队跟踪,明睿盈途稳健私募证券投资基金,SAFP38,明睿盈途稳健私募证券投资基金,SAFP38,北京明睿,,2024-01-08,2024-01-15,国泰君安证券股份有限公司,,,否,,,,,,,0,,,,,10-20亿元,P1026157
团队跟踪,龙壹盛安泰私募证券投资基金,SAFQ54,龙壹盛安泰私募证券投资基金,SAFQ54,杭州龙壹盛,,2024-01-24,2024-02-22,华泰证券股份有限公司,,每周周⼆、周四,否,0%,1万元起,2.5%,0.97,,0.95,0.03,,,,60%,10-20亿元,P1074474
团队跟踪,善庆龙山一号,SAFQ88,善庆龙山一号私募证券投资基金,SAFQ88,上海善庆资管,,2024-01-10,2024-01-23,华泰证券股份有限公司,,,否,,,,,,,0,,,,,5-10亿元,P1024263
团队跟踪,澜音美股金选1号私募证券投资基金,SAFR44,澜音美股金选1号私募证券投资基金,SAFR44,上海澜音,,2024-04-09,2024-04-19,招商证券股份有限公司,,不定期开放申购，每周周一、周四开放赎回,否,,,持有期小于3个月，赎回费率为1%；持有期小于3-6个月个月，赎回费率为0.5%,0.85,,0.75,0.015,B类份额(300万及以上)：1.2%；C类份额(300万以下)：1.5%,,,B类份额(300万及以上)：15%；C类份额(300万以下)：20%,0-5亿元,P1072826
团队跟踪,托特悦来街1000指增1号,SAFR53,托特悦来街1000指增1号私募证券投资基金,SAFR53,三亚托特,,2024-03-22,2024-03-27,东方证券股份有限公司,,,否,,,,,,,0,,,,,100亿元以上,P1073258
团队跟踪,鸣瑜500指增1号私募证券投资基金,SAFS62,鸣瑜500指增1号私募证券投资基金,SAFS62,广州鸣瑜,,2024-01-08,2024-01-22,招商证券股份有限公司,,,否,,,,,,,0,,,,,10-20亿元,P1069558
团队跟踪,磐松中盘股指数增强进取1号,SAFV74,磐松中盘股指数增强进取1号私募证券投资基金,SAFV74,上海磐松,,2024-01-22,2024-01-30,华泰证券股份有限公司,,每个交易日,否,0%,,持有期小于90天，赎回费率为1%；持有期大等于90天且小于180天，赎回费率为0.5%；持有期大等于180天且小于365天，赎回费率为0.25%；持有期大等于365天，赎回费率为0%,,无,,0,,无,无,"单个投资者单份额高水位法，同期中证 500 指数收益率计提20%。
计提基准日：在固定时点（每年 2、8 月的第一个交易日）、基金份额持有人赎回基金或者基金终止时进行业绩报酬的提取",100亿元以上,P1074204
团队跟踪,磐松小盘股指数增强进取1号私募证券投资基金,SAFV75,磐松小盘股指数增强进取1号私募证券投资基金,SAFV75,上海磐松,,2024-01-22,2024-01-30,华泰证券股份有限公司,,每日,否,0,,89天1%；189天0.5%；364天0.25%,,无,,0,,,,超额收益提取20%,100亿元以上,P1074204
团队跟踪,黑盒星火进取1号私募证券投资基金,SAFV85,黑盒星火进取1号私募证券投资基金,SAFV85,上海黑盒资管,,2024-01-10,2024-01-23,光大证券股份有限公司,,,否,,,,,,,0,,,,,10-20亿元,P1015117
团队跟踪,野牛稳进2号私募证券投资基金,SAFW30,野牛稳进2号私募证券投资基金,SAFW30,福建野牛资管,,2024-01-23,2024-01-26,中信建投证券股份有限公司,,,否,,,,,,,0,,,,,0-5亿元,P1025486
团队跟踪,搏越金安1期私募证券投资基金,SAFX45,搏越金安1期私募证券投资基金,SAFX45,赣州搏越,,2024-01-25,2024-03-14,招商证券股份有限公司,,,否,,,,,,,0,,,,,0-5亿元,P1073884
团队跟踪,双安可颂-安康1号私募证券投资基金,SAGA36,双安可颂-安康1号私募证券投资基金,SAGA36,南京双安资管,,2024-01-12,2024-01-12,招商证券股份有限公司,,,否,,,,,,,0,,,,,100亿元以上,P1007860
团队跟踪,榕树海春和1号私募证券投资基金,SAGA44,榕树海春和1号私募证券投资基金,SAGA44,珠海榕树海,,2024-01-19,2024-02-07,华泰证券股份有限公司,,每周周三、周五,否,0.5%,,,0.97,无,0.96,0,,0.02%,0.02%,"单个投资者单笔高水位计算，固定提取日为每年6月和12月的最后一个交易日，费率为：
年化收益6%以下：0%
年化收益6%以上部分：
35%（2024年7月31日或之前申购份额）
50%（2024年7月31日之后申购份额）",20-50亿元,P1074726
团队跟踪,宽渡安如1号,SAGB28,宽渡安如1号私募证券投资基金,SAGB28,上海宽渡,,2024-01-15,2024-01-15,招商证券股份有限公司,,每周周一、周三、周五,否,0%,,持有期小于3个月，赎回费率 1%；持有期大等于3个月，赎回费率 0%,,无,,0.01,,0.01%,0.01%,30%,5-10亿元,P1034143
团队跟踪,唐德傲梅量化CTA一号私募证券投资基金,SAGB84,唐德傲梅量化CTA一号私募证券投资基金,SAGB84,深圳唐德,,2024-02-05,2024-02-26,兴业证券股份有限公司,,每个交易日开放申购、每周三开放赎回,否,0%,1,"持有期<180个自然日为1%；
持有期>180个自然日为0%",0.85,,0.8,0.01,,0.015%,0.015%,业绩报酬的计算采用单个投资者单笔高水位净值法，即当业绩报酬计提基准日（基金份额持有人赎回申请日、基金清算日、财产分配权益登记日）的基金份额累计净值大于上次计提日（首次计提时，则为参与日基金份额累计净值）基金份额累计净值时，分别计算每个基金份额持有人每笔投资所对应的份额在上一计提日至本次计提日持有期间的基金份额累计净值增长差额，对单笔投资超过上次计提日最高基金份额累计净值部分按如下如下各类基金份额对应的的比例R进行计提。R=20%，为基金份额业绩报酬提取比例。,0-5亿元,P1027490
团队跟踪,省心享睿量兴泰锐进1号私募证券投资基金,SAGC89,省心享睿量兴泰锐进1号私募证券投资基金,SAGC89,上海睿量,,2024-01-23,2024-01-26,华泰证券股份有限公司,,本基金的申赎开放日为每个交易日。,否,无,每次申购的金额应不低于1万元人民币（不含申购费（如有））,"持有天数（天）	赎回费率
 【0】天-【180】天	【1】 %
 【180】天（含）以上	【0】 %，赎回费用（如有）归管理人所有，管理人有权减免",0,无,0,0,"A类：无
B类：1%",0.02%,0.02%,"A类：无
B类：单个投资者单份额高水位法，在固定时点、基金收益分配、基金份额持有人赎回B类基金份额或者基金终止时进行业绩报酬的提取。固定时点是指基金成立后每年12月最后一个交易日。超额收益部分提取25%",100亿元以上,P1073883
团队跟踪,磐松红利150指数增强2号私募证券投资基金,SAGD99,磐松红利150指数增强2号私募证券投资基金,SAGD99,上海磐松,,2024-01-22,2024-01-25,中信证券股份有限公司,,每周周一、周二,否,0%,,,,无,,0,,,,超额收益提取12.5%,100亿元以上,P1074204
团队跟踪,磐松HT全市场指数增强进取1号私募证券投资基金,SAGE00,磐松HT全市场指数增强进取1号私募证券投资基金,SAGE00,上海磐松,,2024-01-24,2024-01-30,华泰证券股份有限公司,,,否,,,,,,,0,,,,,100亿元以上,P1074204
团队跟踪,鸣熙金选中证500指数增强1号私募证券投资基金,SAGE14,鸣熙金选中证500指数增强1号私募证券投资基金,SAGE14,鸣熙资本,,2024-03-07,2024-03-25,国泰君安证券股份有限公司,,每周周一、周三、周五及每月最后一个交易日,否,0%,,0%,,无,,0.01,A类份额：0%，B类份额：1%,0.015%,0.015%,"A类份额：0%；B类份额：16%，计提基准 B=【期间中证 500 指数收益率】。
计提基准日：投资者赎回日、每年 6 月最后一个交易日（固定日，但封闭期及/或锁定期（如有）除外）、分红权益登记日、基金清算日。",100亿元以上,P1033450
团队跟踪,骐邦-骐纵新程成长1号私募证券投资基金,SAGF16,骐邦-骐纵新程成长1号私募证券投资基金,SAGF16,上海骐邦投资,,2024-01-25,2024-03-04,中信证券股份有限公司,许劲松,,否,,,,,,,0,,,,,0-5亿元,P1007295
团队跟踪,景行麒麟2号,SAGG69,景行麒麟2号私募证券投资基金,SAGG69,上海景行,,2024-02-01,2024-02-09,国泰君安证券股份有限公司,,,否,,,,,,,0,,,,,0-5亿元,P1074702
团队跟踪,星旭全市场指数增强1号私募证券投资基金,SAGH02,星旭全市场指数增强1号私募证券投资基金,SAGH02,上海星旭佳诚,,2024-04-10,2024-04-15,华泰证券股份有限公司,,,否,,,,,,,0,,,,,0-5亿元,P1074699
团队跟踪,星旭中证1000指数增强1号私募证券投资基金,SAGH06,星旭中证1000指数增强1号私募证券投资基金,SAGH06,上海星旭佳诚,,2024-04-03,2024-04-09,华泰证券股份有限公司,,,否,,,,,,,0,,,,,0-5亿元,P1074699
团队跟踪,星旭多空对冲1号私募证券投资基金,SAGH07,星旭多空对冲1号私募证券投资基金,SAGH07,上海星旭佳诚,,2024-04-11,2024-04-18,华泰证券股份有限公司,,,否,,,,,,,0,,,,,0-5亿元,P1074699
团队跟踪,星旭量化对冲一号私募证券投资基金,SAGH10,星旭量化对冲一号私募证券投资基金,SAGH10,上海星旭佳诚,,2024-01-23,2024-02-05,招商证券股份有限公司,,,可临开申购,,,,,,,0,,,,,0-5亿元,P1074699
团队跟踪,博斐优享三号私募证券投资基金,SAGH48,博斐优享三号私募证券投资基金,SAGH48,上海博斐基金,,2024-01-22,2024-01-25,兴业证券股份有限公司,刘锋林、汪澜,每周周三、周五,可临开赎回,0%,1万元起,2%,0.97,,0.95,0.002,,0.015％,0.015％,不收取业绩报酬,0-5亿元,P1074219
团队跟踪,极量赤霄,SAGH76,极量赤霄私募证券投资基金,SAGH76,共青城极量投资,,2024-12-09,2024-12-19,招商证券股份有限公司,,,否,,,,,,,0,,,,,10-20亿元,P1071373
团队跟踪,弈倍量化选股进取3号私募证券投资基金,SAGJ26,弈倍量化选股进取3号私募证券投资基金,SAGJ26,上海弈倍,,2024-02-01,2024-02-01,华泰证券股份有限公司,,每周周一、周二,可临开赎回,0%,,持有期小于180天，赎回费率为0.5%；持有期大等于180天，赎回费率为0%,,,,0.01,A类份额：1%，B类份额：0%，C 类份额：1%,0.015%,0.015%,A类份额：20%；B类份额：0%；C 类份额：20%（固定时点是指基金成立后每年 12 月 10 日）,20-50亿元,P1061585
团队跟踪,远和鑫安4号私募证券投资基金,SAGM68,远和鑫安4号私募证券投资基金,SAGM68,杭州远和,,2024-01-26,2024-01-26,国泰君安证券股份有限公司,,,否,,,,,,,0,,,,,50-100亿元,P1074945
团队跟踪,坤望朝阳1号私募证券投资基金,SAGN13,坤望朝阳1号私募证券投资基金,SAGN13,上海坤望,,2024-01-31,2024-02-05,国泰君安证券股份有限公司,文斌,,否,,,,,,,0,,,,,20-50亿元,P1072723
团队跟踪,因诺祥瑞天问29号私募证券投资基金,SAGN39,因诺祥瑞天问29号私募证券投资基金,SAGN39,上海因诺资管,,2024-01-24,2024-01-29,海通证券股份有限公司,,,否,,,,,,,0,,,,,100亿元以上,P1006164
团队跟踪,广联宏丰利1号私募证券投资基金,SAGN89,广联宏丰利1号私募证券投资基金,SAGN89,海南广联宏,,2024-01-31,2024-02-06,招商证券股份有限公司,,,否,,,,,,,0,,,,,5-10亿元,P1072844
团队跟踪,榕树海科创精选1号,SAGP62,榕树海科创精选1号私募证券投资基金,SAGP62,珠海榕树海,,2024-02-27,2024-03-05,国泰君安证券股份有限公司,,每个交易日,否,0.5%,,0%,,无,,0.01,,0.01%,0.01%,"A类份额：不计提业绩报酬；B类份额：20%。
计提基准日：投资者赎回日、每年 1 月、7 月的最后一个交易日（固定
日，但封闭期及锁定期（如有）除外）、分红权益登记日、基金清算日。",20-50亿元,P1074726
团队跟踪,唐德青山一号私募证券投资基金,SAGP70,唐德青山一号私募证券投资基金,SAGP70,深圳唐德,,2024-03-26,2024-04-03,国泰君安证券股份有限公司,,每个交易日开放申购赎回,否,0%,1,0%,,无,,0,,,,,0-5亿元,P1027490
团队跟踪,慕途稳健3号,SAGS00,慕途稳健3号私募证券投资基金,SAGS00,慕途基金,,2024-03-04,2024-03-08,国泰君安证券股份有限公司,,每周周五,否,0%,,A类份额：持有期小于90天，赎回费率为1%；持有期大等于90天，赎回费率为 0%。B类份额：0%,0.95,无,0.92,0.01,A类份额：1%，B类份额：0%,0.015%,0.015%,A类份额：持有期的年化收益率（R）与计提基准的差额（即 R-B）高于 0%但低于或等于 20%的，业绩报酬计提比例为 20%；（R-B）高于 20%但低于或等于 30%的，业绩报酬计提比例按照 20%和 30%分段计算；（R-B）高于 30%但低于或等于 40%的，业绩报酬计提比例按照 20%、30%和 40%分段计算；（R-B）高于 40%的，业绩报酬计提比例按照 20%、30%、40%和 50%分段计算。B类份额：0%,10-20亿元,P1073298
团队跟踪,半鞅省心享稳泰灵活对冲1号私募证券投资基金,SAGU65,半鞅省心享稳泰灵活对冲1号私募证券投资基金,SAGU65,半鞅基金,,2024-03-07,2024-03-28,华泰证券股份有限公司,,申购开放日为每个交易日，赎回开放日为每周三（赎回需提前5个交易日申请）,否,0%,,0%,,,,0.01,,0.01%,0.01%,"计提比例：16%
计提方式：单客户高水位法",100亿元以上,P1072919
团队跟踪,睿泉海外远见私募证券投资基金,SAGU69,睿泉海外远见私募证券投资基金,SAGU69,深圳睿泉毅信,,2024-02-06,2024-02-09,中信证券股份有限公司,,,否,,,,,,,0,,,,,5-10亿元,P1012842
团队跟踪,米纳1000指数增强2号私募证券投资基金,SAGV64,米纳1000指数增强2号私募证券投资基金,SAGV64,横琴米纳资管,,2024-02-05,2024-02-29,国信证券股份有限公司,,,否,,,,,,,0,,,,,0-5亿元,P1069406
团队跟踪,纵贯白马成长2号私募证券投资基金,SAGW15,宏泰恒信白马成长2号私募证券投资基金,SAGW15,深圳前海宏泰恒信基金,,2024-02-07,2024-03-20,招商证券股份有限公司,,,否,,,,,,,0,,,,,0-5亿元,P1018876
团队跟踪,和美水豚灵活对冲1号,SAGW50,和美水豚灵活对冲1号私募证券投资基金,SAGW50,和美资本,,2024-04-01,2024-04-01,中信证券股份有限公司,,每周周三,可临开赎回,0%,,0%,,,,0.015,A类份额：1.5%，B类份额：0%,0.01%,0.01%,A类份额：30%，B类份额：0%,20-50亿元,P1004868
团队跟踪,闻道灵动多空1号私募证券投资基金,SAGX17,闻道灵动多空1号私募证券投资基金,SAGX17,深圳闻道资管,,2024-02-28,2024-03-25,招商证券股份有限公司,王海波,,否,,,,,,,0,,,,,5-10亿元,P1069836
团队跟踪,量派CTA八号,SAGZ17,量派CTA八号私募证券投资基金,SAGZ17,上海量派投资,,2024-02-22,2024-02-28,招商证券股份有限公司,,每个工作日,否,1%,1万元起,持有期小于180天，赎回费率为1%；持有期大等于180天，赎回费率为0%,,无,,0.01,,0.025%,0.025%,单客户单笔份额高水位法，计提 20%,100亿元以上,P1071253
团队跟踪,聚联汇破晓1号,SAGZ50,聚联汇破晓1号私募证券投资基金,SAGZ50,深圳聚联汇投资,,2024-03-01,2024-03-07,华泰证券股份有限公司,,每日申赎,否,A类份额：1%； B 类份额：0%,10万元起,365天1%,0.8,无,0.7,0.012,A类份额：1.2%； B 类份额：0.3%,0.02%,0.02%,A类份额：20%； B 类份额：不计提业绩报酬,0-5亿元,P1071620
团队跟踪,量道翼风杠铃1号私募证券投资基金,SAHA80,量道翼风杠铃1号私募证券投资基金,SAHA80,深圳量道投资,,2024-03-14,2024-03-21,华泰证券股份有限公司,,每个交易日,否,0,1 万元的整数倍,持有期≤90天为0.5%，>90天为0%,,无,,0.008,"A类份额:0.8%，B类份额:1.00%，C类份额0。
A类：除C类基金份额以外的2026年6月30日及之前申购本基金的份额。
B类：除C类基金份额投资者以外的2026年6月30日之后申购本基金的份额。
C类：本基金管理人、基金管理人员工、基金管理人管理或其担任投资顾问的产品、基金管理人股东、关联方私募基金管理人、关联方私募基金管理人员工、关联方私募基金管理人管理或其担任投资顾问的产品认/申购。",0.02%/年,0.02%/年,"A类份额：16%；
B类份额：20%；
C类份额：0。
计提方式：单笔投资高水位净值法。
计提时点：赎回日、分红日、基金终止日。
计提比例：18%。",100亿元以上,P1016658
团队跟踪,蝶威CTA稳健1号私募证券投资基金,SAHA88,蝶威CTA稳健1号私募证券投资基金,SAHA88,上海蝶威,,2024-04-01,2024-04-16,中信证券股份有限公司,,每周周二,否,0%,1万元的整数倍,持有期小于90天，赎回费率为1%；持有期大等于90天，赎回费率为0%,0.97,,0.95,0.01,,0.025%,0.025%,年化收益≤5.5% 以下不计提业绩报酬，年化收益 >5.5%计提全部收益的60%业绩报酬，计提完不低于5.5%,10-20亿元,P1070101
团队跟踪,星云至恒安星私募证券投资基金,SAHC12,星云至恒安星私募证券投资基金,SAHC12,厦门星云至恒,,2024-03-01,2024-03-06,华泰证券股份有限公司,,,否,,,,,,,0,,,,,0-5亿元,P1074598
团队跟踪,乐水谷盈指数增强一号,SAHC27,乐水谷盈指数增强一号私募证券投资基金,SAHC27,北京乐水,,2024-03-01,2024-03-06,国泰君安证券股份有限公司,,每个交易日,否,0%,,0%,,无,,0.01,,0.015%,0.015%,"对超出业绩报酬计提基准的持有期差额收益按 20%比例进行计提。
业绩报酬计提基准 B=MAX【0，期间中证 500 指数年化收益率】。
计提基准日：投资者赎回日、分红权益登记日、基金清算日。",50-100亿元,P1074548
团队跟踪,川砺CTA稳健增强2号私募证券投资基金,SAHC44,川砺CTA稳健增强2号私募证券投资基金,SAHC44,宁波川砺,,2024-02-29,2024-03-14,浙商证券股份有限公司,,,否,,,,,,,0,,,,,5-10亿元,P1064154
团队跟踪,文谛量化中证1000指数增强私募证券投资基金,SAHC98,文谛量化中证1000指数增强私募证券投资基金,SAHC98,上海文谛资管,,2024-02-29,2024-03-06,东方证券股份有限公司,,,否,,,,,,,0,,,,,10-20亿元,P1060697
团队跟踪,正瀛无相15号私募证券投资基金,SAHD21,正瀛无相15号私募证券投资基金,SAHD21,上海正瀛资管,,2024-03-18,2024-03-21,中信证券股份有限公司,,,否,,,,,,,0,,,,,100亿元以上,P1060813
团队跟踪,雷菱天玑1号,SAHD64,雷菱天玑1号私募证券投资基金,SAHD64,上海雷菱,,2025-03-07,2025-03-21,华泰证券股份有限公司,,,否,,,,,,,0.01,,,,20%,20-50亿元,P1064970
团队跟踪,顽岩金选中证1000指数增强1号私募证券投资基金,SAHF86,顽岩金选中证1000指数增强1号私募证券投资基金,SAHF86,上海顽岩,,2024-03-19,2024-03-27,招商证券股份有限公司,,每周一周二,否,,,92天内0.5%,,无,,0.01,,,,1%+超额20%,100亿元以上,P1034708
团队跟踪,雸昇摘星者一号私募证券投资基金,SAHG61,雸昇摘星者一号私募证券投资基金,SAHG61,杭州雸昇资管,,2024-02-27,2024-03-01,国泰君安证券股份有限公司,,每个交易日,否,0,,0,,无,,0.01,,,,20%（计提时点：赎回时、分红时、清算时，不设置固定计提时点，管理人可根据情况进行分红）,5-10亿元,P1064624
团队跟踪,沣融晟元2号,SAHH21,沣融晟元2号私募证券投资基金,SAHH21,上海沣融汇,,2024-03-11,2024-03-28,中信证券股份有限公司,,每周周三,否,0- 0.5%,10万元起,持有期小于 3个月，赎回费率为1%；持有期大等于3 个月，赎回费率为 0%,,,,0.012,, 0.01%, 0.01%,对期间年化收益率超过 6%以上且在 20%以下(含)的部分，按照15%的比例收取业绩报酬；对期间年化收益率在 6%以下、20%以上的部分，不收取业绩报酬。,0-5亿元,P1074502
团队跟踪,坤望量化选股4号私募证券投资基金,SAHK21,坤望量化选股4号私募证券投资基金,SAHK21,上海坤望,,2024-07-18,2024-07-31,华泰证券股份有限公司,,,否,,,,,,,0,,,,,20-50亿元,P1072723
团队跟踪,国承资产-农历8号私募证券投资基金,SAHK69,国承资产-农历8号私募证券投资基金,SAHK69,北京国承资管,,2024-03-08,2024-03-19,中信证券股份有限公司,,,否,,,,,,,0,,,,,0-5亿元,P1026448
团队跟踪,榕树海满庭1号私募证券投资基金,SAHK92,榕树海满庭1号私募证券投资基金,SAHK92,珠海榕树海,,2024-04-15,2024-04-22,中信证券股份有限公司,,,否,,,,,,,0,,,,,20-50亿元,P1074726
团队跟踪,唐德幽兰量化套利一号私募证券投资基金,SAHM04,唐德幽兰量化套利一号私募证券投资基金,SAHM04,深圳唐德,,2024-04-26,2024-04-30,兴业证券股份有限公司,,每个交易日开放申购赎回,否,1%,1,0%,0.92,无,0.9,0.01,,0.015%,0.015%,,0-5亿元,P1027490
团队跟踪,元图沪深300中性1号,SAHM54,元图沪深300中性1号私募证券投资基金,SAHM54,上海元图,,2024-03-15,2024-03-28,国泰君安证券股份有限公司,,,否,,,,,,,0,,,,,20-50亿元,P1074338
团队跟踪,德乾宏观全天候1号,SAHM87,德乾宏观全天候1号私募证券投资基金,SAHM87,上海德乾,,2024-03-05,2024-03-13,申万宏源证券有限公司,,每个交易日可申购、每周二可赎回,否,,,0%,,,,0.003,,,,以后的新产品后端20%,0-5亿元,P1071524
团队跟踪,思达俊升1号,SAHM97,思达俊升1号私募证券投资基金,SAHM97,上海思达星汇,,2024-03-27,2024-04-01,国泰君安证券股份有限公司,,每周周二、周三,否,,,,0.85,,0.8,0.015,,0.01%,0.01%,业绩报酬 R＞0%部分收取20%,20-50亿元,P1073396
团队跟踪,艮岳岳信壹号私募证券投资基金,SAHN24,艮岳岳信壹号私募证券投资基金,SAHN24,杭州艮岳,,2024-03-15,2024-04-02,华泰证券股份有限公司,,,否,,,,,,,0,,,,,20-50亿元,P1032168
团队跟踪,磐松市场中性2号私募证券投资基金,SAHN62,磐松市场中性2号私募证券投资基金,SAHN62,上海磐松,,2024-03-05,2024-03-08,招商证券股份有限公司,,每个交易日,否,0,5万起,本基金份额持有期低于90天（不含）的赎回费率为1%，基金份额持有期在90天及以上但低于180天（不含）的赎回费率为0.5%，基金份额持有期在180天及以上但低于365天（不含）的赎回费率为0.25%，基金份额持有期在365天及以上的赎回费率为0%。,,,,0,,0.02%,0.02%,"单客户单笔高水位法
以份额方式支付给管理人
收益的15%
固定时点、赎回时、终止时；固定计提基准日为每年1月和7月的第一个交易日
",100亿元以上,P1074204
团队跟踪,量道盛风1号私募证券投资基金,SAHP32,量道盛风1号私募证券投资基金,SAHP32,深圳量道投资,,2024-03-05,2024-03-08,招商证券股份有限公司,,本基金固定开放日为每自然季度首月10号（含）起连续五个工作日（若当月10号非工作日，则顺延至下一个工作日开始开放）。,否,0, 1 万元的整数倍,0,,无,,0.015,,0.015%/年,0.015%/年,"1）计提方式：单客户单笔份额高水位法。
2）计提时点：赎回申请日、基金终止日。
3）计提比例：当基金份额持有人本次赎回对应份额持有期间的年化收益率低于14.64%（含），不提取业绩报酬；当基金份额持有人本次赎回对应份额持有期间的年化收益率高于14.64%（不含），提取该对应份额年化收益率14.64%以上部分收益的60%作为业绩报酬。",100亿元以上,P1016658
团队跟踪,亦赋山海6号多策略,SAHP67,亦赋山海6号多策略私募证券投资基金,SAHP67,海南亦赋,,2024-03-22,2024-04-02,浙商证券股份有限公司,,,否,,,,,,,0,,,,,50-100亿元,P1073329
团队跟踪,珠熙宏观对冲1号,SAHP83,珠熙宏观对冲1号私募证券投资基金,SAHP83,上海珠熙,,2024-03-11,2024-03-28,海通证券股份有限公司,,每周周五（如遇非工作日，则提前至上一工作日）,可临开赎回,0.50%,首次申购不低于100万元，追加申购不低于10万元,0,,无,,0.002,"A类份额：1.5%/年
B类份额：0%/年
每日计提，按月支付",0.0075%/年，以前一日基金资产净值每日计提，按月支付,0.0075%/年，以前一日基金资产净值每日计提，按月支付,"计提基准：高水位法（累计净值创新高）
提取比例：A类份额 50%，B类份额 0%
计提时点：赎回、分红、基金终止时
连续两次计提间隔≥6个月（分红提取时适用）",0-5亿元,P1074737
团队跟踪,珠池新众享私募证券投资基金,SAHQ01,珠池新众享私募证券投资基金,SAHQ01,上海珠池资管,,2024-03-21,2024-04-09,招商证券股份有限公司,,,否,,,,,,,0,,,,,50-100亿元,P1014451
团队跟踪,蝶威深度智能稳健11号私募证券投资基金,SAHR64,蝶威深度智能稳健11号私募证券投资基金,SAHR64,上海蝶威,,2024-03-28,2024-04-16,国泰君安证券股份有限公司,,,否,,,,,,,0,,,,,10-20亿元,P1070101
团队跟踪,润波得胜聚配专享1号,SAHS75,润波得胜聚配专享1号私募证券投资基金,SAHS75,上海润波涌跃,,2024-03-25,2024-04-09,国泰君安证券股份有限公司,,,否,,,,,,,0,,,,,0-5亿元,P1074431
团队跟踪,配邦中圣私募证券投资基金,SAHU28,配邦中圣私募证券投资基金,SAHU28,上海配邦,,2024-03-15,2024-03-20,国泰君安证券股份有限公司,,,否,,,,,,,0,,,,,0-5亿元,P1069760
团队跟踪,磐松红利指数增强2号私募证券投资基金,SAHU37,磐松红利指数增强2号私募证券投资基金,SAHU37,上海磐松,,2024-03-15,2024-03-25,中信建投证券股份有限公司,,每个交易日,否,0%,,D<90 天： 1%；90≤D<180天：0.5%；180≤D<365天：0.25%；D≥365天：0%,,无,,0,,0.02%,0.02%,以中证红利为业绩报酬起点，业绩报酬为：15.0%,100亿元以上,P1074204
团队跟踪,远澜冬青跨境套利1号私募证券投资基金,SAHU42,远澜冬青跨境套利1号私募证券投资基金,SAHU42,上海远澜,,2024-03-22,2024-04-10,国泰君安证券股份有限公司,,,否,,,,,,,0,,,,,100亿元以上,P1018484
团队跟踪,海楚多元稳进,SAHU65,海楚多元稳进私募证券投资基金,SAHU65,上海海楚资管,,2024-03-21,2024-06-24,国泰君安证券股份有限公司,,,否,,,,,,,0,,,,,10-20亿元,P1026876
团队跟踪,正定中证500指数增强2号私募证券投资基金,SAHV52,正定中证500指数增强2号私募证券投资基金,SAHV52,北京正定,,2024-03-20,2024-03-25,中信证券股份有限公司,,每个工作日,否,,,A类份额：0%。B类份额：持有期小于180天，赎回费率为1%；持有期大等于180天且小于360天，赎回费率为0.5%；持有期大等于365天，赎回费率为0%,,无,,0.01,A类份额：0%，B类份额：1%,0.015%,0.015%,A类份额：0%，B类份额：管理人将委托人每笔投资份额的期间实际收益率（R）与观测期间中证500指数（简称对标指数）实际收益率（Rzs）进行比较，对该期间R超过观测期间Rzs以上的部分按照【20】%的比例收取业绩报酬。,100亿元以上,P1073791
团队跟踪,和聚永久,SAHV94,和聚永久私募证券投资基金,SAHV94,北京和聚,,2024-04-03,2024-04-11,招商证券股份有限公司,,,否,,,,,,,0,,,,,10-20亿元,P1000273
团队跟踪,慕途商品套利1号私募证券投资基金,SAHX36,慕途商品套利1号私募证券投资基金,SAHX36,慕途基金,,2024-03-25,2024-04-08,兴业证券股份有限公司,,每周五,否,,,1%,0.9,,0.85,0.015,,0.01%,0.01%,,10-20亿元,P1073298
团队跟踪,博孚利专享1号私募证券投资基金,SAHX43,博孚利专享1号私募证券投资基金,SAHX43,厦门博孚利资管,,2024-03-13,2024-03-22,招商证券股份有限公司,,每月的10号、25号,否,0%,1万元起,0%,0.95,无,0.9,0.01,,0.02%,0.05%,对年化收益率大于5%以上部分提取15%作为业绩报酬,50-100亿元,P1023120
团队跟踪,裕丰惠达7号,SAHY39,裕丰惠达7号私募证券投资基金,SAHY39,上海裕丰惠达,,2024-03-29,2024-04-02,国泰君安证券股份有限公司,,每周周三、周五,可临开赎回,0%,,0%,0.7,无,0.6,0.01,,0.015%,0.015%,"单个投资者单笔高水位净值法，对超过上次成功计提基准日基金份额累计净值部分按18%比例进行计提。
计提基准日：每年2月和8月最后一个周五（固定日，但封闭期及锁定期（如有）除外，如遇非交易日则顺延至下一交易日）、投资者赎回日、分红权益登记日、基金清算日。",10-20亿元,P1073106
团队跟踪,蝶威2000指增私募证券投资基金,SAHZ27,蝶威2000指增私募证券投资基金,SAHZ27,上海蝶威,,2024-04-18,2024-04-25,浙商证券股份有限公司,,,否,,,,,,,0,,,,,10-20亿元,P1070101
团队跟踪,恒如全天候守心1号私募证券投资基金,SAJB44,恒如全天候守心1号私募证券投资基金,SAJB44,上海恒如投资,,2024-03-29,2024-04-02,中信建投证券股份有限公司,,"申购开放日：每周五 遇非交易日顺延
赎回开放日：每个自然月的第三个周五 遇非交易日顺延",可临开赎回,无,1万人民币以上,无,0.97,无,0.95,0,无,0.005%/年,0.005%/年,年化收益率超过5%的部分计提50%,0-5亿元,P1000715
团队跟踪,唐德坚竹量化1号私募证券投资基金,SAJB69,唐德坚竹量化1号私募证券投资基金,SAJB69,深圳唐德,,2024-03-28,2024-04-02,国泰君安证券股份有限公司,,每个交易日开放,可临开赎回,0%,1,"基金持有期低于180天（不含）的赎回费率为1%，
基金份额持有期在180天及以上的赎回费率为0%；",0.86,无,0.8,0.01,,0.01%,0.01%,业绩报酬的计算采用单个投资者单笔高水位净值法,0-5亿元,P1027490
团队跟踪,创世纪顾锝群英1号,SAJC45,创世纪顾锝群英1号私募证券投资基金,SAJC45,上海顾锝,,2024-03-26,2024-03-29,中信证券股份有限公司,杨雪清,每周周二,可临开赎回,0%,,0%,0.88,,0.85,0.015,,0.01%,0.01%,产品业绩年化10%以内部分收取20%，产品业绩年化10%到30%部分收取30%，产品业绩年化30%以上部分收取50%,10-20亿元,P1064314
团队跟踪,中柏春分,SAJD33,中柏春分私募证券投资基金,SAJD33,杭州中柏资管,,2024-03-27,2024-04-09,招商证券股份有限公司,,申购开放日为 2024 年 4 月 16 日以及每个自然月度的最后一个工作日，赎回开放日为每个自然季度的最后一个工作日,否,0%,1万元起,持有期小于12个月，赎回费率为1%；持有期大等于12个月，赎回费率为0%,0.85,,0.8,0.015,,0.025%,0.025%,单客户单笔份额高水位法，当基金份额赎回、基金终止或分红时，管理人将提取赎回份额或分红份额当期收益的20%作为业绩报酬,10-20亿元,P1071376
团队跟踪,盛恒五号中证1000指数增强私募证券投资基金,SAJD82,盛恒五号中证1000指数增强私募证券投资基金,SAJD82,深圳盛恒投资,,2024-05-13,2024-05-30,兴业证券股份有限公司,,每周二,否,,10万元起,持有期小于90天赎回费1%，持有期大于90天小于180天赎回费0.5%，大于180天赎回费0%,,,,0,A类份额：1%，B类份额：0.5%,0.02%,0.02%,采用单个投资者单笔投资高水位法计提，对持有期收益超过指数部分按20%比例计提,5-10亿元,P1060478
团队跟踪,捷荆天策启航1号私募证券投资基金,SAJF22,捷荆天策启航1号私募证券投资基金,SAJF22,浙江捷荆,,2024-04-03,2024-04-09,国泰君安证券股份有限公司,邵益,每周第1个自然日,否,A类份额：0%，B类份额：1%,,A类份额：0%，B类份额：持有期小于90日，赎回费率1%；持有期大等于90日，赎回费率0%,0.95,无,0.9,0.01,A类份额：0.5%，B类份额：1%,,,A类份额：10%，B类份额：20%,0-5亿元,P1065132
团队跟踪,兴途垦禾平稳1号,SAJF57,垦禾平稳1号私募证券投资基金,SAJF57,垦禾私募（北京）,,2024-04-18,2024-04-23,国泰君安证券股份有限公司,,,否,0%,,持有期小于181天，赎回费率为1%；持有期大等于181天但小于365天，赎回费率为0.5%；持有期大等于365天，赎回费率为0%,,,,0.005,,,,采用单个投资者单笔投资年化收益差额法计提，即各类基金份额持有人每笔所持份额或赎回份额在持有期的年化收益率（R）大于业绩报酬计提基准4%时，对超出业绩报酬计提基准的持有期差额收益按20%比例进行计提。,0-5亿元,P1075062
团队跟踪,财通证券资管财赢FOF1号集合资产管理计划,SAJF59,财通证券资管财赢FOF1号集合资产管理计划,SAJF59,财通证券资管,,2024-03-26,2024-03-28,中信银行股份有限公司,,每季度前三个工作日,可临开申购和可临开赎回,0,1万,0,,无,,0.005,,0.01,,年化20%以上提20%,,PT0700011544
团队跟踪,磐松大盘股指数增强4号私募证券投资基金,SAJF88,磐松大盘股指数增强4号私募证券投资基金,SAJF88,上海磐松,,2024-03-26,2024-03-29,中信建投证券股份有限公司,,每个交易日,否,0%,,持有期小于181天，赎回费率为1%；持有期大等于181天且小于365天，赎回费率为0.5%；持有期大等于365天，赎回费率为0%,,无,,0,,0.02%,0.02%,"采用“单个投资者单份额高水位法”，在业绩报酬提取时点，本基金份额收益率根据相对同期沪深 300 指数（代码：000300）收益率（超额收益率 Re）进行提取，计提15%。
计提基准日：固定时点（基金成立后每年 2、8 月的第一个交易日）、基金份额持有人赎回基金或者基金终止时进行业绩报酬的提取。
",100亿元以上,P1074204
团队跟踪,文谛同泰悦享2号私募证券投资基金,SAJG58,文谛同泰悦享2号私募证券投资基金,SAJG58,上海文谛资管,,2024-04-09,2024-04-11,中信建投证券股份有限公司,,每周周五,否,0%,,0%,,无,,0.021,,0.025%,0.025%,基金份额持有人部分或全部赎回、基金分红、本基金终止时计提。基金业绩报酬提取比例为 30%，业绩报酬计提基准为年化 30%。,10-20亿元,P1060697
团队跟踪,进化论多棱镜沪深300指数增强私募证券投资基金,SAJH39,进化论多棱镜沪深300指数增强私募证券投资基金,SAJH39,海南进化论,,2024-04-01,2024-04-03,国泰君安证券股份有限公司,,每周最后一个交易日,可临开赎回,0%,,0%,,无,,0,A类：0.00%          B类：1.50%   C类：0.75% D类：1.00%,0.01%,0.01%,"A类：0.00%          B类：20.00%   C类：16.00% D类：18.00%
",100亿元以上,P1006079
团队跟踪,量盈量化对冲二号,SAJH63,量盈量化对冲二号私募证券投资基金,SAJH63,浙江量盈投资,,2024-04-18,2024-04-18,国泰君安证券股份有限公司,,基金成立之后的每周周一、周三和周五，如遇非交易日，则顺延至下一交易日。,否,本基金申购费率为 0%,,本基金份额持有期低于【90】天（不含）的，赎回费率为【3】%；基金份额持有期在 【90】天及以上的，赎回费率为【0】%】 ,,不设置 ,,0.01,本基金的管理费率为年费率 1%,0.01%,0.01%,"1)本基金不设置业绩报酬计提基准。采用单个投资者单笔投资年化收益全额法计提，即分别计算基金
份额持有人每笔所持份额或赎回份额在持有期（即下述计算公式中的“T”）的年化收益率（R），当年化收益率（R）大于业绩报酬计提触发条件（B）时，对持有期全额收益按 60%比例进行计提，计提后基金份额持有人年化收益率不低于业绩报酬计提触发条件。2025年7月7日补充协议修改业绩报酬触发条件，由6%变成5%。且追溯未赎回份额。",50-100亿元,P1068580
团队跟踪,博孚利悦享1号私募证券投资基金,SAJJ27,博孚利悦享1号私募证券投资基金,SAJJ27,厦门博孚利资管,,2024-03-26,2024-03-29,招商证券股份有限公司,,每月的10号、25号,否,0%,1万元起,0%,0.95,无,0.9,0.01,1%,0.02%,0.05%,"计提基准为年化5%，对年化收益高于计提基准的部分计提25%业绩报酬。
计提基准日：投资者赎回申请日、分红除息日（如有）、基金终止日。业绩报酬提取时点（计提日）为赎回确认日、分红确认日（如有）和基金资产分配日。",50-100亿元,P1023120
团队跟踪,积沐领航者私募证券投资基金,SAJJ91,积沐领航者私募证券投资基金,SAJJ91,上海积沐,,2024-04-11,2024-04-16,招商证券股份有限公司,,,否,,,,,,,0,,,,,10-20亿元,P1074664
团队跟踪,锐泽长河1号,SAJK07,锐泽长河1号私募证券投资基金,SAJK07,杭州锐泽,,2024-04-09,2024-04-11,中国银河证券股份有限公司,,每周周二,可临开赎回,0%,,A 类份额：持有期小于3个月，赎回费率为0.5%；持有期大等于3个月，赎回费率为0%。B类份额：0%,0.95,,0.92,0.01,A 类份额：1%，B类份额：0%,0.01%,0.01%,单人单笔高水位法，计提20%,10-20亿元,P1074623
团队跟踪,时代复兴全景9号私募证券投资基金,SAJK09,时代复兴全景9号私募证券投资基金,SAJK09,北京时代复兴投资,,2024-04-09,2024-04-17,中信建投证券股份有限公司,,,否,,,,,,,0,,,,,20-50亿元,P1016372
团队跟踪,君和九思套利4号,SAJK43,君和九思套利4号私募证券投资基金,SAJK43,北京君和九思,,2024-04-25,2024-04-28,国泰君安证券股份有限公司,,每周最后一个交易日,可临开赎回,0%,,,,无,,0.01,,0.015%,0.015%,对超过上次成功计提基准日基金份额累计净值部分按 20%比例进行计提,5-10亿元,P1031396
团队跟踪,国承资产-神农五号私募证券投资基金,SAJK86,国承资产-神农五号私募证券投资基金,SAJK86,北京国承资管,,2024-04-09,2024-04-23,中信证券股份有限公司,,,否,,,,,,,0,,,,,0-5亿元,P1026448
团队跟踪,星旭量化小微盘私募证券投资基金,SAJL32,星旭量化小微盘私募证券投资基金,SAJL32,上海星旭佳诚,,2024-04-03,2024-04-10,华泰证券股份有限公司,,,否,,,,,,,0,,,,,0-5亿元,P1074699
团队跟踪,微积分Ⅹ私募证券投资基金,SAJL53,微积分Ⅹ私募证券投资基金,SAJL53,上海微积分,,2024-04-03,2024-04-09,国泰君安证券股份有限公司,,每个交易日,否,0%,,持有期小于3个月，赎回费率为2%,,,0.85,0.01,,,,单笔高水位法，20%;,0-5亿元,P1028214
团队跟踪,星云至恒木星CTA私募证券投资基金,SAJM41,星云至恒木星CTA私募证券投资基金,SAJM41,厦门星云至恒,,2024-04-23,2024-04-25,招商证券股份有限公司,,,否,,,,,,,0,,,,,0-5亿元,P1074598
团队跟踪,涵德昌德股票多空2号私募证券投资基金,SAJM92,涵德昌德股票多空2号私募证券投资基金,SAJM92,北京涵德投资,,2024-04-24,2024-04-29,国泰君安证券股份有限公司,,,否,,,,,,,0,,,,,50-100亿元,P1001739
团队跟踪,千衍九凌2号私募证券投资基金,SAJQ43,千衍九凌2号私募证券投资基金,SAJQ43,上海千衍,,2024-04-18,2024-04-26,华泰证券股份有限公司,,申购开放日为每个交易日，赎回开放日为每周周三,否,0%,,持有期小于180天，赎回费率为1%；持有期大等于180天，赎回费率为0%,,,,0.01,A类份额：0%，B类份额：1%,0.015%,0.015%,"A类份额：0%，B类份额：单个投资者单份额高水位法，计提20%。
计提基准日：在固定时点（基金成立后每年12月的第2个周三）、基金收益分配、B类基金份额持有人赎回基金或者基金终止时进行业绩报酬的提取。",100亿元以上,P1009640
团队跟踪,翰荣安晟进取一号私募证券投资基金,SAJQ44,翰荣安晟进取一号私募证券投资基金,SAJQ44,深圳翰荣,,2024-04-11,2024-04-16,招商证券股份有限公司,,每个交易日,否,,,0,,无,,0.01,,,,18%,50-100亿元,P1063371
团队跟踪,恒立丰君转债2号私募证券投资基金,SAJQ57,恒立丰君转债2号私募证券投资基金,SAJQ57,海南恒立,,2024-04-17,2024-04-22,国信证券股份有限公司,,每周周三、周四、周五,否,0%,,0%,,除开放日外的期间,,0.005,,0.01%,0.01%,在收益分配基准日、赎回日及基金终止日，若持有期年化收益率小等于15%，则不计提业绩报酬；若持有期年化收益率大于15%，则对超出部分按10%的比例提取业绩报酬。,10-20亿元,P1073663
团队跟踪,千衍六贞3号私募证券投资基金,SAJR29,千衍六贞3号私募证券投资基金,SAJR29,上海千衍,,2024-06-18,2024-06-21,国泰君安证券股份有限公司,,"""每个交易日开放申购； 每周周三、每月12日和22日开放赎回""",可临开赎回,0%,1万元起,A类份额（面向管理人管理的基金、管理人自营资金、管理人员工）：0%；B类（面向外部产品投资人）/C类（面向外部非产品投资人）份额：持有期低于180天，赎回费1%；,,无,,0.01,A类份额：0%；B类份额：1%；C类份额：1%,0.015%,0.015%,"A类：无业绩报酬；
B类和C类：在分红、赎回、终止时，若持有期年化收益率小于等于0%，则不计提业绩报酬；若持有期年化收益率大于0%，则管理人对超出部分按20%的比例提取业绩报酬",100亿元以上,P1009640
团队跟踪,谊恒滴海稳泰1号私募证券投资基金,SAJR59,谊恒滴海稳泰1号私募证券投资基金,SAJR59,上海滴海,,2024-04-17,2024-04-24,华泰证券股份有限公司,,,否,,,,,,,0,,,,,10-20亿元,P1012859
团队跟踪,磐松市场中性进取2号,SAJR60,磐松市场中性进取2号私募证券投资基金,SAJR60,上海磐松,,2024-04-15,2024-04-22,国泰君安证券股份有限公司,,每个交易日,否,0%,扣除申购费后（如有），追加金额应为 5 万元人民币起。,持有天数小于90天1%；大于等于90天小于180天0.5%；大于等于180天小于365天0.25%；大于等于365天0%,,无,,0,0.0%,0.020%,0.020%,对超过上次成功计提基准日基金份额累计净值部分按【20%】比例进行计提,100亿元以上,P1074204
团队跟踪,崇盛常青科技三号,SAJS34,崇盛常青科技三号私募证券投资基金,SAJS34,安徽崇盛投资,,2024-04-22,2024-04-25,国泰君安证券股份有限公司,,每周第 2 个交易日,可临开赎回,0%,,0%,0.75,无,0.7,0.01,A类份额：1%，B 类份额：0.2%,0.025%,0.025%,"计提基准日：投资者赎回日、 分红权益登记日、基金清算日。
对超过上次成功计提基准日各类别基金份额累计净值部分按 25%进行计提。",0-5亿元,P1002943
团队跟踪,申万宏源远盈2号FOF单一资产管理计划,SAJT42,申万宏源远盈2号FOF单一资产管理计划,SAJT42,,,2018-01-05,,,,,否,,,,,,,0,,,,,,
团队跟踪,木盛博孚利那平江私募证券投资基金,SAJT66,博孚利全天候1号私募证券投资基金,SAJT66,厦门博孚利资管,,2024-04-15,2024-05-09,兴业证券股份有限公司,,本基金自成立之日起每个交易日开放申购赎回。,否,0%,每次追加不少于1万元人民币,0%,,,,0.01,,0.015%,0.015%,份额高水位法，提取比例为10%,50-100亿元,P1023120
团队跟踪,国源拾金安和16号私募证券投资基金,SAJU44,国源拾金安和16号私募证券投资基金,SAJU44,深圳国源信达资管,,2024-05-16,2024-05-27,国泰君安证券股份有限公司,,,否,,,,,,,0,,,,,100亿元以上,P1061199
团队跟踪,裕丰惠达民寅1号私募证券投资基金,SAJV18,裕丰惠达民寅1号私募证券投资基金,SAJV18,上海裕丰惠达,,2024-04-11,2024-04-18,招商证券股份有限公司,,,否,,,,,,,0,,,,,5-10亿元,P1073106
团队跟踪,双安可颂-远航3号,SAJW13,双安可颂-远航3号私募证券投资基金,SAJW13,南京双安资管,,2024-06-18,2024-06-24,东方证券股份有限公司,,,否,,,,,,,0,,,,,100亿元以上,P1007860
团队跟踪,铭跃行远均衡专享九号,SAJX53,铭跃行远均衡专享九号私募证券投资基金,SAJX53,上海铭跃,,2024-04-24,2024-04-29,国泰君安证券股份有限公司,,周三周四,否,0%,,0%,0.85,无,0.8,0.02,,0.005%,0.005%,对超过上次成功计提基准日基金份额累计净值部分按 20%比例进行计提,50-100亿元,P1073580
团队跟踪,特夫郁金香九号,SAJX68,特夫郁金香九号私募证券投资基金,SAJX68,上海特夫,,2024-05-16,2024-05-28,招商证券股份有限公司,,每周周二、周四,否,1%,,0%,0.85,,0.8,0.015,,0.01%,0.01%,单客户单笔高水位法，计提30%,5-10亿元,P1026263
团队跟踪,景上源知守1号私募证券投资基金,SAJX69,景上源知守1号私募证券投资基金,SAJX69,杭州景上源,,2024-04-16,2024-04-22,中信证券股份有限公司,,,否,,,,,,,0,,,,,5-10亿元,P1008209
团队跟踪,国泰君安私客尊享FOF2598号单一资产管理计划,SAKA37,国泰君安私客尊享FOF2598号单一资产管理计划,SAKA37,,,2018-01-05,0000-00-00,,,每周一、三、五,可临开申购,0,,0,,无,,0,,,,不收取,,
团队跟踪,宽辅优享1号私募证券投资基金,SAKB02,宽辅优享1号私募证券投资基金,SAKB02,海南宽辅,,2024-04-19,2024-05-09,华泰证券股份有限公司,,本基金的申赎开放日为每周周二,否,本基金的申购费率为【1】%,,【0】天-【365】天1%，365天以上0,,本基金无封闭期,,0.01,基金管理费按前一日基金资产净值【1】%的年费率计提。,0.01%,0.1%,本基金采用“单个投资者单份额高水位法”。在固定时点、基金收益分配、基金份额持有人赎回基金或者基金终止时进行业绩报酬的提取。20%,10-20亿元,P1074464
团队跟踪,唐德守御黄金增强1号私募证券投资基金,SAKB10,唐德守御黄金增强1号私募证券投资基金,SAKB10,深圳唐德,,2024-05-23,2024-05-28,华泰证券股份有限公司,,每个交易日开放申购、每周周三开放赎回。,否,0%,1,"持有期<180个自然日为1%；
持有期>180个自然日为0%；",0.55,无,0.5,0.01,,0.01%,0.01%,"本基金采用“单个投资者单份额高水位法”：
单笔年化收益率<100%部分,则提取20%；100%≤单笔年化收益率＜200%部分；则提取30%；单笔年化收益率≥200%部分，则提取40%。
",0-5亿元,P1027490
团队跟踪,千衍三涛30号私募证券投资基金,SAKD25,千衍三涛30号私募证券投资基金,SAKD25,上海千衍,,2024-04-24,2024-04-26,招商证券股份有限公司,,,否,,,,,,,0,,,,,100亿元以上,P1009640
团队跟踪,哲萌龙泉进取2号,SAKE73,哲萌龙泉进取2号私募证券投资基金,SAKE73,杭州哲萌投资,,2024-05-07,2024-05-13,招商证券股份有限公司,,每个工作日,否,0%,10万元起,0%,0.7,,0.6,0.015,A类份额：1.5%，B类份额：0%,0.01%,0.01%,A类份额：20%，B类份额：0%,20-50亿元,P1062570
团队跟踪,太衍跃迁5号私募证券投资基金,SAKG78,太衍跃迁5号私募证券投资基金,SAKG78,上海太衍,,2026-05-19,2026-05-26,招商证券股份有限公司,,,否,,,,,,,0,,,,,20-50亿元,P1074988
团队跟踪,榕树海优孚1号私募证券投资基金,SAKJ98,榕树海优孚1号私募证券投资基金,SAKJ98,珠海榕树海,,2024-04-29,,,,每个交易日,否,0%,1万元起,0%,,,,0.01,,0.015%,0.015%,不计提业绩报酬,20-50亿元,P1074726
团队跟踪,青琰信达一号,SAKK79,青琰信达一号私募证券投资基金,SAKK79,上海青琰,,2024-04-30,2024-05-23,中信证券股份有限公司,,每个自然周的周一、周三以及每年6月、12月的最后一个工作日,否,0,,持有期限＜180天：1%；其余为0 ,0.8,,0.6,0.01,B类份额：0%，A类份额：1%,0.01%,0.01%,"A类份额： 管理人将根据委托人每笔投资的期间年化收益率（R），当期间年化收益率大于【4】%时，对所有收益按照【40】%的比例收取业绩报酬，且计提后该笔份额的期间年化收益率不低于【4】%。
B类份额：不计提业绩报酬。 
固定计提基准日（每年6月、12月的最后一个工作日）、该类份额的除息日（若有）、赎回申请日和基金终止日",20-50亿元,P1073943
团队跟踪,恒如守正2号私募证券投资基金,SAKK91,恒如守正2号私募证券投资基金,SAKK91,上海恒如投资,,2024-06-04,2024-06-14,招商证券股份有限公司,,,否,,,,,,,0,,,,,0-5亿元,P1000715
团队跟踪,青琰信达二号,SAKM72,青琰信达二号私募证券投资基金,SAKM72,上海青琰,,2024-05-06,2024-05-29,中信证券股份有限公司,,每周周一、周三以及每年 6 月、12月的最后一个工作日,否,1%,,持有期小于180天，赎回费率为1%；持有期大等于180天，赎回费率为0%,,无,,0.01,B类份额：0%，A类份额：1%,0.01%,0.01%,"A 类份额：管理人将根据委托人每笔投资的期间年化收益率（R），当期间年化收益率大于【5】%时，对所有收益按照【50】%的比例收取业绩报酬，且计提后该笔份额的期间年化收益率不低于【5】%。
B 类份额不计提业绩报酬。
固定计提基准日、该类份额的除息日（若有）、赎回申请日和基金终止日（其中固定计提基准日和除息日（若有）统称为“统一计提基准日”），固定计提基准日为每年 6 月、12 月的最后一个工作日。",20-50亿元,P1073943
团队跟踪,正方成长1号私募证券投资基金,SAKP78,正方成长1号私募证券投资基金,SAKP78,杭州正方投资,,2024-05-21,2024-06-04,中信证券股份有限公司,,,否,,,,,,,0,,,,,0-5亿元,P1070391
团队跟踪,谊恒滴海稳泰2号私募证券投资基金,SAKP90,谊恒滴海稳泰2号私募证券投资基金,SAKP90,上海滴海,,2024-05-09,2024-05-14,华泰证券股份有限公司,,,否,,,,,,,0,,,,,10-20亿元,P1012859
团队跟踪,融成水滴石穿2号,SAKQ77,融成水滴石穿2号私募证券投资基金,SAKQ77,长沙嘉信融成投资,,2024-07-15,2024-07-25,招商证券股份有限公司,,每交易日开放,可临开申购和可临开赎回,0,1,0,0.85,无,0.8,0.01,,0.015%,0.015%,当基金份额赎回、基金终止或分红时，管理人将提取赎回份额或分红份额当期收益的20%作为业绩报酬。如本次基金分红时间距上次分红时间（如有）不足6个月（每月按30个自然日计算），则本次基金分红不对基金份额计提业绩报酬。,10-20亿元,P1023820
团队跟踪,微积分阿尔法1号私募证券投资基金,SAKQ87,微积分阿尔法1号私募证券投资基金,SAKQ87,上海微积分,,2024-05-16,2024-05-23,中信证券股份有限公司,,,否,,,,,,,0,,,,,0-5亿元,P1028214
团队跟踪,远澜藤枫宏观量化3号私募证券投资基金,SAKR50,远澜藤枫宏观量化3号私募证券投资基金,SAKR50,上海远澜,,2024-05-10,2024-05-17,中信证券股份有限公司,,,否,,,,,,,0,,,,,100亿元以上,P1018484
团队跟踪,罗维盈安启航LS一号,SAKR52,罗维盈安启航LS一号私募证券投资基金,SAKR52,宁波罗维盈安投资,,2024-06-21,2024-07-04,国泰君安证券股份有限公司,,每周周五，如遇非交易日，则顺延至下一交易日,否,,,,,,,0,,,,,10-20亿元,P1069532
团队跟踪,嘉鸿精选6号私募证券投资基金,SAKS59,嘉鸿精选6号私募证券投资基金,SAKS59,上海嘉鸿,,2024-05-15,2024-05-28,广发证券股份有限公司,,,否,,,,,,,0,,,,,50-100亿元,P1068812
团队跟踪,筑金馨睿贰号私募证券投资基金,SAKT85,筑金馨睿贰号私募证券投资基金,SAKT85,上海筑金投资,,2024-05-13,2024-05-14,海通证券股份有限公司,,,否,,,,,,,0,,,,,10-20亿元,P1009546
团队跟踪,川砺稳健八号私募证券投资基金,SAKT93,川砺稳健八号私募证券投资基金,SAKT93,宁波川砺,,2024-05-31,2024-06-06,招商证券股份有限公司,,,否,,,,,,,0,,,,,5-10亿元,P1064154
团队跟踪,锴量量化选股一号,SAKU80,锴量量化选股一号私募证券投资基金,SAKU80,上海锴量投资,,2024-07-08,2024-07-25,国泰海通证券股份有限公司,,每周周一、周三、周五,可临开赎回,0%,,0%,0.92,无,0.9,0.01,,0.01%,0.01%,采用单个投资者单笔高水位净值法，对超过上次成功计提基准日基金份额累计净值部分按20%比例进行计提。,5-10亿元,P1070166
团队跟踪,天鸾长虹八号私募证券投资基金,SAKV04,天鸾长虹八号私募证券投资基金,SAKV04,深圳天鸾,,2024-05-17,2024-05-23,中信证券股份有限公司,,,否,,,,,,,0,,,,,0-5亿元,P1033936
团队跟踪,英旷专享2号,SAKV28,英旷专享2号私募证券投资基金,SAKV28,上海英旷资管,,2024-05-29,2024-06-11,中信证券股份有限公司,,每个交易日,否,0%,1万元起,0%，归基金资产,0.95,无,0.9,0.015,,0.025%,0.025%,单笔份额高水位净值法(赎回、分红、清算日计提)，净值创新高部分的 20%,0-5亿元,P1071507
团队跟踪,澹易深度价值1号私募证券投资基金,SAKW27,澹易深度价值1号私募证券投资基金,SAKW27,北京旦易,,2024-05-23,2024-05-30,光大证券股份有限公司,,,否,,,,,,,0,,,,,5-10亿元,P1067986
团队跟踪,旭杨凌云一号私募证券投资基金,SAKX05,旭杨凌云一号私募证券投资基金,SAKX05,广州旭杨,,2024-05-14,2024-05-27,中信证券股份有限公司,,每周周三、周四,可临开赎回,0%,,0%,0.9,,0.85,0.01,,0.02%,0.02%,20%,0-5亿元,P1074729
团队跟踪,国泰君安期货英大稳健1号FOF单一资产管理计划,SAKX46,国泰君安期货英大稳健1号FOF单一资产管理计划,SAKX46,,,2018-01-05,0000-00-00,,,,否,,,,,,,0,,,,,,
团队跟踪,博弈渭华翔昇三号私募证券投资基金,SAKX56,博弈渭华翔昇三号私募证券投资基金,SAKX56,青岛博弈资管,,2024-05-21,2024-05-28,招商证券股份有限公司,,每周周二、周三,可临开赎回,0%,不低于10万且为10万元的整数倍,0%,0.92,,0.9,0.005,A类份额：0%，B类份额：0.5%,0.01%,0.01%,A类份额：0%，B类份额：单客户单笔份额高水位法，当基金份额赎回、基金终止或分红时，且该赎回份额或分红份额当期收益大于年化 7%，管理人提取该份额整体盈利部分的 50%作为业绩报酬，但计提后该笔份额的当期年化收益不低于 7%。,20-50亿元,P1062573
团队跟踪,创世纪顾锝群英3号,SALA25,创世纪顾锝群英3号私募证券投资基金,SALA25,上海顾锝,,2024-05-22,2024-06-17,中信证券股份有限公司,,每周周二,可临开赎回,0%,,0%,0.88,,0.85,0.015,,0.01%,0.01%,产品业绩年化30%以内部分收取30%，产品业绩年化30%以上部分收取50%,10-20亿元,P1064314
团队跟踪,日青木化思享1号,SALB45,日青木化思享1号私募证券投资基金,SALB45,宁波日青木化资管,,2024-06-05,2024-06-14,华泰证券股份有限公司,,每个交易日,否,,,,,,,0,,,,,10-20亿元,P1069111
团队跟踪,玄元元昇2号私募证券投资基金,SALB47,玄元元昇2号私募证券投资基金,SALB47,广东玄元,,2024-06-18,2024-06-21,国泰君安证券股份有限公司,,,否,,,,,,,0,,,,,100亿元以上,P1029168
团队跟踪,诚奇睿盈优选运作2号,SALC59,诚奇睿盈优选运作2号私募证券投资基金,SALC59,上海诚奇,,2024-05-23,2024-07-24,招商证券股份有限公司,,每个自然月10日、25日以及每周周二,可临开赎回,0%,1万元起,A类份额：持有期小于12个月，赎回费率 3%；持有期大等于12个，赎回费率 0%。B类份额：0%,,,,0.01,A类份额：1%，B类份额：0%,0.025%,0.025%,采取“单客户单笔份额高水位法”；A类份额：20%，B类份额：0%,100亿元以上,P1001430
团队跟踪,龙智福星,SALD19,龙智福星私募证券投资基金,SALD19,广州龙智投资,,2024-06-05,2024-06-18,中信建投证券股份有限公司,,,否,,,,,,,0,,,,,0-5亿元,P1063752
团队跟踪,敦和芝诺量化CTA1号,SALD55,敦和芝诺量化CTA1号私募证券投资基金,SALD55,敦和资管,,2024-06-17,2024-06-27,国泰君安证券股份有限公司,,每个自然月的15日、每个自然月最后一个交易日,可临开赎回,0%,,0%,,无,,0.015,A类份额：1.5%，B类份额：0%,0.01%/年,0.01%/年,A类份额：当持有人赎回、基金分红或终止清算时，基金管理人对超过上一次成功计提业绩报酬日A类基金份额累计净值部分按20%比例提取业绩报酬。B类份额：0%,100亿元以上,P1000501
团队跟踪,天鸾长虹九号私募证券投资基金,SALE42,天鸾长虹九号私募证券投资基金,SALE42,深圳天鸾,,2024-06-05,2024-06-21,中信建投证券股份有限公司,,,否,,,,,,,0,,,,,0-5亿元,P1033936
团队跟踪,金锝闻广1号,SALF11,金锝闻广1号私募证券投资基金,SALF11,上海金锝资管,,2024-05-28,2024-06-12,中信证券股份有限公司,,"申购：每周最后2天
赎回：每月第三周最后2天",否,0,,0,,无,,0.005,,0.02%,0.01%,年化4%以上部分收20%,100亿元以上,P1008275
团队跟踪,澜音蓝星闪耀一期私募证券投资基金,SALF50,澜音蓝星闪耀一期私募证券投资基金,SALF50,上海澜音,,2024-05-28,2024-06-03,国泰君安证券股份有限公司,,每月6、18号,否,,,3~6个月内赎回费0.5%,0.85,,0.75,0.015,B类份额(300万及以上)：1.2%；C类份额(300万以下)：1.5%,,,B类份额(300万及以上)：15%；C类份额(300万以下)：20%,0-5亿元,P1072826
团队跟踪,熙盛睿秀2号私募证券投资基金,SALG26,熙盛睿秀2号私募证券投资基金,SALG26,上海熙盛明诚,,2024-06-07,2024-06-19,申万宏源证券有限公司,,,否,,,,,,,0,,,,,0-5亿元,P1065867
团队跟踪,龙壹盛顺达私募证券投资基金,SALG27,龙壹盛顺达私募证券投资基金,SALG27,杭州龙壹盛,,2024-06-04,2024-06-13,国泰君安证券股份有限公司,,每周周二、周四,可临开赎回,0%,,2%，赎回费归私募基金管理人所有,0.97,,0.95,0.015,,0.01%,0.01%,当年化收益率（R）大于业绩报酬计提触发条件（年化【6】%）时，对持有期全额收益按【60%】比例进行计提，计提后基金份额持有人年化收益率不低于业绩报酬计提触发条件。,10-20亿元,P1074474
团队跟踪,长鲸探源优选1号私募证券投资基金,SALG52,长鲸探源优选1号私募证券投资基金,SALG52,北京长鲸九州,,2024-05-30,2024-06-11,中信证券股份有限公司,,申购开放日为每周周四，赎回开放日为每月的最后一个工作日,否,0%,1万元起,0%,,无,,0.01,,0.02%,,每年12月的最后一个工作日、投资者赎回日、分红权益登记日、基金清算日，单个单笔高水位按15%计提,10-20亿元,P1073331
团队跟踪,米纳中证央企指数增强1号私募证券投资基金,SALH89,米纳中证红利指数增强1号私募证券投资基金,SALH89,横琴米纳资管,,2024-06-26,2024-07-08,国泰君安证券股份有限公司,,每周周四,可临开赎回,0%,,持有期小于180天，赎回费率为1%；持有期大等于180天，赎回费率为0%,,无,,0.01,A类份额：0%，B类份额：0%，C类份额：0.5%， D类份额：1%,0.01%,0.01%,A类份额：10%，B类份额：0%，C类份额：10%， D类份额：10%,0-5亿元,P1069406
团队跟踪,因诺期权13号私募证券投资基金,SALK28,因诺期权13号私募证券投资基金,SALK28,上海因诺资管,,2024-10-18,2024-11-01,招商证券股份有限公司,,每周周四、周五,否,1%,1万元起,持有时间少于3个月，赎回费率为0.5%；持有时间大于等于3个月，赎回费率为0%,,,,0.02,A类份额：2%，B类份额：1.5%,0.01%,0.01%,"业绩报酬的计算采取“单客户单笔份额高水位法”：业绩报酬提取时点分为固定时点提取、赎回时提取和合同终止时提取。固定时点提取是在每个自然年度6月及12月的第一个固定开放日。
基金成立日（认购份额）或该份额申购对应开放日（申购份额）至本业绩报酬计提日）收益的20%作为业绩报酬。",100亿元以上,P1006164
团队跟踪,量衍商品主观配置安泰1号私募证券投资基金,SALL30,量衍商品主观配置安泰1号私募证券投资基金,SALL30,浙江量衍投资,,2024-06-05,2024-06-17,国泰君安证券股份有限公司,,,否,,,,,,,0,,,,,0-5亿元,P1066658
团队跟踪,千衍六明2号私募证券投资基金,SALN78,千衍六明2号私募证券投资基金,SALN78,上海千衍,,2024-06-26,2024-07-31,财通证券股份有限公司,,,否,,,,,,,0,,,,,100亿元以上,P1009640
团队跟踪,衍进成长1号私募证券投资基金,SALP80,衍进成长1号私募证券投资基金,SALP80,上海衍进,,2024-06-18,2024-06-27,中信建投证券股份有限公司,,,否,,,,,,,0,,,,,0-5亿元,P1074800
团队跟踪,翰荣汇富量化专享一号私募证券投资基金,SALQ70,翰荣汇富量化专享一号私募证券投资基金,SALQ70,深圳翰荣,,2024-06-24,2024-07-01,广发证券股份有限公司,,,否,,,,0.9,,0.85,0,,,,,50-100亿元,P1063371
团队跟踪,汉鸿1000指数增强1号,SALQ78,汉鸿1000指数增强1号私募证券投资基金,SALQ78,上海汉鸿,,2024-06-13,2024-06-21,国泰君安证券股份有限公司,,,否,,,,,,,0,,,,,10-20亿元,P1072580
团队跟踪,安远安心一期私募证券投资基金,SALR11,安远安心一期私募证券投资基金,SALR11,北京安远,,2024-06-07,2024-06-17,中信建投证券股份有限公司,,,否,,,,,,,0,,,,,20-50亿元,P1073788
团队跟踪,宁泉金选致远2号私募证券投资基金,SALR72,宁泉金选致远2号私募证券投资基金,SALR72,上海宁泉资管,,2024-07-16,2024-07-16,兴业证券股份有限公司,,每周最后 2 个交易日,可临开赎回,0%,1万元起,A类份额：0%。B类份额：持有期小于330个自然日，赎回费率为3%；持有期大等于330个自然日，赎回费率为0%。,,,,0.005,A类份额：0%，B类份额：0.5%,0.015％,0.015％,A类份额：0%。B类份额：采用单个投资者单笔高水位净值法，计提10%,100亿元以上,P1067764
团队跟踪,倍致丹桂江锦,SALS25,倍致丹桂江锦私募证券投资基金,SALS25,杭州倍致,,2024-07-05,2024-07-16,国泰君安证券股份有限公司,,每周周五,否,1%,10万元起,持有期小于180天，赎回费率为1%,0.85,,0.8,0.01,,0.01%/年,0.01%/年,采用单个投资者单笔高水位净值法，在赎回、分红、清算日计提，计提比例20%。,50-100亿元,P1073143
团队跟踪,奇盾安富尊荣2号,SALT65,奇盾安富尊荣2号私募证券投资基金,SALT65,上海奇盾世家,,2024-06-18,2024-06-27,招商证券股份有限公司,,每周周三,可临开赎回,0%,,A类份额：持有期小于3 个月，赎回费率1%；持有期大等于3个月，赎回费率0%。B类份额：持有期小于 3 个月，赎回费率 0.5%；持有期大等于3个月，赎回费率0%,,,,0.01,A类份额：1%；B类份额：0%,0.01%,0.01%,A类份额：单客户单笔份额高水位法，提取赎回份额或分红份额当期超过中证转债指数（000832）对应期间收益的20%作为业绩报酬,20-50亿元,P1062571
团队跟踪,正定沪深300指数增强1号私募证券投资基金,SALT87,正定沪深300指数增强1号私募证券投资基金,SALT87,北京正定,,2024-06-13,2024-06-19,招商证券股份有限公司,,,否,,,,,,,0,,,,,100亿元以上,P1073791
团队跟踪,川砺稳健九号私募证券投资基金,SALW04,川砺稳健九号私募证券投资基金,SALW04,宁波川砺,,2024-07-19,2024-07-24,中信建投证券股份有限公司,,,否,,,,0.9,,0.85,0,,,,,5-10亿元,P1064154
团队跟踪,鸣石省心享兴泰锐进1号量化私募证券投资基金,SALW43,鸣石省心享兴泰锐进1号量化私募证券投资基金,SALW43,上海鸣石,,2024-07-10,2024-07-17,华泰证券股份有限公司,,每个交易日,否,0%,1万元起,0%,0.9,无,0.85,0.01,A类份额：0%，B类份额：1%,0.015%,0.015%,A类份额：0%，B类份额：单个投资者单份额高水位法，计提18%,100亿元以上,P1005659
团队跟踪,博斐优享五号私募证券投资基金,SALW48,博斐优享五号私募证券投资基金,SALW48,上海博斐基金,,2024-09-10,2024-09-13,国泰君安证券股份有限公司,汪澜,,可临开赎回,,,,,无,,0.01,,0.01%,0.01%,,0-5亿元,P1074219
团队跟踪,南传弘腾1号私募证券投资基金,SALY78,南传弘腾1号私募证券投资基金,SALY78,广东南传,,2024-07-05,2024-07-12,招商证券股份有限公司,,,否,,,,,,,0,,,,,10-20亿元,P1071741
团队跟踪,国泰君安私客尊享FOF3688号单一资产管理计划,SAMD17,国泰君安私客尊享FOF3688号单一资产管理计划,SAMD17,,,2018-01-05,,,,,否,,,,,,,0,,,,,,
团队跟踪,太和致远隆鑫三号私募证券投资基金,SAMF07,太和致远隆鑫三号私募证券投资基金,SAMF07,太和致远,,2024-09-02,2024-09-06,国泰君安证券股份有限公司,,（20250916已更新）每月15日（如遇非交易日，则顺延至下一交易日）以及每月最后一个交易日,可临开赎回,0,,持有期限<3 个月的，赎回费率为 1% ；持有期限≥3 个月的，赎回费率为 0%,,无,,0.015,,0.015%/年,0.015%/年,基金份额计提业绩报酬-提取业绩提成比例为盈利部分的 20%，于赎回、分红、基金终止时提取,50-100亿元,P1060662
团队跟踪,沣跃通达致远混合型私募证券投资基金,SAMF42,沣跃通达致远混合型私募证券投资基金,SAMF42,北京沣跃,,2024-08-26,2024-09-13,中信证券股份有限公司,,,否,,,,,,,0,,,,,5-10亿元,P1074579
团队跟踪,米纳进取中证1000指数增强2号私募证券投资基金,SAMF44,米纳进取中证1000指数增强2号私募证券投资基金,SAMF44,横琴米纳资管,,2024-07-19,2024-07-31,中信证券股份有限公司,,每个交易日,否,1%,,0%,,无,,0.01,B类份额：0%，C类份额：1%,0.01%,0.01%,20%,0-5亿元,P1069406
团队跟踪,榕树海北证选股1号私募证券投资基金,SAMJ60,榕树海北证选股1号私募证券投资基金,SAMJ60,珠海榕树海,,2024-07-05,2024-07-19,国泰君安证券股份有限公司,,,否,,,,,,,0,,,,,20-50亿元,P1074726
团队跟踪,长鲸探知阿尔法私享1号私募证券投资基金,SAMK20,长鲸探知阿尔法私享1号私募证券投资基金,SAMK20,北京长鲸九州,,2024-07-23,2024-07-26,国泰君安证券股份有限公司,,,否,,,,,,,0,,,,,10-20亿元,P1073331
团队跟踪,钇远茂承1号,SAMK46,钇远茂承1号私募证券投资基金,SAMK46,上海钇远,,2024-07-04,2024-07-12,国泰君安证券股份有限公司,,每周周二、周五,否,,,,,180天,,0.01,,,,业绩报酬18%（单人单笔高水位）,10-20亿元,P1074819
团队跟踪,泓原香湾中证1000指数增强1号,SAML60,泓原香湾中证1000指数增强1号私募证券投资基金,SAML60,上海泓原,,2024-08-09,2024-08-27,招商证券股份有限公司,,每周周三,否,0%,10万元起,0%,,,,0.01,,,,A类份额：当基金份额赎回、基金终止或分红时，若该份额当期收益为正且超过中证1000指数（000852）对应期间收益，则管理人将提取赎回份额或分红份额当期超过中证1000指数（000852）对应期间收益的20%作为业绩报酬（但提取业绩报酬之后该份额当期收益不得为负数）,0-5亿元,P1074808
团队跟踪,博弈博涵二号私募证券投资基金,SAMM23,博弈博涵二号私募证券投资基金,SAMM23,青岛博弈资管,,2024-07-10,2024-07-29,国泰君安证券股份有限公司,,每周周四、周五,否,0%,10万元的整数倍,0%,0.86,,0.8,0.01,A类份额：0%，B类份额：1%,0.015%,0.015%,单客户单笔高水位:赎回、分红(可选)、清算日，A类份额：0%；B类份额：B类基金单位份额年化收益率R小于或等于7%时，管理人不提取业绩报酬；若B类基金单位份额年化收益率R大于7%，对正收益部分提取50%作为业绩报酬，实际提取值以期间单笔份额对应年化收益率7%以上盈利部分为限。,20-50亿元,P1062573
团队跟踪,方普致远六号私募证券投资基金,SAMM31,方普致远六号私募证券投资基金,SAMM31,珠海横琴方普,,2025-04-14,2025-04-21,兴业证券股份有限公司,,每周一周二可申购赎回,否,,,90天内0.5%,,无,,0.01,,,,20%,5-10亿元,P1068284
团队跟踪,澜音全球国债宝1号私募证券投资基金,SAMN05,澜音全球国债宝1号私募证券投资基金,SAMN05,上海澜音,,2024-07-12,2024-07-31,国泰君安证券股份有限公司,,,否,,,,,,,0,,,,,0-5亿元,P1072826
团队跟踪,汇升安鑫一号私募证券投资基金,SAMN75,汇升安鑫一号私募证券投资基金,SAMN75,江苏苏豪汇升,,2024-07-25,2024-07-25,华泰证券股份有限公司,,,否,,,,,,,0,,,,,20-50亿元,P1005918
团队跟踪,汇升海鑫7号私募证券投资基金,SAMN76,汇升海鑫7号私募证券投资基金,SAMN76,江苏苏豪汇升,,2024-07-19,2024-07-22,华泰证券股份有限公司,,,否,,,,,,,0,,,,,20-50亿元,P1005918
团队跟踪,宁苑募集3号私募证券投资基金,SAMQ53,宁苑募集3号私募证券投资基金,SAMQ53,上海宁苑资管,,2024-07-09,2024-07-23,中信证券股份有限公司,,每个交易日,否,0%,,持有期小于730天，赎回费率1%；持有期大等于730 天，赎回费率0%,,,,0.02,,0.01%,0.01%,B类份额：20%,50-100亿元,P1018867
团队跟踪,鑫懿和山南1号,SAMS09,鑫懿和山南1号私募证券投资基金,SAMS09,浙江天持正,,2024-07-16,2024-07-24,海通证券股份有限公司,,,否,,,,,,,0,,,,,0-5亿元,P1022202
团队跟踪,蜂起期权对冲1号,SAMS17,蜂起期权对冲1号私募证券投资基金,SAMS17,珠海蜂起资本,,2024-07-26,2024-09-05,招商证券股份有限公司,,,否,,,,,,,0,,,,,5-10亿元,P1027405
团队跟踪,配邦高道长盛私募证券投资基金,SAMT60,配邦高道长盛私募证券投资基金,SAMT60,上海配邦,,2024-07-24,2024-07-29,国泰君安证券股份有限公司,,,否,,,,,,,0,,,,,0-5亿元,P1069760
团队跟踪,巨量均衡风暴一号,SAMT86,巨量均衡风暴一号私募证券投资基金,SAMT86,珠海巨量均衡,,2024-07-18,2024-07-29,中信证券股份有限公司,,每周一三五,否,,,,,,,0.015,,,,1.5%+20以下收20%，20以上收40%,5-10亿元,P1072577
团队跟踪,衍进稳健1号私募证券投资基金,SAMU06,衍进稳健1号私募证券投资基金,SAMU06,上海衍进,,2024-07-16,2024-07-19,国泰君安证券股份有限公司,,,否,,,,,,,0,,,,,0-5亿元,P1074800
团队跟踪,青琰诚杰一号私募证券投资基金,SANA24,青琰诚杰一号私募证券投资基金,SANA24,上海青琰,,2024-07-26,2024-07-31,中信证券股份有限公司,,每个自然周的周一、周三以及每年3月、9月的最后一个工作日,否,0%,,持有期小于180天，赎回费率1%；持有期大等于180天，赎回费率0%,,,,0.015,,,,管理人将根据委托人每笔投资的期间年化收益率（R），对期间年化收益率超过0%以上部分按照Y的比例收取业绩报酬。其中，A类份额业绩报酬的提取比例（Y）为20%。,20-50亿元,P1073943
团队跟踪,量道商品套利1号,SANA98,量道商品套利1号私募证券投资基金,SANA98,深圳量道投资,,2024-08-07,2024-08-20,长江证券股份有限公司,,每周周二、周三（如遇节假日不顺延）,否,1%,1万元的整数倍,持有期小于90天，赎回费率为1%；持有期大等于90天，赎回费率为0%，赎回费不得减免，归基金资产,,无,,0.02,A类份额:2.00%，B类份额:1.00%。 A类份额：为2025年2月28日前（含当日）申购成功的自然人合格投资者的基金份额。 B类份额：除A类以外的其他份额。,0.02%/年,0.02%/年,"A类份额：
1、计提方法：单人单笔高水位法。
2、计提时点：投资者赎回日、分红权益登记日、基金终止日。
3、计提比例：50%。
B类份额：
1、计提方法：单人单笔高水位法。
2、计提时点：投资者赎回日、分红权益登记日、基金终止日。
3、计提比例：50%。",100亿元以上,P1016658
团队跟踪,裕丰惠泽1号私募证券投资基金,SANB00,裕丰惠泽1号私募证券投资基金,SANB00,上海裕丰惠达,,2024-07-25,2024-07-30,中信证券股份有限公司,,每周周四、周五,可临开赎回,0%,,持有期小于3个月，赎回费率为0.5%；持有期大等于3个月，赎回费率为0%,,,,0.015,A 类份额：0%，B 类份额：1.5%,0.01%,0.01%,"计提基准日分为固定计提基准日（封闭期（若有）结束后的每年 6 月、12 月的第 4 个周四。）、该类份额的除息日（若有）、赎回申请日和基金终止日（其中固定计提基准日和除息日（若有）统称为“统一计提基准日”）。
计提方法：单人单笔高水位法计提比例，A 类份额：0%，B 类份额：20%",5-10亿元,P1073106
团队跟踪,华年进取2号私募证券投资基金,SANC63,华年进取2号私募证券投资基金,SANC63,上海华年,,2024-08-05,2024-08-27,招商证券股份有限公司,,每周周一、周二,否,A类份额、B类份额：1%；C类份额、D类份额：0%,,持有期小于180天，赎回费率为 1%；其中基金份额持有时间少于3个月（本基金管理人及其员工跟投本基金份额的，为 6 个月）视为违约赎回，违约赎回费率 1%。持有期大于等于180天，赎回费率为 0%,,,,0.015,A类份额：1.5%，B类份额：1%，C 类份额：0%，D类份额：0%,,,"采取“单客户单笔份额高水位法”：业绩报酬提取时点分为固定时点（每个自然年度12月的最后一个固定开放日）提取、分红时提取、赎回时提取和合同终止时提取。
A类份额、B类份额：20%；C类份额、D类份额：0%",50-100亿元,P1074827
团队跟踪,广联宏优孚1号,SANE23,广联宏优孚1号私募证券投资基金,SANE23,海南广联宏,,2024-08-22,2024-08-30,华泰证券股份有限公司,,每周周三、周四,可临开赎回,0%,1万元起,0%,,无,,0.01,,0.01%,0.01%,单个投资者单份额高水位法，计提20%,5-10亿元,P1072844
团队跟踪,铭跃行远均衡专享十三号,SANE63,铭跃行远均衡专享十三号私募证券投资基金,SANE63,上海铭跃,,2024-08-07,2024-09-12,招商证券股份有限公司,,每周周一、周二,否,,,持有期小于90天，赎回费率为1%；持有期大等于90天，赎回费率为0%,,无,,0.02,,0.01%,0.01%,投资者赎回日、分红权益登记日、基金清算日；计提20%,50-100亿元,P1073580
团队跟踪,鼎一奕星聚配,SANG53,鼎一奕星聚配私募证券投资基金,SANG53,深圳前海鼎一,,2024-08-26,2024-09-03,中信证券股份有限公司,,每周三、周四开放申赎,否,0,,0-0.6%（3个月）,,0,,0,0.6%,,,单人单笔高水位15%,10-20亿元,P1030725
团队跟踪,量子策云稳健五号私募证券投资基金,SANG90,量子策云稳健五号私募证券投资基金,SANG90,北京量子智能投资,,2024-09-03,2024-09-18,中信建投证券股份有限公司,,,否,,,,,,,0,,,,,10-20亿元,P1061355
团队跟踪,量道明达2号私募证券投资基金,SANH26,量道瑞享3号私募证券投资基金,SANH26,深圳量道投资,,2024-09-03,2024-09-24,华泰证券股份有限公司,,每周周三、周四，遇非工作日不顺延。,可临开赎回,0, 1 万元的整数倍,"持有期小于180天，赎回费率为1%；持有期大等于180天，赎回费率为0%。
赎回费用（如有）归基金资产所有。",,无,,0.01,A类份额:0%，B类份额:1.00%。 A类份额：本基金管理人、基金管理人员工、基金管理人管理或其担任投资顾问的产品、基金管理人股东、关联方私募基金管理人、关联方私募基金管理人员工、关联方私募基金管理人管理或其担任投资顾问的产品。 B类份额：除A类基金份额投资者以外的产品类合格投资者。,0.02%/年,0.02%/年,"A类份额：不计提业绩报酬。
B类份额：
计提方式：单客户单笔份额高水位法。
计提时点：赎回日、分红日、基金终止日。
计提比例：18%。",100亿元以上,P1016658
团队跟踪,博衍医疗健康1号私募证券投资基金,SANJ34,博衍医疗健康1号私募证券投资基金,SANJ34,杭州博衍,,2024-10-14,2024-10-18,国泰君安证券股份有限公司,,每周周四、周五,可临开赎回,A类份额：1% ，管理人有权减免；B类份额：0%,,A类份额：持有期小于90天，赎回费率为1%；持有期大等于90天，赎回费率为0%。B类份额：持有期小于90天，赎回费率为0.01%；持有期大等于90天，赎回费率为0%。,,无,,0.015,A类份额：1.5%，B类份额：0%,0.01%,0.01%,单个投资者单笔高水位净值法，A类份额：计提比例：20%；B类份额：不计提业绩报酬,20-50亿元,P1074267
团队跟踪,富敦聚宝添利私募证券投资基金,SANJ74,富敦聚宝添利私募证券投资基金,SANJ74,富敦诺康私募上海,,2024-08-16,2024-09-30,中国银行股份有限公司,,,否,,,,,,,0,,,,,5-10亿元,P1071940
团队跟踪,涌现奇点私募证券投资基金,SANN14,涌现奇点私募证券投资基金,SANN14,上海涌现,,2024-08-09,2024-09-27,华鑫证券有限责任公司,,,否,,,,,,,0,,,,,0-5亿元,P1074609
团队跟踪,坤望量化选股5号私募证券投资基金,SANN40,坤望量化选股5号私募证券投资基金,SANN40,上海坤望,,2024-09-12,2024-09-27,国泰君安证券股份有限公司,,,否,,,,,,,0,,,,,20-50亿元,P1072723
团队跟踪,简文日昇8号私募证券投资基金,SANR59,简文日昇8号私募证券投资基金,SANR59,上海简文,,2024-09-02,2024-09-30,华鑫证券有限责任公司,,每周倒数第一个工作日,否,A 类份额：0%，B类份额：1%,10万元起,持有期小于3个月，赎回费率为1%；持有期大等于3个月，赎回费率为0%,,无,,0.01,A 类份额：0%，B类份额：1%,,,"计提基准日：收益分配时、赎回基金份额时、基金终止时、固定时点计提（每年最后一个工作日）时。
单客户单笔份额高水位法，当R>0%时，对超过0%的收益部分提取30%的业绩报酬(A类不计提业绩报酬)",10-20亿元,P1022166
团队跟踪,榕树海中证500指数增强2号私募证券投资基金,SANT29,榕树海中证500指数增强2号私募证券投资基金,SANT29,珠海榕树海,,2024-08-30,2024-09-04,国泰君安证券股份有限公司,,,否,,,,,,,0,,,,,20-50亿元,P1074726
团队跟踪,因诺期权21号,SANV46,因诺期权21号私募证券投资基金,SANV46,上海因诺资管,,2024-09-12,2024-09-24,浙商证券股份有限公司,,每周周三、周四,否,0%,1万元起,持有期小于90天，赎回费率为0.5%；持有期大于等于90天，免收赎回费,,无,,0.01,,0.025%,0.025%,"提取比例： 20%；
计提基准日：赎回申请对应的开放日、基金终止日、固定结算日（每年6月的第一个周三和12月的第一个周三，如遇节假日则顺延至下一交易日）",100亿元以上,P1006164
团队跟踪,金锝暄锦1号,SANV96,金锝暄锦1号私募证券投资基金,SANV96,上海金锝资管,,2024-08-27,2024-09-19,中信证券股份有限公司,,,否,,,,,,,0,,,,,100亿元以上,P1008275
团队跟踪,鸣熙承华1号私募证券投资基金,SANW72,鸣熙承华1号私募证券投资基金,SANW72,鸣熙资本,,2024-09-03,2024-09-06,华泰证券股份有限公司,,,否,,,,,,,0,,,,,100亿元以上,P1033450
团队跟踪,珠熙宏观对冲2号,SANX85,珠熙宏观对冲2号私募证券投资基金,SANX85,上海珠熙,,2024-09-13,2024-09-24,海通证券股份有限公司,,每年1、4、7、10月第10至第14个交易日,否,0.5%,,单人单笔不足12个月，0.5%；超过12个月，0%,,,,0.018,,1%,1%,投资收益的20%提取，单人单笔高水位法,0-5亿元,P1074737
团队跟踪,固禾盈宝8号私募证券投资基金,SANZ45,固禾盈宝8号私募证券投资基金,SANZ45,深圳固禾,,2024-09-13,2024-09-13,华泰证券股份有限公司,,,否,,,,,,,0,,,,,5-10亿元,P1026626
团队跟踪,盈怀香柏树1号私募证券投资基金,SANZ73,盈怀香柏树1号私募证券投资基金,SANZ73,南京盈怀,,2024-09-04,2024-09-24,中信证券股份有限公司,,本基金固定开放日为成立后每个自然月的 18 号，接受申购和赎回申请，如 对应日为非工作日，则顺延至下一个工作日。,可临开赎回,0,不设限制,D＜3个月 1.5%， 3个月≤D＜6个月 0.5% ，D≥6个月 0%， 基金终止或清算 0%,,,,0.0075,本基金 B 类份额的年管理费率为 0%，A 类份额的年管理费率 R 为 0.75%，C 类份额的年管理费率 R 为 1%。,0.015%,0.015%,"本基金仅针对 A 类/C 类份额计提业绩报酬，B 类份额不计提业绩报酬。
本基金业绩报酬计提基准日分为该类份额的除息日（若有）、赎回申请日和基金终止日。业绩报酬计提日为分红确认日（若有）、赎回确认日和基金终止确认日。若某次分红（若有）对应的除息日与该类份额上一个发生业绩报酬计提对应的除息日间隔期短于【6】个月时，则该次分红的除息日及其对应的分红确认日（若有）不计提业绩报酬。
管理人将根据委托人每笔投资的期间年化收益率（R），对期间年化收益率超过 4%以上部分按照 Y 的比例收取业绩报酬。A 类/C 类份额业绩报酬的提取比例（Y）为 25%。",20-50亿元,P1074847
团队跟踪,中谦星辰一号,SAPB34,中谦星辰一号私募证券投资基金,SAPB34,杭州中谦资管,,2024-09-06,2024-09-12,招商证券股份有限公司,,申购开放日为每个自然周的最后一个工作日。赎回开放日为每个自然月度的第二个自然周的最后一个工作日,否,0%,,持有期小于3 个月，赎回费1%；持有期超过3 个月，赎回费0%,,3个月,,0.015,,0.02%,0.02%,单客户高水位法，在投资者赎回日、分红权益登记日、基金清算日收取期间收益的 20%。,0-5亿元,P1032373
团队跟踪,宸蹊开阳1号私募证券投资基金,SAPB65,宸蹊开阳1号私募证券投资基金,SAPB65,上海宸蹊,,2024-09-20,2024-10-10,中信证券股份有限公司,,每周周二,否,A类份额：申购金额大于等于 500 万元，申购费率为 0%； 申购金额小于500万大于等于300万元，申购费率为 0.5%； 申购金额小于 300 万，申购费率为 1%。B类份额：0%,,持有期限小于6个月，赎回费率为 1%；持有期限大于等于6个月，赎回费率为 0%,,,,0.01,A类份额：1%，B类份额：0%,0.01%,0.01%,"A类份额：采用高水位法计算业绩报酬，业绩报酬的提取比例为 20%。
B类份额：不计提业绩报酬。",0-5亿元,P1074829
团队跟踪,固禾盈宝9号私募证券投资基金,SAPC82,固禾盈宝9号私募证券投资基金,SAPC82,深圳固禾,,2024-09-18,2024-09-18,华泰证券股份有限公司,,,否,,,,,,,0,,,,,5-10亿元,P1026626
团队跟踪,广联宏星月神话稳健1号,SAPD50,广联宏星月神话稳健1号私募证券投资基金,SAPD50,海南广联宏,,2025-01-17,2025-01-22,国泰君安证券股份有限公司,,每周三、四,可临开赎回,0%,,0%,,无,,0.015,,0.01%,0.01%,"本基金业绩报酬计提基准为年化 0%。
业绩报酬的计算： 0%＜R-B≤10%，对超出业绩报酬计提基准部分提取 20%的业绩报酬
当 10%＜R-B≤20%，对超出业绩报酬计提基准部分分段提取 20%和 30%的业绩报酬，即
当 20%＜R-B 时，对超出业绩报酬计提基准部分分段提取 20%、30%和 40%的业绩报酬
当 R-B ≤0%时，不提取业绩报酬",5-10亿元,P1072844
团队跟踪,盛恒六号中证500指数增强私募证券投资基金,SAPD60,盛恒六号中证500指数增强私募证券投资基金,SAPD60,深圳盛恒投资,,2024-10-28,2024-10-30,招商证券股份有限公司,,每周二,否,,10万元起,持有期小于90天赎回费1%，持有期大于90天小于180天赎回费0.5%，大于180天赎回费0%,,,,0.005,A类份额：1%，B类份额：0.5%,0.02%,0.02%,超额20%,5-10亿元,P1060478
团队跟踪,盛恒七号沪深300指数增强私募证券投资基金,SAPD66,盛恒七号沪深300指数增强私募证券投资基金,SAPD66,深圳盛恒投资,,2024-12-03,2024-12-19,招商证券股份有限公司,,每周二,否,,10万元起,持有期小于90天赎回费1%，持有期大于90天小于180天赎回费0.5%，大于180天赎回费0%,,,,0.01,0.5%,0.02%,0.02%,超额20%,5-10亿元,P1060478
团队跟踪,海楚进取成长1号私募证券投资基金,SAPG21,海楚进取成长1号私募证券投资基金,SAPG21,上海海楚资管,,2024-09-19,2024-09-27,华泰证券股份有限公司,,,否,,,,,,,0,,,,,10-20亿元,P1026876
团队跟踪,锡和骐骥1号,SAPL25,锡和骐骥1号私募证券投资基金,SAPL25,上海锡和,,2024-10-16,2024-10-18,招商证券股份有限公司,,每周二、周三,否,,,90天内赎回费0.5%，90天以上无赎回费,,,,0.01,,0.015%,0.015%,计提30%业绩报酬,5-10亿元,P1074621
团队跟踪,秋千3号私募证券投资基金,SAPL68,秋千3号私募证券投资基金,SAPL68,广东秋千,,2024-09-25,2024-09-30,招商证券股份有限公司,,,否,,,90天0.5%,,,,0.01,,0.01%,0.01%,赎回分红时计提60%，但计提后份额年化收益不得低于6%,10-20亿元,P1074866
团队跟踪,弈倍新质生产力进取一号私募证券投资基金,SAPM40,弈倍新质生产力进取一号私募证券投资基金,SAPM40,上海弈倍,,2024-10-18,2024-10-28,中信证券股份有限公司,,每周四、周五,否,,,90天内0.3%,,,,0.01,,,,10%,20-50亿元,P1061585
团队跟踪,坤望隆盛专享1号私募证券投资基金,SAPM41,坤望隆盛专享1号私募证券投资基金,SAPM41,上海坤望,,2024-10-10,2024-10-15,华泰证券股份有限公司,,,否,,,,,,,0,,,,,20-50亿元,P1072723
团队跟踪,金友宏观对冲1号私募证券投资基金,SAPN60,金友宏观对冲1号私募证券投资基金,SAPN60,南京金友,,2024-10-22,2024-10-25,国泰君安证券股份有限公司,,,否,,,,,,,0,,,,,0-5亿元,P1073917
团队跟踪,龙壹盛风华永晟私募证券投资基金,SAPN72,龙壹盛风华永晟私募证券投资基金,SAPN72,杭州龙壹盛,,2024-10-17,2024-10-24,华泰证券股份有限公司,,,否,,,,,,,0,,,,,10-20亿元,P1074474
团队跟踪,锦福源私享一号私募证券投资基金,SAPQ49,锦福源私享一号私募证券投资基金,SAPQ49,海南锦福源,,2024-10-14,2024-10-30,国泰君安证券股份有限公司,,,否,,,,,,,0,,,,,10-20亿元,P1073567
团队跟踪,磐松核心资产指数增强进取1号私募证券投资基金,SAPR48,磐松核心资产指数增强进取1号私募证券投资基金,SAPR48,上海磐松,,2024-10-15,2024-10-18,华泰证券股份有限公司,,每周周一、周二,否,0%,25万,持有期小于90天，赎回费率为1%；持有期大等于90天但小于180天，赎回费率为0.5%；持有期大等于180天但小于365天，赎回费率为0.25%；持有期大等于365天，赎回费率为0%,,无,,0,,0.02%,0.02%,"客户每笔份额相对同期中证A500指数收益率的超额收益，计提20%。
计提基准日：固定时点、赎回时、终止时；固定计提基准日为每年2、8 月的第一个交易日",100亿元以上,P1074204
团队跟踪,宁波溢锋白鹿一号,SAPS19,宁波溢锋白鹿一号私募证券投资基金,SAPS19,宁波溢锋,,2024-11-04,2024-11-18,光大证券股份有限公司,,"本基金自基金成立之日起（不含），固定开放日为每自然周的周二和周三（如遇非工作日，则不开放）,固定开放日允许申购、允许赎回。",可临开赎回,0,单笔应不低于【10】万元人民币,0,,-,,0.01,1%,0.025%（最低值为每年【0.25】万元）,0.025%（最低值为每年【0.25】万元）,0.3,10-20亿元,P1063867
团队跟踪,正定量化对冲4号私募证券投资基金,SAPS29,正定量化对冲4号私募证券投资基金,SAPS29,北京正定,,2024-10-29,2024-10-31,华泰证券股份有限公司,,每周周三、周四,否,0%,,"A类份额：持有时间0-92天：0.5%；持有时间92天以上：0%。
B 类份额：持有时间0-92天：0.5%；持有时间92天以上：0%。
C 类份额：持有时间0-92天：0.5%；持有时间92天-184天：0.01；’持有时间184天以上：0%。",,,,0.01,A类份额: 0%；B类份额、C类份额：1%,0.015%,0.015%,"计提方法：单个投资者单份额高水位法
A类份额：0%；
B类份额、C类份额：20%；
计提时点：固定时点（每年最后一个交易日）、赎回、到期日。
",100亿元以上,P1073791
团队跟踪,国承中天农历一号私募证券投资基金,SAPT41,国承中天农历一号私募证券投资基金,SAPT41,北京国承资管,,2024-10-28,2024-11-12,中信证券股份有限公司,,,否,,,,,,,0,,,,,0-5亿元,P1026448
团队跟踪,平安证券价值1号MOM单一资产管理计划,SAPV61,平安证券价值1号MOM单一资产管理计划,SAPV61,,海南图灵,2024-10-17,2024-12-23,中国银行股份有限公司,,,否,,,,,,,0,,,,,,
团队跟踪,博衍九溪CTA2号私募证券投资基金,SAPX61,博衍九溪CTA2号私募证券投资基金,SAPX61,杭州博衍,,2024-10-23,2024-11-04,国泰君安证券股份有限公司,,每周周二,可临开赎回,0%,,A类份额：持有期小于90天，赎回费率为1%；持有期大等于90天，赎回费率为0%。B类份额：持有期小于90天，赎回费率为0.5%；持有期大等于90天，赎回费率为0%,,无,,0.015,,0.01%,0.01%,20%,20-50亿元,P1074267
团队跟踪,奇盾安富尊荣3号私募证券投资基金,SAPY25,奇盾安富尊荣3号私募证券投资基金,SAPY25,上海奇盾世家,,2024-10-31,2024-11-05,国泰君安证券股份有限公司,,每周最后一个交易日,可临开赎回,0%,,＜90天：1%,,无,,0.01,,0.01%,0.01%,业绩报酬原计提35%，通过出具业绩报酬减免说明函降低至20%,20-50亿元,P1062571
团队跟踪,景行重明1号私募证券投资基金,SAPY71,景行重明1号私募证券投资基金,SAPY71,上海景行,,2024-12-23,2025-01-16,中泰证券股份有限公司,,,否,,,,,,,0,,,,,0-5亿元,P1074702
团队跟踪,博弈博涵三号私募证券投资基金,SAPZ55,博弈博涵三号私募证券投资基金,SAPZ55,青岛博弈资管,,2024-10-18,2024-10-23,中国银河证券股份有限公司,,每周周三、周四,否,0%,1万元起,持有期小于90天，赎回费率为0.5%；持有期大等于90天，赎回费率为0%,,,,0.01,A类份额：0%；B类份额：1%,0.01%,0.01%,A类份额：0%。B类份额：单位份额年化收益率R小于或等于7%时，管理人不提取业绩报酬；单位份额年化收益率R大于7%，对正收益部分提职60%作为业绩报酬，实际提取值以期间单笔份额对应年化收益率7以上盈利部分为限。,20-50亿元,P1062573
团队跟踪,博弈渭华翔昇六号私募证券投资基金,SAQB67,博弈渭华翔昇六号私募证券投资基金,SAQB67,青岛博弈资管,,2024-10-24,2024-10-30,国泰君安证券股份有限公司,,每周四、五申赎,否,0,,90天0.5%,,0,,0.01,,0.020%,0.020%,"A类份额0% 
B类份额：B类基金单位份额年化收益率R小于或等于7%时，管理人不提取业绩报酬;若B类基金单位份额年化收益率R大于7%，对正收益部分提取60%作为业绩报酬，实际提取值以期间单笔份额对应年化收益率7%以上盈利部分为限。",20-50亿元,P1062573
团队跟踪,蒙玺中证A500指数量化1号私募证券投资基金,SAQC06,蒙玺中证A500指数量化1号私募证券投资基金,SAQC06,上海蒙玺投资,,2024-11-05,2024-11-14,国泰君安证券股份有限公司,,,否,,,,,,,0,,,,,100亿元以上,P1063294
团队跟踪,千衍九凌7号私募证券投资基金,SAQC28,千衍九凌7号私募证券投资基金,SAQC28,上海千衍,,2024-10-24,2024-10-31,中信证券股份有限公司,,每周周二,否,A类份额：1%；B类份额：0%,10万元起,"A类份额：持有期在0-6个月，赎回费2%；持有期6个月含以上，赎回费0%。
B类份额：持有期在0-3个月，赎回费0.5%；持有期3个月含以上，赎回费0%。",,无,,0.015,A类份额：1.5%；B类份额：1%,0.015%,0.015%,20%,100亿元以上,P1009640
团队跟踪,睿启鑫享1号,SAQD46,睿启鑫享1号私募证券投资基金,SAQD46,无锡睿启,,2024-10-30,2024-11-11,国泰君安证券股份有限公司,,,否,,,,,,,0,,,,,0-5亿元,P1074526
团队跟踪,瑞鼎飞龙1号,SAQF58,瑞鼎飞龙1号私募证券投资基金,SAQF58,福建东方瑞鼎资管,,2024-10-29,2024-11-14,兴业证券股份有限公司,,每周周二、周三,可临开赎回,1%,10万元起,持有期小于90个自然日，赎回费率为1%；持有期大等于90个自然日，赎回费率为0%,,,,0.01,,0.01％,0.01％,A类份额：30%，B类份额：0%,0-5亿元,P1034820
团队跟踪,大树隽清绝对收益聚配1号,SAQF79,大树隽清绝对收益聚配1号私募证券投资基金,SAQF79,深圳大树,,2024-10-29,2024-11-08,中信证券股份有限公司,,每周周四、周五,否, 1%,1万元起,持有期不满 3 个月，赎回费率为0.5%（赎回费归基金财产所有，不可减免）,,,,0.008,,,,单人单笔高水位16%,0-5亿元,P1023564
团队跟踪,宽德金选中证A500指数增强1期私募证券投资基金,SAQG66,宽德金选中证A500指数增强1期私募证券投资基金,SAQG66,上海宽德,,2024-11-27,2024-12-02,国泰君安证券股份有限公司,,,否,,,,,,,0,,,,,100亿元以上,P1005623
团队跟踪,吉丰赏灿星一号,SAQH33,吉丰赏灿星一号私募证券投资基金,SAQH33,北京吉丰,,2024-11-29,2024-12-19,中信建投证券股份有限公司,,每周周二、周三,否,,,持有期小于180天，赎回费率为0.5%,,,,0.015,,,,5%以上收20%,10-20亿元,P1021481
团队跟踪,泛涵汇富广元2号私募证券投资基金,SAQH81,泛涵汇富广元2号私募证券投资基金,SAQH81,北京泛涵投资,,2024-11-15,2024-11-20,广发证券股份有限公司,,,否,,,,,,,0,,,,,5-10亿元,P1004911
团队跟踪,铭跃量选50,SAQJ54,铭跃量选50私募证券投资基金,SAQJ54,上海铭跃,,2025-01-02,2025-01-07,国泰君安证券股份有限公司,,每周周三,可临开赎回,0%,,持有期小于 90 天，赎回费率为 0.5%；持有期大等于90 天，赎回费率为 0%,,无,,0,,0.01%,0.01%,A类份额：0%，B类份额：15%,50-100亿元,P1073580
团队跟踪,天辉雷诺1号中证1000指数增强私募证券投资基金,SAQL48,天辉雷诺1号中证1000指数增强私募证券投资基金,SAQL48,上海天辉,,2024-11-05,2024-11-08,招商证券股份有限公司,,每周周三、周四,可临开赎回,1%,1万元起,持有期小于3个月，赎回费率为0.5%；持有期大等于3个月，赎回费率为0%。赎回费归本基金资产所有,,,,0.01,,0.01%,0.01%,采取“单客户单笔份额高水位法”，当R>0%时，对超过0%的收益部分提取20%的业绩报酬,20-50亿元,P1030879
团队跟踪,香农吉祥500指增一号私募证券投资基金,SAQM86,香农吉祥500指增一号私募证券投资基金,SAQM86,海南三亚香农,,2024-11-19,2024-12-05,中信证券股份有限公司,,,否,,,,,,,0,,,,,20-50亿元,P1072386
团队跟踪,慕途盈川1号,SAQQ67,慕途盈川1号私募证券投资基金,SAQQ67,慕途基金,,2024-11-25,2024-12-10,兴业证券股份有限公司,,每周五开放申购，每月第四个周五开放赎回,否,1%,,持有期小等于90天，赎回费率为1%；持有期大于90天，赎回费率为0%,,无,,0.015,,0.01%,0.01%,"管理人将根据委托人每笔投资的期间年化收益率( R)，对期间年化收益率超过0%至20%部分提取20%，20%至30%部分提取30%，30%至40%部分提取40%
提取40%，40%以上部分提取50%。",10-20亿元,P1073298
团队跟踪,敦和安心共享1号,SAQQ96,敦和安心共享1号私募证券投资基金,SAQQ96,敦和资管,,2024-12-12,2024-12-26,中信证券股份有限公司,,每个自然季度末月(即3月、6月、9月和12月)的最后一个交易日,否,0%,10万元起,0%,,,,0.005,,0.01%,0.01%,0%,100亿元以上,P1000501
团队跟踪,湘财证券优卡优享稳健FOF11号单一资产管理计划,SAQR3P,湘财证券优卡优享稳健FOF11号单一资产管理计划,SAQR3P,湘财证券,,2024-11-18,,,,,否,,,,,,,0,,,,,,I0011540
团队跟踪,铭跃行远均衡专享十六号私募证券投资基金,SAQS03,铭跃行远均衡专享十六号私募证券投资基金,SAQS03,上海铭跃,,2024-11-15,2024-11-21,国泰君安证券股份有限公司,,每周周四、周五,可临开赎回,0%,,持有期小于90 天，赎回费率为 0.5%；持有期大等于90 天，赎回费率为 0%,,无,,0.02,,0.01%,0.01%,对超过上次成功计提基准日基金份额累计净值部分按 20%比例进行计提,50-100亿元,P1073580
团队跟踪,日青木化思享3号,SAQS20,日青木化思享3号私募证券投资基金,SAQS20,宁波日青木化资管,,2024-11-14,2024-11-22,华泰证券股份有限公司,,每周的第 1、2 个工作日,否,0%,,0%,,无,,0.01,,0.01%,0.01%,"本基金采用“单个投资者单份额高水位法”。
单个基金份额持有人单笔 A 类基金份额投资业绩报酬为 30%；
单个基金份额持有人单笔 B 类基金份额投资业绩报酬为 40%。",10-20亿元,P1069111
团队跟踪,正瀛中性选股1号私募证券投资基金,SAQT61,正瀛中性选股1号私募证券投资基金,SAQT61,上海正瀛资管,,2024-11-12,2024-11-19,国信证券股份有限公司,,每周周二、周三，遇节假日不顺延,否,,,,,,,0.01,,,,不计提,100亿元以上,P1060813
团队跟踪,唯瞻承禄六号私募证券投资基金,SAQW77,唯瞻承禄六号私募证券投资基金,SAQW77,杭州唯瞻,,2024-11-26,2024-12-12,国泰君安证券股份有限公司,,,否,,,,,,,0,,,,,10-20亿元,P1074419
团队跟踪,亿莱祥长丰进取1号,SAQY63,亿莱祥长丰进取1号私募证券投资基金,SAQY63,上海亿莱祥,,2024-11-19,2024-11-27,华泰证券股份有限公司,,每季度第3个月第1、2、3、4、5个工作日，无对应工作日的，则不开放,否,0%,10万元起,持有期小等于92天，赎回费率为1%；持有期大于92天，赎回费率为0%,,无,,0.01,,0.01%,0.01%,20%,0-5亿元,P1074587
团队跟踪,觅得凌志1号私募证券投资基金,SAQZ83,觅得凌志1号私募证券投资基金,SAQZ83,海南觅得,,2024-12-17,2025-01-03,华泰证券股份有限公司,,,否,,,,,,,0,,,,,0-5亿元,P1073576
团队跟踪,时间序列红利指增2号私募证券投资基金,SARA08,时间序列红利指增2号私募证券投资基金,SARA08,青岛时间序列资管,,2024-11-20,2024-12-04,华泰证券股份有限公司,,申赎开放日为每周最后 2 个工作日，无对应工作日的则不开放,否,1%,1万,0-92天0.5%，92天以上0%,,无,,0.01,基金管理费按前一日基金资产净值【1】%的年费率计提,0.01%,0.01%,本基金采用“单个投资者单份额高水位法”。在基金份额持有人赎回基金或者基金终止时进行业绩报酬的提取在业绩报酬提取时点，本基金份额年化收益率根据相对同期红利低波 100 全收益指数（代码 H20955）年化收益率（超额年化收益率 Re）进行提取:当 Re≥0 时，则 R=F×C×Re×20%×T/365 ,10-20亿元,P1071639
团队跟踪,琅熙长风1号私募证券投资基金,SARB44,琅熙长风1号私募证券投资基金,SARB44,杭州琅熙投资,,2024-12-06,2024-12-11,华泰证券股份有限公司,,每周的第1个工作日,可临开赎回,0%,10万元起,0%,,无,,0.01,,,,20%,0-5亿元,P1069185
团队跟踪,榕树海中证1000指数增强1号私募证券投资基金,SARD05,榕树海中证1000指数增强1号私募证券投资基金,SARD05,珠海榕树海,,2024-12-13,2024-12-18,国泰君安证券股份有限公司,,,否,,,,,,,0,,,,,20-50亿元,P1074726
团队跟踪,朴时灵动配置聚配一号,SARD72,朴时灵动配置聚配一号私募证券投资基金,SARD72,上海朴时投资,,2024-11-25,2024-12-05,招商证券股份有限公司,,,否,,,,,,,0,,,,,10-20亿元,P1066101
团队跟踪,正仁股票择时一期,SARD76,正仁股票择时一期私募证券投资基金,SARD76,海南正仁,,2024-11-22,2024-12-04,中信证券股份有限公司,,每周三,否,,,0,,,,0.015,,,,20%,50-100亿元,P1071301
团队跟踪,玄元中证A500指数增强1号私募证券投资基金,SARF15,玄元中证A500指数增强1号私募证券投资基金,SARF15,广东玄元,,2024-11-29,2024-12-06,国泰君安证券股份有限公司,,,否,,,,,,,0,,,,,100亿元以上,P1029168
团队跟踪,立心学院菁英增强3号,SARG03,立心学院菁英增强3号私募证券投资基金,SARG03,青岛立心,,2024-12-09,2024-12-13,招商证券股份有限公司,,每周周三、周四,否,1%,,0%,,,,0.02,,0.01%,0.01%,20%,20-50亿元,P1066776
团队跟踪,融成水滴石穿3号,SARH25,融成水滴石穿3号私募证券投资基金,SARH25,长沙嘉信融成投资,,2024-12-04,2024-12-09,中信证券股份有限公司,,每周周二、周三,否,0%,,持有期小于90天，赎回费率为0.55%；持有期大于90天，赎回费率为0%,,,,0.01,,0.015%,0.015%,20%,10-20亿元,P1023820
团队跟踪,国合价值精选2号私募证券投资基金,SARK13,国合价值精选2号私募证券投资基金,SARK13,深圳国合基金,,2024-12-04,2024-12-19,国泰君安证券股份有限公司,叶展铭,每周周二、周三,可临开赎回,A类份额：0%，B类份额：1%，C类份额：1%,,持有期小于90天，赎回费率为 0.5%；持有期大等于90天，赎回费率为0%,,无,,0.02,A类份额：0%，B类份额：1%，C类份额：2%,0.01%,0.01%,A类份额：0%，B类份额：15%，C类份额：20%,5-10亿元,P1061339
团队跟踪,蓝墨长河8号私募证券投资基金,SARK88,蓝墨长河8号私募证券投资基金,SARK88,上海蓝墨投资,,2024-12-09,2024-12-19,国泰君安证券股份有限公司,,,否,,,,,,,0,,,,,50-100亿元,P1003927
团队跟踪,柏石银针1号,SARM17,柏石银针1号私募证券投资基金,SARM17,西安柏石,,2024-12-09,2024-12-17,国泰君安证券股份有限公司,,每周二、周三,可临开赎回,0,,90天以下：0.5%，90天以上：0,,0,,0.01,,0.025%,0.025%,单人单笔高水位30%,10-20亿元,P1069047
团队跟踪,天鸾旭日六号私募证券投资基金,SARN33,天鸾旭日六号私募证券投资基金,SARN33,深圳天鸾,,2024-12-13,2024-12-23,国泰君安证券股份有限公司,,每周周三,可临开赎回,0%,1万元起,持有期小等于90天，赎回费率为1%；持有期大于90天，赎回费率为0%,,无,,0.01,,0.02%,0.02%,60%,0-5亿元,P1033936
团队跟踪,大树隽清绝对收益聚配2号,SARN45,大树隽清绝对收益聚配2号私募证券投资基金,SARN45,深圳大树,,2024-12-24,2025-01-10,招商证券股份有限公司,,,否,,,,,,,0,,,,,0-5亿元,P1023564
团队跟踪,博孚利尊享76号私募证券投资基金,SARQ19,博孚利尊享76号私募证券投资基金,SARQ19,厦门博孚利资管,,2024-11-29,0000-00-00,,,,否,,,,,,,0,,,,,50-100亿元,P1023120
团队跟踪,量子策云稳健一号私募证券投资基金,SARR02,量子策云稳健一号私募证券投资基金,SARR02,北京量子智能投资,,2024-12-11,2024-12-18,国泰君安证券股份有限公司,邱畅,每周周一,否,0,,持有三个月以上为0,,,,0.01,,,,,10-20亿元,P1061355
团队跟踪,联海宏观增强平衡1号私募证券投资基金,SARR67,联海宏观增强平衡1号私募证券投资基金,SARR67,北京星鹏联海,,2024-12-09,2024-12-12,国泰君安证券股份有限公司,,,否,,,,,,,0,,,,,20-50亿元,P1034351
团队跟踪,涵德量化15号私募证券投资基金,SART78,涵德量化15号私募证券投资基金,SART78,北京涵德投资,,2024-12-11,2024-12-16,国泰君安证券股份有限公司,,每周四、周五,否,,,90天内1%；90-365天0.5%；365天以外，0,,,,0.01,,,,20%,50-100亿元,P1001739
团队跟踪,广金美好嘉诺传承9号私募证券投资基金,SARU30,广金美好嘉诺传承9号私募证券投资基金,SARU30,广东横琴广鑫美好,,2024-12-13,2025-01-06,华福证券股份有限公司,,,否,,,,,,,0,,,,,50-100亿元,P1033731
团队跟踪,正瀛骐骥指数增强17号私募证券投资基金,SARV98,正瀛骐骥指数增强17号私募证券投资基金,SARV98,上海正瀛资管,,2024-12-09,2024-12-12,招商证券股份有限公司,,,否,,,,,,,0.01,,,,1%+0,100亿元以上,P1060813
团队跟踪,添禄量化股票策略5号私募证券投资基金,SARW21,添禄量化股票策略5号私募证券投资基金,SARW21,上海添禄投资,,2024-12-20,2025-01-06,国泰君安证券股份有限公司,,每周第3、第4个交易日,可临开赎回,A类份额、B类份额：0%，C 类份额：1%,,"持有期小于3个月，赎回费率为0.5%；持有期大等于3个月，赎回费率为0%；赎回费归入整体基金资产,管理人不得减免。",,无,,0.01,A类份额：0%，B类份额：0.6%，C类份额：1%,0.02%,0.02%,单个投资者单笔高水位净值法，A类份额：0%，B类份额：13%，C类份额：20%,20-50亿元,P1064139
团队跟踪,牛福国博一号私募证券投资基金,SARW87,牛福国博一号私募证券投资基金,SARW87,上海牛福,,2024-12-06,2024-12-20,兴业证券股份有限公司,,,否,,,,,,,0,,,,,0-5亿元,P1062053
团队跟踪,盛恒八号市场中性量化对冲,SARX61,盛恒八号市场中性量化对冲私募证券投资基金,SARX61,深圳盛恒投资,,2024-12-25,2025-01-06,招商证券股份有限公司,,每周二,可临开赎回,A 类份额：1%，B 类份额、C 类份额：0%,10万元起,持有期小于 3 个月，赎回费率 1%（即违约赎回费率）；持有期大等于 3 个月但小于 6 个月，赎回费率 0.5%；持有期大于等于 6 个月，赎回费率 0%,,,,0.01,A类份额：1%，B类份额：0.5%，C 类份额：0%,0.01%（资金监督费：0.02%）,0.01%,20%,5-10亿元,P1060478
团队跟踪,守正用奇龙珠2号私募证券投资基金,SARZ37,守正用奇龙珠2号私募证券投资基金,SARZ37,广州守正用奇,,2024-12-13,2024-12-18,招商证券股份有限公司,,申购开放日为每周二、周三；赎回开放日为每月的第一个周二,否,1%,1万元起,持有时间少于 3 个月，A 类份额赎回费率为1%，B 类份额赎回费率为 0.5%；持有时间大于等于 3 个月但少于 6 个月，A 类份额赎回费率为 0.5%，B类份额赎回费率为 0%；持有时间大于等于 6 个月，A 类和 B 类份额赎回费率均为 0%,,,,0.015,,0.01%,0.01%,业绩报酬的计算采取“单客户单笔份额高水位法”：当基金份额赎回、基金终止或分红时，管理人将提取赎回份额或分红份额当期收益的 20%作为业绩报酬。,20-50亿元,P1021611
团队跟踪,青琰合信八号私募证券投资基金,SASB30,青琰合信八号私募证券投资基金,SASB30,上海青琰,,2024-12-25,2024-12-31,国泰君安证券股份有限公司,,,否,,,,,,,0,,,,,20-50亿元,P1073943
团队跟踪,金锝牵星1号私募证券投资基金,SASB89,金锝牵星1号私募证券投资基金,SASB89,上海金锝资管,,2024-12-26,2025-01-13,中信证券股份有限公司,,每个自然周的最后两个工作日,可临开赎回,1%,,持有期小于3个月，赎回费率1%；持有期大等于3个月，赎回费率0%；基金终止或清算，赎回费率0%（赎回费全额归入基金整体资产且不得减免）,,无,,0.015,A类份额：0%，B类份额：1.5%，C类份额：1.5%，D 类份额：1.5%,0.015%,0.015%,"A类份额：不计提业绩报酬。
B类、C 类份额：期间份额年化收益率超过 5%以上部分按照Y的比例收取业绩报酬
B类份额：
Y=20%，R/D <1.5；
Y=30%，1.5≤ R/D <2.5；
Y=40%，2.5≤ R/D <3.5；
Y=50%，3.5 ≤ R/D。
C 类份额：
Y=30%，R/D <1.5；
Y=40%，1.5≤ R/D <2.5；
Y=50%，2.5≤ R/D <3.5；
Y=60%，3.5 ≤ R/D。
D 类份额：
40%
计提基准日：固定计提基准日（每年 6 月、12 月的第 3 周（每月 1 日所在周为该月第 1 周）的最后一个工作日）、该类份额的除息日（若有）、赎回申请日和基金终止日（其中固定计提基准日和除息日（若有）统称为“统一计提基准日”）。",100亿元以上,P1008275
团队跟踪,正定中证A500指数增强1号私募证券投资基金,SASC55,正定中证A500指数增强1号私募证券投资基金,SASC55,北京正定,,2024-12-16,2024-12-20,国泰君安证券股份有限公司,,,否,,,,,,,0,,,,,100亿元以上,P1073791
团队跟踪,正则CTA旗舰1号私募证券投资基金,SASE42,正则CTA旗舰1号私募证券投资基金,SASE42,北京正则,,2025-04-09,2025-04-14,国泰君安证券股份有限公司,,,否,,,,,,,0,,,,,5-10亿元,P1073433
团队跟踪,骐邦-骐纵多策略低波精选私募证券投资基金,SASF46,骐邦-骐纵多策略低波精选私募证券投资基金,SASF46,上海骐邦投资,,2024-12-18,2024-12-24,招商证券股份有限公司,,每周三周四,可临开赎回,A类、C类份额申购费率为0%； B类份额申购费率为1%。,10万元起,A类、C类份额不收取； B类份额满1年不收取，满6个月不满1年收取0. 5%，不满6个月收取1%。,,无,,0.01,B、C类份额每年收取1%。,0.02%,0.02%,"B类份额：年化收益小于5%时不提取业绩报酬，年化收益大于5%时，提取超过5%部分的50%作为业绩报酬；
C类份额：提取年化收益的20%",0-5亿元,P1007295
团队跟踪,锐耐日日积一号私募证券投资基金,SASG57,锐耐日日积一号私募证券投资基金,SASG57,上海锐耐,,2025-02-11,2025-02-14,国泰君安证券股份有限公司,,每周周二、周三,否,,,,,,,0.008,,,,年化收益的3%以上计提50%,20-50亿元,P1071795
团队跟踪,澜熙星瀚11号私募证券投资基金,SASH00,澜熙星瀚11号私募证券投资基金,SASH00,上海澜熙资管,,2025-01-22,2025-02-06,国泰君安证券股份有限公司,,每周周三,否,0%,,持有期小于90天，赎回费率为0.5%；持有期大等于90天，赎回费率为0%,,无,,0.01,,0.02%,0.02%,单人单笔高水位法，35%,5-10亿元,P1062538
团队跟踪,简文日昇2号私募证券投资基金,SASJ15,简文日昇2号私募证券投资基金,SASJ15,上海简文,,2025-01-10,2025-01-15,国泰君安证券股份有限公司,,基金成立之后的每周最后一个交易日。 ,否,本基金申购费率为 0%,,本基金份额持有期低于 92 天的赎回费率为 1%，基金份额持有期在 92 天及以 上的赎回费率为 0%。,,不设置 ,,0.02,,0.02%,0.02%,业绩报酬的计算采用单个投资者单笔高水位净值法，即基金份额持有人的每笔基金份额或赎回份额累计净值大于上次成功计提基准日（首次计提时，则为参与日份额累计净值）时，分别计算每笔份额在上一成功计提基准日至本次计提基准日持有期间的基金份额累计净值增长差额，对超过上次成功计提基准日基金份额累计净值部分按 30%比例进行计提。,10-20亿元,P1022166
团队跟踪,和熙期权对冲1号私募证券投资基金,SASJ96,和熙期权对冲1号私募证券投资基金,SASJ96,浙江和熙资管,,2024-12-30,2025-01-10,浙商证券股份有限公司,,每周周一、周二,否,0%,,持有期小于90天，收取1%；持有期大等于90天，收取0%,,无,,0.015,,0.02%,0.02%,"当 Ri,j≤【0%】时，不计提业绩报酬；
当 Ri,j＞【0%】时，基金管理人对期间实际收益率超过【0%】的部分提取【20%】作为业绩报酬",0-5亿元,P1033444
团队跟踪,华年量化选股择时1号,SASK40,华年量化选股择时1号私募证券投资基金,SASK40,上海华年,,2024-12-24,2024-12-27,华泰证券股份有限公司,,成立后每周二、周三,否,1%,,【0】天-【180】天（含）为【1】%  【180】天以上为【0】 %,,无,,0,A类2% B类1% C类0% D类0%,0.01%,,"A类25%（除B类、C类和D类以外的其他合格投资者）
B类20%（除D类以外已经投资于本管理人管理的其他产品的投资者）
C类0%（除B 类外与本基金管理人签署战略协定的投资人及其发行或担任投资顾问的资产管理产品(含私募基金)）
D类0%（本基金管理人、管理人员工、管理人发行或担任投资顾问的资产管理产品）
",50-100亿元,P1074827
团队跟踪,鸣熙沪港深红利精选1号私募证券投资基金,SASK46,鸣熙沪港深红利精选1号私募证券投资基金,SASK46,鸣熙资本,,2024-12-25,2024-12-30,中信证券股份有限公司,,,否,,,,,,,0,,,,,100亿元以上,P1033450
团队跟踪,泓湖省心享均衡配置六号私募证券投资基金,SASK75,泓湖省心享均衡配置六号私募证券投资基金,SASK75,上海泓湖,,2025-02-05,2025-02-05,华泰证券股份有限公司,,每周周三、周四,否,0%,,持有期小于92天，赎回费率为1%；持有期大等于92天，赎回费率为0%,,无,,0.0075,,0.02%,0.02%,"B类份额：在固定时点（基金成立后每年 12月最后一个周三，遇非工作日顺延）、基金份额持有人赎回或者基全终止时进行业绩报酬的提取。
如果r<5%，则R=0；
如果r≥5%，则R=FxCx(r-5%)x15%xT/365",100亿元以上,P1000395
团队跟踪,因诺金城A500择时1号私募证券投资基金,SASK97,因诺金城A500择时1号私募证券投资基金,SASK97,上海因诺资管,,2025-03-26,2025-04-07,国泰君安证券股份有限公司,,,否,,,,,,,0,,,,,100亿元以上,P1006164
团队跟踪,古木辉耀成长私募证券投资基金,SASL69,古木辉耀成长私募证券投资基金,SASL69,上海古木投资,,2025-02-20,2025-02-20,国泰君安证券股份有限公司,,,否,,,,,,,0,,,,,20-50亿元,P1000891
团队跟踪,衍复中证A500指数增强一号私募证券投资基金,SASM47,衍复中证A500指数增强一号私募证券投资基金,SASM47,上海衍复投资,,2025-03-24,2025-03-27,中信证券股份有限公司,,本基金固定开放日为封 闭期满后的每个自然周的周四，接受申购和赎回申请。如对应日为非工作日，则 顺延至本周下一个工作日，若本周无下一个工作日的，则该对应日不开放。,否,0,,份额持有天数（D） 赎回费率 D＜12个月 1% D≥12个月 0% 基金终止或清算 0%,,基金成立日（含）起的 3 个月内为封闭期，封闭期内不接受赎回申请,,0.01,本基金的年管理费率为 1%。管理费的计算公式为： H＝E×R÷N H：每日应计提的管理费； E: 前一日的基金资产净值； R：年管理费率； N：当年的实际天数。,0.015%,,"本基金业绩报酬自建仓日之后开始计提，计提基准日分为除息日（若有）、
赎回申请日和基金终止日。业绩报酬计提日为分红确认日（若有）、赎回确认日
和基金终止确认日。若某次分红（若有）对应的除息日与本基金上一个发生业绩
报酬计提对应的除息日间隔期短于【6】个月时，则该次分红的除息日及其对应
的分红确认日（若有）不计提业绩报酬。
管理人将根据委托人每笔投资的期间实际收益率（R）超过同期中证 A500 指
数（简称对标指数，代码：000510.SH）收益率（Rzs）的部分与 0%进行比较，
当 R-Rzs 大于 0%且 R>0%时，按照 R 超过该期间对标指数收益率部分的【20%】计
提业绩报酬，且计提业绩报酬之后该笔份额不得产生亏损。",100亿元以上,P1070325
团队跟踪,量道明察2号私募证券投资基金,SASQ14,量道明察2号私募证券投资基金,SASQ14,深圳量道投资,,2024-12-27,2025-01-02,兴业证券股份有限公司,,每周三、周四（遇节假日不顺延）,可临开赎回,0,1 万元的整数倍,<90天为1%，>=90天为0%,,无,,0.01,A类份额:1.00%，B类份额:0%。 A类份额：除B类投资者以外的其他合格投资者。 B类份额：管理人、管理人内部员工以及管理人发行的产品。,0.015%/年,0.015%/年,"A类份额：
计提方式：单客户单笔份额高水位法。
计提时点：赎回日、基金终止日、分红权益登记日。
计提比例：20%。
B类份额：不计提业绩报酬。",100亿元以上,P1016658
团队跟踪,金锝暄锦2号,SASS36,金锝暄锦2号私募证券投资基金,SASS36,上海金锝资管,,2025-01-10,2025-01-24,国泰君安证券股份有限公司,,每周第二、三个交易日,否,,,持有期小于90天，赎回费率为0.5%,,,,0.01,,,,20%,100亿元以上,P1008275
团队跟踪,星坤星辰1号,SAST77,星坤星辰1号私募证券投资基金,SAST77,上海星坤,,2025-01-09,2025-01-17,国泰君安证券股份有限公司,,,否,,,,,,,0,,,,,10-20亿元,P1074914
团队跟踪,正定中证A500指数增强2号私募证券投资基金,SASV13,正定中证A500指数增强2号私募证券投资基金,SASV13,北京正定,,2025-01-06,2025-01-15,国泰君安证券股份有限公司,,,否,,,,,,,0,,,,,100亿元以上,P1073791
团队跟踪,盛丰量化CTA1号,SASW32,盛丰量化CTA1号私募证券投资基金,SASW32,海南盛丰,,2025-02-11,2025-02-19,招商证券股份有限公司,,,否,,,,,,,0,,,,,50-100亿元,P1073590
团队跟踪,北京雪球厚雪宏观对冲2号私募证券投资基金,SASW80,北京雪球厚雪宏观对冲2号私募证券投资基金,SASW80,北京雪球,,2025-01-13,2025-01-16,招商证券股份有限公司,,,否,,,,,,,0,,,,,50-100亿元,P1025556
团队跟踪,省心享千朔中证A500兴泰1号私募证券投资基金,SASW88,省心享千朔中证A500兴泰1号私募证券投资基金,SASW88,上海千朔投资,,2025-02-26,2025-03-05,华泰证券股份有限公司,,,否,,,,,,,0,,,,,100亿元以上,P1069502
团队跟踪,澜熙险峰1号私募证券投资基金,SASX99,澜熙险峰1号私募证券投资基金,SASX99,上海澜熙资管,,2025-01-06,2025-01-09,海通证券股份有限公司,,,否,,,,,,,0,,,,,5-10亿元,P1062538
团队跟踪,澜熙海川1号,SASY00,澜熙海川1号私募证券投资基金,SASY00,上海澜熙资管,,2025-01-13,2025-01-16,海通证券股份有限公司,,每周三，如遇非工作日，则顺延至下一工作日，如本周无下一个 工作日的，则本周无开放日。,否,,,,,,,0,,,,,5-10亿元,P1062538
团队跟踪,新时代共赢一号私募证券投资基金,SASY33,新时代共赢一号私募证券投资基金,SASY33,海南时代共赢,,2025-01-10,2025-01-15,华鑫证券有限责任公司,,每周四、周五,否,,,90天内1%,,,,0.01,,,,分段：25%内25%、25%外50%,10-20亿元,P1071911
团队跟踪,全天候人工智能产业基金一号,SASY89,全天候人工智能产业基金一号私募证券投资基金,SASY89,珠海寰宸,,2025-01-17,2025-02-06,招商证券股份有限公司,,,否,,,,,,,0,,,,,20-50亿元,P1072409
团队跟踪,纵帆见微成长1号私募证券投资基金,SASZ16,纵帆见微成长1号私募证券投资基金,SASZ16,海南纵帆,,2025-02-18,2025-03-06,华泰证券股份有限公司,,,否,,,,,,,0,,,,,0-5亿元,P1072157
团队跟踪,禄格朱雀二号,SATD72,禄格朱雀二号私募证券投资基金,SATD72,陕西禄格,,2025-01-10,2025-01-23,中信证券股份有限公司,,每周周三、周四,否,0%,1万元起,持有期90天以内收取0.75%，90天以上（含）不收取,,无,,0.015,,0.015%,0.015%,业绩报酬的计算采用年化收益率超过0%以上且在30%以下（含）的部分按照30%的比例收取业绩报酬，对期间年化收益率在30%以上的部分按照50%的比例收取业绩报酬。,0-5亿元,P1072306
团队跟踪,阶石稳健1号私募证券投资基金,SATE65,阶石稳健1号私募证券投资基金,SATE65,深圳阶石,,2025-02-06,2025-02-13,华泰证券股份有限公司,,,否,,,,,,,0,,,,,0-5亿元,P1069896
团队跟踪,明湾金品中国,SATE77,明湾金品中国私募证券投资基金,SATE77,上海明湾资管,,2025-01-16,2025-01-21,招商证券股份有限公司,,,否,,,,,,,0,,,,,10-20亿元,P1001040
团队跟踪,亦赋山海9号多策略,SATJ31,亦赋山海9号多策略私募证券投资基金,SATJ31,海南亦赋,,2025-01-23,2025-02-05,国泰君安证券股份有限公司,,每周周二、周三,可临开赎回,0%,,持有期小于90天，赎回费率为0.75%；持有期大等于90天，赎回费率为0%,,无,,0.015,,0.01%,0.01%,20%,50-100亿元,P1073329
团队跟踪,金岭西湖逸云私募证券投资基金,SATJ37,金岭西湖逸云私募证券投资基金,SATJ37,青岛金岭,,2025-02-18,2025-02-27,兴业证券股份有限公司,,每周第 2 个交易日,可临开赎回,A类份额：0%， B类份额：1%,,持有期小于 90 个自然日，赎回费率为 1%；持有大等于 90 个自然日且小于 180个自然日，赎回费率为 0.5%；持有期大等于 180 个自然日，赎回费率为 0%,,,,0.01,A类份额：0%， B类份额：1%,0.01％,0.01％,A类份额：0%， B类份额：50%,0-5亿元,P1013666
团队跟踪,木莲安澜1号,SATL22,木莲安澜1号私募证券投资基金,SATL22,深圳木莲,,2025-02-28,2025-03-05,国泰君安证券股份有限公司,,每周周四、周五,否,0%,,持有期小于90天，赎回费率为0.75%；持有期大等于90天，赎回费率为0%,,,,0.015,A类份额：1.5%，B类份额：0.5%，C类份额：0%,0.01%,0.01%,"单笔份额高水位净值法，固定计提确认日（每年12月最后一个交易日）、赎回、分红、清算日计提。
A类：10%以内计提20%业绩报酬，超过10%以上的部分计提50%业绩报酬；
B类：10%以内计提20%业绩报酬，超过10%以上的部分计提35%业绩报酬；
C类：0%",5-10亿元,P1014491
团队跟踪,南传价值之路私募证券投资基金,SATL47,南传价值之路私募证券投资基金,SATL47,广东南传,,2025-01-24,2025-02-05,华福证券股份有限公司,,,否,,,,,,,0,,,,,10-20亿元,P1071741
团队跟踪,弈倍A500核心资产精选一号私募证券投资基金,SATL50,弈倍A500核心资产精选一号私募证券投资基金,SATL50,上海弈倍,,2025-01-17,2025-01-26,华泰证券股份有限公司,,每周周一、周二,可临开赎回,A类份额：0%，B类份额：1%，C类份额：1%,1万元起,持有期小等于3个月，赎回费率为0.5%；持有期大于3个月，赎回费率为0%,,无,,0.01,A类份额：0%，B类份额：1%，C类份额：1%,0.015%,0.015%,A类份额：0%。B类份额：在业绩报酬提取时点，本基金 B 类份额收益率根据相对同期中证 A500 指数(SH.000510)收益率（超额收益率 Re）进行提取，计提10%。C类份额：在业绩报酬提取时点，本基金C类份额收益率根据相对同期中证 A500 指数(SH.000510)收益率（超额收益率 Re）进行提取，计提10%,20-50亿元,P1061585
团队跟踪,国泰君安期货私客尊享FOF11号单一资产管理计划,SATM39,国泰君安期货私客尊享FOF11号单一资产管理计划,SATM39,,,2018-01-05,0000-00-00,国泰君安证券股份有限公司,,,否,,,,,,,0,,,,,,
团队跟踪,海金自贸合润私募证券投资基金,SATN10,海金自贸合润私募证券投资基金,SATN10,海南海金证券投资,,2025-03-03,2025-03-07,华鑫证券有限责任公司,,,否,,,,,,,0,,,,,0-5亿元,P1071310
团队跟踪,青琰合信十号私募证券投资基金,SATN49,青琰合信十号私募证券投资基金,SATN49,上海青琰,,2025-01-17,2025-01-23,中信证券股份有限公司,,每周周二、周三,可临开赎回,1%,,持有期小等于92天，赎回费率为1%；持有期大于92天，赎回费率0%,,,,0.015,A 类份额：1.5%，B 类份额：0%，C 类份额：1%,0.01%,0.01%,"在业绩报酬提取时点，本基金份额年化收益率根据相对同期北证50 指数年化收益率的 90%（超额年化收益率 Re）进行提取。提取比例为A 类份额：20%，B 类份额：0%，C 类份额：20%。
计提基准日：固定计提基准日（每年 6 月、12 月的第一个周二）、分红除权日、投资者赎回开放日、基金终止日",20-50亿元,P1073943
团队跟踪,华年可转债1号私募证券投资基金,SATP05,华年可转债1号私募证券投资基金,SATP05,上海华年,,2025-01-20,2025-01-23,国泰君安证券股份有限公司,,,否,,,,,,,0,,,,,50-100亿元,P1074827
团队跟踪,远澜红枫25号私募证券投资基金,SATQ01,远澜红枫25号私募证券投资基金,SATQ01,上海远澜,,2025-01-24,2025-02-19,华泰证券股份有限公司,,每周周四，遇非工作日则不开放,可临开赎回,1%,每次申购的金额应不低于【1】 万元人民币（不含申购费（如有））。,0天-92天（含）0.5%；92天以上0%，归基金资产,,无,,0.015,1.5%,0.015%,0.015%,0|0.18,100亿元以上,P1018484
团队跟踪,谊恒滴海私享1号,SATQ53,谊恒滴海私享1号私募证券投资基金,SATQ53,上海滴海,,2025-02-21,2025-03-05,国泰君安证券股份有限公司,, 每周周三、周四（不顺延）,否,0%,,持有期小于90天，赎回费率为0.75%；持有期大等于90天，赎回费率为0%,,无,,0.015,A类份额：0%，B类份额：1.5%,0.01%,0.01%,"A类份额：0%。
B类份额：单个投资者单份额高水位法，20%",10-20亿元,P1012859
团队跟踪,量创全天候元语3号,SATR03,量创全天候元语3号私募证券投资基金,SATR03,前海量创投资,,2025-02-19,2025-03-14,国泰君安证券股份有限公司,,每周周三,可临开赎回,1%,,持有期笑于90天，赎回费率为0.75%；持有期大等于90天，赎回费率为0%,,无,,0.015,A类份额：1.5%，B类份额：0%,0.01%,0.01%,单个投资者单笔高水位净值法，A类份额：20%，B类份额：不计提业绩报酬,20-50亿元,P1032081
团队跟踪,珏朔翼陇私募证券投资基金,SATR26,珏朔翼陇私募证券投资基金,SATR26,上海珏朔资产,,2025-02-13,2025-02-13,华泰证券股份有限公司,,,否,,,,,,,0,,,,,20-50亿元,P1034694
团队跟踪,极量晨风一号,SATR80,极量晨风一号私募证券投资基金,SATR80,共青城极量投资,,2025-01-22,2025-02-10,招商证券股份有限公司,,每周的周三、周四,否,0%,1万元起,持有期小于 3 个月，赎回费率0.5%；持有期大等于 3 个月，赎回费率为0%,,无,,0.01,,0.01%/年,0.01%/年,提取赎回份额或分红份额当期收益的 60%作为业绩报酬,10-20亿元,P1071373
团队跟踪,奇盾安富尊荣4号混合对冲,SATS63,奇盾安富尊荣4号混合对冲私募证券投资基金,SATS63,上海奇盾世家,,2025-02-14,2025-02-20,国泰君安证券股份有限公司,,每周周三,可临开赎回,0%,,A 类份额：持有期小于90天，赎回费率为 1%；持有期大等于90 天，赎回费率为 0%。B 类份额：持有期小于 90 天，赎回费率为 0.5%，持有期大等于90 天，赎回费率为 0%。,,无,,0.01,A 类份额：1%，B 类份额：0%,0.01%,0.01%,A 类份额：20%，B 类份额：0%,20-50亿元,P1062571
团队跟踪,千衍六贞22号私募证券投资基金,SATU64,千衍六贞22号私募证券投资基金,SATU64,上海千衍,,2025-01-24,2025-02-05,国泰君安证券股份有限公司,,每周周二、周三,否,0%,,持有期小于90天，赎回费率为0.5%；持有期大等于90天，赎回费率为0%,,无,,0.01,A类份额：0%；B类份额：1%,0.015%,0.015%,"A类：无业绩报酬；
B类：在分红、赎回、终止、固定时点（每年6月15日）时，若持有期年化收益率小于等于0%，则不计提业绩报酬；若持有期年化收益率大于0%，则管理人对超出部分按20%的比例提取业绩报酬。",100亿元以上,P1009640
团队跟踪,远澜如意街火松5号私募证券投资基金,SATV10,远澜如意街火松5号私募证券投资基金,SATV10,上海远澜,,2025-02-21,2025-02-26,东方证券股份有限公司,,,否,,,,,,,0,,,,,100亿元以上,P1018484
团队跟踪,广联宏稳健2号私募证券投资基金,SATV20,广联宏稳健2号私募证券投资基金,SATV20,海南广联宏,,2025-02-17,2025-02-20,招商证券股份有限公司,,每周周四、周五,否,0%,,持有期小于90天，赎回费率为0.5%；持有期大等于90天，赎回费率为0%,,无,,0.01,,0.01%,0.01%,单笔份额高水位净值法，赎回、分红、清算日计提，默认分红再投资，对基金资产增值部分按【20】%比例进行计提。,5-10亿元,P1072844
团队跟踪,东方慧投5号,SATV42,东方慧投5号私募证券投资基金,SATV42,厦门复兴东方,,2025-02-26,2025-03-10,兴业证券股份有限公司,,,否,,,,,,,0,,,,,0-5亿元,P1073388
团队跟踪,顽岩量化选股1号私募证券投资基金,SATW62,顽岩量化选股1号私募证券投资基金,SATW62,上海顽岩,,2025-02-06,2025-02-10,华泰证券股份有限公司,,每周一、周二，遇非工作日则不开放。,可临开赎回,0%,追加金额无限制,D<92天：1%   D>92天，0%,,无,,0.01,1.0%,0.01%/年,0.01%/年,业绩报酬：20.0%（绝对收益）,100亿元以上,P1034708
团队跟踪,坤望凌云2号私募证券投资基金,SATW66,坤望凌云2号私募证券投资基金,SATW66,上海坤望,,2025-03-19,2025-03-24,国泰君安证券股份有限公司,,每周周一,否,0%,,持有期小于90天，赎回费率为1%；持有期大等于90天，赎回费率为0%,,无,,0.01,A类份额：0%，B类份额：1%,0.015%,0.015%,"A类份额：不计提业绩报酬。
B类份额：计提基准：年化7%；计提比例：60%",20-50亿元,P1072723
团队跟踪,润波洪瑞1号私募证券投资基金,SATW84,润波洪瑞1号私募证券投资基金,SATW84,上海润波涌跃,,2025-02-17,2025-02-20,国泰君安证券股份有限公司,,,否,,,,,,,0,,,,,0-5亿元,P1074431
团队跟踪,泓原兴凯湖1号,SATX01,泓原兴凯湖1号私募证券投资基金,SATX01,上海泓原,,2025-02-12,2025-02-24,华泰证券股份有限公司,,每周周二、周三,否,0%,10万元起,"持有期在0天-92天（含）的，赎回费率为0.5%；持有期在92天以上的，赎回费率为0%
",,,,0.01,A类份额：1%，B类份额：0%,,,"B类份额不计提业绩报酬。
A类份额业绩报酬计提方式：
年化收益率在0（含）至  6   %（不含）时，不计提业绩报酬；
年化收益率在 6 %（含）以上时，计提整体收益（0以上部分）的 20 %，业绩报酬提完后不低于6%。",0-5亿元,P1074808
团队跟踪,远澜藤枫宏观量化6号私募证券投资基金,SATX15,远澜藤枫宏观量化6号私募证券投资基金,SATX15,上海远澜,,2025-02-28,2025-03-10,华泰证券股份有限公司,,为每周的第 4 个工作日，无对应工作日的，则不开放,可临开赎回,认购费A类0%，B类0%，C类1%；申购费A类0%，B类0%，C类1%,基金募集期间追加净认购金额应不低于【1】万元人民币（不含认购费（如有））,持有天数小于等于92天1%；持有天数大于92天，0%,,无,,0.012,A类0%，B类1%，C类1.2%,0.015%,0.015%,当 R>5％时，对超过5%的收益部分提取【A类0%；B类18%；C类20%】的业绩报酬,100亿元以上,P1018484
团队跟踪,通源得一迅驰CTA一号,SATY53,通源得一迅驰CTA一号私募证券投资基金,SATY53,珠海横琴通源得一,,2025-02-13,2025-02-24,中信证券股份有限公司,,,否,,,,,,,0,,,,,0-5亿元,P1074927
团队跟踪,量道如是1号私募证券投资基金,SAUA30,量道如是1号私募证券投资基金,SAUA30,深圳量道投资,,2025-02-13,2025-02-20,兴业证券股份有限公司,,每周三开放申购和赎回（遇非交易日顺延至本周的下一个交易日，若本周无交易日可顺延，则不再顺延至下周，即本周不进行开放）。,可临开赎回,1%,1 万元的整数倍,<90天为1%，>=90天为0%，归基金资产,,无,,0.015,,0.015%/年,0.015%/年,"计提方式：年化收益率法。
计提时点：赎回申请日、基金清算日、分红权益登记日。
计提比例：20%。",100亿元以上,P1016658
团队跟踪,顽岩中证2000指数增强2号私募证券投资基金,SAUC43,顽岩中证2000指数增强2号私募证券投资基金,SAUC43,上海顽岩,,2025-05-22,2025-05-30,招商证券股份有限公司,,,否,,,,,,,0,,,,,100亿元以上,P1034708
团队跟踪,正定量化选股1号私募证券投资基金,SAUD63,正定量化选股1号私募证券投资基金,SAUD63,北京正定,,2025-02-12,2025-02-20,招商证券股份有限公司,,每周的周三、周四,否,0%,,持有期小于3个月，赎回费率为0.5%；持有期大等于3个月，赎回费率为0%,,无,,0.01,A类份额：0%，B类份额：1%,0.01%,0.01%,A类份额：不计提业绩报酬；B类份额：计提比例：20%,100亿元以上,P1073791
团队跟踪,香农吉祥A500指增一号私募证券投资基金,SAUF91,香农吉祥A500指增一号私募证券投资基金,SAUF91,海南三亚香农,,2025-02-20,2025-03-06,华泰证券股份有限公司,,,否,,,,,,,0,,,,,20-50亿元,P1072386
团队跟踪,钜融娄山关1号,SAUH91,钜融娄山关1号私募证券投资基金,SAUH91,中海外钜融资管,,2025-02-17,2025-03-06,中信建投证券股份有限公司,,每周周二、周三,可临开赎回,0%,,持有期小于90天，赎回费率为0.5%；持有期大等于90天，赎回费率为0%,,无,,0.01,,0.01%,0.01%,计提基准为基金份额赎回、基金分红或者基金清算的增值部分（包含收益分配部分和净值增长部分），业绩报酬计提比例为 35%。,10-20亿元,P1001037
团队跟踪,智领弦量聚配6号,SAUJ25,智领弦量聚配6号私募证券投资基金,SAUJ25,福州智领三联,,2025-02-21,2025-03-03,中信建投证券股份有限公司,,,否,,,,,,,0,,,,,20-50亿元,P1033867
团队跟踪,坤望隆盛专享5号私募证券投资基金,SAUK17,坤望隆盛专享5号私募证券投资基金,SAUK17,上海坤望,,2025-02-19,2025-02-27,华泰证券股份有限公司,,每周周四、周五，遇非工作日不开,否,,,,,,,0.015,A类份额：0%，B类份额：1.5%,,,A类份额：0%，B类份额：25%,20-50亿元,P1072723
团队跟踪,星坤星辰2号私募证券投资基金,SAUK54,星坤星辰2号私募证券投资基金,SAUK54,上海星坤,,2025-02-28,2025-03-07,国泰君安证券股份有限公司,,每周周三,可临开赎回,1%,,持有期小于90日，赎回费率1%；持有期大等于90日，赎回费率0%,,无,,0.01,,0.015%,0.015%,"当0%＜R-B≤7%时，对超出业绩报酬计提基准部分提取20%的业绩报酬，即E=K×T1×（R-B）×T/365×20%。
当7%＜R-B时，对超出业绩报酬计提基准部分分段提取20%和60%的业绩报酬，即E=K×T1×0.07×T/365×20%+K×T1×（R-B-0.07）×T/365×60%。
当R-B ≤0%时，不提取业绩报酬。",10-20亿元,P1074914
团队跟踪,正合景行1号,SAUK80,正合景行1号私募证券投资基金,SAUK80,上海正合,,2025-02-24,2025-02-27,国泰君安证券股份有限公司,,每周周二、周三,否,0%,,持有期小等于90天，赎回费率为1%；持有期大于90天，赎回费率为0%,,,,0.01,,,,B类份额：单个投资者单笔高水位净值法，按16%计提；C类份额：单个投资者单笔高水位净值法，按20%计提,5-10亿元,P1074939
团队跟踪,盛恒九号中证A500指数增强私募证券投资基金,SAUL92,盛恒九号中证A500指数增强私募证券投资基金,SAUL92,深圳盛恒投资,,2025-02-20,2025-02-25,中信证券股份有限公司,,每周二,否,,,,,,,0.01,A类份额：1%，B类份额：0.5%,0.04%,,业绩报酬的提取比例（Y）为 20%,5-10亿元,P1060478
团队跟踪,日青木化意享3号私募证券投资基金,SAUM00,日青木化意享3号私募证券投资基金,SAUM00,宁波日青木化资管,,2025-04-23,2025-04-28,华泰证券股份有限公司,,,否,,,,,,,0,,,,,10-20亿元,P1069111
团队跟踪,阶石稳健2号私募证券投资基金,SAUQ94,阶石稳健2号私募证券投资基金,SAUQ94,深圳阶石,,2025-02-21,2025-02-28,华泰证券股份有限公司,,每个交易日,否,,,持有期小于3个月，赎回费率为0.5%；持有期大等于3个月，赎回费率为0%,,无,,0.01,,0.01%,0.01%,50%,0-5亿元,P1069896
团队跟踪,铭跃CTA1号私募证券投资基金,SAUR30,铭跃CTA1号私募证券投资基金,SAUR30,上海铭跃,,2025-02-27,2025-03-04,国泰君安证券股份有限公司,,,否,,,,,,,0,,,,,50-100亿元,P1073580
团队跟踪,众量多元化CTA1号,SAUR63,众量多元化CTA1号私募证券投资基金,SAUR63,上海众量,,2025-03-04,2025-03-18,国泰君安证券股份有限公司,,每周周二,否,0%,,持有期小于90日，赎回费率1%；持有期大等于90日，赎回费率0%,,无,,0.01,A类份额：0.3%；B类份额：0.7%，C类份额：1%,,,A类份额：0%；B类份额：20%；C类份额：20%,20-50亿元,P1005904
团队跟踪,孚盈稳健一号私募证券投资基金,SAUS67,孚盈稳健一号私募证券投资基金,SAUS67,杭州孚盈投资,,2025-04-07,2025-04-10,国泰君安证券股份有限公司,,每周周三,可临开赎回,0%,,持有期小于90日，赎回费率1%；持有期大等于90日，赎回费率0%,,无,,0.01,,0.01%,0.01%,对超过上次成功计提基准日基金份额累计净值部分按20%比例进行计提,20-50亿元,P1069412
团队跟踪,瀛岳智利私募证券投资基金,SAUT50,瀛岳智利私募证券投资基金,SAUT50,共青城瀛岳,,2025-03-13,2025-03-24,华泰证券股份有限公司,,,否,,,,,,,0,,,,,5-10亿元,P1072644
团队跟踪,量创元语聚配专享,SAUT70,量创元语聚配专享私募证券投资基金,SAUT70,前海量创投资,,2025-02-28,2025-03-20,招商证券股份有限公司,,每周二、三,否,0,,3个月内0.5%，以上无费用。,,无,,0.008,,0.015%,0.015%,单人单笔高水位法16%。每年6月和12月第一个周二为固定日计提业绩报酬,20-50亿元,P1032081
团队跟踪,榕树海中证2000指数增强进取1号私募证券投资基金,SAUU43,榕树海中证2000指数增强进取1号私募证券投资基金,SAUU43,珠海榕树海,,2025-03-10,2025-04-03,国泰君安证券股份有限公司,,,否,,,,,,,0,,,,,20-50亿元,P1074726
团队跟踪,邦客鼎成精选,SAUV26,邦客鼎成精选私募证券投资基金,SAUV26,上海邦客资管,,2025-03-12,2025-03-27,国信证券股份有限公司,,每周三,否,0,,0,,,,0.01,,0.01%,0.01%,单人单笔高水位20%,0-5亿元,P1063491
团队跟踪,融成聚沙成塔1号私募证券投资基金,SAUW32,融成聚沙成塔1号私募证券投资基金,SAUW32,长沙嘉信融成投资,,2025-04-03,2025-04-18,中信证券股份有限公司,,每周周二、周三,否,0%,1万元起,持有期小于90天，赎回费率为0.55% ；持有期大于90天，赎回费率为0%,,3个月,,0.01,,0.015%,0.015%,20%,10-20亿元,P1023820
团队跟踪,铭跃进取一号私募证券投资基金,SAUX22,铭跃进取一号私募证券投资基金,SAUX22,上海铭跃,,2025-03-07,2025-03-28,国泰君安证券股份有限公司,,,否,,,,,,,0,,,,,50-100亿元,P1073580
团队跟踪,熙典基金格兰菲迪3号,SAUX26,熙典基金格兰菲迪3号私募证券投资基金,SAUX26,厦门熙典,,2025-03-12,2025-03-24,国泰君安证券股份有限公司,,,否,,,,,,,0,,,,,5-10亿元,P1072232
团队跟踪,添泉悠然涛声二号私募证券投资基金,SAUX41,添泉悠然涛声二号私募证券投资基金,SAUX41,泉州添泉,,2025-03-25,2025-03-28,华福证券股份有限公司,,"每周二
",否,0,,"不满3个月赎回收取1.5%,  不满6个月赎回收取1%
",,,,0.015,,,,"管理人提取20%
",0-5亿元,P1072336
团队跟踪,华鑫证券鑫组合MOM9号单一资产管理计划,SAUY33,华鑫证券鑫组合MOM9号单一资产管理计划,SAUY33,,爱凡哲投资,2025-02-28,2025-03-07,国泰君安证券股份有限公司,,,否,,,,,,,0,,,,,,
团队跟踪,锦望荏阳-融2号私募证券投资基金,SAUY39,锦望荏阳-融2号私募证券投资基金,SAUY39,上海锦望,,2025-03-18,2025-03-27,长江证券股份有限公司,,,否,,,,,,,0,,,,,0-5亿元,P1004842
团队跟踪,量道1000指增保护1号私募证券投资基金,SAUZ12,量道1000指增保护1号私募证券投资基金,SAUZ12,深圳量道投资,,2025-03-06,2025-03-11,国泰君安证券股份有限公司,,每周周三、周四，如遇非交易日，则顺延至本周的下一交易日，如本周无下一交易日的，则本周不开放。,可临开赎回,1%,1 万元的整数倍,份额持有期低于90天（不含）的赎回费率为1%，基金份额持有期在90天及以上的赎回费率为0%。,,无,,0.007,A类份额:0.70%，B类份额:1.00%。 A类份额：【2025年12月31日及之前】认申购的合格投资者及其后续追加申购募集的基金份额。 B类份额：向除A类份额投资者以外的其它合格投资者募集的基金份额。,0.015%/年,0.015%/年,"A类份额：
计提方式：采用单个投资者单份额高水位法。
计提时点：投资者赎回日、分红权益登记日、基金清算日。
计提比例：15%。
B类份额：
计提方式：采用单个投资者单份额高水位法。
计提时点：投资者赎回日、分红权益登记日、基金清算日。
计提比例：20%。",100亿元以上,P1016658
团队跟踪,量道股票量化多头1号私募证券投资基金,SAUZ41,量道股票量化多头1号私募证券投资基金,SAUZ41,深圳量道投资,,2025-03-21,2025-03-26,兴业证券股份有限公司,李喆腾,"每周三,每周四开放申购和赎回（上述日期如遇非交易日，则该日不开放也不顺延）",可临开赎回,1%,1 万元的整数倍,<90天为0.5%，>=90天为0%,,无,,0.01,A类份额:管理费1.00%。B类份额:管理费1.00%，销售服务费0.50%。 A类份额：通过管理人直销渠道参与的基金份额。 B类份额：通过代销渠道参与的基金份额。,0.015%/年,0.015%/年,"计提方式：采用单个投资者单份额高水位法
计提时点：投资者赎回日、分红权益登记日、基金清算日
计提比例：20%",100亿元以上,P1016658
团队跟踪,立心学院菁英聚配1号,SAUZ55,立心学院菁英聚配1号私募证券投资基金,SAUZ55,青岛立心,,2025-03-06,2025-03-11,招商证券股份有限公司,,每周二、周三,否,1%,10万元的整数倍,持有期于90天，赎回费率为1%；持有期大等于90天，赎回费率为0%,,无,,0.01,,0.01%,0..01%,单人单笔高水位18%。,20-50亿元,P1066776
团队跟踪,洛炎CTA专享1号私募证券投资基金,SAVB64,洛炎CTA专享1号私募证券投资基金,SAVB64,上海洛炎,,2025-03-04,2025-03-20,华泰证券股份有限公司,,,否,,,,,,,0,,,,,5-10亿元,P1026482
团队跟踪,汇升星汇泰山一号私募证券投资基金,SAVC48,汇升星汇泰山一号私募证券投资基金,SAVC48,江苏苏豪汇升,,2025-03-24,2025-03-24,国泰君安证券股份有限公司,,,否,,,,,,,0,,,,,20-50亿元,P1005918
团队跟踪,岱熹涵泰一号私募证券投资基金,SAVD06,岱熹涵泰一号私募证券投资基金,SAVD06,上海岱熹投资,,2025-03-14,2025-03-19,中泰证券股份有限公司,,,否,,,,,,,0,,,,,0-5亿元,P1010321
团队跟踪,锐耐贝叶斯六号私募证券投资基金,SAVD12,锐耐贝叶斯六号私募证券投资基金,SAVD12,上海锐耐,,2025-03-11,2025-03-14,国泰君安证券股份有限公司,,每周周四、周五及每周最后一个交易日,否,,,,,,,0.005,,,,不计提,20-50亿元,P1071795
团队跟踪,华泰期货稳行FOF1号集合资产管理计划,SAVD72,华泰期货稳行FOF1号集合资产管理计划,SAVD72,华泰期货,,2025-04-01,2025-04-15,国泰海通证券股份有限公司,,,否,,,,,,,0,,,,,,PT0500011867
团队跟踪,中谦刚走一步1号,SAVD86,中谦刚走一步1号私募证券投资基金,SAVD86,杭州中谦资管,,2025-03-25,2025-03-28,中信证券股份有限公司,,申购开放日为每周二，赎回开放日为每月第二个周二,否,0%,,持有期未满 3 个月收取赎回费 1%；持有期超过 3 个月不收取赎回费，赎回费归基金资产,,,,0.015,,,0.02%,单客户高水位法，在投资者赎回日、分红权益登记日、基金清算日收取期间收益的 20%。本基金连续两次成功计提业绩报酬基准日的间隔不应短于 6 个月,0-5亿元,P1032373
团队跟踪,正合凌云1号私募证券投资基金,SAVE71,正合凌云1号私募证券投资基金,SAVE71,上海正合,,2025-03-12,2025-03-17,国泰君安证券股份有限公司,,每周周二、周三（凌云2号）,否,0%,1万元的整数倍,持有期小于90天，赎回费率为1%；持有期大等于90天，赎回费率为0%,,,,0.008,B类份额：0.8%，C类份额：1.2%,,,B类份额：超出业绩基准部分按16%计提；C类份额：超出业绩基准部分按20%计提,5-10亿元,P1074939
团队跟踪,星汇天权1号私募证券投资基金,SAVF65,星汇天权1号私募证券投资基金,SAVF65,上海思达星汇,,2025-03-10,2025-03-19,华泰证券股份有限公司,,,否,,,,,,,0,,,,,20-50亿元,P1073396
团队跟踪,托特中证2000指数增强5号,SAVG04,托特中证2000指数增强5号私募证券投资基金,SAVG04,三亚托特,,2025-03-07,2025-03-12,华泰证券股份有限公司,,,否,,,,,,,0,,,,,100亿元以上,P1073258
团队跟踪,申万宏源鼎昇二号FOF单一资产管理计划,SAVG42,申万宏源鼎昇二号FOF单一资产管理计划,SAVG42,,,2018-01-05,,,,,否,,,,,,,0,,,,,,
团队跟踪,倍致之江朔望,SAVG97,倍致之江朔望私募证券投资基金,SAVG97,杭州倍致,,2025-03-27,2025-04-01,招商证券股份有限公司,,每周周五,可临开赎回,A类份额：1%，B类份额：1%，C类份额：0%,10万元起,A类份额：持有期小于90天，赎回费率为2%；持有期大等于90天且小于180天，赎回费率为1.5%；持有期大等于180天且小于360天，赎回费率为1%；持有期大等于360天，赎回费率为0%。B类份额、C类份额：持有期小于90天，赎回费率为1%；持有期大等于90天，赎回费率为0%,,,,0.015,A类(个人合格投资者)：1.5%/年，B类(机构&FOF)：1.2%，C类份额：0%,A类份额：0.01%，B类份额：0.011%，C类份额：0%,A类份额：0.01%，B类份额：0.011%，C类份额：0%,A类份额、B类份额：采用单个投资者单笔高水位净值法，在赎回、分红、清算日计提，计提比例20%。C类份额：0%,50-100亿元,P1073143
团队跟踪,倍致天洋1号,SAVG98,倍致天洋1号私募证券投资基金,SAVG98,杭州倍致,,2025-07-29,2025-08-05,国泰海通证券股份有限公司,,每周周三,可临开赎回,0%,10万元起,A类份额：持有期小于90天，赎回费率为1.5%；持有期大等于90天且小于180天，赎回费率为1%；持有期大等于180天，赎回费率为0%。B类份额、C类份额：持有期小于 90 天，赎回费率为 1.5%；持有期大等于90天，赎回费率为 0%。,,无,,0.015,A类份额：1.5%，B类份额：0.2%，C类份额：0%,A类份额、B类份额：0.01%/年，C类份额：0%,A类份额、B类份额：0.01%/年，C类份额：0%,A类份额：采用单个投资者单笔高水位净值法，在赎回、分红、清算日计提，计提比例20%。B类份额、C类份额：0%。,50-100亿元,P1073143
团队跟踪,量子策云木星一号私募证券投资基金,SAVH76,量子策云木星一号私募证券投资基金,SAVH76,北京量子智能投资,,2025-03-18,2025-03-21,兴业证券股份有限公司,,,否,,,,,,,0,,,,,10-20亿元,P1061355
团队跟踪,大树乾元转债聚配1号,SAVJ39,大树乾元转债聚配1号私募证券投资基金,SAVJ39,深圳大树,,2025-03-10,2025-03-17,招商证券股份有限公司,,每周四、周五,否,,,份额持有不满 3 个月，收取 0.8% 赎回费归基金财产所有，不可减免,,,,0,,,,,0-5亿元,P1023564
团队跟踪,极量进取中证1000指增1号私募证券投资基金,SAVL86,极量进取中证1000指增1号私募证券投资基金,SAVL86,共青城极量投资,,2025-03-11,2025-03-14,招商证券股份有限公司,,,否,,,,,,,0,,,,,10-20亿元,P1071373
团队跟踪,览山锦壹九号私募证券投资基金,SAVM26,览山锦壹九号私募证券投资基金,SAVM26,宁夏览山,,2025-03-14,2025-03-19,国泰君安证券股份有限公司,,每周周二、周三,可临开赎回,0,无,持有期低于90天（不含）的，赎回费率为0.5%，持有期在90天及以上的，赎回费率为0%,,不设置,,0.006,"A类（个人投资者）0.6%
B类（机构投资者）1%",0.01%,0.01%,"A类（个人投资者）不计提业绩报酬
B类（机构投资者）计提比例：40%",0-5亿元,P1070530
团队跟踪,国泰君安期货私客尊享FOF55号单一资产管理计划,SAVM38,国泰君安期货私客尊享FOF55号单一资产管理计划,SAVM38,,,2018-01-05,,,,,否,,,,,,,0,,,,,,
团队跟踪,福克斯-蜂鸟科技创新3号,SAVM60,福克斯-蜂鸟科技创新3号私募证券投资基金,SAVM60,深圳福克斯投资,,2025-03-31,2025-04-09,国信证券股份有限公司,,每周的周二、周三,否,0%,,持有期小于3个月，赎回费率0.5%；持有期大等于3个月，赎回费率0%,,无,,0.01,A类份额：1%；B类份额：0%,0.01%,0.01%,参照北证50（代码 899050），A类份额计提超额部分50%；B类0%,10-20亿元,P1065770
团队跟踪,哲石君顺易安壹号私募证券投资基金,SAVN21,哲石君顺易安壹号私募证券投资基金,SAVN21,杭州哲石,,2025-04-02,2025-04-25,国信证券股份有限公司,,每周三、周四,可临开赎回,0%,,0.01,,软锁90天,,0.01,0.01,0.01%,0.01%,0-15%，计提50%，15%以上，计提60%,10-20亿元,P1034136
团队跟踪,众量多元化CTA专享3号,SAVR48,众量多元化CTA专享3号私募证券投资基金,SAVR48,上海众量,,2025-03-24,2025-03-27,华泰证券股份有限公司,,每周周五,否,,10万元起,持有期小于92 天，赎回费1%；持有期大等于92 天，赎回费0%,,无,,0.02,A类份额：1.5%，B类份额：2%,0.01%,0.01%,单个投资者单份额高水位法，固定时点（每满【12】（可选6/9/12）个月的当月最后一个交易日）+赎回+分红+清盘时提取，计提20%,20-50亿元,P1005904
团队跟踪,滂沱中性2号私募证券投资基金,SAVT07,滂沱中性2号私募证券投资基金,SAVT07,上海滂沱投资,,2025-03-19,2025-03-31,华泰证券股份有限公司,,,否,,,,,,,0,,,,,5-10亿元,P1028797
团队跟踪,明湾橘子洲1号私募证券投资基金,SAVW53,明湾橘子洲1号私募证券投资基金,SAVW53,上海明湾资管,,2025-03-20,2025-03-25,招商证券股份有限公司,,每周周三、周四,否,0%,,持有期小于3个月，赎回费率1%；持有期大于等于3个月，不收取赎回费。,,,,0.01,,0.01%,0.01%,"当基金份额赎回、基金终止或分红时，该赎回份额或分红份额当期收益低于等于年化6%，管理人不提取业绩报酬。
当基金份额赎回、基金终止或分红时，且该赎回份额或分红份额当期收益大于年化6%，管理人提取该份额整体盈利部分的40%作为业绩报酬，但计提后该笔份额的当期年化收益不低于6%。",10-20亿元,P1001040
团队跟踪,曌文大红二号私募证券投资基金,SAVY99,曌文大红二号私募证券投资基金,SAVY99,上海曌文,,2025-03-26,2025-04-07,国泰君安证券股份有限公司,,每周周二、周三,可临开赎回,0%,,持有期小于 90天，赎回费率为 0.5%,,无,,0.01,,0.02%,0.02%,"计提基准为年化 6%。
计提基准日：投资者赎回日、分红权益登记日、基金清算日。
对超出业绩报酬计提基准的持有期差额收益按 50%比例进行计提。",0-5亿元,P1010782
团队跟踪,英仕曼美量2号私募证券投资基金,SAWA51,英仕曼美量2号私募证券投资基金,SAWA51,上海英仕曼投资,,2025-04-21,2025-05-13,国泰海通证券股份有限公司,,,否,,,,,,,0,,,,,20-50亿元,P1064565
团队跟踪,爱凡哲元气一号私募证券投资基金,SAWA74,爱凡哲元气一号私募证券投资基金,SAWA74,爱凡哲投资,,2025-03-20,2025-04-01,国信证券股份有限公司,,每周二、周三为固定开放日，如开放日遇节假日则顺延至本周内的下一个工作日。,可临开赎回,无,,向持有产品不满90天的份额收取，费率为0.50%，赎回费归基金财产。,,管理人及其员工跟投本基金的，其基金份额锁定期不得少于6个月，且不少于合同约定的份额锁定期。,,0.01,,0.01%,0.01%,对超过0%的收益部分提取20%的业绩报酬,20-50亿元,P1066184
团队跟踪,赫富稳选祥泰二号私募证券投资基金,SAWA94,赫富稳选祥泰二号私募证券投资基金,SAWA94,上海赫富投资,,2025-04-09,2025-04-14,招商银行股份有限公司,,,否,,,,,,,0,,,,,100亿元以上,P1062959
团队跟踪,山信盈恒一号私募证券投资基金,SAWB38,山信盈恒一号私募证券投资基金,SAWB38,杭州萧山山信,,2025-03-25,2025-03-28,招商证券股份有限公司,,,否,,,,,,,0,,,,,10-20亿元,P1072086
团队跟踪,量子福鑫八号私募证券投资基金,SAWB79,量子福鑫八号私募证券投资基金,SAWB79,北京量子智能投资,,2025-05-19,2025-05-22,华福证券股份有限公司,,,否,,,,,,,0,,,,,10-20亿元,P1061355
团队跟踪,念空指增稳健Plus1号私募证券投资基金,SAWC55,念空指增稳健Plus1号私募证券投资基金,SAWC55,上海念空,,2025-04-03,2025-04-09,中国银河证券股份有限公司,,,否,,,,,,,0,,,,,50-100亿元,P1016966
团队跟踪,福克斯-珊瑚三号私募证券投资基金,SAWE55,福克斯-珊瑚三号私募证券投资基金,SAWE55,深圳福克斯投资,,2025-04-18,2025-04-23,国信证券股份有限公司,,,否,,,,,,,0,,,,,10-20亿元,P1065770
团队跟踪,沣跃通达云骥1号混合型,SAWH46,沣跃通达云骥1号混合型私募证券投资基金,SAWH46,北京沣跃,,2025-04-08,2025-04-11,中信证券股份有限公司,,每周三,否,,,0%,,,,0.01,,,,3以上20%,5-10亿元,P1074579
团队跟踪,均成泰享1号私募证券投资基金,SAWJ22,均成泰享1号私募证券投资基金,SAWJ22,广东横琴均成,,2025-04-02,2025-04-08,国泰君安证券股份有限公司,,每周周二、周三,否,0%,,持有期小于90天，赎回费率为1%；持有大等于90天，赎回费率为0%,,无,,0.012,,0.015%,0.015%,20%,50-100亿元,P1061222
团队跟踪,智领聚配明枢,SAWJ28,智领聚配明枢私募证券投资基金,SAWJ28,福州智领三联,,2025-03-31,2025-04-08,招商证券股份有限公司,,每周二、周三,否,0,,0-0.5%（持有期低于3个月收取，归基金资产）,,无,,0,0.5%,0.015%,0.015%,单人单笔高水位法13%,20-50亿元,P1033867
团队跟踪,珠池慧眼炼金3期私募证券投资基金,SAWK21,珠池慧眼炼金3期私募证券投资基金,SAWK21,上海珠池资管,,2025-04-09,2025-04-16,中信证券股份有限公司,,,否,,,,,,,0,,,,,50-100亿元,P1014451
团队跟踪,通源得一稳驰CTA一号,SAWK59,通源得一稳驰CTA一号私募证券投资基金,SAWK59,珠海横琴通源得一,,2025-04-18,2025-04-23,广发证券股份有限公司,,,否,,,,,,,0,,,,,0-5亿元,P1074927
团队跟踪,添禄投资添增一号私募证券投资基金,SAWM31,添禄投资添增一号私募证券投资基金,SAWM31,上海添禄投资,,2025-05-15,2025-05-20,国泰海通证券股份有限公司,,每周第一、第二个交易日,否,1%,,持有期低于3个月（不含）的，赎回费率为0.5%，持有期在3个月及以上的，赎回费率为0%；赎回费（含短期赎回费）全部归入整体基金资产。,,,,0.01,C类份额：1%，每日计提，按季支付。,0.02%，每日计提，按季支付。,0.02%，每日计提，按季支付。,"基准指数为中证1000指数；
超额部分计提20%。",20-50亿元,P1064139
团队跟踪,榕树海有容3号私募证券投资基金,SAWM40,榕树海有容3号私募证券投资基金,SAWM40,珠海榕树海,,2025-04-23,2025-04-25,国泰君安证券股份有限公司,,每周周二、周三,否,0%,,持有期小于90天，赎回费 0.5%；持有期大等于90天，赎回费 0%,,无,,0.01,A类份额：0%，B类份额：1%,0.01%,0.01%,"业绩报酬的计算采取“单客户单笔份额高水位法”，基金赎回、终止、分红或者固定时点(每年 4 月 30 日及 10 月 31 日)提取业绩报酬。
A类份额：0%，B类份额：20%",20-50亿元,P1074726
团队跟踪,榕树海中证A500指数增强1号私募证券投资基金,SAWM47,榕树海中证A500指数增强1号私募证券投资基金,SAWM47,珠海榕树海,,2025-06-26,2025-07-01,国泰海通证券股份有限公司,,,否,,,,,,,0,,,,,20-50亿元,P1074726
团队跟踪,景上源和合1号私募证券投资基金,SAWM72,景上源和合1号私募证券投资基金,SAWM72,杭州景上源,,2025-04-02,2025-04-08,招商证券股份有限公司,,,否,,,,,,,0,,,,,5-10亿元,P1008209
团队跟踪,榕树海鲲鹏1号,SAWN64,榕树海鲲鹏1号私募证券投资基金,SAWN64,珠海榕树海,,2025-04-11,2025-04-16,国泰海通证券股份有限公司,,,否,,,,,,,0.01,,,,20%,20-50亿元,P1074726
团队跟踪,尚艺稳定价值1号私募证券投资基金,SAWN78,尚艺稳定价值1号私募证券投资基金,SAWN78,北京尚艺,,2025-03-28,2025-04-02,中信证券股份有限公司,,,否,,,,,,,0,,,,,50-100亿元,P1006152
团队跟踪,智信融科CTA十号,SAWP32,智信融科CTA十号私募证券投资基金,SAWP32,北京智信融科投资,,2025-04-10,2025-04-22,华泰证券股份有限公司,,每周的第2、3个工作日，无对应工作日的，则不开放,可临开赎回,0%,10万元起,持有期小等于3个月，赎回费1%；持有期大于3个月，赎回费0%,,无,,0.02,A类份额：0%，B类份额：1%，C类份额：2%,0.015%,0.015%,"A类份额：0%。
B类份额、C类份额：计提基准日：在固定时点（基金成立后每年12月最后一个工作日）、基金收益分配、基金份额持有人赎回基金份额或者基金终止时进行业绩报酬的提取；
单个投资者单份额高水位法，计提20%；",10-20亿元,P1034183
团队跟踪,山海天华1号私募证券投资基金,SAWQ76,山海天华1号私募证券投资基金,SAWQ76,海南山海,,2025-04-10,2025-04-16,广发证券股份有限公司,,每周第三个工作日,否,0%,,0%,,,,0.005,,,,"本基金按照基金投资者每一笔认购或申购份额单独计算其年化收益率，针对不同的年化收益率区间，设置不同的计提比例，业绩报酬提取基准日为投资者赎回日、基金收益分配基准日和基金清算基准日。如基金清算时存在多次清算，则每次清算时对该次清算基准日投资者持有的所有份额计提业绩报酬。连续两次计提业绩报酬的间隔期不应短于6个月（投资者赎回或基金清算计提业绩报酬除外）。
业绩报酬比例如下表：
每份年化收益率（R）所在区间	业绩报酬计提比例
1、0≤R＜30%	：A类份额：0%，B类份额：55%
2、R≥30%	：A类份额：50%，B类份额：60%",5-10亿元,P1073708
团队跟踪,新时代共赢浦江汇赢指数增强2号,SAWQ80,新时代共赢浦江汇赢指数增强2号私募证券投资基金,SAWQ80,海南时代共赢,,2025-04-16,2025-04-21,中国国际金融股份有限公司,,每周周四、周五,否,1%,,持有期小于181天，赎回费率为1%；持有期大等于181天， 赎回费率为0%,,,,0.01,,0.015%,0.015%,单客户高水位，计提20%,10-20亿元,P1071911
团队跟踪,前海久盈非晚一号私募证券投资基金,SAWS68,前海久盈非晚一号私募证券投资基金,SAWS68,深圳前海久盈投资,,2025-04-22,2025-04-25,华泰证券股份有限公司,,本基金的申赎开放日为每周周二、周三，遇非工作日则不开放。,否,无,每次申购的金额应不低于1万元人民币（不含申购费（如有））,"持有时间（天）	赎回费率
 【0】天-【92】天（含）	【0.5】 %
 【92】天以上	【0】 %，赎回费用（如有）归基金资产所有。",,无,,0.005,1.00%,0.01%,0.01%,"单个投资者单份额高水位法，在基金收益分配、基金份额持有人赎回基金或者基金终止时进行业绩报酬的提取。
超过6%的部分全部计提，且不超过总收益的50%
",20-50亿元,P1065235
团队跟踪,榕树海鲲鹏20号,SAWS71,榕树海鲲鹏20号私募证券投资基金,SAWS71,珠海榕树海,,2025-04-10,2025-04-18,国泰君安证券股份有限公司,,,否,,,,,,,0,,,,,20-50亿元,P1074726
团队跟踪,阶石稳健7号私募证券投资基金,SAWS84,阶石稳健7号私募证券投资基金,SAWS84,深圳阶石,,2025-04-02,2025-04-08,华泰证券股份有限公司,,,否,,,,,,,0,,,,,0-5亿元,P1069896
团队跟踪,正仁择时量化选股一期,SAWT43,正仁择时量化选股一期私募证券投资基金,SAWT43,海南正仁,,2025-04-24,2025-04-29,国泰君安证券股份有限公司,,每周四周五,否,,,90天内1%,,无,,0.015,,,,正仁择时量化选股一期是专户。此要素表是同策略的要素表。20%,50-100亿元,P1071301
团队跟踪,锦福源中证1000指增私募证券投资基金,SAWV19,锦福源中证1000指增私募证券投资基金,SAWV19,海南锦福源,,2025-04-18,2025-05-07,东方证券股份有限公司,,每周三,否,,,90天内0.5%,,无,,0.01,,,,超额20%,10-20亿元,P1073567
团队跟踪,细水居30号私募证券投资基金,SAWV26,细水居30号私募证券投资基金,SAWV26,成都细水资管,,2025-04-15,2025-04-22,长江证券股份有限公司,,每周一,可临开赎回,1%,10万起,持有天数≤90 天，赎回费 1% 持有天数>90 天，不收取,,,,0.015,,0.01%,0.01%,年化收益率小于20%部分计提20%，大于等于20%部分计提25%,50-100亿元,P1069411
团队跟踪,远和可安1号私募证券投资基金,SAWW89,远和可安1号私募证券投资基金,SAWW89,杭州远和,,2025-04-24,2025-04-28,国泰海通证券股份有限公司,,每周周二、周三,可临开赎回,0%,,持有期小于90天，赎回费率为1%，持有期大等于90天，赎回费率为 0%,,无,,0.015,A类份额：1%；B 类份额1.5%,0.01%,0.01%,"计提时点：分红、赎回、清算、固定时点计提（每自然年度 6月和 12 月的最后一个交易日固定计提）。
计提方法：单人单笔高水位法
计提比例：A 类 18%（绝对收益计提）；B 类 20%（绝对收益计提）",50-100亿元,P1074945
团队跟踪,纽达投资泰享1号,SAWX21,纽达投资泰享1号私募证券投资基金,SAWX21,珠海纽达投资,,2025-04-29,2025-05-07,华泰证券股份有限公司,,每周第二、第三个工作日,可临开赎回,B类份额：0%，C类份额：1%,1万元起,持有期小等于92天，赎回费率为1%；持有期大于92天，赎回费率为0%；归基金资产,,无,,0.017,B类份额：1%，C类份额：1.7%，按月支付,0.01%/年，无保底，按月支付,0.01%/年，无保底，按月支付,"计算方法：单客户单笔份额高水位法
提取比例：B类份额：20%，C类份额：20%；
计提时点：赎回、固定时点（基金成立后每年6月及12月第一个交易日）、终止",100亿元以上,P1066731
团队跟踪,因诺期权27号私募证券投资基金,SAWX53,因诺期权27号私募证券投资基金,SAWX53,上海因诺资管,,2025-04-18,2025-04-23,招商证券股份有限公司,,,否,,,,,,,0,,,,,100亿元以上,P1006164
团队跟踪,靖奇鹰击一号私募证券投资基金,SAWZ19,靖奇鹰击一号私募证券投资基金,SAWZ19,上海靖奇投资,,2025-04-29,2025-05-08,国泰海通证券股份有限公司,,每周周三、周四,可临开赎回,0%,,持有期小于90日，赎回费率0.5%；持有期大等于90日，赎回费率0%,,无,,0.01,A类份额：1%，B类份额：0.5%,0.01%,0.01%,当基金份额赎回、基金终止或分红时，该赎回份额或分红份额当期收益低于等于年化6%，管理人不提取业绩报酬。当基金份额赎回、基金终止或分红时，且该赎回份额或分红份额当期收益大于年化6%，管理人提取该份额整体盈利部分的40%作为业绩报酬，但计提后该笔份额的当期年化收益不低于6%,0-5亿元,P1019905
团队跟踪,无涯中证500指数增强2号私募证券投资基金,SAXA45,无涯中证500指数增强2号私募证券投资基金,SAXA45,上海无涯,,2025-04-18,2025-04-25,国泰海通证券股份有限公司,,每周第1、第2个交易日,可临开赎回,A类份额：0%，B类份额：1%,,持有期小于90天，赎回费率为0.5%；持有期大等于90天，赎回费率为0%,,无,,0.015,A类份额：0%，B类份额：1.5%,0.015%,0.015%,"A类份额：不计提业绩报酬。
B类份额：计提基准B=【期间中证500指数年化收益率】计提比例20%",10-20亿元,P1071391
团队跟踪,领容炽航泓途私募证券投资基金,SAXA95,领容炽航泓途私募证券投资基金,SAXA95,上海领容投资,,2025-04-11,2025-04-16,招商证券股份有限公司,,每周周二、周三,可临开赎回,A类份额：0%，B类份额：0%，C类份额：1%,,持有期小于3个月，赎回费率1%；持有期大等于3个月，赎回费率0%,,,,0.01,A类份额：1%，B类份额：0.5%，C类份额：1%,0.01%,0.01%,"A类份额：不计提业绩报酬。
B类份额：
当R≤ 0%时，则不提取业绩报酬。
当 0%<R≤ 5%时，对整体收益部分提取0%作为业绩报酬，即:E=Fx(A-C)xU%。
当 5%< R≤ 20%时，对整体收益部分提取20%作为业绩报酬，即:E=Fx(A-C)xR%。
当R>20%时，对整体收益部分提取30%作为业绩报酬，即:E=Fx(A-C)xT%。
C类份额：
当R≤ 0%时，则不提取业绩报酬。
当 0%<R≤ 5%时，对整体收益部分提取23%作为业绩报酬，即:E=Fx(A-C)xU%。
当 5%< R≤ 20%时，对整体收益部分提取23%作为业绩报酬，即:E=Fx(A-C)xR%。
当R>20%时，对整体收益部分提取33%作为业绩报酬，即:E=Fx(A-C)xT%;",10-20亿元,P1071654
团队跟踪,盛冠达安享套利8号,SAXB71,盛冠达安享套利8号私募证券投资基金,SAXB71,海南盛冠达,,2025-04-14,2025-04-18,华泰证券股份有限公司,,本基金的申赎开放日为每周周二，遇非工作日则不开放。,否,无,每次申购的金额应不低于1万元人民币（不含申购费（如有））,"持有时间（天）	赎回费率
 【0】天-【92】天（含）	【1】 %
 【92】天以上	【0】 %，赎回费用（如有）归基金资产所有",,无,,0.008,0.80%,0.01%,0.01%,"单个投资者单份额高水位法，在固定时点、基金收益分配、基金份额持有人赎回基金或者基金终止时进行业绩报酬的提取。
固定时点是指基金成立后每年6月及12月最后一个交易日。
超额收益部分提取18%
",20-50亿元,P1001070
团队跟踪,会世宏观量化1号,SAXE88,会世宏观量化1号私募证券投资基金,SAXE88,上海会世,,2025-05-12,2025-05-15,华泰证券股份有限公司,,每周周二,否,1%,,持有期小等于3个月，赎回费率为1%；持有期大于3个月，赎回费率为0%,,,,0.01,A类份额：1%，B类份额：0%,0.015%,0.015%,A类份额：20%，B类份额：0%,50-100亿元,P1068444
团队跟踪,盖亚青柯鑫安1号,SAXK63,盖亚青柯鑫安1号私募证券投资基金,SAXK63,海南盖亚青柯,,2025-05-23,2025-06-12,国信证券股份有限公司,,,否,,,,,,,0,,,,,20-50亿元,P1072468
团队跟踪,罗维盈安启航共赢1号,SAXK98,罗维盈安启航共赢1号私募证券投资基金,SAXK98,宁波罗维盈安投资,,2025-05-09,2025-05-14,国泰海通证券股份有限公司,,每周周四、周五,可临开赎回,0%,,持有期小于90天，赎回费率为1%；持有期大等于90天，赎回费率为0%,,无,,0.01,A类份额：0%，B类份额：1%，C类份额：1%,0.02%,0.02%,A类份额：0%；B类份额：30%；C类份额：35%,10-20亿元,P1069532
团队跟踪,远和可旺1号私募证券投资基金,SAXN65,远和可旺1号私募证券投资基金,SAXN65,杭州远和,,2025-04-22,2025-04-25,招商证券股份有限公司,,每周周三、周四,可临开赎回,0%,,持有期小于90天，赎回费率为1%；持有期大等于90天，赎回费率为0%,,无,,0.015,A类份额：1%，B类份额：1.5%,0.01%,0.01%,"对期间年化收益率超过0%的部分提取A类18%，B类20%。
计提基准日:赎回、分红、清算日，每自然年6月和12月的最后一个固定开放日",50-100亿元,P1074945
团队跟踪,九木套利1号,SAXN78,九木套利1号私募证券投资基金,SAXN78,深圳九木,,2025-04-22,2025-04-25,中信证券股份有限公司,,,否,,,,,,,0,,,,,10-20亿元,P1074963
团队跟踪,华泰期货盈峰臻选一号FOF单一资产管理计划,SAXQ71,华泰期货盈峰臻选一号FOF单一资产管理计划,SAXQ71,华泰期货,,2025-05-21,,,,,否,,,,,,,0,,,,,,PT0500011867
团队跟踪,笃熙禀泰文艺复兴20号私募证券投资基金,SAXS45,笃熙禀泰文艺复兴20号私募证券投资基金,SAXS45,上海笃熙禀泰,,2025-05-07,2025-05-12,招商证券股份有限公司,,每周二、周三,否,0%,10万元的整数倍,持有时间小于90个自然日，赎回费率1%；持有时间大于(含)90个自然日，赎回费率0%,,,,0.01,,0.01%,0.01%,基金年化收益率R大于0%，管理人对年化收益率0%至15%(含)部分提取30%作为业绩报酬，对于年化收益率大于15%的部分提取40%作为业绩报酬,10-20亿元,P1071264
团队跟踪,图南守润三号私募证券投资基金,SAXU37,图南守润三号私募证券投资基金,SAXU37,上海图南,,2025-05-09,2025-05-16,国信证券股份有限公司,,每周四、周五,可临开赎回,1%,,持有期小于90 天，赎回费率为 0.5%,,,,0.01,,0.01%,0.01%,"业绩报酬计提日为收益分配基准日、固定时点（每年 6 月 30 日和 12 月 31日，如遇节假日顺延）赎回日和基金终止日。
若持有期年化收益率小于等于6.00%，则不计提业绩报酬；若持有期年化收益率大于 6.00%，则对基金份额收益的 60%以及份额年化收益率高于 6.00%的收益孰低计提业绩报酬。",0-5亿元,P1073035
团队跟踪,星坤星辰5号私募证券投资基金,SAXU69,星坤星辰5号私募证券投资基金,SAXU69,上海星坤,,2025-05-13,2025-05-16,国泰海通证券股份有限公司,,每周周二,可临开赎回,1%,,持有期小于90日，赎回费率1%；持有期大等于90日，赎回费率0%,,无,,0.01,,0.015%,0.015%,"当0%＜R-B≤6%时，对超出业绩报酬计提基准部分提取20%的业绩报酬，即E=K×T1×（R-B）×T/365×20%；
当6%＜R-B时，对超出业绩报酬计提基准部分分段提取20%和60%的业绩报酬，即E=K×T1×0.06×T/365×20%+K×T1×（R-B-0.06）×T/365×60%；
当R-B ≤0%时，不提取业绩报酬",10-20亿元,P1074914
团队跟踪,笃熙禀泰文艺复兴12号,SAXU92,笃熙禀泰文艺复兴12号私募证券投资基金,SAXU92,上海笃熙禀泰,,2025-04-29,2025-05-06,招商证券股份有限公司,,,否,,,,,,,0,,,,,20-50亿元,P1071264
团队跟踪,绵烁低波进取1号私募证券投资基金,SAXV36,绵烁低波进取1号私募证券投资基金,SAXV36,上海绵烁资管,,2025-05-27,2025-06-04,国泰海通证券股份有限公司,,每周周二、周三,可临开赎回,A类份额：3%，B类份额：0%,,持有期小于 90 天，赎回费率为 0.5%；持有期大等于90天，赎回费率为 0%,,无,,0.01,A类份额：1%，B类份额：0%,0.01%,0.01%,"A类份额：50%，B类份额：0%。
计提基准日：投资者赎回日、【每年 6 月、12 月最后一个交易日（固定日，但封闭期及/或锁定期（如有）除外）】、【分红权益登记日】和基金清算日",20-50亿元,P1060665
团队跟踪,绵烁低波稳健1号私募证券投资基金,SAXV37,绵烁低波稳健1号私募证券投资基金,SAXV37,上海绵烁资管,,2025-05-27,2025-06-05,国泰海通证券股份有限公司,,每周周二、周三,可临开赎回,A类份额：3%，B类份额：0%,,持有期小于 90 天，赎回费率为 0.5%；持有期大等于90天，赎回费率为 0%,,无,,0.01,A类份额：1%，B类份额：0%,0.01%,0.01%,"A类份额：计提触发条件年化 5.5%；计提比例：60%；计提后基金份额持有人年化收益率不低于业绩报酬计提触发条件。
B类份额：0%。
业绩报酬的计提基准日：投资者赎回日、每年 6 月、12 月最后一个交易日（固定日，但封闭期及/或锁定期（如有）除外）、分红权益登记日和基金清算日。",20-50亿元,P1060665
团队跟踪,因诺天问43号私募证券投资基金,SAXV58,因诺天问43号私募证券投资基金,SAXV58,上海因诺资管,,2025-04-25,2025-04-29,华泰证券股份有限公司,,,否,,,,,,,0,,,,,100亿元以上,P1006164
团队跟踪,长鲸乘风1号私募证券投资基金,SAXW28,长鲸乘风1号私募证券投资基金,SAXW28,北京长鲸九州,,2025-05-09,2025-05-14,国泰海通证券股份有限公司,,申购开放日为每周周五，赎回开放日为每月最后一个周五,可临开赎回,0%,,持有期小于90日，赎回费率1%；持有期大等于90日，赎回费率0%,,无,,0.01,,0.01%,0.01%,当年化收益率（R）大于业绩报酬计提触发条件 8%时，对持有期全额收益按60%比例进行计提，计提后基金份额持有人年化收益率不低于8%,10-20亿元,P1073331
团队跟踪,博时资本荣享增利1号集合资产管理计划,SAXY28,博时资本荣享增利1号集合资产管理计划,SAXY28,博时资本,,2025-05-08,2025-05-16,国泰海通证券股份有限公司,,,否,,,,,,,0,,,,,,PT1600004654
团队跟踪,昱阳鸣翠5号私募证券投资基金,SAXY65,昱阳鸣翠5号私募证券投资基金,SAXY65,广州昱阳,,2025-05-12,2025-05-15,中信证券股份有限公司,,,否,,,,,,,0,,,,,0-5亿元,P1072435
团队跟踪,鑫鼎恒远1号,SAYC37,鑫鼎恒远1号私募证券投资基金,SAYC37,深圳鑫鼎,,2025-05-15,2025-05-20,国泰海通证券股份有限公司,,,否,,,,,,,0,,,,,5-10亿元,P1008450
团队跟踪,正方长投二号,SAYC47,正方长投二号私募证券投资基金,SAYC47,杭州正方投资,,2025-06-24,2025-06-27,国泰海通证券股份有限公司,,每周周二、周三,可临开赎回,0%,,持有期小于 90 天，赎回费率为 0.5%；持有期大等于90 天，赎回费率为 0%,,无,,0.01,,0.01%,0.01%,对超过上次成功计提基准日基金份额累计净值部分按 30%比例进行计提,0-5亿元,P1070391
团队跟踪,富犇传承二号私募证券投资基金,SAYE21,富犇传承二号私募证券投资基金,SAYE21,上海富犇投资,,2025-05-15,2025-05-22,国泰海通证券股份有限公司,,,否,,,,,,,0,,,,,5-10亿元,P1025359
团队跟踪,哲石莲花山1号私募证券投资基金,SAYE80,哲石莲花山1号私募证券投资基金,SAYE80,杭州哲石,,2025-06-05,2025-06-18,招商证券股份有限公司,,,否,,,,,,,0,,,,,10-20亿元,P1034136
团队跟踪,千朔中证1000兴泰1号省心享私募证券投资基金,SAYG36,千朔中证1000兴泰1号省心享私募证券投资基金,SAYG36,上海千朔投资,,2025-08-22,2025-09-23,华泰证券股份有限公司,,,否,,,,,,,0,,,,,100亿元以上,P1069502
团队跟踪,钜融六盘山1号私募证券投资基金,SAYJ71,钜融六盘山1号私募证券投资基金,SAYJ71,中海外钜融资管,,2025-05-19,2025-05-29,长江证券股份有限公司,,每周三、周四,可临开赎回,0%,,持有期小于3个月，赎回费率为0.5%；持有期大等于3个月，赎回费率为0%,,,,0.01,A 类份额：1%，B 类份额：0.6%,0.015%,0.015%,当某笔份额在计提区间内的期间年化收益率超过 6%时，对该笔份额在该期间内的所有收益部分按照 40%的比例收取业绩报酬，且计提完业绩报酬后该笔份额在该期间内的年化收益率不低于 6%。,10-20亿元,P1001037
团队跟踪,量智传奇多头选股一号,SAYJ94,量智传奇多头选股一号私募证券投资基金,SAYJ94,上海量智,,2025-05-22,2025-05-27,国泰海通证券股份有限公司,,每周周二、周三,否,0%,,持有期小于90日，赎回费率0.5%；持有期大等于90日，赎回费率0%,,无,,0.01,A类份额：1%，B类份额：1%，C类份额：0%,,,单个单笔(高水位)，A类份额：20%，B类份额：16%，C类份额：0%,10-20亿元,P1074977
团队跟踪,致邃金品中国私募证券投资基金,SAYL58,致邃金品中国私募证券投资基金,SAYL58,上海致邃投资,,2025-05-22,2025-05-30,国泰海通证券股份有限公司,,每周二、周三,否,,,90天内0.5%,,,,0.01,,,,超额20%,5-10亿元,P1063212
团队跟踪,榕树海有容6号私募证券投资基金,SAYM52,榕树海有容6号私募证券投资基金,SAYM52,珠海榕树海,,2025-05-30,2025-06-05,国泰海通证券股份有限公司,,,否,,,,,,,0,,,,,20-50亿元,P1074726
团队跟踪,邦阁赤水1号私募证券投资基金,SAYN63,邦阁赤水1号私募证券投资基金,SAYN63,上海邦阁,,2025-05-29,2025-06-04,国泰海通证券股份有限公司,,,否,,,,,,,0,,,,,0-5亿元,P1017418
团队跟踪,阶石稳健8号私募证券投资基金,SAYN88,阶石稳健8号私募证券投资基金,SAYN88,深圳阶石,,2025-05-15,2025-05-22,华泰证券股份有限公司,,每周周二,可临开赎回,0%,10万元起,持有期小等于92天，赎回费率为0.5%；持有期大于92天，赎回费率为0%,,无,,0,,0.01%,0.01%,50%,0-5亿元,P1069896
团队跟踪,朴时CTA一号私募证券投资基金,SAYP13,朴时CTA一号私募证券投资基金,SAYP13,上海朴时投资,,2025-05-21,2025-05-30,国泰海通证券股份有限公司,,每周周五,可临开赎回,0%,,持有期小于 90 天，赎回费率为 1%；持有期大等于90 天但小于 180 天，赎回费率为 0.5%；持有期大等于180 天，赎回费率为0%,,无,,0.015,A类份额：1.5%，B类份额：1%，C类份额：0%,0.01%,0.01%,"A类份额：25%，B类份额：20%，C类份额：0%。
计提基准日：投资者赎回日、每年 5 月、11 月的最后一个交易日（固定日，但封闭期及锁定期（如有）除外）、分红权益登记日、基金清算日。",10-20亿元,P1066101
团队跟踪,量智数益CTA一号,SAYP39,量智数益CTA一号私募证券投资基金,SAYP39,上海量智,,2025-06-05,2025-06-10,长江证券股份有限公司,,每周第二个及第三个交易日,否,0%,,持有期小于90日，赎回费率0.75%；持有期大等于90日，赎回费率0%,,无,,0.015,,,,单个单笔(高水位)，20%,10-20亿元,P1074977
团队跟踪,量智传奇CTA一号,SAYR22,量智传奇CTA一号私募证券投资基金,SAYR22,上海量智,,2025-05-29,2025-06-04,中信证券股份有限公司,,每周周二、周三,否,0%,,持有期小于90日，赎回费率0.75%；持有期大等于90日，赎回费率0%,,无,,0.015,,,,单个单笔(高水位)，20%,10-20亿元,P1074977
团队跟踪,乾上泉CTA风起一号,SAYS34,乾上泉CTA风起一号私募证券投资基金,SAYS34,上海乾上泉,,2025-05-16,2025-05-26,中信证券股份有限公司,,每周二、三（可顺延，不跨周）,否,1%（已免）,1万元起,软锁3个月1.5%,,无,,0.015,A类份额：1%，B类份额：1.5%,0.01%,0.01%,A类份额计提比例20%；B类份额年化收益15%以下计提比例20%，超过年化收益15%的部分计提比例30%,5-10亿元,P1071858
团队跟踪,江煦精选对冲一号私募证券投资基金,SAYS89,江煦精选对冲一号私募证券投资基金,SAYS89,上海江煦投资,,2025-05-30,2025-06-18,国泰海通证券股份有限公司,,,否,,,,,,,0,,,,,0-5亿元,P1021191
团队跟踪,无涯中证1000指数增强2号私募证券投资基金,SAYU51,无涯中证1000指数增强2号私募证券投资基金,SAYU51,上海无涯,,2025-05-30,2025-06-10,国泰海通证券股份有限公司,,每周第1、第2个交易日,可临开赎回,A类份额：0%，B类份额：1%,,持有期小于90天，赎回费率为0.5%；持有期大等于90天，赎回费率为0%,,无,,0.015,A类份额：0%，B类份额：1.5%,0.015%,0.015%,A类份额：0%，B类份额：20%,10-20亿元,P1071391
团队跟踪,时代共赢龙盘一号私募证券投资基金,SAYW49,时代共赢龙盘一号私募证券投资基金,SAYW49,海南时代共赢,,2025-06-17,2025-06-20,国泰海通证券股份有限公司,,每周周四、周五,否,1%,,持有期小于90天，赎回率为0.5%；持有期大等于90天，赎回费率为0%,,,,0.01,A类份额1%，B类份额：0.6%,0.015%,0.015%,"当基金份额赎回、基金终止或分红时，且该赎回份额或分红份额当期收益大于年化 6%，小于年化35%时，管理人提取该份额整体盈利部分的50%作为业绩报酬，但计提后该笔份额的当期年化收益不低于6%。
当基金份额赎回、基金终止或分红时，且该赎回份额或分红份额当期收益大于等于年化35%时，管理人提取该份额整体盈利部分的 60%作为业绩报酬，但计提后该笔份额的当期年化收益不低于6%。",10-20亿元,P1071911
团队跟踪,榕树海鲲鹏2号私募证券投资基金,SAYW72,榕树海鲲鹏2号私募证券投资基金,SAYW72,珠海榕树海,,2025-05-28,2025-06-03,国泰海通证券股份有限公司,,每周周三、周四,可临开赎回,0%,,A类份额、B类份额：持有期小于90 天， 赎回费率为0.5%；持有期大等于90 天，赎回费率为0%。C类份额：持有期小于90 天， 赎回费率为1%；持有期大等于90 天但小于180 天，赎回费率为0.5%；持有期大等于180天，赎回费率为0%,,无,,0.015,A类份额：0%，B类份额：1%，C类份额：1.5%,0.01%,0.01%,A类份额：0%，B类份额：20%，C类份额：20%,20-50亿元,P1074726
团队跟踪,山海万龙云顶一号私募证券投资基金,SAYX14,山海万龙云顶一号私募证券投资基金,SAYX14,海南山海,,2025-05-27,2025-05-30,招商证券股份有限公司,,,否,,,,,,,0,,,,,5-10亿元,P1073708
团队跟踪,前海久盈通晓八号私募证券投资基金,SAYY72,前海久盈通晓八号私募证券投资基金,SAYY72,深圳前海久盈投资,,2025-06-12,2025-06-17,华泰证券股份有限公司,,本基金的申赎开放日为每周周二、周三，遇非工作日则不开放。,否,无,每次申购的金额应不低于1万元人民币（不含申购费（如有））,"持有时间（天）	赎回费率
 【0】天-【92】天（含）	【0.5】 %
 【92】天以上	【0】 %，赎回费用（如有）归基金资产所有。",,无,,0.005,0.50%,0.01%,0.01%,"单个投资者单份额高水位法，在基金收益分配、基金份额持有人赎回基金或者基金终止时进行业绩报酬的提取。
大于5%的部分全部计提，且提取金额不超过总收益的50%",20-50亿元,P1065235
团队跟踪,敦和安心远航1号私募证券投资基金,SAYZ29,敦和安心远航1号私募证券投资基金,SAYZ29,敦和资管,,2025-08-22,2025-09-03,中信证券股份有限公司,,每个自然季度首月(即1月、4月、7月和10月)的最后一个交易日,否,0%,10万元起,持有期不足90天，赎回费率0.5%；持有期大等于90天，不收取赎回费为0%,,,,0.005,,0.01%,0.01%,0%,100亿元以上,P1000501
团队跟踪,鸣瑜多策略均衡1号私募证券投资基金,SAZA22,鸣瑜多策略均衡1号私募证券投资基金,SAZA22,广州鸣瑜,,2025-05-26,2025-05-30,中信证券股份有限公司,,每周周三,可临开赎回,0%,,持有期小于3个月，赎回费率为1%；持有期大等于3个月，赎回费率为0%,,,,0.01,,0.01%,0.01%,10%,10-20亿元,P1069558
团队跟踪,领久成长策略3号私募证券投资基金,SAZC96,领久成长策略3号私募证券投资基金,SAZC96,上海领久,,2025-06-27,2025-07-07,招商证券股份有限公司,魏晓康,每季度前5个工作日,否,0,,半年内1.5%,,无,,0.011,B类份额管理费1%，销售服务费0.1%,0.025%,0.025%,不设置每年固定分红日，赎回时收取,10-20亿元,P1071965
团队跟踪,新时代共赢安胜达1号,SAZD95,新时代共赢安胜达1号私募证券投资基金,SAZD95,海南时代共赢,,2025-06-17,2025-06-24,中国国际金融股份有限公司,,,否,,,,,,,0,,,,,10-20亿元,P1071911
团队跟踪,滂沱智选量化指增私募证券投资基金,SAZE79,滂沱智选量化指增私募证券投资基金,SAZE79,上海滂沱投资,,2025-05-27,2025-06-05,兴业证券股份有限公司,,,否,,,,,,,0,,,,,5-10亿元,P1028797
团队跟踪,前海久盈睿进六号私募证券投资基金,SAZF16,前海久盈睿进六号私募证券投资基金,SAZF16,深圳前海久盈投资,,2025-06-23,2025-06-26,华泰证券股份有限公司,,本基金的申赎开放日为每周周二、周三，遇非工作日则不开放。,否,无,每次申购的金额应不低于1万元人民币（不含申购费（如有））,"持有时间（天）	赎回费率
 【0】天-【92】天（含）	【0.5】 %
 【92】天以上	【0】 %，赎回费用（如有）归基金资产所有。",,无,,0.005,0.50%,0.01%,0.01%,"单个投资者单份额高水位法，在基金收益分配、基金份额持有人赎回基金或者基金终止时进行业绩报酬的提取。
大于5%的部分全部提取，且提取金额不能超过总收益的50%

",20-50亿元,P1065235
团队跟踪,瀚鑫纸鸢低波私募证券投资基金,SAZF25,瀚鑫纸鸢低波私募证券投资基金,SAZF25,深圳瀚鑫,,2025-06-05,2025-06-10,招商证券股份有限公司,,每周三,否,,,持有天数小于90天，收取0.50%；持有天数大于90天（含），收取0%,,,,0.01,,,,,10-20亿元,P1002934
团队跟踪,安若泰然1号,SAZF69,安若泰然1号私募证券投资基金,SAZF69,珠海安若本然资管,,2025-06-04,2025-06-20,华泰证券股份有限公司,,,否,,,,,,,0,,,,,0-5亿元,P1070557
团队跟踪,安若泰然2号私募证券投资基金,SAZF71,安若泰然2号私募证券投资基金,SAZF71,珠海安若本然资管,,2025-06-04,2025-06-23,华泰证券股份有限公司,,,否,,,,,,,0,,,,,0-5亿元,P1070557
团队跟踪,御剑启明星1号私募证券投资基金,SAZF84,御剑启明星1号私募证券投资基金,SAZF84,青岛御剑乘风,,2025-06-13,2025-06-18,中信建投证券股份有限公司,,,否,,,,,,,0,,,,,0-5亿元,P1072817
团队跟踪,深度恒稳1号私募证券投资基金,SAZH40,深度恒稳1号私募证券投资基金,SAZH40,杭州深度资管,,2025-06-05,2025-06-12,中信证券股份有限公司,,,否,,,,,,,0,,,,,10-20亿元,P1065452
团队跟踪,华泰期货臻选二号FOF单一资产管理计划,SAZJ49,华泰期货臻选二号FOF单一资产管理计划,SAZJ49,华泰期货,,2025-06-06,,,,,否,,,,,,,0,,,,,,PT0500011867
团队跟踪,深度臻选1000指数增强1号,SAZJ82,深度臻选1000指数增强1号私募证券投资基金,SAZJ82,杭州深度资管,,2025-06-09,2025-06-13,中信证券股份有限公司,,每周周二、周三，如遇非交易日，则非交易日对应的开放取消,否,0%,,持有期小于180天，赎回费率为0.5%；持有期大等于180天，赎回费率为0%,,无,,0.01,,0.01%,0.01%,业绩报酬计提基准为同期中证1000指数，对超额业绩报酬部分计提20%,10-20亿元,P1065452
团队跟踪,汉鸿青云2号私募证券投资基金,SAZK00,汉鸿青云2号私募证券投资基金,SAZK00,上海汉鸿,,2025-06-11,2025-06-16,长江证券股份有限公司,,每周周二、周三,否,1%,1万元起,持有期小于90天，赎回费率为1%；持有期大等于90天，赎回费率为0%,,无,,0.015,A类份额：0.8%；B类份额：1%；C类份额：1.5%,0.01%,0.01%,"业绩报酬的计算采用单个投资者单笔高水位净值法；业绩报酬计提基准日为：投资者赎回日、分红权益登记日、基金终止日。
业绩报酬计提比例：A 类份额 16%；B 类份额 20%；C 类份额 20%",10-20亿元,P1072580
团队跟踪,正仁股票择时三期私募证券投资基金,SAZK21,正仁股票择时三期私募证券投资基金,SAZK21,海南正仁,,2025-06-19,2025-06-24,中信证券股份有限公司,,每周一、周二,否,0%,,持有期小于3个月（按90天计），赎回费率为0.75%；持有期大于3个月，赎回费率为0%,,无,,0.015,,0.01%,0.01%,业绩报酬计提基准日为分红除息日、赎回确认日和基金终止确认日计提比例为20%,50-100亿元,P1071301
团队跟踪,正仁择时量化选股四期私募证券投资基金,SAZL72,正仁择时量化选股四期私募证券投资基金,SAZL72,海南正仁,,2025-06-05,2025-06-16,招商证券股份有限公司,,,否,,,,,,,0,,,,,50-100亿元,P1071301
团队跟踪,物朴青云一号私募证券投资基金,SAZN55,物朴青云一号私募证券投资基金,SAZN55,上海物朴资管,,2025-06-05,2025-06-10,国泰海通证券股份有限公司,,,否,,,,,,,0,,,,,10-20亿元,P1015034
团队跟踪,广联宏长虹,SAZP32,广联宏长虹私募证券投资基金,SAZP32,海南广联宏,,2025-06-17,2025-06-23,招商证券股份有限公司,,每周第二个交易日与第三个交易日,可临开赎回,0%,1万元起,持有期小于 3 个月，赎回费率 0.5%；持有期大于等于3个月，赎回费率 0%,,,,0.01,,0.01%,0.01%,"单客户单笔份额高水位法：业绩报酬提取时点分为固定时点提取（在每自然年最后一个交易日）、分红时提取、赎回时提取和合同终止时提取。
计提20%",5-10亿元,P1072844
团队跟踪,新时代共赢七号私募证券投资基金,SAZP85,新时代共赢七号私募证券投资基金,SAZP85,海南时代共赢,,2025-06-17,2025-06-20,国泰海通证券股份有限公司,,每周周四、周五,可临开赎回,0%,,持有期小于90天 ，赎回费率为 0.5%；持有期大等于90天 ，赎回费率为 0%,,,,0.01,A类份额： 1%； B类份额：0.6%,0.015%,0.015%,业绩报酬基准6.0%，超过6%份额整体计提比例为 40%,10-20亿元,P1071911
团队跟踪,禅龙全天候复合策略中波1号私募证券投资基金,SAZQ73,禅龙全天候复合策略中波1号私募证券投资基金,SAZQ73,上海禅龙资管,,2025-07-21,2025-07-28,广发证券股份有限公司,,每周三,否,,,90天内0.5%,,无,,0.01,,,,20%,50-100亿元,P1015508
团队跟踪,禅龙全天候复合策略高波1号私募证券投资基金,SAZR53,禅龙全天候复合策略高波1号私募证券投资基金,SAZR53,上海禅龙资管,,2025-06-11,2025-06-18,广发证券股份有限公司,,每周三,否,,,90天内0.5%,,无,,0.01,,,,20%,50-100亿元,P1015508
团队跟踪,博衍九溪CTA6号私募证券投资基金,SAZU19,博衍九溪CTA6号私募证券投资基金,SAZU19,杭州博衍,,2025-06-13,2025-06-19,国泰海通证券股份有限公司,,每周周四、周五,可临开赎回,0%,,持有期小于90天，赎回费率为0.5%；持有期大等于90天，赎回费率为0%。赎回费归资产所有,,无,,0.015,A类份额：1.5%，B类份额：0%,0.01%,0.01%,单个投资者单笔高水位净值法，A类份额：20%，B类份额：0%,20-50亿元,P1074267
团队跟踪,阶石稳健9号私募证券投资基金,SAZW60,阶石稳健9号私募证券投资基金,SAZW60,深圳阶石,,2025-06-10,2025-06-16,中信证券股份有限公司,,每周周三,否,0%,,持有期小于3个月，赎回费率0.05%；持有期大等于3个月，赎回费率0%,,无,,0.01,,0.01%,0.01%,单人单笔份额高水位，计提比例50%,0-5亿元,P1069896
团队跟踪,简文大有私募证券投资基金,SAZY21,简文大有私募证券投资基金,SAZY21,上海简文,,2025-06-13,2025-06-18,中信证券股份有限公司,,每周周二,否,0%,,持有期小于90天，赎回费率为0.5%；持有期大等于90天，赎回费率为0%,,,,0.01,,中信证券,,20%,10-20亿元,P1022166
团队跟踪,荣熙恒盈1号,SAZZ42,荣熙恒盈1号私募证券投资基金,SAZZ42,上海荣熙,,2025-06-16,2025-06-30,招商证券股份有限公司,,每周周四、周五,可临开赎回,0%,,持有期小于 3 个月，赎回费率0.5%；持有期大等于 3 个月，赎回费率 0%,,,,0.01,,0.015%,0.015%,当基金份额赎回、基金终止或分红时，管理人将提取赎回份额或分红份额当期超过年化收益6%盈利部分的50%作为业绩报酬。,5-10亿元,P1017741
团队跟踪,睿郡财富16号,SB0096,睿郡财富16号私募证券投资基金,SB0096,上海睿郡资管,,2023-05-24,2023-05-31,兴业证券股份有限公司,,,否,,,,,,,0,,,,,100亿元以上,P1014376
团队跟踪,东睿星海汇羲然2号,SB0129,东睿星海汇羲然2号私募证券投资基金,SB0129,北京东睿,,2023-07-25,2023-09-04,国投证券股份有限公司,,,否,,,,,,,0,,,,,0-5亿元,P1063128
团队跟踪,野牛稳进1号私募证券投资基金,SB0135,野牛稳进1号私募证券投资基金,SB0135,福建野牛资管,,2023-06-01,2023-06-07,中信建投证券股份有限公司,,每周周四,否,0%,,0%,0.98,无,0.96,0,,0.025%,0.025%,50%,0-5亿元,P1025486
团队跟踪,瑞鼎量化对冲3号,SB0373,瑞鼎量化对冲3号私募证券投资基金,SB0373,福建东方瑞鼎资管,,2023-06-08,2023-06-12,兴业证券股份有限公司,,每周周三,否,1.5%,,1%,0.85,,0.7,0.01,,0.015％,0.015％,"（20251107业绩报酬由30%降到20%）计算每个基金份额持有人每笔投资所对应的份额在上一计提日至本次计提日持有期间的基金份额累计净值增长差额，对单笔投资超过上次计提日最高基金份额累计净值部分按如下的比例 20%进行计提
计提基准日：基金份额持有人赎回申请日、基金清算日、分红权益登记日）的基金份额累计净值大于上次计提日（首次计提时，则为参与日基金份额累计净值）基金份额累计净值。",0-5亿元,P1034820
团队跟踪,磐松全市场指数增强1号私募证券投资基金,SB0384,磐松全市场指数增强1号私募证券投资基金,SB0384,上海磐松,,2023-06-01,2023-06-05,华泰证券股份有限公司,,每个交易日,否,0%,,持有期小于90天，赎回费率为1%；持有期大等于90天且小于180天，赎回费率为0.5%；持有期大等于180天且小于365天，赎回费率为0.25%；持有期大等于365天，赎回费率为0%,,无,,0.014,,0.02%,0.02%,不计提业绩报酬,100亿元以上,P1074204
团队跟踪,万维-偲科聆股票多空1号,SB0416,万维-偲科聆股票多空1号私募证券投资基金,SB0416,深圳万维,,2023-06-05,2023-06-05,国泰君安证券股份有限公司,张文彬,,否,,,,,,,0,,,,,0-5亿元,P1002875
团队跟踪,卓识信淮量化选股1号1期私募证券投资基金,SB0652,卓识信淮量化选股1号1期私募证券投资基金,SB0652,北京卓识,,2023-06-14,2023-06-20,中信建投证券股份有限公司,,,否,,,,,,,0,,,,,100亿元以上,P1063264
团队跟踪,博孚利西海机智对冲一号,SB0838,博孚利西海机智对冲一号私募证券投资基金,SB0838,厦门博孚利资管,,2023-07-20,2023-08-04,中信证券股份有限公司,,每周周五,否,0%,1万元起,0%,,无,,0.002,,0.01%,0.01%,份额高水位法，计提比例20%,50-100亿元,P1023120
团队跟踪,瓴沃兰芷一号,SB0843,瓴沃兰芷一号私募证券投资基金,SB0843,赣州瓴沃,,2023-06-12,2023-06-20,国泰君安证券股份有限公司,,,否,,,,,,,0,,,,,0-5亿元,P1006912
团队跟踪,磐松小盘股指数增强2号,SB0990,磐松小盘股指数增强2号私募证券投资基金,SB0990,上海磐松,,2024-01-25,2024-02-02,中信建投证券股份有限公司,,每个交易日,否,0%,,持有期小于90天，赎回费率为1%；持有期大等于90天且小于180天，赎回费率为0.5%；持有期大等于180天且小于365天，赎回费率为0.25%；持有期大等于365天，赎回费率为0%,,无,,0,,0.02%,0.02%,"单个投资者单份额高水位法，在业绩报酬提取时点，本基金份额收益率根据相对同期中证1000指数（代码：000852）收益率（超额收益率Re）进行提取，计提比例15%。
计提基准日：在固定时点（基金成立后每年2、8月的第一个交易日）、基金份额持有人赎回基金或者基金终止时进行业绩报酬的提取。",100亿元以上,P1074204
团队跟踪,博孚利东方紫霞1号私募证券投资基金,SB1112,博孚利东方紫霞1号私募证券投资基金,SB1112,厦门博孚利资管,,2023-07-10,2023-07-17,中信证券股份有限公司,,每周周二、周五,否,0%,1万元起,0%,0.85,无,0.7,0.01,,0.01%,0.01%,份额高水位法，计提比例16%。固定计提基准日为每年12月第2个周五（如遇节假日则顺延至下一个工作日）,50-100亿元,P1023120
团队跟踪,熙典基金布赫拉迪1号,SB1267,熙典基金布赫拉迪1号私募证券投资基金,SB1267,厦门熙典,,2023-06-15,2023-06-20,招商证券股份有限公司,季凯闻、丁由由,每自然月第10个自然日为开放日。如该对应日为非工作日，则开放日为该日后的第一个工作日。,可临开申购,B类份额：0,每次追加申购的最低金额为10万元人民币。,0,0.8,成立后180天（已结束）。,0.75,0,B类份额：0.5%/年,0.025%/年,0.025%/年,"B类份额：单人单笔高水位法，针对收益0%以上的部分计提10%业绩报酬
本基金业绩报酬计提日为：封闭期过后，每年1月及7月的最后一个交易日，基金份额持有人实际赎回基金份额时（包含全部赎回，部分赎回）、基金终止日。",5-10亿元,P1072232
团队跟踪,乐水天清对冲二号,SB1291,乐水天清对冲二号私募证券投资基金,SB1291,北京乐水,,2023-06-09,2023-06-14,国泰君安证券股份有限公司,,每日,否,0,,0,0.85,无,0.8,0.01,,0.015%,0.015%,20%,50-100亿元,P1074548
团队跟踪,猎马神灯复合策略2号私募证券投资基金,SB1447,猎马神灯复合策略2号私募证券投资基金,SB1447,江西猎马投资,,2023-06-12,2023-06-19,浙商证券股份有限公司,,每周周三,否,1%,1万元起,1.5%,0.92,无,0.9,0.01,,0.015%,0.015%,提取比例 60%管理人将根据委托人每笔投资的期间年化 收益率（R），当期间年化收益率大于7.5%时，对所有收益 按照60%的比例收取业绩报酬，且计提后该笔份额的期间年 化收益率不低于7.5%。,0-5亿元,P1065325
团队跟踪,君和九思套利2号私募证券投资基金,SB1583,君和九思套利2号私募证券投资基金,SB1583,北京君和九思,,2023-06-15,2023-06-29,招商证券股份有限公司,,,否,,,,,,,0,,,,,5-10亿元,P1031396
团队跟踪,国元期货扬帆一号集合资产管理计划,SB1592,国元期货扬帆一号集合资产管理计划,SB1592,国元期货,,2023-07-04,2023-07-14,招商证券股份有限公司,,,否,,,,,,,0,,,,,,GC0500030831
团队跟踪,宽辅中证500指数增强1号,SB1669,宽辅中证500指数增强1号私募证券投资基金,SB1669,海南宽辅,,2023-06-07,2023-06-09,国泰海通证券股份有限公司,,基金成立之后的每周周二和周四，如遇非交易日，则顺延至下一交易日。,否,1%,追加 金额应为 10 万元人民币起,0,,不设置 ,,0.01,,0.01%/年,,业绩计提基准为中证500指数（000905）收益率，单客户单笔份额高水位法，当基金份额当期收益率减去中证500指数（000905）对应期间收益率大于等于零且基金份额当期收益率大于等于零，管理人提取基金份额当期超过中证500指数（000905）对应期间收益的20%作为业绩报酬。,10-20亿元,P1074464
团队跟踪,渡苇北洋9号私募证券投资基金,SB1692,渡苇北洋9号私募证券投资基金,SB1692,深圳渡苇,,2025-08-19,2025-09-09,招商证券股份有限公司,,,否,,,,,,,0,,,,,0-5亿元,P1016672
团队跟踪,博孚利多策略三十七号,SB1695,博孚利多策略三十七号私募证券投资基金,SB1695,厦门博孚利资管,,2023-06-12,2023-06-20,国信证券股份有限公司,,每个工作日,否,0%,不少于1万元,0%,0.97,无,0.95,0.01,,0.01%,0.01%,份额高水位法计提20%，每年6月15日为固定业报计提时点,50-100亿元,P1023120
团队跟踪,博孚利洛必达1号私募证券投资基金,SB1698,博孚利洛必达1号私募证券投资基金,SB1698,厦门博孚利资管,,2023-06-12,2023-06-20,国信证券股份有限公司,,每个工作日,可临开赎回,0%,不少于1万元,0%,,无,,0.01,,0.01%,0.01%,份额高水位法计提20%,50-100亿元,P1023120
团队跟踪,坤望专享7号私募证券投资基金,SB1773,坤望专享7号私募证券投资基金,SB1773,上海坤望,,2023-06-08,2023-06-12,国泰君安证券股份有限公司,,,否,,,,,,,0,,,,,20-50亿元,P1072723
团队跟踪,太蒙利实利1号私募证券投资基金,SB2366,太蒙利实利1号私募证券投资基金,SB2366,上海太蒙利资管,,2023-06-28,2023-07-03,广发证券股份有限公司,,每周周三,可临开赎回,0%,1万元起,0%,,无,,0.01,,0.01%,0.01%,50%,0-5亿元,P1070128
团队跟踪,蒙玺广益1号私募证券投资基金,SB2425,蒙玺广益1号私募证券投资基金,SB2425,上海蒙玺投资,,2023-07-18,2023-08-14,广发证券股份有限公司,,每月份的10号-13号（连续开放4个交易日）,否,A类份额：采取差异化费率收取，单笔认购金额<500万元，认购费率为1%；500万元≤单笔认购金额<1000万元，认购费率为0.5%；1000万元≤单笔认购金额，认购费率为0.3%。 B类份额：0%,1万元起,A类份额：持有期小于365天，赎回费率为0.5%；持有期大等于365天，赎回费率为0%。B类份额：0%,0.88,,0.85,0.01,,0.05%,0.05%（销售服务费：A类份额：1%；B类份额：0.5%）,单客户高水位法：A类份额：25%；B类份额：20%,100亿元以上,P1063294
团队跟踪,展弘优选套利A期私募证券投资基金,SB2689,展弘优选套利A期私募证券投资基金,SB2689,上海展弘投资,,2023-07-07,2023-07-10,华泰证券股份有限公司,,每月的第20个自然日,否,0-300万： 1%；300万（含）-1000万：0.5%；1000万（含）以上：0%,1万元起,0%,0.9,,0.88,0.015,,,,20%,100亿元以上,P1015638
团队跟踪,尚艺量化全天候国稳版1号,SB2728,尚艺量化全天候国稳版1号私募证券投资基金,SB2728,北京尚艺,,2023-06-13,2023-06-13,中信证券股份有限公司,,每周周二、周三,可临开赎回,A类份额： 0%；B类份额：0%；C类份额：0.5%,1万元起,A类份额、B类份额：持有期小于6个月，赎回费率为0.5%；持有期大等于6个月，赎回费率为0%。C类份额：持有期小于6个月，赎回费率为1%；持有期大等于6个月且小于12个月，赎回费率为0.5%；持有期大等于12个月，赎回费率为0%,,,,0.015,A类份额：0%，B类份额：1.5%，C类份额：1%,0.013%,0.013%,管理人将根据委托人每笔投资的期间年化收益率（R），对期间年化收益率超过 5.2%以上部分按照比例 Y 收取业绩报酬。其中，B 类份额业绩报酬的提取比例（Y）为【40】%，C类份额业绩报酬的提取比例（Y）为【40】%。,50-100亿元,P1006152
团队跟踪,磐松多空对冲5号私募证券投资基金,SB2859,磐松多空对冲5号私募证券投资基金,SB2859,上海磐松,,2023-06-26,2023-07-03,中信证券股份有限公司,,"每日
（预约赎回T－10）",否,0,,"少于90天，1%
少于180天,0.5%
少于365天,0.25%
归基金",,,,0,,,,20%,100亿元以上,P1074204
团队跟踪,博孚利多多私募证券投资基金,SB2965,博孚利多多私募证券投资基金,SB2965,厦门博孚利资管,,2023-07-05,2023-07-10,招商证券股份有限公司,,每个交易日,否,0%,1万元起,0%,,无,,0.002,,0.01%,0.01%,不计提业绩报酬,50-100亿元,P1023120
团队跟踪,琨融盛扬一号私募证券投资基金,SB2996,琨融盛扬一号私募证券投资基金,SB2996,天津琨融,,2023-07-11,2023-07-17,招商证券股份有限公司,刘文盛,每周三,否,,,3个月内1%,,无,,0.01,,,,20%,10-20亿元,P1074523
团队跟踪,正仁春晓中性私募证券投资基金,SB3110,正仁春晓中性私募证券投资基金,SB3110,海南正仁,,2023-07-24,2023-08-08,国泰君安证券股份有限公司,,每周周三，如遇非交易日，则顺延至下一交易日。,否,,,持有小于180天1%，大于180天0%（包括180天）,,,,0,1.5%,0.05%,,"基金投资者赎回时、基金分红时、基金到期时计提；当年化收益率大于计提触发条件（年化【5】%）时，对持有期全额收益按【20%】比例进行计提
",50-100亿元,P1071301
团队跟踪,谊恒滴海稳健专享1号私募证券投资基金,SB3131,谊恒滴海稳健专享1号私募证券投资基金,SB3131,上海滴海,,2023-07-13,2023-07-20,国信证券股份有限公司,,,否,,,,,,,0,,,,,10-20亿元,P1012859
团队跟踪,嘉懿炽阳私募证券投资基金,SB3213,嘉懿炽阳私募证券投资基金,SB3213,上海嘉懿萃,,2023-06-29,2023-07-04,国泰君安证券股份有限公司,刘洋军,,否,,,,,,,0,,,,,50-100亿元,P1073454
团队跟踪,太蒙利实利2号私募证券投资基金,SB3321,太蒙利实利2号私募证券投资基金,SB3321,上海太蒙利资管,,2023-06-21,2023-06-27,广发证券股份有限公司,,,否,,,,,,,0,,,,,0-5亿元,P1070128
团队跟踪,汇升海鑫4号私募证券投资基金,SB3454,汇升海鑫4号私募证券投资基金,SB3454,江苏苏豪汇升,,2023-08-02,2023-08-02,国投证券股份有限公司,,,否,,,,,,,0,,,,,20-50亿元,P1005918
团队跟踪,锦徽中证2000指数增强1号私募证券投资基金,SB3859,锦徽中证2000指数增强1号私募证券投资基金,SB3859,上海锦徽,,2023-06-28,2023-07-03,中信证券股份有限公司,,,否,,,,,,,0,,,,,5-10亿元,P1074392
团队跟踪,孝庸市场中性一号私募证券投资基金,SB3935,孝庸市场中性一号私募证券投资基金,SB3935,上海孝庸,,2023-06-29,2023-06-29,国泰君安证券股份有限公司,,,否,,,,,,,0,,,,,100亿元以上,P1031310
团队跟踪,瑷尔德汇富润禾5号私募证券投资基金,SB3994,瑷尔德汇富润禾5号私募证券投资基金,SB3994,浙江瑷尔德投资,,2023-08-23,2023-08-28,广发证券股份有限公司,,,否,,,,,,,0,,,,,5-10亿元,P1025781
团队跟踪,杉树500指数增强9号量化私募证券投资基金,SB4271,杉树500指数增强9号量化私募证券投资基金,SB4271,上海杉树资管,,2023-08-23,2023-08-23,华鑫证券有限责任公司,,每个交易日,否,0%,1万元起,0%,,,,0.001,行政服务费：0.015%,0.035%,,"Ri,j≤0，计提比例：0%，PFi,j =0；
0＜Ri,j＜r500+4.75% ，计提比例：0%，PFi,j =0；
0≤r500+4.75%≤Ri,j，计提比例：40%，PFi,j =Fi,j×(Ri,j - r500-4.75%)×HWM0×40%×T/365；
r500+4.75%＜0＜Ri,j，计提比例：40%，PFi,j =min{Fi,j×(Ri,j - r500-4.75%)×HWM0 ×40%×T/365, Fi,j×Ri,j×HWM0×T/365}。
计提基准日：赎回申请对应的开放日、基金终止日、固定时点（每季度最后一个交易日）。",20-50亿元,P1002462
团队跟踪,睿启睿进2号私募证券投资基金,SB4325,睿启睿进2号私募证券投资基金,SB4325,无锡睿启,,2023-06-28,2023-07-25,中信证券股份有限公司,,,可临开申购,,,,0.85,,0.8,0,,,,,0-5亿元,P1074526
团队跟踪,唯瞻三号私募证券投资基金,SB4394,唯瞻三号私募证券投资基金,SB4394,杭州唯瞻,,2023-07-04,2023-07-07,国泰君安证券股份有限公司,,申购开放日为每周周三，赎回开放日为每月15号,否,0%,10万元起,0%,0.85,,0.8,0.01,1%,,,单笔份额高水位净值法。赎回、分红、清算日计提，计提比例20%,10-20亿元,P1074419
团队跟踪,展弘广益多策略1号私募证券投资基金,SB4589,展弘广益多策略1号私募证券投资基金,SB4589,上海展弘投资,,2023-07-21,2023-07-25,广发证券股份有限公司,,每月第二个周五,否,A类份额：差异化申购费率如下： 单笔申购金额＜500万元，申购费率为1%；500万元≤单笔申购金额＜1000元，申购费率为0.5%； 1000万元≤单笔申购金额，申购费率为0.3%。B类份额不收取,,0%,0.9,,0.85,0.01,销售服务费：A类份额：0.8%，B类份额：0.5%,0.03%,0.03%,对每笔份额的份额累计净值超过历史计提日最高份额累计净值部分，计提20%,100亿元以上,P1015638
团队跟踪,锋滔多空对冲1号,SB4766,锋滔多空对冲1号私募证券投资基金,SB4766,上海锋滔资管,,2023-07-10,2023-07-13,东方证券股份有限公司,,每个交易日,否,1%,,持有期小于6个月，赎回费率为1%；持有期大等于6个月，赎回费率为0%,,无,,0.015,A类份额：1.5%,0.02%,0.02%,A类份额：20%,0-5亿元,P1007210
团队跟踪,长石智赢11号私募证券投资基金,SB4770,长石智赢11号私募证券投资基金,SB4770,三亚长石,,2023-08-25,2023-08-30,国泰君安证券股份有限公司,,每周最后一个交易日,否,0,,0,,,,0.01,,,,20%,5-10亿元,P1074173
团队跟踪,岳海精选六号私募证券投资基金,SB4776,岳海精选六号私募证券投资基金,SB4776,上海岳海资管,,2023-07-06,2023-07-11,招商证券股份有限公司,,每周周一、周二、周三、周五,可临开赎回,0%,,0%,0.85,无,0.8,0.015,,0.025%,0.025%,20%,5-10亿元,P1031506
团队跟踪,鋆晟衡泰进取1号私募证券投资基金,SB4982,鋆晟衡泰进取1号私募证券投资基金,SB4982,上海鋆晟投资,,2023-09-22,2023-09-27,国泰君安证券股份有限公司,,每周三,否,,,90天内1%；90-180天0.5%,,,,0.01,,,,15%,0-5亿元,P1028385
团队跟踪,星云至恒金牛座波动率私募证券投资基金,SB4992,星云至恒金牛座波动率私募证券投资基金,SB4992,厦门星云至恒,,2023-08-22,2023-08-25,光大证券股份有限公司,,,否,,,,,,,0,,,,,0-5亿元,P1074598
团队跟踪,沣融晟元1号,SB5094,沣融晟元1号私募证券投资基金,SB5094,上海沣融汇,,2023-07-06,2023-07-11,招商证券股份有限公司,吴荻、蒋兴达,,否,,,,,,,0,,,,,0-5亿元,P1074502
团队跟踪,泽丰祥麟7号私募证券投资基金,SB5410,泽丰祥麟7号私募证券投资基金,SB5410,广东泽丰瑞熙,,2023-07-19,2023-08-04,中信证券股份有限公司,,每周周二,否,,,,,,,0.015,,0.01%,0.01%,40%,10-20亿元,P1004891
团队跟踪,华泰期货19期集合资产管理计划,SB5429,华泰期货19期集合资产管理计划,SB5429,华泰期货,,2023-08-16,2023-08-25,国泰海通证券股份有限公司,,本计划自成立之日起每周最后一个工作日开放参与，每月最后一个工作日开放退出（以下简称为T日或开放日），委托人可以在开放日办理参与或退出业务。,否,"本计划的参与费率及计算方式同认购费用
单笔净认购金额M（不含认购费）	认购费费率
M＜300万	1%
300万≤M＜500万	0.5%
M≥500万	0,本计划的认购费由对应的销售机构收取，对应的销售机构有权对其销售的份额予以减免认购费。认购费由委托人承担，不列入资产管理计划委托资产。",追加的净申购金额应至少1万元（含）,无,0.82,无,0.8,0,1.00%,0.01%,/,"单人单笔投资高水位法计提,在本集合计划自成立起在份额退出日、分红日、计划终止日收取业绩报酬
超额收益部分提取15%",,PT0500011867
团队跟踪,新湖期货兴启月月开1号集合资产管理计划,SB5507,新湖期货兴启月月开1号集合资产管理计划,SB5507,新湖期货,,2023-07-17,2023-08-09,中信证券股份有限公司,,每周周三接受参与申请，每个自然月5日接受退出申请,否,0%,,0%,0.94,无,0.92,0.01,,0.01%,0.01%,年化收益率超过4.2%以上部分按照60%的比例收取业绩报酬,,PT0500030378
团队跟踪,金和至信稳健12号私募证券投资基金,SB5534,金和至信稳健12号私募证券投资基金,SB5534,上海金和晟,,2023-07-20,2023-08-03,华泰证券股份有限公司,李梦琦、李梦琦,,否,,,,,,,0,,,,,10-20亿元,P1071636
团队跟踪,宽辅专享1号,SB5590,宽辅专享1号私募证券投资基金,SB5590,海南宽辅,,2023-07-11,2023-07-20,国泰君安证券股份有限公司,,每个交易日,否,1%,1万元起,持有期小于360 天，赎回费率为 1%；持有期大等于360 天，赎回费率为 0%。,,无,,0.02,A类份额（管理人及其员工份额）：0%；B类份额（2025 年2月28日之前申购的且非管理人及其员工的份额）：1%；C类份额（A、B 之外的直销份额）：1%；D类份额（代销份额）：2%,0.01%,0.01%,"1.计提原则：单人单份额高水位法
2.计提时点：赎回、分红、清盘时计提；每年 6 月、12 月最后一个交易日计提
3.计提比例：
A类份额（管理人及其员工份额）：0%；
B类份额（2025 年 2 月 28 日之前申购的且非管理人及其员工的份额）：绝对收益计提 18%；
C类份额（A、B 之外的直销份额）：绝对收益计提 20%；
D类份额（代销份额）：绝对收益计提 20%",10-20亿元,P1074464
团队跟踪,磐松红利指数增强进取1号私募证券投资基金,SB5668,磐松红利指数增强进取1号私募证券投资基金,SB5668,上海磐松,,2023-07-19,2023-07-24,国投证券股份有限公司,,每个交易日,否,0%,1万元起,,,无,,0,,0.02%,0.02%,"单客户单笔高水位法，超额收益计提17.5%。
计提基准日：固定时点、赎回时、终止时；固定计提基准日为每年2、8 月的第一个开放日。",100亿元以上,P1074204
团队跟踪,希塔长云1号私募证券投资基金,SB5691,希塔长云1号私募证券投资基金,SB5691,上海希塔,,2023-07-18,2023-08-01,中信证券股份有限公司,,,否,,,,,,,0,,,,,5-10亿元,P1072192
团队跟踪,汉鸿无量一号,SB5759,汉鸿无量一号私募证券投资基金,SB5759,上海汉鸿,,2023-08-15,2023-08-22,国金证券股份有限公司,,每个交易日,否,1%（可免）,1万元起,0%,,无,,0,,0.01%,0.01%,业绩报酬为相对万得可转债等权指数，超额部分计提20%,10-20亿元,P1072580
团队跟踪,川砺稳健十六号私募证券投资基金,SB5853,川砺稳健十六号私募证券投资基金,SB5853,宁波川砺,,2023-08-09,2023-08-16,中泰证券股份有限公司,,,否,,,,,,,0,,,,,5-10亿元,P1064154
团队跟踪,新湖期货云启周周开1号集合资产管理计划,SB5876,新湖期货云启周周开1号集合资产管理计划,SB5876,新湖期货,,2023-07-17,2023-07-21,长江证券股份有限公司,,每周周一,否,0% ,,0% ,0.97,,0.94,0.006,,0.015% ,0.015% ,超额业绩报酬计提基准为3.5%，超额业绩报酬计提比例为60%,,PT0500030378
团队跟踪,孝庸指数增强1号私募证券投资基金,SB5898,孝庸指数增强1号私募证券投资基金,SB5898,上海孝庸,,2023-07-12,2023-07-12,中信证券股份有限公司,,,否,,,,,,,0,,,,,100亿元以上,P1031310
团队跟踪,诚奇浦江CTA1号A类,SB595A,诚奇浦江CTA1号私募证券投资基金A类份额,SB595A,上海诚奇,,2021-10-15,2021-10-15,国泰君安证券股份有限公司,,每周周三、周四,可临开赎回,0%,,0%,,无,,0.01,,0.05%,0.05%,"单个投资者单笔高水位净值法，提取比例20%；
业绩报酬的计提基准日：投资者赎回日、每年6月、12月的最后一个交易日(固定日，但封闭期及/或锁定期(如有)除外)、分红权益登记日和基金清算日",100亿元以上,P1001430
团队跟踪,华软新动力精选对冲12号私募证券投资基金,SB6096,华软新动力精选对冲12号私募证券投资基金,SB6096,北京华软新动力,,2023-07-25,2023-07-25,光大证券股份有限公司,王冰,,否,,,,,,,0,,,,,50-100亿元,P1000997
团队跟踪,润波康钿宏观对冲,SB6182,润波康钿宏观对冲私募证券投资基金,SB6182,上海润波涌跃,,2023-08-10,2023-08-16,国泰君安证券股份有限公司,,每周周二、周四,否,0%,,0%,0.85,无,0.8,0.01,A类份额：0%，B类份额：1%,,,A类份额：20%；B类份额：20%,0-5亿元,P1074431
团队跟踪,安贤CTA2号私募证券投资基金,SB6253,安贤CTA2号私募证券投资基金,SB6253,北京安贤,,2023-08-09,2023-08-09,国信证券股份有限公司,,每周周五,可临开赎回,0%,,持有期小于90 天，赎回费率为 1%，赎回费归基金财产。红利转投份额不收取赎回费。,,,,0.01,A类份额：0%，B类份额：1%,0.01%年,0.01%年,A类份额：0%，B类份额：20%,50-100亿元,P1070195
团队跟踪,磐松市场中性进取1号私募证券投资基金,SB6407,磐松市场中性进取1号私募证券投资基金,SB6407,上海磐松,,2023-07-19,2023-08-03,招商证券股份有限公司,张潇、吴确,每个交易日,否,0%,5万,持有期小于181天，赎回费率为1%；持有期大等于181天但小于365天，赎回费率为0.5%；持有期大等于365天，赎回费率为0%；管理人有权减免,,无,,0,,0.02%,0.02%,"单客户单笔高水位法，计提35%。
计提基准日：固定时点、赎回时、终止时；固定计提基准日为每年1、4、7、10月的第一个交易日。",100亿元以上,P1074204
团队跟踪,磐松多空对冲均衡配置1号私募证券投资基金,SB6408,磐松多空对冲均衡配置1号私募证券投资基金,SB6408,上海磐松,,2023-08-03,2023-08-09,招商证券股份有限公司,,每个交易日,否,0.5%,5万,持有期小于181天，赎回费率为1%；持有期大等于181天但小于365天，赎回费率为0.5%；持有期大等于365天，赎回费率为0%；管理人有权减免,,无,,0.005,,0.005%,0.005%,不计提业绩报酬,100亿元以上,P1074204
团队跟踪,杨湜套利1号,SB6565,杨湜套利1号私募证券投资基金,SB6565,上海杨湜投资,,2023-08-18,2023-08-23,国泰君安证券股份有限公司,,每周周一、三、五,否,1%,,持有360天以内（不含），1%；持有360天以上（含），0%。,0.95,,0.93,0.015,,0.01%,0.01%,20%,10-20亿元,P1032870
团队跟踪,锐耐多伽马一号私募证券投资基金,SB6577,锐耐多伽马一号私募证券投资基金,SB6577,上海锐耐,,2023-07-28,2023-08-04,招商证券股份有限公司,,每个工作日,否,A类份额、C类份额：1%，B类份额：0%,1万元起,A类份额、C类份额：持有期小于180天，赎回费率为2%；持有期大等于180天且小于360天，赎回费率为1%；持有期大等于360天，赎回费率为0%。B类份额：0%,,,,0.02,A类份额：2%，C类份额：1%，B类份额：0%,0.025%/年,0.025%/年,"采取“单客户单笔份额高水位法”：业绩报酬提取时点分为固定时点提取、分红时提取、赎回时提取和合同终止时提取。固定时点提取是在每自然年的 6 月 30 日和 12 月 30 日（遇节假日均顺延至下一工作日)，但对于锁定期（每笔份额自认/申购起 6个月不允许赎回, 每月按 30 个自然日计算）的份额不计提业绩报酬。
A类份额：20%，C类份额：15%，B类份额：0%",20-50亿元,P1071795
团队跟踪,华软新动力精选对冲13号私募证券投资基金,SB6790,华软新动力精选对冲13号私募证券投资基金,SB6790,北京华软新动力,,2023-07-26,2023-08-03,国信证券股份有限公司,,,否,,,,,,,0,,,,,50-100亿元,P1000997
团队跟踪,坤望鲲鹏2号私募证券投资基金,SB6948,坤望鲲鹏2号私募证券投资基金,SB6948,上海坤望,,2023-08-03,2023-08-08,国泰君安证券股份有限公司,,,否,,,,,,,0,,,,,20-50亿元,P1072723
团队跟踪,亿莱祥长丰稳健1号,SB6957,亿莱祥长丰稳健1号私募证券投资基金,SB6957,上海亿莱祥,,2023-08-01,2023-08-17,华泰证券股份有限公司,,每个交易日,否,0%,10万元起,持有期小等于92天，赎回费率为1%；持有期大于92天，不收取赎回费,0.86,无,0.8,0.01,,0.01%,0.01%,20%,0-5亿元,P1074587
团队跟踪,磐松多空对冲6号私募证券投资基金,SB7042,磐松多空对冲6号私募证券投资基金,SB7042,上海磐松,,2023-09-01,2023-09-07,招商证券股份有限公司,,"每日
（预约赎回T－10）",否,0,,"少于90天，1%
少于180天,0.5%
少于365天,0.25%
归基金",,,,0,,,,20%,100亿元以上,P1074204
团队跟踪,磐松多空对冲1F,SB7044,磐松多空对冲1F私募证券投资基金,SB7044,上海磐松,,2023-08-04,2023-08-09,国泰君安证券股份有限公司,,,否,,,,,,,0,,,,,100亿元以上,P1074204
团队跟踪,展弘稳泰对冲运作9号私募证券投资基金,SB7202,展弘稳泰对冲运作9号私募证券投资基金,SB7202,上海展弘投资,,2023-08-22,2023-08-31,东方证券股份有限公司,,,否,,,,,,,0,,,,,100亿元以上,P1015638
团队跟踪,弈倍蓝鲸量化精选一号私募证券投资基金,SB7203,弈倍蓝鲸量化精选一号私募证券投资基金,SB7203,上海弈倍,,2023-08-03,2023-08-03,中信证券股份有限公司,,本基金固定申购开放日为成立后每周的周二和周四，接受申购申请，固定赎回开放日为成立后每个自然月 15 日，,否,本基金的申购费率为 1%,每次追加认购该类份额的金额应当不少于 1 万元,1%＜180天 ，180天≤D＜365天赎回费率0.5%≥365天为 0,,无,,0,,,,,20-50亿元,P1061585
团队跟踪,杨湜微盘股增强1号私募证券投资基金,SB7255,杨湜微盘股增强1号私募证券投资基金,SB7255,上海杨湜投资,,2023-08-22,2023-08-25,中信证券股份有限公司,,每个交易日,否,1%,,,,无,,0,A：0；B：1.5%C：0.75%,0.01%,0.01%,"A：0%
B：20
C：10%",10-20亿元,P1032870
团队跟踪,量道顺风5号私募证券投资基金,SB7535,量道顺风5号私募证券投资基金,SB7535,深圳量道投资,,2023-11-23,2023-12-05,华鑫证券有限责任公司,,每个交易日,否,0, 1 万元的整数倍,0,,无,,0.001,,0.035%/年,0.015%/年,"1）计提方式：采用单个投资者单笔高水位净值法。
2）计提时点：赎回申请对应的开放日、基金终止日、固定时点（每半年度最后一个交易日，即每年6月份的最后一个交易日和每年12月份的最后一个交易日）。
3）计提比例：40%（计提基准：持有期中证500指数年化收益率+4.75%（年化收益率））",100亿元以上,P1016658
团队跟踪,千象全景多元量化1号私募证券投资基金,SB7719,千象全景多元量化1号私募证券投资基金,SB7719,上海千象资产,,2023-07-31,2023-08-14,招商证券股份有限公司,,,否,,,,,,,0,,,,,100亿元以上,P1006930
团队跟踪,博孚利涵盈16号私募证券投资基金,SB7848,博孚利涵盈16号私募证券投资基金,SB7848,厦门博孚利资管,,2023-08-17,2023-08-22,中信证券股份有限公司,,每个交易日,否,0%,1万元起,0%,,无,,0.01,,0.01%,0.01%,当期间年化收益率大于【6】%时，对所有收益按照【10】%的比例收取业绩报酬，且计提后该笔份额的期间年化收益率不低于【6】%。,50-100亿元,P1023120
团队跟踪,博孚利晨安专享FOF私募证券投资基金,SB7893,博孚利晨安专享FOF私募证券投资基金,SB7893,厦门博孚利资管,,2023-08-10,2023-08-15,国投证券股份有限公司,,每个工作日,否,0%,1万元起,0%,,无,,0.01,,0.035%,0.015%,大于6%的部分提取10%作为业绩报酬,50-100亿元,P1023120
团队跟踪,鸣熙沪港深红利精选10号私募证券投资基金,SB8036,鸣熙沪港深红利精选10号私募证券投资基金,SB8036,鸣熙资本,,2023-08-08,2023-08-08,国泰君安证券股份有限公司,,,否,,,,,,,0,,,,,100亿元以上,P1033450
团队跟踪,雨顺量化对冲日升8号私募证券投资基金,SB8113,雨顺量化对冲日升8号私募证券投资基金,SB8113,深圳雨顺,,2023-08-11,2023-08-24,国泰君安证券股份有限公司,,每周周一、周三、周五,否,A类份额：0%; ，B类份额：1%,,持有期小于90天，赎回费率为1%；持有期大等于90天，赎回费率为0%,,无,,0.015,A类份额：1%; ，B类份额：1.5%,0.015%,0.015%,单个投资者单笔高水位净值法，A类份额：16%，B类份额：20%,5-10亿元,P1030524
团队跟踪,新策略水豚1号私募证券投资基金,SB8201,新策略水豚1号私募证券投资基金,SB8201,深圳前海新策略投资,,2023-08-09,2023-08-16,招商证券股份有限公司,,,否,,,,,,,0,,,,,0-5亿元,P1060538
团队跟踪,尚湖期权套利悦享1号私募证券投资基金,SB8234,尚湖期权套利悦享1号私募证券投资基金,SB8234,上海尚湖,,2023-08-29,2023-09-05,国泰君安证券股份有限公司,,申购开放日为每个工作日，赎回开放日为每周周五,可临开赎回,0%,1万元起,持有期小于180天的，赎回费率为0.5%；持有期大等于180天，赎回费率为0%,0.9,无,0.85,0.01,A类份额：0.8%；B类份额：1%,,,单人单笔高水位法；A类份额：18%；B类份额：20%,0-5亿元,P1025740
团队跟踪,永誉天泽经纶八号证券投资私募基金,SB8243,永誉天泽经纶八号证券投资私募基金,SB8243,青岛永誉天泽,,2023-08-07,2023-08-14,招商证券股份有限公司,,每周周二、周三,可临开赎回,0%,10万元起,0%,0.95,,0.92,0.01,A类份额：1%，B类份额：0.8%,0.025%,0.025%,16%,5-10亿元,P1072402
团队跟踪,国合稳进1号私募证券投资基金,SB8564,国合稳进1号私募证券投资基金,SB8564,深圳国合基金,,2023-07-07,2023-08-15,万联证券股份有限公司,叶展铭,,否,,,,,,,0,,,,,5-10亿元,P1061339
团队跟踪,柏石奥日私募证券投资基金,SB8580,柏石奥日私募证券投资基金,SB8580,西安柏石,,2023-08-31,2023-09-08,招商证券股份有限公司,张效禛,每周二、周三,可临开赎回,,1万元起,,0.97,无,0.95,0.01,,0.03%,,当期收益大于年化6%，管理人提取该份额整体盈利部分的50%作为业绩报酬，但计提后该笔份额的当期年化收益不低于6%。,10-20亿元,P1069047
团队跟踪,半鞅量化专享9号私募证券投资基金,SB8634,半鞅量化专享9号私募证券投资基金,SB8634,半鞅基金,,2023-08-28,2023-08-31,国泰君安证券股份有限公司,,每个交易日,否,0%,1万元起,持有期小于180天，赎回费率为1%；180天≤持有期限<365天，赎回费率为0.5%；持有期限≥365天，赎回费率为0%,,,,0,,0.01%,0.01%,"计提比例:50%；
计提方式:单客户高水位法",100亿元以上,P1072919
团队跟踪,星云至恒白羊座可转债私募证券投资基金,SB8677,星云至恒白羊座可转债私募证券投资基金,SB8677,厦门星云至恒,,2023-08-15,2023-08-18,招商证券股份有限公司,,每周周二,否,0%,10万元起,0%,0.75,,0.7,0.015,,0.01%,0.01%,超额收益提取20%，赎回、分红、清算时计提,0-5亿元,P1074598
团队跟踪,浩坤精选一号,SB8815,浩坤精选一号私募证券投资基金,SB8815,浙江浩坤昇发资管,,2023-09-18,2023-09-21,华泰证券股份有限公司,张门发,每周周二、周三、周五,可临开赎回,0%,1万元起,0%,,,,0.01,,0.01%,0.01%,20%,0-5亿元,P1065824
团队跟踪,长兴投资无为量化远望1号证券投资基金,SB8831,长兴投资无为量化远望1号证券投资基金,SB8831,北京长兴投资,,2023-09-26,2023-09-28,国投证券股份有限公司,,,否,,,,,,,0,,,,,0-5亿元,P1023204
团队跟踪,富犇前景套利二号,SB8848,富犇前景套利二号私募证券投资基金,SB8848,上海富犇投资,,2023-12-18,2024-01-08,国信证券股份有限公司,,每周周一、周三、周五,否,0%,,0%,0.82,,0.77,0.01,,0.01%,0.01%,20%,5-10亿元,P1025359
团队跟踪,固柢共享2号,SB8877,固柢共享2号私募证券投资基金,SB8877,杭州深根固柢,,2023-08-10,2023-08-22,招商证券股份有限公司,,每自然月第10个自然日为开放日。如该对应日为非工作日，则开放日为该日后的第一个工作日。,可临开申购,B类份额：0,每次追加申购的最低金额为10万元人民币。,0,0.8,成立后180天（已结束）。,0.75,0,B类份额：0.5%/年,0.025%/年,0.025%/年,"B类份额：单人单笔高水位法，针对收益0%以上的部分计提10%业绩报酬
本基金业绩报酬计提日为：封闭期过后，每年1月及7月的最后一个交易日，基金份额持有人实际赎回基金份额时（包含全部赎回，部分赎回）、基金终止日。",5-10亿元,P1066152
团队跟踪,彤心雕珑维纳一号私募证券投资基金,SB8958,彤心雕珑维纳一号私募证券投资基金,SB8958,上海彤心雕珑,,2023-08-09,2023-08-18,国泰君安证券股份有限公司,,,否,,,,,,,0,,,,,10-20亿元,P1074604
团队跟踪,川砺稳健三号私募证券投资基金,SB9048,川砺稳健三号私募证券投资基金,SB9048,宁波川砺,,2023-09-05,2023-09-08,国泰君安证券股份有限公司,,,否,,,,,,,0,,,,,5-10亿元,P1064154
团队跟踪,华闻期货华睿稳健FOF一号集合资产管理计划,SB9144,华闻期货华睿稳健FOF一号集合资产管理计划,SB9144,华闻期货,,2023-08-29,2023-09-05,中信证券股份有限公司,,,否,,,,,,,0.01,,,,,,GC0500030825
团队跟踪,善庆山河一号私募证券投资基金,SB9162,善庆山河一号私募证券投资基金,SB9162,上海善庆资管,,2023-08-15,2023-08-18,华泰证券股份有限公司,,,否,,,,,,,0,,,,,5-10亿元,P1024263
团队跟踪,锐泽多策略对冲1号,SB9320,锐泽多策略对冲1号私募证券投资基金,SB9320,杭州锐泽,,2023-08-16,2023-08-21,华泰证券股份有限公司,,每周周二,否,0%,,持有期小于180天，赎回费率为1%；持有期大等于180天，赎回费率为0%,0.95,,0.92,0.01,,0.01%,0.01%,单人单笔高水位法，计提15%,10-20亿元,P1074623
团队跟踪,磐松市场中性1号,SB9398,磐松市场中性1号私募证券投资基金,SB9398,上海磐松,,2023-08-23,2023-08-28,招商证券股份有限公司,,每个交易日,否,0%,10万元起,有期低于90天（不含）的赎回费率为1%，基金份额持有期在90天及以上但低于180天（不含）的赎回费率为0.5%，基金份额持有期在180天及以上但低于365天（不含）的赎回费率为0.25%，基金份额持有期在365天及以上的赎回费率为0%,,无,,0,,0.005%,,"单客户单笔高水位法，以份额方式支付给管理人，计提15%。
计提基准日：固定时点、赎回时、终止时；固定计提基准日为每年1、4、7、10月的第一个交易日。",100亿元以上,P1074204
团队跟踪,元康投资-宏观机遇3号,SB9411,元康投资-宏观机遇3号私募证券投资基金,SB9411,上海元康投资,,2023-08-29,2023-08-29,中信证券股份有限公司,,每自然月第10个自然日为开放日。如该对应日为非工作日，则开放日为该日后的第一个工作日。,可临开申购,B类份额：0,每次追加申购的最低金额为10万元人民币。,0,0.8,成立后180天（已结束）。,0.75,0,B类份额：0.5%/年,0.025%/年,0.025%/年,"B类份额：单人单笔高水位法，针对收益0%以上的部分计提10%业绩报酬
本基金业绩报酬计提日为：封闭期过后，每年1月及7月的最后一个交易日，基金份额持有人实际赎回基金份额时（包含全部赎回，部分赎回）、基金终止日。",0-5亿元,P1005920
团队跟踪,启泰多策略进取1号私募证券投资基金,SB9444,启泰多策略进取1号私募证券投资基金,SB9444,上海启泰,,2023-08-28,2023-08-31,中信证券股份有限公司,王超,,否,,,,,,,0,,,,,10-20亿元,P1074625
团队跟踪,磐松微盘股指数增强1号私募证券投资基金,SB9512,磐松微盘股指数增强1号私募证券投资基金,SB9512,上海磐松,,2023-08-16,2023-08-21,华泰证券股份有限公司,,每个交易日,否,0%,1 万元起,0-181天1%，181天（含）-365天0.5%，365天及以上0%。,,无,,0,,0.02%,0.02%,"正收益超额收益收取：
收益为正时，按照相对中证2000超额收益部分提取15%作为业绩报酬。",100亿元以上,P1074204
团队跟踪,博孚利宝瑞1号私募证券投资基金,SB9533,博孚利宝瑞1号私募证券投资基金,SB9533,厦门博孚利资管,,2023-08-15,2023-08-18,华泰证券股份有限公司,,每个交易日,否,0%,1万元起,0%,0.98,无,0.97,0.01,,0.015%,0.015%,对年化收益率大于5%的部分提取50%作为业绩报酬。,50-100亿元,P1023120
团队跟踪,卓胜1000量化对冲一号,SB9539,卓胜1000量化对冲一号私募证券投资基金,SB9539,上海卓胜,,2023-09-08,2023-09-13,国泰君安证券股份有限公司,,,否,,,,,,,0,,,,,0-5亿元,P1073962
团队跟踪,慕途基本面量化2号私募证券投资基金,SB9576,慕途基本面量化2号私募证券投资基金,SB9576,慕途基金,,2023-08-28,2023-09-06,国泰君安证券股份有限公司,梁潇,每周五申购，每个月第4个周五开放赎回,否,,,,0.9,180天,0.85,0.01,,0.015%,0.015%,,10-20亿元,P1073298
团队跟踪,宽辅千汇精选1号私募证券投资基金,SB9627,宽辅千汇精选1号私募证券投资基金,SB9627,海南宽辅,,2023-10-20,2023-10-30,国泰君安证券股份有限公司,,每个交易日,否,1%,1万元起,本基金B类份额：持有期低于365天（不含）的，赎回费率为1%，持有期在365天及以上的，赎回费率为0%。本基金B类份额赎回费归私募基金管理人所有。管理人有权减免。,,不设置,,0.01,,0.01%,0.01%,"计提基准：赎回、分红、清盘；每年6月、12月的最后一个交易日
计提比例：AB份额，A类0费率，B类业绩报酬计提18%（绝对计提）",10-20亿元,P1074464
团队跟踪,量派专享七号私募证券投资基金A类份额,SB962A,量派专享七号私募证券投资基金A类份额,SB962A,上海量派投资,,2021-08-04,2021-08-09,国泰君安证券股份有限公司,,每自然月第10个自然日为开放日。如该对应日为非工作日，则开放日为该日后的第一个工作日。,可临开申购和可临开赎回,,每次追加申购的最低金额为10万元人民币。,,0.8,成立后180天（已结束）。,0.75,0,,0.025%/年,0.025%/年,,100亿元以上,P1071253
团队跟踪,时通运泰行稳致远1号,SB9935,时通运泰行稳致远1号私募证券投资基金,SB9935,宁波时通运泰,,2023-09-01,2023-09-07,广发证券股份有限公司,满懿,,否,,,,,,,0,,,,,0-5亿元,P1070610
团队跟踪,量道长征奋进8号私募证券投资基金,SB9947,量道长征奋进8号私募证券投资基金,SB9947,深圳量道投资,,2023-08-21,2023-08-24,广发证券股份有限公司,,每个交易日,否,0%,0,0%,,无,,0.002,"本基金的年管理费根据产品净资产阶梯收费，计算方法如下：
H＝min(100000000 元,E）*0.2%÷365+max[（E-100000000 元）,0]*0.15%÷365
H 为每日应计提的管理费
E 为前一日的基金资产净值
本基金的管理费自基金成立日起，每日计提，按季支付。",0.015%/年,0.015%/年,"业绩报酬 = Si×（NAV1—NAV0）×R
其中：
60
Si 为基金份额持有人每笔赎回份额、或基金进行收益分配份额、或基金清算基准日所
持有份额；
NAV1 为本业绩报酬计提基准日的基金份额累计净值；
NAV0 为基金份额持有人赎回基金份额时、或基金进行收益分配时、或基金清算基准日
所持有份额在上一次提取业绩报酬时的基金份额累计净值，若该笔份额还未提取过业绩报
酬，则为该笔份额所对应的初始募集面值（认购所得份额）、申购申请日（申购所得份额）
或红利再投基准日（红利再投所得份额）的基金份额累计净值。
若上述公式的计算结果小于或等于 0，则业绩报酬为 0。",100亿元以上,P1016658
团队跟踪,嘉鸿星火2号,SB9968,嘉鸿星火2号私募证券投资基金,SB9968,上海嘉鸿,,2023-08-17,2023-08-17,广发证券股份有限公司,,,否,,,,,,,0.01,,,,,50-100亿元,P1068812
团队跟踪,榕树海鲲鹏5号私募证券投资基金,SBAA94,榕树海鲲鹏5号私募证券投资基金,SBAA94,珠海榕树海,,2025-07-03,2025-07-11,华泰证券股份有限公司,,,否,,,,,,,0,,,,,20-50亿元,P1074726
团队跟踪,敦和芝诺量化CTA专享1号私募证券投资基金,SBAC10,敦和芝诺量化CTA专享1号私募证券投资基金,SBAC10,敦和资管,,2025-07-03,2025-07-09,中信证券股份有限公司,,,否,,,,,,,0,,,,,100亿元以上,P1000501
团队跟踪,滴海私享2号私募证券投资基金,SBAC67,滴海私享2号私募证券投资基金,SBAC67,上海滴海,,2025-07-01,2025-07-08,国泰海通证券股份有限公司,, 每周周三、周四（不顺延）,否,0%,,持有期小于90天，赎回费率为0.75%；持有期大等于90天，赎回费率为0%,,无,,0.015,A类份额：0%，B类份额：1.5%,0.01%,0.01%,"A类份额：0%。
B类份额：单个投资者单份额高水位法，20%",10-20亿元,P1012859
团队跟踪,榕树海春华1号,SBAD00,榕树海春华1号私募证券投资基金,SBAD00,珠海榕树海,,2025-06-23,2025-06-26,国泰海通证券股份有限公司,,每周周二、周三,否,1%,,A类份额、B类份额、C类份额：持有期小于 90 天，赎回费 0.5%；持有期大于90 天，赎回费 0%。D类份额：持有期小于 90 天，赎回费 1%；持有期大于 90天且小于 180 天，赎回费 0.5%；持有期大于180天，赎回费 0%,,无,,0.015,A类份额：0%，B类份额：1%，C类份额：1%，D类份额：1.5%,0.01%,0.01%,"A类份额：0%，B类份额：20%，C类份额：20%，D类份额：20%。
业绩报酬的计算采取“单客户高水位法”，基金赎回、终止、分红或者固定时点(每年 6 月 30 日及 12 月 31 日)提取业绩报酬",20-50亿元,P1074726
团队跟踪,山信滔滔一号私募证券投资基金,SBAD05,山信滔滔一号私募证券投资基金,SBAD05,杭州萧山山信,,2025-06-18,2025-06-23,招商证券股份有限公司,,申购开放日为每周周五，赎回开放日为每月第二个周五,否,0%,1 万元的整数倍追加,0%,,,,0.015,,0.01%,0.01%,"本基金对 A 类份额和 B 类份额均计提业绩报酬。业绩报酬的计算采取“采用单客户单笔份额高水位法，管理人提取赎回份额或分红份额或基金终止日当期收益的 20%作为业绩报酬。
业绩报酬计提标准（针对分红时提取报酬须额外满足条件Ei,j ≥ 6 个月，每月按 30 个自然日计算，但对首次通过分红时提取业绩报酬则无需满足本条件）：当 R>0％时，）R：合同上是收益率，不是年化收益率。对超过 0%的收益部分提取 20%的业绩报酬，即 E=F×（A-C）×20%；
需要注意投资金额，该产品赎回日是个自然月第二个周五，投资流动受限资产不能超过20%，
202512.15录入",10-20亿元,P1072086
团队跟踪,首创京都智胜1号集合资产管理计划,SBAH41,首创京都智胜1号集合资产管理计划,SBAH41,首创京都期货,,2025-07-03,2025-07-09,中信证券股份有限公司,,,否,,,,,,,0,,,,,,PT0500030898
团队跟踪,金锝闻广2号,SBAJ66,金锝闻广2号私募证券投资基金,SBAJ66,上海金锝资管,,2025-08-11,2025-08-14,国泰海通证券股份有限公司,,申购开放日为每周周五，赎回开放日为每月第3个周五,否,0%,,持有期小于90天，赎回费 率为0.5%；持有期大等于90天，赎回费率为 0%,,无,,0.01,,0.01%/年,0.01%/年,对超过上次成功计提基准日基金份额累计净值部分按 20%比例进行计提,100亿元以上,P1008275
团队跟踪,锐量宏观平衡1号私募证券投资基金,SBAJ77,锐量宏观平衡1号私募证券投资基金,SBAJ77,上海锐量资管,,2025-07-29,2025-09-25,国泰海通证券股份有限公司,,每周周五,可临开赎回,0%,,持有期小于90天，赎回费率为1%；持有期大等于90天，赎回费率为0%,,无,,0.01,A类份额：0%，B类份额：1%,0.01%,0.01%,A类份额：0%，B类份额：20%,0-5亿元,P1066341
团队跟踪,孚盈睿丰1号私募证券投资基金,SBAL17,孚盈睿丰1号私募证券投资基金,SBAL17,杭州孚盈投资,,2025-06-26,2025-07-01,国泰海通证券股份有限公司,,每周周二,可临开赎回,0%,1万元起,持有期小于90日，赎回费率1%；持有期大等于90日，赎回费率0%。赎回费归资产所有,,无,,0.015,,0.01%,0.01%,对超过上次成功计提基准日基金份额累计净值部分按20%比例进行计提,20-50亿元,P1069412
团队跟踪,顽岩量化选股3号私募证券投资基金,SBAM95,顽岩量化选股3号私募证券投资基金,SBAM95,上海顽岩,,2025-06-24,2025-06-27,中信证券股份有限公司,,每周周四、周五（非交易日不顺延）,可临开赎回,0%,,持有期小于3个月，赎回费率为0.5%；持有期大等于3个月，赎回费率为0%,,无,,0.01,,0.01%,0.01%,收益部分提的20%,100亿元以上,P1034708
团队跟踪,星坤星途1号,SBAP55,星坤星途1号私募证券投资基金,SBAP55,上海星坤,,2025-07-04,2025-07-10,国泰海通证券股份有限公司,,每周周三,可临开赎回,1%,,持有期小于90日，赎回费率1%；持有期大等于90日，赎回费率0%,,无,,0.01,,0.015%,0.015%,"当0%＜R-B≤6%时，对超出业绩报酬计提基准部分提取20%的业绩报酬，即E=K×T1×（R-B）×T/365×20%；
当6%＜R-B时，对超出业绩报酬计提基准部分分段提取20%和60%的业绩报酬，即E=K×T1×0.06×T/365×20%+K×T1×（R-B-0.06）×T/365×60%；
当R-B ≤0%时，不提取业绩报酬。",10-20亿元,P1074914
团队跟踪,坤望量化优选1号,SBAP99,坤望量化优选1号私募证券投资基金,SBAP99,上海坤望,,2025-06-25,2025-07-02,招商证券股份有限公司,,周三,否,A:0%  B:1%  C:1%,,<3月 ，1%；>3月，0,,无,,0,A:0%  B:1%  C:1.5%,0.01%,0.01%,"A:无
B:0-30%：20%；30%以上25%
C:0-30%：20%；30%以上50%",20-50亿元,P1072723
团队跟踪,德合科技成长增强一号私募证券投资基金,SBAS32,德合科技成长增强一号私募证券投资基金,SBAS32,武汉德合,,2025-07-02,2025-07-09,中信证券股份有限公司,,每周周二,可临开赎回,0%,,持有期小于3个月，赎回费率为0.5%；持有期大等于3个月，赎回费率为0%,,,,0,,0.01%,0.01%,15%,10-20亿元,P1074387
团队跟踪,致邃投资-致信一号私募证券投资基金,SBAU57,致邃投资-致信一号私募证券投资基金,SBAU57,上海致邃投资,,2025-07-17,2025-07-23,中信证券股份有限公司,,每周周二、周三,否,0%,,持有期小等于3个月，赎回费率为0.5%；持有期大于3个月，赎回费率为0%,,无,,0.01,,,,超额20%,5-10亿元,P1063212
团队跟踪,盛恒套利专享四号,SBAW08,盛恒套利专享四号私募证券投资基金,SBAW08,深圳盛恒投资,,2025-07-09,2025-07-14,国信证券股份有限公司,,每周周二、周三,否,0%,,持有期小于90天，赎回费率为0.5%,,,,0.01,,0.01%/年,0.01%/年,20%,5-10亿元,P1060478
团队跟踪,弘尚资产-中国科技创新动力私募证券投资基金,SBAZ33,弘尚投资-中国科技创新动力私募证券投资基金,SBAZ33,青岛弘尚,,2025-08-13,2025-08-13,国泰海通证券股份有限公司,,,否,,,,,,,0,,,,,0-5亿元,P1068488
团队跟踪,龙旗灵动1号私募证券投资基金,SBBA96,龙旗灵动1号私募证券投资基金,SBBA96,杭州龙旗科技,,2025-07-04,2025-07-09,华泰证券股份有限公司,,每周周三,否,1%,,持有期小于90天，赎回费率为1%；持有期大等于90天，赎回费率为0%,,无,,0.02,B类份额：1.2%，C类份额：2%,0.01%,0.01%,"B类份额：18%，C类份额：20%。
计提基准日：投资者赎回日、每年11月20日(固定日，但封闭期及锁定期(如有)除外，如遇非交易日则顺延至下一交易日)分红权益登记日、基金清算日。",100亿元以上,P1000676
团队跟踪,极量精选指增二号私募证券投资基金,SBBB10,极量精选指增二号私募证券投资基金,SBBB10,共青城极量投资,,2025-07-02,2025-07-09,招商证券股份有限公司,,,否,,,,,,,0,,,,,10-20亿元,P1071373
团队跟踪,哲石君顺易安贰号私募证券投资基金,SBBC37,哲石君顺易安贰号私募证券投资基金,SBBC37,杭州哲石,,2025-07-10,2025-07-15,国信证券股份有限公司,,,否,,,,,,,0,,,,,10-20亿元,P1034136
团队跟踪,翰荣狮子量化精选9号私募证券投资基金,SBBC65,翰荣狮子量化精选9号私募证券投资基金,SBBC65,深圳翰荣,,2025-07-03,2025-07-08,华泰证券股份有限公司,,每周的第1、2个工作日,否,1%,1万元起,持有期小等于92天，赎回费率为1%；持有期大于92天，赎回费率为%,,,,0.02,A类份额：0%，B类份额：1%，C类份额：2%,0.01%/年,0.01%/年,A类份额：0%，B类份额：20%，C类份额：20%,50-100亿元,P1063371
团队跟踪,远和聚配-可心定制精选8号私募证券投资基金,SBBD28,远和聚配-可心定制精选8号私募证券投资基金,SBBD28,杭州远和,,2025-08-22,2025-09-05,国泰海通证券股份有限公司,,每周周四、周五,否,0%,,持有期小于90天，赎回费率为1%；持有期大等于90天，赎回费率为0%,,无,,0.02,B类份额：2%,0.01%，每日计提，按季支付,0.01%，每日计提，按季支付,"计提基准日：投资者赎回日、每年6月和12月最后一个交易日（固定日，但封闭期及/或锁定期（如有）除外）、分红权益登记日、基金清算日。
计提比例：B类20%（绝对收益计提）",50-100亿元,P1074945
团队跟踪,骏远高价值成长6号私募证券投资基金,SBBE42,骏远高价值成长6号私募证券投资基金,SBBE42,北京骏远资管,,2025-07-25,2025-07-30,华泰证券股份有限公司,,,否,,,,,,,0,,,,,5-10亿元,P1025397
团队跟踪,泽赢玄坛稳进一号私募证券投资基金,SBBH00,泽赢玄坛稳进一号私募证券投资基金,SBBH00,江苏泽赢,,2025-07-11,2025-07-17,华泰证券股份有限公司,,2025-07-11,否,,"12,300,144.45",,,1.0000,,0,,,,,0-5亿元,P1020663
团队跟踪,柔微量化中证1000指数增强1号私募证券投资基金,SBBK73,柔微量化中证1000指数增强1号私募证券投资基金,SBBK73,上海柔微,,2025-07-23,2025-08-14,国泰海通证券股份有限公司,,,否,,,,,,,0,,,,,5-10亿元,P1007813
团队跟踪,申毅尊享稳泰2号私募证券投资基金,SBBP09,申毅尊享稳泰2号私募证券投资基金,SBBP09,上海申毅投资,,2025-07-22,2025-07-28,华泰证券股份有限公司,,每周周五,否,0%,1万元起,持有期小等于92天，赎回费率为0.5%；持有期大于92天，赎回费率为0%,,,,0.01,B类份额：1%,0.01%,0.01%,采用“单个投资者单份额高水位法”，B类份额：0以上计提16%比例。,100亿元以上,P1000404
团队跟踪,和融联艺骅中证2000指数增强一号私募证券投资基金,SBBP69,和融联艺骅中证2000指数增强一号私募证券投资基金,SBBP69,广州和融联,,2025-07-24,2025-08-13,国泰海通证券股份有限公司,,每周周二、周三,可临开赎回,0%,,持有期小于 90 天，赎回费率为 0.5%；持有期大等于90天，赎回费率为 0%,,无,,0.01,A类份额：0.3%，B类份额：1%,0.01%,0.01%,A类份额：0%，B类份额：20%,10-20亿元,P1074448
团队跟踪,汉鸿雪融1号私募证券投资基金,SBBQ15,汉鸿雪融1号私募证券投资基金,SBBQ15,上海汉鸿,,2025-07-22,2025-08-05,中信建投证券股份有限公司,,每周周三、周四,否,1%,1万元起,持有期小于90日，赎回费率为1%；持有期大等于90日，赎回费率为0%,,无,,0.015,A类份额：1%；B类份额：1%；C类份额：1.5% ,0.01%,0.01%,"业绩报酬的计算采用单个投资者单笔高水位净值法；业绩报酬计提基准日为基金份额持有人赎回申请日、基金清算日、财产分配权益登记日。
业绩报酬计提比例是：
A类份额：20%；
B类份额：18%；
C类份额：20% ",10-20亿元,P1072580
团队跟踪,正合青云1号私募证券投资基金,SBBR59,正合青云1号私募证券投资基金,SBBR59,上海正合,,2025-07-16,2025-07-21,招商证券股份有限公司,,,否,,,,,,,0,,,,,5-10亿元,P1074939
团队跟踪,致邃投资-优孚1号私募证券投资基金,SBBR65,致邃投资-优孚1号私募证券投资基金,SBBR65,上海致邃投资,,2025-07-14,2025-07-17,招商证券股份有限公司,,每周周四、周五,可临开赎回,0%,1万元起,持有期小于 3 个月，赎回费率0.5%；持有期大等于 3 个月，赎回费率0%,,,,0.01,A类份额：1%，B 类份额：0.5%,0.015%,0.015%,当基金份额赎回、基金终止或分红时，且该赎回份额或分红份额当期收益大于年化 6%，管理人提取该份额整体盈利部分的 40%作为业绩报酬，但计提后该笔份额的当期年化收益不低于 6%。,5-10亿元,P1063212
团队跟踪,大风远恒多策略1号私募证券投资基金,SBBR74,大风远恒多策略1号私募证券投资基金,SBBR74,深圳大风资管,,2025-08-19,2025-09-17,国泰海通证券股份有限公司,,,否,,,,,,,0,,,,,10-20亿元,P1023051
团队跟踪,宁苑配置五号私募证券投资基金,SBBZ99,宁苑配置五号私募证券投资基金,SBBZ99,上海宁苑资管,,2025-08-05,2025-08-26,中信证券股份有限公司,,每周周二、周三,可临开赎回,0%,,A类份额：持有期小于3个月，赎回费率为1%；持有期大等于3个月但小于6个月，赎回费率为0%；持有期大等于6个月，赎回费率为0%。B类份额：持有期小于3个月，赎回费率为1%；持有期大等于3个月但小于6个月，赎回费率为1%；持有期大等于6个月，赎回费率为0%。C类份额：持有期小于3个月，赎回费率为1%；持有期大等于3个月但小于6个月，赎回费率为1%；持有期大等于6个月，赎回费率为0%。,,,,0.01,A类份额：0.25%，B类份额：1%，C类份额：1%,0.015%,0.015%,"计提基准日分为固定计提基准日（每年6月、12月的第4个周三）、该类份额的除息日（若有）、赎回申请日和基金终止日（其中固定计提基准日和除息日（若有）统称为“统一计提基准日”）。
A类份额：0%，B类份额：10%，C类份额：20%",50-100亿元,P1018867
团队跟踪,太衍光年中证2000指数增强2号私募证券投资基金,SBCA75,太衍光年中证2000指数增强2号私募证券投资基金,SBCA75,上海太衍,,2025-08-08,2025-08-20,国泰海通证券股份有限公司,,,否,,,,,,,0,,,,,20-50亿元,P1074988
团队跟踪,摩旗安馨多策略套利1号,SBCB68,摩旗安馨多策略套利1号私募证券投资基金,SBCB68,上海摩旗投资,,2025-08-01,2025-08-01,华泰证券股份有限公司,,每季度第一个月的15-21号,否,,,180天（含）1%，大于180天以上0%，归基金资产,,,,0,2%,0.015%,0.015%,,10-20亿元,P1000652
团队跟踪,泽赢玄坛稳进二号私募证券投资基金,SBCB86,泽赢玄坛稳进二号私募证券投资基金,SBCB86,江苏泽赢,,2025-07-31,2025-08-14,中信证券股份有限公司,,,否,,,,,,,0,,,,,0-5亿元,P1020663
团队跟踪,汇智晨星-星耀1号,SBCE99,汇智晨星-星耀1号私募证券投资基金,SBCE99,北京汇智晨星,,2025-08-19,2025-09-08,国泰海通证券股份有限公司,,每周周四,否,,,持有期小于90天，赎回费率为0.5%；持有期大等于90天，赎回费率为0%,,,,0.01,,0.01%/年,0.01%/年,30%,0-5亿元,P1023036
团队跟踪,太衍自旋2号私募证券投资基金,SBCJ59,太衍自旋2号私募证券投资基金,SBCJ59,上海太衍,,2026-04-17,2026-04-28,招商证券股份有限公司,,,否,,,,,,,0,,,,,20-50亿元,P1074988
团队跟踪,太衍中子星1号私募证券投资基金,SBCJ63,太衍中子星1号私募证券投资基金,SBCJ63,上海太衍,,2025-09-01,2025-09-18,国泰海通证券股份有限公司,,,否,,,,,,,0,,,,,20-50亿元,P1074988
团队跟踪,汇融林健CTA11号私募证券投资基金,SBCM31,汇融林健CTA11号私募证券投资基金,SBCM31,湖南汇智融达,,2025-07-25,2025-07-31,华泰证券股份有限公司,,每周周二、周三，遇节假日不顺延,可临开赎回,1%,10万元起,180天内，赎回费率为1%,,无,,0.01,,0.01%,,单个投资者单份额高水位法，提取时点：赎回+分红+清盘时提取；提取方法：不分段，比率30%,0-5亿元,P1023796
团队跟踪,融成水滴石穿进取1号私募证券投资基金,SBCR36,融成水滴石穿进取1号私募证券投资基金,SBCR36,长沙嘉信融成投资,,2025-08-04,2025-08-11,国泰海通证券股份有限公司,,每周周三、周四,否,0%,,持有期小于90天，赎回费率为0.55% ；持有期大于90天，赎回费率为0%,,,,0.01,,0.015%,0.015%,20%,10-20亿元,P1023820
团队跟踪,国泰君安君得3640FOF单一资产管理计划,SBCR54,国泰君安君得3640FOF单一资产管理计划,SBCR54,,,2025-07-28,,,,,否,,,,,,,0,,,,,,
团队跟踪,艳珍玄武300中性1号私募证券投资基金,SBCT05,艳珍玄武300中性1号私募证券投资基金,SBCT05,北京艳珍,,2025-08-20,2025-09-17,国泰海通证券股份有限公司,,,否,,,,,,,0.01,,,,20%,10-20亿元,P1033899
团队跟踪,红塔红土智选3号基金中基金（FOF）单一资产管理计划,SBCT79,红塔红土智选3号基金中基金（FOF）单一资产管理计划,SBCT79,,,2018-01-05,,,,,否,,,,,,,0,,,,,,
团队跟踪,德贝瑞稳淼一号,SBCV22,德贝瑞稳淼一号私募证券投资基金,SBCV22,北京德贝瑞,,2025-09-19,2025-10-29,中信建投证券股份有限公司,,每周周三、周四,否,1%,1万元起,持有期小于90日，赎回费率为0.5%；持有期大等于90日，赎回费率为0%,,无,,0.01,,0.015%,0.015%,单客户高水位法收益部分计提20%,5-10亿元,P1063126
团队跟踪,国联鑫益进取3号FOF集合资产管理计划,SBCX49,国联鑫益进取3号FOF集合资产管理计划,SBCX49,国联证券资管,,2025-08-01,2025-08-07,中国银行股份有限公司,,,否,,,,,,,0,,,,,,
团队跟踪,太衍光年中证2000指数增强3号私募证券投资基金,SBCY26,太衍光年中证2000指数增强3号私募证券投资基金,SBCY26,上海太衍,,2025-09-25,2025-10-30,国泰海通证券股份有限公司,,,否,,,,,,,0,,,,,20-50亿元,P1074988
团队跟踪,衡颐耀东1号,SBDB31,衡颐耀东1号私募证券投资基金,SBDB31,上海衡颐资管,,2025-09-25,2025-10-28,国泰海通证券股份有限公司,,每周周二、周三,可临开赎回,0%,,持有期小于90天，赎回费率为1%；持有期大等于90天，赎回费率为0%。基金赎回费全部归入基金资产。,,无,,0.01,,0.01%,0.01%,对超过上次成功计提基准日基金份额累计净值部分按 20%比例进行计提,5-10亿元,P1026693
团队跟踪,睿成康波盛世,SBDC88,睿成康波盛世私募证券投资基金,SBDC88,上海睿成私募,,2025-08-04,2025-08-07,中信建投证券股份有限公司,,每周周一、周二,可临开赎回,A类份额：1%，B类份额、C类份额、D类份额：0%,1万元起,持有期小于90 日，赎回费率为 0.5%；持有期大等于90日，赎回费率为 0%,,无,,0.01,A类份额：1%，B类份额：前一日基金资产净值≤1亿，管理费率为 0.8%；1 亿＜前一日基金资产净值≤3 亿，管理费率为 0.9%；前一日基金资产净值>3亿，管理费率为 1%。C类份额：前一日基金资产净值≤1 亿，理费率为 0.75%；1 亿＜前一日基金资产净值≤3 亿，管理费率为 0.8%；3 亿＜前一日基金资产净值≤5 亿，管理费率为 0.9%；前一日基金资产净值>5 亿，管理费率为1%。D类份额：0%,0.01%（销售服务费：A类份额：1%，B类份额、C类份额、D类份额：0%）,0.01%,A类份额：20%，B类份额：该笔份额参与本基金日的前一日基金资产净值≤1 亿，则该笔份额业绩报酬计提比例为 12%；1 亿＜该笔份额参与本基金日的前一日基金资产净值≤3 亿，则该笔份额业绩报酬计提比例为14%；3 亿＜该笔份额参与本基金日的前一日基金资产净值≤5 亿，则该笔份额业绩报酬计提比例为16%；该笔份额参与本基金日的前一日基金资产净值>5 亿，则该笔份额业绩报酬计提比例为 20%。C类份额：该笔份额参与本基金日的前一日基金资产净值≤1 亿，则该笔份额业绩报酬计提比例为 10%；1 亿＜该笔份额参与本基金日的前一日基金资产净值≤3 亿，则该笔份额业绩报酬计提比例为 12%；3 亿＜该笔份额参与本基金日的前一日基金资产净值≤5 亿，则该笔份额业绩报酬计提比例为 14%；该笔份额参与本基金日的前一日基金资产净值>5 亿，则该笔份额业绩报酬计提比例为16%。D类份额：0%,0-5亿元,P1075004
团队跟踪,富涌谷量化选股1号私募证券投资基金,SBDG15,富涌谷量化选股1号私募证券投资基金,SBDG15,杭州富涌谷显山资管,,2025-09-16,2025-10-27,国泰海通证券股份有限公司,,每周周一,否,1%,,持有期小于90天，赎回费率1%；持有期大等于90天，赎回费率为0%,,无,,0.01,,0.01%,0.01%,16%,20-50亿元,P1069269
团队跟踪,量宇冠一三十三号私募证券投资基金,SBDH78,量宇冠一三十三号私募证券投资基金,SBDH78,上海量宇,,2025-08-19,2025-08-29,东方证券股份有限公司,,,否,,,,,,,0,,,,,20-50亿元,P1064318
团队跟踪,奇盾量化优选1号私募证券投资基金,SBDJ04,奇盾量化优选1号私募证券投资基金,SBDJ04,上海奇盾世家,,2025-08-07,2025-08-18,国泰海通证券股份有限公司,,每周三（非交易日可顺延，如本周无下一交易日则不开放）,可临开赎回,0%,,＜90天：1%,,无,,0.01,,0.01%,0.01%,,20-50亿元,P1062571
团队跟踪,盛冠达中证1000指数增强2号私募证券投资基金,SBDK46,盛冠达中证1000指数增强2号私募证券投资基金,SBDK46,海南盛冠达,,2025-08-13,2025-08-20,国泰海通证券股份有限公司,,每周二、周三,否,,,90天内1%,,,,0.01,,,,20%,20-50亿元,P1001070
团队跟踪,黑玺智选3号私募证券投资基金,SBDM40,黑玺智选3号私募证券投资基金,SBDM40,杭州黑玺,,2025-08-12,2025-08-15,华泰证券股份有限公司,,,否,,,,,,,0.01,,,,,20-50亿元,P1060839
团队跟踪,孝庸魔方汇股票优选六号私募证券投资基金,SBDM78,孝庸魔方汇股票优选六号私募证券投资基金,SBDM78,上海孝庸,,2025-08-26,2025-09-03,国泰海通证券股份有限公司,,每周周一、周二,否,0%,1万元起,持有期小于 6 个月，赎回费率 1%；持有期大等于 6 个月，赎回费率0%。赎回费归属基金,,无,,0.01,,0.01%,0.01%,"单客户单笔份额高水位法。
赎回、分红、固定时点、清盘计提。
固定时点：十一月最后一个周二。 计提比例：20%。",100亿元以上,P1031310
团队跟踪,锐耐进取1000指数增强保护2号私募证券投资基金,SBDP83,锐耐进取1000指数增强保护2号私募证券投资基金,SBDP83,上海锐耐,,2025-09-10,2025-09-28,长江证券股份有限公司,,,否,,,,,,,0,,,,,20-50亿元,P1071795
团队跟踪,衍合微盘股指数增强1号私募证券投资基金,SBDS49,衍合微盘股指数增强1号私募证券投资基金,SBDS49,上海衍合,,2025-09-15,2025-10-23,广发证券股份有限公司,,,否,,,,,,,0,,,,,50-100亿元,P1070871
团队跟踪,龙壹盛睿盈私募证券投资基金,SBDS53,龙壹盛睿盈私募证券投资基金,SBDS53,杭州龙壹盛,,2025-11-18,2025-12-01,华泰证券股份有限公司,,每周周二、周三,可临开赎回,1%,1万元起,持有期小等于92天，赎回费率为1%；持有期大于92天，赎回费率为0%,,,,0.01,,0.01%,0.01%,12%,10-20亿元,P1074474
团队跟踪,国泰海通私客尊享FOF7083号单一资产管理计划,SBDS80,国泰海通私客尊享FOF7083号单一资产管理计划,SBDS80,,,2018-01-05,,,,,否,,,,,,,0,,,,,,
团队跟踪,桫罗稳鸿,SBDU00,桫罗稳鸿私募证券投资基金,SBDU00,成都桫罗投资,,2025-10-13,2025-11-10,申万宏源证券有限公司,,每周周一,可临开赎回,1%,,持有期小于91天，赎回费率为1%；持有期大等于91天，赎回费率为0%,,,,0.01,,0.015%,0.015%,"A 类份额：当收益率在0%之内时，不计提；当收益率大于0%时，超出部分计提比例为 20%。
B 类份额：当收益率在0%之内时，不计提；当收益率大于0%时，超出部分计提比例为 30%。
C 类份额：当收益率在0%之内时，不计提；当收益率大于0%时，超出部分计提比例为 40%。
",0-5亿元,P1068881
团队跟踪,因诺中证500指数增强18号私募证券投资基金,SBDX74,因诺中证500指数增强18号私募证券投资基金,SBDX74,上海因诺资管,,2025-08-13,2025-08-18,招商证券股份有限公司,,,否,,,,,,,0,,,,,100亿元以上,P1006164
团队跟踪,华泰期货天智臻选三号FOF单一资产管理计划,SBDY48,华泰期货天智臻选三号FOF单一资产管理计划,SBDY48,华泰期货,,2025-09-02,,,,,否,,,,,,,0,,,,,,PT0500011867
团队跟踪,量智传奇CTA三号,SBEG47,量智传奇CTA三号私募证券投资基金,SBEG47,上海量智,,2025-08-27,2025-09-25,国泰海通证券股份有限公司,,每周第二、第三个交易日,否,0%,,持有期小于90日，赎回费率0.75%；持有期大等于90日，赎回费率0%,,无,,0.015,,,,20%,10-20亿元,P1074977
团队跟踪,远和可旺定制精选10号私募证券投资基金,SBEH13,远和可旺定制精选10号私募证券投资基金,SBEH13,杭州远和,,2025-08-28,2025-09-24,招商证券股份有限公司,,每周周一、周二,可临开赎回,0%,,持有期小于3个月，赎回费率为1%；持有期大等于3个月，赎回费率为0%,,无,,0.01,,0.01%/年,0.01%/年,"单客户单笔份额高水位法，对收益为正且超过中证1000指数对应期间收益的16%作为业绩报酬。
提取时点：赎回、分红、合同终止、每自然年最后一个固定开放日",50-100亿元,P1074945
团队跟踪,钜融广益1号私募证券投资基金,SBEJ21,钜融广益1号私募证券投资基金,SBEJ21,中海外钜融资管,,2025-09-01,2025-10-13,长江证券股份有限公司,,每周周三、周四，如遇节假日则当日不再开放,否,0%,,持有期小于90天，赎回费率为0.5%；持有期大等于90天，赎回费率为0%,,,,0.01,,0.015%,0.015%,年化收益率R大于等于0%小于8%时，管理人不提取业绩报酬；当基金单位份额年化收益率R大于等于8%时，则管理人对所有收益按照50%的比例提取业绩报酬，且计提完业绩报酬后该笔份额在该期间内的年化收益率不低于8%,10-20亿元,P1001037
团队跟踪,蜂起期权对冲3号私募证券投资基金,SBEN91,蜂起期权对冲3号私募证券投资基金,SBEN91,珠海蜂起资本,,2025-08-28,2025-09-09,中信证券股份有限公司,,,否,,,,,,,0,,,,,5-10亿元,P1027405
团队跟踪,盖亚青柯平衡中性1号私募证券投资基金,SBEW97,盖亚青柯平衡中性1号私募证券投资基金,SBEW97,海南盖亚青柯,,2025-09-02,2025-10-14,中信建投证券股份有限公司,,,否,,,,,,,0,,,,,20-50亿元,P1072468
团队跟踪,罗维盈安优孚1号私募证券投资基金,SBEX05,罗维盈安优孚1号私募证券投资基金,SBEX05,宁波罗维盈安投资,,2025-09-15,2025-10-17,华泰证券股份有限公司,,每周周二、周三,可临开赎回,0%,1万元起,持有期小等于92天，赎回费率为0.5%；持有期大于92天，赎回费率为0%,,,,0.01,,0.01%,0.01%,30%,10-20亿元,P1069532
团队跟踪,富涌谷量化选股2号私募证券投资基金,SBEY14,富涌谷量化选股2号私募证券投资基金,SBEY14,杭州富涌谷显山资管,,2025-10-14,2025-11-10,国泰海通证券股份有限公司,,每周周一、周二,可临开赎回,1%,,持有期小于90天，赎回费率为 0.5%；持有期大等于90天，赎回费率为 0%,,无,,0.01,,0.015%,0.015%,对超过上次成功计提基准日基金份额累计净值部分按 16%比例进行计提。,20-50亿元,P1069269
团队跟踪,华兴证券乐享１号FOF集合资产管理计划,SBEZ04,华兴证券乐享１号FOF集合资产管理计划,SBEZ04,华兴证券,,2025-09-22,2025-10-09,中信证券股份有限公司,,,否,,,,,,,0,,,,,,
团队跟踪,青琰信达三号私募证券投资基金,SBFB87,青琰信达三号私募证券投资基金,SBFB87,上海青琰,,2025-09-16,2025-10-16,中信证券股份有限公司,,每周周二、周三,否,1%（可减免）,,持有期小于3个月，赎回费率为1%；持有期大等于3个月，赎回费率为0%,,无,,0.01,A类份额：1%，B类份额：0%,0.01%,0.01%,"A类份额：管理人将根据委托人每笔投资的期间年化收益率(R)，当期间年化收益率大于4%时，对所有收益按照40%的比例收取业绩报酬，且计提后该笔份额的期间年化收益率不低于4%。
B类份额：0%。
计提基准日：固定计提基准日(每年6月、12月的第一个周二)、该类份额的除息日(若有)、赎回申请日和基金终止日。",20-50亿元,P1073943
团队跟踪,北恒金禾,SBFC54,北恒金禾私募证券投资基金,SBFC54,海南北恒,,2025-09-04,2025-09-28,国泰海通证券股份有限公司,,每周周四、周五,可临开赎回,A类份额：1%，B类份额：0%,,持有期小于90 天，赎回费率为 0.5%，持有期大等于90 天，赎回费率为 0%。【赎回费（含短期赎回费）全部归入整体基金资产。】,,无,,0.01,A类份额：1%，B类份额：0%,0.01%,0.01%,A类份额：20%，B类份额：0%,10-20亿元,P1073300
团队跟踪,裕锦智选ETF先锋1号,SBFK64,裕锦智选ETF先锋1号私募证券投资基金,SBFK64,深圳裕锦,,2025-09-12,2025-10-15,国泰海通证券股份有限公司,,,否,,,,,,,0,,,,,10-20亿元,P1071231
团队跟踪,金友至远1号,SBFM35,金友至远1号私募证券投资基金,SBFM35,南京金友,,2025-09-18,2025-10-17,兴业证券股份有限公司,,每周第 3 个交易日,可临开赎回,0%,,持有期小于 180 个自然日，赎回费率为 2%；持有期大等于180个自然日，赎回费率为 0%。赎回费列入基金财产，且列入基金财产部分管理人不得减免,,,,0.01,A类份额：1%，B类份额：0%,0.01％,0.01％,"A类份额：单位份额实际收益率 R 小于或等于 6%时，管理人不提取业绩报酬；单位份额实际收益率 R 大于 6%，管理人对 6%至 15%（含）部分提取 20%作为业绩报酬，对大于 15%的部分提取 30%作为业绩报酬。
B类份额：0%",0-5亿元,P1073917
团队跟踪,东源投资丰源1号,SBFS89,东源投资丰源1号私募证券投资基金,SBFS89,天津东源投资,,2025-09-17,2025-10-21,华泰证券股份有限公司,,,否,,,,,,,0,,,,,20-50亿元,P1000675
团队跟踪,橡红启航1号私募证券投资基金,SBFU80,橡红启航1号私募证券投资基金,SBFU80,上海橡红,,2025-09-22,2025-10-22,国泰海通证券股份有限公司,,,否,,,,,,,0,,,,,0-5亿元,P1072730
团队跟踪,华泰期货臻选A11号FOF单一资产管理计划,SBFV26,华泰期货臻选A11号FOF单一资产管理计划,SBFV26,华泰期货,,2025-09-18,,,,,否,,,,,,,0,,,,,,PT0500011867
团队跟踪,华泰期货臻选A12号FOF单一资产管理计划,SBFV28,华泰期货臻选A12号FOF单一资产管理计划,SBFV28,华泰期货,,2025-09-18,,,,,否,,,,,,,0,,,,,,PT0500011867
团队跟踪,君跃飞畅1号,SBFV37,君跃飞畅1号私募证券投资基金,SBFV37,上海君跃,,2025-09-22,2025-10-23,国泰海通证券股份有限公司,,每周周四、周五,可临开赎回,0%,,持有期小于90天，赎回费率为 0.5%；持有期大等于90天，赎回费率为 0%,,无,,0.01,,0.01%,0.01%,单笔份额高水位净值法，赎回、分红、清算日计提，对基金资产增值部分按30%比例进行计提。,0-5亿元,P1061087
团队跟踪,泓原东湖2号私募证券投资基金,SBFV58,泓原东湖2号私募证券投资基金,SBFV58,上海泓原,,2025-09-26,2025-10-28,国泰海通证券股份有限公司,,,否,,,,,,,0,,,,涵运计划在2026年2月申购后在录入信息,0-5亿元,P1074808
团队跟踪,善流进取创优一号,SBFW22,善流进取创优一号私募证券投资基金,SBFW22,上海善流投资,,2025-09-17,2025-10-23,第一创业证券股份有限公司,,每个自然周的最后两个工作日为固定开放日,可临开赎回,,,持有期小于90天，赎回费率为0.5%；持有期大等于90天，赎回费率为0 %。红利再投份额不收取赎回费，赎回费归基金财产所有。,,,,0.015,,0.01%,0.01%,“单人单笔份额年化收益率法”，业绩报酬提取期间年化收益率大于0%，则管理人对超出部分按20%比例累计提取业绩报酬。,0-5亿元,P1066120
团队跟踪,广发基金寰宇协远1号（QDII）集合资产管理计划,SBFZ56,广发基金寰宇协远1号（QDII）集合资产管理计划,SBFZ56,广发基金,,2025-09-11,2025-09-18,中国建设银行股份有限公司,,每季度可多次开放，但前一次开放期的末日与后一次开放期的首日之间的间隔不得少于 5 个工作日,否,0%,,0%,,,,0.01,,0.01%,,本计划业绩报酬计提基准为年收益率 8%；业绩报酬计提比例为 10%。,,PT0100000030
团队跟踪,弈祖青圭礼东3号私募证券投资基金,SBFZ61,弈祖青圭礼东3号私募证券投资基金,SBFZ61,上海弈祖投资,,2025-09-18,2025-10-17,东方证券股份有限公司,,,否,,,,,,,0.01,,0.01%,0.01%,"绝对收益率在0至60%，业绩报酬 M=30%xRxA；
绝对收益率在 60 %至100 %，业绩报酬M=35%xRxA；
绝对收益率在 100 %以上，业绩报酬M=40%xRxA",10-20亿元,P1062216
团队跟踪,华泰期货臻选六号FOF单一资产管理计划,SBGC49,华泰期货臻选六号FOF单一资产管理计划,SBGC49,华泰期货,,2025-09-19,,,,,否,,,,,,,0,,,,,,PT0500011867
团队跟踪,庄严睿行1号私募证券投资基金,SBGK14,庄严睿行1号私募证券投资基金,SBGK14,上海庄严,,2025-09-26,2025-10-28,国泰海通证券股份有限公司,,,否,,,,,,,0,,,,,0-5亿元,P1018873
团队跟踪,正合中证500指数增强私募证券投资基金,SBGS17,正合中证500指数增强私募证券投资基金,SBGS17,上海正合,,2025-09-24,2025-10-24,中信证券股份有限公司,,,否,,,,,,,0,,,,,5-10亿元,P1074939
团队跟踪,杉石涌瑞私募证券投资基金,SBGS81,杉石涌瑞私募证券投资基金,SBGS81,苏州杉石资管,,2025-11-10,2025-11-24,长城证券股份有限公司,,每月第 10 个自然日,可临开赎回,0%,1万元起,"私募基金管理人及其员工的份额持有期大于180天小等于365天，赎回费率为 1%；份额持有期大于365天，赎回费率为 0%。
除管理人及其员工之外的其他投资者的份额持有期大于90天小等于365天，赎回费率为 1%；份额持有期大于365天，赎回费率为 0%。",,无,,0.02,,0.015%,0.015%,对超过上次成功计提基准日基金份额累计净值部分按20%比例进行计提,0-5亿元,P1010574
团队跟踪,极量鄱阳,SBGT82,极量鄱阳私募证券投资基金,SBGT82,共青城极量投资,,2025-10-20,2025-11-06,招商证券股份有限公司,,每周周三、周四,否,0%,,持有期小于3个月，赎回费为0.5%；持有期大于3个月，赎回费为0%,,,,0.01,,0.02%/年,0.02%/年,60%（计提后年化收益不低于6%）,10-20亿元,P1071373
团队跟踪,千朔兴泰市场中性一号私募证券投资基金,SBGT83,千朔兴泰市场中性一号私募证券投资基金,SBGT83,上海千朔投资,,2025-11-20,2025-12-03,华泰证券股份有限公司,,每周周三、周四，遇非工作日则不开放,可临开赎回,A类份额：1%（认购费均归募集机构所有，募集机构有权减免）；B类、C类：0%,1万元起,持有期小等于90天，赎回费率为1%；持有期大于90天，赎回费率为0%,,无,,0.01,A类份额、B类份额：1%，C类份额：0%,0.05%/年,0.05%/年,"A类份额、B类份额：采用“单个投资者单份额高水位法”，年化收益率 R≥0 时，计提 20%。
业绩报酬的计提基准日：投资者赎回日、分红权益登记日、基金清算日。
C类份额：0%。",100亿元以上,P1069502
团队跟踪,量智传奇ETF私募证券投资基金,SBGT86,量智传奇ETF私募证券投资基金,SBGT86,上海量智,,2025-10-23,2025-11-12,国泰海通证券股份有限公司,,每周第二、第三个交易日,否,0%,,持有期小于90日，赎回费率0.5%；持有期大等于90日，赎回费率0%,,无,,0.01,A类份额：1%，B类份额：0%,,,A类份额：单个单笔(高水位），20%；B类份额：0%,10-20亿元,P1074977
团队跟踪,艮岳山南鑫达均衡配置私募证券投资基金,SBGU70,艮岳山南鑫达均衡配置私募证券投资基金,SBGU70,杭州艮岳,,2025-10-21,2025-11-13,东方财富证券股份有限公司,,,否,,,,,,,0,,,,,20-50亿元,P1032168
团队跟踪,敦和芝诺量化CTA专享3号私募证券投资基金,SBGW80,敦和芝诺量化CTA专享3号私募证券投资基金,SBGW80,敦和资管,,2025-10-24,2025-11-18,国泰海通证券股份有限公司,,每周周二,否,0%,,持有期小于90天，赎回费率为 1%；持有期大等于90 天，赎回费率为 0%,,,,0.02,A类份额：2%，B类份额：1%,0.01%,0.01%,A类份额：对超过上次成功计提基准日累计净值部分按【20%】比例进行计提。B类份额：0%,100亿元以上,P1000501
团队跟踪,国联期享1号FOF集合资产管理计划,SBGX48,国联期享1号FOF集合资产管理计划,SBGX48,国联证券资管,,2025-09-29,2025-10-16,华泰证券股份有限公司,,,否,,,,,,,0,,,,,,
团队跟踪,国联白泽1号FOF集合资产管理计划,SBGX55,国联白泽1号FOF集合资产管理计划,SBGX55,国联证券资管,,2025-09-29,2025-10-16,华泰证券股份有限公司,,,否,,,,,,,0,,,,,,
团队跟踪,正仁股票择时五期私募证券投资基金,SBHA71,正仁股票择时五期私募证券投资基金,SBHA71,海南正仁,,2025-10-13,2025-11-03,国信证券股份有限公司,,每周周四、周五,否,0%,,持有期小于3个月，赎回费率为 0.75%；持有期大等于3个月，赎回费率为0%,,无,,0.015,A类份额：0%，B类份额：1.5%,0.01%,0.01%,"计提基准日：投资者赎回日、分红权益登记日、基金清算日。
A类份额：16%，B类份额：20%。",50-100亿元,P1071301
团队跟踪,润时泓铨1号私募证券投资基金,SBHE80,润时泓铨1号私募证券投资基金,SBHE80,杭州润时资管,,2025-10-20,2025-12-10,申万宏源证券有限公司,,每周四、周五,可临开赎回,0,无,份额持有时间小于91天的为1%;大于等于91天的为0%,,无,,0.017,,0.15%,0.15%,当收益率大于0%时，超出部分计提比例为30%,0-5亿元,P1028562
团队跟踪,千朔量化精选1号私募证券投资基金,SBHF73,千朔量化精选1号私募证券投资基金,SBHF73,上海千朔投资,,2025-11-03,2025-11-19,国泰海通证券股份有限公司,,,否,,,,,,,0,,,,,100亿元以上,P1069502
团队跟踪,纵帆禾裕五号,SBHG88,纵帆禾裕五号私募证券投资基金,SBHG88,海南纵帆,,2025-10-21,2025-11-07,招商证券股份有限公司,,每周周二、周三,否,1%,1万元的整数倍,持有期小于90天，赎回费率为1%；持有期大等于90 天，赎回费率为0%,,,,0.01,,0.01%/年,0.01%/年,采用单个投资者单笔高水位净值法计提，按【30%】比例进行计提,0-5亿元,P1072157
团队跟踪,华耀CTA一号私募证券投资基金,SBHJ56,华耀CTA一号私募证券投资基金,SBHJ56,上海华耀,,2025-11-11,2025-11-24,国泰海通证券股份有限公司,,,否,,,,,,,0,,,,,0-5亿元,P1075028
团队跟踪,六妙星豪鑫6号,SBHK26,六妙星豪鑫6号私募证券投资基金,SBHK26,北京六妙星,,2025-10-29,2025-11-17,中信证券股份有限公司,,每周周四、周五,否,1%,10万递增,持有期小于 3 个月，赎回费率 0.5%；持有期大等于3 个月，赎回费率0%,,无,,0.01,,0.01%,0.01%,"单人单笔高水位法，赎回、分红、终止时计提。
当 R＜30%，计提比例 30%；当 R≥30%时，计提比例 50%。",20-50亿元,P1073972
团队跟踪,正仁择时量选听涛二号私募证券投资基金,SBHP32,正仁择时量选听涛二号私募证券投资基金,SBHP32,海南正仁,,2025-10-24,2025-11-24,招商证券股份有限公司,,,否,,,,,,,0,,,,,50-100亿元,P1071301
团队跟踪,国泰海通私客尊享FOF5009号单一资产管理计划,SBHQ49,国泰海通私客尊享FOF5009号单一资产管理计划,SBHQ49,,,2025-11-03,,,,,否,,,,,,,0,,,,,,
团队跟踪,首创京都智胜2号集合资产管理计划,SBHR39,首创京都智胜2号集合资产管理计划,SBHR39,首创京都期货,,2025-10-17,2025-10-23,中信证券股份有限公司,,每月15日,可临开赎回,0%,,0%,0.9,除开放日外,0.85,0.01,,0.01%/年,0.01%/年,20%,,PT0500030898
团队跟踪,第一创业莞鑫优享FOF1号单一资产管理计划,SBHW85,第一创业莞鑫优享FOF1号单一资产管理计划,SBHW85,,,2018-01-05,,,,,否,,,,,,,0,,,,,,
团队跟踪,国泰海通私客尊享FOF7609号单一资产管理计划,SBJB84,国泰海通私客尊享FOF7609号单一资产管理计划,SBJB84,,,2025-10-21,0000-00-00,,,,否,,,,,,,0,,,,,,
团队跟踪,深度量选一号私募证券投资基金,SBJF92,深度量选一号私募证券投资基金,SBJF92,杭州深度资管,,2025-11-20,2025-12-09,中信证券股份有限公司,,每周周二、周三,可临开赎回,0%,,持有期小于6个月，赎回费率为0.5%；持有期大等于6个月，赎回费率为0%。本基金赎回费全额归入整体基金资产,,,,0.01,,0.01%,0.01%,A 类份额：10%；B 类份额：20%,10-20亿元,P1065452
团队跟踪,太衍光年北证指数增强1号私募证券投资基金,SBJL43,太衍光年北证指数增强1号私募证券投资基金,SBJL43,上海太衍,,2025-11-12,2025-11-25,中信证券股份有限公司,,,否,,,,,,,0,,,,,20-50亿元,P1074988
团队跟踪,山信酌远1号私募证券投资基金,SBJL51,山信酌远1号私募证券投资基金,SBJL51,杭州萧山山信,,2025-11-03,2025-11-20,国泰海通证券股份有限公司,,申购开放日为每周周五，赎回开放日为每月第三个周五,可临开赎回,0%,,0%,,无,,0.015,,0.01%,0.01%,对超过上次成功计提基准日基金份额累计净值部分按 20%比例进行计提,10-20亿元,P1072086
团队跟踪,山丘跨越一号CTA私募证券投资基金,SBJM55,山丘跨越一号CTA私募证券投资基金,SBJM55,北京山丘资管,,2025-11-05,2025-11-21,国泰海通证券股份有限公司,,开放日为基金成立之后的每月第5至第6个自然日（如第6 个自然日遇到非交易日，默认顺延至下一个交易日；如第5个自然日遇 到非交易日，开放日不顺延）,可临开赎回,0,,（1）持有时间少于90天，赎回费率1%； （2）持有时间大于等于90天少于180天，赎回费率0.5%； （3）持有时间大于等于180天，赎回费率0%。,0.85,无,0.8,0.01,,,,计提比例【20%】,0-5亿元,P1010100
团队跟踪,柔微量化中性多空1号私募证券投资基金,SBJP87,柔微量化中性多空1号私募证券投资基金,SBJP87,上海柔微,,2025-11-24,2025-12-11,国泰海通证券股份有限公司,,每周周四,否,B类份额：1%；C类份额：0%,,持有期小于90天，赎回费率为1%,,,,0.01,,,,高水位法：B类份额（个人）：20%；C类份额（机构)：18%,5-10亿元,P1007813
团队跟踪,量道商品套利2号私募证券投资基金,SBJT82,量道商品套利2号私募证券投资基金,SBJT82,深圳量道投资,,2025-11-11,2025-11-24,华泰证券股份有限公司,,每周周二、周三，遇非工作日顺延至当周的下一工作日，当周无下一工作日的则当周不开放,可临开赎回,0,1 万元的整数倍,＜92天为0.5%，≥92天为0%,,无,,0.01,,0.01%/年,0.01%/年,"计提方式：采用单个投资者单份额高水位净值法;
计提时点：投资者赎回日、分红权益登记日、基金清算日
计提比例：50%",100亿元以上,P1016658
团队跟踪,禾悦茁壮成长5号私募证券投资基金,SBJV10,禾悦茁壮成长5号私募证券投资基金,SBJV10,北京禾悦,,2025-11-18,2025-12-02,国泰海通证券股份有限公司,,每周周四、周五,可临开赎回,0%,1万元起,A类份额：持有期小于90天，赎回费率为0.75%；持有期大等于90天，赎回费率为0%。B类份额、C类份额：持有期小于90天，赎回费率为0.5%；持有期大等于90天，赎回费率为0%,,无,,0.015,A类份额：1.5%，B类份额、C类份额：1%,0.01%/年,0.01%/年,"单人单笔高水位，
A类份额：25%，B类份额：20%，C类份额：0%。
计提基准日：每年6月30日/ 基金分红日/赎回申请日/清算日",5-10亿元,P1075041
团队跟踪,巨量均衡科技精选一号私募证券投资基金,SBJW02,巨量均衡科技精选一号私募证券投资基金,SBJW02,珠海巨量均衡,,2025-11-18,2025-12-08,中信证券股份有限公司,,,否,,,,,,,0,,,,,5-10亿元,P1072577
团队跟踪,橡红静水1号私募证券投资基金,SBJX16,橡红静水1号私募证券投资基金,SBJX16,上海橡红,,2025-12-02,2025-12-15,华泰证券股份有限公司,,,否,,,,,,,0,,,,,0-5亿元,P1072730
团队跟踪,彭陈张全天候一号私募证券投资基金,SBKD21,彭陈张全天候一号私募证券投资基金,SBKD21,广州彭陈张资管,,2025-11-14,2025-12-02,国泰海通证券股份有限公司,,,否,,,,,,,0,,,,,0-5亿元,P1063089
团队跟踪,柔微量化中性2号私募证券投资基金,SBKE02,柔微宏观对冲一号私募证券投资基金,SBKE02,上海柔微,,2025-11-17,2025-12-10,国泰海通证券股份有限公司,,,否,,,,,,,0,,,,,5-10亿元,P1007813
团队跟踪,橡红筱微1号私募证券投资基金,SBKE24,橡红筱微1号私募证券投资基金,SBKE24,上海橡红,,2025-11-17,2025-11-28,国泰海通证券股份有限公司,,周开,否,,,,,,,0.01,,,,,0-5亿元,P1072730
团队跟踪,华兴证券安享1号FOF集合资产管理计划,SBKH19,华兴证券安享1号FOF集合资产管理计划,SBKH19,华兴证券,,2025-11-18,2025-11-25,国金证券股份有限公司,,,否,,,,,,,0,,,,,,
团队跟踪,正合中证2000指增,SBKJ11,正合中证2000指增私募证券投资基金,SBKJ11,上海正合,,2025-11-14,2025-11-28,国泰海通证券股份有限公司,,,否,,,,,,,0,,,,,5-10亿元,P1074939
团队跟踪,橡红瀚行1号私募证券投资基金,SBKP40,橡红瀚行1号私募证券投资基金,SBKP40,上海橡红,,2025-12-29,2025-12-31,中信证券股份有限公司,,,否,,,,,,,0,,,,,0-5亿元,P1072730
团队跟踪,禾悦优孚成长1号私募证券投资基金,SBKQ45,禾悦优孚成长1号私募证券投资基金,SBKQ45,北京禾悦,,2025-11-25,2025-12-09,国泰海通证券股份有限公司,,每周周一、周二,否,0%,,本基金份额持有期低于90 天（不含）的赎回费率为0.75%，基金份额持有期在90 天及 以上的赎回费率为0%，归基金资产,,无,,0.015,,0.01%,0.01%,20%,5-10亿元,P1075041
团队跟踪,翰荣狮子量化精选12号私募证券投资基金,SBKR20,翰荣狮子量化精选12号私募证券投资基金,SBKR20,深圳翰荣,,2025-12-17,2025-12-22,国泰海通证券股份有限公司,,每周周三、周四,可临开赎回,A类份额、B类份额：0%，C类份额：1%,,持有期小于90天，赎回费率为1%；持有期大等于90天，赎回费率为0%,,,,0.02,A类份额：0%，B类份额：1%，C类份额：2%,0.01%/年,0.01%/年,A类份额：0%，B类份额：20%，C类份额：20%,50-100亿元,P1063371
团队跟踪,禾悦暖阳1000指数增强1号私募证券投资基金,SBKU94,禾悦暖阳1000指数增强1号私募证券投资基金,SBKU94,北京禾悦,,2025-11-27,2025-12-08,国泰海通证券股份有限公司,,每周四、周五,否,0%,1万元起,持有期小于90天，赎回费率为0.5%；持有期大等于90天，赎回费率为0%,,无,,0.01,,0.01%/年,0.01%/年,"单客户高水位法，募集期认购客户计提比例16%；产品成立后申购客户计提比例20%。
计提基准日：每年9月30日/ 基金分红日/赎回申请日/清算日",5-10亿元,P1075041
团队跟踪,正瀛骐骥豆市街一号私募证券投资基金,SBKX11,正瀛骐骥豆市街一号私募证券投资基金,SBKX11,上海正瀛资管,,2025-12-04,2025-12-17,东方证券股份有限公司,,,否,,,,,,,0,,,,,100亿元以上,P1060813
团队跟踪,华泰期货19期PLUS集合资产管理计划,SBLA47,华泰期货19期PLUS集合资产管理计划,SBLA47,华泰期货,,2025-12-02,2025-12-16,中信证券股份有限公司,,,否,,,,,,,0,,,,,,PT0500011867
团队跟踪,顽岩量化选股专享9号,SBLB67,顽岩量化选股专享9号私募证券投资基金,SBLB67,上海顽岩,,2025-12-15,2025-12-24,中信证券股份有限公司,,周三、周四,否,0,,<3个月，0.5%,,/,,0.01,,0.01,0.01,"固定计提日每年5月、11月第2个周三
（分红、固定、退出计提，若某次统一计提基准日与本基金上一个发生业绩报酬计提对应的统一计提基准日间隔期短于【6】个月时，则该次业绩报酬计提基准日及其对应的计提日不计提业绩报酬。 ）",100亿元以上,P1034708
团队跟踪,大风远恒铭扬,SBLG41,大风远恒铭扬私募证券投资基金,SBLG41,深圳大风资管,,2025-12-08,2025-12-15,国泰海通证券股份有限公司,,,否,,,,,,,0,,,,,10-20亿元,P1023051
团队跟踪,国泰海通云衡多资产1号集合资产管理计划,SBLM41,国泰海通云衡多资产1号集合资产管理计划,SBLM41,国泰海通证券资管,,2025-12-02,2025-12-15,中国工商银行股份有限公司,,,否,,,,,,,0,,,,,,PT0700000196
团队跟踪,百奕股票增强一号私募证券投资基金,SBLM83,百奕股票增强一号私募证券投资基金,SBLM83,上海百奕投资,,2025-12-02,2025-12-25,中信证券股份有限公司,,,否,,,,,,,0,,,,,0-5亿元,P1014097
团队跟踪,富华君怡专享私募证券投资基金,SBLS77,富华君怡专享私募证券投资基金,SBLS77,北京富华资信,,2025-12-12,2025-12-17,国泰海通证券股份有限公司,,每周周二、周三，如遇节假日不顺延,否,0%,,持有期小于90天，赎回费率为0.75%k持有期大等于90天，赎回费率为0%,,无,,0.015,,,,业绩报酬计提比例30%,10-20亿元,P1071745
团队跟踪,顽岩量化选股冠一1号私募证券投资基金,SBLW79,顽岩量化选股冠一1号私募证券投资基金,SBLW79,上海顽岩,,2025-12-11,2025-12-19,国泰海通证券股份有限公司,,每周周四、周五,可临开赎回,0%,,持有期小于 90 天，赎回费率为 1%；持有期大等于90 天，赎回费率为 0%。基金赎回费全部归入基金资产。,,,,0.01,,0.01%,0.01%,"计提基准日：每年 9 月 30 日（固定日，但封闭期及锁定期（如有）除外，如遇非交易日则顺延至下一交易日）、投资者赎回日、分红权益登记日、基金清算日。
对超过上次成功计提基准日基金份额累计净值部分按 25%比例进行计提。",100亿元以上,P1034708
团队跟踪,大风远恒信享CTA私募证券投资基金,SBMD67,大风远恒信享CTA私募证券投资基金,SBMD67,深圳大风资管,,2025-12-15,2025-12-19,国信证券股份有限公司,,每周周二、周三,可临开赎回,0%,,持有期小于90日，赎回费率0.5%；持有期大等于90日，赎回费率0%。本金赎回费归资产所有,,无,,0.01,,0.01%,0.01%,对超过上次成功计提基准日基金份额累计净值部分按16%比例进行计提,10-20亿元,P1023051
团队跟踪,准星量化对冲一号,SBME10,准星量化对冲一号私募证券投资基金,SBME10,深圳准星私募,,2025-12-24,2025-12-29,招商证券股份有限公司,,每周周四、周五,否,0%,,持有期小于3个月，赎回费率为0.5%；持有期大等于3个月，赎回费率为0%,,,,0.01,,0.01%,0.01%,20%(单客户单笔份额高水位法;在基金分红、投资者赎回、基金终止时提取),0-5亿元,P1075056
团队跟踪,江煦千帆股票精选一号私募证券投资基金,SBML48,江煦千帆股票精选一号私募证券投资基金,SBML48,上海江煦投资,,2026-01-09,2026-02-04,中信证券股份有限公司,,,否,,,,,,,0,,,,,0-5亿元,P1021191
团队跟踪,添禄投资小市值一号私募证券投资基金,SBMR64,添禄投资小市值一号私募证券投资基金,SBMR64,上海添禄投资,,2026-01-08,2026-01-28,国泰海通证券股份有限公司,,每周第3个交易日,可临开赎回,0%,,"持有期小于90天，赎回费率为0.5%；持有期大等于90天，赎回费率为0%；
基金赎回费全部归入整体基金资产，管理人不可减免。",,无,,0.01,A类份额：0%， B类份额：0.6%，C类份额：1%,0.02%,0.02%,"计提基准：业绩报酬计提基准B=【期间微盘指数（868008.WI）年化收益率】
计提基准日：投资者赎回日、分红权益登记日、基金清算日。连续两次计提业绩报酬的间隔期不应短于6个月。
计提方式：单个投资者单笔投资年化收益差额法，业绩报酬计提比例： B类份额：16%， C类份额：25%。",20-50亿元,P1064139
团队跟踪,铸锋太阿2号私募证券投资基金,SBMV28,铸锋太阿2号私募证券投资基金,SBMV28,北京铸锋资管,,2025-12-22,2025-12-31,华泰证券股份有限公司,,,否,,,,,,,0,,,,,50-100亿元,P1031904
团队跟踪,国泰海通私客臻享151号单一资产管理计划,SBMV38,国泰海通私客臻享151号单一资产管理计划,SBMV38,,,2025-12-18,0000-00-00,,,,否,,,,,,,0,,,,,,
团队跟踪,君和九思君怡1号私募证券投资基金,SBNB10,君和九思君怡1号私募证券投资基金,SBNB10,北京君和九思,,2026-01-12,2026-01-30,国泰海通证券股份有限公司,,,否,,,,,,,0,,,,,5-10亿元,P1031396
团队跟踪,衡颐睿享1号,SBND97,衡颐睿享1号私募证券投资基金,SBND97,上海衡颐资管,,2026-01-23,2026-02-12,华泰证券股份有限公司,,,否,,,,,,,0,,,,,5-10亿元,P1026693
团队跟踪,富涌谷量化中性2号私募证券投资基金,SBNG48,富涌谷量化中性2号私募证券投资基金,SBNG48,杭州富涌谷显山资管,,2025-12-31,2026-01-21,国泰海通证券股份有限公司,,,否,,,,,,,0,,,,,20-50亿元,P1069269
团队跟踪,省心享-华泰WEFUND豫章私享优选FOF658号单一资产管理计划,SBNJ36,省心享-华泰WEFUND豫章私享优选FOF658号单一资产管理计划,SBNJ36,,,2025-12-30,,,,,否,,,,,,,0,,,,,,
团队跟踪,西南证券沣裕FOF1号单一资产管理计划,SBNK24,西南证券沣裕FOF1号单一资产管理计划,SBNK24,,,2018-01-05,,,,,否,,,,,,,0,,,,,,
团队跟踪,君跃飞扬鲲鹏私募证券投资基金,SBNR74,君跃飞扬鲲鹏私募证券投资基金,SBNR74,上海君跃,,2026-01-14,2026-01-26,国泰海通证券股份有限公司,,,否,,,,,,,0,,,,,0-5亿元,P1061087
团队跟踪,德贝瑞稳淼三号私募证券投资基金,SBNS97,德贝瑞稳淼三号私募证券投资基金,SBNS97,北京德贝瑞,,2026-01-12,2026-02-02,国泰海通证券股份有限公司,,每周周三、周四,否,1%,1万元起,持有期小于90天，赎回费率为 1%；持有期大等于90天，赎回费率为 0%（基金赎回费全部归入基金资产）,,,,0.01,,0.01%,0.01%,20%,5-10亿元,P1063126
团队跟踪,黑玺黑桃1号,SBNW57,黑玺黑桃1号私募证券投资基金,SBNW57,杭州黑玺资管,,2026-01-14,2026-03-09,长江证券股份有限公司,,,否,,,,,,,0,,,,,20-50亿元,P1060839
团队跟踪,太衍自旋6号私募证券投资基金,SBPB09,太衍自旋6号私募证券投资基金,SBPB09,上海太衍,,2026-01-12,2026-01-21,招商证券股份有限公司,,,否,,,,,,,0,,,,,20-50亿元,P1074988
团队跟踪,江煦臻选对冲一号私募证券投资基金,SBPH97,江煦臻选对冲一号私募证券投资基金,SBPH97,上海江煦投资,,2026-03-10,2026-03-17,国泰海通证券股份有限公司,,,否,,,,,,,0,,,,,0-5亿元,P1021191
团队跟踪,德贝瑞稳淼四号私募证券投资基金,SBPK31,德贝瑞稳淼四号私募证券投资基金,SBPK31,北京德贝瑞,,2026-01-22,2026-02-10,国泰海通证券股份有限公司,,每周周三、周四,可临开赎回,1%,1万元起,持有期小于90天，赎回费率为1%；持有期大等于90天，赎回费率为0%,,无,,0.01,,0.01%,0.01%,对超过上次成功计提基准日基金份额累计净值部分按20%比例进行计提,5-10亿元,P1063126
团队跟踪,澎湃双十蓝筹择时量选1号私募证券投资基金,SBPL74,澎湃双十蓝筹择时量选1号私募证券投资基金,SBPL74,海南澎湃,,2026-01-30,2026-02-14,中信证券股份有限公司,,,否,,,,,,,0,,,,,0-5亿元,P1074290
团队跟踪,广联宏优孚2号私募证券投资基金,SBPM75,广联宏优孚2号私募证券投资基金,SBPM75,海南广联宏,,2026-01-21,2026-02-13,广发证券股份有限公司,,每周周三、周四,可临开赎回,0%,1万元起,0%,,,,0.01,,0.01%,0.01%,20%,5-10亿元,P1072844
团队跟踪,省心享华泰期货锐泰优选家族尊享C9号FOF集合资产管理计划,SBPN76,省心享华泰期货锐泰优选家族尊享C9号FOF集合资产管理计划,SBPN76,华泰期货,,2026-02-02,2026-02-12,中信证券股份有限公司,,,否,,,,,,,0,,,,,,PT0500011867
团队跟踪,量子策云稳健七号,SBPX90,量子策云稳健七号私募证券投资基金,SBPX90,北京量子智能投资,,2026-01-28,2026-02-26,国泰海通证券股份有限公司,,,否,,,,,,,0,,,,,10-20亿元,P1061355
团队跟踪,星汇天权旗舰一号,SBQB53,星汇天权旗舰一号私募证券投资基金,SBQB53,江苏星汇私募,,2026-01-30,2026-02-12,华泰证券股份有限公司,,,否,,,,,,,0,,,,,0-5亿元,P1075077
团队跟踪,善流进取CTA三号私募证券投资基金,SBQB66,善流进取CTA三号私募证券投资基金,SBQB66,上海善流投资,,2026-01-27,2026-02-14,中信证券股份有限公司,,每个自然周的前两个工作日,可临开赎回,0%,,持有期小于3个月，赎回费率为0.75%；持有期大等于3个月，赎回费率为0%,,,,0.015,,0.01%,0.01%,管理人将根据委托人的期间年化收益率（R），对期间年化收益率超过0%以上且在30%以下（含）的部分按照20%的比例收取业绩报酬，对期间年化收益率在30%以上的部分按照40%的比例收取业绩报酬。,0-5亿元,P1066120
团队跟踪,沣跃稳健1号私募证券投资基金,SBQD34,沣跃稳健1号私募证券投资基金,SBQD34,北京沣跃,,2026-01-26,2026-02-12,中信建投证券股份有限公司,,每周周三,可临开赎回,0%,,持有期小于90天，赎回费率为0.5%；持有期大等于90天，赎回费率为0%,,无,,0.01,A类份额：0.5%，B类份额：1%,0.01%,0.01%,A类份额：0.5%，B类份额：计提比例为 20%，计提基准为年化 3%,5-10亿元,P1074579
团队跟踪,青琰捷北二号私募证券投资基金,SBQG55,青琰捷北二号私募证券投资基金,SBQG55,上海青琰,,2026-02-02,2026-02-13,中信证券股份有限公司,,每周周二、周三,否,1%,,持有期小于3 个月，赎回费率为1%；持有期大等于3 个月，赎回费率为0%,,,,0.01,B类份额：0%，A 类份额：1%,0.01%,0.01%,"B类份额不计提业绩报酬。
A类份额：管理人将根据委托人每笔投资的期间年化收益率（R）超过同期对标基准（Rzs）的部分与 0%进行比较，当 R-Rzs 大于 0%且 R>0%时，按照 R 超过该期间对标基准收益率部分的【20%】计提业绩报酬，且计提业绩报酬之后该笔份额在当期不得产生亏损。其中，对标基准 Rzs=【中证 2000 指数（代码：932000）期间年化收益率】*0.9。
计提基准日：固定计提基准日、赎回申请日、该类份额的除息日（若有）和基金终止日（固定计提基准日和除息日（若有）统称为“统一计提基准
日”），固定计提基准日为固定计提基准日为封闭期（若有）结束后的每年 3 月、9 月第 3 个周三（如遇节假日则顺延至下一周的周三，以此类推）",20-50亿元,P1073943
团队跟踪,子润天狩1号私募证券投资基金,SBQG60,子润天狩1号私募证券投资基金,SBQG60,宁波子润投资,,2026-02-27,2026-03-02,华泰证券股份有限公司,,,否,,,,,,,0,,,,,0-5亿元,P1031651
团队跟踪,锦福源中证500指增1号私募证券投资基金,SBQL81,锦福源中证500指增1号私募证券投资基金,SBQL81,海南锦福源,,2026-01-29,2026-02-12,国泰海通证券股份有限公司,,每周二,否,,,90天内0.5%,,无,,0.01,,,,超额20%,10-20亿元,P1073567
团队跟踪,太衍光年中证1000指数增强2号私募证券投资基金,SBQQ21,太衍光年中证1000指数增强2号私募证券投资基金,SBQQ21,上海太衍,,2026-02-04,2026-02-26,广发证券股份有限公司,,,否,,,,,,,0,,,,,20-50亿元,P1074988
团队跟踪,巨量均衡量选一号私募证券投资基金,SBQR35,巨量均衡量选一号私募证券投资基金,SBQR35,珠海巨量均衡,,2026-02-11,2026-02-27,国泰海通证券股份有限公司,,每周周四、周五,否,A类份额：1%；B类份额、C类份额、D类份额：0%,,持有期小于90天，赎回费率为1%；持有期大等于90天，赎回费率为0%,,无,,0.01,A类份额：1%；B类份额：0%；C类份额、D类份额：1%,0.015%,0.015%,A类份额：20%，B类份额：0%，C类份额：18%，D类份额：0%,5-10亿元,P1072577
团队跟踪,国证资管臻心选进取广益678号FOF单一资产管理计划,SBQT90,国证资管臻心选进取广益678号FOF单一资产管理计划,SBQT90,,,2026-01-29,,,,,否,,,,,,,0,,,,,,
团队跟踪,安远安心三期私募证券投资基金,SBQU52,安远安心三期私募证券投资基金,SBQU52,北京安远,,2026-02-02,2026-02-25,国泰海通证券股份有限公司,,,否,,,,,,,0,,,,,20-50亿元,P1073788
团队跟踪,星汇开阳旗舰一号私募证券投资基金,SBQW60,星汇开阳旗舰一号私募证券投资基金,SBQW60,江苏星汇私募,,2026-02-05,2026-02-26,国泰海通证券股份有限公司,,,否,,,,,,,0,,,,,0-5亿元,P1075077
团队跟踪,江煦红运一号私募证券投资基金,SBRA04,江煦红运一号私募证券投资基金,SBRA04,上海江煦投资,,2026-04-01,2026-04-07,中信证券股份有限公司,,,否,,,,,,,0,,,,,0-5亿元,P1021191
团队跟踪,太衍极光1号私募证券投资基金,SBRA09,太衍极光1号私募证券投资基金,SBRA09,上海太衍,,2026-02-03,2026-02-13,广发证券股份有限公司,,,否,,,,,,,0,,,,,20-50亿元,P1074988
团队跟踪,青琰信达六号,SBRD70,青琰信达六号私募证券投资基金,SBRD70,上海青琰,,2026-02-05,2026-03-02,中信证券股份有限公司,,每周周二、周三,可临开赎回,1%,,持有期小于3 个月，赎回费率为1%；持有期大等于3个月，赎回费率为0%,,,,0.01,B 类份额：0%，A类份额：1%,0.01%,0.01%,"A类份额：当期间年化收益率大于【6】%时，对所有收益按照【60】%的比例收取业绩报酬，且计提后该笔份额的期间年化收益率不低于【6】%。
计提基准日：每年 3 月、9 月第三个周三（固定日，但封闭期及锁定期（如
有）除外，如遇非交易日则顺延至下一交易日）、投资者赎回日、分红权益登记日和基金清算日。",20-50亿元,P1073943
团队跟踪,禾悦暖阳中性1号私募证券投资基金,SBRF17,禾悦暖阳中性1号私募证券投资基金,SBRF17,北京禾悦,,2025-02-17,,,,每周一周二（如遇节假日不顺延）,否,0%,1万元起,持有期小于90天，赎回费率为0.75%；持有期大等于90天，赎回费率0%,,无,,0.015,A类份额、B类份额：1.5%，C类份额：1%,0.01%/年,0.01%/年,"单人单笔高水位，A类份额：20%，B类份额：16%，C类份额：0%。
计提基准日：每年1月31日/ 基金分红日/赎回申请日/清算日",5-10亿元,P1075041
团队跟踪,弈倍自由现金流精选1号私募证券投资基金,SBRQ15,弈倍自由现金流精选1号私募证券投资基金,SBRQ15,上海弈倍,,2026-03-04,2026-03-12,国泰海通证券股份有限公司,,,否,,,,,,,0,,,,,20-50亿元,P1061585
团队跟踪,千朔市场中性八号私募证券投资基金,SBRU82,千朔市场中性八号私募证券投资基金,SBRU82,上海千朔投资,,2026-02-24,2026-03-03,中信证券股份有限公司,,,否,,,,,,,0,,,,,100亿元以上,P1069502
团队跟踪,博孚利专享2号私募证券投资基金,SBRW54,博孚利专享2号私募证券投资基金,SBRW54,厦门博孚利资管,,2026-03-05,2026-03-19,招商证券股份有限公司,,每个自然季度首月（即1月、4月、7月、10月）的8号（遇节假日则顺延至下一个工作日）,否,申购金额≥300万，费率0%；申购金额＜300万，费率0.5%,1万元起,持有期小于90天，赎回费率1%；持有期大等于90天，赎回费率0%,,无,,0.01,A类份额：0.6%；B类、C类份额：1%,0.02%/年,0.03%/年,A类份额：不计提；B类、C类份额：采用单个投资者单笔高水位净值法，计提比例为10%。,50-100亿元,P1023120
团队跟踪,铸锋太阿5号私募证券投资基金,SBRX65,铸锋太阿5号私募证券投资基金,SBRX65,北京铸锋资管,,2026-02-13,2026-02-27,广发证券股份有限公司,,每周周一、周二,否,0%,,持有期小等于3个月（按90天计算，下同），赎回费率为0.5%；持有期大于3个月，赎回费率为0%。赎回费归属于基金财产,,,,0.01,A类份额：0%，B类份额：0%，C类份额：1%,0.025%,0.025%,B类份额、C类份额投资者单笔参与份额，在业绩报酬计提日对每笔份额的份额累计净值超过历史计提日最高份额累计净值部分，根据一定的比例计提业绩报酬，提取比例R=[20]%,50-100亿元,P1031904
团队跟踪,正合中证2000指增1号私募证券投资基金,SBRY00,正合中证2000指增1号私募证券投资基金,SBRY00,上海正合,,2026-03-03,2026-03-17,国泰海通证券股份有限公司,,每周第1个、第2个交易日,否,0%,,持有期小于90天，赎回费率为1%；持有期大等于90天，赎回费率为0%,,,,0.01,C类份额：1%,,,C类份额：期间中证2000指数收益率，计提比例：20%,5-10亿元,P1074939
团队跟踪,青琰信达八号,SBRY68,青琰信达八号私募证券投资基金,SBRY68,上海青琰,,2026-02-26,2026-03-04,中信证券股份有限公司,,每周周二、周三,可临开赎回,1%,,持有期小于3 个月，赎回费率为1%；持有期大等于3个月，赎回费率为0%,,,,0.01,B 类份额：0%，A类份额：1%,0.01%,0.01%,"当期间年化收益率大于【6】%时，对所有收益按照【60】%的比例收取业绩报酬，且计提后该笔份额的期间年化收益率不低于【6】%。
计提基准日分为固定计提基准日（封闭期（若有）结束后的每年 3 月、9 月第 3 个周三）、该类份额的除息日（若有）、赎回申请日和基金终止日（其中固定计提基准日和除息日（若有）统称为“统一计提基准日”）",20-50亿元,P1073943
团队跟踪,百奕小天鹅2号私募证券投资基金,SBSJ74,百奕小天鹅2号私募证券投资基金,SBSJ74,上海百奕投资,,2026-03-05,2026-03-13,国泰海通证券股份有限公司,,每周周二、周三,可临开赎回,0%,,持有期小于90天，赎回费率为 0.5%；持有期大等于90天，赎回费率为 0%,,无,,0.01,A类份额：0%，B类份额：1%,0.02%,0.02%,A类份额：0%，B类份额：20%,0-5亿元,P1014097
团队跟踪,臻金易安壹号私募证券投资基金,SBSK83,臻金易安壹号私募证券投资基金,SBSK83,海南臻金,,2026-03-04,2026-03-20,广发证券股份有限公司,,,否,0%,1万元起,持有期小等于3个月（按90天计算），赎回费率为0.5%；持有期大于3个月的，赎回费率为0%。本基金赎回费归属于基金财产。本基金赎回费不得以任何形式进行减免。,,,,0.01,A类份额、B类份额：1%，C类份额：0%,0.01%,0.01%,采用单客户高水位法，A类份额：20%，B类份额：16%，C类份额：0%,0-5亿元,P1073709
团队跟踪,孚盈至诚1号,SBSY91,孚盈至诚1号私募证券投资基金,SBSY91,杭州孚盈投资,,2026-03-10,2026-03-24,国泰海通证券股份有限公司,,每周周三,可临开赎回,0%,,持有期小于90日，赎回费率1%；持有期大等于90日，赎回费率0%。赎回费归资产所有,,无,,0.015,,0.01%,0.01%,单笔份额高水位净值法。赎回、分红、清算日计提，对超过上次成功计提基准日基金份额累计净值部分按20%比例进行计提。,20-50亿元,P1069412
团队跟踪,湘财证券金福12号FOF集合资产管理计划,SBSY99,湘财证券金福12号FOF集合资产管理计划,SBSY99,湘财证券,,2026-03-10,2026-03-13,兴业银行股份有限公司,,,否,,,,,,,0,,,,,,I0011540
团队跟踪,德贝瑞稳淼九号私募证券投资基金,SBTD53,德贝瑞稳淼九号私募证券投资基金,SBTD53,北京德贝瑞,,2026-03-19,2026-04-07,国泰海通证券股份有限公司,,每周周三、周四,可临开赎回,1%,1万元起,持有期小于180天赎回费率为1%；大等于180天赎回费率为0%,,不设置 ,,0.01,每日计提，按自然季度支付。,0.01%,0.01%,"业绩报酬的计算采用单个投资者单笔高水位净值法。R= 20%，为业绩报酬提取比例；
2026.4.16录入",5-10亿元,P1063126
团队跟踪,善庆常晋一号私募证券投资基金,SBTH74,善庆常晋一号私募证券投资基金,SBTH74,上海善庆资管,,2026-03-17,2026-03-31,华泰证券股份有限公司,,每周周二、周三（可顺延）,可临开赎回,0%,1万元起,持有期小等于3个月，赎回费率为0.5%；持有期大于3个月，赎回费率为0%,,无,,0.01,,0.01%,0.01%,"计提基准日：每年1月31日、7月31日，遇非工作日顺延。
单个投资者单份额高水位法，A类份额：28%，B类份额：30%",5-10亿元,P1024263
团队跟踪,慕途朝夕1号私募证券投资基金,SBTT58,慕途朝夕1号私募证券投资基金,SBTT58,慕途基金,,2026-03-26,2026-04-08,国泰海通证券股份有限公司,,申购开放日为每周周五，赎回开放日为每月第4个周五,否,1%,10万元起,持有期小于90天，赎回费1%；持有期大等于90天，赎回费0%,,,,0.015,,0.015%,0.015%,单客户单笔高水位净值法。赎回、分红、清算日计提，计提比例【年化收益率20%（含）以内部分20%；20%-30%（含）的部分30%，30%-40%（含）的部分40%，超过40%的部分50%】,10-20亿元,P1073298
团队跟踪,慕途朝夕2号私募证券投资基金,SBTT64,慕途朝夕2号私募证券投资基金,SBTT64,慕途基金,,2026-03-27,2026-04-10,国泰海通证券股份有限公司,,申购开放日为每周周五，赎回开放日为每月第4个周五,否,1%,10万元起,持有期小于90天，赎回费1%；持有期大等于90天，赎回费0%,,,,0.02,,0.015%,0.015%,单客户单笔高水位净值法。赎回、分红、清算日计提，计提比例【年化收益率20%（含）以内部分20%；20%-30%（含）的部分30%，30%-40%（含）的部分40%，超过40%的部分50%】,10-20亿元,P1073298
团队跟踪,贞元虎踞一号私募证券投资基金,SBUK40,贞元虎踞一号私募证券投资基金,SBUK40,武汉贞元投资,,2026-04-02,2026-04-15,招商证券股份有限公司,,每周周四、周五,可临开赎回,0%,10万元起,持有期小于3个月，赎回费率 0.5%；持有期大等于3个月，赎回费率 0%,,,,0.01,A类份额：1%，B类份额：0.6%,0.01%,0.01%,"当基金份额赎回、基金终止或分红时，且该赎回份额或分红份额当期收益大于年化 6%小于 35%，管理人提取该份额整体盈利部分的 50%作为业绩报酬，但计提后该笔份额的当期年化收益不低于 6%。
当基金份额赎回、基金终止或分红时，且该赎回份额或分红份额当期收益大于年化 35%，管理人提取该份额整体盈利部分的 60%作为业绩报酬，但计提后该笔份额的当期年化收益不低于 6%。",5-10亿元,P1070352
团队跟踪,芬德-环翼优选6号私募证券投资基金,SBUL69,芬德-环翼优选6号私募证券投资基金,SBUL69,深圳芬德资管,,2026-03-26,2026-03-29,国泰海通证券股份有限公司,,每周周二、周三,可临开赎回,0%,,持有期小于90天，赎回费率为0.5%；持有期大等于90天，赎回费率为0%,,无,,0.01,A类份额：1%，B类份额：0%,0.01%,0.01%,"A类份额：计提触发条件：年化5.5%；计提比例：60%。
B类份额：0%",5-10亿元,P1063021
团队跟踪,大风远恒胜象私募证券投资基金,SBVA14,大风远恒胜象私募证券投资基金,SBVA14,深圳大风资管,,2026-04-03,2026-04-10,广发证券股份有限公司,,每周周一、周二,可临开赎回,0%,1万元起,持有期小于90日，赎回费率0.5%；持有期大等于90日，赎回费率0%,,无,,0.015,,0.025%,0.025%,对超过上次成功计提基准日基金份额累计净值部分按20%比例进行计提,10-20亿元,P1023051
团队跟踪,宁苑稳定增长七号私募证券投资基金,SBWB33,宁苑稳定增长七号私募证券投资基金,SBWB33,上海宁苑资管,,2026-04-20,2026-04-27,中信证券股份有限公司,,每周周二、周三,可临开赎回,0%,,持有期小于3个月，赎回费率为0.5%，全额归入基金财产,,,,0.0025,,0.015%,0.015%,"计提基准日：固定计提基准日（每年 6 月、12 月的第 4 个周三）、除息日（若有）、赎回申请日和基金终止日（其中固定计提基准日和除息日（若有）统称为“统一计提基准日”）。
计提10%",50-100亿元,P1018867
团队跟踪,谷启万利2号私募期货投资基金A类份额,SC336A,谷启万利2号私募期货投资基金A类份额,SC336A,武汉谷启,,2021-07-27,2021-08-03,国投证券股份有限公司,,,否,,,,,,,0,,,,,0-5亿元,P1069277
团队跟踪,谷启万利2号私募期货投资基金B类份额,SC336B,谷启万利2号私募期货投资基金B类份额,SC336B,武汉谷启,,2021-07-27,2021-08-03,国投证券股份有限公司,,,否,,,,,,,0,,,,,0-5亿元,P1069277
团队跟踪,粤财信托-航长常春藤证券投资集合资金信托计划,SC9516,粤财信托-航长常春藤证券投资集合资金信托计划,SC9516,,广州航长投资,2014-12-11,2015-12-25,中国银行股份有限公司,刘国杭,,否,,,,,,,0,,,,,,
团队跟踪,凡哲,SCA151,凡哲私募投资基金,SCA151,爱凡哲投资,,2018-02-05,2018-02-22,国泰君安证券股份有限公司,杨森,每个交易日,否,0,,0,0.92,无,0.9,0.01,,,,"业绩报酬：年化收益率6%以上整体收60%，提取后年化不
低于6%",20-50亿元,P1066184
团队跟踪,北京中成复利私募基金1号,SCA169,北京中成复利私募基金1号,SCA169,北京中成信泰资管,,2018-01-31,2018-02-07,中国银河证券股份有限公司,,,否,,,,,,,0,,,,,0-5亿元,P1065233
团队跟踪,龙旗御风私募投资基金,SCA340,龙旗御风私募投资基金,SCA340,杭州龙旗科技,,2017-12-22,2018-01-03,国泰君安证券股份有限公司,朱晓康,每个交易日,否,申购：1.00%；赎回：0-180天（不含）：1%；180天（含）以上：0%,,持有期小于180天，赎回费率为1%；持有期大等于180天，赎回费率为0%,,无,,0.015,1.5+20%（收益为正时对超额计提）,0.025%,0.025%,针对超额计提(负收益不计提)，计提基准:max(同期沪深300指数(000300)收益率，0%)，计提20%,100亿元以上,P1000676
团队跟踪,华澄1期,SCA371,华澄1期私募证券投资基金,SCA371,北京华澄,,2018-01-25,2018-02-06,招商证券股份有限公司,颜学阶,,否,,,,,,,0,,,,,10-20亿元,P1028099
团队跟踪,鸣熙致远十五号私募基金,SCB352,鸣熙致远十五号私募基金,SCB352,鸣熙资本,,2018-02-07,2018-03-01,国信证券股份有限公司,,每个工作日,否,0%,,0%,,,,0.01,,0.05%,0.05%,持有期年化收益率小于等于0%，则不计提业绩报酬；持有期年化收益率大于0%，则管理人对超出部分提取20%业绩报酬,100亿元以上,P1033450
团队跟踪,涵德淳德量化对冲4号私募证券投资基金,SCB622,涵德淳德量化对冲4号私募证券投资基金,SCB622,北京涵德投资,,2018-02-05,2018-02-12,国泰君安证券股份有限公司,秦志宇、顾小军,,否,,,,,,,0,,,,,50-100亿元,P1001739
团队跟踪,大湖淳韬九号证券投资私募基金,SCB675,大湖淳韬九号证券投资私募基金,SCB675,上海淳韬投资,,2018-01-29,2018-02-06,海通证券股份有限公司,黄国弢,,否,,,,,,,0,,,,,5-10亿元,P1027133
团队跟踪,洛书尊享CTA拾伍号私募证券投资基金,SCC397,洛书尊享CTA拾伍号私募证券投资基金,SCC397,上海洛书投资,,2018-01-16,2018-01-24,国信证券股份有限公司,谢冬,,否,,,,,,,0,,,,,100亿元以上,P1015392
团队跟踪,量创衍生品1号,SCC467,量创衍生品1号私募投资基金,SCC467,前海量创投资,,2018-01-16,2018-01-24,中信证券股份有限公司,骆俊,本基金固定开放日为每个自然周周二、周四，接受申购和赎回申请，如对应日为非工作日，则顺延至下一个工作日。,可临开赎回,0%,已持有该类份额的基金委托人每次追加申购该类份额的金额应当不少于10万元（不含申购费用）。,0%,,无,,0.015,本基金仅针对B类份额收取管理费，A类份额不收取管理费。本基金B类份额的年管理费率为1.5%。,,0.015%,本基金仅针对B类份额计提业绩报酬，提取比例为20%，A类份额不计提业绩报酬。,20-50亿元,P1032081
团队跟踪,展弘稳进1号7期私募证券投资基金,SCC561,展弘稳进1号7期私募证券投资基金,SCC561,上海展弘投资,,2017-12-21,2018-01-15,国信证券股份有限公司,,本基金自成立之日起，前【3】个月不设置固定开放日；自本基金成立之日起【3】个月届满后，每个自然月 10 日为固定开放日，如遇非工作日则顺延至下一工作日。固定开放日投资者可以申购参与本基金，也可以申请赎回本基金。,可临开申购和可临开赎回, 1%,追加10万起,0%,0.9,在本基金存续期内，除开放日外的期间为封闭期，在此期间管理人不接受投资者的申购和赎回申请。,0.88,0.015,,0%,0%,"年化收益率（R）    计提比例     收取业绩报酬总额（Y）的计提公式
    R≤0              0                 Y=0
    0＜R             20%          Y1（R）=A*R*20%*T/365",100亿元以上,P1015638
团队跟踪,御澜扬子江2号私募证券投资基金,SCE072,御澜扬子江2号私募证券投资基金,SCE072,广东御澜资管,,2018-01-29,2018-02-01,国泰君安证券股份有限公司,崔飒,,可临开申购和可临开赎回,,,,,,,0,,,,,0-5亿元,P1064874
团队跟踪,量道吉祥1号,SCF394,量道吉祥1号私募证券投资基金,SCF394,深圳量道投资,,2018-03-16,2018-03-22,国泰君安证券股份有限公司,,每个交易日,否,0,1 万元的整数倍,0,,无,,0.01,,0.005%/年,"0.005%/年
","1）计提方式：单个投资者单笔高水位净值法
2）计提时点：投资者赎回日、分红权益登记日、基金清算日
3）计提比例：20%",100亿元以上,P1016658
团队跟踪,众壹资产进取套利1号,SCG035,众壹资产进取套利1号私募投资基金,SCG035,上海众壹资管,,2018-07-11,2018-07-18,招商证券股份有限公司,顾磊磊,本基金开放日为每自然季度第三个月的25号（遇节假日顺延至下一工作日）。,可临开申购和可临开赎回,无,追加金额应不低于10万元人民币,无,0.9,本基金成立之日起6个月（每月按30个自然日计算）不允许基金份额持有人进行赎回，但允许基金投资者进行申购,0.85,0.01,1.00%,0.10%,0.10%,"单客户单笔份额高水位法，在两类情况下管理人将根据基金份额持有人的收益情况对本基金提取业绩报酬，一类是基金份额持有人申请赎回或本基金终止时提取业绩报酬；另一类是分红时提取业绩报酬。
当R>0％时，对超过0%的收益部分提取20%的业绩报酬",20-50亿元,P1004806
团队跟踪,量桥投资聚川六号私募投资基金,SCG431,量桥投资聚川六号私募投资基金,SCG431,上海量桥投资,,2018-02-02,2018-02-11,招商证券股份有限公司,,每月5号,否,0%,,0%,,,0.8,0,仅对A类份额收取2%管理费,0%,0%,仅对A类份额提取赎回份额或分红份额当期收益的20%作为业绩报酬,10-20亿元,P1025719
团队跟踪,安诚数盈量化驱动一号私募证券投资基金,SCG647,安诚数盈量化驱动一号私募证券投资基金,SCG647,浙江安诚数盈投资,,2018-02-13,2018-03-01,中信证券股份有限公司,王锋,,否,,,,,,,0,,,,,10-20亿元,P1018488
团队跟踪,浙江白鹭群贤二号量化多策略私募证券投资基金,SCG820,浙江白鹭群贤二号量化多策略私募证券投资基金,SCG820,浙江白鹭资管,,2018-03-27,2018-03-30,国泰君安证券股份有限公司,,,否,,,,,,,0,,,,,20-50亿元,P1030053
团队跟踪,悬铃A号,SCH558,悬铃A号私募基金,SCH558,上海悬铃,,2018-02-02,2018-02-24,中国银河证券股份有限公司,,,否,,,,,,,0,,,,,10-20亿元,P1064634
团队跟踪,道智成长3号,SCH865,道智成长3号私募投资基金,SCH865,北京道智投资,,2018-03-30,2018-04-27,华泰证券股份有限公司,康道志,每季度第3月第25个自然日,否,,,,0.9,无,0.85,0.01,,,0.05%,20%,0-5亿元,P1065491
团队跟踪,立心-私募学院菁英353号,SCJ476,立心-私募学院菁英353号私募基金,SCJ476,青岛立心,,2018-04-20,2018-04-26,招商证券股份有限公司,郭靖,每个交易日,否,,,一年内1%,,无,,0.015,,,,20%,20-50亿元,P1066776
团队跟踪,无隅磐石一号,SCJ566,无隅磐石一号私募投资基金,SCJ566,北京无隅资产,,2018-03-08,2018-03-14,招商证券股份有限公司,杨志诚,,否,,,,,,,0,,,,2020年7月10正式运行中性策略,0-5亿元,P1067114
团队跟踪,利檀6期私募证券投资基金,SCJ805,利檀6期私募证券投资基金,SCJ805,上海利檀投资,,2018-06-05,2018-06-15,广发证券股份有限公司,陈昊扬,,否,,,,,,,0,,,,,5-10亿元,P1005352
团队跟踪,艾方可转债1号私募证券投资基金,SCK025,艾方可转债1号私募证券投资基金,SCK025,上海艾方资管,,2018-05-15,2018-05-28,招商证券股份有限公司,,,否,,,,,,,0,,,,,50-100亿元,P1003401
团队跟踪,德邻众福2号私募证券投资基金,SCK465,德邻众福2号私募证券投资基金,SCK465,上海德邻众福投资,,2018-03-06,2018-03-12,中国银河证券股份有限公司,赵强,,否,,,,,,,0,,,,,0-5亿元,P1065894
团队跟踪,时代复兴六号私募证券投资基金,SCK705,时代复兴六号私募证券投资基金,SCK705,北京时代复兴投资,,2018-03-06,2018-03-21,中信证券股份有限公司,,,否,,,,,,,0,,,,,20-50亿元,P1016372
团队跟踪,赫富CTA一号,SCK708,赫富CTA一号私募基金,SCK708,上海赫富投资,,2018-03-05,2018-03-15,中信证券股份有限公司,蔡觉逸,,否,,,,,,,0,,,,,100亿元以上,P1062959
团队跟踪,歌斐私享定制1号1期私募基金,SCK771,歌斐私享定制1号1期私募基金,SCK771,上海歌斐诺宝资管,,2018-02-27,2018-03-06,招商证券股份有限公司,宁冬莉,,否,,,,,,,0,,,,,50-100亿元,P1000548
团队跟踪,芷瀚量化CTA稳健一号,SCK968,芷瀚量化CTA稳健一号私募基金,SCK968,上海芷瀚资管,,2018-05-23,2018-05-31,招商证券股份有限公司,,,否,,,,,,,0,,,,,0-5亿元,P1066464
团队跟踪,九鞅禾瑞八号,SCK972,九鞅禾瑞八号私募证券投资基金,SCK972,上海九鞅投资,,2018-03-06,2018-03-14,中信证券股份有限公司,时旭昇、吴若君、何华,,否,,,,,,,0,,,,,10-20亿元,P1020172
团队跟踪,卓识利民,SCL316,卓识利民私募证券投资基金,SCL316,北京卓识,,2018-10-30,2018-11-20,招商证券股份有限公司,张卓,本基金开放日为每自然季度第一个月的1号（遇节假日顺延至下一工作日）,否,0.5%,,持有少于12个月1%,,,0.85,0.01,,0.04%,0.04%,,100亿元以上,P1063264
团队跟踪,宝菱星光私募基金,SCL360,宝菱星光私募基金,SCL360,上海宝菱,,2018-05-04,2018-05-21,中信证券股份有限公司,,每月30号,可临开申购和可临开赎回,0%,,0,,,,0,,,,50%,0-5亿元,P1030208
团队跟踪,长石智丰1号私募证券投资基金,SCL573,长石智丰1号私募证券投资基金,SCL573,三亚长石,,2018-04-11,2018-04-23,国泰君安证券股份有限公司,,,否,,,,,,,0,,,,,5-10亿元,P1074173
团队跟踪,量道汇盈1号私募证券投资基金,SCL733,量道汇盈1号私募证券投资基金,SCL733,深圳量道投资,,2018-03-05,2018-03-12,华泰证券股份有限公司,,每个自然月25日,否,1%,不低于1万元人民币,持有期小于180 天，赎回费率为1%；持有期大等于180 天，赎回费率为0.5%,0.8,无,0.75,0.001,,0.1%,0.1%,20%,100亿元以上,P1016658
团队跟踪,日出定向2号私募投资基金,SCM645,日出定向2号私募投资基金,SCM645,杭州遂玖,,2018-04-03,2018-04-16,招商证券股份有限公司,,,否,,,,,,,0,,,,,100亿元以上,P1026979
团队跟踪,千象盛世量化选股1号,SCN160,千象盛世量化选股1号私募证券投资基金,SCN160,上海千象资产,,2018-03-16,2018-03-22,国信证券股份有限公司,陈斌,,否,,,,,,,0,,,,,100亿元以上,P1006930
团队跟踪,象限1号,SCN223,象限1号私募投资基金,SCN223,上海象限资管,,2018-05-03,2018-05-08,国泰君安证券股份有限公司,,每季度最后一个交易日,否,0.00%,,0.00%,,无,,0,,,,"""Y≤5%，不计提
5%＜Y，提取25%""",50-100亿元,P1015598
团队跟踪,锐天8号,SCN499,锐天8号私募投资基金,SCN499,上海锐天投资,,2018-03-21,2018-03-30,中信证券股份有限公司,徐晓波,,否,,,,,,,0,,,,,100亿元以上,P1024169
团队跟踪,致远中证A500兴泰2号,SCN872,致远中证A500兴泰2号私募证券投资基金,SCN872,珠海致诚卓远投资,,2018-04-09,2018-04-24,华泰证券股份有限公司,史帆,本基金的申赎开放日为每周最后一个交易日，本周无交易日的则不开放。,否,无,每次申购的金额应不低于1万元人民币（不含申购费（如有））,"A类：
持有时间（天）	赎回费率
 【0】天-【92】天（含）	【0.5】 %
 【92】天以上	【0】 %，赎回费用（如有）归基金资产所有。
B类：
持有时间（天）	赎回费率
 【0】天-【92】天（含）	【1】 %
 【92】天以上	【0】 %，赎回费用（如有）归基金资产所有。",,无,,0,"A类：无
B类：1%",0.05%,0.05%,"A类无业绩报酬
B类单个投资者单份额高水位法，在基金收益分配、基金份额持有人赎回B类基金份额或者基金终止时进行业绩报酬的提取。
赚钱且超过中证A500指数时，基金才会提取业绩报酬，金额为超额收益的18%，但不超过总收益的60%",100亿元以上,P1065479
团队跟踪,华泰期货民生圆融CTA1号资产管理计划,SCP334,华泰期货民生圆融CTA1号资产管理计划,SCP334,华泰期货,山东圆融,2018-03-30,2018-04-09,中国民生银行股份有限公司,,,否,,,,,,,0,,,,,,PT0500011867
团队跟踪,九坤日享中证1000指数增强1号,SCP381,九坤日享中证1000指数增强1号私募基金,SCP381,北京九坤投资,,2018-04-25,2018-05-03,中信证券股份有限公司,姚齐聪,,否,,,,,,,0,,,,,100亿元以上,P1003313
团队跟踪,安值福慧量化1号,SCP765,安值福慧量化1号私募证券基金,SCP765,青岛安值投资,,2018-07-13,2018-07-20,招商证券股份有限公司,于超,每月10号,否,1%,,持有时期小于12个月，赎回费率1%；持有期大等于12个月，赎回费率0%,0.9,,0.85,0.01,,0%,0%,"采取“单客户单笔份额高水位法”：业绩报酬提取时点分为固定时点提取、赎回时提取、分红时提取和合同终止时提取。固定时点提取是在每自然年12月10号（遇节假日顺延至下一个工作日）。
计提20%",20-50亿元,P1066882
团队跟踪,博牛金纳成长1号私募证券投资基金,SCP892,博牛金纳成长1号私募证券投资基金,SCP892,广州博牛,,2018-05-18,2018-06-04,国信证券股份有限公司,,,否,,,,,,,0,,,,,0-5亿元,P1067450
团队跟踪,致远中证500指数加强运作2号,SCP973,致远中证500指数加强运作2号私募证券投资基金,SCP973,珠海致诚卓远投资,,2018-07-03,2018-07-17,中信证券股份有限公司,史帆,本基金固定开放日为每个自然周的周三，接受申购和赎回申请，如对应日为非工作日，则顺延至下一个工作日。,否,无,,,,,,0,1%+20%,,,,100亿元以上,P1065479
团队跟踪,混沌天成-澜熙稳健2号,SCQ459,混沌天成-澜熙稳健2号私募证券投资基金,SCQ459,上海澜熙资管,,2018-04-11,2018-04-24,招商证券股份有限公司,周一潇,,否,,,,,,,0,,,,,5-10亿元,P1062538
团队跟踪,众智悦金二号,SCQ519,众智悦金二号私募证券投资基金,SCQ519,广州众智,,2018-07-13,2018-08-06,广发证券股份有限公司,肖祖星,本基金存续期内按【月】开放申购和赎回，申购和赎回开放日为本基金成立之日后【每自然月份的前五个工作日】。,可临开申购和可临开赎回,无,每次追加申购的金额应不低于1万元人民币,无,0.9,无,0.85,0,0.50%,0.05%,0.05%,"本基金按照基金投资者每一笔认购或申购份额单独计算其年化收益率，业绩报酬提取日为基金赎回开放日、基金收益分配日和基金终止日。业绩报酬计入管理费。
当年化收益率大于0小于30%（含）时，提取收益的20%；当大于30%时，对30%以内的部分提取20%，对30%以外的部分提取35%",0-5亿元,P1012858
团队跟踪,龙旗天喜私募证券投资基金,SCR316,龙旗天喜私募证券投资基金,SCR316,杭州龙旗科技,,2018-05-09,2018-05-24,中国银河证券股份有限公司,,,否,,,,,,,0,,,,,100亿元以上,P1000676
团队跟踪,恒道一号私募证券投资基金,SCR770,恒道一号私募证券投资基金,SCR770,北京安邦融资管,,2018-03-30,2018-04-13,兴业证券股份有限公司,,,否,,,,,,,0,,,,,0-5亿元,P1066884
团队跟踪,华澄二号,SCR903,华澄二号私募证券投资基金,SCR903,北京华澄,,2018-05-23,2018-05-31,招商证券股份有限公司,颜学阶,"每月的第三个周五，遇非顺延
",否,,,,,无,,0,"无
",,"0.03%
","R>8%的50%
",10-20亿元,P1028099
团队跟踪,朴时CTA二号,SCS411,朴时CTA二号私募证券投资基金,SCS411,上海朴时投资,,2018-04-08,2018-05-02,华泰证券股份有限公司,,"每月倒数第五个自然日(顺延)
（可临开申赎）",否,0,10万,0,0.88,无封闭期,0.85,0.005,,0.05%,0.05%,20%,10-20亿元,P1066101
团队跟踪,百奕趋势力量化CTA,SCS573,百奕趋势力量化CTA私募证券投资基金,SCS573,上海百奕投资,,2018-06-04,2018-06-11,中泰证券股份有限公司,李丹,固定开放日：本基金自成立后每自然月最后一个星期五为固定开放日（遇法定节假日顺延）。如本基金于2018年5月14日成立，则第一个固定开放日为2018年5月25日，第二个固定开放日为2018年6月29日，以此类推。,否,0%,初始募集期间追加认购金额应为 1 万元的整数倍（不含认购费）。,本基金对 A 类份额基金不收取赎回费；对 B 类份额收取赎回费，赎回费率为 1%，基金管理人有权减免。,0.8,无,0.7,0.015,A类份额：0% B类份额：1.5%/年,0.05%,0.05%,"基金管理人以超额比例的方式提取业绩报酬
期间年化收益率    计提比例       B类份额管理人业绩报酬计算公式
R≤0%                0                     Y=0 
R＞0%                20%             Y=N×P0x×(T÷365)",0-5亿元,P1014097
团队跟踪,品赋火炬,SCS662,品赋火炬私募证券投资基金,SCS662,上海品赋投资,,2018-04-09,2018-04-17,广发证券股份有限公司,,"申购开放日：每个自然季的最后一个月的25号
赎回开放日：每个自然季的最后一个月的25号",否,无,,无,,,,0.01,,,,整体高水位法，15%,0-5亿元,P1023137
团队跟踪,无隅鲲鹏一号,SCS762,无隅鲲鹏一号私募投资基金,SCS762,北京无隅资产,,2018-05-10,2018-05-16,招商证券股份有限公司,杨志诚,本基金开放日为每自然年度 3 月、6 月、9 月和 12 月的 30 号（遇节假日则顺延至下一工作日）。可增加临时开放日,可临开申购,1%,追加金额应不低于 10 万元人民币。,自基金成立之日起计算（算头不算尾），若基金份额赎回申请日少于 12 个月，赎回费率1%；若基金份额赎回申请日大于等于 12 个月，赎回费率 0。,,无,,0,1%,0.05%,0.05%,当基金份额赎回、基金终止或分红时，管理人将提取赎回份额或分红份额当期收益的15%作为业绩报酬。,0-5亿元,P1067114
团队跟踪,橡杉白桦稳健尊享私募证券投资基金,SCT232,橡杉白桦稳健尊享私募证券投资基金,SCT232,上海橡杉资管,,2018-04-18,2018-05-02,中信建投证券股份有限公司,王丽明,每自然季度末月的15日、22日，其中15日仅允许赎回，22日仅允许申购，如遇节假日则顺延至下一工作日,否,,,,0.95,6个月,0.92,0,2%,0.025%,0.025%,20%,5-10亿元,P1060103
团队跟踪,博孚利超强1号私募证券投资基金,SCT420,博孚利超强1号私募证券投资基金,SCT420,厦门博孚利资管,,2018-05-09,2018-05-17,国泰君安证券股份有限公司,,本基金固定开放日为自【2025年【1】月【14】日】（不含当日）起的5个交易日、每个投资运作期终止日起（不含终止日当日）的5个交易日，接受申购和赎回申请,可临开赎回,0%,1万元起,在符合本合同约定的情形下（包括但不限于合同条款变更等情形），投资者赎回持有期低于【3个月（每个月按30天计，下同）】份额的，需支付短期赎回费，短期赎回费率为【0.5】%。基金的短期赎回费全部归入基金资产,,无,,0.015,期初一次性计提,0.005%,0.005%,采用单个投资者单笔投资年化收益差额法计提，即基金份额持有人每笔所持份额或赎回份额在持有期（即下述计算公式中的“T”）的年化收益率（R）大于业绩报酬计提基准时，对超出业绩报酬计提基准的持有期差额收益按【60%】比例进行计提。,50-100亿元,P1023120
团队跟踪,弈泰CTA二号私募证券投资基金,SCT817,弈泰CTA二号私募证券投资基金,SCT817,上海弈泰,,2018-05-24,2018-05-31,国信证券股份有限公司,,每月20号,否,0%,,0%,0.83,,0.8,0.0075,,0.02%,0.02%,16%,0-5亿元,P1000789
团队跟踪,旌安1号,SCU345,旌安1号私募投资基金,SCU345,浙江旌安,,2018-05-09,2018-05-24,国泰君安证券股份有限公司,郑辉、裘强强、叶祎然,,否,,,,,,,0,,,,,100亿元以上,P1066329
团队跟踪,博隆量化阿尔法私募证券投资基金,SCU399,博隆量化阿尔法私募证券投资基金,SCU399,深圳博隆伟业,,2018-06-12,2018-06-20,中泰证券股份有限公司,蒋宇泽,每自然月第10个自然日为开放日。如该对应日为非工作日，则开放日为该日后的第一个工作日。,可临开申购,B类份额：0,每次追加申购的最低金额为10万元人民币。,0,0.8,成立后180天（已结束）。,0.75,0,B类份额：0.5%/年,0.025%/年,0.025%/年,"B类份额：单人单笔高水位法，针对收益0%以上的部分计提10%业绩报酬
本基金业绩报酬计提日为：封闭期过后，每年1月及7月的最后一个交易日，基金份额持有人实际赎回基金份额时（包含全部赎回，部分赎回）、基金终止日。",0-5亿元,P1029002
团队跟踪,浙江和熙量化5号私募投资基金,SCU597,浙江和熙量化5号私募投资基金,SCU597,浙江和熙资管,,2018-06-21,2018-06-29,招商证券股份有限公司,尹欢、金帆,,否,,,,,,,0,,,,,0-5亿元,P1033444
团队跟踪,茂源资本-巴舍里耶量化对冲1期私募投资基金,SCU762,茂源资本-巴舍里耶量化对冲1期私募投资基金,SCU762,海南茂源量化,,2018-04-20,2018-04-27,海通证券股份有限公司,,FOF投资产品池,否,每月15号，可临开,深圳凡二投资管理合伙企业(有限合伙),1%，可减免,0,相对价值策略,0,0.015,,,,20%（整体高水位法）,100亿元以上,P1061840
团队跟踪,泓倍商品相对价值1号,SCU913,泓倍商品相对价值1号私募投资基金,SCU913,上海泓倍投资,,2018-11-09,2018-11-19,国泰君安证券股份有限公司,张立群,每季度最后一个交易日,否,1%,,0%,0.92,,0.9,0.015,,0.05%,0.05%,20%,0-5亿元,P1003437
团队跟踪,众壹资产量合兴成一号,SCV067,众壹资产量合兴成一号私募证券投资基金,SCV067,上海众壹资管,,2018-05-15,2018-06-05,海通证券股份有限公司,,FOF投资产品池,否,每个交易日开放,上海众壹资产管理有限公司,持有小于6个月，赎回费率为1%,,管理期货策略,,0.015,,0.05%,0.05%,6和12月的最后一个交易日，赎回、分红、清算日，提取超额收益的20%,20-50亿元,P1004806
团队跟踪,茂源巴舍里耶2期,SCV226,茂源巴舍里耶2期私募证券投资基金,SCV226,海南茂源量化,,2018-04-26,2018-05-02,海通证券股份有限公司,郭学文,每自然月15号,否,0,,1%,0.55,,0.5,0,1.5%,0.075%,0.075%,20%,100亿元以上,P1061840
团队跟踪,聚宽一号,SCV634,聚宽一号私募证券投资基金,SCV634,北京聚宽投资,,2018-04-25,2018-05-03,广发证券股份有限公司,高斯蒙,【每自然月份的25号】（如遇节假日，则顺延至下一个交易日）,否,,,0-90天：2%；90-180天：1%；180以上：0%,,,,0,1.0%,,,业绩报酬：20.0%（绝对收益）,100亿元以上,P1066435
团队跟踪,时代复兴益增一号-中证500指数增强私募基金,SCW114,时代复兴益增一号-中证500指数增强私募基金,SCW114,宁波梅山元贞铭至投资,,2018-05-17,2018-05-30,中国国际金融股份有限公司,,,否,,,,,,,0,,,,,0-5亿元,P1062062
团队跟踪,素养鸣石量化18号私募证券投资基金,SCX293,素养鸣石量化18号私募证券投资基金,SCX293,上海鸣石,,2018-10-30,2018-11-05,华泰证券股份有限公司,王晓晗,每季度第1个月第1个工作日,否,无,,无,0.92,无,0.9,0.012,,0.1%（保底2万）,0.1%,,100亿元以上,P1005659
团队跟踪,半夏稳健混合宏观对冲私募基金,SCX585,半夏稳健混合宏观对冲私募基金,SCX585,上海半夏投资,,2018-05-25,2018-06-05,中信证券股份有限公司,李蓓,,否,,,,,,,0,,,,,20-50亿元,P1065663
团队跟踪,纽富斯价值精选证券投资私募基金,SCX598,纽富斯价值精选证券投资私募基金,SCX598,深圳纽富斯投资,,2018-05-10,2018-05-18,中信证券股份有限公司,詹础,,否,,,,,,,0,,,,,20-50亿元,P1021115
团队跟踪,久期量和灵活对冲1号,SCX617,久期量和灵活对冲1号私募证券投资基金,SCX617,上海久期量和投资,,2018-05-15,2018-05-23,长城证券股份有限公司,程建涛,,否,,,,,,,0,,,,,20-50亿元,P1031301
团队跟踪,知行稳健3号私募证券投资基金,SCX649,知行稳健3号私募证券投资基金,SCX649,深圳前海知行资管,,2023-01-10,2023-01-13,华鑫证券有限责任公司,,每个工作日,否,0%,,0%,0.9,无,0.8,0.01,,,,"单客户高水位法，计提20%。
基金投资者赎回时、基金清算、每年3、6、9、12月10日计提。
",0-5亿元,P1062051
团队跟踪,富犇-得宝2私募证券投资基金,SCY221,富犇-得宝2私募证券投资基金,SCY221,上海富犇投资,,2018-06-11,2018-06-20,招商证券股份有限公司,,,否,,,,,,,0,,,,,5-10亿元,P1025359
团队跟踪,盘京天道3期私募证券投资基金,SCY279,盘京天道3期私募证券投资基金,SCY279,上海盘京投资,,2019-05-17,2019-05-27,招商证券股份有限公司,陈勤,,否,,,,,,,0,,,,,100亿元以上,P1034296
团队跟踪,大禾投资-掘金707号私募投资基金,SCY292,大禾投资-掘金707号私募投资基金,SCY292,深圳大禾投资,,2018-05-28,2018-06-04,中信证券股份有限公司,胡鲁滨,每个自然月最后一个工作日可以接受申购申请。封闭期满后每 个自然月最后一个工作日开放申购和赎回。,否,0,,0,,6个月,,0.01,,0.03%,,"本基金业绩报酬计提基准日分为固定计提基准日、除息日(若有)、回申
请日和基金终止日，固定计提基准日为封闭期结束后每个自然季度末月(即3
月、6月、9月、12月)最后一个工作日(如遇节假日则顺延至下一个工作日)。
业绩报酬提取时点为固定计提确认日、分红确认日(若有)、赎回确认日和基金
终止确认日。
本基金在固定计提确认日提取业绩报酬，业绩报酬以扣减投资者已过锁定期
份额的方式提取;在分红确认日提取业绩报酬，业绩报酬从投资者的分红资金中
扣除(若有);在赎回确认日提取业绩报酬，业绩报酬从投资者的赎回资金中扣
除;在基金终止确认日提取业绩报酬，业绩报酬从投资者的清算资金中扣除。
本基金业绩报酬的提取比例(Y)为14%。",20-50亿元,P1031843
团队跟踪,博隆五号私募证券投资基金,SCY299,博隆五号私募证券投资基金,SCY299,深圳博隆伟业,,2018-07-23,2018-08-01,招商证券股份有限公司,,,否,,,,,,,0,,,,,0-5亿元,P1029002
团队跟踪,海浦超平面中证500指数增强1号,SCY312,海浦超平面中证500指数增强1号私募基金,SCY312,广州海浦,,2018-05-28,2018-06-01,兴业证券股份有限公司,张均备,,否,,,,,,,0,,,,,10-20亿元,P1011224
团队跟踪,衍盛指数增强1号,SCY352,衍盛指数增强1号私募投资基金,SCY352,深圳衍盛,,2018-06-08,2018-06-15,国信证券股份有限公司,章友,,否,,,,0.75,,0.7,0,,,,,50-100亿元,P1004055
团队跟踪,博孚利超强2号FOF私募证券投资基金,SCY437,博孚利超强2号FOF私募证券投资基金,SCY437,厦门博孚利资管,,2018-11-15,2018-11-23,国泰君安证券股份有限公司,,本基金成立之后每满六个月的最后一个交易日,可临开申购和可临开赎回,1%,1万元人民币起,持有期小等于365天，赎回费率为1%；持有期大于365天，免收。,0.5,无,,0.01,"2025/7/18起暂停管理费
",0.005%,0.005%,不收取业绩报酬,50-100亿元,P1023120
团队跟踪,博孚利尊享2号FOF私募证券投资基金,SCY439,博孚利尊享2号FOF私募证券投资基金,SCY439,厦门博孚利资管,,2018-07-25,2018-07-31,国泰君安证券股份有限公司,,基金成立之后的每个交易日,否,1%,不小于1万元,持有期小等于365天，赎回费率为1%；持有期大于365天，免收。,,无,,0.005,2023.12.29-2024.12.29暂停计提,0.005%,0.005%,不提取业绩报酬,50-100亿元,P1023120
团队跟踪,博孚利平方和量化对冲1号私募证券投资基金,SCY442,博孚利平方和量化对冲1号私募证券投资基金,SCY442,厦门博孚利资管,,2018-07-02,2018-07-06,国泰君安证券股份有限公司,,成立后每半年度的最后一个交易日,否,1%,1万元的整数倍,"持有本基金份额在365天内（含365天），赎回费率为1%。
持有本基金份额在365天以上，不收取赎回费。",0.9,无封闭期,0.85,0.015,"【1.5%】，其中博孚利资产收取的年管理费率为【0.7%】，宁波平方
和收取的年管理费率为【0.8%】。",0.04%,0.04%,"本基金的业绩报酬由私募基金管理人博孚利资产与宁波平方和投资共同收取。

业绩报酬的计算采用单个投资者单笔高水位净值法，短期择时策略业绩报酬由私募基金管理人博孚利资产收取。阿尔法策略业绩报酬由私募基金管理人平方和收取。",50-100亿元,P1023120
团队跟踪,平方和量化对冲1号私募证券投资基金,SCY486,平方和量化对冲1号私募证券投资基金,SCY486,宁波平方和投资,,2018-06-14,2018-06-21,招商证券股份有限公司,,,否,,,,,,,0,,,,,100亿元以上,P1025836
团队跟踪,亿峰商品套利一号,SCY775,亿峰商品套利一号私募证券投资基金,SCY775,珠海横琴亿峰,,2018-05-18,2018-05-28,广发证券股份有限公司,古振铭,每季度末月21日,否,1%,,持有期小于180天，赎回费率为1%；持有期大等于180天，赎回费率为0%,0.85,6个月,0.8,0.015,,,,5%以下（含5%）利润不提取；5%（不含5%）-20%利润提取20%；20%以上超额部分提取30%,5-10亿元,P1067768
团队跟踪,明汯中性融汇1号私募证券投资基金,SCY785,明汯中性融汇1号私募证券投资基金,SCY785,上海明汯投资,,2018-07-03,2018-07-06,招商证券股份有限公司,,,否,,,,0.5,,0.7,0,,,,,100亿元以上,P1004150
团队跟踪,博孚利启林增强1号私募证券投资基金,SCZ123,博孚利启林增强1号私募证券投资基金,SCZ123,厦门博孚利资管,,2018-07-04,2018-07-11,国泰君安证券股份有限公司,,每半年度的最后一个交易日,否,1%,1万元整数倍,持有期小于365天，赎回费率为1%；持有期大等于365天，免收。,0.6,无,,0.015,,0.04%,0.04%,T0策略由管理人博孚利提取50%的业绩报酬。提取完后的收益 ，以中证500指数为基准收益 ，年化收益超过中证500收益5%以上的部分，启林投资提取20%的业绩报酬。,50-100亿元,P1023120
团队跟踪,水木博雅中证1000指数增强8号私募证券投资基金A类份额,SD586A,水木博雅中证1000指数增强8号私募证券投资基金A类份额,SD586A,珠海水木博雅,,2021-08-04,2021-08-11,招商证券股份有限公司,,每周周五,否,1%,1万元起,持有期小于180天，赎回费率为1%；持有期大等于180天，赎回费率为0%,,,,0.02,,0.025%,0.025%,20%,0-5亿元,P1071281
团队跟踪,裕恒资本双龙一号,SD7190,裕恒资本双龙一号私募证券投资基金,SD7190,金华市裕恒资管,,2016-05-19,2016-06-02,中信证券股份有限公司,徐恒,,否,,,,,,,0,,,,,10-20亿元,P1016173
团队跟踪,涵德桢诚量化私募证券投资基金,SD7300,涵德桢诚量化私募证券投资基金,SD7300,北京涵德投资,,2016-01-28,2016-02-15,国泰君安证券股份有限公司,秦志宇、顾小军,,否,,,,,,,0,,,,,50-100亿元,P1001739
团队跟踪,明汯CTA二号基金,SD7649,明汯CTA二号基金,SD7649,上海明汯投资,,2015-12-24,2016-01-05,国金证券股份有限公司,,,否,,,,,,,0,,,,,100亿元以上,P1004150
团队跟踪,中信信托高毅晓峰尊享A期投资,SD8500,中信信托高毅晓峰尊享A期投资集合资金信托计划,SD8500,,上海高毅资管,2015-12-08,2016-01-06,招商银行股份有限公司,,,否,,,,,,,0,,,,,,
团队跟踪,黑翼CTA三号A基金,SD8740,黑翼CTA三号A基金,SD8740,上海黑翼资管,,2016-06-20,2016-07-07,招商证券股份有限公司,,,否,,,,,,,0,,,,,100亿元以上,P1004419
团队跟踪,量道游骑兵1号证券投资基金,SD9197,量道游骑兵1号证券投资基金,SD9197,深圳量道投资,,2015-12-10,2015-12-18,国信证券股份有限公司,,每个自然月25日（如遇非工作日顺延）；可视需求增设临时开放日,否,1%,10万元人民币整数倍,1%,0.8,无封闭期,0.75,0,0,,,,100亿元以上,P1016658
团队跟踪,无量1期私募证券投资基金,SE1724,无量1期私募证券投资基金,SE1724,海南无量,,2016-01-05,2016-01-28,中信证券股份有限公司,孙炎、司亚卿,,否,,,,,,,0,,,,,20-50亿元,P1022101
团队跟踪,展弘稳进1号,SE2881,展弘稳进1号私募证券投资基金,SE2881,上海展弘投资,,2016-01-20,2016-02-15,国信证券股份有限公司,陈方府,,否,,,,,,,0,,,,,100亿元以上,P1015638
团队跟踪,珠池量化对冲多策略基金1期,SE4234,珠池量化对冲多策略基金1期,SE4234,上海珠池资管,,2016-01-14,2016-01-25,国信证券股份有限公司,,,否,,,,,,,0,,,,,50-100亿元,P1014451
团队跟踪,挚盟资本-私募学院菁英189号基金,SE5345,挚盟成朋岁好1号私募证券投资基金,SE5345,北京挚盟资管,,2016-06-28,2016-07-05,招商证券股份有限公司,史余森,,否,,,,,,,0,,,,,20-50亿元,P1022368
团队跟踪,固禾翡翠基金,SE5865,固禾翡翠基金,SE5865,深圳固禾,,2016-02-25,2016-03-08,招商证券股份有限公司,,,否,,,,,,,0,,,,,5-10亿元,P1026626
团队跟踪,文多稳健一期基金,SE6168,文多稳健一期基金,SE6168,上海文多资产,,2016-01-12,2016-01-20,国金证券股份有限公司,范虎城,每月最后一个工作日（可临开）,否,,,1%（未满一年收取）,,,,0.01,,,,,10-20亿元,P1027295
团队跟踪,展弘量化精选1号私募证券投资基金A类份额,SE631A,展弘量化精选1号私募证券投资基金A类份额,SE631A,上海展弘投资,,2021-07-23,2021-08-03,招商证券股份有限公司,,"""每个工作日开放申购； 每个月最后一个周一开放赎回""",否,,1万元起,,0.85,180 天，锁定期内如管理人同意可以赎回,,0,,,,,100亿元以上,P1015638
团队跟踪,展弘量化精选1号私募证券投资基金B类份额,SE631B,展弘量化精选1号私募证券投资基金B类份额,SE631B,上海展弘投资,,2021-07-23,2021-08-03,招商证券股份有限公司,,,否,,,,,,,0,,,,,100亿元以上,P1015638
团队跟踪,明得浩伦CTA一号私募证券投资基金,SE6459,明得浩伦CTA一号私募证券投资基金,SE6459,杭州明得浩伦投资,,2016-02-23,2016-02-29,招商证券股份有限公司,孔令坤,,可临开赎回,,,0.000000,,,,0.02,0.020000,0.002000,,20%,5-10亿元,P1030687
团队跟踪,展弘稳进1号1期私募证券投资基金,SE8723,展弘稳进1号1期私募证券投资基金,SE8723,上海展弘投资,,2016-01-18,2016-02-04,国信证券股份有限公司,,每月10日,否,0.3%,,,,3个月,0.88,0.008,,0%,0%,20%,100亿元以上,P1015638
团队跟踪,歌斐锐联量化A股策略私募证券投资基金1期1号,SEA164,歌斐锐联量化A股策略私募证券投资基金1期1号,SEA164,上海歌斐诺宝资管,,2019-03-26,2019-04-08,招商证券股份有限公司,,,否,,,,,,,0,,,,,50-100亿元,P1000548
团队跟踪,启林同盈1号,SEB580,启林同盈1号私募证券投资基金,SEB580,上海启林投资,,2018-08-10,2018-08-17,国泰君安证券股份有限公司,,,否,,,,,,,0,,,,,100亿元以上,P1064525
团队跟踪,平方和进取1号私募证券投资基金,SEC159,平方和进取1号私募证券投资基金,SEC159,宁波平方和投资,,2018-06-22,2018-06-27,中信证券股份有限公司,,每个工作日,否,0,,,,,,0,B：1%+20%（基准中证500，超额计提）,,,,100亿元以上,P1025836
团队跟踪,会世元丰CTA1号,SEC905,会世元丰CTA1号私募投资基金,SEC905,上海会世,,2018-07-30,2018-08-03,华泰证券股份有限公司,张议夫,1、4、7、10月第20个自然日,可临开申购和可临开赎回,1.0%,10万元,6个月软锁3%,,本基金成立之日起6个月为封闭期,,0.015,,,,20%，单客户单笔高水位净值法,50-100亿元,P1068444
团队跟踪,长石智丰4号私募证券投资基金,SED033,长石智丰4号私募证券投资基金,SED033,三亚长石,,2019-02-22,2019-03-04,招商证券股份有限公司,,,否,,,,,,,0,,,,,5-10亿元,P1074173
团队跟踪,开思港股通中国优势,SED129,开思港股通中国优势私募基金,SED129,上海开思,,2018-06-29,2018-07-09,中国银河证券股份有限公司,陈京伟,,否,,,,,,,0,,,,,100亿元以上,P1032176
团队跟踪,均直聚盈私募证券投资基金,SED138,均直聚盈私募证券投资基金,SED138,上海均直资管,,2018-06-29,2018-07-04,招商证券股份有限公司,杨小雨,,否,,,,,,,0,,,,,20-50亿元,P1012654
团队跟踪,涵德淳德量化3号,SED442,涵德淳德量化3号私募证券投资基金,SED442,北京涵德投资,,2018-07-05,2018-07-12,国金证券股份有限公司,顾小军,"每月2号
",否,,,,0.65,无,0.6,0.01,"
",,"0.05%
","20%
",50-100亿元,P1001739
团队跟踪,君拙股票量化一号私募证券投资基金,SED820,君拙股票量化一号私募证券投资基金,SED820,杭州君拙投资,,2022-09-16,2022-09-16,招商证券股份有限公司,,,否,,,,,,,0,,,,,0-5亿元,P1031596
团队跟踪,富善投资-沣时1号致远CTA1期私募证券投资基金,SED983,富善投资-沣时1号致远CTA1期私募证券投资基金,SED983,上海富善投资,,2019-03-08,2019-03-19,国泰君安证券股份有限公司,林成栋,,否,,,,,,,0,,,,,5-10亿元,P1000712
团队跟踪,致远精选一号私募证券投资基金,SEE038,致远精选一号私募证券投资基金,SEE038,珠海致诚卓远投资,,2018-07-06,2018-07-17,华泰证券股份有限公司,史帆,,否,,,,,,,0,,,,,100亿元以上,P1065479
团队跟踪,量道CTA精选1号,SEE186,量道CTA精选1号私募证券投资基金,SEE186,深圳量道投资,,2018-07-24,2018-07-27,国泰君安证券股份有限公司,,每个交易日,否,1%, 1 万元的整数倍,1%,,无,,0.01,,0.03%/年,"0.03%/年

","计提方式：采用单个投资者单笔高水位净值法
计提时点：投资者赎回日、分红权益登记日、基金清算日。
计提比例：20%",100亿元以上,P1016658
团队跟踪,平凡股道私募投资基金,SEE276,平凡股道私募投资基金,SEE276,北京平凡,,2018-07-24,2018-08-02,海通证券股份有限公司,高欣,,否,,,,,,,0,,,,,50-100亿元,P1021670
团队跟踪,浮石对冲3号私募投资基金,SEE465,浮石对冲3号私募投资基金,SEE465,北京浮石投资,,2018-08-17,2018-08-23,国泰君安证券股份有限公司,,,否,,,,,,,0,,,,,0-5亿元,P1062078
团队跟踪,同犇价值成长三期私募证券投资基金,SEE930,同犇价值成长三期私募证券投资基金,SEE930,上海同犇投资,,2018-07-11,2018-08-29,国泰君安证券股份有限公司,童驯,每个交易日,否,0%,,,0.85,无,0.75,0.0075,,0.05%,0.05%,单客户高水位法，15%,20-50亿元,P1001725
团队跟踪,睿郡5号私募证券投资基金,SEF020,睿郡5号私募证券投资基金,SEF020,上海睿郡资管,,2018-07-13,2018-07-20,兴业证券股份有限公司,,,否,0%,,A类份额：持有期小于 360 个自然日，赎回费率为2%；持有期大等于 360个自然日，赎回费率为0%。B类份额：0%,,无,,0.002,A类份额：0.2%；B类份额：0%（A类份额单位净值小于等于0.8元时，本基金自符合净值触发条件的下一日起暂停计提管理费）,A类份额：0.1%；B类份额：5000元,A类份额：0.1%；B类份额：5000元（客户服务费：A类份额：0.8%；B类份额：0%）,"A类份额：业绩报酬的计算将对单个投资者单笔投资进行分别计算。在业绩报酬计提基准日(投资者赎回日、分红日、基金清算日)，若第i位基金份额持有人的第j笔投资在上一计提日(首次计提时，则为该笔投资的参与日)至本次基准日持有期间的年化收益大于0，则对至1(含)的部分提取15%作为业绩报酬；对大于 10%的部分提取 20%作为业绩报酬。
B类份额：不收取。",100亿元以上,P1014376
团队跟踪,元盛中国多元化一号,SEF203,元盛中国多元化一号私募基金,SEF203,上海元胜投资,,2018-07-31,2018-09-14,招商证券股份有限公司,,每个自然月最后一个工作日为固定开放日,可临开申购和可临开赎回,无,,无,,无,,0.01,,,,金管理人业绩报酬的提取采用单个委托人单笔投资高水位法计提，自本基金项下的委托资产运作起始日起至最近的第一个固定开放日，以及以后每个自然季度（即每年3月底、6月底、9月底和12月底）为一个基金管理人的业绩报酬计算周期（以下简称“计算周期”）。以每个计算周期最后一个交易日收盘清算估值后的基金份额及份额净值作为该计算周期期末的基金份额及份额净值，每个计算周期结束时，管理人就单个委托人单笔投资的基金财产分别按其在该计算周期内新增收益的20%计提业绩报酬。业绩报酬在每个计算周期结束日、基金投资者退出基金份额或本合同终止时提取。如本合同于非计算周期末的日期终止，浮动业绩报酬应如同该终止日为计算周期末般计算。 ,20-50亿元,P1068514
团队跟踪,峰云汇哥伦布私募投资基金,SEF459,峰云汇哥伦布私募投资基金,SEF459,深圳峰云汇,,2018-08-10,2018-08-29,招商证券股份有限公司,,,否,,,,,,,0,,,,,0-5亿元,P1064776
团队跟踪,象限2号私募投资基金,SEF481,象限2号私募投资基金,SEF481,上海象限资管,,2018-08-23,2018-09-04,国泰君安证券股份有限公司,,,否,,,,,,,0,,,,,50-100亿元,P1015598
团队跟踪,九坤股票多空配置1号,SEF596,九坤股票多空配置1号私募证券投资基金,SEF596,北京九坤投资,,2018-07-30,2018-08-07,国泰君安证券股份有限公司,王琛,,否,,,,,,,0,,,,,100亿元以上,P1003313
团队跟踪,浮石信安2号私募投资基金,SEF694,浮石信安2号私募投资基金,SEF694,北京浮石投资,,2018-08-16,2018-08-30,国信证券股份有限公司,,,否,,,,,,,0,,,,,0-5亿元,P1062078
团队跟踪,量盈量化CTA一号,SEF925,量盈量化CTA一号私募证券投资基金,SEF925,浙江量盈投资,,2018-08-09,2018-08-20,中泰证券股份有限公司,王喆希,,否,,,,,,,0,,,,,50-100亿元,P1068580
团队跟踪,景泰指数增强1号私募基金,SEG508,景泰指数增强1号私募基金,SEG508,上海凯纳璞淳资管,,2018-08-07,2018-08-17,招商证券股份有限公司,徐栩,,否,,,,,,,0,,,,,20-50亿元,P1005206
团队跟踪,博孚利扬威1号FOF私募证券投资基金,SEG582,博孚利扬威1号FOF私募证券投资基金,SEG582,厦门博孚利资管,,2018-08-14,2018-09-11,国泰君安证券股份有限公司,,每半年度最后一个交易日,否,1%,1万元的整数倍,持有期小等于365天，赎回费率为1%；持有期大于365天，免收。,0.7,无,,0.01,,0.025%,0.025%,以中证500指数为基准收益，年化收益超过中证500收益的部分，管理人提取15%的业绩报酬,50-100亿元,P1023120
团队跟踪,瑞凯量化1号私募证券投资基金,SEG922,瑞凯量化1号私募证券投资基金,SEG922,上海瑞锐投资,,2018-12-25,2019-01-09,国泰君安证券股份有限公司,邢泽钰,,否,,,,,,,0,,,,,5-10亿元,P1009080
团队跟踪,量道观心1号私募证券投资基金,SEG925,量道观心1号私募证券投资基金,SEG925,深圳量道投资,,2018-09-03,2018-09-10,国泰君安证券股份有限公司,,每个交易日,否,0%,1 万元的整数倍,0%,,无,,0.001,,0.03%/年,0.03%/年,不计提业绩报酬,100亿元以上,P1016658
团队跟踪,中量投CTA一号,SEH218,中量投CTA一号私募基金,SEH218,中量投资管,,2018-08-15,2018-09-09,招商证券股份有限公司,董江文,,否,,,,,,,0,,,,,10-20亿元,P1066068
团队跟踪,白鹭500指数增强南强二号私募证券投资基金,SEH303,白鹭500指数增强南强二号私募证券投资基金,SEH303,浙江白鹭资管,,2018-08-01,2018-08-09,海通证券股份有限公司,,,否,,,,,,,0,,,,,20-50亿元,P1030053
团队跟踪,霁海量化多因子1号私募投资基金,SEH980,霁海量化多因子1号私募投资基金,SEH980,上海霁海投资,,2018-09-17,2018-09-25,招商证券股份有限公司,,,否,,,,,,,0,,,,,5-10亿元,P1032361
团队跟踪,双隆-隆富11号私募基金,SEH988,双隆-隆富11号私募基金,SEH988,上海双隆投资,,2018-08-31,2018-09-12,招商证券股份有限公司,张津鹏,,否,,,,,,,0,,,,,20-50亿元,P1000549
团队跟踪,珠海宽德九盈,SEJ300,珠海宽德九盈私募投资基金,SEJ300,珠海宽德,,2018-10-10,2018-10-29,国泰君安证券股份有限公司,,,否,,,,,,,0,,,,,100亿元以上,P1031924
团队跟踪,明钺安心回报2号私募证券投资基金,SEJ463,明钺安心回报2号私募证券投资基金,SEJ463,珠海明钺,,2018-09-07,2018-09-21,招商证券股份有限公司,,,否,,,,,,,0,,,,,50-100亿元,P1066816
团队跟踪,融成上九点金二号,SEJ992,融成上九点金二号私募证券投资基金,SEJ992,长沙嘉信融成投资,,2018-10-24,2018-10-30,中信证券股份有限公司,,,否,,,,,,,0,,,,,10-20亿元,P1023820
团队跟踪,鸣石傲华九号私募证券投资基金,SEK173,鸣石傲华九号私募证券投资基金,SEK173,上海鸣石,,2018-08-31,2018-09-10,华泰证券股份有限公司,王晓晗,,否,,,,,,,0,,,,,100亿元以上,P1005659
团队跟踪,悬铃C号,SEK201,悬铃C号私募基金,SEK201,上海悬铃,,2018-11-19,2018-11-23,招商证券股份有限公司,钱亮,,否,,,,,,,0,,,,,10-20亿元,P1064634
团队跟踪,歆享海盈9号,SEK993,歆享海盈9号私募证券投资基金,SEK993,上海歆享资管,,2018-08-27,2018-09-09,海通证券股份有限公司,胡晓亮、易巍,每个交易日,否,0%,,0%,0.95,,0.9,0.003,0.3%,0.05%,0.05%,年化收益率大于10%，小等于15%，对10%至15%部分提取40%作为业绩报酬；对大于15%的部分提取75%作为业绩报酬。,5-10亿元,P1004037
团队跟踪,量道富祥cta3A号私募证券投资基金,SEL138,量道富祥cta3A号私募证券投资基金,SEL138,深圳量道投资,,2018-09-12,2018-09-17,国泰君安证券股份有限公司,,每月28日（如遇非工作日顺延）；可视需求增设临时开放日,可临开赎回,1%, 1 万元的整数倍,持有期小于365天，赎回费率为1%；持有期大等于365天，赎回费率为0%（可金额赎回）,,无,,0.003,,0.03%,0.03%,"计提方式：单个投资者单笔高水位净值法
计提时点：投资者赎回日、分红权益登记日、基金清算日。
计提比例：10%",100亿元以上,P1016658
团队跟踪,跃威稳进一号,SEL385,跃威稳进一号私募基金,SEL385,上海跃威,,2018-09-07,2018-09-20,国信证券股份有限公司,,,否,,,,,,,0,,,,,20-50亿元,P1068331
团队跟踪,微观博易-黎夏十五号,SEL687,微观博易-黎夏十五号私募证券投资基金,SEL687,北京微观博易,,2018-10-26,2018-11-07,招商证券股份有限公司,,,否,,,,,,,0,,,,,100亿元以上,P1031932
团队跟踪,锐天29号私募投资基金,SEL752,锐天29号私募投资基金,SEL752,上海锐天投资,,2018-08-31,2018-09-17,海通证券股份有限公司,,,否,,,,0.85,,0.8,0,,0.05%,0.05%,20%,100亿元以上,P1024169
团队跟踪,明汯中性7号私募证券投资基金,SEL758,明汯中性7号私募证券投资基金,SEL758,上海明汯投资,,2018-09-27,2018-09-30,中信证券股份有限公司,,,否,,,,,,,0,,,,,100亿元以上,P1004150
团队跟踪,橡木橡果私募证券投资基金,SEL802,橡木橡果私募证券投资基金,SEL802,杭州橡木,,2018-09-19,2018-09-27,广发证券股份有限公司,,每周最后一个交易日,可临开赎回,0%,1万起,0%,0.9,,0.8,0,A 类份额：1.5%，B 类份额：0%,0.1%,0.1%,A 类份额：年化收益超过沪深300指数时，计提20%业绩报酬；B 类份额：0%,50-100亿元,P1068698
团队跟踪,雨滴三号私募投资基金,SEM059,雨滴三号私募投资基金,SEM059,上海天演,,2018-09-25,2018-10-08,金融街证券股份有限公司,,"每日开放
",否,,,,0.95,无封闭期,0.9,0.01,"1.00%
",,"0.08%
","20%
",100亿元以上,P1004907
团队跟踪,涵德明德中证A500指数增强1号私募证券投资基金,SEM082,涵德明德中证A500指数增强1号私募证券投资基金,SEM082,北京涵德投资,,2018-09-25,2018-09-30,招商证券股份有限公司,,每周五,否,,,3个月内0.5%,,,,0.01,,,,超额16%,50-100亿元,P1001739
团队跟踪,明汯精选CTA私募证券投资基金,SEM087,明汯精选CTA私募证券投资基金,SEM087,上海明汯投资,,2018-09-13,2018-09-20,招商证券股份有限公司,解环宇,,否,,,,,,,0,,,,,100亿元以上,P1004150
团队跟踪,君信荣耀一号私募基金,SEM163,君信荣耀一号私募基金,SEM163,福建君信,,2018-09-17,2018-09-25,国泰君安证券股份有限公司,,,否,,,,,,,0,,,,,0-5亿元,P1026926
团队跟踪,涵德盈冲量化CTA43号私募证券投资基金,SEM165,涵德盈冲量化CTA43号私募证券投资基金,SEM165,北京涵德投资,,2025-03-26,2025-04-01,中信证券股份有限公司,,,否,,,,,,,0,,,,,50-100亿元,P1001739
团队跟踪,黑翼中证500指数增强1号,SEM323,黑翼中证500指数增强1号私募投资基金,SEM323,上海黑翼资管,,2018-09-21,2018-09-29,招商证券股份有限公司,,,否,,,,,,,0,,,,,100亿元以上,P1004419
团队跟踪,燧石星云进取私募证券投资基金,SEM539,燧石星云进取私募证券投资基金,SEM539,武汉燧石投资,,2018-10-29,2018-11-02,招商证券股份有限公司,,,否,,,,,,,0,,,,,0-5亿元,P1064973
团队跟踪,弈倍景杉一号私募投资基金,SEM644,弈倍景杉一号私募投资基金,SEM644,上海弈倍,,2018-09-18,2018-09-25,华泰证券股份有限公司,,每自然月第10个自然日为开放日。如该对应日为非工作日，则开放日为该日后的第一个工作日。,可临开申购,B类份额：0,每次追加申购的最低金额为10万元人民币。,0,0.8,成立后180天（已结束）。,0.75,0,B类份额：0.5%/年,0.025%/年,0.025%/年,"B类份额：单人单笔高水位法，针对收益0%以上的部分计提10%业绩报酬
本基金业绩报酬计提日为：封闭期过后，每年1月及7月的最后一个交易日，基金份额持有人实际赎回基金份额时（包含全部赎回，部分赎回）、基金终止日。",20-50亿元,P1061585
团队跟踪,草本优益1号,SEM760,草本优益1号私募投资基金,SEM760,广州草本投资,,2018-09-07,2018-09-20,广发证券股份有限公司,曹登雷,本基金存续期内按【周】开放申购和赎回，申购和赎回开放日为本基金成立之日后【每周的周二】（如遇节假日，则顺延至下一个交易日）。,可临开申购和可临开赎回,本基金A类份额和C类份额采取单一申购费率为【1】%，B类份额不收取申购费。私募基金管理人自行募集（直销）产生的申购费用归管理人所有，基金管理人在法律法规许可的范围内，有权减免投资者申购费用,每次追加申购的金额应不低于1万元人民币,"A类：基金份额持有期限低于【365】天的，赎回费率为【1】%；基金份额持有期在【365】天及以上的，赎回费率为【0】%。
B类：无
C类：基金份额持有期限低于【365】天的，赎回费率为【1】%；基金份额持有期在【365】天及以上的，赎回费率为【0】%。
私募基金管理人自行募集（直销）的投资者进行赎回产生的赎回费用归管理人所有，基金管理人在法律法规许可的范围内，有权减免投资者赎回费用。 
私募基金管理人委托募集机构募集（代销）的投资者赎回产生的赎回费归属以管理人与其委托的募集机构签署的基金销售协议为准。",0.75,无,0.7,0.005,"A类：0.5%
B类：无
C类：1%",0.10%,0.10%,"A类：单客户高水位法，超额收益部分提取25%
B类：无
C类：单客户高水位法，超额收益部分提取20%
本基金的业绩报酬在业绩报酬计提基准日（【A类份额或C类份额投资者赎回日、收益分配基准日和基金清算基准日】）提取
",20-50亿元,P1013786
团队跟踪,歌斐锐联量化A股策略私募基金1期2号,SEM815,歌斐锐联量化A股策略私募基金1期2号,SEM815,上海歌斐诺宝资管,,2018-11-02,2018-11-22,招商证券股份有限公司,,,否,,,,,,,0,,,,,50-100亿元,P1000548
团队跟踪,阳泽昭阳专享2号,SEM863,阳泽昭阳专享2号私募证券投资基金,SEM863,杭州阳泽,,2018-11-05,2018-11-14,国信证券股份有限公司,邵明,"开放日变更为每个月最后一个周五。
管理人可根据市场情况设置临时开放日，自成立之日起前6 个月的临时开放日只允许申购，不允许赎回。之后的临时开放日既允许申购，也允许赎回。临时开放日的设置不得使基金出现连续2 个",可临开赎回,1%（归属销售机构，永安客户可免）,,0,0.88,,0.85,0.015,,,,本基金就基准日基金份额累计净值（未扣除当期应计提业绩报酬）高出水位线的部分提取业绩报酬，并从基金财产中扣除。水位线为基金初始面值与各历史基准日的基金份额累计净值（扣除该基准日已计提的业绩报酬）中的最高者。如该基准日满足业绩报酬提取条件但管理人放弃提取该次业绩报酬的，水位线将更新为该基准日基金份额累计净值（未扣除管理人放弃提取的业绩报酬），直至出现更高的水位线。业绩报酬的提取比例为20%。,0-5亿元,P1062863
团队跟踪,天迹宏观对冲一号私募投资基金,SEN305,天迹宏观对冲一号私募投资基金,SEN305,杭州天迹,,2019-01-08,2019-01-16,国泰君安证券股份有限公司,,,否,,,,,,,0,,,,,0-5亿元,P1066176
团队跟踪,天添混合1号私募证券投资基金,SEN368,天添混合1号私募证券投资基金,SEN368,平潭天添资管,,2018-09-20,2018-09-28,兴业证券股份有限公司,叶生伟,,否,,,,,,,0,,,,,0-5亿元,P1068047
团队跟踪,桥水全天候增强型中国一号,SEN515,桥水全天候增强型中国私募证券投资基金一号,SEN515,桥水投资,,2018-10-09,2018-10-17,招商证券股份有限公司,,,否,,,,,,,0,,,,,100亿元以上,P1068515
团队跟踪,博弈淘股吧5号,SEN677,博弈淘股吧5号私募证券投资基金,SEN677,青岛博弈资管,,2018-09-26,2018-10-11,兴业证券股份有限公司,赵翔,每个交易日,否,0%,1万元起,0%,0.7,,0.5,0.01,A类份额：0%， B类份额：1％,0.05％,0.05％,A类份额：不计提业绩报酬， B类份额：对单笔投资超过上次计提日最高基金份额累计净值部分按如下如下各类基金份额对应的的比例30％进行计提,20-50亿元,P1062573
团队跟踪,墨雪稳健二号私募投资基金,SEN729,墨雪稳健二号私募投资基金,SEN729,上海墨雪,,2018-10-12,2018-10-18,国信证券股份有限公司,,,否,,,,,,,0,,,,,0-5亿元,P1068401
团队跟踪,墨雪稳健三号,SEN829,墨雪稳健三号私募投资基金,SEN829,上海墨雪,,2018-10-15,2018-10-19,国信证券股份有限公司,,每个自然月的最后1个工作日,可临开申购和可临开赎回,0%,,0%,0.9,除开放日外的期间,0.85,0,,0.05%,0.05%,"持有期年化收益率小于等于6.00%，则不计提业绩报酬；若持有期年化收益率大于6.00%，则对基金份额收益的50%以及份额年化收益率高于6.00%的收益孰低计提业绩报酬。
计提基准日：收益分配基准日、固定时点（每年的6月30日和12月31日，如遇节假日顺延）、赎回日和基金终止日。",0-5亿元,P1068401
团队跟踪,九章幻方中证1000量化多策略1号,SEP000,九章幻方中证1000量化多策略1号私募基金,SEP000,浙江九章资管,,2018-10-09,2018-10-11,招商证券股份有限公司,陈哲,每年每月第5个交易日,否,1%,追加1万元起,持有期限<12月：1% 持有期限≥12月：0%,,,,0.02,,0.05%/年,,单个投资者单笔高水位法，在两类情况下管理人将根据基金份额持有人的收益情况对本基金提取业绩报酬，一类是基金份额持有人申请赎回或本基金终止时提取业绩报酬；另一类是分红时提取业绩报酬。当基金份额赎回、基金终止或分红时，管理人将提取赎回份额或分红份额当期收益的20%作为业绩报酬。,100亿元以上,P1020148
团队跟踪,赫富500指数增强一号,SEP463,赫富500指数增强一号私募基金,SEP463,上海赫富投资,,2018-10-24,2018-10-30,海通证券股份有限公司,蔡觉逸,,否,,,,,,,0,,,,,100亿元以上,P1062959
团队跟踪,鲁民投至中三号私募证券投资基金,SEP530,鲁民投至中三号私募证券投资基金,SEP530,鲁民投基金,,2018-12-20,2018-12-25,光大证券股份有限公司,,每月10号,否,0%,,0%,0.85,无,0.8,0.01,,0.03%,0.03%,20%,100亿元以上,P1069017
团队跟踪,希格斯单利宝1号,SEP929,希格斯单利宝1号私募证券投资基金,SEP929,杭州希格斯投资,,2018-12-07,2018-12-17,招商证券股份有限公司,黄爱民,每月第2个交易日,可临开赎回,1%,,若基金份额持有时间少于365个自然日，赎回费率0.5%；若基金份额持有时间大于等于365个自然日，赎回费率0%。,0.92,无,0.9,0.01,,,,"(1)业绩报酬的计提时间：投资者赎回、分红、基金清算
(2)业绩报酬的计算：“单客户单笔份额高水位法”，提取比例20%",20-50亿元,P1069042
团队跟踪,量道临风1号私募证券投资基金,SEQ069,量道临风1号私募证券投资基金,SEQ069,深圳量道投资,,2018-10-26,2018-10-31,国泰君安证券股份有限公司,,每个交易日,可临开申购和可临开赎回,1%,1 万元的整数倍,1%,,无,,0.002,,0.03%/年,0.03%/年,不计提业绩报酬,100亿元以上,P1016658
团队跟踪,量道富祥cta7号私募证券投资基金,SEQ082,量道富祥cta7号私募证券投资基金,SEQ082,深圳量道投资,,2022-03-07,2022-03-07,兴业证券股份有限公司,,每周周五,可临开赎回,A类份额：1%；B类份额：0%,,A类份额：持有期小于180个自然日，赎回费率为 2%；持有期大等于180个自然日且小于365 个自然日，赎回费率为 1%；持有期大等于365个自然日，赎回费率为 0%。B类份额：0%。（可金额赎回）,0.65,,0.6,0,A类份额：2%；B类份额：0%,,0.025％,A类份额：25%；B类份额：0%,100亿元以上,P1016658
团队跟踪,元三号量化,SEQ177,元三号量化私募投资基金,SEQ177,广州和元达,,2018-10-23,2018-10-30,中信证券股份有限公司,张智能,每月最后一个工作日,可临开赎回,0%,,0%,0.75,无,0.7,0.01,,0.05%,,"R≤0％时，不计提业绩报酬；
0％＜R≤20%时，按照 20%的比例收取业绩报酬；
20％＜R时，按照30%的比例收取业绩报酬。
",0-5亿元,P1033797
团队跟踪,量道CTA精选2号私募证券投资基金,SEQ255,量道CTA精选2号私募证券投资基金,SEQ255,深圳量道投资,,2018-10-26,2018-10-31,国泰君安证券股份有限公司,,每月 28号（如遇非工作日顺延至下一个交易日）,可临开申购和可临开赎回,0%,1 万元的整数倍,0%,,无,0.5,0,,0.03%/年,0.03%/年,不计提业绩报酬,100亿元以上,P1016658
团队跟踪,瑞达期货-瑞智无忧共赢7号,SEQ456,瑞达期货-瑞智无忧共赢7号集合资产管理计划,SEQ456,瑞达期货,,2019-01-31,2019-02-28,招商证券股份有限公司,,,否,,,,,,,0.015,,,,30%,,GC0500030872
团队跟踪,景资锐联CTA二号一期私募基金,SEQ531,景资锐联CTA二号一期私募基金,SEQ531,上海锐联景淳投资,,2018-11-02,2018-11-16,国泰君安证券股份有限公司,陈凡、梁晨,,否,,,,,,,0,,,,,20-50亿元,P1015682
团队跟踪,易微投资易安1号私募投资基金,SEQ545,易微投资易安1号私募投资基金,SEQ545,上海易微投资,,2018-11-12,2018-11-19,华泰证券股份有限公司,,,否,,,,,,,0,,,,,0-5亿元,P1068717
团队跟踪,和棋CTA二号私募投资基金,SEQ549,和棋CTA二号私募投资基金,SEQ549,江苏和棋投资,,2018-10-29,2018-11-05,招商证券股份有限公司,,,否,,,,,,,0,,,,,5-10亿元,P1019979
团队跟踪,均成CTA2号私募基金,SEQ555,均成CTA2号私募基金,SEQ555,广东横琴均成,,2019-02-18,2019-02-25,国泰君安证券股份有限公司,司维,,否,,,,,,,0,,,,,50-100亿元,P1061222
团队跟踪,半夏宏观对冲三期,SEQ782,半夏宏观对冲私募基金三期,SEQ782,上海半夏投资,,2018-11-01,2018-11-07,招商证券股份有限公司,李蓓,每月最后一个交易日,否,1.00%,,无,0.9,无,0.85,0.015,1.50%,0.0500%,0.05%,提取当期收益的20%作为业绩报酬,20-50亿元,P1065663
团队跟踪,赫富对冲一号私募证券投资基金,SEQ797,赫富对冲一号私募证券投资基金,SEQ797,上海赫富投资,,2018-10-31,2018-11-12,海通证券股份有限公司,蔡觉逸,,否,,,,,,,0,,,,,100亿元以上,P1062959
团队跟踪,衍盛量化精选一期,SEQ819,衍盛量化精选一期私募投资基金,SEQ819,深圳衍盛,,2018-10-31,2018-11-08,国信证券股份有限公司,章友,,否,,,,0.8,,0.75,0,,,,,50-100亿元,P1004055
团队跟踪,量盈中证500指数增强私募证券投资基金,SEQ884,量盈中证500指数增强私募证券投资基金,SEQ884,浙江量盈投资,,2018-12-10,2018-12-17,兴业证券股份有限公司,,,否,,,,,,,0,,,,,50-100亿元,P1068580
团队跟踪,哈本管理期货进取2号私募基金,SEQ910,哈本管理期货进取2号私募基金,SEQ910,宁波梅山哈本投资,,2018-10-19,2018-11-08,中信证券股份有限公司,,每月1日,否,0%,,0%,0.8,无,0.75,0,,0.05%,0.05%,年化收益率小于0时，不计提业绩报酬；年化收益率大于0时，计提20%,0-5亿元,P1065453
团队跟踪,明时投资历,SER086,明时投资历私募投资基金,SER086,深圳明时投资,,2018-11-21,2018-12-03,招商证券股份有限公司,张云利,,否,,,,,,,0,,,,,0-5亿元,P1016793
团队跟踪,润洲正行一号,SER095,润洲正行一号私募基金,SER095,杭州润洲,,2018-12-03,2018-12-10,招商证券股份有限公司,潘正寰,,否,,,,,,,0,,,,,50-100亿元,P1006059
团队跟踪,泽阳量盛CTA1号私募投资基金,SER152,泽阳量盛CTA1号私募投资基金,SER152,宁波泽阳投资,,2018-12-19,2018-12-27,国信证券股份有限公司,,,否,,,,,,,0,,,,,0-5亿元,P1005373
团队跟踪,鲁民投至正一号私募证券投资基金,SER202,鲁民投至正一号私募证券投资基金,SER202,鲁民投基金,,2018-11-19,2018-11-22,光大证券股份有限公司,刘波,每月10号,否,0%,,0%,0.85,无,0.8,0.01,,0.03%,0.03%,20%,100亿元以上,P1069017
团队跟踪,鲁民投至中一号私募证券投资基金,SER388,鲁民投至中一号私募证券投资基金,SER388,鲁民投基金,,2018-11-08,2018-11-16,光大证券股份有限公司,,,否,,,,,,,0,,,,,100亿元以上,P1069017
团队跟踪,景资锐联多元化旗舰一号私募基金,SER537,景资锐联多元化旗舰一号私募基金,SER537,上海锐联景淳投资,,2018-12-03,2018-12-20,国泰海通证券股份有限公司,陈凡、梁晨,,否,,,,,,,0,,,,,20-50亿元,P1015682
团队跟踪,塞帕思高斯一号私募证券投资基金,SER685,塞帕思高斯一号私募证券投资基金,SER685,杭州塞帕思投资,,2018-12-21,2019-01-03,国信证券股份有限公司,,,否,,,,,,,0,,,,,0-5亿元,P1033995
团队跟踪,景上源2号,SER741,景上源2号私募证券投资基金,SER741,杭州景上源,,2019-01-16,2019-02-01,中国银河证券股份有限公司,赵寿盼,,否,,,,,,,0,,,,,5-10亿元,P1008209
团队跟踪,白鹭量化CTA一号,SER942,浙江白鹭量化CTA一号私募证券投资基金,SER942,浙江白鹭资管,,2018-12-10,2018-12-19,国泰君安证券股份有限公司,杜旭,,否,,,,,,,0,,,,,20-50亿元,P1030053
团队跟踪,华澄致远一号私募基金,SES365,华澄致远一号私募基金,SES365,北京华澄,,2018-11-19,2018-12-03,招商证券股份有限公司,颜学阶,,否,,,,,,,0,1%,,,20% ,10-20亿元,P1028099
团队跟踪,珺容翔宇CTA1号,SES552,珺容翔宇CTA1号私募基金,SES552,上海珺容资管,,2018-11-15,2018-11-20,中信证券股份有限公司,毛科技,,否,,,,,,,0,,,,,20-50亿元,P1015933
团队跟踪,鲁民投稳健一号私募证券投资基金,SES589,鲁民投稳健一号私募证券投资基金,SES589,鲁民投基金,,2018-11-26,2018-11-30,国泰君安证券股份有限公司,刘波,,否,,,,,,,0,,,,,100亿元以上,P1069017
团队跟踪,旌安2号私募投资基金,SES689,旌安2号私募投资基金,SES689,浙江旌安,,2018-12-20,2018-12-25,国泰君安证券股份有限公司,郑辉、裘强强、叶祎然,,否,,,,,,,0,,,,,100亿元以上,P1066329
团队跟踪,麦克斯韦一号,SES760,麦克斯韦一号私募投资基金,SES760,上海锐天投资,,2018-12-27,2019-01-08,招商证券股份有限公司,徐晓波,,否,,,,,,,0,,,,,100亿元以上,P1024169
团队跟踪,金湖无量私享四号私募基金,SES875,金湖无量私享四号私募基金,SES875,上海红墙泰和基金,,2018-11-21,2018-11-27,国信证券股份有限公司,,,否,,,,,,,0,,,,,10-20亿元,P1034593
团队跟踪,彦峘六号私募投资基金,SES933,彦峘六号私募投资基金,SES933,杭州彦峘投资,,2018-12-17,2018-12-20,中信证券股份有限公司,,,否,,,,,,,0,,,,,0-5亿元,P1067850
团队跟踪,麦克斯韦二号私募投资基金,SET053,麦克斯韦二号私募投资基金,SET053,上海锐天投资,,2018-11-30,2018-12-06,招商证券股份有限公司,徐晓波,3/6/9/12月15日开放,否,无,,无,0.95,赎回锁定期90天,0.9,0.01,,,0.05%,,100亿元以上,P1024169
团队跟踪,鸣石量化十七号私募证券投资基金,SET404,鸣石量化十七号私募证券投资基金,SET404,上海鸣石,,2018-11-29,2018-12-05,招商证券股份有限公司,,每自然月15号,否,0%,,0%,0.95,成立之日起 6 个月,0.92,0.015,,0.05%,0.05%,当基金份额赎回、基金终止或分红时，管理人将提取赎回份额或分红份额当期收益的20%作为业绩报酬,100亿元以上,P1005659
团队跟踪,念空安皓多策略私募证券投资基金,SET549,念空安皓多策略私募证券投资基金,SET549,上海念空,,2018-11-30,2018-12-11,国信证券股份有限公司,王丽,,否,,,,,,,0,,,,,50-100亿元,P1016966
团队跟踪,锐天GZ十九号私募证券投资基金,SET568,锐天GZ十九号私募证券投资基金,SET568,上海锐天投资,,2018-12-10,2018-12-17,招商证券股份有限公司,徐晓波,,否,,,,,,,0,,,,,100亿元以上,P1024169
团队跟踪,安值量化1号私募证券投资基金,SET659,安值量化1号私募证券投资基金,SET659,青岛安值投资,,2018-11-29,2018-12-07,海通证券股份有限公司,于超,每个交易日,否,A类份额：0%，B类份额：1%,,A类份额：0%。B类份额：持有期小于12个月，赎回费费率为1%；持有期大等于12个月，赎回费费率为0%,,,0.85,0.01,A类份额：0%，B类份额：1%,0.05%/年,0.05%/年,A类份额：0%，B类份额：20%,20-50亿元,P1066882
团队跟踪,量道CTA精选3号私募证券投资基金,SET773,量道CTA精选3号私募证券投资基金,SET773,深圳量道投资,,2019-01-28,2019-01-31,国泰君安证券股份有限公司,,每个月度最后一个自然月28日,否,1%,不低于1万元人民币,持有期小于365天的，赎回费率为1%，持有期大等于365天，赎回费率为0%,0.9,无,0.85,0.015,,0.03%,0.03%,20%,100亿元以上,P1016658
团队跟踪,盈沛万松优选私募证券投资基金,SET815,盈沛万松优选私募证券投资基金,SET815,上海盈沛投资,,2018-11-27,2018-12-19,华泰证券股份有限公司,,每月的第15个自然日,否,,,,,无,,0,1.5%,0.08%,0.08%,20%,0-5亿元,P1066446
团队跟踪,涵德盈冲量化CTA21号私募投资基金,SET904,涵德盈冲量化CTA21号私募投资基金,SET904,北京涵德投资,,2018-11-26,2018-12-05,中国国际金融股份有限公司,,,否,,,,,,,0,,,,,50-100亿元,P1001739
团队跟踪,赫富对冲三号,SEU010,赫富对冲三号私募基金,SEU010,上海赫富投资,,2018-12-04,2018-12-12,海通证券股份有限公司,蔡觉逸,"申购开放日：每季第一个月的25号
赎回开放日：每季第一个月的25号",否,,,,0.9,,,0.01,,,,"1.年化小于20%部分，提取20%；
2.年化大于20%（含）以上部分，提取30%。",100亿元以上,P1062959
团队跟踪,明河精选2019,SEU286,明河精选2019私募证券投资基金,SEU286,上海明河投资,,2019-04-09,2019-04-18,招商证券股份有限公司,张翎,每个自然月15号,否,,,,0.7,无,0.65,0.018,,0.05%,0.05%,20%,20-50亿元,P1000651
团队跟踪,善流沪深300指数增强一号私募证券投资基金,SEU490,善流沪深300指数增强一号私募证券投资基金,SEU490,上海善流投资,,2020-09-18,2020-09-22,国泰君安证券股份有限公司,,,否,,,,,,,0,,,,,0-5亿元,P1066120
团队跟踪,茂源资本经典CTA-2号,SEU506,茂源资本经典CTA-2号私募投资基金,SEU506,海南茂源量化,,2018-12-07,2018-12-14,海通证券股份有限公司,魏振宇,,否,,,,,,,0,,,,,100亿元以上,P1061840
团队跟踪,橡木秋实私募证券投资基金,SEU546,橡木秋实私募证券投资基金,SEU546,杭州橡木,,2019-01-21,2019-01-25,广发证券股份有限公司,,,否,,,,,,,0,,,,,50-100亿元,P1068698
团队跟踪,华联期货-豁然套利对冲三号集合资产管理计划,SEU694,华联期货-豁然套利对冲三号集合资产管理计划,SEU694,华联期货,,2018-12-06,2018-12-07,兴业证券股份有限公司,,,否,,,,,,,0,,,,,,GC0500030892
团队跟踪,芷瀚量化CTA激进一号,SEU998,芷瀚量化CTA激进一号私募基金,SEU998,上海芷瀚资管,,2019-03-06,2019-03-13,招商证券股份有限公司,李栋,每月15号,否,0%,,持有期小于3个月，赎回费率为1%；持有期大等于3个月，赎回费率0%,,无,0.8,0.01,,0.05%,0.05%,"为基金成立日（认购份额）或该份额申购对应开放日（申购份额）至本业绩报酬计提日）收益的20%作为业绩报酬。
计提基准日：固定时点提取（每年12月15日）、赎回时提取和合同终止时提取。",0-5亿元,P1066464
团队跟踪,锋滔智慧1号私募证券投资基金,SEV132,锋滔智慧1号私募证券投资基金,SEV132,上海锋滔资管,,2019-01-21,2019-01-30,招商证券股份有限公司,,,否,,,,,,,0,,,,,0-5亿元,P1007210
团队跟踪,盛世8号,SEV349,盛世8号私募证券投资基金,SEV349,深圳盛世,,2018-12-28,2019-01-10,招商证券股份有限公司,,本基金开放日为每个自然月最后一个工作日。,可临开申购和可临开赎回,0%,募集期间每次追加认购金额应不低于1万元人民币。,0%,,无,0.5,0.01,,0.075%,0.075%,20%,0-5亿元,P1004070
团队跟踪,博孚利尊享3号FOF私募证券投资基金,SEV618,博孚利尊享3号FOF私募证券投资基金,SEV618,厦门博孚利资管,,2019-01-09,2019-01-21,招商证券股份有限公司,,每自然季度第三个月最后一个工作日,可临开申购和可临开赎回,1%，额外缴纳，管理人可免除,不低于1万元人民币,持有时间少于12个月，赎回费率1%；持有时间大于等于12个月，赎回费率0%。,0.85,无,0.8,0,,0.015%,0.015%,不收取业绩报酬,50-100亿元,P1023120
团队跟踪,红墙泰和敖麓谷雅二期私募证券投资基金,SEV784,红墙泰和敖麓谷雅二期私募证券投资基金,SEV784,上海红墙泰和基金,,2018-12-06,2018-12-20,国信证券股份有限公司,,每周周一,否,0%,,0%,,6个月,,0.01,,,,"年化收益率小等于同期中证500指数年化收益率或年化收益率小等于0，则不计提业绩报酬；
年化收益率大于同期中证500指数年化收益率或年化收益率大于0，则对超过同期中证500指数年化收益率的部分按22%的比例计提业绩报酬",10-20亿元,P1034593
团队跟踪,雸昇启明星二号私募证券投资基金,SEW204,雸昇启明星二号私募证券投资基金,SEW204,杭州雸昇资管,,2018-12-26,2019-01-02,中信证券股份有限公司,,,否,,,,,,,0,,,,,5-10亿元,P1064624
团队跟踪,卓识佳鑫私募证券投资基金,SEW210,卓识佳鑫私募证券投资基金,SEW210,北京卓识,,2019-01-02,2019-01-28,招商证券股份有限公司,, 每季度末月的1号,否,,,,,无封闭期,,0,0, 0.04%, 0.04%,高水位计提50%业绩报酬,100亿元以上,P1063264
团队跟踪,海浦基石2号私募证券投资基金,SEX064,海浦基石2号私募证券投资基金,SEX064,广州海浦,,2018-12-20,2018-12-25,国信证券股份有限公司,张均备,,否,,,,,,,0,,,,,10-20亿元,P1011224
团队跟踪,鸣熙夸克三号证券投资私募基金,SEX399,鸣熙夸克三号证券投资私募基金,SEX399,鸣熙资本,,2019-01-18,2019-02-14,招商证券股份有限公司,,,否,,,,,,,0,,,,,100亿元以上,P1033450
团队跟踪,鸣熙夸克五号证券投资私募基金,SEX426,鸣熙夸克五号证券投资私募基金,SEX426,鸣熙资本,,2019-03-14,2019-03-21,招商证券股份有限公司,,每个自然月的1号,否,,,,,,,0,本基金不收取管理费,,,业绩报酬的计算采取“基金高水位法”：即基金份额累计净值在每个业绩报酬计提日创造新高时，提取超过历史业绩报酬计提日基金份额累计净值最高值部分的60%作为业绩报酬，并从基金资产中扣除。其中，业绩报酬计提日包括开放日（包括临时开放日，但对于既未实际发生申购也未实际发生赎回的临时开放日除外）、红利转投日及基金终止时。,100亿元以上,P1033450
团队跟踪,鸣熙CTA启明二号私募证券投资基金,SEX452,鸣熙CTA启明二号私募证券投资基金,SEX452,鸣熙资本,,2021-01-21,2021-01-21,招商证券股份有限公司,,"本基金开放日为每周最后一个交易日（如该周只有一个工作日，则该工作日为该周开放
日，如该周没有工作日，则该周不开放）。",可临开申购和可临开赎回,0%,追加不低于10万,0%,0.95,无,0.92,0.01,,0.025%,0.025%,当基金份额赎回、基金终止或分红时，管理人将提取赎回份额或分红份额当期收益的20%作为业绩报酬。,100亿元以上,P1033450
团队跟踪,拉普拉斯一号私募投资基金,SEX491,拉普拉斯一号私募投资基金,SEX491,上海天演,,2018-12-26,2019-01-23,东方证券股份有限公司,,,否,,,,,,,0,,,,,100亿元以上,P1004907
团队跟踪,文谛量化优选三号,SEX635,文谛量化优选三号私募证券投资基金,SEX635,上海文谛资管,,2019-02-13,2019-02-18,兴业证券股份有限公司,周时和,,否,,,,,,,0,,,,,10-20亿元,P1060697
团队跟踪,复熙恒赢23号私募证券投资基金,SEX673,复熙恒赢23号私募证券投资基金,SEX673,上海复熙资管,,2018-12-25,2019-01-17,中信证券股份有限公司,,,否,,,,,,,0,,,,,20-50亿元,P1006187
团队跟踪,宏龙利贞1期,SEX689,宏龙利贞1期私募证券投资基金,SEX689,南京宏龙资管,,2019-01-30,2019-02-11,国泰君安证券股份有限公司,,,否,,,,,,,0,,,,,0-5亿元,P1017416
团队跟踪,富犇尊享稳进2号私募证券投资基金,SEX955,富犇尊享稳进2号私募证券投资基金,SEX955,上海富犇投资,,2018-12-28,2019-01-09,兴业证券股份有限公司,,每周周三、周四,否,0%,,0%,0.88,,0.85,0.01,,0.025%,0.025%,20%,5-10亿元,P1025359
团队跟踪,华澄致远二号私募证券投资基金,SEZ042,华澄致远二号私募证券投资基金,SEZ042,北京华澄,,2019-01-20,2019-01-31,招商证券股份有限公司,,每个自然年度 2 月，5 月，8 月，11 月的最后一个工作日,否,0%,,持有期小于12 个月，赎回费率 1%；持有期大等于12个月，赎回费率 0%,,,,0.015,,,0.05%,单客户单笔份额高水位法，20%,10-20亿元,P1028099
团队跟踪,香橙资本诺亚方舟1号,SEZ066,香橙资本诺亚方舟1号私募证券投资基金,SEZ066,深圳香橙资管,,2019-01-22,2019-01-31,中信证券股份有限公司,何潇,,否,,,,,,,0,,,,,10-20亿元,P1069428
团队跟踪,九方梧桐多阿尔法量化1号,SEZ169,九方梧桐多阿尔法量化1号私募证券投资基金,SEZ169,深圳九方资管,,2019-03-20,2019-03-27,中信证券股份有限公司,,,否,,,,,,,0,,,,,0-5亿元,P1010565
团队跟踪,简一天行价值3号私募证券投资基金,SEZ466,简一天行价值3号私募证券投资基金,SEZ466,广州简一投资,,2019-01-15,2019-01-25,广发证券股份有限公司,,,否,,,,,,,0,,,,,0-5亿元,P1063096
团队跟踪,赫富1000指数增强一号私募证券投资基金,SEZ753,赫富1000指数增强一号私募证券投资基金,SEZ753,上海赫富投资,,2019-02-21,2019-02-28,国泰君安证券股份有限公司,蔡觉逸,每月第 10 个、第 25 个自然日,可临开申购和可临开赎回,0%,,0%，归基金资产,,无,,0.01,,0.025%,0.025%,20%,100亿元以上,P1062959
团队跟踪,大岩市场中性2号,SEZ916,大岩市场中性2号私募证券投资基金,SEZ916,深圳嘉石大岩,,2019-03-18,2019-04-01,招商证券股份有限公司,黄铂,本基金开放日为每自然周周二和每自然月的15号（遇节假日则顺延至下一工作日）。,可临开申购,1%,最低追加金额 1 万,若基金份额持有时间少于6个月，赎回费率为 1%；若基金份额持有时间大于等于6个月，赎回费率为 0%。,0.92,无,0.9,0.015,,,,业绩报酬提取时点分为固定时点提取、赎回时提取和合同终止时提取。固定时点提取是在每自然年度12月15日（遇节假日则顺延至下一工作日），但对于每笔B类份额自认/申购起不足185个自然日的不计提固定时点业绩报酬。,50-100亿元,P1000709
团队跟踪,国源拾金9号私募证券投资基金,SEZ943,国源拾金9号私募证券投资基金,SEZ943,深圳国源信达资管,,2019-04-25,2019-05-05,东方证券股份有限公司,,每周三（如遇节假日，则顺延至下一工作日）,否,1%,,持有期＜180天，1.5%； 持有期≥180天，0%,,,,0.015,,0.1%,0.1%,"在业绩报酬计提日，若持有期年化收益率R小于
等于0，则不计提业绩报酬；若持有期年化收益
率大于0，则管理人对超出部分提取20%比例的
业绩报酬",100亿元以上,P1061199
团队跟踪,正仁潮汐三期私募证券投资基金A类份额,SF073A,正仁潮汐三期私募证券投资基金A类份额,SF073A,海南正仁,,2021-08-06,,国泰君安证券股份有限公司,,每个交易日,否,1%,,持有期小于365天，赎回费率为1%；持有期大等于365天，赎回费率为0%,0.75,无,0.7,0.02,,0.025%,0.025%,30%,50-100亿元,P1071301
团队跟踪,慎知资产慎知10号金选私募证券B类份额,SF145B,慎知资产慎知10号金选私募证券B类份额,SF145B,上海明汯投资,上海慎知资管,2021-08-04,2021-08-10,国泰君安证券股份有限公司,,,否,,,,,,,0,,,,,100亿元以上,P1004150
团队跟踪,明汯股票精选5期私募证券投资基金B类,SF180B,明汯股票精选5期私募证券投资基金B类,SF180B,上海明汯投资,,2021-08-06,,国泰君安证券股份有限公司,,每个交易日,可临开赎回,0%,不低于10万元,持有期小于730 天，赎回费为1%；持有期大等于730天，免收取。,,无,,0.01,,0.04%,0.04%,18%,100亿元以上,P1004150
团队跟踪,鸣石春天2号私募证券投资基金A类份额,SF209A,鸣石春天2号私募证券投资基金A类份额,SF209A,上海鸣石,,2021-08-17,2021-08-18,招商证券股份有限公司,,,否,,,,,,,0,,,,,100亿元以上,P1005659
团队跟踪,澄明平凡5号私募证券基金A类,SF328A,澄明平凡5号私募证券基金A类,SF328A,北京澄明,,2021-08-04,,招商证券股份有限公司,,申购开放日为每周的周二；赎回开放日为每月的16号。,可临开赎回,0%,,0%,,,,0.015,,0.025%,0.025%,20%,5-10亿元,P1070532
团队跟踪,弘量润盈多策略私募证券投资基金B类份额,SG090B,弘量润盈多策略私募证券投资基金B类份额,SG090B,深圳弘量投资,,2021-07-30,,招商证券股份有限公司,,申购开放日为每个交易日；赎回开放日为每月第四个周三,否,1%,,持有期小于180天，赎回费率为2%；持有期大等于 180天，赎回费率为0%,,,,0.006,,0.025%,0.025%,15%,0-5亿元,P1071523
团队跟踪,聚鸣匠传9号私募证券投资基金B类份额,SG699B,聚鸣匠传9号私募证券投资基金B类份额,SG699B,上海聚鸣投资,,2021-09-01,2021-09-06,广发证券股份有限公司,,申购开放日为每个交易日，赎回开放日为每月份的8日,否,0%,不低于1万,持有期小于180天，赎回费率为1%；持有期大等于180天，赎回费率为0%,0.75,,0.7,0.01,,0.05%,0.05%,"在业绩报酬计提日对每笔份额的份额累计净值超过历史计提日最高份额累计净值部分,根据一定的比例计提业绩报酬，B 类份额提取比例为15%",100亿元以上,P1060685
团队跟踪,源晖乐享量化1号私募证券投资基金B类份额,SG996B,源晖乐享量化1号私募证券投资基金B类份额,SG996B,北京源晖投资,,2021-08-06,2021-08-11,中信证券股份有限公司,,,否,,,,,,,0,,,,,5-10亿元,P1067910
团队跟踪,翼品致远3号CTA私募基金,SGA023,翼品致远3号CTA私募基金,SGA023,上海翼品资管,,2019-05-28,2019-06-05,国泰君安证券股份有限公司,周鑫,,否,,,,,,,0,,,,,0-5亿元,P1068294
团队跟踪,翼品致远股票价值精选1号私募证券投资基金,SGA024,翼品致远股票价值精选1号私募证券投资基金,SGA024,上海翼品资管,,2020-05-27,2020-06-01,华泰证券股份有限公司,周鑫,,否,,,,,,,0,,,,,0-5亿元,P1068294
团队跟踪,艮岳枫木1号私募证券投资基金,SGA033,艮岳枫木1号私募证券投资基金,SGA033,杭州艮岳,,2019-03-14,2019-03-19,国泰君安证券股份有限公司,,每月最后一个交易日,否,0.01,,﹤6个月，2%；≥6个月﹤12个月，1%；≥12个月，0,0.8,成立起3个月,0.75,0,A类（个人、无费产品）2%；B类（收费产品）1%,0.00035,0.0350%,计提基准为【年化0%】，当0%≤年化收益时，对超出业绩报酬计提基准部分提取20%；,20-50亿元,P1032168
团队跟踪,霁海指数增强4号私募证券投资基金,SGA064,霁海指数增强4号私募证券投资基金,SGA064,上海霁海投资,,2019-02-26,2019-03-06,国信证券股份有限公司,汪潞,,否,,,,,,,0,,,,,5-10亿元,P1032361
团队跟踪,赫富灵活对冲一号,SGA075,赫富灵活对冲一号私募证券投资基金,SGA075,上海赫富投资,,2019-01-28,2019-01-31,海通证券股份有限公司,蔡觉逸,每季度末月的最后一个工作开放,否,,,,0.9, 无封闭期,0.85,0.01,1%，硬锁1年,0.05%,0.05%,20%,100亿元以上,P1062959
团队跟踪,常行2号私募证券投资基金,SGA156,常行2号私募证券投资基金,SGA156,江苏常行投资,,2019-01-25,2019-02-11,招商银行股份有限公司,,每自然月第10个自然日为开放日。如该对应日为非工作日，则开放日为该日后的第一个工作日。,可临开申购,B类份额：0,每次追加申购的最低金额为10万元人民币。,0,0.8,成立后180天（已结束）。,0.75,0,B类份额：0.5%/年,0.025%/年,0.025%/年,"B类份额：单人单笔高水位法，针对收益0%以上的部分计提10%业绩报酬
本基金业绩报酬计提日为：封闭期过后，每年1月及7月的最后一个交易日，基金份额持有人实际赎回基金份额时（包含全部赎回，部分赎回）、基金终止日。",0-5亿元,P1021817
团队跟踪,赫富500指数增强五号私募证券投资基金,SGA291,赫富500指数增强五号私募证券投资基金,SGA291,上海赫富投资,,2019-03-14,2019-03-27,国泰君安证券股份有限公司,蔡觉逸,,否,,,,,,,0,,,,,100亿元以上,P1062959
团队跟踪,宏龙利贞3期私募证券投资基金,SGA331,宏龙利贞3期私募证券投资基金,SGA331,南京宏龙资管,,2019-04-01,2019-04-09,国泰君安证券股份有限公司,,,否,,,,,,,0,,,,,0-5亿元,P1017416
团队跟踪,宏龙利贞2期私募证券投资基金,SGA376,宏龙利贞2期私募证券投资基金,SGA376,南京宏龙资管,,2019-03-05,2019-03-13,国泰君安证券股份有限公司,,,否,,,,,,,0,,,,,0-5亿元,P1017416
团队跟踪,睿郡节节高2号私募证券投资基金,SGA394,睿郡节节高2号私募证券投资基金,SGA394,上海睿郡资管,,2019-01-29,2019-02-11,兴业证券股份有限公司,,,否,,,,,,,0,,,,,100亿元以上,P1014376
团队跟踪,会世泰和CTA1号,SGA623,会世泰和CTA1号私募证券投资基金,SGA623,上海会世,,2019-02-28,2019-03-14,华泰证券股份有限公司,张议夫,"""每月第10个工作日开放申购； 每季度第一个月第10个工作日开放申购赎回""",否,1%,,D＜180天：2% D≥180天：0%,,无,,0.02,,,,20%，单客户单笔高水位净值法,50-100亿元,P1068444
团队跟踪,集微投资2期,SGA681,集微投资2期私募证券投资基金,SGA681,上海集微,,2019-03-21,2019-03-27,中泰证券股份有限公司,,每自然月5号,否,无,,无,,无,,0.015,1.50%,0.03%,"0.06%
",对持有期年化收益率大于0%部分提取20%,50-100亿元,P1062961
团队跟踪,致邃投资-致盈1号,SGA724,致邃投资-致盈1号私募证券投资基金,SGA724,上海致邃投资,,2019-03-01,2019-03-11,国信证券股份有限公司,,每周周二、周三,否,0%,,持有期小等于90天，赎回费率为1%；持有期大于90天，赎回费率为0%,,,,0.01,A类份额：0.6%，B类份额：1%,,,"年化收益≤6.00%，不计提；
6.00%＜年化收益＜35.00%，50%；
年化收益≥35.00%, 60%",5-10亿元,P1063212
团队跟踪,量锐45号私募证券投资基金,SGA764,量锐45号私募证券投资基金,SGA764,宁波金戈量锐资管,,2019-03-22,2019-03-28,国信证券股份有限公司,金戈,每自然季度最后一个工作日,否,,,,,无,,0.008,0.80%,0.025%,0.025%,20%,100亿元以上,P1008220
团队跟踪,天迹格物致知宏观对冲一号,SGA794,天迹格物致知宏观对冲一号私募投资基金,SGA794,杭州天迹,,2019-03-25,2019-04-09,国泰君安证券股份有限公司,徐春松、马良、李乾孙、马斐,,否,,,,,,,0,,,,,0-5亿元,P1066176
团队跟踪,细水居2号私募证券投资基金,SGA879,细水居2号私募证券投资基金,SGA879,成都细水资管,,2019-04-04,2019-04-11,国金证券股份有限公司,王宏渊,每月最后一个交易日,可临开赎回,0%,100万元,0%,,无,,0.01,,0.0125%,0.0375%,单客户高水位法，提取 20%,50-100亿元,P1069411
团队跟踪,善流金沙十号私募证券投资基金,SGA988,善流金沙十号私募证券投资基金,SGA988,上海善流投资,,2020-01-23,2020-02-07,华泰证券股份有限公司,,,否,,,,,,,0,,,,,0-5亿元,P1066120
团队跟踪,蒙玺纯达二期私募证券投资基金,SGB086,蒙玺纯达二期私募证券投资基金,SGB086,上海蒙玺投资,,2019-02-28,2019-03-07,兴业证券股份有限公司,,,否,,,,,,,0,,,,,100亿元以上,P1063294
团队跟踪,蒙玺玻尔兹曼1号量化私募证券投资基金,SGB114,蒙玺玻尔兹曼1号量化私募证券投资基金,SGB114,上海蒙玺投资,,2019-02-19,2019-02-25,兴业证券股份有限公司,,每月20日,否,0%,,0%,0.85,无,0.8,0.01,,0.05％,0.05％,20%,100亿元以上,P1063294
团队跟踪,蒙玺祖冲之1号量化,SGB123,蒙玺祖冲之1号量化私募证券投资基金,SGB123,上海蒙玺投资,,2019-04-01,2019-04-03,兴业证券股份有限公司,李骧,"每月20日
",否,,,,0.85,无,0.8,0.01,"
",,"0.10%
","20%
",100亿元以上,P1063294
团队跟踪,玄元元增1号,SGB162,玄元元增1号私募证券投资基金,SGB162,广东玄元,,2019-02-20,2019-03-07,招商证券股份有限公司,,,否,,,,,,,0,,,,,100亿元以上,P1029168
团队跟踪,博孚利凯瑞3号FOF私募证券投资基金,SGB353,博孚利凯瑞3号FOF私募证券投资基金,SGB353,厦门博孚利资管,,2023-06-28,2023-07-11,中信建投证券股份有限公司,,每个交易日,否,0%,1万元起,0%,,无,,0.003,,0.0075%,0.0075%,门槛收益率法，年化30%以上计提60%（2023.7.12起改为不收费）。,50-100亿元,P1023120
团队跟踪,永誉天泽北证量选一号私募证券投资基金,SGB660,永誉天泽北证量选一号私募证券投资基金,SGB660,青岛永誉天泽,,2023-05-24,2023-05-30,国泰君安证券股份有限公司,,,否,,,,,,,0,,,,,5-10亿元,P1072402
团队跟踪,睿郡承非厚雪私募证券投资基金,SGB714,睿郡承非厚雪私募证券投资基金,SGB714,上海睿郡资管,,2023-06-06,2023-06-08,兴业证券股份有限公司,,,否,,,,,,,0,,,,,100亿元以上,P1014376
团队跟踪,浅湾-岳海精选六号股指CTA专享,SGB918,浅湾-岳海精选六号股指CTA专享私募证券投资基金,SGB918,上海浅湾,,2023-05-26,2023-05-31,国金证券股份有限公司,,,否,,,,,,,0,,,,,0-5亿元,P1074521
团队跟踪,外贸信托-元康盛景1号证券投资集合资金信托计划,SGB979,外贸信托-元康盛景1号证券投资集合资金信托计划,SGB979,,芜湖元康,2023-05-09,2023-06-14,招商银行股份有限公司,,,否,,,,,,,0,,,,,,
团队跟踪,国投瑞银践昇单一资产管理计划,SGB983,国投瑞银践昇单一资产管理计划,SGB983,,,2018-01-05,,,,,否,,,,,,,0,,,,,,
团队跟踪,蜂起管理期货一号私募证券投资基金,SGC049,蜂起管理期货一号私募证券投资基金,SGC049,珠海蜂起资本,,2019-03-19,2019-04-01,招商证券股份有限公司,潘錡宝、王琴、洪泽宇,,否,,,,,,,0,,,,,5-10亿元,P1027405
团队跟踪,孚盈仓实一号,SGC089,孚盈仓实一号私募证券投资基金,SGC089,杭州孚盈投资,,2019-03-07,2019-03-28,华泰证券股份有限公司,蒋鲜林,每月的第一个工作日,可临开申购,无,,无,0.85,无,0.8,0.01,,,,,20-50亿元,P1069412
团队跟踪,靖奇略懂二号量化对冲证券私募基金,SGC165,靖奇略懂二号量化对冲证券私募基金,SGC165,上海靖奇投资,,2019-03-05,2019-03-07,国泰君安证券股份有限公司,范思奇,,否,,,,,,,0,,,,,0-5亿元,P1019905
团队跟踪,天迹格物致知宏观对冲二号私募投资基金,SGC350,天迹格物致知宏观对冲二号私募投资基金,SGC350,杭州天迹,,2019-03-22,2019-04-01,国泰君安证券股份有限公司,徐春松、马良、李乾孙、马斐,封闭期结束之后的每季度末月（即每年 3、6、9、12 月）的 15 日，如遇非交易日，则顺延至下一交易日。,可临开申购,无,,180天以下收1%；180天及以上不收,0.85,6个月,0.8,0.01,1.00%,0.0500%,0.05%,对持有期年化收益率大于0%部分提取20%,0-5亿元,P1066176
团队跟踪,量道福田1号私募证券投资基金,SGC456,量道福田1号私募证券投资基金,SGC456,深圳量道投资,,2019-03-14,2019-03-20,招商证券股份有限公司,,,否,,,,,,,0,,,,,100亿元以上,P1016658
团队跟踪,千朔-聚信量化一号私募证券投资基金,SGC530,千朔-聚信量化一号私募证券投资基金,SGC530,上海千朔投资,,2019-04-02,2019-04-17,国泰君安证券股份有限公司,黄辉,,否,,,,,,,0,,,,,100亿元以上,P1069502
团队跟踪,博孚利牡丹3号私募证券投资基金,SGC810,博孚利牡丹3号私募证券投资基金,SGC810,厦门博孚利资管,,2019-04-10,2019-04-26,招商证券股份有限公司,,"基金固定开放日为每自然季度第3个月19号（含当日，若遇非交易日则顺延至下一个交易日）起连续五个交易日。
本基金自第一个投资运作期的投资起始运作日起，原则上每两年作为一个投资运作期，投资运作期内封闭运作。管理人有权根据投资运作需要调整某个投资运作期的长度；此外，若在某个投资运作期发生提前终止事件的，当个投资运作期提前终止。每个投资运作期的投资起始运作日、终止日的具体日期，以及管理人调整投资运作期长度或投资运作期提前终止的具体情形和提前终止日期，以管理人公告或通知为准。",否,0%,追加金额应不低于1万元人民币,0%,,无,,0.015,管理人在每个投资运作期收取一次固定的管理费，基金的固定管理费率为1.5%。管理费在每个投资运作期按每个投资运作期投资起始运作日前一日的基金资产净值的一定比例一次性计提，在计提后2个月内（摊销期间，每月按30个自然日计算）每日摊销，如本基金当个投资运作期根据合同约定在前述摊销期间内终止的，则未摊销的管理费在当个投资运作期终止日一次性摊销完毕。,0.015%,0.015%,年化11.4%以上计提60%,50-100亿元,P1023120
团队跟踪,墨雪祥瑞私募证券投资基金,SGD050,墨雪祥瑞私募证券投资基金,SGD050,上海墨雪,,2019-03-15,2019-03-20,国信证券股份有限公司,,,否,,,,,,,0,,,,,0-5亿元,P1068401
团队跟踪,量宇冠一五号私募证券基金,SGD068,量宇冠一五号私募证券基金,SGD068,上海量宇,,2019-04-11,2019-04-16,招商证券股份有限公司,,每年每月每个周三，遇节假日延顺,否,无,10,"少于6个月3%,大于等于6个月0%",0.85,无,0.8,0.01,,0.05%,0.05%,20% 单客户单笔份额高水位法,20-50亿元,P1064318
团队跟踪,汇鸿汇升星汇旗舰私募证券投资基金,SGD165,汇鸿汇升星汇旗舰私募证券投资基金,SGD165,江苏苏豪汇升,,2019-03-14,2019-03-21,国泰君安证券股份有限公司,王胜华,,否,,,,,,,0,,,,,20-50亿元,P1005918
团队跟踪,华炎华迪私募证券投资基金B期,SGD185,华炎华迪私募证券投资基金B期,SGD185,华炎基金,,2019-03-20,2019-04-01,东方证券股份有限公司,卢准煌、方翀、李裕铭,每周一开放日,否,,,,0.85,,0.8,0.01,,,,,0-5亿元,P1013651
团队跟踪,量锐君悦3号指数增强私募证券投资基金,SGD344,量锐君悦3号指数增强私募证券投资基金,SGD344,宁波金戈量锐资管,,2019-03-22,2019-04-01,国泰君安证券股份有限公司,金戈,每月最后一个交易日,否,0%,,0%,0.7,无,,0.008,,0.05%,0.05%,"中证500指数的 1.5倍-3.75% 作为基准
超额中证500指数的 1.5倍-3.75%基准计提16%",100亿元以上,P1008220
团队跟踪,艮岳桓楹1号私募证券投资基金,SGD588,艮岳桓楹1号私募证券投资基金,SGD588,杭州艮岳,,2019-03-12,2019-03-15,兴业证券股份有限公司,,,否,,,,,,,0,,,,,20-50亿元,P1032168
团队跟踪,橡木闻潮二号,SGD755,橡木闻潮二号私募证券投资基金,SGD755,杭州橡木,,2019-04-11,2019-04-22,国泰君安证券股份有限公司,,,否,,,,,,,0,,,,,50-100亿元,P1068698
团队跟踪,锋滔重剑CTA一号,SGD815,锋滔重剑CTA一号私募证券投资基金,SGD815,上海锋滔资管,,2019-04-18,2019-04-26,招商证券股份有限公司,,,否,,,,,,,0,,,,,0-5亿元,P1007210
团队跟踪,天添市场中性1号私募证券投资基金,SGD971,天添市场中性1号私募证券投资基金,SGD971,平潭天添资管,,2019-03-06,2019-03-13,兴业证券股份有限公司,,,否,,,,,,,0,,,,,0-5亿元,P1068047
团队跟踪,格林顿金益私募证券投资基金,SGE017,格林顿金益私募证券投资基金,SGE017,珠海格林顿资管,,2019-03-07,2019-03-15,广发证券股份有限公司,简锦良,,否,,,,,,,0,,,,,5-10亿元,P1060500
团队跟踪,华富衍生品1号,SGE215,华富衍生品1号私募证券投资基金,SGE215,广东华富,,2019-04-12,2019-04-25,兴业证券股份有限公司,苏锦军,,否,,,,,,,0,,,,,0-5亿元,P1066778
团队跟踪,量道CTA精选5号私募证券投资基金,SGE351,量道CTA精选5号私募证券投资基金,SGE351,深圳量道投资,,2019-07-24,2019-07-29,国信证券股份有限公司,,每自然月第10个自然日为开放日。如该对应日为非工作日，则开放日为该日后的第一个工作日。,可临开申购,B类份额：0,每次追加申购的最低金额为10万元人民币。,0,0.8,成立后180天（已结束）。,0.75,0.015,B类份额：0.5%/年,0.025%/年,0.025%/年,"B类份额：单人单笔高水位法，针对收益0%以上的部分计提10%业绩报酬
本基金业绩报酬计提日为：封闭期过后，每年1月及7月的最后一个交易日，基金份额持有人实际赎回基金份额时（包含全部赎回，部分赎回）、基金终止日。",100亿元以上,P1016658
团队跟踪,东恺祖率中性2号,SGE612,东恺祖率中性2号私募证券投资基金,SGE612,上海东恺投资,,2019-05-16,2019-05-21,招商证券股份有限公司,,,否,,,,,,,0,,,,,10-20亿元,P1069560
团队跟踪,博孚利凯玺1号私募证券投资基金,SGE910,博孚利凯玺1号私募证券投资基金,SGE910,厦门博孚利资管,,2019-03-22,2019-04-03,国信证券股份有限公司,,每个自然季的最后1个工作日,可临开申购和可临开赎回,1%,10万元的整数倍,持有产品不满365天，费率为1%,,无,,0.005,,0.01%,0.01%,对年化收益率大于5%以上部分提取10%作为业绩报酬。,50-100亿元,P1023120
团队跟踪,山东天宝一阳指三期私募证券投资基金,SGE941,山东天宝一阳指三期私募证券投资基金,SGE941,山东天宝,,2019-04-11,2019-04-23,长江证券股份有限公司,张勇,每月第17个自然日,可临开申购和可临开赎回,0%,,0%,0.92,无,0.9,0.02,,0.04%,0.04%,20%，单客户单笔高水位净值法,20-50亿元,P1030978
团队跟踪,宏锡量化30号私募证券投资基金,SGF715,宏锡量化30号私募证券投资基金,SGF715,广东宏锡基金,,2019-03-19,2019-03-21,广发证券股份有限公司,刘锡斌,,否,,,,,,,0,,,,,100亿元以上,P1008245
团队跟踪,广发资管可转债量化投资集合资产管理计划,SGF721,广发资管可转债量化投资集合资产管理计划,SGF721,广发证券资管,,2019-03-12,2019-03-21,招商证券股份有限公司,,,否,1%,,0%,,1年,,0,固定管理费1.3%年,0.1%,,"R≤8%，计提比例0%；
8%<R，计提比例20%，即S=(R-8%)X20%XKX(持有天数/365)",,PT0700003914
团队跟踪,雸昇启明星四号,SGF745,雸昇启明星四号私募证券投资基金,SGF745,杭州雸昇资管,,2019-04-12,2019-04-17,招商证券股份有限公司,,,否,,,,,,,0,,,,,5-10亿元,P1064624
团队跟踪,量道汇盈3号私募证券投资基金,SGF753,量道汇盈3号私募证券投资基金,SGF753,深圳量道投资,,2019-04-22,2019-04-29,中信建投证券股份有限公司,,"每月第一个交易日
",否,,,,0.85,无,0.8,0.005,"
",,"0.10%
","10%
",100亿元以上,P1016658
团队跟踪,鸣石积中12号择时对冲量化私募证券投资基金,SGF952,鸣石积中12号择时对冲量化私募证券投资基金,SGF952,上海鸣石,,2019-09-06,2019-09-17,国泰君安证券股份有限公司,王晓晗,,否,,,,,,,0,,,,,100亿元以上,P1005659
团队跟踪,珏朔逸群量化CTA一号,SGF958,珏朔逸群量化CTA一号私募基金,SGF958,上海珏朔资产,,2019-05-14,2019-05-20,国泰君安证券股份有限公司,马大壮,,否,,,,,,,0,,,,,20-50亿元,P1034694
团队跟踪,蜂雀量化市场中性1号私募证券投资基金,SGF962,蜂雀量化市场中性1号私募证券投资基金,SGF962,北京蜂雀投资,,2019-04-09,2019-04-29,招商证券股份有限公司,,,否,,,,,,,0,,,,,0-5亿元,P1062363
团队跟踪,盛恒二号,SGG034,盛恒二号私募证券投资基金,SGG034,深圳盛恒投资,,2019-03-15,2019-03-27,兴业证券股份有限公司,,每周周三、周四,否,,10万元起,"持有期小于180天，赎回费1%,；持有期大于180天，赎回费0%",0.87,,0.85,0.01,,0.025%,0.025%,20%,5-10亿元,P1060478
团队跟踪,鸣石锐驰七号私募证券投资基金,SGG222,鸣石锐驰七号私募证券投资基金,SGG222,上海鸣石,,2019-03-21,2019-04-01,中信证券股份有限公司,,,否,,,,,,,0,,,,,100亿元以上,P1005659
团队跟踪,黑玺湖畔1号私募证券投资基金,SGG536,黑玺湖畔1号私募证券投资基金,SGG536,杭州黑玺,,2019-09-09,2019-09-23,中信证券股份有限公司,王琰,,否,,,,,,,0,,,,,20-50亿元,P1060839
团队跟踪,博孚利尊享6号FOF私募证券投资基金,SGG537,博孚利泰亚1号FOF私募证券投资基金,SGG537,厦门博孚利资管,,2019-03-29,2019-04-08,兴业证券股份有限公司,,本基金自成立之日起，每个自然季度末月（即3月、6月、9月、12月）最后一个交易日开放申购赎回。,可临开申购和可临开赎回,1%,不少于1万元,持有期小于360天，赎回费率为 1%；持有期大于等于360天，免收。,,无,,0.01,,0.01%,0.01%,计提基准为年化6%，对超出6%部分计提20%,50-100亿元,P1023120
团队跟踪,明汯量化中小盘增强1号私募证券投资基金,SGG585,明汯量化中小盘增强1号私募证券投资基金,SGG585,上海明汯投资,,2019-04-04,2019-04-17,国泰君安证券股份有限公司,解环宇,每年每月第1个自然日，遇节假日顺延,否,,,,0.6,无,0.5,0,,,,,100亿元以上,P1004150
团队跟踪,启林正兴东绣1号,SGG834,启林正兴东绣1号私募证券投资基金,SGG834,上海启林投资,,2019-03-22,2019-04-03,兴业证券股份有限公司,王鸿勇,每个自然月最后一个交易日,否,1%,,0%,0.6,6个月,,0.015,A类1.5%，B类1%,0.05,0.05,20%,100亿元以上,P1064525
团队跟踪,富犇尊享稳进7号私募证券投资基金,SGG887,富犇尊享稳进7号私募证券投资基金,SGG887,上海富犇投资,,2019-03-21,2019-04-01,广发证券股份有限公司,,,否,,,,,,,0,,,,,5-10亿元,P1025359
团队跟踪,顽岩烽火私募证券投资基金,SGH019,顽岩烽火私募证券投资基金,SGH019,上海顽岩,,2019-05-31,2019-06-11,国泰君安证券股份有限公司,,,否,,,,,,,0,,,,,100亿元以上,P1034708
团队跟踪,广金美好中国新经济价值投资二期私募证券投资基金,SGH173,广金美好中国新经济价值投资二期私募证券投资基金,SGH173,广东横琴广鑫美好,,2019-05-09,2019-05-22,招商证券股份有限公司,,,否,,,,,,,0,,,,,50-100亿元,P1033731
团队跟踪,宽客小奖章私募证券投资基金,SGH526,宽客小奖章私募证券投资基金,SGH526,福建省宽客投资,,2019-04-04,2019-04-12,华泰证券股份有限公司,,,否,,,,,,,0,,,,,0-5亿元,P1019324
团队跟踪,珠海宽德九恒私募证券投资基金,SGH540,珠海宽德九恒私募证券投资基金,SGH540,珠海宽德,,2019-04-22,2019-04-28,招商证券股份有限公司,,,否,,,,,,,0,,,,,100亿元以上,P1031924
团队跟踪,致邃投资-致悦2号私募证券投资基金,SGH584,致邃投资-致悦2号私募证券投资基金,SGH584,上海致邃投资,,2019-04-15,2019-04-22,中信建投证券股份有限公司,,,否,,,,,,,0,,,,,5-10亿元,P1063212
团队跟踪,量锐41号私募证券投资基金,SGH593,量锐41号私募证券投资基金,SGH593,宁波金戈量锐资管,,2019-04-04,2019-04-18,华泰证券股份有限公司,金戈,,否,,,,,,,0,,,,,100亿元以上,P1008220
团队跟踪,歆享海盈13号私募证券投资基金,SGH612,歆享海盈13号私募证券投资基金,SGH612,上海歆享资管,,2019-03-29,2019-04-10,海通证券股份有限公司,胡晓亮、易巍,成立日的年度对日，可临开,可临开赎回,,,,,无,,0.01,1%,0.05%,0.05%,20%,5-10亿元,P1004037
团队跟踪,燧石占星者3号私募证券投资基金,SGH800,燧石占星者3号私募证券投资基金,SGH800,武汉燧石投资,,2019-05-21,2019-05-29,招商证券股份有限公司,,,否,,,,,,,0,,,,,0-5亿元,P1064973
团队跟踪,景资锐联CTA三号私募证券投资基金,SGH832,景资锐联CTA三号私募证券投资基金,SGH832,上海锐联景淳投资,,2019-05-31,2019-06-17,国泰君安证券股份有限公司,陈凡、梁晨,,否,,,,,,,0,,,,,20-50亿元,P1015682
团队跟踪,白鹭300指数增强二号,SGH902,浙江白鹭300指数增强二号私募证券投资基金,SGH902,浙江白鹭资管,,2019-04-19,2019-05-06,中国国际金融股份有限公司,,,否,,,,,,,0,,,,,20-50亿元,P1030053
团队跟踪,会世元启CTA1号,SGJ000,会世元启CTA1号私募证券投资基金,SGJ000,上海会世,,2019-02-25,2019-04-04,华泰证券股份有限公司,张议夫,,否,,,,,,,0,,,,,50-100亿元,P1068444
团队跟踪,量道吉祥2号私募证券投资基金,SGJ037,量道吉祥2号私募证券投资基金,SGJ037,深圳量道投资,,2019-07-29,2019-08-06,国泰君安证券股份有限公司,,每个交易日,否, 1%,1 万元的整数倍, 1%,0.7,无,0.6,0.015,仅对A类份额收取1.5%的管理费,,0.03%,"仅对A类份额计提
计提基准日：投资者赎回日、分红权益登记日、基金清算日及每年12月28日
采用单人单笔高水位计提方式，计提比例20%",100亿元以上,P1016658
团队跟踪,安值福慧量化5号私募证券投资基金,SGJ083,安值福慧量化5号私募证券投资基金,SGJ083,青岛安值投资,,2019-04-17,2019-04-25,中信证券股份有限公司,于超,每个工作日,否,B类份额：0%，A类份额：1%,,B类份额：0%。A类份额：持有期小于90天，赎回费率为1%；持有期大等于90天且小于180天，赎回费率为0.5%；持有期大等于180天，赎回费率为0%。赎回费用归基金管理人所有。,,,,0.01,B类份额：0%，A类份额：1%,A类份额：0.05%，B类份额：0%,A类份额：0.05%，B类份额：0%,"B类份额：0%。
A类份额：计提基准日分为固定计提基准日（封闭期结束后每年12月15日）、该类份额除息日（若有）、赎回申请日和基金终止日（其中固定计提基准日和除息日（若有）统称为“统一计提基准日”）。提取比例（Y）为20%",20-50亿元,P1066882
团队跟踪,锐天中证500指数增强高能1号私募证券投资基金,SGJ175,锐天中证500指数增强高能1号私募证券投资基金,SGJ175,上海锐天投资,,2019-04-30,2019-05-10,华泰证券股份有限公司,,,否,,,,,,,0,,,,,100亿元以上,P1024169
团队跟踪,天宝中证全指指增一期私募证券投资基金,SGJ347,天宝中证全指指增一期私募证券投资基金,SGJ347,山东天宝,,2019-05-29,2019-06-05,中泰证券股份有限公司,张勇,,否,,,,,,,0,,,,,20-50亿元,P1030978
团队跟踪,玄元元丰2号私募证券投资基金,SGJ508,玄元元丰2号私募证券投资基金,SGJ508,广东玄元,,2019-04-29,2019-05-13,国泰君安证券股份有限公司,张震宇,每自然月第10个自然日为开放日。如该对应日为非工作日，则开放日为该日后的第一个工作日。,可临开申购,B类份额：0,每次追加申购的最低金额为10万元人民币。,0,0.8,成立后180天（已结束）。,0.75,0,B类份额：0.5%/年,0.025%/年,0.025%/年,"B类份额：单人单笔高水位法，针对收益0%以上的部分计提10%业绩报酬
本基金业绩报酬计提日为：封闭期过后，每年1月及7月的最后一个交易日，基金份额持有人实际赎回基金份额时（包含全部赎回，部分赎回）、基金终止日。",100亿元以上,P1029168
团队跟踪,禹合高阿尔法1号私募证券投资基金,SGJ540,禹合高阿尔法1号私募证券投资基金,SGJ540,杭州禹合资管,,2019-04-17,2019-04-25,国信证券股份有限公司,周海霞,每周周一、周三、周五,可临开申购和可临开赎回,0%,,0%,0.64,,0.63,0.005,服务费：0.05%,0.05%,,对基金超额收益部分收取50%业绩报酬,0-5亿元,P1067260
团队跟踪,盛冠达CTA基本面量化1号私募证券投资基金,SGJ566,盛冠达CTA基本面量化1号私募证券投资基金,SGJ566,海南盛冠达,,2019-04-11,2019-04-19,中信证券股份有限公司,黄灿、余浩,每月最后一个交易日,否,0%,,0.00%,,无,,0.01,,,,20%,20-50亿元,P1001070
团队跟踪,众智农产品一号,SGJ584,众智农产品一号私募证券投资基金,SGJ584,广州众智,,2019-05-06,2019-05-13,国泰君安证券股份有限公司,丁乐,基金成立后的每周第1个交易日,可临开赎回,0,10万元起,0,0.85,无,0.8,0.01,,0.025%,0.025%,单个投资者单份额高水位法，提取比例20%,0-5亿元,P1012858
团队跟踪,盛冠达股指套利2号私募证券投资基金,SGJ662,盛冠达股指套利2号私募证券投资基金,SGJ662,海南盛冠达,,2019-04-23,2019-04-29,招商证券股份有限公司,张俊杰、黄灿,,否,,,,,,,0,,,,,20-50亿元,P1001070
团队跟踪,嗣盈迪辐转债1号,SGK019,嗣盈迪辐转债1号私募证券投资基金,SGK019,广州嗣盈,,2019-04-22,2019-04-28,华泰证券股份有限公司,张晓东、董存妮,,否,,,,,,,0.015,,,,,0-5亿元,P1031640
团队跟踪,博孚利尊享8号FOF私募证券投资基金,SGK024,博孚利尊享8号FOF私募证券投资基金,SGK024,厦门博孚利资管,,2019-04-09,2019-04-17,兴业证券股份有限公司,,每季度末月3，6，9，12 最后一个交易日,否,1%,不少于 1 万元,持有期小于360天，赎回费率为1%；持有期大于等于360天，免收。,,无,,0.01,,0.025%,0.025%,年化收益率超过10%的部分提取10%作为业绩报酬,50-100亿元,P1023120
团队跟踪,孝庸市场中性泰创一号私募证券投资基金,SGK095,孝庸市场中性泰创一号私募证券投资基金,SGK095,上海孝庸,,2019-04-09,2019-04-17,中信建投证券股份有限公司,,每年的6月、12月第三个工作日,否,0%,,0%,,无,,0,,0.05%,0.05%,当期超过年化收益4%盈利部分的50%作为业绩报酬,100亿元以上,P1031310
团队跟踪,华钧地节1期私募证券投资基金,SGK101,华钧地节1期私募证券投资基金,SGK101,北京华钧广汇投资,,2019-04-11,2019-04-17,中信证券股份有限公司,,周度,否,0%,,0%,0.95,无,0.92,0,,0.025%,,将根据委托人每笔投资的期间年化收益率按照【50】%的比例收取业绩报酬,10-20亿元,P1067480
团队跟踪,世纪前沿指数增强1号,SGK119,世纪前沿指数增强1号私募证券投资基金,SGK119,海南世纪前沿,,2019-04-18,2019-04-26,国信证券股份有限公司,,,否,,,,,,,0,,,,,100亿元以上,P1068951
团队跟踪,宽投宽涌,SGK163,宽投宽涌私募证券投资基金,SGK163,上海宽投资管,,2019-04-18,2019-04-23,国信证券股份有限公司,严宓,,否,,,,,,,0,,,,,100亿元以上,P1010769
团队跟踪,牟合资产方田35号私募证券投资基金,SGK406,牟合资产方田35号私募证券投资基金,SGK406,北京牟合资管,,2019-04-23,2019-04-26,华泰证券股份有限公司,李一铮,,否,,,,,,,0,,,,,5-10亿元,P1005784
团队跟踪,橡木观海一号私募证券投资基金,SGK651,橡木观海一号私募证券投资基金,SGK651,杭州橡木,,2019-05-17,2019-05-27,国泰君安证券股份有限公司,,封闭期结束后的下一个月最后一个交易日及之后每自然季度最后一个交易日,否,,,,,3个月,,0.01,1%,0.025%,0.025%,18%,50-100亿元,P1068698
团队跟踪,锐天致远私募证券投资基金,SGK655,锐天致远私募证券投资基金,SGK655,上海锐天投资,,2019-06-10,2019-06-17,招商证券股份有限公司,徐晓波,,否,,,,,,,0,,,,,100亿元以上,P1024169
团队跟踪,启林相对价值2号私募证券投资基金,SGK768,启林相对价值2号私募证券投资基金,SGK768,上海启林投资,,2019-04-19,2019-04-24,国泰君安证券股份有限公司,,,否,,,,,,,0,,,,,100亿元以上,P1064525
团队跟踪,致邃投资-致盈11号,SGK795,致邃投资-致盈11号私募证券投资基金,SGK795,上海致邃投资,,2019-04-11,2019-04-19,中信建投证券股份有限公司,,每周周二、周三,否,0%,,0%,,无,,0.01,,,,45%（计提完年化收益不低于6%）,5-10亿元,P1063212
团队跟踪,盈迈腾顶一号证券私募投资基金,SGK843,盈迈腾顶一号证券私募投资基金,SGK843,浙江盈迈资管,,2020-05-07,2020-05-19,国泰君安证券股份有限公司,,每个周三,否,0.6%,,0%,0.75,无,0.7,0.01,,0.05%,0.05%,20%,0-5亿元,P1068178
团队跟踪,塞帕思哥伦布一号指数增强私募证券投资基金,SGK940,塞帕思哥伦布一号指数增强私募证券投资基金,SGK940,杭州塞帕思投资,,2019-05-27,2019-06-13,国泰君安证券股份有限公司,,,否,,,,,,,0,,,,,0-5亿元,P1033995
团队跟踪,雸昇虎玉私募证券投资基金,SGL080,雸昇虎玉私募证券投资基金,SGL080,杭州雸昇资管,,2019-05-10,2019-05-17,招商证券股份有限公司,,每自然月15号,否,,,,0.92,,0.9,0.01,1%,,,20%,5-10亿元,P1064624
团队跟踪,爱凡哲多策略海纳一号私募证券投资基金,SGL180,爱凡哲多策略海纳一号私募证券投资基金,SGL180,爱凡哲投资,,2019-04-22,2019-04-26,国信证券股份有限公司,杨森,"每月最后一个工作日
",可临开赎回,0,,0,0.9,无,0.88,0.01,"1.00%
",,"0.10%
","30%
",20-50亿元,P1066184
团队跟踪,希格斯新视野1号私募证券投资基金,SGL202,希格斯新视野1号私募证券投资基金,SGL202,杭州希格斯投资,,2019-05-28,2019-06-03,国投证券股份有限公司,,,否,,,,,,,0,,,,,20-50亿元,P1069042
团队跟踪,联海星辰3号私募证券投资基金,SGL308,联海星辰3号私募证券投资基金,SGL308,北京星鹏联海,,2019-05-10,2019-05-14,招商证券股份有限公司,,,可临开申购,,,,,,,0,,,,,20-50亿元,P1034351
团队跟踪,致远私享十号私募证券投资基金,SGL366,致远私享十号私募证券投资基金,SGL366,珠海致诚卓远投资,,2019-06-17,2019-06-21,中国国际金融股份有限公司,史帆,,否,,,,,,,0,,,,,100亿元以上,P1065479
团队跟踪,均成博孚利1号,SGL684,均成博孚利1号私募证券投资基金,SGL684,广东横琴均成,,2019-04-24,2019-05-06,国泰君安证券股份有限公司,司维,"每月的最后一个交易日
",可临开赎回,,,,0.75,无,0.7,0.005,"0.5%
",,"0.05%
","年化10%以上的部分30%
",50-100亿元,P1061222
团队跟踪,米纳多策略1号私募证券投资基金,SGL811,米纳多策略1号私募证券投资基金,SGL811,横琴米纳资管,,2019-04-29,2019-05-17,国信证券股份有限公司,,,否,,,,,,,0,,,,,0-5亿元,P1069406
团队跟踪,量锐32号私募证券投资基金,SGL815,量锐32号私募证券投资基金,SGL815,宁波金戈量锐资管,,2019-04-30,2019-05-10,招商证券股份有限公司,金戈,,否,,,,,,,0,,,,,100亿元以上,P1008220
团队跟踪,因诺阿尔法1号私募证券投资基金,SGL835,因诺阿尔法1号私募证券投资基金,SGL835,上海因诺资管,,2019-05-08,2019-05-20,招商证券股份有限公司,,,否,,,,,,,0,,,,,100亿元以上,P1006164
团队跟踪,启元廖谱2号私募证券投资基金,SGM008,启元廖谱2号私募证券投资基金,SGM008,温州启元资管,,2019-04-26,2019-04-30,国信证券股份有限公司,,,否,,,,,,,0,,,,,20-50亿元,P1012870
团队跟踪,博普稳增8号私募证券投资基金,SGM090,博普稳增8号私募证券投资基金,SGM090,深圳前海博普资管,,2019-05-22,2019-06-03,招商证券股份有限公司,,,否,,,,,,,0,,,,,20-50亿元,P1067653
团队跟踪,思勰投资思孚六十三号中周期CTA私募证券投资基金,SGM226,思勰投资思孚六十三号中周期CTA私募证券投资基金,SGM226,上海思勰投资,,2019-05-10,2019-05-17,国信证券股份有限公司,,每个自然月的20号,否,1%,,0%,0.85,,0.85,0.01,,0.025%,0.025%,20%,100亿元以上,P1032873
团队跟踪,安值福慧量化6号私募证券投资基金,SGM242,安值福慧量化6号私募证券投资基金,SGM242,青岛安值投资,,2019-05-16,2019-06-03,招商证券股份有限公司,于超,,否,,,,,,,0,,,,,20-50亿元,P1066882
团队跟踪,尚艺阳光1号,SGM266,尚艺阳光1号私募证券投资基金,SGM266,北京尚艺,,2019-04-25,2019-05-07,中信证券股份有限公司,王峥,,否,,,,,,,0,,,,,50-100亿元,P1006152
团队跟踪,永泉奇点1号混合投资私募基金,SGM299,永泉奇点1号混合投资私募基金,SGM299,宁波永泉,,2019-04-30,2019-05-10,国信证券股份有限公司,,每月最后一天,否,,,,,,,0,,,,,0-5亿元,P1017919
团队跟踪,鸣石锐驰八号私募证券投资基金,SGM311,鸣石锐驰八号私募证券投资基金,SGM311,上海鸣石,,2019-05-10,2019-05-20,中信证券股份有限公司,杨堃,,否,,,,,,,0,,,,,100亿元以上,P1005659
团队跟踪,常行500指数增强1号私募证券投资基金,SGM469,常行500指数增强1号私募证券投资基金,SGM469,江苏常行投资,,2019-04-24,2019-05-05,中国民生银行股份有限公司,,,否,,,,,,,0,,,,,0-5亿元,P1021817
团队跟踪,赢仕创盈六号私募证券投资基金,SGM600,赢仕创盈六号私募证券投资基金,SGM600,上海赢仕投资,,2019-04-30,2019-05-13,中信证券股份有限公司,任伟,每自然月第10个自然日为开放日。如该对应日为非工作日，则开放日为该日后的第一个工作日。,可临开申购,B类份额：0,每次追加申购的最低金额为10万元人民币。,0,0.8,成立后180天（已结束）。,0.75,0,B类份额：0.5%/年,0.025%/年,0.025%/年,"B类份额：单人单笔高水位法，针对收益0%以上的部分计提10%业绩报酬
本基金业绩报酬计提日为：封闭期过后，每年1月及7月的最后一个交易日，基金份额持有人实际赎回基金份额时（包含全部赎回，部分赎回）、基金终止日。",10-20亿元,P1028261
团队跟踪,赢仕创盈九号私募证券投资基金,SGM664,赢仕创盈九号私募证券投资基金,SGM664,上海赢仕投资,,2019-04-30,2019-05-10,中信证券股份有限公司,,,否,,,,,,,0,,,,,10-20亿元,P1028261
团队跟踪,垒盈量化一号私募证券投资基金,SGM896,垒盈量化一号私募证券投资基金,SGM896,上海垒盈,,2019-06-26,2019-08-01,兴业证券股份有限公司,,"每月25号
",否,,,,0.93,无封闭期,0.9,0.01,"1.00%
",,"0.10%
","20%
",5-10亿元,P1034005
团队跟踪,明汯量化中小盘增强1号1期私募证券投资基金,SGM969,明汯量化中小盘增强1号1期私募证券投资基金,SGM969,上海明汯投资,,2019-04-23,2019-04-28,国泰君安证券股份有限公司,,,否,,,,,,,0,,,,,100亿元以上,P1004150
团队跟踪,源晖量化一号,SGM992,源晖量化一号私募证券投资基金,SGM992,北京源晖投资,,2019-06-17,2019-06-21,东方证券股份有限公司,,,否,,,,,,,0,,,,,5-10亿元,P1067910
团队跟踪,定达量化CTA1号,SGN226,定达量化CTA1号私募证券投资基金,SGN226,珠海横琴定达资管,,2019-04-30,2019-05-10,兴业证券股份有限公司,李翌,"申购：每个自然月6、16、26日
赎回：每个自然月6、16、26日",可临开赎回,0%,不低于1万元。,0%,0.93,无,0.9,0.01,,0.05%,0.05%,"整体年化收益收取：
采用“年化收益率”法计提业绩报酬。对年化收益率大于0%的部分提取20%作为业绩报酬。",0-5亿元,P1061341
团队跟踪,朋锦永宁,SGN254,朋锦永宁私募证券投资基金,SGN254,仲阳天王星,,2019-05-27,2019-06-10,兴业证券股份有限公司,谢洪燕,,否,,,,,,,0,,,,,100亿元以上,P1005954
团队跟踪,博普安泰2号,SGN354,博普安泰2号私募证券投资基金,SGN354,深圳博普科技,,2019-09-24,2019-09-27,国泰君安证券股份有限公司,袁豪,每月第三个周五,否,1%,,0%,0.85,无,0.8,0.02,,0.03%,0.03%,20%,50-100亿元,P1001724
团队跟踪,博孚利嘉兴5号,SGN494,博孚利嘉兴5号私募证券投资基金,SGN494,厦门博孚利资管,,2019-04-26,2019-05-07,兴业证券股份有限公司,,每周三,可临开申购和可临开赎回,1%,不少于1万元人民币,三个月内赎回按0.5%收取,0.75,无,0.7,0.013,,0.025%,0.025%,份额高水位法，提取比例为20%,50-100亿元,P1023120
团队跟踪,国元期货博孚利一号FOF集合资产管理计划,SGN511,国元期货博孚利一号FOF集合资产管理计划,SGN511,国元期货,,2019-08-07,2019-09-04,招商证券股份有限公司,,每自然月第10个自然日为开放日。如该对应日为非工作日，则开放日为该日后的第一个工作日。,可临开申购,B类份额：0,每次追加申购的最低金额为10万元人民币。,0,0.8,成立后180天（已结束）。,0.75,0.015,B类份额：0.5%/年,0.025%/年,0.025%/年,"B类份额：单人单笔高水位法，针对收益0%以上的部分计提10%业绩报酬
本基金业绩报酬计提日为：封闭期过后，每年1月及7月的最后一个交易日，基金份额持有人实际赎回基金份额时（包含全部赎回，部分赎回）、基金终止日。",,GC0500030831
团队跟踪,玉数纯阿尔法一号私募证券投资基金,SGN799,玉数纯阿尔法一号私募证券投资基金,SGN799,上海玉数投资,,2019-05-30,2019-06-17,华泰证券股份有限公司,赵俊辰,每周的最后一个工作日,否,0,,持有期低于【180 天】（不含）的，赎回费率为【0.5】%；持有期在【180 天】及以上 的，赎回费率为【0】%。,,无,,0.01,,,,单个投资者单份额高水位法（√赎回√分红固定时点√清盘业绩报酬） 整体计提15%,10-20亿元,P1065673
团队跟踪,天戈超线性1号私募证券投资基金,SGP230,天戈超线性1号私募证券投资基金,SGP230,上海天戈投资,,2019-05-13,2019-07-09,中信证券股份有限公司,,,否,,,,,,,0,,,,,5-10亿元,P1008509
团队跟踪,蒙玺分形2号,SGP287,蒙玺分形2号私募证券投资基金,SGP287,上海蒙玺投资,,2019-05-27,2019-06-03,兴业证券股份有限公司,李骧,每个自然月20日,否,,,,0.85,,0.8,0.01,1%,0.05%,0.05%,20%,100亿元以上,P1063294
团队跟踪,蒙玺分形3号私募证券投资基金,SGP290,蒙玺分形3号私募证券投资基金,SGP290,上海蒙玺投资,,2020-04-15,2020-04-16,招商证券股份有限公司,,"每周三申购，每月30赎回
",否,,,,0.92,,0.9,0,"1.00%
",,"0.06%
","20%
",100亿元以上,P1063294
团队跟踪,蒙玺万象精选对冲1号私募证券投资基金,SGP291,蒙玺万象精选对冲1号私募证券投资基金,SGP291,上海蒙玺投资,,2020-05-14,2020-05-18,招商证券股份有限公司,,"每周五
",否,,,,0.92,无,0.9,0.01,"
",,"0.06%
","20%
",100亿元以上,P1063294
团队跟踪,旭诺CTA三号,SGP516,旭诺CTA三号私募基金,SGP516,上海旭诺资管,,2019-06-03,2019-06-06,广发证券股份有限公司,罗晨,每月25日,否,0%,1万元起,0%,,无,,0.01,,0.05%,0.05%,20%,10-20亿元,P1002888
团队跟踪,展弘贵金属套利1号,SGP607,展弘贵金属套利1号私募证券投资基金,SGP607,上海展弘投资,,2019-07-08,2019-07-12,国泰君安证券股份有限公司,,不设置封闭期，开放日为每月最后一个交易日,否,0,,0,0.9,无,0.88,0.005,,,,采用单个投资者单笔投资年化收益差额法分段计提，设R为投资者持有期间年化收益率，基金业绩报酬计提基准为年化3%。R≤3%时不计提业绩报酬，超过3%到6%（不含6%）的部分提取5%的业绩报酬，超过6%到9%（不含9%）的部分提取10%的业绩报酬，超过9%到12%（不含12%）的部分提取30%的业绩报酬，超过12%部分提取50%的业绩报酬。,100亿元以上,P1015638
团队跟踪,世纪前沿指数增强2号,SGP682,世纪前沿指数增强2号私募证券投资基金,SGP682,海南世纪前沿,,2019-06-04,2019-06-11,国信证券股份有限公司,周志豪,每月最后1个工作日,可临开赎回,,,,,无,,0.01,,0.03%,0.03%,20%,100亿元以上,P1068951
团队跟踪,小黑妞满天星1号,SGP871,小黑妞满天星1号私募证券投资基金,SGP871,上海小黑妞资管,,2019-06-10,2019-06-17,国泰君安证券股份有限公司,,每月第四个周三之后的两个交易日,可临开申购,1%,,持有期小于365天，赎回费率为1%；持有期大等于365天，赎回费率为0%,0.88,无,0.85,0.015,,0.025%,0.025%,单客户单笔高水位法，20%,20-50亿元,P1011010
团队跟踪,希格斯新视野3号私募证券投资基金,SGP974,希格斯新视野3号私募证券投资基金,SGP974,杭州希格斯投资,,2019-06-27,2019-07-05,中泰证券股份有限公司,,"每月12日，遇非顺延
",否,,,,0.92,无封闭期,0.9,0.01,"1.00%
",,"0.10%
","20%
",20-50亿元,P1069042
团队跟踪,黑翼市场中性3号,SGQ683,黑翼市场中性3号私募证券投资基金,SGQ683,上海黑翼资管,,2019-06-17,2019-07-04,招商证券股份有限公司,邹倚天,本基金开放日为每个工作日,否, 本基金无申购费用,,基金份额持有时间少于 6 个月，赎回费率 1%；若基金份额持有时间大于等于 6 个月， 赎回费率 0%。 ,,无,,0.02,,0.1%,,单客户单笔份额高水位法，对超过上次成功计提基准日基金份额累计净值部分按20%比例进行计提,100亿元以上,P1004419
团队跟踪,宏量鼎诚,SGQ716,宏量鼎诚私募证券投资基金,SGQ716,北京宏量资管,,2019-05-28,2019-06-11,华泰证券股份有限公司,胡齐,,否,,,,,,,0,,,,,5-10亿元,P1065674
团队跟踪,恒如套利三号,SGQ731,恒如套利三号私募证券投资基金,SGQ731,上海恒如投资,,2019-09-19,2019-10-12,海通证券股份有限公司,甘磊,申购开放日为每周一和周二；赎回开放日为每月第四周的周二,否,0%,10万元起,0%,0.97,无,0.95,0.004,,0.02%/年,0.02%/年,高出水位线部分提取10%,0-5亿元,P1000715
团队跟踪,天演9期C号私募证券投资基金,SGQ892,天演9期C号私募证券投资基金,SGQ892,上海天演,,2019-06-10,2019-06-19,国泰君安证券股份有限公司,,每月最后一个交易日,否,,,,0.95,无,0.9,0.01,,0.03%,0.03%,20%,100亿元以上,P1004907
团队跟踪,高熵稳盛4号私募固定收益投资基金,SGR065,高熵稳盛4号私募固定收益投资基金,SGR065,北京高熵资管,,2019-06-06,2019-06-19,中信证券股份有限公司,邓浩、钟诚,"7 月 1 号，非工作日顺延
",否,1%,,0%,,无,,0.01,,,,"对期间年化收益率超过 7%以上部分按照 20%的比例收取管理人业绩报酬
",10-20亿元,P1068186
团队跟踪,潼骁纯债2号,SGR175,潼骁纯债2号私募证券投资基金,SGR175,潼骁投资,,2021-12-22,2021-12-23,华泰证券股份有限公司,吴迪、刘飞,,否,,,,,,,0,,,,,10-20亿元,P1004445
团队跟踪,理成圣远2号B期私募证券投资基金,SGR185,理成圣远2号B期私募证券投资基金,SGR185,上海理成资管,,2023-02-27,2023-03-07,广发证券股份有限公司,,每月15号,否,单笔申购金额＜500万元，申购费率为1%；500万元≤单笔申购金额＜1000万元，申购费率为0.8%；1000万元≤单笔申购金额，申购费率为0.5%,,0%,0.8,,0.75,0.009,,0.015%,0.015%,在业绩报酬计提基准日（投资者赎回日、收益分配基准日和基金清算基准日）提取，对基金份额持有人是收益部分提取20%作为业绩报酬,50-100亿元,P1000399
团队跟踪,念空安瑞私募证券投资基金,SGR188,念空安瑞私募证券投资基金,SGR188,上海念空,,2020-05-11,2020-05-14,中泰证券股份有限公司,王丽,每周最后一个交易日,否,无,,无,,,,0.01,,0.05%,0.05%,,50-100亿元,P1016966
团队跟踪,渡苇北洋1号,SGR203,渡苇北洋1号私募证券投资基金,SGR203,深圳渡苇,,2019-07-17,2019-07-29,招商证券股份有限公司,武自强、丁旭,,否,,,,,,,0,,,,,0-5亿元,P1016672
团队跟踪,华钧天汉1期私募证券投资基金,SGR234,华钧天汉1期私募证券投资基金,SGR234,北京华钧广汇投资,,2019-05-27,2019-06-19,中信证券股份有限公司,,,否,,,,,,,0,,,,,10-20亿元,P1067480
团队跟踪,因诺中证500指数增强1号私募证券投资基金,SGR247,因诺中证500指数增强1号私募证券投资基金,SGR247,上海因诺资管,,2019-07-10,2019-07-18,国泰君安证券股份有限公司,,,否,,,,,,,0,,,,,100亿元以上,P1006164
团队跟踪,平方和鼎盛中证1000指数增强23号私募证券投资基金,SGR289,平方和鼎盛中证1000指数增强23号私募证券投资基金,SGR289,宁波平方和投资,,2019-07-04,2019-07-11,招商证券股份有限公司,,,否,,,,,,,0,,,,,100亿元以上,P1025836
团队跟踪,博孚利多策略二号私募证券投资基金,SGR299,博孚利多策略二号私募证券投资基金,SGR299,厦门博孚利资管,,2019-06-14,2019-06-26,国信证券股份有限公司,,每月最后一个交易日,否,1%，额外缴纳，管理人可免除,最低10 万元,持有期小等于360 天，赎回费率为 1%。持有期大于360天免收。,0.8,无,,0.02,,0.04%,0.04%,不收取业绩报酬,50-100亿元,P1023120
团队跟踪,刀锋期权套利,SGR366,刀锋期权套利私募证券投资基金,SGR366,深圳刀锋,,2019-06-11,2019-06-25,招商证券股份有限公司,,每年每月10日,可临开申购和可临开赎回,0,1万,0,0.85,0,0.8,0.015,按日计提，按季支付；管理费从基金资产中每日计提。每个工作日公告的基金净值已扣除，无需投资者在每笔交易中另行支付。,0.01%,0.01%,"20%
单客户单笔份额高水位法，业绩报酬提取时点分为分红时提取、赎回时提取和合同终止时提取。",0-5亿元,P1026775
团队跟踪,三角洲量投1号,SGR430,三角洲量投1号私募证券投资基金,SGR430,宁波三角洲资管,,2019-08-09,2019-08-14,广发证券股份有限公司,桑潇潇,每季度末月的最后一个工作日,否,0%,,0%,0.85,365天,0.8,0.02,,0.05%,0.05%,20%,0-5亿元,P1065071
团队跟踪,启元星辉全天候1号私募证券投资基金,SGR513,启元星辉全天候1号私募证券投资基金,SGR513,温州启元资管,,2019-06-04,2019-06-13,国信证券股份有限公司,,,否,,,,,,,0,,,,,20-50亿元,P1012870
团队跟踪,旌安3号,SGR557,旌安3号私募证券投资基金,SGR557,浙江旌安,,2019-07-02,2019-07-11,招商证券股份有限公司,郑辉、裘强强、叶祎然,,否,,,,,,,0,,,,,100亿元以上,P1066329
团队跟踪,旌安5号私募证券投资基金,SGR605,旌安5号私募证券投资基金,SGR605,浙江旌安,,2019-07-01,2019-07-09,招商证券股份有限公司,郑辉、裘强强、叶祎然,本基金成立之日起3个月（每月按30个自然日计算）为封闭期，封闭期内原则上不允许基金份额持有人进行申购和赎回。本基金固定开放日为封闭期结束后每个自然月的20日（遇非交易日顺延至下一交易日）。,否,无,追加金额应不低于10万元人民币且为10万元的整数倍。,若基金份额持有时间少于12个月，赎回费率1%；若基金份额持有时间大于等于12个月，赎回费率0。管理人可在运作期下调赎回费率（但不得对个别投资者进行减免），具体以基金管理人通知为准;基金份额持有人赎回费归基金资产所有。,0.83,成立之日起3个月（每月按30个自然日计算）为封闭期,0.8,0.01,1.00%,0.025%,0.025%,"单客户单笔份额高水位法,在两类情况下管理人将根据基金份额持有人的收益情况对本基金提取业绩报酬，一类是基金份额持有人申请赎回或本基金终止时提取业绩报酬；另一类是分红时提取业绩报酬。
管理人将提取赎回份额或分红份额当期收益的20%作为业绩报酬（当R>0％时，对超过0%的收益部分提取20%的业绩报酬）。",100亿元以上,P1066329
团队跟踪,大树套利一号私募证券投资基金,SGR671,大树套利一号私募证券投资基金,SGR671,广州大树投资,,2019-06-14,2019-07-02,海通证券股份有限公司,温泉,,否,,,,,,,0,,,,,0-5亿元,P1003164
团队跟踪,钧誉厚德量化对冲3号私募证券投资基金,SGR774,钧誉厚德量化对冲3号私募证券投资基金,SGR774,珠海钧誉资管,,2019-06-18,2019-07-01,中国国际金融股份有限公司,侯勇,每自然月第10个自然日为开放日。如该对应日为非工作日，则开放日为该日后的第一个工作日。,可临开申购,B类份额：0,每次追加申购的最低金额为10万元人民币。,0,0.8,成立后180天（已结束）。,0.75,0.01,B类份额：0.5%/年,0.025%/年,0.025%/年,"B类份额：单人单笔高水位法，针对收益0%以上的部分计提10%业绩报酬
本基金业绩报酬计提日为：封闭期过后，每年1月及7月的最后一个交易日，基金份额持有人实际赎回基金份额时（包含全部赎回，部分赎回）、基金终止日。",0-5亿元,P1068716
团队跟踪,量锐62号私募证券投资基金,SGR954,量锐62号私募证券投资基金,SGR954,宁波金戈量锐资管,,2019-07-01,2019-07-09,国泰君安证券股份有限公司,金戈,FOF投资产品池,否,每月最后一个交易日，可临开,宁波金戈量锐资产管理有限公司,0%,0,股票多空策略,0,0.015,,,,"对标500指数计提超额，20%
报酬提取日：每季度最后一个交易日，赎回日，分红日，基金终止日",100亿元以上,P1008220
团队跟踪,千朔指数增强二号,SGR991,千朔指数增强二号私募证券投资基金,SGR991,上海千朔投资,,2019-06-21,2019-07-01,国泰君安证券股份有限公司,黄辉,FOF投资产品池,否,每周一三五，可临开,上海千朔投资管理有限公司,,,股票多空策略,,0,,,,,50-100亿元,P1069502
团队跟踪,毕盛狮远,SGS011,毕盛狮远私募证券投资基金,SGS011,上海毕盛投资,,2019-07-09,2019-07-19,中国国际金融股份有限公司,王康宁,,否,,,,,,,0,,,,,20-50亿元,P1068712
团队跟踪,大雁锦绣证券投资私募基金,SGS073,大雁锦绣证券投资私募基金,SGS073,上海玄信投资,,2019-05-31,2019-07-02,海通证券股份有限公司,,,否,,,,,,,0,,,,,50-100亿元,P1064551
团队跟踪,信实2号,SGS117,信实2号私募证券投资基金,SGS117,厦门信实资管,,2019-06-27,2019-07-03,兴业证券股份有限公司,林清含,每月20,否,,,,,,,0.02,,,,,5-10亿元,P1020162
团队跟踪,正瀛权智19号私募证券投资基金,SGS197,正瀛权智19号私募证券投资基金,SGS197,上海正瀛资管,,2019-10-22,2019-10-28,国泰君安证券股份有限公司,钟方醒,,否,,,,,,,0,,,,,100亿元以上,P1060813
团队跟踪,申优水星2号私募证券投资基金,SGS250,申优水星2号私募证券投资基金,SGS250,深圳申优资管,,2019-07-10,2019-08-12,招商证券股份有限公司,刘嘉华,,否,,,,,,,0,,,,,0-5亿元,P1028971
团队跟踪,蜂雀量化市场中性2号私募证券投资基金,SGS270,蜂雀量化市场中性2号私募证券投资基金,SGS270,北京蜂雀投资,,2019-07-01,2019-07-05,招商证券股份有限公司,,,否,,,,,,,0,,,,,0-5亿元,P1062363
团队跟踪,平方和多策略对冲6号,SGS568,平方和多策略对冲6号私募证券投资基金,SGS568,宁波平方和投资,,2019-07-03,2019-07-11,中信证券股份有限公司,吕杰勇,,否,,,,,,,0,,,,,100亿元以上,P1025836
团队跟踪,弈倍景杉量化对冲私募证券投资基金,SGS660,弈倍景杉量化对冲私募证券投资基金,SGS660,上海弈倍,,2019-06-12,2019-06-24,华泰证券股份有限公司,余建国、汤昕烨,每自然月第10个自然日为开放日。如该对应日为非工作日，则开放日为该日后的第一个工作日。,可临开申购,B类份额：0,每次追加申购的最低金额为10万元人民币。,0,0.8,成立后180天（已结束）。,0.75,0.01,,0.025%/年,0.025%/年,,20-50亿元,P1061585
团队跟踪,鋆晟狮王套利私募证券投资基金,SGS754,鋆晟狮王套利私募证券投资基金,SGS754,上海鋆晟投资,,2019-07-18,2019-08-02,招商证券股份有限公司,许钧天,每自然月15号,否,,,,0.96,,0.95,0.01,0.5%,0.04%,0.04%,同策20%,0-5亿元,P1028385
团队跟踪,汇富联合乙亥3号私募证券投资基金,SGS938,汇富联合乙亥3号私募证券投资基金,SGS938,深圳前海汇富联合,,2019-06-12,2019-06-19,华泰证券股份有限公司,张瑞琦,,否,,,,,,,0,,,,,20-50亿元,P1006506
团队跟踪,洛书CTA优选壹号私募证券投资基金,SGT003,洛书CTA优选壹号私募证券投资基金,SGT003,上海洛书投资,,2019-06-20,2019-07-04,国泰君安证券股份有限公司,,每周周三,否,1%,1万元起,持有期小于180天，赎回费率为1%；持有期大等于180天且小于360天，赎回费率为0.5%；持有期大等于360天，赎回费率为0%,0.52,无,0.5,0.01,,0.015%,0.015%,"计提基准日：投资者赎回日、分红权益登记日、基金清算日。
采用单个投资者单笔投资年化收益差额法计提，即各类基金份额持有人每笔所持份额或赎回份额在持有期的年化收益率（R）大于业绩报酬计提基准时，对超出业绩报酬计提基准的持有期差额收益按【20%】的比例进行计提。",100亿元以上,P1015392
团队跟踪,湘楚麓山二号私募证券投资基金,SGT050,湘楚麓山二号私募证券投资基金,SGT050,湖南湘楚,,2019-06-27,2019-07-03,兴业证券股份有限公司,,,否,,,,,,,0,,,,,0-5亿元,P1069255
团队跟踪,信伟达辰星量化1号,SGT135,信伟达辰星量化1号私募证券投资基金,SGT135,北京信伟达资管,,2019-07-08,2019-07-16,中信证券股份有限公司,金辰,,否,,,,,,,0,,,,,0-5亿元,P1060020
团队跟踪,阳泽格林1号私募证券投资基金,SGT338,阳泽格林1号私募证券投资基金,SGT338,杭州阳泽,,2019-07-02,2019-07-10,国信证券股份有限公司,邵明,每季度最后一个交易日,否,1%,,,0.85,,0.8,0.015,1.5%,0.035%,0.035%,,0-5亿元,P1062863
团队跟踪,宽德飞虹43号私募证券投资基金,SGT399,宽德飞虹43号私募证券投资基金,SGT399,上海宽德,,2019-06-24,2019-06-27,国信证券股份有限公司,徐御之,本基金每周四为申购开放日，投资者可以申购参与本基金；每月第二个周四为赎回开放日，投资者可以申请赎回本基金，以上申购/赎回开放日如遇非交易日则顺延至下一个为交易日的周四，以此类推。当申购开放日与赎回开放日重合时，投资者可以申购参与本基金，也可以申请赎回本基金。,否,365天内1%赎回费，归管理人,,D<1年，1%,,,,0,2.0%,,,业绩报酬：20.0%（绝对收益）,100亿元以上,P1005623
团队跟踪,宽客增强1号私募证券投资基金,SGT432,宽客增强1号私募证券投资基金,SGT432,福建省宽客投资,,2019-07-18,2019-07-26,国信证券股份有限公司,,,否,,,,,,,0,,,,,0-5亿元,P1019324
团队跟踪,奥凯志晟1号私募证券投资基金,SGT442,奥凯志晟1号私募证券投资基金,SGT442,上海创奥投资,,2019-06-25,2019-07-02,招商银行股份有限公司,,,否,,,,,,,0,,,,,20-50亿元,P1013066
团队跟踪,盛冠达CTA基本面进取1号私募证券投资基金,SGT498,盛冠达CTA基本面进取1号私募证券投资基金,SGT498,海南盛冠达,,2019-06-20,2019-07-03,华泰证券股份有限公司,黄灿、余浩,,否,,,,,,,0,,,,,20-50亿元,P1001070
团队跟踪,千惠领航5号私募证券投资基金,SGT591,千惠领航5号私募证券投资基金,SGT591,深圳千惠资本,,2019-07-01,2019-07-04,中泰证券股份有限公司,,,否,,,,,,,0,,,,,50-100亿元,P1062947
团队跟踪,御澜伏尔加元创5号私募证券投资基金,SGT788,御澜伏尔加元创5号私募证券投资基金,SGT788,广东御澜资管,,2019-06-28,2019-07-11,国泰君安证券股份有限公司,崔飒、项祥中,,可临开申购和可临开赎回,,,,,,,0,,,,,0-5亿元,P1064874
团队跟踪,龙龟9号私募证券投资基金,SGT921,龙龟9号私募证券投资基金,SGT921,上海龙龟投资,,2019-07-05,2019-07-12,中信建投证券股份有限公司,,,否,,,,,,,0,,,,,0-5亿元,P1027957
团队跟踪,善流钱塘一号私募证券投资基金,SGU468,善流钱塘一号私募证券投资基金,SGU468,上海善流投资,,2019-07-18,2019-07-26,招商证券股份有限公司,徐琛,每周周二,可临开赎回,0%,,持有期小于 6 个月，赎回费率 1%；持有期大等于 6 个月，赎回费率 0%,0.85,,0.8,0.015,,0.05%,0.05%,当 R>0％时，对超过 0%的收益部分提取 20%的业绩报酬,0-5亿元,P1066120
团队跟踪,启林金选量化对冲1号,SGU475,启林金选量化对冲1号私募证券投资基金,SGU475,上海启林投资,,2019-07-26,2019-08-05,国泰君安证券股份有限公司,王鸿勇,,否,,,,,,,0,,,,,100亿元以上,P1064525
团队跟踪,银河期货权银河星辰一号集合资产管理计划,SGU522,银河期货权银河星辰一号集合资产管理计划,SGU522,银河期货,,2019-07-04,2019-07-16,华泰证券股份有限公司,,,否,,,,,,,0,,,,,,PT0500011746
团队跟踪,盛冠达CTA基本面进取2号,SGU946,盛冠达CTA基本面进取2号私募证券投资基金,SGU946,海南盛冠达,,2019-08-02,2019-08-14,招商证券股份有限公司,黄灿、余浩,,否,,,,,,,0,,,,,20-50亿元,P1001070
团队跟踪,海狮伽玛六期私募证券投资基金,SGV029,海狮伽玛六期私募证券投资基金,SGV029,上海海狮资管,,2019-07-05,2019-07-15,中信证券股份有限公司,宋英晖,,否,,,,,,,0,,,,,0-5亿元,P1007353
团队跟踪,银河期货权银河旗舰7号集合资产管理计划,SGV472,银河期货权银河旗舰7号集合资产管理计划,SGV472,银河期货,,2019-07-09,2019-07-17,华泰证券股份有限公司,,,否,,,,,,,0,,,,,,PT0500011746
团队跟踪,御澜黄河6号私募证券投资基金,SGV490,御澜黄河6号私募证券投资基金,SGV490,广东御澜资管,,2019-07-19,2019-07-26,国泰君安证券股份有限公司,崔飒、项祥中,,否,,,,,,,0,,,,,0-5亿元,P1064874
团队跟踪,衍盛铭量沪深300指数增强1号证券私募投资基金,SGV846,衍盛铭量沪深300指数增强1号证券私募投资基金,SGV846,深圳衍盛,,2019-07-25,2019-08-01,国泰君安证券股份有限公司,,,否,,,,,,,0,,,,,50-100亿元,P1004055
团队跟踪,佑维CTA平衡一号,SGW076,佑维CTA平衡一号私募证券投资基金,SGW076,北京佑维投资,,2019-07-29,2019-08-05,国泰君安证券股份有限公司,王思达、龚晓雨,"申购：每周最后一个交易日
赎回：每周最后一个交易日
",否,0%,不低于1万元。,0%,0.85,自成立日起【3 个月】内为封闭期,0.8,0.01,,0.015%,0.015%,"整体年化收益梯度收取：
当 0＜基金年化收益≤【40%】时，对超出业绩报酬计提基准部分提取【25%】的业绩报酬；
当 基金年化收益＞ 40%时，对超出业绩报酬计提基准部分分段提取【25%】和【50%】的业绩报
酬，即 E=K×T1×（R–B-0.4）×T/365×【50%】+ K×T1×0.4×T/365×【25%】；
当 基金年化收益 ≤0 时，不提取业绩报酬",0-5亿元,P1069947
团队跟踪,庄贤对冲3号,SGW091,庄贤对冲3号私募证券投资基金,SGW091,杭州庄贤投资,,2019-07-19,2019-07-30,国信证券股份有限公司,,,否,,,,,,,0,,,,,20-50亿元,P1063460
团队跟踪,在赢套利一号私募证券投资基金,SGW281,在赢套利一号私募证券投资基金,SGW281,浙江在赢,,2019-09-02,2019-09-11,申万宏源证券有限公司,,每月的10日,可临开赎回,0%,,0%,0.85,,0.8,0.01,,0.02%,0.02%,30%,5-10亿元,P1009338
团队跟踪,纽达投资可转债一号,SGW516,纽达投资可转债一号私募证券投资基金,SGW516,珠海纽达投资,,2019-09-10,2019-09-16,招商证券股份有限公司,,,否,,,,,,,0,,,,,100亿元以上,P1066731
团队跟踪,量信量化3期私募证券投资基金,SGW525,量信量化3期私募证券投资基金,SGW525,北京量信投资,,2019-08-14,2019-08-22,国信证券股份有限公司,高嵩、任重,,否,,,,,,,0,,,,,0-5亿元,P1034574
团队跟踪,明汯红橡金麟专享1号,SGW531,明汯红橡金麟专享1号私募证券投资基金,SGW531,上海明汯投资,,2019-08-07,2019-08-12,招商证券股份有限公司,解环宇,,否,,,,,,,0,,,,,100亿元以上,P1004150
团队跟踪,和桂宜加私募证券投资基金,SGW566,和桂宜加私募证券投资基金,SGW566,上海和桂,,2019-08-02,2019-08-29,国金证券股份有限公司,胡滋涌,申购开放日为每月15号，赎回开放日为赎回封闭期结束后每月的15号,可临开申购,0%,,持有期小于3个月，赎回费率为1%；持有期大等于3个月，赎回费率为0%,0.8,6个月,0.75,0.015,,0%,0%,管理人对期间年化收益率超过0%的部分提取20%作为业绩报酬,0-5亿元,P1067763
团队跟踪,思勰投资思新稳健CTA47号,SGW629,思勰投资思新稳健CTA47号私募证券投资基金,SGW629,上海思勰投资,,2019-07-29,2019-08-05,国泰君安证券股份有限公司,,每月最后一个交易日,否,0%,1万元,0%,0.85,无,0.8,0.012,,0.05%,,18%,100亿元以上,P1032873
团队跟踪,卓识尊享慧选一号私募证券投资基金,SGW635,卓识尊享慧选一号私募证券投资基金,SGW635,北京卓识,,2019-07-30,2019-08-07,华泰证券股份有限公司,,每月的第1个工作日,否,,,,,无封闭期,0.85,0.002,0.2%,0.03%,0.03%,,100亿元以上,P1063264
团队跟踪,格行红橡金麟量化CTA1号私募证券投资基金,SGW644,格行红橡金麟量化CTA1号私募证券投资基金,SGW644,湖南格行资管,,2019-08-13,2019-08-16,中泰证券股份有限公司,,"每月12号，遇非顺延
",否,,,,0.85,无,0.8,0.01,,,"0.10%
","20%
",0-5亿元,P1033471
团队跟踪,新湖期货创稳3号,SGW692,新湖期货创稳3号集合资产管理计划,SGW692,新湖期货,,2019-11-14,2019-11-14,招商证券股份有限公司,,,否,,,,,,,0,,,,,,PT0500030378
团队跟踪,大树-安心盈扬帆8号私募证券投资基金,SGW702,大树-安心盈扬帆8号私募证券投资基金,SGW702,深圳大树,,2019-07-18,2019-08-01,兴业证券股份有限公司,,,否,,,,,,,0,,,,,0-5亿元,P1023564
团队跟踪,蒙玺玻尔兹曼2号量化私募证券投资基金,SGW855,蒙玺玻尔兹曼2号量化私募证券投资基金,SGW855,上海蒙玺投资,,2019-08-23,2019-08-30,海通证券股份有限公司,,"每季度首月5号、6号
",否,,,,0.96,无,0.95,0.015,,,"0.10%
","20%
",100亿元以上,P1063294
团队跟踪,银瓴运通对冲套利进取1号,SGW982,银瓴运通对冲套利进取1号证券投资私募基金,SGW982,广西银瓴资产,,2019-08-01,2019-08-06,招商证券股份有限公司,莫帆,,否,,,,,,,0,,,,,0-5亿元,P1026879
团队跟踪,明钺楚晧私募证券投资基金,SGX008,明钺楚晧私募证券投资基金,SGX008,珠海明钺,,2019-08-22,2019-09-04,招商证券股份有限公司,,,否,,,,,,,0,,,,,50-100亿元,P1066816
团队跟踪,茂源英火CTA-1号2期私募证券投资基金,SGX328,茂源英火CTA-1号2期私募证券投资基金,SGX328,海南茂源量化,,2019-08-09,2019-08-16,海通证券股份有限公司,,,否,,,,,,,0,,,,,100亿元以上,P1061840
团队跟踪,因诺聚配中证500指数增强,SGX346,因诺聚配中证500指数增强私募证券投资基金,SGX346,上海因诺资管,,2019-08-14,2019-08-22,国泰君安证券股份有限公司,,"每月18号，遇非顺延
",否,,,,,无封闭期,,0.01,"1.00%
",,"0.10%
","中证500指数超强30%的部分计提16%，超过30%的部分计提40%
",100亿元以上,P1006164
团队跟踪,博孚利瑞盈9号私募证券投资基金,SGX509,博孚利瑞盈9号私募证券投资基金,SGX509,厦门博孚利资管,,2022-10-10,2022-10-10,国泰君安证券股份有限公司,,封闭式，无开放日,可临开申购,0%,-,0%,,-,,0.006,销售服务费0.6%,0.025%,0.025%,不计提业绩报酬,50-100亿元,P1023120
团队跟踪,昊泽CTA金塘3号私募证券投资基金,SGX517,昊泽CTA金塘3号私募证券投资基金,SGX517,北京昊泽致远,,2019-08-16,2019-08-21,国信证券股份有限公司,,每个自然月的最后一个工作日,否,,,,0.85,无封闭期,0.83,0.008,0.8%,0.05%,0.05%,20%,0-5亿元,P1067442
团队跟踪,朋锦银海星驰私募证券投资基金,SGX995,朋锦银海星驰私募证券投资基金,SGX995,仲阳天王星,,2019-10-25,2019-10-30,招商证券股份有限公司,,,否,,,,,,,0,,,,,100亿元以上,P1005954
团队跟踪,因诺中证1000指数增强1号,SGY044,因诺中证1000指数增强1号私募证券投资基金,SGY044,上海因诺资管,,2019-09-23,2019-09-27,国泰君安证券股份有限公司,,FOF投资产品池,否,每个月最后一个自然日,因诺（上海）资产管理有限公司,,,股票多空策略,,0.02,,,,,100亿元以上,P1006164
团队跟踪,广聚星合禾荃1号私募证券投资基金,SGY053,广聚星合禾荃1号私募证券投资基金,SGY053,共青城广聚星合,,2019-08-23,2019-09-02,华泰证券股份有限公司,,,否,,,,,,,0,,,,,10-20亿元,P1071800
团队跟踪,赢仕创盈一号私募证券投资基金,SGY352,赢仕创盈一号私募证券投资基金,SGY352,上海赢仕投资,,2019-08-09,2019-08-14,中信证券股份有限公司,,,否,,,,,,,0,,,,,10-20亿元,P1028261
团队跟踪,启林愿景8号私募证券投资基金,SGY379,启林愿景8号私募证券投资基金,SGY379,上海启林投资,,2019-08-15,2019-08-20,招商证券股份有限公司,,,否,,,,,,,0,,,,,100亿元以上,P1064525
团队跟踪,霁泽夏天1号私募证券投资基金,SGY744,霁泽夏天1号私募证券投资基金,SGY744,宁波霁泽投资,,2019-09-02,2019-09-09,国泰君安证券股份有限公司,张宁丰,,否,,,,,,,0,,,,,5-10亿元,P1067789
团队跟踪,雸昇成长1号私募证券投资基金,SGY749,雸昇成长1号私募证券投资基金,SGY749,杭州雸昇资管,,2019-09-03,2019-09-09,国泰君安证券股份有限公司,,每月15日,否,0%,1万元起,0%,0.85,,0.8,0.01,,0.02%,0.02%,20%,5-10亿元,P1064624
团队跟踪,白鹭鼓浪屿量化多策略一号,SGY853,白鹭鼓浪屿量化多策略一号私募证券投资基金,SGY853,浙江白鹭资管,,2019-08-21,2019-08-28,海通证券股份有限公司,,"申购日：3/6/9/12月的20号；
赎回日：3/6/9/12月的20号；临开",否,0,,0,0.85,无,0.8,0.01,,,,20%,20-50亿元,P1030053
团队跟踪,量道洞察多空1号私募证券投资基金,SGY953,量道洞察多空1号私募证券投资基金,SGY953,深圳量道投资,,2019-08-27,2019-08-30,国泰君安证券股份有限公司,,基金成立之后的每周周三、周四，如遇非交易日，则该非交易日对应的开放取消。,否,1%,追加金额为 1 万元的整数倍,基金份额持有期限< 90 天，赎回费率为 0.5%；基金份额持有期≧90 天，赎回费率为 0%，不可减免,,无,,0.01,,0.03%/年,0.03%/年,"1、计提方式：单个投资者单笔投资绝对收益全额法
2、计提时点：投资者赎回日、分红权益登记日、基金清算日
3、计提比例：10%",100亿元以上,P1016658
团队跟踪,量道汇盈6号私募证券投资基金,SGZ011,量道汇盈6号私募证券投资基金,SGZ011,深圳量道投资,,2019-08-14,2019-08-21,华泰证券股份有限公司,,每个交易日,可临开申购和可临开赎回,1%,1万元起,1%,,无,,0,,,0.05%,"计提比例：年化收益率6%以下不计提，6%以上管理人从0开始计提60%，提完之后不低于6%。
计提基准日：赎回日、基金终止日、分红日、固定结算日（每年度12月28日）",100亿元以上,P1016658
团队跟踪,华钧悟得1期私募证券投资基金,SGZ180,华钧悟得1期私募证券投资基金,SGZ180,北京华钧广汇投资,,2019-08-20,2019-09-02,中信证券股份有限公司,,每周周四、周五,否,0%,,0%,0.97,3个月,0.95,0.01,,0.05%,0.05%,对期间年化收益率超过 0%以上部分按照 50%的比例收取业绩报酬,10-20亿元,P1067480
团队跟踪,杭州慧创-聚顺鑫二号私募证券投资基金,SGZ185,杭州慧创-聚顺鑫二号私募证券投资基金,SGZ185,杭州慧创投资,,2019-09-12,2019-09-25,招商证券股份有限公司,,,否,,,,,,,0,,,,,0-5亿元,P1005233
团队跟踪,大岩锐意进取私募证券投资基金,SGZ277,大岩锐意进取私募证券投资基金,SGZ277,深圳嘉石大岩,,2019-09-27,2019-10-11,招商证券股份有限公司,黄铂,,否,,,,,,,0.014,,,,,50-100亿元,P1000709
团队跟踪,千朔量化十五号,SGZ433,千朔量化十五号私募证券投资基金,SGZ433,上海千朔投资,,2019-09-10,2019-09-17,国泰君安证券股份有限公司,黄辉,,否,,,,,,,0,,,,,50-100亿元,P1069502
团队跟踪,蒙玺祖冲之2号量化私募证券投资基金,SGZ572,蒙玺祖冲之2号量化私募证券投资基金,SGZ572,上海蒙玺投资,,2019-09-12,2019-10-25,招商证券股份有限公司,,"每月15日
",可临开赎回,1%,,0%,0.85,无,0.8,0,A 类份额：0%；B类份额：1%,0.03%,0.03%," A 类份额不提取业绩报酬；B 类份额提取当期超过中证 500指数（000905同期收益的 20%
",100亿元以上,P1063294
团队跟踪,茂源量化指数增强精选8号私募证券投资基金,SGZ596,茂源量化指数增强精选8号私募证券投资基金,SGZ596,海南茂源量化,,2019-08-29,2019-09-04,国泰君安证券股份有限公司,,,否,,,,,,,0,,,,,100亿元以上,P1061840
团队跟踪,洺沣量化1号私募证券投资基金,SGZ655,洺沣量化1号私募证券投资基金,SGZ655,共青城洺沣投资,,2019-08-27,2019-09-04,中信证券股份有限公司,卫少峰,,否,,,,,,,0,,,,,10-20亿元,P1070038
团队跟踪,量道汇盈7号私募证券投资基金,SGZ736,量道汇盈7号私募证券投资基金,SGZ736,深圳量道投资,,2019-08-22,2019-08-27,华泰证券股份有限公司,,每个工作日,可临开申购和可临开赎回,1%,1万元起,0%,,无,,0.01,,,0.03%,"1.业绩报酬提取时点：在固定时点、基金收益分配、 基金份额持有人赎回基金或者基金终止时。
2.固定计提日：每年 6 月及 12 月最后一个交易日。
计算采用单客户单笔份额高水位法，计提比例为25%。",100亿元以上,P1016658
团队跟踪,念空瑞景1号,SGZ812,念空瑞景1号私募证券投资基金,SGZ812,上海念空,,2019-09-16,2019-09-24,国投证券股份有限公司,王丽,,否,,,,,,,0,,,,,50-100亿元,P1016966
团队跟踪,念空安景1号私募证券投资基金,SGZ814,念空安景1号私募证券投资基金,SGZ814,上海念空,,2019-10-09,2019-10-23,国投证券股份有限公司,王丽,每日,否,无,,无,,,,0.008,,0.025%,0.025%,,50-100亿元,P1016966
团队跟踪,呈瑞精选11号私募证券投资基金,SGZ905,呈瑞精选11号私募证券投资基金,SGZ905,上海呈瑞投资,,2019-11-27,2019-12-02,中国银河证券股份有限公司,,,否,,,,,,,0,,,,,50-100亿元,P1001067
团队跟踪,新思哲多策略8期私募证券投资基金,SGZ961,新思哲多策略8期私募证券投资基金,SGZ961,深圳新思哲投资,,2019-09-24,2019-09-27,国泰君安证券股份有限公司,韩广斌,每月10号,可临开赎回,0%,,持有期小于183天，赎回费率为0.5%；持有期大等于183天，赎回费率为0%,,6个月,,0.014,,0.05%,0.05%,20%,50-100亿元,P1000410
团队跟踪,金牛精选3号基金,SH1306,金牛精选3号基金,SH1306,上海兆天投资,,2016-05-12,2016-05-17,中信证券股份有限公司,范迪钊,,否,,,,,,,0,,,,,0-5亿元,P1011297
团队跟踪,锦水源一期,SH1707,锦水源一期,SH1707,安徽锦水源投资,,2016-03-02,2016-03-14,华泰证券股份有限公司,,,否,,,,,,,0,,,,,10亿以下,P1029265
团队跟踪,格量稳健1号证券投资基金,SH1759,格量稳健1号证券投资基金,SH1759,上海格量资管,,2016-02-29,2016-03-11,中国银河证券股份有限公司,王乃生,,否,,,,,,,0,,,,,0-5亿元,P1028973
团队跟踪,量锐7号,SH1956,量锐7号私募证券投资基金,SH1956,宁波金戈量锐资管,,2016-05-04,2016-05-16,国信证券股份有限公司,金戈,,否,,,,,,,0,,,,,100亿元以上,P1008220
团队跟踪,天演中证500指数增强证券投资基金,SH3322,天演中证500指数增强证券投资基金,SH3322,上海天演,,2016-03-01,2016-03-08,国金证券股份有限公司,谢晓阳,每个工作日,否,,,,,无,,0.008,,,,超过同期中证500指数收益的超额收益部分，针对超额计提20%,100亿元以上,P1004907
团队跟踪,珺牛量子2号基金,SH3368,珺牛量子2号基金,SH3368,上海珺容资管,,2016-04-05,2016-04-07,招商证券股份有限公司,,,否,,,,,,,0,0.017000,,,0.200000,20-50亿元,P1015933
团队跟踪,衍盛新价值配置5期私募证券投资基金,SH4530,衍盛新价值配置5期私募证券投资基金,SH4530,深圳衍盛,,2016-03-16,2016-03-28,招商证券股份有限公司,,FOF投资产品池,否,每自然月15号和最后一个工作日,衍盛私募证券投资基金管理（海南）有限公司,,0,管理期货策略,0,0,,,,,50-100亿元,P1004055
团队跟踪,宽客1号私募证券投资基金,SH5359,宽客1号私募证券投资基金,SH5359,福建省宽客投资,,2016-05-09,2016-05-13,兴业证券股份有限公司,,,否,,,,,,,0,,,,,0-5亿元,P1019324
团队跟踪,杭州润洲春华1号基金,SH5825,杭州润洲春华1号基金,SH5825,杭州润洲,,2016-03-15,2016-03-22,兴业证券股份有限公司,,,否,,,,,,,0,,,,,50-100亿元,P1006059
团队跟踪,昭融博创1号私募证券投资基金A类份额,SH668A,昭融博创1号私募证券投资基金A类份额,SH668A,武汉昭融汇利,,2021-08-23,2021-08-27,长江证券股份有限公司,,,否,,,,,,,0,,,,,50-100亿元,P1010330
团队跟踪,龙旗巨星一号,SH7639,龙旗巨星一号私募投资基金,SH7639,杭州龙旗科技,,2016-04-15,2016-04-20,国泰君安证券股份有限公司,朱晓康,申购开放日：每周最后一个交易日。赎回开放日：每自然季度末月（3、6、9、12月）最后一个交易日。,可临开申购和可临开赎回,0%,追加金额1万元起,0%,0.8,无,,0.015,本基金的管理费自基金成立日起，每日计提，按季支付。,0.05%/年,0.05%/年,业绩报酬：20.0%（绝对收益）,100亿元以上,P1000676
团队跟踪,珠池大数据热点追踪基金1期,SH8108,珠池大数据热点追踪基金1期,SH8108,上海珠池资管,,2016-06-17,2016-06-23,国信证券股份有限公司,,,否,,,,,,,0,,,,,50-100亿元,P1014451
团队跟踪,月月赢麒麟财富8号证券投资基金,SH9522,月月赢麒麟财富8号证券投资基金,SH9522,上海量胜资管,,2016-03-31,2016-04-25,华泰证券股份有限公司,,,否,,,,,,,0,,,,,0-5亿元,P1025859
团队跟踪,宏锡量化2号私募证券投资基金,SJ0437,宏锡量化2号私募证券投资基金,SJ0437,广东宏锡基金,,2016-05-06,2016-05-12,广发证券股份有限公司,刘锡斌,,否,,,,,,,0,,,,0.200000,100亿元以上,P1008245
团队跟踪,锦成盛宏观策略基金,SJ0525,锦成盛宏观策略基金,SJ0525,杭州锦成盛资管,,2016-04-28,2016-04-29,中信证券股份有限公司,,,否,,,,,,,0,,,,,10-20亿元,P1030526
团队跟踪,柏泰华盈常青藤套利1号,SJ1573,柏泰华盈常青藤套利1号基金,SJ1573,上海柏泰华盈,,2016-07-14,2016-07-20,招商证券股份有限公司,,每自然月5号,否,1.00%,,2个月以下1%；2个月及以上不收,,成立3个月内不得赎回,,0.015,1.50%,0.0300%,,"对年化收益率的0-20%部分提取20%，对年化收益率20~30%部分提取30%，对年化收益率30~50%部分
提取40%，对年化率超过 50%部分提取50%",5-10亿元,P1015725
团队跟踪,爱建·中南集团城市发展基金集合资金信托计划,SJ2647,爱建·中南集团城市发展基金集合资金信托计划,SJ2647,,上海中南源地股权,2015-06-05,2016-04-20,兴业银行股份有限公司,,,否,,,,,,,0,,,,,,
团队跟踪,名禹沐风1期,SJ2767,名禹沐风1期私募证券投资基金,SJ2767,上海名禹资管,,2016-04-18,2016-04-21,招商证券股份有限公司,陈美风,,否,,,,,,,0,,,,,10-20亿元,P1000887
团队跟踪,远澜红松私募证券投资基金,SJ4234,远澜红松私募证券投资基金,SJ4234,上海远澜,,2016-04-22,2016-05-11,招商证券股份有限公司,王凯,每个自然周的周四（遇法定节假日顺延至下一工作日，如本周无下一工作日则本周无开放日）,可临开赎回,0,首次申购不低于100万元，追加申购不低于1万元,持有时间 < 3个月：1%（违约赎回费）；持有时间 ≥ 3个月：0%,0.85,无,0.8,0.015,"A类份额：0%/年
B类份额：1.5%/年
每日计提，按季支付",0.025%/年，以前一日基金资产净值每日计提，按季支付,0.025%/年，以前一日基金资产净值每日计提，按季支付,"计提基准：0%（超过0%部分提取）
提取比例：20%（仅B类份额）
计提时点：赎回、分红、基金终止时
连续两次计提间隔≥6个月（分红提取时适用）
A类份额不计提业绩报酬",100亿元以上,P1018484
团队跟踪,远澜火松私募证券投资基金,SJ4346,远澜火松私募证券投资基金,SJ4346,上海远澜,,2016-04-22,2016-05-11,招商证券股份有限公司,,每月最后一个交易日,否,无,,无,,3个月,,0.005,,,,"单笔高水位，20%（累计净值）
",100亿元以上,P1018484
团队跟踪,远澜乔松,SJ4367,远澜乔松私募证券投资基金,SJ4367,上海远澜,,2016-04-22,2016-05-16,招商证券股份有限公司,周龙威,,否,,,,,,,0,,,,,100亿元以上,P1018484
团队跟踪,上海宽德卓越,SJ5143,上海宽德卓越私募证券投资基金,SJ5143,上海宽德,,2016-04-28,2016-05-17,国泰海通证券股份有限公司,徐御之,,否,,,,,,,0,,,,,100亿元以上,P1005623
团队跟踪,天演赛能基金,SJ6013,天演赛能证券投资基金,SJ6013,上海天演,,2016-05-04,2016-05-10,国金证券股份有限公司,谢晓阳,每个工作日,否,,,,0.75,无封闭期,0.7,0.008,0.80%,0.01%,0.09%,,100亿元以上,P1004907
团队跟踪,天演赛行证券投资基金,SJ6015,天演赛行证券投资基金,SJ6015,上海天演,,2016-05-04,2016-05-10,国金证券股份有限公司,,每个工作日,否,,,,,无,,0.01,,,,20%,100亿元以上,P1004907
团队跟踪,英旷专享1号私募证券投资基金A类份额,SJ626A,英旷专享1号私募证券投资基金A类份额,SJ626A,上海英旷资管,,2021-08-16,2021-08-20,财通证券股份有限公司,,每日,否,无,不少于1万元人民币,无,0.95,无,0.9,0,1.50%,0.030%,0.020%,0|0.2,0-5亿元,P1071507
团队跟踪,英旷专享1号私募证券投资基金B类份额,SJ626B,英旷专享1号私募证券投资基金B类份额,SJ626B,上海英旷资管,,2021-08-16,2021-08-20,财通证券股份有限公司,,每日,否,,不少于1万元人民币,,0.95,无,0.9,0,,0.030%,0.020%,,0-5亿元,P1071507
团队跟踪,千象11期私募证券投资基金,SJ7154,千象11期私募证券投资基金,SJ7154,上海千象资产,,2016-06-13,2016-06-15,国金证券股份有限公司,,,否,,,0.030000,,,,0,,0.000100,,0.200000,100亿元以上,P1006930
团队跟踪,久期量和指数1号,SJ8129,久期量和指数1号私募证券投资基金,SJ8129,上海久期量和投资,,2016-05-25,2016-06-02,中信证券股份有限公司,程建涛,,否,,,,,,,0,,,,,20-50亿元,P1031301
团队跟踪,从石1号,SJA156,从石1号私募证券投资基金,SJA156,杭州从石,,2019-09-19,2019-09-26,国泰君安证券股份有限公司,聂磊,,否,,,,,,,0,,,,,0-5亿元,P1033002
团队跟踪,昌宏盛瑞启明星一号私募证券投资基金,SJA276,昌宏盛瑞启明星一号私募证券投资基金,SJA276,深圳昌宏盛瑞投资,,2020-08-06,2020-08-11,招商证券股份有限公司,韦宏海,每个自然月10、20号,否,,,,0.92,无封闭期,0.9,0.01,1%,0.05%,0.05%,20%,0-5亿元,P1067984
团队跟踪,蒙玺纯享CTA二十一期私募证券投资基金,SJA357,蒙玺纯享CTA二十一期私募证券投资基金,SJA357,上海蒙玺投资,,2019-10-16,2019-10-24,国泰君安证券股份有限公司,,封闭期结束之后的每月5日,否,,,,0.93,6个月,0.9,0.008,0.8%,0,0,20%,100亿元以上,P1063294
团队跟踪,垒盈量化二号私募证券投资基金,SJA368,垒盈量化二号私募证券投资基金,SJA368,上海垒盈,,2020-03-30,2020-04-01,中泰证券股份有限公司,,"每月25号
",否,,,,0.93,无,0.9,0.01,"
","0.10%
",,20%,5-10亿元,P1034005
团队跟踪,量道盛风3号私募证券投资基金,SJA381,量道盛风3号私募证券投资基金,SJA381,深圳量道投资,,2019-08-28,2019-09-03,华泰证券股份有限公司,,自2025年【5】月【14】日（含当日）起的5个交易日、每个投资运作期终止日起（不含终止日当日）的5个交易日,否,0,1 万元的整数倍,0,,无,,0.017,,0.02%/年,0.02%/年,"1）计提方式：单客户单笔份额高水位法。
2）计提时点：赎回申请日、基金终止日。
3）计提比例：当基金份额持有人本次赎回对应份额持有期间的年化收益率低于11.16%（含），不提取业绩报酬；当基金份额持有人本次赎回对应份额持有期间的年化收益率高于11.16%（不含），提取该对应份额年化收益率11.16%以上部分收益的60%作为业绩报酬。",100亿元以上,P1016658
团队跟踪,蒙玺纯享CTA三期私募证券投资基金,SJA462,蒙玺纯享CTA三期私募证券投资基金,SJA462,上海蒙玺投资,,2019-09-12,2019-09-19,招商证券股份有限公司,,每月25号,否,1%,,0%,0.9,6个月,0.85,0,"仅对B类份额收取1%的管理费；A类份额不收取
",0.03%,"0.03%
","仅对B类份额收取20%的业绩报酬；A类份额不收取
",100亿元以上,P1063294
团队跟踪,松树街TAROBO伏摩一号私募证券投资基金,SJA480,松树街TAROBO伏摩一号私募证券投资基金,SJA480,深圳松树街资管,,2019-08-30,2019-09-11,中国国际金融股份有限公司,,申购开放日为每自然周第一个工作日；赎回开放日每自然季度末月最后一个工作日,可临开赎回,1%,,持有期小于180天，赎回费率为3%；持有期大等于180天且小于360天，赎回费率为1.5%；持有期大等于360天，赎回费率为0%,,无,,0.02,,0.025%,0.025%,单笔单客户高水位，计提20%,5-10亿元,P1006928
团队跟踪,希格斯旅行者1号,SJA569,希格斯旅行者1号私募证券投资基金,SJA569,杭州希格斯投资,,2019-10-15,2019-10-21,国信证券股份有限公司,朱星星,每个自然年奇数月（1、 3、 5、 7、 9、 11 月）的第 20 日,否,1% ，有权对个别投资者进行减免,,赎回费向持有产品不满180天的客户收取，费率为0.5%；向持有产品满180天小于365 天的客户收取，费率为0.2%。赎回费由募集机构收取；募集机构有权对个别投资者的赎回费进行减免。,,无，赎回费向持有产品不满 180 天的客户收取，费率为 0.5%；向持有产品满 180 天小于 365 天的客户收取，费率为 0.2%。可减免,,0.01,,,,超同期中证500指数收益率提20%,20-50亿元,P1069042
团队跟踪,岳皋泰山一号私募证券投资基金,SJA607,岳皋泰山一号私募证券投资基金,SJA607,上海岳皋投资,,2019-11-18,2019-11-26,国泰君安证券股份有限公司,李斌,,否,,,,,,,0,,,,,0-5亿元,P1069937
团队跟踪,鸣石金选七号私募证券投资基金,SJA660,鸣石金选七号私募证券投资基金,SJA660,上海鸣石,,2019-08-30,2019-09-04,华泰证券股份有限公司,蔡贤,,否,,,,,,,0,,,,,100亿元以上,P1005659
团队跟踪,朱雀CTA2号集合资产管理计划,SJA730,朱雀CTA2号集合资产管理计划,SJA730,朱雀基金,,2019-12-03,2019-12-05,国泰君安证券股份有限公司,,,否,,,,,,,0,,,,,,PT0100031634
团队跟踪,平方和智增1号,SJA839,平方和智增1号私募证券投资基金,SJA839,宁波平方和投资,,2019-09-03,2019-09-06,国泰君安证券股份有限公司,吕杰勇、方壮熙,,否,,,,,,,0,,,,,100亿元以上,P1025836
团队跟踪,宏龙利贞9期私募证券投资基金,SJA904,宏龙利贞9期私募证券投资基金,SJA904,南京宏龙资管,,2019-11-21,2019-11-26,华泰证券股份有限公司,,"每季度最后一个交易日
",否,,,,,,,0.01,,,,"单笔高水位，20%（累计净值）
",0-5亿元,P1017416
团队跟踪,量道汇盈11号私募证券投资基金,SJA977,量道汇盈11号私募证券投资基金,SJA977,深圳量道投资,,2019-10-10,2019-10-15,国泰君安证券股份有限公司,,每月28日,可临开申购和可临开赎回,0%,1万元起,0%（可金额赎回）,0.9,无,0.85,0.003,,0.03%,0.03%,不计提业绩报酬,100亿元以上,P1016658
团队跟踪,持赢丹娜300指增1号私募证券投资基金,SJB134,持赢丹娜300指增1号私募证券投资基金,SJB134,上海持赢投资,,2019-09-25,2019-10-08,招商证券股份有限公司,,,否,,,,,,,0,,,,,0-5亿元,P1010930
团队跟踪,稳博中睿6号私募证券投资基金,SJB143,稳博中睿6号私募证券投资基金,SJB143,上海稳博投资,,2019-11-12,2019-11-18,中国光大银行股份有限公司,殷陶,FOF投资产品池,否,每月最后一个交易日,上海稳博投资管理有限公司,无,,相对价值策略,,0.01,,0.05%,0.03%,,100亿元以上,P1029043
团队跟踪,永泉奇点2号混合投资,SJB356,永泉奇点2号混合投资私募基金,SJB356,宁波永泉,,2019-09-20,2019-09-26,国信证券股份有限公司,,每月最后1个工作日,可临开赎回,0%,,0%,0.98,,0.975,0.001,,0.05%,0.05%,持有期年化收益率小等于5%，则不计提业绩报酬；持有期年化收益率大于5%，提取业绩报酬50%,0-5亿元,P1017919
团队跟踪,殊馥馥芮套利1号私募证券投资基金,SJB777,殊馥馥芮套利1号私募证券投资基金,SJB777,上海殊馥投资,,2019-09-18,2019-09-26,招商证券股份有限公司,黄贤克,每周三、周四,否,0,,0.5%（3个月为界）,,,,0.01,,0.04%,0.04%,业绩报酬的计算采取“单客户单笔份额高水位法”赎回、分红、终止日，超过年化收益6%，计提整体盈利的40%。两次计提业绩报酬的间隔期不应短于6个月,10-20亿元,P1029642
团队跟踪,孚盈香草一号,SJB826,孚盈香草一号私募证券投资基金,SJB826,杭州孚盈投资,,2019-09-19,2019-09-24,华泰证券股份有限公司,蒋鲜林,每月倒数第 15 个自然日，遇非工作日顺延,可临开申购和可临开赎回,0%,每次申购的金额应不低于0.0001 万元人民币（不含申购费）,0%,0.85,本基金成立之日起 3 个月为半封闭期，半封闭期内允许申购不允许赎回，申购开放日为成立后每月的第 15 个自然日，遇非工作日顺延,0.8,0.015,1.5%,0.05%且不低于1.0 万元人民币/年,0.05%且不低于 1.0 万元人民币/年,对超过上次成功计提基准日基金份额累计净值部分按 20%比例进行计提。,20-50亿元,P1069412
团队跟踪,华泰期货FOF2号集合资产管理计划,SJB925,华泰期货FOF2号集合资产管理计划,SJB925,华泰期货,,2019-09-20,2019-09-27,国泰海通证券股份有限公司,,,否,,,,,,,0,,,,,,PT0500011867
团队跟踪,银河期货权银河旗舰9号集合资产管理计划,SJB932,银河期货权银河旗舰9号集合资产管理计划,SJB932,银河期货,,2019-09-25,2019-10-08,华泰证券股份有限公司,,,否,,,,,,,0,,,,,,PT0500011746
团队跟踪,盈盾资本-盈江私募证券投资基金,SJB936,盈盾资本-盈江私募证券投资基金,SJB936,深圳盈盾资管,,2019-11-06,2019-11-07,招商证券股份有限公司,陈飞,,否,,,,,,,0,,,,,0-5亿元,P1008507
团队跟踪,寿宁海圆五号私募证券投资基金,SJC015,寿宁海圆五号私募证券投资基金,SJC015,上海寿宁投资,,2019-10-11,2019-10-17,海通证券股份有限公司,,,否,,,,,,,0,,,,,10-20亿元,P1017558
团队跟踪,鸣石春天28号私募证券投资基金,SJC016,鸣石春天28号私募证券投资基金,SJC016,上海鸣石,,2019-11-20,2019-11-25,招商证券股份有限公司,杨堃,,否,,,,,,,0,,,,,100亿元以上,P1005659
团队跟踪,持赢丹娜500指增1号私募证券投资基金,SJC034,持赢丹娜500指增1号私募证券投资基金,SJC034,上海持赢投资,,2019-10-15,2019-10-22,招商证券股份有限公司,,,否,,,,,,,0,,,,,0-5亿元,P1010930
团队跟踪,天算指数增强2号,SJC133,天算指数增强2号私募证券投资基金,SJC133,北京天算,,2019-10-25,2019-10-30,兴业证券股份有限公司,何天鹰,,否,,,,,,,0,,,,,100亿元以上,P1028908
团队跟踪,汐泰锐宸2号,SJC299,汐泰锐宸2号私募证券投资基金,SJC299,上海汐泰投资,,2019-10-24,2019-10-31,国信证券股份有限公司,,每个月的最后1个工作日,可临开赎回,1%,,0%,0.8,除开放日外的期间,0.7,0.01,,0.05%,0.05%,15%,100亿元以上,P1009607
团队跟踪,爱凡哲琅玡一号私募证券投资基金,SJC357,爱凡哲琅玡一号私募证券投资基金,SJC357,爱凡哲投资,,2019-10-18,2019-10-25,国泰君安证券股份有限公司,,每月最后一个工作日为开放日（新规之前成立的老产品，可临开）,可临开申购和可临开赎回,无,,无,0.85,无,0.8,0.01,,0.05%,0.05%,单人单笔20%,20-50亿元,P1066184
团队跟踪,爱凡哲琅玡二号私募证券投资基金,SJC359,爱凡哲琅玡二号私募证券投资基金,SJC359,爱凡哲投资,,2019-10-18,2019-10-24,国泰君安证券股份有限公司,,每月最后一个交易日,否,,,,0.95,无封闭期,0.92,0.01,1%,,,30%,20-50亿元,P1066184
团队跟踪,文财道远复合策略5号私募证券投资基金,SJC467,文财道远复合策略5号私募证券投资基金,SJC467,青岛文财,,2019-10-18,2019-10-23,中信建投证券股份有限公司,匡文,,否,,,,,,,0,,,,,0-5亿元,P1069489
团队跟踪,翊安投资可转债3号,SJC584,翊安投资可转债3号私募证券投资基金,SJC584,上海翊安投资,,2019-11-06,2019-11-13,国泰君安证券股份有限公司,,,否,,,,,,,0,,,,,5-10亿元,P1069318
团队跟踪,中邮永安景上源1号,SJC704,中邮永安景上源1号私募证券投资基金,SJC704,杭州景上源,,2019-10-28,2019-11-04,招商证券股份有限公司,赵寿盼,每年3、6、9、12 月的15 号,否,,,持有期小于6 个月，赎回费率1%；持有期大等于6 个月，赎回费率0%。,0.9,,0.85,0.01,,0.05%,0.05%,20%,5-10亿元,P1008209
团队跟踪,橡杉量化对冲二号私募证券投资基金,SJC739,橡杉量化对冲二号私募证券投资基金,SJC739,上海橡杉资管,,2020-05-11,2020-05-19,国信证券股份有限公司,王丽明,每自然月第18个自然日,否,0,,0,0.9,无封闭期,0.85,0.005,0.5%,0.04%,0.04%,20%,5-10亿元,P1060103
团队跟踪,宽德中证500指数增强3号私募证券投资基金,SJC834,宽德中证500指数增强3号私募证券投资基金,SJC834,上海宽德,,2019-12-27,2020-01-06,国泰君安证券股份有限公司,徐御之,,否,,,,,,,0,,,,,100亿元以上,P1005623
团队跟踪,摩旗屯蒙1号私募证券投资基金,SJC870,摩旗屯蒙1号私募证券投资基金,SJC870,上海摩旗投资,,2019-10-11,2019-10-17,招商证券股份有限公司,,,否,,,,,,,0,,,,,10-20亿元,P1000652
团队跟踪,群博多策略精选,SJC910,群博多策略精选私募证券投资基金,SJC910,上海群博资管,,2019-09-30,2019-10-09,中信证券股份有限公司,黄思佳,每月25号,否,1%,每次追加申购的金额应当不少于10万元且为10万元的整数倍,持有期小于180 天，赎回费为2%；持有期大等于180 天，赎回费为0%,0.88,无,0.82,0.015,,0.05%,0.05%,"计提基准日为固定计提基准日（每年6 月 25 日、12 月的 25 日）、除息日（若有）、赎回申请日和基金终止日。
计提20%",10-20亿元,P1063736
团队跟踪,持赢丹娜宏观对冲1号私募证券投资基金,SJC993,持赢丹娜宏观对冲1号私募证券投资基金,SJC993,上海持赢投资,,2019-10-29,2019-11-04,招商证券股份有限公司,,,否,,,,,,,0,,,,,0-5亿元,P1010930
团队跟踪,君拙倚天一号私募证券投资基金,SJD015,君拙倚天一号私募证券投资基金,SJD015,杭州君拙投资,,2019-09-27,2019-10-17,国信证券股份有限公司,,"每月最后一个工作日
",否,,,,0.8,无,0.75,0,"1.00%
",,"0.05%
","20%
",0-5亿元,P1031596
团队跟踪,华澄赤道一号私募证券投资基金,SJD050,华澄赤道一号私募证券投资基金,SJD050,北京华澄,,2019-10-16,2019-10-24,招商证券股份有限公司,颜学阶,,否,,,,,,,0,,,,,10-20亿元,P1028099
团队跟踪,持赢丹娜量化对冲1号私募证券投资基金,SJD068,持赢丹娜量化对冲1号私募证券投资基金,SJD068,上海持赢投资,,2019-10-21,2019-10-28,国泰君安证券股份有限公司,,,否,,,,,,,0,,,,,0-5亿元,P1010930
团队跟踪,友莹格涌富八号,SJD081,友莹格涌富八号证券投资私募基金,SJD081,上海友莹格资管,,2019-11-29,2019-12-04,中信证券股份有限公司,,每季度末月（即3、6、9、12月）的15号,否,0%,,0%,0.9,无,0.8,0.02,,0.04%,0.04%,20%,0-5亿元,P1060304
团队跟踪,玉数涵瑞六号,SJD168,玉数涵瑞六号私募证券投资基金,SJD168,上海玉数投资,,2019-09-27,2019-10-11,华泰证券股份有限公司,赵俊辰,每月15,可临开申购和可临开赎回,,,0%,0.93,无封闭期,0.9,0.01,"1.00%
",0.03%,0.03%,"
",10-20亿元,P1065673
团队跟踪,向日葵润昌FOF2号私募证券投资基金,SJD362,向日葵润昌FOF2号私募证券投资基金,SJD362,上海向日葵投资,,2019-10-25,2019-10-31,招商证券股份有限公司,江卓轩、张姚杰,,否,,,,,,,0,,,,,20-50亿元,P1005620
团队跟踪,湘源月月盈私募证券投资基金,SJD410,湘源月月盈私募证券投资基金,SJD410,杭州湘源投资,,2019-12-26,2020-01-07,海通证券股份有限公司,赵国栋,每月的10日,否,0%,,0%,0.97,,0.95,0.01,,0.02%,0.02%,"产品年化收益率小于 6%，管理人不提取业绩报酬；
产品年化收益率大于等于 6%，管理人提取全额收益的 20%作为业绩报酬",5-10亿元,P1061335
团队跟踪,蒙玺东岳定制1号量化私募证券投资基金,SJD444,蒙玺东岳定制1号量化私募证券投资基金,SJD444,上海蒙玺投资,,2019-12-06,2019-12-12,国泰君安证券股份有限公司,,基金成立日的每年的对日,否,,,,0.96,12 个月,0.94,0.01,1%,0.03%,0.03%,,100亿元以上,P1063294
团队跟踪,骞瑞和致一号,SJD474,骞瑞和致一号私募证券投资基金,SJD474,上海骞瑞,,2019-09-26,2019-10-14,华泰证券股份有限公司,,,否,,,,,,,0,,,,,0-5亿元,P1067180
团队跟踪,天厦易持量化一号私募证券投资基金,SJD658,天厦易持量化一号私募证券投资基金,SJD658,厦门易持,,2019-12-16,2020-01-02,国信证券股份有限公司,,,否,,,,,,,0,,,,,5-10亿元,P1071165
团队跟踪,同亨财掌柜二十八号私募证券投资基金,SJD677,同亨财掌柜二十八号私募证券投资基金,SJD677,福建省同亨投资,,2019-11-27,2019-12-05,中国国际金融股份有限公司,,,否,,,,,,,0,,,,,0-5亿元,P1004415
团队跟踪,诚奇对冲精选,SJD678,诚奇对冲精选私募证券投资基金,SJD678,上海诚奇,,2019-10-18,2019-10-25,招商银行股份有限公司,何文奇,,否,,,,,,,0,,,,,100亿元以上,P1001430
团队跟踪,蜂起全球宏观稳健1号私募证券投资基金,SJD802,蜂起全球宏观稳健1号私募证券投资基金,SJD802,珠海蜂起资本,,2019-12-31,2020-01-09,招商证券股份有限公司,潘錡宝,,否,,,,,,,0,,,,,5-10亿元,P1027405
团队跟踪,恒瑞九期私募证券投资基金,SJD876,恒瑞九期私募证券投资基金,SJD876,上海恒瑞,,2019-11-19,2019-11-22,国信证券股份有限公司,肖正根,,否,,,持有期大于6个月但小于12个月，赎回费率为1.5%；持有期大等于12个月，赎回费率为0%,,6个月,0.8,0.012,,0.05%,0.05%,20%,5-10亿元,P1000886
团队跟踪,量道CTA精选2C号私募证券投资基金,SJD971,量道CTA精选2C号私募证券投资基金,SJD971,深圳量道投资,,2019-10-23,2019-11-01,国泰君安证券股份有限公司,,每自然月第10个自然日为开放日。如该对应日为非工作日，则开放日为该日后的第一个工作日。,可临开申购,B类份额：0,每次追加申购的最低金额为10万元人民币。,0,0.8,成立后180天（已结束）。,0.75,0.015,B类份额：0.5%/年,0.025%/年,0.025%/年,"B类份额：单人单笔高水位法，针对收益0%以上的部分计提10%业绩报酬
本基金业绩报酬计提日为：封闭期过后，每年1月及7月的最后一个交易日，基金份额持有人实际赎回基金份额时（包含全部赎回，部分赎回）、基金终止日。",100亿元以上,P1016658
团队跟踪,泽元通宝1号,SJD972,泽元通宝1号私募证券投资基金,SJD972,广州泽元,,2019-11-26,2019-12-03,招商证券股份有限公司,任文启,,否,,,,,,,0,,,,,20-50亿元,P1005795
团队跟踪,尚艺福利3号私募证券投资基金,SJE092,尚艺福利3号私募证券投资基金,SJE092,北京尚艺,,2019-09-30,2019-10-12,中国国际金融股份有限公司,,,否,,,,,,,0,,,,,50-100亿元,P1006152
团队跟踪,芷瀚量化CTA进取二号,SJE144,芷瀚量化CTA进取二号私募证券投资基金,SJE144,上海芷瀚资管,,2019-10-24,2019-11-01,国信证券股份有限公司,,每月15号,否,1%,,持有期小于90天，赎回费率为1%,0.92,,0.9,0.01,1%,0.05%,0.05%,"20%。
业绩计提基准日：收益分配基准日、份额赎回日和基金终止日",0-5亿元,P1066464
团队跟踪,迎水东风4号私募证券投资基金,SJE161,迎水东风4号私募证券投资基金,SJE161,上海迎水投资,,2019-10-29,2019-10-31,国泰君安证券股份有限公司,,,否,,,,,,,0,,,,,100亿元以上,P1022432
团队跟踪,鸣石量化30号,SJE164,鸣石量化30号私募证券投资基金,SJE164,上海鸣石,,2020-04-29,2020-04-29,国泰君安证券股份有限公司,,每日,否,无,,无,0.92,无,0.9,0.01,,0.1%,,,100亿元以上,P1005659
团队跟踪,鼎泉资本金猪产业1号私募证券投资基金,SJE233,鼎泉资本金猪产业1号私募证券投资基金,SJE233,深圳鼎泉盛世投资,,2020-01-09,2020-01-14,招商证券股份有限公司,,,否,,,,,,,0,,,,,0-5亿元,P1063476
团队跟踪,青石华仁一号私募证券投资基金,SJE313,青石华仁一号私募证券投资基金,SJE313,青岛青石资管,,2019-11-11,2019-11-18,中泰证券股份有限公司,,,否,,,,,,,0,,,,,5-10亿元,P1067412
团队跟踪,鲁民投CTA五号私募证券投资基金,SJE319,鲁民投CTA五号私募证券投资基金,SJE319,鲁民投基金,,2019-10-17,2019-10-21,海通证券股份有限公司,,"每个月10号
",否,,,,0.85,无封闭期,0.8,0.01,"1.00%
","
","0.06%
","20%

",100亿元以上,P1069017
团队跟踪,安贤花木长盛私募证券投资基金,SJE335,安贤花木长盛私募证券投资基金,SJE335,北京安贤,,2019-12-02,2019-12-11,国投证券股份有限公司,郑搏萧、赖雨澄,,否,,,,,,,0.01,,0.05%,0.05%,,50-100亿元,P1070195
团队跟踪,品赋海龙500指数增强,SJE416,品赋海龙500指数增强私募证券投资基金,SJE416,上海品赋投资,,2019-10-14,2019-10-21,海通证券股份有限公司,,,否,,,,,,,0,,,,,0-5亿元,P1023137
团队跟踪,珠海宽德飞跃1号私募证券投资基金,SJE482,珠海宽德飞跃1号私募证券投资基金,SJE482,珠海宽德,,2019-11-12,2019-11-21,招商证券股份有限公司,,,否,,,,,,,0,,,,中性+CTA,100亿元以上,P1031924
团队跟踪,泉汐名扬多策略组合投资私募证券基金6号,SJE488,泉汐名扬多策略组合投资私募证券基金6号,SJE488,上海泉汐投资,,2019-11-11,2019-11-19,国投证券股份有限公司,,每月1号,否,1.5%,,持有期小于6个月的，赎回费率为1%；持有期大等于6个月，赎回费率为0%,0.85,,0.8,0.015,,0.7%,0.3%,若持有期年化收益率小于0%，则不计提业绩报酬；若持有期年化收益率大于等于0%，则管理人对超出部分按20%提取业绩报酬。,10-20亿元,P1033701
团队跟踪,孝庸玉貔貅三号,SJE634,孝庸玉貔貅三号私募证券投资基金,SJE634,上海孝庸,,2019-10-18,2019-10-22,招商证券股份有限公司,,每个自然季度末月（3月、6月、9月、12月）20日开放申购和赎回，如对应日为非工作日，则顺延至下一个最近的工作日。,否,,,锁定期3个月，无赎回费,,,,0.01,"管理费率：1%/年
托管费率为年费率0.03%
外包服务费率为年费率0.03%",每年0.03%,每年0.03%,"单客户单笔份额法，计提比例 20%。
计提时点：分红、赎回、固定时点（每年6月20日）、基金终止时。",100亿元以上,P1031310
团队跟踪,盛泉恒元量化套利5号私募证券投资基金,SJE797,盛泉恒元量化套利5号私募证券投资基金,SJE797,南京盛泉恒元投资,,2019-11-01,2019-11-05,招商证券股份有限公司,杨弼程、陆胜斌,每月15日,可临开申购和可临开赎回,,,,0.95,12个月。赎回费0.5%；6个月以上免收,0.9,0.01,,,,20%,100亿元以上,P1006545
团队跟踪,尚艺信德1号私募证券投资基金,SJF057,尚艺信德1号私募证券投资基金,SJF057,北京尚艺,,2020-01-15,2020-01-17,国金证券股份有限公司,王峥,,否,,,,,,,0,,,,,50-100亿元,P1006152
团队跟踪,鸣石锐驰11号私募证券投资基金,SJF064,鸣石锐驰11号私募证券投资基金,SJF064,上海鸣石,,2019-11-26,2019-12-04,中国银行股份有限公司,,,否,,,,,,,0,,,,,100亿元以上,P1005659
团队跟踪,蒙玺臻享CTA一期,SJF304,蒙玺臻享CTA一期私募证券投资基金,SJF304,上海蒙玺投资,,2019-11-25,2019-11-27,国泰君安证券股份有限公司,,"每月25号
",否,,,,0.9,无,0.85,0,"1.00%
",,"0.06%
","20%
",100亿元以上,P1063294
团队跟踪,本利达利磐一号,SJF426,本利达利磐一号私募证券投资基金,SJF426,深圳本利达资管,,2019-11-01,2019-11-07,华泰证券股份有限公司,何瑞,,否,,,,,,,0,,,,,0-5亿元,P1020629
团队跟踪,本利达利磐四号,SJF430,本利达利磐四号私募证券投资基金,SJF430,深圳本利达资管,,2019-11-01,2019-11-07,华泰证券股份有限公司,何瑞,,否,,,,,,,0,,,,,0-5亿元,P1020629
团队跟踪,博孚利长量一号FOF私募证券投资基金,SJF437,博孚利长量一号FOF私募证券投资基金,SJF437,厦门博孚利资管,,2019-11-28,2019-12-05,招商证券股份有限公司,,每自然月第10个自然日为开放日。如该对应日为非工作日，则开放日为该日后的第一个工作日。,可临开申购,B类份额：0,每次追加申购的最低金额为10万元人民币。,0,0.8,成立后180天（已结束）。,0.75,0.005,B类份额：0.5%/年,0.025%/年,0.025%/年,"B类份额：单人单笔高水位法，针对收益0%以上的部分计提10%业绩报酬
本基金业绩报酬计提日为：封闭期过后，每年1月及7月的最后一个交易日，基金份额持有人实际赎回基金份额时（包含全部赎回，部分赎回）、基金终止日。",50-100亿元,P1023120
团队跟踪,量宇红番茄七号私募证券投资基金,SJF488,量宇红番茄七号私募证券投资基金,SJF488,上海量宇,,2020-03-03,2020-03-05,招商证券股份有限公司,,FOF投资产品池,否,每自然月1号，可临开,上海量宇私募基金管理有限公司,,,股票多空策略,,0,,,,,20-50亿元,P1064318
团队跟踪,宽德金选中证500指数增强6号,SJF555,宽德金选中证500指数增强6号私募证券投资基金,SJF555,上海宽德,,2019-11-07,2019-11-12,国泰君安证券股份有限公司,徐御之,,否,,,,,,,0,,,,,100亿元以上,P1005623
团队跟踪,小黑妞满天星5号,SJF656,小黑妞满天星5号私募证券投资基金,SJF656,上海小黑妞资管,,2020-04-27,2020-05-06,国泰君安证券股份有限公司,康小卫、杜仁华,"每周二,每自然月度第四个周三（不含，如遇非交易日则顺延至下一个交易日）后的连续两个交易日",可临开赎回,1%,,持有期小于180天，赎回费为1%；持有期大等于180天，赎回费率为0%。,0.88,无,0.85,0.015,,0.025%,0.025%,单客户单笔高水位法，20%,20-50亿元,P1011010
团队跟踪,熙德博远医疗优选1号私募证券投资基金,SJF690,熙德博远医疗优选1号私募证券投资基金,SJF690,青岛熙德博远,,2020-05-13,2020-05-29,国泰君安证券股份有限公司,,,否,,,,,,,0,,,,,0-5亿元,P1069721
团队跟踪,深涵1号私募证券投资基金,SJF776,深涵1号私募证券投资基金,SJF776,上海深涵投资,,2019-12-12,2019-12-30,招商证券股份有限公司,卫巍,,否,,,,,,,0,,,,,0-5亿元,P1022300
团队跟踪,磐泽扬帆稳健,SJF844,磐泽扬帆稳健私募证券投资基金,SJF844,北京磐泽资管,,2019-11-26,2019-12-05,国泰君安证券股份有限公司,,,否,,,,,,,0,,,,,100亿元以上,P1070242
团队跟踪,静实致远私募证券投资基金,SJF851,静实致远私募证券投资基金,SJF851,共青城静实投资,,2019-11-07,2019-11-12,兴业证券股份有限公司,郭亮,每月第一个交易日,否,0%,,0%,0.85,无,0.8,0,仅对B类份额收取1%的管理费；A类不收取,0.025%,0.025%,仅对B类收取：年化收益率小等于0%时，不收取；年化收益率大于0%小等于40%时，计提20%的业绩报酬；年化收益率大于40%时，计提30%的业绩报酬。A类不收取,0-5亿元,P1070233
团队跟踪,河州资产润安1号私募证券投资基金,SJF869,河州资产润安1号私募证券投资基金,SJF869,上海众壹资管,,2019-10-29,2019-11-07,华泰证券股份有限公司,,,否,,,,,,,0,,,,,20-50亿元,P1004806
团队跟踪,磐泽扬帆稳健一号私募证券投资基金,SJF893,磐泽扬帆稳健一号私募证券投资基金,SJF893,北京磐泽资管,,2019-11-22,2019-12-04,国泰君安证券股份有限公司,,,否,,,,,,,0,,,,,100亿元以上,P1070242
团队跟踪,宏龙金凤私募证券投资基金,SJG236,宏龙金凤私募证券投资基金,SJG236,南京宏龙资管,,2019-11-29,2019-12-04,国泰君安证券股份有限公司,,,否,,,,,,,0,,,,,0-5亿元,P1017416
团队跟踪,和熙新月1号私募证券投资基金,SJG287,和熙新月1号私募证券投资基金,SJG287,浙江和熙资管,,2019-11-14,2019-11-21,招商证券股份有限公司,何晴祺,每月25号,否,0%,,持有期小于3个月，赎回费率为1%；持有期大等于3个月，赎回费率为0%,0.92,,0.9,0.015,,0.05%,0.05%,20%,0-5亿元,P1033444
团队跟踪,复熙混合8号私募证券投资基金,SJG469,复熙混合8号私募证券投资基金,SJG469,上海复熙资管,,2019-11-14,2019-11-21,中信建投证券股份有限公司,,,否,,,,,,,0,,,,,20-50亿元,P1006187
团队跟踪,胜冠熵顺私募证券投资基金,SJG879,胜冠熵顺私募证券投资基金,SJG879,广州胜冠投资,,2020-03-06,2020-03-16,华泰证券股份有限公司,,,否,,,,,,,0,,,,,0-5亿元,P1021188
团队跟踪,拾麦稳进六号私募证券投资基金,SJG934,拾麦稳进六号私募证券投资基金,SJG934,上海光亿旺达,,2019-11-21,2019-11-28,国泰君安证券股份有限公司,,每周最后一个交易日开放申购、每月最后一个交易日开放赎回,可临开申购,0%,不低于10万元,持有未满180天赎回费1%；持有超过180天赎回费0,0.8,无,0.7,0.01,,0.04%,0.04%,20%，单客户单笔份额高水位法。业绩报酬的计提基准日：投资者赎回日、分红权益登记日、基金清算日。基金收益分配方案由私募基金管理人根据本合同制定,10-20亿元,P1014760
团队跟踪,谦信新视野,SJG948,谦信新视野证券投资私募基金,SJG948,杭州谦信投资,,2019-12-16,2019-12-20,国泰君安证券股份有限公司,王西子,,否,,,,,,,0,,,,,0-5亿元,P1067210
团队跟踪,龙旗风行者私募证券投资基金,SJH162,龙旗风行者私募证券投资基金,SJH162,杭州龙旗科技,,2019-12-10,2019-12-16,中信证券股份有限公司,,,否,,,,,,,0,,,,,100亿元以上,P1000676
团队跟踪,雷菱私募证券投资基金,SJH238,雷菱私募证券投资基金,SJH238,上海雷菱,,2019-12-18,2019-12-23,招商证券股份有限公司,刘子瑄、王岭荆,每自然月第10个自然日为开放日。如该对应日为非工作日，则开放日为该日后的第一个工作日。,可临开申购,B类份额：0,每次追加申购的最低金额为10万元人民币。,0,0.8,成立后180天（已结束）。,0.75,0,B类份额：0.5%/年,0.025%/年,0.025%/年,"B类份额：单人单笔高水位法，针对收益0%以上的部分计提10%业绩报酬
本基金业绩报酬计提日为：封闭期过后，每年1月及7月的最后一个交易日，基金份额持有人实际赎回基金份额时（包含全部赎回，部分赎回）、基金终止日。",20-50亿元,P1064970
团队跟踪,蝶威深度智能稳健1号私募证券投资基金,SJH308,蝶威深度智能稳健1号私募证券投资基金,SJH308,上海蝶威,,2019-11-07,2019-11-13,兴业证券股份有限公司,,,否,,,,,,,0,,,,,10-20亿元,P1070101
团队跟踪,汐泰东升2号私募证券投资基金,SJH387,汐泰东升2号私募证券投资基金,SJH387,上海汐泰投资,,2019-11-14,2019-12-03,华泰证券股份有限公司,,每月第一个工作日,否,1%,,持有期大于0并小于180天，赎回费率为0.5%；持有期大等于180天，赎回费率为0,0.8,成立起6个月,0.7,0.012,,0.025%,0.025%,,100亿元以上,P1009607
团队跟踪,正瀛智享5号私募证券投资基金,SJH782,正瀛智享5号私募证券投资基金,SJH782,上海正瀛资管,,2019-11-18,2019-11-21,中信证券股份有限公司,钟方醒,,否,,,,,,,0,,,,,100亿元以上,P1060813
团队跟踪,中闽汇金成长1号,SJH842,中闽汇金成长1号私募证券投资基金,SJH842,厦门中闽汇金,,2019-11-18,2019-11-25,兴业证券股份有限公司,王江明,,否,,,,,,,0,,,,,10-20亿元,P1018983
团队跟踪,衍复中性三号,SJH864,衍复中性三号私募证券投资基金,SJH864,上海衍复投资,,2019-12-23,2019-12-31,国泰君安证券股份有限公司,高亢,"申购开放日：每月15日
赎回开放日：每月15日",否,无,,本基金份额持有期限低于 180 天的赎回费率为 1%，基金份额持有期在 180 天及以上的赎回费率为 0%。,,,,0.005,,,,单笔高水位，20%（累计净值）,100亿元以上,P1070325
团队跟踪,衍复指增三号,SJH866,衍复指增三号私募证券投资基金,SJH866,上海衍复投资,,2019-12-26,2019-12-31,国泰君安证券股份有限公司,高亢,每月第15个自然日,否,,,,,无,0.8,0.005,,0.025%,0.025%,,100亿元以上,P1070325
团队跟踪,衍复中性二号私募证券投资基金,SJH894,衍复中性二号私募证券投资基金,SJH894,上海衍复投资,,2019-12-27,2020-01-02,招商证券股份有限公司,,,否,,,,,,,0,,,,,100亿元以上,P1070325
团队跟踪,远澜月桂6号稳健增长私募证券投资基金,SJH927,远澜月桂6号稳健增长私募证券投资基金,SJH927,上海远澜,,2019-12-12,2019-12-24,国信证券股份有限公司,王凯,,否,,,,,,,0,,,,,100亿元以上,P1018484
团队跟踪,衍复中性六号私募证券投资基金,SJJ424,衍复中性六号私募证券投资基金,SJJ424,上海衍复投资,,2019-12-23,2019-12-31,国泰君安证券股份有限公司,,"申购开放日：每月第15个自然日
赎回开放日：每月第15个自然日",否,0%,,低于180天的赎回费率为1%，以上为0%,0.95,无,0.92,0.005,,,,超额20%,100亿元以上,P1070325
团队跟踪,亿峰聚配专享一号,SJJ459,亿峰聚配专享一号私募证券投资基金,SJJ459,珠海横琴亿峰,,2019-12-10,2019-12-18,国泰君安证券股份有限公司,林胜华,,否,,,,,,,0,,,,,5-10亿元,P1067768
团队跟踪,致邃投资-雪香对冲量化6号私募证券投资基金,SJJ473,致邃投资-雪香对冲量化6号私募证券投资基金,SJJ473,上海致邃投资,,2019-11-21,2019-11-25,中信建投证券股份有限公司,,,否,,,,,,,0,,,,,5-10亿元,P1063212
团队跟踪,龙旗笛卡尔一号私募证券投资基金,SJJ524,龙旗笛卡尔一号私募证券投资基金,SJJ524,杭州龙旗科技,,2019-12-08,2019-12-11,东方证券股份有限公司,,,否,,,,,,,0,,,,,100亿元以上,P1000676
团队跟踪,象限金选CTA1号私募证券投资基金,SJJ542,象限金选CTA1号私募证券投资基金,SJJ542,上海象限资管,,2020-01-02,2020-01-08,国泰君安证券股份有限公司,,,否,,,,,,,0,,,,,50-100亿元,P1015598
团队跟踪,锐天八十六号私募证券投资基金,SJJ543,锐天八十六号私募证券投资基金,SJJ543,上海锐天投资,,2019-12-27,2020-01-06,国泰君安证券股份有限公司,,,否,,,,,,,0,,,,,100亿元以上,P1024169
团队跟踪,聚宽中证500指数增强三号私募证券投资基金,SJJ717,聚宽中证500指数增强三号私募证券投资基金,SJJ717,北京聚宽投资,,2019-12-05,2019-12-13,国泰君安证券股份有限公司,高斯蒙,,否,,,,,,,0,,,,,100亿元以上,P1066435
团队跟踪,博孚利启祥CTA-FOF6号私募证券投资基金,SJJ806,博孚利启祥CTA-FOF6号私募证券投资基金,SJJ806,厦门博孚利资管,,2019-12-18,2019-12-24,华泰证券股份有限公司,,每个交易日,可临开申购,1%,不低于1万元,持有时间<365天为1%，>=365天为0%,0.9,成立后180天（已结束）。,0.85,0.01,,0.025%/年,0.025%/年,年化收益率大于5%的部分提取10%作为业绩报酬,50-100亿元,P1023120
团队跟踪,橡木观海三号私募证券投资基金,SJK251,橡木观海三号私募证券投资基金,SJK251,杭州橡木,,2019-12-11,2019-12-17,国泰君安证券股份有限公司,,封闭期结束之后的下一个月第一个交易日及之后每满【3】个月的对日,否,,,,0.92,6个月,0.6,0.01,1%,0.025%,0.025%,20%,50-100亿元,P1068698
团队跟踪,麦迪生路遥1号私募证券投资基金,SJK307,麦迪生路遥1号私募证券投资基金,SJK307,上海麦迪生利,,2019-12-05,2019-12-10,中信证券股份有限公司,,,否,,,,,,,0,,,,,20-50亿元,P1070365
团队跟踪,安值海天量化3号私募证券投资基金,SJK517,安值海天量化3号私募证券投资基金,SJK517,青岛安值投资,,2019-12-03,2019-12-06,中信建投证券股份有限公司,,,否,,,,,,,0,,,,,20-50亿元,P1066882
团队跟踪,长量春雷1号CTA,SJK555,长量春雷1号CTA私募证券投资基金,SJK555,北京水木长量,,2019-11-28,2019-12-04,兴业证券股份有限公司,,每周最后一个工作日,否,0%,,1%,,无,0.5,0.01,,0.05%,0.05%,"单客户单笔高水位法：提取比例20%。
计提基准日：赎回、清盘、固定结算日（扣减份额）
",5-10亿元,P1018313
团队跟踪,垒昂金鹿量化对冲3号,SJK771,垒昂金鹿量化对冲3号私募证券投资基金,SJK771,上海垒昂,,2019-12-13,2019-12-19,国金证券股份有限公司,范数维,每个工作日,否,0%,扣除申购费的净追加申购金额应不低于5万元人民币,持有期小于180天1.5%，大于等于180天小于365天1%，大于等于365天0.5%（不含对日）,0.8,无,0.7,0.01,A类0.5%；B类1%,0.025%,0.025%,A类管理人对期间实际收益率超过【0%】的部分提取【18%】作为业绩报酬；B类管理人对期间实际收益率超过【0%】的部分提取【20%】作为业绩报酬,10-20亿元,P1069759
团队跟踪,芷瀚量化CTA激进二号私募证券投资基金,SJK937,芷瀚量化CTA激进二号私募证券投资基金,SJK937,上海芷瀚资管,,2019-12-18,2019-12-20,华泰证券股份有限公司,李栋,每月第15个自然日，临开可申赎,否,0%,,0%,0.88,无,0.85,0.01,,0.03%,0.03%,"20%，高水位法，扣金额
报酬提取日：每年6月和12月最后一个工作日，赎回、分红登记日、清算日",0-5亿元,P1066464
团队跟踪,贞元熙默私募证券投资基金,SJK964,贞元熙默私募证券投资基金,SJK964,武汉贞元投资,,2020-03-18,2020-03-24,招商证券股份有限公司,,,否,,,,,,,0,,,,,5-10亿元,P1070352
团队跟踪,蒙玺纯享CTA五期私募证券投资基金,SJL032,蒙玺纯享CTA五期私募证券投资基金,SJL032,上海蒙玺投资,,2019-12-16,2019-12-19,中信证券股份有限公司,,每个自然月25 日,否,,,,,6 个月,,0.01,1%,0.025%,,20%,100亿元以上,P1063294
团队跟踪,进化论达尔文中证500指数增强一号,SJL601,进化论达尔文中证500指数增强一号私募证券投资基金,SJL601,海南进化论,,2019-12-18,2019-12-23,海通证券股份有限公司,,,否,,,,,,,0,,,,,100亿元以上,P1006079
团队跟踪,易股墨丘利八号私募证券投资基金,SJL926,易股墨丘利八号私募证券投资基金,SJL926,杭州易股,,2020-03-11,2020-03-13,招商证券股份有限公司,,"每月第五个工作日
",否,,,,0.75,6个月,0.7,0.008,"
",,"0.05%
","18%
",0-5亿元,P1032744
团队跟踪,垒盈量化三号私募证券投资基金,SJL946,垒盈量化三号私募证券投资基金,SJL946,上海垒盈,,2020-02-28,2020-03-02,东方证券股份有限公司,,,否,,,,,,,0,,,,,5-10亿元,P1034005
团队跟踪,贞元盛唐私募证券投资基金,SJL964,贞元盛唐私募证券投资基金,SJL964,武汉贞元投资,,2020-01-20,2020-02-17,招商证券股份有限公司,,,否,,,,,,,0,,,,,5-10亿元,P1070352
团队跟踪,汐泰锐宸1号证券投资集合资金信托计划,SJL983,汐泰锐宸1号证券投资集合资金信托计划,SJL983,,上海汐泰投资,2019-12-12,2020-01-02,中国民生银行股份有限公司,,,否,,,,0.95,,0.83,0,,,,,,
团队跟踪,国融鼎创-防守反击1号,SJM316,国融鼎创-防守反击1号私募证券投资基金,SJM316,深圳国融鼎创投资,,2020-03-09,2020-03-12,招商证券股份有限公司,吴佳,每月15日和最后1个工作日,否,,,0,,,,0.01,,,,,0-5亿元,P1070398
团队跟踪,石溪价值一号,SJM627,石溪价值私募证券投资基金一号,SJM627,上海石溪投资,,2020-01-23,2020-02-04,中信证券股份有限公司,,每月25号,可临开申购,1%,10万的整数倍,0%,,2年,,0.006,,0.07%,,按资产年化收益3%以上增值部分的20%计提，每年12月25日为计提日。,0-5亿元,P1070460
团队跟踪,衍复鲲鹏三号,SJM688,衍复鲲鹏三号私募证券投资基金,SJM688,上海衍复投资,,2019-12-25,2019-12-31,国泰君安证券股份有限公司,高亢,每月的最后一个交易日,否,0%,,持有期小等于12个月，赎回费率为1%；持有期大于12个月，赎回费率为0%,,无,,0.01,,0.025%,0.025%,"提取比例为TB=20%。
计提基准日：份额持有人部分或全部赎回、固定计提基准日（每年的3月、6月、9月、12月的最后一个交易日）、本基金终止时计提",100亿元以上,P1070325
团队跟踪,龙旗枫火指数增强私募证券投资基金,SJM707,龙旗枫火指数增强私募证券投资基金,SJM707,杭州龙旗科技,,2020-01-09,2020-01-17,国泰君安证券股份有限公司,,,否,,,,,,,0,,,,,100亿元以上,P1000676
团队跟踪,海狮伽玛十期私募证券投资基金,SJM746,海狮伽玛十期私募证券投资基金,SJM746,上海海狮资管,,2020-01-15,2020-01-21,国泰君安证券股份有限公司,李志涛,,否,,,,,,,0,,,,,0-5亿元,P1007353
团队跟踪,蒙玺城量三号私募证券投资基金,SJM754,蒙玺城量三号私募证券投资基金,SJM754,上海蒙玺投资,,2020-01-16,2020-01-20,招商证券股份有限公司,,每年6月和12月的第一个工作日,否,,,,0.85,,0.8,0,0,0.04%,0.05%,30%,100亿元以上,P1063294
团队跟踪,白鹭量化精选鲲鹏一号私募证券投资基金,SJM897,白鹭量化精选鲲鹏一号私募证券投资基金,SJM897,浙江白鹭资管,,2019-12-26,2020-01-06,海通证券股份有限公司,,每自然月第10个自然日为开放日。如该对应日为非工作日，则开放日为该日后的第一个工作日。,可临开申购,B类份额：0,每次追加申购的最低金额为10万元人民币。,0,0.8,成立后180天（已结束）。,0.75,0,B类份额：0.5%/年,0.025%/年,0.025%/年,"B类份额：单人单笔高水位法，针对收益0%以上的部分计提10%业绩报酬
本基金业绩报酬计提日为：封闭期过后，每年1月及7月的最后一个交易日，基金份额持有人实际赎回基金份额时（包含全部赎回，部分赎回）、基金终止日。",20-50亿元,P1030053
团队跟踪,优宗斗宗,SJM900,优宗斗宗私募证券投资基金,SJM900,上海优宗投资,,2020-01-21,2020-02-05,国信证券股份有限公司,施惟,,否,,,,,,,0,,,,,0-5亿元,P1061912
团队跟踪,聚启元双勉6号,SJM990,聚启元双勉6号私募证券投资基金,SJM990,广东聚启元,,2019-12-25,2019-12-27,中信证券股份有限公司,谭北华,,否,,,,,,,0,,,,,0-5亿元,P1032741
团队跟踪,博孚利尊享11号FOF私募证券投资基金,SJN095,博孚利尊享11号FOF私募证券投资基金,SJN095,厦门博孚利资管,,2019-12-23,2019-12-27,兴业证券股份有限公司,,每周二、三,可临开申购,1%可免,不少于1万元人民币,1%可免,0.8,,0.75,0.0115,1.15%年费率，按季度计提,0.015%/年,0.015%/年,无,50-100亿元,P1023120
团队跟踪,龙旗引航者私募证券投资基金,SJN098,龙旗引航者私募证券投资基金,SJN098,杭州龙旗科技,,2020-01-09,2020-01-17,东方证券股份有限公司,,,否,,,,,,,0,,,,,100亿元以上,P1000676
团队跟踪,瑞鼎6号私募证券投资基金,SJN180,瑞鼎6号私募证券投资基金,SJN180,福建东方瑞鼎资管,,2019-12-26,2020-01-02,兴业证券股份有限公司,,"每月1号
",可临开申购和可临开赎回,,,,0.88,无,0.85,0.005,"
",,"0.08%
","0%
",0-5亿元,P1034820
团队跟踪,探索者量化期权1号私募证券投资基金,SJN775,探索者量化期权1号私募证券投资基金,SJN775,大连探索者基金,,2020-04-03,2020-04-17,国泰君安证券股份有限公司,王承,,否,,,,,,,0,,,,,0-5亿元,P1070464
团队跟踪,瑷尔德声闻六期私募证券投资基金,SJN786,瑷尔德声闻六期私募证券投资基金,SJN786,浙江瑷尔德投资,,2020-01-20,2020-02-03,华泰证券股份有限公司,刘洋,,否,,,,,,,0,,,,,5-10亿元,P1025781
团队跟踪,新湖期货创稳6号集合资产管理计划,SJN965,新湖期货创稳6号集合资产管理计划,SJN965,新湖期货,,2020-03-11,2020-03-11,国泰君安证券股份有限公司,,,否,,,,,,,0,,,,,,PT0500030378
团队跟踪,澄明平凡尊享1号私募证券投资基金,SJN985,澄明平凡尊享1号私募证券投资基金,SJN985,北京澄明,,2020-01-14,2020-01-17,招商证券股份有限公司,,,否,,,,,,,0,,,,,5-10亿元,P1070532
团队跟踪,芷瀚量化CTA六号私募证券投资基金,SJP091,芷瀚量化CTA六号私募证券投资基金,SJP091,上海芷瀚资管,,2020-01-15,2020-01-20,华泰证券股份有限公司,,,否,,,,,,,0,,,,,0-5亿元,P1066464
团队跟踪,贞元盛新私募证券投资基金,SJP202,贞元盛新私募证券投资基金,SJP202,武汉贞元投资,,2022-05-06,2022-05-10,招商证券股份有限公司,,,否,,,,,,,0,,,,,5-10亿元,P1070352
团队跟踪,道合东哥1号私募证券投资基金,SJP285,道合东哥1号私募证券投资基金,SJP285,上海道合,,2020-04-15,2020-04-30,国泰君安证券股份有限公司,赵斌,每周周一、周三、周五,否,0%,,0%,0.9,无,0.85,0.01,,0.05%,0.05%,20%,5-10亿元,P1025044
团队跟踪,瀚骏价值增长1号,SJP382,瀚骏价值增长1号私募证券投资基金,SJP382,上海瀚骏投资,,2020-03-19,2020-03-26,中信证券股份有限公司,徐立新,"每季度最后一个工作日
（可临开申赎）",否,0,,0,,,,0.01,,,,15%,0-5亿元,P1008246
团队跟踪,鋆晟狮王套利6号私募证券投资基金,SJP431,鋆晟狮王套利6号私募证券投资基金,SJP431,上海鋆晟投资,,2020-12-01,2020-12-24,招商证券股份有限公司,许钧天,本基金申购开放日为每周二（遇节假日则顺延至下一工作日），本基金赎回开放日为每自然季度首月25号（遇节假日则顺延至下一工作日），如申购开放日和赎回开放日为同一天，则当天既可申购也可赎回。临时开放日只可赎回不可申购，具体开放日期以管理人通知为准。,否,0.5%,募集期间每次追加认购金额应不低于10万元人民币。,若基金份额持有时间少于6个月，赎回费率1%；若基金份额持有时间大于等于6个月，赎回费率0。,0.92,本基金份额自认购/申购之日（认购日为基金成立日、申购日为申购所对应开放日）起3个月（每月按30个自然日计算）不允许基金份额持有人进行赎回。,0.9,0,,0.04%,0.04%,"当R>0％时，对超过0%的收益部分提取20%的业绩报酬，即E=F×（A-C）×20%；在两类情况下管理人将根据基金份额持有人的收益情况对本基金提取业绩报酬，一类是基金份额持有人申请赎回或本基金终止时提取业绩报酬；另一类是分红时提取业绩报酬。
当基金份额赎回、基金终止或分红时，管理人将提取赎回份额或分红份额当期收益的20%作为业绩报酬。如本次基金分红时间距上次分红时间（如有）不足3个月（每月按30个自然日计算），则本次基金分红不对基金份额计提业绩报酬。",0-5亿元,P1028385
团队跟踪,圆海持赢丹娜宏观尊享1号私募证券投资基金,SJP462,圆海持赢丹娜宏观尊享1号私募证券投资基金,SJP462,上海持赢投资,,2020-01-16,2020-01-21,招商证券股份有限公司,,,否,,,,,,,0,,,,,0-5亿元,P1010930
团队跟踪,贞元图灵衍生品核心1号私募证券投资基金,SJP569,贞元图灵衍生品核心1号私募证券投资基金,SJP569,武汉贞元投资,,2020-03-18,2020-03-23,招商证券股份有限公司,,,否,,,,,,,0,,,,,5-10亿元,P1070352
团队跟踪,锐天长量四号私募证券投资基金,SJP620,锐天长量四号私募证券投资基金,SJP620,上海锐天投资,,2020-03-23,2020-04-03,招商证券股份有限公司,,每个自然月第一个工作日,否,,,,0.85,无,0.8,0,,0.05%,0.05%,35%,100亿元以上,P1024169
团队跟踪,华泰期货成长FOF3号单一资产管理计划,SJP665,华泰期货成长FOF3号单一资产管理计划,SJP665,华泰期货,,2020-01-10,,,,,否,,,,,,,0,,,,,,PT0500011867
团队跟踪,持赢丹娜灯火阑珊1号私募证券投资基金,SJP739,持赢丹娜灯火阑珊1号私募证券投资基金,SJP739,上海持赢投资,,2020-02-25,2020-03-05,国信证券股份有限公司,,,否,,,,,,,0,,,,,0-5亿元,P1010930
团队跟踪,致远私享十四号私募证券投资基金,SJP866,致远私享十四号私募证券投资基金,SJP866,珠海致诚卓远投资,,2020-09-15,2020-09-15,国泰君安证券股份有限公司,,每个交易日,否,A类份额：1%；B类份额：0%,,A类份额：1%；B类份额：0%,,无,,0,,0.025%,0.025%,"B类份额：不计提业绩报酬；A类份额：对超出业绩报酬计提基准的持有期差额收益按25%的比例计提。A类份额业绩报酬计提基准=【期间中证1000指数年化收益率】
计提基准日：投资者赎回日、分红权益登记日、基金清算日、固定计提日。】其中固定计提日为每个自然年度6月和12月的最后一个交易日（封闭期及/或锁定期内的固定计提日除外）",100亿元以上,P1065479
团队跟踪,睿郡6号,SJP915,睿郡6号私募证券投资基金,SJP915,上海睿郡资管,,2020-01-15,2020-01-21,兴业证券股份有限公司,,,否,0%,,A类份额：持有期小于 360 个自然日，赎回费率为2%；持有期大等于 360个自然日，赎回费率为0%。B类份额：0%,,,,0.002,A类份额：0.2%；B类份额：0%（A类份额单位净值小于等于0.8元时，本基金自符合净值触发条件的下一日起暂停计提管理费）,A类份额：0.1%；B类份额：5000元,A类份额：0.1%；B类份额：5000元（客户服务费：A类份额：0.8%；B类份额：0%）,"A类份额：业绩报酬的计算将对单个投资者单笔投资进行分别计算。在业绩报酬计提基准日(投资者赎回日、分红日、基金清算日)，若第i位基金份额持有人的第j笔投资在上一计提日(首次计提时，则为该笔投资的参与日)至本次基准日持有期间的年化收益大于0，则对至1(含)的部分提取15%作为业绩报酬；对大于 10%的部分提取 20%作为业绩报酬。
B类份额：不收取。",100亿元以上,P1014376
团队跟踪,申毅尊享稳健1号证券投资私募基金,SJQ274,申毅尊享稳健1号证券投资私募基金,SJQ274,上海申毅投资,,2020-01-22,2020-02-05,华泰证券股份有限公司,申毅,,否,,,,,,,0,,,,,100亿元以上,P1000404
团队跟踪,湘源稳健3号私募证券投资基金,SJQ332,湘源稳健3号私募证券投资基金,SJQ332,杭州湘源投资,,2020-03-05,2020-04-23,海通证券股份有限公司,张倚源,（已变更生效）每月的第三个工作日。,可临开赎回,0,,（20260617变更生效）持有＜ 90 天（不含）： 0.5%    持有 ≥ 90 天：0%,,无,,0.01,,0.02%,0.02%,（20260617变更生效）采用单个投资者单笔投资年化收益全额法计提，即分别计算基金份额持有人每笔所持份额或赎回份额在持有期的年化收益率，当年化收益率大于业绩报酬计提触发条件（年化4.8%）时，对持有期全额收益按20%比例进行计提，计提后基金份额持有人年化收益率不低于业绩报酬计提触发条件（年化4.8%）。,5-10亿元,P1061335
团队跟踪,昌宏盛瑞启明星温商三号私募证券投资基金,SJQ710,昌宏盛瑞启明星温商三号私募证券投资基金,SJQ710,深圳昌宏盛瑞投资,,2020-01-22,2020-02-04,招商证券股份有限公司,韦宏海,,否,,,,,,,0,,,,,0-5亿元,P1067984
团队跟踪,蒙玺量化对冲增强1号私募证券投资基金,SJQ733,蒙玺量化对冲增强1号私募证券投资基金,SJQ733,上海蒙玺投资,,2020-07-01,2020-07-02,国泰君安证券股份有限公司,,"每月20号
",否,,,,0.92,无封闭期,0.9,0.015,"1.50%
",,"0.20%
","20%
",100亿元以上,P1063294
团队跟踪,博孚利尊享9号FOF私募证券投资基金,SJQ735,博孚利尊享9号FOF私募证券投资基金,SJQ735,厦门博孚利资管,,2020-01-16,2020-01-21,招商证券股份有限公司,,每自然月第10个自然日为开放日。如该对应日为非工作日，则开放日为该日后的第一个工作日。,可临开申购,B类份额：0,每次追加申购的最低金额为10万元人民币。,0,0.8,成立后180天（已结束）。,0.75,0,B类份额：0.5%/年,0.025%/年,0.025%/年,"B类份额：单人单笔高水位法，针对收益0%以上的部分计提10%业绩报酬
本基金业绩报酬计提日为：封闭期过后，每年1月及7月的最后一个交易日，基金份额持有人实际赎回基金份额时（包含全部赎回，部分赎回）、基金终止日。",50-100亿元,P1023120
团队跟踪,龙旗龙骑士私募证券投资基金,SJQ796,龙旗龙骑士私募证券投资基金,SJQ796,杭州龙旗科技,,2020-02-20,2020-02-21,中信证券股份有限公司,,,否,,,,,,,0,,,,,100亿元以上,P1000676
团队跟踪,爱凡哲嘉许一号私募证券投资基金,SJR250,爱凡哲嘉许一号私募证券投资基金,SJR250,爱凡哲投资,,2020-02-14,2020-02-18,招商银行股份有限公司,,每个交易日,否,无,,无,,无,,0.01,,,,对超过0%的收益部分提取15%的业绩报酬,20-50亿元,P1066184
团队跟踪,量道明澈量化对冲1号私募证券投资基金,SJR286,量道明澈量化对冲1号私募证券投资基金,SJR286,深圳量道投资,,2020-02-05,2020-02-06,国泰君安证券股份有限公司,,每自然月第10个自然日为开放日。如该对应日为非工作日，则开放日为该日后的第一个工作日。,可临开申购,B类份额：0,每次追加申购的最低金额为10万元人民币。,0,0.8,成立后180天（已结束）。,0.75,0,B类份额：0.5%/年,0.025%/年,0.025%/年,"B类份额：单人单笔高水位法，针对收益0%以上的部分计提10%业绩报酬
本基金业绩报酬计提日为：封闭期过后，每年1月及7月的最后一个交易日，基金份额持有人实际赎回基金份额时（包含全部赎回，部分赎回）、基金终止日。",100亿元以上,P1016658
团队跟踪,量道明澈指数增强1号私募证券投资基金,SJR533,量道明澈指数增强1号私募证券投资基金,SJR533,深圳量道投资,,2020-02-18,2020-02-20,国泰君安证券股份有限公司,,每月第28个自然日,否,,,,,无封闭期,0.5,0.015,1.5%,0.03%,0.03%,,100亿元以上,P1016658
团队跟踪,因诺聚配沪深300指数增强,SJR645,因诺聚配沪深300指数增强私募证券投资基金,SJR645,上海因诺资管,,2020-02-26,2020-02-28,国泰君安证券股份有限公司,,,否,,,,,,,0,,,,,100亿元以上,P1006164
团队跟踪,蝶威深度智能稳健2号私募证券投资基金,SJR675,蝶威深度智能稳健2号私募证券投资基金,SJR675,上海蝶威,,2020-02-20,2020-03-02,华泰证券股份有限公司,,,否,,,,,,,0,,,,,10-20亿元,P1070101
团队跟踪,量道吉祥3号私募证券投资基金,SJR807,量道吉祥3号私募证券投资基金,SJR807,深圳量道投资,,2020-03-13,2020-03-13,国泰君安证券股份有限公司,,每周周五，如遇非交易日，则顺延至下一交易日,可临开申购和可临开赎回,A类份额:1%，B类份额:0%。,1 万元的整数倍,A类份额：持有期<180天为1%，>=180天为0%。B类份额：0%。,,无,,0.015,A类份额:1.50%，B类份额:0%。 A类份额：向除B类份额投资者以外的其它合格投资者募集的基金份额。 B类份额：向本基金管理人、本基金管理人员工、本基金管理人管理的其他私募基金募集的基金份额。,0.03%/年,0.03%/年,"A类份额：
1、计提方式：单个投资者单笔高水位净值法。
2、计提时点：投资者赎回日、分红权益登记日、基金清算日、固定计提日（【每年12月28日，如遇非交易日则顺延至下一交易日）。
3、计提比例：【20%】。
B类份额：不计提业绩报酬。",100亿元以上,P1016658
团队跟踪,尊和安盈1号,SJR885,尊和安盈1号私募证券投资基金,SJR885,杭州尊和资管,,2020-03-03,2020-03-06,国泰君安证券股份有限公司,刘连池,申购开放日为每个交易日，赎回开放日为每月第1个交易日,否,0%,1万元起,0%，归基金资产,0.95,无,0.9,0.01,,0.04%,0.04%,单个投资者单笔投资年化收益差额法，20%,10-20亿元,P1062555
团队跟踪,安贤价值精选1号私募证券投资基金,SJR896,安贤价值精选1号私募证券投资基金,SJR896,北京安贤,,2020-03-17,2020-03-20,招商证券股份有限公司,,,否,,,,,,,0,,,,,50-100亿元,P1070195
团队跟踪,瑞鼎8号私募证券投资基金,SJR905,瑞鼎8号私募证券投资基金,SJR905,福建东方瑞鼎资管,,2020-02-26,2020-02-27,兴业证券股份有限公司,,"每月第一个交易日
",否,,,,0.88,无,0.85,0.01,"
",,"0.08%
","0%
",0-5亿元,P1034820
团队跟踪,衍复水滴中性一号私募证券投资基金,SJR909,衍复水滴中性一号私募证券投资基金,SJR909,上海衍复投资,,2020-03-31,2020-04-02,国泰君安证券股份有限公司,高亢,,否,,,180天以内赎回1%,,,,0.012,,0.03%,,22%,100亿元以上,P1070325
团队跟踪,百奕传家一号,SJS027,百奕传家一号私募证券投资基金,SJS027,上海百奕投资,,2020-03-23,2020-03-30,国信证券股份有限公司,苏介山,本基金自成立之日起，每个自然月度的第【4】个周五为固定开放日，开放日如遇节假日则顺延至下一个工作日。固定开放日投资者可以申购参与本基金，也可以申请赎回本基金。管理人可根据市场情况设置临时开放日，临时开放日既允许申购，也允许赎回。,可临开申购和可临开赎回,本基金申购费费率为1%，申购费由募集机构收取；募集机构有权对个别投资者的申购费进行减免。,追加认购金额应为【1】万元（不含认购费）的整数倍。,本基金不收取赎回费。,0.9,在本基金存续期内，除开放日外的期间为封闭期，在此期间管理人不接受投资者的申购和赎回申请。,0.8,0.015,本基金的管理费按前一日基金资产净值的1.5%年费率计提。,0.05%,0.05%,20%，管理人对基金超额收益部分收取业绩报酬。业绩报酬提取时点分为收益分配基准日、份额赎回日和基金终止日提取。,0-5亿元,P1014097
团队跟踪,量道东海全天候2号私募证券投资基金,SJS191,量道东海全天候2号私募证券投资基金,SJS191,深圳量道投资,,2020-02-18,2020-02-18,兴业证券股份有限公司,,每个自然月28日（遇非交易日顺延）开放申购赎回。,可临开申购,1%,1,<180天为1%，>=180天为0%,,-,,0.01,,0.05％,0.05％,"业绩报酬计提方式：单笔投资高水位净值法
业绩报酬基准日：投资者赎回日、基金终止日、分红日、固定结算日（每年12月28日，遇非交易日顺延）
业绩报酬计提比例：20%",100亿元以上,P1016658
团队跟踪,鲲腾量化复合1号私募证券投资基金,SJS254,鲲腾量化复合1号私募证券投资基金,SJS254,深圳鲲腾,,2020-03-10,2020-03-19,中国国际金融股份有限公司,,,可临开赎回,,,,0.85,,0.8,0,,,,,5-10亿元,P1025308
团队跟踪,衍复新擎一号私募证券投资基金,SJS407,衍复新擎一号私募证券投资基金,SJS407,上海衍复投资,,2020-07-17,2020-07-21,国泰君安证券股份有限公司,高亢,,否,,,,,,,0,,,,,100亿元以上,P1070325
团队跟踪,众量资产金源1号,SJS673,众量资产金源1号私募证券投资基金,SJS673,上海众量,,2020-02-24,2020-02-25,中信建投证券股份有限公司,,每自然季度末月的第一个工作日,可临开申购和可临开赎回,0%,,0%,,无,,0.01,,0.05%,0.05%,"业绩报酬提取比例为20%。
计提基准日：固定计提确认日（每年1月15日及每年6月15日）、分红确认日（若有）、赎回确认日和基金终止确认日。",20-50亿元,P1005904
团队跟踪,锐天标准300指数增强1号,SJS701,锐天标准300指数增强1号私募证券投资基金,SJS701,上海锐天投资,,2020-03-05,2020-03-09,国泰君安证券股份有限公司,徐晓波,每月最后一个交易日,否,1%,,91天以内经管理人同意可赎回:1%;91-181:1%;181天以上：0,,,,0,A类：1%；B类：1.5%,,0.05%,0以上20%,100亿元以上,P1024169
团队跟踪,和元达元八号量化私募证券投资基金,SJS888,和元达元八号量化私募证券投资基金,SJS888,广州和元达,,2020-02-28,2020-03-03,中信证券股份有限公司,张智能,"每月的最后一个交易日
",可临开赎回,0%,,0%,0.85,无,0.8,0.015,"1.5%
",0.015%,"0.015%
","将根据委托人的期间年化收益率（R），当期间年化收益率超过0%以上且在49.99%以下（含）时，对期间所有收益按照20%的比例收取业绩报酬，当期间年化收益率在49.99%以上时，对期间所有收益按照28%的比例收取业绩报酬。
计提基准日：每个自然年度6月和12月的最后一个工作日",0-5亿元,P1033797
团队跟踪,昌宏盛瑞北极星一号私募证券投资基金,SJT077,昌宏盛瑞北极星一号私募证券投资基金,SJT077,深圳昌宏盛瑞投资,,2020-03-09,2020-03-10,招商证券股份有限公司,韦宏海,,否,,,,,,,0,,,,,0-5亿元,P1067984
团队跟踪,锐天金选量化对冲三号A期私募证券投资基金,SJT099,锐天金选量化对冲三号A期私募证券投资基金,SJT099,上海锐天投资,,2020-02-26,2020-02-27,中国国际金融股份有限公司,,开放日：每月17号为开放日,可临开赎回,0,,0,,,,0.005,,,,,100亿元以上,P1024169
团队跟踪,锋滔重剑CTA二号私募证券投资基金,SJT243,锋滔重剑CTA二号私募证券投资基金,SJT243,上海锋滔资管,,2020-03-04,2020-03-05,招商证券股份有限公司,,"每月的最后一个交易日
",否,,,,0.8,12个月,0.75,0.015,"1.50%
",,"0.10%
","20%
",0-5亿元,P1007210
团队跟踪,无量宏观量化多策略1号,SJT249,无量宏观量化多策略1号私募证券投资基金,SJT249,海南无量,,2020-03-20,2020-03-25,招商证券股份有限公司,李德安,每周最后一个工作日,否,0%,,0%,,无,,0.015,,0.025%,0.025%,单客户单笔份额高水位法，20%,20-50亿元,P1022101
团队跟踪,渊远东方红1号集合资产管理计划,SJT385,渊远东方红1号集合资产管理计划,SJT385,上海东方证券,,2020-03-02,2020-03-03,招商银行股份有限公司,,,否,,,,,,,0,,,,,,I0700199
团队跟踪,宁水国债宝2号私募证券投资基金,SJT536,宁水国债宝2号私募证券投资基金,SJT536,厦门宁水,,2020-05-21,2020-05-25,国信证券股份有限公司,,每周四申赎,可临开赎回,0,,0,,0,,0.01,,0.05%,0.05%,20%,20-50亿元,P1066639
团队跟踪,黑帆大海三号私募证券投资基金,SJT655,黑帆大海三号私募证券投资基金,SJT655,杭州黑帆资管,,2020-03-30,2020-04-01,中信证券股份有限公司,陈乔,每个交易日,否,0,,0,0.97,无,0.94,0.005,,,,"委托人每笔参与份额分别计算期间年化收益率并计提业绩报酬。
在符合业绩报酬计提条件时，在本基金分红确认日(若有)、赎回确认日和基金终止确认日计提业绩报酬。
年化6%以下不计提，年化超过6%部分计提40%",0-5亿元,P1061190
团队跟踪,启元优享26号私募证券投资基金,SJT870,启元优享26号私募证券投资基金,SJT870,温州启元资管,,2020-03-23,2020-03-25,华泰证券股份有限公司,,,否,,,,,,,0,,,,,20-50亿元,P1012870
团队跟踪,启元私享2号私募证券投资基金,SJU088,启元私享2号私募证券投资基金,SJU088,温州启元资管,,2020-03-17,2020-03-19,华泰证券股份有限公司,,每季度第3个月第10个自然日,否,1%,,0%,,无,,0.01,B类份额：1%；A类份额：0%,0.025%,0.025%,B类份额：20%；A类份额：0%,20-50亿元,P1012870
团队跟踪,博孚利聚强5号FOF私募证券投资基金,SJU178,博孚利聚强5号FOF私募证券投资基金,SJU178,厦门博孚利资管,,2020-05-26,2020-06-02,国泰君安证券股份有限公司,,每自然月第10个自然日为开放日。如该对应日为非工作日，则开放日为该日后的第一个工作日。,可临开申购,B类份额：0,每次追加申购的最低金额为10万元人民币。,0,0.8,成立后180天（已结束）。,0.75,0.006,B类份额：0.5%/年,0.025%/年,0.025%/年,"B类份额：单人单笔高水位法，针对收益0%以上的部分计提10%业绩报酬
本基金业绩报酬计提日为：封闭期过后，每年1月及7月的最后一个交易日，基金份额持有人实际赎回基金份额时（包含全部赎回，部分赎回）、基金终止日。",50-100亿元,P1023120
团队跟踪,量道汇盈8号私募证券投资基金,SJU193,量道汇盈8号私募证券投资基金,SJU193,深圳量道投资,,2020-03-16,2020-03-17,华泰证券股份有限公司,,每月28日,可临开申购和可临开赎回,1%,1万元起,持有期小于180天，赎回费率为1%；持有期大等于180天，赎回费率为0%,0.8,无,0.75,0.001,,,0.04%,不计提业绩报酬,100亿元以上,P1016658
团队跟踪,量道汇盈9号私募证券投资基金,SJU199,量道汇盈9号私募证券投资基金,SJU199,深圳量道投资,,2020-03-25,2020-03-25,华泰证券股份有限公司,,每个交易日,可临开申购和可临开赎回,1%,1万元起,持有期小于180天，赎回费率为1%；持有期大等于180天，赎回费率为0%,,无,,0,,0.03%,0.03%,不计提业绩报酬,100亿元以上,P1016658
团队跟踪,尚湖安泰平衡配置一号私募证券投资基金,SJU271,尚湖安泰平衡配置一号私募证券投资基金,SJU271,上海尚湖,,2020-03-25,2020-03-31,东方证券股份有限公司,,每个自然月倒数第5个工作日,否,1%,,0%,0.85,,0.8,0.003,,0.05%,0.05%,不收取业绩报酬,0-5亿元,P1025740
团队跟踪,思勰投资-中证500指数增强1号,SJU280,思勰投资-中证500指数增强1号私募证券投资基金,SJU280,上海思勰投资,,2020-03-26,2020-03-31,国泰君安证券股份有限公司,陈磐颖,,否,,,,,,,0,,,,,100亿元以上,P1032873
团队跟踪,博孚利尊享12号FOF私募证券投资基金,SJU649,博孚利尊享12号FOF私募证券投资基金,SJU649,厦门博孚利资管,,2020-03-09,2020-03-18,中信证券股份有限公司,,每自然月第10个自然日为开放日。如该对应日为非工作日，则开放日为该日后的第一个工作日。,可临开申购,B类份额：0,每次追加申购的最低金额为10万元人民币。,0,0.8,成立后180天（已结束）。,0.75,0.002,B类份额：0.5%/年,0.025%/年,0.025%/年,"B类份额：单人单笔高水位法，针对收益0%以上的部分计提10%业绩报酬
本基金业绩报酬计提日为：封闭期过后，每年1月及7月的最后一个交易日，基金份额持有人实际赎回基金份额时（包含全部赎回，部分赎回）、基金终止日。",50-100亿元,P1023120
团队跟踪,晟川永晟五号,SJU711,晟川永晟五号私募证券投资基金,SJU711,泉州晟川,,2020-03-19,2020-03-23,国泰君安证券股份有限公司,,每月最后一个交易日、倒数第十个交易日,否,,不低于10万元,,0.8,无,0.7,0.01,1%,0.04%,0.04%,20%,0-5亿元,P1069654
团队跟踪,广发基金冀泰1号集合资产管理计划,SJV217,广发基金冀泰1号集合资产管理计划,SJV217,广发基金,,2020-03-10,2020-03-11,中国光大银行股份有限公司,,每个季度首月15号，连续开放5个工作日,否,单笔申购金额＜500万，认购费率为0.5%；单笔申购金额≥500万，认购费率为1000元,,0%,0.95,本资产管理计划成立之日起，成立满1年的年度对日,0.9,0.015,,0.02%,,"业绩报酬计提基准为年收益率8%，业绩报酬提取比例为超过计提基准部分的20%。
业绩基准日：自本资产管理计划成立之日起，成立满1年的年度对日的前一个工作日，以此类推。",,PT0100000030
团队跟踪,尚艺中证500指数增强1号私募证券投资基金,SJV262,尚艺中证500指数增强1号私募证券投资基金,SJV262,北京尚艺,,2020-03-17,2020-03-19,中信证券股份有限公司,王峥,,否,,,,,,,0,,,,,50-100亿元,P1006152
团队跟踪,永泉奇点3号混合投资,SJV433,永泉奇点3号混合投资私募基金,SJV433,宁波永泉,,2020-03-20,2020-03-24,国信证券股份有限公司,,每月的最后一个工作日,可临开申购和可临开赎回,0%,,0%,0.97,无,0.95,0.002,,0.05%,0.05%,持有期年化收益率小于等于5.00%，则不计提业绩报酬；持有期年化收益率大于5.00%，则对基金份额收益的50%以及份额年化收益率高于5.00%的收益孰低计提业绩报酬。,0-5亿元,P1017919
团队跟踪,静实至信私募证券投资基金,SJV631,静实至信私募证券投资基金,SJV631,共青城静实投资,,2020-03-24,2020-03-26,兴业证券股份有限公司,郭亮,每月第一个交易日,可临开赎回,,,0%,0.85,无,0.8,0,,0.025%,0.025%,A类无业绩报酬；B类20%,0-5亿元,P1070233
团队跟踪,华杉致远私募证券投资基金,SJV750,华杉致远私募证券投资基金,SJV750,深圳前海华杉投资,,2020-03-19,2020-03-19,中信证券股份有限公司,,,否,0%,,0%,,,,0,,,,B类-20%,10-20亿元,P1007735
团队跟踪,文谛量化多策略十号私募证券投资基金,SJV784,文谛量化多策略十号私募证券投资基金,SJV784,上海文谛资管,,2021-08-04,2021-08-13,国泰君安证券股份有限公司,,,否,,,,,,,0,,,,,10-20亿元,P1060697
团队跟踪,向日葵泽阳家族联合FOF1号私募证券投资基金,SJV805,向日葵泽阳家族联合FOF1号私募证券投资基金,SJV805,上海向日葵投资,,2020-03-25,2020-03-27,招商证券股份有限公司,张姚杰,,否,,,,,,,0,,,,,20-50亿元,P1005620
团队跟踪,燧石星云进取3号私募证券投资基金,SJV949,燧石星云进取3号私募证券投资基金,SJV949,武汉燧石投资,,2020-04-08,2020-04-10,招商证券股份有限公司,,每个自然月第十工作日,否,,,,0.92,,0.9,0.015,,,,50%,0-5亿元,P1064973
团队跟踪,燧石星云进取5号私募证券投资基金,SJV951,燧石星云进取5号私募证券投资基金,SJV951,武汉燧石投资,,2020-04-16,2020-04-17,招商证券股份有限公司,,,否,,,,,,,0,,,,,0-5亿元,P1064973
团队跟踪,量道CTA精选6号,SJV980,量道CTA精选6号私募证券投资基金,SJV980,深圳量道投资,,2020-03-19,2020-03-19,兴业证券股份有限公司,,每月28日（遇非交易日顺延至下一交易日）,可临开申购和可临开赎回,1%,1 万元的整数倍,持有不足12个月（360个自然日）赎回费率为1%，持有12个月（360个自然日）以上（含）赎回费率为0%,,无,0.5,0,,0.04%/年,0.04%/年,不计提业绩报酬,100亿元以上,P1016658
团队跟踪,麦迪生路遥2号私募证券投资基金,SJV995,麦迪生路遥2号私募证券投资基金,SJV995,上海麦迪生利,,2020-03-30,2020-03-31,中信证券股份有限公司,,,否,,,,,,,0,,,,,20-50亿元,P1070365
团队跟踪,量游檀雅一号,SJW021,量游檀雅一号私募证券投资基金,SJW021,上海量游资管,,2020-03-26,2020-03-31,国泰君安证券股份有限公司,,每季度末月（即 3、6、9、12 月）最后一个交易日,否,0%,,0%,0.88,无,0.85,0.01,,0.025%,0.025%,"单个投资者单笔高水位净值法：计提比例 20%。
",5-10亿元,P1005511
团队跟踪,每利-班长1号私募证券投资基金,SJW106,每利-班长1号私募证券投资基金,SJW106,北京每利投资,,2020-03-27,2020-04-01,国泰君安证券股份有限公司,,,否,,,,,,,0,,,,,0-5亿元,P1014611
团队跟踪,华软新动力中证500指数增强1号组合私募证券投资基金,SJW373,华软新动力中证500指数增强1号组合私募证券投资基金,SJW373,北京华软新动力,,2020-03-25,2020-03-25,招商证券股份有限公司,,,否,,,,,,,0,,,,,50-100亿元,P1000997
团队跟踪,博孚利尊享7号FOF私募证券投资基金,SJW515,博孚利尊享7号FOF私募证券投资基金,SJW515,厦门博孚利资管,,2020-03-27,2020-03-31,中信证券股份有限公司,,每个自然月最后一个工作日,可临开申购和可临开赎回,0%,不少于1万元且为1万元的整数倍,0%,,无,,0.002,,0.015%,0.015%,不计提业绩报酬,50-100亿元,P1023120
团队跟踪,因诺天机48号私募证券投资基金,SJW583,因诺天机48号私募证券投资基金,SJW583,上海因诺资管,,2020-03-27,2020-03-27,中信证券股份有限公司,,FOF投资产品池,否,每个月最后一个自然日,因诺（上海）资产管理有限公司,,,复合策略,,0,,,,,100亿元以上,P1006164
团队跟踪,中舍钱江一号CTA,SJW886,中舍钱江一号CTA私募证券投资基金,SJW886,杭州中舍资管,,2020-03-25,2020-03-30,招商证券股份有限公司,彭小燕,,否,,,,,,,0,,,,,0-5亿元,P1070393
团队跟踪,量道汇盈10号私募证券投资基金,SJX005,量道汇盈10号私募证券投资基金,SJX005,深圳量道投资,,2020-03-25,2020-03-25,兴业证券股份有限公司,,每月28号,否,1%,,1%（可金额赎回）,0.8,无,0.75,0.001,,,0.05%,,100亿元以上,P1016658
团队跟踪,燧石星云进取6号私募证券投资基金,SJX114,燧石星云进取6号私募证券投资基金,SJX114,武汉燧石投资,,2020-04-23,2020-04-26,招商证券股份有限公司,,,否,,,,,,,0.015,,,,50%,0-5亿元,P1064973
团队跟踪,量游檀雅二号私募证券投资基金,SJX185,量游檀雅二号私募证券投资基金,SJX185,上海量游资管,,2020-04-28,2020-04-30,国泰君安证券股份有限公司,,每周周五,否,0%,,0%,0.88,,0.85,0.01,,0.04%,0.04%,"计提方式：单个投资者单笔高水位净值法，计提比例 20%。
计提时点：投资者赎回日、每自然季度末月最后一个交易日和基金清算日",5-10亿元,P1005511
团队跟踪,博孚利尊享15号FOF,SJX186,博孚利尊享15号FOF私募证券投资基金,SJX186,厦门博孚利资管,,2020-03-30,2020-04-01,中信证券股份有限公司,,每个自然月最后一个工作日,可临开申购和可临开赎回,0,不少于1万元且为1万元的整数倍（不含申购费用）。,0,0.85,无,0.8,0,0.2%,0.015%/年,0.015%/年,不计提,50-100亿元,P1023120
团队跟踪,林道波动率1期私募证券投资基金,SJX333,林道波动率1期私募证券投资基金,SJX333,北京林道资管,,2020-04-22,2020-04-23,国泰君安证券股份有限公司,,每周周一,否,,,持有期小于180 天，赎回费率为2%；持有期大等于180天及小于360天，赎回费率为1%；持有期大于360天，赎回费率0%,0.88,无,0.8,0.02,,0.05%,0.05%,20%,0-5亿元,P1070742
团队跟踪,茂源尊享量化选股进取1号私募证券投资基金,SJX390,茂源尊享量化选股进取1号私募证券投资基金,SJX390,海南茂源量化,,2020-03-27,2020-03-27,招商证券股份有限公司,,,否,,,,,,,0,,,,,100亿元以上,P1061840
团队跟踪,宽德灵活对冲3号私募证券投资基金,SJX421,宽德灵活对冲3号私募证券投资基金,SJX421,珠海宽德,,2020-04-03,2020-04-10,海通证券股份有限公司,,,否,,,,,,,0,,,,,100亿元以上,P1031924
团队跟踪,量道CTA精选6A号私募证券投资基金,SJX780,量道CTA精选6A号私募证券投资基金,SJX780,深圳量道投资,,2020-03-31,2020-03-31,兴业证券股份有限公司,,每月 28号（如遇非工作日顺延）,可临开申购和可临开赎回,1%,1万元的整数倍,依据基金份额持有人所持有的每笔基金份额的持有期收取赎回费，不足6个月（180个自然日）赎回费率为1%，6个月以上（含）赎回费率为0。,0.8,无,0.7,0.015,,0.04%/年,0.04%/年,"1）计提方式：单个投资者单笔高水位净值法。
2）计提时点：投资者赎回日、基金终止日、分红日、固定结算日（每年12月28日）。
3）计提比例：20%。",100亿元以上,P1016658
团队跟踪,量道全天候1号私募证券投资基金,SJX781,量道全天候1号私募证券投资基金,SJX781,深圳量道投资,,2020-03-31,2020-03-31,兴业证券股份有限公司,,,否,,,,,,,0,,,,,100亿元以上,P1016658
团队跟踪,博孚利涌金13号私募证券投资基金,SJX826,博孚利涌金13号私募证券投资基金,SJX826,厦门博孚利资管,,2020-04-03,2020-04-13,中信证券股份有限公司,,每日开放,可临开申购,0.5%,10万元,0%,,无,,0.015,,0.015%,0.015%,门槛收益率法，年化30%以上计提60%,50-100亿元,P1023120
团队跟踪,明钺回报A私募证券投资基金,SJX883,明钺回报A私募证券投资基金,SJX883,珠海明钺,,2020-04-10,2020-04-14,国信证券股份有限公司,,,否,,,,,,,0,,,,,50-100亿元,P1066816
团队跟踪,橡杉量化套利三号私募证券投资基金,SJY109,橡杉量化套利三号私募证券投资基金,SJY109,上海橡杉资管,,2020-04-15,2020-04-21,国信证券股份有限公司,王丽明,每月的10号、25号,否,0%,,0%,0.95,,0.92,0.015,,0.04%,0.04%,持有期年化收益率小等于0%，不收取业绩报酬；持有期年化收益率大于0%，收取25%的业绩报酬,5-10亿元,P1060103
团队跟踪,润洲春华五号私募证券投资基金,SJY156,润洲春华五号私募证券投资基金,SJY156,杭州润洲,,2020-05-20,2020-05-25,招商证券股份有限公司,,,否,,,,,,,0,,,,,50-100亿元,P1006059
团队跟踪,品责优享二期私募证券投资基金,SJY560,品责优享二期私募证券投资基金,SJY560,上海品责资产,,2020-04-13,2020-04-14,招商证券股份有限公司,黄凯,每周周二,否,0%,,A类份额持有期小于12个月，赎回费率为1%；持有期大等于12个月，赎回费率为0%。B类份额不收取,,,0.8,0,A类份额收取2%管理费；B类份额不收取,0.04%,0.04%,仅对A类份额收取年化收益超过0%收取20%的业绩报酬；B类份额不收取,5-10亿元,P1020138
团队跟踪,橡杉量化套利四号,SJY686,橡杉量化套利四号私募证券投资基金,SJY686,上海橡杉资管,,2020-04-15,2020-04-17,国信证券股份有限公司,王丽明,,否,,,,,,,0,,,,,5-10亿元,P1060103
团队跟踪,思勰投资子张十号私募证券投资基金,SJY803,思勰投资正好混合中性10号私募证券投资基金,SJY803,上海思勰投资,,2020-04-24,2020-04-29,申万宏源证券有限公司,,,否,,,,,,,0,,,,,100亿元以上,P1032873
团队跟踪,安贤中证500指数增强2号私募证券投资基金,SJY819,安贤中证500指数增强2号私募证券投资基金,SJY819,北京安贤,,2020-05-27,2020-06-01,招商证券股份有限公司,赖雨澄,,否,,,,,,,0,,,,,50-100亿元,P1070195
团队跟踪,稳博1000指数增强1号,SJZ127,稳博1000指数增强1号私募证券投资基金,SJZ127,上海稳博投资,,2020-04-28,2020-04-30,招商证券股份有限公司,殷陶,FOF投资产品池,否,本基金开放日为每自然月18号和每自然周周四（遇节假日均顺延至下一工作日）,上海稳博投资管理有限公司,,,股票多空策略,,0,,,,,100亿元以上,P1029043
团队跟踪,量道游骑兵3号私募证券投资基金,SJZ136,量道游骑兵3号私募证券投资基金,SJZ136,深圳量道投资,,2020-05-12,2020-05-15,国泰君安证券股份有限公司,,每月第28个自然日,否,,,,0.5,无,,0.015,,0.03%,0.03%,20%,100亿元以上,P1016658
团队跟踪,汇升期权六号私募证券投资基金,SJZ181,汇升期权六号私募证券投资基金,SJZ181,江苏苏豪汇升,,2020-05-14,2020-05-15,华泰证券股份有限公司,王胜华,,否,,,,,,,0,,,,,20-50亿元,P1005918
团队跟踪,盛冠达量化套利6号私募证券投资基金,SJZ209,盛冠达量化套利6号私募证券投资基金,SJZ209,海南盛冠达,,2020-06-01,2020-06-02,国泰君安证券股份有限公司,张俊杰、黄灿,,否,,,,,,,0,,,,,20-50亿元,P1001070
团队跟踪,驻点数学家七号私募证券投资基金,SJZ236,驻点数学家七号私募证券投资基金,SJZ236,上海洛炎,,2020-04-21,2020-04-27,华泰证券股份有限公司,,每周周一、周四,否,0%,1万元起,持有期小于180天，赎回费率为0.5%；持有期大等于180天，赎回费率为0%,,无,,0.001,,0.025%,0.025%,不计提业绩报酬,5-10亿元,P1026482
团队跟踪,坤弘一号,SJZ274,坤弘一号私募证券投资基金,SJZ274,北京坤弘,,2020-04-23,2020-04-26,招商证券股份有限公司,彭巍,,否,,,,,,,0,,,,,0-5亿元,P1062587
团队跟踪,佑维CTA进取二号,SJZ288,佑维CTA进取二号私募证券投资基金,SJZ288,北京佑维投资,,2020-04-24,2020-04-27,国泰君安证券股份有限公司,王思达,每周最后一个交易日,否,0,,0,,,,0,,,,10%,0-5亿元,P1069947
团队跟踪,文谛量化臻选九号私募证券投资基金,SJZ449,文谛量化臻选九号私募证券投资基金,SJZ449,上海文谛资管,,2020-05-25,2020-05-27,兴业证券股份有限公司,周时和,,否,,,,,,,0,,,,,10-20亿元,P1060697
团队跟踪,鸣熙资产-招享量化CTA1号私募证券投资基金,SJZ456,鸣熙资产-招享量化CTA1号私募证券投资基金,SJZ456,鸣熙资本,,2020-04-17,2020-04-20,招商银行股份有限公司,,,否,,,,,,,0,,,,,100亿元以上,P1033450
团队跟踪,燧石天卫发现私募证券投资基金,SJZ498,燧石天卫发现私募证券投资基金,SJZ498,武汉燧石投资,,2020-05-11,2020-05-13,招商证券股份有限公司,,,否,,,,,,,0,,,,,0-5亿元,P1064973
团队跟踪,锋滔博孚利重剑CTA三号私募证券投资基金,SJZ606,锋滔博孚利重剑CTA三号私募证券投资基金,SJZ606,上海锋滔资管,,2020-05-06,2020-05-06,国泰君安证券股份有限公司,,"每周第二个交易日
",否,,,,0.8,无封闭期,0.75,0.015,"1.50%
",,"0.08%
","20%
",0-5亿元,P1007210
团队跟踪,鸣石傲华3号私募证券投资基金,SJZ616,鸣石傲华3号私募证券投资基金,SJZ616,上海鸣石,,2020-04-24,2020-04-24,招商证券股份有限公司,,,否,,,,,,,0,,,,,100亿元以上,P1005659
团队跟踪,SAP智龙博孚利,SJZ731,SAP智龙博孚利私募证券投资基金,SJZ731,深圳前海智龙,,2020-05-11,2020-05-12,国泰君安证券股份有限公司,,"每周第一个交易日
",否,1%,,1%,0.85,无,0.7,0.02,"
",,"0.08%
","20%
",5-10亿元,P1016056
团队跟踪,衍盛量化CTA三号私募证券投资基金,SJZ888,衍盛量化CTA三号私募证券投资基金,SJZ888,深圳衍盛,,2020-08-13,2020-08-13,中信建投证券股份有限公司,,,否,,,,,,,0,,,,,50-100亿元,P1004055
团队跟踪,瞰瞻纯债1号私募证券投资基金,SK0467,瞰瞻纯债1号私募证券投资基金,SK0467,上海瞰瞻资产,,2016-05-27,2016-06-14,招商证券股份有限公司,,,否,,,,,,,0,,,,,10-20亿元,P1031452
团队跟踪,均直孔最长强私募证券投资基金,SK0468,均直孔最长强私募证券投资基金,SK0468,上海均直资管,,2016-07-06,2016-07-13,中信证券股份有限公司,,,否,,,,,,,0,,,,,20-50亿元,P1012654
团队跟踪,瞰瞻纯债2号私募证券投资基金,SK0487,瞰瞻纯债2号私募证券投资基金,SK0487,上海瞰瞻资产,,2016-06-23,2016-06-30,招商证券股份有限公司,,每个交易日,可临开赎回,,不低于1万元人民币的整数倍,0%,0.95,无,0.9,0.007,,0.010%,0.010%,8上20%,10-20亿元,P1031452
团队跟踪,景上源1号,SK1242,景上源1号私募证券投资基金,SK1242,杭州景上源,,2016-06-20,2016-06-23,招商证券股份有限公司,赵寿盼,每年的 12 月 28 日、6 月 28 日，临开可申赎,否,0.50%,,无,,,,0.01,,,,20%,5-10亿元,P1008209
团队跟踪,远澜红枫1号,SK2204,远澜红枫1号私募证券投资基金,SK2204,上海远澜,,2016-06-03,2016-06-21,国信证券股份有限公司,王凯,,否,,,,,,,0,,,,,100亿元以上,P1018484
团队跟踪,银河期货—权银河旗舰集合资产管理计划,SK2365,银河期货—权银河旗舰集合资产管理计划,SK2365,银河期货,,2016-06-14,2016-06-16,中信证券股份有限公司,,,否,,,,,,,0,,,,,,PT0500011746
团队跟踪,君得安新利2号私募证券投资基金,SK2507,君得安新利2号私募证券投资基金,SK2507,上海君得安私募,,2016-07-08,2016-07-13,招商证券股份有限公司,章恩、傅娟,每周周二、周三,可临开赎回,0%,1万元起,持有期小于3个月，赎回费率为0.5%；持有期大等于3个月，赎回费率为0%,,,,0.015,A类份额：1%，B类份额：1.5%,0.05%,0.05%,A类份额：18%，B类份额：20%,5-10亿元,P1075075
团队跟踪,明汯稳健增长2期,SK5674,明汯稳健增长2期私募投资基金,SK5674,上海明汯投资,,2016-07-21,2016-07-26,招商证券股份有限公司,,,否,,,,,,,0,,,,,100亿元以上,P1004150
团队跟踪,孝庸鲲鹏一号,SK9531,孝庸鲲鹏一号私募投资基金,SK9531,上海孝庸,,2016-08-16,2016-08-23,招商证券股份有限公司,,FOF投资产品池,否,本基金开放日为每个自然月的 1 号，锁定6个月,上海孝庸私募基金管理有限公司,0%,,管理期货策略,,0.0095,,0.1%,0.1%,"管理人提取基金份额当期收益的20%作为业绩报酬。
业绩基准日：每年12月1号。",100亿元以上,P1031310
团队跟踪,宽客2号私募证券投资基金,SL1792,宽客2号私募证券投资基金,SL1792,福建省宽客投资,,2016-08-31,2016-09-05,兴业证券股份有限公司,,,否,,,,,,,0,,,,,0-5亿元,P1019324
团队跟踪,博孚利国强5号FOF私募证券投资基金A类,SL229A,博孚利国强5号FOF私募证券投资基金A类,SL229A,厦门博孚利资管,,2021-08-18,0000-00-00,中信证券股份有限公司,,每周周五,可临开申购和可临开赎回,1%,1万元的整数倍,0%,,无,,0.01,,0.015%,0.015%,若持有期年化收益率小于等于10%，则不计提业绩报酬；若持有期年化收益率大于10%，则管理人对超出部分按10%的比例提取业绩报酬。,50-100亿元,P1023120
团队跟踪,博孚利国强5号FOF私募证券投资基金B类,SL229B,博孚利国强5号FOF私募证券投资基金B类,SL229B,厦门博孚利资管,,2021-08-18,0000-00-00,中信证券股份有限公司,,每周周五,可临开申购和可临开赎回,1%,1万元的整数倍,0%,,无,,0,,0.015%,0.015%,不计提业绩报酬,50-100亿元,P1023120
团队跟踪,博孚利聚强2号FOF私募证券投资基金,SL2335,博孚利聚强2号FOF私募证券投资基金,SL2335,厦门博孚利资管,,2016-08-15,2016-08-17,国信证券股份有限公司,何阳阳,每月28日,可临开申购和可临开赎回,1%,10万元的整数倍,持有期小于365天，赎回费率为1%；持有期大等于365天，免收。,0.85,自基金成立之日起6个月,0.8,0.01,,0.05%,0.05%,门槛收益率法，年化7%以上计提15%,50-100亿元,P1023120
团队跟踪,盛泉恒元量化套利75号私募证券投资基金A类份额,SL316A,盛泉恒元量化套利75号私募证券投资基金A类份额,SL316A,南京盛泉恒元投资,,2021-10-12,0000-00-00,招商证券股份有限公司,,"申购日：每月5号、15号、25号；
赎回日：每月25日",可临开赎回,1%，可免,,不足270天收2%,,无,,0.01,,0.01%,0.01%,20%,100亿元以上,P1006545
团队跟踪,唯通伯兄卢比孔,SL3246,唯通伯兄卢比孔私募基金,SL3246,上海伯兄投资,,2016-07-14,2016-07-17,海通证券股份有限公司,,FOF投资产品池,否,每自然季度最后一个工作日，可临开,上海伯兄资产管理中心（有限合伙）,0%,,相对价值策略,,0.02,,0.05%,0.05%,20%,10-20亿元,P1063130
团队跟踪,复利瓴宇甄选6号私募证券投资基金A类,SL347A,复利瓴宇甄选6号私募证券投资基金A类,SL347A,上海复利投资,,2021-08-27,,招商证券股份有限公司,,每自然周周三,否,1%,,0%,,,,0,,0.025%,0.025%,不计提业绩报酬,0-5亿元,P1020564
团队跟踪,德贝日选对冲1号私募证券投资基金A类份额,SL411A,德贝日选对冲1号私募证券投资基金A类份额,SL411A,上海德贝,,2021-08-20,2021-08-25,国泰君安证券股份有限公司,,,否,,,,,,,0,,,,,100亿元以上,P1071472
团队跟踪,淘利CTA2号私募基金,SL4674,淘利CTA2号私募基金,SL4674,上海淘利资管,,2016-11-01,2016-11-03,国泰君安证券股份有限公司,,,否,,,,,,,0,,,,,0-5亿元,P1000407
团队跟踪,天演2期D号证券私募投资基金,SL8714,天演2期D号证券私募投资基金,SL8714,上海天演,,2016-08-05,2016-10-27,广发证券股份有限公司,,,否,,,,,,,0,,,,,100亿元以上,P1004907
团队跟踪,孝庸鲲鹏一号1期私募投资基金,SL9129,孝庸鲲鹏一号1期私募投资基金,SL9129,上海孝庸,,2016-08-25,2016-08-30,招商证券股份有限公司,,每个自然季度末月（即3月、6月、9月、12月）1日,否,0.00%,,少于6个月：1%；大于等于6个月少于12个月：0.5%； 大于等于12个月：0,,6个月,,0.01,,,,20%,100亿元以上,P1031310
团队跟踪,丰衍财富与日聚金,SL9226,丰衍财富与日聚金私募基金,SL9226,北京丰衍,,2016-09-21,2016-09-27,中信证券股份有限公司,,,否,,,,,,,0,,,,,10-20亿元,P1031669
团队跟踪,博益安盈精英1号私募投资基金,SL9566,博益安盈精英1号私募投资基金,SL9566,深圳博益安盈,,2016-08-29,2016-09-01,中信证券股份有限公司,,每周周五,可临开赎回,0%,,0%,0.99,3个月,0.98,0.015,A类份额：1.5%，B类份额：0.1%,0.05%,0.05%,"A类份额：将根据 A 类委托人每笔投资的期间年化收益率（R），对期间年化收益率超过 0%以上部分按照 50%的比例收取业绩报酬。B类份额：0%。
计提基准日分为固定计提基准日（每个自然季度末月（即 3月、6 月、9 月、12 月）最后一个周五）、A 类份额除息日（若有）、A 类份额赎回申请日和基金终止日（其中固定计提基准日和 A 类份额除息日（若有）统称为“统一计提基准日”）",5-10亿元,P1032574
团队跟踪,杉阳云杉混合1号,SLA063,杉阳云杉混合1号私募证券投资基金,SLA063,上海杉阳,,2020-05-29,2020-06-02,国泰君安证券股份有限公司,周望滔、谢健,每月15日、每月最后一个交易日,可临开赎回,0%,,持有期小于90 天，赎回费率为2%；持有期大等于90天但小于180 天，赎回费率为1.5%；持有期大等于180天，赎回费率为0%。,0.85,无,0.8,0.01,,0.03%,0.03%,20%,0-5亿元,P1070833
团队跟踪,霖海合璧1期私募证券投资基金,SLA149,霖海合璧1期私募证券投资基金,SLA149,上海霖海投资,,2020-09-11,2020-09-25,中信建投证券股份有限公司,,每自然周的最后一个交易日。,否,A.B类份额不收取，C类份额1%,,0,0.8,,0.75,0.01,,0.025%,0.025%,C类份额计提业绩报酬20%,5-10亿元,P1070743
团队跟踪,宏龙利贞11期私募证券投资基金,SLA299,宏龙利贞11期私募证券投资基金,SLA299,南京宏龙资管,,2020-09-24,2020-09-29,招商证券股份有限公司,,每个工作日,否,0%,,0%,0.96,3个月,0.95,0.01,,0.05%,0.05%,当 R>0％时，对超过 0%的收益部分提取 20%的业绩报酬,0-5亿元,P1017416
团队跟踪,嘉发期权研究权利巅峰二期,SLA469,嘉发期权研究权利巅峰二期私募证券投资基金,SLA469,深圳嘉发资管,,2020-08-05,2020-08-11,国泰君安证券股份有限公司,聂雄、罗文波,申购开放日为每周周五、每月最后一个交易日；赎回开放日为每自然季度末月最后一个交易日,否,1%（可申请减免）,1万整数倍,持有期小于180天，赎回费率为0.5%；持有期大等于180天，赎回费率为 0%,,无,,0.01,B类份额：1%,,,B类份额：业绩报酬20%,0-5亿元,P1009007
团队跟踪,小黑妞沪深300指数增强1号,SLA613,小黑妞沪深300指数增强1号私募证券投资基金,SLA613,上海小黑妞资管,,2020-05-13,2020-05-14,国泰君安证券股份有限公司,,每月最后一个交易日,否,A类1%；B类0%,,A类：365天以下1%，365天以上0；B类：0,,365天，经管理人统一可豁免,,0.015,A类：1.5%；B类0.5%,0.025%,0.025%,20%,20-50亿元,P1011010
团队跟踪,六禾未来100,SLA658,六禾未来100私募证券投资基金,SLA658,上海六禾致谦,,2020-05-15,2020-05-18,中国国际金融股份有限公司,戴斌,,否,,,,,,,0,,,,,10-20亿元,P1000767
团队跟踪,蒙玺纯享CTA十八期私募证券投资基金,SLB035,蒙玺纯享CTA十八期私募证券投资基金,SLB035,上海蒙玺投资,,2020-05-18,2020-05-22,国泰君安证券股份有限公司,,,否,,,,,,,0,,,,,100亿元以上,P1063294
团队跟踪,林道波动率2期私募证券投资基金,SLB059,林道波动率2期私募证券投资基金,SLB059,北京林道资管,,2020-05-08,2020-05-11,中信证券股份有限公司,,每自然周周三,否,,,,0.88,无,0.8,0.02,,0.05%,,20%,0-5亿元,P1070742
团队跟踪,明汯价值成长1期B号私募证券投资基金,SLB203,明汯价值成长1期B号私募证券投资基金,SLB203,上海明汯投资,,2020-05-15,2020-05-15,招商证券股份有限公司,,,否,,,,,,,0,,,,,100亿元以上,P1004150
团队跟踪,善流钱塘三号私募证券投资基金,SLB427,善流钱塘三号私募证券投资基金,SLB427,上海善流投资,,2020-05-27,2020-05-29,海通证券股份有限公司,,,否,,,,,,,0,,,,,0-5亿元,P1066120
团队跟踪,杉阳云杉量化1号私募证券投资基金,SLB530,杉阳云杉量化1号私募证券投资基金,SLB530,上海杉阳,,2020-05-21,2020-05-25,招商证券股份有限公司,谢健,每周周三,可临开赎回,0%,追加金额应不低于 1 万元人民币。,0%,0.85,无,0.8,0.01,,0.02%,0.02%,20%,0-5亿元,P1070833
团队跟踪,安贤中性1号私募证券投资基金,SLB552,安贤中性1号私募证券投资基金,SLB552,北京安贤,,2020-05-29,2020-06-02,招商证券股份有限公司,,"申购开放日：每自然月28号（遇节假日则顺延至下一工作日）
赎回开放日：每自然月28号（遇节假日则顺延至下一工作日）",否,,,,0.9,,,0.015,,,,20%,50-100亿元,P1070195
团队跟踪,跃威顺鑫一号,SLB875,跃威顺鑫一号私募证券投资基金,SLB875,上海跃威,,2020-09-10,2020-09-14,国泰君安证券股份有限公司,,每周第1个交易日及2020年12月30日,可临开赎回,0%,,0%,0.92,无,0.9,0.01,1%,0.03%,0.03%,"A类份额：当0%<R -B≤10%时，对超出业绩报酬计提基准部分提取20%的业绩报酬；当10%<R-B时，对超出业绩报酬计提基准部分分段提取20%和30%的业绩报酬；当R-B ≤0% 时，不提取业绩报酬。
B类份额：不计提业绩报酬",20-50亿元,P1068331
团队跟踪,罗维盈安凌云增强2号,SLB914,罗维盈安凌云增强2号私募证券投资基金,SLB914,宁波罗维盈安投资,,2020-06-02,2020-06-03,国泰君安证券股份有限公司,,每周周五，如遇非交易日，则顺延至下一交易日,否,,,,,,,0,,,,,10-20亿元,P1069532
团队跟踪,先石晨曦2号,SLB927,先石晨曦2号私募证券投资基金,SLB927,重庆德佑,,2020-06-09,2020-06-11,中信证券股份有限公司,卢富翔、刘启鹏,每个自然周的周一、周三和周五,否,0,10000,0,0.93,无,0.9,0.01,（本基金的管理费自基金成立日起，每日计提，按季支付给基金管理人）,0.05,0.05,"若持有期年化收益率小于等于0，则不计提业绩报酬；
单笔份额业绩（年化）超过4%，在赎回、分红、清算日计提，计提比例【20】%；
",0-5亿元,P1064609
团队跟踪,寿宁海圆十一号私募证券投资基金,SLB959,寿宁海圆十一号私募证券投资基金,SLB959,上海寿宁投资,,2020-06-12,2020-06-15,海通证券股份有限公司,,,否,0%,,0%,,,,0.01,,0.015%,0.015%,采用单客户高水位法，提取50%,10-20亿元,P1017558
团队跟踪,银瓴运通对冲套利进取2号私募证券投资基金,SLC022,银瓴运通对冲套利进取2号私募证券投资基金,SLC022,广西银瓴资产,,2020-06-16,2020-06-22,国泰君安证券股份有限公司,莫帆,,否,,,,,,,0,,,,,0-5亿元,P1026879
团队跟踪,银瓴运通对冲套利致远3号私募证券投资基金,SLC023,银瓴运通对冲套利致远3号私募证券投资基金,SLC023,广西银瓴资产,,2020-06-16,2020-06-18,国泰君安证券股份有限公司,莫帆,基金成立之后的每周周三，如遇非交易日，则顺延至下一交易日。,可临开申购,无,无,本基金份额持有期低于90天的赎回费率为1.5%，基金份额持有期在90天及以上的赎回费率为0%。,0.92,,0.9,0.006,,0.025%/年,0.025%/年,,0-5亿元,P1026879
团队跟踪,泽善CTA一号私募证券投资基金,SLC070,泽善CTA一号私募证券投资基金,SLC070,广东泽善投资,,2020-06-18,2020-06-23,国信证券股份有限公司,,"每自然周周二
",否,,,,0.8,无,0.75,0.01,"
",,"0.08%
","0%
",10-20亿元,P1070852
团队跟踪,胜冠权弈趋势私募证券投资基金,SLC123,胜冠权弈趋势私募证券投资基金,SLC123,广州胜冠投资,,2020-06-23,2020-06-30,华泰证券股份有限公司,,,否,,,,,,,0,,,,,0-5亿元,P1021188
团队跟踪,昌宏盛瑞启明星温商五号私募证券投资基金,SLC281,昌宏盛瑞启明星温商五号私募证券投资基金,SLC281,深圳昌宏盛瑞投资,,2020-05-28,2020-06-03,华泰证券股份有限公司,韦宏海,,否,,,,,,,0,,,,,0-5亿元,P1067984
团队跟踪,昌宏盛瑞启明星温商六号私募证券投资基金,SLC287,昌宏盛瑞启明星温商六号私募证券投资基金,SLC287,深圳昌宏盛瑞投资,,2020-08-06,2020-08-11,兴业证券股份有限公司,,,否,,,,,,,0,,,,,0-5亿元,P1067984
团队跟踪,珏朔步景量化CTA一号私募证券投资基金,SLC350,珏朔步景量化CTA一号私募证券投资基金,SLC350,上海珏朔资产,,2020-08-31,2020-09-08,国泰君安证券股份有限公司,,,否,,,,,,,0,,,,,20-50亿元,P1034694
团队跟踪,季胜月锦二号私募证券投资基金,SLC498,季胜月锦二号私募证券投资基金,SLC498,上海季胜投资,,2020-07-02,2020-07-03,招商证券股份有限公司,,申购开放日为每周周一，赎回开放日为每月的1号,可临开赎回,1%,,0%,0.9,1个月,0.82,0.01,,0.05%,0.05%,20%,0-5亿元,P1002445
团队跟踪,极至朝阳2号,SLC571,极至朝阳2号私募证券投资基金,SLC571,北京极至投资,,2020-05-29,2020-06-03,东方证券股份有限公司,,每周周三、周五,否,1%,10万元整数倍递增,1%,0.85,无,0.8,0.015,A类份额：1%，B 类份额：1.5%,0.05%,0.05%,持有期年化收益率大于 0，A类份额：20%，B 类份额：25%,0-5亿元,P1063871
团队跟踪,弈倍龙杉一号私募证券投资基金,SLC597,弈倍龙杉一号私募证券投资基金,SLC597,上海弈倍,,2020-06-09,2020-06-11,国泰君安证券股份有限公司,,每自然月第10个自然日为开放日。如该对应日为非工作日，则开放日为该日后的第一个工作日。,可临开申购,B类份额：0,每次追加申购的最低金额为10万元人民币。,0,0.8,成立后180天（已结束）。,0.75,0.01,B类份额：0.5%/年,0.025%/年,0.025%/年,"B类份额：单人单笔高水位法，针对收益0%以上的部分计提10%业绩报酬
本基金业绩报酬计提日为：封闭期过后，每年1月及7月的最后一个交易日，基金份额持有人实际赎回基金份额时（包含全部赎回，部分赎回）、基金终止日。",20-50亿元,P1061585
团队跟踪,衍合量化市场中性1号,SLC722,衍合量化市场中性1号私募证券投资基金,SLC722,上海衍合,,2020-08-25,2020-08-28,招商证券股份有限公司,汤亦多、张磊,,否,,,,,,,0,,,,,50-100亿元,P1070871
团队跟踪,同温层中证500指数增强1号,SLC732,同温层中证500指数增强1号私募证券投资基金,SLC732,武汉同温层,,2020-06-03,2020-06-08,招商证券股份有限公司,段海磊、王林海,"申购：每周五
赎回：每周五",可临开赎回,0,不低于 5 万元人民币。,0,,无,,0.01,,0.02%,0.02%,"超额收益收取：
业绩报酬的计算采取“单客户单笔份额高水位法”，在赎回或分红时计提，超过同期中证500指数收益的部分提取20%作为业绩报酬。",20-50亿元,P1070801
团队跟踪,茂源量化均衡多策略1号私募证券投资基金,SLC739,茂源量化均衡多策略1号私募证券投资基金,SLC739,海南茂源量化,,2020-07-02,2020-07-06,国泰君安证券股份有限公司,,每月10日,可临开赎回,1%,追加不低于1万,0%,0.92,无,0.9,0.02,,0.025%,0.025%,年化收益20%以下，管理人计提20%，年化收益20%以上的部分，管理人计提30%,100亿元以上,P1061840
团队跟踪,蒙玺中证500指数增强2号私募证券投资基金,SLC844,蒙玺中证500指数增强2号私募证券投资基金,SLC844,上海蒙玺投资,,2020-07-08,2020-07-10,招商证券股份有限公司,,"每自然周周三
",否,,,,,无封闭期,,0.01,"1.00%
",,"0.06%
","中证500收益超过20%
",100亿元以上,P1063294
团队跟踪,好投细水FOF优享1号私募证券投资基金,SLC950,好投细水FOF优享1号私募证券投资基金,SLC950,广州好投,,2020-05-21,2020-05-21,招商证券股份有限公司,,,否,,,,,,,0,,,,,10-20亿元,P1010087
团队跟踪,毓颜博孚利1号私募证券投资基金,SLD016,毓颜博孚利1号私募证券投资基金,SLD016,杭州毓颜投资,,2020-05-26,2020-06-02,国信证券股份有限公司,,"每周一
",否,,,,0.76,无封闭期,0.75,0.008,"0.80%
",,"0.10%
","18%
",0-5亿元,P1016899
团队跟踪,同温层量化阿尔法1号,SLD035,同温层量化阿尔法1号证券投资私募基金,SLD035,武汉同温层,,2020-05-25,2020-05-28,中信证券股份有限公司,徐安、段海磊、王林海,每周周五,否,0%,,0%,,,,0.01,,0.015%,0.015%,18%,20-50亿元,P1070801
团队跟踪,量道CTA精选6B号私募证券投资基金,SLD064,量道CTA精选6B号私募证券投资基金,SLD064,深圳量道投资,,2020-05-21,2020-05-22,兴业证券股份有限公司,,"每周周三
",可临开申购和可临开赎回,1%,1 万元的整数,持有不足6个月（180个自然日）赎回费率为1%，持有6个月（180个自然日）以上（含）赎回费率为0%,0.75,无,0.7,0.015,,0.03%,"0.03%
","1）业绩报酬基准日为投资者赎回日、基金终止日、分红日、固定结算日（每年12月28日）。
2）业绩报酬的计算采用单个投资者单笔高水位净值法
3）计提比例20%。",100亿元以上,P1016658
团队跟踪,量道精选专享1号私募证券投资基金,SLD100,量道精选专享1号私募证券投资基金,SLD100,深圳量道投资,,2020-05-25,2020-05-26,中国银河证券股份有限公司,,每周三,可临开申购,0%,1,0%,0.65,无,0.6,0.015,,0.05%/年,0.05%/年,"1、本基金计提业绩报酬的基准日为基金赎回日、分红日（产品每年仅分红一次，且固定每年的12月28号为分红日，如遇节假日推前到上一个交易日）、终止日。
2、采用单个基金份额持有人单笔投资基金份额业绩报酬计算，计提比例为20%。",100亿元以上,P1016658
团队跟踪,衍复中性十八号私募证券投资基金,SLD113,衍复中性十八号私募证券投资基金,SLD113,上海衍复投资,,2020-06-01,2020-06-03,中信证券股份有限公司,高亢,,否,,,,,,,0,,,,,100亿元以上,P1070325
团队跟踪,简一天行价值5号私募证券投资基金,SLD123,简一天行价值5号私募证券投资基金,SLD123,广州简一投资,,2020-05-25,2020-06-01,广发证券股份有限公司,杨俊锋,,否,,,,,,,0,,,,,0-5亿元,P1063096
团队跟踪,简一天行和安1号私募证券投资基金,SLD216,简一天行和安1号私募证券投资基金,SLD216,广州简一投资,,2020-06-08,2020-06-10,广发证券股份有限公司,,,否,,,,,,,0,,,,,0-5亿元,P1063096
团队跟踪,睿启稳进1号,SLD265,睿启稳进1号私募证券投资基金,SLD265,无锡睿启,,2020-06-09,2020-06-22,国信证券股份有限公司,,,否,,,,0.85,,0.8,0,,,,,0-5亿元,P1074526
团队跟踪,泰福博孚利聚强6号FOF私募证券投资基金,SLD292,泰福博孚利聚强6号FOF私募证券投资基金,SLD292,厦门博孚利资管,,2020-08-12,2020-08-18,中泰证券股份有限公司,,每自然月第10个自然日为开放日。如该对应日为非工作日，则开放日为该日后的第一个工作日。,可临开申购,B类份额：0,每次追加申购的最低金额为10万元人民币。,0,0.8,成立后180天（已结束）。,0.75,0.006,B类份额：0.5%/年,0.025%/年,0.025%/年,"B类份额：单人单笔高水位法，针对收益0%以上的部分计提10%业绩报酬
本基金业绩报酬计提日为：封闭期过后，每年1月及7月的最后一个交易日，基金份额持有人实际赎回基金份额时（包含全部赎回，部分赎回）、基金终止日。",50-100亿元,P1023120
团队跟踪,博孚利尊享10号私募证券投资基金,SLD294,博孚利尊享10号私募证券投资基金,SLD294,厦门博孚利资管,,2020-05-28,2020-06-02,国信证券股份有限公司,,每个工作日,否,1%,1万元（不含认购费）的整数倍,持有不满365天为1%,,无,,0.001,,0.025%,0.025%,不收取业绩报酬,50-100亿元,P1023120
团队跟踪,浙商期货景上源5号集合资产管理计划,SLD319,浙商期货景上源5号集合资产管理计划,SLD319,浙商期货,杭州景上源,2020-06-09,2020-06-17,国信证券股份有限公司,,,否,,,,,,,0,,,,,,GC0500011758
团队跟踪,绰瑞汇海4号私募证券投资基金,SLD508,绰瑞汇海4号私募证券投资基金,SLD508,上海绰瑞,,2020-05-26,2020-05-28,招商证券股份有限公司,,"申购日：每日；
赎回日：每日",否,无,,无,,无,0.9,0.01,,0.04%,,20%,10-20亿元,P1006129
团队跟踪,极灏圆融泽信精选3号私募证券投资基金,SLD552,极灏圆融泽信精选3号私募证券投资基金,SLD552,上海极灏,,2020-06-01,2020-06-05,海通证券股份有限公司,,,否,,,,,,,0,,,,,0-5亿元,P1060491
团队跟踪,衍复兆晟中性A号私募证券投资基金,SLD565,衍复兆晟中性A号私募证券投资基金,SLD565,上海衍复投资,,2020-09-16,2020-09-24,招商证券股份有限公司,高亢,,否,,,,,,,0,,,,,100亿元以上,P1070325
团队跟踪,鸣石满天星十号私募证券投资基金,SLD712,鸣石满天星十号私募证券投资基金,SLD712,上海鸣石,,2020-07-16,2020-07-22,海通证券股份有限公司,,,否,,,,,,,0,,,,,100亿元以上,P1005659
团队跟踪,量道盛风2号私募证券投资基金,SLD748,量道盛风2号私募证券投资基金,SLD748,深圳量道投资,,2020-05-27,2020-05-28,兴业证券股份有限公司,,自2025年4月21日（含当日）起的5个交易日、每个投资运作期终止日起（不含终止日当日）的5个交易日,可临开赎回,0,为1 万元的整数倍,0,,无,,0.015,,0.015%/年,0.015%/年,"1）计提方式：年化收益率法。
2）计提时点：赎回申请日、基金终止日。
3）计提比例：当基金份额持有人本次赎回对应份额持有期间的年化收益率低于12%（含），不提取业绩报酬；当基金份额持有人本次赎回对应份额持有期间的年化收益率高于12%（不含），提取该对应份额年化收益率12%以上部分收益的60%作为业绩报酬。",100亿元以上,P1016658
团队跟踪,千宜精选CTA一号,SLD835,千宜精选CTA一号私募证券投资基金,SLD835,上海千宜投资,,2020-12-30,2021-01-06,招商证券股份有限公司,陈雷,,否,,,,,,,0,,,,,100亿元以上,P1070803
团队跟踪,安鑫可转债三号证券投资集合资金信托计划,SLD898,安鑫可转债三号证券投资集合资金信托计划,SLD898,,江苏紫鑫投资,2020-05-21,2020-06-11,招商银行股份有限公司,赵春生,,否,,,,0.9,,0.85,0,,,,,,
团队跟踪,红岸伟强成长1号私募证券投资基金,SLE173,红岸伟强成长1号私募证券投资基金,SLE173,深圳红岸,,2020-06-01,2020-06-08,招商证券股份有限公司,,,否,,,,,,,0,,,,,0-5亿元,P1009017
团队跟踪,博孚利聚强8号FOF私募证券投资基金,SLE254,博孚利聚强8号FOF私募证券投资基金,SLE254,厦门博孚利资管,,2020-08-06,2020-08-11,招商证券股份有限公司,,本基金申购开放日为产品成立后每个自然月的25号，遇非工作日顺延下一工作日，申购开放日投资者可以申购。赎回开放日为产品成立满6个月（每个月按30个自然日计算）后，每个自然月25号，遇非工作日顺延下一工作日,可临开申购,1%,每次追加申购的最低金额为10万元人民币。,若基金份额持有时间少于12个月，赎回费率1%；若基金份额持有时间大于等于12个月，赎回费率0,,,,0.006,,0.025%,0.025%,门槛收益率法，年化6%以上计提15%,50-100亿元,P1023120
团队跟踪,泽善多策略对冲1号私募证券投资基金,SLE257,泽善多策略对冲1号私募证券投资基金,SLE257,广东泽善投资,,2020-06-12,2020-06-19,国泰君安证券股份有限公司,,每月第20个自然日,否,,,,0.8,无,0.75,0.01,,0.015%,0.015%,30%,10-20亿元,P1070852
团队跟踪,通怡元和对冲2号私募证券投资基金,SLE261,通怡元和对冲2号私募证券投资基金,SLE261,上海通怡投资,,2022-09-05,2022-09-05,华泰证券股份有限公司,,,否,,,,,,,0,,,,,50-100亿元,P1032800
团队跟踪,希格斯水手2号,SLE315,希格斯水手2号私募证券投资基金,SLE315,杭州希格斯投资,,2020-07-22,2020-07-28,中信证券股份有限公司,周宇晨,本基金固定开放日为每个自然周的周二，接受申购和赎回申请，如对应日为非工作日，则顺延至本周下一个工作日，若本周无下一个工作日的，则该对应日不开放。,否,0,,赎回费向持有产品不满90天（不含）的份额收取，费率为0.5%,,无,,0.01,,0.01%,0.01%,单人单笔高水位法，赎回、分红、终止时计提，计提比例【20%】,20-50亿元,P1069042
团队跟踪,杉阳云杉转债1号,SLE395,杉阳云杉转债1号私募证券投资基金,SLE395,上海杉阳,,2020-06-16,2020-06-17,招商证券股份有限公司,周望滔,每周周二,可临开赎回,0%,,A类份额：持有期小于180天，赎回费费率为2%；持有期大等于180天，赎回费费率为0%。B类份额：0%,0.85,无,0.8,0.01,A类份额：1%，B类份额：0%,0.02%,0.02%,A类份额：20%；B类份额：不收取业绩报酬,0-5亿元,P1070833
团队跟踪,观升熵简私募证券投资基金,SLE479,观升熵简私募证券投资基金,SLE479,厦门观升,,2020-06-11,2020-06-16,中信证券股份有限公司,,,否,,,,,,,0,,,,,0-5亿元,P1073970
团队跟踪,白鹭桃花岛500指数增强十六号私募证券投资基金,SLE482,白鹭桃花岛500指数增强十六号私募证券投资基金,SLE482,浙江白鹭资管,,2020-07-30,2020-08-03,国泰君安证券股份有限公司,,每自然月第10个自然日为开放日。如该对应日为非工作日，则开放日为该日后的第一个工作日。,可临开申购,B类份额：0,每次追加申购的最低金额为10万元人民币。,0,0.8,成立后180天（已结束）。,0.75,0,B类份额：0.5%/年,0.025%/年,0.025%/年,"B类份额：单人单笔高水位法，针对收益0%以上的部分计提10%业绩报酬
本基金业绩报酬计提日为：封闭期过后，每年1月及7月的最后一个交易日，基金份额持有人实际赎回基金份额时（包含全部赎回，部分赎回）、基金终止日。",20-50亿元,P1030053
团队跟踪,蝶威微盘增强1号私募证券投资基金,SLE738,蝶威微盘增强1号私募证券投资基金,SLE738,上海蝶威,,2020-06-05,2020-06-09,海通证券股份有限公司,,每个交易日,可临开赎回,0%,扣除认购费的净追加认购金额应不低于【1 万元人民币】,0%,,无,,0,1.0%,0.010%,0.010%,0%,10-20亿元,P1070101
团队跟踪,优宗哈迪斯一号,SLE898,优宗哈迪斯一号私募证券投资基金,SLE898,上海优宗投资,,2020-07-23,2020-07-27,国信证券股份有限公司,施惟,,否,,,,,,,0,,,,,0-5亿元,P1061912
团队跟踪,衍复新动力增强一号,SLE911,衍复新动力增强一号私募证券投资基金,SLE911,上海衍复投资,,2020-06-22,2020-06-24,兴业证券股份有限公司,高亢,"申购：每周三
赎回：每周三",可临开赎回,0%,不低于10万元,小于365天1%； 大等于365天0%,0.7,无,0.6,0.01,,0.04%,0.04%,"超额收益收取：
当单个基金份额持有人单笔投资相对于同期中证500指数的超额收益率Re大于0（Re =同期基金份额年化收益率–同期中证500指数年化收益率），可按照超额收益率Re的20%计提业绩报酬。",100亿元以上,P1070325
团队跟踪,百仑大田量化对冲三期私募证券投资基金,SLF271,百仑大田量化对冲三期私募证券投资基金,SLF271,深圳百仑基金,,2020-07-17,2020-07-28,国泰君安证券股份有限公司,,,否,,,,,,,0,,,,,0-5亿元,P1021787
团队跟踪,衍复君享一号私募证券投资基金,SLF284,衍复君享一号私募证券投资基金,SLF284,上海衍复投资,,2020-09-30,2020-10-10,国泰君安证券股份有限公司,高亢,每周第1个交易日,可临开赎回,0%,,持有期小于180天，赎回费率为1%；持有期大等于180天，赎回费率为0%,0.95,无,0.92,0.01,,0.075%,0.075%,采用单个投资者单笔高水位净值法，对超过上次成功计提基准日基金份额累计净值部分按20%比例进行计提。,100亿元以上,P1070325
团队跟踪,鸿正东旭1号私募证券投资基金,SLF399,鸿正东旭1号私募证券投资基金,SLF399,上海鸿正,,2020-06-10,2020-06-15,中国银河证券股份有限公司,,,否,,,,,,,0,,,,,0-5亿元,P1064985
团队跟踪,麦迪生路遥3号私募证券投资基金,SLF442,麦迪生路遥3号私募证券投资基金,SLF442,上海麦迪生利,,2020-06-23,2020-06-28,中信证券股份有限公司,,,否,,,,,,,0,,,,,20-50亿元,P1070365
团队跟踪,鼎森汇临期权量化1号,SLF505,鼎森汇临期权量化1号私募证券投资基金,SLF505,江西鼎森投资,,2020-07-02,2020-07-14,光大证券股份有限公司,黄帅鹏,每个交易日,否,0%,,,,无,,0.01,,,,B类份额：30%,5-10亿元,P1023190
团队跟踪,持赢丹娜蓦然回首1号私募证券投资基金,SLF627,持赢丹娜蓦然回首1号私募证券投资基金,SLF627,上海持赢投资,,2020-07-02,2020-07-09,招商证券股份有限公司,,,否,,,,,,,0,,,,,0-5亿元,P1010930
团队跟踪,汇利玖奕1号,SLG401,汇利玖奕1号私募证券投资基金,SLG401,上海汇利资管,,2020-07-10,2020-07-10,华泰证券股份有限公司,,每个工作日,否,0%,,0%,,无,,0,A类收取0.3%的管理费；B类0%,,,仅对A类计提30%的业绩报酬；B类不收取,0-5亿元,P1000313
团队跟踪,宁波信本全天候2号,SLG525,宁波信本全天候2号私募证券投资基金,SLG525,宁波溢锋,,2020-09-02,2020-09-04,兴业证券股份有限公司,,每周周一、周二,否,0%,,0%,,,,0.01,,0.05%,0.05%,单位份额年化收益率大于6%，管理人对全部正收益提取30%作为业绩报酬，实际提取值以期间单笔份额对应年化收益率6%以上盈利部分为限,10-20亿元,P1063867
团队跟踪,勤远尊享FOF5号私募证券投资基金,SLG545,勤远尊享FOF5号私募证券投资基金,SLG545,上海勤远,,2020-07-07,2020-07-07,国泰君安证券股份有限公司,朱灵引,,否,,,,,,,0,,,,,10-20亿元,P1002458
团队跟踪,华软新动力满江红CTA策略私募证券投资基金,SLG575,华软新动力满江红CTA策略私募证券投资基金,SLG575,北京华软新动力,,2020-08-04,2020-08-04,国泰君安证券股份有限公司,,,否,,,,,,,0,,,,,50-100亿元,P1000997
团队跟踪,燧石博孚利CTA一号私募证券投资基金,SLG642,燧石博孚利CTA一号私募证券投资基金,SLG642,武汉燧石投资,,2020-07-02,2020-07-08,国泰君安证券股份有限公司,,每周一开放申购，每月底开放赎回,否,,,,0.75,无封闭期,0.7,0.015,1.50%,,"0.05%
",20%,0-5亿元,P1064973
团队跟踪,衍合500指数增强1号,SLG867,衍合500指数增强1号私募证券投资基金,SLG867,上海衍合,,2020-09-22,2020-09-25,招商证券股份有限公司,汤亦多、张磊,"申购：每周二
赎回：每周二",可临开赎回,1%，可免,不低于 1 万元人民币,有小于 12 个月 1%；大于等于 12 个月 0%（超3个月可协商豁免）,,无,0.6,0.01,,0.025%,0.025%,"正收益超额收益收取：
份额收益为正且其份额当期收益超过中证 500 指数（000905）同期收益的 97%，则管理人将提取 MIN[赎回份额或分红份额当期超过中证 500 指数（000905）同期收益 97%部分的 20%,赎回份额或分红份额当期正收益]作为业绩报酬。",50-100亿元,P1070871
团队跟踪,衍合300指数增强1号,SLG872,衍合300指数增强1号私募证券投资基金,SLG872,上海衍合,,2021-06-07,2021-06-18,招商证券股份有限公司,汤亦多、张磊,,否,,,,,,,0,,,,,50-100亿元,P1070871
团队跟踪,泰亚中性策略一期私募证券投资基金,SLG884,泰亚中性策略一期私募证券投资基金,SLG884,上海泰亚投资,,2020-06-24,2020-07-09,中信证券股份有限公司,,,否,,,,,,,0,,,,,0-5亿元,P1064170
团队跟踪,龙旗启航私募证券投资基金,SLG924,龙旗启航私募证券投资基金,SLG924,杭州龙旗科技,,2020-06-23,2020-06-28,中信证券股份有限公司,,,否,,,,,,,0,,,,,100亿元以上,P1000676
团队跟踪,衍复指增三号A期私募证券投资基金,SLH093,衍复指增三号A期私募证券投资基金,SLH093,上海衍复投资,,2020-07-29,2020-08-03,国泰君安证券股份有限公司,,,否,,,,,,,0,,,,,100亿元以上,P1070325
团队跟踪,博孚利中衍FOF1号私募证券投资基金,SLH325,博孚利中衍FOF1号私募证券投资基金,SLH325,厦门博孚利资管,,2020-07-07,2020-07-10,国泰君安证券股份有限公司,,每自然月第10个自然日为开放日。如该对应日为非工作日，则开放日为该日后的第一个工作日。,可临开申购,B类份额：0,每次追加申购的最低金额为10万元人民币。,0,0.8,成立后180天（已结束）。,0.75,0.01,B类份额：0.5%/年,0.025%/年,0.025%/年,"B类份额：单人单笔高水位法，针对收益0%以上的部分计提10%业绩报酬
本基金业绩报酬计提日为：封闭期过后，每年1月及7月的最后一个交易日，基金份额持有人实际赎回基金份额时（包含全部赎回，部分赎回）、基金终止日。",50-100亿元,P1023120
团队跟踪,善水源憨牛401号私募证券投资基金,SLH330,善水源憨牛401号私募证券投资基金,SLH330,横琴善水源资管,,2020-07-14,2020-07-16,国泰君安证券股份有限公司,刘明月,,否,,,,,,,0,,,,,0-5亿元,P1068837
团队跟踪,龙旗引航者三号私募证券投资基金,SLH435,龙旗引航者三号私募证券投资基金,SLH435,杭州龙旗科技,,2020-07-23,2020-07-23,国泰君安证券股份有限公司,,,否,,,,,,,0,,,,,100亿元以上,P1000676
团队跟踪,深涵量化1号私募证券投资基金,SLH736,深涵量化1号私募证券投资基金,SLH736,上海深涵投资,,2020-07-23,2020-07-31,招商证券股份有限公司,,,否,,,,,,,0,,,,,0-5亿元,P1022300
团队跟踪,衍复中性四号,SLH845,衍复中性四号私募证券投资基金,SLH845,上海衍复投资,,2020-09-04,2020-09-09,华泰证券股份有限公司,高亢,FOF投资产品池,可临开赎回,每周四,上海衍复投资管理有限公司,持有期小于180天，赎回费率为1%；持有期大等于180天，赎回费率为0%,,相对价值策略,,0.01,,0.025%,0.025%,对超过上次成功计提基准日基金份额累计净值部分按20%比例进行计提。,100亿元以上,P1070325
团队跟踪,绵烁恒屹CTA1号,SLH856,绵烁恒屹CTA1号私募证券投资基金,SLH856,上海绵烁资管,,2020-07-15,2020-07-20,招商证券股份有限公司,,每自然周周三,否,,,1%,,,,0,1%,0.025%,0.025%,20%,20-50亿元,P1060665
团队跟踪,复熙量化选股1号私募证券投资基金,SLH890,复熙量化选股1号私募证券投资基金,SLH890,上海复熙资管,,2020-07-02,2020-07-08,海通证券股份有限公司,,,否,,,,,,,0,,,,,20-50亿元,P1006187
团队跟踪,复熙量化可转债1号私募证券投资基金,SLH894,复熙量化可转债1号私募证券投资基金,SLH894,上海复熙资管,,2020-07-02,2020-07-07,海通证券股份有限公司,萧铭翰,,否,,,,,,,0,,,,,20-50亿元,P1006187
团队跟踪,跃威佳成一号私募证券投资基金,SLH988,跃威佳成一号私募证券投资基金,SLH988,上海跃威,,2020-07-09,2020-07-14,兴业证券股份有限公司,章俊,每月20日,否,1% ，有权对个别投资者进行减免,,无,,无,,0.01,,,,"年化收益率R低于10%部分按照20%的比例提取业绩报酬，超出10%以上部分按照40%的比例提取业绩报酬。
",20-50亿元,P1068331
团队跟踪,毓颜博孚利2号私募证券投资基金,SLJ014,毓颜博孚利2号私募证券投资基金,SLJ014,杭州毓颜投资,,2020-07-16,2020-07-23,国信证券股份有限公司,,"每周第一个交易日
",否,,,,0.76,无,0.75,0,"0.80%
",,"0.10%
","18%
",0-5亿元,P1016899
团队跟踪,量道CTA精选10号私募证券投资基金,SLJ055,量道CTA精选10号私募证券投资基金,SLJ055,深圳量道投资,,2020-07-27,2020-07-27,国泰君安证券股份有限公司,,每个交易日,否,A类份额:1%，B类份额:0%。,1 万元的整数倍,"A类份额：持有期低于180天（不含）的赎回费率为1%，基金份额持有期在180天及以上的赎回费率为0%。
B类份额：0%。",0.8,无,0.75,0.01,"A类份额:1%，B类份额:0%。
A类份额：向除B类份额投资者以外的其它合格投资者募集的基金份额。
B类份额：向本基金管理人管理的其他私募基金 、本基金管理人、本基金管理人员工募集的基金份额。",0.025%/年,0.025%/年,"A类份额：
1、计提方式：单个投资者单笔高水位净值法。
2、计提时点：投资者赎回日、分红权益登记日、基金清算日、固定日（每年6月30日（但封闭期及锁定期（如有）除外，如遇非交易日则顺延至下一交易日））
3、计提比例：20%。
B类份额：不计提业绩报酬。",100亿元以上,P1016658
团队跟踪,佳期证星一期,SLJ139,佳期证星私募证券投资基金一期,SLJ139,上海佳期,,2020-07-03,2020-07-07,国金证券股份有限公司,,,否,,,,,,,0,,,,,100亿元以上,P1033156
团队跟踪,福瑞福元五号私募证券投资基金,SLJ147,福瑞福元五号私募证券投资基金,SLJ147,北京福瑞,,2020-07-08,2020-07-15,华泰证券股份有限公司,,每周周二，遇非工作日顺延,可临开赎回,无,无,无,0.95,无封闭期,0.93,0.01,1.0%,0.05%,0.05%,"在固定时点、基金收益分配、基金份额持有人赎回基金或者基金终止时进行业绩报酬的提取。
固定时点是指基金成立后每年6月及12月最后一个交易日。2%到10%提取20%。10%以上提取30%",20-50亿元,P1065052
团队跟踪,添禄投资私募量化2号证券投资基金,SLJ205,添禄投资私募量化2号证券投资基金,SLJ205,上海添禄投资,,2020-07-03,2020-07-07,海通证券股份有限公司,,,否,,,,,,,0,,,,,20-50亿元,P1064139
团队跟踪,泽阳龙珠聚配1号,SLJ245,泽阳龙珠聚配1号私募证券投资基金,SLJ245,宁波泽阳投资,,2020-07-17,2020-07-21,兴业证券股份有限公司,,,否,,,,,,,0,,,,,0-5亿元,P1005373
团队跟踪,慧石和暄1号私募证券投资基金,SLJ311,慧石和暄1号私募证券投资基金,SLJ311,杭州慧实,,2020-09-03,2020-09-15,招商证券股份有限公司,,,否,,,,,,,0,,,,,0-5亿元,P1065056
团队跟踪,润洲跬步一号私募证券投资基金,SLJ416,润洲跬步一号私募证券投资基金,SLJ416,杭州润洲,,2020-08-11,2020-08-14,招商证券股份有限公司,,,否,,,,,,,0,,,,,50-100亿元,P1006059
团队跟踪,因诺期权1号私募证券投资基金,SLJ952,因诺期权1号私募证券投资基金,SLJ952,上海因诺资管,,2020-07-14,2020-07-16,中国国际金融股份有限公司,,,否,,,,,,,0,,,,,100亿元以上,P1006164
团队跟踪,博孚利东证匠心1号FOF私募证券投资基金,SLK082,博孚利东证匠心1号FOF私募证券投资基金,SLK082,厦门博孚利资管,,2020-08-25,2020-08-31,招商证券股份有限公司,,每个交易日,可临开申购,0%,不低于 1 万元,0%,0.95,无,0.92,0.002,,0.025%,0.025%,不计提业绩报酬,50-100亿元,P1023120
团队跟踪,量道瑞风量化多策略1号私募证券投资基金,SLK113,量道瑞风量化多策略1号私募证券投资基金,SLK113,深圳量道投资,,2020-07-27,2020-07-27,招商证券股份有限公司,,每个交易日,否,1%, 1 万元的整数倍,<365天为1%，>=365天为0%,,无,,0.01,A类份额:1.00%，B类份额:0%。 A类份额：除B类以外的其他合格投资者。 B类份额：2025年4月1日（含）前参与本基金的合格投资者及其后续追加申购份额。,0.025%/年,0.025%/年,"计提方式：采用单个投资者单份额高水位净值法;
计提时点：投资者赎回日、分红权益登记日、基金清算日
计提比例：20%（业绩报酬按单客户单笔份额计提，当净值到1.1且单笔份额盈利时以上可计提业绩报酬）",100亿元以上,P1016658
团队跟踪,水木博雅复财多空量化一号私募证券投资基金,SLK193,水木博雅复财多空量化一号私募证券投资基金,SLK193,深圳前海复财资管,,2020-07-07,2020-07-15,中国银河证券股份有限公司,,,否,,,,,,,0,,,,,0-5亿元,P1030599
团队跟踪,瑷尔德润泽量化1号私募证券投资基金,SLK257,瑷尔德润泽量化1号私募证券投资基金,SLK257,浙江瑷尔德投资,,2020-07-15,2020-07-17,华泰证券股份有限公司,,,否,,,,,,,0.01,,,,,5-10亿元,P1025781
团队跟踪,衍复中证500指数增强一号私募证券投资基金,SLK258,衍复中证500指数增强一号私募证券投资基金,SLK258,上海衍复投资,,2020-07-24,2020-07-28,国泰君安证券股份有限公司,高亢,,否,,,,,,,0,,,,,100亿元以上,P1070325
团队跟踪,衍复中性九号私募证券投资基金,SLK262,衍复中性九号私募证券投资基金,SLK262,上海衍复投资,,2020-07-24,2020-07-29,国泰君安证券股份有限公司,高亢,,否,,,,,,,0,,,,,100亿元以上,P1070325
团队跟踪,平凡笃行1号,SLK419,平凡笃行1号私募证券投资基金,SLK419,北京平凡,,2020-07-31,2020-08-10,华泰证券股份有限公司,,,否,,,,,,,0,,,,,50-100亿元,P1021670
团队跟踪,明钺聚汇1号私募证券投资基金,SLK506,明钺聚汇1号私募证券投资基金,SLK506,珠海明钺,,2020-07-23,2020-07-24,国泰君安证券股份有限公司,,,否,,,,,,,0,,,,,50-100亿元,P1066816
团队跟踪,因诺择时选股1号,SLK510,因诺择时选股1号私募证券投资基金,SLK510,上海因诺资管,,2020-07-23,2020-07-24,国泰君安证券股份有限公司,,每个交易日,否,0%,,0%,,无,,0.02,A类份额：0%，B类份额：2%,0.03%,0.03%,A类份额：0%，B类份额：20%,100亿元以上,P1006164
团队跟踪,锋滔重剑CTA六号私募证券投资基金,SLK536,锋滔重剑CTA六号私募证券投资基金,SLK536,上海锋滔资管,,2020-07-16,2020-07-17,中信证券股份有限公司,,每个自然季度首月（即1月、4月、7月、10月）最后一个工作日,否,,,,0.85,6个月,0.8,0.015,,0.04%,"
",年化0%-20%按照20%收取，年化20%以上按照30%收取,0-5亿元,P1007210
团队跟踪,赫富灵活对冲六号私募证券投资基金,SLL034,赫富灵活对冲六号私募证券投资基金,SLL034,上海赫富投资,,2020-08-05,2020-08-12,国泰君安证券股份有限公司,蔡觉逸,每月5日、25日,否,0,,持有期小于180天，不得赎回；持有期大等于180天，免收取。,,无,,0,,0.025%,0.025%,持有期的年化收益率R与计提基准B的差额高于0%但小等于20%，业绩报酬计提比例为20%；（R-B）高于20%，业绩报酬计提比例按照20%和30%分段计算。 ,100亿元以上,P1062959
团队跟踪,赫富灵活对冲六号A期私募证券投资基金,SLL037,赫富灵活对冲六号A期私募证券投资基金,SLL037,上海赫富投资,,2020-08-12,2020-08-17,国泰君安证券股份有限公司,蔡觉逸,每月5日、25日,否,,,,,无封闭期,,0.01,1%,0.025%,0.025%,20%,100亿元以上,P1062959
团队跟踪,泽善多策略对冲2号私募证券投资基金,SLL052,泽善多策略对冲2号私募证券投资基金,SLL052,广东泽善投资,,2020-07-21,2020-07-24,国泰君安证券股份有限公司,,每周周五,否,,,,0.8,无,0.75,0.01,,0.015%,0.015%,30%,10-20亿元,P1070852
团队跟踪,量锐祥瑞1号指数增强私募证券投资基金,SLL154,量锐祥瑞1号指数增强私募证券投资基金,SLL154,宁波金戈量锐资管,,2020-08-06,2020-08-06,国泰君安证券股份有限公司,,每个交易日,否,0%,,0%,0.7,无,,0,,0.05%,0.05%, 超额中证500  9%以上的部分计提60%,100亿元以上,P1008220
团队跟踪,量客长阳一号,SLL241,量客长阳一号私募证券投资基金,SLL241,上海量客,,2020-07-14,2020-07-21,招商证券股份有限公司,程庆,2020-07-17,否,,,,0.97,0.9999,0.95,0.01,1%,0.02%,0.02%,50%,20-50亿元,P1000568
团队跟踪,安值中盛量化1号私募证券投资基金,SLL285,安值中盛量化1号私募证券投资基金,SLL285,青岛安值投资,,2020-07-28,2020-07-28,中信证券股份有限公司,,,否,,,,,,,0,,,,,20-50亿元,P1066882
团队跟踪,衍复量化灯塔1号私募证券投资基金,SLL327,衍复量化灯塔1号私募证券投资基金,SLL327,上海衍复投资,,2020-10-09,2020-10-12,申万宏源证券有限公司,高亢,本基金开放日为每个月第二个自然日，如遇节假日则顺延至下一工作日,否,,,,,,,0,,,,单客户单笔份额高水位法，提取当期收益的20%作为业绩报酬,100亿元以上,P1070325
团队跟踪,鸣石量化24号,SLL345,鸣石量化24号私募证券投资基金,SLL345,上海鸣石,,2020-08-13,2020-08-13,国泰君安证券股份有限公司,,每个交易日,否,0%,,0%,0.85,无,0.8,0.01,,0.01%,0.01%,,100亿元以上,P1005659
团队跟踪,超量子中证500增强1号,SLL388,超量子中证500增强1号私募证券投资基金,SLL388,深圳超量子,,2020-07-16,2020-07-21,招商证券股份有限公司,,,否,,,,,,,0,,,,,100亿元以上,P1071044
团队跟踪,尊和安盈3号私募证券投资基金,SLL483,尊和安盈3号私募证券投资基金,SLL483,杭州尊和资管,,2020-08-06,2020-08-12,国泰君安证券股份有限公司,,,否,,,,,,,0,,,,,5-10亿元,P1062555
团队跟踪,牟合资产方田50号私募证券投资基金,SLL810,牟合资产方田50号私募证券投资基金,SLL810,北京牟合资管,,2020-08-05,2020-08-05,华泰证券股份有限公司,李一铮,,否,,,,,,,0,,,,,5-10亿元,P1005784
团队跟踪,品润仨一进取一号私募证券投资基金,SLL903,品润仨一进取一号私募证券投资基金,SLL903,浙江品润投资,,2020-08-10,2020-08-12,中信证券股份有限公司,,,否,,,,,,,0,,,,,0-5亿元,P1016294
团队跟踪,鸣熙CTA2号私募证券投资基金,SLL918,鸣熙CTA2号私募证券投资基金,SLL918,鸣熙资本,,2020-08-07,2020-08-07,国泰君安证券股份有限公司,,,否,,,,,,,0,,,,,100亿元以上,P1033450
团队跟踪,磐耀云山定制1号私募证券投资基金,SLM000,磐耀云山定制1号私募证券投资基金,SLM000,上海磐耀资管,,2020-07-24,2020-07-29,国金证券股份有限公司,,,否,,,,,,,0,,,,,20-50亿元,P1009064
团队跟踪,杭州慧创-惠威胜二号私募证券投资基金,SLM057,杭州慧创-惠威胜二号私募证券投资基金,SLM057,杭州慧创投资,,2020-08-14,2020-08-14,华安证券股份有限公司,叶子恒,本基金的开放日为本基金成立之日后每个工作日。,否,本基金无申购费用。,追加金额应不低于 1 万元人民币。, D＜【3 个月（不含对日）】   【1%】；  D≥【3 个月（含对日）】 【0%】,0.95,无,0.93,0,基金的年管理费率为 1%。,0.05%,0.05%,"当 R≤【0%】时，不提取业绩报酬； 
当【0%】＜R≤【15%】时，对期间年化收益率超过【0%】的部分提取【25%】的业绩报酬，即 E=F×R×D××25%；
当【15%】＜R 时，对期间年化收益率在【0%】至【15%】的部分提取【25%】的业绩报酬，对期间年化收益率超过【15%】的部分提取【35%】的业绩报酬，即 E=F×（R-15%）×D ××35%+ F×15%×D××25%； 
如果管理人已经提取业绩报酬，即使基金份额持有人赎回时净值有所下跌，则该部分已 提取的业绩报酬将不退还基金份额持有人。",0-5亿元,P1005233
团队跟踪,仙人掌盈沣飞扬一号,SLM079,仙人掌盈沣飞扬一号私募证券投资基金,SLM079,上海仙人掌,,2020-11-05,2020-11-13,招商证券股份有限公司,,,否,,,,,,,0,,,,,5-10亿元,P1012531
团队跟踪,深度量化中证1000指数增强0号,SLM692,深度量化中证1000指数增强0号私募证券投资基金,SLM692,杭州深度资管,,2020-08-19,2020-08-24,国泰君安证券股份有限公司,,每周二周三,否,,,180天0.5%,,无,,0.01,,,,1%+超额20%,10-20亿元,P1065452
团队跟踪,宏奕东哥2号,SLM766,宏奕东哥2号私募证券投资基金,SLM766,宁波梅山宏奕投资,,2020-07-30,2020-08-03,国泰君安证券股份有限公司,赵斌,申购开放日：每周最后一个交易日。 赎回开放日：每月第25个自然日，遇非交易日顺延,可临开赎回,无,不低于10万元,365天以下0.5%；365天及以上不收,0.9,无,0.85,0.01,1.00%,0.0500%,0.05%,对超过上次成功计提基准日基金份额累计净值部分按20%比例进行计提。,0-5亿元,P1061593
团队跟踪,景上源星汇6号私募证券投资基金,SLM818,景上源星汇6号私募证券投资基金,SLM818,杭州景上源,,2020-08-18,2020-08-28,招商证券股份有限公司,,,否,,,,,,,0,,,,,5-10亿元,P1008209
团队跟踪,瑞达期货-瑞智无忧共赢20号集合资产管理计划,SLM829,瑞达期货-瑞智无忧共赢20号集合资产管理计划,SLM829,瑞达期货,,2020-08-19,2020-08-19,国泰君安证券股份有限公司,,,否,,,,,,,0,,,,,,GC0500030872
团队跟踪,七禾科技传奇71号,SLN227,七禾科技传奇71号私募证券投资基金,SLN227,杭州七禾新资管,,2020-08-10,2020-08-11,招商证券股份有限公司,沈良,每周周五,否,0%,,持有期小于12个月，赎回费率1%；持有期大等于12个月，赎回费率0%,0.82,,0.8,0.01,,0.05%,0.05%,30%,0-5亿元,P1005559
团队跟踪,赫富对冲十七号私募证券投资基金,SLN312,赫富对冲十七号私募证券投资基金,SLN312,上海赫富投资,,2020-08-05,2020-08-07,海通证券股份有限公司,蔡觉逸,每月的5号、25号,否,0%,,0%,0.9,,0.85,0.01,,0.05%,0.05%,20%,100亿元以上,P1062959
团队跟踪,弈倍黑洞二号私募证券投资基金,SLN348,弈倍黑洞二号私募证券投资基金,SLN348,上海弈倍,,2020-08-06,2020-08-13,招商证券股份有限公司,,每自然月第10个自然日为开放日。如该对应日为非工作日，则开放日为该日后的第一个工作日。,可临开申购,B类份额：0,每次追加申购的最低金额为10万元人民币。,0,0.8,成立后180天（已结束）。,0.75,0,B类份额：0.5%/年,0.025%/年,0.025%/年,"B类份额：单人单笔高水位法，针对收益0%以上的部分计提10%业绩报酬
本基金业绩报酬计提日为：封闭期过后，每年1月及7月的最后一个交易日，基金份额持有人实际赎回基金份额时（包含全部赎回，部分赎回）、基金终止日。",20-50亿元,P1061585
团队跟踪,博孚利中衍尊享FOF私募证券投资基金,SLN591,博孚利中衍尊享FOF私募证券投资基金,SLN591,厦门博孚利资管,,2020-08-13,2020-08-26,国泰君安证券股份有限公司,,基金成立之后的每周三，如遇非交易日，则顺延至下一交易日。,可临开赎回,0%,无,本基金A类份额持有期限低于365天（不含）的，赎回费率为1%，份额持有期在365天及以上的，赎回费率为0%；B类份额赎回费为0%；归管理人所有。,0.97,成立后180天（已结束）。,0.95,0.01,,0.025%/年,0.025%/年,"B类份额不收取业绩报酬
对A类份额年化收益率超过5%，持有期全额收益计提60%",50-100亿元,P1023120
团队跟踪,超量子中性1号,SLN683,超量子中性1号私募证券投资基金,SLN683,深圳超量子,,2020-10-09,2020-10-15,国泰君安证券股份有限公司,,,否,,,,,,,0,,,,,100亿元以上,P1071044
团队跟踪,鲲腾进取1号私募证券投资基金,SLN702,鲲腾进取1号私募证券投资基金,SLN702,深圳鲲腾,,2020-08-11,2020-08-14,招商证券股份有限公司,,每自然月第10个自然日为开放日。如该对应日为非工作日，则开放日为该日后的第一个工作日。,可临开申购,B类份额：0,每次追加申购的最低金额为10万元人民币。,0,0.8,成立后180天（已结束）。,0.75,0,B类份额：0.5%/年,0.025%/年,0.025%/年,"B类份额：单人单笔高水位法，针对收益0%以上的部分计提10%业绩报酬
本基金业绩报酬计提日为：封闭期过后，每年1月及7月的最后一个交易日，基金份额持有人实际赎回基金份额时（包含全部赎回，部分赎回）、基金终止日。",5-10亿元,P1025308
团队跟踪,玉数聚配专享3号,SLN775,玉数聚配专享3号私募证券投资基金,SLN775,上海玉数投资,,2020-08-06,2020-08-07,国泰君安证券股份有限公司,,"每月第 10 个交易日和每月最后一个交易日

",否,,,,,无封闭期,,0.01,"1.00%
",,"0.03%
","20%
",10-20亿元,P1065673
团队跟踪,希格斯机遇3号私募证券投资基金,SLN886,希格斯机遇3号私募证券投资基金,SLN886,杭州希格斯投资,,2021-01-08,2021-01-15,招商证券股份有限公司,,每月的12号、25号,可临开赎回,0%,,持有期小于12个月，赎回费率为0.5%；持有期大等于12个月，赎回费率为0%,,,0.95,0.01,,0.025%,0.025%,年化收益大等于8%时，对该份额整体收益提取60%的业绩报酬，且计提后基金份额年化收益不得低于8%。年化收益小于8%时，不收取业绩报酬。,20-50亿元,P1069042
团队跟踪,开思沪港深优选,SLP048,开思沪港深优选私募证券投资基金,SLP048,上海开思,,2020-08-04,2020-08-04,兴业证券股份有限公司,倪飞,每周第三个交易日开放申赎（若遇本周无此交易日则本周不进行开放）,否,90天以内赎回费0.5%,1万元起,0%,,无,,0,0%+17%,0.03%，年保底费为 0.5 万元,0.03%，年保底费为 0.5 万元,A类份额：0%，B类份额：17%,100亿元以上,P1032176
团队跟踪,思梵普朗克零号私募证券投资基金,SLP094,思梵普朗克零号私募证券投资基金,SLP094,杭州思梵,,2020-08-28,2020-09-04,国泰君安证券股份有限公司,,,否,,,,,,,0,,,,,0-5亿元,P1070652
团队跟踪,格行融智量化CTA1号私募证券投资基金,SLP216,格行融智量化CTA1号私募证券投资基金,SLP216,湖南格行资管,,2021-01-27,2021-02-07,中泰证券股份有限公司,,,否,,,,,,,0,,,,,0-5亿元,P1033471
团队跟踪,蝶威强化事件驱动1号私募证券投资基金,SLP249,蝶威强化事件驱动1号私募证券投资基金,SLP249,上海蝶威,,2020-08-12,2020-08-20,中信建投证券股份有限公司,,,否,,,,,,,0,,,,,10-20亿元,P1070101
团队跟踪,鸣石金选18号1期,SLP308,鸣石金选18号1期私募证券投资基金,SLP308,上海鸣石,,2020-08-04,2020-08-04,招商证券股份有限公司,王晓晗,,否,,,,,,,0,,,,,100亿元以上,P1005659
团队跟踪,守朴进取2号私募证券投资基金,SLP371,守朴进取2号私募证券投资基金,SLP371,上海守朴资管,,2020-08-19,2020-08-21,中信证券股份有限公司,翟建业,每周一三五申购 每月前3个工作日赎回,否,1%,,0%,,无,,0.01,,0.015%,0.015%,年化4%以上计提25%,5-10亿元,P1068966
团队跟踪,稳博创业板增强一号私募证券投资基金,SLP648,稳博创业板增强一号私募证券投资基金,SLP648,上海稳博投资,,2021-02-18,2021-02-23,国泰君安证券股份有限公司,,,否,,,,,,,0,,,,,100亿元以上,P1029043
团队跟踪,新凰量化七号,SLP773,新凰量化七号私募证券投资基金,SLP773,上海顾锝,,2020-08-14,2020-08-18,中信证券股份有限公司,,每个交易日,否,0%,,0%,,,,0.015,,,,产品业绩年化30%以内部分收取30%，产品业绩年化30%以上部分收取50%,10-20亿元,P1064314
团队跟踪,辰钰炎丰1号私募证券投资基金,SLP883,辰钰炎丰1号私募证券投资基金,SLP883,上海辰钰,,2020-08-06,2020-08-10,兴业证券股份有限公司,,每月5号、15号和最后一个工作日,否,1%,,持有期小于6个月，赎回费率为1%；持有期大等于6个月，赎回费率为0%,0.93,,0.9,0.015,,0.03%,0.03%,20%,0-5亿元,P1010118
团队跟踪,广金美好恒信1号私募证券投资基金,SLP974,广金美好恒信1号私募证券投资基金,SLP974,广东横琴广鑫美好,,2020-09-10,2020-09-25,中信证券股份有限公司,,,否,,,,,,,0,,,,,50-100亿元,P1033731
团队跟踪,圆信永丰基本面驱动1号集合资产管理计划,SLQ012,圆信永丰基本面驱动1号集合资产管理计划,SLQ012,圆信永丰,,2020-08-04,2020-08-05,招商银行股份有限公司,,,否,,,,,,,0,,,,,,PT0100000613
团队跟踪,正瀛无相12号私募证券投资基金,SLQ022,正瀛无相12号私募证券投资基金,SLQ022,上海正瀛资管,,2020-08-13,2020-08-14,国泰君安证券股份有限公司,,,否,,,,,,,0,,,,,100亿元以上,P1060813
团队跟踪,持赢丹娜资产配置1号私募证券投资基金,SLQ110,持赢丹娜资产配置1号私募证券投资基金,SLQ110,上海持赢投资,,2020-08-12,2020-08-14,申万宏源证券有限公司,,,否,,,,,,,0,,,,,0-5亿元,P1010930
团队跟踪,象限2号A期私募证券投资基金,SLQ270,象限2号A期私募证券投资基金,SLQ270,上海象限资管,,2020-08-21,2020-08-26,国泰君安证券股份有限公司,,每周周四及每月最后一个交易日,否,1%,,持有期小于，赎回费率为 1%；持有期大等于360天，赎回费率为 0%,0.85,无,0.8,0.02,, 0.025%, 0.025%,20%,50-100亿元,P1015598
团队跟踪,瑷尔德润泽量化6号私募证券投资基金,SLQ438,瑷尔德润泽量化6号私募证券投资基金,SLQ438,浙江瑷尔德投资,,2020-08-17,2020-08-24,华泰证券股份有限公司,刘洋,,否,,,,,,,0,,,,,5-10亿元,P1025781
团队跟踪,鸣熙资产-招享套利7号私募证券投资基金,SLQ694,鸣熙资产-招享套利7号私募证券投资基金,SLQ694,鸣熙资本,,2020-08-10,2020-08-10,招商银行股份有限公司,,,否,,,,,,,0,,,,,100亿元以上,P1033450
团队跟踪,鸿道新世界1号私募证券投资基金,SLQ849,鸿道新世界1号私募证券投资基金,SLQ849,北京鸿道投资,,2020-09-25,2020-09-28,中信证券股份有限公司,,,否,,,,,,,0,,,,,10-20亿元,P1000280
团队跟踪,道微乘风破浪量化进取1号,SLQ924,道微乘风破浪量化进取1号私募证券投资基金,SLQ924,重庆道微投资,,2020-09-18,2020-09-24,国泰君安证券股份有限公司,,,否,,,,,,,0,,,,,0-5亿元,P1005650
团队跟踪,嘉兴灏象量化CTA一号私募证券投资基金,SLQ933,嘉兴灏象量化CTA一号私募证券投资基金,SLQ933,上海艾礼象,,2020-08-31,2020-09-04,中信证券股份有限公司,李伊文,每月最后一个工作日,可临开赎回,0%,,持有期小于180天，赎回费率为1%；持有期大等于180天，免收。,,无,0.7,0,仅对A份额收取1%的管理费,0.015%,,仅对A份额收取业绩报酬，对期间年化收益率超过0%以上部分按照30%对比收取业绩报酬,20-50亿元,P1062971
团队跟踪,同温层量化阿尔法2号证券投资私募基金,SLQ941,同温层量化阿尔法2号证券投资私募基金,SLQ941,武汉同温层,,2020-08-31,2020-09-03,中信证券股份有限公司,徐安、段海磊、王林海,每周周五,否,0%,,0%,,,,0.01,,0.025%,0.025%,高水位法18%,20-50亿元,P1070801
团队跟踪,鸣石盛扬春天十六号私募证券投资基金,SLQ950,鸣石盛扬春天十六号私募证券投资基金,SLQ950,上海鸣石,,2020-09-30,2020-10-12,招商证券股份有限公司,,,否,,,,,,,0,,,,,100亿元以上,P1005659
团队跟踪,新湖期货鸿图2号集合资产管理计划,SLR029,新湖期货鸿图2号集合资产管理计划,SLR029,新湖期货,,2020-08-14,2020-08-14,国泰君安证券股份有限公司,,,否,,,,,,,0,,,,,,PT0500030378
团队跟踪,垒盈量化五号私募证券投资基金,SLR039,垒盈量化五号私募证券投资基金,SLR039,上海垒盈,,2020-09-29,2020-10-12,兴业证券股份有限公司,,每周周一,否,1%,,0%,0.93,,0.9,0.01,,0.03%,0.03%,若基金单位份额年化收益率 R小等于0%时，管理人不提取业绩报酬；若基金单位份额年化收益率 R大于 0% ，管理人对大于 0% 的部分提取 20%作为业绩报 酬。,5-10亿元,P1034005
团队跟踪,汇富联合日盈4号私募证券投资基金,SLR125,汇富联合日盈4号私募证券投资基金,SLR125,深圳前海汇富联合,,2020-08-12,2020-08-14,华泰证券股份有限公司,张瑞琦,每个交易日,否,0%,不低于10万元,0%,0.97,无,0.95,0,, 0.03%, 0.03%,不收取业绩报酬,20-50亿元,P1006506
团队跟踪,量客卓宇六号,SLR151,量客卓宇六号私募证券投资基金,SLR151,上海量客,,2020-08-17,2020-08-20,招商证券股份有限公司,李冬昕,,否,,,,,,,0,,,,,20-50亿元,P1000568
团队跟踪,平方和18号私募证券投资基金,SLR253,平方和18号私募证券投资基金,SLR253,宁波平方和投资,,2020-08-14,2020-08-18,申万宏源证券有限公司,,,否,,,,,,,0,,,,,100亿元以上,P1025836
团队跟踪,量典小象中国50核心资产私募证券投资基金,SLR503,量典小象中国50核心资产私募证券投资基金,SLR503,上海量典,,2020-08-17,2020-08-21,中信证券股份有限公司,,,否,,,,,,,0,,,,,0-5亿元,P1060476
团队跟踪,探索者量化期权2号私募证券投资基金,SLR572,探索者量化期权2号私募证券投资基金,SLR572,大连探索者基金,,2020-08-31,2020-09-03,中信证券股份有限公司,王承,,否,,,,,,,0,,,,,0-5亿元,P1070464
团队跟踪,宏龙元亨3期私募证券投资基金,SLR581,宏龙元亨3期私募证券投资基金,SLR581,南京宏龙资管,,2020-10-21,2020-10-23,国泰君安证券股份有限公司,,每月第5个自然日,否,,,,0.83,无封闭期,0.8,0.01,1%,0.05%,0.05%,20%,0-5亿元,P1017416
团队跟踪,源晖量化2号私募证券投资基金,SLR729,源晖量化2号私募证券投资基金,SLR729,北京源晖投资,,2021-01-29,2021-02-03,中信建投证券股份有限公司,贾晓玮,,否,,,,,,,0,,,,,5-10亿元,P1067910
团队跟踪,橡木启明私募证券投资基金,SLR797,橡木启明私募证券投资基金,SLR797,杭州橡木,,2020-09-11,2020-09-18,国泰君安证券股份有限公司,,,否,,,,,,,0,,,,,50-100亿元,P1068698
团队跟踪,镝力至臻1号私募证券投资基金,SLR905,镝力至臻1号私募证券投资基金,SLR905,上海砥立,,2020-08-20,2020-08-26,华泰证券股份有限公司,,,否,,,,,,,0,,,,,0-5亿元,P1070614
团队跟踪,红岸征途股债增强103号私募证券投资基金,SLR916,红岸征途股债增强103号私募证券投资基金,SLR916,深圳红岸,,2020-08-18,2020-08-20,招商证券股份有限公司,,,否,,,,,,,0,,,,,0-5亿元,P1009017
团队跟踪,广金美好康德四号私募证券投资基金,SLR941,广金美好康德四号私募证券投资基金,SLR941,广东横琴广鑫美好,,2020-08-17,2020-08-20,广发证券股份有限公司,,,否,,,,,,,0,,,,,50-100亿元,P1033731
团队跟踪,探索者量化期权3号私募证券投资基金,SLS030,探索者量化期权3号私募证券投资基金,SLS030,大连探索者基金,,2020-09-29,2020-10-09,中信证券股份有限公司,王承,,否,,,,,,,0,,,,,0-5亿元,P1070464
团队跟踪,弘源多元化CTA,SLS182,弘源多元化CTA私募证券投资基金,SLS182,深圳弘源泰平资管,,2020-09-10,2020-09-15,国泰君安证券股份有限公司,孙剑,每周周五,可临开赎回,1%,不低于10万元 ,0%,0.9,无,0.85,0.01,1%,0.04%,0.04%,20%,0-5亿元,P1027722
团队跟踪,稳博500指数增强多策略1号私募证券投资基金,SLS211,稳博500指数增强多策略1号私募证券投资基金,SLS211,上海稳博投资,,2020-09-01,2020-09-03,招商证券股份有限公司,殷陶,每周二,否,1%,,持有时间少于6个月，赎回费率1%；持有时间大于等于6个月，赎回费率0,0.75,无,0.7,0.015,,0.025%,0.025%,,100亿元以上,P1029043
团队跟踪,固禾翡翠9号私募证券投资基金,SLS219,固禾翡翠9号私募证券投资基金,SLS219,深圳固禾,,2020-09-03,2020-09-09,招商证券股份有限公司,,每自然月 5、12 、19 、26 号,否,,,,,无封闭期,,0.02,2%,0.02%,0.02%,20%,5-10亿元,P1026626
团队跟踪,蒙玺分形9号私募证券投资基金,SLS241,蒙玺分形9号私募证券投资基金,SLS241,上海蒙玺投资,,2020-09-04,2020-09-09,国泰君安证券股份有限公司,,"每周四
",否,,,,,无,,0.01,"
",,,"20%
",100亿元以上,P1063294
团队跟踪,量道CTA精选11号私募证券投资基金,SLS476,量道CTA精选11号私募证券投资基金,SLS476,深圳量道投资,,2020-09-02,2020-09-02,兴业证券股份有限公司,,每个交易日,否,1%,1万元起,持有期小于180天，赎回费率为1%；持有期大等于180天，赎回费率为0%（可金额赎回）,0.85,无,0.8,0.01,,,0.025%,"20%。
计提基准日：赎回日、基金终止日、分红日、固定结算日（每年6月最后一个交易日）",100亿元以上,P1016658
团队跟踪,量道CTA精选12号私募证券投资基金,SLS478,量道CTA精选12号私募证券投资基金,SLS478,深圳量道投资,,2020-11-30,2020-12-01,国泰君安证券股份有限公司,,每个交易日,否,A类份额:1%，B类份额:0%。,1 万元的整数倍,A类份额：持有期低于180天（不含）的赎回费率为1%，基金份额持有期在180天及以上的赎回费率为0%。 B类份额：0%。,0.8,无,0.75,0.015,A类份额:1.50%，B类份额:0%。 A类份额：向除B类份额投资者以外的其它合格投资者募集的基金份额。 B类份额：向本基金管理人管理的其他私募基金 、本基金管理人、本基金管理人员工募集的基金份额。,0.025%/年,0.025%/年,"A类份额：
1、计提方式：单个投资者单笔高水位净值法。
2、计提时点：投资者赎回日、分红权益登记日、基金清算日、固定日（每年6月最后一个交易日（但封闭期及/或锁定期（如有）除外））。
3、计提比例：【20%】。
B类份额：不计提业绩报酬。",100亿元以上,P1016658
团队跟踪,衍盛量化CTA五号私募证券投资基金,SLS483,衍盛量化CTA五号私募证券投资基金,SLS483,深圳衍盛,,2020-11-04,2020-11-05,国泰君安证券股份有限公司,,每自然月15日,否,1%,,,0.9,无封闭期,0.85,0.015,1.5%,0.04%,0.04%,20%,50-100亿元,P1004055
团队跟踪,思勰投资-指数增强3号私募证券投资基金,SLS805,思勰投资-指数增强3号私募证券投资基金,SLS805,上海思勰投资,,2020-08-31,2020-09-02,兴业证券股份有限公司,,,否,,,,,,,0,,,,,100亿元以上,P1032873
团队跟踪,诚奇中证500增强精选1期,SLS817,诚奇中证500增强精选1期私募证券投资基金,SLS817,上海诚奇,,2020-09-04,2020-09-04,招商银行股份有限公司,何文奇,,否,,,,,,,0,,,,,100亿元以上,P1001430
团队跟踪,量客利均一号,SLS845,量客利均一号私募证券投资基金,SLS845,上海量客,,2020-08-21,2020-08-24,招商证券股份有限公司,程庆,,否,,,,,,,0,,,,,20-50亿元,P1000568
团队跟踪,宣夜投资CTA稳流一期私募证券投资基金,SLT016,宣夜投资CTA稳流一期私募证券投资基金,SLT016,上海宣夜投资,,2020-09-04,2020-09-09,招商证券股份有限公司,郭首一,,否,,,,,,,0,,,,,20-50亿元,P1060042
团队跟踪,博孚利国强1号私募证券投资基金,SLT126,博孚利国强1号私募证券投资基金,SLT126,厦门博孚利资管,,2020-08-25,2020-08-31,中信证券股份有限公司,何阳阳,每周四周五,否,1%可免,1万元起且为1万的整数倍,持有期小于180天，赎回费率为 1%；持有嘁大等于180 天，赎回费率为0%；可免,0.7,无,0.6,0.01,1%,0.02%,0.02%,对期间年化收益率超过 10%以上部分按照 15%的比例收取业绩报酬,50-100亿元,P1023120
团队跟踪,道微聚配专享1号,SLT213,道微聚配专享1号私募证券投资基金,SLT213,重庆道微投资,,2020-09-22,2020-09-29,国泰君安证券股份有限公司,,,否,,,,,,,0,,,,,0-5亿元,P1005650
团队跟踪,大风鸿濛优选1.0私募证券投资基金,SLT323,大风鸿濛优选1.0私募证券投资基金,SLT323,深圳大风资管,,2020-09-04,2020-09-09,中信证券股份有限公司,,,否,,,,,,,0,,,,,10-20亿元,P1023051
团队跟踪,赫富尊享5号私募证券投资基金,SLT341,赫富尊享5号私募证券投资基金,SLT341,上海赫富投资,,2020-08-27,2020-08-31,中信证券股份有限公司,蔡觉逸,每周周五,否,1%,,0%,,无,,0.018,,0.04%,0.04%,,100亿元以上,P1062959
团队跟踪,大道萑苇量化选股私募证券投资基金,SLT476,大道萑苇量化选股私募证券投资基金,SLT476,深圳大道投资,,2020-09-17,2020-09-25,招商证券股份有限公司,朱明强,,否,,,,,,,0,,,,,100亿元以上,P1032257
团队跟踪,明湾心造2号,SLT523,明湾心造2号私募证券投资基金,SLT523,上海明湾资管,,2020-09-01,2020-09-01,招商证券股份有限公司,,每周周一、周三及周五,否,0%,,A类份额：3%，B类份额：0%,,,,0.002,,0.01%,0.01%,"当基金份额赎回、基金终止或分红时，该赎回份额或分红份额当期收益低于等于年化7%，管理人不提取业绩报酬。
当基金份额赎回、基金终止或分红时，且该赎回份额或分红份额当期收益大于年化7%，管理人提取该份额整体盈利部分的60%作为业绩报酬，但计提后该笔份额的当期年化收益不低于7%。如本次基金分红时间距上次分红时间（如有）不足6个月（每月按30个自然日计算），则本次基金分红不对基金份额计提业绩报酬。",10-20亿元,P1001040
团队跟踪,稳博量化尊享6号,SLT563,稳博量化尊享6号私募证券投资基金,SLT563,上海稳博投资,,2020-09-08,2020-09-11,国泰君安证券股份有限公司,殷陶,,否,,,,,,,0,,,,,100亿元以上,P1029043
团队跟踪,广金美好恒信2号私募证券投资基金,SLT588,广金美好恒信2号私募证券投资基金,SLT588,广东横琴广鑫美好,,2020-12-08,2020-12-18,中信证券股份有限公司,,,否,,,,,,,0,,,,,50-100亿元,P1033731
团队跟踪,湘源稳健5号,SLT650,湘源稳健5号私募证券投资基金,SLT650,杭州湘源投资,,2020-11-18,2020-11-26,海通证券股份有限公司,赵国栋,每月的第四个周三,可临开赎回,0%,,0%,0.97,,0.95,0,,0.02%,0.02%,"产品年化收益率小于 6%，管理人不提取业绩报酬；
产品年化收益率大于等于 6%，管理人提取全额收益的 20%作为业绩报酬。",5-10亿元,P1061335
团队跟踪,金斧子水星CTA精选FOF一号私募证券投资基金,SLU048,金斧子水星CTA精选FOF一号私募证券投资基金,SLU048,深圳金斧子资管,,2020-09-21,2020-09-29,招商证券股份有限公司,,,否,,,,,,,0,,,,,20-50亿元,P1006085
团队跟踪,壹玖资产妙有1号证券投资私募基金,SLU098,壹玖资产妙有1号证券投资私募基金,SLU098,北京壹玖资管,,2020-09-24,2020-10-16,广发证券股份有限公司,,封闭期结束后首个交易日及首个开放日后【每自然月份的7号】,否,,,,0.92,90天,0.9,0.01,1%,0.02%,0.02%,20%,0-5亿元,P1015134
团队跟踪,鸣熙股票量化一号证券投资私募基金,SLU517,鸣熙股票量化一号证券投资私募基金,SLU517,鸣熙资本,,2020-09-01,2020-09-01,招商证券股份有限公司,,每周二,否,,,,,,0.9,0.01,1%,0.03%,0.03%,20%,100亿元以上,P1033450
团队跟踪,恒基祥荣5号私募证券投资基金,SLU956,恒基祥荣5号私募证券投资基金,SLU956,上海恒基浦业资管,,2020-09-22,2020-09-22,华泰证券股份有限公司,,每个工作日,否,,,,,无封闭期,,0.002,0.2%,,,,50-100亿元,P1000545
团队跟踪,中兰金选1号,SLV150,中兰金选1号私募证券投资基金,SLV150,上海中兰,,2020-09-07,2020-09-10,招商证券股份有限公司,潘宇斌,,否,,,,,,,0,,,,,0-5亿元,P1007887
团队跟踪,第五公理权优1号私募证券投资基金,SLV174,第五公理权优1号私募证券投资基金,SLV174,江苏第五公理投资,,2020-09-15,2020-09-18,中信证券股份有限公司,,每自然月1日,否,1%,,持有期小于180天，赎回费率为0.5%；持有期大等于180天，免收取。,0.92,无,0.9,0.01,,0.035%,0.035%,当期间年化收益率大于 10%时，对所有收益按照 40%的比例收取业绩报酬，且计提后该笔投资的期间年化收益率不低于 10%,0-5亿元,P1070932
团队跟踪,瑞达期货-瑞智无忧共赢27号集合资产管理计划,SLV283,瑞达期货-瑞智无忧共赢27号集合资产管理计划,SLV283,瑞达期货,,2020-09-25,2020-09-25,国泰君安证券股份有限公司,,产品成立后开放日为每周周三,否,0,,0,0.84,份额锁定 12 个月（应该不是硬锁，可沟通）,0.8,0.01,,0.01%,0.015%,"产品收益在 30%以下管理人就该区间收益提取 20%作为业绩报酬；
产品收益 30%以上管理人就该区间收益提取 30%作为业绩报酬；",,GC0500030872
团队跟踪,水璞星河1号,SLV602,水璞星河1号私募证券投资基金,SLV602,上海水璞,,2020-09-14,2020-09-18,华泰证券股份有限公司,,,否,,,,,,,0,,,,,20-50亿元,P1067796
团队跟踪,蒙玺量化对冲增强3号私募证券投资基金,SLV760,蒙玺量化对冲增强3号私募证券投资基金,SLV760,上海蒙玺投资,,2020-12-30,2021-01-05,招商证券股份有限公司,,每个工作日,否,0%,,B类份额：持有期小于6个月，赎回费率1%；持有期大等于6个月，赎回费率0%。A类份额无赎回费,,,,0,仅对B类份额收取1.5%的管理费,0.03%,0.03%,A类份额不收取业绩报酬；B类基金份额或分红B类基金份额当期收益的20%作为业绩报酬,100亿元以上,P1063294
团队跟踪,同温层量化阿尔法3号证券投资私募基金,SLV839,同温层堡垒进取2号证券投资私募基金,SLV839,武汉同温层,,2020-09-22,2020-09-29,中信证券股份有限公司,叶仕帅、徐安、段海磊,每个自然周周五,否,,,,0.92,无封闭期,0.9,0.01,1%,,0.025%,18%,20-50亿元,P1070801
团队跟踪,湘楚恒宇一号私募证券投资基金,SLV892,湘楚恒宇一号私募证券投资基金,SLV892,湖南湘楚,,2020-09-09,2020-09-15,申万宏源证券有限公司,,,否,,,,,,,0,,,,,0-5亿元,P1069255
团队跟踪,恒德远征添利20号私募证券投资基金,SLW051,恒德远征添利20号私募证券投资基金,SLW051,北京恒德时代,,2021-03-16,2021-03-22,兴业银行股份有限公司,,,否,,,,,,,0,,,,,50-100亿元,P1005251
团队跟踪,呈瑞正乾二十六号私募证券投资基金,SLW443,呈瑞正乾二十六号私募证券投资基金,SLW443,上海呈瑞投资,,2020-09-09,2020-09-14,中信建投证券股份有限公司,陈欣添,每周周一、周三、周四,否,0%,不低于1万元,0%,0.97,无,0.95,0,A类份额：0.05%，B类份额：1%,0.025%,0.025%,A类份额:不收取业绩报酬。B类份额：持有人部分或全部赎回、基金分红、本基金终止时计提基金业绩报酬提取比例为50%。,50-100亿元,P1001067
团队跟踪,复和宏观量化私募证券投资基金,SLW571,复和宏观量化私募证券投资基金,SLW571,深圳复和资管,,2020-10-16,2020-10-28,广发证券股份有限公司,曾巍,,否,,,,,,,0,,,,,0-5亿元,P1025649
团队跟踪,汇融欣晗成长私募证券投资基金,SLW648,汇融欣晗成长私募证券投资基金,SLW648,湖南汇智融达,,2020-09-18,2020-09-24,兴业证券股份有限公司,刘智咏、龙世奇,,否,,,,,,,0,,,,,0-5亿元,P1023796
团队跟踪,金辇中国成长私募证券投资基金,SLW651,金辇中国成长私募证券投资基金,SLW651,上海彤泰,,2020-12-04,2020-12-14,中信证券股份有限公司,,,否,,,,,,,0,,,,,0-5亿元,P1018800
团队跟踪,善择价值精选三号私募证券投资基金,SLW765,善择价值精选三号私募证券投资基金,SLW765,深圳善择,,2020-12-18,2020-12-30,华泰证券股份有限公司,杨萍,,否,,,,,,,0,,,,,50-100亿元,P1073481
团队跟踪,衍复金选中证1000指数增强五号私募证券投资基金,SLW840,衍复金选中证1000指数增强五号私募证券投资基金,SLW840,上海衍复投资,,2020-10-28,2020-11-02,国泰君安证券股份有限公司,高亢,,否,,,,,,,0,,,,,100亿元以上,P1070325
团队跟踪,永泉奇点10号混合投资私募基金,SLW869,永泉奇点10号混合投资私募基金,SLW869,宁波永泉,,2020-09-18,2020-09-25,国信证券股份有限公司,,,否,,,,,,,0,,,,,0-5亿元,P1017919
团队跟踪,锋滔博孚利重剑CTA五号私募证券投资基金,SLW934,锋滔博孚利重剑CTA五号私募证券投资基金,SLW934,上海锋滔资管,,2020-09-18,2020-09-21,兴业证券股份有限公司,,每周二,否,,,,0.8,,0.75,0.015,1.5％,0.03％,0.06%,20％,0-5亿元,P1007210
团队跟踪,尊和尊益3号,SLW979,尊和尊益3号私募证券投资基金,SLW979,杭州尊和资管,,2020-09-30,2020-10-12,国泰君安证券股份有限公司,刘连池、付嘉,,否,,,,,,,0,,,,,10-20亿元,P1062555
团队跟踪,博孚利聚强9号FOF私募证券投资基金,SLX277,博孚利聚强9号FOF私募证券投资基金,SLX277,厦门博孚利资管,,2020-09-17,2020-09-22,中信证券股份有限公司,,每自然月第10个自然日为开放日。如该对应日为非工作日，则开放日为该日后的第一个工作日。,可临开申购,B类份额：0,每次追加申购的最低金额为10万元人民币。,0,0.8,成立后180天（已结束）。,0.75,0.005,B类份额：0.5%/年,0.025%/年,0.025%/年,"B类份额：单人单笔高水位法，针对收益0%以上的部分计提10%业绩报酬
本基金业绩报酬计提日为：封闭期过后，每年1月及7月的最后一个交易日，基金份额持有人实际赎回基金份额时（包含全部赎回，部分赎回）、基金终止日。",50-100亿元,P1023120
团队跟踪,汇富联合日盈5号私募证券投资基金,SLX710,汇富联合日盈5号私募证券投资基金,SLX710,深圳前海汇富联合,,2020-09-18,2020-09-22,华泰证券股份有限公司,,,否,,,,,,,0,,,,,20-50亿元,P1006506
团队跟踪,新湖期货博胜1号集合资产管理计划,SLX793,新湖期货博胜1号集合资产管理计划,SLX793,新湖期货,,2020-09-29,2020-09-29,国泰君安证券股份有限公司,,申购开放日为每周周五，赎回开放日为每月20号,否,1%,,0%,0.6,,0.5,0.015,,0.025%,0.025%,年化收益率大于0计提20%业绩报酬,,PT0500030378
团队跟踪,中安鼎盛套利多空1号,SLX873,中安鼎盛套利多空1号私募证券投资基金,SLX873,深圳中安鼎盛,,2020-09-23,2020-09-27,中信证券股份有限公司,,每自然月第10个自然日为开放日。如该对应日为非工作日，则开放日为该日后的第一个工作日。,可临开申购,B类份额：0,每次追加申购的最低金额为10万元人民币。,0,0.8,成立后180天（已结束）。,0.75,0,B类份额：0.5%/年,0.025%/年,0.025%/年,"B类份额：单人单笔高水位法，针对收益0%以上的部分计提10%业绩报酬
本基金业绩报酬计提日为：封闭期过后，每年1月及7月的最后一个交易日，基金份额持有人实际赎回基金份额时（包含全部赎回，部分赎回）、基金终止日。",0-5亿元,P1069330
团队跟踪,文谛量化多策略19号私募证券投资基金,SLX900,文谛量化多策略19号私募证券投资基金,SLX900,上海文谛资管,,2020-10-19,2020-10-22,国信证券股份有限公司,周时和,,否,,,,,,,0,,,,,10-20亿元,P1060697
团队跟踪,衍复恒星增强一号私募证券投资基金,SLY384,衍复恒星增强一号私募证券投资基金,SLY384,上海衍复投资,,2020-10-26,2020-10-28,国泰君安证券股份有限公司,高亢,每自然周周三,否,,,低于180天为1%,,无封闭期,,0.01,1%,0.025%,0.025%,,100亿元以上,P1070325
团队跟踪,鲁民投至诚融达多策略五号私募证券投资基金,SLY403,鲁民投至诚融达多策略五号私募证券投资基金,SLY403,鲁民投基金,,2020-10-19,2020-10-22,光大证券股份有限公司,,每周周二,可临开赎回,0%,,0%,0.95,,0.93,0.01,,0.025%,0.025%,20%,100亿元以上,P1069017
团队跟踪,镝力阿尔法喵1号私募证券投资基金,SLY541,镝力阿尔法喵1号私募证券投资基金,SLY541,上海砥立,,2020-09-25,2020-09-29,华泰证券股份有限公司,,,否,,,,,,,0,,,,,0-5亿元,P1070614
团队跟踪,衍盛铭量对冲1号私募证券投资基金,SLY643,衍盛铭量对冲1号私募证券投资基金,SLY643,深圳衍盛,,2020-09-24,2020-10-15,中信证券股份有限公司,魏霄,,否,,,,,,,0,,,,,50-100亿元,P1004055
团队跟踪,衍盛铭量中证500增强1号,SLY644,衍盛铭量中证500增强1号私募证券投资基金,SLY644,深圳衍盛,,2020-09-24,2020-10-15,中信证券股份有限公司,魏霄,,否,,,,,,,0,,,,,50-100亿元,P1004055
团队跟踪,沁源价值私募证券投资基金,SLY727,沁源价值私募证券投资基金,SLY727,浙江沁源,,2020-10-16,2020-10-21,招商证券股份有限公司,,每月15号、25号，遇非顺延,否,0%,,持有期小于3个月，赎回费率 1%；持有期大等于3个月，赎回费率0%,0.8,,0.75,0.01,,0.05%,0.05%,16%,50-100亿元,P1006908
团队跟踪,长量春雷3号CTA私募证券投资基金,SLY763,长量春雷3号CTA私募证券投资基金,SLY763,北京水木长量,,2020-09-23,2020-09-25,兴业证券股份有限公司,,,否,,,,,,,0,,,,,5-10亿元,P1018313
团队跟踪,山楂树五期私募证券投资基金,SLY951,山楂树五期私募证券投资基金,SLY951,上海山楂树,,2021-03-25,2021-03-26,国泰君安证券股份有限公司,,,否,,,,,,,0,,,,,10-20亿元,P1066454
团队跟踪,量道指数增强2号私募证券投资基金,SLZ187,量道指数增强2号私募证券投资基金,SLZ187,深圳量道投资,,2020-09-29,2020-09-29,华泰证券股份有限公司,,每个交易日,否,1%,1万元起,1%,,无,,0.01,,0.025%,"0.025%
","单个投资者单笔高水位净值法，计提20%。
计提基准日：赎回日、基金终止日、分红日、固定结算日（第三季度最后一个交易日）",100亿元以上,P1016658
团队跟踪,正仁万丰1号私募证券投资基金,SLZ215,正仁万丰1号私募证券投资基金,SLZ215,海南正仁,,2020-10-20,2020-10-22,华泰证券股份有限公司,,,否,,,,,,,0,,,,,50-100亿元,P1071301
团队跟踪,正仁天惠1号私募证券投资基金,SLZ217,正仁天惠1号私募证券投资基金,SLZ217,海南正仁,,2020-11-12,2020-11-18,申万宏源证券有限公司,,,否,,,,,,,0,,,,,50-100亿元,P1071301
团队跟踪,正仁股票择时二期私募证券投资基金,SLZ218,正仁股票择时二期私募证券投资基金,SLZ218,海南正仁,,2020-10-20,2020-10-22,申万宏源证券有限公司,,,可临开申购和可临开赎回,,,,,,,0,,,,,50-100亿元,P1071301
团队跟踪,杨湜多策略稳健1号私募证券投资基金,SLZ328,杨湜多策略稳健1号私募证券投资基金,SLZ328,上海杨湜投资,,2020-09-28,2020-09-30,中信证券股份有限公司,,每周周一、周二,否,0%,,持有小于3个，赎回费率为0.75%；持有期大等于3个月，赎回费率为0%,,无,,0.015,,0.03%,0.03%,20%,10-20亿元,P1032870
团队跟踪,量派对冲15号私募证券投资基金,SLZ473,量派对冲15号私募证券投资基金,SLZ473,上海量派投资,,2020-10-29,2020-11-04,国泰君安证券股份有限公司,,每自然月第10个自然日为开放日。如该对应日为非工作日，则开放日为该日后的第一个工作日。,可临开申购,B类份额：0,每次追加申购的最低金额为10万元人民币。,0,0.8,成立后180天（已结束）。,0.75,0,B类份额：0.5%/年,0.025%/年,0.025%/年,"B类份额：单人单笔高水位法，针对收益0%以上的部分计提10%业绩报酬
本基金业绩报酬计提日为：封闭期过后，每年1月及7月的最后一个交易日，基金份额持有人实际赎回基金份额时（包含全部赎回，部分赎回）、基金终止日。",100亿元以上,P1071253
团队跟踪,量派鑫兴16号私募证券投资基金,SLZ579,量派鑫兴16号私募证券投资基金,SLZ579,上海量派投资,,2020-10-29,2020-11-04,国泰君安证券股份有限公司,,,否,,,,,,,0,,,,,100亿元以上,P1071253
团队跟踪,锐天中睿九十八号私募证券投资基金,SLZ715,锐天中睿九十八号私募证券投资基金,SLZ715,上海锐天投资,,2020-09-30,2020-10-14,中国银行股份有限公司,,每周周五,否,0%,,0%,0.85,,0.8,0.005,,0.05%,0.05%,"高水位绝对收益5%以上提取15%
",100亿元以上,P1024169
团队跟踪,垒盈量化六号私募证券投资基金,SLZ742,垒盈量化六号私募证券投资基金,SLZ742,上海垒盈,,2020-11-04,2020-11-10,兴业证券股份有限公司,,每周第三个交易日,否,1%,,0%,0.93,,0.9,0.01,,0.03%,0.03%,"若基金单位份额年化收益率R小于或等于0%时，管理人不提取业绩报酬；若
基金单位份额年化收益率R 大于0%，管理人对大于0%的部分提取20%作为业绩报酬",5-10亿元,P1034005
团队跟踪,前海久盈数历一号私募证券投资基金,SLZ885,前海久盈数历一号私募证券投资基金,SLZ885,深圳前海久盈投资,,2021-02-08,2021-02-19,中信证券股份有限公司,,每周周三,否,1%,,持有期小于180天，赎回费率为1%；持有期大等于180天，赎回费率为0%,0.9,,0.85,0.01,,0.015%,0.015%,30%,20-50亿元,P1065235
团队跟踪,添禄投资北证选股一号私募证券投资基金,SLZ947,添禄投资北证选股一号私募证券投资基金,SLZ947,上海添禄投资,,2020-09-30,2020-10-10,海通证券股份有限公司,,每周第3个交易日,可临开赎回,A类份额、B类份额：0%，C类份额：1%,,持有期小于12个月，赎回费率为1%；持有期大等于12个月，赎回费率为0%,,无,,0.01,A类份额：0%，B类份额：0.6%，C类份额：1%,0.02%,0.02%,"A类份额：0%。
B类份额：计提基准（B）：期间北证50指数年化收益率；
R：持有期年化收益率；
0%＜R-B≤25%，业绩报酬计提比例为13%；
25%＜R-B≤50%，业绩报酬计提比例按超额25%以下部分计提比例为13%；超额25%以上部分计提比例为26%；
R-B＞50%，业绩报酬计提比例按超额25%以下部分计提比例为13%；超额25%以上50%以下部分计提比例为26%；超额50%以上部分计提比例为40%。
C类份额：计提基准（B）：期间北证50指数年化收益率；
R：持有期年化收益率；
0%＜R-B≤25%，业绩报酬计提比例为20%；
25%＜R-B≤50%，业绩报酬计提比例按超额25%以下部分计提比例为20%；超额25%以上部分计提比例为40%；
R-B＞50%，业绩报酬计提比例按超额25%以下部分计提比例为20%；超额25%以上50%以下部分计提比例为40%；超额50%以上部分计提比例为60%",20-50亿元,P1064139
团队跟踪,量道兵法2号,SM0253,量道兵法2号私募证券投资基金,SM0253,深圳量道投资,,2016-09-06,2016-09-12,国信证券股份有限公司,,每个交易日,否,1%,1 万元的整数倍,持有期小于365天，赎回费率为1%；持有期大等于365天，赎回费率为0%,,无,,0.015,,0.1%/年,0.05%/年,"1）业绩报酬提取时点分为固定计提日（每年的最后一个工作日）、份额赎回日和基金终止日提取。
2）本基金采用单人单笔高水位计提方式，计提比例20%",100亿元以上,P1016658
团队跟踪,海微量化1号私募证券投资基金,SM0495,海微量化1号私募证券投资基金,SM0495,重庆道微投资,,2016-12-30,2017-01-05,招商证券股份有限公司,,,否,,,,,,,0,,,,,0-5亿元,P1005650
团队跟踪,远澜红枫2号私募证券投资基金,SM1265,远澜红枫2号私募证券投资基金,SM1265,上海远澜,,2016-08-18,2016-09-06,国信证券股份有限公司,王凯,,否,,,,,,,0,,,,,100亿元以上,P1018484
团队跟踪,博孚利CTA-FOF1号,SM1593,博孚利CTA-FOF1号私募证券投资基金,SM1593,厦门博孚利资管,,2016-08-31,2016-09-02,兴业证券股份有限公司,何阳阳,每周最后一个交易日、每个自然月的最后一个交易日,可临开赎回,0%,不少于1万元,0%,0.8,无,0.75,0.01,A类份额：1%，B类份额：0%,0.01%,0.01%,B类份额：不收取业绩报酬；A类：门槛收益率法，年化大于7%部分计提10%,50-100亿元,P1023120
团队跟踪,大道麟趾,SM2260,大道麟趾私募投资基金,SM2260,深圳大道投资,,2016-09-06,2016-09-09,国信证券股份有限公司,,每周周五；每月第一个固定开放日可参与申购和赎回；其余固定开放日投资者仅可以参与申购本基金。,可临开赎回,0,,0,0.92,除开放日外的期间,0.9,0.01,,0.075%,0.075%,20%,100亿元以上,P1032257
团队跟踪,惟盈CTA成长2号私募证券投资基金,SM3387,惟盈CTA成长2号私募证券投资基金,SM3387,惟盈投资,,2016-11-15,2016-11-21,招商证券股份有限公司,,,否,,,,,,,0,,,,,0-5亿元,P1031414
团队跟踪,博孚利国强6号私募证券投资基金A类,SM420A,博孚利国强6号私募证券投资基金A类,SM420A,厦门博孚利资管,,2021-08-23,0000-00-00,兴业证券股份有限公司,,每个交易日,否,1%,1 万元的整数倍,持有期小于180个自然日，赎回费率为1%；持有期大等于180个自然日，免收取,0.7,无,0.5,0.01,,0.025%,0.025%,份额高水位法，计提绝对收益的10%,50-100亿元,P1023120
团队跟踪,博孚利国强6号私募证券投资基金B类,SM420B,博孚利国强6号私募证券投资基金B类,SM420B,厦门博孚利资管,,2021-08-23,0000-00-00,兴业证券股份有限公司,,每个交易日,否,0%,1 万元的整数倍,0%,0.7,无,0.5,0,,0.025%,0.025%,不收取业绩报酬,50-100亿元,P1023120
团队跟踪,辉毅5号,SM4453,辉毅5号,SM4453,上海申毅投资,,2016-09-14,2016-09-22,国泰君安证券股份有限公司,申毅,,否,,,,,,,0,,,,0.000000,100亿元以上,P1000404
团队跟踪,龙旗红旭,SM4569,龙旗红旭私募投资基金,SM4569,杭州龙旗科技,,2016-10-11,2016-10-14,国泰君安证券股份有限公司,朱晓康,,否,,,,,,,0,,,,,100亿元以上,P1000676
团队跟踪,濡圣投资-领航1号私募基金,SM5732,濡圣投资-领航1号私募基金,SM5732,上海濡圣,,2016-10-18,2016-10-20,招商证券股份有限公司,,,否,,,,,,,0,,,,,0-5亿元,P1031748
团队跟踪,岁寒知松柏1号,SM6004,岁寒知松柏1号私募投资基金,SM6004,南京璟恒投资,,2016-09-21,2016-09-23,广发证券股份有限公司,,,否,,,,,,,0,,,,,10-20亿元,P1001755
团队跟踪,汇升共盈尊享私募投资基金,SM7039,汇升共盈尊享私募投资基金,SM7039,江苏苏豪汇升,,2016-12-30,2017-01-13,华泰证券股份有限公司,王胜华,,否,,,,,,,0,,,,,20-50亿元,P1005918
团队跟踪,明汯宏观1号私募证券投资基金,SM8148,明汯宏观1号私募证券投资基金,SM8148,上海明汯投资,,2016-10-20,2016-10-25,招商证券股份有限公司,,,否,,,,,,,0,,,,,100亿元以上,P1004150
团队跟踪,均直商坤私募证券投资基金,SM8237,均直商坤私募证券投资基金,SM8237,上海均直资管,,2016-10-14,2016-10-20,招商证券股份有限公司,,,否,,,,,,,0,,,,,20-50亿元,P1012654
团队跟踪,富善投资星牛3号私募证券投资基金,SM8325,富善投资星牛3号私募证券投资基金,SM8325,上海富善投资,,2016-10-27,2016-11-02,招商证券股份有限公司,,每周周二、周三,否,0%,1万元起,持有期小于3个月，赎回费率为0.5%；持有期大等于3个月，赎回费率为0%,,,,0.015,A类份额：1%，B类份额：1.5%,0.05%,0.05%,A类份额：18%，B类份额：20%,5-10亿元,P1000712
团队跟踪,锦成盛债券优化1号基金,SM8575,锦成盛债券优化1号基金,SM8575,杭州锦成盛资管,,2016-10-27,2016-11-01,中信证券股份有限公司,,,否,,,,,,,0,,,,,10-20亿元,P1030526
团队跟踪,惟盈CTA进取1号私募投资基金,SN0007,惟盈CTA进取1号私募投资基金,SN0007,惟盈投资,,2016-11-23,2016-11-25,招商证券股份有限公司,,,否,,,,,,,0,,,,,0-5亿元,P1031414
团队跟踪,安越增益二号私募证券投资基金,SN0270,安越增益二号私募证券投资基金,SN0270,浙江安诚数盈投资,,2017-08-01,2017-08-17,财通证券股份有限公司,,,否,,,,,,,0,,,,,10-20亿元,P1018488
团队跟踪,垒盈一号私募投资基金,SN0764,垒盈一号私募投资基金,SN0764,上海垒盈,,2016-12-30,2017-01-11,海通证券股份有限公司,,申购开放日为每个工作日，赎回开放日为每周一、周三及周五,否,0%,10万元起,0%,,,,0.01,,0.015%,0.015%,单客户高水位，提成比例为 30%，提取时点为分红、赎回和合同终止时提取。,5-10亿元,P1034005
团队跟踪,新纪元-向日葵多策略1期1号私募基金,SN0937,新纪元-向日葵多策略1期1号私募基金,SN0937,上海向日葵投资,,2016-11-07,2016-11-15,招商证券股份有限公司,,,否,,,0.000000,,,,0,0.010000,,,0.100000,20-50亿元,P1005620
团队跟踪,天演6号,SN1819,天演6号私募证券投资基金,SN1819,上海天演,,2016-12-26,2016-12-30,广发证券股份有限公司,谢晓阳,,否,,,,,,,0,,,,,100亿元以上,P1004907
团队跟踪,鸣熙致远一号私募基金,SN2283,鸣熙致远一号私募基金,SN2283,鸣熙资本,,2016-11-24,2016-11-29,招商证券股份有限公司,,,否,,,0.005000,,,,0,,,,,100亿元以上,P1033450
团队跟踪,宏锡量化CTA7号,SN3221,宏锡量化CTA7号私募证券投资基金,SN3221,广东宏锡基金,,2017-02-17,2017-02-23,华泰证券股份有限公司,刘锡斌,每季度末倒数第1 个工作日，可以临开申购、赎回,可临开申购和可临开赎回,0,,（可减免）持有份额不足360 天，赎回费为2.0%；持有份额超过360 天，免 收赎回费。,0.83,无,0.8,0.01,,0.1%/年,0.1%/年,"采取单客户单笔高水位法，计提比例为20%；
每年12 月份最后一个交易日，通过扣减份额方式提取业绩报酬。",100亿元以上,P1008245
团队跟踪,富善投资-致远金选5号私募基金,SN4315,富善投资-致远金选5号私募基金,SN4315,上海富善投资,,2017-01-17,2017-01-20,招商证券股份有限公司,林成栋,,否,,,,,,,0,,,,,5-10亿元,P1000712
团队跟踪,博普跨市场1号私募基金,SN5169,博普跨市场1号私募基金,SN5169,深圳博普科技,,2016-11-21,2016-12-21,中信证券股份有限公司,袁豪,,否,,,,,,,0,,,,,50-100亿元,P1001724
团队跟踪,信朴8号,SN5489,信朴8号私募基金,SN5489,北京信朴量思投资,,2016-12-23,2016-12-28,招商证券股份有限公司,单健,周一,否,,,,0.32,,,0,,,,,0-5亿元,P1032649
团队跟踪,外贸信托·同犇1期证券投资集合资金信托计划,SN6652,外贸信托·同犇1期证券投资集合资金信托计划,SN6652,,上海同犇投资,2014-03-24,2014-05-04,,童驯,,否,,,,,,,0,,,,,,
团队跟踪,沣盈金砖三期,SN8515,沣盈金砖三期私募投资基金,SN8515,深圳沣盈资管,,2016-12-13,2016-12-16,华泰证券股份有限公司,欧灿峰,,否,,,,,,,0,,,,,0-5亿元,P1028516
团队跟踪,微观博易-水平私募证券投资基金,SNA064,微观博易-水平私募证券投资基金,SNA064,北京微观博易,,2020-12-31,2021-01-14,中泰证券股份有限公司,吴晓青,,否,,,,,,,0,,,,,100亿元以上,P1031932
团队跟踪,文谛光渝量化多策略1号私募证券投资基金,SNA190,文谛光渝量化多策略1号私募证券投资基金,SNA190,上海文谛资管,,2020-12-18,2020-12-29,光大证券股份有限公司,周时和,,否,,,,,,,0,,,,,10-20亿元,P1060697
团队跟踪,璞远日积月盈尊享1号私募证券投资基金,SNA376,璞远日积月盈尊享1号私募证券投资基金,SNA376,上海璞远资管,,2020-10-29,2020-11-03,兴业证券股份有限公司,,每个交易日,否,1%,,持有期小于365个自然日，赎回费率为1%；持有期大等于365个自然日，赎回费率为0%,0.93,,0.9,0.02,,0.025％,0.025％,对单笔投资超过上次计提日最高基金份额累计净值部分按如下的比例30%进行计提,5-10亿元,P1002935
团队跟踪,微观博易-黎夏二十五号私募证券投资基金,SNA562,微观博易-黎夏二十五号私募证券投资基金,SNA562,北京微观博易,,2021-02-03,2021-02-19,招商证券股份有限公司,,每个自然周最后一个工作日,否,,,,,无,,0.005,"
",,,"50%
",100亿元以上,P1031932
团队跟踪,微观博易-春枫私募证券投资基金,SNA563,微观博易-春枫私募证券投资基金,SNA563,北京微观博易,,2020-11-11,2020-11-18,招商证券股份有限公司,吴晓青,每个工作日,可临开赎回,0,追加份额不低于 1 万元人民币,0,0.92,-,0.9,0.01,1%,0.01%,0.01%,0.2,100亿元以上,P1031932
团队跟踪,博孚利国强3号FOF私募证券投资基金,SNA681,博孚利国强3号FOF私募证券投资基金,SNA681,厦门博孚利资管,,2020-10-13,2020-10-19,招商证券股份有限公司,,本基金开放日为每周二（遇节假日顺延至下一工作日）。,可临开申购,1%,1万元以上,若基金份额持有时间少于3个月，赎回费率为 0.50%；若基金份额持有时间大于等于3个月，赎回费率为 0。,,无,,0.01,,0.025%/年,0.025%/年,,50-100亿元,P1023120
团队跟踪,新纪元向日葵多策略FOF1号私募证券投资基金,SNA761,新纪元向日葵多策略FOF1号私募证券投资基金,SNA761,上海向日葵投资,,2021-02-04,2021-02-18,招商证券股份有限公司,,,否,,,,,,,0,,,,,20-50亿元,P1005620
团队跟踪,数为道策套利一号私募证券投资基金,SNA956,数为道策套利一号私募证券投资基金,SNA956,福州数为,,2020-10-19,2020-10-27,中信建投证券股份有限公司,,每月20日,否,0%,,0%,0.98,无,0.96,0.01,,0.025%,0.025%,20%,0-5亿元,P1064166
团队跟踪,致远中证500指数增强运作1号私募证券投资基金,SNB095,致远中证500指数增强运作1号私募证券投资基金,SNB095,珠海致诚卓远投资,,2020-11-05,2020-11-05,华泰证券股份有限公司,,,否,,,,,,,0,,,,,100亿元以上,P1065479
团队跟踪,不二铭跃一号,SNB102,不二铭跃一号私募证券投资基金,SNB102,上海铭跃,,2020-10-23,2020-10-27,中信证券股份有限公司,,每周周三,否,0%,,持有期小于180天，赎回费率为1%；持有期大等于180天，赎回费率为0%,0.85,无,0.8,0.01,,0.025%,0.025%,50%,50-100亿元,P1073580
团队跟踪,永利5号,SNB284,永利5号私募证券投资基金,SNB284,浙江钱唐永利资管,,2020-12-07,2020-12-14,招商证券股份有限公司,李金禄,,否,,,,,,,0,,,,,50-100亿元,P1071364
团队跟踪,量游进取阿尔法3号,SNB320,量游进取阿尔法3号私募证券投资基金,SNB320,上海量游资管,,2020-10-30,2020-11-10,中信证券股份有限公司,罗忠雁,,否,,,,,,,0,,,,,5-10亿元,P1005511
团队跟踪,善流中证500指数增强一号私募证券投资基金,SNB691,善流中证500指数增强一号私募证券投资基金,SNB691,上海善流投资,,2020-11-13,2020-11-18,中国国际金融股份有限公司,,,否,,,,,,,0,,,,,0-5亿元,P1066120
团队跟踪,友莹格涌富七号证券投资私募基金,SNC097,友莹格涌富七号证券投资私募基金,SNC097,上海友莹格资管,,2020-11-03,2020-11-05,招商证券股份有限公司,,,否,,,,,,,0,,,,,0-5亿元,P1060304
团队跟踪,垒盈量化七号私募证券投资基金,SNC205,垒盈量化七号私募证券投资基金,SNC205,上海垒盈,,2020-12-09,2020-12-16,中泰证券股份有限公司,,"每周三
",否,,,,0.93,无,0.9,0.01,"
","
","0.06%
","20%
",5-10亿元,P1034005
团队跟踪,永利6号,SNC208,永利6号私募证券投资基金,SNC208,浙江钱唐永利资管,,2020-12-07,2020-12-14,招商证券股份有限公司,李金禄,本基金开放日为每月22日（遇法定节假日则顺延至下一工作日）。,否,无,追加金额应不低于10万元人民币,"本基金仅针对A类份额收取赎回费：若A类基金份额持有时间少于3个月，赎回费率2%；若A类基金份额持有时间大于等于3个月少于6个月，赎回费率1%；若A类基金份额持有时间大于等于6个月，赎回费率0。对于红利再投份额不收取赎回费。
管理人可在运作期下调赎回费率（但不得针对特定部分投资人进行减免），具体以基金管理人通知为准。基金份额持有人赎回费归基金资产所有",0.85,无,0.8,0,"基金份额类别	管理费率S%
A类份额	1.7%
B类份额	0",0.02%,0.02%,"本基金只对A类份额计提业绩报酬，对B类份额不计提业绩报酬。
A类:单客户单笔份额高水位法,在两类情况下管理人将根据基金份额持有人的收益情况对本基金提取业绩报酬，一类是基金份额持有人申请赎回或本基金终止时提取业绩报酬；另一类是分红时提取业绩报酬。当基金份额赎回、基金终止或分红时，管理人将提取赎回份额或分红份额当期超过年化收益2%盈利部分的U%作为业绩报酬。如本次基金分红时间距上次分红时间（如有）不足6个月（每月按30个自然日计算），则本次基金分红不对基金份额计提业绩报酬。
对超过2%的收益部分提取20%的业绩报酬
",50-100亿元,P1071364
团队跟踪,千朔春晓一期私募证券投资基金,SNC215,千朔春晓一期私募证券投资基金,SNC215,上海千朔投资,,2020-12-08,2020-12-11,国泰君安证券股份有限公司,,每周二（可顺延）,可临开赎回,无,,无,0.95,无,0.92,0.008,,0.075%,0.075%,,100亿元以上,P1069502
团队跟踪,文谛量化多策略30号私募证券投资基金,SNC379,文谛量化多策略30号私募证券投资基金,SNC379,上海文谛资管,,2021-01-20,2021-01-27,兴业证券股份有限公司,,本基金自成立之日起每满3个月的末月最后一个交易日开放申购、赎回（例如本基金于11月15日成立，则次年起每年2月、5月、8月、11月的最后一个交易日开放申购、赎回）,否,,,,0.83,,0.8,0,每日计提=前一日基金资产净值*1.5%/当年天数	,每日计提=前一日基金资产净值*0.03%/当年天数,每日计提=前一日基金资产净值*0.03%/当年天数,在本基金业绩报酬基准日（基金份额持有人赎回申请日、本基金清算日、财产分配权益登记日）采用“年化收益率”法计提业绩报酬。实际发生业绩报酬计提的基准日为业绩报酬计提日。业绩报酬的计算和复核工作由管理人完成。,10-20亿元,P1060697
团队跟踪,泽源臻享一号证券私募投资基金,SNC387,泽源臻享一号证券私募投资基金,SNC387,上海泽源投资,,2020-11-05,2020-11-12,招商证券股份有限公司,,每自然周周二,否,,,,,,,0,1%,0.025%,0.025%,20%,0-5亿元,P1071312
团队跟踪,均成宏观对冲1号,SNC604,均成宏观对冲1号私募证券投资基金,SNC604,广东横琴均成,,2020-11-10,2020-11-16,国泰君安证券股份有限公司,司维,申购：每周三 赎回：每周三,否,0%,不低于1万元。,0%,0.75,无,0.7,0.01,,0.03%,0.03%,"整体收益收取：
业绩报酬的计算采用单个投资者单笔高水位净值法，，对超过上次成功计提基准日基金份额累计净值部分按 20%
比例进行计提",50-100亿元,P1061222
团队跟踪,明睿聚宝盆策略私募证券投资基金,SNC676,明睿聚宝盆策略私募证券投资基金,SNC676,北京明睿,,2020-11-03,2020-11-06,国信证券股份有限公司,,,否,,,,,,,0,,,,,10-20亿元,P1026157
团队跟踪,厚德智能交叉混合1号私募证券投资基金,SNC685,厚德智能交叉混合1号私募证券投资基金,SNC685,北京厚德智能投资,,2020-10-26,2020-10-29,招商证券股份有限公司,钟毅,,否,,,,,,,0,,,,,0-5亿元,P1062852
团队跟踪,会世元驰1号,SNC791,会世元驰1号私募证券投资基金,SNC791,上海会世,,2021-03-31,2021-04-07,招商证券股份有限公司,,每个自然月 1 号和 15 号,否,0%,,持有期小于 3 个月，赎回费率 1%,0.9,,0.85,0.01,A类份额：0%，B类份额、C类份额：1%,0.025%（销售服务费：A类份额：0%，B类份额：1%，C类份额：0.5%）,0.025%,"A类份额：0%
B类份额、C类份额：20%（单客户单笔份额高水位法，固定时点：每自然年 2、8 月的 15 号（遇节假日则顺延至下一个工作日）提取、赎回时提取和合同终止时提取）。",50-100亿元,P1068444
团队跟踪,广金美好阿贝尔九号,SNC921,广金美好阿贝尔九号私募证券投资基金,SNC921,横琴广金美好,,2020-12-01,2020-12-04,中泰证券股份有限公司,,每个交易日,否,0%,1万的整数倍,0%,0.9,无,0.85,0.003,,0.02%,0.02%,不提取业绩报酬,50-100亿元,P1033731
团队跟踪,智领龙珠聚配1号,SND003,智领龙珠聚配1号私募证券投资基金,SND003,福州智领三联,,2020-11-12,2020-11-16,国泰君安证券股份有限公司,,申购开放日：每周周二、周五；赎回开放日：每月第三个周五,否,0%,1万元起,持有期小于90天，赎回费率为2%；持有期大等于90天，赎回费率为0%，赎回费归本基金所有,0.8,无,0.75,0.01,,0.05%（投资顾问费：0.2%）,0.05%,"计提基准日：投资者赎回日、每年3月、9月的最后一个交易日（固定日，但封闭期及/或有锁定期（如有）除外）、分红权益登记日和基金清算日。
采用单个投资者单笔高水位净值法，计提16%。",20-50亿元,P1033867
团队跟踪,沪通东木量化私募证券投资基金,SND049,沪通东木量化私募证券投资基金,SND049,宁波沪通,,2020-12-10,2020-12-14,光大证券股份有限公司,,,否,,,,,,,0,,,,,5-10亿元,P1069262
团队跟踪,科瑞菲亚芒种私募证券投资基金,SND116,科瑞菲亚芒种私募证券投资基金,SND116,北京科瑞菲亚资管,,2020-11-12,2020-11-16,国泰君安证券股份有限公司,张昊一,,否,,,,,,,0,,,,,0-5亿元,P1020886
团队跟踪,量派对冲5号私募证券投资基金,SND168,量派对冲5号私募证券投资基金,SND168,上海量派投资,,2020-11-04,2020-11-11,招商证券股份有限公司,,每个交易日,否,,,无锁定期，无赎回费,,,,0.01,"管理费1%/年
托管、运营服务费分别0.01%/年",每年0.01%,每年0.01%,客户单笔份额高水位法计提20%,100亿元以上,P1071253
团队跟踪,量派对冲9号私募证券投资基金,SND170,量派对冲9号私募证券投资基金,SND170,上海量派投资,,2020-11-04,2020-11-12,招商证券股份有限公司,,,否,,,,,,,0,,,,,100亿元以上,P1071253
团队跟踪,量派300增强2号私募证券投资基金,SND172,量派300增强2号私募证券投资基金,SND172,上海量派投资,,2020-11-17,2020-11-24,招商证券股份有限公司,孙林,每个交易日,否,A类、C类份额：1%，B 类份额：0%,1万元起,A类、C类份额：持有期小于6个月，赎回费率为1%；持有期大等于6个月，赎回费率为0%,,,,0.02,A类份额：1%，C类份额：2%，B 类份额：0%,0.025%,0.025%,当份额赎回、基金终止或分红时，若赎回 A 类份额或 C 类份额或参与分红 A 类份额或 C类份额收益当期收益超过沪深 300 指数（000300）同期收益，则管理人将提取赎回份额或参与分红份额当期超过沪深 300 指数（000300）同期收益部分的 20%作为业绩报酬。,100亿元以上,P1071253
团队跟踪,量派优孚专享四十七号私募证券投资基金,SND173,量派优孚专享四十七号私募证券投资基金,SND173,上海量派投资,,2022-11-18,2022-11-23,招商证券股份有限公司,,每个交易日,可临开申购,A类份额：1%；B 类份额：0%,1万元起,A类份额：持有起小于 6个月，赎回费率为1%；持有期大等于6个月，赎回费率为 0%。B 类份额：0%,,,,0.01,A类份额：1%；B 类份额：0%,0.025%,0.025%,"采取单客户单笔份额高水位法，A 类提取 20%。
计提基准日：固定时点提取、分红时提取、赎回时提取和合同终止时提取。固定时点提取是在每自然年度的 12 月 30日（遇法定节假日则顺延至下一个工作日）。",100亿元以上,P1071253
团队跟踪,量派内核1号私募证券投资基金,SND175,量派内核1号私募证券投资基金,SND175,上海量派投资,,2020-11-04,2020-11-12,招商证券股份有限公司,,每自然月第10个自然日为开放日。如该对应日为非工作日，则开放日为该日后的第一个工作日。,可临开申购,B类份额：0,每次追加申购的最低金额为10万元人民币。,0,0.8,成立后180天（已结束）。,0.75,0.01,,0.025%/年,0.025%/年,,100亿元以上,P1071253
团队跟踪,悦海盈和2号私募证券投资基金,SND261,悦海盈和2号私募证券投资基金,SND261,青岛悦海盈和,,2020-11-09,2020-11-18,国泰君安证券股份有限公司,王江宁,每周周五,否,1%,,持有期＜180天，1%； 持有期≥92天，0%,0.8,,,0,2%,0.025%,0.025%,业绩报酬提取比例为20%,100亿元以上,P1070936
团队跟踪,极量太极1号,SND542,极量太极1号私募证券投资基金,SND542,共青城极量投资,,2020-11-10,2020-11-13,招商证券股份有限公司,,每个工作日,否,1%,,持有期小于12个月，赎回费率为1%；持有期大等于12 个月，赎回费率为0%,0.85,,0.8,0,0%,0.02%,0.02%,当基金份额赎回、基金终止或分红时，且该赎回份额或分红份额当期收益大于年化 6%，管理人提取该份额整体盈利部分的 50%作为业绩报酬，但计提后该笔份额的当期年化收益不低于 6%。,10-20亿元,P1071373
团队跟踪,众壹资产伊雷远山五号,SND544,众壹资产伊雷远山五号私募证券投资基金,SND544,上海众壹资管,,2020-12-09,2020-12-21,招商证券股份有限公司,,申购开放日为每周最后一个工作日；赎回开放日为每年2月、5月、8月、11月的9号,否,0.5%,,0%,0.85,,0.8,0.015,,0.05%,0.05%,20%,20-50亿元,P1004806
团队跟踪,千朔指数增强五号私募证券投资基金,SND581,千朔指数增强五号私募证券投资基金,SND581,上海千朔投资,,2020-10-30,2020-11-03,中信证券股份有限公司,黄辉,,否,,,,,,,0,,,,,100亿元以上,P1069502
团队跟踪,博孚利瓴宇朴华私募证券投资基金,SND656,博孚利瓴宇朴华私募证券投资基金,SND656,厦门博孚利资管,,2020-12-02,2020-12-08,招商证券股份有限公司,,每月的10号、25号,否,300万以下，费率为1%；300万元-1000万元，费率0.5%；1000万元以上，费率0%。,1万元的整数倍,0%,0.92,12个月,0.9,0.01,,0.025%,0.025%,"年化收益小于等于8%时，管理人不计提业绩报酬；
年化收益大于8%时，管理人提取当期全部盈利部分的10%作为业绩报酬，但计提后该笔份额的当期年化收益不低于8%。对于锁定期的份额不计提。",50-100亿元,P1023120
团队跟踪,国恩CTA量化多策略1号私募证券投资基金,SND977,国恩CTA量化多策略1号私募证券投资基金,SND977,深圳国恩资本,,2021-01-18,2021-01-21,中信建投证券股份有限公司,,每周周一,否,,,,,无,,0.015,,,,20%,20-50亿元,P1065467
团队跟踪,量道CTA精选8A号私募证券投资基金,SNE004,量道CTA精选8A号私募证券投资基金,SNE004,深圳量道投资,,2020-11-02,2020-11-03,兴业证券股份有限公司,,每周三；可视需求增设临时开放日,可临开赎回,1%,1 万元的整数倍,不足6个月（180个自然日）赎回费率为1%，6个月以上（含）赎回费率为0。（可金额赎回）,0.75,无,0.7,0.015,,0.025%/年,0.025%/年,"1）业绩报酬基准日为投资者赎回日、基金终止日、分红日、固定结算日（每年 6 月最后一个开放日）。
2）业绩报酬的计算采用单个投资者单笔高水位净值法。
3）计提比例25%。",100亿元以上,P1016658
团队跟踪,博孚利CTA-FOF8号私募证券投资基金,SNE027,博孚利CTA-FOF8号私募证券投资基金,SNE027,厦门博孚利资管,,2020-11-23,2020-11-26,招商证券股份有限公司,,每月的5、20日，遇非顺延,可临开赎回,1%,1 万元的整数倍,持有期小于6个月，赎回费率1%；持有期大等于6个月，免收。,0.8,无,0.75,0.01,,0.025%,0.025%,门槛收益率法，年化大于8%小于等于20%部分计提15%，年化超过20%部分计提25%,50-100亿元,P1023120
团队跟踪,鲸睿新艺2号私募证券投资基金,SNE134,鲸睿新艺2号私募证券投资基金,SNE134,上海鲸睿资管,,2020-11-24,2020-12-02,国泰君安证券股份有限公司,赵彧涛,,否,,,,,,,0,,,,,0-5亿元,P1032279
团队跟踪,探索者量化期权5号私募证券投资基金,SNE366,探索者量化期权5号私募证券投资基金,SNE366,大连探索者基金,,2020-11-19,2020-11-26,招商证券股份有限公司,王承,,否,,,,,,,0,,,,,0-5亿元,P1070464
团队跟踪,紫阁同爽1号私募证券投资基金,SNE564,紫阁同爽1号私募证券投资基金,SNE564,上海紫阁投资,,2020-11-23,2020-11-30,国泰君安证券股份有限公司,徐爽,,否,,,,,,,0,,,,,20-50亿元,P1071468
团队跟踪,友莹格涌富九号私募证券投资基金,SNE919,友莹格涌富九号私募证券投资基金,SNE919,上海友莹格资管,,2020-11-23,2020-11-27,国信证券股份有限公司,,每周三,否,0%,,0%,,无,,0.005,,,,20%,0-5亿元,P1060304
团队跟踪,添禄投资私募量化10号证券投资基金,SNE961,添禄投资私募量化10号证券投资基金,SNE961,上海添禄投资,,2020-11-09,2020-11-13,海通证券股份有限公司,,"每周第一个工作日
",否,1%,,赎回费率为1%，份额持有满12个月免收赎回费,,无,,0.01,,,,"60%
",20-50亿元,P1064139
团队跟踪,鲁民投CTA六号私募证券投资基金,SNF021,鲁民投CTA六号私募证券投资基金,SNF021,鲁民投基金,,2020-11-16,2020-11-18,光大证券股份有限公司,,,否,,,,,,,0,,,,,100亿元以上,P1069017
团队跟踪,源晖量化中性2号私募证券投资基金,SNF064,源晖量化中性2号私募证券投资基金,SNF064,北京源晖投资,,2020-12-29,2020-12-31,中信证券股份有限公司,,,否,,,,,,,0,,,,,5-10亿元,P1067910
团队跟踪,广金美好费米三号私募证券投资基金,SNF132,广金美好费米三号私募证券投资基金,SNF132,广东横琴广鑫美好,,2020-12-10,2020-12-15,招商证券股份有限公司,,,否,,,,,,,0,,,,,50-100亿元,P1033731
团队跟踪,鸣石超越量化指数增强1A号,SNF136,鸣石超越量化指数增强1A号私募证券投资基金,SNF136,上海鸣石,,2020-12-07,2020-12-07,光大证券股份有限公司,,,否,,,,,,,0,,,,,100亿元以上,P1005659
团队跟踪,久熙CTA锐进1期,SNF511,久熙CTA锐进1期私募证券投资基金,SNF511,北京久熙资管,,2020-12-25,2020-12-30,华泰证券股份有限公司,王栋,,否,,,,,,,0,,,,,0-5亿元,P1071230
团队跟踪,量道精选专享2号私募证券投资基金,SNF556,量道精选专享2号私募证券投资基金,SNF556,深圳量道投资,,2020-11-11,2020-11-11,招商证券股份有限公司,,,否,,,（可金额赎回）,,,,0,,,,,100亿元以上,P1016658
团队跟踪,量锐指数增强1000一号,SNF635,量锐指数增强1000一号私募证券投资基金,SNF635,宁波金戈量锐资管,,2020-11-17,2020-11-17,招商证券股份有限公司,金戈,,否,,,,,,,0,,,,,100亿元以上,P1008220
团队跟踪,思勰投资量化精选9期私募证券投资基金,SNF703,思勰投资量化精选9期私募证券投资基金,SNF703,上海思勰投资,,2020-11-12,2020-11-16,招商证券股份有限公司,,,否,,,,,,,0,,,,,100亿元以上,P1032873
团队跟踪,泽善价值成长1号私募证券投资基金,SNF757,泽善价值成长1号私募证券投资基金,SNF757,广东泽善投资,,2020-11-16,2020-11-18,兴业证券股份有限公司,,每周二,否,,,,0.8,无,0.75,0.01,,,0.04%,30%,10-20亿元,P1070852
团队跟踪,长石智赢2号私募证券投资基金,SNF766,长石智赢2号私募证券投资基金,SNF766,三亚长石,,2020-12-14,2020-12-17,国泰君安证券股份有限公司,,基金成立之后的每周最后一个交易日。私募基金管理人有权自行决定是否在上述情形下设置临时开放日。临时开放日仅允许赎回。,否,0%,追加金额应为1万元人民币起。,0%,,不设置,0.9,0.01,,0.025%,0.025%,R= 20%，为业绩报酬提取比例。业绩报酬的计算：业绩报酬的计算采用单个投资者单笔高水位净值法，即基金份额持有人的每笔基金份额或赎回份额累计净值大于上次成功计提基准日（首次计提时，则为参与日份额累计净值）时，分别计算每笔份额在上一成功计提基准日至本次计提基准日持有期间的基金份额累计净值增长差额，对超过上次成功计提基准日基金份额累计净值部分按20%比例进行计提。业绩报酬的计提基准日：投资者赎回日、分红权益登记日、基金清算日。本基金连续两次成功计提业绩报酬基准日的间隔不应短于3个月，投资者赎回日、基金清算日以及合同约定的其他业绩报酬计提基准日遇非交易日顺延的情况除外。,5-10亿元,P1074173
团队跟踪,远澜梧桐量化选股择时1号私募证券投资基金,SNF884,远澜梧桐量化选股择时1号私募证券投资基金,SNF884,上海远澜,,2020-11-18,2020-11-25,招商证券股份有限公司,董致远,,否,,,,,,,0,,,,,100亿元以上,P1018484
团队跟踪,顽岩稳健3号私募证券投资基金,SNG162,顽岩稳健3号私募证券投资基金,SNG162,上海顽岩,,2020-11-19,2020-11-24,广发证券股份有限公司,,每周周三,否,0%,不低于1万元,0%,0.92,,0.9,0,,0.015%,0.015%,"基金管理人对基金份额持有人的收益部分提取50%作为业绩报酬。
计提基准日：投资者赎回日、基金清算基准日、固定计提日（每年4月、10月的第二个周三）",100亿元以上,P1034708
团队跟踪,吾执CTA一号私募证券投资基金,SNG191,吾执CTA一号私募证券投资基金,SNG191,上海吾执投资,,2020-11-25,2020-12-02,国信证券股份有限公司,孙敏,,否,,,,,,,0,,,,,5-10亿元,P1071408
团队跟踪,笃熙禀泰文艺复兴16号,SNG210,笃熙禀泰文艺复兴16号私募证券投资基金,SNG210,上海笃熙禀泰,,2020-12-23,2020-12-31,国泰君安证券股份有限公司,,每周第1个和第2个交易日,否,0%,1万元的整倍数,0%,,,,0.01,,0.04%,0.04%,年化收益率R大于0%，管理人对年化收益率0%至15%(含)部分提取30%作为业绩报酬，对于年化收益率大于15%的部分提取40%作为业绩报酬,20-50亿元,P1071264
团队跟踪,尚艺中证500指数增强2号私募证券投资基金,SNG600,尚艺中证500指数增强2号私募证券投资基金,SNG600,北京尚艺,,2020-12-21,2020-12-24,中信建投证券股份有限公司,,,否,,,,,,,0,,,,,50-100亿元,P1006152
团队跟踪,尚艺中证500指数增强3号私募证券投资基金,SNG602,尚艺中证500指数增强3号私募证券投资基金,SNG602,北京尚艺,,2020-11-19,2020-11-23,招商证券股份有限公司,张通达,,否,,,,,,,0,,,,,50-100亿元,P1006152
团队跟踪,展弘稳达2号私募证券投资基金,SNG629,展弘稳达2号私募证券投资基金,SNG629,上海展弘投资,,2020-11-19,2020-11-25,国信证券股份有限公司,,,否,,,,,,,0,,,,,100亿元以上,P1015638
团队跟踪,国泰君安甄优CTA FOF1号集合资产管理计划,SNG726,国泰君安甄优CTA FOF1号集合资产管理计划,SNG726,国泰海通证券资管,,2020-11-18,2020-11-20,招商银行股份有限公司,,,否,,,,,,,0,,,,,,PT0700000196
团队跟踪,奇盛价值前瞻,SNG851,奇盛价值前瞻私募证券投资基金,SNG851,深圳奇盛基金,,2020-12-18,2020-12-25,中信证券股份有限公司,付伟琦,,否,,,,,,,0,,,,,5-10亿元,P1071517
团队跟踪,国恩回报6号私募证券投资基金,SNG915,国恩回报6号私募证券投资基金,SNG915,深圳国恩资本,,2020-11-18,2020-11-23,中信建投证券股份有限公司,颜绍迪、何文领,每周二,否,,,,,无,,0,,,,,20-50亿元,P1065467
团队跟踪,珏朔果实量化CTA一号私募证券投资基金,SNG933,珏朔果实量化CTA一号私募证券投资基金,SNG933,上海珏朔资产,,2020-12-10,2020-12-17,国泰君安证券股份有限公司,,,否,,,,,,,0,,,,,20-50亿元,P1034694
团队跟踪,哈希稳健CTA1号,SNH054,哈希稳健CTA1号私募证券投资基金,SNH054,海南哈希,,2020-11-27,2020-12-03,华泰证券股份有限公司,,本基金的开放日为每周四开放，遇非工作日顺延。,否,无,每次申购的金额应不低于1万元人民币（不含申购费（如有））,持有0-92天，赎回费1%  持有92天以上，赎回费0%,0.85,无,0.8,0.01,1.00%,0.015%,0.015%,"业绩报酬的计算采用“单个投资者单份额高水位法”，业绩
报酬提取20%。",10-20亿元,P1073980
团队跟踪,本利达利磐期货量化壹号,SNH056,本利达小元三号私募证券投资基金,SNH056,深圳本利达资管,,2020-11-23,2020-12-02,中信证券股份有限公司,何瑞,申购每个自然周的三；开放为封闭期满后每自然周的周三,否,,,,0.85,6个月,0.75,0.02,2%,,,20%,0-5亿元,P1020629
团队跟踪,理博1号500,SNH207,理博1号500私募证券投资基金,SNH207,杭州理博,,2020-11-23,2020-12-02,中信证券股份有限公司,,,否,,,,,,,0.01,,,,,0-5亿元,P1072890
团队跟踪,大道南山私募证券投资基金,SNH303,大道南山私募证券投资基金,SNH303,深圳大道投资,,2020-12-15,2020-12-24,国信证券股份有限公司,,,否,,,,,,,0,,,,,100亿元以上,P1032257
团队跟踪,蝶威醇享1号私募证券投资基金,SNH311,蝶威醇享1号私募证券投资基金,SNH311,上海蝶威,,2020-11-25,2020-12-03,华泰证券股份有限公司,,每周第1个工作日,否,0%,,0%,,无,,0.01,,0.10%,,"单笔份额高水位法，对年化收益率的0~6%部分提取10%，对年化收益率6~15%部分提取30%，对年化收益率超过15%部分提取60%。
",10-20亿元,P1070101
团队跟踪,微观博易-黎夏二号私募证券投资基金,SNH521,微观博易-黎夏二号私募证券投资基金,SNH521,北京微观博易,,2021-03-19,2021-04-08,招商证券股份有限公司,,,否,,,,,,,0,,,,,100亿元以上,P1031932
团队跟踪,量道精选专享3号私募证券投资基金,SNH805,量道精选专享3号私募证券投资基金,SNH805,深圳量道投资,,2020-12-09,2020-12-10,国泰君安证券股份有限公司,,,否,,,（可金额赎回）,,,,0,,,,,100亿元以上,P1016658
团队跟踪,衍复兴享新动力指增一号,SNH811,衍复兴享新动力指增一号私募证券投资基金,SNH811,上海衍复投资,,2020-12-03,2020-12-10,兴业证券股份有限公司,,每周周三,否,0%,1万元起,持有期小于360个自然日，赎回费率为1%；持有期大等于360个自然日，赎回费率为0%,,无,,0.01,,0.05%,0.05%,在业绩报酬计提基准日 (委托人赎回由请日、基金清算日、财产分配权益登记日)，当单个基金份额持有人单笔投资相对于同期中证500指数的超额收益率Re大于0% (Re =同期基金份额收益率 - 同期中证500指数收益率) ，可按照超额收益率Re的20%计提业绩报酬。,100亿元以上,P1070325
团队跟踪,钧誉厚德量化7号私募证券投资基金,SNH892,钧誉厚德量化7号私募证券投资基金,SNH892,珠海钧誉资管,,2020-11-27,2020-12-07,招商证券股份有限公司,,,否,,,,,,,0,,,,,0-5亿元,P1068716
团队跟踪,博孚利尊享16号FOF私募证券投资基金,SNH977,博孚利尊享16号FOF私募证券投资基金,SNH977,厦门博孚利资管,,2020-11-24,2020-11-27,兴业证券股份有限公司,,本基金自成立之日起每周二开放申购和赎回（遇非顺延）,可临开赎回,0%,不少于1万元,0%,0.9,无,0.85,0.01,,0.015%,0.015%,份额高水位法，计提比例10%。,50-100亿元,P1023120
团队跟踪,量客卓宇一号私募证券投资基金,SNJ202,量客500指增私募证券投资基金,SNJ202,上海量客,,2020-11-25,2020-11-30,招商证券股份有限公司,,每周周一、周四,可临开赎回,0%,1万元起,0%,,无,,0.01,,0.02%,0.02%,基金份额赎回、基金终止或分红时，赎回份额或分红份额当期收益超过同期中证500指数（000905）收益时，管理人提取超过同期中证500指数（000905）收益的20%作为业绩报酬。如本次基金分红时间距上次分红时间（如有）不足3个月（每月按30个自然日计算），则本次基金分红不对基金份额计提业绩报酬。,20-50亿元,P1000568
团队跟踪,宣夜投资市场中性禄有一号私募证券投资基金,SNJ432,宣夜投资市场中性禄有一号私募证券投资基金,SNJ432,上海宣夜投资,,2021-01-22,2021-02-07,招商证券股份有限公司,,,否,,,,,,,0,,,,,20-50亿元,P1060042
团队跟踪,量派私享八号私募证券投资基金,SNJ513,量派私享八号私募证券投资基金,SNJ513,上海量派投资,,2020-11-26,2020-12-01,招商证券股份有限公司,,每个交易日,否,1%,,持有期少于 6个月，赎回费率为1%；持有期大等于6 个月，赎回费率为0%,,,,0.01,,0.05%,0.05%,对标中证 500 指数超额部分计提 20%,100亿元以上,P1071253
团队跟踪,博孚利稳强2号私募证券投资基金,SNJ561,博孚利稳强2号私募证券投资基金,SNJ561,厦门博孚利资管,,2020-12-23,2020-12-29,国金证券股份有限公司,,每周四、五（遇非不顺延）,可临开赎回,1%,1 万元起,持有期小于6 个月，赎回费率1%；持有期大等于6个月，免收。,,无,,0.01,,0.015%,0.015%,门槛收益率法，年化5%以上计提25%,50-100亿元,P1023120
团队跟踪,诚奇盈发专享1号私募证券投资基金,SNJ784,诚奇盈发专享1号私募证券投资基金,SNJ784,上海诚奇,,2020-11-26,2020-11-26,广发证券股份有限公司,,每月5号（份额锁定期为90天）,否,差异化申购费率如下： 单笔申购金额＜300万元，申购费率为1%；300万元≤单笔申购金额＜500 万元，申购费率为0.8%；500万元≤单笔申购金额，申购费率为0.6%,不低于1万元,0%,0.88,,0.85,0.02,基金服务费：0.01%,0.04%,,超过历史份额计提日最高份额累计净值部分，按25%的比例计提业绩报酬,100亿元以上,P1001430
团队跟踪,进化论稳泰对冲1号私募证券投资基金,SNJ907,进化论稳泰对冲1号私募证券投资基金,SNJ907,海南进化论,,2020-12-29,2020-12-29,华泰证券股份有限公司,,,否,,,,,,,0,,,,,100亿元以上,P1006079
团队跟踪,致同量化对冲1号私募证券投资基金,SNK079,致同量化对冲1号私募证券投资基金,SNK079,上海致同投资,,2020-12-16,2020-12-21,华泰证券股份有限公司,李志强,申购开放日为每周周二；赎回开放日为每月第15 个自然日及每月最后一个自然日,否,0%,,0.3%,0.95,3个月,0.92,0.012,,0.03%,0.03%,20%,20-50亿元,P1003519
团队跟踪,牧鑫强债1号私募证券投资基金,SNK152,牧鑫强债1号私募证券投资基金,SNK152,上海牧鑫,,2020-12-30,2021-01-13,国泰君安证券股份有限公司,,,否,,,,,,,0,,,,,20-50亿元,P1026632
团队跟踪,因诺CTA1号私募证券投资基金,SNK187,因诺CTA1号私募证券投资基金,SNK187,上海因诺资管,,2020-12-04,2020-12-10,中信证券股份有限公司,,,否,,,,,,,0,,,,,100亿元以上,P1006164
团队跟踪,量道多策略增强1号私募证券投资基金,SNK284,量道多策略增强1号私募证券投资基金,SNK284,深圳量道投资,,2020-12-01,2020-12-02,招商证券股份有限公司,,每周三（遇节假日顺延至下一工作日）,可临开申购和可临开赎回,A类份额:1%，B类份额:0%。, 1 万元的整数倍,A类份额：持有期低于180天（不含）的赎回费率为2%，持有期在180天及以上且小于360天的赎回费率1%， 持有期在360天及以上的赎回费率为0%。B类份额：0%。,0.8,无,0.7,0.01,A类份额：管理费1.0%，固定销售服务费 0.5%/年。B类份额：管理费0%。 A类份额：除B类以外的其他合格投资者。 B类份额：本基金管理人、管理人员工、管理人发行或担任投资顾问的资管产品。,0.025%/年,0.025%/年,"A类份额：
计提方式：单客户单笔份额高水位法。
计提时点：赎回日、分红权益登记日、基金终止日。
计提比例：20%。
B类份额：不计提业绩报酬。",100亿元以上,P1016658
团队跟踪,国承资产-中天农历三号,SNK306,国承资产-中天农历三号私募证券投资基金,SNK306,北京国承资管,,2020-12-11,2020-12-17,中信证券股份有限公司,,,否,,,,,,,0,,,,,0-5亿元,P1026448
团队跟踪,英旷尊享1号,SNK373,英旷尊享1号私募证券投资基金,SNK373,上海英旷资管,,2020-12-11,2020-12-18,国泰君安证券股份有限公司,胡天福、张石骏,每周一开放申购，每月最后一个交易日开放赎回,可临开赎回,0%,,0%,0.95,无,0.9,0.01,,0.025%,0.025%,20%,0-5亿元,P1071507
团队跟踪,臻财进宝2号私募证券投资基金,SNK576,臻财进宝2号私募证券投资基金,SNK576,上海臻财,,2020-12-18,2020-12-25,招商证券股份有限公司,,,否,,,,,,,0,,,,,0-5亿元,P1063464
团队跟踪,鸣石广鸣中证1000指数增强1号,SNK642,鸣石广鸣中证1000指数增强1号私募证券投资基金,SNK642,上海鸣石,,2020-12-07,2020-12-07,广发证券股份有限公司,,,否,,,,,,,0,,,,,100亿元以上,P1005659
团队跟踪,品责优享六期私募证券投资基金,SNK777,品责优享六期私募证券投资基金,SNK777,上海品责资产,,2020-12-04,2020-12-11,招商证券股份有限公司,,每个交易日,否,1%,1万元起,0%,0.8,无,,0.015,,0.03%,0.03%,"采取“单客户单笔份额高水位法”，提取赎回份额或分红份额当期收益的20%。
计提基准日：基金份额赎回、基金终止或分红时",5-10亿元,P1020138
团队跟踪,衍复金选中证1000指数增强一号私募证券投资基金,SNK803,衍复金选中证1000指数增强一号私募证券投资基金,SNK803,上海衍复投资,,2021-01-11,2021-01-14,国泰君安证券股份有限公司,高亢,,否,,,,,,,0,,,,,100亿元以上,P1070325
团队跟踪,幻方500指数增强欣享2号私募证券投资基金,SNK808,幻方500指数增强欣享2号私募证券投资基金,SNK808,宁波幻方量化投资,,2020-12-08,2020-12-09,招商证券股份有限公司,,每自然周周四,否,1%,,0.5%,,无封闭期,0.5,0.02,2%,0.025%,0.025%,25%,100亿元以上,P1032021
团队跟踪,鸣石广鸣中证1000指数增强1号1期私募证券投资基金,SNK826,鸣石广鸣中证1000指数增强1号1期私募证券投资基金,SNK826,上海鸣石,,2020-12-23,2020-12-23,广发证券股份有限公司,,,否,,,,,,,0,,,,,100亿元以上,P1005659
团队跟踪,量派金选中证500指数增强14号私募证券投资基金,SNK917,量派金选中证500指数增强14号私募证券投资基金,SNK917,上海量派投资,,2020-12-25,2021-01-13,国泰君安证券股份有限公司,,每个交易日,否,0%,,持有期小于180天，赎回费率为1%；持有期大等于180天，赎回费率为0%,,无,,0.01,A类份额：1%，B类份额、C类份额：0%,0.02%,0.02%,"业绩报酬计提基准 B=期间中证 500 指数年化收益率；
A类份额：20%，B类份额：18%，C类份额：0%",100亿元以上,P1071253
团队跟踪,永泉奇点18号混合投资,SNK980,永泉奇点18号混合投资私募基金,SNK980,宁波永泉,,2021-05-18,2021-05-26,国信证券股份有限公司,,每周周三,可临开赎回,0.1%,,0%,0.97,除开放日外的期间,0.95,0.01,,0.05%,0.05%,在收益分配基准日、赎回日及基金终止日，若持有期年化收益率小于等于6.02%，则不计提业绩报酬；若持有期年化收益率大于6.02%，则对基金份额收益的30%以及份额年化收益率高于6.02%的收益孰低计提业绩报酬。,0-5亿元,P1017919
团队跟踪,永泉奇点19号混合投资私募基金,SNK981,永泉奇点19号混合投资私募基金,SNK981,宁波永泉,,2021-04-09,2021-04-15,国信证券股份有限公司,,,否,,,,,,,0,,,,,0-5亿元,P1017919
团队跟踪,国优卷柏牛牛1号私募证券投资基金,SNL137,国优卷柏牛牛1号私募证券投资基金,SNL137,天津国优,,2021-06-09,2021-06-17,华泰证券股份有限公司,,每自然月第10个自然日为开放日。如该对应日为非工作日，则开放日为该日后的第一个工作日。,可临开申购,B类份额：0,每次追加申购的最低金额为10万元人民币。,0,0.8,成立后180天（已结束）。,0.75,0,B类份额：0.5%/年,0.025%/年,0.025%/年,"B类份额：单人单笔高水位法，针对收益0%以上的部分计提10%业绩报酬
本基金业绩报酬计提日为：封闭期过后，每年1月及7月的最后一个交易日，基金份额持有人实际赎回基金份额时（包含全部赎回，部分赎回）、基金终止日。",5-10亿元,P1065232
团队跟踪,跃威瑞鑫一号私募证券投资基金,SNL463,跃威瑞鑫一号私募证券投资基金,SNL463,上海跃威,,2020-12-21,2020-12-24,招商证券股份有限公司,,每周周一、周三、周五,否,0%,,0%,0.92,,0.85,0.01,,0.0125%,0.0125%,赎回份额或分红份额当期年化收益超 过 0%（不含）低于 10%（含），管理人将提取超过年化收益 0%盈利部分的 20% 作为业绩报酬；赎回份额或分红份额 当期年化收益超过 10%（不含），管理人将提取年化收益 0%-10%盈利部分的 20% 以及 10%以上盈利部分的 30%作为业绩报酬,20-50亿元,P1068331
团队跟踪,灵均中证A500指数增强1号私募证券投资基金,SNL485,灵均中证A500指数增强1号私募证券投资基金,SNL485,宁波灵均投资,,2021-01-06,2021-01-08,国信证券股份有限公司,,,否,,,,,,,0,,,,,100亿元以上,P1004526
团队跟踪,博孚利多策略十三号私募证券投资基金,SNL609,博孚利多策略十三号私募证券投资基金,SNL609,厦门博孚利资管,,2020-12-22,2020-12-25,国泰君安证券股份有限公司,,每个交易日,可临开赎回,0%,1 万元起,0%,,无,,0.015,,0.015%,0.015%,不计提业绩报酬,50-100亿元,P1023120
团队跟踪,尊和百瑞吉1号,SNL629,尊和百瑞吉1号私募证券投资基金,SNL629,杭州尊和资管,,2021-01-26,2021-02-18,国泰君安证券股份有限公司,,申购开放日为每个交易日，赎回开放日为每月第2个交易日,可临开赎回,1.5%,,持有期低于90天（不含）的，经管理人同意后可以赎回，赎回费率为0%；持有期在90天及以上的赎回费率为0%,0.95,无,0.9,0.01,,0.015%,0.015%,对超过上次成功计提基准日基金份额累计净值部分按20%比例进行计提。,10-20亿元,P1062555
团队跟踪,量派对冲69号私募证券投资基金,SNL670,量派对冲69号私募证券投资基金,SNL670,上海量派投资,,2020-12-09,2020-12-14,招商证券股份有限公司,,每个交易日,否,A类1%，B类0%,,A类1%，B类0%,,无封闭期,,0.005,A类0.5%，B类0%,0.025%,0.025%,20%,100亿元以上,P1071253
团队跟踪,嘉鸿鲲鹏套利1号,SNM005,嘉鸿鲲鹏套利1号私募证券投资基金,SNM005,上海嘉鸿,,2020-12-17,2020-12-23,招商证券股份有限公司,,每个交易日,否,,1万元起,0%,0.8,,0.75,0.002,,0.025%,0.025%,20%,50-100亿元,P1068812
团队跟踪,佑维趋势1号,SNM240,佑维趋势1号私募证券投资基金,SNM240,北京佑维投资,,2020-12-18,2020-12-30,招商证券股份有限公司,王思达,,否,,,,,,,0,,,,,0-5亿元,P1069947
团队跟踪,博孚利多策略二十八号私募证券投资基金,SNM488,博孚利多策略二十八号私募证券投资基金,SNM488,厦门博孚利资管,,2020-12-16,2020-12-21,招商证券股份有限公司,,每日开放,否,0%,不少于1万元,90天内不可赎回；持有少于等于180天收1%赎回费，归基金资产，不可免，大于180天不收取赎回费,,无,,0.003,,0.015%,0.015%,不收取,50-100亿元,P1023120
团队跟踪,正瀛实恒对冲二号私募证券投资基金,SNM547,正瀛实恒对冲二号私募证券投资基金,SNM547,上海正瀛资管,,2020-12-23,2020-12-28,国泰君安证券股份有限公司,,开放日为每周周一，如遇非交易日，则顺延至下一交易日,否,,,赎回费为本基金份额持有期低于365天（不含）的，经管理人同意后可以赎回，赎回费率为1%，基金份额持有期在365天及以上的赎回费率为0%,0.88,,0.85,0.01,,0.04%,0.04%,对超过上次成功计提基准日基金份额累计净值部分按20%比例进行计提,100亿元以上,P1060813
团队跟踪,赫富灵活对冲十五号私募证券投资基金,SNM620,赫富灵活对冲十五号私募证券投资基金,SNM620,上海赫富投资,,2021-03-24,2021-03-29,国泰君安证券股份有限公司,,每周周一、周三，如遇非交易日，则顺延至下一交易,否,,,可免。本基金 A 类份额持有期限低于 365 天（不含）的，赎回费率为 1%，份 额持有期在 365 天及以上的，赎回费率为 0%。,,无封闭期,,0.01,1.00%,,,年化收益率低于 20%部分，按照 20%的比例提取业绩报 酬；超出 20%以上部分，按照 30%的比例提取业绩报酬,100亿元以上,P1062959
团队跟踪,赫富灵活对冲十五号A期私募证券投资基金,SNM621,赫富灵活对冲十五号A期私募证券投资基金,SNM621,上海赫富投资,,2021-03-25,2021-04-01,国泰君安证券股份有限公司,,,否,,,,,,,0,,,,,100亿元以上,P1062959
团队跟踪,鸣瑜机器人二号私募证券投资基金,SNM631,鸣瑜机器人二号私募证券投资基金,SNM631,广州鸣瑜,,2020-12-23,2020-12-28,中信证券股份有限公司,,每周周五,可临开赎回,0%,,0%,,无,,0.01,,0.03%,0.03%,15%,10-20亿元,P1069558
团队跟踪,豪敦尼西九号,SNM702,豪敦尼西九号私募证券投资基金,SNM702,上海豪敦,,2020-12-30,2020-12-31,中信证券股份有限公司,武若愚,每个工作日,否,0%,,3%,0.96,无,0.95,0.01,基金服务费：0.05%,,,"单个投资者单份额高水位法：
如果 r＜6%，则 R=0
如果 r≥6%，则R=min{F×C×r×60%×T/365,F×C×（r-6%）×T/365}",0-5亿元,P1030975
团队跟踪,广金美好核心臻享19期私募证券投资基金,SNM918,广金美好核心臻享19期私募证券投资基金,SNM918,广东横琴广鑫美好,,2021-01-06,2021-03-10,中信证券股份有限公司,,,否,,,,,,,0,,,,,50-100亿元,P1033731
团队跟踪,概率一号私募证券投资基金,SNM976,概率一号私募证券投资基金,SNM976,上海概率投资,,2020-12-17,2020-12-23,招商证券股份有限公司,,"申购开放日：每周周一，非工作日顺延
赎回开放日：每月第一个周一，非工作日顺延",否,0%,,若基金份额持有时间少于3个月，赎回费率为0.5%；若基金份额持有时间大于等于3个月，赎回费率为 0。,,无,,0.01,,,,20%,5-10亿元,P1071609
团队跟踪,鲲腾进取3号私募证券投资基金,SNN006,鲲腾进取3号私募证券投资基金,SNN006,深圳鲲腾,,2021-03-30,2021-04-06,招商证券股份有限公司,,每周第一个工作日,否,,,,0.85,,0.8,0.015,,,,25%,5-10亿元,P1025308
团队跟踪,南土资产诚品十五号私募证券投资基金,SNN034,南土资产诚品十五号私募证券投资基金,SNN034,上海南土资管,,2020-12-18,2020-12-23,中信证券股份有限公司,,,否,,,,,,,0,,,,,50-100亿元,P1026245
团队跟踪,聚宽中证1000指数增强一号,SNN100,聚宽中证1000指数增强一号私募证券投资基金,SNN100,北京聚宽投资,,2021-01-14,2021-01-20,中信证券股份有限公司,高斯蒙,,否,,,,,,,0,,,,,100亿元以上,P1066435
团队跟踪,宏锡沧海量化CTA2号私募证券投资基金,SNN537,宏锡沧海量化CTA2号私募证券投资基金,SNN537,广东宏锡基金,,2021-01-18,2021-01-21,中信证券股份有限公司,刘锡斌,每自然周周二,否,1%,,持有小于365天，1%,0.8,无封闭期,0.75,0.01,1%,0.04%,0.04%,20%,100亿元以上,P1008245
团队跟踪,复财成长一号私募证券投资基金,SNN669,复财成长一号私募证券投资基金,SNN669,深圳前海复财资管,,2020-12-31,2021-01-04,中国银河证券股份有限公司,梁玉婷,,否,,,,,,,0,,,,,0-5亿元,P1030599
团队跟踪,象限2号C期私募证券投资基金,SNN775,象限2号C期私募证券投资基金,SNN775,上海象限资管,,2020-12-24,2020-12-29,国泰君安证券股份有限公司,,,否,,,,,,,0,,,,,50-100亿元,P1015598
团队跟踪,雷菱超算1号私募证券投资基金,SNP037,雷菱超算1号私募证券投资基金,SNP037,上海雷菱,,2021-02-22,2021-02-24,招商证券股份有限公司,,FOF投资产品池,可临开申购,本基金开放日为每周一（遇节假日则顺延至下一个工作日）。,上海雷菱投资管理有限公司,0,0,相对价值策略,0,0,B类份额：0.5%/年,0.025%/年,0.025%/年,"B类份额：单人单笔高水位法，针对收益0%以上的部分计提10%业绩报酬
本基金业绩报酬计提日为：封闭期过后，每年1月及7月的最后一个交易日，基金份额持有人实际赎回基金份额时（包含全部赎回，部分赎回）、基金终止日。",20-50亿元,P1064970
团队跟踪,蓝墨长河1号,SNP092,蓝墨长河1号私募证券投资基金,SNP092,上海蓝墨投资,,2020-12-29,2020-12-31,招商证券股份有限公司,,每周周二、周四（遇节假日均顺延至下一工作日）,可临开赎回,无,,无,,无,,0,0.50%,0.0250%,,提取当期收益的15%作为业绩报酬,50-100亿元,P1003927
团队跟踪,晨乐佳享9号,SNP119,晨乐佳享9号私募证券投资基金,SNP119,北京晨乐资管,,2021-01-20,2021-01-28,国信证券股份有限公司,过绿洲,,否,,,,,,,0,,,,,5-10亿元,P1064140
团队跟踪,量派对冲11号私募证券投资基金,SNP130,量派对冲11号私募证券投资基金,SNP130,上海量派投资,,2020-12-22,2020-12-25,招商证券股份有限公司,,每个工作日,否,A类份额：1%,1万元起,A类份额：持有期小于6个月，赎回费率为收取1%；持有期大等于6个月，赎回费率为收取0%,0.92,无,0.9,0.01,A类份额：1%,0.025%,0.025%,A类单客户单笔份额高水位法收取20%,100亿元以上,P1071253
团队跟踪,量派中证2000指数增强21号私募证券投资基金,SNP300,量派中证2000指数增强21号私募证券投资基金,SNP300,上海量派投资,,2020-12-25,2020-12-30,招商证券股份有限公司,,每个交易日,否,1%,,1%,0.92,,0.9,0,0,0.005%,0.005%,,100亿元以上,P1071253
团队跟踪,因诺天跃十七号私募证券投资基金,SNP441,因诺天跃十七号私募证券投资基金,SNP441,上海因诺资管,,2021-01-20,2021-01-20,国泰君安证券股份有限公司,,没发要素表,否,,,,,,,0.01,,,,,100亿元以上,P1006164
团队跟踪,吾执零零号私募证券投资基金,SNP584,吾执零零号私募证券投资基金,SNP584,上海吾执投资,,2021-01-18,2021-01-27,国泰君安证券股份有限公司,,,否,,,,,,,0,,,,,5-10亿元,P1071408
团队跟踪,盛泉恒元量化套利专项35号私募证券投资基金,SNP637,盛泉恒元量化套利专项35号私募证券投资基金,SNP637,南京盛泉恒元投资,,2020-12-31,2020-12-31,广发证券股份有限公司,,A类份额：申购开放日为每月份25日，赎回开放日为每年2月、5月、8月、10月的25号。B类份额：每个交易日,否,0%,1万元起,0%,,,,0.01,A类份额：0%，B类份额：1%,0.025%,0.025%,"在业绩报酬计提日对每笔份额的份额累计净值超过历史计提日最高份额累计净值部分,根据一定的比例计提业绩报酬，A 类份额提取比例为20%，B 类份额不计提业绩报酬",100亿元以上,P1006545
团队跟踪,国金基金-新智能28号集合资产管理计划,SNP791,国金基金-新智能28号集合资产管理计划,SNP791,国金基金,,2020-12-21,2020-12-24,国泰君安证券股份有限公司,,每周周三,否,0%,10万元起,0%,0.92,,0.9,0.008,,0.1%,,在开放日全部或部分退出资产管理计划、收益分配以及在资产管理计划到期终止或提前终止时，资产管理人对本计划单个计划份额持有人单笔投资计划份额年化收益率大于0的部分计提16%作为管理人业绩报酬,,PT0100000068
团队跟踪,衍复300指增一号,SNP818,衍复300指增一号私募证券投资基金,SNP818,上海衍复投资,,2021-01-22,2021-01-27,招商证券股份有限公司,高亢,,否,,,,,,,0,,,,,100亿元以上,P1070325
团队跟踪,皓邦尊享CTA1号,SNP957,皓邦尊享CTA1号私募证券投资基金,SNP957,上海德贝,,2020-12-30,2020-12-31,招商证券股份有限公司,马俊,每周二,可临开赎回,1%,1万,0.00%,0.8,无,0.7,0,1.50%,0.025%,0.025%,业绩报酬的计算采取“单客户单笔份额高水位法”，当基金份额赎回、基金终止或分红时，管理人将提取赎回份额或分红份额当期收益的20%作为业绩报酬。,100亿元以上,P1071472
团队跟踪,润洲春华六号私募证券投资基金,SNP960,润洲春华六号私募证券投资基金,SNP960,杭州润洲,,2021-01-19,2021-01-22,招商证券股份有限公司,,,否,,,,,,,0,,,,,50-100亿元,P1006059
团队跟踪,溯数恒富未来一期私募证券投资基金,SNP963,溯数恒富未来一期私募证券投资基金,SNP963,上海溯数投资,,2020-12-30,2021-01-04,中信证券股份有限公司,林文亮、关宇颂,每月10日、25日,否,0%,,持有期小于60天，赎回费率为2%；持有期大等于60天且小于90天，赎回费率为1%；持有期大等于90天，赎回费率为0%,0.65,无,0.6,0.01,,0.02%,0.02%,"将根据委托人的期间年化收益率（R），对期间年化收益率超过0%以上部分按照20%的比例收取业绩报酬
计提基准日：固定计提基准日、除息日（若有）、赎回申请日和基金终止日，固定计提基准日为每个季度末月（即3月、6月、9月、12月）10日。",0-5亿元,P1067799
团队跟踪,晓晓CTA综合10号私募证券投资基金,SNQ189,晓晓CTA综合10号私募证券投资基金,SNQ189,珠海晓晓,,2021-01-28,2021-02-04,招商证券股份有限公司,李明,,否,,,,,,,0,,,,,0-5亿元,P1065747
团队跟踪,蜂鸟芷水CTA量化对冲2号私募证券投资基金,SNQ220,蜂鸟芷水CTA量化对冲2号私募证券投资基金,SNQ220,武汉蜂鸟,,2021-01-29,2021-02-05,华泰证券股份有限公司,,,否,,,,,,,0,,,,,0-5亿元,P1062385
团队跟踪,豪敦尼西十二号私募证券投资基金,SNQ324,豪敦尼西十二号私募证券投资基金,SNQ324,上海豪敦,,2021-03-02,2021-03-05,中信证券股份有限公司,武若愚,,否,,,,,,,0,,,,,0-5亿元,P1030975
团队跟踪,启林金选沪深300指增1号私募证券投资基金,SNQ369,启林金选沪深300指增1号私募证券投资基金,SNQ369,上海启林投资,,2021-07-20,2021-07-23,国泰君安证券股份有限公司,,,否,,,,,,,0,,,,,100亿元以上,P1064525
团队跟踪,致邃投资-智慧矩阵指数增强量化1号,SNQ460,致邃投资-智慧矩阵指数增强量化1号私募证券投资基金,SNQ460,上海致邃投资,,2021-01-06,2021-01-07,中信建投证券股份有限公司,,每周周二、周五,可临开赎回,1%,,1%,,无,,0.01,,,,20%（同期超出指数中证 500 指数（【000905】）,5-10亿元,P1063212
团队跟踪,远澜藤枫12号私募证券投资基金,SNQ470,远澜藤枫12号私募证券投资基金,SNQ470,上海远澜,,2020-12-29,2020-12-31,招商证券股份有限公司,,每周四,否,1%,,小于三个月：1%     大于三个月：0,,,,0.015,,0.015%/年,0.015%/年,当期收益20%,100亿元以上,P1018484
团队跟踪,鲸睿新艺4号私募证券投资基金,SNQ601,鲸睿新艺4号私募证券投资基金,SNQ601,上海鲸睿资管,,2021-01-27,2021-02-03,国泰君安证券股份有限公司,,,否,,,,,,,0,,,,,0-5亿元,P1032279
团队跟踪,正仁3号私募证券投资基金,SNQ799,正仁3号私募证券投资基金,SNQ799,海南正仁,,2020-12-31,2021-01-06,华泰证券股份有限公司,,,否,,,,,,,0,,,,,50-100亿元,P1071301
团队跟踪,金和全天候1号,SNQ996,金和全天候1号私募证券投资基金,SNQ996,上海金和晟,,2021-02-04,2021-02-22,中国银河证券股份有限公司,,,否,,,,,,,0,,,,,10-20亿元,P1071636
团队跟踪,时间序列量化对冲1号,SNR063,时间序列量化对冲1号私募证券投资基金,SNR063,青岛时间序列资管,,2021-01-14,2021-01-22,中信证券股份有限公司,王英昊,每周周五,否,0%,,持有期小于90天，赎回费率0.2%；持有期大等于90天，赎回费率0%,0.9,无,0.85,0.01,,0.025%,0.025%,20%,10-20亿元,P1071639
团队跟踪,均泰华山一号,SNR129,均泰华山一号私募证券投资基金,SNR129,海南均泰基金,,2021-01-21,2021-02-03,光大证券股份有限公司,黄均寅,,否,,,,,,,0,,,,,5-10亿元,P1071653
团队跟踪,裕锦量化专享2号,SNR282,裕锦量化专享2号私募证券投资基金,SNR282,深圳裕锦,,2021-01-18,2021-01-21,国泰君安证券股份有限公司,,每月1日、15日,否,0%,10万元起,0%,0.95,,0.93,0.01,,0.02%,0.02%,"业绩报酬：采用单个投资者单笔投资年化收益差额法分段计提；
业绩报酬计提基准B为年化5%，当R-B>0时，对持有期全额收益提取60%的业绩报酬，计提后基金份额持有人年化收益率不低于业绩报酬计提触发条件；当R-B≤0时，不提取业绩报酬。
业绩报酬收取日：基金赎回日/分红日/基金终止日",10-20亿元,P1071231
团队跟踪,幻方500指数增强欣享6号私募证券投资基金,SNR298,幻方500指数增强欣享6号私募证券投资基金,SNR298,宁波幻方量化投资,,2021-01-07,2021-01-07,招商证券股份有限公司,,每自然周周三,否,1%,,0,,无封闭期,0.5,0.02,2%,0.025%,0.025%,,100亿元以上,P1032021
团队跟踪,凯丰御风1号基本面量化CTA,SNR346,凯丰御风1号基本面量化CTA证券投资私募基金,SNR346,深圳凯丰投资,,2021-02-09,2021-02-09,国泰君安证券股份有限公司,,,否,,,,,,,0,,,,,100亿元以上,P1000482
团队跟踪,慧创惠威胜全天候六号私募证券投资基金,SNR394,慧创惠威胜全天候六号私募证券投资基金,SNR394,杭州慧创投资,,2021-01-05,2021-01-05,招商证券股份有限公司,,,否,,,,,,,0,,,,,0-5亿元,P1005233
团队跟踪,添禄投资私募量化15号证券投资基金,SNR534,添禄投资私募量化15号证券投资基金,SNR534,上海添禄投资,,2021-01-06,2021-01-13,海通证券股份有限公司,,每周第二个工作日,否,,,1%，份额持有满1年不收赎回费,0.93,,0.92,0.01,,0.03%,0.03%,,20-50亿元,P1064139
团队跟踪,友莹格涌富十号私募证券投资基金,SNR588,友莹格涌富十号私募证券投资基金,SNR588,上海友莹格资管,,2021-06-22,2021-06-29,招商证券股份有限公司,,,否,,,,,,,0,,,,,0-5亿元,P1060304
团队跟踪,诚奇睿盈对冲,SNR623,诚奇睿盈对冲私募证券投资基金,SNR623,上海诚奇,,2021-01-21,2021-01-26,招商证券股份有限公司,,每月10、25号及每周二，遇节假日则顺延至下一个工作日,可临开赎回,无,,0%,,,,0.01,1+25%,0.05%,0.05%,"采取“单客户单笔份额高水位法”：业绩报酬提取时点分为固定时点（每个自然年度6月25日和12月25日）提取、赎回时提取和合同终止时提取。
A类份额：25%，B类份额：0%",100亿元以上,P1001430
团队跟踪,慎知资产慎知3号金选私募证券投资基金,SNR724,慎知资产慎知3号金选私募证券投资基金,SNR724,上海慎知资管,,2021-01-12,2021-01-15,国泰君安证券股份有限公司,,,否,,,,,,,0,,,,,100亿元以上,P1071304
团队跟踪,汇富联合日盈6号私募证券投资基金,SNR768,汇富联合日盈6号私募证券投资基金,SNR768,深圳前海汇富联合,,2021-01-07,2021-01-12,华泰证券股份有限公司,,,否,,,,,,,0,,,,,20-50亿元,P1006506
团队跟踪,时间序列红利灵活1号,SNR901,时间序列红利灵活1号私募证券投资基金,SNR901,青岛时间序列资管,,2021-02-02,2021-02-07,招商证券股份有限公司,,每周周五,可临开赎回,0%,,0%,0.95,无,0.9,0.01,,0.03%,0.03%,20%,10-20亿元,P1071639
团队跟踪,一村若水1号,SNS002,一村若水1号私募证券投资基金,SNS002,上海承壹,,2021-01-08,2021-01-08,中信证券股份有限公司,,每周周一、周二、周三、周五,否,,,,,无,,0.01,A类份额：0%，B类份额：1%，C类份额：0.8%,0.002%,0.002%,A类份额：20%，B类份额：20%，C类份额：16%,20-50亿元,P1000869
团队跟踪,第五公理权优2号私募证券投资基金,SNS010,第五公理权优2号私募证券投资基金,SNS010,江苏第五公理投资,,2021-01-20,2021-01-25,中信证券股份有限公司,,每个自然月第五个工作日以及每个自然月第四个周三,否,1%,,低于180天的为1%，在180天及以上为0%,,无,,0.01,,,,"年化收益率R低于10%时不提取业绩报酬，超出10%按照40%的比例提取全部部分业绩报酬，提取后R不得小于10%。
",0-5亿元,P1070932
团队跟踪,奇盾安富尊荣1号,SNS013,奇盾安富尊荣1号私募证券投资基金,SNS013,上海奇盾世家,,2021-01-14,2021-01-19,国泰君安证券股份有限公司,,,否,,,,,,,0,,,,,20-50亿元,P1062571
团队跟踪,鲸睿CTA1号私募证券投资基金,SNS015,鲸睿CTA1号私募证券投资基金,SNS015,上海鲸睿资管,,2021-01-22,2021-01-27,华泰证券股份有限公司,赵彧涛,"每月8,18,28日开放",否,0,,持有天数在0至90天（含），赎回费1%持有天数在 90天以上，赎回费0%,0.9,无,0.85,0.015,,0.025%,0.025%,20%,0-5亿元,P1032279
团队跟踪,量道精选专享6号私募证券投资基金,SNS247,量道精选专享6号私募证券投资基金,SNS247,深圳量道投资,,2021-01-19,2021-01-20,国泰君安证券股份有限公司,,,否,,,,,,,0,,,,,100亿元以上,P1016658
团队跟踪,量道精选专享7号私募证券投资基金,SNS249,量道精选专享7号私募证券投资基金,SNS249,深圳量道投资,,2021-01-19,2021-01-20,国泰君安证券股份有限公司,,,否,,,,,,,0,,,,,100亿元以上,P1016658
团队跟踪,济海实哲一号私募证券投资基金,SNS258,济海实哲一号私募证券投资基金,SNS258,杭州济海投资,,2021-01-28,2021-01-28,中信证券股份有限公司,潘燕妹、江泓,,否,,,,,,,0,,,,,20-50亿元,P1002313
团队跟踪,旌安8号,SNS348,旌安8号私募证券投资基金,SNS348,浙江旌安,,2021-02-26,2021-03-03,国泰君安证券股份有限公司,郑辉、裘强强、叶祎然,每月最后一个交易日,可临开赎回,无,追加10万起,360天以下1%；360天及以上不收,0.83,无,0.8,0.013,1.3%,0.025%,0.025%,对超过上次成功计提基准日基金份额累计净值部分按20%比例进行计提。,100亿元以上,P1066329
团队跟踪,睿郡节节高11号,SNS549,睿郡节节高11号私募证券投资基金,SNS549,上海睿郡资管,,2021-01-08,2021-01-08,兴业证券股份有限公司,,,否,,,,,,,0,,,,,100亿元以上,P1014376
团队跟踪,富鑫进取CTA1号私募证券投资基金,SNS617,富鑫进取CTA1号私募证券投资基金,SNS617,深圳前海富鑫资本投资,,2021-01-20,2021-01-25,中信证券股份有限公司,,每个自然月15日,否,0,,0,,无封闭期,,0.01,1%,0.025%,0.025%,20%,0-5亿元,P1071493
团队跟踪,文谛量化多策略33号私募证券投资基金,SNS654,文谛量化多策略33号私募证券投资基金,SNS654,上海文谛资管,,2021-01-27,2021-02-02,国信证券股份有限公司,,,否,,,,,,,0,,,,,10-20亿元,P1060697
团队跟踪,珏朔朴道量化CTA稳健二号私募证券投资基金,SNS807,珏朔朴道量化CTA稳健二号私募证券投资基金,SNS807,上海珏朔资产,,2023-04-13,2023-04-17,长江证券股份有限公司,马大壮,,否,,,,,,,0,,,,,20-50亿元,P1034694
团队跟踪,绵烁优选复合1号私募证券投资基金,SNS857,绵烁优选复合1号私募证券投资基金,SNS857,上海绵烁资管,,2021-01-19,2021-01-26,招商证券股份有限公司,,每自然周周三,否,,,,0.75,,0.7,0,1%,0.025%,0.025%,,20-50亿元,P1060665
团队跟踪,超量子中证500增强2号,SNT059,超量子中证500增强2号私募证券投资基金,SNT059,深圳超量子,,2021-06-11,2021-06-17,中信证券股份有限公司,张晓泉,FOF投资产品池,否,成立后每个自然周的周三（如非交易日，顺延至下一个交易日）,深圳市前海超量子基金管理有限公司,,,股票多空策略,,0,,,,,100亿元以上,P1071044
团队跟踪,川砺期权量化三号,SNT078,川砺期权量化三号私募证券投资基金,SNT078,宁波川砺,,2021-02-25,2021-03-03,国泰君安证券股份有限公司,唐诗城、刘建平,每月1日、15日,否,0%,,"0%
",0.9,无,0.85,0.01,,0.05%,0.05%,业绩基准5%，计提25%,5-10亿元,P1064154
团队跟踪,顺德传奇复财FOF一号私募证券投资基金,SNT113,顺德传奇复财FOF一号私募证券投资基金,SNT113,深圳前海复财资管,,2021-01-14,2021-01-22,中国银河证券股份有限公司,梁玉婷,,否,,,,,,,0,,,,,0-5亿元,P1030599
团队跟踪,量道精选专享8号私募证券投资基金,SNT315,量道精选专享8号私募证券投资基金,SNT315,深圳量道投资,,2021-03-31,2021-03-31,国泰君安证券股份有限公司,,每个交易日,可临开赎回,0%,1 万元的整数倍,0%（可金额赎回）,0.7,无,0.65,0.01,,0.025%,0.025%,"1、计提基准日：投资者赎回日、每年最后一个交易日、分红权益登记日和基金清算日。
2、业绩报酬的计算采用单个投资者单笔高水位净值法，计提比例为20%。",100亿元以上,P1016658
团队跟踪,量道精选专享9号私募证券投资基金,SNT316,量道精选专享9号私募证券投资基金,SNT316,深圳量道投资,,2021-03-31,2021-03-31,国泰君安证券股份有限公司,,,否,,,,,,,0,,,,,100亿元以上,P1016658
团队跟踪,量道精选专享10号私募证券投资基金,SNT318,量道精选专享10号私募证券投资基金,SNT318,深圳量道投资,,2021-04-07,2021-04-07,国泰君安证券股份有限公司,,每自然月第10个自然日为开放日。如该对应日为非工作日，则开放日为该日后的第一个工作日。,可临开申购,B类份额：0,每次追加申购的最低金额为10万元人民币。,0,0.8,成立后180天（已结束）。,0.75,0,B类份额：0.5%/年,0.025%/年,0.025%/年,"B类份额：单人单笔高水位法，针对收益0%以上的部分计提10%业绩报酬
本基金业绩报酬计提日为：封闭期过后，每年1月及7月的最后一个交易日，基金份额持有人实际赎回基金份额时（包含全部赎回，部分赎回）、基金终止日。",100亿元以上,P1016658
团队跟踪,量道CTA精选17号私募证券投资基金,SNT337,量道CTA精选17号私募证券投资基金,SNT337,深圳量道投资,,2021-01-28,2021-02-01,国泰君安证券股份有限公司,,每个交易日,否,A类份额:1%，B类份额:0%。,1万元的整数倍,A类份额：持有期小于180 天，赎回费率为 2%；持有期大等于180 天及小于365天，赎回费率为 1%；持有期大等于365 天，赎回费率为 0%。B类份额：0%。,0.8,无,0.75,0.015,A类份额:1.50%，B类份额:0%。 A类份额：向除B类份额投资者以外的其它合格投资者募集的基金份额。 B类份额：向本基金管理人管理的其他私募基金 、本基金管理人、本基金管理人员工募集的基金份额。,0.025%/年,0.025%/年,"A类份额：
1、计提方式：单个投资者单笔高水位净值法。
2、计提时点：投资者赎回日、分红日、基金终止日、固定结算日（每年最后一个交易日）
3、计提比例：20%。
B类份额：不计提业绩报酬。",100亿元以上,P1016658
团队跟踪,量道CTA精选17A号私募证券投资基金,SNT339,量道CTA精选17A号私募证券投资基金,SNT339,深圳量道投资,,2021-01-28,2021-02-01,国泰君安证券股份有限公司,,每周周五，如遇非交易日则顺延至下一个交易日,可临开赎回,1%,1 万元的整数倍,持有期小于180天，赎回费率为2%；持有期大等于180天及小于365天，赎回费率为1%；持有期大等于365天，赎回费率为0%。,0.8,无,0.75,0.02,,0.025%/年,0.025%/年,"1、计提方式：单个投资者单笔高水位净值法
2、计提时点：投资者赎回日、基金终止日、分红日、固定结算日（每年最后一个交易日）
3、计提比例：20%",100亿元以上,P1016658
团队跟踪,博孚利瓴宇尊享18号私募证券投资基金,SNT401,博孚利瓴宇尊享18号私募证券投资基金,SNT401,厦门博孚利资管,,2021-02-02,2021-02-05,招商证券股份有限公司,,每月15号,否,1%,1 万元的整数倍,0%,,无,,0.01,,0.025%,0.025%,"当基金份额赎回、基金终止或分红时，赎回份额或分红份额当期年化收益超过0%（不含）低于20%（含），管理人将提取超过年化收益0%盈利部分的10%作为业绩报酬；
当基金份额赎回、基金终止或分红时，赎回份额或分红份额当期年化收益超过20%（不含），管理人将提取年化收益0%-20%盈利部分的10%以及20%以上盈利部分的15%作为业绩报酬。",50-100亿元,P1023120
团队跟踪,联海天王星8号私募证券投资基金,SNT412,联海天王星8号私募证券投资基金,SNT412,北京星鹏联海,,2021-01-22,2021-01-27,中信建投证券股份有限公司,,每个工作日,否,0.5%,1万元起,0%,0.92,无,0.9,0.01,, 0.025%, 0.025%,持有人每笔所持份额或赎回份额在持有期的年化收益率大于6%时，分别计算每笔份额在上一业绩报酬成功提取日至本次业绩报酬计提日持有期间的年化收益率（R），对持有期全额收益按【30%】比例进行计提，但计提后基金份额持有人年化收益率不低于 6%。,20-50亿元,P1034351
团队跟踪,黑翼量化成长1号私募证券投资基金,SNT524,黑翼量化成长1号私募证券投资基金,SNT524,上海黑翼资管,,2021-01-21,2021-01-21,国泰君安证券股份有限公司,邹倚天,,否,,,,,,,0,,,,,100亿元以上,P1004419
团队跟踪,白鹭鼓浪屿量化多策略定制九号私募证券投资基金,SNT626,白鹭鼓浪屿量化多策略定制九号私募证券投资基金,SNT626,浙江白鹭资管,,2021-02-02,2021-02-09,国泰君安证券股份有限公司,,每自然周周五,否,0,,0,0.9,无封闭期,0.85,0.01,1%,0.03%,0.03%,20%,20-50亿元,P1030053
团队跟踪,慧创安丰五号私募证券投资基金,SNT646,慧创安丰五号私募证券投资基金,SNT646,杭州慧创投资,,2021-01-15,2021-01-15,招商证券股份有限公司,,,否,,,,,,,0,,,,,0-5亿元,P1005233
团队跟踪,凯丰岁丰1号基本面量化CTA,SNT762,凯丰岁丰1号基本面量化CTA证券投资私募基金,SNT762,深圳凯丰投资,,2021-02-09,2021-02-09,国泰君安证券股份有限公司,,FOF投资产品池,否,每日开放,深圳市凯丰投资管理有限公司,,,管理期货策略,,0,,,,,100亿元以上,P1000482
团队跟踪,时间序列沪深300指数增强1号,SNT891,时间序列沪深300指数增强1号私募证券投资基金,SNT891,青岛时间序列资管,,2021-03-02,2021-03-10,国金证券股份有限公司,王英昊,,否,,,,,,,0,,,,,10-20亿元,P1071639
团队跟踪,赫富灵活对冲十号私募证券投资基金,SNU006,赫富灵活对冲十号私募证券投资基金,SNU006,上海赫富投资,,2021-01-26,2021-01-29,国信证券股份有限公司,,,否,,,,,,,0,,,,,100亿元以上,P1062959
团队跟踪,赫富灵活对冲十号A期私募证券投资基金,SNU009,赫富灵活对冲十号A期私募证券投资基金,SNU009,上海赫富投资,,2021-02-03,2021-02-07,国信证券股份有限公司,,,否,,,,,,,0,,,,,100亿元以上,P1062959
团队跟踪,博孚利瑞盈1号私募证券投资基金,SNU017,博孚利瑞盈1号私募证券投资基金,SNU017,厦门博孚利资管,,2021-02-04,2021-02-07,招商证券股份有限公司,,每个工作日,否,0%,1 万元起,0%,,无,,0.006,,0.02%,0.02%,不计提业绩报酬,50-100亿元,P1023120
团队跟踪,洮利11号2期私募证券投资基金,SNU021,洮利11号2期私募证券投资基金,SNU021,上海洮利,,2021-01-25,2021-01-28,中信证券股份有限公司,,每自然周周四,可临开赎回,0%,,0%,,无,,0.005,,0.03%,0.03%,0,5-10亿元,P1069945
团队跟踪,蒙玺科创50指数量化1号私募证券投资基金,SNU356,蒙玺科创50指数量化1号私募证券投资基金,SNU356,上海蒙玺投资,,2021-01-27,2021-02-01,中泰证券股份有限公司,,,否,,,,,,,0,,,,,100亿元以上,P1063294
团队跟踪,星阔云起1号中证1000指数增强,SNU704,星阔云起1号中证1000指数增强私募证券投资基金,SNU704,青岛星阔投资,,2021-02-03,2021-02-07,招商证券股份有限公司,,每月1号、10号、20号,可临开赎回,"1%,管理人可免",追加金额不低于1万,"若基金份额持有时间少于 6 个月，赎回费率为 1%；若基金份额持有时间大于等于 6 个月，小于 12 个月，赎回费率为 0.5%；若基金份额持有时间大于等于 12 个月,赎回费率为 0",0.92,无,0.9,0.01,,0.025%,0.025%,对超过0%的收益部分提取20%的业绩报酬,10-20亿元,P1071681
团队跟踪,星阔广厦1号中证500指数增强,SNU706,星阔广厦1号中证500指数增强私募证券投资基金,SNU706,青岛星阔投资,,2021-02-03,2021-02-07,招商证券股份有限公司,,FOF投资产品池,可临开赎回,每月1号、10号、20号，不可临开,星阔（青岛）投资管理有限公司,持有期小于6个月，赎回费率 1% ；持有期大等于6个月并小于12个月，赎回费率 0.5%；持有期大等于12个月，赎回费率 0,,股票多空策略,,0.01,,0.025%,0.025%,当份额赎回、基金终止或分红时，管理人将提取赎回份额或参与分红份额当期超过业绩计提基准的收益的20%作为业绩报酬；其中，业绩报酬基准为中证500指数（ 000905 ）同期收益率。如中证500指数当期收益为负数，即当期亏损，管理人仍然可能提取赎回份额或参与分红份额当期收益（如亏损，则收益为负数）超过业绩计提基准的收益的20%作为业绩报酬期间收益（如亏损，则收益为负数）的20 %作为业绩报酬 ,10-20亿元,P1071681
团队跟踪,无隅鲲鹏二号,SNU897,无隅鲲鹏二号私募证券投资基金,SNU897,北京无隅资产,,2021-02-09,2021-02-19,华鑫证券有限责任公司,杨志诚,每个交易日,否,0%,1万元起,0%,,,,0,,0.025%,0.025%,"计提基准指数：中证 500 指数。当r500+4.5%≤Ri,j 时，计提40%。
业绩基准日：赎回基金份额时、基金终止时、固定时点（每季度最后一个交易日）。",0-5亿元,P1067114
团队跟踪,正瀛景元CTA二号私募证券投资基金,SNU962,正瀛景元CTA二号私募证券投资基金,SNU962,上海正瀛资管,,2021-05-25,2021-05-28,国泰君安证券股份有限公司,,申购日为每周第一个自然日，赎回日为每月第20个自然日,否,1%,,持有期小于180 天，赎回费率为1%；持有期大等于180天，免收。,0.82,无,0.8,0.01,,0.025%,0.025%,,100亿元以上,P1060813
团队跟踪,蝶威基本面量化1号,SNV133,蝶威基本面量化1号私募证券投资基金,SNV133,上海蝶威,,2021-02-08,2021-02-22,招商证券股份有限公司,,每个交易日,否,,,,,无封闭期,,0,,,,,10-20亿元,P1070101
团队跟踪,衍复金选沪深300指数增强一号私募证券投资基金,SNV188,衍复金选沪深300指数增强一号私募证券投资基金,SNV188,上海衍复投资,,2021-07-23,2021-07-28,国泰君安证券股份有限公司,高亢,,否,,,,,,,0,,,,,100亿元以上,P1070325
团队跟踪,星阔云起2号市场中性私募证券投资基金,SNV206,星阔云起2号市场中性私募证券投资基金,SNV206,青岛星阔投资,,2021-02-03,2021-02-07,招商证券股份有限公司,,每周最后一个交易日，每季度末月最后一个交易日,否,1%,,持有期小于180天，赎回费率为1%；持有期大等于180天及小于365天，赎回费率为0.5%；持有期大等于365天，赎回费率为0%。管理人有权减免。,0.92,,0.9,0.01,"
",0.025%,0.025%,20%,10-20亿元,P1071681
团队跟踪,博孚利瓴宇甄选1号私募证券投资基金,SNV229,博孚利瓴宇甄选1号私募证券投资基金,SNV229,厦门博孚利资管,,2021-01-29,2021-02-03,招商证券股份有限公司,,每自然月10号及25号（非工顺延）；本基金份额自认购/申购之日（认购日为基金成立日、申购日为申购所对应开放日）起12个月（每月按30个自然日计算）不允许基金份额持有人进行赎回。,可临开赎回,1%,1 万元的整数倍,0%,,无,,0.01,,0.025%,0.025%,高水位法，计提绝对收益的4%,50-100亿元,P1023120
团队跟踪,橡木永富,SNV238,橡木永富私募证券投资基金,SNV238,杭州橡木,,2021-02-26,2021-03-03,招商证券股份有限公司,楼建平,每自然月第10个自然日为开放日。如该对应日为非工作日，则开放日为该日后的第一个工作日。,可临开申购,B类份额：0,每次追加申购的最低金额为10万元人民币。,0,0.8,成立后180天（已结束）。,0.75,0,B类份额：0.5%/年,0.025%/年,0.025%/年,"B类份额：单人单笔高水位法，针对收益0%以上的部分计提10%业绩报酬
本基金业绩报酬计提日为：封闭期过后，每年1月及7月的最后一个交易日，基金份额持有人实际赎回基金份额时（包含全部赎回，部分赎回）、基金终止日。",50-100亿元,P1068698
团队跟踪,鸣石傲华15号1期私募证券投资基金,SNV347,鸣石傲华15号1期私募证券投资基金,SNV347,上海鸣石,,2021-01-26,2021-01-26,招商证券股份有限公司,,,否,,,,,,,0,,,,,100亿元以上,P1005659
团队跟踪,均泰泰山一号,SNV353,均泰泰山一号私募证券投资基金,SNV353,海南均泰基金,,2021-01-28,2021-02-05,兴业证券股份有限公司,黄均寅,每周周三、周四,可临开赎回,0%,1万元起,0%,,,,0.01,,0.03％,0.03％,基金单位份额年化收益率 R 小于或等于 6%时，管理人不提取业绩报酬；基金单位份额年化收益率 R 大于 6%，管理人对全部正收益提取 35%作为业绩报酬,10-20亿元,P1071653
团队跟踪,皓邦尊享CTA2号私募证券投资基金,SNV404,皓邦尊享CTA2号私募证券投资基金,SNV404,上海德贝,,2021-02-26,2021-03-08,招商证券股份有限公司,,,否,,,,,,,0,,,,,100亿元以上,P1071472
团队跟踪,元熙稳舰一号,SNV538,元熙稳舰一号私募证券投资基金,SNV538,上海元熙,,2021-02-02,2021-02-05,国信证券股份有限公司,,,否,,,,,,,0,,,,,0-5亿元,P1017880
团队跟踪,佑诗启航稳健1号,SNV716,佑诗启航稳健1号私募证券投资基金,SNV716,上海佑诗,,2021-03-12,2021-03-18,中信证券股份有限公司,史峰,每周最后一个工作日,可临开赎回,1%,1%,持有期小于365 天，赎回费率为0.5%；持有期大等于365 天，赎回费率为0%,0.82,3 个月,0.8,0.015,,,0.025%,对期间年化收益率超过 0%以上部分按照 20%的比例收取业绩报酬,0-5亿元,P1028835
团队跟踪,泓大奥格瑞玛2号,SNV894,泓大奥格瑞玛2号私募证券投资基金,SNV894,海南泓大,,2021-02-01,2021-02-04,招商证券股份有限公司,黄子镔,每自然周周一、周三,否,1%,,,0.7,无封闭期,0.65,0.015,1.5%,0.035%,0.035%,20%,10-20亿元,P1066953
团队跟踪,珩景X1中高频P1私募证券投资基金,SNW084,珩景X1中高频P1私募证券投资基金,SNW084,杭州珩景资管,,2021-02-26,2021-03-05,国泰君安证券股份有限公司,,每周周二,否,1%,,1%,0.85,无,0.8,0.01,,0.04%,0.04%,20%,0-5亿元,P1069110
团队跟踪,明崚明和1号私募证券投资基金,SNW148,明崚明和1号私募证券投资基金,SNW148,宁波明崚投资,,2021-02-10,2021-02-24,招商证券股份有限公司,,,否,,,,,,,0,,,,,0-5亿元,P1070018
团队跟踪,星阔江月2号,SNW169,星阔江月2号私募证券投资基金,SNW169,青岛星阔投资,,2021-03-03,2021-03-11,国泰君安证券股份有限公司,,"每周最后一个交易日和每季度末月（即3,6,9,12月）最后一个交易日",可临开赎回,1%，管理人有权减免,,持有期小于180天，赎回费率为1%；持有期大等于180且小于365天，赎回费率为0.5%,0.92,无,0.9,0.01,,0.025%,0.025%,20%,10-20亿元,P1071681
团队跟踪,博孚利涵盈18号私募证券投资基金,SNW175,博孚利涵盈18号私募证券投资基金,SNW175,厦门博孚利资管,,2021-01-28,2021-02-02,中信证券股份有限公司,,每个交易日,否,0%,不少于1万元且为1 万元的整数倍,0%,,无,,0.009,,0.01%, 0.01%,对年化收益率大于4.5%以上部分提取15%作为业绩报酬。,50-100亿元,P1023120
团队跟踪,明崚明和2号私募证券投资基金,SNW180,明崚明和2号私募证券投资基金,SNW180,宁波明崚投资,,2021-02-23,2021-03-01,招商证券股份有限公司,,,否,,,,,,,0,,,,,0-5亿元,P1070018
团队跟踪,源晖中证500指数增强,SNW229,源晖中证500指数增强私募证券投资基金,SNW229,北京源晖投资,,2021-02-08,2021-02-18,中信证券股份有限公司,贾晓玮,每周周二、周四,否,0%,,持有期小于180天，赎回费率为1%；持有期大等于180天，赎回费率为0%,,无,0.5,0.01,,0.025%,0.025%,"B类份额：期间年化收益率R超过业绩比较基准（不含）以上部分按照20%的比例收取业绩报酬，业绩比较基准为：max(同期中证500指数年化收益率， 0%)。
A类份额：不计提业绩报酬",5-10亿元,P1067910
团队跟踪,博孚利瑞盈3号私募证券投资基金,SNW474,博孚利瑞盈3号私募证券投资基金,SNW474,厦门博孚利资管,,2021-02-09,2021-02-19,招商证券股份有限公司,,每个工作日,否,0%,1 万元起,0%,,无,,0.006,0.6%销售服务费,0.02%,0.02%,不计提业绩报酬,50-100亿元,P1023120
团队跟踪,淳毅CTA量化基本面1号,SNW542,淳毅CTA量化基本面1号私募证券投资基金,SNW542,浙江淳毅资管,,2021-03-02,2021-03-09,国泰君安证券股份有限公司,,,否,,,,,,,0,,,,,0-5亿元,P1065815
团队跟踪,大墉飒露紫一号,SNW746,大墉飒露紫一号私募证券投资基金,SNW746,上海大墉资管,,2021-03-12,2021-03-17,国信证券股份有限公司,鲍瑞海,,否,,,,,,,0,,,,,5-10亿元,P1026498
团队跟踪,垒盈优孚一号私募证券投资基金,SNW761,垒盈优孚一号私募证券投资基金,SNW761,上海垒盈,,2021-02-02,2021-02-05,兴业证券股份有限公司,,每自然周第2个交易日,否,1%,,0%,0.93,无,0.9,0.01,,0.03％,0.03％,20%,5-10亿元,P1034005
团队跟踪,博孚利尊享26号FOF私募证券投资基金,SNW790,博孚利尊享26号FOF私募证券投资基金,SNW790,厦门博孚利资管,,2021-02-01,2021-02-04,中信证券股份有限公司,,每个工作日,否,0%, 1 万元的整数倍,0%,0.9,无,,0.01,,0.015%,0.015%,对期间年化收益率超过 8%--20%以下的部分按照 15%的比例收取业绩报酬，对期间年化收益率在大于20%的部分按照 20%的比例收取业绩报酬。,50-100亿元,P1023120
团队跟踪,杉树瑞升2号,SNW893,杉树瑞升2号私募证券投资基金,SNW893,上海杉树资管,,2021-03-03,2021-03-04,华泰证券股份有限公司,刘世伟,每年每月每周倒数第1个交易日,否,,,持有期限<31天：1% 持有期限≥31天：0%,,无,,0,,0.025%/年,,,20-50亿元,P1002462
团队跟踪,摩旗屯蒙4号量化宏观中性私募证券投资基金,SNX038,摩旗屯蒙4号量化宏观中性私募证券投资基金,SNX038,上海摩旗投资,,2021-02-22,2021-02-26,招商证券股份有限公司,,每个自然季度首月的15日,否,,,,0.9,6个月,0.85,0.01,1.0%,,,"当基金份额赎回、基金终止或分红时，赎回份额或分红份额当期年化收益超过0%（不含）低于20%（含），管理人将提取超过年化收益0%盈利部分的20%作为业绩报酬；
当基金份额赎回、基金终止或分红时，赎回份额或分红份额当期年化收益超过20%（不含）低于35%（含），管理人将提取年化收益0%-20%盈利部分的20%以及20%以上盈利部分的30%作为业绩报酬；
当基金份额赎回、基金终止或分红时，赎回份额或分红份额当期年化收益超过35%（不含），管理人将提取年化收益0%-20%盈利部分的20%，年化收益20%-35%盈利部分的30%以及35%以上盈利部分的40%作为业绩报酬；
如本次基金分红时间距上次分红时间（如有）不足3个月（每月按30个自然日计算），则本次基金分红不对基金份额计提业绩报酬。",10-20亿元,P1000652
团队跟踪,灵涛长江1号私募证券投资基金,SNX234,灵涛长江1号私募证券投资基金,SNX234,灵涛基金,,2021-02-10,2021-02-23,国泰君安证券股份有限公司,王建、胡卿,,否,,,,,,,0,,,,,5-10亿元,P1024039
团队跟踪,天宝星海多空对冲四期私募证券投资基金,SNX471,天宝星海多空对冲四期私募证券投资基金,SNX471,山东天宝,,2021-02-08,2021-02-10,华泰证券股份有限公司,,,否,,,,,,,0,,,,,20-50亿元,P1030978
团队跟踪,百仑华映量化二号私募证券投资基金,SNX494,百仑华映量化二号私募证券投资基金,SNX494,深圳百仑基金,,2021-05-07,2021-05-13,招商证券股份有限公司,,每月的5号、20号,可临开赎回,0%,追加金额应不低于 10 万元人民币,持有期小于 12 个月，赎回费率为1%；持有期大等于12个月，赎回费率 0%,0.98,,0.96,0.01,,0.025%,0.025%,将提取赎回份额或分红份额当期超过年化收益 8%盈利部分的 50%作为业绩报酬,0-5亿元,P1021787
团队跟踪,量派鑫兴68号一期私募证券投资基金,SNX497,量派鑫兴68号一期私募证券投资基金,SNX497,上海量派投资,,2021-03-08,2021-03-15,招商证券股份有限公司,,每自然月第10个自然日为开放日。如该对应日为非工作日，则开放日为该日后的第一个工作日。,可临开申购,B类份额：0,每次追加申购的最低金额为10万元人民币。,0,0.8,成立后180天（已结束）。,0.75,0,B类份额：0.5%/年,0.025%/年,0.025%/年,"B类份额：单人单笔高水位法，针对收益0%以上的部分计提10%业绩报酬
本基金业绩报酬计提日为：封闭期过后，每年1月及7月的最后一个交易日，基金份额持有人实际赎回基金份额时（包含全部赎回，部分赎回）、基金终止日。",100亿元以上,P1071253
团队跟踪,含金量盛世崮海CTA套利1号私募证券投资基金,SNX531,含金量盛世崮海CTA套利1号私募证券投资基金,SNX531,深圳含金量,,2021-02-02,2021-02-07,招商证券股份有限公司,,,否,,,,,,,0,,,,,0-5亿元,P1028054
团队跟踪,亿佳信精进5号,SNX805,亿佳信精进5号私募证券投资基金,SNX805,珠海亿佳信资管,,2021-02-10,2021-02-23,中信证券股份有限公司,李樾,,否,,,,,,,0,,,,,0-5亿元,P1068350
团队跟踪,麦迪生利-超量子中证500指数增强1号私募证券投资基金,SNX873,麦迪生利-超量子中证500指数增强1号私募证券投资基金,SNX873,上海麦迪生利,,2021-02-08,2021-02-10,中信证券股份有限公司,,FOF投资产品池,可临开赎回,本基金开放日为每周一、三、五,上海麦迪生利私募基金管理有限公司,持有期小于90天，赎回费为0.5%；持有期大等于90天，赎回费为0%,0,相对价值策略,0,0,,,,,20-50亿元,P1070365
团队跟踪,麦迪生利全天候1号私募证券投资基金,SNX876,麦迪生利全天候1号私募证券投资基金,SNX876,上海麦迪生利,,2021-02-08,2021-02-10,中信证券股份有限公司,,FOF投资产品池,可临开赎回,本基金开放日为每周一、三、五,上海麦迪生利私募基金管理有限公司,持有期小于90天，赎回费为0.05%；持有期大等于90天，赎回费为0%,0,相对价值策略,0,0,,,,,20-50亿元,P1070365
团队跟踪,柯凡汀福星成长进化1号私募证券投资基金,SNX879,柯凡汀福星成长进化1号私募证券投资基金,SNX879,青岛柯凡汀投资,,2021-05-17,2021-05-25,国金证券股份有限公司,李福星,,否,,,,,,,0,,,,,0-5亿元,P1022597
团队跟踪,量道CTA精选16A号私募证券投资基金,SNX911,量道CTA精选16A号私募证券投资基金,SNX911,深圳量道投资,,2021-02-02,2021-02-04,兴业证券股份有限公司,,每周五（遇非交易日顺延至下一交易日，如本次顺延后与下一次开放日重叠，则两次开放日合并为一次，不再继续顺延。）,可临开赎回,1%,1 万元的整数倍,持有期小于180天，赎回费率为1%；持有期大等于180天，赎回费率为0%（可金额赎回）,0.75,无,0.7,0.02,,0.025％/年,0.025％/年,"1）业绩报酬基准日为投资者赎回日、基金终止日、分红日、固定结算日（每年最后一个交易日）。
2）业绩报酬的计算采用单个投资者单笔高水位净值法
3）计提比例25%。",100亿元以上,P1016658
团队跟踪,量道CTA精选16号私募证券投资基金,SNX912,量道CTA精选16号私募证券投资基金,SNX912,深圳量道投资,,2021-02-02,2021-02-04,兴业证券股份有限公司,,每个交易日,否,0%,,0%（可金额赎回）,0.75,无,0.7,0,,,0.025％,0%,100亿元以上,P1016658
团队跟踪,谊恒套利7号私募证券投资基金,SNY084,谊恒套利7号私募证券投资基金,SNY084,上海滴海,,2021-02-23,2021-02-23,招商证券股份有限公司,,,否,,,,,,,0,,,,,10-20亿元,P1012859
团队跟踪,诚奇沪深300增强精选1期私募证券投资基金,SNY124,诚奇沪深300增强精选1期私募证券投资基金,SNY124,上海诚奇,,2021-03-05,2021-03-05,招商银行股份有限公司,,,否,,,,,,,0,,,,,100亿元以上,P1001430
团队跟踪,弘量CTA量化1号私募证券基金,SNY147,弘量CTA量化1号私募证券基金,SNY147,深圳弘量投资,,2021-02-10,2021-02-23,中信证券股份有限公司,,,可临开赎回,,,,,,,0,,,,,0-5亿元,P1071523
团队跟踪,玉数顺利一号私募证券投资基金,SNY231,玉数顺利一号私募证券投资基金,SNY231,上海玉数投资,,2021-03-01,2021-03-03,国泰君安证券股份有限公司,,,否,,,,,,,0,,,,,10-20亿元,P1065673
团队跟踪,友莹格金选CTA1号私募证券投资基金,SNY647,友莹格金选CTA1号私募证券投资基金,SNY647,上海友莹格资管,,2021-04-02,2021-04-08,国泰君安证券股份有限公司,,,否,,,,,,,0,,,,,0-5亿元,P1060304
团队跟踪,量道CTA精选专享12号私募证券投资基金,SNY705,量道CTA精选专享12号私募证券投资基金,SNY705,深圳量道投资,,2021-03-02,2021-03-02,国泰君安证券股份有限公司,,每个交易日,否,0%,1万元起,持有期小于180 天，赎回费率为1%；持有期大等于180 天，赎回费率为0%（可金额赎回）,,无,,0.01,,,0.025%,不计提业绩报酬,100亿元以上,P1016658
团队跟踪,悬铃C号6期私募证券投资基金,SNY736,悬铃C号6期私募证券投资基金,SNY736,上海悬铃,,2021-02-08,2021-02-19,招商证券股份有限公司,,每周周二,否,A类份额为0%；B类、C类份额为1%,,B类、C类份额为：持有期小于12个月，赎回费率1%；持有期大等于12个月，赎回费率0%。A类份额为0%,0.9,6个月,0.85,0,B类份额收取1.5%的管理费；A、C类份额不收取管理费,0.025%,0.025%,B类份额：当R>0％时，对超过0%的收益部分提取20%的业绩报酬。C类份额：当R>0％时，对超过0%的收益部分提取30%的业绩报酬。A类份额不收取管理费,10-20亿元,P1064634
团队跟踪,嘉鸿璞真1号,SNY759,嘉鸿璞真1号私募证券投资基金,SNY759,上海嘉鸿,,2021-02-08,2021-02-18,兴业证券股份有限公司,高嘉彬,每周周二、周四,否,0%,1万元起,A类份额：0%。B类份额：持有期小于90个自然日，赎回费率为1%；持有期大等于 90个自然日，赎回费率为0%,0.92,,0.9,0.01,A类份额：0%。B类份额：1%,0.025％,0.025％,"A类份额：0%。
B类份额：对单笔投资超过上次计提日最高基金份额累计净值部分按基金份额对应的的比例30%进行计提",50-100亿元,P1068812
团队跟踪,前海久盈知临一号私募证券投资基金,SNY889,前海久盈知临一号私募证券投资基金,SNY889,深圳前海久盈投资,,2021-09-27,2021-09-29,中信证券股份有限公司,,每周周三,否,1%,,0%,0.92,,0.9,0.01,,0.01%,,30%,20-50亿元,P1065235
团队跟踪,南传量选0号私募证券投资基金,SNY921,南传量选0号私募证券投资基金,SNY921,广东南传,,2021-03-11,2021-03-18,中信证券股份有限公司,,,否,,,,,,,0,,,,,10-20亿元,P1071741
团队跟踪,正圆川流私募证券投资基金,SNZ205,正圆川流私募证券投资基金,SNZ205,广东正圆,,2021-05-11,2021-05-14,国泰君安证券股份有限公司,,每月1、15号,否,0%,,持有期小于180 天，不得赎回；持有期大等于180天，免收。,,无,,0,A 类份额收取1%；B 类份额不收取。,0.025%,0.025%,A类基金份额提取16%业绩报酬，B类不收取业绩报酬,20-50亿元,P1028537
团队跟踪,龙航三十一期私募证券投资基金,SNZ246,龙航三十一期私募证券投资基金,SNZ246,浙江龙航资管,,2021-05-13,2021-05-19,国泰君安证券股份有限公司,,每自然周周三,否,,,,0.8,,0.7,0.008,0.8%,,,15%,10-20亿元,P1069197
团队跟踪,百奕小天鹅1号私募证券投资基金,SNZ338,百奕小天鹅1号私募证券投资基金,SNZ338,上海百奕投资,,2021-02-26,2021-03-03,国信证券股份有限公司,苏介山,,否,,,,,,,0,,,,,0-5亿元,P1014097
团队跟踪,和聚彤辉平台私募证券投资基金,SNZ585,和聚彤辉平台私募证券投资基金,SNZ585,北京和聚,,2021-03-08,2021-03-16,招商证券股份有限公司,范晓辉,,否,,,,,,,0,,,,,10-20亿元,P1000273
团队跟踪,量派对冲17号私募证券投资基金,SNZ614,量派对冲17号私募证券投资基金,SNZ614,上海量派投资,,2021-02-24,2021-03-03,招商证券股份有限公司,,每个交易日,否,1%,1万元起,持有期小于6个月，赎回费率为1%；持有期大等于6个月，赎回费率为0%,0.92,无,0.9,0.01,1%,0.025%,0.025%,采用单客户单笔份额高水位法，A 类和 C 类收取 18%,100亿元以上,P1071253
团队跟踪,双隆-隆创1号私募证券投资基金,SNZ669,双隆-隆创1号私募证券投资基金,SNZ669,上海双隆投资,,2021-05-11,2021-05-11,东方证券股份有限公司,李隽,,否,,,,,,,0,,,,,20-50亿元,P1000549
团队跟踪,格行红橡金麟量化CTA2号私募证券投资基金,SNZ843,格行红橡金麟量化CTA2号私募证券投资基金,SNZ843,湖南格行资管,,2021-03-26,2021-04-06,中泰证券股份有限公司,王晓春,每周三,否,,,,0.85,无,0.8,0.01,,,,20%,0-5亿元,P1033471
团队跟踪,普吉恒天1号私募证券投资基金,SNZ892,普吉恒天1号私募证券投资基金,SNZ892,上海普吉股权投资,,2021-03-09,2021-03-15,招商证券股份有限公司,张力升,每周周四（份额锁定期6个月）,否,0%,,0%,0.9,6个月,0.85,0.01,,0.025%,0.025%,50%,0-5亿元,P1013498
团队跟踪,汇牛紫气东来私募证券投资基金,SNZ907,汇牛紫气东来私募证券投资基金,SNZ907,上海汇牛,,2021-09-08,2021-09-08,兴业证券股份有限公司,石亚飞、雷坤,,否,,,,,,,0,,,,,5-10亿元,P1009356
团队跟踪,弘茗潜力成长8号私募证券投资基金,SNZ918,弘茗潜力成长8号私募证券投资基金,SNZ918,上海弘茗资管,,2021-11-22,2021-11-26,国泰君安证券股份有限公司,,每个交易日,否,0%,,0%,0.95,无,0.93,0.01,, 0.025%, 0.025%,30%,0-5亿元,P1009114
团队跟踪,靖奇基石6号B类,SP445B,靖奇基石6号B类,SP445B,上海靖奇投资,,2021-09-03,,国信证券股份有限公司,,每周最后一个工作日,可临开赎回,0%,,0%,0.75,除开放日以外,0.7,0,,0.025%,0.025%,50%,0-5亿元,P1019905
团队跟踪,华钧开曜2期私募证券投资基金B类份额,SQ150B,华钧开曜2期私募证券投资基金B类份额,SQ150B,北京华钧广汇投资,,2021-11-25,2021-12-01,国泰君安证券股份有限公司,,每周二周三开放,否,,,持有期低于3个月(不含)的，0.5%;持有期在3个月及以上的，0%,,,,0,,,,业绩报酬计提基准为【同期万得小市值1500指数(代码868105.WI)年化收益率】。提取基金超过业绩报酬计提基准的超额部分的20%作为业绩报酬。,10-20亿元,P1067480
团队跟踪,百川浩然5号私募证券投资基金,SQA057,百川浩然5号私募证券投资基金,SQA057,深圳前海百川基金,,2021-03-02,2021-03-10,招商证券股份有限公司,,每周周四,否,0%,,0%,0.9,,0.85,0.01,,0.01%,0.01%,当基金份额赎回、基金终止或分红时，管理人将提取赎回份额或分红份额当期收益的50%作为业绩报酬。,0-5亿元,P1033669
团队跟踪,遂玖日出定向3号,SQA103,遂玖日出定向3号私募证券投资基金,SQA103,杭州遂玖,,2021-03-16,2021-03-16,招商证券股份有限公司,,申购开放日：每周最后一个交易日；赎回开放日每月最后一个交易日,可临开赎回,无,,无,0.85,无,0.8,0.015,1.50%,0.0200%,0.02%,提取当期收益的20%作为业绩报酬,100亿元以上,P1026979
团队跟踪,盈迈盈贯一号私募证券投资基金,SQA364,盈迈盈贯一号私募证券投资基金,SQA364,浙江盈迈资管,,2021-03-10,2021-03-16,国信证券股份有限公司,,,否,,,,,,,0,,,,,0-5亿元,P1068178
团队跟踪,芷瀚金选CTA进取1号私募证券投资基金,SQA500,芷瀚金选CTA进取1号私募证券投资基金,SQA500,上海芷瀚资管,,2021-03-30,2021-04-08,国泰君安证券股份有限公司,,,否,,,,,,,0,,,,,0-5亿元,P1066464
团队跟踪,和谐汇一远致1号,SQA592,和谐汇一远致1号私募证券投资基金,SQA592,上海和谐汇一资管,,2021-03-25,2021-03-30,东方证券股份有限公司,,,否,,,,,,,0,,,,,100亿元以上,P1071212
团队跟踪,宝沣投资量化1号,SQA597,宝沣投资量化1号私募证券投资基金,SQA597,嘉兴宝沣投资,,2021-03-10,2021-03-18,华泰证券股份有限公司,,每个工作日,否,0%,,0%,,,,0.015,A类份额：0%，B类份额：1.5%,0.01%,0.01%,"A类份额：0%。
B类份额：年化20%以内，业绩报酬20%；年化20%-40%，业绩报酬30%；40%以上的部分，业绩报酬50%。
计提基准日：赎回+清盘时提取+固定时点（每季度第二个月的20号）",0-5亿元,P1068720
团队跟踪,宽德卓越6号,SQA834,宽德卓越6号私募证券投资基金,SQA834,珠海宽德,,2021-04-07,2021-04-16,中信证券股份有限公司,,每月15日,可临开赎回,,,,0.85,,0.8,0.0175,,,,20%,100亿元以上,P1031924
团队跟踪,乾象中证500指数增强1号,SQA948,乾象中证500指数增强1号私募证券投资基金,SQA948,北京乾象,,2021-03-08,2021-03-16,中信证券股份有限公司,高鹏飞,申购日为每周周三，赎回日为每月最后一个工作日,否,0%,,0%,,3个月,,0.02,A类为0.01%；B类为2%,0.02%,0.02%,仅对B类份额期间年化收益率超过同期中证500指数年化收益率的部分按照20%的比例提取业绩报酬,100亿元以上,P1071383
团队跟踪,联海经纬7号私募证券投资基金,SQB013,联海经纬7号私募证券投资基金,SQB013,北京星鹏联海,,2021-03-04,2021-03-10,国信证券股份有限公司,,,可临开申购,,,,,,,0,,,,,20-50亿元,P1034351
团队跟踪,白鹭精选量化鲲鹏十号,SQB109,白鹭精选量化鲲鹏十号私募证券投资基金,SQB109,浙江白鹭资管,,2021-03-01,2021-03-08,海通证券股份有限公司,张晨樱,每自然月第10个自然日为开放日。如该对应日为非工作日，则开放日为该日后的第一个工作日。,可临开申购,B类份额：0,每次追加申购的最低金额为10万元人民币。,0,0.8,成立后180天（已结束）。,0.75,0,B类份额：0.5%/年,0.025%/年,0.025%/年,"B类份额：单人单笔高水位法，针对收益0%以上的部分计提10%业绩报酬
本基金业绩报酬计提日为：封闭期过后，每年1月及7月的最后一个交易日，基金份额持有人实际赎回基金份额时（包含全部赎回，部分赎回）、基金终止日。",20-50亿元,P1030053
团队跟踪,迈德瑞趋势机会3号,SQB319,迈德瑞趋势机会3号私募证券投资基金,SQB319,迈德瑞投资,,2021-04-16,2021-04-23,国泰君安证券股份有限公司,康兰,每月倒数第三个工作日,可临开赎回,0,10万,180天内2%,0.85,无,0.8,0.008,,,,净值以上超额部分收取16%,0-5亿元,P1071188
团队跟踪,孚盈飒露紫一号,SQB379,孚盈飒露紫一号私募证券投资基金,SQB379,杭州孚盈投资,,2021-03-10,2021-03-17,国信证券股份有限公司,,每个工作日,否,0,100万起投，1万元起追加,T<=180天，1%（归基金财产）,0.8,无,0.7,0.015,,0.005%,0.005%,20%,20-50亿元,P1069412
团队跟踪,远澜红枫私享12号私募证券投资基金,SQB632,远澜红枫私享12号私募证券投资基金,SQB632,上海远澜,,2021-04-01,2021-04-07,国泰君安证券股份有限公司,,本基金成立后的每周周四，如遇非交易日，则顺延至下一交易日。,可临开赎回,"A类：1%，募集机构有权减免
B类：0%",无,"A类：0%
B类：0%",0.8,无,0.75,0.015,"A类：1.5%
B类：0%",0.075%,0.075%,"单个投资者单笔高水位净值法，业绩报酬的计提基准日：【投资者赎回日、分红权益登记日、基金清算日。】
【本基金各类份额连续两次成功计提业绩报酬基准日的间隔不应短于3个月，投资者赎回日、基金清算日以及合同约定的其他业绩报酬计提基准日遇非交易日顺延的情况除外。】
A类：超额收益部分提取20%
B类：不计提业绩报酬",100亿元以上,P1018484
团队跟踪,驻点稳睿一号私募证券投资基金,SQB890,驻点稳睿一号私募证券投资基金,SQB890,上海洛炎,,2021-04-19,2021-04-28,东方证券股份有限公司,,,否,,,,,,,0,,,,,5-10亿元,P1026482
团队跟踪,外贸信托-理成圣远3号证券投资集合资金信托计划,SQB995,外贸信托-理成圣远3号证券投资集合资金信托计划,SQB995,,上海理成资管,2021-03-02,2021-03-03,招商银行股份有限公司,,,否,,,,,,,0,,,,,,
团队跟踪,虎澈鼎道CTA进取一号私募证券投资基金,SQC112,虎澈鼎道CTA进取一号私募证券投资基金,SQC112,厦门世宽,,2021-03-12,2021-03-17,中信证券股份有限公司,,,否,,,,,,,0,,,,,0-5亿元,P1022452
团队跟踪,无量择时增强1号私募证券投资基金,SQC364,无量择时增强1号私募证券投资基金,SQC364,海南无量,,2021-03-26,2021-03-31,国信证券股份有限公司,,,否,,,,,,,0,,,,,20-50亿元,P1022101
团队跟踪,秉昊博弈2号,SQC371,秉昊博弈2号私募证券投资基金,SQC371,上海秉昊,,2021-03-15,2021-04-01,招商证券股份有限公司,,,否,,,,,,,0,,,,,20-50亿元,P1060315
团队跟踪,迈萃量赢CTA五号,SQC578,迈萃量赢CTA五号私募证券投资基金,SQC578,上海迈萃资管,,2021-03-26,2021-03-31,中信证券股份有限公司,毛东元,,否,,,,,,,0,,,,,0-5亿元,P1062084
团队跟踪,蝶威醇享2号私募证券投资基金,SQC633,蝶威醇享2号私募证券投资基金,SQC633,上海蝶威,,2021-07-09,2021-07-16,招商证券股份有限公司,,,否,,,,,,,0,,,,,10-20亿元,P1070101
团队跟踪,盈舞正奇1号,SQC776,盈舞正奇1号私募证券投资基金,SQC776,深圳盈舞,,2021-04-02,2021-04-08,中泰证券股份有限公司,邵阳,每周周三,否,0%,每10万元人民币递增,0%,0.8,20天,0.7,0.02,,,,对单笔投资超过上次计提日最高基金份额累计净值部分按 20%比例计提，基准日为分红日、客户赎回日及产品清算日,0-5亿元,P1011260
团队跟踪,幻方500指数增强欣享17号私募证券投资基金,SQC918,幻方500指数增强欣享17号私募证券投资基金,SQC918,宁波幻方量化投资,,2021-03-22,2021-03-22,招商证券股份有限公司,,每周 周二,否,,,,,,0.5,0.02,,,,25%,100亿元以上,P1032021
团队跟踪,衍复天禄灵活对冲三号,SQD009,衍复天禄灵活对冲三号私募证券投资基金,SQD009,上海衍复投资,,2021-03-12,2021-03-17,招商证券股份有限公司,高亢,每周周二,否, 0%,,持有期小于12个月，赎回费率 1%；持有期大等于 12 个 月，赎回费率 0%。红利再投资所转投基金份额无赎回费用,,,0.6,0.01,1%,0.025%,0.025%,当 R>0％时，对超过 0%的收益部分提取 20%的业绩报酬,100亿元以上,P1070325
团队跟踪,君信王者二号私募证券投资基金,SQD028,君信王者二号私募证券投资基金,SQD028,福建君信,,2021-04-21,2021-04-25,国泰君安证券股份有限公司,林航锋,每个交易日,否,0%,,0%,,无,,0.002,,0.015%,0.015%,不计提业绩报酬,0-5亿元,P1026926
团队跟踪,智领弦量1号,SQD051,智领弦量1号私募证券投资基金,SQD051,福州智领三联,,2021-03-24,2021-03-29,兴业证券股份有限公司,,每周二、周四，非交易日不顺延,否,0,,0,,无,,0.01,,0.025%,0.025%,管理人决定计提业绩报酬的时间，连续两次计提业绩报酬的间隔期不得短于 6 个月。金额支付。基金财产分配方案由基金管理人拟定,20-50亿元,P1033867
团队跟踪,量客长阳三号私募证券投资基金,SQD361,量客长阳三号私募证券投资基金,SQD361,上海量客,,2021-03-11,2021-03-19,招商证券股份有限公司,程庆,FOF投资产品池,可临开赎回,每周一周三,量客投资管理（北京）有限公司,持有期小于6个月，赎回费率2%；持有期大等于6个月，免收取,,相对价值策略,,0.01,,0.02%,0.02%,对超过0%的收益部分提取30%的业绩报酬。,20-50亿元,P1000568
团队跟踪,新湖期货博胜7号集合资产管理计划,SQD473,新湖期货博胜7号集合资产管理计划,SQD473,新湖期货,,2021-11-08,2021-11-08,国泰君安证券股份有限公司,,申购开放日为每周周五，赎回开放日为每月20日,否,1%,,0%,0.6,,0.5,0.015,,0.025%,0.025%,"当R - B >0时，对持有期全额收益提取20%的业绩报酬，但计提部分不高于业绩报酬计提基准以上部分的60%，即E=MIN[K×T1×R ×T/365×20%,K×T1×（R - B）×60%×T/365]",,PT0500030378
团队跟踪,九招真格量化套利一号,SQD546,九招真格量化套利一号私募证券投资基金,SQD546,九招基金,,2021-03-16,2021-03-23,海通证券股份有限公司,,每周五（可顺延）,可临开赎回,1%（可免）,不低于10万元,12个月1%,0.92,,0.9,0.01,,0.01%,0.01%,,5-10亿元,P1074391
团队跟踪,和元达元十二号量化私募证券投资基金,SQD565,和元达元十二号量化私募证券投资基金,SQD565,广州和元达,,2021-03-16,2021-03-19,中信证券股份有限公司,张智能,每周周三、周五,可临开赎回,0%,,0%,0.85,无,0.8,0.015,,0.015%,0.015%,管理人将根据委托人的期间年化收益率（R），当期间年化收益率超过0%以上且在49.99%以下（含）时，对期间所有收益按照20%的比例收取业绩报酬，当期间年化收益率在49.99%以上时，对期间所有收益按照28%的比例收取业绩报酬,0-5亿元,P1033797
团队跟踪,远澜红枫18号私募证券投资基金,SQD599,远澜红枫18号私募证券投资基金,SQD599,上海远澜,,2021-04-14,2021-04-22,国泰君安证券股份有限公司,,,否,,,,,,,0,,,,,100亿元以上,P1018484
团队跟踪,深度梦扬量化套利0号,SQD620,深度梦扬量化套利0号私募证券投资基金,SQD620,杭州深度资管,,2021-04-19,2021-04-22,国泰君安证券股份有限公司,,,否,,,,,,,0,,,,,10-20亿元,P1065452
团队跟踪,天算CTA1号,SQD690,天算CTA1号私募证券投资基金,SQD690,北京天算,,2021-03-19,2021-03-24,国泰君安证券股份有限公司,何天鹰,,否,,,,,,,0,,,,,100亿元以上,P1028908
团队跟踪,和谐汇一远致2号私募证券投资基金,SQD791,和谐汇一远致2号私募证券投资基金,SQD791,上海和谐汇一资管,,2021-03-30,2021-04-02,中信建投证券股份有限公司,,,否,,,,,,,0,,,,,100亿元以上,P1071212
团队跟踪,嘉鸿璞真5号私募证券投资基金,SQD904,嘉鸿璞真5号私募证券投资基金,SQD904,上海嘉鸿,,2021-03-12,2021-03-22,兴业证券股份有限公司,,每周周二、周五,否,0%,1万元起,A类份额：0%。B类份额：持有期小于90天，赎回费率为1%；持有期大等于90天，赎回费率为0%,0.92,,0.9,0.01,A类份额：0%，B类份额：1%,0.01％,0.01％,A类份额：0%，B类份额：35%,50-100亿元,P1068812
团队跟踪,智领弦量3号私募证券投资基金,SQD915,智领弦量3号私募证券投资基金,SQD915,福州智领三联,,2021-03-16,2021-03-19,招商证券股份有限公司,,每个交易日,否,0,,0,,,,0,1%,0.025%,0.025%,单人单笔高水位20%,20-50亿元,P1033867
团队跟踪,皓邦泰享CTA1号私募证券投资基金,SQE025,皓邦泰享CTA1号私募证券投资基金,SQE025,上海德贝,,2021-03-18,2021-03-25,中信证券股份有限公司,马俊,,否,,,,,,,0,,,,,100亿元以上,P1071472
团队跟踪,蒙玺量化精选对冲2号,SQE031,蒙玺量化精选对冲2号私募证券投资基金,SQE031,上海蒙玺投资,,2021-04-26,2021-04-29,招商证券股份有限公司,,,否,,,,,,,0,,,,,100亿元以上,P1063294
团队跟踪,垒盈量化十号私募证券投资基金,SQE054,垒盈量化十号私募证券投资基金,SQE054,上海垒盈,,2021-04-02,2021-04-08,兴业证券股份有限公司,,,否,,,,,,,0,,,,,5-10亿元,P1034005
团队跟踪,瑞桐磐石五号私募证券投资基金,SQE068,瑞桐磐石五号私募证券投资基金,SQE068,杭州瑞桐,,2021-05-28,2021-06-07,国泰君安证券股份有限公司,,每周周一、周三和周五,否,0%,,持有期小于365天，赎回费率为1%；持有期大等于365天，赎回费率为0%,,无,0.95,0.005,,0.025%,0.025%,40%,0-5亿元,P1069407
团队跟踪,景上源10号私募证券投资基金,SQE218,景上源10号私募证券投资基金,SQE218,杭州景上源,,2021-03-22,2021-04-01,中信证券股份有限公司,,,否,,,,,,,0,,,,,5-10亿元,P1008209
团队跟踪,爱凡哲知睿一号私募证券投资基金,SQE400,爱凡哲知睿一号私募证券投资基金,SQE400,爱凡哲投资,,2021-03-18,2021-03-25,国信证券股份有限公司,杨涛,每周周五,否,1.5%,10万元的整数倍,1.5%,0.9,180天,0.88,0.01,,0.04%,0.04%,年化收益小于等于 15%部分收 20%； 年化收益超过 15%部分，收 40%,20-50亿元,P1066184
团队跟踪,量客利均七号私募证券投资基金,SQE437,量客利均七号私募证券投资基金,SQE437,上海量客,,2021-03-16,2021-03-19,招商证券股份有限公司,,每个工作日,可临开赎回,0%,1万元起,持有期小于3个月，赎回费率为1%；持有期大等于3个月，赎回费率为0%,0.94,无,0.92,0.02,,0.02%,0.02%,当基金份额赎回、基金终止或分红时，管理人将提取赎回份额或分红份额当期收益的60%作为业绩报酬。,20-50亿元,P1000568
团队跟踪,玄元元丰21号私募证券投资基金,SQE472,玄元元丰21号私募证券投资基金,SQE472,广东玄元,,2021-03-18,2021-03-19,招商证券股份有限公司,张震宇,,否,,,,,,,0,,,,,100亿元以上,P1029168
团队跟踪,南土资产诚品十九号私募证券投资基金,SQE604,南土资产诚品十九号私募证券投资基金,SQE604,上海南土资管,,2021-04-09,2021-04-14,国泰君安证券股份有限公司,刘小昊,每周周五,可临开赎回,0%,,0%,,,0.7,0.01,,0.025%,0.025%,15%,50-100亿元,P1026245
团队跟踪,图灵进取1000指数增强5号私募证券投资基金,SQE731,图灵进取1000指数增强5号私募证券投资基金,SQE731,海南图灵,,2021-05-11,2021-05-21,中信证券股份有限公司,,每周周一,否,0,,0,,,,0.01,1%,0.025%,0.025%,20%,100亿元以上,P1071836
团队跟踪,黑翼金选多策略指数加1号私募证券投资基金,SQE765,黑翼金选多策略指数加1号私募证券投资基金,SQE765,上海黑翼资管,,2021-04-14,2021-04-14,国泰君安证券股份有限公司,,,否,,,,,,,0,,,,,100亿元以上,P1004419
团队跟踪,博孚利尊享22号FOF私募证券投资基金,SQE798,博孚利尊享22号FOF私募证券投资基金,SQE798,厦门博孚利资管,,2021-03-18,2021-03-23,兴业证券股份有限公司,,每个交易日,否,0%,不少于1万元,0%,0.9,无,0.85,0.002,降为0.2%，2024年11月14日生效,0.015%,0.015%,从2025年02月12日起将博利尊享22号FOF私募证券投资基金的业绩报酬计提比例从20%调低为0%。,50-100亿元,P1023120
团队跟踪,珩景江天私人订制一期私募证券投资基金,SQF011,珩景江天私人订制一期私募证券投资基金,SQF011,杭州珩景资管,,2021-03-31,2021-04-08,中信证券股份有限公司,,,否,,,,,,,0,,,,,0-5亿元,P1069110
团队跟踪,微观博易-夏之私募证券投资基金,SQF130,微观博易-夏之私募证券投资基金,SQF130,北京微观博易,,2021-04-26,2021-05-07,招商证券股份有限公司,,每周最后一个工作日,否,0%,,0%,0.92,,0.9,0.005,,0.025%,0.025%,当 R>0％时，对超过 0%的收益部分提取50%的业绩报酬,100亿元以上,P1031932
团队跟踪,星阔上林1号中证1000指数增强,SQF225,星阔上林1号中证1000指数增强私募证券投资基金,SQF225,青岛星阔投资,,2021-03-29,2021-04-01,中信证券股份有限公司,,每周最后一个交易日和每季度末月（3月、6月、9月和12月）15日,可临开赎回,1%,,持有期小于180天，赎回费率为1%；持有期大等于180天且小于365天，赎回费率为0.5%,,无,,0.01,,0.025%,0.025%,20%，业绩报酬计提基准为中证1000指数同期收益率,10-20亿元,P1071681
团队跟踪,山金长江金鼎FOF2号集合资产管理计划,SQF293,山金长江金鼎FOF2号集合资产管理计划,SQF293,山金期货,,2021-04-08,2021-04-12,招商证券股份有限公司,,参与开放日为每自然月的第15个自然日，退出开放日为每自然季度末月的第25个自然日,否,1000万以内，1%，1000万及以上，0%,1万元起,0%,0.94,无,0.92,0.01,1%,0.03%,0.03%,6%以上部分提取15%,,GC0500030873
团队跟踪,纵贯向阳稳增私募证券投资基金,SQF315,纵贯向阳稳增私募证券投资基金,SQF315,深圳纵贯,,2021-03-24,2021-03-31,招商证券股份有限公司,,,否,,,,,,,0,,,,,20-50亿元,P1028197
团队跟踪,乾象股票对冲3号,SQF770,乾象股票对冲3号私募证券投资基金,SQF770,北京乾象,,2021-03-26,2021-03-31,中信证券股份有限公司,高鹏飞,"申购开放日：每周周三
赎回开放日：每周周三/每月最后一个工作日",否,,,,0.95,,,0,,,,"A类：0
B类：20%",100亿元以上,P1071383
团队跟踪,复熙明德8号私募证券投资基金,SQF840,复熙明德8号私募证券投资基金,SQF840,上海复熙资管,,2021-04-15,2021-04-16,海通证券股份有限公司,,,否,,,,,,,0,,,,,20-50亿元,P1006187
团队跟踪,淘利慧眼组合1号私募证券投资基金,SQF879,淘利慧眼组合1号私募证券投资基金,SQF879,上海淘利资管,,2021-04-06,2021-04-06,招商证券股份有限公司,,申购开放日为每周最后一个交易日；赎回开放日为每月最后一个交易日,否,1%,,持有期小于3个月，赎回费率为1%；持有期大等于3个月，赎回费率为0%,0.95,,0.9,0.015,,0.05%,0.05%,20%,0-5亿元,P1000407
团队跟踪,泽源顺欣CTA一号私募证券投资基金,SQF992,泽源顺欣CTA一号私募证券投资基金,SQF992,上海泽源投资,,2021-03-30,2021-04-02,招商证券股份有限公司,,,否,,,,,,,0,,,,,0-5亿元,P1071312
团队跟踪,衍复星汉中证1000增强1号私募证券投资基金,SQG052,衍复星汉中证1000增强1号私募证券投资基金,SQG052,上海衍复投资,,2021-04-09,2021-04-14,中国银河证券股份有限公司,,,否,,,,,,,0,,,,,100亿元以上,P1070325
团队跟踪,维万CTA一号私募证券投资基金,SQG063,维万CTA一号私募证券投资基金,SQG063,上海维万,,2021-04-13,2021-04-19,国信证券股份有限公司,,,否,,,,,,,0,,,,,5-10亿元,P1031529
团队跟踪,润洲春华七号私募证券投资基金,SQG083,润洲春华七号私募证券投资基金,SQG083,杭州润洲,,2021-04-30,2021-05-10,招商证券股份有限公司,,每月25号,否,0,,A类持有期小于12个月，赎回费率为1%；持有期大等于12个月，免收取。B类不收取,0.85,无,0.8,0.015,仅对A类收取1.5%管理费，B类免收取。,0.04%,0.04%,A类对收益超过0%的收益部分计提20%；B类对收益超过0%的收益部分计提15%,50-100亿元,P1006059
团队跟踪,厚方优术一号,SQG117,厚方优术一号私募证券投资基金,SQG117,广东厚方投资,,2021-03-26,2021-03-26,广发证券股份有限公司,张家颖、张良,每自然月份的 1 号和 15 号，非工作日顺延,否,0.00%,,少于12个月1%；大于等于12个月0%,,无,,0.01,,,,"25%
",10-20亿元,P1019245
团队跟踪,灵涛机构专享3期,SQG174,灵涛机构专享3期私募证券投资基金,SQG174,灵涛基金,,2021-04-19,2021-04-22,国泰君安证券股份有限公司,,每个交易日开放申购，每周一开放赎回,否,1%,,持有期小于90天，赎回费率为 0.5%；持有期大等于90 天，赎回费率为0%,,,,0.01,,0.015%,0.015%,单个投资者单笔高水位法（盈利部分计提 18%）,5-10亿元,P1024039
团队跟踪,黑翼中证1000指数增强1号,SQG281,黑翼中证1000指数增强1号私募证券投资基金,SQG281,上海黑翼资管,,2021-05-26,2021-05-26,国泰君安证券股份有限公司,邹倚天,,否,,,,,,,0,,,,,100亿元以上,P1004419
团队跟踪,宣夜投资大有一号,SQG349,宣夜投资大有一号私募证券投资基金,SQG349,上海宣夜投资,,2021-04-19,2021-04-22,招商证券股份有限公司,,,否,,,,,,,0,,,,,20-50亿元,P1060042
团队跟踪,珠池长安尊享1期私募证券投资基金,SQG419,珠池长安尊享1期私募证券投资基金,SQG419,上海珠池资管,,2021-03-30,2021-03-30,招商证券股份有限公司,,,否,0%,,0%,,无,,0.01,,,,30%,50-100亿元,P1014451
团队跟踪,博孚利富利1号FOF私募证券投资基金,SQG422,博孚利富利1号FOF私募证券投资基金,SQG422,厦门博孚利资管,,2021-03-29,2021-04-07,中信证券股份有限公司,,每一个交易日,可临开赎回,1%,不少于1万元且为1 万元的整数倍,0%,,无,,0.002,"2021年4月30日起，降为0。
2025年补充协议生效后恢复。
2025.4.29降为0。",0.015%,0.015%,不计提业绩报酬,50-100亿元,P1023120
团队跟踪,博孚利鑫选1号私募证券投资基金,SQG588,博孚利鑫选1号私募证券投资基金,SQG588,厦门博孚利资管,,2021-04-23,2021-04-27,招商证券股份有限公司,,每个工作日，固定申购开放日仅接受申购申请，不接受投资者赎回申请。本基金不设固定赎回开放日。,否,0%,1 万元的整数倍,0%,,无,,0.009,,0.025%,0.025%,不收取业绩报酬。,50-100亿元,P1023120
团队跟踪,博孚利稳城一号FOF私募证券投资基金,SQG679,博孚利稳城一号FOF私募证券投资基金,SQG679,厦门博孚利资管,,2021-05-12,2021-05-17,长城证券股份有限公司,,每一交易日,可临开赎回,0%,不低于1 万元人民币,0%,0.97,无,0.95,0.01,,0.04%,0.04%,不收取业绩报酬,50-100亿元,P1023120
团队跟踪,天宝一阳指稳健套利八期B,SQG727,天宝一阳指稳健套利八期B私募证券投资基金,SQG727,山东天宝,,2021-04-08,2021-04-13,华泰证券股份有限公司,,每个交易日,否,1%,,持有期小于365天，赎回费率为1.5%；持有期大等于365天，赎回费率为0%,0.95,无,0.94,0.02,,0.04%,0.04%,30%,20-50亿元,P1030978
团队跟踪,南方基金CTA策略1号集合资产管理计划,SQH068,南方基金CTA策略1号集合资产管理计划,SQH068,南方基金,,2021-04-02,2021-04-02,中国建设银行股份有限公司,,,否,,,,,,,0,,,,,,PT0100000002
团队跟踪,常行7号,SQH214,常行7号私募证券投资基金,SQH214,江苏常行投资,,2021-04-02,2021-04-13,兴业银行股份有限公司,,每周一，遇节假日顺延至下 1 个工作日,可临开赎回,0%,无,小于（不含）360（天），1%；大于（含）360 天，0%,0.85,无,0.8,0.01,,0.02%,0.02%,20%,0-5亿元,P1021817
团队跟踪,凡德博研,SQH283,凡德博研私募证券投资基金,SQH283,广东凡德投资,,2021-04-09,2021-04-14,招商证券股份有限公司,陈尊德,,否,,,,,,,0,,,,,5-10亿元,P1003150
团队跟踪,林道铠甲1号私募证券投资基金,SQH316,林道铠甲1号私募证券投资基金,SQH316,北京林道资管,,2021-05-14,2021-05-19,国泰君安证券股份有限公司,,"每周第一个交易日
",否,0%,,低于90天（不含）的为0%，90天及以上的为0%,,3个月,,0.05,,,,"0%
",0-5亿元,P1070742
团队跟踪,富励业长江1号宏观量化,SQH418,富励业长江1号宏观量化私募证券投资基金,SQH418,上海富励业,,2021-04-13,2021-04-20,国泰君安证券股份有限公司,俞国申,,否,,,,,,,0,,,,,5-10亿元,P1071888
团队跟踪,博孚利尊享23号FOF私募证券投资基金,SQH605,博孚利尊享23号FOF私募证券投资基金,SQH605,厦门博孚利资管,,2021-04-02,2021-04-09,兴业证券股份有限公司,,每周前三个交易日,否,1%,不少于1万元,1%,,无,,0.015,,0.015%,0.015%,不收取业绩报酬,50-100亿元,P1023120
团队跟踪,明钺金马私募证券投资基金,SQH665,明钺金马私募证券投资基金,SQH665,珠海明钺,,2021-04-28,2021-05-06,招商证券股份有限公司,,,否,,,,,,,0,,,,,50-100亿元,P1066816
团队跟踪,诚奇睿盈对冲2号私募证券投资基金,SQH717,诚奇睿盈对冲2号私募证券投资基金,SQH717,上海诚奇,,2021-04-12,2021-04-12,招商证券股份有限公司,,每周周四、周五,可临开赎回,0%,1万元起,0%,0.9,,0.85,0.01,A类份额：1%，B类份额：0%,0.05%,0.05%,"A 类份额：
业绩报酬的计算采取“单客户单笔份额高水位法”：业绩报酬提取时点分为固定时点提取（是在每个自然年度6 月10 日和12 月10 日(遇节假日则顺延至下一个工作日)。）、赎回时提取和合同终止时提取。计提25%。",100亿元以上,P1001430
团队跟踪,燧石星云15号,SQH719,燧石星云15号私募证券投资基金,SQH719,武汉燧石投资,,2021-04-28,2021-05-07,华泰证券股份有限公司,,申购开放日为：每周第二个交易日；赎回开放日为：每季度末月最后一个交易日,否,,,,,,,0.015,,,,20%,0-5亿元,P1064973
团队跟踪,联海宏观增强进取1号私募证券投资基金,SQH883,联海宏观增强进取1号私募证券投资基金,SQH883,北京星鹏联海,,2021-04-15,2021-04-20,中信证券股份有限公司,,,可临开申购,,,,,,,0,,,,,20-50亿元,P1034351
团队跟踪,明实元择系统性宏观,SQH979,明实元择系统性宏观私募证券投资基金,SQH979,平潭明实,,2021-04-15,2021-04-20,招商证券股份有限公司,,每个工作日,可临开赎回,1%,首次申购不低于100万元，追加申购不低于1万元,持有时间 < 12个月：1%；持有时间 ≥ 12个月：0,,无,,0,A类份额：0.2%/年。B类份额：0.1%/年。C类份额：0.15%/年,0.00025,0.00025,"计提基准：年化 4%
计提比例：
A类份额：0%
B类份额：15%
C类份额：20%
计提时点：赎回、分红、基金终止时
计提公式：E = F × D × [(A-C)/D × 365/T - 4%] × T/365 × U%
特别说明：分红提取时，距上次分红不足6个月的不计提业绩报酬",0-5亿元,P1063118
团队跟踪,易方达资产水木清华1号FOF单一资产管理计划,SQJ047,易方达资产水木清华1号FOF单一资产管理计划,SQJ047,易方达资管,,2021-04-26,,,,,否,,,,,,,0,,,,,,PT1600004644
团队跟踪,守朴进取3号私募证券投资基金,SQJ067,守朴进取3号私募证券投资基金,SQJ067,上海守朴资管,,2022-10-12,2022-10-18,国信证券股份有限公司,翟建业,每日,可临开申购和可临开赎回,0%,不低于1万元,天|%|0|2|180|1|365|0,,无,,0.01,1.00%,0.015%,0.015%,0|0|0.04|0.25,5-10亿元,P1068966
团队跟踪,慧创天璇三号私募证券投资基金,SQJ136,慧创天璇三号私募证券投资基金,SQJ136,杭州慧创投资,,2021-04-08,2021-04-08,招商证券股份有限公司,,每个工作日,否,本基金无申购费用。,追加金额应不低于 10 万元人民币,持有期小于3个月，赎回费率为1%；持有期大等于3个月，赎回费率为0%,0.9,,0.85,0.015,,0.015%,0.015%,业绩报酬的计算采取“单客户单笔份额高水位法”：当基金份额赎回、基金终止或分红时，管理人将提取赎回份额或分红份额当期收益的20%作为业绩报酬。(合同过大未上传），,0-5亿元,P1005233
团队跟踪,天戈量化CTA一号私募证券投资基金,SQJ283,天戈量化CTA一号私募证券投资基金,SQJ283,上海天戈投资,,2021-04-09,2021-04-13,中信证券股份有限公司,,每周周五,否,1%,,持有期小于365天，赎回费率为2%；持有期大等于365天，赎回费率为0%,0.85,6个月,0.8,0.015,,0.025%,0.025%,对期间年化收益率超过0%以上部分按照20%的比例收取业绩报酬,5-10亿元,P1008509
团队跟踪,皓邦尊享CTA3号私募证券投资基金,SQJ295,皓邦尊享CTA3号私募证券投资基金,SQJ295,上海德贝,,2021-04-08,2021-04-12,招商证券股份有限公司,马俊,每周周二、周五,否,1%,,0%,0.8,,0.7,0.01,1%,0.025%,0.025%,20%,100亿元以上,P1071472
团队跟踪,涵德成益量化混合15号私募证券投资基金,SQJ421,涵德成益量化混合15号私募证券投资基金,SQJ421,北京涵德投资,,2021-07-13,2021-07-16,招商证券股份有限公司,,每周五,否,0%,,若持有区间少于6个月，1%,0.9,30年,0.88,0.009,0.9%,,,18%,50-100亿元,P1001739
团队跟踪,赛硕始计智信私募证券投资基金,SQJ712,赛硕始计智信私募证券投资基金,SQJ712,深圳赛硕基金,,2021-04-16,2021-04-22,中信建投证券股份有限公司,刘嘉翔,每个交易日,否,0%,,0%,,无,,0.0015,,"0≤E＜3000 万，年托管费率为 0.05%；
3000 万≤E＜5000 万，年托管费率为 0.04%；
5000 万≤E＜1 亿，年托管费率为 0.03%；
E≥1 亿，年托管费率为 0.025%。","0≤E＜3000 万，年运营服务费率为 0.05%；
3000 万≤E＜5000 万，年运营服务费率为 0.04%；
5000 万≤E＜1 亿，年运营服务费率为 0.03%；
E≥1 亿，年运营服务费率为 0.025%。",不计提业绩报酬,0-5亿元,P1064290
团队跟踪,恒睿信信实量化期权1号,SQJ780,恒睿信信实量化期权1号私募证券投资基金,SQJ780,北海恒睿信,,2021-04-27,2021-04-30,招商证券股份有限公司,,每个工作日,否,0%,,0%,0.92,,0.9,0.01,,0.03%,0.03%,"基金份额赎回、基金终止或分红时，采用单客户单笔份额高水位法提取；
A类份额：12%
B类份额：20%",5-10亿元,P1071324
团队跟踪,恒睿信信实量化期权3号,SQJ783,恒睿信信实量化期权3号私募证券投资基金,SQJ783,北海恒睿信,,2021-04-27,2021-04-30,招商证券股份有限公司,,,否,,,,,,,0,,,,,5-10亿元,P1071324
团队跟踪,量派中证1000增强12号私募证券投资基金,SQJ816,量派中证1000增强12号私募证券投资基金,SQJ816,上海量派投资,,2021-04-13,2021-04-20,招商证券股份有限公司,,每个交易日,可临开赎回,0.00%,10000,0.00%,,无,,0.01,1.00%,0.04%,1.00%,0,100亿元以上,P1071253
团队跟踪,龙帆恒盛稳固1号私募证券投资基金,SQJ900,龙帆恒盛稳固1号私募证券投资基金,SQJ900,厦门龙帆资管,,2021-05-10,2021-05-14,国泰君安证券股份有限公司,,,否,,,,,,,0,,,,,5-10亿元,P1062076
团队跟踪,时间序列中证500指数增强2号,SQJ918,时间序列中证500指数增强2号私募证券投资基金,SQJ918,青岛时间序列资管,,2021-04-15,2021-04-26,中信证券股份有限公司,王英昊,"申购：每周五
赎回：每周五",可临开赎回,0%,不少于1万元且为1万元的整数倍,小于90天1%，90天至180天0.2%，超过180天为0%,,无,,0.01,,0.025%,0.025%,"超额收益收取：
管理人将根据委托人的期间年化收益率（R）超过业绩比较基准（不含）以上部分按照 20%的比例收取业绩报酬，其中，本基金的业绩比较基准为：同期中证 500 指数年化收益率。",10-20亿元,P1071639
团队跟踪,璞远丰利聚配专享,SQJ929,璞远丰利聚配专享私募证券投资基金,SQJ929,上海璞远资管,,2021-04-22,2021-04-27,兴业证券股份有限公司,,"每天开放
",否,1%,,持有 360 天以下的，赎回费率为1%,0.95,无,0.93,0.008,,0.025%,0.025%,10%,5-10亿元,P1002935
团队跟踪,广聚星合非然1号私募证券投资基金,SQK130,广聚星合非然1号私募证券投资基金,SQK130,共青城广聚星合,,2021-05-14,2021-05-19,中信证券股份有限公司,,,否,,,,,,,0,,,,,10-20亿元,P1071800
团队跟踪,古木重剑无锋期权1号私募证券投资基金,SQK195,古木重剑无锋期权1号私募证券投资基金,SQK195,上海古木投资,,2021-05-20,2021-05-26,国信证券股份有限公司,,每个交易日,否,0,10000,0,0.93,无,0.9,0.01,,0.02%,0.02%,管理人对基金超额收益部分收取业绩报酬。业绩报酬提取时点分为收益分配基准日、份额赎回日和基金终止日提取。收益分配基准日提取是指基金进行收益分配时提取业绩报酬；份额赎回日和基金终止日提取是指基金份额持有人赎回基金份额和基金终止时提取业绩报酬。,20-50亿元,P1000891
团队跟踪,国源不争1号私募证券投资基金,SQK316,国源不争1号私募证券投资基金,SQK316,深圳国源信达资管,,2021-05-10,2021-05-24,国泰君安证券股份有限公司,李剑飞,每周周三,否,A类份额：1%，B类份额：0%，C类份额：1%,,A类份额、C类份额：持有期笑于365天，赎回费率为1.5%；持有期大等于365天，赎回费率为0%。B类份额：0%,0.9,无,0.85,0.01,A类份额：1.5%，B类份额：0%，C类份额：1%,0.025%,0.025%,"对超过上次成功计提基准日各类别基金份额累计净值部分，A类份额：20%，B类份额：0%，C类份额：15%。
计提基准日：投资者赎回日、每自然季度末月（即3、6、9、12月）最后一个交易日（固定日，但封闭期及/或锁定期（如有）除外）和基金清算日。",100亿元以上,P1061199
团队跟踪,君信王者三号,SQK417,君信王者三号私募证券投资基金,SQK417,福建君信,,2021-05-13,2021-05-20,国泰君安证券股份有限公司,林航锋,每个交易日,否,0%,每10万递增,0%,,无,,0.01,,0.05%,0.05%,北证50指数超额部分计提30%,0-5亿元,P1026926
团队跟踪,清哲理享云启1号私募证券投资基金,SQK833,清哲理享云启1号私募证券投资基金,SQK833,杭州清哲投资,,2021-06-17,2021-06-25,金融街证券股份有限公司,,申购开放日为每自然月10号；赎回开放日为每季度末月10号,否,2%,,持有小于3个月，赎回费率为2%；持有三个月及以上，赎回费率为0,,,,0.02,,0.05%,0.05%,对超过0%的收益部分提取20%的业绩报酬,5-10亿元,P1032807
团队跟踪,国标鑫顺一期私募证券投资基金,SQK874,国标鑫顺一期私募证券投资基金,SQK874,杭州国标资管,,2021-04-21,2021-04-27,华泰证券股份有限公司,,,否,,,,,,,0,,,,,5-10亿元,P1070165
团队跟踪,金时欣隆一号私募证券投资基金,SQK913,金时欣隆一号私募证券投资基金,SQK913,厦门金时资管,,2021-04-19,2021-04-23,兴业证券股份有限公司,彭德才,每周周三,否,1%,,1%,0.8,,0.7,0.01,,0.03％,0.03％,不收取业绩报酬,5-10亿元,P1065492
团队跟踪,诚奇资产金选量化对冲2号私募证券投资基金,SQK933,诚奇资产金选量化对冲2号私募证券投资基金,SQK933,上海诚奇,,2021-04-28,2021-05-19,国泰君安证券股份有限公司,,,否,,,,,,,0,,,,,100亿元以上,P1001430
团队跟踪,本利达七号私募证券投资基金,SQK974,本利达七号私募证券投资基金,SQK974,深圳本利达资管,,2021-04-26,2021-04-29,华鑫证券有限责任公司,何瑞,每个交易日,否,0%,,0%,,,,0,,0.025%,0.025%,"Ri,j <r500+4.5%，不计提业绩报酬；
PFi,j =0 r500+4.5%≤Ri,j，计提40%；",0-5亿元,P1020629
团队跟踪,甬远明月2号,SQL046,甬远明月2号私募证券投资基金,SQL046,宁波市甬远投资,,2022-02-15,2022-02-18,国泰君安证券股份有限公司,邬立奇,申购开放日为每个周一、周二；赎回开放日为每月最后一个交易日,可临开赎回,0%,1万元起,0%,,,,0.015,A类份额：1.5%，B类份额：0.8%,0.05%,0.05%,"A类份额计提比例：20%；
B类份额计提比例：16%",0-5亿元,P1066166
团队跟踪,阳泽中性一号,SQL207,阳泽中性一号私募证券投资基金,SQL207,杭州阳泽,,2021-04-21,2021-04-27,招商证券股份有限公司,,,否,,,,,,,0,,,,,0-5亿元,P1062863
团队跟踪,盘京明晟1期私募证券投资基金,SQL347,盘京明晟1期私募证券投资基金,SQL347,上海盘京投资,,2021-05-28,2021-05-31,中信证券股份有限公司,,,否,,,,,,,0,,,,,100亿元以上,P1034296
团队跟踪,恒如深度学习500指数增强三号私募证券投资基金,SQL417,恒如深度学习500指数增强三号私募证券投资基金,SQL417,上海恒如投资,,2021-06-24,2021-06-24,华鑫证券有限责任公司,,,否,,,,,,,0,,,,,0-5亿元,P1000715
团队跟踪,量道商品套利6号,SQL546,量道商品套利6号私募证券投资基金,SQL546,深圳量道投资,,2021-04-23,2021-04-23,兴业证券股份有限公司,,每个交易日,否,A类份额:1%，B类份额:0%。,1 万元的整数倍,A类份额：持有期小于360天，赎回费率为1% ；持有期大等于360天，赎回费率为0%。B类份额：0%。,0.6,无,0.5,0.015,A类份额:1.50%，B类份额:0%。 A类份额：除B类基金份额的持有人以外其他外部投资者。 B类份额：管理人、管理人内部员工、管理人发行的产品以及管理人认定的投资者。,0.025％/年,0.025％/年,"A类份额：
计提方式：年化收益率法
计提时点：投资者赎回日、分红权益登记日、基金清算日、固定结算日（每年最后一个交易日）
计提比例：即若A类基金单位份额年化收益率R小于或等于0%时，管理人不提取业绩报
酬；若A类基金单位份额年化收益率R大于0%并小于等于50%，管理人对大于0%并小于等于50%的部分提取20%作为
业绩报酬；若A类基金单位份额年化收益率R大于50%，管理人对大于50%的部分提取30%作为业绩报酬。
B类份额：不计提业绩报酬。",100亿元以上,P1016658
团队跟踪,唐融宏观5号私募证券投资基金,SQL637,唐融宏观5号私募证券投资基金,SQL637,深圳唐融,,2021-04-29,2021-05-07,国泰君安证券股份有限公司,,,否,,,,,,,0.01,,,,,0-5亿元,P1062576
团队跟踪,千衍六和3号私募证券投资基金,SQL839,千衍六和3号私募证券投资基金,SQL839,上海千衍,,2021-05-12,2021-05-19,华泰证券股份有限公司,,,否,,,,,,,0,,,,,100亿元以上,P1009640
团队跟踪,筠道积极配置1号私募证券投资基金,SQL875,筠道积极配置1号私募证券投资基金,SQL875,广东筠道,,2021-07-27,2021-08-06,招商证券股份有限公司,温尚清、梁文正,,否,,,,,,,0,,,,,20-50亿元,P1071561
团队跟踪,博孚利尊享21号FOF私募证券投资基金,SQL931,博孚利尊享21号FOF私募证券投资基金,SQL931,厦门博孚利资管,,2021-04-27,2021-04-29,中信证券股份有限公司,,每周周五,否,0%,1 万元的整数倍,0%,0.97,无,0.9,0.006,,0.015%,0.015%,对期间年化收益率超过0%以上且在6%以下（含）的部分按照A类10%，B类0%收取；对期间年化收益率在6%以上的部分按照A类46%，B类10%收取,50-100亿元,P1023120
团队跟踪,绰瑞东岳2号私募证券投资基金,SQL932,绰瑞东岳2号私募证券投资基金,SQL932,上海绰瑞,,2021-04-26,2021-05-07,兴业证券股份有限公司,,每周周一、周三、周五,否,0%,,0%,0.97,无,0.95,0.001,,0.025%，年保底费为0.15万元,0.025%，年保底费为0.15万元,单客户单笔份额高水位法提取收益的30%,10-20亿元,P1006129
团队跟踪,忤合福牛私募证券投资基金,SQM058,忤合福牛私募证券投资基金,SQM058,珠海忤合资管,,2021-04-23,2021-04-28,兴业证券股份有限公司,杨碧茜,每周周五,否,0%,不少于1万元,0%,,无,,0,A类份额：0.2％；B类份额：1.2％,0.04％,0.04％,A类份额：不收取业绩报酬；B类份额：20%,0-5亿元,P1066960
团队跟踪,茂源金选臻享1号私募证券投资基金,SQM101,茂源金选臻享1号私募证券投资基金,SQM101,海南茂源量化,,2021-05-18,2021-05-26,招商证券股份有限公司,,,否,,,,,,,0,,,,,100亿元以上,P1061840
团队跟踪,裕锦量化对冲3号私募证券投资基金,SQM200,裕锦量化对冲3号私募证券投资基金,SQM200,深圳裕锦,,2021-05-12,2021-05-17,中信证券股份有限公司,,,否,,,,,,,0,,,,,10-20亿元,P1071231
团队跟踪,隽才1号,SQM495,隽贤隽才1号证券投资私募基金,SQM495,上海隽贤投资,,2021-05-24,2021-05-31,中信证券股份有限公司,李辉,,否,,,,,,,0,,,,,0-5亿元,P1071470
团队跟踪,秉昊均衡配置1号,SQM553,秉昊均衡配置1号私募证券投资基金,SQM553,上海秉昊,,2021-04-29,2021-05-07,招商证券股份有限公司,,每个工作日,否,0%,,0%,,,,0.01,A类份额：0.1%，B类份额：1%,年化0.02%（每日计提，按季支付）,年化0.02%（每日计提，按季支付）,本基金仅针对B类份额计提业绩报酬，A类份额不计提业绩报酬。管理人将根据委托人每笔投资的期间年化收益率（R），对期间年化收益率超过0%以上部分按照20%的比例收取业绩报酬。,20-50亿元,P1060315
团队跟踪,均泰志学二号私募证券投资基金,SQM563,均泰志学二号私募证券投资基金,SQM563,海南均泰基金,,2021-05-20,2021-05-26,光大证券股份有限公司,,,否,,,,,,,0,,,,,10-20亿元,P1071653
团队跟踪,衍复春晓私享300指数增强私募证券投资基金,SQM628,衍复春晓私享300指数增强私募证券投资基金,SQM628,上海衍复投资,,2021-09-16,2021-09-16,国泰君安证券股份有限公司,,每周周二、周五,否,0%,1万元起,持有期小于365天，赎回费率为1%；持有期大等于365天，赎回费率为0%,,无,,0.01,,0.025%,0.025%,超额计提20%,100亿元以上,P1070325
团队跟踪,宥熙飒露紫量化1号私募证券投资基金,SQM637,宥熙飒露紫量化1号私募证券投资基金,SQM637,上海昆仑磐升,,2021-05-17,2021-05-25,国信证券股份有限公司,,,否,,,,,,,0,,,,,0-5亿元,P1007140
团队跟踪,正松云睿全球私募证券投资基金,SQM783,正松云睿全球私募证券投资基金,SQM783,上海正松投资,,2021-05-25,2021-05-28,国泰君安证券股份有限公司,,每周周五,否,0%,,A类份额：持有期小于360天，赎回费率为2%；持有期大等于365天，赎回费率为0%。B类份额：0%,,无,,0.01,A类份额：1%；B类份额：0%,0.025%,0.025%,"A类份额：16%；B类份额：0%。
业绩基准日：投资者赎回日、每年12月20日、分红权益登记日和基金清算日",0-5亿元,P1070016
团队跟踪,致邃投资-雪香金懿对冲量化11号私募证券投资基金,SQM786,致邃投资-雪香金懿对冲量化11号私募证券投资基金,SQM786,上海致邃投资,,2021-04-30,2021-04-30,中信建投证券股份有限公司,,每周周二,可临开赎回,1%(可减免),,1%(可减免),,无,,0.01,,"0≤E＜3000万，托管费率为【0.05%/年】；
3000≤E＜5000万，托管费率为【0.04%/年】；
5000≤E＜10000万，托管费率为【0.03%/年】；
E≥10000万，托管费率为【0.025%/年】。
E：前一自然日基金资产净值	","行政服务费：
0≤E＜3000万，运营服务费率为【0.05%/年】；
3000≤E＜5000万，运营服务费率为【0.04%/年】；
5000≤E＜10000万，运营服务费率为【0.03%/年】；
E≥10000万，运营服务费率为【0.025%/年】。
E：前一自然日基金资产净值",单人单笔年化收益率差额法，提取绝对收益的20%,5-10亿元,P1063212
团队跟踪,裕恒资本双龙2号私募证券投资基金,SQM793,裕恒资本双龙2号私募证券投资基金,SQM793,金华市裕恒资管,,2021-06-04,2021-06-15,中信证券股份有限公司,方昱、徐恒,,否,,,,,,,0,,,,,10-20亿元,P1016173
团队跟踪,钧誉厚德量化对冲10号私募证券投资基金,SQM842,钧誉厚德量化对冲10号私募证券投资基金,SQM842,珠海钧誉资管,,2021-05-06,2021-05-08,中信证券股份有限公司,侯勇,每周周二,否,1%,,0%,0.92,,0.9,0.01,,0.02%,,年化收益率超过0%以上部分按20%的比例收取业绩报酬,0-5亿元,P1068716
团队跟踪,领容希麦私募证券投资基金,SQM875,领容希麦私募证券投资基金,SQM875,上海领容投资,,2021-05-18,2021-05-21,中信建投证券股份有限公司,,每个工作日,否,A类份额：0% ，B类份额：1%,1万元起,A类份额：0%。B类份额：持有期小于365天，赎回费率为2%；持有期大等于365天，赎回费率为 0%,0.8,无,0.7,0.01,1%,0.02%,0.02%,A类份额：0%。B类份额：年化收益率≤0%，0%；0%＜年化收益率≤50%，20%；50%＜年化收益率，40%,10-20亿元,P1071654
团队跟踪,秉昊博弈10号,SQN003,秉昊博弈10号私募证券投资基金,SQN003,上海秉昊,,2021-05-31,2021-06-08,招商证券股份有限公司,,,否,,,,,,,0,,,,,20-50亿元,P1060315
团队跟踪,致远投资蓬莱1号私募证券投资基金,SQN092,致远投资蓬莱1号私募证券投资基金,SQN092,广州致远,,2021-05-13,2021-05-18,中信证券股份有限公司,,本基金固定开放日为成立后每个自然周的周三，接受申购申请，每个自然月15号，接受赎回申请，如对应日为非工作日，则顺延至下一个工作日。,可临开赎回,1%，基金管理人有权减免部分或者全部,,1%，基金管理人有权减免部分或者全部,0.85,无,0.8,0.01,,0.05%,0.05%,管理人将根据委托人每笔投资的期间年化收益率（R），当期间年化收益率大于5.5%时，对所有收益按照60%的比例收取业绩报酬，且计提后该笔份额的期间年化收益率不低于5.5%。,20-50亿元,P1071953
团队跟踪,星阔自由现金流增强1号私募证券投资基金,SQN154,星阔自由现金流增强1号私募证券投资基金,SQN154,青岛星阔投资,,2021-05-13,2021-05-20,招商证券股份有限公司,,每周最后一个交易日（如当周无交易日，则当周不开放；如当周只有一个交易日，则该交易日为开放日）与每自然季度最后一个交易日,可临开赎回,0%,追加金额应不低于1万元人民币,D<6月，r=1%; 6月≤D<12月，r=0.5%;D≥12月，r=0%,,无,,0.005,管理费每日计提，按季支付给基金管理人。,0.025%,0.025%,业绩报酬：10.0%（绝对收益）,10-20亿元,P1071681
团队跟踪,锴量承影三号私募证券投资基金,SQN183,锴量承影三号私募证券投资基金,SQN183,上海锴量投资,,2021-05-19,2021-05-24,招商证券股份有限公司,,,否,,,,,,,0,,,,,5-10亿元,P1070166
团队跟踪,国贸博孚利一号FOF集合资产管理计划,SQN187,国贸博孚利一号FOF集合资产管理计划,SQN187,厦门国贸资管,厦门博孚利资管,2021-05-28,2021-06-01,国泰君安证券股份有限公司,,每月第一个周五,否,0%,,0%,0.92,6个月,0.9,0.007,,0.025%,0.025%,计提基准为年化收益率6%，对超出业绩报酬计提基准的持有期差额收益按5%比例进行计提。,,PT1700030811
团队跟踪,道微土星5号量化CTA1号私募证券投资基金,SQN384,道微土星5号量化CTA1号私募证券投资基金,SQN384,重庆道微投资,,2021-06-01,2021-06-04,中国银河证券股份有限公司,,每月最后一个交易日,否,1%,,持有期小于360天，赎回费率为 1%；持有期大等于360天，免收取。,0.72,无,0.7,0.01,,0.05%,0.05%,20%,0-5亿元,P1005650
团队跟踪,锋滔鑫起点2号,SQN403,锋滔鑫起点2号私募证券投资基金,SQN403,上海锋滔资管,,2021-05-18,2021-05-18,华鑫证券有限责任公司,姚元云,每个交易日,否,0%,不低于1万元,0%,,,,0,,0.025%,0.025%,"Ri,j <r500+4.5%，计提0%；
r500+4.5%≤Ri,j，计提40%。
计提基准日：赎回申请对应的开放日、基金终止日、固定时点，其中固定时点为每季度最后一个交易日。",0-5亿元,P1007210
团队跟踪,钧誉厚德量化对冲11号私募证券投资基金,SQN453,钧誉厚德量化对冲11号私募证券投资基金,SQN453,珠海钧誉资管,,2021-05-07,2021-05-11,招商证券股份有限公司,,每周的周一、三、五,可临开赎回,1%,不低于1万元,0%,0.94,无,0.92,0.01,,0.025%,0.025%,20%,0-5亿元,P1068716
团队跟踪,星海利位三号私募证券投资基金,SQN539,星海利位三号私募证券投资基金,SQN539,上海利位,,2021-05-13,2021-05-20,海通证券股份有限公司,,,否,,,,,,,0,,,,,50-100亿元,P1026638
团队跟踪,简一长盈2号多策略私募证券投资基金,SQN736,简一长盈2号多策略私募证券投资基金,SQN736,广州简一投资,,2021-05-19,2021-06-01,广发证券股份有限公司,,,否,,,,,,,0,,,,,0-5亿元,P1063096
团队跟踪,富励业浦江全天候私募证券投资基金,SQN748,富励业浦江全天候私募证券投资基金,SQN748,上海富励业,,2021-05-27,2021-06-02,国泰君安证券股份有限公司,,,否,,,,,,,0,,,,,5-10亿元,P1071888
团队跟踪,辰钰量盛CTA1号私募证券投资基金,SQN799,辰钰量盛CTA1号私募证券投资基金,SQN799,上海辰钰,,2021-07-09,2021-07-14,招商证券股份有限公司,,,否,,,,,,,0,,,,,0-5亿元,P1010118
团队跟踪,水木博雅致理量化优选1号私募证券投资基金,SQN827,水木博雅致理量化优选1号私募证券投资基金,SQN827,珠海水木博雅,,2021-06-07,2021-06-17,中信证券股份有限公司,,,否,,,,,,,0,,,,,0-5亿元,P1071281
团队跟踪,量派对冲25号私募证券投资基金,SQN898,量派对冲25号私募证券投资基金,SQN898,上海量派投资,,2021-05-11,2021-05-14,招商证券股份有限公司,,每个交易日,否,1%,1万元起,持有期小于6个月，赎回费率为1%；持有期大等于6个月，赎回费率为0%,0.85,无,0.8,0.018,,0.025%,0.025%,单客户单笔份额高水位法，计提 20%,100亿元以上,P1071253
团队跟踪,弗居沪深300指数增强进取1号私募证券投资基金,SQN993,弗居沪深300指数增强进取1号私募证券投资基金,SQN993,芜湖弗居投资,,2021-09-14,2021-09-15,申万宏源证券有限公司,,,否,,,,,,,0,,,,,0-5亿元,P1061343
团队跟踪,普赞普星辰大海一号私募证券投资基金,SQP038,普赞普星辰大海一号私募证券投资基金,SQP038,深圳普赞普基金,,2021-05-26,2021-06-01,招商证券股份有限公司,杨小庆,每周周一,否,0%,,0%,0.95,,0.92,0.02,,0.04%,,当R>0％时，对超过0%的收益部分提取50%的业绩报酬,0-5亿元,P1033275
团队跟踪,时间序列多策略对冲1号,SQP041,时间序列多策略对冲1号私募证券投资基金,SQP041,青岛时间序列资管,,2021-05-19,2021-05-24,中信证券股份有限公司,王英昊,每周周五,否,0%,10万起,持有期小于90天，赎回费率为0.2%；持有期大等于90天，赎回费率为0%,0.9,无,0.85,0.01,,0.03%,0.03%,20%,10-20亿元,P1071639
团队跟踪,博孚利祥泰3号私募证券投资基金,SQP423,博孚利祥泰3号私募证券投资基金,SQP423,厦门博孚利资管,,2021-07-02,2021-07-07,中信证券股份有限公司,,每个工作日,否,0.5%,1 万元起,0%,,无,,0.005,保底8万,0.015%,0.015%,不计提业绩报酬,50-100亿元,P1023120
团队跟踪,幂数富饶期权套利1号私募证券投资基金,SQP466,幂数富饶期权套利1号私募证券投资基金,SQP466,上海幂数资管,,2021-05-19,2021-05-25,中信证券股份有限公司,陈炮,每个工作日,否,,,,,,,0.01,,,,,0-5亿元,P1064158
团队跟踪,云起量化指数增强1号,SQP741,云起量化指数增强1号私募证券投资基金,SQP741,宁波云起量化,,2021-05-19,2021-05-25,国泰君安证券股份有限公司,,,否,,,,,,,0,,,,,50-100亿元,P1071951
团队跟踪,荣熙明心一号私募证券投资基金,SQQ020,荣熙明心一号私募证券投资基金,SQQ020,上海荣熙,,2021-05-21,2021-06-03,国泰君安证券股份有限公司,,,否,,,,,,,0,,,,,5-10亿元,P1017741
团队跟踪,蓝涛蓝极套利2号私募证券投资基金,SQQ092,蓝涛蓝极套利2号私募证券投资基金,SQQ092,北京蓝涛投资,,2021-05-20,2021-05-27,中信证券股份有限公司,,每周周一,否,0%,,0%,0.95,无,0.9,0,,0.1%,0.1%,50%,0-5亿元,P1017338
团队跟踪,源圆混天绫2号私募证券投资基金,SQQ292,源圆混天绫2号私募证券投资基金,SQQ292,杭州源圆,,2021-05-26,2021-05-31,长城证券股份有限公司,,每周前三个交易日,否,,,,,无封闭期,,0.0002,0.02%,,,本基金不收取业绩报酬,0-5亿元,P1071834
团队跟踪,本利达利磐八号私募证券投资基金,SQQ371,本利达利磐八号私募证券投资基金,SQQ371,深圳本利达资管,,2021-07-06,2021-07-09,中信证券股份有限公司,何瑞,,否,,,,,,,0,,,,,0-5亿元,P1020629
团队跟踪,鸣熙天玑中证500指数增强3号,SQQ471,鸣熙天玑中证500指数增强3号私募证券投资基金,SQQ471,上海鸣熙资管,,2021-05-27,2021-05-27,招商证券股份有限公司,,每个工作日,否,0%,,0%,,,0.6,0,仅对A 类份额收取1%的管理费,0.025%,0.025%,A 类份额收取20%的业绩报酬，B类份额不收取,100亿元以上,P1033450
团队跟踪,概率汇聚进取1号私募证券投资基金,SQQ803,概率汇聚进取1号私募证券投资基金,SQQ803,上海概率投资,,2021-05-26,2021-05-31,招商证券股份有限公司,,"申购：每周一
赎回：每自然月第一个周一",可临开赎回,0%,追加金额应不低于10万元人民币,小于3个月0.50%；大于等于3个月0%,,无,,0.01,,0.025%,0.025%,"超额收益收取：
份额收益当期收益超过中证1000 指数（000852）对应期间收益，则管理人将提取赎回份额或参与分红份额当期超过中证 1000 指数（000852）对应期间收益的【20】%作为业绩报酬。",5-10亿元,P1071609
团队跟踪,领久成长策略1号,SQR139,领久成长策略1号私募证券投资基金,SQR139,上海领久,,2021-06-15,2021-06-22,国泰君安证券股份有限公司,魏晓康,每周一,否,0,,0,,无,,0.02,,0.025%,0.025%,单份额高水位，不设置每年固定分红日，赎回时收取,10-20亿元,P1071965
团队跟踪,量道文华精选专享17号私募证券投资基金,SQR254,量道文华精选专享17号私募证券投资基金,SQR254,深圳量道投资,,2021-05-21,2021-05-21,兴业证券股份有限公司,,每自然月第10个自然日为开放日。如该对应日为非工作日，则开放日为该日后的第一个工作日。,可临开申购,B类份额：0,每次追加申购的最低金额为10万元人民币。,0,0.8,成立后180天（已结束）。,0.75,0,B类份额：0.5%/年,0.025%/年,0.025%/年,"B类份额：单人单笔高水位法，针对收益0%以上的部分计提10%业绩报酬
本基金业绩报酬计提日为：封闭期过后，每年1月及7月的最后一个交易日，基金份额持有人实际赎回基金份额时（包含全部赎回，部分赎回）、基金终止日。",100亿元以上,P1016658
团队跟踪,博孚利超强8号FOF私募证券投资基金,SQR306,博孚利超强8号FOF私募证券投资基金,SQR306,厦门博孚利资管,,2021-06-07,2021-06-11,国泰君安证券股份有限公司,,每月1日、15日,可临开赎回,1%,不低于1万元,持有期小于180天，赎回费率为1%；持有期大等于180天，免收。,0.75,无,0.7,0.01,2024.2.19开始降低到1%,0.025%,0.025%,业绩报酬基准法，基准为5%，计提超额收益的15%,50-100亿元,P1023120
团队跟踪,雷菱量化对冲1号私募证券投资基金,SQR453,雷菱量化对冲1号私募证券投资基金,SQR453,上海雷菱,,2021-05-26,2021-06-03,招商证券股份有限公司,,每周周一,否,0%,,持有期小于3个月，赎回费率为1%；持有期大等于3个月，赎回费率 0%,0.97,,0.95,0.01,,0.05%,0.05%,提取赎回份额或分红份额当期收益的20%作为业绩报酬,20-50亿元,P1064970
团队跟踪,盛泉恒元多策略均衡58号私募证券投资基金,SQR595,盛泉恒元多策略均衡58号私募证券投资基金,SQR595,南京盛泉恒元投资,,2021-06-17,2021-06-17,中信证券股份有限公司,,,否,,,,,,,0,,,,,100亿元以上,P1006545
团队跟踪,皓邦激享CTA1号私募证券投资基金,SQR793,皓邦激享CTA1号私募证券投资基金,SQR793,上海德贝,,2021-05-27,2021-06-01,中信证券股份有限公司,马俊,每周周二,可临开赎回,0,,0,0.85,无,0.8,0.015,,,,"业绩报酬计提方式	单个单笔(高水位)
计提比例	20%

",100亿元以上,P1071472
团队跟踪,茂源量化长岛交易1号私募证券投资基金,SQR884,茂源量化长岛交易1号私募证券投资基金,SQR884,海南茂源量化,,2021-06-08,2021-06-08,海通证券股份有限公司,,"申购开放日为每月15 日以及每周周五（当月15 日为周五的，则合并为一个
开放日）；赎回开放日为每个月最后一个交易日",否,0%,,持有期小等于90 天，赎回费率1%；持有期大于90天，免收取,0.9,无,0.88,0,B 类基金份额管理费率为0%；A 类基金份额管理费率为1.5%,0.025%,0.025%,B类基金份额不收取业绩报酬；A类基金份额收取20%业绩报酬,100亿元以上,P1061840
团队跟踪,大华富道2号私募证券投资基金,SQR950,大华富道2号私募证券投资基金,SQR950,深圳大华信安,,2021-06-04,2021-06-11,中信证券股份有限公司,,,否,,,,,,,0,,,,,10-20亿元,P1024456
团队跟踪,飒露紫反重力一号私募证券投资基金,SQS154,飒露紫反重力一号私募证券投资基金,SQS154,上海飒露紫,,2021-06-18,2021-06-25,国信证券股份有限公司,,,否,,,,,,,0,,,,,10-20亿元,P1061592
团队跟踪,博孚利麟峰1号私募证券投资基金,SQS159,博孚利麟峰1号私募证券投资基金,SQS159,厦门博孚利资管,,2021-05-27,2021-06-01,国信证券股份有限公司,,每个工作日,可临开赎回,0%,1 万元起,0%,,无,,0.01,,0.015%,0.015%,份额高水位法，计提16%,50-100亿元,P1023120
团队跟踪,明湾紫薇11号私募证券投资基金,SQS182,明湾紫薇11号私募证券投资基金,SQS182,上海明湾资管,,2021-08-05,2021-08-05,招商证券股份有限公司,,每周一、三、五,可临开赎回,0%,1万元起,0%,,,,0.001,,0.01%,0.01%,不计提业绩报酬,10-20亿元,P1001040
团队跟踪,荣熙商品1号私募证券投资基金,SQS292,荣熙商品1号私募证券投资基金,SQS292,上海荣熙,,2021-06-10,2021-06-22,国泰君安证券股份有限公司,,,否,,,,,,,0,,,,,5-10亿元,P1017741
团队跟踪,鸣熙夸克二十一号证券投资私募基金,SQS303,鸣熙夸克二十一号证券投资私募基金,SQS303,鸣熙资本,,2021-06-11,2021-06-11,国信证券股份有限公司,,申购开放日为每周最后一个工作日，赎回开放日为每月最后一个工作日,否,0%,1万元起,0%,0.92,,0.9,0.01,A类份额：1%；B类份额：0%,0.025%,0.025%,A 类：20% “单客户单笔份额高水位法”；B 类不收取,100亿元以上,P1033450
团队跟踪,合绎塑造者5号私募证券投资基金,SQS458,合绎塑造者5号私募证券投资基金,SQS458,上海合绎投资,,2021-05-27,2021-06-30,兴业证券股份有限公司,,,否,,,,,,,0,,,,,50-100亿元,P1065514
团队跟踪,悦海盈和7号,SQS488,悦海盈和7号私募证券投资基金,SQS488,青岛悦海盈和,,2021-06-07,2021-06-21,招商证券股份有限公司,王江宁,,否,,,,,,,0,,,,,100亿元以上,P1070936
团队跟踪,寿宁信浦二号私募证券投资基金,SQS799,寿宁信浦二号私募证券投资基金,SQS799,上海寿宁投资,,2021-07-16,2021-07-22,国信证券股份有限公司,,,否,0%,,0%,,,,0.01,,0.015%,0.015%,采用单客户高水位法，提取50%,10-20亿元,P1017558
团队跟踪,鸣石CTA先锋进取A号,SQS859,鸣石CTA先锋进取A号私募证券投资基金,SQS859,上海鸣石,,2021-06-30,2021-07-12,招商证券股份有限公司,王晓晗,,否,,,,,,,0,,,,,100亿元以上,P1005659
团队跟踪,明睿聚宝盆策略2期私募证券投资基金,SQS954,明睿聚宝盆策略2期私募证券投资基金,SQS954,北京明睿,,2021-06-25,2021-07-02,中信证券股份有限公司,,本基金固定开放日为成立后每个自然月第五个工作日，接受申购和赎回申请。,否,"1%,申购费用不列入基金资产，其用途、支付对象等由基金管理人确定;基金管理人有权减免基金委托人的申购费用（若有）",基金委托人每次追加申购该类份额的金额应当不少于1万元（不含申购费用）,"持有期限（D）	赎回费率
D＜【365天】	【1】%
D≥【365天】	【0】%
基金终止或清算	0%,基金管理人有权减免基金委托人的赎回费用（若有）。",0.65,无,0.6,0,"本基金仅针对B类份额收取管理费，A类份额不收取管理费。
B类1.5%",0.025%,0.025%,"本基金业绩报酬计提基准日分为除息日（若有）、赎回申请日和基金终止日。业绩报酬计提日为分红确认日（若有）、赎回确认日和基金终止确认日。若某类份额某次分红（若有）对应的除息日与该类份额上一个发生业绩报酬计提对应的除息日间隔期短于3个月时，则该类份额该次分红的除息日及其对应的分红确认日不计提业绩报酬。
本基金在分红确认日提取业绩报酬，业绩报酬从委托人的分红资金中扣除且不超过分红资金（若有）；在赎回确认日提取业绩报酬，业绩报酬从委托人的赎回资金中扣除；在基金终止确认日提取业绩报酬，业绩报酬从委托人的清算资金中扣除。
超额收益部分提取20%",10-20亿元,P1026157
团队跟踪,弘量弘盈量化CTA,SQS957,弘量弘盈量化CTA私募证券投资基金,SQS957,深圳弘量投资,,2021-06-16,2021-06-21,国泰君安证券股份有限公司,,每个交易日,否,A类份额：0%；B类份额：1.5%,10万元起,A类份额：0%。B类份额：持有期小于180天，赎回费率为1%；持有期大等于180天，赎回费率为0%,,,,0.01,A类份额：0%；B类份额：1%,0.03%,0.03%,A类份额：0%；B类份额：20%,0-5亿元,P1071523
团队跟踪,概率500指增1号私募证券投资基金,SQT076,概率500指增1号私募证券投资基金,SQT076,上海概率投资,,2021-06-07,2021-06-15,招商证券股份有限公司,,,否,,,,,,,0,,,,,5-10亿元,P1071609
团队跟踪,安贤安选多策略2号,SQT138,安贤安选多策略2号私募证券投资基金,SQT138,北京安贤,,2021-06-09,2021-06-16,招商证券股份有限公司,赖雨澄,,否,,,,,,,0,,,,,50-100亿元,P1070195
团队跟踪,致邃投资-雪香对冲量化9号,SQT322,致邃投资-雪香对冲量化9号私募证券投资基金,SQT322,上海致邃投资,,2021-06-03,2021-06-03,中信建投证券股份有限公司,,,否,,,,,,,0,,,,,5-10亿元,P1063212
团队跟踪,山金博孚利FOF1号私募证券投资基金,SQT360,山金博孚利FOF1号私募证券投资基金,SQT360,厦门博孚利资管,,2021-06-03,2021-06-15,兴业证券股份有限公司,,每个自然月5、15、25日,可临开赎回,单笔小于1000万1%，大于0%,不低于1万元,0%,0.92,无,0.9,0.01,1%；固定投顾费0.5%,0.025%,0.025%,高水位净值法10%；浮动投资顾问费高水位净值法10%,50-100亿元,P1023120
团队跟踪,博孚利置享1期私募证券投资基金,SQT365,博孚利置享1期私募证券投资基金,SQT365,厦门博孚利资管,,2021-06-07,2021-06-15,兴业证券股份有限公司,,申购开放日为每周周五，赎回开放日为每月最后1个交易日,可临开赎回,1%,1万元起,持有期小于365个自然日，赎回费率为1%，持有期大等于365个自然日，免收。,0.85,无,0.8,0.01,,0.025%,0.025%,门槛收益率法，年化5%以上计提20%,50-100亿元,P1023120
团队跟踪,智信融科CTA七号,SQT524,智信融科CTA七号私募证券投资基金,SQT524,北京智信融科投资,,2021-06-08,2021-06-16,兴业证券股份有限公司,武征鹏,每一个工作日,可临开赎回,0%,,持有期小于90天，赎回费率1%；持有期大等于90天，赎回费率0%,0.85,,0.8,0.01,A类份额：1%，B类份额：0%,0.015%,0.015%,"A类份额：20%；
B类份额：0%。
业绩报酬计提时点： 赎回申请日、基金清算日、财产分配权益登记日、固定结算日（每自然年度最后一个交易日）",10-20亿元,P1034183
团队跟踪,弘茗潜力成长11号私募证券投资基金,SQT543,弘茗潜力成长11号私募证券投资基金,SQT543,上海弘茗资管,,2021-08-12,2021-08-19,国泰君安证券股份有限公司,,每个交易日,否,0%,,0%,0.95,无,0.93,0.01,,0.025%,0.025%,"当 0%<R -B≤20%时，对超出业绩报酬计提基准部分提取20%的业绩报酬，即 E=K×（R-B）×T/365×20%；
当20%<R-B≤40%时，对超出业绩报酬计提基准部分分段提取20%和30%
的业绩报酬，即 E=K×（R-B -0.2）×T/365×30%+ K×0.2×T/365×20%；
当40%<R-B 时，对超出业绩报酬计提基准部分分段提取20%、30%和40%
的业绩报酬，即 E=K×（R-B -0.4）×T/365×【40%】+ K×（0.4-0.2）×T/365×30%+ K×0.2×T/365×20%；
 当 R-B ≤0% 时，不提取业绩报酬",0-5亿元,P1009114
团队跟踪,伯兄建康,SQT564,伯兄建康私募证券投资基金,SQT564,上海伯兄投资,,2021-07-06,2021-07-13,国信证券股份有限公司,严寒,,否,,,,,,,0,,,,,10-20亿元,P1063130
团队跟踪,赢仕创鑫三号私募证券投资基金,SQT587,赢仕创鑫三号私募证券投资基金,SQT587,上海赢仕投资,,2021-06-23,2021-06-28,国信证券股份有限公司,,,否,,,,,,,0,,,,,10-20亿元,P1028261
团队跟踪,超量子中证500增强6号私募证券投资基金,SQT659,超量子中证500增强6号私募证券投资基金,SQT659,深圳超量子,,2021-06-10,2021-06-16,中信证券股份有限公司,,,否,,,,,,,0,,,,,100亿元以上,P1071044
团队跟踪,致邃投资-雪香金懿对冲量化12号私募证券投资基金,SQT815,致邃投资-雪香金懿对冲量化12号私募证券投资基金,SQT815,上海致邃投资,,2021-06-07,2021-06-07,招商证券股份有限公司,,每周周二、周三,否,0%,,持有期小于3个月，赎回费率为0.5%；持有期大等于3个月，赎回费率为0%,,无,,0.01,,,,超额20%,5-10亿元,P1063212
团队跟踪,明钺回报8号私募证券投资基金,SQU011,明钺回报8号私募证券投资基金,SQU011,珠海明钺,,2021-06-07,2021-06-10,招商证券股份有限公司,,,否,,,,,,,0,,,,,50-100亿元,P1066816
团队跟踪,衍复金选中证1000指数增强二号私募证券投资基金,SQU168,衍复金选中证1000指数增强二号私募证券投资基金,SQU168,上海衍复投资,,2021-06-22,2021-06-25,国泰君安证券股份有限公司,高亢,,否,,,,,,,0,,,,,100亿元以上,P1070325
团队跟踪,玉数涵瑞专享九号私募证券投资基金,SQU196,玉数涵瑞专享九号私募证券投资基金,SQU196,上海玉数投资,,2021-07-07,2021-07-14,财通证券股份有限公司,,,否,,,,,,,0,,,,,10-20亿元,P1065673
团队跟踪,绵烁恒利CTA1号私募证券投资基金,SQU211,绵烁恒利CTA1号私募证券投资基金,SQU211,上海绵烁资管,,2021-06-10,2021-06-16,招商证券股份有限公司,,,否,,,,,,,0,,,,,20-50亿元,P1060665
团队跟踪,务聚倚天八期,SQU231,务聚倚天八期私募证券投资基金,SQU231,上海务聚投资,,2022-06-24,2022-06-29,申万宏源证券有限公司,,每个工作日,否,0%,,0%,0.85,,0.8,0.01,,0.025%,0.025%,当基金份额赎回、基金终止或分红时，管理人将提取赎回份额或分红份额当期收益的35%作为业绩报酬,20-50亿元,P1067979
团队跟踪,南方基金誉晟集合资产管理计划,SQU276,南方基金誉晟集合资产管理计划,SQU276,南方基金,,2021-06-17,2021-06-17,兴业银行股份有限公司,,,否,,,,,,,0,,,,,,PT0100000002
团队跟踪,钧誉厚德CTA混合1号私募证券投资基金,SQU521,钧誉厚德CTA混合1号私募证券投资基金,SQU521,珠海钧誉资管,,2021-06-09,2021-06-15,兴业证券股份有限公司,侯勇,每自然月第10个自然日为开放日。如该对应日为非工作日，则开放日为该日后的第一个工作日。,可临开申购,B类份额：0,每次追加申购的最低金额为10万元人民币。,0,0.8,成立后180天（已结束）。,0.75,0,B类份额：0.5%/年,0.025%/年,0.025%/年,"B类份额：单人单笔高水位法，针对收益0%以上的部分计提10%业绩报酬
本基金业绩报酬计提日为：封闭期过后，每年1月及7月的最后一个交易日，基金份额持有人实际赎回基金份额时（包含全部赎回，部分赎回）、基金终止日。",0-5亿元,P1068716
团队跟踪,量道CTA精选18号私募证券投资基金,SQU658,量道CTA精选18号私募证券投资基金,SQU658,深圳量道投资,,2022-02-25,2022-03-04,国泰君安证券股份有限公司,,每个交易日,否,A类份额:1%，B类份额:0%。,1 万元的整数倍,A类份额：持有期小于180天，赎回费率为2%；持有期大等于180天及小于365天，赎回费率为1%；持有期大等于365天，赎回费率为0%。B类份额：0%。,0.7,无,0.65,0.015,A类份额:1.50%，B类份额:0%。 A类份额：向除B类份额投资者以外的其它合格投资者募集的基金份额。 B类份额：向本基金管理人管理的其他私募基金 、本基金管理人、本基金管理人员工募集的基金份额。,0.025%/年,0.025%/年,"A类份额：
1、计提方式：单个投资者单笔高水位净值法计提。
2、计提时点：投资者投资者赎回日、分红权益登记日、基金清算日、 固定计提日 （每年最后一个交易日）。
3、计提比例：20%
B类份额：不计提业绩报酬。",100亿元以上,P1016658
团队跟踪,展弘多策略10号,SQU707,展弘多策略10号私募证券投资基金,SQU707,上海展弘投资,,2021-06-30,2021-07-05,华泰证券股份有限公司,陈方府,每月第25个自然日,否,1%,,0%,0.9,无,0.88,0.015,,0.03%,0.03%,20%,100亿元以上,P1015638
团队跟踪,量道指数增强3号私募证券投资基金,SQU711,量道指数增强3号私募证券投资基金,SQU711,深圳量道投资,,2021-06-24,2021-06-24,国信证券股份有限公司,,"每个工作日
",可临开赎回,1%,,"持有期小于180 天，赎回费率为 1%，管理人有权减免
",0.8,无,0.75,0.015,,,0.025%,20%,100亿元以上,P1016658
团队跟踪,展旗致远能源1号,SQU715,展旗致远能源1号私募证券投资基金,SQU715,海南展旗,,2021-06-24,2021-06-30,中国国际金融股份有限公司,,申购开放日为每月的1日，赎回开放日为每季度末月的最后一个工作日,否,1%,50万元的整数倍递增,持有期小于360天，赎回费率为1%；持有期大等于360天，赎回费率为0%,0.85,6个月,0.8,0.02,2%,0.02%,,20%,0-5亿元,P1072040
团队跟踪,衍盛铭量铭泰1号,SQU741,衍盛铭量铭泰1号私募证券投资基金,SQU741,深圳衍盛,,2021-06-11,2021-06-21,中信证券股份有限公司,魏霄,每个工作日,可临开赎回,0%,不少于1万元且为1万元的整数倍（不含认购费用）,0%，归基金资产,,无,,0,A类：0%   B类：1%,0.04%,0.04%,A类：0%   B类：15%,50-100亿元,P1004055
团队跟踪,衍盛铭量铭泰2号私募证券投资基金,SQU742,衍盛铭量铭泰2号私募证券投资基金,SQU742,深圳衍盛,,2021-06-11,2021-06-21,中信证券股份有限公司,魏霄,,否,,,,,,,0,,,,,50-100亿元,P1004055
团队跟踪,六妙星豪鑫主观2号,SQU767,六妙星豪鑫主观2号私募证券投资基金,SQU767,北京六妙星,,2021-07-07,2021-07-12,招商证券股份有限公司,,,否,,,,,,,0,,,,,20-50亿元,P1073972
团队跟踪,鲲腾睿翼专享1号私募证券投资基金,SQV145,鲲腾睿翼专享1号私募证券投资基金,SQV145,深圳鲲腾,,2021-06-15,2021-06-22,招商证券股份有限公司,,,否,,,,,,,0,,,,,5-10亿元,P1025308
团队跟踪,福克斯-准星宙斯盾壹号,SQV204,福克斯-准星宙斯盾壹号私募证券投资基金,SQV204,深圳福克斯投资,,2021-06-21,2021-06-28,中信证券股份有限公司,汪沛,每个工作日,否,0%,,0%,0.85,无,0.8,0.01,A类份额：1%，B类份额：0%,0.04%,0.04%,"A 类份额业绩报酬的提取比例（Y）为【20】%，B 类份额业绩报酬的
提取比例（Y）为【0】%。",10-20亿元,P1065770
团队跟踪,天迹长盛对冲一号私募证券投资基金,SQV315,天迹长盛对冲一号私募证券投资基金,SQV315,杭州天迹,,2021-08-17,2021-08-20,长城证券股份有限公司,,每周第一个交易日,否,0%,,0%,0.75,无,0.7,0.005,,0.05%,0.05%,18%,0-5亿元,P1066176
团队跟踪,银瓴汇金2号私募证券投资基金三期,SQV377,银瓴汇金2号私募证券投资基金三期,SQV377,广西银瓴资产,,2021-06-28,2021-07-06,中信证券股份有限公司,莫帆,每自然月第10个自然日为开放日。如该对应日为非工作日，则开放日为该日后的第一个工作日。,可临开申购,B类份额：0,每次追加申购的最低金额为10万元人民币。,0,0.8,成立后180天（已结束）。,0.75,0,B类份额：0.5%/年,0.025%/年,0.025%/年,"B类份额：单人单笔高水位法，针对收益0%以上的部分计提10%业绩报酬
本基金业绩报酬计提日为：封闭期过后，每年1月及7月的最后一个交易日，基金份额持有人实际赎回基金份额时（包含全部赎回，部分赎回）、基金终止日。",0-5亿元,P1026879
团队跟踪,银瓴多德价值投资1号私募证券投资基金,SQV390,银瓴多德价值投资1号私募证券投资基金,SQV390,广西银瓴资产,,2021-07-05,2021-07-08,中信证券股份有限公司,莫帆,每自然月第10个自然日为开放日。如该对应日为非工作日，则开放日为该日后的第一个工作日。,可临开申购,B类份额：0,每次追加申购的最低金额为10万元人民币。,0,0.8,成立后180天（已结束）。,0.75,0,B类份额：0.5%/年,0.025%/年,0.025%/年,"B类份额：单人单笔高水位法，针对收益0%以上的部分计提10%业绩报酬
本基金业绩报酬计提日为：封闭期过后，每年1月及7月的最后一个交易日，基金份额持有人实际赎回基金份额时（包含全部赎回，部分赎回）、基金终止日。",0-5亿元,P1026879
团队跟踪,珠海宽德飞跃3号,SQV484,珠海宽德飞跃3号私募证券投资基金,SQV484,珠海宽德,,2021-07-06,2021-07-15,广发证券股份有限公司,,申购开放日为每周周二；赎回开放日为每自然月15号,可临开赎回,0%,,持有期小于180天，赎回费率为1%；持有期大等于180天，赎回费率为0%,0.85,无,0.8,0.01,"
",,,"20%
",100亿元以上,P1031924
团队跟踪,浩赜青山二期私募证券投资基金,SQV768,浩赜青山二期私募证券投资基金,SQV768,上海浩赜投资,,2021-06-24,2021-07-02,中信证券股份有限公司,,每月最后一个工作日,否,0%,,0%,0.45,无,0.3,0.02,,0.01%,,期间实际收益率（R），对期间实际收益率超过0%以上部分按照20%的比例收取业绩报酬,0-5亿元,P1066327
团队跟踪,博孚利多策略八号私募证券投资基金,SQV965,博孚利多策略八号私募证券投资基金,SQV965,厦门博孚利资管,,2021-06-17,2021-06-22,兴业证券股份有限公司,,每个工作日,否,0%,不少于 1 万元,0%,0.7,无,0.5,0.01,1%,0.015%,0.015%,26.6.12已公告取消业报（原 份额高水位法，提取比例为20%）,50-100亿元,P1023120
团队跟踪,博孚利涌金10号私募证券投资基金,SQW014,博孚利涌金10号私募证券投资基金,SQW014,厦门博孚利资管,,2021-06-25,2021-07-06,招商证券股份有限公司,,每个工作日,可临开赎回,0%,1 万元起,0%,,无,,0.015,,0.015%,0.015%,门槛收益率法，年化30%以上计提60%,50-100亿元,P1023120
团队跟踪,巨博华多元策略1号证券私募投资基金,SQW105,巨博华多元策略1号证券私募投资基金,SQW105,深圳巨博华,,2021-07-12,2021-07-20,国信证券股份有限公司,,,否,,,,,,,0,,,,,0-5亿元,P1016497
团队跟踪,睿郡节节高12号私募证券投资基金,SQW279,睿郡节节高12号私募证券投资基金,SQW279,上海睿郡资管,,2021-06-21,2021-06-21,兴业证券股份有限公司,,每周周三,否,0%,1万元起,0%,0.8,无,,0.006,A 类份额：0%；B 类份额：0.6%,0.04%,0.04%,A 类份额：无。B 类份额：采用“年化收益率”法计提，对单笔投资年化收益率 6%以上的部分按 15%比例计提，若 B 类基金单位份额年化收益率 R 小于或等于 6%时，管理人不提取业绩报酬；若 B 类基金单位份额年化收益率 R 大于 6%，管理人对大于6%的部分提取 15%作为业绩报酬。,100亿元以上,P1014376
团队跟踪,品责优享八期私募证券投资基金,SQW391,品责优享八期私募证券投资基金,SQW391,上海品责资产,,2021-06-18,2021-06-23,招商证券股份有限公司,,,否,,,,,,,0,,,,,5-10亿元,P1020138
团队跟踪,正瀛实恒进取一号私募证券投资基金,SQW415,正瀛实恒进取一号私募证券投资基金,SQW415,上海正瀛资管,,2021-06-23,2021-06-28,国泰君安证券股份有限公司,,每周周一,否,1%,,持有期小于365天，经管理人同意后可以赎回，赎回费率为1%；持有期大等于365天，赎回费率为0%,0.85,无,0.8,0.015,,0.025%,0.025%,"当0%<(R-B)≤20%时，对超出业绩报酬计提基准部分提取20%的业绩报酬；
当20%<(R-B)时，对超出业绩报酬计提基准部分分段提取20%和30%的业绩报酬；
当R-B<0%时，不提取业绩报酬。",100亿元以上,P1060813
团队跟踪,大道丰年私募证券投资基金,SQW613,大道丰年私募证券投资基金,SQW613,深圳大道投资,,2021-07-05,2021-07-20,国信证券股份有限公司,,,否,,,,,,,0,,,,,100亿元以上,P1032257
团队跟踪,衍复1000指增三号,SQW675,衍复1000指增三号私募证券投资基金,SQW675,上海衍复投资,,2021-06-23,2021-06-28,中信建投证券股份有限公司,高亢,每月的最后一个交易日,可临开赎回,0%,,持有期小等于12个月，赎回费率为1%；持有期大于12个月，赎回费率为0%,,无,,0.01,,0.025%,0.025%,"提取比例为TB=20%。业绩报酬以份额相比同期间的中证1000指数的增值部分为计提基准。
计提基准日：份额持有人部分或全部赎回、固定计提基准日（每年的3月、6月、9月、12月的最后一个交易日）、本基金终止时计提",100亿元以上,P1070325
团队跟踪,量创全景元语2号私募证券投资基金,SQW734,量创全景元语2号私募证券投资基金,SQW734,前海量创投资,,2021-07-12,2021-07-15,国泰君安证券股份有限公司,王伟男、骆俊,每个交易日,否,1%,1万元起,0%,0.82,无,0.8,0.015,,0.015%/年,0.015%/年,采用单客户单笔份额高水位法，提取比例20%。,20-50亿元,P1032081
团队跟踪,希格斯水手3号,SQW758,希格斯水手3号私募证券投资基金,SQW758,杭州希格斯投资,,2021-07-13,2021-07-16,中信证券股份有限公司,周宇晨,每月的15号、25号,否,1%,,持有期小于360天，赎回费率为0.5%；持有期大等于360天，赎回费率为0%；基金终止或清算，赎回费率为0%,0.9,无,0.85,0.01,,0.025%,0.025%,20%,20-50亿元,P1069042
团队跟踪,鲲腾复合3号私募证券投资基金,SQW776,鲲腾复合3号私募证券投资基金,SQW776,深圳鲲腾,,2021-06-28,2021-07-14,华泰证券股份有限公司,,每周周三,可临开赎回,0%,,持有期小于180天，赎回费率为1%；持有期大等于180天，赎回费率为0%,0.85,无,0.8,0.01,,0.025%,0.025%,,5-10亿元,P1025308
团队跟踪,百奕红利指数增强一号,SQW852,百奕红利指数增强一号私募证券投资基金,SQW852,上海百奕投资,,2021-07-05,2021-07-16,国信证券股份有限公司,李锦凤,本基金自成立之日起，每周五为固定开放日，如开放日遇节假日则顺延至下一工作日。固定开放日投资者可以申购参与本基金，也可以申请赎回本基金。,可临开赎回,申购费率为 1%，申购费由募集机构收取；募集机构有权对个别投资者的申购费进行减免。,认购期间追加认购金额应为 1 万元（不含认购费）的整数倍。,赎回费费率为 1%，赎回费由管理人收取；管理人有权对个别基金份额持有人的赎回费进行减免。,0.9,在本基金存续期内，除开放日外的期间为封闭期，在此期间管理人不接受投资者的申购和赎回申请。,0.8,0.015,本基金的管理费按前一日基金资产净值的 1.5%年费率计提,0.05%,0.05%,20%，管理人对基金超额收益部分收取业绩报酬。,0-5亿元,P1014097
团队跟踪,龙帆恒盛稳固2号,SQW857,龙帆恒盛稳固2号私募证券投资基金,SQW857,厦门龙帆资管,,2021-07-02,2021-07-09,国泰君安证券股份有限公司,,,否,,,,,,,0,,,,,5-10亿元,P1062076
团队跟踪,千衍九思9号私募证券投资基金,SQX020,千衍九思9号私募证券投资基金,SQX020,上海千衍,,2021-06-30,2021-07-05,华泰证券股份有限公司,,,否,,,,,,,0,,,,,100亿元以上,P1009640
团队跟踪,华泰期货锐泰FOF7号集合资产管理计划,SQX362,华泰期货锐泰FOF7号集合资产管理计划,SQX362,华泰期货,,2021-07-23,2021-07-28,招商银行股份有限公司,,,否,,,,,,,0,,,,,,PT0500011867
团队跟踪,展弘CTA运作2号私募证券投资基金,SQX487,展弘CTA运作2号私募证券投资基金,SQX487,上海展弘投资,,2021-06-29,2021-07-02,华泰证券股份有限公司,,,否,,,,,,,0,,,,,100亿元以上,P1015638
团队跟踪,锐天核心一号私募证券投资基金,SQX704,锐天核心一号私募证券投资基金,SQX704,上海锐天投资,,2021-06-28,2021-07-06,中信建投证券股份有限公司,,,否,,,,,,,0,,,,,100亿元以上,P1024169
团队跟踪,维万CTA二号私募证券投资基金,SQX729,维万CTA二号私募证券投资基金,SQX729,上海维万,,2021-07-07,2021-07-12,国信证券股份有限公司,,每周的最后一个工作日,否,0%,,0%,0.97,,0.95,0.01,, 0.025%, 0.025%,25%,5-10亿元,P1031529
团队跟踪,隽贤谷雨证券投资私募基金,SQX829,隽贤谷雨证券投资私募基金,SQX829,上海隽贤投资,,2021-07-09,2021-07-14,中信证券股份有限公司,,,否,,,,,,,0,,,,,0-5亿元,P1071470
团队跟踪,银河期货星耀2号集合资产管理计划,SQY046,银河期货星耀2号集合资产管理计划,SQY046,银河期货,,2021-07-08,2021-07-13,招商银行股份有限公司,,每月第二个周五,否,,,,0.94,无,0.92,0.013,,,,按照20%的比例进行计提,,PT0500011746
团队跟踪,玄元元增2号私募证券投资基金,SQY155,玄元元增2号私募证券投资基金,SQY155,广东玄元,,2021-06-28,2021-06-28,招商证券股份有限公司,张伟,申购开放日为每个工作日，赎回开放日为每自然季度末月的8号,否,申购金额小等于500万元，申购费率1%；大于500万元且小等于1000万元，申购费率0.5%；大于1000万元，申购费率0%,,持有期小于6个月，赎回费率为0.5%；持有期大等于6个月，赎回费率为0%,,,,0.01,,0.015%,0.015%,单客户高水位法。收益部分的15%计提业绩报酬,100亿元以上,P1029168
团队跟踪,灏象量化徇齐一号私募证券投资基金,SQY211,灏象量化徇齐一号私募证券投资基金,SQY211,上海艾礼象,,2021-07-05,2021-07-09,中信证券股份有限公司,李伊文,,否,,,,,,,0,,,,,20-50亿元,P1062971
团队跟踪,泰玥量化进取私募证券投资基金,SQY234,泰玥量化进取私募证券投资基金,SQY234,北京泰玥众合投资,,2021-06-28,2021-07-01,招商证券股份有限公司,,,否,,,,,,,0,,,,,0-5亿元,P1006676
团队跟踪,禅龙聚配专享1号,SQY444,禅龙聚配专享1号私募证券投资基金,SQY444,上海禅龙资管,,2021-10-28,2021-11-01,国泰君安证券股份有限公司,杨子博,,否,,,,,,,0,,,,,50-100亿元,P1015508
团队跟踪,复熙固定收益1号私募证券投资基金,SQY447,复熙固定收益1号私募证券投资基金,SQY447,上海复熙资管,,2021-07-02,2021-07-23,中信证券股份有限公司,朱奕炯、王铮,本基金每个工作日接受申购申请；每个自然月的 18 号接受赎回申请，如对 应日为非工作日，则顺延至下一个工作日,可临开赎回,0%,,0%,,无,,0.005,,,,业绩报酬的计算采取“单客户单笔份额高水位法”：对份额同期年化收益超过5.8%后，对持有期收益部分提取20%作为业绩报酬,20-50亿元,P1006187
团队跟踪,衍复金选中证1000指数增强三号私募证券投资基金,SQY468,衍复金选中证1000指数增强三号私募证券投资基金,SQY468,上海衍复投资,,2021-09-03,2021-09-08,国泰君安证券股份有限公司,高亢,,否,,,,,,,0,,,,,100亿元以上,P1070325
团队跟踪,博孚利多棱1号FOF私募证券投资基金,SQY590,博孚利多棱1号FOF私募证券投资基金,SQY590,厦门博孚利资管,,2021-07-05,2021-07-08,国信证券股份有限公司,,每周周五,否,0%,1万元的整数倍,持有期小于180天，赎回费率为1%；持有期大等于180天，免收。,0.85,无,0.7,0.01,,0.02%,0.02%,10%,50-100亿元,P1023120
团队跟踪,量魁可转债量化二号私募证券投资基金,SQY686,量魁可转债量化二号私募证券投资基金,SQY686,上海量魁,,2021-06-28,2021-07-02,兴业证券股份有限公司,金枫杰,,否,,,,,,,0,,,,,100亿元以上,P1062372
团队跟踪,致邃投资-雪香对冲量化10号私募证券投资基金,SQY719,致邃投资-雪香对冲量化10号私募证券投资基金,SQY719,上海致邃投资,,2021-06-30,2021-06-30,中信建投证券股份有限公司,,每周周三,否,1%,,0%,0.85,无,0.8,0.01,,0.05%,0.05%,年化收益小等于0%，不收取；年化收益大于0%小等于12%，收取20%；年化收益大于12%小等于18%，收取35%；年化收益大等于18%，收取50%。且计提后收益率不低于8%,5-10亿元,P1063212
团队跟踪,博孚利钱钱家永续常青壹号私募证券投资基金,SQY724,博孚利钱钱家永续常青壹号私募证券投资基金,SQY724,厦门博孚利资管,,2021-07-05,2021-07-08,国信证券股份有限公司,,每个交易日,否,0,1 万元的整数倍,小于180 天，赎回费率为1%可免,,除开放日外的期间,,0.005,,0.02%年保底5000,0.02%年保底5000,无,50-100亿元,P1023120
团队跟踪,启林金选中证500指数增强7号私募证券投资基金,SQY817,启林金选中证500指数增强7号私募证券投资基金,SQY817,上海启林投资,,2021-07-29,2021-08-03,国泰君安证券股份有限公司,,,否,,,,,,,0,,,,,100亿元以上,P1064525
团队跟踪,博孚利尊享君悦11号私募证券投资基金,SQY861,博孚利尊享君悦11号私募证券投资基金,SQY861,厦门博孚利资管,,2021-07-06,2021-07-13,国泰君安证券股份有限公司,,每个交易日,否,0%,1万元起,0%,,无,,0.001,,0.05%,0.05%,高水位法，计提绝对收益的5%,50-100亿元,P1023120
团队跟踪,星阔山金江月1号私募证券投资基金,SQY943,星阔山金江月1号私募证券投资基金,SQY943,青岛星阔投资,,2021-07-19,2021-07-26,长江证券股份有限公司,,每周一、周四,可临开赎回,0%,追加金额不低于1万,0%,0.85,无,0.8,0,不收取管理费,0.025%,"0.025%
","不收取业绩报酬
",10-20亿元,P1071681
团队跟踪,顺义成量化精选一号,SQZ004,顺义成量化精选一号私募证券投资基金,SQZ004,陕西顺义成投资,,2021-07-08,2021-07-13,广发证券股份有限公司,程晓玮,申购开放日为每个交易日，赎回开放日为每周周五,否,0%,1万元整数倍,持有期小于90天，赎回费率为1%；持有期大等于90天且低于180天，赎回费率为0.5%；持有期大等于180天，赎回费率为0%,0.8,无,0.75,0.01,,0.02%,0.02%,"在业绩报酬计提日管理人根据投资人的期间实际收益率（r），对该笔份额相对于同期沪深 300指数（000300）所产生的增盈收益按 18%比例收取业绩报酬，但最高不超过该笔份额同期实际收益。
计提日基准日：固定计提确认日、收益分配日确认日（如有）、赎回确认日和基金清算确认日。",5-10亿元,P1064558
团队跟踪,普赞普蓝海稳健一号私募证券投资基金,SQZ040,普赞普蓝海稳健一号私募证券投资基金,SQZ040,深圳普赞普基金,,2021-07-08,2021-07-15,招商证券股份有限公司,杨小庆,,否,,,,,,,0,,,,,0-5亿元,P1033275
团队跟踪,满风积分1号中证500指数增强,SQZ285,满风积分1号中证500指数增强私募证券投资基金,SQZ285,上海满风资管,,2021-07-12,2021-07-16,华鑫证券有限责任公司,刘海影,每个交易日,否,0%,,0%,,,,0,,0.025%,0.025%,管理人对期间中证500超额4.5%的部分提取40%作为业绩报酬,5-10亿元,P1015262
团队跟踪,尚艺量化CTA1号私募证券投资基金,SQZ497,尚艺量化CTA1号私募证券投资基金,SQZ497,北京尚艺,,2021-07-06,2021-07-09,中信证券股份有限公司,,,否,,,,,,,0,,,,,50-100亿元,P1006152
团队跟踪,立心策源卓成1号私募证券投资基金,SQZ545,立心策源卓成1号私募证券投资基金,SQZ545,青岛立心,,2021-07-29,2021-08-10,招商证券股份有限公司,,,否,,,,,,,0,,,,,20-50亿元,P1066776
团队跟踪,泽善价值成长2号私募证券投资基金,SQZ655,泽善价值成长2号私募证券投资基金,SQZ655,广东泽善投资,,2021-07-15,2021-07-22,兴业证券股份有限公司,,每周周三,可临开赎回,0%,,0%,0.8,,0.75,0.01,,0.0175%,0.0175%,不收取业绩报酬。,10-20亿元,P1070852
团队跟踪,洺沣广洺1号私募证券投资基金,SQZ693,洺沣广洺1号私募证券投资基金,SQZ693,共青城洺沣投资,,2021-07-23,2021-07-28,广发证券股份有限公司,卫少峰,每个交易日,否,,,,,,,0.015,1.5%,,,收益0以上计提20%业绩报酬,10-20亿元,P1070038
团队跟踪,锐天核心二号,SQZ902,锐天核心二号私募证券投资基金,SQZ902,上海锐天投资,,2021-07-08,2021-07-12,中信建投证券股份有限公司,,每自然月第10个自然日为开放日。如该对应日为非工作日，则开放日为该日后的第一个工作日。,可临开申购,B类份额：0,每次追加申购的最低金额为10万元人民币。,0,0.8,成立后180天（已结束）。,0.75,0,B类份额：0.5%/年,0.025%/年,0.025%/年,"B类份额：单人单笔高水位法，针对收益0%以上的部分计提10%业绩报酬
本基金业绩报酬计提日为：封闭期过后，每年1月及7月的最后一个交易日，基金份额持有人实际赎回基金份额时（包含全部赎回，部分赎回）、基金终止日。",100亿元以上,P1024169
团队跟踪,翰荣中证500指数增强一号私募证券投资基金,SQZ994,翰荣中证500指数增强一号私募证券投资基金,SQZ994,深圳翰荣,,2021-07-13,2021-07-16,国信证券股份有限公司,聂守华,,否,,,,,,,0,,,,,50-100亿元,P1063371
团队跟踪,明汯CTA白羊二号私募投资基金,SR0001,明汯CTA白羊二号私募投资基金,SR0001,上海明汯投资,,2016-12-09,2016-12-19,国金证券股份有限公司,,每个工作日,否,,,,,,,0,A类不收取管理费；B类管理费为2%,,,B类业绩报酬为30%,100亿元以上,P1004150
团队跟踪,致远中证500指数加强,SR0088,致远中证500指数加强私募基金,SR0088,珠海致诚卓远投资,,2016-12-06,2016-12-27,中泰证券股份有限公司,史帆,每日开放,否,0,,0.000000,,无,,0.002,0.020000,0.001000,0.02%,0.200000,100亿元以上,P1065479
团队跟踪,高维优选配置3号,SR0184,高维优选配置3号私募证券投资基金,SR0184,上海高维,,2016-12-12,2016-12-26,国泰君安证券股份有限公司,,,否,,,,,,,0,,,,,50-100亿元,P1020504
团队跟踪,因诺天机18号私募基金,SR0279,因诺天机18号私募基金,SR0279,上海因诺资管,,2016-12-30,2017-01-09,国泰君安证券股份有限公司,,,否,,,,,,,0,,,,,100亿元以上,P1006164
团队跟踪,聚宽广思对冲二号私募证券投资基金A类份额,SR064A,聚宽广思对冲二号私募证券投资基金A类份额,SR064A,北京聚宽投资,,2021-09-16,2021-09-16,广发证券股份有限公司,,每月5日、15日,否,差异化申购费率如下： 单笔申购金额＜300万元，申购费率为1%；300万元≤单笔申购金额＜500 万元，申购费率0.8%；500万元≤单笔申购金额，申购费率为0.5%； ,不低于10万元,0%,0.9,,0.85,0.01,基金销售服务费：1%,0.05%,0.05%,超过历史份额计提日最高份额累计净值部分，计提20%,100亿元以上,P1066435
团队跟踪,隽诚之星B号私募基金,SR1036,隽诚之星B号私募基金,SR1036,上海隽诚投资咨询,,2017-01-10,2017-01-13,招商证券股份有限公司,,,否,,,,,,,0,,,,,0-5亿元,P1008843
团队跟踪,珏朔朴道量化CTA稳健一号私募基金,SR1420,珏朔朴道量化CTA稳健一号私募基金,SR1420,上海珏朔资产,,2017-02-08,2017-02-13,国泰君安证券股份有限公司,马大壮,,否,,,,,,,0,,,,,20-50亿元,P1034694
团队跟踪,龙旗红鹰私募证券投资基金,SR1951,龙旗红鹰私募证券投资基金,SR1951,杭州龙旗科技,,2017-05-24,2017-06-02,中国银河证券股份有限公司,,,否,,,,,,,0,,,,,100亿元以上,P1000676
团队跟踪,龙旗骄阳私募投资基金,SR1957,龙旗骄阳私募投资基金,SR1957,杭州龙旗科技,,2017-03-23,2017-03-24,国泰君安证券股份有限公司,,,否,,,,,,,0,,,,,100亿元以上,P1000676
团队跟踪,知易寰宇多策略1号私募证券投资基金A类份额,SR272A,知易寰宇多策略1号私募证券投资基金A类份额,SR272A,浙江知易,,2021-09-30,,招商证券股份有限公司,,本基金份额自认购/申购之日（认购日为基金成立日、申购日为申购所对应开放日）起6个月（每月按30个自然日计算，含头不含尾，含满6个月当日）不允许基金份额持有人进行赎回。本基金申购开放日为每个自然月的最后一个交易日；赎回开放日为每个自然季度的最后一个交易日。如申购开放日和赎回开放日重合，则本基金在该开放日既可申购也可赎回。,可临开赎回,A类份额:不收取， B类份额：不收取,不低于10万,A类份额:不收取， B类份额：不收取,0.75,本基金份额自认购/申购之日（认购日为基金成立日、申购日为申购所对应开放日）起6个月（每月按30个自然日计算，含头不含尾，含满6个月当日）不允许基金份额持有人进行赎回。,0.7,0.012,A类份额:1.2%， B类份额：1.2%,0.025%,0.025%,"  份额类别          业绩报酬计提基准 P%          业绩报酬计提比例 Q%
A类份额:1.2%               0%                            20%
B类份额：1.2%             4%                            12%",0-5亿元,P1071872
团队跟踪,新萌投资-亮点2号商品量化对冲私募基金,SR2822,新萌投资-亮点2号商品量化对冲私募基金,SR2822,上海新萌,,2017-01-05,2017-01-20,华泰证券股份有限公司,李萌萌,,否,,,,,,,0,,,,,0-5亿元,P1060193
团队跟踪,宽客8号私募证券投资基金,SR3605,宽客8号私募证券投资基金,SR3605,福建省宽客投资,,2017-01-20,2017-01-23,,,,否,,,,,,,0,,,,,0-5亿元,P1019324
团队跟踪,海鹏扬帆私募证券投资基金A类,SR379A,海鹏扬帆私募证券投资基金A类,SR379A,北京海鹏,,2021-10-28,,国泰君安证券股份有限公司,,每月18号,否,0%,,持有期小于180天，赎回费率为2%；持有期大等于180天但小于360天，赎回费率为1%；持有期大等于180天，赎回费率为0%,,,,0.02,,0.025%,0.025%,20%,10-20亿元,P1016905
团队跟踪,海鹏数策私募证券投资基金A类份额,SR382A,海鹏数策私募证券投资基金A类份额,SR382A,北京海鹏,,2021-10-28,,国泰君安证券股份有限公司,,每月18日,否,0%,,持有期小于180天，赎回费率为2%；持有期大等于180天但小于360天，赎回费率为1%；持有期大等于180天，赎回费率为0%,,,,0.01,,0.025%,0.025%,20%,10-20亿元,P1016905
团队跟踪,海鹏数策私募证券投资基金B类份额,SR382B,海鹏数策私募证券投资基金B类份额,SR382B,北京海鹏,,2021-10-28,,国泰君安证券股份有限公司,,,否,,,,,,,0,,,,,10-20亿元,P1016905
团队跟踪,宣夜投资启明一号私募证券投资基金,SR4469,宣夜投资启明一号私募证券投资基金,SR4469,上海宣夜投资,,2017-03-06,2017-03-25,国信证券股份有限公司,郭首一,,否,,,,,,,0,,,,,20-50亿元,P1060042
团队跟踪,煦荣一号私募基金,SR4788,煦荣一号私募基金,SR4788,上海煦荣投资,,2017-01-12,2017-01-19,中信证券股份有限公司,,,否,,,,,,,0,,,,,0-5亿元,P1034142
团队跟踪,泉汐名扬多策略组合投资私募基金1号,SR4898,泉汐名扬多策略组合投资私募基金1号,SR4898,上海泉汐投资,,2016-12-30,2017-01-11,广发证券股份有限公司,,,否,,,,,,,0,,,,,10-20亿元,P1033701
团队跟踪,千象12期,SR5087,千象12期私募证券投资基金,SR5087,上海千象资产,,2017-02-09,2017-02-17,招商证券股份有限公司,,,否,,,,,,,0,,,,,100亿元以上,P1006930
团队跟踪,歆享资产稳健一号私募投资基金,SR5496,歆享资产稳健一号私募投资基金,SR5496,上海歆享资管,,2017-01-05,2017-02-20,海通证券股份有限公司,,,否,,,,,,,0,,,,,5-10亿元,P1004037
团队跟踪,厦门国际信托有限公司-景星2号证券投资集合资金信托计划,SR5604,厦门国际信托有限公司-景星2号证券投资集合资金信托计划,SR5604,,上海虑远资管,2016-11-24,2017-01-25,中国光大银行股份有限公司,,,否,,,,,,,0,,,,,,
团队跟踪,青晟一号私募基金,SR5630,青晟一号私募基金,SR5630,上海青晟财富投资,,2017-05-23,2017-05-31,华泰证券股份有限公司,,,否,,,,,,,0,,,,,0-5亿元,P1060521
团队跟踪,九章幻方中证500量化多策略1号,SR6089,九章幻方中证500量化多策略1号私募基金,SR6089,宁波幻方量化投资,,2017-01-19,2017-01-23,招商证券股份有限公司,徐进,,否,,,,,,,0,,,,,100亿元以上,P1032021
团队跟踪,未来资产1号私募投资基金,SR6655,未来资产1号私募投资基金,SR6655,深圳前海未来资产投资,,2017-01-24,2017-01-25,包商银行股份有限公司,,,否,,,,,,,0,,,,,0-5亿元,P1032683
团队跟踪,文谛量化多策略一号私募基金,SR6766,文谛量化多策略一号私募证券投资基金,SR6766,上海文谛资管,,2017-02-07,2017-02-21,国信证券股份有限公司,周时和,,否,,,,,,,0,,,,,10-20亿元,P1060697
团队跟踪,龙旗Y计划一期私募投资基金,SR6843,龙旗Y计划一期私募投资基金,SR6843,杭州龙旗科技,,2017-02-20,2017-02-23,国泰君安证券股份有限公司,朱晓康,,否,,,,,,,0,,,,,100亿元以上,P1000676
团队跟踪,弘润资产多策略5号私募证券投资基金,SR6999,弘润资产多策略5号私募证券投资基金,SR6999,上海弘润资管,,2017-01-12,2017-01-19,光大证券股份有限公司,,,否,,,,,,,0,,,,,0-5亿元,P1030867
团队跟踪,泓信全景三十二号量化多策略私募证券投资基金,SR7069,泓信全景三十二号量化多策略私募证券投资基金,SR7069,上海泓信投资,,2017-03-14,2017-03-22,招商证券股份有限公司,,,否,,,,,,,0,,,,,0-5亿元,P1003439
团队跟踪,宽客矢量3号私募证券投资基金,SR7773,宽客矢量3号私募证券投资基金,SR7773,福建省宽客投资,,2017-03-03,2017-03-08,兴业证券股份有限公司,,,否,,,0.000000,,,,0,0.000000,,,,0-5亿元,P1019324
团队跟踪,厚方三号私募投资基金,SR7801,厚方三号私募投资基金,SR7801,广东厚方投资,,2017-01-20,2017-02-03,广发证券股份有限公司,潘文盛,,否,,,,,,,0,,,,,10-20亿元,P1019245
团队跟踪,新萌投资-亮点1号,SR8022,新萌投资-亮点1号私募投资基金,SR8022,上海新萌,,2017-01-23,2017-02-07,华泰证券股份有限公司,李萌萌,,否,,,,,,,0,,,,,0-5亿元,P1060193
团队跟踪,牧鑫纯贝塔0号私募证券投资基金,SR8254,牧鑫纯贝塔0号私募证券投资基金,SR8254,上海牧鑫,,2017-02-13,2017-02-16,国泰君安证券股份有限公司,张杰平,FOF投资产品池,否,每个交易日开放,上海牧鑫私募基金管理有限公司,0.000000,,管理期货策略,,0,,,,0.000000,20-50亿元,P1026632
团队跟踪,汇艾稳健3号私募投资基金,SR8584,汇艾稳健3号私募投资基金,SR8584,上海汇艾资管,,2017-02-06,2017-02-24,国泰君安证券股份有限公司,杨晓荣,"申购开放日为自基金成立日起每季
申购开放日为每季度最后一个交易日，赎回开放日为封闭期结束之后的下一个月最后一个交易日及之后每季度最后一个交易日",否,0%,,0%,0.85,自成立日起 6 个月内,0.8,0.01,,0.025%,0.025%,"对超过上次成功计提基准日基金份额累计净值部分按20%比例进行计提。
计提基准日：固定计提日、投资者赎回日、分红权益登记日、基金清算
日。其中固定计提日为每年 2 月、5 月、8 月、11 月的最后一个交易日（封闭期内的固定计提日除外）。",0-5亿元,P1014027
团队跟踪,九章幻方量化对冲1号,SR8969,九章幻方量化对冲1号私募基金,SR8969,宁波幻方量化投资,,2017-02-22,2017-02-27,招商证券股份有限公司,徐进,,否,,,0.000000,,,,0,0.020000,,,0.200000,100亿元以上,P1032021
团队跟踪,国源不争0号私募证券投资基金,SR9931,国源不争0号私募证券投资基金,SR9931,深圳国源信达资管,,2017-03-01,2017-03-29,国泰君安证券股份有限公司,,每周三,否,,,12个月内1.5%,,无,,0.015,,,,20%,100亿元以上,P1061199
团队跟踪,鸣熙中子一号私募基金,SS0187,鸣熙中子一号私募基金,SS0187,鸣熙资本,,2017-03-03,2017-03-13,招商证券股份有限公司,,,否,,,0.005000,,,,0,,,,,100亿元以上,P1033450
团队跟踪,均成CTA1号,SS0221,均成CTA1号私募投资基金,SS0221,广东横琴均成,,2017-03-01,2017-03-16,国泰君安证券股份有限公司,司维,,否,,,,,,,0,,,,,50-100亿元,P1061222
团队跟踪,易股鑫源八号私募证券投资基金,SS0450,易股鑫源八号私募证券投资基金,SS0450,杭州易股,,2017-10-20,2017-11-01,申万宏源证券有限公司,,每自然月的最后2个交易日,可临开赎回,0%,,0%,,成立之日起前一个月,,0.01,,0.03%,0.03%,不计提业绩报酬,0-5亿元,P1032744
团队跟踪,润洲春华2号私募基金,SS1133,润洲春华2号私募基金,SS1133,杭州润洲,,2017-04-07,2017-04-16,招商证券股份有限公司,,,否,,,,,,,0,,,,,50-100亿元,P1006059
团队跟踪,稳博中性稳稳系列3号私募证券投资基金A类份额,SS150A,稳博中性稳稳系列3号私募证券投资基金A类份额,SS150A,上海稳博投资,,2021-09-23,,光大证券股份有限公司,,,否,,,,,,,0,,,,,100亿元以上,P1029043
团队跟踪,量道兵法3号私募证券投资基金,SS2266,量道兵法3号私募证券投资基金,SS2266,深圳量道投资,,2017-03-29,2017-03-31,国信证券股份有限公司,,每个自然月28日（如遇非工作日顺延）；可视需求增设临时开放日,否,1%,【1】万元人民币（不含申购费）的整数倍递增,【1】%；认购或申购后未满6月不得赎回,0.82,无封闭期,0.8,0.005,0.5%年化，每日计提，按季支付,0.1%年化，每日计提，按季支付,0.05%年化，每日计提，按季支付,"1.业绩报酬提取时点分为收益分配基准日、年度固定开放日、份额赎回日和基金终止日提取。          
2.单人单笔高水位法          
3.计提比例20%",100亿元以上,P1016658
团队跟踪,毓颜言商1号,SS2439,毓颜言商1号私募证券投资基金,SS2439,杭州毓颜投资,,2017-03-09,2017-03-15,国信证券股份有限公司,丁启书、陈家祥,,否,,,,,,,0,,,,,0-5亿元,P1016899
团队跟踪,远澜银杏1号私募证券投资基金,SS2703,远澜银杏1号私募证券投资基金,SS2703,上海远澜,,2017-04-10,2017-04-20,国信证券股份有限公司,王凯,,否,1%,,,0.9,,0.85,0,1%,0.075%,0.075%,20%,100亿元以上,P1018484
团队跟踪,众壹资产宏观宝,SS2790,众壹资产宏观宝私募证券投资基金,SS2790,上海众壹资管,,2017-03-21,2017-03-23,华泰证券股份有限公司,顾磊磊,FOF投资产品池,否,每周二,上海众壹资产管理有限公司,0.000000,,相对价值策略,,0,0.005000,,,,20-50亿元,P1004806
团队跟踪,量派金选量化对冲7号B类,SS284B,量派金选量化对冲7号私募证券投资基金B类份额,SS284B,上海量派投资,,2021-10-26,2021-11-01,国泰君安证券股份有限公司,,每个交易日,否,0%,1万元起,A、B类：0%      C类(＜180天)：1%    C类(≥180天)：0%，归入基金财产,,无,,0.01,A类：0%  B类：1%  C类：1.2%,0.02%,0.02%,"A类：0%  B类：20%  C类：22%
",100亿元以上,P1071253
团队跟踪,富航沪深300增强私募基金,SS3362,富航沪深300增强私募基金,SS3362,深圳富航投资,,2017-03-17,2017-03-22,国泰君安证券股份有限公司,,,否,,,,,,,0,,,,,10亿以下,P1030875
团队跟踪,鸣石春天沪深300指数增强1号私募投资基金,SS3397,鸣石春天沪深300指数增强1号私募投资基金,SS3397,上海鸣石,,2017-04-10,2017-04-25,国泰君安证券股份有限公司,,,否,,,,,,,0,,,,,100亿元以上,P1005659
团队跟踪,远澜水杉1号私募证券投资基金,SS3567,远澜水杉1号私募证券投资基金,SS3567,上海远澜,,2017-03-14,2017-03-20,招商证券股份有限公司,周龙威,,否,,,,,,,0,,,,,100亿元以上,P1018484
团队跟踪,湘源稳健私募证券投资基金,SS3654,湘源稳健私募证券投资基金,SS3654,杭州湘源投资,,2017-03-13,2017-04-08,海通证券股份有限公司,赵国栋,"产品成立后每月开放，管理人可以根据需要增加临时开放日。
开放日：每月第三个工作日",可临开赎回,0,,0日＜持有期限＜90日赎回费率0.5% 持有期限≥90日赎回费率0%,,无,,0.01,,0.02,0.02,采用单个投资者单笔投资年化收益全额法计提，即分别计算基金份额持有人每笔所持份额或赎回份额在持有期的年化收益率，当年化收益率大于业绩报酬计提触发条件（年化4.8%）时，对持有期全额收益按20%比例进行计提，计提后持有期年化收益率不低于业绩报酬计提触发条件（年化4.8%）,5-10亿元,P1061335
团队跟踪,点睿2号私募基金,SS3764,点睿2号私募基金,SS3764,天津点钢投资,,2017-05-08,2017-05-11,国信证券股份有限公司,,每季度最后一个工作日，可临开申购,可临开申购和可临开赎回,无,,无,0.85,无,0.8,0.02,,0.01%,0.01%,超额收益部分的20%,10-20亿元,P1061455
团队跟踪,平方和信享,SS4433,平方和信享私募证券投资基金,SS4433,宁波平方和投资,,2017-03-13,2017-03-30,中信证券股份有限公司,吕杰勇、方壮熙,,否,,,,,,,0,,,,,100亿元以上,P1025836
团队跟踪,橡杉量化对冲一号,SS5140,橡杉量化对冲一号私募证券投资基金,SS5140,上海橡杉资管,,2017-04-05,2017-04-19,中信建投证券股份有限公司,王丽明,,否,,,,,,,0,,,,,5-10亿元,P1060103
团队跟踪,格量套利1号私募投资基金,SS5345,格量套利1号私募投资基金,SS5345,上海格量资管,,2017-04-06,2017-04-27,国泰君安证券股份有限公司,,,否,,,,,,,0,,,,,0-5亿元,P1028973
团队跟踪,明汯价值成长1期,SS5789,明汯价值成长1期私募投资基金,SS5789,上海明汯投资,,2017-08-30,2017-09-04,招商证券股份有限公司,,,否,,,,,,,0,,,,,100亿元以上,P1004150
团队跟踪,博孚利尊享1号FOF私募证券投资基金,SS6545,博孚利尊享1号FOF私募证券投资基金,SS6545,厦门博孚利资管,,2017-03-28,2017-04-25,华泰证券股份有限公司,何阳阳,每周周五,可临开赎回,1%,10万元起,持有时间小于360天，赎回费率为1%；持有期大等于360天，赎回费率为0%,0.93,,0.9,0.01,A类份额：1%；B类份额：0%,0.015%,0.015%,A类份额：大于5%的部分提取16%作为业绩报酬。B类份额不计提。,50-100亿元,P1023120
团队跟踪,银万价值对冲一号,SS6631,银万价值对冲一号私募证券投资基金,SS6631,浙江银万,,2017-05-18,2017-05-25,国泰君安证券股份有限公司,余涛,,否,,,0.000000,,,,0,0.010000,0.001000,,0.200000,20-50亿元,P1005420
团队跟踪,国源拾金3号,SS6642,国源拾金3号私募证券投资基金,SS6642,深圳国源信达资管,,2017-04-07,2017-04-20,国金证券股份有限公司,史江辉,,否,,,,,,,0,,,,,100亿元以上,P1061199
团队跟踪,厚方对冲三号私募投资基金,SS7057,厚方对冲三号私募投资基金,SS7057,广东厚方投资,,2017-04-13,2017-04-25,广发证券股份有限公司,,,否,,,,,,,0,,,,,10-20亿元,P1019245
团队跟踪,蜂起全球宏观进取1号私募证券投资基金,SS7644,蜂起全球宏观进取1号私募证券投资基金,SS7644,珠海蜂起资本,,2017-05-19,2017-05-24,招商证券股份有限公司,,,否,,,,,,,0,,,,,5-10亿元,P1027405
团队跟踪,知行稳健1号,SS8256,知行稳健1号私募证券投资基金,SS8256,深圳前海知行资管,,2017-05-05,2017-05-11,招商证券股份有限公司,吴小安、宫皓,每个工作日,否,0%,10万元起,0%,,无,,0.01,,,,超过年化收益率2%，计提比例20%,0-5亿元,P1062051
团队跟踪,因诺天丰1号私募证券投资基金,SS8359,因诺天丰1号私募证券投资基金,SS8359,上海因诺资管,,2017-03-29,2017-05-08,国泰海通证券股份有限公司,,每月第8个自然日,否,1%,10万元起,0%,0.75,1个月,0.7,0.02,,0.05%,0.05%,20%,100亿元以上,P1006164
团队跟踪,致同稳盈对冲,SS8645,致同稳盈对冲私募基金,SS8645,上海致同投资,,2017-05-02,2017-05-05,中泰证券股份有限公司,沈豪杰,每月15日和每周二开放申购赎回,可临开申购和可临开赎回,0.1%,,≤180天（1%）， ＞180天（0.1%），归基金管理人,0.97,无,0.95,0.01,,0.1%,0.1%,20%,20-50亿元,P1003519
团队跟踪,致远CTA精选5号私募证券投资基金,SS9013,致远CTA精选5号私募证券投资基金,SS9013,上海富善投资,,2017-06-12,2017-06-19,国泰君安证券股份有限公司,林成栋,,否,,,,,,,0,,,,,5-10亿元,P1000712
团队跟踪,合晟同晖7号,SS9022,合晟同晖7号私募证券投资基金,SS9022,上海合晟资管,,2017-08-18,2017-08-23,国泰君安证券股份有限公司,胡远川,"每日
",否,无,,无,,无,,0.004,,,,本基金不计提业绩报酬,100亿元以上,P1000450
团队跟踪,致远22号,SS9047,致远22号私募投资基金,SS9047,珠海致诚卓远投资,,2017-05-11,2017-05-23,广发证券股份有限公司,史帆,每个月末最后一个交易日,否,,,持有期小于730天，赎回费率为1%；持有期大等于730天，赎回费率为0%,0.85,180天,0.8,0.01,,0.05%,0.05%,20%,100亿元以上,P1065479
团队跟踪,远澜翠柏1号,SS9088,远澜翠柏1号私募证券投资基金,SS9088,上海远澜,,2017-05-12,2017-06-16,国信证券股份有限公司,,,否,,,,,,,0,,,,,100亿元以上,P1018484
团队跟踪,鸣石春天指数增强 6 号私募证券投资基金,SS9515,鸣石春天指数增强 6 号私募证券投资基金,SS9515,上海鸣石,,2017-05-16,2017-05-23,国信证券股份有限公司,王晓晗,本基金申购和赎回开放日为每季度末的最后一个交易日,否,无,,无,0.75,,0.65,0.015,,0.05%,0.05%,,100亿元以上,P1005659
团队跟踪,弘源CTA一号私募基金,SS9631,弘源CTA一号私募基金,SS9631,深圳弘源泰平资管,,2017-04-12,2017-04-25,招商证券股份有限公司,,,否,,,,,,,0,,,,,0-5亿元,P1027722
团队跟踪,天算点金1号,SS9978,天算点金1号私募投资基金,SS9978,北京天算,,2017-05-05,2017-05-18,招商证券股份有限公司,何天鹰,,否,,,,,,,0,,,,,100亿元以上,P1028908
团队跟踪,顽岩中证500指数增强1号,SSA143,顽岩中证500指数增强1号私募证券投资基金,SSA143,上海顽岩,,2021-07-09,2021-07-14,招商证券股份有限公司,,申购开放日为每个工作日；赎回开放日为每周周三,否,1%,,1%,0.75,,0.7,0.01,1%,0.025%,0.025%,,100亿元以上,P1034708
团队跟踪,通怡股票低波择时1号私募证券投资基金,SSA386,通怡股票低波择时1号私募证券投资基金,SSA386,上海通怡投资,,2021-07-13,2021-07-20,招商证券股份有限公司,,,否,,,,,,,0,,,,,50-100亿元,P1032800
团队跟踪,天演金选沪深300指数增强1号私募证券投资基金,SSA404,天演金选沪深300指数增强1号私募证券投资基金,SSA404,上海天演,,2021-08-02,2021-08-02,国泰君安证券股份有限公司,,,否,,,,,,,0,,,,,100亿元以上,P1004907
团队跟踪,星阔广厦23号中证500指数增强私募证券投资基金,SSA498,星阔广厦23号中证500指数增强私募证券投资基金,SSA498,青岛星阔投资,,2021-07-15,2021-07-20,招商证券股份有限公司,,"每周三、周五
",否,,,持有期小于6个月，赎回费率为 1%；持有期大等于6个月及少于12个月，赎回费率为0.5%；管理人有权减免,,无,,0.01,"
",,,"超过同期中证500指数收益的超额收益部分，针对超额计提20%
",10-20亿元,P1071681
团队跟踪,爱凡哲知睿三号私募证券投资基金,SSA668,爱凡哲知睿三号私募证券投资基金,SSA668,爱凡哲投资,,2021-07-12,2021-07-20,国信证券股份有限公司,,每周周五,否,1.5%,,1.5%,0.9,,0.88,0.01,1%,0.04%,0.04%,持有期年化收益率小于等0%，不计提业绩报酬；若持有期年化收益率小于0%并且小等于15%，计提20%业绩报酬；若持有期年化收益率大于15%，计提40%业绩报酬。,20-50亿元,P1066184
团队跟踪,灵均量化选股领航尊享1号,SSA715,灵均量化选股领航尊享1号私募证券投资基金,SSA715,宁波灵均投资,,2021-08-09,2021-08-09,申万宏源证券有限公司,,,否,,,,,,,0,,,,,100亿元以上,P1004526
团队跟踪,慈阳投资进取2号,SSA743,慈阳投资进取2号私募证券投资基金,SSA743,上海慈阳投资,,2021-08-09,2021-08-17,中国国际金融股份有限公司,洪喆、史朝兴,每月10号,否,0%,10万的整数倍,持有期小于365天，赎回费率为1.5%；持有期大等于365天，赎回费率为0%,,,0.7,0.015,,0.03%,0.03%,根据高水位净值法对单个基金份额持有人单笔投资基金份额分别计提业绩报酬。业绩报酬计提日分为固定计提日、赎回申请日（T日）（含开放日和临时开放日（如有）赎回的份额）和基金终止日，固定计提日为自基金成立日起之后【每自然年度的6月10号（如遇非工作日，则顺延至之后的第一个工作日）】。业绩报酬计提费率为：r=（20）%,5-10亿元,P1069377
团队跟踪,鑫鼎长风套利1号,SSA947,鑫鼎长风套利1号私募证券投资基金,SSA947,深圳鑫鼎,,2021-08-02,2021-08-10,国信证券股份有限公司,成亮,每个交易日,否,0%,1万的整数倍,"0%
",0.95,无,0.9,0.01,,0.04%,0.04%,"单个客户单笔高水位净值法计提，年化超过8%的部分提取50%的业绩报酬
",5-10亿元,P1008450
团队跟踪,数为道策套利六号私募证券投资基金,SSA990,数为道策套利六号私募证券投资基金,SSA990,福州数为,,2021-07-12,2021-07-15,中信建投证券股份有限公司,,每月13号、27号,否,0%,10万,0%,0.98,无,0.97,0.01,,0.025% ,0.025% ,20%,0-5亿元,P1064166
团队跟踪,国标日月多策略私募证券投资基金,SSB123,国标日月多策略私募证券投资基金,SSB123,杭州国标资管,,2021-07-19,2021-07-22,华泰证券股份有限公司,,,否,,,,,,,0,,,,,5-10亿元,P1070165
团队跟踪,禾晖天诺私募证券投资基金,SSB166,禾晖天诺私募证券投资基金,SSB166,上海禾晖善投资管,,2021-10-20,2021-10-25,国泰君安证券股份有限公司,,,否,,,,,,,0,,,,,0-5亿元,P1001789
团队跟踪,安诚数盈雪赢1号私募证券投资基金,SSB188,安诚数盈雪赢1号私募证券投资基金,SSB188,浙江安诚数盈投资,,2021-07-13,2021-07-16,兴业证券股份有限公司,,,否,,,,,,,0,,,,,10-20亿元,P1018488
团队跟踪,孚盈香草二号,SSB211,孚盈香草二号私募证券投资基金,SSB211,杭州孚盈投资,,2021-07-14,2021-07-22,华泰证券股份有限公司,蒋鲜林,每周二（可顺延，不跨周）,否,0%,10万元起,持有期小于90天，赎回费率为1%；持有期大等于90天，赎回费率为0%,0.85,3个月为半封闭期，半封闭期内允许申购不允许赎回，申购开放日为每月的第25个自然日，遇非工作日顺延,0.8,0.015,,0.025%,0.025%,超额收益部分提取20%,20-50亿元,P1069412
团队跟踪,博孚利CTA-FOF1A号私募证券投资基金,SSB534,博孚利CTA-FOF1A号私募证券投资基金,SSB534,厦门博孚利资管,,2021-07-13,2021-07-20,兴业证券股份有限公司,,每周五开放申购，每月最后一个交易日开放赎回。,可临开赎回,1%,不少于1 万元,持有期小于180天，赎回费率为1%可免；持有期大等于180天，0。,0.9,无,0.85,0.01,1%,0.015%,0.015%,若基金单位份额年化收益率小等于7%时，不提取业绩报酬；若基金单位份额年化收益率大于7%，对7%至20%部分提取15%作为业绩报酬，对大于20%的部分提取25%作为业绩报酬。,50-100亿元,P1023120
团队跟踪,君宜共达,SSB569,君宜共达私募证券投资基金,SSB569,深圳君宜,,2021-08-16,2021-08-19,招商证券股份有限公司,,,否,,,,,,,0,,,,,10-20亿元,P1005606
团队跟踪,诚奇浦江CTA1号私募证券投资基金,SSB595,诚奇浦江CTA1号私募证券投资基金,SSB595,上海诚奇,,2021-10-15,2021-10-15,国泰君安证券股份有限公司,,每周周三、周四、周五,可临开赎回,0%,,A类份额、B类份额：0%。C类份额：持有期小于365天，赎回费率为3%；持有期大等于365天，赎回费率为0%,,无,,0.02,A类份额：1%，B类份额：0%，C类份额：2%,0.05%,0.05%,"A类份额：20%，B类份额：0%，C类份额：20%。
计提基准日：投资者赎回日、【每年6月、12月的最后一个交易日（固定日，但封闭期及/或锁定期（如有）除外）】、【分红权益登记日】和基金清算日。",100亿元以上,P1001430
团队跟踪,和顿星恒私募证券投资基金,SSC211,和顿星恒私募证券投资基金,SSC211,宁波和顿投资,,2021-09-02,2021-09-10,招商证券股份有限公司,,,否,,,,,,,0,,,,,0-5亿元,P1020094
团队跟踪,谷启万利2号,SSC336,谷启万利2号私募期货投资基金,SSC336,武汉谷启资管,,2021-07-27,2021-08-03,国投证券股份有限公司,王成斌,,否,,,,,,,0,,,,,0-5亿元,P1069277
团队跟踪,正仁沪深300指数增强,SSC554,正仁沪深300指数增强私募证券投资基金,SSC554,海南正仁,,2021-07-21,2021-07-27,招商证券股份有限公司,刘卢琛,每自然月第10个自然日为开放日。如该对应日为非工作日，则开放日为该日后的第一个工作日。,可临开申购,B类份额：0,每次追加申购的最低金额为10万元人民币。,0,0.8,成立后180天（已结束）。,0.75,0,B类份额：0.5%/年,0.025%/年,0.025%/年,"B类份额：单人单笔高水位法，针对收益0%以上的部分计提10%业绩报酬
本基金业绩报酬计提日为：封闭期过后，每年1月及7月的最后一个交易日，基金份额持有人实际赎回基金份额时（包含全部赎回，部分赎回）、基金终止日。",50-100亿元,P1071301
团队跟踪,融航基石3号私募证券投资基金,SSD074,融航基石3号私募证券投资基金,SSD074,福州融航,,2021-08-09,2021-08-12,兴业证券股份有限公司,,,否,,,,,,,0,,,,,0-5亿元,P1024305
团队跟踪,希格斯旅行者中证1000指数增强1号,SSD078,希格斯旅行者中证1000指数增强1号私募证券投资基金,SSD078,杭州希格斯投资,,2021-08-25,2021-08-30,国信证券股份有限公司,,,否,,,,,,,0.01,,,,,20-50亿元,P1069042
团队跟踪,香樟核心增长,SSD174,香樟核心增长私募证券投资基金,SSD174,海南香樟,,2021-08-10,2021-08-13,中信建投证券股份有限公司,,每周一、三、五,否,免,,0,,,,0.01,免1%申购费（口头）,,,"单客户高水位
年化低于50%部分收30%
年化高于50%部分收40%",0-5亿元,P1073851
团队跟踪,量魁期权量化一号,SSD319,量魁期权量化一号私募证券投资基金,SSD319,上海量魁,,2022-10-20,2022-10-20,国泰君安证券股份有限公司,,,否,,,,,,,0,,,,,100亿元以上,P1062372
团队跟踪,博孚利尊享33号FOF私募证券投资基金,SSD437,博孚利尊享33号FOF私募证券投资基金,SSD437,厦门博孚利资管,,2021-08-02,2021-08-05,国泰君安证券股份有限公司,,基金成立之后的每周周五，如遇非交易日，则顺延至下一交易日。,否,1%,不低于1 万元,0%,,无,,0.01,,0.025%,0.025%,持有期年化收益率小于等于6%，则不计提业绩报酬；若持有期年化收益率大于6 %，则管理人对超出部分按15%的比例提取业绩报酬。,50-100亿元,P1023120
团队跟踪,弘悦玉树1号私募证券投资基金,SSD439,弘悦玉树1号私募证券投资基金,SSD439,浙江弘悦,,2021-08-25,2021-09-03,中信建投证券股份有限公司,,,否,,,,,,,0,,,,,20-50亿元,P1064602
团队跟踪,博孚利尊享36号FOF私募证券投资基金,SSD440,博孚利尊享36号FOF私募证券投资基金,SSD440,厦门博孚利资管,,2021-09-09,2021-09-09,国泰海通证券股份有限公司,,基金成立之后的每周周五，如遇非交易日，则顺延至下一交易日。,可临开赎回,0%,不低于1万元,本基金份额持有期低于90天（不含）的，赎回费率为1%；基金份额持有期在90天及以上的，赎回费率为0%。基金赎回费全部归入基金资产,,无,,0.013,,0.01%,0.01%,门槛收益率法，年化4%以上计提40%,50-100亿元,P1023120
团队跟踪,红石有孚衍生品对冲1号,SSD519,红石有孚衍生品对冲1号私募证券投资基金,SSD519,江西红石资管,,2021-10-12,2021-10-19,中信证券股份有限公司,刘成泉,,否,,,,,,,0,,,,,0-5亿元,P1066428
团队跟踪,量博M系期货动量1号稳健A私募证券投资基金,SSD554,量博M系期货动量1号稳健A私募证券投资基金,SSD554,上海量博,,2021-07-26,2021-08-03,招商证券股份有限公司,,,否,,,,,,,0,,,,,0-5亿元,P1072114
团队跟踪,子午500指数增强定制一号,SSD578,子午500指数增强定制一号私募证券投资基金,SSD578,上海子午投资,,2021-08-09,2021-08-12,中泰证券股份有限公司,,,否,,,,,,,0,,,,,100亿元以上,P1010078
团队跟踪,水木博雅中证1000指数增强8号私募证券投资基金,SSD586,水木博雅中证1000指数增强8号私募证券投资基金,SSD586,珠海水木博雅,,2021-08-04,2021-08-11,招商证券股份有限公司,,每周周五,否,1%,1万元起,持有期小于180天，赎回费率为1%；持有期大等于180天，赎回费率为0%,,,,0.02,,0.025%,0.025%,20%,0-5亿元,P1071281
团队跟踪,展弘稳泰对冲运作3号私募证券投资基金,SSD600,展弘稳泰对冲运作3号私募证券投资基金,SSD600,上海展弘投资,,2022-09-29,2022-10-20,华泰证券股份有限公司,,,否,,,,,,,0,,,,,100亿元以上,P1015638
团队跟踪,靖奇天元1号,SSD740,靖奇天元1号私募证券投资基金,SSD740,上海靖奇投资,,2021-07-30,2021-08-04,国泰君安证券股份有限公司,,每周最后一个交易日,可临开赎回,0%,,0%,0.75,无,0.7,0.015,,0.025%,0.025%,30% ,0-5亿元,P1019905
团队跟踪,致远投资昆仑1号,SSD863,致远投资昆仑1号私募证券投资基金,SSD863,广州致远,,2021-12-20,2021-12-23,国泰君安证券股份有限公司,,申购开放日为每周周三，赎回开放日为每月15日,可临开赎回,1%,,1%,0.88,无,0.85,0.01,, 0.05%, 0.05%,R= 20%，为业绩报酬提取比例。,20-50亿元,P1071953
团队跟踪,橡木春晓私募证券投资基金,SSD867,橡木春晓私募证券投资基金,SSD867,杭州橡木,,2021-07-26,2021-07-29,国泰海通证券股份有限公司,仲引辉,,否,,,,0.6,,0.5,0,,,,,50-100亿元,P1068698
团队跟踪,群玉上证50指数增强A蝴蝶私募证券投资基金,SSD879,群玉上证50指数增强A蝴蝶私募证券投资基金,SSD879,杭州蝴蝶资管,,2021-10-29,2021-11-05,中信证券股份有限公司,,,否,,,,,,,0,,,,,0-5亿元,P1065193
团队跟踪,博孚利CTA-FOF5A号私募证券投资基金,SSE139,博孚利CTA-FOF5A号私募证券投资基金,SSE139,厦门博孚利资管,,2021-07-22,2021-07-28,广发证券股份有限公司,,每周周五,可临开赎回,1%可免,不低于1 万元,持有期小于180天，赎回费率为1%；持有期大等于180天，免收。可免,0.8,无,0.75,0.008,,0.02%,0.01%,持有的份额在持有期间超过年化收益6%以上部分的15%计提业绩报酬。,50-100亿元,P1023120
团队跟踪,量派均衡多策略1号私募证券投资基金,SSE285,量派均衡多策略1号私募证券投资基金,SSE285,上海量派投资,,2021-07-23,2021-07-28,招商证券股份有限公司,,每自然月第10个自然日为开放日。如该对应日为非工作日，则开放日为该日后的第一个工作日。,可临开申购,B类份额：0,每次追加申购的最低金额为10万元人民币。,0,0.8,成立后180天（已结束）。,0.75,0,B类份额：0.5%/年,0.025%/年,0.025%/年,"B类份额：单人单笔高水位法，针对收益0%以上的部分计提10%业绩报酬
本基金业绩报酬计提日为：封闭期过后，每年1月及7月的最后一个交易日，基金份额持有人实际赎回基金份额时（包含全部赎回，部分赎回）、基金终止日。",100亿元以上,P1071253
团队跟踪,星阔山海6号股票优选私募证券投资基金,SSE288,星阔山海6号股票优选私募证券投资基金,SSE288,青岛星阔投资,,2021-07-26,2021-08-05,招商证券股份有限公司,邓剑,每周最后一个交易日及每自然季度最后一个交易日,可临开赎回,1%,追加 1万起,持有期小于180个自然日，赎回费率为 1%；持有期大等于180个自然日少于 365个自然日，赎回费率为 0.5%；持有期大等于 365个自然日，赎回费率为 0%,,无,,0.01,,0.025,0.025,年化收益大于 0%时，管理人提取超过年化收益 0%盈利部分的20%作为业绩报酬。,10-20亿元,P1071681
团队跟踪,龙旗1000指增1号,SSE876,龙旗1000指增1号私募证券投资基金,SSE876,杭州龙旗科技,,2021-08-13,2021-08-13,国泰君安证券股份有限公司,,,否,,,,,,,0,,,,,100亿元以上,P1000676
团队跟踪,正仁潮汐三期私募证券投资基金,SSF073,正仁潮汐三期私募证券投资基金,SSF073,海南正仁,,2021-08-06,2021-08-16,国泰君安证券股份有限公司,,每个交易日,否,1%,,持有期小于365天，赎回费率为1%；持有期大等于365天，赎回费率为0%,0.75,无,0.7,0,A类份额收取2%的管理费；B类份额收取0.1%的管理费,0.025%,0.025%,A类份额收取30%的业绩报酬；B类份额收取16%的业绩报酬,50-100亿元,P1071301
团队跟踪,锋滔指数增强2号,SSF240,锋滔指数增强2号私募证券投资基金,SSF240,上海锋滔资管,,2021-07-28,2021-07-28,中信证券股份有限公司,罗新,每周三,否,,,2%,,,,0.01,,0.025%,0.025%,,0-5亿元,P1007210
团队跟踪,远澜红枫15号私募证券投资基金,SSF337,远澜红枫15号私募证券投资基金,SSF337,上海远澜,,2021-08-10,2021-08-19,招商证券股份有限公司,周龙威,,否,,,,,,,0,,,,,100亿元以上,P1018484
团队跟踪,量客博宇7号私募证券投资基金,SSF564,量客博宇7号私募证券投资基金,SSF564,上海量客,,2021-08-17,2021-08-20,华泰证券股份有限公司,程庆,,否,,,,,,,0,,,,,20-50亿元,P1000568
团队跟踪,简一天行1号ETF私募证券投资基金,SSF633,简一天行1号ETF私募证券投资基金,SSF633,广州简一投资,,2021-07-29,2021-08-06,广发证券股份有限公司,,,否,,,,,,,0,,,,,0-5亿元,P1063096
团队跟踪,裕锦CTA1号私募证券投资基金,SSF859,裕锦CTA1号私募证券投资基金,SSF859,深圳裕锦,,2021-08-18,2021-08-23,国泰君安证券股份有限公司,,,否,,,,,,,0,,,,,10-20亿元,P1071231
团队跟踪,弘量润盈多策略私募证券投资基金,SSG090,弘量润盈多策略私募证券投资基金,SSG090,深圳弘量投资,,2021-07-30,2021-08-05,招商证券股份有限公司,,申购开放日为每个交易日；赎回开放日为每月第四个周三,否,A类份额：0%；B 类份额：1%；C类份额：1%,,A类份额：0%。B类份额：持有期小于180天，赎回费率为2%；持有期大等于 180天，赎回费率为0%。C类份额：持有期小于180天，赎回费率为2%；持有期大等于 180天，赎回费率为0%。,,,,0,A类份额：0%；B 类份额：0.6%；C类份额：1.5%,0.025%,0.025%,A类份额：0%；B 类份额：15%；C类份额：20%,0-5亿元,P1071523
团队跟踪,量道智秀指数增强5号私募证券投资基金,SSG172,量道智秀指数增强5号私募证券投资基金,SSG172,深圳量道投资,,2021-07-29,2021-07-29,兴业证券股份有限公司,,每周周五,可临开赎回,0%,1万元起,（可金额赎回）,0.75,无,0.7,0,,0.025%,0.025%,不计提业绩报酬,100亿元以上,P1016658
团队跟踪,银方沣泽一号,SSG345,银方沣泽一号私募证券投资基金,SSG345,青岛银方,,2021-08-09,2021-08-19,中国银河证券股份有限公司,,每周周一、周三、周五,可临开赎回,0%,,0%,0.8,3个月,0.7,0,,0.025%,0.025%,单人单笔计，期间收益的50%作为业报,0-5亿元,P1063103
团队跟踪,和谐汇一远致同晟1号私募证券投资基金,SSG501,和谐汇一远致同晟1号私募证券投资基金,SSG501,上海和谐汇一资管,,2021-08-12,2021-08-17,东方证券股份有限公司,,,否,,,,,,,0,,,,,100亿元以上,P1071212
团队跟踪,新湖长盈聚星FOF1期集合资产管理计划,SSG550,新湖长盈聚星FOF1期集合资产管理计划,SSG550,新湖期货,,2021-09-27,2021-09-30,海通证券股份有限公司,,每月五日,否,1%,1万,1%,0.9,无,0.85,0.005,,0.025%,0.025%,"当年化收益率大于7%且小于等于20%时，计提7%以上部分的3%作为业绩报酬；
当年化收益率大于20%时，计取年化收益7%-20%盈利部分的3%以及年化收益20%以上盈利部分的5%作为业绩报酬。
",,PT0500030378
团队跟踪,弈倍虎鲸五号私募证券投资基金,SSG557,弈倍虎鲸五号私募证券投资基金,SSG557,上海弈倍,,2021-08-09,2021-08-12,招商证券股份有限公司,,,否,,,,,,,0,,,,,20-50亿元,P1061585
团队跟踪,图灵进取中证1000指数增强私募证券投资基金,SSG992,图灵进取中证1000指数增强私募证券投资基金,SSG992,海南图灵,,2021-08-06,2021-08-11,中信证券股份有限公司,,,否,,,,,,,0,,,,,100亿元以上,P1071836
团队跟踪,玄元元增10号私募证券投资基金,SSH103,玄元元增10号私募证券投资基金,SSH103,广东玄元,,2021-12-07,2021-12-13,招商证券股份有限公司,孔镇宁、张伟,,否,,,,,,,0,,,,,100亿元以上,P1029168
团队跟踪,桑鹰行业精选一号,SSH163,桑鹰行业精选一号私募证券投资基金,SSH163,上海元熙,,2021-08-04,2021-08-12,华泰证券股份有限公司,,,否,,,,,,,0,,,,,0-5亿元,P1017880
团队跟踪,静瑞远见长青三号私募证券投资基金,SSH432,静瑞远见长青三号私募证券投资基金,SSH432,上海静瑞,,2021-08-25,2021-08-30,招商证券股份有限公司,,,否,,,,,,,0,,,,,50-100亿元,P1072080
团队跟踪,博孚利瑞盈6号私募证券投资基金,SSH449,博孚利瑞盈6号私募证券投资基金,SSH449,厦门博孚利资管,,2021-08-16,2021-08-19,国泰君安证券股份有限公司,,每个交易日,否,0%,1 万元起,0%,,无,,0.006,,0.02%（销售服务费：0.6%）,0.02%,不计提业绩报酬,50-100亿元,P1023120
团队跟踪,博孚利涵盈6号私募证券投资基金,SSH452,博孚利涵盈6号私募证券投资基金,SSH452,厦门博孚利资管,,2021-08-11,2021-08-16,国泰君安证券股份有限公司,,本基金固定开放日为自【2025年1月3日】（不含当日）起的5个交易日、每个投资运作期终止日起（不含终止日当日）的5个交易日，接受申购和赎回申请,否,0%,追加金额不低于一万元,在符合本合同约定的情形下（包括但不限于合同条款变更等情形），投资者赎回持有期低于【3个月（每个月按30天计，下同）】份额的，需支付短期赎回费，短期赎回费率为【0.5】%。基金的短期赎回费全部归入基金资产。,,无,,0.015,期初一次性计提,0.015%,0.015%,本基金业绩报酬计提基准为【年化12%】，对超出业绩报酬计提基准部分提取【60%】的业绩报酬,50-100亿元,P1023120
团队跟踪,博孚利星源一号私募证券投资基金,SSH454,博孚利星源一号私募证券投资基金,SSH454,厦门博孚利资管,,2021-09-02,2021-09-10,国泰君安证券股份有限公司,,每个交易日,否,0%,1万,0%,,无,,0.01,,0.015%,0.015%,门槛收益率法，年化5%以上计提20%,50-100亿元,P1023120
团队跟踪,博孚利涌金9号私募证券投资基金,SSH463,博孚利涌金9号私募证券投资基金,SSH463,厦门博孚利资管,,2021-08-05,2021-08-10,中信证券股份有限公司,,每个交易日,否,0%,不低于 1 万元,0%,,无,,0.015,,0.02%,0.02%,门槛收益率法，年化30以上计提60%。,50-100亿元,P1023120
团队跟踪,展旗致远能源3号,SSH842,展旗致远能源3号私募证券投资基金,SSH842,海南展旗,,2021-08-13,2021-08-19,广发证券股份有限公司,,每月20日开放申购；每自然季度末月20日开放赎回,可临开赎回,1%,不低于50万元,持有期限小于360天，赎回费率为1%；持有期限大等于360天，免赎回费,0.85,6个月,0.8,0.02,,,,20%,0-5亿元,P1072040
团队跟踪,芬德-环翼2号私募证券投资基金,SSH871,芬德-环翼2号私募证券投资基金,SSH871,深圳芬德资管,,2021-08-24,2021-08-27,国泰君安证券股份有限公司,,,否,,,,,,,0,,,,,5-10亿元,P1063021
团队跟踪,玄元元增7号私募证券投资基金,SSH955,玄元元增7号私募证券投资基金,SSH955,广东玄元,,2021-08-06,2021-08-06,招商证券股份有限公司,,,否,,,,,,,0,,,,,100亿元以上,P1029168
团队跟踪,星阔广川21号中证500指数增强私募证券投资基金,SSH984,星阔广川21号中证500指数增强私募证券投资基金,SSH984,青岛星阔投资,,2021-08-19,2021-08-24,国泰君安证券股份有限公司,,,否,,,,,,,0,,,,,10-20亿元,P1071681
团队跟踪,龙旗1000指增2号,SSJ316,龙旗1000指增2号私募证券投资基金,SSJ316,杭州龙旗科技,,2021-10-26,2021-10-26,财通证券股份有限公司,朱晓康,,否,,,,,,,0,,,,,100亿元以上,P1000676
团队跟踪,圆信永丰金水木阳1号单一资产管理计划,SSJ346,圆信永丰金水木阳1号单一资产管理计划,SSJ346,,厦门博孚利资管,2021-08-06,2021-08-09,国投证券股份有限公司,,,否,,,,,,,0,,,,,,
团队跟踪,熙典基金百富1号,SSJ392,熙典基金百富1号私募证券投资基金,SSJ392,厦门熙典,,2021-08-16,2021-08-23,招商证券股份有限公司,,,否,,,,,,,0,,,,,5-10亿元,P1072232
团队跟踪,众壹资产量合一号,SSJ434,众壹资产量合一号私募证券投资基金,SSJ434,上海众壹资管,,2021-08-09,2021-08-13,招商证券股份有限公司,谢赵维,,否,,,,,,,0,,,,,20-50亿元,P1004806
团队跟踪,均泰龙虎山一号私募证券投资基金,SSJ466,均泰龙虎山一号私募证券投资基金,SSJ466,海南均泰基金,,2021-08-06,2021-08-12,兴业证券股份有限公司,,每周第三个交易日,否,0%,,0%,0.6,,0.5,0.01,,0.03%,0.03%,不收取业绩报酬,10-20亿元,P1071653
团队跟踪,英旷专享1号,SSJ626,英旷专享1号私募证券投资基金,SSJ626,上海英旷资管,,2021-08-16,2021-08-20,财通证券股份有限公司,胡天福、张石骏,每日,否,无,不少于1万元人民币,无,0.95,无,0.9,0,1.50%,0.030%,0.020%,0|0.2,0-5亿元,P1071507
团队跟踪,理博远景1号私募证券投资基金,SSK053,理博远景1号私募证券投资基金,SSK053,杭州理博,,2021-08-13,2021-08-23,中信证券股份有限公司,,,否,,,,,,,0,,,,,0-5亿元,P1072890
团队跟踪,博润小牛9号私募证券投资基金,SSK189,博润小牛9号私募证券投资基金,SSK189,北京博润银泰投资,,2021-08-19,2021-08-19,广发证券股份有限公司,,每周周一、周三、周五,可临开赎回,1%,1万元起,0%,0.85,,0.8,0.01,,0.02%,0.02%,50%,100亿元以上,P1002960
团队跟踪,微观博易-啸书私募证券投资基金,SSK377,微观博易-啸书私募证券投资基金,SSK377,北京微观博易,,2021-09-01,2021-09-07,招商证券股份有限公司,,每周最后一个交易日,可临开赎回,0%,不低于1万元,0%,0.9,无,0.85,0,,0%,0%,不收取业绩报酬,100亿元以上,P1031932
团队跟踪,微观博易-楚书私募证券投资基金,SSK380,微观博易-楚书私募证券投资基金,SSK380,北京微观博易,,2021-08-20,2021-09-04,招商证券股份有限公司,,每个工作日,可临开赎回,0%,,0%,0.92,,0.9,0.01,,0.025%,0.025%,绝对收益的20%,100亿元以上,P1031932
团队跟踪,利幄弘远1号私募证券投资基金,SSK439,利幄弘远1号私募证券投资基金,SSK439,上海利幄,,2021-08-24,2021-08-30,广发证券股份有限公司,李宗锐、韩阳,申购开放日为每个交易日；赎回交易日为每月18日,否,1%，暂免收,1万元起,持有期小于180天，赎回费率为0.5%；持有期大等于180天，赎回费率为0%,,,0.5,0.015,,0.02%,0.02%,20%,50-100亿元,P1072151
团队跟踪,博孚利多策略九号私募证券投资基金,SSK574,博孚利多策略九号私募证券投资基金,SSK574,厦门博孚利资管,,2021-08-16,2021-08-19,中信证券股份有限公司,,每个工作日,否,0%,不少于1万元,0%,,无,,0.015,,0.015%,0.015%,不计提业绩报酬,50-100亿元,P1023120
团队跟踪,宣夜投资星图一号,SSK958,宣夜投资星图一号私募证券投资基金,SSK958,上海宣夜投资,,2021-08-17,2021-08-23,中信建投证券股份有限公司,,,否,,,,,,,0,,,,,20-50亿元,P1060042
团队跟踪,香橙资本诺亚方舟3号私募证券投资基金,SSL132,香橙资本诺亚方舟3号私募证券投资基金,SSL132,深圳香橙资管,,2021-09-07,2021-09-10,中信证券股份有限公司,何潇,每个自然周的周一，遇非工作日顺延。,可临开赎回,1%,,无,,,,0.01,,,,份额高水位法计提20%,10-20亿元,P1069428
团队跟踪,无隅鲲鹏三号私募证券投资基金,SSL156,无隅鲲鹏三号私募证券投资基金,SSL156,北京无隅资产,,2021-08-20,2021-08-25,华鑫证券有限责任公司,,每个交易日,否,0%,,0%,,,,0,,0.025%,0.025%,管理人对期间中证超额4.5%的部分提取40%作为业绩报酬,0-5亿元,P1067114
团队跟踪,博孚利国强5号FOF私募证券投资基金,SSL229,博孚利国强5号FOF私募证券投资基金,SSL229,厦门博孚利资管,,2021-08-18,2021-08-23,中信证券股份有限公司,,每周周五,否,1%,不少于一万元,0%,,无,,0.01,A类份额：1%，B类份额：0%,0.015%,0.015%,A 类份额若持有期年化收益率小于等于10%，则不计提业绩报酬；若持有期年化收益率大于10%，则管理人对超出部分按10%的比例提取业绩报酬；B类份额不计提业绩报酬,50-100亿元,P1023120
团队跟踪,博孚利颂恩一号私募证券投资基金,SSL258,博孚利颂恩一号私募证券投资基金,SSL258,厦门博孚利资管,,2021-09-01,2021-09-07,光大证券股份有限公司,,每个交易日,否,0%,1万元的整数倍,持有期小于180天，赎回费率为1%；持有期大等于180天，免收。,,无,,0.001,,0.025%,0.025%,不收取业绩报酬,50-100亿元,P1023120
团队跟踪,鲸睿探路者6号,SSL334,鲸睿探路者6号私募证券投资基金,SSL334,上海鲸睿资管,,2021-09-17,2021-09-24,国泰君安证券股份有限公司,赵彧涛,,否,,,,,,,0,,,,,0-5亿元,P1032279
团队跟踪,复利瓴宇甄选6号私募证券投资基金,SSL347,复利瓴宇甄选6号私募证券投资基金,SSL347,上海复利投资,,2021-08-27,2021-09-02,招商证券股份有限公司,,每自然周周三,否,1%,,0%,,,,0,仅对B类份额收取1%的管理费；A类份额不收取,0.025%,0.025%,只对B类份额：当 R>0％时，对超过 0%的收益部分提取5%的业绩报酬；对A类份额不计提业绩报酬,0-5亿元,P1020564
团队跟踪,诺德基金浦江206号单一资产管理计划,SSL647,诺德基金浦江206号单一资产管理计划,SSL647,诺德基金,,2021-08-17,,,,,否,,,,,,,0,,,,,,PT0100000055
团队跟踪,正源信毅MF量化1号私募证券投资基金,SSL658,正源信毅MF量化1号私募证券投资基金,SSL658,苏州正源信毅资管,,2021-09-10,2021-09-15,中信证券股份有限公司,,,否,,,,,,,0,,,,,0-5亿元,P1067860
团队跟踪,龙旗股票量化多头1号私募证券投资基金,SSM136,龙旗股票量化多头1号私募证券投资基金,SSM136,杭州龙旗科技,,2021-09-01,2021-09-01,国泰君安证券股份有限公司,,每周五申购、每月最后一天赎回,否,,,365天内2%,,无,,0.02,,,,20%,100亿元以上,P1000676
团队跟踪,因诺期权3号私募证券投资基金,SSM259,因诺期权3号私募证券投资基金,SSM259,上海因诺资管,,2021-09-22,2021-09-24,国泰君安证券股份有限公司,,,否,,,,,,,0,,,,,100亿元以上,P1006164
团队跟踪,正仁优孚中证1000指数增强私募证券投资基金,SSM309,正仁优孚中证1000指数增强私募证券投资基金,SSM309,海南正仁,,2021-08-31,2021-09-09,国泰君安证券股份有限公司,,每个交易日,否,0%,,0%,0.55,无,0.5,0.015,,0.025%,0.025%,"当0%≤R -B<30%时，对超出业绩报酬计提基准部分提取20%的业绩报酬；
当30%≤R-B时，对超出业绩报酬计提基准部分分段提取20%和40%的业绩报酬；
当R-B<0% 时，不提取业绩报酬。
",50-100亿元,P1071301
团队跟踪,明汯股票精选谷秋1号,SSM322,明汯股票精选谷秋1号私募证券投资基金,SSM322,上海明汯投资,,2021-09-14,2021-09-14,招商证券股份有限公司,解环宇,,否,,,,,,,0,,,,,100亿元以上,P1004150
团队跟踪,博孚利国强6号私募证券投资基金,SSM420,博孚利国强6号私募证券投资基金,SSM420,厦门博孚利资管,,2021-08-23,2021-08-26,兴业证券股份有限公司,,自2025年3月17日（不含当日）起的5个交易日、每个投资运作期终止日起（不含终止日当日）的5个交易日,否,0%,不少于1 万元,0%,,无,,0.015,,0.015%,0.015%,对年化收益率大于10.8%以上部分提取60%作为业绩报酬。,50-100亿元,P1023120
团队跟踪,明钺涌泉私募证券投资基金,SSM424,明钺涌泉私募证券投资基金,SSM424,珠海明钺,,2021-09-15,2021-09-15,招商证券股份有限公司,,,否,,,,,,,0,,,,,50-100亿元,P1066816
团队跟踪,德粤保护性指数增强私募证券投资基金,SSM425,德粤保护性指数增强私募证券投资基金,SSM425,广东德粤赑鑫,,2021-08-26,2021-08-31,中信证券股份有限公司,,每自然月第10个自然日为开放日。如该对应日为非工作日，则开放日为该日后的第一个工作日。,可临开申购,B类份额：0,每次追加申购的最低金额为10万元人民币。,0,0.8,成立后180天（已结束）。,0.75,0.01,B类份额：0.5%/年,0.025%/年,0.025%/年,"B类份额：单人单笔高水位法，针对收益0%以上的部分计提10%业绩报酬
本基金业绩报酬计提日为：封闭期过后，每年1月及7月的最后一个交易日，基金份额持有人实际赎回基金份额时（包含全部赎回，部分赎回）、基金终止日。",0-5亿元,P1024911
团队跟踪,君鼎利达利磐指增一号私募证券投资基金,SSM765,君鼎利达利磐指增一号私募证券投资基金,SSM765,深圳君鼎利达基金,,2021-09-03,2021-09-08,华鑫证券有限责任公司,,每个交易日,否,0%,,0%,,,,0,,0.025%,0.025%,40%,0-5亿元,P1016338
团队跟踪,宝沣投资稳进1号私募证券投资基金,SSN000,宝沣投资稳进1号私募证券投资基金,SSN000,嘉兴宝沣投资,,2021-08-25,2021-09-02,华泰证券股份有限公司,,每个交易日,否,A类份额：0%， B类份额：1%,,,,,,0,A类份额：0%， B类份额：1%,0.015%,0.015%,"A类份额：0%， B类份额：5%以内不提成，5%以上提成50%。
计提基准日：固定时点（每季度第二个月（即2、5、8、11月）的20号）+赎回+清盘时提取",0-5亿元,P1068720
团队跟踪,齐兴中证500指数增强1号,SSN242,齐兴中证500指数增强1号证券投资私募基金,SSN242,深圳齐兴资管,,2021-09-03,2021-09-10,财通证券股份有限公司,,,否,,,,,,,0,,,,,10-20亿元,P1068137
团队跟踪,华道CTA-FOF1号私募证券投资基金,SSN369,华道CTA-FOF1号私募证券投资基金,SSN369,北京华道资本投资,,2021-09-23,2021-09-26,中信证券股份有限公司,,,否,,,,,,,0,,,,,10-20亿元,P1034039
团队跟踪,澜熙趋势先锋一号,SSN411,澜熙趋势先锋私募证券投资基金一号,SSN411,上海澜熙资管,,2021-09-13,2021-09-22,国泰君安证券股份有限公司,,每周最后一个交易日,否,0%,,持有期小于90日，赎回费率为0.6%；持有期大等于90日，赎回费率为0%,,无,,0.01,,,,"0%＜年化收益率-计提基准≤20%，计提超额部分10%；
20%＜年化收益率-计提基准≤50%， 计提超额部分20%；
年化收益率-计提基准＞50%，计提超额部分30%。",5-10亿元,P1062538
团队跟踪,银瓴汇金6号私募证券投资基金,SSN446,银瓴汇金6号私募证券投资基金,SSN446,广西银瓴资产,,2021-09-01,2021-09-06,中信证券股份有限公司,莫帆,本基金固定开放日为每个工作日。,可临开申购,无,不少于1万元。,持有天数＜180天，赎回费率为1%；持有天数 ≥ 180天，赎回费率为0。,0.92,无,0.9,0.006,,0.015%/年,0.015%/年,B类：0＜持有期间收益率≤15%，计提比例20%；持有期间收益率＞15%，计提比例25%。C类：0＜持有期间收益率≤5%，计提比例0%；持有期间收益率＞5%，计提比例50%。,0-5亿元,P1026879
团队跟踪,鸣熙天玑中证500指数增强2号,SSN649,鸣熙天玑中证500指数增强2号私募证券投资基金,SSN649,上海鸣熙资管,,2021-09-17,2021-09-27,华泰证券股份有限公司,,每个工作日,否,0%,,0%,,,,0.01,,0.02%,0.02%,份额收益率相对同期【中证 500 指数收益率】（超额收益率 Re） 大于 0%时可提取 20%业绩报酬,100亿元以上,P1033450
团队跟踪,嘉鸿星火3号私募证券投资基金,SSN679,嘉鸿星火3号私募证券投资基金,SSN679,上海嘉鸿,,2021-10-27,2021-11-03,广发证券股份有限公司,,,否,,,,,,,0,,,,,50-100亿元,P1068812
团队跟踪,金瑞凤凰同心1号集合资产管理计划,SSN885,金瑞凤凰同心1号集合资产管理计划,SSN885,金瑞期货,,2021-09-28,2021-09-29,中信证券股份有限公司,,,否,,,,,,,0,,,,,,GC0500030835
团队跟踪,博孚利涌金12号私募证券投资基金,SSN900,博孚利涌金12号私募证券投资基金,SSN900,厦门博孚利资管,,2021-12-21,2021-12-23,国泰君安证券股份有限公司,,每个交易日,否,0%,不少于1 万元,0%,,无,,0.015,,0.015%,0.015%,门槛收益率法，年化30%以上计提60%,50-100亿元,P1023120
团队跟踪,银叶东海心选中证500指数增强2号私募证券投资基金,SSP031,银叶东海心选中证500指数增强2号私募证券投资基金,SSP031,上海银叶投资,,2021-10-12,2021-10-18,中信证券股份有限公司,王生,,否,,,,,,,0,,,,,100亿元以上,P1000393
团队跟踪,砥立资产-优孚尊享1号私募证券投资基金,SSP066,砥立资产-优孚尊享1号私募证券投资基金,SSP066,上海砥立,,2021-09-02,2021-09-10,华泰证券股份有限公司,,,否,,,,,,,0,,,,,0-5亿元,P1070614
团队跟踪,天演金选股票量化优选1号私募证券投资基金,SSP073,天演金选股票量化优选1号私募证券投资基金,SSP073,上海天演,,2021-09-16,2021-09-17,国泰君安证券股份有限公司,,,否,,,,,,,0,,,,,100亿元以上,P1004907
团队跟踪,静瑞价值成长私募证券投资基金,SSP145,静瑞价值成长私募证券投资基金,SSP145,上海静瑞,,2021-09-16,2021-09-22,招商证券股份有限公司,,每个工作日,否,0%,,0%,,,,0.01,A 类份额：1%；B类份额：0%,0.025%,0.025%,"A 类份额：年化收益大于 0%时，管理人提取超过年化收益 0%盈利部分的
15%作为业绩报酬；B类份额：不计提业绩报酬。
业绩报酬的计算采取“单客户单笔份额高水位法”：业绩报酬提取时点分为固定时点提取、分红时提取、赎回时提取和合同终止时提取。固定时点提取是在每自然年度12 月 15日",50-100亿元,P1072080
团队跟踪,靖奇天期CTA私募证券投资基金,SSP436,靖奇天期CTA私募证券投资基金,SSP436,上海靖奇投资,,2021-09-02,2021-09-07,国信证券股份有限公司,,每周最后一个工作日,可临开赎回,0, 1 万元的整数倍。,0,0.85,除开放日外的期间,0.8,0.02,,0.025%,0.025%,20%,0-5亿元,P1019905
团队跟踪,靖奇基石8号私募证券投资基金,SSP488,靖奇基石8号私募证券投资基金,SSP488,上海靖奇投资,,2021-09-03,2021-09-13,国信证券股份有限公司,,每周最后一个工作日,否,0%,,0%,0.75,,0.7,0.01,, 0.025%,0.025%,20%,0-5亿元,P1019905
团队跟踪,聚宽对冲五号,SSP741,聚宽对冲五号私募证券投资基金,SSP741,北京聚宽投资,,2021-11-03,2021-11-10,国泰君安证券股份有限公司,高斯蒙,,否,,,,,,,0,,,,,100亿元以上,P1066435
团队跟踪,鸣石未来新元量化选股1号C期私募证券投资基金,SSP889,鸣石未来新元量化选股1号C期私募证券投资基金,SSP889,上海鸣石,,2021-09-10,2021-09-15,招商证券股份有限公司,,,否,,,,,,,0,,,,,100亿元以上,P1005659
团队跟踪,桐石乘风1号私募证券投资基金,SSQ222,桐石乘风1号私募证券投资基金,SSQ222,上海桐石,,2021-09-03,2021-09-23,华泰证券股份有限公司,杜菁华,,否,,,,,,,0,,,,,0-5亿元,P1072194
团队跟踪,泽善价值稳健1号私募证券投资基金,SSQ350,泽善价值稳健1号私募证券投资基金,SSQ350,广东泽善投资,,2021-09-08,2021-09-13,兴业证券股份有限公司,,每周周二,可临开赎回,0%,,0%,0.8,,0.75,0.01,,0.0175%,0.0175%,30%,10-20亿元,P1070852
团队跟踪,善择先锋二号私募证券投资基金,SSQ522,善择先锋二号私募证券投资基金,SSQ522,深圳善择,,2021-09-27,2021-09-30,国泰君安证券股份有限公司,何恺、杨萍,,否,,,,,,,0,,,,,50-100亿元,P1073481
团队跟踪,因诺华宝沪深300指数增强1号私募证券投资基金,SSQ848,因诺华宝沪深300指数增强1号私募证券投资基金,SSQ848,上海因诺资管,,2021-09-30,2021-10-08,国泰君安证券股份有限公司,,,否,,,,,,,0,,,,,100亿元以上,P1006164
团队跟踪,量游杉树君悦16号私募证券投资基金,SSR056,量游杉树君悦16号私募证券投资基金,SSR056,上海量游资管,,2021-09-15,2021-09-18,国泰君安证券股份有限公司,,每个交易日,否,0%,,0%,0.95,无,,0.01,,0.04%,,对超过上次成功计提基准日基金份额累计净值部分按20%比例进行计提,5-10亿元,P1005511
团队跟踪,聚宽广思对冲二号私募证券投资基金,SSR064,聚宽广思对冲二号私募证券投资基金,SSR064,北京聚宽投资,,2021-09-16,2021-09-16,广发证券股份有限公司,,每月5日、15日,否,A类份额：差异化申购费率如下： 单笔申购金额＜300万元，申购费率为1%；300万元≤单笔申购金额＜500 万元，申购费率0.8%；500万元≤单笔申购金额，申购费率为0.5%；。B类份额：0%,不低于10万元,0%,0.9,,0.85,0.01,基金销售服务费：A类份额：1%；。B类份额：0%,0.05%,0.05%,超过历史份额计提日最高份额累计净值部分，A类份额：20%；B类份额：18%,100亿元以上,P1066435
团队跟踪,量博H系期货稳健配置1号私募证券投资基金,SSR148,量博H系期货稳健配置1号私募证券投资基金,SSR148,上海量博,,2021-09-06,2021-09-13,招商证券股份有限公司,,,否,,,,,,,0,,,,,0-5亿元,P1072114
团队跟踪,国优卷柏复合策略进取1号私募证券投资基金,SSR208,国优卷柏复合策略进取1号私募证券投资基金,SSR208,天津国优,,2021-10-20,2021-10-25,华泰证券股份有限公司,,每自然月第10个自然日为开放日。如该对应日为非工作日，则开放日为该日后的第一个工作日。,可临开申购,B类份额：0,每次追加申购的最低金额为10万元人民币。,0,0.8,成立后180天（已结束）。,0.75,0,B类份额：0.5%/年,0.025%/年,0.025%/年,"B类份额：单人单笔高水位法，针对收益0%以上的部分计提10%业绩报酬
本基金业绩报酬计提日为：封闭期过后，每年1月及7月的最后一个交易日，基金份额持有人实际赎回基金份额时（包含全部赎回，部分赎回）、基金终止日。",5-10亿元,P1065232
团队跟踪,沁源全球精选2号私募证券投资基金,SSR239,沁源全球精选2号私募证券投资基金,SSR239,浙江沁源,,2022-02-11,2022-03-11,招商证券股份有限公司,吴鼎文,"每月15日、25日(顺延)
（预约申购T-1，预约赎回T－3）",可临开赎回,0,不低于10万元,"少于180天,1%",0.75,无,0.7,0.01,,0.0050%,0.005%,20%,50-100亿元,P1006908
团队跟踪,知易寰宇多策略1号,SSR272,知易寰宇多策略1号私募证券投资基金,SSR272,浙江知易,,2021-09-30,2021-10-12,招商证券股份有限公司,,申购开放日为每自然月最后一个工作日，赎回开放日为每季度的最后一个工作日,否,0%,,0%,0.75,6个月,0.7,0.012,,0.025%,0.025%,"A类份额：年化收益 0%盈利部分的20%作为业绩报酬
B类份额：年化收益 4%盈利部分的12%作为业绩报酬",0-5亿元,P1071872
团队跟踪,灵涛机构日享2期私募证券投资基金,SSR328,灵涛机构日享2期私募证券投资基金,SSR328,灵涛基金,,2021-09-30,2021-10-11,国泰君安证券股份有限公司,王建,,否,,,,,,,0,,,,,5-10亿元,P1024039
团队跟踪,海鹏扬帆,SSR379,海鹏扬帆私募证券投资基金,SSR379,北京海鹏,,2021-10-28,2021-11-02,国泰君安证券股份有限公司,费忠海,每月18日,否,0%,,持有期小于180天，赎回费率为2%；持有期大等于180但小于360天，赎回费率为1%；持有期大等于360天，赎回费率为0%,,无,,0.02,2%,,,20%,10-20亿元,P1016905
团队跟踪,海鹏数策,SSR382,海鹏数策私募证券投资基金,SSR382,北京海鹏,,2021-10-28,2021-11-02,国泰君安证券股份有限公司,,,否,,,,,,,0,,,,,10-20亿元,P1016905
团队跟踪,领久恒峰A期私募证券投资基金,SSS013,领久恒峰A期私募证券投资基金,SSS013,上海领久,,2021-09-22,2021-09-24,国泰君安证券股份有限公司,,,否,,,,,,,0,,,,,10-20亿元,P1071965
团队跟踪,量派聚核20号,SSS088,量派聚核20号私募证券投资基金,SSS088,上海量派投资,,2021-09-22,2021-09-24,国泰君安证券股份有限公司,孙林,每个交易日,否,1%,1万元起,持有期小于180天，赎回费率为1%；持有期大等于180 天，赎回费率为0%,,无,,0.015,,0.025%,0.025%,单个投资者单笔高水位净值法，计提 20%,100亿元以上,P1071253
团队跟踪,量道精选专享18号私募证券投资基金,SSS223,量道精选专享18号私募证券投资基金,SSS223,深圳量道投资,,2021-09-10,2021-09-16,招商证券股份有限公司,,每个交易日,否,0%,1万元起,0%（可金额赎回）,,无,,0.01,,,0.025%,"18%。
计提基准日：赎回日、基金终止日、分红日、固定结算日（每年6月最后一个交易日）",100亿元以上,P1016658
团队跟踪,量派金选量化对冲7号私募证券投资基金,SSS284,量派金选量化对冲7号私募证券投资基金,SSS284,上海量派投资,,2021-10-26,2021-11-01,国泰君安证券股份有限公司,,每个交易日,否,0%,1万元起,A类份额、B类份额：0%。C类份额：持有期小于180天，赎回费率为1%；持有期大等于180天，赎回费率为 0%。,,无,,0.012,A类份额：0%，B类份额：1%，C类份额：1.2%,0.02%,0.02%,A类份额：0%，B类份额：20%，C类份额：22%,100亿元以上,P1071253
团队跟踪,黑帆佳源一号私募证券投资基金,SSS310,黑帆佳源一号私募证券投资基金,SSS310,杭州黑帆资管,,2021-09-10,2021-09-16,华泰证券股份有限公司,陈乔,每周三,否,0,,,,180天,,0.015,,0.025%,0.025%,,0-5亿元,P1061190
团队跟踪,浑瑾岳阳私募证券投资基金,SSS521,浑瑾岳阳私募证券投资基金,SSS521,珠海浑瑾,,2021-09-16,2021-09-24,中信证券股份有限公司,,,否,,,,,,,0,,,,,20-50亿元,P1072408
团队跟踪,黑帆大海八号私募证券投资基金,SSS679,黑帆大海八号私募证券投资基金,SSS679,杭州黑帆资管,,2021-09-27,2021-10-13,华泰证券股份有限公司,陈乔,,否,,,,,,,0,,,,,0-5亿元,P1061190
团队跟踪,香农500指增1号私募证券投资基金,SSS767,香农500指增1号私募证券投资基金,SSS767,海南三亚香农,,2021-09-28,2021-09-30,招商证券股份有限公司,,,否,,,,,,,0,,,,,20-50亿元,P1072386
团队跟踪,南方红石大虎鲸量化3号,SST045,南方红石大虎鲸量化3号私募证券投资基金,SST045,厦门南方红石,,2021-09-29,2021-10-08,华福证券股份有限公司,,,否,,,,,,,0,,,,,0-5亿元,P1024376
团队跟踪,世纪前沿指数增强23号,SST158,世纪前沿指数增强23号私募证券投资基金,SST158,海南世纪前沿,,2021-09-16,2021-09-16,招商证券股份有限公司,吴敌,,否,0.00%,10000,0.00%,,,,0,1.00%,0.02%,1.00%,0以上计提20%,100亿元以上,P1068951
团队跟踪,蒙玺中证1000指数量化1号,SST315,蒙玺中证1000指数量化1号私募证券投资基金,SST315,上海蒙玺投资,,2021-10-12,2021-10-15,国泰君安证券股份有限公司,李骧,每个交易日,否,0%,,0%,,无,,0.01,1%,0.025%,0.025%,当0%≤R -B时，对超出业绩报酬计提基准部分提取20%的业绩报酬，即E= K×T1×（R-B）×T/365×【20%】；当R-B<0% 时，不提取业绩报酬。,100亿元以上,P1063294
团队跟踪,迈德瑞趋势机会7号,SST437,迈德瑞趋势机会7号私募证券投资基金,SST437,迈德瑞投资,,2021-09-28,2021-09-30,国泰君安证券股份有限公司,康兰,每月第一、第三个周二,可临开赎回,0,10万,180天内2%,,无,0.6,0.015,,,,净值1元以上超额部分收取16%,0-5亿元,P1071188
团队跟踪,SAP智龙明斯基一号,SST453,SAP智龙明斯基一号私募证券投资基金,SST453,深圳前海智龙,,2021-10-18,2021-10-21,招商证券股份有限公司,赖成迪,,否,,,,,,,0,,,,,5-10亿元,P1016056
团队跟踪,微观博易-含露私募证券投资基金,SST515,微观博易-含露私募证券投资基金,SST515,北京微观博易,,2021-10-26,2021-11-03,招商证券股份有限公司,吴晓青,,否,,,,,,,0,,,,,100亿元以上,P1031932
团队跟踪,杉阳商品CTA1号私募证券投资基金,SST534,杉阳商品CTA1号私募证券投资基金,SST534,上海杉阳,,2021-09-24,2021-09-27,招商证券股份有限公司,谢健,每周周一,否,0%,,A类份额：持有期小于3个月，赎回费率2%；持有期大等于3个月且少于6个月，赎回费率1.5%；持有期大等于6个月，赎回费率0%。B类份额：不收取,0.8,无,0.75,0,A类份额收取1%管理费，B类份额不收取,0.02%,0.02%,A类份额收取20%业绩报酬，B类份额不收取,0-5亿元,P1070833
团队跟踪,博润稳健量化2号,SST556,博润稳健量化2号私募证券投资基金,SST556,北京博润银泰投资,,2021-10-14,2021-10-14,广发证券股份有限公司,马志伟,,否,,,,,,,0,,,,,100亿元以上,P1002960
团队跟踪,量客卓宇进取量选18号私募证券投资基金,SST760,量客卓宇进取量选18号私募证券投资基金,SST760,上海量客,,2022-04-12,2022-04-18,华泰证券股份有限公司,程庆,每周周一、周三,否,0%,,持有期小于180天，赎回费率为2%；持有期大等于180天，赎回费率为0%,0.92,无,0.9,0,,0.02%,0.02%,20%,20-50亿元,P1000568
团队跟踪,至正红毫私募证券投资基金,SST783,至正红毫私募证券投资基金,SST783,烟台至正,,2021-10-19,2021-10-26,国泰君安证券股份有限公司,,每周周二,否,1%,,A类份额：持有期小于180天，经管理人同意后方可赎回，赎回费率为1%；持有期大等180天但小于365天，赎回费率为1%；持有期大等于365天，赎回费率为0%。B类份额：0%,0.85,无,0.75,0.01,A类份额：1%，B类份额：0%,0.025%,0.025%,A类份额：16%，B类份额：0%,0-5亿元,P1074156
团队跟踪,珩景共富XY二期私募证券投资基金,SST937,珩景共富XY二期私募证券投资基金,SST937,杭州珩景资管,,2021-10-11,2021-10-13,国信证券股份有限公司,,每月15号,否,1%,,1%,0.85,,0.8,0.01,,0.03%,0.03%,不计提业绩报酬,0-5亿元,P1069110
团队跟踪,启林广进中证1000指数增强A,SSU076,启林广进中证1000指数增强A私募证券投资基金,SSU076,上海启林投资,,2021-09-22,2021-09-24,广发证券股份有限公司,,,否,,,,,,,0.01,,,,,100亿元以上,P1064525
团队跟踪,因诺多空ETF1号私募证券投资基金,SSU091,因诺多空ETF1号私募证券投资基金,SSU091,上海因诺资管,,2021-09-27,2021-09-28,长城证券股份有限公司,,,否,,,,,,,0,,,,,100亿元以上,P1006164
团队跟踪,星阔海鹏一号私募证券投资基金,SSU092,星阔海鹏一号私募证券投资基金,SSU092,青岛星阔投资,,2021-09-17,2021-09-27,中国国际金融股份有限公司,,每个交易日,否,0%,追加金额应为10万人民币的整数倍起,0%,0.92,无,0.9,0.01,,0.010%,0.010%,年化0%以上部分提取20%,10-20亿元,P1071681
团队跟踪,务时基本面量化股票多空交易5号私募证券投资基金,SSU094,务时基本面量化股票多空交易5号私募证券投资基金,SSU094,厦门务时,,2021-09-23,2021-09-28,招商证券股份有限公司,,每个工作日,否,0%,,持有期小于6个月，赎回费率为1%；持有期大等于 6 个月，赎回费率为0%,,,,0.015,,0.015%,0.015%,"单客户单笔份额高水位法，提取业绩报酬，A 类份额：20%，C 类份额：15%。
计提时点为分红日、赎回日及清算日。",5-10亿元,P1061595
团队跟踪,天戈恒锐17号私募证券投资基金,SSU114,天戈恒锐17号私募证券投资基金,SSU114,上海天戈投资,,2021-09-23,2021-09-28,招商证券股份有限公司,,,否,,,,,,,0,,,,,5-10亿元,P1008509
团队跟踪,诚奇睿盈优选运作1号,SSU301,诚奇睿盈优选运作1号私募证券投资基金,SSU301,上海诚奇,,2021-09-17,2021-09-17,招商证券股份有限公司,,每月10日、25日以及每周周二,可临开赎回,0%,,A类份额：持有期小于12个月，赎回费率 3%；持有期大等于12个月，赎回费率0%。B类份额：0%,,,,0.01,A类份额：1%，B类份额：0%,0.05%,0.05%,A类份额：20%，B类份额：0%,100亿元以上,P1001430
团队跟踪,绰瑞金轮1号私募证券投资基金,SSU357,绰瑞金轮1号私募证券投资基金,SSU357,上海绰瑞,,2021-09-24,2021-09-24,招商证券股份有限公司,何裕璋,每个交易日,否,,,0,,,,0.01,,,,超额20%,10-20亿元,P1006129
团队跟踪,大道秋兰私募证券投资基金,SSU485,大道秋兰私募证券投资基金,SSU485,深圳大道投资,,2021-09-17,2021-09-24,招商证券股份有限公司,朱明强,每自然月第10个自然日为开放日。如该对应日为非工作日，则开放日为该日后的第一个工作日。,可临开申购,B类份额：0,每次追加申购的最低金额为10万元人民币。,0,0.8,成立后180天（已结束）。,0.75,0,B类份额：0.5%/年,0.025%/年,0.025%/年,"B类份额：单人单笔高水位法，针对收益0%以上的部分计提10%业绩报酬
本基金业绩报酬计提日为：封闭期过后，每年1月及7月的最后一个交易日，基金份额持有人实际赎回基金份额时（包含全部赎回，部分赎回）、基金终止日。",100亿元以上,P1032257
团队跟踪,黑翼CTA-T21,SSU488,黑翼CTA-T21私募证券投资基金,SSU488,上海黑翼资管,,2021-09-17,2021-09-17,招商证券股份有限公司,陈泽浩,本基金固定申购开放日为每周最后一个交易日及每个自然月最后一个交易日，若某一周没有交易日的则该周不设置固定申购开放日，若某一周只有一个交易日，该交易日为固定申购开放日；本基金固定赎回开放日为每个自然月最后一个交易日。,否,,1万元起,,0.75,,0.7,0.015,,0.025%,,业绩报酬的计算采取“单客户单笔份额高水位法”：当基金份额赎回、基金终止或分红时，管理人将提取赎回份额或分红份额当期收益的16%作为业绩报酬。,100亿元以上,P1004419
团队跟踪,龙帆恒盛稳固8号私募证券投资基金,SSU654,龙帆恒盛稳固8号私募证券投资基金,SSU654,厦门龙帆资管,,2021-09-23,2021-09-23,兴业证券股份有限公司,李克勤,每周周三、周五,否,A类份额：0.5%，B类份额：0%,10万元的整数倍,A类份额：持有期小于360个自然日，赎回费率为1%；持有期大等于360个自然日，赎回费率为0%。B类份额：0%,,无,,0.01,A类份额：1%，B类份额：0%,0.025%,0.025%,A类份额：25%，B类份额：0%,5-10亿元,P1062076
团队跟踪,图灵进取中证500指数增强1号私募证券投资基金,SSU669,图灵进取中证500指数增强1号私募证券投资基金,SSU669,海南图灵,,2021-10-20,2021-10-25,招商证券股份有限公司,,,否,,,,,,,0,,,,,100亿元以上,P1071836
团队跟踪,千衍三涛1号,SSU844,千衍三涛1号私募证券投资基金,SSU844,上海千衍,,2021-09-28,2021-10-15,国信证券股份有限公司,,每个交易日开放申购，每周三赎回,可临开赎回,0,无,A类：0，B类：180天以内，赎回费1%,,无,,0,A类：1%，B类：2%,0.00025,0.00025,0.2,100亿元以上,P1009640
团队跟踪,绰瑞北岳25号私募证券投资基金,SSU926,绰瑞北岳25号私募证券投资基金,SSU926,上海绰瑞,,2021-10-14,2021-10-15,国信证券股份有限公司,,每个交易日,可临开申购,,每次追加申购的最低金额为10万元人民币。,0,0.8,,0.75,0.01,,0.025%/年,0.025%/年,20%,10-20亿元,P1006129
团队跟踪,隽贤润和证券投资私募基金,SSV112,隽贤润和证券投资私募基金,SSV112,上海隽贤投资,,2021-09-27,2021-09-29,中信证券股份有限公司,,,否,,,,,,,0,,,,,0-5亿元,P1071470
团队跟踪,时间序列红利增强1号私募证券投资基金,SSV122,时间序列红利增强1号私募证券投资基金,SSV122,青岛时间序列资管,,2021-10-13,2021-10-19,招商证券股份有限公司,王英昊,每个工作日,否,A类份额：0%，B类、C类、D类份额：0.5%,,0%,,无,,0.012,A类份额：0%，B类份额：1.2%，C类、D类份额：1%,0.025%,0.025%,A类、B类份额：0%，C类份额：15%，D类份额：20%,10-20亿元,P1071639
团队跟踪,滨风火牛2号私募证券投资基金,SSV128,滨风火牛2号私募证券投资基金,SSV128,鹰潭滨风投资,,2021-12-13,2021-12-16,广发证券股份有限公司,,,否,,,,0.82,,0.8,0,,,,,5-10亿元,P1067981
团队跟踪,衍复金选中证1000指数增强四号私募证券投资基金,SSV146,衍复金选中证1000指数增强四号私募证券投资基金,SSV146,上海衍复投资,,2021-10-13,2021-10-18,国泰君安证券股份有限公司,高亢,,否,,,,,,,0,,,,,100亿元以上,P1070325
团队跟踪,资瑞兴成长,SSV284,资瑞兴成长私募证券投资基金,SSV284,深圳资瑞兴投资,,2021-10-08,2021-10-15,中信证券股份有限公司,汪忠远,每周二,否,,,,,半年,,0.01,,,,,5-10亿元,P1014067
团队跟踪,希塔套利1号私募证券投资基金,SSV305,希塔套利1号私募证券投资基金,SSV305,上海希塔,,2021-10-15,2021-10-20,国泰君安证券股份有限公司,,申购开放日为每个交易日，赎回开放日为每自月最后一个交易日,否,1%，可减免,,持有期小于 180 天，赎回费率为1%；持有期大等于180天但小于360天，赎回费率为0.5%；持有期大等于360 天，赎回费率为0%,0.88,无,0.85,0.015,,,,20%,5-10亿元,P1072192
团队跟踪,博孚利超强9号FOF私募证券投资基金,SSV980,博孚利超强9号FOF私募证券投资基金,SSV980,厦门博孚利资管,,2021-09-28,2021-09-28,中信证券股份有限公司,,每周周五,否,0%,1 万元的整数倍,持有期小于180 天，赎回费率为1%；持有期大等于180天，免收。,0.7,无,0.6,0,A 类份额（外部）收取1%；B 类份额（内部）不收取。,0.015%,0.015%,仅对A类份额计提业绩报酬，采用“单客户高水位法”，提取比例为10%。,50-100亿元,P1023120
团队跟踪,永誉天泽鼎立一号证券投资私募基金,SSW052,永誉天泽鼎立一号证券投资私募基金,SSW052,青岛永誉天泽,,2021-10-25,2021-11-01,中信证券股份有限公司,,,否,,,,,,,0,,,,,5-10亿元,P1072402
团队跟踪,量客卓宇十二号私募证券投资基金,SSW163,量客卓宇十二号私募证券投资基金,SSW163,上海量客,,2021-10-21,2021-10-27,华福证券股份有限公司,程庆,每周周一、三；临开,否,0.5%,,若基金份额持有时间少于180天，赎回费率为 1%；若基金份额持有时间大于等于180天，赎回费率为 0。,,无,0.75,0.01,每日计提，按季支付,0.07%,0.03%,20%,20-50亿元,P1000568
团队跟踪,诚奇招盈优选运作1号私募证券投资基金,SSW194,诚奇招盈优选运作1号私募证券投资基金,SSW194,上海诚奇,,2021-10-13,2021-10-13,招商证券股份有限公司,,,否,,,,,,,0,,,,,100亿元以上,P1001430
团队跟踪,赜远量化选股7号私募证券投资基金,SSW203,赜远量化选股7号私募证券投资基金,SSW203,珠海赜远,,2021-10-13,2021-10-20,中信证券股份有限公司,,每周最后一个交易日,否,0%,,0%,,无,,0,A类份额：0%，B类份额：1%，C类份额：1.2%,0.02%,0.02%,A类份额：0%；B类份额：20%；C类份额：22%，相对中证500计提,5-10亿元,P1072412
团队跟踪,衍盛铭量智选1号私募证券投资基金,SSW260,衍盛铭量智选1号私募证券投资基金,SSW260,深圳衍盛,,2021-09-29,2021-10-25,中信证券股份有限公司,魏霄,每周三、五及每个自然月最后一个工作日,可临开赎回,0%,1万的整数倍,0%，归基金资产,,无,,0.01,A类：0%    B类：1%,0.04%,0.04%,"A类：0%
B类：15%",50-100亿元,P1004055
团队跟踪,千衍六和2号,SSW402,千衍六和2号私募证券投资基金,SSW402,上海千衍,,2021-09-29,2021-09-30,华泰证券股份有限公司,,每个工作日,否,0%,1万元起,A类份额：0%。B类份额：持有期小于180天，赎回费率为1%；持有期大等于180天，赎回费率为0%,,无,,0.01,A类份额：0%；B类份额：1%,0.01%,0.01%,"A类：无业绩报酬
B类：在固定时点（每年的6月20日及12月20日）、分红、赎回、终止时，对超过对标指数收益率部分的20%水上计提业绩报酬；
在业绩报酬提取时点，本基金份额收益率根据相对同期中证500指数收益率（超额收益率Re）进行提取。
业绩报酬（R）的计算公式如下：
当Re≤0或r≤0时，R=0；
当0＜Re且r＞0时，则R=min{F×C×Re×20%，F×C×r}",100亿元以上,P1009640
团队跟踪,水木博雅中观武府1号私募证券投资基金,SSW404,水木博雅中观武府1号私募证券投资基金,SSW404,珠海水木博雅,,2021-09-29,2021-10-12,中信证券股份有限公司,张成山,,否,,,,,,,0,,,,,0-5亿元,P1071281
团队跟踪,合骥臻至多策略1号私募证券投资基金,SSW605,合骥臻至多策略1号私募证券投资基金,SSW605,上海合骥,,2021-10-26,2021-10-29,国泰君安证券股份有限公司,,申购开放为每周一，赎回开放日为每月最后一个交易日,否,1%,10,0%,0.85,无,0.8,0.02,,0.025%,0.025%,20%,100亿元以上,P1072437
团队跟踪,博孚利多策略十号,SSW768,博孚利多策略十号私募证券投资基金,SSW768,厦门博孚利资管,,2021-09-30,2021-09-30,中信证券股份有限公司,,每个交易日,否,0%,1万元的整数倍,半年内赎回收2%,,无,,0.01,,0.015%,0.015%,份额高水位法，提取比例为20%  ,50-100亿元,P1023120
团队跟踪,念觉优恒12号私募证券投资基金,SSW933,念觉优恒12号私募证券投资基金,SSW933,上海念觉,,2021-10-11,2021-10-14,招商证券股份有限公司,,,否,,,,,,,0,,,,,100亿元以上,P1066462
团队跟踪,千象卓越5号私募证券投资基金,SSW952,千象卓越5号私募证券投资基金,SSW952,上海千象资产,,2021-10-11,2021-10-14,招商证券股份有限公司,,,否,,,,,,,0,,,,,100亿元以上,P1006930
团队跟踪,数为黄金先锋一号私募证券投资基金,SSX191,数为黄金先锋一号私募证券投资基金,SSX191,福州数为,,2022-01-10,2022-01-13,国投证券股份有限公司,,每月5日、20日,否,0%,10万元以及10万元的整数倍,0%,0.97,无,0.95,0.01,,0.04%,0.02%,50%,0-5亿元,P1064166
团队跟踪,博孚利三人行FOF私募证券投资基金,SSX369,博孚利三人行FOF私募证券投资基金,SSX369,厦门博孚利资管,,2021-10-18,2021-10-18,招商证券股份有限公司,,每周五（法定节假日顺延）,可临开赎回,0.5%,1 万元起,无,,,0.9,0.01,,0.025%,0.025%,门槛收益率法，年化8%以上计提10%,50-100亿元,P1023120
团队跟踪,沪通东木量化2号私募证券投资基金,SSX392,沪通东木量化2号私募证券投资基金,SSX392,宁波沪通,,2021-11-04,2021-11-18,光大证券股份有限公司,,,否,,,,,,,0,,,,,5-10亿元,P1069262
团队跟踪,景上源星辰3号私募证券投资基金,SSX423,景上源星辰3号私募证券投资基金,SSX423,杭州景上源,,2021-10-08,2021-10-11,招商证券股份有限公司,,每周一（遇法定节假日顺延至下一工作日，如本周无下一个工作日的，则本周无固定开放日）		,否,无,,无,,无,,0.01,,0.01%,0.01%,单客户单笔高水位法，盈利部分的20%,5-10亿元,P1008209
团队跟踪,龙旗枫火3号指数增强私募证券投资基金,SSX496,龙旗枫火3号指数增强私募证券投资基金,SSX496,杭州龙旗科技,,2021-10-20,2021-10-25,华鑫证券有限责任公司,,每个交易日,否,0%,,0%,,,,0,,0.025%,0.025%,40%,100亿元以上,P1000676
团队跟踪,龙帆恒盛稳固9号,SSX605,龙帆恒盛稳固9号私募证券投资基金,SSX605,厦门龙帆资管,,2021-10-20,2021-10-20,国泰君安证券股份有限公司,施镇涛、李克勤,,否,,,,,,,0,,,,,5-10亿元,P1062076
团队跟踪,龙帆恒盛稳固10号私募证券投资基金,SSX606,龙帆恒盛稳固10号私募证券投资基金,SSX606,厦门龙帆资管,,2021-10-20,2021-10-20,国泰君安证券股份有限公司,施镇涛、李克勤,,否,,,,,,,0,,,,,5-10亿元,P1062076
团队跟踪,源晖中证500指数增强1期私募证券投资基金,SSX681,源晖中证500指数增强1期私募证券投资基金,SSX681,北京源晖投资,,2021-10-13,2021-10-18,中信证券股份有限公司,贾晓玮,,否,,,,,,,0,,,,,5-10亿元,P1067910
团队跟踪,华量凡二私募证券投资基金,SSX683,华量凡二私募证券投资基金,SSX683,海南茂源量化,,2021-11-01,2021-11-05,国泰君安证券股份有限公司,,每周周五,否,0%,,0%,0.92,无,0.9,0.015,,0.05%,0.05%,对超出业绩报酬计提基准的持有期差额收益按16%比例进行计提。,100亿元以上,P1061840
团队跟踪,正仁江海远山30期多策略私募证券投资基金,SSY154,正仁浩瀚一号私募证券投资基金,SSY154,海南正仁,,2021-10-20,2021-10-25,国泰君安证券股份有限公司,,每个交易日,否,1%,,持有期小于365天，赎回费率为1%；持有期大等于365天免收取。,0.8,无,0.75,0.015,1.5%,0.025%,0.025%,20%,50-100亿元,P1071301
团队跟踪,致达润丰私募证券投资基金,SSY494,致达润丰私募证券投资基金,SSY494,广东致达,,2021-12-08,2021-12-16,华福证券股份有限公司,,,否,,,,,,,0,,,,,10-20亿元,P1072465
团队跟踪,澜熙套利一号私募证券投资基金,SSY534,澜熙套利一号私募证券投资基金,SSY534,上海澜熙资管,,2021-11-02,2021-11-09,国泰君安证券股份有限公司,,,否,,,,,,,0,,,,,5-10亿元,P1062538
团队跟踪,理博飞天1号私募证券投资基金,SSY765,理博飞天1号私募证券投资基金,SSY765,杭州理博,,2021-11-02,2021-11-08,中信证券股份有限公司,,,否,,,,,,,0,,,,,0-5亿元,P1072890
团队跟踪,顽岩张杨路私募证券投资基金,SSY799,顽岩张杨路私募证券投资基金,SSY799,上海顽岩,,2021-10-19,2021-10-27,广发证券股份有限公司,,每个交易日,否,0%,,0%,0.92,无,0.9,0,,0.025%,0.025%,"R≤8%时，不收取； 
8%＜R≤14%时，MIN(R*45%，R-8%）；
 R＞14%时，提取 8%＜R≤14%，MIN(R*45%，R-8%）以及 R＞14%超 出部分收益的 50%。",100亿元以上,P1034708
团队跟踪,久期量和CTA1号,SSY826,久期量和CTA1号私募证券投资基金,SSY826,上海久期量和投资,,2021-10-29,2021-10-29,中信证券股份有限公司,,,否,,,,,,,0,,,,,20-50亿元,P1031301
团队跟踪,鑫鼎盘口一号,SSY972,鑫鼎盘口一号私募证券投资基金,SSY972,深圳鑫鼎,,2021-11-05,2021-11-11,国信证券股份有限公司,檀君君、成亮,"申购：每周三开放
赎回：每自然月20日开放；遇节假日顺延",否,1%,1万整数倍递增,持有期<365自然日，1%；持有期≥365自然日，0%,0.85,180天,0.8,0.01,,0.03%,0.03%,单个客户单笔高水位净值法计提，业绩报酬计提比例20%,5-10亿元,P1008450
团队跟踪,稳博量化选股匠心系列1号,SSZ098,稳博量化选股匠心系列1号私募证券投资基金,SSZ098,上海稳博投资,,2021-10-19,2021-10-22,广发证券股份有限公司,殷陶,,否,,,,,,,0,,,,,100亿元以上,P1029043
团队跟踪,复熙量化指数增强1号,SSZ107,复熙量化指数增强1号私募证券投资基金,SSZ107,上海复熙资管,,2021-10-21,2021-10-28,中信建投证券股份有限公司,,,否,,,,,,,0,,,,,20-50亿元,P1006187
团队跟踪,溪水穿云1号,SSZ124,溪水穿云1号私募证券投资基金,SSZ124,北京溪水,,2021-10-22,2021-10-27,中信证券股份有限公司,秦霈,,否,,,,,,,0,,,,,0-5亿元,P1072489
团队跟踪,在赢套利三号私募证券投资基金,SSZ140,在赢套利三号私募证券投资基金,SSZ140,浙江在赢,,2021-11-03,2021-11-10,华泰证券股份有限公司,,,否,,,,,,,0,,,,,5-10亿元,P1009338
团队跟踪,巨量均衡CTA一号,SSZ209,巨量均衡CTA一号私募证券投资基金,SSZ209,珠海巨量均衡,,2021-10-27,2021-11-01,中信证券股份有限公司,,每个自然周的周一、周二、周三和周五,可临开赎回,0,不设,＜90天 1%，90-180天 0.5% ＞180天 0,,,,0.01,,0.03%,0.03%,,5-10亿元,P1072577
团队跟踪,悦海盈和500指数增强1号,SSZ228,悦海盈和500指数增强1号私募证券投资基金,SSZ228,青岛悦海盈和,,2021-10-19,2021-10-25,招商证券股份有限公司,王江宁,,否,,,,,,,0,,,,,100亿元以上,P1070936
团队跟踪,悦海盈和12号,SSZ317,悦海盈和12号私募证券投资基金,SSZ317,青岛悦海盈和,,2021-10-19,2021-10-25,招商证券股份有限公司,王江宁,每自然周的周四（遇法定节假日顺延至下一工作日）,可临开赎回,0,首次申购不低于100万元，追加申购不低于10万元,0,,无,,0,1%/年，以前一日基金资产净值每日计提，按月支付,0.025%/年，以前一日基金资产净值每日计提，按月支付,0.025%/年，以前一日基金资产净值每日计提，按月支付,"计提基准：0%（超过0%部分提取）
提取比例：20%
计提时点：赎回、分红、基金终止时
连续两次计提间隔≥3个月（分红提取时适用）",100亿元以上,P1070936
团队跟踪,艮岳思逸1号私募证券投资基金,SSZ370,艮岳思逸1号私募证券投资基金,SSZ370,杭州艮岳,,2021-10-22,2021-10-22,招商证券股份有限公司,,每个交易日,否,0%,,0%,,无,,0.02,,0.025%/年,0.025%/年,当期年化收益率0-20%，计提20%；20-30%部分计提30%；30-50%部分计提40%；50%以上部分计提50%,20-50亿元,P1032168
团队跟踪,博孚利擢英2号私募证券投资基金,SSZ388,博孚利擢英2号私募证券投资基金,SSZ388,厦门博孚利资管,,2021-10-27,2021-10-27,国泰君安证券股份有限公司,,本基金成立后每周周四、周五，如遇非交易日，则该非交易日对应的开放取消,可临开赎回,1%管理人可免,1万元起,持有期低于90天（不含）的，赎回费率为1%。持有期在90天及以上的，赎回费率为0%。归基金资产,,无,,0.01,,0.015%,0.015%,高水位法，计提绝对收益的50%,50-100亿元,P1023120
团队跟踪,博孚利牡丹2号私募证券投资基金,SSZ432,博孚利牡丹2号私募证券投资基金,SSZ432,厦门博孚利资管,,2021-10-15,2021-10-15,兴业证券股份有限公司,,每周周五，遇非顺延,否,A类份额：0%，B类份额：1%可免,大于1万,A类份额：0%。B类份额：持有期小于360天，收取1%；持有期大等于360天，免收。,,无,,0.015,,0.015%,0.015%,年化11.28%以上计提60%,50-100亿元,P1023120
团队跟踪,慧创天璇八号私募证券投资基金,SSZ512,慧创天璇八号私募证券投资基金,SSZ512,杭州慧创投资,,2021-10-21,2021-10-28,招商证券股份有限公司,,每个工作日,否,0,,0,0.95,无,0.9,0.01,,0.025%,0.025%,0-9%收20%，9%以上收50%,0-5亿元,P1005233
团队跟踪,捷荆良元天策3号私募证券投资基金,SSZ550,捷荆良元天策3号私募证券投资基金,SSZ550,浙江捷荆,,2021-10-29,2021-11-04,中信证券股份有限公司,邵益,,否,,,,,,,0,,,,,0-5亿元,P1065132
团队跟踪,盛冠达沪深300指数增强2号私募证券投资基金,SSZ551,盛冠达沪深300指数增强2号私募证券投资基金,SSZ551,海南盛冠达,,2021-10-19,2021-10-25,招商证券股份有限公司,,每周二、周三,否,,,90天内1%,,,,0.01,,,,超额20%,20-50亿元,P1001070
团队跟踪,涵德量化16号私募证券投资基金,SSZ656,涵德量化16号私募证券投资基金,SSZ656,北京涵德投资,,2022-01-04,2022-01-07,招商证券股份有限公司,,每周最后一个交易日,否,0%,,0%,0.9,,0.88,0.01,,0.03%,0.03%,当R>0％时，对超过0%的收益部分提取18%的业绩报酬,50-100亿元,P1001739
团队跟踪,天迹远游二号私募证券投资基金,SSZ699,天迹远游二号私募证券投资基金,SSZ699,杭州天迹,,2021-10-27,2021-11-04,国泰海通证券股份有限公司,,每周第一个交易日,否,0%,,持有期小于180天，赎回费率为1%；持有期大等于180天，赎回费率为0%,0.75,无,0.7,0.01,,0.04%,0.04%,18%,0-5亿元,P1066176
团队跟踪,天倚道稳稳1号私募证券投资基金,SSZ791,天倚道稳稳1号私募证券投资基金,SSZ791,上海天倚道投资,,2021-10-27,2021-10-27,华泰证券股份有限公司,,,否,,,,,,,0,,,,,10-20亿元,P1001744
团队跟踪,星阔星汉1号全气候量化宏观配置私募证券投资基金,SSZ798,星阔星汉1号全气候量化宏观配置私募证券投资基金,SSZ798,青岛星阔投资,,2021-10-21,2021-11-30,中信证券股份有限公司,,,否,,,,,,,0,,,,,10-20亿元,P1071681
团队跟踪,哈希股票量选择时1期私募证券投资基金,SSZ829,哈希股票量选择时1期私募证券投资基金,SSZ829,海南哈希,,2021-11-03,2021-11-11,华泰证券股份有限公司,,每周周四,否,0%,,持有期小于90天，赎回费率1%；持有期大等于90天，赎回费率0%,,,,0.015,A类份额：0.75%，B类份额：1.5%,0.025%,0.025%,单个投资者单笔高水位净值法，A类份额：15%，B类份额：20%,10-20亿元,P1073980
团队跟踪,博孚利恒富尊享2号私募证券投资基金,SSZ966,博孚利恒富尊享2号私募证券投资基金,SSZ966,厦门博孚利资管,,2021-11-04,2021-11-12,国泰君安证券股份有限公司,,每个交易日,否,0%,不少于1 万元,半年内赎回收2%,,无,,0.01,2024.1.24开始暂停计提,0.025%,0.025%,年化4.5%以内不提，4.5%以上全部计提60%且计提后不低于4.5%,50-100亿元,P1023120
团队跟踪,量道明享1号私募证券投资基金,SSZ967,量道明享1号私募证券投资基金,SSZ967,深圳量道投资,,2021-10-21,2021-10-21,兴业证券股份有限公司,,,否,,,（可金额赎回）,,,,0,,,,,100亿元以上,P1016658
团队跟踪,念空稳健多策略私募证券投资基金,ST0083,念空稳健多策略私募证券投资基金,ST0083,上海念空,,2017-04-26,2017-05-05,国泰君安证券股份有限公司,,,否,,,,,,,0,,,,,50-100亿元,P1016966
团队跟踪,双隆-隆富2号,ST1031,双隆-隆富2号私募基金,ST1031,上海双隆投资,,2017-04-17,2017-04-27,招商证券股份有限公司,,,否,,,,,,,0,,,,,20-50亿元,P1000549
团队跟踪,天平鼎立私募投资基金,ST1477,微观博易-天平鼎立私募证券投资基金,ST1477,北京微观博易,,2017-05-31,2017-06-07,招商证券股份有限公司,,,否,,,,,,,0,,,,,100亿元以上,P1031932
团队跟踪,泛涵正元2号私募证券投资基金,ST1723,泛涵正元2号私募证券投资基金,ST1723,北京泛涵投资,,2017-05-04,2017-05-12,华泰证券股份有限公司,,,否,,,,,,,0.01,,,,20%,5-10亿元,P1004911
团队跟踪,达一号量化私募投资基金,ST2106,达一号量化私募投资基金,ST2106,广州和元达,,2017-05-19,2017-05-25,中信证券股份有限公司,张智能,每个自然月最后一个工作日,否,,,,0.85,无,0.8,0.01,,0.1%,0.1%,20%,0-5亿元,P1033797
团队跟踪,辰翔虎跃私募基金,ST2886,辰翔虎跃私募基金,ST2886,上海辰翔,,2017-04-24,2017-05-05,国泰君安证券股份有限公司,,,否,,,,,,,0,,,,,0-5亿元,P1028243
团队跟踪,珞珈方圆港股通多策略一期私募基金,ST3009,珞珈方圆港股通多策略一期私募基金,ST3009,深圳前海珞珈方圆资管,,2017-09-15,2017-09-29,招商证券股份有限公司,,每月10日,否,1%,不低于1万元,0%,,,,0.008,销售服务费：0.8%,0.05%,0.05%,"提取当期收益的20%作为业绩报酬。
计提基准日：基金份额赎回、基金终止或分红。",5-10亿元,P1006012
团队跟踪,蒙玺中证1000指数量化1号B类,ST315B,蒙玺中证1000指数量化1号私募证券投资基金B类份额,ST315B,上海蒙玺投资,,2021-10-12,,国泰君安证券股份有限公司,,每个交易日,否,0%,,0%,,无,,0.01,,0.025%,0.025%,当0%≤R -B时，对超出业绩报酬计提基准部分提取【20%】的业绩报酬，即E= K×T1×（R-B）×T/365×【20%】；当R-B<【0% 】时，不提取业绩报酬。,100亿元以上,P1063294
团队跟踪,鸣熙CTA启明一号私募证券投资基金,ST3739,鸣熙CTA启明一号私募证券投资基金,ST3739,鸣熙资本,,2019-01-18,2019-01-31,招商证券股份有限公司,,,否,,,,,,,0,,,,,100亿元以上,P1033450
团队跟踪,松井伟业一号私募证券投资基金,ST4539,松井伟业一号私募证券投资基金,ST4539,深圳同创佳业资管,,2017-05-19,2017-05-24,中国银河证券股份有限公司,全秀龙,,否,,,,,,,0,,,,,5-10亿元,P1003655
团队跟踪,量道众盈1号私募证券投资基金,ST4891,量道众盈1号私募证券投资基金,ST4891,深圳量道投资,,2017-05-26,2017-05-31,国泰君安证券股份有限公司,,每个交易日,否,1%, 1 万元的整数倍,1%,0.8,无,0.75,0.01,,0.05%/年,0.05%/年,"1、计提方式：单个投资者单笔高水位净值法
2、计提时点：投资者赎回日、分红权益登记日、基金清算日、固定结算日（每年最后一个交易日（但封闭期及锁定期（如有）除外）
3、计提比例：【20%】",100亿元以上,P1016658
团队跟踪,杉阳商品CTA1号A类,ST534A,杉阳商品CTA1号私募证券投资基金A类份额,ST534A,上海杉阳,,2021-09-24,2021-09-27,招商证券股份有限公司,,每周周一,否,0%,,持有期小于3个月，赎回费率2%；持有期大等于3个月且少于6个月，赎回费率1.5%；持有期大等于6个月，赎回费率0%,0.8,无,0.75,0.01,,0.02%,0.02%,,0-5亿元,P1070833
团队跟踪,黑翼风行2号,ST5561,黑翼风行2号私募基金,ST5561,上海黑翼资管,,2017-05-31,2017-06-13,招商证券股份有限公司,邹倚天,每个工作日,否,0%,1万元起,A类份额：0%，B类份额：持有期小于6个月，赎回费率为3%，持有期大等于6个月，赎回费率为0%,,无,,0.02,A类份额：0%，B类份额：2%,0.05%,0.05%,A类份额：0%，B类份额：25%,100亿元以上,P1004419
团队跟踪,花见锦春1号私募基金,ST5891,花见锦春1号私募基金,ST5891,浙江花见资管,,2017-06-09,2017-06-15,华泰证券股份有限公司,,,否,,,,,,,0,,,,,0-5亿元,P1061605
团队跟踪,远澜苍松1号私募证券投资基金,ST5900,远澜苍松1号私募证券投资基金,ST5900,上海远澜,,2017-09-01,2017-09-22,国信证券股份有限公司,王凯,,否,,,,,,,0,,,,,100亿元以上,P1018484
团队跟踪,华炎晨轩,ST6483,华炎晨轩私募证券投资基金,ST6483,华炎基金,,2017-06-01,2017-06-06,海通证券股份有限公司,,本基金开放日为每周周一，如遇节假日则顺延至下一工作日。,可临开赎回,0,,0,0.9,无,0.88,0.01,0.010000,,,本基金业绩报酬仅在每个基金分红日，客户赎回日或基金终止日计提，基金业绩报酬提取比例为20%，业绩报酬从基金资产或清算资金中扣收。,0-5亿元,P1013651
团队跟踪,鸣熙致远六号私募基金,ST6531,鸣熙致远六号私募基金,ST6531,鸣熙资本,,2017-06-21,2017-06-29,招商证券股份有限公司,,每个自然月的5号,否,,,,,无封闭期,0.9,0.003,0.3%,0.1%,0.1%,60%,100亿元以上,P1033450
团队跟踪,哲萌1号,ST6571,哲萌1号私募证券投资基金,ST6571,杭州哲萌投资,,2017-06-27,2017-06-30,中信建投证券股份有限公司,朱哲平,,否,,,,,,,0,,,,,20-50亿元,P1062570
团队跟踪,量道风云1号私募证券投资基金,ST6593,量道风云1号私募证券投资基金,ST6593,深圳量道投资,,2017-06-07,2017-06-12,国泰君安证券股份有限公司,,每月28日,否,,不低于1万元,1%（可金额赎回）,,无,,0.01,,0.05%,0.05%,20%,100亿元以上,P1016658
团队跟踪,明汯中性1号,ST7452,明汯中性1号私募证券投资基金,ST7452,上海明汯投资,,2017-07-12,2017-07-17,招商证券股份有限公司,,,否,,,,,,,0,,,,,100亿元以上,P1004150
团队跟踪,博孚利CTA5号私募证券投资基金,ST7688,博孚利CTA5号私募证券投资基金,ST7688,厦门博孚利资管,,2017-06-01,2017-06-07,广发证券股份有限公司,何阳阳,每周周一、周二,可临开赎回,0%,不少于1万元,持有期小等于3个月，赎回费率为0.5%；持有期大于3个月，赎回费率为0%,,无,,0.01,A类：0.5%；B类：1%年费率，每日计提，按季度支付。,0.025%,0.025%,A类不计提；B类：单客户高水位法，收益的20%,50-100亿元,P1023120
团队跟踪,至正红毫私募证券投资基金A类份额,ST783A,至正红毫私募证券投资基金A类份额,ST783A,烟台至正,,2021-10-19,2021-10-26,国泰君安证券股份有限公司,,每周周二,否,1%,,持有期小于180天，经管理人同意后方可赎回，赎回费率为1%；持有期大等180天但小于365天，赎回费率为1%；持有期大等于365天，赎回费率为0%,0.85,无,0.75,0.01,,0.025%,0.025%,16%,0-5亿元,P1074156
团队跟踪,珞珈方圆港股通多策略,ST8011,珞珈方圆港股通多策略私募基金,ST8011,深圳前海珞珈方圆资管,,2017-10-13,2017-10-19,招商证券股份有限公司,,申购开放日为每周周二，赎回开放日为每月第二个周二,可临开赎回,A类份额：1%，B类份额：0%,1万元起,,,,,0.01,A类份额：1%，B类份额：0%,0%,0%,"A类份额：单客户单笔份额高水位法当基金份额赎回、基金终止或分红时，管理人将提取赎回份额或分红份额当期收益的16%作为业绩报酬。
B类份额不计提",5-10亿元,P1006012
团队跟踪,正瀛权智1号,ST8076,正瀛权智1号私募基金,ST8076,上海正瀛资管,,2017-07-20,2017-07-28,中信证券股份有限公司,钟方醒,每个自然季度末月（即3月、6月、9月、12月）20号可以接受申购申请，如对应日为非工作日，则顺延至下一个工作日。,否,1%,,0%,,无,,0.01,,,,"计提20%
",100亿元以上,P1060813
团队跟踪,茂源量化长岛交易5号私募证券投资基金,ST8876,茂源量化长岛交易5号私募证券投资基金,ST8876,海南茂源量化,,2017-06-19,2017-06-29,国泰海通证券股份有限公司,,,否,,,,,,,0,,,,,100亿元以上,P1061840
团队跟踪,思勰投资思源中证1000指数增强7号私募证券投资基金,ST8940,思勰投资思源中证1000指数增强7号私募证券投资基金,ST8940,上海思勰投资,,2017-06-21,2017-06-29,国泰君安证券股份有限公司,,,否,,,,,,,0,,,,,100亿元以上,P1032873
团队跟踪,赫富一号,ST9354,赫富一号私募证券投资基金,ST9354,上海赫富投资,,2017-07-03,2017-07-07,招商证券股份有限公司,蔡觉逸,,否,,,,,,,0,,,,,100亿元以上,P1062959
团队跟踪,尚艺神鹿1号私募投资基金,ST9638,尚艺神鹿1号私募投资基金,ST9638,北京尚艺,,2017-07-11,2017-07-19,招商证券股份有限公司,王峥,,否,,,,,,,0,,,,,50-100亿元,P1006152
团队跟踪,美好狄拉克一号多策略私募证券投资基金,ST9786,美好狄拉克一号多策略私募证券投资基金,ST9786,广东横琴广鑫美好,,2017-06-23,2017-07-04,金融街证券股份有限公司,罗山,,否,,,,,,,0,,,,,50-100亿元,P1033731
团队跟踪,九坤日享沪深300指数增强1号,ST9803,九坤日享沪深300指数增强1号私募基金,ST9803,北京九坤投资,,2017-06-21,2017-06-28,中信证券股份有限公司,姚齐聪,,否,,,,,,,0,,,,,100亿元以上,P1003313
团队跟踪,九坤日享中证500指数增强1号,ST9804,九坤日享中证500指数增强1号私募基金,ST9804,北京九坤投资,,2017-06-21,2017-06-29,中信证券股份有限公司,姚齐聪,,否,,,,,,,0,,,,,100亿元以上,P1003313
团队跟踪,敦和多资产稳健1号私募证券投资基金,ST9820,敦和多资产稳健1号私募证券投资基金,ST9820,敦和资管,,2017-06-29,2017-07-05,国泰君安证券股份有限公司,,每月15号,否,0%,不低于10万,0%,,无,0.8,0,仅对A类份额收取1.5%的管理费；B类份额不收取,0.04%,0.04%,仅对A类份额收取20%的业绩报酬；B类份额不收取,100亿元以上,P1000501
团队跟踪,子午安心十九号,STA010,子午安心十九号私募证券投资基金,STA010,上海子午投资,,2021-12-02,2021-12-02,光大证券股份有限公司,朱嘉琦,周二,否,0%,,0%,0.92,,0.9,0.01,,,,,100亿元以上,P1010078
团队跟踪,绰瑞北岳28号私募证券投资基金,STA170,绰瑞北岳28号私募证券投资基金,STA170,上海绰瑞,,2021-11-05,2021-11-08,国信证券股份有限公司,,每个交易日,否,,,0,,,,0.01,,,,超额20%,10-20亿元,P1006129
团队跟踪,涵德成益量化混合23号私募证券投资基金,STA214,涵德成益量化混合23号私募证券投资基金,STA214,北京涵德投资,,2021-10-22,2021-10-27,招商证券股份有限公司,,每周最后一个交易日,可临开赎回,0%,1万,持有期少于6 个月，赎回费率1%,0.9,,0.88,0.009,,,,18%,50-100亿元,P1001739
团队跟踪,善行四海价值精选量化增强一号,STA256,善行四海价值精选量化增强一号私募证券投资基金,STA256,深圳善行四海资管,,2021-10-28,2021-11-09,中信证券股份有限公司,祁正,,否,,,,,,,0,,,,,0-5亿元,P1033446
团队跟踪,星熹元多空进取2号私募证券投资基金,STA314,星熹元多空进取2号私募证券投资基金,STA314,北京星熹元,,2021-11-18,2021-11-30,中国国际金融股份有限公司,,,否,,,,,,,0,,,,,0-5亿元,P1021633
团队跟踪,览山瑞禾私募证券投资基金,STA321,览山瑞禾私募证券投资基金,STA321,宁夏览山,,2021-10-22,2021-10-28,兴业证券股份有限公司,,每周四、周五开放申购和赎回,可临开赎回,0,1,"持有时间小于 90 个自然日赎回费率为 0.5%，持有时间大于 90 个自然
日（含）赎回费率为 0%",,无,,0.006,"A类份额（个人投资者） 0.6%
B类份额（机构投资者）1%",0.01%,0.01%,A 类不收取业绩报酬，B类份额（机构投资者）40%,0-5亿元,P1070530
团队跟踪,明湾稳增一号私募证券投资基金,STA417,明湾稳增一号私募证券投资基金,STA417,上海明湾资管,,2021-11-03,2021-11-18,国泰君安证券股份有限公司,,,否,,,,,,,0,,,,,10-20亿元,P1001040
团队跟踪,锐天金选沪深300指数增强1号私募证券投资基金,STA468,锐天金选沪深300指数增强1号私募证券投资基金,STA468,上海锐天投资,,2021-12-13,2021-12-22,国泰君安证券股份有限公司,,,否,,,,,,,0,,,,,100亿元以上,P1024169
团队跟踪,本拾基石成长1号私募证券投资基金,STA545,本拾基石成长1号私募证券投资基金,STA545,上海本拾,,2021-11-05,2021-11-12,招商证券股份有限公司,谭聪,,否,,,,,,,0,,,,,0-5亿元,P1072573
团队跟踪,懿坤优才一号私募证券投资基金,STA613,懿坤优才一号私募证券投资基金,STA613,上海懿坤资管,,2021-10-28,2021-11-03,国泰君安证券股份有限公司,高懿,,否,,,,,,,0,,,,,10-20亿元,P1027393
团队跟踪,简文日昇1号,STA666,简文日昇1号私募证券投资基金,STA666,上海简文,,2021-11-18,2021-11-26,招商证券股份有限公司,,每自然周最后一个工作日,可临开赎回,1%,1万元起,0%,,无,,0.01,A类份额：0%，B类份额：1%,0.025%,0.025%,"单客户单笔份额高水位法，当R>0%时，对超过0%的收益部分提取30%的业绩报酬
",10-20亿元,P1022166
团队跟踪,博孚利尊享君悦29号私募证券投资基金,STA732,博孚利尊享君悦29号私募证券投资基金,STA732,厦门博孚利资管,,2021-11-01,2021-11-04,国泰君安证券股份有限公司,,每个交易日,否,0%,不少于1万元且为1万元的整数倍,0%,,无,,0.005,,0.05%,0.05%,高水位法，计提绝对收益的10%,50-100亿元,P1023120
团队跟踪,合骥集烨1号私募证券投资基金,STA750,合骥集烨1号私募证券投资基金,STA750,上海合骥,,2021-11-16,2021-11-19,国泰君安证券股份有限公司,,,否,,,,,,,0,,,,,100亿元以上,P1072437
团队跟踪,懿坤优才二号私募证券投资基金,STA778,懿坤优才二号私募证券投资基金,STA778,上海懿坤资管,,2021-10-28,2021-11-03,国泰君安证券股份有限公司,高懿,,否,,,,,,,0,,,,,10-20亿元,P1027393
团队跟踪,顽岩东方路,STA785,顽岩东方路私募证券投资基金,STA785,上海顽岩,,2021-10-28,2021-11-04,中信证券股份有限公司,,申购开放日为每个工作日；赎回开放日为每月第三个周五,否,1%,1 万元起,持有期小于12 个月，赎回费率 为1%；持有期大等于12 个月，赎回费率为0%,0.88,无,0.85,0.01,A类份额：1%；B类份额：0%,0.025%,0.025%,20%,100亿元以上,P1034708
团队跟踪,瀛岳核心,STA891,瀛岳核心私募证券投资基金,STA891,共青城瀛岳,,2021-11-08,2021-11-15,华泰证券股份有限公司,岳洁东,每周周三,否,1%,,0%,,无,,0.01,,,,单客户高水位法，20%，每满6个月计提一次,5-10亿元,P1072644
团队跟踪,博孚利多策略十二号私募证券投资基金,STB089,博孚利多策略十二号私募证券投资基金,STB089,厦门博孚利资管,,2021-11-10,2021-11-10,国泰君安证券股份有限公司,,每个交易日,否,A 类份额：1%； B 类份额：0%,无,A 类份额：持有期小于180天，赎回费率为1%；持有期大等于180天，赎回费率为0%； B类份额：0%,0.94,无,0.92,0.01,A 类份额：1%； B 类份额：0%,0.025％,0.025％,A 类份额：10%； B 类份额：0%,50-100亿元,P1023120
团队跟踪,博孚利多策略十一号私募证券投资基金,STB092,博孚利多策略十一号私募证券投资基金,STB092,厦门博孚利资管,,2021-11-05,2021-11-17,中信证券股份有限公司,,每个交易日,否,A类份额：1%，B 类份额：0%,不少于1 万元,A 类份额：持有期小于180天，赎回费率为1%；持有期大等于180天，赎回费率为0%。B 类份额：0%,,无,,0.01,A 类份额：1%，B类份额：0%,0.015%,0.015%,A类份额：年化收益率超过 0% 以上部分按照 40%的比例收取业绩报酬 。B类份额不计提业绩报酬。,50-100亿元,P1023120
团队跟踪,博孚利稳强8号FOF,STB102,博孚利稳强8号FOF私募证券投资基金,STB102,厦门博孚利资管,,2021-11-04,2021-11-09,兴业证券股份有限公司,何阳阳,每个交易日,否,0.5%,不低于1 万元,持有时间小于90个自然日赎回费率为0.5%，持有时间大于90个自然日（含）赎回费率为0,0.95,无,0.93,0.01,A类：1%； B 类：0.5%,0.015%,0.015%,A份额（持有存续规模小于等于3000万元）：年化6%以上计提所有正收益的10%，计提后年化不低于6% ；B份额（持有存续规模大于3000万元）：年化6%以上计提所有正收益的15%，计提后年化不低于6%,50-100亿元,P1023120
团队跟踪,和棋期忆6号私募证券投资基金,STB201,和棋期忆6号私募证券投资基金,STB201,江苏和棋投资,,2021-12-06,2021-12-06,招商证券股份有限公司,,,否,,,,,,,0,,,,,5-10亿元,P1019979
团队跟踪,盛泉恒元量化均衡专项87号私募证券投资基金,STB284,盛泉恒元量化均衡专项87号私募证券投资基金,STB284,南京盛泉恒元投资,,2022-03-11,2022-03-16,国泰君安证券股份有限公司,,申购开放日：每月10日以及每月25日  赎回开放日：每月10日：,否,,,,,,,0,,,,,100亿元以上,P1006545
团队跟踪,博孚利玉石家族私募证券投资基金,STB387,博孚利玉石家族私募证券投资基金,STB387,厦门博孚利资管,,2021-11-01,2021-11-01,招商证券股份有限公司,,申购开放日为每周五，赎回开放日为每个自然季度末月（3、6、9、12 月）的30 号,可临开赎回,1%,1 万元起,持有期小于6 个月，赎回费率1%；持有期大等于6 个月免，收取。,0.9,,0.85,0.01,,0.025%,0.025%,高水位法，计提绝对收益的10%,50-100亿元,P1023120
团队跟踪,博孚利尊享君悦21号私募证券投资基金,STB474,博孚利尊享君悦21号私募证券投资基金,STB474,厦门博孚利资管,,2021-11-04,2021-11-04,国泰君安证券股份有限公司,,每个交易日,否,0%,不低于1万元,0%,,无,,0.005,,0.05%,0.05%,高水位法，计提绝对收益的10%,50-100亿元,P1023120
团队跟踪,楷双昆仑9号私募证券投资基金,STB484,楷双昆仑9号私募证券投资基金,STB484,上海凯双,,2022-01-12,2022-01-17,中国银河证券股份有限公司,,每个交易日,否,,,0%,,无,,0.015,,,,C类25%,10-20亿元,P1060069
团队跟踪,量魁高频微结构二号私募证券投资基金,STB556,量魁高频微结构二号私募证券投资基金,STB556,上海量魁,,2022-03-28,2022-03-28,招商证券股份有限公司,,每周周一、周三及周五,否,1%,,持有期小于12个月，赎回费率为 1%；持有期大等于12个月，赎回费率 0%,0.85,,0.8,0.01,,0.025%,0.025%,当 R>0％时，对超过 0%的收益部分提取 35%的业绩报酬,100亿元以上,P1062372
团队跟踪,锐天星耀一号私募证券投资基金,STB672,锐天星耀一号私募证券投资基金,STB672,上海锐天投资,,2021-11-02,2021-11-09,中信证券股份有限公司,,,否,,,,,,,0,,,,,100亿元以上,P1024169
团队跟踪,探融老虎一号智能量化,STB800,探融老虎一号智能量化私募证券投资基金,STB800,杭州探融投资,,2021-11-24,2021-11-29,中泰证券股份有限公司,,每周三申赎,可临开赎回,0%,10万元的整数倍,0%,0.75,90天,0.7,0.01,,0.02%,0.02%,20%,0-5亿元,P1032083
团队跟踪,诚奇全市场股票增强1号,STB828,诚奇全市场股票增强1号私募证券投资基金,STB828,上海诚奇,,2021-11-09,2021-11-22,广发证券股份有限公司,何文奇,,否,,,,,,,0,,,,,100亿元以上,P1001430
团队跟踪,明钺美丽中国股票母基金私募证券投资基金,STB887,明钺美丽中国股票母基金私募证券投资基金,STB887,珠海明钺,,2021-11-04,2021-11-11,招商证券股份有限公司,,,否,,,,,,,0,,,,,50-100亿元,P1066816
团队跟踪,因诺启富1000指数增强8号私募证券投资基金,STB903,因诺启富1000指数增强8号私募证券投资基金,STB903,上海因诺资管,,2022-03-02,2022-03-07,国泰君安证券股份有限公司,,,否,,,,,,,0,,,,,100亿元以上,P1006164
团队跟踪,绰瑞汇海9号私募证券投资基金,STB980,绰瑞汇海9号私募证券投资基金,STB980,上海绰瑞,,2021-11-01,2021-11-02,招商证券股份有限公司,,,否,,,,,,,0,,,,,10-20亿元,P1006129
团队跟踪,时间序列衍生策略1号私募证券投资基金,STB997,时间序列衍生策略1号私募证券投资基金,STB997,青岛时间序列资管,,2021-11-12,2021-11-18,招商证券股份有限公司,,,否,,,,,,,0,,,,,10-20亿元,P1071639
团队跟踪,博孚利尊享君悦22号私募证券投资基金,STC051,博孚利尊享君悦22号私募证券投资基金,STC051,厦门博孚利资管,,2021-11-12,2021-11-12,国泰君安证券股份有限公司,,每个交易日,否,0%,,0%,,无,,0.005,,0.05%,0.05%,高水位法，计提绝对收益的12%,50-100亿元,P1023120
团队跟踪,微观博易-黎夏三号私募证券投资基金,STC172,微观博易-黎夏三号私募证券投资基金,STC172,北京微观博易,,2021-11-23,2021-11-25,招商证券股份有限公司,,,否,,,,,,,0,,,,,100亿元以上,P1031932
团队跟踪,微观博易-驰风私募证券投资基金,STC174,微观博易-驰风私募证券投资基金,STC174,北京微观博易,,2021-11-23,2021-11-25,招商证券股份有限公司,,,否,,,,,,,0,,,,,100亿元以上,P1031932
团队跟踪,微观博易-春枫二号私募证券投资基金,STC177,微观博易-春枫二号私募证券投资基金,STC177,北京微观博易,,2021-11-23,2021-11-25,招商证券股份有限公司,,,否,,,,,,,0,,,,,100亿元以上,P1031932
团队跟踪,凡二量化中证500增强16号,STC238,凡二量化中证500增强16号私募证券投资基金,STC238,海南茂源量化,,2021-12-16,2021-12-24,招商证券股份有限公司,,,否,,,,,,,0,,,,,100亿元以上,P1061840
团队跟踪,源晖量化中性11号私募证券投资基金,STC420,源晖量化中性11号私募证券投资基金,STC420,北京源晖投资,,2021-11-26,2021-12-01,中泰证券股份有限公司,,每个交易日,否,0%,,0%,0.95,无,0.92,0,,0.025%,0.025%,不计提业绩报酬,5-10亿元,P1067910
团队跟踪,垒盈八号私募证券投资基金,STC445,垒盈八号私募证券投资基金,STC445,上海垒盈,,2021-11-23,2021-11-26,海通证券股份有限公司,,申购开放日为每个交易日，赎回开放日为每周周一、周三及周五,可临开赎回,0%,10万元起,0%,0.97,,0.95,0.01,,0.015%,0.015%,对超过上次成功计提基准日基金份额累计净值部分按30%比例进行计提。,5-10亿元,P1034005
团队跟踪,启元沪深300指数增强1号私募证券投资基金,STC525,启元沪深300指数增强1号私募证券投资基金,STC525,温州启元资管,,2021-11-11,2021-11-22,招商证券股份有限公司,,,否,,,,,,,0,,,,,20-50亿元,P1012870
团队跟踪,大道丰盛私募证券投资基金,STC838,大道丰盛私募证券投资基金,STC838,深圳大道投资,,2021-11-15,2021-11-15,招商证券股份有限公司,,,否,,,,,,,0,,,,,100亿元以上,P1032257
团队跟踪,大道丰沃500指数增强私募证券投资基金,STC840,大道丰沃500指数增强私募证券投资基金,STC840,深圳大道投资,,2021-11-15,2021-11-16,招商证券股份有限公司,朱明强,FOF投资产品池,可临开申购,成立后每个自然周的周五（如非交易日，顺延至下一个交易日）,深圳市大道投资管理有限公司,0,,股票多空策略,,0,B类份额：0.5%/年,0.025%/年,0.025%/年,"B类份额：单人单笔高水位法，针对收益0%以上的部分计提10%业绩报酬
本基金业绩报酬计提日为：封闭期过后，每年1月及7月的最后一个交易日，基金份额持有人实际赎回基金份额时（包含全部赎回，部分赎回）、基金终止日。",100亿元以上,P1032257
团队跟踪,大道丰盈1000指数增强私募证券投资基金,STC841,大道丰盈1000指数增强私募证券投资基金,STC841,深圳大道投资,,2021-11-15,2021-11-16,招商证券股份有限公司,,,否,,,,,,,0,,,,,100亿元以上,P1032257
团队跟踪,申万菱信平安海棠2号集合资产管理计划,STC952,申万菱信平安海棠2号集合资产管理计划,STC952,申万菱信,,2022-01-25,2022-01-25,中国邮政储蓄银行股份有限公司,,,否,,,,,,,0,,,,,,PT0100000033
团队跟踪,合骥景卓CTA2号,STC958,合骥景卓CTA2号私募证券投资基金,STC958,上海合骥,,2021-11-24,2021-11-29,海通证券股份有限公司,,,否,,,,,,,0,,,,,100亿元以上,P1072437
团队跟踪,永誉天泽经纶二号,STC996,永誉天泽经纶二号证券投资私募基金,STC996,青岛永誉天泽,,2021-11-15,2021-11-18,国泰君安证券股份有限公司,于达,每周周三,否,1%,,持有期小于365天，赎回费率为1%；持有期大等于365天，赎回费率为0%,0.9,,0.85,0.01,,0.025%,0.025%,20%,5-10亿元,P1072402
团队跟踪,鸿濛天泽量化对冲1号私募证券投资基金,STD104,鸿濛天泽量化对冲1号私募证券投资基金,STD104,深圳鸿濛投资,,2021-11-19,2021-11-24,国泰君安证券股份有限公司,,,否,,,,,,,0,,,,,0-5亿元,P1063124
团队跟踪,宽德中证1000指数增强2号,STD264,宽德中证1000指数增强2号私募证券投资基金,STD264,上海宽德,,2021-12-23,2022-01-04,中国银河证券股份有限公司,徐御之,,否,,,,,,,0,,,,,100亿元以上,P1005623
团队跟踪,文谛同耀量化6号私募证券投资基金,STD346,文谛同耀量化6号私募证券投资基金,STD346,上海文谛资管,,2021-11-19,2021-11-19,中国银河证券股份有限公司,,,否,,,,,,,0,,,,,10-20亿元,P1060697
团队跟踪,启林兴选CTA进取1号私募证券投资基金,STD394,启林兴选CTA进取1号私募证券投资基金,STD394,上海启林投资,,2021-11-23,2021-11-26,国泰君安证券股份有限公司,,,否,,,,,,,0,,,,,100亿元以上,P1064525
团队跟踪,友莹格天都一号私募证券投资基金,STD533,友莹格天都一号私募证券投资基金,STD533,上海友莹格资管,,2021-11-15,2021-11-18,招商证券股份有限公司,,每周周一,否,,,,,,0.8,0.02,,0.02%,0.02%,20%,0-5亿元,P1060304
团队跟踪,友莹格齐云一号,STD534,友莹格齐云一号私募证券投资基金,STD534,上海友莹格资管,,2021-11-15,2021-11-18,招商证券股份有限公司,,本基金开放日为每个自然周的周一（遇法定节假日则顺延至下一工作日）。,否,无,追加金额应不低于10万元人民币,无,,无,0.8,0.02,2.00%,0.02%,0.02%,"单客户单笔份额高水位法,在两类情况下管理人将根据基金份额持有人的收益情况对本基金提取业绩报酬，一类是基金份额持有人申请赎回或本基金终止时提取业绩报酬；另一类是分红时提取业绩报酬。如本次基金分红时间距上次分红时间（如有）不足3个月（每月按30个自然日计算），则本次基金分红不对基金份额计提业绩报酬。
提取赎回份额或分红份额当期收益的20%作为业绩报酬。",0-5亿元,P1060304
团队跟踪,蒙玺灵活增强3号私募证券投资基金,STD559,蒙玺灵活增强3号私募证券投资基金,STD559,上海蒙玺投资,,2021-11-17,2021-11-22,华鑫证券有限责任公司,,每个交易日,否,0%,,0%,,,,0,,0.025%,0.025%,"T0策略收益计提40%业绩报酬。
业绩基准日：每季度最后一个交易日",100亿元以上,P1063294
团队跟踪,天宝上上签套利十三期,STE176,天宝上上签套利十三期私募证券投资基金,STE176,山东天宝,,2022-01-11,2022-01-19,长城证券股份有限公司,,,否,,,,,,,0,,,,,20-50亿元,P1030978
团队跟踪,阿巴马瑞雪丰年量化精选私募证券投资基金,STE226,阿巴马瑞雪丰年量化精选私募证券投资基金,STE226,珠海阿巴马,,2022-01-18,2022-01-18,中信建投证券股份有限公司,,,否,,,,,,,0,,,,,50-100亿元,P1005008
团队跟踪,博孚利尊享君悦30号私募证券投资基金,STE250,博孚利尊享君悦30号私募证券投资基金,STE250,厦门博孚利资管,,2021-11-24,2021-11-24,国泰君安证券股份有限公司,,每个交易日,否,0%,无,0%,,无,,0.003,,0.05%,0.05%,业绩报酬基准法，基准为MAX【0，期间中证500指数年化收益率】，计提超额收益的12%,50-100亿元,P1023120
团队跟踪,盖亚青柯中证500指数增强1号,STE437,盖亚青柯中证500指数增强1号私募证券投资基金,STE437,海南盖亚青柯,,2021-12-06,2021-12-14,中泰证券股份有限公司,马诚凯,每个交易日,否,0%,,0%,,,,0,,0.015%,0.015%,不提取业绩报酬,20-50亿元,P1072468
团队跟踪,烁菓量化复合套利1号私募证券投资基金,STE474,烁菓量化复合套利1号私募证券投资基金,STE474,福州烁菓,,2022-02-22,2022-04-01,华福证券股份有限公司,,,否,,,,,,,0,,,,,0-5亿元,P1017468
团队跟踪,筑金馨睿壹号私募证券投资基金,STE624,筑金馨睿壹号私募证券投资基金,STE624,上海筑金投资,,2021-12-01,2021-12-01,海通证券股份有限公司,,,否,,,,,,,0,,,,,10-20亿元,P1009546
团队跟踪,国源不争9号私募证券投资基金,STE753,国源拾金安和8号私募证券投资基金,STE753,深圳国源信达资管,,2021-11-12,2021-12-03,国泰君安证券股份有限公司,李剑飞,申购开放日为每周周五 ，赎回开放日为每月最后一个周五,否,0%,,持有期小于180 天，赎回费率为1%；持有期大等于180天，赎回费率为0%,0.7,无,0.6,0.01,1%,0.025%,0.025%,"15%。
计提基准日：投资者赎回日、每年 6 月最后一个交易日（固定日，但封闭期及/或锁定期（如有）除外）、分红权益登记日和基金清算日。",100亿元以上,P1061199
团队跟踪,顽岩中证500指数增强3号私募证券投资基金,STE790,顽岩中证500指数增强3号私募证券投资基金,STE790,上海顽岩,,2021-11-17,2021-11-24,招商证券股份有限公司,,"申购：每个交易日
赎回：每周三",可临开赎回,1%，可免,1 万元起,小于 12 个月1%；大于等于 12 个月 0%,0.75,无,0.7,0.01,,0.02%,0.02%,"超额收益收取：
采用单客户单笔份额高水位法，当份额赎回、基金终止或分红时，按照对标中证 500 指数业绩基准超额部分计提 20%。",100亿元以上,P1034708
团队跟踪,盛丰中证500指数增强1号,STF048,盛丰中证500指数增强1号私募证券投资基金,STF048,海南盛丰,,2022-01-17,2022-01-20,国泰君安证券股份有限公司,,,否,,,,,,,0,,,,,50-100亿元,P1073590
团队跟踪,千衍九思3号私募证券投资基金,STF334,千衍九思3号私募证券投资基金,STF334,上海千衍,,2021-11-29,2021-12-02,华泰证券股份有限公司,,每天开放,可临开申购和可临开赎回,,,,,,,0,,,,,100亿元以上,P1009640
团队跟踪,采莲红台1号私募证券投资基金,STF653,采莲红台1号私募证券投资基金,STF653,杭州采莲,,2021-12-14,2021-12-17,招商证券股份有限公司,,,否,,,,,,,0,,,,,0-5亿元,P1072722
团队跟踪,玄信CTA稳进1号私募证券投资基金,STF726,玄信CTA稳进1号私募证券投资基金,STF726,上海玄信投资,,2021-11-29,2021-12-02,国泰君安证券股份有限公司,,每个交易日,否,0%,,0%,0.97,无,0.95,0.01,,0.025%,0.025%,50%,50-100亿元,P1064551
团队跟踪,玄信双创量选精选1号私募证券投资基金,STF728,玄信双创量选精选1号私募证券投资基金,STF728,上海玄信投资,,2021-11-29,2021-12-02,国泰君安证券股份有限公司,,每个交易日,否,0%,,0%,0.97,无,0.95,0.01,,0.025%,0.025%,50%,50-100亿元,P1064551
团队跟踪,厚方宏观对冲七号私募证券投资基金,STF740,厚方宏观对冲七号私募证券投资基金,STF740,广东厚方投资,,2021-12-21,2021-12-22,广发证券股份有限公司,,每月的1号和15号,否,0%,10万的整数倍,持有期小于365天，赎回费率为1%；持有期大等于365天，赎回费率为0%,0.85,,0.8,0.005,,0.025%,0.025%,"采用单个投资者单笔高水位净值法,计提比例25%",10-20亿元,P1019245
团队跟踪,晓晓吾空0号私募证券投资基金,STF750,晓晓吾空0号私募证券投资基金,STF750,珠海晓晓,,2021-11-19,2021-11-24,招商证券股份有限公司,吕峥,,否,,,,,,,0,,,,,0-5亿元,P1065747
团队跟踪,善择稳进5号私募证券投资基金,STG126,善择稳进5号私募证券投资基金,STG126,深圳善择,,2021-12-09,2021-12-14,华泰证券股份有限公司,杨萍,,否,,,,,,,0,,,,,50-100亿元,P1073481
团队跟踪,广金美好科新二十四号私募证券投资基金,STG154,广金美好科新二十四号私募证券投资基金,STG154,广东横琴广鑫美好,,2021-12-10,2021-12-17,国泰君安证券股份有限公司,,,否,,,,,,,0,,,,,50-100亿元,P1033731
团队跟踪,巨量均衡中证500指数增强一号,STG230,巨量均衡中证500指数增强一号私募证券投资基金,STG230,珠海巨量均衡,,2021-12-07,2021-12-14,招商证券股份有限公司,,,否,,,,,,,0,,,,,5-10亿元,P1072577
团队跟踪,图灵安享沪深300指数增强1号私募证券投资基金,STG276,图灵安享沪深300指数增强1号私募证券投资基金,STG276,海南图灵,,2021-12-03,2021-12-08,招商证券股份有限公司,,,否,,,,,,,0,,,,,100亿元以上,P1071836
团队跟踪,湘源稳健尊享1号私募证券投资基金,STG531,湘源稳健尊享1号私募证券投资基金,STG531,杭州湘源投资,,2021-12-31,2022-01-06,海通证券股份有限公司,陈景浩,产品成立后每个工作日开放,否,无,,（20260626变更生效）本基金份额持有期低于90 天（不含）的赎回费率为0.5%，基金份额持有期在90 天及 以上的赎回费率为0%。,,无,,0.01,,0.02%,0.02%,当年化收益率大于业绩报酬计提触发条件（年化4.8%）时，对持有期全额收益按【20%】比例进行计提，计提后基金份额持有人年化收益率不低于业绩报酬计提触发条件（年化4.8%）。,5-10亿元,P1061335
团队跟踪,大道清扬私募证券投资基金,STG544,大道清扬私募证券投资基金,STG544,深圳大道投资,,2021-12-07,2021-12-08,招商证券股份有限公司,朱明强,FOF投资产品池,可临开赎回,成立后每个自然周的周五（如非交易日，顺延至下一个交易日）,深圳市大道投资管理有限公司,0%,0,相对价值策略,0,0.01,,0.015%,0.015%,20%,100亿元以上,P1032257
团队跟踪,浑瑾岳阳H1号,STG658,浑瑾岳阳H1号私募证券投资基金,STG658,珠海浑瑾,,2021-12-24,2021-12-29,中信证券股份有限公司,,,否,,,,,,,0,,,,,20-50亿元,P1072408
团队跟踪,瑷尔德润泽量化20号私募证券投资基金,STG691,瑷尔德润泽量化20号私募证券投资基金,STG691,浙江瑷尔德投资,,2021-11-25,2021-12-03,华泰证券股份有限公司,,,否,,,,,,,0,,,,,5-10亿元,P1025781
团队跟踪,宁苑沛华稳定增长一号,STG733,宁苑沛华稳定增长一号私募证券投资基金,STG733,上海宁苑资管,,2021-11-29,2021-12-06,中信证券股份有限公司,,每个交易日,可临开赎回,0%,,A份额：D<365，1%；B份额：无；C份额：D<730，1%,,无,,0.02,B份额不收取管理费,0.015%,0.015%,"B份额不收取业绩报酬。
本基金业绩报酬计提基准日分为固定计提基准日、赎回申请日和基金终止日，固定计提基准日为每年6月、12月的最后一个工作日。
在固定计提确认日，对未赎回基金份额计算业绩报酬，按照本次计提基准日的基金份额净值将业绩报酬折算为等值的基金份额，从对应的认购/申购记录中强制扣减相应数量的基金份额。
本基金默认采用红利再投资。",50-100亿元,P1018867
团队跟踪,千衍六维1号,STG944,千衍六维1号私募证券投资基金,STG944,上海千衍,,2022-05-05,2022-05-10,华泰证券股份有限公司,,每周二、周三,否,0%,,持有期小于3个月，赎回费率为0.5%；持有期大等于3个月，赎回费率为 0%,,无,,0.01,A类份额：0%；B类份额：1%,0.01%,0.01%,"A类份额：无业绩报酬。
B类份额：年化收益大于0%时，管理人提取超过年化收益0%盈利部分的20%作为业绩报酬",100亿元以上,P1009640
团队跟踪,鸿熵恒润私募证券投资基金,STH003,鸿熵恒润私募证券投资基金,STH003,北京鸿熵,,2022-01-17,2022-01-25,申万宏源证券有限公司,,每个工作日,否,1%,10万起,持有期小于360天，赎回费率为1%；持有期大等于360天，赎回费率为0%,,,,0.01,,,,20%,0-5亿元,P1008413
团队跟踪,灵涛龙耀私募证券投资基金,STH062,灵涛龙耀私募证券投资基金,STH062,灵涛基金,,2021-11-29,2021-11-29,国泰君安证券股份有限公司,,,否,,,,,,,0,,,,,5-10亿元,P1024039
团队跟踪,鸿熵爱玩量化1号私募证券投资基金,STH080,鸿熵爱玩量化1号私募证券投资基金,STH080,北京鸿熵,,2022-01-17,2022-01-21,申万宏源证券有限公司,,每个工作日,否,1%,10万起,持有期小于360天，赎回费率为2%；持有期小于360天，赎回费率为1%,,,,0.01,,,,20%,0-5亿元,P1008413
团队跟踪,蓝色郁金香多策略1号私募证券投资基金,STH148,蓝色郁金香多策略1号私募证券投资基金,STH148,上海特夫,,2022-02-10,2022-03-18,国泰君安证券股份有限公司,,每周周三、周五,否,0%,1万元起,持有期小于180天，经管理人同意后方可赎回，赎回费率为2%；持有期大等于180天，赎回费率为0%。,,,,0.015,,0.025%,0.025%,收益率R，R≤30%时，计提30%，30%<R时，计提50%,0-5亿元,P1026263
团队跟踪,鸣熙天玑中证500指数增强1号,STH153,鸣熙天玑中证500指数增强1号私募证券投资基金,STH153,上海鸣熙资管,,2021-12-16,2021-12-16,国泰君安证券股份有限公司,张祥方,,否,,,,,,,0,,,,,100亿元以上,P1033450
团队跟踪,玄元元丰26号私募证券投资基金,STH225,玄元元丰26号私募证券投资基金,STH225,广东玄元,,2021-12-07,2021-12-16,中信证券股份有限公司,孔镇宁、张伟,每自然月第10个自然日为开放日。如该对应日为非工作日，则开放日为该日后的第一个工作日。,可临开申购,B类份额：0,每次追加申购的最低金额为10万元人民币。,0,0.8,成立后180天（已结束）。,0.75,0,B类份额：0.5%/年,0.025%/年,0.025%/年,"B类份额：单人单笔高水位法，针对收益0%以上的部分计提10%业绩报酬
本基金业绩报酬计提日为：封闭期过后，每年1月及7月的最后一个交易日，基金份额持有人实际赎回基金份额时（包含全部赎回，部分赎回）、基金终止日。",100亿元以上,P1029168
团队跟踪,宏腾多策略2号私募证券投资基金,STH227,宏腾多策略2号私募证券投资基金,STH227,武汉宏腾,,2021-12-22,2021-12-27,招商证券股份有限公司,,,否,,,,,,,0,,,,,0-5亿元,P1072768
团队跟踪,宏腾多策略3号私募证券投资基金,STH230,宏腾多策略3号私募证券投资基金,STH230,武汉宏腾,,2021-12-27,2022-01-06,招商证券股份有限公司,,,否,,,,,,,0,,,,,0-5亿元,P1072768
团队跟踪,源晖中证1000指数增强,STH252,源晖中证1000指数增强私募证券投资基金,STH252,北京源晖投资,,2021-12-06,2021-12-06,中信证券股份有限公司,贾晓玮,每周周二、周四,否,0%,,B类份额：持有期小于180天，赎回费率为1%；持有期大等于180天，赎回费率为0%。A类份额不收取,,无,,0,仅对B类份额收取1%管理费。A类份额不收取,0.025%,,仅对B类份额收取20%的业绩报酬。A类份额不收取,5-10亿元,P1067910
团队跟踪,靖奇基石11号私募证券投资基金,STH373,靖奇基石11号私募证券投资基金,STH373,上海靖奇投资,,2021-12-02,2021-12-02,国信证券股份有限公司,,申购开放日为每个工作日；赎回开放日为每周周五,否,0%,,0%,0.75,,0.7,0.01,,0.025%,0.025%,40%,0-5亿元,P1019905
团队跟踪,务聚多策略3期,STH408,务聚多策略3期私募证券投资基金,STH408,上海务聚投资,,2021-11-25,2021-12-01,中信建投证券股份有限公司,,每周周二、周三,否,0%,,0%,,,,0.01,,0.025%,0.025%,当基金份额赎回、基金终止或分红时，管理人将提取赎回份额或分红份额当期收益的35%作为业绩报酬,20-50亿元,P1067979
团队跟踪,量衍鸣澜1号5期私募证券投资基金,STH411,量衍鸣澜1号5期私募证券投资基金,STH411,浙江量衍投资,,2021-12-06,2021-12-09,海通证券股份有限公司,,,否,,,,,,,0,,,,,0-5亿元,P1066658
团队跟踪,博孚利尊享君悦31号私募证券投资基金,STH602,博孚利尊享君悦31号私募证券投资基金,STH602,厦门博孚利资管,,2021-12-02,2021-12-02,国泰君安证券股份有限公司,,每日开放,否,0%,不少于1 万元且为1 万元的整数倍,0%,,,,0,,0.05%,0.05%,高水位法，计提绝对收益的20%,50-100亿元,P1023120
团队跟踪,极量龙泉,STH890,极量龙泉私募证券投资基金,STH890,共青城极量投资,,2021-12-15,2021-12-20,招商证券股份有限公司,,,否,,,,,,,0.01,,,,,10-20亿元,P1071373
团队跟踪,锐耐诺金一号私募证券投资基金,STH938,锐耐诺金一号私募证券投资基金,STH938,上海锐耐,,2021-12-01,2021-12-07,国金证券股份有限公司,,,否,,,,,,,0,,,,,20-50亿元,P1071795
团队跟踪,瑞倍高森私募证券投资基金,STJ068,瑞倍高森私募证券投资基金,STJ068,宁波瑞倍,,2021-12-15,2021-12-15,国泰君安证券股份有限公司,,每天开放申购， 每周一、三、五开放赎回,否,0%,1万元起,不足360天1%赎回费（可减免）,,无,,0.01,A类份额：0%；B类份额：0.6%；C类份额：0.9%；D类份额：1%,0.025%,0.025%,"A类份额：0%；B类份额：15%；C类份额：18%；D类份额：20%。
单客户高水位，赎回、分红、终止时计提，每年计提不超过一次",10-20亿元,P1010568
团队跟踪,帆贝工具箱500私募证券投资基金,STJ261,帆贝工具箱500私募证券投资基金,STJ261,北京帆贝投资,,2021-12-22,2021-12-27,中信证券股份有限公司,,,否,,,,,,,0,,,,,0-5亿元,P1067113
团队跟踪,歆享繁星1号私募证券投资基金,STJ282,歆享繁星1号私募证券投资基金,STJ282,上海歆享资管,,2021-11-30,2021-11-30,海通证券股份有限公司,,每周周一,否,0%,,持有期小于3个月，赎回费率为1%；持有期满3个月，赎回费率为0%,0.85,,0.8,0.01,,0.03%,0.03%,20%,5-10亿元,P1004037
团队跟踪,博孚利涵盈17号私募证券投资基金,STJ324,博孚利涵盈17号私募证券投资基金,STJ324,厦门博孚利资管,,2022-03-10,2022-03-10,国泰君安证券股份有限公司,,每个交易日,否,0%,1 万元起,0%,,无,,0.009,"
",0.01%,0.01%,对年化收益率大于4.5%以上部分提取15%作为业绩报酬。,50-100亿元,P1023120
团队跟踪,涌涵峰云1号,STJ351,涌涵峰云1号私募证券投资基金,STJ351,上海涌涵,,2021-12-21,2021-12-27,中信证券股份有限公司,林锋,,否,,,,,,,0,,,,,5-10亿元,P1072760
团队跟踪,澜熙套利二号私募证券投资基金,STJ371,澜熙套利二号私募证券投资基金,STJ371,上海澜熙资管,,2021-12-16,2021-12-22,国泰君安证券股份有限公司,,每周最后一个交易日,可临开赎回,0%,,持有期小于90天，赎回费率为0.5%；持有期大等于90天，赎回费率为0%,0.93,无,0.9,0.02,,0.05%,0.05%,20%,5-10亿元,P1062538
团队跟踪,宁涌富春分7号私募证券投资基金,STJ436,宁涌富春分7号私募证券投资基金,STJ436,上海宁涌富,,2021-12-06,2021-12-09,中信证券股份有限公司,,每个工作日,否,0%,,A类份额：0%。B类份额：持有期小于365天，赎回费率为2%；持有期大等于365天，赎回费率为0%,0.7,,0.5,0.01,A类份额：0%。B类份额：1%,0.025%,0.025%,B 类份额：对期间年化收益率超过 6%以上部分按照 25%的比例收取业绩报酬；A 类份额不计提业绩报酬,10-20亿元,P1072718
团队跟踪,灏象徇齐二号私募证券投资基金,STJ603,灏象徇齐二号私募证券投资基金,STJ603,上海艾礼象,,2021-12-02,2021-12-09,中信证券股份有限公司,李伊文,,否,,,,,,,0,,,,,20-50亿元,P1062971
团队跟踪,金和大圣1号私募证券投资基金,STJ643,金和大圣1号私募证券投资基金,STJ643,上海金和晟,,2021-12-03,2021-12-08,中信建投证券股份有限公司,孙天罡,,否,,,,,,,0,,,,,10-20亿元,P1071636
团队跟踪,德贝安享私募证券投资基金,STJ684,德贝安享私募证券投资基金,STJ684,上海德贝,,2021-12-17,2021-12-22,国泰君安证券股份有限公司,马俊,申购：每周五 赎回：每周五,可临开赎回,0%,不低于 1 万元,0%,,无,,0.003,,0.02%,0.02%,"整体收益收取：
业绩报酬的计算采用单个投资者单笔高水位净值法，对超过上次成功计提基准日基金份额累计净值部分按 18%
比例进行计提。",100亿元以上,P1071472
团队跟踪,量道风云3号私募证券投资基金,STJ765,量道风云3号私募证券投资基金,STJ765,深圳量道投资,,2021-12-01,2021-12-02,兴业证券股份有限公司,,每个交易日,否,A类份额为1%， B类份额为0%,,A类份额：持有期小于180天，赎回费率为1%，持有期大等于180个天，赎回费率为0%。B类份额的赎回费率为0%。（可金额赎回）,0.8,,0.7,0,A类份额收取1.5％的管理费；B类份额不收取管理费,,0.015%,A类份额收取20%的业绩报酬；B类份额不收取业绩报酬,100亿元以上,P1016658
团队跟踪,博孚利量化掘金1号私募证券投资基金,STJ782,博孚利量化掘金1号私募证券投资基金,STJ782,厦门博孚利资管,,2021-12-02,2021-12-02,招商证券股份有限公司,,每周一、三、五（法定节假日顺延）,可临开赎回,0%,不少于1万元,若基金份额持有时间少于6个月，赎回费率1%归基金资产；若基金份额持有时间大于等于6个月，赎回费率0%。,,无,,0.01,AB类均为1%,0.025%,0.025%,A类0；B类10%,50-100亿元,P1023120
团队跟踪,至正红毫A私募证券投资基金,STJ962,至正红毫A私募证券投资基金,STJ962,烟台至正,,2021-12-08,2021-12-17,国泰君安证券股份有限公司,,,否,,,,,,,0,,,,,0-5亿元,P1074156
团队跟踪,翰荣量化对冲一号私募证券投资基金,STK210,翰荣量化对冲一号私募证券投资基金,STK210,深圳翰荣,,2021-12-09,2021-12-15,华鑫证券有限责任公司,贺杰、聂守华,每个交易日,否,0%,,0%,0.9,,0.85,0,,0.025%,0.025%,,50-100亿元,P1063371
团队跟踪,无隅鲲鹏科创一号私募证券投资基金,STK222,无隅鲲鹏科创一号私募证券投资基金,STK222,北京无隅资产,,2021-12-15,2022-01-06,华鑫证券有限责任公司,杨志诚,每个交易日,否,0,1万元,0,,无,,0,,0.025%,0.025%,指数年化收益4.50%以上部分的40%（超额收益）,0-5亿元,P1067114
团队跟踪,泰舜君悦26号私募证券投资基金,STK265,泰舜君悦26号私募证券投资基金,STK265,北京泰舜资管,,2021-12-15,2021-12-16,国泰君安证券股份有限公司,郑文学,每周周一、周三、周五,否,0%,1万为单位,0%,0.95,无,,0.01,,0.025%,0.025%,单个投资者单笔投资年化收益差额法，即基金份额持有人每笔所持份额或赎回份额在持有期的年化收益率（R）大于业绩报酬计提基准时，对超出业绩报酬计提基准的持有期差额收益按30%比例进行计提。本基金业绩报酬计提基准为年化5%。业绩报酬的计提基准日：投资者赎回日、分红权益登记日、基金清算日。计提基准为年化5%，以上部分提取30%。,5-10亿元,P1061472
团队跟踪,巨量均衡中证500进取型指数增强飒露紫一号,STK385,巨量均衡中证500进取型指数增强飒露紫一号私募证券投资基金,STK385,珠海巨量均衡,,2021-12-07,2021-12-13,华泰证券股份有限公司,,,否,,,,,,,0,,,,,5-10亿元,P1072577
团队跟踪,明钺稳石私募证券投资基金,STK492,明钺稳石私募证券投资基金,STK492,珠海明钺,,2021-12-08,2021-12-13,招商证券股份有限公司,,,否,,,,,,,0,,,,,50-100亿元,P1066816
团队跟踪,宽投千帆私募证券投资基金,STK719,宽投千帆私募证券投资基金,STK719,上海宽投资管,,2021-12-06,2021-12-09,兴业证券股份有限公司,严宓,,否,,,,,,,0,,,,,100亿元以上,P1010769
团队跟踪,静观悟道帅猫进取,STK752,静观悟道帅猫进取私募证券投资基金,STK752,厦门静观悟道投资,,2021-12-03,2021-12-13,兴业证券股份有限公司,魏淮瑰,,否,,,,,,,0,,,,,0-5亿元,P1024992
团队跟踪,箐安泰鸿私募证券投资基金,STK862,箐安泰鸿私募证券投资基金,STK862,上海箐安投资,,2021-12-29,2021-12-29,兴业证券股份有限公司,,,否,,,,,,,0,,,,,5-10亿元,P1064545
团队跟踪,恬昱指数期权对冲2号私募证券投资基金,STK904,恬昱指数期权对冲2号私募证券投资基金,STK904,上海恬昱投资,,2021-12-15,2021-12-20,广发证券股份有限公司,吕志杰,,否,,,,,,,0,,,,,0-5亿元,P1061225
团队跟踪,时代复兴微正则1号私募证券投资基金,STL278,时代复兴微正则1号私募证券投资基金,STL278,北京时代复兴投资,,2021-12-24,2022-01-04,中信建投证券股份有限公司,,,否,,,,,,,0,,,,,20-50亿元,P1016372
团队跟踪,复熙市场中性1号私募证券投资基金,STL368,复熙市场中性1号私募证券投资基金,STL368,上海复熙资管,,2021-12-09,2021-12-21,中信证券股份有限公司,,,否,,,,,,,0,,,,,20-50亿元,P1006187
团队跟踪,顽岩中证2000指数增强3号,STL472,顽岩中证2000指数增强3号私募证券投资基金,STL472,上海顽岩,,2021-12-16,2021-12-16,招商证券股份有限公司,,申购开放日为每个工作日；赎回开放日为每周周三,否,0,1万元起,0,,无,,0.01,1%,0.02%,0.02%,"赎回日 终止日 分红日 固定计提日计提，固定计提日为3月、9月第一个周三，
赎回、清算时：超额水下计提20%；固定时点、分红时：超额水上计提20%",100亿元以上,P1034708
团队跟踪,博孚利擢英私募证券投资基金,STL483,博孚利擢英私募证券投资基金,STL483,厦门博孚利资管,,2021-12-24,2021-12-24,国泰君安证券股份有限公司,朱珂醇、施炳阳,每个交易日,否,1%,,持有期小于180天，赎回费率为1%；持有期大等于180天，赎回费率为0%,0.8,无,0.7,0.005,A类份额：0.5%；B类份额：0%,A份额：0.025%年费率；B份额不收取。,A份额：0.025%年费率；B份额不收取。,,50-100亿元,P1023120
团队跟踪,善择稳进9号私募证券投资基金,STL592,善择稳进9号私募证券投资基金,STL592,深圳善择,,2022-03-22,2022-03-28,华泰证券股份有限公司,杨萍,,否,,,,,,,0,,,,,50-100亿元,P1073481
团队跟踪,和顿星恒灵活配置私募证券投资基金,STL684,和顿星恒灵活配置私募证券投资基金,STL684,宁波和顿投资,,2021-12-20,2021-12-24,招商证券股份有限公司,,,否,,,,,,,0,,,,,0-5亿元,P1020094
团队跟踪,瑜瑶私享6号私募证券投资基金,STL869,瑜瑶私享6号私募证券投资基金,STL869,杭州瑜瑶投资,,2021-12-14,2021-12-28,华泰证券股份有限公司,,,否,,,,,,,0,,,,,20-50亿元,P1067982
团队跟踪,锋滔沪深300指数增强3号私募证券投资基金,STM116,锋滔沪深300指数增强3号私募证券投资基金,STM116,上海锋滔资管,,2021-12-15,2021-12-20,华泰证券股份有限公司,罗新,,否,,,,,,,0,,,,,0-5亿元,P1007210
团队跟踪,泰铼广泰中证500指数增强1号私募证券投资基金,STM124,泰铼广泰中证500指数增强1号私募证券投资基金,STM124,北京泰铼投资,,2022-01-10,2022-01-10,广发证券股份有限公司,,每月5号、20号（份额锁定期180天）,否,单笔申购金额＜300万元，申购费率为1%；300万元≤单笔申购金额＜500万元，申购费率0.8%；500万元≤单笔申购金额，申购费率为0.5%,不低于1万元,持有期小于360天，赎回费率为1%；持有期大等于360天，赎回费率为0%,,,,0.01,销售服务费：A类份额：1%、B类份额：0%,0.05%,0.05%,对每笔份额的份额累计净值超过历史份额计提日最高份额累计净值部分，根据一定的比例计提业绩报酬，A类份额：20%、B类份额：18%,10-20亿元,P1005221
团队跟踪,黑帆峰岭十号私募证券投资基金,STM142,黑帆峰岭十号私募证券投资基金,STM142,杭州黑帆资管,,2021-12-20,2021-12-24,中信证券股份有限公司,李世海,,否,,,,,,,0,,,,,0-5亿元,P1061190
团队跟踪,量道中证500指数增强7号私募证券投资基金,STM202,量道中证500指数增强7号私募证券投资基金,STM202,深圳量道投资,,2021-12-27,2022-01-04,国泰君安证券股份有限公司,,每个交易日,否,1%,1万元起,持有期小于180天，赎回费率为1%；持有期大等于180天，赎回费率为0%（可金额赎回）,,无,,0.003,,,0.025%,不计提业绩报酬,100亿元以上,P1016658
团队跟踪,旷惟旷视一号私募证券投资基金,STM314,旷惟旷视一号私募证券投资基金,STM314,海南旷惟,,2021-12-24,2021-12-29,国泰君安证券股份有限公司,,,否,,,,,,,0,,,,,0-5亿元,P1072829
团队跟踪,博孚利哲理私募证券投资基金,STM324,博孚利哲理私募证券投资基金,STM324,厦门博孚利资管,,2021-12-24,2021-12-24,国泰君安证券股份有限公司,,每个交易日,否,1%,,持有期小于180天，赎回费率为1%；持有期大等于180 天，赎回费率为0%,0.8,无,0.7,0.005,A类份额：0.5%；B类份额：0%/A份额管理费24.11.18已恢复,A类份额：0.025%；B类份额：0%,A类份额：0.025%；B类份额：0%,不计提业绩报酬,50-100亿元,P1023120
团队跟踪,辰钰量茂配置高波动CTA私募证券投资基金,STM353,辰钰量茂配置高波动CTA私募证券投资基金,STM353,上海辰钰,,2021-12-27,2022-01-06,广发证券股份有限公司,,,否,,,,,,,0,,,,,0-5亿元,P1010118
团队跟踪,香农500指增2号私募证券投资基金,STM373,香农500指增2号私募证券投资基金,STM373,海南三亚香农,,2021-12-21,2022-01-06,华鑫证券有限责任公司,,每个交易日,否,0%,,0%,,,,0,,0.025%,0.025%,管理人对期间中证超额4.5%的部分提取40%作为业绩报酬,20-50亿元,P1072386
团队跟踪,复利瓴宇CTA精选3号私募证券投资基金,STN024,复利瓴宇CTA精选3号私募证券投资基金,STN024,上海复利投资,,2021-12-22,2021-12-30,招商证券股份有限公司,,申购开放日为每自然周周三，赎回开放日为每自然月23号,否, 1%,,持有期小于12个月，赎回费率 1%；持有期大等于12个月，赎回费率0%,,,,0,仅对B类份额收取1.5%的管理费；A 类份额不收取,0.025%,0.025%,不收取业绩报酬,0-5亿元,P1020564
团队跟踪,永谦九数指数增强2号私募证券投资基金,STN249,永谦九数指数增强2号私募证券投资基金,STN249,深圳永谦,,2022-01-04,2022-01-10,招商证券股份有限公司,,,否,,,,,,,0,,,,,0-5亿元,P1065308
团队跟踪,永誉天泽经纶三号证券投资私募基金,STN298,永誉天泽经纶三号证券投资私募基金,STN298,青岛永誉天泽,,2022-05-20,2022-05-27,华泰证券股份有限公司,,每周第三个工作日,否,0%,10万元起,0%,0.7,,0.65,0.008,,0.02%,0.02%,16%,5-10亿元,P1072402
团队跟踪,博孚利尊享基石1号FOF私募证券投资基金,STN312,博孚利尊享基石1号FOF私募证券投资基金,STN312,厦门博孚利资管,,2021-12-23,2021-12-23,招商证券股份有限公司,,每个工作日,否,0%,不低于1万元, 0%,0.9,无,0.85,0.002,,0.025%,0.025%,不计提业绩报酬,50-100亿元,P1023120
团队跟踪,毅润恒升五号私募证券投资基金,STN313,毅润恒升五号私募证券投资基金,STN313,晋江毅润,,2021-12-16,2021-12-21,兴业证券股份有限公司,,,否,,,,,,,0.01,,,,,0-5亿元,P1072149
团队跟踪,艮岳鲲鹏1号私募证券投资基金,STN403,艮岳鲲鹏1号私募证券投资基金,STN403,杭州艮岳,,2021-12-20,2021-12-23,中信证券股份有限公司,,每个交易日,否,0.01,,0,,无,,0,A类：0.3%；B类：1%,0.0250%,0.0250%,A类不计提业绩报酬；B类对期间实际收益率超过0%以上部分按照20%的比例收取业绩报酬,20-50亿元,P1032168
团队跟踪,佳岳-实投聚配1号,STN495,佳岳-实投聚配1号私募证券投资基金,STN495,海南佳岳,,2021-12-21,2021-12-21,招商证券股份有限公司,薛松,本基金申购开放日为每自然周的周五（遇法定节假日则提前至上一工作日），本基金赎回开放日为每自然月最后一个周五（遇法定节假日则提前至上一工作日）。,可临开赎回,0%,1万元,持有期小于6个月，赎回费率为 2%；持有期大等于6个月及以上，赎回费率为 0%。,0.55,无,0.5,0.005,基金的年管理费率为0.5%。,0.025%,0.025%,"管理人提取基金份额当期（指上一次已提取了业绩报酬的业绩报酬提取日至本业绩报酬计提日，如该份额未提取过业绩报酬，则为基金成立日（认购份额）或该份额申购对应开放日（申购份额）至本业绩报酬计提日）收益的15%作为业绩报酬。
在业绩报酬固定提取时点提取业绩报酬的，业绩报酬以扣减基金份额持有人份额的方式提取；赎回和合同终止时提取业绩报酬的，业绩报酬从赎回资金中扣除。",20-50亿元,P1064142
团队跟踪,奕睿CTA一期A私募证券投资基金,STN659,奕睿CTA一期A私募证券投资基金,STN659,上海奕睿,,2021-12-23,2022-01-04,招商证券股份有限公司,李岸隆,,否,,,,,,,0,,,,,0-5亿元,P1072839
团队跟踪,无隅鲲鹏2000一号私募证券投资基金,STN719,无隅鲲鹏科创二号私募证券投资基金,STN719,北京无隅资产,,2022-01-07,2022-01-12,招商证券股份有限公司,杨志诚,,否,,,,,,,0,,,,,0-5亿元,P1067114
团队跟踪,量道观澜1号私募证券投资基金,STN744,量道观澜1号私募证券投资基金,STN744,深圳量道投资,,2021-12-20,2021-12-20,兴业证券股份有限公司,,每个交易日,否,0%,1万元的整数倍,0%,,无,,0.002,"A类份额:0.20%，年保底费为15万元，按日保底。B类份额:0%。  
 A类份额：除B类基金份额的持有人以外其他外部投资者。 B类份额：管理人、管理人内部员工、管理人发行的产品以及管理人认定的投资者。",0.015%/年,0.015%/年,本基金不收取业绩报酬。,100亿元以上,P1016658
团队跟踪,玄信中证500指数增强1号,STN939,玄信中证500指数增强1号私募证券投资基金,STN939,上海玄信投资,,2021-12-20,2022-01-06,海通证券股份有限公司,,FOF投资产品池,否,每工作日可申赎,上海玄信资产管理中心（有限合伙）,,,股票多空策略,,0,,,,,20-50亿元,P1064551
团队跟踪,特夫郁金香量化混合1号私募证券投资基金,STN967,特夫郁金香量化混合1号私募证券投资基金,STN967,上海特夫,,2021-12-22,2022-01-21,华鑫证券有限责任公司,,申购开放日为每周最后一个交易日；赎回开放日为每个自然月最后一个交易日,可临开赎回,1%,1万元,0%,0.92,,0.9,0,A类份额不收取；仅对B类份额收取1.5%的管理费,0.25%,0.25%,20%,0-5亿元,P1026263
团队跟踪,泽盈毅明1号,STP012,泽盈毅明1号私募证券投资基金,STP012,青岛泽盈资管,,2022-10-17,2022-10-21,中泰证券股份有限公司,,每个交易日,否,1%,1万元起,持有期小于360天，赎回费率为2%；持有期大等于360天，赎回费率0%,,无,,0.01,,0.05%,0.05%,超过4%的部分计提60%,10-20亿元,P1067206
团队跟踪,纽达投资善衡五号,STP342,纽达投资善衡五号私募证券投资基金,STP342,珠海纽达投资,,2022-01-04,2022-01-07,招商证券股份有限公司,,,否,,,,,,,0,,,,,100亿元以上,P1066731
团队跟踪,翰荣狮子量化精选一号私募证券投资基金,STP493,翰荣狮子量化精选一号私募证券投资基金,STP493,深圳翰荣,,2022-01-14,2022-01-19,中信证券股份有限公司,贺杰、聂守华,每周五，非工作日顺延,可临开赎回,0%,每次追加申购不低于10万元（不含申购费）,0%,,无,,0.01,每日计提，按季支付。,0.025%/年,0.025%/年,"业绩报酬：20.0%（绝对收益）
PF = F × (NAV' - HWM) × Y%
Y=20%
PF计算结果为负或为零，则该计提日不提取业绩报酬。",50-100亿元,P1063371
团队跟踪,前海久盈曦尧一号私募证券投资基金,STP587,前海久盈曦尧一号私募证券投资基金,STP587,深圳前海久盈投资,,2022-04-13,2022-04-21,中信证券股份有限公司,,每周周三,否,1%,,0%,0.92,,0.9,0.01,,0.01%,0.01%,30%,20-50亿元,P1065235
团队跟踪,国优臻选稳健对冲1号私募证券投资基金,STP635,国优臻选稳健对冲1号私募证券投资基金,STP635,天津国优,,2022-01-18,2022-01-25,中信建投证券股份有限公司,,每周周一、周三和周五,否,0%,,0%,0.85,,0.8,0.015,1.5%,0.0125%,0.0125%,当基金份额赎回、基金终止或分红时，管理人将提取赎回份额或分红份额当期收益的25%作为业绩报酬,5-10亿元,P1065232
团队跟踪,启元智慧之星1号私募证券投资基金,STP884,启元智慧之星1号私募证券投资基金,STP884,温州启元资管,,2022-01-17,2022-01-18,金融街证券股份有限公司,,每周三、周四,否,无,1,3个月内0.5%，3个月以上免,0.85,无,0.8,0.015,,0.04%,0.01%,"1、赎回、分红或者清盘时从款项扣除
2、每年12月31日以扣减份额的方式提取",20-50亿元,P1012870
团队跟踪,庄贤亨贞期权一号对冲私募证券投资基金,STP949,庄贤亨贞期权一号对冲私募证券投资基金,STP949,杭州庄贤投资,,2021-12-29,2022-01-04,中信证券股份有限公司,,,否,,,,,,,0,,,,,20-50亿元,P1063460
团队跟踪,同温层量化阿尔法6号,STQ063,同温层量化阿尔法6号证券投资私募基金,STQ063,武汉同温层,,2022-01-25,2022-02-14,国泰君安证券股份有限公司,徐安、段海磊、李煜,每周周五,否,0%,,0%,,,,0.01,,0.025%,0.025%,高水位法18%,20-50亿元,P1070801
团队跟踪,伯兄永康中证1000指数增强,STQ128,伯兄永康中证1000指数增强私募证券投资基金,STQ128,上海伯兄投资,,2021-12-28,2021-12-28,国信证券股份有限公司,严寒,,否,,,,,,,0,,,,,10-20亿元,P1063130
团队跟踪,广金美好玻色云享一号私募证券投资基金,STQ243,广金美好玻色云享一号私募证券投资基金,STQ243,广东横琴广鑫美好,,2021-12-29,2021-12-29,华泰证券股份有限公司,,,否,,,,,,,0,,,,,50-100亿元,P1033731
团队跟踪,致远投资瑶池1号私募证券投资基金,STQ416,致远投资瑶池1号私募证券投资基金,STQ416,广州致远,,2022-01-04,2022-01-13,中信证券股份有限公司,,基金固定开放日为成立后每个自然周的周三，接受申购申请，每个自然月15 日，接受赎回申请，如对应日为非工作日，则顺延至下一个工作日。,可临开赎回,无,,无,0.88,无,0.85,0.01,,0.05%,0.05%,"由当期间年化收益率大于6%时，对所有收益按照50%的比例收取业绩报酬，且计提后该笔份额的期间年化收益率不低于6%。
20251222变更为：
当期间年化收益率大于6%时，对所有收益按照60%的比例收取业绩报酬，且计提后该笔份额的期间年化收益率不低于6%。
",20-50亿元,P1071953
团队跟踪,衍合1000指数增强1号,STQ512,衍合1000指数增强1号私募证券投资基金,STQ512,上海衍合,,2021-12-31,2022-01-24,国泰君安证券股份有限公司,汤亦多、张磊,申购：每个交易日赎回：每个交易日,否,0%,不低于1万元,小于180天（不含）2%，180天及以上0%,,无,,0.01,,0.025%,0.025%,"超额收益收取：
计提超过中证1000指数同期收益部分的20%",50-100亿元,P1070871
团队跟踪,杨湜套利2号私募证券投资基金,STQ554,杨湜套利2号私募证券投资基金,STQ554,上海杨湜投资,,2021-12-31,2021-12-31,中信建投证券股份有限公司,郑彬,,否,,,,,,,0,,,,,10-20亿元,P1032870
团队跟踪,靖戈500量化对冲二号私募证券投资基金,STQ739,靖戈500量化对冲二号私募证券投资基金,STQ739,上海靖戈,,2022-01-11,2022-01-17,长城证券股份有限公司,,,否,,,,,,,0,,,,,20-50亿元,P1072274
团队跟踪,英旷专享3号,STQ844,英旷专享3号私募证券投资基金,STQ844,上海英旷资管,,2022-01-14,2022-01-24,中信证券股份有限公司,胡天福、张石骏,每个自然周的周一,可临开赎回,0.5%,当不少于【1】万元,0%,0.95,无,0.9,0.015,,0.025%,0.025%,0|0.2,0-5亿元,P1071507
团队跟踪,明晟东诚CTA策略精选1号FOF私募证券投资基金,STQ958,明晟东诚CTA策略精选1号FOF私募证券投资基金,STQ958,北京明晟东诚,,2021-12-29,2022-01-11,中信证券股份有限公司,,本基金无封闭期，每个工作日开放申购和赎回。,否,0,,无,0.7,,0.6,0,,0.01%,,本基金不计提业绩报酬。,10-20亿元,P1071727
团队跟踪,博润银泰鑫瑞1号私募证券投资基金,STQ994,博润银泰鑫瑞1号私募证券投资基金,STQ994,北京博润银泰投资,,2022-01-06,2022-01-06,中信建投证券股份有限公司,,每周的第一个交易日,可临开赎回,0%,,0%,0.92,无,0.9,0.015,,0.015%,0.015%,50%,100亿元以上,P1002960
团队跟踪,鼎森汇临期权量化4号私募证券投资基金,STQ996,鼎森汇临期权量化4号私募证券投资基金,STQ996,江西鼎森投资,,2021-12-27,2022-01-07,兴业证券股份有限公司,,本基金自成立之日起每周二、周三、周四开放申购和赎回,否,1%,,0%,0.93,无,0.9,0.01,,,,20%，业绩报酬的计算采用单个投资者单笔高水位净值法，,5-10亿元,P1023190
团队跟踪,红锚价值2号,STR179,红锚价值2号私募证券投资基金,STR179,上海红锚,,2021-12-28,2022-01-04,华鑫证券有限责任公司,石出阳,,否,,,,,,,0,,,,,0-5亿元,P1065752
团队跟踪,垒昂金鹿中证500指数增强6号,STR261,垒昂金鹿中证500指数增强6号私募证券投资基金,STR261,上海垒昂,,2022-01-05,2022-01-13,国金证券股份有限公司,范数维,每日开放,否,无,不低于5万,无,,无,,0.01,A类为2%，B类1% C类0%,0.025%,0.025%,中证500指数为基准，A类为40%，B类20% C类0%,10-20亿元,P1069759
团队跟踪,博孚利多策略十五号私募证券投资基金,STR282,博孚利多策略十五号私募证券投资基金,STR282,厦门博孚利资管,,2022-01-04,2022-01-04,广发证券股份有限公司,,每个工作日,否,0%,不少于1万元,0%,,无,,0.002,0.2%+保底10万,0.015%,0.015%,门槛收益率法，年化40%以上计提60%,50-100亿元,P1023120
团队跟踪,御澜千川1号私募证券投资基金,STR573,御澜千川1号私募证券投资基金,STR573,广东御澜资管,,2022-01-27,2022-02-17,招商证券股份有限公司,,每周周二,否,0%,10万元起,0%,0.85,无,0.8,0.01,,0.025%,0.025%,20%,0-5亿元,P1064874
团队跟踪,朗坤鸿志量化1号私募证券投资基金,STR678,朗坤鸿志量化1号私募证券投资基金,STR678,福州朗坤,,2022-01-10,2022-01-14,华泰证券股份有限公司,黄世聪、阮光良,,否,,,,,,,0,,,,,0-5亿元,P1070827
团队跟踪,燧石X20私募证券投资基金,STR868,燧石X20私募证券投资基金,STR868,武汉燧石投资,,2022-01-18,2022-01-18,国泰君安证券股份有限公司,,申购开放日为：每周第二个交易日；赎回开放日为：每月最后一个交易日,否,,,,,,,0.015,,,,20%,0-5亿元,P1064973
团队跟踪,千朔中证1000指增一号A期私募证券投资基金,STR959,千朔中证1000指增一号A期私募证券投资基金,STR959,上海千朔投资,,2022-03-17,2022-03-18,国泰君安证券股份有限公司,,,否,,,,,,,0,,,,,100亿元以上,P1069502
团队跟踪,玄元元增15号私募证券投资基金,STS025,玄元元增15号私募证券投资基金,STS025,广东玄元,,2022-01-07,2022-01-19,华泰证券股份有限公司,商震、孔镇宁、张伟,每自然月第10个自然日为开放日。如该对应日为非工作日，则开放日为该日后的第一个工作日。,可临开申购,B类份额：0,每次追加申购的最低金额为10万元人民币。,0,0.8,成立后180天（已结束）。,0.75,0.015,B类份额：0.5%/年,0.025%/年,0.025%/年,"B类份额：单人单笔高水位法，针对收益0%以上的部分计提10%业绩报酬
本基金业绩报酬计提日为：封闭期过后，每年1月及7月的最后一个交易日，基金份额持有人实际赎回基金份额时（包含全部赎回，部分赎回）、基金终止日。",100亿元以上,P1029168
团队跟踪,世纪前沿量化优选1号,STS091,世纪前沿量化优选1号私募证券投资基金,STS091,海南世纪前沿,,2022-01-13,2022-01-26,招商证券股份有限公司,吴敌,,否,,,,,,,0,,,,,100亿元以上,P1068951
团队跟踪,瑷尔德润安3号私募证券投资基金,STS132,瑷尔德润安3号私募证券投资基金,STS132,浙江瑷尔德投资,,2022-06-17,2022-06-22,国投证券股份有限公司,,,否,,,,,,,0,,,,,5-10亿元,P1025781
团队跟踪,致衍稳固2号,STS199,致衍稳固2号私募证券投资基金,STS199,海南致衍,,2022-01-17,2022-01-24,东方证券股份有限公司,,,否,,,,,,,0,,,,,0-5亿元,P1072916
团队跟踪,燧石全天候D03私募证券投资基金,STS259,燧石全天候D03私募证券投资基金,STS259,武汉燧石投资,,2022-01-18,2022-01-18,申万宏源证券有限公司,,申购开放日为：每周第二个交易日；赎回开放日为：每月最后一个交易日,否,,,,,,,0.015,,,,20%,0-5亿元,P1064973
团队跟踪,弘业博孚利FOF2号集合资产管理计划,STS345,弘业博孚利FOF2号集合资产管理计划,STS345,苏豪弘业期货,厦门博孚利资管,2022-01-19,2022-02-11,华泰证券股份有限公司,,申购开放日为每月19日，赎回开放日为4月19日、7月19日、10月19日、1月19日,可临开赎回,0%,,0%,0.9,6个月,0.88,0.009,,0.03%,,"如果r≤6.0%，则R=0
如果6.0%＜r≤12%，则R=F×C×（r-6.0%）×15%×T/365
如果12%＜r，则R=F×C×6.0%×15%×T/365+ F×C×(r-12%)×20%×T/365",,LX0500031061
团队跟踪,浑瑾岳杨私募证券投资基金,STS361,浑瑾岳杨私募证券投资基金,STS361,珠海浑瑾,,2022-01-18,2022-01-21,中信证券股份有限公司,,,否,,,,,,,0,,,,,20-50亿元,P1072408
团队跟踪,展旗致远能源5号,STS362,展旗致远能源5号私募证券投资基金,STS362,海南展旗,,2022-01-14,2022-01-20,广发证券股份有限公司,,申购开放日为每周周二；赎回开放日为封闭期结束后每年 3、6、 9、12 月的 20号,否,1%,,持有期小于360天，赎回费率为1%；持有期大等于360天，赎回费率为0%,0.85,180天,0.8,0.02,,0.01%,0.01%,20%,0-5亿元,P1072040
团队跟踪,博孚利-财鑫科均衡5号私募证券投资基金,STS428,博孚利-财鑫科均衡5号私募证券投资基金,STS428,厦门博孚利资管,,2022-04-01,2022-04-08,华鑫证券有限责任公司,,每个交易日,否,0%,1万元起,0%,0.55,180个自然日,0.5,0.002,,0.05%（销售服务费：1.4%）,0.05%,门槛收益率法，年化9%以上计提20%,50-100亿元,P1023120
团队跟踪,晨翰6号,STS460,晨翰6号私募证券投资基金,STS460,晋江晨翰,,2022-01-14,2022-01-20,中信证券股份有限公司,倪锦翔,每日申购，每周三赎回,可临开赎回,0,,180天1%,0.9,无,0.85,0.012,,0.025%,0.025%,管理人对期间年化收益率超过0%的部分提取20%作为业绩报酬,0-5亿元,P1072342
团队跟踪,尚艺量化全天候低波动率1号私募证券投资基金,STS461,尚艺量化全天候低波动率1号私募证券投资基金,STS461,北京尚艺,,2022-01-07,2022-01-07,中信证券股份有限公司,王峥,,否,,,,,,,0,,,,,50-100亿元,P1006152
团队跟踪,福瑞福元九号私募证券投资基金,STS464,福瑞福元九号私募证券投资基金,STS464,北京福瑞,,2022-01-14,2022-01-17,华泰证券股份有限公司,,本基金的申赎开放日为每周周二，遇非工作日顺延。,否,无,每次申购的金额应不低于1万元人民币（不含申购费（如有））,无,0.93,无,0.9,0.01,1.00%,0.02%,0.02%,"单个投资者单份额高水位法,在固定时点、基金收益分配、基金份额持有人赎回基金或者基金终止时进行业绩报酬的提取。
固定时点是指基金成立后每年6月及12月最后一个交易日。
超额部分提取20%",20-50亿元,P1065052
团队跟踪,博孚利必瑞趣定制FOF2号私募证券投资基金,STS621,博孚利必瑞趣定制FOF2号私募证券投资基金,STS621,厦门博孚利资管,,2022-01-07,2022-01-07,招商证券股份有限公司,,每周周五,可临开赎回,0.5%,不低于1万元人民币,0%,0.7,无,0.6,0.01,,0.025%,0.025%,门槛收益率法，年化12%以上计提10%,50-100亿元,P1023120
团队跟踪,臻瓴致远稳健1号私募证券投资基金,STS702,臻瓴致远稳健1号私募证券投资基金,STS702,苏州臻瓴,,2022-01-07,2022-01-12,兴业证券股份有限公司,陈道西,每个交易日,否,0%,1万元起,0%,0.95,3个月（以90个自然日计）为赎回封闭期,0.9,0.01,,0.025%,0.025%,管理人提取收益部分的45%作为业绩报酬,0-5亿元,P1072665
团队跟踪,华钧雍淳1期私募证券投资基金,STS721,华钧雍淳1期私募证券投资基金,STS721,北京华钧广汇投资,,2022-01-13,2022-01-18,中信证券股份有限公司,,每个自然周的周五,可临开赎回,无,,无,0.7,无,,0.01,,,,对期间年化收益率在0%以上的部分按照【50%】的比例收取业绩报酬。,10-20亿元,P1067480
团队跟踪,银叶量化进取7号私募证券投资基金,STT058,银叶量化进取7号私募证券投资基金,STT058,上海银叶投资,,2022-01-12,2022-01-17,招商证券股份有限公司,王生,,否,,,,,,,0,,,,,100亿元以上,P1000393
团队跟踪,平行公理同余1号私募证券投资基金,STT097,平行公理同余1号私募证券投资基金,STT097,上海平行公理,,2022-01-18,2022-01-21,中信证券股份有限公司,党玮睿,,否,,,,,,,0,,,,,0-5亿元,P1072920
团队跟踪,平行公理同余2号私募证券投资基金,STT098,平行公理同余2号私募证券投资基金,STT098,上海平行公理,,2022-01-21,2022-01-25,中信证券股份有限公司,党玮睿,,否,,,,,,,0,,,,,0-5亿元,P1072920
团队跟踪,平行公理同余3号私募证券投资基金,STT099,平行公理同余3号私募证券投资基金,STT099,上海平行公理,,2022-01-14,2022-01-19,国泰君安证券股份有限公司,党玮睿,每周周五,可临开赎回,1%,1 万元起,持有期小于180 天，赎回费率为 1%；持有期大等于180 天，赎回费率为 0%,0.9,无,0.85,0.01,,0.025%,0.025%,单客户份额收益率法，年收益率6%以内不收取业绩报酬，6%以上部分提取收益的60%;赎回、分红或终止时提取业绩报酬,0-5亿元,P1072920
团队跟踪,昊泉瑞禧稳进一号私募证券投资基金,STT179,昊泉瑞禧稳进一号私募证券投资基金,STT179,青岛昊泉投资,,2022-01-20,2022-01-27,国泰君安证券股份有限公司,,,否,,,,,,,0,,,,,0-5亿元,P1070392
团队跟踪,物朴CTA专项FOF,STT185,物朴CTA专项FOF私募证券投资基金,STT185,上海物朴资管,,2022-01-21,2022-01-25,招商证券股份有限公司,,每自然月第10个自然日为开放日。如该对应日为非工作日，则开放日为该日后的第一个工作日。,可临开申购,B类份额：0,每次追加申购的最低金额为10万元人民币。,0,0.8,成立后180天（已结束）。,0.75,0,B类份额：0.5%/年,0.025%/年,0.025%/年,"B类份额：单人单笔高水位法，针对收益0%以上的部分计提10%业绩报酬
本基金业绩报酬计提日为：封闭期过后，每年1月及7月的最后一个交易日，基金份额持有人实际赎回基金份额时（包含全部赎回，部分赎回）、基金终止日。",10-20亿元,P1015034
团队跟踪,玄元元中6号,STT228,玄元元中6号私募证券投资基金,STT228,广东玄元,,2022-01-12,2022-01-24,中信建投证券股份有限公司,商震、孔镇宁、张伟,每自然月第10个自然日为开放日。如该对应日为非工作日，则开放日为该日后的第一个工作日。,可临开申购,B类份额：0,每次追加申购的最低金额为10万元人民币。,0,0.8,成立后180天（已结束）。,0.75,0,B类份额：0.5%/年,0.025%/年,0.025%/年,"B类份额：单人单笔高水位法，针对收益0%以上的部分计提10%业绩报酬
本基金业绩报酬计提日为：封闭期过后，每年1月及7月的最后一个交易日，基金份额持有人实际赎回基金份额时（包含全部赎回，部分赎回）、基金终止日。",100亿元以上,P1029168
团队跟踪,富犇尊享稳进1号,STT359,富犇尊享稳进1号私募证券投资基金,STT359,上海富犇投资,,2022-02-15,2022-02-23,广发证券股份有限公司,,每周周一、周三、周五,否,1%（可减免）,,持有期小于180天，赎回费率为1%；持有期大等于180天，赎回费率为0%（可减免）,0.88,,0.85,0.01,,0.05%,0.05%,20%,5-10亿元,P1025359
团队跟踪,熙德博远成长优选私募证券投资基金,STT412,熙德博远成长优选私募证券投资基金,STT412,青岛熙德博远,,2022-01-14,2022-01-19,海通证券股份有限公司,,每个交易日,否,0%,不低于1 万元,持有期小等于180天，赎回费率为2%；持有期大于180天，赎回费率为0%,,无,,0,A类份额：1.5%；B类份额：1.2%；C类份额：1%,0.015%,0.015%,A类基金份额对应计提比例为20%，B类基金份额对应计提比例为18%，C类基金份额对应计提比例为16%，D类基金份额不收取业绩报酬。,0-5亿元,P1069721
团队跟踪,博孚利丰盈3号,STT491,博孚利丰盈3号私募证券投资基金,STT491,厦门博孚利资管,,2022-01-12,2022-01-17,兴业证券股份有限公司,,本基金固定开放日为自【2025】年【3】月【26】日（不含当日）起的5个交易日、每个投资运作期终止日起（不含终止日当日）的5个交易日，接受申购和赎回申请。,否,0%,不少于1万元,0%,,本基金自每个投资运作期的投资起始运作日起，原则上每两年为一个投资运作期，投资运作期内封闭运作，不接受申购和赎回申请。管理人有权根据投资运作需要调整某个投资运作期的长度，但每个投资运作期的长度不得短于3个月。,,0.015,,0.015%,0.015%,"采取“年化收益率”法计提业绩报酬，若基金单位份额年化收益率R小于或等于 10.56%时，管理人不提取业绩报酬;若基金单位份额年化收益率R大于10.56%,管理人对大 10.56%的部分提取 60%作为业绩报酬。",50-100亿元,P1023120
团队跟踪,殊馥馥源套利5号私募证券投资基金,STT548,殊馥馥源套利5号私募证券投资基金,STT548,上海殊馥投资,,2022-01-26,2022-01-26,招商证券股份有限公司,,每日,否,0%,不低于1万元,A类份额0%，B类份额0.5%,,,0.95,0.01,A类份额0%，B类份额1%,"0.02%,无保底收费","0.02%,无保底收费",A类份额0%，B类份额20%,10-20亿元,P1029642
团队跟踪,守朴价值6号,STT666,守朴价值6号私募证券投资基金,STT666,上海守朴资管,,2022-01-25,2022-02-10,招商证券股份有限公司,翟建业,每周一,可临开赎回,,不低于 1 万元人民币,"<3m, 1%；＜6m, 0.5%；≥6m, 0%",,无,,0.007,0.70%,0.010%,0.010%,年化收益率超过4%的部分收取20%,5-10亿元,P1068966
团队跟踪,汇利玖奕2号私募证券投资基金,STT722,汇利玖奕2号私募证券投资基金,STT722,上海汇利资管,,2022-01-17,2022-01-28,中信建投证券股份有限公司,,每个工作日,否,0%,,0%,,无,,0.01,B类份额：0%，A类份额：1%,0.025%,0.025%,A类份额：40%；B类份额不收取业绩报酬,0-5亿元,P1000313
团队跟踪,汇利玖奕3号私募证券投资基金,STT749,汇利玖奕3号私募证券投资基金,STT749,上海汇利资管,,2022-01-17,2022-01-28,中信建投证券股份有限公司,,每个工作日开放,否,0,1万,0.00%,,无,,0,1%,0.0250%,0.0250%,40%。,0-5亿元,P1000313
团队跟踪,汇利玖奕4号私募证券投资基金,STT757,汇利玖奕4号私募证券投资基金,STT757,上海汇利资管,,2022-01-17,2022-01-28,中信建投证券股份有限公司,,每个工作日,否,0%,,0%,,无,,0, B类份额：0%，A 类份额：1%,0.025%,0.025%, B类份额：0%，A 类份额：40%,0-5亿元,P1000313
团队跟踪,理博万象1号私募证券投资基金,STT813,理博万象1号私募证券投资基金,STT813,杭州理博,,2022-01-24,2022-01-30,国信证券股份有限公司,,,否,,,,,,,0,,,,,0-5亿元,P1072890
团队跟踪,丰润聚信一号,STT854,丰润聚信一号私募证券投资基金,STT854,北京丰润恒道,,2022-01-24,2022-01-24,国投证券股份有限公司,何川,每自然月第10个自然日为开放日。如该对应日为非工作日，则开放日为该日后的第一个工作日。,可临开申购,B类份额：0,每次追加申购的最低金额为10万元人民币。,0,0.8,成立后180天（已结束）。,0.75,0,B类份额：0.5%/年,0.025%/年,0.025%/年,"B类份额：单人单笔高水位法，针对收益0%以上的部分计提10%业绩报酬
本基金业绩报酬计提日为：封闭期过后，每年1月及7月的最后一个交易日，基金份额持有人实际赎回基金份额时（包含全部赎回，部分赎回）、基金终止日。",10-20亿元,P1010969
团队跟踪,隽贤谷雨2号证券投资私募基金,STT867,隽贤谷雨2号证券投资私募基金,STT867,上海隽贤投资,,2022-01-17,2022-01-24,中信证券股份有限公司,,,否,,,,,,,0,,,,,0-5亿元,P1071470
团队跟踪,星阔南山1号红利低波100指数增强私募证券投资基金,STT871,星阔南山1号红利低波100指数增强私募证券投资基金,STT871,青岛星阔投资,,2022-01-13,2022-01-24,招商证券股份有限公司,,每个交易日,可临开赎回,1%,不低于1万人民币,0%,,无,,0.015,A类：1.5%  B类：0.5%,0.01%,0.01%,A类：20%     B类：10%,10-20亿元,P1071681
团队跟踪,博孚利尊享85号FOF私募证券投资基金,STT879,博孚利尊享85号FOF私募证券投资基金,STT879,厦门博孚利资管,,2022-01-18,2022-01-18,招商证券股份有限公司,,"本基金申购开放日为每周五（遇法定节假日则顺延至下一工作日）。
本基金赎回开放日为每个自然季度（3、6、9、12月）的最后一天（遇法定节假日则顺延至下一工作日）。如该开放日既是申购开放日也是赎回开放日，则该开放日既可以申购也可以赎回",可临开赎回,0%,不少于 1 万元,若基金份额持有时间少于12个月，赎回费率2%；大于等于12个月，赎回费率0，赎回费归基金资产,0.9,无,0.85,0.01,,0.015%,0.015%,门槛收益率法，年化5%以上计提20%,50-100亿元,P1023120
团队跟踪,满风积分2号中证500指数增强私募证券投资基金,STT893,满风积分2号中证500指数增强私募证券投资基金,STT893,上海满风资管,,2022-02-16,2022-02-21,国投证券股份有限公司,刘海影,每年每月每周倒数第1个交易日,否,,,,0.65,无封闭期,0.6,0,,,,,10-20亿元,P1015262
团队跟踪,靖奇联合一号私募证券投资基金,STT942,靖奇联合一号私募证券投资基金,STT942,上海靖奇投资,,2022-01-21,2022-01-26,国信证券股份有限公司,范思奇,每自然月第10个自然日为开放日。如该对应日为非工作日，则开放日为该日后的第一个工作日。,可临开申购,B类份额：0,每次追加申购的最低金额为10万元人民币。,0,0.8,成立后180天（已结束）。,0.75,0,B类份额：0.5%/年,0.025%/年,0.025%/年,"B类份额：单人单笔高水位法，针对收益0%以上的部分计提10%业绩报酬
本基金业绩报酬计提日为：封闭期过后，每年1月及7月的最后一个交易日，基金份额持有人实际赎回基金份额时（包含全部赎回，部分赎回）、基金终止日。",0-5亿元,P1019905
团队跟踪,和棋尊享1号私募证券投资基金,STU218,和棋尊享1号私募证券投资基金,STU218,江苏和棋投资,,2022-01-21,2022-01-28,中信建投证券股份有限公司,,"每周周三、周五
",可临开赎回,0%,,无,,无,0.97,0,,0.025%,0.025%,"业绩报酬的计提原则：
基金份额持有人部分或全部赎回、基金分红、固定计提基准日（每自然季度末月最后一个交易日）、本基金终止时计提。基金业绩报酬提取比例为60%。业绩报酬提取时点为固定计提确认日、分红确认日（若有）、赎回确认日和基金终止确认日。
基金份额持有人每笔所持份额或赎回份额在持有期的年化收益率大于业绩报酬计提基准（6%）时，分别计算每笔份额在上一业绩报酬成功提取日至本次业绩报酬计提日持有期间的年化收益率（R），对持有期全额收益按【60%】比例进行计提，但计提后基金份额持有人年化收益率不低于业绩报酬计提基准。经计算确认的业绩报酬从基金份额持有人赎回、基金分红款或基金资金清算款中以现金支付。
",5-10亿元,P1019979
团队跟踪,纵帆谦禾1号,STU266,纵帆谦禾1号私募证券投资基金,STU266,海南纵帆,,2022-01-20,2022-01-29,招商证券股份有限公司,,,否,,,,,,,0,,,,,0-5亿元,P1072157
团队跟踪,知行利他荣友稳健一期,STU459,知行利他荣友稳健一期私募证券投资基金,STU459,北京知行利他,,2022-02-11,2022-02-18,招商证券股份有限公司,张世远,每月15号和25号,否,1%,,持有期小于12个月，赎回费率为2%；持有期大等于12个月，赎回费率为0%,,6个月,0.7,0.01,1%,0.015%,0.015%,当 R>0％时，对超过 0%的收益部分提取 20%的业绩报酬,0-5亿元,P1072980
团队跟踪,衍合2000指数增强1号私募证券投资基金,STU712,衍合2000指数增强1号私募证券投资基金,STU712,上海衍合,,2022-01-20,2022-01-25,招商证券股份有限公司,汤亦多、张磊,,否,,,,,,,0,,,,,50-100亿元,P1070871
团队跟踪,量派鑫兴68号私募证券投资基金,STU946,量派鑫兴68号私募证券投资基金,STU946,上海量派投资,,2022-01-20,2022-01-25,招商证券股份有限公司,,每自然月第10个自然日为开放日。如该对应日为非工作日，则开放日为该日后的第一个工作日。,可临开申购,B类份额：0,每次追加申购的最低金额为10万元人民币。,0,0.8,成立后180天（已结束）。,0.75,0,B类份额：0.5%/年,0.025%/年,0.025%/年,"B类份额：单人单笔高水位法，针对收益0%以上的部分计提10%业绩报酬
本基金业绩报酬计提日为：封闭期过后，每年1月及7月的最后一个交易日，基金份额持有人实际赎回基金份额时（包含全部赎回，部分赎回）、基金终止日。",100亿元以上,P1071253
团队跟踪,天铖致远1号私募证券投资基金,STV119,天铖致远1号私募证券投资基金,STV119,北京天铖,,2022-01-27,2022-01-30,招商证券股份有限公司,,,否,,,,,,,0,,,,,0-5亿元,P1072517
团队跟踪,银杏宏峰一号私募证券投资基金,STV131,银杏宏峰一号私募证券投资基金,STV131,新余银杏环球投资,,2022-02-07,2022-02-08,中信证券股份有限公司,卢宏峰,,否,,,,,,,0,,,,,0-5亿元,P1065934
团队跟踪,博孚利玉江郎1号私募证券投资基金,STV136,博孚利玉江郎1号私募证券投资基金,STV136,厦门博孚利资管,,2022-01-21,2022-01-21,招商证券股份有限公司,,每周周二,可临开赎回,A 类份额：0%。B 类份额：申购金额小于 500万元，申购费率为 1%；申购金额大等于 500万元，申购费率为0%,1万元的整数倍,0%,,无,,0.01,A类份额：0%，B类份额：1％,0.02%,0.02%,A类份额：不计提业绩报酬。B类份额：门槛收益率法，年化10%以上计提5%,50-100亿元,P1023120
团队跟踪,大道量化CTA进取私募证券投资基金,STV336,大道量化CTA进取私募证券投资基金,STV336,深圳大道投资,,2022-01-24,2022-01-24,招商证券股份有限公司,,申购开放日为每自然周周五，赎回开放日为每自然月第一个周五,否,0%,,持有期小于12个月，赎回费率为1%；持有期大等于12个月，赎回费率为 0%,,6个月,,0,,,,20%,100亿元以上,P1032257
团队跟踪,佳岳-实投3号,STV351,佳岳-实投3号私募证券投资基金,STV351,海南佳岳,,2022-02-07,2022-02-07,申万宏源证券有限公司,薛松,每周最后一个交易日,否,0%,1万元起,持有期低于6个月，赎回费率为 1%；持有期大等于6个月，赎回费率为 0%,,无,,0.01,,0.02%，保底2000元/年，每日计提，按季支付,0.02%，保底2000元/年，每日计提，按季支付,业绩报酬的计算采用单个投资者单笔高水位净值法。赎回、分红、清算日计提比例20%,20-50亿元,P1064142
团队跟踪,清哲理享指数动能私募证券投资基金,STV451,清哲理享指数动能私募证券投资基金,STV451,杭州清哲投资,,2022-01-25,2022-01-30,华鑫证券有限责任公司,,每个交易日,否,0%,,0%,,,,0.001,,0.025%,0.025%,管理人对期间中证超额4.75%的部分提取40%作为业绩报酬,5-10亿元,P1032807
团队跟踪,博孚利多策略60号私募证券投资基金,STV494,博孚利多策略60号私募证券投资基金,STV494,厦门博孚利资管,,2022-01-25,2022-01-28,兴业证券股份有限公司,,每周四、周五,否,0%,不少于1万元,持有时间小于90天赎回费率0.5%，归基金财产,,无,,0.01,,0.0125%,0.0125%,"若基金单位份额年化收益率R小于或等于0%时，管理人不提取投资顾问的浮动业绩报酬；若基金单位份额年化收益率R大于0%，管理人对0%至20%（含）部分提取16%作为投资顾问的浮动业绩报酬，对大于20%的部分提取24%作为投资顾问的浮动业绩报酬
若基金单位份额年化收益率R小于或等于0%时，管理人不提取业绩报酬；若基金单位份额年化收益率R大于0%，管理人对0%至20%（含）部分提取4%作为业绩报酬，对大于20%的部分提取6%作为业绩报酬",50-100亿元,P1023120
团队跟踪,迎水元宝11号,STV497,迎水元宝11号私募证券投资基金,STV497,上海迎水投资,,2022-02-07,2022-02-07,国泰君安证券股份有限公司,,每个交易日,否,A类份额：1%；B类份额：0%,,A类份额：持有期小于360天，赎回费率为1%；持有期大等于360天，赎回费率为0%。B类份额：0%,,,,0.01,A类份额：1%；B类份额：0.5%,0.025%,0.025%,A类份额：单个投资者单笔高水位净值法，40%; B类份额：0%,100亿元以上,P1022432
团队跟踪,迎水元宝12号,STV501,迎水元宝12号私募证券投资基金,STV501,上海迎水投资,,2022-02-28,2022-02-28,国泰君安证券股份有限公司,,每个交易日,否,A类份额：1%；B类份额：0%,,A类份额：持有期小于360天，赎回费率为1%；持有期大等于360天，赎回费率为0%。B类份额：0%,,,,0.01,A类份额：1%；B类份额：0.5%,0.025%,0.025%,A类份额：单个投资者单笔高水位净值法，40%; B类份额：0%,100亿元以上,P1022432
团队跟踪,涌涵飒露紫1号私募证券投资基金,STV510,涌涵飒露紫1号私募证券投资基金,STV510,上海涌涵,,2022-06-02,2022-06-20,国信证券股份有限公司,,,否,,,,,,,0,,,,,5-10亿元,P1072760
团队跟踪,纽达投资可转债七号私募证券投资基金,STV549,纽达投资可转债七号私募证券投资基金,STV549,珠海纽达投资,,2022-02-07,2022-02-07,广发证券股份有限公司,,每周周五,否,A类份额：0%。B类份额：单笔申购金额＜300万元，申购费率为1%；300万元≤单笔申购金额＜1000万元，申购费率为0.5%；1000万元≤单笔申购金额，申购费率为0%,,A类份额：0%。B类份额：持有期小于365天，赎回费率为1%；持有期大等于365天，赎回费率为0%,0.85,,0.75,0.0075,A类份额：0%。B类份额：0.75%,0.05%,0.05%,"在业绩报酬计提日对每笔份额的份额累计净值超过历史计提日最高份额累计净值部分,根据一定的比例计提业绩报酬，A 类份额提取比例为0%，B 类份额提取比例为20%",100亿元以上,P1066731
团队跟踪,深高弘源稳进9号私募证券投资基金,STV557,深高弘源稳进9号私募证券投资基金,STV557,深圳深高,,2022-05-27,2022-06-01,国泰君安证券股份有限公司,,,否,,,,,,,0,,,,,20-50亿元,P1072589
团队跟踪,迎水元宝9号私募证券投资基金,STV603,迎水元宝9号私募证券投资基金,STV603,上海迎水投资,,2022-02-24,2022-02-24,国泰君安证券股份有限公司,,每个交易日,否,A类份额：1%；B类份额：0%,,A类份额：持有期小于360 天，赎回费率为1%；持有期大等于360天，赎回费率为0%。B类份额：0%,,无,,0.005,A类份额：0.5%；B类份额：0%,0.025%,0.025%,A类份额：40%；B类份额：0%,100亿元以上,P1022432
团队跟踪,子辰盛丰指数增强二号私募证券投资基金,STV625,子辰盛丰指数增强二号私募证券投资基金,STV625,北京子辰,,2022-02-10,2022-02-16,国泰君安证券股份有限公司,,每周周五,否,1%,,持有期小于180天，赎回费率为1%；持有期大等于180天，赎回费率为0%,,无,,0.01,,0.02%,0.02%,20%,5-10亿元,P1072428
团队跟踪,量道沪深300指数增强8号私募证券投资基金,STV667,量道沪深300指数增强8号私募证券投资基金,STV667,深圳量道投资,,2022-02-09,2022-02-16,国泰君安证券股份有限公司,,每个交易日,否,1%,1 万元的整数倍,持有期小于180天，赎回费率为1%；持有期大等于180天，赎回费率为 0%。（可金额赎回）,,无,,0.003,,0.025%,0.025%,不计提业绩报酬,100亿元以上,P1016658
团队跟踪,博润小牛3号私募证券投资基金,STV728,博润小牛3号私募证券投资基金,STV728,北京博润银泰投资,,2022-03-04,2022-03-07,国信证券股份有限公司,,,否,,,,,,,0,,,,,100亿元以上,P1002960
团队跟踪,探融信天翁3号转债指数增强量化私募证券投资基金,STV759,探融信天翁3号转债指数增强量化私募证券投资基金,STV759,杭州探融投资,,2022-02-22,2022-02-25,国元证券股份有限公司,,每周周三,否,1%,,持有期小于365天，赎回费率为1%；持有期大等于365天，赎回费率为0%,0.75,1个月,0.7,0.01,,0.025%,0.0125%,对年化收益率超过0%以上部分按照20%的比例收取业绩报酬,0-5亿元,P1032083
团队跟踪,润熙领航一号私募证券投资基金,STV790,润熙领航一号私募证券投资基金,STV790,晋江润熙,,2022-02-11,2022-02-18,兴业证券股份有限公司,,每个交易日,否,1%,,持有期小于6个月，赎回费率为1%；持有期大等于6个月，赎回费率为0%,0.9,,0.85,0.01,,0.025％,0.025％,20%,10-20亿元,P1070872
团队跟踪,广金美好宽贝套利2号私募证券投资基金,STW056,广金美好宽贝套利2号私募证券投资基金,STW056,广东横琴广鑫美好,,2022-06-27,2022-06-27,国信证券股份有限公司,,每周周一,否,0%,,0%,0.95,无,0.93,0.015,,0.03%,0.03%,20%,50-100亿元,P1033731
团队跟踪,裕恒资本双龙5号私募证券投资基金,STW067,裕恒资本双龙5号私募证券投资基金,STW067,金华市裕恒资管,,2022-03-09,2022-03-09,广发证券股份有限公司,方昱、徐恒,,否,,,,,,,0,,,,,10-20亿元,P1016173
团队跟踪,云汉宝禄丰泽2号,STW263,云汉宝禄丰泽2号私募证券投资基金,STW263,上海云汉资管,,2022-02-25,2022-02-25,中信建投证券股份有限公司,,每周周一,可临开赎回,1%,,0%,,,,0.015,,0.015%,0.015%,"年化收益6%以内（含）部分收取20%；
年化收益6%-12%以内（含）部分收取30%；
年化收益超过12%以上部分收取50%",0-5亿元,P1065844
团队跟踪,百奕传家五号,STW344,百奕传家五号私募证券投资基金,STW344,上海百奕投资,,2022-01-28,2022-02-14,广发证券股份有限公司,李锦凤,每周周五,否,1%,1万元的整数倍,,,,,0.01,,0.05%,0.05%,个人高水位法，计提10%,0-5亿元,P1014097
团队跟踪,翰荣双子量化专享一号私募证券投资基金,STW552,翰荣双子量化专享一号私募证券投资基金,STW552,深圳翰荣,,2022-02-17,2022-02-23,国信证券股份有限公司,贺杰、聂守华,,否,,,,0.9,,0.85,0,,,,,50-100亿元,P1063371
团队跟踪,小松量化浪淘沙2号私募证券投资基金,STW636,小松量化浪淘沙2号私募证券投资基金,STW636,小松投资,,2022-02-28,2022-03-03,长城证券股份有限公司,,,否,,,,,,,0,,,,,0-5亿元,P1072135
团队跟踪,广聚星合汇达1号私募证券投资基金,STW712,广聚星合汇达1号私募证券投资基金,STW712,共青城广聚星合,,2022-03-22,2022-03-31,国信证券股份有限公司,,,否,,,,,,,0,,,,,10-20亿元,P1071800
团队跟踪,量道盛风5号私募证券投资基金,STW979,量道盛风5号私募证券投资基金,STW979,深圳量道投资,,2022-07-22,2022-07-26,兴业证券股份有限公司,,自2025年12月4日（含当日）起的5个交易日、每个投资运作期终止日起（不含终止日当日）的5个交易日,可临开赎回,0,1 万元的整数倍,0,,无,,0.017,,0.015%/年,0.015%/年,"计提方式：年化收益率法
计提时点：赎回申请日、基金终止日
计提比例：60%（若基金单位份额年化收益率R小于或等于12.6%时，管理人不提取业绩报酬；若基金单位份额年化收益率R大于12.6%，管理人对大于12.6%的部分提取60%作为业绩报酬）",100亿元以上,P1016658
团队跟踪,瑞丰达青承一号私募证券投资基金,STX203,瑞丰达青承一号私募证券投资基金,STX203,浙江瑞丰达资管,,2023-02-27,2023-03-07,招商证券股份有限公司,,,否,,,,,,,0,,,,,20-50亿元,P1062869
团队跟踪,博孚利启璞,STX270,博孚利启璞私募证券投资基金,STX270,厦门博孚利资管,,2022-07-15,2022-07-15,中信证券股份有限公司,,每个交易日,否,0%,不少于1万元,0%,,无,,0.01,,0.015％,0.015％,份额高水位法计提10%,50-100亿元,P1023120
团队跟踪,博孚利多策略二十号私募证券投资基金,STX272,博孚利多策略二十号私募证券投资基金,STX272,厦门博孚利资管,,2022-07-15,2022-07-15,中信证券股份有限公司,,每个工作日,否,0%,1 万元的整数倍,0%,,无,,0.012, 2024.2.27开始暂停计提/本基金的管理费从基金资产中计提，于每一批申购份额确认后，须在管理人提供《管理费起始计提通知书》的日期，按起始运作日登记在册的投资者申购总金额一次性计提（如某一批申购份额确认后，管理人未出具《管理费起始计提通知书》，则该笔申购份额不计提管理费），并在计提后两个月内（摊销期间，按60个自然日计算）每日摊销，如本基金当个投资运作期在前述摊销期间内终止的，则未摊销的管理费在当个投资运作期终止日一次性摊销完毕。,0.015%,0.015%,,50-100亿元,P1023120
团队跟踪,臻瓴致远稳健2号私募证券投资基金,STX400,臻瓴致远稳健2号私募证券投资基金,STX400,苏州臻瓴,,2022-07-18,2022-07-22,兴业证券股份有限公司,,,否,,,,,,,0,,,,,0-5亿元,P1072665
团队跟踪,巨量均衡凤凰俊选六号,STX437,巨量均衡凤凰俊选六号私募证券投资基金,STX437,珠海巨量均衡,,2022-07-15,2022-07-21,招商证券股份有限公司,,,否,,,,,,,0,,,,,5-10亿元,P1072577
团队跟踪,美好避风港私募证券投资基金,STX468,美好避风港私募证券投资基金,STX468,广东横琴广鑫美好,,2022-08-02,2022-08-05,长城证券股份有限公司,,,否,,,,,,,0,,,,,50-100亿元,P1033731
团队跟踪,红猫资管红运三号私募证券投资基金,STX559,红猫资管红运三号私募证券投资基金,STX559,广州红猫,,2022-08-16,2022-08-16,华泰证券股份有限公司,,,否,,,,,,,0,,,,,10-20亿元,P1030229
团队跟踪,正源信毅月月开贰号,STX591,正源信毅月月开贰号私募证券投资基金,STX591,苏州正源信毅资管,,2022-09-21,2022-09-26,中信证券股份有限公司,,每个工作日,可临开申购和可临开赎回,0%,,0%,,,,0.01,,0.025%,0.025%,对期间年化收益率超过 4%以上部分按照 20%的比例收取业绩报酬,5-10亿元,P1067860
团队跟踪,博孚利尊享65号私募证券投资基金,STX601,博孚利尊享65号私募证券投资基金,STX601,厦门博孚利资管,,2022-08-03,2022-08-03,中信证券股份有限公司,,每个工作日,否,0%,1 万元的整数倍,0%,,无,,0.005,,0.01%,0.03%,不计提业绩报酬,50-100亿元,P1023120
团队跟踪,弈倍虎鲨中证1000指数增强,STX649,弈倍虎鲨中证1000指数增强私募证券投资基金,STX649,上海弈倍,,2022-07-26,2022-07-29,国泰君安证券股份有限公司,余建国、汤昕烨,,否,,,,,,,0,,,,,20-50亿元,P1061585
团队跟踪,每利-蓝天AI中性策略一号私募证券投资基金,STX651,每利-蓝天AI中性策略一号私募证券投资基金,STX651,北京每利投资,,2022-12-07,2022-12-19,国泰君安证券股份有限公司,,,否,,,,,,,0,,,,,0-5亿元,P1014611
团队跟踪,衍合量化选股1号私募证券投资基金,STX761,衍合量化选股1号私募证券投资基金,STX761,上海衍合,,2022-07-19,2022-07-22,招商证券股份有限公司,汤亦多、张磊,每个工作日,可临开申购,1%,,持有期少于6 个月为1%，持有期大于等于6 个月为0%。,,,,0.01,,0.015%/年,0.015%/年,16%，单客户单笔份额高水位计提，分红、赎回、终止时计提,50-100亿元,P1070871
团队跟踪,盛丰盛乾中证1000指数增强8号,STX785,盛丰盛乾中证1000指数增强8号私募证券投资基金,STX785,海南盛丰,,2022-08-01,2022-08-04,华泰证券股份有限公司,,每周一三五,可临开赎回,0,每次追加申购的最低金额为10万元人民币。,持有期低于365天，赎回费1%（可免）,,无,,0.01,A类份额：0，B类份额：1%/年,0.025%/年,0.025%/年,"A类份额不计提业绩报酬，B类份额：单人单笔高水位法，针对收益0%以上的部分计提20%业绩报酬
本基金业绩报酬计提日为：每年2月的最后一个交易日，基金份额持有人实际赎回基金份额时（包含全部赎回，部分赎回）、基金终止日。",50-100亿元,P1073590
团队跟踪,华闻期货华睿稳盛FOF一号单一资产管理计划,STX801,华闻期货华睿稳盛FOF一号单一资产管理计划,STX801,,,2018-01-05,0000-00-00,中信证券股份有限公司,,,否,,,,,,,0,,,,,,
团队跟踪,量宇中邮永安跬步对冲1号私募证券投资基金,STX863,量宇中邮永安跬步对冲1号私募证券投资基金,STX863,上海量宇,,2022-07-27,2022-07-27,招商证券股份有限公司,,每周周一、周三、周五,否,0%,,持有期小于1个月，赎回费率为2%；持有期大等于1个月，赎回费率为0%,0.85,无,0.8,0.002,,0.02%,0.02%,当基金份额赎回、基金终止或分红时，且该赎回份额或分红份额当期收益大于年化7%，管理人提取该份额整体盈利部分的60%作为业绩报酬，但计提后该笔份额的当期年化收益不低于7%。,20-50亿元,P1064318
团队跟踪,静实致远增强私募证券投资基金,STX963,静实致远增强私募证券投资基金,STX963,共青城静实投资,,2022-07-22,2022-07-22,兴业证券股份有限公司,郭亮,每周三,否,0%,1万元起,0%,0.7,,0.6,0.01,,0.025%,0.025%,单客户单笔高水位20%,0-5亿元,P1070233
团队跟踪,金时珺信价值私募证券投资基金,STY015,金时珺信价值私募证券投资基金,STY015,厦门金时资管,,2022-08-10,2022-08-16,招商证券股份有限公司,,,否,,,,,,,0,,,,,5-10亿元,P1065492
团队跟踪,博孚利多策略三十三号私募证券投资基金,STY031,博孚利多策略三十三号私募证券投资基金,STY031,厦门博孚利资管,,2022-07-21,2022-07-21,中信证券股份有限公司,,每个工作日,否,0%,1 万元起,0%,,无,,0.015,,0.015%,0.015%,不计提业绩报酬,50-100亿元,P1023120
团队跟踪,博孚利多策略二十二号私募证券投资基金,STY036,博孚利多策略二十二号私募证券投资基金,STY036,厦门博孚利资管,,2022-07-21,2022-07-21,中信证券股份有限公司,,每个工作日,否,0%,1万元起,0%,,无,,0.005,"保底10万
20230731起暂停计提",0.015%,0.015%,不计提业绩报酬,50-100亿元,P1023120
团队跟踪,博孚利丰瑞1号私募证券投资基金,STY062,博孚利丰瑞1号私募证券投资基金,STY062,厦门博孚利资管,,2022-08-31,2022-08-31,广发证券股份有限公司,,每个交易日,否,A份额0.8%,1万元的整数倍,0%,,无,,0.005,,0.05%,0.05%,不提取业绩报酬,50-100亿元,P1023120
团队跟踪,凡德成长,STY073,凡德成长私募证券投资基金,STY073,广东凡德投资,,2022-08-08,2022-08-15,国泰君安证券股份有限公司,陈尊德,每周二,否,1%,,<180d，2%；>=180d，0%,,无,,0.01,每日计提,,,"业绩报酬的计提基准日：投资者赎回日、每季度末月最后一个交易日（固定日，但封闭期及/或锁定期（如有）除外）、分红权益登记日和基金清算日。本基金各类份额连续两次成功计提业绩报酬基准日的间隔不应短于 3 个月。业绩报酬的计算采用单个投资者单笔高水位净值法。
",5-10亿元,P1003150
团队跟踪,金时智寰信诺私募证券投资基金,STY102,金时智寰信诺私募证券投资基金,STY102,厦门金时资管,,2022-07-29,2022-08-03,华福证券股份有限公司,,,否,,,,,,,0,,,,,5-10亿元,P1065492
团队跟踪,君证汇得利6008号私募证券投资基金,STY117,君证汇得利6008号私募证券投资基金,STY117,上海君证资管,,2023-02-24,2023-02-24,国泰君安证券股份有限公司,,每周第三个交易日,否,0%,不低于10万元,0%,0.75,,0.7,0.015,,0.05%,0.05%,单笔投资持有期年化收益低于8%不提取业绩报酬，高于8%时按照单客户高水位法计提业绩报酬，计提比例为20%。,5-10亿元,P1063032
团队跟踪,旭辉创值系列私募证券投资基金,STY181,旭辉创值系列私募证券投资基金,STY181,深圳前海旭辉资管,,2022-08-03,2022-08-10,中信证券股份有限公司,,,否,,,,,,,0,,,,,5-10亿元,P1071112
团队跟踪,龙帆优孚1号私募证券投资基金,STY187,龙帆优孚1号私募证券投资基金,STY187,厦门龙帆资管,,2022-07-20,2022-07-20,兴业证券股份有限公司,,每个交易日,否,0%,,0%,,无,,0.012,A类份额：1.2% ；  B类份额：0.2%,0.025％,0.025％,A类份额：20%；B类份额：不收取业绩报酬,5-10亿元,P1062076
团队跟踪,思益对冲套利1号,STY231,思益对冲套利1号私募证券投资基金,STY231,海南思益,,2022-07-26,2022-07-29,华泰证券股份有限公司,,每个工作日,否,0%,,A类份额：持有期小等于92天，赎回费率为1%；持有期大于92天，赎回费率为0%。B类份额：0%,0.85,无,0.8,0.01,,0.02%,0.02%,A类份额：单个投资者单份额高水位法，超额收益部分20%计提。B类份额：不计提业绩报酬,10-20亿元,P1073674
团队跟踪,常行稳健8号,STY276,常行稳健8号私募证券投资基金,STY276,江苏常行投资,,2022-07-29,2022-08-01,国泰君安证券股份有限公司,,每周周一、周三、周五,否,0%,,持有期小于90天，赎回费率为1%；持有期大等于90天，赎回费率为0%,0.97,无,0.95,0.01,,0.02%,0.02%,单个投资者单笔高水位净值法，20%,0-5亿元,P1021817
团队跟踪,睿郡金选灵活策略1号私募证券投资基金,STY571,睿郡金选灵活策略1号私募证券投资基金,STY571,上海睿郡资管,,2022-09-28,2022-09-30,国泰君安证券股份有限公司,,,否,,,,,,,0,,,,,100亿元以上,P1014376
团队跟踪,坤望量化对冲2号私募证券投资基金,STY673,坤望量化对冲2号私募证券投资基金,STY673,上海坤望,,2022-07-28,2022-08-02,华泰证券股份有限公司,文斌,每个交易日,否,1%,,0%,0.9,无,0.85,0.01,A类份额：1%，B类份额：0%,0.02%,0.02%,A类份额：20%，B类份额：0%,20-50亿元,P1072723
团队跟踪,宝林安定1号私募证券投资基金,STY691,宝林安定1号私募证券投资基金,STY691,杭州宝林星荣,,2022-07-22,2022-07-29,广发证券股份有限公司,,,否,,,,,,,0,,,,,0-5亿元,P1073654
团队跟踪,天算中证1000指数增强,STY812,天算中证1000指数增强私募证券投资基金,STY812,北京天算,,2022-08-02,2022-08-05,金融街证券股份有限公司,何天鹰,每自然月第10个自然日为开放日。如该对应日为非工作日，则开放日为该日后的第一个工作日。,可临开申购,B类份额：0,每次追加申购的最低金额为10万元人民币。,0,0.8,成立后180天（已结束）。,0.75,0,B类份额：0.5%/年,0.025%/年,0.025%/年,"B类份额：单人单笔高水位法，针对收益0%以上的部分计提10%业绩报酬
本基金业绩报酬计提日为：封闭期过后，每年1月及7月的最后一个交易日，基金份额持有人实际赎回基金份额时（包含全部赎回，部分赎回）、基金终止日。",100亿元以上,P1028908
团队跟踪,安子心夏多策略一号私募证券投资基金,STY813,安子心夏多策略一号私募证券投资基金,STY813,深圳安子,,2022-08-09,2022-08-17,国泰君安证券股份有限公司,李靖、王麟强,申购开放日为每周周三，赎回开放日为每月第一个周三,否,1%,10万元,持有期小于180天，赎回费率为2%；持有期大等于180天且小于360天，赎回费率为1%；持有期大等于360 天，赎回费率为0%,,,,0.015,,0.02%,0.02%,20%；计提时点：投资者赎回日、分红权益登记日、基金清算日。,20-50亿元,P1071972
团队跟踪,华钧元封2期私募证券投资基金,STY816,华钧元封2期私募证券投资基金,STY816,北京华钧广汇投资,,2022-07-25,2022-08-01,中信证券股份有限公司,,,否,,,,,,,0,,,,,10-20亿元,P1067480
团队跟踪,盛丰量化对冲8号私募证券投资基金,STY929,盛丰量化对冲8号私募证券投资基金,STY929,海南盛丰,,2022-08-01,2022-08-04,华泰证券股份有限公司,,每周周一、周三、周五,否,1%,不低于10万,持有期小于180天，赎回费率为1%；持有期大等于180天，赎回费率为0%,0.9,无,0.85,0.01,,0.015%,0.015%,"20%。
计提基准日：每年6月30日、12月30日、投资者赎回日、分红权益登记日、基金清算日",100亿元以上,P1073590
团队跟踪,新伯霖健康成长1号,STY962,新伯霖健康成长1号私募证券投资基金,STY962,上海新伯霖,,2022-08-09,2022-08-15,国泰君安证券股份有限公司,罗会礼,每周周五,否,0%,10万元起,持有期小于180 天，赎回费率为2%；持有期大等于180 天，赎回费率为 0%,0.8,无,0.7,0.01,,0.015%,0.015%,"对超过上次成功计提基准日基金份额累计净值部分按 15%比例进行计提。
计提基准日：投资者赎回日、分红权益登记日、基金清算日。",5-10亿元,P1071580
团队跟踪,鲁民投中证1000指数增强一号私募证券投资基金,STY963,鲁民投中证1000指数增强一号私募证券投资基金,STY963,鲁民投基金,,2022-07-27,2022-07-27,光大证券股份有限公司,刘波,,否,,,,,,,0,,,,,100亿元以上,P1069017
团队跟踪,量道兵法7号私募证券投资基金,STZ022,量道兵法7号私募证券投资基金,STZ022,深圳量道投资,,2022-07-25,2022-07-26,兴业证券股份有限公司,,,否,,,（可金额赎回）,,,,0,,,,,100亿元以上,P1016658
团队跟踪,证道蓝雪稳健1号私募证券投资基金,STZ046,证道蓝雪稳健1号私募证券投资基金,STZ046,厦门证道,,2022-07-29,2022-08-03,广发证券股份有限公司,,,否,,,,,,,0,,,,,0-5亿元,P1017925
团队跟踪,七禾科技传奇混合策略91号,STZ175,七禾科技传奇混合策略91号私募证券投资基金,STZ175,杭州七禾聚资管,,2022-08-01,2022-08-01,招商证券股份有限公司,傅旭鹏,,否,,,,,,,0,,,,,5-10亿元,P1029307
团队跟踪,绰瑞金轮7号私募证券投资基金,STZ187,绰瑞金轮7号私募证券投资基金,STZ187,上海绰瑞,,2022-07-26,2022-07-27,华泰证券股份有限公司,梁伟东、钱涛,每个交易日,否,,,0,,,,0.01,,,,20%,10-20亿元,P1006129
团队跟踪,远澜梧桐中证1000指数增强私募证券投资基金,STZ353,远澜梧桐中证1000指数增强私募证券投资基金,STZ353,上海远澜,,2022-07-28,2022-08-01,招商证券股份有限公司,董致远,,否,,,,,,,0,,,,,100亿元以上,P1018484
团队跟踪,新伯霖健康成长1号B期,STZ565,新伯霖健康成长1号私募证券投资基金B期,STZ565,上海新伯霖,,2022-08-10,2022-08-16,国泰君安证券股份有限公司,,基金成立之后的每周周三，如遇非交易日，则顺延至下一交易日。临时开放日仅允许赎回。,可临开赎回,本基金申购费率为 1%。募集机构有权减免申购费率。,基金投资者首次净认购金额应不低于 100 万元人民币（不含认购费，且本合同“私募基金的募集对象”中的“特殊合格投资者”不受此限）,本基金份额持有期低于 365 天（不含）的赎回费率为 2%，基金份额持有期在 365 天及以上的赎回费率为 0%。 本基金赎回费归私募基金管理人所有。 管理人有权减免赎回费率。,0.8,无,0.7,0.01,,0.015%,0.015%,R= 15%，为业绩报酬提取比例；,5-10亿元,P1071580
团队跟踪,厚方六号私募证券投资基金,STZ658,厚方六号私募证券投资基金,STZ658,广东厚方投资,,2022-09-02,2022-09-02,广发证券股份有限公司,段国钰、潘文盛,（2025年5月调整）基金的申购赎回开放日为【每月15号（如遇非交易日，则顺延至下一个交易日）和每月最后一个交易日】,可临开赎回,0,,基金份额持有期限低于【270】天的，赎回费率为【1】%；基金份额持有期在【270】天及以上的，赎回费率为【0】%,0.85,无,0.8,0.01,,,,"业绩报酬的计算采用单个投资者单笔高水位净值法,计提比例25%",10-20亿元,P1019245
团队跟踪,汇融磐石6号私募证券投资基金,STZ728,汇融磐石6号私募证券投资基金,STZ728,湖南汇智融达,,2022-08-29,2022-09-01,中泰证券股份有限公司,龙世奇,,否,,,,,,,0,,,,,0-5亿元,P1023796
团队跟踪,安子极客中证1000增强一号,STZ906,安子极客中证1000增强一号私募证券投资基金,STZ906,深圳安子,,2022-08-15,2022-08-18,国泰君安证券股份有限公司,李靖、王麟强,每周周五,否,1%,10万元,持有期小于180天，赎回费率为2%；持有期大等于180天且小于360天，赎回费率为1%；持有期大等于360 天，赎回费率为0%,,,,0.015,,0.02%,0.02%,20%；计提时点：投资者赎回日、分红权益登记日、基金清算日。,20-50亿元,P1071972
团队跟踪,汇融磐石7号私募证券投资基金,STZ913,汇融磐石7号私募证券投资基金,STZ913,湖南汇智融达,,2022-08-08,2022-08-11,中泰证券股份有限公司,龙世奇,每周周三、周四,否,1%,10万元的整数倍,0%,0.85,无,0.8,0.015,,0.05%,0.05%,赎回、分红、清算，30%,0-5亿元,P1023796
团队跟踪,维万股指一号私募证券投资基金,STZ914,维万股指一号私募证券投资基金,STZ914,上海维万,,2022-09-13,2022-09-16,招商证券股份有限公司,,,否,,,,,,,0,,,,,5-10亿元,P1031529
团队跟踪,博孚利多策略二十四号私募证券投资基金,STZ941,博孚利多策略二十四号私募证券投资基金,STZ941,厦门博孚利资管,,2022-08-26,2022-08-26,招商证券股份有限公司,,每个交易日,否,0%,不低于1万,0%,0.95,无,0.9,0,,0.015%,0.015%,不计提,50-100亿元,P1023120
团队跟踪,枫润红竹一号私募证券投资基金,STZ981,枫润红竹一号私募证券投资基金,STZ981,上海枫润资管,,2022-08-23,2022-08-30,国元证券股份有限公司,,,否,,,,,,,0,,,,,0-5亿元,P1004561
团队跟踪,申万宏源建源定向资产管理计划,SU0472,申万宏源建源定向资产管理计划,SU0472,申万宏源证券,,2017-04-14,2017-03-16,,,,否,,,,,,,0,,,,,,I0011561
团队跟踪,诚奇睿盈优选运作1号私募证券投资基金A类份额,SU301A,诚奇睿盈优选运作1号私募证券投资基金A类份额,SU301A,上海诚奇,,2021-09-17,2021-09-17,招商证券股份有限公司,,每个自然月10日、25日以及每自然周周二（遇法定节假日均顺延至下一工作日，如上述开放日为同一工作日或顺延至同一工作日，则上述重合的开放日只开放一个工作日）,可临开赎回,0%,,D<12个月： 3%；D≥12个月：0%,,,,0.01,1.0%,0.05%,0.05%,业绩报酬：20.0%（绝对收益）,100亿元以上,P1001430
团队跟踪,时间序列红利增强1号私募证券投资基金A类份额,SV122A,时间序列红利增强1号私募证券投资基金A类份额,SV122A,青岛时间序列资管,,2021-10-13,2021-10-19,招商证券股份有限公司,,每个工作日,否,0%,,0%,,无,,0,,0.025%,0.025%,0%,10-20亿元,P1071639
团队跟踪,巨博华锟泽稳健一号私募证券投资基金A类份额,SV833A,巨博华锟泽稳健一号私募证券投资基金A类份额,SV833A,深圳巨博华,,2021-09-27,,招商证券股份有限公司,,"每自然周周一、周三、周五（遇节假日均顺延至下一个工作日），临时开放日只可赎回不可申购
",否,0%,,0%,,无,,0,,,,"收益大于年化 8%，计提整体盈利部分的50%，计提后不低于年化8%。
",0-5亿元,P1016497
团队跟踪,博孚利超强9号FOF私募证券投资基金A类份额,SV980A,博孚利超强9号FOF私募证券投资基金A类份额,SV980A,厦门博孚利资管,,2021-09-28,2021-09-28,中信证券股份有限公司,,每周周五,否,0%,1 万元的整数倍,持有期小于180天，赎回费率为1%；持有期大等于180天，免收。,0.7,无,0.6,0.01,,0.015%,0.015%,A类份额计提业绩报酬，采用“单客户高水位法”，提取比例为10%。,50-100亿元,P1023120
团队跟踪,博孚利超强9号FOF私募证券投资基金B类份额,SV980B,博孚利超强9号FOF私募证券投资基金B类份额,SV980B,厦门博孚利资管,,2021-09-28,0000-00-00,中信证券股份有限公司,,每周周五,否,0%,1万的整数倍,持有期小于180天，赎回费率为1%；持有期大等于180天，免收。,0.7,无,0.6,0,,0.015%,0.015%,不收取业绩报酬,50-100亿元,P1023120
团队跟踪,蒙玺国证2000指数量化1号,SVA137,蒙玺国证2000指数量化1号私募证券投资基金,SVA137,上海蒙玺投资,,2022-02-21,2022-03-02,国泰君安证券股份有限公司,,每个交易日,可临开赎回,A类份额：0%；B类份额：1%,,A类份额：0%；B类份额：0%,,无,,0.01,A类份额：0%；B类份额：1%,0.025%,0.025%,收益大于0%且超过同期国证2000指数收益率时提取超额部分的20%作为业绩报酬,100亿元以上,P1063294
团队跟踪,知行通达金选量化对冲稳达2号私募证券投资基金,SVA177,知行通达金选量化对冲稳达2号私募证券投资基金,SVA177,深圳知行通达,,2022-02-11,2022-02-21,中信证券股份有限公司,,,否,,,,,,,0,,,,,100亿元以上,P1072116
团队跟踪,进化虎鲨 1 号私募证券投资基金,SVA406,进化虎鲨 1 号私募证券投资基金,SVA406,海南进化,,2022-02-10,2022-02-16,中信建投证券股份有限公司,,,否,,,,,,,0,,,,,5-10亿元,P1072344
团队跟踪,国承资产-中天农历五号私募证券投资基金,SVA584,国承资产-中天农历五号私募证券投资基金,SVA584,北京国承资管,,2022-02-11,2022-02-18,中信证券股份有限公司,,,否,,,,,,,0,,,,,0-5亿元,P1026448
团队跟踪,汇乾二柒私募证券投资基金,SVA621,汇乾二柒私募证券投资基金,SVA621,海南汇乾,,2022-02-15,2022-02-18,财通证券股份有限公司,,,否,,,,,,,0,,,,,0-5亿元,P1072997
团队跟踪,鸿熵量子跃迁1号私募证券投资基金,SVA677,鸿熵量子跃迁1号私募证券投资基金,SVA677,北京鸿熵,,2022-02-08,2022-02-22,申万宏源证券有限公司,,,否,,,,,,,0,,,,,0-5亿元,P1008413
团队跟踪,安子极客多策略一号,SVA693,安子极客多策略一号私募证券投资基金,SVA693,深圳安子,,2022-02-11,2022-02-16,华泰证券股份有限公司,,,否,,,,,,,0.01,,,,1%+20%,20-50亿元,P1071972
团队跟踪,恒睿信恒德量化1号私募证券投资基金,SVA702,恒睿信恒德量化1号私募证券投资基金,SVA702,北海恒睿信,,2022-04-15,2022-04-21,招商证券股份有限公司,谢春林,,否,,,,,,,0,,,,,5-10亿元,P1071324
团队跟踪,水木博雅沪深300指数增强1号私募证券投资基金,SVA771,水木博雅沪深300指数增强1号私募证券投资基金,SVA771,珠海水木博雅,,2022-02-18,2022-02-28,国信证券股份有限公司,,,否,,,,,,,0,,,,,0-5亿元,P1071281
团队跟踪,涵元阿尔法12号私募证券投资基金,SVA785,涵元阿尔法12号私募证券投资基金,SVA785,上海涵元资管,,2022-02-16,2022-02-21,华鑫证券有限责任公司,,每个交易日,否,0%,,0%,,,,0.001,,0.025%,0.025%,不计提业绩报酬,0-5亿元,P1011257
团队跟踪,鋆晟狮王晨融,SVA892,鋆晟狮王晨融私募证券投资基金,SVA892,上海鋆晟投资,,2022-02-24,2022-03-02,国泰君安证券股份有限公司,许钧天,,可临开申购,,,,0.96,,0.95,0.01,,0.015%,0.015%,,0-5亿元,P1028385
团队跟踪,臻瓴致远多空对冲1号私募证券投资基金,SVB072,臻瓴致远多空对冲1号私募证券投资基金,SVB072,苏州臻瓴,,2022-02-15,2022-02-24,兴业证券股份有限公司,,,否,,,,,,,0,,,,,0-5亿元,P1072665
团队跟踪,点钢投资点睿5号私募证券投资基金,SVB108,点钢投资点睿5号私募证券投资基金,SVB108,天津点钢投资,,2022-02-25,2022-03-17,国信证券股份有限公司,,,否,,,,,,,0,,,,,10-20亿元,P1061455
团队跟踪,广联宏大威天龙,SVB159,广联宏大威天龙私募证券投资基金,SVB159,海南广联宏,,2022-09-06,2022-09-09,招商证券股份有限公司,,,否,,,,,,,0,,,,,5-10亿元,P1072844
团队跟踪,翔云50二号私募证券投资基金,SVB166,翔云50二号私募证券投资基金,SVB166,广州翔云,,2022-02-09,2022-02-17,华泰证券股份有限公司,,每月倒数第1个交易日,否,1%,不低于10万,持有期小于180天，赎回费率为1%；持期大等于180天且小于360天，赎回费率0.5%；持有期大等于360，赎回费率为0%,,90天,,0.01,1%,0.025%,0.025%,20%,10-20亿元,P1007271
团队跟踪,同犇慧萍向日葵私募证券投资基金,SVB322,同犇慧萍向日葵私募证券投资基金,SVB322,上海同犇投资,,2022-02-16,2022-02-17,中信建投证券股份有限公司,刘慧萍,,否,,,,,,,0,,,,,20-50亿元,P1001725
团队跟踪,泰银睿智1号私募证券投资基金,SVB362,泰银睿智1号私募证券投资基金,SVB362,常州泰银,,2022-02-16,2022-02-22,中信建投证券股份有限公司,,,否,,,,,,,0,,,,,20-50亿元,P1072820
团队跟踪,概率中性1号私募证券投资基金,SVB548,概率中性1号私募证券投资基金,SVB548,上海概率投资,,2022-02-23,2022-03-09,招商证券股份有限公司,,,否,,,,,,,0,,,,,5-10亿元,P1071609
团队跟踪,半鞅量化精选私募证券投资基金,SVB591,半鞅量化精选私募证券投资基金,SVB591,半鞅基金,,2022-02-21,2022-02-28,中信证券股份有限公司,,每个交易日,可临开申购,0%,,持有期小于180天，赎回费率为1%；180天≤持有期限<365天，赎回费率为0.5%；持有期限≥365天，赎回费率为0%,0.6,,0.5,0.015,,0.01%,0.01%,"计提比例:15%；
计提方式:单客户高水位法",100亿元以上,P1072919
团队跟踪,量衍海锦CTA一号,SVB656,量衍海锦CTA一号私募证券投资基金,SVB656,浙江量衍投资,,2022-03-02,2022-03-11,招商证券股份有限公司,,每周周五,否,A类份额：0%，B类份额、C类份额：1%,,A类份额：0%。B类份额、C类份额：持有期小于12个月，赎回费费率为1%；持有期大等于12 个月，赎回费率为0%,0.85,,0.8,0.015,A类份额：0%，B类份额：1%，C类份额：1.5%,0.015%,0.015%,A类份额：0%，B类份额：18%，C类份额：20%,0-5亿元,P1066658
团队跟踪,鸣熙开阳6号私募证券投资基金,SVB701,鸣熙开阳6号私募证券投资基金,SVB701,鸣熙资本,,2022-02-21,2022-02-28,海通证券股份有限公司,,每个工作日,否,0%,10万追加,0%,,,,0.01,1%,0.025%,0.025%,单客户单笔份额高水位法：20%,100亿元以上,P1033450
团队跟踪,橡杉致信套利1期,SVB846,橡杉致信套利1期私募证券投资基金,SVB846,上海橡杉资管,,2022-03-09,2022-03-16,中信证券股份有限公司,,每周一三五开放申购，每月15日开放赎回,可临开赎回,A份额：0%； B份额：0%； C份额：1%（代销机构有权减免）,不少于1万元,A份额：0% B份额：0＜持有天数＜360天：1%；持有天数≥360天；0%；赎回费归管理人，管理人有权减免； C份额：0＜持有天数＜360天：1%；持有天数≥360天；0%；赎回费归管理人，管理人有权减免,0.88,无,0.85,0,A份额：0%   B份额：1%  C份额：1.5%,0.015%,0.015%,"A份额：0%
B份额：20%
C份额：20%",5-10亿元,P1060103
团队跟踪,国优卷柏阿尔法增强1号私募证券投资基金,SVB969,国优卷柏阿尔法增强1号私募证券投资基金,SVB969,天津国优,,2022-04-13,2022-04-18,招商证券股份有限公司,韩东箭,每自然月第10个自然日为开放日。如该对应日为非工作日，则开放日为该日后的第一个工作日。,可临开申购,B类份额：0,每次追加申购的最低金额为10万元人民币。,0,0.8,成立后180天（已结束）。,0.75,0,B类份额：0.5%/年,0.025%/年,0.025%/年,"B类份额：单人单笔高水位法，针对收益0%以上的部分计提10%业绩报酬
本基金业绩报酬计提日为：封闭期过后，每年1月及7月的最后一个交易日，基金份额持有人实际赎回基金份额时（包含全部赎回，部分赎回）、基金终止日。",5-10亿元,P1065232
团队跟踪,量道CTA精选18A号私募证券投资基金,SVB976,量道CTA精选18A号私募证券投资基金,SVB976,深圳量道投资,,2022-02-25,2022-02-25,国泰君安证券股份有限公司,,每周周三，如遇非交易日则顺延至下一个交易日。,可临开赎回,1%,1 万元的整数倍,持有期小于180天，赎回费率为2%；持有期大等于180天但小于365天，赎回费率为1%；持有期大等于365天，赎回费率为0%。（可金额赎回）,0.7,无,0.65,0.02,,0.025%/年,0.025%/年,"1、计提方式：单个投资者单笔高水位净值法
2、计提时点：投资者赎回日、分红权益登记日、基金清算日、固定结算日（每年最后一个交易日）。
3、计提比例：20%",100亿元以上,P1016658
团队跟踪,熙典基金布赫拉迪2号私募证券投资基金,SVC012,熙典基金布赫拉迪2号私募证券投资基金,SVC012,厦门熙典,,2022-02-21,2022-02-24,招商证券股份有限公司,,每周周一、周三、周五,否,0%,,0%,,,,0.01,,,,20%,5-10亿元,P1072232
团队跟踪,智领思一毅鑫,SVC066,智领思一毅鑫私募证券投资基金,SVC066,福州智领三联,,2022-02-17,2022-02-17,兴业证券股份有限公司,,,否,,,,,,,0,,,,,20-50亿元,P1033867
团队跟踪,合骥睿源500增强2号,SVC177,合骥睿源500增强2号私募证券投资基金,SVC177,上海合骥,,2022-03-01,2022-03-04,国泰君安证券股份有限公司,,,否,,,,,,,0,,,,,100亿元以上,P1072437
团队跟踪,添禄投资私募量化32号证券投资基金,SVC315,添禄投资私募量化32号证券投资基金,SVC315,上海添禄投资,,2022-02-21,2022-02-24,海通证券股份有限公司,,每周第一个工作日,否,1%,,持有期小于365天，赎回费率为1%；持有期大等于365天，赎回费率为0%,0.92,,0.9,0.01,,0.025%,0.025%,"单客户高水位法：60%
计提基准日：投资者赎回日、每季度最后一个工作日（固定日，但封闭期及/或锁定期（如有）除外）、分红除权日和合同终止日。",20-50亿元,P1064139
团队跟踪,明钺杏紫千红私募证券投资基金,SVC383,明钺杏紫千红私募证券投资基金,SVC383,珠海明钺,,2022-03-03,2022-03-07,招商证券股份有限公司,,,否,,,,,,,0,,,,,50-100亿元,P1066816
团队跟踪,量派专享四十三号私募证券投资基金,SVC443,量派专享四十三号私募证券投资基金,SVC443,上海量派投资,,2022-02-22,2022-02-25,招商证券股份有限公司,,每自然月第10个自然日为开放日。如该对应日为非工作日，则开放日为该日后的第一个工作日。,可临开申购,B类份额：0,每次追加申购的最低金额为10万元人民币。,0,0.8,成立后180天（已结束）。,0.75,0,B类份额：0.5%/年,0.025%/年,0.025%/年,"B类份额：单人单笔高水位法，针对收益0%以上的部分计提10%业绩报酬
本基金业绩报酬计提日为：封闭期过后，每年1月及7月的最后一个交易日，基金份额持有人实际赎回基金份额时（包含全部赎回，部分赎回）、基金终止日。",100亿元以上,P1071253
团队跟踪,艾悉财赋6号私募证券投资基金,SVC512,艾悉财赋6号私募证券投资基金,SVC512,上海艾悉,,2022-02-25,2022-03-02,国泰君安证券股份有限公司,杨柳,,否,,,,,,,0,,,,,0-5亿元,P1065219
团队跟踪,裕丰惠达1号私募证券投资基金,SVC665,裕丰惠达1号私募证券投资基金,SVC665,上海裕丰惠达,,2022-03-30,2022-04-07,国泰君安证券股份有限公司,,,否,,,,,,,0,,,,,5-10亿元,P1073106
团队跟踪,百奕低波可转债私募证券投资基金,SVC719,百奕低波可转债私募证券投资基金,SVC719,上海百奕投资,,2022-02-28,2022-03-10,招商证券股份有限公司,,本基金开放日为每自然周周五（遇法定节假日则顺延至下一工作日）,可临开赎回,1%（管理人有全减免）,每次追加认购金额应不低于1万元人民币,本基金无赎回费用。,0.8,无,0.7,0.015,,0.025%,0.025%,"当R>0％时，对超过0%的收益部分提取20%的业绩报酬，即E=F×（A-C）×20%；
在两类情况下管理人将根据基金份额持有人的收益情况对本基金提取业绩报酬，一类是基金份额持有人申请赎回或本基金终止时提取业绩报酬；另一类是分红时提取业绩报酬。当基金份额赎回、基金终止或分红时，管理人将提取赎回份额或分红份额当期收益的20%作为业绩报酬。如本次基金分红时间距上次分红时间（如有）不足3个月（每月按30个自然日计算），则本次基金分红不对基金份额计提业绩报酬。",0-5亿元,P1014097
团队跟踪,瀚鑫泰安十一号,SVC879,瀚鑫泰安十一号私募证券投资基金,SVC879,深圳瀚鑫,,2022-04-11,2022-04-24,招商证券股份有限公司,王泽原,每日,否,0,,0,,,,0.01,,0.025%,,,10-20亿元,P1002934
团队跟踪,务时基本面量化1号私募证券投资基金,SVC898,务时基本面量化1号私募证券投资基金,SVC898,厦门务时,,2022-02-23,2022-03-01,招商证券股份有限公司,,每个工作日,否,0%,,A类份额：持有期小于6个月，赎回费率为1%；持有期大等于6个月，赎回费率唯0%。B类份额：0%,,,,0.015,A类份额：1.5%，B类份额：0%,0.025%,0.025%,A类份额：单客户单笔份额高水位法，计提20%。B类份额：0%,5-10亿元,P1061595
团队跟踪,盛冠达泽众进取6号,SVD019,盛冠达泽众进取6号私募证券投资基金,SVD019,海南盛冠达,,2022-06-21,2022-06-27,国泰君安证券股份有限公司,黄灿,,否,,,,,,,0,,,,,20-50亿元,P1001070
团队跟踪,远信策略优选,SVD130,远信策略优选私募证券投资基金,SVD130,珠海远信,,2022-03-03,2022-03-08,中信证券股份有限公司,,,否,,,,,,,0,,,,,100亿元以上,P1029313
团队跟踪,瞰点中证500指增951号,SVD137,瞰点中证500指增951号私募证券投资基金,SVD137,海南瞰点,,2022-03-11,2022-03-16,国泰君安证券股份有限公司,李永明,每周周二、周四,否,1%,1万元起,A类份额：0%。B类份额、C类份额：持有期小于180，赎回费率为1%；持有期大等于180，赎回费率为0%,0.75,无,0.7,0.01,A类份额：0%；B类份额、C类份额：1%；,0.02%,0.02%,A类份额不收取业绩报酬；B类份额业绩报酬的提取比率为17%；C类份额业绩报酬的提取比率为20%。,5-10亿元,P1073910
团队跟踪,锐天平信1000指增1号私募证券投资基金,SVD162,锐天平信1000指增1号私募证券投资基金,SVD162,上海锐天投资,,2022-03-29,2022-04-06,光大证券股份有限公司,,,否,,,,,,,0,,,,,100亿元以上,P1024169
团队跟踪,善流钱塘六号,SVD270,善流钱塘六号私募证券投资基金,SVD270,上海善流投资,,2022-04-08,2022-04-21,国信证券股份有限公司,,,否,,,,,,,0,,,,,0-5亿元,P1066120
团队跟踪,信弘征程18号1期,SVD712,信弘征程18号1期私募证券投资基金,SVD712,北京信弘天禾投资,,2022-03-01,2022-03-10,中信证券股份有限公司,,,否,,,,,,,0,,,,,100亿元以上,P1019933
团队跟踪,虎柒量化CTA麒麟祥瑞一号私募证券投资基金,SVD886,虎柒量化CTA麒麟祥瑞一号私募证券投资基金,SVD886,上海虎柒,,2022-03-01,2022-04-20,中信证券股份有限公司,周正刚,,否,,,,,,,0,,,,,0-5亿元,P1033540
团队跟踪,鸿熵启航稳健1号私募证券投资基金,SVD991,鸿熵启航稳健1号私募证券投资基金,SVD991,北京鸿熵,,2022-03-15,2022-03-23,国信证券股份有限公司,雷宗,,否,,,,,,,0,,,,,0-5亿元,P1008413
团队跟踪,锦徽延风,SVE027,锦徽延风私募证券投资基金,SVE027,上海锦徽,,2022-03-08,2022-03-14,国金证券股份有限公司,,FOF投资产品池,可临开赎回,每个交易日开放,海南锦徽私募基金管理合伙企业（有限合伙）,持有期小于6 个月，赎回费费率为1%；持有期大等于6个月，赎回费费率为0%,,股票多空策略,,0.015,,0.025%,0.025%,16%,5-10亿元,P1074392
团队跟踪,博孚利财鸿1号私募证券投资基金,SVE102,博孚利财鸿1号私募证券投资基金,SVE102,厦门博孚利资管,,2022-03-28,2022-03-28,财通证券股份有限公司,,每个交易日,否,0%,1万元,0%,,无,,0.015,,0.07%,0.03%,不收取业绩报酬,50-100亿元,P1023120
团队跟踪,南方基金闽惠集合资产管理计划,SVE206,南方基金闽惠集合资产管理计划,SVE206,南方基金,,2022-02-28,2022-03-03,上海银行股份有限公司,,,否,,,,,,,0,,,,,,PT0100000002
团队跟踪,臻选神基妙算私募证券投资基金,SVE361,臻选神基妙算私募证券投资基金,SVE361,海南臻选,,2022-03-18,2022-03-23,国泰君安证券股份有限公司,,,否,,,,,,,0,,,,,5-10亿元,P1072693
团队跟踪,国恩优孚CTA多策略7号私募证券投资基金,SVE591,国恩优孚CTA多策略7号私募证券投资基金,SVE591,深圳国恩资本,,2022-03-28,2022-03-28,国泰君安证券股份有限公司,,每周周二、周四,否,0%,,0%,0.75,无,0.65,0.015,,0.025%,0.025%,20%,20-50亿元,P1065467
团队跟踪,悬铃可转债量化一号私募证券投资基金,SVE725,悬铃可转债量化一号私募证券投资基金,SVE725,上海悬铃,,2022-03-07,2022-03-10,招商证券股份有限公司,,,否,,,,,,,0,,,,,10-20亿元,P1064634
团队跟踪,泰聚成长二期私募证券投资基金,SVE760,泰聚成长二期私募证券投资基金,SVE760,深圳泰聚,,2022-04-11,2022-04-18,中信证券股份有限公司,张宪强、徐景榆,,否,,,,,,,0,,,,,5-10亿元,P1073052
团队跟踪,鋆晟狮王套利9号私募证券投资基金,SVE774,鋆晟狮王套利9号私募证券投资基金,SVE774,上海鋆晟投资,,2022-03-30,2022-04-02,兴业证券股份有限公司,,,否,,,,,,,0,,,,,0-5亿元,P1028385
团队跟踪,子辰盛丰指数增强三号私募证券投资基金,SVE786,子辰盛丰指数增强三号私募证券投资基金,SVE786,北京子辰,,2022-03-10,2022-03-15,国泰君安证券股份有限公司,,,否,,,,,,,0,,,,,5-10亿元,P1072428
团队跟踪,子辰盛丰量化对冲一号私募证券投资基金,SVE788,子辰盛丰量化对冲一号私募证券投资基金,SVE788,北京子辰,,2022-03-10,2022-03-15,国泰君安证券股份有限公司,,,否,,,,,,,0,,,,,5-10亿元,P1072428
团队跟踪,博孚利东山晓旭私募证券投资基金,SVE814,博孚利东山晓旭私募证券投资基金,SVE814,厦门博孚利资管,,2022-03-18,2022-03-18,国泰君安证券股份有限公司,,每周一、周三和周五,可临开赎回,A份额：1%；B份额0%,1万元的整数倍,0%,,无,,0.012,A类份额：1.2%；B类份额：0%,0.015%,0.015%,A类份额：高水位法，计提绝对收益的10%。B类份额：不收取业绩报酬。,50-100亿元,P1023120
团队跟踪,华软新动力精选指数增强7号私募证券投资基金,SVE953,华软新动力精选指数增强7号私募证券投资基金,SVE953,北京华软新动力,,2022-03-14,2022-03-14,光大证券股份有限公司,,,否,,,,,,,0,,,,,50-100亿元,P1000997
团队跟踪,泰舜望山远行私募证券投资基金,SVF039,泰舜望山远行私募证券投资基金,SVF039,北京泰舜资管,,2022-04-22,2022-04-26,国泰君安证券股份有限公司,,申购：每个交易日；赎回：每年每月每个周一、三、五，遇节假日顺延,可临开赎回,B类份额：1%,每次追加申购的最低金额为10万元人民币。,"持有期限<365天：1%
持有期限≥365天：0%",,成立后180天（已结束）。,,0.015,B类份额：1.5%/年,0.025%/年,0.025%/年,B类份额：单人单笔高水位法，针对收益0%以上的部分计提20%业绩报酬,5-10亿元,P1061472
团队跟踪,草本优益2号私募证券投资基金,SVF042,草本优益2号私募证券投资基金,SVF042,广州草本投资,,2022-03-22,2022-03-23,广发证券股份有限公司,刘智勇、曹登雷,每周一（节假日可顺延）,可临开赎回,1%（已减免）,每次追加申购的金额应不低于1万元人民币,＜1年：1%,0.85,无,0.8,0.01,,0.05%,0.05%,,20-50亿元,P1013786
团队跟踪,鼎一兑弈聚配一号,SVF054,鼎一兑弈聚配一号私募证券投资基金,SVF054,深圳前海鼎一,,2022-03-17,2022-03-24,中信证券股份有限公司,刘宗钰,,否,,,,,,,0,,,,,10-20亿元,P1030725
团队跟踪,泓赫股票精选,SVF076,泓赫股票精选私募证券投资基金,SVF076,上海泓赫投资,,2022-06-27,2022-06-30,国泰君安证券股份有限公司,杨雨龙,,否,,,,,,,0,,,,,0-5亿元,P1070288
团队跟踪,千衍红橡六和5号私募证券投资基金,SVF186,千衍红橡六和5号私募证券投资基金,SVF186,上海千衍,,2022-08-22,2022-08-25,中信证券股份有限公司,,每自然月第10个自然日为开放日。如该对应日为非工作日，则开放日为该日后的第一个工作日。,可临开申购,B类份额：0,每次追加申购的最低金额为10万元人民币。,0,0.8,成立后180天（已结束）。,0.75,0,B类份额：0.5%/年,0.025%/年,0.025%/年,"B类份额：单人单笔高水位法，针对收益0%以上的部分计提10%业绩报酬
本基金业绩报酬计提日为：封闭期过后，每年1月及7月的最后一个交易日，基金份额持有人实际赎回基金份额时（包含全部赎回，部分赎回）、基金终止日。",100亿元以上,P1009640
团队跟踪,永利10号私募证券投资基金,SVF213,永利10号私募证券投资基金,SVF213,浙江钱唐永利资管,,2022-03-28,2022-03-28,兴业证券股份有限公司,,申购开放日：每个自然月第7个交易日及每个自然年最后一个交易日；赎回开放日：每个自然季度末月（即 3 月、6 月、9 月、12 月）的 22 日,否,0%,,0%,0.85,,0.8,0.01,,,,"当 0≤R≤25%时，提取 20%作为业绩报酬； 
当 25%＜R 时，对年化收益 0%-25%的收益部分提取 20%以及超过 25%的收益部分提取 30%作为业绩报酬。",50-100亿元,P1071364
团队跟踪,复利瓴宇财道1号3期私募证券投资基金,SVF299,复利瓴宇财道1号3期私募证券投资基金,SVF299,上海复利投资,,2022-03-07,2022-03-10,招商证券股份有限公司,商凌宇,申购开放日为：每个工作日；赎回日开放日为：每月5号、20号,否,1%,,0%,,,0.85,0,A类份额：0%；B类份额：1%,0.025%,0.025%,A类份额：0%；B类份额：10%,0-5亿元,P1020564
团队跟踪,橡木望江二号,SVF475,橡木望江二号私募证券投资基金,SVF475,杭州橡木,,2022-03-14,2022-03-14,国泰君安证券股份有限公司,梁威,每个交易日开放申购，每周最后一个交易日开放赎回。,可临开赎回,1%，可免,1万元起,0%,,无,,0.01,无, 0.025%, 0.025%,单个投资者单笔高水位净值法：计提比例20%。,50-100亿元,P1068698
团队跟踪,国金证券城泰1号FOF单一资产管理计划,SVF489,国金证券城泰1号FOF单一资产管理计划,SVF489,,厦门博孚利资管,2022-03-04,2022-03-07,长城证券股份有限公司,,,否,,,,,,,0.001,固定投资顾问服务费：0.2%,0.03%,0%,不计提业绩报酬,,
团队跟踪,瑞桐玖奕磐石六号私募证券投资基金,SVF596,瑞桐玖奕磐石六号私募证券投资基金,SVF596,杭州瑞桐,,2022-04-14,2022-04-20,国泰君安证券股份有限公司,,,否,,,,,,,0,,,,,0-5亿元,P1069407
团队跟踪,澜熙趋势先锋2号私募证券投资基金,SVF669,澜熙趋势先锋2号私募证券投资基金,SVF669,上海澜熙资管,,2022-03-18,2022-03-24,国泰君安证券股份有限公司,,,否,,,,,,,0,,,,,5-10亿元,P1062538
团队跟踪,国承资产-神农一号私募证券投资基金,SVF801,国承资产-神农一号私募证券投资基金,SVF801,北京国承资管,,2022-03-21,2022-03-28,国泰君安证券股份有限公司,,申购开放日为每周周五，赎回开放日为每季度末月（3月、6月、9月和12月）最后一个交易日,否,0%,,0%,0.88,无,0.85,0.01,,0.025%,0.025%,20%,0-5亿元,P1026448
团队跟踪,嘉鸿璞真6号私募证券投资基金,SVG092,嘉鸿璞真6号私募证券投资基金,SVG092,上海嘉鸿,,2023-01-12,2023-01-17,兴业证券股份有限公司,,,否,,,,,,,0,,,,,50-100亿元,P1068812
团队跟踪,泽善量化精选1号,SVG113,泽善量化精选1号私募证券投资基金,SVG113,广东泽善投资,,2022-03-15,2022-03-18,华鑫证券有限责任公司,,每周周二,否,0%,,0%,0.8,无,0.75,0.01,,0.02%,0.015%,30%,5-10亿元,P1070852
团队跟踪,朗坤鸿志量化2号私募证券投资基金,SVG129,朗坤鸿志量化2号私募证券投资基金,SVG129,福州朗坤,,2022-03-30,2022-04-02,华泰证券股份有限公司,黄世聪、阮光良,,否,,,,,,,0,,,,,0-5亿元,P1070827
团队跟踪,倍致多资产2号,SVG180,倍致多资产2号私募证券投资基金,SVG180,杭州倍致,,2022-05-17,2022-05-24,国泰君安证券股份有限公司,,,否,,,,,,,0,,,,,50-100亿元,P1073143
团队跟踪,臻瓴致远稳健定投1号私募证券投资基金,SVG286,臻瓴致远稳健定投1号私募证券投资基金,SVG286,苏州臻瓴,,2022-03-09,2022-03-17,兴业证券股份有限公司,,,否,,,,,,,0,,,,,0-5亿元,P1072665
团队跟踪,极量巨浪FOF私募证券投资基金,SVG299,极量巨浪FOF私募证券投资基金,SVG299,共青城极量投资,,2022-09-15,2022-09-21,招商证券股份有限公司,,每个工作日,否,1%,,A类份额：持有期小于12个月，赎回费率为1%；持有期小于12个月，赎回费率为0%,,,,0.01,A类份额：1%，B类份额：0%,0.025%,,A类份额：10%，B类份额：0%,10-20亿元,P1071373
团队跟踪,悦海盈和1000指数增强1号,SVG537,悦海盈和1000指数增强1号私募证券投资基金,SVG537,青岛悦海盈和,,2022-03-23,2022-03-29,招商证券股份有限公司,王江宁、张萌,,否,,,,,,,0,,,,,100亿元以上,P1070936
团队跟踪,品责七号,SVG595,品责七号私募证券投资基金,SVG595,上海品责资产,,2022-03-15,2022-03-18,招商证券股份有限公司,,,否,,,,,,,0,,,,,5-10亿元,P1020138
团队跟踪,数为道策套利八号私募证券投资基金,SVG601,数为道策套利八号私募证券投资基金,SVG601,福州数为,,2022-09-28,2022-10-18,国投证券股份有限公司,,,否,,,,,,,0,,,,,0-5亿元,P1064166
团队跟踪,香农中性对冲1号私募证券投资基金,SVG604,香农中性对冲1号私募证券投资基金,SVG604,海南三亚香农,,2022-03-30,2022-04-02,东方证券股份有限公司,,,否,,,,,,,0,,,,,20-50亿元,P1072386
团队跟踪,禾晖安德私募证券投资基金,SVG636,禾晖安德私募证券投资基金,SVG636,上海禾晖善投资管,,2022-08-31,2022-09-23,国泰君安证券股份有限公司,,,否,,,,,,,0,,,,,0-5亿元,P1001789
团队跟踪,捷荆天策10号,SVG807,捷荆天策10号私募证券投资基金,SVG807,浙江捷荆,,2022-04-08,2022-04-14,兴业证券股份有限公司,邵益,每周周一、周三、周五,可临开赎回,A类份额：0%， B类份额：1%,,A类份额：0%。 B类份额：持有期小于90天，赎回费率为1%；持有期大等于90天，赎回费率为0%,0.95,无,0.9,0.01,A类份额：0.5%，B类份额：1%,0.025%,,单个基金份额持有人单笔投资高水位净值法，A类份额：10%，B类份额：20%,0-5亿元,P1065132
团队跟踪,佳岳-实投聚配2号,SVG861,佳岳-实投聚配2号私募证券投资基金,SVG861,海南佳岳,,2022-03-23,2022-03-30,招商证券股份有限公司,,,否,,,,,,,0,,,,,20-50亿元,P1064142
团队跟踪,汇利玖奕6号私募证券投资基金,SVG908,汇利玖奕6号私募证券投资基金,SVG908,上海汇利资管,,2022-03-14,2022-03-22,申万宏源证券有限公司,,每个交易日,可临开赎回,0%,,0%,,,,0,A 类份额：1%；B类份额：0%,0.025%,0.025%,A 类份额：收益率在 0%之内时，不计提；当收益率大于 0%时，超出部分计提比例为 40%，即E=K*（R-【0】%）* 【40】%。B类份额不收取业绩报酬,0-5亿元,P1000313
团队跟踪,华钧开曜1期私募证券投资基金,SVG926,华钧开曜1期私募证券投资基金,SVG926,北京华钧广汇投资,,2022-03-22,2022-04-19,中信证券股份有限公司,,,否,,,,,,,0,,,,,10-20亿元,P1067480
团队跟踪,信朴量思返璞聚配21号,SVH016,信朴量思返璞聚配21号私募证券投资基金,SVH016,北京信朴量思投资,,2022-03-16,2022-03-16,招商证券股份有限公司,,每周周五,可临开赎回,1%,,持有期小于3个月，赎回费率为1%；持有期大等于3个月，赎回费率为0%,0.8,无,0.75,0.01,,0.05%,0.05%,"高水位净值法，16%；
计提日基准日：固定时点提取、赎回时提取以及合同中止时提取，固定时点为每年最后一个交易日。",0-5亿元,P1032649
团队跟踪,小黑妞中证1000指数增强1号私募证券投资基金,SVH060,小黑妞中证1000指数增强1号私募证券投资基金,SVH060,上海小黑妞资管,,2022-03-21,2022-03-21,招商证券股份有限公司,,,否,,,,,,,0,,,,,20-50亿元,P1011010
团队跟踪,广州量化智鑫500指数增强1号私募证券投资基金,SVH080,广州量化智鑫500指数增强1号私募证券投资基金,SVH080,广州量化基金,,2022-03-24,2022-03-29,华鑫证券有限责任公司,朱仁杰,每个交易日,否,0%,,0%,,无,,0.001,,0.025%,0.025%,"Ri,j≤0，不计提业绩报酬；
0＜Ri,j＜r500+4.75% ，不计提业绩报酬；
0≤r500+4.75%≤Ri,j，计提40%；
r500+4.75%＜0＜Ri,j，计提40%；",0-5亿元,P1063249
团队跟踪,理博万象7号私募证券投资基金,SVH438,理博万象7号私募证券投资基金,SVH438,杭州理博,,2022-03-31,2022-04-07,国泰君安证券股份有限公司,王黎,每周最后一个交易日,否,,,,,,0.75,0,,,,,0-5亿元,P1072890
团队跟踪,华软新动力精选指数增强8号私募证券投资基金,SVH526,华软新动力精选指数增强8号私募证券投资基金,SVH526,北京华软新动力,,2022-03-25,2022-03-25,光大证券股份有限公司,,,否,,,,,,,0,,,,,50-100亿元,P1000997
团队跟踪,四时之言1号私募证券投资基金,SVH545,四时之言1号私募证券投资基金,SVH545,青岛四时,,2022-03-29,2022-04-07,中信证券股份有限公司,,每周周五,否,0%,10万元起,持有期小于90天，赎回费率为1%；持有期大等于90天，赎回费率为0%,0.92,,0.9,0.01,A类份额：1%；  B类份额：0%,0.015%,0.015%,A类份额：年化收益4%以下不收费，年化收益4%以上所有收益按照20%的比例计提业绩报酬；B类份额：不计提业绩报酬。,0-5亿元,P1070945
团队跟踪,东恺多资产ETF轮动一号,SVH596,东恺多资产ETF轮动一号私募证券投资基金,SVH596,上海东恺投资,,2022-03-23,2022-03-31,中信证券股份有限公司,,,否,,,,,,,0,,,,,10-20亿元,P1069560
团队跟踪,思勰投资安盈二号私募证券投资基金,SVH638,思勰投资安盈二号私募证券投资基金,SVH638,上海思勰投资,,2022-03-30,2022-04-07,华安证券股份有限公司,,,否,,,,,,,0,,,,,100亿元以上,P1032873
团队跟踪,渡苇北洋1号A期私募证券投资基金,SVH757,渡苇北洋1号A期私募证券投资基金,SVH757,深圳渡苇,,2022-06-01,2022-06-08,招商证券股份有限公司,,,否,,,,,,,0,,,,,0-5亿元,P1016672
团队跟踪,永利晨曦1号,SVH770,永利晨曦1号私募证券投资基金,SVH770,浙江钱唐永利资管,,2022-05-13,2022-05-13,国泰君安证券股份有限公司,卜成香,每自然月第10个自然日为开放日。如该对应日为非工作日，则开放日为该日后的第一个工作日。,可临开申购,B类份额：0,每次追加申购的最低金额为10万元人民币。,0,0.8,成立后180天（已结束）。,0.75,0,B类份额：0.5%/年,0.025%/年,0.025%/年,"B类份额：单人单笔高水位法，针对收益0%以上的部分计提10%业绩报酬
本基金业绩报酬计提日为：封闭期过后，每年1月及7月的最后一个交易日，基金份额持有人实际赎回基金份额时（包含全部赎回，部分赎回）、基金终止日。",50-100亿元,P1071364
团队跟踪,量派国证2000增强28号,SVH784,量派国证2000增强28号私募证券投资基金,SVH784,上海量派投资,,2022-08-15,2022-08-18,招商证券股份有限公司,,每个工作日,否,A类份额：1%；B类份额：0%,,A类份额：持有期小于6个月，赎回费率为1%；持有期大等于6个月，赎回费率为0%。B类份额：0%,,无,,0.01,A类份额：1%；B类份额：0%,0.025%,0.025%,对标国证 2000 指数超额部分计提20%,100亿元以上,P1071253
团队跟踪,汉盛晓希1号,SVH952,汉盛晓希1号私募证券投资基金,SVH952,上海汉鸿,,2022-03-21,2022-03-24,兴业证券股份有限公司,杨正豪,本基金自成立之日起每周三开放申购和赎回（遇非交易日顺延至本周的下一个交易日，若本周无交易日可顺延，则不再顺延至下周，即本周不进行开放）。,可临开赎回,0,每次追加申购金额（含申购费）不少于 1 万元 人民币,0,0.8,,0.75,0.01,本基金的管理费按基金资产净值的 1％年费率计提,0.004%/年,0.004%/年,业绩报酬的计算采取“单客户单笔份额高水位法”：当基金份额赎回、基金终止或分红时，管理人将提取赎回份额或分红份额当期收益的20%作为业绩报酬。,10-20亿元,P1072580
团队跟踪,时间序列红橡多策略套利一号私募证券投资基金,SVH992,时间序列红橡多策略套利一号私募证券投资基金,SVH992,青岛时间序列资管,,2022-04-21,2022-04-28,中泰证券股份有限公司,,每周周五,否,0%,,0%,0.9,无,0.85,0,A类份额：0%；B类份额：1%,0.025%,0.025%,A类份额：0%；B类份额：计提0%以上整体收益的20%,10-20亿元,P1071639
团队跟踪,靖戈量化平稳对冲一号私募证券投资基金,SVJ114,靖戈量化平稳对冲一号私募证券投资基金,SVJ114,上海靖戈,,2022-03-30,2022-04-07,中信证券股份有限公司,欧阳秋宝,,否,,,,,,,0,,,,,20-50亿元,P1072274
团队跟踪,玉数涵瑞沪深300指数增强1号私募证券投资基金,SVJ152,玉数涵瑞沪深300指数增强1号私募证券投资基金,SVJ152,上海玉数投资,,2022-10-28,2022-11-03,中信建投证券股份有限公司,赵俊辰,,否,,,,,,,0,,,,,10-20亿元,P1065673
团队跟踪,明道元吉对冲1号私募证券投资基金,SVJ282,明道元吉对冲1号私募证券投资基金,SVJ282,台州明道,,2022-05-06,2022-05-10,招商证券股份有限公司,,,否,,,,,,,0,,,,,0-5亿元,P1073090
团队跟踪,天戈冠群一号私募证券投资基金,SVJ392,天戈冠群一号私募证券投资基金,SVJ392,上海天戈投资,,2022-03-30,2022-04-12,招商证券股份有限公司,,,否,,,,,,,0,,,,,5-10亿元,P1008509
团队跟踪,玄信鑫瑞1号私募证券投资基金,SVJ421,玄信鑫瑞1号私募证券投资基金,SVJ421,上海玄信投资,,2022-03-30,2022-04-06,中信建投证券股份有限公司,,,否,,,,,,,0,,,,,50-100亿元,P1064551
团队跟踪,珠池鑫财CTA策略FOF1号私募证券投资基金,SVJ461,珠池鑫财CTA策略FOF1号私募证券投资基金,SVJ461,上海珠池资管,,2022-04-28,2022-05-09,招商证券股份有限公司,,,否,,,,,,,0,,,,,50-100亿元,P1014451
团队跟踪,翰荣天秤量化对冲一号,SVJ517,翰荣天秤量化对冲一号私募证券投资基金,SVJ517,深圳翰荣,,2022-04-06,2022-04-11,国信证券股份有限公司,贺杰、聂守华,每周周五,可临开赎回,0%,1万元起,0%,0.9,无,0.85,0.01,,0.025%,0.025%,年化收益>0%的部分，20%,50-100亿元,P1063371
团队跟踪,国优卷柏牛牛5号私募证券投资基金,SVJ592,国优卷柏牛牛5号私募证券投资基金,SVJ592,天津国优,,2022-04-01,2022-04-07,国泰君安证券股份有限公司,,每自然月第10个自然日为开放日。如该对应日为非工作日，则开放日为该日后的第一个工作日。,可临开申购,B类份额：0,每次追加申购的最低金额为10万元人民币。,0,0.8,成立后180天（已结束）。,0.75,0,B类份额：0.5%/年,0.025%/年,0.025%/年,"B类份额：单人单笔高水位法，针对收益0%以上的部分计提10%业绩报酬
本基金业绩报酬计提日为：封闭期过后，每年1月及7月的最后一个交易日，基金份额持有人实际赎回基金份额时（包含全部赎回，部分赎回）、基金终止日。",5-10亿元,P1065232
团队跟踪,博孚利涌金7号私募证券投资基金,SVJ634,博孚利涌金7号私募证券投资基金,SVJ634,厦门博孚利资管,,2022-04-21,2022-04-21,国泰君安证券股份有限公司,,每个交易日,否,0%,1万元起,0%,,无,,0.015,,0.015%,0.015%,门槛收益率法，年化30%以上计提60%,50-100亿元,P1023120
团队跟踪,博孚利梅寺晨钟私募证券投资基金,SVJ635,博孚利梅寺晨钟私募证券投资基金,SVJ635,厦门博孚利资管,,2022-04-18,2022-04-18,国泰君安证券股份有限公司,,申购开放日：每周周二、周四，遇非顺延；赎回开放日：无。,否,1%,1万元起,0%,,无,,0.015,2023.12.11开始降到1%,0.015%,0.015%,不计提业绩报酬,50-100亿元,P1023120
团队跟踪,博孚利西湖水镜私募证券投资基金,SVJ636,博孚利西湖水镜私募证券投资基金,SVJ636,厦门博孚利资管,,2022-03-31,2022-03-31,国泰君安证券股份有限公司,,每个交易日,否,0.5%,1万元起,0%,,无,,0.005,,0.015%,0.015%,高水位法，计提绝对收益的15%,50-100亿元,P1023120
团队跟踪,博孚利南山松柏私募证券投资基金,SVJ637,博孚利南山松柏私募证券投资基金,SVJ637,厦门博孚利资管,,2022-04-08,2022-04-08,国泰君安证券股份有限公司,,每个交易日,否,1%,1 万元,0%,,无,,0.015,,0.015%,0.015%,不计提业绩报酬,50-100亿元,P1023120
团队跟踪,博孚利木兰春涨私募证券投资基金,SVJ639,博孚利木兰春涨私募证券投资基金,SVJ639,厦门博孚利资管,,2022-04-06,2022-04-06,国泰君安证券股份有限公司,,申购开放日：每周周一、周三和周五；赎回开放日：无,否,1%,1万元起,0%,,无,,0.015,,0.015%,0.015%,不计提业绩报酬,50-100亿元,P1023120
团队跟踪,博孚利钟潭噌响私募证券投资基金,SVJ640,博孚利钟潭噌响私募证券投资基金,SVJ640,厦门博孚利资管,,2022-04-26,2022-04-26,国泰君安证券股份有限公司,,每日开放,否,1%,1万元起,0%,,无,,0.015,,0.015%,0.015%,不计提业绩报酬,50-100亿元,P1023120
团队跟踪,博孚利柳桥春晓私募证券投资基金,SVJ642,博孚利柳桥春晓私募证券投资基金,SVJ642,厦门博孚利资管,,2022-04-14,2022-04-14,国泰君安证券股份有限公司,,每周周一、周三和周五,否,1%,1万元起,0%,,无,,0.01,保底10万,0.015%,0.015%,不计提业绩报酬,50-100亿元,P1023120
团队跟踪,锦徽鑫科500指增私募证券投资基金,SVJ727,锦徽鑫科500指增私募证券投资基金,SVJ727,上海锦徽,,2022-03-28,2022-04-07,华鑫证券有限责任公司,,每个交易日,否,0%,,0%,,无,,0.001,,0.025%,0.025%,管理人对期间中证超额4.75%的部分提取40%作为业绩报酬,5-10亿元,P1074392
团队跟踪,裕丰惠达4号私募证券投资基金,SVJ858,裕丰惠达4号私募证券投资基金,SVJ858,上海裕丰惠达,,2023-02-17,2023-02-24,国泰君安证券股份有限公司,,每周周一、周三和周五,可临开赎回,0%,,0%,,无,,0.01,,0.015%,0.015%,"计提基准日：每年6月和12月的最后一个周五（固定日，但封闭期及锁定期（如有）除外，如遇非交易日则顺延至下一交易日）、投资者赎回日、分红权益登记日、基金清算日。
对超过上次成功计提基准日基金份额累计净值部分按20%比例进行计提。",5-10亿元,P1073106
团队跟踪,开思港股通中国红利私募证券投资基金,SVK053,开思港股通中国红利私募证券投资基金,SVK053,上海开思,,2022-06-09,2022-06-10,中信建投证券股份有限公司,陈京伟,每个工作日,否,0%,10万元起,0%,,无,,0.01,A类份额：0%，B类份额：1% ，C类份额：0.8%,,,A类份额：0%，B类份额：15% ，C类份额：12%,100亿元以上,P1032176
团队跟踪,博孚利涵盈9号私募证券投资基金,SVK088,博孚利涵盈9号私募证券投资基金,SVK088,厦门博孚利资管,,2022-04-13,2022-04-13,招商证券股份有限公司,,每周周五,可临开赎回,0%,1万元起,0%,,无,,0.008,,0.02%,0.02%,高水位法，计提绝对收益的10%,50-100亿元,P1023120
团队跟踪,一马金品量化1号,SVK123,一马金品量化1号私募证券投资基金,SVK123,宁波梅山保税港区一马,,2022-06-27,2022-06-30,光大证券股份有限公司,,每月20日,否,0%,10万元起,0%,,,,0.002,,0.05%,0.05%,"管理人提取基金份额当期（指上一次已提取了业绩报酬的业绩报酬提取日
至本业绩报酬计提日，如该份额未提取过业绩报酬，则为基金成立日（认购份额）或该份额申购对应开放日（申购份额）至本业绩报酬计提日）收益的 30%作为业绩报酬。
计提基准日：固定时点提取是在每年 3 月、6 月、9 月、12 月的 20 日（如遇非工作日，则自动顺延至下一个工作日），以固定时点的基金份额净值与基金累计净值作为计提基准。",0-5亿元,P1033767
团队跟踪,泛涵泰阳3号私募证券投资基金,SVK134,泛涵泰阳3号私募证券投资基金,SVK134,北京泛涵投资,,2022-04-12,2022-04-15,中信建投证券股份有限公司,,,否,,,,,,,0.01,,,,20%,5-10亿元,P1004911
团队跟踪,量道投资-招享锐进兵法6号私募证券投资基金,SVK162,量道投资-招享锐进兵法6号私募证券投资基金,SVK162,深圳量道投资,,2022-04-01,2022-04-06,招商银行股份有限公司,,,否,,,（可金额赎回）,,,,0,,,,,100亿元以上,P1016658
团队跟踪,量道投资-招享锐进富祥6号私募证券投资基金,SVK165,量道投资-招享锐进富祥6号私募证券投资基金,SVK165,深圳量道投资,,2022-04-01,2022-04-06,招商银行股份有限公司,,"每周三、周四、周五，每月最后一个交易日
",可临开赎回,0%,1万元起,0%（可金额赎回）,0.65,无,0.6,0,,0.03%,0.03%,20%,100亿元以上,P1016658
团队跟踪,托特中证1000指数增强1号,SVK180,托特中证1000指数增强1号私募证券投资基金,SVK180,三亚托特,,2022-04-07,2022-04-15,华泰证券股份有限公司,张登、邢亚杰,,否,,,,,,,0,,,,,100亿元以上,P1073258
团队跟踪,托特中证500指数增强2号,SVK186,托特中证500指数增强2号私募证券投资基金,SVK186,三亚托特,,2022-04-08,2022-04-14,招商证券股份有限公司,张登、邢亚杰,每周周三、周五,否,0%,1万起,0%,,无,,0.008,,0.02%,,中证500基准以上的18%,100亿元以上,P1073258
团队跟踪,托特市场中性1号,SVK190,托特市场中性1号私募证券投资基金,SVK190,三亚托特,,2022-07-27,2022-08-01,中信建投证券股份有限公司,张登、邢亚杰,每周周三、周五,否,0%,1万元起,0%,0.92,无,0.9,0.01,,0.015%,0.015%,业绩报酬计提采取单客户单笔份额高水位法，在基金份额持有人赎回、分红和基金终止时计提业绩报酬。计提比例为20%。,100亿元以上,P1073258
团队跟踪,托特CTA1号,SVK193,托特CTA1号私募证券投资基金,SVK193,三亚托特,,2022-04-07,2022-04-14,华泰证券股份有限公司,,,否,,,,,,,0,,,,,100亿元以上,P1073258
团队跟踪,测度CTA多策略2号私募证券投资基金,SVK207,测度CTA多策略2号私募证券投资基金,SVK207,北京测度,,2022-03-31,2022-04-08,招商证券股份有限公司,,申购开放日为每个自然周周二，赎回开放日为每个自然月的第 4 个周二,否,0%,,0%,0.8,6个月,0.75,0.01,,0.01%,0.01%,当 R>0％时，对超过0%的收益部分提取 20%的业绩报酬,10-20亿元,P1073024
团队跟踪,量盈量化指增3号私募证券投资基金,SVK276,量盈量化指增3号私募证券投资基金,SVK276,浙江量盈投资,,2022-04-08,2022-04-13,华鑫证券有限责任公司,,每个交易日,否,0%,,0%,,,,0.001,,0.025%,0.025%,管理人对期间中证超额4.75%的部分提取40%作为业绩报酬,50-100亿元,P1068580
团队跟踪,理博红橡中性1号,SVK321,理博红橡中性1号私募证券投资基金,SVK321,杭州理博,,2022-04-13,2022-04-25,中泰证券股份有限公司,,,否,,,,,,0.8,0,,,,,0-5亿元,P1072890
团队跟踪,理博飞天2号私募证券投资基金,SVK324,理博飞天2号私募证券投资基金,SVK324,杭州理博,,2023-01-06,2023-01-11,中信证券股份有限公司,,每自然月第10个自然日为开放日。如该对应日为非工作日，则开放日为该日后的第一个工作日。,可临开申购,B类份额：0,每次追加申购的最低金额为10万元人民币。,0,0.8,成立后180天（已结束）。,0.75,0,B类份额：0.5%/年,0.025%/年,0.025%/年,"B类份额：单人单笔高水位法，针对收益0%以上的部分计提10%业绩报酬
本基金业绩报酬计提日为：封闭期过后，每年1月及7月的最后一个交易日，基金份额持有人实际赎回基金份额时（包含全部赎回，部分赎回）、基金终止日。",0-5亿元,P1072890
团队跟踪,锐联多元化旗舰五号私募证券投资基金,SVK452,锐联多元化旗舰五号私募证券投资基金,SVK452,上海锐联景淳投资,,2023-06-14,2023-07-13,海通证券股份有限公司,,每周最后一个交易日,否,无,,无,,,,0.01,,国泰君安,,r＞5%，R20%,20-50亿元,P1015682
团队跟踪,盖亚青柯红橡中性1号私募证券投资基金,SVK789,盖亚青柯红橡中性1号私募证券投资基金,SVK789,海南盖亚青柯,,2022-04-22,2022-04-29,中泰证券股份有限公司,,,否,,,,,,,0,,,,,20-50亿元,P1072468
团队跟踪,善择稳进10号私募证券投资基金,SVK908,善择稳进10号私募证券投资基金,SVK908,深圳善择,,2022-04-13,2022-04-18,华泰证券股份有限公司,杨萍,,否,,,,,,,0,,,,,50-100亿元,P1073481
团队跟踪,罗维盈安启航共赢3号,SVK933,罗维盈安启航共赢3号私募证券投资基金,SVK933,宁波罗维盈安投资,,2022-04-25,2022-05-06,国泰君安证券股份有限公司,,每周周五，如遇非交易日，则顺延至下一交易日,否,,,,,,,0,,,,,10-20亿元,P1069532
团队跟踪,磐松臻选市场中性1号,SVK999,磐松臻选市场中性1号私募证券投资基金,SVK999,上海磐松,,2022-04-14,2022-04-20,华鑫证券有限责任公司,,每个交易日,否,0%,,0%,,,,0.001,,0.025%,0.025%,"0＜Ri,j＜r500+4.75%，不计提业绩报酬；
0≤r500+4.75%≤Ri,j，计提40%；
r500+4.75%＜0＜Ri,j，计提40%。
计提基准日：赎回申请对应的开放日、基金终止日、固定时点（每季度最后一个交易日）",100亿元以上,P1074204
团队跟踪,富纳清竹稳健2号私募证券投资基金,SVL013,富纳清竹稳健2号私募证券投资基金,SVL013,北京富纳投资,,2022-04-07,2022-04-11,华泰证券股份有限公司,,,否,,,,,,,0,,,,,20-50亿元,P1062541
团队跟踪,博孚利兼贝尊享29号私募证券投资基金,SVL090,博孚利兼贝尊享29号私募证券投资基金,SVL090,厦门博孚利资管,,2022-04-13,2022-04-13,国泰君安证券股份有限公司,,每周周一、周三、周五,可临开赎回,0%,1万元起,0%,,无,,0,,0.025%,0.025%,不计提业绩报酬,50-100亿元,P1023120
团队跟踪,上国象量化CTA二号,SVL251,上国象量化CTA二号私募证券投资基金,SVL251,北京上国象,,2022-04-12,2022-04-18,中信证券股份有限公司,刘润聪、窦志鑫,每周周一,否,0%,,0%,,,,0.01,1%,0.02%,0.02%,对期间实际收益率超过0%以上部分按照20%的比例收取业绩报酬,5-10亿元,P1072415
团队跟踪,贞元顺安私募证券投资基金,SVL285,贞元顺安私募证券投资基金,SVL285,武汉贞元投资,,2022-05-12,2022-05-17,招商证券股份有限公司,,每自然周的周三（遇法定节假日则顺延至下一工作日）,可临开赎回,无,,无,,无,,0,1.00%,0.0250%,,在固定计提基准日（每自然季度第三个周三（如遇节假日则顺延至下一个工作日））、投资者赎回日、基金终止日计提，对超过上次成功计提基准日基金份额累计净值部分按20%比例进行计提。其中固定计提是通过扣减各类基金份额持有人持有份额的方式提取。,5-10亿元,P1070352
团队跟踪,测度CTA量化1号私募证券投资基金,SVL366,测度CTA量化1号私募证券投资基金,SVL366,北京测度,,2022-04-15,2022-04-20,国泰君安证券股份有限公司,,,否,,,,,,,0,,,,,10-20亿元,P1073024
团队跟踪,德贝中证1000指数增强1号私募证券投资基金,SVL369,德贝中证1000指数增强1号私募证券投资基金,SVL369,上海德贝,,2022-04-22,2022-04-28,国泰君安证券股份有限公司,马俊,每自然月第10个自然日为开放日。如该对应日为非工作日，则开放日为该日后的第一个工作日。,可临开申购,B类份额：0,每次追加申购的最低金额为10万元人民币。,0,0.8,成立后180天（已结束）。,0.75,0,B类份额：0.5%/年,0.025%/年,0.025%/年,"B类份额：单人单笔高水位法，针对收益0%以上的部分计提10%业绩报酬
本基金业绩报酬计提日为：封闭期过后，每年1月及7月的最后一个交易日，基金份额持有人实际赎回基金份额时（包含全部赎回，部分赎回）、基金终止日。",100亿元以上,P1071472
团队跟踪,香农500指增3号,SVL378,香农500指增3号私募证券投资基金,SVL378,海南三亚香农,,2022-05-10,2022-06-07,国泰君安证券股份有限公司,,,否,,,,,,,0,,,,,20-50亿元,P1072386
团队跟踪,华泰期货FOF9号集合资产管理计划,SVL435,华泰期货FOF9号集合资产管理计划,SVL435,华泰期货,,2022-06-09,2022-06-14,招商银行股份有限公司,,,否,,,,,,,0,,,,,,PT0500011867
团队跟踪,博孚利青璜2号,SVL530,博孚利青璜2号私募证券投资基金,SVL530,厦门博孚利资管,,2022-04-12,2022-04-12,招商证券股份有限公司,,每周周二、周四,可临开赎回,0%,1万元起,A份额：6个月内1%赎回费，管理人可免；B份额：0%,0.95,无,0.92,0.01,A类份额：1%；B类份额：0%,0.02%,0.02%,A类份额：门槛收益率法，年化10%以上计提15%；B类份额：0%,50-100亿元,P1023120
团队跟踪,北京雪球长雪宏观对冲,SVL590,北京雪球长雪宏观对冲私募证券投资基金,SVL590,北京雪球,,2022-04-22,2022-04-28,中信证券股份有限公司,,,否,,,,,,,0,,,,,50-100亿元,P1025556
团队跟踪,汇富联合日盈7号私募证券投资基金,SVL625,汇富联合日盈7号私募证券投资基金,SVL625,深圳前海汇富联合,,2022-04-14,2022-04-14,华泰证券股份有限公司,,,否,,,,,,,0,,,,,20-50亿元,P1006506
团队跟踪,托特中证500指数增强3号,SVL637,托特中证500指数增强3号私募证券投资基金,SVL637,三亚托特,,2022-04-26,2022-05-07,中信证券股份有限公司,,每周周三,否,0%,1万元起,0%,0.7,无,0.6,0.01,A类份额：1%；B类份额：0%,0.015%,0.015%,A类份额：采取单客户单笔份额高水位法，在基金份额持有人赎回、分红和基金终止时计提业绩报酬。中证500基准以上的20%，亏损不计提。B类份额：0%,100亿元以上,P1073258
团队跟踪,龙帆大同2号私募证券投资基金,SVL641,龙帆大同2号私募证券投资基金,SVL641,厦门龙帆资管,,2022-06-23,2022-06-23,国泰君安证券股份有限公司,施镇涛、李克勤,每周周一、周三、周五,否,0%,,0%,,无,,0.007,,0.025%,0.025%,25%,5-10亿元,P1062076
团队跟踪,托特市场中性2号私募证券投资基金,SVL645,托特市场中性2号私募证券投资基金,SVL645,三亚托特,,2022-04-22,2022-04-27,中信证券股份有限公司,,每周周三,否,0%,,0%,,,,0,A类份额：1%，B类份额：0%,0.015%,,A类份额：对期间年化收益率超过0%以上部分按照20%的比例收取业绩报酬；B类份额不计提业绩报酬,100亿元以上,P1073258
团队跟踪,裕恒资本双龙6号私募证券投资基金,SVM022,裕恒资本双龙6号私募证券投资基金,SVM022,金华市裕恒资管,,2022-04-21,2022-04-21,国泰君安证券股份有限公司,方昱、徐恒,,否,,,,,,,0,,,,,10-20亿元,P1016173
团队跟踪,慕途稳健1号,SVM029,慕途稳健1号私募证券投资基金,SVM029,慕途基金,,2022-05-10,2022-05-19,国泰君安证券股份有限公司,高明,每周五，如遇非交易日，则顺延至下一交易日。,可临开赎回,0,不低于10万元,持有期<90天不可赎回；持有期≥90天，免赎回费,0.97,无,0.95,0.01,,0.015%,0.015%,"单客户高水位
年化0%/20%/30%/40%以上，
分别提取20%/30%/40%/50%",10-20亿元,P1073298
团队跟踪,汇富联合日盈8号私募证券投资基金,SVM053,汇富联合日盈8号私募证券投资基金,SVM053,深圳前海汇富联合,,2022-04-18,2022-04-18,华泰证券股份有限公司,,,否,,,,,,,0,,,,,20-50亿元,P1006506
团队跟踪,思瑞玉衡可转债精选,SVM078,思瑞玉衡可转债精选私募证券投资基金,SVM078,海南思瑞,,2022-04-28,2022-05-07,招商证券股份有限公司,沈鹰杰,,否,,,,,,,0,,,,,20-50亿元,P1073292
团队跟踪,量衍海锦CTA一号1期私募证券投资基金,SVM099,量衍海锦CTA一号1期私募证券投资基金,SVM099,浙江量衍投资,,2022-04-25,2022-05-05,招商证券股份有限公司,,,否,,,,,,,0,,,,,0-5亿元,P1066658
团队跟踪,罗维盈安扶摇精选2号私募证券投资基金,SVM121,罗维盈安扶摇精选2号私募证券投资基金,SVM121,宁波罗维盈安投资,,2022-05-26,2022-06-06,国泰君安证券股份有限公司,,每周周五,否,0%,,0%,,无,,0.005,,0.05%,0.05%,15%,10-20亿元,P1069532
团队跟踪,采莲红台2号私募证券投资基金,SVM130,采莲红台2号私募证券投资基金,SVM130,杭州采莲,,2022-04-22,2022-04-26,招商证券股份有限公司,,,否,,,,,,,0,,,,,0-5亿元,P1072722
团队跟踪,国优卷柏牛牛3号私募证券投资基金,SVM174,国优卷柏牛牛3号私募证券投资基金,SVM174,天津国优,,2022-04-14,2022-04-21,招商证券股份有限公司,,每自然月第10个自然日为开放日。如该对应日为非工作日，则开放日为该日后的第一个工作日。,可临开申购,B类份额：0,每次追加申购的最低金额为10万元人民币。,0,0.8,成立后180天（已结束）。,0.75,0,B类份额：0.5%/年,0.025%/年,0.025%/年,"B类份额：单人单笔高水位法，针对收益0%以上的部分计提10%业绩报酬
本基金业绩报酬计提日为：封闭期过后，每年1月及7月的最后一个交易日，基金份额持有人实际赎回基金份额时（包含全部赎回，部分赎回）、基金终止日。",5-10亿元,P1065232
团队跟踪,博孚利九幺幺定制FOF3号私募证券投资基金,SVM194,博孚利九幺幺定制FOF3号私募证券投资基金,SVM194,厦门博孚利资管,,2022-04-25,2022-04-25,招商证券股份有限公司,,每周周五（遇法定节假日则顺延至下一工作日）,可临开赎回,0%,1万元起,0%,0.7,12个月,0.6,0.01,,0.02%,0.02%,高水位法，计提绝对收益的10%,50-100亿元,P1023120
团队跟踪,尚艺量化全天候中波动版1号私募证券投资基金,SVM387,尚艺量化全天候中波动版1号私募证券投资基金,SVM387,北京尚艺,,2022-04-14,2022-04-14,中信证券股份有限公司,王峥、张通达、孙骁,申购开放日为每周周四，赎回开放日为每个自然月15日,否,1%,1万元起,持有期小于180天，赎回费率2%；持有期大等于180天且小于365天，赎回费率1%；持有期大等于365天，赎回费率0%,,无,,0.015,,0.02%/年,0.02%/年,计提比例为20%,50-100亿元,P1006152
团队跟踪,因诺天丰89号私募证券投资基金,SVM485,因诺天丰89号私募证券投资基金,SVM485,上海因诺资管,,2022-04-21,2022-04-26,华鑫证券有限责任公司,,每个交易日,否,0%,不低于1万元,0%,,,,0.001,,0.025%,0.025%,"0＜Ri,j＜r500+4.75%，计提0%；
0≤r500+4.75%≤Ri,j，计提40%；
r500+4.75%＜0＜Ri,j，计提 40%。
计提基准日：赎回申请对应的开放日、基金终止日、固定时点，其中固定时点为每季度最后一个交易日。",100亿元以上,P1006164
团队跟踪,量客中宇九号私募证券投资基金,SVM504,量客中宇九号私募证券投资基金,SVM504,上海量客,,2022-04-25,2022-04-28,华泰证券股份有限公司,,,否,,,,,,,0,,,,,20-50亿元,P1000568
团队跟踪,翰荣红橡中证500指数增强一号,SVM516,翰荣红橡中证500指数增强一号私募证券投资基金,SVM516,深圳翰荣,,2022-04-29,2022-05-10,国信证券股份有限公司,贺杰、聂守华,,否,,,,,,,0,,,,,50-100亿元,P1063371
团队跟踪,汇富联合日盈9号私募证券投资基金,SVM571,汇富联合日盈9号私募证券投资基金,SVM571,深圳前海汇富联合,,2022-04-19,2022-04-19,华泰证券股份有限公司,,,否,,,,,,,0,,,,,20-50亿元,P1006506
团队跟踪,金和晟明心宏观对冲6号私募证券投资基金,SVM590,金和晟明心宏观对冲6号私募证券投资基金,SVM590,上海金和晟,,2022-04-18,2022-04-21,中信证券股份有限公司,,,否,,,,,,,0,,,,,10-20亿元,P1071636
团队跟踪,德远海柴量化1号,SVM599,德远海柴量化1号私募证券投资基金,SVM599,深圳德远投资,,2022-05-09,2022-05-12,招商证券股份有限公司,,,否,,,,,,,0,,,,,10-20亿元,P1017002
团队跟踪,量道兴世家承未来1号私募证券投资基金,SVM610,量道兴世家承未来1号私募证券投资基金,SVM610,深圳量道投资,,2022-04-15,2022-04-18,兴业证券股份有限公司,,每周一、每周三、每周五开放申购,否,0%, 1 万元的整数倍,0%（可金额赎回）,,无,,0.002,"销售服务费：0.3%
本基金的管理费年费率为基金资产净值的0.2％计提，每一个完整的自然年度（自然年度是指以公历计算的一个完整的年度,即1月1日至12月31日，下同）计提的管理费不足10万元，则该自然年度管理费按照10万元/自然年度计算。",0.025％,0.025％,不计提业绩报酬,100亿元以上,P1016658
团队跟踪,量道兴世家承未来2号私募证券投资基金,SVM611,量道兴世家承未来2号私募证券投资基金,SVM611,深圳量道投资,,2022-04-15,2022-04-18,兴业证券股份有限公司,,"每周一,每周三,每周五开放申购",否,0%, 1 万元的整数倍,0%（可金额赎回）,,无,,0.01,销售服务费：0.4%,0.025%/年,0.025%/年,不计提业绩报酬,100亿元以上,P1016658
团队跟踪,国优卷柏牛牛9号私募证券投资基金,SVM744,国优卷柏牛牛9号私募证券投资基金,SVM744,天津国优,,2022-04-28,2022-05-06,招商证券股份有限公司,,每自然月第10个自然日为开放日。如该对应日为非工作日，则开放日为该日后的第一个工作日。,可临开申购,B类份额：0,每次追加申购的最低金额为10万元人民币。,0,0.8,成立后180天（已结束）。,0.75,0,B类份额：0.5%/年,0.025%/年,0.025%/年,"B类份额：单人单笔高水位法，针对收益0%以上的部分计提10%业绩报酬
本基金业绩报酬计提日为：封闭期过后，每年1月及7月的最后一个交易日，基金份额持有人实际赎回基金份额时（包含全部赎回，部分赎回）、基金终止日。",5-10亿元,P1065232
团队跟踪,祐益峰金英对冲3号私募证券投资基金,SVM777,祐益峰金英对冲3号私募证券投资基金,SVM777,厦门祐益峰资管,,2022-04-25,2022-04-28,国泰君安证券股份有限公司,,,否,,,,,,,0,,,,,0-5亿元,P1023707
团队跟踪,思瑞倍健1号私募证券投资基金,SVM852,思瑞倍健1号私募证券投资基金,SVM852,海南思瑞,,2022-05-05,2022-05-10,招商证券股份有限公司,姜志远,,否,,,,,,,0,,,,,20-50亿元,P1073292
团队跟踪,枫红犇奔智选一号私募证券投资基金,SVM858,枫红犇奔智选一号私募证券投资基金,SVM858,武汉枫红,,2022-05-18,2022-05-26,中泰证券股份有限公司,张忠辉,,否,,,,,,,0,,,,,5-10亿元,P1008558
团队跟踪,君宜折价策略1号私募证券投资基金,SVM936,君宜折价策略1号私募证券投资基金,SVM936,深圳君宜,,2022-04-22,2022-04-28,招商证券股份有限公司,,每个交易日,否,0%,10万元起,0%,,无,,0.01,,0.02%,0.02%,8%,20-50亿元,P1005606
团队跟踪,友莹格齐云三号私募证券投资基金,SVN076,友莹格齐云三号私募证券投资基金,SVN076,上海友莹格资管,,2022-05-11,2022-05-19,招商证券股份有限公司,,,否,,,,,,,0,,,,,0-5亿元,P1060304
团队跟踪,国优卷柏牛牛8号私募证券投资基金,SVN145,国优卷柏牛牛8号私募证券投资基金,SVN145,天津国优,,2022-04-26,2022-04-29,招商证券股份有限公司,,每周周一、周三、周五,否,0%,,持有期小于12个月，赎回费率为3%,,,,0.02,,0.025%,0.025%,30%,5-10亿元,P1065232
团队跟踪,嘉和多空对冲1号私募证券投资基金,SVN242,嘉和多空对冲1号私募证券投资基金,SVN242,温州嘉和,,2022-05-09,2022-05-12,国泰君安证券股份有限公司,,每自然月第10个自然日为开放日。如该对应日为非工作日，则开放日为该日后的第一个工作日。,可临开申购,B类份额：0,每次追加申购的最低金额为10万元人民币。,0,0.8,成立后180天（已结束）。,0.75,0,B类份额：0.5%/年,0.025%/年,0.025%/年,"B类份额：单人单笔高水位法，针对收益0%以上的部分计提10%业绩报酬
本基金业绩报酬计提日为：封闭期过后，每年1月及7月的最后一个交易日，基金份额持有人实际赎回基金份额时（包含全部赎回，部分赎回）、基金终止日。",0-5亿元,P1071516
团队跟踪,易者共赢1号,SVN330,易者共赢1号私募证券投资基金,SVN330,杭州易者,,2022-04-22,2022-05-05,中信证券股份有限公司,毛妤婷,本基金每个工作日开放，接受申购和赎回申请。 ,否,0.5%（可减免）,,持有期限小于365天赎回费1%，大于等于 365天赎回费0,0.9,,0.85,0.01,A类份额的年管理费率R为1%。,,,"本基金仅针对A类份额计提业绩报酬，的提取比例（Y）为【20】%。 
2026年4月14日录入",0-5亿元,P1073117
团队跟踪,国优魔方汇稳健对冲私募证券投资基金,SVN404,国优魔方汇稳健对冲私募证券投资基金,SVN404,天津国优,,2022-04-25,2022-04-29,万联证券股份有限公司,,每自然月第10个自然日为开放日。如该对应日为非工作日，则开放日为该日后的第一个工作日。,可临开申购,B类份额：0,每次追加申购的最低金额为10万元人民币。,0,0.8,成立后180天（已结束）。,0.75,0,B类份额：0.5%/年,0.025%/年,0.025%/年,"B类份额：单人单笔高水位法，针对收益0%以上的部分计提10%业绩报酬
本基金业绩报酬计提日为：封闭期过后，每年1月及7月的最后一个交易日，基金份额持有人实际赎回基金份额时（包含全部赎回，部分赎回）、基金终止日。",5-10亿元,P1065232
团队跟踪,国优卷柏稳健对冲24号私募证券投资基金,SVN510,国优卷柏稳健对冲24号私募证券投资基金,SVN510,天津国优,,2022-04-22,2022-04-26,兴业证券股份有限公司,,开放日为每周一、周三、周五，如遇非工作日顺延,否,0%,最低1万起购,持有期限不足12个月，收取3%,0.85,无,0.8,0.02,,0.025%,0.025%,计提方式为单客户高水位,5-10亿元,P1065232
团队跟踪,微观博易-夏之二号私募证券投资基金,SVN535,微观博易-夏之二号私募证券投资基金,SVN535,北京微观博易,,2022-06-06,2022-06-13,招商证券股份有限公司,,,否,,,,,,,0,,,,,100亿元以上,P1031932
团队跟踪,长石智赢6号私募证券投资基金,SVN538,长石智赢6号私募证券投资基金,SVN538,三亚长石,,2022-04-29,2022-04-29,广发证券股份有限公司,,每周最后一个交易日,否,0,,0,,,,0.01,,,,20%,5-10亿元,P1074173
团队跟踪,艮岳康柏1号私募证券投资基金,SVN564,艮岳康柏1号私募证券投资基金,SVN564,杭州艮岳,,2022-04-29,2022-05-09,中信证券股份有限公司,,每个交易日,否,0.01,,0,,无,,0.01,0.01,0.00025,0.0250%,对期间实际收益率超过0%以上部分按照20%的比例收取业绩报酬,20-50亿元,P1032168
团队跟踪,睿郡有孚1号,SVN697,睿郡有孚1号私募证券投资基金,SVN697,上海睿郡资管,,2022-05-06,2022-05-11,兴业证券股份有限公司,董承非,每个交易日,否,0%,1万元起,A 类份额：0%；B 类份额：持有期小于 365 个自然日，赎回费率为 1%；持有期大等于 365 个自然日，赎回费率为 0%,,无,,0.008,A 类份额：0%；B 类份额：0.8%,A类份额：0.015%；B 类份额：0.075%,A类份额：0.015%；B 类份额：0.075%,年化收益率大于 5%的部分提取 15%；基准日为基金份额持有人赎回申请日、本基金清算日、财产分配权益登记日,100亿元以上,P1014376
团队跟踪,博孚利CTA-FOF1号寰图云创尊享私募证券投资基金,SVN874,博孚利CTA-FOF1号寰图云创尊享私募证券投资基金,SVN874,厦门博孚利资管,,2022-06-17,2022-06-17,兴业证券股份有限公司,,本基金自成立之日起每周五开放申购和赎回（若本周五为非交易日，则不再顺延至下周，即本周不进行开放）。,可临开赎回,0%,1万元起,持有期小于180天，赎回费率为1%；持有期大等于180 天，赎回费率为0%,,无,,0.01,,0.01%,0.01%,采用“单客户高水位法”，提取比例为10%,50-100亿元,P1023120
团队跟踪,天戈钻选CTA1号,SVN917,天戈钻选CTA1号私募证券投资基金,SVN917,上海天戈投资,,2022-06-17,2022-07-01,招商证券股份有限公司,,每自然周最后一个工作日,否,0%,1万元起,0%,,,,0.015,,0.015%,0.015%,超过 0%的收益部分提取 20%,5-10亿元,P1008509
团队跟踪,人马座恒星永恒1号,SVN920,人马座恒星永恒1号私募证券投资基金,SVN920,海南人马座,,2022-05-12,2022-05-18,国泰君安证券股份有限公司,,,否,,,,,,,0,,,,,0-5亿元,P1073405
团队跟踪,汉程CTA一号FOF,SVP008,汉程CTA一号FOF私募证券投资基金,SVP008,上海汉程投资,,2022-05-13,2022-05-24,招商证券股份有限公司,徐璟,,否,,,,,,,0,,,,,0-5亿元,P1070463
团队跟踪,朗坤添盈2号私募证券投资基金,SVP015,朗坤添盈2号私募证券投资基金,SVP015,福州朗坤,,2022-05-06,2022-05-11,华泰证券股份有限公司,阮光良,,否,,,,,,,0,,,,,0-5亿元,P1070827
团队跟踪,长石智赢7号私募证券投资基金,SVP132,长石智赢7号私募证券投资基金,SVP132,三亚长石,,2022-04-28,2022-04-28,广发证券股份有限公司,,本基金存续期内按【周】开放申购和赎回，申购和赎回开放日为本基金成立之日后【每周最后一个交易日】(如无则不开放)。,否,无,募集期间每次追加认购金额应不低于1万元人民币。,无,,无,0.9,0.01,1.00%,0.025%,0.025%,"单客户高水位法,本基金的业绩报酬在业绩报酬计提基准日（【投资者赎回日、收益分配基准日和基金清算基准日】）提取，如基金清算时存在多次清算，则每次清算时对该次清算基准日投资者持有的所有份额计提业绩报酬。连续两次计提业绩报酬的间隔期不应短于3个月（投资者赎回或基金清算计提的业绩报酬除外）。
超额收益部分提取20%",5-10亿元,P1074173
团队跟踪,罗维盈安增强2号尊享2号私募证券投资基金,SVP343,罗维盈安增强2号尊享2号私募证券投资基金,SVP343,宁波罗维盈安投资,,2022-05-20,2022-05-26,国泰君安证券股份有限公司,,每周五,可临开赎回,无,,无,,无,,0,0.50%,0.0500%,,对超过上次成功计提基准日基金份额累计净值部分按10%比例进行计提。,10-20亿元,P1069532
团队跟踪,朗坤添盈3号私募证券投资基金,SVP451,朗坤添盈3号私募证券投资基金,SVP451,福州朗坤,,2022-05-06,2022-05-12,华泰证券股份有限公司,阮光良,每个交易日,否,1%,,0%,0.98,无,0.97,0,,0.025%,0.025%,"A类份额：
业绩报酬 (R)的计提方法：
如果r<6%，则R=0；
如果r≥6%，则R=Min (FxCxrx50%xT/365，FxCx (r-6%) xT/365)。
B类份额：不收取业绩报酬",0-5亿元,P1070827
团队跟踪,墨雪鑫瑞1号,SVP460,墨雪鑫瑞1号私募证券投资基金,SVP460,上海墨雪,,2022-06-30,2022-07-13,中信建投证券股份有限公司,,每周周三,可临开赎回,0%,,0%,0.97,无,0.95,0,,0.025%,0.025%,基金份额持有人每笔所持份额或赎回份额在持有期的年化收益率大于业绩报酬计提基准（计算公式中以B代表）（6%）时，分别计算每笔份额在上一业绩报酬成功提取日至本次业绩报酬计提日持有期间的年化收益率（R），对持有期全额收益按【50%】比例进行计提，但计提后基金份额持有人年化收益率不低于业绩报酬计提基准。,0-5亿元,P1068401
团队跟踪,知行利他荣友激进一期,SVP613,知行利他荣友激进一期私募证券投资基金,SVP613,北京知行利他,,2022-06-10,2022-06-21,招商证券股份有限公司,张世远,每周周二,否,1%,,持有期小于12个月，赎回费率为2%；持有期大等于12个月，赎回费率为0%,,6个月,0.7,0.01,1%,0.015%,0.015%,20%,0-5亿元,P1072980
团队跟踪,千衍三涛3号私募证券投资基金,SVP768,千衍三涛3号私募证券投资基金,SVP768,上海千衍,,2022-05-11,2022-05-17,国信证券股份有限公司,,"申购：每日
赎回：每周五",可临开赎回,0,追加金额不低于1万,0,,无,,0.01,产品降费通知函（业报由25%降为20%）,0.025%,0.025%,20％(调整后),100亿元以上,P1009640
团队跟踪,合骥睿源1000增强3号私募证券投资基金,SVP774,合骥睿源1000增强3号私募证券投资基金,SVP774,上海合骥,,2022-05-10,2022-05-18,国泰君安证券股份有限公司,,,否,,,,,,,0,,,,,100亿元以上,P1072437
团队跟踪,天风天行者专享2号FOF单一资产管理计划,SVP872,天风天行者专享2号FOF单一资产管理计划,SVP872,,江苏苏豪汇升,2022-05-06,2022-05-13,华泰证券股份有限公司,,,否,,,,,,,0,,,,,,
团队跟踪,前海久盈臻享二号私募证券投资基金,SVP917,前海久盈臻享二号私募证券投资基金,SVP917,深圳前海久盈投资,,2022-05-10,2022-05-13,中信证券股份有限公司,,,否,,,,,,,0,,,,,20-50亿元,P1065235
团队跟踪,长鲸扶摇私募证券投资基金,SVP939,长鲸扶摇私募证券投资基金,SVP939,北京长鲸九州,,2022-05-23,2022-06-01,招商证券股份有限公司,,,否,,,,,,,0,,,,,10-20亿元,P1073331
团队跟踪,量道精选专享20号私募证券投资基金,SVP971,量道精选专享20号私募证券投资基金,SVP971,深圳量道投资,,2022-05-09,2022-05-10,兴业证券股份有限公司,,每个交易日,可临开赎回,0%,1万元起,0%（可金额赎回）,0.65,无,0.55,0.01,,,0.025%,"20%。
计提基准日：赎回日、基金终止日、分红日、固定结算日（每年最后一个交易日）",100亿元以上,P1016658
团队跟踪,睿郡承非璞享1号私募证券投资基金,SVQ014,睿郡承非璞享1号私募证券投资基金,SVQ014,上海睿郡资管,,2022-05-19,2022-05-19,兴业证券股份有限公司,,,否,,,,,,,0,,,,,100亿元以上,P1014376
团队跟踪,止于至善阿尔法1号私募证券投资基金,SVQ042,止于至善阿尔法1号私募证券投资基金,SVQ042,北京止于至善投资,,2022-05-20,2022-05-27,中信证券股份有限公司,,,否,,,,,,,0,,,,,10-20亿元,P1032345
团队跟踪,道泰量合多元资产2号,SVQ253,道泰量合多元资产2号私募证券投资基金,SVQ253,北京道泰量合,,2023-03-10,2023-08-01,中信证券股份有限公司,,,否,,,,,,,0,,,,,0-5亿元,P1073084
团队跟踪,泽善量化精选2号,SVQ288,泽善量化精选2号私募证券投资基金,SVQ288,广东泽善投资,,2022-05-13,2022-05-18,华鑫证券有限责任公司,,每周周三,否,0%,,0%,0.8,无,0.75,0.01,,0.015%,0.015%,30%,5-10亿元,P1070852
团队跟踪,厦门信托·卧龙一期证券投资分级受益权集合资金信托计划,SVQ307,厦门信托·卧龙一期证券投资分级受益权集合资金信托计划,SVQ307,,上海沃珑港投资,2014-03-06,2022-05-19,中国光大银行股份有限公司,,,否,,,,,,,0,,,,,,
团队跟踪,国优卷柏稳健对冲9号私募证券投资基金,SVQ369,国优卷柏稳健对冲9号私募证券投资基金,SVQ369,天津国优,,2022-05-11,2022-05-17,招商证券股份有限公司,,每自然周的周一、周三和周五,可临开赎回,1%,不低于1万元人民币（不含申购费）,持有期小于12个月，赎回费率3%；持有期大等于12个月，赎回费率为0%,0.93,无,0.9,0.015,,0.025%,0.025%,当R>0％时，对超过0%的收益部分提取20%的业绩报酬,5-10亿元,P1065232
团队跟踪,汇富联合日盈12号私募证券投资基金,SVQ519,汇富联合日盈12号私募证券投资基金,SVQ519,深圳前海汇富联合,,2022-05-12,2022-05-12,华泰证券股份有限公司,,,否,,,,,,,0,,,,,20-50亿元,P1006506
团队跟踪,量道富祥cta8号私募证券投资基金,SVQ564,量道富祥cta8号私募证券投资基金,SVQ564,深圳量道投资,,2022-05-11,2022-05-16,兴业证券股份有限公司,,,否,,,（可金额赎回）,,,,0,,,,,100亿元以上,P1016658
团队跟踪,鲲腾磐石CTA增强2号,SVQ624,鲲腾磐石CTA增强2号私募证券投资基金,SVQ624,深圳鲲腾,,2022-05-25,2022-05-31,国泰君安证券股份有限公司,,每周周一、周三,可临开赎回,1%,,持有期小于180 天，赎回费率为1%；持有期大等于180天，赎回费率为0%,0.7,,0.65,0.01,,,,单人单笔高水位法 ， B类份额计提20%,5-10亿元,P1025308
团队跟踪,量道商品套利3号,SVQ692,量道商品套利3号私募证券投资基金,SVQ692,深圳量道投资,,2022-05-11,2022-05-12,申万宏源证券有限公司,,每个交易日,否,0,1万元的整数倍,0,,无,,0.003,,0.02%/年（年最低收费金额2000元）,0.02%/年（年最低收费金额2000元）,"计提方式：单个投资者单笔年化收益率法。
计提时点：基金赎回确认日、基金分红确认日、基金清算确认日、固定结算日（每年12 月的最后一个交易日）。
计提比例：30%。",100亿元以上,P1016658
团队跟踪,剑豹虹云增强二号私募证券投资基金,SVQ723,剑豹虹云增强二号私募证券投资基金,SVQ723,上海剑豹资管,,2022-05-19,2022-05-27,兴业证券股份有限公司,刘斌,,否,,,,,,,0,,,,,0-5亿元,P1063359
团队跟踪,跃威屹鑫一号私募证券投资基金,SVQ762,跃威屹鑫一号私募证券投资基金,SVQ762,上海跃威,,2022-05-23,2022-05-30,华泰证券股份有限公司,,每周周三,否,0%,,1%,0.9,无,0.85,0.01,,0.015%,0.01%,"r＜10%，则 R＝F×C×r×20%×T/365；
r≥10%，则 R＝F×C×(r－10%)×30%×T/365＋F×C×10%×20%× T/365",20-50亿元,P1068331
团队跟踪,量道钻选CTA1号私募证券投资基金,SVQ846,量道钻选CTA1号私募证券投资基金,SVQ846,深圳量道投资,,2022-08-23,2022-08-29,招商证券股份有限公司,,,否,,,（可金额赎回）,,,,0,,,,,100亿元以上,P1016658
团队跟踪,嘉懿日正私募证券投资基金,SVQ946,嘉懿日正私募证券投资基金,SVQ946,上海嘉懿萃,,2022-06-13,2022-06-17,国泰君安证券股份有限公司,张瑜婷,,否,,,,,,,0,,,,,50-100亿元,P1073454
团队跟踪,蓝墨长河2号私募证券投资基金,SVR097,蓝墨长河2号私募证券投资基金,SVR097,上海蓝墨投资,,2022-05-31,2022-06-01,国泰君安证券股份有限公司,,每周周三，如遇非交易日，则顺延至下一交易日。,可临开赎回,0%,无,持有天数小于180天0.5%；持有天数大于等于180天0%,0.8,无,0.7,0.01,1.0%,0.025%,0.025%,对超过上次成功计提基准日基金份额累计净值部分按20%比例进行计提,50-100亿元,P1003927
团队跟踪,守正用奇龙珠1号,SVR172,守正用奇龙珠1号私募证券投资基金,SVR172,广州守正用奇,,2022-05-20,2022-05-30,招商证券股份有限公司,,本基金申购开放日为每自然周周二、周四（遇节假日均顺延至下一工作日，如顺延至同一天，则上述重合的申购开放日只开放一个工作日），赎回开放日为每自然月的第一个周二（遇节假日则顺延至下一工作日）及每自然年5月第一个工作日，如果出现申购开放日和赎回开放日为同一天，则当天允许投资者申购和赎回,否, 1%,1万元起,持有期小于3个月，赎回费率为1%；持有期大等于3个月且小于6个月，赎回费率为0.5%；持有期大等于6个月，赎回费率为0%,,无,0.75,0.01,,,,未路演，无要素表。暂写1%+20%,20-50亿元,P1021611
团队跟踪,前海久盈曦尧二号私募证券投资基金,SVR199,前海久盈曦尧二号私募证券投资基金,SVR199,深圳前海久盈投资,,2022-05-20,2022-05-25,中信证券股份有限公司,,每周周三,否,1%,,0%,0.92,,0.9,0.01,, 0.01%,0.01%,30%,20-50亿元,P1065235
团队跟踪,亦赋银河1号中证500指数增强,SVR402,亦赋银河1号中证500指数增强私募证券投资基金,SVR402,海南亦赋,,2022-05-30,2022-06-02,中信证券股份有限公司,,,否,,,,,,,0,,,,,50-100亿元,P1073329
团队跟踪,复兴稳健精选私募证券投资基金,SVR482,复兴稳健精选私募证券投资基金,SVR482,厦门复兴东方,,2022-05-26,2022-06-06,兴业证券股份有限公司,王尚仁,,否,,,,,,,0,,,,,0-5亿元,P1073388
团队跟踪,亦赋银河2号中证500对冲,SVR535,亦赋银河2号中证500对冲私募证券投资基金,SVR535,海南亦赋,,2022-05-30,2022-06-02,中信证券股份有限公司,,每周周三、周五,否,,,持有期小于3个月，赎回费率为1%；持有期大等于3个月且小于6个月，赎回费率为0.5%；持有期大等于6个月，赎回费率为0%,0.55,无,0.5,0.015,,0.015%,0.015%,当基金份额赎回、基金终止或分红时，管理人将提取赎回份额或分红份额当期收益的20%作为业绩报酬,50-100亿元,P1073329
团队跟踪,国优卷柏牛牛10号私募证券投资基金,SVR550,国优卷柏牛牛10号私募证券投资基金,SVR550,天津国优,,2022-05-20,2022-05-24,招商证券股份有限公司,,每周周一、周三和周五,否,0%,1万元起,持有期小于12个月，赎回费率为3%；持有期大等于12个月，赎回费率为0%,0.8,,0.75,0.02,,0.0125%,0.0125%,当基金份额赎回、基金终止或分红时，管理人将提取赎回份额或分红份额当期收益的30%作为业绩报酬。,5-10亿元,P1065232
团队跟踪,仲阳天王星晴空庭烨1000指增量化,SVR568,仲阳天王星晴空庭烨1000指增量化私募证券投资基金,SVR568,仲阳天王星,,2022-05-31,2022-05-31,中信证券股份有限公司,孙博,,否,,,,,,,0,,,,,100亿元以上,P1005954
团队跟踪,添禄投资私募量化39号证券投资基金,SVR595,添禄投资私募量化39号证券投资基金,SVR595,上海添禄投资,,2022-05-25,2022-05-30,国泰君安证券股份有限公司,,每周第 3 个交易日,否,1%,,持有期小于365 天，赎回费率为1%；持有期在大等于365天，赎回费率为0%,0.92,,0.9,0.01,,0.02%,0.02%,对超过上次成功计提基准日基金 份额累计净值部分按60%比例进行计提,20-50亿元,P1064139
团队跟踪,博孚利星享FOF私募证券投资基金,SVR723,博孚利星享FOF私募证券投资基金,SVR723,厦门博孚利资管,,2022-06-09,2022-06-09,招商证券股份有限公司,,每个交易日,否,0%,不低于1万元,0%,0.9,无,0.8,0.002,,0.015%,0.015%,不计提业绩报酬,50-100亿元,P1023120
团队跟踪,灏象专享三期私募证券投资基金,SVR856,灏象专享三期私募证券投资基金,SVR856,上海艾礼象,,2022-05-23,2022-05-31,招商证券股份有限公司,,每周周三、周五,否,0%,,0%,0.75,,0.7,0.005,,0.015%,0.015%,20%,20-50亿元,P1062971
团队跟踪,点钢金选CTA1号私募证券投资基金,SVR929,点钢金选CTA1号私募证券投资基金,SVR929,天津点钢投资,,2022-05-24,2022-06-08,招商证券股份有限公司,,,否,,,,,,,0,,,,,10-20亿元,P1061455
团队跟踪,国源不争11号私募证券投资基金,SVR930,国源拾金安和10号私募证券投资基金,SVR930,深圳国源信达资管,,2022-06-16,2022-06-23,中国银河证券股份有限公司,李剑飞,,可临开赎回,,,,,无,,0,,,,,100亿元以上,P1061199
团队跟踪,华钧2期私募证券投资基金,SVR990,华钧2期私募证券投资基金,SVR990,北京华钧广汇投资,,2022-05-20,2022-05-31,中信证券股份有限公司,,,否,,,,,,,0,,,,,10-20亿元,P1067480
团队跟踪,无涯稳健1号私募证券投资基金,SVS347,无涯稳健1号私募证券投资基金,SVS347,上海无涯,,2022-06-09,2022-06-16,国泰君安证券股份有限公司,,每周第1个交易日,否,,,3%,,,,0.02,,,,,10-20亿元,P1071391
团队跟踪,半鞅量化对冲1号,SVS371,半鞅量化对冲1号私募证券投资基金,SVS371,半鞅基金,,2022-05-25,2022-05-30,招商证券股份有限公司,,每个交易日,否,0,,"D＜180，1%； 180≤D＜365，0.5%； D≥365,0%",0.6,无,0.5,0.02,,,,15%，单客户单笔高水位净值法,100亿元以上,P1072919
团队跟踪,九谦CTA一号,SVS513,九谦CTA一号私募证券投资基金,SVS513,上海九谦,,2022-06-06,2022-06-09,中信证券股份有限公司,,,否,,,,,,,0,,,,,5-10亿元,P1073472
团队跟踪,博孚利涵盈5号私募证券投资基金,SVS633,博孚利涵盈5号私募证券投资基金,SVS633,厦门博孚利资管,,2022-06-17,2022-06-17,兴业证券股份有限公司,,每个交易日,可临开赎回,0%,不少于1万元,0%,,无,0.96,0.01,,0.015%,0.015%,年化收益率法，年化5%以上计提50%,50-100亿元,P1023120
团队跟踪,红猫资管兴农套利一号,SVS761,红猫资管兴农套利一号私募证券投资基金,SVS761,广州红猫,,2022-07-20,2022-07-20,中信证券股份有限公司,,,否,,,,,,,0,,,,,10-20亿元,P1030229
团队跟踪,翰荣量选进取7号,SVS781,翰荣量选进取7号私募证券投资基金,SVS781,深圳翰荣,,2022-06-30,2022-07-06,广发证券股份有限公司,贺杰、聂守华,,否,,,,,,,0,,,,,50-100亿元,P1063371
团队跟踪,宁涌富小满5号私募证券投资基金,SVS783,宁涌富小满5号私募证券投资基金,SVS783,上海宁涌富,,2022-06-02,2022-06-08,国信证券股份有限公司,翁强,,否,,,,,,,0,,,,,10-20亿元,P1072718
团队跟踪,博孚利可颂一号FOF私募证券投资基金,SVS847,博孚利可颂一号FOF私募证券投资基金,SVS847,厦门博孚利资管,,2022-06-14,2022-06-14,兴业证券股份有限公司,,每个交易日,否,0%,不少于1万元,0%,,无,,0.002,,0.015%,0.015%,不计提业绩报酬,50-100亿元,P1023120
团队跟踪,天鸾弘毅一号私募证券投资基金,SVS893,天鸾弘毅一号私募证券投资基金,SVS893,深圳天鸾,,2022-07-25,2022-08-01,招商证券股份有限公司,苏旭源、苏旭树、熊景霖,,否,,,,,,,0,,,,,0-5亿元,P1033936
团队跟踪,添禄投资私募量化46号证券投资基金,SVS955,添禄投资私募量化46号证券投资基金,SVS955,上海添禄投资,,2022-06-17,2022-06-22,国泰君安证券股份有限公司,,,否,,,,,,,0,,,,,20-50亿元,P1064139
团队跟踪,博孚利星石家族私募证券投资基金,SVT112,博孚利星石家族私募证券投资基金,SVT112,厦门博孚利资管,,2022-05-30,2022-05-30,兴业证券股份有限公司,,每个交易日,否,0%,1万起,0%,,无,,0,A类份额1%，B类份额0.5%,0.015%,0.015%,A类采用高水位净值法，计提10%，B类份额不计提业绩报酬。,50-100亿元,P1023120
团队跟踪,顽岩中证2000指数增强1号私募证券投资基金,SVT259,顽岩中证2000指数增强1号私募证券投资基金,SVT259,上海顽岩,,2022-06-16,2022-06-23,招商证券股份有限公司,,每个工作日,否,0%,1万元起,持有期小于180天，赎回费率为1%；持有期大等于180天，赎回费率为0%,,无,,0.01,,0.01%,0.01%,"采用单人单笔高水位法，计提时点：赎回时、固定时点（每年 3、9月第 1 个周五，顺延）、分红时、终止时。
业绩报酬对标中证2000，超额计提20%，赎回清算水下提取，固定时点分红水上提取",100亿元以上,P1034708
团队跟踪,德邦资管星盈1号集合资产管理计划,SVT356,德邦资管星盈1号集合资产管理计划,SVT356,德邦证券资管,,2022-05-27,2022-05-31,兴业银行股份有限公司,,,否,,,,,,,0,,,,,,PT0700032056
团队跟踪,臻选杉原千亩私募证券投资基金,SVT464,臻选杉原千亩私募证券投资基金,SVT464,海南臻选,,2022-07-07,2022-07-11,国泰君安证券股份有限公司,刘德多,,否,,,,,,,0,,,,,5-10亿元,P1072693
团队跟踪,博孚利多策略十八号私募证券投资基金,SVT910,博孚利多策略十八号私募证券投资基金,SVT910,厦门博孚利资管,,2022-06-14,2022-06-14,中信证券股份有限公司,,每个工作日,否,1%,不低于 1 万元,0%,,无,,0.012,1.2%年费率+保底10万,0.015%,0.015%,高水位法，计提绝对收益的8%,50-100亿元,P1023120
团队跟踪,时间序列前沿科技私募证券投资基金,SVU041,时间序列前沿科技私募证券投资基金,SVU041,青岛时间序列资管,,2022-06-27,2022-07-04,国泰君安证券股份有限公司,,申购开放日为每周周三，赎回开放日为每月最后一个周三,否,0%,,0%,0.95,无,0.92,0,,0.025%,0.025%,"当 R - B ≤0 时，不提取业绩报酬；
当 R - B >0 时，对持有期全额收益提取 50%的业绩报酬，且计提后该笔投资的期间年 化收益率不低于 7%。",10-20亿元,P1071639
团队跟踪,毅润恒升一号私募证券投资基金,SVU350,毅润恒升一号私募证券投资基金,SVU350,晋江毅润,,2022-06-20,2022-06-23,兴业证券股份有限公司,,每个交易日,否,0%,1万元起,持有期小于360 个自然日，赎回费率为 1%；持有期大等于360个自然日，赎回费率为 0%,0.97,,0.95,0,,0.025％,0.025％,不收取业绩报酬,0-5亿元,P1072149
团队跟踪,因诺陆享量化选股8号私募证券投资基金,SVU405,因诺陆享量化选股8号私募证券投资基金,SVU405,上海因诺资管,,2022-08-26,2022-08-31,国泰君安证券股份有限公司,,,否,,,,,,,0,,,,,100亿元以上,P1006164
团队跟踪,小步一路向北科技成长私募证券投资基金,SVU423,小步一路向北科技成长私募证券投资基金,SVU423,海南小步,,2022-06-22,2022-06-29,中信证券股份有限公司,,每周周三,否,0%,,持有期小于365天，赎回费率为1%；持有期大等于365天，赎回费率为0%,,无,0.6,0,A类份额：1%；B类份额：0%,0.02%,0.02%,A类份额业绩报酬的提取比例为20%，B类份额业绩报酬的提取比例为15%。,0-5亿元,P1073273
团队跟踪,善择致远二号,SVU600,善择致远二号私募证券投资基金,SVU600,深圳善择,,2022-07-27,2022-08-02,招商证券股份有限公司,杨萍,每个工作日,否,0%,,0%,,12 个月,,0.015,,0.0125%,0.0125%,"按年化收益梯度计提
▪ 当年化收益低于 8%，计提比例0%
▪ 年化收益高于8%以上，收益部分整体计提30%",50-100亿元,P1073481
团队跟踪,瓴沃嘉鸿量化一号私募证券投资基金,SVU603,瓴沃嘉鸿量化一号私募证券投资基金,SVU603,赣州瓴沃,,2022-07-06,2022-07-12,国泰君安证券股份有限公司,詹善辉,,否,,,,,,,0,,,,,0-5亿元,P1006912
团队跟踪,卓然盈丰稳健1号私募证券投资基金,SVU657,卓然盈丰稳健1号私募证券投资基金,SVU657,青岛卓然,,2022-06-10,2022-06-17,中信建投证券股份有限公司,吴栋,,否,,,,,,,0,,,,,5-10亿元,P1073441
团队跟踪,量道CTA精选18B号私募证券投资基金,SVU702,量道CTA精选18B号私募证券投资基金,SVU702,深圳量道投资,,2022-09-19,2022-09-23,国泰君安证券股份有限公司,,每月15号,可临开赎回,1%,1万元起,持有期小于365天，赎回费率为1%，持有期大等于365天，赎回费率为0%（可金额赎回）,0.8,无,0.75,0.02,,,,"20%。
计提基准日：赎回日、基金终止日、分红日、固定结算日（每年最后一个交易日）",100亿元以上,P1016658
团队跟踪,鑫洋星聚价值成长私募证券投资基金,SVU927,鑫洋星聚价值成长私募证券投资基金,SVU927,泉州鑫洋,,2022-06-30,2022-07-05,国泰君安证券股份有限公司,,每周五,可临开申购,0%,,0%,,无,,0.01,,,,"年化收益6%以内部分不计提业绩报酬；
年化收益6%以上部分计提20%业绩报酬。",0-5亿元,P1071808
团队跟踪,小黑妞牵星1号私募证券投资基金,SVV089,小黑妞牵星1号私募证券投资基金,SVV089,上海小黑妞资管,,2022-07-14,2022-07-14,国泰君安证券股份有限公司,,每自然月第10个自然日为开放日。如该对应日为非工作日，则开放日为该日后的第一个工作日。,可临开申购,B类份额：0,每次追加申购的最低金额为10万元人民币。,0,0.8,成立后180天（已结束）。,0.75,0,B类份额：0.5%/年,0.025%/年,0.025%/年,"B类份额：单人单笔高水位法，针对收益0%以上的部分计提10%业绩报酬
本基金业绩报酬计提日为：封闭期过后，每年1月及7月的最后一个交易日，基金份额持有人实际赎回基金份额时（包含全部赎回，部分赎回）、基金终止日。",20-50亿元,P1011010
团队跟踪,信展展盈,SVV092,信展展盈私募证券投资基金,SVV092,广东信展,,2022-06-14,2022-06-23,中信证券股份有限公司,,每自然月第10个自然日为开放日。如该对应日为非工作日，则开放日为该日后的第一个工作日。,可临开申购,B类份额：0,每次追加申购的最低金额为10万元人民币。,0,,成立后180天（已结束）。,,0.01,,0.02%/年,0.02%/年,"管理人将根据委托人每笔投资的期间实际收益率（R），对期间实际收益率超
过 0%以上部分按照 Y 的比例收取业绩报酬。其中，A 类份额业绩报酬的提取比例
（Y）为【20】%，B 类份额业绩报酬的提取比例（Y）为【16】%。",0-5亿元,P1073537
团队跟踪,锋滔鑫起点对冲8号,SVV342,锋滔鑫起点对冲8号私募证券投资基金,SVV342,上海锋滔资管,,2022-06-15,2022-06-20,招商证券股份有限公司,罗新,每周周三,可临开赎回,A类：1%  B类：0%,不低于 1 万元人民币（不 含申购费）,"持有期小于180天，赎回费率为2%；持有期大等于180天，赎回费率为0%
",0.9,无,0.85,0.01,,0.025%,0.025%,A类份额：20%，B类份额：10%,0-5亿元,P1007210
团队跟踪,极量魔方,SVV550,极量魔方私募证券投资基金,SVV550,共青城极量投资,,2022-06-20,2022-06-23,招商证券股份有限公司,,,否,,,,,,,0,,,,,10-20亿元,P1071373
团队跟踪,碧烁太极二号私募证券投资基金,SVV925,碧烁太极二号私募证券投资基金,SVV925,深圳碧烁,,2022-06-21,2022-06-24,国泰君安证券股份有限公司,,,否,,,,,,,0,,,,,0-5亿元,P1026953
团队跟踪,睿扬医药甄选私募证券投资基金,SVV957,睿扬医药甄选私募证券投资基金,SVV957,上海睿扬投资,,2022-06-22,2022-06-27,中信证券股份有限公司,王世超,,否,,,,,,,0,,,,,50-100亿元,P1062872
团队跟踪,朗坤添盈5号私募证券投资基金,SVW002,朗坤添盈5号私募证券投资基金,SVW002,福州朗坤,,2022-07-05,2022-07-07,华泰证券股份有限公司,阮光良、张健,每个交易日,否,1%,,持有期小于180天，赎回费率为0.5%；持有期大等于180天， 赎回费率为0%,0.98,无,0.97,0.005,,0.05%,0.05%,"A类份额：持有人部分或全部赎回、基金分红、本基金终止时计提。A类份额基金业绩报酬提取比例为50 %。业绩报酬以A类赎回份额的增值部分(包含收益分配部分和净值增长部分]为计提基准。
B类份额：不收取业绩报酬。",0-5亿元,P1070827
团队跟踪,合远金选雨鸿私募证券投资基金1期,SVW178,合远金选雨鸿私募证券投资基金1期,SVW178,上海合远,,2022-07-05,2022-07-08,中信证券股份有限公司,,,否,,,,,,,0,,,,,50-100亿元,P1073470
团队跟踪,米纳基石一号私募证券投资基金,SVW179,米纳基石一号私募证券投资基金,SVW179,横琴米纳资管,,2022-08-12,2022-08-19,国信证券股份有限公司,,,否,,,,,,,0,,,,,0-5亿元,P1069406
团队跟踪,添禄量化多策略1号私募证券投资基金,SVW298,添禄量化多策略1号私募证券投资基金,SVW298,上海添禄投资,,2022-06-30,2022-07-06,国信证券股份有限公司,,每周第三个工作日,否,1%,,持有期小于180天，赎回费率为1%；管理人有权对个别基金份额持有人的赎回费进行减免,0.85,,0.8,0.02,,0.02%,0.02%,"单个投资者单笔高水位净值法：20%
计提基准日：收益分配基准日、份额赎回日和基金终止日。",20-50亿元,P1064139
团队跟踪,量道盈佳1号私募证券投资基金,SVW372,量道盈佳1号私募证券投资基金,SVW372,深圳量道投资,,2022-06-21,2022-06-24,兴业证券股份有限公司,,每个交易日,否,0%,1万元起,1%（可金额赎回）,0.92,无,0.9,0,,,0.015%,不计提业绩报酬,100亿元以上,P1016658
团队跟踪,巨量均衡中证2000进取型指数增强一号私募证券投资基金,SVW377,巨量均衡中证2000进取型指数增强一号私募证券投资基金,SVW377,珠海巨量均衡,,2022-06-24,2022-06-29,中信证券股份有限公司,,,否,,,,,,,0,,,,,5-10亿元,P1072577
团队跟踪,博孚利尊享83号私募证券投资基金,SVW385,博孚利尊享83号私募证券投资基金,SVW385,厦门博孚利资管,,2022-06-22,2022-06-22,兴业证券股份有限公司,,每周最后1个交易日,否,0%,1万元起,0%,,无,,0.01,,0.015%,0.015%,年化收益率大于6%的部分提取15%作为业绩报酬,50-100亿元,P1023120
团队跟踪,珩景JY私人订制一期私募证券投资基金,SVW654,珩景JY私人订制一期私募证券投资基金,SVW654,杭州珩景资管,,2022-07-29,2022-08-02,国信证券股份有限公司,,,否,,,,,,,0,,,,,0-5亿元,P1069110
团队跟踪,博孚利丰盈4号私募证券投资基金,SVW750,博孚利丰盈4号私募证券投资基金,SVW750,厦门博孚利资管,,2022-07-18,2022-07-18,兴业证券股份有限公司,,本基金自成立之日起每个交易日开放申购赎回。,否,1%,1万元起,0%,,无,,0.015,暂停管理费,0.015%,0.015%,不计提业绩报酬,50-100亿元,P1023120
团队跟踪,博孚利涌金15号私募证券投资基金,SVW757,博孚利涌金15号私募证券投资基金,SVW757,厦门博孚利资管,,2022-07-04,2022-07-04,兴业证券股份有限公司,,每个交易日,否,0%,1 万元的整数倍,0%,,无,,0.015,,0.015%,0.015%,门槛收益率法，年化30%以上计提60%,50-100亿元,P1023120
团队跟踪,坤望专享2号私募证券投资基金,SVW762,坤望专享2号私募证券投资基金,SVW762,上海坤望,,2022-06-28,2022-06-29,华泰证券股份有限公司,,每个交易日,否,0%,,0%,,无,,0.01,,0.02%,0.02%,50%,20-50亿元,P1072723
团队跟踪,坤望量化选股1号私募证券投资基金,SVW772,坤望量化选股1号私募证券投资基金,SVW772,上海坤望,,2022-06-28,2022-06-29,华泰证券股份有限公司,,,否,,,,,,,0,,,,,20-50亿元,P1072723
团队跟踪,慕途基本面量化1号,SVW787,慕途基本面量化1号私募证券投资基金,SVW787,慕途基金,,2022-07-08,2022-07-14,国泰君安证券股份有限公司,梁潇,每周五开放申购，每个月第4个周五开放赎回,否,,每次追加申购的最低金额为10万元人民币。,1%,0.9,,0.85,0.01,,0.015%,0.015%,,10-20亿元,P1073298
团队跟踪,华安合鑫大成长二期私募证券投资基金,SVW959,华安合鑫大成长二期私募证券投资基金,SVW959,深圳华安合鑫,,2022-08-23,2022-08-29,中信证券股份有限公司,,,否,,,,,,,0,,,,,20-50亿元,P1062311
团队跟踪,同温层金选量化对冲1号私募证券投资基金,SVW972,同温层金选量化对冲1号私募证券投资基金,SVW972,武汉同温层,,2022-06-30,2022-07-04,中信证券股份有限公司,徐安、段海磊,每周最后一个交易日、每季度最后一个交易日,否,,1万元起,,,无,,0,A类份额：0%，B类份额：1%，C类份额：1.2%,0.015%,0.015%,A类份额：0%，B类份额：18%，C类份额：20%,20-50亿元,P1070801
团队跟踪,博孚利多策略75号,SVX151,博孚利多策略75号私募证券投资基金,SVX151,厦门博孚利资管,,2022-06-27,2022-06-27,中信证券股份有限公司,何阳阳,每个工作日,否,0%,1万,1%（管理人有权减免）,0.9,无,0.85,0.01,,0.015%,0.015%,,50-100亿元,P1023120
团队跟踪,数为黄金先锋2号私募证券投资基金,SVX187,数为黄金先锋2号私募证券投资基金,SVX187,福州数为,,2022-07-13,2022-07-19,华福证券股份有限公司,,每月5号、20号,否,0%,,0%,0.97,,0.95,0.01,,0.04%,0.02%,"当Ri,j≤0%时，不计提业绩报酬；
当Ri,j＞0%时，管理人对期间年化收益率超过0%的部分提取50%作为业绩报酬",0-5亿元,P1064166
团队跟踪,托特周行2号私募证券投资基金,SVX194,托特周行2号私募证券投资基金,SVX194,三亚托特,,2022-07-13,2022-07-18,长城证券股份有限公司,,每个交易日,否,0%,,0%,0.92,无,0.9,0.01,,0.025%,0.025%,对超过上次成功计提基准日基金份额累计净值部分按20%比例进行计提,100亿元以上,P1073258
团队跟踪,量道兴世家承未来3号私募证券投资基金,SVX197,量道兴世家承未来3号私募证券投资基金,SVX197,深圳量道投资,,2022-06-24,2022-06-24,兴业证券股份有限公司,,每周一、每周三、每周五,否,0%,1 万元的整数倍,0%（可金额赎回）,,无,,0.01,销售服务费：0.4%,0.05%,0.05%,不计提业绩报酬,100亿元以上,P1016658
团队跟踪,盈帛遥感卫星一号,SVX400,盈帛遥感卫星一号私募证券投资基金,SVX400,杭州盈帛投资,,2022-06-27,2022-07-04,招商证券股份有限公司,,每周周二、周四,否,0%,,持有期小于3个月，赎回费率为0.5%；持有期大等于3个月，赎回费率为0%,,无,0.85,0.01,, 0.025%, 0.025%,当 R>0％时，对超过 0%的收益部分提取 30%的业绩报酬,0-5亿元,P1030762
团队跟踪,量道精选专享22号私募证券投资基金,SVX439,量道精选专享22号私募证券投资基金,SVX439,深圳量道投资,,2022-06-28,2022-06-29,中信证券股份有限公司,,,否,,,,,,,0,,,,,100亿元以上,P1016658
团队跟踪,华鑫证券创新FOF3号单一资产管理计划,SVX566,华鑫证券创新FOF3号单一资产管理计划,SVX566,,厦门博孚利资管,2022-06-27,2022-06-29,国泰君安证券股份有限公司,,每个交易日,否,0%,,0%,,,,0.001,,0.015%,,"固定投顾费用：1.0%
浮动投顾费：收益5.5%以上计提50%",,
团队跟踪,希塔山峦1号私募证券投资基金,SVX593,希塔山峦1号私募证券投资基金,SVX593,上海希塔,,2022-07-05,2022-07-08,国泰君安证券股份有限公司,,"申购开放日：每个交易日
赎回开放日：每月最后一个交易日",否,0%,,"份额持有期低于180天（不含）的，赎回费率为1%； 
180天及以上但低于360天（不含）的，赎回费率为0.5%； 
360天及以上的，赎回费率为0%。
管理人有权减免。",0.88,不设置。份额锁定期：180天,0.85,0.01,1%,,,计提比例20%,5-10亿元,P1072192
团队跟踪,盛丰东升2号私募证券投资基金,SVX616,盛丰东升2号私募证券投资基金,SVX616,海南盛丰,,2022-07-06,2022-07-13,华泰证券股份有限公司,,每周周一、周三、周五,否,1%,,持有期小于180天，赎回费率为1%；持有期大等于180天，赎回费率为0%,0.85,,0.8,0.01,,0.015%,0.015%,20%,100亿元以上,P1073590
团队跟踪,祐益峰金英对冲5号私募证券投资基金,SVX634,祐益峰金英对冲5号私募证券投资基金,SVX634,厦门祐益峰资管,,2022-07-04,2022-07-07,国泰君安证券股份有限公司,,,否,,,,,,,0,,,,,0-5亿元,P1023707
团队跟踪,博孚利汇富多策略2号私募证券投资基金,SVX723,博孚利汇富多策略2号私募证券投资基金,SVX723,厦门博孚利资管,,2022-06-30,2022-06-30,中信证券股份有限公司,,每个交易日,可临开赎回,0%,1万元起,0%,0.97,无,0.96,0.01,,0.015%,0.015%,份额高水位法，计提比例50%,50-100亿元,P1023120
团队跟踪,中柏夏至,SVX729,中柏夏至私募证券投资基金,SVX729,杭州中柏资管,,2022-07-19,2022-07-22,招商证券股份有限公司,,每年的 1 月、4 月、7 月、10 月的最后一个工作日,否,0%,,0%,0.85,12个月,0.8,0.015,,0.025%,0.025%,20%,10-20亿元,P1071376
团队跟踪,锐天103号私募证券投资基金,SVX887,锐天103号私募证券投资基金,SVX887,上海锐天投资,,2022-07-01,2022-07-05,国泰君安证券股份有限公司,,,否,,,,,,,0,,,,,100亿元以上,P1024169
团队跟踪,宁波华裕博孚利1号私募证券投资基金,SVY044,宁波华裕博孚利1号私募证券投资基金,SVY044,厦门博孚利资管,,2022-06-28,2022-06-28,国泰君安证券股份有限公司,,每个交易日,否,0%,无,持有期小于365天，赎回费率为2%；持有期大等于365天，赎回费率为0%；归基金资产,0.98,无,0.95,0.01,,0.015%,0.015%,业绩报酬基准法，基准为4%，计提超额收益的60%；每年12月15日固定计提业绩报酬，遇非交易日顺延。,50-100亿元,P1023120
团队跟踪,不二铭跃二号,SVY148,不二铭跃二号私募证券投资基金,SVY148,上海铭跃,,2022-07-29,2022-08-05,国泰君安证券股份有限公司,,每周周三,否,0%,,持有期小于180天，赎回费率为1%；持有期大等于180天，赎回费率为0%,0.85,无,0.8,0.01,,0.005%,0.005%,对超过上次成功计提基准日基金份额累计净值部分按50%比例进行计提,50-100亿元,P1073580
团队跟踪,众壹资产伊雷稳进五号,SVY509,众壹资产伊雷稳进五号私募证券投资基金,SVY509,上海众壹资管,,2022-07-13,2022-07-20,华泰证券股份有限公司,,每个交易日,否,0%,,0%,0.96,无,0.95,0.005,A类份额：0.5%；B类份额：0%,0.025%,0.025%,A类份额：当年化收益率大于6%时，对持有期全额收益按50%比例进行计提，计提后 A 类基金份额持有人年化收益率不低于6%。B类份额：0%,20-50亿元,P1004806
团队跟踪,钧誉酬勤量化5号,SVY543,钧誉酬勤量化5号私募证券投资基金,SVY543,珠海钧誉资管,,2022-07-07,2022-07-12,广发证券股份有限公司,,,否,,,,,,,0,,,,,0-5亿元,P1068716
团队跟踪,中元创富CTA三号,SVY557,中元创富CTA三号私募证券投资基金,SVY557,杭州中元创富资管,,2022-07-12,2022-07-15,财通证券股份有限公司,,每周第一个工作日,否,0%,,持有期小于180天，赎回费率为0.5%；持有期大等于180天，赎回费率为0%,0.92,无,0.9,0.01,,0.03%,0.02%,20%,0-5亿元,P1068188
团队跟踪,前海久盈凯元一号私募证券投资基金,SVY568,前海久盈凯元一号私募证券投资基金,SVY568,深圳前海久盈投资,,2022-07-11,2022-07-13,中信证券股份有限公司,,申购开放日为：每周周三；赎回开放日为：3、6、9、12月第3个周三,否,1%,,0%,0.85,无,0.8,0.02,,0.01%,0.01%,30%,20-50亿元,P1065235
团队跟踪,银杏环球稳健红利私募证券投资基金,SVY692,银杏环球稳健红利私募证券投资基金,SVY692,新余银杏环球投资,,2022-07-27,2022-08-04,中信证券股份有限公司,,,否,,,,,,,0,,,,,0-5亿元,P1065934
团队跟踪,百仑华映量化三十号私募证券投资基金,SVY751,百仑华映量化三十号私募证券投资基金,SVY751,深圳百仑基金,,2022-07-20,2022-07-26,国泰君安证券股份有限公司,,,否,,,,,,,0,,,,,0-5亿元,P1021787
团队跟踪,权舆CTA高频套利1号,SVY895,权舆CTA高频套利1号私募证券投资基金,SVY895,上海权舆,,2022-07-28,2022-08-05,招商证券股份有限公司,谭懿,本基金开放日为每个自然周的周一、周三、周五（遇法定节假日均顺延至下一工作日， 如顺延至同一工作日，则上述重合的开放日只开放一个工作日）,否,0%,追加金额应不低于 10 万元人民币（不 含申购费）,若基金份额持有时间少于3个月，赎回费率1%；若基金份额持有时间大于等于3个月，赎回费率0。,0.975,无,0.97,0,1%/年, 0.015%, 0.015%,在两类情况下管理人将根据基金份 额持有人的收益情况对本基金提取业绩报酬，一类是基金份额持有人申请赎回或本基金终止 时提取业绩报酬；另一类是分红时提取业绩报酬。当基金份额赎回、基金终止或分红时，管理人将提取赎回份额或分红份额当期收益的 20%作为业绩报酬。如本次基金分红时间距上次分红时间（如有）不足 3 个月（每月按 30 个自然日计算），则本次基金分红不对基金份额计提业绩报酬,0-5亿元,P1073573
团队跟踪,时间序列安时1号私募证券投资基金,SVY961,时间序列安时1号私募证券投资基金,SVY961,青岛时间序列资管,,2022-06-28,2022-07-11,财通证券股份有限公司,,,可临开申购和可临开赎回,0,1,0.5%/0,,6,,0.012,,,,,10-20亿元,P1071639
团队跟踪,铭跃行远均衡一号私募证券投资基金,SVZ009,铭跃行远均衡一号私募证券投资基金,SVZ009,上海铭跃,,2022-07-29,2022-08-04,国泰君安证券股份有限公司,,每周周三,可临开赎回,1%,,持有期小于180 天，赎回费率为1%；持有期大等于180天，赎回费率为 0%,0.85,无,0.8,0.01,,0.005%,0.005%,"对超过上次成功计提基准日基金份额累计净值部分按30%比例进行计提。
计提基准日：每季度末月最后一个交易日（固定日，但封闭期及锁定期（如有）除外）、投资者赎回日、分红权益登记日、基金清算日。",50-100亿元,P1073580
团队跟踪,金和金诚5号私募证券投资基金,SVZ035,金和金诚5号私募证券投资基金,SVZ035,上海金和晟,,2022-07-07,2022-07-14,华泰证券股份有限公司,,本基金的开放日为每个交易日。,否,无,每次申购的金额应不低于1万元人民币（不含申购费（如有））,无,0.97,无,0.95,0.01,1.00%,0.01%,0.01%,"本基金采用“单个投资者单份额高水位法”。在基金收益分配、基金份额持有人赎回基金或者基金终止时进行业绩报酬的提取。
3%以上的部分提取50%",10-20亿元,P1071636
团队跟踪,汉马有道另类FOF私募证券投资基金,SVZ147,汉马有道另类FOF私募证券投资基金,SVZ147,广州汉马,,2022-07-15,2022-07-22,万联证券股份有限公司,,,否,,,,,,,0,,,,,0-5亿元,P1064172
团队跟踪,柏石聚配1号,SVZ153,柏石聚配1号私募证券投资基金,SVZ153,西安柏石,,2022-07-18,2022-07-29,国泰君安证券股份有限公司,张效禛,,否,,,,,,,0,,,,,10-20亿元,P1069047
团队跟踪,盛丰量化对冲2号私募证券投资基金,SVZ190,盛丰量化对冲2号私募证券投资基金,SVZ190,海南盛丰,,2022-07-13,2022-07-15,华泰证券股份有限公司,,每周周一、周三、周五,否,1%,不低于10万元,持有期小于180天，赎回费率为1%；持有期大等于180天，赎回费率为0%,0.9,无,0.85,0.01,,0.015%,0.015%,"提取收益部分的20%作为业绩报酬。
计提基准日: 每年6月和12月最后一个交易日、投资者赎回日、分红权益登记日、基金清算日。",100亿元以上,P1073590
团队跟踪,豪敦摩西一号,SVZ199,豪敦摩西一号私募证券投资基金,SVZ199,上海豪敦,,2022-07-05,2022-07-07,华泰证券股份有限公司,武若愚,每周周一、周三、周五,否,0%,,3%,0.96,无,0.95,0.01,,0.025%,0.025%,r≥6%，则R＝F×C×r×60%×T/365，计提后该笔份额当期年化收益率不低于6%,0-5亿元,P1030975
团队跟踪,华钧尚元1期私募证券投资基金,SVZ210,华钧尚元1期私募证券投资基金,SVZ210,北京华钧广汇投资,,2022-07-08,2022-07-18,中信证券股份有限公司,,,否,,,,,,,0,,,,,10-20亿元,P1067480
团队跟踪,慕途汉堡成长1号私募证券投资基金,SVZ215,慕途汉堡成长1号私募证券投资基金,SVZ215,慕途基金,,2022-10-28,2022-11-03,国泰君安证券股份有限公司,,每自然月第10个自然日为开放日。如该对应日为非工作日，则开放日为该日后的第一个工作日。,可临开申购,B类份额：0,每次追加申购的最低金额为10万元人民币。,0,0.8,成立后180天（已结束）。,0.75,0.0188,B类份额：0.5%/年,0.025%/年,0.025%/年,"B类份额：单人单笔高水位法，针对收益0%以上的部分计提10%业绩报酬
本基金业绩报酬计提日为：封闭期过后，每年1月及7月的最后一个交易日，基金份额持有人实际赎回基金份额时（包含全部赎回，部分赎回）、基金终止日。",10-20亿元,P1073298
团队跟踪,顽岩量化对冲2号私募证券投资基金,SVZ237,顽岩量化对冲2号私募证券投资基金,SVZ237,上海顽岩,,2022-07-08,2022-07-08,招商证券股份有限公司,,本基金的申购日为每日开放； 赎回日为每月第三个周五。持有一年内有赎回费,否,本基金的申购日为每日开放； 赎回日为每月第三个周五。持有一年内有赎回费,上海顽岩资产管理有限公司,持有期小于12 个月，赎回费率 为1%；持有期大等于12 个月，赎回费率为0%,0.88,相对价值策略,0.85,0.01,,0.02%,0.02%,20%,100亿元以上,P1034708
团队跟踪,博孚利卓毓一号私募证券投资基金,SVZ258,博孚利卓毓一号私募证券投资基金,SVZ258,厦门博孚利资管,,2022-07-11,2022-07-11,中信证券股份有限公司,,每周的周一、周三和周五,可临开赎回,0%,1万元起,0%,,无,,0.003,,0.015%,0.015%,不计提业绩报酬,50-100亿元,P1023120
团队跟踪,理博2号500私募证券投资基金,SVZ471,理博2号500私募证券投资基金,SVZ471,杭州理博,,2022-07-19,2022-07-26,中信证券股份有限公司,,,否,,,,,,,0,,,,,0-5亿元,P1072890
团队跟踪,嘉懿柔蓝私募证券投资基金,SVZ570,嘉懿柔蓝私募证券投资基金,SVZ570,上海嘉懿萃,,2022-09-21,2022-09-28,国泰君安证券股份有限公司,,,否,,,,,,,0,,,,,50-100亿元,P1073454
团队跟踪,博孚利多策略51号私募证券投资基金,SVZ587,博孚利多策略51号私募证券投资基金,SVZ587,厦门博孚利资管,,2022-07-28,2022-07-28,长城证券股份有限公司,,每个工作日,否,0%,1 万元起,1%,,无,,0.01,2025.10.16暂停,0.02%,0.02%,年化5.5%以下不计提，年化5.5%以上计提全部收益的60%且计提后年化不低于5.5%,50-100亿元,P1023120
团队跟踪,盛丰量化对冲3号私募证券投资基金,SVZ733,盛丰量化对冲3号私募证券投资基金,SVZ733,海南盛丰,,2022-07-15,2022-07-19,华泰证券股份有限公司,,每周周一、周三、周五,否,1%,,持有期小于180天，赎回费率为1%；持有期大等于180天，赎回费率为0%,0.9,无,0.85,0.01,,0.015%,0.015%,"10%。
计提基准日：每年6月和12月最后一个交易日、投资者赎回日、分红权益登记日、基金清算日",100亿元以上,P1073590
团队跟踪,量信进取9号私募证券投资基金,SVZ754,量信进取9号私募证券投资基金,SVZ754,北京量信投资,,2022-07-15,2022-07-19,国信证券股份有限公司,,,否,,,,,,,0,,,,,0-5亿元,P1034574
团队跟踪,同石增利1号,SVZ819,同石增利1号私募证券投资基金,SVZ819,山东同石,,2022-07-25,2022-07-29,招商证券股份有限公司,,每自然月第10个自然日为开放日。如该对应日为非工作日，则开放日为该日后的第一个工作日。,可临开申购,B类份额：0,每次追加申购的最低金额为10万元人民币。,0,0.8,成立后180天（已结束）。,0.75,0.01,B类份额：0.5%/年,0.025%/年,0.025%/年,"B类份额：单人单笔高水位法，针对收益0%以上的部分计提10%业绩报酬
本基金业绩报酬计提日为：封闭期过后，每年1月及7月的最后一个交易日，基金份额持有人实际赎回基金份额时（包含全部赎回，部分赎回）、基金终止日。",0-5亿元,P1073159
团队跟踪,跃威常鑫一号私募证券投资基金,SVZ972,跃威常鑫一号私募证券投资基金,SVZ972,上海跃威,,2022-08-01,2022-08-04,长城证券股份有限公司,,,否,,,,,,,0,,,,,20-50亿元,P1068331
团队跟踪,诚奇管理7号私募基金,SW0337,诚奇管理7号私募基金,SW0337,上海诚奇,,2017-06-28,2017-07-05,中信证券股份有限公司,何文奇,,否,,,,,,,0,,,,,100亿元以上,P1001430
团队跟踪,宽投量化三号私募投资基金,SW0500,宽投量化三号私募投资基金,SW0500,上海宽投资管,,2017-06-23,2017-07-03,华泰证券股份有限公司,钱成,,否,,,,,,,0,,,,,100亿元以上,P1010769
团队跟踪,鸣熙致远八号私募基金,SW0743,鸣熙致远八号私募基金,SW0743,鸣熙资本,,2017-07-21,2017-08-01,国信证券股份有限公司,,,否,,,,,,,0,,,,,100亿元以上,P1033450
团队跟踪,量道博量1号私募证券投资基金,SW0998,量道博量1号私募证券投资基金,SW0998,深圳量道投资,,2017-07-24,2017-07-31,国泰君安证券股份有限公司,,每个自然月28日（如遇非工作日顺延）；可视需求增设临时开放日,否,,不低于1万元人民币,1%,0.8,无封闭期,0.75,0,1.5%年化，每日计提，按季支付,0.05%年化，每日计提，按季支付,0.05%年化，每日计提，按季支付,"1.业绩报酬的计提基准日：【固定计提日、投资者赎回日、分红权益登记日-N日（N为份额确认时效日）、基金清算日。其中固定计提日为【即每年6月、12月最后一个交易日】，如遇节假日则顺延至下一工作日】
2.单人单笔高水位法
3.计提比例20%",100亿元以上,P1016658
团队跟踪,横琴广金美好康德多策略一号私募投资基金,SW1298,横琴广金美好康德多策略一号私募投资基金,SW1298,广东横琴广鑫美好,,2017-06-20,2017-07-04,金融街证券股份有限公司,,,否,,,,,,,0.01,,0.04%,0.04%,,50-100亿元,P1033731
团队跟踪,盛冠达试金石3号,SW1709,盛冠达试金石3号私募投资基金,SW1709,海南盛冠达,,2017-11-02,2017-11-14,国信证券股份有限公司,张俊杰、黄灿,每月最后一个工作日,可临开赎回,申购费1%,10万元的整数倍,无,0.95,,0.9,0.01,1%+20%,0.075%,0.075%,20%,20-50亿元,P1001070
团队跟踪,赜远量化选股7号私募证券投资基金A类份额,SW203A,赜远量化选股7号私募证券投资基金A类份额,SW203A,珠海赜远,,2021-10-13,2021-10-20,中信证券股份有限公司,,每周最后一个交易日,否,0%,,0%,,无,,0,,0.02%,0.02%,不计提业绩报酬,5-10亿元,P1072412
团队跟踪,铭量智选1号私募证券投资基金A类,SW260A,铭量智选1号私募证券投资基金A类,SW260A,珠海铭量投资,,2021-09-29,,中信证券股份有限公司,,每周最后一个工作日及每个自然月最后一个工作日,否,,1万的整数倍,,,,,0,,0.02%,0.02%,采用高水位扣份额方式计提创新高部分的15%。每年12月最后一个交易日提取业绩报酬以及分红、赎回和合同终止时提取,0-5亿元,P1071111
团队跟踪,量桥投资星瀚六号私募证券投资基金,SW3482,量桥投资星瀚六号私募证券投资基金,SW3482,上海量桥投资,,2017-10-20,2017-10-26,国泰海通证券股份有限公司,,,否,,,,,,,0,,,,,10-20亿元,P1025719
团队跟踪,时代复兴微观二号私募基金,SW3664,时代复兴微观二号私募基金,SW3664,宁波梅山元贞铭至投资,,2017-08-31,2017-09-19,中信证券股份有限公司,,,否,,,,,,,0,,,,,0-5亿元,P1062062
团队跟踪,顽岩稳健1号,SW3871,顽岩稳健1号私募证券投资基金,SW3871,上海顽岩,,2017-07-27,2017-08-08,国信证券股份有限公司,,申购开放日为每个工作日；赎回开放日为每月10号,否,0%,,0%,0.95,,0.9,0,,,,A类份额：R≤8%，不计提；R>8%，MIN(整体收益的60%，超过8%收益）,100亿元以上,P1034708
团队跟踪,水木博雅中证500指数增强2号私募证券投资基金A类份额,SW404A,水木博雅中证500指数增强2号私募证券投资基金A类份额,SW404A,珠海水木博雅,,2021-09-29,,中信证券股份有限公司,,,否,,,,,,,0,,,,,0-5亿元,P1071281
团队跟踪,量信量化2期,SW6575,量信量化2期私募证券投资基金,SW6575,北京量信投资,,2017-08-17,2017-08-24,国信证券股份有限公司,任重,本基金自成立之日起，每周三为固定开放日，如开放日遇节假日则顺延至下一工作日。固定开放日投资者可以申购参与本基金，也可以申请赎回本基金。,可临开赎回,0%,10万起,0%,0.85,在本基金存续期内，除开放日外的期间为封闭期，在此期间管理人不接受投资者的申购和赎回申请。,0.8,0,,0.1%,0.1%,"单人单笔高水位  20%

年化收益率（R）    计提比例          收取业绩报酬总额（Y）的计提公式
R≤0%                           0                                   Y=0
0%<R                         20%                     Y1（R）=A×R×20%×T/365",0-5亿元,P1034574
团队跟踪,华安合鑫稳健一期私募投资基金,SW7103,华安合鑫稳健一期私募投资基金,SW7103,深圳华安合鑫,,2017-08-25,2017-09-11,国泰君安证券股份有限公司,袁巍,,否,,,,,,,0,,,,,20-50亿元,P1062311
团队跟踪,大墉滴水成海7号,SW7194,大墉滴水成海7号私募投资基金,SW7194,上海大墉资管,,2017-10-24,2017-10-30,国泰君安证券股份有限公司,常宗琪、鲍瑞海,,否,,,,,,,0,,,,,5-10亿元,P1026498
团队跟踪,量道风云2号私募证券投资基金,SW7205,量道风云2号私募证券投资基金,SW7205,深圳量道投资,,2017-08-17,2017-08-24,国泰君安证券股份有限公司,,每月28日,否,1%,不低于1万元,持有期小于180 天，赎回费率为1%；持有期大等于180 天，赎回费率为0.5%,0.8,无,0.75,0.01,,0.05%,0.05%,20%,100亿元以上,P1016658
团队跟踪,涌富三号私募基金,SW7262,涌富三号私募基金,SW7262,上海友莹格资管,,2017-08-16,2017-08-31,招商证券股份有限公司,,,否,,,,,,,0,,,,,0-5亿元,P1060304
团队跟踪,涌富四号私募基金,SW7268,涌富四号私募基金,SW7268,上海友莹格资管,,2017-08-16,2017-08-31,招商证券股份有限公司,,,否,,,,,,,0,,,,,0-5亿元,P1060304
团队跟踪,涌富五号私募基金,SW7271,涌富五号私募基金,SW7271,上海友莹格资管,,2017-09-05,2017-09-07,招商证券股份有限公司,,,否,,,,,,,0,,,,,0-5亿元,P1060304
团队跟踪,量道富祥cta1号,SW7277,量道富祥cta1号私募证券投资基金,SW7277,深圳量道投资,,2017-08-17,2017-08-24,国泰君安证券股份有限公司,,每个交易日,否,1%,1 万元的整数倍,持有期小于180 天，赎回费率为1%；持有期大等于180 天，赎回费率为0.5%,0.8,无,0.75,0.01,,0.05%/年,0.05%/年,"1、计提方式：单个投资者单笔高水位净值法。
2、计提时点：赎回日、分红权益登记日、基金清算日、固定提取日（即每年6月、12月最后一个交易日)。
3、计提比例：20%。",100亿元以上,P1016658
团队跟踪,量道吉祥6号私募证券投资基金,SW7284,量道吉祥6号私募证券投资基金,SW7284,深圳量道投资,,2021-09-29,2021-10-12,兴业证券股份有限公司,,每个交易日,否,A类份额:1%，B类份额:0%，C类份额：1%。,1 万元的整数倍,A类份额：持有期小于180天，赎回费率为1% ；持有期大等于180天，赎回费率为0%。B类份额：0%。C类份额：持有期小于180天，赎回费率为1% ；持有期大等于180天，赎回费率为0%。,,无,,0.015,A类份额:1.50%，B类份额:0%，C类份额:1.00%。 A类份额：除B类、C类份额投资者以外的所有投资者。 B类份额：管理人认定的特殊投资者。C类份额：管理人认定的特殊投资者。,0.025％/年,0.025％/年,"A类份额：
计提方式：单客户单笔份额高水位法。
计提时点：赎回日、基金终止日、分红权益登记日、固定结算日（每年6月最后一个交易日）。
计提比例：20%。
B类份额：不计提业绩报酬。
C类份额：
计提方式：单客户单笔份额高水位法。
计提时点：赎回日、基金终止日、分红权益登记日、固定结算日（每年6月最后一个交易日）。
计提比例：20%。",100亿元以上,P1016658
团队跟踪,大道白驹私募证券投资基金,SW7431,大道白驹私募证券投资基金,SW7431,深圳大道投资,,2017-08-04,2017-08-17,广发证券股份有限公司,朱明强,每周五开放申购； 每月第一个周五开放赎回,否,0,,0,,,,0.01,,,,20%，单客户单笔高水位净值法,100亿元以上,P1032257
团队跟踪,简一天行价值1号私募投资基金,SW7677,简一天行价值1号私募投资基金,SW7677,广州简一投资,,2017-08-28,2017-09-07,广发证券股份有限公司,,,否,,,,,,,0,,,,,0-5亿元,P1063096
团队跟踪,华量锐天量化1号私募证券投资基金,SW7742,华量锐天量化1号私募证券投资基金,SW7742,上海锐天投资,,2017-09-19,2017-09-27,国泰君安证券股份有限公司,,,否,,,,,,,0,,,,,100亿元以上,P1024169
团队跟踪,旭诺CTA一号,SW8015,旭诺CTA一号私募基金,SW8015,上海旭诺资管,,2017-08-23,2017-09-05,中信证券股份有限公司,,封闭期满后每个自然月 25 号开放申购和赎回，如对应日为非工作日，则顺延至下一个工作日,否,认购费1%，申购费1%,每次追加认购的金额应当不少于 10 万元（不含认购费用）,持有期限小于365天，赎回费为1%；持有期限大于等于365天，赎回费为0%；基金终止或清算，赎回费为0%,0.85,6个月,0.8,0.015,1.5%,0.050%,0.050%,管理人根据期间年化收益率对收益超过 0%以上部分按照 20%的比例收取管理人业绩报酬,10-20亿元,P1002888
团队跟踪,渤海期货远澜翠柏2号私募证券投资基金,SW8342,渤海期货远澜翠柏2号私募证券投资基金,SW8342,上海远澜,,2017-10-26,2017-11-01,国信证券股份有限公司,周龙威,,否,,,,,,,0,,,,,100亿元以上,P1018484
团队跟踪,量道新邮1号私募证券投资基金,SW8593,量道新邮1号私募证券投资基金,SW8593,深圳量道投资,,2017-11-23,2017-11-30,国泰君安证券股份有限公司,,无（管理人可设临时开放，次数不超过两次，且只允许申购）,否,,不低于1万元人民币,0,0.92,无封闭期,0.88,0,0.5%年化，每日计提，按季支付,0.005%年化，每日计提，按季支付,0.005%年化，每日计提，按季支付,本基金不计提业绩报酬。,100亿元以上,P1016658
团队跟踪,鸣石量化指数增强春天11号私募证券投资基金,SW8749,鸣石量化指数增强春天11号私募证券投资基金,SW8749,上海鸣石,,2017-11-02,2017-11-07,国泰君安证券股份有限公司,王晓晗,每季度最后一个交易日,否,无,,无,0.8,无,0.7,0.015,,0.05%,0.05%,,100亿元以上,P1005659
团队跟踪,灰金量化3号私募基金,SW8878,灰金量化3号私募基金,SW8878,北京灰金量投资管,,2017-08-30,2017-09-07,国信证券股份有限公司,师纪瑞,,否,,,,,,,0,,,,,0-5亿元,P1016598
团队跟踪,靖奇睿科三号,SW9335,靖奇睿科三号私募基金,SW9335,上海靖奇投资,,2017-09-06,2017-09-11,国泰君安证券股份有限公司,范思奇,每月15号,可临开赎回,0%,不低于 10 万元,0%,0.95,1个月,0.9,0,,0.05%,0.05%,50%,0-5亿元,P1019905
团队跟踪,靖奇睿科五号私募基金,SW9337,靖奇睿科五号私募基金,SW9337,上海靖奇投资,,2017-09-05,2017-09-11,国泰君安证券股份有限公司,范思奇,每自然月15号,否,0%,,0%,0.95,成立日起1个月,0.9,0,,0.05%,0.05%,50%,0-5亿元,P1019905
团队跟踪,黛眉杉树,SW9623,黛眉杉树私募证券投资基金,SW9623,上海杉树资管,,2017-09-01,2017-09-11,国泰君安证券股份有限公司,刘世伟,"申购：每个交易日
赎回：每个交易日",否,0%,不低于10万元。,0%,0.8,无,0.75,0,本基金不收取管理费。,0.05%,0.05%,不收取业绩报酬。,20-50亿元,P1002462
团队跟踪,尚艺金蟾永续私募投资基金,SX0139,尚艺金蟾永续私募投资基金,SX0139,北京尚艺,,2017-09-12,2017-09-19,招商证券股份有限公司,王峥,,否,,,,,,,0,,,,,50-100亿元,P1006152
团队跟踪,朋锦金石炽阳,SX0534,朋锦金石炽阳私募投资基金,SX0534,仲阳天王星,,2018-01-09,2018-01-18,海通证券股份有限公司,,每月最后一个交易日,否,1%,,0%,0.9,6个月,0.85,0.0075,,0.075%,0.075%,20%,100亿元以上,P1005954
团队跟踪,时代复兴微观一号私募证券投资基金,SX1152,时代复兴微观一号私募证券投资基金,SX1152,北京时代复兴投资,,2017-09-15,2017-09-21,中信证券股份有限公司,谭晟宇,,否,,,,,,,0,,,,,20-50亿元,P1016372
团队跟踪,时代复兴成长增强保护1号,SX1581,时代复兴成长增强保护1号私募证券投资基金,SX1581,北京时代复兴投资,,2017-09-15,2017-09-21,国信证券股份有限公司,,FOF投资产品池,否,每自然季度的最后一个工作日，可临开,北京时代复兴投资管理有限公司,,,相对价值策略,,0,,,,,20-50亿元,P1016372
团队跟踪,紫竹二号私募基金,SX1868,紫竹二号私募基金,SX1868,上海天戈投资,,2017-09-22,2017-10-10,招商证券股份有限公司,,,否,,,,,,,0,,,,,5-10亿元,P1008509
团队跟踪,鸣石春天十三号,SX2090,鸣石春天十三号私募投资基金,SX2090,上海鸣石,,2018-03-28,2018-04-13,招商证券股份有限公司,,,否,,,,,,,0,,,,,100亿元以上,P1005659
团队跟踪,博普CTA趋势1号私募基金,SX2838,博普CTA趋势1号私募基金,SX2838,深圳博普科技,,2017-09-07,2017-10-18,招商证券股份有限公司,袁豪,每个自然月的 25 号,否,0.00%,,0.00%,,无,,0,,,,"A类：0%。B类：16%
",50-100亿元,P1001724
团队跟踪,君拙股指一号私募证券投资基金,SX2973,君拙股指一号私募证券投资基金,SX2973,杭州君拙投资,,2020-07-29,2020-08-03,招商证券股份有限公司,,"每个自然月 16 号，遇非顺延
",否,,,,0.75,成立起6个月,0.7,0,"1.00%
",,"0.03%
","20%
",0-5亿元,P1031596
团队跟踪,珠池可转债量化精选2期私募投资基金,SX4087,珠池可转债量化精选2期私募投资基金,SX4087,上海珠池资管,,2017-11-10,2017-11-20,招商证券股份有限公司,,,否,,,,,,,0,,,,,50-100亿元,P1014451
团队跟踪,旭冕股指常青私募证券投资基金,SX4437,旭冕股指常青私募证券投资基金,SX4437,上海旭冕投资,,2017-11-10,2017-11-23,兴业证券股份有限公司,胡卿,,否,,,,,,,0,,,,,0-5亿元,P1024976
团队跟踪,沁源全球精选,SX4705,沁源全球精选私募证券投资基金,SX4705,浙江沁源,,2017-11-16,2017-11-28,中信证券股份有限公司,,每月25日,否,0%,,持有期小等于180天，赎回费率为1%；持有期大于180天，赎回费率为0%,0.75,6个月,0.7,0.01,,0.01%,0.01%,提取年化收益的20%作为业绩报酬,50-100亿元,P1006908
团队跟踪,量锐18号,SX4966,量锐18号私募基金,SX4966,宁波金戈量锐资管,,2017-10-17,2017-10-25,中信证券股份有限公司,金戈,,否,,,,,,,0,,,,,100亿元以上,P1008220
团队跟踪,友山CTA复合,SX6149,友山CTA复合私募证券投资基金,SX6149,友山基金,,2017-11-28,2017-12-05,国泰君安证券股份有限公司,秦天玖,,否,,,,,,,0,,,,,20-50亿元,P1000551
团队跟踪,天算顺势1号,SX6549,天算顺势1号私募基金,SX6549,北京天算,,2017-10-25,2017-10-30,招商证券股份有限公司,何天鹰,每日,否,0,,0,,0,,0,,,,高水位计提20%,100亿元以上,P1028908
团队跟踪,迈萃阿尔法猫,SX7373,迈萃阿尔法猫私募投资基金,SX7373,上海迈萃资管,,2018-03-07,2018-03-15,招商证券股份有限公司,毛东元,,否,,,,,,,0,,,,,0-5亿元,P1062084
团队跟踪,龙旗凌云私募投资基金,SX7594,龙旗凌云私募投资基金,SX7594,杭州龙旗科技,,2017-12-21,2018-01-04,国泰君安证券股份有限公司,,,否,,,,,,,0,,,,,100亿元以上,P1000676
团队跟踪,华软新动力优势39期私募证券基金,SX7662,华软新动力优势39期私募证券基金,SX7662,北京华软新动力,,2017-11-01,2017-11-07,国泰君安证券股份有限公司,,,否,,,,,,,0,,,,,50-100亿元,P1000997
团队跟踪,川砺稳健二号,SX8485,川砺稳健二号私募基金,SX8485,宁波川砺,,2017-12-22,2017-12-28,申万宏源证券有限公司,唐诗城、刘建平,每月第1个工作日和第15个工作日,否,0%,,0%,0.9,12个月,0.85,0.01,,0.02%,0.02%,"当收益率在3%之内时，不计提;当收益率大于3%时，超出部分计提比例为25%
",5-10亿元,P1064154
团队跟踪,大岩超越500,SX8685,大岩超越500私募证券投资基金,SX8685,深圳嘉石大岩,,2017-12-13,2017-12-18,招商证券股份有限公司,黄铂,,否,,,,,,,0,,,,,50-100亿元,P1000709
团队跟踪,宁水精选三期,SX8915,宁水精选三期私募证券投资基金,SX8915,厦门宁水,,2017-11-27,2017-12-21,中泰证券股份有限公司,,,否,,,,,,,0,,,,,20-50亿元,P1066639
团队跟踪,长石智丰3号私募证券投资基金,SX8920,长石智丰3号私募证券投资基金,SX8920,三亚长石,,2017-11-17,2017-11-24,国泰君安证券股份有限公司,,,否,,,,,,,0,,,,,5-10亿元,P1074173
团队跟踪,毗陵青果,SX9002,毗陵青果私募证券投资基金,SX9002,常州毗陵,,2017-12-19,2017-12-26,国泰君安证券股份有限公司,李俊,,否,,,,,,,0,,,,,5-10亿元,P1074852
团队跟踪,量游寰宇一号,SX9015,量游寰宇一号私募投资基金,SX9015,上海量游资管,,2017-11-10,2017-11-17,国泰君安证券股份有限公司,刘鹏宇,每周周二、周五,可临开赎回,0%,,0%,0.9,无,0.88,0.01,,0.05%,0.05%,"单个投资者单笔高水位净值法，计提比例 20%。业绩报酬以扣减委托人份额的方式提取。
计提时点：本基金业绩报酬计提基准日分为固定计提基准日（每自然季度末月最后一个交易日）、赎回申请日、分红权益登记日和基金终止日。",5-10亿元,P1005511
团队跟踪,日出定向1号私募投资基金,SX9230,日出定向1号私募投资基金,SX9230,杭州遂玖,,2017-11-10,2017-11-16,招商证券股份有限公司,,,否,,,,,,,0,,,,,100亿元以上,P1026979
团队跟踪,洛书尊享CTA拾壹号,SX9263,洛书尊享CTA拾壹号私募证券投资基金,SX9263,上海洛书投资,,2017-11-16,2017-11-21,国泰君安证券股份有限公司,谢冬,每月最后一个交易日,可临开申购和可临开赎回,1%（可免）,,0,0.87,无,0.85,0.01,20%,0.04%,0.04%,20%，赎回日、分红权益登记日、基金清算日；,100亿元以上,P1015392
团队跟踪,艾悉财赋1号,SX9349,艾悉财赋1号私募证券投资基金,SX9349,上海艾悉,,2017-11-20,2017-11-23,国泰君安证券股份有限公司,杨柳,FOF投资产品池,否,每交易日开放,上海艾悉资产管理有限公司,,,股票多空策略,,0,,,,,0-5亿元,P1065219
团队跟踪,复熙恒赢11号,SX9850,复熙恒赢11号私募证券投资基金,SX9850,上海复熙资管,,2017-10-27,2017-11-01,中信证券股份有限公司,罗思远,"申购日：每周二四；
赎回日;每月18号",否,0,,0,0.9,无,0.8,0.005,,0.05%,0.05%,6%以上收20%,20-50亿元,P1006187
团队跟踪,鸣石春天指数增强二十六号私募证券投资基金,SX9904,鸣石春天指数增强二十六号私募证券投资基金,SX9904,上海鸣石,,2018-03-27,2018-04-12,国泰君安证券股份有限公司,,,否,,,,,,,0,,,,,100亿元以上,P1005659
团队跟踪,龙旗云起私募证券投资基金,SX9928,龙旗云起私募证券投资基金,SX9928,杭州龙旗科技,,2017-12-21,2018-01-04,国泰海通证券股份有限公司,,"每个月最后一个工作日
",否,,,,0.5,无,0.5,0,"2.00%
",,"0.20%
","22%
",100亿元以上,P1000676
团队跟踪,跃威安鑫一号私募证券投资基金,SXA160,跃威安鑫一号私募证券投资基金,SXA160,上海跃威,,2022-08-29,2022-09-14,招商证券股份有限公司,,,否,,,,,,,0,,,,,20-50亿元,P1068331
团队跟踪,系数CTA套利一号,SXA186,系数CTA套利一号私募证券投资基金,SXA186,上海系数投资,,2022-08-08,2022-08-11,华泰证券股份有限公司,,每周周一,否,1%,,1%,,无,,0.01,,0.01%,0.01%,当期间年化收益率大于8%时，对所有收益按照20%的比例收取业绩报酬，且计提后该笔份额的期间年化收益率不低于8%,0-5亿元,P1002468
团队跟踪,量桥投资聚川11号私募证券投资基金,SXA352,量桥投资聚川11号私募证券投资基金,SXA352,上海量桥投资,,2022-08-02,2022-08-09,招商证券股份有限公司,,每周周一、周三、周五,否,0%,,0%,0.85,,0.8,0.01,A类份额：1%，B类份额：0%,0.025%,0.025%,A类份额：当基金份额赎回、基金终止或分红时，管理人将提取赎回份额或分红份额当期收益的30%作为业绩报酬。B类份额：0%,10-20亿元,P1025719
团队跟踪,量桥投资鸿瑞10号私募证券投资基金,SXA355,量桥投资鸿瑞10号私募证券投资基金,SXA355,上海量桥投资,,2022-08-02,2022-08-10,招商证券股份有限公司,,每周周一、周三、周五,否,0%,,0%,0.85,,0.8,0.01,A类份额：1%，B类份额：0%,0.025%,0.025%,"A类份额：当基金份额赎回、基金终止或分红时，赎回份额或分红份额当期收益低于30%（含），管理人提取35%作为业绩报酬；
当基金份额赎回、基金终止或分红时，赎回份额或分红份额当期收益高于30%（不含），管理人提取0%-30%收益35%以及超过30%收益部分提取40%作为业绩报酬。
B类份额：0%。",10-20亿元,P1025719
团队跟踪,安值青峰量化1号私募证券投资基金,SXA398,安值青峰量化1号私募证券投资基金,SXA398,青岛安值投资,,2022-11-29,2022-12-01,中泰证券股份有限公司,,,否,,,,,,,0,,,,,20-50亿元,P1066882
团队跟踪,湘楚麓山三号私募证券投资基金,SXA621,湘楚麓山三号私募证券投资基金,SXA621,湖南湘楚,,2022-08-09,2022-08-19,招商证券股份有限公司,,,否,,,,,,,0,,,,,0-5亿元,P1069255
团队跟踪,汉盛新千禧壹号私募证券投资基金,SXA627,汉盛新千禧壹号私募证券投资基金,SXA627,上海汉鸿,,2022-08-16,2022-08-24,海通证券股份有限公司,杨正豪,每自然月第10个自然日为开放日。如该对应日为非工作日，则开放日为该日后的第一个工作日。,可临开申购,B类份额：0,每次追加申购的最低金额为10万元人民币。,0,0.8,成立后180天（已结束）。,0.75,0,B类份额：0.5%/年,0.025%/年,0.025%/年,"B类份额：单人单笔高水位法，针对收益0%以上的部分计提10%业绩报酬
本基金业绩报酬计提日为：封闭期过后，每年1月及7月的最后一个交易日，基金份额持有人实际赎回基金份额时（包含全部赎回，部分赎回）、基金终止日。",10-20亿元,P1072580
团队跟踪,朗海恒昇二号私募证券投资基金,SXA760,朗海恒昇二号私募证券投资基金,SXA760,青岛朗海,,2022-09-13,2022-09-20,中信证券股份有限公司,,,否,,,,,,,0,,,,,5-10亿元,P1073721
团队跟踪,蝶威深度智能稳健10号私募证券投资基金,SXB082,蝶威深度智能稳健10号私募证券投资基金,SXB082,上海蝶威,,2022-08-11,2022-08-19,国信证券股份有限公司,,每个交易日,否,,1万的整数倍,1%（管理人有权减免，FOF机构免除）,0.9,无,0.8,0.008,,0.03%,0.03%,"当基金份额持有人申请赎回、基金分红或本基金终止时，管理人根据基金份额持有人每一基金份额的年化收益率（R）提取业绩报酬，经计算确认的业绩报酬从基金份额持有人赎回、基金分红款或基金资金清算款中以现金支付。当R≤M%时，则不提取业绩报酬。
当R>M%时，对超过M%的收益部分提取N%的业绩报酬。M%=8%，N%=60%",10-20亿元,P1070101
团队跟踪,大道量化CTA平衡私募证券投资基金,SXB102,大道量化CTA平衡私募证券投资基金,SXB102,深圳大道投资,,2022-08-05,2022-08-05,国信证券股份有限公司,,申购开放日为每周周五，赎回开放日为每月第一个周五,否,0%,,持有期小于180天，赎回费率为1%；持有期大等于180天，赎回费率为0%,0.7,无,0.6,0.01,,0.015%,0.015%,20%,100亿元以上,P1032257
团队跟踪,博孚利守安FOF私募证券投资基金,SXB196,博孚利守安FOF私募证券投资基金,SXB196,厦门博孚利资管,,2022-08-16,2022-08-16,国泰君安证券股份有限公司,,基金成立之后的每周周一、周三、周五，如遇非交易日，则顺延至下一交易日。,可临开赎回,0%,无,0%,0.75,无,0.7,0.005,,0.015%,0.015%,计提基准为年化5%，对超出业绩报酬计提基准的持有期差额收益按25%比例进行计提。,50-100亿元,P1023120
团队跟踪,蜂起海外宏观量化1号私募证券投资基金,SXB337,蜂起海外宏观量化1号私募证券投资基金,SXB337,珠海蜂起资本,,2022-08-15,2022-08-18,招商证券股份有限公司,潘錡宝,,否,,,,,,,0,,,,,5-10亿元,P1027405
团队跟踪,日青木化意享1号,SXB354,日青木化意享1号私募证券投资基金,SXB354,宁波日青木化资管,,2022-08-29,2022-09-02,华泰证券股份有限公司,,每个交易日,否,0%,,0%,,,,0.01,,0.0125%,0.0125%,"本基金采用“单个投资者单份额高水位法”。
业绩报酬（R）的计提方法：
如果 r＜6%，则 R＝0
如果 r≥6%，则 R＝min{F×C×r×40%×T/365，F×C×(r－6%)×T/365}",10-20亿元,P1069111
团队跟踪,启林量化中证1000指数增强33号私募证券投资基金,SXB363,启林量化中证1000指数增强33号私募证券投资基金,SXB363,上海启林投资,,2022-08-25,2022-08-30,中国银河证券股份有限公司,,,否,,,,,,,0,,,,,100亿元以上,P1064525
团队跟踪,量锐145号,SXB513,量锐145号私募证券投资基金,SXB513,宁波金戈量锐资管,,2022-08-12,2022-08-17,华安证券股份有限公司,,每周五，每年6月、12月最后一个交易日,否,0,1万起,0,0.92,无,0.9,0.015,,0.06%,0,,100亿元以上,P1008220
团队跟踪,托特量化优选1号私募证券投资基金,SXB538,托特量化优选1号私募证券投资基金,SXB538,三亚托特,,2022-08-12,2022-08-17,招商证券股份有限公司,张登、邢亚杰,,否,,,,,,,0,,,,,100亿元以上,P1073258
团队跟踪,云起量化金选8号,SXB613,云起量化金选8号私募证券投资基金,SXB613,宁波云起量化,,2022-08-23,2022-08-25,国泰君安证券股份有限公司,,申购开放日为每个交易日，赎回开放日为每月15日和每月最后一个交易日,否,1%,,持有期小于180 天，经管理人同意后方可赎回，赎回费率为1%；持有期大等于180天但小于365天，赎回费率为1%；持有期大等于365天，赎回费率为0%,,无,,0.02,,0.02%,0.02%,对超过上次成功计提基准日基金份额累计净值部分按 20%比例进行计提。,50-100亿元,P1071951
团队跟踪,和谐汇一医疗创新私募证券投资基金,SXB786,和谐汇一医疗创新私募证券投资基金,SXB786,上海和谐汇一资管,,2022-08-16,2022-08-16,东方证券股份有限公司,,,否,,,,,,,0,,,,,100亿元以上,P1071212
团队跟踪,泓湖高腾博喻宏观策略,SXB832,泓湖高腾博喻宏观策略私募证券投资基金,SXB832,上海泓湖,,2022-08-11,2022-08-11,广发证券股份有限公司,梁文涛,每周最后一个交易日,否,0,1万元起,0%,,,,0.0075,B：0.75%+15%（5%以上部分的固定比例）,0.025%,0.025%,B类份额：超过年化收益（Y，Y=【5】%）以上部分的固定比例（R，R=【15】%）计提业绩报酬。,100亿元以上,P1000395
团队跟踪,博孚利CTA-FOF99号私募证券投资基金,SXB851,博孚利CTA-FOF99号私募证券投资基金,SXB851,厦门博孚利资管,,2022-08-16,2022-08-16,国泰君安证券股份有限公司,,每日开放,否,0%,1 万元起,0%,0.6,无,0.5,0.01,A类份额：0%；B类份额：1％,0.015%,0.015%,B类份额：对超出业绩报酬计提基准 （6%）的持有期差额收益按 15%进行计提。A类份额：0%,50-100亿元,P1023120
团队跟踪,一马金品量化稳健1号,SXB860,一马金品量化稳健1号私募证券投资基金,SXB860,宁波梅山保税港区一马,,2022-08-31,2022-09-05,中国国际金融股份有限公司,,,否,,,,,,,0,,,,,0-5亿元,P1033767
团队跟踪,照月海舟CTA进取1号私募证券投资基金,SXB922,照月海舟CTA进取1号私募证券投资基金,SXB922,成都照月,,2022-08-19,2022-08-25,招商证券股份有限公司,,每个工作日,否,1%,,0%,0.7,,0.6,0.015,,0.025%,0.025%,当 R>0％时，对超过 0%的收益部分提取 20%的业绩报酬,5-10亿元,P1067191
团队跟踪,量道中证1000指数增强9号私募证券投资基金,SXC079,量道中证1000指数增强9号私募证券投资基金,SXC079,深圳量道投资,,2022-08-24,2022-08-25,华福证券股份有限公司,,,否,,,,,,,0,,,,,100亿元以上,P1016658
团队跟踪,臻选私享指数增强私募证券投资基金,SXC128,臻选私享指数增强私募证券投资基金,SXC128,海南臻选,,2022-08-22,2022-08-25,国泰君安证券股份有限公司,刘德多,,否,,,,,,,0,,,,,5-10亿元,P1072693
团队跟踪,锴量问天一号,SXC157,锴量问天一号私募证券投资基金,SXC157,上海锴量投资,,2022-08-18,2022-08-23,招商证券股份有限公司,郭金链,,否,,,,,,,0,,,,,5-10亿元,P1070166
团队跟踪,鸿锦郁金香多策略私募证券投资基金,SXC252,鸿锦郁金香多策略私募证券投资基金,SXC252,上海特夫,,2022-08-23,2022-08-29,国泰君安证券股份有限公司,,每周周一、周三,否,1%,1万元起,0%（持有期小于180 天，经管理人同意后方可赎回）,0.9,,0.85,0.005,,0.025%,0.025%,50%，每自然季度首月最后一个交易日（固定日，但封闭期及锁定期（如有）除外）、投资者赎回日、分红权益登记日、基金清算日,0-5亿元,P1026263
团队跟踪,古曲高新一号私募证券投资基金,SXC364,古曲高新一号私募证券投资基金,SXC364,上海古曲,,2022-09-14,2022-09-19,光大证券股份有限公司,,每周周二,否,0%,,0%,0.8,,0.75,0.001,,0.025%,0.025%,不计提业绩报酬,5-10亿元,P1005787
团队跟踪,广发资管可转债量化投资2号集合资产管理计划,SXC375,广发资管可转债量化投资2号集合资产管理计划,SXC375,广发证券资管,,2022-08-22,2022-08-26,广州农村商业银行股份有限公司,,自然月前五交易日,可临开赎回,0.8%,,0,,180天,,0.013,,0.01%/年,,,,PT0700003914
团队跟踪,德远AI绝对收益策略1号,SXC403,德远AI绝对收益策略1号私募证券投资基金,SXC403,深圳德远投资,,2022-09-19,2022-09-22,中信证券股份有限公司,陈钦鸿,申购开放日为每个交易日，赎回开放日为每年 3、6、9、12 月倒数第 1 个交易日,可临开赎回,0%,,0%,,,,0.01,,0.04%,,管理人将根据委托人的期间年化收益率（R），对期间年化收益率超过 0%以上部分按照 20%的比例收取业绩报酬。,10-20亿元,P1017002
团队跟踪,华钧元狩2期私募证券投资基金,SXC410,华钧元狩2期私募证券投资基金,SXC410,北京华钧广汇投资,,2022-08-12,2022-08-18,中信证券股份有限公司,,,否,,,,,,,0,,,,,10-20亿元,P1067480
团队跟踪,顽岩量化对冲10号私募证券投资基金,SXC412,顽岩量化对冲10号私募证券投资基金,SXC412,上海顽岩,,2022-09-02,2022-09-08,国泰君安证券股份有限公司,,申购开放日为每个交易日，赎回开放日为每周周三,否,0%,1万元起,0%,0.88,无,0.85,0,,0.025%,0.025%,"A 类份额：计提基准：6.5%；采用单人单笔高水位法,计提时点:赎回时、固定时点(每年 3、9 月第 3 个周五,顺延)、终止时。
当 r≤6.5%时,不计提业绩报酬；
当 r＞6.5%时,管理人提取全部收益的 60%作为业绩报酬，计提业绩报酬后客户年化收益率不低于 6.5%。
r 为固定管理费计提后、业绩报酬提取前的年化收益率。
B 类份额：不计提业绩报酬。",100亿元以上,P1034708
团队跟踪,探融老虎六号可转债智能量化,SXC453,探融老虎六号可转债智能量化私募证券投资基金,SXC453,杭州探融投资,,2022-08-17,2022-08-22,中信证券股份有限公司,,每个工作日,否,0%,,0%,0.8,,0.75,0.01,1%,0.025%,0.025%,对期间实际收益率超过 0%以上部分按照 16%的比例收取业绩报酬,0-5亿元,P1032083
团队跟踪,博孚利多策略80号,SXC534,博孚利多策略80号私募证券投资基金,SXC534,厦门博孚利资管,,2022-08-22,2022-08-22,中信建投证券股份有限公司,,本基金固定开放日为每周二和周三，如遇非交易日顺延至本周下一交易日，本周无下一交易日则本周不开放。,否,0%,不少于1万,份额持有天数小于90天，赎回费0.5%，归基金资产,,无,,0.01,,0.01%,0.01%,高水位法，计提绝对收益的16%，每年6月15日固定时点计提遇非顺延,50-100亿元,P1023120
团队跟踪,博孚利丰盈2号,SXC535,博孚利丰盈2号私募证券投资基金,SXC535,厦门博孚利资管,,2022-08-31,2022-08-31,国泰君安证券股份有限公司,,本基金固定开放日为自【2025年3月6日】（不含当日）起的5个交易日、每个投资运作期终止日起（不含终止日当日）的5个交易日，接受申购和赎回申请。,否,0%,1 万元起,持有期小于3个月（每个月按30天计，下同）赎回费率为0.5%；持有期大等于3个月，赎回费率为0%,,无,,0.015,2025.2.14暂停,0.015%,0.015%,本基金业绩报酬计提基准为年化10.32%，对超出业绩报酬计提基准的持有期差额收益按60%比例进行计提,50-100亿元,P1023120
团队跟踪,特夫郁金香三号私募证券投资基金,SXC599,特夫郁金香三号私募证券投资基金,SXC599,上海特夫,,2022-08-22,2022-08-25,东方证券股份有限公司,,每周周二、周五,否,0%,1万元,0%,,无,0.85,0.01,A类份额：1%，B类份额：0%,0.02%,0.02%,"A类份额：年化收益率R≤0，计提0%；年化收益率0<R,，计提30%。
B类份额：0%。",0-5亿元,P1026263
团队跟踪,善择季季红,SXC626,善择季季红私募证券投资基金,SXC626,深圳善择,,2022-08-29,2022-09-01,中信证券股份有限公司,杨萍,每周周一、周三（份额锁定期90天）,否,0%,,0%,0.9,90天,0.85,0.005,,0.025%,0.025%,对期间年化收益率超过8%以上部分按照50%的比例收取业绩报酬,50-100亿元,P1073481
团队跟踪,博孚利尊享跃威二号FOF私募证券投资基金,SXC742,博孚利尊享跃威二号FOF私募证券投资基金,SXC742,厦门博孚利资管,,2022-08-29,2022-08-29,长城证券股份有限公司,,每周周一、周三、周五,可临开赎回,0.5%,1万元起,0%,0.95,无,0.9,0.01,,0.025%,0.025%,不收取业绩报酬,50-100亿元,P1023120
团队跟踪,瀛岳明珠,SXC942,瀛岳明珠私募证券投资基金,SXC942,共青城瀛岳,,2022-11-01,2022-11-04,华泰证券股份有限公司,岳洁东,每周周一,否,1%,,0%,,无,,0.01,,,,提取20%，每满6个月计提一次,5-10亿元,P1072644
团队跟踪,量桥投资星瀚11号私募证券投资基金,SXD098,量桥投资星瀚11号私募证券投资基金,SXD098,上海量桥投资,,2022-08-19,2022-08-26,招商证券股份有限公司,李强,每周周一、周三、周五,否,0%,1万元起,0%,0.85,无,0.8,0.01,A类份额：1%；B类份额：0%,0.025%,0.025%,单客户单笔份额高水位法，在本金赎回、分红、终止时计提业绩报酬，A类份额：30%；B类份额：不计提业绩报酬,10-20亿元,P1025719
团队跟踪,永誉天泽鼎立二号,SXD110,永誉天泽鼎立二号证券投资私募基金,SXD110,青岛永誉天泽,,2022-08-22,2022-08-29,国泰君安证券股份有限公司,,,否,,,,,,,0,,,,,5-10亿元,P1072402
团队跟踪,博孚利小满1号,SXD115,博孚利小满1号私募证券投资基金,SXD115,厦门博孚利资管,,2022-08-25,2022-08-30,中信证券股份有限公司,,每个工作日,否,0%,1 万元的整数倍,半年内赎回收1%赎回费,,无,,0.01,,0.015%,0.015%,20%,50-100亿元,P1023120
团队跟踪,博孚利信新FOF一号私募证券投资基金,SXD131,博孚利信新FOF一号私募证券投资基金,SXD131,厦门博孚利资管,,2022-08-23,2022-08-26,中信证券股份有限公司,,每个工作日,否,0%,无,A类份额2%；B类份额持有时间<365天为1%，>=365天为0%。,0.95,无,0.9,0,A类份额0.4%；B类份额1%,0.015%,0.015%,仅对B类份额计提业绩报酬，对年化收益率大于5%以上部分提取25%作为业绩报酬,50-100亿元,P1023120
团队跟踪,博孚利多策略二十五号私募证券投资基金,SXD133,博孚利多策略二十五号私募证券投资基金,SXD133,厦门博孚利资管,,2022-09-05,2022-09-08,中信证券股份有限公司,,每个工作日,否,0%,1 万元起,0%,,无,,0.015,保底10万,0.015%,0.015%,门槛收益率法，年化30%以上计提60%,50-100亿元,P1023120
团队跟踪,博孚利多策略二十六号私募证券投资基金,SXD136,博孚利多策略二十六号私募证券投资基金,SXD136,厦门博孚利资管,,2022-12-05,2022-12-05,中信证券股份有限公司,,每个工作日,否,1%,1 万元的整数倍,0%,,无,,0.01,,0.015%,0.015%, 高水位法，计提绝对收益的5%。,50-100亿元,P1023120
团队跟踪,盛丰明盛量化对冲二号私募证券投资基金,SXD169,盛丰明盛量化对冲二号私募证券投资基金,SXD169,海南盛丰,,2022-08-29,2022-09-01,国泰君安证券股份有限公司,,每自然月第10个自然日为开放日。如该对应日为非工作日，则开放日为该日后的第一个工作日。,可临开申购,B类份额：0,每次追加申购的最低金额为10万元人民币。,0,0.8,成立后180天（已结束）。,0.75,0,B类份额：0.5%/年,0.025%/年,0.025%/年,"B类份额：单人单笔高水位法，针对收益0%以上的部分计提10%业绩报酬
本基金业绩报酬计提日为：封闭期过后，每年1月及7月的最后一个交易日，基金份额持有人实际赎回基金份额时（包含全部赎回，部分赎回）、基金终止日。",100亿元以上,P1073590
团队跟踪,和御管理期货精选私募证券投资基金,SXD377,和御管理期货精选私募证券投资基金,SXD377,宁波和御,,2022-08-23,2022-08-29,中信证券股份有限公司,金山、李文煜,每个工作日,否,0%,,0%,,无,,0.01,A类份额：0.25%；B 类份额：1%,0.015%,0.015%,不计提业绩报酬,5-10亿元,P1070489
团队跟踪,盖亚青柯抗逆聚配1号,SXD540,盖亚青柯抗逆聚配1号私募证券投资基金,SXD540,海南盖亚青柯,,2022-09-06,2022-09-14,国泰君安证券股份有限公司,,,否,,,,,,,0,,,,,20-50亿元,P1072468
团队跟踪,半鞅鑫科中证500指数增强私募证券投资基金,SXD603,半鞅鑫科中证500指数增强私募证券投资基金,SXD603,半鞅基金,,2022-08-30,2022-09-02,华鑫证券有限责任公司,,每个交易日,否,0%,,0%,,,,0.0001,,0.035%,0.015%,管理人对期间中证500超额4.75%的部分提取40%作为业绩报酬,100亿元以上,P1072919
团队跟踪,正定成长CTA1号,SXD663,正定成长CTA1号私募证券投资基金,SXD663,北京正定,,2022-08-25,2022-08-30,招商证券股份有限公司,蒋林浩,申购开放日为每个自然周的周二；赎回开放日为每个自然月度第一个周二,否,1%,,持有期小于6个月，赎回费率为1%；持有期大等于6个月且小于12个月，赎回费率为0.5%；持有期大等于12个月，赎回费率为0%,0.8,,0.7,0.01,1%,0.015%,0.015%,当 R>0％时，对超过 0%的收益部分提取 20%的业绩报酬，即 E=F×（A-C）×20%,100亿元以上,P1073791
团队跟踪,金时名智量化套利私募证券投资基金,SXD825,金时名智量化套利私募证券投资基金,SXD825,厦门金时资管,,2022-08-31,2022-09-05,华福证券股份有限公司,柯聪彬、陈青桉,每自然月第10个自然日为开放日。如该对应日为非工作日，则开放日为该日后的第一个工作日。,可临开申购,B类份额：0,每次追加申购的最低金额为10万元人民币。,0,0.8,成立后180天（已结束）。,0.75,0,B类份额：0.5%/年,0.025%/年,0.025%/年,"B类份额：单人单笔高水位法，针对收益0%以上的部分计提10%业绩报酬
本基金业绩报酬计提日为：封闭期过后，每年1月及7月的最后一个交易日，基金份额持有人实际赎回基金份额时（包含全部赎回，部分赎回）、基金终止日。",5-10亿元,P1065492
团队跟踪,黑玺驰恒3号私募证券投资基金,SXD910,黑玺驰恒3号私募证券投资基金,SXD910,杭州黑玺,,2022-10-14,2022-10-19,华泰证券股份有限公司,,,否,,,,,,,0,,,,,20-50亿元,P1060839
团队跟踪,博孚利-鑫科均衡8号私募证券投资基金,SXD912,博孚利-鑫科均衡8号私募证券投资基金,SXD912,厦门博孚利资管,,2022-09-30,2022-10-12,华鑫证券有限责任公司,,每日开放,否,0%,1万元起,0%,,无,,0.001,,0.05%（A、C类份额销售服务费：1.5%）,0.05%,A、C类份额业绩报酬采用门槛收益率法，年化9%以上计提20%；B类份额业绩报酬采用门槛收益率法，年化9%以上计提12%,50-100亿元,P1023120
团队跟踪,澜音宏观全天候1号,SXD958,澜音宏观全天候1号私募证券投资基金,SXD958,上海澜音,,2022-08-24,2022-08-31,中信证券股份有限公司,,不定期开放申购，每月8、22号开放赎回,否,,,持有期小于一年，赎回费率为0.5%,0.85,,0.75,0.02,A类份额(500万以下)：2%；B类份额(500万~1000万)：1.8%；C类份额(1000万及以上)：1.5%,,,A类份额(500万以下)：25%；B类份额(500万~1000万)：20%;C类份额(1000万及以上)：15%,0-5亿元,P1072826
团队跟踪,托特春晓中证1000指数增强2号,SXE071,托特春晓中证1000指数增强2号私募证券投资基金,SXE071,三亚托特,,2022-10-20,2022-10-25,国泰君安证券股份有限公司,张登、邢亚杰,每周周一、周三、周五,否,0%,,0%,,无,,0.01,,0.02%,0.02%,当 R - B>0 时，对超出业绩报酬计提基准部分提取20%的业绩报酬，业绩报酬计提基准 B=期间中证 1000 指数（000852）收益率,100亿元以上,P1073258
团队跟踪,广金美好温陵1号私募证券投资基金,SXE093,广金美好温陵1号私募证券投资基金,SXE093,广东横琴广鑫美好,,2022-08-29,2022-09-01,国金证券股份有限公司,,,否,,,,,,,0,,,,,50-100亿元,P1033731
团队跟踪,正定进取8号私募证券投资基金,SXE147,正定进取8号私募证券投资基金,SXE147,北京正定,,2022-08-25,2022-08-30,招商证券股份有限公司,,,否,,,,,,,0.01,,0.015%,0.015%,,100亿元以上,P1073791
团队跟踪,汉盛浩远1号私募证券投资基金,SXE156,汉盛浩远1号私募证券投资基金,SXE156,上海汉鸿,,2022-09-06,2022-09-13,兴业证券股份有限公司,杨正豪,每自然月第10个自然日为开放日。如该对应日为非工作日，则开放日为该日后的第一个工作日。,可临开申购,B类份额：0,每次追加申购的最低金额为10万元人民币。,0,0.8,成立后180天（已结束）。,0.75,0,B类份额：0.5%/年,0.025%/年,0.025%/年,"B类份额：单人单笔高水位法，针对收益0%以上的部分计提10%业绩报酬
本基金业绩报酬计提日为：封闭期过后，每年1月及7月的最后一个交易日，基金份额持有人实际赎回基金份额时（包含全部赎回，部分赎回）、基金终止日。",10-20亿元,P1072580
团队跟踪,靖戈奥太娜1000指数增强2号私募证券投资基金,SXE242,靖戈奥太娜1000指数增强2号私募证券投资基金,SXE242,上海靖戈,,2022-09-14,2022-09-20,长城证券股份有限公司,,,否,,,,,,,0,,,,,20-50亿元,P1072274
团队跟踪,照月海舟CTA平衡1号私募证券投资基金,SXE353,照月海舟CTA平衡1号私募证券投资基金,SXE353,成都照月,,2022-09-19,2022-09-22,招商证券股份有限公司,,,否,,,,,,,0,,,,,5-10亿元,P1067191
团队跟踪,桐石承运1号私募证券投资基金,SXE355,桐石承运1号私募证券投资基金,SXE355,上海桐石,,2022-08-29,2022-09-16,海通证券股份有限公司,杜菁华,每周周三,否,0%,,0%,0.85,,0.75,0.01,A类份额：0%；B类份额：1%,0.015%,0.015%,20%,0-5亿元,P1072194
团队跟踪,和棋尊享8号私募证券投资基金,SXE457,和棋尊享8号私募证券投资基金,SXE457,江苏和棋投资,,2023-04-17,2023-04-17,招商证券股份有限公司,,每自然周的周三和周五,否,0%,1万元起,0%,0.9,无,0.88,0,,0.025%,0.025%,"赎回日、固定时点（固定时点提取是每自然年6月30日及12月31日）、终止日。
区间年化收益率小于等于6%，管理人不计提业绩报酬；
区间年化收益率大于6%且小于等于15%，管理人计提年化收益率大于6%且小于等于15%部分的全部；区间年化收益率大于15%，管理人计提年化收益率大于6%且小于等于15%的全部以及年化收益率15%以上部分的60%",5-10亿元,P1019979
团队跟踪,弈倍虎鲸12号,SXE479,弈倍虎鲸12号私募证券投资基金,SXE479,上海弈倍,,2022-08-25,2022-08-26,海通证券股份有限公司,,每自然月第10个自然日为开放日。如该对应日为非工作日，则开放日为该日后的第一个工作日。,可临开申购,B类份额：0,每次追加申购的最低金额为10万元人民币。,0,0.8,成立后180天（已结束）。,0.75,0,B类份额：0.5%/年,0.025%/年,0.025%/年,"B类份额：单人单笔高水位法，针对收益0%以上的部分计提10%业绩报酬
本基金业绩报酬计提日为：封闭期过后，每年1月及7月的最后一个交易日，基金份额持有人实际赎回基金份额时（包含全部赎回，部分赎回）、基金终止日。",20-50亿元,P1061585
团队跟踪,睿量智行1号私募证券投资基金,SXE629,睿量智行1号私募证券投资基金,SXE629,上海睿量,,2022-08-30,2022-09-06,华泰证券股份有限公司,,每个交易日,否,1%,1万的整数倍,0%,,,,0.01,,0.025%,0.025%,"单人单笔高水位法，R＞0%计提16%。
业绩基准日：6月12月最后一个交易日、赎回",100亿元以上,P1073883
团队跟踪,搏越量化选股1号,SXE661,搏越量化选股1号私募证券投资基金,SXE661,赣州搏越,,2022-11-01,2022-11-09,招商证券股份有限公司,,,否,,,,,,,0,,,,,0-5亿元,P1073884
团队跟踪,小黑妞星权1号,SXE769,小黑妞星权1号私募证券投资基金,SXE769,上海小黑妞资管,,2022-09-13,2022-09-13,中泰证券股份有限公司,,每月第四个周三之后的连续2个交易日,可临开申购,1%,,持有期小于180天，赎回费率为1%；持有期大等于180天，赎回费率为0%,0.88,,0.85,0.015,,0.02%,0.02%,单客户单笔高水位法，20%,20-50亿元,P1011010
团队跟踪,璞真龙图腾私募证券投资基金,SXE786,璞真龙图腾私募证券投资基金,SXE786,上海璞真,,2022-09-07,2022-09-13,中信证券股份有限公司,石蕾,每个工作日,否,0%,,0%,0.92,,0.9,0.002,,0.025%,0.025%,不计提业绩报酬,5-10亿元,P1072113
团队跟踪,岚湖丰泽1号私募证券投资基金,SXF080,岚湖丰泽1号私募证券投资基金,SXF080,岚湖基金,,2022-09-16,2022-09-21,国泰君安证券股份有限公司,苏尚才、李恒,申购开放日为每个交易日,否,1%,,0%,,,,0.015,,0.025%,0.025%,6%-12%提取20%；12%以上提取30%,50-100亿元,P1072875
团队跟踪,盈帛维多利十二号私募证券投资基金,SXF181,盈帛维多利十二号私募证券投资基金,SXF181,杭州盈帛投资,,2022-09-02,2022-09-07,招商证券股份有限公司,,,否,,,,,,,0,,,,,0-5亿元,P1030762
团队跟踪,君宜共昇私募证券投资基金,SXF306,君宜共昇私募证券投资基金,SXF306,深圳君宜,,2022-09-07,2022-09-13,长城证券股份有限公司,,每个工作日,否,0%,1万元起,0%,0.92,无,0.9,0.002,0.2%,0.025%,0.025%,年化收益率大于8%时，对超过收益8%以上部分按40%比例进行计提,20-50亿元,P1005606
团队跟踪,杭州波粒二象天洋1号私募证券投资基金,SXF309,杭州波粒二象天洋1号私募证券投资基金,SXF309,杭州波粒二象,,2022-09-01,2022-09-06,中信建投证券股份有限公司,,,否,,,,,,,0,,,,,10-20亿元,P1066784
团队跟踪,期期三十号私募证券投资基金,SXF338,期期三十号私募证券投资基金,SXF338,上海期期投资,,2022-09-01,2022-09-01,中信证券股份有限公司,,,否,,,,,,,0,,,,,5-10亿元,P1004063
团队跟踪,博孚利锡泰稳强FOF1号,SXF368,博孚利锡泰稳强FOF1号私募证券投资基金,SXF368,厦门博孚利资管,,2022-09-13,2022-09-13,华泰证券股份有限公司,陈培峰,申购开放日为每周的第1、3、5个工作日。半封闭期结束后，开放日为每个工作日。,否,0%,不低于1万元,持有期小于180天，赎回费率为1%；持有大等于180天，赎回费率为0%,,6 个月,0.93,0.01,A类份额：0.7%:；B类份额：1%,0.015%,0.015%,A类份额不计提，B类份额对年化收益率大于5%以上部分提取25%作为业绩报酬。,50-100亿元,P1023120
团队跟踪,国投安信卿云问道集合资产管理计划,SXF416,国投安信卿云问道集合资产管理计划,SXF416,国投期货,,2022-09-28,2022-09-28,国信证券股份有限公司,,,否,,,,,,,0,,,,,,PT0500030909
团队跟踪,大道寰球全球精选组合一号,SXF465,大道寰球全球精选组合一号私募证券投资基金,SXF465,宁波大道寰球,,2022-09-22,2022-09-29,中信证券股份有限公司,,,否,,,,,,,0,,,,,5-10亿元,P1073907
团队跟踪,涌涵海昇1号私募证券投资基金,SXF514,涌涵海昇1号私募证券投资基金,SXF514,上海涌涵,,2022-09-27,2022-09-29,中信证券股份有限公司,林锋,每周五,否,,,0,,无,,0.02,,,,20%,5-10亿元,P1072760
团队跟踪,古木艳阳2号商品期权私募证券投资基金,SXF519,古木艳阳2号商品期权私募证券投资基金,SXF519,上海古木投资,,2022-10-24,2022-10-27,国泰君安证券股份有限公司,,每个工作日,否,本基金申购费率为0%。,10000,本基金份额持有期低于90天（不含）的，不能赎回；基金份额持有期在90天及以上的赎回费率为0%。,0.97,不设置,0.95,0.01,在通常情况下，基金管理费按前一自然日基金资产净值的年费率计提,0.02%,0.02%,"(1)业绩报酬的计提基准日：投资者赎回日、分红权益登记日、基金清算日。本基金连续两次成功计提业绩报酬基准日的间隔不应短于3个月，投资者赎回日、基金清算日以及合同约定的其他业绩报酬计提基准日遇非交易日顺延的情况除外。
(2)业绩报酬的计算：业绩报酬的计算采用单个投资者单笔高水位净值法。",20-50亿元,P1000891
团队跟踪,千衍九凌1号,SXF557,千衍九凌1号私募证券投资基金,SXF557,上海千衍,,2022-09-27,2022-09-30,中信证券股份有限公司,,,否,,,,,,,0,,,,,100亿元以上,P1009640
团队跟踪,量道行远6号私募证券投资基金,SXF673,量道行远6号私募证券投资基金,SXF673,深圳量道投资,,2022-09-27,2022-09-28,国泰君安证券股份有限公司,,周一、周三、周五,可临开赎回,1%, 1 万元的整数倍,持有期<180天为1%，>=180天为0%,,无,,0.01,,0.015%/年,0.015%/年,"1）采用单个投资者单笔高水位净值法，计提比例25%；
2）计提时点为赎回日、基金终止日、分红日、固定结算日（每年12月第4个周五）",100亿元以上,P1016658
团队跟踪,玉数涵瑞专享十二号私募证券投资基金,SXF707,玉数涵瑞专享十二号私募证券投资基金,SXF707,上海玉数投资,,2022-11-28,2022-11-28,国泰君安证券股份有限公司,赵俊辰,,否,,,,,,,0,,,,,10-20亿元,P1065673
团队跟踪,金塔克心灵晶选私募证券投资基金,SXF965,金塔克心灵晶选私募证券投资基金,SXF965,浙江金塔克资管,,2022-09-27,2022-09-29,国泰君安证券股份有限公司,,,否,,,,,,,0,,,,,0-5亿元,P1068736
团队跟踪,配邦赤子壹号私募证券投资基金,SXG147,配邦赤子壹号私募证券投资基金,SXG147,上海配邦,,2022-09-02,2022-09-07,兴业证券股份有限公司,李昱琦,,否,,,,,,,0,,,,,0-5亿元,P1069760
团队跟踪,尊和博投3号,SXG157,尊和博投3号私募证券投资基金,SXG157,杭州尊和资管,,2022-09-06,2022-09-13,中信证券股份有限公司,,每个交易日,否,0%,,0%,0.92,,0.9,0.01,B类份额：0%，A类份额：1%,0.02%,0.02%,"B类份额：不计提业绩报酬
A类份额：管理人将根据委托人每笔投资的期间年化收益率（R），对期间年化收益率超过6%以上部分按照Y的比例收取业绩报酬。A类份额业绩报酬的提取比例（Y）为60%。",10-20亿元,P1062555
团队跟踪,数为对冲套利5号私募证券投资基金,SXG159,数为对冲套利5号私募证券投资基金,SXG159,福州数为,,2022-09-07,2022-09-13,华泰证券股份有限公司,,,否,,,,,,,0,,,,,0-5亿元,P1064166
团队跟踪,鲸睿点石成金8号私募证券投资基金,SXG442,鲸睿点石成金8号私募证券投资基金,SXG442,上海鲸睿资管,,2023-04-13,2023-04-18,国信证券股份有限公司,,,否,,,,,,,0,,,,,0-5亿元,P1032279
团队跟踪,睿量原子1号私募证券投资基金,SXG468,睿量原子1号私募证券投资基金,SXG468,上海睿量,,2022-09-07,2022-09-15,中信建投证券股份有限公司,,每周周三,否,1%,1万的整数倍,0%,,,,0.01,,0.015%,0.015%,"业绩报酬计提方式：单人单笔高水位法； 
业绩报酬计提比例：R＞0%计提16%；
计提频次：每年6月份，12月份最后一个交易日各一次，赎回时。
B份额：不收认/申赎费，管理费，及业绩报酬。",100亿元以上,P1073883
团队跟踪,广聚星合长风神驹私募证券投资基金,SXG475,广聚星合长风神驹私募证券投资基金,SXG475,共青城广聚星合,,2022-09-29,2022-10-11,国信证券股份有限公司,,,否,,,,,,,0,,,,,10-20亿元,P1071800
团队跟踪,博孚利青璜3号私募证券投资基金,SXG593,博孚利青璜3号私募证券投资基金,SXG593,厦门博孚利资管,,2022-09-16,2022-09-16,华鑫证券有限责任公司,,每周周一、周三和周五,否,A类份额1%；B类份额0%。,不低于1万元,A类份额持有时间<365天为1%，>=365天为0%；B类份额0%。,0.92,无,0.9,0.003,A类份额：0.3%，B类份额：0%,0.035%,0.015%,不计提业绩报酬,50-100亿元,P1023120
团队跟踪,山海稳健1号私募证券投资基金,SXG757,山海稳健1号私募证券投资基金,SXG757,海南山海,,2023-01-09,2023-01-12,国泰君安证券股份有限公司,,,否,,,,,,,0,,,,,5-10亿元,P1073708
团队跟踪,正仁双创择时一号私募证券投资基金,SXG834,正仁双创择时一号私募证券投资基金,SXG834,海南正仁,,2022-09-07,2022-09-13,招商证券股份有限公司,,,否,,,,,,,0,,,,,50-100亿元,P1071301
团队跟踪,捷荆天策15号私募证券投资基金,SXG907,捷荆天策15号私募证券投资基金,SXG907,浙江捷荆,,2022-10-25,2022-11-03,国泰君安证券股份有限公司,邵益、吴民辉,,否,,,,,,,0,,,,,0-5亿元,P1065132
团队跟踪,展旗致新多策略1号私募证券投资基金,SXH082,展旗致新多策略1号私募证券投资基金,SXH082,海南展旗,,2022-09-27,2022-09-30,国泰君安证券股份有限公司,闫东鹏,申购开放日为每周周二；赎回开放日为每月15日,否,1%,,"赎回封闭期6个月；
持有期小于360天，赎回费率为1%；持有期大等于360天，免赎回费
",0.9,,0.85,0.02,2%,0.02%,,20%,0-5亿元,P1072040
团队跟踪,国融鼎创-深度价值精选1号私募证券投资基金,SXH224,国融鼎创-深度价值精选1号私募证券投资基金,SXH224,深圳国融鼎创投资,,2023-03-27,2023-04-17,中信证券股份有限公司,,,否,,,,,,,0,,,,,0-5亿元,P1070398
团队跟踪,博孚利九溪FOF1号私募证券投资基金,SXH289,博孚利九溪FOF1号私募证券投资基金,SXH289,厦门博孚利资管,,2022-09-14,2022-09-15,招商证券股份有限公司,,,否,,,,,,,0,,,,,50-100亿元,P1023120
团队跟踪,和桂天华1号私募证券投资基金,SXH413,和桂天华1号私募证券投资基金,SXH413,上海和桂,,2022-09-16,2022-09-21,国金证券股份有限公司,,,否,,,,,,,0,,,,,0-5亿元,P1067763
团队跟踪,陶山跃迁1号私募证券投资基金,SXH466,陶山跃迁1号私募证券投资基金,SXH466,上海陶山,,2022-10-14,2022-10-24,国信证券股份有限公司,,,否,,,,,,,0,,,,,5-10亿元,P1071838
团队跟踪,大椿聚配专享一号,SXH544,大椿聚配专享一号私募证券投资子基金,SXH544,海南大椿,,2022-09-09,2022-09-15,招商证券股份有限公司,,,否,,,,,,,0,,,,,0-5亿元,P1073158
团队跟踪,联海星岳宏观对冲1号私募证券投资基金,SXH724,联海星岳宏观对冲1号私募证券投资基金,SXH724,北京星鹏联海,,2022-09-14,2022-09-19,广发证券股份有限公司,,,否,,,,,,,0,,,,,20-50亿元,P1034351
团队跟踪,安布雷拉天府,SXH767,安布雷拉天府私募证券投资基金,SXH767,深圳前海安布雷拉资管,,2022-09-19,2022-09-22,广发证券股份有限公司,,每周三,可临开赎回,免,1万,免,,不设置,,0.01,免1%申购费和赎回费（口头）,0.01%,0.01%,20%,0-5亿元,P1034032
团队跟踪,华泰期货成长FOF1号单一资产管理计划,SXH927,华泰期货成长FOF1号单一资产管理计划,SXH927,华泰期货,,2022-09-22,,,,,否,,,,,,,0,,,,,,PT0500011867
团队跟踪,瞰点瞰山一号,SXH972,瞰点瞰山一号私募证券投资基金,SXH972,海南瞰点,,2022-09-22,2022-09-29,国泰君安证券股份有限公司,梁宇奇,每自然月第10个自然日为开放日。如该对应日为非工作日，则开放日为该日后的第一个工作日。,可临开申购,B类份额：0,每次追加申购的最低金额为10万元人民币。,0,0.8,成立后180天（已结束）。,0.75,0,B类份额：0.5%/年,0.025%/年,0.025%/年,"B类份额：单人单笔高水位法，针对收益0%以上的部分计提10%业绩报酬
本基金业绩报酬计提日为：封闭期过后，每年1月及7月的最后一个交易日，基金份额持有人实际赎回基金份额时（包含全部赎回，部分赎回）、基金终止日。",5-10亿元,P1073910
团队跟踪,宝荟君悦17号私募证券投资基金,SXH982,宝荟君悦17号私募证券投资基金,SXH982,上海宝荟投资,,2022-09-28,2022-09-28,国泰君安证券股份有限公司,,申购开放日为每个交易日，赎回开放日为每周周一、周三、周五,可临开赎回,2%,1万元起,0%,,无,,0.01,,0.025%,0.025%,对超过上次成功计提基准日基金份额累计净值部分按20%比例进行计提。,10-20亿元,P1002428
团队跟踪,宝荟君悦19号私募证券投资基金,SXH991,宝荟君悦19号私募证券投资基金,SXH991,上海宝荟投资,,2023-03-23,2023-03-24,国泰君安证券股份有限公司,,申购开放日为每个交易日，赎回开放日为每周周一、周三、周五,否,0%,1万元起,持有期小于365 天，赎回费率为1%；持有期大等于365 天，赎回费率为0%,,无,,0.002,,0.025%,0.025%,业绩报酬计提基准为年化 5 %，对超出业绩报酬计提基准的持有期差额收益按 20%比例进行计提。,10-20亿元,P1002428
团队跟踪,因诺CTA2号,SXJ080,因诺CTA2号私募证券投资基金,SXJ080,上海因诺资管,,2022-09-20,2022-09-23,招商证券股份有限公司,,,否,,,,,,,0.015,,,,,100亿元以上,P1006164
团队跟踪,瀚鑫瑞盈私募证券投资基金,SXJ122,瀚鑫瑞盈私募证券投资基金,SXJ122,深圳瀚鑫,,2022-09-13,2022-09-20,兴业证券股份有限公司,,,否,,,,,,,0,,,,,10-20亿元,P1002934
团队跟踪,绰瑞北岳43号,SXJ132,绰瑞北岳43号私募证券投资基金,SXJ132,上海绰瑞,,2022-09-16,2022-09-16,国信证券股份有限公司,,,否,,,,,,,0,,,,,10-20亿元,P1006129
团队跟踪,博孚利尊享57号私募证券投资基金,SXJ142,博孚利尊享57号私募证券投资基金,SXJ142,厦门博孚利资管,,2022-09-15,2022-09-15,中信证券股份有限公司,,每个工作日,否,0%,不低于1万元,持有期小于30天，赎回费率为1%；持有期大等于30天，赎回费率为0%,,无,,0.012,管理费：1.2%年费率+保底 10 万,0.02%,0.02%,高水位法，计提绝对收益的5%,50-100亿元,P1023120
团队跟踪,正瀛骐骥轮动选股1号,SXJ148,正瀛骐骥轮动选股1号私募证券投资基金,SXJ148,上海正瀛资管,,2022-09-28,2022-10-11,申万宏源证券有限公司,,每个交易日开放，开放日期间允许申购和赎回。,否,0,-,0,0.9,-,0.88,0.01,1%,0.15‰(最低值为每年【0.2】万元),0.15‰(最低值为每年【0.2】万元),当年化收益率在6.5%之内时，不计提;当年化收益率大于6.5%时，超出部分计提比例为50%。,100亿元以上,P1060813
团队跟踪,璞成大成一号私募证券投资基金,SXJ170,璞成大成一号私募证券投资基金,SXJ170,海南璞成,,2022-09-22,2022-09-27,兴业证券股份有限公司,邰耘毅,每个交易日,否,0%,1万元起,0%,,,,0.001,,0.025％,0.025％,"A类份额：不收取业绩报酬；
B类份额：50%",5-10亿元,P1073879
团队跟踪,洺沣赛博12号私募证券投资基金,SXJ213,洺沣赛博12号私募证券投资基金,SXJ213,共青城洺沣投资,,2022-09-15,2022-09-20,中信证券股份有限公司,,,否,,,,,,,0,,,,,10-20亿元,P1070038
团队跟踪,每利-盼盼滚雪球1号私募证券投资基金,SXJ219,每利-盼盼滚雪球1号私募证券投资基金,SXJ219,北京每利投资,,2022-09-19,2022-09-28,国泰君安证券股份有限公司,,,否,,,,,,,0,,,,,0-5亿元,P1014611
团队跟踪,雷菱7号私募证券投资基金,SXJ286,雷菱7号私募证券投资基金,SXJ286,上海雷菱,,2022-09-19,2022-09-22,华泰证券股份有限公司,,每自然月第10个自然日为开放日。如该对应日为非工作日，则开放日为该日后的第一个工作日。,可临开申购,B类份额：0,每次追加申购的最低金额为10万元人民币。,0,0.8,成立后180天（已结束）。,0.75,0.01,,0.025%/年,0.025%/年,20%,20-50亿元,P1064970
团队跟踪,浙商期货景上源6号集合资产管理计划,SXJ290,浙商期货景上源6号集合资产管理计划,SXJ290,浙商期货,杭州景上源,2022-09-27,2022-09-29,招商证券股份有限公司,,每季度中月的15号（即2月15号、5月15号、8月15号、11月15号）,否,1%,,0%,0.92,,0.9,0.005,投资顾问费0.5%,0.025%,0.025%,对期间年化收益率超过0%以上部分按照20%的比例收取业绩报酬,,GC0500011758
团队跟踪,雷菱8号私募证券投资基金,SXJ349,雷菱8号私募证券投资基金,SXJ349,上海雷菱,,2022-09-20,2022-09-23,华泰证券股份有限公司,,每自然月第10个自然日为开放日。如该对应日为非工作日，则开放日为该日后的第一个工作日。,可临开申购,B类份额：0,每次追加申购的最低金额为10万元人民币。,0,0.8,成立后180天（已结束）。,0.75,0,B类份额：0.5%/年,0.025%/年,0.025%/年,"B类份额：单人单笔高水位法，针对收益0%以上的部分计提10%业绩报酬
本基金业绩报酬计提日为：封闭期过后，每年1月及7月的最后一个交易日，基金份额持有人实际赎回基金份额时（包含全部赎回，部分赎回）、基金终止日。",20-50亿元,P1064970
团队跟踪,博孚利尊享58号私募证券投资基金,SXJ474,博孚利尊享58号私募证券投资基金,SXJ474,厦门博孚利资管,,2022-09-15,2022-09-15,中信证券股份有限公司,,每周周一、周三和周五,可临开赎回,0%,不低于1万元,0%,,无,,0.005,A类份额：0%；B 类份额：0.5%,0.02%,0.02%,不计提业绩报酬,50-100亿元,P1023120
团队跟踪,博孚利尊享59号私募证券投资基金,SXJ481,博孚利尊享59号私募证券投资基金,SXJ481,厦门博孚利资管,,2022-09-15,2022-09-15,中信证券股份有限公司,,每个工作日,否,0%,不低于1万元,0%,,无,,0.02,A类份额：0%；B 类份额：2%,0.02%,0.02%,不计提业绩报酬,50-100亿元,P1023120
团队跟踪,博孚利涌金8号私募证券投资基金,SXJ483,博孚利涌金8号私募证券投资基金,SXJ483,厦门博孚利资管,,2022-09-15,2022-09-15,中信证券股份有限公司,,每日开放,否,0%,不低于1万元,0%,,无,,0.015,,0.02%,0.02%,门槛收益率法，年化30以上计提60%,50-100亿元,P1023120
团队跟踪,理博和合1号私募证券投资基金,SXJ509,理博和合1号私募证券投资基金,SXJ509,杭州理博,,2022-09-22,2022-09-27,广发证券股份有限公司,,,否,,,,,,,0,,,,,0-5亿元,P1072890
团队跟踪,翔云50三号,SXJ593,翔云50三号私募证券投资基金,SXJ593,广州翔云,,2022-09-27,2022-09-30,华泰证券股份有限公司,邱茂川,每月倒数第1个工作日（份额锁定期为 90 天）,否,1%,,持有期小于180天，赎回费率为1%；持有期大等于180天且小于365天，赎回费率为0.5%；持有期大等于365天，赎回费率为0%,,无,,0.01,1%,0.025%,0.025%,20%,10-20亿元,P1007271
团队跟踪,启元通盛3号,SXJ599,启元通盛3号私募证券投资基金,SXJ599,温州启元资管,,2022-09-19,2022-09-23,华泰证券股份有限公司,魏祖梁,,否,0%,,0%,,无,,0,,,,,20-50亿元,P1012870
团队跟踪,雷菱10号私募证券投资基金,SXJ723,雷菱10号私募证券投资基金,SXJ723,上海雷菱,,2022-09-21,2022-09-26,华泰证券股份有限公司,王岭荆、刘晓俊,每自然月第10个自然日为开放日。如该对应日为非工作日，则开放日为该日后的第一个工作日。,可临开申购,B类份额：0,每次追加申购的最低金额为10万元人民币。,0,0.8,成立后180天（已结束）。,0.75,0,B类份额：0.5%/年,0.025%/年,0.025%/年,"B类份额：单人单笔高水位法，针对收益0%以上的部分计提10%业绩报酬
本基金业绩报酬计提日为：封闭期过后，每年1月及7月的最后一个交易日，基金份额持有人实际赎回基金份额时（包含全部赎回，部分赎回）、基金终止日。",20-50亿元,P1064970
团队跟踪,博孚利尊享61号私募证券投资基金,SXJ733,博孚利尊享61号私募证券投资基金,SXJ733,厦门博孚利资管,,2022-09-16,2022-09-16,中信证券股份有限公司,,每个工作日,否,0%,不低于1万元,0%,,无,,0.005,A类份额：0%；B 类份额：0.5%,0.02%,0.02%,不计提业绩报酬,50-100亿元,P1023120
团队跟踪,碳硅1号私募证券投资基金,SXJ836,碳硅1号私募证券投资基金,SXJ836,杭州碳硅,,2022-09-21,2022-09-29,中信证券股份有限公司,,"申购开放日为每月的15日；赎回开放日为每季度末月（即 3 月、6 月、9 月、
12 月）15日",否,0%,追加金额不少于10万元,0%,0.75,无,0.7,0.015, A类份额：1.5%；B类份额：1%, 0.015%, 0.015%,"A类份额：20%；
B类份额：0%",10-20亿元,P1073911
团队跟踪,汇富联合日盈20号私募证券投资基金,SXJ863,汇富联合日盈20号私募证券投资基金,SXJ863,深圳前海汇富联合,,2022-09-21,2022-09-23,华泰证券股份有限公司,,,否,,,,,,,0,,,,,20-50亿元,P1006506
团队跟踪,鲸睿新艺9号私募证券投资基金,SXJ879,鲸睿新艺9号私募证券投资基金,SXJ879,上海鲸睿资管,,2022-11-17,2022-11-22,长城证券股份有限公司,,,否,,,,,,,0,,,,,0-5亿元,P1032279
团队跟踪,汇富联合惊鸿1号,SXJ904,汇富联合惊鸿1号私募证券投资基金,SXJ904,深圳前海汇富联合,,2022-09-22,2022-09-22,国泰君安证券股份有限公司,张瑞琦,基金成立之后的每个交易日。,否,无,无,无,0.8,无,0.75,0.01,1.00%,0.015%,0.015%,"单个投资者单笔高水位净值法，投资者赎回日、分红权益登记日、基金清算日。本基金连续两次成功计提业绩报酬基准日的间隔不应短于3个月，投资者赎回日、基金清算日以及合同约定的其他业绩报酬计提基准日遇非交易日顺延的情况除外
对超过上次成功计提基准日基金份额累计净值部分按20%比例进行计提。",20-50亿元,P1006506
团队跟踪,杉树1000指数增强私募证券投资基金,SXJ915,杉树1000指数增强私募证券投资基金,SXJ915,上海杉树资管,,2022-11-07,2022-11-22,华泰证券股份有限公司,刘世伟,,否,,,,,,,0,,,,,20-50亿元,P1002462
团队跟踪,子呈全球飞牛3号私募证券投资基金,SXJ998,子呈全球飞牛3号私募证券投资基金,SXJ998,上海子呈,,2022-10-25,2022-10-28,华鑫证券有限责任公司,龚菲菲,,否,,,,,,,0,,,,,5-10亿元,P1072320
团队跟踪,国优卷柏牛牛12号私募证券投资基金,SXK059,国优卷柏牛牛12号私募证券投资基金,SXK059,天津国优,,2022-09-22,2022-09-27,国泰君安证券股份有限公司,,基金成立之后的每周周一、周三、周五，如遇非交易日，则顺延至下一交易日。,可临开赎回,1%,追加金额应为1万元人民币起,本基金份额持有期低于365天（不含）的赎回费率为3%，基金份额持有期在365天及以上的赎回费率为0%。,0.8,不设置,0.75,0.02,本基金的管理费率为年费率2%。,0.025%,0.025%,R= 25%，为业绩报酬提取比例；业绩报酬的计算采用单个投资者单笔高水位净值法。,5-10亿元,P1065232
团队跟踪,百奕反脆弱一号,SXK125,百奕反脆弱一号私募证券投资基金,SXK125,上海百奕投资,,2022-11-10,2022-11-18,东方证券股份有限公司,,每周周五,否,0%,1万元整数倍,0%,,无,,0.01,A类份额：0%，B类份额：1%,0.025%,0.025%,A类份额：0%，B类份额：20%,0-5亿元,P1014097
团队跟踪,盛丰量化选股迎春1号私募证券投资基金,SXK132,盛丰量化选股迎春1号私募证券投资基金,SXK132,海南盛丰,,2022-10-19,2022-10-24,国泰君安证券股份有限公司,,每周周一、周三和周五,可临开赎回,0%,不低于1万元,A类份额：0%。B类份额：持有期小于180天，赎回费率为1%；持有期大等于180天，赎回费率为0%,,无,,0.01,A类份额：0%，B类份额：1%,0.015%,0.015%,"A类份额：不计提业绩报酬，B类份额：提取收益部分的20%作为业绩报酬；
计提基准日:投资者赎回日、分红权益登记日、基金清算日",100亿元以上,P1073590
团队跟踪,卓耀润裕6号,SXK139,卓耀润裕6号私募证券投资基金,SXK139,山东卓耀,,2022-10-28,2022-11-02,国泰君安证券股份有限公司,蔡斐斐,每自然周周二设为申购开放日,否,无,每次追加认/申购金额不低于1万元,无,0.9,,0.8,0.01,,0.02%,0.02%,超过上次成功计提基准日基金份额累计净值部分的20%进行计提。,0-5亿元,P1073064
团队跟踪,恬昱ETF多空灵动4号私募证券投资基金,SXK182,恬昱ETF多空灵动4号私募证券投资基金,SXK182,上海恬昱投资,,2022-10-14,2022-10-20,国元证券股份有限公司,,,否,,,,,,,0,,,,,0-5亿元,P1061225
团队跟踪,博孚利瑞盈5号私募证券投资基金,SXK256,博孚利瑞盈5号私募证券投资基金,SXK256,厦门博孚利资管,,2022-09-20,2022-09-20,中信证券股份有限公司,,每个工作日,否,0%,不低于 1 万元,0%,,无,,0.006,,0.02%,0.02%,不计提业绩报酬,50-100亿元,P1023120
团队跟踪,正瀛智选6号私募证券投资基金,SXK377,正瀛智选6号私募证券投资基金,SXK377,上海正瀛资管,,2022-09-23,2022-09-28,招商证券股份有限公司,,每周一/三，不顺延,否,1%可免,,0,0.92,无,0.9,0.01,,0.025%,0.025%,,100亿元以上,P1060813
团队跟踪,量和中证1000指数增强10号私募证券投资基金,SXK456,量和中证1000指数增强10号私募证券投资基金,SXK456,上海久期量和投资,,2022-09-30,2022-09-30,中国银河证券股份有限公司,,,否,,,,,,,0,,,,,20-50亿元,P1031301
团队跟踪,常行11号,SXK626,常行11号私募证券投资基金,SXK626,江苏常行投资,,2022-10-21,2022-10-25,招商证券股份有限公司,,,否,,,,,,,0,,,,,0-5亿元,P1021817
团队跟踪,巨量均衡量化对冲星曜2022,SXK733,巨量均衡量化对冲星曜2022私募证券投资基金,SXK733,珠海巨量均衡,,2022-10-11,2022-10-13,国泰君安证券股份有限公司,,每自然月第10个自然日为开放日。如该对应日为非工作日，则开放日为该日后的第一个工作日。,可临开申购,B类份额：0,每次追加申购的最低金额为10万元人民币。,0,0.8,成立后180天（已结束）。,0.75,0,B类份额：0.5%/年,0.025%/年,0.025%/年,"B类份额：单人单笔高水位法，针对收益0%以上的部分计提10%业绩报酬
本基金业绩报酬计提日为：封闭期过后，每年1月及7月的最后一个交易日，基金份额持有人实际赎回基金份额时（包含全部赎回，部分赎回）、基金终止日。",5-10亿元,P1072577
团队跟踪,嘉策百煅三号私募证券投资基金,SXK790,嘉策百煅三号私募证券投资基金,SXK790,上海嘉策百煅,,2022-09-27,2022-10-18,华泰证券股份有限公司,,,否,,,,,,,0,,,,,5-10亿元,P1073834
团队跟踪,中柏立秋,SXK797,中柏立秋私募证券投资基金,SXK797,杭州中柏资管,,2022-10-17,2022-10-24,招商证券股份有限公司,,每月最后一工作日,可临开赎回,0,追加金额应不低于 10 万元人民币（不含申购费）。,"少于12月,1%",0.85,本基金成立之日起 3 个月（每月按 30 个自然日计算，含头不含尾，含满 3 个月当日）不允许基金份额持有人进行赎回，但允许基金投资者进行申购。,0.8,0.015,,0.025%,0.025%,20%,10-20亿元,P1071376
团队跟踪,博孚利好大哥一号FOF私募证券投资基金,SXK969,博孚利好大哥一号FOF私募证券投资基金,SXK969,厦门博孚利资管,,2022-09-26,2022-09-26,国泰君安证券股份有限公司,,每自然月第10个自然日为开放日。如该对应日为非工作日，则开放日为该日后的第一个工作日。,可临开申购,B类份额：0,每次追加申购的最低金额为10万元人民币。,0,0.8,成立后180天（已结束）。,0.75,0.01,B类份额：0.5%/年,0.025%/年,0.025%/年,"B类份额：单人单笔高水位法，针对收益0%以上的部分计提10%业绩报酬
本基金业绩报酬计提日为：封闭期过后，每年1月及7月的最后一个交易日，基金份额持有人实际赎回基金份额时（包含全部赎回，部分赎回）、基金终止日。",50-100亿元,P1023120
团队跟踪,汉盛生花进取一号私募证券投资基金,SXL032,汉盛生花进取一号私募证券投资基金,SXL032,上海汉鸿,,2022-09-23,2022-09-28,海通证券股份有限公司,,,否,,,,,,,0.01,,,,20%,10-20亿元,P1072580
团队跟踪,六妙星沁园春,SXL137,六妙星沁园春私募证券投资基金,SXL137,北京六妙星,,2022-10-13,2022-10-18,招商证券股份有限公司,,每个工作日,否,0%,10万元起,0%,,无,,0.01,A类份额：1%；B类份额：0%,0.01% ,0.01% ,"单人单笔赎回及清算时计提（按参与净值＋区间收益率）
区间收益在25%及以下，提取比例25%；
区间收益在25%以上，提取比例50%",20-50亿元,P1073972
团队跟踪,卓胜500量化对冲三号私募证券投资基金,SXL184,卓胜500量化对冲三号私募证券投资基金,SXL184,上海卓胜,,2022-09-27,2022-09-30,招商证券股份有限公司,,每自然月第10个自然日为开放日。如该对应日为非工作日，则开放日为该日后的第一个工作日。,可临开申购,B类份额：0,每次追加申购的最低金额为10万元人民币。,0,0.8,成立后180天（已结束）。,0.75,0,B类份额：0.5%/年,0.025%/年,0.025%/年,"B类份额：单人单笔高水位法，针对收益0%以上的部分计提10%业绩报酬
本基金业绩报酬计提日为：封闭期过后，每年1月及7月的最后一个交易日，基金份额持有人实际赎回基金份额时（包含全部赎回，部分赎回）、基金终止日。",0-5亿元,P1073962
团队跟踪,汇融中邮永安磐石8号私募证券投资基金,SXL268,汇融中邮永安磐石8号私募证券投资基金,SXL268,湖南汇智融达,,2022-10-14,2022-10-20,中泰证券股份有限公司,刘智咏,,否,,,,,,,0,,,,,0-5亿元,P1023796
团队跟踪,复途神舟一号私募证券投资基金,SXL292,复途神舟一号私募证券投资基金,SXL292,上海复途,,2022-09-30,2022-10-13,广发证券股份有限公司,,申购开放日为每个工作日，赎回开放日为每个自然年度 3月15日和9月15日,否,1%,1万元起,持有期小于365天，赎回费率为0.6%；持有期大等于365天且小于730天，赎回费率为0.3%；持有期大等于730天，赎回费率为0%,,,,0.003,基金服务费：0.015%,0.015%,,"在该期间超过年化收益8%以上部分的30%计提业绩报酬。
计提基准日：投资者赎回日、收益分配基准日和基金清算基准日",0-5亿元,P1073958
团队跟踪,哈希可转债量化对冲1号A类,SXL302,哈希可转债量化对冲1号A类私募证券投资基金,SXL302,海南哈希,,2022-09-26,2022-11-21,招商证券股份有限公司,余晓锋、彭璐,本基金开放日为每个工作日,否,无,,若基金份额持有时间少于3个月，赎回费率0.75%；若基金份额持有时间大于等于3个月，赎回费率0%。,0.88,无,0.85,0.0075,,,,对超过0%的收益部分提取15%的业绩报酬,10-20亿元,P1073980
团队跟踪,垒昂顺意量化对冲1号私募证券投资基金,SXL360,垒昂顺意量化对冲1号私募证券投资基金,SXL360,上海垒昂,,2022-10-13,2022-10-18,国金证券股份有限公司,范数维,,否,,,,,,,0,,,,,10-20亿元,P1069759
团队跟踪,朗海多策略进取一号私募证券投资基金,SXL397,朗海多策略进取一号私募证券投资基金,SXL397,青岛朗海,,2022-10-21,2022-10-26,中信证券股份有限公司,,,否,,,,,,,0,,,,,5-10亿元,P1073721
团队跟踪,朗海灵活对冲一号私募证券投资基金,SXL398,朗海灵活对冲一号私募证券投资基金,SXL398,青岛朗海,,2022-10-26,2022-10-31,中信证券股份有限公司,,,否,,,,,,,0,,,,,5-10亿元,P1073721
团队跟踪,因诺天问1号私募证券投资基金,SXL543,因诺天问1号私募证券投资基金,SXL543,上海因诺资管,,2022-09-29,2022-09-30,华泰证券股份有限公司,,每周周一,否,A类份额：1%，B类份额：0%,1万元起,0%,,,,0.02,A类份额：2%，B类份额：0%,0.015%,0.015%,A类份额：20%，B类份额：0%,100亿元以上,P1006164
团队跟踪,华安合鑫专享8期,SXL561,华安合鑫专享8期私募证券投资基金,SXL561,深圳华安合鑫,,2022-11-21,2022-11-25,招商证券股份有限公司,,申购开放日为每周周五，赎回开放日为每月25号,否,0%,,0%,,,,0.01,,0.015%,0.015%,单人单笔高水位法。16%,20-50亿元,P1062311
团队跟踪,博孚利多策略二十七号私募证券投资基金,SXL603,博孚利多策略二十七号私募证券投资基金,SXL603,厦门博孚利资管,,2022-12-06,2022-12-06,华泰证券股份有限公司,,每个工作日,否,0%,1万元起,0%,,无,,0.002,,0.025%,0.025%,不计提业绩报酬,50-100亿元,P1023120
团队跟踪,正瀛智选1号私募证券投资基金,SXL620,正瀛智选1号私募证券投资基金,SXL620,上海正瀛资管,,2022-09-28,2022-09-30,申万宏源证券有限公司,,,否,,,,,,,0,,,,,100亿元以上,P1060813
团队跟踪,思勰投资思源中证1000指数增强1号私募证券投资基金,SXL640,思勰投资思源中证1000指数增强1号私募证券投资基金,SXL640,上海思勰投资,,2022-10-17,2022-10-26,国泰君安证券股份有限公司,陈星豪,,否,,,,,,,0,,,,,100亿元以上,P1032873
团队跟踪,谊恒滴海一号私募证券投资基金,SXL701,谊恒滴海一号私募证券投资基金,SXL701,上海滴海,,2022-10-21,2022-10-28,华泰证券股份有限公司,,,否,,,,,,,0,1,,,,10-20亿元,P1012859
团队跟踪,香农金玉满堂量化选股二号,SXL726,香农金玉满堂量化选股二号私募证券投资基金,SXL726,海南三亚香农,,2023-11-10,2023-11-15,中信证券股份有限公司,,本基金固定开放日为成立后每个交易日，接受申购和赎回申请。,否,0%；基金投资者首次认/申购A类份额/B类份额的金额不低于100万元（不含认购费用），每次追加认/申购该类份额的金额应当不少于1万元（不含认购费用）。,,,,无封闭期；,,0.01,本基金A类份额的年管理费率为1%，B类份额的年管理费率R为0%。,0.015%/年,,A类份额的业绩报酬计提比例是20%；B类份额不计提。,20-50亿元,P1072386
团队跟踪,量道上证50指数增强10号私募证券投资基金,SXL843,量道上证50指数增强10号私募证券投资基金,SXL843,深圳量道投资,,2022-09-29,2022-09-30,兴业证券股份有限公司,,,否,,,（可金额赎回）,,,,0,,,,,100亿元以上,P1016658
团队跟踪,量创全天候元语1号,SXL919,量创全天候元语1号私募证券投资基金,SXL919,前海量创投资,,2022-10-10,2022-10-18,中信证券股份有限公司,王伟男,每个交易日,否,1%,,0%,,无,,0.015,,0.015%,0.015%,单客户单笔份额高水位法，提取比例20%,20-50亿元,P1032081
团队跟踪,嘉懿瑾瑜私募证券投资基金,SXL927,嘉懿瑾瑜私募证券投资基金,SXL927,上海嘉懿萃,,2022-11-11,2022-11-17,国泰君安证券股份有限公司,,,否,,,,,,,0,,,,,50-100亿元,P1073454
团队跟踪,铸锋纯钧19号私募证券投资基金,SXM002,铸锋纯钧19号私募证券投资基金,SXM002,北京铸锋资管,,2022-09-29,2022-09-29,中信建投证券股份有限公司,,每周周一、周三、周五,否,0%,1万元起,0%,,,,0.015,,0.025%,0.025%,收益年化0-20%的部分提20%，年化20%以上的部分提50%,50-100亿元,P1031904
团队跟踪,蓝墨长河3号私募证券投资基金,SXM192,蓝墨长河3号私募证券投资基金,SXM192,上海蓝墨投资,,2022-10-20,2022-10-20,国泰君安证券股份有限公司,,,否,,,,,,,0,,,,,50-100亿元,P1003927
团队跟踪,臻瓴致远价值1号私募证券投资基金,SXM609,臻瓴致远价值1号私募证券投资基金,SXM609,苏州臻瓴,,2022-10-11,2022-10-17,兴业证券股份有限公司,,,否,,,,,,,0,,,,,0-5亿元,P1072665
团队跟踪,淳德行稳致远,SXM695,淳德行稳致远私募证券投资基金,SXM695,上海淳德行知,,2022-10-17,2022-10-27,中信建投证券股份有限公司,,周一至周四,可临开赎回,0,,0,0.88,无,0.8,0.01,,,,"单人高水位法：单人单笔赎回及清算时计提（按参与净值）
分红日是否作为计提日【是 】
提取比例【20 】%
",0-5亿元,P1073959
团队跟踪,新伯霖价值致远7号私募证券投资基金,SXN020,新伯霖价值致远7号私募证券投资基金,SXN020,上海新伯霖,,2022-10-20,2022-10-26,招商证券股份有限公司,,,否,,,,,,,0,,,,,5-10亿元,P1071580
团队跟踪,顺为有道顺鑫启航六号私募证券投资基金,SXN072,顺为有道顺鑫启航六号私募证券投资基金,SXN072,厦门顺为有道投资,,2022-11-02,2022-11-08,东方证券股份有限公司,刘文雄,,否,,,,,,,0,,,,,5-10亿元,P1010920
团队跟踪,古曲祥辰1号私募证券投资基金,SXN088,古曲祥辰1号私募证券投资基金,SXN088,上海古曲,,2022-10-21,2022-10-27,光大证券股份有限公司,,,否,,,,,,,0,,,,,5-10亿元,P1005787
团队跟踪,博孚利涌金17号私募证券投资基金,SXN116,博孚利涌金17号私募证券投资基金,SXN116,厦门博孚利资管,,2022-10-14,2022-10-14,招商证券股份有限公司,,每个工作日,否,0%,1万元起,0%,,无,,0.015,,0.015%,0.015%,,50-100亿元,P1023120
团队跟踪,合骥中证1000指数对冲A期私募证券投资基金,SXN146,合骥中证1000指数对冲A期私募证券投资基金,SXN146,上海合骥,,2022-10-17,2022-10-20,华泰证券股份有限公司,,,否,,,,,,,0,,,,,100亿元以上,P1072437
团队跟踪,兰盈量化CTA1号,SXN204,兰盈量化CTA1号私募证券投资基金,SXN204,上海兰盈量投,,2022-10-14,2022-10-21,华泰证券股份有限公司,章宇涵、林雄,每个交易日,否,A类份额：1%；B类份额：0%,追加金额不低于 1 万元人民币,A类份额：持有期小于180天，赎回费率为2%；持有期大等于180天且小于365天，赎回费率为1%；持有期大等于365天，赎回费率为0%。B类份额：0%,0.7,无,0.6,0.01,A类份额：1%；B类份额：0.1%,0.02%,0.02%,A类份额：年化收益率小于30%，计提20%业绩报酬；年化收益率大等于30%，计提25%业绩报酬。B类份额：0%,10-20亿元,P1073965
团队跟踪,博孚利祥泰1号私募证券投资基金,SXN265,博孚利祥泰1号私募证券投资基金,SXN265,厦门博孚利资管,,2022-10-27,2022-10-27,国泰君安证券股份有限公司,,每个交易日,否,0.5%,1万元起,0%,,无,,0.004,,0.015%（销售服务费1%）,0.015%,不计提业绩报酬,50-100亿元,P1023120
团队跟踪,兰盈量化多头1号,SXN280,兰盈量化多头1号私募证券投资基金,SXN280,上海兰盈量投,,2022-10-20,2022-10-27,华泰证券股份有限公司,,每个交易日,可临开申购,1%,追加金额不低于 1 万元人民币,<180天为2% ；>=180天且<365天为1% ；>=365天为0%,0.7,本基金无封闭期,0.6,0.005,,0.02%年,0.02%/年,"1）业绩报酬的计提基准日：投资者赎回日、分红权益登记日、基金清算日、固定结算日（每年12月最后一个交易日）；
2）业绩报酬的计算采用单个投资者单笔高水位净值法，R=15%。",10-20亿元,P1073965
团队跟踪,道涥启澄一号,SXN285,道涥启澄一号私募证券投资基金,SXN285,上海道涵,,2022-11-24,2022-11-30,华泰证券股份有限公司,汪滔,,否,,,,,,,0,,,,,0-5亿元,P1072036
团队跟踪,卓胜中证500指数增强一号,SXN301,卓胜中证500指数增强一号私募证券投资基金,SXN301,上海卓胜,,2022-11-01,2022-11-07,招商证券股份有限公司,马万里,,否,A类份额：1%；B类份额：0%,,A类份额：持有期小于6个月，赎回费率为1%；持有期大等于6个月，赎回费率为0%。B类份额：0%,,,,0.01,A类份额：1%；B类份额：0%,0.02%,0.02%,"A类份额：当期收益为正且超过中证 500 指数（000905）对应期间收益，则管理人将提取赎回份额或分红份额当期超过中证 500 指数（000905）对应期间收益的 20%作为业绩报酬。
B类份额：0%",0-5亿元,P1073962
团队跟踪,顽岩量化对冲专享3号,SXN324,顽岩量化对冲专享3号私募证券投资基金,SXN324,上海顽岩,,2022-10-19,2022-10-19,华泰证券股份有限公司,,申购开放日为每个交易日，赎回开放日为每周周五,可临开赎回,0%,无,0%,0.88,无,0.85,0.01,,0.02%,0.02%,"本基金采用“单个投资者单份额高水位法”。在固定时点、基金份额持有人赎回基金或者基金终止时进行业绩报酬的提取。
固定时点是指基金成立后每年4月及10月第三个周五，如遇非工作日顺延至下一工作日。高水线提取20%",100亿元以上,P1034708
团队跟踪,汇智晨星-晨优1号,SXN430,汇智晨星-晨优1号私募证券投资基金,SXN430,北京汇智晨星,,2022-11-16,2022-11-21,国泰君安证券股份有限公司,,每周周二,可临开赎回,0%,,0%,,无,,0.01,,0.01%,0.01%,30%,0-5亿元,P1023036
团队跟踪,博孚利祥泰2号私募证券投资基金,SXN441,博孚利祥泰2号私募证券投资基金,SXN441,厦门博孚利资管,,2022-10-31,2022-10-31,国泰君安证券股份有限公司,,本基金固定开放日为成立后每个自然周周一、周三和周五，如遇非交易日则顺延至下一交易日。,可临开赎回,0.5%,1万元起,0%,,无,,0.005,保底8万,0.015%（销售服务费1%）,0.015%,不计提业绩报酬,50-100亿元,P1023120
团队跟踪,博孚利涌金1号私募证券投资基金,SXN442,博孚利涌金1号私募证券投资基金,SXN442,厦门博孚利资管,,2022-11-04,2022-11-04,财通证券股份有限公司,,每个交易日,否,1%,1万元起,0%,,无,,0.015,,0.07%,0.03%,门槛收益率法，年化30%以上计提60%,50-100亿元,P1023120
团队跟踪,博孚利尊享63号私募证券投资基金,SXN443,博孚利尊享63号私募证券投资基金,SXN443,厦门博孚利资管,,2022-10-28,2022-10-28,国泰君安证券股份有限公司,,本基金固定开放日为基金成立之后的每个交易日，固定开放日仅开放申购，不开放赎回。,否,0%,1万元起,0%,,无,,0.005,管理费保底10万；销售服务费率为1.5%,0.025%,0.025%（销售服务费率为1.5%）,不计提业绩报酬,50-100亿元,P1023120
团队跟踪,博孚利嘉兴一号,SXN690,博孚利嘉兴一号私募证券投资基金,SXN690,厦门博孚利资管,,2022-10-18,2022-10-18,兴业证券股份有限公司,,本基金自成立之日起每周三开放申购和赎回（遇非交易日顺延至本周的下一个交易日，若本周无交易日可顺延，则不再顺延至下周，即本周不进行开放）。,可临开赎回,0%,不少于1万,持有时间小于90个自然日赎回费率为1%，持有时间大于90个自然日（含）赎回费率为0%。,0.9,无,0.85,0.01,A份额1%年费率；B份额0.2%年费率,0.01%,0.01%,A份额：份额高水位法，提取比例为20%；B份额不计提,50-100亿元,P1023120
团队跟踪,思勰投资芳华二十六号私募证券投资基金,SXN713,思勰投资芳华二十六号私募证券投资基金,SXN713,上海思勰投资,,2022-10-26,2022-11-01,华福证券股份有限公司,,每个交易日,否,0%,1万元起,0%,,,,0,,0.02%,行政服务费：0.015%,"A 类份额：提取份额期间年化收益率的 50%作为业绩报酬，计提后基金份额持有人年化收益率不低于 4%；
B 类份额：0%",100亿元以上,P1032873
团队跟踪,图斯谷雨私募证券投资基金,SXN828,图斯谷雨私募证券投资基金,SXN828,上海图斯投资,,2022-10-25,2022-10-31,东方证券股份有限公司,,,否,,,,,,,0,,,,,5-10亿元,P1021209
团队跟踪,博孚利恒跃1号私募证券投资基金,SXN895,博孚利恒跃1号私募证券投资基金,SXN895,厦门博孚利资管,,2022-11-03,2022-11-03,国泰君安证券股份有限公司,,基金成立之后的每周周三、周四，如遇非交易日，则顺延至本周的下一交易日，如本周无下一交易日的，则本周不开放,否,0%,不低于1万,持有期小于365天，赎回费率为1%；持有期大等于365天，赎回费率为0%,,无,,0.01,A类份额：0%，B类份额：1%,0.015%（A类份额0%）,0.015%（A类份额0%）,A类不计提；B类份额：份额高水位法计提20%，本基金有设固定计提业绩报酬日：每年12月第二个周五（固定日，但封闭期及锁定期（如有）除外，如遇非交易日则顺延至下一交易日）,50-100亿元,P1023120
团队跟踪,衍盛核心稳健增强专享1号私募证券投资基金,SXN945,衍盛核心稳健增强专享1号私募证券投资基金,SXN945,深圳衍盛,,2022-10-27,2022-10-27,国泰君安证券股份有限公司,,每自然月第10个自然日为开放日。如该对应日为非工作日，则开放日为该日后的第一个工作日。,可临开申购,B类份额：0,每次追加申购的最低金额为10万元人民币。,0,0.8,成立后180天（已结束）。,0.75,0,B类份额：0.5%/年,0.025%/年,0.025%/年,"B类份额：单人单笔高水位法，针对收益0%以上的部分计提10%业绩报酬
本基金业绩报酬计提日为：封闭期过后，每年1月及7月的最后一个交易日，基金份额持有人实际赎回基金份额时（包含全部赎回，部分赎回）、基金终止日。",50-100亿元,P1004055
团队跟踪,银叶中证1000量化智选私募证券投资基金,SXN984,银叶中证1000量化智选私募证券投资基金,SXN984,上海银叶投资,,2022-10-19,2022-10-24,招商证券股份有限公司,,,否,,,,,,,0,,,,,100亿元以上,P1000393
团队跟踪,康诺天臣严选,SXP125,康诺天臣严选私募证券投资基金,SXP125,深圳康诺资管,,2022-10-20,2022-10-27,兴业证券股份有限公司,,每个交易日,否,1%,,1%,,,,0.015,净值1以上收费,,,20%,0-5亿元,P1066802
团队跟踪,汉弩金石1号私募证券投资基金,SXP292,汉弩金石1号私募证券投资基金,SXP292,青岛汉弩,,2022-12-02,2022-12-09,中泰证券股份有限公司,,,否,,,,,,,0,,,,,0-5亿元,P1072377
团队跟踪,博孚利华恩1号私募证券投资基金,SXP387,博孚利华恩1号私募证券投资基金,SXP387,厦门博孚利资管,,2022-10-21,2022-10-21,中信建投证券股份有限公司,,每个交易日,否,0%,不低于1万元人民币,0%,,无,,0.01,,0.015%,0.015%,不计提业绩报酬,50-100亿元,P1023120
团队跟踪,同温层堡垒进取5号私募证券投资基金,SXP831,同温层堡垒进取5号私募证券投资基金,SXP831,武汉同温层,,2022-10-27,2022-11-01,国信证券股份有限公司,徐安、段海磊,,否,,,,,,,0,,,,,20-50亿元,P1070801
团队跟踪,博孚利丰沃6号私募证券投资基金,SXP839,博孚利丰沃6号私募证券投资基金,SXP839,厦门博孚利资管,,2022-10-26,2022-10-26,国泰君安证券股份有限公司,,每个交易日,否,1.2%,1万元起,0%,,无,,0.002,,0.015%,0.015%,门槛收益率法，年化46%以上计提40%,50-100亿元,P1023120
团队跟踪,铭跃量选50一号私募证券投资基金,SXQ079,铭跃量选50一号私募证券投资基金,SXQ079,上海铭跃,,2022-11-30,2022-12-09,国泰君安证券股份有限公司,,每周周三,可临开赎回,A类份额：0%，B类份额：1%,,A类份额：0%。B类份额：持有期小于180天，赎回费率为1%；持有期大等于180天，赎回费率为0%；归管理人所有。,,无,,0.01,A类份额：0%，B类份额：1%,0.005%,0.005%,对超过上次成功计提基准日各类别基金份额累计净值部分计提20%,50-100亿元,P1073580
团队跟踪,广聚星合路涵进取1号私募证券投资基金,SXQ084,广聚星合路涵进取1号私募证券投资基金,SXQ084,共青城广聚星合,,2022-11-11,2022-11-16,长城证券股份有限公司,徐林,每周周一、周三、周五,否,0%,,0%,0.85,无,0.8,0.01,,0.025%,0.025%,"对超过上次成功计提基准日基金份额累计净值部分按20%比例进行计提。
计提基准日：投资者赎回日、分红权益登记日、基金清算日。",10-20亿元,P1071800
团队跟踪,坤望锦鲤专享5号私募证券投资基金,SXQ097,坤望锦鲤专享5号私募证券投资基金,SXQ097,上海坤望,,2022-10-28,2022-11-04,招商证券股份有限公司,,每个工作日,否,1%,1万元起,0%,,无,,0.01,,0.020%,0.020%,"A类份额：0-6%：不收；6-20%：收20%；20%以上：收30%。
B类份额：0-6%：不收；6-20%：收40%；20%以上：收60%。",20-50亿元,P1072723
团队跟踪,宁波信本溢盛3号私募证券投资基金,SXQ131,宁波信本溢盛3号私募证券投资基金,SXQ131,宁波溢锋,,2022-11-09,2022-11-15,光大证券股份有限公司,,,否,,,,,,,0,,,,,10-20亿元,P1063867
团队跟踪,千衍六和6号1000增强,SXQ298,千衍六和6号1000增强私募证券投资基金,SXQ298,上海千衍,,2022-11-10,2022-11-18,国泰君安证券股份有限公司,,,否,,,,,,,0,,,,,100亿元以上,P1009640
团队跟踪,云程中性2号,SXQ300,云程中性2号私募证券投资基金,SXQ300,北京云程,,2022-12-14,2022-12-22,华泰证券股份有限公司,,申购开放日：每个工作日，赎回开放日：每月第二个周三,否,0%,,持有期小于90天，赎回费率为1%；持有期大等于90天，赎回费率为0%,0.9,无,0.85,0,,0.015%,0.015%,"B类份额：采用“单个投资者单份额高水位法”，如果 r≤6%，则 R＝0；
如果 r＞6%，则 R＝min{F×C×(r－6%)×T/365，F×C×r×60%}。
计提基准日：在固定时点（基金成立后每年的 1月5日和7月5日）、基金份额持有人赎回 B 类基金份额或者基金终止时进行业绩报酬的提取。",5-10亿元,P1074021
团队跟踪,善择安鑫三号私募证券投资基金,SXQ302,善择安鑫三号私募证券投资基金,SXQ302,深圳善择,,2022-10-28,2022-11-04,中信证券股份有限公司,杨萍,,否,,,,,,,0,,,,,50-100亿元,P1073481
团队跟踪,领容恒驰,SXQ364,领容恒驰私募证券投资基金,SXQ364,上海领容投资,,2022-11-01,2022-11-04,招商证券股份有限公司,,每周周五,否,A类份额：0%；B类份额：1%,,A类份额：0%。B类：持有期小于3个月，赎回费率为1%；持有期大等于3个月，赎回费率为0%,0.85,无,0.8,0.01,,0.015%,0.015%,A类份额：0%；B类份额：20%,10-20亿元,P1071654
团队跟踪,锴量墨子三号,SXQ409,锴量墨子三号私募证券投资基金,SXQ409,上海锴量投资,,2022-11-18,2022-11-23,海通证券股份有限公司,,,否,,,,,,,0,,,,,5-10亿元,P1070166
团队跟踪,龙帆普瑞一号私募证券投资基金,SXQ456,龙帆普瑞一号私募证券投资基金,SXQ456,厦门龙帆资管,,2022-10-28,2022-10-28,中信证券股份有限公司,,每周周一、周三、周五,否,0%,10万的整数倍,0%,,无,,0.002,,0.025%,0.025%,不计提业绩报酬,5-10亿元,P1062076
团队跟踪,行和星空,SXQ459,行和星空私募证券投资基金,SXQ459,大连行和基金,,2022-10-27,2022-11-04,兴业证券股份有限公司,,,否,,,,,,,0,,,,,0-5亿元,P1018822
团队跟踪,量创全天候元语9号私募证券投资基金,SXQ503,量创全天候元语9号私募证券投资基金,SXQ503,前海量创投资,,2022-10-31,2022-11-03,中信证券股份有限公司,王伟男、骆俊,每个交易日,否,1%,1万元起,1%(募集机构可减免),,无,,0.015,,0.015%,0.015%,采用单客户单笔份额高水位法，提取比例25%。,20-50亿元,P1032081
团队跟踪,太蒙利风中舞零零壹号私募证券投资基金,SXQ509,太蒙利风中舞零零壹号私募证券投资基金,SXQ509,上海太蒙利资管,,2022-11-02,2022-11-08,华泰证券股份有限公司,秦焕祥,每周周三,可临开赎回,0%,1万元起,0%,,无,,0.01,（基金服务费：0.01%）,0.01%,,50%,0-5亿元,P1070128
团队跟踪,源峰逆向私募证券投资基金,SXQ541,源峰逆向私募证券投资基金,SXQ541,北京源峰,,2022-11-08,2022-11-11,中信证券股份有限公司,,,否,,,,,,,0,,,,,100亿元以上,P1067975
团队跟踪,香樟稳健套利私募证券投资基金,SXQ583,香樟稳健套利私募证券投资基金,SXQ583,海南香樟,,2022-11-10,2022-11-21,中信建投证券股份有限公司,,每周周一、周三、周五,否,0%,1万元,0%,,无,,0.01,,0.025%,,单人单笔赎回及清算时计提分红日是否作为计提日提取比例【20】%,0-5亿元,P1073851
团队跟踪,博孚利善家慈善组织1号私募证券投资基金,SXQ623,博孚利善家慈善组织1号私募证券投资基金,SXQ623,厦门博孚利资管,,2022-11-03,2022-11-04,国金证券股份有限公司,,每周周一、周三、周五,否,0%,1万元起,0%,,无,,0.002,A类0.2%，B类0.5%,0.02%,0.02%,年化4%以上计提50%业绩报酬,50-100亿元,P1023120
团队跟踪,安值盈玖量化3号,SXQ849,安值盈玖量化3号私募证券投资基金,SXQ849,青岛安值投资,,2022-11-01,2022-11-01,中信证券股份有限公司,,每周周一、周三,否,1%,,A类份额：0%。B类份额：持有期小于365天，赎回费率为1%；持有期大等于365天，赎回费率为0%,0.8,,0.75,0.01,A类份额：0%。B类份额：1%,A类份额：0%。B类份额：0.02%,A类份额：0%。B类份额：0.02%,"A类份额：0%。
B类份额：计提基准日分为固定计提基准日（每年12月的第4个周一）、该类份额除息日（若有）、赎回申请日和基金终止日（其中固定计提基准日和除息日（若有）统称为“统一计提基准日”）。计提20%",20-50亿元,P1066882
团队跟踪,黑玺湖畔20号私募证券投资基金,SXQ892,黑玺湖畔20号私募证券投资基金,SXQ892,杭州黑玺,,2022-11-04,2022-11-09,华泰证券股份有限公司,,每日,否,无,1万元起,无,,,,0.01,,0.015%,0.015%,"单客户单份额高水位法；
计提时点：基金收益分配、基金赎回基金，基金终止时；
若基金单位份额年化收益率小于或等于8%时，管理人提职30%业绩报酬，若基金单位份额年化收益率大于8%，则对超过8%部分的收益计提50%的业绩报酬",20-50亿元,P1060839
团队跟踪,乾升磐石元号,SXQ997,乾升磐石元号私募证券投资基金,SXQ997,南京乾升,,2022-11-09,2022-11-16,中信证券股份有限公司,,每日,否,0,,0,,无,,0.01,,,,,0-5亿元,P1065827
团队跟踪,青琰琰知一号,SXR047,青琰琰知一号私募证券投资基金,SXR047,上海青琰,,2022-11-11,2022-11-16,中信证券股份有限公司,,每周周三，每年 3 月、6 月、9 月、12月的最后一个工作日,否,0%,,持有期小等于183天，赎回费率为2%；持有期大于183天且小等于365天，赎回费率为1%；持有期大于365天，赎回费率为0%,0.96,,0.94,0.01,,,,管理人将根据委托人每笔投资的期间年化收益率（R），当期间年化收益率大于【6】%时，对所有收益按照【60】%的比例收取业绩报酬，且计提后该笔份额的期间年化收益率不低于【6】%。,20-50亿元,P1073943
团队跟踪,青琰琰石一号私募证券投资基金,SXR052,青琰琰石一号私募证券投资基金,SXR052,上海青琰,,2022-11-18,2022-11-23,中信证券股份有限公司,,每个工作日,否,0%,,持有期小等于183天，赎回费率2%；持有期大于183天且小等于365天，赎回费率1%；持有期大于365天，赎回费率0%,0.96,无,0.94,0.01,,,,管理人将根据委托人每笔投资的期间年化收益率（R），对期间年化收益率超过 0%以上部分按照【25】%的比例收取业绩报酬,20-50亿元,P1073943
团队跟踪,照月海舟优孚进取2号私募证券投资基金,SXR071,照月海舟优孚进取2号私募证券投资基金,SXR071,成都照月,,2022-11-11,2022-11-16,国泰君安证券股份有限公司,,每个交易日,否,A类份额：1%；B类份额：0%,,0%,,无,,0.015,A类份额：1.5%；B类份额：0.1%,0.025%,0.025%,A类份额：计提20%业绩报酬。B类份额：0%,5-10亿元,P1067191
团队跟踪,汇添富-添富牛116号集合资产管理计划,SXR092,汇添富-添富牛116号集合资产管理计划,SXR092,汇添富基金,,2022-10-31,2022-11-01,平安银行股份有限公司,,,否,,,,,,,0,,,,,,PT0100000045
团队跟踪,无量商品多策略一号,SXR108,无量商品多策略一号私募证券投资基金,SXR108,海南无量,,2022-11-29,2022-11-29,招商证券股份有限公司,李德安,,否,,,,,,,0,,,,,20-50亿元,P1022101
团队跟踪,旭诺行稳致远1号,SXR146,旭诺行稳致远1号私募证券投资基金,SXR146,上海旭诺资管,,2022-11-10,2022-11-21,招商证券股份有限公司,,,否,,,,,,,0,,,,,10-20亿元,P1002888
团队跟踪,博孚利尊享67号私募证券投资基金,SXR440,博孚利尊享67号私募证券投资基金,SXR440,厦门博孚利资管,,2022-12-21,2022-12-21,国泰君安证券股份有限公司,,每个交易日,否,1%,追加金额1万元起,0%,,无,,0.005,,0.015%,0.015%,不提取业绩报酬,50-100亿元,P1023120
团队跟踪,安诚数盈金福稳健一号私募证券投资基金,SXR467,安诚数盈金福稳健一号私募证券投资基金,SXR467,浙江安诚数盈投资,,2022-11-03,2022-11-08,中信建投证券股份有限公司,,每自然月第10个自然日为开放日。如该对应日为非工作日，则开放日为该日后的第一个工作日。,可临开申购,B类份额：0,每次追加申购的最低金额为10万元人民币。,0,0.8,成立后180天（已结束）。,0.75,0,B类份额：0.5%/年,0.025%/年,0.025%/年,"B类份额：单人单笔高水位法，针对收益0%以上的部分计提10%业绩报酬
本基金业绩报酬计提日为：封闭期过后，每年1月及7月的最后一个交易日，基金份额持有人实际赎回基金份额时（包含全部赎回，部分赎回）、基金终止日。",10-20亿元,P1018488
团队跟踪,博孚利尊享66号私募证券投资基金,SXR578,博孚利尊享66号私募证券投资基金,SXR578,厦门博孚利资管,,2022-12-21,2022-12-21,国泰君安证券股份有限公司,,每月第15个自然日，遇非顺延,否,0%,1 万元起,0%,,无,,0.01,,0.015%,0.015%,门槛收益率法，年化30%以上计提60%。,50-100亿元,P1023120
团队跟踪,盛丰丰利1号私募证券投资基金,SXR583,盛丰丰利1号私募证券投资基金,SXR583,海南盛丰,,2022-11-10,2022-11-15,招商证券股份有限公司,,每周周一、周三、周五,否,1%,,持有期小于6个月，赎回费率为1%；持有期大等于6个月，赎回费率为0%,0.8,,0.75,0.01,,0.015%,0.015%,"20%
计提基准日：每年6月最后一个周五",100亿元以上,P1073590
团队跟踪,和桂春笋1号私募证券投资基金,SXR711,和桂春笋1号私募证券投资基金,SXR711,上海和桂,,2022-11-11,2022-11-17,国金证券股份有限公司,,,否,,,,,,,0,,,,,0-5亿元,P1067763
团队跟踪,香农如意对冲二号私募证券投资基金,SXR715,香农如意对冲二号私募证券投资基金,SXR715,海南三亚香农,,2022-12-01,2022-12-07,国泰君安证券股份有限公司,,,否,,,,,,,0,,,,,20-50亿元,P1072386
团队跟踪,特夫郁金香弦理1号,SXR731,特夫郁金香弦理1号私募证券投资基金,SXR731,上海特夫,,2022-11-08,2022-11-11,国泰君安证券股份有限公司,,申购开放日为每周周三；赎回开放日为每个自然月最后一个交易日,否,0%,1万元起,0%,,无,,0.015,,0.025%,0.025%,30%,5-10亿元,P1026263
团队跟踪,博孚利涵合1号私募证券投资基金,SXR734,博孚利涵合1号私募证券投资基金,SXR734,厦门博孚利资管,,2022-11-15,2022-11-15,国泰君安证券股份有限公司,,申购开放日为每个交易日；赎回开放日为每年9月1日,可临开赎回,0%,1 万元起,持有期小于365天，赎回费率为3%；持有期大等于365天，赎回费率为0%,,无,,0.002,2024.3.18-2024.12.31暂停计提,0.015%,0.015%,不计提业绩报酬,50-100亿元,P1023120
团队跟踪,润远安晟私募证券投资基金,SXR752,润远安晟私募证券投资基金,SXR752,深圳润远,,2022-11-07,2022-11-15,中信证券股份有限公司,王伟,,否,,,,,,,0,,,,,0-5亿元,P1006106
团队跟踪,博孚利尊享68号私募证券投资基金,SXR822,博孚利尊享68号私募证券投资基金,SXR822,厦门博孚利资管,,2022-12-21,2022-12-22,国泰君安证券股份有限公司,,每个交易日,否,0%,1万元起,0%,,无,,0.02,,0.015%,0.015%,门槛收益率法，年化30%以上计提60%。,50-100亿元,P1023120
团队跟踪,博孚利尊享69号私募证券投资基金,SXR824,博孚利尊享69号私募证券投资基金,SXR824,厦门博孚利资管,,2022-12-21,2022-12-22,国泰君安证券股份有限公司,,每个交易日,否,0%,1 万元起,0%,,无,,0.005,保底15万,0.015%,0.015%,不提取业绩报酬,50-100亿元,P1023120
团队跟踪,博孚利尊享70号私募证券投资基金,SXR826,博孚利尊享70号私募证券投资基金,SXR826,厦门博孚利资管,,2022-12-26,2022-12-27,国泰君安证券股份有限公司,,申购开放日为每个交易日，不设置固定赎回开放日,否,0%,1 万元起,0%,,无,,0.007,保底10万/2024.4.18-2024.12.31暂停计提管理费,0.015%,0.015%,不计提业绩报酬,50-100亿元,P1023120
团队跟踪,国标中顺易优选成长私募证券投资基金,SXR916,国标中顺易优选成长私募证券投资基金,SXR916,杭州国标资管,,2022-11-10,2022-11-18,华泰证券股份有限公司,,每周周二、周四,否,0%,,2.5%（可减免）,0.97,无,0.95,0.015,,,,60%（年化收益>6%，且计提后客户到手年化收益率不低于 6%）,5-10亿元,P1070165
团队跟踪,守正用奇龙珠专享1号,SXR918,守正用奇龙珠专享1号私募证券投资基金,SXR918,广州守正用奇,,2022-11-07,2022-11-10,招商证券股份有限公司,龙俊炜,申购开放日为每周二、周四；赎回开放日为每月的第一个周二、每年5月第一个工作日,否,1%,1万元起,持有期小于 3个月，赎回费率为1%；持有期大等于3 个月少于6 个月，赎回费率为0.5%；持有期大等于 6个月，赎回费率为0%,,,0.75,0.01,,0.02%,0.02%,单客户单笔份额高水位法：当基金份额赎回、基金终止或分红时，管理人将提取赎回份额或分红份额当期收益的 20%作为业绩报酬,20-50亿元,P1021611
团队跟踪,华夏基金-睿锦FOF浙享单一资产管理计划,SXS110,华夏基金-睿锦FOF浙享单一资产管理计划,SXS110,,,2018-01-05,,,,,否,,,,,,,0,,,,,,
团队跟踪,量道中证500指数增强11号私募证券投资基金,SXS119,量道中证500指数增强11号私募证券投资基金,SXS119,深圳量道投资,,2022-11-22,2022-11-22,长城证券股份有限公司,,每个交易日,否,A类份额:0.50%，B类份额:0%。, 1 万元的整数倍,A类份额：持有期小于90天，赎回费率为0.5%；持有期大等于90天，赎回费率为0%。B类份额：0%。,,无,,0.003,A类份额:0.30%，B类份额:0%。 A类份额：除B类份额以外的其它合格投资者。 B类份额：管理人及其从业人员、管理人发行的产品及管理人担任投顾的资管产品（证券公司及其子公司资产管理产品、基金公司及其子公司资产管理产品、期货公司及其子公司资产管理产品、保险公司及其子公司资产管理产品、私募证券投资基金）。,0.025%（年最低收费金额2500元）,0.025%（年最低收费金额2500元）,不计提业绩报酬。,100亿元以上,P1016658
团队跟踪,箐安期权稳健一号,SXS135,箐安期权稳健一号私募证券投资基金,SXS135,上海箐安投资,,2022-11-28,2022-11-28,兴业证券股份有限公司,,每周周二、周五,否,1%,1万元起,持有期小于180个自然日，赎回费率为0.5%；持有期大等于180个自然，赎回费率为0%,0.85,,0.8,0.015,,0.03%/年,0.03%/年,单客户单笔高水位法计提比例，实际收益超过[0%]的部分提取[20%]作为业绩报酬,5-10亿元,P1064545
团队跟踪,博孚利盛虹1号中证1000分红型指数增强私募证券投资基金,SXS240,博孚利盛虹1号中证1000分红型指数增强私募证券投资基金,SXS240,厦门博孚利资管,,2022-12-02,2022-12-02,广发证券股份有限公司,,"申购开放日为封闭期结束第325个自然日后每自然月份的 8号；赎回开放日为封闭期结束后首个交易日及首个开放日后每自然月份的8号
",否,0%,1 万元起,0.3%,,40天,,0.003,,0.025%,0.015%,"不收取业绩报酬。
销售服务费：1.26%年费率，每日计提，按自然季度支付。",50-100亿元,P1023120
团队跟踪,银杏善利6号私募证券投资基金,SXS440,银杏善利6号私募证券投资基金,SXS440,上海银杏,,2022-11-10,2022-11-16,招商证券股份有限公司,郑国梁,,否,,,,,,,0,,,,,0-5亿元,P1072547
团队跟踪,博孚利国岳金牛,SXS444,博孚利国岳金牛私募证券投资基金,SXS444,厦门博孚利资管,,2022-11-10,2022-11-10,兴业证券股份有限公司,,"本基金的申购开放日为基金成立之后的每周周三；如遇非交易日，则顺延至下一交易日。 
本基金的赎回开放日为基金成立之后的每月第20个自然日，如遇非交易日，则顺延至下一交易日。",否,0%,不少于1万,本基金份额持有期低于365天（不含）的赎回费率为1%，基金份额持有期在365天及以上的赎回费率为0%,,无,0.8,0.01,20240625-20250624暂停计提,0.01%,0.01%,不计提,50-100亿元,P1023120
团队跟踪,灵涛平衡混合,SXS456,灵涛平衡混合私募证券投资基金,SXS456,灵涛基金,,2022-12-07,2022-12-07,国泰君安证券股份有限公司,余春露、王建,每周周二、周三,否,1%,10万整数倍,持有期小于90天，赎回费率为 0.5%；持有期大等于90天，赎回费率为 0%,,,,0.01,,0.025%,0.025%,单个投资者单笔高水位法（盈利部分计提 18%）,5-10亿元,P1024039
团队跟踪,富犇尊享稳进3号私募证券投资基金,SXS549,富犇尊享稳进3号私募证券投资基金,SXS549,上海富犇投资,,2023-01-04,2023-01-11,中信证券股份有限公司,,,否,,,,,,,0,,,,,5-10亿元,P1025359
团队跟踪,靖戈共赢尊享九号私募证券投资基金,SXS601,靖戈共赢尊享九号私募证券投资基金,SXS601,上海靖戈,,2022-11-16,2022-11-23,招商证券股份有限公司,,,否,,,,,,,0,,,,,20-50亿元,P1072274
团队跟踪,钧誉酬勤量化对冲8号私募证券投资基金,SXS751,钧誉酬勤量化对冲8号私募证券投资基金,SXS751,珠海钧誉资管,,2022-11-15,2022-11-18,广发证券股份有限公司,王耀,每自然月第10个自然日为开放日。如该对应日为非工作日，则开放日为该日后的第一个工作日。,可临开申购,B类份额：0,每次追加申购的最低金额为10万元人民币。,0,0.8,成立后180天（已结束）。,0.75,0,B类份额：0.5%/年,0.025%/年,0.025%/年,"B类份额：单人单笔高水位法，针对收益0%以上的部分计提10%业绩报酬
本基金业绩报酬计提日为：封闭期过后，每年1月及7月的最后一个交易日，基金份额持有人实际赎回基金份额时（包含全部赎回，部分赎回）、基金终止日。",0-5亿元,P1068716
团队跟踪,龙帆量化CTAA号私募证券投资基金,SXS897,龙帆量化CTAA号私募证券投资基金,SXS897,厦门龙帆资管,,2022-11-15,2022-11-15,国泰君安证券股份有限公司,,,否,,,,,,,0,,,,,5-10亿元,P1062076
团队跟踪,领容长乐1号,SXS920,领容长乐1号私募证券投资基金,SXS920,上海领容投资,,2022-12-26,2023-01-03,国泰君安证券股份有限公司,,申购开放日为每周周三，赎回开放日为每月最后一个交易日,否,1%,1万元起,锁定期内赎回费率1%；锁定期外无赎回费（软锁）,0.85,无,0.8,0.01,,0.015%,0.015%,"B类份额：单客户单份额高水位法，
0 ＜ R ≤ 50%， 计提比例：20%；
50% ＜ R ，计提比例：40%。
A类份额：不计提业绩报酬。",10-20亿元,P1071654
团队跟踪,博孚利涌金16号私募证券投资基金,SXS969,博孚利涌金16号私募证券投资基金,SXS969,厦门博孚利资管,,2022-11-16,2022-11-16,招商证券股份有限公司,,每日开放,否,0%,1万元起,0%,,无,,0.015,,0.015%,0.015%,份额高水位法，提取比例为40%,50-100亿元,P1023120
团队跟踪,博孚利瑞盈8号私募证券投资基金,SXS972,博孚利瑞盈8号私募证券投资基金,SXS972,厦门博孚利资管,,2022-11-22,2022-11-22,招商证券股份有限公司,,每个工作日,否,0%,1 万元的整数倍,0%,,无,,0.006,,0.02%,0.02%,不计提业绩报酬,50-100亿元,P1023120
团队跟踪,博孚利瑞盈2号私募证券投资基金,SXS974,博孚利瑞盈2号私募证券投资基金,SXS974,厦门博孚利资管,,2022-11-22,2022-11-22,招商证券股份有限公司,,每个工作日,否,0%,1 万元的整数倍,0%,,无,,0.006,,0.02%,0.02%,不计提业绩报酬,50-100亿元,P1023120
团队跟踪,昭融乐晞1号,SXT020,昭融乐晞1号私募证券投资基金,SXT020,武汉昭融汇利,,2022-12-02,2022-12-12,长江证券股份有限公司,,本基金成立之日起每个交易日开放申购和赎回。,否,0%,1万元起,,,,,0.01,,0.02%,0.02%,单人单笔高水位计提30%,50-100亿元,P1010330
团队跟踪,哲石拾风私募证券投资基金,SXT048,哲石拾风私募证券投资基金,SXT048,杭州哲石,,2022-11-11,2022-11-16,招商证券股份有限公司,,,否,,,,,,,0,,,,,10-20亿元,P1034136
团队跟踪,博孚利恒富尊享1号私募证券投资基金,SXT053,博孚利恒富尊享1号私募证券投资基金,SXT053,厦门博孚利资管,,2022-11-16,2022-11-16,招商证券股份有限公司,,申购开放日为每周周一、周三、周五；赎回开放日为每年 6 月和 12 月的最后一个工作日,可临开赎回,1%,1万元起,持有期小于12个月，赎回费率为3%；持有期大等于12个月，赎回费率为0%,,无,,0.002,,0.015%,0.015%,当基金份额赎回、基金终止或分红时，且该赎回份额或分红份额当期收益大于年化4%，管理人提取该份额整体盈利部分的60%作为业绩报酬，但计提后该笔份额的当期年化收益不低于4%。如本次基金分红时间距上次分红时间（如有）不足6个月（每月按30个自然日计算），则本次基金分红不对基金份额计提业绩报酬。（未生效）,50-100亿元,P1023120
团队跟踪,博孚利涌金2号私募证券投资基金,SXT293,博孚利涌金2号私募证券投资基金,SXT293,厦门博孚利资管,,2022-11-21,2022-11-21,财通证券股份有限公司,,每个交易日,可临开赎回,1%,1 万元起,0%,,无,,0.015,,0.03%,0.02%,门槛收益率法，年化30%以上计提60%。,50-100亿元,P1023120
团队跟踪,桐石乘风3号私募证券投资基金,SXT410,桐石乘风3号私募证券投资基金,SXT410,上海桐石,,2022-12-15,2022-12-20,中信证券股份有限公司,杜菁华,每周周三（若周三为非工作日则不开放）,否,0%,1万元起,0%,0.85,无,0.8,0.01,,0.02%,0.02%,20%,0-5亿元,P1072194
团队跟踪,常行优孚1号私募证券投资基金,SXT415,常行优孚1号私募证券投资基金,SXT415,江苏常行投资,,2022-11-16,2022-11-17,中信证券股份有限公司,,每周周一、周三、周五,否,0%,,持有期小于90天，赎回费率为1%；持有期大等于90天，赎回费率为0%,0.97,,0.95,0.01,,0.02%,0.02%,年化5%以下不计提，年化5%以上计提50%,0-5亿元,P1021817
团队跟踪,博孚利牡丹5号私募证券投资基金,SXT438,博孚利牡丹5号私募证券投资基金,SXT438,厦门博孚利资管,,2022-11-28,2022-11-28,广发证券股份有限公司,,每周周一、周三、周五,可临开赎回,0%,不低于1万元人民币,0%,,无,,0.01,保底10万。,0.05%,0.05%,门槛收益率法，年化25%以上计提10%,50-100亿元,P1023120
团队跟踪,量锐广源1000指数增强1号私募证券投资基金,SXT487,量锐广源1000指数增强1号私募证券投资基金,SXT487,宁波金戈量锐资管,,2022-12-27,2022-12-30,广发证券股份有限公司,,每个交易日,否,0%,,0%,,,,0.01,A类份额：0%，B类份额：1%,0.025%,0.025%,A类份额：0%，B类份额：对超过历史计提日最高份额累计净值部分，提取比例为20%。,100亿元以上,P1008220
团队跟踪,诚远全天候,SXT547,诚远全天候私募证券投资基金,SXT547,上海诚远,,2022-11-24,2022-12-01,中信证券股份有限公司,刘浩,申购开放日为每个工作日，赎回开放日为基金成立之日起6个月后的每个月的15、16、17日,否,,1万元起,持有期小于180天，赎回费率为0.3%；持有期大等于180天，赎回费率为0%,,,,0.01,,0.02%,,持有人退出、基金分红、基金终止时统一计提业绩报酬，收益计提16%,0-5亿元,P1074125
团队跟踪,金友至诚价值成长一期私募证券投资基金,SXT555,金友至诚价值成长一期私募证券投资基金,SXT555,南京金友,,2022-11-22,2022-12-01,中信证券股份有限公司,,,否,,,,,,,0,,,,,0-5亿元,P1073917
团队跟踪,蒙玺分形12号私募证券投资基金,SXT797,蒙玺分形12号私募证券投资基金,SXT797,上海蒙玺投资,,2023-09-06,2023-09-11,中信证券股份有限公司,,每个工作日,否,0%,,0%,0.97,,0.95,0.01,A类份额：0%，B类份额：1%,0.02%,0.02%,A类份额：0%；B类份额：当期间年化收益率大于 5.5%时，对所有收益按照 Y 的比例收取业绩报酬，且计提后该笔份额的期间年化收益率不低于 5.5%。B 类份额业绩报酬的提取比例（Y）为 50%。,100亿元以上,P1063294
团队跟踪,锐天金选核心1号私募证券投资基金,SXT860,锐天金选核心1号私募证券投资基金,SXT860,上海锐天投资,,2022-11-22,2022-11-29,国泰君安证券股份有限公司,,每个工作日,否,0,,0,,无,,0,,,,单个投资者单笔投资年化收益全额法计提，年化 6.5%以上收取持有期全额收益按 60%比例进行计提，提取业绩报酬后，投资者收益率不低于6.5%。,100亿元以上,P1024169
团队跟踪,博牛资产轮动量化1号,SXT870,博牛资产轮动量化1号私募证券投资基金,SXT870,广州博牛,,2022-11-18,2022-11-18,招商证券股份有限公司,郭伟杰,每个自然周的最后一个工作日,可临开赎回,0%,1万元起,持有期小于182天，赎回费率为1%；持有期大等于182天但小于365天，赎回费率为0.5%；持有期大等于365天，赎回费率为0%。募集机构有权对投资者的赎回费进行减免。赎回费归募集机构所有。,0.75,无,0.7,0.015,,0.03%,0.03%,对基金正收益部分收取20%作为业绩报酬。业绩报酬提取时点分为收益分配基准日、份额赎回日和基金终止日提取。,0-5亿元,P1067450
团队跟踪,汇富联合增利2号私募证券投资基金,SXT932,汇富联合增利2号私募证券投资基金,SXT932,深圳前海汇富联合,,2022-11-24,2022-11-24,华泰证券股份有限公司,,,否,,,,,,,0,,,,,20-50亿元,P1006506
团队跟踪,蝶威平衡对冲1号私募证券投资基金,SXU054,蝶威平衡对冲1号私募证券投资基金,SXU054,上海蝶威,,2022-11-24,2022-12-01,广发证券股份有限公司,,,否,,,,0.97,,0.95,0,,,,,10-20亿元,P1070101
团队跟踪,添禄量化股票策略2号私募证券投资基金,SXU170,添禄量化股票策略2号私募证券投资基金,SXU170,上海添禄投资,,2022-11-24,2022-11-29,中信证券股份有限公司,,每个工作日,否,0%,,0%,0.92,,0.9,0.01,,0.02%,0.02%,"计提基准日：固定计提基准日、除息日（若有）、赎回申请日和基金终止日（其中固定计提基准日和除息日（若有）统称为“统一计提基准日”）。固定计提基准日为每个自然季度末月最后一个工作日。
计提方式：采用单个投资者单笔投资年化收益全额法计提，即分别计算基金份额持有人每笔所持份额或赎回份额在持有期（即下述计算公式中的“T”）的年化收益率R，当年化收益率R大于7%时，对所有收益按照50%的比例收取业绩报酬，且计提后该笔份额的期间年化收益率不低于7%；当年化收益率R不超过7%的时候，不提取业绩报酬。",20-50亿元,P1064139
团队跟踪,艮岳朝乾1号,SXU175,艮岳朝乾1号私募证券投资基金,SXU175,杭州艮岳,,2022-11-24,2022-11-25,中信证券股份有限公司,,每个自然周的最后一个工作日,可临开赎回,0.01,,0,0.82,无,0.8,0,A类：0.3%/年；B类：1.5%/年,0.00025,0.0250%,A类不计提业绩报酬；B类对期间年化收益率超过0%以上部分按照20%的比例收取业绩报酬。,20-50亿元,P1032168
团队跟踪,嘉和传承商品对冲一期,SXU236,嘉和传承商品对冲一期私募证券投资基金,SXU236,上海嘉和传承,,2022-11-23,2022-11-29,国信证券股份有限公司,,每个交易日,否,1%,,0%,0.92,无,0.9,0.01,A类份额：1%，B类份额：0%,0.02%,0.02%,"单个投资者单笔投资年化收益差额法分段计提：A类份额，提取30%；B类份额，不收取业绩报酬。
计提基准日：基金分红日、基金赎回日及基金终止日",5-10亿元,P1074030
团队跟踪,洪申快雪时晴4号私募证券投资基金,SXU305,洪申快雪时晴4号私募证券投资基金,SXU305,上海洪申,,2022-12-14,2022-12-19,招商证券股份有限公司,,,否,,,,,,,0,,,,,0-5亿元,P1060679
团队跟踪,上善如是聚配专享一号,SXU388,上善如是聚配专享一号私募证券投资基金,SXU388,海南上善如是,,2022-11-24,2022-11-29,招商证券股份有限公司,,,否,,,,,,,0,,,,,0-5亿元,P1073717
团队跟踪,博孚利涵盈3号私募证券投资基金,SXU522,博孚利涵盈3号私募证券投资基金,SXU522,厦门博孚利资管,,2022-12-09,2022-12-09,财通证券股份有限公司,,每个交易日,否,1%，可减免,1 万元起,0%,,无,,0.01,,0.03%,0.02%,不计提业绩报酬,50-100亿元,P1023120
团队跟踪,博孚利涌金5号私募证券投资基金,SXU525,博孚利涌金5号私募证券投资基金,SXU525,厦门博孚利资管,,2022-12-14,2022-12-14,财通证券股份有限公司,,每个交易日,否,1%,1 万元起,0%,,无,,0.015,,0.07%,0.03%,门槛收益率法，年化30%以上计提60%,50-100亿元,P1023120
团队跟踪,博孚利涌金6号私募证券投资基金,SXU527,博孚利涌金6号私募证券投资基金,SXU527,厦门博孚利资管,,2022-12-19,2022-12-19,财通证券股份有限公司,,每个交易日,否,1%,1 万元起,0%,,无,,0.015,,0.07%,0.03%,门槛收益率法，年化30%以上计提60%,50-100亿元,P1023120
团队跟踪,熙典基金格兰菲迪2号私募证券投资基金,SXU685,熙典基金格兰菲迪2号私募证券投资基金,SXU685,厦门熙典,,2023-01-09,2023-01-12,招商证券股份有限公司,,,否,,,,,,,0,,,,,5-10亿元,P1072232
团队跟踪,奕睿CTA二期D,SXU778,奕睿CTA二期D私募证券投资基金,SXU778,上海奕睿,,2022-11-22,2022-11-25,招商证券股份有限公司,李岸隆,,否,,,,,,,0,,,,,0-5亿元,P1072839
团队跟踪,大道寰球全球精选组合三号,SXU800,大道寰球全球精选组合三号私募证券投资基金,SXU800,宁波大道寰球,,2022-11-25,2022-12-01,中信证券股份有限公司,,,否,,,,,,,0,,,,,5-10亿元,P1073907
团队跟踪,盛丰盛元中证500指数增强3号私募证券投资基金,SXU842,盛丰盛元中证500指数增强3号私募证券投资基金,SXU842,海南盛丰,,2022-12-06,2022-12-09,国泰君安证券股份有限公司,,,否,,,,,,,0,,,,,100亿元以上,P1073590
团队跟踪,量桥投资险峰1号私募证券投资基金,SXV122,量桥投资险峰1号私募证券投资基金,SXV122,上海量桥投资,,2022-11-23,2022-11-30,招商证券股份有限公司,,,否,,,,,,,0,,,,,10-20亿元,P1025719
团队跟踪,诚奇信悦中证1000指数增强私募证券投资基金,SXV187,诚奇信悦中证1000指数增强私募证券投资基金,SXV187,上海诚奇,,2022-11-23,2022-11-28,中信证券股份有限公司,,,否,,,,,,,0,,,,,100亿元以上,P1001430
团队跟踪,垒昂金鹿量化中性1号私募证券投资基金,SXV303,垒昂金鹿量化中性1号私募证券投资基金,SXV303,,上海富钜,2022-05-10,2022-11-23,中信证券股份有限公司,范数维,每日开放	,可临开赎回,0%,不少于 5 万元,持有期<365天，1%  持有期≥365天，0%,0.95,无,0.9,0,无,0.02%,0.02%,以年化收益率6%为计提基准，计提期间年化收益率超出计提基准部分的50%,,
团队跟踪,天宝星海多空对冲六期私募证券投资基金,SXV334,天宝星海多空对冲六期私募证券投资基金,SXV334,山东天宝,,2022-12-12,2022-12-15,国信证券股份有限公司,,每个工作日为固定开放日,否,1%,,0%,,无,,0.015,,托管费0.01%/年，每日计提，按季支付，无保底,外包费0.01%/年，每日计提，按季支付，无保底,"r≤8%，不收取；
8%<r，按60%计提
",20-50亿元,P1030978
团队跟踪,时代复兴微正则9号私募证券投资基金,SXV351,时代复兴微正则9号私募证券投资基金,SXV351,北京时代复兴投资,,2022-12-01,2022-12-07,中信建投证券股份有限公司,,,否,,,,,,,0,,,,,20-50亿元,P1016372
团队跟踪,铭宬进取1号私募证券投资基金,SXV381,铭宬进取1号私募证券投资基金,SXV381,山东铭宬,,2022-12-15,2022-12-20,中信建投证券股份有限公司,郜吉,,否,,,,,,,0,,,,,0-5亿元,P1072849
团队跟踪,盛冠达祥瑞2号私募证券投资基金,SXV508,盛冠达祥瑞2号私募证券投资基金,SXV508,海南盛冠达,,2022-11-25,2022-12-05,广发证券股份有限公司,,申购开放日为每周周四，赎回开放日为每月最后一个交易日,否,0.8%,,0%,,,,0.005,,0.05%,0.05%,不计提业绩报酬,20-50亿元,P1001070
团队跟踪,盛冠达祥瑞1号私募证券投资基金,SXV514,盛冠达祥瑞1号私募证券投资基金,SXV514,海南盛冠达,,2022-11-25,2022-11-29,广发证券股份有限公司,,每周周一、周三、周五,否,0.5%,,0%,,,,0.015,,0.05%,0.05%,不计提业绩报酬,20-50亿元,P1001070
团队跟踪,华泰期货套利FOF1号单一资产管理计划,SXV659,华泰期货套利FOF1号单一资产管理计划,SXV659,华泰期货,,2022-12-01,,,,,否,,,,,,,0,,,,,,PT0500011867
团队跟踪,昭融基业长青1号私募证券投资基金,SXV820,昭融基业长青1号私募证券投资基金,SXV820,武汉昭融汇利,,2022-12-06,2022-12-13,长江证券股份有限公司,周孟华,,否,,,,,,,0,,,,,50-100亿元,P1010330
团队跟踪,玉数涵瑞专享十六号私募证券投资基金,SXV939,玉数涵瑞专享十六号私募证券投资基金,SXV939,上海玉数投资,,2022-12-05,2022-12-06,华安证券股份有限公司,赵俊辰,申购开放日：每个交易日，赎回开放日：每月最后一个交易日,否,0%,,0%,0.93,无,0.9,0.015,,0.02%,0.04%,"若持有期年化收益率 R≤ 0 %，则不计提业绩报酬；
若持有期年化收益率 R＞ 0 %，按照 20 %计提业绩报酬",10-20亿元,P1065673
团队跟踪,善择信择七号私募证券投资基金,SXW048,善择信择七号私募证券投资基金,SXW048,深圳善择,,2022-12-08,2022-12-15,浙商证券股份有限公司,杨萍、赵培,,否,,,,,,,0,,,,,50-100亿元,P1073481
团队跟踪,顽岩量化对冲5号私募证券投资基金,SXW249,顽岩量化对冲5号私募证券投资基金,SXW249,上海顽岩,,2022-12-02,2022-12-02,招商证券股份有限公司,,日开申购,否,1%,1万元起,/,0.88,/,0.85,0.02,0.01,0.02%,0.02%,0.2,100亿元以上,P1034708
团队跟踪,蒙森朝海5号私募证券投资基金,SXW256,蒙森朝海5号私募证券投资基金,SXW256,上海蒙森投资,,2022-12-15,2022-12-20,国泰君安证券股份有限公司,,,否,,,,,,,0,,,,,0-5亿元,P1034667
团队跟踪,至正石湖一号私募证券投资基金,SXW286,至正石湖一号私募证券投资基金,SXW286,烟台至正,,2022-12-16,2022-12-21,华福证券有限责任公司,,每周周二,可临开赎回,1%,1万元起,0%,0.8,,0.75,0,A类份额：1%；B类份额：1.5%（行政服务费：0.02%）,0.03%,,"A类份额：
当Ri,j≤【0%】时，不计提业绩报酬；
当Ri,j＞【0%】时，管理人对期间年化收益率超过【0%】的部分提取【16%】作为业绩报酬，即PFi,j=Fi,j×（Ri,j -【0%】）×HWM0×【16%】×T/365。
B类份额：
当Ri,j≤【0%】时，不计提业绩报酬；
当Ri,j＞【0%】时，管理人对期间年化收益率超过【0%】的部分提取【20%】作为业绩报酬，即PFi,j=Fi,j×（Ri,j -【0%】）×HWM0×【20%】×T/365；",0-5亿元,P1074156
团队跟踪,易微投资易安绛紫2号,SXW301,易微投资易安绛紫2号私募证券投资基金,SXW301,上海易微投资,,2022-12-02,2022-12-13,华泰证券股份有限公司,,,否,,,,,,,0,,,,,0-5亿元,P1068717
团队跟踪,百慧鑫泽2号私募证券投资基金,SXW343,百慧鑫泽2号私募证券投资基金,SXW343,上海百慧投资,,2022-12-07,2022-12-12,长江证券股份有限公司,,每周周一、周三和周五,否,1%,,0%,,无,,0.015,,,,单一比例30%,0-5亿元,P1012681
团队跟踪,量客中性1号私募证券投资基金,SXW502,量客中性1号私募证券投资基金,SXW502,上海量客,,2022-12-14,2022-12-20,广发证券股份有限公司,,本基金成立之日后每自然月份的10号、20号（如遇节假日，则顺延至下一个交易日）及最后一个交易日,可临开赎回,1%,,0,,360天,,0.01,,无,,,20-50亿元,P1000568
团队跟踪,和合珑睿1号私募证券投资基金,SXW561,和合珑睿1号私募证券投资基金,SXW561,深圳和合易泰,,2023-03-08,2023-03-20,国泰君安证券股份有限公司,,每个交易日,否,0%,10万的整数倍,0%,,无,,0.01,A类份额：0.2%，B类份额：1%,0.01%,0.01%,"A类份额：不计提业绩报酬；B类份额：30%。
计提基准日：投资者赎回日、分红权益登记日、基金清算日。",0-5亿元,P1072404
团队跟踪,思勰投资正好股票中性2号私募证券投资基金,SXW711,思勰投资正好股票中性2号私募证券投资基金,SXW711,上海思勰投资,,2023-01-05,2023-01-10,华泰证券股份有限公司,,,否,,,,,,,0,,,,,100亿元以上,P1032873
团队跟踪,星汇天玑1号,SXW824,星汇天玑1号私募证券投资基金,SXW824,上海思达星汇,,2022-12-08,2022-12-15,中信证券股份有限公司,,每个交易日,否,,,0,,无,,0.015,,,,20%,20-50亿元,P1073396
团队跟踪,玉数涵瑞专享十一号一期私募证券投资基金,SXW953,玉数涵瑞专享十一号一期私募证券投资基金,SXW953,上海玉数投资,,2022-12-29,2022-12-30,广发证券股份有限公司,,申购开放日为每周最后一个交易日；赎回开放日为每月最后一个交易日。（份额锁定期为180天）,否,差异化申购费率如下： 单笔申购金额＜300万元，申购费率为1%；300万元≤单笔申购金额＜500 万元，申购费率0.8%；500万元≤单笔申购金额＜1000元，申购费率为0.5%； 1000万元≤单笔申购金额，申购费率为0.2%,不低于1万元,0%,0.93,,0.9,0.02,,0%,0%,对每笔份额的份额累计净值超过历史份额计提日最高份额累计净值部分，根据一定的比例计提业绩报酬，提取比例：20%,10-20亿元,P1065673
团队跟踪,大道寰球全球精选组合六号A期私募证券投资基金,SXW962,大道寰球全球精选组合六号A期私募证券投资基金,SXW962,宁波大道寰球,,2022-12-13,2022-12-21,中信证券股份有限公司,,,否,,,,,,,0,,,,,5-10亿元,P1073907
团队跟踪,古木期权多维艺术1号私募证券投资基金,SXX011,古木期权多维艺术1号私募证券投资基金,SXX011,上海古木投资,,2022-12-08,2022-12-15,国泰君安证券股份有限公司,,每个交易日,否,0,无,持有期低于 180 天（不含）的赎回费率为 1%，持有期在 180 天及以上的赎回费率为 0%,0.97,无,0.95,0.015,0.015,0.0002,0.0002,0.2,20-50亿元,P1000891
团队跟踪,无隅鲲鹏1000三号,SXX102,无隅鲲鹏1000三号私募证券投资基金,SXX102,北京无隅资产,,2022-12-07,2022-12-12,华鑫证券有限责任公司,,每个交易日,否,0,1万元,0,,无,,0.01,,0.035%,0.015%,40%,0-5亿元,P1067114
团队跟踪,正定进取14号私募证券投资基金,SXX131,正定进取14号私募证券投资基金,SXX131,北京正定,,2022-12-08,2022-12-23,招商证券股份有限公司,蒋林浩,,否,,,,,,,0.01,1%,,,"0以上提20%；
",100亿元以上,P1073791
团队跟踪,正定进取9号私募证券投资基金,SXX132,正定进取9号私募证券投资基金,SXX132,北京正定,,2022-12-21,2022-12-26,招商证券股份有限公司,蒋林浩,申购开放日为每周周二，赎回开放日为每月度第一个周二,否,1%,,持有期小于6个月，赎回费率为1%；持有期大等于6个月且小于12个月，赎回费率为0.5%；持有期大等于12个月，赎回费率0%,0.8,,0.7,0.01,1%,0.015%,0.015%,当R>0％时，对超过0%的收益部分提取20%的业绩报酬,100亿元以上,P1073791
团队跟踪,静瑞金选价值灵动1号私募证券投资基金,SXX149,静瑞金选价值灵动1号私募证券投资基金,SXX149,上海静瑞,,2023-03-06,2023-03-09,招商证券股份有限公司,,每个交易日,否,0%,10万元起,0%,,无,,0.0095,A类0%，B类: 0.75%，C类: 0.95%,0.015%,0.015%,"A类: 0%，B类: 15%，C类: 17%。
计提基准日：每年固定时间12月15日 (遇节假日则顺延至下个工作日）、赎回时、基金清算时。",50-100亿元,P1072080
团队跟踪,安子极客中证500增强一号,SXX167,安子极客中证500增强一号私募证券投资基金,SXX167,深圳安子,,2022-12-09,2022-12-14,国泰君安证券股份有限公司,李靖、王麟强,每周周五,否,1%,10万元,持有期小于180天，赎回费率为2%；持有期大等于180天且小于360天，赎回费率为1%；持有期大等于360 天，赎回费率为0%,,,,0.015,,0.02%,0.02%,20%；计提时点：投资者赎回日、分红权益登记日、基金清算日。,20-50亿元,P1071972
团队跟踪,博孚利汉盛1号私募证券投资基金,SXX266,博孚利汉盛1号私募证券投资基金,SXX266,厦门博孚利资管,,2022-12-09,2022-12-09,长江证券股份有限公司,,每个交易日,否,0.5%,1 万元起,0%,,无,,0.005,0.5%,0.02%,0.02%,单客户单笔高水位法，年化收益率40%以上计提60%,50-100亿元,P1023120
团队跟踪,博孚利尊享88号私募证券投资基金,SXX268,博孚利尊享88号私募证券投资基金,SXX268,厦门博孚利资管,,2022-12-16,2022-12-16,长江证券股份有限公司,,每个交易日,否,0.5%,1 万元起,0%,,无,,0.015,1.5%,0.02%,0.02%,门槛收益率法，年化40%以上部分计提60%,50-100亿元,P1023120
团队跟踪,星然军团智选私募证券投资基金,SXX410,星然军团智选私募证券投资基金,SXX410,南京星然,,2022-12-08,2022-12-14,华鑫证券有限责任公司,,每周周三,否,0%,,A类份额：持有期小于180天，赎回费率为0.5%；持有期大等于180天，赎回费率为0%。B类份额：0%,0.85,,0.8,0.015,A类份额：1.5%。B类份额：0%,0.035%,0.015%,"A类份额：当 Ri,j＞0%时，基金管理人对期间年化收益率超过0%的部分提取20%作为业绩报酬。
B类份额：0%",10-20亿元,P1072801
团队跟踪,七禾科技传奇72号,SXX442,七禾科技传奇72号私募证券投资基金,SXX442,杭州七禾聚资管,,2022-12-12,2022-12-12,招商证券股份有限公司,傅旭鹏,每周周五,否,,10万元的整数倍,持有期小于12个月，赎回费率1%；持有期大等于12个月，赎回费率0%,0.82,,0.8,0.01,,0.025%,0.025%,30%,5-10亿元,P1029307
团队跟踪,守朴长辉1号,SXX575,守朴长辉1号私募证券投资基金,SXX575,上海守朴资管,,2022-12-09,2022-12-14,兴业证券股份有限公司,翟建业,每日,否,0%,不少于1万元人民币,天|%|0|2|180|1|365|0,,无,,0.01,1.00%,0.015%,0.015%,0|0.15,5-10亿元,P1068966
团队跟踪,锐天瑞升私募证券投资基金,SXX613,锐天瑞升私募证券投资基金,SXX613,上海锐天投资,,2022-12-07,2022-12-20,中信证券股份有限公司,,,否,,,,,,,0,,,,,100亿元以上,P1024169
团队跟踪,盛丰优孚指数增强私募证券投资基金,SXX754,盛丰优孚指数增强私募证券投资基金,SXX754,海南盛丰,,2022-12-13,2022-12-16,招商证券股份有限公司,,每周周一、周三和周五,否,1%,不低于1万,3%,0.6,无,,0.01,,0.015%,0.015%,"以投资者持有期间中证500指数收益率为计提基准，计提超越中证500指数收益率的16%作为业绩报酬，计提后投资者收益为正。
计提基准日: 每年11月最后一个周五、投资者赎回日、分红权益登记日、基金清算日。",100亿元以上,P1073590
团队跟踪,明道贞祥稳健添利1号私募证券投资基金,SXX954,明道贞祥稳健添利1号私募证券投资基金,SXX954,台州明道,,2022-12-16,2022-12-21,招商证券股份有限公司,,,否,,,,,,,0,,,,,0-5亿元,P1073090
团队跟踪,兰盈微观1号,SXX976,兰盈微观1号私募证券投资基金,SXX976,上海兰盈量投,,2022-12-12,2022-12-16,华泰证券股份有限公司,,每个交易日,否,A类份额：1%；B类份额：0%,1万的整数倍,A类：<180天为2% ；>=180天<365为1% ；>=365天为0% ，B类：0,0.95,无,0.9,0.008,A类份额：0.8%；B类份额：0.1%,0.02%,0.02%,A类：（1）业绩报酬计提基准日：固定时点（基金成立后每年12月最后一个交易日）、基金收益分配、基金份额 持有人赎回A类基金份额或者基金终止。（2）业绩报酬提取方法：本基金采用“单个投资者单份额高水位法”。①产品收益率6%以下不收后端；②产品收益率6-12%之间，在确保客户费后6%的基础上提20%的后端；③产品收益率在12%以上，在确保客户费后9.6%的基础上提40%的后端。B类：无业绩报酬,10-20亿元,P1073965
团队跟踪,远望角金选致远1号私募证券投资基金,SXX988,远望角金选致远1号私募证券投资基金,SXX988,深圳远望角投资,,2022-12-30,2023-01-09,招商证券股份有限公司,,,否,,,,,,,0,,,,,5-10亿元,P1008153
团队跟踪,远望角金选致远1号1期私募证券投资基金,SXX998,远望角金选致远1号1期私募证券投资基金,SXX998,深圳远望角投资,,2022-12-29,2022-12-29,招商证券股份有限公司,,,否,,,,,,,0,,,,,5-10亿元,P1008153
团队跟踪,德贝瑶享1号私募证券投资基金,SXY015,德贝瑶享1号私募证券投资基金,SXY015,上海德贝,,2023-02-13,2023-02-17,招商证券股份有限公司,张旭铭,,否,,,,,,,0,,,,,100亿元以上,P1071472
团队跟踪,明湾招盈A18,SXY017,明湾招盈A18私募证券投资基金,SXY017,上海明湾资管,,2022-12-08,2022-12-08,招商证券股份有限公司,,每周的周一、周三、周五,否,0%,1万元起,0%,,,,0.01,,0.01%,0.01%,超过年化收益6%盈利部分的40%作为业绩报酬,10-20亿元,P1001040
团队跟踪,高澈境内外股票多空私募证券投资基金3期母壹,SXY025,高澈境内外股票多空私募证券投资基金3期母壹,SXY025,上海高澈投资,,2023-03-22,2023-03-27,招商证券股份有限公司,,,否,,,,,,,0,,,,,5-10亿元,P1070578
团队跟踪,善择睿和1号私募证券投资基金,SXY044,善择睿和1号私募证券投资基金,SXY044,深圳善择,,2022-12-21,2022-12-27,浙商证券股份有限公司,杨萍,每天开放申购，每月20号开放赎回,否,0%,,0%,0.95,无,0.9,0.013,,,,年化≤6%，管理人不提取；年化＞6%，管理人提取盈利部分50%,50-100亿元,P1073481
团队跟踪,杭州波粒二象小红掌,SXY162,杭州波粒二象小红掌私募证券投资基金,SXY162,杭州波粒二象,,2022-12-14,2022-12-19,广发证券股份有限公司,朱恒,每个交易日,否,0%,1万元起,0%,,无,,0.01,,0.015%,0.015%,15%,10-20亿元,P1066784
团队跟踪,尚艺量化全天候高波动版1号私募证券投资基金,SXY296,尚艺量化全天候高波动版1号私募证券投资基金,SXY296,北京尚艺,,2022-12-15,2022-12-15,中信证券股份有限公司,王峥、张通达、孙骁,,否,,,,,,,0,,,,,50-100亿元,P1006152
团队跟踪,盛丰泽丰1号私募证券投资基金,SXY392,盛丰泽丰1号私募证券投资基金,SXY392,海南盛丰,,2022-12-15,2022-12-20,中信证券股份有限公司,,每周周一、周三和周五,可临开赎回,1%,1万元起,持有期小于180天，赎回费率为1%；持有期大等于180天，赎回费率为0%,,,,0.01,,0.015%/年,0.015%/年,"提取收益部分的20%作为业绩报酬。
计提基准日:投资者赎回日、分红权益登记日、基金清算日",100亿元以上,P1073590
团队跟踪,博孚利嘉仁基石家族6号FOF私募证券投资基金,SXY586,博孚利嘉仁基石家族6号FOF私募证券投资基金,SXY586,厦门博孚利资管,,2023-01-09,2023-01-12,中信建投证券股份有限公司,,申购开放日为每周周五，赎回开放日为每自然季度末月最后一交易日（锁定期为基金份额被确认之日起满 180 天）,可临开赎回,0%,不低于 1 万,0%,0.9,无,0.85,0.01,,0.015%,0.015%,门槛收益率法，年化6%以上计提10%,50-100亿元,P1023120
团队跟踪,雅才泓瑞量化CTA1号私募证券投资基金,SXY627,雅才泓瑞量化CTA1号私募证券投资基金,SXY627,北京雅才资管,,2023-01-10,2023-01-13,国信证券股份有限公司,,,否,,,,,,,0,,,,,0-5亿元,P1033087
团队跟踪,博芮东方潜龙一号,SXY638,博芮东方潜龙一号私募证券投资基金,SXY638,厦门博芮东方投资,,2022-12-19,2022-12-27,广发证券股份有限公司,,,否,,,,,,,0,,,,,5-10亿元,P1070529
团队跟踪,银河期货星耀1号集合资产管理计划,SXY770,银河期货星耀1号集合资产管理计划,SXY770,银河期货,,2022-12-26,2022-12-29,国泰君安证券股份有限公司,,每两个开放日之间的间隔不少于30个白然日,否,,,,0.92,无,0.9,0.01,,,,按照20%的比例进行计提,,PT0500011746
团队跟踪,中邮永安黑猫CTA一号,SXY774,中邮永安黑猫CTA一号私募证券投资基金,SXY774,上海中邮永安,,2022-12-16,2022-12-16,招商证券股份有限公司,徐诗文、张雷,,否,,,,,,,0,,,,,20-50亿元,P1062202
团队跟踪,简文盛京四号斗金,SXY802,简文盛京四号斗金私募证券投资基金,SXY802,上海简文,,2022-12-30,2023-01-09,华鑫证券有限责任公司,,固定开放日为本基金成立之日后【每周一和每 周二】（如遇非交易日，则不开放）,可临开赎回,1%,,持有期<3个月:0.5%持有期>3个月:0%,,无,,0.01,,,,高水位净值法当R≥0时，基金管理人对期间年化收益率超过【0%】的部分提取【20%】作为业绩报酬，,10-20亿元,P1022166
团队跟踪,方普安享二号私募证券投资基金,SXY895,方普安享二号私募证券投资基金,SXY895,珠海横琴方普,,2022-12-16,2022-12-27,广发证券股份有限公司,,每周周一、周二、周三、周五,否,0%,,0%,,,,0.01,,0.01%/年,0.01%/年,50%,5-10亿元,P1068284
团队跟踪,鲁民投量化对冲二号私募证券投资基金,SXY896,鲁民投量化对冲二号私募证券投资基金,SXY896,鲁民投基金,,2023-01-20,2023-01-30,光大证券股份有限公司,刘波,每自然周的周一、周三、周五,否,无,,,0.85,无,0.8,0.01,,0.02%,0.02%,单人单笔份额法计提20%,100亿元以上,P1069017
团队跟踪,广聚星合紫曦宏观配置1号私募证券投资基金,SXY934,广聚星合紫曦宏观配置1号私募证券投资基金,SXY934,共青城广聚星合,,2022-12-19,2022-12-22,中信证券股份有限公司,,,否,,,,,,,0,,,,,10-20亿元,P1071800
团队跟踪,博孚利鹭岛晋帆私募证券投资基金,SXY980,博孚利鹭岛晋帆私募证券投资基金,SXY980,厦门博孚利资管,,2022-12-26,2022-12-26,广发证券股份有限公司,,每周周一、周三、周五,可临开赎回,0%,1万元起,1%，三个月内,,无,,0.01,,0.015%,0.015%,4%以上从0%开始计提10%,50-100亿元,P1023120
团队跟踪,博孚利年糕一号FOF私募证券投资基金,SXZ016,博孚利年糕一号FOF私募证券投资基金,SXZ016,厦门博孚利资管,,2022-12-21,2022-12-21,兴业证券股份有限公司,,每个交易日,否,0%,不低于 1 万,0%,0.95,无,0.9,0.005,,0.015%,0.015%,门槛收益率法，年化5%以上计提25%,50-100亿元,P1023120
团队跟踪,蒙玺量化至禾2号私募证券投资基金,SXZ122,蒙玺量化至禾2号私募证券投资基金,SXZ122,上海蒙玺投资,,2022-12-23,2022-12-28,国泰君安证券股份有限公司,,每个交易日,可临开赎回,1%,,持有期小于360天，赎回费率为1%；持有期大等于360天，赎回费率为0%,,无,,0.01,,0.02%,0.02%,"提取时间：赎回时、分红时、到期时；
提取标准：单人单笔份额高水位法，在计提日，对每笔份额的单位净值，创新高的部分，按20%的比例计提业绩报酬。",100亿元以上,P1063294
团队跟踪,大树-金巨邦2号私募证券投资基金,SXZ166,大树-金巨邦2号私募证券投资基金,SXZ166,深圳大树,,2022-12-19,2022-12-30,兴业证券股份有限公司,,,否,,,,,,,0,,,,,0-5亿元,P1023564
团队跟踪,磐松红利150指数增强1号私募证券投资基金,SXZ246,磐松红利150指数增强1号私募证券投资基金,SXZ246,上海磐松,,2022-12-21,2022-12-26,国泰君安证券股份有限公司,张潇、吴确,每个交易日,否,0%,追加申购金额应为5万元人民币起（不含申购费）,D<90 天： 1%；90≤D<180天：0.5%；180≤D<365天：0.25%；D≥365天：0%,,无,,0.015,自基金成立日起，每日计提，按自然季度支付,0.020%/年,0.020%/年,无业绩报酬,100亿元以上,P1074204
团队跟踪,磐松多空对冲1号,SXZ248,磐松多空对冲1号私募证券投资基金,SXZ248,上海磐松,,2023-01-09,2023-01-12,国泰君安证券股份有限公司,张潇、吴确,每个工作日,可临开赎回,0%,追加申购每次不低于1万元,D<90 天： 1%；90≤D<180天：0.5%；180≤D<365天：0.25%；D≥365天：0%,,无,,0,0%,0%,0%,"业绩报酬：20.0%（绝对收益）
单客户高水位法，提取比例20%。计提基准日：每年3月、9月第一个周二、赎回日、分红权益登记日、清算日。连续两次计提间隔不少于6个月。固定计提日通过扣减份额方式提取。",100亿元以上,P1074204
团队跟踪,磐松多空对冲1A,SXZ249,磐松多空对冲1A私募证券投资基金,SXZ249,上海磐松,,2023-01-16,2023-02-09,国泰君安证券股份有限公司,,,否,,,,,,,0,,,,,100亿元以上,P1074204
团队跟踪,君信泓远1号私募证券投资基金,SXZ254,君信泓远1号私募证券投资基金,SXZ254,北京东方君信,,2022-12-27,2023-01-05,中信证券股份有限公司,,每周三接受申购，每季末接受赎回,否,,,,0.6,,0.5,0.01,,0.02%,0.02%,"超额业绩报酬按照份额收益法（分段，累进）：
当年化收益率在0%-30%（含30%），计提20%作为业绩报酬；
对年化收益率超出30%但小于50%（含50%）部分，计提30%作为业绩报酬；
对年化收益率大于50%的部分，计提40%作为业绩报酬",10-20亿元,P1073254
团队跟踪,鑫鼎长风套利2号,SXZ339,鑫鼎长风套利2号私募证券投资基金,SXZ339,深圳鑫鼎,,2022-12-20,2022-12-23,国泰君安证券股份有限公司,,申购开放日为每周一、三、五；赎回开放日为每周三,否,1%,100万以上1万整数倍递增,0%,0.95,无,0.9,0.01,,0.015%,0.015%,单人单笔高水位提取16%的业绩报酬,5-10亿元,P1008450
团队跟踪,磐松大盘股指数增强1号,SXZ373,磐松大盘股指数增强1号私募证券投资基金,SXZ373,上海磐松,,2022-12-20,2022-12-28,华泰证券股份有限公司,吴确、李光,每个交易日,可临开申购和可临开赎回,0%,不低于1万元,持有期小于90天，赎回费率为1%；持有期大等于90天且小于180天，赎回费率为0.5%；持有期大等于180天且小于365天，赎回费率为0.25%；持有期大等于365天，赎回费率为0%,,无,,0.01,,0.02%,0.02%,不计提业绩报酬,100亿元以上,P1074204
团队跟踪,磐松中盘股指数增强1号,SXZ439,磐松中盘股指数增强1号私募证券投资基金,SXZ439,上海磐松,,2022-12-20,2022-12-28,华泰证券股份有限公司,,每个交易日,否,0%,追加金额1 万元起,0 ≤D ＜90天：1%；90≤D＜180天：0.5%；180≤D＜365天：0.25%；D≥365：0%,,无,,0.015,无,0.02%/年,0.02%/年,业绩报酬：0%（绝对收益）,100亿元以上,P1074204
团队跟踪,远澜梧桐中性2号私募证券投资基金,SXZ606,远澜梧桐中性2号私募证券投资基金,SXZ606,上海远澜,,2022-12-22,2022-12-26,国泰君安证券股份有限公司,,,否,,,,,,,0,,,,,100亿元以上,P1018484
团队跟踪,嘉懿耀辉私募证券投资基金,SXZ626,嘉懿耀辉私募证券投资基金,SXZ626,上海嘉懿萃,,2023-02-15,2023-02-20,国泰君安证券股份有限公司,张瑜婷,,否,,,,,,,0,,,,,50-100亿元,P1073454
团队跟踪,大风瑞远对冲1号,SXZ639,大风瑞远对冲1号私募证券投资基金,SXZ639,深圳大风资管,,2022-12-27,2022-12-30,中信证券股份有限公司,,每个工作日,否,0%,,0%,,,,0.015,,0.025%,0.025%,20%,10-20亿元,P1023051
团队跟踪,罗维盈安之恒1000对冲1号私募证券投资基金,SXZ663,罗维盈安之恒1000对冲1号私募证券投资基金,SXZ663,宁波罗维盈安投资,,2023-01-03,2023-01-06,华泰证券股份有限公司,,每周周五，遇非工作日顺延,否,,,,,,,0,,,,,10-20亿元,P1069532
团队跟踪,易格玉铎成长优选三号私募证券投资基金,SXZ810,易格玉铎成长优选三号私募证券投资基金,SXZ810,海南易格基金,,2023-01-18,2023-01-31,华泰证券股份有限公司,,每个交易日,否,0%,,持有期小于180天，赎回费率为0.5%；持有期大等于180天，赎回费率为0%,,无,,0.002,, 0.01%, 0.01%,不计提,5-10亿元,P1074165
团队跟踪,金伯珠汇富1号私募证券投资基金,SXZ837,金伯珠汇富1号私募证券投资基金,SXZ837,南京金伯珠资管,,2023-01-16,2023-01-19,广发证券股份有限公司,,,否,,,,,,,0,,,,,0-5亿元,P1019631
团队跟踪,锐天金选8号私募证券投资基金,SXZ838,锐天金选8号私募证券投资基金,SXZ838,上海锐天投资,,2022-12-20,2022-12-23,中国国际金融股份有限公司,,,否,,,,,,,0,,,,,100亿元以上,P1024169
团队跟踪,尚湖期权套利安享1号,SXZ850,尚湖期权套利安享1号私募证券投资基金,SXZ850,上海尚湖,,2022-12-20,2022-12-28,兴业证券股份有限公司,,每个交易日开放申购，每周五开放赎回,否,本基金各类别基金份额的申购费率均为 0%,每次追 加申购金额（含申购费）不少于 1 万元人民币,持有时间小于 180 个自然日赎回费率为 0.5%，持有时间大于 180 个自然日（含） 赎回费率为 0%,0.97,,0.95,0.008,本基金 A 类基金份额的管理费按 A 类基金资产净值的 0.8％年费率计提,,,单笔投资高水位净值法对单个基金份额持有人分别提取业绩报酬，R=18%，为 A 类基金份额业绩报酬提取比例。,0-5亿元,P1025740
团队跟踪,弈倍虎鲸,SY0096,弈倍虎鲸私募投资基金,SY0096,上海弈倍,,2017-10-26,2017-11-07,海通证券股份有限公司,余建国、汤昕烨,本基金每日开放，如遇非工作日，则顺延至下一工作日。,否,1%,不少于 1 万元且为 1 万元的整数倍（不含认购费用）,持有期限＜365 天 为1%，≥365 天赎回费为0%,,,,0.01,本 基金 A 类份额的年管理费率 R 为 1%,0.05%,,"业绩报酬的计算采用单个投资者单笔投资实际收益差额法计提，即在业绩报酬计提基准
日，基金份额持有人每笔所持份额或赎回份额在持有期的实际收益率大于业绩报酬计提基准
时，分别计算每笔份额在上一成功计提基准日至本次计提基准日持有期间的实际收益率（R），
对超出业绩报酬计提基准的持有期差额收益按计提比例进行计提。 ",20-50亿元,P1061585
团队跟踪,鸣熙致远十号私募基金,SY0423,鸣熙致远十号私募基金,SY0423,鸣熙资本,,2017-11-13,2017-11-20,国泰君安证券股份有限公司,,,否,,,,,,,0,,,,,100亿元以上,P1033450
团队跟踪,九章幻方沪深300量化多策略1号,SY0607,九章幻方沪深300量化多策略1号私募基金,SY0607,宁波幻方量化投资,,2017-12-22,2017-12-28,招商证券股份有限公司,徐进,,否,,,,,,,0,,,,,100亿元以上,P1032021
团队跟踪,与取华山1号,SY1051,与取华山1号私募证券投资基金,SY1051,上海与取投资,,2017-11-22,2017-12-04,中泰证券股份有限公司,鲁轶,,否,,,,,,,0,,,,,0-5亿元,P1065290
团队跟踪,雷菱2号,SY1074,雷菱2号私募证券投资基金,SY1074,上海雷菱,,2017-11-08,2017-11-16,华泰证券股份有限公司,,文字,可临开申购,文字,文字,文字,,文字,,0,文字,文字，如0.15%,文字，如0.15%,文字,20-50亿元,P1064970
团队跟踪,群博多策略混合私募基金,SY1485,群博多策略混合私募基金,SY1485,上海群博资管,,2017-11-16,2017-11-29,中信证券股份有限公司,黄思佳,,否,,,,,,,0,,,,15%,10-20亿元,P1063736
团队跟踪,致远稳健一号私募证券投资基金,SY1672,致远稳健一号私募证券投资基金,SY1672,珠海致诚卓远投资,,2017-11-17,2017-11-23,广发证券股份有限公司,,,否,,,,,,,0,,,,,100亿元以上,P1065479
团队跟踪,涵德盈冲量化CTA1号,SY1781,涵德盈冲量化CTA1号私募证券投资基金,SY1781,北京涵德投资,,2017-12-20,2018-01-08,招商证券股份有限公司,秦志宇、顾小军,,否,,,,,,,0,,,,,50-100亿元,P1001739
团队跟踪,涵德明德中证500指数增强1号私募证券投资基金,SY1794,涵德明德中证500指数增强1号私募证券投资基金,SY1794,北京涵德投资,,2017-12-18,2017-12-27,招商证券股份有限公司,秦志宇、顾小军,每周五,否,,,3个月内0.5%,,,,0.01,,,,超额16%,50-100亿元,P1001739
团队跟踪,汇信未来6期私募证券投资基金,SY1915,汇信未来6期私募证券投资基金,SY1915,江苏汇信基金,,2017-11-27,2017-12-13,华鑫证券有限责任公司,,,否,,,,,,,0,,,,,5-10亿元,P1003920
团队跟踪,福瑞福元壹号,SY2460,福瑞福元壹号私募基金,SY2460,北京福瑞,,2017-11-22,2017-11-29,华泰证券股份有限公司,,每月20日,否,1%,,0%,0.93,,0.9,0.01,,0.05%,0.05%,"年化收益率≤2%，不计提业绩报酬；
2%＜年化收益率≤15%的部分，计提20%；
15%＜年化收益率的部分，计提30%",20-50亿元,P1065052
团队跟踪,京华祥瑞2号,SY2586,京华祥瑞2号私募投资基金,SY2586,北京京华世家,,2018-03-29,2018-04-18,招商证券股份有限公司,王锦章,,否,,,,,,,0,,,,,100亿元以上,P1065474
团队跟踪,合骥贝泉1号私募证券投资基金A类份额,SY281A,合骥贝泉1号私募证券投资基金A类份额,SY281A,上海合骥,,2021-11-01,2021-11-04,国泰君安证券股份有限公司,,,否,,,,,,,0,,,,,100亿元以上,P1072437
团队跟踪,合骥贝泉1号私募证券投资基金B类份额,SY281B,合骥贝泉1号私募证券投资基金B类份额,SY281B,上海合骥,,2021-11-01,,国泰君安证券股份有限公司,,,否,,,,,,,0.018,,0.025%,,,100亿元以上,P1072437
团队跟踪,御澜泰晤士1号私募证券投资基金,SY2900,御澜泰晤士1号私募证券投资基金,SY2900,广东御澜资管,,2018-02-07,2018-02-12,国泰君安证券股份有限公司,崔飒、项祥中,每周周二,否,1%,10万元起,1%,0.65,无,0.6,0.015,,0.05%,0.05%,20%,0-5亿元,P1064874
团队跟踪,盘京盛信9期A,SY2985,盘京盛信9期A私募证券投资基金,SY2985,上海盘京投资,,2019-06-13,2019-06-19,中信证券股份有限公司,庄涛,,否,,,,,,,0,,,,,100亿元以上,P1034296
团队跟踪,泓倍期权套利1号,SY3015,泓倍期权套利1号私募投资基金,SY3015,上海泓倍投资,,2017-12-28,2018-01-05,招商证券股份有限公司,张立群、史新航,,否,,,,,,,0,,,,,0-5亿元,P1003437
团队跟踪,玄元元丰18号私募证券投资基金,SY3463,玄元元丰18号私募证券投资基金,SY3463,广东玄元,,2017-12-11,2017-12-21,招商证券股份有限公司,,,否,,,,,,,0,,,,,100亿元以上,P1029168
团队跟踪,致远激进一号私募证券投资基金,SY3702,致远激进一号私募证券投资基金,SY3702,珠海致诚卓远投资,,2017-12-07,2017-12-12,华泰证券股份有限公司,史帆,,否,,,,,,,0,,,,,100亿元以上,P1065479
团队跟踪,格量套利2号,SY4634,格量套利2号私募投资基金,SY4634,上海格量资管,,2017-12-28,2018-01-10,国泰君安证券股份有限公司,王乃生,本基金开放日（以下简称为T日或开放日）为本基金成立之后的每自然季度（即3、6、9、12月）最后一个交易日。,可临开申购和可临开赎回,1%，本基金申购费归私募基金管理人所有。私募基金管理人可根据实际运作情况豁免投资者申购费,追加金额应为10万元人民币起,本基金份额持有期限低于365天的，赎回费率为0.5%，基金份额持有期在365天及以上的赎回费率为0%。本基金赎回费归私募基金管理人所有。私募基金管理人可根据实际运作情况豁免投资者赎回费。,0.92,无,0.9,0,1.00%,0.05%,0.05%,"单个投资者单笔高水位净值法，对超过上次成功计提日基金份额累计净值部分按20%比例进行计提。
业绩报酬的计提基准日：投资者赎回日、分红权益登记日、基金清算日。",0-5亿元,P1028973
团队跟踪,简一长盈3号沪深300指数增强私募证券投资基金,SY5392,简一长盈3号沪深300指数增强私募证券投资基金,SY5392,广州简一投资,,2017-11-23,2017-12-06,广发证券股份有限公司,,,否,,,,,,,0,,,,,0-5亿元,P1063096
团队跟踪,简一天行成长1号私募证券投资基金,SY5403,简一天行成长1号私募证券投资基金,SY5403,广州简一投资,,2017-11-23,2017-12-06,广发证券股份有限公司,,,否,,,,,,,0,,,,,0-5亿元,P1063096
团队跟踪,鸣熙南华商品指数创新1号私募证券投资基金,SY5848,鸣熙南华商品指数创新1号私募证券投资基金,SY5848,鸣熙资本,,2018-01-08,2018-01-17,招商证券股份有限公司,,每个工作日,否,0%,10万元起,0%,,无,,0.002,A 类份额：0.2%，B类份额：0%,0.05%,0.05%,不计提业绩报酬,100亿元以上,P1033450
团队跟踪,泰亚二期私募投资基金,SY6550,泰亚二期私募投资基金,SY6550,上海泰亚投资,,2017-12-25,2018-01-05,中信证券股份有限公司,,,否,,,,,,,0,,,,,0-5亿元,P1064170
团队跟踪,量桥投资鸿瑞二号私募投资基金,SY6566,量桥投资鸿瑞二号私募投资基金,SY6566,上海量桥投资,,2017-12-29,2018-01-04,招商证券股份有限公司,,每周周一、周三、周五,否,0%,1万元起,0%,0.85,无,0.8,0.01,A类份额：1%，B类份额：0%,0.02%,0.02%,单客户单笔份额高水位法，在本金赎回、分红、终止时计提业绩报酬。A类份额计提35%；B类份额不计提。,10-20亿元,P1025719
团队跟踪,量桥投资鸿瑞四号私募投资基金,SY6681,量桥投资鸿瑞四号私募投资基金,SY6681,上海量桥投资,,2018-12-13,2018-12-27,招商证券股份有限公司,,每周周一、三、五,否,0%,,0%,0.85,,0.8,0.01,A类份额：1%，B类份额：0%,0.025%,0.025%,A类份额：30%，B类份额：0%,10-20亿元,P1025719
团队跟踪,翔云50,SY6829,翔云50私募证券投资基金,SY6829,广州翔云,,2017-12-14,2017-12-20,华泰证券股份有限公司,许振琰,申购开放日为每月的第 5、15 个工作日，赎回开放日为每月的第5个工作日,可临开赎回,0%,10万元起,持有期小于92天，赎回费率为0.75%；持有期大等于92天，赎回费率为0%,,无,,0.015,A类份额：0.5%，B类份额：1.5%,0.04%,0.04%,B类份额：20%，A类份额：0%,10-20亿元,P1007271
团队跟踪,孝庸共赢精选一号私募证券投资基金,SY7168,孝庸共赢精选一号私募证券投资基金,SY7168,上海孝庸,,2017-12-20,2017-12-28,招商证券股份有限公司,,FOF投资产品池,可临开赎回,申购：每周一（遇法定节假日则顺延至下一工作日）赎回：每年3月、9月的第一个周一（遇非交易日顺延）开放赎回。,上海孝庸私募基金管理有限公司,持有期小于12个月，赎回费率为1% ；持有期大等于12个月，免收取。,,复合策略,,0.01,,0.025%,0.025%,40%,100亿元以上,P1031310
团队跟踪,中信资本中国价值回报,SY7305,中信资本中国价值回报私募证券投资基金,SY7305,珠海远信,,2017-12-12,2017-12-21,中信证券股份有限公司,,,否,,,,,,,0,,,,,100亿元以上,P1029313
团队跟踪,厚方宏观对冲二号,SY7555,厚方宏观对冲二号私募投资基金,SY7555,广东厚方投资,,2018-01-04,2018-01-12,中信证券股份有限公司,张家颖,每个自然年度6月、12月的最后一个工作日,否,1%,每10万的整数倍,0%,0.83,6个月,0.8,0.01,1%,0.075%,0.075%,25%,10-20亿元,P1019245
团队跟踪,燧石天卫私募证券投资基金,SY7603,燧石天卫私募证券投资基金,SY7603,武汉燧石投资,,2018-01-16,2018-01-24,招商证券股份有限公司,,,否,,,,,,,0,,,,,0-5亿元,P1064973
团队跟踪,睦沣一号,SY7891,睦沣一号私募证券投资基金,SY7891,上海睦沣投资,,2018-04-10,2018-04-17,中泰证券股份有限公司,何建辉,,否,,,,0.85,,0.8,0,,,,,0-5亿元,P1066082
团队跟踪,顽岩张杨路私募证券投资基金A,SY799A,顽岩张杨路私募证券投资基金A,SY799A,上海顽岩,,2021-10-19,,广发证券股份有限公司,,,否,,,,,,,0,,,,,100亿元以上,P1034708
团队跟踪,麦田稳进1号私募投资基金,SY8291,光亿旺达麦田稳进1号私募证券投资基金,SY8291,上海光亿旺达,,2018-01-31,2018-02-07,招商证券股份有限公司,,申购：每周五（可提前） 赎回：每月最后1个周五（可提前）,可临开赎回,1%（已减免）,,少于3个月：1%,,,,0.015,,0.015%,0.015%,,10-20亿元,P1014760
团队跟踪,鸿道全球优选私募证券投资基金,SY8480,鸿道全球优选私募证券投资基金,SY8480,北京鸿道投资,,2018-01-12,2018-01-18,招商证券股份有限公司,,每月最后一个交易日,可临开申购和可临开赎回,,,,,,,0.015,,0.045%,0.045%,产品净值达到3.7216前不计提业绩报酬,10-20亿元,P1000280
团队跟踪,黑翼风行三号沪深300指数增强私募投资基金,SY8885,黑翼风行三号沪深300指数增强私募投资基金,SY8885,上海黑翼资管,,2017-12-26,2018-01-05,招商证券股份有限公司,邹倚天,,否,,,,,,,0,,,,,100亿元以上,P1004419
团队跟踪,禾泽上辰CTA6号B私募证券投资基金A类份额,SY898A,禾泽上辰CTA6号B私募证券投资基金A类份额,SY898A,上海禾泽久溪,,2022-02-17,,广发证券股份有限公司,,,否,,,,,,,0,,,,,0-5亿元,P1066587
团队跟踪,御澜亚马逊8号,SY9401,御澜亚马逊8号私募基金,SY9401,广东御澜资管,,2018-08-21,2018-08-24,国泰君安证券股份有限公司,崔飒、项祥中,本基金开放日为封闭期结束之后的第一个交易日及之后每月第二个交易日。开放日申购赎回（可设临开）,可临开申购和可临开赎回,,,,0.93,产品成立日 3 个月封闭（目前无份额封闭期）,0.9,0.005,,,,20%,0-5亿元,P1064874
团队跟踪,锐天21号私募投资基金,SY9915,锐天21号私募投资基金,SY9915,上海锐天投资,,2018-07-17,2018-07-24,海通证券股份有限公司,徐晓波,,否,,,,,,,0,,,,,100亿元以上,P1024169
团队跟踪,悦海盈和500指数增强1号私募证券投资基金A类份额,SZ228A,悦海盈和500指数增强1号私募证券投资基金A类份额,SZ228A,青岛悦海盈和,,2021-10-19,2021-10-25,招商证券股份有限公司,,,否,,,,,,,0,,,,,100亿元以上,P1070936
团队跟踪,悦海盈和500指数增强1号私募证券投资基金B类份额,SZ228B,悦海盈和500指数增强1号私募证券投资基金B类份额,SZ228B,青岛悦海盈和,,2021-10-19,2021-10-25,招商证券股份有限公司,,,否,,,,,,,0,,,,,100亿元以上,P1070936
团队跟踪,博孚利琦宣一号私募证券投资基金-A份额,SZ432A,博孚利琦宣一号私募证券投资基金-A份额,SZ432A,厦门博孚利资管,,2021-10-15,2021-10-15,兴业证券股份有限公司,,每周周五,否,0%,1万元的整数倍,0%,,无,,0,,0.025%,0.025%,不收取业绩报酬,50-100亿元,P1023120
团队跟踪,博孚利琦宣一号私募证券投资基金-B份额,SZ432B,博孚利琦宣一号私募证券投资基金-B份额,SZ432B,厦门博孚利资管,,2021-10-15,2021-10-15,兴业证券股份有限公司,,每周周五,否,1%,1万的整数倍,持有期限小于360天，收取1%；持有期大等于360天，免收。,,无,,0.01,,0.025%,0.025%,高水位法，计提绝对收益的15%,50-100亿元,P1023120
团队跟踪,量道明享1号私募证券投资基金B类份额,SZ967B,量道明享1号私募证券投资基金B类份额,SZ967B,深圳量道投资,,2021-10-21,,兴业证券股份有限公司,,申购开放日为每个交易日，赎回开放日为每周周五,可临开赎回,0%,1万元起,0%（可金额赎回）,,无,,0,,,0.025%,不计提业绩报酬,100亿元以上,P1016658
团队跟踪,罗维盈安之升1000增强2号,SZA132,罗维盈安之升1000增强2号私募证券投资基金,SZA132,宁波罗维盈安投资,,2023-01-20,2023-02-07,国泰君安证券股份有限公司,,每周周四、五，如遇非交易日，则顺延至下一交易日,否,,,,,,,0,,,,,10-20亿元,P1069532
团队跟踪,极量精选指增私募证券投资基金,SZA160,极量精选指增私募证券投资基金,SZA160,共青城极量投资,,2022-12-22,2022-12-28,招商证券股份有限公司,,,否,,,,,,,0,,,,,10-20亿元,P1071373
团队跟踪,华钧真观2期,SZA263,华钧真观2期私募证券投资基金,SZA263,北京华钧广汇投资,,2023-01-06,2023-01-11,国泰君安证券股份有限公司,,每个交易日,否,,,,0.7,,,0.01,,0.05%,0.05%,0以上计提50%；投资者赎回日、分红权益登记日基金清算日计提。,10-20亿元,P1067480
团队跟踪,悬铃尊享CTA1号,SZA312,悬铃尊享CTA1号私募证券投资基金,SZA312,上海悬铃,,2022-12-26,2022-12-26,中信证券股份有限公司,,,否,,,,,,,0.015,,,,B类20%,10-20亿元,P1064634
团队跟踪,艳珍中证1000指数增强,SZA393,艳珍中证1000指数增强私募证券投资基金,SZA393,北京艳珍,,2023-01-03,2023-01-10,中信证券股份有限公司,,每日,否,,,持有天数在0至180天，赎回费1.5%；持有天数在180天（含）至360天，赎回费1%；持有天数在360天（含）以上，赎回费 0 %。管理人可免除,,,,0.01,,,,20%。也有同策略，超额20%,10-20亿元,P1033899
团队跟踪,福克斯-慧泉壹号私募证券投资基金,SZA437,福克斯-慧泉壹号私募证券投资基金,SZA437,深圳福克斯投资,,2022-12-27,2023-01-06,中信证券股份有限公司,,每个工作日,否,0%,不少于1万元,0%,,无,,0.01,A类份额：1%，B类份额：0%,0.025%,0.025%,A类份额：20%，B类份额：0%,10-20亿元,P1065770
团队跟踪,博孚利牡丹4号私募证券投资基金,SZA480,博孚利牡丹4号私募证券投资基金,SZA480,厦门博孚利资管,,2022-12-26,2022-12-26,中信证券股份有限公司,,申购开放日为每个交易日，赎回开放日为每周周五,否,0%,不低于1万元,0%,,无,,0.015,,0.015%,0.015%,年化11.04%以上计提60%,50-100亿元,P1023120
团队跟踪,新伯霖健康成长1号聚配专享,SZA590,新伯霖健康成长1号聚配专享私募证券投资基金,SZA590,上海新伯霖,,2023-01-12,2023-01-17,国泰君安证券股份有限公司,,每周周五,否,,10万元起,持有期小于180天，赎回费率为2%；持有期大等于180天，赎回费率为0%,0.8,无,0.7,0.01,,0.015%,0.015%,"业绩报酬的计算采用单个投资者单笔高水位净值法。赎回、分红、清算日计提
比例15% 。",5-10亿元,P1071580
团队跟踪,图灵多头定制1号私募证券投资基金,SZA641,图灵多头定制1号私募证券投资基金,SZA641,海南图灵,,2022-12-29,2023-01-05,中信证券股份有限公司,,,否,,,,,,,0,,,,,100亿元以上,P1071836
团队跟踪,汉鸿展鸿一号私募证券投资基金,SZA831,汉鸿展鸿一号私募证券投资基金,SZA831,上海汉鸿,,2023-02-16,2023-02-24,兴业证券股份有限公司,杨正豪,每自然月第10个自然日为开放日。如该对应日为非工作日，则开放日为该日后的第一个工作日。,可临开申购,B类份额：0,每次追加申购的最低金额为10万元人民币。,0,0.8,成立后180天（已结束）。,0.75,0,B类份额：0.5%/年,0.025%/年,0.025%/年,"B类份额：单人单笔高水位法，针对收益0%以上的部分计提10%业绩报酬
本基金业绩报酬计提日为：封闭期过后，每年1月及7月的最后一个交易日，基金份额持有人实际赎回基金份额时（包含全部赎回，部分赎回）、基金终止日。",10-20亿元,P1072580
团队跟踪,涵盈博孚利1号,SZA846,涵盈博孚利1号私募证券投资基金,SZA846,厦门博孚利资管,,2022-12-29,2022-12-29,中信证券股份有限公司,,每周周一、周三、周五,否,A类份额：1%；B 类份额：0%,不低于1万元,A类份额：持有期小于180天，赎回费率为1%；持有期大等于180天，赎回费率为0%。B类份额：0%,0.8,无,0.75,0.01,A类份额：1%；B类份额：0%,0.015%,0.015%,A类份额：10%；B类份额：不收取,50-100亿元,P1023120
团队跟踪,领容商品珏金,SZA952,领容商品珏金私募证券投资基金,SZA952,上海领容投资,,2023-01-09,2023-01-12,华泰证券股份有限公司,,申购开放日为每周周三，赎回开放日为每月最后一个交易日,否,A类份额：0%；B类份额：1%,,A类份额：0%。B类：持有期小于180天，赎回费率为1%；持有期大等于180天，赎回费率为0%,0.85,无,0.8,0.01,,0.015%,0.015%,"A类份额：0%。B类份额：年化收益率高于0%但低于或等于50%计提20%；高于50%部分计提40%
",10-20亿元,P1071654
团队跟踪,德邦资管优孚1号FOF单一资产管理计划,SZB037,德邦资管优孚1号FOF单一资产管理计划,SZB037,,厦门博孚利资管,2023-01-04,2023-01-11,光大证券股份有限公司,,,否,,,,,,,0.001,,0.015%,,"固定投顾费年化0.5%；
浮动投顾费用：计提基准为：0%，年化收益高于计提基准时对于盈利部分整体计提60%业绩报酬，计提业绩报酬后投资者年化收益率不低于6% 。
(计提基准日：份额退出日、收益分配日、计划终止日，每年的12月15日)",,
团队跟踪,极量彦廷量化对冲一号,SZB075,极量彦廷量化对冲一号私募证券投资基金,SZB075,共青城极量投资,,2023-01-05,2023-01-17,招商证券股份有限公司,,,否,,,,,,,0,,,,,10-20亿元,P1071373
团队跟踪,磐松小盘股指数增强1号,SZB329,磐松小盘股指数增强1号私募证券投资基金,SZB329,上海磐松,,2023-01-09,2023-01-12,国泰君安证券股份有限公司,张潇、吴确,每个交易日,否,0%,1万元起,持有期小于90天，赎回费率为1%；持有期大等于90天且小于180天，赎回费率为0.5%；持有期大等于180天且小于365天，赎回费率为0.25%；持有期大等于365天，赎回费率为0%,,无,,0.0175,,0.02%,0.02%,不计提业绩报酬,100亿元以上,P1074204
团队跟踪,磐松多空对冲1B,SZB330,磐松多空对冲1B私募证券投资基金,SZB330,上海磐松,,2023-01-19,2023-02-09,国泰君安证券股份有限公司,,,否,,,,,,,0,,,,,100亿元以上,P1074204
团队跟踪,磐松市场中性稳健1号,SZB331,磐松市场中性稳健1号私募证券投资基金,SZB331,上海磐松,,2023-01-19,2023-02-09,国泰君安证券股份有限公司,,每个交易日,否,0%,25万起,,,无,,0,,0.02%,0.02%,"单客户单笔高水位法，12%。
固定时点、赎回时、终止时；固定计提基准日为每年1月和7月的第一个交易日",100亿元以上,P1074204
团队跟踪,磐松多空对冲1D,SZB332,磐松多空对冲1D私募证券投资基金,SZB332,上海磐松,,2023-01-19,2023-02-09,国泰君安证券股份有限公司,,,否,,,,,,,0,,,,,100亿元以上,P1074204
团队跟踪,吉余杰伦壹号私募证券投资基金,SZB360,吉余杰伦壹号私募证券投资基金,SZB360,上海吉余,,2023-01-10,2023-01-13,中信证券股份有限公司,,,否,,,,,,,0,,,,,0-5亿元,P1073115
团队跟踪,虎贲月德2号私募证券投资基金,SZB404,虎贲月德2号私募证券投资基金,SZB404,杭州虎贲,,2023-01-05,2023-01-11,华泰证券股份有限公司,,,否,,,,,,,0,,,,,0-5亿元,P1020176
团队跟踪,烁菓量化复合套利2号私募证券投资基金,SZB527,烁菓量化复合套利2号私募证券投资基金,SZB527,福州烁菓,,2023-01-05,2023-01-11,中信建投证券股份有限公司,,每周一三五申购，每日赎回,可临开赎回,,,,,,,0,,,,,0-5亿元,P1017468
团队跟踪,盛丰锐贝私募证券投资基金,SZB551,盛丰锐贝私募证券投资基金,SZB551,海南盛丰,,2023-03-06,2023-03-14,中信证券股份有限公司,,每自然月第10个自然日为开放日。如该对应日为非工作日，则开放日为该日后的第一个工作日。,可临开申购,B类份额：0,每次追加申购的最低金额为10万元人民币。,0,0.8,成立后180天（已结束）。,0.75,0,B类份额：0.5%/年,0.025%/年,0.025%/年,"B类份额：单人单笔高水位法，针对收益0%以上的部分计提10%业绩报酬
本基金业绩报酬计提日为：封闭期过后，每年1月及7月的最后一个交易日，基金份额持有人实际赎回基金份额时（包含全部赎回，部分赎回）、基金终止日。",100亿元以上,P1073590
团队跟踪,盛丰量化选股1号,SZB557,盛丰量化选股1号私募证券投资基金,SZB557,海南盛丰,,2023-03-15,2023-03-20,长城证券股份有限公司,,每周周一、周三、周五,可临开赎回,0%,1万元起,0%,,无,,0.01,,0.025%,0.025%,"提取收益部分的20%作为业绩报酬；
计提基准日：投资者赎回日、分红权益登记日、基金清算日",50-100亿元,P1073590
团队跟踪,钎镱嘉年华1号私募证券投资基金,SZB637,钎镱嘉年华1号私募证券投资基金,SZB637,南京钎镱,,2023-04-04,2023-04-12,中信证券股份有限公司,,,否,,,,,,,0,,,,,0-5亿元,P1073915
团队跟踪,安贤CTA量化一号,SZB647,安贤CTA量化一号私募证券投资基金,SZB647,北京安贤,,2023-01-05,2023-01-05,国泰海通证券股份有限公司,郑搏萧,,否,,,,,,,0,,,,,50-100亿元,P1070195
团队跟踪,红猫资管智者一号私募证券投资基金,SZB824,红猫资管智者一号私募证券投资基金,SZB824,广州红猫,,2023-01-05,2023-01-05,华泰证券股份有限公司,,,否,,,,,,,0,,,,,10-20亿元,P1030229
团队跟踪,量游寰宇二号私募证券投资基金,SZB951,量游寰宇二号私募证券投资基金,SZB951,上海量游资管,,2023-01-09,2023-01-09,国泰君安证券股份有限公司,,每周周二、周五,可临开赎回,1%,,0%,0.88,无,0.85,0.015,A类份额：0%，B类份额：1.5%,0.025%,0.025%,"单个投资者单笔高水位净值法，计提比例：A 类份额 0%，B 类份额 20%。业绩报酬以扣减委托人份额的方式提取。
计提时点：投资者赎回日、每自然季度末月最后一个交易日（固定日，但封闭期及锁定期（如有）除外）、分红权益登记日、基金清算日。",5-10亿元,P1005511
团队跟踪,玉数涵瑞专享十七号,SZB966,玉数涵瑞专享十七号私募证券投资基金,SZB966,上海玉数投资,,2023-01-06,2023-01-11,国泰君安证券股份有限公司,赵俊辰,,否,,,,,,,0,,,,,10-20亿元,P1065673
团队跟踪,博孚利汇富多策略3号私募证券投资基金,SZC146,博孚利汇富多策略3号私募证券投资基金,SZC146,厦门博孚利资管,,2023-01-13,2023-01-20,广发证券股份有限公司,,本基金存续期内申购和赎回开放日为本基金成立之日后【每周一、二】（如遇非交易日，则不开放）,否,0%,1 万元起,0%,,无,,0.01,,0.025%,0.025%,本基金业绩报酬的计算和提取采用单客户高水位法：针对每个投资者单笔参与份额，在业绩报酬计提日对每笔份额的份额累计净值超过历史计提日最高份额累计净值部分，根据一定的比例计提业绩报酬，提取比例R= 【50】%。,50-100亿元,P1023120
团队跟踪,致邃投资-智慧矩阵指数增强量化2号私募证券投资基金,SZC277,致邃投资-智慧矩阵指数增强量化2号私募证券投资基金,SZC277,上海致邃投资,,2023-01-06,2023-01-16,中信建投证券股份有限公司,宋笑飞,每自然月第10个自然日为开放日。如该对应日为非工作日，则开放日为该日后的第一个工作日。,可临开申购,B类份额：0,每次追加申购的最低金额为10万元人民币。,0,0.8,成立后180天（已结束）。,0.75,0.01,B类份额：0.5%/年,0.025%/年,0.025%/年,"B类份额：单人单笔高水位法，针对收益0%以上的部分计提10%业绩报酬
本基金业绩报酬计提日为：封闭期过后，每年1月及7月的最后一个交易日，基金份额持有人实际赎回基金份额时（包含全部赎回，部分赎回）、基金终止日。",5-10亿元,P1063212
团队跟踪,长鲸大信3号,SZC413,长鲸大信3号私募证券投资基金,SZC413,北京长鲸九州,,2023-01-10,2023-01-17,国泰君安证券股份有限公司,,,否,,,,,,,0,,,,,10-20亿元,P1073331
团队跟踪,量道洞晓1号私募证券投资基金,SZC420,量道洞晓1号私募证券投资基金,SZC420,深圳量道投资,,2023-01-13,2023-01-16,国泰君安证券股份有限公司,,每个交易日,否,A类份额：1%，B类份额：0%,,A类份额：持有期小于180 天，赎回费率为1%；持有期大等于180 天，赎回费率为0%。B类份额：0%,,无,,0.01,A类份额：1%，B类份额：0%,0.015%,0.015%,"A类份额：30%； B类份额：不计提业绩报酬。
业绩报酬的计提基准日：投资者赎回日、每年 6 月最后一个交易日（固定日，但封闭期及锁定期（如有）除外）、分红权益登记日、基金清算日",100亿元以上,P1016658
团队跟踪,量道顺风1号,SZC421,量道顺风1号私募证券投资基金,SZC421,深圳量道投资,,2023-01-13,2023-01-16,国泰君安证券股份有限公司,,每个交易日,否,A类份额:1%，B类份额:0%。,1万元的整数倍,A类份额：持有期小于180天，赎回费率为1%；持有期大等于180天，赎回费率为0%。B类份额：0%。,,无,,0.01,A类份额:1.00%，B类份额:0%。 A类份额：向除B类份额投资者以外的其它合格投资者募集的基金份额。 B类份额：向本基金管理人管理的其他私募基金、本基金管理人、本基金管理人员工募集的基金份额。,0.015%/年,0.015%/年,"A类份额：
计提方式：单个投资者单笔投资年化收益差额法。
计提时点：赎回日、基金终止日、分红权益登记日、固定结算日（每年最后一个交易日）。
计提比例：超额年化0%以上部分计提20%（对标基准：期间中证500指数年化收益率）。
B类份额：不计提业绩报酬。",100亿元以上,P1016658
团队跟踪,量道明察1号,SZC435,量道明察1号私募证券投资基金,SZC435,深圳量道投资,,2023-01-12,2023-01-12,兴业证券股份有限公司,,每个交易日,否,1%,1万元的整数倍,A类份额：持有期小于180天，赎回费率为1%；持有期大等于180天，赎回费率为0%。B类份额：0%。,0.92,无,0.9,0.01,A类份额:1.00%，B类份额:0%。 A类份额：除B类基金份额持有人外的其他外部投资者。 B类份额：本基金管理人、基金管理人员工、基金管理人管理或其担任投资顾问的产品、基金管理人股东、管理人分公司/子公司及其员工。,0.015%/年,0.015%/年,"A类份额：
1）计提方式：单个投资者单笔高水位净值法。
2）计提时点：赎回日、基金终止日、分红日、固定结算日（每年12月最后一个交易日）。
3）计提比例：20%。
B类份额：不计提业绩报酬。",100亿元以上,P1016658
团队跟踪,量道永峰1号私募证券投资基金,SZC437,量道永峰1号私募证券投资基金,SZC437,深圳量道投资,,2023-01-11,2023-01-11,兴业证券股份有限公司,,每个交易日,否,1%,1 万元的整数倍,0,,无,,0.012,,0.015%/年,0.015%/年,"计提方法：单个投资者单份额高水位法。
计提时点：赎回申请日、分红权益登记日、基金清算日。
计提比例：12%。",100亿元以上,P1016658
团队跟踪,量派CTA七号,SZC678,量派CTA七号私募证券投资基金,SZC678,上海量派投资,,2023-01-06,2023-01-11,招商证券股份有限公司,孙林,每个交易日,否,1%,1万元起,持有期小于180天，赎回费率为1%；持有期大等于180天，赎回费率为0%,,无,,0.01,A类份额：1%,0.025%,0.025%,A类份额：单客户单笔份额高水位法收取20%,100亿元以上,P1071253
团队跟踪,甲乙甲CTA精进一号,SZC839,甲乙甲CTA精进一号私募证券投资基金,SZC839,上海甲乙甲,,2023-01-12,2023-01-13,招商证券股份有限公司,,,否,,,,,,,0,,,,,0-5亿元,P1007981
团队跟踪,元涞潜龙聚配专享一号,SZC855,元涞潜龙聚配专享一号私募证券投资基金,SZC855,上海元涞,,2023-01-10,2023-01-10,招商证券股份有限公司,,,否,,,,,,,0,,,,,10-20亿元,P1067919
团队跟踪,务聚多策略7期私募证券投资基金,SZC959,务聚多策略7期私募证券投资基金,SZC959,上海务聚投资,,2023-01-10,2023-01-13,中信建投证券股份有限公司,,每个工作日,否,0%,,0%,,,,0.01,,0.025%,0.025%,当基金份额赎回、基金终止或分红时，管理人将提取赎回份额或分红份额当期收益的35%作为业绩报酬,20-50亿元,P1067979
团队跟踪,卓胜中证1000指数增强一号,SZD029,卓胜中证1000指数增强一号私募证券投资基金,SZD029,上海卓胜,,2023-04-10,2023-04-13,国泰君安证券股份有限公司,,,否,,,,,,,0,,,,,0-5亿元,P1073962
团队跟踪,量道乘风1号,SZD112,量道乘风1号私募证券投资基金,SZD112,深圳量道投资,,2023-01-17,2023-01-17,国泰君安证券股份有限公司,李喆腾,每个交易日,否,A类份额：1%；B类份额：0%,1万的整数倍,A类份额：持有期小于180天，赎回费率为 1%；持有期大等于180天，赎回费率为0%。B类份额：0%,,无,,0.01,A类份额：1%；B类份额：0%。A类份额：向除B类份额投资者以外的其它合格投资者募集的基金份额。B类份额：向本基金管理人管理的其他私募基金、本基金管理人、本基金管理人员工募集的基金份额。,0.015%/年,0.015%/年,"A类份额：
计提方式：单个投资者单笔投资年化收益差额法
计提时点：投资者赎回日、分红权益登记日、基金清算日、固定结算日（每年最后一个交易日）
计提比例：超额年化0%以上部分计提20%（对标基准：同期中证1000指数年化收益率）
B类份额：不计提业绩报酬。",100亿元以上,P1016658
团队跟踪,量道迎风1号,SZD115,量道迎风1号私募证券投资基金,SZD115,深圳量道投资,,2023-01-13,2023-01-16,国泰君安证券股份有限公司,,每个交易日,否,A类份额：1%，B类份额：0%,1 万元的整数倍,A类份额：持有期小于180天，赎回费率为1%；持有期大等于180天，赎回费率为为0%。B类份额：0%,,无,,0.01,A类份额:1.00%，B类份额:0%。 A类份额：向除B类份额投资者以外的其它合格投资者募集的基金份额。 B类份额：向本基金管理人管理的其他私募基金 、本基金管理人、本基金管理人员工募集的基金份额。,0.015%/年,0.015%/年,"A类份额：
1、计提方式：单个投资者单笔高水位净值法。
2、计提时点：投资者赎回日、分红权益登记日、基金清算日。
3、计提比例：30%。
B类份额：不计提业绩报酬。",100亿元以上,P1016658
团队跟踪,量派3000均衡增强16号私募证券投资基金,SZD120,量派3000均衡增强16号私募证券投资基金,SZD120,上海量派投资,,2023-01-09,2023-01-12,招商证券股份有限公司,,每自然月第10个自然日为开放日。如该对应日为非工作日，则开放日为该日后的第一个工作日。,可临开申购,B类份额：0,每次追加申购的最低金额为10万元人民币。,0,0.8,成立后180天（已结束）。,0.75,0,B类份额：0.5%/年,0.025%/年,0.025%/年,"B类份额：单人单笔高水位法，针对收益0%以上的部分计提10%业绩报酬
本基金业绩报酬计提日为：封闭期过后，每年1月及7月的最后一个交易日，基金份额持有人实际赎回基金份额时（包含全部赎回，部分赎回）、基金终止日。",100亿元以上,P1071253
团队跟踪,鸣石同心9号量化对冲,SZD191,鸣石同心9号量化对冲私募证券投资基金,SZD191,上海鸣石,,2023-02-09,2023-02-14,中泰证券股份有限公司,,,否,,,,,,,0,,,,,100亿元以上,P1005659
团队跟踪,兆信期权对冲套利1号,SZD194,兆信期权对冲套利1号私募证券投资基金,SZD194,江苏兆信,,2023-01-16,2023-03-13,兴业证券股份有限公司,,每周周二、周四,否,1%,1万元起,0%,0.92,无,0.9,0.01,A类份额：1%，B类份额：0%,0.01%,0.01%,A类份额：单人单笔高水位法 （分红时、赎回时、终止时提取）：对期间收益部分按照 20%的比例提取。B类份额：不计提业绩报酬。,20-50亿元,P1001740
团队跟踪,本拾基石成长3号,SZD269,本拾基石成长3号私募证券投资基金,SZD269,上海本拾,,2023-01-20,2023-01-30,国泰君安证券股份有限公司,谭聪,每个工作日开放申购，每月最后一个工作日开放赎回,否,1%,,持有期小于180天，赎回费率为1%；持有期大等于180天，赎回费率为0%,,,,0.015,,,,15%,0-5亿元,P1072573
团队跟踪,交叉智能-量化增强2号,SZD351,交叉智能-量化增强2号私募证券投资基金,SZD351,北京交叉智能,,2023-04-19,2023-04-23,国泰君安证券股份有限公司,,每个交易日,否,1%,1万元起,D<180，1%；D≥180，0%,0.85,无,0.8,0.01,,0.02%,0.02%,单个投资者单笔高水位净值法，提取比例20%,5-10亿元,P1073650
团队跟踪,睿量量子9号私募证券投资基金,SZD411,睿量量子9号私募证券投资基金,SZD411,上海睿量,,2023-03-17,2023-03-29,华泰证券股份有限公司,,,否,,,,,,,0,,,,,100亿元以上,P1073883
团队跟踪,友格润晟私募证券投资基金,SZD697,友格润晟私募证券投资基金,SZD697,上海友格,,2023-02-10,2023-02-21,国泰君安证券股份有限公司,,每周周二,否,0%,,持有期小于365天，赎回费率为1%；持有期大等于365天，赎回费率为0%,,无,,0.01,,0.02%,0.02%,"业绩报酬计提基准 B=期间中证 500 指数收益率，对超出业绩报酬计提基准的收益按 16%比例进行计提。
计提基准日：投资者赎回日、每年6 月、12 月的最后一个交易(固定日，但封闭期及/或锁定期《如有) 除外)、分红权益登记日、基金清算日。",0-5亿元,P1072654
团队跟踪,展旗致臻多策略1号私募证券投资基金,SZD768,展旗致臻多策略1号私募证券投资基金,SZD768,海南展旗,,2023-01-09,2023-01-12,国泰君安证券股份有限公司,,申购开放日为每周周二；赎回开发日为每月末（赎回封闭期3个月）,否,1%,,持有期小于360天，赎回费率为1%；持有期大等于360天，赎回费率为0%,0.7,,0.6,0.02,,0.015%,0.015%,"R为年化收益：
当R-6%＜0时，不提取业绩报酬；
当0%≤R-6%≤44%时，年化收益全部提取20%的业绩报酬；
当44%＜R-6%时，对年化收益分段提取业绩报酬。年化收益50%（含）以内的部分提取20%的业绩报酬，年化收益超出50%的部分提取40%的业绩报酬",0-5亿元,P1072040
团队跟踪,煦荣二号私募证券投资基金,SZD838,煦荣二号私募证券投资基金,SZD838,上海煦荣投资,,2023-03-13,2023-03-21,中信证券股份有限公司,,本基金固定开放日为封闭期满后每个自然周的周一，接受申购和赎回申请，如对应日为非工作日，则顺延至下一个工作日,可临开赎回,0%,无限制,0%,0.85,基金成立日（含）起的 6 个月内为封闭期，封闭期内不接受赎回申请（临时开放日除外），但每个自然周的周一可以接受申购申请，如对应日为非工作日，则顺延至下一个工作日,0.8,0,1.0%,0.03%，年保底费用为1万元,0.03%，年保底费用为1万元,对期间年化收益率超过0%以上部分按照10%的比例收取业绩报酬,0-5亿元,P1034142
团队跟踪,坤望专享6号私募证券投资基金,SZE008,坤望专享6号私募证券投资基金,SZE008,上海坤望,,2023-04-13,2023-04-20,招商证券股份有限公司,,,否,,,,,,,0,,,,,20-50亿元,P1072723
团队跟踪,鋆晟狮王套利11号私募证券投资基金,SZE017,鋆晟狮王套利11号私募证券投资基金,SZE017,上海鋆晟投资,,2023-02-03,2023-02-08,国信证券股份有限公司,,,否,,,,,,,0,,,,,0-5亿元,P1028385
团队跟踪,玉数涵瑞专享十九号私募证券投资基金,SZE118,玉数涵瑞专享十九号私募证券投资基金,SZE118,上海玉数投资,,2023-02-02,2023-02-07,国泰君安证券股份有限公司,赵俊辰,,否,,,,,,,0,,,,,10-20亿元,P1065673
团队跟踪,博斐均衡进取一号私募证券投资基金,SZE393,博斐均衡进取一号私募证券投资基金,SZE393,上海博斐基金,,2023-02-17,2023-02-27,国泰君安证券股份有限公司,刘锋林,每周一、三、五,可临开赎回,1,,1,0.85,成立后180天（已结束）。,0.8,0.01,,0.015%/年,0.015%/年,,0-5亿元,P1074219
团队跟踪,贞元元培量子高波私募证券投资基金,SZE414,贞元元培量子高波私募证券投资基金,SZE414,武汉贞元投资,,2023-01-13,2023-01-18,华泰证券股份有限公司,,每个交易日,否,0%,,0%,,无,,0.01,,0.01%,0.01%,当基金份额赎回、基金终止或分红时；年化收益小于等于6%时不计提业绩报酬，年化收益大于6%时，对整体收益计提40%，计提后年化收益不低于6%,5-10亿元,P1070352
团队跟踪,高维量化精选1号私募证券投资基金,SZE483,高维量化精选1号私募证券投资基金,SZE483,上海高维,,2023-03-02,2023-03-03,国泰君安证券股份有限公司,,,否,,,,,,,0,,,,,50-100亿元,P1020504
团队跟踪,香农元亨利贞一号,SZE555,香农元亨利贞一号私募证券投资基金,SZE555,海南三亚香农,,2023-06-08,2023-06-21,东方证券股份有限公司,,,否,,,,,,,0,,,,,20-50亿元,P1072386
团队跟踪,坤望量化对冲5号私募证券投资基金,SZE663,坤望量化对冲5号私募证券投资基金,SZE663,上海坤望,,2023-04-06,2023-04-12,国泰君安证券股份有限公司,,每个交易,否,1%,,0%,,无,,0.01,,0.015%,0.015%,计提触发条件：6%；计提比例：50%，计提后基金份额持有人年化收益率不低于业绩报酬计提触发条件。,20-50亿元,P1072723
团队跟踪,系综钻选CTA1号,SZE679,系综钻选CTA1号私募证券投资基金,SZE679,上海系综,,2023-02-03,2023-02-10,中信证券股份有限公司,,,否,,,,,,,0,,,,,5-10亿元,P1072234
团队跟踪,宝沣投资量化3号私募证券投资基金,SZE715,宝沣投资量化3号私募证券投资基金,SZE715,嘉兴宝沣投资,,2023-01-17,2023-01-17,华泰证券股份有限公司,,周二,否,,,90天0.5%,,,,0.01,,0.01%,0.01%,"B份额年化50%以内,业绩报酬30%；年化50%以上的部分，业绩报酬50%
赎回+清盘时提取+分红+固定时点（6月和12月末提份额）",0-5亿元,P1068720
团队跟踪,宝沣投资量化4号私募证券投资基金,SZE718,宝沣投资量化4号私募证券投资基金,SZE718,嘉兴宝沣投资,,2023-01-17,2023-01-17,华泰证券股份有限公司,,,否,,,,,,,0,,,,,0-5亿元,P1068720
团队跟踪,宝沣投资量化5号私募证券投资基金,SZE719,宝沣投资量化5号私募证券投资基金,SZE719,嘉兴宝沣投资,,2023-01-17,2023-01-17,华泰证券股份有限公司,,,否,,,,,,,0,,,,,0-5亿元,P1068720
团队跟踪,芬德-环翼量化指增1号,SZE926,芬德-环翼量化指增1号私募证券投资基金,SZE926,深圳芬德资管,,2023-01-20,2023-01-20,国泰君安证券股份有限公司,,申购开放日为每个工作日，赎回开放日为每周三(如遇非交易日则顺延),可临开赎回,0%,10万元起,0%,0.75,无,0.7,0.01,"A,类份额：1%，B类份额：0%",0.02%,0.02%,"A,类份额：收益分配基准日、开放日、基金终止日单人单笔提取15%作为业绩报酬。B类份额：0%",0-5亿元,P1063021
团队跟踪,骞瑞和致二号,SZE934,骞瑞和致二号私募证券投资基金,SZE934,上海骞瑞,,2023-01-17,2023-01-28,华泰证券股份有限公司,,,否,,,,,,,0,,,,,0-5亿元,P1067180
团队跟踪,磐松多空对冲2号私募证券投资基金,SZE979,磐松多空对冲2号私募证券投资基金,SZE979,上海磐松,,2023-03-03,2023-03-16,国泰君安证券股份有限公司,张潇、吴确,"每日
（预约赎回T－10）",否,0,,"少于90天，1%
少于180天,0.5%
少于365天,0.25%
归基金",,无,,0,,0.02%,0.02%,20%,100亿元以上,P1074204
团队跟踪,磐松多空对冲3号,SZE990,磐松多空对冲3号私募证券投资基金,SZE990,上海磐松,,2023-04-06,2023-04-11,华泰证券股份有限公司,张潇、吴确,每日(预约赎回T-10),否,0,,"<90天 1%，<180天 0.5%,，<365天 0.25% 归基金",,无,,0.01,,,,,100亿元以上,P1074204
团队跟踪,洺沣赛博17号私募证券投资基金,SZF055,洺沣赛博17号私募证券投资基金,SZF055,共青城洺沣投资,,2023-02-09,2023-02-17,广发证券股份有限公司,,申购开放日为每周周三，赎回开放日为每月份的第一个周三（份额锁定期为180天）,否,A类份额：单笔申购金额＜300万元，申购费率为1%；300万元≤单笔申购金额＜500万元，申购费率为0.6%；500万元≤单笔申购金额，申购费率为0.3%。B类份额：0%,不低于1万元,持有期小等于360天，赎回费率为1%；持有期大于360天，赎回费率为0%,0.93,,0.9,0.008,A类份额销售服务费：0.8%；B类份额销售服务费：0.2%,0.05%,0.05%,"25%。
业绩计提日：每年9月的第一个周三",10-20亿元,P1070038
团队跟踪,珠池仁合5号私募证券投资基金,SZF421,珠池仁合5号私募证券投资基金,SZF421,上海珠池资管,,2023-01-19,2023-01-19,广发证券股份有限公司,,每周周二、周三、周四和周五,否,0.8%,1万元起,0%,,,,0.005,,0.05%,0.05%,不计提业绩报酬,50-100亿元,P1014451
团队跟踪,艮岳鲲鹏3号,SZF564,艮岳鲲鹏3号私募证券投资基金,SZF564,杭州艮岳,,2023-02-03,2023-02-09,中信证券股份有限公司,,每日申赎,否,0%,,0%,,无,,0.01,,0.025%,0.025%,对期间实际收益率超过0%以上部分按照20%的比例收取业绩报酬。,20-50亿元,P1032168
团队跟踪,笃熙禀泰安鑫复利增长1号私募证券投资基金,SZF717,笃熙禀泰安鑫复利增长1号私募证券投资基金,SZF717,上海笃熙禀泰,,2023-01-19,2023-01-29,国泰君安证券股份有限公司,唐福全,,否,,,,,,,0,,,,,10-20亿元,P1071264
团队跟踪,远澜藤枫宏观量化1号,SZF854,远澜藤枫宏观量化1号私募证券投资基金,SZF854,上海远澜,,2023-01-18,2023-01-19,招商证券股份有限公司,,申购日和赎回日都是每周1和周4,否,,,,,,,0,,,,,100亿元以上,P1018484
团队跟踪,满风微分2号,SZF914,满风微分2号私募证券投资基金,SZF914,上海满风资管,,2023-01-19,2023-01-29,中信证券股份有限公司,刘海影,每周最后一个工作日及每年6月、12月的最后一个工作日,否,1%,10万元起,持有小于180天，赎回费为1%,,无,,0.01,,,,"单笔份额高水位法
A份额：20%；B份额：18%
固定提取日、投资者赎回日、分红权益登记日、基金清算日从基金资产中扣除",5-10亿元,P1015262
团队跟踪,铭跃三号私募证券投资基金,SZG088,铭跃三号私募证券投资基金,SZG088,上海铭跃,,2023-02-27,2023-03-02,国泰君安证券股份有限公司,,每周周三,否,A类份额：0%；B类份额：1%,,A类份额：0%；B类份额：持有期小于180天，赎回费率为1%；持有期大等于180天，赎回费率为0%,0.85,无,0.8,0.01,A类份额：0%；B类份额：1%,0.01%,0.01%,"A类份额：40%；B类份额：50%。
计提基准日：投资者赎回日、每自然季度末月最后一个交易日（固定日，但封闭期及锁定期（如有）除外）、分红权益登记日、基金清算日",50-100亿元,P1073580
团队跟踪,博孚利丰盈1号私募证券投资基金,SZG117,博孚利丰盈1号私募证券投资基金,SZG117,厦门博孚利资管,,2023-03-14,2023-03-17,中信证券股份有限公司,,每个工作日,否,0%,1万元起,一个月内3%，一个月以外不计提，赎回费归属基金资产,,无,,0.002,0.2%年费率+10万保底费/2024.6.6开始暂停计提,0.015%,0.015%,对期间年化收益率超过40%以上部分按照60%的比例收取业绩报酬,50-100亿元,P1023120
团队跟踪,铭跃巨雕二号私募证券投资基金,SZG123,铭跃巨雕二号私募证券投资基金,SZG123,上海铭跃,,2023-09-11,2023-09-15,中信证券股份有限公司,,每个交易日,否,0%,,0%,,无,,0,,,,30%,50-100亿元,P1073580
团队跟踪,瑞鼎增强1号,SZG410,瑞鼎增强1号私募证券投资基金,SZG410,福建东方瑞鼎资管,,2023-07-19,2023-08-02,兴业证券股份有限公司,,每周周二,否,1.5%,1万元起,1%,0.85,,0.7,0.01,,0.0175%（年保底费0.5万）,0.0175%（年保底费0.5万）,对单笔投资超过上次计提日最高基金份额累计净值部分计提20%的业绩报酬,0-5亿元,P1034820
团队跟踪,瑞鼎量化对冲1号,SZG411,瑞鼎量化对冲1号私募证券投资基金,SZG411,福建东方瑞鼎资管,,2023-02-03,2023-02-09,兴业证券股份有限公司,,每周周三,否,1.5%,,1%,0.85,,0.7,0.01,,0.0175％,0.0175％,对单笔投资超过上次计提日最高基金份额累计净值部分按如下的比例30%进行计提,0-5亿元,P1034820
团队跟踪,国源不争4号私募证券投资基金,SZG519,国源拾金安和3号私募证券投资基金,SZG519,深圳国源信达资管,,2023-02-07,2023-02-16,国信证券股份有限公司,李剑飞,每周周三,否,A类份额：1%，B类份额：0%，C类份额：1%,,A类份额、C类份额：持有期小于365天 ，赎回费率为1.5%；持有期大等于365天，赎回费率为0%。B类份额：0%,0.8,,0.7,0,A类份额：1.5%，B类份额：0%，C类份额：1%,0.025%,0.025%,A类份额：20%，B类份额：0%，C类份额：16%,100亿元以上,P1061199
团队跟踪,博衍留芳1号,SZG868,博衍留芳1号私募证券投资基金,SZG868,杭州博衍,,2023-02-03,2023-02-08,国泰君安证券股份有限公司,,每个交易日,否,A类份额：1%；B类份额：0%,,0%,,,,0.015,A类份额：1.5%；B类份额：0%,0.01%,0.01%,单个投资者单笔高水位净值法，A类份额：计提比例：20%；B类份额：不计提业绩报酬,20-50亿元,P1074267
团队跟踪,正仁中证1000指数增强私募证券投资基金,SZG958,正仁中证1000指数增强私募证券投资基金,SZG958,海南正仁,,2023-02-03,2023-02-08,中信证券股份有限公司,,每个交易日,可临开申购,B类份额：0,每次追加申购的最低金额为10万元人民币。,0,0.8,无,0.75,0.015,,0.025%/年,0.025%/年,1+超额20%,50-100亿元,P1071301
团队跟踪,点钢投资点睿10号,SZG962,点钢投资点睿10号私募证券投资基金,SZG962,天津点钢投资,,2023-02-17,2023-02-24,国信证券股份有限公司,,申购开放日为每周周五，赎回开放日为每月度最后一个工作日,否,0%,,持有期小于90天，赎回费率为1%；持有期大等于90天且小于180天，赎回费率为0.5%；持有期大等于180天，赎回费率为0%,,无,0.8,0.01,,0.015%,0.015%,"在赎回日、分红日、终止日，若单人单笔份额业绩（实际收益率）超过0%，
该笔份额超额收益部分的20%作为业绩报酬。",10-20亿元,P1061455
团队跟踪,致达拾贝,SZH010,致达拾贝私募证券投资基金,SZH010,广东致达,,2023-02-20,2023-02-24,华福证券股份有限公司,,,否,,,,,,,0,,,,,10-20亿元,P1072465
团队跟踪,见合开山一期私募证券投资基金,SZH020,见合开山一期私募证券投资基金,SZH020,上海见合,,2023-02-09,2023-02-14,中信证券股份有限公司,,每周周五,否, 0%,,持有期小于180天，赎回费率为1%；持有期大等于180天且小于365天，赎回费率为0.5%；持有期大等于365天，赎回费率为0%,0.8,,0.75,0.015,,0.01%,0.01%,"业绩报酬的提取比例（Y）为 20%
计提基准日：固定计提基准日、除息日（若有）、赎回申请日和基金终止日（其中固定计提基准日和除息日（若有）统称为“统一计提基准日”），固定计提基准日为封闭期（若有）结束后的每年 6 月、12 月的第 4个周五。",5-10亿元,P1074225
团队跟踪,京盈智投多策略8号,SZH040,京盈智投多策略8号私募证券投资基金,SZH040,珠海京盈智投,,2023-02-03,2023-02-08,国泰君安证券股份有限公司,,,否,,,,,,,0,,,,,10-20亿元,P1072679
团队跟踪,无涯中证500指数增强1号私募证券投资基金,SZH500,无涯中证500指数增强1号私募证券投资基金,SZH500,上海无涯,,2023-02-22,2023-03-01,国泰君安证券股份有限公司,,每周第1、第2个交易日,可临开赎回,A类份额：0%，B类份额：1%,,A类份额：0%。B类份额：持有期小于90天，赎回费率为0.5%；持有期大等于90天，赎回费率为0%,,无,,0.015,A类份额：0%，B类份额：1.5%,0.025%,0.025%,"A类份额：不计提业绩报酬。
B类份额：计提比例20%",10-20亿元,P1071391
团队跟踪,璞远丰利纯债聚配专享2号,SZH566,璞远丰利纯债聚配专享2号私募证券投资基金,SZH566,上海璞远资管,,2023-02-17,2023-03-16,华福证券股份有限公司,,,否,,,,,,,0,,,,,5-10亿元,P1002935
团队跟踪,罗维盈安量化对冲春晓1号私募证券投资基金,SZH610,罗维盈安量化对冲春晓1号私募证券投资基金,SZH610,宁波罗维盈安投资,,2023-02-16,2023-02-21,国泰君安证券股份有限公司,,,否,,,,,,,0,,,,,10-20亿元,P1069532
团队跟踪,辰元优选稳健私募证券投资基金,SZH690,辰元优选稳健私募证券投资基金,SZH690,广东辰元,,2023-02-09,2023-02-14,招商证券股份有限公司,,一、二、四、五,可临开申购,B类份额：0,每次追加申购的最低金额为10万元人民币。,0,0.8,0,0.75,0.01,B类份额：1%/年,0.015%/年,0.025%/年,"B类份额：单人单笔高水位法，针对收益0%以上的部分计提20%业绩报酬
本基金业绩报酬计提日为：封闭期过后，每年6月及12月的最后一个交易日，基金份额持有人实际赎回基金份额时（包含全部赎回，部分赎回）、基金终止日。",20-50亿元,P1074301
团队跟踪,彩霞湾CTA稳健1号私募证券投资基金,SZH774,彩霞湾CTA稳健1号私募证券投资基金,SZH774,宁波彩霞湾投资,,2023-02-07,2023-02-07,中信证券股份有限公司,鲁俊,,否,,,,,,,0,,,,,20-50亿元,P1070651
团队跟踪,青石稳泰6号私募证券投资基金,SZH839,青石稳泰6号私募证券投资基金,SZH839,青岛青石资管,,2023-02-23,2023-03-09,华泰证券股份有限公司,,每个交易日,否,0%,1万元起,0%,0.95,,0.9,0.005,,,,50%,5-10亿元,P1067412
团队跟踪,博孚利砺青私募证券投资基金,SZJ455,博孚利砺青私募证券投资基金,SZJ455,厦门博孚利资管,,2023-02-17,2023-02-22,招商证券股份有限公司,朱珂醇、施炳阳,本基金申购开放日为每自然周的周三（遇节假日顺延至下一工作日）;赎回开放日为每自然月的1号（遇法定节假日顺延至下一工作日）,可临开赎回,0%,1万元起,A类份额：持有期小于6 个月，赎回费率为1%；持有期大等于6 个月，赎回费率为0%。B类份额（内部）：0%,0.9,无,0.85,0.01,A类份额：1％，B类份额：0％,0%,0%,A类：40%；B类：40%；（A类外部份额，B类员工份额）,50-100亿元,P1023120
团队跟踪,元涞玖睿2号,SZJ470,元涞玖睿2号私募证券投资基金,SZJ470,上海元涞,,2023-02-20,2023-02-20,华泰证券股份有限公司,,,否,,,,,,,0,,,,,10-20亿元,P1067919
团队跟踪,香农1000指增1号,SZJ485,香农1000指增1号私募证券投资基金,SZJ485,海南三亚香农,,2023-02-28,2023-03-06,华泰证券股份有限公司,,,否,,,,,,,0,,,,,20-50亿元,P1072386
团队跟踪,鸣熙量化中性3号私募证券投资基金,SZJ540,鸣熙量化中性3号私募证券投资基金,SZJ540,鸣熙资本,,2023-02-21,2023-02-21,中信证券股份有限公司,,每自然月第10个自然日为开放日。如该对应日为非工作日，则开放日为该日后的第一个工作日。,可临开申购,B类份额：0,每次追加申购的最低金额为10万元人民币。,0,0.8,成立后180天（已结束）。,0.75,0,B类份额：0.5%/年,0.025%/年,0.025%/年,"B类份额：单人单笔高水位法，针对收益0%以上的部分计提10%业绩报酬
本基金业绩报酬计提日为：封闭期过后，每年1月及7月的最后一个交易日，基金份额持有人实际赎回基金份额时（包含全部赎回，部分赎回）、基金终止日。",100亿元以上,P1033450
团队跟踪,阿杏众荥一号私募证券投资基金,SZJ568,阿杏众荥一号私募证券投资基金,SZJ568,上海阿杏投资,,2023-03-22,2023-03-22,招商证券股份有限公司,,,否,,,,,,,0,,,,,20-50亿元,P1008797
团队跟踪,景上源星辰5号,SZJ801,景上源星辰5号私募证券投资基金,SZJ801,杭州景上源,,2023-02-15,2023-02-24,华泰证券股份有限公司,,每月5号,否,0%,,0%,0.85,3个月,0.8,0.015,1.5%,0.025%,0.025%,20%,5-10亿元,P1008209
团队跟踪,汇融林健CTA9号,SZJ909,汇融林健CTA9号私募证券投资基金,SZJ909,湖南汇智融达,,2023-03-01,2023-03-06,中泰证券股份有限公司,周波,每周周一、周四,否,1%,10万元的整数倍,0%,0.9,无,0.85,0.01,,0.025%,0.025%,单客户高水位，30%,0-5亿元,P1023796
团队跟踪,博孚利尊享71号私募证券投资基金,SZJ915,博孚利尊享71号私募证券投资基金,SZJ915,厦门博孚利资管,,2023-03-20,2023-03-23,国泰君安证券股份有限公司,,每个交易日,否,1%,1万元起,0%,,无,,0.005,,0.015%,0.015%,不计提业绩报酬,50-100亿元,P1023120
团队跟踪,博孚利尊享72号私募证券投资基金,SZJ917,博孚利尊享72号私募证券投资基金,SZJ917,厦门博孚利资管,,2023-02-28,2023-03-06,国泰君安证券股份有限公司,,每个交易日,否,2%,1万元起,2%,,无,,0.01,,0.015%,0.015%,业绩报酬基准法，基准为30%，计提超额收益的60%,50-100亿元,P1023120
团队跟踪,博孚利多策略三十二号私募证券投资基金,SZJ918,博孚利多策略三十二号私募证券投资基金,SZJ918,厦门博孚利资管,,2023-04-04,2023-04-10,招商证券股份有限公司,,每个工作日,否,0%,不低于1 万元,一年内赎回收1%赎回费,,无,,0.005,暂停中,0.015%,0.015%,份额高水位法，提取比例为40%,50-100亿元,P1023120
团队跟踪,哲石旌瑞一号私募证券投资基金,SZK037,哲石旌瑞一号私募证券投资基金,SZK037,杭州哲石,,2023-03-01,2023-03-07,国泰君安证券股份有限公司,,,否,,,,,,,0,,,,,10-20亿元,P1034136
团队跟踪,康诺天臣长江1号私募证券投资基金,SZK077,康诺天臣长江1号私募证券投资基金,SZK077,深圳康诺资管,,2023-02-23,2023-03-06,长江证券股份有限公司,,,否,,,,,,,0,,,,,0-5亿元,P1066802
团队跟踪,华闻期货匠燃进取一号单一资产管理计划,SZK263,华闻期货匠燃进取一号单一资产管理计划,SZK263,,,2018-01-05,,,,,否,,,,,,,0,,,,,,
团队跟踪,务时基本面量化增强1号私募证券投资基金,SZK382,务时基本面量化增强1号私募证券投资基金,SZK382,厦门务时,,2023-03-09,2023-03-14,招商证券股份有限公司,,每个工作日,否,0%,1万元起,持有期小于6个月，赎回费率为1%；持有期大等于6个月，赎回费率为0%,,,,0.015,,0.015%,0.015%,"单客户单笔份额高水位法，提取 20%业绩报酬。
计提时点为分红日、赎回日及清算日。",5-10亿元,P1061595
团队跟踪,衡颐长量尊享1号私募证券投资基金,SZK507,衡颐长量尊享1号私募证券投资基金,SZK507,上海衡颐资管,,2023-02-28,2023-03-01,长城证券股份有限公司,,每周周一、周三、周五（遇节假日则顺延至下一交易日）,可临开赎回,0%,1 万元的整数倍,0%,,无,,0.003,每日计提，按季支付,0.025％,0.025％,"1）采用单个投资者单笔投资年化收益差额法计提；
2）在投资者赎回日、分红权益登记日、基金清算日计提；
3）针对委托人每笔投资的期间年化收益率（R），当期间年化收益率【小于等11.38%时】，不计提业绩报酬；当期间年化收益率【大于11.38%时】，对所有收益按照【9%】的比例计提业绩报酬。",5-10亿元,P1026693
团队跟踪,前海久盈曦尧三号私募证券投资基金,SZK568,前海久盈曦尧三号私募证券投资基金,SZK568,深圳前海久盈投资,,2023-03-23,2023-03-28,国泰君安证券股份有限公司,,FOF投资产品池,否,每工作日开放,深圳前海久盈投资管理有限公司,0%,0,管理期货策略,0,0.012,,0.01%,0.01%,"当 0%＜R-B≤10%时，对超出业绩报酬计提基准部分提取 20%的业绩报酬，即 E=K×T1×（R-B）×T/365×20%；
当 10%＜R-B 时，对超出业绩报酬计提基准部分分段提取 20%和 30%的业绩报酬，即 E=K×T1×0.1×T/365×20%+K×T1×（R-B-0.1）×T/365×30%；
当 R-B ≤0%时，不提取业绩报酬。
计提基准日：每年 12 月 15 日、投资者赎回日、分红权益登记日和基金清
算日",20-50亿元,P1065235
团队跟踪,博孚利钰锦龙1号私募证券投资基金,SZK700,博孚利钰锦龙1号私募证券投资基金,SZK700,厦门博孚利资管,,2023-02-22,2023-03-01,招商证券股份有限公司,,每周二、四（法定节假日顺延，如顺延至同一工作日，则上述重合的开放日只开放一个工作日）。本基金份额自认购/申购之日（认购日为基金成立日、申购日为申购所对应开放日）起6个月（每月按30个自然日计算，含头不含尾，含满6个月当日）不允许基金份额持有人进行赎回。,可临开赎回,无,1万,若基金份额持有时间少于6个月，赎回费率0.5%；若基金份额持有时间大于等于6个月，赎回费率0。,,,,0.01,,0.015,0.015,高水位法，计提绝对收益的16%,50-100亿元,P1023120
团队跟踪,磐松多空对冲进取1号私募证券投资基金,SZK704,磐松多空对冲进取1号私募证券投资基金,SZK704,上海磐松,,2023-02-21,2023-02-24,中信证券股份有限公司,,,否,,,,,,,0,,,,,100亿元以上,P1074204
团队跟踪,铭跃量选惜亩1号私募证券投资基金,SZK717,铭跃量选惜亩1号私募证券投资基金,SZK717,上海铭跃,,2023-02-27,2023-03-02,国泰君安证券股份有限公司,,每周周三、周四,可临开赎回,0%,,持有期小于90天，赎回费率为0.5%；持有期大等于90天，赎回费率为0%,,无,,0.01,A类份额：0%，B类份额：1%,0.005%,0.005%,"单个投资者单笔高水位净值法，A类份额：不计提业绩报酬；
B类份额：计提比例：16%；",50-100亿元,P1073580
团队跟踪,联海天王星臻选17号,SZK722,联海天王星臻选17号私募证券投资基金,SZK722,北京星鹏联海,,2023-02-27,2023-03-06,国信证券股份有限公司,,每个工作日,否,0%,,0%,,,,0.01,A类份额：1%；B类份额：0.3%,0.01%,0.01%,A类份额：10%；B类份额：0%。业绩报酬提取时点分为收益分配基准日、份额赎回日和基金终止日提取。默认为现金分红,20-50亿元,P1034351
团队跟踪,笃诚笃行1号私募证券投资基金,SZK770,笃诚笃行1号私募证券投资基金,SZK770,上海笃诚,,2023-02-28,2023-03-01,国泰君安证券股份有限公司,,,否,,,,,,,0,,,,,50-100亿元,P1071579
团队跟踪,方宜CTA平衡1号,SZK938,方宜CTA平衡1号私募证券投资基金,SZK938,北京方宜投资,,2023-03-09,2023-03-15,中信建投证券股份有限公司,刘征,,否,,,,,,,0,,,,,0-5亿元,P1065914
团队跟踪,博孚利涌金11号私募证券投资基金,SZL012,博孚利涌金11号私募证券投资基金,SZL012,厦门博孚利资管,,2023-02-28,2023-03-06,国泰君安证券股份有限公司,,每个交易日,否,0%,1 万元起,0%,,无,,0.015,,0.015%,0.015%,门槛收益率法，年化30%以上计提60%,50-100亿元,P1023120
团队跟踪,博孚利涵盈8号私募证券投资基金,SZL014,博孚利涵盈8号私募证券投资基金,SZL014,厦门博孚利资管,,2023-02-23,2023-03-01,国泰君安证券股份有限公司,,每个交易日,否,0%,1 万元起,3%,,无,,0,,0.015%,0.015%,高水位法，计提绝对收益的10%,50-100亿元,P1023120
团队跟踪,广金美好玻色尊享1号私募证券投资基金,SZL025,广金美好玻色尊享1号私募证券投资基金,SZL025,广东横琴广鑫美好,,2023-03-14,2023-03-14,招商证券股份有限公司,罗山,,否,,,,,,,0,,,,,50-100亿元,P1033731
团队跟踪,玄元元中9号私募证券投资基金,SZL028,玄元元中9号私募证券投资基金,SZL028,广东玄元,,2023-02-17,2023-02-22,广发证券股份有限公司,,,可临开申购,,,,,,,0,,,,,100亿元以上,P1029168
团队跟踪,红锚价值5号私募证券投资基金,SZL121,红锚价值5号私募证券投资基金,SZL121,上海红锚,,2023-03-10,2023-03-15,申万宏源证券有限公司,,,否,,,,,,,0,,,,,0-5亿元,P1065752
团队跟踪,启元天使1号私募证券投资基金,SZL181,启元天使1号私募证券投资基金,SZL181,温州启元资管,,2023-03-03,2023-03-03,华鑫证券有限责任公司,,,否,,,,,,,0,,,,,20-50亿元,P1012870
团队跟踪,元图中证500指数增强1号,SZL213,元图中证500指数增强1号私募证券投资基金,SZL213,上海元图,,2023-02-24,2023-03-03,招商证券股份有限公司,王桢、姚沙,每周最后一个交易日,否,,10万元起,0%,,无,,0.01,,0.015%,0.015%,单笔份额高水位净值法，赎回、分红、清算日计提，对基金资产增值部分按18%比例进行计提,20-50亿元,P1074338
团队跟踪,博孚利诺信一号私募证券投资基金,SZL348,博孚利诺信一号私募证券投资基金,SZL348,厦门博孚利资管,,2023-03-01,2023-03-06,华泰证券股份有限公司,,每周的第1、3、5个工作日,可临开赎回,0%,不低于1万元,持有期小于365天，赎回费率为1%；持有期大于等于365天，赎回费率为0%,0.99,6个月,0.96,0.002,,0.015%,0.015%,不计提,50-100亿元,P1023120
团队跟踪,达奇投资瞬生聚配1号,SZL374,达奇投资瞬生聚配1号私募证券投资基金,SZL374,深圳达奇投资,,2023-02-21,2023-02-24,招商证券股份有限公司,,,否,,,,,,,0,,,,,0-5亿元,P1069838
团队跟踪,象限金选CTA7号私募证券投资基金,SZL446,象限金选CTA7号私募证券投资基金,SZL446,上海象限资管,,2023-03-21,2023-03-21,国泰君安证券股份有限公司,,,否,,,,,,,0,,,,,50-100亿元,P1015598
团队跟踪,珠池仁合16号私募证券投资基金,SZL595,珠池仁合16号私募证券投资基金,SZL595,上海珠池资管,,2023-02-22,2023-02-22,广发证券股份有限公司,,每周周二、周三、周四、周五,否,0.8%,1万元起,0%,,,,0.005,,0.05%,0.05%,不计提业绩报酬,50-100亿元,P1014451
团队跟踪,嘉策财富二号私募证券投资基金,SZL616,嘉策财富二号私募证券投资基金,SZL616,上海嘉策百煅,,2023-02-22,2023-03-01,华泰证券股份有限公司,,每个交易日,否,0%,,0%,0.9,无,0.85,0,,0.01%,0.01%,"A类份额：0%
B类份额：50%",5-10亿元,P1073834
团队跟踪,哲石塔尖衍选私募证券投资基金,SZL976,哲石塔尖衍选私募证券投资基金,SZL976,杭州哲石,,2023-04-04,2023-04-10,中信证券股份有限公司,,每个工作日,否,0,,0,,,,0.01,,0.01,,R = [（P1-P0）÷P0x] ×（365÷T）×100%,10-20亿元,P1034136
团队跟踪,慧创嘉兴一号私募证券投资基金,SZM041,慧创嘉兴一号私募证券投资基金,SZM041,杭州慧创投资,,2023-02-23,2023-02-23,广发证券股份有限公司,,每周的周一、周二、周三、周五,否,1%,1万元起,持有期小于180天，赎回费率为1%；持有期大等于180天，赎回费率为0%,0.9,,0.8,0.015,A类份额：1.5%，B类份额：1%,0.015% ,0.015% ,"单客户单笔份额高水位法: 业绩报酬提取时点分为固定时点提取、赎回时提取、分红时提取和合同终止时提取。
针对每个投资者单笔参与份额，在业绩报酬计提日对每笔份额的份额累计净值超过历史计提日最高份额累计净值部分，根据一定的比例计提业绩报酬，提取比例 R=【20】%。",0-5亿元,P1005233
团队跟踪,博孚利迈达斯中证1000指数增强1号,SZM046,博孚利迈达斯中证1000指数增强1号私募证券投资基金,SZM046,厦门博孚利资管,,2023-03-08,2023-03-14,国泰君安证券股份有限公司,,每个交易日,否,1%,1万元起,持有期小于 90 天，赎回费率为2%；持有期大等于90天，赎回费率为0%,,无,,0.01,,0.015%,0.015%,计提基准为：0%（期间中证1000指数年化收益率），对超出业绩报酬计提基准的持有期差额收益按 20%比例进行计提。,50-100亿元,P1023120
团队跟踪,锐天核心21号私募证券投资基金,SZM193,锐天核心21号私募证券投资基金,SZM193,上海锐天投资,,2023-03-02,2023-03-09,中信证券股份有限公司,,每个交易日,可临开赎回,0,,0,0.7,无,0.6,0.01,,,,"业绩报酬计提方法：单人单笔高水位法管理费率年费率1%
业绩报酬计提比例：25%（相对中证500超额计提）",100亿元以上,P1024169
团队跟踪,元图中性1号,SZM232,元图中性1号私募证券投资基金,SZM232,上海元图,,2023-02-24,2023-03-02,国泰君安证券股份有限公司,王桢、姚沙,每周最后一个交易日,否,0%,,1%,0.85,无,0.8,0.01,,0.01%,0.01%,单个投资者单笔高水位净值法，对超过上次成功计提基准日基金份额累计净值部分按20%比例进行计提,20-50亿元,P1074338
团队跟踪,深度梦扬量化1号私募证券投资基金,SZM348,深度梦扬量化1号私募证券投资基金,SZM348,杭州深度资管,,2023-02-28,2023-03-03,中信证券股份有限公司,,每周周一、周三和周五,否,0%,无,0%,0.9,无,0.88,0.015,,0.01%,0.01%,"R≤5%，计提0%；
 R>5%，计提60%。",10-20亿元,P1065452
团队跟踪,杭州波粒二象春风13号私募证券投资基金,SZM368,杭州波粒二象春风13号私募证券投资基金,SZM368,杭州波粒二象,,2023-03-21,2023-03-24,海通证券股份有限公司,,,否,,,,,,,0,,,,,10-20亿元,P1066784
团队跟踪,物朴建瓴二号私募证券投资基金,SZM645,物朴建瓴二号私募证券投资基金,SZM645,上海物朴资管,,2023-03-07,2023-03-10,海通证券股份有限公司,,,否,,,,,,,0,,,,,10-20亿元,P1015034
团队跟踪,旭诺笃行致远1号私募证券投资基金,SZM853,旭诺笃行致远1号私募证券投资基金,SZM853,上海旭诺资管,,2023-03-28,2023-04-18,国泰君安证券股份有限公司,,每周周三,否,1%,10万元起,1%（可免）,0.85,无,0.75,0.015,,0.015%,0.015%,20%,10-20亿元,P1002888
团队跟踪,卓识信远中证500指数增强十三号私募证券投资基金,SZM894,卓识信远中证500指数增强十三号私募证券投资基金,SZM894,北京卓识,,2023-03-08,2023-03-14,中信证券股份有限公司,,,否,,,,,,,0,,,,,100亿元以上,P1063264
团队跟踪,禅龙全天候复合策略低波1号私募证券投资基金,SZN092,禅龙全天候复合策略低波1号私募证券投资基金,SZN092,上海禅龙资管,,2023-03-08,2023-03-20,国泰君安证券股份有限公司,杨子博,每个交易日可申购、每月倒数第1/2/3个交易日可赎回,否,,,90天内0.5%,0.93,,0.9,0.01,,,,5以上20%,50-100亿元,P1015508
团队跟踪,开思金选港股通1号私募证券投资基金,SZN148,开思金选港股通1号私募证券投资基金,SZN148,上海开思,,2023-03-09,2023-03-10,招商证券股份有限公司,,,否,,,,,,,0,,,,,100亿元以上,P1032176
团队跟踪,瑷尔德润禾2号私募证券投资基金,SZN161,瑷尔德润禾2号私募证券投资基金,SZN161,浙江瑷尔德投资,,2023-03-09,2023-03-15,华泰证券股份有限公司,,,否,,,,,,,0,,,,,5-10亿元,P1025781
团队跟踪,量道悦享1号私募证券投资基金,SZN178,量道悦享1号私募证券投资基金,SZN178,深圳量道投资,,2023-03-02,2023-03-02,兴业证券股份有限公司,,每周周一、周三、周五（遇节假日则顺延至下一交易日）,否,A类份额:1%，B类份额:0%。,1 万元的整数倍,A类份额：持有期小于90天，赎回费率为0.2%；持有期大等于90天，赎回费率为0%。B类份额：0%。,0.96,无,0.95,0.015,A类份额:1.50%，B类份额:0%。 A类份额：除B类基金份额持有人外的其他外部投资者。 B类份额：管理人、管理人内部员工以及管理人发行的产品。,0.015%/年,0.015%/年,"A类份额：
1）计提方式：单个投资者单笔高水位净值法。
2）计提时点：投资者赎回日、分红权益登记日、基金清算日、固定结算日（每年12月最后一个交易日）。
3）计提比例：20%。
B类份额：不计提业绩报酬。",100亿元以上,P1016658
团队跟踪,善择安鑫八号私募证券投资基金,SZN227,善择安鑫八号私募证券投资基金,SZN227,深圳善择,,2023-03-02,2023-03-23,招商证券股份有限公司,,每周二开放申购，每月第三个周二开放赎回。,否,0%,不低于1万元,0.008,,180天,,0.01,1.2%+0.5%,0.0125%,0.0125%,5%以上计提30%,50-100亿元,P1073481
团队跟踪,善思精致7号私募证券投资基金,SZN405,善思精致7号私募证券投资基金,SZN405,新余善思投资,,2023-03-22,2023-04-03,国泰君安证券股份有限公司,,,否,,,,,,,0,,,,,10-20亿元,P1018739
团队跟踪,箐安高斯1号私募证券投资基金,SZN546,箐安高斯1号私募证券投资基金,SZN546,上海箐安投资,,2023-03-10,2023-03-10,兴业证券股份有限公司,杨克砚,,否,,,,,,,0,,,,,5-10亿元,P1064545
团队跟踪,联海宏观量化配置1号私募证券投资基金,SZN588,联海宏观量化配置1号私募证券投资基金,SZN588,北京星鹏联海,,2024-05-30,2024-06-20,中信建投证券股份有限公司,,,否,,,,,,,0,,,,,20-50亿元,P1034351
团队跟踪,亿峰精选多策略十八号,SZN623,亿峰精选多策略十八号私募证券投资基金,SZN623,珠海横琴亿峰,,2023-03-27,2023-04-06,国泰君安证券股份有限公司,,每周周一,可临开赎回,0%,,持有期小于180日，赎回费率为1%；持有期大等于180日，赎回费率为0%,0.75,无,0.7,0.01,,0.03%,0.03%,对超过上次成功计提基准日基金份额累计净值部分按20%比例进行计提,5-10亿元,P1067768
团队跟踪,顺义成启航1号,SZN706,顺义成启航1号私募证券投资基金,SZN706,陕西顺义成投资,,2023-03-10,2023-03-17,广发证券股份有限公司,程晓玮,申购开放日为每个交易日，赎回开放日为每周周二,否,0%,1万元整数倍,0%,,,,0.01,,0.025%,0.025%,在业绩报酬计提日管理人根据基金份额投资人的期间实际收益率（r），对该笔份额相对于同期中证1000指数（000852）所产生的增盈收益按18%比例收取业绩报酬，但最高不超过该笔份额同期实际收益。,5-10亿元,P1064558
团队跟踪,睿量智行2号私募证券投资基金,SZN726,睿量智行2号私募证券投资基金,SZN726,上海睿量,,2023-03-08,2023-03-14,华泰证券股份有限公司,,每个交易日,否,1%,1万的整数倍递增,持有期小于180天，赎回费率为1%；持有期大等于180天，赎回费率为0%,,,,0.01,,0.01%,0.01%,"业绩报酬计提方式：单人单笔高水位法；
业绩报酬计提比例：R＞0%计提25%；
计提日：每年6月、12月最后一个交易日",100亿元以上,P1073883
团队跟踪,联海经纬1号,SZN799,联海经纬1号私募证券投资基金,SZN799,北京星鹏联海,,2023-03-09,2023-03-17,招商证券股份有限公司,周清、王晶晶,,可临开申购,,,,,,,0,,,,,20-50亿元,P1034351
团队跟踪,宁波溢锋闪闪十号,SZN832,宁波溢锋闪闪十号私募证券投资基金,SZN832,宁波溢锋,,2023-03-29,2023-04-20,中信证券股份有限公司,项永杰,每日申赎,否,0,,0%,,无,,0.01,,0.2,0.2,采用“单人单笔份额高水位法”计提业绩报酬，即对投资者不同时间参与本基金的每笔份额分别计算高出高水位线的收益部分计提业绩报酬。业绩报酬的提取比例为30%本基金在【收益分配、份额赎回和基金终止】时提取业绩报酬,10-20亿元,P1063867
团队跟踪,康睿德塔量化选股灵活对冲1号私募证券基金,SZN920,康睿德塔量化选股灵活对冲1号私募证券基金,SZN920,佛山康睿,,2023-04-11,2023-04-20,国投证券股份有限公司,钱玥、杨阳,,否,,,,,,,0.01,,,,20%,0-5亿元,P1072339
团队跟踪,智领共享8号,SZP017,智领共享8号私募证券投资基金,SZP017,福州智领三联,,2023-04-04,2023-04-12,招商证券股份有限公司,,每个工作日,否,1%,1万元,1%,0.95,无,0.92,0.01,,0.025%,0.025%,在赎回、本基金终止或分红时提取业绩报酬，间隔时间不少于3个月。收益分配方案由基金管理人拟定。,20-50亿元,P1033867
团队跟踪,古木东升1号私募证券投资基金,SZP194,古木东升1号私募证券投资基金,SZP194,上海古木投资,,2023-04-07,2023-04-12,国泰君安证券股份有限公司,,基金成立之后的每个交易日。,否,本基金申购费率为1%。,10000,本基金份额持有期低于365天（不含）的赎回费率为1%，基金份额持有期在365天及以上的赎回费率为0%。,0.9,不设置,0.85,0,,0.02%,0.02%,"(1)业绩报酬的计提基准日：投资者赎回日、分红权益登记日、基金清算日。本基金连续两次成功计提业绩报酬基准日的间隔不应短于3个月，投资者赎回日、基金清算日以及合同约定的其他业绩报酬计提基准日遇非交易日顺延的情况除外。
(2)业绩报酬的计算：业绩报酬的计算采用单个投资者单笔高水位净值法，即基金份额持有人的每笔基金份额或赎回份额累计净值大于上次成功计提基准日（首次计提时，则为参与日份额累计净值）时，分别计算每笔份额在上一成功计提基准日至本次计提基准日持有期间的基金份额累计净值增长差额，对超过上次成功计提基准日基金份额累计净值部分按20%比例进行计提。",20-50亿元,P1000891
团队跟踪,茂源量化选股8号1期私募证券投资基金,SZP318,茂源量化选股8号1期私募证券投资基金,SZP318,海南茂源量化,,2023-06-27,2023-07-05,国泰君安证券股份有限公司,,,否,,,,,,,0,,,,,100亿元以上,P1061840
团队跟踪,弘悦晟泽一号私募证券投资基金,SZP347,弘悦晟泽一号私募证券投资基金,SZP347,浙江弘悦,,2023-03-16,2023-03-23,中信建投证券股份有限公司,,,否,,,,,,,0,,,,,20-50亿元,P1064602
团队跟踪,磐松微盘股指数增强进取1号,SZP405,磐松微盘股指数增强进取1号私募证券投资基金,SZP405,上海磐松,,2023-03-10,2023-03-16,国泰君安证券股份有限公司,,每个交易日,否,0%,,,,无,,0,,,,超额收益提取20%,100亿元以上,P1074204
团队跟踪,锦徽乐山1号私募证券投资基金,SZP698,锦徽乐山1号私募证券投资基金,SZP698,上海锦徽,,2023-03-14,2023-03-17,华泰证券股份有限公司,,每个工作日,否,0%,1万元起,持有期小于365天，赎回费率为1%；持有期大等于365天，赎回费率为0%,0.85,无,0.75,0.01,1%,0.015%,0.015%,20%,5-10亿元,P1074392
团队跟踪,弦高东高9号,SZP796,弦高东高9号私募证券投资基金,SZP796,苏州弦高资管,,2023-03-20,2023-03-24,国泰君安证券股份有限公司,,,否,,,,,,,0,,,,,0-5亿元,P1023487
团队跟踪,涵德中证1000指数增强1号,SZP842,涵德中证1000指数增强1号私募证券投资基金,SZP842,北京涵德投资,,2023-03-17,2023-03-23,国泰君安证券股份有限公司,,,否,,,,,,,0,,,,,50-100亿元,P1001739
团队跟踪,米纳1000指数增强1号私募证券投资基金,SZP897,米纳1000指数增强1号私募证券投资基金,SZP897,横琴米纳资管,,2023-03-15,2023-03-24,国信证券股份有限公司,,每自然月第10个自然日为开放日。如该对应日为非工作日，则开放日为该日后的第一个工作日。,可临开申购,B类份额：0,每次追加申购的最低金额为10万元人民币。,0,0.8,成立后180天（已结束）。,0.75,0.015,B类份额：0.5%/年,0.025%/年,0.025%/年,"B类份额：单人单笔高水位法，针对收益0%以上的部分计提10%业绩报酬
本基金业绩报酬计提日为：封闭期过后，每年1月及7月的最后一个交易日，基金份额持有人实际赎回基金份额时（包含全部赎回，部分赎回）、基金终止日。",0-5亿元,P1069406
团队跟踪,毅润恒升二号私募证券投资基金,SZP934,毅润恒升二号私募证券投资基金,SZP934,晋江毅润,,2023-04-06,2023-04-11,兴业证券股份有限公司,,申购开放日为每个交易日，赎回开放日为每个自然月度第七个交易日,否,1%,,持有期小于365天，赎回费率为 2%；持有期大等于365 天， 赎回费率为0%,0.95,,0.9,0.01,,0.025％,0.025％,"对单笔投资超过上次计提日最高基金份额累计净值部分按如下的比例20%进行计提。
计提基准日：份额持有人赎回申请日、基金清算日、财产分配权益登记日。",0-5亿元,P1072149
团队跟踪,幂数富饶套利3号,SZP941,幂数富饶套利3号私募证券投资基金,SZP941,上海幂数资管,,2023-03-17,2023-03-22,国泰君安证券股份有限公司,陈炮、徐富凯,每个交易日,否,0%,,0%,0.97,无,0.95,0.01,,0.01%,0.01%,"采用单个投资者单笔投资年化收益差额法分段计提；年化收益小于20%时计提20%，高于20%的部分计提30%。
计提基准日：除息日（若有）、赎回申请日和基金终止日。",0-5亿元,P1064158
团队跟踪,汇富鹏祥超越1号,SZQ130,汇富鹏祥超越1号私募证券投资基金,SZQ130,北京领航超越,,2023-04-12,2023-04-18,兴业证券股份有限公司,,,否,,,,,,,0,,,,,0-5亿元,P1006156
团队跟踪,满风积分4号中证1000指数增强,SZQ149,满风积分4号中证1000指数增强私募证券投资基金,SZQ149,上海满风资管,,2023-03-24,2023-04-03,华鑫证券有限责任公司,,,否,,,,,,,0,,,,,5-10亿元,P1015262
团队跟踪,德贝日选中证500指数增强1号,SZQ158,德贝日选中证500指数增强1号私募证券投资基金,SZQ158,上海德贝,,2023-03-13,2023-03-16,招商证券股份有限公司,马俊,,否,,,,,,,0,,,,,100亿元以上,P1071472
团队跟踪,蝶威北证增强1号私募证券投资基金,SZQ246,蝶威北证增强1号私募证券投资基金,SZQ246,上海蝶威,,2023-08-03,2023-09-04,海通证券股份有限公司,,,否,,,,,,,0,,,,,10-20亿元,P1070101
团队跟踪,均成CTA稳健6号私募证券投资基金,SZQ347,均成CTA稳健6号私募证券投资基金,SZQ347,广东横琴均成,,2023-04-13,2023-04-20,国投证券股份有限公司,,,否,,,,,,,0,,,,,50-100亿元,P1061222
团队跟踪,磐松核心资产指数增强1号私募证券投资基金,SZQ366,磐松核心资产指数增强1号私募证券投资基金,SZQ366,上海磐松,,2023-03-24,2023-03-29,华泰证券股份有限公司,,每个交易日,否,0%,5万,持有期小于90天，赎回费率为1%；持有期大等于90天但小于180天，赎回费率为0.5%；持有期大等于180天但小于365天，赎回费率为0.25%；持有期大等于365天，赎回费率为0%,,无,,0.012,,0.02%,0.02%,不计提业绩报酬,100亿元以上,P1074204
团队跟踪,璞成稳增一号私募证券投资基金,SZQ546,璞成稳增一号私募证券投资基金,SZQ546,海南璞成,,2023-03-14,2023-03-17,中信证券股份有限公司,,,否,,,,,,,0,,,,,5-10亿元,P1073879
团队跟踪,盛丰汇富1号私募证券投资基金,SZQ564,盛丰汇富1号私募证券投资基金,SZQ564,海南盛丰,,2023-04-06,2023-04-11,广发证券股份有限公司,,每自然月第10个自然日为开放日。如该对应日为非工作日，则开放日为该日后的第一个工作日。,可临开申购,B类份额：0,每次追加申购的最低金额为10万元人民币。,0,0.8,成立后180天（已结束）。,0.75,0,B类份额：0.5%/年,0.025%/年,0.025%/年,"B类份额：单人单笔高水位法，针对收益0%以上的部分计提10%业绩报酬
本基金业绩报酬计提日为：封闭期过后，每年1月及7月的最后一个交易日，基金份额持有人实际赎回基金份额时（包含全部赎回，部分赎回）、基金终止日。",100亿元以上,P1073590
团队跟踪,博孚利瑞盈多策略6号,SZQ565,博孚利瑞盈多策略6号私募证券投资基金,SZQ565,厦门博孚利资管,,2023-03-24,2023-03-29,中信证券股份有限公司,,每个工作日,可临开赎回,1%,不低于1万,持有期小于180天，赎回费率为1%；持有期大等于180天，赎回费率为0%,,无,,0.01,,0.0075%,0.0075%,按高水位15%计提,50-100亿元,P1023120
团队跟踪,博孚利恒心基石家族私募证券投资基金,SZQ582,博孚利恒心基石家族私募证券投资基金,SZQ582,厦门博孚利资管,,2023-03-22,2023-03-28,招商证券股份有限公司,,每周一、周三（遇非顺延），赎回开放日为每自然季度的最后一个工作日,否,0%,1万元起,0%,0.85,无,0.8,0.01,,0.015%,0.015%,高水位法，计提绝对收益的10%,50-100亿元,P1023120
团队跟踪,锦徽中性1号私募证券投资基金,SZQ723,锦徽中性1号私募证券投资基金,SZQ723,上海锦徽,,2023-03-17,2023-03-23,华泰证券股份有限公司,王振荣、白青,每周周一、周三和周五,否,0%,1万元,0%,0.85,无,0.75,0.015,,0.015%,0.015%,20%,5-10亿元,P1074392
团队跟踪,铭宬鑫科500指增1号私募证券投资基金,SZQ800,铭宬鑫科500指增1号私募证券投资基金,SZQ800,山东铭宬,,2023-03-22,2023-03-27,华鑫证券有限责任公司,,每个交易日,否,,,,,,,0.001,,0.025%,0.025%,赎回时、固定时间节点（每季度）、产品终止时，收益率为正且超过【β+4.75%】以上计提40%,0-5亿元,P1072849
团队跟踪,善道全时对冲1号私募证券投资基金,SZQ945,善道全时对冲1号私募证券投资基金,SZQ945,深圳善道投资,,2023-03-22,2023-03-27,招商证券股份有限公司,,每周最后一个工作日、每年最后一个工作日,否,1%,,0%,,,,0.01,销售服务费：A类份额：0.5%，B类份额：0%, 0.04%, 0.04%,"A类份额：20%，B类份额：16%
业绩计提日：在每自然年最后一个工作日，但对于锁定期（每笔份额自认/申购起 3 个月不允许赎回, 每月按 30 个自然日计算）的份额不计提业绩报酬。",0-5亿元,P1064152
团队跟踪,涌涵伏枥一号私募证券投资基金,SZQ956,涌涵伏枥一号私募证券投资基金,SZQ956,上海涌涵,,2023-03-23,2023-04-03,招商证券股份有限公司,,每周周五,否,0%,1万元起,0%,0.85,,0.8,0.01,,0.01%,0.01%,当 R>0％时，对超过 0%的收益部分提取 20%的业绩报酬,5-10亿元,P1072760
团队跟踪,量道行远1号私募证券投资基金,SZR021,量道行远1号私募证券投资基金,SZR021,深圳量道投资,,2023-03-21,2023-03-22,中信证券股份有限公司,,每周周一、周三、周五,否,A类份额：1%，B类份额： 0%,1万元起,A类份额：1%，B类份额： 0%,,无,,0.01,A类份额：1%，B类份额： 0%,0.015%,0.015%,"A类份额：采用单个投资者单笔高水位净值法，计提比例25%。B类份额不计提业绩报酬。
计提时点：赎回日、基金终止日、分红日、固定结算日（每年12月第4个周五）",100亿元以上,P1016658
团队跟踪,每利-蓝天AI中性策略三号,SZR051,每利-蓝天AI中性策略三号私募证券投资基金,SZR051,北京每利投资,,2023-03-23,2023-04-03,华泰证券股份有限公司,,,否,,,,,,,0,,,,,0-5亿元,P1014611
团队跟踪,立心润波稳健1号私募证券投资基金,SZR217,立心润波稳健1号私募证券投资基金,SZR217,青岛立心,,2023-03-23,2023-04-06,国泰君安证券股份有限公司,朱博,,否,,,,,,,0,,,,,20-50亿元,P1066776
团队跟踪,通怡元和对冲13号私募证券投资基金,SZR235,通怡元和对冲13号私募证券投资基金,SZR235,上海通怡投资,,2023-04-04,2023-04-14,华泰证券股份有限公司,,,否,,,,,,,0,,,,,50-100亿元,P1032800
团队跟踪,绰瑞飞余2号私募证券投资基金,SZR238,绰瑞飞余2号私募证券投资基金,SZR238,上海绰瑞,,2023-03-21,2023-03-21,中信证券股份有限公司,,每月1号、每周周一,否,0%,,0%,0.9,,0.85,0.01,A类份额：1%，B类份额：0%,,0.02%,"A类份额：提取比例（Y）为20%。
B类份额：不计提业绩报酬。
计提基准日：固定计提基准日（封闭期结束后的每年3月、6月、9月、12月的1号）、该类份额的除息日、赎回申请日和基金终止日。",10-20亿元,P1006129
团队跟踪,博孚利明远1号私募证券投资基金,SZR292,博孚利明远1号私募证券投资基金,SZR292,厦门博孚利资管,,2023-04-18,2023-04-21,长城证券股份有限公司,,每日开放,否,0%,1万元,持有期小于180天，赎回费率为1%；持有期大等于180天，赎回费率为0%,0.95,无,0.92,0.01,,0.02%，保底0.2万,0.02%，保底0.2万,高水位法，计提绝对收益的18%,50-100亿元,P1023120
团队跟踪,香农进取一号私募证券投资基金,SZR561,香农进取一号私募证券投资基金,SZR561,海南三亚香农,,2023-03-23,2023-03-29,国信证券股份有限公司,,,否,,,,,,,0,,,,,20-50亿元,P1072386
团队跟踪,圆澄致远私募证券投资基金,SZR690,圆澄致远私募证券投资基金,SZR690,广东圆澄,,2023-04-20,2023-04-24,广发证券股份有限公司,王剑雨,,否,,,,,,,0,,,,,0-5亿元,P1069752
团队跟踪,瞰点瞰海1号私募证券投资基金,SZR691,瞰点瞰海1号私募证券投资基金,SZR691,海南瞰点,,2023-04-13,2023-04-18,中信建投证券股份有限公司,梁宇奇,每自然月第10个自然日为开放日。如该对应日为非工作日，则开放日为该日后的第一个工作日。,可临开申购,B类份额：0,每次追加申购的最低金额为10万元人民币。,0,0.8,成立后180天（已结束）。,0.75,0.01,B类份额：0.5%/年,0.025%/年,0.025%/年,"B类份额：单人单笔高水位法，针对收益0%以上的部分计提10%业绩报酬
本基金业绩报酬计提日为：封闭期过后，每年1月及7月的最后一个交易日，基金份额持有人实际赎回基金份额时（包含全部赎回，部分赎回）、基金终止日。",5-10亿元,P1073910
团队跟踪,乐得经源8号,SZR809,乐得经源8号私募证券投资基金,SZR809,深圳乐得,,2023-03-30,2023-04-10,招商证券股份有限公司,吴戈,申购开放日为每周周一、周三和周五，赎回日开放日为每月18号,否,0%,1万元起,0%,0.95,无,0.9,0.01,,0.025%,0.025%,"单客户单笔投资高水位法：20%。
计提基准日：固定时点提取（在每个自然季度首月（即1、4、7、10月）的18号）、赎回时提取和合同终止时提取。",5-10亿元,P1009344
团队跟踪,博斐泓利一号,SZR855,博斐泓利一号私募证券投资基金,SZR855,上海博斐基金,,2023-03-31,2023-04-11,华泰证券股份有限公司,刘锋林,每个交易日,可临开赎回,0%,,持有期小于180天，赎回费率为1%；持有期大等于180天，赎回费率为0%,,无,,0.01,,0.015,0.015%,20%,0-5亿元,P1074219
团队跟踪,泽元通宝聚配专享1号,SZR896,泽元通宝聚配专享1号私募证券投资基金,SZR896,广州泽元,,2023-03-30,2023-04-04,华泰证券股份有限公司,,,否,,,,,,,0,,,,,20-50亿元,P1005795
团队跟踪,艮岳朝乾2号,SZR924,艮岳朝乾2号私募证券投资基金,SZR924,杭州艮岳,,2023-03-27,2023-03-27,中信证券股份有限公司,,每个自然周的最后一个工作日,可临开赎回,0.01,,0,0.7,无,0.6,0,,0.00025,0.0250%,对期间实际收益率超过0%以上部分按照20%的比例收取业绩报酬。,20-50亿元,P1032168
团队跟踪,岚湖丰泽2号,SZR941,岚湖丰泽2号私募证券投资基金,SZR941,岚湖基金,,2023-03-22,2023-03-28,国泰君安证券股份有限公司,,申购开放日为每个交易日，赎回开放日为每月15日、16日,否,1%,,0%,,无,,0.012,A类份额：1.2%，B类份额：0.8%,0.025%,0.025%,"A类份额：计提基准：5.5%，计提比例：20%。
B类份额：计提基准：5.5%；计提比例：18%；",50-100亿元,P1072875
团队跟踪,佳岳-实投聚配3号,SZR997,佳岳-实投聚配3号私募证券投资基金,SZR997,海南佳岳,,2023-04-12,2023-04-19,招商证券股份有限公司,,每个工作日,否,1%,1万元起,A类份额：持有期小于6个月，赎回费率为1%；持有期大等于6个月，赎回费率为 0%；赎回费归基金资产。B类份额：0%,0.55,无,0.5,0.01,A类份额：1%，B类份额：0%,0.015%,0.015%,A类份额：业绩报酬的计算采用单个投资者单笔高水位净值法。赎回、分红、清算日计提比例20%。B类份额：0%,20-50亿元,P1064142
团队跟踪,博孚利白塘秋月私募证券投资基金,SZS116,博孚利白塘秋月私募证券投资基金,SZS116,厦门博孚利资管,,2023-03-24,2023-03-30,国泰君安证券股份有限公司,,每个工作日,否,0%,1万元起,0%,,无,,0.01,,0.015%,0.015%,门槛收益率法，年化30%以上计提60%,50-100亿元,P1023120
团队跟踪,鸣熙天玑中证1000指数增强1号,SZS158,鸣熙天玑中证1000指数增强1号私募证券投资基金,SZS158,上海鸣熙资管,,2023-04-03,2023-04-07,财通证券股份有限公司,,,否,,,,,,,0,,,,,100亿元以上,P1033450
团队跟踪,嘉合杉升阿尔法一号,SZS184,嘉合杉升阿尔法一号私募证券投资基金,SZS184,杭州嘉合杉升,,2023-04-04,2023-04-10,国泰君安证券股份有限公司,董桓锋,每自然月第10个自然日为开放日。如该对应日为非工作日，则开放日为该日后的第一个工作日。,可临开申购,B类份额：0,每次追加申购的最低金额为10万元人民币。,0,0.8,成立后180天（已结束）。,0.75,0.01,B类份额：0.5%/年,0.025%/年,0.025%/年,"B类份额：单人单笔高水位法，针对收益0%以上的部分计提10%业绩报酬
本基金业绩报酬计提日为：封闭期过后，每年1月及7月的最后一个交易日，基金份额持有人实际赎回基金份额时（包含全部赎回，部分赎回）、基金终止日。",20-50亿元,P1074390
团队跟踪,澜熙星汉1号私募证券投资基金,SZS273,澜熙星汉1号私募证券投资基金,SZS273,上海澜熙资管,,2023-04-10,2023-04-13,国泰君安证券股份有限公司,,,否,,,,,,,0,,,,,5-10亿元,P1062538
团队跟踪,山海曦和私募证券投资基金,SZS447,山海曦和私募证券投资基金,SZS447,海南山海,,2023-07-26,2023-08-07,招商证券股份有限公司,,每周周一、周三,可临开赎回,0%,,0%,0.85,,0.8,0.01,"A类份额：1%，B类,份额：0%",0.01%,0.01%,"A类份额：20%，B类,份额：0%",5-10亿元,P1073708
团队跟踪,山海初旭私募证券投资基金,SZS453,山海初旭私募证券投资基金,SZS453,海南山海,,2023-04-06,2023-04-11,招商证券股份有限公司,史腾飞、高艳滨、贾子岳,,否,,,,,,,0,,,,,5-10亿元,P1073708
团队跟踪,山海白驹私募证券投资基金,SZS454,山海白驹私募证券投资基金,SZS454,海南山海,,2023-04-06,2023-04-11,招商证券股份有限公司,史腾飞、高艳滨、贾子岳,,否,,,,,,,0,,,,,5-10亿元,P1073708
团队跟踪,山海晷景私募证券投资基金,SZS455,山海晷景私募证券投资基金,SZS455,海南山海,,2023-04-18,2023-04-21,招商证券股份有限公司,史腾飞、高艳滨、贾子岳,,否,,,,,,,0,,,,,5-10亿元,P1073708
团队跟踪,森恩临界私募证券投资基金,SZS478,森恩临界私募证券投资基金,SZS478,上海森恩资管,,2023-09-19,2023-11-17,国泰君安证券股份有限公司,,,否,,,,,,,0,,,,,0-5亿元,P1033648
团队跟踪,山信知章二号私募证券投资基金,SZS492,山信知章二号私募证券投资基金,SZS492,杭州萧山山信,,2023-04-10,2023-04-13,招商证券股份有限公司,,每月5号,否,0%,,0%,0.85,,0.8,0.015,A类份额：1.5%，B类份额；0%,0.025%,0.025%,"A类份额：份额赎回、基金终止或分红时，赎回份额或分红份额当期收益低于 30%（含），管理人提取 20%作为业绩报酬；赎回份额或分红份额当期收益高于 30%（不含），管理人提取 0%-30%收益 20%以及超过 30%收益部分提取 25%作为业绩报酬。
B类份额；0%",10-20亿元,P1072086
团队跟踪,量道玉衡1号私募证券投资基金,SZS493,量道玉衡1号私募证券投资基金,SZS493,深圳量道投资,,2024-01-16,2024-01-19,华泰证券股份有限公司,,每周周一、周三为固定开放日（遇节假日则顺延至下一交易日）,否,0%,1万元的整数倍,0%,,无,,0.01,1%年化，每日计提，按季支付，每年保底10万元。,0.015％/年,0.015％/年,"1）采用单个投资者单笔投资年化收益差额法计提；
2）在投资者赎回日、分红权益登记日、基金清算日计提，计提比例60%；
3）本基金业绩报酬计提基准=基金份额持有人持有期间年化收益率30%；
4）具体计算方式详见本基金合同。",100亿元以上,P1016658
团队跟踪,满风积分5号私募证券投资基金,SZS521,满风积分5号私募证券投资基金,SZS521,上海满风资管,,2023-04-24,2023-04-27,华福证券股份有限公司,,,否,,,,,,,0,,,,,10-20亿元,P1015262
团队跟踪,正定进取10号,SZS596,正定进取10号私募证券投资基金,SZS596,北京正定,,2023-03-27,2023-03-31,中信证券股份有限公司,蒋林浩,申购开放日为每周周二和周四，赎回开放日为每周周二,否,1%,,0%,0.6,,0.5,0.02,2%,0.015%,0.015%,"20%。
计提基准日：除息日（若有）、赎回申请日和基金终止日。业绩报酬计提日为分红确认日（若有）、赎回确认日和基金终止确认日。",100亿元以上,P1073791
团队跟踪,若川股指量化对冲私募证券投资基金,SZS627,若川股指量化对冲私募证券投资基金,SZS627,上海若川资管,,2023-03-23,2023-03-28,招商证券股份有限公司,,,否,,,,,,,0,,,,,0-5亿元,P1064568
团队跟踪,德合南岳量化一号私募证券投资基金,SZS755,德合南岳量化一号私募证券投资基金,SZS755,武汉德合,,2023-04-10,2023-04-13,中信证券股份有限公司,,,否,,,,,,,0,,,,,10-20亿元,P1074387
团队跟踪,草本优益9号,SZS775,草本优益9号私募证券投资基金,SZS775,广州草本投资,,2023-05-16,2023-05-16,华泰证券股份有限公司,,本基金的申赎开放日为每周周一，遇非工作日顺延。,否,1%，申购费用（如有）均归基金募集机构所有，募集机构有权减免。,每次申购的金额应不低于10万元人民币（不含申购费（如有））,"持有天数（天）	赎回费率
 【0】天-【365】天	【1】 %
 【365】天（含）以上	【0】 %，赎回费用（如有）均归基金募集机构所有，募集机构有权减免。",0.85,无,0.8,0.01,1.00%,0.02%,0.02%,单个投资者单份额高水位法，在基金收益分配、基金份额持有人赎回基金或者基金终止时进行业绩报酬的提取。业绩报酬提取比例为20%,20-50亿元,P1013786
团队跟踪,子午中性十六号私募证券投资基金,SZS966,子午中性十六号私募证券投资基金,SZS966,上海子午投资,,2023-06-28,2023-07-07,广发证券股份有限公司,,,否,,,,,,,0,,,,,100亿元以上,P1010078
团队跟踪,泰德量化对冲12号私募证券投资基金,SZT086,泰德量化对冲12号私募证券投资基金,SZT086,深圳泰德嘉禾投资,,2023-04-11,2023-04-12,广发证券股份有限公司,,,否,,,,,,,0,,,,,0-5亿元,P1010049
团队跟踪,澜熙共富1号私募证券投资基金,SZT163,澜熙共富1号私募证券投资基金,SZT163,上海澜熙资管,,2023-04-06,2023-04-11,国泰君安证券股份有限公司,,,否,,,,,,,0,,,,,5-10亿元,P1062538
团队跟踪,秉昊-嘉越稳健1号,SZT221,秉昊-嘉越稳健1号私募证券投资基金,SZT221,上海秉昊,,2023-03-30,2023-04-04,中信证券股份有限公司,,每周周四、周五,否,0%,,0%,,,,0.01,A类份额：0.1%；，B类份额：1%,年化0.01%（每日计提，按季支付）,年化0.01%（每日计提，按季支付）,本基金仅针对B类份额计提业绩报酬，A类份额不计提业绩报酬。管理人将根据委托人每笔投资的期间年化收益率（R），对期间年化收益率超过0%以上部分按照20%的比例收取业绩报酬。,20-50亿元,P1060315
团队跟踪,茂源骏马均衡交易1期私募证券投资基金,SZT278,茂源骏马均衡交易1期私募证券投资基金,SZT278,海南茂源量化,,2023-04-24,2023-05-31,国金证券股份有限公司,,申购开放日为每周周五，赎回开放日为每月的 25号,否,1%,1万元起,持有期小于6个月，赎回费率为1%；持有期大等于6个月，赎回费率为0%,,,,0,A类份额：2%，B 类份额：1%，C 类份额：0%,0.025%,0.025%,"A类份额：当 Ri,j＞【0%】时，管理人对期间年化收益率超过【0%】的部分提取【20%】作为业绩报酬；
B类份额：当 Ri,j＞【0%】时，管理人对期间年化收益率超过【0%】的部分提取【18%】作为业绩报酬；
C类份额不收取业绩报酬。",100亿元以上,P1061840
团队跟踪,湘江汇城曙天私募证券投资基金,SZT291,湘江汇城曙天私募证券投资基金,SZT291,湖南湘江汇城,,2023-04-14,2023-04-19,国泰君安证券股份有限公司,,,否,,,,,,,0,,,,,0-5亿元,P1071962
团队跟踪,佑维专享24号,SZT296,佑维专享24号私募证券投资基金,SZT296,北京佑维投资,,2024-04-11,2024-04-17,广发证券股份有限公司,,每周周二、周五,否,0%,1万元起,0%,0.7,,0.65,0.01,, 0.007%, 0.007%,"0≤R＜40%，计提20%；
R≥40%，计提30%",0-5亿元,P1069947
团队跟踪,新湖期货攀登者1号集合资产管理计划,SZT383,新湖期货攀登者1号集合资产管理计划,SZT383,新湖期货,,2023-04-07,2023-04-07,招商证券股份有限公司,,申购开放日为每周周二、周三、周四；赎回开放日为每月1号,否,1%,,持有期小于6个月，赎回费率为1%；持有期大等于6个月，赎回费率为0%,0.92,,0.9,0.01,,0.01%,0.01%,当R>0％时，对超过0%的收益部分提取20%的业绩报酬,,PT0500030378
团队跟踪,量道商品套利5号,SZT563,量道商品套利5号私募证券投资基金,SZT563,深圳量道投资,,2023-04-11,2023-04-12,东方证券股份有限公司,,每个交易日,否,0, 1 万元的整数倍,0,,无,,0.01,,0.02%/年,0.02%/年,"计提方式：单客户单笔份额高水位法。
计提时点：赎回申请日、收益分配登记日、基金终止日。
计提比例：20%。",100亿元以上,P1016658
团队跟踪,博衍九溪CTA1号,SZT587,博衍九溪CTA1号私募证券投资基金,SZT587,杭州博衍,,2023-03-31,2023-04-06,国泰君安证券股份有限公司,,每周最后一个交易日,可临开赎回,0%,,0%,0.75,无,0.7,0.013,A类份额：1.3%，B类份额：0%,0.01%,0.01%,20%,20-50亿元,P1074267
团队跟踪,歆享玉衡一号私募证券投资基金,SZT592,歆享玉衡一号私募证券投资基金,SZT592,上海歆享资管,,2023-03-30,2023-03-30,华泰证券股份有限公司,,,否,,,,,,,0,,,,,5-10亿元,P1004037
团队跟踪,深度成蝶量化1号,SZT643,深度成蝶量化1号私募证券投资基金,SZT643,杭州深度资管,,2023-04-04,2023-04-10,中信证券股份有限公司,,每周一、周三、周五,否,,,180天内1%，180-360天0.5%,,无,,0.01,,,,30%,10-20亿元,P1065452
团队跟踪,领容元婴2号私募证券投资基金,SZT644,领容元婴2号私募证券投资基金,SZT644,上海领容投资,,2023-04-20,2023-06-05,中信证券股份有限公司,,,否,,,,,,,0,,,,,10-20亿元,P1071654
团队跟踪,博孚利鲤城3号私募证券投资基金,SZT662,博孚利鲤城3号私募证券投资基金,SZT662,厦门博孚利资管,,2023-04-04,2023-04-10,国金证券股份有限公司,,每周周一、三、五,否,0%,1 万元起,0%,,,,0.002,,0.025%,0.025%,不计提业绩报酬,50-100亿元,P1023120
团队跟踪,磐松多空对冲4号私募证券投资基金,SZU007,磐松多空对冲4号私募证券投资基金,SZU007,上海磐松,,2023-04-07,2023-04-12,海通证券股份有限公司,张潇、吴确,"每日
（预约赎回T－10）",否,0,,"少于90天，1%
少于180天,0.5%
少于365天,0.25%
归基金",,,,0,,,,20%,100亿元以上,P1074204
团队跟踪,景上源天医平衡,SZU037,景上源天医平衡私募证券投资基金,SZU037,杭州景上源,,2023-03-28,2023-04-04,招商证券股份有限公司,,,否,,,,,,,0,,,,,5-10亿元,P1008209
团队跟踪,锐耐做多波动率1号,SZU058,锐耐做多波动率1号私募证券投资基金,SZU058,上海锐耐,,2023-04-21,2023-04-25,国金证券股份有限公司,,每周周一、周三、周五,否,1%,,360天内（不含）收取2%,,360天,,0.02,,0.025%,0.025%,收益15%归管理人,20-50亿元,P1071795
团队跟踪,唯瞻稳健一号,SZU092,唯瞻稳健一号私募证券投资基金,SZU092,杭州唯瞻,,2023-04-27,2023-05-22,国泰君安证券股份有限公司,,申购开放日为每周周二，赎回开放日为每月10号,否,0%,10万元起,0%,0.85,,0.8,0.01,,,,单笔份额高水位净值法。赎回、分红、清算日计提，计提比例20%,10-20亿元,P1074419
团队跟踪,博孚利衍复指增1号私募证券投资基金,SZU331,博孚利衍复指增1号私募证券投资基金,SZU331,厦门博孚利资管,,2023-04-03,2023-04-07,财通证券股份有限公司,,申购开放日每周周二，赎回开放日每周周三,否,0.5%,1 万元起,持有期小于360天，赎回费率为 1%；持有期大等于360天，赎回费率为0%,0.55,,0.5,0.01,,0.05%,0.02%,不收取业绩报酬,50-100亿元,P1023120
团队跟踪,猎马神灯复合策略1号私募证券投资基金,SZU333,猎马神灯复合策略1号私募证券投资基金,SZU333,江西猎马投资,,2023-04-28,2023-05-17,浙商证券股份有限公司,,每周周三,否,1%,1万元起,持有期小于180 天，赎回费率为1%；持有期大等于180 天，赎回费率为 0%,0.92,无,0.9,0,,0.015%,0.015%,"R＜ 7.5%，计提0%；
R≥ 7.5%，计提60%，计提后该笔份额的期间年化收益率不低于7.5%。",0-5亿元,P1065325
团队跟踪,辰元优选进取,SZU399,辰元优选进取私募证券投资基金,SZU399,广东辰元,,2023-04-07,2023-04-14,广发证券股份有限公司,,每周周一、周二、周四、周五,否,0%,1万,持有期小于180天，赎回费率为1%；持有期大等于180天且小于365天，赎回费率为0.5%；持有期大等于365天，赎回费率为0%,0.75,无,0.7,0.015,1.5%,0.015%,0.015%,20%以内20%；20%以上，40%,20-50亿元,P1074301
团队跟踪,瑞珅瑞享2号私募证券投资基金,SZU564,瑞珅瑞享2号私募证券投资基金,SZU564,上海瑞珅,,2023-04-26,2023-05-26,,,,否,,,,,,,0,,,,,0-5亿元,P1074155
团队跟踪,国源拾金安和11号私募证券投资基金,SZU685,国源拾金安和11号私募证券投资基金,SZU685,深圳国源信达资管,,2023-04-13,2023-04-18,国泰君安证券股份有限公司,李剑飞,,否,,,,,,,0,,,,,100亿元以上,P1061199
团队跟踪,桐石承志1号私募证券投资基金,SZU690,桐石承志1号私募证券投资基金,SZU690,上海桐石,,2023-04-18,2023-04-24,国泰君安证券股份有限公司,,申购开放日为每个工作日，赎回开放日每周周二,否,A类份额：0%；B类份额：1.5%；C类份额：1.5%,,1.5%,0.85,无,0.75,0,A类份额：0%，B类份额：1%，C类份额：2%,0.015%,0.015%,单笔份额高水位净值法。赎回、分红、清算日计提，其中：A类份额计提比例0%，B类份额计提比例16%，C类份额计提比例20%,0-5亿元,P1072194
团队跟踪,量道顺风2号私募证券投资基金,SZU764,量道顺风2号私募证券投资基金,SZU764,深圳量道投资,,2023-06-06,2023-06-06,中国国际金融股份有限公司,,每个交易日,可临开赎回,0%,1万元起,0%,,无,,0.003,,,0.02%,不计提业绩报酬,100亿元以上,P1016658
团队跟踪,量道顺风3号私募证券投资基金,SZU954,量道顺风3号私募证券投资基金,SZU954,深圳量道投资,,2023-05-12,2023-05-12,中国银河证券股份有限公司,,每周周一、周三,可临开赎回,0%,1万元起,0%,,无,,0.003,,,0.025％,"单个投资者单笔投资年化收益差额法，
即年化收益率为正且大于业绩报酬计提基准时，按50%比例进行超额计提，且提后年化收益率不低于0。
计提时点：赎回日、基金终止日、分红日、固定结算日
业绩报酬计提基准=【期间中证500指数年化收益率+8%】",100亿元以上,P1016658
团队跟踪,致邃投资-智慧矩阵量化5号私募证券投资基金,SZU998,致邃投资-智慧矩阵量化5号私募证券投资基金,SZU998,上海致邃投资,,2023-04-07,2023-04-13,申万宏源证券有限公司,,,否,,,,,,,0,,,,,5-10亿元,P1063212
团队跟踪,正瀛骐骥1号私募证券投资基金,SZV053,正瀛骐骥1号私募证券投资基金,SZV053,上海正瀛资管,,2023-07-31,2023-07-31,中信证券股份有限公司,,每周周一,否,1%,,1%,0.92,无,0.9,0.01,,0.025%,0.025%,当期间年化收益率大于6%时，对所有收益按照60%的比例收取业绩报酬，且计提后该笔份额的期间年化收益率不低于6%,100亿元以上,P1060813
团队跟踪,和棋尊享10号私募证券投资基金,SZV132,和棋尊享10号私募证券投资基金,SZV132,江苏和棋投资,,2023-04-07,2023-04-07,招商证券股份有限公司,,每周二、四,可临开赎回,0,10000,0,0.97,无,,0,,0.025%,0,"管理人提取基金份额当期（指上一次已提取了业绩报酬的业绩报酬提取日至本业绩报酬计提日，如该份额未提取过业绩报酬，则为基金成立日（认购份额）或该份额申购对应开放日（申购份额）至本业绩报酬计提日）收益小于等于年化6%，管理人不提取业绩报酬；
管理人提取基金份额当期（指上一次已提取了业绩报酬的业绩报酬提取日至本业绩报酬计提日，如该份额未提取过业绩报酬，则为基金成立日（认购份额）或该份额申购对应开放日（申购份额）至本业绩报酬计提日）大于年化6%但小于等于年化12%，管理人提取该份额整体盈利部分的(R-6%)/R作为业绩报酬；
管理人提取基金份额当期（指上一次已提取了业绩报酬的业绩报酬提取日至本业绩报酬计提日，如该份额未提取过业绩报酬，则为基金成立日（认购份额）或该份额申购对应开放日（申购份额）至本业绩报酬计提日）大于年化12%，管理人将提取年化收益0%-12%盈利部分的50%以及12%以上盈利部分的60%作为业绩报酬。
",5-10亿元,P1019979
团队跟踪,熙盛睿成商品对冲,SZV213,熙盛睿成商品对冲私募证券投资基金,SZV213,上海熙盛明诚,,2023-04-10,2023-04-17,招商证券股份有限公司,施世城,每自然周的周一、周三、周五,可临开赎回,1%,不低于1万元,1%,0.75,无,0.7,0.015,1.50%,0.01%,0.01%,15%以下20%，超过15%提30%,0-5亿元,P1065867
团队跟踪,博孚利顺达基石家族私募证券投资基金,SZV230,博孚利顺达基石家族私募证券投资基金,SZV230,厦门博孚利资管,,2023-04-11,2023-04-14,招商证券股份有限公司,,申购开放日为每周一、三（遇非顺延）；赎回开放日为每季度的最后一个工作日,可临开赎回,1%,1 万元起,持有期小于 12 个月，赎回费率为1%；持有期大等于12个月，赎回费率为0%,0.85,无,0.8,0.01,,0.015%,0.015%,门槛收益率法，年化6%以上的部分计提10%,50-100亿元,P1023120
团队跟踪,古木沪深300指数增强1号私募证券投资基金,SZV273,古木沪深300指数增强1号私募证券投资基金,SZV273,上海古木投资,,2023-04-12,2023-04-17,国泰君安证券股份有限公司,,基金成立之后的每个交易日。,否,本基金申购费率为0%。,10000,本基金份额持有期低于365天（不含）的赎回费率为1.5%，基金份额持有期在365天及以上的赎回费率为0%。,,无,0.6,0.015,,0.02%,0.02%,"(1)业绩报酬的计提基准日：投资者赎回日、分红权益登记日、基金清算日。本基金连续两次成功计提业绩报酬基准日的间隔不应短于3个月，投资者赎回日、基金清算日以及合同约定的其他业绩报酬计提基准日遇非交易日顺延的情况除外。
(2)业绩报酬的计算：业绩报酬的计算采用单个投资者单笔高水位净值法，即基金份额持有人的每笔基金份额或赎回份额累计净值大于上次成功计提基准日（首次计提时，则为参与日份额累计净值）时，分别计算每笔份额在上一成功计提基准日至本次计提基准日持有期间的基金份额累计净值增长差额，对超过上次成功计提基准日基金份额累计净值部分按20%比例进行计提。",20-50亿元,P1000891
团队跟踪,深高安盈二号私募证券投资基金,SZV419,深高安盈二号私募证券投资基金,SZV419,深圳深高,,2023-05-23,2023-06-20,华泰证券股份有限公司,李凯,每自然月第20个自然日为开放日。如该对应日为非工作日，则开放日为该日后的第一个工作日。,可临开申购,,每次追加申购的最低金额为10万元人民币。,90天内2%,0.8,,0.75,0.01,,0.025%/年,0.025%/年,5上40%,20-50亿元,P1072589
团队跟踪,卓胜彤朗三号私募证券投资基金,SZV487,卓胜彤朗三号私募证券投资基金,SZV487,上海卓胜,,2023-04-11,2023-04-14,华泰证券股份有限公司,,,否,,,,,,,0,,,,,0-5亿元,P1073962
团队跟踪,国元证券联金FOF1号单一资产管理计划,SZV489,国元证券联金FOF1号单一资产管理计划,SZV489,,,2018-01-05,,,,,否,,,,,,,0,,,,,,
团队跟踪,图灵佩利1号私募证券投资基金,SZV498,图灵佩利1号私募证券投资基金,SZV498,山东图灵,,2023-04-03,2023-04-13,广发证券股份有限公司,刘成、周其飞,,否,,,,,,,0,,,,,0-5亿元,P1072733
团队跟踪,和桂先胜可转债,SZV692,和桂先胜可转债私募证券投资基金,SZV692,上海和桂,,2023-04-11,2023-04-17,国金证券股份有限公司,,,否,,,,,,,0,,,,,0-5亿元,P1067763
团队跟踪,元图中证1000指数增强1号,SZV756,元图中证1000指数增强1号私募证券投资基金,SZV756,上海元图,,2023-04-17,2023-04-20,国泰君安证券股份有限公司,李钰泉、钟帅,每周最后一个交易日,否,0%,,1%,,无,,0.01,,0.01%,0.01%,单个投资者单笔高水位净值法，对超过上次成功计提基准日基金份额累计净值部分按20%比例进行计提,20-50亿元,P1074338
团队跟踪,首创京都猪贝贝产业2号集合资产管理计划,SZV820,首创京都猪贝贝产业2号集合资产管理计划,SZV820,首创京都期货,,2023-04-13,2023-04-26,华泰证券股份有限公司,,每周周二,否,0%,,0%,0.8,,0.7,0.01,,0.01%,0.01%,在本计划分红确认日（若有）、退出确认日和计划终止确认日，管理人将根据投资者的期间年化收益率（R），对期间年化收益率 0%以上（不含）的部分按照 20%的比例收取管理人业绩报酬,,PT0500030898
团队跟踪,道衍萃亨宏观对冲私募证券投资基金,SZV953,道衍萃亨宏观对冲私募证券投资基金,SZV953,上海道衍,,2023-04-13,2023-04-21,中信证券股份有限公司,,,否,,,,,,,0,,,,,0-5亿元,P1067441
团队跟踪,贝得量化对冲1号证券投资私募基金,SZV999,贝得量化对冲1号证券投资私募基金,SZV999,珠海贝得,,2023-04-14,2023-04-19,广发证券股份有限公司,,,否,,,,,,,0,,,,,0-5亿元,P1074424
团队跟踪,致邃投资-智慧矩阵指数增强量化7号私募证券投资基金,SZW016,致邃投资-智慧矩阵指数增强量化7号私募证券投资基金,SZW016,上海致邃投资,,2023-06-07,2023-06-19,国泰君安证券股份有限公司,,每周周二,否,0%,,0%,,无,,0.01,,,,40%（软保6%）,5-10亿元,P1063212
团队跟踪,弈倍景杉12号私募证券投资基金,SZW244,弈倍景杉12号私募证券投资基金,SZW244,上海弈倍,,2023-04-20,2023-04-20,中信证券股份有限公司,余建国、汤昕烨,每自然月第10个自然日为开放日。如该对应日为非工作日，则开放日为该日后的第一个工作日。,可临开申购,B类份额：0,每次追加申购的最低金额为10万元人民币。,0,0.8,成立后180天（已结束）。,0.75,0,B类份额：0.5%/年,0.025%/年,0.025%/年,"B类份额：单人单笔高水位法，针对收益0%以上的部分计提10%业绩报酬
本基金业绩报酬计提日为：封闭期过后，每年1月及7月的最后一个交易日，基金份额持有人实际赎回基金份额时（包含全部赎回，部分赎回）、基金终止日。",20-50亿元,P1061585
团队跟踪,磐松中证500指数增强8号私募证券投资基金,SZW409,磐松中证500指数增强8号私募证券投资基金,SZW409,上海磐松,,2023-04-14,,,,每个交易日,否,0%,,"持有期小于181天，赎回费率为 1%；持有期大等于181天且小于365天，赎回费率为0.5%；持有期大等于365天，赎回费率为0%
率为 0%",,无,,0.015,,0.02%,0.02%,不计提业绩报酬,100亿元以上,P1074204
团队跟踪,唯瞻进取一号,SZW450,唯瞻进取一号私募证券投资基金,SZW450,杭州唯瞻,,2023-04-20,2023-04-24,中信证券股份有限公司,,每周周三,可临开赎回,,10万元起,,0.85,,0.8,0.01,,,,单笔份额高水位净值法。赎回、分红、清算日计提，计提比例20% ,10-20亿元,P1074419
团队跟踪,简一天行长盈1号私募证券投资基金,SZW580,简一天行长盈1号私募证券投资基金,SZW580,广州简一投资,,2023-04-12,2023-04-17,广发证券股份有限公司,陈少泽,,否,,,,,,,0,,,,,0-5亿元,P1063096
团队跟踪,同温层金选量化对冲2号私募证券投资基金,SZW638,同温层金选量化对冲2号私募证券投资基金,SZW638,武汉同温层,,2023-04-18,2023-04-24,中信证券股份有限公司,,每周的第一个交易日及最后一个交易日、每季度最后一个交易日,否,0%,,0%,,,,0,A类份额：0%，B类份额：1%，C类份额：1.2%。（行政服务费率：0.015%）,0.015%,,"A类份额：不计提业绩报酬；B类份额：18%，C类份额：20%。
计提基准日：固定计提基准日、该类份额赎回申请日和基金终止日，固定计提基准日为封闭期（若有）结束后的每年12月的最后一个交易日。",20-50亿元,P1070801
团队跟踪,北京雪球长雪宏观对冲高波1号,SZW716,北京雪球长雪宏观对冲高波1号私募证券投资基金,SZW716,北京雪球,,2023-06-07,2023-06-09,中信证券股份有限公司,,,否,,,,,,,0,,,,,50-100亿元,P1025556
团队跟踪,量道宸沣悦享2号私募证券投资基金,SZW725,量道宸沣悦享2号私募证券投资基金,SZW725,深圳量道投资,,2023-04-25,2023-04-25,兴业证券股份有限公司,,每个交易日开放申购，每周一、周五为固定开放日可赎回（遇节假日则顺延至下一交易日）,可临开赎回,0%,1 万元的整数倍,2%,,无,,0.002,0.2%年化，每日计提，按季支付，每年保底10万元。,0.01％,0.01％,不计提业绩报酬,100亿元以上,P1016658
团队跟踪,赜远尊享量化对冲5号,SZW733,赜远尊享量化对冲5号私募证券投资基金,SZW733,珠海赜远,,2023-05-12,2023-05-22,中信证券股份有限公司,,每周周五,否,0%,,持有起小于6个月，赎回费率为1%；持有期大等于6个月，赎回费率为0%,0.92,无,0.9,0,,0.05%,0.05%,"当R≤【6.5%】时，不计提业绩报酬；
当R＞【6.5%】时，管理人提取全部年化收益的【60%】作为业绩报酬，计提后投资者年化收益率不低于【6.5%】。",5-10亿元,P1072412
团队跟踪,香农量化选股1号私募证券投资基金,SZW819,香农量化选股1号私募证券投资基金,SZW819,海南三亚香农,,2023-04-21,2023-04-25,华泰证券股份有限公司,,每周的最后一个工作日,可临开赎回,1%,1万元起,0%,,无,,0.01,A类份额：1%，B类份额：0%，C类份额：0.8%,0.015%,0.015%,"采用“单个投资者单份额高水位法”。在固定时点（基金成立后每年 6 月及 12 月最后一个交易日）、基金收益分配、基金份额持有人赎回 基金份额或者基金终止时进行业绩报酬的提取。
A类份额：20%，B类份额：0%，C类份额：18%",20-50亿元,P1072386
团队跟踪,和棋尊享7号私募证券投资基金,SZW856,和棋尊享7号私募证券投资基金,SZW856,江苏和棋投资,,2023-04-17,2023-04-17,招商证券股份有限公司,,每周三、五,否,0,10000,0,0.97,无,0.95,0,,0.025%,0.025%,"单客户单笔份额高水位法，计提时点：赎回日、分红时、固定时点（固定时点提取是每自然年6月30日及12月31日）、终止日。
区间年化收益率小于等于6%，管理人不计提业绩报酬；
区间年化收益率大于6%且小于等于15%，管理人计提年化收益率大约6%且小于等于15%部分的全部；
区间年化收益率大于15%，管理人计提年化收益率大约6%且小于等于15%的全部以及年化收益率15%以上部分的60%",5-10亿元,P1019979
团队跟踪,和棋尊享9号私募证券投资基金,SZW857,和棋尊享9号私募证券投资基金,SZW857,江苏和棋投资,,2023-04-17,2023-04-17,招商证券股份有限公司,,每自然周的周三和周五                                                  每自然年6月30日及12月31日,可临开赎回,0%,,无,0.97,无,0.95,0,,0.025%,0.025%,"固定时点提取是在每自然年6 月30 日及12 月31 日（遇
法定节假日均顺延至下一工作日）。
管理人提取基金份额当期（指上一次已提取了业绩报酬的业绩报酬提取日至本业绩报酬
计提日，如该份额未提取过业绩报酬，则为基金成立日（认购份额）或该份额申购对应开放
日（申购份额）至本业绩报酬计提日）收益小于等于年化6%，管理人不提取业绩报酬；
管理人提取基金份额当期（指上一次已提取了业绩报酬的业绩报酬提取日至本业绩报酬
计提日，如该份额未提取过业绩报酬，则为基金成立日（认购份额）或该份额申购对应开放
日（申购份额）至本业绩报酬计提日）大于年化6%但小于等于年化15%，管理人提取该份额整体盈利部分的𝑅−6%
𝑅
作为业绩报酬；
管理人提取基金份额当期（指上一次已提取了业绩报酬的业绩报酬提取日至本业绩报酬
计提日，如该份额未提取过业绩报酬，则为基金成立日（认购份额）或该份额申购对应开放
日（申购份额）至本业绩报酬计提日）大于年化15%，管理人将提取该份额整体盈利部分的
的60%作为业绩报酬。",5-10亿元,P1019979
团队跟踪,湃硕混合对冲一号私募证券投资基金,SZW933,湃硕混合对冲一号私募证券投资基金,SZW933,上海湃硕,,2023-04-14,2023-04-24,中信证券股份有限公司,朱楠,每周周二,否,0%,1万元起,0%,0.93,无,0.9,0.01,,0.015%,0.015%,20%,0-5亿元,P1074950
团队跟踪,磐松优孚1号,SZW961,磐松优孚1号私募证券投资基金,SZW961,上海磐松,,2023-04-28,2023-05-06,国泰君安证券股份有限公司,,每个交易日,否,0%,,0%,,无,,0,,0.02%,0.02%,"采用单个投资者单笔高水位净值法，对超过上次成功计提基准日基金份额累计净值部分按20%比例进行计提。
计提基准日：投资者赎回日、每年 3 月和 9 月的第一个交易日（固定日，但封闭期及/或锁定期（如有）除外）和基金清算日。",100亿元以上,P1074204
团队跟踪,华夏基金-中信证券量化FOF1号单一资产管理计划,SZW990,华夏基金-中信证券量化FOF1号单一资产管理计划,SZW990,,,2018-01-05,0000-00-00,,,,否,,,,,,,0,,,,,,
团队跟踪,奕睿CTA四期A私募证券投资基金,SZX058,奕睿CTA四期A私募证券投资基金,SZX058,上海奕睿,,2023-04-18,2023-04-21,中信证券股份有限公司,,每自然月第10个自然日为开放日。如该对应日为非工作日，则开放日为该日后的第一个工作日。,可临开申购,B类份额：0,每次追加申购的最低金额为10万元人民币。,0,0.8,成立后180天（已结束）。,0.75,0,B类份额：0.5%/年,0.025%/年,0.025%/年,"B类份额：单人单笔高水位法，针对收益0%以上的部分计提10%业绩报酬
本基金业绩报酬计提日为：封闭期过后，每年1月及7月的最后一个交易日，基金份额持有人实际赎回基金份额时（包含全部赎回，部分赎回）、基金终止日。",0-5亿元,P1072839
团队跟踪,图灵佩利2号私募证券投资基金,SZX076,图灵佩利2号私募证券投资基金,SZX076,山东图灵,,2023-04-17,2023-04-23,中信建投证券股份有限公司,刘成、周其飞,,否,,,,,,,0,,,,,0-5亿元,P1072733
团队跟踪,嘉懿骄阳私募证券投资基金,SZX144,嘉懿骄阳私募证券投资基金,SZX144,上海嘉懿萃,,2023-04-18,2023-05-19,国泰君安证券股份有限公司,刘洋军,,否,,,,,,,0,,,,,50-100亿元,P1073454
团队跟踪,御澜量化多策略8号私募证券投资基金,SZX208,御澜量化多策略8号私募证券投资基金,SZX208,广东御澜资管,,2023-04-20,2023-04-25,招商证券股份有限公司,崔飒,每周周一、周三、周五,可临开申购,0%,1 万的整数倍,0%,0.92,无,0.9,0.01,,0.01%,0.01%,20%,0-5亿元,P1064874
团队跟踪,鋆晟嘉兴2号私募证券投资基金,SZX292,鋆晟嘉兴2号私募证券投资基金,SZX292,上海鋆晟投资,,2023-04-17,2023-04-23,招商证券股份有限公司,许钧天,每个工作日,否,0%,,0%,0.96,,0.95,0.01,,0.015%,0.015%,当基金份额赎回、基金终止或分红时，管理人将提取赎回份额或分红份额当期收益的20%作为业绩报酬,0-5亿元,P1028385
团队跟踪,鸣熙量化中性1号私募证券投资基金,SZX370,鸣熙量化中性1号私募证券投资基金,SZX370,鸣熙资本,,2023-04-26,2023-04-26,国泰君安证券股份有限公司,,每周周二、周四,可临开赎回,0%,,1%,0.9,无,0.85,0,,0.015%,0.015%,,100亿元以上,P1033450
团队跟踪,量道宸沣玉衡2号私募证券投资基金,SZX401,量道宸沣玉衡2号私募证券投资基金,SZX401,深圳量道投资,,2023-04-24,2023-04-24,兴业证券股份有限公司,,"申购开放日为每个交易日，赎回开放日为每周周一、周五
",可临开赎回,0%,1万元起,2%,,无,,0.002,,0.01％,0.01％,不计提业绩报酬,100亿元以上,P1016658
团队跟踪,量道长量悦享3号私募证券投资基金,SZX426,量道长量悦享3号私募证券投资基金,SZX426,深圳量道投资,,2023-04-28,2023-04-28,长城证券股份有限公司,,周一、周三（遇节假日顺延）,可临开赎回,0,1 万元的整数倍,0,,无,,0.005,,0.025％/年,0.025％/年,"1）采用单个投资者单笔高水位净值法。
2）计提基准日：投资者赎回日、分红权益登记日、基金清算日。
3）计提比例：30%。",100亿元以上,P1016658
团队跟踪,博孚利尊享93号私募证券投资基金,SZX647,博孚利尊享93号私募证券投资基金,SZX647,厦门博孚利资管,,2023-04-25,2023-06-14,广发证券股份有限公司,,每周一、三、五,可临开赎回,0%,1万,若基金份额持有期小于等于12个月（按365天计算，下同），赎回费率2%；大于12个月，赎回费率0%，赎回费归基金资产,,无,,0.01,,0.015%,0.015%,,50-100亿元,P1023120
团队跟踪,柏泰华盈常青藤套利2号,SZX652,柏泰华盈常青藤套利2号私募证券投资基金,SZX652,上海柏泰华盈,,2023-04-19,2023-04-23,招商证券股份有限公司,,申购开放日为每月5号，每周周二、周四、周五；赎回开放日为每月5号,否,1%,10万元起,持有期小于12个月，赎回费率为1%；持有期大等于12个月，赎回费率为0%,0.85,,0.8,0,当前一日的基金资产净值≥2000 万元，S%=1.5%；当前一日的基金资产净值＜2000万元，S%=0.5%,0.025%,0.025%,"当基金份额赎回、基金终止或分红时，赎回份额或分红份额当期年化收益超过 0%（不含）低于 20%（含），管理人将提取超过年化收益 0%盈利部分的 20%作为业绩报酬；
当基金份额赎回、基金终止或分红时，赎回份额或分红份额当期年化收益率超过 20%（不含）低于 30%（含），管理人将提取年化收益率 0%-20%盈利部分的 20%以及 20%以上盈利部分的 30%作为业绩报酬；
当基金份额赎回、基金终止或分红时，赎回份额或分红份额当期年化收益率超过 30%（不含）低于 50%（含），管理人将提取年化收益率 0%-20%盈利部分的 20%、20%-30%盈利部分的30%以及 30%以上盈利部分的 40%作为业绩报酬；
当基金份额赎回、基金终止或分红时，赎回份额或分红份额当期年化收益率超过 50%（不含），管理人将提取年化收益率 0%-20%盈利部分的 20%、20%-30%盈利部分的 30%，30%-50%盈利部分的 40%以及 50%以上盈利部分的 50%作为业绩报酬；",5-10亿元,P1015725
团队跟踪,金和和善对冲5号私募证券投资基金,SZX748,金和和善对冲5号私募证券投资基金,SZX748,上海金和晟,,2023-04-26,2023-05-25,国泰君安证券股份有限公司,李梦琦、李梦琦,,否,,,,,,,0,,,,,10-20亿元,P1071636
团队跟踪,千衍六和11号私募证券投资基金,SZX828,千衍六和11号私募证券投资基金,SZX828,上海千衍,,2023-05-10,2023-05-31,国信证券股份有限公司,,每个工作日,否,0%,不低于10万,持有期小于180天，赎回费率为0.5%,,无,,0.01,A类份额：0%；B类份额：1%,0.005%,0.005%,"A类不收取业绩报酬。
B类业绩报酬情况如下：
业绩报酬计提日为收益分配基准日、固定时点（每年12月的第一个工作日）、 份额赎回日和基金终止日提取。
若投资者年化超额收益率R1小于等于【0】%或年化收益率R小于等于【0】%，则不计提业绩报酬；若投资者年化超额收益率R1大于【0】%且年化收益率R大于【0】%，对超出部分按照【20】%的比例提取业绩报酬。",100亿元以上,P1009640
团队跟踪,映翎明和2号私募证券投资基金,SZX857,映翎明和2号私募证券投资基金,SZX857,烟台映翎,,2023-06-05,2023-06-08,申万宏源证券有限公司,,每周第5个自然日、本基金每年的成立日对月对日(遇节假日顺延至下一个工作日)开放,可临开赎回,0,1万,0,,无,0.7,0.01,,0.01%,0.01%,收益率大于等于5%，全部收益计提5%,0-5亿元,P1072818
团队跟踪,量衍海锦聚配专享一号,SZY063,量衍海锦聚配专享一号私募证券投资基金,SZY063,浙江量衍投资,,2023-05-18,2023-05-25,国泰君安证券股份有限公司,林海啸,,否,,,,,,,0,,,,,0-5亿元,P1066658
团队跟踪,华富衍生品2号私募证券投资基金,SZY083,华富衍生品2号私募证券投资基金,SZY083,广东华富,,2023-04-21,2023-04-25,华泰证券股份有限公司,苏锦军,本基金存续期内申购和赎回开放日为本基金成立之日后【每周第一个交易日】。私募基金投资者可在本基金开放日申购或赎回本基金。基金管理人有权根据基金运作需求设置临时开放日。临时开放日具体以基金管理人公告或函件为准，原则上不得利用临时开放日安排继续申购。,可临开赎回,本基金无申购费。,基金份额持有人在开放日内追加申购的，每次申购的金额应不低于 1 万元人民币（不含申购费（如有））。,本基金无赎回费。,0.9,本基金无封闭期,0.85,0.01,基金管理费按前一日基金资产净值 1%的年费率计提。,0.01%,0.01%,"单个基金份额持有人单笔投资基金份额业绩报酬计算公式如下：
PFij＝Fij×(NAV1′－HWMij)×20%
PFij：本计提日第 i 个基金份额持有人第 j 笔投资的业绩报酬；
Fij：本计提日第 i 个基金份额持有人第 j 笔投资的基金份额；提取赎回业绩报酬时为基金份额持有人赎回基金的份额；提取收益分配业绩报酬时为基金份额持有人参与收益分配的基金份额；合同终止时的业绩报酬为基金份额持有人合同终止时的全部份额。
NAV1′：本计提日基金份额累计净值；
HWMij：第 i 个基金份额持有人第 j 笔投资的高水位，为该笔份额上一次提取业绩报酬时的基金份额累计净值；若该笔份额还未提取过业绩报酬，则为该笔份额对应的认购价格或申购时的基金份额累计净值；
如果上述计算基金投资者单位基金份额获得的收益为负或者为零，则业绩报酬为零。",0-5亿元,P1066778
团队跟踪,澜熙趋势先锋泉圣二号私募证券投资基金,SZY206,澜熙趋势先锋泉圣二号私募证券投资基金,SZY206,上海澜熙资管,,2023-04-21,2023-05-18,华泰证券股份有限公司,,,否,,,,,,,0,,,,,5-10亿元,P1062538
团队跟踪,远澜木棉指数增强私募证券投资基金,SZY339,远澜木棉指数增强私募证券投资基金,SZY339,上海远澜,,2023-04-24,2023-04-24,国泰君安证券股份有限公司,董致远,,否,,,,,,,0,,,,,100亿元以上,P1018484
团队跟踪,友莹格齐云七号,SZY384,友莹格齐云七号私募证券投资基金,SZY384,上海友莹格资管,,2023-04-21,2023-04-25,招商证券股份有限公司,,每个工作日,否,0%,不低于1万,0%,,,0.8,0.02,2%。基金服务费：0.02%,0.02%,,当R>0％时，对超过0%的收益部分提取20%的业绩报酬,0-5亿元,P1060304
团队跟踪,宽辅远航安心市场中性1号私募证券投资基金,SZY391,宽辅远航安心市场中性1号私募证券投资基金,SZY391,海南宽辅,,2023-04-24,2023-04-27,国泰君安证券股份有限公司,,申购开放日为每周周一、周二和周三，赎回开放日为每周周一,否,0%,,0%,,无,,0.01,,0.01%,0.01%,采用单个投资者单笔高水位净值法，对超过上次成功计提基准日基金份额累计净值部分按20%比例进行计提。,10-20亿元,P1074464
团队跟踪,远澜藤枫宏观量化2号私募证券投资基金,SZY417,远澜藤枫宏观量化2号私募证券投资基金,SZY417,上海远澜,,2023-04-24,2023-04-24,国泰君安证券股份有限公司,,每个交易日,否,A类份额：1%，B类份额：0%,,0%,0.95,无,0.93,0.01,A类份额：1%，B类份额：0%,0.015%,0.015%,"计提基准（B）：4%；
持有期的年化收益率（R）与计提基准的差额（即R-B）高于0%但低于或等于4%的，业绩报酬计提比例为10%；（R-B）高于4%的，业绩报酬计提比例按照10%和20%分段计算。",100亿元以上,P1018484
团队跟踪,宽辅远航安心市场中性2号私募证券投资基金,SZY498,宽辅远航安心市场中性2号私募证券投资基金,SZY498,海南宽辅,,2023-04-21,2023-04-28,中信证券股份有限公司,,本基金固定开放日为每个自然周的周二和周四，每个自然年度的 6 月的最后一个工作日、12 月的最后一个工作 日，接受申购和赎回申请。,可临开赎回,本基金不收取申购费用,每次 追加认购的金额不设限制,本基金不收取赎回费用,,,,0.01,B类份额：0.5%/年,0.01%/年,0,管理人将根据委托人的期间年化收益率（R），对期间年化收益率超过 0%以上部分按照 20%的比例收取业绩报酬。,10-20亿元,P1074464
团队跟踪,涌泉君安四号,SZY593,涌泉君安四号私募证券投资基金,SZY593,北京涌泉,,2023-05-09,2023-05-25,招商证券股份有限公司,,,否,,,,,,,0,,,,,10-20亿元,P1074180
团队跟踪,弈和弈米价值1号私募证券投资基金,SZY760,弈和弈米价值1号私募证券投资基金,SZY760,上海弈和资管,,2023-04-28,2023-05-18,招商证券股份有限公司,,每周周一、周三、周五,否,0%,1万元起,0%,0.9,,0.85,0.01,,0.015%,0.015%,20%,0-5亿元,P1007354
团队跟踪,二象中证1000量化多策略1号,SZZ052,二象中证1000量化多策略1号私募证券投资基金,SZZ052,泉州二象,,2023-04-21,2023-04-26,招商证券股份有限公司,李锦泽,,否,,,,,,,0,,,,,0-5亿元,P1074490
团队跟踪,翼品商品指数增强1号私募证券投资基金,SZZ512,翼品商品指数增强1号私募证券投资基金,SZZ512,上海翼品资管,,2023-09-01,2023-09-20,国泰君安证券股份有限公司,,每个交易日,可临开申购和可临开赎回,1%,1万,"本基金 A 类份额持有期
限低于 480 天（不含）的，赎
回费率为 1%，份额持有期在
480 天及以上的，赎回费率为
0%",0.82,不设置,0.78,0,1.50%,0.02%,0.02%,"计提基准：B=【1.2*期间南华商品指数（NH0100.NHF）收益
率】计提比例：20%，且每笔份额可提取的业绩报酬上限为（T1
×R）；",0-5亿元,P1068294
团队跟踪,卓胜彤朗二号私募证券投资基金,SZZ613,卓胜彤朗二号私募证券投资基金,SZZ613,上海卓胜,,2023-08-09,2023-08-16,广发证券股份有限公司,,申购开放日为每个交易日，赎回开放日为每周周三,否,A类份额：1%，B类份额：0%,,A类份额：持有期小于6个月，赎回费率为1%；持有期大等于6个月，赎回费率为0%。B类份额：0%,,,,0.02,A类份额：2%，B类份额：0%,0.02%（服务费0.02%）,,A类份额：20%，B类份额：0%,0-5亿元,P1073962
团队跟踪,垒昂蜜獾中证1000指数增强3号私募证券投资基金,SZZ681,垒昂蜜獾中证1000指数增强3号私募证券投资基金,SZZ681,上海垒昂,,2023-05-19,2023-06-05,申万宏源证券有限公司,肖铁,,否,,,,,,,0,,,,,10-20亿元,P1069759
团队跟踪,银杉神灯稳健6号私募证券投资基金,SZZ706,银杉神灯稳健6号私募证券投资基金,SZZ706,浙江银杉资管,,2023-05-09,2023-05-17,浙商证券股份有限公司,,每个交易日,否,0%,1万元起,0%,0.92,无,0.9,0.015,,0.015%,0.015%,20%,0-5亿元,P1033198
团队跟踪,磐松中盘股指数增强2号私募证券投资基金,SZZ807,磐松中盘股指数增强2号私募证券投资基金,SZZ807,上海磐松,,2023-06-15,2023-06-21,招商证券股份有限公司,张潇、吴确,每个交易日,否,0%,,持有期小于181个自然日，赎回费率1%； 持有期大等于181个自然日且小于365个自然日，赎回费率0.5%；持有期大等于365个自然日，赎回费率0%。,,无,,0,,0.02%,0.02%,"“单客户单笔份额高水位法”：业绩报酬提取时点分为固定时点提取、赎回时提取和合同终止时提取。固定时点提取是在每个自然年度2月、5月、8月、11月的第一个交易日。
固定时点计提业绩报酬：当基金份额当期收益率减去中证500指数（000905）对应期间收益率大于等于零且基金份额当期收益率大于等于基金份额当期收益率乘以15%减去中证500指数（000905）对应期间收益率乘以15%，管理人提取基金份额当期超过中证500指数（000905）对应期间收益的15%作为业绩报酬（但提取业绩报酬之后该份额当期收益不得为负数）。
赎回和合同终止时计提业绩报酬：当基金份额当期收益率减去中证500指数（000905）对应期间收益率大于等于零且基金份额当期收益率大于等于零，管理人提取基金份额当期超过中证500指数（000905）对应期间收益的15%作为业绩报酬（但提取业绩报酬之后该份额当期收益不得为负数）。",100亿元以上,P1074204
团队跟踪,纵贯向阳2号私募证券投资基金,SZZ879,纵贯向阳2号私募证券投资基金,SZZ879,深圳纵贯,,2023-05-22,2023-05-25,招商证券股份有限公司,,,否,,,,,,,0,,,,,20-50亿元,P1028197
团队跟踪,纵贯向阳1号私募证券投资基金,SZZ882,纵贯向阳1号私募证券投资基金,SZZ882,深圳纵贯,,2023-05-23,2023-05-26,招商证券股份有限公司,,,否,,,,,,,0,,,,,20-50亿元,P1028197
团队跟踪,图南守润一号,SZZ959,图南守润一号私募证券投资基金,SZZ959,上海图南,,2023-05-10,2023-05-24,国信证券股份有限公司,,每个交易日,否,0%,,持有期低于30天，收取3%赎回费，不可免除，归属基金资产,0.98,,0.97,0.01,,0.01%,0.01%,"年化收益率低于6%时，不提取业绩报酬；
年化收益率高于6%时，提取全部收益的60%，且提取完不低于6%。  ",0-5亿元,P1073035
团队跟踪,黑翼风行2号私募基金B类份额,T5561B,黑翼风行2号私募基金B类份额,T5561B,上海黑翼资管,,2017-05-31,2017-06-13,招商证券股份有限公司,,每个工作日,否,0%,,持有期小于6个月，赎回费率为3%；持有期大等于6个月，赎回费率为0%,,无,,0.02,, 0.05%, 0.05%,25%,100亿元以上,P1004419
团队跟踪,博孚利CTA5号私募证券投资基金A类份额,T7688A,博孚利CTA5号私募证券投资基金A类份额,T7688A,厦门博孚利资管,,2020-05-06,0000-00-00,广发证券股份有限公司,,每周周一、周二,可临开申购,1%,1万元起,不满360天1%,0.8,无,0.75,0,,0.025%/年,0.025%/年,"本份额A类不计提。
B类份额：单人单笔高水位法，针对收益10%以上的部分计提10%业绩报酬
本基金业绩报酬计提日为：封闭期过后，每年1月及7月的最后一个交易日，基金份额持有人实际赎回基金份额时（包含全部赎回，部分赎回）、基金终止日。",50-100亿元,P1023120
团队跟踪,博孚利CTA5号私募证券投资基金B类份额,T7688B,博孚利CTA5号私募证券投资基金B类份额,T7688B,厦门博孚利资管,,2020-05-06,2017-06-07,广发证券股份有限公司,,每周周一、周二,可临开赎回,0%,1万元起,持有期小等于3个月，赎回费率为0.5%；持有期大于3个月，赎回费率为0%,,无,,0.01,,0.025%,0.025%,在业绩报酬计提日对每笔份额的份额累计净值超过历史计提日最高份额累计净值部分，根据一定的比例计提业绩报酬，提取比例为【20】%。,50-100亿元,P1023120
团队跟踪,珞珈方圆港股通多策略私募基金A类份额,T8011A,珞珈方圆港股通多策略私募基金A类份额,T8011A,深圳前海珞珈方圆资管,,2017-10-13,2017-10-19,招商证券股份有限公司,,申购开放日为每周周二，赎回开放日为每月第二个周二,可临开赎回,1%,1万元起,,,,,0.016,,0%,0%,单客户理人额高水位法:当基金份额赎回、基金终止或分红时，管理人将提取赎回份额或分红份额当期收益的20%作为业绩报酬。,5-10亿元,P1006012
团队跟踪,珞珈方圆港股通多策略私募基金B类份额,T8011B,珞珈方圆港股通多策略私募基金B类份额,T8011B,深圳前海珞珈方圆资管,,2017-10-13,2017-10-19,招商证券股份有限公司,,,否,,,,,,,0,,,,,5-10亿元,P1006012
团队跟踪,博弈主升一号B类,T9726B,博弈主升一号私募证券投资基金B类份额,T9726B,青岛博弈资管,,2017-06-28,2017-07-07,海通证券股份有限公司,,每日申赎,可临开申购和可临开赎回,1%,10万,小于1个月，0.5%；大于等于1个月，0%,0.75,无,0.7,0.01,,0.1%与1w孰高收取,0.1%与1w孰高收取,50%，软保12%,20-50亿元,P1062573
团队跟踪,美好狄拉克一号多策略私募投资基金A类份额,T9786A,美好狄拉克一号多策略私募投资基金A类份额,T9786A,广东横琴广鑫美好,,2017-06-15,2017-07-04,恒泰证券股份有限公司,,,否,,,,,,,0,,,,,50-100亿元,P1033731
团队跟踪,美好狄拉克一号多策略私募投资基金B类份额,T9786B,美好狄拉克一号多策略私募投资基金B类份额,T9786B,广东横琴广鑫美好,,2017-06-15,2017-07-04,恒泰证券股份有限公司,,,否,,,,,,,0,,,,,50-100亿元,P1033731
团队跟踪,敦和多资产稳健1号私募证券投资基金A类,T9820A,敦和多资产稳健1号私募证券投资基金A类,T9820A,敦和资管,,2017-06-29,,国泰君安证券股份有限公司,,每月15号,否,0%,不低于10万,0%,,无,0.8,0.015,,0.04%,0.04%,20%,100亿元以上,P1000501
团队跟踪,子午安心十九号私募证券投资基金A类份额,TA010A,子午安心十九号私募证券投资基金A类份额,TA010A,上海子午投资,,2021-12-02,2021-12-02,光大证券股份有限公司,,周二,否,,,,0.92,,0.9,0,,,,,100亿元以上,P1010078
团队跟踪,子午安心十九号私募证券投资基金B类份额,TA010B,子午安心十九号私募证券投资基金B类份额,TA010B,上海子午投资,,2021-12-02,2021-12-02,光大证券股份有限公司,,周二,否,,,,0.92,,0.9,0,,,,,100亿元以上,P1010078
团队跟踪,子午安心十九号私募证券投资基金C类份额,TA010C,子午安心十九号私募证券投资基金C类份额,TA010C,上海子午投资,,2021-12-02,2021-12-02,光大证券股份有限公司,,周一二三四（非工作日，自动顺延至下一个工作日）,否,0,,0,,0,,0.01,,0.015%,0.015%,20%,100亿元以上,P1010078
团队跟踪,璞真观星1号私募证券投资基金B类份额,TA309B,璞真观星1号私募证券投资基金B类份额,TA309B,上海璞真,,2021-10-27,2021-11-03,中信证券股份有限公司,,,否,,,,,,,0,,,,,5-10亿元,P1072113
团队跟踪,览山瑞禾私募证券投资基金B类份额,TA321B,览山瑞禾私募证券投资基金B类份额,TA321B,宁夏览山,,2021-10-22,2021-10-28,兴业证券股份有限公司,,每周四、周五开放申购和赎回,可临开赎回,,1,本基金依据基金份额持有人所持有的每笔基金份额的时间收取赎回费，持有时间小于90个自然日赎回费率为0.5%，持有时间大于90个自然日（含）赎回费率为0%。赎回费列入基金财产，且列入基金财产部分管理人不得减免。,,无,,0.01,,0.015%,0.015%,,0-5亿元,P1070530
团队跟踪,明湾稳增一号私募证券投资基金A类份额,TA417A,明湾稳增一号私募证券投资基金A类份额,TA417A,上海明湾资管,,2021-11-03,2021-11-18,国泰君安证券股份有限公司,,,否,,,,,,,0,,,,,10-20亿元,P1001040
团队跟踪,简文日昇1号B类,TA666B,简文日昇1号私募证券投资基金B类份额,TA666B,上海简文,,2021-11-18,2021-11-26,招商证券股份有限公司,,每自然周最后一个工作日,可临开赎回,1%,1万元起,0%,,无,,0.01,,0.025%,0.025%,单客户单笔份额高水位法，当R>0%时，对超过0%的收益部分提取30%的业绩报酬(A类不计提业绩报酬),10-20亿元,P1022166
团队跟踪,顽岩东方路私募证券投资基金A类,TA785A,顽岩东方路私募证券投资基金A类,TA785A,上海顽岩,,2021-10-28,2021-11-04,中信证券股份有限公司,,申购开放日为每个工作日；赎回开放日为每月第三个周五,否,1%,1 万元起,持有期小于12 个月，赎回费率 为1%；持有期大等于12 个月，赎回费率为0%,0.88,无,0.85,0.01,,0.025%,0.025%,收益部分提20%,100亿元以上,P1034708
团队跟踪,瀛岳核心私募证券投资基金B类份额,TA891B,瀛岳核心私募证券投资基金B类份额,TA891B,共青城瀛岳,,2021-11-08,2021-11-15,华泰证券股份有限公司,,每周周三,否,,,,,无,,0,,,,,5-10亿元,P1072644
团队跟踪,博孚利多策略十二号私募证券投资基金A类份额,TB089A,博孚利多策略十二号私募证券投资基金A类份额,TB089A,厦门博孚利资管,,2021-11-10,0000-00-00,国泰君安证券股份有限公司,,每个交易日,否,1%,1 万元的整数倍,持有期小于180天，赎回费率为1%；持有期大等于180天，赎回费率为0%,0.94,无,0.92,0.01,,0.025％,0.025％,10%,50-100亿元,P1023120
团队跟踪,博孚利多策略十二号私募证券投资基金B类份额,TB089B,博孚利多策略十二号私募证券投资基金B类份额,TB089B,厦门博孚利资管,,2021-11-10,0000-00-00,国泰君安证券股份有限公司,,每个交易日,否,0%,1 万元的整数倍,0%,0.94,无,0.92,0,,0.025％,0.025％,不计提业绩报酬,50-100亿元,P1023120
团队跟踪,博孚利多策略十一号私募证券投资基金A类,TB092A,博孚利多策略十一号私募证券投资基金A类,TB092A,厦门博孚利资管,,2021-11-12,2021-11-17,中信证券股份有限公司,,每个交易日,否,1%,不少于1 万元且为1 万元的整数倍,持有期小于180天，赎回费率为1%；持有期大等于180天，赎回费率为0%,,无,,0.01,,0.015%,0.015%,年化收益率超过 0% 以上部分按照 40%的比例收取业绩报酬,50-100亿元,P1023120
团队跟踪,博孚利多策略十一号私募证券投资基金B类,TB092B,博孚利多策略十一号私募证券投资基金B类,TB092B,厦门博孚利资管,,2021-11-05,0000-00-00,中信证券股份有限公司,,每个交易日,否,0%,不少于1 万元且为1 万元的整数倍,0%,,无,,0,,0.015%,0.015%,不计提业绩报酬,50-100亿元,P1023120
团队跟踪,博孚利稳强8号FOF私募证券投资基金A类份额,TB102A,博孚利稳强8号FOF私募证券投资基金A类份额,TB102A,厦门博孚利资管,,2021-11-04,0000-00-00,兴业证券股份有限公司,,每个交易日,否,0.5%,不低于1 万元,1%,0.95,无,0.93,0.01,,0.025%,0.025%,门槛收益率法，年化5%以上计提20%,50-100亿元,P1023120
团队跟踪,博孚利稳强8号FOF私募证券投资基金B类,TB102B,博孚利稳强8号FOF私募证券投资基金B类,TB102B,厦门博孚利资管,,2021-11-04,2021-11-04,兴业证券股份有限公司,,每个交易日 ,否,0%,不低于1 万元,0%,0.95,无,0.93,0,,0.025%,0.025%,不收取业绩报酬,50-100亿元,P1023120
团队跟踪,复利瓴宇CTA精选1号私募证券投资基金A类份额,TB145A,复利瓴宇CTA精选1号私募证券投资基金A类份额,TB145A,上海复利投资,,2021-10-26,,招商证券股份有限公司,,每周周二、周四,否,1%,,0%,,,,0.01,,0.025%,0.025%,不收取业绩报酬,0-5亿元,P1020564
团队跟踪,复利瓴宇CTA精选1号私募证券投资基金B类份额,TB145B,复利瓴宇CTA精选1号私募证券投资基金B类份额,TB145B,上海复利投资,,2021-10-26,,招商证券股份有限公司,,每周周二、周四,否,1%,,0%,,,,0,,0.025%,0.025%,不收取业绩报酬,0-5亿元,P1020564
团队跟踪,量衍鸣澜1号私募证券投资基金A类份额,TB526A,量衍鸣澜1号私募证券投资基金A类份额,TB526A,浙江量衍投资,,2021-11-15,2021-11-22,海通证券股份有限公司,,每个交易日（6个月内投资者不可赎回只能申购，可以申购、赎回，管理人可视情况临时开放，临时开放只能赎回，不能申购）,否,0%,10 万元,持有期小于12个月，赎回费率为1%；持有期大等于12个月，赎回费率为0%,0.85,,0.8,0.015,,0.03%,0.03%,20%,0-5亿元,P1066658
团队跟踪,明钺美丽中国股票母基金私募证券投资基金A类,TB887A,明钺美丽中国股票母基金私募证券投资基金A类,TB887A,珠海明钺,,2021-11-04,,招商证券股份有限公司,,,否,,,,,,,0,,,,,50-100亿元,P1066816
团队跟踪,明钺美丽中国股票母基金私募证券投资基金B类,TB887B,明钺美丽中国股票母基金私募证券投资基金B类,TB887B,珠海明钺,,2021-11-26,0000-00-00,招商证券股份有限公司,,,否,,,,,,,0,,,,,50-100亿元,P1066816
团队跟踪,绰瑞汇海9号私募证券投资基金A类份额,TB980A,绰瑞汇海9号私募证券投资基金A类份额,TB980A,上海绰瑞,,2021-11-01,2021-11-02,招商证券股份有限公司,,,否,,,,,,,0,,,,,10-20亿元,P1006129
团队跟踪,微观博易-黎夏三号私募证券投资基金A类份额,TC172A,微观博易-黎夏三号私募证券投资基金A类份额,TC172A,北京微观博易,,2021-11-23,2021-11-25,招商证券股份有限公司,,,否,,,,,,,0,,,,,100亿元以上,P1031932
团队跟踪,源晖量化中性11号私募证券投资基金A类,TC420A,源晖量化中性11号私募证券投资基金A类,TC420A,北京源晖投资,,2021-11-26,,中泰证券股份有限公司,,每个交易日,否,0%,,0%,0.95,无,0.92,0,,0.025%,0.025%,不计提业绩报酬,5-10亿元,P1067910
团队跟踪,臻选仙人掌远航私募证券投资基金D类份额,TC794D,臻选仙人掌远航私募证券投资基金D类份额,TC794D,海南臻选,,2021-12-24,2021-12-29,,,,否,,,,,,,0,,,,,5-10亿元,P1072693
团队跟踪,大道丰盈1000指数增强私募证券投资基金A类份额,TC841A,大道丰盈1000指数增强私募证券投资基金A类份额,TC841A,深圳大道投资,,2021-11-15,2021-11-16,招商证券股份有限公司,,,否,,,,,,,0,,,,,100亿元以上,P1032257
团队跟踪,大道丰盈1000指数增强私募证券投资基金B类份额,TC841B,大道丰盈1000指数增强私募证券投资基金B类份额,TC841B,深圳大道投资,,2021-11-15,2021-11-16,招商证券股份有限公司,,,否,,,,,,,0,,,,,100亿元以上,P1032257
团队跟踪,德粤中证1000指数增强私募证券投资基金B类份额,TD713B,德粤中证1000指数增强私募证券投资基金B类份额,TD713B,广东德粤赑鑫,,2021-11-22,2021-11-26,中信证券股份有限公司,,每自然月第10个自然日为开放日。如该对应日为非工作日，则开放日为该日后的第一个工作日。,可临开申购,,每次追加申购的最低金额为10万元人民币。,,0.8,成立后180天（已结束）。,0.75,0,,0.025%/年,0.025%/年,,0-5亿元,P1024911
团队跟踪,盖亚青柯中证500指数增强1号B类,TE437B,盖亚青柯中证500指数增强1号私募证券投资基金B类,TE437B,海南盖亚青柯,,2021-12-06,,中泰证券股份有限公司,,每个交易日,否,0%,,0%,,,,0,,0.015%,0.015%,不提取业绩报酬,20-50亿元,P1072468
团队跟踪,量派专享十号私募证券投资基金A类份额,TF318A,量派专享十号私募证券投资基金A类份额,TF318A,上海量派投资,,2021-11-17,2021-11-23,招商证券股份有限公司,,每自然月第10个自然日为开放日。如该对应日为非工作日，则开放日为该日后的第一个工作日。,可临开申购和可临开赎回,,每次追加申购的最低金额为10万元人民币。,,0.8,成立后180天（已结束）。,0.75,0,,0.025%/年,0.025%/年,,100亿元以上,P1071253
团队跟踪,复利瓴宇套利增强1号私募证券投资基金A类,TF894A,复利瓴宇套利增强1号私募证券投资基金A类,TF894A,上海复利投资,,2021-12-06,,招商证券股份有限公司,,每周周五,否,1%,,0%,,,,0,,0.025%,0.025%,不收取业绩报酬,0-5亿元,P1020564
团队跟踪,致达仟贝私募证券投资基金A类份额,TG251A,致达仟贝私募证券投资基金A类份额,TG251A,广东致达,,2022-12-16,2022-12-22,华福证券有限责任公司,,每个交易日,可临开赎回,1%,1万元起,持有期小于180天，赎回费率为2%；持有期大等于180天，赎回费率为1%,,,,0.02,,0.03%,0.02%,"Ri,j＜0%，计提0%，PFi,j=0；
0%≤Ri,j＜40%，计提30%，PFi,j=Fi,j×Ri,j ×HWM0×30%×T/365；
40%≤Ri,j＜80%，计提60%，PFi,j=Fi,j×Ri,j ×HWM0×60%×T/365；
80%≤Ri,j，计提60%，PFi,j=Fi,j×Ri,j ×HWM0×60%×T/365。",10-20亿元,P1072465
团队跟踪,坤望远见3号私募证券投资基金B类份额,TG471B,坤望远见3号私募证券投资基金B类份额,TG471B,上海坤望,,2021-11-25,2021-12-02,华泰证券股份有限公司,,,否,,,,,,,0,,,,,20-50亿元,P1072723
团队跟踪,臻选私享童氏传承私募证券投资基金B类份额,TG634B,臻选私享童氏传承私募证券投资基金B类份额,TG634B,海南臻选,,2021-12-07,2021-12-10,国泰君安证券股份有限公司,,,否,,,,,,,0,,,,,5-10亿元,P1072693
团队跟踪,宁苑沛华稳定增长一号私募证券投资基金A类份额,TG733A,宁苑沛华稳定增长一号私募证券投资基金A类份额,TG733A,上海宁苑资管,,2021-11-29,2021-12-06,中信证券股份有限公司,,每日,否,0,,存量投资者A类：少于12月，1%，归基金,,无,,0.02,,0.015%,0.015%,20%,50-100亿元,P1018867
团队跟踪,千衍六维1号私募证券投资基金B类份额,TG944B,千衍六维1号私募证券投资基金B类份额,TG944B,上海千衍,,2022-05-05,2022-05-10,华泰证券股份有限公司,,每周二、周三,否,0%,,持有期小于3个月，赎回费率为0.5%；持有期大等于3个月，赎回费率为 0%,,无,,0.01,,0.01%,0.01%,年化收益大于0%时，管理人提取超过年化收益0%盈利部分的20%作为业绩报酬,100亿元以上,P1009640
团队跟踪,源晖中证1000指数增强私募证券投资基金B类,TH252B,源晖中证1000指数增强私募证券投资基金B类,TH252B,北京源晖投资,,2021-12-06,,中信证券股份有限公司,,每周二、周四，若对应日为非工作日，则顺延至下一个工作日。,否,0%,,D＜180天：1%；D≥180天：0%；基金终止或清算：0%,,无,,0.01,1.0%,0.025%,0.025%,以中证1000为业绩报酬起点，业绩报酬为：20.0%,5-10亿元,P1067910
团队跟踪,龙旗红利指增1号私募证券投资基金B类份额,TH425B,龙旗红利指增1号私募证券投资基金B类份额,TH425B,杭州龙旗科技,,2024-12-18,2024-12-23,华泰证券股份有限公司,,,否,,,,,,,0,,,,,100亿元以上,P1000676
团队跟踪,瑞倍高森C类,TJ068C,瑞倍高森私募证券投资基金C类份额,TJ068C,宁波瑞倍,,2021-12-15,2021-12-15,国泰君安证券股份有限公司,,每天开放申购， 每周一、三、五开放赎回,否,,1万元起,,,无,,0,,0.025%,0.025%,,10-20亿元,P1010568
团队跟踪,宁涌富春分7号私募证券投资基金B类份额,TJ436B,宁涌富春分7号私募证券投资基金B类份额,TJ436B,上海宁涌富,,2021-12-06,2021-12-09,中信证券股份有限公司,,每个工作日,否,0%,,持有期小于365天，赎回费率为2%；持有期大等于365天，赎回费率为0%,0.7,,0.5,0.01,,0.025%,0.025%,对期间年化收益率超过 6%以上部分按照 25%的比例收取业绩报酬。,10-20亿元,P1072718
团队跟踪,量道风云3号私募证券投资基金A类份额,TJ765A,量道风云3号私募证券投资基金A类份额,TJ765A,深圳量道投资,,2021-12-01,2021-12-02,兴业证券股份有限公司,,每个交易日,否,0,1万元起,0,,无,,0.01,,0.015%,0.015%,"采用单个投资者单笔高水位净值法，计提比例为30%。
计提基准日：赎回申请日、基金清算日",100亿元以上,P1016658
团队跟踪,量道风云3号私募证券投资基金B类份额,TJ765B,量道风云3号私募证券投资基金B类份额,TJ765B,深圳量道投资,,2021-12-01,0000-00-00,兴业证券股份有限公司,,每个交易日,否,0%,1万元起,0%（可金额赎回）,,无,,0,,,0.015%,不收取业绩报酬,100亿元以上,P1016658
团队跟踪,博孚利量化掘金1号私募证券投资基金A类份额,TJ782A,博孚利量化掘金1号私募证券投资基金A类份额,TJ782A,厦门博孚利资管,,2021-12-02,2021-12-02,招商证券股份有限公司,,每周一、三、五（法定节假日顺延）,可临开赎回,,不少于1万元且为1万元的整数倍,,,无,,0,,0.025%,0.025%,,50-100亿元,P1023120
团队跟踪,博孚利量化掘金1号私募证券投资基金B类份额,TJ782B,博孚利量化掘金1号私募证券投资基金B类份额,TJ782B,厦门博孚利资管,,2021-12-02,2021-12-02,招商证券股份有限公司,,每周一、三、五（法定节假日顺延）,可临开赎回,,不少于1万元且为1万元的整数倍,,,无,,0,,0.025%,0.025%,,50-100亿元,P1023120
团队跟踪,臻选私享芬泽四海私募证券投资基金B类份额,TK194B,臻选私享芬泽四海私募证券投资基金B类份额,TK194B,海南臻选,,2022-07-28,2022-08-02,国泰君安证券股份有限公司,,,否,,,,,,,0,,,,,5-10亿元,P1072693
团队跟踪,合骥景卓CTA3号私募证券投资基金A类份额,TK477A,合骥景卓CTA3号私募证券投资基金A类份额,TK477A,上海合骥,,2021-12-09,2021-12-17,国泰君安证券股份有限公司,,,否,,,,,,,0,,,,,100亿元以上,P1072437
团队跟踪,合骥景卓CTA3号私募证券投资基金B类份额,TK477B,合骥景卓CTA3号私募证券投资基金B类份额,TK477B,上海合骥,,2021-12-09,,国泰君安证券股份有限公司,,申购开放日为每周周一，赎回开放日为每月最后一个交易日,否,1%,10万,0%,0.85,无,0.8,0.018,,0.025%,0.025%,20%,100亿元以上,P1072437
团队跟踪,宽德金选多策略指数加1号私募证券投资基金B类份额,TK860B,宽德金选多策略指数加1号私募证券投资基金B类份额,TK860B,上海宽德,,2022-01-05,2022-01-19,国泰君安证券股份有限公司,,,否,,,,,,,0,,,,,100亿元以上,P1005623
团队跟踪,博孚利擢英私募证券投资基金A类份额,TL483A,博孚利擢英私募证券投资基金A类份额,TL483A,厦门博孚利资管,,2021-12-24,,国泰君安证券股份有限公司,,每个交易日,否,1%,1万元的整数倍,持有期小于180天，赎回费率为1%；持有期大等于180天，赎回费率为0%,0.8,无,0.7,0.005,,0.025%,0.025%,高水位法，计提绝对收益的40%,50-100亿元,P1023120
团队跟踪,博孚利擢英私募证券投资基金B类份额,TL483B,博孚利擢英私募证券投资基金B类份额,TL483B,厦门博孚利资管,,2021-12-24,,国泰君安证券股份有限公司,,每个交易日,否,1%,1万元的整数倍,持有期小于180天，赎回费率为1%；持有期大等于180天，赎回费率为0%,0.8,无,0.7,0,,0%,0%,,50-100亿元,P1023120
团队跟踪,盛冠达时代匠心19号私募证券投资基金B类份额,TL699B,盛冠达时代匠心19号私募证券投资基金B类份额,TL699B,海南盛冠达,,2021-12-09,2021-12-16,招商证券股份有限公司,,每日,否,,,,,,,0,,0.03%,0.03%,,20-50亿元,P1001070
团队跟踪,泰铼广泰中证500指数增强1号私募证券投资基金A类份额,TM124A,泰铼广泰中证500指数增强1号私募证券投资基金A类份额,TM124A,北京泰铼投资,,2022-01-10,2022-01-10,广发证券股份有限公司,,每月5号、20号（份额锁定期180天）,否,单笔申购金额＜300万元，申购费率为1%；300万元≤单笔申购金额＜500万元，申购费率0.8%；500万元≤单笔申购金额，申购费率为0.5%,不低于1万,持有期小于360天，赎回费率为1%；持有期大等于360天，赎回费率为0%,,,,0.01,销售服务费：1%,0.05%,0.05%,对每笔份额的份额累计净值超过历史份额计提日最高份额累计净值部分，根据一定的比例计提业绩报酬，A类份额：20%,10-20亿元,P1005221
团队跟踪,博孚利哲理私募证券投资基金A类份额,TM324A,博孚利哲理私募证券投资基金A类份额,TM324A,厦门博孚利资管,,2021-12-24,0000-00-00,国泰君安证券股份有限公司,,每个交易日,否,1%,,持有期小于180天，赎回费率为1%；持有期大等于180 天，赎回费率为0%,0.8,无,0.7,0.005,,0.025%,0.025%,不计提业绩报酬,50-100亿元,P1023120
团队跟踪,博孚利哲理私募证券投资基金B类份额,TM324B,博孚利哲理私募证券投资基金B类份额,TM324B,厦门博孚利资管,,2021-12-24,0000-00-00,国泰君安证券股份有限公司,,每个交易日,否,1%,,持有期小于180天，赎回费率为1%；持有期大等于180 天，赎回费率为0%,0.8,无,0.7,0,,0%,0%,不计提业绩报酬,50-100亿元,P1023120
团队跟踪,复利瓴宇CTA精选3号私募证券投资基金A类,TN024A,复利瓴宇CTA精选3号私募证券投资基金A类,TN024A,上海复利投资,,2021-12-17,,招商证券股份有限公司,,申购开放日为每自然周周三，赎回开放日为每自然月23号,否, 1%,,持有期小于12个月，赎回费率 1%；持有期大等于12个月，赎回费率0%,,,,0,,0.025%,0.025%,不计提业绩报酬,0-5亿元,P1020564
团队跟踪,臻选石门一号私募证券投资基金A类份额,TN228A,臻选石门一号私募证券投资基金A类份额,TN228A,海南臻选,,2021-12-22,2021-12-27,国泰君安证券股份有限公司,,,否,,,,,,,0.01,,,,,5-10亿元,P1072693
团队跟踪,艮岳鲲鹏1号A类,TN403A,艮岳鲲鹏1号私募证券投资基金A类份额,TN403A,杭州艮岳,,2021-12-20,,中信证券股份有限公司,,,否,,,,,,,0,,,,,20-50亿元,P1032168
团队跟踪,奕睿CTA一期A私募证券投资基金A类份额,TN659A,奕睿CTA一期A私募证券投资基金A类份额,TN659A,上海奕睿,,2021-12-23,2022-01-04,招商证券股份有限公司,,,否,,,,,,,0,,,,,0-5亿元,P1072839
团队跟踪,奕睿CTA一期A私募证券投资基金B类份额,TN659B,奕睿CTA一期A私募证券投资基金B类份额,TN659B,上海奕睿,,2021-12-23,2022-01-04,招商证券股份有限公司,,,否,,,,,,,0,,,,,0-5亿元,P1072839
团队跟踪,量道观澜1号私募证券投资基金A类份额,TN744A,量道观澜1号私募证券投资基金A类份额,TN744A,深圳量道投资,,2021-12-20,0000-00-00,兴业证券股份有限公司,,每个交易日,否,0%,1万元的整数倍,0%,,无,,0.002,本基金A类基金份额的管理费年费率为0.2％，年保底费为15万元，按日保底。,0.015%/年,0.015%/年,本基金不收取业绩报酬。,100亿元以上,P1016658
团队跟踪,量道观澜1号私募证券投资基金B类份额,TN744B,量道观澜1号私募证券投资基金B类份额,TN744B,深圳量道投资,,2021-12-20,,兴业证券股份有限公司,,每个交易日,否,1%,1万元起,0%,0.8,无,0.7,0,,,0.015%,不计提业绩报酬,100亿元以上,P1016658
团队跟踪,特夫郁金香量化混合1号B类,TN967B,特夫郁金香量化混合1号私募证券投资基金B类,TN967B,上海特夫,,2021-12-22,,华鑫证券有限责任公司,,申购开放日为每周最后一个交易日；赎回开放日为每个自然月最后一个交易日,可临开赎回,0%,不低于1万元,0%,0.92,,0.9,0.015,,0.25%,0.25%,20%，单客户单笔高水位法,5-10亿元,P1026263
团队跟踪,赜远致行量化对冲3号私募证券投资基金B类份额,TP481B,赜远致行量化对冲3号私募证券投资基金B类份额,TP481B,珠海赜远,,2022-01-11,2022-01-14,中信证券股份有限公司,,,否,,,,,,,0,,,,,5-10亿元,P1072412
团队跟踪,衍合1000指数增强1号A类,TQ512A,衍合1000指数增强1号私募证券投资基金A类份额,TQ512A,上海衍合,,2021-12-31,2022-01-24,国泰君安证券股份有限公司,,"申购：每个交易日
赎回：每个交易日",否,0%,不低于1万元,小于180天（不含）2%，180天及以上0%,,无,,0.01,,0.025%,0.025%,"超额收益收取：
计提超过中证1000指数同期收益部分的20%",50-100亿元,P1070871
团队跟踪,英旷专享3号私募证券投资基金A类份额,TQ844A,英旷专享3号私募证券投资基金A类份额,TQ844A,上海英旷资管,,2022-01-14,2022-01-24,中信证券股份有限公司,,每个自然周的周一,可临开赎回,,当不少于【1】万元,,0.95,无,0.9,0,,0.025%,0.025%,,0-5亿元,P1071507
团队跟踪,英旷专享3号私募证券投资基金B类份额,TQ844B,英旷专享3号私募证券投资基金B类份额,TQ844B,上海英旷资管,,2022-01-14,2022-01-24,中信证券股份有限公司,,每个自然周的周一,可临开赎回,,当不少于【1】万元,,0.95,无,0.9,0,,0.025%,0.025%,,0-5亿元,P1071507
团队跟踪,浑瑾岳杨私募证券投资基金B类份额,TS361B,浑瑾岳杨私募证券投资基金B类份额,TS361B,珠海浑瑾,,2022-01-18,2022-01-21,中信证券股份有限公司,,,否,,,,,,,0,,,,,20-50亿元,P1072408
团队跟踪,半鞅中证500指数增强私募证券投资基金B类份额,TT008B,半鞅中证500指数增强私募证券投资基金B类份额,TT008B,半鞅基金,,2022-01-19,2022-01-24,中信证券股份有限公司,,,否,,,,,,,0,,,,,100亿元以上,P1072919
团队跟踪,富犇尊享稳进1号私募证券投资基金B类份额,TT359B,富犇尊享稳进1号私募证券投资基金B类份额,TT359B,上海富犇投资,,2022-02-15,2022-02-23,广发证券股份有限公司,,每周周一、周三、周五,否,1%（可减免）,,持有期小于180天，赎回费率为1%；持有期大等于180天，赎回费率为0%（可减免）,0.88,,0.85,0.01,,0.05%,0.05%,20%,5-10亿元,P1025359
团队跟踪,熙德博远成长优选A类,TT412A,熙德博远成长优选私募证券投资基金A类,TT412A,青岛熙德博远,,2022-01-14,,海通证券股份有限公司,,每个交易日,否,0%,不低于1 万元,持有期小等于180天，赎回费率为2%；持有期大于180天，赎回费率为0%,,无,,0.015,,0.015%,0.015%,20%,0-5亿元,P1069721
团队跟踪,守朴价值6号私募证券投资基金A类份额,TT666A,守朴价值6号私募证券投资基金A类份额,TT666A,上海守朴资管,,2022-01-25,,招商证券股份有限公司,,每周一可申赎,可临开赎回,0.60%,不低于 1 万元人民币,天|%|0|1|90|0.5|180|0,,无,,0.007,0.70%,0.010%,0.010%,0|0|0.04|0.20,5-10亿元,P1068966
团队跟踪,汇利玖奕2号私募证券投资基金A类份额,TT722A,汇利玖奕2号私募证券投资基金A类份额,TT722A,上海汇利资管,,2022-01-17,,中信建投证券股份有限公司,,每个工作日,否,0%,,0%,,无,,0.01,,0.025%,0.025%,40%,0-5亿元,P1000313
团队跟踪,汇利玖奕3号私募证券投资基金A类份额,TT749A,汇利玖奕3号私募证券投资基金A类份额,TT749A,上海汇利资管,,2022-01-17,2022-01-28,中信建投证券股份有限公司,,申购：每个工作日 赎回：每个工作日,否,0%,不低于 1 万元,0%,,无,,0.01,A 类份额的年管理费率为 1%，B 类份额不收取管理费。,0.025%,0.025%,"整体收益收取：
A 类份额业绩报酬提取比例为 40%，B 类份额不收取业绩报酬。",0-5亿元,P1000313
团队跟踪,汇利玖奕4号私募证券投资基金A类份额,TT757A,汇利玖奕4号私募证券投资基金A类份额,TT757A,上海汇利资管,,2022-01-17,,中信建投证券股份有限公司,,每个工作日,否,0%,,0%,,无,,0.01,,0.025%,0.025%,40%,0-5亿元,P1000313
团队跟踪,金时迎来私募证券投资基金A类,TT941A,金时迎来私募证券投资基金A类,TT941A,杭州金时资管,,2022-01-21,,招商证券股份有限公司,,每周周三,否,1%,,持有期小于365天，赎回费率为1%；持有期大等于365天，赎回费率为0%（不满6个月不能赎回）,0.8,,0.75,0.01,,,,20%,5-10亿元,P1069561
团队跟踪,杨湜多策略2号私募证券投资基金B类份额,TU531B,杨湜多策略2号私募证券投资基金B类份额,TU531B,上海杨湜投资,,2022-01-20,2022-01-20,国信证券股份有限公司,,每周三,否,,,,0.8,,0.75,0,,0.015%,0.015%,,10-20亿元,P1032870
团队跟踪,银杏宏峰一号私募证券投资基金A类份额,TV131A,银杏宏峰一号私募证券投资基金A类份额,TV131A,新余银杏环球投资,,2022-02-07,2022-02-08,中信证券股份有限公司,,,否,,,,,,,0,,,,,0-5亿元,P1065934
团队跟踪,博孚利玉江郎1号私募证券投资基金A类份额,TV136A,博孚利玉江郎1号私募证券投资基金A类份额,TV136A,厦门博孚利资管,,2022-01-21,0000-00-00,招商证券股份有限公司,,每周周二,否,0%,1万元的整数倍,0%,,无,,0,,0.02%,0.02%,不计提业绩报酬,50-100亿元,P1023120
团队跟踪,博孚利玉江郎1号私募证券投资基金B类份额,TV136B,博孚利玉江郎1号私募证券投资基金B类份额,TV136B,厦门博孚利资管,,2022-01-21,0000-00-00,招商证券股份有限公司,,每周周二,否,申购金额小于 500万元，申购费率为 1%；申购金额大等于 500万元，申购费率为0%,1万元的整数倍,0%,,无,,0.01,,0.02%,0.02%,门槛收益率法，年化10%以上计提5%,50-100亿元,P1023120
团队跟踪,迎水元宝11号A类,TV497A,迎水元宝11号私募证券投资基金A类份额,TV497A,上海迎水投资,,2022-02-07,2022-02-07,国泰君安证券股份有限公司,,每个交易日,否,1%,,持有期小于360天，赎回费率为1%；持有期大等于360天，赎回费率为0%,,,,0.01,,0.025%,0.025%,单个投资者单笔高水位净值法，40%,100亿元以上,P1022432
团队跟踪,迎水元宝11号私募证券投资基金B类份额,TV497B,迎水元宝11号私募证券投资基金B类份额,TV497B,上海迎水投资,,2022-02-07,2022-02-07,国泰君安证券股份有限公司,,每个交易日,否,0%,,0%,,,,0.005,,0.025%,0.025%,0%,100亿元以上,P1022432
团队跟踪,迎水元宝12号私募证券投资基金A类份额,TV501A,迎水元宝12号私募证券投资基金A类份额,TV501A,上海迎水投资,,2022-02-28,2022-02-28,国泰君安证券股份有限公司,,每个交易日,否,1%,,持有期小于360天，赎回费率为1%；持有期大等于360天，赎回费率为0%,,,,0.01,,0.025%,0.025%,单个投资者单笔高水位净值法，40%,100亿元以上,P1022432
团队跟踪,迎水元宝12号私募证券投资基金B类份额,TV501B,迎水元宝12号私募证券投资基金B类份额,TV501B,上海迎水投资,,2022-02-28,2022-02-28,国泰君安证券股份有限公司,,每个交易日,否,0%,,0%,,,,0.005,,0.025%,0.025%,0%,100亿元以上,P1022432
团队跟踪,纽达投资可转债七号私募证券投资基金B类份额,TV549B,纽达投资可转债七号私募证券投资基金B类份额,TV549B,珠海纽达投资,,2022-02-07,2022-02-07,广发证券股份有限公司,,每周周五,否,单笔申购金额＜300万元，申购费率为1%；300万元≤单笔申购金额＜1000万元，申购费率为0.5%；1000万元≤单笔申购金额，申购费率为0%,,持有期小于365天，赎回费率为1%；持有期大等于365天，赎回费率为0%,0.85,,0.75,0.0075,,0.05%,0.05%,"在业绩报酬计提日对每笔份额的份额累计净值超过历史计提日最高份额累计净值部分,根据一定的比例计提业绩报酬，B 类份额提取比例为20%",100亿元以上,P1066731
团队跟踪,迎水元宝9号私募证券投资基金A类,TV603A,迎水元宝9号私募证券投资基金A类,TV603A,上海迎水投资,,2022-02-24,,国泰君安证券股份有限公司,,每个交易日,否,1%,,持有期小于360 天，赎回费率为1%；持有期大等于360天，赎回费率为0%,,无,,0.005,,0.025%,0.025%,40%,100亿元以上,P1022432
团队跟踪,静瑞灵动增长私募证券投资基金A类份额,TW897A,静瑞灵动增长私募证券投资基金A类份额,TW897A,上海静瑞,,2022-08-04,2022-08-10,招商证券股份有限公司,,每周五开放(如遇节假日则顺延至下一个交易日）,可临开赎回,无,,无,,无,,0.01,,,,采取“单客户单笔份额高水位法”:业绩报酬提取时点分为固定时点提取、分红时提取、赎回时提取和合同终止时提取，计提比例为创新高部分的15%。其中，固定时点提取采用扣减份额的方式计提，时间为每个自然年度12月15日(遇非交易日，则顺延至下一交易日)。,50-100亿元,P1072080
团队跟踪,广聚星合演绎1号私募证券投资基金A类份额,TX122A,广聚星合演绎1号私募证券投资基金A类份额,TX122A,共青城广聚星合,,2022-07-21,2022-07-26,国泰君安证券股份有限公司,,每周周三,否,0%,10万起,0%,0.91,无,0.9,0.01,,0.02%,0.02%,"20%。
计提基准日：投资者赎回日、分红权益登记日、基金清算日。",10-20亿元,P1071800
团队跟踪,勤辰金选创赢成长1号私募证券投资基金B类份额,TX170B,勤辰金选创赢成长1号私募证券投资基金B类份额,TX170B,上海勤辰,,2022-07-22,2022-07-27,国泰君安证券股份有限公司,,,否,,,,,,,0,,,,,100亿元以上,P1073280
团队跟踪,蒙玺中证1000指数量化2号私募证券投资基金B类份额,TX472B,蒙玺中证1000指数量化2号私募证券投资基金B类份额,TX472B,上海蒙玺投资,,2022-07-21,,国泰君安证券股份有限公司,,每个交易日,否,1%,,持有期小于180天，赎回费率为1%；持有期大等于180天，赎回费率为0%,,无,,0.01,,0.02%,0.02%,20%,100亿元以上,P1063294
团队跟踪,蒙玺国证2000指数量化3号私募证券投资基金B类份额,TX510B,蒙玺国证2000指数量化3号私募证券投资基金B类份额,TX510B,上海蒙玺投资,,2022-07-22,,国泰君安证券股份有限公司,,每个交易日,否,1%,,持有期小于180天，赎回费率为1%；持有期大等于180天，赎回费率为0%,,无,,0.01,,0.02%,0.02%,"提取时间：赎回时、分红时、到期时；
提取标准：当对应份额在持有期的年化收益率大于 0 且超过同期国证 2000 指数（399303）收益率时提取超额部分的 20%作为业绩报酬",100亿元以上,P1063294
团队跟踪,静实致远增强B类,TX963B,静实致远增强私募证券投资基金B类份额,TX963B,共青城静实投资,,2022-07-22,,兴业证券股份有限公司,,每周三,否,0%,1万元起,0%,0.7,,0.6,0.01,,0.025%,0.025%,单客户单笔高水位20%,5-10亿元,P1070233
团队跟踪,龙帆优孚1号私募证券投资基金A类,TY187A,龙帆优孚1号私募证券投资基金A类,TY187A,厦门龙帆资管,,2022-07-20,,兴业证券股份有限公司,,每个交易日,否,0%,,0%,,无,,0.012,,0.025％,0.025％,20%,5-10亿元,P1062076
团队跟踪,龙帆优孚1号私募证券投资基金B类,TY187B,龙帆优孚1号私募证券投资基金B类,TY187B,厦门龙帆资管,,2022-07-20,,兴业证券股份有限公司,,每个交易日,否,0%,,0%,,无,,0.002,,0.025％,0.025％,不计提业绩报酬,5-10亿元,P1062076
团队跟踪,思益对冲套利1号私募证券投资基金A类份额,TY231A,思益对冲套利1号私募证券投资基金A类份额,TY231A,海南思益,,2022-07-26,2022-07-29,华泰证券股份有限公司,,每日,可临开赎回,0%,不低于1万元,持有期小等于92天，赎回费率为1%；持有期大于92天，赎回费率为0%,0.85,无,0.8,0.01,,0.02%,0.02%,单人单笔高水位法，针对收益0%以上的部分计提20%业绩报酬,10-20亿元,P1073674
团队跟踪,安子心夏多策略一号私募证券投资基金A类份额,TY813A,安子心夏多策略一号私募证券投资基金A类份额,TY813A,深圳安子,,2022-08-09,2022-08-17,国泰君安证券股份有限公司,,申购开放日为每周周三，赎回开放日为每月第一个周三,否,1%,10万元,持有期小于180天，赎回费率为2%；持有期大等于180天且小于360天，赎回费率为1%；持有期大等于360 天，赎回费率为0%,,,,0.015,,0.02%,0.02%,20%；计提时点：投资者赎回日、分红权益登记日、基金清算日。,20-50亿元,P1071972
团队跟踪,鲁民投中证1000指数增强一号私募证券投资基金A类份额,TY963A,鲁民投中证1000指数增强一号私募证券投资基金A类份额,TY963A,鲁民投基金,,2022-07-27,2022-07-27,光大证券股份有限公司,,,否,,,,,,,0,,,,,100亿元以上,P1069017
团队跟踪,鲁民投中证1000指数增强一号私募证券投资基金B类份额,TY963B,鲁民投中证1000指数增强一号私募证券投资基金B类份额,TY963B,鲁民投基金,,2022-07-27,2022-07-27,光大证券股份有限公司,,,否,,,,,,,0,,,,,100亿元以上,P1069017
团队跟踪,量道兵法7号私募证券投资基金B类份额,TZ022B,量道兵法7号私募证券投资基金B类份额,TZ022B,深圳量道投资,,2022-07-25,0000-00-00,兴业证券股份有限公司,,每个交易日,可临开赎回,0%,1万元起,0%（可金额赎回）,,无,,0,,,0.015％,不计提业绩报酬,100亿元以上,P1016658
团队跟踪,绰瑞金轮7号私募证券投资基金A类份额,TZ187A,绰瑞金轮7号私募证券投资基金A类份额,TZ187A,上海绰瑞,,2022-07-26,2022-07-27,华泰证券股份有限公司,,,否,,,,,,,0.01,,,,20%,10-20亿元,P1006129
团队跟踪,安子极客中证1000增强一号私募证券投资基金A类份额,TZ906A,安子极客中证1000增强一号私募证券投资基金A类份额,TZ906A,深圳安子,,2022-08-15,2022-08-18,国泰君安证券股份有限公司,,每周周五，如遇非交易日，提前至前一个交易日,可临开赎回,1%,10万元起,持有期小于180天，赎回费率为2%；持有期大等于180天且小于360天，赎回费率为1%；持有期大等于360 天，赎回费率为0%,,无,,0.015,每日计提，按自然季度支付,0.02%/年,0.02%/年,20%；计提时点：投资者赎回日、分红权益登记日、基金清算日。,20-50亿元,P1071972
团队跟踪,蒙玺国证2000指数量化1号B类,VA137B,蒙玺国证2000指数量化1号私募证券投资基金B类份额,VA137B,上海蒙玺投资,,2022-02-21,,国泰君安证券股份有限公司,,每个交易日,可临开赎回,1%,,0%,,无,,0.01,1%,0.025%,0.025%,收益大于0%且超过同期国证2000指数收益率时提取超额部分的20%作为业绩报酬,100亿元以上,P1063294
团队跟踪,翔云50二号私募证券投资基金A类份额,VB166A,翔云50二号私募证券投资基金A类份额,VB166A,广州翔云,,2022-02-09,,华泰证券股份有限公司,,每月最后一天,可临开赎回,1%,不低于10万,180天1%；360天0.5%,,90天,,0.01,,0.025%,0.025%,20%,10-20亿元,P1007271
团队跟踪,翔云50二号私募证券投资基金B类份额,VB166B,翔云50二号私募证券投资基金B类份额,VB166B,广州翔云,,2022-02-09,2022-02-17,华泰证券股份有限公司,,每月倒数第1个交易日,否,,不低于10万,,,90天,,0,,0.025%,0.025%,,10-20亿元,P1007271
团队跟踪,半鞅量化精选私募证券投资基金B类份额,VB591B,半鞅量化精选私募证券投资基金B类份额,VB591B,半鞅基金,海南半鞅,2022-02-21,2022-02-28,中信证券股份有限公司,,每个工作日,否,0%,,持有期小于180天，赎回费率为1%；180天≤持有期限<365天，赎回费率为0.5%；持有期限≥365天，赎回费率为0%,0.6,,0.5,0.01,,0.01%,0.01%,"计提比例:20%；
计提方式:单客户高水位法",100亿元以上,P1072919
团队跟踪,庄贤亨贞期权定制五号私募证券投资基金A类份额,VB621A,庄贤亨贞期权定制五号私募证券投资基金A类份额,VB621A,杭州庄贤投资,,2022-02-17,2022-02-22,招商证券股份有限公司,,,否,,,,,,,0,,,,,20-50亿元,P1063460
团队跟踪,臻选远识价值优选私募证券投资基金B类份额,VB724B,臻选远识价值优选私募证券投资基金B类份额,VB724B,海南臻选,,2022-03-15,2022-03-21,国泰君安证券股份有限公司,,,否,,,,,,,0,,,,,5-10亿元,P1072693
团队跟踪,合骥睿源500增强2号A类,VC177A,合骥睿源500增强2号私募证券投资基金A类份额,VC177A,上海合骥,,2022-03-01,2022-03-04,国泰君安证券股份有限公司,,每周一为申购开放日，每个月最后一个交易日为赎回开放日,否,1%,,,,无,,0.01,,0.025%,0.025%,,100亿元以上,P1072437
团队跟踪,白鹭权优1号私募证券投资基金B类份额,VC309B,白鹭权优1号私募证券投资基金B类份额,VC309B,浙江白鹭资管,,2022-04-11,2022-04-14,国泰君安证券股份有限公司,,,否,,,,,,,0,,,,,20-50亿元,P1030053
团队跟踪,百奕低波可转债私募证券投资基金A类份额,VC719A,百奕低波可转债私募证券投资基金A类份额,VC719A,上海百奕投资,,2022-02-28,2022-03-10,招商证券股份有限公司,,本基金开放日为每自然周周五（遇法定节假日则顺延至下一工作日）,可临开赎回,,每次追加认购金额应不低于1万元人民币,,0.8,无,0.7,0,,0.025%,0.025%,,0-5亿元,P1014097
团队跟踪,百奕低波可转债私募证券投资基金B类份额,VC719B,百奕低波可转债私募证券投资基金B类份额,VC719B,上海百奕投资,,2022-02-28,2022-03-10,招商证券股份有限公司,,本基金开放日为每自然周周五（遇法定节假日则顺延至下一工作日）,可临开赎回,,每次追加认购金额应不低于1万元人民币,,0.8,无,0.7,0,,0.025%,0.025%,,0-5亿元,P1014097
团队跟踪,盛冠达泽众进取6号私募证券投资基金C类份额,VD019C,盛冠达泽众进取6号私募证券投资基金C类份额,VD019C,海南盛冠达,,2022-06-21,2022-06-27,国泰君安证券股份有限公司,,每个交易日,否,0,,0-1%（90天为界）,,无,,0.01,,0.015%,0.015%,单人单笔高水位法，计提20%,20-50亿元,P1001070
团队跟踪,上海高恩价值策略1号A类,VD360A,上海高恩价值策略1号私募证券投资基金A类份额,VD360A,上海高恩,,2022-03-11,2022-03-18,国泰君安证券股份有限公司,,每周二周四,否,认购费率为1%；（可免）,,0 日<持有期限<365 日赎回费2% 持有期限≥365 日赎回费0%,,无,,0.01,,,,"管理费1%+20%
",20-50亿元,P1072816
团队跟踪,赜远金选量化对冲1号私募证券投资基金B类份额,VE320B,赜远金选量化对冲1号私募证券投资基金B类份额,VE320B,珠海赜远,,2022-03-17,2022-03-22,中信证券股份有限公司,,,否,,,,,,,0,,,,,5-10亿元,P1072412
团队跟踪,博孚利东山晓旭私募证券投资基金A类,VE814A,博孚利东山晓旭私募证券投资基金A类,VE814A,厦门博孚利资管,,2022-03-18,0000-00-00,国泰君安证券股份有限公司,,每周一、周三和周五,否,1%,1万元的整数倍,0%,,无,,0.012,,0.015%,0.015%,高水位法，计提绝对收益的10%,50-100亿元,P1023120
团队跟踪,博孚利东山晓旭私募证券投资基金B类,VE814B,博孚利东山晓旭私募证券投资基金B类,VE814B,厦门博孚利资管,,2022-03-18,0000-00-00,国泰君安证券股份有限公司,,每周一、周三和周五,否,0%,1 万元的整数倍,0%,,无,,0,,0.015%,0.015%,0%,50-100亿元,P1023120
团队跟踪,复利瓴宇财道1号3期私募证券投资基金A类份额,VF299A,复利瓴宇财道1号3期私募证券投资基金A类份额,VF299A,上海复利投资,,2022-03-07,,招商证券股份有限公司,,申购开放日为：每个工作日；赎回日开放日为：每月5号、20号,否,1%,,0%,,,0.85,0,,0.025%,0.025%,不计提业绩报酬,0-5亿元,P1020564
团队跟踪,嘉鸿璞真6号私募证券投资基金B类份额,VG092B,嘉鸿璞真6号私募证券投资基金B类份额,VG092B,上海嘉鸿,浙江嘉鸿资管,2023-01-12,2023-01-17,兴业证券股份有限公司,,,否,,,,,,,0,,,,,50-100亿元,P1068812
团队跟踪,极量巨浪FOF私募证券投资基金A类,VG299A,极量巨浪FOF私募证券投资基金A类,VG299A,共青城极量投资,,2022-09-14,,招商证券股份有限公司,,每个工作日,否,1%,,持有期小于12个月，赎回费率为1%；持有期小于12个月，赎回费率为0%,,,,0.01,,0.025%,,10%,10-20亿元,P1071373
团队跟踪,悦海盈和1000指数增强1号私募证券投资基金B类份额,VG537B,悦海盈和1000指数增强1号私募证券投资基金B类份额,VG537B,青岛悦海盈和,,2022-03-23,2022-03-29,招商证券股份有限公司,,,否,,,,,,,0,,,,,100亿元以上,P1070936
团队跟踪,品责七号私募证券投资基金B类份额,VG595B,品责七号私募证券投资基金B类份额,VG595B,上海品责资产,,2022-03-15,2022-03-18,招商证券股份有限公司,,,否,,,,,,,0,,,,,5-10亿元,P1020138
团队跟踪,捷荆天策10号私募证券投资基金A类份额,VG807A,捷荆天策10号私募证券投资基金A类份额,VG807A,浙江捷荆,,2022-04-08,2022-04-14,兴业证券股份有限公司,,每周周一、周三、周五,可临开赎回,0%,,0%,0.95,无,0.9,0.005,,0.025%,0.025%,单个基金份额持有人单笔投资高水位净值法，10%,0-5亿元,P1065132
团队跟踪,佳岳-实投聚配2号A类,VG861A,佳岳-实投聚配2号私募证券投资基金A类份额,VG861A,海南佳岳,,2022-03-23,,招商证券股份有限公司,,"申购：每个工作日
赎回：每个工作日",否,0%,不低于1万元,小于6个月2%；6个月及以上0%,,无,0.5,0.005,其中A类份额管理费率为0.5%，B类份额管理费率为0%。,0.025%,0.025%,"整体收益收取：
本基金只对A类份额计提业绩报酬，对B类份额不计提业绩报酬。业绩报酬的提取比例为15%。",20-50亿元,P1064142
团队跟踪,汇利玖奕6号私募证券投资基金A类份额,VG908A,汇利玖奕6号私募证券投资基金A类份额,VG908A,上海汇利资管,,2022-03-22,,申万宏源证券有限公司,,每个交易日,可临开赎回,0%,,0%,,,,0.01,,0.025%,0.025%,当收益率在 0%之内时，不计提；当收益率大于 0%时，超出部分计提比例为 40%,0-5亿元,P1000313
团队跟踪,赜远金选沪深300指数增强1号私募证券投资基金B类份额,VH433B,赜远金选沪深300指数增强1号私募证券投资基金B类份额,VH433B,上海天演,珠海赜远私募基金,2022-03-23,2022-03-28,中信证券股份有限公司,,,否,,,,,,,0,,,,,100亿元以上,P1004907
团队跟踪,四时之言1号私募证券投资基金A类份额,VH545A,四时之言1号私募证券投资基金A类份额,VH545A,青岛四时,,2022-03-29,2022-04-07,中信证券股份有限公司,,每周周五,否,,10万元起,,,,,0,,0.015%,0.015%,,0-5亿元,P1070945
团队跟踪,永利晨曦1号私募证券投资基金A类份额,VH770A,永利晨曦1号私募证券投资基金A类份额,VH770A,浙江钱唐永利资管,,2022-05-13,2022-05-13,国泰君安证券股份有限公司,,开放日：成立日之后每满 6 个月的对日（以上开放日如遇非交易日，均顺延至下一交易日）。基金成立日：2022-05-13   例如：基金成立日为 2022 年 3 月 30 日，则首个开放日为 2022 年 9 月 30 日，下一个开放日则为 2023 年 3 月 30 日。无锁定期。,可临开赎回,0,,赎回费：本基金A 类份额持有期限低于330 天（不含）的，赎回 费率为1%，份额持有期在330 天及以上的，赎回费率为0%,0.8,无,0.75,0.015,,,,业绩报酬的计算采取“单客户单笔份额高水位法”：在两类情况下管理人将根据基金份额持有人的收益情况对本基金提取业绩报酬，一类是基金份额持有人申请赎回或本基金终止时提取业绩报酬；另一类是分红时提取业绩报酬。R=基金份额持有人每一基金份额的年化收益率。当 R≥0 时，提取 20%作为业绩报酬；,50-100亿元,P1071364
团队跟踪,量派国证2000增强28号私募证券投资基金A类份额,VH784A,量派国证2000增强28号私募证券投资基金A类份额,VH784A,上海量派投资,,2022-08-15,,招商证券股份有限公司,,每个工作日,否,1%,,持有期小于6个月，赎回费率为1%；持有期大等于6个月，赎回费率为0%,,无,,0.01,,0.025%,0.025%,对标国证 2000 指数超额部分计提20%,100亿元以上,P1071253
团队跟踪,量派国证2000增强28号私募证券投资基金C类份额,VH784C,量派国证2000增强28号私募证券投资基金C类份额,VH784C,上海量派投资,,2022-08-15,2022-08-18,招商证券股份有限公司,,每个工作日,否,,,,,无,,0,,0.025%,0.025%,,100亿元以上,P1071253
团队跟踪,致同添利套利多策略私募证券投资基金A类份额,VH951A,致同添利套利多策略私募证券投资基金A类份额,VH951A,上海致同投资,,2022-03-24,,兴业证券股份有限公司,,每周周一（需持有满 1 个月（30 个自然日）后方可在开放日进行赎回）,否,0%,,0%,0.95,,0.92,0.01,,0.025％,0.025％,20％,20-50亿元,P1003519
团队跟踪,时间序列红橡多策略套利一号私募证券投资基金A类份额,VH992A,时间序列红橡多策略套利一号私募证券投资基金A类份额,VH992A,青岛时间序列资管,,2022-04-21,2022-04-28,中泰证券股份有限公司,,,否,,,,,,,0,,,,,10-20亿元,P1071639
团队跟踪,时间序列红橡多策略套利一号私募证券投资基金B类份额,VH992B,时间序列红橡多策略套利一号私募证券投资基金B类份额,VH992B,青岛时间序列资管,,2022-04-21,,中泰证券股份有限公司,,每周周五,否,0%,,0%,0.9,无,0.85,0.01,,0.025%,0.025%,计提0%以上整体收益的20%,10-20亿元,P1071639
团队跟踪,半鞅量化专享18号私募证券投资基金B类份额,VJ488B,半鞅量化专享18号私募证券投资基金B类份额,VJ488B,半鞅基金,,2022-04-29,2022-04-30,招商证券股份有限公司,,,否,,,,,,,0,,,,,100亿元以上,P1072919
团队跟踪,禄格2号B类,VJ549B,禄格2号私募证券投资基金B类份额,VJ549B,陕西禄格,,2022-03-28,2022-04-06,中信证券股份有限公司,,周开放,否,0%,,0%,,无,,0.015,,,,年化收益小于等于20%以下的部分收取20% ，年化20%以上的部分收取30%,0-5亿元,P1072306
团队跟踪,开思港股通中国红利C类,VK053C,开思港股通中国红利私募证券投资基金C类份额,VK053C,上海开思,,2022-06-09,2022-06-10,中信建投证券股份有限公司,,每个工作日,否,0%,10万元起,0%,,无,,0.008,,0.02%,0.02%,12%,100亿元以上,P1032176
团队跟踪,量道投资-招享锐进兵法6号私募证券投资基金A类,VK162A,量道投资-招享锐进兵法6号私募证券投资基金A类,VK162A,深圳量道投资,,2022-04-01,0000-00-00,招商银行股份有限公司,,,否,,,,,,,0,,,,,100亿元以上,P1016658
团队跟踪,托特市场中性1号B类,VK190B,托特市场中性1号私募证券投资基金B类份额,VK190B,三亚托特,,2022-07-27,2022-08-01,中信建投证券股份有限公司,,每周周三、周五,否,0%,1万元起,0%,0.92,无,0.9,0.01,,0.015%,0.015%,业绩报酬计提采取单客户单笔份额高水位法，在基金份额持有人赎回、分红和基金终止时计提业绩报酬。计提比例为20%。,100亿元以上,P1073258
团队跟踪,源晖中证500指数增强2号私募证券投资基金B类份额,VK217B,源晖中证500指数增强2号私募证券投资基金B类份额,VK217B,北京源晖投资,,2022-04-15,2022-04-15,申万宏源证券有限公司,,,否,,,,,,,0,,,,,5-10亿元,P1067910
团队跟踪,远信中国优质企业逆向策略1号私募证券投资基金B类,VK442B,远信中国优质企业逆向策略1号私募证券投资基金B类,VK442B,珠海远信,,2022-04-06,2022-04-11,广发证券股份有限公司,,每个交易日,否,0%,1万元起,持有期小于365天，赎回费率为1%；持有期大等于365天，赎回费率为0%,,,,0.01,,0.05%,0.05%,"16%。
业绩基准日：固定时点提取（每年12月20日）、收益分配基准日(若有)、投资者赎回日和基金清算基准日提取。",100亿元以上,P1029313
团队跟踪,垂云钟灵1号A类份额,VK868A,垂云钟灵1号A类份额,VK868A,海南垂云,,2022-05-05,2022-05-10,国泰君安证券股份有限公司,,,否,,,,,,,0,,,,,50-100亿元,P1072319
团队跟踪,德贝中证1000指数增强1号私募证券投资基金B类份额,VL369B,德贝中证1000指数增强1号私募证券投资基金B类份额,VL369B,上海德贝,,2022-04-22,2022-04-28,国泰君安证券股份有限公司,,,否,,,,,,,0,,,,,100亿元以上,P1071472
团队跟踪,艳珍山水1号A类,VL455A,艳珍山水1号私募证券投资基金A类份额,VL455A,北京艳珍,,2022-04-12,2022-04-13,中信证券股份有限公司,,每个交易日,否,,10万元起,,,,,0.01,,0.025%,,20%,10-20亿元,P1033899
团队跟踪,博孚利青璜2号私募证券投资基金A类份额,VL530A,博孚利青璜2号私募证券投资基金A类份额,VL530A,厦门博孚利资管,,2022-04-12,2022-04-12,招商证券股份有限公司,,每周二、周四申赎,可临开赎回,0,1万元起,180天1%,0.95,无,0.92,0.01,,0.02%,0.02%,,50-100亿元,P1023120
团队跟踪,博孚利青璜2号私募证券投资基金B类份额,VL530B,博孚利青璜2号私募证券投资基金B类份额,VL530B,厦门博孚利资管,,2022-04-12,2022-04-12,招商证券股份有限公司,,每周周二、周四,可临开赎回,0%,1万元起,0%,0.95,无,0.92,0,,0.02%,0.02%,不计提业绩报酬,50-100亿元,P1023120
团队跟踪,托特中证500指数增强3号私募证券投资基金A类份额,VL637A,托特中证500指数增强3号私募证券投资基金A类份额,VL637A,三亚托特,,2022-04-26,,中信证券股份有限公司,,每周周三,否,0%,1万元起,0%,0.7,无,0.6,0.01,,0.015%,0.015%,将根据委托人的期间年化收益率（R）超过业绩比较基准（不含）以上部分按照【20】%的比例收取业绩报酬，其中，本基金的业绩比较基准为：max(同期【中证 500 指数】年化收益率， 0%）,100亿元以上,P1073258
团队跟踪,托特市场中性2号私募证券投资基金A类份额,VL645A,托特市场中性2号私募证券投资基金A类份额,VL645A,三亚托特,,2022-04-18,,中信证券股份有限公司,,每周三,可临开赎回,0,不低于1万元,0,0.92,无,0.9,0.01,,0.015%,0.015%,20%,100亿元以上,P1073258
团队跟踪,金时鉐玖私募证券投资基金B类份额,VL784B,金时鉐玖私募证券投资基金B类份额,VL784B,厦门金时资管,,2022-04-12,2022-04-15,兴业证券股份有限公司,,本基金自成立之日起每周三开放申购和赎回（遇非交易日顺延至本周的下一个交易日，若本周无交易日可顺延，则不再顺延至下周，即本周不进行开放）。可设置临时开放日，临时开放日不允许申购只可赎回。,可临开赎回,1%,1万元起,1%,0.75,投资者参与的每笔基金份额需持有满3个月（90个自然日）后方可在开放日进行赎回（因财产分配再投资增加的份额不受此限制）。持有期低于3个月（90个自然日）的基金份额经管理人同意后可以赎回，未经管理人同意不得赎回,0.7,0.01,本基金的管理费按基金资产净值的1％年费率计提。,0.03％,0.03％,R=20%，为基金份额业绩报酬提取比例。,5-10亿元,P1065492
团队跟踪,蒙玺量化选股1号私募证券投资基金B类,VM063B,蒙玺量化选股1号私募证券投资基金B类,VM063B,上海蒙玺投资,,2022-04-28,,国泰君安证券股份有限公司,,每个交易日,否,1%,,0%,,无,,0.01,, 0.025%, 0.025%,20%,100亿元以上,P1063294
团队跟踪,佳泽臻和一号B类,VM593B,佳泽臻和一号私募证券投资基金B类份额,VM593B,海南佳泽,,2022-04-26,,国信证券股份有限公司,,每个工作日,可临开申购和可临开赎回, 0%,, 0%,0.85,,0.8,0.01,,0.025%,0.025%,"20%。
计提基准日：固定计提时点（每年12 月 25 日，如遇节假日则顺延至下一工作日）、份额赎回日和基金终止日提取。",5-10亿元,P1073283
团队跟踪,佳泽水木一号C类,VN198C,佳泽水木一号私募证券投资基金C类份额,VN198C,海南佳泽,,2022-04-25,2022-05-06,中信证券股份有限公司,,,否,,,,,,,0,,,,,5-10亿元,P1073283
团队跟踪,易者共赢1号私募证券投资基金A类份额,VN330A,易者共赢1号私募证券投资基金A类份额,VN330A,杭州易者,,2022-04-22,2022-05-05,中信证券股份有限公司,,每个工作日开放,否,本基金的申购费率为0.5%(不列入基金资产),,"＜【365天】 1%,大于365天0",0.9,无,0.85,0.01,每日计提，按季支付。,,0.01,"第i个委托人第j笔投资的高水位，本基金A类份额业绩报酬的提取比例（Y）为【20】%。
2026年1.14日录入",0-5亿元,P1073117
团队跟踪,观理摘金成长1号私募证券投资基金A类份额,VP162A,观理摘金成长1号私募证券投资基金A类份额,VP162A,广东观理,,2022-05-12,2022-05-19,招商证券股份有限公司,,,否,,,,,,,0,,,,,5-10亿元,P1073247
团队跟踪,观理摘金稳健1号私募证券投资基金A类份额,VP165A,观理摘金稳健1号私募证券投资基金A类份额,VP165A,广东观理,,2022-05-09,2022-05-17,招商证券股份有限公司,,每周二,否,,,1年以上不收；＜1年收0.5%,,,,0.015,,,,,5-10亿元,P1073247
团队跟踪,朗坤添盈3号私募证券投资基金A类份额,VP451A,朗坤添盈3号私募证券投资基金A类份额,VP451A,福州朗坤,,2022-05-06,2022-05-12,华泰证券股份有限公司,,每个交易日,否,1%,,3%,0.98,无,0.97,0.005,,0.025%,0.025%,,0-5亿元,P1070827
团队跟踪,鲲腾磐石CTA增强2号私募证券投资基金B类份额,VQ624B,鲲腾磐石CTA增强2号私募证券投资基金B类份额,VQ624B,深圳鲲腾,,2022-05-25,2022-05-31,国泰君安证券股份有限公司,,每周周一、三,可临开赎回,1%,,持有期小于180 天，赎回费率为1%；持有期大等于180天，赎回费率为0%，归基金管理人,0.7,无,0.65,0.01,,0.025%,0.025%,20%,5-10亿元,P1025308
团队跟踪,量道钻选CTA1号私募证券投资基金B类份额,VQ846B,量道钻选CTA1号私募证券投资基金B类份额,VQ846B,深圳量道投资,,2022-08-23,2022-08-29,招商证券股份有限公司,,每个交易日,否,0%,1万元起,0%,,无,,0.01,,,0.015％,"18%。
计提基准日：赎回日、基金终止日、分红日、固定结算日（每年最后一个交易日）",100亿元以上,P1016658
团队跟踪,量魁湘水麓山十三号私募证券投资基金B类,VQ895B,量魁湘水麓山十三号私募证券投资基金B类,VQ895B,上海量魁,,2022-05-27,,国泰君安证券股份有限公司,,每周周一、周三、周五,否,0%,,0%,0.85,无,0.8,0.01,,0.025%,0.025%,"计提基准（B）：0%；
持有期的年化收益率（R）与计提基准的差额（即R-B）高于0%但低于或等于30%的，业绩报酬计提比例为35%；（R-B）高于30%的，业绩报酬计提比例按照35%和40%分段计算。",100亿元以上,P1062372
团队跟踪,守正用奇龙珠1号A类,VR172A,守正用奇龙珠1号私募证券投资基金A类份额,VR172A,广州守正用奇,,2022-05-20,2022-05-20,招商证券股份有限公司,,本基金申购开放日为每自然周周二、周四（遇节假日均顺延至下一工作日，如顺延至同一天，则上述重合的申购开放日只开放一个工作日），赎回开放日为每自然月的第一个周二（遇节假日则顺延至下一工作日）及每自然年5月第一个工作日,否, 1%,1万元起,持有期小于3个月，赎回费率为1%；持有期大等于3个月且小于6个月，赎回费率为0.5%；持有期大等于6个月，赎回费率为0%,,无,0.75,0.01,,0.01%,0.01%,业绩报酬提取时点分为固定时点提取、分红时提取、赎回时提取和合同终止时提取。固定时点提取是在每自然年 5 月第一个工作日。在业绩报酬固定提取时点提取业绩报酬的，业绩报酬以扣减基金份额持有人份额的方式提取。本基金收益分配方案由基金管理人拟定,20-50亿元,P1021611
团队跟踪,守正用奇龙珠1号私募证券投资基金B类份额,VR172B,守正用奇龙珠1号私募证券投资基金B类份额,VR172B,广州守正用奇,,2022-05-20,2022-05-30,招商证券股份有限公司,,本基金申购开放日为每自然周周二、周四（遇节假日均顺延至下一工作日，如顺延至同一天，则上述重合的申购开放日只开放一个工作日），赎回开放日为每自然月的第一个周二（遇节假日则顺延至下一工作日）及每自然年5月第一个工作日，如果出现申购开放日和赎回开放日为同一天，则当天允许投资者申购和赎回,否,,1万元起,,,无,0.75,0,,,,,20-50亿元,P1021611
团队跟踪,亦赋银河1号中证500指数增强B类,VR402B,亦赋银河1号中证500指数增强私募证券投资基金B类,VR402B,海南亦赋,,2022-05-30,2022-06-02,中信证券股份有限公司,,每周周三、周五,否,,,持有期小于3个月，赎回费率为1%；持有期为3-6个月，赎回费率为0.5%；持有期为6个月以上，赎回费率为0%,,,,0.015,,,0.03%,当基金份额赎回、基金终止或分红时，管理人将提取赎回份额或分红份额当期收益的20%作为业绩报酬,50-100亿元,P1073329
团队跟踪,国源不争11号私募证券投资基金A类份额,VR930A,国源拾金安和10号私募证券投资基金A类份额,VR930A,深圳国源信达资管,,2022-06-16,2022-06-23,中国银河证券股份有限公司,,"每周三为开放日；如遇节假日则顺延至下一个交易
日。",可临开赎回,认购费0%；申购费1%,本私募基金最小追加认/申购单位为人民币 1 万元。,持有期限小于12个月1.5%；持有期限大于等于12个月0%,,无,,0.015,1.5%,0.05%；每日收取下限为28元；产品提前终止不满1万元按照1万元收取,0.05%；每日收取下限为28元；产品提前终止不满1万元按照1万元收取,对超过上次成功计提基准日基金份额累计净值部分按 20%比例进行计提。,100亿元以上,P1061199
团队跟踪,半鞅量化对冲1号私募证券投资基金B类份额,VS371B,半鞅量化对冲1号私募证券投资基金B类份额,VS371B,半鞅基金,,2022-05-25,2022-05-30,招商证券股份有限公司,,本基金开放日为每个工作日。,否,0,,若基金份额持有时间少于 180 个自然日，赎回费率为 1%；若基金份额持有时间大于等 于 180 个自然日少于 365 个自然日，赎回费率为 0.5%；若基金份额持有时间大于等于 365 个自然日，赎回费率为 0,,,,0.015,,0.01,0.01,收益的15%,100亿元以上,P1072919
团队跟踪,量魁湘水麓山十四号私募证券投资基金B类,VS500B,量魁湘水麓山十四号私募证券投资基金B类,VS500B,上海量魁,,2022-05-27,,国泰君安证券股份有限公司,,每周周一、周三、周五,否,0%,,0%,0.85,无,0.8,0.01,,0.025%,0.025%,"计提基准（B）：0%；
持有期的年化收益率（R）与计提基准的差额（即R-B）高于0%但低于或等于30%的，业绩报酬计提比例为35%；（R-B）高于30%的，业绩报酬计提比例按照35%和40%分段计算。",100亿元以上,P1062372
团队跟踪,博孚利星石家族私募证券投资基金A类份额,VT112A,博孚利星石家族私募证券投资基金A类份额,VT112A,厦门博孚利资管,,2022-05-30,2022-05-30,兴业证券股份有限公司,,每个交易日,否,0%,1万起,0%,,无,,0,,0.015%,0.015%,不计提业绩报酬,50-100亿元,P1023120
团队跟踪,博孚利星石家族私募证券投资基金B类份额,VT112B,博孚利星石家族私募证券投资基金B类份额,VT112B,厦门博孚利资管,,2022-05-30,2022-05-30,兴业证券股份有限公司,,每个交易日,否,0%,1万起,0%,,无,,0.015,,0.015%,0.015%,门槛收益率法，年化30%以上计提60%,50-100亿元,P1023120
团队跟踪,毅润AI中性A01私募证券投资基金A类份额,VU350A,毅润恒升一号私募证券投资基金A类份额,VU350A,晋江毅润,,2022-06-20,2022-06-23,兴业证券股份有限公司,,每个交易日,否,0%,1万元起,持有期小于360 个自然日，赎回费率为 1%；持有期大等于360个自然日，赎回费率为 0%,0.97,,0.95,0,,0.025％,0.025％,不收取业绩报酬,0-5亿元,P1072149
团队跟踪,小步一路向北科技成长私募证券投资基金B类,VU423B,小步一路向北科技成长私募证券投资基金B类,VU423B,海南小步,,2022-06-22,,中信证券股份有限公司,,每周周三,否,0%,,持有期小于365天，赎回费率为1%；持有期大等于365天，赎回费率为0%,,无,0.6,0,,0.02%,0.02%,15%,0-5亿元,P1073273
团队跟踪,和谐汇一消费精选私募证券投资基金B类份额,VU502B,和谐汇一消费精选私募证券投资基金B类份额,VU502B,上海和谐汇一资管,,2022-06-10,2022-06-10,中信证券股份有限公司,赵雪,,否,,,,,,,0,,,,,100亿元以上,P1071212
团队跟踪,小黑妞牵星3号私募证券投资基金A类份额,VV093A,小黑妞牵星3号私募证券投资基金A类份额,VV093A,上海小黑妞资管,,2022-07-28,2022-07-28,国泰君安证券股份有限公司,,每自然月第10个自然日为开放日。如该对应日为非工作日，则开放日为该日后的第一个工作日。,可临开申购,,每次追加申购的最低金额为10万元人民币。,,0.8,成立后180天（已结束）。,0.75,0,,0.025%/年,0.025%/年,,20-50亿元,P1011010
团队跟踪,量道盈佳1号私募证券投资基金A类份额,VW372A,量道盈佳1号私募证券投资基金A类份额,VW372A,深圳量道投资,,2022-06-21,2022-06-24,兴业证券股份有限公司,,每个交易日,否,0%,1 万元的整数倍,1%,,无,,0.01,,0.015%,0.015%,"业绩报酬计提方式：单笔投资高水位净值法
业绩报酬计提基准日：持有人赎回申请日、基金清算日、财产分配权益登记日、固定结算日（每年12月最后一个交易日
业绩报酬提取比例：20%",100亿元以上,P1016658
团队跟踪,量道盈佳1号私募证券投资基金B类份额,VW372B,量道盈佳1号私募证券投资基金B类份额,VW372B,深圳量道投资,,2022-06-21,2022-06-24,兴业证券股份有限公司,,每个交易日,否,0%,1万元起,0%,0.9,无,0.89,0,,0.015%,0.015%,不计提业绩报酬,100亿元以上,P1016658
团队跟踪,慕途基本面量化1号B类,VW787B,慕途基本面量化1号私募证券投资基金B类份额,VW787B,慕途基金,,2022-07-08,2022-07-14,国泰君安证券股份有限公司,,申购开放日为每周周五，赎回开放日为每月第四个周五,否,1%,10万元起,持有期<180天，赎回费1.5%；持有期≥180天，免赎回费,0.9,无,0.85,0.01,,0.03%,,"单笔份额高水位净值法。赎回、分红、清算日计提，计提比例【年化收益率20%（含）以内部分20%；20%-30%（含）的部分30%，30%-40%（含）的部分40%，超过40%的部分50%
B 类份额业绩报酬的计提基准日：投资者赎回日、分红权益登记日、基金清算日。默认采用现金分红",10-20亿元,P1073298
团队跟踪,半鞅多策略均衡1号私募证券投资基金B类份额,VX377B,半鞅多策略均衡1号私募证券投资基金B类份额,VX377B,半鞅基金,,2022-07-06,2022-07-08,国泰君安证券股份有限公司,,日开,否,0%,,"<180day,1%;<360day,0.5%",,,,0.015,,0.01%,0.01%,,100亿元以上,P1072919
团队跟踪,半鞅中证1000指数增强1号私募证券投资基金B类份额,VX392B,半鞅中证1000指数增强1号私募证券投资基金B类份额,VX392B,半鞅基金,,2022-07-06,2022-07-12,国泰君安证券股份有限公司,,,否,,,,,,,0,,,,,100亿元以上,P1072919
团队跟踪,太和致远向日葵二号私募证券投资基金A类份额,VX614A,太和致远向日葵二号私募证券投资基金A类份额,VX614A,太和致远,,2022-07-07,,国泰君安证券股份有限公司,,每月10号,否,0%,,持有期小于365天，赎回费率为2%；持有期小于365天，赎回费率为0%,0.75,无,0.7,0.02,,0.025%,0.025%,20%,50-100亿元,P1060662
团队跟踪,祐益峰金英对冲5号私募证券投资基金A类份额,VX634A,祐益峰金英对冲5号私募证券投资基金A类份额,VX634A,厦门祐益峰资管,,2022-07-04,2022-07-07,国泰君安证券股份有限公司,,,否,,,,,,,0,,,,,0-5亿元,P1023707
团队跟踪,柏石聚配1号A类,VZ153A,柏石聚配1号私募证券投资基金A类份额,VZ153A,西安柏石,,2022-07-18,2022-07-29,国泰君安证券股份有限公司,,,否,,,,,,,0,,,,,10-20亿元,P1069047
团队跟踪,箐安专享一号私募证券投资基金A类份额,VZ798A,箐安专享一号私募证券投资基金A类份额,VZ798A,上海箐安投资,,2022-07-21,2022-07-22,兴业证券股份有限公司,,,否,,,,,,,0,,,,,5-10亿元,P1064545
团队跟踪,横琴广金美好康德多策略一号私募投资基金A类份额,W1298A,横琴广金美好康德多策略一号私募投资基金A类份额,W1298A,广东横琴广鑫美好,,2017-06-20,2017-07-20,恒泰证券股份有限公司,,,否,,,,,,,0,,,,,50-100亿元,P1033731
团队跟踪,横琴广金美好康德多策略一号私募投资基金B类份额,W1298B,横琴广金美好康德多策略一号私募投资基金B类份额,W1298B,广东横琴广鑫美好,,2017-06-20,2017-07-20,恒泰证券股份有限公司,,,否,,,,,,,0,,,0.04%,,50-100亿元,P1033731
团队跟踪,顽岩稳健1号私募投资基金A类份额,W3871A,顽岩稳健1号私募投资基金A类份额,W3871A,上海顽岩,,2017-07-27,,国信证券股份有限公司,,申购开放日为每个工作日；赎回开放日为每月10号,否,0%,,0%,0.95,,0.9,0,,,,R≤8%，不计提；R>8%，MIN(整体收益的60%，超过8%收益）,100亿元以上,P1034708
团队跟踪,量道吉祥6号私募证券投资基金A类份额,W7284A,量道吉祥6号私募证券投资基金A类份额,W7284A,深圳量道投资,,2021-09-29,0000-00-00,兴业证券股份有限公司,,每个交易日,否,1%,1 万元的整数倍,持有期小于180天，赎回费率为1% ；持有期大等于180天，赎回费率为0%,,无,,0.015,,0.025％/年,0.025％/年,"计提方式：单客户单笔份额高水位法
计提时点：赎回日、基金终止日、分红权益登记日、固定结算日（每年6月最后一个交易日）
计提比例：20%",100亿元以上,P1016658
团队跟踪,量道吉祥6号B类,W7284B,量道吉祥6号私募证券投资基金B类份额,W7284B,深圳量道投资,,2021-09-29,0000-00-00,兴业证券股份有限公司,,每个交易日,否,0%,1 万元的整数倍,0%,,无,,0,,0.025％/年,0.025％/年,不计提业绩报酬,100亿元以上,P1016658
团队跟踪,量道吉祥6号私募证券投资基金C类份额,W7284C,量道吉祥6号私募证券投资基金C类份额,W7284C,深圳量道投资,,2021-09-29,2021-10-12,兴业证券股份有限公司,,每个交易日,否,1%,1 万元的整数倍,持有期小于180天，赎回费率为1% ；持有期大等于180天，赎回费率为0%,,无,,0.01,,0.025％/年,0.025％/年,"计提方式：单客户单笔份额高水位法
计提时点：赎回日、基金终止日、分红权益登记日、固定结算日（每年6月最后一个交易日）
计提比例：20%",100亿元以上,P1016658
团队跟踪,迎水龙凤呈祥4号私募证券投资基金B类份额,W8083B,迎水龙凤呈祥4号私募证券投资基金B类份额,W8083B,上海迎水投资,,2017-08-09,2017-08-17,国泰君安证券股份有限公司,,,否,,,,,,,0,,,,,100亿元以上,P1022432
团队跟踪,向日葵泽阳家族FOF私募基金A类份额,X0530A,向日葵泽阳家族FOF私募基金A类份额,X0530A,上海向日葵投资,,2017-09-27,,招商证券股份有限公司,,,否,,,,,,,0,,,,,20-50亿元,P1005620
团队跟踪,向日葵泽阳家族FOF私募基金B类份额,X0530B,向日葵泽阳家族FOF私募基金B类份额,X0530B,上海向日葵投资,,2017-09-27,,招商证券股份有限公司,,,否,,,,,,,0,,,,,20-50亿元,P1005620
团队跟踪,博普CTA趋势1号A类,X2838A,博普CTA趋势1号私募基金A类,X2838A,深圳博普科技,,2017-09-16,,招商证券股份有限公司,,,否,,,,,,,0,,,,,50-100亿元,P1001724
团队跟踪,珠池可转债量化精选2期私募投资基金A类份额,X4087A,珠池可转债量化精选2期私募投资基金A类份额,X4087A,上海珠池资管,,2017-11-10,2017-11-20,招商证券股份有限公司,,,否,,,,,,,0,,,,,50-100亿元,P1014451
团队跟踪,量锐18号私募基金B类份额,X4966B,量锐18号私募基金B类份额,X4966B,宁波金戈量锐资管,,2017-10-17,,中信证券股份有限公司,,,否,,,,,,,0,,,,,100亿元以上,P1008220
团队跟踪,望正精英鹏辉6号私募证券投资基金B类份额,X6391B,望正精英鹏辉6号私募证券投资基金B类份额,X6391B,深圳望正资管,,2020-08-20,2020-08-28,广发证券股份有限公司,,每个交易日,否,0%,,0%,,无,,0.008,,0.05%,0.05%,"16%。
业绩计提基准日：投资者赎回日、收益分配基准日、基金清算基准日",50-100亿元,P1008520
团队跟踪,稳博红樱桃14号私募基金A类份额,X6528A,稳博红樱桃14号私募基金A类份额,X6528A,上海稳博投资,,2017-10-20,2020-07-03,招商证券股份有限公司,,"每月10、25号
",否,,,,0.85,无,0.8,0,"1.00%
",,"0.05%
","50%
",100亿元以上,P1029043
团队跟踪,蒙玺中证1000量化对冲钧衡5号私募证券投资基金B类份额,XA346B,蒙玺中证1000量化对冲钧衡5号私募证券投资基金B类份额,XA346B,上海蒙玺投资,,2022-08-15,,国泰君安证券股份有限公司,,每个工作日，份额锁定期180天（管理人同意情况下可以解除）,否,1%,,持有期小于180天，赎回费率为0.5%；持有期大等于180天，赎回费率为0%,0.9,,0.85,0.01,,0.04%,0.04%,20%,100亿元以上,P1063294
团队跟踪,量桥投资聚川11号私募证券投资基金A类份额,XA352A,量桥投资聚川11号私募证券投资基金A类份额,XA352A,上海量桥投资,,2022-08-02,,招商证券股份有限公司,,每周周一、周三、周五,否,0%,,0%,0.85,,0.8,0.01,,0.025%,0.025%,当基金份额赎回、基金终止或分红时，管理人将提取赎回份额或分红份额当期收益的30%作为业绩报酬,10-20亿元,P1025719
团队跟踪,量桥投资鸿瑞10号私募证券投资基金A类份额,XA355A,量桥投资鸿瑞10号私募证券投资基金A类份额,XA355A,上海量桥投资,,2022-08-02,,招商证券股份有限公司,,每周周一、周三、周五,否,0%,,0%,0.85,,0.8,0.01,,0.025%,0.025%,"当基金份额赎回、基金终止或分红时，赎回份额或分红份额当期收益低于30%（含），管理人提取35%作为业绩报酬；
当基金份额赎回、基金终止或分红时，赎回份额或分红份额当期收益高于30%（不含），管理人提取0%-30%收益35%以及超过30%收益部分提取40%作为业绩报酬。",10-20亿元,P1025719
团队跟踪,朗海恒昇一号私募证券投资基金B类份额,XA674B,朗海恒昇一号私募证券投资基金B类份额,XA674B,青岛朗海,,2022-09-13,2022-09-20,中信证券股份有限公司,,每个工作日,否,0%,不少于10万元且为1万元的整数倍。,0%,0.97,无,0.95,0.01,,0.01%,0.01%,"50%业绩报酬。
固定时点计提：每年1月、4月、7月、10月的第一个开放日，及赎回时、终止时。",5-10亿元,P1073721
团队跟踪,宝沣璟丰稳健1号私募证券投资基金A类份额,XA781A,宝沣璟丰稳健1号私募证券投资基金A类份额,XA781A,嘉兴宝沣投资,,2022-08-23,2022-08-25,华泰证券股份有限公司,,,否,,,,,,,0,,,,,0-5亿元,P1068720
团队跟踪,量桥投资汇鑫5号私募证券投资基金A类份额,XB019A,量桥投资汇鑫5号私募证券投资基金A类份额,XB019A,上海量桥投资,,2022-08-08,,招商证券股份有限公司,,每周周一、周三、周五,否,0%,,0%,0.85,,0.8,0.01,,0.025%,0.025%,"当基金份额赎回、基金终止或分红时，赎回份额或分红份额当期收益低于30%（含），管理人提取35%作为业绩报酬；
当基金份额赎回、基金终止或分红时，赎回份额或分红份额当期收益高于30%（不含），管理人提取0%-30%收益35%以及超过30%收益部分提取40%作为业绩报酬。",10-20亿元,P1025719
团队跟踪,和谐汇一医疗创新私募证券投资基金B类份额,XB786B,和谐汇一医疗创新私募证券投资基金B类份额,XB786B,上海和谐汇一资管,,2022-08-16,2022-08-16,东方证券股份有限公司,施跃,,否,,,,,,,0,,,,,100亿元以上,P1071212
团队跟踪,泓湖高腾博喻宏观策略私募证券投资基金B类份额,XB832B,泓湖高腾博喻宏观策略私募证券投资基金B类份额,XB832B,上海泓湖,,2022-08-11,2022-08-11,广发证券股份有限公司,,每周最后一个交易日,否,0%,1万元起,0%,,,,0.0075,,0.025%,0.025%,超过年化收益（Y，Y=【5】%）以上部分的固定比例（R，R=【15】%）计提业绩报酬。,100亿元以上,P1000395
团队跟踪,博孚利CTA-FOF99号私募证券投资基金A类,XB851A,博孚利CTA-FOF99号私募证券投资基金A类,XB851A,厦门博孚利资管,,2022-08-16,0000-00-00,国泰君安证券股份有限公司,,每日开放,否,0%,1 万元起,0%,0.6,无,0.5,0,,0.015%,0.015%,0%,50-100亿元,P1023120
团队跟踪,博孚利CTA-FOF99号私募证券投资基金B类,XB851B,博孚利CTA-FOF99号私募证券投资基金B类,XB851B,厦门博孚利资管,,2022-08-16,0000-00-00,国泰君安证券股份有限公司,,每日开放,否,0%,1 万元起,0%,0.6,无,0.5,0.01,,0.015%,0.015%,对超出业绩报酬计提基准 （6%）的持有期差额收益按15%进行计提。,50-100亿元,P1023120
团队跟踪,运舟金选成长精选1号私募证券投资基金B类份额,XB928B,运舟金选成长精选1号私募证券投资基金B类份额,XB928B,上海运舟,,2022-08-15,2022-08-18,招商证券股份有限公司,,,否,,,,,,,0,,,,,20-50亿元,P1073671
团队跟踪,宁泉金选致远1号私募证券投资基金B类份额,XC081B,宁泉金选致远1号私募证券投资基金B类份额,XC081B,上海宁泉资管,,2022-08-16,2022-08-22,兴业证券股份有限公司,,,否,,,,,,,0,,,,,100亿元以上,P1067764
团队跟踪,华钧元狩2期私募证券投资基金B类份额,XC410B,华钧元狩2期私募证券投资基金B类份额,XC410B,北京华钧广汇投资,,2022-08-12,2022-08-18,中信证券股份有限公司,,,否,,,,,,,0,,,,,10-20亿元,P1067480
团队跟踪,顽岩量化对冲10号私募证券投资基金A类份额,XC412A,顽岩量化对冲10号私募证券投资基金A类份额,XC412A,上海顽岩,,2022-09-02,,国泰君安证券股份有限公司,,申购开放日为每个交易日，赎回开放日为每周周三,否,0%,1万元起,0%,0.88,无,0.85,0,,0.025%,0.025%,"当 r≤6.5%时,不计提业绩报酬；
当 r＞6.5%时,管理人提取全部收益的 60%作为业绩报酬，计提业绩报酬后客户年化收益率不低于 6.5%。
r 为固定管理费计提后、业绩报酬提取前的年化收益率。
计提基准：6.5%；采用单人单笔高水位法，计提时点:赎回时、固定时点(每年 3、9 月第 3 个周五,顺延)、终止时。",100亿元以上,P1034708
团队跟踪,特夫郁金香三号A类,XC599A,特夫郁金香三号私募证券投资基金A类份额,XC599A,上海特夫,,2022-08-22,2022-08-25,东方证券股份有限公司,,每周周二、周五,否,0%,,0%,,无,0.85,0.01,,0.02%,0.02%,"年化收益率R≤0，计提0%；年化收益率0<R,，计提30%。",5-10亿元,P1026263
团队跟踪,特夫郁金香三号私募证券投资基金B类份额,XC599B,特夫郁金香三号私募证券投资基金B类份额,XC599B,上海特夫,,2022-08-22,2022-08-25,东方证券股份有限公司,,每周周二、周五,否,,1万元,,,无,0.85,0,,0.02%,0.02%,,0-5亿元,P1026263
团队跟踪,善择季季红私募证券投资基金A类份额,XC626A,善择季季红私募证券投资基金A类份额,XC626A,深圳善择,,2022-08-29,2022-09-01,中信证券股份有限公司,,,否,,,,,,,0,,,,,50-100亿元,P1073481
团队跟踪,宁涌富小满7号私募证券投资基金C类份额,XC676C,宁涌富小满7号私募证券投资基金C类份额,XC676C,上海宁涌富,,2022-08-18,2022-08-23,中信证券股份有限公司,,,否,,,,,,,0,,,,,10-20亿元,P1072718
团队跟踪,宏量鼎慧私募证券投资基金B类份额,XD086B,宏量鼎慧私募证券投资基金B类份额,XD086B,北京宏量资管,,2022-08-18,2022-08-19,华泰证券股份有限公司,,,否,,,,,,,0,,,,,5-10亿元,P1065674
团队跟踪,量桥投资星瀚11号A类,XD098A,量桥投资星瀚11号私募证券投资基金A类,XD098A,上海量桥投资,,2022-08-19,,招商证券股份有限公司,,每周周一、周三、周五,否,0%,1万元起,0%,0.85,无,0.8,0.01,,0.025%,0.025%,单客户单笔份额高水位法，在本金赎回、分红、终止时计提业绩报酬，A类份额：30%,10-20亿元,P1025719
团队跟踪,量桥投资星瀚11号私募证券投资基金B类份额,XD098B,量桥投资星瀚11号私募证券投资基金B类份额,XD098B,上海量桥投资,,2022-08-19,,招商证券股份有限公司,,每周周一、周三、周五,否,0%,1万元起,0%,0.85,无,0.8,0,,0.025%,0.025%,不计提业绩报酬,10-20亿元,P1025719
团队跟踪,博孚利信新FOF一号私募证券投资基金A类份额,XD131A,博孚利信新FOF一号私募证券投资基金A类份额,XD131A,厦门博孚利资管,,2022-08-23,2022-08-26,中信证券股份有限公司,,每个工作日,否,0%,,0%,0.95,无,0.9,0.004,,0.015%,0.015%,不计提,50-100亿元,P1023120
团队跟踪,博孚利信新FOF一号私募证券投资基金B类份额,XD131B,博孚利信新FOF一号私募证券投资基金B类份额,XD131B,厦门博孚利资管,,2022-08-23,2022-08-26,中信证券股份有限公司,,每个工作日,否,0%,,持有期小于365天，赎回费率为 2%；持有期大等于365天，赎回费率为0%,0.95,无,0.9,0.01,,0.015%,0.015%,B类份额对年化收益率大于5%以上部分提取25%作为业绩报酬。,50-100亿元,P1023120
团队跟踪,和御管理期货精选私募证券投资基金A类份额,XD377A,和御管理期货精选私募证券投资基金A类份额,XD377A,宁波和御,,2022-08-23,2022-08-29,中信证券股份有限公司,,每个工作日,否,0%,,0%,,无,,0.0025,,0.015%,0.015%,不计提业绩报酬,5-10亿元,P1070489
团队跟踪,盖亚青柯抗逆聚配1号A类,XD540A,盖亚青柯抗逆聚配1号私募证券投资基金A类份额,XD540A,海南盖亚青柯,,2022-09-06,2022-09-14,国泰君安证券股份有限公司,,,否,,,,,,,0,,,,,20-50亿元,P1072468
团队跟踪,富善投资麒麟进取CTA1号私募证券投资基金B类份额,XD785B,富善投资麒麟进取CTA1号私募证券投资基金B类份额,XD785B,上海富善投资,,2022-08-24,2022-08-24,招商证券股份有限公司,,,可临开赎回,B类份额：0,,0,0.8,,0.75,0,B类份额：0.5%/年,0.025%/年,0.025%/年,,5-10亿元,P1000712
团队跟踪,黑玺驰恒3号私募证券投资基金A类份额,XD910A,黑玺驰恒3号私募证券投资基金A类份额,XD910A,杭州黑玺,,2022-10-14,2022-10-19,华泰证券股份有限公司,,,否,,,,,,,0,,,,,20-50亿元,P1060839
团队跟踪,杉阳云杉CTA1号私募证券投资基金A类份额,XE091A,杉阳云杉CTA1号私募证券投资基金A类份额,XE091A,上海杉阳,,2022-08-26,,国泰君安证券股份有限公司,,每月15号,否,0%,,持有期小于3个月，赎回费率为2%；持有期大等于3个月且小于6个月，赎回费率为1.5%；持有期大等于6个月，赎回费率为0%,0.8,无,0.75,0.01,,0.02%,0.02%,20%,0-5亿元,P1070833
团队跟踪,和谐汇一高端制造私募证券投资基金B类份额,XE341B,和谐汇一高端制造私募证券投资基金B类份额,XE341B,上海和谐汇一资管,,2022-09-02,2022-09-02,中信证券股份有限公司,袁伟,每周一、三、五（非工作日不递延）,可临开赎回,0,,0,,,,0.0075,,0.05%,0.05%,管理人将根据委托人的期间年化收益率（R）超过业绩比较基准（不含）以上部分按照【15】%的比例收取业绩报酬，其中，本基金的业绩比较基准为：【max(同期中证高端制造指数（930820.CSI）年化收益率*60%+同期恒生指数（HSI.HI)年化收益率*20%+同期上证国债指数（000012.SH）年化收益率*20%，0%)】。,100亿元以上,P1071212
团队跟踪,桐石承运1号私募证券投资基金A类份额,XE355A,桐石承运1号私募证券投资基金A类份额,XE355A,上海桐石,,2022-08-29,2022-09-16,海通证券股份有限公司,,,否,,,,,,,0,,,,,0-5亿元,P1072194
团队跟踪,桐石承运1号私募证券投资基金B类,XE355B,桐石承运1号私募证券投资基金B类,XE355B,上海桐石,,2022-08-29,,海通证券股份有限公司,,每周周三,否,0%,,0%,0.85,,0.75,0.01,,0.015%,0.015%,20%,0-5亿元,P1072194
团队跟踪,睿量智行1号私募证券投资基金A类份额,XE629A,睿量智行1号私募证券投资基金A类份额,XE629A,上海睿量,,2022-08-30,2022-09-06,华泰证券股份有限公司,,每日,否,免,1万的整数倍,0,,,,0.01,免1%申购费（口头）,0.025%,0.025%,20%,100亿元以上,P1073883
团队跟踪,蒙玺中证1000指数量化3号私募证券投资基金B类份额,XE642B,蒙玺中证1000指数量化3号私募证券投资基金B类份额,XE642B,上海蒙玺投资,,2022-09-22,,中信证券股份有限公司,,每个交易日,否,1%,,持有期小于180天，赎回费率为1%；持有期大等于180天，赎回费率为0%,,无,,0.01,,0.02%,0.02%,当对应份额在持有期的年化收益率大于 0且超过同期中证1000指数（000852）年化收益率时提取超额部分的20%作为业绩报酬,100亿元以上,P1063294
团队跟踪,小黑妞星权1号A类,XE769A,小黑妞星权1号私募证券投资基金A类份额,XE769A,上海小黑妞资管,,2022-09-13,2022-09-13,中泰证券股份有限公司,,每月第四个周三之后的连续2个交易日,否,0,,1%（<180天）,0.88,无,0.85,0.015,,0.02％,0.02％,单客户单笔高水位法，20%,20-50亿元,P1011010
团队跟踪,博孚利锡泰稳强FOF1号私募证券投资基金A类,XF368A,博孚利锡泰稳强FOF1号私募证券投资基金A类,XF368A,厦门博孚利资管,,2022-09-13,2022-09-13,华泰证券股份有限公司,,每个工作日,否,0%,不低于1万元,持有期小于180天，赎回费率为1%；持有大等于180天，赎回费率为0%,,6 个月,0.93,0.007,,0.025%,0.025%,不计提业绩报酬,50-100亿元,P1023120
团队跟踪,博孚利锡泰稳强FOF1号私募证券投资基金B类份额,XF368B,博孚利锡泰稳强FOF1号私募证券投资基金B类份额,XF368B,厦门博孚利资管,,2022-09-13,2022-09-13,华泰证券股份有限公司,,每个工作日,否,0%,不低于1万元,持有期小于180天，赎回费率为1%；持有大等于180天，赎回费率为0%,,6 个月,0.93,0.01,,0.025%,0.025%,B类份额对年化收益率大于5%以上部分提取25%作为业绩报酬。,50-100亿元,P1023120
团队跟踪,勤辰金选森裕1号私募证券投资基金B类份额,XF430B,勤辰金选森裕1号私募证券投资基金B类份额,XF430B,上海勤辰,,2022-09-19,2022-09-22,国泰君安证券股份有限公司,,每个交易日,否,0,1万元,0,,无,,0.009,, 0.015%, 0.015%,业绩报酬的计提基准日：投资者赎回日、每年9月最后一个交易日（固定日，但封闭期及/或锁定期（如有）除外）、分红权益登记日和基金清算日，间隔不应短于3个月。固定计提是通过扣减各类基金份额持有人持有份额的方式提取应计提的业绩报酬。默认采用红利再投资方式。,100亿元以上,P1073280
团队跟踪,勤辰森裕2号C类,XF490C,勤辰森裕2号私募证券投资基金C类,XF490C,上海勤辰,,2022-09-20,2022-09-23,中信证券股份有限公司,,每个交易日,否,1%,,1%,,,,0.009,,0.02%,0.02%,业绩报酬：提取比例为16%；,100亿元以上,P1073280
团队跟踪,千衍九凌1号私募证券投资基金B类份额,XF557B,千衍九凌1号私募证券投资基金B类份额,XF557B,上海千衍,,2022-09-27,2022-09-30,中信证券股份有限公司,,,否,,,,,,,0,,,,,100亿元以上,P1009640
团队跟踪,睿量原子1号私募证券投资基金A类份额,XG468A,睿量原子1号私募证券投资基金A类份额,XG468A,上海睿量,,2022-09-07,2022-09-15,中信建投证券股份有限公司,,每周周三,否,1%,1万的整数倍,0%,,,,0.01,,0.015%,0.015%,"业绩报酬计提方式：单人单笔高水位法； 
业绩报酬计提比例：R＞0%计提16%；
计提频次：每年6月份，12月份最后一个交易日各一次，赎回时。",100亿元以上,P1073883
团队跟踪,汇升泰山旗舰私募证券投资基金A类份额,XG571A,汇升泰山旗舰私募证券投资基金A类份额,XG571A,江苏苏豪汇升,,2022-09-28,2022-09-28,海通证券股份有限公司,,,否,,,,,,,0,,,,,20-50亿元,P1005918
团队跟踪,博孚利青璜3号私募证券投资基金A类份额,XG593A,博孚利青璜3号私募证券投资基金A类份额,XG593A,厦门博孚利资管,,2022-09-16,0000-00-00,华鑫证券有限责任公司,,每周周一、周三和周五,否,1%,不低于1万元,0%,0.92,无,0.9,0.003,,0.035%,0.015%,不计提业绩报酬,50-100亿元,P1023120
团队跟踪,博孚利青璜3号私募证券投资基金B类份额,XG593B,博孚利青璜3号私募证券投资基金B类份额,XG593B,厦门博孚利资管,,2022-09-16,0000-00-00,华鑫证券有限责任公司,,每周周一、周三和周五,否,0%,不低于1万元,0%,0.92,无,0.9,0,,0.035%,0.015%,不计提业绩报酬,50-100亿元,P1023120
团队跟踪,凯读投资稳健8号A类,XG690A,凯读投资稳健8号私募证券投资基金A类份额,XG690A,北京凯读,,2022-12-16,2022-12-16,招商证券股份有限公司,,申购开放日为每周周二，赎回开放日为每月第4个周五,否,0%,1万元起,0%,0.85,无,0.8,0.01,,0.025%,0.025%,每年11月的第4个周五、当基金份额赎回、基金终止或分红时，管理人将提取赎回份额或分红份额当期收益的20%作为业绩报酬。,100亿元以上,P1068605
团队跟踪,半鞅CTA进取1号B类,XH607B,半鞅CTA进取1号私募证券投资基金B类,XH607B,半鞅基金,,2022-09-16,,国泰君安证券股份有限公司,,每日,否,0,,"少于180天,1%
少于365天,0.5%",,,,0.015,"景明1号有管理人用印的说明函（业报5折后7.5%）
朝晖1号正常按15%收业报
临时降费通知函（管理费24年4月15-10月7日降至1%）",,,7.5％/15%,100亿元以上,P1072919
团队跟踪,时间序列广远多策略套利1号私募证券投资基金A类份额,XH894A,时间序列广远多策略套利1号私募证券投资基金A类份额,XH894A,青岛时间序列资管,,2022-09-26,2022-09-29,广发证券股份有限公司,,申购开放日为每周周五；赎回开放日为每月第三个周五,否,差异化申购费率如下： 单笔申购金额＜300万元，申购费率为1%；300万元≤单笔申购金额＜500 万元，申购费率0.8%；500万元≤单笔申购金额＜1000元，申购费率为0.5%； 1000万元≤单笔申购金额，申购费率为0.2%,不低于1万元,0%,0.9,,0.85,0.008,,0.05%,0.05%,超过历史份额计提日最高份额累计净值部分，按20%的比例计提业绩报酬,10-20亿元,P1071639
团队跟踪,宝荟君悦17号私募证券投资基金C类份额,XH982C,宝荟君悦17号私募证券投资基金C类份额,XH982C,上海宝荟投资,,2022-09-28,2022-09-28,国泰君安证券股份有限公司,,申购开放日为每个交易日，赎回开放日为每周周一、周三、周五,可临开赎回,,1万元起,,,无,,0,,0.025%,0.025%,,10-20亿元,P1002428
团队跟踪,正瀛骐骥轮动选股1号私募证券投资基金B类份额,XJ148B,正瀛骐骥轮动选股1号私募证券投资基金B类份额,XJ148B,上海正瀛资管,,2022-09-28,2022-10-11,申万宏源证券有限公司,,每个交易日开放，开放日期间允许申购和赎回。,否,,-,,,-,,0,,0.15‰(最低值为每年【0.2】万元),0.15‰(最低值为每年【0.2】万元),,100亿元以上,P1060813
团队跟踪,璞成大成一号B类,XJ170B,璞成大成一号私募证券投资基金B类份额,XJ170B,海南璞成,,2022-09-22,2022-09-27,兴业证券股份有限公司,,每个交易日,否,0%,1万元起,0%,,,,0.001,,0.025％,0.025％,50%,5-10亿元,P1073879
团队跟踪,博孚利尊享58号私募证券投资基金B类,XJ474B,博孚利尊享58号私募证券投资基金B类,XJ474B,厦门博孚利资管,,2022-09-15,0000-00-00,中信证券股份有限公司,,每周周一、周三和周五,否,0%,不低于1万元,0%,,无,,0.005,,0.02%,0.02%,不计提业绩报酬,50-100亿元,P1023120
团队跟踪,博孚利尊享59号私募证券投资基金B类,XJ481B,博孚利尊享59号私募证券投资基金B类,XJ481B,厦门博孚利资管,,2022-09-15,0000-00-00,中信证券股份有限公司,,每个工作日,否,0%,不低于1万元,0%,,无,,0.02,,0.02%,0.02%,不计提业绩报酬,50-100亿元,P1023120
团队跟踪,启元通盛3号私募证券投资基金A类份额,XJ599A,启元通盛3号私募证券投资基金A类份额,XJ599A,温州启元资管,,2022-09-19,2022-09-23,华泰证券股份有限公司,,每个交易日,否,0%,,0%,,无,,0.003,, 0.02%, 0.02%,不计提业绩报酬,20-50亿元,P1012870
团队跟踪,启元通盛3号私募证券投资基金B类份额,XJ599B,启元通盛3号私募证券投资基金B类份额,XJ599B,温州启元资管,,2022-09-19,2022-09-23,华泰证券股份有限公司,,每个交易日,否,,,,,无,,0,, 0.02%, 0.02%,,20-50亿元,P1012870
团队跟踪,启元通盛3号D类,XJ599D,启元通盛3号私募证券投资基金D类份额,XJ599D,温州启元资管,,2022-09-19,2022-09-23,华泰证券股份有限公司,,每个交易日,否,0%,每次申购的金额应不低于 1 万元人民币（不含申购费（如有））,0%,,无,,0.01,1.0%,0.010%,0.010%,对超过上次成功计提基准日基金份额累计净值部分按【20%】比例进行计提,20-50亿元,P1012870
团队跟踪,博孚利尊享61号私募证券投资基金A类份额,XJ733A,博孚利尊享61号私募证券投资基金A类份额,XJ733A,厦门博孚利资管,,2022-09-16,2022-09-16,中信证券股份有限公司,,每个工作日,否,0%,不低于1万元,0%,,无,,0,,0.02%,0.02%,不计提业绩报酬,50-100亿元,P1023120
团队跟踪,博孚利尊享61号私募证券投资基金B类份额,XJ733B,博孚利尊享61号私募证券投资基金B类份额,XJ733B,厦门博孚利资管,,2022-09-16,0000-00-00,中信证券股份有限公司,,每个工作日,否,0%,不低于1万元,0%,,无,,0.005,,0.02%,0.02%,不计提业绩报酬,50-100亿元,P1023120
团队跟踪,碳硅1号A,XJ836A,碳硅1号私募证券投资基金A类份额,XJ836A,杭州碳硅,,2022-09-21,,中信证券股份有限公司,,"申购开放日为每月的15日；赎回开放日为每季度末月（即 3 月、6 月、9 月、
12 月）15日",否,0%,,0%,0.75,,0.7,0.015,, 0.015%, 0.015%,20%,10-20亿元,P1073911
团队跟踪,百奕反脆弱一号私募证券投资基金A类份额,XK125A,百奕反脆弱一号私募证券投资基金A类份额,XK125A,上海百奕投资,,2022-11-10,2022-11-18,东方证券股份有限公司,,每周周五,否,,1万元整数倍,,,无,,0,,0.025%,0.025%,,0-5亿元,P1014097
团队跟踪,百奕反脆弱一号B类,XK125B,百奕反脆弱一号私募证券投资基金B类份额,XK125B,上海百奕投资,,2022-11-10,2022-11-18,东方证券股份有限公司,,每周周五,否,0%,1万元整数倍,0%,,无,,0.01,,0.025%,0.025%,20%,0-5亿元,P1014097
团队跟踪,盛丰量化选股迎春1号私募证券投资基金B类份额,XK132B,盛丰量化选股迎春1号私募证券投资基金B类份额,XK132B,海南盛丰,,2022-10-19,2022-10-24,国泰君安证券股份有限公司,,每周周一、周三和周五,可临开赎回,0%,不低于1万元,持有期小于180天，赎回费率为1%；持有期大等于180天，赎回费率为0%,,无,,0.01,,0.015%,0.015%,"提取收益部分的20%作为业绩报酬；
计提基准日:投资者赎回日、分红权益登记日、基金清算日",100亿元以上,P1073590
团队跟踪,垒昂顺意量化对冲1号私募证券投资基金B类份额,XL360B,垒昂顺意量化对冲1号私募证券投资基金B类份额,XL360B,上海垒昂,,2022-10-13,2022-10-18,国金证券股份有限公司,,,否,,,,,,,0,,,,,10-20亿元,P1069759
团队跟踪,展弘金选套利1号私募证券投资基金B类份额,XL508B,展弘金选套利1号私募证券投资基金B类份额,XL508B,上海展弘投资,,2022-10-12,2022-10-13,招商证券股份有限公司,,每周的第一个工作日、每周最后一个工作日,否,0%,1万元起,0%,0.9,,0.85,0.01,,,,20%，单客户高水位法,100亿元以上,P1015638
团队跟踪,因诺天问1号私募证券投资基金A类份额,XL543A,因诺天问1号私募证券投资基金A类份额,XL543A,上海因诺资管,,2022-09-29,2022-09-30,华泰证券股份有限公司,,每周周一,否,1%,1万元起,0%,,无,,0.02,,0.015%,0.015%,20%,100亿元以上,P1006164
团队跟踪,香农金玉满堂量化选股二号私募证券投资基金A类份额,XL726A,香农金玉满堂量化选股二号私募证券投资基金A类份额,XL726A,海南三亚香农,,2023-11-10,2023-11-15,中信证券股份有限公司,,,否,,,,,,,0,,,,,20-50亿元,P1072386
团队跟踪,量创全天候元语1号私募证券投资基金A类份额,XL919A,量创全天候元语1号私募证券投资基金A类份额,XL919A,前海量创投资,,2022-10-10,2022-10-18,中信证券股份有限公司,,每个交易日,否,1%,,0%,,无,,0.015,,0.015%,0.015%,单客户单笔份额高水位法，提取比例20%,20-50亿元,P1032081
团队跟踪,量创全天候元语1号私募证券投资基金B类份额,XL919B,量创全天候元语1号私募证券投资基金B类份额,XL919B,前海量创投资,,2022-10-10,2022-10-18,中信证券股份有限公司,,每个交易日,否,,,,,无,,0,,0.015%,0.015%,,20-50亿元,P1032081
团队跟踪,嘉懿瑾瑜私募证券投资基金A类份额,XL927A,嘉懿瑾瑜私募证券投资基金A类份额,XL927A,上海嘉懿萃,,2022-11-11,2022-11-17,国泰君安证券股份有限公司,,,否,,,,,,,0,,,,,50-100亿元,P1073454
团队跟踪,瀚川瀚发精选1号私募证券投资基金A类份额,XM838A,瀚川瀚发精选1号私募证券投资基金A类份额,XM838A,珠海瀚川投资,,2022-11-03,2022-11-03,广发证券股份有限公司,,每月15号,否,单笔申购金额＜500万元，申购费率为1%；500万元≤单笔申购金额＜1000万元，申购费率为0.5%；1000万元≤单笔申购金额，申购费率为0.1%,,持有期小于365天，赎回费率为0.5%；持有期大等于365天，赎回费率为0%,0.8,,0.75,0.0075,,0.05%,0.05%,"在业绩报酬计提日对每笔份额的份额累计净值超过历史计提日最高份额累计净值部分,根据一定的比例计提业绩报酬，A 类份额提取比例为20%",0-5亿元,P1068304
团队跟踪,卓胜中证500指数增强一号私募证券投资基金A类份额,XN301A,卓胜中证500指数增强一号私募证券投资基金A类份额,XN301A,上海卓胜,,2022-11-01,2022-11-07,招商证券股份有限公司,,"申购：每周周一、周三
赎回：每周周一、周三",可临开赎回,1.00%，可免,最低1万,小于6个月1%；6个月及以上0%,,无,,0.01,,0.02%,0.02%,"正收益超额收益收取：
A类：提取当期正收益超过中证500指数（000905）对应期间收益的20%作为业绩报酬（但提取业绩报酬之后该份额当期收益不得为负数）。",0-5亿元,P1073962
团队跟踪,博孚利嘉兴一号私募证券投资基金A类份额,XN690A,博孚利嘉兴一号私募证券投资基金A类份额,XN690A,厦门博孚利资管,,2022-10-18,2022-10-18,兴业证券股份有限公司,,本基金自成立之日起每周三开放申购和赎回（遇非交易日顺延至本周的下一个交易日，若本周无交易日可顺延，则不再顺延至下周，即本周不进行开放）。,可临开赎回,0%,不少于1万,持有时间小于90个自然日赎回费率为1%，持有时间大于90个自然日（含）赎回费率为0%。,0.9,无,0.85,0.013,,0.01%,0.01%,份额高水位法，提取比例为20%,50-100亿元,P1023120
团队跟踪,博孚利嘉兴一号私募证券投资基金B类份额,XN690B,博孚利嘉兴一号私募证券投资基金B类份额,XN690B,厦门博孚利资管,,2022-10-18,2022-10-18,兴业证券股份有限公司,,本基金自成立之日起每个自然月第一和第三个周三（遇非交易日顺延至下一交易日）开放申购和赎回,可临开赎回,0%,不少于1万,持有时间小于180个自然日赎回费率为1%，持有时间大于180个自然日（含）赎回费率为0%,0.9,无,0.85,0,,0.01%,0.01%,不计提业绩报酬,50-100亿元,P1023120
团队跟踪,思勰投资芳华二十六号A类,XN713A,思勰投资芳华二十六号私募证券投资基金A类份额,XN713A,上海思勰投资,,2022-10-26,2022-11-01,华福证券有限责任公司,,每个交易日,否,0%,1万元起,0%,,,,0,,0.02%,行政服务费：0.015%,管理人将提取份额期间年化收益率的 50%作为业绩报酬，计提后基金份额持有人年化收益率不低于 4%,100亿元以上,P1032873
团队跟踪,思勰投资芳华二十六号私募证券投资基金B类份额,XN713B,思勰投资芳华二十六号私募证券投资基金B类份额,XN713B,上海思勰投资,,2022-10-26,2022-11-01,华福证券有限责任公司,,每个交易日,否,0%,1万元起,0%,,,,0,,0.02%,行政服务费：0.015%,"不计提业绩报酬
",100亿元以上,P1032873
团队跟踪,博孚利恒跃1号私募证券投资基金A类份额,XN895A,博孚利恒跃1号私募证券投资基金A类份额,XN895A,厦门博孚利资管,,2022-11-03,,国泰君安证券股份有限公司,,每个交易日,可临开赎回,0%,不低于1万,0%,0.9,无,0.85,0,,0%,0%,不计提业绩报酬,50-100亿元,P1023120
团队跟踪,博孚利恒跃1号私募证券投资基金B类份额,XN895B,博孚利恒跃1号私募证券投资基金B类份额,XN895B,厦门博孚利资管,,2022-11-03,2022-11-03,国泰君安证券股份有限公司,,每个交易日,可临开赎回,0%,不低于1万,持有期小于365天，赎回费率为1%；持有期大等于365天，赎回费率为0%,0.9,无,0.85,0.01,,0.015%,0.015%,不计提业绩报酬,50-100亿元,P1023120
团队跟踪,衍复金选指数增强5号私募证券投资基金B类份额,XP270B,衍复金选指数增强5号私募证券投资基金B类份额,XP270B,上海衍复投资,,2023-01-31,2023-02-03,中信证券股份有限公司,,,否,,,,,,,0,,,,,100亿元以上,P1070325
团队跟踪,半鞅量化精选1号私募证券投资基金B类份额,XP584B,半鞅量化精选1号私募证券投资基金B类份额,XP584B,半鞅基金,,2022-10-27,2022-11-01,国泰君安证券股份有限公司,,,否,,,,,,,0,,,,,100亿元以上,P1072919
团队跟踪,领容恒驰私募证券投资基金B类份额,XQ364B,领容恒驰私募证券投资基金B类份额,XQ364B,上海领容投资,,2022-11-01,2022-11-04,招商证券股份有限公司,,申购：每周五 赎回：每周五,可临开赎回,1%，可免,不低于1万元,小于3个月1%；大于等于3个月0%,0.85,无,0.8,0.01,,0.015%,0.015%,"整体收益收取：
仅对B类份额计提业绩报酬，业绩报酬计提比例为20%。",10-20亿元,P1071654
团队跟踪,行和星空私募证券投资基金B类份额,XQ459B,行和星空私募证券投资基金B类份额,XQ459B,大连行和基金,,2022-10-27,2022-11-04,兴业证券股份有限公司,,,否,,,,,,,0,,,,,0-5亿元,P1018822
团队跟踪,源峰逆向A类,XQ541A,源峰逆向私募证券投资基金A类份额,XQ541A,北京源峰,,2022-11-08,2022-11-11,中信证券股份有限公司,,,否,,,,,,,0,,,,,100亿元以上,P1067975
团队跟踪,博孚利善家慈善组织1号私募证券投资基金A类份额,XQ623A,博孚利善家慈善组织1号私募证券投资基金A类份额,XQ623A,厦门博孚利资管,,2022-11-03,2022-11-04,国金证券股份有限公司,,每周周一、周三、周五,否,,1万元起,,,无,,0,,0.02%,0.02%,,50-100亿元,P1023120
团队跟踪,博孚利善家慈善组织1号私募证券投资基金B类份额,XQ623B,博孚利善家慈善组织1号私募证券投资基金B类份额,XQ623B,厦门博孚利资管,,2022-11-03,2022-11-04,国金证券股份有限公司,,每周周一、周三、周五,否,,1万元起,,,无,,0,,0.02%,0.02%,,50-100亿元,P1023120
团队跟踪,青琰琰知一号私募证券投资基金A类份额,XR047A,青琰琰知一号私募证券投资基金A类份额,XR047A,上海青琰,,2022-11-11,2022-11-16,中信证券股份有限公司,,每周周三，每年 3 月、6 月、9 月、12月的最后一个工作日,否,1%,,持有期小等于183天，赎回费率为2%；持有期大于183天且小等于365天，赎回费率为1%；持有期大于365天，赎回费率为0%,0.96,,0.94,0.01,,0.01%,0.01%,"计提基准日：固定计提基准日（每年 3 月、9 月最后一个工作日）、除息日（若有）、赎回申请日和基金终止日。
管理人将根据委托人每笔投资的期间年化收益率（R），当期间年化收益率大于【6】%时，对所有收益按照【60】%的比例收取业绩报酬，且计提后该笔份额的期间年化收益率不低于【6】%。",20-50亿元,P1073943
团队跟踪,照月海舟优孚进取2号私募证券投资基金A类份额,XR071A,照月海舟优孚进取2号私募证券投资基金A类份额,XR071A,成都照月,,2022-11-11,2022-11-16,国泰君安证券股份有限公司,,每个交易日,否,1%,,0%,,无,,0.015,,0.025%,0.025%,20%,5-10亿元,P1067191
团队跟踪,旭诺行稳致远1号A类,XR146A,旭诺行稳致远1号私募证券投资基金A类份额,XR146A,上海汐泰投资,,2022-11-10,2022-11-21,招商证券股份有限公司,,,否,,,,,,,0,,,,,100亿元以上,P1009607
团队跟踪,安诚数盈金福稳健一号私募证券投资基金B类份额,XR467B,安诚数盈金福稳健一号私募证券投资基金B类份额,XR467B,浙江安诚数盈投资,,2022-11-03,2022-11-08,中信建投证券股份有限公司,,,否,,,,,,,0,,,,,10-20亿元,P1018488
团队跟踪,量道中证500指数增强11号私募证券投资基金A类份额,XS119A,量道中证500指数增强11号私募证券投资基金A类份额,XS119A,深圳量道投资,,2022-11-22,2022-11-22,长城证券股份有限公司,,每个交易日,否,0.5%, 1 万元的整数倍,持有期小于90天，赎回费率为0.5%；持有期大等于90天，赎回费率为0%,,无,,0.003,,0.025%（年最低收费金额2500元）,0.025%（年最低收费金额2500元）,不计提业绩报酬。,100亿元以上,P1016658
团队跟踪,量道中证500指数增强11号私募证券投资基金B类份额,XS119B,量道中证500指数增强11号私募证券投资基金B类份额,XS119B,深圳量道投资,,2022-12-22,2022-12-22,长城证券股份有限公司,,每个交易日,否,0,1万元起,0,,,,0,,,0.025%（年最低收费金额2500元）,不计提业绩报酬,100亿元以上,P1016658
团队跟踪,领容长乐1号B类,XS920B,领容长乐1号私募证券投资基金B类份额,XS920B,上海领容投资,,2022-12-26,2023-01-03,国泰君安证券股份有限公司,,申购开放日为每周周三，赎回开放日为每月最后一个交易日,否,,1万元起,,0.85,无,0.8,0,,0.015%,0.015%,,10-20亿元,P1071654
团队跟踪,量锐广源1000指数增强1号私募证券投资基金B类份额,XT487B,量锐广源1000指数增强1号私募证券投资基金B类份额,XT487B,宁波金戈量锐资管,,2022-12-27,2022-12-30,广发证券股份有限公司,,每个交易日,否,0%,,0%,,,,0.01,,0.025%,0.025%,对超过历史计提日最高份额累计净值部分，提取比例为20%,100亿元以上,P1008220
团队跟踪,诚远全天候私募证券投资基金A类份额,XT547A,诚远全天候私募证券投资基金A类份额,XT547A,上海诚远,,2022-11-24,2022-12-01,中信证券股份有限公司,,,否,,,,,,,0,,,,,0-5亿元,P1074125
团队跟踪,诚远全天候私募证券投资基金B类份额,XT547B,诚远全天候私募证券投资基金B类份额,XT547B,上海诚远,,2022-11-24,2022-12-01,中信证券股份有限公司,,申购开放日为每个工作日，赎回开放日为基金成立之日起6个月后的每个月的15、16、17日,否,,1万元起,持有期小于180天，赎回费率为0.3%；持有期大等于180天，赎回费率为0%,,,,0.01,,0.02%,,持有人退出、基金分红、基金终止时统一计提业绩报酬，收益计提16%,0-5亿元,P1074125
团队跟踪,蒙玺分形12号私募证券投资基金B类份额,XT797B,蒙玺分形12号私募证券投资基金B类份额,XT797B,上海蒙玺投资,,2023-09-06,2023-09-11,中信证券股份有限公司,,每个工作日,否,0%,,0%,0.97,,0.95,0.01,,0.02%,0.02%,当期间年化收益率大于 5.5%时，对所有收益按照 Y 的比例收取业绩报酬，且计提后该笔份额的期间年化收益率不低于 5.5%。B 类份额业绩报酬的提取比例（Y）为 50%。,100亿元以上,P1063294
团队跟踪,亦赋银河3号中证500指数增强B类,XT999B,亦赋银河3号中证500指数增强私募证券投资基金B类份额,XT999B,海南亦赋,,2022-11-22,2022-11-25,中信证券股份有限公司,,每周周三、周五,否,,,持有期小于3个月，赎回费率为1%；持有期大等于3个月且小于6个月，赎回费率为0.5%；持有期大等于6个月，赎回费率为0%,,,,0.015,, 0.015%, 0.015%,当基金份额赎回、基金终止或分红时，管理人将提取赎回份额或分红份额当期收益的20%作为业绩报酬,50-100亿元,P1073329
团队跟踪,奕睿CTA二期D私募证券投资基金A类份额,XU778A,奕睿CTA二期D私募证券投资基金A类份额,XU778A,上海奕睿,,2022-11-22,2022-11-25,招商证券股份有限公司,,,否,,,,,,,0,,,,,0-5亿元,P1072839
团队跟踪,概率尊享共赢精选2号私募证券投资基金C类份额,XW216C,概率尊享共赢精选2号私募证券投资基金C类份额,XW216C,上海概率投资,,2022-12-07,2022-12-15,中信建投证券股份有限公司,,每个工作日,否,1%,,持有期小于180天，赎回费率为1%；持有期大等于180天，赎回费率为0%,,无,,0.01,,0.05%,0.05%,"业绩报酬的提取比例为20%。业绩报酬提取时点为分红确认日（若有）、赎回确认日和基金终止确认日
",5-10亿元,P1071609
团队跟踪,至正石湖一号私募证券投资基金A类份额,XW286A,至正石湖一号私募证券投资基金A类份额,XW286A,烟台至正,,2022-12-16,2022-12-21,华福证券有限责任公司,,每周周二,可临开赎回,1%,1万元起,0%,0.8,,0.75,0.01,行政服务费：0.02%,0.03%,,"当Ri,j≤【0%】时，不计提业绩报酬；
当Ri,j＞【0%】时，管理人对期间年化收益率超过【0%】的部分提取【16%】作为业绩报酬，即PFi,j=Fi,j×（Ri,j -【0%】）×HWM0×【16%】×T/365。",0-5亿元,P1074156
团队跟踪,至正石湖一号私募证券投资基金B类份额,XW286B,至正石湖一号私募证券投资基金B类份额,XW286B,烟台至正,,2022-12-16,2022-12-21,华福证券有限责任公司,,每周周二,可临开赎回,1%,1万元起,0%,0.8,,0.75,0.015,行政服务费：0.02%,0.03%,,"当Ri,j≤【0%】时，不计提业绩报酬；
当Ri,j＞【0%】时，管理人对期间年化收益率超过【0%】的部分提取【20%】作为业绩报酬，即PFi,j=Fi,j×（Ri,j -【0%】）×HWM0×【20%】×T/365；",0-5亿元,P1074156
团队跟踪,至正淡然一号私募证券投资基金A类份额,XW406A,至正淡然一号私募证券投资基金A类份额,XW406A,烟台至正,,2022-12-16,2022-12-21,国泰君安证券股份有限公司,,每周周二（持有期低于 180 天的基金份额经管理人同意后方可赎回）,否,1%,,持有期小于180 天，经管理人同意后方可赎回，赎回费率为1%；持有期大等于180天，赎回费率为 0%,0.8,无,0.75,0.01,,0.015%,0.015%,16%,0-5亿元,P1074156
团队跟踪,和合珑睿1号私募证券投资基金A类份额,XW561A,和合珑睿1号私募证券投资基金A类份额,XW561A,深圳和合易泰,,2023-03-08,2023-03-20,国泰君安证券股份有限公司,,每个交易日,否,0%,10万的整数倍,0%,,无,,0.002,,0.01%,0.01%,"不计提业绩报酬。
计提基准日：投资者赎回日、分红权益登记日、基金清算日。",0-5亿元,P1072404
团队跟踪,和合珑睿1号私募证券投资基金B类份额,XW561B,和合珑睿1号私募证券投资基金B类份额,XW561B,深圳和合易泰,,2023-03-08,2023-03-20,国泰君安证券股份有限公司,,每个交易日,否,0%,10万的整数倍,0%,,无,,0.01,,0.01%,0.01%,"30%。
计提基准日：投资者赎回日、分红权益登记日、基金清算日。",0-5亿元,P1072404
团队跟踪,慕途稳健2号私募证券投资基金A类份额,XW938A,慕途稳健2号私募证券投资基金A类份额,XW938A,慕途基金,,2022-12-13,2022-12-16,国泰君安证券股份有限公司,,每周周五，如遇非交易日，则顺延至下一交易日。 ,可临开赎回,0%,不低于10万元,持有期小于90天，赎回费率为1%；持有期大等于90天，赎回费率为0%,0.97,无,0.95,0.01,,0.015%,0.015%,单笔份额高水位净值法。赎回、分红、清算日计提，计提比例年化收益率20%（含）以内部分20%；20%-30%（含）的部分30%，30%-40%（含）的部分40%，超过40%的部分50%,10-20亿元,P1073298
团队跟踪,玉数涵瑞专享十一号私募证券投资基金B类份额,XW955B,玉数涵瑞专享十一号私募证券投资基金B类份额,XW955B,上海玉数投资,,2022-12-29,2022-12-30,广发证券股份有限公司,,申请开放日为每个交易日；赎回开放日为每个月最后一个交易日,否,0%,,0%,0.93,,0.9,0.015,,0.025%,0.025%,20%,10-20亿元,P1065673
团队跟踪,倍致金选1号B类,XW999B,倍致金选1号私募证券投资基金B类份额,XW999B,杭州倍致,,2023-07-17,2023-07-20,国泰君安证券股份有限公司,,每周周五,可临开赎回,0%,,0%,0.75,无,0.7,0.01,,0.015%,0.015%,16%,50-100亿元,P1073143
团队跟踪,静瑞金选价值灵动1号私募证券投资基金A类份额,XX149A,静瑞金选价值灵动1号私募证券投资基金A类份额,XX149A,上海静瑞,,2023-03-06,2023-03-09,招商证券股份有限公司,,每个交易日,否,0%,10万元起,0%,,无,,0,,0.015%,0.015%,"A类: 0%
计提基准日：每年固定时间12月15日 (遇节假日则顺延至下个工作日）、赎回时、基金清算时。",50-100亿元,P1072080
团队跟踪,静瑞金选价值灵动1号B类,XX149B,静瑞金选价值灵动1号私募证券投资基金B类份额,XX149B,上海静瑞,,2023-03-06,2023-03-09,招商证券股份有限公司,,每个交易日,否,0%,10万元起,0%,,无,,0.0075,0.75%,0.015%,0.015%,"B类: 15%。
计提基准日：每年固定时间12月15日 (遇节假日则顺延至下个工作日）、赎回时、基金清算时。",50-100亿元,P1072080
团队跟踪,静瑞金选价值灵动1号私募证券投资基金C类份额,XX149C,静瑞金选价值灵动1号私募证券投资基金C类份额,XX149C,上海静瑞,,2023-03-06,2023-03-09,招商证券股份有限公司,,每个交易日,否,0%,10万元起,0%,,无,,0.0095,,0.015%,0.015%,"C类: 17%。
计提基准日：每年固定时间12月15日 (遇节假日则顺延至下个工作日）、赎回时、基金清算时。",50-100亿元,P1072080
团队跟踪,安子极客中证500增强一号私募证券投资基金A类份额,XX167A,安子极客中证500增强一号私募证券投资基金A类份额,XX167A,深圳安子,,2022-12-09,2022-12-14,国泰君安证券股份有限公司,,每周周五，如遇非交易日，提前至前一个交易日,否,1%,10万元起,持有期小于180天，赎回费率为2%；持有期大等于180天且小于360天，赎回费率为1%；持有期大等于360 天，赎回费率为0%,,,,0.015,,0.02%,0.02%,20%；计提时点：投资者赎回日、分红权益登记日、基金清算日。,20-50亿元,P1071972
团队跟踪,星然军团智选私募证券投资基金A类份额,XX410A,星然军团智选私募证券投资基金A类份额,XX410A,南京星然,,2022-12-08,2022-12-14,华鑫证券有限责任公司,,每周周三,否,0%,,持有期小于180天，赎回费率为0.5%；持有期大等于180天，赎回费率为0%,0.85,,0.8,0.015,,0.035%,0.015%,"当 Ri,j＞0%时，基金管理人对期间年化收益率超过0%的部分提取20%作为业绩报酬",10-20亿元,P1072801
团队跟踪,守朴长辉1号私募证券投资基金A类份额,XX575A,守朴长辉1号私募证券投资基金A类份额,XX575A,上海守朴资管,,2022-12-09,2022-12-14,兴业证券股份有限公司,,每日,否,0%,不少于1万元人民币,"<180天，2.00%;180天(含)≤持有期<365天(不含)1%;≥365天(含),0%",,无,,0.006,,0.015%,0.015%,年化0%以上计提15%,5-10亿元,P1068966
团队跟踪,守朴长辉1号私募证券投资基金B类份额,XX575B,守朴长辉1号私募证券投资基金B类份额,XX575B,上海守朴资管,,2022-12-09,2022-12-14,兴业证券股份有限公司,,每个交易日,可临开申购和可临开赎回,,,持有小于180天，赎回费率为1%；持有期大等于180天且小于365天，赎回费率为0.5%；持有期大等于365天，赎回费率为0%,,,,0.01,,0.015%,0.015%,单客户单笔份额高水位法，业绩报酬提取比例为15%,5-10亿元,P1068966
团队跟踪,兰盈微观1号A类,XX976A,兰盈微观1号私募证券投资基金A类份额,XX976A,上海兰盈量投,,2022-12-12,2022-12-16,华泰证券股份有限公司,,每个交易日,否,1%,1万的整数倍,A类：<180天为2% ；>=180天<365为1% ；>=365天为0% ，B类：0,0.95,无,0.9,0.008,A类：0.8% ，B类：0.1%,0.02%,0.02%,A类：（1）业绩报酬计提基准日：固定时点（基金成立后每年12月最后一个交易日）、基金收益分配、基金份额 持有人赎回A类基金份额或者基金终止。（2）业绩报酬提取方法：本基金采用“单个投资者单份额高水位法”。①产品收益率6%以下不收后端；②产品收益率6-12%之间，在确保客户费后6%的基础上提20%的后端；③产品收益率在12%以上，在确保客户费后9.6%的基础上提40%的后端。B类：无业绩报酬,10-20亿元,P1073965
团队跟踪,远望角金选致远1号私募证券投资基金B类份额,XX988B,远望角金选致远1号私募证券投资基金B类份额,XX988B,深圳远望角投资,,2022-12-30,2023-01-09,招商证券股份有限公司,,,否,,,,,,,0,,,,,5-10亿元,P1008153
团队跟踪,杭州波粒二象小红掌私募证券投资基金A类份额,XY162A,杭州波粒二象小红掌私募证券投资基金A类份额,XY162A,杭州波粒二象,,2022-12-14,2022-12-19,广发证券股份有限公司,,每个交易日,否,0%,1万元起,0%,,无,,0.01,,0.015%,0.015%,15%,10-20亿元,P1066784
团队跟踪,万维-偲科聆中证500指增1号A类,XY527A,万维-偲科聆中证500指增1号私募证券投资基金A类份额,XY527A,深圳万维,,2022-12-15,2022-12-15,招商证券股份有限公司,,,否,,,,,,,0,,,,,0-5亿元,P1002875
团队跟踪,鲁民投量化对冲二号私募证券投资基金A类份额,XY896A,鲁民投量化对冲二号私募证券投资基金A类份额,XY896A,鲁民投基金,,2023-01-20,2023-01-30,光大证券股份有限公司,,每自然周的周一、周三、周五,否,,,,0.85,无,0.8,0,,0.02%,0.02%,,100亿元以上,P1069017
团队跟踪,鲁民投量化对冲二号私募证券投资基金B类份额,XY896B,鲁民投量化对冲二号私募证券投资基金B类份额,XY896B,鲁民投基金,,2023-01-20,2023-01-30,光大证券股份有限公司,,每自然周的周一、周三、周五,否,0,,0,0.85,无,0.8,0.01,,0.02%,0.02%,单人单笔份额法计提20%,100亿元以上,P1069017
团队跟踪,泓倍期权套利1号私募投资基金B类份额,Y3015B,泓倍期权套利1号私募投资基金B类份额,Y3015B,上海泓倍投资,,2017-12-28,2018-01-05,招商证券股份有限公司,,,否,,,,,,,0,,,,,0-5亿元,P1003437
团队跟踪,思勰投资正好混合中性39号私募投资基金B类份额,Y3208B,思勰投资正好混合中性39号私募投资基金B类份额,Y3208B,上海思勰投资,,2017-11-17,,国泰君安证券股份有限公司,,,否,,,,,,,0,,,,,100亿元以上,P1032873
团队跟踪,博益安盈精选8号私募投资基金A类份额,Y3342A,博益安盈精选8号私募投资基金A类份额,Y3342A,深圳博益安盈,,2017-12-26,2018-01-04,华泰证券股份有限公司,,,否,,,,,,,0,,,,,5-10亿元,P1032574
团队跟踪,鸣熙南华商品指数创新1号私募证券投资基金	A类份额,Y5848A,鸣熙南华商品指数创新1号私募证券投资基金	A类份额,Y5848A,鸣熙资本,,2018-01-08,2018-01-17,招商证券股份有限公司,,每个工作日,否,0%,10万元起,0%,,无,,0.002,,0.05%,0.05%,不计提业绩报酬,100亿元以上,P1033450
团队跟踪,鸣熙南华商品指数创新1号私募证券投资基金	B类份额,Y5848B,鸣熙南华商品指数创新1号私募证券投资基金	B类份额,Y5848B,鸣熙资本,,2018-01-08,,招商证券股份有限公司,,每个工作日,否,0%,10万元起,0%,,无,,0,,0.05%,0.05%,不计提业绩报酬,100亿元以上,P1033450
团队跟踪,量桥投资鸿瑞二号私募投资基金A类份额,Y6566A,量桥投资鸿瑞二号私募投资基金A类份额,Y6566A,上海量桥投资,,2017-12-29,2018-01-04,招商证券股份有限公司,,每周周一、周三、周五,否,0%,1万元起,0%,0.85,无,0.8,0.01,,0.02%,0.02%,单客户单笔份额高水位法，在本金赎回、分红、终止时计提业绩报酬。A类份额计提35%,10-20亿元,P1025719
团队跟踪,量桥投资鸿瑞四号私募投资基金A类份额,Y6681A,量桥投资鸿瑞四号私募投资基金A类份额,Y6681A,上海量桥投资,,2018-12-13,,招商证券股份有限公司,,每周周一、三、五,否,0%,,0%,0.85,,0.8,0.01,,0.025%,0.025%,30%,10-20亿元,P1025719
团队跟踪,翔云50私募投资基金A类份额,Y6829A,翔云50私募投资基金A类份额,Y6829A,广州翔云,,2017-12-14,,华泰证券股份有限公司,,申购开放日为每月的第 5、15 个工作日，赎回开放日为每月的第5个工作日,可临开赎回,0%,10万元起,持有期小于92天，赎回费率为0.75%；持有期大等于92天，赎回费率为0%,,无,,0.005,,0.04%,0.04%,0%,10-20亿元,P1007271
团队跟踪,翔云50私募投资基金B类份额,Y6829B,翔云50私募投资基金B类份额,Y6829B,广州翔云,,2017-12-14,,华泰证券股份有限公司,,申购开放日为每月的第 5、15 个工作日，赎回开放日为每月的第5个工作日,可临开赎回,0%,10万元起,持有期小于92天，赎回费率为0.75%；持有期大等于92天，赎回费率为0%,,无,,0.015,,0.04%,0.04%,20%,10-20亿元,P1007271
团队跟踪,博普宏观对冲1号私募基金C类,Y8972C,博普宏观对冲1号私募基金C类,Y8972C,深圳博普科技,,2017-12-13,,招商证券股份有限公司,,每个自然季度第三个月的25日,否,0%,,0%,0.8,,0.7,0.02,,0.02%,0.02%,20%,50-100亿元,P1001724
团队跟踪,睿量光子1号私募证券投资基金A类份额,ZA093A,睿量光子1号私募证券投资基金A类份额,ZA093A,上海睿量,,2023-01-04,2023-01-09,华泰证券股份有限公司,,每日,否,,,,,,,0.01,,,,,100亿元以上,P1073883
团队跟踪,极量精选指增私募证券投资基金A类份额,ZA160A,极量精选指增私募证券投资基金A类份额,ZA160A,共青城极量投资,,2022-12-22,2022-12-28,招商证券股份有限公司,,,否,,,,,,,0,,,,,10-20亿元,P1071373
团队跟踪,极量精选指增私募证券投资基金B类份额,ZA160B,极量精选指增私募证券投资基金B类份额,ZA160B,共青城极量投资,,2022-12-22,2022-12-28,招商证券股份有限公司,,,否,,,,,,,0,,,,,10-20亿元,P1071373
团队跟踪,极量精选指增私募证券投资基金C类份额,ZA160C,极量精选指增私募证券投资基金C类份额,ZA160C,共青城极量投资,,2022-12-22,2022-12-28,招商证券股份有限公司,,,否,,,,,,,0,,,,,10-20亿元,P1071373
团队跟踪,华钧真观2期私募证券投资基金B类份额,ZA263B,华钧真观2期私募证券投资基金B类份额,ZA263B,北京华钧广汇投资,,2023-01-06,2023-01-11,国泰君安证券股份有限公司,,每个交易日,否,,,,0.7,,,0,,0.05%,0.05%,,10-20亿元,P1067480
团队跟踪,福克斯-慧泉壹号A类,ZA437A,福克斯-慧泉壹号私募证券投资基金A类份额,ZA437A,深圳福克斯投资,,2022-12-27,2023-01-06,中信证券股份有限公司,,每个工作日,否,0%,不少于1万元,0%,,无,,0.01,,0.025%,0.025%,20%,10-20亿元,P1065770
团队跟踪,福克斯-慧泉壹号私募证券投资基金B类份额,ZA437B,福克斯-慧泉壹号私募证券投资基金B类份额,ZA437B,深圳福克斯投资,,2022-12-27,2023-01-06,中信证券股份有限公司,,每个工作日,否,0%,不少于1万元,0%,,无,,0,,0.025%,0.025%,不计提业绩报酬,10-20亿元,P1065770
团队跟踪,涵盈博孚利1号私募证券投资基金A类,ZA846A,涵盈博孚利1号私募证券投资基金A类,ZA846A,厦门博孚利资管,,2022-12-29,2022-12-29,中信证券股份有限公司,,每周周一、周三、周五,否,1%,不低于1万元,持有期小于180天，赎回费率为1%；持有期大等于180天，赎回费率为0% ,0.8,无,0.75,0.01,,0.015%,0.015%,10%,50-100亿元,P1023120
团队跟踪,涵盈博孚利1号私募证券投资基金B类份额,ZA846B,涵盈博孚利1号私募证券投资基金B类份额,ZA846B,厦门博孚利资管,,2022-12-29,2022-12-29,中信证券股份有限公司,,每周周一、周三、周五,否,0%,不低于1万元,0%,0.8,无,0.75,0,,0.015%,0.015%,,50-100亿元,P1023120
团队跟踪,领容商品珏金私募证券投资基金A类份额,ZA952A,领容商品珏金私募证券投资基金A类份额,ZA952A,上海领容投资,,2023-01-09,2023-01-12,华泰证券股份有限公司,,申购开放日为每周周三，赎回开放日为每月最后一个交易日,否,0%,,0%,0.85,无,0.8,0.01,,0.015%,0.015%,不计提业绩报酬,10-20亿元,P1071654
团队跟踪,领容商品珏金私募证券投资基金B类份额,ZA952B,领容商品珏金私募证券投资基金B类份额,ZA952B,上海领容投资,,2023-01-09,2023-01-12,华泰证券股份有限公司,,申购开放日为每周周三，赎回开放日为每月最后一个交易日,否,1%,,持有期小于180天，赎回费率为1%；持有期大等于180天，赎回费率为0%,0.85,无,0.8,0.01,,0.015%,0.015%,年化收益率高于0%但低于或等于50%计提20%；高于50%部分计提40%,10-20亿元,P1071654
团队跟踪,巨量均衡可转债猎鹰一号私募证券投资基金B类份额,ZB124B,巨量均衡可转债猎鹰一号私募证券投资基金B类份额,ZB124B,珠海巨量均衡,,2023-01-03,2023-01-06,中信证券股份有限公司,,,否,,,,,,,0,,,,,5-10亿元,P1072577
团队跟踪,半鞅CTA均衡1号私募证券投资基金B类份额,ZB342B,半鞅CTA均衡1号私募证券投资基金B类份额,ZB342B,半鞅基金,,2023-01-06,2023-01-11,国泰君安证券股份有限公司,,日开、周三赎回,否,0%,,<180天 1%，<365天 0.5%,,,,0.01,,0.01%,0.01%,,100亿元以上,P1072919
团队跟踪,量游翔宇二号私募证券投资基金B类份额,ZB944B,量游翔宇二号私募证券投资基金B类份额,ZB944B,上海量游资管,,2023-01-10,2023-01-10,国泰君安证券股份有限公司,,每周周二、周五,可临开赎回,1%,,0%,0.92,无,0.9,0.01,,0.025%,0.025%,"采用单个投资者单笔高水位净值法，计提比例：20%。
计提基准日：投资者赎回日、每年 3 月、6 月、9 月、12 月的最后一个交易日（固定日，但封闭期及锁定期（如有）除外）、分红权益登记日、基金清算日。",5-10亿元,P1005511
团队跟踪,润洲正行11号私募证券投资基金A类份额,ZB945A,润洲正行11号私募证券投资基金A类份额,ZB945A,杭州润洲,,2023-01-06,2023-01-06,招商证券股份有限公司,,本基金开放日为每个自然月的25 日（遇节假日则顺延至下一个工作日）。,可临开赎回,0,,若基金份额持有时间少于12 个月，A 类份额的赎回费率1%； 若基金份额持有时间大于等于12 个月，A 类份额的赎回费率0。,0.8,无,0.75,0.015,A 类份额：1.5%；B 类份额：0%；C 类份额：0%,0.015%,0.015%,,50-100亿元,P1006059
团队跟踪,量道洞晓1号私募证券投资基金A类份额,ZC420A,量道洞晓1号私募证券投资基金A类份额,ZC420A,深圳量道投资,,2023-01-13,2023-01-16,国泰君安证券股份有限公司,,每个交易日,否,1%,1万元起,持有期小于180天，赎回费率为1%；持有期大等于180天，赎回费率为0%,,无,,0.01,,,0.015%,"采用单个投资者单笔高水位净值法，计提比例30%；
计提时点：赎回日、基金终止日、分红日、固定结算日（每年6月最后一个交易日）",100亿元以上,P1016658
团队跟踪,量道洞晓1号私募证券投资基金B类份额,ZC420B,量道洞晓1号私募证券投资基金B类份额,ZC420B,深圳量道投资,,2023-01-13,2023-01-16,国泰君安证券股份有限公司,,每个交易日,否,0%,,0%,,无,,0,,0.015%,0.015%,不计提业绩报酬,100亿元以上,P1016658
团队跟踪,量道顺风1号A类,ZC421A,量道顺风1号私募证券投资基金A类份额,ZC421A,深圳量道投资,,2023-01-13,2023-01-16,国泰君安证券股份有限公司,李喆腾,每个交易日,否,1%,1万元的整数倍,持有期小于180天，赎回费率为1%；持有期大等于180天，赎回费率为0%,,无,,0.01,,0.015%/年,0.015%/年,"计提方式：单个投资者单笔投资年化收益差额法
计提时点：赎回日、基金终止日、分红权益登记日、固定结算日（每年最后一个交易日）
计提比例：超额年化0%以上部分计提20%（对标基准：期间中证500指数年化收益率）",100亿元以上,P1016658
团队跟踪,量道顺风1号私募证券投资基金B类份额,ZC421B,量道顺风1号私募证券投资基金B类份额,ZC421B,深圳量道投资,,2023-01-13,2023-01-16,国泰君安证券股份有限公司,,每个交易日,否,0%,1万元起,0%,,无,,0,,0.015%,0.015%,不计提业绩报酬,100亿元以上,P1016658
团队跟踪,量道明察1号私募证券投资基金A类份额,ZC435A,量道明察1号私募证券投资基金A类份额,ZC435A,深圳量道投资,,2023-01-12,0000-00-00,兴业证券股份有限公司,李喆腾,每个交易日,否,1%,1万元的整数倍,持有期小于180天，赎回费率为1%；持有期大等于180天，赎回费率为0%,0.92,无,0.9,0.01,,0.015%/年,0.015%/年,"1）计提方式：单个投资者单笔高水位净值法
2）计提时点：赎回日、基金终止日、分红日、固定结算日（每年12月最后一个交易日）
3）计提比例：20%",100亿元以上,P1016658
团队跟踪,量道明察1号B类,ZC435B,量道明察1号私募证券投资基金B类份额,ZC435B,深圳量道投资,,2023-01-12,2023-01-12,兴业证券股份有限公司,,每个交易日,否,0%,1万元的整数倍,0%,0.92,无,0.9,0,,,0.015%,不计提业绩报酬,100亿元以上,P1016658
团队跟踪,量派CTA七号A类,ZC678A,量派CTA七号私募证券投资基金A类份额,ZC678A,上海量派投资,,2023-01-06,2023-01-11,招商证券股份有限公司,,每个交易日,可临开申购,1%,1万元起,持有期小于180天，赎回费率为1%；持有期大等于180天，赎回费率为0%,,无,,0.01,,0.025%,0.025%,单客户单笔份额高水位法收取20%,100亿元以上,P1071253
团队跟踪,量派CTA七号私募证券投资基金B类份额,ZC678B,量派CTA七号私募证券投资基金B类份额,ZC678B,上海量派投资,,2023-01-06,2023-01-11,招商证券股份有限公司,,每个交易日,否,,1万元起,,,无,,0,,0.025%,0.025%,,100亿元以上,P1071253
团队跟踪,量派CTA七号私募证券投资基金C类份额,ZC678C,量派CTA七号私募证券投资基金C类份额,ZC678C,上海量派投资,,2023-01-06,2023-01-11,招商证券股份有限公司,,每个交易日,否,1%,1万元起,持有期小于6个月，赎回费率为1%；持有期大等于6 个月，赎回费率为0%,,无,,0.01,,0.025%,0.025%,,100亿元以上,P1071253
团队跟踪,朴时灵动配置1号私募证券投资基金A类份额,ZC765A,朴时灵动配置1号私募证券投资基金A类份额,ZC765A,上海朴时投资,,2023-01-06,2023-01-16,招商证券股份有限公司,,每周周五,否,0,10万元起,0,,无,,0.01,,0.02%,0.02%,"1.计提原则：单人单份额高水位法
2.计提时点：赎回、分红、清盘时计提；每自然年3月和9月的最后一
个交易日固定时点提取",10-20亿元,P1066101
团队跟踪,元涞潜龙聚配专享一号B类,ZC855B,元涞潜龙聚配专享一号私募证券投资基金B类份额,ZC855B,上海元涞,,2023-01-10,2023-01-10,招商证券股份有限公司,,,否,,,,,,,0,,,,,10-20亿元,P1067919
团队跟踪,量道乘风1号A类,ZD112A,量道乘风1号私募证券投资基金A类份额,ZD112A,深圳量道投资,,2023-01-17,2023-01-17,国泰君安证券股份有限公司,李喆腾,每个交易日,否,1%,1万的整数倍,持有期小于180天，赎回费率为1%；持有期大等于180天，赎回费率为0%,,无,,0.01,,0.015%/年,0.015%/年,"计提方式：单个投资者单笔投资年化收益差额法
计提时点：投资者赎回日、分红权益登记日、基金清算日、固定结算日（每年最后一个交易日）
计提比例：超额年化0%以上部分计提20%（对标基准：同期中证1000指数年化收益率）",100亿元以上,P1016658
团队跟踪,量道乘风1号私募证券投资基金B类份额,ZD112B,量道乘风1号私募证券投资基金B类份额,ZD112B,深圳量道投资,,2023-01-17,2023-01-17,国泰君安证券股份有限公司,,每个交易日,可临开赎回,0%,1万元起,0%,,无,,0,,0.015%,0.015%,不计提业绩报酬,100亿元以上,P1016658
团队跟踪,量道迎风1号A类,ZD115A,量道迎风1号私募证券投资基金A类份额,ZD115A,深圳量道投资,,2023-01-13,2023-01-16,国泰君安证券股份有限公司,,每个交易日,否,1%,1 万元的整数倍,持有期小于180天，赎回费率为1%；持有期大等于180天，赎回费率为0%。（归管理人所有）,,无,,0.01,,0.015%/年,0.015%/年,"1、计提方式：单个投资者单笔高水位净值法。
2、计提时点：投资者赎回日、分红权益登记日、基金清算日
3、计提比例：30%",100亿元以上,P1016658
团队跟踪,量道迎风1号私募证券投资基金B类份额,ZD115B,量道迎风1号私募证券投资基金B类份额,ZD115B,深圳量道投资,,2023-01-13,2023-01-16,国泰君安证券股份有限公司,,每个交易日,否,0%,1万元起,0%,,无,,0,,0.015%,0.015%,不计提业绩报酬,100亿元以上,P1016658
团队跟踪,量派3000均衡增强16号私募证券投资基金A类份额,ZD120A,量派3000均衡增强16号私募证券投资基金A类份额,ZD120A,上海量派投资,,2023-01-09,2023-01-12,招商证券股份有限公司,,,否,,,,,,,0,,,,,100亿元以上,P1071253
团队跟踪,谦信潮汐六号证券投资私募基金A类份额,ZD293A,谦信潮汐六号证券投资私募基金A类份额,ZD293A,杭州谦信投资,,2023-01-11,2023-01-18,国泰君安证券股份有限公司,,,否,,,,,,,0,,,,,0-5亿元,P1067210
团队跟踪,睿量量子9号私募证券投资基金A类份额,ZD411A,睿量量子9号私募证券投资基金A类份额,ZD411A,上海睿量,,2023-03-17,2023-03-29,华泰证券股份有限公司,,,否,,,,,,,0,,,,,100亿元以上,P1073883
团队跟踪,香农元亨利贞一号私募证券投资基金A类份额,ZE555A,香农元亨利贞一号私募证券投资基金A类份额,ZE555A,海南三亚香农,,2023-06-08,2023-06-21,东方证券股份有限公司,,,否,,,,,,,0,,,,,20-50亿元,P1072386
团队跟踪,香农元亨利贞一号私募证券投资基金B类份额,ZE555B,香农元亨利贞一号私募证券投资基金B类份额,ZE555B,海南三亚香农,,2023-06-08,2023-06-21,东方证券股份有限公司,,,否,,,,,,,0,,,,,20-50亿元,P1072386
团队跟踪,香农元亨利贞一号私募证券投资基金C类份额,ZE555C,香农元亨利贞一号私募证券投资基金C类份额,ZE555C,海南三亚香农,,2023-06-08,2023-06-21,东方证券股份有限公司,,,否,,,,,,,0,,,,,20-50亿元,P1072386
团队跟踪,芬德-环翼量化指增1号私募证券投资基金A类份额,ZE926A,芬德-环翼量化指增1号私募证券投资基金A类份额,ZE926A,深圳芬德资管,,2023-01-20,2023-01-20,国泰君安证券股份有限公司,,申购开放日为每个工作日，赎回开放日为每周三(如遇非交易日则顺延),可临开赎回,0%,10万元起,0%,0.75,无,0.7,0.01,,0.02%,0.02%,收益分配基准日、开放日、基金终止日单人单笔提取15%作为业绩报酬,5-10亿元,P1063021
团队跟踪,洺沣赛博17号私募证券投资基金A类份额,ZF055A,洺沣赛博17号私募证券投资基金A类份额,ZF055A,共青城洺沣投资,,2023-02-09,2023-02-17,广发证券股份有限公司,,申购开放日为每周周三，赎回开放日为每月份的第一个周三（份额锁定期为180天）,否,单笔申购金额＜300万元，申购费率为1%；300万元≤单笔申购金额＜500万元，申购费率为0.6%；500万元≤单笔申购金额，申购费率为0.3%,不低于1万元,持有期小等于360天，赎回费率为1%；持有期大于360天，赎回费率为0%,0.93,,0.9,0.008,销售服务费：0.8%,0.05%,0.05%,"25%。
业绩计提日：每年9月的第一个周三",10-20亿元,P1070038
团队跟踪,铭跃三号私募证券投资基金B类份额,ZG088B,铭跃三号私募证券投资基金B类份额,ZG088B,上海铭跃,,2023-02-27,2023-03-02,国泰君安证券股份有限公司,,每周周三,否,1%,,持有期小于180天，赎回费率为1%；持有期大等于180天，赎回费率为0%,0.85,无,0.8,0.01,,0.01%,0.01%,"对超过上次成功计提基准日各类别基金份额累计净值部分按50%计提。
计提基准日：投资者赎回日、每自然季度末月最后一个交易日（固定日，但封闭期及锁定期（如有）除外）、分红权益登记日、基金清算日",50-100亿元,P1073580
团队跟踪,哈希玄武一号私募证券投资基金B类份额,ZG426B,哈希玄武一号私募证券投资基金B类份额,ZG426B,海南哈希,,2023-01-31,2023-02-03,广发证券股份有限公司,,,否,,,,,,,0,,,,,10-20亿元,P1073980
团队跟踪,国源不争4号A类,ZG519A,国源不争4号私募证券投资基金A类份额,ZG519A,深圳国源信达资管,,2023-02-07,2023-02-16,国信证券股份有限公司,,每周周三,否,1%,10万元起,持有期小于365天 ，赎回费率为1.5%；持有期大等于365天，赎回费率为0%,0.8,,0.7,0.015,,0.025%,0.025%,20%,100亿元以上,P1061199
团队跟踪,华泰资产德林1号资产管理产品,ZH2024020120,华泰资产德林1号资产管理产品,ZH2024020120,华泰资管,,2024-03-12,,,,,否,,,,,,,0,,,,,,
团队跟踪,华安财保资管鸣远25号资产管理产品,ZH2025120950,华安财保资管鸣远25号资产管理产品,ZH2025120950,华安财保资管,,2025-12-09,2025-12-09,,,,否,,,,,,,0,,,,,,
团队跟踪,华安财保资管鸣远27号资产管理产品,ZH2026030133,华安财保资管鸣远27号资产管理产品,ZH2026030133,华安财保资管,,2026-03-06,2026-03-06,,,,否,,,,,,,0,,,,,,
团队跟踪,博孚利砺青私募证券投资基金A类份额,ZJ455A,博孚利砺青私募证券投资基金A类份额,ZJ455A,厦门博孚利资管,,2023-02-15,0000-00-00,招商证券股份有限公司,,申购开放日为每自然周的周三（遇节假日顺延至下一工作日）;赎回开放日为每自然月的1号,否,0%,1万元起,持有期小于6 个月，赎回费率为1%；持有期大等于6 个月，赎回费率为0%,0.9,无,0.85,0.02,,0%,0%,30%,50-100亿元,P1023120
团队跟踪,博孚利砺青私募证券投资基金B类份额,ZJ455B,博孚利砺青私募证券投资基金B类份额,ZJ455B,厦门博孚利资管,,2023-02-15,0000-00-00,招商证券股份有限公司,,申购开放日为每自然周的周三（遇节假日顺延至下一工作日）;赎回开放日为每自然月的1号,否,0%,1万元起,0%,0.9,无,0.85,0,,0%,0%,40%,50-100亿元,P1023120
团队跟踪,康诺天臣长江1号私募证券投资基金A类份额,ZK077A,康诺天臣长江1号私募证券投资基金A类份额,ZK077A,深圳康诺资管,,2023-02-23,2023-03-06,长江证券股份有限公司,,,否,,,,,,,0,,,,,0-5亿元,P1066802
团队跟踪,稳博信淮1000指数增强C期私募证券投资基金A类份额,ZK233A,稳博信淮1000指数增强C期私募证券投资基金A类份额,ZK233A,上海稳博投资,,2023-02-15,2023-02-21,中信建投证券股份有限公司,,每个工作日,否,1%,,持有期小于180天，赎回费率为1%；持有期大等于180天，赎回费率为0%,,,,0.01,,0.025%,0.025%,20%,100亿元以上,P1029043
团队跟踪,务时基本面量化增强1号私募证券投资基金B类份额,ZK382B,务时基本面量化增强1号私募证券投资基金B类份额,ZK382B,厦门务时,,2023-03-09,2023-03-14,招商证券股份有限公司,,每个工作日,否,,1万元起,,,,,0,,0.015%,0.015%,,5-10亿元,P1061595
团队跟踪,铭跃量选惜亩1号私募证券投资基金B类份额,ZK717B,铭跃量选惜亩1号私募证券投资基金B类份额,ZK717B,上海铭跃,,2023-02-27,2023-03-02,国泰君安证券股份有限公司,,每周周三、周四,可临开赎回,0%,,持有期小于90天，赎回费率为0.5%；持有期大等于90天，赎回费率为0%,,无,,0.01,,0.005%,0.005%,单个投资者单笔高水位净值法，计提比例：16%,50-100亿元,P1073580
团队跟踪,联海天王星臻选17号私募证券投资基金A类份额,ZK722A,联海天王星臻选17号私募证券投资基金A类份额,ZK722A,北京星鹏联海,,2023-02-27,2023-03-06,国信证券股份有限公司,,每个工作日,否,0%,,0%,,,,0.01,,0.01%,0.01%,10%,20-50亿元,P1034351
团队跟踪,宽德金选量化中性2号私募证券投资基金B类份额,ZL066B,宽德金选量化中性2号私募证券投资基金B类份额,ZL066B,上海宽德,,2024-01-03,2024-01-08,国泰君安证券股份有限公司,,,否,,,,,,,0,,,,,100亿元以上,P1005623
团队跟踪,兰盈奇异1号A类,ZL226A,兰盈奇异1号私募证券投资基金A类份额,ZL226A,上海兰盈量投,,2023-02-28,2023-03-07,华泰证券股份有限公司,,每个交易日,否,1%,追加金额为 1 万元的整数倍,A类：<180天为2% ；>=180天<365为1% ；>=365天为0% ；B类：0。,0.7,无,0.6,0.01,A类：1% ；B类：0.1%,0.02%,0.02%,"A类份额：20%。
业绩计提基准日：固定时点是指基金成立后每年12月最后一个交易日。",10-20亿元,P1073965
团队跟踪,兰盈奇异1号B类,ZL226B,兰盈奇异1号私募证券投资基金B类份额,ZL226B,上海兰盈量投,,2023-02-21,,华泰证券股份有限公司,,每个交易日,否,0%,,0%,0.7,无,0.6,0.001,,0.02%,0.02%,不计提业绩报酬,10-20亿元,P1073965
团队跟踪,嘉策财富二号私募证券投资基金B类份额,ZL616B,嘉策财富二号私募证券投资基金B类份额,ZL616B,上海嘉策百煅,,2023-02-22,2023-03-01,华泰证券股份有限公司,,每个交易日,否,0%,,0%,0.9,无,0.85,0,,0.01%,0.01%,50%,5-10亿元,P1073834
团队跟踪,衍复小市值指数增强一号私募证券投资基金B类份额,ZL824B,衍复小市值指数增强一号私募证券投资基金B类份额,ZL824B,上海衍复投资,,2023-02-28,2023-03-06,中信证券股份有限公司,,每周周四,否,0%,不少于1万元,持有期小于360天，赎回费率为1%；持有期大等于360天，赎回费率为0%,,,,0.01,,0.015%,0.015%,管理人将根据委托人每笔投资的期间年化收益率（R），对期间年化收益率超过0%以上部分按照20%的比例收取业绩报酬。,100亿元以上,P1070325
团队跟踪,慧创嘉兴一号私募证券投资基金A类份额,ZM041A,慧创嘉兴一号私募证券投资基金A类份额,ZM041A,杭州慧创投资,,2023-02-23,2023-02-23,广发证券股份有限公司,,每周的周一、周二、周三、周五,否,1%,1万元起,持有期小于180天，赎回费率为1%；持有期大等于180天，赎回费率为0%,0.9,,0.8,0.015,,0.015% ,0.015% ,"单客户单笔份额高水位法: 业绩报酬提取时点分为固定时点提取、赎回时提取、分红时提取和合同终止时提取。
针对每个投资者单笔参与份额，在业绩报酬计提日对每笔份额的份额累计净值超过历史计提日最高份额累计净值部分，根据一定的比例计提业绩报酬，提取比例 R=【20】%。",0-5亿元,P1005233
团队跟踪,东恺中证500锐增强一号A类,ZM476A,东恺中证500锐增强一号私募证券投资基金A类份额,ZM476A,上海东恺投资,,2023-02-28,2023-03-01,华泰证券股份有限公司,,,否,,,,,,,0,,,,,10-20亿元,P1069560
团队跟踪,善择先锋一号私募证券投资基金B类份额,ZM607B,善择先锋一号私募证券投资基金B类份额,ZM607B,深圳善择,,2023-02-28,2023-03-23,招商证券股份有限公司,,每周周三,否,0%,,0%,,,,0.02,,0.0125%,0.0125%,20%,50-100亿元,P1073481
团队跟踪,旭诺笃行致远1号A类,ZM853A,旭诺笃行致远1号私募证券投资基金A类份额,ZM853A,上海旭诺资管,,2023-03-28,2023-04-18,国泰君安证券股份有限公司,,每周周三,否,1%,10万元起,1%（可免）,0.85,无,0.75,0.015,,0.015%,0.015%,20%,10-20亿元,P1002888
团队跟踪,量道悦享1号私募证券投资基金A类份额,ZN178A,量道悦享1号私募证券投资基金A类份额,ZN178A,深圳量道投资,,2023-03-02,2023-03-02,兴业证券股份有限公司,,每周周一、周三、周五（遇节假日则顺延至下一交易日）,可临开赎回,1%,1 万元的整数倍,持有期小于90天，赎回费率为0.2%；持有期大等于90天，赎回费率为0%,0.96,无,0.95,0.015,,0.015%/年,0.015%/年,"1）计提方式：单个投资者单笔高水位净值法
2）计提时点：投资者赎回日、分红权益登记日、基金清算日、固定结算日（每年12月最后一个交易日）
3）计提比例：20%",100亿元以上,P1016658
团队跟踪,量道悦享1号私募证券投资基金B类份额,ZN178B,量道悦享1号私募证券投资基金B类份额,ZN178B,深圳量道投资,,2023-03-02,2023-03-02,兴业证券股份有限公司,,每周周一、周三、周五,可临开赎回,0%,1万元起,0%,0.96,无,0.95,0,,,0.015%,不计提业绩报酬,100亿元以上,P1016658
团队跟踪,睿量智行2号A类,ZN726A,睿量智行2号私募证券投资基金A类份额,ZN726A,上海睿量,,2023-03-08,2023-03-14,华泰证券股份有限公司,,每个交易日开放申购赎回,可临开赎回,1%,首次申购不低于100万元，追加申购不低于1万元,持有时间 < 180天：1%，持有时间 ≥ 180天：0%,,无,,0.01,1%/年,0.01%/年，以前一日基金资产净值每日计提，按季支付,0.01%/年，以前一日基金资产净值每日计提，按季支付,25%,100亿元以上,P1073883
团队跟踪,衍复金选小市值指数增强一号私募证券投资基金B类份额,ZN905B,衍复金选小市值指数增强一号私募证券投资基金B类份额,ZN905B,上海衍复投资,,2023-04-04,2023-04-10,中信证券股份有限公司,,,否,,,,,,,0,,,,,100亿元以上,P1070325
团队跟踪,衍复金选小市值指数增强二号私募证券投资基金B类份额,ZN906B,衍复金选小市值指数增强二号私募证券投资基金B类份额,ZN906B,上海衍复投资,,2023-04-24,2023-06-08,中信证券股份有限公司,,,否,,,,,,,0,,,,,100亿元以上,P1070325
团队跟踪,衍复金选小市值指数增强三号私募证券投资基金B类份额,ZN908B,衍复金选小市值指数增强三号私募证券投资基金B类份额,ZN908B,上海衍复投资,,2023-06-21,2023-06-27,中信证券股份有限公司,,每个工作日,否,0%,,持有期小于360天，赎回费率为1%；持有期大等于360天，赎回费率为0%,,无,,0.012,,0.015%,0.015%,18%,100亿元以上,P1070325
团队跟踪,德贝日选中证500指数增强1号私募证券投资基金A类份额,ZQ158A,德贝日选中证500指数增强1号私募证券投资基金A类份额,ZQ158A,上海德贝,,2023-03-13,2023-03-16,招商证券股份有限公司,,,否,,,,,,,0,,,,,100亿元以上,P1071472
团队跟踪,庆涌宏瑞私募证券投资基金A类份额,ZQ652A,庆涌宏瑞私募证券投资基金A类份额,ZQ652A,上海庆涌,,2023-04-25,2023-04-28,长江证券股份有限公司,,,否,,,,,,,0,,,,,0-5亿元,P1009558
团队跟踪,锦徽中性1号私募证券投资基金A类份额,ZQ723A,锦徽中性1号私募证券投资基金A类份额,ZQ723A,上海锦徽,,2023-03-17,2023-03-23,华泰证券股份有限公司,,每周周一、周三和周五,否,,1万元,,0.85,无,0.75,0,,0.015%,0.015%,,5-10亿元,P1074392
团队跟踪,善道全时对冲1号私募证券投资基金A类份额,ZQ945A,善道全时对冲1号私募证券投资基金A类份额,ZQ945A,深圳善道投资,,2023-03-22,2023-03-27,招商证券股份有限公司,,每周最后一个工作日、每年最后一个工作日,否,1%,,0%,,,,0.01,, 0.04%, 0.04%,"A类份额：20%。
业绩计提日：在每自然年最后一个工作日，但对于锁定期（每笔份额自认/申购起 3 个月不允许赎回, 每月按 30 个自然日计算）的份额不计提业绩报酬。",0-5亿元,P1064152
团队跟踪,善道全时对冲1号私募证券投资基金B类份额,ZQ945B,善道全时对冲1号私募证券投资基金B类份额,ZQ945B,深圳善道投资,,2023-03-22,2023-03-27,招商证券股份有限公司,,每周最后一个工作日、每年最后一个工作日,否,1%,,0%,,,,0.01,, 0.04%, 0.04%,"B类份额：16%。
业绩计提日：在每自然年最后一个工作日，但对于锁定期（每笔份额自认/申购起 3 个月不允许赎回, 每月按 30 个自然日计算）的份额不计提业绩报酬。",0-5亿元,P1064152
团队跟踪,量道行远1号私募证券投资基金A类份额,ZR021A,量道行远1号私募证券投资基金A类份额,ZR021A,深圳量道投资,,2023-03-21,2023-03-22,中信证券股份有限公司,,每周周一、周三、周五,可临开赎回,1%, 1 万元的整数倍,持有期<180天为1%，>=180天为0%,,无,,0.01,,0.015%,0.015%,"1）采用单个投资者单笔高水位净值法，计提比例25%；
2）计提时点为赎回日、基金终止日、分红日、固定结算日（每年12月第4个周五）",100亿元以上,P1016658
团队跟踪,量道行远1号私募证券投资基金B类份额,ZR021B,量道行远1号私募证券投资基金B类份额,ZR021B,深圳量道投资,,2023-03-21,2023-03-22,中信证券股份有限公司,,每周周一、周三、周五,可临开赎回,0%,1万元起,0%,,无,,0,,0.015%,0.015%,不计提业绩报酬,100亿元以上,P1016658
团队跟踪,绰瑞飞余2号私募证券投资基金A类份额,ZR238A,绰瑞飞余2号私募证券投资基金A类份额,ZR238A,上海绰瑞,,2023-03-21,2023-03-21,中信证券股份有限公司,,每月1号、每周周一,否,0%,,0%,0.9,,0.85,0.01,,,0.02%," A类份额：提取比例（Y）为20%。
计提基准日：固定计提基准日（封闭期结束后的每年3月、6月、9月、12月的1号）、该类份额的除息日、赎回申请日和基金终止日。",10-20亿元,P1006129
团队跟踪,众壹资产伊雷远山二号A类,ZR338A,众壹资产伊雷远山二号私募证券投资基金A类份额,ZR338A,上海众壹资管,,2024-01-25,2024-02-02,华泰证券股份有限公司,,每个交易日,否,0%,1万元起,持有期小于90天，赎回费率为1%；持有期大等于90天且小于180天，赎回费率为0.5%；持有期大等于180天，赎回费率为0%,0.93,无,0.9,0.01,,0.015%,0.015%,收取40%，单客户单笔份额高水位法，每年6月及12月最后一个交易日为固定时点提取,20-50亿元,P1004806
团队跟踪,泽元通宝聚配专享1号B类,ZR896B,泽元通宝聚配专享1号私募证券投资基金B类份额,ZR896B,广州泽元,,2023-03-30,2023-04-04,华泰证券股份有限公司,,本基金的申赎开放日为每周周三、周五，遇非工作日提前。基金管理人可设置临时开放日为基金份额持有人办理赎回，临时开放日不得进行申购。,可临开赎回,本基金 A 类基金份额无申购费，本基金的 B 类基金份额申购费率为 1%,基金份额持有人在开放日内追加申购的，每次申购的金额应不低于 10万元人民币（不含申购费（如有））。,6个月内1%,0.8,无,0.7,0.01,本基金 A 类基金份额无管理费。B 类基金份额基金管理费按前一日 B 类基金份额资产净值 1%的年费率计提。, 0.01%, 0.01%,"本基金 A 类基金份额无业绩报酬。
本基金 B 类基金份额业绩报酬：16%",20-50亿元,P1005795
团队跟踪,岚湖丰泽2号B类,ZR941B,岚湖丰泽2号私募证券投资基金B类份额,ZR941B,岚湖基金,,2023-03-22,2023-03-28,国泰君安证券股份有限公司,,申购开放日为每个交易日，赎回开放日为每月15日、16日,否,1%,,0%,,无,,0.006,,,,4.2%以上提取20%,50-100亿元,P1072875
团队跟踪,佳岳-实投聚配3号A类,ZR997A,佳岳-实投聚配3号私募证券投资基金A类份额,ZR997A,海南佳岳,,2023-04-12,2023-04-19,招商证券股份有限公司,,每个自然周的周五开放和每个自然年12月的第一个周三(计提业绩报酬的固定时点)开放,否,1%,1万元起,持有期小于6个月，赎回费率为1%；持有期大等于6个月，赎回费率为 0%；赎回费归基金资产。,0.55,无,0.5,0.01,,0.015%,0.015%,业绩报酬的计算采用单个投资者单笔高水位净值法。赎回、分红、清算日计提比例20%,20-50亿元,P1064142
团队跟踪,山海曦和私募证券投资基金A类份额,ZS447A,山海曦和私募证券投资基金A类份额,ZS447A,海南山海,,2023-07-26,2023-08-07,招商证券股份有限公司,,每周周一、周三,可临开赎回,0%,,0%,0.85,,0.8,0.01,,0.01%,0.01%,20%,5-10亿元,P1073708
团队跟踪,山信知章二号私募证券投资基金A类份额,ZS492A,山信知章二号私募证券投资基金A类份额,ZS492A,杭州萧山山信,,2023-04-10,2023-04-13,招商证券股份有限公司,,每月5号,否,0%,,0%,0.85,,0.8,0.015,,0.025%,0.025%,份额赎回、基金终止或分红时，赎回份额或分红份额当期收益低于 30%（含），管理人提取 20%作为业绩报酬；赎回份额或分红份额当期收益高于 30%（不含），管理人提取 0%-30%收益 20%以及超过 30%收益部分提取 25%作为业绩报酬。,10-20亿元,P1072086
团队跟踪,德合南岳量化一号B类,ZS755B,德合南岳量化一号私募证券投资基金B类份额,ZS755B,武汉德合,,2023-04-10,2023-04-13,中信证券股份有限公司,,,否,,,,,,,0,,,,,10-20亿元,P1074387
团队跟踪,茂源骏马均衡交易1期私募证券投资基金B类份额,ZT278B,茂源骏马均衡交易1期私募证券投资基金B类份额,ZT278B,海南茂源量化,,2023-04-24,,国金证券股份有限公司,,申购开放日为每周周五，赎回开放日为每月的 25号,否,1%,1万元起,持有期小于6个月，赎回费率为1%；持有期大等于6个月，赎回费率为0%,,,,0.01,,0.025%,0.025%,"当 Ri,j＞【0%】时，管理人对期间年化收益率超过【0%】的部分提取【18%】作为业绩报酬",100亿元以上,P1061840
团队跟踪,半鞅量化对冲6号私募证券投资基金B类份额,ZT461B,半鞅量化对冲6号私募证券投资基金B类份额,ZT461B,半鞅基金,,2023-04-07,2023-04-12,国泰君安证券股份有限公司,,,否,,,,,,,0,,,,,100亿元以上,P1072919
团队跟踪,量魁中证1000指数增强五号私募证券投资基金A类份额,ZT543A,量魁中证1000指数增强五号私募证券投资基金A类份额,ZT543A,上海量魁,,2023-04-03,2023-04-07,招商证券股份有限公司,,每周周二,否,0%,,持有期小于12个月，赎回费率为1%；持有期大等于12 个月，赎回费率为0%,,,0.8,0.01,,0.005%,0.005%,当 R>0％时，对超过 0%的收益部分提取 20%的业绩报酬,100亿元以上,P1062372
团队跟踪,睿量量子春晓1号私募证券投资基金A类份额,ZT700A,睿量量子春晓1号私募证券投资基金A类份额,ZT700A,上海睿量,,2023-04-10,2023-04-13,国泰君安证券股份有限公司,,每日,否,0,,0,,无,,0,,,,"单客户高水位
年化高于6%的部分收60%",100亿元以上,P1073883
团队跟踪,景上源天医平衡私募证券投资基金A类份额,ZU037A,景上源天医平衡私募证券投资基金A类份额,ZU037A,杭州景上源,,2023-03-28,2023-04-04,招商证券股份有限公司,,,否,,,,,,,0,,,,,5-10亿元,P1008209
团队跟踪,锐耐做多波动率1号私募证券投资基金A类份额,ZU058A,锐耐做多波动率1号私募证券投资基金A类份额,ZU058A,上海锐耐,,2023-04-21,2023-04-25,国金证券股份有限公司,,每周一 三 五,否,,,360天内2%,,,,0.02,,0.025%,0.025%,30%,20-50亿元,P1071795
团队跟踪,锐耐做多波动率1号私募证券投资基金B类份额,ZU058B,锐耐做多波动率1号私募证券投资基金B类份额,ZU058B,上海锐耐,,2023-04-21,2023-04-25,国金证券股份有限公司,,每周一 三 五,否,,,,,360天,,0,,0.025%,0.025%,,20-50亿元,P1071795
团队跟踪,辰元优选进取私募证券投资基金B类份额,ZU399B,辰元优选进取私募证券投资基金B类份额,ZU399B,广东辰元,,2023-04-07,2023-04-14,广发证券股份有限公司,,每周周一、周二、周四、周五,否,0%,,持有期小于180天，赎回费率为1%；持有期大等于180天且小于365天，赎回费率为0.5%；持有期大等于365天，赎回费率为0%,0.75,无,0.7,0.015,,0.015%,0.015%,年化收益 20%及以内的部分，计提 20%的业绩报酬；年化收益 20%以上的部分，计提 40%的业绩报酬,20-50亿元,P1074301
团队跟踪,宽德广胜中证1000指数增强1号私募证券投资基金B类份额,ZU443B,宽德广胜中证1000指数增强1号私募证券投资基金B类份额,ZU443B,上海宽德,,2023-05-08,2023-05-24,广发证券股份有限公司,,申购开放日为每个交易日，赎回开放日为每月10号,否,0%,,持有期小于180天，赎回费率为1%；持有期大等于180天，赎回费率为0%,,,,0.01,,0.05%,0.05%,对每笔份额的份额累计净值超过历史计提日最高份额累计净值部分，计提20%,100亿元以上,P1005623
团队跟踪,国源拾金安和11号私募证券投资基金A类份额,ZU685A,国源拾金安和11号私募证券投资基金A类份额,ZU685A,深圳国源信达资管,,2023-04-13,2023-04-18,国泰君安证券股份有限公司,,,否,,,,,,,0.01,,,,,100亿元以上,P1061199
团队跟踪,桐石承志1号私募证券投资基金B类份额,ZU690B,桐石承志1号私募证券投资基金B类份额,ZU690B,上海桐石,,2023-04-18,2023-04-24,国泰君安证券股份有限公司,,,否,,,,,,,0,,,,,0-5亿元,P1072194
团队跟踪,鸣熙武曲1号私募证券投资基金A类份额,ZV530A,鸣熙武曲1号私募证券投资基金A类份额,ZV530A,鸣熙资本,,2023-06-29,,国信证券股份有限公司,,每周周三,否,0%,,0%,,除开放日外,,0.01,,0.01%,0.01%,20%,100亿元以上,P1033450
团队跟踪,和桂先胜可转债私募证券投资基金A类份额,ZV692A,和桂先胜可转债私募证券投资基金A类份额,ZV692A,上海和桂,,2023-04-11,2023-04-17,国金证券股份有限公司,,,否,,,,,,,0,,,,,0-5亿元,P1067763
团队跟踪,和桂先胜可转债私募证券投资基金B类份额,ZV692B,和桂先胜可转债私募证券投资基金B类份额,ZV692B,上海和桂,,2023-04-11,2023-04-17,国金证券股份有限公司,,,否,,,,,,,0,,,,,0-5亿元,P1067763
团队跟踪,超量子量化中性1号私募证券投资基金A类份额,ZW306A,超量子量化中性1号私募证券投资基金A类份额,ZW306A,深圳超量子,,2023-04-20,2023-04-24,招商证券股份有限公司,,每自然月第10个自然日为开放日。如该对应日为非工作日，则开放日为该日后的第一个工作日。,可临开申购,,每次追加申购的最低金额为10万元人民币。,,0.8,成立后180天（已结束）。,0.75,0,,0.025%/年,0.025%/年,,100亿元以上,P1071044
团队跟踪,同温层金选量化对冲2号私募证券投资基金B类份额,ZW638B,同温层金选量化对冲2号私募证券投资基金B类份额,ZW638B,武汉同温层,,2023-04-18,2023-04-24,中信证券股份有限公司,,每周的第一个交易日及最后一个交易日、每季度最后一个交易日,否,0%,,0%,,,,0.01,,0.015%,,"B类份额：18%。
计提基准日：固定计提基准日、该类份额赎回申请日和基金终止日，固定计提基准日为封闭期（若有）结束后的每年12月的最后一个交易日。",20-50亿元,P1070801
团队跟踪,香农量化选股1号私募证券投资基金C类份额,ZW819C,香农量化选股1号私募证券投资基金C类份额,ZW819C,海南三亚香农,,2023-04-21,2023-04-25,华泰证券股份有限公司,,每周的最后一个工作日,可临开赎回,1%,1万元起,0%,,无,,0.008,,0.015%,0.015%,"采用“单个投资者单份额高水位法”。在固定时点（基金成立后每年 6 月及 12 月最后一个交易日）、基金收益分配、基金份额持有人赎回 基金份额或者基金终止时进行业绩报酬的提取。
计提18%",20-50亿元,P1072386
团队跟踪,鸣熙量化中性1号私募证券投资基金A类份额,ZX370A,鸣熙量化中性1号私募证券投资基金A类份额,ZX370A,鸣熙资本,,2023-04-26,2023-04-26,国泰君安证券股份有限公司,,每周周二、周四,可临开赎回,0%,,1%,0.9,无,0.85,0.008,,0.015%,0.015%,"单个委托人单笔投资基金份额高水位。
业绩报酬计提基准为年化 6%。基金份额持有人每笔所持份额或赎回份额在持有期的年化收益率大于业绩报酬计提基准时，对超出业绩报酬计提基准的持有期差额收益按 25%比例进行计提。",100亿元以上,P1033450
团队跟踪,千衍六和11号B类,ZX828B,千衍六和11号私募证券投资基金B类份额,ZX828B,上海千衍,,2023-05-10,2023-05-31,国信证券股份有限公司,,每个工作日,否,0,,不满180天0.5%,,无,,0.01,,0.01%,0.01%,单笔高水位法，水上计提超额收益的20%,100亿元以上,P1009640
团队跟踪,陕国投·2452022汇聚中证500指增FOF1号集合资金信托计划,ZXD202411070000000486,陕国投·2452022汇聚中证500指增FOF1号集合资金信托计划,ZXD202411070000000486,陕西国际信托,,2025-02-28,2025-03-04,,,,否,,,,,,,0,,,,,,P1016636
团队跟踪,厦门信托-智盈臻选2号集合资金信托计划,ZXD20241111000000085X,厦门信托-智盈臻选2号集合资金信托计划,ZXD20241111000000085X,厦门信托,,2025-01-07,2025-01-09,,,,否,,,,,,,0,,,,,,
团队跟踪,厦门信托-金圆瑞盈1号集合资金信托计划,ZXD20241118000000132X,厦门信托-金圆瑞盈1号集合资金信托计划,ZXD20241118000000132X,厦门信托,,2024-11-28,2024-12-02,,,,否,,,,,,,0,,,,,,
团队跟踪,厦门信托-禾心1号证券投资集合资金信托计划,ZXD202411180000001582,厦门信托-禾心1号证券投资集合资金信托计划,ZXD202411180000001582,厦门信托,,2025-02-28,2025-03-04,,,,否,,,,,,,0,,,,,,
团队跟踪,陆家嘴信托-广发骐骥广泽丰选FOF1号集合资金信托计划,ZXD202411260000002825,陆家嘴信托-广发骐骥广泽丰选FOF1号集合资金信托计划,ZXD202411260000002825,陆家嘴信托,,2024-12-24,2024-12-31,,,,否,,,,,,,0,,,,,,P1028366
团队跟踪,外贸信托-盈厦专享FOF32号集合资金信托计划,ZXD202503110000001135,外贸信托-盈厦专享FOF32号集合资金信托计划,ZXD202503110000001135,外贸信托,,2025-04-16,2025-04-28,,,,否,,,,,,,0,,,,,100亿元以上,P1018106
团队跟踪,建元启航星5号年年享集合资金信托计划,ZXD202503130000012655,建元启航星5号年年享集合资金信托计划,ZXD202503130000012655,建元信托,,2025-07-22,2025-07-24,,,,否,,,,,,,0,,,,,,
团队跟踪,厦门信托-厦博盈信FOF1号集合资金信托计划,ZXD202504070000001590,厦门信托-厦博盈信FOF1号集合资金信托计划,ZXD202504070000001590,厦门信托,,2025-05-14,2025-05-16,,,,否,,,,,,,0,,,,,,
团队跟踪,陆家嘴信托-心选智享1号财富信托,ZXD202504170000006800,陆家嘴信托-心选智享1号财富信托,ZXD202504170000006800,陆家嘴信托,,2025-04-25,,,,,否,,,,,,,0,,,,,,P1028366
团队跟踪,陕国投·元丰淮矿专享1号集合资金信托计划,ZXD202505270000001614,陕国投·元丰淮矿专享1号集合资金信托计划,ZXD202505270000001614,陕西国际信托,,2025-06-26,2025-06-30,,,,否,,,,,,,0,,,,,,P1016636
团队跟踪,外贸信托-点睛严选8号财富管理信托,ZXD202506260000001326,外贸信托-点睛严选8号财富管理信托,ZXD202506260000001326,外贸信托,,2025-07-18,,,,,否,,,,,,,0,,,,,100亿元以上,P1018106
团队跟踪,外贸信托-点睛严选108号财富管理信托,ZXD202507080000003233,外贸信托-点睛严选108号财富管理信托,ZXD202507080000003233,外贸信托,,2025-07-18,,,,,否,,,,,,,0,,,,,100亿元以上,P1018106
团队跟踪,外贸信托-点睛严选409号财富管理信托,ZXD202507090000000424,外贸信托-点睛严选409号财富管理信托,ZXD202507090000000424,外贸信托,,2025-07-23,,,,,可临开申购,,,,,,,0.0076,,,,,100亿元以上,P1018106
团队跟踪,外贸信托-点睛严选1号财富管理信托,ZXD202507090000000451,外贸信托-点睛严选1号财富管理信托,ZXD202507090000000451,外贸信托,,2025-09-01,,,,,否,,,,,,,0,,,,,100亿元以上,P1018106
团队跟踪,爱建智赢-慧稳鑫利FOF1号集合资金信托计划,ZXD202507180000001992,爱建智赢-慧稳鑫利FOF1号集合资金信托计划,ZXD202507180000001992,爱建信托,,2025-08-01,2025-08-05,,,,否,,,,,,,0,,,,,,P1030901
团队跟踪,国联信托·淳越25015号集合资金信托计划,ZXD202507220000000573,国联信托·淳越25015号集合资金信托计划,ZXD202507220000000573,国联信托,,2025-09-05,2025-09-12,,,,否,,,,,,,0,,,,,0-5亿元,P1027179
团队跟踪,陆家嘴信托-瑞盈兴享A500指数增强1号集合资金信托计划,ZXD202508050000002119,陆家嘴信托-瑞盈兴享A500指数增强1号集合资金信托计划,ZXD202508050000002119,陆家嘴信托,,2025-09-03,2025-09-12,,,,否,,,,,,,0,,,,,,P1028366
团队跟踪,外贸信托-点睛严选980号财富管理信托,ZXD202511240000004905,外贸信托-点睛严选980号财富管理信托,ZXD202511240000004905,外贸信托,,2025-12-09,,中国对外经济贸易信托有限公司,,,否,,,,,,,0,,,,,100亿元以上,P1018106
团队跟踪,陆家嘴信托-广发骐骥广泽稳进FOF603号集合资金信托计划,ZXD202512090000001238,陆家嘴信托-广发骐骥广泽稳进FOF603号集合资金信托计划,ZXD202512090000001238,陆家嘴信托,,,2026-03-18,,,,否,,,,,,,0,,,,,,P1028366
团队跟踪,爱建智赢-转债智选1号集合资金信托计划,ZXD202512090000006332,爱建智赢-转债智选1号集合资金信托计划,ZXD202512090000006332,爱建信托,,2026-01-26,2026-02-09,,,,否,,,,,,,0,,,,,,P1030901
团队跟踪,陕国投·汇耀2552027全天候FOF1号集合资金信托计划,ZXD202512180000004244,陕国投·汇耀2552027全天候FOF1号集合资金信托计划,ZXD202512180000004244,陕西国际信托,,2026-03-02,2026-03-27,,,,否,,,,,,,0,,,,,,P1016636
团队跟踪,陆家嘴信托-广发骐骥广泽稳进FOF901号集合资金信托计划,ZXD202512230000002565,陆家嘴信托-广发骐骥广泽稳进FOF901号集合资金信托计划,ZXD202512230000002565,陆家嘴信托,,2026-01-20,2026-01-22,,,,否,,,,,,,0,,,,,,P1028366
团队跟踪,厦门信托-卓远1号FOF资产服务信托,ZXD202601080000006867,厦门信托-卓远1号FOF资产服务信托,ZXD202601080000006867,厦门信托,,2026-01-09,,,,,否,,,,,,,0,,,,,,
团队跟踪,外贸信托-点睛严选666号财富管理信托,ZXD202601200000003323,外贸信托-点睛严选666号财富管理信托,ZXD202601200000003323,外贸信托,,2026-02-03,,,,,否,,,,,,,0,,,,,100亿元以上,P1018106
团队跟踪,陆家嘴信托-广发骐骥广泽稳进FOF605号集合资金信托计划,ZXD202603110000005933,陆家嘴信托-广发骐骥广泽稳进FOF605号集合资金信托计划,ZXD202603110000005933,陆家嘴信托,,,2026-04-20,,,,否,,,,,,,0,,,,,,P1028366
团队跟踪,华能信托·新征1号集合资金信托计划,ZXD202603230000005822,华能信托·新征1号集合资金信托计划,ZXD202603230000005822,华能贵诚信托,,,2026-04-29,,,,否,,,,,,,0,,,,,0-5亿元,P1016957
团队跟踪,百瑞信托广发骐骥广益中性套利FOF1号集合资金信托计划,ZXD31B202311010017559,百瑞信托广发骐骥广益中性套利FOF1号集合资金信托计划,ZXD31B202311010017559,百瑞信托,,2023-11-09,2023-12-25,,,,否,,,,,,,0,,,,,0-5亿元,P1028257
团队跟踪,百瑞信托广发骐骥广益中性套利FOF1002号集合资金信托计划,ZXD31B202404010056625,百瑞信托广发骐骥广益中性套利FOF1002号集合资金信托计划,ZXD31B202404010056625,百瑞信托,,2024-04-19,2024-06-07,,,,否,,,,,,,0,,,,,0-5亿元,P1028257
团队跟踪,杭工信·恒源偏股混合1号集合资金信托计划,ZXD31H202301010076639,杭工信·恒源偏股混合1号集合资金信托计划,ZXD31H202301010076639,杭州工商信托,,2023-01-31,2023-03-01,,,每月的第一个和第三个周五,否,,,持有期小于50天，收取对应开放日确认赎回的信托单位对应的信托财产净值的1%,0.8,无,,0.01,,,,,,
团队跟踪,平安信托·中金财富全天候金选FOF1号集合资金信托计划,ZXD31P202011010021333,平安信托·中金财富全天候金选FOF1号集合资金信托计划,ZXD31P202011010021333,平安信托,,2020-12-10,2020-12-22,,,,否,,,,,,,0,,,,,,
团队跟踪,平安信托金品中国鹭岛FOF1号单一资金信托,ZXD31P202305000067484,平安信托金品中国鹭岛FOF1号单一资金信托,ZXD31P202305000067484,平安信托,,2023-07-07,,,,,否,,,,,,,0,,,,,,
团队跟踪,平安信托金品中国多策略FOF1号单一资金信托,ZXD31P20230801006875X,平安信托金品中国多策略FOF2号集合资金信托计划,ZXD31P20230801006875X,平安信托,,2023-10-20,2023-11-08,,,,否,,,,,,,0,,,,,,
团队跟踪,山东信托·核心优选金元稳健2号集合资金信托计划,ZXD31S202306010029526,山东信托·核心优选金元稳健2号集合资金信托计划,ZXD31S202306010029526,山东信托,,2023-08-03,2023-08-18,,,,否,,,,,,,0,,,,,,P1020531
团队跟踪,建元启航星2号丰盈集合资金信托计划,ZXD32A202407010039702,建元启航星2号丰盈集合资金信托计划,ZXD32A202407010039702,建元信托,,2024-08-12,2024-08-16,,,,否,,,,,,,0,,,,,,
团队跟踪,粤财信托·随鑫益1号集合资金信托计划,ZXD32G201801010004084,粤财信托·随鑫益1号集合资金信托计划,ZXD32G201801010004084,粤财信托,,2018-04-11,2018-04-25,,,,否,,,,,,,0,,,,,0-5亿元,P1020097
团队跟踪,粤财信托·粤选有财FOF配置型集合资金信托计划,ZXD32G202002010005764,粤财信托·粤选有财FOF配置型集合资金信托计划,ZXD32G202002010005764,粤财信托,,2020-06-17,2020-06-23,,,每月最后一个交易日,否,/,,/,0.9,六个月,0.85,0.005,,,,,0-5亿元,P1020097
团队跟踪,重信·开阳24009·山金优享1号集合资金信托计划,ZXD33C202407010044550,重信·开阳24009·山金优享1号集合资金信托计划,ZXD33C202407010044550,重庆国际信托,,2024-09-02,2024-09-06,,,"申购开放日：每个自然月份的第20日；
赎回开放日：每年的2月20日、5月20日、8月20日及11月20日",可临开赎回,0,-,0,0.9,信托计划成立之日（含当日）起至期满12个月之日（不含当日）止。,0.8,0.006,固定管理费A费率为1.50%/年；固定管理费B费率为0.60%/年,0.005%（保管费）,0,5%以上（不含）20%,0-5亿元,P1012704
团队跟踪,厦门信托-智远2号中证500雪球投资集合资金信托计划,ZXD33X202105010015725,厦门信托-智远2号中证500雪球投资集合资金信托计划,ZXD33X202105010015725,厦门信托,,2021-11-11,2021-07-02,,,,否,,,,,,,0,,,,,,
团队跟踪,厦门信托-皓鑫1号可转债集合资金信托计划,ZXD33X202112010034375,厦门信托-皓鑫1号可转债集合资金信托计划,ZXD33X202112010034375,厦门信托,,2022-01-21,2022-02-18,,,,否,,,,,,,0,,,,,,
团队跟踪,厦门信托-鹭兴2401号集合资金信托计划,ZXD33X202403010084016,厦门信托-鹭兴2401号集合资金信托计划,ZXD33X202403010084016,厦门信托,,2024-03-20,2024-05-15,,,,否,,,,,,,0,,,,,,
团队跟踪,厦门信托-广金美好1号集合资金信托计划,ZXD33X202405010008695,厦门信托-广金美好1号集合资金信托计划,ZXD33X202405010008695,厦门信托,,2024-05-08,2024-06-12,,,,否,,,,,,,0,,,,,,
团队跟踪,厦门信托-福星东海1号集合资金信托计划,ZXD33X20240501001296X,厦门信托-福星东海1号集合资金信托计划,ZXD33X20240501001296X,厦门信托,,2024-06-26,2024-07-02,,,,否,,,,,,,0,,,,,,
团队跟踪,外贸信托-盈厦博孚利FOF1号集合资金信托计划,ZXD33Z202106010034107,外贸信托-盈厦博孚利FOF1号集合资金信托计划,ZXD33Z202106010034107,外贸信托,,2021-07-05,2021-07-22,,,每自然月第10个自然日为开放日。如该对应日为非工作日，则开放日为该日后的第一个工作日。,可临开申购,B类份额：0,每次追加申购的最低金额为10万元人民币。,0,0.8,成立后180天（已结束）。,0.75,0,B类份额：0.5%/年,0.025%/年,0.025%/年,"B类份额：单人单笔高水位法，针对收益0%以上的部分计提10%业绩报酬
本基金业绩报酬计提日为：封闭期过后，每年1月及7月的最后一个交易日，基金份额持有人实际赎回基金份额时（包含全部赎回，部分赎回）、基金终止日。",100亿元以上,P1018106
团队跟踪,外贸信托-盈厦博孚利FOF2号集合资金信托计划,ZXD33Z202107010043909,外贸信托-盈厦博孚利FOF2号集合资金信托计划,ZXD33Z202107010043909,外贸信托,,2021-09-28,2021-10-21,,,每自然月第10个自然日为开放日。如该对应日为非工作日，则开放日为该日后的第一个工作日。,可临开申购,B类份额：0,每次追加申购的最低金额为10万元人民币。,0,0.8,成立后180天（已结束）。,0.75,0,B类份额：0.5%/年,0.025%/年,0.025%/年,"B类份额：单人单笔高水位法，针对收益0%以上的部分计提10%业绩报酬
本基金业绩报酬计提日为：封闭期过后，每年1月及7月的最后一个交易日，基金份额持有人实际赎回基金份额时（包含全部赎回，部分赎回）、基金终止日。",100亿元以上,P1018106
团队跟踪,外贸信托-稳鑫集合资金信托计划,ZXD33Z202206010038102,外贸信托-稳鑫集合资金信托计划,ZXD33Z202206010038102,外贸信托,,2022-08-09,2022-08-17,,,,否,,,,,,,0,,,,,100亿元以上,P1018106
团队跟踪,外贸信托-晋享7号结构化证券投资集合资金信托计划,ZXD33Z202208010045725,外贸信托-晋享7号结构化证券投资集合资金信托计划,ZXD33Z202208010045725,外贸信托,,2022-09-26,2022-10-17,,,本信托计划封闭运行，不设开放日。,否,,,,0.85,,0.8,0,保管费：0.01%；信托报酬0.30%；固定投资顾问费0.20%，A类固定代理销售费0.30%，B类固定代理销售费0.80%,,,,100亿元以上,P1018106
团队跟踪,外贸信托-金选特定机会基金FOF二期1号集合资金信托计划,ZXD33Z202211010053172,外贸信托-金选特定机会基金FOF二期1号集合资金信托计划,ZXD33Z202211010053172,外贸信托,,2022-12-08,2022-12-21,,,,否,,,,,,,0,,,,,100亿元以上,P1018106
团队跟踪,外贸信托-博孚利国强FOF1号集合资金信托计划,ZXD33Z20221101006418X,外贸信托-博孚利国强FOF1号集合资金信托计划,ZXD33Z20221101006418X,外贸信托,,2023-01-19,2023-02-08,,,每月18号开放申赎，遇非顺延,可临开赎回,无,,无,0.7,,0.6,0,固定管理费为1.51%（保管费：0.01%；信托报酬0.20%；固定投资顾问费0.50%，固定代理销售费0.80%）,,,年化8%以上计提10%,100亿元以上,P1018106
团队跟踪,外贸信托-盈厦专享FOF1号集合资金信托计划,ZXD33Z202212010049933,外贸信托-盈厦专享FOF1号集合资金信托计划,ZXD33Z202212010049933,外贸信托,,2023-01-13,2023-02-02,,,每月18日开放申赎，遇非顺延,可临开赎回,0%,,0%,0.9,,0.85,0,固定管理费用1.21%/年（信托管理费0.2%/年、保管费0.01%/年、固定投资顾问费0.2%/年、固定代理销售费0.8%/年）,,,收益部分计提10%,100亿元以上,P1018106
团队跟踪,外贸信托-盈厦专享FOF2号集合资金信托计划,ZXD33Z202301010065648,外贸信托-盈厦专享FOF2号集合资金信托计划,ZXD33Z202301010065648,外贸信托,,2023-03-15,2023-03-30,,,每月18日开放申赎，遇非顺延,可临开赎回,0%,1万元的整数倍,0%,0.9,,0.85,0,"固定管理费用1.21%/年（信托管理费0.2%/年、保管费0.01%/年、固定投资顾问费0.2%/年、固定代理销售费0.8%）
",,,收益部分计提10%,100亿元以上,P1018106
团队跟踪,外贸信托-盈厦专享FOF3号集合资金信托计划,ZXD33Z202301010065657,外贸信托-盈厦专享FOF3号集合资金信托计划,ZXD33Z202301010065657,外贸信托,,2023-05-25,2023-06-13,,,每自然月第10个自然日为开放日。如该对应日为非工作日，则开放日为该日后的第一个工作日。,可临开申购,B类份额：0,每次追加申购的最低金额为10万元人民币。,0,0.8,成立后180天（已结束）。,0.75,0,B类份额：0.5%/年,0.025%/年,0.025%/年,"B类份额：单人单笔高水位法，针对收益0%以上的部分计提10%业绩报酬
本基金业绩报酬计提日为：封闭期过后，每年1月及7月的最后一个交易日，基金份额持有人实际赎回基金份额时（包含全部赎回，部分赎回）、基金终止日。",100亿元以上,P1018106
团队跟踪,外贸信托-盈厦专享FOF4号集合资金信托计划,ZXD33Z202301010065666,外贸信托-盈厦专享FOF4号集合资金信托计划,ZXD33Z202301010065666,外贸信托,,2023-06-08,2023-06-26,,,每月18日,否,0%,,0%,0.9,,0.85,0,（信托管理费0.2%/年、保管费0.01%/年、固定投资顾问费0.2%/年、固定代理销售费0.8%/年）,,,收益部分计提10%,100亿元以上,P1018106
团队跟踪,外贸信托-盈厦专享FOF5号集合资金信托计划,ZXD33Z202301010065675,外贸信托-盈厦专享FOF5号集合资金信托计划,ZXD33Z202301010065675,外贸信托,,2023-07-14,2023-07-31,,,每月18日,否,0%,,0%,0.9,,0.85,0,（信托管理费0.2%/年、保管费0.01%/年、固定投资顾问费0.2%/年、固定代理销售费0.8%/年）,,,"收益4.5%计提50%
",100亿元以上,P1018106
团队跟踪,外贸信托-盈厦专享FOF11号集合资金信托计划,ZXD33Z202307010016565,外贸信托-盈厦专享FOF11号集合资金信托计划,ZXD33Z202307010016565,外贸信托,,2023-07-21,2023-08-08,,,每月18日,否,0%,,0%,0.9,,0.85,0,（信托管理费0.2%/年、保管费0.01%/年、固定投资顾问费0.4%/年、固定代理销售费0.6%/年）,,,"收益5%以上提10%
",100亿元以上,P1018106
团队跟踪,外贸信托-盈厦专享FOF12号集合资金信托计划,ZXD33Z202307010016574,外贸信托-盈厦专享FOF12号集合资金信托计划,ZXD33Z202307010016574,外贸信托,,2023-07-28,2023-08-16,,,每月18日,否,0%,,0%,0.9,,0.85,0,（信托管理费0.2%/年、保管费0.01%/年、固定投资顾问费0.2%/年、固定代理销售费0.5%/年）,,,收益部分计提10%,100亿元以上,P1018106
团队跟踪,外贸信托-盈厦专享FOF13号集合资金信托计划,ZXD33Z20230701001660X,外贸信托-盈厦专享FOF13号集合资金信托计划,ZXD33Z20230701001660X,外贸信托,,2023-11-02,2023-11-20,,,每月18号,否,0%,,0%,0.9,,0.85,0,（信托管理费0.2%/年、保管费0.01%/年、固定投资顾问费0.3%/年、固定代理销售费0.5%/年）,,,4.5%以上提50%,100亿元以上,P1018106
团队跟踪,爱建信托-现金汇裕（定开型）集合资金信托计划,ZXD34S202103010053693,爱建信托-现金汇裕（定开型）集合资金信托计划,ZXD34S202103010053693,爱建信托,,2021-05-18,2021-05-27,,,,否,,,,,,,0,,,,,,P1030901
团队跟踪,爱建智赢-慧投中证500指数增强FOF1号集合资金信托计划,ZXD34S202303010004848,爱建智赢-慧投中证500指数增强FOF1号集合资金信托计划,ZXD34S202303010004848,爱建信托,,2023-03-01,2023-05-10,,,,否,,,,,,,0,,,,,,P1030901
团队跟踪,爱建智赢-中短期理财投资（双季添利）集合资金信托计划,ZXD34S202309010004725,爱建智赢-中短期理财投资（双季添利）集合资金信托计划,ZXD34S202309010004725,爱建信托,,2023-09-04,2023-10-23,,,,否,,,,,,,0,,,,,,P1030901
团队跟踪,国投泰康信托思勰锦鲤1号集合资金信托计划,ZXD35G202212010058644,国投泰康信托思勰锦鲤1号集合资金信托计划,ZXD35G202212010058644,国投泰康信托,,2022-12-22,2023-03-15,,,申购开放日为信托计划存续期间的每月10日，赎回开放日为信托计划存续期间的每季度末月10日,否,0.5%（委托人单笔申购500万元（含）以上的，免收）,,0%,0.75,,,0,保管费：0.02%；固定信托报酬：0.3%；固定投顾费：1%；固定销售服务费：0.7%,,,浮动销售服务费：销售机构4%收取；浮动投顾费：投资顾问16%收取,10-20亿,P1023821
团队跟踪,苏信财富·价值均衡U2309集合资金信托计划,ZXD37S202312010058125,苏信财富·价值均衡U2309集合资金信托计划,ZXD37S202312010058125,苏州信托,,2024-06-06,2024-07-01,,,每周五,否,0%,,0%,0.92,无,0.9,0.01,,0.01%,0%,计提基准B=5%/年，对于对应信托单位当期年化收益率5%以上盈利部分的20%作为浮动信托报酬。当期年化收益率低于或等于5%时，不计提浮动信托报酬,,
团队跟踪,华润信托·信腾宏观策略1号集合资金信托计划,ZXD38H201912010049130,华润信托·信腾宏观策略1号集合资金信托计划,ZXD38H201912010049130,华润信托,,2020-01-15,2020-02-19,,,申购：每月最后一个交易日开放，提前10个自然日提交预约申请；赎回：每月最后一个交易日开放，提前3个自然日提交预约申请,否,,10万元起,,,,,0.02,,0.05%,0.05%,业绩报酬是单人单笔高水位20%(每半年提取),0-5亿元,P1007430
团队跟踪,华润信托·金胜CTA1号集合资金信托计划,ZXD38H202205010028632,华润信托·金胜CTA1号集合资金信托计划,ZXD38H202205010028632,华润信托,,2022-06-29,2022-07-20,,,,否,,,,,,,0,,,,,0-5亿元,P1007430
团队跟踪,华润信托·信腾宏观策略2号集合资金信托计划,ZXD38H202205010028679,华润信托·信腾宏观策略2号集合资金信托计划,ZXD38H202205010028679,华润信托,,2022-07-06,2022-07-12,,,,否,,,,,,,0,,,,,0-5亿元,P1007430
团队跟踪,华润信托·信腾指数增强1号集合资金信托计划,ZXD38H202304010068918,华润信托·信腾指数增强1号集合资金信托计划,ZXD38H202304010068918,华润信托,,2023-04-25,2023-06-06,,,每月的倒数第7个交易日,否,,10万元起,封闭期内不可赎回；准封闭期1：1.5%、准封闭期2：1%,,成立之日起（含当日）至其 成立之后的第13个开放日（不含第13个开放日，不含临时开放日）。推介期内认购的信托单位自成立之日起的第13个开放日（含） 至第25个开放日（不含）为该部分信托单位的准封闭期1，第25个开放日（含）至第37个开放日（不 含）为该部分信托单位的准封闭期2。,,0,信托管理费1：0.1%/年（华润信托收取）；信托管理费2：0.55%/年；保管费：0.01%/年,,,,0-5亿元,P1007430
团队跟踪,锦徽中证500指数增强1号私募证券投资基金A类份额,ZY015A,锦徽中证500指数增强1号私募证券投资基金A类份额,ZY015A,上海锦徽,,2023-04-21,2023-04-27,招商证券股份有限公司,,每个工作日,否,0%,,0%,0.6,,0.5,0.015,,0.015%,0.015%,"A类份额：管理人提取基金份额当期超过中证 500 指数（000905)对应期间收益的16%作为业绩报酬（但提取业绩报酬之后该份额当期收益不得为负数）。
计提基准日：固定时点提取（每自然年 6 月和 12 月的最后一个工作日）、赎回时提取和合同终止时提取。",5-10亿元,P1074392
团队跟踪,交睿宏观配置5号A类,ZY084A,交睿宏观配置5号私募证券投资基金A类份额,ZY084A,上海交睿,,2023-04-25,2023-05-06,华鑫证券有限责任公司,,每个交易日,可临开赎回,0%,扣除申购费的净追加申购金额应不低于1万元人民币,持有期限小于3个月为0.5%；持有期限大于等于3个月为0%,0.85,无,0.8,0.01,1.0%,0.010%,0.010%,基金管理人对期间年化收益率超过【20%】的部分提取【20%】作为业绩报酬,20-50亿元,P1064961
团队跟踪,红猫多策略五号私募证券投资基金A类份额,ZY133A,红猫多策略五号私募证券投资基金A类份额,ZY133A,广州红猫,,2023-04-20,2023-04-20,华泰证券股份有限公司,,,否,,,,,,,0,,,,,10-20亿元,P1030229
团队跟踪,鋆晟量化对冲1号私募证券投资基金B类份额,ZY222B,鋆晟量化对冲1号私募证券投资基金B类份额,ZY222B,上海鋆晟投资,,2023-04-25,2023-04-28,国信证券股份有限公司,,每个工作日,否,0%,,0%,0.96,,0.95,0.01,,0.01%,0.01%,20%,0-5亿元,P1028385
团队跟踪,远澜龙柏1号私募证券投资基金A类份额,ZY417A,远澜龙柏1号私募证券投资基金A类份额,ZY417A,上海远澜,,2023-04-24,2023-04-24,国泰君安证券股份有限公司,,每个交易日,否,1%,,0%,0.95,无,0.93,0.01,,0.015%,0.015%,对持有期全额收益按 50%比例进行计提，且计提后该笔投资的期间年化收益率不低于6.5%,100亿元以上,P1018484
团队跟踪,半鞅量化专享3号私募证券投资基金B类份额,ZY611B,半鞅量化专享3号私募证券投资基金B类份额,ZY611B,半鞅基金,,2023-04-25,2023-04-28,国泰君安证券股份有限公司,,每个交易日,否,0%,1万元起,持有期小于180天，赎回费率为1%；持有期大等于180天且小于365天，赎回费率为0.5%；持有期大等于365天，赎回费率为0%,,,,0.015,,0.01%,0.01%,"计提比例：15%
计提方式：单客户高水位法，超额提取(仅在客户盈利的情况下计提)",100亿元以上,P1072919
团队跟踪,和谐汇一TMT创新精选私募证券投资基金B类份额,ZY674B,和谐汇一TMT创新精选私募证券投资基金B类份额,ZY674B,上海和谐汇一资管,,2023-04-25,2023-04-28,兴业证券股份有限公司,凌晨,,否,,,,,,,0,,,,,100亿元以上,P1071212
团队跟踪,天算指增保护专享1号A类,ZZ018A,天算指增保护专享1号私募证券投资基金A类份额,ZZ018A,北京天算,,2023-05-12,2023-05-23,中信证券股份有限公司,,封闭期满后的每个交易日,可临开赎回,1%,无,0,,成立日（含）起的6个月内为封闭期，不可赎回,,0.02,A类2%，B类0,0.015%,0.015%,"A类：单个投资者单份额高水位法，提取比例20%
B类：0",100亿元以上,P1028908
团队跟踪、在管产品,荣熙恒盈2号,SBAH99,荣熙恒盈2号私募证券投资基金,SBAH99,上海荣熙,,2025-06-18,2025-06-23,招商证券股份有限公司,,每周周二、周三,可临开赎回,0%,后续追加金额不低于 1 万元,持有期小于 3个月，赎回费率 1%；持有期大等于3个月但少于6个月，赎回费率1%；持有期大等于 6 个月，赎回费率0%,,无,,0.01,A 类（2026 年 2 月 1 日前申购的机构 / 产品类合格投资者）、C 类（2026 年 2 月 1 日及以后申购的机构 / 产品类合格投资者）年管理费率 1%，B 类（个人合格投资者）年管理费率 0.2%；三类份额均每日计提，按季支付。,0.015%,0.015%,"采用单客户单笔份额高水位法，A 类份额按 35%、C 类份额按 50% 的比例，对收益超 0% 的部分计提业绩报酬；B 类份额不计提。
",5-10亿元,P1017741
团队跟踪、在管产品,抱朴聚融祥和一号,SSG947,抱朴聚融祥和一号私募证券投资基金,SSG947,深圳抱朴容易,,2021-10-13,2021-10-19,招商证券股份有限公司,,每个交易日,否,0%,,0%,,,,0.005,固定投资顾问费率：1%,0.025%,0.025%,当基金份额赎回、基金终止或分红时，管理人和投资顾问将提取赎回份额或分红份额当期超过年化收益6%盈利部分的20%作为业绩报酬。如本次基金分红时间距上次分红时间（如有）不足6个月（每月按30个自然日计算），则本次基金分红不对基金份额计提业绩报酬,20-50亿元,P1020607
在管产品,金舆基石一号,SAVW72,金舆基石一号私募证券投资基金,SAVW72,上海金舆资管,,2026-06-12,2026-06-12,国泰海通证券股份有限公司,,,否,,,,,,,0,,,,,0-5亿元,P1016144
在管产品,荣熙共赢,SBNX55,荣熙共赢私募证券投资基金,SBNX55,上海荣熙,,2026-01-20,2026-02-06,招商证券股份有限公司,,每年 2、5、8、11 月的最后五个工作日。,可临开赎回,1%,后续追加金额不低于 1 万元,"持有期少于 3 个月，费率为 1%；持有期满 3 个月（含）及以
上，不收取赎回费。",,无,,0.01,基金的年管理费率为1%。,0.015%,0.015%,单客户单笔份额高水位法，提取比例为 10% ,5-10亿元,P1017741
在管产品,衡颐海宸1号,SBPC69,衡颐海宸1号私募证券投资基金,SBPC69,上海衡颐资管,,2026-04-14,2026-04-22,光大证券股份有限公司,,,否,,,,,,,0,,,,,5-10亿元,P1026693
在管产品,衡颐海泰1号,SBPU97,衡颐海泰1号私募证券投资基金,SBPU97,上海衡颐资管,,2026-03-10,2026-03-18,中信证券股份有限公司,,本基金固定开放日为成立后每个自然季度首月（即 1 月、4月、7 月、10 月）的 15 日、16 日、17 日、18 日、19 日，接受申购和赎回申请，如对应日为非工作日，则顺延至下一个工作日（即自 15 日（含）开始的连续五个工作日，如 15日为非工作日，则顺延至下一个工作日）,可临开赎回,无,追加金额为 1 万元的整数倍,持有份额天数小于 3 个月为 0.5%，不得减免,,无,,0.01,"本基金的管理费从基金财产中列支，支付给基金管理人。
    本基金的年管理费率为1%。管理费的计算公式为：
    H＝E×R÷N
    H：每日应计提的管理费；
    E: 前一日的基金资产净值；
    R：年管理费率；
    N：当年的实际天数。",0.01%,0.01%,"本基金业绩报酬计提基准日分为除息日（若有）、赎回申请日和基金终止日。业绩报酬计提日为分红确认日（若有）、赎回确认日和基金终止确认日。若某次分红（若有）对应的除息日与本基金上一个发生业绩报酬计提对应的除息日间隔期短于6个月时，则该次分红的除息日及其对应的分红确认日（若有）不计提业绩报酬。
管理人将根据委托人每笔投资的期间年化收益率（R），对期间年化收益率超过0%以上部分按照10%的比例收取业绩报酬。",5-10亿元,P1026693
在管产品,衡颐承和FOF1号,SBTX45,衡颐承和FOF1号私募证券投资基金,SBTX45,上海衡颐资管,,2026-03-27,2026-04-09,国泰海通证券股份有限公司,,,否,,,,,,,0,,,,,5-10亿元,P1026693
