date,ticker,field,value
2000/1/4,511010.SH,ORIGINALUNIT,
2000/1/5,511010.SH,ORIGINALUNIT,
2000/1/6,511010.SH,ORIGINALUNIT,
2000/1/7,511010.SH,ORIGINALUNIT,
2000/1/10,511010.SH,ORIGINALUNIT,
2000/1/11,511010.SH,ORIGINALUNIT,
2000/1/12,511010.SH,ORIGINALUNIT,
2000/1/13,511010.SH,ORIGINALUNIT,
2000/1/14,511010.SH,ORIGINALUNIT,
2000/1/17,511010.SH,ORIGINALUNIT,
2000/1/18,511010.SH,ORIGINALUNIT,
2000/1/19,511010.SH,ORIGINALUNIT,
2000/1/20,511010.SH,ORIGINALUNIT,
2000/1/21,511010.SH,ORIGINALUNIT,
2000/1/24,511010.SH,ORIGINALUNIT,
2000/1/25,511010.SH,ORIGINALUNIT,
2000/1/26,511010.SH,ORIGINALUNIT,
2000/1/27,511010.SH,ORIGINALUNIT,
2000/1/28,511010.SH,ORIGINALUNIT,
2000/2/14,511010.SH,ORIGINALUNIT,
2000/2/15,511010.SH,ORIGINALUNIT,
2000/2/16,511010.SH,ORIGINALUNIT,
2000/2/17,511010.SH,ORIGINALUNIT,
2000/2/18,511010.SH,ORIGINALUNIT,
2000/2/21,511010.SH,ORIGINALUNIT,
2000/2/22,511010.SH,ORIGINALUNIT,
2000/2/23,511010.SH,ORIGINALUNIT,
2000/2/24,511010.SH,ORIGINALUNIT,
2000/2/25,511010.SH,ORIGINALUNIT,
2000/2/28,511010.SH,ORIGINALUNIT,
2000/2/29,511010.SH,ORIGINALUNIT,
2000/3/1,511010.SH,ORIGINALUNIT,
2000/3/2,511010.SH,ORIGINALUNIT,
2000/3/3,511010.SH,ORIGINALUNIT,
2000/3/6,511010.SH,ORIGINALUNIT,
2000/3/7,511010.SH,ORIGINALUNIT,
2000/3/8,511010.SH,ORIGINALUNIT,
2000/3/9,511010.SH,ORIGINALUNIT,
2000/3/10,511010.SH,ORIGINALUNIT,
2000/3/13,511010.SH,ORIGINALUNIT,
2000/3/14,511010.SH,ORIGINALUNIT,
2000/3/15,511010.SH,ORIGINALUNIT,
2000/3/16,511010.SH,ORIGINALUNIT,
2000/3/17,511010.SH,ORIGINALUNIT,
2000/3/20,511010.SH,ORIGINALUNIT,
2000/3/21,511010.SH,ORIGINALUNIT,
2000/3/22,511010.SH,ORIGINALUNIT,
2000/3/23,511010.SH,ORIGINALUNIT,
2000/3/24,511010.SH,ORIGINALUNIT,
2000/3/27,511010.SH,ORIGINALUNIT,
2000/3/28,511010.SH,ORIGINALUNIT,
2000/3/29,511010.SH,ORIGINALUNIT,
2000/3/30,511010.SH,ORIGINALUNIT,
2000/3/31,511010.SH,ORIGINALUNIT,
2000/4/3,511010.SH,ORIGINALUNIT,
2000/4/4,511010.SH,ORIGINALUNIT,
2000/4/5,511010.SH,ORIGINALUNIT,
2000/4/6,511010.SH,ORIGINALUNIT,
2000/4/7,511010.SH,ORIGINALUNIT,
2000/4/10,511010.SH,ORIGINALUNIT,
2000/4/11,511010.SH,ORIGINALUNIT,
2000/4/12,511010.SH,ORIGINALUNIT,
2000/4/13,511010.SH,ORIGINALUNIT,
2000/4/14,511010.SH,ORIGINALUNIT,
2000/4/17,511010.SH,ORIGINALUNIT,
2000/4/18,511010.SH,ORIGINALUNIT,
2000/4/19,511010.SH,ORIGINALUNIT,
2000/4/20,511010.SH,ORIGINALUNIT,
2000/4/21,511010.SH,ORIGINALUNIT,
2000/4/24,511010.SH,ORIGINALUNIT,
2000/4/25,511010.SH,ORIGINALUNIT,
2000/4/26,511010.SH,ORIGINALUNIT,
2000/4/27,511010.SH,ORIGINALUNIT,
2000/4/28,511010.SH,ORIGINALUNIT,
2000/5/8,511010.SH,ORIGINALUNIT,
2000/5/9,511010.SH,ORIGINALUNIT,
2000/5/10,511010.SH,ORIGINALUNIT,
2000/5/11,511010.SH,ORIGINALUNIT,
2000/5/12,511010.SH,ORIGINALUNIT,
2000/5/15,511010.SH,ORIGINALUNIT,
2000/5/16,511010.SH,ORIGINALUNIT,
2000/5/17,511010.SH,ORIGINALUNIT,
2000/5/18,511010.SH,ORIGINALUNIT,
2000/5/19,511010.SH,ORIGINALUNIT,
2000/5/22,511010.SH,ORIGINALUNIT,
2000/5/23,511010.SH,ORIGINALUNIT,
2000/5/24,511010.SH,ORIGINALUNIT,
2000/5/25,511010.SH,ORIGINALUNIT,
2000/5/26,511010.SH,ORIGINALUNIT,
2000/5/29,511010.SH,ORIGINALUNIT,
2000/5/30,511010.SH,ORIGINALUNIT,
2000/5/31,511010.SH,ORIGINALUNIT,
2000/6/1,511010.SH,ORIGINALUNIT,
2000/6/2,511010.SH,ORIGINALUNIT,
2000/6/5,511010.SH,ORIGINALUNIT,
2000/6/6,511010.SH,ORIGINALUNIT,
2000/6/7,511010.SH,ORIGINALUNIT,
2000/6/8,511010.SH,ORIGINALUNIT,
2000/6/9,511010.SH,ORIGINALUNIT,
2000/6/12,511010.SH,ORIGINALUNIT,
2000/6/13,511010.SH,ORIGINALUNIT,
2000/6/14,511010.SH,ORIGINALUNIT,
2000/6/15,511010.SH,ORIGINALUNIT,
2000/6/16,511010.SH,ORIGINALUNIT,
2000/6/19,511010.SH,ORIGINALUNIT,
2000/6/20,511010.SH,ORIGINALUNIT,
2000/6/21,511010.SH,ORIGINALUNIT,
2000/6/22,511010.SH,ORIGINALUNIT,
2000/6/23,511010.SH,ORIGINALUNIT,
2000/6/26,511010.SH,ORIGINALUNIT,
2000/6/27,511010.SH,ORIGINALUNIT,
2000/6/28,511010.SH,ORIGINALUNIT,
2000/6/29,511010.SH,ORIGINALUNIT,
2000/6/30,511010.SH,ORIGINALUNIT,
2000/7/3,511010.SH,ORIGINALUNIT,
2000/7/4,511010.SH,ORIGINALUNIT,
2000/7/5,511010.SH,ORIGINALUNIT,
2000/7/6,511010.SH,ORIGINALUNIT,
2000/7/7,511010.SH,ORIGINALUNIT,
2000/7/10,511010.SH,ORIGINALUNIT,
2000/7/11,511010.SH,ORIGINALUNIT,
2000/7/12,511010.SH,ORIGINALUNIT,
2000/7/13,511010.SH,ORIGINALUNIT,
2000/7/14,511010.SH,ORIGINALUNIT,
2000/7/17,511010.SH,ORIGINALUNIT,
2000/7/18,511010.SH,ORIGINALUNIT,
2000/7/19,511010.SH,ORIGINALUNIT,
2000/7/20,511010.SH,ORIGINALUNIT,
2000/7/21,511010.SH,ORIGINALUNIT,
2000/7/24,511010.SH,ORIGINALUNIT,
2000/7/25,511010.SH,ORIGINALUNIT,
2000/7/26,511010.SH,ORIGINALUNIT,
2000/7/27,511010.SH,ORIGINALUNIT,
2000/7/28,511010.SH,ORIGINALUNIT,
2000/7/31,511010.SH,ORIGINALUNIT,
2000/8/1,511010.SH,ORIGINALUNIT,
2000/8/2,511010.SH,ORIGINALUNIT,
2000/8/3,511010.SH,ORIGINALUNIT,
2000/8/4,511010.SH,ORIGINALUNIT,
2000/8/7,511010.SH,ORIGINALUNIT,
2000/8/8,511010.SH,ORIGINALUNIT,
2000/8/9,511010.SH,ORIGINALUNIT,
2000/8/10,511010.SH,ORIGINALUNIT,
2000/8/11,511010.SH,ORIGINALUNIT,
2000/8/14,511010.SH,ORIGINALUNIT,
2000/8/15,511010.SH,ORIGINALUNIT,
2000/8/16,511010.SH,ORIGINALUNIT,
2000/8/17,511010.SH,ORIGINALUNIT,
2000/8/18,511010.SH,ORIGINALUNIT,
2000/8/21,511010.SH,ORIGINALUNIT,
2000/8/22,511010.SH,ORIGINALUNIT,
2000/8/23,511010.SH,ORIGINALUNIT,
2000/8/24,511010.SH,ORIGINALUNIT,
2000/8/25,511010.SH,ORIGINALUNIT,
2000/8/28,511010.SH,ORIGINALUNIT,
2000/8/29,511010.SH,ORIGINALUNIT,
2000/8/30,511010.SH,ORIGINALUNIT,
2000/8/31,511010.SH,ORIGINALUNIT,
2000/9/1,511010.SH,ORIGINALUNIT,
2000/9/4,511010.SH,ORIGINALUNIT,
2000/9/5,511010.SH,ORIGINALUNIT,
2000/9/6,511010.SH,ORIGINALUNIT,
2000/9/7,511010.SH,ORIGINALUNIT,
2000/9/8,511010.SH,ORIGINALUNIT,
2000/9/11,511010.SH,ORIGINALUNIT,
2000/9/12,511010.SH,ORIGINALUNIT,
2000/9/13,511010.SH,ORIGINALUNIT,
2000/9/14,511010.SH,ORIGINALUNIT,
2000/9/15,511010.SH,ORIGINALUNIT,
2000/9/18,511010.SH,ORIGINALUNIT,
2000/9/19,511010.SH,ORIGINALUNIT,
2000/9/20,511010.SH,ORIGINALUNIT,
2000/9/21,511010.SH,ORIGINALUNIT,
2000/9/22,511010.SH,ORIGINALUNIT,
2000/9/25,511010.SH,ORIGINALUNIT,
2000/9/26,511010.SH,ORIGINALUNIT,
2000/9/27,511010.SH,ORIGINALUNIT,
2000/9/28,511010.SH,ORIGINALUNIT,
2000/9/29,511010.SH,ORIGINALUNIT,
2000/10/9,511010.SH,ORIGINALUNIT,
2000/10/10,511010.SH,ORIGINALUNIT,
2000/10/11,511010.SH,ORIGINALUNIT,
2000/10/12,511010.SH,ORIGINALUNIT,
2000/10/13,511010.SH,ORIGINALUNIT,
2000/10/16,511010.SH,ORIGINALUNIT,
2000/10/17,511010.SH,ORIGINALUNIT,
2000/10/18,511010.SH,ORIGINALUNIT,
2000/10/19,511010.SH,ORIGINALUNIT,
2000/10/20,511010.SH,ORIGINALUNIT,
2000/10/23,511010.SH,ORIGINALUNIT,
2000/10/24,511010.SH,ORIGINALUNIT,
2000/10/25,511010.SH,ORIGINALUNIT,
2000/10/26,511010.SH,ORIGINALUNIT,
2000/10/27,511010.SH,ORIGINALUNIT,
2000/10/30,511010.SH,ORIGINALUNIT,
2000/10/31,511010.SH,ORIGINALUNIT,
2000/11/1,511010.SH,ORIGINALUNIT,
2000/11/2,511010.SH,ORIGINALUNIT,
2000/11/3,511010.SH,ORIGINALUNIT,
2000/11/6,511010.SH,ORIGINALUNIT,
2000/11/7,511010.SH,ORIGINALUNIT,
2000/11/8,511010.SH,ORIGINALUNIT,
2000/11/9,511010.SH,ORIGINALUNIT,
2000/11/10,511010.SH,ORIGINALUNIT,
2000/11/13,511010.SH,ORIGINALUNIT,
2000/11/14,511010.SH,ORIGINALUNIT,
2000/11/15,511010.SH,ORIGINALUNIT,
2000/11/16,511010.SH,ORIGINALUNIT,
2000/11/17,511010.SH,ORIGINALUNIT,
2000/11/20,511010.SH,ORIGINALUNIT,
2000/11/21,511010.SH,ORIGINALUNIT,
2000/11/22,511010.SH,ORIGINALUNIT,
2000/11/23,511010.SH,ORIGINALUNIT,
2000/11/24,511010.SH,ORIGINALUNIT,
2000/11/27,511010.SH,ORIGINALUNIT,
2000/11/28,511010.SH,ORIGINALUNIT,
2000/11/29,511010.SH,ORIGINALUNIT,
2000/11/30,511010.SH,ORIGINALUNIT,
2000/12/1,511010.SH,ORIGINALUNIT,
2000/12/4,511010.SH,ORIGINALUNIT,
2000/12/5,511010.SH,ORIGINALUNIT,
2000/12/6,511010.SH,ORIGINALUNIT,
2000/12/7,511010.SH,ORIGINALUNIT,
2000/12/8,511010.SH,ORIGINALUNIT,
2000/12/11,511010.SH,ORIGINALUNIT,
2000/12/12,511010.SH,ORIGINALUNIT,
2000/12/13,511010.SH,ORIGINALUNIT,
2000/12/14,511010.SH,ORIGINALUNIT,
2000/12/15,511010.SH,ORIGINALUNIT,
2000/12/18,511010.SH,ORIGINALUNIT,
2000/12/19,511010.SH,ORIGINALUNIT,
2000/12/20,511010.SH,ORIGINALUNIT,
2000/12/21,511010.SH,ORIGINALUNIT,
2000/12/22,511010.SH,ORIGINALUNIT,
2000/12/25,511010.SH,ORIGINALUNIT,
2000/12/26,511010.SH,ORIGINALUNIT,
2000/12/27,511010.SH,ORIGINALUNIT,
2000/12/28,511010.SH,ORIGINALUNIT,
2000/12/29,511010.SH,ORIGINALUNIT,
2001/1/2,511010.SH,ORIGINALUNIT,
2001/1/3,511010.SH,ORIGINALUNIT,
2001/1/4,511010.SH,ORIGINALUNIT,
2001/1/5,511010.SH,ORIGINALUNIT,
2001/1/8,511010.SH,ORIGINALUNIT,
2001/1/9,511010.SH,ORIGINALUNIT,
2001/1/10,511010.SH,ORIGINALUNIT,
2001/1/11,511010.SH,ORIGINALUNIT,
2001/1/12,511010.SH,ORIGINALUNIT,
2001/1/15,511010.SH,ORIGINALUNIT,
2001/1/16,511010.SH,ORIGINALUNIT,
2001/1/17,511010.SH,ORIGINALUNIT,
2001/1/18,511010.SH,ORIGINALUNIT,
2001/1/19,511010.SH,ORIGINALUNIT,
2001/2/5,511010.SH,ORIGINALUNIT,
2001/2/6,511010.SH,ORIGINALUNIT,
2001/2/7,511010.SH,ORIGINALUNIT,
2001/2/8,511010.SH,ORIGINALUNIT,
2001/2/9,511010.SH,ORIGINALUNIT,
2001/2/12,511010.SH,ORIGINALUNIT,
2001/2/13,511010.SH,ORIGINALUNIT,
2001/2/14,511010.SH,ORIGINALUNIT,
2001/2/15,511010.SH,ORIGINALUNIT,
2001/2/16,511010.SH,ORIGINALUNIT,
2001/2/19,511010.SH,ORIGINALUNIT,
2001/2/20,511010.SH,ORIGINALUNIT,
2001/2/21,511010.SH,ORIGINALUNIT,
2001/2/22,511010.SH,ORIGINALUNIT,
2001/2/23,511010.SH,ORIGINALUNIT,
2001/2/26,511010.SH,ORIGINALUNIT,
2001/2/27,511010.SH,ORIGINALUNIT,
2001/2/28,511010.SH,ORIGINALUNIT,
2001/3/1,511010.SH,ORIGINALUNIT,
2001/3/2,511010.SH,ORIGINALUNIT,
2001/3/5,511010.SH,ORIGINALUNIT,
2001/3/6,511010.SH,ORIGINALUNIT,
2001/3/7,511010.SH,ORIGINALUNIT,
2001/3/8,511010.SH,ORIGINALUNIT,
2001/3/9,511010.SH,ORIGINALUNIT,
2001/3/12,511010.SH,ORIGINALUNIT,
2001/3/13,511010.SH,ORIGINALUNIT,
2001/3/14,511010.SH,ORIGINALUNIT,
2001/3/15,511010.SH,ORIGINALUNIT,
2001/3/16,511010.SH,ORIGINALUNIT,
2001/3/19,511010.SH,ORIGINALUNIT,
2001/3/20,511010.SH,ORIGINALUNIT,
2001/3/21,511010.SH,ORIGINALUNIT,
2001/3/22,511010.SH,ORIGINALUNIT,
2001/3/23,511010.SH,ORIGINALUNIT,
2001/3/26,511010.SH,ORIGINALUNIT,
2001/3/27,511010.SH,ORIGINALUNIT,
2001/3/28,511010.SH,ORIGINALUNIT,
2001/3/29,511010.SH,ORIGINALUNIT,
2001/3/30,511010.SH,ORIGINALUNIT,
2001/4/2,511010.SH,ORIGINALUNIT,
2001/4/3,511010.SH,ORIGINALUNIT,
2001/4/4,511010.SH,ORIGINALUNIT,
2001/4/5,511010.SH,ORIGINALUNIT,
2001/4/6,511010.SH,ORIGINALUNIT,
2001/4/9,511010.SH,ORIGINALUNIT,
2001/4/10,511010.SH,ORIGINALUNIT,
2001/4/11,511010.SH,ORIGINALUNIT,
2001/4/12,511010.SH,ORIGINALUNIT,
2001/4/13,511010.SH,ORIGINALUNIT,
2001/4/16,511010.SH,ORIGINALUNIT,
2001/4/17,511010.SH,ORIGINALUNIT,
2001/4/18,511010.SH,ORIGINALUNIT,
2001/4/19,511010.SH,ORIGINALUNIT,
2001/4/20,511010.SH,ORIGINALUNIT,
2001/4/23,511010.SH,ORIGINALUNIT,
2001/4/24,511010.SH,ORIGINALUNIT,
2001/4/25,511010.SH,ORIGINALUNIT,
2001/4/26,511010.SH,ORIGINALUNIT,
2001/4/27,511010.SH,ORIGINALUNIT,
2001/4/30,511010.SH,ORIGINALUNIT,
2001/5/8,511010.SH,ORIGINALUNIT,
2001/5/9,511010.SH,ORIGINALUNIT,
2001/5/10,511010.SH,ORIGINALUNIT,
2001/5/11,511010.SH,ORIGINALUNIT,
2001/5/14,511010.SH,ORIGINALUNIT,
2001/5/15,511010.SH,ORIGINALUNIT,
2001/5/16,511010.SH,ORIGINALUNIT,
2001/5/17,511010.SH,ORIGINALUNIT,
2001/5/18,511010.SH,ORIGINALUNIT,
2001/5/21,511010.SH,ORIGINALUNIT,
2001/5/22,511010.SH,ORIGINALUNIT,
2001/5/23,511010.SH,ORIGINALUNIT,
2001/5/24,511010.SH,ORIGINALUNIT,
2001/5/25,511010.SH,ORIGINALUNIT,
2001/5/28,511010.SH,ORIGINALUNIT,
2001/5/29,511010.SH,ORIGINALUNIT,
2001/5/30,511010.SH,ORIGINALUNIT,
2001/5/31,511010.SH,ORIGINALUNIT,
2001/6/1,511010.SH,ORIGINALUNIT,
2001/6/4,511010.SH,ORIGINALUNIT,
2001/6/5,511010.SH,ORIGINALUNIT,
2001/6/6,511010.SH,ORIGINALUNIT,
2001/6/7,511010.SH,ORIGINALUNIT,
2001/6/8,511010.SH,ORIGINALUNIT,
2001/6/11,511010.SH,ORIGINALUNIT,
2001/6/12,511010.SH,ORIGINALUNIT,
2001/6/13,511010.SH,ORIGINALUNIT,
2001/6/14,511010.SH,ORIGINALUNIT,
2001/6/15,511010.SH,ORIGINALUNIT,
2001/6/18,511010.SH,ORIGINALUNIT,
2001/6/19,511010.SH,ORIGINALUNIT,
2001/6/20,511010.SH,ORIGINALUNIT,
2001/6/21,511010.SH,ORIGINALUNIT,
2001/6/22,511010.SH,ORIGINALUNIT,
2001/6/25,511010.SH,ORIGINALUNIT,
2001/6/26,511010.SH,ORIGINALUNIT,
2001/6/27,511010.SH,ORIGINALUNIT,
2001/6/28,511010.SH,ORIGINALUNIT,
2001/6/29,511010.SH,ORIGINALUNIT,
2001/7/2,511010.SH,ORIGINALUNIT,
2001/7/3,511010.SH,ORIGINALUNIT,
2001/7/4,511010.SH,ORIGINALUNIT,
2001/7/5,511010.SH,ORIGINALUNIT,
2001/7/6,511010.SH,ORIGINALUNIT,
2001/7/9,511010.SH,ORIGINALUNIT,
2001/7/10,511010.SH,ORIGINALUNIT,
2001/7/11,511010.SH,ORIGINALUNIT,
2001/7/12,511010.SH,ORIGINALUNIT,
2001/7/13,511010.SH,ORIGINALUNIT,
2001/7/16,511010.SH,ORIGINALUNIT,
2001/7/17,511010.SH,ORIGINALUNIT,
2001/7/18,511010.SH,ORIGINALUNIT,
2001/7/19,511010.SH,ORIGINALUNIT,
2001/7/20,511010.SH,ORIGINALUNIT,
2001/7/23,511010.SH,ORIGINALUNIT,
2001/7/24,511010.SH,ORIGINALUNIT,
2001/7/25,511010.SH,ORIGINALUNIT,
2001/7/26,511010.SH,ORIGINALUNIT,
2001/7/27,511010.SH,ORIGINALUNIT,
2001/7/30,511010.SH,ORIGINALUNIT,
2001/7/31,511010.SH,ORIGINALUNIT,
2001/8/1,511010.SH,ORIGINALUNIT,
2001/8/2,511010.SH,ORIGINALUNIT,
2001/8/3,511010.SH,ORIGINALUNIT,
2001/8/6,511010.SH,ORIGINALUNIT,
2001/8/7,511010.SH,ORIGINALUNIT,
2001/8/8,511010.SH,ORIGINALUNIT,
2001/8/9,511010.SH,ORIGINALUNIT,
2001/8/10,511010.SH,ORIGINALUNIT,
2001/8/13,511010.SH,ORIGINALUNIT,
2001/8/14,511010.SH,ORIGINALUNIT,
2001/8/15,511010.SH,ORIGINALUNIT,
2001/8/16,511010.SH,ORIGINALUNIT,
2001/8/17,511010.SH,ORIGINALUNIT,
2001/8/20,511010.SH,ORIGINALUNIT,
2001/8/21,511010.SH,ORIGINALUNIT,
2001/8/22,511010.SH,ORIGINALUNIT,
2001/8/23,511010.SH,ORIGINALUNIT,
2001/8/24,511010.SH,ORIGINALUNIT,
2001/8/27,511010.SH,ORIGINALUNIT,
2001/8/28,511010.SH,ORIGINALUNIT,
2001/8/29,511010.SH,ORIGINALUNIT,
2001/8/30,511010.SH,ORIGINALUNIT,
2001/8/31,511010.SH,ORIGINALUNIT,
2001/9/3,511010.SH,ORIGINALUNIT,
2001/9/4,511010.SH,ORIGINALUNIT,
2001/9/5,511010.SH,ORIGINALUNIT,
2001/9/6,511010.SH,ORIGINALUNIT,
2001/9/7,511010.SH,ORIGINALUNIT,
2001/9/10,511010.SH,ORIGINALUNIT,
2001/9/11,511010.SH,ORIGINALUNIT,
2001/9/12,511010.SH,ORIGINALUNIT,
2001/9/13,511010.SH,ORIGINALUNIT,
2001/9/14,511010.SH,ORIGINALUNIT,
2001/9/17,511010.SH,ORIGINALUNIT,
2001/9/18,511010.SH,ORIGINALUNIT,
2001/9/19,511010.SH,ORIGINALUNIT,
2001/9/20,511010.SH,ORIGINALUNIT,
2001/9/21,511010.SH,ORIGINALUNIT,
2001/9/24,511010.SH,ORIGINALUNIT,
2001/9/25,511010.SH,ORIGINALUNIT,
2001/9/26,511010.SH,ORIGINALUNIT,
2001/9/27,511010.SH,ORIGINALUNIT,
2001/9/28,511010.SH,ORIGINALUNIT,
2001/10/8,511010.SH,ORIGINALUNIT,
2001/10/9,511010.SH,ORIGINALUNIT,
2001/10/10,511010.SH,ORIGINALUNIT,
2001/10/11,511010.SH,ORIGINALUNIT,
2001/10/12,511010.SH,ORIGINALUNIT,
2001/10/15,511010.SH,ORIGINALUNIT,
2001/10/16,511010.SH,ORIGINALUNIT,
2001/10/17,511010.SH,ORIGINALUNIT,
2001/10/18,511010.SH,ORIGINALUNIT,
2001/10/19,511010.SH,ORIGINALUNIT,
2001/10/22,511010.SH,ORIGINALUNIT,
2001/10/23,511010.SH,ORIGINALUNIT,
2001/10/24,511010.SH,ORIGINALUNIT,
2001/10/25,511010.SH,ORIGINALUNIT,
2001/10/26,511010.SH,ORIGINALUNIT,
2001/10/29,511010.SH,ORIGINALUNIT,
2001/10/30,511010.SH,ORIGINALUNIT,
2001/10/31,511010.SH,ORIGINALUNIT,
2001/11/1,511010.SH,ORIGINALUNIT,
2001/11/2,511010.SH,ORIGINALUNIT,
2001/11/5,511010.SH,ORIGINALUNIT,
2001/11/6,511010.SH,ORIGINALUNIT,
2001/11/7,511010.SH,ORIGINALUNIT,
2001/11/8,511010.SH,ORIGINALUNIT,
2001/11/9,511010.SH,ORIGINALUNIT,
2001/11/12,511010.SH,ORIGINALUNIT,
2001/11/13,511010.SH,ORIGINALUNIT,
2001/11/14,511010.SH,ORIGINALUNIT,
2001/11/15,511010.SH,ORIGINALUNIT,
2001/11/16,511010.SH,ORIGINALUNIT,
2001/11/19,511010.SH,ORIGINALUNIT,
2001/11/20,511010.SH,ORIGINALUNIT,
2001/11/21,511010.SH,ORIGINALUNIT,
2001/11/22,511010.SH,ORIGINALUNIT,
2001/11/23,511010.SH,ORIGINALUNIT,
2001/11/26,511010.SH,ORIGINALUNIT,
2001/11/27,511010.SH,ORIGINALUNIT,
2001/11/28,511010.SH,ORIGINALUNIT,
2001/11/29,511010.SH,ORIGINALUNIT,
2001/11/30,511010.SH,ORIGINALUNIT,
2001/12/3,511010.SH,ORIGINALUNIT,
2001/12/4,511010.SH,ORIGINALUNIT,
2001/12/5,511010.SH,ORIGINALUNIT,
2001/12/6,511010.SH,ORIGINALUNIT,
2001/12/7,511010.SH,ORIGINALUNIT,
2001/12/10,511010.SH,ORIGINALUNIT,
2001/12/11,511010.SH,ORIGINALUNIT,
2001/12/12,511010.SH,ORIGINALUNIT,
2001/12/13,511010.SH,ORIGINALUNIT,
2001/12/14,511010.SH,ORIGINALUNIT,
2001/12/17,511010.SH,ORIGINALUNIT,
2001/12/18,511010.SH,ORIGINALUNIT,
2001/12/19,511010.SH,ORIGINALUNIT,
2001/12/20,511010.SH,ORIGINALUNIT,
2001/12/21,511010.SH,ORIGINALUNIT,
2001/12/24,511010.SH,ORIGINALUNIT,
2001/12/25,511010.SH,ORIGINALUNIT,
2001/12/26,511010.SH,ORIGINALUNIT,
2001/12/27,511010.SH,ORIGINALUNIT,
2001/12/28,511010.SH,ORIGINALUNIT,
2001/12/31,511010.SH,ORIGINALUNIT,
2002/1/4,511010.SH,ORIGINALUNIT,
2002/1/7,511010.SH,ORIGINALUNIT,
2002/1/8,511010.SH,ORIGINALUNIT,
2002/1/9,511010.SH,ORIGINALUNIT,
2002/1/10,511010.SH,ORIGINALUNIT,
2002/1/11,511010.SH,ORIGINALUNIT,
2002/1/14,511010.SH,ORIGINALUNIT,
2002/1/15,511010.SH,ORIGINALUNIT,
2002/1/16,511010.SH,ORIGINALUNIT,
2002/1/17,511010.SH,ORIGINALUNIT,
2002/1/18,511010.SH,ORIGINALUNIT,
2002/1/21,511010.SH,ORIGINALUNIT,
2002/1/22,511010.SH,ORIGINALUNIT,
2002/1/23,511010.SH,ORIGINALUNIT,
2002/1/24,511010.SH,ORIGINALUNIT,
2002/1/25,511010.SH,ORIGINALUNIT,
2002/1/28,511010.SH,ORIGINALUNIT,
2002/1/29,511010.SH,ORIGINALUNIT,
2002/1/30,511010.SH,ORIGINALUNIT,
2002/1/31,511010.SH,ORIGINALUNIT,
2002/2/1,511010.SH,ORIGINALUNIT,
2002/2/4,511010.SH,ORIGINALUNIT,
2002/2/5,511010.SH,ORIGINALUNIT,
2002/2/6,511010.SH,ORIGINALUNIT,
2002/2/7,511010.SH,ORIGINALUNIT,
2002/2/8,511010.SH,ORIGINALUNIT,
2002/2/25,511010.SH,ORIGINALUNIT,
2002/2/26,511010.SH,ORIGINALUNIT,
2002/2/27,511010.SH,ORIGINALUNIT,
2002/2/28,511010.SH,ORIGINALUNIT,
2002/3/1,511010.SH,ORIGINALUNIT,
2002/3/4,511010.SH,ORIGINALUNIT,
2002/3/5,511010.SH,ORIGINALUNIT,
2002/3/6,511010.SH,ORIGINALUNIT,
2002/3/7,511010.SH,ORIGINALUNIT,
2002/3/8,511010.SH,ORIGINALUNIT,
2002/3/11,511010.SH,ORIGINALUNIT,
2002/3/12,511010.SH,ORIGINALUNIT,
2002/3/13,511010.SH,ORIGINALUNIT,
2002/3/14,511010.SH,ORIGINALUNIT,
2002/3/15,511010.SH,ORIGINALUNIT,
2002/3/18,511010.SH,ORIGINALUNIT,
2002/3/19,511010.SH,ORIGINALUNIT,
2002/3/20,511010.SH,ORIGINALUNIT,
2002/3/21,511010.SH,ORIGINALUNIT,
2002/3/22,511010.SH,ORIGINALUNIT,
2002/3/25,511010.SH,ORIGINALUNIT,
2002/3/26,511010.SH,ORIGINALUNIT,
2002/3/27,511010.SH,ORIGINALUNIT,
2002/3/28,511010.SH,ORIGINALUNIT,
2002/3/29,511010.SH,ORIGINALUNIT,
2002/4/1,511010.SH,ORIGINALUNIT,
2002/4/2,511010.SH,ORIGINALUNIT,
2002/4/3,511010.SH,ORIGINALUNIT,
2002/4/4,511010.SH,ORIGINALUNIT,
2002/4/5,511010.SH,ORIGINALUNIT,
2002/4/8,511010.SH,ORIGINALUNIT,
2002/4/9,511010.SH,ORIGINALUNIT,
2002/4/10,511010.SH,ORIGINALUNIT,
2002/4/11,511010.SH,ORIGINALUNIT,
2002/4/12,511010.SH,ORIGINALUNIT,
2002/4/15,511010.SH,ORIGINALUNIT,
2002/4/16,511010.SH,ORIGINALUNIT,
2002/4/17,511010.SH,ORIGINALUNIT,
2002/4/18,511010.SH,ORIGINALUNIT,
2002/4/19,511010.SH,ORIGINALUNIT,
2002/4/22,511010.SH,ORIGINALUNIT,
2002/4/23,511010.SH,ORIGINALUNIT,
2002/4/24,511010.SH,ORIGINALUNIT,
2002/4/25,511010.SH,ORIGINALUNIT,
2002/4/26,511010.SH,ORIGINALUNIT,
2002/4/29,511010.SH,ORIGINALUNIT,
2002/4/30,511010.SH,ORIGINALUNIT,
2002/5/8,511010.SH,ORIGINALUNIT,
2002/5/9,511010.SH,ORIGINALUNIT,
2002/5/10,511010.SH,ORIGINALUNIT,
2002/5/13,511010.SH,ORIGINALUNIT,
2002/5/14,511010.SH,ORIGINALUNIT,
2002/5/15,511010.SH,ORIGINALUNIT,
2002/5/16,511010.SH,ORIGINALUNIT,
2002/5/17,511010.SH,ORIGINALUNIT,
2002/5/20,511010.SH,ORIGINALUNIT,
2002/5/21,511010.SH,ORIGINALUNIT,
2002/5/22,511010.SH,ORIGINALUNIT,
2002/5/23,511010.SH,ORIGINALUNIT,
2002/5/24,511010.SH,ORIGINALUNIT,
2002/5/27,511010.SH,ORIGINALUNIT,
2002/5/28,511010.SH,ORIGINALUNIT,
2002/5/29,511010.SH,ORIGINALUNIT,
2002/5/30,511010.SH,ORIGINALUNIT,
2002/5/31,511010.SH,ORIGINALUNIT,
2002/6/3,511010.SH,ORIGINALUNIT,
2002/6/4,511010.SH,ORIGINALUNIT,
2002/6/5,511010.SH,ORIGINALUNIT,
2002/6/6,511010.SH,ORIGINALUNIT,
2002/6/7,511010.SH,ORIGINALUNIT,
2002/6/10,511010.SH,ORIGINALUNIT,
2002/6/11,511010.SH,ORIGINALUNIT,
2002/6/12,511010.SH,ORIGINALUNIT,
2002/6/13,511010.SH,ORIGINALUNIT,
2002/6/14,511010.SH,ORIGINALUNIT,
2002/6/17,511010.SH,ORIGINALUNIT,
2002/6/18,511010.SH,ORIGINALUNIT,
2002/6/19,511010.SH,ORIGINALUNIT,
2002/6/20,511010.SH,ORIGINALUNIT,
2002/6/21,511010.SH,ORIGINALUNIT,
2002/6/24,511010.SH,ORIGINALUNIT,
2002/6/25,511010.SH,ORIGINALUNIT,
2002/6/26,511010.SH,ORIGINALUNIT,
2002/6/27,511010.SH,ORIGINALUNIT,
2002/6/28,511010.SH,ORIGINALUNIT,
2002/7/1,511010.SH,ORIGINALUNIT,
2002/7/2,511010.SH,ORIGINALUNIT,
2002/7/3,511010.SH,ORIGINALUNIT,
2002/7/4,511010.SH,ORIGINALUNIT,
2002/7/5,511010.SH,ORIGINALUNIT,
2002/7/8,511010.SH,ORIGINALUNIT,
2002/7/9,511010.SH,ORIGINALUNIT,
2002/7/10,511010.SH,ORIGINALUNIT,
2002/7/11,511010.SH,ORIGINALUNIT,
2002/7/12,511010.SH,ORIGINALUNIT,
2002/7/15,511010.SH,ORIGINALUNIT,
2002/7/16,511010.SH,ORIGINALUNIT,
2002/7/17,511010.SH,ORIGINALUNIT,
2002/7/18,511010.SH,ORIGINALUNIT,
2002/7/19,511010.SH,ORIGINALUNIT,
2002/7/22,511010.SH,ORIGINALUNIT,
2002/7/23,511010.SH,ORIGINALUNIT,
2002/7/24,511010.SH,ORIGINALUNIT,
2002/7/25,511010.SH,ORIGINALUNIT,
2002/7/26,511010.SH,ORIGINALUNIT,
2002/7/29,511010.SH,ORIGINALUNIT,
2002/7/30,511010.SH,ORIGINALUNIT,
2002/7/31,511010.SH,ORIGINALUNIT,
2002/8/1,511010.SH,ORIGINALUNIT,
2002/8/2,511010.SH,ORIGINALUNIT,
2002/8/5,511010.SH,ORIGINALUNIT,
2002/8/6,511010.SH,ORIGINALUNIT,
2002/8/7,511010.SH,ORIGINALUNIT,
2002/8/8,511010.SH,ORIGINALUNIT,
2002/8/9,511010.SH,ORIGINALUNIT,
2002/8/12,511010.SH,ORIGINALUNIT,
2002/8/13,511010.SH,ORIGINALUNIT,
2002/8/14,511010.SH,ORIGINALUNIT,
2002/8/15,511010.SH,ORIGINALUNIT,
2002/8/16,511010.SH,ORIGINALUNIT,
2002/8/19,511010.SH,ORIGINALUNIT,
2002/8/20,511010.SH,ORIGINALUNIT,
2002/8/21,511010.SH,ORIGINALUNIT,
2002/8/22,511010.SH,ORIGINALUNIT,
2002/8/23,511010.SH,ORIGINALUNIT,
2002/8/26,511010.SH,ORIGINALUNIT,
2002/8/27,511010.SH,ORIGINALUNIT,
2002/8/28,511010.SH,ORIGINALUNIT,
2002/8/29,511010.SH,ORIGINALUNIT,
2002/8/30,511010.SH,ORIGINALUNIT,
2002/9/2,511010.SH,ORIGINALUNIT,
2002/9/3,511010.SH,ORIGINALUNIT,
2002/9/4,511010.SH,ORIGINALUNIT,
2002/9/5,511010.SH,ORIGINALUNIT,
2002/9/6,511010.SH,ORIGINALUNIT,
2002/9/9,511010.SH,ORIGINALUNIT,
2002/9/10,511010.SH,ORIGINALUNIT,
2002/9/11,511010.SH,ORIGINALUNIT,
2002/9/12,511010.SH,ORIGINALUNIT,
2002/9/13,511010.SH,ORIGINALUNIT,
2002/9/16,511010.SH,ORIGINALUNIT,
2002/9/17,511010.SH,ORIGINALUNIT,
2002/9/18,511010.SH,ORIGINALUNIT,
2002/9/19,511010.SH,ORIGINALUNIT,
2002/9/20,511010.SH,ORIGINALUNIT,
2002/9/23,511010.SH,ORIGINALUNIT,
2002/9/24,511010.SH,ORIGINALUNIT,
2002/9/25,511010.SH,ORIGINALUNIT,
2002/9/26,511010.SH,ORIGINALUNIT,
2002/9/27,511010.SH,ORIGINALUNIT,
2002/10/8,511010.SH,ORIGINALUNIT,
2002/10/9,511010.SH,ORIGINALUNIT,
2002/10/10,511010.SH,ORIGINALUNIT,
2002/10/11,511010.SH,ORIGINALUNIT,
2002/10/14,511010.SH,ORIGINALUNIT,
2002/10/15,511010.SH,ORIGINALUNIT,
2002/10/16,511010.SH,ORIGINALUNIT,
2002/10/17,511010.SH,ORIGINALUNIT,
2002/10/18,511010.SH,ORIGINALUNIT,
2002/10/21,511010.SH,ORIGINALUNIT,
2002/10/22,511010.SH,ORIGINALUNIT,
2002/10/23,511010.SH,ORIGINALUNIT,
2002/10/24,511010.SH,ORIGINALUNIT,
2002/10/25,511010.SH,ORIGINALUNIT,
2002/10/28,511010.SH,ORIGINALUNIT,
2002/10/29,511010.SH,ORIGINALUNIT,
2002/10/30,511010.SH,ORIGINALUNIT,
2002/10/31,511010.SH,ORIGINALUNIT,
2002/11/1,511010.SH,ORIGINALUNIT,
2002/11/4,511010.SH,ORIGINALUNIT,
2002/11/5,511010.SH,ORIGINALUNIT,
2002/11/6,511010.SH,ORIGINALUNIT,
2002/11/7,511010.SH,ORIGINALUNIT,
2002/11/8,511010.SH,ORIGINALUNIT,
2002/11/11,511010.SH,ORIGINALUNIT,
2002/11/12,511010.SH,ORIGINALUNIT,
2002/11/13,511010.SH,ORIGINALUNIT,
2002/11/14,511010.SH,ORIGINALUNIT,
2002/11/15,511010.SH,ORIGINALUNIT,
2002/11/18,511010.SH,ORIGINALUNIT,
2002/11/19,511010.SH,ORIGINALUNIT,
2002/11/20,511010.SH,ORIGINALUNIT,
2002/11/21,511010.SH,ORIGINALUNIT,
2002/11/22,511010.SH,ORIGINALUNIT,
2002/11/25,511010.SH,ORIGINALUNIT,
2002/11/26,511010.SH,ORIGINALUNIT,
2002/11/27,511010.SH,ORIGINALUNIT,
2002/11/28,511010.SH,ORIGINALUNIT,
2002/11/29,511010.SH,ORIGINALUNIT,
2002/12/2,511010.SH,ORIGINALUNIT,
2002/12/3,511010.SH,ORIGINALUNIT,
2002/12/4,511010.SH,ORIGINALUNIT,
2002/12/5,511010.SH,ORIGINALUNIT,
2002/12/6,511010.SH,ORIGINALUNIT,
2002/12/9,511010.SH,ORIGINALUNIT,
2002/12/10,511010.SH,ORIGINALUNIT,
2002/12/11,511010.SH,ORIGINALUNIT,
2002/12/12,511010.SH,ORIGINALUNIT,
2002/12/13,511010.SH,ORIGINALUNIT,
2002/12/16,511010.SH,ORIGINALUNIT,
2002/12/17,511010.SH,ORIGINALUNIT,
2002/12/18,511010.SH,ORIGINALUNIT,
2002/12/19,511010.SH,ORIGINALUNIT,
2002/12/20,511010.SH,ORIGINALUNIT,
2002/12/23,511010.SH,ORIGINALUNIT,
2002/12/24,511010.SH,ORIGINALUNIT,
2002/12/25,511010.SH,ORIGINALUNIT,
2002/12/26,511010.SH,ORIGINALUNIT,
2002/12/27,511010.SH,ORIGINALUNIT,
2002/12/30,511010.SH,ORIGINALUNIT,
2002/12/31,511010.SH,ORIGINALUNIT,
2003/1/2,511010.SH,ORIGINALUNIT,
2003/1/3,511010.SH,ORIGINALUNIT,
2003/1/6,511010.SH,ORIGINALUNIT,
2003/1/7,511010.SH,ORIGINALUNIT,
2003/1/8,511010.SH,ORIGINALUNIT,
2003/1/9,511010.SH,ORIGINALUNIT,
2003/1/10,511010.SH,ORIGINALUNIT,
2003/1/13,511010.SH,ORIGINALUNIT,
2003/1/14,511010.SH,ORIGINALUNIT,
2003/1/15,511010.SH,ORIGINALUNIT,
2003/1/16,511010.SH,ORIGINALUNIT,
2003/1/17,511010.SH,ORIGINALUNIT,
2003/1/20,511010.SH,ORIGINALUNIT,
2003/1/21,511010.SH,ORIGINALUNIT,
2003/1/22,511010.SH,ORIGINALUNIT,
2003/1/23,511010.SH,ORIGINALUNIT,
2003/1/24,511010.SH,ORIGINALUNIT,
2003/1/27,511010.SH,ORIGINALUNIT,
2003/1/28,511010.SH,ORIGINALUNIT,
2003/1/29,511010.SH,ORIGINALUNIT,
2003/2/10,511010.SH,ORIGINALUNIT,
2003/2/11,511010.SH,ORIGINALUNIT,
2003/2/12,511010.SH,ORIGINALUNIT,
2003/2/13,511010.SH,ORIGINALUNIT,
2003/2/14,511010.SH,ORIGINALUNIT,
2003/2/17,511010.SH,ORIGINALUNIT,
2003/2/18,511010.SH,ORIGINALUNIT,
2003/2/19,511010.SH,ORIGINALUNIT,
2003/2/20,511010.SH,ORIGINALUNIT,
2003/2/21,511010.SH,ORIGINALUNIT,
2003/2/24,511010.SH,ORIGINALUNIT,
2003/2/25,511010.SH,ORIGINALUNIT,
2003/2/26,511010.SH,ORIGINALUNIT,
2003/2/27,511010.SH,ORIGINALUNIT,
2003/2/28,511010.SH,ORIGINALUNIT,
2003/3/3,511010.SH,ORIGINALUNIT,
2003/3/4,511010.SH,ORIGINALUNIT,
2003/3/5,511010.SH,ORIGINALUNIT,
2003/3/6,511010.SH,ORIGINALUNIT,
2003/3/7,511010.SH,ORIGINALUNIT,
2003/3/10,511010.SH,ORIGINALUNIT,
2003/3/11,511010.SH,ORIGINALUNIT,
2003/3/12,511010.SH,ORIGINALUNIT,
2003/3/13,511010.SH,ORIGINALUNIT,
2003/3/14,511010.SH,ORIGINALUNIT,
2003/3/17,511010.SH,ORIGINALUNIT,
2003/3/18,511010.SH,ORIGINALUNIT,
2003/3/19,511010.SH,ORIGINALUNIT,
2003/3/20,511010.SH,ORIGINALUNIT,
2003/3/21,511010.SH,ORIGINALUNIT,
2003/3/24,511010.SH,ORIGINALUNIT,
2003/3/25,511010.SH,ORIGINALUNIT,
2003/3/26,511010.SH,ORIGINALUNIT,
2003/3/27,511010.SH,ORIGINALUNIT,
2003/3/28,511010.SH,ORIGINALUNIT,
2003/3/31,511010.SH,ORIGINALUNIT,
2003/4/1,511010.SH,ORIGINALUNIT,
2003/4/2,511010.SH,ORIGINALUNIT,
2003/4/3,511010.SH,ORIGINALUNIT,
2003/4/4,511010.SH,ORIGINALUNIT,
2003/4/7,511010.SH,ORIGINALUNIT,
2003/4/8,511010.SH,ORIGINALUNIT,
2003/4/9,511010.SH,ORIGINALUNIT,
2003/4/10,511010.SH,ORIGINALUNIT,
2003/4/11,511010.SH,ORIGINALUNIT,
2003/4/14,511010.SH,ORIGINALUNIT,
2003/4/15,511010.SH,ORIGINALUNIT,
2003/4/16,511010.SH,ORIGINALUNIT,
2003/4/17,511010.SH,ORIGINALUNIT,
2003/4/18,511010.SH,ORIGINALUNIT,
2003/4/21,511010.SH,ORIGINALUNIT,
2003/4/22,511010.SH,ORIGINALUNIT,
2003/4/23,511010.SH,ORIGINALUNIT,
2003/4/24,511010.SH,ORIGINALUNIT,
2003/4/25,511010.SH,ORIGINALUNIT,
2003/4/28,511010.SH,ORIGINALUNIT,
2003/4/29,511010.SH,ORIGINALUNIT,
2003/4/30,511010.SH,ORIGINALUNIT,
2003/5/12,511010.SH,ORIGINALUNIT,
2003/5/13,511010.SH,ORIGINALUNIT,
2003/5/14,511010.SH,ORIGINALUNIT,
2003/5/15,511010.SH,ORIGINALUNIT,
2003/5/16,511010.SH,ORIGINALUNIT,
2003/5/19,511010.SH,ORIGINALUNIT,
2003/5/20,511010.SH,ORIGINALUNIT,
2003/5/21,511010.SH,ORIGINALUNIT,
2003/5/22,511010.SH,ORIGINALUNIT,
2003/5/23,511010.SH,ORIGINALUNIT,
2003/5/26,511010.SH,ORIGINALUNIT,
2003/5/27,511010.SH,ORIGINALUNIT,
2003/5/28,511010.SH,ORIGINALUNIT,
2003/5/29,511010.SH,ORIGINALUNIT,
2003/5/30,511010.SH,ORIGINALUNIT,
2003/6/2,511010.SH,ORIGINALUNIT,
2003/6/3,511010.SH,ORIGINALUNIT,
2003/6/4,511010.SH,ORIGINALUNIT,
2003/6/5,511010.SH,ORIGINALUNIT,
2003/6/6,511010.SH,ORIGINALUNIT,
2003/6/9,511010.SH,ORIGINALUNIT,
2003/6/10,511010.SH,ORIGINALUNIT,
2003/6/11,511010.SH,ORIGINALUNIT,
2003/6/12,511010.SH,ORIGINALUNIT,
2003/6/13,511010.SH,ORIGINALUNIT,
2003/6/16,511010.SH,ORIGINALUNIT,
2003/6/17,511010.SH,ORIGINALUNIT,
2003/6/18,511010.SH,ORIGINALUNIT,
2003/6/19,511010.SH,ORIGINALUNIT,
2003/6/20,511010.SH,ORIGINALUNIT,
2003/6/23,511010.SH,ORIGINALUNIT,
2003/6/24,511010.SH,ORIGINALUNIT,
2003/6/25,511010.SH,ORIGINALUNIT,
2003/6/26,511010.SH,ORIGINALUNIT,
2003/6/27,511010.SH,ORIGINALUNIT,
2003/6/30,511010.SH,ORIGINALUNIT,
2003/7/1,511010.SH,ORIGINALUNIT,
2003/7/2,511010.SH,ORIGINALUNIT,
2003/7/3,511010.SH,ORIGINALUNIT,
2003/7/4,511010.SH,ORIGINALUNIT,
2003/7/7,511010.SH,ORIGINALUNIT,
2003/7/8,511010.SH,ORIGINALUNIT,
2003/7/9,511010.SH,ORIGINALUNIT,
2003/7/10,511010.SH,ORIGINALUNIT,
2003/7/11,511010.SH,ORIGINALUNIT,
2003/7/14,511010.SH,ORIGINALUNIT,
2003/7/15,511010.SH,ORIGINALUNIT,
2003/7/16,511010.SH,ORIGINALUNIT,
2003/7/17,511010.SH,ORIGINALUNIT,
2003/7/18,511010.SH,ORIGINALUNIT,
2003/7/21,511010.SH,ORIGINALUNIT,
2003/7/22,511010.SH,ORIGINALUNIT,
2003/7/23,511010.SH,ORIGINALUNIT,
2003/7/24,511010.SH,ORIGINALUNIT,
2003/7/25,511010.SH,ORIGINALUNIT,
2003/7/28,511010.SH,ORIGINALUNIT,
2003/7/29,511010.SH,ORIGINALUNIT,
2003/7/30,511010.SH,ORIGINALUNIT,
2003/7/31,511010.SH,ORIGINALUNIT,
2003/8/1,511010.SH,ORIGINALUNIT,
2003/8/4,511010.SH,ORIGINALUNIT,
2003/8/5,511010.SH,ORIGINALUNIT,
2003/8/6,511010.SH,ORIGINALUNIT,
2003/8/7,511010.SH,ORIGINALUNIT,
2003/8/8,511010.SH,ORIGINALUNIT,
2003/8/11,511010.SH,ORIGINALUNIT,
2003/8/12,511010.SH,ORIGINALUNIT,
2003/8/13,511010.SH,ORIGINALUNIT,
2003/8/14,511010.SH,ORIGINALUNIT,
2003/8/15,511010.SH,ORIGINALUNIT,
2003/8/18,511010.SH,ORIGINALUNIT,
2003/8/19,511010.SH,ORIGINALUNIT,
2003/8/20,511010.SH,ORIGINALUNIT,
2003/8/21,511010.SH,ORIGINALUNIT,
2003/8/22,511010.SH,ORIGINALUNIT,
2003/8/25,511010.SH,ORIGINALUNIT,
2003/8/26,511010.SH,ORIGINALUNIT,
2003/8/27,511010.SH,ORIGINALUNIT,
2003/8/28,511010.SH,ORIGINALUNIT,
2003/8/29,511010.SH,ORIGINALUNIT,
2003/9/1,511010.SH,ORIGINALUNIT,
2003/9/2,511010.SH,ORIGINALUNIT,
2003/9/3,511010.SH,ORIGINALUNIT,
2003/9/4,511010.SH,ORIGINALUNIT,
2003/9/5,511010.SH,ORIGINALUNIT,
2003/9/8,511010.SH,ORIGINALUNIT,
2003/9/9,511010.SH,ORIGINALUNIT,
2003/9/10,511010.SH,ORIGINALUNIT,
2003/9/11,511010.SH,ORIGINALUNIT,
2003/9/12,511010.SH,ORIGINALUNIT,
2003/9/15,511010.SH,ORIGINALUNIT,
2003/9/16,511010.SH,ORIGINALUNIT,
2003/9/17,511010.SH,ORIGINALUNIT,
2003/9/18,511010.SH,ORIGINALUNIT,
2003/9/19,511010.SH,ORIGINALUNIT,
2003/9/22,511010.SH,ORIGINALUNIT,
2003/9/23,511010.SH,ORIGINALUNIT,
2003/9/24,511010.SH,ORIGINALUNIT,
2003/9/25,511010.SH,ORIGINALUNIT,
2003/9/26,511010.SH,ORIGINALUNIT,
2003/9/29,511010.SH,ORIGINALUNIT,
2003/9/30,511010.SH,ORIGINALUNIT,
2003/10/8,511010.SH,ORIGINALUNIT,
2003/10/9,511010.SH,ORIGINALUNIT,
2003/10/10,511010.SH,ORIGINALUNIT,
2003/10/13,511010.SH,ORIGINALUNIT,
2003/10/14,511010.SH,ORIGINALUNIT,
2003/10/15,511010.SH,ORIGINALUNIT,
2003/10/16,511010.SH,ORIGINALUNIT,
2003/10/17,511010.SH,ORIGINALUNIT,
2003/10/20,511010.SH,ORIGINALUNIT,
2003/10/21,511010.SH,ORIGINALUNIT,
2003/10/22,511010.SH,ORIGINALUNIT,
2003/10/23,511010.SH,ORIGINALUNIT,
2003/10/24,511010.SH,ORIGINALUNIT,
2003/10/27,511010.SH,ORIGINALUNIT,
2003/10/28,511010.SH,ORIGINALUNIT,
2003/10/29,511010.SH,ORIGINALUNIT,
2003/10/30,511010.SH,ORIGINALUNIT,
2003/10/31,511010.SH,ORIGINALUNIT,
2003/11/3,511010.SH,ORIGINALUNIT,
2003/11/4,511010.SH,ORIGINALUNIT,
2003/11/5,511010.SH,ORIGINALUNIT,
2003/11/6,511010.SH,ORIGINALUNIT,
2003/11/7,511010.SH,ORIGINALUNIT,
2003/11/10,511010.SH,ORIGINALUNIT,
2003/11/11,511010.SH,ORIGINALUNIT,
2003/11/12,511010.SH,ORIGINALUNIT,
2003/11/13,511010.SH,ORIGINALUNIT,
2003/11/14,511010.SH,ORIGINALUNIT,
2003/11/17,511010.SH,ORIGINALUNIT,
2003/11/18,511010.SH,ORIGINALUNIT,
2003/11/19,511010.SH,ORIGINALUNIT,
2003/11/20,511010.SH,ORIGINALUNIT,
2003/11/21,511010.SH,ORIGINALUNIT,
2003/11/24,511010.SH,ORIGINALUNIT,
2003/11/25,511010.SH,ORIGINALUNIT,
2003/11/26,511010.SH,ORIGINALUNIT,
2003/11/27,511010.SH,ORIGINALUNIT,
2003/11/28,511010.SH,ORIGINALUNIT,
2003/12/1,511010.SH,ORIGINALUNIT,
2003/12/2,511010.SH,ORIGINALUNIT,
2003/12/3,511010.SH,ORIGINALUNIT,
2003/12/4,511010.SH,ORIGINALUNIT,
2003/12/5,511010.SH,ORIGINALUNIT,
2003/12/8,511010.SH,ORIGINALUNIT,
2003/12/9,511010.SH,ORIGINALUNIT,
2003/12/10,511010.SH,ORIGINALUNIT,
2003/12/11,511010.SH,ORIGINALUNIT,
2003/12/12,511010.SH,ORIGINALUNIT,
2003/12/15,511010.SH,ORIGINALUNIT,
2003/12/16,511010.SH,ORIGINALUNIT,
2003/12/17,511010.SH,ORIGINALUNIT,
2003/12/18,511010.SH,ORIGINALUNIT,
2003/12/19,511010.SH,ORIGINALUNIT,
2003/12/22,511010.SH,ORIGINALUNIT,
2003/12/23,511010.SH,ORIGINALUNIT,
2003/12/24,511010.SH,ORIGINALUNIT,
2003/12/25,511010.SH,ORIGINALUNIT,
2003/12/26,511010.SH,ORIGINALUNIT,
2003/12/29,511010.SH,ORIGINALUNIT,
2003/12/30,511010.SH,ORIGINALUNIT,
2003/12/31,511010.SH,ORIGINALUNIT,
2004/1/2,511010.SH,ORIGINALUNIT,
2004/1/5,511010.SH,ORIGINALUNIT,
2004/1/6,511010.SH,ORIGINALUNIT,
2004/1/7,511010.SH,ORIGINALUNIT,
2004/1/8,511010.SH,ORIGINALUNIT,
2004/1/9,511010.SH,ORIGINALUNIT,
2004/1/12,511010.SH,ORIGINALUNIT,
2004/1/13,511010.SH,ORIGINALUNIT,
2004/1/14,511010.SH,ORIGINALUNIT,
2004/1/15,511010.SH,ORIGINALUNIT,
2004/1/16,511010.SH,ORIGINALUNIT,
2004/1/29,511010.SH,ORIGINALUNIT,
2004/1/30,511010.SH,ORIGINALUNIT,
2004/2/2,511010.SH,ORIGINALUNIT,
2004/2/3,511010.SH,ORIGINALUNIT,
2004/2/4,511010.SH,ORIGINALUNIT,
2004/2/5,511010.SH,ORIGINALUNIT,
2004/2/6,511010.SH,ORIGINALUNIT,
2004/2/9,511010.SH,ORIGINALUNIT,
2004/2/10,511010.SH,ORIGINALUNIT,
2004/2/11,511010.SH,ORIGINALUNIT,
2004/2/12,511010.SH,ORIGINALUNIT,
2004/2/13,511010.SH,ORIGINALUNIT,
2004/2/16,511010.SH,ORIGINALUNIT,
2004/2/17,511010.SH,ORIGINALUNIT,
2004/2/18,511010.SH,ORIGINALUNIT,
2004/2/19,511010.SH,ORIGINALUNIT,
2004/2/20,511010.SH,ORIGINALUNIT,
2004/2/23,511010.SH,ORIGINALUNIT,
2004/2/24,511010.SH,ORIGINALUNIT,
2004/2/25,511010.SH,ORIGINALUNIT,
2004/2/26,511010.SH,ORIGINALUNIT,
2004/2/27,511010.SH,ORIGINALUNIT,
2004/3/1,511010.SH,ORIGINALUNIT,
2004/3/2,511010.SH,ORIGINALUNIT,
2004/3/3,511010.SH,ORIGINALUNIT,
2004/3/4,511010.SH,ORIGINALUNIT,
2004/3/5,511010.SH,ORIGINALUNIT,
2004/3/8,511010.SH,ORIGINALUNIT,
2004/3/9,511010.SH,ORIGINALUNIT,
2004/3/10,511010.SH,ORIGINALUNIT,
2004/3/11,511010.SH,ORIGINALUNIT,
2004/3/12,511010.SH,ORIGINALUNIT,
2004/3/15,511010.SH,ORIGINALUNIT,
2004/3/16,511010.SH,ORIGINALUNIT,
2004/3/17,511010.SH,ORIGINALUNIT,
2004/3/18,511010.SH,ORIGINALUNIT,
2004/3/19,511010.SH,ORIGINALUNIT,
2004/3/22,511010.SH,ORIGINALUNIT,
2004/3/23,511010.SH,ORIGINALUNIT,
2004/3/24,511010.SH,ORIGINALUNIT,
2004/3/25,511010.SH,ORIGINALUNIT,
2004/3/26,511010.SH,ORIGINALUNIT,
2004/3/29,511010.SH,ORIGINALUNIT,
2004/3/30,511010.SH,ORIGINALUNIT,
2004/3/31,511010.SH,ORIGINALUNIT,
2004/4/1,511010.SH,ORIGINALUNIT,
2004/4/2,511010.SH,ORIGINALUNIT,
2004/4/5,511010.SH,ORIGINALUNIT,
2004/4/6,511010.SH,ORIGINALUNIT,
2004/4/7,511010.SH,ORIGINALUNIT,
2004/4/8,511010.SH,ORIGINALUNIT,
2004/4/9,511010.SH,ORIGINALUNIT,
2004/4/12,511010.SH,ORIGINALUNIT,
2004/4/13,511010.SH,ORIGINALUNIT,
2004/4/14,511010.SH,ORIGINALUNIT,
2004/4/15,511010.SH,ORIGINALUNIT,
2004/4/16,511010.SH,ORIGINALUNIT,
2004/4/19,511010.SH,ORIGINALUNIT,
2004/4/20,511010.SH,ORIGINALUNIT,
2004/4/21,511010.SH,ORIGINALUNIT,
2004/4/22,511010.SH,ORIGINALUNIT,
2004/4/23,511010.SH,ORIGINALUNIT,
2004/4/26,511010.SH,ORIGINALUNIT,
2004/4/27,511010.SH,ORIGINALUNIT,
2004/4/28,511010.SH,ORIGINALUNIT,
2004/4/29,511010.SH,ORIGINALUNIT,
2004/4/30,511010.SH,ORIGINALUNIT,
2004/5/10,511010.SH,ORIGINALUNIT,
2004/5/11,511010.SH,ORIGINALUNIT,
2004/5/12,511010.SH,ORIGINALUNIT,
2004/5/13,511010.SH,ORIGINALUNIT,
2004/5/14,511010.SH,ORIGINALUNIT,
2004/5/17,511010.SH,ORIGINALUNIT,
2004/5/18,511010.SH,ORIGINALUNIT,
2004/5/19,511010.SH,ORIGINALUNIT,
2004/5/20,511010.SH,ORIGINALUNIT,
2004/5/21,511010.SH,ORIGINALUNIT,
2004/5/24,511010.SH,ORIGINALUNIT,
2004/5/25,511010.SH,ORIGINALUNIT,
2004/5/26,511010.SH,ORIGINALUNIT,
2004/5/27,511010.SH,ORIGINALUNIT,
2004/5/28,511010.SH,ORIGINALUNIT,
2004/5/31,511010.SH,ORIGINALUNIT,
2004/6/1,511010.SH,ORIGINALUNIT,
2004/6/2,511010.SH,ORIGINALUNIT,
2004/6/3,511010.SH,ORIGINALUNIT,
2004/6/4,511010.SH,ORIGINALUNIT,
2004/6/7,511010.SH,ORIGINALUNIT,
2004/6/8,511010.SH,ORIGINALUNIT,
2004/6/9,511010.SH,ORIGINALUNIT,
2004/6/10,511010.SH,ORIGINALUNIT,
2004/6/11,511010.SH,ORIGINALUNIT,
2004/6/14,511010.SH,ORIGINALUNIT,
2004/6/15,511010.SH,ORIGINALUNIT,
2004/6/16,511010.SH,ORIGINALUNIT,
2004/6/17,511010.SH,ORIGINALUNIT,
2004/6/18,511010.SH,ORIGINALUNIT,
2004/6/21,511010.SH,ORIGINALUNIT,
2004/6/22,511010.SH,ORIGINALUNIT,
2004/6/23,511010.SH,ORIGINALUNIT,
2004/6/24,511010.SH,ORIGINALUNIT,
2004/6/25,511010.SH,ORIGINALUNIT,
2004/6/28,511010.SH,ORIGINALUNIT,
2004/6/29,511010.SH,ORIGINALUNIT,
2004/6/30,511010.SH,ORIGINALUNIT,
2004/7/1,511010.SH,ORIGINALUNIT,
2004/7/2,511010.SH,ORIGINALUNIT,
2004/7/5,511010.SH,ORIGINALUNIT,
2004/7/6,511010.SH,ORIGINALUNIT,
2004/7/7,511010.SH,ORIGINALUNIT,
2004/7/8,511010.SH,ORIGINALUNIT,
2004/7/9,511010.SH,ORIGINALUNIT,
2004/7/12,511010.SH,ORIGINALUNIT,
2004/7/13,511010.SH,ORIGINALUNIT,
2004/7/14,511010.SH,ORIGINALUNIT,
2004/7/15,511010.SH,ORIGINALUNIT,
2004/7/16,511010.SH,ORIGINALUNIT,
2004/7/19,511010.SH,ORIGINALUNIT,
2004/7/20,511010.SH,ORIGINALUNIT,
2004/7/21,511010.SH,ORIGINALUNIT,
2004/7/22,511010.SH,ORIGINALUNIT,
2004/7/23,511010.SH,ORIGINALUNIT,
2004/7/26,511010.SH,ORIGINALUNIT,
2004/7/27,511010.SH,ORIGINALUNIT,
2004/7/28,511010.SH,ORIGINALUNIT,
2004/7/29,511010.SH,ORIGINALUNIT,
2004/7/30,511010.SH,ORIGINALUNIT,
2004/8/2,511010.SH,ORIGINALUNIT,
2004/8/3,511010.SH,ORIGINALUNIT,
2004/8/4,511010.SH,ORIGINALUNIT,
2004/8/5,511010.SH,ORIGINALUNIT,
2004/8/6,511010.SH,ORIGINALUNIT,
2004/8/9,511010.SH,ORIGINALUNIT,
2004/8/10,511010.SH,ORIGINALUNIT,
2004/8/11,511010.SH,ORIGINALUNIT,
2004/8/12,511010.SH,ORIGINALUNIT,
2004/8/13,511010.SH,ORIGINALUNIT,
2004/8/16,511010.SH,ORIGINALUNIT,
2004/8/17,511010.SH,ORIGINALUNIT,
2004/8/18,511010.SH,ORIGINALUNIT,
2004/8/19,511010.SH,ORIGINALUNIT,
2004/8/20,511010.SH,ORIGINALUNIT,
2004/8/23,511010.SH,ORIGINALUNIT,
2004/8/24,511010.SH,ORIGINALUNIT,
2004/8/25,511010.SH,ORIGINALUNIT,
2004/8/26,511010.SH,ORIGINALUNIT,
2004/8/27,511010.SH,ORIGINALUNIT,
2004/8/30,511010.SH,ORIGINALUNIT,
2004/8/31,511010.SH,ORIGINALUNIT,
2004/9/1,511010.SH,ORIGINALUNIT,
2004/9/2,511010.SH,ORIGINALUNIT,
2004/9/3,511010.SH,ORIGINALUNIT,
2004/9/6,511010.SH,ORIGINALUNIT,
2004/9/7,511010.SH,ORIGINALUNIT,
2004/9/8,511010.SH,ORIGINALUNIT,
2004/9/9,511010.SH,ORIGINALUNIT,
2004/9/10,511010.SH,ORIGINALUNIT,
2004/9/13,511010.SH,ORIGINALUNIT,
2004/9/14,511010.SH,ORIGINALUNIT,
2004/9/15,511010.SH,ORIGINALUNIT,
2004/9/16,511010.SH,ORIGINALUNIT,
2004/9/17,511010.SH,ORIGINALUNIT,
2004/9/20,511010.SH,ORIGINALUNIT,
2004/9/21,511010.SH,ORIGINALUNIT,
2004/9/22,511010.SH,ORIGINALUNIT,
2004/9/23,511010.SH,ORIGINALUNIT,
2004/9/24,511010.SH,ORIGINALUNIT,
2004/9/27,511010.SH,ORIGINALUNIT,
2004/9/28,511010.SH,ORIGINALUNIT,
2004/9/29,511010.SH,ORIGINALUNIT,
2004/9/30,511010.SH,ORIGINALUNIT,
2004/10/8,511010.SH,ORIGINALUNIT,
2004/10/11,511010.SH,ORIGINALUNIT,
2004/10/12,511010.SH,ORIGINALUNIT,
2004/10/13,511010.SH,ORIGINALUNIT,
2004/10/14,511010.SH,ORIGINALUNIT,
2004/10/15,511010.SH,ORIGINALUNIT,
2004/10/18,511010.SH,ORIGINALUNIT,
2004/10/19,511010.SH,ORIGINALUNIT,
2004/10/20,511010.SH,ORIGINALUNIT,
2004/10/21,511010.SH,ORIGINALUNIT,
2004/10/22,511010.SH,ORIGINALUNIT,
2004/10/25,511010.SH,ORIGINALUNIT,
2004/10/26,511010.SH,ORIGINALUNIT,
2004/10/27,511010.SH,ORIGINALUNIT,
2004/10/28,511010.SH,ORIGINALUNIT,
2004/10/29,511010.SH,ORIGINALUNIT,
2004/11/1,511010.SH,ORIGINALUNIT,
2004/11/2,511010.SH,ORIGINALUNIT,
2004/11/3,511010.SH,ORIGINALUNIT,
2004/11/4,511010.SH,ORIGINALUNIT,
2004/11/5,511010.SH,ORIGINALUNIT,
2004/11/8,511010.SH,ORIGINALUNIT,
2004/11/9,511010.SH,ORIGINALUNIT,
2004/11/10,511010.SH,ORIGINALUNIT,
2004/11/11,511010.SH,ORIGINALUNIT,
2004/11/12,511010.SH,ORIGINALUNIT,
2004/11/15,511010.SH,ORIGINALUNIT,
2004/11/16,511010.SH,ORIGINALUNIT,
2004/11/17,511010.SH,ORIGINALUNIT,
2004/11/18,511010.SH,ORIGINALUNIT,
2004/11/19,511010.SH,ORIGINALUNIT,
2004/11/22,511010.SH,ORIGINALUNIT,
2004/11/23,511010.SH,ORIGINALUNIT,
2004/11/24,511010.SH,ORIGINALUNIT,
2004/11/25,511010.SH,ORIGINALUNIT,
2004/11/26,511010.SH,ORIGINALUNIT,
2004/11/29,511010.SH,ORIGINALUNIT,
2004/11/30,511010.SH,ORIGINALUNIT,
2004/12/1,511010.SH,ORIGINALUNIT,
2004/12/2,511010.SH,ORIGINALUNIT,
2004/12/3,511010.SH,ORIGINALUNIT,
2004/12/6,511010.SH,ORIGINALUNIT,
2004/12/7,511010.SH,ORIGINALUNIT,
2004/12/8,511010.SH,ORIGINALUNIT,
2004/12/9,511010.SH,ORIGINALUNIT,
2004/12/10,511010.SH,ORIGINALUNIT,
2004/12/13,511010.SH,ORIGINALUNIT,
2004/12/14,511010.SH,ORIGINALUNIT,
2004/12/15,511010.SH,ORIGINALUNIT,
2004/12/16,511010.SH,ORIGINALUNIT,
2004/12/17,511010.SH,ORIGINALUNIT,
2004/12/20,511010.SH,ORIGINALUNIT,
2004/12/21,511010.SH,ORIGINALUNIT,
2004/12/22,511010.SH,ORIGINALUNIT,
2004/12/23,511010.SH,ORIGINALUNIT,
2004/12/24,511010.SH,ORIGINALUNIT,
2004/12/27,511010.SH,ORIGINALUNIT,
2004/12/28,511010.SH,ORIGINALUNIT,
2004/12/29,511010.SH,ORIGINALUNIT,
2004/12/30,511010.SH,ORIGINALUNIT,
2004/12/31,511010.SH,ORIGINALUNIT,
2005/1/4,511010.SH,ORIGINALUNIT,
2005/1/5,511010.SH,ORIGINALUNIT,
2005/1/6,511010.SH,ORIGINALUNIT,
2005/1/7,511010.SH,ORIGINALUNIT,
2005/1/10,511010.SH,ORIGINALUNIT,
2005/1/11,511010.SH,ORIGINALUNIT,
2005/1/12,511010.SH,ORIGINALUNIT,
2005/1/13,511010.SH,ORIGINALUNIT,
2005/1/14,511010.SH,ORIGINALUNIT,
2005/1/17,511010.SH,ORIGINALUNIT,
2005/1/18,511010.SH,ORIGINALUNIT,
2005/1/19,511010.SH,ORIGINALUNIT,
2005/1/20,511010.SH,ORIGINALUNIT,
2005/1/21,511010.SH,ORIGINALUNIT,
2005/1/24,511010.SH,ORIGINALUNIT,
2005/1/25,511010.SH,ORIGINALUNIT,
2005/1/26,511010.SH,ORIGINALUNIT,
2005/1/27,511010.SH,ORIGINALUNIT,
2005/1/28,511010.SH,ORIGINALUNIT,
2005/1/31,511010.SH,ORIGINALUNIT,
2005/2/1,511010.SH,ORIGINALUNIT,
2005/2/2,511010.SH,ORIGINALUNIT,
2005/2/3,511010.SH,ORIGINALUNIT,
2005/2/4,511010.SH,ORIGINALUNIT,
2005/2/16,511010.SH,ORIGINALUNIT,
2005/2/17,511010.SH,ORIGINALUNIT,
2005/2/18,511010.SH,ORIGINALUNIT,
2005/2/21,511010.SH,ORIGINALUNIT,
2005/2/22,511010.SH,ORIGINALUNIT,
2005/2/23,511010.SH,ORIGINALUNIT,
2005/2/24,511010.SH,ORIGINALUNIT,
2005/2/25,511010.SH,ORIGINALUNIT,
2005/2/28,511010.SH,ORIGINALUNIT,
2005/3/1,511010.SH,ORIGINALUNIT,
2005/3/2,511010.SH,ORIGINALUNIT,
2005/3/3,511010.SH,ORIGINALUNIT,
2005/3/4,511010.SH,ORIGINALUNIT,
2005/3/7,511010.SH,ORIGINALUNIT,
2005/3/8,511010.SH,ORIGINALUNIT,
2005/3/9,511010.SH,ORIGINALUNIT,
2005/3/10,511010.SH,ORIGINALUNIT,
2005/3/11,511010.SH,ORIGINALUNIT,
2005/3/14,511010.SH,ORIGINALUNIT,
2005/3/15,511010.SH,ORIGINALUNIT,
2005/3/16,511010.SH,ORIGINALUNIT,
2005/3/17,511010.SH,ORIGINALUNIT,
2005/3/18,511010.SH,ORIGINALUNIT,
2005/3/21,511010.SH,ORIGINALUNIT,
2005/3/22,511010.SH,ORIGINALUNIT,
2005/3/23,511010.SH,ORIGINALUNIT,
2005/3/24,511010.SH,ORIGINALUNIT,
2005/3/25,511010.SH,ORIGINALUNIT,
2005/3/28,511010.SH,ORIGINALUNIT,
2005/3/29,511010.SH,ORIGINALUNIT,
2005/3/30,511010.SH,ORIGINALUNIT,
2005/3/31,511010.SH,ORIGINALUNIT,
2005/4/1,511010.SH,ORIGINALUNIT,
2005/4/4,511010.SH,ORIGINALUNIT,
2005/4/5,511010.SH,ORIGINALUNIT,
2005/4/6,511010.SH,ORIGINALUNIT,
2005/4/7,511010.SH,ORIGINALUNIT,
2005/4/8,511010.SH,ORIGINALUNIT,
2005/4/11,511010.SH,ORIGINALUNIT,
2005/4/12,511010.SH,ORIGINALUNIT,
2005/4/13,511010.SH,ORIGINALUNIT,
2005/4/14,511010.SH,ORIGINALUNIT,
2005/4/15,511010.SH,ORIGINALUNIT,
2005/4/18,511010.SH,ORIGINALUNIT,
2005/4/19,511010.SH,ORIGINALUNIT,
2005/4/20,511010.SH,ORIGINALUNIT,
2005/4/21,511010.SH,ORIGINALUNIT,
2005/4/22,511010.SH,ORIGINALUNIT,
2005/4/25,511010.SH,ORIGINALUNIT,
2005/4/26,511010.SH,ORIGINALUNIT,
2005/4/27,511010.SH,ORIGINALUNIT,
2005/4/28,511010.SH,ORIGINALUNIT,
2005/4/29,511010.SH,ORIGINALUNIT,
2005/5/9,511010.SH,ORIGINALUNIT,
2005/5/10,511010.SH,ORIGINALUNIT,
2005/5/11,511010.SH,ORIGINALUNIT,
2005/5/12,511010.SH,ORIGINALUNIT,
2005/5/13,511010.SH,ORIGINALUNIT,
2005/5/16,511010.SH,ORIGINALUNIT,
2005/5/17,511010.SH,ORIGINALUNIT,
2005/5/18,511010.SH,ORIGINALUNIT,
2005/5/19,511010.SH,ORIGINALUNIT,
2005/5/20,511010.SH,ORIGINALUNIT,
2005/5/23,511010.SH,ORIGINALUNIT,
2005/5/24,511010.SH,ORIGINALUNIT,
2005/5/25,511010.SH,ORIGINALUNIT,
2005/5/26,511010.SH,ORIGINALUNIT,
2005/5/27,511010.SH,ORIGINALUNIT,
2005/5/30,511010.SH,ORIGINALUNIT,
2005/5/31,511010.SH,ORIGINALUNIT,
2005/6/1,511010.SH,ORIGINALUNIT,
2005/6/2,511010.SH,ORIGINALUNIT,
2005/6/3,511010.SH,ORIGINALUNIT,
2005/6/6,511010.SH,ORIGINALUNIT,
2005/6/7,511010.SH,ORIGINALUNIT,
2005/6/8,511010.SH,ORIGINALUNIT,
2005/6/9,511010.SH,ORIGINALUNIT,
2005/6/10,511010.SH,ORIGINALUNIT,
2005/6/13,511010.SH,ORIGINALUNIT,
2005/6/14,511010.SH,ORIGINALUNIT,
2005/6/15,511010.SH,ORIGINALUNIT,
2005/6/16,511010.SH,ORIGINALUNIT,
2005/6/17,511010.SH,ORIGINALUNIT,
2005/6/20,511010.SH,ORIGINALUNIT,
2005/6/21,511010.SH,ORIGINALUNIT,
2005/6/22,511010.SH,ORIGINALUNIT,
2005/6/23,511010.SH,ORIGINALUNIT,
2005/6/24,511010.SH,ORIGINALUNIT,
2005/6/27,511010.SH,ORIGINALUNIT,
2005/6/28,511010.SH,ORIGINALUNIT,
2005/6/29,511010.SH,ORIGINALUNIT,
2005/6/30,511010.SH,ORIGINALUNIT,
2005/7/1,511010.SH,ORIGINALUNIT,
2005/7/4,511010.SH,ORIGINALUNIT,
2005/7/5,511010.SH,ORIGINALUNIT,
2005/7/6,511010.SH,ORIGINALUNIT,
2005/7/7,511010.SH,ORIGINALUNIT,
2005/7/8,511010.SH,ORIGINALUNIT,
2005/7/11,511010.SH,ORIGINALUNIT,
2005/7/12,511010.SH,ORIGINALUNIT,
2005/7/13,511010.SH,ORIGINALUNIT,
2005/7/14,511010.SH,ORIGINALUNIT,
2005/7/15,511010.SH,ORIGINALUNIT,
2005/7/18,511010.SH,ORIGINALUNIT,
2005/7/19,511010.SH,ORIGINALUNIT,
2005/7/20,511010.SH,ORIGINALUNIT,
2005/7/21,511010.SH,ORIGINALUNIT,
2005/7/22,511010.SH,ORIGINALUNIT,
2005/7/25,511010.SH,ORIGINALUNIT,
2005/7/26,511010.SH,ORIGINALUNIT,
2005/7/27,511010.SH,ORIGINALUNIT,
2005/7/28,511010.SH,ORIGINALUNIT,
2005/7/29,511010.SH,ORIGINALUNIT,
2005/8/1,511010.SH,ORIGINALUNIT,
2005/8/2,511010.SH,ORIGINALUNIT,
2005/8/3,511010.SH,ORIGINALUNIT,
2005/8/4,511010.SH,ORIGINALUNIT,
2005/8/5,511010.SH,ORIGINALUNIT,
2005/8/8,511010.SH,ORIGINALUNIT,
2005/8/9,511010.SH,ORIGINALUNIT,
2005/8/10,511010.SH,ORIGINALUNIT,
2005/8/11,511010.SH,ORIGINALUNIT,
2005/8/12,511010.SH,ORIGINALUNIT,
2005/8/15,511010.SH,ORIGINALUNIT,
2005/8/16,511010.SH,ORIGINALUNIT,
2005/8/17,511010.SH,ORIGINALUNIT,
2005/8/18,511010.SH,ORIGINALUNIT,
2005/8/19,511010.SH,ORIGINALUNIT,
2005/8/22,511010.SH,ORIGINALUNIT,
2005/8/23,511010.SH,ORIGINALUNIT,
2005/8/24,511010.SH,ORIGINALUNIT,
2005/8/25,511010.SH,ORIGINALUNIT,
2005/8/26,511010.SH,ORIGINALUNIT,
2005/8/29,511010.SH,ORIGINALUNIT,
2005/8/30,511010.SH,ORIGINALUNIT,
2005/8/31,511010.SH,ORIGINALUNIT,
2005/9/1,511010.SH,ORIGINALUNIT,
2005/9/2,511010.SH,ORIGINALUNIT,
2005/9/5,511010.SH,ORIGINALUNIT,
2005/9/6,511010.SH,ORIGINALUNIT,
2005/9/7,511010.SH,ORIGINALUNIT,
2005/9/8,511010.SH,ORIGINALUNIT,
2005/9/9,511010.SH,ORIGINALUNIT,
2005/9/12,511010.SH,ORIGINALUNIT,
2005/9/13,511010.SH,ORIGINALUNIT,
2005/9/14,511010.SH,ORIGINALUNIT,
2005/9/15,511010.SH,ORIGINALUNIT,
2005/9/16,511010.SH,ORIGINALUNIT,
2005/9/19,511010.SH,ORIGINALUNIT,
2005/9/20,511010.SH,ORIGINALUNIT,
2005/9/21,511010.SH,ORIGINALUNIT,
2005/9/22,511010.SH,ORIGINALUNIT,
2005/9/23,511010.SH,ORIGINALUNIT,
2005/9/26,511010.SH,ORIGINALUNIT,
2005/9/27,511010.SH,ORIGINALUNIT,
2005/9/28,511010.SH,ORIGINALUNIT,
2005/9/29,511010.SH,ORIGINALUNIT,
2005/9/30,511010.SH,ORIGINALUNIT,
2005/10/10,511010.SH,ORIGINALUNIT,
2005/10/11,511010.SH,ORIGINALUNIT,
2005/10/12,511010.SH,ORIGINALUNIT,
2005/10/13,511010.SH,ORIGINALUNIT,
2005/10/14,511010.SH,ORIGINALUNIT,
2005/10/17,511010.SH,ORIGINALUNIT,
2005/10/18,511010.SH,ORIGINALUNIT,
2005/10/19,511010.SH,ORIGINALUNIT,
2005/10/20,511010.SH,ORIGINALUNIT,
2005/10/21,511010.SH,ORIGINALUNIT,
2005/10/24,511010.SH,ORIGINALUNIT,
2005/10/25,511010.SH,ORIGINALUNIT,
2005/10/26,511010.SH,ORIGINALUNIT,
2005/10/27,511010.SH,ORIGINALUNIT,
2005/10/28,511010.SH,ORIGINALUNIT,
2005/10/31,511010.SH,ORIGINALUNIT,
2005/11/1,511010.SH,ORIGINALUNIT,
2005/11/2,511010.SH,ORIGINALUNIT,
2005/11/3,511010.SH,ORIGINALUNIT,
2005/11/4,511010.SH,ORIGINALUNIT,
2005/11/7,511010.SH,ORIGINALUNIT,
2005/11/8,511010.SH,ORIGINALUNIT,
2005/11/9,511010.SH,ORIGINALUNIT,
2005/11/10,511010.SH,ORIGINALUNIT,
2005/11/11,511010.SH,ORIGINALUNIT,
2005/11/14,511010.SH,ORIGINALUNIT,
2005/11/15,511010.SH,ORIGINALUNIT,
2005/11/16,511010.SH,ORIGINALUNIT,
2005/11/17,511010.SH,ORIGINALUNIT,
2005/11/18,511010.SH,ORIGINALUNIT,
2005/11/21,511010.SH,ORIGINALUNIT,
2005/11/22,511010.SH,ORIGINALUNIT,
2005/11/23,511010.SH,ORIGINALUNIT,
2005/11/24,511010.SH,ORIGINALUNIT,
2005/11/25,511010.SH,ORIGINALUNIT,
2005/11/28,511010.SH,ORIGINALUNIT,
2005/11/29,511010.SH,ORIGINALUNIT,
2005/11/30,511010.SH,ORIGINALUNIT,
2005/12/1,511010.SH,ORIGINALUNIT,
2005/12/2,511010.SH,ORIGINALUNIT,
2005/12/5,511010.SH,ORIGINALUNIT,
2005/12/6,511010.SH,ORIGINALUNIT,
2005/12/7,511010.SH,ORIGINALUNIT,
2005/12/8,511010.SH,ORIGINALUNIT,
2005/12/9,511010.SH,ORIGINALUNIT,
2005/12/12,511010.SH,ORIGINALUNIT,
2005/12/13,511010.SH,ORIGINALUNIT,
2005/12/14,511010.SH,ORIGINALUNIT,
2005/12/15,511010.SH,ORIGINALUNIT,
2005/12/16,511010.SH,ORIGINALUNIT,
2005/12/19,511010.SH,ORIGINALUNIT,
2005/12/20,511010.SH,ORIGINALUNIT,
2005/12/21,511010.SH,ORIGINALUNIT,
2005/12/22,511010.SH,ORIGINALUNIT,
2005/12/23,511010.SH,ORIGINALUNIT,
2005/12/26,511010.SH,ORIGINALUNIT,
2005/12/27,511010.SH,ORIGINALUNIT,
2005/12/28,511010.SH,ORIGINALUNIT,
2005/12/29,511010.SH,ORIGINALUNIT,
2005/12/30,511010.SH,ORIGINALUNIT,
2006/1/4,511010.SH,ORIGINALUNIT,
2006/1/5,511010.SH,ORIGINALUNIT,
2006/1/6,511010.SH,ORIGINALUNIT,
2006/1/9,511010.SH,ORIGINALUNIT,
2006/1/10,511010.SH,ORIGINALUNIT,
2006/1/11,511010.SH,ORIGINALUNIT,
2006/1/12,511010.SH,ORIGINALUNIT,
2006/1/13,511010.SH,ORIGINALUNIT,
2006/1/16,511010.SH,ORIGINALUNIT,
2006/1/17,511010.SH,ORIGINALUNIT,
2006/1/18,511010.SH,ORIGINALUNIT,
2006/1/19,511010.SH,ORIGINALUNIT,
2006/1/20,511010.SH,ORIGINALUNIT,
2006/1/23,511010.SH,ORIGINALUNIT,
2006/1/24,511010.SH,ORIGINALUNIT,
2006/1/25,511010.SH,ORIGINALUNIT,
2006/2/6,511010.SH,ORIGINALUNIT,
2006/2/7,511010.SH,ORIGINALUNIT,
2006/2/8,511010.SH,ORIGINALUNIT,
2006/2/9,511010.SH,ORIGINALUNIT,
2006/2/10,511010.SH,ORIGINALUNIT,
2006/2/13,511010.SH,ORIGINALUNIT,
2006/2/14,511010.SH,ORIGINALUNIT,
2006/2/15,511010.SH,ORIGINALUNIT,
2006/2/16,511010.SH,ORIGINALUNIT,
2006/2/17,511010.SH,ORIGINALUNIT,
2006/2/20,511010.SH,ORIGINALUNIT,
2006/2/21,511010.SH,ORIGINALUNIT,
2006/2/22,511010.SH,ORIGINALUNIT,
2006/2/23,511010.SH,ORIGINALUNIT,
2006/2/24,511010.SH,ORIGINALUNIT,
2006/2/27,511010.SH,ORIGINALUNIT,
2006/2/28,511010.SH,ORIGINALUNIT,
2006/3/1,511010.SH,ORIGINALUNIT,
2006/3/2,511010.SH,ORIGINALUNIT,
2006/3/3,511010.SH,ORIGINALUNIT,
2006/3/6,511010.SH,ORIGINALUNIT,
2006/3/7,511010.SH,ORIGINALUNIT,
2006/3/8,511010.SH,ORIGINALUNIT,
2006/3/9,511010.SH,ORIGINALUNIT,
2006/3/10,511010.SH,ORIGINALUNIT,
2006/3/13,511010.SH,ORIGINALUNIT,
2006/3/14,511010.SH,ORIGINALUNIT,
2006/3/15,511010.SH,ORIGINALUNIT,
2006/3/16,511010.SH,ORIGINALUNIT,
2006/3/17,511010.SH,ORIGINALUNIT,
2006/3/20,511010.SH,ORIGINALUNIT,
2006/3/21,511010.SH,ORIGINALUNIT,
2006/3/22,511010.SH,ORIGINALUNIT,
2006/3/23,511010.SH,ORIGINALUNIT,
2006/3/24,511010.SH,ORIGINALUNIT,
2006/3/27,511010.SH,ORIGINALUNIT,
2006/3/28,511010.SH,ORIGINALUNIT,
2006/3/29,511010.SH,ORIGINALUNIT,
2006/3/30,511010.SH,ORIGINALUNIT,
2006/3/31,511010.SH,ORIGINALUNIT,
2006/4/3,511010.SH,ORIGINALUNIT,
2006/4/4,511010.SH,ORIGINALUNIT,
2006/4/5,511010.SH,ORIGINALUNIT,
2006/4/6,511010.SH,ORIGINALUNIT,
2006/4/7,511010.SH,ORIGINALUNIT,
2006/4/10,511010.SH,ORIGINALUNIT,
2006/4/11,511010.SH,ORIGINALUNIT,
2006/4/12,511010.SH,ORIGINALUNIT,
2006/4/13,511010.SH,ORIGINALUNIT,
2006/4/14,511010.SH,ORIGINALUNIT,
2006/4/17,511010.SH,ORIGINALUNIT,
2006/4/18,511010.SH,ORIGINALUNIT,
2006/4/19,511010.SH,ORIGINALUNIT,
2006/4/20,511010.SH,ORIGINALUNIT,
2006/4/21,511010.SH,ORIGINALUNIT,
2006/4/24,511010.SH,ORIGINALUNIT,
2006/4/25,511010.SH,ORIGINALUNIT,
2006/4/26,511010.SH,ORIGINALUNIT,
2006/4/27,511010.SH,ORIGINALUNIT,
2006/4/28,511010.SH,ORIGINALUNIT,
2006/5/8,511010.SH,ORIGINALUNIT,
2006/5/9,511010.SH,ORIGINALUNIT,
2006/5/10,511010.SH,ORIGINALUNIT,
2006/5/11,511010.SH,ORIGINALUNIT,
2006/5/12,511010.SH,ORIGINALUNIT,
2006/5/15,511010.SH,ORIGINALUNIT,
2006/5/16,511010.SH,ORIGINALUNIT,
2006/5/17,511010.SH,ORIGINALUNIT,
2006/5/18,511010.SH,ORIGINALUNIT,
2006/5/19,511010.SH,ORIGINALUNIT,
2006/5/22,511010.SH,ORIGINALUNIT,
2006/5/23,511010.SH,ORIGINALUNIT,
2006/5/24,511010.SH,ORIGINALUNIT,
2006/5/25,511010.SH,ORIGINALUNIT,
2006/5/26,511010.SH,ORIGINALUNIT,
2006/5/29,511010.SH,ORIGINALUNIT,
2006/5/30,511010.SH,ORIGINALUNIT,
2006/5/31,511010.SH,ORIGINALUNIT,
2006/6/1,511010.SH,ORIGINALUNIT,
2006/6/2,511010.SH,ORIGINALUNIT,
2006/6/5,511010.SH,ORIGINALUNIT,
2006/6/6,511010.SH,ORIGINALUNIT,
2006/6/7,511010.SH,ORIGINALUNIT,
2006/6/8,511010.SH,ORIGINALUNIT,
2006/6/9,511010.SH,ORIGINALUNIT,
2006/6/12,511010.SH,ORIGINALUNIT,
2006/6/13,511010.SH,ORIGINALUNIT,
2006/6/14,511010.SH,ORIGINALUNIT,
2006/6/15,511010.SH,ORIGINALUNIT,
2006/6/16,511010.SH,ORIGINALUNIT,
2006/6/19,511010.SH,ORIGINALUNIT,
2006/6/20,511010.SH,ORIGINALUNIT,
2006/6/21,511010.SH,ORIGINALUNIT,
2006/6/22,511010.SH,ORIGINALUNIT,
2006/6/23,511010.SH,ORIGINALUNIT,
2006/6/26,511010.SH,ORIGINALUNIT,
2006/6/27,511010.SH,ORIGINALUNIT,
2006/6/28,511010.SH,ORIGINALUNIT,
2006/6/29,511010.SH,ORIGINALUNIT,
2006/6/30,511010.SH,ORIGINALUNIT,
2006/7/3,511010.SH,ORIGINALUNIT,
2006/7/4,511010.SH,ORIGINALUNIT,
2006/7/5,511010.SH,ORIGINALUNIT,
2006/7/6,511010.SH,ORIGINALUNIT,
2006/7/7,511010.SH,ORIGINALUNIT,
2006/7/10,511010.SH,ORIGINALUNIT,
2006/7/11,511010.SH,ORIGINALUNIT,
2006/7/12,511010.SH,ORIGINALUNIT,
2006/7/13,511010.SH,ORIGINALUNIT,
2006/7/14,511010.SH,ORIGINALUNIT,
2006/7/17,511010.SH,ORIGINALUNIT,
2006/7/18,511010.SH,ORIGINALUNIT,
2006/7/19,511010.SH,ORIGINALUNIT,
2006/7/20,511010.SH,ORIGINALUNIT,
2006/7/21,511010.SH,ORIGINALUNIT,
2006/7/24,511010.SH,ORIGINALUNIT,
2006/7/25,511010.SH,ORIGINALUNIT,
2006/7/26,511010.SH,ORIGINALUNIT,
2006/7/27,511010.SH,ORIGINALUNIT,
2006/7/28,511010.SH,ORIGINALUNIT,
2006/7/31,511010.SH,ORIGINALUNIT,
2006/8/1,511010.SH,ORIGINALUNIT,
2006/8/2,511010.SH,ORIGINALUNIT,
2006/8/3,511010.SH,ORIGINALUNIT,
2006/8/4,511010.SH,ORIGINALUNIT,
2006/8/7,511010.SH,ORIGINALUNIT,
2006/8/8,511010.SH,ORIGINALUNIT,
2006/8/9,511010.SH,ORIGINALUNIT,
2006/8/10,511010.SH,ORIGINALUNIT,
2006/8/11,511010.SH,ORIGINALUNIT,
2006/8/14,511010.SH,ORIGINALUNIT,
2006/8/15,511010.SH,ORIGINALUNIT,
2006/8/16,511010.SH,ORIGINALUNIT,
2006/8/17,511010.SH,ORIGINALUNIT,
2006/8/18,511010.SH,ORIGINALUNIT,
2006/8/21,511010.SH,ORIGINALUNIT,
2006/8/22,511010.SH,ORIGINALUNIT,
2006/8/23,511010.SH,ORIGINALUNIT,
2006/8/24,511010.SH,ORIGINALUNIT,
2006/8/25,511010.SH,ORIGINALUNIT,
2006/8/28,511010.SH,ORIGINALUNIT,
2006/8/29,511010.SH,ORIGINALUNIT,
2006/8/30,511010.SH,ORIGINALUNIT,
2006/8/31,511010.SH,ORIGINALUNIT,
2006/9/1,511010.SH,ORIGINALUNIT,
2006/9/4,511010.SH,ORIGINALUNIT,
2006/9/5,511010.SH,ORIGINALUNIT,
2006/9/6,511010.SH,ORIGINALUNIT,
2006/9/7,511010.SH,ORIGINALUNIT,
2006/9/8,511010.SH,ORIGINALUNIT,
2006/9/11,511010.SH,ORIGINALUNIT,
2006/9/12,511010.SH,ORIGINALUNIT,
2006/9/13,511010.SH,ORIGINALUNIT,
2006/9/14,511010.SH,ORIGINALUNIT,
2006/9/15,511010.SH,ORIGINALUNIT,
2006/9/18,511010.SH,ORIGINALUNIT,
2006/9/19,511010.SH,ORIGINALUNIT,
2006/9/20,511010.SH,ORIGINALUNIT,
2006/9/21,511010.SH,ORIGINALUNIT,
2006/9/22,511010.SH,ORIGINALUNIT,
2006/9/25,511010.SH,ORIGINALUNIT,
2006/9/26,511010.SH,ORIGINALUNIT,
2006/9/27,511010.SH,ORIGINALUNIT,
2006/9/28,511010.SH,ORIGINALUNIT,
2006/9/29,511010.SH,ORIGINALUNIT,
2006/10/9,511010.SH,ORIGINALUNIT,
2006/10/10,511010.SH,ORIGINALUNIT,
2006/10/11,511010.SH,ORIGINALUNIT,
2006/10/12,511010.SH,ORIGINALUNIT,
2006/10/13,511010.SH,ORIGINALUNIT,
2006/10/16,511010.SH,ORIGINALUNIT,
2006/10/17,511010.SH,ORIGINALUNIT,
2006/10/18,511010.SH,ORIGINALUNIT,
2006/10/19,511010.SH,ORIGINALUNIT,
2006/10/20,511010.SH,ORIGINALUNIT,
2006/10/23,511010.SH,ORIGINALUNIT,
2006/10/24,511010.SH,ORIGINALUNIT,
2006/10/25,511010.SH,ORIGINALUNIT,
2006/10/26,511010.SH,ORIGINALUNIT,
2006/10/27,511010.SH,ORIGINALUNIT,
2006/10/30,511010.SH,ORIGINALUNIT,
2006/10/31,511010.SH,ORIGINALUNIT,
2006/11/1,511010.SH,ORIGINALUNIT,
2006/11/2,511010.SH,ORIGINALUNIT,
2006/11/3,511010.SH,ORIGINALUNIT,
2006/11/6,511010.SH,ORIGINALUNIT,
2006/11/7,511010.SH,ORIGINALUNIT,
2006/11/8,511010.SH,ORIGINALUNIT,
2006/11/9,511010.SH,ORIGINALUNIT,
2006/11/10,511010.SH,ORIGINALUNIT,
2006/11/13,511010.SH,ORIGINALUNIT,
2006/11/14,511010.SH,ORIGINALUNIT,
2006/11/15,511010.SH,ORIGINALUNIT,
2006/11/16,511010.SH,ORIGINALUNIT,
2006/11/17,511010.SH,ORIGINALUNIT,
2006/11/20,511010.SH,ORIGINALUNIT,
2006/11/21,511010.SH,ORIGINALUNIT,
2006/11/22,511010.SH,ORIGINALUNIT,
2006/11/23,511010.SH,ORIGINALUNIT,
2006/11/24,511010.SH,ORIGINALUNIT,
2006/11/27,511010.SH,ORIGINALUNIT,
2006/11/28,511010.SH,ORIGINALUNIT,
2006/11/29,511010.SH,ORIGINALUNIT,
2006/11/30,511010.SH,ORIGINALUNIT,
2006/12/1,511010.SH,ORIGINALUNIT,
2006/12/4,511010.SH,ORIGINALUNIT,
2006/12/5,511010.SH,ORIGINALUNIT,
2006/12/6,511010.SH,ORIGINALUNIT,
2006/12/7,511010.SH,ORIGINALUNIT,
2006/12/8,511010.SH,ORIGINALUNIT,
2006/12/11,511010.SH,ORIGINALUNIT,
2006/12/12,511010.SH,ORIGINALUNIT,
2006/12/13,511010.SH,ORIGINALUNIT,
2006/12/14,511010.SH,ORIGINALUNIT,
2006/12/15,511010.SH,ORIGINALUNIT,
2006/12/18,511010.SH,ORIGINALUNIT,
2006/12/19,511010.SH,ORIGINALUNIT,
2006/12/20,511010.SH,ORIGINALUNIT,
2006/12/21,511010.SH,ORIGINALUNIT,
2006/12/22,511010.SH,ORIGINALUNIT,
2006/12/25,511010.SH,ORIGINALUNIT,
2006/12/26,511010.SH,ORIGINALUNIT,
2006/12/27,511010.SH,ORIGINALUNIT,
2006/12/28,511010.SH,ORIGINALUNIT,
2006/12/29,511010.SH,ORIGINALUNIT,
2007/1/4,511010.SH,ORIGINALUNIT,
2007/1/5,511010.SH,ORIGINALUNIT,
2007/1/8,511010.SH,ORIGINALUNIT,
2007/1/9,511010.SH,ORIGINALUNIT,
2007/1/10,511010.SH,ORIGINALUNIT,
2007/1/11,511010.SH,ORIGINALUNIT,
2007/1/12,511010.SH,ORIGINALUNIT,
2007/1/15,511010.SH,ORIGINALUNIT,
2007/1/16,511010.SH,ORIGINALUNIT,
2007/1/17,511010.SH,ORIGINALUNIT,
2007/1/18,511010.SH,ORIGINALUNIT,
2007/1/19,511010.SH,ORIGINALUNIT,
2007/1/22,511010.SH,ORIGINALUNIT,
2007/1/23,511010.SH,ORIGINALUNIT,
2007/1/24,511010.SH,ORIGINALUNIT,
2007/1/25,511010.SH,ORIGINALUNIT,
2007/1/26,511010.SH,ORIGINALUNIT,
2007/1/29,511010.SH,ORIGINALUNIT,
2007/1/30,511010.SH,ORIGINALUNIT,
2007/1/31,511010.SH,ORIGINALUNIT,
2007/2/1,511010.SH,ORIGINALUNIT,
2007/2/2,511010.SH,ORIGINALUNIT,
2007/2/5,511010.SH,ORIGINALUNIT,
2007/2/6,511010.SH,ORIGINALUNIT,
2007/2/7,511010.SH,ORIGINALUNIT,
2007/2/8,511010.SH,ORIGINALUNIT,
2007/2/9,511010.SH,ORIGINALUNIT,
2007/2/12,511010.SH,ORIGINALUNIT,
2007/2/13,511010.SH,ORIGINALUNIT,
2007/2/14,511010.SH,ORIGINALUNIT,
2007/2/15,511010.SH,ORIGINALUNIT,
2007/2/16,511010.SH,ORIGINALUNIT,
2007/2/26,511010.SH,ORIGINALUNIT,
2007/2/27,511010.SH,ORIGINALUNIT,
2007/2/28,511010.SH,ORIGINALUNIT,
2007/3/1,511010.SH,ORIGINALUNIT,
2007/3/2,511010.SH,ORIGINALUNIT,
2007/3/5,511010.SH,ORIGINALUNIT,
2007/3/6,511010.SH,ORIGINALUNIT,
2007/3/7,511010.SH,ORIGINALUNIT,
2007/3/8,511010.SH,ORIGINALUNIT,
2007/3/9,511010.SH,ORIGINALUNIT,
2007/3/12,511010.SH,ORIGINALUNIT,
2007/3/13,511010.SH,ORIGINALUNIT,
2007/3/14,511010.SH,ORIGINALUNIT,
2007/3/15,511010.SH,ORIGINALUNIT,
2007/3/16,511010.SH,ORIGINALUNIT,
2007/3/19,511010.SH,ORIGINALUNIT,
2007/3/20,511010.SH,ORIGINALUNIT,
2007/3/21,511010.SH,ORIGINALUNIT,
2007/3/22,511010.SH,ORIGINALUNIT,
2007/3/23,511010.SH,ORIGINALUNIT,
2007/3/26,511010.SH,ORIGINALUNIT,
2007/3/27,511010.SH,ORIGINALUNIT,
2007/3/28,511010.SH,ORIGINALUNIT,
2007/3/29,511010.SH,ORIGINALUNIT,
2007/3/30,511010.SH,ORIGINALUNIT,
2007/4/2,511010.SH,ORIGINALUNIT,
2007/4/3,511010.SH,ORIGINALUNIT,
2007/4/4,511010.SH,ORIGINALUNIT,
2007/4/5,511010.SH,ORIGINALUNIT,
2007/4/6,511010.SH,ORIGINALUNIT,
2007/4/9,511010.SH,ORIGINALUNIT,
2007/4/10,511010.SH,ORIGINALUNIT,
2007/4/11,511010.SH,ORIGINALUNIT,
2007/4/12,511010.SH,ORIGINALUNIT,
2007/4/13,511010.SH,ORIGINALUNIT,
2007/4/16,511010.SH,ORIGINALUNIT,
2007/4/17,511010.SH,ORIGINALUNIT,
2007/4/18,511010.SH,ORIGINALUNIT,
2007/4/19,511010.SH,ORIGINALUNIT,
2007/4/20,511010.SH,ORIGINALUNIT,
2007/4/23,511010.SH,ORIGINALUNIT,
2007/4/24,511010.SH,ORIGINALUNIT,
2007/4/25,511010.SH,ORIGINALUNIT,
2007/4/26,511010.SH,ORIGINALUNIT,
2007/4/27,511010.SH,ORIGINALUNIT,
2007/4/30,511010.SH,ORIGINALUNIT,
2007/5/8,511010.SH,ORIGINALUNIT,
2007/5/9,511010.SH,ORIGINALUNIT,
2007/5/10,511010.SH,ORIGINALUNIT,
2007/5/11,511010.SH,ORIGINALUNIT,
2007/5/14,511010.SH,ORIGINALUNIT,
2007/5/15,511010.SH,ORIGINALUNIT,
2007/5/16,511010.SH,ORIGINALUNIT,
2007/5/17,511010.SH,ORIGINALUNIT,
2007/5/18,511010.SH,ORIGINALUNIT,
2007/5/21,511010.SH,ORIGINALUNIT,
2007/5/22,511010.SH,ORIGINALUNIT,
2007/5/23,511010.SH,ORIGINALUNIT,
2007/5/24,511010.SH,ORIGINALUNIT,
2007/5/25,511010.SH,ORIGINALUNIT,
2007/5/28,511010.SH,ORIGINALUNIT,
2007/5/29,511010.SH,ORIGINALUNIT,
2007/5/30,511010.SH,ORIGINALUNIT,
2007/5/31,511010.SH,ORIGINALUNIT,
2007/6/1,511010.SH,ORIGINALUNIT,
2007/6/4,511010.SH,ORIGINALUNIT,
2007/6/5,511010.SH,ORIGINALUNIT,
2007/6/6,511010.SH,ORIGINALUNIT,
2007/6/7,511010.SH,ORIGINALUNIT,
2007/6/8,511010.SH,ORIGINALUNIT,
2007/6/11,511010.SH,ORIGINALUNIT,
2007/6/12,511010.SH,ORIGINALUNIT,
2007/6/13,511010.SH,ORIGINALUNIT,
2007/6/14,511010.SH,ORIGINALUNIT,
2007/6/15,511010.SH,ORIGINALUNIT,
2007/6/18,511010.SH,ORIGINALUNIT,
2007/6/19,511010.SH,ORIGINALUNIT,
2007/6/20,511010.SH,ORIGINALUNIT,
2007/6/21,511010.SH,ORIGINALUNIT,
2007/6/22,511010.SH,ORIGINALUNIT,
2007/6/25,511010.SH,ORIGINALUNIT,
2007/6/26,511010.SH,ORIGINALUNIT,
2007/6/27,511010.SH,ORIGINALUNIT,
2007/6/28,511010.SH,ORIGINALUNIT,
2007/6/29,511010.SH,ORIGINALUNIT,
2007/7/2,511010.SH,ORIGINALUNIT,
2007/7/3,511010.SH,ORIGINALUNIT,
2007/7/4,511010.SH,ORIGINALUNIT,
2007/7/5,511010.SH,ORIGINALUNIT,
2007/7/6,511010.SH,ORIGINALUNIT,
2007/7/9,511010.SH,ORIGINALUNIT,
2007/7/10,511010.SH,ORIGINALUNIT,
2007/7/11,511010.SH,ORIGINALUNIT,
2007/7/12,511010.SH,ORIGINALUNIT,
2007/7/13,511010.SH,ORIGINALUNIT,
2007/7/16,511010.SH,ORIGINALUNIT,
2007/7/17,511010.SH,ORIGINALUNIT,
2007/7/18,511010.SH,ORIGINALUNIT,
2007/7/19,511010.SH,ORIGINALUNIT,
2007/7/20,511010.SH,ORIGINALUNIT,
2007/7/23,511010.SH,ORIGINALUNIT,
2007/7/24,511010.SH,ORIGINALUNIT,
2007/7/25,511010.SH,ORIGINALUNIT,
2007/7/26,511010.SH,ORIGINALUNIT,
2007/7/27,511010.SH,ORIGINALUNIT,
2007/7/30,511010.SH,ORIGINALUNIT,
2007/7/31,511010.SH,ORIGINALUNIT,
2007/8/1,511010.SH,ORIGINALUNIT,
2007/8/2,511010.SH,ORIGINALUNIT,
2007/8/3,511010.SH,ORIGINALUNIT,
2007/8/6,511010.SH,ORIGINALUNIT,
2007/8/7,511010.SH,ORIGINALUNIT,
2007/8/8,511010.SH,ORIGINALUNIT,
2007/8/9,511010.SH,ORIGINALUNIT,
2007/8/10,511010.SH,ORIGINALUNIT,
2007/8/13,511010.SH,ORIGINALUNIT,
2007/8/14,511010.SH,ORIGINALUNIT,
2007/8/15,511010.SH,ORIGINALUNIT,
2007/8/16,511010.SH,ORIGINALUNIT,
2007/8/17,511010.SH,ORIGINALUNIT,
2007/8/20,511010.SH,ORIGINALUNIT,
2007/8/21,511010.SH,ORIGINALUNIT,
2007/8/22,511010.SH,ORIGINALUNIT,
2007/8/23,511010.SH,ORIGINALUNIT,
2007/8/24,511010.SH,ORIGINALUNIT,
2007/8/27,511010.SH,ORIGINALUNIT,
2007/8/28,511010.SH,ORIGINALUNIT,
2007/8/29,511010.SH,ORIGINALUNIT,
2007/8/30,511010.SH,ORIGINALUNIT,
2007/8/31,511010.SH,ORIGINALUNIT,
2007/9/3,511010.SH,ORIGINALUNIT,
2007/9/4,511010.SH,ORIGINALUNIT,
2007/9/5,511010.SH,ORIGINALUNIT,
2007/9/6,511010.SH,ORIGINALUNIT,
2007/9/7,511010.SH,ORIGINALUNIT,
2007/9/10,511010.SH,ORIGINALUNIT,
2007/9/11,511010.SH,ORIGINALUNIT,
2007/9/12,511010.SH,ORIGINALUNIT,
2007/9/13,511010.SH,ORIGINALUNIT,
2007/9/14,511010.SH,ORIGINALUNIT,
2007/9/17,511010.SH,ORIGINALUNIT,
2007/9/18,511010.SH,ORIGINALUNIT,
2007/9/19,511010.SH,ORIGINALUNIT,
2007/9/20,511010.SH,ORIGINALUNIT,
2007/9/21,511010.SH,ORIGINALUNIT,
2007/9/24,511010.SH,ORIGINALUNIT,
2007/9/25,511010.SH,ORIGINALUNIT,
2007/9/26,511010.SH,ORIGINALUNIT,
2007/9/27,511010.SH,ORIGINALUNIT,
2007/9/28,511010.SH,ORIGINALUNIT,
2007/10/8,511010.SH,ORIGINALUNIT,
2007/10/9,511010.SH,ORIGINALUNIT,
2007/10/10,511010.SH,ORIGINALUNIT,
2007/10/11,511010.SH,ORIGINALUNIT,
2007/10/12,511010.SH,ORIGINALUNIT,
2007/10/15,511010.SH,ORIGINALUNIT,
2007/10/16,511010.SH,ORIGINALUNIT,
2007/10/17,511010.SH,ORIGINALUNIT,
2007/10/18,511010.SH,ORIGINALUNIT,
2007/10/19,511010.SH,ORIGINALUNIT,
2007/10/22,511010.SH,ORIGINALUNIT,
2007/10/23,511010.SH,ORIGINALUNIT,
2007/10/24,511010.SH,ORIGINALUNIT,
2007/10/25,511010.SH,ORIGINALUNIT,
2007/10/26,511010.SH,ORIGINALUNIT,
2007/10/29,511010.SH,ORIGINALUNIT,
2007/10/30,511010.SH,ORIGINALUNIT,
2007/10/31,511010.SH,ORIGINALUNIT,
2007/11/1,511010.SH,ORIGINALUNIT,
2007/11/2,511010.SH,ORIGINALUNIT,
2007/11/5,511010.SH,ORIGINALUNIT,
2007/11/6,511010.SH,ORIGINALUNIT,
2007/11/7,511010.SH,ORIGINALUNIT,
2007/11/8,511010.SH,ORIGINALUNIT,
2007/11/9,511010.SH,ORIGINALUNIT,
2007/11/12,511010.SH,ORIGINALUNIT,
2007/11/13,511010.SH,ORIGINALUNIT,
2007/11/14,511010.SH,ORIGINALUNIT,
2007/11/15,511010.SH,ORIGINALUNIT,
2007/11/16,511010.SH,ORIGINALUNIT,
2007/11/19,511010.SH,ORIGINALUNIT,
2007/11/20,511010.SH,ORIGINALUNIT,
2007/11/21,511010.SH,ORIGINALUNIT,
2007/11/22,511010.SH,ORIGINALUNIT,
2007/11/23,511010.SH,ORIGINALUNIT,
2007/11/26,511010.SH,ORIGINALUNIT,
2007/11/27,511010.SH,ORIGINALUNIT,
2007/11/28,511010.SH,ORIGINALUNIT,
2007/11/29,511010.SH,ORIGINALUNIT,
2007/11/30,511010.SH,ORIGINALUNIT,
2007/12/3,511010.SH,ORIGINALUNIT,
2007/12/4,511010.SH,ORIGINALUNIT,
2007/12/5,511010.SH,ORIGINALUNIT,
2007/12/6,511010.SH,ORIGINALUNIT,
2007/12/7,511010.SH,ORIGINALUNIT,
2007/12/10,511010.SH,ORIGINALUNIT,
2007/12/11,511010.SH,ORIGINALUNIT,
2007/12/12,511010.SH,ORIGINALUNIT,
2007/12/13,511010.SH,ORIGINALUNIT,
2007/12/14,511010.SH,ORIGINALUNIT,
2007/12/17,511010.SH,ORIGINALUNIT,
2007/12/18,511010.SH,ORIGINALUNIT,
2007/12/19,511010.SH,ORIGINALUNIT,
2007/12/20,511010.SH,ORIGINALUNIT,
2007/12/21,511010.SH,ORIGINALUNIT,
2007/12/24,511010.SH,ORIGINALUNIT,
2007/12/25,511010.SH,ORIGINALUNIT,
2007/12/26,511010.SH,ORIGINALUNIT,
2007/12/27,511010.SH,ORIGINALUNIT,
2007/12/28,511010.SH,ORIGINALUNIT,
2008/1/2,511010.SH,ORIGINALUNIT,
2008/1/3,511010.SH,ORIGINALUNIT,
2008/1/4,511010.SH,ORIGINALUNIT,
2008/1/7,511010.SH,ORIGINALUNIT,
2008/1/8,511010.SH,ORIGINALUNIT,
2008/1/9,511010.SH,ORIGINALUNIT,
2008/1/10,511010.SH,ORIGINALUNIT,
2008/1/11,511010.SH,ORIGINALUNIT,
2008/1/14,511010.SH,ORIGINALUNIT,
2008/1/15,511010.SH,ORIGINALUNIT,
2008/1/16,511010.SH,ORIGINALUNIT,
2008/1/17,511010.SH,ORIGINALUNIT,
2008/1/18,511010.SH,ORIGINALUNIT,
2008/1/21,511010.SH,ORIGINALUNIT,
2008/1/22,511010.SH,ORIGINALUNIT,
2008/1/23,511010.SH,ORIGINALUNIT,
2008/1/24,511010.SH,ORIGINALUNIT,
2008/1/25,511010.SH,ORIGINALUNIT,
2008/1/28,511010.SH,ORIGINALUNIT,
2008/1/29,511010.SH,ORIGINALUNIT,
2008/1/30,511010.SH,ORIGINALUNIT,
2008/1/31,511010.SH,ORIGINALUNIT,
2008/2/1,511010.SH,ORIGINALUNIT,
2008/2/4,511010.SH,ORIGINALUNIT,
2008/2/5,511010.SH,ORIGINALUNIT,
2008/2/13,511010.SH,ORIGINALUNIT,
2008/2/14,511010.SH,ORIGINALUNIT,
2008/2/15,511010.SH,ORIGINALUNIT,
2008/2/18,511010.SH,ORIGINALUNIT,
2008/2/19,511010.SH,ORIGINALUNIT,
2008/2/20,511010.SH,ORIGINALUNIT,
2008/2/21,511010.SH,ORIGINALUNIT,
2008/2/22,511010.SH,ORIGINALUNIT,
2008/2/25,511010.SH,ORIGINALUNIT,
2008/2/26,511010.SH,ORIGINALUNIT,
2008/2/27,511010.SH,ORIGINALUNIT,
2008/2/28,511010.SH,ORIGINALUNIT,
2008/2/29,511010.SH,ORIGINALUNIT,
2008/3/3,511010.SH,ORIGINALUNIT,
2008/3/4,511010.SH,ORIGINALUNIT,
2008/3/5,511010.SH,ORIGINALUNIT,
2008/3/6,511010.SH,ORIGINALUNIT,
2008/3/7,511010.SH,ORIGINALUNIT,
2008/3/10,511010.SH,ORIGINALUNIT,
2008/3/11,511010.SH,ORIGINALUNIT,
2008/3/12,511010.SH,ORIGINALUNIT,
2008/3/13,511010.SH,ORIGINALUNIT,
2008/3/14,511010.SH,ORIGINALUNIT,
2008/3/17,511010.SH,ORIGINALUNIT,
2008/3/18,511010.SH,ORIGINALUNIT,
2008/3/19,511010.SH,ORIGINALUNIT,
2008/3/20,511010.SH,ORIGINALUNIT,
2008/3/21,511010.SH,ORIGINALUNIT,
2008/3/24,511010.SH,ORIGINALUNIT,
2008/3/25,511010.SH,ORIGINALUNIT,
2008/3/26,511010.SH,ORIGINALUNIT,
2008/3/27,511010.SH,ORIGINALUNIT,
2008/3/28,511010.SH,ORIGINALUNIT,
2008/3/31,511010.SH,ORIGINALUNIT,
2008/4/1,511010.SH,ORIGINALUNIT,
2008/4/2,511010.SH,ORIGINALUNIT,
2008/4/3,511010.SH,ORIGINALUNIT,
2008/4/7,511010.SH,ORIGINALUNIT,
2008/4/8,511010.SH,ORIGINALUNIT,
2008/4/9,511010.SH,ORIGINALUNIT,
2008/4/10,511010.SH,ORIGINALUNIT,
2008/4/11,511010.SH,ORIGINALUNIT,
2008/4/14,511010.SH,ORIGINALUNIT,
2008/4/15,511010.SH,ORIGINALUNIT,
2008/4/16,511010.SH,ORIGINALUNIT,
2008/4/17,511010.SH,ORIGINALUNIT,
2008/4/18,511010.SH,ORIGINALUNIT,
2008/4/21,511010.SH,ORIGINALUNIT,
2008/4/22,511010.SH,ORIGINALUNIT,
2008/4/23,511010.SH,ORIGINALUNIT,
2008/4/24,511010.SH,ORIGINALUNIT,
2008/4/25,511010.SH,ORIGINALUNIT,
2008/4/28,511010.SH,ORIGINALUNIT,
2008/4/29,511010.SH,ORIGINALUNIT,
2008/4/30,511010.SH,ORIGINALUNIT,
2008/5/5,511010.SH,ORIGINALUNIT,
2008/5/6,511010.SH,ORIGINALUNIT,
2008/5/7,511010.SH,ORIGINALUNIT,
2008/5/8,511010.SH,ORIGINALUNIT,
2008/5/9,511010.SH,ORIGINALUNIT,
2008/5/12,511010.SH,ORIGINALUNIT,
2008/5/13,511010.SH,ORIGINALUNIT,
2008/5/14,511010.SH,ORIGINALUNIT,
2008/5/15,511010.SH,ORIGINALUNIT,
2008/5/16,511010.SH,ORIGINALUNIT,
2008/5/19,511010.SH,ORIGINALUNIT,
2008/5/20,511010.SH,ORIGINALUNIT,
2008/5/21,511010.SH,ORIGINALUNIT,
2008/5/22,511010.SH,ORIGINALUNIT,
2008/5/23,511010.SH,ORIGINALUNIT,
2008/5/26,511010.SH,ORIGINALUNIT,
2008/5/27,511010.SH,ORIGINALUNIT,
2008/5/28,511010.SH,ORIGINALUNIT,
2008/5/29,511010.SH,ORIGINALUNIT,
2008/5/30,511010.SH,ORIGINALUNIT,
2008/6/2,511010.SH,ORIGINALUNIT,
2008/6/3,511010.SH,ORIGINALUNIT,
2008/6/4,511010.SH,ORIGINALUNIT,
2008/6/5,511010.SH,ORIGINALUNIT,
2008/6/6,511010.SH,ORIGINALUNIT,
2008/6/10,511010.SH,ORIGINALUNIT,
2008/6/11,511010.SH,ORIGINALUNIT,
2008/6/12,511010.SH,ORIGINALUNIT,
2008/6/13,511010.SH,ORIGINALUNIT,
2008/6/16,511010.SH,ORIGINALUNIT,
2008/6/17,511010.SH,ORIGINALUNIT,
2008/6/18,511010.SH,ORIGINALUNIT,
2008/6/19,511010.SH,ORIGINALUNIT,
2008/6/20,511010.SH,ORIGINALUNIT,
2008/6/23,511010.SH,ORIGINALUNIT,
2008/6/24,511010.SH,ORIGINALUNIT,
2008/6/25,511010.SH,ORIGINALUNIT,
2008/6/26,511010.SH,ORIGINALUNIT,
2008/6/27,511010.SH,ORIGINALUNIT,
2008/6/30,511010.SH,ORIGINALUNIT,
2008/7/1,511010.SH,ORIGINALUNIT,
2008/7/2,511010.SH,ORIGINALUNIT,
2008/7/3,511010.SH,ORIGINALUNIT,
2008/7/4,511010.SH,ORIGINALUNIT,
2008/7/7,511010.SH,ORIGINALUNIT,
2008/7/8,511010.SH,ORIGINALUNIT,
2008/7/9,511010.SH,ORIGINALUNIT,
2008/7/10,511010.SH,ORIGINALUNIT,
2008/7/11,511010.SH,ORIGINALUNIT,
2008/7/14,511010.SH,ORIGINALUNIT,
2008/7/15,511010.SH,ORIGINALUNIT,
2008/7/16,511010.SH,ORIGINALUNIT,
2008/7/17,511010.SH,ORIGINALUNIT,
2008/7/18,511010.SH,ORIGINALUNIT,
2008/7/21,511010.SH,ORIGINALUNIT,
2008/7/22,511010.SH,ORIGINALUNIT,
2008/7/23,511010.SH,ORIGINALUNIT,
2008/7/24,511010.SH,ORIGINALUNIT,
2008/7/25,511010.SH,ORIGINALUNIT,
2008/7/28,511010.SH,ORIGINALUNIT,
2008/7/29,511010.SH,ORIGINALUNIT,
2008/7/30,511010.SH,ORIGINALUNIT,
2008/7/31,511010.SH,ORIGINALUNIT,
2008/8/1,511010.SH,ORIGINALUNIT,
2008/8/4,511010.SH,ORIGINALUNIT,
2008/8/5,511010.SH,ORIGINALUNIT,
2008/8/6,511010.SH,ORIGINALUNIT,
2008/8/7,511010.SH,ORIGINALUNIT,
2008/8/8,511010.SH,ORIGINALUNIT,
2008/8/11,511010.SH,ORIGINALUNIT,
2008/8/12,511010.SH,ORIGINALUNIT,
2008/8/13,511010.SH,ORIGINALUNIT,
2008/8/14,511010.SH,ORIGINALUNIT,
2008/8/15,511010.SH,ORIGINALUNIT,
2008/8/18,511010.SH,ORIGINALUNIT,
2008/8/19,511010.SH,ORIGINALUNIT,
2008/8/20,511010.SH,ORIGINALUNIT,
2008/8/21,511010.SH,ORIGINALUNIT,
2008/8/22,511010.SH,ORIGINALUNIT,
2008/8/25,511010.SH,ORIGINALUNIT,
2008/8/26,511010.SH,ORIGINALUNIT,
2008/8/27,511010.SH,ORIGINALUNIT,
2008/8/28,511010.SH,ORIGINALUNIT,
2008/8/29,511010.SH,ORIGINALUNIT,
2008/9/1,511010.SH,ORIGINALUNIT,
2008/9/2,511010.SH,ORIGINALUNIT,
2008/9/3,511010.SH,ORIGINALUNIT,
2008/9/4,511010.SH,ORIGINALUNIT,
2008/9/5,511010.SH,ORIGINALUNIT,
2008/9/8,511010.SH,ORIGINALUNIT,
2008/9/9,511010.SH,ORIGINALUNIT,
2008/9/10,511010.SH,ORIGINALUNIT,
2008/9/11,511010.SH,ORIGINALUNIT,
2008/9/12,511010.SH,ORIGINALUNIT,
2008/9/16,511010.SH,ORIGINALUNIT,
2008/9/17,511010.SH,ORIGINALUNIT,
2008/9/18,511010.SH,ORIGINALUNIT,
2008/9/19,511010.SH,ORIGINALUNIT,
2008/9/22,511010.SH,ORIGINALUNIT,
2008/9/23,511010.SH,ORIGINALUNIT,
2008/9/24,511010.SH,ORIGINALUNIT,
2008/9/25,511010.SH,ORIGINALUNIT,
2008/9/26,511010.SH,ORIGINALUNIT,
2008/10/6,511010.SH,ORIGINALUNIT,
2008/10/7,511010.SH,ORIGINALUNIT,
2008/10/8,511010.SH,ORIGINALUNIT,
2008/10/9,511010.SH,ORIGINALUNIT,
2008/10/10,511010.SH,ORIGINALUNIT,
2008/10/13,511010.SH,ORIGINALUNIT,
2008/10/14,511010.SH,ORIGINALUNIT,
2008/10/15,511010.SH,ORIGINALUNIT,
2008/10/16,511010.SH,ORIGINALUNIT,
2008/10/17,511010.SH,ORIGINALUNIT,
2008/10/20,511010.SH,ORIGINALUNIT,
2008/10/21,511010.SH,ORIGINALUNIT,
2008/10/22,511010.SH,ORIGINALUNIT,
2008/10/23,511010.SH,ORIGINALUNIT,
2008/10/24,511010.SH,ORIGINALUNIT,
2008/10/27,511010.SH,ORIGINALUNIT,
2008/10/28,511010.SH,ORIGINALUNIT,
2008/10/29,511010.SH,ORIGINALUNIT,
2008/10/30,511010.SH,ORIGINALUNIT,
2008/10/31,511010.SH,ORIGINALUNIT,
2008/11/3,511010.SH,ORIGINALUNIT,
2008/11/4,511010.SH,ORIGINALUNIT,
2008/11/5,511010.SH,ORIGINALUNIT,
2008/11/6,511010.SH,ORIGINALUNIT,
2008/11/7,511010.SH,ORIGINALUNIT,
2008/11/10,511010.SH,ORIGINALUNIT,
2008/11/11,511010.SH,ORIGINALUNIT,
2008/11/12,511010.SH,ORIGINALUNIT,
2008/11/13,511010.SH,ORIGINALUNIT,
2008/11/14,511010.SH,ORIGINALUNIT,
2008/11/17,511010.SH,ORIGINALUNIT,
2008/11/18,511010.SH,ORIGINALUNIT,
2008/11/19,511010.SH,ORIGINALUNIT,
2008/11/20,511010.SH,ORIGINALUNIT,
2008/11/21,511010.SH,ORIGINALUNIT,
2008/11/24,511010.SH,ORIGINALUNIT,
2008/11/25,511010.SH,ORIGINALUNIT,
2008/11/26,511010.SH,ORIGINALUNIT,
2008/11/27,511010.SH,ORIGINALUNIT,
2008/11/28,511010.SH,ORIGINALUNIT,
2008/12/1,511010.SH,ORIGINALUNIT,
2008/12/2,511010.SH,ORIGINALUNIT,
2008/12/3,511010.SH,ORIGINALUNIT,
2008/12/4,511010.SH,ORIGINALUNIT,
2008/12/5,511010.SH,ORIGINALUNIT,
2008/12/8,511010.SH,ORIGINALUNIT,
2008/12/9,511010.SH,ORIGINALUNIT,
2008/12/10,511010.SH,ORIGINALUNIT,
2008/12/11,511010.SH,ORIGINALUNIT,
2008/12/12,511010.SH,ORIGINALUNIT,
2008/12/15,511010.SH,ORIGINALUNIT,
2008/12/16,511010.SH,ORIGINALUNIT,
2008/12/17,511010.SH,ORIGINALUNIT,
2008/12/18,511010.SH,ORIGINALUNIT,
2008/12/19,511010.SH,ORIGINALUNIT,
2008/12/22,511010.SH,ORIGINALUNIT,
2008/12/23,511010.SH,ORIGINALUNIT,
2008/12/24,511010.SH,ORIGINALUNIT,
2008/12/25,511010.SH,ORIGINALUNIT,
2008/12/26,511010.SH,ORIGINALUNIT,
2008/12/29,511010.SH,ORIGINALUNIT,
2008/12/30,511010.SH,ORIGINALUNIT,
2008/12/31,511010.SH,ORIGINALUNIT,
2009/1/5,511010.SH,ORIGINALUNIT,
2009/1/6,511010.SH,ORIGINALUNIT,
2009/1/7,511010.SH,ORIGINALUNIT,
2009/1/8,511010.SH,ORIGINALUNIT,
2009/1/9,511010.SH,ORIGINALUNIT,
2009/1/12,511010.SH,ORIGINALUNIT,
2009/1/13,511010.SH,ORIGINALUNIT,
2009/1/14,511010.SH,ORIGINALUNIT,
2009/1/15,511010.SH,ORIGINALUNIT,
2009/1/16,511010.SH,ORIGINALUNIT,
2009/1/19,511010.SH,ORIGINALUNIT,
2009/1/20,511010.SH,ORIGINALUNIT,
2009/1/21,511010.SH,ORIGINALUNIT,
2009/1/22,511010.SH,ORIGINALUNIT,
2009/1/23,511010.SH,ORIGINALUNIT,
2009/2/2,511010.SH,ORIGINALUNIT,
2009/2/3,511010.SH,ORIGINALUNIT,
2009/2/4,511010.SH,ORIGINALUNIT,
2009/2/5,511010.SH,ORIGINALUNIT,
2009/2/6,511010.SH,ORIGINALUNIT,
2009/2/9,511010.SH,ORIGINALUNIT,
2009/2/10,511010.SH,ORIGINALUNIT,
2009/2/11,511010.SH,ORIGINALUNIT,
2009/2/12,511010.SH,ORIGINALUNIT,
2009/2/13,511010.SH,ORIGINALUNIT,
2009/2/16,511010.SH,ORIGINALUNIT,
2009/2/17,511010.SH,ORIGINALUNIT,
2009/2/18,511010.SH,ORIGINALUNIT,
2009/2/19,511010.SH,ORIGINALUNIT,
2009/2/20,511010.SH,ORIGINALUNIT,
2009/2/23,511010.SH,ORIGINALUNIT,
2009/2/24,511010.SH,ORIGINALUNIT,
2009/2/25,511010.SH,ORIGINALUNIT,
2009/2/26,511010.SH,ORIGINALUNIT,
2009/2/27,511010.SH,ORIGINALUNIT,
2009/3/2,511010.SH,ORIGINALUNIT,
2009/3/3,511010.SH,ORIGINALUNIT,
2009/3/4,511010.SH,ORIGINALUNIT,
2009/3/5,511010.SH,ORIGINALUNIT,
2009/3/6,511010.SH,ORIGINALUNIT,
2009/3/9,511010.SH,ORIGINALUNIT,
2009/3/10,511010.SH,ORIGINALUNIT,
2009/3/11,511010.SH,ORIGINALUNIT,
2009/3/12,511010.SH,ORIGINALUNIT,
2009/3/13,511010.SH,ORIGINALUNIT,
2009/3/16,511010.SH,ORIGINALUNIT,
2009/3/17,511010.SH,ORIGINALUNIT,
2009/3/18,511010.SH,ORIGINALUNIT,
2009/3/19,511010.SH,ORIGINALUNIT,
2009/3/20,511010.SH,ORIGINALUNIT,
2009/3/23,511010.SH,ORIGINALUNIT,
2009/3/24,511010.SH,ORIGINALUNIT,
2009/3/25,511010.SH,ORIGINALUNIT,
2009/3/26,511010.SH,ORIGINALUNIT,
2009/3/27,511010.SH,ORIGINALUNIT,
2009/3/30,511010.SH,ORIGINALUNIT,
2009/3/31,511010.SH,ORIGINALUNIT,
2009/4/1,511010.SH,ORIGINALUNIT,
2009/4/2,511010.SH,ORIGINALUNIT,
2009/4/3,511010.SH,ORIGINALUNIT,
2009/4/7,511010.SH,ORIGINALUNIT,
2009/4/8,511010.SH,ORIGINALUNIT,
2009/4/9,511010.SH,ORIGINALUNIT,
2009/4/10,511010.SH,ORIGINALUNIT,
2009/4/13,511010.SH,ORIGINALUNIT,
2009/4/14,511010.SH,ORIGINALUNIT,
2009/4/15,511010.SH,ORIGINALUNIT,
2009/4/16,511010.SH,ORIGINALUNIT,
2009/4/17,511010.SH,ORIGINALUNIT,
2009/4/20,511010.SH,ORIGINALUNIT,
2009/4/21,511010.SH,ORIGINALUNIT,
2009/4/22,511010.SH,ORIGINALUNIT,
2009/4/23,511010.SH,ORIGINALUNIT,
2009/4/24,511010.SH,ORIGINALUNIT,
2009/4/27,511010.SH,ORIGINALUNIT,
2009/4/28,511010.SH,ORIGINALUNIT,
2009/4/29,511010.SH,ORIGINALUNIT,
2009/4/30,511010.SH,ORIGINALUNIT,
2009/5/4,511010.SH,ORIGINALUNIT,
2009/5/5,511010.SH,ORIGINALUNIT,
2009/5/6,511010.SH,ORIGINALUNIT,
2009/5/7,511010.SH,ORIGINALUNIT,
2009/5/8,511010.SH,ORIGINALUNIT,
2009/5/11,511010.SH,ORIGINALUNIT,
2009/5/12,511010.SH,ORIGINALUNIT,
2009/5/13,511010.SH,ORIGINALUNIT,
2009/5/14,511010.SH,ORIGINALUNIT,
2009/5/15,511010.SH,ORIGINALUNIT,
2009/5/18,511010.SH,ORIGINALUNIT,
2009/5/19,511010.SH,ORIGINALUNIT,
2009/5/20,511010.SH,ORIGINALUNIT,
2009/5/21,511010.SH,ORIGINALUNIT,
2009/5/22,511010.SH,ORIGINALUNIT,
2009/5/25,511010.SH,ORIGINALUNIT,
2009/5/26,511010.SH,ORIGINALUNIT,
2009/5/27,511010.SH,ORIGINALUNIT,
2009/6/1,511010.SH,ORIGINALUNIT,
2009/6/2,511010.SH,ORIGINALUNIT,
2009/6/3,511010.SH,ORIGINALUNIT,
2009/6/4,511010.SH,ORIGINALUNIT,
2009/6/5,511010.SH,ORIGINALUNIT,
2009/6/8,511010.SH,ORIGINALUNIT,
2009/6/9,511010.SH,ORIGINALUNIT,
2009/6/10,511010.SH,ORIGINALUNIT,
2009/6/11,511010.SH,ORIGINALUNIT,
2009/6/12,511010.SH,ORIGINALUNIT,
2009/6/15,511010.SH,ORIGINALUNIT,
2009/6/16,511010.SH,ORIGINALUNIT,
2009/6/17,511010.SH,ORIGINALUNIT,
2009/6/18,511010.SH,ORIGINALUNIT,
2009/6/19,511010.SH,ORIGINALUNIT,
2009/6/22,511010.SH,ORIGINALUNIT,
2009/6/23,511010.SH,ORIGINALUNIT,
2009/6/24,511010.SH,ORIGINALUNIT,
2009/6/25,511010.SH,ORIGINALUNIT,
2009/6/26,511010.SH,ORIGINALUNIT,
2009/6/29,511010.SH,ORIGINALUNIT,
2009/6/30,511010.SH,ORIGINALUNIT,
2009/7/1,511010.SH,ORIGINALUNIT,
2009/7/2,511010.SH,ORIGINALUNIT,
2009/7/3,511010.SH,ORIGINALUNIT,
2009/7/6,511010.SH,ORIGINALUNIT,
2009/7/7,511010.SH,ORIGINALUNIT,
2009/7/8,511010.SH,ORIGINALUNIT,
2009/7/9,511010.SH,ORIGINALUNIT,
2009/7/10,511010.SH,ORIGINALUNIT,
2009/7/13,511010.SH,ORIGINALUNIT,
2009/7/14,511010.SH,ORIGINALUNIT,
2009/7/15,511010.SH,ORIGINALUNIT,
2009/7/16,511010.SH,ORIGINALUNIT,
2009/7/17,511010.SH,ORIGINALUNIT,
2009/7/20,511010.SH,ORIGINALUNIT,
2009/7/21,511010.SH,ORIGINALUNIT,
2009/7/22,511010.SH,ORIGINALUNIT,
2009/7/23,511010.SH,ORIGINALUNIT,
2009/7/24,511010.SH,ORIGINALUNIT,
2009/7/27,511010.SH,ORIGINALUNIT,
2009/7/28,511010.SH,ORIGINALUNIT,
2009/7/29,511010.SH,ORIGINALUNIT,
2009/7/30,511010.SH,ORIGINALUNIT,
2009/7/31,511010.SH,ORIGINALUNIT,
2009/8/3,511010.SH,ORIGINALUNIT,
2009/8/4,511010.SH,ORIGINALUNIT,
2009/8/5,511010.SH,ORIGINALUNIT,
2009/8/6,511010.SH,ORIGINALUNIT,
2009/8/7,511010.SH,ORIGINALUNIT,
2009/8/10,511010.SH,ORIGINALUNIT,
2009/8/11,511010.SH,ORIGINALUNIT,
2009/8/12,511010.SH,ORIGINALUNIT,
2009/8/13,511010.SH,ORIGINALUNIT,
2009/8/14,511010.SH,ORIGINALUNIT,
2009/8/17,511010.SH,ORIGINALUNIT,
2009/8/18,511010.SH,ORIGINALUNIT,
2009/8/19,511010.SH,ORIGINALUNIT,
2009/8/20,511010.SH,ORIGINALUNIT,
2009/8/21,511010.SH,ORIGINALUNIT,
2009/8/24,511010.SH,ORIGINALUNIT,
2009/8/25,511010.SH,ORIGINALUNIT,
2009/8/26,511010.SH,ORIGINALUNIT,
2009/8/27,511010.SH,ORIGINALUNIT,
2009/8/28,511010.SH,ORIGINALUNIT,
2009/8/31,511010.SH,ORIGINALUNIT,
2009/9/1,511010.SH,ORIGINALUNIT,
2009/9/2,511010.SH,ORIGINALUNIT,
2009/9/3,511010.SH,ORIGINALUNIT,
2009/9/4,511010.SH,ORIGINALUNIT,
2009/9/7,511010.SH,ORIGINALUNIT,
2009/9/8,511010.SH,ORIGINALUNIT,
2009/9/9,511010.SH,ORIGINALUNIT,
2009/9/10,511010.SH,ORIGINALUNIT,
2009/9/11,511010.SH,ORIGINALUNIT,
2009/9/14,511010.SH,ORIGINALUNIT,
2009/9/15,511010.SH,ORIGINALUNIT,
2009/9/16,511010.SH,ORIGINALUNIT,
2009/9/17,511010.SH,ORIGINALUNIT,
2009/9/18,511010.SH,ORIGINALUNIT,
2009/9/21,511010.SH,ORIGINALUNIT,
2009/9/22,511010.SH,ORIGINALUNIT,
2009/9/23,511010.SH,ORIGINALUNIT,
2009/9/24,511010.SH,ORIGINALUNIT,
2009/9/25,511010.SH,ORIGINALUNIT,
2009/9/28,511010.SH,ORIGINALUNIT,
2009/9/29,511010.SH,ORIGINALUNIT,
2009/9/30,511010.SH,ORIGINALUNIT,
2009/10/9,511010.SH,ORIGINALUNIT,
2009/10/12,511010.SH,ORIGINALUNIT,
2009/10/13,511010.SH,ORIGINALUNIT,
2009/10/14,511010.SH,ORIGINALUNIT,
2009/10/15,511010.SH,ORIGINALUNIT,
2009/10/16,511010.SH,ORIGINALUNIT,
2009/10/19,511010.SH,ORIGINALUNIT,
2009/10/20,511010.SH,ORIGINALUNIT,
2009/10/21,511010.SH,ORIGINALUNIT,
2009/10/22,511010.SH,ORIGINALUNIT,
2009/10/23,511010.SH,ORIGINALUNIT,
2009/10/26,511010.SH,ORIGINALUNIT,
2009/10/27,511010.SH,ORIGINALUNIT,
2009/10/28,511010.SH,ORIGINALUNIT,
2009/10/29,511010.SH,ORIGINALUNIT,
2009/10/30,511010.SH,ORIGINALUNIT,
2009/11/2,511010.SH,ORIGINALUNIT,
2009/11/3,511010.SH,ORIGINALUNIT,
2009/11/4,511010.SH,ORIGINALUNIT,
2009/11/5,511010.SH,ORIGINALUNIT,
2009/11/6,511010.SH,ORIGINALUNIT,
2009/11/9,511010.SH,ORIGINALUNIT,
2009/11/10,511010.SH,ORIGINALUNIT,
2009/11/11,511010.SH,ORIGINALUNIT,
2009/11/12,511010.SH,ORIGINALUNIT,
2009/11/13,511010.SH,ORIGINALUNIT,
2009/11/16,511010.SH,ORIGINALUNIT,
2009/11/17,511010.SH,ORIGINALUNIT,
2009/11/18,511010.SH,ORIGINALUNIT,
2009/11/19,511010.SH,ORIGINALUNIT,
2009/11/20,511010.SH,ORIGINALUNIT,
2009/11/23,511010.SH,ORIGINALUNIT,
2009/11/24,511010.SH,ORIGINALUNIT,
2009/11/25,511010.SH,ORIGINALUNIT,
2009/11/26,511010.SH,ORIGINALUNIT,
2009/11/27,511010.SH,ORIGINALUNIT,
2009/11/30,511010.SH,ORIGINALUNIT,
2009/12/1,511010.SH,ORIGINALUNIT,
2009/12/2,511010.SH,ORIGINALUNIT,
2009/12/3,511010.SH,ORIGINALUNIT,
2009/12/4,511010.SH,ORIGINALUNIT,
2009/12/7,511010.SH,ORIGINALUNIT,
2009/12/8,511010.SH,ORIGINALUNIT,
2009/12/9,511010.SH,ORIGINALUNIT,
2009/12/10,511010.SH,ORIGINALUNIT,
2009/12/11,511010.SH,ORIGINALUNIT,
2009/12/14,511010.SH,ORIGINALUNIT,
2009/12/15,511010.SH,ORIGINALUNIT,
2009/12/16,511010.SH,ORIGINALUNIT,
2009/12/17,511010.SH,ORIGINALUNIT,
2009/12/18,511010.SH,ORIGINALUNIT,
2009/12/21,511010.SH,ORIGINALUNIT,
2009/12/22,511010.SH,ORIGINALUNIT,
2009/12/23,511010.SH,ORIGINALUNIT,
2009/12/24,511010.SH,ORIGINALUNIT,
2009/12/25,511010.SH,ORIGINALUNIT,
2009/12/28,511010.SH,ORIGINALUNIT,
2009/12/29,511010.SH,ORIGINALUNIT,
2009/12/30,511010.SH,ORIGINALUNIT,
2009/12/31,511010.SH,ORIGINALUNIT,
2010/1/4,511010.SH,ORIGINALUNIT,
2010/1/5,511010.SH,ORIGINALUNIT,
2010/1/6,511010.SH,ORIGINALUNIT,
2010/1/7,511010.SH,ORIGINALUNIT,
2010/1/8,511010.SH,ORIGINALUNIT,
2010/1/11,511010.SH,ORIGINALUNIT,
2010/1/12,511010.SH,ORIGINALUNIT,
2010/1/13,511010.SH,ORIGINALUNIT,
2010/1/14,511010.SH,ORIGINALUNIT,
2010/1/15,511010.SH,ORIGINALUNIT,
2010/1/18,511010.SH,ORIGINALUNIT,
2010/1/19,511010.SH,ORIGINALUNIT,
2010/1/20,511010.SH,ORIGINALUNIT,
2010/1/21,511010.SH,ORIGINALUNIT,
2010/1/22,511010.SH,ORIGINALUNIT,
2010/1/25,511010.SH,ORIGINALUNIT,
2010/1/26,511010.SH,ORIGINALUNIT,
2010/1/27,511010.SH,ORIGINALUNIT,
2010/1/28,511010.SH,ORIGINALUNIT,
2010/1/29,511010.SH,ORIGINALUNIT,
2010/2/1,511010.SH,ORIGINALUNIT,
2010/2/2,511010.SH,ORIGINALUNIT,
2010/2/3,511010.SH,ORIGINALUNIT,
2010/2/4,511010.SH,ORIGINALUNIT,
2010/2/5,511010.SH,ORIGINALUNIT,
2010/2/8,511010.SH,ORIGINALUNIT,
2010/2/9,511010.SH,ORIGINALUNIT,
2010/2/10,511010.SH,ORIGINALUNIT,
2010/2/11,511010.SH,ORIGINALUNIT,
2010/2/12,511010.SH,ORIGINALUNIT,
2010/2/22,511010.SH,ORIGINALUNIT,
2010/2/23,511010.SH,ORIGINALUNIT,
2010/2/24,511010.SH,ORIGINALUNIT,
2010/2/25,511010.SH,ORIGINALUNIT,
2010/2/26,511010.SH,ORIGINALUNIT,
2010/3/1,511010.SH,ORIGINALUNIT,
2010/3/2,511010.SH,ORIGINALUNIT,
2010/3/3,511010.SH,ORIGINALUNIT,
2010/3/4,511010.SH,ORIGINALUNIT,
2010/3/5,511010.SH,ORIGINALUNIT,
2010/3/8,511010.SH,ORIGINALUNIT,
2010/3/9,511010.SH,ORIGINALUNIT,
2010/3/10,511010.SH,ORIGINALUNIT,
2010/3/11,511010.SH,ORIGINALUNIT,
2010/3/12,511010.SH,ORIGINALUNIT,
2010/3/15,511010.SH,ORIGINALUNIT,
2010/3/16,511010.SH,ORIGINALUNIT,
2010/3/17,511010.SH,ORIGINALUNIT,
2010/3/18,511010.SH,ORIGINALUNIT,
2010/3/19,511010.SH,ORIGINALUNIT,
2010/3/22,511010.SH,ORIGINALUNIT,
2010/3/23,511010.SH,ORIGINALUNIT,
2010/3/24,511010.SH,ORIGINALUNIT,
2010/3/25,511010.SH,ORIGINALUNIT,
2010/3/26,511010.SH,ORIGINALUNIT,
2010/3/29,511010.SH,ORIGINALUNIT,
2010/3/30,511010.SH,ORIGINALUNIT,
2010/3/31,511010.SH,ORIGINALUNIT,
2010/4/1,511010.SH,ORIGINALUNIT,
2010/4/2,511010.SH,ORIGINALUNIT,
2010/4/6,511010.SH,ORIGINALUNIT,
2010/4/7,511010.SH,ORIGINALUNIT,
2010/4/8,511010.SH,ORIGINALUNIT,
2010/4/9,511010.SH,ORIGINALUNIT,
2010/4/12,511010.SH,ORIGINALUNIT,
2010/4/13,511010.SH,ORIGINALUNIT,
2010/4/14,511010.SH,ORIGINALUNIT,
2010/4/15,511010.SH,ORIGINALUNIT,
2010/4/16,511010.SH,ORIGINALUNIT,
2010/4/19,511010.SH,ORIGINALUNIT,
2010/4/20,511010.SH,ORIGINALUNIT,
2010/4/21,511010.SH,ORIGINALUNIT,
2010/4/22,511010.SH,ORIGINALUNIT,
2010/4/23,511010.SH,ORIGINALUNIT,
2010/4/26,511010.SH,ORIGINALUNIT,
2010/4/27,511010.SH,ORIGINALUNIT,
2010/4/28,511010.SH,ORIGINALUNIT,
2010/4/29,511010.SH,ORIGINALUNIT,
2010/4/30,511010.SH,ORIGINALUNIT,
2010/5/4,511010.SH,ORIGINALUNIT,
2010/5/5,511010.SH,ORIGINALUNIT,
2010/5/6,511010.SH,ORIGINALUNIT,
2010/5/7,511010.SH,ORIGINALUNIT,
2010/5/10,511010.SH,ORIGINALUNIT,
2010/5/11,511010.SH,ORIGINALUNIT,
2010/5/12,511010.SH,ORIGINALUNIT,
2010/5/13,511010.SH,ORIGINALUNIT,
2010/5/14,511010.SH,ORIGINALUNIT,
2010/5/17,511010.SH,ORIGINALUNIT,
2010/5/18,511010.SH,ORIGINALUNIT,
2010/5/19,511010.SH,ORIGINALUNIT,
2010/5/20,511010.SH,ORIGINALUNIT,
2010/5/21,511010.SH,ORIGINALUNIT,
2010/5/24,511010.SH,ORIGINALUNIT,
2010/5/25,511010.SH,ORIGINALUNIT,
2010/5/26,511010.SH,ORIGINALUNIT,
2010/5/27,511010.SH,ORIGINALUNIT,
2010/5/28,511010.SH,ORIGINALUNIT,
2010/5/31,511010.SH,ORIGINALUNIT,
2010/6/1,511010.SH,ORIGINALUNIT,
2010/6/2,511010.SH,ORIGINALUNIT,
2010/6/3,511010.SH,ORIGINALUNIT,
2010/6/4,511010.SH,ORIGINALUNIT,
2010/6/7,511010.SH,ORIGINALUNIT,
2010/6/8,511010.SH,ORIGINALUNIT,
2010/6/9,511010.SH,ORIGINALUNIT,
2010/6/10,511010.SH,ORIGINALUNIT,
2010/6/11,511010.SH,ORIGINALUNIT,
2010/6/17,511010.SH,ORIGINALUNIT,
2010/6/18,511010.SH,ORIGINALUNIT,
2010/6/21,511010.SH,ORIGINALUNIT,
2010/6/22,511010.SH,ORIGINALUNIT,
2010/6/23,511010.SH,ORIGINALUNIT,
2010/6/24,511010.SH,ORIGINALUNIT,
2010/6/25,511010.SH,ORIGINALUNIT,
2010/6/28,511010.SH,ORIGINALUNIT,
2010/6/29,511010.SH,ORIGINALUNIT,
2010/6/30,511010.SH,ORIGINALUNIT,
2010/7/1,511010.SH,ORIGINALUNIT,
2010/7/2,511010.SH,ORIGINALUNIT,
2010/7/5,511010.SH,ORIGINALUNIT,
2010/7/6,511010.SH,ORIGINALUNIT,
2010/7/7,511010.SH,ORIGINALUNIT,
2010/7/8,511010.SH,ORIGINALUNIT,
2010/7/9,511010.SH,ORIGINALUNIT,
2010/7/12,511010.SH,ORIGINALUNIT,
2010/7/13,511010.SH,ORIGINALUNIT,
2010/7/14,511010.SH,ORIGINALUNIT,
2010/7/15,511010.SH,ORIGINALUNIT,
2010/7/16,511010.SH,ORIGINALUNIT,
2010/7/19,511010.SH,ORIGINALUNIT,
2010/7/20,511010.SH,ORIGINALUNIT,
2010/7/21,511010.SH,ORIGINALUNIT,
2010/7/22,511010.SH,ORIGINALUNIT,
2010/7/23,511010.SH,ORIGINALUNIT,
2010/7/26,511010.SH,ORIGINALUNIT,
2010/7/27,511010.SH,ORIGINALUNIT,
2010/7/28,511010.SH,ORIGINALUNIT,
2010/7/29,511010.SH,ORIGINALUNIT,
2010/7/30,511010.SH,ORIGINALUNIT,
2010/8/2,511010.SH,ORIGINALUNIT,
2010/8/3,511010.SH,ORIGINALUNIT,
2010/8/4,511010.SH,ORIGINALUNIT,
2010/8/5,511010.SH,ORIGINALUNIT,
2010/8/6,511010.SH,ORIGINALUNIT,
2010/8/9,511010.SH,ORIGINALUNIT,
2010/8/10,511010.SH,ORIGINALUNIT,
2010/8/11,511010.SH,ORIGINALUNIT,
2010/8/12,511010.SH,ORIGINALUNIT,
2010/8/13,511010.SH,ORIGINALUNIT,
2010/8/16,511010.SH,ORIGINALUNIT,
2010/8/17,511010.SH,ORIGINALUNIT,
2010/8/18,511010.SH,ORIGINALUNIT,
2010/8/19,511010.SH,ORIGINALUNIT,
2010/8/20,511010.SH,ORIGINALUNIT,
2010/8/23,511010.SH,ORIGINALUNIT,
2010/8/24,511010.SH,ORIGINALUNIT,
2010/8/25,511010.SH,ORIGINALUNIT,
2010/8/26,511010.SH,ORIGINALUNIT,
2010/8/27,511010.SH,ORIGINALUNIT,
2010/8/30,511010.SH,ORIGINALUNIT,
2010/8/31,511010.SH,ORIGINALUNIT,
2010/9/1,511010.SH,ORIGINALUNIT,
2010/9/2,511010.SH,ORIGINALUNIT,
2010/9/3,511010.SH,ORIGINALUNIT,
2010/9/6,511010.SH,ORIGINALUNIT,
2010/9/7,511010.SH,ORIGINALUNIT,
2010/9/8,511010.SH,ORIGINALUNIT,
2010/9/9,511010.SH,ORIGINALUNIT,
2010/9/10,511010.SH,ORIGINALUNIT,
2010/9/13,511010.SH,ORIGINALUNIT,
2010/9/14,511010.SH,ORIGINALUNIT,
2010/9/15,511010.SH,ORIGINALUNIT,
2010/9/16,511010.SH,ORIGINALUNIT,
2010/9/17,511010.SH,ORIGINALUNIT,
2010/9/20,511010.SH,ORIGINALUNIT,
2010/9/21,511010.SH,ORIGINALUNIT,
2010/9/27,511010.SH,ORIGINALUNIT,
2010/9/28,511010.SH,ORIGINALUNIT,
2010/9/29,511010.SH,ORIGINALUNIT,
2010/9/30,511010.SH,ORIGINALUNIT,
2010/10/8,511010.SH,ORIGINALUNIT,
2010/10/11,511010.SH,ORIGINALUNIT,
2010/10/12,511010.SH,ORIGINALUNIT,
2010/10/13,511010.SH,ORIGINALUNIT,
2010/10/14,511010.SH,ORIGINALUNIT,
2010/10/15,511010.SH,ORIGINALUNIT,
2010/10/18,511010.SH,ORIGINALUNIT,
2010/10/19,511010.SH,ORIGINALUNIT,
2010/10/20,511010.SH,ORIGINALUNIT,
2010/10/21,511010.SH,ORIGINALUNIT,
2010/10/22,511010.SH,ORIGINALUNIT,
2010/10/25,511010.SH,ORIGINALUNIT,
2010/10/26,511010.SH,ORIGINALUNIT,
2010/10/27,511010.SH,ORIGINALUNIT,
2010/10/28,511010.SH,ORIGINALUNIT,
2010/10/29,511010.SH,ORIGINALUNIT,
2010/11/1,511010.SH,ORIGINALUNIT,
2010/11/2,511010.SH,ORIGINALUNIT,
2010/11/3,511010.SH,ORIGINALUNIT,
2010/11/4,511010.SH,ORIGINALUNIT,
2010/11/5,511010.SH,ORIGINALUNIT,
2010/11/8,511010.SH,ORIGINALUNIT,
2010/11/9,511010.SH,ORIGINALUNIT,
2010/11/10,511010.SH,ORIGINALUNIT,
2010/11/11,511010.SH,ORIGINALUNIT,
2010/11/12,511010.SH,ORIGINALUNIT,
2010/11/15,511010.SH,ORIGINALUNIT,
2010/11/16,511010.SH,ORIGINALUNIT,
2010/11/17,511010.SH,ORIGINALUNIT,
2010/11/18,511010.SH,ORIGINALUNIT,
2010/11/19,511010.SH,ORIGINALUNIT,
2010/11/22,511010.SH,ORIGINALUNIT,
2010/11/23,511010.SH,ORIGINALUNIT,
2010/11/24,511010.SH,ORIGINALUNIT,
2010/11/25,511010.SH,ORIGINALUNIT,
2010/11/26,511010.SH,ORIGINALUNIT,
2010/11/29,511010.SH,ORIGINALUNIT,
2010/11/30,511010.SH,ORIGINALUNIT,
2010/12/1,511010.SH,ORIGINALUNIT,
2010/12/2,511010.SH,ORIGINALUNIT,
2010/12/3,511010.SH,ORIGINALUNIT,
2010/12/6,511010.SH,ORIGINALUNIT,
2010/12/7,511010.SH,ORIGINALUNIT,
2010/12/8,511010.SH,ORIGINALUNIT,
2010/12/9,511010.SH,ORIGINALUNIT,
2010/12/10,511010.SH,ORIGINALUNIT,
2010/12/13,511010.SH,ORIGINALUNIT,
2010/12/14,511010.SH,ORIGINALUNIT,
2010/12/15,511010.SH,ORIGINALUNIT,
2010/12/16,511010.SH,ORIGINALUNIT,
2010/12/17,511010.SH,ORIGINALUNIT,
2010/12/20,511010.SH,ORIGINALUNIT,
2010/12/21,511010.SH,ORIGINALUNIT,
2010/12/22,511010.SH,ORIGINALUNIT,
2010/12/23,511010.SH,ORIGINALUNIT,
2010/12/24,511010.SH,ORIGINALUNIT,
2010/12/27,511010.SH,ORIGINALUNIT,
2010/12/28,511010.SH,ORIGINALUNIT,
2010/12/29,511010.SH,ORIGINALUNIT,
2010/12/30,511010.SH,ORIGINALUNIT,
2010/12/31,511010.SH,ORIGINALUNIT,
2011/1/4,511010.SH,ORIGINALUNIT,
2011/1/5,511010.SH,ORIGINALUNIT,
2011/1/6,511010.SH,ORIGINALUNIT,
2011/1/7,511010.SH,ORIGINALUNIT,
2011/1/10,511010.SH,ORIGINALUNIT,
2011/1/11,511010.SH,ORIGINALUNIT,
2011/1/12,511010.SH,ORIGINALUNIT,
2011/1/13,511010.SH,ORIGINALUNIT,
2011/1/14,511010.SH,ORIGINALUNIT,
2011/1/17,511010.SH,ORIGINALUNIT,
2011/1/18,511010.SH,ORIGINALUNIT,
2011/1/19,511010.SH,ORIGINALUNIT,
2011/1/20,511010.SH,ORIGINALUNIT,
2011/1/21,511010.SH,ORIGINALUNIT,
2011/1/24,511010.SH,ORIGINALUNIT,
2011/1/25,511010.SH,ORIGINALUNIT,
2011/1/26,511010.SH,ORIGINALUNIT,
2011/1/27,511010.SH,ORIGINALUNIT,
2011/1/28,511010.SH,ORIGINALUNIT,
2011/1/31,511010.SH,ORIGINALUNIT,
2011/2/1,511010.SH,ORIGINALUNIT,
2011/2/9,511010.SH,ORIGINALUNIT,
2011/2/10,511010.SH,ORIGINALUNIT,
2011/2/11,511010.SH,ORIGINALUNIT,
2011/2/14,511010.SH,ORIGINALUNIT,
2011/2/15,511010.SH,ORIGINALUNIT,
2011/2/16,511010.SH,ORIGINALUNIT,
2011/2/17,511010.SH,ORIGINALUNIT,
2011/2/18,511010.SH,ORIGINALUNIT,
2011/2/21,511010.SH,ORIGINALUNIT,
2011/2/22,511010.SH,ORIGINALUNIT,
2011/2/23,511010.SH,ORIGINALUNIT,
2011/2/24,511010.SH,ORIGINALUNIT,
2011/2/25,511010.SH,ORIGINALUNIT,
2011/2/28,511010.SH,ORIGINALUNIT,
2011/3/1,511010.SH,ORIGINALUNIT,
2011/3/2,511010.SH,ORIGINALUNIT,
2011/3/3,511010.SH,ORIGINALUNIT,
2011/3/4,511010.SH,ORIGINALUNIT,
2011/3/7,511010.SH,ORIGINALUNIT,
2011/3/8,511010.SH,ORIGINALUNIT,
2011/3/9,511010.SH,ORIGINALUNIT,
2011/3/10,511010.SH,ORIGINALUNIT,
2011/3/11,511010.SH,ORIGINALUNIT,
2011/3/14,511010.SH,ORIGINALUNIT,
2011/3/15,511010.SH,ORIGINALUNIT,
2011/3/16,511010.SH,ORIGINALUNIT,
2011/3/17,511010.SH,ORIGINALUNIT,
2011/3/18,511010.SH,ORIGINALUNIT,
2011/3/21,511010.SH,ORIGINALUNIT,
2011/3/22,511010.SH,ORIGINALUNIT,
2011/3/23,511010.SH,ORIGINALUNIT,
2011/3/24,511010.SH,ORIGINALUNIT,
2011/3/25,511010.SH,ORIGINALUNIT,
2011/3/28,511010.SH,ORIGINALUNIT,
2011/3/29,511010.SH,ORIGINALUNIT,
2011/3/30,511010.SH,ORIGINALUNIT,
2011/3/31,511010.SH,ORIGINALUNIT,
2011/4/1,511010.SH,ORIGINALUNIT,
2011/4/6,511010.SH,ORIGINALUNIT,
2011/4/7,511010.SH,ORIGINALUNIT,
2011/4/8,511010.SH,ORIGINALUNIT,
2011/4/11,511010.SH,ORIGINALUNIT,
2011/4/12,511010.SH,ORIGINALUNIT,
2011/4/13,511010.SH,ORIGINALUNIT,
2011/4/14,511010.SH,ORIGINALUNIT,
2011/4/15,511010.SH,ORIGINALUNIT,
2011/4/18,511010.SH,ORIGINALUNIT,
2011/4/19,511010.SH,ORIGINALUNIT,
2011/4/20,511010.SH,ORIGINALUNIT,
2011/4/21,511010.SH,ORIGINALUNIT,
2011/4/22,511010.SH,ORIGINALUNIT,
2011/4/25,511010.SH,ORIGINALUNIT,
2011/4/26,511010.SH,ORIGINALUNIT,
2011/4/27,511010.SH,ORIGINALUNIT,
2011/4/28,511010.SH,ORIGINALUNIT,
2011/4/29,511010.SH,ORIGINALUNIT,
2011/5/3,511010.SH,ORIGINALUNIT,
2011/5/4,511010.SH,ORIGINALUNIT,
2011/5/5,511010.SH,ORIGINALUNIT,
2011/5/6,511010.SH,ORIGINALUNIT,
2011/5/9,511010.SH,ORIGINALUNIT,
2011/5/10,511010.SH,ORIGINALUNIT,
2011/5/11,511010.SH,ORIGINALUNIT,
2011/5/12,511010.SH,ORIGINALUNIT,
2011/5/13,511010.SH,ORIGINALUNIT,
2011/5/16,511010.SH,ORIGINALUNIT,
2011/5/17,511010.SH,ORIGINALUNIT,
2011/5/18,511010.SH,ORIGINALUNIT,
2011/5/19,511010.SH,ORIGINALUNIT,
2011/5/20,511010.SH,ORIGINALUNIT,
2011/5/23,511010.SH,ORIGINALUNIT,
2011/5/24,511010.SH,ORIGINALUNIT,
2011/5/25,511010.SH,ORIGINALUNIT,
2011/5/26,511010.SH,ORIGINALUNIT,
2011/5/27,511010.SH,ORIGINALUNIT,
2011/5/30,511010.SH,ORIGINALUNIT,
2011/5/31,511010.SH,ORIGINALUNIT,
2011/6/1,511010.SH,ORIGINALUNIT,
2011/6/2,511010.SH,ORIGINALUNIT,
2011/6/3,511010.SH,ORIGINALUNIT,
2011/6/7,511010.SH,ORIGINALUNIT,
2011/6/8,511010.SH,ORIGINALUNIT,
2011/6/9,511010.SH,ORIGINALUNIT,
2011/6/10,511010.SH,ORIGINALUNIT,
2011/6/13,511010.SH,ORIGINALUNIT,
2011/6/14,511010.SH,ORIGINALUNIT,
2011/6/15,511010.SH,ORIGINALUNIT,
2011/6/16,511010.SH,ORIGINALUNIT,
2011/6/17,511010.SH,ORIGINALUNIT,
2011/6/20,511010.SH,ORIGINALUNIT,
2011/6/21,511010.SH,ORIGINALUNIT,
2011/6/22,511010.SH,ORIGINALUNIT,
2011/6/23,511010.SH,ORIGINALUNIT,
2011/6/24,511010.SH,ORIGINALUNIT,
2011/6/27,511010.SH,ORIGINALUNIT,
2011/6/28,511010.SH,ORIGINALUNIT,
2011/6/29,511010.SH,ORIGINALUNIT,
2011/6/30,511010.SH,ORIGINALUNIT,
2011/7/1,511010.SH,ORIGINALUNIT,
2011/7/4,511010.SH,ORIGINALUNIT,
2011/7/5,511010.SH,ORIGINALUNIT,
2011/7/6,511010.SH,ORIGINALUNIT,
2011/7/7,511010.SH,ORIGINALUNIT,
2011/7/8,511010.SH,ORIGINALUNIT,
2011/7/11,511010.SH,ORIGINALUNIT,
2011/7/12,511010.SH,ORIGINALUNIT,
2011/7/13,511010.SH,ORIGINALUNIT,
2011/7/14,511010.SH,ORIGINALUNIT,
2011/7/15,511010.SH,ORIGINALUNIT,
2011/7/18,511010.SH,ORIGINALUNIT,
2011/7/19,511010.SH,ORIGINALUNIT,
2011/7/20,511010.SH,ORIGINALUNIT,
2011/7/21,511010.SH,ORIGINALUNIT,
2011/7/22,511010.SH,ORIGINALUNIT,
2011/7/25,511010.SH,ORIGINALUNIT,
2011/7/26,511010.SH,ORIGINALUNIT,
2011/7/27,511010.SH,ORIGINALUNIT,
2011/7/28,511010.SH,ORIGINALUNIT,
2011/7/29,511010.SH,ORIGINALUNIT,
2011/8/1,511010.SH,ORIGINALUNIT,
2011/8/2,511010.SH,ORIGINALUNIT,
2011/8/3,511010.SH,ORIGINALUNIT,
2011/8/4,511010.SH,ORIGINALUNIT,
2011/8/5,511010.SH,ORIGINALUNIT,
2011/8/8,511010.SH,ORIGINALUNIT,
2011/8/9,511010.SH,ORIGINALUNIT,
2011/8/10,511010.SH,ORIGINALUNIT,
2011/8/11,511010.SH,ORIGINALUNIT,
2011/8/12,511010.SH,ORIGINALUNIT,
2011/8/15,511010.SH,ORIGINALUNIT,
2011/8/16,511010.SH,ORIGINALUNIT,
2011/8/17,511010.SH,ORIGINALUNIT,
2011/8/18,511010.SH,ORIGINALUNIT,
2011/8/19,511010.SH,ORIGINALUNIT,
2011/8/22,511010.SH,ORIGINALUNIT,
2011/8/23,511010.SH,ORIGINALUNIT,
2011/8/24,511010.SH,ORIGINALUNIT,
2011/8/25,511010.SH,ORIGINALUNIT,
2011/8/26,511010.SH,ORIGINALUNIT,
2011/8/29,511010.SH,ORIGINALUNIT,
2011/8/30,511010.SH,ORIGINALUNIT,
2011/8/31,511010.SH,ORIGINALUNIT,
2011/9/1,511010.SH,ORIGINALUNIT,
2011/9/2,511010.SH,ORIGINALUNIT,
2011/9/5,511010.SH,ORIGINALUNIT,
2011/9/6,511010.SH,ORIGINALUNIT,
2011/9/7,511010.SH,ORIGINALUNIT,
2011/9/8,511010.SH,ORIGINALUNIT,
2011/9/9,511010.SH,ORIGINALUNIT,
2011/9/13,511010.SH,ORIGINALUNIT,
2011/9/14,511010.SH,ORIGINALUNIT,
2011/9/15,511010.SH,ORIGINALUNIT,
2011/9/16,511010.SH,ORIGINALUNIT,
2011/9/19,511010.SH,ORIGINALUNIT,
2011/9/20,511010.SH,ORIGINALUNIT,
2011/9/21,511010.SH,ORIGINALUNIT,
2011/9/22,511010.SH,ORIGINALUNIT,
2011/9/23,511010.SH,ORIGINALUNIT,
2011/9/26,511010.SH,ORIGINALUNIT,
2011/9/27,511010.SH,ORIGINALUNIT,
2011/9/28,511010.SH,ORIGINALUNIT,
2011/9/29,511010.SH,ORIGINALUNIT,
2011/9/30,511010.SH,ORIGINALUNIT,
2011/10/10,511010.SH,ORIGINALUNIT,
2011/10/11,511010.SH,ORIGINALUNIT,
2011/10/12,511010.SH,ORIGINALUNIT,
2011/10/13,511010.SH,ORIGINALUNIT,
2011/10/14,511010.SH,ORIGINALUNIT,
2011/10/17,511010.SH,ORIGINALUNIT,
2011/10/18,511010.SH,ORIGINALUNIT,
2011/10/19,511010.SH,ORIGINALUNIT,
2011/10/20,511010.SH,ORIGINALUNIT,
2011/10/21,511010.SH,ORIGINALUNIT,
2011/10/24,511010.SH,ORIGINALUNIT,
2011/10/25,511010.SH,ORIGINALUNIT,
2011/10/26,511010.SH,ORIGINALUNIT,
2011/10/27,511010.SH,ORIGINALUNIT,
2011/10/28,511010.SH,ORIGINALUNIT,
2011/10/31,511010.SH,ORIGINALUNIT,
2011/11/1,511010.SH,ORIGINALUNIT,
2011/11/2,511010.SH,ORIGINALUNIT,
2011/11/3,511010.SH,ORIGINALUNIT,
2011/11/4,511010.SH,ORIGINALUNIT,
2011/11/7,511010.SH,ORIGINALUNIT,
2011/11/8,511010.SH,ORIGINALUNIT,
2011/11/9,511010.SH,ORIGINALUNIT,
2011/11/10,511010.SH,ORIGINALUNIT,
2011/11/11,511010.SH,ORIGINALUNIT,
2011/11/14,511010.SH,ORIGINALUNIT,
2011/11/15,511010.SH,ORIGINALUNIT,
2011/11/16,511010.SH,ORIGINALUNIT,
2011/11/17,511010.SH,ORIGINALUNIT,
2011/11/18,511010.SH,ORIGINALUNIT,
2011/11/21,511010.SH,ORIGINALUNIT,
2011/11/22,511010.SH,ORIGINALUNIT,
2011/11/23,511010.SH,ORIGINALUNIT,
2011/11/24,511010.SH,ORIGINALUNIT,
2011/11/25,511010.SH,ORIGINALUNIT,
2011/11/28,511010.SH,ORIGINALUNIT,
2011/11/29,511010.SH,ORIGINALUNIT,
2011/11/30,511010.SH,ORIGINALUNIT,
2011/12/1,511010.SH,ORIGINALUNIT,
2011/12/2,511010.SH,ORIGINALUNIT,
2011/12/5,511010.SH,ORIGINALUNIT,
2011/12/6,511010.SH,ORIGINALUNIT,
2011/12/7,511010.SH,ORIGINALUNIT,
2011/12/8,511010.SH,ORIGINALUNIT,
2011/12/9,511010.SH,ORIGINALUNIT,
2011/12/12,511010.SH,ORIGINALUNIT,
2011/12/13,511010.SH,ORIGINALUNIT,
2011/12/14,511010.SH,ORIGINALUNIT,
2011/12/15,511010.SH,ORIGINALUNIT,
2011/12/16,511010.SH,ORIGINALUNIT,
2011/12/19,511010.SH,ORIGINALUNIT,
2011/12/20,511010.SH,ORIGINALUNIT,
2011/12/21,511010.SH,ORIGINALUNIT,
2011/12/22,511010.SH,ORIGINALUNIT,
2011/12/23,511010.SH,ORIGINALUNIT,
2011/12/26,511010.SH,ORIGINALUNIT,
2011/12/27,511010.SH,ORIGINALUNIT,
2011/12/28,511010.SH,ORIGINALUNIT,
2011/12/29,511010.SH,ORIGINALUNIT,
2011/12/30,511010.SH,ORIGINALUNIT,
2012/1/4,511010.SH,ORIGINALUNIT,
2012/1/5,511010.SH,ORIGINALUNIT,
2012/1/6,511010.SH,ORIGINALUNIT,
2012/1/9,511010.SH,ORIGINALUNIT,
2012/1/10,511010.SH,ORIGINALUNIT,
2012/1/11,511010.SH,ORIGINALUNIT,
2012/1/12,511010.SH,ORIGINALUNIT,
2012/1/13,511010.SH,ORIGINALUNIT,
2012/1/16,511010.SH,ORIGINALUNIT,
2012/1/17,511010.SH,ORIGINALUNIT,
2012/1/18,511010.SH,ORIGINALUNIT,
2012/1/19,511010.SH,ORIGINALUNIT,
2012/1/20,511010.SH,ORIGINALUNIT,
2012/1/30,511010.SH,ORIGINALUNIT,
2012/1/31,511010.SH,ORIGINALUNIT,
2012/2/1,511010.SH,ORIGINALUNIT,
2012/2/2,511010.SH,ORIGINALUNIT,
2012/2/3,511010.SH,ORIGINALUNIT,
2012/2/6,511010.SH,ORIGINALUNIT,
2012/2/7,511010.SH,ORIGINALUNIT,
2012/2/8,511010.SH,ORIGINALUNIT,
2012/2/9,511010.SH,ORIGINALUNIT,
2012/2/10,511010.SH,ORIGINALUNIT,
2012/2/13,511010.SH,ORIGINALUNIT,
2012/2/14,511010.SH,ORIGINALUNIT,
2012/2/15,511010.SH,ORIGINALUNIT,
2012/2/16,511010.SH,ORIGINALUNIT,
2012/2/17,511010.SH,ORIGINALUNIT,
2012/2/20,511010.SH,ORIGINALUNIT,
2012/2/21,511010.SH,ORIGINALUNIT,
2012/2/22,511010.SH,ORIGINALUNIT,
2012/2/23,511010.SH,ORIGINALUNIT,
2012/2/24,511010.SH,ORIGINALUNIT,
2012/2/27,511010.SH,ORIGINALUNIT,
2012/2/28,511010.SH,ORIGINALUNIT,
2012/2/29,511010.SH,ORIGINALUNIT,
2012/3/1,511010.SH,ORIGINALUNIT,
2012/3/2,511010.SH,ORIGINALUNIT,
2012/3/5,511010.SH,ORIGINALUNIT,
2012/3/6,511010.SH,ORIGINALUNIT,
2012/3/7,511010.SH,ORIGINALUNIT,
2012/3/8,511010.SH,ORIGINALUNIT,
2012/3/9,511010.SH,ORIGINALUNIT,
2012/3/12,511010.SH,ORIGINALUNIT,
2012/3/13,511010.SH,ORIGINALUNIT,
2012/3/14,511010.SH,ORIGINALUNIT,
2012/3/15,511010.SH,ORIGINALUNIT,
2012/3/16,511010.SH,ORIGINALUNIT,
2012/3/19,511010.SH,ORIGINALUNIT,
2012/3/20,511010.SH,ORIGINALUNIT,
2012/3/21,511010.SH,ORIGINALUNIT,
2012/3/22,511010.SH,ORIGINALUNIT,
2012/3/23,511010.SH,ORIGINALUNIT,
2012/3/26,511010.SH,ORIGINALUNIT,
2012/3/27,511010.SH,ORIGINALUNIT,
2012/3/28,511010.SH,ORIGINALUNIT,
2012/3/29,511010.SH,ORIGINALUNIT,
2012/3/30,511010.SH,ORIGINALUNIT,
2012/4/5,511010.SH,ORIGINALUNIT,
2012/4/6,511010.SH,ORIGINALUNIT,
2012/4/9,511010.SH,ORIGINALUNIT,
2012/4/10,511010.SH,ORIGINALUNIT,
2012/4/11,511010.SH,ORIGINALUNIT,
2012/4/12,511010.SH,ORIGINALUNIT,
2012/4/13,511010.SH,ORIGINALUNIT,
2012/4/16,511010.SH,ORIGINALUNIT,
2012/4/17,511010.SH,ORIGINALUNIT,
2012/4/18,511010.SH,ORIGINALUNIT,
2012/4/19,511010.SH,ORIGINALUNIT,
2012/4/20,511010.SH,ORIGINALUNIT,
2012/4/23,511010.SH,ORIGINALUNIT,
2012/4/24,511010.SH,ORIGINALUNIT,
2012/4/25,511010.SH,ORIGINALUNIT,
2012/4/26,511010.SH,ORIGINALUNIT,
2012/4/27,511010.SH,ORIGINALUNIT,
2012/5/2,511010.SH,ORIGINALUNIT,
2012/5/3,511010.SH,ORIGINALUNIT,
2012/5/4,511010.SH,ORIGINALUNIT,
2012/5/7,511010.SH,ORIGINALUNIT,
2012/5/8,511010.SH,ORIGINALUNIT,
2012/5/9,511010.SH,ORIGINALUNIT,
2012/5/10,511010.SH,ORIGINALUNIT,
2012/5/11,511010.SH,ORIGINALUNIT,
2012/5/14,511010.SH,ORIGINALUNIT,
2012/5/15,511010.SH,ORIGINALUNIT,
2012/5/16,511010.SH,ORIGINALUNIT,
2012/5/17,511010.SH,ORIGINALUNIT,
2012/5/18,511010.SH,ORIGINALUNIT,
2012/5/21,511010.SH,ORIGINALUNIT,
2012/5/22,511010.SH,ORIGINALUNIT,
2012/5/23,511010.SH,ORIGINALUNIT,
2012/5/24,511010.SH,ORIGINALUNIT,
2012/5/25,511010.SH,ORIGINALUNIT,
2012/5/28,511010.SH,ORIGINALUNIT,
2012/5/29,511010.SH,ORIGINALUNIT,
2012/5/30,511010.SH,ORIGINALUNIT,
2012/5/31,511010.SH,ORIGINALUNIT,
2012/6/1,511010.SH,ORIGINALUNIT,
2012/6/4,511010.SH,ORIGINALUNIT,
2012/6/5,511010.SH,ORIGINALUNIT,
2012/6/6,511010.SH,ORIGINALUNIT,
2012/6/7,511010.SH,ORIGINALUNIT,
2012/6/8,511010.SH,ORIGINALUNIT,
2012/6/11,511010.SH,ORIGINALUNIT,
2012/6/12,511010.SH,ORIGINALUNIT,
2012/6/13,511010.SH,ORIGINALUNIT,
2012/6/14,511010.SH,ORIGINALUNIT,
2012/6/15,511010.SH,ORIGINALUNIT,
2012/6/18,511010.SH,ORIGINALUNIT,
2012/6/19,511010.SH,ORIGINALUNIT,
2012/6/20,511010.SH,ORIGINALUNIT,
2012/6/21,511010.SH,ORIGINALUNIT,
2012/6/25,511010.SH,ORIGINALUNIT,
2012/6/26,511010.SH,ORIGINALUNIT,
2012/6/27,511010.SH,ORIGINALUNIT,
2012/6/28,511010.SH,ORIGINALUNIT,
2012/6/29,511010.SH,ORIGINALUNIT,
2012/7/2,511010.SH,ORIGINALUNIT,
2012/7/3,511010.SH,ORIGINALUNIT,
2012/7/4,511010.SH,ORIGINALUNIT,
2012/7/5,511010.SH,ORIGINALUNIT,
2012/7/6,511010.SH,ORIGINALUNIT,
2012/7/9,511010.SH,ORIGINALUNIT,
2012/7/10,511010.SH,ORIGINALUNIT,
2012/7/11,511010.SH,ORIGINALUNIT,
2012/7/12,511010.SH,ORIGINALUNIT,
2012/7/13,511010.SH,ORIGINALUNIT,
2012/7/16,511010.SH,ORIGINALUNIT,
2012/7/17,511010.SH,ORIGINALUNIT,
2012/7/18,511010.SH,ORIGINALUNIT,
2012/7/19,511010.SH,ORIGINALUNIT,
2012/7/20,511010.SH,ORIGINALUNIT,
2012/7/23,511010.SH,ORIGINALUNIT,
2012/7/24,511010.SH,ORIGINALUNIT,
2012/7/25,511010.SH,ORIGINALUNIT,
2012/7/26,511010.SH,ORIGINALUNIT,
2012/7/27,511010.SH,ORIGINALUNIT,
2012/7/30,511010.SH,ORIGINALUNIT,
2012/7/31,511010.SH,ORIGINALUNIT,
2012/8/1,511010.SH,ORIGINALUNIT,
2012/8/2,511010.SH,ORIGINALUNIT,
2012/8/3,511010.SH,ORIGINALUNIT,
2012/8/6,511010.SH,ORIGINALUNIT,
2012/8/7,511010.SH,ORIGINALUNIT,
2012/8/8,511010.SH,ORIGINALUNIT,
2012/8/9,511010.SH,ORIGINALUNIT,
2012/8/10,511010.SH,ORIGINALUNIT,
2012/8/13,511010.SH,ORIGINALUNIT,
2012/8/14,511010.SH,ORIGINALUNIT,
2012/8/15,511010.SH,ORIGINALUNIT,
2012/8/16,511010.SH,ORIGINALUNIT,
2012/8/17,511010.SH,ORIGINALUNIT,
2012/8/20,511010.SH,ORIGINALUNIT,
2012/8/21,511010.SH,ORIGINALUNIT,
2012/8/22,511010.SH,ORIGINALUNIT,
2012/8/23,511010.SH,ORIGINALUNIT,
2012/8/24,511010.SH,ORIGINALUNIT,
2012/8/27,511010.SH,ORIGINALUNIT,
2012/8/28,511010.SH,ORIGINALUNIT,
2012/8/29,511010.SH,ORIGINALUNIT,
2012/8/30,511010.SH,ORIGINALUNIT,
2012/8/31,511010.SH,ORIGINALUNIT,
2012/9/3,511010.SH,ORIGINALUNIT,
2012/9/4,511010.SH,ORIGINALUNIT,
2012/9/5,511010.SH,ORIGINALUNIT,
2012/9/6,511010.SH,ORIGINALUNIT,
2012/9/7,511010.SH,ORIGINALUNIT,
2012/9/10,511010.SH,ORIGINALUNIT,
2012/9/11,511010.SH,ORIGINALUNIT,
2012/9/12,511010.SH,ORIGINALUNIT,
2012/9/13,511010.SH,ORIGINALUNIT,
2012/9/14,511010.SH,ORIGINALUNIT,
2012/9/17,511010.SH,ORIGINALUNIT,
2012/9/18,511010.SH,ORIGINALUNIT,
2012/9/19,511010.SH,ORIGINALUNIT,
2012/9/20,511010.SH,ORIGINALUNIT,
2012/9/21,511010.SH,ORIGINALUNIT,
2012/9/24,511010.SH,ORIGINALUNIT,
2012/9/25,511010.SH,ORIGINALUNIT,
2012/9/26,511010.SH,ORIGINALUNIT,
2012/9/27,511010.SH,ORIGINALUNIT,
2012/9/28,511010.SH,ORIGINALUNIT,
2012/10/8,511010.SH,ORIGINALUNIT,
2012/10/9,511010.SH,ORIGINALUNIT,
2012/10/10,511010.SH,ORIGINALUNIT,
2012/10/11,511010.SH,ORIGINALUNIT,
2012/10/12,511010.SH,ORIGINALUNIT,
2012/10/15,511010.SH,ORIGINALUNIT,
2012/10/16,511010.SH,ORIGINALUNIT,
2012/10/17,511010.SH,ORIGINALUNIT,
2012/10/18,511010.SH,ORIGINALUNIT,
2012/10/19,511010.SH,ORIGINALUNIT,
2012/10/22,511010.SH,ORIGINALUNIT,
2012/10/23,511010.SH,ORIGINALUNIT,
2012/10/24,511010.SH,ORIGINALUNIT,
2012/10/25,511010.SH,ORIGINALUNIT,
2012/10/26,511010.SH,ORIGINALUNIT,
2012/10/29,511010.SH,ORIGINALUNIT,
2012/10/30,511010.SH,ORIGINALUNIT,
2012/10/31,511010.SH,ORIGINALUNIT,
2012/11/1,511010.SH,ORIGINALUNIT,
2012/11/2,511010.SH,ORIGINALUNIT,
2012/11/5,511010.SH,ORIGINALUNIT,
2012/11/6,511010.SH,ORIGINALUNIT,
2012/11/7,511010.SH,ORIGINALUNIT,
2012/11/8,511010.SH,ORIGINALUNIT,
2012/11/9,511010.SH,ORIGINALUNIT,
2012/11/12,511010.SH,ORIGINALUNIT,
2012/11/13,511010.SH,ORIGINALUNIT,
2012/11/14,511010.SH,ORIGINALUNIT,
2012/11/15,511010.SH,ORIGINALUNIT,
2012/11/16,511010.SH,ORIGINALUNIT,
2012/11/19,511010.SH,ORIGINALUNIT,
2012/11/20,511010.SH,ORIGINALUNIT,
2012/11/21,511010.SH,ORIGINALUNIT,
2012/11/22,511010.SH,ORIGINALUNIT,
2012/11/23,511010.SH,ORIGINALUNIT,
2012/11/26,511010.SH,ORIGINALUNIT,
2012/11/27,511010.SH,ORIGINALUNIT,
2012/11/28,511010.SH,ORIGINALUNIT,
2012/11/29,511010.SH,ORIGINALUNIT,
2012/11/30,511010.SH,ORIGINALUNIT,
2012/12/3,511010.SH,ORIGINALUNIT,
2012/12/4,511010.SH,ORIGINALUNIT,
2012/12/5,511010.SH,ORIGINALUNIT,
2012/12/6,511010.SH,ORIGINALUNIT,
2012/12/7,511010.SH,ORIGINALUNIT,
2012/12/10,511010.SH,ORIGINALUNIT,
2012/12/11,511010.SH,ORIGINALUNIT,
2012/12/12,511010.SH,ORIGINALUNIT,
2012/12/13,511010.SH,ORIGINALUNIT,
2012/12/14,511010.SH,ORIGINALUNIT,
2012/12/17,511010.SH,ORIGINALUNIT,
2012/12/18,511010.SH,ORIGINALUNIT,
2012/12/19,511010.SH,ORIGINALUNIT,
2012/12/20,511010.SH,ORIGINALUNIT,
2012/12/21,511010.SH,ORIGINALUNIT,
2012/12/24,511010.SH,ORIGINALUNIT,
2012/12/25,511010.SH,ORIGINALUNIT,
2012/12/26,511010.SH,ORIGINALUNIT,
2012/12/27,511010.SH,ORIGINALUNIT,
2012/12/28,511010.SH,ORIGINALUNIT,
2012/12/31,511010.SH,ORIGINALUNIT,
2013/1/4,511010.SH,ORIGINALUNIT,
2013/1/7,511010.SH,ORIGINALUNIT,
2013/1/8,511010.SH,ORIGINALUNIT,
2013/1/9,511010.SH,ORIGINALUNIT,
2013/1/10,511010.SH,ORIGINALUNIT,
2013/1/11,511010.SH,ORIGINALUNIT,
2013/1/14,511010.SH,ORIGINALUNIT,
2013/1/15,511010.SH,ORIGINALUNIT,
2013/1/16,511010.SH,ORIGINALUNIT,
2013/1/17,511010.SH,ORIGINALUNIT,
2013/1/18,511010.SH,ORIGINALUNIT,
2013/1/21,511010.SH,ORIGINALUNIT,
2013/1/22,511010.SH,ORIGINALUNIT,
2013/1/23,511010.SH,ORIGINALUNIT,
2013/1/24,511010.SH,ORIGINALUNIT,
2013/1/25,511010.SH,ORIGINALUNIT,
2013/1/28,511010.SH,ORIGINALUNIT,
2013/1/29,511010.SH,ORIGINALUNIT,
2013/1/30,511010.SH,ORIGINALUNIT,
2013/1/31,511010.SH,ORIGINALUNIT,
2013/2/1,511010.SH,ORIGINALUNIT,
2013/2/4,511010.SH,ORIGINALUNIT,
2013/2/5,511010.SH,ORIGINALUNIT,
2013/2/6,511010.SH,ORIGINALUNIT,
2013/2/7,511010.SH,ORIGINALUNIT,
2013/2/8,511010.SH,ORIGINALUNIT,
2013/2/18,511010.SH,ORIGINALUNIT,
2013/2/19,511010.SH,ORIGINALUNIT,
2013/2/20,511010.SH,ORIGINALUNIT,
2013/2/21,511010.SH,ORIGINALUNIT,
2013/2/22,511010.SH,ORIGINALUNIT,
2013/2/25,511010.SH,ORIGINALUNIT,
2013/2/26,511010.SH,ORIGINALUNIT,
2013/2/27,511010.SH,ORIGINALUNIT,
2013/2/28,511010.SH,ORIGINALUNIT,
2013/3/1,511010.SH,ORIGINALUNIT,
2013/3/4,511010.SH,ORIGINALUNIT,
2013/3/5,511010.SH,ORIGINALUNIT,100.0
2013/3/6,511010.SH,ORIGINALUNIT,
2013/3/7,511010.SH,ORIGINALUNIT,
2013/3/8,511010.SH,ORIGINALUNIT,100.012
2013/3/11,511010.SH,ORIGINALUNIT,
2013/3/12,511010.SH,ORIGINALUNIT,
2013/3/13,511010.SH,ORIGINALUNIT,
2013/3/14,511010.SH,ORIGINALUNIT,
2013/3/15,511010.SH,ORIGINALUNIT,99.786
2013/3/18,511010.SH,ORIGINALUNIT,99.818
2013/3/19,511010.SH,ORIGINALUNIT,
2013/3/20,511010.SH,ORIGINALUNIT,
2013/3/21,511010.SH,ORIGINALUNIT,
2013/3/22,511010.SH,ORIGINALUNIT,99.853
2013/3/25,511010.SH,ORIGINALUNIT,99.89
2013/3/26,511010.SH,ORIGINALUNIT,99.889
2013/3/27,511010.SH,ORIGINALUNIT,99.901
2013/3/28,511010.SH,ORIGINALUNIT,99.953
2013/3/29,511010.SH,ORIGINALUNIT,99.961
2013/4/1,511010.SH,ORIGINALUNIT,100.097
2013/4/2,511010.SH,ORIGINALUNIT,100.243
2013/4/3,511010.SH,ORIGINALUNIT,100.316
2013/4/8,511010.SH,ORIGINALUNIT,100.344
2013/4/9,511010.SH,ORIGINALUNIT,100.375
2013/4/10,511010.SH,ORIGINALUNIT,100.457
2013/4/11,511010.SH,ORIGINALUNIT,100.429
2013/4/12,511010.SH,ORIGINALUNIT,100.48
2013/4/15,511010.SH,ORIGINALUNIT,100.56
2013/4/16,511010.SH,ORIGINALUNIT,100.755
2013/4/17,511010.SH,ORIGINALUNIT,100.666
2013/4/18,511010.SH,ORIGINALUNIT,100.554
2013/4/19,511010.SH,ORIGINALUNIT,100.551
2013/4/22,511010.SH,ORIGINALUNIT,100.438
2013/4/23,511010.SH,ORIGINALUNIT,100.609
2013/4/24,511010.SH,ORIGINALUNIT,100.672
2013/4/25,511010.SH,ORIGINALUNIT,100.675
2013/4/26,511010.SH,ORIGINALUNIT,100.761
2013/5/2,511010.SH,ORIGINALUNIT,100.923
2013/5/3,511010.SH,ORIGINALUNIT,100.965
2013/5/6,511010.SH,ORIGINALUNIT,100.878
2013/5/7,511010.SH,ORIGINALUNIT,101.121
2013/5/8,511010.SH,ORIGINALUNIT,100.96
2013/5/9,511010.SH,ORIGINALUNIT,100.959
2013/5/10,511010.SH,ORIGINALUNIT,101.042
2013/5/13,511010.SH,ORIGINALUNIT,101.051
2013/5/14,511010.SH,ORIGINALUNIT,101.058
2013/5/15,511010.SH,ORIGINALUNIT,101.083
2013/5/16,511010.SH,ORIGINALUNIT,101.067
2013/5/17,511010.SH,ORIGINALUNIT,100.992
2013/5/20,511010.SH,ORIGINALUNIT,101.0
2013/5/21,511010.SH,ORIGINALUNIT,100.984
2013/5/22,511010.SH,ORIGINALUNIT,101.013
2013/5/23,511010.SH,ORIGINALUNIT,101.045
2013/5/24,511010.SH,ORIGINALUNIT,101.072
2013/5/27,511010.SH,ORIGINALUNIT,101.115
2013/5/28,511010.SH,ORIGINALUNIT,101.175
2013/5/29,511010.SH,ORIGINALUNIT,101.041
2013/5/30,511010.SH,ORIGINALUNIT,101.058
2013/5/31,511010.SH,ORIGINALUNIT,101.027
2013/6/3,511010.SH,ORIGINALUNIT,100.692
2013/6/4,511010.SH,ORIGINALUNIT,100.661
2013/6/5,511010.SH,ORIGINALUNIT,100.597
2013/6/6,511010.SH,ORIGINALUNIT,100.523
2013/6/7,511010.SH,ORIGINALUNIT,100.417
2013/6/13,511010.SH,ORIGINALUNIT,100.524
2013/6/14,511010.SH,ORIGINALUNIT,100.439
2013/6/17,511010.SH,ORIGINALUNIT,100.422
2013/6/18,511010.SH,ORIGINALUNIT,100.345
2013/6/19,511010.SH,ORIGINALUNIT,100.012
2013/6/20,511010.SH,ORIGINALUNIT,99.15
2013/6/21,511010.SH,ORIGINALUNIT,99.305
2013/6/24,511010.SH,ORIGINALUNIT,99.472
2013/6/25,511010.SH,ORIGINALUNIT,99.603
2013/6/26,511010.SH,ORIGINALUNIT,100.205
2013/6/27,511010.SH,ORIGINALUNIT,100.428
2013/6/28,511010.SH,ORIGINALUNIT,100.557
2013/7/1,511010.SH,ORIGINALUNIT,100.567
2013/7/2,511010.SH,ORIGINALUNIT,100.571
2013/7/3,511010.SH,ORIGINALUNIT,100.604
2013/7/4,511010.SH,ORIGINALUNIT,100.618
2013/7/5,511010.SH,ORIGINALUNIT,100.625
2013/7/8,511010.SH,ORIGINALUNIT,100.542
2013/7/9,511010.SH,ORIGINALUNIT,100.466
2013/7/10,511010.SH,ORIGINALUNIT,100.235
2013/7/11,511010.SH,ORIGINALUNIT,100.076
2013/7/12,511010.SH,ORIGINALUNIT,99.912
2013/7/15,511010.SH,ORIGINALUNIT,99.898
2013/7/16,511010.SH,ORIGINALUNIT,99.829
2013/7/17,511010.SH,ORIGINALUNIT,99.67
2013/7/18,511010.SH,ORIGINALUNIT,99.66
2013/7/19,511010.SH,ORIGINALUNIT,99.633
2013/7/22,511010.SH,ORIGINALUNIT,99.455
2013/7/23,511010.SH,ORIGINALUNIT,99.229
2013/7/24,511010.SH,ORIGINALUNIT,98.93
2013/7/25,511010.SH,ORIGINALUNIT,99.101
2013/7/26,511010.SH,ORIGINALUNIT,99.194
2013/7/29,511010.SH,ORIGINALUNIT,99.171
2013/7/30,511010.SH,ORIGINALUNIT,99.216
2013/7/31,511010.SH,ORIGINALUNIT,99.312
2013/8/1,511010.SH,ORIGINALUNIT,99.434
2013/8/2,511010.SH,ORIGINALUNIT,99.458
2013/8/5,511010.SH,ORIGINALUNIT,99.412
2013/8/6,511010.SH,ORIGINALUNIT,99.369
2013/8/7,511010.SH,ORIGINALUNIT,99.166
2013/8/8,511010.SH,ORIGINALUNIT,98.91
2013/8/9,511010.SH,ORIGINALUNIT,98.851
2013/8/12,511010.SH,ORIGINALUNIT,98.766
2013/8/13,511010.SH,ORIGINALUNIT,98.478
2013/8/14,511010.SH,ORIGINALUNIT,98.191
2013/8/15,511010.SH,ORIGINALUNIT,98.154
2013/8/16,511010.SH,ORIGINALUNIT,98.214
2013/8/19,511010.SH,ORIGINALUNIT,98.085
2013/8/20,511010.SH,ORIGINALUNIT,97.82
2013/8/21,511010.SH,ORIGINALUNIT,97.985
2013/8/22,511010.SH,ORIGINALUNIT,97.971
2013/8/23,511010.SH,ORIGINALUNIT,98.196
2013/8/26,511010.SH,ORIGINALUNIT,98.352
2013/8/27,511010.SH,ORIGINALUNIT,98.339
2013/8/28,511010.SH,ORIGINALUNIT,98.099
2013/8/29,511010.SH,ORIGINALUNIT,98.072
2013/8/30,511010.SH,ORIGINALUNIT,98.097
2013/9/2,511010.SH,ORIGINALUNIT,98.105
2013/9/3,511010.SH,ORIGINALUNIT,98.088
2013/9/4,511010.SH,ORIGINALUNIT,97.96
2013/9/5,511010.SH,ORIGINALUNIT,98.02
2013/9/6,511010.SH,ORIGINALUNIT,98.055
2013/9/9,511010.SH,ORIGINALUNIT,97.942
2013/9/10,511010.SH,ORIGINALUNIT,97.82
2013/9/11,511010.SH,ORIGINALUNIT,97.58
2013/9/12,511010.SH,ORIGINALUNIT,97.616
2013/9/13,511010.SH,ORIGINALUNIT,97.657
2013/9/16,511010.SH,ORIGINALUNIT,97.706
2013/9/17,511010.SH,ORIGINALUNIT,97.945
2013/9/18,511010.SH,ORIGINALUNIT,97.955
2013/9/23,511010.SH,ORIGINALUNIT,98.212
2013/9/24,511010.SH,ORIGINALUNIT,98.226
2013/9/25,511010.SH,ORIGINALUNIT,98.324
2013/9/26,511010.SH,ORIGINALUNIT,98.474
2013/9/27,511010.SH,ORIGINALUNIT,98.429
2013/9/30,511010.SH,ORIGINALUNIT,98.451
2013/10/8,511010.SH,ORIGINALUNIT,98.579
2013/10/9,511010.SH,ORIGINALUNIT,98.501
2013/10/10,511010.SH,ORIGINALUNIT,98.538
2013/10/11,511010.SH,ORIGINALUNIT,98.478
2013/10/14,511010.SH,ORIGINALUNIT,98.37
2013/10/15,511010.SH,ORIGINALUNIT,98.318
2013/10/16,511010.SH,ORIGINALUNIT,98.285
2013/10/17,511010.SH,ORIGINALUNIT,98.254
2013/10/18,511010.SH,ORIGINALUNIT,98.228
2013/10/21,511010.SH,ORIGINALUNIT,98.181
2013/10/22,511010.SH,ORIGINALUNIT,98.159
2013/10/23,511010.SH,ORIGINALUNIT,98.105
2013/10/24,511010.SH,ORIGINALUNIT,97.974
2013/10/25,511010.SH,ORIGINALUNIT,97.921
2013/10/28,511010.SH,ORIGINALUNIT,97.905
2013/10/29,511010.SH,ORIGINALUNIT,97.813
2013/10/30,511010.SH,ORIGINALUNIT,97.793
2013/10/31,511010.SH,ORIGINALUNIT,97.897
2013/11/1,511010.SH,ORIGINALUNIT,98.107
2013/11/4,511010.SH,ORIGINALUNIT,97.999
2013/11/5,511010.SH,ORIGINALUNIT,97.878
2013/11/6,511010.SH,ORIGINALUNIT,97.607
2013/11/7,511010.SH,ORIGINALUNIT,97.341
2013/11/8,511010.SH,ORIGINALUNIT,97.141
2013/11/11,511010.SH,ORIGINALUNIT,96.634
2013/11/12,511010.SH,ORIGINALUNIT,96.768
2013/11/13,511010.SH,ORIGINALUNIT,96.446
2013/11/14,511010.SH,ORIGINALUNIT,96.442
2013/11/15,511010.SH,ORIGINALUNIT,96.074
2013/11/18,511010.SH,ORIGINALUNIT,95.992
2013/11/19,511010.SH,ORIGINALUNIT,95.916
2013/11/20,511010.SH,ORIGINALUNIT,95.8
2013/11/21,511010.SH,ORIGINALUNIT,95.956
2013/11/22,511010.SH,ORIGINALUNIT,96.197
2013/11/25,511010.SH,ORIGINALUNIT,96.113
2013/11/26,511010.SH,ORIGINALUNIT,96.166
2013/11/27,511010.SH,ORIGINALUNIT,96.533
2013/11/28,511010.SH,ORIGINALUNIT,96.872
2013/11/29,511010.SH,ORIGINALUNIT,97.015
2013/12/2,511010.SH,ORIGINALUNIT,96.58
2013/12/3,511010.SH,ORIGINALUNIT,96.754
2013/12/4,511010.SH,ORIGINALUNIT,96.778
2013/12/5,511010.SH,ORIGINALUNIT,96.594
2013/12/6,511010.SH,ORIGINALUNIT,96.496
2013/12/9,511010.SH,ORIGINALUNIT,96.33
2013/12/10,511010.SH,ORIGINALUNIT,96.083
2013/12/11,511010.SH,ORIGINALUNIT,95.962
2013/12/12,511010.SH,ORIGINALUNIT,96.14
2013/12/13,511010.SH,ORIGINALUNIT,96.425
2013/12/16,511010.SH,ORIGINALUNIT,96.333
2013/12/17,511010.SH,ORIGINALUNIT,96.268
2013/12/18,511010.SH,ORIGINALUNIT,96.174
2013/12/19,511010.SH,ORIGINALUNIT,96.068
2013/12/20,511010.SH,ORIGINALUNIT,96.117
2013/12/23,511010.SH,ORIGINALUNIT,96.16
2013/12/24,511010.SH,ORIGINALUNIT,96.32
2013/12/25,511010.SH,ORIGINALUNIT,96.308
2013/12/26,511010.SH,ORIGINALUNIT,96.355
2013/12/27,511010.SH,ORIGINALUNIT,96.297
2013/12/30,511010.SH,ORIGINALUNIT,96.302
2013/12/31,511010.SH,ORIGINALUNIT,96.325
2014/1/2,511010.SH,ORIGINALUNIT,96.255
2014/1/3,511010.SH,ORIGINALUNIT,96.194
2014/1/6,511010.SH,ORIGINALUNIT,96.055
2014/1/7,511010.SH,ORIGINALUNIT,96.199
2014/1/8,511010.SH,ORIGINALUNIT,96.356
2014/1/9,511010.SH,ORIGINALUNIT,96.468
2014/1/10,511010.SH,ORIGINALUNIT,96.491
2014/1/13,511010.SH,ORIGINALUNIT,96.489
2014/1/14,511010.SH,ORIGINALUNIT,96.509
2014/1/15,511010.SH,ORIGINALUNIT,96.724
2014/1/16,511010.SH,ORIGINALUNIT,96.677
2014/1/17,511010.SH,ORIGINALUNIT,96.634
2014/1/20,511010.SH,ORIGINALUNIT,96.677
2014/1/21,511010.SH,ORIGINALUNIT,97.003
2014/1/22,511010.SH,ORIGINALUNIT,97.167
2014/1/23,511010.SH,ORIGINALUNIT,97.111
2014/1/24,511010.SH,ORIGINALUNIT,97.099
2014/1/27,511010.SH,ORIGINALUNIT,97.438
2014/1/28,511010.SH,ORIGINALUNIT,97.352
2014/1/29,511010.SH,ORIGINALUNIT,97.369
2014/1/30,511010.SH,ORIGINALUNIT,97.392
2014/2/7,511010.SH,ORIGINALUNIT,97.611
2014/2/10,511010.SH,ORIGINALUNIT,97.649
2014/2/11,511010.SH,ORIGINALUNIT,97.695
2014/2/12,511010.SH,ORIGINALUNIT,97.718
2014/2/13,511010.SH,ORIGINALUNIT,97.756
2014/2/14,511010.SH,ORIGINALUNIT,97.779
2014/2/17,511010.SH,ORIGINALUNIT,97.709
2014/2/18,511010.SH,ORIGINALUNIT,97.62
2014/2/19,511010.SH,ORIGINALUNIT,97.586
2014/2/20,511010.SH,ORIGINALUNIT,97.583
2014/2/21,511010.SH,ORIGINALUNIT,97.643
2014/2/24,511010.SH,ORIGINALUNIT,97.821
2014/2/25,511010.SH,ORIGINALUNIT,98.248
2014/2/26,511010.SH,ORIGINALUNIT,98.092
2014/2/27,511010.SH,ORIGINALUNIT,98.525
2014/2/28,511010.SH,ORIGINALUNIT,98.412
2014/3/3,511010.SH,ORIGINALUNIT,98.35
2014/3/4,511010.SH,ORIGINALUNIT,97.965
2014/3/5,511010.SH,ORIGINALUNIT,97.951
2014/3/6,511010.SH,ORIGINALUNIT,98.002
2014/3/7,511010.SH,ORIGINALUNIT,97.996
2014/3/10,511010.SH,ORIGINALUNIT,98.089
2014/3/11,511010.SH,ORIGINALUNIT,98.081
2014/3/12,511010.SH,ORIGINALUNIT,98.085
2014/3/13,511010.SH,ORIGINALUNIT,98.182
2014/3/14,511010.SH,ORIGINALUNIT,98.284
2014/3/17,511010.SH,ORIGINALUNIT,98.308
2014/3/18,511010.SH,ORIGINALUNIT,98.186
2014/3/19,511010.SH,ORIGINALUNIT,98.117
2014/3/20,511010.SH,ORIGINALUNIT,98.192
2014/3/21,511010.SH,ORIGINALUNIT,98.232
2014/3/24,511010.SH,ORIGINALUNIT,98.197
2014/3/25,511010.SH,ORIGINALUNIT,98.179
2014/3/26,511010.SH,ORIGINALUNIT,98.199
2014/3/27,511010.SH,ORIGINALUNIT,98.26
2014/3/28,511010.SH,ORIGINALUNIT,98.21
2014/3/31,511010.SH,ORIGINALUNIT,98.297
2014/4/1,511010.SH,ORIGINALUNIT,98.216
2014/4/2,511010.SH,ORIGINALUNIT,98.157
2014/4/3,511010.SH,ORIGINALUNIT,98.055
2014/4/4,511010.SH,ORIGINALUNIT,98.024
2014/4/8,511010.SH,ORIGINALUNIT,98.122
2014/4/9,511010.SH,ORIGINALUNIT,98.052
2014/4/10,511010.SH,ORIGINALUNIT,98.188
2014/4/11,511010.SH,ORIGINALUNIT,98.236
2014/4/14,511010.SH,ORIGINALUNIT,98.397
2014/4/15,511010.SH,ORIGINALUNIT,98.376
2014/4/16,511010.SH,ORIGINALUNIT,98.473
2014/4/17,511010.SH,ORIGINALUNIT,98.754
2014/4/18,511010.SH,ORIGINALUNIT,98.73
2014/4/21,511010.SH,ORIGINALUNIT,98.714
2014/4/22,511010.SH,ORIGINALUNIT,98.732
2014/4/23,511010.SH,ORIGINALUNIT,98.685
2014/4/24,511010.SH,ORIGINALUNIT,98.735
2014/4/25,511010.SH,ORIGINALUNIT,98.763
2014/4/28,511010.SH,ORIGINALUNIT,98.794
2014/4/29,511010.SH,ORIGINALUNIT,98.8
2014/4/30,511010.SH,ORIGINALUNIT,98.811
2014/5/5,511010.SH,ORIGINALUNIT,98.892
2014/5/6,511010.SH,ORIGINALUNIT,99.024
2014/5/7,511010.SH,ORIGINALUNIT,99.16
2014/5/8,511010.SH,ORIGINALUNIT,99.258
2014/5/9,511010.SH,ORIGINALUNIT,99.727
2014/5/12,511010.SH,ORIGINALUNIT,99.649
2014/5/13,511010.SH,ORIGINALUNIT,99.696
2014/5/14,511010.SH,ORIGINALUNIT,99.625
2014/5/15,511010.SH,ORIGINALUNIT,99.558
2014/5/16,511010.SH,ORIGINALUNIT,99.541
2014/5/19,511010.SH,ORIGINALUNIT,99.626
2014/5/20,511010.SH,ORIGINALUNIT,99.591
2014/5/21,511010.SH,ORIGINALUNIT,99.623
2014/5/22,511010.SH,ORIGINALUNIT,99.678
2014/5/23,511010.SH,ORIGINALUNIT,99.713
2014/5/26,511010.SH,ORIGINALUNIT,99.754
2014/5/27,511010.SH,ORIGINALUNIT,99.823
2014/5/28,511010.SH,ORIGINALUNIT,100.06
2014/5/29,511010.SH,ORIGINALUNIT,100.183
2014/5/30,511010.SH,ORIGINALUNIT,100.327
2014/6/3,511010.SH,ORIGINALUNIT,100.601
2014/6/4,511010.SH,ORIGINALUNIT,100.766
2014/6/5,511010.SH,ORIGINALUNIT,100.637
2014/6/6,511010.SH,ORIGINALUNIT,100.589
2014/6/9,511010.SH,ORIGINALUNIT,100.636
2014/6/10,511010.SH,ORIGINALUNIT,100.706
2014/6/11,511010.SH,ORIGINALUNIT,100.725
2014/6/12,511010.SH,ORIGINALUNIT,100.696
2014/6/13,511010.SH,ORIGINALUNIT,100.634
2014/6/16,511010.SH,ORIGINALUNIT,100.817
2014/6/17,511010.SH,ORIGINALUNIT,100.825
2014/6/18,511010.SH,ORIGINALUNIT,100.767
2014/6/19,511010.SH,ORIGINALUNIT,100.732
2014/6/20,511010.SH,ORIGINALUNIT,100.848
2014/6/23,511010.SH,ORIGINALUNIT,100.809
2014/6/24,511010.SH,ORIGINALUNIT,100.854
2014/6/25,511010.SH,ORIGINALUNIT,100.866
2014/6/26,511010.SH,ORIGINALUNIT,100.86
2014/6/27,511010.SH,ORIGINALUNIT,100.826
2014/6/30,511010.SH,ORIGINALUNIT,100.832
2014/7/1,511010.SH,ORIGINALUNIT,100.698
2014/7/2,511010.SH,ORIGINALUNIT,100.433
2014/7/3,511010.SH,ORIGINALUNIT,100.333
2014/7/4,511010.SH,ORIGINALUNIT,100.276
2014/7/7,511010.SH,ORIGINALUNIT,100.395
2014/7/8,511010.SH,ORIGINALUNIT,100.324
2014/7/9,511010.SH,ORIGINALUNIT,100.358
2014/7/10,511010.SH,ORIGINALUNIT,100.317
2014/7/11,511010.SH,ORIGINALUNIT,100.329
2014/7/14,511010.SH,ORIGINALUNIT,100.286
2014/7/15,511010.SH,ORIGINALUNIT,100.147
2014/7/16,511010.SH,ORIGINALUNIT,99.97
2014/7/17,511010.SH,ORIGINALUNIT,99.722
2014/7/18,511010.SH,ORIGINALUNIT,99.705
2014/7/21,511010.SH,ORIGINALUNIT,99.828
2014/7/22,511010.SH,ORIGINALUNIT,99.898
2014/7/23,511010.SH,ORIGINALUNIT,99.92
2014/7/24,511010.SH,ORIGINALUNIT,99.92
2014/7/25,511010.SH,ORIGINALUNIT,99.98
2014/7/28,511010.SH,ORIGINALUNIT,100.04
2014/7/29,511010.SH,ORIGINALUNIT,100.026
2014/7/30,511010.SH,ORIGINALUNIT,99.999
2014/7/31,511010.SH,ORIGINALUNIT,100.13
2014/8/1,511010.SH,ORIGINALUNIT,100.164
2014/8/4,511010.SH,ORIGINALUNIT,100.211
2014/8/5,511010.SH,ORIGINALUNIT,100.219
2014/8/6,511010.SH,ORIGINALUNIT,100.217
2014/8/7,511010.SH,ORIGINALUNIT,100.191
2014/8/8,511010.SH,ORIGINALUNIT,100.201
2014/8/11,511010.SH,ORIGINALUNIT,100.227
2014/8/12,511010.SH,ORIGINALUNIT,100.203
2014/8/13,511010.SH,ORIGINALUNIT,100.281
2014/8/14,511010.SH,ORIGINALUNIT,100.469
2014/8/15,511010.SH,ORIGINALUNIT,100.429
2014/8/18,511010.SH,ORIGINALUNIT,100.437
2014/8/19,511010.SH,ORIGINALUNIT,100.296
2014/8/20,511010.SH,ORIGINALUNIT,100.231
2014/8/21,511010.SH,ORIGINALUNIT,100.284
2014/8/22,511010.SH,ORIGINALUNIT,100.294
2014/8/25,511010.SH,ORIGINALUNIT,100.314
2014/8/26,511010.SH,ORIGINALUNIT,100.315
2014/8/27,511010.SH,ORIGINALUNIT,100.47
2014/8/28,511010.SH,ORIGINALUNIT,100.535
2014/8/29,511010.SH,ORIGINALUNIT,100.55
2014/9/1,511010.SH,ORIGINALUNIT,100.576
2014/9/2,511010.SH,ORIGINALUNIT,100.608
2014/9/3,511010.SH,ORIGINALUNIT,100.518
2014/9/4,511010.SH,ORIGINALUNIT,100.545
2014/9/5,511010.SH,ORIGINALUNIT,100.535
2014/9/9,511010.SH,ORIGINALUNIT,100.553
2014/9/10,511010.SH,ORIGINALUNIT,100.437
2014/9/11,511010.SH,ORIGINALUNIT,100.404
2014/9/12,511010.SH,ORIGINALUNIT,100.471
2014/9/15,511010.SH,ORIGINALUNIT,100.629
2014/9/16,511010.SH,ORIGINALUNIT,100.607
2014/9/17,511010.SH,ORIGINALUNIT,100.801
2014/9/18,511010.SH,ORIGINALUNIT,101.084
2014/9/19,511010.SH,ORIGINALUNIT,101.417
2014/9/22,511010.SH,ORIGINALUNIT,101.552
2014/9/23,511010.SH,ORIGINALUNIT,101.587
2014/9/24,511010.SH,ORIGINALUNIT,101.435
2014/9/25,511010.SH,ORIGINALUNIT,101.526
2014/9/26,511010.SH,ORIGINALUNIT,101.522
2014/9/29,511010.SH,ORIGINALUNIT,101.625
2014/9/30,511010.SH,ORIGINALUNIT,101.696
2014/10/8,511010.SH,ORIGINALUNIT,101.75
2014/10/9,511010.SH,ORIGINALUNIT,101.649
2014/10/10,511010.SH,ORIGINALUNIT,101.675
2014/10/13,511010.SH,ORIGINALUNIT,101.909
2014/10/14,511010.SH,ORIGINALUNIT,102.373
2014/10/15,511010.SH,ORIGINALUNIT,102.721
2014/10/16,511010.SH,ORIGINALUNIT,102.856
2014/10/17,511010.SH,ORIGINALUNIT,103.04
2014/10/20,511010.SH,ORIGINALUNIT,103.309
2014/10/21,511010.SH,ORIGINALUNIT,103.403
2014/10/22,511010.SH,ORIGINALUNIT,103.27
2014/10/23,511010.SH,ORIGINALUNIT,103.161
2014/10/24,511010.SH,ORIGINALUNIT,103.14
2014/10/27,511010.SH,ORIGINALUNIT,103.154
2014/10/28,511010.SH,ORIGINALUNIT,103.245
2014/10/29,511010.SH,ORIGINALUNIT,103.345
2014/10/30,511010.SH,ORIGINALUNIT,103.363
2014/10/31,511010.SH,ORIGINALUNIT,103.342
2014/11/3,511010.SH,ORIGINALUNIT,103.664
2014/11/4,511010.SH,ORIGINALUNIT,103.895
2014/11/5,511010.SH,ORIGINALUNIT,104.114
2014/11/6,511010.SH,ORIGINALUNIT,104.093
2014/11/7,511010.SH,ORIGINALUNIT,104.43
2014/11/10,511010.SH,ORIGINALUNIT,104.737
2014/11/11,511010.SH,ORIGINALUNIT,104.848
2014/11/12,511010.SH,ORIGINALUNIT,104.547
2014/11/13,511010.SH,ORIGINALUNIT,104.427
2014/11/14,511010.SH,ORIGINALUNIT,104.152
2014/11/17,511010.SH,ORIGINALUNIT,104.0
2014/11/18,511010.SH,ORIGINALUNIT,104.221
2014/11/19,511010.SH,ORIGINALUNIT,104.248
2014/11/20,511010.SH,ORIGINALUNIT,104.065
2014/11/21,511010.SH,ORIGINALUNIT,103.948
2014/11/24,511010.SH,ORIGINALUNIT,104.819
2014/11/25,511010.SH,ORIGINALUNIT,104.64
2014/11/26,511010.SH,ORIGINALUNIT,104.684
2014/11/27,511010.SH,ORIGINALUNIT,104.73
2014/11/28,511010.SH,ORIGINALUNIT,104.839
2014/12/1,511010.SH,ORIGINALUNIT,104.862
2014/12/2,511010.SH,ORIGINALUNIT,104.625
2014/12/3,511010.SH,ORIGINALUNIT,104.197
2014/12/4,511010.SH,ORIGINALUNIT,103.858
2014/12/5,511010.SH,ORIGINALUNIT,103.339
2014/12/8,511010.SH,ORIGINALUNIT,103.253
2014/12/9,511010.SH,ORIGINALUNIT,103.293
2014/12/10,511010.SH,ORIGINALUNIT,103.676
2014/12/11,511010.SH,ORIGINALUNIT,103.469
2014/12/12,511010.SH,ORIGINALUNIT,103.455
2014/12/15,511010.SH,ORIGINALUNIT,103.373
2014/12/16,511010.SH,ORIGINALUNIT,103.573
2014/12/17,511010.SH,ORIGINALUNIT,103.811
2014/12/18,511010.SH,ORIGINALUNIT,103.83
2014/12/19,511010.SH,ORIGINALUNIT,104.018
2014/12/22,511010.SH,ORIGINALUNIT,103.988
2014/12/23,511010.SH,ORIGINALUNIT,104.199
2014/12/24,511010.SH,ORIGINALUNIT,104.512
2014/12/25,511010.SH,ORIGINALUNIT,104.464
2014/12/26,511010.SH,ORIGINALUNIT,104.494
2014/12/29,511010.SH,ORIGINALUNIT,104.489
2014/12/30,511010.SH,ORIGINALUNIT,104.423
2014/12/31,511010.SH,ORIGINALUNIT,104.412
2015/1/5,511010.SH,ORIGINALUNIT,104.482
2015/1/6,511010.SH,ORIGINALUNIT,104.489
2015/1/7,511010.SH,ORIGINALUNIT,104.584
2015/1/8,511010.SH,ORIGINALUNIT,104.548
2015/1/9,511010.SH,ORIGINALUNIT,104.514
2015/1/12,511010.SH,ORIGINALUNIT,104.576
2015/1/13,511010.SH,ORIGINALUNIT,104.837
2015/1/14,511010.SH,ORIGINALUNIT,104.987
2015/1/15,511010.SH,ORIGINALUNIT,104.927
2015/1/16,511010.SH,ORIGINALUNIT,105.248
2015/1/19,511010.SH,ORIGINALUNIT,105.27
2015/1/20,511010.SH,ORIGINALUNIT,105.315
2015/1/21,511010.SH,ORIGINALUNIT,105.41
2015/1/22,511010.SH,ORIGINALUNIT,105.503
2015/1/23,511010.SH,ORIGINALUNIT,105.551
2015/1/26,511010.SH,ORIGINALUNIT,105.745
2015/1/27,511010.SH,ORIGINALUNIT,105.682
2015/1/28,511010.SH,ORIGINALUNIT,105.442
2015/1/29,511010.SH,ORIGINALUNIT,105.306
2015/1/30,511010.SH,ORIGINALUNIT,105.338
2015/2/2,511010.SH,ORIGINALUNIT,105.567
2015/2/3,511010.SH,ORIGINALUNIT,105.604
2015/2/4,511010.SH,ORIGINALUNIT,105.646
2015/2/5,511010.SH,ORIGINALUNIT,105.779
2015/2/6,511010.SH,ORIGINALUNIT,105.716
2015/2/9,511010.SH,ORIGINALUNIT,105.863
2015/2/10,511010.SH,ORIGINALUNIT,105.91
2015/2/11,511010.SH,ORIGINALUNIT,106.187
2015/2/12,511010.SH,ORIGINALUNIT,106.349
2015/2/13,511010.SH,ORIGINALUNIT,106.468
2015/2/16,511010.SH,ORIGINALUNIT,106.647
2015/2/17,511010.SH,ORIGINALUNIT,106.628
2015/2/25,511010.SH,ORIGINALUNIT,106.827
2015/2/26,511010.SH,ORIGINALUNIT,106.723
2015/2/27,511010.SH,ORIGINALUNIT,106.672
2015/3/2,511010.SH,ORIGINALUNIT,106.563
2015/3/3,511010.SH,ORIGINALUNIT,106.433
2015/3/4,511010.SH,ORIGINALUNIT,106.519
2015/3/5,511010.SH,ORIGINALUNIT,106.267
2015/3/6,511010.SH,ORIGINALUNIT,106.249
2015/3/9,511010.SH,ORIGINALUNIT,106.054
2015/3/10,511010.SH,ORIGINALUNIT,106.152
2015/3/11,511010.SH,ORIGINALUNIT,106.344
2015/3/12,511010.SH,ORIGINALUNIT,106.453
2015/3/13,511010.SH,ORIGINALUNIT,106.217
2015/3/16,511010.SH,ORIGINALUNIT,106.108
2015/3/17,511010.SH,ORIGINALUNIT,106.172
2015/3/18,511010.SH,ORIGINALUNIT,106.071
2015/3/19,511010.SH,ORIGINALUNIT,106.105
2015/3/20,511010.SH,ORIGINALUNIT,106.328
2015/3/23,511010.SH,ORIGINALUNIT,106.283
2015/3/24,511010.SH,ORIGINALUNIT,106.25
2015/3/25,511010.SH,ORIGINALUNIT,106.196
2015/3/26,511010.SH,ORIGINALUNIT,105.836
2015/3/27,511010.SH,ORIGINALUNIT,105.697
2015/3/30,511010.SH,ORIGINALUNIT,105.551
2015/3/31,511010.SH,ORIGINALUNIT,105.315
2015/4/1,511010.SH,ORIGINALUNIT,105.499
2015/4/2,511010.SH,ORIGINALUNIT,105.772
2015/4/3,511010.SH,ORIGINALUNIT,105.661
2015/4/7,511010.SH,ORIGINALUNIT,105.57
2015/4/8,511010.SH,ORIGINALUNIT,105.33
2015/4/9,511010.SH,ORIGINALUNIT,105.342
2015/4/10,511010.SH,ORIGINALUNIT,105.382
2015/4/13,511010.SH,ORIGINALUNIT,105.545
2015/4/14,511010.SH,ORIGINALUNIT,105.55
2015/4/15,511010.SH,ORIGINALUNIT,105.796
2015/4/16,511010.SH,ORIGINALUNIT,105.78
2015/4/17,511010.SH,ORIGINALUNIT,105.889
2015/4/20,511010.SH,ORIGINALUNIT,106.446
2015/4/21,511010.SH,ORIGINALUNIT,106.657
2015/4/22,511010.SH,ORIGINALUNIT,106.602
2015/4/23,511010.SH,ORIGINALUNIT,106.483
2015/4/24,511010.SH,ORIGINALUNIT,106.489
2015/4/27,511010.SH,ORIGINALUNIT,106.709
2015/4/28,511010.SH,ORIGINALUNIT,106.809
2015/4/29,511010.SH,ORIGINALUNIT,106.816
2015/4/30,511010.SH,ORIGINALUNIT,106.824
2015/5/4,511010.SH,ORIGINALUNIT,106.862
2015/5/5,511010.SH,ORIGINALUNIT,106.885
2015/5/6,511010.SH,ORIGINALUNIT,106.667
2015/5/7,511010.SH,ORIGINALUNIT,106.604
2015/5/8,511010.SH,ORIGINALUNIT,106.803
2015/5/11,511010.SH,ORIGINALUNIT,106.904
2015/5/12,511010.SH,ORIGINALUNIT,107.063
2015/5/13,511010.SH,ORIGINALUNIT,107.471
2015/5/14,511010.SH,ORIGINALUNIT,107.796
2015/5/15,511010.SH,ORIGINALUNIT,107.619
2015/5/18,511010.SH,ORIGINALUNIT,107.575
2015/5/19,511010.SH,ORIGINALUNIT,107.516
2015/5/20,511010.SH,ORIGINALUNIT,107.39
2015/5/21,511010.SH,ORIGINALUNIT,107.424
2015/5/22,511010.SH,ORIGINALUNIT,107.336
2015/5/25,511010.SH,ORIGINALUNIT,107.271
2015/5/26,511010.SH,ORIGINALUNIT,107.07
2015/5/27,511010.SH,ORIGINALUNIT,107.173
2015/5/28,511010.SH,ORIGINALUNIT,106.385
2015/5/29,511010.SH,ORIGINALUNIT,106.49
2015/6/1,511010.SH,ORIGINALUNIT,106.287
2015/6/2,511010.SH,ORIGINALUNIT,106.615
2015/6/3,511010.SH,ORIGINALUNIT,106.724
2015/6/4,511010.SH,ORIGINALUNIT,106.815
2015/6/5,511010.SH,ORIGINALUNIT,106.887
2015/6/8,511010.SH,ORIGINALUNIT,106.923
2015/6/9,511010.SH,ORIGINALUNIT,106.954
2015/6/10,511010.SH,ORIGINALUNIT,106.929
2015/6/11,511010.SH,ORIGINALUNIT,106.825
2015/6/12,511010.SH,ORIGINALUNIT,106.926
2015/6/15,511010.SH,ORIGINALUNIT,106.795
2015/6/16,511010.SH,ORIGINALUNIT,106.883
2015/6/17,511010.SH,ORIGINALUNIT,106.925
2015/6/18,511010.SH,ORIGINALUNIT,107.306
2015/6/19,511010.SH,ORIGINALUNIT,107.327
2015/6/23,511010.SH,ORIGINALUNIT,107.306
2015/6/24,511010.SH,ORIGINALUNIT,107.234
2015/6/25,511010.SH,ORIGINALUNIT,107.243
2015/6/26,511010.SH,ORIGINALUNIT,107.251
2015/6/29,511010.SH,ORIGINALUNIT,107.2
2015/6/30,511010.SH,ORIGINALUNIT,107.312
2015/7/1,511010.SH,ORIGINALUNIT,107.457
2015/7/2,511010.SH,ORIGINALUNIT,107.366
2015/7/3,511010.SH,ORIGINALUNIT,107.509
2015/7/6,511010.SH,ORIGINALUNIT,107.794
2015/7/7,511010.SH,ORIGINALUNIT,107.75
2015/7/8,511010.SH,ORIGINALUNIT,107.699
2015/7/9,511010.SH,ORIGINALUNIT,107.783
2015/7/10,511010.SH,ORIGINALUNIT,107.723
2015/7/13,511010.SH,ORIGINALUNIT,107.682
2015/7/14,511010.SH,ORIGINALUNIT,107.568
2015/7/15,511010.SH,ORIGINALUNIT,107.574
2015/7/16,511010.SH,ORIGINALUNIT,107.649
2015/7/17,511010.SH,ORIGINALUNIT,107.711
2015/7/20,511010.SH,ORIGINALUNIT,107.761
2015/7/21,511010.SH,ORIGINALUNIT,107.663
2015/7/22,511010.SH,ORIGINALUNIT,107.722
2015/7/23,511010.SH,ORIGINALUNIT,107.805
2015/7/24,511010.SH,ORIGINALUNIT,107.889
2015/7/27,511010.SH,ORIGINALUNIT,107.914
2015/7/28,511010.SH,ORIGINALUNIT,107.941
2015/7/29,511010.SH,ORIGINALUNIT,107.953
2015/7/30,511010.SH,ORIGINALUNIT,107.948
2015/7/31,511010.SH,ORIGINALUNIT,107.807
2015/8/3,511010.SH,ORIGINALUNIT,107.726
2015/8/4,511010.SH,ORIGINALUNIT,107.758
2015/8/5,511010.SH,ORIGINALUNIT,107.748
2015/8/6,511010.SH,ORIGINALUNIT,107.896
2015/8/7,511010.SH,ORIGINALUNIT,107.98
2015/8/10,511010.SH,ORIGINALUNIT,107.974
2015/8/11,511010.SH,ORIGINALUNIT,107.614
2015/8/12,511010.SH,ORIGINALUNIT,107.553
2015/8/13,511010.SH,ORIGINALUNIT,107.609
2015/8/14,511010.SH,ORIGINALUNIT,107.641
2015/8/17,511010.SH,ORIGINALUNIT,107.663
2015/8/18,511010.SH,ORIGINALUNIT,107.594
2015/8/19,511010.SH,ORIGINALUNIT,107.554
2015/8/20,511010.SH,ORIGINALUNIT,107.546
2015/8/21,511010.SH,ORIGINALUNIT,107.678
2015/8/24,511010.SH,ORIGINALUNIT,107.741
2015/8/25,511010.SH,ORIGINALUNIT,107.891
2015/8/26,511010.SH,ORIGINALUNIT,107.954
2015/8/27,511010.SH,ORIGINALUNIT,108.086
2015/8/28,511010.SH,ORIGINALUNIT,108.136
2015/8/31,511010.SH,ORIGINALUNIT,108.297
2015/9/1,511010.SH,ORIGINALUNIT,108.316
2015/9/2,511010.SH,ORIGINALUNIT,108.231
2015/9/7,511010.SH,ORIGINALUNIT,107.99
2015/9/8,511010.SH,ORIGINALUNIT,108.04
2015/9/9,511010.SH,ORIGINALUNIT,108.017
2015/9/10,511010.SH,ORIGINALUNIT,107.999
2015/9/11,511010.SH,ORIGINALUNIT,108.012
2015/9/14,511010.SH,ORIGINALUNIT,108.088
2015/9/15,511010.SH,ORIGINALUNIT,108.172
2015/9/16,511010.SH,ORIGINALUNIT,108.161
2015/9/17,511010.SH,ORIGINALUNIT,108.068
2015/9/18,511010.SH,ORIGINALUNIT,108.148
2015/9/21,511010.SH,ORIGINALUNIT,108.191
2015/9/22,511010.SH,ORIGINALUNIT,108.153
2015/9/23,511010.SH,ORIGINALUNIT,108.148
2015/9/24,511010.SH,ORIGINALUNIT,108.247
2015/9/25,511010.SH,ORIGINALUNIT,108.294
2015/9/28,511010.SH,ORIGINALUNIT,108.445
2015/9/29,511010.SH,ORIGINALUNIT,108.69
2015/9/30,511010.SH,ORIGINALUNIT,108.722
2015/10/8,511010.SH,ORIGINALUNIT,108.826
2015/10/9,511010.SH,ORIGINALUNIT,108.17
2015/10/12,511010.SH,ORIGINALUNIT,108.247
2015/10/13,511010.SH,ORIGINALUNIT,108.432
2015/10/14,511010.SH,ORIGINALUNIT,108.701
2015/10/15,511010.SH,ORIGINALUNIT,108.538
2015/10/16,511010.SH,ORIGINALUNIT,108.297
2015/10/19,511010.SH,ORIGINALUNIT,108.337
2015/10/20,511010.SH,ORIGINALUNIT,108.613
2015/10/21,511010.SH,ORIGINALUNIT,108.624
2015/10/22,511010.SH,ORIGINALUNIT,108.666
2015/10/23,511010.SH,ORIGINALUNIT,108.724
2015/10/26,511010.SH,ORIGINALUNIT,108.902
2015/10/27,511010.SH,ORIGINALUNIT,109.102
2015/10/28,511010.SH,ORIGINALUNIT,109.052
2015/10/29,511010.SH,ORIGINALUNIT,108.793
2015/10/30,511010.SH,ORIGINALUNIT,108.718
2015/11/2,511010.SH,ORIGINALUNIT,108.797
2015/11/3,511010.SH,ORIGINALUNIT,108.685
2015/11/4,511010.SH,ORIGINALUNIT,108.504
2015/11/5,511010.SH,ORIGINALUNIT,108.524
2015/11/6,511010.SH,ORIGINALUNIT,108.529
2015/11/9,511010.SH,ORIGINALUNIT,108.151
2015/11/10,511010.SH,ORIGINALUNIT,108.198
2015/11/11,511010.SH,ORIGINALUNIT,108.368
2015/11/12,511010.SH,ORIGINALUNIT,108.432
2015/11/13,511010.SH,ORIGINALUNIT,108.5
2015/11/16,511010.SH,ORIGINALUNIT,108.551
2015/11/17,511010.SH,ORIGINALUNIT,108.497
2015/11/18,511010.SH,ORIGINALUNIT,108.432
2015/11/19,511010.SH,ORIGINALUNIT,108.446
2015/11/20,511010.SH,ORIGINALUNIT,108.542
2015/11/23,511010.SH,ORIGINALUNIT,108.53
2015/11/24,511010.SH,ORIGINALUNIT,108.65
2015/11/25,511010.SH,ORIGINALUNIT,108.737
2015/11/26,511010.SH,ORIGINALUNIT,108.887
2015/11/27,511010.SH,ORIGINALUNIT,108.94
2015/11/30,511010.SH,ORIGINALUNIT,109.041
2015/12/1,511010.SH,ORIGINALUNIT,109.055
2015/12/2,511010.SH,ORIGINALUNIT,109.017
2015/12/3,511010.SH,ORIGINALUNIT,109.201
2015/12/4,511010.SH,ORIGINALUNIT,109.23
2015/12/7,511010.SH,ORIGINALUNIT,109.229
2015/12/8,511010.SH,ORIGINALUNIT,109.338
2015/12/9,511010.SH,ORIGINALUNIT,109.408
2015/12/10,511010.SH,ORIGINALUNIT,109.4
2015/12/11,511010.SH,ORIGINALUNIT,109.447
2015/12/14,511010.SH,ORIGINALUNIT,109.346
2015/12/15,511010.SH,ORIGINALUNIT,109.411
2015/12/16,511010.SH,ORIGINALUNIT,109.465
2015/12/17,511010.SH,ORIGINALUNIT,109.658
2015/12/18,511010.SH,ORIGINALUNIT,109.813
2015/12/21,511010.SH,ORIGINALUNIT,110.07
2015/12/22,511010.SH,ORIGINALUNIT,110.194
2015/12/23,511010.SH,ORIGINALUNIT,110.161
2015/12/24,511010.SH,ORIGINALUNIT,110.26
2015/12/25,511010.SH,ORIGINALUNIT,110.275
2015/12/28,511010.SH,ORIGINALUNIT,110.326
2015/12/29,511010.SH,ORIGINALUNIT,110.343
2015/12/30,511010.SH,ORIGINALUNIT,110.172
2015/12/31,511010.SH,ORIGINALUNIT,110.178
2016/1/4,511010.SH,ORIGINALUNIT,110.021
2016/1/5,511010.SH,ORIGINALUNIT,109.856
2016/1/6,511010.SH,ORIGINALUNIT,109.952
2016/1/7,511010.SH,ORIGINALUNIT,110.011
2016/1/8,511010.SH,ORIGINALUNIT,110.11
2016/1/11,511010.SH,ORIGINALUNIT,110.278
2016/1/12,511010.SH,ORIGINALUNIT,110.393
2016/1/13,511010.SH,ORIGINALUNIT,110.642
2016/1/14,511010.SH,ORIGINALUNIT,110.591
2016/1/15,511010.SH,ORIGINALUNIT,110.517
2016/1/18,511010.SH,ORIGINALUNIT,110.452
2016/1/19,511010.SH,ORIGINALUNIT,110.353
2016/1/20,511010.SH,ORIGINALUNIT,110.244
2016/1/21,511010.SH,ORIGINALUNIT,110.344
2016/1/22,511010.SH,ORIGINALUNIT,110.41
2016/1/25,511010.SH,ORIGINALUNIT,110.075
2016/1/26,511010.SH,ORIGINALUNIT,110.061
2016/1/27,511010.SH,ORIGINALUNIT,109.936
2016/1/28,511010.SH,ORIGINALUNIT,110.015
2016/1/29,511010.SH,ORIGINALUNIT,110.143
2016/2/1,511010.SH,ORIGINALUNIT,110.287
2016/2/2,511010.SH,ORIGINALUNIT,110.167
2016/2/3,511010.SH,ORIGINALUNIT,110.154
2016/2/4,511010.SH,ORIGINALUNIT,110.268
2016/2/5,511010.SH,ORIGINALUNIT,110.278
2016/2/15,511010.SH,ORIGINALUNIT,110.507
2016/2/16,511010.SH,ORIGINALUNIT,110.426
2016/2/17,511010.SH,ORIGINALUNIT,110.417
2016/2/18,511010.SH,ORIGINALUNIT,110.461
2016/2/19,511010.SH,ORIGINALUNIT,110.487
2016/2/22,511010.SH,ORIGINALUNIT,110.554
2016/2/23,511010.SH,ORIGINALUNIT,110.574
2016/2/24,511010.SH,ORIGINALUNIT,110.649
2016/2/25,511010.SH,ORIGINALUNIT,110.596
2016/2/26,511010.SH,ORIGINALUNIT,110.637
2016/2/29,511010.SH,ORIGINALUNIT,110.671
2016/3/1,511010.SH,ORIGINALUNIT,110.748
2016/3/2,511010.SH,ORIGINALUNIT,110.775
2016/3/3,511010.SH,ORIGINALUNIT,110.719
2016/3/4,511010.SH,ORIGINALUNIT,110.77
2016/3/7,511010.SH,ORIGINALUNIT,110.702
2016/3/8,511010.SH,ORIGINALUNIT,110.606
2016/3/9,511010.SH,ORIGINALUNIT,110.689
2016/3/10,511010.SH,ORIGINALUNIT,110.822
2016/3/11,511010.SH,ORIGINALUNIT,110.914
2016/3/14,511010.SH,ORIGINALUNIT,110.96
2016/3/15,511010.SH,ORIGINALUNIT,110.986
2016/3/16,511010.SH,ORIGINALUNIT,111.183
2016/3/17,511010.SH,ORIGINALUNIT,111.119
2016/3/18,511010.SH,ORIGINALUNIT,111.1
2016/3/21,511010.SH,ORIGINALUNIT,111.146
2016/3/22,511010.SH,ORIGINALUNIT,111.088
2016/3/23,511010.SH,ORIGINALUNIT,111.253
2016/3/24,511010.SH,ORIGINALUNIT,111.309
2016/3/25,511010.SH,ORIGINALUNIT,111.498
2016/3/28,511010.SH,ORIGINALUNIT,111.402
2016/3/29,511010.SH,ORIGINALUNIT,111.441
2016/3/30,511010.SH,ORIGINALUNIT,111.605
2016/3/31,511010.SH,ORIGINALUNIT,111.678
2016/4/1,511010.SH,ORIGINALUNIT,111.597
2016/4/5,511010.SH,ORIGINALUNIT,111.629
2016/4/6,511010.SH,ORIGINALUNIT,111.528
2016/4/7,511010.SH,ORIGINALUNIT,111.472
2016/4/8,511010.SH,ORIGINALUNIT,111.482
2016/4/11,511010.SH,ORIGINALUNIT,111.438
2016/4/12,511010.SH,ORIGINALUNIT,111.414
2016/4/13,511010.SH,ORIGINALUNIT,111.142
2016/4/14,511010.SH,ORIGINALUNIT,111.048
2016/4/15,511010.SH,ORIGINALUNIT,111.137
2016/4/18,511010.SH,ORIGINALUNIT,111.257
2016/4/19,511010.SH,ORIGINALUNIT,111.162
2016/4/20,511010.SH,ORIGINALUNIT,110.749
2016/4/21,511010.SH,ORIGINALUNIT,110.646
2016/4/22,511010.SH,ORIGINALUNIT,110.491
2016/4/25,511010.SH,ORIGINALUNIT,110.152
2016/4/26,511010.SH,ORIGINALUNIT,110.412
2016/4/27,511010.SH,ORIGINALUNIT,110.571
2016/4/28,511010.SH,ORIGINALUNIT,110.664
2016/4/29,511010.SH,ORIGINALUNIT,110.676
2016/5/3,511010.SH,ORIGINALUNIT,110.768
2016/5/4,511010.SH,ORIGINALUNIT,110.828
2016/5/5,511010.SH,ORIGINALUNIT,110.814
2016/5/6,511010.SH,ORIGINALUNIT,110.814
2016/5/9,511010.SH,ORIGINALUNIT,110.986
2016/5/10,511010.SH,ORIGINALUNIT,111.076
2016/5/11,511010.SH,ORIGINALUNIT,111.044
2016/5/12,511010.SH,ORIGINALUNIT,111.07
2016/5/13,511010.SH,ORIGINALUNIT,111.061
2016/5/16,511010.SH,ORIGINALUNIT,110.985
2016/5/17,511010.SH,ORIGINALUNIT,110.884
2016/5/18,511010.SH,ORIGINALUNIT,110.665
2016/5/19,511010.SH,ORIGINALUNIT,110.637
2016/5/20,511010.SH,ORIGINALUNIT,110.721
2016/5/23,511010.SH,ORIGINALUNIT,110.708
2016/5/24,511010.SH,ORIGINALUNIT,110.77
2016/5/25,511010.SH,ORIGINALUNIT,110.793
2016/5/26,511010.SH,ORIGINALUNIT,110.774
2016/5/27,511010.SH,ORIGINALUNIT,110.761
2016/5/30,511010.SH,ORIGINALUNIT,110.763
2016/5/31,511010.SH,ORIGINALUNIT,110.788
2016/6/1,511010.SH,ORIGINALUNIT,110.786
2016/6/2,511010.SH,ORIGINALUNIT,110.744
2016/6/3,511010.SH,ORIGINALUNIT,110.699
2016/6/6,511010.SH,ORIGINALUNIT,110.801
2016/6/7,511010.SH,ORIGINALUNIT,110.801
2016/6/8,511010.SH,ORIGINALUNIT,110.683
2016/6/13,511010.SH,ORIGINALUNIT,110.745
2016/6/14,511010.SH,ORIGINALUNIT,110.911
2016/6/15,511010.SH,ORIGINALUNIT,110.94
2016/6/16,511010.SH,ORIGINALUNIT,111.08
2016/6/17,511010.SH,ORIGINALUNIT,111.079
2016/6/20,511010.SH,ORIGINALUNIT,111.252
2016/6/21,511010.SH,ORIGINALUNIT,111.309
2016/6/22,511010.SH,ORIGINALUNIT,111.458
2016/6/23,511010.SH,ORIGINALUNIT,111.428
2016/6/24,511010.SH,ORIGINALUNIT,111.534
2016/6/27,511010.SH,ORIGINALUNIT,111.734
2016/6/28,511010.SH,ORIGINALUNIT,111.624
2016/6/29,511010.SH,ORIGINALUNIT,111.592
2016/6/30,511010.SH,ORIGINALUNIT,111.687
2016/7/1,511010.SH,ORIGINALUNIT,111.899
2016/7/4,511010.SH,ORIGINALUNIT,111.817
2016/7/5,511010.SH,ORIGINALUNIT,111.725
2016/7/6,511010.SH,ORIGINALUNIT,111.851
2016/7/7,511010.SH,ORIGINALUNIT,111.94
2016/7/8,511010.SH,ORIGINALUNIT,111.962
2016/7/11,511010.SH,ORIGINALUNIT,111.936
2016/7/12,511010.SH,ORIGINALUNIT,111.861
2016/7/13,511010.SH,ORIGINALUNIT,111.77
2016/7/14,511010.SH,ORIGINALUNIT,111.849
2016/7/15,511010.SH,ORIGINALUNIT,111.873
2016/7/18,511010.SH,ORIGINALUNIT,111.899
2016/7/19,511010.SH,ORIGINALUNIT,111.963
2016/7/20,511010.SH,ORIGINALUNIT,112.149
2016/7/21,511010.SH,ORIGINALUNIT,112.269
2016/7/22,511010.SH,ORIGINALUNIT,112.281
2016/7/25,511010.SH,ORIGINALUNIT,112.233
2016/7/26,511010.SH,ORIGINALUNIT,112.286
2016/7/27,511010.SH,ORIGINALUNIT,112.295
2016/7/28,511010.SH,ORIGINALUNIT,112.333
2016/7/29,511010.SH,ORIGINALUNIT,112.368
2016/8/1,511010.SH,ORIGINALUNIT,112.374
2016/8/2,511010.SH,ORIGINALUNIT,112.374
2016/8/3,511010.SH,ORIGINALUNIT,112.423
2016/8/4,511010.SH,ORIGINALUNIT,112.461
2016/8/5,511010.SH,ORIGINALUNIT,112.608
2016/8/8,511010.SH,ORIGINALUNIT,112.67
2016/8/9,511010.SH,ORIGINALUNIT,112.796
2016/8/10,511010.SH,ORIGINALUNIT,112.935
2016/8/11,511010.SH,ORIGINALUNIT,112.968
2016/8/12,511010.SH,ORIGINALUNIT,112.878
2016/8/15,511010.SH,ORIGINALUNIT,113.062
2016/8/16,511010.SH,ORIGINALUNIT,112.957
2016/8/17,511010.SH,ORIGINALUNIT,112.836
2016/8/18,511010.SH,ORIGINALUNIT,112.799
2016/8/19,511010.SH,ORIGINALUNIT,112.688
2016/8/22,511010.SH,ORIGINALUNIT,112.815
2016/8/23,511010.SH,ORIGINALUNIT,112.698
2016/8/24,511010.SH,ORIGINALUNIT,112.627
2016/8/25,511010.SH,ORIGINALUNIT,112.695
2016/8/26,511010.SH,ORIGINALUNIT,112.746
2016/8/29,511010.SH,ORIGINALUNIT,112.668
2016/8/30,511010.SH,ORIGINALUNIT,112.55
2016/8/31,511010.SH,ORIGINALUNIT,112.583
2016/9/1,511010.SH,ORIGINALUNIT,112.608
2016/9/2,511010.SH,ORIGINALUNIT,112.647
2016/9/5,511010.SH,ORIGINALUNIT,112.606
2016/9/6,511010.SH,ORIGINALUNIT,112.667
2016/9/7,511010.SH,ORIGINALUNIT,112.653
2016/9/8,511010.SH,ORIGINALUNIT,112.701
2016/9/9,511010.SH,ORIGINALUNIT,112.762
2016/9/12,511010.SH,ORIGINALUNIT,112.685
2016/9/13,511010.SH,ORIGINALUNIT,112.757
2016/9/14,511010.SH,ORIGINALUNIT,112.807
2016/9/19,511010.SH,ORIGINALUNIT,112.846
2016/9/20,511010.SH,ORIGINALUNIT,112.889
2016/9/21,511010.SH,ORIGINALUNIT,112.863
2016/9/22,511010.SH,ORIGINALUNIT,112.906
2016/9/23,511010.SH,ORIGINALUNIT,112.953
2016/9/26,511010.SH,ORIGINALUNIT,113.011
2016/9/27,511010.SH,ORIGINALUNIT,112.993
2016/9/28,511010.SH,ORIGINALUNIT,112.977
2016/9/29,511010.SH,ORIGINALUNIT,112.988
2016/9/30,511010.SH,ORIGINALUNIT,113.023
2016/10/10,511010.SH,ORIGINALUNIT,113.317
2016/10/11,511010.SH,ORIGINALUNIT,113.32
2016/10/12,511010.SH,ORIGINALUNIT,113.296
2016/10/13,511010.SH,ORIGINALUNIT,113.282
2016/10/14,511010.SH,ORIGINALUNIT,113.55
2016/10/17,511010.SH,ORIGINALUNIT,113.583
2016/10/18,511010.SH,ORIGINALUNIT,113.605
2016/10/19,511010.SH,ORIGINALUNIT,113.707
2016/10/20,511010.SH,ORIGINALUNIT,113.822
2016/10/21,511010.SH,ORIGINALUNIT,114.01
2016/10/24,511010.SH,ORIGINALUNIT,113.998
2016/10/25,511010.SH,ORIGINALUNIT,114.013
2016/10/26,511010.SH,ORIGINALUNIT,113.773
2016/10/27,511010.SH,ORIGINALUNIT,113.781
2016/10/28,511010.SH,ORIGINALUNIT,113.786
2016/10/31,511010.SH,ORIGINALUNIT,113.779
2016/11/1,511010.SH,ORIGINALUNIT,113.685
2016/11/2,511010.SH,ORIGINALUNIT,113.731
2016/11/3,511010.SH,ORIGINALUNIT,113.727
2016/11/4,511010.SH,ORIGINALUNIT,113.686
2016/11/7,511010.SH,ORIGINALUNIT,113.604
2016/11/8,511010.SH,ORIGINALUNIT,113.538
2016/11/9,511010.SH,ORIGINALUNIT,113.513
2016/11/10,511010.SH,ORIGINALUNIT,113.495
2016/11/11,511010.SH,ORIGINALUNIT,113.324
2016/11/14,511010.SH,ORIGINALUNIT,113.094
2016/11/15,511010.SH,ORIGINALUNIT,112.993
2016/11/16,511010.SH,ORIGINALUNIT,112.914
2016/11/17,511010.SH,ORIGINALUNIT,112.771
2016/11/18,511010.SH,ORIGINALUNIT,112.765
2016/11/21,511010.SH,ORIGINALUNIT,112.75
2016/11/22,511010.SH,ORIGINALUNIT,112.76
2016/11/23,511010.SH,ORIGINALUNIT,112.777
2016/11/24,511010.SH,ORIGINALUNIT,112.734
2016/11/25,511010.SH,ORIGINALUNIT,112.689
2016/11/28,511010.SH,ORIGINALUNIT,112.712
2016/11/29,511010.SH,ORIGINALUNIT,112.457
2016/11/30,511010.SH,ORIGINALUNIT,112.364
2016/12/1,511010.SH,ORIGINALUNIT,112.122
2016/12/2,511010.SH,ORIGINALUNIT,112.074
2016/12/5,511010.SH,ORIGINALUNIT,112.037
2016/12/6,511010.SH,ORIGINALUNIT,111.629
2016/12/7,511010.SH,ORIGINALUNIT,111.69
2016/12/8,511010.SH,ORIGINALUNIT,111.791
2016/12/9,511010.SH,ORIGINALUNIT,111.881
2016/12/12,511010.SH,ORIGINALUNIT,111.646
2016/12/13,511010.SH,ORIGINALUNIT,111.552
2016/12/14,511010.SH,ORIGINALUNIT,111.449
2016/12/15,511010.SH,ORIGINALUNIT,110.871
2016/12/16,511010.SH,ORIGINALUNIT,110.928
2016/12/19,511010.SH,ORIGINALUNIT,110.588
2016/12/20,511010.SH,ORIGINALUNIT,110.398
2016/12/21,511010.SH,ORIGINALUNIT,110.612
2016/12/22,511010.SH,ORIGINALUNIT,110.873
2016/12/23,511010.SH,ORIGINALUNIT,111.177
2016/12/26,511010.SH,ORIGINALUNIT,111.416
2016/12/27,511010.SH,ORIGINALUNIT,111.418
2016/12/28,511010.SH,ORIGINALUNIT,111.423
2016/12/29,511010.SH,ORIGINALUNIT,111.733
2016/12/30,511010.SH,ORIGINALUNIT,111.769
2017/1/3,511010.SH,ORIGINALUNIT,111.635
2017/1/4,511010.SH,ORIGINALUNIT,111.45
2017/1/5,511010.SH,ORIGINALUNIT,111.472
2017/1/6,511010.SH,ORIGINALUNIT,111.42
2017/1/9,511010.SH,ORIGINALUNIT,111.487
2017/1/10,511010.SH,ORIGINALUNIT,111.605
2017/1/11,511010.SH,ORIGINALUNIT,111.44
2017/1/12,511010.SH,ORIGINALUNIT,111.452
2017/1/13,511010.SH,ORIGINALUNIT,111.516
2017/1/16,511010.SH,ORIGINALUNIT,111.501
2017/1/17,511010.SH,ORIGINALUNIT,111.39
2017/1/18,511010.SH,ORIGINALUNIT,111.482
2017/1/19,511010.SH,ORIGINALUNIT,111.459
2017/1/20,511010.SH,ORIGINALUNIT,111.524
2017/1/23,511010.SH,ORIGINALUNIT,111.597
2017/1/24,511010.SH,ORIGINALUNIT,111.517
2017/1/25,511010.SH,ORIGINALUNIT,111.327
2017/1/26,511010.SH,ORIGINALUNIT,111.31
2017/2/3,511010.SH,ORIGINALUNIT,111.21
2017/2/6,511010.SH,ORIGINALUNIT,111.103
2017/2/7,511010.SH,ORIGINALUNIT,111.036
2017/2/8,511010.SH,ORIGINALUNIT,111.042
2017/2/9,511010.SH,ORIGINALUNIT,111.187
2017/2/10,511010.SH,ORIGINALUNIT,111.228
2017/2/13,511010.SH,ORIGINALUNIT,111.312
2017/2/14,511010.SH,ORIGINALUNIT,111.275
2017/2/15,511010.SH,ORIGINALUNIT,111.283
2017/2/16,511010.SH,ORIGINALUNIT,111.293
2017/2/17,511010.SH,ORIGINALUNIT,111.409
2017/2/20,511010.SH,ORIGINALUNIT,111.553
2017/2/21,511010.SH,ORIGINALUNIT,111.572
2017/2/22,511010.SH,ORIGINALUNIT,111.551
2017/2/23,511010.SH,ORIGINALUNIT,111.585
2017/2/24,511010.SH,ORIGINALUNIT,111.538
2017/2/27,511010.SH,ORIGINALUNIT,111.632
2017/2/28,511010.SH,ORIGINALUNIT,111.606
2017/3/1,511010.SH,ORIGINALUNIT,111.552
2017/3/2,511010.SH,ORIGINALUNIT,111.5
2017/3/3,511010.SH,ORIGINALUNIT,111.519
2017/3/6,511010.SH,ORIGINALUNIT,111.516
2017/3/7,511010.SH,ORIGINALUNIT,111.49
2017/3/8,511010.SH,ORIGINALUNIT,111.357
2017/3/9,511010.SH,ORIGINALUNIT,111.283
2017/3/10,511010.SH,ORIGINALUNIT,111.096
2017/3/13,511010.SH,ORIGINALUNIT,111.235
2017/3/14,511010.SH,ORIGINALUNIT,111.283
2017/3/15,511010.SH,ORIGINALUNIT,111.289
2017/3/16,511010.SH,ORIGINALUNIT,111.356
2017/3/17,511010.SH,ORIGINALUNIT,111.315
2017/3/20,511010.SH,ORIGINALUNIT,111.313
2017/3/21,511010.SH,ORIGINALUNIT,111.197
2017/3/22,511010.SH,ORIGINALUNIT,111.131
2017/3/23,511010.SH,ORIGINALUNIT,111.094
2017/3/24,511010.SH,ORIGINALUNIT,111.229
2017/3/27,511010.SH,ORIGINALUNIT,111.342
2017/3/28,511010.SH,ORIGINALUNIT,111.382
2017/3/29,511010.SH,ORIGINALUNIT,111.387
2017/3/30,511010.SH,ORIGINALUNIT,111.388
2017/3/31,511010.SH,ORIGINALUNIT,111.404
2017/4/5,511010.SH,ORIGINALUNIT,111.42
2017/4/6,511010.SH,ORIGINALUNIT,111.363
2017/4/7,511010.SH,ORIGINALUNIT,111.441
2017/4/10,511010.SH,ORIGINALUNIT,111.397
2017/4/11,511010.SH,ORIGINALUNIT,111.348
2017/4/12,511010.SH,ORIGINALUNIT,111.252
2017/4/13,511010.SH,ORIGINALUNIT,111.271
2017/4/14,511010.SH,ORIGINALUNIT,111.202
2017/4/17,511010.SH,ORIGINALUNIT,110.991
2017/4/18,511010.SH,ORIGINALUNIT,110.877
2017/4/19,511010.SH,ORIGINALUNIT,110.85
2017/4/20,511010.SH,ORIGINALUNIT,110.843
2017/4/21,511010.SH,ORIGINALUNIT,110.711
2017/4/24,511010.SH,ORIGINALUNIT,110.555
2017/4/25,511010.SH,ORIGINALUNIT,110.648
2017/4/26,511010.SH,ORIGINALUNIT,110.565
2017/4/27,511010.SH,ORIGINALUNIT,110.61
2017/4/28,511010.SH,ORIGINALUNIT,110.6
2017/5/2,511010.SH,ORIGINALUNIT,110.453
2017/5/3,511010.SH,ORIGINALUNIT,110.295
2017/5/4,511010.SH,ORIGINALUNIT,110.059
2017/5/5,511010.SH,ORIGINALUNIT,110.016
2017/5/8,511010.SH,ORIGINALUNIT,109.79
2017/5/9,511010.SH,ORIGINALUNIT,109.615
2017/5/10,511010.SH,ORIGINALUNIT,109.285
2017/5/11,511010.SH,ORIGINALUNIT,109.415
2017/5/12,511010.SH,ORIGINALUNIT,109.301
2017/5/15,511010.SH,ORIGINALUNIT,109.465
2017/5/16,511010.SH,ORIGINALUNIT,109.407
2017/5/17,511010.SH,ORIGINALUNIT,109.23
2017/5/18,511010.SH,ORIGINALUNIT,109.358
2017/5/19,511010.SH,ORIGINALUNIT,109.23
2017/5/22,511010.SH,ORIGINALUNIT,109.11
2017/5/23,511010.SH,ORIGINALUNIT,109.18
2017/5/24,511010.SH,ORIGINALUNIT,109.356
2017/5/25,511010.SH,ORIGINALUNIT,109.44
2017/5/26,511010.SH,ORIGINALUNIT,109.383
2017/5/31,511010.SH,ORIGINALUNIT,109.746
2017/6/1,511010.SH,ORIGINALUNIT,109.767
2017/6/2,511010.SH,ORIGINALUNIT,109.662
2017/6/5,511010.SH,ORIGINALUNIT,109.7
2017/6/6,511010.SH,ORIGINALUNIT,109.59
2017/6/7,511010.SH,ORIGINALUNIT,109.524
2017/6/8,511010.SH,ORIGINALUNIT,109.411
2017/6/9,511010.SH,ORIGINALUNIT,109.465
2017/6/12,511010.SH,ORIGINALUNIT,109.682
2017/6/13,511010.SH,ORIGINALUNIT,109.677
2017/6/14,511010.SH,ORIGINALUNIT,109.723
2017/6/15,511010.SH,ORIGINALUNIT,109.774
2017/6/16,511010.SH,ORIGINALUNIT,109.703
2017/6/19,511010.SH,ORIGINALUNIT,110.058
2017/6/20,511010.SH,ORIGINALUNIT,110.086
2017/6/21,511010.SH,ORIGINALUNIT,109.922
2017/6/22,511010.SH,ORIGINALUNIT,109.813
2017/6/23,511010.SH,ORIGINALUNIT,109.925
2017/6/26,511010.SH,ORIGINALUNIT,110.122
2017/6/27,511010.SH,ORIGINALUNIT,110.097
2017/6/28,511010.SH,ORIGINALUNIT,110.09
2017/6/29,511010.SH,ORIGINALUNIT,110.157
2017/6/30,511010.SH,ORIGINALUNIT,110.122
2017/7/3,511010.SH,ORIGINALUNIT,110.066
2017/7/4,511010.SH,ORIGINALUNIT,110.089
2017/7/5,511010.SH,ORIGINALUNIT,110.196
2017/7/6,511010.SH,ORIGINALUNIT,110.293
2017/7/7,511010.SH,ORIGINALUNIT,110.294
2017/7/10,511010.SH,ORIGINALUNIT,110.261
2017/7/11,511010.SH,ORIGINALUNIT,110.238
2017/7/12,511010.SH,ORIGINALUNIT,110.24
2017/7/13,511010.SH,ORIGINALUNIT,110.265
2017/7/14,511010.SH,ORIGINALUNIT,110.264
2017/7/17,511010.SH,ORIGINALUNIT,110.338
2017/7/18,511010.SH,ORIGINALUNIT,110.177
2017/7/19,511010.SH,ORIGINALUNIT,110.195
2017/7/20,511010.SH,ORIGINALUNIT,110.251
2017/7/21,511010.SH,ORIGINALUNIT,110.259
2017/7/24,511010.SH,ORIGINALUNIT,110.293
2017/7/25,511010.SH,ORIGINALUNIT,110.244
2017/7/26,511010.SH,ORIGINALUNIT,110.151
2017/7/27,511010.SH,ORIGINALUNIT,110.142
2017/7/28,511010.SH,ORIGINALUNIT,110.155
2017/7/31,511010.SH,ORIGINALUNIT,110.124
2017/8/1,511010.SH,ORIGINALUNIT,110.11
2017/8/2,511010.SH,ORIGINALUNIT,110.17
2017/8/3,511010.SH,ORIGINALUNIT,110.166
2017/8/4,511010.SH,ORIGINALUNIT,110.185
2017/8/7,511010.SH,ORIGINALUNIT,110.125
2017/8/8,511010.SH,ORIGINALUNIT,110.074
2017/8/9,511010.SH,ORIGINALUNIT,110.021
2017/8/10,511010.SH,ORIGINALUNIT,110.077
2017/8/11,511010.SH,ORIGINALUNIT,110.182
2017/8/14,511010.SH,ORIGINALUNIT,110.273
2017/8/15,511010.SH,ORIGINALUNIT,110.281
2017/8/16,511010.SH,ORIGINALUNIT,110.233
2017/8/17,511010.SH,ORIGINALUNIT,110.217
2017/8/18,511010.SH,ORIGINALUNIT,110.226
2017/8/21,511010.SH,ORIGINALUNIT,110.207
2017/8/22,511010.SH,ORIGINALUNIT,110.157
2017/8/23,511010.SH,ORIGINALUNIT,110.198
2017/8/24,511010.SH,ORIGINALUNIT,110.105
2017/8/25,511010.SH,ORIGINALUNIT,110.098
2017/8/28,511010.SH,ORIGINALUNIT,110.002
2017/8/29,511010.SH,ORIGINALUNIT,110.064
2017/8/30,511010.SH,ORIGINALUNIT,110.074
2017/8/31,511010.SH,ORIGINALUNIT,110.122
2017/9/1,511010.SH,ORIGINALUNIT,110.121
2017/9/4,511010.SH,ORIGINALUNIT,110.127
2017/9/5,511010.SH,ORIGINALUNIT,110.088
2017/9/6,511010.SH,ORIGINALUNIT,110.112
2017/9/7,511010.SH,ORIGINALUNIT,110.215
2017/9/8,511010.SH,ORIGINALUNIT,110.333
2017/9/11,511010.SH,ORIGINALUNIT,110.292
2017/9/12,511010.SH,ORIGINALUNIT,110.28
2017/9/13,511010.SH,ORIGINALUNIT,110.152
2017/9/14,511010.SH,ORIGINALUNIT,110.246
2017/9/15,511010.SH,ORIGINALUNIT,110.27
2017/9/18,511010.SH,ORIGINALUNIT,110.184
2017/9/19,511010.SH,ORIGINALUNIT,110.204
2017/9/20,511010.SH,ORIGINALUNIT,110.156
2017/9/21,511010.SH,ORIGINALUNIT,110.093
2017/9/22,511010.SH,ORIGINALUNIT,110.202
2017/9/25,511010.SH,ORIGINALUNIT,110.309
2017/9/26,511010.SH,ORIGINALUNIT,110.263
2017/9/27,511010.SH,ORIGINALUNIT,110.271
2017/9/28,511010.SH,ORIGINALUNIT,110.332
2017/9/29,511010.SH,ORIGINALUNIT,110.371
2017/10/9,511010.SH,ORIGINALUNIT,110.319
2017/10/10,511010.SH,ORIGINALUNIT,110.311
2017/10/11,511010.SH,ORIGINALUNIT,110.31
2017/10/12,511010.SH,ORIGINALUNIT,110.202
2017/10/13,511010.SH,ORIGINALUNIT,110.225
2017/10/16,511010.SH,ORIGINALUNIT,110.047
2017/10/17,511010.SH,ORIGINALUNIT,109.88
2017/10/18,511010.SH,ORIGINALUNIT,109.933
2017/10/19,511010.SH,ORIGINALUNIT,110.015
2017/10/20,511010.SH,ORIGINALUNIT,110.044
2017/10/23,511010.SH,ORIGINALUNIT,110.05
2017/10/24,511010.SH,ORIGINALUNIT,110.032
2017/10/25,511010.SH,ORIGINALUNIT,109.834
2017/10/26,511010.SH,ORIGINALUNIT,109.841
2017/10/27,511010.SH,ORIGINALUNIT,109.641
2017/10/30,511010.SH,ORIGINALUNIT,109.293
2017/10/31,511010.SH,ORIGINALUNIT,109.385
2017/11/1,511010.SH,ORIGINALUNIT,109.556
2017/11/2,511010.SH,ORIGINALUNIT,109.451
2017/11/3,511010.SH,ORIGINALUNIT,109.433
2017/11/6,511010.SH,ORIGINALUNIT,109.454
2017/11/7,511010.SH,ORIGINALUNIT,109.37
2017/11/8,511010.SH,ORIGINALUNIT,109.453
2017/11/9,511010.SH,ORIGINALUNIT,109.46
2017/11/10,511010.SH,ORIGINALUNIT,109.44
2017/11/13,511010.SH,ORIGINALUNIT,109.285
2017/11/14,511010.SH,ORIGINALUNIT,109.261
2017/11/15,511010.SH,ORIGINALUNIT,109.364
2017/11/16,511010.SH,ORIGINALUNIT,109.51
2017/11/17,511010.SH,ORIGINALUNIT,109.51
2017/11/20,511010.SH,ORIGINALUNIT,109.487
2017/11/21,511010.SH,ORIGINALUNIT,109.455
2017/11/22,511010.SH,ORIGINALUNIT,109.334
2017/11/23,511010.SH,ORIGINALUNIT,109.352
2017/11/24,511010.SH,ORIGINALUNIT,109.439
2017/11/27,511010.SH,ORIGINALUNIT,109.536
2017/11/28,511010.SH,ORIGINALUNIT,109.539
2017/11/29,511010.SH,ORIGINALUNIT,109.617
2017/11/30,511010.SH,ORIGINALUNIT,109.691
2017/12/1,511010.SH,ORIGINALUNIT,109.796
2017/12/4,511010.SH,ORIGINALUNIT,109.84
2017/12/5,511010.SH,ORIGINALUNIT,109.878
2017/12/6,511010.SH,ORIGINALUNIT,109.879
2017/12/7,511010.SH,ORIGINALUNIT,109.817
2017/12/8,511010.SH,ORIGINALUNIT,109.807
2017/12/11,511010.SH,ORIGINALUNIT,109.709
2017/12/12,511010.SH,ORIGINALUNIT,109.665
2017/12/13,511010.SH,ORIGINALUNIT,109.672
2017/12/14,511010.SH,ORIGINALUNIT,109.73
2017/12/15,511010.SH,ORIGINALUNIT,109.837
2017/12/18,511010.SH,ORIGINALUNIT,109.927
2017/12/19,511010.SH,ORIGINALUNIT,109.945
2017/12/20,511010.SH,ORIGINALUNIT,109.879
2017/12/21,511010.SH,ORIGINALUNIT,109.876
2017/12/22,511010.SH,ORIGINALUNIT,109.907
2017/12/25,511010.SH,ORIGINALUNIT,109.957
2017/12/26,511010.SH,ORIGINALUNIT,109.862
2017/12/27,511010.SH,ORIGINALUNIT,109.847
2017/12/28,511010.SH,ORIGINALUNIT,109.888
2017/12/29,511010.SH,ORIGINALUNIT,109.935
2018/1/2,511010.SH,ORIGINALUNIT,109.952
2018/1/3,511010.SH,ORIGINALUNIT,109.941
2018/1/4,511010.SH,ORIGINALUNIT,109.841
2018/1/5,511010.SH,ORIGINALUNIT,109.978
2018/1/8,511010.SH,ORIGINALUNIT,110.125
2018/1/9,511010.SH,ORIGINALUNIT,110.177
2018/1/10,511010.SH,ORIGINALUNIT,110.123
2018/1/11,511010.SH,ORIGINALUNIT,109.95
2018/1/12,511010.SH,ORIGINALUNIT,109.952
2018/1/15,511010.SH,ORIGINALUNIT,109.918
2018/1/16,511010.SH,ORIGINALUNIT,109.938
2018/1/17,511010.SH,ORIGINALUNIT,109.852
2018/1/18,511010.SH,ORIGINALUNIT,109.841
2018/1/19,511010.SH,ORIGINALUNIT,109.946
2018/1/22,511010.SH,ORIGINALUNIT,110.078
2018/1/23,511010.SH,ORIGINALUNIT,110.138
2018/1/24,511010.SH,ORIGINALUNIT,110.2
2018/1/25,511010.SH,ORIGINALUNIT,110.18
2018/1/26,511010.SH,ORIGINALUNIT,110.261
2018/1/29,511010.SH,ORIGINALUNIT,110.214
2018/1/30,511010.SH,ORIGINALUNIT,110.152
2018/1/31,511010.SH,ORIGINALUNIT,110.225
2018/2/1,511010.SH,ORIGINALUNIT,110.218
2018/2/2,511010.SH,ORIGINALUNIT,110.2
2018/2/5,511010.SH,ORIGINALUNIT,110.187
2018/2/6,511010.SH,ORIGINALUNIT,110.262
2018/2/7,511010.SH,ORIGINALUNIT,110.297
2018/2/8,511010.SH,ORIGINALUNIT,110.279
2018/2/9,511010.SH,ORIGINALUNIT,110.348
2018/2/12,511010.SH,ORIGINALUNIT,110.423
2018/2/13,511010.SH,ORIGINALUNIT,110.419
2018/2/14,511010.SH,ORIGINALUNIT,110.419
2018/2/22,511010.SH,ORIGINALUNIT,110.478
2018/2/23,511010.SH,ORIGINALUNIT,110.505
2018/2/26,511010.SH,ORIGINALUNIT,110.707
2018/2/27,511010.SH,ORIGINALUNIT,110.815
2018/2/28,511010.SH,ORIGINALUNIT,110.892
2018/3/1,511010.SH,ORIGINALUNIT,110.883
2018/3/2,511010.SH,ORIGINALUNIT,110.888
2018/3/5,511010.SH,ORIGINALUNIT,110.863
2018/3/6,511010.SH,ORIGINALUNIT,110.814
2018/3/7,511010.SH,ORIGINALUNIT,110.881
2018/3/8,511010.SH,ORIGINALUNIT,110.922
2018/3/9,511010.SH,ORIGINALUNIT,111.003
2018/3/12,511010.SH,ORIGINALUNIT,111.046
2018/3/13,511010.SH,ORIGINALUNIT,111.004
2018/3/14,511010.SH,ORIGINALUNIT,111.031
2018/3/15,511010.SH,ORIGINALUNIT,111.023
2018/3/16,511010.SH,ORIGINALUNIT,111.023
2018/3/19,511010.SH,ORIGINALUNIT,111.045
2018/3/20,511010.SH,ORIGINALUNIT,111.082
2018/3/21,511010.SH,ORIGINALUNIT,111.103
2018/3/22,511010.SH,ORIGINALUNIT,111.164
2018/3/23,511010.SH,ORIGINALUNIT,111.298
2018/3/26,511010.SH,ORIGINALUNIT,111.29
2018/3/27,511010.SH,ORIGINALUNIT,111.214
2018/3/28,511010.SH,ORIGINALUNIT,111.2
2018/3/29,511010.SH,ORIGINALUNIT,111.201
2018/3/30,511010.SH,ORIGINALUNIT,111.198
2018/4/2,511010.SH,ORIGINALUNIT,111.309
2018/4/3,511010.SH,ORIGINALUNIT,111.348
2018/4/4,511010.SH,ORIGINALUNIT,111.407
2018/4/9,511010.SH,ORIGINALUNIT,111.653
2018/4/10,511010.SH,ORIGINALUNIT,111.707
2018/4/11,511010.SH,ORIGINALUNIT,111.759
2018/4/12,511010.SH,ORIGINALUNIT,111.861
2018/4/13,511010.SH,ORIGINALUNIT,112.031
2018/4/16,511010.SH,ORIGINALUNIT,112.019
2018/4/17,511010.SH,ORIGINALUNIT,112.154
2018/4/18,511010.SH,ORIGINALUNIT,112.644
2018/4/19,511010.SH,ORIGINALUNIT,112.551
2018/4/20,511010.SH,ORIGINALUNIT,112.639
2018/4/23,511010.SH,ORIGINALUNIT,112.579
2018/4/24,511010.SH,ORIGINALUNIT,112.605
2018/4/25,511010.SH,ORIGINALUNIT,112.645
2018/4/26,511010.SH,ORIGINALUNIT,112.596
2018/4/27,511010.SH,ORIGINALUNIT,112.552
2018/5/2,511010.SH,ORIGINALUNIT,112.497
2018/5/3,511010.SH,ORIGINALUNIT,112.613
2018/5/4,511010.SH,ORIGINALUNIT,112.619
2018/5/7,511010.SH,ORIGINALUNIT,112.572
2018/5/8,511010.SH,ORIGINALUNIT,112.499
2018/5/9,511010.SH,ORIGINALUNIT,112.405
2018/5/10,511010.SH,ORIGINALUNIT,112.474
2018/5/11,511010.SH,ORIGINALUNIT,112.556
2018/5/14,511010.SH,ORIGINALUNIT,112.513
2018/5/15,511010.SH,ORIGINALUNIT,112.491
2018/5/16,511010.SH,ORIGINALUNIT,112.449
2018/5/17,511010.SH,ORIGINALUNIT,112.404
2018/5/18,511010.SH,ORIGINALUNIT,112.388
2018/5/21,511010.SH,ORIGINALUNIT,112.44
2018/5/22,511010.SH,ORIGINALUNIT,112.505
2018/5/23,511010.SH,ORIGINALUNIT,112.504
2018/5/24,511010.SH,ORIGINALUNIT,112.478
2018/5/25,511010.SH,ORIGINALUNIT,112.534
2018/5/28,511010.SH,ORIGINALUNIT,112.512
2018/5/29,511010.SH,ORIGINALUNIT,112.503
2018/5/30,511010.SH,ORIGINALUNIT,112.516
2018/5/31,511010.SH,ORIGINALUNIT,112.473
2018/6/1,511010.SH,ORIGINALUNIT,112.358
2018/6/4,511010.SH,ORIGINALUNIT,112.377
2018/6/5,511010.SH,ORIGINALUNIT,112.339
2018/6/6,511010.SH,ORIGINALUNIT,112.283
2018/6/7,511010.SH,ORIGINALUNIT,112.283
2018/6/8,511010.SH,ORIGINALUNIT,112.426
2018/6/11,511010.SH,ORIGINALUNIT,112.4
2018/6/12,511010.SH,ORIGINALUNIT,112.265
2018/6/13,511010.SH,ORIGINALUNIT,112.326
2018/6/14,511010.SH,ORIGINALUNIT,112.41
2018/6/15,511010.SH,ORIGINALUNIT,112.467
2018/6/19,511010.SH,ORIGINALUNIT,112.572
2018/6/20,511010.SH,ORIGINALUNIT,112.547
2018/6/21,511010.SH,ORIGINALUNIT,112.561
2018/6/22,511010.SH,ORIGINALUNIT,112.54
2018/6/25,511010.SH,ORIGINALUNIT,112.524
2018/6/26,511010.SH,ORIGINALUNIT,112.545
2018/6/27,511010.SH,ORIGINALUNIT,112.593
2018/6/28,511010.SH,ORIGINALUNIT,112.714
2018/6/29,511010.SH,ORIGINALUNIT,112.868
2018/7/2,511010.SH,ORIGINALUNIT,112.949
2018/7/3,511010.SH,ORIGINALUNIT,113.03
2018/7/4,511010.SH,ORIGINALUNIT,113.025
2018/7/5,511010.SH,ORIGINALUNIT,113.073
2018/7/6,511010.SH,ORIGINALUNIT,113.048
2018/7/9,511010.SH,ORIGINALUNIT,113.024
2018/7/10,511010.SH,ORIGINALUNIT,112.98
2018/7/11,511010.SH,ORIGINALUNIT,113.056
2018/7/12,511010.SH,ORIGINALUNIT,113.1
2018/7/13,511010.SH,ORIGINALUNIT,113.239
2018/7/16,511010.SH,ORIGINALUNIT,113.285
2018/7/17,511010.SH,ORIGINALUNIT,113.222
2018/7/18,511010.SH,ORIGINALUNIT,113.236
2018/7/19,511010.SH,ORIGINALUNIT,113.298
2018/7/20,511010.SH,ORIGINALUNIT,113.23
2018/7/23,511010.SH,ORIGINALUNIT,113.272
2018/7/24,511010.SH,ORIGINALUNIT,113.275
2018/7/25,511010.SH,ORIGINALUNIT,113.339
2018/7/26,511010.SH,ORIGINALUNIT,113.422
2018/7/27,511010.SH,ORIGINALUNIT,113.567
2018/7/30,511010.SH,ORIGINALUNIT,113.678
2018/7/31,511010.SH,ORIGINALUNIT,113.79
2018/8/1,511010.SH,ORIGINALUNIT,113.828
2018/8/2,511010.SH,ORIGINALUNIT,113.865
2018/8/3,511010.SH,ORIGINALUNIT,113.944
2018/8/6,511010.SH,ORIGINALUNIT,113.974
2018/8/7,511010.SH,ORIGINALUNIT,114.02
2018/8/8,511010.SH,ORIGINALUNIT,113.843
2018/8/9,511010.SH,ORIGINALUNIT,113.668
2018/8/10,511010.SH,ORIGINALUNIT,113.629
2018/8/13,511010.SH,ORIGINALUNIT,113.474
2018/8/14,511010.SH,ORIGINALUNIT,113.455
2018/8/15,511010.SH,ORIGINALUNIT,113.453
2018/8/16,511010.SH,ORIGINALUNIT,113.356
2018/8/17,511010.SH,ORIGINALUNIT,113.212
2018/8/20,511010.SH,ORIGINALUNIT,113.266
2018/8/21,511010.SH,ORIGINALUNIT,113.128
2018/8/22,511010.SH,ORIGINALUNIT,113.193
2018/8/23,511010.SH,ORIGINALUNIT,113.398
2018/8/24,511010.SH,ORIGINALUNIT,113.372
2018/8/27,511010.SH,ORIGINALUNIT,113.383
2018/8/28,511010.SH,ORIGINALUNIT,113.377
2018/8/29,511010.SH,ORIGINALUNIT,113.409
2018/8/30,511010.SH,ORIGINALUNIT,113.488
2018/8/31,511010.SH,ORIGINALUNIT,113.567
2018/9/3,511010.SH,ORIGINALUNIT,113.498
2018/9/4,511010.SH,ORIGINALUNIT,113.417
2018/9/5,511010.SH,ORIGINALUNIT,113.421
2018/9/6,511010.SH,ORIGINALUNIT,113.376
2018/9/7,511010.SH,ORIGINALUNIT,113.345
2018/9/10,511010.SH,ORIGINALUNIT,113.245
2018/9/11,511010.SH,ORIGINALUNIT,113.206
2018/9/12,511010.SH,ORIGINALUNIT,113.192
2018/9/13,511010.SH,ORIGINALUNIT,113.264
2018/9/14,511010.SH,ORIGINALUNIT,113.247
2018/9/17,511010.SH,ORIGINALUNIT,113.326
2018/9/18,511010.SH,ORIGINALUNIT,113.364
2018/9/19,511010.SH,ORIGINALUNIT,113.358
2018/9/20,511010.SH,ORIGINALUNIT,113.277
2018/9/21,511010.SH,ORIGINALUNIT,113.335
2018/9/25,511010.SH,ORIGINALUNIT,113.442
2018/9/26,511010.SH,ORIGINALUNIT,113.518
2018/9/27,511010.SH,ORIGINALUNIT,113.571
2018/9/28,511010.SH,ORIGINALUNIT,113.659
2018/10/8,511010.SH,ORIGINALUNIT,113.723
2018/10/9,511010.SH,ORIGINALUNIT,113.744
2018/10/10,511010.SH,ORIGINALUNIT,113.83
2018/10/11,511010.SH,ORIGINALUNIT,113.961
2018/10/12,511010.SH,ORIGINALUNIT,113.968
2018/10/15,511010.SH,ORIGINALUNIT,113.985
2018/10/16,511010.SH,ORIGINALUNIT,113.985
2018/10/17,511010.SH,ORIGINALUNIT,114.002
2018/10/18,511010.SH,ORIGINALUNIT,114.06
2018/10/19,511010.SH,ORIGINALUNIT,114.068
2018/10/22,511010.SH,ORIGINALUNIT,114.028
2018/10/23,511010.SH,ORIGINALUNIT,114.049
2018/10/24,511010.SH,ORIGINALUNIT,114.095
2018/10/25,511010.SH,ORIGINALUNIT,114.125
2018/10/26,511010.SH,ORIGINALUNIT,114.144
2018/10/29,511010.SH,ORIGINALUNIT,114.308
2018/10/30,511010.SH,ORIGINALUNIT,114.36
2018/10/31,511010.SH,ORIGINALUNIT,114.326
2018/11/1,511010.SH,ORIGINALUNIT,114.335
2018/11/2,511010.SH,ORIGINALUNIT,114.31
2018/11/5,511010.SH,ORIGINALUNIT,114.343
2018/11/6,511010.SH,ORIGINALUNIT,114.418
2018/11/7,511010.SH,ORIGINALUNIT,114.562
2018/11/8,511010.SH,ORIGINALUNIT,114.615
2018/11/9,511010.SH,ORIGINALUNIT,114.664
2018/11/12,511010.SH,ORIGINALUNIT,114.675
2018/11/13,511010.SH,ORIGINALUNIT,114.768
2018/11/14,511010.SH,ORIGINALUNIT,115.176
2018/11/15,511010.SH,ORIGINALUNIT,115.17
2018/11/16,511010.SH,ORIGINALUNIT,115.217
2018/11/19,511010.SH,ORIGINALUNIT,115.196
2018/11/20,511010.SH,ORIGINALUNIT,115.182
2018/11/21,511010.SH,ORIGINALUNIT,115.205
2018/11/22,511010.SH,ORIGINALUNIT,115.183
2018/11/23,511010.SH,ORIGINALUNIT,115.222
2018/11/26,511010.SH,ORIGINALUNIT,115.276
2018/11/27,511010.SH,ORIGINALUNIT,115.273
2018/11/28,511010.SH,ORIGINALUNIT,115.25
2018/11/29,511010.SH,ORIGINALUNIT,115.384
2018/11/30,511010.SH,ORIGINALUNIT,115.441
2018/12/3,511010.SH,ORIGINALUNIT,115.469
2018/12/4,511010.SH,ORIGINALUNIT,115.641
2018/12/5,511010.SH,ORIGINALUNIT,115.721
2018/12/6,511010.SH,ORIGINALUNIT,115.761
2018/12/7,511010.SH,ORIGINALUNIT,115.933
2018/12/10,511010.SH,ORIGINALUNIT,116.067
2018/12/11,511010.SH,ORIGINALUNIT,116.049
2018/12/12,511010.SH,ORIGINALUNIT,116.027
2018/12/13,511010.SH,ORIGINALUNIT,115.888
2018/12/14,511010.SH,ORIGINALUNIT,115.849
2018/12/17,511010.SH,ORIGINALUNIT,115.829
2018/12/18,511010.SH,ORIGINALUNIT,115.837
2018/12/19,511010.SH,ORIGINALUNIT,115.871
2018/12/20,511010.SH,ORIGINALUNIT,115.993
2018/12/21,511010.SH,ORIGINALUNIT,115.994
2018/12/24,511010.SH,ORIGINALUNIT,115.939
2018/12/25,511010.SH,ORIGINALUNIT,115.948
2018/12/26,511010.SH,ORIGINALUNIT,115.953
2018/12/27,511010.SH,ORIGINALUNIT,116.128
2018/12/28,511010.SH,ORIGINALUNIT,116.313
2019/1/2,511010.SH,ORIGINALUNIT,116.459
2019/1/3,511010.SH,ORIGINALUNIT,116.647
2019/1/4,511010.SH,ORIGINALUNIT,116.658
2019/1/7,511010.SH,ORIGINALUNIT,116.521
2019/1/8,511010.SH,ORIGINALUNIT,116.602
2019/1/9,511010.SH,ORIGINALUNIT,116.603
2019/1/10,511010.SH,ORIGINALUNIT,116.548
2019/1/11,511010.SH,ORIGINALUNIT,116.485
2019/1/14,511010.SH,ORIGINALUNIT,116.56
2019/1/15,511010.SH,ORIGINALUNIT,116.451
2019/1/16,511010.SH,ORIGINALUNIT,116.589
2019/1/17,511010.SH,ORIGINALUNIT,116.671
2019/1/18,511010.SH,ORIGINALUNIT,116.51
2019/1/21,511010.SH,ORIGINALUNIT,116.515
2019/1/22,511010.SH,ORIGINALUNIT,116.586
2019/1/23,511010.SH,ORIGINALUNIT,116.594
2019/1/24,511010.SH,ORIGINALUNIT,116.6
2019/1/25,511010.SH,ORIGINALUNIT,116.542
2019/1/28,511010.SH,ORIGINALUNIT,116.514
2019/1/29,511010.SH,ORIGINALUNIT,116.651
2019/1/30,511010.SH,ORIGINALUNIT,116.723
2019/1/31,511010.SH,ORIGINALUNIT,116.824
2019/2/1,511010.SH,ORIGINALUNIT,116.812
2019/2/11,511010.SH,ORIGINALUNIT,117.014
2019/2/12,511010.SH,ORIGINALUNIT,117.08
2019/2/13,511010.SH,ORIGINALUNIT,117.013
2019/2/14,511010.SH,ORIGINALUNIT,117.017
2019/2/15,511010.SH,ORIGINALUNIT,117.007
2019/2/18,511010.SH,ORIGINALUNIT,116.886
2019/2/19,511010.SH,ORIGINALUNIT,116.876
2019/2/20,511010.SH,ORIGINALUNIT,116.898
2019/2/21,511010.SH,ORIGINALUNIT,116.852
2019/2/22,511010.SH,ORIGINALUNIT,116.812
2019/2/25,511010.SH,ORIGINALUNIT,116.648
2019/2/26,511010.SH,ORIGINALUNIT,116.428
2019/2/27,511010.SH,ORIGINALUNIT,116.456
2019/2/28,511010.SH,ORIGINALUNIT,116.447
2019/3/1,511010.SH,ORIGINALUNIT,116.321
2019/3/4,511010.SH,ORIGINALUNIT,116.311
2019/3/5,511010.SH,ORIGINALUNIT,116.217
2019/3/6,511010.SH,ORIGINALUNIT,116.217
2019/3/7,511010.SH,ORIGINALUNIT,116.352
2019/3/8,511010.SH,ORIGINALUNIT,116.484
2019/3/11,511010.SH,ORIGINALUNIT,116.462
2019/3/12,511010.SH,ORIGINALUNIT,116.424
2019/3/13,511010.SH,ORIGINALUNIT,116.407
2019/3/14,511010.SH,ORIGINALUNIT,116.37
2019/3/15,511010.SH,ORIGINALUNIT,116.409
2019/3/18,511010.SH,ORIGINALUNIT,116.405
2019/3/19,511010.SH,ORIGINALUNIT,116.404
2019/3/20,511010.SH,ORIGINALUNIT,116.429
2019/3/21,511010.SH,ORIGINALUNIT,116.502
2019/3/22,511010.SH,ORIGINALUNIT,116.555
2019/3/25,511010.SH,ORIGINALUNIT,116.734
2019/3/26,511010.SH,ORIGINALUNIT,116.818
2019/3/27,511010.SH,ORIGINALUNIT,116.841
2019/3/28,511010.SH,ORIGINALUNIT,116.928
2019/3/29,511010.SH,ORIGINALUNIT,116.969
2019/4/1,511010.SH,ORIGINALUNIT,116.827
2019/4/2,511010.SH,ORIGINALUNIT,116.729
2019/4/3,511010.SH,ORIGINALUNIT,116.572
2019/4/4,511010.SH,ORIGINALUNIT,116.269
2019/4/8,511010.SH,ORIGINALUNIT,116.26
2019/4/9,511010.SH,ORIGINALUNIT,115.992
2019/4/10,511010.SH,ORIGINALUNIT,116.015
2019/4/11,511010.SH,ORIGINALUNIT,116.13
2019/4/12,511010.SH,ORIGINALUNIT,116.138
2019/4/15,511010.SH,ORIGINALUNIT,115.898
2019/4/16,511010.SH,ORIGINALUNIT,115.819
2019/4/17,511010.SH,ORIGINALUNIT,115.799
2019/4/18,511010.SH,ORIGINALUNIT,116.017
2019/4/19,511010.SH,ORIGINALUNIT,116.065
2019/4/22,511010.SH,ORIGINALUNIT,115.983
2019/4/23,511010.SH,ORIGINALUNIT,115.933
2019/4/24,511010.SH,ORIGINALUNIT,115.841
2019/4/25,511010.SH,ORIGINALUNIT,115.938
2019/4/26,511010.SH,ORIGINALUNIT,115.986
2019/4/29,511010.SH,ORIGINALUNIT,115.986
2019/4/30,511010.SH,ORIGINALUNIT,116.036
2019/5/6,511010.SH,ORIGINALUNIT,116.325
2019/5/7,511010.SH,ORIGINALUNIT,116.223
2019/5/8,511010.SH,ORIGINALUNIT,116.302
2019/5/9,511010.SH,ORIGINALUNIT,116.385
2019/5/10,511010.SH,ORIGINALUNIT,116.376
2019/5/13,511010.SH,ORIGINALUNIT,116.467
2019/5/14,511010.SH,ORIGINALUNIT,116.383
2019/5/15,511010.SH,ORIGINALUNIT,116.421
2019/5/16,511010.SH,ORIGINALUNIT,116.536
2019/5/17,511010.SH,ORIGINALUNIT,116.525
2019/5/20,511010.SH,ORIGINALUNIT,116.548
2019/5/21,511010.SH,ORIGINALUNIT,116.526
2019/5/22,511010.SH,ORIGINALUNIT,116.511
2019/5/23,511010.SH,ORIGINALUNIT,116.624
2019/5/24,511010.SH,ORIGINALUNIT,116.658
2019/5/27,511010.SH,ORIGINALUNIT,116.531
2019/5/28,511010.SH,ORIGINALUNIT,116.584
2019/5/29,511010.SH,ORIGINALUNIT,116.759
2019/5/30,511010.SH,ORIGINALUNIT,116.906
2019/5/31,511010.SH,ORIGINALUNIT,116.874
2019/6/3,511010.SH,ORIGINALUNIT,116.95
2019/6/4,511010.SH,ORIGINALUNIT,117.026
2019/6/5,511010.SH,ORIGINALUNIT,117.0
2019/6/6,511010.SH,ORIGINALUNIT,116.987
2019/6/10,511010.SH,ORIGINALUNIT,116.925
2019/6/11,511010.SH,ORIGINALUNIT,116.793
2019/6/12,511010.SH,ORIGINALUNIT,116.816
2019/6/13,511010.SH,ORIGINALUNIT,116.879
2019/6/14,511010.SH,ORIGINALUNIT,116.997
2019/6/17,511010.SH,ORIGINALUNIT,117.093
2019/6/18,511010.SH,ORIGINALUNIT,117.112
2019/6/19,511010.SH,ORIGINALUNIT,117.089
2019/6/20,511010.SH,ORIGINALUNIT,117.193
2019/6/21,511010.SH,ORIGINALUNIT,117.234
2019/6/24,511010.SH,ORIGINALUNIT,117.165
2019/6/25,511010.SH,ORIGINALUNIT,117.212
2019/6/26,511010.SH,ORIGINALUNIT,117.184
2019/6/27,511010.SH,ORIGINALUNIT,117.118
2019/6/28,511010.SH,ORIGINALUNIT,117.202
2019/7/1,511010.SH,ORIGINALUNIT,117.229
2019/7/2,511010.SH,ORIGINALUNIT,117.442
2019/7/3,511010.SH,ORIGINALUNIT,117.519
2019/7/4,511010.SH,ORIGINALUNIT,117.573
2019/7/5,511010.SH,ORIGINALUNIT,117.443
2019/7/8,511010.SH,ORIGINALUNIT,117.427
2019/7/9,511010.SH,ORIGINALUNIT,117.455
2019/7/10,511010.SH,ORIGINALUNIT,117.449
2019/7/11,511010.SH,ORIGINALUNIT,117.493
2019/7/12,511010.SH,ORIGINALUNIT,117.547
2019/7/15,511010.SH,ORIGINALUNIT,117.471
2019/7/16,511010.SH,ORIGINALUNIT,117.487
2019/7/17,511010.SH,ORIGINALUNIT,117.522
2019/7/18,511010.SH,ORIGINALUNIT,117.6
2019/7/19,511010.SH,ORIGINALUNIT,117.606
2019/7/22,511010.SH,ORIGINALUNIT,117.674
2019/7/23,511010.SH,ORIGINALUNIT,117.717
2019/7/24,511010.SH,ORIGINALUNIT,117.649
2019/7/25,511010.SH,ORIGINALUNIT,117.68
2019/7/26,511010.SH,ORIGINALUNIT,117.675
2019/7/29,511010.SH,ORIGINALUNIT,117.629
2019/7/30,511010.SH,ORIGINALUNIT,117.66
2019/7/31,511010.SH,ORIGINALUNIT,117.76
2019/8/1,511010.SH,ORIGINALUNIT,117.831
2019/8/2,511010.SH,ORIGINALUNIT,118.021
2019/8/5,511010.SH,ORIGINALUNIT,118.177
2019/8/6,511010.SH,ORIGINALUNIT,118.135
2019/8/7,511010.SH,ORIGINALUNIT,118.173
2019/8/8,511010.SH,ORIGINALUNIT,118.191
2019/8/9,511010.SH,ORIGINALUNIT,118.289
2019/8/12,511010.SH,ORIGINALUNIT,118.26
2019/8/13,511010.SH,ORIGINALUNIT,118.345
2019/8/14,511010.SH,ORIGINALUNIT,118.314
2019/8/15,511010.SH,ORIGINALUNIT,118.293
2019/8/16,511010.SH,ORIGINALUNIT,118.219
2019/8/19,511010.SH,ORIGINALUNIT,118.323
2019/8/20,511010.SH,ORIGINALUNIT,118.288
2019/8/21,511010.SH,ORIGINALUNIT,118.193
2019/8/22,511010.SH,ORIGINALUNIT,118.181
2019/8/23,511010.SH,ORIGINALUNIT,118.19
2019/8/26,511010.SH,ORIGINALUNIT,118.288
2019/8/27,511010.SH,ORIGINALUNIT,118.282
2019/8/28,511010.SH,ORIGINALUNIT,118.268
2019/8/29,511010.SH,ORIGINALUNIT,118.392
2019/8/30,511010.SH,ORIGINALUNIT,118.262
2019/9/2,511010.SH,ORIGINALUNIT,118.208
2019/9/3,511010.SH,ORIGINALUNIT,118.178
2019/9/4,511010.SH,ORIGINALUNIT,118.262
2019/9/5,511010.SH,ORIGINALUNIT,118.461
2019/9/6,511010.SH,ORIGINALUNIT,118.567
2019/9/9,511010.SH,ORIGINALUNIT,118.484
2019/9/10,511010.SH,ORIGINALUNIT,118.431
2019/9/11,511010.SH,ORIGINALUNIT,118.447
2019/9/12,511010.SH,ORIGINALUNIT,118.364
2019/9/16,511010.SH,ORIGINALUNIT,118.397
2019/9/17,511010.SH,ORIGINALUNIT,118.377
2019/9/18,511010.SH,ORIGINALUNIT,118.368
2019/9/19,511010.SH,ORIGINALUNIT,118.383
2019/9/20,511010.SH,ORIGINALUNIT,118.414
2019/9/23,511010.SH,ORIGINALUNIT,118.477
2019/9/24,511010.SH,ORIGINALUNIT,118.436
2019/9/25,511010.SH,ORIGINALUNIT,118.478
2019/9/26,511010.SH,ORIGINALUNIT,118.41
2019/9/27,511010.SH,ORIGINALUNIT,118.385
2019/9/30,511010.SH,ORIGINALUNIT,118.422
2019/10/8,511010.SH,ORIGINALUNIT,118.56
2019/10/9,511010.SH,ORIGINALUNIT,118.567
2019/10/10,511010.SH,ORIGINALUNIT,118.513
2019/10/11,511010.SH,ORIGINALUNIT,118.431
2019/10/14,511010.SH,ORIGINALUNIT,118.421
2019/10/15,511010.SH,ORIGINALUNIT,118.406
2019/10/16,511010.SH,ORIGINALUNIT,118.483
2019/10/17,511010.SH,ORIGINALUNIT,118.519
2019/10/18,511010.SH,ORIGINALUNIT,118.476
2019/10/21,511010.SH,ORIGINALUNIT,118.426
2019/10/22,511010.SH,ORIGINALUNIT,118.31
2019/10/23,511010.SH,ORIGINALUNIT,118.409
2019/10/24,511010.SH,ORIGINALUNIT,118.439
2019/10/25,511010.SH,ORIGINALUNIT,118.428
2019/10/28,511010.SH,ORIGINALUNIT,118.274
2019/10/29,511010.SH,ORIGINALUNIT,118.214
2019/10/30,511010.SH,ORIGINALUNIT,118.1
2019/10/31,511010.SH,ORIGINALUNIT,118.191
2019/11/1,511010.SH,ORIGINALUNIT,118.284
2019/11/4,511010.SH,ORIGINALUNIT,118.209
2019/11/5,511010.SH,ORIGINALUNIT,118.362
2019/11/6,511010.SH,ORIGINALUNIT,118.386
2019/11/7,511010.SH,ORIGINALUNIT,118.352
2019/11/8,511010.SH,ORIGINALUNIT,118.344
2019/11/11,511010.SH,ORIGINALUNIT,118.486
2019/11/12,511010.SH,ORIGINALUNIT,118.44
2019/11/13,511010.SH,ORIGINALUNIT,118.477
2019/11/14,511010.SH,ORIGINALUNIT,118.442
2019/11/15,511010.SH,ORIGINALUNIT,118.516
2019/11/18,511010.SH,ORIGINALUNIT,118.638
2019/11/19,511010.SH,ORIGINALUNIT,118.73
2019/11/20,511010.SH,ORIGINALUNIT,118.808
2019/11/21,511010.SH,ORIGINALUNIT,118.865
2019/11/22,511010.SH,ORIGINALUNIT,118.874
2019/11/25,511010.SH,ORIGINALUNIT,118.782
2019/11/26,511010.SH,ORIGINALUNIT,118.83
2019/11/27,511010.SH,ORIGINALUNIT,118.844
2019/11/28,511010.SH,ORIGINALUNIT,118.854
2019/11/29,511010.SH,ORIGINALUNIT,118.897
2019/12/2,511010.SH,ORIGINALUNIT,118.792
2019/12/3,511010.SH,ORIGINALUNIT,118.785
2019/12/4,511010.SH,ORIGINALUNIT,118.929
2019/12/5,511010.SH,ORIGINALUNIT,118.929
2019/12/6,511010.SH,ORIGINALUNIT,118.917
2019/12/9,511010.SH,ORIGINALUNIT,118.88
2019/12/10,511010.SH,ORIGINALUNIT,118.904
2019/12/11,511010.SH,ORIGINALUNIT,118.952
2019/12/12,511010.SH,ORIGINALUNIT,118.991
2019/12/13,511010.SH,ORIGINALUNIT,118.965
2019/12/16,511010.SH,ORIGINALUNIT,118.983
2019/12/17,511010.SH,ORIGINALUNIT,118.921
2019/12/18,511010.SH,ORIGINALUNIT,118.935
2019/12/19,511010.SH,ORIGINALUNIT,118.995
2019/12/20,511010.SH,ORIGINALUNIT,119.168
2019/12/23,511010.SH,ORIGINALUNIT,119.356
2019/12/24,511010.SH,ORIGINALUNIT,119.463
2019/12/25,511010.SH,ORIGINALUNIT,119.52
2019/12/26,511010.SH,ORIGINALUNIT,119.68
2019/12/27,511010.SH,ORIGINALUNIT,119.68
2019/12/30,511010.SH,ORIGINALUNIT,119.705
2019/12/31,511010.SH,ORIGINALUNIT,119.725
2020/1/2,511010.SH,ORIGINALUNIT,119.619
2020/1/3,511010.SH,ORIGINALUNIT,119.575
2020/1/6,511010.SH,ORIGINALUNIT,119.697
2020/1/7,511010.SH,ORIGINALUNIT,119.654
2020/1/8,511010.SH,ORIGINALUNIT,119.738
2020/1/9,511010.SH,ORIGINALUNIT,119.751
2020/1/10,511010.SH,ORIGINALUNIT,119.883
2020/1/13,511010.SH,ORIGINALUNIT,119.897
2020/1/14,511010.SH,ORIGINALUNIT,119.815
2020/1/15,511010.SH,ORIGINALUNIT,119.826
2020/1/16,511010.SH,ORIGINALUNIT,119.85
2020/1/17,511010.SH,ORIGINALUNIT,119.893
2020/1/20,511010.SH,ORIGINALUNIT,120.029
2020/1/21,511010.SH,ORIGINALUNIT,120.202
2020/1/22,511010.SH,ORIGINALUNIT,120.239
2020/1/23,511010.SH,ORIGINALUNIT,120.395
2020/2/3,511010.SH,ORIGINALUNIT,120.814
2020/2/4,511010.SH,ORIGINALUNIT,121.141
2020/2/5,511010.SH,ORIGINALUNIT,121.083
2020/2/6,511010.SH,ORIGINALUNIT,121.15
2020/2/7,511010.SH,ORIGINALUNIT,121.339
2020/2/10,511010.SH,ORIGINALUNIT,121.492
2020/2/11,511010.SH,ORIGINALUNIT,121.404
2020/2/12,511010.SH,ORIGINALUNIT,121.336
2020/2/13,511010.SH,ORIGINALUNIT,121.38
2020/2/14,511010.SH,ORIGINALUNIT,121.284
2020/2/17,511010.SH,ORIGINALUNIT,121.144
2020/2/18,511010.SH,ORIGINALUNIT,121.202
2020/2/19,511010.SH,ORIGINALUNIT,121.218
2020/2/20,511010.SH,ORIGINALUNIT,121.087
2020/2/21,511010.SH,ORIGINALUNIT,121.203
2020/2/24,511010.SH,ORIGINALUNIT,121.365
2020/2/25,511010.SH,ORIGINALUNIT,121.347
2020/2/26,511010.SH,ORIGINALUNIT,121.387
2020/2/27,511010.SH,ORIGINALUNIT,121.502
2020/2/28,511010.SH,ORIGINALUNIT,121.757
2020/3/2,511010.SH,ORIGINALUNIT,121.774
2020/3/3,511010.SH,ORIGINALUNIT,121.757
2020/3/4,511010.SH,ORIGINALUNIT,122.064
2020/3/5,511010.SH,ORIGINALUNIT,122.047
2020/3/6,511010.SH,ORIGINALUNIT,122.253
2020/3/9,511010.SH,ORIGINALUNIT,122.655
2020/3/10,511010.SH,ORIGINALUNIT,122.29
2020/3/11,511010.SH,ORIGINALUNIT,122.306
2020/3/12,511010.SH,ORIGINALUNIT,122.202
2020/3/13,511010.SH,ORIGINALUNIT,121.986
2020/3/16,511010.SH,ORIGINALUNIT,122.062
2020/3/17,511010.SH,ORIGINALUNIT,121.973
2020/3/18,511010.SH,ORIGINALUNIT,121.998
2020/3/19,511010.SH,ORIGINALUNIT,121.997
2020/3/20,511010.SH,ORIGINALUNIT,122.113
2020/3/23,511010.SH,ORIGINALUNIT,122.347
2020/3/24,511010.SH,ORIGINALUNIT,122.455
2020/3/25,511010.SH,ORIGINALUNIT,122.526
2020/3/26,511010.SH,ORIGINALUNIT,122.83
2020/3/27,511010.SH,ORIGINALUNIT,122.761
2020/3/30,511010.SH,ORIGINALUNIT,122.905
2020/3/31,511010.SH,ORIGINALUNIT,123.114
2020/4/1,511010.SH,ORIGINALUNIT,123.245
2020/4/2,511010.SH,ORIGINALUNIT,123.175
2020/4/3,511010.SH,ORIGINALUNIT,123.298
2020/4/7,511010.SH,ORIGINALUNIT,124.085
2020/4/8,511010.SH,ORIGINALUNIT,124.719
2020/4/9,511010.SH,ORIGINALUNIT,124.583
2020/4/10,511010.SH,ORIGINALUNIT,124.401
2020/4/13,511010.SH,ORIGINALUNIT,124.424
2020/4/14,511010.SH,ORIGINALUNIT,124.543
2020/4/15,511010.SH,ORIGINALUNIT,124.75
2020/4/16,511010.SH,ORIGINALUNIT,124.791
2020/4/17,511010.SH,ORIGINALUNIT,124.751
2020/4/20,511010.SH,ORIGINALUNIT,124.792
2020/4/21,511010.SH,ORIGINALUNIT,124.952
2020/4/22,511010.SH,ORIGINALUNIT,125.37
2020/4/23,511010.SH,ORIGINALUNIT,125.59
2020/4/24,511010.SH,ORIGINALUNIT,125.57
2020/4/27,511010.SH,ORIGINALUNIT,125.549
2020/4/28,511010.SH,ORIGINALUNIT,125.647
2020/4/29,511010.SH,ORIGINALUNIT,126.041
2020/4/30,511010.SH,ORIGINALUNIT,125.982
2020/5/6,511010.SH,ORIGINALUNIT,125.753
2020/5/7,511010.SH,ORIGINALUNIT,125.27
2020/5/8,511010.SH,ORIGINALUNIT,125.288
2020/5/11,511010.SH,ORIGINALUNIT,124.845
2020/5/12,511010.SH,ORIGINALUNIT,124.846
2020/5/13,511010.SH,ORIGINALUNIT,124.803
2020/5/14,511010.SH,ORIGINALUNIT,124.972
2020/5/15,511010.SH,ORIGINALUNIT,125.181
2020/5/18,511010.SH,ORIGINALUNIT,124.82
2020/5/19,511010.SH,ORIGINALUNIT,124.55
2020/5/20,511010.SH,ORIGINALUNIT,124.475
2020/5/21,511010.SH,ORIGINALUNIT,124.36
2020/5/22,511010.SH,ORIGINALUNIT,124.854
2020/5/25,511010.SH,ORIGINALUNIT,124.515
2020/5/26,511010.SH,ORIGINALUNIT,124.076
2020/5/27,511010.SH,ORIGINALUNIT,123.703
2020/5/28,511010.SH,ORIGINALUNIT,123.859
2020/5/29,511010.SH,ORIGINALUNIT,123.966
2020/6/1,511010.SH,ORIGINALUNIT,123.891
2020/6/2,511010.SH,ORIGINALUNIT,123.222
2020/6/3,511010.SH,ORIGINALUNIT,123.06
2020/6/4,511010.SH,ORIGINALUNIT,122.648
2020/6/5,511010.SH,ORIGINALUNIT,122.393
2020/6/8,511010.SH,ORIGINALUNIT,122.524
2020/6/9,511010.SH,ORIGINALUNIT,122.598
2020/6/10,511010.SH,ORIGINALUNIT,122.476
2020/6/11,511010.SH,ORIGINALUNIT,122.634
2020/6/12,511010.SH,ORIGINALUNIT,122.747
2020/6/15,511010.SH,ORIGINALUNIT,122.665
2020/6/16,511010.SH,ORIGINALUNIT,122.238
2020/6/17,511010.SH,ORIGINALUNIT,122.085
2020/6/18,511010.SH,ORIGINALUNIT,122.129
2020/6/19,511010.SH,ORIGINALUNIT,122.105
2020/6/22,511010.SH,ORIGINALUNIT,121.836
2020/6/23,511010.SH,ORIGINALUNIT,121.814
2020/6/24,511010.SH,ORIGINALUNIT,122.306
2020/6/29,511010.SH,ORIGINALUNIT,122.403
2020/6/30,511010.SH,ORIGINALUNIT,122.546
2020/7/1,511010.SH,ORIGINALUNIT,122.419
2020/7/2,511010.SH,ORIGINALUNIT,122.499
2020/7/3,511010.SH,ORIGINALUNIT,122.388
2020/7/6,511010.SH,ORIGINALUNIT,121.651
2020/7/7,511010.SH,ORIGINALUNIT,121.424
2020/7/8,511010.SH,ORIGINALUNIT,121.121
2020/7/9,511010.SH,ORIGINALUNIT,120.931
2020/7/10,511010.SH,ORIGINALUNIT,121.166
2020/7/13,511010.SH,ORIGINALUNIT,120.989
2020/7/14,511010.SH,ORIGINALUNIT,121.251
2020/7/15,511010.SH,ORIGINALUNIT,121.608
2020/7/16,511010.SH,ORIGINALUNIT,121.799
2020/7/17,511010.SH,ORIGINALUNIT,121.851
2020/7/20,511010.SH,ORIGINALUNIT,121.938
2020/7/21,511010.SH,ORIGINALUNIT,122.191
2020/7/22,511010.SH,ORIGINALUNIT,122.202
2020/7/23,511010.SH,ORIGINALUNIT,122.127
2020/7/24,511010.SH,ORIGINALUNIT,122.328
2020/7/27,511010.SH,ORIGINALUNIT,122.21
2020/7/28,511010.SH,ORIGINALUNIT,122.075
2020/7/29,511010.SH,ORIGINALUNIT,121.991
2020/7/30,511010.SH,ORIGINALUNIT,121.988
2020/7/31,511010.SH,ORIGINALUNIT,121.854
2020/8/3,511010.SH,ORIGINALUNIT,121.935
2020/8/4,511010.SH,ORIGINALUNIT,121.905
2020/8/5,511010.SH,ORIGINALUNIT,121.578
2020/8/6,511010.SH,ORIGINALUNIT,121.416
2020/8/7,511010.SH,ORIGINALUNIT,121.353
2020/8/10,511010.SH,ORIGINALUNIT,121.527
2020/8/11,511010.SH,ORIGINALUNIT,121.409
2020/8/12,511010.SH,ORIGINALUNIT,121.284
2020/8/13,511010.SH,ORIGINALUNIT,121.405
2020/8/14,511010.SH,ORIGINALUNIT,121.506
2020/8/17,511010.SH,ORIGINALUNIT,121.571
2020/8/18,511010.SH,ORIGINALUNIT,121.446
2020/8/19,511010.SH,ORIGINALUNIT,121.282
2020/8/20,511010.SH,ORIGINALUNIT,121.148
2020/8/21,511010.SH,ORIGINALUNIT,121.252
2020/8/24,511010.SH,ORIGINALUNIT,121.198
2020/8/25,511010.SH,ORIGINALUNIT,120.96
2020/8/26,511010.SH,ORIGINALUNIT,120.828
2020/8/27,511010.SH,ORIGINALUNIT,120.81
2020/8/28,511010.SH,ORIGINALUNIT,120.788
2020/8/31,511010.SH,ORIGINALUNIT,120.953
2020/9/1,511010.SH,ORIGINALUNIT,120.859
2020/9/2,511010.SH,ORIGINALUNIT,120.66
2020/9/3,511010.SH,ORIGINALUNIT,120.488
2020/9/4,511010.SH,ORIGINALUNIT,120.425
2020/9/7,511010.SH,ORIGINALUNIT,120.381
2020/9/8,511010.SH,ORIGINALUNIT,120.481
2020/9/9,511010.SH,ORIGINALUNIT,120.727
2020/9/10,511010.SH,ORIGINALUNIT,120.928
2020/9/11,511010.SH,ORIGINALUNIT,120.816
2020/9/14,511010.SH,ORIGINALUNIT,120.69
2020/9/15,511010.SH,ORIGINALUNIT,120.92
2020/9/16,511010.SH,ORIGINALUNIT,121.003
2020/9/17,511010.SH,ORIGINALUNIT,120.944
2020/9/18,511010.SH,ORIGINALUNIT,121.163
2020/9/21,511010.SH,ORIGINALUNIT,121.342
2020/9/22,511010.SH,ORIGINALUNIT,121.384
2020/9/23,511010.SH,ORIGINALUNIT,121.372
2020/9/24,511010.SH,ORIGINALUNIT,121.305
2020/9/25,511010.SH,ORIGINALUNIT,121.145
2020/9/28,511010.SH,ORIGINALUNIT,121.168
2020/9/29,511010.SH,ORIGINALUNIT,121.07
2020/9/30,511010.SH,ORIGINALUNIT,120.93
2020/10/9,511010.SH,ORIGINALUNIT,120.705
2020/10/12,511010.SH,ORIGINALUNIT,120.799
2020/10/13,511010.SH,ORIGINALUNIT,120.762
2020/10/14,511010.SH,ORIGINALUNIT,120.621
2020/10/15,511010.SH,ORIGINALUNIT,120.587
2020/10/16,511010.SH,ORIGINALUNIT,120.629
2020/10/19,511010.SH,ORIGINALUNIT,120.776
2020/10/20,511010.SH,ORIGINALUNIT,120.827
2020/10/21,511010.SH,ORIGINALUNIT,120.903
2020/10/22,511010.SH,ORIGINALUNIT,121.143
2020/10/23,511010.SH,ORIGINALUNIT,121.118
2020/10/26,511010.SH,ORIGINALUNIT,121.149
2020/10/27,511010.SH,ORIGINALUNIT,121.23
2020/10/28,511010.SH,ORIGINALUNIT,121.156
2020/10/29,511010.SH,ORIGINALUNIT,121.184
2020/10/30,511010.SH,ORIGINALUNIT,121.225
2020/11/2,511010.SH,ORIGINALUNIT,121.285
2020/11/3,511010.SH,ORIGINALUNIT,121.379
2020/11/4,511010.SH,ORIGINALUNIT,121.331
2020/11/5,511010.SH,ORIGINALUNIT,121.236
2020/11/6,511010.SH,ORIGINALUNIT,121.1
2020/11/9,511010.SH,ORIGINALUNIT,121.005
2020/11/10,511010.SH,ORIGINALUNIT,121.104
2020/11/11,511010.SH,ORIGINALUNIT,121.089
2020/11/12,511010.SH,ORIGINALUNIT,120.962
2020/11/13,511010.SH,ORIGINALUNIT,120.884
2020/11/16,511010.SH,ORIGINALUNIT,120.858
2020/11/17,511010.SH,ORIGINALUNIT,120.785
2020/11/18,511010.SH,ORIGINALUNIT,120.606
2020/11/19,511010.SH,ORIGINALUNIT,120.374
2020/11/20,511010.SH,ORIGINALUNIT,120.488
2020/11/23,511010.SH,ORIGINALUNIT,120.65
2020/11/24,511010.SH,ORIGINALUNIT,120.542
2020/11/25,511010.SH,ORIGINALUNIT,120.656
2020/11/26,511010.SH,ORIGINALUNIT,120.616
2020/11/27,511010.SH,ORIGINALUNIT,120.549
2020/11/30,511010.SH,ORIGINALUNIT,120.928
2020/12/1,511010.SH,ORIGINALUNIT,120.844
2020/12/2,511010.SH,ORIGINALUNIT,120.677
2020/12/3,511010.SH,ORIGINALUNIT,120.638
2020/12/4,511010.SH,ORIGINALUNIT,120.705
2020/12/7,511010.SH,ORIGINALUNIT,120.648
2020/12/8,511010.SH,ORIGINALUNIT,120.787
2020/12/9,511010.SH,ORIGINALUNIT,120.784
2020/12/10,511010.SH,ORIGINALUNIT,120.88
2020/12/11,511010.SH,ORIGINALUNIT,120.716
2020/12/14,511010.SH,ORIGINALUNIT,120.782
2020/12/15,511010.SH,ORIGINALUNIT,120.947
2020/12/16,511010.SH,ORIGINALUNIT,121.069
2020/12/17,511010.SH,ORIGINALUNIT,120.965
2020/12/18,511010.SH,ORIGINALUNIT,120.923
2020/12/21,511010.SH,ORIGINALUNIT,121.132
2020/12/22,511010.SH,ORIGINALUNIT,121.324
2020/12/23,511010.SH,ORIGINALUNIT,121.413
2020/12/24,511010.SH,ORIGINALUNIT,121.331
2020/12/25,511010.SH,ORIGINALUNIT,121.488
2020/12/28,511010.SH,ORIGINALUNIT,121.551
2020/12/29,511010.SH,ORIGINALUNIT,121.576
2020/12/30,511010.SH,ORIGINALUNIT,121.847
2020/12/31,511010.SH,ORIGINALUNIT,121.801
2021/1/4,511010.SH,ORIGINALUNIT,121.602
2021/1/5,511010.SH,ORIGINALUNIT,121.824
2021/1/6,511010.SH,ORIGINALUNIT,121.9
2021/1/7,511010.SH,ORIGINALUNIT,121.988
2021/1/8,511010.SH,ORIGINALUNIT,121.894
2021/1/11,511010.SH,ORIGINALUNIT,121.818
2021/1/12,511010.SH,ORIGINALUNIT,121.944
2021/1/13,511010.SH,ORIGINALUNIT,122.16
2021/1/14,511010.SH,ORIGINALUNIT,122.182
2021/1/15,511010.SH,ORIGINALUNIT,121.901
2021/1/18,511010.SH,ORIGINALUNIT,121.716
2021/1/19,511010.SH,ORIGINALUNIT,121.81
2021/1/20,511010.SH,ORIGINALUNIT,121.939
2021/1/21,511010.SH,ORIGINALUNIT,122.076
2021/1/22,511010.SH,ORIGINALUNIT,122.058
2021/1/25,511010.SH,ORIGINALUNIT,121.983
2021/1/26,511010.SH,ORIGINALUNIT,121.766
2021/1/27,511010.SH,ORIGINALUNIT,121.768
2021/1/28,511010.SH,ORIGINALUNIT,121.576
2021/1/29,511010.SH,ORIGINALUNIT,121.688
2021/2/1,511010.SH,ORIGINALUNIT,121.821
2021/2/2,511010.SH,ORIGINALUNIT,121.779
2021/2/3,511010.SH,ORIGINALUNIT,121.571
2021/2/4,511010.SH,ORIGINALUNIT,121.485
2021/2/5,511010.SH,ORIGINALUNIT,121.543
2021/2/8,511010.SH,ORIGINALUNIT,121.497
2021/2/9,511010.SH,ORIGINALUNIT,121.622
2021/2/10,511010.SH,ORIGINALUNIT,121.605
2021/2/18,511010.SH,ORIGINALUNIT,121.489
2021/2/19,511010.SH,ORIGINALUNIT,121.646
2021/2/22,511010.SH,ORIGINALUNIT,121.65
2021/2/23,511010.SH,ORIGINALUNIT,121.692
2021/2/24,511010.SH,ORIGINALUNIT,121.771
2021/2/25,511010.SH,ORIGINALUNIT,121.709
2021/2/26,511010.SH,ORIGINALUNIT,121.694
2021/3/1,511010.SH,ORIGINALUNIT,121.816
2021/3/2,511010.SH,ORIGINALUNIT,121.808
2021/3/3,511010.SH,ORIGINALUNIT,121.778
2021/3/4,511010.SH,ORIGINALUNIT,121.73
2021/3/5,511010.SH,ORIGINALUNIT,121.811
2021/3/8,511010.SH,ORIGINALUNIT,121.827
2021/3/9,511010.SH,ORIGINALUNIT,121.793
2021/3/10,511010.SH,ORIGINALUNIT,121.84
2021/3/11,511010.SH,ORIGINALUNIT,121.827
2021/3/12,511010.SH,ORIGINALUNIT,121.794
2021/3/15,511010.SH,ORIGINALUNIT,121.719
2021/3/16,511010.SH,ORIGINALUNIT,121.793
2021/3/17,511010.SH,ORIGINALUNIT,121.837
2021/3/18,511010.SH,ORIGINALUNIT,121.819
2021/3/19,511010.SH,ORIGINALUNIT,121.905
2021/3/22,511010.SH,ORIGINALUNIT,121.953
2021/3/23,511010.SH,ORIGINALUNIT,122.003
2021/3/24,511010.SH,ORIGINALUNIT,122.098
2021/3/25,511010.SH,ORIGINALUNIT,122.117
2021/3/26,511010.SH,ORIGINALUNIT,122.089
2021/3/29,511010.SH,ORIGINALUNIT,122.13
2021/3/30,511010.SH,ORIGINALUNIT,122.11
2021/3/31,511010.SH,ORIGINALUNIT,122.241
2021/4/1,511010.SH,ORIGINALUNIT,122.18
2021/4/2,511010.SH,ORIGINALUNIT,122.177
2021/4/6,511010.SH,ORIGINALUNIT,122.134
2021/4/7,511010.SH,ORIGINALUNIT,122.086
2021/4/8,511010.SH,ORIGINALUNIT,122.081
2021/4/9,511010.SH,ORIGINALUNIT,122.172
2021/4/12,511010.SH,ORIGINALUNIT,122.26
2021/4/13,511010.SH,ORIGINALUNIT,122.399
2021/4/14,511010.SH,ORIGINALUNIT,122.396
2021/4/15,511010.SH,ORIGINALUNIT,122.438
2021/4/16,511010.SH,ORIGINALUNIT,122.497
2021/4/19,511010.SH,ORIGINALUNIT,122.575
2021/4/20,511010.SH,ORIGINALUNIT,122.653
2021/4/21,511010.SH,ORIGINALUNIT,122.718
2021/4/22,511010.SH,ORIGINALUNIT,122.694
2021/4/23,511010.SH,ORIGINALUNIT,122.7
2021/4/26,511010.SH,ORIGINALUNIT,122.505
2021/4/27,511010.SH,ORIGINALUNIT,122.488
2021/4/28,511010.SH,ORIGINALUNIT,122.572
2021/4/29,511010.SH,ORIGINALUNIT,122.626
2021/4/30,511010.SH,ORIGINALUNIT,122.748
2021/5/6,511010.SH,ORIGINALUNIT,122.858
2021/5/7,511010.SH,ORIGINALUNIT,122.917
2021/5/10,511010.SH,ORIGINALUNIT,123.048
2021/5/11,511010.SH,ORIGINALUNIT,123.076
2021/5/12,511010.SH,ORIGINALUNIT,123.042
2021/5/13,511010.SH,ORIGINALUNIT,122.944
2021/5/14,511010.SH,ORIGINALUNIT,122.991
2021/5/17,511010.SH,ORIGINALUNIT,122.913
2021/5/18,511010.SH,ORIGINALUNIT,122.953
2021/5/19,511010.SH,ORIGINALUNIT,123.073
2021/5/20,511010.SH,ORIGINALUNIT,123.199
2021/5/21,511010.SH,ORIGINALUNIT,123.263
2021/5/24,511010.SH,ORIGINALUNIT,123.267
2021/5/25,511010.SH,ORIGINALUNIT,123.248
2021/5/26,511010.SH,ORIGINALUNIT,123.312
2021/5/27,511010.SH,ORIGINALUNIT,123.218
2021/5/28,511010.SH,ORIGINALUNIT,123.137
2021/5/31,511010.SH,ORIGINALUNIT,123.207
2021/6/1,511010.SH,ORIGINALUNIT,123.242
2021/6/2,511010.SH,ORIGINALUNIT,123.132
2021/6/3,511010.SH,ORIGINALUNIT,123.195
2021/6/4,511010.SH,ORIGINALUNIT,123.036
2021/6/7,511010.SH,ORIGINALUNIT,122.947
2021/6/8,511010.SH,ORIGINALUNIT,122.961
2021/6/9,511010.SH,ORIGINALUNIT,122.974
2021/6/10,511010.SH,ORIGINALUNIT,123.023
2021/6/11,511010.SH,ORIGINALUNIT,122.948
2021/6/15,511010.SH,ORIGINALUNIT,122.986
2021/6/16,511010.SH,ORIGINALUNIT,122.979
2021/6/17,511010.SH,ORIGINALUNIT,122.938
2021/6/18,511010.SH,ORIGINALUNIT,123.053
2021/6/21,511010.SH,ORIGINALUNIT,123.224
2021/6/22,511010.SH,ORIGINALUNIT,123.24
2021/6/23,511010.SH,ORIGINALUNIT,123.312
2021/6/24,511010.SH,ORIGINALUNIT,123.349
2021/6/25,511010.SH,ORIGINALUNIT,123.361
2021/6/28,511010.SH,ORIGINALUNIT,123.284
2021/6/29,511010.SH,ORIGINALUNIT,123.347
2021/6/30,511010.SH,ORIGINALUNIT,123.418
2021/7/1,511010.SH,ORIGINALUNIT,123.392
2021/7/2,511010.SH,ORIGINALUNIT,123.44
2021/7/5,511010.SH,ORIGINALUNIT,123.494
2021/7/6,511010.SH,ORIGINALUNIT,123.495
2021/7/7,511010.SH,ORIGINALUNIT,123.604
2021/7/8,511010.SH,ORIGINALUNIT,123.935
2021/7/9,511010.SH,ORIGINALUNIT,123.846
2021/7/12,511010.SH,ORIGINALUNIT,124.227
2021/7/13,511010.SH,ORIGINALUNIT,124.318
2021/7/14,511010.SH,ORIGINALUNIT,124.311
2021/7/15,511010.SH,ORIGINALUNIT,124.213
2021/7/16,511010.SH,ORIGINALUNIT,124.328
2021/7/19,511010.SH,ORIGINALUNIT,124.337
2021/7/20,511010.SH,ORIGINALUNIT,124.429
2021/7/21,511010.SH,ORIGINALUNIT,124.505
2021/7/22,511010.SH,ORIGINALUNIT,124.486
2021/7/23,511010.SH,ORIGINALUNIT,124.597
2021/7/26,511010.SH,ORIGINALUNIT,124.816
2021/7/27,511010.SH,ORIGINALUNIT,124.616
2021/7/28,511010.SH,ORIGINALUNIT,124.512
2021/7/29,511010.SH,ORIGINALUNIT,124.681
2021/7/30,511010.SH,ORIGINALUNIT,124.908
2021/8/2,511010.SH,ORIGINALUNIT,125.061
2021/8/3,511010.SH,ORIGINALUNIT,124.968
2021/8/4,511010.SH,ORIGINALUNIT,124.925
2021/8/5,511010.SH,ORIGINALUNIT,125.067
2021/8/6,511010.SH,ORIGINALUNIT,125.021
2021/8/9,511010.SH,ORIGINALUNIT,124.772
2021/8/10,511010.SH,ORIGINALUNIT,124.787
2021/8/11,511010.SH,ORIGINALUNIT,124.711
2021/8/12,511010.SH,ORIGINALUNIT,124.846
2021/8/13,511010.SH,ORIGINALUNIT,124.77
2021/8/16,511010.SH,ORIGINALUNIT,124.736
2021/8/17,511010.SH,ORIGINALUNIT,124.809
2021/8/18,511010.SH,ORIGINALUNIT,124.988
2021/8/19,511010.SH,ORIGINALUNIT,125.046
2021/8/20,511010.SH,ORIGINALUNIT,124.964
2021/8/23,511010.SH,ORIGINALUNIT,124.917
2021/8/24,511010.SH,ORIGINALUNIT,125.01
2021/8/25,511010.SH,ORIGINALUNIT,125.034
2021/8/26,511010.SH,ORIGINALUNIT,124.932
2021/8/27,511010.SH,ORIGINALUNIT,125.004
2021/8/30,511010.SH,ORIGINALUNIT,125.118
2021/8/31,511010.SH,ORIGINALUNIT,125.156
2021/9/1,511010.SH,ORIGINALUNIT,125.306
2021/9/2,511010.SH,ORIGINALUNIT,125.274
2021/9/3,511010.SH,ORIGINALUNIT,125.263
2021/9/6,511010.SH,ORIGINALUNIT,125.244
2021/9/7,511010.SH,ORIGINALUNIT,125.145
2021/9/8,511010.SH,ORIGINALUNIT,125.135
2021/9/9,511010.SH,ORIGINALUNIT,125.104
2021/9/10,511010.SH,ORIGINALUNIT,125.104
2021/9/13,511010.SH,ORIGINALUNIT,125.013
2021/9/14,511010.SH,ORIGINALUNIT,125.007
2021/9/15,511010.SH,ORIGINALUNIT,124.924
2021/9/16,511010.SH,ORIGINALUNIT,124.964
2021/9/17,511010.SH,ORIGINALUNIT,125.023
2021/9/22,511010.SH,ORIGINALUNIT,125.149
2021/9/23,511010.SH,ORIGINALUNIT,125.206
2021/9/24,511010.SH,ORIGINALUNIT,125.154
2021/9/27,511010.SH,ORIGINALUNIT,125.164
2021/9/28,511010.SH,ORIGINALUNIT,125.132
2021/9/29,511010.SH,ORIGINALUNIT,125.218
2021/9/30,511010.SH,ORIGINALUNIT,125.228
2021/10/8,511010.SH,ORIGINALUNIT,125.136
2021/10/11,511010.SH,ORIGINALUNIT,124.915
2021/10/12,511010.SH,ORIGINALUNIT,124.878
2021/10/13,511010.SH,ORIGINALUNIT,124.871
2021/10/14,511010.SH,ORIGINALUNIT,124.855
2021/10/15,511010.SH,ORIGINALUNIT,124.803
2021/10/18,511010.SH,ORIGINALUNIT,124.439
2021/10/19,511010.SH,ORIGINALUNIT,124.541
2021/10/20,511010.SH,ORIGINALUNIT,124.601
2021/10/21,511010.SH,ORIGINALUNIT,124.77
2021/10/22,511010.SH,ORIGINALUNIT,124.717
2021/10/25,511010.SH,ORIGINALUNIT,124.732
2021/10/26,511010.SH,ORIGINALUNIT,124.793
2021/10/27,511010.SH,ORIGINALUNIT,124.782
2021/10/28,511010.SH,ORIGINALUNIT,124.832
2021/10/29,511010.SH,ORIGINALUNIT,124.809
2021/11/1,511010.SH,ORIGINALUNIT,124.965
2021/11/2,511010.SH,ORIGINALUNIT,125.131
2021/11/3,511010.SH,ORIGINALUNIT,125.078
2021/11/4,511010.SH,ORIGINALUNIT,125.197
2021/11/5,511010.SH,ORIGINALUNIT,125.435
2021/11/8,511010.SH,ORIGINALUNIT,125.407
2021/11/9,511010.SH,ORIGINALUNIT,125.378
2021/11/10,511010.SH,ORIGINALUNIT,125.379
2021/11/11,511010.SH,ORIGINALUNIT,125.304
2021/11/12,511010.SH,ORIGINALUNIT,125.304
2021/11/15,511010.SH,ORIGINALUNIT,125.416
2021/11/16,511010.SH,ORIGINALUNIT,125.444
2021/11/17,511010.SH,ORIGINALUNIT,125.43
2021/11/18,511010.SH,ORIGINALUNIT,125.481
2021/11/19,511010.SH,ORIGINALUNIT,125.391
2021/11/22,511010.SH,ORIGINALUNIT,125.509
2021/11/23,511010.SH,ORIGINALUNIT,125.502
2021/11/24,511010.SH,ORIGINALUNIT,125.671
2021/11/25,511010.SH,ORIGINALUNIT,125.69
2021/11/26,511010.SH,ORIGINALUNIT,125.854
2021/11/29,511010.SH,ORIGINALUNIT,125.83
2021/11/30,511010.SH,ORIGINALUNIT,125.806
2021/12/1,511010.SH,ORIGINALUNIT,125.721
2021/12/2,511010.SH,ORIGINALUNIT,125.589
2021/12/3,511010.SH,ORIGINALUNIT,125.529
2021/12/6,511010.SH,ORIGINALUNIT,125.835
2021/12/7,511010.SH,ORIGINALUNIT,125.698
2021/12/8,511010.SH,ORIGINALUNIT,125.646
2021/12/9,511010.SH,ORIGINALUNIT,125.694
2021/12/10,511010.SH,ORIGINALUNIT,125.763
2021/12/13,511010.SH,ORIGINALUNIT,125.792
2021/12/14,511010.SH,ORIGINALUNIT,125.903
2021/12/15,511010.SH,ORIGINALUNIT,125.923
2021/12/16,511010.SH,ORIGINALUNIT,125.888
2021/12/17,511010.SH,ORIGINALUNIT,125.914
2021/12/20,511010.SH,ORIGINALUNIT,125.841
2021/12/21,511010.SH,ORIGINALUNIT,125.842
2021/12/22,511010.SH,ORIGINALUNIT,125.982
2021/12/23,511010.SH,ORIGINALUNIT,126.151
2021/12/24,511010.SH,ORIGINALUNIT,126.108
2021/12/27,511010.SH,ORIGINALUNIT,126.195
2021/12/28,511010.SH,ORIGINALUNIT,126.243
2021/12/29,511010.SH,ORIGINALUNIT,126.411
2021/12/30,511010.SH,ORIGINALUNIT,126.543
2021/12/31,511010.SH,ORIGINALUNIT,126.501
2022/1/4,511010.SH,ORIGINALUNIT,126.598
2022/1/5,511010.SH,ORIGINALUNIT,126.495
2022/1/6,511010.SH,ORIGINALUNIT,126.379
2022/1/7,511010.SH,ORIGINALUNIT,126.403
2022/1/10,511010.SH,ORIGINALUNIT,126.573
2022/1/11,511010.SH,ORIGINALUNIT,126.684
2022/1/12,511010.SH,ORIGINALUNIT,126.686
2022/1/13,511010.SH,ORIGINALUNIT,126.722
2022/1/14,511010.SH,ORIGINALUNIT,126.696
2022/1/17,511010.SH,ORIGINALUNIT,126.817
2022/1/18,511010.SH,ORIGINALUNIT,127.279
2022/1/19,511010.SH,ORIGINALUNIT,127.325
2022/1/20,511010.SH,ORIGINALUNIT,127.432
2022/1/21,511010.SH,ORIGINALUNIT,127.647
2022/1/24,511010.SH,ORIGINALUNIT,127.908
2022/1/25,511010.SH,ORIGINALUNIT,127.688
2022/1/26,511010.SH,ORIGINALUNIT,127.542
2022/1/27,511010.SH,ORIGINALUNIT,127.469
2022/1/28,511010.SH,ORIGINALUNIT,127.648
2022/2/7,511010.SH,ORIGINALUNIT,127.711
2022/2/8,511010.SH,ORIGINALUNIT,127.696
2022/2/9,511010.SH,ORIGINALUNIT,127.591
2022/2/10,511010.SH,ORIGINALUNIT,127.608
2022/2/11,511010.SH,ORIGINALUNIT,127.223
2022/2/14,511010.SH,ORIGINALUNIT,127.13
2022/2/15,511010.SH,ORIGINALUNIT,127.179
2022/2/16,511010.SH,ORIGINALUNIT,127.264
2022/2/17,511010.SH,ORIGINALUNIT,127.326
2022/2/18,511010.SH,ORIGINALUNIT,127.22
2022/2/21,511010.SH,ORIGINALUNIT,126.917
2022/2/22,511010.SH,ORIGINALUNIT,126.837
2022/2/23,511010.SH,ORIGINALUNIT,127.005
2022/2/24,511010.SH,ORIGINALUNIT,127.044
2022/2/25,511010.SH,ORIGINALUNIT,127.131
2022/2/28,511010.SH,ORIGINALUNIT,127.209
2022/3/1,511010.SH,ORIGINALUNIT,127.097
2022/3/2,511010.SH,ORIGINALUNIT,126.971
2022/3/3,511010.SH,ORIGINALUNIT,126.826
2022/3/4,511010.SH,ORIGINALUNIT,126.937
2022/3/7,511010.SH,ORIGINALUNIT,127.053
2022/3/8,511010.SH,ORIGINALUNIT,127.094
2022/3/9,511010.SH,ORIGINALUNIT,126.951
2022/3/10,511010.SH,ORIGINALUNIT,126.912
2022/3/11,511010.SH,ORIGINALUNIT,127.209
2022/3/14,511010.SH,ORIGINALUNIT,127.498
2022/3/15,511010.SH,ORIGINALUNIT,127.131
2022/3/16,511010.SH,ORIGINALUNIT,127.167
2022/3/17,511010.SH,ORIGINALUNIT,127.213
2022/3/18,511010.SH,ORIGINALUNIT,127.309
2022/3/21,511010.SH,ORIGINALUNIT,127.199
2022/3/22,511010.SH,ORIGINALUNIT,127.015
2022/3/23,511010.SH,ORIGINALUNIT,127.056
2022/3/24,511010.SH,ORIGINALUNIT,127.121
2022/3/25,511010.SH,ORIGINALUNIT,127.185
2022/3/28,511010.SH,ORIGINALUNIT,127.156
2022/3/29,511010.SH,ORIGINALUNIT,127.135
2022/3/30,511010.SH,ORIGINALUNIT,127.263
2022/3/31,511010.SH,ORIGINALUNIT,127.214
2022/4/1,511010.SH,ORIGINALUNIT,127.366
2022/4/6,511010.SH,ORIGINALUNIT,127.531
2022/4/7,511010.SH,ORIGINALUNIT,127.631
2022/4/8,511010.SH,ORIGINALUNIT,127.562
2022/4/11,511010.SH,ORIGINALUNIT,127.403
2022/4/12,511010.SH,ORIGINALUNIT,127.371
2022/4/13,511010.SH,ORIGINALUNIT,127.477
2022/4/14,511010.SH,ORIGINALUNIT,127.542
2022/4/15,511010.SH,ORIGINALUNIT,127.671
2022/4/18,511010.SH,ORIGINALUNIT,127.394
2022/4/19,511010.SH,ORIGINALUNIT,127.364
2022/4/20,511010.SH,ORIGINALUNIT,127.286
2022/4/21,511010.SH,ORIGINALUNIT,127.336
2022/4/22,511010.SH,ORIGINALUNIT,127.244
2022/4/25,511010.SH,ORIGINALUNIT,127.412
2022/4/26,511010.SH,ORIGINALUNIT,127.344
2022/4/27,511010.SH,ORIGINALUNIT,127.279
2022/4/28,511010.SH,ORIGINALUNIT,127.201
2022/4/29,511010.SH,ORIGINALUNIT,127.315
2022/5/5,511010.SH,ORIGINALUNIT,127.392
2022/5/6,511010.SH,ORIGINALUNIT,127.382
2022/5/9,511010.SH,ORIGINALUNIT,127.472
2022/5/10,511010.SH,ORIGINALUNIT,127.615
2022/5/11,511010.SH,ORIGINALUNIT,127.553
2022/5/12,511010.SH,ORIGINALUNIT,127.657
2022/5/13,511010.SH,ORIGINALUNIT,127.637
2022/5/16,511010.SH,ORIGINALUNIT,127.671
2022/5/17,511010.SH,ORIGINALUNIT,127.755
2022/5/18,511010.SH,ORIGINALUNIT,127.854
2022/5/19,511010.SH,ORIGINALUNIT,127.822
2022/5/20,511010.SH,ORIGINALUNIT,127.815
2022/5/23,511010.SH,ORIGINALUNIT,127.912
2022/5/24,511010.SH,ORIGINALUNIT,127.911
2022/5/25,511010.SH,ORIGINALUNIT,127.937
2022/5/26,511010.SH,ORIGINALUNIT,128.175
2022/5/27,511010.SH,ORIGINALUNIT,128.198
2022/5/30,511010.SH,ORIGINALUNIT,128.084
2022/5/31,511010.SH,ORIGINALUNIT,127.915
2022/6/1,511010.SH,ORIGINALUNIT,127.906
2022/6/2,511010.SH,ORIGINALUNIT,127.864
2022/6/6,511010.SH,ORIGINALUNIT,127.765
2022/6/7,511010.SH,ORIGINALUNIT,127.812
2022/6/8,511010.SH,ORIGINALUNIT,127.821
2022/6/9,511010.SH,ORIGINALUNIT,127.869
2022/6/10,511010.SH,ORIGINALUNIT,127.892
2022/6/13,511010.SH,ORIGINALUNIT,127.835
2022/6/14,511010.SH,ORIGINALUNIT,127.819
2022/6/15,511010.SH,ORIGINALUNIT,127.764
2022/6/16,511010.SH,ORIGINALUNIT,127.855
2022/6/17,511010.SH,ORIGINALUNIT,127.868
2022/6/20,511010.SH,ORIGINALUNIT,127.809
2022/6/21,511010.SH,ORIGINALUNIT,127.825
2022/6/22,511010.SH,ORIGINALUNIT,127.867
2022/6/23,511010.SH,ORIGINALUNIT,127.868
2022/6/24,511010.SH,ORIGINALUNIT,127.81
2022/6/27,511010.SH,ORIGINALUNIT,127.67
2022/6/28,511010.SH,ORIGINALUNIT,127.611
2022/6/29,511010.SH,ORIGINALUNIT,127.676
2022/6/30,511010.SH,ORIGINALUNIT,127.742
2022/7/1,511010.SH,ORIGINALUNIT,127.781
2022/7/4,511010.SH,ORIGINALUNIT,127.568
2022/7/5,511010.SH,ORIGINALUNIT,127.583
2022/7/6,511010.SH,ORIGINALUNIT,127.627
2022/7/7,511010.SH,ORIGINALUNIT,127.651
2022/7/8,511010.SH,ORIGINALUNIT,127.683
2022/7/11,511010.SH,ORIGINALUNIT,127.85
2022/7/12,511010.SH,ORIGINALUNIT,128.008
2022/7/13,511010.SH,ORIGINALUNIT,128.067
2022/7/14,511010.SH,ORIGINALUNIT,128.195
2022/7/15,511010.SH,ORIGINALUNIT,128.223
2022/7/18,511010.SH,ORIGINALUNIT,128.267
2022/7/19,511010.SH,ORIGINALUNIT,128.241
2022/7/20,511010.SH,ORIGINALUNIT,128.359
2022/7/21,511010.SH,ORIGINALUNIT,128.41
2022/7/22,511010.SH,ORIGINALUNIT,128.331
2022/7/25,511010.SH,ORIGINALUNIT,128.436
2022/7/26,511010.SH,ORIGINALUNIT,128.505
2022/7/27,511010.SH,ORIGINALUNIT,128.526
2022/7/28,511010.SH,ORIGINALUNIT,128.425
2022/7/29,511010.SH,ORIGINALUNIT,128.593
2022/8/1,511010.SH,ORIGINALUNIT,128.757
2022/8/2,511010.SH,ORIGINALUNIT,128.788
2022/8/3,511010.SH,ORIGINALUNIT,128.941
2022/8/4,511010.SH,ORIGINALUNIT,128.996
2022/8/5,511010.SH,ORIGINALUNIT,128.903
2022/8/8,511010.SH,ORIGINALUNIT,128.915
2022/8/9,511010.SH,ORIGINALUNIT,128.846
2022/8/10,511010.SH,ORIGINALUNIT,128.833
2022/8/11,511010.SH,ORIGINALUNIT,128.838
2022/8/12,511010.SH,ORIGINALUNIT,128.843
2022/8/15,511010.SH,ORIGINALUNIT,129.357
2022/8/16,511010.SH,ORIGINALUNIT,129.444
2022/8/17,511010.SH,ORIGINALUNIT,129.455
2022/8/18,511010.SH,ORIGINALUNIT,129.547
2022/8/19,511010.SH,ORIGINALUNIT,129.511
2022/8/22,511010.SH,ORIGINALUNIT,129.49
2022/8/23,511010.SH,ORIGINALUNIT,129.391
2022/8/24,511010.SH,ORIGINALUNIT,129.373
2022/8/25,511010.SH,ORIGINALUNIT,129.218
2022/8/26,511010.SH,ORIGINALUNIT,129.226
2022/8/29,511010.SH,ORIGINALUNIT,129.342
2022/8/30,511010.SH,ORIGINALUNIT,129.415
2022/8/31,511010.SH,ORIGINALUNIT,129.426
2022/9/1,511010.SH,ORIGINALUNIT,129.501
2022/9/2,511010.SH,ORIGINALUNIT,129.483
2022/9/5,511010.SH,ORIGINALUNIT,129.567
2022/9/6,511010.SH,ORIGINALUNIT,129.598
2022/9/7,511010.SH,ORIGINALUNIT,129.569
2022/9/8,511010.SH,ORIGINALUNIT,129.512
2022/9/9,511010.SH,ORIGINALUNIT,129.449
2022/9/13,511010.SH,ORIGINALUNIT,129.416
2022/9/14,511010.SH,ORIGINALUNIT,129.323
2022/9/15,511010.SH,ORIGINALUNIT,129.297
2022/9/16,511010.SH,ORIGINALUNIT,129.229
2022/9/19,511010.SH,ORIGINALUNIT,129.273
2022/9/20,511010.SH,ORIGINALUNIT,129.373
2022/9/21,511010.SH,ORIGINALUNIT,129.453
2022/9/22,511010.SH,ORIGINALUNIT,129.426
2022/9/23,511010.SH,ORIGINALUNIT,129.32
2022/9/26,511010.SH,ORIGINALUNIT,129.118
2022/9/27,511010.SH,ORIGINALUNIT,129.155
2022/9/28,511010.SH,ORIGINALUNIT,129.003
2022/9/29,511010.SH,ORIGINALUNIT,128.867
2022/9/30,511010.SH,ORIGINALUNIT,128.845
2022/10/10,511010.SH,ORIGINALUNIT,129.177
2022/10/11,511010.SH,ORIGINALUNIT,129.17
2022/10/12,511010.SH,ORIGINALUNIT,129.227
2022/10/13,511010.SH,ORIGINALUNIT,129.28
2022/10/14,511010.SH,ORIGINALUNIT,129.397
2022/10/17,511010.SH,ORIGINALUNIT,129.407
2022/10/18,511010.SH,ORIGINALUNIT,129.432
2022/10/19,511010.SH,ORIGINALUNIT,129.438
2022/10/20,511010.SH,ORIGINALUNIT,129.401
2022/10/21,511010.SH,ORIGINALUNIT,129.36
2022/10/24,511010.SH,ORIGINALUNIT,129.434
2022/10/25,511010.SH,ORIGINALUNIT,129.349
2022/10/26,511010.SH,ORIGINALUNIT,129.444
2022/10/27,511010.SH,ORIGINALUNIT,129.555
2022/10/28,511010.SH,ORIGINALUNIT,129.691
2022/10/31,511010.SH,ORIGINALUNIT,129.741
2022/11/1,511010.SH,ORIGINALUNIT,129.675
2022/11/2,511010.SH,ORIGINALUNIT,129.591
2022/11/3,511010.SH,ORIGINALUNIT,129.594
2022/11/4,511010.SH,ORIGINALUNIT,129.482
2022/11/7,511010.SH,ORIGINALUNIT,129.497
2022/11/8,511010.SH,ORIGINALUNIT,129.509
2022/11/9,511010.SH,ORIGINALUNIT,129.478
2022/11/10,511010.SH,ORIGINALUNIT,129.457
2022/11/11,511010.SH,ORIGINALUNIT,129.277
2022/11/14,511010.SH,ORIGINALUNIT,128.665
2022/11/15,511010.SH,ORIGINALUNIT,128.671
2022/11/16,511010.SH,ORIGINALUNIT,128.526
2022/11/17,511010.SH,ORIGINALUNIT,128.748
2022/11/18,511010.SH,ORIGINALUNIT,128.741
2022/11/21,511010.SH,ORIGINALUNIT,128.852
2022/11/22,511010.SH,ORIGINALUNIT,128.876
2022/11/23,511010.SH,ORIGINALUNIT,129.072
2022/11/24,511010.SH,ORIGINALUNIT,129.149
2022/11/25,511010.SH,ORIGINALUNIT,128.926
2022/11/28,511010.SH,ORIGINALUNIT,128.756
2022/11/29,511010.SH,ORIGINALUNIT,128.476
2022/11/30,511010.SH,ORIGINALUNIT,128.523
2022/12/1,511010.SH,ORIGINALUNIT,128.642
2022/12/2,511010.SH,ORIGINALUNIT,128.709
2022/12/5,511010.SH,ORIGINALUNIT,128.651
2022/12/6,511010.SH,ORIGINALUNIT,128.459
2022/12/7,511010.SH,ORIGINALUNIT,128.511
2022/12/8,511010.SH,ORIGINALUNIT,128.599
2022/12/9,511010.SH,ORIGINALUNIT,128.49
2022/12/12,511010.SH,ORIGINALUNIT,128.456
2022/12/13,511010.SH,ORIGINALUNIT,128.362
2022/12/14,511010.SH,ORIGINALUNIT,128.635
2022/12/15,511010.SH,ORIGINALUNIT,128.631
2022/12/16,511010.SH,ORIGINALUNIT,128.642
2022/12/19,511010.SH,ORIGINALUNIT,128.84
2022/12/20,511010.SH,ORIGINALUNIT,128.817
2022/12/21,511010.SH,ORIGINALUNIT,128.817
2022/12/22,511010.SH,ORIGINALUNIT,128.897
2022/12/23,511010.SH,ORIGINALUNIT,129.053
2022/12/26,511010.SH,ORIGINALUNIT,128.994
2022/12/27,511010.SH,ORIGINALUNIT,128.856
2022/12/28,511010.SH,ORIGINALUNIT,128.88
2022/12/29,511010.SH,ORIGINALUNIT,129.103
2022/12/30,511010.SH,ORIGINALUNIT,129.089
2023/1/3,511010.SH,ORIGINALUNIT,129.152
2023/1/4,511010.SH,ORIGINALUNIT,129.268
2023/1/5,511010.SH,ORIGINALUNIT,129.178
2023/1/6,511010.SH,ORIGINALUNIT,129.069
2023/1/9,511010.SH,ORIGINALUNIT,129.034
2023/1/10,511010.SH,ORIGINALUNIT,128.827
2023/1/11,511010.SH,ORIGINALUNIT,128.89
2023/1/12,511010.SH,ORIGINALUNIT,128.939
2023/1/13,511010.SH,ORIGINALUNIT,128.883
2023/1/16,511010.SH,ORIGINALUNIT,128.701
2023/1/17,511010.SH,ORIGINALUNIT,128.766
2023/1/18,511010.SH,ORIGINALUNIT,128.801
2023/1/19,511010.SH,ORIGINALUNIT,128.818
2023/1/20,511010.SH,ORIGINALUNIT,128.804
2023/1/30,511010.SH,ORIGINALUNIT,128.918
2023/1/31,511010.SH,ORIGINALUNIT,129.029
2023/2/1,511010.SH,ORIGINALUNIT,128.979
2023/2/2,511010.SH,ORIGINALUNIT,129.048
2023/2/3,511010.SH,ORIGINALUNIT,129.064
2023/2/6,511010.SH,ORIGINALUNIT,129.019
2023/2/7,511010.SH,ORIGINALUNIT,129.052
2023/2/8,511010.SH,ORIGINALUNIT,129.062
2023/2/9,511010.SH,ORIGINALUNIT,129.099
2023/2/10,511010.SH,ORIGINALUNIT,129.102
2023/2/13,511010.SH,ORIGINALUNIT,129.128
2023/2/14,511010.SH,ORIGINALUNIT,129.147
2023/2/15,511010.SH,ORIGINALUNIT,129.151
2023/2/16,511010.SH,ORIGINALUNIT,129.195
2023/2/17,511010.SH,ORIGINALUNIT,129.184
2023/2/20,511010.SH,ORIGINALUNIT,129.077
2023/2/21,511010.SH,ORIGINALUNIT,129.05
2023/2/22,511010.SH,ORIGINALUNIT,129.098
2023/2/23,511010.SH,ORIGINALUNIT,129.077
2023/2/24,511010.SH,ORIGINALUNIT,129.099
2023/2/27,511010.SH,ORIGINALUNIT,129.113
2023/2/28,511010.SH,ORIGINALUNIT,129.13
2023/3/1,511010.SH,ORIGINALUNIT,129.136
2023/3/2,511010.SH,ORIGINALUNIT,129.069
2023/3/3,511010.SH,ORIGINALUNIT,129.125
2023/3/6,511010.SH,ORIGINALUNIT,129.261
2023/3/7,511010.SH,ORIGINALUNIT,129.302
2023/3/8,511010.SH,ORIGINALUNIT,129.294
2023/3/9,511010.SH,ORIGINALUNIT,129.331
2023/3/10,511010.SH,ORIGINALUNIT,129.372
2023/3/13,511010.SH,ORIGINALUNIT,129.354
2023/3/14,511010.SH,ORIGINALUNIT,129.394
2023/3/15,511010.SH,ORIGINALUNIT,129.374
2023/3/16,511010.SH,ORIGINALUNIT,129.474
2023/3/17,511010.SH,ORIGINALUNIT,129.477
2023/3/20,511010.SH,ORIGINALUNIT,129.609
2023/3/21,511010.SH,ORIGINALUNIT,129.526
2023/3/22,511010.SH,ORIGINALUNIT,129.497
2023/3/23,511010.SH,ORIGINALUNIT,129.496
2023/3/24,511010.SH,ORIGINALUNIT,129.436
2023/3/27,511010.SH,ORIGINALUNIT,129.538
2023/3/28,511010.SH,ORIGINALUNIT,129.526
2023/3/29,511010.SH,ORIGINALUNIT,129.549
2023/3/30,511010.SH,ORIGINALUNIT,129.542
2023/3/31,511010.SH,ORIGINALUNIT,129.621
2023/4/3,511010.SH,ORIGINALUNIT,129.585
2023/4/4,511010.SH,ORIGINALUNIT,129.6
2023/4/6,511010.SH,ORIGINALUNIT,129.606
2023/4/7,511010.SH,ORIGINALUNIT,129.675
2023/4/10,511010.SH,ORIGINALUNIT,129.695
2023/4/11,511010.SH,ORIGINALUNIT,129.773
2023/4/12,511010.SH,ORIGINALUNIT,129.826
2023/4/13,511010.SH,ORIGINALUNIT,129.796
2023/4/14,511010.SH,ORIGINALUNIT,129.793
2023/4/17,511010.SH,ORIGINALUNIT,129.757
2023/4/18,511010.SH,ORIGINALUNIT,129.805
2023/4/19,511010.SH,ORIGINALUNIT,129.824
2023/4/20,511010.SH,ORIGINALUNIT,129.84
2023/4/21,511010.SH,ORIGINALUNIT,129.872
2023/4/24,511010.SH,ORIGINALUNIT,129.922
2023/4/25,511010.SH,ORIGINALUNIT,129.938
2023/4/26,511010.SH,ORIGINALUNIT,130.018
2023/4/27,511010.SH,ORIGINALUNIT,130.171
2023/4/28,511010.SH,ORIGINALUNIT,130.212
2023/5/4,511010.SH,ORIGINALUNIT,130.339
2023/5/5,511010.SH,ORIGINALUNIT,130.514
2023/5/8,511010.SH,ORIGINALUNIT,130.445
2023/5/9,511010.SH,ORIGINALUNIT,130.496
2023/5/10,511010.SH,ORIGINALUNIT,130.665
2023/5/11,511010.SH,ORIGINALUNIT,130.824
2023/5/12,511010.SH,ORIGINALUNIT,130.851
2023/5/15,511010.SH,ORIGINALUNIT,130.791
2023/5/16,511010.SH,ORIGINALUNIT,130.789
2023/5/17,511010.SH,ORIGINALUNIT,130.727
2023/5/18,511010.SH,ORIGINALUNIT,130.736
2023/5/19,511010.SH,ORIGINALUNIT,130.856
2023/5/22,511010.SH,ORIGINALUNIT,131.049
2023/5/23,511010.SH,ORIGINALUNIT,131.181
2023/5/24,511010.SH,ORIGINALUNIT,131.154
2023/5/25,511010.SH,ORIGINALUNIT,131.165
2023/5/26,511010.SH,ORIGINALUNIT,131.051
2023/5/29,511010.SH,ORIGINALUNIT,131.156
2023/5/30,511010.SH,ORIGINALUNIT,131.181
2023/5/31,511010.SH,ORIGINALUNIT,131.316
2023/6/1,511010.SH,ORIGINALUNIT,131.445
2023/6/2,511010.SH,ORIGINALUNIT,131.322
2023/6/5,511010.SH,ORIGINALUNIT,131.346
2023/6/6,511010.SH,ORIGINALUNIT,131.443
2023/6/7,511010.SH,ORIGINALUNIT,131.464
2023/6/8,511010.SH,ORIGINALUNIT,131.43
2023/6/9,511010.SH,ORIGINALUNIT,131.551
2023/6/12,511010.SH,ORIGINALUNIT,131.551
2023/6/13,511010.SH,ORIGINALUNIT,131.739
2023/6/14,511010.SH,ORIGINALUNIT,131.764
2023/6/15,511010.SH,ORIGINALUNIT,131.553
2023/6/16,511010.SH,ORIGINALUNIT,131.435
2023/6/19,511010.SH,ORIGINALUNIT,131.216
2023/6/20,511010.SH,ORIGINALUNIT,131.343
2023/6/21,511010.SH,ORIGINALUNIT,131.405
2023/6/26,511010.SH,ORIGINALUNIT,131.468
2023/6/27,511010.SH,ORIGINALUNIT,131.428
2023/6/28,511010.SH,ORIGINALUNIT,131.506
2023/6/29,511010.SH,ORIGINALUNIT,131.556
2023/6/30,511010.SH,ORIGINALUNIT,131.773
2023/7/3,511010.SH,ORIGINALUNIT,131.746
2023/7/4,511010.SH,ORIGINALUNIT,131.733
2023/7/5,511010.SH,ORIGINALUNIT,131.774
2023/7/6,511010.SH,ORIGINALUNIT,131.796
2023/7/7,511010.SH,ORIGINALUNIT,131.829
2023/7/10,511010.SH,ORIGINALUNIT,131.814
2023/7/11,511010.SH,ORIGINALUNIT,131.861
2023/7/12,511010.SH,ORIGINALUNIT,131.846
2023/7/13,511010.SH,ORIGINALUNIT,131.799
2023/7/14,511010.SH,ORIGINALUNIT,131.804
2023/7/17,511010.SH,ORIGINALUNIT,131.904
2023/7/18,511010.SH,ORIGINALUNIT,131.977
2023/7/19,511010.SH,ORIGINALUNIT,131.979
2023/7/20,511010.SH,ORIGINALUNIT,132.004
2023/7/21,511010.SH,ORIGINALUNIT,132.079
2023/7/24,511010.SH,ORIGINALUNIT,132.123
2023/7/25,511010.SH,ORIGINALUNIT,131.739
2023/7/26,511010.SH,ORIGINALUNIT,131.873
2023/7/27,511010.SH,ORIGINALUNIT,131.969
2023/7/28,511010.SH,ORIGINALUNIT,131.872
2023/7/31,511010.SH,ORIGINALUNIT,131.814
2023/8/1,511010.SH,ORIGINALUNIT,131.836
2023/8/2,511010.SH,ORIGINALUNIT,131.882
2023/8/3,511010.SH,ORIGINALUNIT,132.028
2023/8/4,511010.SH,ORIGINALUNIT,132.029
2023/8/7,511010.SH,ORIGINALUNIT,132.05
2023/8/8,511010.SH,ORIGINALUNIT,132.076
2023/8/9,511010.SH,ORIGINALUNIT,132.071
2023/8/10,511010.SH,ORIGINALUNIT,132.048
2023/8/11,511010.SH,ORIGINALUNIT,132.085
2023/8/14,511010.SH,ORIGINALUNIT,132.203
2023/8/15,511010.SH,ORIGINALUNIT,132.397
2023/8/16,511010.SH,ORIGINALUNIT,132.452
2023/8/17,511010.SH,ORIGINALUNIT,132.416
2023/8/18,511010.SH,ORIGINALUNIT,132.454
2023/8/21,511010.SH,ORIGINALUNIT,132.548
2023/8/22,511010.SH,ORIGINALUNIT,132.502
2023/8/23,511010.SH,ORIGINALUNIT,132.489
2023/8/24,511010.SH,ORIGINALUNIT,132.51
2023/8/25,511010.SH,ORIGINALUNIT,132.414
2023/8/28,511010.SH,ORIGINALUNIT,132.318
2023/8/29,511010.SH,ORIGINALUNIT,132.239
2023/8/30,511010.SH,ORIGINALUNIT,132.359
2023/8/31,511010.SH,ORIGINALUNIT,132.378
2023/9/1,511010.SH,ORIGINALUNIT,132.184
2023/9/4,511010.SH,ORIGINALUNIT,132.028
2023/9/5,511010.SH,ORIGINALUNIT,132.061
2023/9/6,511010.SH,ORIGINALUNIT,131.874
2023/9/7,511010.SH,ORIGINALUNIT,131.883
2023/9/8,511010.SH,ORIGINALUNIT,131.913
2023/9/11,511010.SH,ORIGINALUNIT,131.947
2023/9/12,511010.SH,ORIGINALUNIT,132.013
2023/9/13,511010.SH,ORIGINALUNIT,132.104
2023/9/14,511010.SH,ORIGINALUNIT,132.149
2023/9/15,511010.SH,ORIGINALUNIT,132.029
2023/9/18,511010.SH,ORIGINALUNIT,131.899
2023/9/19,511010.SH,ORIGINALUNIT,131.853
2023/9/20,511010.SH,ORIGINALUNIT,131.879
2023/9/21,511010.SH,ORIGINALUNIT,131.953
2023/9/22,511010.SH,ORIGINALUNIT,131.902
2023/9/25,511010.SH,ORIGINALUNIT,131.813
2023/9/26,511010.SH,ORIGINALUNIT,131.771
2023/9/27,511010.SH,ORIGINALUNIT,131.808
2023/9/28,511010.SH,ORIGINALUNIT,131.958
2023/10/9,511010.SH,ORIGINALUNIT,132.033
2023/10/10,511010.SH,ORIGINALUNIT,131.919
2023/10/11,511010.SH,ORIGINALUNIT,131.72
2023/10/12,511010.SH,ORIGINALUNIT,131.77
2023/10/13,511010.SH,ORIGINALUNIT,131.901
2023/10/16,511010.SH,ORIGINALUNIT,131.903
2023/10/17,511010.SH,ORIGINALUNIT,131.819
2023/10/18,511010.SH,ORIGINALUNIT,131.735
2023/10/19,511010.SH,ORIGINALUNIT,131.595
2023/10/20,511010.SH,ORIGINALUNIT,131.71
2023/10/23,511010.SH,ORIGINALUNIT,131.81
2023/10/24,511010.SH,ORIGINALUNIT,131.782
2023/10/25,511010.SH,ORIGINALUNIT,131.984
2023/10/26,511010.SH,ORIGINALUNIT,131.974
2023/10/27,511010.SH,ORIGINALUNIT,131.988
2023/10/30,511010.SH,ORIGINALUNIT,132.044
2023/10/31,511010.SH,ORIGINALUNIT,132.155
2023/11/1,511010.SH,ORIGINALUNIT,132.151
2023/11/2,511010.SH,ORIGINALUNIT,132.28
2023/11/3,511010.SH,ORIGINALUNIT,132.252
2023/11/6,511010.SH,ORIGINALUNIT,132.276
2023/11/7,511010.SH,ORIGINALUNIT,132.219
2023/11/8,511010.SH,ORIGINALUNIT,132.297
2023/11/9,511010.SH,ORIGINALUNIT,132.282
2023/11/10,511010.SH,ORIGINALUNIT,132.352
2023/11/13,511010.SH,ORIGINALUNIT,132.409
2023/11/14,511010.SH,ORIGINALUNIT,132.368
2023/11/15,511010.SH,ORIGINALUNIT,132.39
2023/11/16,511010.SH,ORIGINALUNIT,132.42
2023/11/17,511010.SH,ORIGINALUNIT,132.426
2023/11/20,511010.SH,ORIGINALUNIT,132.382
2023/11/21,511010.SH,ORIGINALUNIT,132.311
2023/11/22,511010.SH,ORIGINALUNIT,132.2
2023/11/23,511010.SH,ORIGINALUNIT,132.086
2023/11/24,511010.SH,ORIGINALUNIT,132.055
2023/11/27,511010.SH,ORIGINALUNIT,131.983
2023/11/28,511010.SH,ORIGINALUNIT,132.11
2023/11/29,511010.SH,ORIGINALUNIT,132.114
2023/11/30,511010.SH,ORIGINALUNIT,132.184
2023/12/1,511010.SH,ORIGINALUNIT,132.21
2023/12/4,511010.SH,ORIGINALUNIT,132.149
2023/12/5,511010.SH,ORIGINALUNIT,132.156
2023/12/6,511010.SH,ORIGINALUNIT,132.118
2023/12/7,511010.SH,ORIGINALUNIT,132.249
2023/12/8,511010.SH,ORIGINALUNIT,132.278
2023/12/11,511010.SH,ORIGINALUNIT,132.406
2023/12/12,511010.SH,ORIGINALUNIT,132.429
2023/12/13,511010.SH,ORIGINALUNIT,132.562
2023/12/14,511010.SH,ORIGINALUNIT,132.588
2023/12/15,511010.SH,ORIGINALUNIT,132.725
2023/12/18,511010.SH,ORIGINALUNIT,132.778
2023/12/19,511010.SH,ORIGINALUNIT,132.724
2023/12/20,511010.SH,ORIGINALUNIT,132.691
2023/12/21,511010.SH,ORIGINALUNIT,132.843
2023/12/22,511010.SH,ORIGINALUNIT,132.991
2023/12/25,511010.SH,ORIGINALUNIT,133.156
2023/12/26,511010.SH,ORIGINALUNIT,133.229
2023/12/27,511010.SH,ORIGINALUNIT,133.372
2023/12/28,511010.SH,ORIGINALUNIT,133.288
2023/12/29,511010.SH,ORIGINALUNIT,133.361
2024/1/2,511010.SH,ORIGINALUNIT,133.264
2024/1/3,511010.SH,ORIGINALUNIT,133.252
2024/1/4,511010.SH,ORIGINALUNIT,133.287
2024/1/5,511010.SH,ORIGINALUNIT,133.423
2024/1/8,511010.SH,ORIGINALUNIT,133.384
2024/1/9,511010.SH,ORIGINALUNIT,133.468
2024/1/10,511010.SH,ORIGINALUNIT,133.404
2024/1/11,511010.SH,ORIGINALUNIT,133.453
2024/1/12,511010.SH,ORIGINALUNIT,133.385
2024/1/15,511010.SH,ORIGINALUNIT,133.366
2024/1/16,511010.SH,ORIGINALUNIT,133.302
2024/1/17,511010.SH,ORIGINALUNIT,133.413
2024/1/18,511010.SH,ORIGINALUNIT,133.433
2024/1/19,511010.SH,ORIGINALUNIT,133.52
2024/1/22,511010.SH,ORIGINALUNIT,133.609
2024/1/23,511010.SH,ORIGINALUNIT,133.542
2024/1/24,511010.SH,ORIGINALUNIT,133.621
2024/1/25,511010.SH,ORIGINALUNIT,133.829
2024/1/26,511010.SH,ORIGINALUNIT,133.805
2024/1/29,511010.SH,ORIGINALUNIT,133.932
2024/1/30,511010.SH,ORIGINALUNIT,134.154
2024/1/31,511010.SH,ORIGINALUNIT,134.128
2024/2/1,511010.SH,ORIGINALUNIT,134.084
2024/2/2,511010.SH,ORIGINALUNIT,134.164
2024/2/5,511010.SH,ORIGINALUNIT,134.182
2024/2/6,511010.SH,ORIGINALUNIT,133.955
2024/2/7,511010.SH,ORIGINALUNIT,134.137
2024/2/8,511010.SH,ORIGINALUNIT,134.078
2024/2/19,511010.SH,ORIGINALUNIT,134.124
2024/2/20,511010.SH,ORIGINALUNIT,134.279
2024/2/21,511010.SH,ORIGINALUNIT,134.291
2024/2/22,511010.SH,ORIGINALUNIT,134.454
2024/2/23,511010.SH,ORIGINALUNIT,134.464
2024/2/26,511010.SH,ORIGINALUNIT,134.582
2024/2/27,511010.SH,ORIGINALUNIT,134.483
2024/2/28,511010.SH,ORIGINALUNIT,134.608
2024/2/29,511010.SH,ORIGINALUNIT,134.648
2024/3/1,511010.SH,ORIGINALUNIT,134.408
2024/3/4,511010.SH,ORIGINALUNIT,134.512
2024/3/5,511010.SH,ORIGINALUNIT,134.617
2024/3/6,511010.SH,ORIGINALUNIT,134.937
2024/3/7,511010.SH,ORIGINALUNIT,134.797
2024/3/8,511010.SH,ORIGINALUNIT,134.744
2024/3/11,511010.SH,ORIGINALUNIT,134.646
2024/3/12,511010.SH,ORIGINALUNIT,134.454
2024/3/13,511010.SH,ORIGINALUNIT,134.536
2024/3/14,511010.SH,ORIGINALUNIT,134.515
2024/3/15,511010.SH,ORIGINALUNIT,134.585
2024/3/18,511010.SH,ORIGINALUNIT,134.76
2024/3/19,511010.SH,ORIGINALUNIT,134.812
2024/3/20,511010.SH,ORIGINALUNIT,134.706
2024/3/21,511010.SH,ORIGINALUNIT,134.835
2024/3/22,511010.SH,ORIGINALUNIT,134.781
2024/3/25,511010.SH,ORIGINALUNIT,134.73
2024/3/26,511010.SH,ORIGINALUNIT,134.738
2024/3/27,511010.SH,ORIGINALUNIT,134.931
2024/3/28,511010.SH,ORIGINALUNIT,134.883
2024/3/29,511010.SH,ORIGINALUNIT,135.0
2024/4/1,511010.SH,ORIGINALUNIT,134.897
2024/4/2,511010.SH,ORIGINALUNIT,135.006
2024/4/3,511010.SH,ORIGINALUNIT,135.088
2024/4/8,511010.SH,ORIGINALUNIT,135.244
2024/4/9,511010.SH,ORIGINALUNIT,135.332
2024/4/10,511010.SH,ORIGINALUNIT,135.327
2024/4/11,511010.SH,ORIGINALUNIT,135.431
2024/4/12,511010.SH,ORIGINALUNIT,135.581
2024/4/15,511010.SH,ORIGINALUNIT,135.528
2024/4/16,511010.SH,ORIGINALUNIT,135.528
2024/4/17,511010.SH,ORIGINALUNIT,135.579
2024/4/18,511010.SH,ORIGINALUNIT,135.726
2024/4/19,511010.SH,ORIGINALUNIT,135.734
2024/4/22,511010.SH,ORIGINALUNIT,135.802
2024/4/23,511010.SH,ORIGINALUNIT,135.91
2024/4/24,511010.SH,ORIGINALUNIT,135.683
2024/4/25,511010.SH,ORIGINALUNIT,135.834
2024/4/26,511010.SH,ORIGINALUNIT,135.51
2024/4/29,511010.SH,ORIGINALUNIT,135.194
2024/4/30,511010.SH,ORIGINALUNIT,135.507
2024/5/6,511010.SH,ORIGINALUNIT,135.625
2024/5/7,511010.SH,ORIGINALUNIT,135.753
2024/5/8,511010.SH,ORIGINALUNIT,135.696
2024/5/9,511010.SH,ORIGINALUNIT,135.58
2024/5/10,511010.SH,ORIGINALUNIT,135.605
2024/5/13,511010.SH,ORIGINALUNIT,135.781
2024/5/14,511010.SH,ORIGINALUNIT,135.806
2024/5/15,511010.SH,ORIGINALUNIT,135.769
2024/5/16,511010.SH,ORIGINALUNIT,135.71
2024/5/17,511010.SH,ORIGINALUNIT,135.794
2024/5/20,511010.SH,ORIGINALUNIT,135.805
2024/5/21,511010.SH,ORIGINALUNIT,135.795
2024/5/22,511010.SH,ORIGINALUNIT,135.847
2024/5/23,511010.SH,ORIGINALUNIT,135.909
2024/5/24,511010.SH,ORIGINALUNIT,135.879
2024/5/27,511010.SH,ORIGINALUNIT,135.9
2024/5/28,511010.SH,ORIGINALUNIT,135.974
2024/5/29,511010.SH,ORIGINALUNIT,136.009
2024/5/30,511010.SH,ORIGINALUNIT,136.018
2024/5/31,511010.SH,ORIGINALUNIT,136.03
2024/6/3,511010.SH,ORIGINALUNIT,136.131
2024/6/4,511010.SH,ORIGINALUNIT,136.136
2024/6/5,511010.SH,ORIGINALUNIT,136.248
2024/6/6,511010.SH,ORIGINALUNIT,136.247
2024/6/7,511010.SH,ORIGINALUNIT,136.254
2024/6/11,511010.SH,ORIGINALUNIT,136.305
2024/6/12,511010.SH,ORIGINALUNIT,136.274
2024/6/13,511010.SH,ORIGINALUNIT,136.268
2024/6/14,511010.SH,ORIGINALUNIT,136.311
2024/6/17,511010.SH,ORIGINALUNIT,136.28
2024/6/18,511010.SH,ORIGINALUNIT,136.345
2024/6/19,511010.SH,ORIGINALUNIT,136.517
2024/6/20,511010.SH,ORIGINALUNIT,136.493
2024/6/21,511010.SH,ORIGINALUNIT,136.443
2024/6/24,511010.SH,ORIGINALUNIT,136.542
2024/6/25,511010.SH,ORIGINALUNIT,136.636
2024/6/26,511010.SH,ORIGINALUNIT,136.72
2024/6/27,511010.SH,ORIGINALUNIT,136.86
2024/6/28,511010.SH,ORIGINALUNIT,136.855
2024/7/1,511010.SH,ORIGINALUNIT,136.665
2024/7/2,511010.SH,ORIGINALUNIT,136.857
2024/7/3,511010.SH,ORIGINALUNIT,136.973
2024/7/4,511010.SH,ORIGINALUNIT,136.934
2024/7/5,511010.SH,ORIGINALUNIT,136.804
2024/7/8,511010.SH,ORIGINALUNIT,136.619
2024/7/9,511010.SH,ORIGINALUNIT,136.777
2024/7/10,511010.SH,ORIGINALUNIT,136.767
2024/7/11,511010.SH,ORIGINALUNIT,136.818
2024/7/12,511010.SH,ORIGINALUNIT,136.881
2024/7/15,511010.SH,ORIGINALUNIT,136.969
2024/7/16,511010.SH,ORIGINALUNIT,136.983
2024/7/17,511010.SH,ORIGINALUNIT,137.017
2024/7/18,511010.SH,ORIGINALUNIT,136.997
2024/7/19,511010.SH,ORIGINALUNIT,137.078
2024/7/22,511010.SH,ORIGINALUNIT,137.363
2024/7/23,511010.SH,ORIGINALUNIT,137.499
2024/7/24,511010.SH,ORIGINALUNIT,137.474
2024/7/25,511010.SH,ORIGINALUNIT,137.478
2024/7/26,511010.SH,ORIGINALUNIT,137.492
2024/7/29,511010.SH,ORIGINALUNIT,137.555
2024/7/30,511010.SH,ORIGINALUNIT,137.629
2024/7/31,511010.SH,ORIGINALUNIT,137.784
2024/8/1,511010.SH,ORIGINALUNIT,137.913
2024/8/2,511010.SH,ORIGINALUNIT,137.963
2024/8/5,511010.SH,ORIGINALUNIT,137.993
2024/8/6,511010.SH,ORIGINALUNIT,137.967
2024/8/7,511010.SH,ORIGINALUNIT,138.069
2024/8/8,511010.SH,ORIGINALUNIT,137.856
2024/8/9,511010.SH,ORIGINALUNIT,137.683
2024/8/12,511010.SH,ORIGINALUNIT,137.313
2024/8/13,511010.SH,ORIGINALUNIT,137.543
2024/8/14,511010.SH,ORIGINALUNIT,137.652
2024/8/15,511010.SH,ORIGINALUNIT,137.534
2024/8/16,511010.SH,ORIGINALUNIT,137.584
2024/8/19,511010.SH,ORIGINALUNIT,137.643
2024/8/20,511010.SH,ORIGINALUNIT,137.651
2024/8/21,511010.SH,ORIGINALUNIT,137.686
2024/8/22,511010.SH,ORIGINALUNIT,137.754
2024/8/23,511010.SH,ORIGINALUNIT,137.89
2024/8/26,511010.SH,ORIGINALUNIT,137.924
2024/8/27,511010.SH,ORIGINALUNIT,137.805
2024/8/28,511010.SH,ORIGINALUNIT,137.897
2024/8/29,511010.SH,ORIGINALUNIT,137.848
2024/8/30,511010.SH,ORIGINALUNIT,137.915
2024/9/2,511010.SH,ORIGINALUNIT,138.199
2024/9/3,511010.SH,ORIGINALUNIT,138.354
2024/9/4,511010.SH,ORIGINALUNIT,138.421
2024/9/5,511010.SH,ORIGINALUNIT,138.459
2024/9/6,511010.SH,ORIGINALUNIT,138.47
2024/9/9,511010.SH,ORIGINALUNIT,138.551
2024/9/10,511010.SH,ORIGINALUNIT,138.687
2024/9/11,511010.SH,ORIGINALUNIT,138.856
2024/9/12,511010.SH,ORIGINALUNIT,138.839
2024/9/13,511010.SH,ORIGINALUNIT,138.852
2024/9/18,511010.SH,ORIGINALUNIT,138.885
2024/9/19,511010.SH,ORIGINALUNIT,138.777
2024/9/20,511010.SH,ORIGINALUNIT,138.844
2024/9/23,511010.SH,ORIGINALUNIT,138.835
2024/9/24,511010.SH,ORIGINALUNIT,138.737
2024/9/25,511010.SH,ORIGINALUNIT,139.027
2024/9/26,511010.SH,ORIGINALUNIT,138.882
2024/9/27,511010.SH,ORIGINALUNIT,138.361
2024/9/30,511010.SH,ORIGINALUNIT,138.256
2024/10/8,511010.SH,ORIGINALUNIT,137.95
2024/10/9,511010.SH,ORIGINALUNIT,138.015
2024/10/10,511010.SH,ORIGINALUNIT,138.341
2024/10/11,511010.SH,ORIGINALUNIT,138.452
2024/10/14,511010.SH,ORIGINALUNIT,138.458
2024/10/15,511010.SH,ORIGINALUNIT,138.527
2024/10/16,511010.SH,ORIGINALUNIT,138.459
2024/10/17,511010.SH,ORIGINALUNIT,138.684
2024/10/18,511010.SH,ORIGINALUNIT,138.562
2024/10/21,511010.SH,ORIGINALUNIT,138.528
2024/10/22,511010.SH,ORIGINALUNIT,138.323
2024/10/23,511010.SH,ORIGINALUNIT,138.229
2024/10/24,511010.SH,ORIGINALUNIT,138.212
2024/10/25,511010.SH,ORIGINALUNIT,138.3
2024/10/28,511010.SH,ORIGINALUNIT,138.342
2024/10/29,511010.SH,ORIGINALUNIT,138.411
2024/10/30,511010.SH,ORIGINALUNIT,138.42
2024/10/31,511010.SH,ORIGINALUNIT,138.559
2024/11/1,511010.SH,ORIGINALUNIT,138.689
2024/11/4,511010.SH,ORIGINALUNIT,138.672
2024/11/5,511010.SH,ORIGINALUNIT,138.738
2024/11/6,511010.SH,ORIGINALUNIT,138.715
2024/11/7,511010.SH,ORIGINALUNIT,138.861
2024/11/8,511010.SH,ORIGINALUNIT,138.925
2024/11/11,511010.SH,ORIGINALUNIT,138.978
2024/11/12,511010.SH,ORIGINALUNIT,139.144
2024/11/13,511010.SH,ORIGINALUNIT,139.079
2024/11/14,511010.SH,ORIGINALUNIT,139.163
2024/11/15,511010.SH,ORIGINALUNIT,139.167
2024/11/18,511010.SH,ORIGINALUNIT,139.128
2024/11/19,511010.SH,ORIGINALUNIT,139.244
2024/11/20,511010.SH,ORIGINALUNIT,139.254
2024/11/21,511010.SH,ORIGINALUNIT,139.357
2024/11/22,511010.SH,ORIGINALUNIT,139.326
2024/11/25,511010.SH,ORIGINALUNIT,139.426
2024/11/26,511010.SH,ORIGINALUNIT,139.385
2024/11/27,511010.SH,ORIGINALUNIT,139.387
2024/11/28,511010.SH,ORIGINALUNIT,139.487
2024/11/29,511010.SH,ORIGINALUNIT,139.6
2024/12/2,511010.SH,ORIGINALUNIT,139.911
2024/12/3,511010.SH,ORIGINALUNIT,139.827
2024/12/4,511010.SH,ORIGINALUNIT,139.963
2024/12/5,511010.SH,ORIGINALUNIT,139.952
2024/12/6,511010.SH,ORIGINALUNIT,139.934
2024/12/9,511010.SH,ORIGINALUNIT,140.084
2024/12/10,511010.SH,ORIGINALUNIT,140.413
2024/12/11,511010.SH,ORIGINALUNIT,140.446
2024/12/12,511010.SH,ORIGINALUNIT,140.696
2024/12/13,511010.SH,ORIGINALUNIT,140.993
2024/12/16,511010.SH,ORIGINALUNIT,141.102
2024/12/17,511010.SH,ORIGINALUNIT,141.01
2024/12/18,511010.SH,ORIGINALUNIT,140.982
2024/12/19,511010.SH,ORIGINALUNIT,141.171
2024/12/20,511010.SH,ORIGINALUNIT,141.426
2024/12/23,511010.SH,ORIGINALUNIT,141.326
2024/12/24,511010.SH,ORIGINALUNIT,141.212
2024/12/25,511010.SH,ORIGINALUNIT,141.044
2024/12/26,511010.SH,ORIGINALUNIT,141.086
2024/12/27,511010.SH,ORIGINALUNIT,141.29
2024/12/30,511010.SH,ORIGINALUNIT,141.151
2024/12/31,511010.SH,ORIGINALUNIT,141.299
2025/1/2,511010.SH,ORIGINALUNIT,141.417
2025/1/3,511010.SH,ORIGINALUNIT,141.78
2025/1/6,511010.SH,ORIGINALUNIT,141.73
2025/1/7,511010.SH,ORIGINALUNIT,141.517
2025/1/8,511010.SH,ORIGINALUNIT,141.48
2025/1/9,511010.SH,ORIGINALUNIT,141.165
2025/1/10,511010.SH,ORIGINALUNIT,141.217
2025/1/13,511010.SH,ORIGINALUNIT,140.964
2025/1/14,511010.SH,ORIGINALUNIT,141.279
2025/1/15,511010.SH,ORIGINALUNIT,141.267
2025/1/16,511010.SH,ORIGINALUNIT,141.221
2025/1/17,511010.SH,ORIGINALUNIT,141.198
2025/1/20,511010.SH,ORIGINALUNIT,141.152
2025/1/21,511010.SH,ORIGINALUNIT,141.315
2025/1/22,511010.SH,ORIGINALUNIT,141.238
2025/1/23,511010.SH,ORIGINALUNIT,141.118
2025/1/24,511010.SH,ORIGINALUNIT,141.066
2025/1/27,511010.SH,ORIGINALUNIT,141.423
2025/2/5,511010.SH,ORIGINALUNIT,141.481
2025/2/6,511010.SH,ORIGINALUNIT,141.648
2025/2/7,511010.SH,ORIGINALUNIT,141.526
2025/2/10,511010.SH,ORIGINALUNIT,141.216
2025/2/11,511010.SH,ORIGINALUNIT,141.285
2025/2/12,511010.SH,ORIGINALUNIT,141.21
2025/2/13,511010.SH,ORIGINALUNIT,141.165
2025/2/14,511010.SH,ORIGINALUNIT,140.923
2025/2/17,511010.SH,ORIGINALUNIT,140.787
2025/2/18,511010.SH,ORIGINALUNIT,140.668
2025/2/19,511010.SH,ORIGINALUNIT,140.814
2025/2/20,511010.SH,ORIGINALUNIT,140.559
2025/2/21,511010.SH,ORIGINALUNIT,140.327
2025/2/24,511010.SH,ORIGINALUNIT,140.122
2025/2/25,511010.SH,ORIGINALUNIT,140.246
2025/2/26,511010.SH,ORIGINALUNIT,140.319
2025/2/27,511010.SH,ORIGINALUNIT,140.146
2025/2/28,511010.SH,ORIGINALUNIT,140.319
2025/3/3,511010.SH,ORIGINALUNIT,140.587
2025/3/4,511010.SH,ORIGINALUNIT,140.509
2025/3/5,511010.SH,ORIGINALUNIT,140.556
2025/3/6,511010.SH,ORIGINALUNIT,140.301
2025/3/7,511010.SH,ORIGINALUNIT,139.932
2025/3/10,511010.SH,ORIGINALUNIT,139.946
2025/3/11,511010.SH,ORIGINALUNIT,139.576
2025/3/12,511010.SH,ORIGINALUNIT,139.994
2025/3/13,511010.SH,ORIGINALUNIT,139.921
2025/3/14,511010.SH,ORIGINALUNIT,140.053
2025/3/17,511010.SH,ORIGINALUNIT,139.685
2025/3/18,511010.SH,ORIGINALUNIT,139.801
2025/3/19,511010.SH,ORIGINALUNIT,139.801
2025/3/20,511010.SH,ORIGINALUNIT,140.003
2025/3/21,511010.SH,ORIGINALUNIT,139.87
2025/3/24,511010.SH,ORIGINALUNIT,139.923
2025/3/25,511010.SH,ORIGINALUNIT,140.015
2025/3/26,511010.SH,ORIGINALUNIT,140.18
2025/3/27,511010.SH,ORIGINALUNIT,140.178
2025/3/28,511010.SH,ORIGINALUNIT,140.232
2025/3/31,511010.SH,ORIGINALUNIT,140.214
2025/4/1,511010.SH,ORIGINALUNIT,140.135
2025/4/2,511010.SH,ORIGINALUNIT,140.326
2025/4/3,511010.SH,ORIGINALUNIT,140.812
2025/4/7,511010.SH,ORIGINALUNIT,141.237
2025/4/8,511010.SH,ORIGINALUNIT,140.99
2025/4/9,511010.SH,ORIGINALUNIT,141.179
2025/4/10,511010.SH,ORIGINALUNIT,141.353
2025/4/11,511010.SH,ORIGINALUNIT,141.344
2025/4/14,511010.SH,ORIGINALUNIT,141.247
2025/4/15,511010.SH,ORIGINALUNIT,141.245
2025/4/16,511010.SH,ORIGINALUNIT,141.362
2025/4/17,511010.SH,ORIGINALUNIT,141.255
2025/4/18,511010.SH,ORIGINALUNIT,141.247
2025/4/21,511010.SH,ORIGINALUNIT,141.098
2025/4/22,511010.SH,ORIGINALUNIT,141.179
2025/4/23,511010.SH,ORIGINALUNIT,141.07
2025/4/24,511010.SH,ORIGINALUNIT,140.989
2025/4/25,511010.SH,ORIGINALUNIT,141.005
2025/4/28,511010.SH,ORIGINALUNIT,141.032
2025/4/29,511010.SH,ORIGINALUNIT,141.161
2025/4/30,511010.SH,ORIGINALUNIT,141.276
2025/5/6,511010.SH,ORIGINALUNIT,141.256
2025/5/7,511010.SH,ORIGINALUNIT,141.25
2025/5/8,511010.SH,ORIGINALUNIT,141.455
2025/5/9,511010.SH,ORIGINALUNIT,141.404
2025/5/12,511010.SH,ORIGINALUNIT,141.211
2025/5/13,511010.SH,ORIGINALUNIT,141.27
2025/5/14,511010.SH,ORIGINALUNIT,141.141
2025/5/15,511010.SH,ORIGINALUNIT,141.026
2025/5/16,511010.SH,ORIGINALUNIT,140.986
2025/5/19,511010.SH,ORIGINALUNIT,141.101
2025/5/20,511010.SH,ORIGINALUNIT,141.037
2025/5/21,511010.SH,ORIGINALUNIT,141.057
2025/5/22,511010.SH,ORIGINALUNIT,141.077
2025/5/23,511010.SH,ORIGINALUNIT,141.12
2025/5/26,511010.SH,ORIGINALUNIT,141.156
2025/5/27,511010.SH,ORIGINALUNIT,141.106
2025/5/28,511010.SH,ORIGINALUNIT,141.095
2025/5/29,511010.SH,ORIGINALUNIT,140.982
2025/5/30,511010.SH,ORIGINALUNIT,141.142
2025/6/3,511010.SH,ORIGINALUNIT,141.104
2025/6/4,511010.SH,ORIGINALUNIT,141.17
2025/6/5,511010.SH,ORIGINALUNIT,141.248
2025/6/6,511010.SH,ORIGINALUNIT,141.369
2025/6/9,511010.SH,ORIGINALUNIT,141.388
2025/6/10,511010.SH,ORIGINALUNIT,141.365
2025/6/11,511010.SH,ORIGINALUNIT,141.426
2025/6/12,511010.SH,ORIGINALUNIT,141.385
2025/6/13,511010.SH,ORIGINALUNIT,141.411
2025/6/16,511010.SH,ORIGINALUNIT,141.446
2025/6/17,511010.SH,ORIGINALUNIT,141.607
2025/6/18,511010.SH,ORIGINALUNIT,141.611
2025/6/19,511010.SH,ORIGINALUNIT,141.596
2025/6/20,511010.SH,ORIGINALUNIT,141.61
2025/6/23,511010.SH,ORIGINALUNIT,141.603
2025/6/24,511010.SH,ORIGINALUNIT,141.555
2025/6/25,511010.SH,ORIGINALUNIT,141.523
2025/6/26,511010.SH,ORIGINALUNIT,141.576
2025/6/27,511010.SH,ORIGINALUNIT,141.635
2025/6/30,511010.SH,ORIGINALUNIT,141.598
2025/7/1,511010.SH,ORIGINALUNIT,141.624
2025/7/2,511010.SH,ORIGINALUNIT,141.691
2025/7/3,511010.SH,ORIGINALUNIT,141.714
2025/7/4,511010.SH,ORIGINALUNIT,141.733
2025/7/7,511010.SH,ORIGINALUNIT,141.734
2025/7/8,511010.SH,ORIGINALUNIT,141.67
2025/7/9,511010.SH,ORIGINALUNIT,141.643
2025/7/10,511010.SH,ORIGINALUNIT,141.525
2025/7/11,511010.SH,ORIGINALUNIT,141.502
2025/7/14,511010.SH,ORIGINALUNIT,141.421
2025/7/15,511010.SH,ORIGINALUNIT,141.574
2025/7/16,511010.SH,ORIGINALUNIT,141.543
2025/7/17,511010.SH,ORIGINALUNIT,141.554
2025/7/18,511010.SH,ORIGINALUNIT,141.571
2025/7/21,511010.SH,ORIGINALUNIT,141.477
2025/7/22,511010.SH,ORIGINALUNIT,141.392
2025/7/23,511010.SH,ORIGINALUNIT,141.304
2025/7/24,511010.SH,ORIGINALUNIT,141.093
2025/7/25,511010.SH,ORIGINALUNIT,141.11
2025/7/28,511010.SH,ORIGINALUNIT,141.269
2025/7/29,511010.SH,ORIGINALUNIT,141.05
2025/7/30,511010.SH,ORIGINALUNIT,141.175
2025/7/31,511010.SH,ORIGINALUNIT,141.281
2025/8/1,511010.SH,ORIGINALUNIT,141.288
2025/8/4,511010.SH,ORIGINALUNIT,141.275
2025/8/5,511010.SH,ORIGINALUNIT,141.297
2025/8/6,511010.SH,ORIGINALUNIT,141.377
2025/8/7,511010.SH,ORIGINALUNIT,141.496
2025/8/8,511010.SH,ORIGINALUNIT,141.506
2025/8/11,511010.SH,ORIGINALUNIT,141.361
2025/8/12,511010.SH,ORIGINALUNIT,141.325
2025/8/13,511010.SH,ORIGINALUNIT,141.372
2025/8/14,511010.SH,ORIGINALUNIT,141.34
2025/8/15,511010.SH,ORIGINALUNIT,141.262
2025/8/18,511010.SH,ORIGINALUNIT,141.01
2025/8/19,511010.SH,ORIGINALUNIT,141.081
2025/8/20,511010.SH,ORIGINALUNIT,140.996
2025/8/21,511010.SH,ORIGINALUNIT,141.083
2025/8/22,511010.SH,ORIGINALUNIT,141.062
2025/8/25,511010.SH,ORIGINALUNIT,141.152
2025/8/26,511010.SH,ORIGINALUNIT,141.2
2025/8/27,511010.SH,ORIGINALUNIT,141.184
2025/8/28,511010.SH,ORIGINALUNIT,141.092
2025/8/29,511010.SH,ORIGINALUNIT,141.191
2025/9/1,511010.SH,ORIGINALUNIT,141.275
2025/9/2,511010.SH,ORIGINALUNIT,141.313
2025/9/3,511010.SH,ORIGINALUNIT,141.447
2025/9/4,511010.SH,ORIGINALUNIT,141.423
2025/9/5,511010.SH,ORIGINALUNIT,141.337
2025/9/8,511010.SH,ORIGINALUNIT,141.278
2025/9/9,511010.SH,ORIGINALUNIT,141.258
2025/9/10,511010.SH,ORIGINALUNIT,141.146
2025/9/11,511010.SH,ORIGINALUNIT,141.333
2025/9/12,511010.SH,ORIGINALUNIT,141.364
2025/9/15,511010.SH,ORIGINALUNIT,141.391
2025/9/16,511010.SH,ORIGINALUNIT,141.548
2025/9/17,511010.SH,ORIGINALUNIT,141.667
2025/9/18,511010.SH,ORIGINALUNIT,141.543
2025/9/19,511010.SH,ORIGINALUNIT,141.428
2025/9/22,511010.SH,ORIGINALUNIT,141.459
2025/9/23,511010.SH,ORIGINALUNIT,139.943
2025/9/24,511010.SH,ORIGINALUNIT,139.797
2025/9/25,511010.SH,ORIGINALUNIT,139.817
2025/9/26,511010.SH,ORIGINALUNIT,139.885
2025/9/29,511010.SH,ORIGINALUNIT,139.821
2025/9/30,511010.SH,ORIGINALUNIT,139.991
2025/10/9,511010.SH,ORIGINALUNIT,140.136
2025/10/10,511010.SH,ORIGINALUNIT,140.093
2025/10/13,511010.SH,ORIGINALUNIT,140.141
2025/10/14,511010.SH,ORIGINALUNIT,140.177
2025/10/15,511010.SH,ORIGINALUNIT,140.159
2025/10/16,511010.SH,ORIGINALUNIT,140.162
2025/10/17,511010.SH,ORIGINALUNIT,140.212
2025/10/20,511010.SH,ORIGINALUNIT,140.112
2025/10/21,511010.SH,ORIGINALUNIT,140.153
2025/10/22,511010.SH,ORIGINALUNIT,140.162
2025/10/23,511010.SH,ORIGINALUNIT,140.147
2025/10/24,511010.SH,ORIGINALUNIT,140.081
2025/10/27,511010.SH,ORIGINALUNIT,140.196
2025/10/28,511010.SH,ORIGINALUNIT,140.395
2025/10/29,511010.SH,ORIGINALUNIT,140.586
2025/10/30,511010.SH,ORIGINALUNIT,140.674
2025/10/31,511010.SH,ORIGINALUNIT,140.657
2025/11/3,511010.SH,ORIGINALUNIT,140.642
2025/11/4,511010.SH,ORIGINALUNIT,140.605
2025/11/5,511010.SH,ORIGINALUNIT,140.6
2025/11/6,511010.SH,ORIGINALUNIT,140.587
2025/11/7,511010.SH,ORIGINALUNIT,140.554
2025/11/10,511010.SH,ORIGINALUNIT,140.593
2025/11/11,511010.SH,ORIGINALUNIT,140.618
2025/11/12,511010.SH,ORIGINALUNIT,140.643
2025/11/13,511010.SH,ORIGINALUNIT,140.584
2025/11/14,511010.SH,ORIGINALUNIT,140.561
2025/11/17,511010.SH,ORIGINALUNIT,140.606
2025/11/18,511010.SH,ORIGINALUNIT,140.603
2025/11/19,511010.SH,ORIGINALUNIT,140.582
2025/11/20,511010.SH,ORIGINALUNIT,140.646
2025/11/21,511010.SH,ORIGINALUNIT,140.62
2025/11/24,511010.SH,ORIGINALUNIT,140.643
2025/11/25,511010.SH,ORIGINALUNIT,140.604
2025/11/26,511010.SH,ORIGINALUNIT,140.501
2025/11/27,511010.SH,ORIGINALUNIT,140.439
2025/11/28,511010.SH,ORIGINALUNIT,140.497
2025/12/1,511010.SH,ORIGINALUNIT,140.566
2025/12/2,511010.SH,ORIGINALUNIT,140.541
2025/12/3,511010.SH,ORIGINALUNIT,140.536
2025/12/4,511010.SH,ORIGINALUNIT,140.381
2025/12/5,511010.SH,ORIGINALUNIT,140.475
2025/12/8,511010.SH,ORIGINALUNIT,140.502
2025/12/9,511010.SH,ORIGINALUNIT,140.543
2025/12/10,511010.SH,ORIGINALUNIT,140.578
2025/12/11,511010.SH,ORIGINALUNIT,140.638
2025/12/12,511010.SH,ORIGINALUNIT,140.579
2025/12/15,511010.SH,ORIGINALUNIT,140.55
2025/12/16,511010.SH,ORIGINALUNIT,140.557
2025/12/17,511010.SH,ORIGINALUNIT,140.64
2025/12/18,511010.SH,ORIGINALUNIT,140.682
2025/12/19,511010.SH,ORIGINALUNIT,140.789
2025/12/22,511010.SH,ORIGINALUNIT,140.75
2025/12/23,511010.SH,ORIGINALUNIT,140.844
2025/12/24,511010.SH,ORIGINALUNIT,140.87
2025/12/25,511010.SH,ORIGINALUNIT,140.843
2025/12/26,511010.SH,ORIGINALUNIT,140.245
2025/12/29,511010.SH,ORIGINALUNIT,140.111
2025/12/30,511010.SH,ORIGINALUNIT,140.039
2025/12/31,511010.SH,ORIGINALUNIT,140.027
2026/1/5,511010.SH,ORIGINALUNIT,139.99
2026/1/6,511010.SH,ORIGINALUNIT,139.841
2026/1/7,511010.SH,ORIGINALUNIT,139.779
2026/1/8,511010.SH,ORIGINALUNIT,139.875
2026/1/9,511010.SH,ORIGINALUNIT,139.914
2026/1/12,511010.SH,ORIGINALUNIT,139.977
2026/1/13,511010.SH,ORIGINALUNIT,139.985
2026/1/14,511010.SH,ORIGINALUNIT,140.073
2026/1/15,511010.SH,ORIGINALUNIT,140.092
2026/1/16,511010.SH,ORIGINALUNIT,140.221
2026/1/19,511010.SH,ORIGINALUNIT,140.237
2026/1/20,511010.SH,ORIGINALUNIT,140.295
2026/1/21,511010.SH,ORIGINALUNIT,140.297
2026/1/22,511010.SH,ORIGINALUNIT,140.25
2026/1/23,511010.SH,ORIGINALUNIT,140.348
2026/1/26,511010.SH,ORIGINALUNIT,140.356
2026/1/27,511010.SH,ORIGINALUNIT,140.343
2026/1/28,511010.SH,ORIGINALUNIT,140.432
2026/1/29,511010.SH,ORIGINALUNIT,140.427
2026/1/30,511010.SH,ORIGINALUNIT,140.423
2026/2/2,511010.SH,ORIGINALUNIT,140.43
2026/2/3,511010.SH,ORIGINALUNIT,140.471
2026/2/4,511010.SH,ORIGINALUNIT,140.459
2026/2/5,511010.SH,ORIGINALUNIT,140.509
2026/2/6,511010.SH,ORIGINALUNIT,140.57
2026/2/9,511010.SH,ORIGINALUNIT,140.632
2026/2/10,511010.SH,ORIGINALUNIT,140.656
2026/2/11,511010.SH,ORIGINALUNIT,140.712
2026/2/12,511010.SH,ORIGINALUNIT,140.761
2026/2/13,511010.SH,ORIGINALUNIT,140.788
2026/2/24,511010.SH,ORIGINALUNIT,140.843
2026/2/25,511010.SH,ORIGINALUNIT,140.743
2026/2/26,511010.SH,ORIGINALUNIT,140.653
2026/2/27,511010.SH,ORIGINALUNIT,140.709
2026/3/2,511010.SH,ORIGINALUNIT,140.813
2026/3/3,511010.SH,ORIGINALUNIT,140.826
2026/3/4,511010.SH,ORIGINALUNIT,140.905
2026/3/5,511010.SH,ORIGINALUNIT,140.896
2026/3/6,511010.SH,ORIGINALUNIT,140.901
2026/3/9,511010.SH,ORIGINALUNIT,140.768
2026/3/10,511010.SH,ORIGINALUNIT,140.778
2026/3/11,511010.SH,ORIGINALUNIT,140.735
2026/3/12,511010.SH,ORIGINALUNIT,140.794
2026/3/13,511010.SH,ORIGINALUNIT,140.756
