date,510300.SH_ORIGINALUNIT,510500.SH_ORIGINALUNIT,511010.SH_ORIGINALUNIT,511220.SH_ORIGINALUNIT,511880.SH_ORIGINALUNIT,518880.SH_ORIGINALUNIT,NHCI.NH_CLOSE
2014-11-14,0.0004967994752030977,-0.002462520256489433,-0.0026368921065318385,0.0009995003330834232,0.0002887502907564683,-0.006989980404710275,-0.007210065695655484
2014-11-17,-0.005516832626814735,0.009813904715144681,-0.0014604714537233524,0.0,8.660883126789139e-05,0.03150206553583407,0.002786903366438049
2014-11-18,-0.010038694342200396,0.0018652706462687274,0.0021227453809785743,0.0,9.62232379861933e-05,-0.000424899092859448,-0.006551580800487902
2014-11-19,-0.0016700005823082373,0.003505888469164398,0.0002590313202535221,0.0,9.621397996539264e-05,0.0033941483581503757,-0.0005904517127012599
2014-11-20,-3.887042544175399e-05,-0.0021450029674383664,-0.0017569719323902242,0.0,9.620472372624282e-05,-0.005947341234489475,-0.0004505790016304388
2014-11-21,0.01829542432108136,0.011033318318380716,-0.001124929810524475,-0.005007521730622293,0.00026932399839600045,0.006794081335884284,0.0028702172365826064
2014-11-24,0.025026746203179746,0.016220557158826192,0.008344279064731508,0.0,9.616956625320812e-05,0.007168489478612497,-0.0019992809250543404
2014-11-25,0.013384803831690452,0.0149328734060028,-0.001709165455533123,0.0,0.0001538520715369904,-0.0004202563625627011,0.005398864485602647
2014-11-26,0.013208014543542763,0.004860193706430192,0.0004204009157862688,0.0,0.0002211208915374656,0.0016799667957843462,-0.00634992498967221
2014-11-27,0.010922766802746285,0.007144588619375671,0.00043932116037934577,0.0,9.612426952966973e-05,-0.004205220662978473,0.009341157251552367
2014-11-28,0.018542072091121162,-0.0011532852945464432,0.0010402302805173865,0.002006018726865766,0.00028831738176887705,-0.00422297924885582,-0.008900553617455417
2014-12-01,0.003162446853649561,-0.007152862677867728,0.00021935994670727345,0.0,9.608732423407052e-05,-0.028328074497809528,-0.018164684279582496
2014-12-02,0.03563314170058358,0.013243427624215825,-0.0022626712026396086,0.0,0.00010568539389643885,0.04303113289836129,0.00954779847792614
2014-12-03,0.014752850952184938,0.011537557551703192,-0.0040991906917836616,4.601375419811587,9.60679393206542e-05,-0.005016732929598091,0.0009185100596805407
2014-12-04,0.044369087075730916,0.020921403242087584,-0.0032587565787956132,0.0,9.605871115810426e-05,0.001256544667948031,0.006375982016973602
2014-12-05,0.0058862067213147,-0.021922304136376126,-0.005009735521887462,-0.005881153433077626,0.00030732588309956017,0.004177115513885239,0.0014525349283912756
2014-12-08,0.039590349992349436,0.014514620061011337,-0.0008325589080661881,0.0,0.00015362753035563938,-0.008371752536736849,-0.006648813750899716
2014-12-09,-0.04550846838216872,-0.04110167568555192,0.00038732292564426794,-0.015107628979069587,9.600522275779175e-05,0.01419055532207387,-0.001149437003311716
2014-12-10,0.03684165559248643,0.03383756132906031,0.0037010415780633194,0.0,0.00010559510048555437,0.0237521403635784,0.006997113095948352
2014-12-11,-0.010947998633796738,0.0146064837784908,-0.001998600679750689,0.0,9.598587095333958e-05,-0.01180555131796002,-0.0023369769365892148
2014-12-12,0.0036006991969405986,0.006834851668521343,-0.00013531538169909825,-0.002262281549338171,0.0002974976629988319,-0.0012292564547297443,0.0059869627388882685
2014-12-15,0.006731952669546987,0.015513168755661505,-0.0007929294321500156,0.000514604486356875,9.594811133487946e-05,0.0008196721770397751,0.0027611247437778824
2014-12-16,0.02591393089556207,0.0038250716024381755,0.001932871978840455,-0.002163120680291767,0.00014390490788546368,-0.016522474171706887,-0.011060343464119132
2014-12-17,0.017450685861218788,-0.009076444541419154,0.002295260044037632,-0.000381606568263887,9.592510175419374e-05,0.0008326395152157202,-0.006796735870592491
2014-12-18,-0.0035723286148753837,0.0,0.00018300817327031552,-0.0006191311723931427,0.00010550698513979877,0.004152829888562757,0.0006483376445267945
2014-12-19,0.011351727592138216,-0.005924798372272549,0.001809014773004364,-0.0001754902117095885,0.0002781014320968536,0.0024834449849957035,0.004324986531557393
2014-12-22,0.0034737967879676325,-0.04019780836337872,-0.00028845321969575913,0.000835883169505995,9.587911568447537e-05,-0.002483444984995618,-0.004608582530703279
2014-12-23,-0.02135354376454916,-0.02113352869037555,0.002027024475561808,0.00025784759287421084,0.00010545641064910214,-0.014190555322073943,-0.010908365748015127
2014-12-24,-0.028842200379615934,0.013031945085470741,0.0029993650037670226,0.0010925358222237309,0.00010544529076724325,-0.0016827938342161028,0.004883241218019698
2014-12-25,0.032081863791762394,0.01913516372594503,-0.0004593829037222894,0.0014205717615834196,9.584970773174659e-05,0.0008417508914522003,0.0006316476024020906
2014-12-26,0.032148284641436146,0.010715805674140993,0.00028713904426849306,0.001490458771787535,0.00027791221028054743,0.006290647710328535,0.0004887436331519332
2014-12-29,0.003041260162443627,-0.010183926132315646,-4.785078213017204e-05,0.000739265286147894,0.0001053947753910124,0.007496911414178374,0.009119990252399181
2014-12-30,0.000744559026378378,-0.01736492294710021,-0.0006318450083839733,0.0006669232003002958,-0.04124124406971349,-0.010427623162259276,0.016556586776260578
2014-12-31,0.02152264993975783,0.008887750398063343,-0.00010534632614423227,0.0005229669778390137,0.0005888958373559254,0.012914155732264045,0.0005951200334343445
2015-01-05,0.030054003948457267,0.017410234434512353,0.0006701963926212808,0.001116797673465556,0.00011973299556321365,0.00041382164877743345,-0.011689273767824174
2015-01-06,-0.0006799113657537433,0.011397254438223044,6.69949419070078e-05,0.0013098785118725376,6.983762754455757e-05,0.007830248126304748,0.010051840697972055
2015-01-07,-0.0004353860037754959,0.0014968601278490343,0.0009087735531430125,0.000460096832937093,7.98084597390214e-05,0.002460025840862399,-0.004409568826672477
2015-01-08,-0.023601784010222924,-0.008031122791508917,-0.0003442801709503121,0.001011468503387683,8.977690445283515e-05,-0.0016393446294331684,-0.00010974046391328363
2015-01-09,-0.0037692169762169386,-0.0063792922925270225,-0.0003252623652290878,0.0007553795630915164,0.00026928236413112914,0.0008200082460305241,-0.004820491382717969
2015-01-12,-0.009330365863988095,-0.014219508690263855,0.0005930460741034308,2.040774678130383e-05,8.974467645581851e-05,0.011815171057932025,-0.004874063102991299
2015-01-13,2.823462977532266e-05,0.01336145114776578,0.0024926832158743673,0.0007751859304350481,9.970686190885237e-05,0.0064594491855495045,-0.009280926488765431
2015-01-14,-0.00356385612674903,-0.004633008485743483,0.0014297699553246417,0.0024643596993232505,9.969692144166192e-05,0.0008045052726756589,-0.01323451643153025
2015-01-15,0.028133883322121578,0.012656727955000464,-0.0005716626964755385,0.00022373184814470314,0.0001096551347114183,-0.010103137059005837,0.006593091918689553
2015-01-16,0.008285369756462166,0.013015932810565142,0.0030545997344399007,0.0007623462335761025,0.0003189284032775389,0.027640453800725204,0.00020469572052719343
2015-01-19,-0.07999944931755218,-0.04347649091564738,0.00020900825658687545,0.0013707603772997456,9.964427003868068e-05,0.015291417344141271,0.006731559597151553
2015-01-20,0.0020696595407435794,0.03529622066791375,0.00042738087408839833,0.00040579063789172827,0.00012952270899918222,0.000777907468244521,-0.0055349284309345655
2015-01-21,0.043689957608723295,0.02510592113107626,0.0009016491297759228,0.0008313563753154802,9.962143861595446e-05,0.016580291141513274,0.007332531096492032
2015-01-22,0.0052731881090718495,0.014014496149296127,0.0008818802636847148,0.00031411331642761944,0.00010957212097763457,-0.011538589556493891,0.0018855306358695908
2015-01-23,0.0012928976758127568,-0.009637566328770473,0.00045485990151904155,0.0003849075762891869,0.00031868701221801046,0.009624713374209472,-0.0016521808993583166
2015-01-26,0.009560355712617602,0.0222210501293926,0.0018362870524118277,0.000577083718462949,0.00012943759383629612,0.0038240964384034758,-0.012926065438317268
2015-01-27,-0.009167196674724444,0.0029669943881949854,-0.0005959503929448863,-0.0002530658946479003,0.00010951103334603647,-0.009202518931161894,0.00829965210657668
2015-01-28,-0.01393878856211872,-0.005446232053295411,-0.00227354638392851,-0.0003949107198700893,0.00010949904199280647,0.00307692550447932,-0.0012135243148809632
2015-01-29,-0.012404725549357228,-0.006787285933177734,-0.0012906411342318619,-0.00012154237285934704,0.00010948705326548872,-0.006549821142430692,-0.0027076889317477794
2015-01-30,-0.013056909708117013,-0.012132027987387413,0.00030383016127848666,0.00015192565800382942,0.000328389253676335,-0.016368253201406103,-0.009374972293029792
2015-02-02,-0.023133519029178515,-0.004182780672163592,0.002171594698974654,-3.0383285144368794e-05,0.00014923220060630052,0.01829912848754228,0.010571346502019794
2015-02-03,0.024301061485216133,0.01725157687793784,0.00035042690879561383,-0.00023296919341029326,0.00020888767390000253,0.0011567381278237332,0.006640888125626718
2015-02-04,-0.010616246808370327,-0.004253728420730702,0.0003976331413338603,-0.0001418339127262237,0.00010939994143082638,-0.013579258126380866,0.0021498406041054173
2015-02-05,-0.010342824874589785,-0.0052166926387772735,0.001258129526249884,0.0010025368056739955,0.00010938797439281745,0.002341007701973445,-0.002525522801695638
2015-02-06,-0.016247335491436816,-0.02133635058324971,-0.0005957587826036547,0.000516066371515876,0.00029827003601525366,-0.0015600627189022275,0.011229605509885988
2015-02-09,0.009971914466889463,-0.005422166653701055,0.0013895521167317118,0.0012031201689863852,0.00010934339303427262,-0.02050545033085001,-0.005427380747299415
2015-02-10,0.018002981621193754,0.01356454214054238,0.0004438715112093148,0.0003131803489777255,9.939271062058154e-05,0.001990050408010231,0.0016141727844547283
2015-02-11,0.007976347969268186,0.01085966281596771,0.0026120139133388415,0.0012416530721062282,0.00015900779171676012,-0.0055821516562205775,0.0003527532426885981
2015-02-12,0.0025378873323409277,0.006986653124963708,0.0015244479182181198,0.0010688070711738992,0.00014904684569946232,-0.012067724889008874,-0.0020779961882586434
2015-02-13,0.007719805004202998,0.015312137834140576,0.0011183318287771406,0.0006548359869911614,0.0003576218187420771,0.0072580963789818705,0.012533340857749209
2015-02-16,0.008664293346467544,0.0171478266327027,0.0016798446105905987,0.0012882708760527197,9.931670117793155e-05,0.0040096284673605586,0.0032555644597662002
2015-02-17,0.006513378261884259,0.006958549241407042,-0.00017817371984779496,0.0006234100731799752,0.0008735619047237589,-0.005617992304223373,-0.0029963240327613152
2015-02-25,-0.012492641196134859,-0.0009048955463183606,0.0018645621573959254,0.0017675656391646015,0.00011906297453226767,-0.010924648404748796,-0.007967372090026811
2015-02-26,0.024718631887549473,0.010566226659007848,-0.0009740108473147751,0.00031100922744185165,0.00010912860817288798,0.0004067520902123965,0.009670703959199799
2015-02-27,0.0017705337302787675,0.008148259315360232,-0.00047798684103194457,0.0003510232363277183,0.0003372313339701691,0.0008130081748631252,0.0008157743344227555
2015-03-02,0.007859191049323788,0.019823533438056522,-0.0010223463267646285,0.0005313150171355092,0.00011899567663076926,0.010509393412348994,0.004880719971014684
2015-03-03,-0.026193250451276982,-0.003432131579418666,-0.0012206803521409933,-0.0010227820561096257,0.00010906693250163467,-0.009697045682866761,-0.007230359148002205
2015-03-04,0.006442439614523646,0.01480737332948182,0.0008076937964922384,4.0128813496676644e-05,0.00015862157881554135,-0.0032533578919170035,-0.0021853351809520568
2015-03-05,-0.009822756801443391,-0.000229687052402232,-0.00236857798739949,-0.00012039127177823058,0.00010903774203559897,-0.004899968970880452,-0.009959121749316003
2015-03-06,-0.005149682693317384,-0.012249532032991884,-0.0001693990103619544,-0.000722652164778286,0.00034685919351179137,-0.00286944242795282,-0.005270544261394753
2015-03-09,0.016902777619357327,0.012766253732446557,-0.0018369976386259069,0.00045171879767710757,0.00024768292749135563,-0.020320002490957494,-0.0016343439109230663
2015-03-10,-0.004946845818885076,0.010221943215132288,0.0009236308772318793,-0.0005420870483598592,0.0001287708821099704,-0.008414016824846186,-0.007126829070137138
2015-03-11,0.0009970232562585691,-0.00216130217223403,0.001807093331162579,0.0011240015634815215,0.00011885071373934482,-0.0008453085879504755,0.002411880697853768
2015-03-12,0.01892462880811014,-0.0004556068192029406,0.001024450622264122,0.000711882960414677,0.00011883658992586082,0.0021119332031435513,0.007889827923908556
2015-03-13,0.00687708917836434,0.011046706301029123,-0.0022194018608451497,8.018040595622902e-05,0.00034652607955483656,-0.004652154721501939,-0.002068106291603632
2015-03-16,0.023825991006004407,0.028984317552174933,-0.001026727983754834,0.000360732290453486,0.00011878130396238764,0.0008474576778379182,-0.0026929131728441013
2015-03-17,0.013509355077287412,0.015369461038961276,0.0006029772181937767,-0.0004208669922034771,0.00010887046899283886,-0.00807999292785029,-0.0025471490811521183
2015-03-18,0.022884414784287026,0.01646303685102674,-0.0009517393518173265,-0.0005714600960573357,0.00010885861750413548,-0.008576381899825881,-0.010398280673953231
2015-03-19,-0.0015687508119564325,0.008078398694305195,0.0003204886536744533,0.00033088512070873115,0.00010884676859539113,0.014960740678294358,0.004771609802064808
2015-03-20,0.01325658839692254,0.010098189146882085,0.00209948625601852,0.00027064277824642203,0.0003363605817115096,0.0,0.0001949047793743116
2015-03-23,0.019991462862223527,0.023919047885791297,-0.0004233083017525893,0.0008114891269977032,0.00010879832263488713,0.009290607366826414,0.015197845438621932
2015-03-24,0.00045548864596402076,0.004108656772787941,-0.00031054001275281214,-0.01616284497526566,0.00010878648684772508,0.004613134622598731,0.005297502632697459
2015-03-25,-0.007975658229345213,0.01112492911411794,-0.0005083644894510649,-0.0008450891155553394,0.00011866267182928292,0.0016722411923621328,-0.008900453660048727
2015-03-26,0.0023942955910790827,-0.007083499011178626,-0.0033957171174801865,-0.0021924130924697487,0.0001087617476119083,0.011628037995119214,0.0033604631000409184
2015-03-27,0.005328339004509002,0.01142926873177028,-0.0013142159379983713,-0.0013382028199241044,0.0003163305680786323,-0.002066543409554664,-0.006091554035187311
2015-03-30,0.028415467510695725,0.012383752473554034,-0.0013822618272950563,-0.0006339727808560225,0.00010871552616669902,-0.0074751178637883975,-0.005586891488262482
2015-03-31,-0.009365840150572805,0.0010332866813513343,-0.002238389294979779,-0.0020785664356429054,0.00010870370838574917,-0.013428653325710607,-0.00483721492100062
2015-04-01,0.017718306868256588,0.023571669440667315,0.001745615060890621,0.0012804164638771666,0.0001086918931741026,0.0050569007889737115,0.0009549480895127313
2015-04-02,0.0003658135123528125,0.018040806311426592,0.0025843599163665144,0.0012174350457353786,0.00010868008053020522,0.015019055783715369,0.0013845943043685031
2015-04-03,0.011081453342484808,0.015540473771208473,-0.0010499781036801103,0.0002351317515368527,0.0004148516964703688,-0.003733669552048838,-0.001641211171663703
2015-04-07,0.020951420185929766,0.023729226838572242,-0.0008616160092954097,0.0005926955557839286,9.874885212492489e-05,0.008278192969371254,0.0007901691065071883
2015-04-08,0.008512090522570018,-0.007146626680072231,-0.0022759611531528883,-0.0003473996152237712,9.873910175180212e-05,0.0020588848121278996,-0.0035040702551413375
2015-04-09,-0.007284893804706181,-0.007980595491566824,0.00011392116667601186,0.00040869290362796314,9.872935330418701e-05,-0.014084739881739085,-0.0107841747242951
2015-04-10,0.018831452239239318,0.02622341180023702,0.0003796435192996101,0.0005514706022113152,0.00028626001488582785,0.0012507819016526766,-0.005551106212853177
2015-04-13,0.017528610861567522,0.02117115223220653,0.001545558723607837,0.0011122279887199461,9.869135274394527e-05,0.010362787035546658,0.014191856202922477
2015-04-14,0.004108086895038869,1.2714467362467752,4.7372036295706044e-05,0.0007951476029327166,8.881389055088501e-05,-0.00952980073165462,-0.0029443842976428552
2015-04-15,-0.012421104371020094,-0.03979724819375362,0.0023279372317949886,0.0019647671760466235,0.00031571885498456344,-0.003336116522010369,-9.312191217059014e-05
2015-04-16,0.02953319694057769,0.013998701492432269,-0.00015124588829076673,0.0006506776426970536,0.00013809566105658138,0.008319515539558463,0.0068677055939256925
2015-04-17,0.018005782127930157,0.008844883187696776,0.001029909997541603,0.00016260327884686678,0.00040431333847950604,-0.0012435234763058054,0.0009449951912736745
2015-04-20,-0.0160483119771371,-0.01766669650059525,0.005246438671191018,0.0039350564463935455,0.00010844650393875337,0.0074380508210014264,-0.0017366021432369929
2015-04-21,0.021065446162424853,0.03540824630390046,0.001980263712402607,0.0019112247258936913,0.00010843474456977958,-0.013261694567788132,0.005221247622371381
2015-04-22,0.025478811602867746,0.025777941824917106,-0.0005158047371450376,4.040975492043593e-05,8.871059161004886e-05,0.005823643746786764,0.00585548659614935
2015-04-23,0.00040293934187432545,0.010783061683794809,-0.0011169252868222595,-3.030716310028082e-05,9.855809514886401e-05,-0.012521031694308384,-0.0035969612394378654
2015-04-24,-0.007705116660800202,0.0017661880424690417,5.6345435095592107e-05,-0.0006467717222418432,0.0002463527488181269,0.007531416352831814,0.012447472673541791
2015-04-27,0.02193663619718553,0.01124672542830401,0.0020638099615134203,0.0005255338837639789,8.867213483972154e-05,-0.008792185588967376,0.015714330438785125
2015-04-28,-0.013129567698839387,-0.028676907170629158,0.000936689246916444,0.001070426050949495,7.881307512995062e-05,0.015439488835945874,0.0001389343735798625
2015-04-29,0.0064179923468900375,0.020055910648359005,6.553540084275545e-05,0.00039354783880047234,7.880686411859031e-05,0.00413223728491037,-0.01103572329847489
2015-04-30,-0.0044290788225592416,0.0058651885289643475,7.489234229289519e-05,0.0005043220505710913,0.0003250126832799756,-0.006204776886882758,0.01197798270771628
2015-05-04,0.007622694311362589,0.004008068369600948,0.0003556620499290932,0.00083661347795456,7.877504804418272e-05,-0.012526259819180369,0.011022708914081828
2015-05-05,-0.04062884891627346,-0.03659162682160395,0.0002152076996521155,0.00010074957693686224,8.861451216127093e-05,0.003355707846972315,0.004656403620015855
2015-05-06,-0.009328323479100021,-0.01406228312551319,-0.0020416580104642827,0.00024175757876647802,8.860666032532159e-05,0.004178861074966848,0.008184019863442698
2015-05-07,-0.01833770452437286,-0.02216922290672572,-0.0005907976408651451,0.001087186408538225,8.859880988051882e-05,-0.007954825284501973,-0.009326547903981715
2015-05-08,0.0194617087420195,0.03682579481342736,0.001864981539306645,0.001005601283418083,0.00029527268646918983,0.002938092354903903,-0.0016232658581376727
2015-05-11,0.028018512517983696,0.042432801813048704,0.0009452194595384545,0.0007937106387095289,8.856480735560446e-05,-0.0016778527426159757,0.003673026949064982
2015-05-12,0.011668892917808761,0.021509914048801974,0.0014862107639673856,0.001023860041460915,8.85569643252181e-05,-0.0012602396122877771,-0.008745569136563864
2015-05-13,-0.0059238986337255915,0.008945109861595423,0.0038035974893482183,0.001443667164699225,9.838743010134444e-05,0.008788506033079338,0.003064263488469164
2015-05-14,-0.003519966088141739,-0.0011843063887410656,0.0030195083029947037,0.003070877612701698,0.00011805213983205739,0.01570929370517988,-0.004984207366070317
2015-05-15,-0.017440109190309677,-0.007817673678000278,-0.0016433399701353496,0.0007887026251333529,0.00023606247896535993,0.0028670918677554448,0.0019789606580561747
2015-05-18,-0.009702449261020785,0.018102387922322907,-0.0004089333402711732,0.001436036785935073,8.850906486108704e-05,0.007740922744438099,0.0009437951092343838
2015-05-19,0.033193498400788835,0.024528313747573204,-0.0005486050228020646,-0.0005881268330431683,0.00015733010839073122,-0.007332008406292685,-0.008120139138272899
2015-05-20,0.005845616561218042,0.016560392294927544,-0.0011726058317361571,9.970686190885237e-05,8.848730950272959e-05,-0.010273359309059312,-0.019911210393860967
2015-05-21,0.017355331727982256,0.036266941646238726,0.00031655292749938757,0.0004884199711341703,7.864881342660035e-05,0.0028871952413303398,0.006195900316284703
2015-05-22,0.02241105124040011,0.016376242062543775,-0.0008195195094539481,-0.00014949098348055452,0.0002555659324865633,-0.0004119464527874376,0.0024977067197271465
2015-05-25,0.028982898078782307,0.02628890872989186,-0.0006057584513795391,0.00036870400959787905,0.0002063709672854868,-0.005370804069124481,-0.005857870847069465
2015-05-26,0.019020296106678516,0.03269745999809936,-0.0018755166666123663,-0.00040857204640146866,7.860631016198088e-05,-0.005399805436223708,0.002063714107811012
2015-05-27,-0.0030609501213520666,0.011781438697228246,0.0009615250713960594,-0.000807669916323629,0.00013754617643305607,-0.006266993563391675,0.0022300584837966824
2015-05-28,-0.0689734688928241,-0.06188750078495216,-0.00737976171589354,-0.000828289629368077,0.00015717246763660584,-0.0016778527426159757,0.0034457923348541
2015-05-29,0.00105964127556014,0.010200127551591779,0.0009864945016111596,-0.0009089139105248073,0.00029463181058150183,0.0008392782699949171,0.0018082916575964001
2015-06-01,0.04699375205568075,0.05091004096052612,-0.001908101548485583,-0.00019987208253293616,0.00014728335871951712,-0.0029405608250465554,-0.0001996506120931925
2015-06-02,0.016349994778053482,0.03761528047516896,0.003081232299390356,0.0004996053221956276,8.835960401002026e-05,0.0025210097385483295,0.004412951133070859
2015-06-03,-0.002537131281534301,0.00859389170009855,0.0010218479460817839,0.0005392935385521882,7.85353163902836e-05,0.00041955108649819196,-0.010300563137895137
2015-06-04,0.0070490020238155975,-0.0003169787424372258,0.0008523033779185549,0.0006387863277397951,6.871334268572739e-05,-0.006734032181344068,0.0011642496422235714
2015-06-05,0.009655194150469601,0.016270893655757502,0.0006738355534746674,0.0001496565385240558,0.00016685560649012246,-0.003807916596221253,-0.007501004255108358
2015-06-08,0.02251726856230029,-0.010220394319723778,0.0003367475828090877,0.0006681925640427992,5.888356757602007e-05,-0.0016970729571568535,-0.0018005446958707099
2015-06-09,-0.006787228408080948,-0.0015317388227072907,0.0002898862450573925,0.000239243990135825,5.8880100505706e-05,0.0021208915691376296,-0.0004962251546194792
2015-06-10,-0.0019693619196099847,0.018466846307148316,-0.00023377267116929103,0.0,4.906410225944054e-05,0.007177569340538085,0.008412565500581379
2015-06-11,-0.0008533313624030781,0.013645007429122918,-0.000973081282281047,-4.983777804295856e-05,8.83093181622573e-05,-0.001684210924430186,8.035436278304938e-05
2015-06-12,0.004844824011026079,0.016300378233133975,0.0009450248889285918,-2.9903859095219366e-05,0.00029430808382420465,-0.00042149631814765833,-0.01728338027694903
2015-06-15,-0.020465511205292778,-0.018967244673637074,-0.0012258974682490915,-0.0001295937238575175,6.865942475923205e-05,0.0012639563511255456,-0.0033369531650639253
2015-06-16,-0.029032878322712754,-0.04064361723870067,0.0008236693059196315,-1.993898670133303e-05,6.865471096600375e-05,0.002943033446503786,-0.001261933387601902
2015-06-17,0.014279626163436589,0.020380870445207557,0.0003928758562843552,0.00024920876346982946,7.845675565735691e-05,-0.007162448989211999,-0.00813293355051817
2015-06-18,-0.04040651420682302,-0.03329386770438028,0.0035569119472805373,0.00010963218413229536,0.00012747910095460438,0.008001727259206863,-0.0006315451842350407
2015-06-19,-0.05905031698925601,-0.07128962978839445,0.0001956828639306992,-0.01518330116985822,0.00032352782866596825,0.007938207551228487,0.0015212433662803045
2015-06-23,0.03203419671877453,0.00519435429801744,-0.00019568286393064675,0.0003945431696577017,7.841522827757437e-05,-0.008777485821223409,0.002550903235493223
2015-06-24,0.01916620874765716,0.021622938960674257,-0.0006712035303727299,-0.0001314970946093705,0.00016661194646199026,-0.012674440896727937,0.003521311670660415
2015-06-25,-0.0355121282829145,-0.0361455517698675,8.39250829253134e-05,0.0,7.839601752252725e-05,0.0033955890011381075,-0.009251867823533256
2015-06-26,-0.07978047579526866,-0.08848980007417764,7.459416117678432e-05,-0.00014163159622256093,0.0002841340543980099,-0.0008478169223394481,0.0018448086320701303
2015-06-29,-0.033441040500146936,-0.06975108386181308,-0.0004756331372804763,0.0004855105542192507,7.836760287317662e-05,0.002541297428672548,-0.0020523033416996236
2015-06-30,0.06437180882309883,0.047920695105415946,0.0010442307206798272,-0.00014158289702258985,7.836146187310858e-05,-0.0025412974286725325,-0.014327386707164947
2015-07-01,-0.049668094989922904,-0.057182748284665894,0.0013502881889963353,7.079395422582368e-05,8.814930539162339e-05,-0.0025477720787987755,0.009292841663537227
2015-07-02,-0.03430298973578124,-0.07056270727281289,-0.0008472091483968452,9.101343465712783e-05,7.834841544339314e-05,-0.006825965070399871,0.0033106752569421324
2015-07-03,-0.05260172718578367,-0.06302618840023279,0.0013310065955677566,0.0001415599913382899,0.0002545899646554669,0.0038453369322621754,-0.0013000589457642423
2015-07-06,0.028539122281950317,-0.014363833765146591,0.0026474333052622285,0.002413545294533969,0.00023494860607343055,0.0,-0.026319806056919137
2015-07-07,-0.017010370263893078,-0.06865663438859773,-0.0004082693149534707,0.003483797838695126,8.809149775927364e-05,0.0008525149706437513,-0.015397177431157908
2015-07-08,-0.06919170559669409,-0.02437620695571163,-0.00047342991568844546,0.0010146624606595747,7.829703943323273e-05,-0.020663671087841957,-0.04278561500905791
2015-07-09,0.06210695128926891,0.04414452952298122,0.0007796475274496364,-0.0007232183530536219,7.829090948680065e-05,0.015109288083319834,0.036854496341605286
2015-07-10,0.052374486401891504,0.04936861593167261,-0.000556829058590457,0.0006428865827994932,0.00021526840138723894,0.0004283572564963042,0.00013097291062364586
2015-07-13,0.024981000043564686,0.06043737101280773,-0.000380678261833544,3.0125170084025064e-05,7.826793073372866e-05,-0.0047220521311958745,-0.0020538823397729233
2015-07-14,-0.023651807151178088,0.02027632043670199,-0.001059233548513528,0.0003112402950784238,6.84794146256981e-05,-0.0038801514514673675,0.0012022516339644505
2015-07-15,-0.035396705207422385,-0.05913392809920131,5.5777114664246466e-05,0.000271001351646742,8.803807163179403e-05,0.0021574981400210927,0.0005896677284107675
2015-07-16,0.0078011486666038935,0.023657887615932936,0.0006969515622018675,4.014210305009246e-05,0.00010759156296905142,-0.006920442844573795,-0.002864235119840892
2015-07-17,0.0384288056609451,0.05368549511101364,0.0005757801050599763,0.00022075276783186068,0.00022492677750307678,-0.0017376198985408486,-0.003103055653015068
2015-07-20,0.002386237321952673,0.015280276093087753,0.00046409743166120424,0.0009125963999140947,7.822354337086839e-05,-0.025094867397032754,0.005530533253683829
2015-07-21,0.001785948634584862,0.013143605651847187,-0.0009098336931850019,0.0003708176571738453,6.844058138048685e-05,-0.008506879149735202,0.0005240861368155286
2015-07-22,-0.0016906174779073276,0.012591465277165842,0.0005478561782457028,0.0008713811942424619,7.821207207319147e-05,-0.012669852741051778,-0.009464813666073239
2015-07-23,0.022107900173701785,0.030252473010068184,0.0007702051631868027,0.0008306105464706733,7.820595542322792e-05,0.003182544172921637,-0.00042984917364809183
2015-07-24,-0.01740033085226077,-0.015428967460372119,0.0007788812321769262,0.001249619028857338,0.00021503484624782855,-0.010954011857723244,-0.013283738497357797
2015-07-27,-0.08850683747841062,-0.07823347500778162,0.00023169279492723797,0.0003596008469392715,7.818302650488338e-05,0.01864113992170545,-0.002740785132290384
2015-07-28,-0.001919535750611073,-0.01945471807080158,0.0002501679381141918,0.0009483262753204057,6.840513432061178e-05,-0.008141157583699998,0.00380152071223382
2015-07-29,0.030681958807144773,0.04726544461784317,0.00011116566474629025,0.0008577099671105121,6.84004553783645e-05,0.0004540295197178023,0.011064797454682569
2015-07-30,-0.02946236734880758,-0.0278107265470417,-4.631752517040095e-05,-5.981636378109146e-05,6.839577707598411e-05,-0.01003658060071395,-0.005655829442025096
2015-07-31,0.0004666839597275648,-0.00885910463593743,-0.0013070382616680043,0.0006677463808598569,0.00020515926781265953,-0.0027548226788447314,0.0006435649279523038
2015-08-03,0.003028148544921464,-0.024637159011333613,-0.0007516250765622908,0.0007270373549341466,6.837707026446555e-05,0.01142869582362285,-0.009193340842895657
2015-08-04,0.030364361142818208,0.05262958066324791,0.00029700581235943865,5.9732993536691886e-05,6.837239516053163e-05,-0.005469475804535433,0.003988586995072499
2015-08-05,-0.020668905287127406,-0.012950525462047696,-9.280484076699971e-05,0.0009154593856987114,7.813415638620041e-05,-0.002287806991928037,0.0033728346504920616
2015-08-06,-0.008997952630522596,-0.005915940207605533,0.0013726328878845525,0.0007754944165303511,5.859661117942083e-05,-0.0004581901569276758,-0.007395006680076347
2015-08-07,0.019335146217990574,0.028260517392188298,0.0007782245755845646,0.0010727696362268025,0.00018553328666842352,0.0054844744421595005,-2.2390649665599682e-05
2015-08-10,0.0439791928125617,0.04695222379306691,-5.556738936569054e-05,0.00082366196807966,5.8582308159797683e-05,0.005001147045770973,0.0026609736075788788
2015-08-11,-0.00444580143136208,0.00452694299577705,-0.003339706612697768,-0.0012109182621104578,6.834168894503156e-05,0.022865824737002913,0.01358528199207615
2015-08-12,-0.01244595530030974,-0.011575555366085365,-0.0005670014605794715,0.00013903233517272037,6.833701867762137e-05,0.032274933941796924,0.013903013798527012
2015-08-13,0.0143190022240528,0.023679530187745358,0.0005205380249717543,-0.00014896395596368314,5.857087077039205e-05,-0.005163522660049269,0.005114213894704943
2015-08-14,-0.0004375410264506809,0.010778885723957915,0.000297328689763086,3.9725891354719056e-05,0.00018545179526567316,-0.005190323070692736,-0.006375111037780485
2015-08-17,0.0008020123648150828,0.02231486307352883,0.00020436220485039124,0.0008537251722182554,4.879738837350951e-05,0.0030309614024349304,-0.006218993367552641
2015-08-18,-0.06309651781433923,-0.07766458526856895,-0.0006410941559462215,-9.922849842606685e-06,4.8795007304450484e-05,0.0017278622009370187,-0.00684178226323155
2015-08-19,0.015610073071078668,0.02231449018540404,-0.0003718370652840131,0.0005654453528698555,5.855086608161659e-05,0.0030165935394255057,-0.0004629323540118452
2015-08-20,-0.032361932519384164,-0.03444604834857308,-7.438400747266013e-05,0.0,4.878976977091715e-05,0.01197619104671562,-0.0061597182368666875
2015-08-21,-0.04634210532878117,-0.05503130940559869,0.0012266291542839037,0.00040652623893484613,0.0001561112686234704,0.014771317320312723,0.0034328904293210913
2015-08-24,-0.09075918647553162,-0.08379756661431031,0.0005849066405108572,0.000654061148302199,6.829101731894683e-05,0.0054313899972069195,-0.033544048235000325
2015-08-25,-0.07278327045283543,-0.07874575989605162,0.0013912594067211272,0.0004556079473447234,6.828635397417802e-05,-0.007108539237294862,-0.0013613304243320125
2015-08-26,-0.005598426235735354,-0.03842262973041242,0.000583752246185953,-2.9707235199304387e-05,6.828169126638993e-05,-0.00842819991183434,-0.002257712418903979
2015-08-27,0.05736874013658792,0.03474101605170463,0.0012219960787448064,-1.9805313766256098e-05,6.827702919558258e-05,-0.01106394264804984,0.01310814022495842
2015-08-28,0.04150474234787264,0.05892707636167418,0.0004624876366995927,0.0005049130122365543,0.00016579623680528752,0.0004278074931556812,0.010845983367613827
2015-08-31,0.007599447471524294,-0.039676766109510285,0.0014877586107182835,0.0006134726702333873,9.751435906678637e-05,0.0021362964757818174,-0.0065182685469566655
2015-09-01,-0.0012919519076894424,-0.06597878115411322,0.00017542806801736828,0.00036592542452662074,5.850405142234912e-05,0.0038338705107218572,0.003174534366277662
2015-09-02,0.0013212950612002225,-0.007759714382120408,-0.0007850490135211498,0.0004152126047017742,0.00032171111594385556,0.0012746974320007381,-0.0026109381567606714
2015-09-07,-0.034508826850717295,0.006732839041184183,-0.0022292016020728617,0.00030635589900574833,7.797498956149074e-05,-0.01713103993018367,-0.0033298184694401413
2015-09-08,0.02510441503175059,0.039595422672910593,0.0004628986797466562,0.0005038007426488354,6.82231286417921e-05,-0.001729356245953732,0.006626122958848153
2015-09-09,0.019389604705640922,0.027950547217045256,-0.00021290678003391985,-0.00020741662666772168,9.745353910239049e-05,0.0021612284185051492,0.009612879175125676
2015-09-10,-0.012482439869366002,-0.01635301283660689,-0.0001666543222877725,-0.0002963841159811478,5.846756513494606e-05,-0.01303799433812983,0.0073041162203616086
2015-09-11,-0.0032410163903467677,0.008701451225845942,0.0001203642408552892,0.00032601769675694474,0.0001851247405014621,0.001311475597810877,-0.0012597243532929815
2015-09-14,-0.020061182188292077,-0.06988101995039356,0.0007033780947093314,0.0005628712506595069,6.819521369663559e-05,-0.002624673422771217,-0.008628545324542446
2015-09-15,-0.039647155988095754,-0.05701535682576234,0.0007768427284232521,0.0003750715641024017,5.844933905198857e-05,0.0004379242461053669,-0.0068827247403090664
2015-09-16,0.048460426859652204,0.06507373046921017,-0.00010169507203690989,0.0007891648086953603,5.8445922926436136e-05,0.0004377325524044827,0.009422380355920704
2015-09-17,-0.021753433555757793,-0.018637205623263917,-0.0008601991937673142,0.0006703007732712113,5.84425072000849e-05,0.010881500187534207,-0.002550808674616946
2015-09-18,0.004777345644901192,0.012813904092424687,0.0007400007737694491,0.00045318411872716474,0.000185045409697367,0.0060423144559624406,-0.004370406719420147
2015-09-21,0.017602645000260365,0.03520734902398606,0.00039752426114823163,0.0003446764753038907,7.790361379317277e-05,0.008995562908578003,0.0008733722800396321
2015-09-22,0.009381098930148539,0.007515381148715909,-0.0003512923898123649,-0.014809501387477345,5.8423727840042074e-05,-0.002561914296200756,-0.007605966371475991
2015-09-23,-0.02234996972000694,-0.011396267981359497,-4.623187133580291e-05,3.997162015490078e-05,5.842031470738857e-05,-0.003855220024432702,-0.0038078066403903193
2015-09-24,0.006715577916638942,0.01446085890465688,0.0009149934786570883,0.0003297049170886425,6.815272053698799e-05,0.005990604137156973,-5.660494841977022e-05
2015-09-25,-0.01609619648326052,-0.033231390700100547,0.000434097937462784,0.00027966440453961074,0.0001849625456120855,0.0055307522392281,0.002781171240511313
2015-09-28,0.003349474828435485,0.018049031042644034,0.0013933812044041134,0.000738736793736266,5.840211806674127e-05,-0.006811435445220402,-0.011548219837871965
2015-09-29,-0.01974000766149935,-0.018800195782812577,0.002256661560525047,0.000748163294097324,6.813149380936379e-05,-0.013763658136415393,-0.010378253093913723
2015-09-30,0.0075982574603394425,0.00327222811271413,0.0002943719779135996,0.00034895140458076853,0.0004865185800104778,-0.00043318172650532035,0.00472030257401062
2015-10-08,0.028453751641855998,0.039756264523557246,0.0009561109081454839,0.001384634762373067,0.00010700232983453935,0.01888468139052742,0.009214969113991387
2015-10-09,0.013073246774047725,0.015138447597847559,-0.0060462128189564205,0.0003781997736071257,0.0001945203620321877,-0.000425260478447932,0.018000215329073515
2015-10-12,0.03161124310838624,0.03816596330024652,0.0007115892305052752,0.0010244017345937626,7.779755136117333e-05,0.010577631942465962,-0.0028206868936841633
2015-10-13,-0.0007724990727923373,0.012725240967683266,0.0017075955210536712,0.001043213988232377,0.0001458540975431457,-0.0037950709685516094,-0.004009641977609161
2015-10-14,-0.011167511869358892,-0.01112932616997293,0.002477745323104932,0.0016966225414508527,9.722424780412179e-05,0.01426198670726931,-0.0022082276686954
2015-10-15,0.023230247042218613,0.0303687437011847,-0.0015006516379568137,0.00019824749281861792,5.833001177984954e-05,0.0070554349534849995,0.0009244437085942867
2015-10-16,0.013370985722326376,0.016970002801759688,-0.002222889286660372,0.0004459132128605248,0.00019440880344281404,-0.003729028559866709,-0.006908861403488518
2015-10-19,5.580512850571998e-05,1.3826382119897406e-05,0.0003692864504610243,0.0006932477945161122,6.803415317123301e-05,-0.004159739775176659,-0.006248775419377731
2015-10-20,0.01228472390899212,0.01660500367105847,0.002544366433716543,0.0011576422991201167,6.802952483998456e-05,0.002082032815403585,-0.00029690533505766833
2015-10-21,-0.029366168590330193,-0.0639285834854646,0.0001012718828688832,0.0011167940280656075,6.802489713839036e-05,0.0008316008795259878,-0.004911708074121824
2015-10-22,0.014567125714625064,0.037667843730019315,0.0003865801511625344,0.0003061592348205609,5.8303371894834054e-05,-0.005417808626250953,0.005950491307282449
2015-10-23,0.013171613440701087,0.024722916492546026,0.0005336032142803402,0.0009771071499227843,0.00019432002626181336,0.006248718520338279,0.002040177370998675
2015-10-26,0.004956776134391558,0.007503376429190594,0.0016358343184481752,0.002128561955457356,5.828864538825042e-05,-0.009178203770850154,-0.010081734159824074
2015-10-27,0.0010981771365026615,0.006642125640885928,0.0018348292334999317,0.0009347404316248044,6.799912575181337e-05,0.0008378718546311557,-0.0008975111928375433
2015-10-28,-0.01903078168293079,-0.02490815884820502,-0.00045839178631163066,0.0018472306626323186,7.770762509971176e-05,0.006261761223976317,-0.005020177766762005
2015-10-29,0.0023743359525156106,0.008758579788878675,-0.002377838573615762,0.0008732982279534701,0.00020395379060555232,-0.01087876837627509,0.0003932909246760241
2015-10-30,0.0003068554316567687,-0.003171091078750486,-0.0006896203223961326,7.846137252592742e-05,0.000203912201938882,-0.01483392320253118,-0.0036728752829800508
2015-11-02,-0.016507918567121888,-0.020651231491898167,0.000726386717914732,0.0005980656187598252,7.76699029517961e-05,-0.0025652002095450637,-0.0006850866205794476
2015-11-03,-0.0029818131625109225,-0.0020565631876827183,-0.001029970387444986,0.0,7.766387080634834e-05,-0.005150225976315793,-0.007941686395303267
2015-11-04,0.04569619168744831,0.049053549742426365,-0.0016667514644148785,-0.00021565456143951895,6.79509394479523e-05,-0.014301435518306248,0.004509195402492481
2015-11-05,0.020731843214024825,0.0010128877493586464,0.00018430801607726072,-6.862711459995745e-05,6.794632243138703e-05,-0.007887858600952227,-0.010580745383537342
2015-11-06,0.02312317778432302,0.022939564265587412,4.607169678261466e-05,0.0001470523361914202,0.0002135155340662167,0.0013189713936782835,-8.246013940429939e-05
2015-11-09,0.012122300450725331,0.012857504767692455,-0.0034890195999404262,-0.0023259590341795132,0.00012614684479799493,-0.012823523060892305,-0.0029022117276176146
2015-11-10,-0.001825733050182702,0.003835477048688703,0.00043448317985632823,-0.002085198800181158,0.00010672721020337121,-0.0008904720089744386,-0.0005909117940661202
2015-11-11,0.00012868191136131832,0.01438910325528178,0.0015699605193581876,-1.969240464017483e-05,7.761263537606016e-05,0.0008904720089743531,-0.007392191804050727
2015-11-12,-0.009931287336931507,-0.0004165535931177453,0.0005904059212094592,-0.00015755319914825683,7.760661212224122e-05,-0.004460310695199467,0.001832374031330434
2015-11-13,-0.012843997277763832,-0.014843540597440183,0.0006269245867571443,0.0006497470153178039,0.0002036887061655033,-0.0008944544424604512,-0.0028571107875100584
2015-11-16,0.00525169917475488,0.019579483347807184,0.0004699356458950268,3.9365041879632026e-05,6.78870166341028e-05,0.010238237661938229,-0.00780328296834262
2015-11-17,-0.0015726158458208128,-0.009177329536097284,-0.0004975857977420813,0.0003640531951438002,6.788240829992929e-05,-0.01472255010926671,-0.006654395102326686
2015-11-18,-0.01131684394072389,-0.016468854509080668,-0.0005992744349098472,-0.00015741214467205868,6.787780059119174e-05,-0.005859831958115126,-0.004740465828251416
2015-11-19,0.015713951033236247,0.025181140831769255,0.0001291048425330312,-0.0006889696240091665,6.787319350833423e-05,0.0027088052680868772,-0.0153198237466891
2015-11-20,-0.00018282729401245698,0.011263393425225646,0.0008848416157904784,0.00026580166430202726,0.0001938980296338966,0.007187811718833616,0.0027727304494978757
2015-11-23,-0.005605483939254031,-0.008050216647234982,-0.00011056239415703915,5.905744322363842e-05,7.7548686073375e-05,-0.010348798771699759,-0.008279318223160774
2015-11-24,0.0001575919946527303,0.006968147177277024,0.0011050742445151004,0.00041330447350788115,6.785016747047975e-05,0.0027100287588653796,0.0156236826747214
2015-11-25,0.007274662462265034,0.015668437960468875,0.0008004158909668568,0.00030494853000264944,6.78455641377959e-05,0.0062949848162210265,0.008962998193085965
2015-11-26,-0.00585745098185141,-0.006255204886918385,0.001378524645757287,0.0002065252140206094,5.814967728565005e-05,-0.004942719566207264,0.0092673038081947
2015-11-27,-0.05468080808327315,-0.06550054590373383,0.0004866247163655774,0.0004129225140763487,0.00020349724622176717,-0.004967271446208016,-0.005726193663205407
2015-11-30,0.002710928354575573,0.004412756855228498,0.0009266863371374572,0.0008056909726829184,6.782321397433873e-05,-0.012298037027101161,-0.008992038096361805
2015-12-01,0.006800218923088722,0.004758614342229903,0.0001283838311499104,0.0006087503133557849,5.813052241610436e-05,0.016364001517296216,0.008545558340421477
2015-12-02,0.03504779675208406,-0.004968304656616338,-0.00034850875293141094,0.0007064711082235012,9.68766954179935e-05,-0.004518760513326267,0.005356650525223901
2015-12-03,0.007311729970465627,0.021857801929502766,0.0016863874071478201,0.0010587717277483948,6.780810309428915e-05,-0.01138705084704217,-0.010463085793364354
2015-12-04,-0.019090680280393485,-0.00758179119257414,0.0002655300774194952,0.0018208165419011087,0.0002130812525616581,0.008211724976517905,0.0008730871458987155
2015-12-07,0.0025701449144665614,0.011447049678156466,-9.155035956512332e-06,0.0012413437427800334,8.715651863645026e-05,0.022462759380270453,0.01481062955525559
2015-12-08,-0.017532478761640637,-0.026286821107053722,0.0009974059124778644,0.0006933086233333241,6.778315203938322e-05,-0.001333629893150376,-0.01898894244813878
2015-12-09,0.0035582876294053332,-0.003902584992104266,0.0006400117249178232,0.0007318465790808615,8.714301626850292e-05,-0.005799703965912594,2.4343042151221275e-05
2015-12-10,-0.003313419652831845,-0.0029270628988764045,-7.31234690099112e-05,0.0002730854774510346,6.777265182451715e-05,-0.002239642593504687,-0.004623622829978275
2015-12-11,-0.004252889374112366,-0.007687961198873823,0.0004295238291827426,0.0006531519687839701,0.00020329040103708867,0.0008964590470372057,0.013433291613808452
2015-12-14,0.027937110455871998,0.020362634916693836,-0.0009232471530098785,0.0004092211215204129,7.74330930067341e-05,0.004470280130903512,0.002722893248591598
2015-12-15,-0.004606769168121004,0.007818221641737564,0.000594266715240331,-0.014670429682963322,7.742709758718851e-05,-0.010311680699511355,-0.005429025978266682
2015-12-16,-0.0023782495009469712,0.0041053504599572995,0.0004934300800054383,0.0003360447564165909,6.774379300090608e-05,0.002700271667746683,0.0035623539523541147
2015-12-17,0.01871195037533415,0.02444779719928027,0.0017615681595136144,0.0005236093598718438,6.773920409010695e-05,0.00403678502880529,-0.003901136034022531
2015-12-18,0.0031983249180151767,-0.002252976075865093,0.0014124875338455934,0.0003160088113752071,0.00020319008502289352,-0.00763877001283453,0.014059351986432165
2015-12-21,0.025429040870080036,0.011463633372757303,0.0023376078826414966,0.001686981542395784,7.739488810645379e-05,0.01076726418461559,0.019883343636193766
2015-12-22,0.0026247737506041465,0.008682117395285485,0.0011259217402714607,0.0017530214556385922,5.804223541625022e-05,0.005784220798794537,-0.0016507159776057152
2015-12-23,-0.0025992573627025848,-0.010639785030079198,-0.00029951669121831587,0.0005017043296076074,8.705703692353486e-05,-0.0026654835861398426,-0.004062278110814553
2015-12-24,-0.009460032350541879,-0.0026370565251572333,0.0008982810771841203,0.0008847470200820879,6.770578935438917e-05,0.0004447409457338356,-0.0008003107515798364
2015-12-25,0.0022641907475626716,0.005067979041440938,0.00013603282946594438,0.00047154520339726683,0.00020308986796424268,0.0017769884729286836,0.002528208495016215
2015-12-28,-0.028968639747315592,-0.024413434989121418,0.0004623732522390995,0.0006283812517152227,7.735672088720911e-05,-0.000888099525512329,-0.008930158025533593
2015-12-29,0.0089285131632886,0.009359333294159632,0.00015407692094178963,0.0007849216953067118,7.735073728772399e-05,0.000444148352848627,0.015065290253676032
2015-12-30,0.0009958855030704245,0.008596059501164172,-0.0015509152146209592,0.0006765004596428472,-0.03262579459881203,-0.0026678539611924576,0.005029816863423028
2015-12-31,-0.009078173572888436,-0.016030660675682862,5.445881553425764e-05,-9.801086940624537e-06,0.0002896422937946902,-0.00580488345823055,0.0011491118862701126
2016-01-04,-0.07233850424891641,-0.08669191257594264,-0.0014259831025936736,0.00020580265558066006,5.991551913591814e-05,0.007139700119157718,-0.011750495471913295
2016-01-05,0.0027809325527132253,-0.013928541894071033,-0.001500839387222268,0.00027433767220183726,6.989690209790366e-05,0.008412712888326845,0.006434953351358754
2016-01-06,0.017249556816030645,0.025224508227065706,0.0008734896464539411,0.0001077549262186655,7.987619194509306e-05,0.006591981682152962,-0.009656249592035714
2016-01-07,-0.07151673447443795,-0.08875430498691109,0.0005364538710140825,0.0006756525444672831,5.990295722715944e-05,0.02209316631670589,0.00022370969639326266
2016-01-08,0.020022586384676213,0.016194685919980606,0.0008995053327501523,0.0007534504962758957,0.00020963209643980491,0.001284521692356619,-0.001684940218001664
2016-01-11,-0.051446102939570096,-0.06962268909803786,0.0015245842109461955,0.0003520679136245452,7.98482882946891e-05,0.0059727140012114715,-0.011552594948204806
2016-01-12,0.00710630095872562,0.0012971811861026822,0.001042275699215037,0.0013972692016086194,6.986202253384453e-05,-0.0106907154614597,-0.010770718815919273
2016-01-13,-0.018688662735935873,-0.03525168137046361,0.0022530378024358945,0.0011222633812323919,5.987784920558616e-05,-0.013417210583964228,0.0024088851289008843
2016-01-14,0.020495624622938483,0.03330527804050127,-0.0004610523828128984,0.0006337661030273751,6.985295954868371e-05,0.0091087161982403,0.005841481414911251
2016-01-15,-0.032308517251968885,-0.038510074251428564,-0.0006693561767362508,0.00037032345252834264,0.00020952960680099654,-0.0038935805191320986,-0.0007058809747117331
2016-01-18,0.0038482210060923456,0.014528417134364932,-0.0005883178353054462,0.0007012896223831404,7.980925592076842e-05,0.0051880790817778995,0.01805184523325362
2016-01-19,0.02894975754231965,0.03580716988020455,-0.0008967188843900634,-0.0002142307663047422,7.980288691193832e-05,-0.0017263707351971903,0.00864884173630317
2016-01-20,-0.03106129139440857,-0.009594587428224175,-0.0009882274815225457,1.947742080051466e-05,9.974465376913548e-05,0.004310351501122263,-0.008566565747328683
2016-01-21,-0.029909370040323714,-0.040642234154166054,0.0009066676958889781,-0.0004773060547758126,7.978856035748677e-05,0.008138832675446444,-0.0028954822489199723
2016-01-22,0.010412718580749042,0.016261317327552125,0.0005979506778268904,0.0007791575753322378,0.0001994435531495744,-0.0072789873946114145,0.009817627283860162
2016-01-25,0.004909914714230042,0.010487494330408853,-0.0030387578092280028,-0.0005161240175533834,6.979584717546412e-05,0.00514360328188739,-0.0022084737211406553
2016-01-26,-0.06230868519159189,-0.07673222116356905,-0.00012719409836524657,-0.0008672985171036239,7.976071788881112e-05,0.014009993533436998,0.0033866667894407307
2016-01-27,-0.0035154219721994164,-0.013466046754579691,-0.001136379254732105,-0.0009070826213387329,5.981636378116827e-05,0.0004214963181476528,0.011648591625691195
2016-01-28,-0.02653888647450354,-0.0438644013399509,0.0007183418433841515,-0.00029278290357007223,6.97812358538656e-05,-0.0012650223065867451,-0.010157427659218173
2016-01-29,0.03192642635822952,0.0366653770517161,0.001162801391931895,0.00058548011040136,0.00020931449579306884,-0.0012666246151929424,-0.0017126982673015166
2016-02-01,-0.015386764164105554,-0.012907763750294897,0.0013065374085604387,0.0006143854145073505,6.976176360579379e-05,0.006736867584758149,0.001968768292212734
2016-02-02,0.020677781798521238,0.0341955752169781,-0.0010886625949346849,-1.949849861614797e-05,8.968654558357754e-05,0.0016771492400879386,0.0031721528084340963
2016-02-03,-0.00430531030965639,0.004176164004168156,-0.00011800963153845763,-0.0007217118537462337,7.971462169663759e-05,0.0,0.0018428911941154324
2016-02-04,0.012189713833805287,0.019745560357827412,0.001034379600624586,0.00039017919474295775,6.974508175470314e-05,0.013730192811902037,0.013194639865969826
2016-02-05,-0.0071066801853725305,-0.010028676569892475,9.068402969780682e-05,0.00023403446264266462,0.000687227065945024,0.008640251242227948,-0.00460466089707075
2016-02-15,-0.005966726180958547,0.0006137689011855672,0.002074417031224928,0.0015783016078113783,6.969230848619176e-05,0.03936251131171838,0.004833195761058857
2016-02-16,0.030275913459325367,0.040467418439515304,-0.0007332540057775177,0.00028227278445110295,7.964240564106892e-05,-0.009099963884347336,0.0011076537716453502
2016-02-17,0.008606018166211737,0.011538057519686076,-8.150586620339722e-05,-4.866203729440507e-05,6.968190214486296e-05,0.010280833929068072,-0.004036851710272582
2016-02-18,-0.003210380795718501,-0.0023651012952442593,0.0003984099872508779,0.00030166646622163185,6.967704691590297e-05,-0.003941668485332416,0.004379176785503697
2016-02-19,-0.0006892816973213045,0.003739471928662202,0.00023534949508491337,0.000904453766755821,0.00019905052963395224,0.014117881545785022,0.01027209994669703
2016-02-22,0.021921088211054946,0.02053453675894049,0.0006062223936003489,0.00034017407521264096,6.965832593958079e-05,-0.006641946668040384,0.013938719126710247
2016-02-23,-0.009553698847794974,-0.005492077296776062,0.00018089070632882966,0.0004857623163400243,6.965347399520542e-05,0.004693008222259751,-0.002341294801537064
2016-02-24,0.006561851805976875,0.006599532162526021,0.0006780488726167727,0.00028163406210195743,5.969911647088936e-05,0.003505358993438887,-0.00023443125410874582
2016-02-25,-0.06354668119331551,-0.08266963377587536,-0.0004791068816363197,2.9130031608211065e-05,6.964446503428345e-05,0.012748868829957278,-0.0016425594092430637
2016-02-26,0.010281023013900409,0.004096364425191471,0.00037064995248788394,0.00010680285659235397,0.00021885103295513032,0.0003838034973231008,-0.004887737721850855
2016-02-29,-0.024387677437692122,-0.05417460555549663,0.0003072640868609964,0.0005338432471860544,6.962437651700934e-05,-0.0061586029912069785,0.00033707865487696005
2016-03-01,0.018354836495330113,0.022884865766183576,0.0006955139631557147,0.0004753658708918502,6.961952930057993e-05,0.008841110827029057,0.00811170569101129
2016-03-02,0.04043492430184307,0.04991313551645038,0.00024376701411331318,0.00017456746106872656,6.961468275931766e-05,-0.009613609899821303,0.005678076936176564
2016-03-03,0.0022956098363770302,0.004188452712134745,-0.0005056570488882925,0.00036843126265128083,5.966587113932352e-05,0.010761056956298238,0.0013398074232012166
2016-03-04,0.011529194632796485,-0.02730331022674545,0.0004605194921765336,0.00031984337639572675,0.00019886052982313798,0.012535776694980447,0.01674478143197705
2016-03-07,0.003491081900984424,0.022997327985181247,-0.0006140731301185891,0.00075558702047756,8.947433832238175e-05,0.0007547170169557742,0.01955765394327527
2016-03-08,0.0009031093376041642,0.002012883127297864,-0.0008675692340214744,0.0008711223509791457,6.95856176749346e-05,0.0048918253712543795,0.005915477240750869
2016-03-09,-0.011576192439435702,-0.025886853799236272,0.0007501299522535822,0.0008800306160982355,6.958077585362579e-05,-0.009428695156955796,-0.012714546212969085
2016-03-10,-0.01939698243594841,-0.016087160253212728,0.0012008434432823048,0.0007730141170118768,5.9636811833671085e-05,-0.008753623926234652,-0.0020756824668816446
2016-03-11,0.0016944933035320867,-0.0014515186655258115,0.0008298156842300206,0.0002511009825446497,0.0001987636905036092,0.01329049371193604,0.003460657323903751
2016-03-14,0.015580281894210646,0.03306641130343293,0.0004146497621088286,0.0006467774780082653,6.955795919750444e-05,-0.010999541965380317,-0.0036329281771781017
2016-03-15,0.002969830683360505,-0.008365261737284984,0.00023429122506329778,0.0,5.96172572264661e-05,-0.01692348082451251,-0.008445256377332159
2016-03-16,0.004941010604902802,-0.013597465983071582,0.0017734252000146992,-0.014375590788338067,7.94841479222154e-05,0.005415873973032638,0.00815448200004432
2016-03-17,0.011028812208380697,0.03243914234291833,-0.0005757933061169434,0.0006067961351233263,5.9608965206119026e-05,0.018349138668196617,0.016451253391193476
2016-03-18,0.015181946307282982,0.03477523231307694,-0.0001710024799527321,0.0004793043331857963,0.00019867089238781476,-0.005317141277620414,0.012864283182230487
2016-03-21,0.024185541715197437,0.024836666281207162,0.0004139557126507042,0.0003813229998638194,7.94573066376857e-05,-0.010719857632196624,-0.0003975519223778357
2016-03-22,-0.0073652619885972185,-0.003970047999136025,-0.0005219723473174606,0.0002052675572060621,6.951996467228366e-05,0.009195467093100394,0.0012548890024415013
2016-03-23,0.0032251090068790827,0.007122188546659362,0.0014842069639828912,0.0004592557206757227,6.95151319824947e-05,-0.014985871227804554,-0.0030248658473854355
2016-03-24,-0.0168916078931204,-0.0164687206142563,0.0005032305710929452,0.00025396577459315154,6.951029996498672e-05,-0.012466074954029068,-0.015688957842686552
2016-03-25,0.004962789342129097,0.009520848865046448,0.0016965359735752659,0.00029295730845046693,0.00019857423763091944,0.003912368057713731,0.011445031098978565
2016-03-28,-0.00887495990473742,-0.006454096737018116,-0.0008613728661794886,-0.0002831906819896136,6.94916684732918e-05,-0.0011721040607373238,-0.009211391573041372
2016-03-29,-0.01093393386050634,-0.01942090024934054,0.00035002221652175757,-0.00034188869414068345,6.948683971683498e-05,-0.0027402639969764655,-0.00046758768120801723
2016-03-30,0.025495165218173667,0.035792537891070814,0.0014705489410647662,-0.00014655951563885674,5.9556305541472925e-05,0.014013464044217844,-0.002948708484788815
2016-03-31,0.0004983492285284011,0.003054728977367283,0.0006538787332753098,0.00016609916158116184,7.940289030683482e-05,-0.01127320004724131,0.0010868176494904013
2016-04-01,0.0011825850194070275,-0.005159298553148019,-0.0007255626787905977,0.00031258242173769506,0.00026793821703525615,0.0050692251271015724,0.011856632975297335
2016-04-05,0.013101163781157577,0.026239102222219927,0.00028670495568804464,0.00031248474449889827,6.945374631352243e-05,-0.006242704628084632,-0.000621095147527529
2016-04-06,-0.002120370168917365,0.005772418447332054,-0.000905192370361553,-0.00026365256603676056,6.944892282541303e-05,0.002345583561720456,-0.006804616184305984
2016-04-07,-0.01496982906886782,-0.014833949209291401,-0.000502242163023906,9.765720376119472e-05,6.944410000758646e-05,-0.0015631109083386195,0.0010596588890252202
2016-04-08,-0.007459680415644635,-0.009846481889030024,8.970460280338707e-05,-0.0005372326786208238,0.0001983851455709259,0.006626412864885257,-0.0033842415907117617
2016-04-11,0.013778669239962486,0.02190527759879839,-0.0003947604573066185,-0.00037134760516638647,6.942550398271107e-05,0.013889112160667093,0.01979200036008483
2016-04-12,-0.003574818460607975,-0.00820261101733838,-0.00021538958674624666,-0.001251870634019454,7.933753165267626e-05,0.0015313938674282647,0.018180911160556288
2016-04-13,0.013240309736909445,0.014837951681076622,-0.002444329835435799,-0.0013514309595472637,6.941517716058129e-05,-0.0057548595426768975,0.014151059746333565
2016-04-14,0.00441555973156933,0.008909484805528532,-0.0008461227382695615,-0.0022662732463898535,5.9494888415012784e-05,-0.0073373567258271915,0.0015119294087766158
2016-04-15,-0.0011633247906176912,-0.0029811217838073625,0.0008011342328252434,-0.000628794896039558,0.00019829073452363134,-0.0038835000263977445,-0.011436336614750253
2016-04-18,-0.013507467834407679,-0.016372998983472897,0.0010791659095658217,0.0003930431415441563,7.930528573889819e-05,0.005161752480963657,0.020100824523397537
2016-04-19,0.0030381025941305924,0.003931442026923168,-0.000854243619268549,-0.0005011570937549182,6.938696618186783e-05,0.006251467453541214,0.01531890880242362
2016-04-20,-0.0179273360518098,-0.04659635559202697,-0.0037222172568229703,-0.0007276160081884741,5.947071069254052e-05,0.00038461538935661416,0.024679181749130384
2016-04-21,-0.006449595547053928,-0.00801385426677087,-0.0009304637180706613,-0.0016637055240079919,6.937802602472804e-05,0.010443259994594785,0.029157190778323457
2016-04-22,0.0046201151768316675,0.0063649436947385615,-0.0014018461440959793,-0.0027032643066497363,0.00019819641329375044,-0.008791097399500647,-0.018175565808482574
2016-04-25,-0.00414446074665584,-0.005269088495791298,-0.0030728395348698285,-0.0035033931622143705,6.93594653654339e-05,-0.005389188499459139,0.01175363258833262
2016-04-26,0.0054380607629820376,0.011323081604079976,0.0023575934461532258,-0.0015775612592236633,6.935465496349315e-05,-0.002550726020642118,-0.008646156993917686
2016-04-27,-0.0041074307351967095,-0.004773050159258068,0.0014390249696854891,0.0013296818661514048,6.934984522917107e-05,0.008745793643478243,-0.009561628928266414
2016-04-28,-0.0015525739402993388,-0.004442277834713482,0.0008407350146042568,0.0009218006490794261,5.9438896831606594e-05,0.0031405617540417145,-0.008266332708677243
2016-04-29,-0.0009834870163455901,-0.0004983802744573273,0.00010843046906804895,0.0006041608043803134,0.0002575277351791572,0.018263617683693566,0.015052537029636366
2016-05-03,0.01780593161473758,0.02984634162604006,0.0008309098940873815,0.0008907187699209956,7.922596238923654e-05,0.01623811329923107,-0.007464497532029077
2016-05-04,-0.001279231387689687,0.0006553182428584452,0.0005415260335588508,0.0005142761182643365,6.931756856555773e-05,-0.008682156051681201,-0.012898316234356765
2016-05-05,0.001403946880633374,0.005475374555202759,-0.0001263298473991665,0.0009388604900674882,5.941123468200231e-05,-0.002798770368764422,-0.015512052159650224
2016-05-06,-0.02567360802842079,-0.03908545300375531,0.0,0.0005727659815099054,0.0001980119605692543,0.002314211028720516,-0.010307790415981418
2016-05-09,-0.02091321754336151,-0.03748847022035755,0.001550947109810091,0.0013614705983211706,6.929492417456964e-05,-0.0004847942516310033,-0.024354170886455386
2016-05-10,0.0011425774523024447,-0.0007874214032595395,0.0008105844757575413,0.0007095973333053951,6.929012272076206e-05,-0.00786403094109798,0.001119046282519476
2016-05-11,0.004459860575271912,-0.0024499945131910704,-0.00028813254296226757,0.00048263262252870766,6.928532193213098e-05,0.0038648478718836927,0.005596745793662886
2016-05-12,0.0023035130633417846,0.00041994574918148645,0.0002341140145937744,0.0004036565429939962,6.928052180912045e-05,-0.002362161537803347,-0.003727681305212349
2016-05-13,-0.004937960784126755,-0.0020510068888151493,-8.103326419910084e-05,0.0007183024755729218,0.0001880229393525908,0.004046010089976425,-0.022974177628654932
2016-05-16,0.00658932839433329,0.017069332485161015,-0.0006845428692054948,0.0005408461916137584,6.926269860121694e-05,0.006929983024653714,0.0047550812958111685
2016-05-17,-0.00268891390651271,-0.003164900445418288,-0.0009104472186443252,0.0003931590378931755,6.925790161226239e-05,-0.005435605341540792,0.019050924983539254
2016-05-18,-0.005725827342307611,-0.02809026908841795,-0.001976989932971156,0.00011791757575122938,6.925310528737425e-05,0.0001493150176352149,-0.01516217732277813
2016-05-19,-0.001665333696441719,0.006634934173619766,-0.00025304787258515827,-0.0001277446680621886,5.935598755262688e-05,-0.01288546914215602,-0.005823274382763046
2016-05-20,0.005085253974552829,0.01178278935463543,0.0007589515990571447,-0.0003243482348999143,0.00019782785084996424,3.780932756562989e-05,0.007304649451777268
2016-05-23,0.0031489954114211813,0.013366712818022052,-0.00011741912771087738,0.0004717444804931533,7.912018360003817e-05,-0.0015513558553419547,-0.030497677658379494
2016-05-24,-0.007678829948351578,-0.011341082045625464,0.0005598750360717311,-9.826174972783191e-05,5.9336029843645515e-05,-0.0063058138673678975,-0.010119172008118392
2016-05-25,-0.0013727735445587278,-0.00472726933912354,0.0002076158932909963,0.0005108556943794842,6.922091858932694e-05,-0.015398802827534181,-0.00310952192394037
2016-05-26,0.0017319982761457003,0.004961375222939203,-0.0001715056849312073,-0.0001178666144179769,6.921612738514373e-05,0.005403123792734637,0.02178698386836987
2016-05-27,-0.0005225513688911336,-0.0002842785614583915,-0.00011736294504190799,3.9290415108398486e-05,0.00019773396936292534,-0.007029770162251539,0.002623489064143879
2016-05-30,0.0014363597285544842,-0.004609886714383355,1.8056734259595475e-05,0.0004124561823784642,7.908264140148889e-05,-0.010677367435743677,0.0033793889630676856
2016-05-31,0.033142279104964305,0.04080788080605976,0.00022568167244649574,-0.00031423689792522307,5.9307877091866326e-05,0.006248799868501772,-0.002834566854959573
2016-06-01,-0.002907530017442848,0.004554423483139335,-1.8052659608482505e-05,-0.00023574249171119815,6.918807793352774e-05,0.005435851086471207,-0.0010060573882041002
2016-06-02,0.002118276452455525,0.0064819413430259095,-0.0003791811538231964,-8.841776416887564e-05,6.918329127434783e-05,-0.0012398777209290425,0.0014354194779394771
2016-06-03,0.007206387885620599,0.0037896324193534715,-0.0004064251353118717,0.00018665055631846548,0.0002075211604915996,-0.002251204180055246,0.008932772201687979
2016-06-06,-0.0023858867348594977,0.002793209243446654,0.0009209932930919799,0.0005891941958064724,6.916415126008745e-05,0.01954735370437037,0.01431061125334353
2016-06-07,-0.00037723986615247464,-0.0007927322724213389,0.0,2.9450599076499712e-05,6.915936791080506e-05,0.001561102226533179,0.00997494199086377
2016-06-08,-0.003306933394904344,-0.002588679552229631,-0.0010655398237752816,0.0001472399867199161,0.00033584891066020943,0.008335275961973334,-0.0032461961817430453
2016-06-13,-0.031078300521825378,-0.04629665473385769,0.000560001459799717,0.0005298845172015434,6.913136443386096e-05,0.02478095246336667,0.01303236110701523
2016-06-14,0.003184095223777618,0.0019135577202267651,0.001497816716303345,0.0004707728607933729,6.912658561848117e-05,-0.0009205899790324407,-0.005571717404017619
2016-06-15,0.013116315719369128,0.03280322896058893,0.0002614367315466716,0.00048035213675506124,5.924755605569323e-05,0.004704507353672887,-0.010686830495509649
2016-06-16,-0.006101692073761752,-0.0037392258895146174,0.0012611478115102956,0.0003037771279185155,6.911771242881059e-05,0.017699577099401075,0.006897664983135587
2016-06-17,0.0056213308328787745,0.005812331709491923,-9.00256122872473e-06,0.0008030948965010161,0.00019745285877164636,-0.018029640364522606,-0.002341292428524752
2016-06-20,0.0008004739232797077,0.0038135571542632675,0.0015562385354755289,0.00047959049764067146,6.909929077276544e-05,-0.0025708843306559113,0.013555874003487444
2016-06-21,-0.002082566473656524,-0.011371343852353478,0.0005122191331478573,-5.8713010820082154e-05,6.909451639049068e-05,-0.0013247472038589237,0.003377908910367261
2016-06-22,0.008844952690361717,0.015297862440399327,0.0013377207774902232,0.0005771949464922171,6.908974266828612e-05,-0.011406263722523353,0.0022821162821158075
2016-06-23,-0.004428662870484951,-0.004854533502884874,-0.0002691959134370359,-0.014550618997971124,5.921598043651628e-05,0.0012655402567499222,0.008899165846747463
2016-06-24,-0.01140043497599729,-0.012661863510068457,0.0009508347430154406,0.000615067180756307,0.0002072283219454953,0.04552023631505008,-0.004162244324310955
2016-06-27,0.01388799844779895,0.023741603713556915,0.001791569356068436,0.0010903180843834053,6.906656539656346e-05,0.004963669116941846,0.035101910178101756
2016-06-28,0.005305220759868226,0.010582442621042352,-0.0009849659192249117,0.000584317528819062,6.90617955353145e-05,-0.004146515961848689,0.012159967293845532
2016-06-29,0.0047412928216364865,0.0023469414493400217,-0.000286717799971415,-0.0001584252533166143,6.90570263332477e-05,0.004676879273140339,-0.0017970816455001725
2016-06-30,0.0011345730810515952,0.0006561577513616186,0.0008509533429712249,0.0008215585327604106,5.918794146071447e-05,-0.005316333627232894,0.016943273592927896
2016-07-01,0.0005668041843341833,-0.0017976479107257933,0.0018963625945515534,0.0008604277944609481,0.00020713021166815298,0.01548013070018221,0.001850534997784833
2016-07-04,0.015865417106197103,0.019644623118711502,-0.0007330723209086863,0.0012843186480009712,6.90338710032541e-05,0.013830229478843239,0.031081296454945923
2016-07-05,0.0015480358520408735,0.005919575536831563,-0.0008231115870329306,0.0003751048856972255,6.902910565659253e-05,-0.004115160990204423,-0.011804544477213005
2016-07-06,0.003273931948025421,0.004397818834367332,0.0011271336220303359,0.0004933447889383785,6.902434096822506e-05,0.01762054210448791,-0.016725102924780168
2016-07-07,-0.00021587282090818297,0.003834180387277906,0.0007953850216680752,0.001202740816354866,6.901957693748562e-05,0.0014629584985700603,-0.008599481560799836
2016-07-08,-0.003800817269707469,-0.002650532793927029,0.0001965145471751664,0.00048266114677597246,0.00019717254633351623,-0.008947230400574121,-0.010948894437365604
2016-07-11,0.003708286078919186,0.001999909761617283,-0.0002322486142516993,0.0008563961995429241,7.885813425735691e-05,0.004688497834096289,0.010481438696911123
2016-07-12,0.021301424912762358,0.012768338775591125,-0.0006702502965430486,0.0002557922194083603,7.885191614229746e-05,-0.0020848649826727453,0.022515039716986034
2016-07-13,0.004849626204339726,0.00809648715191958,-0.0008138407020737825,7.869213672886517e-05,6.89903265981042e-05,-0.010248034940927703,0.006561464141424983
2016-07-14,-0.0018045660405514785,0.0014812184246266744,0.0007065589532783977,0.0003442053071103711,6.898556726112387e-05,-0.006972053424754066,0.004594667584434186
2016-07-15,0.0005116244186539298,-0.002014994607159608,0.00021455198945185443,0.00041289003948667913,0.00022663336238610011,-0.0012887272991014642,-0.002716187420817117
2016-07-18,-0.0043118461473805455,-0.004950983581714803,0.00023237938720658692,0.0007663437918035025,7.881695750923318e-05,-0.002617391433007351,-0.026597434706137707
2016-07-19,-0.0037540536352756626,0.0025157245972473705,0.0005717808448387448,0.0006087264061038324,6.895974231497704e-05,0.002547683162092816,-0.0001955425613926095
2016-07-20,-0.003189892273930913,-0.002128277866325353,0.0016598847246543068,0.0006966350846151715,6.895498719685182e-05,-0.004086414012994645,-0.0014817785914959573
2016-07-21,0.004553880179201455,0.003851391780489098,0.0010694330351118306,0.0011077292195887834,6.895023273435648e-05,-0.0088586370437058,0.01684053689299401
2016-07-22,-0.008242515147850701,-0.007837334312859141,0.00010688042762350786,0.00013715539728002295,0.000206822177983947,0.005844263923498414,-0.015675432111494834
2016-07-25,0.0019527084770823025,0.002673978125027499,-0.00042759026814661043,4.89795118800426e-05,0.00010831835760588254,-0.006126779728605312,0.0039141176510456895
2016-07-26,0.011847725889446771,0.013175343051385596,0.0004721204083793663,0.00029382670312578114,7.876961859889396e-05,0.0024693112589507116,-0.0008818956685660986
2016-07-27,-0.015420412407908413,-0.041853150242468794,8.014925576793638e-05,0.00035247812063297787,6.891832688718956e-05,-0.0011986182073822713,0.007780196606169183
2016-07-28,0.0008867281842007196,0.0019785130801301155,0.0003383371651129874,0.0005089158245640941,5.906907145131516e-05,0.014254684938590553,0.009821126793790788
2016-07-29,-0.004595033204540994,-0.006517785513549468,0.00031152509586569385,0.0005282155242103974,0.00019687170918715303,-0.0065592308294778285,-0.0151988251315303
2016-08-01,-0.008448496231343014,-0.015338891982381732,5.339455910721959e-05,0.000625672129121275,6.889594254831254e-05,0.008157618883043694,0.023015838677050045
2016-08-02,0.0037397085818368613,0.009600771977706828,0.0,0.0004689973314035564,6.889119622446485e-05,0.006644082853514965,-0.00027166038996387956
2016-08-03,0.0013564340201722982,0.004827787670529635,0.00043594888522571784,0.0004883051027247316,7.872698469864893e-05,0.006188989635315799,-0.0010420490343488592
2016-08-04,0.0023078708605022116,0.006416344398616407,0.0003379520140309327,0.0004197517669240334,6.888102773213571e-05,-0.009817001838263445,-0.00815632537042392
2016-08-05,0.001535626837396374,-0.005336380703852182,0.0013062662641463148,0.0004390865119748765,0.00018693887645144115,0.01057081376362778,0.015328959306161745
2016-08-08,0.008799592361068698,0.014284098129978919,0.0005504310368998165,0.0009458201794245602,7.87006522722084e-05,-0.019716317827360944,0.006424197089920711
2016-08-09,0.006911841261609643,0.008129818369970615,0.001117685266220454,0.00041899509998959264,6.885799025922077e-05,0.008937790983986019,-0.003305640061929681
2016-08-10,-0.004117100841759138,-0.0035647430655550965,0.001231554527900377,0.0006622387807520404,5.901736095755898e-05,0.002040640569789822,7.178300002171345e-05
2016-08-11,-0.0026426514779443345,-0.014479532361594027,0.0002921607967555375,-0.0001265705705640412,6.884918588537598e-05,-0.006064930476147109,-0.005650698426473556
2016-08-12,0.018592432872912276,0.011357513548816535,-0.0007970033099023779,0.0005256497736141906,0.00019668584417047974,-0.0036218044117949945,0.0050493566083658434
2016-08-15,0.02909927438744759,0.022735925880793425,0.0016287513559063772,0.0006615365399685902,7.866350705642096e-05,0.0019170114443262656,-0.0016982738301914854
2016-08-16,-0.004475840878077877,0.004101673811480363,-0.000929125494349165,3.890028883950898e-05,5.899356971800255e-05,0.002156597587036701,0.011152116367665546
2016-08-17,-0.0015158584992202163,0.002951073380558548,-0.00107177823566545,0.00029170394201635536,6.882143298759157e-05,-0.004108497823341949,-0.0048676646674556115
2016-08-18,-0.002482804213868898,0.00017678776674706317,-0.00032796330650508365,-0.00038895750157313426,6.881669692403142e-05,0.007196151406493581,0.003140840614692068
2016-08-19,0.000584744044963281,0.0015749773264878144,-0.000984535773380534,4.8627962060320264e-05,0.0001965930432054014,-0.0023235258671825123,0.001628991053614856
2016-08-22,-0.008335582882922606,-0.012193287990037036,0.0011263709434216024,6.807517446890623e-05,6.879843535424652e-05,-0.006443882344010107,-0.009364987528781865
2016-08-23,0.0015608667450147573,0.001026762885678083,-0.001037634287138043,-0.0001167031365292158,6.87937024551615e-05,0.0016410331714719882,0.0074330498716436546
2016-08-24,-0.0033013058338865774,0.0011148521746020474,-0.0006302008418934442,-0.00023344713987376035,6.878897020704409e-05,-0.00041873125044786306,-0.003231193621151135
2016-08-25,-0.00621947806702042,-0.008234550893661156,0.0006035806717888898,-1.945638850568173e-05,5.8958208473704845e-05,-0.006407472771804048,-0.011681524889705502
2016-08-26,-0.0005051780860152519,0.0044091452686010855,0.00045244654583689615,4.8640261499566435e-05,0.00021615036289341995,0.0,-0.00731732724757417
2016-08-29,0.0001188883936605722,0.002621311560255629,-0.0006920599706597406,0.0003404156021025878,6.876531872986114e-05,-0.00489446213797556,-0.007527325397250111
2016-08-30,0.0012771583481562582,-0.00017850767630408243,-0.0010478737116695477,-0.000525261183603531,5.893793836798566e-05,0.0017281211869182125,-0.0035776897247650503
2016-08-31,0.004678855999304792,0.0013380315095589631,0.0002931600452739932,0.0002821190074504937,7.85785147099414e-05,-0.0028229666935177273,-0.010279771946666634
2016-09-01,-0.0078003746989385135,-0.008040199342557766,0.00022203374115947443,-2.9181034275219047e-05,5.89298342277425e-05,-0.006025395701640785,0.006032500892636611
2016-09-02,0.004041249965606931,-0.003931695691716848,0.00034627422600783683,1.945411746457171e-05,0.00019640770374139066,0.0034424663576302374,0.004947260951179816
2016-09-05,0.0021920738678828963,0.005473139116929233,-0.0003640351112108664,0.00027231791339340925,6.873358374702472e-05,0.01008151229658359,0.007768222529262107
2016-09-06,0.006988395905563865,0.01585933709685219,0.0005415651364426646,-2.9173372492508043e-05,6.872885976610748e-05,0.0033963023490547794,0.006374784811138215
2016-09-07,-0.0005878549343353584,0.00023547072177564294,-0.0001242677083082431,3.88976408629811e-05,5.890669181728494e-05,0.010673721500597099,-0.009064360217350418
2016-09-08,-0.00047053288716624874,0.003540086690735928,0.00042599643872203753,0.00024307598188701894,6.872008838157827e-05,-0.0005880826944544768,0.002698711288761204
2016-09-09,-0.00640356301048396,-0.006797442566242554,0.0005411087538833331,0.00044710548546216525,0.00019631709199644846,-0.005204008413861445,-0.0027903207759039476
2016-09-12,-0.016657101545830572,-0.028147256128391685,-0.00068308740408223,0.0003011975052526995,6.870187804196961e-05,-0.004567093545191481,-0.0192488843101742
2016-09-13,-0.0006925729360376951,0.0043787617027589605,0.0006387452422173314,0.0,6.869715841822862e-05,-0.0008389848775708552,0.00052287094682429
2016-09-14,-0.006588316012574838,-0.006446008745275999,0.0004433331632613295,0.0003399527012843178,0.00031398406788826473,-0.004205515415418374,-0.00251414924780746
2016-09-19,0.007491576845372236,0.01030882344088043,0.0003456634778914103,0.00037866835416187536,7.848061532823224e-05,-0.004046950080197051,0.01246179988275594
2016-09-20,-0.0018073382834013082,-0.00034644032911893517,0.00038097769969302705,-2.9123244719843557e-05,5.885641978107958e-05,-0.001023126268931736,0.009318737431865879
2016-09-21,0.0028901754222332024,0.0004819712717934233,-0.0002303412604535719,-0.014846238453430735,6.86614451542464e-05,0.003136621719081853,0.003263510573055004
2016-09-22,0.00733832835002816,0.006603655995329839,0.0003809203258193238,0.00043344202899000807,6.865673108371295e-05,0.008584044441145557,0.0043711935551687345
2016-09-23,-0.004786272561108125,-0.0022463506263740813,0.00041618886719962456,1.969744721147414e-05,0.00019613611909515325,-0.0001744500466716927,0.004831562249182765
2016-09-26,-0.01653829776366004,-0.02001914248802523,0.0005133561210967306,0.0005021538567054806,7.8443677479885e-05,0.001115954780155035,0.0004972403264900464
2016-09-27,0.006321056724184514,0.006829086629856115,-0.00015928921645687156,-9.843730773953895e-06,6.863317043828027e-05,0.001288772187645463,-0.004120990702171182
2016-09-28,-0.0029732129545003596,-0.0006382493948144458,-0.00014161171860629907,6.890408062534335e-05,6.862846024935296e-05,-0.009021355633835512,0.0006895238022803032
2016-09-29,0.004123717183862156,0.003081105259783018,9.736021072901233e-05,0.00011811023635787006,6.8623750707175e-05,-0.0013004588585667281,0.0037296924600314168
2016-09-30,0.0028403101131386954,0.004566217979581184,0.0003097194409101762,0.0,0.0006565891898670833,0.0014409477601744732,-0.003240056413036608
2016-10-10,0.012056649660859403,0.018488737990941473,0.0025978630851625677,0.0015538184765596771,4.898191099023499e-05,-0.041628610867153866,0.008323300799849255
2016-10-11,0.0037492233045214617,0.005803109792035274,2.647405322315012e-05,0.0002947562878119063,6.857064493378696e-05,0.00010983177444263491,0.013110959539734771
2016-10-12,-0.0019026107172329587,-0.0005743783249096565,-0.00021181205289754794,0.00012770074820521893,6.856594332289228e-05,-0.0025658897549736713,0.0008071061250477142
2016-10-13,0.0007733722387903593,0.0003976816684342055,-0.00012357775263114622,0.0005597262397509318,5.876706695263051e-05,0.002053238236916882,-0.005743718611704642
2016-10-14,0.0008619024800583826,-0.0023294225311831208,0.0023629833947803485,0.00029446696784192396,0.00020565754174628256,-0.0014661684321347216,0.009071685429675437
2016-10-17,-0.008532780454185391,-0.008687198845487768,0.0002905786497973421,0.0003630565475913722,7.833460631073632e-05,0.0009532539676932903,0.008823728970224178
2016-10-18,0.013038227207637573,0.014794065587357285,0.0001936722016018723,0.00020600050101544657,7.832847048103538e-05,0.00697503147377575,0.006425668820804144
2016-10-19,-0.0015390537859030608,-0.0021441902151073102,0.0008974449817516237,7.846522033139237e-05,6.853237912818548e-05,-0.0013109502624002029,-0.004308321537391361
2016-10-20,0.0007402253583882496,0.0005144373271582406,0.001010860240168404,0.00036282157911608445,6.85276827632213e-05,0.005052259724425757,0.006785474340586449
2016-10-21,0.002778354283317147,-0.003577136661446529,0.001650339220741895,0.0002842816760394944,0.00019576750713435267,-0.0016691465829623679,-0.0015898876092881736
2016-10-24,0.01173722394572542,0.00999267307910537,-0.00010525946467739218,0.0003625869145849667,6.850957423990226e-05,0.0048906939006781065,0.011712620446210709
2016-10-25,2.917110310729123e-05,0.0035270834676106476,0.00013157259975745338,-0.0001273804218014313,6.850488099967268e-05,0.0015166838094450967,0.01750567517848582
2016-10-26,-0.0038286788158873905,-0.005002818132461749,-0.0021072417866714118,-0.0006861736288440961,6.850018840219617e-05,0.005254456773669757,0.0012068275828074982
2016-10-27,-0.002726994520587653,-0.0020052259670181372,7.031298068418977e-05,-0.0005492781054610239,7.828018438987024e-05,-0.003920233760533114,-0.001130830436886174
2016-10-28,-0.00164565554786158,-0.00936195841974369,4.394310247797235e-05,0.00013734781393308885,0.00019567365610181168,-0.00046857823410395853,0.01597407138126597
2016-10-31,-0.0012065745052032865,-0.0006361370424077872,-6.152088416241854e-05,-7.848215516027521e-05,7.825874300881315e-05,0.004998841617932838,0.008868870853467669
2016-11-01,0.0067498422080634,0.008605245686714297,-0.0008265044609346609,-9.811135646830367e-05,5.869003836109899e-05,0.004224097922181832,-0.0014424486207550542
2016-11-02,-0.007633624855071207,-0.008102220125368348,0.00040454498036499037,0.00015697355027912812,6.846735821383901e-05,0.008749211126587083,-0.010580880829631888
2016-11-03,0.009386985912095615,0.0044275287062059505,-3.517132833663867e-05,0.0002256063179337917,6.846267075550102e-05,0.004099235367729824,0.010820059047409875
2016-11-04,-0.0032461389250054208,-0.0033040327420069096,-0.0003605774555036274,0.00012749410357035853,0.00020535989393454833,-0.002789894628271374,-0.0009653107688683212
2016-11-07,0.0006442167133488104,0.0008860797460744488,-0.0007215451938723618,0.00021572222905106444,7.82212488421577e-05,-0.005496565195875757,0.026562019022147353
2016-11-08,0.004323067927459096,0.005300053629301298,-0.0005811342847860919,-0.00023533564855332686,6.843857396220116e-05,-0.0024209638711443025,0.005610922324801377
2016-11-09,-0.005318850577689947,-0.007635087572842286,-0.00022021484248929392,7.845136999720945e-05,6.843389044452825e-05,0.02697306379823138,0.02839244051804533
2016-11-10,0.01101538122621846,0.012848772093125713,-0.0001585847198136263,-0.00035307964274220534,5.865389316895e-05,-0.02018783731848569,0.021110383204752066
2016-11-11,0.007679464959286143,0.007247990512637403,-0.0015078104779341647,-0.0007065335014142933,0.00020526153812966524,-0.014730012927584558,0.02718759760349379
2016-11-14,0.0037031231765303693,0.004629771862526731,-0.0020316412927566673,-0.000500763429205785,6.841115104423934e-05,-0.02355787292006474,-0.034961774385985515
2016-11-15,-0.00011461974910834263,0.0038466295818900187,-0.0008934614260775678,-0.0008646524734225275,6.840647127895715e-05,0.0062342055297831605,-0.020040316346350995
2016-11-16,-0.00011463288830118093,0.0006899625106610849,-0.0006994028801261113,-0.0003146045348663962,6.840179215376389e-05,-0.0015366044072745802,0.014027087618622815
2016-11-17,0.0020327828916725287,-0.0010782757260997665,-0.0012672531992586038,-0.000816467103861234,6.839711366843751e-05,0.0006954230465281721,-0.004320729573378329
2016-11-18,-0.005535413442874478,-0.005119674294392729,-5.3206583440497404e-05,-0.00048232382581157033,0.00020516327649332304,-0.010112796942388478,-0.010935114221338173
2016-11-21,0.006793095472309946,0.0012859879675674421,-0.0001330288452841023,-0.00012800252083970112,6.837840612602309e-05,0.007731712607713408,0.01591891755126785
2016-11-22,0.007853220044929199,0.0073947595596295665,8.868786312421227e-05,0.0,6.83737308393652e-05,-0.0013946491782329822,0.028216479252470436
2016-11-23,0.0020951310042196243,-0.004568513986952417,0.00015075131825103676,-9.847462809172532e-05,7.813568265262556e-05,0.002164542714327675,0.0007115971911294933
2016-11-24,0.004008134529302746,-0.0013977048219572785,-0.0003813561247224764,9.84789919705039e-06,7.81295779445969e-05,-0.00957403196261996,0.007422776019735349
2016-11-25,0.009253094283867943,0.0043021339582652,-0.00039924941641054094,-0.00020682625191300672,0.00019529724302377676,-0.0038925701155113302,0.010800286834250798
2016-11-28,0.003927636353132949,0.002738529645177719,0.00020408072794564564,-4.925065134975017e-05,6.834502524095613e-05,0.0045953238292666685,0.022335924413481263
2016-11-29,0.008085103296084433,-0.0076176061127033535,-0.0022649663942553686,-0.0008080569627099448,7.810288105977045e-05,-0.007012625439615026,-0.030241745815917678
2016-11-30,-0.007306979646329501,-0.00532354751541025,-0.0008273248967365146,-0.0027641507475937048,3.904915312637482e-05,-0.002908496345207505,-0.01995545329148216
2016-12-01,0.007692984228033868,0.005857230880762565,-0.0021560372918104434,-0.002712335854083008,6.833234904874601e-05,-0.00888961425128813,0.019792398534369073
2016-12-02,-0.010279804023040455,-0.015622933492087432,-0.00042819676295221393,-0.0016567546287329868,0.0001952095580797338,-0.0007538067596501797,-0.007648903726857012
2016-12-05,-0.017163583741239517,-0.005124940547499215,-0.0003301935231752654,-0.0004767012365327816,7.807315458549509e-05,-0.0012450247783569886,0.01973891826628189
2016-12-06,-0.0028941937746226956,0.0007799795834756529,-0.0036483010608972556,-0.00269564731904703,6.830901047306687e-05,-0.001170982436861922,0.00155129549623272
2016-12-07,0.004762453723024011,0.009676904558533147,0.0005463037315866322,-0.0003187854302208998,6.83043446707381e-05,0.0028683594545366904,0.026473311987906197
2016-12-08,-0.0015849658021965948,-0.004687679716891214,0.0009038800334382648,0.0006872544456480016,6.829967950583409e-05,0.011391864184041032,-0.009149142295265688
2016-12-09,0.00660627455563683,-0.0024181327686327914,0.0008047498556561938,0.00016925106444554423,0.00020487105390013977,-0.007480025899927204,-0.002453494580786855
2016-12-12,-0.02458358032198782,-0.04149351351773527,-0.002102655040160755,-0.0003883243851786706,7.803507680674145e-05,-0.005571464494860578,0.009828000869847463
2016-12-13,-0.0012986077865645702,0.004486570726977283,-0.0008423015041131857,-0.0025128146760164775,6.827569729200852e-05,0.0012826802226429722,0.00957692405292449
2016-12-14,-0.007739954283101847,-0.005894676751239214,-0.0009237627394001719,-0.0025491728996923854,4.876550134349292e-05,0.002221930226653942,-0.012062426575236339
2016-12-15,-0.011414312640573961,0.006260040292022719,-0.005199723842099208,-0.00576202682357979,5.851546272780112e-05,-0.011045238438353021,0.00238563021610601
2016-12-16,0.0015000664606776568,0.0062059694358744125,0.0005139788840782372,-0.0017028312417718201,0.00016577521893471623,-0.0033909315634430997,-0.012693295461533248
2016-12-19,-0.0051567011269137205,0.00021174904792061318,-0.003069758094193735,-0.001786552883249557,6.825239739187137e-05,0.002477654739052815,-0.01752205876397412
2016-12-20,-0.006074722724227854,-0.0031657819331377952,-0.0017195663690705426,-0.018310787165444427,2.924960147626352e-05,-0.0026303264950745743,-0.01336837158693673
2016-12-21,0.008818451488882955,0.007421492810991982,0.00193656456160374,0.0006994230045575131,5.849663646006469e-05,-0.004169302423022485,0.004557611764221544
2016-12-22,-0.0008252771041379828,-0.0009642475849938109,0.002356819837122534,0.00211585945822488,7.799019277293339e-05,-0.0037249711856355127,-0.0254306061756058
2016-12-23,-0.008439118530199439,-0.009252664991735375,0.002738123755299444,0.002592493472161789,0.00020469532147726887,0.00026927737655730596,0.00018260115393810072
2016-12-26,0.004450517671159537,0.002021384804456905,0.002147417859894591,0.0014419170788372002,2.9238768660007762e-05,0.0051025412351473655,-0.01634483256167097
2016-12-27,-0.001837146421656033,-0.0008050246119139913,1.795058204813752e-05,0.0012663529710376376,2.9237913779523675e-05,0.00103268258015625,0.01412854154134206
2016-12-28,-0.004399139157620855,-0.0028912749350722177,4.4875045443576616e-05,0.00018369221400775664,5.847326311714805e-05,0.0009552376402191239,0.003706287038858286
2016-12-29,-0.0012519376858744905,-0.002624593321558498,0.0027783272635296544,0.0010504791864576694,-0.024994517554493365,0.004116173202450393,0.004116339622003634
2016-12-30,0.0038105491019319823,0.0016335507399680349,0.00032214477106535703,0.0011002894463478386,0.0002897233162615442,0.0034551529389820128,-0.013151120651225388
2017-01-03,0.009581053272138708,0.008899341931588424,-0.001199620562477263,0.0015871727245292113,1.9977824615350008e-05,-0.0009100906926750134,-0.009217719730802222
2017-01-04,0.007739477523026489,0.011649274586080761,-0.0016585610185224948,0.0008942181268562186,5.993107927679402e-05,0.004617722058568719,0.005015984464665915
2017-01-05,-0.00017523364530822106,0.0006573247121855583,0.00019737845588506766,0.00024373895678532576,7.990251896952693e-05,-0.0005288207420962812,0.0012308545991648893
2017-01-06,-0.006005672154652083,-0.004325350413701404,-0.00046659369509361137,6.092545772126226e-05,0.0001897428989417775,0.0021136071276678724,-0.0077023194356642495
2017-01-09,0.004778176092178136,0.0067119863914322795,0.0006011475818856318,0.000527865203608369,7.988097738633879e-05,0.0022596326414981056,0.02424787971430545
2017-01-10,-0.001668301207918186,-0.0032830950247678295,0.0010578596364206716,0.0007405716942998966,6.989062120612531e-05,0.008316523546225873,0.015956289009136516
2017-01-11,-0.007084618446922384,-0.00964275484113411,-0.0014795223394253358,0.0007906901717596412,6.98857368488505e-05,0.003686537158467353,0.007362979035697165
2017-01-12,-0.0050871128013992885,-0.009355711574163319,0.00010767546624908212,0.0004356261181155212,7.986343357104506e-05,0.0008916630104818639,0.005929446121650469
2017-01-13,0.0006817542095607905,-0.012447466608528392,0.0005740734254032044,0.0004050632966777066,0.0002195915605814777,-0.0020073609952322305,0.004287024230482752
2017-01-16,-0.0002370791855580099,-0.02714320574070613,-0.00013451889338139182,0.00040489928683551044,8.981901474569697e-05,0.0063428688701723,0.03074706156887773
2017-01-17,0.0020429621163522713,0.008710938952746874,-0.000996002612722847,-0.0012354557060618478,6.985365661768634e-05,0.006192654977526532,-0.018479020063289515
2017-01-18,0.003896683897433472,-0.0019502074343905654,0.0008255860334678909,-0.0013891778201273665,3.9914184508689093e-05,-0.004197973465100535,0.002114219085983696
2017-01-19,-0.003009739657642762,-0.004022499843606053,-0.00020633261788179682,-0.0008425583817822217,6.984598962130068e-05,-0.011132253448004531,-0.0018686537065789072
2017-01-20,0.007595420405753709,0.012940285471734304,0.0005830041020264179,0.0005685510224629165,0.00027933518408246403,0.0037617132199816144,-0.017476505369825982
2017-01-23,-0.013582752299860893,0.00798798286013134,0.0006543534907493821,0.0008725030228747874,3.989865741543892e-05,0.00456206862851653,0.005650043060767418
2017-01-24,8.918352488926404e-05,-0.0010841116767473364,-0.0007171222193894585,0.00010140445174238103,8.976615921578858e-05,-0.0015554406513548734,0.014624534331560851
2017-01-25,0.003383093709545312,0.002398954897118952,-0.0017052291831081133,-0.000963757714912677,7.978537737733652e-05,-0.006656402986918355,0.0004535882144835803
2017-01-26,0.0035783503855724426,0.007039733312687334,-0.0001527149578285465,7.104543358453348e-05,0.0006978506484109759,-0.006813698631071146,0.012525244307751052
2017-02-03,-0.007050627620006987,-0.0028284213525094047,-0.0008987956743838951,-0.0006903693750206432,0.00025907768489595763,0.011392410075486725,-0.02728188687411461
2017-02-06,0.002494137104576487,0.008217124267062335,-0.0009626068494625872,-0.0015347325107997894,3.985214853432899e-05,0.009168610200306864,-0.00023379337156172986
2017-02-07,-0.0022266103874660458,-0.0005497862081063091,-0.0006032259263944207,-0.0020771611463906462,8.966152779285778e-05,0.00868407707193537,0.009475848764756732
2017-02-08,0.005187733039111265,0.005788110962397452,5.403506877277776e-05,-0.0008157522197263324,6.973118630509722e-05,0.000692937535704853,0.008813105831833477
2017-02-09,0.00380694266862519,0.006268094225041999,0.001304960383901034,0.0007036257409409917,4.980501338307583e-05,0.007120311987517751,-0.005294405058569077
2017-02-10,0.004994868618773217,0.0009202477775240435,0.0003686801741286586,0.000468808928185676,0.0002489878656177548,-0.012640643333233581,0.017587333222063063
2017-02-13,0.0066309559863066,0.005143796686184454,0.0007549204995895627,0.0005907938199606526,4.9790134593081224e-05,0.00657704797072977,0.02595931378435828
2017-02-14,-0.00023294412358190565,0.000749805085815678,-0.00033245427936741005,0.0002443643484578391,6.970202387609503e-05,-0.002114551081388505,0.00020023130234511952
2017-02-15,-0.004085330611215676,-0.010094399753431588,7.189137216753559e-05,-1.0180655736145297e-05,7.965350728548462e-05,-0.0024116648514159182,-0.01752268193693612
2017-02-16,0.005569420569187481,0.007437558328984434,8.985694779968672e-05,2.0361207827609394e-05,8.960261247384185e-05,0.005581817086426319,-0.009927497015879241
2017-02-17,-0.005686389894115477,-0.00814951236985795,0.0010417509541063314,0.0006106435354675927,0.0002488540284889282,0.0029787874394561382,0.0029263509190231287
2017-02-20,0.01442967827214975,0.012259374309844029,0.0012917001105288459,0.0006306068273825108,4.976337516128492e-05,-0.0009072270322685835,0.007668381694397361
2017-02-21,0.0032519417984205956,0.0077238883956451815,0.00017030812366092317,0.00032531896794820087,0.00010947070923088563,0.0001815112632723216,7.020943477256988e-05
2017-02-22,0.0019518362062083904,0.006115774165380554,-0.00018823698195170413,6.098552612075509e-05,7.960753489524737e-05,0.00018147832291237766,-0.008757944777386692
2017-02-23,-0.004742682895594979,-4.4289921835570845e-05,0.00030474688318441563,0.00025406633300450765,8.955090228521027e-05,0.002175174871553435,-0.013749057774962947
2017-02-24,0.00017285586744668403,0.00047232473202825473,-0.0004212922979267804,0.0006094959657199651,0.0002785515338345088,0.012308955120921844,0.0023954168647899294
2017-02-27,-0.007982457934695833,-0.008134402512993926,0.0008424071833931829,0.00039597326174927263,7.957190320283749e-05,0.0034637325065369276,0.007358248386882771
2017-02-28,0.001856687507558404,0.004142145136826548,-0.00023293525401200704,-0.00014212620831201907,8.951082341009671e-05,0.004374973632430882,-0.01137058504902276
2017-03-01,0.001621778519377414,0.0026928271705847144,-0.00048396204531294193,-4.061119854367413e-05,9.944707434911647e-05,-0.013686361324990227,0.012344291500177277
2017-03-02,-0.006735987376483355,-0.005036450771736655,-0.00046625899738234446,-0.0003249489757158914,8.949391198761412e-05,0.001258517632534753,0.0017389395433914134
2017-03-03,-0.0020997383042696137,0.002847230324576931,0.0001703890704017529,-0.00031489504605235934,0.00026843369103401446,-0.007647393160377473,-0.0027482006651888317
2017-03-06,0.005415333349352989,0.009872621262665872,-2.6901607372616725e-05,-2.031921486631601e-05,9.940160243573807e-05,0.001121908085032679,-0.006198683818299405
2017-03-07,0.0022043050865309835,0.0008500784635964284,-0.00023317758372250143,-0.0006097685101231176,8.945299499567424e-05,-0.004204580481064472,-0.002521834537291629
2017-03-08,-0.0015366998776358675,-0.00396342429790789,-0.0011936442114219732,-0.00028468593233729956,9.938283269135316e-05,-0.005755516398016604,-0.020165377347294847
2017-03-09,-0.006287315137403506,-0.008879098038541495,-0.0006647502939724038,-0.0004983954820379688,8.943610541545234e-05,-0.005752090453463229,-0.008726167914073848
2017-03-10,0.00026276221630540993,0.0013939557970911896,-0.0016818138770065753,-0.0006309790561471873,0.00026826033335727476,-0.006672712819537759,-0.0066079698774151605
2017-03-13,0.008690525696030663,0.009307332312141708,0.0012503880980177186,-0.00033600611236326834,8.940412158961095e-05,0.009131474769448521,0.01962874838294676
2017-03-14,-0.00043418482482495123,-0.002219397852359597,0.00043142577898871705,-0.00020369502850863745,8.939612920708978e-05,-0.005844852781821099,-0.005869535192436314
2017-03-15,0.001995691127883164,-0.001104183494963218,5.3915137586446835e-05,0.0005397011408719949,8.938813825345608e-05,0.0007739225358188119,0.011132246143784531
2017-03-16,0.005129989923501218,0.008887122388250804,0.0006018549890851965,0.0007632306395440493,7.944941559203201e-05,0.01597051869473137,0.006107429911781132
2017-03-17,-0.010286432403276091,-0.009063904946165609,-0.0003682563105509319,0.0003661438986410372,0.00026809518532553653,-0.0009430883211966029,-0.0031755452171984755
2017-03-20,0.0010740360108793992,0.002089926435875146,-1.7967191907970163e-05,-0.015215847237253317,8.934909192530451e-05,0.005212115462343544,0.0015168590929549959
2017-03-21,0.0048333740970479796,0.0026282767624040476,-0.0010426498630067493,-0.00045439055649476313,9.926740662110022e-05,-0.004740460124801562,-0.012565169238799336
2017-03-22,-0.004659314742368697,-0.002422464021868992,-0.0005937174079625892,0.000413090854879117,8.933224155423429e-05,0.008847537987927916,-0.0159280798948116
2017-03-23,0.0034170247245981543,0.0018944266949630136,-0.00033299584062916675,0.0003406715391556255,9.924868751754433e-05,3.595247083739845e-05,0.004246227946909772
2017-03-24,0.007918381689661812,0.00551594360981043,0.001214449396531152,0.0007738221523863278,0.00028776550287147313,-0.0012231097287092095,-0.003548401573420217
2017-03-27,-0.0033612511356584697,-0.004709332286718373,0.0010154064070256306,0.00116476246347576,9.921028620386205e-05,0.009493685505911963,-0.02066458783077551
2017-03-28,-0.00236250073870261,-0.0026128455231792173,0.0003591889552095962,0.0008134979313129684,9.920044449936781e-05,-0.001070243760963043,0.001158463537636677
2017-03-29,-0.0011544679185711885,-0.0028112852539290936,4.488954927154813e-05,0.0002984598465020293,9.919060474724331e-05,-0.001750531858343118,0.019357691373413526
2017-03-30,-0.00820615568768243,-0.016151551311751385,8.977668050906024e-06,-6.174300505170432e-05,8.926313289767011e-05,-0.0005007153180436756,-0.00899147176628881
2017-03-31,0.00589321375219436,0.003976623918514057,0.0001436317284955824,0.00031896449989774026,0.0004461961849889515,-0.006424197089920822,-0.0020691678984719347
2017-04-05,0.013740981432433562,0.02135953375811005,0.00014361110138508466,0.0008843370105781644,0.0001288640634606221,0.01010218156068846,0.014439446812270397
2017-04-06,0.0029078904089435854,0.0028875621638797663,-0.000511708714253458,-9.251026613573503e-05,9.911490398922976e-05,-0.0014981276210219922,-0.0003033295995261153
2017-04-07,0.0010242987295157426,0.0029228094299379908,0.0007001669914950733,0.0002980580001820461,0.0003071937871918228,0.009662597381452974,-0.021359193065817395
2017-04-10,-0.0035611051407665947,-0.001889398134919059,-0.0003949057213923287,0.000606119773437544,0.00010898156736172288,-0.0054237180759307245,-0.0062406129201750295
2017-04-11,0.003475786975055412,0.009368258659784034,-0.00043996498947598004,9.242666207684902e-05,8.915790365960788e-05,0.0015627777998581344,-0.005476414821885335
2017-04-12,-0.0023063463192386086,-0.007798353985227873,-0.000862533746196922,0.00024642934276737915,9.90550152363885e-05,0.009079569891270746,-0.016160597193578114
2017-04-13,0.0014527640674459397,0.006125172097963013,0.00017076886475721393,-4.1067340176817384e-05,7.923694823031843e-05,0.007986591422373537,0.006507968085915129
2017-04-14,-0.008002100371980785,-0.013297005409544297,-0.0006203000113492199,-0.0003594111856641834,0.0002772798861112302,-0.0003140539151695812,-0.006445787248474697
2017-04-17,-0.0019530695239506721,-0.011106566945749553,-0.0018992503222491034,-0.0008322759115281777,9.900990107088047e-05,0.0010464630507085561,0.0005283810682782311
2017-04-18,-0.004928318931004529,-0.005830487776366947,-0.0010276381454953352,-0.0008535450917464598,8.910053020714397e-05,-0.0026881267387105306,-0.01427064439699915
2017-04-19,-0.0048365936993330985,-0.01063545420030451,-0.00024354273618871713,-0.0006792429789696229,8.90925920100188e-05,-0.0012942721526896048,-0.0016798309923816378
2017-04-20,0.0045187343349763105,-0.00043620502327431537,-6.315039268107562e-05,-0.0008754628925179471,9.898246038887298e-05,-0.0009104917283988279,0.009012715654535068
2017-04-21,0.001444001868194025,-0.007384119261298193,-0.0011915832313439331,-0.0010309385545929472,0.0002869937425373367,-0.0004555569262110809,0.005701843386634496
2017-04-24,-0.01029785595265363,-0.02590130287077437,-0.0014100677541761452,-0.0008151936020193005,9.894426477648824e-05,-0.00625859080273823,-0.004951180656975131
2017-04-25,0.002882475682301249,0.0034315471738786173,0.0008408566382874152,-0.000464648037477623,9.893447577732818e-05,-0.001023379004181192,-0.0033510573869748386
2017-04-26,0.0012203627734920076,0.0025852808281330787,-0.0007504080130449726,0.0003510873417446363,0.00010881661937293354,-0.00438767909608493,-0.0012713262742269213
2017-04-27,0.0004935332727079128,0.0026557159789165415,0.0004069176048010877,0.000350964122682719,9.891392518300209e-05,0.001877735224271732,0.007003569523316871
2017-04-28,-0.002033761124022734,0.0031253152676164013,-9.041182592841489e-05,0.000268301241986729,0.0004054448329188197,0.0030394085953592102,0.009113059566994455
2017-05-02,-0.00393397269845541,0.0005993131129295214,-0.001329997979389101,0.00037137522735140193,8.897808673327288e-05,-0.00886122127590392,0.00980388701652785
2017-05-03,-0.0038908847448362806,-0.0030001637975268377,-0.0014314967925500147,-0.0007841761909114556,9.88552562143702e-05,-0.0020313982644468882,-0.007480718746071556
2017-05-04,-0.0026121553382313562,-0.003395641411200385,-0.0021420086790765393,-0.0005059135202301595,9.88454848187374e-05,-0.014988150107723596,-0.032842760790241864
2017-05-05,-0.006427287884457144,-0.014028270561807176,-0.00039077587683456947,-0.00036152356752689954,0.0003063589265821999,-0.0011957606280303395,-0.013684229867278576
2017-05-08,-0.007153807020287931,-0.01886669237594513,-0.0020563595137429863,-0.0006510719664486523,8.892533735740395e-05,-0.0013060989412503235,0.004351757238413945
2017-05-09,-0.0014309566000043274,0.005926226481939846,-0.0015952237835125357,-0.0008066768455806469,9.879665680155433e-05,-0.0010897204129578296,0.0028746496746432336
2017-05-10,-0.003855873020231172,-0.020929727497598676,-0.00301507766097781,-0.0014805997579626256,9.878689698627348e-05,-0.004772409283837907,0.0015463197873364582
2017-05-11,0.00576336048462597,-0.0023383466859533625,0.0011888433041726087,-0.0007359381729506032,9.877713909916428e-05,0.0013502419714037993,0.005166402005289228
2017-05-12,0.008775106705576519,-0.001382844813034097,-0.0010424478348509065,-0.00036298582161105824,0.00029627288924770654,0.004511887725391899,-0.011841474081673608
2017-05-15,0.0041531112256919306,0.005196082162542817,0.0014993191878270049,0.0001140954565314837,9.873812682045604e-05,0.0028277281023163982,0.011275829410938049
2017-05-16,0.008721155656572417,0.020486738561569996,-0.0005299901436240025,-0.0004668364652934667,8.885597932546217e-05,0.0015193173230768464,0.0035082033188698863
2017-05-17,-0.005463775991779622,0.00228227375394686,-0.0016191224602236716,-0.00023868949205001452,9.871960678141355e-05,0.0032479277920514802,0.00929548087778712
2017-05-18,-0.003345564382438356,-0.008489717127930991,0.001171153170625935,-7.265593783857506e-05,9.87098621823717e-05,0.007930995618950071,-0.006805056615267645
2017-05-19,0.0017328736254942096,-0.00015967299005637136,-0.001171153170626012,-0.0003010594199834845,0.00029607113818774214,-0.001967905889391659,0.015890189827634345
2017-05-22,0.002198479538266551,-0.014524595272355252,-0.0010992031884444415,0.0001349688794961559,9.867090301752676e-05,0.0026111076267709196,0.006504504964013293
2017-05-23,0.003828455030504471,-0.02112235712149286,0.0006413486866042214,-0.00031149413604579366,9.86611680309271e-05,0.004988607837050158,-0.0022721554530210045
2017-05-24,0.0,0.005939631387163944,0.0016107189483783185,-7.269592854079443e-05,8.878672940195443e-05,-0.010325392293872372,-0.01260964058978298
2017-05-25,0.01800912971647958,0.00900685692547435,0.0007678385722503388,0.00026998681382258045,9.864267684763813e-05,0.0044075824314931565,0.00033015493999427354
2017-05-26,-0.0014047563338103785,-0.0018928891784856143,-0.0005209690141272914,-0.0001246002410548093,0.000512785124690073,0.0021073317915585965,-0.004063765673119486
2017-05-31,0.003493903548546782,-0.002338417320022173,0.0033131199617308263,0.0007369923779804483,4.9292407500353273e-05,-0.004792569974392827,-0.035168265273745364
2017-06-01,0.0014284084247932025,-0.01969130591122674,0.00019133263236413383,7.263181380375757e-05,0.00011829186560074979,-3.58519315265666e-05,0.0006537069501212396
2017-06-02,-0.003173834279591867,0.01102598264731487,-0.0009570294538476068,0.000280101875920331,0.0003055225691603307,-0.0029802000477911457,-0.007074524843506058
2017-06-05,-0.004851660944263882,0.007502256240075217,0.00034645928082453276,0.00028002344082885537,9.853575870655866e-05,0.013217310369514741,0.00292441104140689
2017-06-06,0.0069972468684279645,0.004268862641853332,-0.0010032378058837696,0.0003214117260004437,9.852605036736543e-05,0.004708723362674349,0.0002624499719808654
2017-06-07,0.011817983628295059,0.019523852476093784,-0.0006024261525602923,0.000103659168746258,9.851634394102581e-05,0.0019760062886900118,0.0015486919109585439
2017-06-08,0.007708359779670285,0.0010877738503207366,-0.00103226994344641,0.00014510478663984271,8.865641213313753e-05,-0.0037082205972118493,0.0004420432292018658
2017-06-09,0.0046970757646764985,0.002299622534041822,0.0004934300800054383,0.0003108679458011329,0.0003053119376061571,-0.010564042115981389,0.00251755472554111
2017-06-12,-0.0004463912135058444,-0.010970614768262095,0.0019804064935683794,0.0010148290159335152,9.846784048303968e-05,-0.0031157693753469467,0.010031559400642246
2017-06-13,0.002341333956933599,0.013026212212691875,-4.558737048278221e-05,0.0009310794986841138,9.845814552183358e-05,-0.0017950747980979942,-0.016534555339292316
2017-06-14,-0.011114180557681081,-0.0021832156110490053,0.00041932543914321237,0.0010335170468423144,0.00010829276467233463,0.0033720795333688183,0.019810521894590687
2017-06-15,-0.001718721807085905,0.009273587698285473,0.000464698842515027,0.0010840445210082445,9.843779231681213e-05,-0.006539258714971694,-0.00534713119271598
2017-06-16,-0.0015522037349624794,-0.0009646328422686807,-0.0006469926459420718,0.0009385556215873626,0.00031493583442732153,-0.0020929568841029133,0.0031778017451480046
2017-06-19,0.009920688405404431,0.007392787510052287,0.003230785342167174,-0.013690810511637518,9.8397111140189e-05,-0.0023145647018836713,0.007616219797243799
2017-06-20,-0.001987487882527478,0.0016633194896839465,0.00025437895333039486,0.0015559979538355352,0.00010822564072759003,-0.0009055838917829101,-0.0020290733778688644
2017-06-21,0.011616862077181392,0.00183272163392517,-0.0014908551541417223,0.001230551191863485,0.00010821392920589398,-0.0007975927624363261,-0.0021941025241847597
2017-06-22,0.0008028904485903402,-0.0138993995881067,-0.000992104206798652,0.000427210167847658,0.0001082022202184257,0.006074649863280116,-0.005405287740428054
2017-06-23,0.008954091205037495,0.002741572970308164,0.0010193959142150493,0.00020832899389932704,0.00031470354202869,0.0010448757008207474,0.0113815369720561
2017-06-26,0.01229417548513423,0.01690048463921633,0.0017905270476910233,0.0009785653348579027,0.00011798829963050543,0.000432043211040881,0.0026358263794827182
2017-06-27,0.0017865364901176743,0.00029560252566455367,-0.00022704671356606781,0.0011647013649981356,0.00010814371326897151,-0.004835110812497055,0.011933647020289399
2017-06-28,-0.007737560153317397,-0.004365117228139153,-6.358231868686199e-05,0.0009141718032925242,0.00010813201947088622,-0.0022450762616560553,0.004129620713378124
2017-06-29,0.006519813375315112,0.005235858812861149,0.0006084078517911535,0.0008822141031047063,0.00010812032820125677,-0.0033043476751658195,0.016489023043576592
2017-06-30,-0.00032498307665844927,0.0035838161743488523,-0.0003177788195382001,0.0002385830254307844,0.00033411621658877336,-0.007044467492547589,-0.0008265261270407472
2017-07-03,-0.004397639966328747,0.006406369597687137,-0.0005086562501808188,0.0005702939241992726,0.00010807252659529003,-0.004625898549407702,0.014355066033803873
2017-07-04,-0.008277491908293794,-0.005059943227183726,0.0002089436995178196,-3.10985565111887e-05,0.00010806084818639706,-0.005387069333730725,-0.02045536361107401
2017-07-05,0.011889319805842478,0.007626391797031867,0.0009714688554837802,0.00018657683391773628,0.00010804917230129806,-0.001332790541964106,0.006023017227306426
2017-07-06,0.0005961898228135218,0.0013037511528996367,0.0008798625442337381,0.0005077273095389297,0.00010803749893866097,0.00037039781147968793,0.003040336933118505
2017-07-07,-8.127768525621901e-05,0.004145353128067087,9.06671744025692e-06,0.0003210821531802698,0.00030440653236165743,-0.0011857562437240694,0.0040829407717995325
2017-07-10,5.418585750450513e-05,-0.00310357465687609,-0.0002992450884926993,0.0007556897063057452,9.817589200693822e-05,-0.014979454927611663,-0.001282292638204033
2017-07-11,0.0057540511295003935,-0.01244950828133742,-0.00020861772691409698,0.00028970212616359853,0.00010798234989905634,0.006639557748354045,0.014969757215709572
2017-07-12,-0.002886394148639983,0.00046501535388588,1.8142399695689754e-05,0.0003516683596781371,9.815565531685156e-05,0.004997399823833455,0.0033701614210465652
2017-07-13,0.00833965879435838,0.0029709886456999973,0.00022675222881225025,0.0004342431830024513,9.814602172993748e-05,0.0007437432941104274,0.004816348741989762
2017-07-14,0.0053437485218490715,-0.0032189699243843337,-9.06910202299564e-06,0.0004030570380267501,0.0003140025538507795,-0.004844248555036719,-0.007944326268595177
2017-07-17,-0.010581542363027845,-0.04184750739075346,0.000670891494869393,0.0010843467873731859,9.81055813052134e-05,0.00929512938673187,0.014782701538371296
2017-07-18,0.0013187465746584126,0.010307297453701436,-0.0014602183852119779,-0.00019612802061321266,9.809595754410308e-05,0.0020333851766454847,0.0037806384291003375
2017-07-19,0.016960858862256723,0.02030124669527826,0.00016336013685971728,5.16163665288869e-05,0.00010789444010788768,0.0018449508941620627,0.013128128773971348
2017-07-20,0.004827422751784532,0.006640182512032323,0.0005080609419505109,0.00011354662907741876,9.807575379081759e-05,-0.00022121446832825886,-0.0070702869176618366
2017-07-21,-0.004827422751784461,0.004691780915808994,7.255906764766963e-05,6.19290912103427e-05,0.00031377778906830093,0.006944855119066638,0.004192291303861013
2017-07-24,0.004037637269109688,0.006673385390058132,0.0003083173153664421,0.0004540295197178023,9.803537124038723e-05,0.0022312048613262916,-0.010970923534272543
2017-07-25,-0.0062878334561042495,-0.0023275360986696947,-0.0004443698862895545,0.00019599449215049273,0.00010782780889639363,7.307003766346476e-05,0.013115523198749294
2017-07-26,-0.0037172789870922856,-0.0010190375609710864,-0.0008439393409089704,0.0001959560858371437,0.00010781618331357219,-0.005642073952125452,-0.004249600184147623
2017-07-27,0.0019400194771435721,0.006313638367572305,-8.170935985267629e-05,0.0,9.800462589677769e-05,0.008414786418022811,0.006111374978128447
2017-07-28,0.002624986592612028,0.005220904616536095,0.00011802248796035537,3.093692476912677e-05,0.00032334713556106637,-0.0011300465979743937,-0.008582670493249237
2017-07-31,0.004227889185442588,0.013152794722659228,-0.000281461239652095,0.0005154745572808545,0.00010775914861105358,0.0029500157968678107,0.022956447984428613
2017-08-01,0.008585546665938918,-0.0018705692586610241,-0.0001271374993765513,-0.00016492295043297764,9.795278683517046e-05,0.000727061250582739,-0.0042825068886505535
2017-08-02,-0.002198435809150687,-0.005435413125946245,0.0005447612264738388,-0.0002783691708655588,0.00010773698474180012,-0.0018186452471947632,0.0012388926899665612
2017-08-03,-0.008657379248273395,0.0016382753235669868,-3.630818386862186e-05,-0.00017530924079292614,0.00010772537873459683,-0.005109873152270479,-0.004753809271086766
2017-08-04,-0.0052997103215664115,-0.005791477961786107,0.00017245213361502735,0.00045367841165840257,0.00030352728306852836,0.006746802638757405,0.010068668691412132
2017-08-07,0.005061825905838555,0.012272695364622756,-0.0005446870453762821,-2.0617281406150297e-05,0.00010768108787884403,-0.006856586182314667,0.00703328625221485
2017-08-08,0.001664003764788312,0.0,-0.00046321737075935923,-0.00038149639845477953,9.788183712438876e-05,-0.0012816993423551022,0.0043886166394129286
2017-08-09,-0.00026394277873831166,0.005855784664364207,-0.0004816102230803855,-4.125157272208e-05,0.00010765895610583725,0.004059174358166712,0.017182407759651103
2017-08-10,-0.004020531258330664,-0.008132264793586504,0.0005088642441856595,-7.219434721399938e-05,9.78617214656766e-05,0.004188144585353781,-0.0008332312698716671
2017-08-11,-0.018268157172424176,-0.020385998692017095,0.0009534230878547136,0.00015469579103605214,0.00029352771601577556,0.005183518629349189,-0.017710084446663527
2017-08-14,0.012740050817624157,0.020989544542099812,0.0008255653550019673,0.00025777315074508654,9.782342878914815e-05,-0.0004339493070665792,-0.004201266557689591
2017-08-15,0.0030070408650760792,0.0034332729593859425,7.254459228585264e-05,0.0002783203897958618,9.781386030191657e-05,-0.00689607843233835,-0.0011462633075348333
2017-08-16,-0.0012762225549699693,0.0007513374158819807,-0.0004353465154875365,0.00013397849149960708,9.780429368646842e-05,-0.0007286771189910346,-0.0034826602486006534
2017-08-17,0.005280417719600798,0.00748248855657394,-0.00014515763237105074,-0.00022674334811561544,9.779472894213767e-05,0.009034402830822444,0.027037496082916404
2017-08-18,0.0012166416904483526,-0.002956373282353473,8.165376088140447e-05,3.092257502837136e-05,0.00030310289597524395,0.005403276717060255,0.008852452836361895
2017-08-21,0.004246626889652545,0.008813384228287388,-0.00017238798226271377,0.00019582077308725313,0.0001075305607779263,-0.0035628850242640565,0.009716759518586023
2017-08-22,0.0029698178176658053,-0.004382095411696456,-0.0004537946384893309,-9.275242837660232e-05,9.774502241250511e-05,-0.00299687899191325,0.008628972395038298
2017-08-23,0.0009705046073816449,-0.00829669380324279,0.0003721267996925083,-2.0612819112996725e-05,0.00010750849083081032,0.0011564872991169704,-0.013119956661778561
2017-08-24,-0.005599898955466902,-0.007004675809653165,-0.0008442917756400223,-6.184100679125322e-05,9.772496294237424e-05,0.00028891296697899053,0.0065849239368692995
2017-08-25,0.01616186228823347,0.01084017380703935,-6.357769878122247e-05,-0.0001752369568917259,0.0003126557197497507,-0.0010838542915875666,0.009820559986844252
2017-08-28,0.012118860126028901,0.012246567563234504,-0.0008723308140635266,0.00010308428180009903,9.768486869162973e-05,0.005047966297304853,-0.0020802607147041947
2017-08-29,-0.0016159443322483218,-0.0026772589634581766,0.0005634673383475043,-0.00045365034647139985,9.767532729009034e-05,0.01058968110146054,-0.009435709373658879
2017-08-30,-7.70149024217457e-05,0.0070842730898420135,9.085210192589907e-05,-0.0004022712909907606,0.0001171978007220686,-0.011309260897927184,-0.002868830460484892
2017-08-31,-0.0031112221848901864,0.0026583846517891046,0.0004359752289805473,-0.0005675808310055573,9.765434276605043e-05,-0.0003599841645843384,0.0045230905565113114
2017-09-01,0.0021608837158420824,0.008645797433336697,-9.080878847581856e-06,0.0006501112125490082,0.00032219168731279207,0.005851643844721655,0.01005863457425373
2017-09-04,0.004333395670745106,0.005669598813440752,5.4484036190879275e-05,0.00013409734455770739,0.00010737416490290611,0.008873425647409179,0.000434455003405629
2017-09-05,0.0029125490045715905,0.0011993961106329738,-0.00035419930892747505,0.0001443924175862514,0.00010736263692957129,-0.0029846525851708033,0.006224521629620154
2017-09-06,-0.0019407564825006983,0.0053292745823335045,0.00021798365208927477,8.250059301977224e-05,0.00010735111143096909,0.004402790807666738,-0.0066250280379851
2017-09-07,-0.005048250884105601,-0.007309773823823793,0.0009349739932314947,0.00022684154184546623,9.758192009928608e-05,-0.003726910803992467,-0.006525686452551663
2017-09-08,-0.0010024290464281046,0.002124907744513902,0.001070061948051971,0.0005153576696210414,0.00032195279279453214,0.0012793633359505963,-0.011056898068834014
2017-09-11,-0.00015430908139555852,0.011528456791176936,-0.0003716713923805372,0.0007210548314055389,0.00010729456758387985,-0.0009593690220076998,-6.219227781236746e-05
2017-09-12,0.003158586655903084,-0.0007282541500347572,-0.00010880800837675367,0.00037062584715885915,0.00010728305669457084,-0.0058113788166126385,0.008827057063205026
2017-09-13,0.00115309233670486,0.005953246283253506,-0.001161356013524706,0.0003396197320830811,0.0001072715482751106,0.002892084493725902,-0.01178911993732248
2017-09-14,-0.0033347900488822145,-0.001819241821271389,0.0008530023475678186,0.0002572109092182577,9.750960477315498e-05,-0.003106646073722182,-0.012484034227640757
2017-09-15,0.00033397988723911533,-0.007553887455411448,0.00021767128094807062,0.0004422480672303405,0.0003119668560519616,0.001429541718021604,-0.010029778180544216
2017-09-18,0.0029495898374072437,0.007269331716136302,-0.000780208155556512,-0.015126373656790489,0.00010721613320679629,-0.0045458691258604775,-0.005423419235007976
2017-09-19,-0.00292390369636321,-0.005092989973414345,0.0001814980856934384,0.0001670146141670666,9.745923775099133e-05,-0.0010050252102239276,-0.00820864615764285
2017-09-20,0.0027189961601717418,0.008459781280449928,-0.0004356507602029007,0.00019829363177127721,0.00010719419212649294,0.000861512006763076,0.004810269251527494
2017-09-21,-0.0012303277299129394,-0.012084868534076112,-0.000572079798030444,0.00010434927799768779,0.00010718270276316596,-0.008757286086517138,-0.02275587140167742
2017-09-22,-5.129651954242293e-05,-0.006177081001402672,0.0009895822319621593,0.00022953009031567362,0.0003117389211801972,0.0029998034675473334,-0.007107277401034649
2017-09-25,-0.005246116028114254,-0.012572200447329065,0.000970473204492029,0.0005006101290368398,0.0001071378134198274,-0.0027826482006787804,0.0030752503562617166
2017-09-26,0.0009793058020503122,0.004436473864514194,-0.00041709737107951034,2.085331776382167e-05,0.00010712633613822564,0.012729405972725573,0.0014680733443487644
2017-09-27,5.15158540154492e-05,0.00972323467335558,7.255117127973335e-05,-9.384335465603441e-05,9.737762075202412e-05,-0.008756560527693169,0.0026590597620442433
2017-09-28,0.0003347883782445331,-0.002281029473016237,0.0005530296646435576,8.3416750131707e-05,0.00010710443179173966,-0.003538676329344273,-0.024639759477845823
2017-09-29,0.0035726716062722415,0.00529036932985683,0.000353416133047072,0.00016681262810275792,0.0010217835389260607,0.0027814420012649936,0.010486998669605917
2017-10-09,0.01155551408054888,0.011293901317642862,-0.0004712492723940577,0.0013022666485975438,0.00010698359757139624,-0.004229406055153491,-0.003731680462574645
2017-10-10,0.0019509729378281544,0.004029117201746055,-7.251960298692289e-05,5.205540778779164e-05,0.00010697215330563375,-0.0003260810521456781,-0.009165075507318939
2017-10-11,0.0032600071833104004,-0.005850378074261324,-9.065320164517741e-06,0.00026023640021329453,0.00010696071148796425,-0.00399405055120203,-0.0019560938541297646
2017-10-12,0.002620506954783398,-0.001268303280207952,-0.0009795386068373888,0.00015610933929800083,0.00010694927211772178,0.004138988590444119,0.01381354161273287
2017-10-13,0.0020111120682724604,0.007798058052503689,0.00020868586954829173,2.0812737396185783e-05,0.00032077920459360306,0.0009053871148127415,0.019986841185772587
2017-10-16,-0.0019607849419407634,-0.013589952742972219,-0.0016161839793112087,0.00024971906734841095,0.00010690353909481641,0.005559179720138501,0.007673265481791174
2017-10-17,-7.549163933669253e-05,-0.0010906221932012077,-0.0015186860376170458,-0.0003017517230549143,0.00010689211194972123,-0.005161068931507034,-0.009721184572317583
2017-10-18,0.007845733260769356,-0.007508700508812046,0.00048222808502761377,9.365683103359606e-05,9.716473316497505e-05,-0.0033345445903257935,-0.002849275362895123
2017-10-19,-0.00325114076195167,-0.009476815111492723,0.0007456308200038342,0.0002080948920214312,0.00010687030327333888,-0.002908669880831662,-0.016881275623408624
2017-10-20,-0.001077707845007547,0.010720146821923193,0.0002635656816386928,0.00023925560414348734,0.00029140642660247673,-0.000291332849839158,0.02345885543315639
2017-10-23,0.00097750493402914,0.006193575620138744,5.4522158727602735e-05,0.0003639748169610767,9.711660798756625e-05,-0.0027353811027018104,-0.014104998503929185
2017-10-24,0.007189067681375705,-0.0015951373260084255,-0.00016357539499035312,-0.00014557402985019633,9.710717726775111e-05,0.0033907607001633705,0.0026134759730535523
2017-10-25,0.0043927751280698445,0.006865392700573963,-0.0018010975187178154,0.00013517658762103498,9.709774837953716e-05,-0.0041945605242228075,8.822361751966401e-05
2017-10-26,0.004126978216700594,0.003664182831756457,6.373051100362333e-05,-4.1590850019008095e-05,0.00010679663503655547,0.002227131755377743,-0.0021342526076876885
2017-10-27,0.007028437465356057,-0.00623855496291887,-0.0018224734179277417,-0.0001767804131905903,0.0003009109860068675,-0.005742202563687957,-0.014627510832949393
2017-10-30,-0.0030903585862431296,-0.018121097566777416,-0.0031790429360725567,-0.0007282488019652228,0.0001067531044331522,-3.6680421829038355e-05,-0.0029123653777199396
2017-10-31,-0.0007372094500097087,0.007366060954016984,0.0008414198541041796,-0.0005205026090592333,9.703838846272998e-05,0.0036979447174796927,0.00026988125388709367
2017-11-01,-0.002535229959225433,-0.001100731518191459,0.0015620649834490357,-2.0825740616155532e-05,9.702897292722241e-05,-0.0017923446098983492,0.004360466589732535
2017-11-02,0.0001232179604057764,-0.010473893047703664,-0.0009588735341344274,0.00013535956205811868,0.00011642234157880477,-0.0004028049929042713,0.013218909239466958
2017-11-03,-0.001109508601557641,-0.009076327947178912,-0.00016447067890351332,-1.0411623536552912e-05,0.00031039332903571437,0.0009518231791964147,-0.0010463874798765274
2017-11-06,0.006932692417369982,0.013124472719708149,0.00019187982899327013,0.0001249323284845603,0.00010667545941164306,-0.0021978835911007242,0.017909356031717786
2017-11-07,0.008149368024175409,0.006222849723753944,-0.0007677403221398115,-0.00017699207225840822,9.696781645777962e-05,0.004865477579493019,0.00281314480120678
2017-11-08,-0.001507745719835744,0.0017088575090546333,0.000758604022250061,-0.0001353680189915265,9.695841461177253e-05,0.0008390027303769847,-0.0029942090976328144
2017-11-09,0.0067911975780017555,0.007395427802586728,6.39523463876166e-05,-7.289806250600687e-05,9.694901458915258e-05,0.0029128001661274743,0.0011437755972242211
2017-11-10,0.008760163837872884,0.004614180286582662,-0.00018273184153174728,-9.373388955640489e-05,0.0002907906618530057,0.002070206125531711,0.00024595797136324677
2017-11-13,0.003850343754056767,0.004450664959897227,-0.0014173050720896567,-0.0003020912025890604,0.00010660205945881944,-0.00348913634486311,0.004863310424648356
2017-11-14,-0.006946135712856577,-0.008590983045354095,-0.0002196333961407097,-0.0007295618783597159,9.690110281040009e-05,-0.0018220915357824385,0.002932511265630022
2017-11-15,-0.006244670749267322,-0.01163844829090168,0.0009422527855517751,-0.00035455076704094766,9.689171389638883e-05,0.0020405195828118662,-0.020849725328539324
2017-11-16,0.0076617649829783165,0.0032046894156848305,0.00133410109610602,5.214770316620461e-05,0.00010657004326185093,-0.003829396171059778,0.002122925455437781
2017-11-17,0.0038089808529564984,-0.030158356503957293,0.0,-0.00012515905646411101,0.0003196420036804853,0.003101117062328501,0.0017900005875371066
2017-11-20,0.005484300073585833,0.01087765691310035,-0.00021004854025009754,7.301135329780789e-05,0.00010652463392215717,0.005231809637473977,0.011835316421900353
2017-11-21,0.01758401031616948,0.0036683772860304146,-0.0002923148617246311,-0.0005007563612021744,0.00010651328763320821,-0.005122533953026304,0.0036219270350102816
2017-11-22,0.0022638436647876856,-0.0027242155282025853,-0.0011060886272734856,-0.0012947824173108696,0.0001065019437612727,-0.0005464978731512713,0.00915809731984765
2017-11-23,-0.02995752028671938,-0.025598769373232775,0.00016461959193236536,-0.000731666559942125,0.00010649060230501857,0.001674981274975611,0.0019424458860925326
2017-11-24,0.000432287045325441,0.0004688551701548948,0.0007952795552411613,-0.0005647944925789598,0.00031940378232674386,7.27616691846924e-05,0.007845121129568753
2017-11-27,-0.013269557946265102,-0.013518245135290445,0.0008859459421816371,0.000251059157132319,0.00010644526062527249,0.0003273620107437843,-0.009851667981827223
2017-11-28,0.0014102317061933276,0.016673512440487134,2.7387880864428068e-05,0.0,0.00011610918146400732,0.0013083774354190377,0.00038454417747027855
2017-11-29,-0.0003645244818551539,0.00311529075890925,0.0007118217460941164,-0.000449859034321865,0.00010642157465588283,0.0017781008041383123,0.0031704084106762326
2017-11-30,-0.011661725911544059,-0.008844406174597025,0.0006748500082846598,0.0004184800864554462,0.00011608334797418279,-0.006547382621228959,0.001404275468714761
2017-12-01,-0.001846040767932064,0.008243173629806172,0.0009567765563331645,0.00024054677443414123,0.00032882965952947204,-0.005709282087047857,0.007252318870056263
2017-12-04,0.005160350559309611,-0.00585079176709112,0.00040066292036469015,0.0007944389692905759,0.00011603171546561925,-0.0006975933313938473,0.014092071185547774
2017-12-05,0.0052557720445970705,-0.02342643833190869,0.000345897927150955,0.00034475734126129516,0.00011601825366874244,0.0008076951757107603,-0.010243697779164566
2017-12-06,-0.006163046238484999,0.00651216770097344,9.100961516735658e-06,0.0003759634106568635,0.00011600479499504557,-0.005298610475884605,-0.009648845520542562
2017-12-07,-0.011373711703445817,-0.004779681614781223,-0.0005644162993039209,0.00032363304471435124,0.00010632590834096768,-0.007926554577077336,-0.025829300327866477
2017-12-08,0.008081001828561628,0.010806429090754507,-9.106472887211283e-05,0.0003861346405527522,0.0003285722598610074,-0.005556294942750477,0.009907259946405003
2017-12-11,0.0134948875962883,0.013168577053881022,-0.0008928734717346871,0.0008135254258164321,0.00010627967990828973,0.0017933203640435054,-0.002375725533364227
2017-12-12,-0.013199575670923266,-0.008242346021636008,-0.0004011414350835608,-2.085136107344817e-05,0.00010626838573821374,-0.0029157809151639643,0.005147461364999341
2017-12-13,0.008404337370192154,0.00692873180877808,6.382872021010134e-05,-6.255669202257442e-05,0.0001352343420012752,0.0010850654910035424,-0.0034047109797237765
2017-12-14,-0.005971335838241427,0.001117436656450158,0.0005287098691087292,-0.0001564088530599358,0.00010624272609505351,0.008193409211989145,-0.00893301884354389
2017-12-15,-0.011330517039978867,-0.008091811460938047,0.0009746456295367079,0.00014598235724868017,0.00034762456897005346,-0.0015590203603157615,0.008083627403001893
2017-12-18,0.0010669314330142875,-0.006012623219919025,0.0008190604924505749,-0.015435113026736419,0.00010619451949714655,0.0011880454339659129,0.019059064784027243
2017-12-19,0.012421295349556764,0.00836812211688494,0.00016373162603870546,-2.1177691420617165e-05,0.0001158357064861161,0.005181166988105257,-0.00414888412579463
2017-12-20,-0.0011273129486958,-0.008490581093280877,-0.0006004804023506291,9.529607969724135e-05,0.00011582229012920478,-0.0022912057325591767,-0.00012771301483936284
2017-12-21,0.009080320152683181,0.006591418432767115,-2.7303133036189354e-05,-0.00012706345777937952,0.0001158088768799339,-0.0019627818540973153,0.0006951291588667012
2017-12-22,-0.0032613751010046985,0.0006081245626478533,0.0002820964333508917,-0.00011648902104144725,0.000337699306101408,0.0014076683191273538,0.004958261119004277
2017-12-25,-0.003223131178256171,-0.009437057530242909,0.0004548266279331949,0.0004976309692676007,7.717240318705309e-05,0.0036580675225674464,-0.012795743711425025
2017-12-26,0.0029793179379895137,0.005736987073170442,-0.000864347539698741,0.00021168277298790636,0.00010610233097478906,0.0013268956279517594,0.007702750407889123
2017-12-27,-0.015580390366006515,-0.007579796034739553,-0.00013654424737549948,-0.00034930060847664573,0.00012537915154018747,0.0030525391018721057,-0.0068598209640304405
2017-12-28,0.006935473852860748,0.005166623223015911,0.00037317678545358316,0.0003175510489990819,-0.03502553648945371,0.0027503271888692166,0.0038768853923611254
2017-12-29,0.0029226501469185925,0.007449816979313557,0.000427616770912836,0.00037034881991037896,0.0003894450457389657,-0.0018327107248413872,0.0008105341436860128
2018-01-02,0.013882008565385249,0.012923836808676908,0.00015462487581219776,0.0012581610308226112,0.00010981605821292181,0.00836641527766858,0.011250922561278942
2018-01-03,0.005835982512598099,0.008756740946083643,-0.00010004866011356266,0.0006443265162575004,0.00011978558394816411,0.0025435135982891854,-0.003795044247810453
2018-01-04,0.0042470040921457255,0.0044311139154957,-0.0009099926918558718,0.0001689349709963797,0.00011977123708061496,-0.002943797441264226,0.005711728760766944
2018-01-05,0.0023914874485255594,-2.957442404017719e-05,0.001246480219983092,0.0003905528483475039,0.00034925086046191863,0.0038868857624608237,-0.0031050471385244624
2018-01-08,0.0051224127730594045,0.004411695917409075,0.0013357384665944778,0.0006435515828235281,0.00010973936910869503,0.0011957173010048667,0.004506883773783619
2018-01-09,0.007033193797504303,-0.00010306166777629664,0.00047207924545144756,0.0003796066898540059,0.0001097273277010753,0.0021342408940418275,0.001980247163308655
2018-01-10,0.004403063352526413,-0.00617358846234945,-0.0004902405908443806,8.433747646200077e-05,0.00010971528893557351,-0.0019531962660465493,-0.00286317517794973
2018-01-11,-0.0005170023380264212,0.0031949381534057916,-0.0015722059101804207,-8.433747646193332e-05,0.00010970325281152367,0.00415500552605169,0.0021149207785127054
2018-01-12,0.004573232328234582,-0.004173208767694062,1.8189920965298403e-05,-0.0001792407577192856,0.00031906832321123023,0.002053055991551297,-0.006203354536082813
2018-01-15,9.359133351086192e-05,-0.02307194624378788,-0.00030927366417432165,0.0005165479951035566,0.00010965622783592831,0.004201007955782168,-0.0003590626391662104
2018-01-16,0.007830565077145364,0.007393497494659517,0.00018193726853181968,-5.269675652696756e-05,9.967704645230241e-05,-0.002690922456869801,-0.010839389502944767
2018-01-17,-0.0024870141934457586,-0.005574074659347677,-0.0007825652157870767,1.0539573463602333e-05,0.00010963327679946873,-0.0041401963627538734,-0.0019737575123976894
2018-01-18,0.005477176707881077,0.0027531557643980797,-0.00010013974053977766,3.1618053911497114e-05,0.0001096212586614036,-0.005389873599202289,0.002350964265312415
2018-01-19,0.003211981825819084,-0.0025865408489482993,0.0009554705964237707,-0.00020026456069341625,0.00033875339077332414,-0.0020332589969016125,0.00336719789622636
2018-01-22,0.011811386669138382,0.012103477676364606,0.0011998692491413758,0.0003583398364686706,0.00011953262756910205,0.001271271260690991,0.0019412804373476482
2018-01-23,-4.56006748979805e-05,0.001046885611204185,0.0005449195470327669,0.00012644223187393162,0.00010955902503428469,0.004274129949185628,-0.0032257292058354378
2018-01-24,0.0016175519263856304,0.006362377769108368,0.0005627717564500168,5.267954507148478e-05,0.00010954702316919184,0.00252689470965905,-0.002175258369833479
2018-01-25,-0.0056614692937447956,-0.0018285753361352657,-0.000181504674243651,8.428150026073677e-05,0.0001095350239335632,0.003598809080812404,0.013156735711787448
2018-01-26,0.0038842986277804405,8.92764147186466e-05,0.0007348905479962251,0.00010534188719179626,0.00033848696650587494,-0.004933657845859196,-0.005345026686394237
2018-01-29,-0.018365608718361053,-0.011763609022145004,-0.0004263522005846466,0.000400197998032238,0.00013934369143985524,-0.005466175893797991,0.0009034061848418958
2018-01-30,-0.010741994332292958,0.000526779208918535,-0.0005627002499108012,0.00017898410774198927,0.00010947070923088563,-0.0072131460286194785,-0.008281107498007177
2018-01-31,0.004661248704337615,-0.019908261909761374,0.0006625011019301202,0.00013684858777823672,0.00011940892595913502,0.00018279196497414643,-0.0021861823522657687
2018-02-01,-0.006941215374980377,-0.033573974403015905,-6.350848067160078e-05,3.1577783978925926e-05,0.00011939466916980227,-0.002378905727815133,-0.005146029624601942
2018-02-02,0.005842275624228361,0.00313802815473192,-0.00016332604451552426,0.00048406786313754345,0.0003282618564334598,0.0012816524082617082,0.005801673889822064
2018-02-05,0.0006080733617366118,-0.0011082789563969155,-0.00011797429081643164,0.00019987271330612383,0.00011934123651690716,-0.008304902030640932,0.004024207522473651
2018-02-06,-0.02968506398230034,-0.04995518052821313,0.000680429513344724,0.00037859667287158135,0.00010938362339182466,0.0064001395499868885,-0.006149485571264893
2018-02-07,-0.024058781711701508,0.0009154842302251789,0.00031737539881639875,0.00016821919000087598,9.942927603784928e-05,-0.012692960612134523,0.002680813834596775
2018-02-08,-0.009319685747950454,0.009652952190325593,-0.00016320905302439682,0.0005465170186896744,0.00011930208295706334,-0.0018583911685586577,-0.006479033740330696
2018-02-09,-0.04367217306610441,-0.03767695413670517,0.000625490100936222,0.00026264228796827005,0.00032800735825732236,0.0009667944084022756,-0.00538221006446895
2018-02-12,0.012768990697072371,0.02589212458792542,0.0006794370898824843,0.000714038231381363,0.00012918548569350246,0.0019678833046997022,0.003711006373267064
2018-02-13,0.011669160973093522,0.006514572754577524,-3.622499343824126e-05,0.00014694460214963816,0.00010929776198867269,0.0038502879745605477,0.0026525404651435236
2018-02-14,0.007914374345131208,0.003175393390059364,0.0,0.0002098834105363344,0.0008739523060537,0.007546372157927379,0.008164241959522903
2018-02-22,0.021280579799471108,0.020834597591687272,0.0005341856286232824,0.0013422117046750974,0.00011911615824774094,-0.006807628726849587,0.0012986968729855983
2018-02-23,0.00452634164339567,0.0036965038338236896,0.0002443626897485932,8.382844513625374e-05,0.00031757373932086807,0.0021024296330339866,0.0140076165416165
2018-02-26,0.011518221975150034,0.022274835943070153,0.00182630287819453,0.000680845741424217,0.00010914268432383247,0.005987931856605242,0.006920491075242479
2018-02-27,-0.014517093501406392,-0.0031089988665799965,0.0009750725305558158,0.0004710833433537616,0.00011905116237765358,-0.00455196997581003,-0.0015569398162890746
2018-02-28,-0.008752899319747924,0.0020842551598768523,0.0006946104822665082,0.0003976309618554254,0.0001091177828347892,-0.007608250616772871,-0.0036306786595832956
2018-03-01,0.006386792677703266,0.010902838390940462,-8.116334126881171e-05,0.00033472453529545467,0.00010910587744357873,-0.0018925694488441302,0.0022802959620170714
2018-03-02,-0.008076947928058466,-0.00552284460602817,4.5091558416981464e-05,8.366363042279757e-05,0.00031733124689880144,0.00411454569910858,-0.0009128888686632073
2018-03-05,0.00032333884949238746,0.0011446223604328848,-0.00022547812732233398,0.0003450385065833418,0.0001288870604133238,0.004355536193160838,-0.009899995730696281
2018-03-06,0.01191520289053746,0.013448720094356423,-0.0004420846619004559,0.00020905632053391552,9.913258992003128e-05,-0.0033942109693821877,0.0012806711903564042
2018-03-07,-0.007399402347514569,-0.009585507262967679,0.0006044340381139388,0.0002403607512917119,0.0001090344996148879,0.004167364184266864,-0.007744178534983793
2018-03-08,0.010123363835009495,0.00749603049691139,0.0003696974384203954,9.4038482706191e-05,0.00010902261238883893,-0.00036809364717892487,-0.012077717040552487
2018-03-09,0.007641358910535449,0.012410660486338676,0.0007299763757741244,7.313492875229926e-05,0.00031708912451819323,-0.00590800034682213,-0.015250588294396511
2018-03-12,0.004464943112858521,0.01414626977273886,0.0003873019066738132,0.0004909103351652654,0.00010897616900099657,0.0007034041346610445,-0.001304536546224737
2018-03-13,-0.008901053441809324,-0.006372195895980697,-0.00037829318172368523,-6.265598732218357e-05,0.00010896429448980721,-0.00037015102584322094,-0.001065296961039633
2018-03-14,-0.0043577320655709155,-0.010455636305263643,0.00024320490132705817,0.0002401599685762184,0.00010895242256590276,0.0015537144291616382,0.008838166059472219
2018-03-15,0.005627201500251447,-0.0017814640356026052,-7.205454532210057e-05,0.0,0.00010894055322861722,-0.0005916065988782995,-0.0030075428597512643
2018-03-16,-0.00973297378013888,-0.005378967232706418,0.0,0.00011483873000985245,0.00031685050862168706,-0.0028520122300494397,-0.003948880647331024
2018-03-19,0.004400149673829583,0.0009731308547589892,0.00019813750807838536,0.0003444370836225318,0.00010889417971367475,-0.005952398527295273,-0.01158717355322652
2018-03-20,0.0008335989891104576,0.0031292175520907283,0.00033314275475011704,0.00020869202350487859,0.00010888232306238929,0.0033897706184131426,-0.0032413981885741944
2018-03-21,-0.0042487937681136845,-0.007275455526295746,0.00018903166336638446,0.00023994199778149352,0.000128663826342898,0.0008177831100319923,-0.003311298097559666
2018-03-22,-0.010216665448283275,-0.004692947449408256,0.0005488894125670296,-0.015399392980395825,0.00010885646296521528,0.008730772043835412,0.0034518041413993715
2018-03-23,-0.029190129844554276,-0.05313049923565187,0.0012047002742599545,0.001365549210530318,0.0003166059864977625,0.010333547430461406,-0.028318989916085013
2018-03-26,-0.006549652910240682,0.019889906877048422,-7.188168278105809e-05,0.000888193430776074,0.00011870140675101873,-0.002810990260193603,-0.004574608272033772
2018-03-27,0.008595637102639931,0.02210421864236872,-0.0006831338129255632,9.511680879710533e-05,0.00012857729243829257,-0.00032907366062319134,0.006512497643683565
2018-03-28,-0.018306085376020423,-0.010211035805557676,-0.0001258913559262001,0.0004965741767253397,9.88943611241281e-05,-0.005794778923543777,-0.009144742615433452
2018-03-29,0.013285968796211542,0.010242536333194083,8.992765320357036e-06,0.000327392742198242,0.00010877250241862914,-0.00968369483274005,0.0034877619624017107
2018-03-30,0.0011804558956491728,0.01318989292695852,-2.6978538574187975e-05,1.0559271832564572e-05,0.00031636184149178584,0.0023741525415242556,0.013875842485965129
2018-04-02,-0.002979479768162792,0.0011495682618109584,0.000997721502765314,0.0007599747040888015,0.0001087262718340005,0.0010369219164098702,0.005107378479710936
2018-04-03,-0.006270421928157484,-0.010190077641957852,0.0003503146130490969,0.0005379661843957131,0.0001284794459360898,0.005904729854874118,-0.001281902488589644
2018-04-04,-0.0018654788288959235,-0.006783101369067667,0.0005297299847787286,0.0004744358256403785,0.0005335072298213884,-0.001067648513748472,-0.002681560817126898
2018-04-09,-0.0004928600247625588,0.0012152107992098543,0.0022056854634043914,0.0014535345561641237,0.00011851851865733894,-0.0024340782808795294,0.007970975267325875
2018-04-10,0.019094701577945437,0.006273457522151144,0.00048352436472124717,0.0007154581341342786,0.00010862963723447845,0.0016971042627051288,0.003842864531796325
2018-04-11,0.002846977011928158,0.0038170970739996304,0.0004653951915599947,0.00024187739037566592,9.874397669781381e-05,0.0034223294180429566,-0.004492246708550206
2018-04-12,-0.010230855524994534,-0.005856761393523167,0.0009122619360870607,0.0006096920193070655,9.873422728755588e-05,0.004288941489080688,-0.004332525736508103
2018-04-13,-0.007102997153874461,-0.003997235587917385,0.0015185896116873365,0.0003467278903772769,0.0002862741439963065,-0.00726902132373813,0.003959126680603263
2018-04-16,-0.016247395703613988,-0.0026368366940290773,-0.00010711894676608159,0.0007770742496898179,0.0001184342987114161,0.002833123664070647,-0.011373063401444724
2018-04-17,-0.01600880917715221,-0.020202707317519466,0.0012044270837232717,0.0003463385231270708,9.868453522655061e-05,0.002238738433889728,0.005484832555247117
2018-04-18,0.004657050529837342,0.013428828172014653,0.004359476294616709,0.003048894650001896,9.867479755005667e-05,-0.0016877641137197409,0.009310810514769789
2018-04-19,0.012034030112848981,0.005698201997997832,-0.0008259508895581157,9.414767592962516e-05,8.879899366965693e-05,0.0038117624220271778,0.01953417462205108
2018-04-20,-0.013468750588509371,-0.0209193913180303,0.0007815622761179087,0.00015689309859445518,0.00029593970937687565,-0.004436222926827432,-0.014233336647035045
2018-04-23,0.0013816193711450252,-0.010005606001394734,-0.0005328171053776925,0.00017778242615246954,9.862711070015861e-05,-0.005268308462350522,0.013210834202541207
2018-04-24,0.020290322627952648,0.022900101044704843,0.00023092226903822962,-0.0001987000837940767,7.889468549771848e-05,-0.0013676605898445074,-0.004122509362421169
2018-04-25,-0.0038842086868305504,0.0003349950180879585,0.0003551609360307227,0.00019870008379420414,0.00011833035877775693,-0.0022588837393023487,0.0002787865466866945
2018-04-26,-0.0193576550055971,-0.01870717979712137,-0.0004350895331930988,-0.00027191533142504145,0.00011831635836048659,0.002776596937760106,-0.003932195002475676
2018-04-27,0.00037274688256074305,0.0024832636011218436,-0.00039085402100074004,-0.00034522981663857313,0.0004731254955041949,-0.003592529928174292,-0.0019091923431208146
2018-05-02,0.0017553662849333343,-0.0011191398389691987,-0.0004887824526659252,-0.000324415401065252,9.853964257786158e-05,-0.0017825316662831905,0.015317778412208983
2018-05-03,0.007729404779550979,0.00960963505907261,0.0010306073498953757,-0.00020935612600147461,9.852993347361574e-05,-0.0016367833428769035,-0.0010687140462551992
2018-05-04,-0.004360299179942481,6.429111016889585e-05,5.3278397398412185e-05,6.281144007757435e-05,0.0003053811130740094,0.0002605766203067835,-0.0001964186342125657
2018-05-07,0.015713182616114336,0.018535267348519135,-0.00041742343772576757,0.00043956964746793393,0.00010833862725862685,0.0018592895435068388,0.003616640470188515
2018-05-08,0.01148320613734309,0.0037636357957340776,-0.0006486842157347637,-0.0004605063557995015,0.00010832689127181115,0.001299448845346609,-0.001959205624848149
2018-05-09,-0.0018057531025668164,-0.002108410819609001,-0.0008359122601067656,-0.00035599112492225765,8.86223653890329e-05,-0.0027493979793791964,-0.007597280535888813
2018-05-10,0.005484545052306204,0.0019197790283052964,0.0006136633671028784,-0.0003142150932886952,9.846008436141949e-05,0.0018213925674690468,0.004818793822771635
2018-05-11,-0.005226380600117273,-0.007907300569493523,0.0007287917489174044,-0.0005343923509982336,0.00029532210011459385,0.0025221629779087038,0.007524752058562752
2018-05-14,0.009352105570280362,-0.00393745051053307,-0.00038210504799132336,-3.144373929205258e-05,0.00011810442413222544,-0.001037767410878376,0.0001517982676227285
2018-05-15,0.003777634795116919,0.008963698684550431,-0.00019555207969733962,-0.00027255383106847,9.840969933934297e-05,-0.0039012477724884834,-0.0008460267979238355
2018-05-16,-0.008031760787528519,-0.0023993318640491822,-0.0003734329197838274,-0.0002516541027656962,9.840001582351239e-05,-0.008862024457294277,-0.0015347974836250383
2018-05-17,-0.007449736079221206,-0.004784243331208678,-0.0004002615095265463,1.0486852109259459e-05,9.839033421298735e-05,-0.006065305188308499,-0.001798418167226515
2018-05-18,0.010065860067394454,0.0038355516638819533,-0.0001423538206609428,3.145989649963275e-05,0.00030494853000264944,0.0011329734207890328,0.0010011317977283304
2018-05-21,0.004651052313755859,0.012856960706919022,0.0004625758439983026,0.0004193707403596068,0.00012785397126943715,-0.0018511877441266078,-0.0003843741095215923
2018-05-22,-0.003652575547793368,0.003523216315578976,0.0005779190629630295,2.0963921092769114e-05,0.00010817136321220268,0.0025680742237883507,-0.004988484497121193
2018-05-23,-0.01334383529482097,-0.012842977509601757,-8.888533347512034e-06,0.00024105350980576582,8.849514019973192e-05,0.001808795760144871,-0.006142435622098275
2018-05-24,-0.0071048718500155315,-0.0033632053175363112,-0.00023112960250826662,0.00016765513378332102,9.83187494648551e-05,0.004320310268183345,0.005456939668121795
2018-05-25,-0.0021177862677005757,-0.011901114183407089,0.0004977512413223484,9.429366196433282e-05,0.0002948982622374193,0.0044136970847340595,-0.0022859489883041927
2018-05-28,0.004413519301445843,-0.0045398841138859615,-0.00019551558410354805,0.00020950964344785796,9.828009835914661e-05,-0.004001426404457524,-0.0007899761223626867
2018-05-29,-0.007585503663137891,-0.009564040009622235,-7.999466706482141e-05,-0.00014665214138415985,9.827044033072087e-05,0.0022083740002683144,0.012933800075340396
2018-05-30,-0.02136294704465778,-0.026532688987304046,0.00011554579848340213,-5.238097733621125e-05,9.826078420027465e-05,0.0016810807702196328,-0.007089606277622459
2018-05-31,0.0212841748407021,0.012655042009459215,-0.00038224091420971455,-0.0002514668915179378,0.00010807571205396056,0.0025349500993044143,0.007912740733282934
2018-06-01,-0.008332282880437308,-0.011821916909199839,-0.0010229906910439659,-0.00018864167569747022,0.0003045141794525277,-0.0016768211407592031,0.003436838036617488
2018-06-04,0.009801675183863165,-0.00024986465794410754,0.0001690880374241544,0.00019912072545733332,0.00011785156608903076,-0.004335482945828794,-0.004021627041922919
2018-06-05,0.010303587822473355,0.016489700181142687,-0.00033820467044815266,-0.0004192476662149404,9.819902987256227e-05,-0.0016869416007814354,0.000859016659274379
2018-06-06,-0.0020782467084236923,-0.0001311067046568726,-0.000498615462067001,-2.0966997945973232e-05,0.00010800779630405079,0.0013872487836736644,0.0027093648129187984
2018-06-07,-0.00026008478910690834,-0.006560850954730437,0.0,-0.00029358414017717477,0.00010799613187992517,0.0007865021659715871,0.005482690198726414
2018-06-08,-0.012933133119399013,-0.012032641213755716,0.0012727573822494459,-0.0001468243982837247,0.0003141042655663462,0.00014973982733037264,-0.006822043620953767
2018-06-11,7.904825900330224e-05,-0.006365074001235359,-0.00023128997638971292,-0.00010488777018218127,0.00010795055874887502,0.0004490849968817324,0.002820632770370275
2018-06-12,0.011995324805017757,0.010896376005461056,-0.0012017894754265874,-0.0001783344615091104,0.00010793890668374869,-0.0005613877652630572,0.00586041324496091
2018-06-13,-0.009705639228470314,-0.015055506395828266,0.0005432096700220408,-0.00010491748249624206,9.811616962328015e-05,-0.0009738193211243998,-0.008767517544633915
2018-06-14,-0.00387183921724167,-0.0033973681971201835,0.0007475438195192856,0.00018884354368566955,9.810654378524822e-05,0.003964252171674387,0.005010199782291373
2018-06-15,-0.0035955094914413626,-0.01809269714094531,0.000506943806798606,0.00013636482857522846,0.0004217484970292319,-0.0009335499847142755,0.00043012295010582004
2018-06-19,-0.035586147078874295,-0.06492017683818506,0.0009331716513099836,0.0006605816504153801,9.805555835787364e-05,-0.0032930464215763966,-0.021801972801538932
2018-06-20,0.00410824416550226,0.011559553672259606,-0.00022210475439900161,-0.00010482509941781404,0.00010785001015413321,-0.00567596013272818,0.006767461831401764
2018-06-21,-0.011573535092346592,-0.021134665183250873,0.00012438473992984196,0.00040875576364492893,9.803537124038723e-05,-0.002113208333573364,-0.013263949838310292
2018-06-22,0.005019730870312666,0.014200330827589914,-0.0001865829122120647,-5.2395248810780785e-05,0.000323448552447298,0.003469345059156237,0.0007149148487174666
2018-06-25,-0.013460942762928444,-0.006724628938363454,-0.00014218177964455433,-2.0958868221855265e-05,0.00013718899765746248,0.0016550067721046648,0.0009058071692054523
2018-06-26,-0.008147539926128879,0.006871111525507819,0.00018660944031331084,-0.016110382612026734,0.00010777815347263873,0.00015031942906923337,-0.0023877968453273903
2018-06-27,-0.02042017477500282,-0.00982510525469517,0.0004264051446427531,0.00030879479766415227,9.797006042792213e-05,0.001314332039221562,0.005173713239432435
2018-06-28,-0.010064247590486344,-0.010352194001891525,0.0010740901226577004,0.00047897563994144004,0.00010775598178579231,-0.0021037612477471687,0.006781571699686151
2018-06-29,0.025976229556497116,0.03211643572386423,0.0013653573771303994,0.0004787463321063373,0.0003329905520216837,0.001390481067341697,0.010364741285208949
2018-07-02,-0.02951842012505578,-0.015570901863384145,0.0007173950895984428,0.00098868337763534,0.00010770850173184835,0.00015020653426670418,-0.005782015203927603
2018-07-03,0.00046526506407953494,0.011455632415825947,0.000716880802808598,0.0007329081378148525,9.790675368616493e-05,0.0015383175343879163,-0.0017724061414991033
2018-07-04,-0.013227783520464501,-0.014418488492499548,-4.423702197084044e-05,0.0004352418580286451,0.00010768635868989982,0.002059887247343889,-0.006923522671854033
2018-07-05,-0.00585004327481187,-0.027011504750228905,0.00042459465117888743,0.0006790235054486319,9.788662778603895e-05,-0.00041163813847227697,-0.006183285228322595
2018-07-06,0.00723367833371203,0.0029494642395001217,-0.0002211205514025554,0.0003711460502295471,0.00029360240573402246,0.0034002835190261476,-0.0009875743325831307
2018-07-09,0.027621577309929368,0.022401952329277497,-0.00021232173900496545,0.0003180155854437868,8.806391488921644e-05,-0.0004477277889881142,0.006716859963171716
2018-07-10,0.0028861698298481404,0.0059451128068391075,-0.000389373644324059,0.0,9.783969951432916e-05,-0.003177157063616853,-0.0022437316936167098
2018-07-11,-0.017211039013133648,-0.019700232186392642,0.0006724592796186275,0.0003073189624091179,9.783012784433321e-05,0.002766563750519388,-0.005026301098536119
2018-07-12,0.02281664220738439,0.02725074933225478,0.00038911194533995506,0.00030722454647928206,8.80389328294691e-05,-0.0037778944856546757,0.006955041012298944
2018-07-13,0.004388517639352901,0.006245821636875585,0.001228246280795542,9.532636045881914e-05,0.00028362829235622036,-0.0007122907947034186,-0.006283897572609537
2018-07-16,-0.004757463734838089,-0.0016484465768795357,0.0004061379865469621,0.000645861479874334,8.800621916299813e-05,0.0012742674687296904,-0.0011655700809083314
2018-07-17,-0.005293728209384963,7.25163162029696e-05,-0.0005562742133758641,-2.1169173450346567e-05,0.0001368831704281298,-0.0010867733273724328,-0.0016621791666444727
2018-07-18,-0.005035055695209251,-0.007186487642017904,0.00012364323643108814,0.0002963276558883939,7.821054282106059e-05,-0.009039609577725134,-0.0010948528220864411
2018-07-19,-0.0008033742147291311,-0.008858298564733497,0.0005473792150234733,0.0010681671375053852,0.00010752950962233547,0.0030600125877792614,0.0055212056581171835
2018-07-20,0.01873890793442424,0.012721769920406654,-0.0006003673015476754,0.000961431867868272,0.0002638870578712817,0.004441106283287587,0.004912391061782119
2018-07-23,0.009448712579727729,0.007465831542838871,0.00037085765672156243,0.0008127979166946878,9.771827828178396e-05,0.003411501181180516,0.003356480824004425
2018-07-24,0.015698648742333243,0.017307074558063715,2.648457053212295e-05,0.0006012563273489782,0.00010747907832385228,0.00011226914668513763,0.0023989307466160885
2018-07-25,-0.0010169445817118572,0.0007981483383245652,0.000564837138937149,0.0005692779811542296,9.769822978593121e-05,-0.0017228468680937322,0.00817426444993114
2018-07-26,-0.011616781170669119,-0.006706479876586075,0.0007320483125986535,0.0011375846515293115,9.768868577397385e-05,0.002134392602244955,0.0008881027317060503
2018-07-27,-0.0039024439769318126,-0.004490128383575572,0.0012775951233143564,0.000778709696402007,0.00027347756189392814,-0.0012351456609098132,0.009588765276732662
2018-07-30,-0.0017331026868348527,-0.012520911212637268,0.0009769192618358977,0.0012719906263179482,8.788762108522221e-05,0.00011234903110767586,0.0026271092652107595
2018-07-31,0.0008389731461405752,0.0004356270375464497,0.0009847539790292016,0.0009870425229609008,0.00010740771490652815,0.0013098068972108247,0.004069789605769662
2018-08-01,-0.019932901624465805,-0.016356616260361622,0.00033389275323600457,0.0011642971216604722,7.810745637291003e-05,-0.0015345175831494088,-0.0055609694479329605
2018-08-02,-0.02231926558199188,-0.02217691811922141,0.00032499901468792137,0.0009011369604408954,9.762574203299339e-05,-0.0011618103058929669,0.0018190837549990325
2018-08-03,-0.016523955879321945,-0.013041558457075251,0.0006935634954438455,0.0007956782529592887,0.00027330138480131613,-0.0004876127701123562,0.008699964752752233
2018-08-06,-0.012679734896349902,-0.02159385512156214,0.00026325257481426607,0.0017775180079317796,5.8554865926120076e-05,-0.0008257328848114414,0.013878684491245777
2018-08-07,0.028707839870793183,0.026967753258825534,0.00040351939633638485,0.0008458249646694527,5.8551437454416714e-05,3.7548108518583266e-05,0.008865761396541104
2018-08-08,-0.015790962539657734,-0.015494683948885916,-0.0015535653932413523,0.00046959380999121177,9.7578111355494e-05,-0.001578235710126957,-0.0015067634398742006
2018-08-09,0.024707793574815253,0.025441815891038576,-0.0015383874583069558,-0.0002817298229650554,8.781216008927149e-05,-0.0002256657148135285,0.0011406490492161985
2018-08-10,0.0021952003269612996,0.005348559728595916,-0.0003431633535218265,-0.0006054659140639671,0.000273144085202274,0.00033847947821234167,-0.007900573462139786
2018-08-13,-0.004337272587008343,0.005040803758528418,-0.0013650196084362696,-0.0003342071488772403,9.753338087692507e-05,0.0017657560706959537,0.008729319961502337
2018-08-14,-0.005142295726009376,-0.0034698290572804107,-0.00016745325669613914,-0.00037611660057873937,8.777191011941192e-05,-0.008330083411030953,-0.003845653139292102
2018-08-15,-0.024054927104933472,-0.020961169278556523,-1.7628289880067563e-05,9.404241319774054e-05,8.776420688736126e-05,-0.0020459977584010164,-0.003540539360726323
2018-08-16,-0.004665359260493987,-0.008817047075858727,-0.0008553452985895181,-0.00018809367120251297,8.77565050071622e-05,-0.009833520562807301,-0.009903458364340947
2018-08-17,-0.01424972789496861,-0.01775320978564815,-0.001271141726895284,-0.0005331242776212173,0.0002534755409675886,-0.003107320041208118,0.007466402790952041
2018-08-20,0.011488124410863781,0.006173582691457472,0.0004768675193468143,-5.228238764388924e-05,8.772656609735791e-05,0.006052266999688263,0.007770845455345378
2018-08-21,0.018022262860053904,0.012426367195585578,-0.0012191137317397343,-0.0004915881009168318,8.771887082189448e-05,0.005028390466332712,-0.00014527895314006716
2018-08-22,-0.0055359160903007045,-0.011200101604115565,0.0005744053957624441,-0.00013601385269730414,7.796587047961636e-05,-0.0015591431675570833,0.0011132663066052277
2018-08-23,0.004088288911632988,0.0056060591231713655,0.0018094280525823238,0.0005439444473955971,8.770433898473606e-05,0.0006087353711032751,-0.009499015986788092
2018-08-24,0.0019493759311327839,-0.0023045723987478906,-0.00022930722859218754,0.0004704824622969815,0.00024358281205273,0.0011023892550084688,0.0063496250917556485
2018-08-27,0.02408069016303844,0.022241459802469,9.7021013945735e-05,0.0003657778306262903,8.76752897498566e-05,0.002618050858894413,-0.007312888535007339
2018-08-28,-0.0018452317541045307,0.0027646296722585945,-5.2919386147440926e-05,0.00011493111981702711,8.766760346734891e-05,0.00389539663954222,0.0044873120810921905
2018-08-29,-0.004019379372036639,-0.006507141900728439,0.00028220437074933584,-3.134354088242359e-05,6.818060069730811e-05,-0.0024564929871357345,-0.00550043737954565
2018-08-30,-0.010485634766843884,-0.015092382777676792,0.0006963512359554174,0.000386501694450485,7.791499478034127e-05,0.0011345158725491432,0.0012156272456081618
2018-08-31,-0.004931179090411902,-0.010820997486171493,0.0006958666683212798,0.00043855070140077774,0.0002629182972194878,0.001774824399581067,-0.004345323027268484
2018-09-03,-0.0038620900316959426,0.004812994608502238,-0.0006077555072234765,3.13176918885958e-05,6.815272053698799e-05,-0.005561560218071862,-0.007630615653739442
2018-09-04,0.012504932962673488,0.0106731615101484,-0.0007139237462520702,0.00014613626188577413,9.73529727500591e-05,-0.0032681009516797887,0.0002190294179394119
2018-09-05,-0.01973845199256472,-0.015544756163594183,3.526745960039377e-05,0.0003548134657624659,8.760957286192834e-05,-0.0009139376112172311,-0.0028653010657198543
2018-09-06,-0.010077384446300046,-0.004659913667944845,-0.0003968306511155619,0.000312966191773899,7.786873282297379e-05,0.0033470288358587847,0.007995215848050205
2018-09-07,0.004527947523495622,-0.00045148056946784043,-0.00027346386257285103,5.2151510580313884e-05,0.00023356982384083145,0.0015935049090336673,-0.003562781890658381
2018-09-10,-0.014586480064715666,-0.018288420481099518,-0.0008826515423652699,0.0003441317745798266,7.784448621692632e-05,-0.0001516530181857026,0.009624064764460087
2018-09-11,-0.0018535686493229438,-0.00042001260655251534,-0.00034444538010947837,-0.00017726521529391084,7.783842692480694e-05,0.0007201470927336116,-0.012753714544840138
2018-09-12,-0.006744307420053333,-0.0019223073600744805,-0.00012367600436274988,9.385020471451512e-05,7.78323685756009e-05,-0.0007201470927335168,0.0002829895029781872
2018-09-13,0.01066010764877807,0.005855508002300955,0.000635885138182318,0.00011469384575822885,8.755417420117075e-05,0.0035577797643056904,0.0060087349496173266
2018-09-14,0.0017858498881732723,-0.010677505612062209,-0.00015010308578320314,0.0003648474717451201,0.00022371473546631355,0.0021512283502337047,-0.0016114791444162336
2018-09-17,-0.011497176343461955,-0.014566220255999893,0.0006973470201782543,0.0006251432823565013,8.752692674237377e-05,-0.0038906880438845065,-0.001917451505669287
2018-09-18,0.019869206210662155,0.017482289854490653,0.0003352596087690689,0.00029159984376927876,7.779528175538532e-05,0.0003405672369399265,0.004695455732649663
2018-09-19,0.013049881298728644,0.01152042770099355,-5.292825576170536e-05,0.00012494533657787847,9.723559219271143e-05,0.0033616016245595756,0.0039042698607157232
2018-09-20,-0.0007106689470284187,-0.0006354501981172695,-0.0007148057753559491,0.0001977981944350056,7.778166690033139e-05,-0.0005657708778923452,0.0017893218632871047
2018-09-21,0.0298242122332436,0.015375214179574506,0.0005118881724398722,5.20456544599537e-05,0.00029162738004499036,0.004329418527196092,0.0036386489330105247
2018-09-25,-0.009097929809828034,-0.0025657863713188667,0.0009436583775268606,-0.015281884502368571,8.747163251946007e-05,-0.004555816535860579,0.0007720316290443793
2018-09-26,0.011051111530864074,0.005027446303478168,0.000669721561867053,0.00013738949414717383,6.802820257549161e-05,0.002148714425807968,0.0017782722107626391
2018-09-27,-0.00399661251655458,-0.012349592982492226,0.0004667773512789746,0.0004014918646175569,7.774085091275101e-05,-0.003017048600236535,-0.005616486965505448
2018-09-28,0.010346748271635791,0.009574907262277913,0.0007745456532978717,0.000506917319969007,0.0007479468237968383,-0.008458394034872613,0.00024424540503909024
2018-10-08,-0.044129092675532534,-0.03273764505331781,0.0005629293584371646,0.0012661702157962277,7.767669023534286e-05,0.010872760682257647,0.011867949508483664
2018-10-09,-0.0006558159180977867,-0.002631846847623233,0.00018464216839951487,0.0003373748055194252,6.796215481468333e-05,-0.0010178501623297857,0.01811429588483088
2018-10-10,-0.0022090880080530687,-0.000912640128244576,0.0007557981499979946,0.0003267233367492346,9.708078099412256e-05,-0.0009811321541765092,0.004998389310716431
2018-10-11,-0.049060664873860085,-0.07224457641492842,0.0011501772628571408,0.000642595687225014,6.79509394479523e-05,0.00681029816825854,-0.013239297567635937
2018-10-12,0.014861243991477717,-0.006740221596000921,6.142263601568356e-05,0.0004422030205035933,0.0002232348682721114,0.011372020914931842,0.010209472754274397
2018-10-15,-0.014076844095588417,-0.018482520583107953,0.00014915355385987033,0.00047357205757607635,6.793115665106979e-05,0.011317467304515983,-0.003805323913719925
2018-10-16,-0.008124749464552064,-0.023880448077113575,0.0,0.0003261081129883409,6.79265423225246e-05,-0.0006967235939417508,-0.00851608204369816
2018-10-17,0.005518168731454643,0.008235756681091765,0.0001491313103949239,0.00024188247784575424,7.762468468868299e-05,-0.0019093084559203782,0.01073874188223408
2018-10-18,-0.02405997101572347,-0.02775940427157919,0.000508633628139903,0.0004730791759934435,6.791665658608789e-05,-0.00033082762344760854,-0.01351358102639142
2018-10-19,0.029297637649287014,0.026850189316004178,7.013606399271347e-05,4.204065331792322e-05,0.00020372229811013842,0.0020200172142925024,-0.003119741406793943
2018-10-22,0.04229238443843411,0.04864504625003822,-0.00035072952099145764,0.00035727421175503927,6.789821090830144e-05,0.0017595957470842123,0.005887738569924085
2018-10-23,-0.027142461000431096,-0.018782050484322303,0.00018414833638930768,0.00026262021591251966,6.789360105416535e-05,0.005879469892062582,-0.0030905147242620613
2018-10-24,0.001539361776837975,-0.001833626564494432,0.0004032540906036975,0.00022054769433260826,7.758704300280265e-05,-0.00040060455404016784,0.004799554591711375
2018-10-25,0.0019055235196936851,-0.0027456728643570527,0.0002629042167451759,0.00033597917245221736,6.788372490286195e-05,0.000946624988769766,-0.00477210223869995
2018-10-26,-0.0064380218364526965,-0.00024393218806161165,0.00016647026134847446,0.00015745138720967125,0.0002133188543170737,0.00348748854944557,-0.0003020173408363916
2018-10-29,-0.03126333519215027,-0.016818771420025747,0.001435750426104194,0.0007554217605938815,6.786463915594432e-05,-0.0010522306444261784,-0.010559104317086305
2018-10-30,0.010593185008800719,0.010210009146046757,0.0004548078515258192,0.0005766740745610007,6.786003385903175e-05,-0.0050588792766017585,0.0006519538037307637
2018-10-31,0.014034878412774458,0.016188140696498782,-0.0002973509550258358,-0.00011530821374137345,6.785542918733317e-05,-0.007287407513643876,-0.006448022730215555
2018-11-01,0.007345795270910621,0.006459334268065505,7.871915197309228e-05,0.00047163138166125243,7.754342435645822e-05,0.00377850373429431,-0.012188252037327249
2018-11-02,0.03516585823213351,0.03225601209902982,-0.0002186796133710757,-0.00014670592823060448,0.00020352288491250084,-0.0018691251708021746,-0.0021143226666370243
2018-11-05,-0.00847323143097163,0.0008027208441342385,0.00028864699110981915,0.00023052822501061726,6.78317578861437e-05,0.004246290881451224,0.0022626523685188695
2018-11-06,-0.006001495764203444,-0.0002111798626732302,0.0006557061971856663,0.0002723739501631817,6.78271570505414e-05,-0.002413781664224097,-0.004424018625948608
2018-11-07,-0.0064943175570830545,-0.0047845968273400215,0.0012577519345206404,0.0005131185678243993,6.782255683948703e-05,0.001280761313122522,-0.005484571978055058
2018-11-08,-0.0028049654050437078,-0.007049106526508977,0.0004625246071365043,0.0003140243289984535,6.781795725231453e-05,-0.004949144003581146,0.002436558108314324
2018-11-09,-0.014329888506485406,-0.002567889964704041,0.00042742685327480694,0.00035577507019884545,0.00021311221407367838,-0.0014343247342338504,-0.006367493156685896
2018-11-12,0.011639495859806621,0.02572108206108022,9.592786232115497e-05,0.0005125121049350049,6.779890846362479e-05,-0.00824114496250768,-0.007886878777589989
2018-11-13,0.010051866542671279,0.01825079626912072,0.0008106589008429759,0.00018820380436356877,6.779431208333836e-05,-0.0024149665282212278,-0.00415169448550331
2018-11-14,-0.010174329268232423,-0.003903526343851717,0.0035486938399754645,0.0007420142368241056,7.747358638795979e-05,-0.001749846869550352,-0.002954276228372411
2018-11-15,0.011718824661646489,0.016435146332151193,-5.209554323806909e-05,0.0004491213486464648,6.778446479511845e-05,0.007203090587714593,0.003823652505690086
2018-11-16,0.00464934569364371,0.00864950904961659,0.00040800913811983846,0.0005324174487260563,0.00020332583034257356,0.002217295808647531,0.006179721943316483
2018-11-19,0.011321214691763627,0.002346030371306585,-0.00018228138219762951,0.0006573010205717149,6.776609084198651e-05,0.003684602547375429,-0.004703514658913653
2018-11-20,-0.02341208788397397,-0.028852062255392802,-0.00012153938325038063,0.00023985942267168447,7.744133822510882e-05,0.00257116762400736,-0.012288304093771029
2018-11-21,0.0025576240230819128,0.0037037079374844318,0.00019966404420734574,4.1708809949508966e-05,6.775625174993196e-05,-0.0001467459097210834,-0.006322790745674229
2018-11-22,-0.003808367768445715,-0.000575232163121035,-0.00019098216979063795,0.00023979190348073288,6.775166115154331e-05,0.0009534637122631191,-0.0051627027136674905
2018-11-23,-0.022285560705576864,-0.03957094504161046,0.0003385343232347841,1.0424430695958152e-05,0.00021290391339736075,-0.00025661235179403046,-0.017939208480832254
2018-11-26,-0.0007181553085263808,-0.0020116855715227432,0.00046855071183203145,0.00018762117255732302,5.8056837660418976e-05,0.0013556343329502133,-0.014542369556834939
2018-11-27,-0.0013127463284228612,0.004488625683139659,-2.6024836370266985e-05,3.126677332366421e-05,7.740387410252942e-05,-0.002970135839484803,-0.0070623388824035925
2018-11-28,0.013235761482101073,0.01256731914265235,-0.000199546249843338,0.0003334514338046999,7.739788320639531e-05,-0.0047116073468489944,0.012744974129256027
2018-11-29,-0.013016850718635491,-0.02152177155391596,0.0011620144044512568,0.0001458500455761097,7.739189323785587e-05,0.0061794436531060915,-0.002566535179316897
2018-11-30,0.011070453255457129,0.0068836383966927,0.0004938806555495094,0.00015624430391085616,0.0002224683354518778,0.0001833281395494562,0.004458654574958937
2018-12-03,0.027392287617756646,0.03147017236294458,0.00024251873142973522,0.00036447513381414646,6.769793185392763e-05,-0.0014675670376862679,0.015801853217928406
2018-12-04,0.0020440069639031102,0.004792902471304704,0.0014884689693745224,0.0002290306807015721,7.736345354325502e-05,-0.0007713357345569052,0.006101463831245012
2018-12-05,-0.004816095035322956,-0.007177237490571223,0.0006915569815988756,0.0007595898580185516,6.768811254270547e-05,0.0008080511715665894,0.005407220315144148
2018-12-06,-0.0218716300050944,-0.020764604357681567,0.00034559922929756464,-6.241028523528679e-05,7.735223310095243e-05,0.0037013326727314763,-0.007972897443465831
2018-12-07,0.00018502528731694653,0.0003602267348378802,0.0014847171838389204,0.00042639267250625716,0.00021268779445573991,0.0017907725205922168,0.007278263096165609
2018-12-10,-0.011505608308417745,-0.01131351884603413,0.0011551725422504285,0.0003638499522953361,7.732980197762774e-05,0.010858422014489874,-0.005247488360913456
2018-12-11,0.0048230354091988075,0.008746722430351815,-0.00015509486667065865,0.00019746311920787663,7.732382254188411e-05,-0.002640193942191676,-0.005469421463131432
2018-12-12,0.00343967739701119,0.0001274345306823785,-0.00018959306490900658,-2.078375541765658e-05,6.765344044486784e-05,-0.002320439023856796,0.0022092528876492125
2018-12-13,0.01556224718651774,0.011529087350662343,-0.0011987151899988872,-0.0002494387640770321,7.73126135914991e-05,0.0028635139272316585,0.00898804066136491
2018-12-14,-0.016955285317899405,-0.02512833901357323,-0.00033658846337178693,-0.0003222838516902854,0.00022224047476999202,-0.0028272156278030254,0.000775517327364097
2018-12-17,-0.0016121535037203357,-0.001917876701691792,-0.00017265342457803754,-0.00013518221022711184,6.762860306036778e-05,-0.0024712906893407634,0.002970937882543312
2018-12-18,-0.010292007015456156,-0.005385368741044013,6.906494697703572e-05,-0.0005721270278028422,7.72842321228952e-05,0.006419927383534153,-0.004914558727270031
2018-12-19,-0.01188894658370953,-0.0139104954129256,0.0002934728213442669,0.00018727760838799313,7.727825973203198e-05,0.001084050117001891,-0.007052320109928369
2018-12-20,-0.007706799076238958,0.0027011315051690436,0.0010523411246143345,0.00044724347952041963,6.76135787642558e-05,0.0003249860104072976,0.003881218904023673
2018-12-21,-0.012481664970092947,-0.006799678514342005,8.621172738222375e-06,0.0002391411724115659,0.00022212671937738547,0.00705140351597676,-0.0023031213746618727
2018-12-24,0.002909139977153793,0.010630220239439183,-0.00047427490724448603,0.00018711407776167234,7.724990347589061e-05,0.002828147301850342,-0.007908013029525282
2018-12-25,-0.006866201350220707,-0.011513827180227372,7.762401518424453e-05,0.00021825551571553128,7.724393638950229e-05,0.005667959207418708,-0.019983022316776514
2018-12-26,-0.00514810038627587,-0.004030299091120243,4.312184941674991e-05,-0.00014549838418527643,7.723797022449232e-05,0.002839700900160861,0.0035273135871261843
2018-12-27,-0.003862145997959367,-0.011134158644590228,0.0015080944426091028,0.0003117563337764818,-0.03432443605307614,-0.0047254533580763395,0.00831839158345321
2018-12-28,0.006732711643436218,0.0013005360937970638,0.0015918021266753293,0.0011941663802344498,0.00039958044585404543,0.0060360927479729655,0.0014803292658963148
2019-01-02,-0.013841278403464418,-0.008709895832006232,0.0012544465755839904,0.0014932960018997664,7.989693299897765e-05,0.004133186136586343,-0.008001679391684726
2019-01-03,-0.001652729031213521,-0.004576563337099512,0.001613000444098943,0.001004645273854813,7.989054998924772e-05,0.00527408838296616,0.01415623948540958
2019-01-04,0.02353972952873454,0.0234972267366264,9.429716472561751e-05,0.0009519277253821558,0.00025960021712582917,0.0006310254372408325,0.013581324820403539
2019-01-07,0.005927852409933545,0.018482214721357155,-0.001175063069691739,0.0008890267810443262,8.984591431754831e-05,-0.004601585301502795,0.00529150573614977
2019-01-08,-0.002186636667775549,-0.0025508827454301473,0.0006949121558970984,0.0008985608140105646,7.985625877663458e-05,-0.005012011056622459,-0.002631182859459435
2019-01-09,0.010057417981397587,0.0028121442043198314,8.576145451364524e-06,0.00024773682218437123,8.983066924908872e-05,-0.0030831954963824204,0.004579834678549551
2019-01-10,-0.0018820682780905902,-0.0016340050912827054,-0.0004717972560289567,0.00040244148373330837,7.984270990383446e-05,-0.00014198494983381325,-0.0012937753576249818
2019-01-11,0.007126752190205098,0.007559337413378813,-0.000540695966106579,0.0002372613857910014,0.00021953458755795394,-0.002310085434242967,0.004630742110577191
2019-01-14,-0.008852433303617083,-0.006556831063753216,0.0006436525356845597,0.00011345294035784034,6.984180833271107e-05,0.001031312881465972,-0.0029403482873671277
2019-01-15,0.0194482247821714,0.01418831656757259,-0.0009355782169143279,-7.219583639437202e-05,7.981323706772892e-05,-0.004167340539813866,-0.0002717401299774615
2019-01-16,-0.018585011978598426,-0.002300556803130562,0.0011843461734532493,0.0003506166764459666,6.983135730070052e-05,0.0022817222634212253,0.0054281274430077
2019-01-17,-0.005576043930063158,-0.007649129775698243,0.0007030781392254322,0.0004226390261809416,7.980129481841818e-05,0.0004628393496064903,0.0002410545050515228
2019-01-18,0.018025391709262303,0.010078533187120101,-0.0013809017508639126,0.00027822574591981333,0.0002293932558469055,0.0006049284056014446,0.01407712959793681
2019-01-21,0.005445316487785035,0.005845027506630695,4.291385045171653e-05,-4.121374478977618e-05,8.97482562016662e-05,-0.003920734991141181,0.005186159867381422
2019-01-22,-0.013335216254793815,-0.015143005158792643,0.0006091780146430225,6.181998023733068e-05,6.97986309781885e-05,0.0022117588925047245,-0.007868789297622289
2019-01-23,-0.0006682684141838373,0.0017107532567599314,6.861651945398007e-05,-2.0606235447479485e-05,7.976389890165957e-05,-0.0016762071721871117,0.0025890028776822437
2019-01-24,0.005650270563507595,0.0053945710523444134,5.1459299993328786e-05,1.03031708008916e-05,7.97575371297293e-05,0.0008919493250599078,-0.0006340103527243857
2019-01-25,0.008070661713667982,-0.004443013887119153,-0.0004975508591031607,-0.000319447667399586,0.00022926749137251016,-0.0008562560728656701,0.003245062406370719
2019-01-28,-0.0002512247218338182,-0.002814037400416909,-0.0002402855977510189,0.00012366926731421503,7.973289484471589e-05,0.007219477628977483,0.001184591831305468
2019-01-29,0.0031983972579353874,-0.012366974415602172,0.0011751336243922448,7.213334366953265e-05,7.972653801690547e-05,0.005160298447747811,-0.0013857528182474482
2019-01-30,-0.008015256099909131,-0.010013758739797396,0.0006170353362791053,0.00038118983199848767,7.972018220282949e-05,0.002781153330195033,0.0072164228350388975
2019-01-31,0.010422974465729064,-0.00859348981350979,0.0008649223179610055,0.00046341351216268366,7.97138274020439e-05,-7.03135986789758e-05,0.009569858637778338
2019-02-01,0.014141085956725702,0.028043547576261218,-0.00010272389538044652,0.0002985305115204528,0.0007768769937153263,0.002493110127837399,0.008947094923981666
2019-02-11,0.017793031938498398,0.02480024902429488,0.001727780916162648,0.0012754710170908075,7.964557722370026e-05,-7.014344337034929e-05,0.004548272897704273
2019-02-12,0.007143641067423984,0.008237104887725796,0.0005638760647325691,0.0004213706942506695,7.963923431087212e-05,0.0012618298204221654,-0.0010601126664990046
2019-02-13,0.019776125880560866,0.016459645842014082,-0.0005724220872001348,0.00034929473639209053,7.963289240844829e-05,-0.0025603717755750643,-0.006700462312448177
2019-02-14,0.0014712375759575317,0.004418026097029467,3.4183651671804574e-05,0.00025675654998625534,6.967357930906514e-05,-0.0019685737717388386,0.00359036597854386
2019-02-15,-0.01887744529439294,-0.006592908112594674,-8.546132025844504e-05,0.00028748909279587904,0.00020899161621610964,0.006593507561376737,-0.008343544587444457
2019-02-18,0.03144152583481888,0.034603554346693884,-0.0010346612407764416,0.0004002935539473127,6.965416708869333e-05,0.005403628341304181,0.011097693276790582
2019-02-19,-0.0018018546535647495,0.001141084153642896,-8.555710514193888e-05,-0.00010262409828073647,6.964931572357181e-05,0.0023961256754520543,0.006859300478889289
2019-02-20,0.0035135132040144865,8.002720929392846e-05,0.0001882159698249442,0.0003181004300655,8.954199276724316e-05,0.005672204188764148,-0.00043686745928284626
2019-02-21,-0.0026993703351323155,-0.0017821211953225051,-0.0003935828927811746,0.0002769727917586509,6.963822942642758e-05,-0.005568154938691963,0.00029126617773440807
2019-02-22,0.022218345888945303,0.02491940010708176,-0.00034237195623404177,-0.0001333476940516576,0.0002188314409831828,-0.006227298386011214,0.006772237701124928
2019-02-25,0.05790037425961637,0.05460517283983697,-0.001404951828805779,-1.0258251481146673e-05,8.950815276075653e-05,-0.0021310423967283365,-0.0072507912302270695
2019-02-26,-0.012172725574714964,-0.0008518045808816652,-0.0018877968159390142,-0.0006772773709620183,7.955607713173772e-05,-0.0011547547429624281,-0.0043382206277056135
2019-02-27,-0.0016578568528308828,-0.0046607145987265985,0.00024046306431452837,-0.00014372388613056894,7.954974846581077e-05,-0.00038521476199065443,-0.003063366583552184
2019-02-28,-0.002451048368890259,0.0014878464311762945,-7.728539352846396e-05,-7.186969001596368e-05,6.96008392154289e-05,-0.0065362006602689825,0.004316708993610912
2019-03-01,0.021632670961968945,0.008143819648644232,-0.0010826231467106775,-0.0002464495869040462,0.00020877345670458142,-0.005373316095817369,0.016357488348695198
2019-03-04,0.011171225193640083,0.017740647431056033,-8.597269512493683e-05,-0.00019514900715671048,7.952128192491069e-05,-0.013381348306780838,-0.011062082550413316
2019-03-05,0.005709715423602393,0.02599034527186942,-0.000808504826261824,-0.0004726237899934809,6.957593470615203e-05,-0.004356207274017159,-0.0030572265464719915
2019-03-06,0.008230714194510769,0.01762961466548473,0.0,-0.00023639568636565184,6.95710942322913e-05,0.006222482086238261,-0.0020085701081824963
2019-03-07,-0.010410766275995636,0.012884290126983078,0.001160945914225007,0.0004213620332938425,7.950389573267345e-05,-0.004456111157802603,0.0010638631749046187
2019-03-08,-0.040568943529130375,-0.03930423538153859,0.001133845403130618,0.0003698300878379195,0.0001987320899245416,0.008999540849925615,-0.009201855019649586
2019-03-11,0.01952392610635152,0.03858516808352448,-0.0001888849781958295,0.00045182888776729857,6.954690196207671e-05,0.003385183270823511,-0.0033934657474800098
2019-03-12,0.006744304969835802,0.01701547275943725,-0.0003263399288685852,1.0266466128506036e-05,7.947625154435206e-05,-0.0024932339457634177,0.008723827079429796
2019-03-13,-0.008276130963730853,-0.022924518398922344,-0.00014602866482744118,-1.0266466128477694e-05,6.95365389957406e-05,0.007248725908669314,-0.0036624445092936944
2019-03-14,-0.006881782411757019,-0.023621155243595537,-0.000317900826212174,7.186304959092327e-05,6.953170400181306e-05,-0.0025523782866392394,0.004157661490709192
2019-03-15,0.012460298192753861,0.011313627599465427,0.00033508177597548394,-0.00013346405986690643,0.00020856610876325414,0.0005322829741897687,-0.005082380988321445
2019-03-18,0.028007421214547544,0.026284916142821628,-3.4362194716786586e-05,0.00023611660163395774,7.94423149909564e-05,-7.095469545669821e-05,-0.002168033938028898
2019-03-19,-0.004639895715696526,0.0036798725591148337,-8.59073317625442e-06,-0.007686955665036097,6.950684893493474e-05,0.003223352595180354,0.0029036758187163773
2019-03-20,0.0003657166781444384,-0.0014059101347702993,0.00021474619230170132,4.137488751805403e-05,7.943048347560888e-05,-0.0021595604307487848,-0.003824230605783662
2019-03-21,0.00033947434030591136,0.013703456752703928,0.0006267950800019287,0.0001654824333830062,6.949649790069746e-05,0.006675993075339216,0.004230353260405899
2019-03-22,-0.0008097060687125368,0.005685291116101476,0.00045482436411409667,0.0002481723155840254,0.00023823704698744521,0.0,-0.0010366396994702916
2019-03-25,-0.02401215431924096,-0.01285029227807872,0.0015345775851211556,0.0006408268953152106,0.00013894540460441886,0.0023208393566574678,-0.012077262672006903
2019-03-26,-0.011359170347276052,-0.028422066871915317,0.0007193259198980806,0.0002686116924222413,8.931185223830786e-05,0.0015442392427545055,0.0018425085999406493
2019-03-27,0.011466225266551944,0.009518297884289066,0.00019686808617916144,0.00024788523040824076,6.945925969135047e-05,-0.0019306719467959193,0.0001486699353192216
2019-03-28,-0.0039955538990177,-0.014154970571325578,0.0007443245598572956,1.032721789917626e-05,6.945443543793306e-05,-0.0021456593820828092,-0.006227629669668546
2019-03-29,0.03785874554620069,0.03263764791476721,0.00035058166987978726,0.0003717088323645367,0.00020833436749150767,-0.019305550253790257,0.007868609249811696
2019-04-01,0.02579437151124036,0.037335288891662016,-0.001214734362102196,0.00016515958582491306,6.943514512242925e-05,0.003476145341276072,0.01219433077503564
2019-04-02,-0.0006809669994163469,0.0030303790094524004,-0.0008391992134770244,-0.0005471956360885947,5.951200160451744e-05,-0.0017186441267123516,0.003561314409945426
2019-04-03,0.012635547171539136,0.010494559361847488,-0.001345900992278609,-0.00016524999263004922,5.950846013699328e-05,0.0018974998085397065,0.008637851519029611
2019-04-04,0.009965130429900406,0.006161527626034038,-0.00260263588488489,-0.0005475857289279185,0.0002974891934200505,0.0023222175098846524,0.0007101465061733791
2019-04-08,-0.0010118086324010166,-0.004433748351909315,-7.740969947396856e-05,0.00016534049846490733,5.948722017975812e-05,0.003170929885920155,0.013452242743085301
2019-04-09,0.004409906014667623,0.001724799201073112,-0.0023078390623118526,-0.0002480210003826399,7.931078928323224e-05,0.0006400910570240879,-0.0011158361423114604
2019-04-10,0.002479715489718849,-0.0009259112106077678,0.00019826988043762357,-0.0002067311675270775,6.939178106686672e-05,0.0045399808418505995,0.0006125032518046743
2019-04-11,-0.021839962774260018,-0.02124236506768332,0.0009907601663361988,5.168679868627898e-05,6.938696618186783e-05,0.0001769253910243214,0.0010879692089946534
2019-04-12,-0.0023084267791036554,-0.0025319157248796524,6.888594212866667e-05,0.00022739018185820187,0.00018831178540545013,-0.008278163557943419,-0.002170312485512344
2019-04-15,-0.0033466307042415125,-0.01037403159918346,-0.0020686452583725885,-0.0006926675731183681,6.93690881710613e-05,-0.004827903879205313,0.0017080701943487085
2019-04-16,0.027323356962474506,0.02104617896181152,-0.0006818662684296275,-0.0002792703820882186,5.9455388657639396e-05,-0.00025097251982648564,-0.0063570663375776435
2019-04-17,0.00036781384130319447,0.0052614711435865205,-0.00017269814996848676,-0.0005794762111262204,6.936015262020158e-05,-0.006006240070576078,-0.0017806638360959833
2019-04-18,-0.003684240547976423,-0.005601351217747692,0.0018808025698232725,0.0001242017451942063,5.944773060044553e-05,-0.0035776920513521126,-0.012144767468790743
2019-04-19,0.011742105116774718,0.005939333146979208,0.0004136469065623812,0.0004242396086122315,0.00020803923100510695,0.003252975724287755,0.005673499291179591
2019-04-22,-0.023250281572692134,-0.01507835114180515,-0.0007067503569366649,0.00036201341913632266,8.914642305885594e-05,0.0017666256645194626,0.003931767300137825
2019-04-23,-0.0016691375432613608,-0.016454430814611398,-0.00043119061017506973,-0.00028960025025270603,6.933061295985472e-05,-0.003427935591920709,0.001764607386548866
2019-04-24,0.0027389091371164223,0.009174755434820688,-0.0007938768354678337,2.0688513737966504e-05,6.932580655918563e-05,-0.002388449729519276,-0.005365262560818894
2019-04-25,-0.022098818978510754,-0.03945506675971297,0.0008370042640877108,0.00013446490744783074,6.932100082502513e-05,0.005636260314198156,0.0005998614293166462
2019-04-26,-0.013461495664647905,-0.009027427121249178,0.00041392870669139994,0.00014478814417228983,0.00020793417473059916,0.0032013840043295513,-0.00459431045543931
2019-04-29,0.002855858376337894,-0.02660569295998759,0.0,0.00012408744044220337,6.930178454858466e-05,-0.0018332469772417608,0.0016605323052844305
2019-04-30,0.0032831486130420148,0.007422627038331521,0.0004309936193462456,0.00012407204465972815,0.0004157098800859988,0.001366267785250659,0.005776497923033269
2019-05-06,-0.06018618883925244,-0.07890327185688469,0.002487509943756193,0.0010849742478827127,6.926818168842913e-05,0.00412342146476578,-0.009919126446223555
2019-05-07,0.009823766810920525,0.013399394255200075,-0.000877238303843939,0.0005162409514367495,6.926338393971687e-05,-0.0011098581595014002,0.011622259798422246
2019-05-08,-0.01440317840101059,-0.004503196583710495,0.0006794968544425584,0.000577873647500987,6.92585868557371e-05,0.0031830645068904443,-0.004497604049554378
2019-05-09,-0.018641616376446707,-0.012006679441219735,0.0007134047327113125,0.0006806369374224425,5.9360685435397596e-05,0.0029949749630661117,-0.0007929585698188161
2019-05-10,0.035626760118151725,0.035263975727569424,-7.733254286140956e-05,0.0004019769072016553,0.00019784350643211134,-0.0006410256629761212,0.0038760672415654686
2019-05-13,-0.01671197194226264,-0.011953073010467377,0.0007816426058172367,0.0007313895181071234,5.9345420034587314e-05,0.006037807801081895,-0.003669147856619172
2019-05-14,-0.0064393487245065365,-0.007590916148723117,-0.0007214945556700009,0.00030887713113394327,6.923187240358999e-05,0.012666859486541854,-0.010106137168232448
2019-05-15,0.022345172399324462,0.02201326271561779,0.0003264548748088769,0.0004425575783024691,5.9337790278009514e-05,-0.0038183361334019304,0.011401858025218163
2019-05-16,0.004452558184902481,0.006329541464104717,0.000987306750529763,0.00024692374297238844,6.922297216547602e-05,0.003853299334636078,0.011661440641268778
2019-05-17,-0.02572619887838765,-0.03283066810077965,-9.439588784193645e-05,0.000226293215255047,0.00018786677334729947,-0.0024503810349518055,0.00400856602262016
2019-05-20,-0.008521486145159032,-0.003786950921488248,0.00019736305856669217,0.0005346713954797048,6.920517855237824e-05,-0.0028429550762912297,0.0016057077200743177
2019-05-21,0.013479517476003594,0.017768468148234483,-0.00018878124600210376,-0.0001439218712327306,6.920038952689254e-05,-0.002075893995305203,0.011576618246543083
2019-05-22,-0.004738371802229307,-0.006487883726646933,-0.0001287349221000321,-0.00016450750602598299,5.931080842371066e-05,-0.000810415646617115,-0.007974861454726347
2019-05-23,-0.016889019617913087,-0.020581381422822682,0.000969395490587762,0.00024675111163194704,6.919149738102017e-05,0.0008456362154330378,-0.009461141925247751
2019-05-24,0.0030388804628768895,-0.0059535416872123605,0.00029149270188649616,6.167826562664086e-05,0.0001976636167017,0.006599525479740843,0.0025095481364290646
2019-05-27,0.012339004555111168,0.024995594854134866,-0.0010892453122286763,6.167446165298164e-05,6.917303637808926e-05,-0.0005949777058884956,0.0012015356662200887
2019-05-28,0.00987709639901993,-0.0014288133881587297,0.0004547112018805963,-0.0004832184498408062,5.9287365879745985e-05,0.0004200210072251183,0.0024596591240104958
2019-05-29,-0.0021531467415434893,0.00037620149795691577,0.0014999381409323675,0.00028790293757045447,6.916415126008745e-05,0.0006646726731909598,0.0013120521292478784
2019-05-30,-0.005636438255856144,-0.00626334418752726,0.0012582117081542496,7.196278499082543e-05,5.927975104235006e-05,-0.005505598393096912,-0.007939134607691613
2019-05-31,-0.002582560916681061,-0.002709900368787632,-0.00027376165796783725,0.0002672450138736257,0.00019757379445457045,0.012753269409413777,-0.00930831390501038
2019-06-03,0.0010173360423201068,-0.011527725183291381,0.0006500616076736552,0.00046237073708759184,7.901858916426072e-05,0.012661235496033622,-0.015236476356631314
2019-06-04,-0.009193499591092433,-0.01187582145991127,0.0006496393020896382,-1.0272582989584728e-05,5.925984455894265e-05,0.010367734911441122,0.005049091271504139
2019-06-05,-0.00011094777145038728,-0.0014774210031730615,-0.00022219753452154854,0.00030813159517023537,6.913204717559674e-05,0.004637395126352871,-0.0005836941052795079
2019-06-06,-0.008664092865990503,-0.021552304083577375,-0.00011111728440796455,5.134603635394373e-05,0.0002567343406153617,0.001181295174243801,-0.006674107087693355
2019-06-10,0.012733358955397683,0.01006703319158827,-0.0005301139013982777,0.0002361578161243462,5.923702710847777e-05,-0.0018907426795496266,0.005846623459767225
2019-06-11,0.030284320653033898,0.036859494225548836,-0.001129566520636978,-1.0266571529803882e-05,6.910543023354438e-05,-0.0059317180956990345,0.014276731179631321
2019-06-12,-0.007424777874461122,-0.0074627212015896,0.0001969102224171494,-0.0003285859538534665,5.922942519581554e-05,0.008732793109393995,-0.011054103340276133
2019-06-13,-0.0014861855062737073,0.003319410133119367,0.0005391643084034551,-0.00019514900715671048,6.909656247363373e-05,0.0026588151969555063,0.01139694011219183
2019-06-14,-0.007818478311569614,-0.019986623196218804,0.001009081821244928,-0.0005753976567449896,0.0001875237494453045,0.015243536605961398,-0.004686456359845301
2019-06-17,-0.00010902153186051097,0.0014949862508108675,0.0008201974059703078,0.0005548534404547289,6.907883377942227e-05,-0.012156078619462525,-0.006294521903915333
2019-06-18,0.0035642901679323827,-0.001145308727627025,0.0001622510197620456,2.054421629038611e-05,6.907406222370446e-05,0.007411150596374835,-0.0001455669662602632
2019-06-19,0.014773945693336404,0.013466268239641331,-0.00019641248392564855,0.0002978437164157165,6.906929132716877e-05,-0.004600468159797642,0.007802937020325405
2019-06-20,0.02976637781545105,0.020391256698854266,0.0008878190115439226,-0.005839507826844958,6.906452108981523e-05,0.020864744203992668,0.009256599413854486
2019-06-21,0.0014795782008455197,0.013632294062943418,0.00034978906370018443,0.0005163209152386301,0.00019730092400823752,0.007822980670141954,0.00102853687789202
2019-06-24,0.001969371733392472,0.0005555144206260245,-0.0005887397300587373,0.00044382287035558596,9.863586605364721e-05,0.007214408282579447,0.004123941315549495
2019-06-25,-0.010330428450649354,-0.009953292778360334,0.0004010632496361884,0.0002269960182264295,6.903931791893342e-05,0.020894235289927923,0.00239723823071129
2019-06-26,-0.001518205668156523,-0.001834004444075525,-0.00023891192796114574,0.00028882952038455586,7.889624162140756e-05,-0.017226159488892417,0.0005544736699450802
2019-06-27,0.011097620863084587,0.008988070279451815,-0.0005633754875815347,0.0003196782620228973,6.902910565659253e-05,-0.0018001805041478545,0.0029430249326503296
2019-06-28,-0.001503720695056226,-0.010881743914875876,0.0007169682792617708,5.155144061636034e-05,0.00019719976399942325,0.0017359441142109204,0.0012192207255463264
2019-07-01,0.028291949671003083,0.029858482842565443,0.00023034496392879537,0.0006493205552566084,6.90107311959016e-05,-0.022017450533461328,0.009907272290116294
2019-07-02,0.0003278316487771346,-0.0031927051065582957,0.0018153078862945594,0.00022664757429581345,6.900596904368707e-05,0.007001959045964067,-0.001227214976641925
2019-07-03,-0.010493328909270459,-0.008533336178140912,0.0006554279455443197,0.0006075740989620937,6.900120754843453e-05,0.026226263814545722,-0.005232531175793261
2019-07-04,-0.005134569925628068,-0.00302706126525554,0.00045939462805773496,0.0003293773768107727,5.9140102920919874e-05,-0.00944577339316855,-0.002115493245379768
2019-07-05,0.005924127432420866,0.004113827689828994,-0.0011063077684846055,0.0002263840306027199,0.00018725392179207194,0.0022098748724643587,-0.004399757800733354
2019-07-08,-0.02320624387988382,-0.034689673120195295,-0.00013624558287346706,0.0002880510281735121,6.897944907867406e-05,-0.005260468892452839,0.006374357309948489
2019-07-09,-0.0019039924375848373,0.0021133807666046177,0.00023841758953547354,-6.171823570093062e-05,5.9121455193349314e-05,-0.00823475177966612,-0.003091234115792712
2019-07-10,-0.001280058691747491,-0.007406875646446585,-5.108469844111668e-05,2.057316847444611e-05,5.911796005353035e-05,-0.0011355710708792154,0.002238739174098416
2019-07-11,0.0004965438040581472,0.00015327432301910475,0.0003745605342120162,0.00021599271879941818,5.911446532689975e-05,0.01709113199963514,0.00477666843541634
2019-07-12,0.007833583761351388,0.00412955123613717,0.0004594962640410842,3.08522946418562e-05,0.00017732243175227745,-0.006081964970530015,-0.0030455890981399896
2019-07-15,0.004010095277436297,0.013097354559024778,-0.0006467589941980229,0.0002879088582708374,5.9100490551372994e-05,0.001283491271977066,0.00987273626929738
2019-07-16,-0.004424957730556378,0.0015429198108501492,0.00013619455413066647,7.196426463333133e-05,5.909699788979617e-05,0.0011537353457460788,-1.3275981095180007e-05
2019-07-17,-0.0004150346354095288,-0.0005453947194291769,0.00029786093518793956,1.028018648273608e-05,6.89420837525103e-05,-0.005170127603291076,-0.0006972366471133576
2019-07-18,-0.00909606594747269,-0.01697994713879168,0.0006634853638654264,0.00021585950713659996,6.893733106929642e-05,0.00891060096167578,-0.0006711342752981839
2019-07-19,0.010755171966415247,0.00709263397715575,5.101910666642649e-05,9.249695537441986e-05,0.000177245603788316,0.012242073538856592,0.0062222511326716235
2019-07-22,-0.006626929487608961,-0.020673910144147094,0.0005780346981756042,0.0005548021348076938,6.892036254819361e-05,-0.00632433172967002,-0.013507382922604297
2019-07-23,0.002682048816988601,0.009727928480266747,0.0003653495713794675,0.00016432672297596803,5.907081608039352e-05,-0.006300736834932789,-0.0024603556796418636
2019-07-24,0.007900060513548432,0.010166728756892526,-0.0005778234910054078,0.00019510291740749129,5.9067326925256366e-05,0.0034416859976673596,-0.004385971943254217
2019-07-25,0.008196451288288694,0.0038333854704080345,0.00026346094343931764,0.0001437356908460361,5.906383818219749e-05,0.00028627320201217985,0.0017647736981316986
2019-07-26,0.0020961152869019995,0.001419554119915951,-4.248900597621435e-05,0.0002258286380840613,0.00018701247624581103,-0.002643187373942776,0.0033190256148527336
2019-07-29,-0.0011753284607122247,-0.0002459117189324762,-0.0003909835836704248,0.00037968773705581896,6.889051823154951e-05,0.0008924587830195697,-0.003460362187945306
2019-07-30,0.004158540555987351,0.005471402061369787,0.0002635057327742079,9.233468251120894e-05,5.904523851081163e-05,0.004196610724451696,0.0057784813964419784
2019-07-31,-0.008770976664081925,-0.0038457235498050436,0.0008495455442563759,0.0001949007807329393,5.9041752376323724e-05,0.00458970497871525,-0.0004417700324190249
2019-08-01,-0.008356379062304256,-0.006803843207264775,0.0006027395116918509,0.00033842162529499367,6.887763890164575e-05,-0.014857979771716644,-0.00879558093814719
2019-08-02,-0.014557285140138881,-0.012457226315371833,0.0016111802410136485,0.00039980522842189396,0.00018692968055018794,0.023285967644186445,-0.006450673531677606
2019-08-05,-0.019262999447641316,-0.011951600359857026,0.0013209258561291482,0.0007888900112534544,5.9023166609915826e-05,0.028403107120868465,-0.006732057141212215
2019-08-06,-0.01015127798465414,-0.021807871250148797,-0.00035546227396182503,0.0002764764628624282,5.9019683081334706e-05,0.0033123178502563427,0.0013746458690642542
2019-08-07,-0.004122151522308984,-0.005031557616160594,0.00032161416733697887,0.00046062430761141076,6.885189468390362e-05,0.021400339484439496,-0.006616977944580158
2019-08-08,0.01336214560578636,0.006305392428750975,0.0001523074582828653,0.00035811671918098875,6.884715442657595e-05,0.008839803900691598,0.0035025102765743684
2019-08-09,-0.009754334723665289,-0.01202651893290486,0.0008288227808699448,0.0001636677956577317,0.0001770137780345446,0.00023544646644759701,-0.0055478739727031386
2019-08-12,0.01789955073774691,0.018154025537653565,-0.0002451923292450179,0.0003783792120657182,6.883023026429139e-05,-0.0065543029358106335,0.004752301701698473
2019-08-13,-0.009057331111119843,-0.005491197177830927,0.0007184971040905724,0.0004088976177351867,5.899356971800255e-05,0.025501440411923145,0.0004115819209007202
2019-08-14,0.004498842710925784,0.005669106740939013,-0.0002619803191707102,0.00019416781269647907,5.8990089682095954e-05,-0.02416938959703823,-0.0003978597939708595
2019-08-15,0.0036803967295483413,0.005027662676965616,-0.00017750954160387572,0.0004801479356495307,5.898661005671351e-05,0.008630011000398315,-0.0008991973039645134
2019-08-16,0.004541780160836602,0.0036121674957404087,-0.0006257610811691114,0.00026551474273414107,0.0001867679806471517,0.003191569944334916,-0.0018008239166176232
2019-08-19,0.021419372011153244,0.03184055002679127,0.0008793364958557464,0.0002858601346672001,5.897211603495459e-05,-0.004159837261742856,0.0027274649095646096
2019-08-20,-0.0008822919401489411,-0.00045566737070959734,-0.0002958442359423689,0.00026536840434570285,5.896863852946648e-05,-0.00341106573573728,-0.0026242767389648056
2019-08-21,-0.0015588872704057834,0.001935153993264405,-0.0008034472546244317,-5.102691670956201e-05,5.89651614342805e-05,-0.0017689205355522109,-0.0062379015555008984
2019-08-22,0.003193107683138527,0.001041913426011679,-0.00010153400974987266,0.00020409204622086203,6.87882942249791e-05,0.0037699217034704025,0.0022125585501137517
2019-08-23,0.007128129355223501,7.573319200099552e-05,7.615147377940955e-05,-1.0203613099437303e-05,0.00018668723555690032,-0.0024134695020907896,0.0033922878740455346
2019-08-26,-0.0144901896357585,-0.006781876469941302,0.0008288297905949543,0.0004182627873411326,5.8946623849286474e-05,0.034580070018025384,-0.005770985829347007
2019-08-27,0.013486031306340704,0.016522427318573625,-5.072494400212652e-05,-6.119826198847851e-05,6.87666698045722e-05,0.0017917838726716334,-0.003689861932748774
2019-08-28,-0.003793993530376351,-0.0014259449299727726,-0.00011836820981901103,0.0001427901191662768,5.8939096284334875e-05,0.004111789598338558,0.006600226883709308
2019-08-29,-0.003263490684267348,0.001088404843883151,0.0010479169386235557,7.138741442917355e-05,5.893562267183259e-05,0.004742957989299853,-0.002619639103385182
2019-08-30,0.0024615556497625604,-0.009819614313485813,-0.0010986504608093502,6.118515650014286e-05,0.00018660656025326495,-0.013468694424661476,0.011183912799896558
2019-09-02,0.01265221187542282,0.02487876622493528,-0.00045671756196266687,0.00022431355049849593,6.874100845753525e-05,-0.003173743532344418,0.007330436270035787
2019-09-03,0.0013789583390414948,0.006867564528079551,-0.0002538221397295929,8.15560902462642e-05,5.891710365212288e-05,0.006223612642899564,0.0040884600491153476
2019-09-04,0.008942467436851214,0.009750474385783484,0.0007105397016924075,3.058181911086969e-05,5.8913632631540215e-05,0.004798214847140707,0.005990546403727997
2019-09-05,0.010015685919630044,0.009350341668806753,0.0016812903425245846,0.00041785782231427076,6.872818496475392e-05,0.003110774262748607,-0.0006862817926981174
2019-09-06,0.0058421297634190525,0.0029658411019963748,0.0008944091589716916,6.113528220941255e-05,0.00018652412350941152,-0.02626234408740266,-0.0086388661936235
2019-09-09,0.006154629180833505,0.020834642000596048,-0.0007002712782633091,0.00045839552186269694,5.889512742689103e-05,-0.0016246014597294525,0.012829942125772835
2019-09-10,-0.0034697301161191146,-0.003327790092674691,-0.00044741785774763196,0.0001731169714962373,6.870659831423606e-05,-0.014005053118625587,-0.0015964479078364058
2019-09-11,-0.007400888492150171,-0.0051986749092375545,0.00013509063758009965,0.00015272538478309909,5.8887613007594596e-05,0.0020883281851628763,0.0018176030758942172
2019-09-12,0.010647926256831317,0.004916448138155212,-0.0007009809797574194,5.0903278691041704e-05,0.00025513959217945487,0.001966684423438282,0.004686354330133503
2019-09-16,-0.003768537211542275,0.0011284294871151683,0.00027876212901355976,0.0003257196397024519,6.868030791097806e-05,-0.0011149581578716629,0.006753458884996208
2019-09-17,-0.016807960343291618,-0.021156895563596036,-0.00016893746819812225,0.00011194162764643769,5.8865081250822015e-05,-0.002115967521788876,0.002719055894223453
2019-09-18,0.004813214105506301,0.00016197392255269154,-7.603117281743651e-05,8.140422288904217e-05,6.867154891392894e-05,0.003348217413660027,-0.008519216327965358
2019-09-19,0.003588505588660453,0.009528145873029,0.00012671541003049692,7.122325951175022e-05,5.88575744962725e-05,-0.0038190410694751657,-0.010752107443102336
2019-09-20,0.0028265918387990747,0.002510171066043408,0.0002618276428933266,-2.034898509498268e-05,0.0001863594683359426,0.004639698227406354,-0.0035896021162818235
2019-09-23,-0.011531487301438418,-0.006457274359006935,0.0005318902067640692,-0.006614968996736293,6.864999782041287e-05,0.010230790083064876,0.008842766423874973
2019-09-24,0.0027000786052027463,0.001912986539921511,-0.00034611862083813526,0.00017410094826585113,6.864528532179334e-05,0.0033582337160000158,-0.009755715142376505
2019-09-25,-0.0077919843743831495,-0.018095474383742986,0.0003545590420149829,5.12003932301388e-05,5.8835065716201213e-05,0.0063956888807283,0.0009535048786497837
2019-09-26,-0.00772519617272135,-0.023071153553807525,-0.000574110988042883,0.0,6.863653525445852e-05,-0.014113254095669357,-0.0026260234918690454
2019-09-27,0.0029645553159124934,0.006899776978826382,-0.00021115310790242032,0.00012287024917153534,0.00019607843200084807,-0.005695691065508564,-0.006916066044129129
2019-09-30,-0.009976360232172405,-0.012967020442109864,0.0003124907650624611,0.0003275802088953179,0.0005096240652851114,-0.002404834287017434,0.003310990598345875
2019-10-08,0.005885015378617289,-5.617714527952945e-05,0.0011646455477511918,0.0008082544702171316,6.858340970004208e-05,-0.0014692057179719175,-0.00057148690197079
2019-10-09,0.0013827010960051071,0.008224359366492946,5.9040092457094996e-05,0.0002045177988741589,5.878203622657555e-05,0.012739398001545246,0.00087070689209845
2019-10-10,0.00810401988759581,0.012568799244062893,-0.0004555424408117184,0.00027603269629183094,6.857467539913813e-05,-0.005736014213005209,0.003414281515965484
2019-10-11,0.009548420529558767,0.00203376857663694,-0.0006921466951990856,8.1772835109753e-05,0.00018610756091208175,-0.005358018351968031,-0.0018516325765111086
2019-10-14,0.010503510173889348,0.014753174564196654,-8.444091674068748e-05,0.00032702448887285407,6.855721346997243e-05,-0.013804738951430712,-0.001617045914995939
2019-10-15,-0.004338077109801922,-0.013673843644520836,-0.00012667474586987074,0.0,6.855251370052632e-05,0.003684120870274056,-0.004088229565222959
2019-10-16,-0.0034539755016858706,-0.004599815688111756,0.000650093526603802,0.00015325592236431127,6.854781457560942e-05,-0.0028212952116515896,-0.009852904848806987
2019-10-17,0.000601549006785467,-0.0018569083224691868,0.00030379490702074397,4.086427951738828e-05,5.875153000459966e-05,0.003888341373716872,-0.002312586673983465
2019-10-18,-0.014334630311596087,-0.01374859529255693,-0.00036287685792408425,7.150847123038065e-05,0.00018602374304054815,-0.003234280225414665,0.0021884641511026657
2019-10-21,0.002918894923651685,-0.002166564789140153,-0.00042211548017674085,0.00029619491884783506,5.8737151265103996e-05,0.0011287353423177328,-0.0006070430980052423
2019-10-22,0.003870238183239841,0.011082094042325751,-0.0009799946715646972,-0.00013276618362688397,6.852231627667808e-05,-0.0018422778135022356,0.0004898021228400059
2019-10-23,-0.00640792416165468,-0.0076103868074146085,0.0008364348089666818,-2.042713131642891e-05,5.872967710160752e-05,0.0012780693977690637,0.004170830919778186
2019-10-24,-0.00012705350240078912,-0.0016596895156080795,0.0002533270296597246,-0.00016343207390821327,6.851359752906555e-05,-0.0018730772991778142,0.0057322445880297205
2019-10-25,0.006762172939371007,0.00749331806841044,-9.28791263274957e-05,-2.0430887416209665e-05,0.00018594182031887428,0.011127338037102981,0.002652946563635322
2019-10-28,0.0075437895473161164,0.017736300137017873,-0.0013012143685213627,0.00010215026312573556,6.849616668783343e-05,-0.00047098997073311184,-0.003855567876080108
2019-10-29,-0.0041923519711980824,-0.014998447639679151,-0.000507425334794248,-0.0003780081061343081,5.8707266019431064e-05,-0.008723865414752386,0.00027345005263400334
2019-10-30,-0.00484176964023663,-0.012099282448469287,-0.0009648180712383163,-8.175027339795592e-05,6.848745459265976e-05,-0.002557622212052105,0.002307672324312252
2019-10-31,-0.001163496691351758,-0.006114391575792015,0.0007702367377422263,-0.000531539739998597,5.869979945918238e-05,0.0014580515281512369,-0.0024238794602448434
2019-11-01,0.016664960902326924,0.009083054777870575,0.0007865525302435143,7.15698854677693e-05,0.00019564111656084543,0.00867446783402476,-0.00028715789095237987
2019-11-04,0.006450514836896391,0.005021024421471391,-0.0006342682659896776,0.00023512213680992715,6.846534922452701e-05,-0.002213271675034861,0.0008680585766903792
2019-11-05,0.006163423682555548,0.007484580738618561,0.001293480784474234,9.198926798369076e-05,5.86808544100217e-05,-0.0045303208728536435,0.0063609460292695175
2019-11-06,-0.004483207824343237,-0.010252324381016637,0.0002027472255918262,0.00025548135380574154,6.845664496650082e-05,-0.014558212428492813,-0.0035432451948829453
2019-11-07,0.001726690118200345,0.006674107087693218,-0.0002872373698667423,0.00028606164823546845,5.867339456603102e-05,-0.00042166135194957494,-0.003501148443977323
2019-11-08,-0.0047184464819069625,-0.003591066924854954,-6.759725557722802e-05,0.00023491800958859102,0.00018577637466850877,-0.013557370656920968,-0.005628834969286172
2019-11-11,-0.017838432392509245,-0.02275063193386776,0.0011991725458474728,0.00045946264100795223,5.865905404170952e-05,-0.0014668136109940405,-0.007889628119147491
2019-11-12,0.0001764401935336706,0.0008533151810554967,-0.00038830690239150136,0.00033680515119958163,6.843121443639199e-05,-0.009432727829670052,0.008109616845612552
2019-11-13,-0.0009834206176164374,-0.0013087145172118247,0.0003123456763406861,0.0002244737630209429,5.865159973924247e-05,0.009310396188438487,-0.003291130009543765
2019-11-14,0.0014873639850483341,0.00746885946729452,-0.000295459631811956,0.000204023340977847,6.842251885497812e-05,0.0032672283602328115,0.005728388992087036
2019-11-15,-0.0074082840937716105,-0.008684272572457241,0.0006245832797850243,3.0599911262740576e-05,0.00019546711816646972,-0.0026251541327413277,-0.001963072907168867
2019-11-18,0.007911973630196889,0.004909543645304792,0.0010288674090430684,0.0005608324940384964,5.8632685784692296e-05,-0.0009479688186015151,0.0019356438968745125
2019-11-19,0.010020877001284277,0.016800815192868385,0.0007751677109532222,0.0003057761131141097,6.84004553783645e-05,0.005004893259753254,0.004665808560225168
2019-11-20,-0.00999569918294089,-0.005762199979029665,0.0006567370509433042,0.0002954947265503296,6.839577707598411e-05,0.003403637881368611,0.0030599299442780866
2019-11-21,-0.004694014928035484,-0.00020574015091605224,0.00047965062159181717,0.0004685367479629771,5.862122871764719e-05,-0.000515878446204916,0.0011900917775184315
2019-11-22,-0.010246590457681651,-0.008566328308383227,7.571328224893139e-05,0.00014255457827993365,0.00020514724271029455,0.001183091038815655,0.0028030138854825896
2019-11-25,0.007257203082135015,-0.0004528985584660614,-0.0007742283350357498,0.0003562975631309099,6.837306299328775e-05,-0.00901455732933257,0.011120736284206489
2019-11-26,0.003444611075272094,-0.003744260345331197,0.0004040200044857171,0.00016283661417237536,5.860176197646024e-05,-9.17810105734242e-05,-0.009590203211034466
2019-11-27,-0.00415527100365829,0.004348079519839671,0.00011780842680457586,5.088100460542176e-05,6.836438218365199e-05,0.0018340216053240443,-0.0028801570449745032
2019-11-28,-0.0034589789815872014,-0.0029281491418303362,8.414037985926083e-05,0.0001831501836621031,6.835970881437467e-05,-0.0026910508273813778,0.00022393301103654044
2019-11-29,-0.008725857896318879,0.0011533917610478705,0.00036172298302741216,9.156251437050894e-05,0.00019528770823589467,0.003210079339803919,-0.0003868248851282809
2019-12-02,0.0018487615998848887,0.002133102584205925,-0.0008835074978659081,0.00031531783790467985,6.834168894503156e-05,-0.0010994381757357093,0.0017225948973804415
2019-12-03,0.0039173064239235895,0.004308932163930359,-5.892826327487336e-05,0.00011186307970728501,6.833701867762137e-05,0.004998791194261676,-5.420972388245823e-05
2019-12-04,-0.0003578091892904956,-0.0009580254139833971,0.0012115400659108262,0.00014235309692868305,6.833234904874601e-05,0.01843647834052936,0.0012054721763188777
2019-12-05,0.007614088402601728,0.00972533801932921,0.0,0.0001931610816927752,5.856686873916333e-05,-0.007971512738759987,0.003634697079369016
2019-12-06,0.004833678064607123,0.008432768921470693,-0.00010090562809704894,0.0001524692396264387,0.00020495703293959313,-0.005612059505039562,0.0035072992414866134
2019-12-09,-0.0018446693039632935,0.0030957495056254886,-0.00031118979885026265,0.00035567118066525327,6.830967706805121e-05,-0.006892077134932672,0.01342355793750132
2019-12-10,0.0014153926285579905,0.005083465861215996,0.000201863877144774,0.00012191528934426228,5.8547438078386196e-05,0.0031938704888766364,0.0002121523527033412
2019-12-11,-0.015013768710278643,-0.004016916781610251,0.00040360554832827,0.00026409881512182826,6.830101234523029e-05,-0.0020976796419200335,0.003467607188401907
2019-12-12,-0.002952846504987064,-0.0022815936886713905,0.000327809604394607,0.00017264229068096994,6.829634763547108e-05,0.005947160775822247,0.00017834908247032656
2019-12-13,0.01973304345291496,0.012539406638888162,-0.00021852779592413247,0.00012184720375748299,0.0002048610610188892,-0.008903533603101903,-4.6235596794120396e-05
2019-12-16,0.004753828986540474,0.017813506282484435,0.0001512935602259576,0.0002944027959074007,6.827769516646347e-05,0.007268556855216184,0.00027738152024406017
2019-12-17,0.01345915337400471,0.013860149650169986,-0.0005212186546138357,4.060048112110081e-05,6.827303364138586e-05,-0.0013038404491174014,0.0009306470648432754
2019-12-18,-0.0022058376872772156,-0.0002291415135128984,0.00011771828346692502,4.059883278927304e-05,6.82683727524009e-05,0.0016068156680622574,-0.003979460158809959
2019-12-19,-0.0013904409440643605,0.0013388533665581511,0.0005043500296040535,1.0149450661085386e-05,6.826371249973061e-05,-0.0021531145071062895,0.005093776601485554
2019-12-20,-0.002462840973719139,-0.010725766541828143,0.0014527867924712444,-0.007999186694019934,0.00021451276433206182,0.003969040674230151,-0.000441621879983823
2019-12-23,-0.01258256568353473,-0.019895163207297315,0.001576361615018544,0.00035801781265299776,6.824441251518781e-05,0.0035617302971589822,0.000817176568783742
2019-12-24,0.006461448771249629,0.014918120422220125,0.0008960761678062574,0.0002351990766494938,7.798791191324137e-05,0.0026479719381196135,0.0011455584532883945
2019-12-25,-0.0005765639456312384,0.0038731720038974373,0.00047702138713516073,0.00027603269629183094,7.798183027294604e-05,0.004706878621435815,-0.00021057896130773345
2019-12-26,0.008738040868059285,0.0069588962014246174,0.0013377928416599535,0.0002555179106403775,7.797574958133636e-05,0.0035827350677696194,0.003665630644199521
2019-12-27,-0.0009450151159633782,-0.007350885373288722,0.0,0.00030653533570634855,0.00021440196552289018,0.0019650466322609643,0.0032536321071131974
2019-12-30,0.014646395906810302,0.012151205199443108,0.00020886855977518635,0.0004596268932001588,-0.02478275327079981,-0.00014873205946963784,0.0013324365308423714
2019-12-31,0.003646646804713928,0.004882513475508486,0.00016706344273077696,6.126762722614572e-05,0.00013983639164995707,0.0012783733698816825,-0.0003721197485106609
2020-01-02,0.013443215239050985,0.018573053506324776,-0.0008857544532579232,0.00037773411030795414,6.991086367745711e-05,0.0029370339291220687,-0.0022421753909811133
2020-01-03,-0.001640372828870268,0.0027478678392673012,-0.00036790220905446816,0.0003877946777855457,0.00021968804386265927,0.015578470363566953,0.0023923456386199015
2020-01-06,-0.0038461120693173705,0.009830269450192154,0.0010197600268516574,0.0004896310523900062,7.987459692537548e-05,0.020696067090014095,0.007291966625052113
2020-01-07,0.007461009366425291,0.011985693299507752,-0.00035930495767821935,0.00016315709004716407,7.986821748369684e-05,-0.009068534856403661,-0.0008104805296164677
2020-01-08,-0.01151662782072295,-0.013770482275853022,0.0007017778659892866,0.00027526724034899444,6.987945796347892e-05,0.014907925924026684,0.006942317674516278
2020-01-09,0.012478397551026591,0.013266940689464005,0.00010856448532307396,0.00032614456646890694,7.985625877663458e-05,-0.0307148566218648,-0.016758971265452657
2020-01-10,-0.00031247371268696344,-0.0029592287252877413,0.0011016801735201916,0.0002751017639145751,0.00020959234366027795,0.002661637453683393,0.002329249477905776
2020-01-13,0.009522514295427567,0.01421143425727861,0.00011677370936616257,0.0005194302679819157,5.9875459063179104e-05,-0.0031010498199586767,-0.0024602672899644825
2020-01-14,-0.0034348720649790766,-0.0028594722813860764,-0.0006841543452014538,0.00022398468852863923,6.985017141077046e-05,-0.00811984102939473,-0.002394095274051375
2020-01-15,-0.0055108439256251794,-0.002266780976282438,9.180399019960452e-05,0.00011197353364532686,6.984529270504874e-05,0.005919878274779342,-0.002827814406997381
2020-01-16,-0.004261729197480689,-0.0004673287241857544,0.0002002703656621975,6.107118866784702e-05,6.984041468093255e-05,0.0013792093742309372,0.00040822508254040617
2020-01-17,0.0013744049423762886,-0.003143447335703149,0.00035871746379327206,9.159979040232328e-05,0.00020949198271005002,-0.0020254509148016956,0.0027872750098684217
2020-01-20,0.007274505400375532,0.013919717861934203,0.0011337019078408444,0.0004273547821936724,8.976884528383124e-05,0.0012627191247149745,-0.00040708859991863924
2020-01-21,-0.017202909311463344,-0.01152779239331095,0.0014402806457622748,0.00016275379455706252,2.992115775152924e-05,0.008649207997002207,-0.008130420940844029
2020-01-22,0.004201329718195346,0.009312292917245151,0.0003077678124119881,0.00018306636206743808,0.00010970325281152367,-0.006802052237457307,-0.002326638395730112
2020-01-23,-0.03153608536314949,-0.03656138154942938,0.0012965750629950223,0.00019320036463105596,0.0005383687557131059,0.005724983506596198,-0.013563289617110261
2020-02-03,-0.08252183048282959,-0.09172501291810534,0.003474169052057531,0.0038865739043347685,0.0002989685607001446,0.02328933506070017,-0.056512836025403
2020-02-04,0.026085521691270753,0.017848125337743645,0.002702983605147811,3.0383592862185648e-05,5.978298777229794e-05,-0.005821768105373658,0.0026373141710311267
2020-02-05,0.011183885633002946,0.024918460246944815,-0.0004788955768915673,0.00045564314817564465,6.974230222167168e-05,-0.0067199150125169076,-0.00039763972944793443
2020-02-06,0.018486156643456507,0.03067986682436142,0.0005531864090242171,0.00027328626906600377,7.969953280353753e-05,-0.00659133374193663,0.008401924995818936
2020-02-07,-2.5689440356987414e-05,0.00821903352132203,0.0015588339122345636,0.0005058885534253348,0.00019922104637015272,0.0068794351556263145,-0.001056963372450187
2020-02-10,0.004127523068520981,0.011260584062212614,0.0012601358166483838,0.000515742807465798,5.975857537344341e-05,0.0033359246419477507,-0.004224900662093585
2020-02-11,0.009244116402978897,-0.0047095308772063145,-0.0007245899796640197,2.0219789108210843e-05,7.967254587890742e-05,-0.0016378137415863892,0.00961779611194947
2020-02-12,0.007978228544006245,0.018046809241173536,-0.0005602702626577972,0.0007175377646805229,6.970827091450069e-05,-0.004351779999220595,0.0025072323638617795
2020-02-13,-0.006281316768776933,-0.008393843991991227,0.00036256365861324504,0.00031312973422654045,6.970341201019855e-05,0.007252039035152177,0.0019984773507480194
2020-02-14,0.007085700704361516,0.00141523532722331,-0.0007912175271832414,0.0005250297974041558,0.0001991258382309941,0.0009744354777692033,0.0004675979161938088
2020-02-17,0.02219027800305273,0.0318280328628209,-0.0011549822261714955,0.0005348430161453537,6.968467686558086e-05,0.004173581039632201,0.00872548902511696
2020-02-18,-0.004951907730456853,0.011487400063520566,0.00047865449487384976,0.00027235725369988064,6.967982124963756e-05,0.005405418566907982,-0.0056740299002430335
2020-02-19,-0.0015324158316538283,-0.009937114434557904,0.00013200231023206116,0.00029244926465847647,6.967496631063752e-05,0.010780102138042202,0.004282780701105119
2020-02-20,0.02276743774575654,0.0181756381326514,-0.001081281960862884,0.000423395639301297,5.971753607223959e-05,0.003250668408186933,0.012958193369276512
2020-02-21,0.0012081965513783951,0.01343812416560177,0.000957530305526505,0.00011085971721986815,0.0001990327017298194,0.020382306777637093,8.204398929837006e-05
2020-02-24,-0.004162336914687299,0.013764012802320902,0.0013357081237884362,0.00036272771637428197,6.965208784952556e-05,0.019034229743592434,-0.00763836603901318
2020-02-25,-0.0022821082980369178,0.005230556420047868,-0.0001483239397557589,0.00030217262344523047,6.964723677414198e-05,-0.01974722269871351,-0.00047546367216360307
2020-02-26,-0.012350213836005248,-0.026205561129082674,0.0003295788835685939,0.00029201343469293376,5.9693770972661776e-05,0.005962492364983033,-0.01614764980166234
2020-02-27,0.002948549976398375,0.001606942335189733,0.0009469346787481469,0.00028186311705743783,6.963822942642758e-05,-0.0012551846223360045,-0.011624924837279666
2020-02-28,-0.03609688645648751,-0.054001213315401274,0.0020965316259888046,0.0002515963803521295,0.00018899360959443964,-0.016129381929883644,-0.027232454849342926
2020-03-02,0.03233595875364185,0.03703079503295004,0.00013961261627982286,0.0003420695239352586,6.962022171890074e-05,-0.017550939658545112,0.02413084087343458
2020-03-03,0.005256447552050254,0.009071610389541745,-0.0001396126162797667,0.00012070248862942037,5.967061820524641e-05,-0.0011584703837177468,0.0018607034848534003
2020-03-04,0.005740614008562822,0.0009543914861558264,0.0025182421714109223,0.0006535520786837545,6.961122135686813e-05,0.01759888492743773,0.005215624693138102
2020-03-05,0.022042977223887095,0.014956549367598361,-0.00013928090112682188,0.0003215918825766745,5.966290460678045e-05,0.004047466159737892,0.0017137239598383571
2020-03-06,-0.01633512985336928,-0.006487925854959555,0.0016864514844375355,0.0003114435433291415,0.00018890905079670903,0.016028007307627486,-0.011944101080710532
2020-03-09,-0.034821481505047526,-0.04222578498441491,0.0032828683508662046,0.0010842721380319245,5.964807636724189e-05,0.002800398779584063,-0.02431759289031247
2020-03-10,0.02119028249986367,0.02689442920373698,-0.0029802630807717017,-0.0003713312266990985,5.9644518686359454e-05,-0.01741841705058526,0.004767085585189615
2020-03-11,-0.013396478060253557,-0.015107192040988895,0.00013082797774947334,-0.0002610179715653215,5.964096142998833e-05,0.008062229815522036,-0.014038067519316657
2020-03-12,-0.01954885239315544,-0.01750628236047371,-0.0008506879633533745,-0.00010040967154387196,5.963740459790649e-05,-0.009555221328436758,-0.011936653434202076
2020-03-13,-0.014157086163468537,-0.006547331061737121,-0.0017691291655340558,-0.0010549107067129777,0.00017889087704235713,-0.02905508318828061,0.004267257003187513
2020-03-16,-0.04393015868557273,-0.048084435297409356,0.0006228283162065682,-0.00012063211241457731,5.962318151069575e-05,-0.031481348725840866,-0.017965946951731152
2020-03-17,-0.004933355919458641,0.0018989313128881624,-0.0007294036014988603,-0.00040221217234022775,5.961962679872819e-05,-0.041319389333346654,-0.003759830385619233
2020-03-18,-0.01987019166816082,-0.017780949281399717,0.0002049423914113107,0.00020112630799900064,4.9680307233112546e-05,0.021847698776310393,-0.022550012769849026
2020-03-19,-0.013152972792820995,0.007372542924307929,-8.196889280609579e-06,-0.00021118368533680875,5.961311092788241e-05,-0.006766841357709114,-0.016407355325621452
2020-03-20,0.017636360166062702,0.011896633692700304,0.0009503912886104607,7.03995172894847e-05,0.00015895092423696372,0.011461615466776829,0.014992620080408069
2020-03-23,-0.03396969051995937,-0.042771312876304854,0.001914424212287287,-0.006953197559012047,4.9666982889898366e-05,-0.002389487397381467,-0.019733709753502957
2020-03-24,0.026394001060839493,0.019016120379137327,0.0008823457897142872,0.0005568238909949492,4.96645162032099e-05,0.05041222454130009,0.016515905444460046
2020-03-25,0.026388771504615372,0.023542724145299752,0.0005796368043878112,5.060498257726463e-05,4.966204976164042e-05,0.01755939198997289,0.01376445818830666
2020-03-26,-0.006566082739008221,-0.010001507060386649,0.002478033189023964,0.00024286827551361697,4.9659583564967894e-05,-0.0027698136194418063,-0.010017837249655746
2020-03-27,0.0033019408586458456,-0.005380117351575877,-0.0005619098567579921,0.0003035024202323833,0.00013903371589989714,0.009508346065176433,0.00020212071339690855
2020-03-30,-0.009829556715114223,-0.021649290059961596,0.001172323532699696,0.0003135224270066727,3.972036861024009e-05,-0.004143556311473347,-0.01791322103490172
2020-03-31,0.003296332072833102,0.0025876084578902517,0.0016990561727207591,0.0004549383636994064,4.964824221404973e-05,0.0008078107376710594,0.01148759633101581
2020-04-01,-0.003078056990795247,-0.004353223571168684,0.001063488748913861,0.0002829683397522898,4.9645777388622554e-05,-0.012129849682616718,-0.013959687536017968
2020-04-02,0.0158336077333165,0.02519354579090221,-0.0005681357185527072,0.00034349680077488666,4.964331280787031e-05,0.0015770652963088886,0.025657091809169353
2020-04-03,-0.005601048679897064,-0.0077303950118904575,0.000998081008554334,8.080563219660004e-05,0.0002084750060911394,0.0056121594112470965,-0.004611285262414568
2020-04-07,0.02248245711174402,0.030972814463692367,0.00636262520066648,0.002199443963459119,4.963050093077752e-05,0.02334241328722615,0.017937493541162516
2020-04-08,-0.004684345149871013,0.0007888855210375418,0.005096392117898576,0.0015306998890096152,4.9628037866477017e-05,-0.0025729471685856965,0.006919179970360448
2020-04-09,0.003416181175420455,0.009557267675567154,-0.0010910463092233139,0.0010258680547275876,5.955039453898641e-05,0.00046581086181541335,0.011384178488612461
2020-04-10,-0.0062586392901760575,-0.021509601199408212,-0.0014619415899440429,0.00041206237800311464,0.00012901369051639006,0.004973367267057631,0.005841242817929166
2020-04-13,-0.004131961893438088,-0.007619355751186909,0.00018486888428030412,0.00033153667551372705,6.946201670874526e-05,-0.0005725893463961998,-0.004074814958036344
2020-04-14,0.018945874024071014,0.022686084485779186,0.0009559500581382798,0.00021092066950098692,5.9535031422394815e-05,0.013491021111084897,-0.000605922348272176
2020-04-15,-0.007392727793016049,-0.0036051841638287878,0.0016606968312307398,0.000451823113920016,3.9688051917079234e-05,-0.007834066755894353,-0.005620374152758415
2020-04-16,0.0013194354731174865,0.009127701966681386,0.000328603318644507,0.0003713461339875767,3.968647683824036e-05,0.011191983169486375,-0.008873561671574761
2020-04-17,0.009527256033127922,0.00027793218633613245,-0.00032058731870849265,0.0004213610022512498,0.00013889026699175612,-0.022263817024620786,0.0029489489688542345
2020-04-20,0.00349413654064381,0.011603942886906807,0.00032860068500367804,0.0,3.967939052991404e-05,0.0008497225208042677,-0.0039591996804863696
2020-04-21,-0.01186172769234705,-0.007219377134735617,0.001281312238853839,0.00032091782773371034,3.9677816138040274e-05,0.01157719853827303,-0.02282198520457356
2020-04-22,0.008289224316507556,0.008231774801748472,0.003339701572512406,0.0003609094958370893,3.967624187161425e-05,-0.0030107841282859243,-0.005754581324829405
2020-04-23,-0.0024586102934807163,-0.005279144213003383,0.0017532679021015506,0.001051909312221451,4.959308871729041e-05,0.01416091311338152,0.017810834625775252
2020-04-24,-0.008441753725486691,-0.015708948877653024,-0.00015926102916293778,0.0005405513755519755,0.00011901337922787983,0.006114593901236578,0.005607448372933318
2020-04-27,0.006790571969373839,-0.0013495160440956636,-0.0001672513832003594,0.0004502363817020707,3.9667979020839656e-05,-0.0019184658162288138,-0.0033668262002769208
2020-04-28,0.006822931562178783,-0.00723422764729581,0.0007802672412937077,0.00015003375787697748,3.966640553485398e-05,-0.009001828991020665,-0.011788652549872946
2020-04-29,0.00454882969876572,0.00010598646916006798,0.003130862987843916,0.0002800028018573835,3.966483217320587e-05,0.002794949414183098,0.009478890287844663
2020-04-30,0.011807912793750838,0.024272909280835246,-0.00046821124324233936,0.00017996040919585684,0.00023795595944078936,0.007432990560200671,0.01343818034608801
2020-05-06,0.005826598988921661,0.017787587417533408,-0.0018193740494421213,0.00026987990508105036,3.965382213799754e-05,-0.0017596719820420106,0.012264638710825736
2020-05-07,-0.002781288074015157,-0.0010336268510976261,-0.00384825769802465,-0.0006798368653424912,4.956506655116185e-05,-0.0011748372599831303,0.005033918555863071
2020-05-08,0.010826302089122284,0.01136184300297233,0.0001436793080322045,-0.0007003151704357487,0.00012885767687438802,0.009519069990550239,0.005734889246034373
2020-05-11,-0.0008850788930144533,-0.0021310341898661002,-0.0035421192979645803,-0.0009512128680371815,3.964517568288763e-05,-0.0058655864541696376,-0.0031233680582302133
2020-05-12,5.059704514341697e-05,0.0029352833493798483,8.009900236752156e-06,-0.0005210473168715041,3.964360400512564e-05,-0.000745612901690748,-0.003632686224495679
2020-05-13,0.002021785419160824,0.0045785789496657625,-0.0003444836584583324,0.00021045563722979022,3.9642032452145305e-05,0.0002929856591162612,-0.00044009324719649804
2020-05-14,-0.010813385901679969,-0.00870720994850054,0.001353218102607417,-0.0002405243442274551,4.9550330758561055e-05,0.0062388202625395335,-0.0035127616503740607
2020-05-15,-0.0030672518487928823,0.004061634934828505,0.001670977750658559,0.00026056542845099445,0.00012881937064778104,0.01377265705397908,0.01438360342511629
2020-05-18,0.0027354202630389467,-0.004886044224999386,-0.002887990455315638,6.012084291228978e-05,2.972519061502424e-05,0.023833373858645673,0.013961333547802504
2020-05-19,0.00844015585892625,0.012262087278749457,-0.0021654577977074448,-0.000250527361403407,3.963221306792632e-05,-0.014712755605123223,0.0074826877746250785
2020-05-20,-0.005228571011988676,-0.010076367559280763,-0.0006023491799429853,9.019708068230187e-05,3.963064241772567e-05,0.010958872827700271,0.00251786626730595
2020-05-21,-0.005409556442580647,-0.01138429658488864,-0.0009243073376933536,0.00015031039124023532,3.962907189230667e-05,-0.011968176623219296,0.0075300857931276605
2020-05-22,-0.022956197584939306,-0.017893734892048478,0.003964469468144462,0.0004708263088544117,0.0001188777937681727,-5.178663905870676e-05,-0.01792372160112644
2020-05-25,0.001360437642782841,-0.0023720695732581333,-0.00271886408358895,7.010410462398243e-05,3.962279103445062e-05,-0.0017882833362684997,0.009333874551583942
2020-05-26,0.011412058292441865,0.019399083928405236,-0.003531909492736932,-0.0006411348305730318,3.9621221131163625e-05,0.00465839351732231,-0.00040401417484961294
2020-05-27,-0.007029404471789229,-0.009257743843144324,-0.0030107497548893755,-0.00043099344655043027,3.961965135221422e-05,-0.00814045404776339,-0.0014659212111009093
2020-05-28,0.0030149470531274213,-0.0012878301844286139,0.001260290518321161,-0.0004010909728086147,3.96180816976024e-05,0.006150352205931342,0.0016751632146709615
2020-05-29,0.0033939175290626095,0.008826907357594562,0.0008635126129224478,-6.017752371311573e-05,0.0001188448284091811,-0.001216686879145387,0.009649562964052474
2020-06-01,0.026517817045968315,0.030278150151975373,-0.0006051876871668656,-3.009011991141703e-05,3.9611804322975096e-05,0.010282138234593135,0.010498168453747674
2020-06-02,0.0035701752609600575,-0.00038010560782890726,-0.005414540185547883,-0.0012947324272272408,3.9610235290051225e-05,-0.003004123297122161,0.0033951815435766318
2020-06-03,0.0003011216805268086,0.0011563941618721561,-0.0013155652736668321,-0.0025542284333041412,3.9608666381242915e-05,-0.009144751284585795,0.010639964119483298
2020-06-04,-0.0002760247436066459,0.0008086809864315135,-0.0033535773041912043,-0.0010981096492909577,3.960709759721627e-05,-0.008679275178205955,-0.011471811220385939
2020-06-05,0.005031740555073415,0.0018459616601126804,-0.002081285107795251,-0.002270560895555378,0.0001287122342756545,2.6176982580628733e-05,0.00811262320516116
2020-06-08,0.005006548847312498,-0.001763479950385211,0.0010697502622737636,-0.0005861368696301487,1.9800411849202047e-05,-0.009547553489777443,0.011552540335803826
2020-06-09,0.006315732254201286,0.006379921666596315,0.0006037809927144511,0.0005659309715277835,1.9800019800577417e-05,0.0010301518403776134,-0.003755053290303013
2020-06-10,-0.0008892182875663812,0.001195809894079581,-0.000995617732421725,0.00013133104027995452,4.949833439122501e-05,0.011053317571619216,-0.005038074481175185
2020-06-11,-0.009958732796191742,-0.004019001316877244,0.001289217264771431,0.0004645713907584697,3.959690352722018e-05,0.007673037789001367,-0.004502811372431894
2020-06-12,0.0006736611240433906,0.001511070519439475,0.0009210167697407849,0.0006359108122297645,0.00011878130396238764,-0.0018932768412289966,-0.007484138247858493
2020-06-15,-0.011867714213099052,-0.0003118818813701479,-0.0006682640054406587,0.0007161770574678084,3.959063286149409e-05,-0.006615641152123771,-0.013569867350873373
2020-06-16,0.01495575053580683,0.01868787664120144,-0.0034870984241769385,-0.00019160275764900758,3.958906550535148e-05,0.002583744733334713,0.020766648267916108
2020-06-17,0.0008699002648751359,0.006888882232304024,-0.0012524405807046864,-0.0002622527526352366,3.958749827310239e-05,0.0023170757948711134,-0.00044171005608528415
2020-06-18,0.0071541156441018465,0.00041598669442464346,0.00036033970596372546,-3.0264359179728396e-05,4.94821691105723e-05,-0.0016135751991479474,0.0017796715808924145
2020-06-19,0.013815960888908156,0.010312158729183618,-0.0001965328338990381,-0.0001109771539533776,0.00011874721700159191,0.0020295593977471414,0.009482376205031682
2020-06-22,0.0010455546646868958,-0.00019000269227635618,-0.0022054522120930915,-0.009366325619859811,3.957927234015588e-05,0.008103079739232856,-0.007119052749272528
2020-06-23,0.004824544178369016,0.003446098889345133,-0.00018058690793999909,-0.0013656331423347707,4.947188760981692e-05,0.0015973209630917539,0.001256299108546277
2020-06-24,0.005691562452173227,-0.0019270872205028394,0.004030809979882084,-1.0198306061337305e-05,0.00022753916492384738,0.0062104031054434836,0.0016586872299671834
2020-06-29,-0.00716797045092791,-0.004341632552733631,0.0007927784027588522,0.0005199810477016537,4.945818558707493e-05,0.0003581020629138082,-0.0210975617089099
2020-06-30,0.013998352544239558,0.017831900190237913,0.001167590120764595,0.00015288415997011717,4.945573959584754e-05,0.0015588069341822817,0.009055089394506263
2020-07-01,0.019887858866192293,0.0030838744166283593,-0.0010368829128931123,0.0002649438538334471,4.9453293846852845e-05,0.007529734642270626,0.0019222176897446801
2020-07-02,0.02076215182011946,0.016426302263687922,0.0006532798964973623,0.0004074689106666959,3.956087430033948e-05,-0.011905661271900882,0.00562567683417098
2020-07-03,0.0191481438929842,0.013070293514584833,-0.0009065406297744361,0.00017312402342736018,0.00014833934134868095,0.0037629154485220133,0.004515468064325452
2020-07-06,0.05557228338970642,0.041437245580502914,-0.006040036556485135,-0.0010697748889589504,4.9441557617003146e-05,-0.001508585156790348,0.004640734171581449
2020-07-07,0.0060893645828815944,0.013053456221360567,-0.0018677368383392292,-0.0016936014495383413,3.9551486152188724e-05,0.0012274960624739442,-0.0019912101962944974
2020-07-08,0.016052382667261594,0.02393276621162814,-0.002498506731732443,-0.000898977473735701,3.95499218940506e-05,0.004818672081294502,0.011524420743263741
2020-07-09,0.013973521013081289,0.023809663264439992,-0.0015699109201589173,-0.001984695990514336,4.9435202817857415e-05,0.006490072216541939,0.00568206685040293
2020-07-10,-0.016474564417670128,-0.0021561437957838513,0.0019413712173885446,-0.00097332582847908,0.00010874884465078409,-0.005676505955004925,-0.01387154494422413
2020-07-13,0.021205126263619693,0.03282948359122523,-0.0014618738537040426,-0.0009947953541974486,3.95421024586546e-05,0.0035515905314927984,0.01840086208685416
2020-07-14,-0.009091811301384213,-0.013549332845724847,0.0021631448329129887,-0.00045157384512759863,3.9540538942767554e-05,-0.0021294403057674515,-0.0015914365050092806
2020-07-15,-0.011570891149048723,-0.024443732340849757,0.002939979635455235,5.132548054611815e-05,4.9423475172281674e-05,0.00020299931557429387,0.0027052946440240416
2020-07-16,-0.048108379368089635,-0.04860617329705711,0.0015693882197506208,0.0005438881982063893,3.9537021483633636e-05,-0.0015743236200689821,-0.011634230609235841
2020-07-17,0.006565696676829567,0.00385600892161214,0.0004268417877241427,0.0005743530993472178,0.00012848452520415976,-0.005938668385792288,0.003325189120006645
2020-07-20,0.02905524380413864,0.028162500038432067,0.0007137319870317621,0.0007584609756212491,3.9530379101358184e-05,0.003164882682583865,-0.00595201032199003
2020-07-21,0.0022782416773222645,0.00565240687426076,0.0020726754344927217,0.0009933283971658258,4.9410776500439194e-05,0.007337572433315095,0.012549001825123399
2020-07-22,0.005170033793227912,0.008928383936954852,9.001894495692898e-05,0.0009207632754468224,3.952686344978221e-05,0.02171985795428455,0.00637134787351531
2020-07-23,0.00018864167569740043,5.503653051095305e-05,-0.0006139263235691873,0.0008177451135444402,4.9406382326481205e-05,0.005307802569016306,0.004281189224142775
2020-07-24,-0.04487863902326467,-0.052031470474247624,0.0016444748137446643,0.0008681221022673863,0.00012844517137924647,0.012503374331010474,-0.009198465782230382
2020-07-27,0.004919924645622215,0.002171679271363911,-0.00096508525594123,0.0005817306139039039,3.9518272266286e-05,0.02114864275821112,0.001845119099472549
2020-07-28,0.008665584311210965,0.009313507032598591,-0.0011052665021851677,0.00024483800008049593,3.951671063411368e-05,-0.0037208457754370435,-0.0037344638959350544
2020-07-29,0.024120720339540803,0.027235930530587153,-0.0006883384274472577,-0.00022443254366082992,4.939369243563e-05,0.004315850136522634,0.007319982258531836
2020-07-30,-0.0048032763028600205,-0.002862430830068665,-2.4592280484439386e-05,-0.00014284693974715278,4.939125281905264e-05,-0.011775259912247791,-0.0017302679472558852
2020-07-31,0.008217111961237977,0.010349668801842906,-0.0010990724607646404,-0.00029596215982649366,0.0001284058416546297,0.016072563501822446,0.00018939393995997194
2020-08-03,0.0159652788475332,0.024132478238022614,0.000664509087617814,0.00010206581212400831,4.938247219527407e-05,-0.0029895388483660483,-0.0010895053302916906
2020-08-04,0.0010139785036222767,-0.00617921636595812,-0.0002460629933675724,1.0206008277139938e-05,3.950422201891828e-05,0.0009262888545735124,0.005792538576809131
2020-08-05,0.0002274865844428791,0.010909715285022898,-0.0026860207620306212,0.00017348620573047696,3.9502661496903195e-05,0.026380201922686974,0.002467485258673033
2020-08-06,-0.003085814959659396,-0.0003630911196873152,-0.0013333664535025145,0.0001938607371759432,4.9376132575082764e-05,0.007830713222326499,0.008904754530530396
2020-08-07,-0.011263964236206923,-0.012042958426273228,-0.0005190119118521226,0.00023462325224035964,0.00012836653600766667,0.006836109249619044,-0.00029288814544920345
2020-08-10,0.0036224716364925834,0.005728341011205878,0.0014328065692321111,0.00042830046951979956,3.9494080829926416e-05,-0.009362871286758374,-0.0008858428907601282
2020-08-11,-0.009070356969964265,-0.018621138198574815,-0.0009714493469872252,0.0002548536898769253,4.936540769425382e-05,-0.020329917327569773,-0.002849337472040304
2020-08-12,-0.0073669836550990875,-0.01137211140643306,-0.00103010808761165,0.00021402691724964278,3.949057163125035e-05,-0.06201924233141159,-0.004990849322933034
2020-08-13,-0.002489071713010379,0.003800459793681491,0.0009971610581951571,0.00043810271662157236,4.936102158569065e-05,0.013494276305269429,0.001114213722102397
2020-08-14,0.015282963367589877,0.011178086531433427,0.0008315803386453687,0.00028517304085876445,0.00012832725441704664,0.008977469600505012,0.0017024817442416631
2020-08-17,0.023202608397686175,0.018298423452484242,0.0005348099700857972,0.000712577013915327,4.9352251706520906e-05,0.010469519325891343,0.0035164224917706775
2020-08-18,-0.0004715288898805355,0.0066290859209316095,-0.0010287347059992412,0.00028488869184595597,3.948004777600805e-05,0.02196419777720946,0.00368363797349047
2020-08-19,-0.014936905502516556,-0.01820371325268981,-0.0013513070181911454,6.103701897093004e-05,4.934786793524824e-05,-0.014069483270994713,0.0020789544970394543
2020-08-20,-0.012989100140492775,-0.010923371320676206,-0.0011054738575793264,-1.0172577782234605e-05,4.934543284338281e-05,-0.02005055426593339,-0.00767971590386602
2020-08-21,0.008524807011807299,0.00735484436912731,0.0008580858612324577,-0.00014242695555937484,0.00013815425931835225,-0.0013707014751644109,-0.0027518438303701974
2020-08-24,0.00787208863438813,0.006988358475627986,-0.0004454526780196542,-1.017413023920383e-05,4.9336181685490176e-05,0.001248393773295839,0.0010520850009664367
2020-08-25,0.0012438586092815992,-0.0054554764947782825,-0.001965659417672455,-0.0004477642392601112,4.933374774683907e-05,-0.006134536942331253,0.0004151683835255449
2020-08-26,-0.01175380833863795,-0.018997437400803518,-0.0010918657097446014,-0.0005498030011126224,4.9331314048422446e-05,-0.0010343045224776757,0.0052483744381054504
2020-08-27,0.00535219023464081,0.008245237017307921,-0.00014898319000570685,-0.0005195360965231712,4.932888058957421e-05,0.012000829781271448,2.663896214758852e-05
2020-08-28,0.02359401864437009,0.017295209781372646,-0.00018212071342324428,-0.0003872808853949379,0.0001479720434185645,0.0013137729062842444,0.004869648784734669
2020-08-31,-0.00575946693480514,-0.003347944007443099,0.0013650975682488133,-0.00014272024816771317,4.931914915608213e-05,0.002113010367587995,0.009642474889656482
2020-09-01,0.005189085986361238,0.006102262088028637,-0.0007774635231904831,0.00014272024816776167,4.931671689751823e-05,0.011626355091942861,0.003930487919900441
2020-09-02,0.0003463415165668099,0.001042760022712618,-0.0016479038504919965,-0.00021408801137937463,4.931428487874476e-05,-0.013253220578784829,-0.0023564384189878615
2020-09-03,-0.005637845594149238,-0.00834538782074971,-0.0014265101030681883,-0.00037731424095040406,4.9311853099983765e-05,-0.00954725292623713,-0.008165996454473228
2020-09-04,-0.009715808915843227,-0.006353139736808492,-0.0005230103932630024,-9.180067020938962e-05,0.00014792097102572422,0.000711246305137504,-0.003388577393961793
2020-09-07,-0.0212818467716567,-0.02112735089994852,-0.0003654394034174282,-0.00024484299565297933,4.9302128383066165e-05,-0.0035859058442279713,-0.00640471467780311
2020-09-08,0.005310530255960371,0.0071293077631809235,0.0008303510370724796,5.1013901299179205e-05,4.929969780281329e-05,0.002972792558476866,0.00039357866911433306
2020-09-09,-0.023584544322927465,-0.027036877365039465,0.002039734049372726,0.00025503047752414366,4.9297267462350864e-05,0.0005395595363155695,-0.02931106054916848
2020-09-10,-0.000559657332127278,-0.018007056715963293,0.0016635289677660854,0.00042830483721408003,4.9294837361678876e-05,0.006452108313239059,0.00039139346872559677
2020-09-11,0.009706421756708201,0.011877484321576343,-0.0009266001060086243,0.00024466328337841416,0.0001478699338757547,-0.0027321754853583107,0.0019683763140983354
2020-09-14,0.005019685112102181,0.006072326494608998,-0.0010434524312631923,0.00020384035294209227,4.9285119354008996e-05,-0.0018092914471101347,0.009315905662724153
2020-09-15,0.008029965172860018,0.00579380857258753,0.0019038952814507358,0.00033624576825450536,5.913893709337793e-05,0.0036640814846508104,-0.003883579265797718
2020-09-16,-0.0061646489061276686,-0.005321627876004678,0.000686168766562648,0.0003157642794979015,5.9135439886285006e-05,-0.0014640219290145038,-0.0011523291617708362
2020-09-17,-0.005095444242602374,0.0026572203411911453,-0.000487710127998969,0.00030548342989971923,4.927686205931309e-05,-0.006737661925646734,-0.004656912224729689
2020-09-18,0.022228282644094533,0.015937156182296526,0.0018091179497539867,0.00011198721321342859,0.0001576696430079458,0.004317329965580898,0.015648643475658884
2020-09-21,-0.009643114897501888,-0.0037702448892505073,0.0014762584895855156,0.00045799895969718597,4.926666569125939e-05,-0.0005386480065600053,-0.00932843850293138
2020-09-22,-0.011925544133684901,-0.013608934372576894,0.00034606923377955036,-0.008994704740630305,5.9116795098768334e-05,-0.023566067717388152,-0.016945774372291174
2020-09-23,0.0035459900625061875,0.005244119522289858,-9.886470373358891e-05,0.00013346680033173535,5.9113300509793185e-05,-0.012032686011503787,-0.008089325292370813
2020-09-24,-0.01936863004762362,-0.02330886646608819,-0.0005521743033112377,9.238965858334228e-05,6.896110104055484e-05,-0.013824692818053985,-0.005328827071246157
2020-09-25,0.0015547401101986603,-0.0011062753133382185,-0.0013198599565029917,0.00022580545929323025,0.00019700551679147817,0.011919519061546733,0.0051262770354565815
2020-09-28,0.002542830806641862,-0.009026797696975283,0.00018983711207480462,0.0002873150429188711,4.924531554920574e-05,-0.0019597618926783388,-0.003477680248991915
2020-09-29,0.0022357907671035375,0.008327466403995298,-0.0008091216518180108,0.00026671864418834025,6.893936785328597e-05,0.011348789348897664,0.006226065385473047
2020-09-30,-0.001181766556030842,-0.006257421841534507,-0.0011570249224647274,0.00015384378732219206,0.0005415011528454791,-0.0018404835833086641,-0.005959738867589945
2020-10-09,0.02009219447114875,0.02654203448091988,-0.0018623135309782785,0.0007893590712026644,0.00018699591123960444,0.0034009782243085815,0.03000073140110657
2020-10-12,0.029912457964353826,0.028579809307975795,0.0007784550545494708,0.00011271473449671965,4.9203639110986576e-05,0.010507451821823468,0.006818054198995693
2020-10-13,0.0033890724747765617,0.0015810060708680471,-0.0003063408438394947,0.00012294704071707144,5.904117139405859e-05,-0.0051648754359503056,-0.003877744400874868
2020-10-14,-0.006666555026810674,-0.006436701563986409,-0.0011682679893529604,0.0001536625471053831,4.919831349172715e-05,-0.009551411057642154,-0.002885906903873607
2020-10-15,-0.0017044350229195081,-0.007222673541888616,-0.00028191436623302803,0.0001331551105363249,4.9195893136761115e-05,-0.0012130096759134011,0.001182531298178021
2020-10-16,-0.001501486341920034,-0.004943080260749783,0.00034823560978077174,0.00025601769734155157,0.0001869223244807036,0.00403765658184783,0.002828318968910299
2020-10-19,-0.007645139205935163,-0.011101445604327043,0.001217870534324375,0.00038902141132092266,4.918427874709499e-05,0.0009817125377826787,-0.0010571398577474392
2020-10-20,0.00787153488480282,0.010211633889084203,0.0004221801944306308,0.00025585263028142296,5.901794147135148e-05,-0.008058346310954402,0.004491896446183179
2020-10-21,-0.0001646463194976972,-0.011411479767148484,0.0006288007488036353,0.0003683128245191079,5.9014458559555664e-05,0.007303268376209218,0.005942323948674686
2020-10-22,-0.0030921484130541645,-0.005014911931484241,0.0019830947725085167,0.00037840243038158797,5.901097605872803e-05,-0.00022663460303755096,-0.004007024367918978
2020-10-23,-0.012318778089752224,-0.016335641957468356,-0.00020638897791015515,0.000306707699745148,0.0001671788571808696,-0.0032035543938904176,-0.00914292856709812
2020-10-26,-0.00586979170552214,7.300175937471263e-05,0.0002559159949081307,0.0003577067966661182,4.9164933612563336e-05,-0.00450736373752911,-0.00912437522337724
2020-10-27,0.0018485070171373893,0.0012402152268514534,0.0006683747603166175,8.174359083705274e-05,5.899472982129768e-05,0.007660547910283634,0.004278879507508875
2020-10-28,0.00808891720158352,0.004074570168115661,-0.0006105963405403192,0.00013281908527622966,5.899124964840168e-05,0.001434557986970641,0.006346849593825955
2020-10-29,0.007548927364377453,0.0015961926945920277,0.0002310803014325147,0.00011237160279275276,5.898776988625187e-05,-0.01285833247025762,-0.020083433260018848
2020-10-30,-0.016477651459744502,-0.02330889030211936,0.0003382712720317314,1.0214974130691173e-05,0.0001867716525381985,-0.005748390316530853,-0.013998143181844289
2020-11-02,0.005383508503640455,0.00515144580016096,0.0004948249657684225,0.00022470303545796123,5.897327529455487e-05,0.006792324770781903,-0.0005479991144332712
2020-11-03,0.011899586974823692,0.01590752883187262,0.0007747338270338248,0.00013275533721477222,6.879775918590534e-05,0.004164873836613068,0.01004098916161364
2020-11-04,0.007465867694510393,-0.0012505272746850735,-0.0003955337697316833,0.0001735765451393628,5.896574092165163e-05,0.002682730906405543,0.01035439515178913
2020-11-05,0.014806949800902622,0.018881266562825863,-0.0007832887808910556,0.00023479090956636582,5.896226416794005e-05,-0.000606780793779662,-0.00458257356604005
2020-11-06,6.0566294875575105e-05,-0.008099764017950196,-0.0011224086745490781,4.082757494979831e-05,0.00017686593608179547,0.011191284582263945,0.0004633519794375035
2020-11-09,0.01943283862974957,0.019005554991035567,-0.0007847835019991989,-1.0206737467445013e-05,5.894836125256277e-05,-0.0016519414063776775,0.012218319825677547
2020-11-10,-0.005539410390387553,-0.007712630740292961,0.0008178135097642555,-0.00021436555533861586,4.912098007154442e-05,-0.024059671657186345,0.0046201419160081265
2020-11-11,-0.009884034048321323,-0.012171348903116223,-0.00012386815489443591,-0.00024504548779469195,5.8941991274031274e-05,-0.0009755597405465265,0.014913261486733267
2020-11-12,0.0009044226882942197,0.0032362720534095993,-0.0010493657258514094,-0.0006537483506073103,5.893851732049863e-05,-0.004763078481391853,-0.004827505288060724
2020-11-13,-0.0106637517364174,-0.0012788736161237439,-0.0006450386006341502,-0.0014111008926628653,0.0001767947123341588,0.003760855518552164,-0.002358428089743733
2020-11-16,0.009598457121938114,0.012786710493377143,-0.00021510536108947722,-0.00035820468198333736,5.892462560006457e-05,0.00012854627040682117,0.01012204664465363
2020-11-17,-0.0019727842777934506,-0.007752529173135134,-0.0006041971190620517,-0.0005529104733085932,5.8921153693158176e-05,-0.000540005413176383,-0.0013031320446471183
2020-11-18,-0.0006450182642853177,0.0008866009446777835,-0.0014830713059660065,-0.0009939594729553697,6.873695841652732e-05,-0.005338572815406185,-0.0007559261960586499
2020-11-19,0.007512790950709322,0.0031966690558262113,-0.0019254715883242535,-0.0009744240130561447,5.8913632631540215e-05,-0.005549231126407602,0.006277559899953115
2020-11-20,0.0030572203128968133,0.009980660419171885,0.0009466001985576119,-0.000995918868733659,0.0001767200758605369,0.0014810775595888413,0.005378870939490351
2020-11-23,0.012392469412580787,0.008078552994076626,0.0013436291614933287,0.00031839120276768216,5.889975263802165e-05,-0.0010651149902218247,0.003090845507906566
2020-11-24,-0.006127470152097067,0.00027982203501278243,-0.0008955521511337472,0.00020535989393477032,5.889628366162303e-05,-0.02146439246863315,0.010925988467523694
2020-11-25,-0.012830537877681073,-0.019194284591690255,0.0009452815403842617,5.133338467786216e-05,6.870794708280758e-05,-0.012855811752622463,0.002455971293806885
2020-11-26,0.0016654798122946524,-0.002598739218483096,-0.0003315759836738455,0.0002668911305337233,6.870322662493098e-05,0.0009947975600935039,0.002268201002986789
2020-11-27,0.012512366624486916,0.0027128147080620257,-0.0005556361969916451,0.00010263147100427267,0.00018645639673044867,-0.0033108602134125746,0.006303085684532021
2020-11-30,-0.003928108848065327,-0.004716450545030341,0.0031390178874526093,0.0009232095520625747,6.868569917381716e-05,-0.01913634441828781,-0.005628168563392324
2020-12-01,0.021143684143076397,0.016777510745627746,-0.0006948695744744177,0.0006764790549478179,5.886970174392151e-05,0.006656191116158587,0.002811574648525624
2020-12-02,0.0001362251999264616,0.0012670882603071257,-0.0013829027423246964,-4.098570624055081e-05,6.867693880156544e-05,0.014473366266077231,0.001984069931718555
2020-12-03,-0.0018893471792157093,0.0008719499884425061,-0.00032322897739100803,0.0001536877375578997,5.886219381086329e-05,0.011796785059456728,-0.00042621067075930194
2020-12-04,0.0017725838583342393,0.00370433156375258,0.0005552263933173946,-1.024511436119239e-05,0.00017656579574033758,0.0010100205520677452,0.0121274305244904
2020-12-07,-0.008521501776172611,-0.006266089597855282,-0.0004723372078220293,0.0004609262650807406,5.884833804182582e-05,-0.00215417021456683,0.006392683884825917
2020-12-08,-0.0024565449765751642,1.4093538817488713e-05,0.0011514487572853358,5.120091753165203e-05,5.8844875118716724e-05,0.01119874037345187,-0.009095604107376544
2020-12-09,-0.013470351455101792,-0.01788859805322598,-2.4837418400057337e-05,0.0002354904611650347,8.826082058863713e-05,-0.005252819954574303,0.0042523640400208024
2020-12-10,-0.00027924603751806063,0.0023216496999881047,0.0007944915672151021,0.0003991832150407418,6.864191964727902e-05,-0.00866519695454677,0.005863554552127452
2020-12-11,-0.010730039470851202,-0.01611855879371924,-0.0013576385800275453,0.00012279355349274057,0.00019609381190770155,0.000266922914247724,0.011937959346546172
2020-12-14,0.009092887748544982,0.00795466149258804,0.0005465883911515951,0.0001432400911002354,5.8820646063709925e-05,-0.0028062504217818687,0.0015322702169588954
2020-12-15,0.002095871901073799,0.001182715190079069,0.0013651653349458376,0.00022505012575032684,6.861971447103427e-05,0.008580998689696369,0.004109881023189617
2020-12-16,0.0017531631146447259,-0.0046668629669098525,0.0010081978905034283,0.0003579299415926888,6.861500612888387e-05,0.004421564280012998,0.005833272304148325
2020-12-17,0.012776567140646697,0.011877051619962057,-0.0008593834453067196,4.089812278177977e-05,6.861029843259473e-05,0.008156222861871835,0.017505139037000277
2020-12-18,-0.0035831041996942452,-0.0027371952973500543,-0.000347268160653549,-0.00903812409282738,0.00020580265558066006,0.004392508435112196,0.014085377661937357
2020-12-21,0.009285591703635875,0.01696113511790971,0.0017268806836342177,0.0004538515570746124,5.879298013512293e-05,0.014195290819564388,0.014350796111548781
2020-12-22,-0.016252192207304107,-0.023150966163667713,0.0015837928542448872,0.0003093261869278765,6.858744166648243e-05,-0.014534499423059647,-0.03514070933356737
2020-12-23,0.008306845496056238,0.009012890277446289,0.0007333039791065572,0.00046380994930766473,7.837988776088536e-05,-0.000678762589693824,-0.007699270260776445
2020-12-24,-0.001419138899846933,-0.016142528639660862,-0.0006756088975962233,0.0003296895796442538,6.857736263957877e-05,0.0008353347045199914,0.016675208993516488
2020-12-25,0.008347867732726272,0.011682173165609365,0.001293144456391333,0.00019570177172570762,0.0002154982425642164,0.004633856207806498,0.01163410435503027
2020-12-28,0.004391407718785198,-0.005549363814202275,0.0005184353244629316,0.00039128868336330393,7.83514848008089e-05,-0.0014815395122891371,-0.010627592258610756
2020-12-29,-0.004156711844443799,-0.006874773261988299,0.0002056538359631834,0.0001235330452467482,7.834534632642341e-05,-0.0026566666664571436,-0.009199260020987424
2020-12-30,0.013904756593987055,0.0110432789988316,0.0022265777018623868,0.00036021757530811194,-0.019849829632331974,-0.0005739330221198166,0.0020529622402349454
2020-12-31,0.01891282231358095,0.015369096440632023,-0.00037759391044897214,0.00030865467959753586,0.0002996284629503206,-0.00039150691509770054,0.004038612870237902
2021-01-04,0.010729110770340134,0.017827386704043865,-0.0016351486574860028,0.0005553384622041639,6.99003919699318e-05,0.01974836718650974,0.02267749923129318
2021-01-05,0.01875141880557782,0.008416285944178238,0.0018239634348556433,0.0004008860663550128,6.989550624678178e-05,0.007395163117073466,-0.0018677918500428718
2021-01-06,0.009036095871521807,-0.0017412217823259994,0.0006236562871390175,0.0003801793053574779,5.9906545806552826e-05,-0.000813338800428396,0.010483331715971246
2021-01-07,0.017419370230134974,0.0014926613601506968,0.0007216427525664908,0.0005237941300759584,5.990295722715944e-05,-0.005609683740199428,0.016472699961799696
2021-01-08,-0.003172415217672154,0.0032127101932343536,-0.0007708646366259783,0.0004311539594368392,0.00018966902811548694,-0.006310140214589747,-0.0007479106682392287
2021-01-11,-0.0099406369768077,-0.015678216697401763,-0.0006236869950070876,0.00034889329350039106,7.984988226381748e-05,-0.028157643414347473,-0.02834190654528667
2021-01-12,0.02792708534083928,0.013404188553158834,0.0010337953513813345,0.00011285118531374817,5.988322772377003e-05,0.007646103481649594,0.008099664258430535
2021-01-13,-0.003214130802318611,-0.007006107054148187,0.001769737950836516,0.00028720010864855493,6.985923367258574e-05,-0.0036312007060989118,0.0036273877711552236
2021-01-14,-0.01928837881795471,-0.00853990454654968,0.00018007546847834477,0.0005024017987077154,5.9875459063179104e-05,-0.007036693761782531,-0.00674538813953165
2021-01-15,-0.002347037492576698,-0.0035377395387967045,-0.002302496479830333,0.00014349702268289286,0.00017960486977043163,0.0041592218380070945,0.001678763448426546
2021-01-18,-0.0021351677341823645,0.014880437611685417,-0.0015187777171659336,-0.00016399827838556059,5.986112221428375e-05,-0.002090694527827921,0.003626697146836373
2021-01-19,-0.014836173916497707,-0.005822493433722482,0.0007719915300085992,-0.00027680809686642403,6.983344725684017e-05,0.0008209202711931129,-0.009541570190834408
2021-01-20,0.007107949394065131,0.009156175671780746,0.0010584659797065812,0.00016404367699693253,5.985335928770184e-05,0.004621629491014328,0.0051618542629922335
2021-01-21,0.01604409324882286,0.013265577643025732,0.0011228819080372973,0.00019476692099190597,5.984977707752995e-05,0.007088876566711221,0.0051353462952698995
2021-01-22,0.0007901022156792097,0.0021100644251409928,-0.00014746000174171837,0.0001332397240835323,0.00018950066631283937,-0.003564412108251881,-0.01633723853606005
2021-01-25,0.009912831111973908,0.0009786465556603113,-0.000614650836222029,0.00024593439823908755,5.9834855815856465e-05,-0.005423349434448618,1.799483548261251e-05
2021-01-26,-0.02012436532421244,-0.01697591717245008,-0.001780520595602374,-0.0006662123003707209,5.9831275820158675e-05,0.003610064659308718,-0.0110980897347298
2021-01-27,0.0025898070309831375,0.0035863096729332224,1.64248113202858e-05,-0.00019482284000530692,5.9827696252746485e-05,-0.0053274382930265035,0.013177310566545693
2021-01-28,-0.02750549282746971,-0.021783714862612203,-0.001578013346061766,-0.0007488831220392435,4.985367946124403e-05,-0.007884822160119832,-0.014852698543571439
2021-01-29,-0.004864194467003459,-0.010866135013937664,0.0009208103781379043,-0.0005645976878290894,0.00020935831752375258,0.005608062645403713,0.0039411904888262
2021-02-01,0.012236373002096611,0.007440774151887059,0.0010923621979084127,0.0005748601503069689,6.97763667729916e-05,0.010231077536232112,0.0051787004843900026
2021-02-02,0.015146948442634376,0.009528030597007797,-0.000344827589623736,0.000410412162168795,7.973845790034107e-05,-0.009144999099385277,-0.0053784178547154945
2021-02-03,-0.0027485796598528964,-0.008568310535764215,-0.001709472370274317,0.0,7.973210018579057e-05,-0.006747448827878491,-0.003237347477287464
2021-02-04,-0.001933989546232419,-0.01110704857190635,-0.0007076558783893232,-0.0001641446528435592,5.979490349879463e-05,-0.007598698769693563,0.017838164445042964
2021-02-05,0.001751697404341706,-0.014019793820330766,0.0004773112653780901,-0.00027705521271899927,0.00020925401021975972,-0.008604581930394352,0.005555768124284615
2021-02-08,0.014497335486738103,0.013206396987688183,-0.00037853851669923774,0.00018471200372676493,4.981593014834984e-05,0.006076747528883647,0.009410972880504928
2021-02-09,0.021614392576337526,0.02102009815117229,0.001028303102716393,0.00011286276412889683,6.973813333763751e-05,0.010925851129140785,0.015006565822722095
2021-02-10,0.021243154803758033,0.010277468410784847,-0.00013978711267812743,6.155613921832707e-05,0.0005378164781150327,0.0006656105891450922,-0.005258435170261095
2021-02-18,-0.0069790222462796595,0.013577418650778583,-0.0009543634051395522,0.00046155030435506337,6.969577795756529e-05,-0.02891943465884724,0.040558927600799745
2021-02-19,0.0017839363899693152,0.013489809433385243,0.0012914637696868402,0.0001435499915310762,0.00018914977233991934,-0.003815384176340656,-0.0004359587808546413
2021-02-22,-0.031714648435970515,-0.006783168143655262,3.288175720415843e-05,0.0003997806385153736,6.96777404785221e-05,0.010341806489898422,0.013807642729693346
2021-02-23,-0.0032561663292366436,-0.003844356051317803,0.0003451931883279334,0.0001537192372404612,5.9719913622960437e-05,0.009292563786816173,0.010203386490404759
2021-02-24,-0.0257944146276118,-0.014435487454105354,0.0006489692706707326,0.00030736760382547553,5.9716347367927075e-05,-0.0019704971757311873,-0.0009501084602742629
2021-02-25,0.00592189617344165,-0.00566361921299815,-0.0005092820875642438,0.00022534288063067855,5.9712781538737115e-05,-0.01119455229256919,0.019245461541030365
2021-02-26,-0.02444403732744787,-0.020837448967945163,-0.00012325238406258864,0.0,0.00017911695389850925,-0.013091496104023713,-0.020010572519441133
2021-03-01,0.01500376739567509,0.019100094729265233,0.0010020123215279003,0.00046077051883954386,5.969852247930125e-05,-0.002605684079975444,-0.004322927251197238
2021-03-02,-0.012926651406410732,-0.00856395681048861,-6.567497457454419e-05,0.0004196283791764828,5.969495877844025e-05,-0.0190828908096259,-0.013210012686764756
2021-03-03,0.018979415237761997,0.01411289871818236,-0.00024631957626205755,0.00016370966128194736,6.963961502060625e-05,0.004657144419863755,0.007913810040569519
2021-03-04,-0.03179129974741503,-0.018781927127879225,-0.0003942375660898226,0.000286427433522511,5.968723888601728e-05,-0.008597338022943855,-0.0042594685307627295
2021-03-05,-0.003224035108839631,0.00038052555265411946,0.0006651857632734557,0.0002965705220414147,0.00016909449936084988,-0.00927372499227632,-0.0024921681707064046
2021-03-08,-0.035360685382347455,-0.023120604563592655,0.00013134240162037013,0.000511122026174743,5.967358550510695e-05,0.009160107995051452,0.01335929335626791
2021-03-09,-0.02156310547889124,-0.02388935613342784,-0.0002791232265063384,0.00027589730664219156,4.972526790511745e-05,-0.0034430298499691855,-0.02850621974813813
2021-03-10,0.00643398389197002,-0.007650035084552254,0.00038582622701385485,0.0003268908622252404,5.9667057834978346e-05,0.009305823673454915,-0.005323479670878589
2021-03-11,0.024335846756565797,0.024549948181650606,-0.00010670300050756644,0.00014298115736957536,4.9719828775086e-05,0.010478359795495874,0.015361233280301848
2021-03-12,0.003523083711420647,0.0014946059127448094,-0.0002709126077131263,0.0001225390084042816,0.00016902892920652945,-0.01446812188258632,-0.006056634709335819
2021-03-15,-0.021744043521190318,-0.007831531941063029,-0.0006159835603970116,0.0003369048683993087,4.970895408412393e-05,0.00889145650327386,0.002222971612624134
2021-03-16,0.008659945772899302,0.003501199818637236,0.000607772941603633,0.00018371846218093944,5.9647483390972866e-05,0.0011234378375800822,-0.006379014830176813
2021-03-17,0.0042236014421496385,0.004924651318309137,0.00036120346819661363,-0.010165284810878627,5.964392578091633e-05,0.003894162284257084,0.006905964978312077
2021-03-18,0.007888508904331671,0.007694177852723482,-0.0001477492861472062,9.278494003989533e-05,4.970055417144069e-05,0.005826856192334205,-0.003638245978781821
2021-03-19,-0.026587299639609506,-0.010683846862326861,0.0007057163313359457,0.00011339212555365943,0.00017890154499383687,-0.0006952072692788711,-0.03270282965189978
2021-03-22,0.010055728612643705,0.01590459249169171,0.00039367173207278353,0.000432833520438024,5.962673664628652e-05,-0.006026803956534432,0.002078459669651725
2021-03-23,-0.009476672457969341,-0.013755771338176875,0.0004099099895071721,0.0004017491594125077,4.968623145853402e-05,0.00482991572268813,0.005909820419048717
2021-03-24,-0.015976516406944048,-0.012125605460451667,0.0007783663712671084,0.0005251208670873558,5.96202192212675e-05,-0.004298320785502064,-0.006188245924623437
2021-03-25,-0.00044632895184154104,0.0024779163003209813,0.00015560059814779493,0.000205854502764827,6.955243014029913e-05,0.0028768960558680206,0.0015130042972195722
2021-03-26,0.022353801146280727,0.015230417495055078,-0.00022931459605986623,0.00023668030261500696,0.0001788268960416084,-0.0015910458199963277,0.007772306498960849
2021-03-29,0.001645666618390665,0.0003893379141736311,0.00033576421478419174,0.00032920117575234366,4.966846301967513e-05,0.0007539688437485485,0.008436453634112929
2021-03-30,0.009326972678798087,0.004014307240358788,-0.00016377333806664212,0.00012342250625077365,5.959889942459093e-05,-0.013008541943856922,0.0005128176020215475
2021-03-31,-0.009089268896207784,-0.0041008136779335895,0.001072228168090982,0.0002056703317514088,5.9595347607604126e-05,-0.010747288706236565,-0.006796195382631213
2021-04-01,0.012361632128685787,0.009214009530190068,-0.0004991387914004685,0.00018506713877343686,5.959179621379649e-05,0.021240387304670007,0.005490842395756074
2021-04-02,0.009850186709439386,0.0023116778513110597,-2.4554238267394217e-05,0.0001336383029924489,0.0002383316793803321,0.009663794485613752,0.02057772896435891
2021-04-06,-0.004154055201005943,0.0026617906639516456,-0.00035201035110183645,0.0004624562675872488,6.950270815126327e-05,-0.004639219376883155,-0.009093421141363425
2021-04-07,-0.007203615373110755,0.0007105098917670457,-0.0003930882042263293,0.00021573975705090577,4.9641834176782995e-05,0.00475007490453027,0.002686107353020631
2021-04-08,0.0017422118746746687,0.0015329806695472238,-4.09555754929934e-05,-8.218108606925581e-05,5.956694830349619e-05,0.0028779387271199285,-0.004678595262824701
2021-04-09,-0.01505536151656473,-0.003395589001138272,0.0007451290605264638,0.0001232690965936486,0.0001687537539306781,0.0025941067643655367,-0.003112376178357049
2021-04-12,-0.017465243961336484,-0.017095169478575065,0.0007200366875203432,0.00028756881309005176,5.95533498934713e-05,-0.004225766856173004,-0.00724682071584721
2021-04-13,-0.0016581739623985228,-0.0025512066832920084,0.0011362755096318178,0.00046199098399333984,4.962508251174557e-05,-0.008254288628789347,0.00914369371003309
2021-04-14,0.00820329303703901,0.010754887378164022,-2.451030454176039e-05,0.00036943917501614844,5.9546848500638134e-05,0.008226610415692942,0.005820987726400775
2021-04-15,-0.006383493117159996,-7.179627093265449e-05,0.00034308960693362015,0.00036930274011504494,4.961966527612328e-05,-0.0002768242737199241,0.015884995861589073
2021-04-16,0.0035089170470921018,0.010172242867031875,0.0004817604763804956,0.00017434556360346103,0.0001686884477220724,0.008848029719025131,0.008894580848456533
2021-04-19,0.02398778448889734,0.013357252698264996,0.0006365476483136614,0.00046135629313737874,4.96088343513332e-05,0.007736189369727419,-0.002631472038064064
2021-04-20,-0.0006684492227508814,0.0006169464153398411,0.000636142713151878,0.0003996700213579677,4.960637343715261e-05,-0.008752072932514949,0.007808237456941699
2021-04-21,0.002965292565069052,-0.0012904132515081294,0.0005298099736354392,0.00031757251932879114,5.952440006112162e-05,0.008588674239340963,-0.005215171353147957
2021-04-22,-0.001157577848833529,0.0038243107175361664,-0.00019558945835181562,0.0002662734029087088,5.952085711802076e-05,0.001469627958826707,-0.0004774540266810092
2021-04-23,0.00928167049477421,0.0027924398922396783,4.890095113319664e-05,0.0002354904611650347,0.00016862319203980887,-0.0037600175081432177,0.005627125699116448
2021-04-26,-0.011246732338765877,-0.003030157247425158,-0.0015905062385170657,0.00014331487325809658,4.958964569208839e-05,-0.0027061396645024455,0.005476214530278808
2021-04-27,0.002553828199265463,0.0005592450337995239,-0.00013877947555466258,7.164973518247451e-05,5.95043289574082e-05,0.0003831312818821565,0.012301406289828487
2021-04-28,0.0055760589778214254,0.006769959550465918,0.0006855464236497969,-6.141374441535311e-05,4.958423618970426e-05,-0.007993999029485428,-0.0017496408576660792
2021-04-29,0.008857522654772298,0.0004164006389456317,0.00044046036976662855,0.00022516529274518634,5.949783826283906e-05,0.006542798796707094,0.008137150582016113
2021-04-30,-0.007901956409103711,-0.0006940974236129405,0.0009944004666599957,0.00014326061176302788,0.00033708756664381316,-0.004008571618851664,-0.008223101385977526
2021-05-06,-0.012237606390325563,0.0005969527821043227,0.0008957436492181871,0.0009306940478399525,5.947424766828113e-05,0.01165157320275712,0.032764694680292784
2021-05-07,-0.012908786315545654,-0.006823683679024906,0.0004801139345606535,0.0002964128951088611,0.0001684911620460419,0.011759275871029802,0.010868997772927772
2021-05-10,-0.0008198606696179164,0.004823182886826432,0.0010651923028596408,0.000623202566105845,5.946069154531858e-05,0.002281727048595378,0.021269061679997318
2021-05-11,0.006162456556375379,-0.0028966958950690205,0.00022752758870158378,0.00033698055532628725,4.954787564508642e-05,0.0,-0.013410978275973791
2021-05-12,0.004324888699782965,0.008803289332915652,-0.0002762902365230055,0.0006226046508616868,5.945421036651014e-05,0.001500415575002679,0.01810724923498258
2021-05-13,-0.010227316651546846,-0.01099530819355114,-0.000796793355596288,0.00030605686775454175,4.9542475251182925e-05,-0.0049115089540757734,-0.02760207845445458
2021-05-14,0.02340351514358538,0.013549552732384274,0.0003822148175101266,0.0003263574458859814,0.00015851942886925056,0.004483048459611573,-0.022688996045691027
2021-05-17,0.014507905890968002,0.008075303101174484,-0.0006343939310947504,0.0004485676494829517,5.943830800697882e-05,0.011530958756320608,0.010196867846937777
2021-05-18,0.0003850374496483981,0.003345557970528724,0.00032538049468337337,0.00029553688566381475,4.952922472919825e-05,0.006807953043408602,0.016707227557145356
2021-05-19,-0.0027755843651125715,-0.002101615195519529,0.0009755067311269652,0.0003565661697236002,5.943183170649942e-05,0.0016028802717072354,-0.02592446221413944
2021-05-20,0.0028140799573720707,-0.004957623925787602,0.001023258925043212,0.00028516142366574466,4.9523828400185336e-05,0.0007873602842329423,-0.01505805725510466
2021-05-21,-0.010039642896417473,-0.0029561209749346465,0.0005193498505938718,0.0004988369059497547,0.00015845977135728404,0.0006556603389923492,-0.018190212745846823
2021-05-24,0.004093794217895333,0.0025578978686125577,3.245041171736586e-05,0.0006409963133260629,5.941594131454942e-05,0.0035592814335546276,0.0006419777486856858
2021-05-25,0.03114768419868341,0.011647488491601533,-0.00015414883506164646,0.00028475541736179484,4.951058784926105e-05,-0.002956453365447719,0.005380731351289614
2021-05-26,0.0003190121908474749,0.0013973019427723794,0.0005191434250274965,0.0003659950021539389,5.940946988707064e-05,0.00897311495800265,-0.011184362900709522
2021-05-27,0.0032780465989170247,0.008652219379160043,-0.000762584712248852,0.00022359768771204147,4.950519558025421e-05,-0.006879147434606901,0.00574380358200266
2021-05-28,-0.0030904398970553427,-0.002368202619234703,-0.0006575876513068476,0.0001625851034981179,0.0001682993356149679,-0.004323622850664862,0.01446076366967388
2021-05-31,0.0020239128380871133,0.009145710179044628,0.0005683109950639328,0.0002133528406879284,4.949441456538271e-05,0.005786795583158824,0.007163358240103623
2021-06-01,0.001963773693736763,0.0017205395266883194,0.00028403442688193254,0.0003554869446770863,5.9390064059783484e-05,0.006090913723633184,0.019267707815738364
2021-06-02,-0.009310599798558158,-0.00840397307706191,-0.000892951425955314,8.123641833085144e-05,4.9489025818629956e-05,-0.014138666707099205,-0.005507780817180564
2021-06-03,-0.006394754650664731,-0.0017081490915172393,0.0005115151921929056,0.000274124200284049,5.93835982675167e-05,-0.006548742706909848,0.014329035923722743
2021-06-04,0.005489111299015511,0.003923048883511067,-0.0012914703843107027,-0.00014212909406476667,0.00016823438057684092,-0.007712599067392616,-0.014633580998747299
2021-06-07,-0.0006419939797541366,0.004294981749079404,-0.0007236272741094753,-0.00021323152455020848,5.937008343228863e-05,0.004661268045283258,-0.011875783408703919
2021-06-08,-0.00863129107676642,-0.005287724079843415,0.00011386372151467142,-6.093164486860881e-05,4.9472377108466467e-05,0.002627355182380935,0.0033900945245958717
2021-06-09,0.0011044044003894753,0.001461939542956325,0.00010571899088865615,-0.0001523453570620539,5.936362198993231e-05,0.001774200420383313,0.011375129236881854
2021-06-10,0.006865579720834798,0.010943346995910418,0.0003983788472870998,0.00010156615012065504,4.946699315885338e-05,-0.0032860768936644603,-0.003209837858515144
2021-06-11,-0.008103356831460413,-0.006944010449723257,-0.0006098280067513018,8.124549345871994e-05,0.0002176257044330726,0.00845827472828916,0.01946182838937189
2021-06-15,-0.01128656362357458,-0.009388229143869038,0.00030902600130455933,0.00038582597696599873,5.9344246098252914e-05,-0.0157044902002795,-0.012880187605563791
2021-06-16,-0.016417858740644192,-0.014536777127784166,-5.691866730551815e-05,-0.00018274111725981437,5.9340724567668855e-05,-0.002355650632901996,-0.007659139304659244
2021-06-17,0.004710029716834585,0.008034249872871059,-0.0003334458405062565,-0.0001827745176795346,4.9447914049831914e-05,-0.01874725215168088,0.0030927183054512016
2021-06-18,0.0005457877021375353,0.0072703022941440236,0.0009349936247900777,0.0,0.00016810462080084544,-0.008143389805448771,-0.018065976748505342
2021-06-21,-0.0024779291738561476,0.007445051928387724,0.0013886804490893393,0.00025384447593049454,5.9324296282920754e-05,-0.0011569611780330395,-0.010615218440988755
2021-06-22,0.006231884469731361,0.005145511706061714,0.00012983640631066665,5.076116365972822e-05,4.943422530170803e-05,0.002642518535143443,0.013568249307022082
2021-06-23,0.005150857598678963,0.007866860866251964,0.0005840553071703186,0.0002842149089850225,5.931784480237497e-05,0.0009891469414819254,0.013171269028590855
2021-06-24,0.0018717382716176112,-0.004906216655892442,0.0003000068943003853,0.0002334018327566175,5.931432640433945e-05,-0.004265807132031862,-0.00033098578902105206
2021-06-25,0.01687940904078997,0.009184424756934952,9.728020760785666e-05,-0.009973059767839146,0.0001779218729982394,0.0009648386022293603,0.01067276111053619
2021-06-28,0.0021586011562866386,0.0023616169676657878,-0.0006243791887248872,0.00047131631319524263,4.941712502040699e-05,0.0011015339973173986,-0.0024464398301814435
2021-06-29,-0.011069381542687839,-0.009017193650188634,0.0005108846930860405,0.00014340001458580244,5.929732669616088e-05,-0.005049470602249426,-0.013346892148158006
2021-06-30,0.006842488076897781,0.006300852608147698,0.0005754462906753106,0.00026625976869822614,4.9411753089621085e-05,-0.009477690144916623,0.006816371936238258
2021-07-01,0.0009303121013479533,-0.013307250696540167,-0.00021068838455642376,0.0003787859444042919,5.929088107995753e-05,0.012019408830108824,0.001394385988514275
2021-07-02,-0.02856622166605133,-0.008679832216893939,0.00038892850687978107,0.00048095373026663167,0.0001778515537056158,0.0022324821509498364,0.00868411892561942
2021-07-05,0.0008588215155160626,0.008173685183698046,0.00043736383698321203,0.0005829741048465764,6.915595163822105e-05,0.0037646198096011278,0.014676542458777723
2021-07-06,0.0002145901823472854,-0.00030647665354183374,8.097526610624033e-06,0.00041912220070000947,5.927272369787717e-05,0.00928207592436823,0.005786409446505149
2021-07-07,0.01159714345498254,0.008929163828719928,0.0008822375409851679,0.00028612888257510823,5.926921065019666e-05,-0.0015773302881399334,-0.012080161644709014
2021-07-08,-0.00990155061459219,-0.0017847586390273118,0.0026743276596962015,0.0009293538596237309,4.938832559750378e-05,0.0016045038319792496,-0.016433263634680673
2021-07-09,-0.002808059410353929,0.0084723378668328,-0.0007183763390047747,0.0003776223107390362,0.00017777777824611615,0.0018189474126930807,0.005460956863180788
2021-07-12,0.012555348551443142,0.014575220085624806,0.003071678897485063,0.0010300815287087458,4.9377107795239055e-05,-0.0028520615277456583,0.003466766466612159
2021-07-13,0.0030038147898819017,0.00851090883323724,0.0007322617961836248,0.0008762635056940355,5.92493112440539e-05,0.003285948073222666,0.00971234835177361
2021-07-14,-0.011544502507919522,-0.008485047656035008,-5.6308797460022256e-05,0.0007432030355275317,5.92458009712402e-05,0.0022207185835938655,0.005779385581908817
2021-07-15,0.01344610023047087,0.004824321827759766,-0.0007886562672378311,0.00038665432567920615,4.936881965106022e-05,0.007331174013372008,-0.0054197620524896175
2021-07-16,-0.010319610903305753,-0.0003732471904998466,0.0009254007041643341,0.00036616624356386517,0.0001678357582958373,-0.0033085447043503364,0.0038347812006004132
2021-07-19,0.003561202184326037,-0.004994299856267942,7.23865441774303e-05,0.000589652630363976,5.922942519581554e-05,-0.007274135994193088,-0.0021206416995382476
2021-07-20,-0.0007924313560333491,0.001822518293405761,0.0007396509506469234,0.00022357042053225952,4.935517465336157e-05,0.00522434699804043,-0.0102203950583943
2021-07-21,0.007243756027535323,0.011938371081736189,0.0006106036327804525,0.00033526193922727245,5.922299433183253e-05,-0.0038411646449743823,-0.007106847934458076
2021-07-22,0.0016111402299789177,0.006055689972909252,-0.0001526159583026706,0.00033514957632920184,5.921948717647013e-05,-0.005407989265621407,0.007422804521544088
2021-07-23,-0.012089108099562105,-0.005341349559340376,0.0008912692343341572,0.0003147351935458812,0.0001579014895366232,0.0035361677628375724,0.007527463706779263
2021-07-26,-0.03271029463845129,-0.017027160341404873,0.001756123829010253,0.00042625746595953526,5.920663116009421e-05,0.0034154705073617775,0.005147251131367094
2021-07-27,-0.03541420565460059,-0.021262614970135575,-0.0016036438216525688,0.00010146309795849692,4.9336181685490176e-05,-0.003198268073840533,0.001308218454619372
2021-07-28,0.001804961019484409,-0.014721752177539155,-0.0008349122221616815,0.00017246364356971952,5.92002052446018e-05,0.003901598099858167,0.008153013773036927
2021-07-29,0.01868675908055727,0.020310536336295225,0.0013563785973922573,8.1149070887735e-05,5.919670078772985e-05,0.0021879778045654544,0.005319712358657199
2021-07-30,-0.007719838196038791,0.001250880717178839,0.0018189909217962974,0.00014199503041258351,0.00016770495804744996,0.005569845824634321,-0.006708601470811531
2021-08-02,0.025104565633551096,0.015317514701874528,0.00122415194769345,0.0005677785816120883,5.918327087945321e-05,-0.012284005925658035,-0.010986207017137492
2021-08-03,0.0001199544174654098,-0.008106165615165197,-0.0007439137403174142,0.0004154907157063856,4.931671689751823e-05,0.0017098892738276483,-0.016088604976311743
2021-08-04,0.008856748676709344,0.016596977439559905,-0.0003441472984389555,0.00015196567631167322,5.917685003345514e-05,0.001436217305340812,0.011493188185697533
2021-08-05,-0.006002084955664761,-0.002817972539875103,0.0011360364753420656,0.00031398923578772423,5.917334834123716e-05,-0.001870198000011705,-0.01692806937610587
2021-08-06,-0.005376733153754519,0.003781209088905965,-0.00036787051372920047,0.00031389067749275313,0.00015777847934269528,-0.005386155944504287,0.012275204846053902
2021-08-09,0.012883619898180144,0.0059259243059952595,-0.001993651403152897,9.111109992585992e-05,4.9300670006272806e-05,-0.025106614593997788,-0.016549747929765535
2021-08-10,0.011429595147466196,0.005535738648379972,0.0001202120542082223,5.0613691014366345e-05,5.915759585247809e-05,-0.005356529669418967,0.007690470470289243
2021-08-11,-0.005452597602504029,0.00761075242201225,-0.0006092233392704355,0.00025303003601502615,5.9154096438457605e-05,-0.0030979831576045756,0.011092875409957412
2021-08-12,-0.0084135349071902,0.003294315888729946,0.0010819172627387467,0.00015178729569472501,4.9292407500353273e-05,0.012111844820885525,-0.005806335929539374
2021-08-13,-0.0053893477300987975,-0.0007409035594630205,-0.0006089353434749601,0.00014164735901946634,0.0001577193781239018,0.002421544569288462,0.0023348736804663607
2021-08-16,-0.0007580291605743581,-0.00501235244154294,-0.000272538537834357,0.00036414396226875517,5.913835419681389e-05,0.009297501879290033,-0.001332804557692413
2021-08-17,-0.021114976545417944,-0.02234230558248764,0.0005850648346577551,0.00024268899524517663,4.9279290388200126e-05,0.009539284529934187,0.0018975436140444561
2021-08-18,0.011590808588690563,0.006524405933602481,0.001433163974252896,0.00024263011158707427,4.927686205931309e-05,-0.001337683277779584,-0.012173410847324177
2021-08-19,-0.006488082506416319,0.0008205759877834127,0.00046393691290236885,0.0001617207086891224,5.9129029414178506e-05,-0.003557651326351249,-0.02276567644040345
2021-08-20,-0.01883179180490482,-0.0039037468996153493,-0.0006559737845717817,0.00010106216342270065,0.00015766032116544543,0.004049253138791645,-0.00020384516421102702
2021-08-23,0.014727262939262393,0.014979496907535597,-0.0003761790656692098,0.0002526107332576723,4.926375321815417e-05,-0.0019952176075735775,0.0049022067079486495
2021-08-24,0.010794057757784699,0.009386068125260522,0.0007442173458041888,5.051449009214447e-05,5.9113300509793185e-05,0.007386947032377751,0.022649727736242464
2021-08-25,0.0020122350640376647,0.008564532887320706,0.0001919662145357606,0.00015152816179868326,4.9258414578494515e-05,-0.005473646279242653,0.007212813547657389
2021-08-26,-0.0197121718529616,-0.004529439693090078,-0.0008161110363914892,-0.0003030792878611367,5.910689483653319e-05,-0.003035650688226898,-0.005841132032046334
2021-08-27,0.005255259674255618,0.008480589795682397,0.0005761475096959786,-9.094170137979811e-05,0.00016745056553704079,0.008264847994975046,0.007358186235366827
2021-08-30,-0.0031662079990179234,0.006255042336277369,0.0009115552242014712,0.000252595419262213,4.924483053374893e-05,0.0029023659721311443,0.005952736278418519
2021-08-31,-0.001433192989269701,0.0038865569302812815,0.0003036671831035043,0.0002323314471062673,5.9090595748952664e-05,0.00013541878279207682,-0.004138402548178664
2021-09-01,0.013290516898127122,-0.008481313167344361,0.0011977866337699978,8.079828712027041e-05,5.908710425678112e-05,-0.00048759346507258074,-0.008182740657663836
2021-09-02,-0.00014153852398950635,0.015563608361619144,-0.00025540745609346294,0.00019186977150615652,4.923658673281679e-05,-0.00024388591679727194,0.005369377404022564
2021-09-03,-0.005352702303906614,-0.0037734280961058565,-8.781138120969274e-05,0.00015145013533257584,0.00016738626388627492,-0.0008947575939596344,0.011078234395837973
2021-09-06,0.018550567706259298,0.010357994005520189,-0.00015169236816883587,0.00015142720166236545,5.907081608039352e-05,0.006489139980483049,-0.004033898382017624
2021-09-07,0.011902540835294415,0.019449987211596322,-0.0007907696037674637,8.075179929489283e-05,5.9067326925256366e-05,-0.002455511966540329,0.013048572484029616
2021-09-08,-0.004169595701873345,0.006144467130520078,-7.99105002821459e-05,3.028024365743734e-05,4.922010740838611e-05,-0.009664533905900496,-0.008430953738687548
2021-09-09,-0.0005149942672155345,0.009608343139185538,-0.0002477631397071188,-3.0280243657365353e-05,5.906093121114645e-05,-0.004511224175421472,0.009090601104989545
2021-09-10,0.008935058802900565,-0.0007718305630441132,0.0,-0.00015141497321105615,0.00016732036475497323,0.002435854779499368,-0.007413022970152573
2021-09-13,-0.004566038241976562,0.005180875065738684,-0.0007276594874820499,0.00016150848964091566,4.920654448029932e-05,-0.0030937315061681466,0.00011752952942957865
2021-09-14,-0.014865138590861023,-0.011965814639748454,-4.799616031642793e-05,-0.00020188968816048757,5.904465745971875e-05,0.00013709334707459017,-0.0033985957216886285
2021-09-15,-0.010223062551147605,0.004758976109570958,-0.0006641833390112189,-4.038282922650931e-05,5.904117139405859e-05,0.0029293019372310276,0.0028619354224364165
2021-09-16,-0.012108286839267042,-0.019412339480335734,0.00032014342698837635,-3.028819215057622e-05,4.919831349172715e-05,-0.008069429525518701,-0.004503946638903303
2021-09-17,0.010022695891643004,-0.0070287676023030815,0.00047202455404064944,-0.010300528969110571,0.00027546583414059646,-0.009107959702249719,-0.011648129715173221
2021-09-22,-0.007037985196027791,0.007972564003501532,0.0010073070579762354,0.00019379548517182646,5.9018521996689285e-05,0.012079811866118085,0.016295213929979374
2021-09-23,0.006449994384184252,0.006486843787744638,0.00045535340604250244,-0.00011219280855864323,5.9015039016287756e-05,-0.009940714193816902,0.005607110214953685
2021-09-24,-0.0006492189313037887,-0.016001298116599536,-0.0004154018273506776,-0.00013260773122513982,0.00016719036629046658,-0.005119227717016011,0.0019094248074746638
2021-09-27,0.005464605069776933,-0.02859014518960289,7.989836931674312e-05,-0.0001326253183677165,5.9001691398884115e-05,0.002785439532481019,0.00781792898900801
2021-09-28,0.001331262677197806,0.0032819195851095505,-0.00025569725584388464,-0.0002142780623176918,4.916541705561632e-05,-0.008491908345148957,0.008905474520838815
2021-09-29,-0.010170471994364135,-0.026384242644437172,0.0006870381736195624,-0.0002245310372559977,5.899530988993015e-05,-0.002724835597470425,-0.00582444302989963
2021-09-30,0.006555803424810708,0.012940837715097976,7.985753420135231e-05,0.00032657393617916005,0.00048166480010737307,-0.004115348142619395,0.014769992810393213
2021-10-08,0.012804323722373006,-0.0016806515852209102,-0.0007349299750837042,0.0007140088840437443,0.000176879840090091,0.010256788385474076,0.027641776461599706
2021-10-11,0.001257497745522828,-0.00013808946964208137,-0.001767639861818519,-0.0005201560585418073,5.895299482915059e-05,-0.0020709735376808016,0.0218613678241414
2021-10-12,-0.01093104338723921,-0.01979208160962914,-0.00029624529326769474,-0.00021426057228320848,5.894951957854806e-05,0.00600518528356753,-0.0072215097319893095
2021-10-13,0.011509360500604495,0.004433633828671488,-5.605628052033819e-05,-8.163515214194402e-05,4.9121945238929805e-05,-0.000584966381114676,-0.011383965320673192
2021-10-14,-0.00535722706120257,0.003868132216775022,-0.00012814044209966938,2.040941282191357e-05,5.89431493495724e-05,0.013065929824482528,0.008873291269692928
2021-10-15,0.00396071810606275,0.002397337441177303,-0.0004165698736028772,0.0002040712215641821,0.00015716474827043417,-0.0023955404861278192,0.011852347514741235
2021-10-18,-0.011868920019146365,0.005936834545551654,-0.00292085811208496,-0.00012243773546299802,4.9108918680541495e-05,-0.012874047184890264,0.011267843234107055
2021-10-19,0.009910525276401497,0.007428075008509708,0.0008193429649469135,-0.00018368471590715578,5.89275191685791e-05,0.004068784700811543,-0.0007199909267016486
2021-10-20,-0.0026038030213654906,-0.0003375822888880802,0.0004816530425215095,0.00033672954303576064,4.9103613544940873e-05,-0.00337089926527036,-0.020586566694825458
2021-10-21,0.003543511780822461,-0.002955580806238195,0.0013554104195997818,0.00029582026584537476,5.8921153693158176e-05,0.004260480108989831,-0.019968661058340543
2021-10-22,0.006692318880609462,-0.009995734550366378,-0.0004248718434008372,0.0002855365557178134,0.00015710610585907,0.004546722554106284,-0.006919602723411518
2021-10-25,0.004337971920657021,0.010923424918773515,0.00012026506434648988,0.00034661338682451904,5.890842686754051e-05,-0.001134744043271172,0.008123813252708103
2021-10-26,-0.0033459083472282916,-0.0002631760349549769,0.0004889289747736301,0.00043207902011449084,4.9087705012577716e-05,0.00254446026042339,0.007952864157606624
2021-10-27,-0.013255539148260356,-0.007687651492809955,-8.814985481024428e-05,0.0004492049606239034,4.9085295527892185e-05,-0.00804264138878824,-0.025658310252399417
2021-10-28,-0.006896579059060217,-0.013709297297071123,0.00040061856040716907,0.0004245729008093632,4.9082886279888775e-05,0.01126920679575016,-0.012778824981305996
2021-10-29,0.00918490957707235,0.010369255477897452,-0.00018426460449262955,0.0004091299125941787,0.0001668637953607711,-0.003944995943527398,-0.012116742260468074
2021-11-01,-0.0036356737412913025,0.005484936532322811,0.0012491293752289537,0.0005035495260881498,5.8886457113226914e-05,-0.004404744291804147,-0.012949781082474302
2021-11-02,-0.010498837193613383,-0.01083447945881646,0.0013274904386917606,0.00043823772199549324,4.906939886049702e-05,0.004460026507529524,-0.006191240338761956
2021-11-03,-0.0037283447998494685,0.00479178307834767,-0.00042364583842052035,0.0005152682634061946,5.8880100505706e-05,-0.007797256369340767,0.013060130113623522
2021-11-04,0.009709405764343914,0.007944017174603786,0.0009509540223175874,0.00027937373733357877,4.906410225944054e-05,-0.002621964627257168,-0.02457540103784652
2021-11-05,-0.00535085795728805,-0.011411634029418395,0.0018991993962303266,0.00047830977816445307,0.0001667999434787065,0.012159048281273553,-0.0063126582367957545
2021-11-08,0.0010765247573959655,0.00489941958670311,-0.00022324810132516907,0.0003664478002624399,4.905351248655413e-05,0.009966175808639831,0.014325857816747946
2021-11-09,-0.00026394599412163155,0.0077065596749880585,-0.00023127380129799266,-1.3193850650882682e-05,5.886103891427594e-05,0.00340901673297008,-0.006511342763930909
2021-11-10,-0.005273189257321206,-0.002856228074348425,7.975849128981532e-06,0.00019890420088335692,4.904821931428016e-05,-0.0005991448748092645,0.00017654083850825273
2021-11-11,0.015957893161977703,0.00823194509321254,-0.0005983652839462951,0.0001532104439759409,5.8854687792770704e-05,0.017177541147378756,0.013751857040478535
2021-11-12,-0.00205132402396041,0.005197795477093388,0.0,0.00011058103242199563,0.00015692890172163426,-0.00010711799056890178,-0.013866085788863348
2021-11-15,-0.001168318560094746,-0.008214162481412384,0.0008934269898688521,0.000404683173593764,5.8841989660775207e-05,-0.003890794470271839,-0.014545653941804564
2021-11-16,0.0002015316411496818,-0.007296823045776809,0.0002232320825662085,0.00017135779803548068,4.903234664880661e-05,0.004479801475065172,0.003843943955779669
2021-11-17,0.0005439326463469419,0.008161360165085488,-0.00011160981221274573,0.0001916020522487756,5.8835642649174844e-05,-0.0018485036406819795,0.0021757089463934755
2021-11-18,-0.00987702330096702,-0.002708873210813912,0.00040651865165198414,0.00019967312461018384,4.9027058043210134e-05,0.002089361094377242,-0.015729238043021166
2021-11-19,0.010742676067234504,0.012033298784964282,-0.0007174973999570276,0.00013680881799780747,0.0001666740203182912,0.0004547947482717268,0.023481255287284397
2021-11-22,0.004417234368419627,0.01165722834203846,0.0009406138597056855,0.00021885518561369857,5.881949279678613e-05,-0.01089144971941167,-0.0022630505682369284
2021-11-23,0.00016025962092843245,0.0012011571773140033,-5.577444814630852e-05,0.00018740734154729043,4.9013601284146144e-05,-0.016081899144033313,0.007311707643086767
2021-11-24,0.000740866848060202,-0.0007229727974744644,0.00134568624416725,0.000332181840202257,5.881315063754242e-05,-0.007003833847190917,0.025382176937847476
2021-11-25,-0.004051430560255407,-0.0028602488150621637,0.000151176992740845,0.0002733595910553531,5.880969185408967e-05,-0.00038746817710497996,5.5447041788669665e-05
2021-11-26,-0.007484023030096335,-0.0018580161492375933,0.0013039470091684212,0.0002408994671375315,0.00016660868069758866,0.006429115863273775,-0.026394598977339777
2021-11-29,-0.001742866848438528,0.00036941718702570284,-0.0001907153420380174,0.0003926024839024289,5.879643695276614e-05,-0.007370735518534892,-0.005474916048598922
2021-11-30,-0.004024232088294192,0.00411591471995547,-0.00019075172131790934,6.27211680102852e-05,5.879298013512293e-05,-0.002552366484812634,-0.01878384061264617
2021-12-01,0.002400228970562721,0.0029627837539755687,-0.0006758718009254345,0.00019218553448281355,5.8789523723785506e-05,-0.0032553832953299304,0.012320787382030286
2021-12-02,0.0025363471955319435,-0.00598356310296987,-0.0010504955006880325,0.0003094422378960947,4.8988629748837366e-05,-0.004805015390835585,-0.015975505925452906
2021-12-03,0.009118113685189768,0.009887864008217256,-0.000477863005772306,0.000102115148567649,0.0001763391987014437,-0.001092727865417418,0.011261165731469817
2021-12-06,-0.0019095291276782027,-0.008351774834216836,0.002434717391194663,0.0005518479465460467,4.897759276125186e-05,0.007679778588902956,0.00026833702238517217
2021-12-07,0.005617654161142838,-0.00482509983175702,-0.0010893203957113389,0.00014852242943302416,5.87699450670945e-05,-0.0014198023013964386,0.018782439409545482
2021-12-08,0.014834503963557323,0.013444736158833423,-0.00041377554858599023,0.00017476345104303374,5.876649136357432e-05,0.0006683933743699099,-0.0011571623953007418
2021-12-09,0.016151143963934418,0.0030631245917338576,0.00038195273799273053,0.0001121153799739773,4.896943818348196e-05,-0.0028996033364015648,-0.0030283836834510323
2021-12-10,-0.004821910104928794,-0.00443972144803487,0.0005488015981405338,0.00016259546838812638,0.00017627012462898985,-0.0022361993944723913,-0.005458670724669215
2021-12-13,0.0054230173237112145,0.006076829589934506,0.00023056588124637764,0.0003977929610794031,5.874980418414585e-05,0.004523125870893445,0.019099142872148627
2021-12-14,-0.006612623041496531,-0.0038119332818209077,0.0008820199622251385,0.00012617029271600445,4.895553369838919e-05,0.00027853601650740034,-0.011579139009601771
2021-12-15,-0.00866230478197421,-0.0012901186020746207,0.0001588398341874678,0.00013927351726486322,5.874347704334109e-05,-0.010104630221543077,-0.006061442370442054
2021-12-16,0.0056722985481728275,0.008851224806686096,-0.0002779862692685034,0.00010393788358529887,5.874002644994763e-05,0.009296661939098911,0.01723135118746808
2021-12-17,-0.015860823302144205,-0.008765976948486827,0.00020651146609157824,0.0001674888084059535,0.00016641133984862064,0.012547077038444753,0.0034017460350748087
2021-12-20,-0.014803807976810466,-0.01605671411620846,-0.0005799289153814882,0.0002189039176905833,5.872680292964214e-05,-0.0026734667615243555,-0.01874014219220981
2021-12-21,0.006697867851437756,0.01099013590780504,7.946504134355768e-06,-0.0002612779533092618,5.872335429495361e-05,-0.0057014906323228556,0.011575871342383392
2021-12-22,0.00034073257833276157,0.0037017396445790758,0.0011118877821290436,-6.659139823210589e-05,5.871990606501674e-05,-0.0029743312313606444,0.005536349865474285
2021-12-23,0.00669085851904667,0.004841623004597368,0.0013405625230275414,0.0002532254734143765,4.8930621281888336e-05,0.010798642979290864,0.010769397375473704
2021-12-24,-0.0054091408421276695,-0.00795603424230678,-0.0003409194551352018,-8.069942188991182e-06,0.00017613041524251272,0.0022557227874655324,0.009539230908863293
2021-12-27,-0.0004404051798772363,-0.0007219730980940683,0.0006896469994267773,0.0003025782717423092,5.870324532788283e-05,-0.0011547345393967956,-0.020349487972174445
2021-12-28,0.007361262107326785,0.0017734079143112132,0.0003802914028671101,-0.009998091790966302,5.869979945918238e-05,0.0034053804913540572,0.010997187588852526
2021-12-29,-0.01457541619580978,-0.005108583588767557,0.001329882168975808,0.0003340367145552614,4.8913867580211195e-05,-0.005195102460877903,-0.0019366768542429555
2021-12-30,0.007654559268360279,0.008609462383176539,0.001043668113425302,0.0002921906223527473,-0.021116893616123563,-0.004917544512063006,0.0014920280436791886
2021-12-31,0.003935007624322707,0.006626559516994268,-0.00033195808148538727,0.00026157561287364816,0.00023976263614005833,0.01088000155580004,0.005453477624633487
2022-01-04,-0.004535608242977501,-0.000532384733133208,0.0007664985223103776,0.0006846580410840562,4.994331434864311e-05,-0.006872312494640665,0.004188314472380798
2022-01-05,-0.0100634843460016,-0.01800068142827254,-0.0008139301022651208,0.00023184326685607505,5.992868488305889e-05,0.004129052331902475,0.009748010673211151
2022-01-06,-0.010227096164426307,0.0009730203192846829,-0.0009174530251162232,0.00015554890239750515,5.992509365091498e-05,-0.005371099937788666,9.913308128600508e-05
2022-01-07,0.001000888627467222,-0.007339437144685349,0.0001898869387227355,0.000191098859680642,0.0001797537378637449,-0.006678237497555337,0.0128141219556248
2022-01-10,0.004257882995111176,0.002106020277669007,0.0013440012142636917,0.0004369505797130173,4.992586010799068e-05,0.0013059003536875823,-0.00512858619492064
2022-01-11,-0.009518628969535935,-0.007677342453616349,0.0008765799729731871,0.00016863218009246955,7.987619194509306e-05,0.008570928080268174,0.005182411063490969
2022-01-12,0.009965774360210053,0.008543239762824645,1.5787188696766162e-05,0.0003981029229864953,5.990295722715944e-05,0.0033530332362814753,0.012487033532105462
2022-01-13,-0.01636912349920432,-0.013644271027793888,0.00028412678559612737,0.00015736943319074015,5.9899369077827806e-05,0.002630570925610133,0.0003768498298042741
2022-01-14,-0.008275737650613832,-0.002510041478477975,-0.00020519458042619226,9.237955007574974e-05,0.00016969539716992283,-0.00032844318228255107,0.005462836043655315
2022-01-17,0.00839966362565672,0.010810916104215456,0.000954586227832798,0.0005114861218675057,4.990493111654698e-05,-0.0034826519782209255,-0.01284201302360972
2022-01-18,0.009557845901993068,0.0007207297078645495,0.0036364248875066394,0.00031041755467780787,5.988263006300187e-05,-0.0033570005660874492,0.010085421079094648
2022-01-19,-0.022382664949470166,-0.006142823948830119,0.0003613454659041931,0.0007269737479116397,5.987904434839264e-05,0.00041335409877998837,0.007903017345320333
2022-01-20,0.008913754454596547,-0.008610895838449062,0.0008400162216688722,0.0003860849363874044,4.989646484568392e-05,0.01224018896381325,0.012845742545421271
2022-01-21,-0.00926945136273752,-0.011512742856391821,0.0016857526563528718,0.00032111720699354117,0.0001696293602556572,0.0006529724079103485,-0.002816197823141068
2022-01-24,0.0014638229297268379,0.00026776663660210893,0.002042613846310156,0.0006490104337787241,5.9862316689462066e-05,-0.0024781135457319857,-0.005903781984321926
2022-01-25,-0.02274122137701168,-0.03418426963035237,-0.0017214671147427376,0.000348125288138653,5.985873340713304e-05,0.001552943411713971,-0.002082217336188049
2022-01-26,0.007135812499556563,0.005446808540363471,-0.00114406626121385,9.409445977758815e-05,5.985515055353365e-05,0.0008707720488171667,0.007271238533759164
2022-01-27,-0.019785222854523245,-0.02625520523585971,-0.0005725243381189485,5.968974486418452e-05,4.9876555535286686e-05,-0.017090681672213344,-0.0016539543459387282
2022-01-28,-0.012197663810188487,-0.003900376762127053,0.0014032779420714819,0.0002114146734716907,0.0005484779873730914,-0.0033812842281622864,0.013356931714236641
2022-02-07,0.01502970011981726,0.014405350631412314,0.0004934229949067882,0.0011341995708634234,6.978471418500223e-05,0.006116734865250771,0.019975134272587812
2022-02-08,-0.005498444418859394,0.009933966318914245,-0.00011745958424981864,0.00016163493774358416,5.981159349834367e-05,0.004707316029981693,0.004015214659155617
2022-02-09,0.009247721581211522,0.014932884273206158,-0.0008226036258871355,0.00013130915243655193,4.984026197060954e-05,0.0046852609853056506,-0.016604391508489316
2022-02-10,-0.002562640705565905,-0.0003381014336499634,0.00013322936238110262,0.000165626953943347,5.980503560177123e-05,0.0022116955784749585,0.01654955993279894
2022-02-11,-0.008292693483176185,-0.013921946280468478,-0.003021612699596106,-0.0005161598028138605,0.0001594626113388377,-0.0049489485398508115,-0.011503174943845661
2022-02-14,-0.010886543194631799,-0.00737307348962434,-0.00073126720851986,2.020714342576586e-06,5.979192412189994e-05,0.016015569023048282,0.01108727095225645
2022-02-15,0.010516861442914218,0.009402032960918297,0.00038535797479736947,-0.00016874371356029194,4.982387262056574e-05,0.01081207629864097,-0.014012833269788092
2022-02-16,0.0038856918850085635,0.0018278054991739782,0.0006681260884515481,4.547266563078911e-05,4.982139032619436e-05,-0.013350902780500322,-0.000820879128751274
2022-02-17,0.002445227077165684,-0.0004730679860625706,0.00048705763168755344,0.00027178237370661744,5.978239211063997e-05,0.008750611161797473,-0.008465959787603628
2022-02-18,0.004700513204302896,0.009731545806910406,-0.0008328554063094459,5.555979270558727e-05,0.0001594022419315615,0.008275982950822373,0.01258673661965236
2022-02-21,-0.0037284124181180796,0.0047009410519737805,-0.002384541751673083,5.252641979119757e-05,4.980799020814141e-05,-0.0005318724695230811,0.006195421400711084
2022-02-22,-0.013039694476844367,-0.012069381690723432,-0.000630531953391584,-0.0005021442269763885,3.984460604161222e-05,0.01321267536739776,0.0051847048608273235
2022-02-23,0.010618490475068807,0.015005975414301096,0.0013236582167566715,0.00011520225081578185,5.976393248445153e-05,-0.010317394773935007,0.004330471357899747
2022-02-24,-0.020466888386462143,-0.017934427464117726,0.00030702738689275365,3.334554319447321e-05,4.9800548812449625e-05,0.022217015890937334,0.014163429624409361
2022-02-25,0.009739016245839222,0.008055528167181256,0.000684567745825382,8.083600597485701e-06,0.00015934509201030421,-0.014054567814484678,-0.01908338218738935
2022-02-28,0.001683152482177704,0.0049062128697111235,0.0006133522249376326,0.0003384421288693762,4.9790134593081224e-05,-0.007552586867260518,0.012288655012595379
2022-03-01,0.008286889614273287,0.0029296262997422877,-0.0008808286650048445,-8.990330350194237e-05,4.978765565888184e-05,0.0030701662418870417,0.015301540345619277
2022-03-02,-0.008920471667955253,0.00034942636195027543,-0.000991860528124388,-3.636767722053317e-05,5.974191494536366e-05,0.017239096034634055,0.023797256554945526
2022-03-03,-0.005918214634781245,-0.0021243256133258873,-0.0011426456244674704,-0.00041630207155773783,4.978220287279411e-05,-0.006907094823607129,0.030619545117117078
2022-03-04,-0.012187315616956214,-0.00811123152949352,0.0008748320841045626,-0.00040737583308444623,0.00015928639727844982,0.0051652737907464325,-0.010396256876558043
2022-03-07,-0.03252429520396252,-0.021471819245777575,0.0009134218517679461,4.044248118759985e-06,5.972585832813678e-05,0.018816442983562415,0.05275108675929256
2022-03-08,-0.0201801871831108,-0.03502549446877571,0.00032264791916239546,-0.00019211985102050679,5.972229136306837e-05,0.02074747489470426,0.007451692203495058
2022-03-09,-0.009403903897206004,-0.02068441690452513,-0.0011257849208060004,-0.0006150316763207468,4.976585167804315e-05,0.01247717136223795,0.012711537941936258
2022-03-10,0.01578757594805845,0.01787248860506104,-0.0003072523393073993,-0.0005172025631294003,4.976337516128492e-05,-0.03179571006075248,-0.03957189768457712
2022-03-11,0.003234704890451921,0.009030965297621624,0.0023374702226752623,-0.00042124705952507224,0.00015922616119463053,0.003715867959414,-0.009664588019443244
2022-03-14,-0.03090889189265783,-0.02308383107969062,0.0022692750809340965,0.0009809475281210844,4.975297648210216e-05,-0.007292044244419572,-0.02890821855124674
2022-03-15,-0.04677451226646857,-0.058631638318459446,-0.0028826273058716986,-0.0004878226608381542,5.9700304489367525e-05,-0.017606361291028945,-0.022038697022127136
2022-03-16,0.04223521802868054,0.03129362215607411,0.00028313238987716095,-0.0003189338927706311,4.974753128915102e-05,-0.006113031393140499,0.024870598145218265
2022-03-17,0.01921623082721663,0.01788218214345948,0.0003616636567449388,6.075881686357756e-06,4.974505659524295e-05,0.0070501897894232075,-0.007298911886287727
2022-03-18,0.006566660842914609,0.01046819332418349,0.0007543552585036155,-0.00996632062773303,0.00016911468502903384,0.003921319054486315,0.026591245459718447
2022-03-21,-0.0017844988181946685,0.0038152459559596136,-0.00086441296029529,0.00020044609550070875,4.973417086704483e-05,-0.0050408047287369894,-0.005824045196450105
2022-03-22,-0.0008228808345179996,4.1998866036732027e-05,-0.0014475995195518242,7.362317006280105e-05,5.9677740220648534e-05,0.006517049120994862,0.00888607985097176
2022-03-23,0.005090979804689761,0.006349493488649389,0.00032274443250816944,-1.0225116157475002e-05,4.972872978916135e-05,-0.006178467773592436,0.0040294101156181945
2022-03-24,-0.005890998671331741,-0.008339376574027566,0.0005114546274203856,-2.965342811735968e-05,5.967121164155068e-05,0.01056840381009016,0.016365979367427706
2022-03-25,-0.018147766459757343,-0.011952192970616655,0.0005033306438005502,6.13509478914949e-05,0.00015910582559754735,0.004934981485234024,0.016424111470918986
2022-03-28,-0.006348311610222829,0.0023679053693350235,-0.0002280403090784774,0.0003107869682596642,5.965815876798826e-05,-0.008807453085864144,-0.013204810856534731
2022-03-29,-0.0034313640704810044,-0.004670285511498046,-0.00016516510649403976,0.00020543440505718826,4.9712413697264984e-05,-0.006331434301287389,-0.0048635467382129455
2022-03-30,0.028586327706466883,0.01987767335259346,0.0010062973042354463,0.0001451073285835472,5.9651634472413595e-05,-0.0004426218909730027,0.007930385013376723
2022-03-31,-0.007413912551136522,-0.008193380523059781,-0.0003851035701111521,0.0004331529618665168,4.970697737855265e-05,0.0007549429595677198,-0.006224838712779872
2022-04-01,0.01252901321790691,0.006322524829035886,0.0011941237965418378,0.0005023858326666774,0.0002783134224672055,0.0026767515560120712,-0.0036477639067621984
2022-04-06,-0.0030940908843319435,-0.0013564633352670026,0.0012946407611412487,0.0008194091223087067,6.956625443182158e-05,-0.005125881255242883,0.016752908857924877
2022-04-07,-0.012758288635990434,-0.021385441256418697,0.0007838158120701747,0.0004497262711347093,4.9687218967057994e-05,0.0027613532538305384,-0.022544542010454666
2022-04-08,0.0053594000557936885,0.00020012579402366404,-0.0005407671972308867,0.0005453149175812338,0.00015898251225841305,0.0020790028278331553,0.004580961861923975
2022-04-11,-0.03135052988407616,-0.03158134274653952,-0.001247230173643191,0.0005867731719638759,4.967685208762001e-05,0.008195813551234787,-0.01264121267923036
2022-04-12,0.01926320274426098,0.016154872842374518,-0.0002512030283175593,0.0002576231781427575,4.9674384420455625e-05,0.004726562268553693,0.023785402645041802
2022-04-13,-0.009403967951951815,-0.013297096720532205,0.0008318684558068644,0.00030030687516144285,5.960600432921224e-05,0.004040926214822341,-0.001560620663333509
2022-04-14,0.012344056838238585,0.013398699873220296,0.0005097659500474659,0.0005545671287899575,4.966895641580585e-05,0.003719559979805757,0.012678374992429077
2022-04-15,-0.0008118434065764187,-0.00922982530162916,0.0010109203762040083,0.00032852497161538045,0.00014899206893117254,0.002641137223639146,0.01366518548358515
2022-04-18,-0.0054131868710231,0.0006589689571217246,-0.002171996227606164,0.00019624979916880281,4.965909035489668e-05,0.005715457367302163,0.005006718340793865
2022-04-19,-0.007569949360094706,0.003084053806346148,-0.0002355176295832008,0.00018604585016386877,4.965662445218932e-05,-0.0049548853805317355,-0.003917887459300494
2022-04-20,-0.015584350918368137,-0.02244731693530856,-0.0006126055561701192,-6.099315148608309e-06,4.9654158794156876e-05,-0.012316086067319376,-0.006483127133979698
2022-04-21,-0.018531682265781838,-0.03364888536291288,0.0003927390456650826,8.945289396242672e-05,4.965169338124342e-05,0.009524489492455686,0.004217025758557495
2022-04-22,0.0043723289183696095,-0.0034171680062476365,-0.0007227590855913023,0.0002825372678334474,0.0001489402901130882,0.005044562454999043,-0.012090405242421894
2022-04-25,-0.05038572239493264,-0.06668549947380352,0.001319427183121075,0.00024690066133241297,5.9569905301408415e-05,-0.0044602202679216996,-0.041252804554335366
2022-04-26,-0.008160946678387574,-0.025947165894395666,-0.0005338441615895357,0.0003463710054043755,4.9638877178821774e-05,-0.009493257637318484,0.008917046967475358
2022-04-27,0.02876471668633221,0.03796120042990729,-0.0005105587587292809,0.00010967606980703079,5.9563400293567965e-05,0.0011787921309641461,0.010845959122198833
2022-04-28,0.006579055307324182,-0.0032771871763654183,-0.0006130147944248229,8.427991700875722e-05,5.955985270615286e-05,-0.0017687096878592334,0.0030224495002099437
2022-04-29,0.02414979605649682,0.03849260292071971,0.0008958180045550674,0.00017564494992309047,0.00030766940668968616,0.013025099710171337,0.017161800197542036
2022-05-05,-0.0015703481672161596,0.010463238799939245,0.0006046163030123629,0.0005805256152496848,4.961523387160295e-05,-0.006249226485012785,-0.00037792287606871393
2022-05-06,-0.025569215918014115,-0.022075114449748447,-7.850094597666474e-05,0.00024753429592298045,0.00015875220798121712,0.000738731199134796,-0.018642134614897995
2022-05-09,-0.008119889411396904,0.008036261929840116,0.0007062867660802248,0.0005415212010102312,4.960489700569747e-05,0.001958814653467016,-0.010680047065708695
2022-05-10,0.011007590586252477,0.014882444396469336,0.0011211862225824596,0.0003527437008981567,5.95226285368403e-05,-0.0035898453675029486,-0.02022848246820503
2022-05-11,0.014289576817623568,0.008861447203910255,-0.00048595436120602584,0.0003131078205764518,4.959948417555636e-05,-0.005011644640295989,0.01209178167193166
2022-05-12,-0.004513086765127055,0.0006807878835142127,0.0008150151307302683,0.0004365660051276091,4.959702418856505e-05,0.005802007355924397,-0.004795690567112498
2022-05-13,0.007552335572412786,0.009743110343385458,-0.00015668210017400386,0.0004667425756483586,0.00014877631508503138,-0.009294294499238853,0.012389789886706316
2022-05-16,-0.008057858420172752,-0.001057447053778325,0.0002663449653047656,0.0005929853850067422,4.958718668113256e-05,-0.006814160532753118,0.008593092226008792
2022-05-17,0.012362277088513077,0.0045131608247354965,0.0006577247659063973,0.000395465402690229,4.9584727913963567e-05,0.0023023900690909297,0.006946533292509713
2022-05-18,-0.0034520746708875155,-0.002950373229595397,0.0007746206506836932,0.0004215900680423647,4.958226939058142e-05,-0.006064865802560922,-0.019886907844062923
2022-05-19,0.001977645744882871,0.007078487550016967,-0.0002503168085161736,0.0003042028015169652,3.9664045539674515e-05,0.00020795425081447075,0.0056680649672906334
2022-05-20,0.019294477265233326,0.015910334788932213,-5.4765155292520286e-05,0.0003243136778166529,0.00013881177146100768,0.00440883517127344,0.01292080403908863
2022-05-23,-0.005880126671736683,0.006264189437440771,0.0007586215350903249,0.00045648773880932404,3.965696723868831e-05,0.004028722973964615,-0.0004126230012114427
2022-05-24,-0.02344296190758904,-0.03729209745679006,-7.81790534872693e-06,0.00032910743534706106,4.956899757632395e-05,0.0026768264722570366,-0.016808157186215457
2022-05-25,0.005968964089687712,0.016788341260862125,0.0002032456778205113,0.00013625511419312973,4.956654061246713e-05,7.710992022940594e-05,0.011810502231452264
2022-05-26,0.0032590467313041624,0.011797855749324382,0.0018585624141732773,0.00032390984691620664,4.956408389239717e-05,0.0037455148969904903,-0.0019772722970678182
2022-05-27,0.0021251867536231945,-0.0012756539455470338,0.00017942607108936971,0.0003520446618626153,0.00012885512241718494,0.004037621758358029,0.01621598690956618
2022-05-30,0.00726642490535081,0.007525300505595886,-0.0008896450591063575,0.00011799296997442019,5.946599537926747e-05,-0.00850306058020248,0.004669300617162769
2022-05-31,0.015402331845897739,0.01442748888106351,-0.001320317849293271,-0.00029046928138604333,3.9642032452145305e-05,-0.0018793852477794958,0.01245072800439399
2022-06-01,-0.001612745926723176,-0.0003967408526130669,-7.036169824765714e-05,-0.00033495125864383665,4.9550330758561055e-05,-0.006878210862860318,-0.004823324033363768
2022-06-02,0.002222955979951658,0.010118968585889346,-0.0003284200678540677,-0.000221008191826425,0.00017836086413589375,0.006517376816830747,0.007359287965142369
2022-06-06,0.01849464651301176,0.01805150013014266,-0.0007745600456093521,-0.000396726256518935,2.9723718042989216e-05,-0.0030982158419240098,0.010268652632012869
2022-06-07,0.0031330369424722947,7.144132883907334e-05,0.0003677952282858667,-0.0004827444214568699,4.9537566823993467e-05,-0.001759925916237653,-0.0006052912067770475
2022-06-08,0.009884602649668776,0.005428871777148144,7.041344430276754e-05,-9.395016506292258e-05,4.953511297496888e-05,0.0017340670796252397,0.008752756846830216
2022-06-09,-0.010195076363398498,-0.01344779282131331,0.0003754546565283994,0.0003303018655721491,5.9438896831606594e-05,0.0032529589277706197,-0.006973302587105725
2022-06-10,0.01484213314278247,0.019158247957922044,0.00017985541237319045,0.000409947803029051,0.00012877215765635402,-0.002787602145846339,-0.0023851120658571765
2022-06-13,-0.011836979192559157,-0.0009046959990557568,-0.00044578789837563994,0.0003048275829984361,4.9523337883092815e-05,0.014523502743779722,-0.012545318577838034
2022-06-14,0.007709955517909837,0.006554627547951756,-0.00012516917412501075,0.00012816133410272333,4.9520885443502664e-05,-0.016360335629871898,-0.0034918257004557256
2022-06-15,0.013496748590608681,-0.0009417851036622399,-0.0004303885692631552,7.567811377424261e-05,4.951843324681127e-05,-0.005426681888195416,-0.021006799579742098
2022-06-16,-0.005939592805475953,0.00052019993721556,0.0007119971820897821,0.00019875390447864896,3.961298117915352e-05,0.002158620362002903,-0.004595188261553155
2022-06-17,0.013858540868127368,0.008453869262720983,0.00010167251292372984,0.0004145320260129986,0.0001485347054070013,0.007273700612125647,-0.013194426577573531
2022-06-20,0.005697101130700651,0.0024917014220959817,-0.00046151981638751523,0.00028835645089865487,4.950666608267097e-05,-0.0035396437892307106,-0.038184135358548955
2022-06-21,-0.0006672111970880522,-0.00822245623152394,0.00012517896696761496,9.072434321796625e-05,4.9504215294081884e-05,-0.0031107449390119896,0.005266445014447608
2022-06-22,-0.01250595270796754,-0.015525213124086645,0.00032852025388144273,0.0002025879866205979,4.9501764747947496e-05,0.0011157964180669362,-0.022551239937337736
2022-06-23,0.017121292527204637,0.01994498618317353,7.820595538211237e-06,0.0002378121295393036,4.9499314444489843e-05,0.00041486245312008247,0.00936104301839557
2022-06-24,0.011887551173688157,0.011157949144028125,-0.0004536956718597511,-7.052935809725852e-06,0.00013858504689533737,-0.005719500837964904,-0.029425252109165453
2022-06-27,0.011233164435581115,0.006396918287155362,-0.0010959763113635587,-0.01019393955833288,5.938771269977063e-05,0.005641727236878267,0.02334901882622763
2022-06-28,0.010444017304943473,0.014674316924754759,-0.00046223574061922347,-0.0001710200433551497,4.948706656513233e-05,-0.005641727236878322,0.021745777405059105
2022-06-29,-0.01475127450252374,-0.018631453168422768,0.000509230798314219,5.4973917943801175e-05,4.948461771662496e-05,-0.0030289601976078236,-0.007577422788799808
2022-06-30,0.015238517602170277,0.01246399093882157,0.0005167999238029019,0.00015065376637464427,4.94821691105723e-05,-0.002513682557377374,-0.0051025045409247355
2022-07-01,-0.004171387707900637,-0.002477674976941795,0.00030525628067024036,0.00041418086659274737,0.00013853704898655593,-0.008345557790011908,-0.0284295079078622
2022-07-04,0.006405234722614504,0.012960022140687762,-0.0016683053342881199,3.0522934169267475e-06,5.9367146238766454e-05,0.0054312137515754415,-0.003062529358409148
2022-07-05,-0.0015255533088370686,-0.0019393945472729207,0.00011757743467419666,-9.869554011015799e-05,3.957613955044073e-05,-0.0014735293688211972,0.0031562691056929285
2022-07-06,-0.014396754274599927,-0.013969153420140634,0.00034481407810011425,0.0002584192286426556,4.946797197164708e-05,-0.019060854868367224,-0.02187704290346679
2022-07-07,0.004635806969700368,0.005956333417199541,0.0001880303047713994,0.00022479075991054293,4.946552501237703e-05,-0.014109104799684663,-0.006733785569786936
2022-07-08,-0.0025055941520062343,-0.007050590047472752,0.0002506520883827099,0.000211521624298485,0.00013849045427208792,-0.0029168447902420927,-0.009947529041884276
2022-07-11,-0.016418430936084104,-0.013488861785943771,0.0013070720711277498,0.0004920214352225498,5.934718102623367e-05,0.0007913875619410179,-0.004934193766070484
2022-07-12,-0.008208105528967323,-0.012239952395373356,0.0012350602293780617,0.0003393943367950363,3.9562830725675734e-05,0.0019893453986118644,-0.021464146715549585
2022-07-13,0.0018807776364529031,0.004651236337584346,0.00046080250742156333,0.0005169992827397272,4.945133742154952e-05,-0.006801911084303651,-0.009942328789397714
2022-07-14,0.0003207551520159166,0.005742096026907132,0.0009989776919312435,0.0003949332852672589,3.955930929972824e-05,-0.0010421238327959056,-0.01730886628892336
2022-07-15,-0.01462979227730193,-0.016011997120936153,0.00021839340538737555,0.00045159624816154786,0.0001384452599543107,-0.0065241859429946815,-0.03923735540315714
2022-07-18,0.010106819613912455,0.018427189011734676,0.0003430933013496392,0.0006359481292845487,4.944009097987406e-05,0.005590837901152403,0.04953650881173673
2022-07-19,-0.005352911884142183,0.003832880248465884,-0.0002027227227924759,0.0004044837944835629,4.943764677797142e-05,-0.004210880184857627,-0.012254063720707047
2022-07-20,0.0033719834250611055,0.011916343198343112,0.0009197194724696093,0.0003567020501574945,3.9548357759583976e-05,-5.51617618806878e-05,0.010746261407997166
2022-07-21,-0.010406499995125093,-0.009281986092009399,0.00039724422084159744,0.00045683863400561373,5.9319604157920245e-05,-0.007641656323208828,-0.005517241953189487
2022-07-22,0.0004891399387106492,-0.009605344292860401,-0.0006154062069812055,0.00021163496187276377,0.00012851373878965694,0.01634703472873199,0.011168259221842431
2022-07-25,-0.005955804644842325,-0.009319419426632794,0.000817862154037629,0.0006771334135588407,4.942396371310184e-05,0.003657209316488663,0.001927962307872697
2022-07-26,0.007909975326044559,0.012332745597407407,0.0005370882938779227,0.0005047682497692188,4.942152110558328e-05,0.0002451547892371581,0.026533283908844265
2022-07-27,-0.004939317141047625,0.003999092043454644,0.00016340441461726538,0.00033064185772095254,3.953545836940146e-05,-0.0029458315995118316,-0.008074450823532772
2022-07-28,0.0003502831491241579,0.0030886777722745444,-0.0007861421454025065,0.0002537212890319614,3.953389537861876e-05,0.009055249573176091,0.0346025063415906
2022-07-29,-0.012971935433785397,-0.008503041104117662,0.0013073016203262074,0.0004052140287792075,0.0001284743670698432,0.011679986380341768,0.0022897187082902533
2022-08-01,0.004389801956302696,0.008434201397347551,0.0012745290242896657,0.0006514339098200438,4.940882343775208e-05,0.003018850054589402,0.005588205740266085
2022-08-02,-0.019547384816794595,-0.02762579630604101,0.00024073463006254575,0.0005773509040678456,4.9406382326481205e-05,0.005267790934858805,-0.002317813494425064
2022-08-03,-0.009749111965479342,-0.007572726198578154,0.0011872937696047262,0.0003894226404651592,4.940394145655493e-05,-0.004094770272495544,-0.006679509793992074
2022-08-04,0.008355316531611385,0.005192008875333594,0.000426460731369055,0.0004900937629293967,3.9521395900757046e-05,0.003723210513450066,-0.01998395073558376
2022-08-05,0.01418328019043817,0.01826220225696712,-0.0007212125989721314,0.00026713103944321127,0.00011855481692224925,0.008089931761971704,0.011504479853165762
2022-08-08,-0.0020648169768278475,0.008420605901160949,9.308892326108755e-05,0.0003426296861673926,3.951514912539085e-05,-0.005597817743838815,0.012284879696166462
2022-08-09,0.0018988399049937,0.0028279196404766786,-0.0005353796862064081,-0.0002972748983319747,3.95135877401175e-05,0.003330781053901956,0.0009422690260524718
2022-08-10,-0.011231652212982843,-0.0031042428851643785,-0.00010090073316830257,4.8376173131628966e-05,3.9512026478071604e-05,0.002425010413969472,-0.0044917047521447935
2022-08-11,0.020202227701097347,0.01855035978714488,3.8809179151991094e-05,-0.00013807985371368963,3.951046533969722e-05,-0.004009713085682905,0.01691725799966036
2022-08-12,-0.0004231112845782641,-0.002716507157858408,3.8807673057905345e-05,-2.015905494429478e-06,0.00014815034323911497,0.0037200755255658844,0.00736048022975412
2022-08-15,-0.001388121201167715,0.003367372289041675,0.003981415019206148,0.0007909308357951207,2.9627435007027717e-05,0.0011843509168211004,-0.012631973723266328
2022-08-16,-0.0018852812295620236,0.0035316839252142124,0.0006723312759780201,0.0005034516752465035,2.962655724807763e-05,-0.000973697099258331,0.0008579466702843894
2022-08-17,0.00932095731135642,0.0044610140221969154,8.497522204898681e-05,0.00018218704016094195,3.950071101801293e-05,-0.003957162342086187,-0.012837403346219627
2022-08-18,-0.008731425029181216,-0.003637396404230454,0.0007104192544406423,0.00031296211854058817,3.949915077331512e-05,-0.00391980796939161,-0.005671478389260653
2022-08-19,-0.006836299081795208,-0.012002533705189037,-0.0002779300406221141,0.00013179717540515214,0.00011848809208549095,-0.0027636806408384566,-0.0009568190180125689
2022-08-22,0.007236982606099804,0.012542242815086774,-0.0001621615364110625,0.00016095008871905636,3.9492911027686566e-05,-0.002771339743725739,0.015866427573779446
2022-08-23,-0.00474779741756523,-0.0010527027087278535,-0.0007648302102199972,-1.0058576118147424e-06,3.949135139912603e-05,0.005800356832735312,0.008587847647066542
2022-08-24,-0.0190026632282322,-0.02853051507893779,-0.000139122907583955,-0.0002193011143853083,2.9617490117392503e-05,0.003998046020801271,0.00992089362580775
2022-08-25,0.008506190606678695,0.0057771196190776804,-0.001198804432969104,-0.0004407596029648406,2.961661294750058e-05,0.002876105258444325,0.0016927882836892088
2022-08-26,-0.0015564578169415847,-0.1392985879362922,6.190896289002712e-05,-0.0004530376249720638,9.87157087106826e-05,0.0011060200211060515,0.007311296470766727
2022-08-29,-0.004467295353280357,0.0020145786114124037,0.0008972495264861974,0.00019634150395204087,3.948355510451319e-05,-0.00766186046713787,-0.018525349266679165
2022-08-30,-0.003327388902020997,-0.0038264036461507656,0.000564235958344523,7.147887273815234e-05,3.9481996214873334e-05,0.003600459241189328,-0.011731796497298642
2022-08-31,0.0007725550226110312,-0.020847985225892266,8.499426293830377e-05,3.9260868848137256e-05,3.948043744846094e-05,-0.005352424012945337,-0.0014727877893451462
2022-09-01,-0.008555450204716706,-0.0046725633467989336,0.0005793138768653618,0.00025264204832808976,4.934835498248499e-05,-0.006664203370504852,-0.015314852737355122
2022-09-02,-0.0051001220861402845,0.0035999680511440216,-0.00013900472638450796,0.00029684832828218806,0.00010855780960754712,0.00016046213128137628,-0.005242645922056215
2022-09-05,-0.0020816758879505606,0.005238288698524495,0.0006485234738009992,0.0004265022953943584,3.947264546170238e-05,0.007220825128924495,0.010779559680235508
2022-09-06,0.009102841277680756,0.01749325094583581,0.00023922983541654053,0.000328805639113326,3.947108743354458e-05,0.00415955242131054,0.0023675383165946418
2022-09-07,0.0007042681366924427,0.0016992897248206164,-0.00022379392531503143,0.00011963027223115102,2.9602293193130516e-05,-0.0035225759148217587,-0.00955486539936208
2022-09-08,-0.004208688748786122,-0.004484740341171993,-0.00044001683581323546,0.00015479440519500023,3.946836118023636e-05,0.006004753054054678,0.00897726261814494
2022-09-09,0.01375224443386348,0.0070836673701630245,-0.000486559761839623,4.3217535471476306e-05,0.00015785786904913158,0.0010016871356326284,0.0095788839451433
2022-09-13,0.004151325145465624,-0.002535458136660559,-0.0002549591499722078,0.00022309338158394895,3.946057395916105e-05,-0.0019779791508540796,0.015824783339191413
2022-09-14,-0.011149085470934182,-0.007933009616762557,-0.0007188711713735348,1.0048125497149561e-06,3.945901688374024e-05,-0.006967192441367065,-0.008615808140937788
2022-09-15,-0.009366439554618387,-0.023266646220733298,-0.0002010672035233132,0.000130617035058311,2.9593240905912033e-05,-0.003381845128689715,0.008352016650931372
2022-09-16,-0.023544464768477918,-0.025246875743647115,-0.0005260592866339217,4.520961438485812e-05,0.00011836420680221026,-0.0018956339361390023,-0.009461879656186336
2022-09-19,-0.001101707758286638,-0.0071436095814835406,0.0003404229013694457,-1.105105032720333e-05,2.9588862754174992e-05,-0.0009090423598028004,-0.0060128224911667446
2022-09-20,0.0012268250559162735,0.007596785597765595,0.0007732576957132414,8.137305481444723e-05,3.945045516470597e-05,0.0033113497290934153,0.002847919498517347
2022-09-21,-0.007282804665509719,0.00355115199230541,0.0006181759370977131,-0.005882924043653031,3.944889888771031e-05,0.003008081489856597,0.011696250388855649
2022-09-22,-0.008860817468131147,-0.0020923136059226547,-0.00020859165940780155,0.00012832424219167982,3.944734273349805e-05,-0.002714861532804935,0.0035831603175496968
2022-09-23,-0.0033878046080678898,-0.012714536491813252,-0.0008193363834023889,-7.982180543990938e-05,0.00011833269250257986,0.005740421843936801,-0.005675544045261275
2022-09-26,-0.005064856196006823,-0.013996280875480323,-0.00156323792271897,-8.589133740618361e-05,4.9301156122101346e-05,-0.005527224955803584,-0.022947275075944632
2022-09-27,0.014233756546865674,0.01929397024275114,0.00028651853080359193,-0.00046495174436428165,3.943917493770911e-05,0.0003996216967836529,0.00923714751355613
2022-09-28,-0.016158981430147455,-0.0253874976984408,-0.001177573560103676,-0.00036604887059982726,4.929678142312204e-05,-0.00042626882222661795,-0.009156287630609898
2022-09-29,-0.0004111947836201564,0.0003808534625796036,-0.0010547951495667005,-9.608474884519688e-05,3.943567548887854e-05,0.008147495342757572,0.015750687988866082
2022-09-30,-0.005774551376554715,-0.009984601725647121,-0.00017073322199540443,-0.0002528987265359407,0.00039427124400610283,0.0025605504651940057,0.002991507940600928
2022-10-10,-0.022115079454963146,-0.01381833128313688,0.0025734253918114243,0.0008029854498469685,5.912728134482398e-05,0.00628114704847295,0.026732119442476065
2022-10-11,0.0018221435027710984,0.008630252201358836,-5.4190681538526706e-05,0.000161732642144133,3.941624541067621e-05,-0.0012583234502573108,-0.007501880010275308
2022-10-12,0.014770853088556888,0.023411975888386137,0.0004411815998216126,0.00013138851400301994,3.9414691831362935e-05,0.0014155026086245183,-0.005177848964225156
2022-10-13,-0.008091714950213632,0.0018522334992953314,0.000410046929039532,0.00011217191621095089,3.9413138374833066e-05,0.0006546473648568375,-0.007962012859033866
2022-10-14,0.023415906165571217,0.024290499358730306,0.0009046030994520423,0.0002758287636160484,0.00011823009560843978,-0.000995233438179016,0.016159104517870972
2022-10-17,0.0010491166633114005,0.007148660289160916,7.727855832986172e-05,0.00044338933996304185,2.9555339913153743e-05,-0.0037804250741467755,-0.019596583380544545
2022-10-18,-0.0020224524641372305,0.003199472247320443,0.00019317027246842604,0.00013530064530787908,3.94057611274361e-05,-0.00044724484769660645,-2.807398010500779e-05
2022-10-19,-0.01606813005402588,-0.010281241785775086,4.635531348613873e-05,0.00027256511193995243,3.9404208374523986e-05,-0.002028264685744235,-0.0018432869183883707
2022-10-20,-0.005195766313318557,-0.004021385758127051,-0.00028589200431151696,0.00017157696429591506,3.940265574417325e-05,-0.0036453971054137744,-0.003595851777250312
2022-10-21,-0.003198744206212708,0.0013925592619931488,-0.0003168947433586202,6.86225437435407e-05,0.00010834929854421402,0.000846493715070351,-0.002153975550487487
2022-10-24,-0.02939389554212492,-0.01011062805391074,0.0005718834441045479,0.0002815049738522695,2.954777136143531e-05,0.011175063378947152,0.005362241091869741
2022-10-25,-0.0015427298546606461,-0.004481267683979011,-0.0006569210733069139,-0.00022903208819479465,2.954689831650502e-05,0.0008363826938167264,-0.0013859342974410765
2022-10-26,0.007663079511380607,0.01717055459047091,0.0007341775416429719,-1.4127044511580115e-05,3.939450644116387e-05,0.0007051541837525316,-0.003985630680523169
2022-10-27,-0.006823755794534196,-0.0011712934090140964,0.0008571462190664551,4.238053482870162e-05,4.924095075423814e-05,-0.002012309738362877,-0.0031245908663081875
2022-10-28,-0.02485297727489315,-0.030807237253052882,0.001049196612297785,0.0001957344031656272,0.0001280151256542485,-0.0015708454376839507,-0.01143639304098129
2022-10-31,-0.009365922123214767,0.0043932638476516725,0.00038545746568715954,0.00039639612898108024,3.9385972690990446e-05,-0.002072050365620681,-0.016519918615042827
2022-11-01,0.03470592557186247,0.02277422064725431,-0.0005088352408797231,7.361353201546058e-05,2.9538461540453053e-05,0.0005774581503318068,0.024702862846257955
2022-11-02,0.011805179114593433,0.009532482377314916,-0.0006479831751111405,-1.008372517011649e-05,3.9383258182037014e-05,0.0015469935043726229,0.004602700248534567
2022-11-03,-0.008240883069169314,-0.0001331624417301523,2.314948781843043e-05,-1.2100604425273364e-05,3.93817072020463e-05,-0.0015994759227744636,0.0017305745113496023
2022-11-04,0.031806816571773346,0.022581976386894426,-0.0008646112104336561,-0.00036510375100861015,0.00010829169856268407,0.001809053624474218,0.018272516429908375
2022-11-07,0.0020345356279846453,0.0012198594608279288,0.00011583950835238323,8.069738686066934e-05,3.9375892115257476e-05,0.004547481897759599,0.002543418116378075
2022-11-08,-0.006719243027146165,-0.001122215924752444,9.266194612136125e-05,-0.0003510810912310427,2.9530901629883622e-05,0.0017195116656323563,0.008541533292705863
2022-11-09,-0.009250418451316869,-0.002085132786686268,-0.0002393942564532211,-0.00026036384480450207,3.937317899555507e-05,0.020916738051176515,0.00035157263193420156
2022-11-10,-0.007601163478273785,-0.0050680202642635385,-0.0001622028698017979,-0.0004159154338333612,2.952886693027488e-05,-0.002501341307752871,-0.00813532702243226
2022-11-11,0.027238167645609653,0.008129064385541021,-0.0013913906099663467,-0.0008272974262482155,0.00010826505263908028,0.011485033246467758,0.020909892583692115
2022-11-14,0.0012713240345009486,-0.0016921854377214352,-0.004745261713040212,-0.0030149662818911988,2.9524798372347152e-05,-0.011663940125914402,-0.007581319556360583
2022-11-15,0.01829303637720477,0.017290659606307855,4.6631641131339866e-05,-0.0019957423361316767,2.952392668449336e-05,0.006166567293556032,0.0057619964591183155
2022-11-16,-0.008128879117663043,-0.005215407670310829,-0.001127540487347075,-0.0012571184581524012,1.9682133543796168e-05,0.004359845693431311,0.0024784988911972436
2022-11-17,-0.004269773450150329,0.0020894282570187964,0.0017257869438751304,-0.0017261563729545264,9.840921504040225e-06,0.00133961878817741,-0.004571118713334171
2022-11-18,-0.004313970241241155,-0.0038285871359388384,-5.437125470753821e-05,-0.0002628487727972943,0.00011808350485558805,-0.001744384914779226,-0.001900635715598404
2022-11-21,-0.008449180003902402,-0.0004030145542801474,0.0008618247147271762,0.0002546994611083773,2.9518697637125692e-05,-0.004692046093621704,-0.01713265146854951
2022-11-22,0.00010442500988494367,-0.010552092010541126,0.0001862428612287485,-0.00017216973125479992,2.95178263094123e-05,0.0005337196573646928,-0.0038647777829003546
2022-11-23,0.0010958047433405579,-0.0015165725113121158,0.0015196864307610214,0.0002424553608774021,1.9678066827375194e-05,-0.001449330891787408,0.005727339076314251
2022-11-24,-0.004390442175974706,0.0007993409941032671,0.0005963883826820495,0.0010547095894453862,2.9516374210756532e-05,0.0038095284166676487,-0.0011348625640597119
2022-11-25,0.005016077607346077,-0.005297332662989824,-0.0017281802228120936,8.038106735117354e-05,9.838162239246007e-05,0.0009121314101539286,0.00848903782147877
2022-11-28,-0.011348122778497583,-0.005325543906999181,-0.0013194559547321317,-0.0001597509922966788,2.9512599422665012e-05,0.0013919295653400904,-0.014370125465239985
2022-11-29,0.030090926709824217,0.017658808197913243,-0.002177023936265874,-0.0012850409580425339,3.9348777733566605e-05,-0.000505932064117046,0.018364389577288795
2022-11-30,0.0012524443468806352,-0.0012800053595958122,0.0003657601821327965,-0.000787929330990957,3.934722946835498e-05,-0.002279867235369818,-0.002750381720502035
2022-12-01,0.010721919833759903,0.00514248036474256,0.0009254759278570098,-0.0009304129378304082,2.9509406125352618e-05,0.004175794089670722,0.00510871343048549
2022-12-02,-0.0061090951604074505,-0.0026811399593155713,0.0005206896535373695,-0.0003031832735472796,0.00011802891722178648,0.006118228942209899,0.007740232801508396
2022-12-05,0.019164766417490153,0.007155204329935622,-0.0004507305018800892,-0.0003962163433889029,2.9505052742481565e-05,-0.009330778343967755,-0.002918404072545415
2022-12-06,0.005323792955838723,-0.0003051449060463524,-0.0014935244501563848,-0.0015414261240839751,3.9338716186154796e-05,-0.006456226991173249,-0.00767528478880422
2022-12-07,-0.0024096097908014287,-0.0015914738957425927,0.0004047165093962532,-0.002471439654571983,2.9503021603200428e-05,-0.0028601362739140764,-0.011761988928062232
2022-12-08,0.00014921661305979035,-0.002803288447674627,0.0006845319391410077,-0.0009151515665857096,3.933600818694278e-05,0.0025030662844029313,0.014348825524414502
2022-12-09,0.009331404418293446,0.002626301568376253,-0.0008479554281292241,-0.0013619656314003234,0.00010816604481736447,0.0032090492086630468,0.010133825985868752
2022-12-12,-0.011322792326528055,-0.006068645759349119,-0.00026464704800594505,-0.0011271291694331222,3.933020658701318e-05,-0.002546020674147951,-0.007148254021951275
2022-12-13,-0.0019204634966346699,-0.005275343971247238,-0.0007320359491756805,-0.0022890165064581008,3.932865978276884e-05,0.003181514283404749,0.008869045318600033
2022-12-14,0.0029664365959325583,-0.004224060557355965,0.0021245392178578463,-4.125369994079603e-06,3.932711309997573e-05,0.009786273750863848,0.005694633931556885
2022-12-15,-0.0007719219995097986,0.0008984946735620748,-3.109621947955457e-05,-4.434880230597798e-05,3.9325566539077926e-05,-0.011286687281758303,0.006657058886570906
2022-12-16,0.0006225642376071299,-0.004681012835657052,8.551227689421786e-05,-0.007761343638512429,0.00012779741178478674,-0.0017575816132120133,-0.0054422135869895815
2022-12-19,-0.015504575517593818,-0.0227152398678332,0.0015379718895177131,0.0006307329231905406,3.931899501148619e-05,0.005162056446206152,-0.017008338531859603
2022-12-20,-0.016545315159579396,-0.009849305513006872,-0.00017853192469904683,0.00019111561722042045,4.914656982505831e-05,-2.536365135251058e-05,0.0007590000756958424
2022-12-21,0.00038550997020704803,-0.005489430088156877,0.0,0.0006063425273397406,3.931551685658568e-05,0.010220006438088815,0.01527500372732223
2022-12-22,0.0014122664083874767,-0.011449263811548252,0.0006208432802999825,0.0004534782742804899,5.897037723092277e-05,-7.532105603678383e-05,-0.007201670565136807
2022-12-23,-0.002029153717501927,-0.002727337187366131,0.0012095368793855561,0.0005403771258451895,0.00014741073078545084,-0.0023377711336951615,-0.0006922960707453133
2022-12-26,0.003926152415017612,0.013716364565634393,-0.00045728104591882427,0.0005742843113883912,5.8958208473704845e-05,-0.0036558502741034357,0.012773268454739336
2022-12-27,0.012142342669141727,0.007236929571820092,-0.0010703898636878625,0.00034296200348295165,4.9129185202486814e-05,0.0011107746269819212,0.014307111933267367
2022-12-28,-0.004259749335338767,-0.003968730298687472,0.00018623708034079637,0.00020509930814623467,5.895183636684197e-05,0.002469572608088323,-0.00529673888824666
2022-12-29,-0.0037677293114049405,-0.0007990411931327893,0.0017287965140393915,0.000484613028385023,-0.016953505123044704,-0.004388958993891852,-0.0020433952896554146
2022-12-30,0.003869363074228482,0.0011728412144760632,-0.00010844642757121159,0.0004181523729491295,0.00021982194511050695,0.008031767227795795,0.01023848574612494
2023-01-03,0.0041075108460229565,0.015357297179194231,0.0004879163359018456,0.0009898272023892206,5.994305411647034e-05,0.0042540477546917106,-0.0014838824949093773
2023-01-04,0.00128962125771619,-0.000652637767381341,0.0008977633913097812,0.0009341101730511437,5.993946116208127e-05,0.003813231283270435,-0.01502525718360915
2023-01-05,0.019097780927961702,0.009745123389858291,-0.0006964704707214416,0.0008589416138116357,5.993586863842001e-05,-0.0026652401414713443,-0.010966613551802309
2023-01-06,0.003044820591562196,0.0003977790721215495,-0.0008441531283828012,0.0004003120010868566,0.00015981142286161534,-0.008214627074405416,0.00542963599979624
2023-01-09,0.007976408612056196,0.004447648345971,-0.00027120955753731136,0.0006630510178628995,5.992269973519891e-05,0.009834544937461526,-0.0010397244378215747
2023-01-10,0.0010293361691140592,0.0013518639643925862,-0.0016055164950498392,-0.00019794120592259788,3.9946471733064456e-05,0.0017167386190547708,-0.0007611446778800904
2023-01-11,-0.001789764498595863,-0.005617249768953567,0.0004889083859808313,-0.00018457423468267768,4.993084578917084e-05,0.0020859725957675912,0.009036038374082081
2023-01-12,0.001887741278177438,0.00019879398382348614,0.0003800968904968133,0.00011549177855742747,4.9928352824134086e-05,-0.0015143806968100388,0.00346423126938335
2023-01-13,0.013912760290016611,0.006998807083653053,-0.0004344082419703367,-2.3025252899933606,0.00013978612745298844,0.00014905721340281286,0.010939183637576537
2023-01-16,-2.415488109867465e-05,0.01128587847069779,-0.0014131314855499262,-0.00021654507573470638,3.993530481161493e-05,0.006635330113455496,-0.00791461788919465
2023-01-17,-0.00024158090662017986,0.001105367647253553,0.000504919087735146,-8.250569809656067e-05,4.99168883910934e-05,0.002341546243195499,0.0042730682499244185
2023-01-18,-0.0016927024402453243,0.003114458785323697,0.000271773947869358,1.031358453799575e-05,4.9914396819948296e-05,7.385433466753879e-05,0.01378870013969316
2023-01-19,0.006128475485732067,0.008482964089097756,0.00013197784344097155,0.00014437901579218113,4.991190549703046e-05,0.002311343820799474,-0.00040358231858713344
2023-01-20,0.006115053647305851,0.007519433878171393,-0.00010868637005998154,2.0623872132673794e-05,0.000498982086917036,0.00760925095951185,0.012945445592400283
2023-01-30,0.004555925205993151,0.005008158645305791,0.0008846742415095814,0.00103065166916101,4.988451735258039e-05,0.0004386392506241177,-0.0035762017245274526
2023-01-31,-0.010574767187560313,0.0010144721652450342,0.0008606419679353443,0.00015450617282890605,4.988202901194248e-05,-0.010260770068666127,-0.008686993580365208
2023-02-01,0.009217317079733865,0.012031451726728624,-0.000387584885940755,0.00011328935658621239,5.985515055353365e-05,0.007870291810604823,0.003677787181216559
2023-02-02,-0.003557150871072532,0.0006572358774390208,0.0005348277633327939,0.0004530291251650032,4.9876555535286686e-05,0.009818057431965217,-0.01600902911105456
2023-02-03,-0.009564161913209085,-0.004216935102016716,0.00012397718835601833,0.0005351335903440626,0.00013964112254258207,-0.014886194175473483,0.0016826805700098412
2023-02-06,-0.013393654200098578,-0.006556573733962373,-0.0003487250261041998,0.0005554127167721442,3.989388227848608e-05,-0.01309468988947706,-0.00964640421280174
2023-02-07,0.001760391652661939,0.0023060045282666535,0.0002557435758364208,0.00034954610766223677,3.9892290820172296e-05,-0.0025149728765585413,-0.001346223876043085
2023-02-08,-0.00443133995636999,-0.007808147114431756,7.748514226279075e-05,0.0005240901760568584,4.986312573009124e-05,0.001071504320008537,0.007168853731932997
2023-02-09,0.013283968420566372,0.013644112176988656,0.0002866428333739536,0.0005751553591509957,3.9888710503067244e-05,0.0025868087253426457,0.0026588195932069018
2023-02-10,-0.0059742266719998134,-0.0031418408740497028,2.3237710157121898e-05,0.0005132521823237294,0.0001395979581079514,-0.004531316106421429,-0.005832519868370194
2023-02-13,0.00892386735897196,0.007664434124547984,0.0002013708716092883,0.0007283657743900717,4.985169122886578e-05,0.0028158152692593272,-0.007652258545781993
2023-02-14,0.0003620608543155176,0.0020121515746110348,0.0001471299973616642,0.0007585776009324278,3.987956372284454e-05,-0.0018181596769579458,0.008092360284093368
2023-02-15,-0.005250626045961633,-0.002027765474104794,3.097197810541882e-05,0.00030736760382547553,4.9847218286229396e-05,-0.0016216961502260136,-0.0031526919316019904
2023-02-16,-0.007329072605162,-0.014849344000969074,0.00034062846280111963,0.0006656392174131243,4.9844733665004494e-05,-0.0009742815444853974,0.010508347300082772
2023-02-17,-0.01449889397187409,-0.008290879041394278,-8.514623871636665e-05,0.0006038122225157437,0.00012958468127836553,-0.0015758473438798736,0.0007095161523644441
2023-02-20,0.024081611527821675,0.017157807856286206,-0.0008286191575365665,0.00024551425128946104,3.98688315495377e-05,0.0043213875684707005,0.004196407806568063
2023-02-21,0.002538348536294892,0.005795029373757739,-0.00020919934837083064,-0.00013297940373227458,3.986724208906175e-05,-0.0032455402350076755,0.007888495248754894
2023-02-22,-0.0090221799424776,-0.0012970474459285083,0.00037187970120381065,0.00016366444733282716,3.986565275558773e-05,0.005287322772477325,-0.002229109258933523
2023-02-23,-0.0008286821990709901,-0.002316990203062081,-0.0001626803528329865,0.00023522072505308334,4.982983113688486e-05,-0.0029394934351219177,-0.0031049462642013994
2023-02-24,-0.010416888518512022,-0.003108176371638989,0.00017042637621802914,0.00027605809664564535,0.00015943877584807443,0.002864867497598994,0.004911031392009705
2023-02-27,-0.004098366392282359,-0.005344107808923572,0.00010843802777360997,0.0005007997570007686,4.981940466845287e-05,-0.0023411048747934405,-0.011871742513635262
2023-02-28,0.006239615779833097,0.007887879299155508,0.0001316589415749211,5.108791720777171e-05,4.981692281902562e-05,-0.0008231787635723236,0.0010237176104976038
2023-03-01,0.013989315186322758,0.007047840210648841,4.646372345618826e-05,0.00033711481121600443,4.981444121671555e-05,0.004928938808047168,0.010611551099806679
2023-03-02,-0.002232956438599075,-0.003119300063433943,-0.0005189674987219832,0.00013277160749747825,4.981195986174468e-05,-0.0010932221323336421,-0.0011749004450681273
2023-03-03,0.0030811431874585233,0.0012956908390269846,0.0004337823565081675,0.00012254276247158238,0.0001195385812195008,0.004588472403080604,0.005542704921951482
2023-03-06,-0.005270392419910263,0.0007485497199380475,0.0010526887103719277,0.0006226936293447541,4.980352510398188e-05,0.0096045657795673,-0.00593741580136059
2023-03-07,-0.014768200895350607,-0.01728071178964331,0.0003171374121094705,0.00029589874356885905,3.9841034278486076e-05,-0.0011771343046956487,0.005739104749827386
2023-03-08,-0.00371397871695629,0.0025661347837500257,-6.187257345465039e-05,0.000509964721494056,4.979906080001132e-05,-0.01083065344291366,-0.010082890667672517
2023-03-09,-0.0034788693983098585,-0.002391682523754318,0.0002861285664758252,0.00023449647088315427,4.979658097703378e-05,0.0005455672794961329,-0.0007724442397527461
2023-03-10,-0.013205067913519608,-0.012976312704490999,0.0003169657896760883,0.00034654626229745577,0.00012945950674096262,0.0054393646447694075,-0.00889886781130502
2023-03-13,0.010313379496934321,0.006309674382798893,-0.00013914334105614054,0.0004890374211085995,5.9744889340468154e-05,0.008813008889011544,0.007975327284351737
2023-03-14,-0.005934141128903233,-0.00880285963102576,0.00030918113623004103,0.00039716688150340257,4.978468126391294e-05,0.013039387342625922,-0.011492035254318482
2023-03-15,0.0005523336235418499,0.005669013150851522,-0.00015457861899330642,0.00015271450053862457,4.978220287279411e-05,-0.0010137337644950514,-0.0027909141942965565
2023-03-16,-0.012044535623161637,-0.013510668868060523,0.000772654260221852,0.00039694859019229596,2.9868132198497056e-05,0.00870386105982628,-0.025000980104961663
2023-03-17,0.004941410118080912,0.0068748804815853635,2.317040675769211e-05,0.00030523788442601753,0.00013937282252532242,0.004895590620372736,0.009232293105009287
2023-03-20,-0.004992217962822952,-0.0036822936404015847,0.0010189667633235938,0.0005898625181198154,5.972526380435542e-05,0.037912365074468005,-0.01280868058760725
2023-03-21,0.010889858365367877,0.011918210378532973,-0.0006405927631413053,0.00035578326059305357,4.976832844147451e-05,-0.017515284481518525,0.0014826381460168107
2023-03-22,0.004212855420884648,0.005532671941324741,-0.00022391834023360044,0.00014227786891763306,4.976585167804315e-05,-0.016497791313741957,0.002367658213593175
2023-03-23,0.009860637665751506,0.005644536946300098,-7.722216430614953e-06,0.00017273877367942573,3.9810898238670015e-05,0.009282617584053,-0.005610510310953335
2023-03-24,-0.0029281144522085895,0.0006638322328843156,-0.0004634421475437058,7.111905841364281e-05,0.00015922774577101586,0.0032626456348163694,0.012032344007395352
2023-03-27,-0.0036597703079797933,0.00011059587488666613,0.0007877239049042003,-0.004949748869505771,2.9852379983268867e-05,-0.005569343138726725,-0.003249094864696366
2023-03-28,-0.003247729446068449,-0.00490957876984374,-9.264120069620423e-05,0.00013272009861183616,5.970208660556161e-05,-0.0032572549864668594,0.006328355860624726
2023-03-29,0.0016751469670467163,-0.00305290342216673,0.00017755476260085168,0.00011228786537245451,5.969852247930125e-05,0.002738692806313736,0.004339687822687918
2023-03-30,0.008036568390071986,0.004131908937747898,-5.403506877280266e-05,0.00023474298302818364,4.974604644327645e-05,0.00040073074966113847,0.0035735951768052186
2023-03-31,0.003092875249459467,0.008496039987792078,0.0006096549464768916,0.00023468789169222881,0.0001890124107195597,0.008074592611723998,0.0026452107272569043
2023-04-03,0.00973554744233031,0.011491593850217866,-0.00027777134967142485,0.00040802171241556263,7.957348615653994e-05,-0.011805235397179849,0.005146599885797947
2023-04-04,0.0029803368829721378,-0.0007464543765361802,0.00011574743921710709,0.00011217679073957755,0.00012929341168617882,0.00899591597958081,0.00012292224335842987
2023-04-06,-0.0015134874120588822,0.0011971673654768318,4.629522465592736e-05,0.00022431583763857726,5.9668244577924454e-05,0.016185270650578946,-0.00519709062482893
2023-04-07,0.0064529706589970814,0.007369024754210745,0.0005322410946339453,0.00017330050861199178,0.00014915503699363246,-0.001777778245999272,0.006709069211534995
2023-04-10,-0.004549277408409705,-0.00827065396589438,0.00015421984068787991,0.0003872690447187057,4.9713402246212396e-05,-0.008050994172530286,-0.010751945369828441
2023-04-11,-0.0011710745946537232,0.001569554087202974,0.0006012302276166107,0.0002343268462688132,5.965282060190535e-05,0.004184398322471658,0.006408925323507062
2023-04-12,-0.0006593326327668489,0.003487699718285327,0.0004083220716286521,0.0003361122035279085,4.9707965711910846e-05,0.0070505036685892765,-0.002664330216351845
2023-04-13,-0.006937067443654122,-0.005990829936403897,-0.00023110522323633562,0.00023419323084954513,4.970549495256172e-05,0.0011510925137759962,-0.0026458090054853056
2023-04-14,0.00569047402604569,0.004116734490531573,-2.3113460124476993e-05,0.00013234583002693856,0.00014910166275983888,0.0033306948293140275,0.004383110749256373
2023-04-17,0.013820795405365977,0.004315985877848237,-0.00027740319962132464,0.00033587615645968026,4.96956143721277e-05,-0.008775521865131823,0.007274023315455149
2023-04-18,0.0030348305965375764,-0.0014365932046750153,0.00036985383490003627,0.00017298309387775524,4.969314484103778e-05,-0.003917346780182214,0.0017048647622866777
2023-04-19,-0.009035187328482784,-0.0052075378834550235,0.00014636269472143598,0.00023398833217128833,4.9690675554844785e-05,-0.00039490342801540756,-0.00290507621116999
2023-04-20,-0.0027946894822196006,-0.0007928057186362591,0.00012323618229907217,0.0002949507504486915,3.97507627229716e-05,0.001393081256172869,-0.009948554828561476
2023-04-21,-0.019685336404169827,-0.025276737250312195,0.00024642681248417136,0.000193196435618145,0.0001589872515445724,-0.003835652985254022,-0.0172138787704223
2023-04-24,-0.012613027335061892,-0.006785545992283577,0.0003849203647299358,0.00037611755641691984,4.967833280554911e-05,-0.0018416855457889124,-0.010311688531990696
2023-04-25,-0.00503957121624224,-0.014541417096522324,0.00012314323112614005,0.00011179145823262285,4.967586499118012e-05,0.008480829668786412,0.002998332123903253
2023-04-26,-0.0006064588046592444,0.003918990957868369,0.0006154887944539096,0.0002438652656501573,3.973891533160678e-05,0.0011099550220374337,-0.0035560309063709223
2023-04-27,0.007378806286002326,0.002658110417882572,0.0011760683013883756,0.0003047479757844752,4.967142354344205e-05,0.0017549130511208858,-0.014779814856216784
2023-04-28,0.010060873998953565,0.013584871914593313,0.00031492071555242314,0.0002843476778811801,0.0003178386995370727,-0.007526232481019841,0.0032934587912584502
2023-05-04,0.0002235330651963441,0.0033635982326642912,0.0009748572069027324,0.0009844368446638072,4.9653172599594977e-05,0.020977860086515657,-0.01260026775718141
2023-05-05,-0.0033831719624776565,-0.009498144607740141,0.0013417520692065791,0.0005172020499138409,0.00014894472688730073,0.004678105499868742,0.0017892550595034306
2023-05-08,0.01122479728282989,0.007921372204257787,-0.0005288187156449623,0.0004358645645231238,4.964331280787031e-05,-0.010224735257415126,0.018838847725655593
2023-05-09,-0.008512374472905072,-0.010463078445272842,0.00039089296545503753,7.093671940905568e-05,4.964084847157096e-05,0.0018751434719212862,-0.009895764127282674
2023-05-10,-0.007708561203248414,-0.0013377928416599422,0.001294220986975,0.00035460813640024035,4.9638384379946554e-05,0.0032161336071138574,0.0017035135185588853
2023-05-11,-0.0015288031949716753,-0.0029882833159953033,0.0012161124911245803,0.0002937229403540503,4.963592053321911e-05,0.0005691584576916175,-0.018424772329557238
2023-05-12,-0.013229843539189748,-0.010080402726150323,0.00020636285541828623,0.00031388432101786746,0.000148892980963548,-0.005431571160756312,-0.011655939606520959
2023-05-15,0.015334474502466371,0.011066715693660734,-0.0004586419691927833,0.0003239063129315558,4.962606759083843e-05,0.003791517035823764,0.012253281453144296
2023-05-16,-0.0050434824059316045,-0.007657278536445778,-1.5291688967437636e-05,6.072075538492886e-05,4.962360496659758e-05,-0.0026022658950870937,-0.0036166568613687005
2023-05-17,-0.004538242415716326,0.0018060385153295954,-0.00047415837777866027,3.0358995119572654e-05,4.962114258680963e-05,-0.003984981455227451,0.006467212526334655
2023-05-18,-0.0009607120120020975,0.0014781968693109652,6.884339278254495e-05,-2.0239227671755774e-05,3.9695141319857006e-05,-0.001492726109372878,0.00540768018811171
2023-05-19,-0.002659407633354564,-0.0011043802788784187,0.000917459313872867,5.0597301150557416e-05,0.0001389205872622941,-0.003983839651968312,-0.0047447699881643084
2023-05-22,0.006219522994211478,-9.750390023329606e-05,0.0014738171087625015,0.0003237621186137101,5.9531487213308655e-05,0.0037999654214233547,-0.018421938765340064
2023-05-23,-0.014112625717130747,-0.010225505628675576,0.0010067498848263942,0.00014161297198472906,4.960686560036145e-05,-0.005416444620631873,-0.001410712919571605
2023-05-24,-0.013873917859066165,-0.007630794087686815,-0.00020584367389294903,0.0001314798053971581,3.9683720751013844e-05,0.006381407360644157,-0.0078479931186478
2023-05-25,-0.002231564577537521,-0.002949219269633834,8.386735239485254e-05,0.0,4.960243648184225e-05,-0.002805566977668518,-0.004435894764833714
2023-05-26,0.00036361747842346745,0.007834362335722761,-0.0008695122126986495,4.045184713804064e-05,0.00014879254874379882,-0.005287535841611172,0.008750681546258684
2023-05-29,-0.004319998390749245,-0.0012190502802856321,0.0008008939930095496,0.0002730071757175175,5.9510821068495486e-05,-0.0016218724593235752,0.005145943169766789
2023-05-30,0.0009905636595376461,0.006211506291311275,0.0001905945411869344,0.00011120378104327767,4.958964569208839e-05,-0.001787103164405212,-0.00883525068628597
2023-05-31,-0.009686953956051613,-0.0015738740215199814,0.0010285832744930347,0.00013140670900678504,3.966994605417063e-05,0.01306242754343484,-0.011637518191354907
2023-06-01,0.002915951785708032,0.0008364289892059959,0.000981880951617432,0.0001920249031880863,5.95019685410035e-05,-0.0008487115005207406,0.01825285910635602
2023-06-02,0.01435013882219639,0.00891114396594463,-0.0009361906859204388,0.0,0.00014873943357706222,0.004167817703022783,0.012205786064460801
2023-06-05,-0.004613319399064611,-0.001089227325364402,0.0001827401896446648,0.0002020916492504888,5.948957942631421e-05,-0.010706346811004932,0.0024923008109235026
2023-06-06,-0.009264762557739854,-0.01870072639770103,0.0007382348911511056,0.0001313376744004986,3.965775359157198e-05,0.006010588408708347,0.0009471693263313851
2023-06-07,-0.0046779407794708345,0.00026513331389669734,0.00015975230818999868,0.00017172324316279888,4.956998043002931e-05,0.0006197280280975751,-0.0007068931435721454
2023-06-08,0.008106769831460558,-0.002305696420859507,-0.0002586593850719938,0.0001009998990861053,4.956752336870215e-05,-0.003793238797752575,0.007734982404322413
2023-06-09,0.004718280979307087,0.008861905757215573,0.0009202186358601148,0.00019187170910502514,0.0001288640634606221,0.007297794867027303,0.010225564181498014
2023-06-12,0.002104306810150619,0.0027943539395300855,0.0,0.00027259648317435985,4.955867996513848e-05,0.0012339756141798754,-0.014137505533717917
2023-06-13,0.005693155143750973,0.0031466150712732162,0.0014280833449880714,0.00020187542336204774,4.955622402394307e-05,0.003874825352771109,0.009903339938300733
2023-06-14,0.0010832001884415327,0.00032720371995354256,0.00018975116089781232,0.000211925342522832,3.964321110544594e-05,-0.0066190641770590775,0.013015464473533505
2023-06-15,0.016007296890490384,0.009215754691138783,-0.0016026313922877728,2.018102378408085e-05,4.9551803943521435e-05,-0.008647707985122929,0.0007940884943583674
2023-06-16,0.009794348143572757,0.008858540047415165,-0.0008973794083280072,-0.000363320755666703,0.00013873198983743777,0.008327055683985918,0.015946091700406673
2023-06-19,-0.007210236450223692,-0.0026058437085103785,-0.0016676125409916585,-0.00038364850191404835,2.9725779684515004e-05,0.0005496267256944567,-0.006107759884993494
2023-06-20,-0.0014432391825181556,-0.0005477686619967938,0.0009674016880362537,-6.058953620571247e-05,3.9632998439653243e-05,0.0017384943531345359,0.003687403384842097
2023-06-21,-0.01449670632632048,-0.021979264835646346,0.0004719350948494987,-0.004463412046486101,0.0002377650100362239,-0.0026547067952561445,-0.002304123394846695
2023-06-26,-0.013849381998574566,-0.017414863511110015,0.0004793189198293161,0.00036510786300263483,4.952726229159541e-05,-0.001536538962308649,-0.009873106854849928
2023-06-27,0.009727576997708454,0.010223145113155484,-0.00030430284453667475,-7.098275629020778e-05,4.9524809463456064e-05,-0.0001147618119854274,0.0076816648215192965
2023-06-28,-0.0003356441171151342,-0.0005975004742000175,0.0005933048011141899,0.0,5.9426533964911224e-05,-0.005431793874346669,-0.0031120561387765694
2023-06-29,-0.004607110333479037,0.0004149687588077823,0.00038013852705543887,6.0842671012128855e-05,5.94230026619044e-05,0.0006229307940775382,0.0020320314599550178
2023-06-30,0.0066450581295837445,0.01030222088574381,0.0016481287599941935,0.0003142948415617912,0.00016834600094212647,0.0030858535909746654,0.0051839588271899596
2023-07-03,0.013031918881695387,0.007298944113198472,-0.0002049188111253572,0.00030406227429603165,8.911288132599692e-05,0.002273746113431082,0.012340682459352655
2023-07-04,0.001550447017162951,0.002263936794972611,-9.867959124301706e-05,0.0002533146231811675,4.9503725165316525e-05,0.0010318143649733938,-0.0030569081890370223
2023-07-05,-0.007290185482510778,-0.005612218009841997,0.0003111871815993612,0.00020260550751090623,5.940123556319441e-05,0.0016715710932241603,-0.00015093460894535015
2023-07-06,-0.0064678630074861245,-0.00496954517411119,0.00016693857458048784,0.00032408345432521083,3.959886351793702e-05,-0.0007552956883787451,0.0087509682928679
2023-07-07,-0.004231827546771208,-0.003986891391212129,0.0002503556200844121,0.00027336374253304123,0.00013858367506496756,-0.0011225531241454915,-0.007315855187647838
2023-07-10,0.004772416802210383,0.0038060134750903278,-0.00011379023919615417,0.0002732890352193132,4.948951565631645e-05,0.0031354086265961995,0.0009599015869491275
2023-07-11,0.006592218407119777,0.007650444817352891,0.00035649948230042234,0.0003946190206983566,3.958984916765855e-05,-0.0024021699703999865,0.010438941513855883
2023-07-12,-0.0055119158173598,-0.010895355876533779,-0.0001137626230336167,0.0002427650956176533,4.948510746705439e-05,0.0021964956435441343,0.007909336668742752
2023-07-13,0.015787720958528297,0.013682121367376936,-0.00035654004815482407,0.00021237112439316755,3.958632293051213e-05,0.007990117515015237,0.005337794861003191
2023-07-14,0.0005312622663120283,-0.0019222003703123552,3.7935835332570735e-05,0.00010111325704514794,0.00012864472797011463,-0.005228472924700291,0.008422485350187926
2023-07-17,-0.006877588747662824,-0.0030210763303975584,0.0007584146464519882,0.00041445749624107527,3.957966397381248e-05,0.003571960524848524,-0.01386166624281736
2023-07-18,-0.002473260736263719,-0.0017842678188199415,0.0005532797121599167,0.0003839780169242795,4.9472377108466467e-05,0.004757921837952408,0.008451471460648403
2023-07-19,-0.0008172647626389325,-0.0012951776941486541,1.5154040825288092e-05,0.00025253673280956366,3.957613955044073e-05,0.012689813066348728,0.006122408443044157
2023-07-20,-0.006948122354179762,-0.01100262656244769,0.00018940613656714706,0.00023227748174263656,3.95745733417565e-05,-0.002681745634737167,0.008457691729417162
2023-07-21,0.0002572479627286352,0.00011610067600226797,0.0005680032566764967,0.000454299956830895,0.0001286065482292171,-0.005677689425506634,-0.00042945039269257133
2023-07-24,-0.004382240921224955,-0.0014605326900872676,0.0003330784809106382,0.00033302217932729513,4.9459653297932084e-05,0.0006074582559260315,-0.005541557115728649
2023-07-25,0.028373226373146782,0.0167667020509882,-0.0029106144203681506,-0.0007267368825903658,3.956596140853469e-05,-0.00670242283397112,0.012694233636613273
2023-07-26,-0.0019354763667670163,-0.002452945580804469,0.0010166457637854644,7.067815694505561e-05,4.945525042668775e-05,0.005216872907399436,0.00850971660080745
2023-07-27,-0.0012084289378716305,-0.006653165892049847,0.000727708281748063,0.0002422871922691513,3.956243942528832e-05,0.0018903171909240126,-0.0032458900012940603
2023-07-28,0.023206479254139677,0.013766453300664446,-0.0007352913638916035,3.0281771889552957e-05,0.0001582341076918736,-0.006948702522285755,-0.0015717464518677083
2023-07-31,0.00540024386087105,0.007547205635382904,-0.00043991718130958286,-0.00024227985460577046,3.955461503992357e-05,-0.0007473757269601921,-0.0003187329167752229
2023-08-01,-0.004170352428228893,0.001741037323976283,0.00016688791997792457,7.067102137719915e-05,6.921681180247627e-05,0.0023760774238862476,0.010517490084364593
2023-08-02,-0.006981218609675691,-0.003549764925377229,0.00034885749525265686,0.0002826341521621083,5.9324882850666145e-05,0.000768188017894011,-0.002206527761237882
2023-08-03,0.008725069522561187,0.0034531201111016813,0.0011064379136409043,0.0003733583627709632,4.943471405500912e-05,-0.0046180048113487375,-0.02314166411838684
2023-08-04,0.003943135856934733,0.005141399500418652,7.574122254036095e-06,0.0004942331166181148,0.000128518820769701,-0.0015213617984504788,0.008664928432774645
2023-08-07,-0.007630908936119639,-0.006059991379875346,0.00015904331691871226,0.00039319471206011424,3.954092980997164e-05,0.001907011111896949,-0.0026889097710529027
2023-08-08,-0.0026142516183623667,-0.00402272003008398,0.00019687573418724645,0.0004031160928142198,3.953936638689374e-05,-0.00013609454055065807,-0.007063394830818977
2023-08-09,-0.0027696738611421197,-0.007327587479472859,-3.785770802309374e-05,0.0003928817929678895,4.942200960777054e-05,0.0004309025206434565,0.007595161731586095
2023-08-10,0.0021273972154615944,0.0016782218050549601,-0.00017416391897688826,0.0003222493029036553,3.953584913646938e-05,-0.0031566901432850455,-0.0016745793749447016
2023-08-11,-0.02276886864062433,-0.0196792343949567,0.00028016188997218255,0.00043285904067748694,0.00012848071571531147,0.003564742379632316,0.004612744272756181
2023-08-14,-0.007332731872744631,0.0004813797432089646,0.000892965309366722,0.0006036764075432505,3.95292071480777e-05,0.0015852888545156013,-0.007568653795546389
2023-08-15,-0.0024477319717270164,-0.006276084160473708,0.00146636458625824,0.0005329445310789609,3.952764465175901e-05,2.2628786079676474e-05,0.012969752879830047
2023-08-16,-0.007302201319509509,-0.007829370645074038,0.00041533100589861494,0.000482421766577474,3.952608227866777e-05,0.0017408806015479887,-0.008504122698549017
2023-08-17,0.0032605515337024243,0.007010746055657162,-0.0002718335187465348,0.0002712600043758966,4.940540594955822e-05,-0.0002033232055259323,0.010435362211010433
2023-08-18,-0.012249840491132934,-0.01634491372824914,0.0002869332144880476,0.000220972278922363,0.00012844263325049486,-0.0013565455392512322,0.0028268397343726207
2023-08-21,-0.01442671964973522,-0.011705633534914668,0.0007094286378398928,0.0006325142652079667,3.9517491434879676e-05,0.003951458711927412,0.013281298440207484
2023-08-22,0.007631322684008683,0.005177627805915102,-0.0003471043234245582,0.0002508868864550142,4.9394668349402245e-05,-0.00022537750827887544,0.004341564012770411
2023-08-23,-0.016409571062566377,-0.01949487185673796,-9.811653988572413e-05,0.00022072840462858295,3.95139780748902e-05,0.00110386476476669,0.0019005036463810721
2023-08-24,0.007144777681281019,0.0040371752881659,0.0001584911644493342,0.00017052949449232962,3.951241678220397e-05,0.002990076529966363,-0.002124329958098284
2023-08-25,-0.0031162545685285512,-0.012723440544126498,-0.0007247361824669973,0.00014041422218558298,0.0001284045733546062,-0.0015950937410312415,0.010050615667665625
2023-08-28,0.01170157582122886,0.011228801846722232,-0.0007252618059623996,-0.0002407221676619088,3.950578266416082e-05,0.0002472938200387376,-0.005090240566980673
2023-08-29,0.00983333019089358,0.02220536185941471,-0.0005972248124081699,-0.00025081389239135765,3.950422201891828e-05,0.0026489487047051206,-0.002979654525313143
2023-08-30,-0.0005178664020448515,0.0007481848365476055,0.0009070363965499114,-6.020469598455905e-05,3.9502661496903195e-05,0.0034242393272161525,0.014350267150953675
2023-08-31,-0.006079046076382226,-0.006291956337584907,0.00014353868203234617,0.00014047198610362828,3.9501101098337594e-05,0.004725401089653057,0.0032626584445729955
2023-09-01,0.006985136359071424,0.001982228947070547,-0.0014665752055997802,-8.026729011899276e-05,0.0001382415674845343,-0.0007785996722792178,0.014229021437138374
2023-09-04,0.014973376971239634,0.013732986286159824,-0.001180870044720961,-0.000762860764724981,4.9367357326161875e-05,0.003643072203470256,-0.004197814319875444
2023-09-05,-0.007445822156342292,-0.007046388113978024,0.0002499157494010084,-4.0166691776344495e-05,5.923761195175606e-05,0.0007536129446126173,0.0022482546740728478
2023-09-06,-0.0021853998336474447,0.00033909225329577464,-0.0014170157901780035,-0.000673032034606907,4.9361996209035245e-05,-0.0036847988418512523,0.006756899794599275
2023-09-07,-0.014074700013421836,-0.015305288262241801,6.824463429219244e-05,-0.0010959015388776513,2.9616028196585172e-05,0.0005335823510843871,-0.006656234240330993
2023-09-08,-0.004919544136155291,0.0010150625823173544,0.00022744848389915943,-0.0011776726726864751,0.00010858459984910545,0.007021147570814389,-0.010531697983821687
2023-09-11,0.00731818953076248,0.011353266290501587,0.0002577124246809311,-0.0007858863287474483,2.9611935586298404e-05,0.0008604048845834656,0.009241637660209967
2023-09-12,-0.0018506215288058216,-0.0006292570722692108,0.0005000757794773135,0.00015117995987242626,3.948121681623595e-05,0.0027527296916393753,0.004764547235933042
2023-09-13,-0.006386118855838785,-0.009795871099663176,0.0006890885751457672,0.0005944195265521385,3.947965811110423e-05,0.0017358254471105563,-0.0022054217488479684
2023-09-14,-0.0008405569184160299,-0.002356402504193383,0.00034058270244785815,0.0006846556852222394,3.947809952942201e-05,0.009460932534813643,0.008439973401561666
2023-09-15,-0.006538383430235558,0.00037877484010595227,-0.0009084784369125527,0.0003924587591318178,0.00011842494832748508,-0.01073504192908936,0.0066721177484602235
2023-09-18,0.005065706574374702,0.002784751000280045,-0.0009851172328306436,-4.024509261935165e-05,4.933958960316014e-05,-0.0010336600179190576,-0.0023908814747856545
2023-09-19,-0.0019230015277523172,-0.005611802925381073,-0.0003488125243895723,-3.0184882407080365e-05,2.9602585294597347e-05,0.0044130795167726805,-0.006050343374600434
2023-09-20,-0.0038306631612324642,-0.006459735845352202,0.00019716985488449457,0.00014085499002087742,4.933569487870994e-05,0.0016198234870034992,0.0016847522429947377
2023-09-21,-0.008986793087286804,-0.006939023954800574,0.000560963051794635,0.00045261385268149815,3.946680349001044e-05,0.001726380166757235,-0.015682625297939463
2023-09-22,0.017841072499865048,0.015364752224508548,-0.000386575965095505,0.00013071698283607605,0.00014798664200916744,-0.0024046355449592175,0.009937450003763013
2023-09-25,-0.006554121088843643,-0.005667010104003606,-0.0006749711118361015,0.00019101716699182643,4.932401439302529e-05,0.00834763955078313,-0.008894112475106287
2023-09-26,-0.005826750600817461,-0.0034191627731961294,-0.00031868398958553846,-0.00028151171978423137,4.932158165443646e-05,-0.0035441368648324333,-0.00966908854776441
2023-09-27,0.002043226885357645,0.00497733483360556,0.0002807507445058367,3.0165760858141915e-05,5.918268710855511e-05,-0.024095426532840785,0.004942016920808576
2023-09-28,-0.0029733482668078985,0.0027468510563927926,0.0011373718839441122,0.000593075111748194,0.0006014919152499486,-0.03429633819019207,0.010271938413833785
2023-10-09,-0.0015166232768554324,-0.005882980596615925,0.0005682012039639452,0.001134908600987547,5.91436006797447e-05,-0.020529811687939038,-0.026510028226671794
2023-10-10,-0.007510492479501853,-0.0049232474513326826,-0.0008637934706939156,-2.0075685334548528e-05,5.9140102920919874e-05,0.026561554081244946,-0.01376296979411336
2023-10-11,0.0027862633896376535,-8.720144411110013e-05,-0.0015096403627207038,-0.00020077902328207602,4.928074750054295e-05,0.0011928248420793814,0.0037234705836368246
2023-10-12,0.00942624473949605,0.007367795892952549,0.00037952104899750697,-7.028218299355517e-05,4.927831902800367e-05,0.0014432496233939662,0.0027294989019755462
2023-10-13,-0.01055053214009235,-0.006809838004297009,0.0009936626385059467,0.00017067673366170984,0.00012811226593917218,0.006139118956040942,0.0036237931225948186
2023-10-16,-0.010040596336873646,-0.009475091684516877,1.5162772361430265e-05,0.00036133695063430616,4.9269578508730346e-05,0.013917983365596343,0.015814844384672316
2023-10-17,0.0034569402725386587,0.0025659065044608383,-0.0006370344744897368,0.0,4.926715113700686e-05,0.005035764494122184,-0.006091349418293045
2023-10-18,-0.007930856711277929,-0.012700321732852338,-0.0006374405461066291,3.0105519849286018e-05,3.9411973362700044e-05,0.007318055235922753,0.0009198198117640216
2023-10-19,-0.021535744124588047,-0.01093883789509425,-0.0010633046989749933,-0.000501877030589339,4.926278247031148e-05,0.006252298693232278,0.0024080490092929906
2023-10-20,-0.00654662263193197,-0.007468240718365245,0.0008735117624984346,-0.00020082136003479823,0.000118220777439239,0.012519040305621088,-0.006326110886732875
2023-10-23,-0.010479831812295079,-0.025044851051299645,0.0007589557134192571,0.00025102039923553956,4.925453265840983e-05,-0.005124358404245087,-0.0067770999519139695
2023-10-24,0.003693109930311548,0.011555273936410973,-0.0002124495440325298,-0.00020081127823606327,3.9401879474625346e-05,0.001681939213250939,0.0041948974584576915
2023-10-25,0.005556193438543965,0.004394967519679659,0.001531660938034018,9.037006547945995e-05,3.940032702789465e-05,-0.004769206151971578,0.00226920290493199
2023-10-26,0.0027386558588173493,0.004102812987118239,-7.576963005333085e-05,0.0002509851179000396,4.9248225842660125e-05,0.006470109348904656,0.0038916556596559695
2023-10-27,0.013692009909579434,0.017336521585758363,0.00010607587465721797,0.00015056083941025031,0.00014773012687331632,0.00341486558207612,0.004379735788683616
2023-10-30,0.005873651403791502,0.009859309990379775,0.0004241910135114962,0.00046157860700299163,4.9238526202494824e-05,0.0024073141891636403,0.0047792298760809
2023-10-31,-0.003152112467778463,-0.003370411009905693,0.0008402757507111819,0.00016049915270840385,2.9541952035818504e-05,-0.00012997703757314412,-0.00900108816947865
2023-11-01,-0.0004118785840179032,-0.0033283231608007067,-3.0267947003108286e-05,0.0003108938222357303,4.923464741589416e-05,-0.003059333889677178,-0.0015047960800071993
2023-11-02,-0.004707445617555397,-0.009223918460667,0.0009756799333926131,0.00044110276404454597,4.923222348471969e-05,0.0019104690800631726,0.004724002176268256
2023-11-03,0.008326168211153055,0.009402184291144797,-0.00021169461618676417,0.00028060048687925126,0.00014768212925406367,0.0012788418471872006,0.009163310882330638
2023-11-06,0.0132657503059327,0.01700228295708903,0.00018145527177345565,0.00036065639854734606,3.9378217943794564e-05,-0.004863970677692242,-0.0005731787597291637
2023-11-07,-0.0035167487415856576,0.001085928575555148,-0.00043101004466941867,0.00026039319519405096,4.922059193671304e-05,-0.006617261722666801,-0.007984488607874062
2023-11-08,-0.0024419373975183125,-0.0006128792382010318,0.0005897564023407277,0.00014018364079873652,3.937472930390052e-05,-0.0030283768673275125,0.0014732490156810234
2023-11-09,0.0004888647571561056,-0.0028416584927431487,-0.00011338768395120573,0.00037039076648864844,4.921623152302806e-05,-0.004846892061977287,-0.004233076988898722
2023-11-10,-0.007330831723966942,-0.0034136331999855456,0.0005290325629556399,0.00037025362796181305,0.00013779256335651728,0.003637369675806465,0.007376599692910836
2023-11-13,-0.0020261212199216196,0.0056770898841946305,0.00043057701761684594,0.0004901249916821451,3.9365816698204155e-05,-0.0011889560606207856,-0.0025705242581931754
2023-11-14,0.0006849596826564712,0.0044418092055676355,-0.00030969457564433456,0.0002999580081282011,4.92050917527915e-05,0.003891868279397591,0.005169588104637075
2023-11-15,0.0069871186847021306,0.005897669341866501,0.0001661895017384241,0.0002598908473074381,3.93623302550897e-05,0.0016445388583213733,0.007237770512274361
2023-11-16,-0.009674849993878135,-0.009743760689819733,0.0002265775471346049,0.00035973739558365064,4.9200734084929464e-05,-0.0014251106872524115,-0.000678380054507815
2023-11-17,-0.0012365866293209179,0.0038635398530531026,4.530934959194101e-05,0.0002996823389659508,0.00014758767964839217,0.0015784630803979249,-0.014125196044089171
2023-11-20,0.0022796258104008484,0.0050125418235441935,-0.0003323162472803038,0.00027962251143410295,3.935303609196934e-05,-0.011079774568286205,0.008513856009339125
2023-11-21,0.0013433676678575174,-0.0033737402224397577,-0.0005364705655443708,0.00029950880779773423,4.9189117409482804e-05,0.0006864102123921101,-0.004949111757771741
2023-11-22,-0.010188715428896933,-0.012321708092476685,-0.0008392846158814693,-4.991190549709364e-05,4.9186697959503804e-05,-0.002260288594980494,0.0037746447663412085
2023-11-23,0.004804382877937096,0.008971504295899985,-0.0008627018235577721,-0.00026956734604471243,4.918427874709499e-05,-0.0015763593810543366,-0.011185320268095999
2023-11-24,-0.0066605190472589755,-0.009553653501301121,-0.00023472312244096554,-0.00019972637553028244,0.0001573734376558686,4.443851931599061e-05,0.0064069231090455245
2023-11-27,-0.0074312536696151356,-0.0005648321539654045,-0.000545376057875105,-0.00013983220158620096,3.933948996850591e-05,0.010168754864312426,-0.002250338205688021
2023-11-28,0.0018420837495603242,0.004386705999490065,0.0009617824765507833,-2.99665872575837e-05,3.933794243399995e-05,0.0031621274070261773,-0.00455937124249977
2023-11-29,-0.008569320690743593,-0.00666692652488808,3.027734044063681e-05,-8.990515012716207e-05,5.900401228997732e-05,0.006011144148266895,0.001460315213927261
2023-11-30,0.0022474444789687643,-0.001416706748488273,0.0005297051179860647,0.00022974154177720794,4.9167350922190244e-05,-0.0003923534719119792,0.008408476819824996
2023-12-01,-0.003823666377027307,0.003944080598473987,0.00019667617331570048,0.00013981684016749758,0.000157319279802251,0.0005884724949962582,-0.007233879516424135
2023-12-04,-0.006613369495638254,-0.001395451761000186,-0.0004614936588701791,0.00020968861317883014,5.898834981811696e-05,0.01273047567957934,-0.009515173650047332
2023-12-05,-0.019239070364000195,-0.017816373604982196,5.296910767212614e-05,-0.0001298020520532433,5.898487039788558e-05,-0.013624218450163249,-0.0049076477851613814
2023-12-06,0.001530885179328506,0.003915023947127834,-0.000287580316352697,-0.00013980567034627394,4.915140107059312e-05,-0.0005017178487749632,0.004816173760737962
2023-12-07,-0.002398463821907335,-0.00023303546726010364,0.0009910466186933535,1.9973435331718722e-05,4.914898532915162e-05,0.0015697563560907227,0.0012838477442868948
2023-12-08,0.003004393292945813,0.0028822333077784053,0.00021925928253964077,-1.9973435331843937e-05,0.0001474324639126838,-0.0007409667775702835,0.011661674933780227
2023-12-11,0.005666389400875471,0.012011942999669853,0.0009671911409698624,0.00017974655783826318,4.9139324737311536e-05,-0.010079184343984195,-0.0023899570334775973
2023-12-12,0.002206083379278923,0.0002472493522299731,0.00017369305460251358,5.9908340257106375e-05,2.948243584106375e-05,-0.003397162007097431,0.00443339550498771
2023-12-13,-0.016825550968563873,-0.01063377112613389,0.0010038077607761001,0.00031945054777931663,4.913546156373552e-05,-0.003741384247193077,-0.024688792409049146
2023-12-14,-0.005252572699600584,-0.003307206461051586,0.00019611540700226893,0.0003193485317148774,4.913304738892527e-05,0.019112639959177204,0.004819711213591865
2023-12-15,-0.0031061385812823227,-0.007224400187421482,0.001032742550696896,0.0004289640583928414,0.00015720953115169324,-0.002134751502316348,0.004903983641568314
2023-12-18,-0.0037047969455434723,-0.011701556738819313,0.0003992421984233529,0.0004885952982653339,5.8947202972314625e-05,-0.00041440832899464165,0.0025580540971557185
2023-12-19,0.0013835535978971778,-0.0011137790208950922,-0.0004067766023954826,0.0002890562334172478,4.912001494234791e-05,0.00034898685110002566,-0.001389434961779067
2023-12-20,-0.0100521187009048,-0.012981702948180403,-0.0002486671828648568,0.00015944354237615289,5.8940833244005276e-05,0.005480538282377078,0.006860879867489036
2023-12-21,0.010022701312284409,0.0054080624992813965,0.001144862929811841,0.00016938091316884797,4.9114707409064226e-05,-0.002214696058959882,0.006386908143650483
2023-12-22,0.00188097042967207,-0.005074982057275982,0.0011134769464498416,0.0004083889114427413,0.0001866138914902432,0.006521456094682045,0.004946913971781906
2023-12-25,0.0030490510003662675,0.0006288494112942582,0.001239916445717168,0.0004281312138198252,5.892346825232133e-05,0.0006476544342446144,-0.0066497700015118654
2023-12-26,-0.006785063700438992,-0.01076328601754698,0.0005480789220667065,0.0004677478028982113,6.873965839102478e-05,0.0030814009190132845,0.0031875442339788242
2023-12-27,0.0034423441909729197,0.0050707589869429795,0.0010727642710566551,0.000686297452327511,5.891594659989489e-05,0.0034793849534490873,0.007223458402311599
2023-12-28,0.023081632630856157,0.018260215321922,-0.0006300157712325667,0.0007255704245837554,-0.01759245015026972,6.431902237283215e-05,-0.006648195849539547
2023-12-29,0.004810179348606574,0.008617451745934507,0.0005475362879572132,0.0007151157898386592,0.0002697828264623649,-0.005438826756861982,-0.010899965719071111
2024-01-02,-0.013139357842287034,-0.0036451714690715733,-0.0007276137217400645,0.0005360014421697261,9.990109799627908e-05,0.00839303865429366,0.008816492929745696
2024-01-03,-0.002404996595513159,-0.0016546812150619074,-9.005087880733874e-05,-5.95415302347636e-05,6.992483083551828e-05,-0.004477539482094922,-0.004798283242165368
2024-01-04,-0.00932679451197492,-0.008645086603860765,0.0002626257335786504,0.0003571960151089194,5.993167790514562e-05,-0.0022785908396916192,0.00028752326477897124
2024-01-05,-0.005373120961693178,-0.013769867045002911,0.0010198343653208672,0.0003273176349280665,0.00014981348249486462,-0.0008181192326798362,-0.008244852181086905
2024-01-08,-0.013038380694361352,-0.022110432278972105,-0.0002923461549193795,0.0004659947833422271,4.993284034002157e-05,-0.002112980518792769,-0.006209579647611933
2024-01-09,0.0019368590211477795,0.002413509215005327,0.0006295624748883906,0.0005549444702476613,5.9916117453435236e-05,-0.0007341193057600462,-0.003494120990103832
2024-01-10,-0.004654779544982516,-0.004165523526925673,-0.0004796306935677644,0.00019811984334086144,4.992735570779176e-05,-0.0011886881525876591,-0.0011353129648209138
2024-01-11,0.005636674085093493,0.012614281433802615,0.0003672378880875924,0.00013866053941371533,4.992486309156096e-05,0.0002378506957535065,0.006365944006962712
2024-01-12,-0.0034856216304400304,-0.0033558343774254275,-0.000509672546429062,4.951696204545001e-05,0.0001497596360645223,0.0020302382783575134,-0.000981655884766401
2024-01-15,-0.0010749478491054014,-0.0025337531991251098,-0.0001424549488632369,0.00017824076413469546,4.99148951142392e-05,0.008786024747501744,-0.004569781024457942
2024-01-16,0.005957363025811749,-0.000795484719398185,-0.0004799976092280644,0.0001386097444868674,3.993012229143481e-05,-0.0015196758096346834,0.003699052233399495
2024-01-17,-0.02173607038926722,-0.02497923683387513,0.0008323491847736499,0.00020787859964670172,4.9910410822864044e-05,-0.011222640377730863,-0.006896689672441855
2024-01-18,-0.0074025896658261505,0.0001165546448345667,0.00014989919307332162,0.00026720900356435847,4.9907919898042385e-05,-0.0027331311345751975,0.008266347771577549
2024-01-19,-0.0014075028331829097,-0.008818708990710586,0.000651800152687032,0.0001879931734329863,0.00015968860755536678,0.007314941613848679,0.003787724906306363
2024-01-22,-0.01570801789636488,-0.0492027598085338,0.0006663447494889103,0.00042532778081030956,4.989746072843878e-05,-0.00235312004783947,-0.0027587212738229413
2024-01-23,0.004035392718119851,0.01817508648017374,-0.000501588999515103,0.00010877572927544586,4.989497109626406e-05,0.00023772219032480298,0.00976256080118149
2024-01-24,0.013813691635116783,0.013632148790057627,0.0005913992753679301,0.0001680846755228524,4.989248171231662e-05,-0.0010810110667221783,0.005566395634428729
2024-01-25,0.01990506762253274,0.0284649572327902,0.0015554312352639927,0.00032620138776559706,3.9912193180243496e-05,-0.004661709854762914,0.0010280033707255865
2024-01-26,-0.0026392361539399746,-0.00918991689949922,-0.00017934941049591667,0.0002470514423075487,0.0001496565385240558,0.007211023137257163,0.003077684535333549
2024-01-29,-0.008959200814844543,-0.019913342471333237,0.0009486922578885248,0.0003951554000009367,4.9880536126433514e-05,-0.0001510492531329352,6.255180073036277e-05
2024-01-30,-0.017916037624340235,-0.023193248342863924,0.0016561853341433032,0.0006516652251274126,4.987804818255962e-05,0.001983400456175942,-0.01192400473705697
2024-01-31,-0.009142106222030216,-0.024852934214272558,-0.00019382590021997778,0.0006019192524530493,5.985037408265927e-05,-0.00030156815668825086,-0.003559047016229136
2024-02-01,0.0006224518578864154,-0.0040276958161794075,-0.00032809867116082367,0.0003057545997968332,5.9846792229725075e-05,0.0,-0.004564409965944078
2024-02-02,-0.011956323964988823,-0.025569000205335937,0.0005964629922441951,0.0001873517831017117,0.00014960131278111887,0.007319592647434889,-0.009634688603816683
2024-02-05,0.0064341197750762795,-0.022395423508529935,0.00013415515809440693,0.0006111144156913098,4.9862131217471125e-05,-0.009217249180505201,-0.0030612824413774444
2024-02-06,0.0340162574814851,0.07435052201544465,-0.0016931647197544705,-0.00021680430540012142,4.985964510954673e-05,-0.0006477523221694858,0.0008035355996833948
2024-02-07,0.009510123439494908,0.06114713630281657,0.0013577430729692366,0.00021680430540014833,4.985715924896152e-05,0.0026315804660558212,9.686520004185523e-05
2024-02-08,0.0063894165359622895,0.00807500096149042,-0.00043994557315305287,0.00012808954461970492,0.0005382989882365574,0.0010334805527468553,0.010542387236497818
2024-02-19,0.01121661976565673,-0.0019504365981284678,0.0003430250367339018,0.0008272602402059587,4.9827844806398505e-05,-0.0023052654261050552,0.0016200603683793112
2024-02-20,0.002087345860706146,3.828044252670157e-05,0.0011549797672198677,0.000442893776708319,4.9825362116151184e-05,0.0002803627480975366,-0.005397077097850956
2024-02-21,0.013448081202647054,-0.0002488490743215159,8.936217751787722e-05,0.00024596736629026004,4.982287967324306e-05,-0.00017252161954323694,0.003105878445803865
2024-02-22,0.008511671913813976,0.007096557825139499,0.0012130459728561366,0.0003540867549534001,4.982039747745211e-05,-0.0005393219774990171,0.005594999830910232
2024-02-23,0.0008615491185109268,0.004059725189567287,7.437211346655504e-05,0.0004719207260780428,0.0001394839097607729,-0.0032204058739590973,0.000639595765512728
2024-02-26,-0.010532943988550793,-0.0004734176105085035,0.0008771734764024097,0.0005208205497902449,4.9810967389117894e-05,0.005720407176043766,-0.011403041987448563
2024-02-27,0.011852546004534505,0.021270420090658083,-0.0007358816974898317,0.00033396853148142335,3.984698757294588e-05,0.0015056032784125154,0.012926888088178943
2024-02-28,-0.01272322170383749,-0.023166334963235613,0.0009290538070099411,0.00018658090545872074,4.9806501751203015e-05,-0.002496235425755046,-0.0011982464186885374
2024-02-29,0.018696972194040425,0.03048235931842032,0.00029711501540736855,0.00039268815175442124,4.980402118687391e-05,0.001786733444861469,0.002399019337524649
2024-03-01,0.00616487982130689,0.006110951714233873,-0.0017840156967638668,-0.00029450165624616295,0.0001792739410209633,0.005062976082417925,-0.0009311670175916751
2024-03-04,0.000764406984831207,0.0017182762974390121,0.0007734642658397861,0.0002650553932203811,3.9834289361671904e-05,0.011489243635439711,0.0064606472363183745
2024-03-05,0.006881602022552681,-0.0067805566923962125,0.0007802949910824283,5.8891658994897675e-05,4.97906304093176e-05,0.015220674454124193,-0.0034325789067766502
2024-03-06,-0.004027323615584394,-0.0003126465556183954,0.0023742934649620476,0.00013740038493735977,3.983071944762273e-05,0.006520904464172946,0.0013626051955926953
2024-03-07,-0.006028974233601482,-0.013574408197462046,-0.001038059811307716,7.8506030284682e-05,4.978616841688077e-05,0.010603898196427344,0.005263118247808256
2024-03-08,0.004249538946461635,0.013482434722547195,-0.0003932611415929187,5.8875478380278724e-05,0.0001294324389367015,0.0014531167813124427,0.005965656552250882
2024-03-11,0.012362138720434733,0.01670992381861717,-0.0007275697265904138,0.0002648967653935054,5.9732398870814704e-05,0.002838735300228507,-0.01434773040383069
2024-03-12,0.00228705404536572,-0.003207192652812284,-0.0014269790604258105,-0.00034339817355297014,5.972883112444133e-05,-0.004025630481205642,0.004542769021085911
2024-03-13,-0.007017180277972938,-0.0015620178630500214,0.0006096881113801185,-0.00046132026750218136,4.977130088281881e-05,-0.000921838415804386,-0.0029366162416480136
2024-03-14,-0.002865733987178884,-0.004207771447812075,-0.00015610423334352924,-0.0002356499038848666,4.976882382364611e-05,0.0008194538798753304,0.0033267263640421162
2024-03-15,0.002136032290519293,0.011289915540281976,0.0005202527059002166,6.873695841674935e-05,0.00013933953085022984,0.0037404615962045033,0.004551840974389269
2024-03-18,0.009277956113241902,0.013534917329266842,0.0012994488453463874,0.00037306106853253327,3.98077286758949e-05,-0.007618304304600413,0.0032420269904025615
2024-03-19,-0.0072025101291507895,-0.009068775093209856,0.00038579674925421763,0.00024535903510511413,4.975743252663014e-05,0.001561152282888535,0.006693470634267701
2024-03-20,0.0021270648937745072,0.002691646758577782,-0.0007865894334731123,0.00013737476839625648,4.9754956848027744e-05,0.0022347752486272573,0.0008500315877406724
2024-03-21,-0.00120291511574842,-0.004994261602432402,0.0009571828393392221,0.00015697663042644528,4.975248141521037e-05,0.019027715127978892,0.007163501185858562
2024-03-22,-0.010156370272373044,-0.014951378984011783,-0.0004005697044838299,0.0002256107439521068,0.00014924259411323244,-0.007340962683347237,-0.00938130941756239
2024-03-25,-0.005444042026802341,-0.01677582386799836,-0.00037846322123224335,-3.923299495384294e-05,3.979426366226224e-05,-0.00012145749002770254,-0.002916651697788472
2024-03-26,0.005076368968852815,-0.002009789090445548,5.9376252485421305e-05,0.0,4.9740602766776794e-05,0.0026686630074878115,-0.007460676393386105
2024-03-27,-0.011579900363168583,-0.02432338322094155,0.0014313846452692455,0.00017653635714059063,4.973812876226578e-05,0.0066406651246837265,-0.00827709560769031
2024-03-28,0.0051094064085757274,0.01272573760616099,-0.0003558006664322881,0.00015689504734138138,4.973565500398387e-05,0.0055003988945101015,0.0024215673668766457
2024-03-29,0.004686776271623074,0.01185840180921777,0.0008670424393509961,0.0002156905045716281,0.00013924667571064747,0.016694746475848427,0.0015953438308215337
2024-04-01,0.016246808723593673,0.021591391977129278,-0.00076325416733269,0.00024504638850724933,7.956082429196433e-05,0.011623502422966713,0.0077939163666422605
2024-04-02,-0.0041910038712623665,-0.0037248751231537583,0.0008076976241520092,0.0003331667530401549,4.9722300959633153e-05,9.694337545026473e-05,0.0017485154789920528
2024-04-03,-0.0035621663078941497,-0.0011897681355887957,0.0006071960318953361,0.00044078538873454793,0.00022869074647886544,0.006916832708032341,0.005036753138731879
2024-04-08,-0.008890452698902982,-0.014295839500432578,0.0011541365233595547,0.0005384739777948625,4.970845989291074e-05,0.030322879190561407,0.014477005106125089
2024-04-09,-0.0008792206701076802,0.008122980393351586,0.0006504642178371119,0.0005479666660267507,3.9764988920901955e-05,0.0024998613843240213,0.00906913707268694
2024-04-10,-0.008176800212767385,-0.012666496021002269,-3.69468593364063e-05,0.00045966894865466556,4.970401261516e-05,0.004294844429807349,0.002761217296064739
2024-04-11,-0.00014304719151235325,0.005082153629510723,0.0007682137193705651,-0.00583486580431477,4.9701542249022564e-05,-0.006776026968857027,0.0031048350280195535
2024-04-12,-0.008158854762134645,-0.004634333944083797,0.001106962166376742,0.0007275373183771497,0.0001292124502963533,0.023262444280198337,0.007197347783394117
2024-04-15,0.020754088437342364,0.011647231948291337,-0.0003909866561063998,0.0007761115239337919,4.9692650963994275e-05,-0.01513299879652158,-0.0008588504309303546
2024-04-16,-0.010708656394866577,-0.02797228277063068,0.0,0.00016693261361940546,3.975234290897619e-05,0.00677655734549205,-0.006659501001444019
2024-04-17,0.015162755603092761,0.028064473310102735,0.0003762352178410027,0.00040248757494860976,3.97507627229716e-05,0.0034536637617108012,0.00657320013781906
2024-04-18,0.0011525758532238794,0.0019340406282774402,0.001083651347267308,0.00042194714511500393,4.968623145853402e-05,-0.0019641863663619466,0.001473596460055161
2024-04-19,-0.0077279265462739275,-0.006591056732720287,5.8940543743548066e-05,0.0005394404662112897,0.00012917264936156852,0.003869611907586957,0.00365025332473202
2024-04-22,-0.0028637472255831813,-0.008818825875416571,0.0005008544091502092,0.0006469446793896295,4.967734565027178e-05,-0.016033997572890434,-0.006922853869865793
2024-04-23,-0.006980980324736369,-0.011313570900066551,0.0007949594106087434,0.0005877685536717315,3.974009975283875e-05,-0.022800942618730065,-0.007061968439815778
2024-04-24,0.004365261785694032,0.01039746894303148,-0.0016716193190476993,-0.0002546572914308427,3.973852053999764e-05,0.007809281887338457,0.014973630205188023
2024-04-25,0.0024453365991158513,-0.000673589697093736,0.0011122693280155322,-0.0002841173521740981,4.9670930098465155e-05,-0.0003965743581676053,-0.001339789901947277
2024-04-26,0.015219278032490745,0.021424563351144253,-0.0023881136416013748,-0.00047044065474824957,0.00012913287293886693,0.008669786408505608,0.007889682655480654
2024-04-29,0.010987745978098734,0.019592818896463745,-0.0023346544087471614,-0.0012850383110767855,1.9865115863938385e-05,-0.007122149077102297,-0.004664540927300288
2024-04-30,-0.004686317068754744,-0.006850082667805828,0.0023125155761270846,0.0005397210264032907,0.00024828065772948153,-0.005882425534421415,-0.0015907642187829587
2024-05-06,0.014568990100098033,0.015792446510615326,0.0008704247927216934,0.0005492350079223041,3.971918536488627e-05,-0.003173067710129498,0.0022159456533954033
2024-05-07,0.00030127494305096027,-0.0002849205803162338,0.0009433337226452775,0.0007547059210578594,3.9717607813505926e-05,0.0013122487928544377,0.0001115984243462193
2024-05-08,-0.007918002492858674,-0.012473279995949795,-0.0004199683980251198,0.0004995567761998612,3.9716030388017376e-05,-0.0012361293614299431,-0.011199380912454728
2024-05-09,0.009395673514799311,0.017784363131775525,-0.0008552176165245311,-6.855184235757067e-05,4.9642819920849934e-05,-0.0013900924840790812,0.0004588139364361368
2024-05-10,0.000574060674841345,-0.0034961037233755786,0.0001843759800195038,9.7934080570195e-06,0.00012905979954075343,0.023372722287281,0.004389443886689333
2024-05-13,-0.0004646903742372502,-0.005472725860598985,0.001297045718453822,0.0004308150303582348,3.9707356785795614e-05,-0.005974737241777627,0.0017092902380363732
2024-05-14,-0.001970497914479682,-0.0007331575275876334,0.0001841030687817883,0.0004208445335196867,3.9705780174052064e-05,-0.004260077193691403,-0.0047085351775564
2024-05-15,-0.007672566410990694,-0.009652532546271367,-0.0002724845823726814,0.0003032897173792373,4.9630008298423354e-05,0.009564435832682702,-0.0011157633710776646
2024-05-16,0.003884891025786365,-0.003473921965118003,-0.0004346560944226094,1.9563920219137543e-05,3.9702233255790836e-05,0.007793259342011894,0.010071761215154082
2024-05-17,0.01031374128024137,-0.003467844245161725,0.0006187754337334817,-6.847539534995297e-05,0.00011909724303965001,0.00192041421775614,0.013990169907916147
2024-05-20,0.0035048193131751305,0.005911704586579673,8.100177103763027e-05,0.0003814460764640448,3.969592918766086e-05,0.021679285574832757,0.014130056011920729
2024-05-21,-0.0037770244486445967,-0.007768580108741656,-7.363770253711678e-05,1.9557415683563464e-05,3.969435348358161e-05,-0.008447894771986821,-0.0018541459222630452
2024-05-22,0.002365706532205104,-0.0012580796802089894,0.0003828568530286918,0.00024443542871016317,3.969277790428398e-05,-0.0006373892751962155,0.005429589708990494
2024-05-23,-0.01163756782658894,-0.01934260650505048,0.00045629168132948073,0.00031279018875835857,4.961375691283111e-05,-0.02109759591228987,-0.014693703159407948
2024-05-24,-0.010940846806530511,-0.008743306767936223,-0.0002207602993644687,0.00018567289375678354,0.00011906297453226767,-0.009627952220674977,0.002772933723051661
2024-05-27,0.009373383712841224,0.010880119272134193,0.000154537326591208,0.00023448491587822789,4.960538913959859e-05,0.0002817404062550212,0.00024440914211865827
2024-05-28,-0.007236601115195151,-0.010186085124057538,0.0005443698318146703,0.00014652515618944457,3.968253968778445e-05,0.0019887063082385,0.003397295265312435
2024-05-29,0.001357397330184062,0.0027713297641244654,0.0002573690281613312,0.00041991983078081853,3.968096504612537e-05,0.005495238216890862,0.011087105063380193
2024-05-30,-0.005134550073929621,-0.0028650900192211974,6.616990227663593e-05,0.00018548981567652133,3.967939052991404e-05,-0.007314938374780892,-0.014469810627562519
2024-05-31,-0.004014949909045284,0.0003562422109692104,8.821972598795213e-05,0.00010737311680326671,0.0001289471467270655,0.0033928520292595397,-0.00528809584982479
2024-06-03,0.002455495401976058,-0.006431857879184184,0.0007422077714036465,0.00037083663119784674,4.9590629364855375e-05,-0.008041528378636545,-0.018193857599135055
2024-06-04,0.0075794746297224444,0.012990238620980607,3.672865239314367e-05,0.0001170777397526507,4.9588170256207184e-05,0.007779508201583862,-0.007221546777888905
2024-06-05,-0.005324619474332295,-0.011425484844643431,0.0008223684673992896,0.00023411436593662166,3.9668765810681125e-05,-0.0058948487669908695,-0.008312687725428479
2024-06-06,-0.00038936478409363226,-0.008494106177642284,-7.339584212401376e-06,0.0002925659025558398,3.966719226208259e-05,0.01639656521272766,0.012265328806755751
2024-06-07,-0.004460683746482248,-0.0029490969555536766,5.137595826458273e-05,0.0003022282040915122,0.00015865303605944842,0.0009627134449626197,0.004149755848505599
2024-06-11,-0.008530511645060702,0.0018465819694279263,0.0003742309048332286,0.0002729018252626355,3.965932639148066e-05,-0.028968487984278226,-0.014611473155209245
2024-06-12,0.0005352942132917977,0.0033797286618698114,-0.00022745699509981216,0.00013642298943412798,3.965775359157198e-05,0.0037076162598607375,0.006550447728314743
2024-06-13,-0.00448842656732068,-0.006828172183991903,-4.40299109932816e-05,9.743359907921168e-05,3.9656180916666984e-05,0.0005122805132381599,-0.0035944155770113403
2024-06-14,0.005220470410018412,0.0040188616540681385,0.0003155048654277122,0.00020457966257254211,0.00011895910794705187,-5.690709917584712e-05,0.0012938198340956128
2024-06-17,-0.0015773762495410063,-0.0012363174535529235,-0.00022744698198874056,0.0002434926598993439,4.956211869165458e-05,0.001970892087343183,-0.012975960613193614
2024-06-18,0.0026744382029165155,0.004860369158761921,0.0004768454927584695,0.00015580419339547149,3.9647926418713487e-05,0.0005488837923719962,0.004317438958452779
2024-06-19,-0.0031819808614926685,-0.011467229166234993,0.0012607107093056103,2.9210583970451555e-05,3.9646354522916665e-05,0.004380258112753513,0.006802141514636852
2024-06-20,-0.007019161616028317,-0.014356252354635196,-0.00017581773606703102,0.00012656933825999671,3.964478275167946e-05,0.007750449305909841,0.0034044992589419205
2024-06-21,-0.001990163565927905,0.0018446428080910304,-0.00036638626314822414,-2.920688698597139e-05,0.00011892491887482391,0.0034337360651717375,-0.006680424913162225
2024-06-24,-0.005193038177564552,-0.021451382347328816,0.0007253146095217981,7.78831363933444e-05,3.9638496913436975e-05,-0.011372594445419801,-0.007408399099266567
2024-06-25,-0.005478994214316715,-0.0089190318500938,0.0006881960019471605,0.00011681333242797169,3.963692576521988e-05,-0.0005088818844208835,0.003657815792484302
2024-06-26,0.007051164275308701,0.015103538970909422,0.0006145832002516328,7.786797488788333e-05,4.95439479692182e-05,-0.006525277780138209,0.004371790741854669
2024-06-27,-0.006849832609471988,-0.018288223144330595,0.0010234667170163402,0.0001946434138813079,2.972519061502424e-05,-0.0042405578164304925,-0.007659406488511141
2024-06-28,0.002929100678484163,0.0034046335859428635,-3.653435142816175e-05,0.0003210788276099188,0.00010898480663502227,0.010954340564232671,0.010434969716529503
2024-07-01,0.00472016095286352,0.012082577785459136,-0.0013892953389922206,8.75490640104609e-05,5.9441252246458674e-05,-0.0012636623365622475,0.005344091957096164
2024-07-02,-0.0018282062966206412,-0.010644102321146025,0.001403909239734837,4.863505713152239e-05,2.971930120236699e-05,0.000528291931307089,0.008720974634093116
2024-07-03,-0.0022326549233129558,-0.0077160103441645846,0.0008472410396152909,0.0001458909807919845,3.962436106251927e-05,0.008433637831007517,0.008088021706494058
2024-07-04,-0.004969775098670445,-0.015510788139117299,-0.0002847681896670886,0.000262550141291663,3.962279103445062e-05,0.0041251026773298435,-0.003211059448282115
2024-07-05,-0.0040977750469638734,0.007187171453601244,-0.0009498133965561188,0.00011666682883623472,9.905010953132622e-05,0.0026972996867669786,-0.006915759738885414
2024-07-08,-0.007954752354422522,-0.017084989330995275,-0.001353214822680285,-0.0002722437765358893,3.9617296917145124e-05,0.00222675913127778,-0.00884047842365945
2024-07-09,0.012023728461185533,0.019698628333647696,0.0011558326938945185,0.00023335634592061644,2.9711942717607805e-05,-0.005967725163220955,-0.00047063165282905763
2024-07-10,-0.002046847561466764,-0.006455302348236565,-7.311438016882455e-05,0.0001166577554427407,3.961455042944613e-05,0.008818153731716188,-0.015939541496763923
2024-07-11,0.013244467319122948,0.019781463076408875,0.00037282746196440277,0.00022355599927862524,2.9709882994683918e-05,0.001643628540702481,0.00795028236491135
2024-07-12,0.002645015122646435,-0.0036204746158964704,0.00046035974638279696,0.000252655311478424,0.00010892868647728466,0.0026536457109005325,-0.0003872819688917694
2024-07-15,0.001220602788614383,-0.00734106936157554,0.0006426876248237964,0.00037886331744844547,2.9705764405668094e-05,0.0006623125989507285,-0.0011475386178643775
2024-07-16,0.007292493947795397,0.0031642725907396717,0.00010220768610702405,0.00018452245156439702,3.9606313251496485e-05,0.012592115941738279,-0.0018456614132358262
2024-07-17,0.0012665176683482977,-0.008365713192796446,0.0002481751837554853,0.0001553609231563885,2.970370553935412e-05,0.011394642721211629,-0.007155993839754861
2024-07-18,0.005693546351184944,0.004535063347305443,-0.0001459779429919933,9.708832132203635e-05,3.960356828671096e-05,0.0003051982465813894,0.005322183748485189
2024-07-19,0.005772544926976583,-0.0011116165057567578,0.0005910791014012052,0.00011649354444781635,9.900205932377927e-05,-0.027460305572824282,-0.010912003545083234
2024-07-22,-0.006779876144284549,-0.0013558226556634816,0.00207694989051088,0.0005046486006052537,3.959807949815936e-05,0.002450823542128163,-0.008457373472240962
2024-07-23,-0.02116301468965378,-0.02971858658769648,0.0009895875828492102,0.00040741495776418094,2.9697530652521874e-05,-0.0059254236704149,-0.010186792192636823
2024-07-24,-0.0060516726356095165,-0.011687450094721753,-0.00018183603531173316,0.00029090909296079683,3.959533567461532e-05,0.011266895084141262,0.0002554474175383851
2024-07-25,-0.005538741983047867,-0.0006333790985521812,2.9095987665586098e-05,0.0004071306073045584,3.9593767946126014e-05,-0.02500570507697007,-0.015746860032740288
2024-07-26,0.004156929862322998,0.015361864654970478,0.00010182929055587926,0.0002325716621914478,9.897756186744094e-05,0.005559261479432899,0.010163258199510795
2024-07-29,-0.005256785255395524,-0.005735694776705695,0.0004581035321366168,0.00041655567190692933,3.9588281873684734e-05,0.0058811656365912,-0.00527327290531891
2024-07-30,-0.006100059582504925,-0.0018004820105189995,0.0005378219793571021,0.0004551066432131877,3.9586714703826486e-05,-0.0002041441264615735,-0.013976618857415996
2024-07-31,0.021132317926574773,0.039323869412539965,0.0011255824261353074,0.0002516721692907252,2.9689007647058134e-05,0.008151842327012637,0.01136337175499215
2024-08-01,-0.006525495393793274,-0.0068531496422598575,0.0009358100335819314,0.00041608810056152065,5.9375371113488125e-05,0.009436365862760272,0.005156288735082646
2024-08-02,-0.010245843415248614,-0.013375872036488053,0.00036248169864327344,0.00027084804622968243,0.00010884569154960444,0.0044762343423345044,0.0008911121073967898
2024-08-05,-0.012229622820131736,-0.01999630585083296,0.00021742596731502882,0.00035779386620182844,3.9577314288439435e-05,-0.018544160238872842,-0.021172178275254985
2024-08-06,-0.00020558908688058918,0.011966952635148145,-0.00018843310680475528,-0.00024173858507254916,2.968195782422498e-05,-0.011533294998405,-0.013035744446007911
2024-08-07,-0.0004700766899148275,0.0003108131934140334,0.0007390340726748249,5.802259014473713e-05,3.95745733417565e-05,0.000748111054566411,-0.001746632232739586
2024-08-08,0.000558191474164017,0.0009939535316775593,-0.0015438981049869622,-0.00029014662279452106,4.9466014384914596e-05,0.0008222762563852879,-0.0036712979360564633
2024-08-09,-0.0030591858191554174,-0.007457992666956634,-0.00125572077079974,-0.0007160551474867696,0.00010881661937293354,0.010332743854248807,0.011201811107304376
2024-08-12,-0.0017691813307192635,-0.001335420125429016,-0.0026909498557844557,-0.0012688697624129704,3.956674415651636e-05,0.005567963646492459,-0.002001782294867219
2024-08-13,0.0025348556031881157,0.003626515020807031,0.0016736040230877966,1.9384165076205017e-05,2.9674030774214758e-05,0.00661531993512344,-0.00484365463998631
2024-08-14,-0.007327338816703654,-0.013699418269885417,0.0007921655967587101,0.0006200949719092412,3.9564004673686625e-05,-0.002011116664388745,-0.01288966442643393
2024-08-15,0.009973231878753342,0.006705579805841302,-0.0008576018200941875,0.00019370084901538612,3.956243942528832e-05,-0.0018684746231026881,0.001614620759329226
2024-08-16,0.0014962376821400255,-0.005756923137843479,0.00036348040150408433,0.00015493366933284764,0.00010878863861753496,0.0008430776497315532,0.0007835415232193484
2024-08-19,0.003365676238577579,0.0026724761547407944,0.00042873701274776573,2.9047390820092527e-05,4.9445469074383236e-05,0.010678333180839952,0.003045414580899824
2024-08-20,-0.007154616491693067,-0.017489448920438987,5.811968297354907e-05,-7.746158393446119e-05,1.9777503090908146e-05,0.0008334239711311743,-0.00038017000668607627
2024-08-21,-0.003271781616645183,-0.0032344810728432124,0.0002542339038234347,-0.0003970848215657329,4.9442046515288615e-05,0.003037922084692282,0.011706324322036324
2024-08-22,-0.0025126755463852533,-0.011848761138485315,0.00049375545586327,-0.00014531433939035071,2.9664054584121463e-05,-0.0028206213214737284,-0.012032890031819163
2024-08-23,0.004459349120077209,0.0008897473487658232,0.0009867801297010687,-0.0004748407192448332,9.887382718977943e-05,-0.0023566104735720903,-0.0009224005402500274
2024-08-26,-0.0006189851788571973,0.00153891201136093,0.00024654296135975855,-0.0006302388813891945,3.954679374878886e-05,0.005718748053765995,0.02348786307196242
2024-08-27,-0.005677129381327413,-0.010866240077296106,-0.0008631664234699512,-0.0011936939447239295,3.9545229861887284e-05,-0.0015712057267364475,0.005164657242153885
2024-08-28,-0.005023866450226464,0.0010503972780123608,0.0006673872762240319,-3.8843248077322235e-05,3.954366609843519e-05,-0.0011574075366119424,-0.005759032528789314
2024-08-29,-0.0027455327759988777,0.012821802914431893,-0.0003554008269651021,0.00033011952568409996,3.95421024586546e-05,0.0027105674450152474,-0.0026770416267877044
2024-08-30,0.013210623911955474,0.017699955926382103,0.00048592451720012674,0.00023295995135544858,0.00010873272025384394,-0.0025477260431335325,0.0028873372141863403
2024-09-02,-0.016983083475733823,-0.020164608879810617,0.002057122059377319,0.0007082531185114441,3.953623991086433e-05,-0.004842273174568249,-0.026091909771115616
2024-09-03,0.002546474510765678,0.010807890254967482,0.0011209425768656178,0.0004266501242855151,3.953467685857892e-05,0.0013625589143774724,0.0011490606553704885
2024-09-04,-0.006483783295596228,-0.00315278381498419,0.0004841477829191109,0.0003392508404763023,3.063829955713261e-05,-0.006941119678023354,-0.022408785661258365
2024-09-05,0.001745148630062545,0.004287068213920256,0.00027448714416790316,0.0002519404271117938,3.656706424698512e-05,0.007431186754416989,-0.005590941530905407
2024-09-06,-0.008119696280272107,-0.013913942190884817,7.944274529409202e-05,5.813108561438162e-05,0.00010574047246199833,0.0018310872888147008,0.003846862363386649
2024-09-09,-0.011829045586225407,-0.006724506586032784,0.0005847932272886776,0.00019374588350613175,4.4466952415341815e-05,-0.00455672632110134,-0.007391905156877394
2024-09-10,0.0008583428380213184,0.00019650011525736402,0.000981106564822613,-6.7806789422901e-05,3.557213832416129e-05,0.004303112320249085,-0.005999606007513262
2024-09-11,-0.002823040323419738,0.0015488152480409843,0.0012178294598465084,-7.749910395538374e-05,3.655893473584782e-05,0.0052223214307287585,0.009476429287638637
2024-09-12,-0.004249559884081765,-0.004018788853193086,-0.00012243648622577394,-1.937571448005755e-05,4.050969096117794e-05,-0.0012985141054110856,0.008174438224992238
2024-09-13,-0.004050779360518839,-0.010118204352673167,9.362924984612432e-05,1.9375714480108988e-05,0.0001798036983152576,0.013016768280852941,0.0011158734134470497
2024-09-18,0.003618653913952491,0.002495060855647368,0.00023763488591921496,0.0005326850843389311,3.5561737155142124e-05,-0.0010158708400889805,0.002902196399692621
2024-09-19,0.007964249289327027,0.012883613789772364,-0.0007779242780538814,-3.873116697477268e-05,4.5438157194122086e-05,0.0017993466636415673,0.0137878981972837
2024-09-20,0.0015913823899546097,-0.00482286225127953,0.0004826724296848003,-0.00016462419722374264,0.00011062340249365942,0.008930845765244468,-0.0033333156125060306
2024-09-23,0.0036323163114542717,-0.000765939790813122,-6.482305109951897e-05,-2.9054142396305295e-05,3.8517776699463504e-05,0.00657607912007138,-0.00850203228804555
2024-09-24,0.04226758392873752,0.04247569011846557,-0.0007061231253296045,-9.685323836368537e-05,3.4565972371518094e-05,-0.0003505696793135873,0.02315030741622818
2024-09-25,0.014757098996232978,0.009085749933982881,0.0020881043286457785,0.00011622276042136001,4.740281929148557e-05,0.006099871223981169,0.008740002344892339
2024-09-26,0.04129731826437423,0.04281688457596723,-0.0010435071419608727,-0.009702530923567463,4.838806040363478e-05,0.0024712856294664366,0.0064010544639668
2024-09-27,0.04355326617043903,0.052635050058890846,-0.003758440164752007,-0.0012818820956175898,0.0001036808172161774,1.7381782154490293e-05,0.012125016589499082
2024-09-30,0.0810427931300327,0.09882271051434773,-0.0007591724662112897,-0.0035803482243740572,0.00028728781253186,-0.0032730973891774546,0.03340083340706887
2024-10-08,0.05693354953647996,0.0683534852759105,-0.0022157384357484964,-0.0018097594222558746,3.5535024211885316e-05,-0.00319636969225544,-0.0038074921421488023
2024-10-09,-0.0727341510159098,-0.070307179921431,0.00047107423913917914,-0.00313547880622646,3.257266295134899e-05,-0.008115273766334884,-0.008515532290148923
2024-10-10,0.010741135983478468,-0.00788775294238431,0.0023592768111765873,0.000819328295384077,3.35586036888069e-05,0.003802352883305046,-0.006904433995077094
2024-10-11,-0.02810506893151153,-0.03946418977934466,0.0008020434472711904,0.002050312207885033,0.00010362975565006722,0.010765006182308372,0.012785369179503311
2024-10-14,0.01865106183860322,0.02471103736836449,4.333537973308651e-05,0.0034503978592648698,3.3554000232014506e-05,0.005823340950724522,0.004216679579903374
2024-10-15,-0.026723070140753508,-0.024279460307179118,0.0004982219356808843,0.0013435128502314857,3.4539706603367285e-05,0.004018389947652705,-0.010657460527745756
2024-10-16,-0.006423022540627824,-0.002087683430483844,-0.0004909995549674197,0.0005094742727721107,3.651210697467781e-05,0.011023356291443843,-0.0011245531870322642
2024-10-17,-0.011392251582426077,-0.007541063812084421,0.0016237108599762402,0.0004994246927320998,3.552401374375349e-05,0.004416218068493372,-0.02218340388843935
2024-10-18,0.03609234811039655,0.04018791017886939,-0.0008800848912126566,0.00020557298647593645,0.0001006445196947949,0.006789993150629809,0.011569346079867314
2024-10-21,0.0024915300909659896,0.011098123204629478,-0.00024540763052187663,9.787704693184998e-05,3.3545922397512244e-05,0.011581331748792442,0.002967349487529573
2024-10-22,0.005731812275791972,0.008602609780481416,-0.001480941282256013,-0.0003034500334076327,3.551798542355085e-05,0.001496433779406568,0.002040378079014413
2024-10-23,0.003926270276607195,0.003958711764871488,-0.0006797998468280224,-0.0011853159372744644,3.3543605704007174e-05,0.005864342160514198,0.002704869821267547
2024-10-24,-0.011177177364580673,-0.008688716641867157,-0.00012299188630816835,-0.00014703792134471518,3.5515532623219206e-05,-0.009076113640793394,0.0039006905090151127
2024-10-25,0.007003455834607467,0.014495973334457294,0.0006365004265348135,-0.0005393240929123575,0.00010259334276857563,-0.002503339091018516,-0.0018895816005606145
2024-10-28,0.0018790956202991167,0.01258491970220542,0.00030364153181872453,-0.0002844880460634889,3.551062803879993e-05,0.005000427120702276,0.004600103245744655
2024-10-29,-0.00997972633992566,-0.012178656471903256,0.0004986395914745538,-0.00016680649014038797,3.4523012797071984e-05,0.007718081308621509,-0.010681135250912334
2024-10-30,-0.00894686752404907,0.004289532702882263,6.502161971146235e-05,-0.00010794844000442396,3.550814123152814e-05,0.011433945382003607,0.006967463002004098
2024-10-31,0.0004530239425125411,0.01076072198251674,0.0010036862842952362,-9.814505847520057e-05,5.325984790629067e-05,-0.004331806268581057,-0.0001529120934880211
2024-11-01,-0.00012581939900094193,-0.011856686414363065,0.0009377886190511333,0.0005494883028567936,0.00010355269584038672,-0.010059767897979115,0.00013330928558128593
2024-11-04,0.013795735256005592,0.01636445788060496,-0.00012258392507445346,0.0005197734689311432,3.550131305924229e-05,-0.0067576238627839996,0.003694214387778901
2024-11-05,0.024880868736718693,0.030418545457103357,0.0004758300078965141,0.00015685966973979747,3.550005276082137e-05,0.00044971144274163913,0.0031083601627548457
2024-11-06,-0.0049998890596694955,0.002219221289026783,-0.00016579384654469322,0.0002842454527613327,3.3526670469403985e-05,0.001447696003772545,-0.007316305088602257
2024-11-07,0.029725569417709853,0.018320223980979048,0.0010519642437671547,0.0004996840337349299,3.549760243659927e-05,-0.0237759906310626,0.012175897567045473
2024-11-08,-0.010017412322692931,-0.0027322637126264027,0.00046078636887683357,0.00031339980277283395,9.761190991363147e-05,0.004637935686769896,-0.002545330346332738
2024-11-11,0.0064445010979677225,0.017107031691629422,0.0003814280568583929,0.0005188524666442636,3.253518606721286e-05,0.0006777478698580126,-0.0065482247868536075
2024-11-12,-0.01105958120553063,-0.01065951544506321,0.0011937208830086333,0.0004892368003651367,4.337860153993515e-05,-0.017203659938849813,-0.011642719788515474
2024-11-13,0.006283693876998217,-0.0005972870770612838,-0.0004672510984539886,0.00037165995498437537,3.4504362094098304e-05,0.00036180385457336125,-0.003424131560144654
2024-11-14,-0.01744272173902482,-0.02940520251693578,0.0006037909629168339,0.0001271151224706759,3.3517383202475195e-05,-0.020025896495674128,-0.00887228812025023
2024-11-15,-0.01753036837051014,-0.025484308531406742,2.8742859197929536e-05,0.00039102213683493735,0.00010054540964463265,0.0013873890338666007,-0.00714687845145527
2024-11-18,-0.004672616880109515,-0.015601514999491733,-0.0002802781239714534,0.0001368216336683197,3.2527232935773374e-05,0.011464193469713753,0.0038852668607820746
2024-11-19,0.006594651871298372,0.017542989304019107,0.0008334172022641087,0.0002149676091178161,3.3511800099319194e-05,0.014006724008563304,0.013002931866233216
2024-11-20,0.0022131519386049477,0.009339231316380783,7.181380120710249e-05,0.00013677351304533416,3.449626824641915e-05,0.0011797797403340536,0.00014674823779722469
2024-11-21,0.0008838911425221324,-0.0011831987181974734,0.0007393821829892664,0.00016605697746100844,3.548063447623285e-05,0.013695938201731008,0.0017988894532358463
2024-11-22,-0.03130941950042359,-0.03988654908485819,-0.00022247499939261555,0.0003906135612101016,0.00010446344725091825,0.012063074556350448,-0.006226665234913419
2024-11-25,-0.004619297553930254,-0.0027416995137862807,0.0007174836721519093,0.00048805248508971655,3.646108690891061e-05,-0.011995653902007498,0.0037771602526550873
2024-11-26,-0.0020117400690966287,-0.007768869012566899,-0.0002941060452818002,0.0003805156520777539,3.4488993826471665e-05,-0.015559228838885875,-0.005036731766326447
2024-11-27,0.017210214902123523,0.01974260875144853,1.434864333598362e-05,0.0003706196217238086,3.744384655168369e-05,0.01108275658834866,0.004127541538037166
2024-11-28,-0.008656537611727171,-0.007983632637497356,0.000717169791992729,0.0002924974427325366,4.926608316906244e-05,-0.003323839717290294,-0.005400682236383048
2024-11-29,0.011333915382443726,0.01627402802843724,0.0008097833734640649,0.0007016449964317893,0.00010739164907258115,0.005049232164544365,0.007408531774669777
2024-12-02,0.007840639537369383,0.01553341819727111,0.002225315843312954,0.0014601811271779202,3.448111100458254e-05,-0.002826462290087811,-0.0004044200790213676
2024-12-03,0.0010903234880177664,-0.0019720767049222726,-0.000600561972450788,0.0004862536200138529,3.4479922098414395e-05,0.005746073845151974,0.0035390699979553986
2024-12-04,-0.005413741244640967,-0.009065066825771101,0.0009721577662605491,0.0006317764304829946,3.1523459859969416e-05,-0.0013996747620194316,-0.0006680594702780906
2024-12-05,-0.002293521809102272,0.003926061528098338,-7.859528789562489e-05,0.000378874359109883,4.334313479907873e-05,0.00021935560161875822,-0.010358461990626379
2024-12-06,0.013017949990980986,0.01308637337266989,-0.00012862379700887986,0.0002913441669227098,9.94850908620431e-05,-0.0031261378822211817,-0.00039563364840684216
2024-12-09,-0.001651935235186182,-0.005544934663937667,0.0010713598007818374,0.00035920761129713797,4.432185348823332e-05,0.005081337480289314,-0.000251848388602114
2024-12-10,0.007277587255091185,0.007731338737261961,0.0023458372166019806,0.0010283675088439905,3.250144410100809e-05,0.003831873060649594,0.006336853745222372
2024-12-11,-0.0017408151899592815,0.00907246984967317,0.00023499336073859708,1.9392999127832382e-05,3.250038779143844e-05,0.00825236048756566,0.006600893128259334
2024-12-12,0.009889586737735573,0.008748962193235545,0.0017784611754504379,0.0001648253097842037,3.249933155069926e-05,0.0064176664029160215,0.006965298167655955
2024-12-13,-0.02392629226863913,-0.018774313760536707,0.002108709321661103,0.0007268463427701687,9.749165789337878e-05,-0.010201288021320937,-0.009577478095219284
2024-12-16,-0.005615258268965004,-0.012970221694658838,0.0007727893470256491,0.0007166376444608472,4.0372550019479376e-05,-0.006651779198766685,2.769880321548457e-05
2024-12-17,0.0026243782167835535,-0.010848744463199682,-0.0006522232536112114,-0.00015490516930173262,4.4309459239872034e-05,-0.0002185663735930511,-0.004342238095132902
2024-12-18,0.005054351143721678,0.006861119154360662,-0.00019858719461553418,-0.00033893873764737715,3.6430751299844035e-05,-0.00279513223116319,-0.013712959493678059
2024-12-19,0.0009184902652740502,0.0022877382252825167,0.0013396988744970864,-0.00026154554189737747,3.446030001471797e-05,-0.0032426983320629583,-0.004170651243872158
2024-12-20,-0.0036541298723568334,0.00264856690871615,0.0018046905608288275,0.00042618727701195945,0.00010829606974632236,-0.00440798218143659,-0.0009714751398530638
2024-12-23,0.001468228063029851,-0.016792456527202744,-0.0007073336646201012,0.0003292021718344434,3.543980303707871e-05,0.010630756631533522,0.005935526304924987
2024-12-24,0.012626960784653285,0.013059118857662992,-0.0008069711414848316,-0.0003001505616470916,3.543854710204621e-05,-0.003351102347098471,0.001974723386210665
2024-12-25,0.0004909782840741981,-0.009377925913054006,-0.001190408847563919,-0.00019369334530208994,4.8233782261279296e-05,0.0006913472271586403,0.0002048904546294064
2024-12-26,0.0004171420920047573,0.00795760167331392,0.0002977350888615958,-0.00017435609370281327,4.527857644933545e-05,0.0020207129886806196,-0.0009163067053259305
2024-12-27,-0.0015467527420565189,0.002121387547760713,0.0014448822526745872,0.00045519920593451785,9.940881291902438e-05,0.0007567158893062981,-0.004569935092391219
2024-12-30,0.004633099343847349,-5.005965443202674e-05,-0.0009842764416066448,0.00017427675192239263,-0.015362610628580527,-0.003367573480537929,0.005425984256969623
2024-12-31,-0.01614906706906565,-0.029808971198684187,0.0010479731884939132,0.0005807032479321222,6.296231707395471e-05,-0.0027529848408093583,0.0029002910590632995
2025-01-02,-0.029563027637591423,-0.03209093071035516,0.0008347600196105682,0.0010444168172101492,3.9974016894269214e-05,0.011568792744400338,0.0013969976833824696
2025-01-03,-0.011898157359872747,-0.021369983130122134,0.00256358788265728,0.000705331075885107,9.792958870418005e-05,0.007793674647551385,-0.005708352761885906
2025-01-06,-0.0016854009408800914,-0.00021765548849824086,-0.0003527212480575701,0.0005117781505188594,3.896931167181089e-05,-0.004122414787737617,-0.0034657470120735847
2025-01-07,0.0073946092822957075,0.010502099484891362,-0.001503987969158592,3.861413857150184e-05,3.497116627708627e-05,0.0010654769849437473,0.0005004540514094953
2025-01-08,-0.0014951924623084099,-0.004119118326262798,-0.0002614868723755071,0.000173745174182302,3.297169380392396e-05,0.005293871321050566,-0.0001654449969776569
2025-01-09,-0.002479724368245489,-0.0009918399442555728,-0.002228945358419042,-0.00014478554872469633,3.197151338429621e-05,0.003189320965981859,0.0007140422556488012
2025-01-10,-0.012256043916987246,-0.016004706452655084,0.00036829543375855824,-0.00037654056221178166,8.591837759422715e-05,0.005429788251466414,0.005284973890670811
2025-01-13,-0.0027528365028103613,0.002179308428757049,-0.001793175782870054,-0.0003863427874393039,2.6972851826220934e-05,0.004796407803856684,0.023246764348943367
2025-01-14,0.02594048097741609,0.03483896279541509,0.0022321200581550526,-0.0003285087664086271,2.3975257535259913e-05,-0.00703056837701764,0.0012181486041521663
2025-01-15,-0.006415871723308789,-0.008997638276964435,-8.494192101266194e-05,4.8316881444533976e-05,2.797040731099775e-05,0.003218235048600415,0.003906850152781896
2025-01-16,0.0010807473647277226,-0.012232458731635556,-0.000325677553783337,-0.0006089633795232099,3.296411855988019e-05,0.003991955958085627,0.008390929924844236
2025-01-17,0.0031839800938893684,0.0076225088172223055,-0.00016287856023031015,-0.00032880103965242185,8.590138526261393e-05,0.0009302553976927641,0.00310396197077027
2025-01-20,0.00457842294533812,0.00489513965664537,-0.00032583673034886166,-0.00026118374424792724,2.496994866804683e-05,-0.00034262500029265055,-0.007882938956405818
2025-01-21,0.0007397865160546514,0.0034692296641560287,0.0011541172462117132,-1.9349657995387635e-05,2.197303908192533e-05,0.0023307944213930326,0.0029599995231862583
2025-01-22,-0.00917108590129228,-0.004753224490582481,-0.0005450305033471156,0.0002128256482286807,2.69662517374472e-05,0.006992298056352975,-0.003966765150408347
2025-01-23,0.002159439385131857,-0.003933563690932961,-0.0008499908429418959,-0.000193475990233289,3.695257137887819e-05,0.0008564757357183504,-0.007659641820011444
2025-01-24,0.008260388380031585,0.011825394699881966,-0.0003685538555594699,-0.0002515747625726875,0.00012283251801620826,0.002210516176069853,0.0035872688604956923
2025-01-27,-0.004083304979370768,-0.010840552239827375,0.002527533391074547,0.0008125520383610611,0.00037140167617583916,-0.0036976975953001796,-0.00034369495848818733
2025-02-05,-0.005796225609209089,0.00433964124541665,0.000410033091173128,0.0005123421397471915,4.2921946446953346e-05,0.03756056692076591,0.0026176953104243257
2025-02-06,0.01244855869650935,0.023545830705263653,0.0011796744195533902,0.0005313984115463646,3.2938849029649085e-05,-0.0007325608002347336,0.005261431632732943
2025-02-07,0.012847385784204642,0.0147889776015291,-0.000861661081513987,0.0005214620368272943,9.681397202868761e-05,0.0023827518807098247,0.007794458287040297
2025-02-10,0.0021794960716220186,0.009388137571262145,-0.002192812700042518,-0.00011585695540885893,3.293457546879363e-05,0.015710927042909544,0.001871030130769493
2025-02-11,-0.0046151226915657085,-0.005161103972743422,0.0004884938557534488,1.931042473353749e-05,3.193552218348258e-05,0.0058018973061428015,-0.0029252656384078767
2025-02-12,0.009358490882164172,0.013872623522222113,-0.0005309828617294292,0.00010620067109497994,3.093656457662544e-05,-0.00497536242982888,0.002245645201366762
2025-02-13,-0.0036928953812786036,-0.006997053966265412,-0.000318725102299861,0.0001061893937101334,3.0935607535366004e-05,0.0053406703580291814,-0.016240182835354076
2025-02-14,0.008562591207944927,0.008276235464645652,-0.0017157770579992737,-0.00038619731300496544,8.880981384205805e-05,0.003964130615451369,0.006292694294865003
2025-02-17,0.0020797749456101387,6.728003635657643e-05,-0.0009655320050088651,-0.00028008634569021476,3.093190341702967e-05,-0.015120332052119009,-0.0055278311329549435
2025-02-18,-0.00879421377934722,-0.018246358463573406,-0.0008456059198870863,-0.000676393880266699,3.0930946663970755e-05,0.009587478101186818,0.0038855109385292235
2025-02-19,0.006912699100550953,0.017472364616884457,0.0010373666031426477,-1.9332263615316998e-05,3.2925440343202996e-05,0.0058814312287390055,0.003982717115095361
2025-02-20,-0.0028537769848517988,0.002320186655697126,-0.0018125411451186467,-0.000531783760253882,3.5917425841974064e-05,0.0032676801337201385,0.00875488224911112
2025-02-21,0.01254523293633608,0.016620973507779437,-0.0016519160994661049,-0.0008417631079160058,0.00010175903469380627,-0.008311137382030704,-0.0036321397465358227
2025-02-24,-0.0022111401289473982,-0.00216602404479672,-0.0014619416472280832,-0.0010168655272701464,4.189776944861087e-05,0.003010905393494292,-0.007975347049262982
2025-02-25,-0.01112963779763602,-0.010683542282386268,0.0008845517896844377,-0.0008142375697034088,3.491346697576692e-05,-0.0006379197956271331,-0.007190772612411789
2025-02-26,0.008667067601235357,0.011692732616944337,0.0005203785336539785,1.9394315526605248e-05,3.491224806804917e-05,-0.008575361154311824,-0.004521614637337781
2025-02-27,0.002068966255279454,-0.003843673447658541,-0.0012336656762246055,-0.0005431830660441439,3.391358818059138e-05,-0.004176910249626461,0.0019067428340018824
2025-02-28,-0.019779990871119698,-0.02835159004391361,0.0012336656762247363,-0.00032022823813353257,0.00011569652813611908,-0.008437564544740463,0.0006426080703873637
2025-03-03,-0.00017569178686081124,0.004396135760446451,0.0019081121892253014,0.0003008233849790951,3.9892251035140995e-05,0.0012717320530957505,-0.0023294584937180937
2025-03-04,-0.0008286773027420401,0.00878527566929184,-0.0005549705581150169,0.00033953057799018316,3.590166534259486e-05,0.01183299890993363,-0.00993541133415735
2025-03-05,0.004436709078810888,0.0021380659497109785,0.000334442213994064,0.00010668580555468823,3.7894804028538606e-05,0.0027073965127747323,-0.006620327504417612
2025-03-06,0.013711434663830785,0.016313412217914033,-0.001815871208974772,-0.00019398265855854324,3.290748062114657e-05,-0.0028605757480973035,0.0017110008740817827
2025-03-07,-0.003113266005397559,-0.00565784106072017,-0.0026335243405671595,-0.0013103681096921181,0.00010170718510204992,-0.00035240131212835806,0.0015250673407997788
2025-03-10,-0.0039176841578285404,-0.00018304503791048682,0.00010004359050509791,-0.0003108576782591806,3.6891226223644746e-05,0.0036405950816777383,0.001963629767393866
2025-03-11,0.0031502339115877377,0.005162308437518044,-0.002647378139100441,-0.0008359091484193276,3.29018373711201e-05,-0.007663694912456834,-0.005814618201780573
2025-03-12,-0.0035478185899357408,-0.000629337063881117,0.002990308770452895,5.834192257746043e-05,3.389773055015191e-05,0.003946474414091048,0.0014767690981843426
2025-03-13,-0.004034472773298957,-0.007866919018261772,-0.0005215869221370877,0.0006318194178738726,3.589046231300886e-05,0.006385698229468998,0.008498792229237708
2025-03-14,0.023990598182118628,0.017741466584692243,0.0009429447718759283,-0.014288753576176694,9.071737009591772e-05,0.013071290496016791,0.007285396679129105
2025-03-17,-0.00246368628476427,0.0012950715328832207,-0.002631034841781919,-0.00019716088391930764,3.289547463228074e-05,0.003660699620147054,-0.004607786286680899
2025-03-18,0.002707285711074304,0.004087310521438724,0.0008300952939386471,0.00023658839644268608,3.588473822450859e-05,0.007653041492174503,-0.0019304758556940827
2025-03-19,0.000584396627131478,-0.00520195509804515,0.0,0.00047300893686269075,3.388995930545002e-05,0.009716496009990031,-0.006231315376608437
2025-03-20,-0.00880201281809007,-0.0068626994265813,0.0014438681011948627,0.0008862891655225323,4.584929338065745e-05,0.0021611458069266884,0.0057728227815319515
2025-03-21,-0.015268227760513247,-0.01465562832463989,-0.0009504311599316366,0.0006297725155009615,9.767192009819252e-05,-0.0037076859164825965,-0.0031479252675233322
2025-03-24,0.005074006657730625,-0.0005531576221170115,0.0003788515126105586,0.0005802204016819092,4.5842713657571074e-05,-0.0009585819621030577,0.009044833479799983
2025-03-25,-0.0006204320887951199,-0.0035945884776032114,0.000657288423238047,0.00070760978274676,3.288586959258015e-05,-0.001860795362144212,-0.0006919517639750488
2025-03-26,-0.0032822786579189533,0.0003701335888011554,0.0011777513451177073,0.0004616419802939065,3.388127999807672e-05,0.004454218954118459,0.0024315094597964
2025-03-27,0.003307103333647777,0.0015463487407765986,-1.4267472303578465e-05,0.0003829028995222198,4.1851761068565594e-05,0.0020140993717011856,0.002096794241902004
2025-03-28,-0.004378661057323284,-0.006994390889923914,0.0003851503203704183,0.0002846276549702774,9.366188067939495e-05,0.016517504400550467,-0.0005600211622880061
2025-03-31,-0.007156471339832816,-0.009943396533605474,-0.00012836695852123288,0.0002256815838689146,3.188289413247722e-05,0.013316884271197241,-0.0072300413431801505
2025-04-01,0.00017577119657552736,0.006011854441829417,-0.000563583262940451,0.00012753663016445998,3.487075156287589e-05,0.006932338295748428,0.012336927577774638
2025-04-02,-0.0008540353687816696,0.0011030691894273654,0.0013620434180010097,0.0003138670406526946,3.7858296401088355e-05,-0.004469265329569604,-0.0006432736220388526
2025-04-03,-0.005847085563172165,-0.009098406661037063,0.003457380248246619,0.0013622177832552703,0.00013747333985228647,0.0083547406776153,-0.008927563960943779
2025-04-07,-0.07326835786049773,-0.10062681268720419,0.003013663027771404,0.00181992574840029,3.287125971423922e-05,-0.032956705536562,-0.04366420757895012
2025-04-08,0.016989783566049244,0.0071104872340851145,-0.001750364515533261,-0.00015642261511847338,4.3826665544787e-05,0.003753059217345074,-0.017598802185736735
2025-04-09,0.009792260465975552,0.021143458830901768,0.0013396229087163538,-8.799847474989636e-05,3.685275482214717e-05,0.015373502696288094,-0.015791055659583414
2025-04-10,0.013022216246695644,0.019064165191094395,0.0012317190406639215,-0.0001564608557688705,3.685139674680606e-05,0.017138537988088124,0.026298872916590138
2025-04-11,0.0041211357526133325,0.006675388019801702,-6.367241253397066e-05,9.779090356808735e-05,9.560810246106249e-05,0.021097330143650644,-0.0016240899139225381
2025-04-14,0.0022620032264933005,0.008001900270884637,-0.0006865045511680382,0.00016622259198852986,3.186733628178237e-05,0.006843564777421314,0.004100715198114164
2025-04-15,0.0005452350487528787,-0.004457447739793177,-1.4159693018159887e-05,-1.9554165037773425e-05,4.2820134033509226e-05,0.0006558362830547116,-0.001049439431283773
2025-04-16,0.003135814317254681,-0.008199929317298101,0.000828005015335798,6.843790484904517e-05,3.1864956317680954e-05,0.02415511190888738,-0.007002347507850003
2025-04-17,-5.175179838651126e-05,0.0003602694854689853,-0.0007572085551293706,-0.00012710269425940865,3.186394097491749e-05,0.005769758096139138,0.008464650109759551
2025-04-18,0.0003363388257260898,0.0006661565714231932,-5.663676718838619e-05,-9.777799506269189e-06,9.558573151259773e-05,0.0032821193820575245,-0.0004913264467557426
2025-04-21,0.0032540510622888273,0.014579757627675938,-0.0010554464490730175,-0.00012712009443565327,3.285548515163383e-05,0.019340077316016117,0.007869278798324112
2025-04-22,0.0003609084620650403,-0.003144517012316654,0.0005739043721111592,-9.779138164553846e-06,3.185883351132907e-05,0.026535914203387075,-0.0014433389554163593
2025-04-23,0.0007471819993348067,0.0018843445036708863,-0.0007723676995751248,-0.00042059343418327866,3.285335903492716e-05,-0.04792605340857513,0.012024111226652635
2025-04-24,-0.0006440892157382666,-0.005038780702478165,-0.0005743479359045182,-0.00021525576381500907,4.2807302932459254e-05,0.006847941049574684,-0.004978905864708633
2025-04-25,0.0008243598797513908,0.0038125825622922264,0.00011347759184343176,-8.807253268045077e-05,6.171893200331955e-05,-0.008650173124143732,-0.000582830166342988
2025-04-28,-0.0014430760634485435,-0.00515221534607265,0.00019146424109244863,0.00014678324544537208,2.7871817512982868e-05,-0.00931454075650697,-0.0023265506539227585
2025-04-29,-0.0017292781348685054,0.0012325281781801697,0.0009142679583530244,0.00020546035421223666,2.9861799593778028e-05,0.0021798300875725415,-0.007629773294587845
2025-04-30,-0.0009562577455447344,0.004826152459910022,0.0008143409422646256,0.00022497958160665424,0.0001781568730718453,8.014854200725211e-05,-0.008730501385011667
2025-05-06,0.009956987130921226,0.019092440830194412,-0.00014157688356307606,0.0003422631450234634,2.985558852061678e-05,0.015165463780587802,-0.007153488009394652
2025-05-07,0.005972757558816833,0.0016370606233554292,-4.247697394673144e-05,0.00018575094761945943,3.184497864662633e-05,0.007915124535966442,0.006214282773895013
2025-05-08,0.005557755173075033,0.004271581421275339,0.0014502752758624269,0.0006058947882958554,4.577538021732194e-05,-0.015031746529555363,-0.009696949462623505
2025-05-09,-0.0015196031695362499,-0.009033453650992,-0.0003606036969137172,0.0005176514368098552,9.154447475791383e-05,-0.0015515083903434054,0.002189083975475015
2025-05-12,0.0114664260482012,0.012561953376932004,-0.0013658158979720733,9.76400403052819e-05,3.0844620228132984e-05,-0.0339738586196049,0.015318755073902393
2025-05-13,0.001527310353353822,-0.0021086844096823913,0.00041772721604585027,0.0002635804985216649,2.9848726655438e-05,0.00599558288478698,-0.004689156151437046
2025-05-14,0.012061072536570659,0.003195856747278939,-0.0009135622123211836,0.0003415750546793364,3.581729597701701e-05,-0.0070533261441346395,0.01650429713370505
2025-05-15,-0.00893860700081091,-0.014453729490597677,-0.0008151201690300654,0.00025366596231513186,3.2831394377017356e-05,-0.03017954518007507,-0.015485203541606266
2025-05-16,-0.004649775889113656,8.748829849577886e-05,-0.0002836758738512117,-6.82883524725194e-05,0.00010047726710305564,0.014247479107149507,-0.006213521897233877
2025-05-19,-0.003036503079710764,0.0009443862191918464,0.000815351337502172,0.00031213726489550363,3.083753246275314e-05,0.01058504930939856,0.001336506172626317
2025-05-20,0.005564063578976125,0.004656403108210121,-0.00045367870402233734,0.0003997835371682585,3.083658153853916e-05,-0.0012997250284520103,-0.0006201498963652425
2025-05-21,0.004886815349944883,0.0018947136220938544,0.0001417967062999989,0.00021445212438522406,4.675042287606069e-05,0.026541531782867105,0.008284007255771
2025-05-22,-0.000597104063120506,-0.009018892522599953,0.00014177660284487117,0.00033133557775227336,3.083418915030422e-05,0.005910817853986342,-0.008679605707685998
2025-05-23,-0.007970558781491855,-0.0086589770167082,0.0003047516474860686,0.00033122583084929403,8.354592793070772e-05,-0.002722695942172526,-0.005291050777795364
2025-05-26,-0.005660321272320345,0.003211861933471735,0.0002550695078234473,0.0003895370401592871,3.2819704953835146e-05,-0.003147702356827549,-0.00022612970728824866
2025-05-27,-0.005337393307017597,-0.003070464216809311,-0.00035428077830518305,0.00014603727870887584,3.082965076712056e-05,-0.006704993014105201,-0.0034989568205144265
2025-05-28,-0.0007611895221892312,-0.0022293397297286216,-7.795861818752634e-05,-7.788389462353874e-05,2.5856393591384092e-05,0.0012335221327545276,-0.007229567136454501
2025-05-29,0.005896735929394442,0.014821597862895929,-0.0008011997152887474,-0.00045769042424452944,2.6850162668712104e-05,-0.008803436700203471,0.007700163289612319
2025-05-30,-0.004628408429452159,-0.007902132282753728,0.001134253145097389,0.00022400233835230134,0.0001233026006479337,0.0076106043956757664,-0.01303554665253066
2025-06-03,0.0030121648330087864,0.004247930697496483,-0.00026926865379551943,0.00020448006147228784,2.9828990400195103e-05,0.012641848168791301,0.005123699245634023
2025-06-04,0.004287414199149061,0.00795565799770133,0.000467630750283024,-7.78922361307775e-05,3.082235535747141e-05,0.0010842140845387473,0.008822997723648269
2025-06-05,0.0024381366625558613,0.005960030117044101,0.0005523727381630514,8.762833906086102e-05,3.57925108185807e-05,0.0022583478231926993,-0.0046610521253539145
2025-06-06,-0.00027619107576226616,-0.0007430640500188518,0.0008562825830951117,0.00021417028566507397,9.146392997060468e-05,-0.0016966251924000408,0.008707097049891683
2025-06-09,0.0029588045958261686,0.0077147323443604345,0.00013439101439472755,0.0003211694488407076,3.877022824717708e-05,-0.009889496506745813,0.0027424896187791046
2025-06-10,-0.005171083641797502,-0.008406450773379861,-0.00016268616107145874,0.0001070335648548822,2.982222969112022e-05,0.0004590128604189958,0.0005584287460869414
2025-06-11,0.007871490343546735,0.006380212014327778,0.000431414019159518,0.0002723973905608873,3.280342547577187e-05,0.0026285120914514948,0.001735804410699981
2025-06-12,0.0005242333207915609,0.0011166563319416837,-0.0002899462912491111,0.0001847988372660627,3.3796343238957445e-05,0.007523723036392469,0.0020939370745219157
2025-06-13,-0.006685805726088737,-0.009072312523134961,0.00018387813175066924,0.00019448820490331712,9.14432024048205e-05,0.014603253059886816,0.014000076180089551
2025-06-16,0.0024591616116963963,0.0047016611536415814,0.0002474748737251153,0.00024305707585882243,3.0810500022172686e-05,-0.004883788960252716,0.01009846356284281
2025-06-17,-0.0007521625025541696,-0.0025900934825910144,0.0011375962619215565,0.00023327922657107565,4.7704707867193554e-05,-0.006424744004717497,-0.004071903240038418
2025-06-18,-0.020960558538445882,-0.0005361234941852083,2.8246792225502685e-05,0.00030123848112077343,4.173975264845716e-05,-0.0017193699880644593,0.014566667595056726
2025-06-19,-0.008204039996992749,-0.011745495611492934,-0.00010592958517273908,0.00025258167751358645,3.6769291087123555e-05,-0.0056855960144562775,0.0052382728753161065
2025-06-20,0.001857585673471258,-0.005792843625572774,9.886796191746444e-05,0.00020396171417981694,8.247754603173361e-05,-6.708212867536094e-05,-0.0031676756074851178
2025-06-23,0.003062631880055221,0.006265321782247979,-4.943275909954721e-05,0.0002815930416576977,2.8815852297755627e-05,0.000710841706713868,0.003163687372777319
2025-06-24,0.011929078711626897,0.01610502851309805,-0.00033903333446185896,-7.767291937568296e-05,3.0802234257390295e-05,-0.01176008158788773,-0.02403247724912443
2025-06-25,0.015045457130204477,0.01689979109846582,-0.00022608609737469464,-6.796875381906407e-05,2.782055740649472e-05,0.003291102780301411,-0.002085651479063817
2025-06-26,-0.002504446699611138,-0.003832851853262698,0.0003744273248524908,-0.00013595136846286304,3.080042862518554e-05,0.0027680463801924215,0.00118649213241647
2025-06-27,-0.005431106357502457,0.004831050103860506,0.0004166504892361147,0.00011653087595838948,8.345445825503825e-05,-0.013439055481187817,0.0015689161764536961
2025-06-30,0.004553066086849932,0.00892246790664831,-0.0002612689920345183,0.0001553533807049717,2.4836291585383203e-05,0.0013930051554011367,-0.0021169824162048136
2025-07-01,0.0016550897777232309,0.0031626267774660004,0.00018360155689190933,0.00028151650212377707,2.9802735694563447e-05,0.010980246993758554,0.0011898216466970915
2025-07-02,0.00022548196866120773,-0.006940746747593823,0.00047297178934403993,0.0002911405938483756,2.9801847517966887e-05,-0.0027980742645465234,0.007174268661464794
2025-07-03,0.006292941231683101,0.005051066678262783,0.00016231188617354128,0.0005335377070946569,5.860770931469536e-05,0.007000723265995813,0.005078731079015499
2025-07-04,0.003578265875998639,-0.0015243777712528892,0.00013406386399192975,0.0005041739894851056,8.343555849547665e-05,-0.00549933318394562,-0.003436957514116202
2025-07-07,-0.0038272326651151724,-0.0017449961641990534,7.055494996048837e-06,0.00031013462029329275,2.8803516812126855e-05,-0.005421022396659491,-0.004677022544486711
2025-07-08,0.008380906977761872,0.013146449827013903,-0.0004516520662232463,-8.721564072676343e-05,2.780950489326628e-05,0.004826146424273344,0.00563651542291398
2025-07-09,-0.001655731803793835,-0.003769422362084137,-0.00019060191436134284,-9.691096305304883e-06,2.780873154607027e-05,-0.010563693935035593,0.0005420909470065804
2025-07-10,0.005155858620870677,0.005177231795045791,-0.0008334275541745029,-0.00027138883401528664,3.575294713915079e-05,0.008261978818819743,0.010732548151154016
2025-07-11,0.0026538902417545776,0.0077323584691235256,-0.00016252866370078238,-0.0003102488802602054,8.44116089304485e-05,-0.00010844663758267848,-0.0021389182989046598
2025-07-14,0.0011037122639139798,-0.0010187650820333914,-0.0005725939723040839,-8.72748430818117e-05,2.879762469450092e-05,0.009941606293229807,0.006486742555649268
2025-07-15,0.0004901480345165131,-0.0003288554216787895,0.001081291294243404,0.0002811916727615231,3.078275073924891e-05,-0.0017733359475511138,-0.006045767110835146
2025-07-16,-0.0024777080395507706,-8.22307559938004e-05,-0.0002189907361542278,0.00026172808540195143,3.47535797462985e-05,-0.004690288397826326,0.0010455370345446196
2025-07-17,0.007390401687369925,0.010959103418202677,7.771187971280468e-05,0.00025196972620161344,3.078073344772812e-05,-0.0019337265408613505,0.0040037773651988556
2025-07-18,0.007094123675631968,0.0029076634928168767,0.0001200883003651056,0.00020346767114259583,8.538675239646777e-05,0.0033242375413682812,0.007730297732823031
2025-07-21,0.006707548190305832,0.010118783333306637,-0.0006641983229398254,-0.00022284770389534547,2.7798764743804527e-05,0.004912030870295437,0.012145436508881101
2025-07-22,0.008238186305024892,0.008458298818278389,-0.0006009849262972823,-0.00017443719820580463,2.7797991993883597e-05,0.003858835884109842,0.007485624609997062
2025-07-23,0.0003099998832518809,-0.0025347747819113786,-0.000622576922506173,-0.0006301655604934551,2.7797219287259563e-05,0.010363614225957104,-0.0035644564244702104
2025-07-24,0.007150948094356701,0.015521867587477504,-0.0014943504305291008,-0.0008343682570361715,3.2760016501983304e-05,-0.016830223824544757,0.006671516826904561
2025-07-25,-0.004793327007789041,0.0011309375420035686,0.00012048064705621275,-0.0004077353271770869,8.139903099932978e-05,-0.0015355813305822218,0.004238210395417554
2025-07-28,0.002304613809443002,0.003838776307165667,0.001126146185117913,0.0003397909832749356,2.3822853264220788e-05,-0.0031593896529258925,-0.019957403333290824
2025-07-29,0.004073518327037695,0.005162972294223537,-0.001551436806781954,-0.0003980524608024712,3.176292155626137e-05,-0.005342313149286902,0.006505546372258209
2025-07-30,-0.0002127382972412915,-0.006477464760856127,0.0008858181108949877,4.8551466992199776e-05,2.8784276243672676e-05,0.0025662451200418514,0.0032038941825131197
2025-07-31,-0.01815390798676859,-0.014018663266267944,0.0007505594143948926,0.0005921381699277266,3.0768482555417975e-05,-0.0030421992470499658,-0.01277514701507494
2025-08-01,-0.005068189924325281,-0.002002893737328823,4.9545420774732556e-05,0.0004268984919637886,8.138303525493869e-05,-9.521801532030417e-05,-0.0019015987834732583
2025-08-04,0.0038879077239819446,0.007750809520542199,-9.201487816298366e-05,0.00034914508302570993,2.7787812267309637e-05,0.011254312056454328,-0.0022257504291328884
2025-08-05,0.007993801194188677,0.006593828232587529,0.00015571252667942288,0.0003102488802602063,2.9771799161715848e-05,0.0049243667321029645,0.0038671778922672287
2025-08-06,0.0024596733634010765,0.008683212978588414,0.0005660230664008034,0.00031984337639594875,2.6793861428827114e-05,-0.0009239855230100414,0.00020104741830197117
2025-08-07,0.00026232635934143867,-0.0032083756710023685,0.0008413670235052148,0.00017441691500686188,2.7785468400279256e-05,0.0037308735934206095,-0.001171373658135826
2025-08-08,-0.0020049653460762376,-0.0019362299543975497,7.067087868032667e-05,4.844374471101645e-05,8.732073208123016e-05,0.0014004950704199764,-0.004302850945399271
2025-08-11,0.004267652238726267,0.010804193550721066,-0.0010252168877984164,-7.751111803975055e-05,2.6790059698723923e-05,-0.009817985493962223,0.0048472962361798206
2025-08-12,0.005220333142337834,0.004166029787154461,-0.000254699562020185,-0.0004554991913690673,3.8695485878684496e-05,-0.002695673730822755,0.008178253525749107
2025-08-13,0.00789716625281792,0.014081617277698176,0.00033251149062824497,-0.00012602577728546428,3.17490239682058e-05,0.0018877343361870934,-0.00018779636669226957
2025-08-14,-0.0005871921813794045,-0.011912902813239208,-0.00022637878927439848,-0.0001745234544560239,2.6787454940372127e-05,0.00012123253087756276,-0.008160071366033958
2025-08-15,0.007046981531272698,0.021537587102506018,-0.0005520130924811246,-0.00017455391820899197,7.936602424035188e-05,-0.0019684780318553687,0.000496927734849183
2025-08-18,0.008779932368106128,0.01499904994802551,-0.0017855123210885383,-0.0012130212019320357,2.281656621678731e-05,0.0011330223230484851,-0.0015389110705611455
2025-08-19,-0.0037301805239107156,-0.001883030306791663,0.000503383670512344,-0.0003690502824331154,3.273590310479126e-05,-0.0018350609640060938,-0.003425663363190664
2025-08-20,0.011470371205637762,0.010819692988710392,-0.0006026723382108547,-6.799780466849697e-05,2.8767030207743402e-05,-0.0036531450875128845,-0.004674789519588782
2025-08-21,0.003916319547451638,-0.0035149938020572298,0.0006168484910866649,-0.00019430492332664327,3.273388984541191e-05,0.002274636091358711,0.003171867660250261
2025-08-22,0.02103483717230246,0.017785644927881282,-0.00014885962918904068,-5.8298839869640194e-05,8.33177939517734e-05,-0.00018935551554503775,0.002089202126013822
2025-08-25,0.020733017225597294,0.018697225437665537,0.0006378138791911617,0.00021374579876575953,2.7771055421051373e-05,0.0050596811734565815,0.007700569436636832
2025-08-26,-0.003711801847831575,0.0018449666043483858,0.00034000113661253177,0.00012628286406892751,2.5786718056413374e-05,0.0015868323170530167,-0.004150625401338583
2025-08-27,-0.014897194143916116,-0.014481829785273407,-0.00011332086815904428,0.0001262669187208983,2.776956812543432e-05,0.0012354467307914773,-0.006735045384744332
2025-08-28,0.01749031723197579,0.020701194822436014,-0.0006518443173175579,-1.942464210174416e-05,3.1735705051133165e-05,0.0022654924398551415,0.0021469923578018423
2025-08-29,0.007739266018173409,0.00475147092757283,0.0007014237772656235,0.0,7.735156189560144e-05,0.0023538863349574675,-0.00047582983637068965
2025-09-01,0.00599272246812847,0.009241229427164505,0.0005947618649762171,0.00023307080602348764,3.867353733946254e-05,0.016337006851668178,-0.0003173457230578112
2025-09-02,-0.007409292209538231,-0.02111993126034241,0.0002689427734299952,3.883985357864981e-05,4.164675225352136e-05,0.006627919055214045,0.0034576003553682027
2025-09-03,-0.006893485078456336,-0.013358200220393418,0.0009478003255857802,0.000281543832894637,3.7678900415215865e-05,0.011216672403513959,0.0018525948531776756
2025-09-04,-0.021418847693040075,-0.02534436100403348,-0.00016968925695617627,0.000427018640029044,2.577948230978979e-05,0.00023234800672473931,-0.004100854191581649
2025-09-05,0.02166037502522755,0.03209576810190601,-0.0006082897344164221,-3.8812342329866826e-05,7.733445967891593e-05,0.0028225851176076296,0.006300546018022693
2025-09-08,0.001623305757248104,0.01112377485472892,-0.0004175291534923753,-0.00022320020665899838,3.3708021124168024e-05,0.011809322306061028,0.0014991651161183458
2025-09-09,-0.0070166465139045,-0.009140001182043464,-0.0001415748791898753,-0.0001164720613958256,2.8750061343604598e-05,0.01304086110754229,-0.001337729679114512
2025-09-10,0.0021167762357983217,0.0005986402493521385,-0.0007931899397465446,-0.0004271803251337745,2.874923480144092e-05,-0.002715445756812017,-0.0003544046629494575
2025-09-11,0.02288588850610582,0.027406676360512253,0.0013239924193792394,-0.0002427974158858336,2.6765785991319053e-05,-0.0038974602358333083,0.001220198768240318
2025-09-12,-0.005613019637516656,0.0037638768039373934,0.0002193160884216994,9.713028570986426e-06,7.930182675900206e-05,0.004665069673593766,-0.0008028019792858735
2025-09-15,0.0023785852151957778,-0.001644953199477771,0.00019097805578727645,0.00019424076203437702,3.0727767347594184e-05,-0.0026955212753843067,0.006349676184316535
2025-09-16,-0.001924054510315026,0.007442869251875435,0.0011097799604409787,-2.913370916021038e-05,2.6762124854658075e-05,0.012596282432116843,0.006791528539464308
2025-09-17,0.006234313117645391,0.009648046852534191,0.0008403510195650419,9.710906326514164e-05,2.6761408662734458e-05,-0.008229160996239207,-0.002045857464716012
2025-09-18,-0.011680606944086782,-0.00859124720983816,-0.0008756753499076366,-0.014751607643846233,3.568076420644218e-05,-0.00879140401960654,-0.010996930005259746
2025-09-19,0.0008481856947642364,-0.003710579396535713,-0.0008128041836884299,-0.00011826388628901692,7.532187717574821e-05,0.002543194533226364,0.0023119852076990805
2025-09-22,0.00455482839308011,0.007298100873740039,0.00021916878558640146,5.913369143793396e-05,2.7748735204376463e-05,0.015286618362044799,0.0023379986250134494
2025-09-23,-0.0006927306853633046,-0.006417310307315361,-0.01077472559970097,-0.00041400929155043545,2.8738949752059454e-05,0.013191351846714288,-0.010944528301210463
2025-09-24,0.01031947543019528,0.020464867904621032,-0.0010438265050153304,-0.0006607984065684716,2.9729078906142497e-05,0.006988456535256242,0.007608470700014646
2025-09-25,0.006089827472343125,0.0026515753366374425,0.0001430543537456978,-0.0008587038049058846,3.270096601914215e-05,-0.005761025761669333,0.009538935960384999
2025-09-26,-0.009395970458083316,-0.01361485890928682,0.00048623178482602795,-9.874446413943208e-06,8.422483676516253e-05,0.0014586821740515767,-0.004237856667503815
2025-09-29,0.015237170596306665,0.015092380702883514,-0.0004576233696587975,-9.874543919577026e-06,2.6752287198299712e-05,0.011460291912586403,0.00043397602865848214
2025-09-30,0.004627436864975082,0.008526841553874785,0.001215101717701102,9.87454391962881e-06,0.00025757799554541275,0.010336196106834152,-0.007525411096761909
2025-10-09,0.014648903815501853,0.018303164048598136,0.0010352448207424782,0.0006909758828214946,2.9716269065118643e-05,0.04431783645355561,0.013048962542941772
2025-10-10,-0.019827141473997223,-0.0203013796414793,-0.0003068918658489922,4.9337155328358376e-05,8.716262868214367e-05,-0.015319684525176071,-0.008435969635843503
2025-10-13,-0.004928315869857856,-0.003071706676880565,0.0003425708548527756,0.0006313006976419169,3.26840271701551e-05,0.031796357667364425,-0.0010472539959502413
2025-10-14,-0.01206163195456577,-0.02511136214078274,0.0002568511490373371,0.00010846468252657924,4.258667503194943e-05,0.015021549527151212,-0.008544399431975127
2025-10-15,0.014889886596320637,0.013879747456963534,-0.00012841732795454316,2.957923537899338e-05,3.961388348272385e-05,0.019222791510081362,0.002841781206195607
2025-10-16,0.0028838018289129006,-0.008749461427119456,2.140403323417344e-05,0.00030560087777700636,2.970938281943261e-05,0.009447590975059527,0.001210933256737025
2025-10-17,-0.022591725378936715,-0.030016311738205865,0.0003566664564476526,0.0004335957969723511,8.12011431983368e-05,0.029518238727329754,-0.005879032563627276
2025-10-20,0.005378273129445674,0.00757849998667056,-0.0007134601692461381,0.0003743178593323036,4.257845204210393e-05,-0.023233309353469383,-0.0024416158547189626
2025-10-21,0.015242340052741258,0.016552865660217336,0.0002925802386489395,0.0003840226915981297,3.465554125125101e-05,0.013077515274350962,0.0040898067840175805
2025-10-22,-0.0032725601904135936,-0.00789624657718532,6.421347414950318e-05,0.00038387527478006615,2.7723568302415115e-05,-0.03962486088367214,-0.0003444691942004848
2025-10-23,0.002954274685631099,0.0018659945287919793,-0.00010702474779143072,0.00042307636175380886,2.6732712970839208e-05,-0.008074729181748428,0.007307337848284336
2025-10-24,0.012527316536175578,0.016258739025850233,-0.0004710450149190583,0.0003048975420354604,7.722382338983307e-05,-0.005981805132342373,0.0007545183033901922
2025-10-27,0.011792540349824096,0.016693663876539335,0.0008206167930549332,0.000373618598753558,3.464977737865744e-05,-0.005208841022784229,0.006874412938212175
2025-10-28,-0.004920953007307518,-0.005090364771274343,0.0014184348989453224,0.0007468186855238786,3.1678745841054245e-05,-0.037358545728838455,-0.009214487669215165
2025-10-29,0.011815112045047376,0.01889082529925571,0.0013595227393938252,0.0004910240896864849,2.3758400823223084e-05,0.017920860424969258,0.007062508756879208
2025-10-30,-0.008013260557557177,-0.012558597574187546,0.0006257555491112708,0.000471156403191684,3.3656768280371956e-05,-0.006606371865927005,-0.005708923911821906
2025-10-31,-0.014768663647591008,-0.007339974019547903,-0.00012085408306012894,0.0005788257846992401,7.522868037587302e-05,0.015952766910738107,-0.0016725735354780381
2025-11-03,0.00273201245920523,0.0001478663559686383,-0.00010664808630123044,0.0004314486937160787,3.761221803661443e-05,-0.0016690987904960067,0.001318614897748147
2025-11-04,-0.007520495520260733,-0.017135917167932203,-0.000263113919177522,0.0003234644045827171,5.344650797632898e-05,-0.00383698431000204,-0.008104437793624906
2025-11-05,0.0019012617426320357,0.0027991907456890916,-3.556124535856836e-05,0.0001665923537962306,2.6722182827754458e-05,-0.007132297734749672,0.000333053148844927
2025-11-06,0.01422862767253273,0.01606916576693106,-9.246515670544281e-05,2.9395769950932762e-05,2.5731797476415075e-05,0.00871669573861195,0.00469848361663243
2025-11-07,-0.003105042453870346,-0.0023912850440052005,-0.00023475764937556302,-7.839064019765865e-05,7.91706087444963e-05,3.416798118821629e-05,-0.002999261324651555
2025-11-10,0.0035418917374160663,0.0020557753681140875,0.0002774349379516727,2.939721020669668e-05,2.37499604179505e-05,0.018036199176976537,0.005352059854642252
2025-11-11,-0.009151182680922779,-0.007098867999749777,0.00017780243351702587,7.838833585569031e-05,4.4529655520907026e-05,0.012759272846897287,-0.0006339618693298939
2025-11-12,-0.0012811494291219063,-0.006577944959780198,0.00017777082543158913,0.00019594396065434927,2.5727341634792805e-05,-0.0020783822638314824,0.006321605139163265
2025-11-13,0.011970186483247302,0.015313035528914429,-0.0004195898748384574,9.796190261768572e-06,3.463191469816231e-05,0.01498221185904406,0.0013807159620486899
2025-11-14,-0.015781319169067852,-0.01619791303112736,-0.00016361663946579837,1.959209263197829e-05,9.993108720977319e-05,-0.011623575135356798,-0.0037633116091997485
2025-11-17,-0.006582521942532368,-0.00013620452492476765,0.0003200944661657598,0.00015672292398689766,2.671255950493483e-05,-0.01777127216377783,-0.002726563667350003
2025-11-18,-0.006305540351959851,-0.011728411096359423,-2.13364437134226e-05,0.0001664911983867744,2.869047283582349e-05,-0.015649275820955103,-0.005277764827640517
2025-11-19,0.004371242100838821,-0.0037557692376825927,-0.0001493678541818715,7.833920881404415e-05,2.6711079608958594e-05,0.01978361968363045,0.0062293706358250685
2025-11-20,-0.004948393341168439,-0.008516365145517872,0.00045514672155569683,3.9167303140167576e-05,2.769962526556835e-05,-0.0057523944651410195,-0.008886666392826844
2025-11-21,-0.02461189826318707,-0.03512769599583587,-0.00018487837189020854,-0.00013709227310673293,8.012673878075472e-05,-0.005966665381758898,-0.007646827977860611
2025-11-24,-0.0012060479276085766,0.007500808999663235,0.00016354799636819162,4.8963683645758966e-05,2.769663871779282e-05,0.0016277259519810949,0.00545549002806993
2025-11-25,0.009455767347523306,0.012344603899989183,-0.00027733629336463796,-6.854982840751141e-05,2.8684995721426523e-05,0.016599843535642717,0.003293131050993825
2025-11-26,0.0060457187081617205,0.0015147335479237642,-0.0007328222878248671,-0.00042119492642029866,2.7695077201936692e-05,-0.00041109969746501066,0.0010333135640138728
2025-11-27,-0.00047539815490077095,-0.001939837350502391,-0.00044137538980946366,-0.0004409754448139135,2.9672445872183748e-05,0.0029628007358687243,0.003554983480573401
2025-11-28,0.002504102854138972,0.011372806997596437,0.00041290543628481343,7.840984831708542e-05,7.813322906338671e-05,0.0044002282163964745,0.006398638346651667
2025-12-01,0.01089298016847749,0.009899966519929415,0.0004909931324021586,0.00011760324598507356,3.164716575168981e-05,0.010774736673451754,0.009281207190032517
2025-12-02,-0.004852873675768175,-0.0086955857900821,-0.00017786821435196098,-9.799742266841156e-06,2.6701517092877835e-05,-0.0037393439591806507,0.00012420431625973516
2025-12-03,-0.005113452186957197,-0.006205444745890846,-3.557743963773418e-05,-3.9199929445010094e-05,2.571189818224304e-05,-0.005073700181019347,-0.002782767305017109
2025-12-04,0.003419027296049353,0.0027003096446949707,-0.0011035289123094425,-0.0006274079435668818,2.8677875762514333e-05,-0.0008040489250840891,0.0014234434951320716
2025-12-05,0.008337122619013222,0.012103592424929385,0.0006693821994894753,-0.00010787539421750309,7.811831764789429e-05,0.0074976612408197574,0.0015611229273106964
2025-12-08,0.008162618334131245,0.01031214488882384,0.00019218654966858076,-0.00013731278894044794,3.262989541429894e-05,-0.002551454781795654,-0.0017010439498953095
2025-12-09,-0.0050168922236564365,-0.007208703677026223,0.0002917682242407153,0.0001373127889403537,3.065135615182807e-05,-0.007340148834926635,-0.013457425834608214
2025-12-10,-0.0013803504033965098,0.00465094650701962,0.0002490030995964679,0.0001176816712155453,2.5706864624187518e-05,0.003968390405806676,0.0039201165290198665
2025-12-11,-0.008600964334546312,-0.009935322773244324,0.00042671825863702865,0.0002647331358393334,2.5706203798239353e-05,0.0015390199482609344,-0.0023179715957148987
2025-12-12,0.00651621204783126,0.013604900354678992,-0.00041960479534069886,0.00013724144713244153,7.909186722222778e-05,0.01233613163752454,0.0014149944581998439
2025-12-15,-0.005851966638306339,-0.008292858127267839,-0.00020631098252300292,-6.861836916431988e-05,3.064641696671554e-05,0.012892972213849786,-0.0012734048789563239
2025-12-16,-0.012024452081629916,-0.016162108820442254,4.980309989730618e-05,2.940844904938576e-05,3.163402595652798e-05,-0.012274720761060582,-0.005355007966159668
2025-12-17,0.018259658377156446,0.019462692525643817,0.000590333484428433,0.00012742661959335772,2.669043103722033e-05,0.008034947543515681,0.0044854888813024634
2025-12-18,-0.00567843725463281,-0.005031178977181617,0.0002985902297867954,0.00018620970206351356,2.8666706538587706e-05,0.002889290697181456,0.004935586415622334
2025-12-19,0.003952700991753974,0.009707876955096457,0.0007602915053715051,0.0002743511123530323,8.401837140761764e-05,-5.362821703563111e-05,-0.0018465198748922166
2025-12-22,0.009380971654082533,0.011908881321644032,-0.0002770486522253849,0.00025468722587356364,2.8663476456607363e-05,0.017479765443981464,0.014143790916805319
2025-12-23,0.0019837507824472223,0.00014915355385987033,0.0006676278861873227,7.835225217768397e-05,2.7674301151369985e-05,0.014087245910026825,0.0047590557061044075
2025-12-24,0.002905204039123541,0.01323987473458537,0.0001845843662283682,9.79316829363708e-05,3.1626834976800075e-05,0.000810297049353322,0.012006857593743881
2025-12-25,0.0020160450358164485,0.00807562923460104,-0.00019168444539430856,0.0002447872566184963,3.261412597139828e-05,-0.004736015513956269,-0.0016068358697380384
2025-12-26,0.00316286932501915,0.00652200670114512,-0.004254901683399932,0.00014684359714882818,8.795400702899916e-05,0.00399846425447255,0.009881773116065811
2025-12-29,-0.003876420531604922,-0.003884269647838696,-0.0009559275364470799,-3.915618423492166e-05,2.8657499891906075e-05,-0.0030286180502765415,-0.004959016091832345
2025-12-30,0.002578969213280305,0.003923827392261076,-0.0005140103629145005,9.78918979794627e-06,-0.011453071116168634,-0.02228146267018799,0.004332459115042937
2025-12-31,-0.0045964547664491895,0.0007249481320563098,-8.569408644633499e-05,5.873312647896982e-05,0.0001389289380716397,-0.0071773841759774715,-0.0065342502878165875
2026-01-05,0.018776665759390625,0.024713501308937715,-0.00026426967087934614,0.000430604222660266,3.4979065033138656e-05,0.018875406868133337,0.005189224601344353
2026-01-06,0.015324714485078845,0.02116427278512214,-0.0010649285753286718,-4.8922961022911156e-05,3.89752312455316e-05,0.0094466436393666,0.01887919035291335
2026-01-07,-0.0029524073367653133,0.007697649743835257,-0.0004434589873117889,-1.9569854596698405e-05,2.698196255973799e-05,-0.003334399109007818,0.005224842412074405
2026-01-08,-0.008190053970044367,0.0024448060075537275,0.000686562707995933,7.827712061599829e-05,2.897981556045867e-05,-0.0034926380771514273,-0.014524391903191203
2026-01-09,0.004533294601621902,0.02045757093509989,0.0002787815121578766,9.783778503078268e-05,8.493600077452189e-05,0.007244360273312198,0.010352633939011362
2026-01-12,0.00654817063941515,0.0237493296727329,0.0004501752543951602,0.00023477163675184642,4.1965714017875474e-05,0.01990100016604418,0.0164232170332329
2026-01-13,-0.006016190432900963,-0.012944582205264803,5.7150613313127105e-05,9.780525026364865e-05,2.7976164309813278e-05,0.0012773547213189617,-0.002394458850469241
2026-01-14,-0.003853016469229921,0.010211280192643777,0.0006284412721380887,8.801654716770048e-05,2.697627436829623e-05,0.01254342144442214,0.009634115521718098
2026-01-15,0.001989846289673483,-0.0004542846290827806,0.0001356343585326315,0.0001857872741062468,2.8973706363590302e-05,-0.0036068478207701643,-0.005083714250528499
2026-01-16,-0.0035516722991863034,-0.006297514410062082,0.0009203997610292464,0.00024440436334565585,8.491809654692219e-05,-0.001600470353080781,-0.007320663546147196
2026-01-19,-0.02509476653641165,0.006871313333196662,0.0001140990809130588,0.0002638896370215996,3.4964179202022544e-05,0.012542412655976231,-0.0011440096581820513
2026-01-20,-0.00340111233584651,-0.0050679730592037954,0.00041350007005559384,0.0001563461898686966,2.8969393837407575e-05,0.010169663582043516,-0.0008882429524570817
2026-01-21,0.0009517867870244888,0.011346250303821212,1.425557392974268e-05,0.0003028511997980712,2.6970750223170585e-05,0.029248560966804973,0.00399455220534502
2026-01-22,8.455944534033968e-05,0.0054953001997718205,-0.0003350597257479644,0.00019533920715312025,2.7968898586529682e-05,-0.003799206158902573,0.007335410510854141
2026-01-23,-0.00417307177648512,0.02385455625552489,0.0006985082144893353,0.00022459292626701553,8.190441759063532e-05,0.02420496688064602,0.011332271692041363
2026-01-26,0.0008911521913756308,-0.009769403407520595,5.699954401904362e-05,0.00033191456433436314,3.795343114449819e-05,0.03024201194416263,0.01572810818917202
2026-01-27,-0.00031817748208227807,0.004995131430802941,-9.262590895795526e-05,0.0001854336957856165,2.6966036278944308e-05,-0.00027450908797452365,-0.0019773233351732564
2026-01-28,0.0025425897247143554,0.0061341735358225995,0.000633959597405755,4.879262646807718e-05,2.7964010320445397e-05,0.03498938518346823,0.014768638391127943
2026-01-29,0.007589209205692409,-0.009732802976585166,-3.560505449730475e-05,0.0001170925911002149,2.7963228356502805e-05,0.047888395049610795,0.02222286841216011
2026-01-30,-0.010025728520769524,-0.017337677690404996,-2.8484956384227794e-05,8.78104465725361e-05,8.088922225419982e-05,-0.0656752402327539,-0.025115810677279603
2026-02-02,-0.02161458163402725,-0.04076726941406364,4.9848141208813144e-05,0.00023412350121578492,3.9942881684327074e-05,-0.1222773644639863,-0.04471485462291534
2026-02-03,0.01165873539686215,0.030443307931430182,0.00029191779517449617,2.9261583931563242e-05,2.7959067926482948e-05,0.06360285807071302,0.009247201885928305
2026-02-04,0.008193619005892477,0.001445578990975625,-8.543053434876783e-05,9.753671038028098e-06,2.7958286238752257e-05,0.03786892053751525,0.01982814607645732
2026-02-05,-0.005903745874338135,-0.018641227582491867,0.0003559124208294403,8.777875857225092e-05,2.7957504594984557e-05,-0.03097689795279946,-0.021682380593184006
2026-02-06,-0.005293909379144848,9.729874370672591e-05,0.00043404168193043977,0.00017553440519391017,8.286943924584252e-05,-0.010628772714649569,-0.008637786884691113
2026-02-09,0.016136774346793743,0.0199874211472432,0.0004409641539154919,0.00026324384819513476,3.594123608290057e-05,0.020057734582002457,0.00974493536474034
2026-02-10,0.0011200931059583928,-0.000560447895997895,0.00017064361123281629,0.00024368253160534156,2.895172300389622e-05,0.0006004372113708169,0.0009464563895165281
2026-02-11,-0.002199104328692201,0.0024779026759747936,0.000398055221200696,0.00019490327986454025,2.7952592405095315e-05,0.005620961007769533,0.007546769598694903
2026-02-12,0.001353867189367256,0.011757466031351584,0.00034816838911713,0.0002533174861069446,2.8950075596529578e-05,-0.000457100220184053,-0.0034882666847525605
2026-02-13,-0.012679402305060452,-0.014903546753902059,0.00019179610002363157,0.00021429545580832891,0.00030642010235827226,-0.01221353397187112,-0.017060575806485827
2026-02-24,0.009991029479001582,0.01103908084836283,0.0003905820076566809,0.0006718107498980046,3.492792622777832e-05,0.03415937698204941,0.030050798964742647
2026-02-25,0.006043974442566474,0.015926887163454903,-0.0007102626139362827,-1.9466425283685716e-05,2.8939357578095015e-05,-0.0018090126630549786,0.007405521573241783
2026-02-26,-0.0019613431993760846,0.003456238000586126,-0.0006396679630756633,-0.00015574504567550447,2.6942786993405872e-05,-0.0009972690296186789,-0.007088439579951532
2026-02-27,-0.003362200648823405,0.011637474432032792,0.00039806370966567045,3.893853552667915e-05,8.082400577160098e-05,-0.0013648502844656857,0.0046130198586267135
2026-03-02,0.0037210131942266183,-0.0001945692300623899,0.0007388410478115685,0.00031145371270998977,3.7915183738444e-05,0.04813739626854543,0.026041944461954313
2026-03-03,-0.015482094750530966,-0.044745769183156744,9.231676017346565e-05,0.0001848797557068663,2.89343046632318e-05,-0.014598285566474451,0.007684549549746826
2026-03-04,-0.01153241282166284,-0.004354639526713953,0.0005608186679532877,0.00015566170850687722,2.9931158338142824e-05,-0.024732501345071947,0.014376738792521167
2026-03-05,0.00966608026589969,0.0069607378337479585,-6.387486206985394e-05,0.0001945430675849346,2.6937276553207248e-05,-0.003112233945626631,0.00151950054561224
2026-03-06,0.002830311936989499,0.00627215005117281,3.548653818565366e-05,0.00023340173406750486,7.881230852808176e-05,-0.008999708265035405,0.012723436442371104
2026-03-09,-0.00970348739209417,-0.00964463285727304,-0.0009443709452195957,-0.00011669405748740036,2.6934428136269655e-05,0.0008641136019661407,0.03811560042060424
2026-03-10,0.012760645762945248,0.015865897408362247,7.103634932974448e-05,5.834873093177574e-05,2.5936171084375962e-05,0.0038518375928127406,-0.02120243671169881
2026-03-11,0.006277350939129585,-0.000825695695495297,-0.000305492111088243,1.9448820429546302e-05,3.4913014228635816e-05,0.004903335776569872,0.007872887499877471
2026-03-12,-0.003655223382835785,-0.0054904882927929635,0.00041913977504082624,9.724268370309682e-06,2.693206387054893e-05,-0.003485564001533529,0.019369023858444023
2026-03-13,-0.0038609674772182917,-0.014328895887781903,-0.00026993429394953626,0.0,0.0,-0.013490464184233057,0.006358023651942883
