date,PC1,PC2,PC3,PC4,PC5,PC6,PC7,Cluster
2014-11-14,-0.0563066211570023,-1.916226813350586,1.1149578780238725,0.1561863614515058,-1.5107249683887631,-0.9020107787517824,0.2060254703141661,1
2014-11-17,0.81685081139005,2.1033266769495067,1.6507110935466696,-0.1290926264655386,-0.5923996528736494,-2.4399983049189014,-0.2155339649717851,0
2014-11-18,-1.1606381391982348,0.5031670803997759,-1.1238136846138838,0.2246797196704887,1.2632949401936997,0.2456686263750484,-0.3702211300341196,0
2014-11-19,-0.0618742259140026,0.2586098814876545,-0.0240304425082272,0.0803734853283671,0.152327099413971,-0.2244760482840373,-0.0964300800709102,0
2014-11-20,0.1144711718854147,-1.2438475725016125,0.8210152074198254,-0.00641323163122,-1.164602404327721,-0.2475703465701811,-0.0128656418740493,3
2014-11-21,1.4681205346614636,-0.0880089852474197,0.5584706257893508,0.1770717833281466,-0.5190918530926883,-0.6759413135355414,0.7474322695283534,3
2014-11-24,-0.0284676505770403,3.14588509381588,-4.583728837595423,0.6319686478655316,5.236025858410296,2.1772265425268738,1.188209882999529,1
2014-11-25,1.425695093715942,-0.8062681229607238,0.7719491379782483,0.0604665153400358,-0.9728043148059988,-0.3293585129528159,0.2427451349429567,3
2014-11-26,0.3134241234621606,-0.2084175548724708,-0.4618599098075467,0.3095028252444361,0.4887356162610499,-0.379655307487357,0.8220488495377134,0
2014-11-27,0.9085885251289068,-0.0952076913226664,-0.2423880092004823,0.0372760274957851,0.0574050661007076,0.9716512271573684,0.1220300746749167,3
2014-11-28,0.1120072376557148,-0.5864067173632458,-0.9769316205539048,0.4175399100475772,0.8504621988650982,0.1331441879992212,1.2416700918246386,0
2014-12-01,-1.409703671495821,-3.0597131016067447,-1.209568873437339,0.4015786046054284,0.1406115230637985,0.7456180557250314,0.5343098993537425,1
2014-12-02,3.438386180660657,2.5720580592584774,2.022926522021119,-0.1123847166951697,-0.76588988666248,-2.856970964999147,1.844342038682008,1
2014-12-03,2.575244164878285,-13.496631638213136,31.162141468253324,-11.858249065268204,30.186446513881812,2.344323363845707,-0.0541117759309891,1
2014-12-04,3.3200694904422194,-1.5751490485147996,1.2134228838133685,0.0880263486205666,-1.6091900204495893,-0.8395944626086556,1.7590727840149256,1
2014-12-05,0.8396937856479612,-1.4254739846252018,2.934497270348117,-0.1604730045540914,-3.145722516695977,-1.606174227136114,0.7618266460244104,3
2014-12-08,1.7576776930956,-1.8794746949652144,-0.4897651360575977,0.401516015188396,-0.0782076319032732,-0.1997556565096017,1.9197413738065272,1
2014-12-09,-2.814667171015251,2.020188001676292,1.020329087568283,-0.2898318753410383,-0.4339684028430086,-0.583507690236502,-1.3724721419854682,1
2014-12-10,2.3881807601989324,2.903409831654852,-1.8369716855107776,0.369059569180563,2.7341794852866466,-0.0098086167525015,1.3607712566948225,1
2014-12-11,-0.2110247465119865,-1.905849516961289,0.7116564221236648,0.0664438479513371,-1.2649307345843537,-0.3237546798761294,-0.9566970901114163,1
2014-12-12,0.5513384820132655,-0.0966277285374992,0.1540510967818687,0.1344112699351987,-0.2265262982432952,0.356057407506047,-0.1316306942271953,3
2014-12-15,0.8620987630149963,-0.3990578715504181,0.3277082972967356,0.0809867218319819,-0.4046751680445435,-0.3047928857789894,-0.0292312067831398,3
2014-12-16,0.0823647497086503,-1.477503141631269,-1.9931251871713564,0.5151563286455172,1.3434950524446991,1.028286501705087,1.458264839908583,0
2014-12-17,-0.1259433016424168,0.455474380691785,-1.4020004233747378,0.2881673639364156,1.4882059068729547,0.4518933294820322,1.349205815320139,0
2014-12-18,-0.1315685130112091,0.3888194413836806,0.1200224460913981,0.0387433607345905,0.0401236348385524,-0.1852574247856991,-0.1534383798063306,0
2014-12-19,0.2999344994894987,0.880331923712946,-0.7549367791123281,0.1898544430029737,0.9505132286766308,0.8579824696862649,0.6475127679498766,0
2014-12-22,-0.8593832066589451,-0.3240940061871374,0.3808613177800711,-0.0618006122787185,-0.4571978419387613,0.2155164079758565,1.1328261413901053,0
2014-12-23,-2.545967929305313,-0.5651292316070016,-1.176239900205781,0.1760733257970482,0.8871062416678028,1.00548791185777,-0.5294170307143099,1
2014-12-24,-1.4383288921666295,1.2701167417527497,-1.2031118620055778,0.0871463119840616,1.4530300429841745,1.1618264726292384,-1.954894607449488,1
2014-12-25,1.938909494920104,-0.6504997884664643,-0.2223828219990708,0.2419602414686714,0.0600719565549172,-0.2630400262101784,1.3156266289082073,3
2014-12-26,1.727867454035938,0.1436864574632151,-0.360517298110449,0.3197437847864184,0.4981753400407308,-0.2489759160961531,1.5646688032603255,3
2014-12-29,0.4819424346582158,0.907904098554782,0.5704638871385229,-0.1317149569662887,-0.2863098938175364,0.2234350417086716,0.1992686432709018,0
2014-12-30,1.0806638990210349,-1.3113511320689475,-6.290157732620656,-22.770323142131595,-2.9672130930015594,-1.3160467890574303,-0.323365204588273,3
2014-12-31,1.3824050662336995,0.6927022712395013,0.2022385243873514,0.3997579886933041,0.2562253446892145,-0.7932836502987008,1.1069724014576348,0
2015-01-05,1.010789871686793,-0.6999310675383641,-1.086927316235727,0.471030451129069,0.9766163044288336,-0.6401652362326361,1.6060324724210038,3
2015-01-06,0.7564618644913794,0.8915551640408165,0.3727967743913076,-0.0719302530387654,-0.0826560810832168,0.0384484855462406,-0.4704632423444154,0
2015-01-07,-0.3580804132803467,0.2765160663604327,-0.4753033750476232,0.1537381129118987,0.6060242481847714,-0.1654732908474199,0.1157277950146288,0
2015-01-08,-1.247542458201399,-0.0558730664629215,0.5449432505497265,-0.086581792932429,-0.5140744736147614,-0.0462102301858458,-1.105088154343433,0
2015-01-09,-0.494095243907283,-0.2380422986956008,0.261022257259032,0.1586337187440636,-0.200169475025436,-0.4213414836836925,0.0890181019144895,0
2015-01-12,-0.881798262602066,1.1385509700184508,0.1712896621687031,0.0110390127483035,0.3396426048507062,-0.7476402195605947,0.0863032067066334,0
2015-01-13,-0.5582333224563472,0.92206108341569,-1.432374911449387,0.3541223522746486,1.7944346029277622,-0.3236756830526868,0.0911753331683506,0
2015-01-14,-1.165041698351419,0.069402739320203,-0.8978402670759347,0.2742642353268377,1.0426672423645125,-0.3990375733499205,0.3185119843428448,0
2015-01-15,1.7571697662724362,-1.2922697316940497,-0.1891868285381451,0.1499054621267276,-0.3594142241318235,0.8287737339579455,0.9365485232242344,3
2015-01-16,0.5203742304380459,3.189592404864193,-0.998256957661378,0.3254583799729008,2.1983470150221613,-0.784843040085235,0.5080986708419809,1
2015-01-19,-4.01700998321786,2.6865891772084094,1.869637585750884,-0.6027979409388305,-0.8653224862256528,-0.3081749218914106,-3.389708585761039,1
2015-01-20,0.4104308383504523,-0.3609556771754685,-0.6491706218276436,0.3535061840408459,0.6350565000945354,-0.6685968103696931,-0.4393625366569932,3
2015-01-21,2.930564216678477,1.26561147048403,-0.5521655276225166,0.2361382419027816,0.9980392193808972,-0.365804164513453,1.802936788453268,1
2015-01-22,0.2209993323098822,-0.8217075792289328,-0.8444821987131262,0.2065656867926108,0.4303317419227167,0.9951790590791192,-0.185609290138811,3
2015-01-23,-0.164359658283864,0.8837151824042769,0.1410982363333502,0.152925854597561,0.2858814882236132,-0.4377461771273138,0.4392058557142133,0
2015-01-26,-0.0515588623905141,0.1540367331521945,-1.4455976432193245,0.4815873271096919,1.6120586203603078,-0.6782362827863987,0.4913889757945047,0
2015-01-27,-0.047116024297406,-0.694951597535797,0.4145674449685793,-0.0711106777603755,-0.7574248710284076,0.8256173851732168,-0.8971731068470956,0
2015-01-28,-0.3852122580811952,-0.534430082747516,1.4931399194689838,-0.1110158897719088,-1.4768379326724828,-1.0596223356571994,-0.5632622292018277,0
2015-01-29,-0.7465503697688729,-1.0419731386125644,0.6977034914714537,-0.0137267783711964,-0.9740777385066968,-0.1967278032930481,-0.516245509188635,0
2015-01-30,-1.6501946851562488,-1.4780403566482148,-0.4483964692836981,0.2785063600400727,-0.0331544519996371,0.6024472137148384,-0.349622040443205,0
2015-02-02,-0.7550155146942743,2.9278143436898243,-0.0182018663543448,-0.1320420642687673,0.9498424613575496,0.2217394864636514,-1.2329528584068472,1
2015-02-03,1.6925169871405996,0.0068328115010207,-0.3643836932613353,0.2182308243775922,0.3138301668085207,0.3800623448312346,0.7692877136461524,3
2015-02-04,-0.7980720285288609,-0.8591448761834375,-0.2788418248930407,0.037000024962203,-0.1507574460722263,1.1145918549043006,-0.6899505267823763,0
2015-02-05,-0.917590643422584,0.620951061015537,-0.422368525706472,0.0865484962553563,0.6411176923414141,0.1205532374090308,-0.330188991399002,0
2015-02-06,-0.576221379420849,0.3143788559905578,1.0405058408454435,-0.1825831057073011,-0.981377992063919,0.799034293861096,-0.7694899791689428,0
2015-02-09,-0.5273613412145233,-1.572258921080164,-1.3798983691860218,0.2866119212933611,0.6786973579986117,1.4959251911455205,0.5827113287257726,0
2015-02-10,1.0884153815702382,0.0106151378435791,-0.4242874077000852,0.1886925254495633,0.4199487614151271,0.0400663577891125,0.6666712444478476,3
2015-02-11,0.0019064673884904,0.2556561279750201,-1.6130972576444564,0.3100002704604536,1.5429974230140369,1.1650650956015751,0.1459261632022168,0
2015-02-12,-0.3545673174127298,-0.698581527488237,-1.1788018886573426,0.2701572459535896,0.8219935182919049,1.0614802048634988,-0.0726553677845407,0
2015-02-13,1.1372588208667929,1.2178266259095027,-0.2148283756515845,0.1535714021775718,0.5660003013570635,0.6065712887128446,-0.1766261682857945,0
2015-02-16,0.6201356028144089,0.7705876379306799,-0.8914874305979887,0.1942201259572879,1.0926192550302665,0.3623995999274145,0.0732718326493538,0
2015-02-17,0.1814237631489898,-0.8489404079900988,-0.0820754435070904,0.594395502517873,-0.0177079267039586,0.0866184857583886,0.2366934907703325,3
2015-02-25,-1.523534522743759,-0.4856708324411201,-1.2233065277146682,0.2517900859081864,1.0024656636137348,0.7466095188157991,-0.5247800717477186,0
2015-02-26,1.95360388510198,-0.3908016652542042,0.4258807771926149,0.0288020441533956,-0.5914995993417304,0.2431594807553325,0.8261482629032875,3
2015-02-27,0.3379797648265736,-0.2445647274988586,0.284760084931127,0.2004226823190508,-0.2622430009086059,-0.2433137977004925,-0.0825049781362095,0
2015-03-02,1.3002084237798457,0.3668018729347801,0.6962359104680691,0.0462457111574479,-0.4356959201750776,-0.8942223601584341,-0.0098471899917042,3
2015-03-03,-1.6000615883771636,-1.3293218348380058,0.5883628156080157,0.0289781887373177,-0.9386397052563228,-0.3682021103848675,-1.2258627607643575,0
2015-03-04,0.2439269735477682,-0.3244909939782,-0.7121504783449771,0.270861072999405,0.5916525048706527,0.185620162444147,0.0758901203637459,0
2015-03-05,-0.6315966176884064,-1.6542753030128718,1.0204635206422408,0.0767954992451028,-1.337703522810033,-1.203735837218267,-0.2862264583071716,0
2015-03-06,-0.7828624991872533,-0.4440258622317781,0.1518790193350409,0.1965323213153568,-0.2054861927377399,-0.1009679253614018,0.1086535612175945,0
2015-03-09,0.8986079794356208,-2.812194669623249,0.1512900211432838,0.2734083894484265,-1.086541545411282,0.4616429463196365,0.4529119956597042,1
2015-03-10,-0.7130070106861985,-0.7478034111566491,-0.8604239740691266,0.2824184849389886,0.5935400073010482,0.2274355815804411,-0.3516059836336206,0
2015-03-11,-0.2489652490992827,0.6022790333888596,-0.8224439771936839,0.1154985081894378,0.9164034104755648,0.8433003246871669,0.0330658095836627,0
2015-03-12,1.0618789447414052,0.5677827469863553,-0.4308942622074977,0.0703073872162606,0.5036773161165794,0.8045730739615613,0.8257640550543572,0
2015-03-13,0.7087604835774239,-1.533372550891752,0.8860614150720942,0.2182797980085689,-1.2092887178632283,-0.6941844321188162,0.1447318698139436,3
2015-03-16,1.6881683239341023,-0.9693766059786936,-0.015848818012943,0.2937931770925302,-0.1751962288737655,-0.8201747877278669,0.7656081837544557,3
2015-03-17,0.5200270802008031,-0.8980548496299672,-0.8375166383092126,0.2867109999369053,0.4774322812124224,0.4141409249897472,0.3960884560566618,3
2015-03-18,0.8630917001031242,-1.9210844798400035,-0.3642348979427694,0.3714781529761128,-0.171050688094167,-0.5690956287969177,1.093477014589999,1
2015-03-19,0.4698125140719723,1.4210025342309336,0.3333671091263888,-0.0028343358492673,0.23094872754909,-0.6289086703887776,-0.2099817744337972,0
2015-03-20,0.4035596116838512,0.4843689995881901,-1.2392902432187345,0.3865147253564104,1.3433694235662952,0.6739107049289712,0.5115395650145824,0
2015-03-23,2.3084959127274542,0.7193866312752955,0.4347288274585151,-0.0093123023176601,-0.2228355513011334,0.0628899614495532,0.2386002224645815,1
2015-03-24,0.4488090791698809,0.3862317843664389,0.3191134854786255,0.0247565249115504,-0.3993645455691683,-0.1209290205918552,-0.1553234162081545,0
2015-03-25,-0.4987524868467721,-0.4734834911814576,0.1164311638080044,0.196359521023309,-0.1029874670509926,-1.032422987715129,-0.3699071842802851,0
2015-03-26,0.8971267077402685,-0.2145380927379129,2.222746782444667,-0.196348010527557,-2.0526884659194518,-1.5930588820675875,0.3033457435295801,3
2015-03-27,0.3332869016672041,-1.116899409271818,0.3818753041570156,0.2930845184234206,-0.5768203976245754,-0.8231556057677275,0.2064018547770478,3
2015-03-30,1.3659074328734253,-1.833611909850368,-0.016411027543887,0.2806108951209438,-0.5186292982675053,-0.4017127387404626,1.342928463642539,1
2015-03-31,-0.504691189681837,-2.137109433417223,0.8344601425685811,0.0493689220760315,-1.4788399466255573,-0.3059870071684272,-0.5365296923140239,1
2015-04-01,1.0558078366359216,0.6529105359155523,-1.1234184753384802,0.2988558684051311,1.3165737864450875,0.1357726466390789,0.5044257746215886,0
2015-04-02,0.1865726767972668,2.0408850586502965,-1.0371014823040023,0.2047796031402398,1.7341035505591076,-0.1847394200092765,-0.2027863904501342,1
2015-04-03,0.8159510582330712,-1.0827177835113435,0.2345964469091991,0.3387775197850184,-0.4560755801431548,-0.3527532461941061,0.2797412941589748,3
2015-04-07,1.7165879377466156,-0.0836944341921339,0.2593445740739967,0.1790744763582947,-0.1429948895086169,-0.9558817326933836,0.7046704899130813,3
2015-04-08,0.4902226513560498,-0.932208505595256,1.1648173742669174,-0.0007711802733916,-1.28732065203143,-1.031132813377552,0.7282481441724484,3
2015-04-09,-1.2966782252601683,-1.5071126038207217,-0.4722205108526221,0.1996186991323523,-0.017238983388554,0.2637795821349057,-0.0606946073817235,0
2015-04-10,1.021355807060414,-0.4463217194174719,-0.691326414702412,0.4569884883285697,0.6665154956423712,-0.5288897803801812,0.6512728857184403,3
2015-04-13,1.7618916780791376,1.546863180381138,-0.5269408205279024,0.0642795320340001,0.9209189788963578,0.6227209109750347,0.2144847863736191,0
2015-04-14,24.315434768770444,-10.423644110330214,-12.771556333618657,6.296426947092939,10.544835127688206,-14.063354408931808,-26.158509995562618,2
2015-04-15,-1.8491802791486125,0.912635633522184,-0.656285944877455,0.0541631246048745,0.8564440965073922,1.400363303180031,0.1436933497724392,1
2015-04-16,2.091306379746648,0.3961509784474833,0.0487131346637041,0.1324422738938273,0.1096553125822788,-0.1698187097028587,1.1900240138416716,3
2015-04-17,0.8026922586613081,-0.0274502306261596,-0.730457774744662,0.3797419221345181,0.714819889620413,0.4749032806965289,0.7505453644070281,3
2015-04-20,-2.005508439876237,2.703274854554964,-2.13048037923898,0.1539842557221912,2.8780928751213937,1.3340526019098156,-0.3243283917174806,1
2015-04-21,1.2977876358992193,-0.7607361587526068,-1.7556122526231863,0.3761365808359737,1.2748424057129883,1.520087190927315,0.1018014437923689,3
2015-04-22,2.1064319054484564,-0.0309276636552989,0.0677581222587122,0.1538033112697456,-0.0441403057213786,-0.3595770286865757,0.7283004720574429,3
2015-04-23,0.0093093137585568,-1.77800451528339,0.1108599109078165,0.155637655083206,-0.6793348668234427,0.0323137409947632,-0.2376733428077419,1
2015-04-24,0.3562868927937507,1.1071086951506672,0.6243948678792819,-0.0790221092161715,-0.2858909107337575,0.3005529477004092,-0.719783669022891,0
2015-04-27,1.43750614736865,0.2163245353502587,-1.2055146499654363,0.0937443155353294,0.9178367124704704,2.2284569700437764,0.3923226511340169,3
2015-04-28,-1.0942678981687557,1.904789588043429,0.4030330689528583,-0.1504077581165258,0.3199288441237282,-0.3823851608453888,0.0784367757616635,1
2015-04-29,0.1734683693438016,-0.3566257451066604,-0.4252396793546283,0.3208469936810485,0.4947136159469721,-1.171611219656396,0.3081963283238822,0
2015-04-30,0.331313473075133,-0.123418554823592,0.1946252212992466,0.045555285834558,-0.3473614346068369,1.1100047816124246,-0.7741468547111611,0
2015-05-04,0.6543687689513947,-0.7056568955362283,-0.2976553100290252,-0.0037337037670102,-0.1688309809910256,1.5943511530907095,-0.1355158259402623,3
2015-05-05,-2.369149911467133,1.1447696410623542,0.9744801675429052,-0.3486973877236053,-0.6132155730587856,0.3941977768372457,-1.5036128470355714,1
2015-05-06,0.0914964357666314,0.0140287597299246,1.6699526672485083,-0.2757470025435068,-1.5881896680272458,-0.3208344991910801,-0.4012865647865204,0
2015-05-07,-1.781725877009675,-0.9789348300108656,0.3558364703055895,0.0065976380886856,-0.5877550388929584,-0.151463032670263,-0.3329358263544174,0
2015-05-08,1.2076088761519297,0.3096072593036532,-1.424607114242719,0.5217116893859992,1.553412874182795,0.0111662650767953,0.3754239545428526,3
2015-05-11,2.05504884425194,-0.3534817448457657,-1.12302717927478,0.3661434285666137,0.9376489147165455,0.2883256451018457,0.5028176495288975,3
2015-05-12,0.2118213295544012,-0.2629796535525276,-1.310157188816434,0.4028776925071618,1.2625690829262997,-0.1929092549179905,0.4353376182274899,0
2015-05-13,-0.5172519500769803,2.1663858541732823,-1.6232491896647023,0.1826356672747757,2.214934060400501,0.8069612204914322,-0.4666362712232355,1
2015-05-14,-0.7347347249418243,2.1970567601252418,-1.1590555809045164,0.2066697913184035,1.9723331987836803,-0.2894636856794943,0.1853593665051235,1
2015-05-15,-0.5557715923694512,-0.1429135101912041,1.3350029300185684,-0.0863078149609903,-1.218977043442366,-0.6013570691376832,-0.7947843201556566,0
2015-05-18,0.1139371791553193,0.4073130136420776,0.4299498135026433,0.0442145168806665,-0.1515368972413399,-0.8248859813634664,-0.8267585694473883,0
2015-05-19,1.551339113312944,-1.747726557967796,-0.6741813348790087,0.4594215063128114,0.1670254417734424,-0.405312158918689,1.4267057157387897,1
2015-05-20,-0.3667721270262159,-2.3299441156771428,-0.3357718764036019,0.4243936169683928,-0.2104189261405001,-1.2325389111008227,0.4398314712624623,1
2015-05-21,1.7539441487205636,0.0509780858309219,-0.4366478944202313,0.2093636296105372,0.4313080096929905,-0.0241314273582142,0.0360625393044442,3
2015-05-22,1.5701674846413023,-0.6890554401252013,0.1355198066457786,0.2419832740657341,-0.3046701278664888,-0.185516006475953,0.7852873531596395,3
2015-05-25,1.542185537766122,-1.4882693846942212,-0.4912522278481369,0.4340318358338565,0.0949719561411022,-0.4340952798450472,1.120819571090461,3
2015-05-26,1.8147959084744103,-1.6039861697890128,0.392044489372834,0.1850128153668295,-0.8634759086646315,-0.4756745159506627,0.2156231384875049,1
2015-05-27,-0.1168830821126658,-0.2287047516624696,-0.6261539579237263,0.1628435267010962,0.4418278313015475,0.7058223449945893,-0.5337191700542068,0
2015-05-28,-2.956069202827736,-1.651864056286764,5.329877366505095,-0.8632521254944293,-5.483056766531926,-1.7912189688417726,-2.5504232238548035,1
2015-05-29,0.1331577195458711,0.3330915857571258,-0.4747512396152984,0.2415014561566225,0.5685694074048355,0.2891443644672549,-0.185540997128984,0
2015-06-01,3.391065802059648,-1.9239437905645165,-0.0756768064557273,0.4431197410374191,-0.4430473651734419,-0.8707015022174917,1.428993487225429,1
2015-06-02,1.1502924888014037,0.9788496259502246,-1.922200612191044,0.3729917573568013,2.0845844550793515,0.8076332910840373,0.0148288234803841,0
2015-06-03,-0.6559075816962744,-0.1070861950958532,-0.7795354731361915,0.2756591363775796,0.833869832320565,-0.4725241259620474,0.0066475774563717,0
2015-06-04,0.0780264291900331,-0.3710679206200201,-0.6099569084319477,0.114629231461044,0.3777005766494675,0.8055627137938215,0.2829380672444039,0
2015-06-05,0.1786969133525904,-0.667331816058189,-0.8408798528103439,0.3669212284414227,0.6706066243207557,-0.1736387990834586,0.3669590110069674,3
2015-06-08,0.6329317994319736,-0.3420286696755273,-0.3736089133793919,0.1245235829904805,0.2330174227250563,0.2996284434004188,1.4586432964235263,3
2015-06-09,-0.4160688033494216,0.2564908506272376,0.0338067249376162,0.0191284989373871,0.0749916917235228,-0.095158307609853,-0.2830986736510818,0
2015-06-10,0.7968159544598944,0.6270741466811866,0.4043657252375741,-0.0390395320739823,-0.1867337630393689,-0.2186597577191445,-0.6464861129817823,0
2015-06-11,0.3379483819587507,-0.682985147878988,0.3907953842980098,0.077733018576577,-0.548291412752057,-0.39623659062688,-0.3468125268152415,3
2015-06-12,-0.5075550521126755,-0.600230755771676,-1.065994398301852,0.5606981923852593,1.0692988299313595,-0.9415561314481572,0.4379552651111714,0
2015-06-15,-1.2639409713344314,-0.2115345926463173,1.0536760801922245,-0.139702789947666,-0.9958797841937844,-0.6033590023996789,-0.5858482985400475,0
2015-06-16,-2.312293353163915,1.0186742546001166,0.4001599984544689,-0.2182777687973492,-0.0742680312623477,0.3367411228025257,-0.6272827347330014,1
2015-06-17,0.436228490732999,-1.158440534957849,-0.9052932909289853,0.3634219753816519,0.5489079373553983,-0.1341484340147483,0.5074214591947646,3
2015-06-18,-3.067296195315324,2.547791907053773,-0.7987997456047197,-0.0937007203709486,1.541850869850547,0.8662466839156978,-1.3358803139351274,1
2015-06-19,-3.9645890891181055,1.896054290208584,1.517985707909566,-0.3922273678584165,-1.0180329196908566,0.2188242167841411,-1.621724760658886,1
2015-06-23,1.5544443916398138,-1.1820162420116198,-0.428624889469944,0.1831863276653051,-0.0635943021944506,0.7105957573827733,1.4357724590106549,3
2015-06-24,1.3425297068101758,-1.631438456260076,-0.2571142487229443,0.2378806725561031,-0.3628597131579116,0.6191255065971585,0.3316563152000251,1
2015-06-25,-2.770258126157116,0.5141099190067219,0.6258476601891385,-0.137564255837155,-0.3185897879286397,-0.5424927870204781,-0.8296677187633638,1
2015-06-26,-5.355717580912418,1.4334938344729469,1.8629403515469611,-0.5990466661372409,-1.3824190857451184,0.8641575139624306,-2.486918224719811,1
2015-06-29,-2.889540345725244,0.7334043927456104,1.3834508318212058,-0.4203306033114438,-1.0868970353760268,0.1807369718974159,-0.2465815492448915,1
2015-06-30,2.937486462220884,-1.4943986905419435,-2.134889492324505,0.7992604810168911,1.7153203985443115,-0.7039860338790641,2.853846713115658,1
2015-07-01,-3.2583980835845905,1.4935196286095118,0.6593964079307427,-0.4788358039015489,-0.3650862957018606,1.6489077911619716,-1.7597818198307231,1
2015-07-02,-2.776162557755464,0.0285835087582188,1.487554060803218,-0.4909961303848394,-1.5511119562749955,0.9945556165679572,-0.5435579994448554,1
2015-07-03,-3.90929217145192,1.698401197160358,0.6848113785286474,-0.2970763008391929,-0.1146158483148907,0.618853025409977,-1.4092590150951487,1
2015-07-06,-0.7346792060539972,-0.3069148455198326,-2.134658415100022,0.6751417501514,2.2110664964075384,-0.5266834867756497,2.618942318395808,0
2015-07-07,-2.7932231188862144,-0.0785592683782881,0.7874411455710312,-0.1519654632045425,-0.5993635221190013,-0.4984535889116379,0.982978762716472,1
2015-07-08,-6.010477648322356,-2.7209412690627426,-0.2647856686534664,0.3192032553412013,-0.2505299952556665,-1.6872487147932442,-2.1672162073234142,1
2015-07-09,5.5644287151771135,1.8864332358363876,-0.1943253894669063,-0.0333094132939719,0.4870740184192426,1.465523654742242,1.505977575049352,1
2015-07-10,3.4401999087044324,-1.1732075855581523,-0.7114341183061299,0.5390454119297161,0.4087556547302971,-0.5525382684618296,1.7838945704464098,1
2015-07-13,2.1708685885014294,-1.4177463012583649,-0.806494452070975,0.4681790787119776,0.3899139672559113,-0.5660590729030845,0.0948492109517774,1
2015-07-14,-0.5518784979411248,-0.6667436155107779,0.6065996183615607,-0.0046477694427295,-0.7573202848247288,-0.3894675621828272,-1.7623519537110497,0
2015-07-15,-2.7491354527456195,0.9415225330520636,1.0843997587975718,-0.3828902794171847,-0.7713317615641232,0.4293648133644712,-0.6511721663116928,1
2015-07-16,0.4038528205309542,-0.7800708521821876,-0.8766156451331495,0.3076861755043341,0.5836448147552756,0.2343915000955471,-0.0579334615616374,3
2015-07-17,2.48742284600633,-0.9414552218893228,-1.3161361006858945,0.6178566910825868,1.0541372773209676,-0.3492946739632656,1.0239507249538096,3
2015-07-20,0.1377519106192129,-1.957783243692804,-0.8626008584784798,0.1544979536230611,-0.058263992702682,1.9097073743327917,-0.6321033738157545,1
2015-07-21,0.3472850932892334,-1.2412083602311743,0.1685984285804894,0.0923695557033298,-0.5810463581069792,0.0971509813944905,-0.286938685464089,3
2015-07-22,-0.6326079478095301,-1.3897099494776632,-0.8941695821223126,0.3054200732487912,0.4338490186115352,0.1976374328744502,-0.2088221354676066,0
2015-07-23,1.4626090171330584,-0.0140446171505853,-0.8256591041012754,0.3135091099377681,0.8432427439491414,-0.2299568948405589,0.6154644713582424,3
2015-07-24,-2.0944843165467586,-0.9304559342615288,-0.5842876509766507,0.2419107411969847,0.3407096888876228,0.1828313963444502,-0.3342424823200923,1
2015-07-27,-5.482369641333075,2.965075206776949,2.1328599909690737,-0.6867345759067327,-0.9481552038075952,-0.7694051876648819,-2.8061224343976523,1
2015-07-28,-0.4929286528536925,-0.3773212930573901,0.0258278347836407,-0.0757129769980877,-0.2733970795019902,1.0396321290713488,0.1035337323715214,0
2015-07-29,2.810595769710329,-0.2674889777106171,-0.5312107593308717,0.2365542269337446,0.3585307790275912,0.3062263741853733,0.3481743507011308,3
2015-07-30,-2.357470481819953,-0.6511003993426865,0.2872246125388282,-0.0932637929456549,-0.5174731022079044,0.4180068186853751,-0.9405626238559918,1
2015-07-31,0.0326332682515925,-0.7224004029268492,0.7797422712285947,0.0156211880074064,-0.9355858056639346,-0.1354440606978556,0.1602293491615105,0
2015-08-03,-0.4876652656989674,0.3878212952209862,0.7076951108333044,-0.0034393121882223,-0.3385945115567587,-1.2931274437711142,1.079909228437698,0
2015-08-04,2.4270142618376536,-0.9990399733329692,-1.0113916035481565,0.393055233526504,0.6060545586739745,0.2167202219735783,0.3609416812958278,3
2015-08-05,-1.0946351425380367,0.1206080971314825,0.4976612094071224,-0.1413035225112424,-0.4787424286418361,0.3746118695568268,-0.9552410859651106,0
2015-08-06,-1.1695203641378265,0.2339334945099869,-0.6949990815454509,0.1459230436127806,0.7925622842296388,0.0277117641759885,-0.1322606486662279,0
2015-08-07,1.3511629738871114,0.2432928419215703,-0.6893406375210585,0.337869981724225,0.8338571707617942,-0.3259281664977852,0.5233831597672244,3
2015-08-10,3.118011696314906,-0.4045288193194086,-0.6944072120578321,0.3806978409262181,0.6048265662605631,-0.5226267626738922,1.3650431754658283,1
2015-08-11,1.4749965762019894,1.1213503346687177,2.704414093046955,-0.3726336295493299,-2.0860178211289027,-1.775506254306057,-0.4746209993476776,0
2015-08-12,0.4754957896094329,3.1520632724916613,1.7763124798836654,-0.391127601941564,-0.5560003744006723,-1.2469016391053245,-0.4572471122549449,1
2015-08-13,1.1500592774256966,-0.464415606315938,-0.624233628742368,0.1783385416234607,0.3541077968370907,0.6074833828938092,0.0745208988817207,3
2015-08-14,-0.2943129949864208,-0.7327361951972869,-0.4793869888422535,0.281765683603181,0.2905980286033326,-0.1216984613001393,-0.1095992214716273,0
2015-08-17,0.1476805851848254,-0.1739593458259181,-0.3625189423537822,0.2327880406138904,0.4287779061766911,-0.7933547586667824,-0.1930927339480042,0
2015-08-18,-4.622917319793794,0.7934723206836602,1.7410844736430005,-0.5261148733601825,-1.363046925992683,-0.1758776785499805,-1.5374098729688523,1
2015-08-19,1.2091942095537105,-0.3254967149953905,-0.0913388501891038,0.187295625159944,0.0611954711311731,-0.5506070981758944,0.4265851880596,3
2015-08-20,-2.272508779781939,1.2470434182260324,0.9468449617800352,-0.2127315905001204,-0.353358690818618,-0.9403670857943496,-0.6892612297433889,1
2015-08-21,-3.0375637770488484,2.629260652048924,0.971581764840369,-0.3964590934402234,-0.0573421695983854,0.1361473903162707,-1.254356404990915,1
2015-08-24,-7.458042524197399,0.8809808542861511,0.9150940505782632,-0.2256538051389975,-0.216949343036347,-1.7739043502715852,-2.054802320772235,1
2015-08-25,-5.3342068339017175,1.1227002807304292,0.7310779482082747,-0.5156750081479988,-0.4828424005050295,1.4004338222954282,-2.2875051971944464,1
2015-08-26,-1.383487470762332,-0.3264920676239006,-0.0852803484040449,-0.0756892089204618,-0.1293894124463743,0.9766912375856974,0.4768474519834095,0
2015-08-27,3.509239544107988,-0.931768973068101,-1.5419484298879282,0.3426389771483062,0.910790176994164,1.795632118889682,1.846783626380152,1
2015-08-28,3.45875413533885,-0.3450136568169105,-0.9449016085720848,0.4090929469127995,0.7452451452417107,0.3338481605053229,0.6931433325092409,1
2015-08-31,-0.9901578592798804,0.6034686136558256,-0.5231783014026754,0.0538320956514442,0.706962015210907,0.4201151070220306,1.4600755283965925,0
2015-09-01,-1.177525343490607,0.9150958277168196,0.7969576486968929,-0.335320986311363,-0.5560533223694667,0.7554008885466356,1.2581687064146168,0
2015-09-02,-0.0913684595080039,-0.3280449314272866,0.5275694458275062,0.1466519496547646,-0.4903093561105314,-0.4218548442863465,0.3281869157202408,0
2015-09-07,-1.54324899849086,-2.170962027001849,1.019604068451428,-0.0541265392921941,-1.6691610822283287,-0.1459778114895107,-2.0867068214940714,1
2015-09-08,2.0934301778330737,-0.3726213497167449,-0.7436891154623468,0.2657489605606565,0.5381749876088364,0.3372764257788432,0.3160799999354351,3
2015-09-09,1.9337322058731712,-0.0345537828008226,-0.038265692773559,0.1175810183486692,-0.0251668505979436,0.1672951158824653,0.206047767783157,3
2015-09-10,-0.7587253822204267,-0.7189192468496653,0.2878199485817613,-0.1585424936875995,-0.7137815039808457,1.3496288507180851,-0.6870729933235544,0
2015-09-11,-0.0778221669681581,-0.0139205184093885,-0.0378030782320277,0.1568176163789358,0.1025829098502251,-0.2442139644033754,-0.292884196848227,0
2015-09-14,-2.887015618855595,0.3467198061325729,0.3195545135780773,-0.2076666580792915,-0.2054941663498861,0.5365596945654023,0.6108452555562836,1
2015-09-15,-3.420164876818342,0.8091208295481417,0.5026675111853072,-0.2588827529071312,-0.2061795733104945,0.2523354365317675,-0.7190509027833359,1
2015-09-16,3.931299500056725,-0.7291490972776484,-0.8457985063031351,0.401150088379735,0.5491073269566074,5.293518540357257e-05,0.9768815127116284,1
2015-09-17,-1.184152608600016,0.7706308785497772,1.144932032122335,-0.176127584890962,-0.6958549724310413,-1.0387247067543843,-0.5722042445384788,0
2015-09-18,0.1895336240968533,0.3799055960734516,-0.4489775939305203,0.2663084650949752,0.6832695733644395,-0.5437263730773444,0.1995942961852624,0
2015-09-21,1.5756293169871205,0.3974540324206892,-0.4506188795904162,0.2659197126526397,0.6651438445833874,-0.7123203118510025,0.2989353367410337,3
2015-09-22,0.193787770414692,-0.8450185718393927,-0.3059676452810916,0.2526238435426235,-0.0956867452899342,-0.5289889576611703,0.5481477968347656,3
2015-09-23,-1.5220794095365258,-0.2584409823256175,0.2474776787871877,-0.0381728075931908,-0.3043567641563557,-0.0058092471867962,-0.8836872897689793,3
2015-09-24,0.4881973026658686,0.5695607071907812,-0.4910703842897526,0.1647177569567079,0.703396211461269,-0.2190349499236829,0.14186496330025,0
2015-09-25,-1.2684526313057565,1.055586626623991,0.5688735875604213,-0.1537677530348277,-0.2061496308693681,0.2845808497398814,-0.179810021715527,1
2015-09-28,-0.4483262522887022,-0.7567093209346781,-1.3510934506536896,0.3917204560114455,1.121175732596226,-0.0581687245428558,0.0802215010116187,0
2015-09-29,-2.434170883743,-0.4601837411532199,-1.3155831897812047,0.1738056541301428,1.0458314439565302,1.069635445012244,-0.5013527462814363,1
2015-09-30,0.5403750636402392,0.0632288113726375,-0.043049260012786,0.2648379440617477,0.0890588809093603,0.4439273186281079,0.2046655739656895,0
2015-10-08,2.6294892977283983,1.601988501198207,-0.4354899197896086,0.2176717109314573,1.0268592481980516,-0.600080586289833,0.6557501767622236,1
2015-10-09,2.791890389569081,-1.9352718187166964,3.3465457324416703,-0.3024016608278237,-3.795233988091095,-0.9898342996456702,-0.1684500947087416,1
2015-10-12,2.0709390816948314,0.3353766628918781,-0.8535225116649391,0.3962697694216396,1.0841968183657475,-0.9178512417644018,1.1151000961116202,3
2015-10-13,-0.384938334653416,-0.0167454759387245,-1.1295541608224593,0.2928877609647234,1.0903476812509865,0.400666859163664,-0.2154645704706934,0
2015-10-14,-1.0726490630009924,2.136956423470804,-0.6715454896867437,0.0600958264554775,1.4258867502888484,-0.125090648117412,-0.1181685481199039,1
2015-10-15,2.0496766463050062,-0.4912616024008865,0.4615783136615619,0.1713690034522979,-0.4649472464738245,-1.1579188902180837,0.667908678143292,3
2015-10-16,0.9074860553426192,-1.75720004680917,0.6323536879109581,0.2552874482488292,-0.9939466842724384,-1.1187968530466434,0.5219389939202626,1
2015-10-19,-0.4662752084149839,-0.544411128853995,-0.4032240815991672,0.1642055522242987,0.2541711927099909,-0.0367241496640919,0.1480702472043895,0
2015-10-20,0.4204126085560372,0.7600145117912299,-1.5209380678197923,0.2868553169054769,1.6785843770587408,0.566241390175471,0.3642551473851433,0
2015-10-21,-2.857912547685617,0.6075217871045301,0.8668381894743333,-0.3097737231496756,-0.6199272220508734,0.2493819307276643,-0.0824681919465709,1
2015-10-22,1.4906429147728697,-0.6107683038984222,-0.6771122220874247,0.228188844944207,0.3747923170226936,0.4741034727110264,-0.2304627640169673,3
2015-10-23,1.1543011395961849,0.3865669244642623,-0.3839725349066211,0.2579587000815105,0.5765511631611728,-0.3085100134739981,0.214157449422533,0
2015-10-26,-0.5886225347231663,-0.7522998956169883,-1.4066541249205144,0.3412043583347568,1.1347437823258997,0.3962756630533056,0.3152229249136885,0
2015-10-27,-0.2104320388980199,0.5615737461541039,-0.9745466971399116,0.1748195693415,1.1004732954979872,0.4282622456552286,-0.0271457619701354,0
2015-10-28,-1.4463379080482304,0.4530817642473272,0.7970198809647705,-0.1190559944237821,-0.477808300759556,-0.6877470437005627,-0.2754782318196309,3
2015-10-29,0.5030662712153827,-1.962134369854872,0.9269264215231254,0.0870692237691104,-1.481970357320063,-0.2013275132610225,-0.194201534873506,1
2015-10-30,-0.3833114250558471,-1.7106182668934895,-0.0152175521897034,0.173345459547974,-0.5656748962002283,0.4843752848065542,0.0242311442623528,0
2015-11-02,-1.3966445251172894,0.2608861059697471,-0.0111861585482662,-0.0640609937449521,0.0556216772928463,0.5127684206801001,-0.4530849607880993,3
2015-11-03,-0.4957704255537168,-1.1617040169672153,0.3058819928993634,0.1116182050431369,-0.5752215858015224,-0.5518583806957964,0.0609438155344333,0
2015-11-04,3.292176130921866,-2.583935352898445,-0.3520510611258754,0.3659624222142116,-0.5696464413698804,0.2391057559394676,1.129066046163539,1
2015-11-05,0.268137983946322,-1.314053832257561,-0.7669751949938955,0.3180813009958043,0.360215203841071,-0.0720040406834172,1.3168653041565954,3
2015-11-06,1.4807564380273417,-0.3781705764093832,-0.4113112431043003,0.3248221905958005,0.340204466002827,-0.2408853189214613,0.7869231331908528,3
2015-11-09,1.038264012302044,-2.789576450147357,1.18235666008937,0.1130341640807394,-1.9940868278887447,-0.6865504897825864,0.3119562214486667,1
2015-11-10,-0.1656259736724702,-0.0316291954662915,-0.2372479987154589,0.114474152415989,0.1941935432834912,0.0983520763294096,-0.1600081256550072,0
2015-11-11,-0.371165978908918,0.1766553944901185,-1.0691796690873714,0.2972412156789843,1.1526263219845363,-0.1806637692861715,-0.0487248191144883,0
2015-11-12,-0.5903762517308753,-0.0700547942854309,-0.2047614641761067,0.0250950870865187,0.1059570858911246,0.5458519228828419,-0.6175030261737005,0
2015-11-13,-1.1772570034352212,0.2027966552474413,-0.0496566075828593,0.0682039775473261,0.148923900742994,0.1915922515284538,-0.294379846183527,0
2015-11-16,0.2957421134779308,0.4453650464983634,-0.3828930207523651,0.2614816933390224,0.7059051446000112,-1.2059382588848708,0.2327610494625226,0
2015-11-17,-0.7590462763271106,-1.6825885396675262,-0.1277131349131404,0.1136383654041274,-0.4493406535499493,0.3995589566202954,0.137794727255668,0
2015-11-18,-1.0913107785662717,-0.7454884206955027,0.3808331981933961,-0.0195493731608658,-0.5901822093048705,-0.0243043518671805,-0.1865557744428333,0
2015-11-19,0.459294334752328,-0.7486785446551187,-0.7696477806161827,0.4483153253860995,0.7195196464568864,-1.3599188070460826,0.8091716691895382,3
2015-11-20,0.2680978310584183,0.8654452748881154,-0.2411228532453223,0.1447337531500653,0.5606705094665154,-0.1040430683611525,-0.2300204222707205,0
2015-11-23,-0.9978767727196836,-1.1982878991606296,-0.2219388575548986,0.1366217632712839,-0.1579436903265959,0.1225317174453592,-0.0011131001589367,0
2015-11-24,0.7085427990689104,1.0842254231502255,-0.1270702188360969,-0.1041825479700831,0.2950673007732945,1.1292596523409153,-0.5524255736652887,0
2015-11-25,0.9968781516866126,0.8803536696321516,-0.2145826266549573,0.0363580260266567,0.4391662325371766,0.2985251629475181,-0.1159636890808796,0
2015-11-26,-0.3046384252000784,0.4629863582709377,-0.428412380301991,-0.0674911660960085,0.3650891056623442,1.411901419740582,-0.4998061758643529,0
2015-11-27,-4.261136498023387,0.5154941519240566,0.8265290183348806,-0.2928817149401027,-0.6352114447001913,0.6098215581899735,-1.4443781696196043,1
2015-11-30,-0.6253619485203802,-1.186043401718326,-1.0421550188098438,0.2873251604025892,0.6101299411036829,0.4456895181556161,0.1881447652670528,0
2015-12-01,1.0316456001114327,1.5454783647125827,0.4924783189297245,-0.0821972432646447,0.0772150987557454,-0.4665113218860087,0.2103931404150361,0
2015-12-02,1.7304264593624166,-0.7315857296603858,-0.100322698500296,0.0938151653069663,-0.2318223986296773,0.7047776757564975,1.7735041848678192,3
2015-12-03,-0.2682278771244974,-1.061570310190304,-1.6718797887310066,0.4428268006110188,1.2780593639438331,0.373377125924136,0.1296261679214625,0
2015-12-04,-0.930407439228084,0.98466438368937,0.4748463785634458,-0.0191388397553811,-0.0249334722651651,-0.3668404305304104,-0.7854471977023222,0
2015-12-07,1.3923393616853434,2.2387719968256534,0.8703980791234895,-0.1686811545169617,-0.053225067298063,-0.5790828155231554,-0.269236305547255,1
2015-12-08,-2.461130786971825,-0.1781939571781857,-0.5165904217151795,0.1714333676048982,0.6089673813384348,-0.6041127511748037,0.1635422253576827,1
2015-12-09,-0.1538027463397258,-0.351199828041254,-0.4256513175351776,0.0968657394634009,0.2380428496854744,0.6277357915046069,0.2140900531524623,0
2015-12-10,-0.4895353191536913,-0.4272961618153125,-0.0188911765672374,0.0874216302834667,-0.0726305027212754,-0.1833957159307029,0.00126805762729,0
2015-12-11,0.2055250563282069,0.7551293958866906,0.3400630743183438,-0.1133577344382235,-0.2124488894241369,1.0277431473711751,-0.4434086143560144,0
2015-12-14,2.014890404337742,-0.4017145982652222,0.1898515901667893,0.160691360440316,-0.2472009169834288,-0.5462103429111397,1.046834031372166,3
2015-12-15,-0.6371003548690453,-0.9172046029378634,-0.774776123166687,0.2468358934278507,0.2203848694231198,0.3587802122429337,-0.3555374210705129,0
2015-12-16,0.0643502950992764,0.4465975026520118,-0.0584734854627321,0.0174487387456679,0.1832028982190893,0.1576195850993131,-0.2761659789544806,0
2015-12-17,0.8654015309764563,0.3728210929054985,-1.3123050580547129,0.3606581418008494,1.4373910088631563,-0.1203283197727815,0.6707042431210489,0
2015-12-18,0.3673469932879983,0.308856206153555,-0.512896315799761,0.0074243413192034,0.3468134894544343,1.908005012408226,-0.2702549293486162,0
2015-12-21,2.079686895713421,2.077335533206443,-0.7796028313152327,-0.0110794997450802,1.2305412274690375,1.3815921321092512,0.6786162796185824,1
2015-12-22,0.0712812743864564,0.652049197296438,-0.5343909530219918,0.1449823830426947,0.7938824468956327,-0.1892080303953293,0.0882435301057385,0
2015-12-23,-0.5451301132435662,-0.4764355046214821,0.1735048385831699,0.0455629476794315,-0.279176391202571,-0.1049758519907856,0.176960882337665,0
2015-12-24,-0.7110683648383298,0.3647930245029584,-0.2841882043386031,0.0445837214161182,0.3944265911360023,0.1999486609532532,-0.410871999967132,0
2015-12-25,0.2930330910167424,0.1436517853200318,0.0372467097104252,0.1149399408187417,0.0380211637847943,0.0449549924643422,-0.0292563023543398,0
2015-12-28,-2.3655687569537776,0.1497653430510452,0.1416922225320931,-0.0304203142081571,-0.0042077555536143,-0.2295096952287384,-0.7803460623435626,1
2015-12-29,1.2632005985593806,0.4091517649748755,0.1720043250740694,-0.0828959170633373,-0.1845463965195039,0.9213262303293162,-0.1468799473203351,3
2015-12-30,1.1875554597073152,-1.4541235499327718,-4.70783215854115,-17.85338350726781,-2.530416852306036,-2.531693612988416,-0.398085598198381,3
2015-12-31,-0.8149759576795901,-0.2973401117525467,0.2007403702841091,0.0572120127983051,-0.3180508650632398,0.5997098339017635,-0.2452833222234368,0
2016-01-04,-5.229823953442974,0.934227340083632,2.3605492253397933,-0.5839658289224778,-1.782918470049058,-1.0378210961583425,-1.6408230619468296,1
2016-01-05,0.5424251835228117,0.3747009610439785,1.3089446722193965,-0.2010127836556439,-1.0964918359327698,-0.4661040030608545,0.3462142276855046,0
2016-01-06,0.7357430331305799,0.0504046314730389,-0.9239056009518232,0.3996105693815877,1.0791146497332194,-0.9726147550416098,0.7716028605671551,3
2016-01-07,-4.755566327163768,3.378083071572809,2.042619499866031,-0.7212510253483021,-0.7663660625981337,-0.4969669201741404,-1.725643007855618,1
2016-01-08,0.97890000502053,-0.0444055384975078,-0.7893093483886848,0.3393276367603653,0.8006726506119669,0.0120722452926768,0.8114529313428857,3
2016-01-11,-4.472790189058494,1.5919687977798684,0.4027641666226949,-0.2702611230529578,0.2128979556654542,-0.0480994401350136,-0.8837873101785122,1
2016-01-12,-0.562154642955975,-1.1004395769529882,-1.1223567699792454,0.3149525955221015,0.7477671000930456,0.3236645148301196,0.559191486708397,0
2016-01-13,-2.080042407005928,0.1624730923770647,-0.832021197636814,-0.0926492944432475,0.6159675638536259,2.070727284996144,-0.4767821265044241,3
2016-01-14,2.066170217293809,0.2598127868310613,0.1078012884756006,0.1509721919672403,0.0547045196388286,-0.6554353302898904,0.3442015559823589,3
2016-01-15,-2.2458261325872835,-0.0674451735571838,1.0560861403160495,-0.2006735829799812,-1.0299980744514388,0.2633812948535339,-0.948194094309599,1
2016-01-18,1.4828799044847705,0.6611977231484488,0.7613087094994869,-0.1692863800417898,-0.629386716479694,0.4848381499036153,-0.56219351257715,0
2016-01-19,2.5363979113675392,-0.8104440101626198,0.0011717705670601,0.1781384287494428,-0.3102585806877228,0.0645148672949393,0.5348411809872103,3
2016-01-20,-1.815856340993789,-0.0233860708609727,0.9138868869890028,-0.0428745863099258,-0.6949506765682848,-1.2030749506704983,-1.156462099891386,3
2016-01-21,-2.360135859311051,1.434361382239409,0.4577319409971027,-0.2038463704805669,0.0617926096627741,-0.0697673257233295,-0.5656317690360837,1
2016-01-22,1.00276399474388,-0.338145378426427,-0.4517956481442509,0.1440955878524099,0.1866792740553283,1.1512795933817246,-0.1428845290924379,3
2016-01-25,0.9130857380153214,-0.9993805473608388,1.534614846691297,-0.0091608325780244,-1.6098391701047303,-1.618867302504106,0.1640073968903025,3
2016-01-26,-3.964412757473113,2.3915084534030413,2.0286290796178355,-0.6625246000759253,-1.1617066020928837,-0.1089927672878533,-1.6716876511789365,1
2016-01-27,0.3147248402163829,0.1023765822373704,1.1072921828897904,-0.2583044178299927,-1.1477255949820089,0.4640484304556979,-0.244208996652939,0
2016-01-28,-2.738809933977912,0.2866237676134462,0.1234338984643695,-0.0858769352192919,0.0186539165198198,0.0323598216736606,-0.2140987458341338,1
2016-01-29,1.8309972098179788,-0.4383168817273185,-1.331156203392615,0.5063334255467029,1.1814396299256231,0.0773772752719914,0.9961122938002904,3
2016-02-01,-1.016780484088966,1.2888375122759523,-0.0969444085558393,-0.0677711603719152,0.5062533034650233,0.2173617506372419,-0.5219517795518345,1
2016-02-02,1.950910735599514,-0.7049500554024778,0.1638526966841703,0.2016758080089619,-0.3250433448979938,-0.5867195764861729,0.3256924636475,3
2016-02-03,-0.0424891898022361,-0.0496467131556772,0.1626430171899947,0.0244413294287641,-0.1823250205788061,-0.0030145080680756,-0.3637443595327557,0
2016-02-04,1.5873899200809236,1.6701515413929604,-0.1350256456838352,0.0021427795577299,0.6275784825316242,0.1632640956454499,0.0245390586243664,0
2016-02-05,-0.6588720198547297,0.6532713310306284,0.3926390601255897,0.3478554133329237,0.0849745874493854,-0.6973495475007185,0.0732360525748794,0
2016-02-15,0.2206032156678076,4.220862493718175,0.1754961888050742,-0.0786734382554248,1.4359787280161445,-1.4891321718596144,-0.0030406047838605,1
2016-02-16,2.1728449443405204,-1.7050266482636414,-0.5201739050358953,0.3446328591285633,-0.0656980333226008,0.0438803642211139,0.6468194904146092,1
2016-02-17,0.5755560182851519,0.4117098238530785,0.0383070206499218,0.1568481622979832,0.2521975439052579,-1.0456432273967171,0.4660004275004756,0
2016-02-18,-0.1525525087252033,-0.0587422747649947,-0.0851843701171841,-0.0107335596150684,-0.0255847315619497,0.6643565666300573,-0.2876498151672977,0
2016-02-19,0.6914668182560053,1.5507478482787642,0.546052732436024,-0.0532236313371278,0.0193831526829233,-0.1869456305368764,-0.2449250761771813,0
2016-02-22,1.8249488685432047,-0.2795718494067921,-0.5359167295357068,0.0794053388308274,0.2100659200236043,1.373250019037367,0.2695942227556236,3
2016-02-23,-0.6467010391455097,0.420043181012567,0.1835777991884319,0.0075239542010279,0.033373136005057,-0.3792086299795598,-0.2653523286797279,0
2016-02-24,0.3222538937318792,0.3258350990904643,-0.3594013786338506,0.1211431836993916,0.474652505256231,-0.0676870006698786,0.2721317675577419,0
2016-02-25,-4.335911885758807,2.0185960192187995,2.128016306512716,-0.6437992870821656,-1.3134727936982744,-0.4152918228968196,-1.4828656053343174,1
2016-02-26,0.2216199079512229,-0.2440196463284717,-0.3904821657547251,0.2735846298157897,0.3836727988541984,-0.2242379134190564,0.6230897572882155,0
2016-02-29,-2.340771875149273,0.1731249612774506,0.5575959126589508,-0.2840962661482344,-0.5896656576756063,1.0087488034300824,-0.252823692798117,1
2016-03-01,1.666321194700728,0.8524736255815313,-0.3146909971753798,0.1145118166241467,0.5680175215223434,0.0133794966400772,0.3809232495791539,0
2016-03-02,2.8609194733882224,-1.388998602417621,-1.136441944399613,0.4064461519514425,0.539599594110301,0.6421312990147632,0.8579439789848042,1
2016-03-03,0.4857348759098421,0.6184415807456196,0.5522060560482125,-0.0088512374432175,-0.221795100822154,-0.8141881061173375,0.1261542420658746,0
2016-03-04,0.9024497173356693,1.8491326704240447,0.7106127052575343,-0.2316106104835717,-0.1956197304015631,0.8158343127558255,0.8442437822329143,0
2016-03-07,1.632772512820747,0.2777757282741705,0.6227526071583366,-0.1331803084558461,-0.6608522707900524,0.7542772212789965,-0.852519938899785,3
2016-03-08,0.5668623713906661,0.1947580500928235,0.747658579112461,-0.0845984041460259,-0.6310745279798369,-0.2525962615323937,-0.1073661523754561,0
2016-03-09,-1.9671926094058367,-0.7776563463791026,-0.5083649072757919,0.1214846021049869,0.2731040260414141,0.2477836352025563,0.1943804142940494,1
2016-03-10,-1.6955525491544527,-0.1397029592911213,-0.4630215550382308,-0.001464716461072,0.3137584068033448,0.9060129062806472,-0.7306748767002746,3
2016-03-11,0.2539966849231541,1.4579406368063674,0.0639070667452332,0.0611075410046645,0.4879936563394102,-0.3067674411081929,0.1839683172977981,0
2016-03-14,0.8896638476546418,-1.4103068258996565,-1.0390266862963913,0.3725951704992065,0.5291178337980786,0.2670566429544914,0.1371147667872224,3
2016-03-15,-0.7867827864840218,-1.7171059452307158,-0.6725212715942857,0.1989051010764866,0.0317042240116499,0.6799103237097629,0.3944508246803173,0
2016-03-16,0.0962934950479109,1.4136807076280389,-0.5395529026366401,-0.0103997733529493,0.6516825806153432,0.946407257366954,0.3856634276971794,0
2016-03-17,2.29788778902937,1.5021790033653777,0.7878267297219299,-0.0840247945940812,-0.2380774060924684,-0.6137358776949631,-0.3504847838326125,1
2016-03-18,1.894660337915111,-0.5292390915436818,-0.1651730705738298,0.1666632033012713,-0.1255244588853923,0.7734679669015354,-0.3421761462416264,3
2016-03-21,1.2882026824424873,-1.293276242482288,-0.9692491044813728,0.3251361558846994,0.4469464137364253,0.591040985517769,0.6759039575182112,3
2016-03-22,-0.1438851777871727,0.6403780953623616,0.7111958933739971,-0.0749963571837934,-0.3850614016097294,-0.6750796715270959,-0.2369028155259805,0
2016-03-23,-0.4059730328936574,-1.002934847918454,-1.283062764000112,0.2529603607535944,0.7867583539424885,1.163888363268475,-0.0448516729904798,0
2016-03-24,-2.1807989700311,-1.2492824558246178,-0.5676623043108746,0.188874716958968,0.2019193177887673,0.029451794014501,-0.2336076395420197,1
2016-03-25,0.6906348970859834,1.1794243037471317,-0.567635171181891,0.082476327032736,0.813529682719528,0.9848447175063482,-0.2084230191169696,0
2016-03-28,-0.877013555239266,-0.718169048204872,0.3963960798345388,0.0767639899059944,-0.484002979745617,-0.801867539512966,-0.0789392985389412,0
2016-03-29,-1.0417128076893998,0.0491283370013336,0.1005190155745122,-0.058350517316284,-0.1272810742506057,0.4179253805897939,-0.1905258369049194,0
2016-03-30,1.6594272152096623,0.9850681396609374,-1.0782369084550678,0.3799619275243799,1.4945825989914887,-0.883469395516823,0.8841007219733766,0
2016-03-31,-0.2030607529342591,-0.7833014300369783,-0.5832001783651716,0.118744487156347,0.1913645575177257,0.9508672786243132,-0.1881839891084816,0
2016-04-01,0.7021032940034415,0.5434394364822738,0.9256776843624268,-0.0882899513428406,-0.7404459383805084,0.2684996866745608,-0.1154125691376909,0
2016-04-05,0.890612618210261,-0.8665377867597541,-0.6817622050233426,0.2658966144191387,0.3587361171623093,0.1886224462105995,0.1117685553604721,3
2016-04-06,-0.1483808003499166,-0.5091691987575296,0.3717689410167811,0.114308656580053,-0.3769898931883205,-0.9907268993592964,-0.0017281950997203,0
2016-04-07,-0.8948657846026267,-0.1025756782410979,0.6152229847975481,-0.1187361531635407,-0.6348114545826178,0.0834938842428164,-0.5366552053168487,0
2016-04-08,-0.6382644108609171,0.5242522891205164,0.2873119748837728,0.0719693739827282,0.0041259846416221,-0.5320397742090683,-0.0099576385058591,0
2016-04-11,2.2762114703614444,1.3730489203924892,0.7311406222753037,-0.1415998512315516,-0.3361615406617138,0.076467562139887,-0.1339853823278935,1
2016-04-12,0.5821821270829183,0.7482525779434938,0.7741746582562574,-0.276322166765781,-0.7125997761790348,1.0751670922554435,-0.5319894433034882,0
2016-04-13,1.8817919499253388,-1.1908581567838097,1.2171917856308432,-0.1262401657422827,-1.684079952714726,0.3165706293649473,-0.0857498108121497,3
2016-04-14,0.442205321132493,-1.0720207200171037,0.1829680895087146,0.0691015832747753,-0.5897544948989628,0.1668692911618531,-0.0735784023771724,3
2016-04-15,-0.904436056901442,-0.5170983622535107,-0.6937896167717609,0.3132659294086365,0.5951923222343795,-0.2068459519748121,0.3034037326215716,0
2016-04-18,-0.1097904875394196,1.7672512804971294,0.4509885843617661,-0.3381717648070466,-0.0919123844432518,1.466697563148738,-0.9028699911797196,0
2016-04-19,1.1748209901173,0.6376289337856396,0.9607277135845286,-0.2027693471698,-0.8104164899683008,0.2652047413300952,-0.2940763176982018,0
2016-04-20,0.0991671780692203,0.0310768346346241,3.267001034532357,-0.7841179272411065,-3.343253499566887,0.7477196177275687,-0.7236330520647631,0
2016-04-21,1.256778273780913,1.677934062260387,1.67657006776512,-0.5113674874795923,-1.3138060754265506,0.972258325860571,-0.9132214973823426,0
2016-04-22,-0.472991692533234,-2.1272294561814578,-0.0207462735625702,0.3967335291533256,-0.4773055990844718,-1.1737658849113843,0.5512979816040667,1
2016-04-25,0.6954400450231986,-1.1472948559574463,1.8762675088665024,-0.2822949145228192,-2.297106146617813,0.0761386261368358,-0.5261863746850348,3
2016-04-26,-0.4430863193946635,0.1025310445563054,-1.6395515794393825,0.3687089575447085,1.604364215650266,0.2778755814467129,0.2995974413325953,0
2016-04-27,-0.8855877934797535,0.8881337521783016,-0.6117095419942904,0.179702668387311,1.0345296265170858,-0.6576394127068816,0.2759060401616188,0
2016-04-28,-0.6857414899561206,0.2160769458581522,-0.4495685919864232,0.1585372365964843,0.6106308179244984,-0.4206047622731745,0.3001897321379017,0
2016-04-29,0.916824810246882,2.0697077624193843,0.8912753514408059,-0.1304513961337969,-0.1590782116498631,-0.1275051765915096,-0.2661057565282582,0
2016-05-03,1.1236514817128933,0.8859982286051375,-0.6469280574045999,0.3570666332360935,1.1575281310931769,-1.4979796002662646,0.7520409374455878,0
2016-05-04,-0.9413120938203388,-1.1030184156007403,-0.7676065989314435,0.2816743190707658,0.4569848992249639,-0.1407778803857436,0.2078323617048258,0
2016-05-05,-0.6342069675829648,-1.021031128684465,-0.4149261372718461,0.2965718944814249,0.2577573416716774,-0.9510144444592658,0.3932765236431519,0
2016-05-06,-2.429103934796915,0.2711653962152111,0.5533436165106659,-0.0346372153938774,-0.2983373273632957,-0.4874355895479209,-0.2240509462253825,1
2016-05-09,-3.174971509757495,0.0114666907824587,-0.763687045596759,0.2034401185695618,0.9557404163579504,-0.70373916997399,0.3852293061962534,1
2016-05-10,-0.2167491614078991,-0.4175911726279095,-0.5445901847954365,0.0916178740765025,0.2958768338613323,0.839285521609613,-0.0350612792802021,0
2016-05-11,0.5094876318659056,0.3077638188571241,0.413198057744744,-0.0564366889886856,-0.3116495482459743,0.0545110114981619,0.1754943603932802,0
2016-05-12,-0.1797278387405998,-0.3738139231254203,-0.2553539153931273,0.1279949253875309,0.1530299765566393,-0.0264070616308783,0.2057738448813809,0
2016-05-13,-1.327254269914783,-0.5870991315963355,-0.284496088749519,0.3933760719487935,0.4339271060418199,-1.781882595064822,0.5096284694212707,0
2016-05-16,1.0640439910276782,0.2194045378548379,0.4601111335182902,0.0299416704024929,-0.3100903928716353,-0.5407122108011692,-0.0569270141905741,3
2016-05-17,0.7702715384974542,-0.1124150105441002,0.9273100377867292,-0.2806425531197288,-1.1562568644499884,1.2774708052175223,-0.6983962658857247,3
2016-05-18,-1.214542310601916,-1.1213336929882765,1.0349625200306405,0.0127765491178225,-1.132013260185302,-1.3925299271773957,0.7236788895055293,0
2016-05-19,-0.4319391124355441,-1.5208388434174498,-0.344596373910232,0.1798817810225546,-0.1791181331841037,0.2406058533579617,-0.1971934489987178,0
2016-05-20,0.6426282012239195,0.3325283288638065,-0.313410063905559,0.1235349174483619,0.3381640976665101,0.6119810943104286,-0.1755948516653672,0
2016-05-23,-1.104744719715518,-1.5571292673084594,-0.8634738657487032,0.5658692624598487,0.7095762427775273,-2.0829060449942176,0.7789657047126943,0
2016-05-24,-1.2971177337135849,-0.6337565924076571,-0.4600867636686162,0.1477555356336762,0.2771044803412911,0.0057735216602216,0.0600332791042069,0
2016-05-25,-0.6300212457252031,-1.3785017127779735,-0.465204102964971,0.1202908779753792,-0.0909167429060323,0.863754329775976,-0.0529299608542821,0
2016-05-26,1.310578051236523,1.0704562313224817,0.7565459543172228,-0.2626276871897459,-0.574343841808024,0.955382150334465,-0.5826455123492121,0
2016-05-27,-0.0349235196193305,-0.616474059511936,0.0270095459136322,0.0915390450418004,-0.2778831607463704,0.5642159720476094,-0.1728597357637589,0
2016-05-30,-0.0740409658293727,-0.8359372523856514,-0.115266715780094,0.0199371110135439,-0.2822725126884855,0.937248804884026,-0.0425822998465538,0
2016-05-31,2.206189143708894,-0.2416929419481575,-0.768158163167916,0.3999660684303328,0.7760312344185746,-0.8396015677305096,1.0905867631443422,3
2016-06-01,-0.0352462209377809,0.3168285340435512,0.1591071523061679,0.0529418685965247,0.0204574177010285,-0.4933105985095852,-0.1498074744528611,0
2016-06-02,0.3044585612306622,-0.3526277453779234,0.1609803728334302,0.0511822989397579,-0.269006902135611,-0.0401748274839365,-0.0716070594707675,3
2016-06-03,0.8339754318862312,-0.1945248757546701,0.331078018868252,0.0267589942609153,-0.4521040651624173,0.5646224611008289,0.0240274573008053,3
2016-06-06,0.7598361585880089,2.437352351012235,0.4367777136508174,-0.1781547929846156,0.3547754324451835,-0.0360112014847872,-0.3696453267537021,1
2016-06-07,0.4397334855039581,0.4272649624243213,0.3528883792295706,-0.1085525314473099,-0.2980413899365239,0.5421418744570139,-0.2717863805762845,0
2016-06-08,-0.0690567222824864,0.1482802792241893,0.8409039340363054,0.1351312251359198,-0.5515454477636135,-1.078788694943431,0.0725289983091971,0
2016-06-13,-1.4178357654844649,3.359612748012744,1.5382133930225732,-0.5436189237287303,-0.3829951665959402,-0.1335300839933136,-0.7896478178490998,1
2016-06-14,-0.3997662449945796,0.1254998347564808,-0.9438284168103074,0.2192720609870053,0.96834776183997,0.1815390762124829,0.2984094053479504,0
2016-06-15,0.7193246489136097,-0.3880302874146336,-0.7085072776959537,0.4002318069539126,0.7610835155060464,-1.235781896313473,0.3992087852639779,3
2016-06-16,0.0148023900162463,2.214981217158755,0.131411018103065,-0.0950074670286493,0.6256344015175378,-0.2284659449943149,-0.2343368756727743,1
2016-06-17,-0.0750632236459087,-1.8002516208772923,-0.561645595298797,0.2551862056754044,-0.1185367905921813,0.923895731186568,0.0489372620101596,1
2016-06-20,0.4101226043752692,0.7459505439341363,-0.5237363476260227,-0.0485154680176401,0.5272054129289359,1.518054217263901,-0.450707603810124,0
2016-06-21,-0.2989734913356087,0.2207361558313383,-0.0299698617668976,-0.0379723633123614,0.0242713156756404,0.581368632635625,0.0196458074857948,0
2016-06-22,0.3513376502750297,-0.6750574769710165,-1.1262954996432306,0.2192072230877759,0.7243591470343532,1.166239630003836,-0.0295126992968703,3
2016-06-23,0.1629083709476713,0.3699089998210212,0.449567322166176,-0.1081134304034935,-0.5990653742296238,0.4159859929123278,-0.3755431455734491,0
2016-06-24,-0.4190933739331492,4.140192011535775,0.8972575923204595,-0.0295324763835619,0.9139933553916854,-2.7063730058681714,0.3132885097650525,1
2016-06-27,2.517522552708122,1.9975061808016783,-0.2518206678347546,-0.2260777845810398,0.4998009042548482,2.3587495673074086,-0.7107947591493998,1
2016-06-28,1.1061590445547602,-0.4797365655881934,0.5985135493526778,-0.0916492936073412,-0.8477253215785154,0.6004733845475527,-0.3384228823342985,3
2016-06-29,0.2718646421163517,0.0588911648522487,0.1920418200137571,0.0733871799593559,-0.0882897121013722,-0.5310874311234562,0.3183397402188706,0
2016-06-30,0.6078434070664633,0.4011536989444489,-0.1155932764193507,-0.1415883184443536,-0.0167625669454143,1.7065552071730874,-0.5020236751742443,0
2016-07-01,-0.0353217956533134,1.989435193816452,-0.4512494583328773,0.1238533876409667,1.165638625392147,-0.1843280162043452,0.2081988808735434,1
2016-07-04,2.9319302070551334,1.6619325280948367,1.198433378844011,-0.3270679301393056,-0.7947862155168898,0.7354390057030058,-0.310433257871073,1
2016-07-05,-0.3388411884697137,-1.252484988578243,-0.0021098930140769,0.2243109105289033,-0.2498619122639715,-0.869323407334058,0.264383949599948,0
2016-07-06,-0.5113276150862902,1.1022447095377024,-0.5854684321142464,0.3150824597523995,1.245954876176861,-1.8594664316133125,0.7926695307623963,0
2016-07-07,-0.5007717560773595,-0.029996625753247,-0.5704342358453521,0.2164282462895722,0.6544462360367603,-0.440443667247387,0.1903067839290897,0
2016-07-08,-0.972493235191581,-1.1255088635227783,-0.463448234564518,0.2821594828445767,0.1665362654003369,-0.0788883638815831,0.0799050098206957,0
2016-07-11,0.7993319940274541,0.5574799801621346,0.4979313556035367,-0.1040548841692178,-0.3515395651594656,0.2870685837728419,-0.0911157266070858,0
2016-07-12,2.3620847607129822,0.0196038800129207,0.5422286378560836,-0.153199928393042,-0.7562596137670691,1.296958566123681,0.1918732820495818,3
2016-07-13,0.6360201421741793,-1.1168594078042715,0.2390043780650795,0.0041537371019315,-0.7102333226310976,0.7023485326140234,-0.2159494640019272,3
2016-07-14,-0.1083716894164043,-0.2341003854337829,-0.3704709471290298,0.0339652395714363,0.157474386774791,0.9354319125911144,-0.332206947090154,0
2016-07-15,-0.2417650725884997,-0.2124012497234665,-0.120957026793722,0.1758914421789814,0.1035438516479297,-0.0028602435711051,0.1434042170555695,0
2016-07-18,-1.6930936311866018,-1.155586587843361,-0.7055390750616326,0.4105535363626317,0.604299672614301,-1.465886661934374,0.6341060478669608,0
2016-07-19,-0.2269929137593993,0.3457532384951065,-0.1644109907030436,0.0626066897597966,0.2954455393469846,-0.0381849183630836,-0.2075214659158512,0
2016-07-20,-0.6556624231221527,0.1715293952503552,-0.890234535969514,0.132830627254346,0.8520444185644417,0.720191696350439,-0.1149797776833159,0
2016-07-21,0.7242904922616191,0.1206667609405188,-0.3892688855773499,-0.0849989745694817,0.1272519922723617,1.9753246951963692,-0.4223341939250292,0
2016-07-22,-1.2434824757604497,-0.0098456359661196,-0.0569662523829405,0.2619092661203275,0.3143337999019749,-1.30244273597752,0.2595905788334719,0
2016-07-25,0.2697946884342547,-0.6565245992218465,0.170545671654317,0.0308780565868344,-0.4407853830389393,0.456166228648097,-0.1310520511763241,3
2016-07-26,0.6803303311266704,0.0339334845528123,-0.4180416770352979,0.187163904194763,0.4524363175222236,-0.1661951477726946,0.4247122889078986,0
2016-07-27,-1.209386733575035,0.6029541768443616,0.7639319734657,-0.3230143859650107,-0.6779792419153381,1.0030692101323906,-0.1917528541473387,0
2016-07-28,0.6946817047017859,1.5777768802506615,0.457561277261272,-0.1199061817604377,0.0791630130948156,-0.1734107382883581,-0.1091799861764153,0
2016-07-29,-1.2689398566670702,-1.0068570681903437,-0.5220984096472776,0.3189395866586537,0.3236982407051836,-0.425065210001383,0.2708814616258532,0
2016-08-01,0.5157914093038338,1.6872976524455172,1.0630626021681735,-0.4190605144811134,-0.6791823174703571,1.1280226370194832,-0.709633350793789,0
2016-08-02,0.4205854264447002,0.3438122962520819,0.077032266829239,0.0878705206562273,0.1218936333043998,-0.5435121419145166,0.0933400370004674,0
2016-08-03,0.0966382351166439,0.4985816797122036,-0.1035921420269172,0.0936182111499582,0.3327541449970085,-0.3714265664262444,0.0842429411701028,0
2016-08-04,-0.4194829520008153,-1.1739165779934804,-0.6700776642905587,0.2494933110370501,0.2860156741479528,0.1190414410170191,0.1265264470812599,0
2016-08-05,0.6138000354120762,1.8865959875567533,0.0867296274787986,-0.105251711201556,0.419923823478942,0.8415553608634055,-0.1229481153420853,0
2016-08-08,0.5310874886834657,-1.5004356614381638,-0.8118267172453355,0.1488477876255654,0.0688811815080975,1.6995611777241837,-0.2323455368214856,3
2016-08-09,0.2318689202503,0.8133773600294398,-0.542497803177065,0.1817693655989285,0.8810147203694336,-0.4727063373713351,0.4142484677357181,0
2016-08-10,-0.4733266072066067,0.6064593548054378,-0.4498238193784141,0.0547648543327937,0.6144264749860424,0.3032407608973733,-0.1117204843609824,0
2016-08-11,-0.8588658437714858,-0.5727872422434171,-0.2287947862714935,0.0799768641415341,0.027890105598042,0.2481613565950538,0.2644228595055203,0
2016-08-12,1.3643048066051413,-0.7789336040512557,0.1941830019543979,0.1435333941175201,-0.4553172064226584,0.2262321153945091,0.5727762602450709,3
2016-08-15,1.4055277195729403,0.1322317426942775,-1.343209303712898,0.3677216702949807,1.3461537036422049,0.1752598885016555,1.171738520296125,3
2016-08-16,0.5768281709571816,0.1841413174720492,0.8769488899774278,-0.1687649617092307,-0.8498775147658985,0.1902553377300485,-0.6243663391981239,0
2016-08-17,-0.1589111729022556,-1.0263384197027974,0.3661544051468607,0.0864299698037112,-0.6072444553917848,-0.4824401559241766,-0.0432644805086162,0
2016-08-18,0.1839836856301364,0.5353966754437132,0.5061484395560928,-0.0462651479745447,-0.2736922743798295,-0.3877928699184464,-0.1395120467853836,0
2016-08-19,0.2361802380625066,-0.6061151255459741,0.5398398003168429,0.062934700913193,-0.683435225108779,-0.1076630014472367,-0.0723904805919133,3
2016-08-22,-1.4105308599218915,-0.3935746417479102,-0.7192175875989724,0.1617715789032447,0.577359939669113,0.2646250125949758,0.0212737208615334,0
2016-08-23,0.6273394602782483,-0.0809548133739264,0.7866006835418174,-0.1039712315167062,-0.8129501633117285,0.004852939655676,-0.1346191801845576,3
2016-08-24,-0.2150939751077314,-0.4568637576706728,0.308464941182179,0.0569562560107148,-0.3797989537802164,-0.4432205226008576,-0.1042803279591701,0
2016-08-25,-1.2547264121340802,-0.7239367411782451,-0.5716945285602951,0.1929919669304792,0.3755704627759796,-0.1037644817782183,0.1186933941218203,0
2016-08-26,-0.4073221532426991,-0.2267046771134296,-0.3826076430801632,0.2714313313186847,0.4091251222438486,-0.3804072586714471,0.1073023271268974,0
2016-08-29,-0.2984619298178281,-1.0674007544481638,0.0668226052345255,0.1496766743097783,-0.3220858523678765,-0.4659577096264514,0.1219321556117632,0
2016-08-30,0.0642687465718955,-0.4828476225060206,0.5267119281397986,0.0426696990598533,-0.5711718218536145,-0.7093508347087438,0.2005308501000634,0
2016-08-31,-0.3863648973526395,-0.6707327264452932,-0.4990345344281819,0.2458076193357321,0.3626663471963909,-0.4036271246469225,0.5017529087680774,0
2016-09-01,-0.3968411529956698,-0.1454957651765428,0.0996070750230047,-0.0865545484921792,-0.2740986584973383,0.8861769349136137,-0.4889620302715574,0
2016-09-02,0.308500573176429,0.5020785537961329,0.0954415702366077,0.0454832955089617,0.0558218064478572,0.2792775615024949,0.2012992902546443,0
2016-09-05,0.7785898813457317,0.850027712629482,0.6135219117419676,-0.0816906699516446,-0.2902606332617222,-0.319335387972446,-0.1025726466932409,0
2016-09-06,0.8605497515029839,0.4450650145676793,-0.2205208020234834,0.0720828212543401,0.3149456804793646,0.2195179050844257,-0.0935491447981073,0
2016-09-07,-0.2934318606069225,0.4178950133739814,0.1595581577635468,0.1291123333682919,0.1910520336195069,-1.3233822449081905,0.361111472469688,0
2016-09-08,0.0571976328597079,0.096944908293381,-0.1464221956443432,0.0429058624319916,0.1363230018424251,0.2988057128639053,-0.1752328605663601,0
2016-09-09,-0.77855166359785,-0.3153957962174917,-0.2696702528898503,0.1379091178171354,0.1610633137375971,0.3715736487005388,-0.1688993935155991,0
2016-09-12,-2.2242891183746663,-1.077474540798247,0.2699862358646357,0.103207409537414,-0.4116223030897472,-0.967647755558426,0.2119112381965055,1
2016-09-13,-0.0836709278681095,0.0689086386387619,-0.3251371022887773,0.0887876615388879,0.3129272611917104,0.2348141011515754,-0.142334044652472,0
2016-09-14,-0.7350226935085619,-0.2552697921416856,-0.168655812096332,0.1914795919055425,0.1148575183163432,0.2973878427548198,-0.1827509748985507,0
2016-09-19,0.9812349785696712,0.013338416378777,-0.1026628985173282,-0.0213378470901887,-0.0662450363437317,1.0811699334091618,-0.2176702867779182,3
2016-09-20,0.2404098999257697,0.3383444055809731,0.0832009689679494,-0.0819095755848413,-0.0967632322662883,0.7792392223033711,-0.3663656060924856,0
2016-09-21,0.3554975309843313,0.2118214426669647,0.1973075014572438,0.0293604093480881,-0.3258069545218998,-0.0837359597817619,0.0930337251356733,0
2016-09-22,0.716807605795425,0.8086189334980618,0.03392900262657,0.0320808274153807,0.2555760855161823,-0.1831566247613757,0.2352283241562134,0
2016-09-23,-0.1439071443465584,0.3004510879856874,0.0499716935427657,0.0353880068177114,0.0093408482787328,0.4650030560063146,-0.3437438321976813,0
2016-09-26,-1.2300636887871317,0.5318114482435641,0.2166774872627666,-0.0993137234648567,-0.0512313428781762,0.2792498356176063,-0.4610726937948244,3
2016-09-27,0.2402253975119521,-0.3167539089168305,-0.0805023966895197,0.1510383325056638,0.0532980607978315,-0.4710242147392515,0.3397710354458847,0
2016-09-28,-0.2744074051185126,-0.840465418954197,-0.0498690810131978,0.0429695138280717,-0.2944484101675079,0.5388447191326049,-0.2630771952180932,0
2016-09-29,0.3562852736542978,-0.0903650461706055,-0.0181150700996961,0.0311375587445781,-0.0591394907723825,0.3230995919946966,0.0399382927842163,0
2016-09-30,-0.0117749865548645,-0.0309853642046283,-0.1351446155763768,0.4552836350772608,0.2901540513099577,-0.2092727639663938,0.1801320777721902,0
2016-10-10,0.1268519817733484,-2.576578789927618,-2.4635548628904096,0.3031191653866542,1.0337377390423168,3.858000967738499,-0.4454040794494712,1
2016-10-11,0.8791236493796201,0.3414093017397678,0.2704922424103676,-0.1006923761669077,-0.2869115283676498,0.7888176784979717,-0.2969313979897429,0
2016-10-12,-0.0985815410640696,-0.3318015429609466,0.1416073885313537,0.0214868319799597,-0.2575883755156006,0.122371919124487,-0.1364059439347097,0
2016-10-13,-0.2107281634679273,-0.1965423905978063,0.0088623742973867,0.113854531147912,0.0312430580990767,-0.5630658522479195,0.23314943063424,0
2016-10-14,-0.0484491123111783,1.015716602832718,-0.9452212272848676,0.0955282978035001,1.0704309411274662,1.512514855612508,-0.1712360889978384,0
2016-10-17,-0.2052796458175001,0.5839367681530411,0.3334916214703468,-0.1425669622114368,-0.2299470985539644,0.660422705960497,-0.5160587515376891,0
2016-10-18,1.2424042908369242,0.562226327957063,-0.0044645780071787,0.066825256639675,0.1878299458528877,-0.0810318023462443,0.2903444362826545,0
2016-10-19,-0.5345953632629816,-0.0013057688430396,-0.5190828467628711,0.1368173457621248,0.513533974270204,0.1089332019761643,0.0856477297177099,0
2016-10-20,0.2412402636849127,0.9520488027552844,-0.1856470307048391,-0.0172139297387365,0.4268743094769891,0.4512040215869066,-0.100466072164995,0
2016-10-21,-0.3740548275739601,0.3183243156819965,-0.8626474212790648,0.2127207822830838,0.9098584260321356,0.6095916479362881,0.2656806401678827,0
2016-10-24,1.363317953768297,0.5256437644430945,0.2920911714550355,-0.0506594200702418,-0.1841058530784837,0.3400725186463726,0.13916100843213,0
2016-10-25,0.8800432552450899,0.7224716402202209,0.4258328733705414,-0.1882471506110417,-0.3634600130653916,1.0324108883196432,-0.5613812127573189,0
2016-10-26,0.2129994617168725,-0.3079373586448192,1.3932292413428795,-0.124853358460976,-1.3406277983328048,-0.9465857234229654,-0.0773261589890674,0
2016-10-27,-0.3303219039408382,-0.3933623609667926,-0.0671171666318,0.0638122116068889,-0.0843892987756436,0.1902839335762546,-0.1080255206277291,0
2016-10-28,0.4616704450051113,0.5799333336220102,0.5505384468159473,-0.1642094004098379,-0.5118619268212024,1.1762269828130167,-0.3615411681450643,0
2016-10-31,0.4190655095960033,0.6591889640280916,0.45353429070668,-0.1038548998849609,-0.2742891199895566,0.2292170387730727,-0.2473461592267668,0
2016-11-01,0.590519838124042,-0.2336548513914129,0.3829760538363395,0.0769377431970514,-0.3496432065575135,-0.7273685720268184,0.2779000946904452,3
2016-11-02,-0.9776417923422568,0.5306018005907196,-0.0359013564290363,0.1187074145692136,0.394767493824929,-1.0554720776715345,0.1820093750608885,0
2016-11-03,1.0793140386464122,0.517495871435517,0.2939031676169768,-0.067808237639263,-0.195105067072879,0.4086833276114229,0.1463505017809606,0
2016-11-04,-0.2779002202367752,-0.4359375575064394,0.2335558131852288,0.0968282095007217,-0.3307124787489993,0.0055657129626736,-0.1022851291811648,0
2016-11-07,1.3287265287805978,0.1733103650261563,0.9397791412286526,-0.341829480153622,-1.1688207558247172,1.8033428146188888,-0.8252382799119923,3
2016-11-08,0.6006304201540389,-0.3823415515786895,0.3257693477182974,-0.0116648911949954,-0.494223452314896,0.2593476710936224,-0.0667091889973576,3
2016-11-09,1.4278325150672326,3.2815517051985053,1.705785762091701,-0.5193297960017644,-0.6742428730032216,0.1320989148819187,-0.6443259513067466,1
2016-11-10,1.4308708391708689,-1.2553628378292565,-0.1090717552598229,-0.1001224651413901,-0.7051320894424797,2.466421173349321,-0.5251960939451646,3
2016-11-11,1.7897240274866888,-0.9862828281665926,0.9984763685775134,-0.2276903186537943,-1.6415002208453764,2.1197647847627783,-0.708943702333845,3
2016-11-14,-1.4873509429223166,-4.223976715586181,-0.4762103927673849,0.5685846631573169,-0.620284576624328,-1.549190856547868,0.8588638516754793,1
2016-11-15,-0.6679430261149857,-0.6862944380807312,0.1220795915973766,0.2925697286134924,-0.0175365656144786,-2.061700963375836,0.5803642885898701,0
2016-11-16,0.7482695831140564,0.0486548412174775,0.7183916062327559,-0.1808757995716488,-0.8246479606685606,0.7449487151890642,-0.4466560755162655,3
2016-11-17,0.0676255370301365,-0.6795745414374555,0.5949064696267798,0.051001174849952,-0.6964280773727255,-0.7540199535900489,0.2686559914239755,0
2016-11-18,-1.0746076689933577,-1.2764539167470454,-0.324081677986779,0.2621514072560054,-0.0317617687472901,-0.0697215837111212,0.0235123723615623,0
2016-11-21,1.222383087034718,1.031279299388243,0.6247688253529123,-0.1821070035481548,-0.3804546096688618,0.5042513665683724,-0.0358808312225469,0
2016-11-22,1.790109768672565,0.7574248372114311,0.5163948781423271,-0.2861118688003092,-0.5863451506105342,1.886717279544608,-0.5725093665277308,0
2016-11-23,0.018066627795542,0.1844475696100269,0.0650959202395599,0.0266843815910203,0.0029843528708984,0.0069965591459157,0.2192636926250891,0
2016-11-24,0.3901762273467817,-0.7877679482834858,0.157835024297742,-0.034348062432882,-0.5565089328151246,0.969071401114463,-0.0797459612576803,3
2016-11-25,0.9996879264213918,-0.2834434658140847,0.2992666634194409,0.0103656981759129,-0.4949709713387183,0.7931051172957431,0.0489282087882027,3
2016-11-28,1.3153208202312785,1.155870059647521,0.5518661741866256,-0.2531857346348612,-0.3798498216274519,1.2046120561974465,-0.4429962463901238,0
2016-11-29,-0.9780917742588436,-2.6965669318040963,0.2549723554172844,0.4003095725307032,-0.7564365378506885,-2.198400929320504,1.3981332131635216,1
2016-11-30,-1.335196055739985,-1.278774110742888,0.0126762214240076,0.2402184600187615,-0.2258553759282719,-1.3912075584359147,0.2782566685817857,0
2016-12-01,1.6213976622735646,-1.004856392355819,1.2738605732291084,-0.2463043472930042,-1.809864368061368,1.0559150552456913,-0.3971414215330113,3
2016-12-02,-1.1153672288272802,-0.3745277501469815,0.3407958827416017,0.0952257596561203,-0.354675756793496,-0.4718478183268759,-0.0027286906354687,0
2016-12-05,0.0646682335121974,0.6502284457276023,0.9345655528347252,-0.3363834773537915,-0.9145129799738492,1.2184434494959329,-1.4010152201488044,0
2016-12-06,0.5506832646958887,-1.4537614479569034,1.955400259678333,-0.1442131858752849,-2.2773499195020817,-1.111514989308637,-0.238139909693374,3
2016-12-07,1.5970111452801898,1.235490654444773,0.3558274846540405,-0.2537503242046919,-0.2363720585600539,1.6231743828148837,-0.6824980394973824,0
2016-12-08,-0.6089744848157141,0.9018463839753188,-0.2910706162389807,0.1516707132051908,0.756780494438257,-0.9698428928325457,0.4251362517148328,0
2016-12-09,-0.1632642407684544,-0.5645706161410685,-0.6500851574358466,0.2304104132549021,0.4100493385072091,0.6321540864824995,0.4010271586477518,0
2016-12-12,-1.2112385294210846,-0.4002793290205894,1.933844860693665,-0.467605987958547,-2.11485550923987,0.6216687849409144,-0.8095173932403918,0
2016-12-13,0.6241842223480473,0.0532457321310402,0.7144797229023259,-0.1132181901489505,-0.7629989071754145,0.1800313530817283,-0.4254377177353011,0
2016-12-14,-0.883970845663454,-0.5755154254864835,0.4067027627653368,0.1056897604731435,-0.4187729608688971,-1.2259234368032603,0.0932397692831935,0
2016-12-15,0.4149259567302606,-2.770191549258266,2.551666254748147,-0.2011242504780226,-3.348837291798756,-1.0707328615570932,-0.9524700547205476,1
2016-12-16,-0.6059176897001118,-0.723957928068318,-0.697475925591165,0.3563667182321823,0.549980291140025,-0.5139939539564714,0.2968152491175294,0
2016-12-19,-0.524902340418034,-1.6311712824799764,1.3047296957332577,0.1318089768799607,-1.4601811500419777,-2.3864931296524063,0.2590803401953189,0
2016-12-20,-0.7598727816276275,-1.3273489869793071,0.5118311669414776,0.1527583621016545,-0.9827899609076208,-1.316133457540062,0.106346295361963,0
2016-12-21,0.321978526226484,0.2991917072427374,-1.11766674638991,0.1466822717763657,1.0341895381251949,1.1547891926870144,0.1514871710213301,0
2016-12-22,-1.7950075805923695,-0.4857834943797385,-1.8752510330222083,0.5254548493642627,1.8695069887145803,-0.6248809846163711,0.6999260293660636,3
2016-12-23,-1.0756643511352506,1.1066112824102958,-1.129447976999882,0.1590070395667893,1.4113700812788004,0.9940610988265538,-0.2417828688088486,0
2016-12-26,-0.872627661427419,0.4458699920060914,-1.4148597256654951,0.3666278208888309,1.6854155505610622,-0.6729560127341555,0.7534178050589905,0
2016-12-27,0.5611688429389741,0.5588899210617365,0.4532841877828125,-0.1965867866955211,-0.3960961876738257,0.8436322583907019,-0.4782317275857869,0
2016-12-28,-0.1056467697113119,0.2122906995038955,0.222213584399016,-0.0463554796266287,-0.1752722994164806,0.1933583026859462,-0.2655313881173529,0
2016-12-29,0.0423168383893854,0.9506465574870652,-5.370700998410667,-13.56812183008734,0.3299384794280151,-0.8622352963527213,-0.1392269583767569,0
2016-12-30,-0.4632115929822306,-0.2324209969416152,-0.3781535448310942,0.3791645112896949,0.5294419189178862,-0.9646540081102396,0.6069030545756402,0
2017-01-03,0.3344203836819839,-1.1354129270509967,0.2170092635956696,0.1752911304398135,-0.4059762620739871,-1.032327602658948,0.5910363589178949,3
2017-01-04,1.1602243488187376,-0.2993166884910598,0.9522711079782804,-0.0394605462821454,-0.944162362232408,-0.6452666496371862,0.0782302295316925,3
2017-01-05,-0.0139254499983846,-0.0202055778646958,-0.0369716296762315,0.0465091752089095,0.017412734191454,0.1564228904457292,-0.0567179087022979,0
2017-01-06,-0.6486696564759736,-0.2828063821048025,0.2824168757288385,0.149002631562175,-0.2070444030461587,-0.7774537812434382,0.025884642579232,0
2017-01-09,1.413682907735826,1.1401129274367616,0.2918394565919767,-0.2273143515524696,-0.1762714730332138,1.5704634094157155,-0.561470315561046,0
2017-01-10,0.5445739088295785,1.644393534973913,0.1728897356077099,-0.1857831682818057,0.2259501800084012,0.8932610828195267,-0.3828248923906275,0
2017-01-11,0.1328128870051689,0.091996361480646,1.2766383154334209,-0.2175201471245453,-1.1906669885580508,-0.1932636454896651,-0.3520789178968356,0
2017-01-12,-0.1672276016383585,0.3694932729315119,0.3207110954177122,-0.0982320055523492,-0.2483685351299809,0.4359582417316997,-0.2341972571912767,0
2017-01-13,-0.1731912763758908,0.2016722436637578,-0.0496373582643739,0.0404504392659948,0.0521890911106233,0.7398145242511609,0.1557801855698312,0
2017-01-16,1.04219155632016,1.760378203133277,1.331579823054552,-0.5462215948942712,-1.0325704343989774,1.851724940733802,-0.2752019073511474,0
2017-01-17,-0.3822983730942167,-0.726270052190001,0.1387836183591543,0.2991810099722022,-0.0613905041505879,-2.038838549232036,0.5480052358637522,0
2017-01-18,-0.0061018987928496,-0.0822703207449706,-0.4725714534480733,0.0607448340236201,0.315761232989507,0.7010413858759065,0.1495453277251243,0
2017-01-19,-0.4881343781170895,-1.1112487508544262,-0.1069912073109114,0.0701255193348827,-0.3295616455649309,0.5201554880434719,-0.1440500894036346,0
2017-01-20,-0.3206437329518866,-0.3964832656532472,-0.774409359901888,0.5179548604860252,0.9050236171108972,-1.2901397767444374,0.7069943116357421,0
2017-01-23,-0.2739320257733444,0.829444497810552,0.0494091698620138,-0.0529600394039425,0.2019403401013474,0.1381097974389812,-0.9952783960629964,0
2017-01-24,0.7548644174583314,0.0735679067958148,0.7634365458787241,-0.1874661810909081,-0.8587904571451308,0.8019273781161353,-0.416851088970111,3
2017-01-25,0.3822605574882322,-1.317484741308881,0.7058304316820236,0.0142346917315818,-1.1089197456671092,-0.165720158280979,0.0413756256415585,3
2017-01-26,0.7734345340003843,-0.322488853108856,0.2664896725184731,0.2703602426313616,-0.4182282845766464,1.1538101992891394,-0.3933176667287517,3
2017-02-03,-1.3812873671979435,-0.4041158118314104,0.2528093473629495,0.4238468642437435,0.1135327886931947,-2.7973490028388457,0.6212409066653781,0
2017-02-06,0.5513168390188644,0.2278484964382688,0.6511326926614647,0.0120348013100556,-0.4476039266489433,-1.0208795461441789,0.0793519437807158,0
2017-02-07,0.5596976652764685,0.8060307786974629,0.8436127476129468,-0.1420015323153907,-0.5834940297731033,-0.1528872052955859,-0.281149954718262,0
2017-02-08,0.7427169197580887,0.225095606475716,0.1390552793723043,-0.0302854987770897,-0.1595602234480208,0.4875366309039277,-0.0861100388888039,0
2017-02-09,-0.1058629027001804,0.7000789938756837,-0.6832434927327045,0.1927063107863347,0.9804544111719654,-0.4177241165644922,0.3251541760754017,0
2017-02-10,0.7828171888961963,-0.4062293985451422,-0.0542748480009252,-0.0289715209927637,-0.3583452644807527,2.06936900226508,-0.4061246809516566,3
2017-02-13,1.5961162760812837,1.6159998132138764,0.3548623232313274,-0.2755994031486978,-0.0799935656802323,1.487784129083481,-0.4298676766869453,0
2017-02-14,0.0035636828345103,-0.3893334366411634,0.168844041632143,0.036437170727606,-0.2844335816906772,0.0056578851422309,-0.052028234859199,0
2017-02-15,-1.312971825278447,-0.8157329055200595,-0.3450187917700603,0.25010444344147,0.2503775898009585,-0.8837751511530125,0.4872989438557734,0
2017-02-16,-0.0356462011847211,-0.0804952809710359,-0.2400632357044744,0.2437935567975014,0.3853049203269159,-1.041245980855131,0.5087218917697428,0
2017-02-17,-0.4502832054801183,0.7777029133915899,-0.1606223191217656,0.0769249429095649,0.4051416562407341,0.4248846729329486,-0.174113548049605,0
2017-02-20,0.9922880188134032,0.3571733984709633,-0.7363228421017655,0.1021364296391783,0.7006992288981124,0.901154147528916,0.2944071461132195,0
2017-02-21,0.2402649195828149,-0.1025718463916051,-0.1375711451183059,0.1232301928534215,0.1226868041731735,-0.0364641310117563,0.0223793384412386,0
2017-02-22,-0.2115200201005548,-0.5451824300584426,-0.1509192773817389,0.2052468546213914,0.0980536274157197,-0.7231606229263713,0.2446228162144934,0
2017-02-23,-0.9335402571478748,-0.2686085053382331,-0.3404060849949512,0.2425159608049131,0.428478954291085,-0.962132029119528,0.1865744424308362,0
2017-02-24,0.3743666132487916,0.8735852008868938,0.6742883801911249,0.0671408302936721,-0.2151200956354106,-0.7641386971059678,0.0774443572171767,0
2017-02-27,-0.2962378078549725,0.9338774955068824,0.0634943435691595,-0.0983971208196364,0.16320235260571,0.5924574647762038,-0.423512442823186,0
2017-02-28,-0.3023666844947434,-0.292509151983841,-0.0659124281770865,0.223262100705906,0.1628220071411416,-1.1483155911400151,0.4056853962823562,0
2017-03-01,0.5455090244632826,-0.9888075940946152,0.2212838095683051,-0.0746246719330361,-0.76180807195173,1.4565036169837935,-0.4850090136246361,3
2017-03-02,-0.2541309199259286,0.0158232204419329,0.4950049271907474,-0.0441826425426311,-0.4596837752494439,-0.1118647532326025,-0.2866640520749733,0
2017-03-03,-0.3685897227586301,-0.7697543272983913,-0.2760982964105261,0.2327209462728105,0.0261799310567656,0.3139031687881894,-0.1695118379590815,0
2017-03-06,0.1302221967618008,-0.3728260237838339,-0.2199234666807805,0.2156359773940465,0.1981634464820832,-0.5869480191524753,0.288181766112306,0
2017-03-07,-0.0660666931666363,-0.6553238343671646,-0.0361206385721447,0.110063823418407,-0.1717685761467541,0.0032611208927291,0.1328737112689606,0
2017-03-08,-1.035783408915696,-1.7374035774580203,0.0700071825403218,0.2910994090956457,-0.3926915961979124,-1.3362755457162243,0.530232225378718,0
2017-03-09,-0.8923577515761671,-1.0198651281126343,0.1855581517793607,0.103591315079148,-0.4341488136006298,-0.3764910488290945,0.0434988515010125,0
2017-03-10,-0.1283333111030706,-1.5349038148614955,0.5949222168131879,0.201796373247615,-0.9472419714570596,-0.6042757141926695,0.1037964549853431,0
2017-03-13,1.4198637283190698,1.724553768212136,-0.0602636561919357,-0.1173230287067719,0.432589141151762,1.0485295216372672,-0.1876877052073023,0
2017-03-14,-0.5531237236819698,-0.6241814729305176,-0.4434214688564846,0.1682939396699291,0.2350796929240895,0.1388847884947132,0.1379821159828376,0
2017-03-15,0.5759658116791178,0.4015613339998818,0.3162732456640897,-0.1026456917532442,-0.2838979690562257,0.7007166887402843,-0.1813738952927001,0
2017-03-16,0.8257662990814972,1.582651820040737,0.1592966802340716,0.0009032039521844,0.4310688058720163,-0.4914682908296033,0.1048813248665575,0
2017-03-17,-0.7886061602993377,-0.250146907033431,0.3791107107152108,0.1003639002030433,-0.3562063653023056,-0.2162657631075227,-0.2727908545433861,0
2017-03-20,0.2149264094879455,0.4071756163510756,0.1027288140428706,0.0705862412163264,-0.1387857698387899,-0.279698675300098,0.0390221661781525,0
2017-03-21,-0.2594377526570195,-1.4229742661425788,0.0702111137351826,0.2426524399681717,-0.374765662591128,-0.9015034110766256,0.522715127793241,0
2017-03-22,-0.810007195346237,-0.1079714794198615,0.2633649613353637,0.1987642861465594,0.0132285686427713,-1.8007824922127993,0.3775890729309094,0
2017-03-23,0.4239276737197289,-0.101846880005691,0.2782900617137083,0.0068971854464508,-0.3192476525352574,0.1390534614178595,0.0251354716824465,0
2017-03-24,0.0269758230504387,-0.0009063969876297,-0.8050662169684781,0.3322167396073442,0.8280211873124292,0.2308419218054918,0.4131453599494669,0
2017-03-27,-1.2974025289132154,0.3648963842879618,-0.6591449417452157,0.3374528749894485,1.0666042617385725,-1.5673032285452315,0.6484331885952126,3
2017-03-28,-0.2190723052952286,0.0378130518561168,-0.0720997043993852,0.0414708773301426,0.0692560187007382,0.2705775564764802,-0.1092911115231141,0
2017-03-29,0.7534650135705048,0.5451462912682019,0.5177365070595631,-0.2281243887667779,-0.5513375941031037,1.3975882881823023,-0.5858675246425722,0
2017-03-30,-1.1659912658763536,-0.2661389734468526,0.0603515840832955,0.0779299277868519,-0.048236770488941,-0.4174735139897064,0.1630320999484643,0
2017-03-31,0.0764901492964442,-0.7416232625896835,-0.2836561266793905,0.3498108252254008,0.0877260487604131,0.3071960376571957,0.2289468392723267,0
2017-04-05,1.8470824266665355,1.0540603418385923,0.2442908010012212,-0.0007841960830219,0.0694973626231032,0.1602046213296035,-0.0083245381961743,0
2017-04-06,0.206731322476442,-0.4706395348593412,0.2100870995933357,0.0729200901128322,-0.3305652055373192,-0.1359245478131142,0.0928890681829986,3
2017-04-07,-0.9266422011100582,0.1396047015688558,-0.6051616132733999,0.501883728721658,0.9999635230759196,-1.7843769400805949,0.746429919285408,0
2017-04-10,-0.5550967503486353,-0.8804747364493457,0.0273493206068111,0.1316314304129587,-0.2459294368224966,-0.2088411577982912,-0.0239498754907265,0
2017-04-11,0.1467964539290951,-0.4379147234724836,0.0498945073687326,0.1686074353002232,-0.0726006331832801,-0.7117610099092239,0.176874205678092,0
2017-04-12,-0.7648019429717212,-0.1815079380233131,0.4284259687234498,0.1777997666294653,-0.1637458067590346,-1.8503074469212053,0.6232746796961989,0
2017-04-13,0.5663704757739328,0.8285767058741533,0.25327952392593,-0.0250515450709802,0.0262997563352082,-0.0977299832751813,-0.1402692063582521,0
2017-04-14,-0.8673374471066866,-0.4058305756533542,0.4548257922824983,0.1290761067564229,-0.4416094783448869,-0.4964292210316193,0.039731448167315,0
2017-04-17,0.0420100280447121,-0.5836335554581141,1.203089032048837,-0.0969481645688675,-1.287096336275588,-0.5766688159062144,0.1219592947615108,0
2017-04-18,-0.9227699922916118,-1.143671189136833,0.2636440305991884,0.1774905643577045,-0.4467191727968396,-1.0822890554278632,0.2501026732766636,0
2017-04-19,-0.5209417455076842,-0.2235699415307299,0.2584983117721419,0.0047871916799284,-0.312399181425978,-0.0269664488514937,0.0032580596573037,0
2017-04-20,0.595434050829559,0.1083298017818204,0.2370493632532589,-0.0501037998881266,-0.3061645372238008,0.631031936707818,-0.0176413685534134,0
2017-04-21,0.3655207367628079,-0.3097506807448597,0.8837080200915787,0.0006109690007522,-0.952117498096784,0.0814047121299559,0.0603792955276628,3
2017-04-24,-1.099236615334744,-1.0265409720019725,0.8665874913875549,-0.0760445462406736,-1.136294997569092,-0.1762559926106835,0.0617127352083673,0
2017-04-25,-0.1632179801863142,-0.0476271493197022,-0.5624936295068725,0.1817685668036874,0.5368615050642227,0.0911300969087038,0.1815022946684376,0
2017-04-26,0.0709380937655973,-0.8194716541621113,0.262449089922942,0.0811139382394278,-0.4898479165714442,-0.1023044276147168,0.0030013840389896,0
2017-04-27,0.335707234641947,0.4571474218438889,0.038450028719725,-0.0122998442168503,0.0518920256541231,0.434668466015139,-0.2036960940651882,0
2017-04-28,0.4324175101071061,0.4800560686830225,0.4549582864839942,0.0898526114297212,-0.2760186027052891,0.3356367103537653,-0.398600704548682,0
2017-05-02,0.3574857107700616,-0.9210760092765372,0.8042133396520965,-0.131786920236959,-1.1954902238212894,0.6999140455765402,-0.611959322291357,3
2017-05-03,-0.4110695011208682,-1.0123069929393549,0.6234271477553164,0.081600496723444,-0.8043484241930591,-0.846322355071478,0.0527027967356339,0
2017-05-04,-1.6695355896016295,-3.3382666905873752,0.0103159460719361,0.4581637442545213,-0.7506528214431809,-1.918683373331193,0.7236653689463626,1
2017-05-05,-1.2132259213907068,-0.6801842371557176,0.1243338135256828,0.2654277666665059,-0.1387766977854793,-0.8168815178241768,0.3432538784842505,0
2017-05-08,-0.1738511168332697,-0.5828168758471716,1.4567482362646964,-0.2157170370687624,-1.5971735254426125,-0.1686071664391002,-0.135779556064725,0
2017-05-09,0.4173777644914775,-0.6925549782992635,0.877849902208143,-0.025414576276459,-1.0439079314655082,-0.3782735578873453,-0.2957303277632868,3
2017-05-10,-0.0841576347878789,-1.3533592241955117,1.7719327472768291,-0.1983116588433243,-2.126199027956177,-0.4238564575590995,0.1218851995763965,0
2017-05-11,0.2461086688437045,0.6171332294497069,-0.4455932562047927,0.0516242331995622,0.53399729495849,0.6936692715139045,0.2332510969510084,0
2017-05-12,0.0301451590511588,-0.6264492624649404,0.3520138221802319,0.3055071487639456,-0.2841686454215886,-1.356418736821536,0.9027273168517606,0
2017-05-15,0.5805850382412654,1.047603152309469,-0.4638091330260212,0.0012030673067723,0.6429327177841087,1.0127802754369142,-0.1707241580459562,0
2017-05-16,1.0502528199256762,-0.269850070763161,0.1490926338514798,0.1107678467340148,-0.2130084830300371,-0.2595974729628768,-0.0386675829860503,3
2017-05-17,0.5468738550428546,-0.0252957684936271,1.2493541551129663,-0.1680472648550543,-1.2178592163000266,-0.2152797923956609,-0.5750706613935272,0
2017-05-18,-0.7559983700810256,0.8484781971344661,-0.4006581859331535,0.1347372230501898,0.7697671698919777,-0.4719515214889003,0.3021634390985615,0
2017-05-19,0.9796953021980273,-0.1003200210704278,1.024116208382502,-0.1012146012722278,-1.131859523527737,0.7663849869788062,-0.3915199648173673,3
2017-05-22,0.3393404460576345,0.0505745323493425,0.9711763065606742,-0.1536932419181568,-0.9376353103277416,0.0449639940328697,0.2602679097180089,0
2017-05-23,-0.4049675917509884,0.5952551105138572,-0.0482548058582569,0.0219003773399742,0.2653656425947754,0.0008678514625873,0.7779294417799523,0
2017-05-24,-0.9844346464875778,-0.8841349652133447,-1.4228405243551163,0.3753871878554488,1.1045797148136285,0.2921298542448764,0.1440239941792546,0
2017-05-25,0.9217224600819378,0.3187493105465372,-0.5186071439761482,0.1921741418473712,0.6279097121952372,-0.0323615339063305,0.8286625517297967,0
2017-05-26,-0.2104098046259826,-0.2246518187694526,0.3785289004879082,0.3003286291103327,-0.2585395181709657,-0.5433573681512883,0.1149494900098347,0
2017-05-31,-2.2786804372175387,-0.6230677986021795,-2.6940624657389005,0.7120683968718245,2.655210926811341,-0.8344477462623023,1.2381935418435166,1
2017-06-01,-0.3508181473298288,0.131659533730005,0.1500024940364416,-0.01783065734369,-0.1241793434426403,0.3273250165304768,0.4737540587319366,0
2017-06-02,-0.1917331982326281,-1.010053605276183,0.2599995911487112,0.2814246388150059,-0.409303626206674,-0.7393757434458401,-0.2201266177737309,0
2017-06-05,0.1851021026170008,1.2528468887062834,0.270428479480734,0.0094452596604001,0.2413302441524221,-0.6394383897360214,-0.3392138879634114,0
2017-06-06,0.6394362823616475,-0.16455017052614,0.5788937477664303,0.0431755651421079,-0.5173261953487522,-0.6533661027168891,0.3357068315010205,3
2017-06-07,1.1005187300902393,-0.359494983404922,0.1274622029658164,0.1454620052026319,-0.1846504879462978,-0.4151103072174442,0.2095444034209718,3
2017-06-08,0.4852679176052525,-0.8591378955868947,0.4035782754706111,0.0489020702018743,-0.6552839798748352,-0.0863261437344128,0.3370978385727932,3
2017-06-09,0.0814024388543401,-0.7632813619877248,-0.4481444383946264,0.2238748964143015,0.1070810853829492,0.988008092978719,0.0179777086589006,0
2017-06-12,-0.1863066447512396,0.8453530827138974,-0.678809038165711,-0.037994545717613,0.7251689811817008,1.633214488056047,-0.1114205569434767,0
2017-06-13,-0.4932577947624119,-1.0104431205473077,-0.5351423808205646,0.3733282975772111,0.4116728484407255,-1.1320114448416103,0.329018211311316,0
2017-06-14,0.3468127887020298,1.2301629458444725,0.5819334405585126,-0.2667876725988157,-0.3480158123379854,1.1857073067829875,-1.084103916373987,0
2017-06-15,-0.3832928518292982,-0.7246400762599666,-0.5529447330237268,0.2167165235878394,0.330220293327956,0.0928907178617635,-0.1923863387075335,0
2017-06-16,0.1055007976064777,-0.36117516652823,0.4854664851019212,0.0970874222744234,-0.5460088686387717,0.1230608158383943,-0.1752403180066572,0
2017-06-19,0.3164845441893248,1.0757945566762106,-1.7607155144214686,0.2199384557783495,1.643726797966487,1.6768016586182328,0.1497370443867489,0
2017-06-20,-0.2515975440219264,-0.1454416502977316,-0.1341008778390735,0.1071474983636824,0.1299096013791259,-0.0289074063911156,-0.0826190498695319,0
2017-06-21,0.6825028459883673,-0.9338514756251,0.6062617706299686,0.0829319928157379,-0.7842507997810757,-0.5861867071588691,0.6398377733760682,3
2017-06-22,-0.2480239642877151,-0.0614868828829884,0.7168081870940152,0.013708478207336,-0.5554505866281626,-0.9227141621471388,0.5639633928863711,0
2017-06-23,0.8118693442273176,0.695645340981957,-0.252849507441554,0.107438333251557,0.3657484756585363,1.0317537295127266,0.1117153072734603,0
2017-06-26,0.6734333921683512,0.4523730292746115,-1.0943839897438976,0.2439070387365519,1.1548140553147943,0.60325062486259,0.2500422367536014,0
2017-06-27,0.588534060018045,-0.1525574273843324,0.334639438247914,-0.0946263634335491,-0.513676981414708,0.993033150733137,-0.3111929328482783,3
2017-06-28,-0.3019716129228907,-0.0353163725621826,0.2735928764644716,-0.0422682598869078,-0.3130989724529012,0.3908792622092914,-0.4633259960498432,0
2017-06-29,0.9979865168633472,0.3731826911812531,-0.0488226412698131,-0.0830293794333665,-0.0451663259296386,1.442729346076882,-0.2733251203948036,0
2017-06-30,-0.0843172029874728,-0.8513681383989942,0.0274084819940624,0.2252074964388464,-0.271370040304093,0.2390102557224717,-0.1415444309437345,0
2017-07-03,0.5910739239096019,-0.1260059106957211,0.5552189963593844,-0.1365889409781301,-0.7310006646080808,0.9448791584144088,-0.8386888482429705,3
2017-07-04,-1.6246822525575306,-1.1184965969730118,-0.5619471993932011,0.3317603250567599,0.3797232616712152,-0.9149016818382444,0.2114625122087254,0
2017-07-05,0.7556077576579312,0.2034642520361322,-0.5411199361266633,0.1127738268995593,0.4912237199197987,0.7571977403175535,0.2969881730734047,0
2017-07-06,0.0144517087760265,0.3642100833031396,-0.3304691855737699,0.0701606962658437,0.3959780828762145,0.4491150478573577,-0.0687365433717583,0
2017-07-07,0.2137405145994659,-0.0592195434552492,0.1190452353438879,0.1380661492302645,-0.126994893896526,0.2960144792057579,-0.2158012782794362,0
2017-07-10,-0.3484437151575361,-1.488946218892693,-0.1719114597546193,0.097575045863044,-0.3981320326272938,0.7733133161866685,-0.061446959592276,0
2017-07-11,0.859215137818019,0.9876901582260336,0.7678349584197859,-0.2184638147536921,-0.531142467412954,0.6402805420340096,0.2084432613678979,0
2017-07-12,0.0836812339171111,0.4887535490914662,0.288160363119137,-0.0124491600256058,-0.0959716272198731,-0.1193972431035774,-0.197682827176092,0
2017-07-13,0.6113037657210222,0.1267845616207297,-0.0463330518896306,0.046219652406784,0.0462074523693121,0.3317496267593185,0.2598804917263614,0
2017-07-14,-0.3146499748001169,-0.8326713933796888,-0.2577403679029131,0.313065413678502,0.086958840431803,-0.1562227172570641,0.5390053811585118,0
2017-07-17,-0.5802759477530332,1.917030659172385,0.8563567562476745,-0.3971949535947949,-0.3423041984464022,1.0270874952432816,-0.0156416972174533,1
2017-07-18,0.7000167955012062,-0.4086435624887649,0.8395798264436765,-0.0122086441377479,-0.8914636477367175,-0.5064301633318697,-0.2296375348646693,3
2017-07-19,1.771627149898073,0.2936206049707315,-0.045853722550674,0.0439620623363282,0.02786938299579,0.6220953868331056,0.1292271908489814,3
2017-07-20,-0.1183232255470311,-0.290564721577391,-0.5141294086282681,0.2384647269260899,0.4853044536960879,-0.3426645128714186,0.3362710915176146,0
2017-07-21,0.1341900488922311,0.6981214171565329,0.3462947335577124,0.102947289983797,-0.0331897467688621,-0.21014053474998,-0.3899591978182833,0
2017-07-24,-0.265634949646242,-0.2995674252737399,-0.4356342249122799,0.2735942262078314,0.486126890198682,-0.821775305534306,0.4356479159345098,0
2017-07-25,0.3426623158614226,0.3307476125782605,0.7155872354617908,-0.1797563869983937,-0.7007308043244618,0.6831525759875272,-0.667590900052573,0
2017-07-26,-0.3735998192904542,-0.9935763553173254,0.2950441472853285,0.0867244797371336,-0.5541626635657876,-0.2298452033769464,-0.113453389430497,0
2017-07-27,0.625021652999775,0.7495856594689357,0.3808386917069911,-0.0195501258199992,-0.1003226864891028,-0.2352045949975972,-0.1025553387872904,0
2017-07-28,-0.26945621844148,-0.5304270999079798,-0.2965960654341066,0.3523807932347534,0.2659904897309978,-0.4942593917173959,0.280929975786964,0
2017-07-31,1.6178965979098796,0.7804955765292517,0.6818040601165953,-0.207884287454457,-0.6011064460484634,1.0681480301667676,-0.6822322022437599,0
2017-08-01,0.1538468907773244,-0.3167521842194928,-0.0528059726923971,0.1398656410695797,0.0137710621007485,-0.3245644438587014,0.6397669794339959,0
2017-08-02,-0.3077261293079306,0.0688190064542963,-0.1650759700124462,0.0458332812741925,0.137459428193116,0.4186767250605634,-0.0520400701804159,0
2017-08-03,-0.7091559101346473,-0.6351026499585454,-0.0932302981068577,0.1242707160094632,-0.0819475677112827,-0.0719576501466836,-0.4081365657257054,0
2017-08-04,0.1728303982359912,1.0229231881880665,0.5468203638928738,-0.0355922571701121,-0.2055287653489829,0.3358574181176615,-0.3728756958454072,0
2017-08-07,0.7566796343419822,-0.7463262624349781,0.1607740716294599,0.0413179619542665,-0.4895595542568395,0.5687498229912139,-0.2646333120451667,3
2017-08-08,0.3146692013125864,-0.2211933543410894,0.3497141650147443,-0.0119140762642181,-0.4467531560169092,0.1997800815527112,-0.049231457224657,0
2017-08-09,1.046287119314478,0.6827567718695118,0.7878474975306544,-0.1891788329444927,-0.6649577738399916,0.6180263208107413,-0.589059671102933,0
2017-08-10,-0.4371210015614901,0.5196974723913322,0.0017466440177623,0.02850032221022,0.1981788314737378,-0.0820702791769698,0.0366149961709979,0
2017-08-11,-2.2077831052207952,0.3715351671310181,-0.3095290440153403,0.2798931523366836,0.6757792279772171,-0.9981042719284658,0.039935556144957,1
2017-08-14,0.6007320542159535,-0.271467612307315,-0.842870356209448,0.3126325126505552,0.7771450565938014,-0.1637420893725879,0.3762864133385484,3
2017-08-15,-0.0120417449944655,-0.7452657257496236,-0.2558910955268245,0.1311107774300712,-0.0224544634175926,0.3409195908762454,0.0519175311968973,0
2017-08-16,-0.1810212284826905,-0.4391203557584038,0.1805953474124531,0.0917277573575848,-0.2482515490614725,-0.3584657705395254,0.0162804445552929,0
2017-08-17,1.8305074253413909,1.5293968256505373,0.9065625644572816,-0.3067921909636316,-0.5964558853887714,1.0673400554144503,-0.5577031231785752,0
2017-08-18,0.4629126941153698,0.7416308782610557,0.4225785899193164,0.0222303236296525,-0.1767905052551484,0.3050148198797047,-0.0632299938231929,0
2017-08-21,0.7702913284221252,-0.1961087254259936,0.1646152802296976,-0.0112043545719949,-0.3330859260687523,0.7004568915020806,-0.2759122871839842,3
2017-08-22,0.464615719055198,-0.1828307622628764,0.4377025944980514,-0.0839197629718592,-0.5863620614478182,0.6421048304845716,-0.0332448804304843,3
2017-08-23,-0.8279829710889661,-0.3034916847982851,-0.369764260399719,0.2329120738168699,0.4128065723694279,-0.7148344310296056,0.6332883727999603,0
2017-08-24,0.0446713257223972,-0.0197292407134883,0.7975410673211818,-0.1297580375628343,-0.8120289068699895,0.1633023689290037,-0.340715082513855,0
2017-08-25,1.3817949548259183,-0.0790103894631915,0.048271455692858,0.153692432828265,-0.1349654113832825,0.6317858334346039,0.3459163379552237,3
2017-08-28,0.8985496425197452,-0.288853219499688,0.321505561833212,0.1407750529218805,-0.27970821466847,-0.8516159057001095,0.5177004551245218,3
2017-08-29,-0.5390743903138623,0.686201605804861,-0.1641826874415817,0.171055459651484,0.5661775483286176,-1.0762553601328844,0.3796894479154126,0
2017-08-30,-0.2437983630392756,-1.166905914570241,-0.4225571939948792,0.1888831406845151,-0.015696673363676,0.4573702870780824,-0.188698053665973,0
2017-08-31,0.007721819221432,0.2260060358505126,-0.060644880119872,0.0195430587410257,0.0704255621535202,0.4069441531973711,-0.3490557729733614,0
2017-09-01,0.8111664479422043,0.6946556737484382,0.3941896628652747,0.0678105640999784,-0.1447130536546341,0.1981935395446075,-0.2840693468343054,0
2017-09-04,0.4328944860081642,0.6024566634632793,0.1595286142294966,0.07817498933414,0.1325832264868682,-0.5685926250100464,0.2119229258585444,0
2017-09-05,0.4360246392838456,-0.2771681624353851,0.2748956830231459,-0.0132646768250221,-0.42278447688165,0.4558607949829312,-0.0806257735112246,3
2017-09-06,-0.3059469565593951,0.0883616745175119,-0.141789550728732,0.175767771004088,0.2976645892954153,-0.715505241827596,0.0405369897605513,0
2017-09-07,-0.9496924440640364,-0.199095267511065,-0.5590809017051105,0.1549748423582854,0.495334702327513,0.1746946248044022,0.0427583915961566,0
2017-09-08,-0.7443831356715235,-0.008999180732083,-0.7151971173371435,0.3934033796614019,0.8576955631739401,-0.4610885870363785,0.2559765270224297,0
2017-09-11,0.2276052043981018,-0.3976663080470947,0.1150545249268152,0.1063567055726247,-0.1927723090644542,-0.2164924832548156,-0.2503633595168942,0
2017-09-12,0.4451255068096221,-0.313623196936824,0.1588551233038351,-0.0391777345158982,-0.3859720794736752,0.9091585325510796,-0.1357432888531312,3
2017-09-13,-0.179931267501316,-0.784093229199778,0.36284448884285,0.2052151237506778,-0.3703051997788252,-1.421694339772844,0.3216319359246826,0
2017-09-14,-1.0270747191571434,-0.4623523682603339,-0.7247990237143728,0.2681869497946115,0.6546667741718484,-0.3351851561181948,0.2028604913050819,0
2017-09-15,-0.6655210991853185,-0.2161855981386759,-0.1670944317783247,0.2915518804077292,0.2664868581021323,-0.5794149987676054,0.4958333014018865,0
2017-09-18,0.0401364861668524,-1.016466787483962,0.0039260902106673,0.2084915380151287,-0.4680667296157592,-0.4305629171136125,0.1204127072706156,0
2017-09-19,-0.7111378232341153,-0.3525240835968954,-0.188769534168977,0.15446235342504,0.160183316308919,-0.3786804154473753,0.1880856462359993,0
2017-09-20,0.5770346590213736,-0.089802322943639,0.3110871733600414,0.025025389744525,-0.3343012621667017,0.0117308358921533,-0.1558195966395906,3
2017-09-21,-1.4629584971184983,-1.801330460306531,-0.3142151573598807,0.3322708856116496,-0.0646745847655867,-1.0101116797531269,0.7593817977066627,1
2017-09-22,-0.6272039659818033,0.307394780669128,-0.4631751622409026,0.2859333695112637,0.671180645419996,-0.2414413866925549,0.3821382745849609,0
2017-09-25,-0.5885628405733817,0.2984236945033607,-0.2535984422155808,-0.0065010900919885,0.2550339422636842,0.8127069247408882,-0.1304781720223589,0
2017-09-26,0.4520863739252432,0.8353427717804933,0.578534032109146,0.0098409032051555,-0.1590718121633076,-0.9040607107861628,0.0701318793245983,0
2017-09-27,0.1250615881286889,-0.7714246115256964,-0.2369013663278246,0.101813252101093,-0.1053914904853345,0.6204534617319301,-0.3700860067563006,3
2017-09-28,-1.4061706660651647,-1.106121296810572,-0.9252868010095257,0.4486212806352865,0.7864302367849139,-1.1803027310227034,0.7604918811385054,0
2017-09-29,0.7053555111176455,0.6131343596016194,0.2705382873825595,0.460037297162009,0.0328206387305788,0.6369774594070089,-0.1833802823465626,0
2017-10-09,0.5496681388049307,-0.9716795040794828,-0.1397055425652366,0.2083900539965393,-0.1131569809801711,-0.2314851563852041,0.4505342645418639,3
2017-10-10,-0.3007499026064084,-0.5443320355135536,-0.2090861230430028,0.2229778089413207,0.1533078395559478,-0.6526260409145792,0.2945659734602987,0
2017-10-11,-0.1555383188132281,-0.4964278459184711,-0.070677366690256,0.0907159469175329,-0.0935729744791952,0.1862168722686542,0.3149646076369964,0
2017-10-12,0.969769416680676,0.3985634913490605,0.9998761410526212,-0.1881279463677787,-0.9110221847570682,0.3173534341129545,-0.1891499016925017,0
2017-10-13,1.145091636931543,0.7463810030637519,0.4117791806033354,-0.0529625776961926,-0.3220063783563335,1.236854540633968,-0.6230431341805409,0
2017-10-16,0.3625612036628943,0.1875962189480426,1.3849508298189592,-0.2118071412719931,-1.2548267850012635,-0.2677345952119075,0.0158094293583142,0
2017-10-17,-0.342810682522559,-1.4478904621696729,0.473462613472477,0.1473001563143432,-0.7894223686013433,-0.8305255741470817,0.2465967474513468,0
2017-10-18,-0.0953289413109435,-0.3285986006273608,-0.3705295508067216,0.1294683707916051,0.2388780562681332,0.2922006518025704,0.630650612595292,0
2017-10-19,-1.3601036450503812,-0.5965275073090607,-0.7000551959644087,0.2944137365096392,0.6359652583881876,-0.5822180559770913,0.497489505465889,0
2017-10-20,1.1970601204925717,0.807901815811467,0.4442635361720249,-0.1111378862096749,-0.3838018463835579,1.5080142251736954,-0.9647701508877524,0
2017-10-23,-0.6041191418032017,-0.8938174576221506,-0.4707532024275248,0.3083382935462816,0.3308630903979263,-0.8093340029045132,0.3158322480966256,0
2017-10-24,0.4774957247474156,0.1679051660492741,0.2218451592411212,0.0255263778779089,-0.1496912641289673,-0.0639914576472686,0.3868221226941251,0
2017-10-25,0.5549956828131476,-1.2061340647448238,0.7636193111783203,0.0392546634552746,-1.0756201994150365,-0.4208041698798729,0.0414496964292681,3
2017-10-26,0.1491663304313617,-0.0324106660679952,-0.0590999959895635,0.1267094413639794,0.1056770579068601,-0.2948566822422688,0.2414667716950922,0
2017-10-27,-0.3095246413947555,-1.828814257292232,0.493356044053073,0.3140836669808201,-0.8378682674808002,-1.113932268465772,0.8702601059840906,1
2017-10-30,-0.101758243205309,-1.2162606333198993,1.8348767409107436,-0.1380047003661073,-2.028214932628356,-1.094068156165229,0.2898189245355577,0
2017-10-31,-0.0017329202499832,0.4957643814059447,-0.3478351501686769,0.1182832511617398,0.5096905637893776,-0.0289831958660674,-0.1458017076614079,0
2017-11-01,-0.2696058474406466,0.5375911879904524,-0.6508717895829912,0.0613566681505115,0.6909821712147048,0.9161166194498164,-0.2471636842152517,0
2017-11-02,0.5696999621450242,0.0967909342550725,0.9787031555888184,-0.213066060629193,-1.0297786103053244,0.6648548766401697,-0.16661493592138,0
2017-11-03,-0.2689294222539341,-0.0294048510499606,0.2740566563792393,0.1330942297734348,-0.2017075450064446,-0.0844825397753895,0.1784256806483478,0
2017-11-06,1.32942972196201,0.3047326321138721,0.1439220556624059,-0.0855463765604244,-0.2460505195117162,1.2349394370228706,-0.445632658683497,3
2017-11-07,0.8136236467648392,0.0074329018713777,0.4894805820908462,0.0313128545446934,-0.4181532956620117,-0.4345619118683013,0.2845603326872113,3
2017-11-08,-0.3359067157823495,0.1499695996006531,-0.39370815048274,0.1392577801261593,0.4573993228263397,-0.0293452807889762,-0.0069652653168276,0
2017-11-09,0.513080175397606,0.0939574031960561,-0.0281909965069084,0.1005121426906302,0.0850059767264688,-0.1561682979791336,0.2178996421431812,0
2017-11-10,0.5337371901792198,-0.0985394654787647,0.0922904631383233,0.2045795117591149,-0.0469343974502653,-0.1918415767251192,0.3970606626105298,3
2017-11-13,0.6566973948082743,-0.798390099071766,0.7323344325294093,-0.0214459576078479,-0.9845913547570428,0.0024634578977518,-0.0682453011207643,3
2017-11-14,-0.3698949446381325,-0.0764721241617028,0.3546926961039695,-0.0528777425902428,-0.4123822823978776,0.2826857175715343,-0.2937725799624566,0
2017-11-15,-1.6835168290010107,-0.2099532728297868,-0.7250933974007128,0.3185707293688662,0.8560692290707393,-1.072525536404962,0.5571640055193868,3
2017-11-16,0.1820405941744861,0.0577336798614925,-0.7999109884656128,0.1554750590700762,0.6991835364091402,0.8154676859280098,0.2502715846188534,0
2017-11-17,-0.3051323457116832,0.4241665103493632,0.4654035115065619,0.0156383983221998,-0.2899314387465783,0.2836252430570122,0.8205928543633072,0
2017-11-20,1.1216610011667263,0.5809450866740841,0.4267158954103585,-0.0572701330470292,-0.2823386769444941,0.2566499575852741,-0.2135636895364429,0
2017-11-21,0.987815156666521,-0.7038942288309376,-0.076360857269487,0.1048544057455583,-0.2267251857037853,0.4754877796798806,0.7050768954018038,3
2017-11-22,0.6455964627818187,-0.2005939436766004,0.8371491817569434,-0.1167682647620628,-0.9510202687970248,0.2783111080970627,-0.095383276930558,3
2017-11-23,-1.8158228843538065,0.6905311145172729,0.6553652601124227,-0.1995079875057265,-0.4332979096807707,0.2265503364247376,-1.1004207152226186,1
2017-11-24,0.2285512874985764,0.5051856105852238,-0.1339127842306425,0.1111354069375206,0.2229154546867153,0.7750730458341579,-0.204804647815501,0
2017-11-27,-1.5323736268767714,0.1295464334677527,-0.3563054430615981,0.1299292508783067,0.4806709046679894,-0.2760867159847865,-0.1235650281388208,3
2017-11-28,0.3866572140038253,-0.0947779361801779,-0.0939705596793096,0.1489020675443564,0.1037246438606677,-0.2449406134390216,-0.2584982379637484,0
2017-11-29,0.0643249637307885,0.4240916547623393,-0.2171817124146539,0.0624748774019915,0.3119809902284062,0.2865152110156185,-0.1458918125796728,0
2017-11-30,-0.903064921045321,-0.1503809572543844,-0.1998626465115444,0.0138414223969975,0.0652694839477856,0.7693094497415149,-0.5463550623558722,0
2017-12-01,0.1200157323831175,0.0218074130896269,-0.423017659931117,0.177592208668466,0.3211269244368164,1.0564838625981487,-0.5364747250753648,0
2017-12-04,0.6865787630620575,0.5206275746904911,0.1897663403816107,-0.1210377806263368,-0.182449419628004,1.1736324955824162,-0.0163257390383479,0
2017-12-05,-0.7843498706762257,-0.1674204569172296,-0.1904098832848844,0.1387224230187027,0.2330835360234696,-0.3231024698812801,1.0872683806293808,0
2017-12-06,-0.7472965464846885,-0.8834518413226605,-0.3169900736453143,0.2340085125652297,0.1218186099125615,-0.4071286800238365,-0.2336262089529442,0
2017-12-07,-1.9253548648051173,-1.7930303365798923,-0.327003890149926,0.3686588518686892,0.0113523972842344,-1.3860987246242291,0.1656208334569361,1
2017-12-08,0.9434302404235804,-0.3771387928362582,0.0509579739734112,0.1408932146047486,-0.2567477000431142,0.8753674370073263,-0.1398360472383464,3
2017-12-11,0.9151515841951776,-0.6038964834816345,0.2225417197372593,0.1673080818669914,-0.2978579908002279,-0.6776076924365004,0.5431545485747641,3
2017-12-12,-0.5306459205385,-0.0897479505405697,0.5520470974266751,-0.1093497994490514,-0.619823356042537,0.4038408330542028,-0.714132403591854,0
2017-12-13,0.3285194186068317,-0.2450850526781243,-0.1973736302566574,0.1968608746933798,0.1824700673998651,-0.3228740117268828,0.4268391770595581,0
2017-12-14,-0.6762334700359834,0.5084798116576168,-0.17786136852629,0.1750629539272914,0.5099319889271484,-0.9664403147560996,0.0254679182253709,0
2017-12-15,-0.5260822452339994,0.6297968771533152,-0.0327133797543208,0.0472123890655525,0.1536896963737322,1.003767306480044,-0.6813993746625443,0
2017-12-18,0.6874743858348871,1.106631095294497,0.0906769369821204,-0.159648637037933,-0.1820455763461534,1.4932066203011154,-0.352812073056745,0
2017-12-19,0.556062982864271,0.0542373444073683,-0.2270573368634171,0.2110999193913195,0.3443740943621249,-0.5941846130119874,0.6813908869566253,0
2017-12-20,-0.1873736572262663,-0.4370380277385972,0.4024440760585019,0.0065200633629998,-0.5170516096986199,0.0085772956997452,0.0983324385645548,0
2017-12-21,0.5165047719270207,-0.3840518546335219,-0.1326785797870766,0.1339889784699124,-0.0014501044839225,0.1089325815611049,0.3135735952070733,3
2017-12-22,0.0351264049227249,0.3545012915732206,0.1404216317203149,0.1194535969350774,-0.013897361240137,0.3126776262165427,-0.3070163698552486,0
2017-12-25,-1.0001701106831475,0.0003096015304757,-0.2824486291001764,0.1841572934999929,0.4436304309839949,-0.8288500599866714,0.4522219508112373,0
2017-12-26,0.7598055324826037,-0.0825912123297347,0.6415229777220196,-0.0509256378945375,-0.6684549528320626,0.0566018311371761,-0.167167564090134,3
2017-12-27,-1.1541104257275587,0.0750907867827539,0.2863776884872166,0.0618341223382471,-0.1264339871931198,-0.677598662194768,-0.4313201606339054,0
2017-12-28,1.127135635157878,-0.4153013171231272,-6.038167790200027,-19.06382107743164,-1.41961856741174,-2.399936314109239,0.0886888924551592,3
2017-12-29,0.1717407256657191,-0.1369842361401829,-0.2493950242424324,0.2808114545273936,0.2409490307966864,0.2478282407223734,-0.0326675420707767,0
2018-01-02,1.507362179854193,0.8508163302697498,0.1937460508131432,-0.0003085205814258,0.0650678496643669,0.1606604244018628,0.2479683850772689,0
2018-01-03,0.2802581972531884,-0.1866941808607591,-0.0712928631910969,0.1786448596052284,0.1135210890868025,-0.5279324158057771,0.2790825847167895,0
2018-01-04,0.6342555079511846,-0.5371116904115927,0.505866685697011,-0.0043504712953516,-0.6965867793127902,0.1999885976503952,-0.0631072673777064,3
2018-01-05,-0.2351229268029337,0.5583840038709506,-0.553543044928092,0.2967357387627162,0.8070592406863002,-0.0054662475137682,0.2788668859743599,0
2018-01-08,0.2861791656618446,0.5873483934052964,-0.5901859907203795,0.1010293666969833,0.695369672399332,0.6327408366416793,0.0771866886283414,0
2018-01-09,0.3346650351066811,0.2637203982421048,-0.1626400107378116,0.0804775426610791,0.237245583939727,0.1740933200672536,0.3544723098432711,0
2018-01-10,-0.0334849214279393,-0.5471347476794894,0.1968638988496962,0.0796411569339031,-0.3250884986783813,-0.1561980015071091,0.430983528290601,0
2018-01-11,0.4532694960917153,-0.2634037360872024,1.0032320578849567,-0.0358697223823198,-0.9645521891248194,-0.7117728007757778,-0.1072442587247329,3
2018-01-12,-0.1753193756910412,-0.1605066669639147,-0.0362940488196966,0.2635873155548465,0.1207907037012548,-0.4577877745213341,0.5461249117818934,0
2018-01-15,-0.3666804865538656,0.301104434807104,0.5417422795047044,-0.0677120327619778,-0.3795229074603459,-0.1421864725597328,0.5489386870925903,0
2018-01-16,-0.1299874614606188,-0.7988422118355406,-0.5466454553948079,0.302296102702761,0.3844357843109611,-0.5405127182178824,0.5623542659760955,0
2018-01-17,-0.2810395755087242,-0.737091514483204,0.3885244602823792,0.0362111643780358,-0.586155991204737,-0.0975901464705367,-0.0026252606461263,0
2018-01-18,0.3125172831451028,-0.5701940787246566,-0.0612736018446358,0.0812873723174204,-0.1785879956437927,0.4343411229094122,0.1117805770868163,3
2018-01-19,0.0186233079472196,0.210485622957824,-0.3805850405556817,0.1956811780048671,0.3974873423723853,0.7184815517261879,0.1155126848138768,0
2018-01-22,0.6441276803869426,0.3194563647719452,-0.7358633838865942,0.2009951191714893,0.7889079078628998,0.356100563092526,0.3513111454722934,0
2018-01-23,-0.1975953896914277,0.3395021773670201,-0.2079109539066903,0.1302709347631768,0.3841583055128745,-0.3174597528372156,0.1304934610464444,0
2018-01-24,-0.0002503794816819,0.1826632599489981,-0.3070254928082043,0.1540450512403711,0.4058248810116905,-0.1871275471089864,0.0581889487216691,0
2018-01-25,0.3948598477479477,0.7159364466970379,0.6579931104250086,-0.173384639706577,-0.5013736753332625,0.5519333880207226,-0.603779548492824,0
2018-01-26,-0.3272260730469472,-0.4733384752734503,-0.5926826074463507,0.3349582434359863,0.4734431639010843,0.2301861396232841,0.3181399916708407,0
2018-01-29,-1.079128023314709,-0.3943236653113042,0.495468819258089,-0.0615490914871734,-0.6239609596970143,0.2993417592154494,-0.8218608079033964,0
2018-01-30,-0.9377764236766776,-1.1115819829907925,0.0741021440472292,0.1438090891470745,-0.3497083333973795,-0.3454949381368947,-0.419290223820575,0
2018-01-31,-0.4228177874403993,0.1843534833588895,-0.1949457817629753,0.0564613534117128,0.2423618746180148,0.3060674807103299,0.739381655440349,0
2018-02-01,-1.2765889992817554,-0.1889824259868862,0.3085223253192143,-0.0379332368540022,-0.3368343076119149,0.1318547487534326,0.4567188614533368,0
2018-02-02,0.6213235048543831,0.0944166952071611,0.2608530855831101,0.128282016632386,-0.2042613142328455,0.2332940508352587,0.0989986887044046,0
2018-02-05,0.0490415794470915,-0.6784485850653658,0.0128559188713168,0.0327956420995876,-0.3269361022381152,0.7436248742968498,-0.151544446247289,0
2018-02-06,-2.6746411705764577,1.1458114659591572,0.5472050671446435,-0.1921461348477097,-0.0803835787667858,-0.1401236625104452,-0.2857566813170162,1
2018-02-07,-1.2633715644922856,-0.6917859968862426,-0.0953521958848977,-0.0113313731527927,-0.2525231567005773,0.949363792813982,-1.5218079272153453,0
2018-02-08,-0.5920431675359743,-0.5283678065735002,-0.0522371522184346,0.1733261840683273,-0.0110016738149113,-0.5238669031485808,-0.521981465582526,0
2018-02-09,-3.1300491937741786,0.7598094795484098,0.534871061281954,-0.0644490053148532,-0.1807147208312959,0.0472614776149774,-1.3732315169542864,1
2018-02-12,1.1427658541621628,0.1394953267773967,-0.5460294306815916,0.2237839846411898,0.5760425779335541,0.0979855647415783,0.0702269836935939,3
2018-02-13,0.8267856154849605,0.1476315470368039,0.0411799104079533,0.0921496306910982,0.0311525471357726,-0.1188559384340517,0.4629649945166029,0
2018-02-14,0.8972035879778132,0.7606985908964998,0.4620410830185319,0.3878543112562109,-0.0573925439981791,0.0987985314073469,0.2140907919684774,0
2018-02-22,1.2020823473344695,-0.7970624617440691,-0.8029856318071734,0.282010347719499,0.4744641699142705,0.5344202272767417,0.599273613902044,3
2018-02-23,0.9077875810579792,0.6366688652240268,0.2835573244603332,0.0191344260226607,-0.1612136105939339,0.8421999286305691,-0.2133999867492034,0
2018-02-26,1.0332971257163492,1.0639561207471182,-0.909712491450592,0.1847881912976517,1.1721266858125623,0.4812028074303962,0.03519850389933,0
2018-02-27,-1.0871312902048615,0.0037794446028823,-0.401264486822225,0.0820669166106888,0.3605310064693594,0.4768351799708533,-0.7063785726001294,0
2018-02-28,-0.822107825590314,-0.5348101933953867,-0.5064299468098659,0.1513051287658849,0.2963798541238902,0.4021041960885702,-0.4812624957526195,0
2018-03-01,0.5626040200138885,-0.3426689048152851,-0.0720182184324476,0.1138355342136996,-0.0503738149157498,0.1285435146573467,0.0339470734534215,3
2018-03-02,-0.5000823826966815,0.3661098915461948,0.2976539859427291,0.1240610588753943,-0.067318882443371,-0.271933584500954,-0.2343330376891469,0
2018-03-05,-0.3621023936044951,-0.1976067273172889,0.0237947852586955,0.2021440487125636,0.1011478259490367,-1.0179919178521102,0.3423890621917246,0
2018-03-06,0.8576069875218053,-0.7175891429511208,-0.0403860110123169,0.145202439579949,-0.1937726703684504,0.0280710410691503,0.2873040893576224,3
2018-03-07,-0.9709942241014416,0.3367966090029071,-0.1655395354247642,0.1175744439512238,0.3844164369821755,-0.4948647118431882,0.0898204579703523,0
2018-03-08,-0.0769054040081196,-0.6062308167993612,-0.6409472314270865,0.3356171945389561,0.5680207788657797,-0.6929740385118407,0.7469684109904869,0
2018-03-09,-0.4088254978440724,-1.0640987694650512,-1.033330568674088,0.5434172963853126,0.8241034994005904,-0.4812145756444655,0.544042870517656,0
2018-03-12,0.3237265254699434,-0.0910944405922258,-0.347273005628629,0.186615163369673,0.3510048216947915,-0.1524371565725649,0.0015373874998741,0
2018-03-13,-0.5575485941347423,-0.1623585597641824,0.3801961992576681,0.0005422093570509,-0.3838077967465185,-0.1548639506516572,-0.3105266721534629,0
2018-03-14,-0.0283477069592088,0.5873335755342217,0.3469074330575405,-0.1220711308426852,-0.2352630143836919,0.647764459654532,-0.2497263053189381,0
2018-03-15,0.0487942085705522,-0.3283042125706334,-0.0463769913219621,0.1226802623067793,-0.0181281840056805,-0.1529770996541709,0.4271947488791062,0
2018-03-16,-0.8273719838881474,-0.3346547706810864,0.0843219093897796,0.1820471707346115,-0.1094163576618625,-0.0576512901577165,-0.3170663567498271,0
2018-03-19,-0.5047038921850595,-1.0123296919960725,-0.5504634473379146,0.2838114804467452,0.3003779075633364,-0.3200747439176087,0.4964645135303362,0
2018-03-20,-0.0947740462941683,0.1612182958355144,-0.1514233726488513,0.1364267950969586,0.2755586339593441,-0.3553786300505192,0.1236427074677363,0
2018-03-21,-0.5499972067325621,0.0198675472821595,0.0201131575159726,0.0793979579449565,0.0424573681584716,-0.1498740523274599,0.0393813576119234,0
2018-03-22,-0.3855016286109303,1.1563782411036518,0.1476520572154007,-0.0083327847564029,0.0461424627998959,-0.1501997787588752,-0.4379256027271206,0
2018-03-23,-3.8114011118534905,0.8489204887121912,-0.1173214924924185,0.2359595148108076,0.79027515902807,-1.5963059760401437,0.5078254325230862,1
2018-03-26,-0.2076258006143498,-0.6078400688100598,-0.2059730444892577,0.212424589763131,0.0938496071843635,-0.4136692352502317,-0.6528456293875926,0
2018-03-27,1.2162567944896512,-0.3789851600263328,0.2530268078746769,0.0938224676688283,-0.3759892523828373,-0.01626737497713,-0.189376618979156,3
2018-03-28,-1.588444766763233,-0.7051847617857027,0.0555140347131261,0.0837810378826185,-0.2011419772636097,-0.2519194827764184,-0.5574714554763591,0
2018-03-29,0.780720225160144,-0.9855163184416478,-0.3609432262404313,0.1495706625496473,-0.0691366993599643,0.762594484851525,0.2914612054506127,3
2018-03-30,0.9826533374744036,0.5191291046304601,0.3729704992188268,0.0397997294621299,-0.2587844163581324,0.6013490076507108,-0.5833354395540747,0
2018-04-02,-0.063625017792264,0.5806164168623803,-0.2774608949025397,0.0286400419243325,0.397554944749792,0.5688837328167066,-0.3094550455747684,0
2018-04-03,-0.5457351389633599,0.6260668059882945,0.1716726073000015,0.0183323683056557,0.1079614357588619,-0.2563360324816296,-0.0086742154023121,0
2018-04-04,-0.4987632110524982,-0.0091230500353999,-0.1510812925556957,0.3239378386918609,0.2463572530829611,0.1597595638950795,0.1189550244809254,0
2018-04-09,-0.0820954523460966,0.817740635391732,-0.942585364455268,0.0685584926317598,1.0181874977795264,1.3960686278735863,-0.2970019154498653,0
2018-04-10,1.09375458845973,0.1269072130756952,-0.3332060850426275,0.1323900564954832,0.3371527981322957,0.3057409550490763,0.807351370848561,3
2018-04-11,-0.0717512269931462,0.1389192937569086,-0.2822910533226438,0.166149967156392,0.4027724979459148,-0.3936276577541623,0.2548188259450796,0
2018-04-12,-0.917893722370766,0.5919202534484462,-0.2385661113001568,0.0827202496002552,0.4965879351548573,-0.2303763283604489,-0.2367208805212111,0
2018-04-13,-0.6413572592553843,0.1188491117549612,-0.662627690476288,0.1529501211115403,0.5683870805386735,1.245485333833844,-0.4824543608323545,0
2018-04-16,-1.3155315841023143,-0.136178780261399,0.1169050112610957,0.1435566638197768,0.0397175066579378,-1.0064481337475597,-0.4390760770821423,0
2018-04-17,-1.0735722843774704,1.0684103218182228,0.0116660292817022,-0.1299644949522572,0.2471632182050887,0.7752916147002855,-0.5597980130394575,0
2018-04-18,0.0852137366491176,1.5813957188622974,-2.177229084603304,0.2116956148350295,2.3983835473704698,2.054495449480924,-0.2964619729221394,0
2018-04-19,1.7806865323874017,0.4943732525094358,0.8755804375609558,-0.2013553704062507,-0.8367509383280745,0.7221913247919288,-0.001867674142872,3
2018-04-20,-1.958570673558932,-0.4146772024809662,-0.4284811311790833,0.2704442979317727,0.4160903256695958,-0.2015542153007445,0.093427228338752,3
2018-04-23,0.4801989130605409,-0.1712842256927771,0.6117264091386865,-0.179956578119831,-0.8231195878049722,1.1131026473028158,-0.1631434075998853,3
2018-04-24,1.0796341786304864,-0.6604333605550285,-0.6693797358912768,0.3165773248107355,0.4848056599735861,-0.2943669444287698,0.7247089351811129,3
2018-04-25,-0.2942849126954968,-0.100743387342424,-0.134449699077847,0.0780758975966891,0.0847112764204599,0.2471725491126963,-0.2394903915573726,0
2018-04-26,-1.35278500763914,0.1740148512624461,0.6599132948087556,-0.0661084027075883,-0.4928016944109644,-0.4615088635229868,-0.4933610970634184,3
2018-04-27,-0.0576204532743751,-0.6246006091139914,0.1484720102743995,0.3008833074577709,-0.2516267034084656,-0.0472400028771026,-0.0095231042816135,0
2018-05-02,0.819784892765622,0.1494401951095079,0.6366878787954555,-0.1738182449009553,-0.7356961947935716,0.947072968548356,-0.3489903993970362,0
2018-05-03,0.2451232774558516,-0.0394475490781086,-0.7339121663307157,0.2077759894309253,0.6744153929339661,0.2933838673705448,0.2390867066640483,0
2018-05-04,-0.2519789054737689,-0.007950790224495,0.1131089393686457,0.161750820107404,-0.0498761265401974,-0.0299199387653496,-0.2170224039882037,0
2018-05-07,1.3256896967285416,-0.2565204212265794,0.0491801641485559,0.139685105961845,-0.1047272223496787,-0.1811294420659928,0.3768814233754176,3
2018-05-08,0.6096043472331826,-0.4451438039140427,0.2016218942583182,0.1252770545469306,-0.2727693410604174,-0.4384706133139075,0.6138353160814525,3
2018-05-09,-0.4208860061371419,-0.8859327638425876,0.2618518542565887,0.1192092686075221,-0.4376122306182683,-0.6073020932799399,0.1434048016312503,0
2018-05-10,0.4085733280575049,0.4005942359729476,-0.1803379337206661,0.0465336243136031,0.2488889027744678,0.395769262923959,0.14315186278002,0
2018-05-11,-0.15601090609073,0.7950036836748746,0.0987712186384157,0.0287793514348887,0.1076275150893609,0.6476983937228243,-0.2963824920734529,0
2018-05-14,0.3786155856576843,-0.3838839506186717,0.1617507515757914,0.073425216658635,-0.2698013283534911,0.0159078406557173,0.5715380093393753,3
2018-05-15,0.2415484927401699,-0.6294151200977326,-0.0994947776687932,0.1361362898181214,-0.1046802469184561,0.0213999524911,0.0030667012016199,3
2018-05-16,-0.6052607747974104,-0.9298094875726712,0.0969952063525321,0.0523277483200624,-0.4268184993528904,0.3052871278664901,-0.4306063415118286,0
2018-05-17,-0.5857983255714958,-0.7040577816582722,0.1938877424186096,0.0359148803613717,-0.4188315186858384,0.1337786891821224,-0.3101273323909004,0
2018-05-18,0.5923606106401798,-0.1416200342558935,0.0621746105696234,0.2073629594228025,-0.0473614639002652,-0.054649246698441,0.4501677016749504,3
2018-05-21,0.2957107960154708,-0.2346424613416919,-0.4150457995771542,0.190076307980935,0.3354598871324699,0.1098652869997366,-0.0179800930799806,0
2018-05-22,-0.4352194827661669,0.1614853406677921,-0.2963382713614036,0.1600333873985555,0.420136382629433,-0.3579889438897347,-0.0813530769526528,0
2018-05-23,-1.160359333415933,0.0583274828570533,0.2296929513556777,0.0231918006716734,-0.1081976891145461,-0.4421806405850998,-0.2376906191127725,0
2018-05-24,-0.0509300591873269,0.4918597912176802,0.5379649072964918,-0.0864990714648802,-0.3620121207243529,-0.0008373681868108,-0.4142573923915032,0
2018-05-25,-0.4893802994351957,0.4908173051970022,0.0256899823493698,0.1443193745673442,0.221333035857359,-0.1289546849366129,0.2624143904441103,0
2018-05-28,0.0121244753280627,-0.5438227745507915,0.027118520014112,0.0715193734282283,-0.2115478593042937,0.1882664648593432,0.3142005848589881,0
2018-05-29,0.1056152955073195,0.7061047158173217,0.6589460451204245,-0.21147367141178,-0.532854535639007,0.7380151590392033,-0.555322412691741,0
2018-05-30,-1.8634512153135847,0.2443572090935275,0.3649377512299964,-0.0486234586297692,-0.1880636365379008,-0.3312026908766439,-0.3556334039211999,3
2018-05-31,1.680939752384811,-0.0371935532923782,0.1451280666969047,0.0723321101011916,-0.1926581376767246,0.1585505762586397,0.678194397318335,3
2018-06-01,-0.3298225770431935,-0.3016585632677664,0.8733275401138046,-0.0074767615187263,-0.9143289121860808,0.0786007139496771,-0.3170761034629322,0
2018-06-04,0.1167746744867109,-0.6473937664640042,-0.3531591998171042,0.1887914620210563,0.14948915738434,0.0988812060006647,0.606388340235214,0
2018-06-05,0.8312983674694499,-0.5556472127737326,-0.0764189541646767,0.1600919932115403,-0.0950077659381998,-0.1128576076012228,0.1707223786333135,3
2018-06-06,0.1093071572101486,-0.034206046644899,0.4425374482251451,-0.0087474996595796,-0.4227566194267349,-0.1021791362260224,-0.1665205842479771,0
2018-06-07,0.1042786769758182,0.2346025680449929,0.2791652147637993,-0.0467782953587255,-0.2473840359439809,0.3670157654487964,-0.0223831382736168,0
2018-06-08,-1.4175763825033545,0.363909834062885,-0.470427357221849,0.227515131143194,0.6533284404359144,0.0636740629799514,-0.2253256489481783,3
2018-06-11,0.0310423072252389,0.013906107996692,0.318368745945526,-0.0163448300750434,-0.3170667531201089,0.1352439369325239,0.0651779562098755,0
2018-06-12,1.2144274964002064,-0.5684451021123682,0.5640560903067912,0.0283956542444857,-0.7368147261863498,-0.080702013116136,0.2390294742529699,3
2018-06-13,-1.3061431411769255,-0.0912043965799411,-0.2147398211570417,0.1054824782364131,0.2507511596868576,-0.2091888950349446,0.0504419914284215,0
2018-06-14,-0.1038690887690027,0.7741381269994566,-0.026227313184996,-0.0208976464162455,0.2379195409773958,0.3407093141230163,-0.2273078462199732,0
2018-06-15,-0.6382934776569781,0.2121287765296201,0.0524572839850386,0.15609512351262,0.046343263898969,0.4591922178062603,0.1704361017436625,0
2018-06-19,-4.193708771947923,0.0029769871836897,-0.011864433361137,-0.025998211588688,0.1659204739338183,-0.3213936866916196,0.0592082438529498,1
2018-06-20,0.648463536996968,-0.5220842765440804,0.0347434546032931,0.0494881543400448,-0.2955887957223897,0.5916722672491309,-0.2779511085473298,3
2018-06-21,-1.6700899627495385,-0.4496516166928649,-0.0561812663143551,0.1163054627947515,0.0407045698458054,-0.5119038037135696,0.1940061162565304,3
2018-06-22,0.5917792212093261,0.0045301291728728,0.0973213789614536,0.2424701266121264,0.0098351201728237,-0.3730201677243572,0.0006845490018537,0
2018-06-25,-0.6883861255509068,0.2212929145841,0.4209382356834023,-0.027759211383776,-0.3049220402841839,-0.0861083734599864,-0.5806323937984926,0
2018-06-26,-0.4268948102893329,-0.0258557749655043,-0.1733600402338511,0.1519493732809951,-0.0152293524177225,-0.2404748852688237,-0.4956034925634859,0
2018-06-27,-0.9692573074721303,0.660283784113715,0.3323630384630023,-0.1262127332240663,-0.1546458405323874,0.4100822322368761,-1.0158014598227425,0
2018-06-28,-0.596609457507816,0.5690582045266381,-0.1620318584947135,-0.0650808401039777,0.2182788855132679,1.000970050178877,-0.5350457399375623,0
2018-06-29,2.0567626440413966,0.4177090858406947,-0.9291353111201848,0.3553975824000013,0.9654942192577493,0.8017223298863206,0.4484009299572878,3
2018-07-02,-2.0976625657094377,0.3913254357501706,0.0430372610671259,-0.011028162202118,0.1545221205554024,-0.1031241753950306,-1.072672955375478,1
2018-07-03,0.0206156643664319,0.1447193410798988,-0.4359446432465153,0.1706365235558939,0.5133570124168138,-0.1097185585613983,-0.1317474200676212,0
2018-07-04,-1.2127633947451593,0.0469808183828597,0.2532181460074931,0.0347747859271517,-0.1174241512627146,-0.5008150920769258,-0.1730304697648335,0
2018-07-05,-1.2035313782928283,0.055893561695397,0.0034680646604515,0.0160771459525054,0.0601934394624479,0.036649763274129,0.4342797161209644,0
2018-07-06,0.4009022087726242,-0.0206096907426648,0.1524252988748839,0.2025487110412811,-0.0465753184251895,-0.3555057866378018,0.4014277807847941,0
2018-07-09,2.023791825293321,-0.4106662971428608,-0.2179567131387917,0.1668233147983473,0.0315832940818602,0.2404312143764914,0.8164160874037576,3
2018-07-10,0.1215950579954566,-0.6625583480234752,0.0255562134254001,0.1257806647595973,-0.2059004156200597,-0.1503338531892102,0.0666320541547806,3
2018-07-11,-1.522116489752812,0.5253239826933814,0.043614601783144,-0.0076746617061864,0.1886611399945215,-0.1345475429505115,-0.3211153355238685,3
2018-07-12,1.74501283258956,-0.4433492132665314,-0.6000511770200505,0.2067704178714224,0.3447770767781597,0.5938827258071788,0.4161172884979974,3
2018-07-13,-0.2474269480476507,-0.0233735361985122,-0.8394509535367507,0.3597736004125306,0.8825025257500596,0.0012781429019145,0.2958522828989052,0
2018-07-16,-0.3920828342265128,0.1821731630051666,-0.0798329151997611,0.0591610418578837,0.1670992771369608,-0.0336037134735128,-0.1616405118314972,0
2018-07-17,-0.2767248554645791,-0.3963749904707495,0.3389875765595584,0.0636155640575011,-0.3999873318305991,-0.2655527238525,-0.2426466841350075,0
2018-07-18,-0.6289003033856039,-0.7416177105556725,-0.1416678571511608,0.0459600251164099,-0.1650077520458349,0.5810481559240905,-0.1840380848718504,0
2018-07-19,-0.0223394404655663,0.6493957316714256,0.0922078242496832,-0.0461590945032269,0.0824108611535789,0.4389361481224126,0.0235682130123031,0
2018-07-20,1.4885513511031632,-0.0453541126576758,0.2939210761525642,0.1712911808897415,-0.2291755583804989,-0.2299034546651039,0.6504491359760026,3
2018-07-23,0.6973811635276848,0.3030201842692824,-0.1442134011851303,0.0902573483129782,0.2426986819596092,0.072722385606693,0.3003824135227941,0
2018-07-24,1.13495114215464,-0.2760033075781238,-0.2429567644735254,0.1766916326526646,0.1541625259150728,0.0144905148003852,0.4192059873379918,3
2018-07-25,0.1989814969651357,0.2868787214334283,-0.0687698337220047,-0.0263259275424391,0.0510305357915804,0.8049295022019338,-0.3213395132348737,0
2018-07-26,-0.750358148076795,0.5619379362870914,-0.0407619764376942,-0.005441200952681,0.2299145122934363,0.1868650354029447,-0.4727317995731098,0
2018-07-27,-0.0890500986199856,0.7185422338706714,-0.2732778958934345,0.0432224120264419,0.3826034371325818,1.17071088722156,-0.3984086350969558,0
2018-07-30,-0.3998704533057554,0.4872322671179176,-0.2339704366720681,-0.0075014937397957,0.332048261261276,0.6181574172617383,0.1028285653048863,0
2018-07-31,0.0555668989645958,0.5237691057483359,-0.3261450712738388,0.0523624044252611,0.4409056660773793,0.5043831965507952,-0.0568275169510617,0
2018-08-01,-1.6196556676617002,0.0197085899338833,0.0965959697798668,-0.0093427698182972,-0.0303605569289543,-0.0662707071105877,-0.5715414948592769,3
2018-08-02,-1.4789331109124249,0.3971374233745339,0.3834849265776965,-0.1435362211659525,-0.2737782530945342,0.4451060969600789,-0.7915249229837706,3
2018-08-03,-0.761939563902938,0.7270866460868651,0.2560855858527537,-0.0647509231864437,-0.0902781754146974,0.9101033548007824,-0.8638036891372058,0
2018-08-06,-0.4254287979567078,0.7515207538165184,0.6100677348948106,-0.3040904577383321,-0.514338222376373,1.2204292566689052,-0.6399866315022823,0
2018-08-07,2.164424075633271,-0.1069563865110446,-0.5290076685416416,0.1719352292042625,0.3927755141680285,0.5110548414639451,0.724700149542889,3
2018-08-08,-0.8828375363504708,-0.5780610923070576,1.1174190162881674,-0.1227913439390473,-1.1937696863717764,-0.4351939244530347,-0.4960235069416587,0
2018-08-09,1.918675768235824,-1.0859211370966828,0.3335905032554065,0.1892756252484496,-0.6055533658618185,-0.6367439526595101,0.7586280797965942,3
2018-08-10,-0.1469812893627679,-0.5481642979631627,-0.0118947065372634,0.2895270338084678,-0.0113651346859262,-0.706657937413026,0.2500553110967758,0
2018-08-13,0.5548807458722533,-0.1090541623793781,1.0247569521116,-0.1258797074287725,-1.0425002793174536,-0.0993824112817141,-0.571334473282459,3
2018-08-14,-0.6315762895291135,-0.9189415978154428,-0.08013956079704,0.0942282063673911,-0.2353108647931917,0.2155799765503123,-0.1787906390795143,0
2018-08-15,-1.7473942276754195,0.003358831720295,0.4043117537369138,-0.0836641061781893,-0.364133485324795,0.0119832204229902,-0.7633192658626541,3
2018-08-16,-0.9068535504537122,-1.4963795909742978,0.1325028534145808,0.1298124587115962,-0.5482420843218707,-0.2563913815669938,0.1156334295172455,0
2018-08-17,-0.5015637579951222,-0.2548648653489791,1.1830343992902692,-0.1513626102970725,-1.2676102979791644,0.3840011642822479,-0.6469522517804135,0
2018-08-20,1.0039970252190906,0.7216990954578194,-0.0383751818723098,0.0216151114463666,0.2261262292865393,0.2530539558930805,0.3372161931267183,0
2018-08-21,1.3285683819247038,-0.4079579153596143,0.4736182519237197,0.1169678757960275,-0.4885565177725513,-0.820782974804519,0.7709459913900453,3
2018-08-22,-0.5789722048328091,0.1736320775463032,-0.085926909560843,-0.0094014347926455,0.0881725042791938,0.4537123817310909,-0.1042616482061333,0
2018-08-23,-0.5063989040952055,0.1837963047954862,-1.2083603630597215,0.316802711847967,1.2990399950530485,-0.1002417551255025,0.4049615023558753,0
2018-08-24,0.3736843788048199,0.1552059136814949,0.3883490344642177,0.0301702971062754,-0.3351093411452111,0.2968214065296716,-0.015073189608989,0
2018-08-27,1.177942134209251,-0.5328041604978027,-0.6113875325411048,0.3584797830072392,0.5534211265929498,-0.772440304516208,1.0804266134659046,3
2018-08-28,0.2241696842733157,0.3846677445745059,0.2871603862098413,-0.0181866946157314,-0.1517285690228303,-0.0246505329224735,-0.2356350339188577,0
2018-08-29,-0.699986144260522,-0.3123590719610878,-0.1891972547908478,0.0982380293146358,0.1157749690396594,-0.0680192550897732,0.0626714713261065,0
2018-08-30,-0.8539281918336098,0.528612255084232,0.021221847467821,-0.0535514500862389,0.1223222668795909,0.3569653565408652,-0.2596875338615696,0
2018-08-31,-0.7757916039110544,0.2846599389881786,-0.1773999198961502,0.1676152680629087,0.3460508995735175,-0.0566272670896652,0.1205120295956333,0
2018-09-03,-0.470837307584779,-1.0695619519430073,0.0262590643183503,0.1526626864553679,-0.2906430620734344,-0.444430488558359,-0.1406524737302876,0
2018-09-04,0.8306614422694455,-0.833741469822466,0.0963465986010518,0.1355013190281598,-0.3448110100706476,-0.1077640760520964,0.4079258057533932,3
2018-09-05,-1.4022642820730633,0.0575454017303677,0.3214036400374801,-0.0521657442862582,-0.2587119039674209,-0.0399196245251673,-0.6514181442370514,3
2018-09-06,-0.0770122677919054,0.4851698250045916,0.7077246614513474,-0.1571304882520622,-0.5619669190206242,0.1694128089758749,-0.6331409167275657,0
2018-09-07,0.066998527014753,-0.2363705722028435,0.1208310788778129,0.1840861955274071,-0.0886983913910001,-0.4053712976411356,0.3818867227248264,0
2018-09-10,-0.4404047371214182,0.2211071028351433,1.0969631359312306,-0.2757075592250656,-1.0684896139670357,0.4645824909902289,-0.6822005901859246,0
2018-09-11,-0.6683997180490888,-0.6206803423981702,-0.050929882477067,0.2068719195708235,0.0245663491392772,-1.0124350214515716,0.2999021053165221,0
2018-09-12,-0.3580948975646563,-0.1027391561753358,0.2006530970424368,0.0067653740835441,-0.2191989519300772,-0.0018925601673943,-0.3302052177952682,0
2018-09-13,0.805273524905831,0.5149477436920246,-0.2151649380228228,0.0571599342626506,0.3254854388875048,0.3489626327347067,0.3233242960337473,0
2018-09-14,-0.1746567680576879,0.0337906370232101,0.2527405584931986,0.0934983342639822,-0.1602668869589359,-0.1668456811104579,0.396719446861614,0
2018-09-17,-1.1249298059237076,-0.0056207309112259,-0.1770426474798665,0.0110592723469983,0.1407596100103036,0.4584451165226036,-0.2904024329691095,0
2018-09-18,1.3904544622968116,-0.1002015529464177,-0.3961165770625031,0.1591367263317302,0.3098925460043747,0.2685610896728012,0.5748877726269058,3
2018-09-19,1.0420750817484008,0.0961993988756102,0.0017853517279962,0.0980434125251381,0.0371115025386442,-0.0645149407492528,0.3903849598732216,3
2018-09-20,0.1248828482497082,-0.3252022788886467,0.4666746922897674,-0.0133520896547571,-0.5426866758201389,-0.104078643887688,-0.0794376616853237,0
2018-09-21,1.7890687240442655,0.1758351000152211,-0.4728160396345487,0.3157431091995402,0.5447268795292347,0.0924392688656851,1.229533409493509,3
2018-09-25,-0.7122360881932869,0.0569931530320484,-0.5004258267824301,0.0943390076333598,0.2175998690149951,0.6208300268146396,-0.4949875756869077,0
2018-09-26,0.574608742929289,0.2500605944720685,-0.3751628225424565,0.111086924847139,0.425439624821272,0.1830248210749368,0.4698468342273726,0
2018-09-27,-0.8591132847244483,-0.2533213094772303,-0.2407317448368105,0.086247137321955,0.174825223450315,0.0902147197219457,0.1827688239887809,0
2018-09-28,0.350113094207876,-0.6730837972410629,-0.6580841734163353,0.5609153481876804,0.4713430258946232,0.7779410308709095,0.2630252877389749,3
2018-10-08,-2.045705987880394,2.184226238056925,1.1772003315329524,-0.4647501233137998,-0.4841313370567733,0.4530339482756556,-1.8949911927091927,1
2018-10-09,0.7078822843949839,0.6039794250030239,0.4200958293586602,-0.2203359921816336,-0.4282238439545095,1.3163397766542635,-0.5173163510197081,0
2018-10-10,-0.0634591091260979,0.3251925585307397,-0.2000108857534895,0.0132721540464234,0.2215582606424873,0.6311275321106341,-0.2466354027134197,0
2018-10-11,-4.413841089191565,1.452650262433259,0.5731556934166372,-0.2766524759518964,0.041195987467902,-0.2987114219082288,-0.6442182590684655,1
2018-10-12,1.188311215920438,1.1683941998235623,0.4874016713112526,-0.0267571021036962,-0.0881975573473515,0.1088358108499905,0.7734452385396587,0
2018-10-15,-1.0600717403600557,1.0526364588807502,0.5114512937785995,-0.0757846626369122,-0.0174543315142131,-0.771452407551897,-0.1184216848497342,0
2018-10-16,-1.289310602453094,-0.2130364099701244,0.1455417654495727,0.0216069660342748,-0.1289639118367506,-0.2901782571229309,0.3112293293279379,0
2018-10-17,0.8377970689049375,0.0909624741682262,0.0523265359761173,-0.0304787237589471,-0.1483990436222524,0.7831248034504713,-0.2056324662904259,3
2018-10-18,-2.423260492158182,0.0128479240549329,-0.0107217810360433,0.0343552098800452,0.1441257458519819,-0.4886327834583619,-0.3068291672827082,1
2018-10-19,1.701840117793878,-0.5196117415191177,-0.5949280040798717,0.4055774277614243,0.5102841966099863,-0.4931921005733973,1.1336763831244812,3
2018-10-22,3.2266083993265138,-0.6571107326079831,-0.5412073210182256,0.3387364151427186,0.3190155893188434,-0.2366311266256858,1.1060447417880472,1
2018-10-23,-1.7300774795572271,0.7765073423609504,0.525883661900123,-0.1191885006104175,-0.1729235492686525,-0.4252643004280783,-0.8945624459072733,1
2018-10-24,0.154565607401681,0.2027754753455677,-0.0461975623865693,-0.0022382580523228,0.0451474155049988,0.4865226584584822,-0.0161247606205416,0
2018-10-25,-0.2594856329284174,-0.0972010865056079,-0.1772269624722765,0.1162367894803873,0.2017420844507695,-0.2574518120756245,0.3192227703563985,0
2018-10-26,-0.3237918035505053,0.3230631211460835,0.1464398411472366,0.0980863184925574,0.0334083505022898,-0.2121541989607856,-0.2811563828345769,0
2018-10-29,-2.579075757382648,0.4027652726918454,-0.456038961400328,0.0611935343854923,0.6468742207367703,-0.0899168633215141,-1.0101972343185237,1
2018-10-30,0.5177070121112088,-0.5122654041612388,-0.5190276779351959,0.162619231491507,0.2897604722844483,0.4267727323524122,0.2868789891179553,3
2018-10-31,0.5460350641699719,-1.3267625051961502,-0.4688182932050773,0.2812794274764469,0.0656086873598169,-0.2066109473342456,0.527164009311492,3
2018-11-01,-0.1090945071798022,-0.334767483687488,-0.3476997164619593,0.2761975468850499,0.419886060156537,-1.0611363154982905,0.6696433468156213,0
2018-11-02,2.1114817321515664,-1.0165068283268304,-0.641610371234381,0.4397814451711656,0.3608212697312446,-0.319558825744932,1.2596316321199248,3
2018-11-05,-0.2806803477880963,0.5400179953083116,0.156645462118595,-0.0179861671037715,0.0398554715392925,-0.0821886971338665,-0.4783761919086509,0
2018-11-06,-0.6839257712933376,-0.1557195611777441,-0.3909666509139477,0.1216955717132582,0.3484247115443944,0.0468731608102305,-0.2034750874116722,0
2018-11-07,-0.8913254920384112,0.3759904605715282,-0.5831074355921017,0.1284377622046668,0.725570859932582,0.0023093790765368,-0.058486901550222,0
2018-11-08,-0.3456140580935191,-0.1630760416833736,-0.1523157550614894,0.0013934017230878,0.0107321217418435,0.6778268508527666,-0.1229788750713865,0
2018-11-09,-1.152248176751624,-0.1239401003837207,-0.1519757136563145,0.1706579310305948,0.2001314200179427,-0.2169967814248664,-0.5320104940030437,0
2018-11-12,0.464259862542441,-1.3623214433905668,-0.7945785914090682,0.3584830010146125,0.3848498847645896,-0.2247173556407026,0.2344440985456818,3
2018-11-13,0.3967771157224067,-0.393371902306823,-0.8319893434861818,0.2776271569010992,0.7011582359529487,-0.0241523452774209,0.2648455263086833,3
2018-11-14,-1.3795606481074054,1.0992641364443014,-1.7454236993115564,0.203056784003403,1.948864438572721,1.1139205741981737,-0.3729889500184564,1
2018-11-15,1.1355729744646663,0.3923829666608966,0.0618933294159951,0.0885050461261794,0.1145498527058018,-0.373522389896603,0.2639054268513899,0
2018-11-16,0.6066889586342054,0.3684298857294525,-0.062367779293321,0.1002588712674608,0.1618705058830652,0.3174062133426577,-0.0772623026341176,0
2018-11-19,0.4003494695443076,-0.167432722640023,-0.0322512953914812,0.1464062073194893,0.0838897081813778,-0.59383577426485,0.7447531382928515,0
2018-11-20,-2.1955334098655137,0.0713452762877469,0.4238916456416929,-0.0190097772694539,-0.2254438963825388,-0.7899083861866546,-0.2548390635211211,1
2018-11-21,-0.1869461314645327,-0.3251602828661974,-0.2841619673382188,0.1736143562076472,0.2459737498448435,-0.3824743932830226,0.2531813168374445,0
2018-11-22,-0.4191303047840636,-0.235396612891089,0.0925761864797364,0.0888867215838134,-0.0771183288539163,-0.4875253238154309,-0.0217364655253292,0
2018-11-23,-2.752898844125895,-0.1393795367814418,0.0839040300099584,0.1199489711422235,0.069068705712967,-0.6870266407223571,0.163916584007133,1
2018-11-26,-0.866312936278375,-0.3351736045377242,-0.4994415353027298,0.2535573876018159,0.544416599405918,-0.8692649509874764,0.4571270736609009,0
2018-11-27,-0.3927338658139254,-0.6388496045042875,-0.2192591507741031,0.1767254985935938,0.0796534209021236,-0.3557560437227266,0.0181632660014183,0
2018-11-28,1.3889158002374955,-0.3111033961297713,0.0804911152803113,-0.0156594478653538,-0.3380785787721683,0.9538058883702666,0.0242641475135951,3
2018-11-29,-1.2754906843983416,1.0561575557278615,-0.0959192964349955,-0.0343484559576499,0.4662817013141314,0.0161796196101657,-0.0900073854256716,1
2018-11-30,0.7363764886155318,0.1107980159823624,-0.2587426037925369,0.1637297428033512,0.2600793984020745,0.410709919044438,0.3304194588892683,0
2018-12-03,2.527768019605612,-0.0477287556997808,-0.3391158191931346,0.092169256676849,0.142077436809307,0.9451804812733372,0.3386672644892706,3
2018-12-04,0.1690798445212818,0.569327658733731,-0.6552865381277356,0.0647013344220446,0.7010103746869857,0.891611295355183,-0.1643952023030246,0
2018-12-05,-0.2428086683819418,0.539230206291866,-0.0213619325541335,-0.0590700217719596,0.1250696996886053,0.5822250927416583,-0.247958019586248,0
2018-12-06,-1.8254319033129212,0.4281608435617116,0.2209875314375866,-0.0171504740922448,0.032796830326482,-0.5060437065891985,-0.4521394994189609,3
2018-12-07,0.0957577875463787,0.8824500135552955,-0.4690801702428725,0.0837361459481301,0.6565802973752136,0.8591473929269023,-0.1766297388212927,0
2018-12-10,-1.059571081619441,1.2528978801713972,-0.1566730905040689,0.0435827060254469,0.675672372044595,-0.5632242184827183,-0.0879195788915224,1
2018-12-11,0.0771351851388638,-0.695063978513349,-0.2156488534318337,0.1909390676050116,0.0511188457833896,-0.3389216073902444,0.2142877016330127,0
2018-12-12,0.2287563042688793,-0.3108517111720481,0.1017725925794266,0.0258105838545781,-0.23199380755624,0.2205544184149801,0.0963659910051781,0
2018-12-13,1.5983479787295294,-0.2036446279216764,0.6757012199524015,-0.0270016869906925,-0.7422548310846171,-0.084660048227539,0.3639912443410815,3
2018-12-14,-1.2511669293125187,-0.0569160224704484,0.6369217932257993,-0.0761416014814356,-0.6416608858669561,0.3203102816427345,-0.4343832585266055,0
2018-12-17,-0.0122979312984044,-0.219680794497953,0.1863593263301553,-0.0133637691819453,-0.2962415605290352,0.2869605756152332,-0.1554680892611286,0
2018-12-18,-0.7544090926211251,0.4356208824717044,0.222621062769247,0.0383045573218,0.0371724563256305,-0.6975954301326579,-0.2116602196970431,0
2018-12-19,-1.2232305424314582,0.0675187732393508,0.0229547210277883,0.047328981854436,0.0822421834750895,-0.3352919094823102,-0.1180145593453538,0
2018-12-20,-0.3315857725035883,0.5328053660241764,-0.3241113088440023,0.018487696884018,0.4253554100468975,0.5111301131152038,-0.5663663115246667,0
2018-12-21,-0.7377912952558447,0.5999372341425061,0.4049669015951901,0.0571625809510624,-0.068422931725513,-0.5698364006074761,-0.3690012075792734,0
2018-12-24,0.0551987777574602,-0.4405337199493963,0.0313576261859633,0.1951072909897979,-0.0140510399459594,-0.9785631871872468,0.2064477898228481,0
2018-12-25,-1.453784732832799,-0.1893043336773297,-0.1565778171524014,0.2400312780164525,0.3718850307620994,-1.543418108543147,0.5337637228868445,3
2018-12-26,-0.1395046551294425,0.3806066090950776,0.2876382022241797,-0.0473316812017372,-0.1674071115516948,0.0740548601786079,-0.2548554025497858,0
2018-12-27,0.1924640035977944,-0.2047321450380667,-6.301037999437146,-18.79020979088377,-1.129226755837369,-1.0647404421227655,-0.3608420378270202,0
2018-12-28,0.1849847545644053,0.9845801162109998,-0.6113798197183108,0.2886695781946882,0.973329768609135,0.2840910854897401,0.3747497904511461,0
2019-01-02,-1.3787315543142336,0.6230206344826129,-0.4401050599100563,0.1115206394257732,0.7371182517633826,-0.3263048158151977,-0.2629919217751043,3
2019-01-03,0.2845177341490859,1.535406889540636,-0.2218540841357935,-0.1255613075294567,0.5499679797797108,1.17177129458077,-0.3348273816762554,0
2019-01-04,2.1479985368359653,0.0912573820350483,-0.1059476411386124,0.1597641045740168,0.0507079759944955,0.7074858321245758,0.3874436750666305,3
2019-01-07,0.9821349212372916,-0.9145060048922884,0.4326958288044746,0.0511264533409114,-0.726600059461954,0.0313507812769104,-0.2726574503916094,3
2019-01-08,-0.5169463907722087,-0.3155110438681846,-0.4477121766664779,0.1147008870439032,0.3126655577688055,0.3839209845934577,-0.0336295487869292,0
2019-01-09,0.6513896371876641,-0.3011653845699374,-0.0580829774668583,0.0537493209906721,-0.1084814964653903,0.489814335845883,0.3168572406830797,3
2019-01-10,-0.1328951797192068,-0.2972776939561651,0.2988114149295429,0.0321975750134937,-0.3382288457220554,-0.2416682097463728,-0.024608053593563,0
2019-01-11,0.7184132248076194,-0.4395124862955323,0.2567834754095476,0.107014106450097,-0.3968124349451903,0.2000467425706699,0.0670936911677572,3
2019-01-14,-0.8067707749784592,0.262824321955432,-0.1647305572904192,0.048228606570953,0.269994821809136,-0.0161623183066125,-0.2283214963774862,0
2019-01-15,1.2193821343597897,-1.1090927723010644,0.056328707010516,0.1704541287479773,-0.39521639933252,-0.1708831191801074,0.7094126727757464,3
2019-01-16,-0.8457616119844888,0.956723675145255,-0.1283318461964673,-0.0694757807189591,0.3664662796924847,0.544947663764282,-1.066761383404437,0
2019-01-17,-0.5436985868821116,0.3309150972736552,-0.1533432617023223,0.0192188869359302,0.2397140536602603,0.274227258075302,-0.1304897552886915,0
2019-01-18,1.9214954986673816,-0.2810466547849012,0.855593330094098,-0.0173992710490778,-0.9783396986422002,0.3643511775111748,0.3493806197146846,3
2019-01-21,0.506326718845821,-0.3088296293982795,-0.0598784120051332,0.0465550789133227,-0.1223240182965577,0.5389122452560714,-0.020011046758533,3
2019-01-22,-1.3902003981110382,0.2728285118460797,-0.1055326056150622,0.0547750165117158,0.2762095309638697,-0.3440295127477811,-0.1313483086462148,3
2019-01-23,0.0527984991901468,-0.1146968926887015,0.0284197424686268,0.0284019568530654,-0.0993687799717744,0.2583680575562201,-0.1587173517845538,0
2019-01-24,0.3053869947650871,-0.12165120770453,-0.0877996024899544,0.1083311599254673,0.0724709567483677,-0.132949048359013,0.2273011418334532,0
2019-01-25,0.4803937299811288,-0.2737567590278321,0.3411041814424899,0.0766822617008346,-0.4191035814157206,0.1746665476023428,0.4243155606103611,3
2019-01-28,0.1198320551761293,0.4931401406968485,0.4203720136063977,-0.0151310964314444,-0.1804527804075579,-0.4418540630925238,0.100093978121082,0
2019-01-29,-0.3144262859415748,0.7819673465918101,-0.3769132816382938,0.062041699697294,0.6272911622483271,0.1265048973317457,0.5408190926977128,0
2019-01-30,-0.3120351203788897,0.8018371374194707,0.1778576727643779,-0.1137602235873963,0.0117201945119117,0.5702801583417264,-0.3909901755573455,0
2019-01-31,0.5870563348465647,0.5386500001210655,-0.1914018404531171,-0.0477541311451275,0.2137959389505284,1.0493630595981194,0.4643959501336744,0
2019-02-01,1.636467942887476,0.0763865722848265,0.0744903301068199,0.4797854790358279,0.056045204843103,0.1672528564097985,-0.0507019447185769,3
2019-02-11,1.174481028983822,0.341710196518174,-1.1721490262967171,0.2532333197435119,1.1729388144462576,0.6686974519188669,0.3177454465562446,3
2019-02-12,0.3235918217562466,0.0455599635581849,-0.3969657136289241,0.1556716600360337,0.4225585862549098,-0.0345975610339739,0.2672523104525657,0
2019-02-13,0.9309184673456528,-1.104808386424819,-0.2764632858828972,0.285929020956396,0.0115435562129703,-0.5901388802669663,0.8893313598030349,3
2019-02-14,0.2532105511609777,-0.1574351550339921,0.0128080847836995,0.0286100597667438,-0.1070452916834799,0.3078766454658471,-0.133524398893282,0
2019-02-15,-1.3100659067505709,0.3627118498282225,0.359714821304719,0.1098702064844,-0.0291815201538645,-0.9971481339138516,-0.5431127652981118,3
2019-02-18,2.8890899165879205,-0.1889223747916401,0.3015870056854255,0.1102580171482386,-0.3576896224568743,-0.2453450471325564,0.7025149198554004,1
2019-02-19,0.2902996495137703,0.3484130455367201,0.3366511614611422,-0.0659830909245457,-0.2594807862791072,0.2296597485591421,-0.2870057588400378,0
2019-02-20,0.1690475121961329,0.399243987259065,0.0488905167320204,0.0668564830356338,0.1436159276467787,-0.3202722151753702,0.2732041170155571,0
2019-02-21,-0.2008840377445037,-0.6539726505731596,0.1682150756132845,0.0213638780085632,-0.3993165219045145,0.2251935324178469,-0.1742476861175308,0
2019-02-22,1.7508480078995556,-0.9000117580495445,-0.239457770257202,0.2419409469487326,-0.1250992988994504,0.5187866077103724,0.406781549498603,3
2019-02-25,3.5503775127777293,-2.080979495814603,-0.6650800983758401,0.5943768323684911,0.1351335045225511,-1.2080991797874547,2.1546990191892554,1
2019-02-26,-0.5041623727082378,-0.9178573744207962,1.0340739912983172,-0.0207471671017207,-1.1772178447896535,-0.9136568442334244,-0.5192471156626525,0
2019-02-27,-0.3967060270208139,-0.0993723004666107,-0.0974025629611796,0.0791831152359871,0.0886325788767951,-0.0634578242583346,0.1026529573386835,0
2019-02-28,-0.0050303207699518,-0.4910109153515308,0.044346805203803,-0.0010933252838314,-0.2951597210920227,0.6193456849118336,-0.3570965014457928,0
2019-03-01,2.0083469462795414,-0.6087507340347869,0.5763028556733658,-0.0220983421003881,-0.9201851322038876,1.024390104949678,0.4475193046895322,3
2019-03-04,0.0829055965128207,-1.916185357905099,-0.8309296221391375,0.3801140369504721,0.2229793767355019,-0.0825281864635485,0.4083808650087298,1
2019-03-05,0.6535814282198458,-1.1251961303343931,-0.0448138375080869,0.2156584996590922,-0.2611573426511276,-0.4913144408124295,-0.1895265111244505,3
2019-03-06,0.6912883157232915,0.1375497518359902,-0.1127310595146938,0.1729433059056706,0.2528639634148719,-0.7029321063794006,0.2134044157843167,0
2019-03-07,-0.4947070323396291,0.0181757744976335,-0.6399930575459215,0.1247616632318752,0.5680970722244637,0.5373129126531818,-0.8937916265992761,0
2019-03-08,-3.15714435755076,1.4543102143213866,0.3390022118186288,-0.077998081413683,0.2995007525606933,-0.5081413178796714,-0.9664429786942051,1
2019-03-11,1.5350055609542013,-0.4988898248245757,-0.4542062296755304,0.3372434187152457,0.4050633375046805,-0.8699072922114672,0.3899485397316665,3
2019-03-12,1.0409610567352294,-0.2881272644588694,0.1313626936965172,0.0271660698460184,-0.3034840079074231,0.4313575517482304,-0.2715537593510739,3
2019-03-13,-0.8865301382669359,0.5797591337968753,0.5372300542209772,-0.0750300127055179,-0.2365678790312267,-0.5330700235090223,0.2314587656533592,0
2019-03-14,-0.5912210359586507,-0.0199143265298099,0.5646588307784395,-0.1621798594727783,-0.6271877332861996,0.5447335259763106,-0.0238090109589387,0
2019-03-15,0.4604777392401797,-0.3280416486068116,-0.4723901171163567,0.3127499338837291,0.4428931128604707,-0.3321845299649184,0.5972696328144959,3
2019-03-18,1.6632751948823197,-0.6831155418689574,-0.5694284614324121,0.3177500962825662,0.3851508718314783,-0.3440460871656504,1.0233852957310352,3
2019-03-19,0.0162803969989926,0.3259436395601457,0.1776650528630203,0.0125016262885397,-0.164192494148925,-0.1001089476167789,-0.3641618733231163,0
2019-03-20,-0.3022674533542314,-0.3326413393982536,-0.2028153988763153,0.1178377111598285,0.1150195569168085,-0.0390044157066913,0.1451743145493194,0
2019-03-21,0.4486808180168476,0.7562293866507339,-0.1353728560625758,0.0597123713865544,0.3876498709595034,-0.0999427466934106,-0.3030163795939936,0
2019-03-22,-0.0951419185459312,0.0064188154179229,-0.2290733680359232,0.1975306634697938,0.2717970917562445,0.0151674833512001,-0.1204065300404159,0
2019-03-25,-2.204391680338686,0.5610646433260353,-0.5712026732423771,0.1634999773647854,0.8659570948522353,-0.3752117671654789,-0.6204038039051427,1
2019-03-26,-1.1180249789623284,0.703542334062783,0.1773575052523968,-0.1242424364315701,0.0077414331926213,0.528856650280315,-0.0436051182639594,0
2019-03-27,0.6180308340384612,-0.3675979553011484,-0.3235190638223986,0.1495443634018897,0.1846199922976336,0.1216410629371322,0.3977525726213266,3
2019-03-28,-0.9580362897699588,-0.0862850060880331,-0.363863257606447,0.0929467098589537,0.3425837381802304,0.1103217408897538,0.2495618744930779,0
2019-03-29,2.3331828869657647,-1.9229867189913723,-1.1602582678606093,0.3925065077034638,0.2870384119635283,1.6239081492960186,0.9028165048277744,1
2019-04-01,2.734158775072363,-0.336036725411439,0.4106436776506235,0.0837806156268178,-0.5298398617914202,-0.1702762346181843,0.2885647371765183,3
2019-04-02,0.2852223729172007,-0.426826351482233,0.5023581408408355,-0.0311460240863706,-0.645540478243815,-0.0025725366928538,-0.2198849697780946,3
2019-04-03,1.4371254355694776,-0.3147515355433317,0.7600330050022776,-0.052124428153999,-0.8603600084958517,-0.0992139096042027,0.2273895031991149,3
2019-04-04,1.0753044465784591,-0.980256716913858,1.332404823290275,0.1012699246073397,-1.4460797579096885,-1.015874010752991,0.4080723835602085,3
2019-04-08,0.5484917537123325,0.6988366807468023,0.5641680385478735,-0.1931939311363743,-0.4423852444406157,0.6794772211551948,-0.3144592720477159,0
2019-04-09,0.5693379912334524,-0.9954403990660944,1.1636525504579445,-0.0161401358234966,-1.334484910797452,-0.9177289457052986,0.2379965473600043,3
2019-04-10,0.132209970527302,0.3669270162337907,0.0563809799134317,0.0373063888784603,0.0914123235191111,-0.1724903382656029,0.1948393342047751,0
2019-04-11,-1.5698549015284846,0.7182963797173088,0.0296086639478111,-0.1130660527841732,0.1502869688539276,0.5297141771822592,-0.7453387128525985,3
2019-04-12,-0.4449003516902282,-0.7994885299701516,-0.1800872467013829,0.1498230012651938,-0.0998460703879739,0.4113049888215846,-0.0941820180665799,0
2019-04-15,-0.0181734143022127,-1.0866904574442735,1.175483759685379,-0.1213135315591615,-1.483593297181844,-0.206393875667093,-0.0711645123807296,0
2019-04-16,1.4415077191975725,-1.0507264638886005,-0.2921180746573678,0.3109088789916752,0.0526230884635943,-0.7716043809978673,1.2138996909866973,3
2019-04-17,-0.0704280670650157,-0.7697725217590252,-0.1197396681920726,0.1111206985504967,-0.1514784091548426,0.1253564074200991,-0.0992301653267742,0
2019-04-18,-1.2894557283549597,-0.076624965973731,-1.22659924304548,0.272691379205273,1.203340403125199,0.105991729985644,0.2515874757333972,0
2019-04-19,0.8731318070932288,0.3839014073366152,-0.1074068330852285,0.122093770779191,0.2168157361416394,0.2830486838498429,0.3851417107032513,0
2019-04-22,-1.0515994842252774,0.2991030354432434,0.982315106174398,-0.2041015147069912,-0.8442796418456299,-0.0387876827016627,-1.021430134434862,0
2019-04-23,-0.3227553579122793,-0.3333363533730695,0.40747329788459,-0.0741674295987906,-0.5512176459606701,0.3454431948956831,0.1662703185484041,0
2019-04-24,0.112092949620143,-0.8878419907665718,0.1416703746347121,0.1488125468820959,-0.3337357019580423,-0.5804889449924707,0.0909862780882756,3
2019-04-25,-1.8378638507182428,1.2382694039108564,0.4179971092804808,-0.2202034457348788,-0.0197853951329852,0.3102112110860765,-0.3048323893706509,1
2019-04-26,-1.0718116603814762,0.3666688119277146,0.0690873498762969,0.0993960601226405,0.1524214287761922,-0.3195515898328129,-0.3504066207362564,0
2019-04-29,-0.3646312932810995,-0.0171411699486019,0.271707757159324,-0.0901059808047638,-0.3287562265675423,0.5213996168553696,0.6420562807362435,0
2019-04-30,0.4789203215386869,0.3190379295645498,-0.0450195172385553,0.2153041488995644,0.162118003789734,0.3756008507418392,-0.122064786115921,0
2019-05-06,-5.176982836271157,2.014531959136778,0.0934972116334202,-0.3298303126824842,0.5786568956514193,0.5708424478484677,-1.224084440708643,1
2019-05-07,1.373957022926705,-0.2734338979872124,0.5262509903325032,-0.0570064406415537,-0.682766130032962,0.399384576974296,-0.1038205242492122,3
2019-05-08,-1.0686045838182945,0.4398824729796822,-0.1204277287938694,0.0519878442903718,0.332208854016823,-0.2868223287495872,-0.496914480633267,0
2019-05-09,-1.23893817746737,0.6769787320714602,0.0724532206461149,-0.0578240163412549,0.1688617243512896,0.0443952976945639,-0.6791806129249862,3
2019-05-10,2.474509049170308,-0.662010154056736,-0.5642960711575156,0.3679444845965855,0.3461720750580779,0.0094728551617948,1.0601674575925275,3
2019-05-13,-1.2490796414699918,0.8277595258208095,0.0195343473499783,-0.0153162663408187,0.3257106434405399,-0.3023057705591738,-0.4569543938868211,3
2019-05-14,-0.6248221855518852,0.4432311996100738,0.6413468810560141,0.0538989352980166,-0.2148401392929969,-1.6547504143802785,0.2615454500278165,0
2019-05-15,1.8475544409384888,-0.258402539909568,-0.4035519762014377,0.0967320972016147,0.1545772696653091,0.9201566575147142,0.3676668813436513,3
2019-05-16,0.7432616860198437,0.9459857236579348,-0.1815005663030296,-0.0412981995411099,0.3581161467143889,0.7852024177726917,-0.1800856294709336,0
2019-05-17,-1.6840578499875485,0.3346189735869577,0.7777865236763728,-0.2045297166520862,-0.6984968406003359,0.637995806117683,-0.8336942522208504,3
2019-05-20,-0.5042201642279961,-0.0804575530782273,0.05389740009798,-0.0123091424940539,-0.112959499963408,0.3400231522539348,-0.4487109579820442,0
2019-05-21,1.4858377635051736,-0.1701144890378288,0.054557137458506,0.0160492937962742,-0.2333231375565274,0.6572782845714045,-0.0056232029663384,3
2019-05-22,-0.7514517149288571,-0.4129310654612015,0.0088835736649721,0.102193000519605,-0.0527178328896899,-0.4764600633164071,0.1138987718702688,0
2019-05-23,-1.8219279522286749,0.3084161757368076,-0.2715846648007829,0.0578426837170035,0.4390920260997678,-0.1923478431355208,-0.1759293516418967,3
2019-05-24,0.1681276158834009,0.6797511797071932,0.1747361609624931,0.0547134773879547,0.0934010028887862,-0.0768411966859692,0.2976327823024442,0
2019-05-27,1.257424126279138,-0.8155860314243804,0.2402610427443565,0.1487105299651419,-0.4408985835752344,-0.5052767347620334,0.1022764061274776,3
2019-05-28,0.4385842483917859,0.1124029848476201,-0.2194146576192936,0.0578136621306008,0.1977123183552667,0.3296124507692207,0.5000015715453855,0
2019-05-29,-0.3180165932149148,0.5888667878545406,-0.6546168055229462,0.0871277438174185,0.7707063300412046,0.525685775294602,-0.1395789152737486,0
2019-05-30,-1.111061997297211,-0.2841884959902477,-0.8184373797831942,0.1784475306070567,0.6990952878800362,0.2870155778552066,0.0120389203120176,0
2019-05-31,-0.3949530513002453,0.5729195503924188,0.3607844910250979,0.1717838402802392,0.1019617091358115,-1.48514303665525,0.346427193954329,0
2019-06-03,-0.8478302395093674,0.7070234208706111,-0.2440025038465161,0.2070117104461503,0.7287533954889988,-1.4425193750498553,0.8990353653840019,0
2019-06-04,-0.3861924338463503,1.3954732192264176,0.3259027847421218,-0.1292856085667252,0.1390891217487374,-0.0201367207050229,-0.2638347774387122,0
2019-06-05,0.0210416338303226,0.2038346858901859,0.2850643613850713,0.0203006822237519,-0.1435997918919477,-0.4044359991359951,0.1021915318692226,0
2019-06-06,-1.1329353355426168,-0.0335184489986564,0.3112278078550852,0.0964969006284215,-0.1944721097044639,-0.3410156740567692,0.2016242324401305,0
2019-06-10,1.091318431051596,-0.4351384430096219,0.1759670066836095,0.03550793056309,-0.3609148390545966,0.2402783979456223,0.2835198984475915,3
2019-06-11,2.860939376169545,-1.0588462597819226,0.1302325253738368,0.1037514755186132,-0.6073836925977729,0.6076813689271369,0.3689767172299972,1
2019-06-12,-0.9418326013498892,0.4283062888242859,0.0458758578111708,0.1160302200921773,0.2878862185263747,-1.163566685690447,0.1927819116270761,0
2019-06-13,0.4585987646840767,0.755304079651479,0.1089225836962252,-0.0913693769471404,0.0190229350337042,0.6982971600616643,-0.4431717445057486,0
2019-06-14,-0.9328398184740736,1.6180659105021995,0.0997716426714006,0.0494976308213059,0.5788347356444813,-0.7291077747292206,0.3229627952004965,1
2019-06-17,-0.6604024242752874,-1.059277841117107,-0.855319718613019,0.2191579210999733,0.4390873601122192,0.5971269814204878,0.0195827295361939,0
2019-06-18,0.1955672153968351,0.5555329916627624,0.1201406982408713,0.0397228959195637,0.1280452608035885,-0.4065549717029729,0.312679137712522,0
2019-06-19,1.2405784397526671,-0.511203357305493,-0.0714707096679548,0.0612932294241243,-0.1993799084287807,0.6219197466246975,0.2347393506296399,3
2019-06-20,2.3633299450071603,1.8906231771340127,-0.2268492387246401,0.1169092597725758,0.8035962425055287,-0.5265455615262514,1.1494883358303267,1
2019-06-21,0.4119238798697301,0.6185255064134456,-0.0322769814278136,0.1620691235803914,0.3312588087913518,-0.4594450925822777,-0.133898827449958,0
2019-06-24,0.4901265663758846,0.4263863973221128,0.6213983044830426,-0.0392172696416051,-0.4062684739329842,-0.3964301646405376,0.0608167729504014,0
2019-06-25,-0.3105640422834737,2.084007917088245,0.6539794026391551,-0.1271143188295994,0.1845771833597209,-0.9623665227402192,-0.1659482678077863,1
2019-06-26,-0.3558276425342817,-1.5775655959502322,-0.2145039907391937,0.0718376145106809,-0.4366997771498864,1.0311476159205628,-0.2516387039305651,0
2019-06-27,0.8626362783336876,-0.5249161610724787,0.1538767566675911,0.0689717000387477,-0.3298906046205387,0.0403148109130479,0.3048717964168839,3
2019-06-28,-0.3544804757906974,0.4644253795405798,-0.1015123532583832,0.0669274548945071,0.2439000479632751,0.3255089999874191,0.1406332465628602,0
2019-07-01,1.9156547026996509,-2.000129323637372,-0.9992029574418226,0.2386283937382348,0.0416794976237496,1.8660738551751064,0.3565230440687332,1
2019-07-02,-0.3455084470227276,1.1420028357181102,-0.7145411372760726,0.110520009279539,1.0731882081131097,0.122624256825866,0.2164476388878668,0
2019-07-03,-0.6147367270594521,2.326733067810804,0.4560860214154851,-0.0173012528180585,0.5871313439435533,-1.722521271003515,0.0832870149379192,1
2019-07-04,-0.6686519558801867,-0.7200936217450516,-0.3942067030418011,0.0868942664670675,0.0836218985096433,0.6054697724014465,-0.2488083194482197,0
2019-07-05,0.3378977823585163,-0.5751440291496812,0.4790090937754523,0.1572192187922181,-0.4998265183669214,-0.8320579420068611,0.3898422252923432,3
2019-07-08,-1.5270122870730194,0.1574894546858448,0.756678859734503,-0.2954898980574336,-0.8127800308996199,0.9769306353254836,-0.7630602825264337,3
2019-07-09,-0.4085482547904427,-0.8084738137947627,-0.3638487514702506,0.1253038970487267,0.0549726694282462,0.3456720730464455,-0.140840673421298,0
2019-07-10,-0.1371412348529964,-0.0537255873005752,0.1884260797259856,-0.0317407895249564,-0.2357118739437673,0.2606561918961636,0.0135846693950928,0
2019-07-11,0.4392570905669548,1.6561883647727291,0.404303968951098,-0.064272883905284,0.2318862859372432,-0.6480410891093814,0.0893361132782692,0
2019-07-12,0.075756557423861,-0.6592432659694676,-0.5344505706168194,0.2401795199451482,0.2997450761160367,0.3167686624280045,0.3628930572227832,0
2019-07-15,1.0148469575607282,0.0104784220875667,0.4911554691284747,-0.0580440318914813,-0.5267534865134591,0.1920314566846138,-0.3282719793004907,3
2019-07-16,-0.2135551688423886,0.0894001499066446,0.0423281075767753,0.0328358685620301,0.0046736437896512,-0.08068920411972,-0.2465748679587623,0
2019-07-17,-0.2356866296983612,-0.434174490320419,-0.2450342302554656,0.0818377156497756,0.0562813081653764,0.3674236398896236,-0.0409503915482778,0
2019-07-18,-0.7820858412370186,1.0973533809661449,0.1888613771430806,-0.0611267431437958,0.2273887791968337,-0.2371173053237087,-0.0010440141025489,0
2019-07-19,1.0902645481148046,1.027201639315889,0.3166220404975494,0.0540277610154717,0.0913418107580829,-0.3875275457383414,0.39441069867788,0
2019-07-22,-1.5949222705014083,-0.7007785275389828,-0.4707043994463623,0.1600127637917824,0.3030982094797744,-0.095394583358486,0.4094279653927395,0
2019-07-23,-0.0106856676020175,-0.6801508812661455,-0.4905683043587903,0.1701433925844614,0.2335118107189776,0.2420514901298023,-0.0492070244009087,0
2019-07-24,0.4747537845821111,-0.3432563667570837,0.1331646836847483,0.1450032273938308,-0.1200168477716662,-0.797729882042459,0.385772859641258,3
2019-07-25,0.4608401803248711,-0.0188519356001567,-0.1693647493436375,0.0764525007673698,0.1374714535478359,0.1607615862340173,0.3190330297595607,0
2019-07-26,0.2117386955687764,-0.2347631305977823,0.070132449190602,0.0830606611973049,-0.1680748052785957,0.3516432818115211,-0.0377243094898315,0
2019-07-29,-0.174944770770414,-0.280569912147143,0.204855856953509,0.0674326322190949,-0.2120485924097755,-0.4334689128136907,0.0604952747158494,0
2019-07-30,0.5643724881112632,0.4925533608696296,0.0624471738695381,-0.0018401671442323,0.0695941633620622,0.1413165239899722,-0.003948824898825,0
2019-07-31,-0.6078884080348027,0.7116037430903849,-0.146092762789226,0.017677928400465,0.393293322839386,-0.0372172102817973,-0.3118377322396202,0
2019-08-01,-1.3268712438350414,-1.3130662617914337,-0.6993523966175744,0.1816580907427108,0.2117362755552862,0.5882824371568541,-0.2078274173626199,0
2019-08-02,-1.1567697517025533,2.4628410315044267,-0.0403941420814276,0.0841182419168332,1.08203220458784,-1.2557186717465398,-0.0461652768640969,1
2019-08-05,-1.238808957044379,2.816495813687065,0.2640303161460697,-0.0286067328568681,0.943799848053405,-1.7283569218504635,-0.2426200578855656,1
2019-08-06,-0.7368076193634541,0.3733505066303947,0.6833254541084186,-0.1531037658887724,-0.5250273622246645,-0.051594390424537,-0.0867783364689768,0
2019-08-07,-0.3411621769125145,1.6523892639762907,0.3614480690515542,0.0449534321348049,0.4460097718116313,-1.637303487923831,0.3350014403713783,0
2019-08-08,0.9917092215018074,0.6512128001709573,0.069358965991012,0.0556505312673436,0.1864112590946524,-0.3046267989727481,0.5910863344659645,0
2019-08-09,-1.1269943940288805,0.2176681732037603,-0.2643861621822033,0.1252415403963003,0.3842825597752061,-0.0065464112143481,-0.0943946565919774,0
2019-08-12,1.3042362252660415,-0.8769945573227912,-0.2548952482173112,0.1439156565149296,-0.1147609559540838,0.4889814122300633,0.371770767732533,3
2019-08-13,-0.2413731326951954,2.4662443257903943,0.4981386359122114,-0.0779262554885605,0.5152290562065363,-1.3176127426833442,-0.0773605256404027,1
2019-08-14,-0.0907684607681589,-2.324411489060896,-0.5512127608181914,0.1562635267100606,-0.400453475408536,1.3345959619316017,-0.13769539971507,1
2019-08-15,0.364282929867127,0.4550934785985467,0.2476175408798753,0.0544434664786408,0.0166754134175698,-0.7181262728821403,0.2255906841673464,0
2019-08-16,0.3205930855436452,-0.1975925273885419,0.342093175185807,0.1307808588634602,-0.2847665467171733,-0.5604722434554584,0.2632038360473074,0
2019-08-19,1.4724369158959107,-0.473839365016871,-1.004152838469902,0.2927161729240766,0.7533972856200692,0.4495401723440857,0.3684308940268481,3
2019-08-20,-0.2133892024851743,-0.5764135128740491,0.0630647474041045,0.0687475205216285,-0.2253508982001105,-0.0743674302329861,0.0066068120615957,0
2019-08-21,-0.2551879367485434,-0.7737620972719769,0.2589400239912831,0.1015626277978401,-0.4039051718714597,-0.6160505914442492,0.0440619565297378,0
2019-08-22,0.3205858308971528,0.2287329076352888,0.2073452157971085,0.0136943316187093,-0.1054887858096355,-0.1415920558414263,0.1347963378027258,0
2019-08-23,0.4040065878800632,-0.2112212876051722,-0.0304459859479552,0.1005100280714608,-0.0747094085183249,0.4191817755782719,0.2602709476174001,3
2019-08-26,-0.6832437334808191,3.101616958438269,0.5924317029190767,-0.0406651731169009,0.7779163817960265,-2.2591821215098373,-0.053709118466904,1
2019-08-27,0.7667899272981084,-0.3648618078946915,-0.2913409605084533,0.2235311788640654,0.2439287910676651,-0.5171952741227238,0.5155270851109868,3
2019-08-28,0.1711363729794047,0.5096255394733092,0.4389185154957,-0.0960359779047945,-0.2878248550218004,0.1143351018022019,-0.3130755305778216,0
2019-08-29,-0.3966894549748505,0.6211635905413694,-0.4129713638882501,0.1035990007860201,0.6423606847993515,-0.1536080902632126,-0.0528166556355364,0
2019-08-30,0.3989613842402245,-1.1574654448978312,0.6437998860198382,-0.097290679507595,-1.1832225370180025,1.3100916219325778,-0.146428567646729,3
2019-09-02,1.4095783310702106,-0.567648172267581,0.0002671097438668,0.0982315403152497,-0.244696620440176,0.2738002607439239,-0.0861035623510587,3
2019-09-03,0.5073084866108872,0.4257233524654998,0.3578839737424876,-0.0123746631944832,-0.1774497919212726,-0.3000029241521852,-0.1106282423220541,0
2019-09-04,0.8079604781264836,0.6350673856648329,-0.2461264162730544,0.0536039287624524,0.4013471777236353,0.2417417614026871,0.1658220017380278,0
2019-09-05,0.3277101753277692,0.590807946044926,-0.9649400317673804,0.2071656480931246,1.1146030658889117,0.2542992901596448,0.4129717333800478,0
2019-09-06,-0.7199616158905322,-2.375381840954545,-1.3800444818743642,0.3977041001842509,0.4381369582345029,1.3696908462335984,0.2142633358777815,1
2019-09-09,1.3662635904867966,-0.2214851331833614,0.4197651490977395,-0.0484503766836464,-0.5796312152777046,0.4694140212135128,-0.4949603585810755,3
2019-09-10,-0.4874477497495939,-1.4343934408787218,-0.0438223604268442,0.0625554144665258,-0.4988719720389091,0.6261753021113194,-0.2254121115543887,0
2019-09-11,-0.3765728843767686,0.3179637250335632,0.2140359338730509,-0.0412511305210897,-0.1062062120947375,0.0437440981784591,-0.3090904041528479,0
2019-09-12,0.9313243912983168,-0.1540830235252657,0.4401704678800234,0.1058572842096666,-0.4401643393230314,-0.071100657205347,0.3573431427472492,3
2019-09-16,0.0714483138732013,0.2044207683666972,0.0812353167951258,-0.0455539839449846,-0.0951585420337217,0.5588887429859482,-0.4277756100221797,0
2019-09-17,-1.0895812205538296,0.1034648035151079,0.5519881732520635,-0.16893188625101,-0.5526257897452495,0.4033236699532858,-0.5576780784247422,0
2019-09-18,-0.1499381053054189,-0.2150049778495178,-0.0988207825194524,0.1732527579279258,0.1637142790725106,-0.7882228498633566,0.5510713483790828,0
2019-09-19,-0.2884221854956248,-0.8829591857953533,-0.5223718381658354,0.2732036108238614,0.3237999965794836,-0.5284355740702324,0.2752761532788692,0
2019-09-20,0.0004876302907056,0.2122470906425415,-0.0968414161334725,0.1817092314548837,0.2673744763417652,-0.4595606280400666,0.2676787977972042,0
2019-09-23,-0.1899815880091421,1.4853171926241622,0.4128015611088341,-0.1498655126166239,-0.0393650922905685,0.1191710244738606,-0.6143070969863382,0
2019-09-24,-0.2249924056669866,-0.3521899437316398,0.0180276855724427,0.1783523673874763,0.0359279243017683,-0.9904738480761432,0.4371051537416143,0
2019-09-25,-0.6519410326668418,0.827934694419474,0.3186327625507175,-0.0961686665138215,-0.0207488402853433,-0.0619864529033748,0.0135611105121508,0
2019-09-26,-1.092419114275709,-1.3384558324499198,0.2344596661637252,-0.0399992370888625,-0.7456762649125689,0.7292874878519167,-0.0150652426361586,0
2019-09-27,-0.1564150263836389,-0.9915193382358852,-0.2419532722967844,0.267665677202411,-0.0050056577578126,-0.2392795553886944,0.1606480894364522,0
2019-09-30,-0.6862905126027304,0.156575768971639,0.2284118759526229,0.1573408226912075,-0.1499200684968066,0.5932770109040093,-0.3795340606206558,0
2019-10-08,-0.0222715944779099,0.130954448731306,-0.6690421801305986,0.1333815820571771,0.6545547797628972,0.4618413623972301,0.3285501530946806,0
2019-10-09,0.4312186884474289,0.956431317153978,0.268442008672622,0.0337274448210233,0.1661506112233177,-0.8258442798183715,0.0328101678949283,0
2019-10-10,0.7318034149352534,-0.7923602557458557,0.0088355984874448,0.0853365595394738,-0.3142465514756377,0.3004774344659152,0.0117012426083564,3
2019-10-11,0.3884296900224183,-0.982828654559118,0.1128357758162971,0.1681905657622666,-0.3957605105768502,-0.0120933938842468,0.4661896367880359,3
2019-10-14,0.4423897029894345,-1.5649289581058714,-0.56540809027655,0.221059915958206,-0.0322544906045736,0.5900988912521589,0.15141602257072,3
2019-10-15,-0.6100719468812781,0.1615243953901958,0.2890698915804994,0.0031907039818994,-0.1493781565954126,-0.4196828715880065,0.2217139759129602,0
2019-10-16,-0.9181604501312028,-0.392295923623824,-0.522947912327104,0.1904640755764096,0.4509303562526486,-0.2220631663882652,0.1789619722742748,0
2019-10-17,-0.1424329603387894,0.2661200214244722,-0.0580979088017873,0.0681609858162593,0.1952354385675677,-0.2841080406853092,0.1927571714671186,0
2019-10-18,-0.8447614430093795,-0.1605964481609437,0.5304587818106528,-0.051798373844817,-0.5803629144463385,0.3079946449674167,-0.5767816781093115,0
2019-10-21,0.1237664735181143,-0.1929011645198224,0.2680844520531072,0.0255938224144731,-0.282992642076771,-0.2345470227468968,0.2377783554398172,0
2019-10-22,0.5249520645107417,-0.7143386668744031,0.3670084920274833,0.0676319258620444,-0.5525658367248294,-0.3141409806232602,-0.0550401313381637,3
2019-10-23,-0.4020043490579397,0.6071953792876169,-0.0993720049268177,-0.0472411364012372,0.2231192026597454,0.5186679003136837,-0.2815560793633712,0
2019-10-24,0.1282875143040985,0.0759480839465607,0.031060027331651,-0.0275780467030909,-0.0944952548548348,0.5781519997611871,-0.1539613904629282,0
2019-10-25,0.7489970353077928,0.7842576818708629,0.3156790759137814,0.0936157502400796,0.0542210129430037,-0.6203300403282348,0.2642542987010737,0
2019-10-28,0.6929725644786129,-0.9717760666918928,0.3522516450507068,0.1568538148416169,-0.537358202356683,-0.8524235047231212,0.1458310269245648,3
2019-10-29,-0.5569901527357249,-0.8471609448285305,0.2867247254128275,-0.047567901060121,-0.6262821380192679,0.5255975527578682,-0.0164172875010641,0
2019-10-30,-0.2497087866402144,-0.436823042244444,0.7151299207549608,-0.1020882405573396,-0.8504989138466977,0.0810361504942133,-0.1020142056923731,0
2019-10-31,-0.4343912491449179,0.2822659464869589,-0.3059711902111498,0.0732745987271348,0.3902907798431291,0.0605275029771134,0.1639846969210519,0
2019-11-01,0.8973516909941642,0.6766908651477096,-0.40492720861844,0.2365848031844097,0.6949795956387333,-0.3329143234966617,0.8230310952526734,0
2019-11-04,0.4779447906574858,-0.586215765612182,0.2197593573782498,0.0593483669757822,-0.393565330139361,-0.0678928481928059,0.1946703226920808,3
2019-11-05,0.3957798030556257,0.1278141670315558,-0.7219967444453605,0.0834041444013455,0.5897161523108921,1.0627046217754543,-0.0518523687755938,0
2019-11-06,-0.885816508514517,-1.251977776077828,-0.3637498640993189,0.0848833405237545,-0.1443532757499046,0.8306407769511386,-0.0822181989614939,0
2019-11-07,0.0499232041165767,-0.435683836522313,0.0128166995665082,0.1166640991449985,-0.0878474983060307,-0.3856983432602367,0.0586675924173065,0
2019-11-08,-0.8061736409404267,-1.3916426525884311,-0.2936588572313986,0.1943443057250597,-0.1820474411771205,0.4715818161506349,-0.1607708227882862,0
2019-11-11,-1.910737890931413,0.2844103320244598,-0.3780624814696647,0.0328703191002643,0.4858749446874642,0.1531792903961939,-0.2537538804752801,3
2019-11-12,0.293781081669666,-0.7296415797990236,0.2053371185581561,-0.0553253860843835,-0.5823836142998513,0.960056513814814,-0.3500192679328859,3
2019-11-13,-0.1635611299510247,0.6996920794980104,0.0654208131008239,0.0610430580025608,0.2783093898986163,-0.6971575014115984,0.1880696526246779,0
2019-11-14,0.5610514259857735,0.2185810809864974,0.3406271402291893,-0.02020306985721,-0.2665847086990588,-0.0280244397118418,-0.1999060634646407,0
2019-11-15,-0.793459886524646,-0.0109153958226476,-0.1987975804278806,0.10908440486943,0.1927600625060279,0.3093335208489534,-0.1776923581683369,0
2019-11-18,0.3203007204255048,0.1619183634586932,-0.597471939347228,0.1164480188698646,0.5753377524523918,0.4972471096339356,0.265544798280604,0
2019-11-19,0.9214122729785964,0.5621725016081511,-0.3859233047702841,0.1178436230250931,0.5416996916555429,0.089816134291699,0.118996718226641,0
2019-11-20,-0.5181727539405822,0.7004551919819162,0.0471233854641369,-0.0471920673827344,0.160735965439444,0.2164945416534007,-0.4552708661363789,0
2019-11-21,-0.2902954532969005,0.1370499505776072,-0.1250349501881091,0.0261069779377223,0.1437682426218719,0.2384384916056483,-0.2779626834851438,0
2019-11-22,-0.5319617069533575,0.3152596414746873,0.3372242484947413,-0.0030924495070694,-0.2163098816327262,0.1811407373491398,-0.4307533387271347,0
2019-11-25,0.815467305439948,-0.7883683160119862,0.4225404763111365,-0.0966224637397799,-0.8338639211666679,1.0433346618601482,-0.0298603267142972,3
2019-11-26,-0.4819337352252867,-0.323629342908529,-0.4093370128339469,0.1922095061062058,0.3882555877969713,-0.4407605354130695,0.5527887520950899,0
2019-11-27,-0.2707771550451709,0.0075312365446245,-0.0323660137533395,0.0908242361739869,0.0953817422168883,-0.3463148127215846,-0.1980626023408928,0
2019-11-28,-0.2983283471777473,-0.2210269259367784,0.0118790416583564,0.0263347875464693,-0.1031522325871968,0.2134669849593081,-0.1538001076387653,0
2019-11-29,-0.4454372724461228,0.3825509968607747,0.0455640580609863,0.0974230052939559,0.1399060566916701,-0.160729846108732,-0.4323634218620699,0
2019-12-02,0.3142075585741766,-0.4830416858407765,0.4810378506703862,-0.0005220109396354,-0.6033858601643893,-0.1538075297786964,-0.0049525470138814,3
2019-12-03,0.3205028330787747,0.2301165944571059,0.1183519443791775,0.0630191636737346,0.0187440453854706,-0.3857471762619927,0.1869403869591225,0
2019-12-04,0.0800036533459319,1.9616178782068967,-0.063020219342007,0.0183476523279865,0.8039214299454848,-0.6693498929864464,0.1911395503546052,0
2019-12-05,0.5472355987319956,-0.7765915918086537,-0.2472427798919906,0.0897043142716668,-0.1072894006901224,0.6397781572975907,0.0141436689816499,3
2019-12-06,0.4427473891979094,-0.5787205370245145,-0.0685323483203325,0.1418630253961089,-0.161194424531104,0.4628403558724007,-0.0767631105327964,3
2019-12-09,0.5280966503661058,-0.2811994616108204,0.3662117927848445,-0.1337201244183155,-0.6315002746241845,1.139082010645595,-0.6314666643681853,3
2019-12-10,0.1568069087989893,0.2058089383719422,-0.036133220505425,0.0657235765442309,0.1322298497113101,-0.1866411846257158,0.0095238072622593,0
2019-12-11,-0.7425388773993451,0.2001041591837212,0.0889915850871515,-0.0583623586594214,-0.0795856924823864,0.4595566771406799,-0.8364321007079843,0
2019-12-12,-0.164724049136192,0.5829915562890229,0.0928906323924728,0.0155680149238433,0.1450119282722566,-0.2521998421869893,-0.0380027905400398,0
2019-12-13,1.003648101150875,-1.221008080774891,-0.3949607943781217,0.2766861955184234,-0.0402403921402712,0.4143184909918961,0.7010107792950775,3
2019-12-16,0.6352617034369694,0.4022847637831904,-0.0648200871073745,0.1288288878729272,0.27833532602088,-0.5846202825908049,-0.0309978093931406,0
2019-12-17,0.969040969012802,-0.604221113835363,0.0168690270237665,0.1314925756627502,-0.196287639204531,-0.1530283278283821,0.395360816179048,3
2019-12-18,-0.3257006619715964,-0.0400386507027431,-0.04384926497409,0.0928911530160829,0.09485930487906,-0.3432033702740661,0.0308522173665436,0
2019-12-19,0.0478234825407488,0.1120362109125716,-0.1357780878629195,0.0031874231502081,0.0808717927123486,0.6003568754755685,-0.2670358483761482,0
2019-12-20,-0.5713921510915035,0.8908515453345299,-0.5062586872600858,0.1450967172689719,0.6751964461666858,0.318170775937991,0.1649913374646862,0
2019-12-23,-1.1781067293875471,1.1011978199576502,-0.3129368873907165,-0.0512828641701304,0.6156727106481343,0.5245626678998031,-0.2286346042477737,1
2019-12-24,0.4908841764143097,0.3272084285217184,-0.5367244745597362,0.1641202465231093,0.6282852346918104,0.0563301856084484,0.0447484133606695,0
2019-12-25,-0.0027106701619845,0.448848433135881,-0.1113823950684271,0.0762612458449007,0.296943707896394,-0.2081212459172,-0.0407334106257647,0
2019-12-26,0.5010069061869175,0.6999986980705027,-0.626317222146173,0.1157758805756125,0.7862872242134723,0.4131139404490079,0.2700177747713927,0
2019-12-27,-0.0318739321211383,0.2627298444970639,0.2904421410544394,0.0314278129262158,-0.1836051748773862,0.1624358920213118,0.0368824993419826,0
2019-12-30,1.3074930882321667,-0.73721572180308,-4.516902134175296,-13.383214051439774,-0.9046991579732232,-1.739027662328879,0.4267290450644536,3
2019-12-31,0.2006970464616641,-0.0103513909298949,-0.0923975553930567,0.1309349421381446,0.1222548032702182,-0.0989367693809936,0.1281968377430551,0
2020-01-02,1.041418180572036,-0.5391986209259587,0.1902364833097682,0.1692771768388165,-0.244272146993414,-0.8028521210766687,0.4375749986911504,3
2020-01-03,0.3801202875677484,1.1694762770812923,0.7175019862458475,0.0315067054655206,-0.1459360939691216,-0.9889036946670736,-0.0287788831064674,0
2020-01-06,0.4913480189063689,2.2678240628739976,0.1869222197150073,-0.0417322781975386,0.6400641475371059,-0.6167968904349858,-0.3731495541787751,1
2020-01-07,0.4149358579331462,-1.1853593338185668,-0.2184853191967344,0.1625566367383519,-0.2044716058194308,0.2715372206575666,0.0758562929844926,3
2020-01-08,-0.3726138333015931,1.9059971521326609,0.5118364998684826,-0.1820480963385203,0.144892935960379,-0.1506348933422095,-0.3519097459062901,1
2020-01-09,-0.5392780547268465,-3.4980396511495537,-1.4862929742898543,0.5095929161854448,0.2548336777848593,0.7549487940577199,0.5395586667790367,1
2020-01-10,-0.1468140102940312,0.6556517757800332,-0.3368218847609994,0.1150653894199167,0.5285709451478606,0.3870663846432482,0.0197574518597254,0
2020-01-13,0.48818195859381,-0.609707251215573,-0.4010844227623192,0.1963252284847592,0.2135868664445645,-0.0645657345910638,0.2594336823786926,3
2020-01-14,-0.375534841654127,-1.0621737270805698,0.2044137057653424,0.0468980251413372,-0.5476823993048736,0.1200043613657255,-0.1428647386079292,0
2020-01-15,-0.3856315608904241,0.4060406553691372,0.1678648771552251,0.0389825394331008,0.0601248859438708,-0.5377993974344834,-0.0878874108836084,0
2020-01-16,-0.2322461822842461,0.16148706136583,0.0450798408718197,0.0258184730836554,0.0193253601438036,-0.021109097613403,-0.205663826063532,0
2020-01-17,0.0036316591242463,-0.012147722967296,-0.0792767974951062,0.09511484746564,0.0420435975103253,0.4657780952325238,0.0429342424742125,0
2020-01-20,0.3690345663345298,0.2386392315224646,-0.7308190298954486,0.2063367697463966,0.7876992097382733,0.1389483243683319,0.1397331881545584,0
2020-01-21,-1.5516522593105406,1.1247925354022636,-0.3745632477614077,0.056815432603604,0.8393096539253596,-0.5408284827800868,-0.3275839839116936,1
2020-01-22,0.0588604344623845,-0.7504728983271234,-0.4750847804843016,0.1986407727978795,0.2011523371885311,0.277422569226073,0.0308211150337085,0
2020-01-23,-2.9868972897572723,0.966064736502695,-0.0145614115046377,0.237226201382374,0.5639652619722056,-0.4994776522911908,-0.4478765274870149,1
2020-02-03,-8.556939483405055,2.548891849325144,-0.6636020057079627,0.2937333398127038,2.238629726407129,-3.2555886131445018,-0.5541367723650176,1
2020-02-04,1.0622288338014605,0.1144397792938573,-1.9118376356108524,0.3361811151603069,1.7147080490026445,1.34954914353197,0.8996068691565419,3
2020-02-05,0.9157230844344736,-1.152498477004778,-0.255774605820472,0.2143777427260523,-0.1216626711926139,-0.0213651940449885,0.0211487562124764,3
2020-02-06,1.6053833999421867,-0.5436013243370298,-0.7051508254490095,0.197765622298576,0.3712449491301836,0.8619415993949215,0.0390400328766316,3
2020-02-07,-0.0925321759721771,0.9644891218224662,-0.6643233732386097,0.2205163164387725,1.0187533419517787,-0.0680091045169731,-0.0462848410162745,0
2020-02-10,0.0014529376822565,0.3666530490000545,-0.781739019551358,0.2187423665768895,0.9297455378635496,-0.1814664026174686,0.1634396092868998,0
2020-02-11,0.8660752334409859,-0.1959575905948103,0.5655745497013339,-0.1022338230522195,-0.709982626650905,0.5583046090459732,0.2943716825442755,3
2020-02-12,0.829408095962826,-0.7895951826264754,0.0263665164685555,0.1145388925086562,-0.2903645971946813,0.0564967832436686,-0.0664160460271837,3
2020-02-13,-0.3326361909252177,0.8544993251725008,0.2538115808948739,-0.055502785102244,0.062589496924742,-0.1479176995840998,-0.1276726048019297,0
2020-02-14,0.4972411221021961,-0.3699917669394825,0.4241392845813193,0.1029749566112125,-0.4573813510287719,-0.2935068604136284,0.3516554113219612,3
2020-02-17,2.29608754525398,-0.3092502773641467,0.4080153477642822,0.0926723998410273,-0.4739068483304082,-0.3717130987354472,0.3204825754319396,3
2020-02-18,-0.3094440305551081,0.2903701610686817,-0.2575309480821453,0.1679270367854506,0.4671840501383728,-0.7130218851469917,-0.2635961289756111,0
2020-02-19,0.066009881785133,1.113403787958526,0.4807919844875435,-0.0993205853307177,-0.0655448947205746,-0.2608692534525358,0.1307033975315654,0
2020-02-20,2.235479150057408,-0.1038668360907549,0.577704542594144,-0.030817649807207,-0.652789140477897,0.1439600850087629,0.4993891788732736,3
2020-02-21,0.4503965461794367,1.8680917122146308,-0.0473443796535029,0.1634690358059741,0.8412854874625899,-1.0988033404551154,0.0312082421005646,0
2020-02-24,-0.2499426160602274,1.652899703632922,-0.4337103374189866,0.2060551700585396,1.1902309732018836,-1.4238313052155631,-0.0496174372956879,0
2020-02-25,-0.3624375611913819,-1.839151763224956,-0.4135279513669351,0.1251442506962087,-0.3345016941956348,1.0683969638382875,-0.4373631845308275,1
2020-02-26,-1.8441773042623584,0.2403070448085455,0.0223566137344254,0.0931819224916956,0.2684177803457048,-1.083464396354148,0.4365954216250903,3
2020-02-27,-0.6156961492634527,-0.3315717863214537,-0.8155066030935718,0.2802441942176885,0.7823147200257369,-0.3772437163683926,0.4642223121242397,0
2020-02-28,-4.689828953878234,-0.9220991893017798,-1.167324743700849,0.2493505296018086,0.9184361275106364,0.4054463225204325,-0.1772910612366399,1
2020-03-02,3.0150360032232704,-1.2134265907689523,-0.5977582127075106,0.0667340068080321,-0.2133778239114778,2.416822703206275,0.056266712870689,1
2020-03-03,0.4783935657704113,-0.2936922193864092,-0.0122897852662677,0.0751097002153274,-0.0934275954957164,0.0475866274009016,0.0319284782741345,3
2020-03-04,0.3449873417401617,2.448621467054116,-0.7456700674821365,0.056811739060665,1.523853442407855,0.0950073427855461,0.355500007369541,1
2020-03-05,1.444588405797436,-0.082839314290429,-0.1345299620527454,0.1543783081711504,0.1397976480072976,-0.2827820002052924,0.8719873842507968,3
2020-03-06,-1.5221710486738322,1.647533929637355,-0.4415014476003412,0.2134180914335337,1.2122078642660443,-1.2088808685512633,-0.1866235078612963,1
2020-03-09,-4.158481281340939,1.1132450608923143,-1.371010363842116,0.1909264643688965,1.8580625668441448,-0.3221595230822547,-0.2158303046362975,1
2020-03-10,1.930475287484688,-2.9009547165354816,0.7539784633522222,0.1033914142147949,-1.7384371353712669,0.1494520213830813,0.2286868294975887,1
2020-03-11,-1.507216728439281,0.3534254465884215,0.1322238098386789,0.0977032884918661,0.2067344200639957,-1.2767701649949468,0.1118085328826909,3
2020-03-12,-1.8536458223375507,-1.328224719230788,0.3395391468655193,0.0423362368637497,-0.6744386407227152,-0.3712431516115567,-0.4370700697588554,1
2020-03-13,-0.7766067805775924,-2.824216817567672,0.5707273713787097,-0.0293943763428945,-1.6835518109953058,1.4967142351885814,-1.082004143501431,1
2020-03-16,-4.481675971648591,-2.369077851974211,-0.5533809714448376,0.0250019005402188,-0.3473896643980163,1.3557705259116708,-1.175880843962099,1
2020-03-17,-0.9615492200929044,-3.937001603888507,-0.689382193811504,0.1848513896229909,-0.8872766307698087,2.0317979415486467,-0.664852552305106,1
2020-03-18,-2.0510356376136865,1.302074293282795,0.3334470021689029,0.1342928027536132,0.5399226282742828,-2.6660210515379865,0.2311943690590172,1
2020-03-19,-1.398785838234711,-1.2022193336082183,-0.4568039439859289,0.2828098798803822,0.2063245981440881,-0.8053568825849892,-0.4432902434158794,0
2020-03-20,1.749681976003714,1.51995359335114,-0.0774940018536941,0.0124971471949133,0.4863530956025188,0.5126345337967426,0.3993178370137643,0
2020-03-23,-3.7536194932153872,0.358353400199267,-0.7367971371701288,0.0937834206448986,0.8383634360378571,-0.1630124000136285,-0.3590749538012809,1
2020-03-24,3.0239045596928698,4.675335769154903,0.8041793372532631,-0.1303147427048943,0.9650791193642092,-1.900649589460614,1.1241324496555951,1
2020-03-25,2.4868855089918145,1.6673988577909378,0.0049319781912174,0.0244921067584709,0.5225359594962269,-0.178789278617436,0.7305104670447337,1
2020-03-26,-1.4970638034148094,0.3559029566529483,-1.3857973156948988,0.229031579092622,1.4525293716369332,0.4349510039856216,0.137971140479867,3
2020-03-27,0.2810890900908974,0.5110492137459667,0.6155117120212469,0.0100269125154935,-0.3106593706270288,-0.7099660233404601,0.397411159027831,0
2020-03-30,-2.0424006214270567,-0.423543217771476,-0.7937505728483135,0.2115777187592394,0.7441909288397396,-0.3207068497025012,0.415907815185269,3
2020-03-31,0.4329755109026368,0.98654508844851,-0.5841020462998618,-0.0296110696028223,0.7040109208716341,1.24391112907896,-0.1913138675272403,0
2020-04-01,-1.3213718036405664,-1.1831343884980543,-1.087613070932414,0.2910233797300593,0.690693810876553,0.2318837274554006,0.2092180802331772,0
2020-04-02,2.543595617149081,0.4493537440404831,0.5998606496999906,-0.1830653792510305,-0.6675483280987999,1.1401110585593073,-0.408083018077296,1
2020-04-03,-0.7492039510134232,0.6929053770204469,-0.2765290340586697,0.1567346675216875,0.5870338150743213,-0.2532712954385547,0.0739527843451887,0
2020-04-07,1.7197455636426353,4.437665100954953,-2.749541458465106,0.2303948784420095,3.9049588835052136,1.6054249002221646,0.3365933768584396,1
2020-04-08,-0.8488548381548524,1.8841137362914115,-2.4275962041019863,0.162703437088248,2.689103022534433,2.305124145735212,-0.4704159255126196,1
2020-04-09,1.0576430406751778,-0.134987588400505,0.7848050828466033,-0.1190157670763572,-0.8591682068487874,0.228301781638458,-0.34262831780794,3
2020-04-10,-0.1135847005690879,0.2299085436550937,1.376023073306304,-0.219908923700538,-1.2226787507450585,-0.2240849146991447,-0.0018816413348822,0
2020-04-13,-0.6093294959133622,-0.1275766557689944,-0.0399478074195513,0.0610130936589076,0.0386573476223403,-0.1138062260661055,0.0589999992378494,0
2020-04-14,1.300992832748124,1.0042381959094773,-0.5593749161572452,0.2338091084514613,0.979364609167317,-0.7523697762610843,0.7282801149732566,0
2020-04-15,-1.138944930685741,-0.2448531596143493,-1.034175395404475,0.1656289308713524,0.8636439120022784,0.6821570222476572,-0.230510396097704,0
2020-04-16,-0.0966877850266114,0.5496506188707229,-0.1671258084883387,0.1849991104582606,0.5453456138729138,-1.2831024917829554,0.2809911505185005,0
2020-04-17,0.2391385773334864,-2.071109189723141,-0.3783532035810115,0.1357719060608317,-0.4964125745587737,1.502126809505102,0.166343953961063,1
2020-04-20,0.1161289273007304,-0.1726065899017332,-0.3589239283246856,0.1690654772913375,0.346849598123946,-0.335055934250635,0.0818214738878568,0
2020-04-21,-1.853232992817176,0.6655526529576735,-0.6902622045856653,0.2983965487445763,1.2051377833523846,-1.7601244775749545,0.3346034345509287,1
2020-04-22,-0.4131557499698747,0.525416905431236,-2.0822199238240326,0.3494286797230011,2.1096400008737555,0.8769012250892452,0.4296916662177095,0
2020-04-23,0.5328483072538561,2.485477454225139,0.0362372326396171,-0.2235713627017434,0.6308861442816294,0.9037018209287396,-0.3678961514222077,1
2020-04-24,-0.3261405979060478,0.7797226469903514,0.692569998823433,-0.1457784658112488,-0.4126114797684103,0.0579285491960902,-0.213149778837491,0
2020-04-27,0.0895603373107842,-0.5066803774029804,-0.0666314486954882,0.0954801524077702,-0.0677861608888368,-0.1304772890685594,0.4750469116269975,0
2020-04-28,-0.7136168567082625,-1.0260134644307333,-0.8956115946587632,0.2563289285769798,0.5549256334947211,0.1550987795716294,0.7693135704494068,0
2020-04-29,0.1249414482122915,1.613611838512881,-1.3184748407993865,0.0476180038401904,1.5946718279508787,1.5103674968779126,0.0155215743047466,0
2020-04-30,1.828317206133614,0.5677703066617427,0.4754822095477388,0.0614535542344811,-0.2824558473670733,0.019186098909012,-0.1757197137680507,3
2020-05-06,1.4621479390788397,-0.643380631403879,1.0105851479487475,-0.1180787627140792,-1.2494899101926418,0.0907793412731778,-0.439187817899112,3
2020-05-07,0.7248784636530898,-1.3891282978685953,2.1729575131744734,-0.2274354485662736,-2.4776909565450262,-0.9315429136988372,-0.2982903789040432,3
2020-05-08,1.0912130364797328,0.7830357123660658,0.1309615705012791,0.0707844910432127,0.154847805010149,-0.2696498183484503,0.2929706557799252,0
2020-05-11,0.2662865470577029,-1.99067495438376,1.673844439547066,-0.0830239803006073,-2.155175618153546,-1.0447418179879822,0.0133589807237866,1
2020-05-12,-0.1633061893048366,-0.311503158970927,-0.1039589602724201,0.1004107735361091,0.0338594068852738,-0.2397542735187254,0.0480278863859774,0
2020-05-13,0.1929007434768037,-0.2685083862976247,0.1514264146332539,0.0484304861481806,-0.2028470189357726,-0.2270178739825773,0.0356766704877839,0
2020-05-14,-1.0054997391749223,0.9786238021990188,-0.3754403532318977,0.0444957788715471,0.7194427105837808,-0.1227593591525815,-0.2085170874931469,0
2020-05-15,0.5262476481550963,2.233204116557593,-0.093644873417162,-0.0887909808438768,0.7316414119690982,0.572966482543949,-0.4976876857973378,1
2020-05-18,1.5796360786780723,1.3743749083385377,2.515008351812244,-0.4017159303602368,-1.8404021893453144,-1.5212536265238314,0.1064008950756943,0
2020-05-19,1.092487402627209,-2.026612293469075,0.7585040299067589,-0.0386052509533618,-1.512261666427809,0.5458398219106823,-0.1949893833405054,1
2020-05-20,-0.0581104847200864,0.828861747517888,0.858884935799471,-0.1397590573531278,-0.4799168192863196,-0.6542275866552717,-0.0133051436894599,0
2020-05-21,-0.1734828816630084,-1.0142676969671476,0.581999805524184,-0.1601497162683706,-1.0538665689683333,1.0113292812708572,-0.4096127764005977,0
2020-05-22,-3.0050568857137905,1.067264019564666,-2.004952383574875,0.3379825868419874,2.357663076562369,0.2826660389637934,-0.3038770828426129,1
2020-05-25,0.8865315460339214,-0.8942458579838884,1.649313887453265,-0.2322846517175891,-1.9054575825048985,-0.1948554467394428,-0.177949226770773,3
2020-05-26,1.551168375653632,-1.2892176710619787,1.6545205670846648,-0.0040302480355757,-1.8266056399510235,-1.715407931067347,0.2659363486223699,3
2020-05-27,-0.2062764179017445,-1.805551168609996,1.5269433289398784,-0.1347678740563326,-2.0104593383005622,-0.5577569119243112,-0.240251116142974,1
2020-05-28,0.0395562622280428,0.93335030028728,-0.4344299702864296,0.0509561712294618,0.7007749013416688,0.1625556744294643,0.222859445786689,0
2020-05-29,0.5826575003258819,0.3923770305764336,-0.3034279278176574,0.0340274137162884,0.2907086736765993,0.8997165507930999,-0.2881088681067019,0
2020-06-01,2.5550980742334586,0.4416005657432506,0.2803623679945137,0.0676325432342369,-0.1148871291073084,-0.4174023769515199,0.6047302639631746,1
2020-06-02,1.1992322377283542,-2.256442469328886,2.8099524757215386,-0.2466588730629866,-3.32490486226261,-1.4399004955167969,0.0481130658241142,1
2020-06-03,0.5965424038875249,-0.9504051311852912,0.7289541080810454,-0.1422569366356824,-1.1978743876366618,0.7829890070066016,-0.424694002646945,3
2020-06-04,-0.1312371252068616,-2.501816786877999,1.2566428794529656,0.0721264546360653,-1.8500530620213669,-1.378711204900772,0.19926678837918,1
2020-06-05,0.9929579600104554,-0.6140173338218194,1.2509020554785233,-0.1014297329418719,-1.4356482545965257,-0.1978583573057157,-0.0088375835546667,3
2020-06-08,0.371440672226636,-0.0980364861542628,-0.5100980659821566,-0.0543510502591715,0.1879907799384961,1.7353827992014883,-0.1338391947639062,0
2020-06-09,0.1100209805290173,-0.0405755920998952,-0.4730457583912809,0.1519126608964741,0.484248997665623,-0.1685430314639462,0.3381856787039778,0
2020-06-10,0.0662965209205701,0.2751064996396857,0.7152182622982622,0.0273342865707599,-0.4021072049265242,-1.3953743169539932,0.206988624755343,0
2020-06-11,-0.8880701405638566,0.9921674716220058,-0.383670509094334,0.0699493513965368,0.7714376527626404,-0.3487841606325597,-0.214688308895288,0
2020-06-12,-0.52972942725217,-0.2127027439048442,-0.6758180477567732,0.2378739333156795,0.6490394012675729,-0.0813961027340912,0.2152029146925822,0
2020-06-15,-1.2305028369381197,-1.2860861188245587,0.0232730372762048,0.1652418774267945,-0.2931073272447159,-0.7631663460440598,-0.3001327462947266,0
2020-06-16,2.677827042438848,-0.6761381440586377,2.08194781704906,-0.2909860360705991,-2.30490040473737,-0.16853649132656,-0.1772629438694063,3
2020-06-17,0.3789878424647987,-0.4391459458410099,0.660903078839492,0.0074108997644154,-0.7015697422635547,-0.6953990756030315,-0.0543525000823862,3
2020-06-18,0.2991371016651601,-0.10544592984812,-0.224852146580736,0.0614906743401683,0.134751240799647,0.3473667927172705,0.3121979117958758,0
2020-06-19,1.325707216827237,0.1447488264401366,0.1881184988698238,0.0247597729091614,-0.1994137187038208,0.3513810736557317,0.2761642863759125,3
2020-06-22,0.1926617746785378,-0.4875726463996546,1.142426216304048,0.0303790924087854,-1.1552690580841285,-1.74299539321838,0.3621279149745845,3
2020-06-23,0.3739690271236605,-0.050874285072701,0.1128667836133629,0.0423685465821916,-0.1331406407972446,-0.1178438689675702,0.1750469964408928,0
2020-06-24,-0.3444066049923151,1.944899825001998,-1.858263384679595,0.2889682271389982,2.3409769072327715,1.136321384454982,0.3931183891523874,1
2020-06-29,-1.5979649345130444,-0.4633924571241291,-0.760028281225628,0.3241881529323664,0.8142735302480064,-1.1242826378038595,0.3434800830924971,0
2020-06-30,1.2092806980963355,0.5354392283832383,-0.6266576920347352,0.0947260287264257,0.6627369834698693,0.7289794653334821,0.142922743802022,0
2020-07-01,1.3442232096839877,-0.0050855466206449,0.563479884390387,0.0269489350831019,-0.4645090018210077,-0.6683388993097537,1.0330012874165595,3
2020-07-02,1.1970397165475526,-0.9780588977561266,-0.85576647749559,0.1773920715841544,0.3333533147873602,1.2173383023349482,0.4770333113169913,3
2020-07-03,1.5398742332622546,-0.2383063180512123,0.3923565206527815,0.1073169421161595,-0.4106085293945096,-0.329065369784989,0.667374576134429,3
2020-07-06,4.596460727979401,-3.1729089152155643,2.193338852919246,0.1129203034671321,-2.9767553538523632,-1.9190259927902384,1.9397281915643685,1
2020-07-07,0.754495650470599,-0.9147707099290158,0.7823922146157047,0.0585720821844182,-0.9563324120574884,-0.9871087978376504,0.1274607385581725,3
2020-07-08,2.245603223321732,-0.5212574612359288,1.325090161640474,-0.0874420190294888,-1.437506092548963,-0.6281496842073555,0.0751150304056763,3
2020-07-09,1.7284799682935466,-0.2326050635437296,0.7594805847579783,0.034059098526642,-0.7621242772522763,-0.8036416548504007,0.1621317091979947,3
2020-07-10,-1.94241016046362,-0.1829207526870155,-1.2389798606944065,0.3032296645459681,1.187240511995665,0.0544176125762332,-0.4766507216120799,3
2020-07-13,2.7801582920942853,-0.1018286516674293,0.7822874159891382,-0.0705574695689561,-0.9009461478435996,0.1732948930911634,-0.0464296753338176,3
2020-07-14,-1.2094563102907732,0.6671617622278587,-0.9355873949388046,0.0600407524678708,1.022450407784996,0.8642447675369519,-0.1657015803051866,0
2020-07-15,-1.4258626945185258,1.419931369853043,-1.029376921780977,-0.0315411457524215,1.294014723716714,1.3777851499798892,-0.1686378733907741,1
2020-07-16,-4.050914223736755,0.7799480639147467,-0.0651987689917554,-0.1502810765241907,0.35548951766246,0.2062782315401838,-1.2257291041572458,1
2020-07-17,0.3278935006944461,-0.4043701243925297,-0.3402848810194034,0.1120871056558385,0.1207997954462184,0.7058948670906964,0.1144019986066538,3
2020-07-20,1.4870603772339743,-0.3045735625507064,-1.0036706457863298,0.3868325134389923,0.9721102362001852,-0.5569335694286697,1.1924286112452136,3
2020-07-21,0.538221466373677,1.700585806258963,-0.5987178511291757,-0.0392626128476295,0.9910373138186996,0.9929618100037378,-0.2636063412704144,0
2020-07-22,1.0281299136055562,1.883713875399011,0.5711701561678152,-0.0671266229880669,0.1905848353940764,-1.0119793710936968,0.1623793158210347,0
2020-07-23,0.3797272468969019,0.2834255535958275,0.6093692377311,-0.0736970587949147,-0.4625365727190044,-0.2806869037299825,-0.0509697347148358,0
2020-07-24,-3.631858958075082,2.074867439115233,0.3300773093316232,-0.1836256125541343,0.4991173113008401,-0.4310843879060576,-0.8906774985112947,1
2020-07-27,0.8465522753815541,1.3258743114258384,1.055307587994432,-0.082063105513721,-0.383041699876639,-1.555412340892624,0.411236560341596,0
2020-07-28,0.5001854167690954,-1.1179777498378554,0.2362504819188609,0.122256889446529,-0.5246353762347583,-0.4754697331571663,0.3401400485620078,3
2020-07-29,2.1486326613316518,-0.1625664759822195,0.1487600222685275,0.1105059483284112,-0.1976305388882163,-0.2542660265430427,0.5640533062877008,3
2020-07-30,-0.5842743088916543,-1.084382069559101,-0.2035112656231819,0.0643017281253051,-0.2334286742049672,0.6095949395112696,-0.2748511991781822,0
2020-07-31,1.014107327761352,0.6958349146891936,0.8443206526875463,0.0551346469032879,-0.3884432252852076,-1.464460907111051,0.4079299768729801,0
2020-08-03,0.9466559007592324,-0.4855054071714005,-0.8235192694463783,0.2704388137008491,0.626909274358193,0.1181301424203679,0.3615900670263991,3
2020-08-04,0.2324876863917363,0.148423567798852,0.3897844908295391,-0.0943981908774194,-0.3851425914607797,0.2907629776620022,0.0290064482675553,0
2020-08-05,1.220873408232893,1.1364167414047663,2.062030720344198,-0.1633151320392378,-1.3060410758977172,-2.5498207875640047,0.013660404684957,0
2020-08-06,0.6129207715393831,0.443129812565537,1.2012459637830102,-0.1953259230851129,-0.9951346271189236,-0.3929584618900068,-0.3275761098869881,0
2020-08-07,-0.5940794702613089,0.4864348935161166,0.7447046713441158,-0.0673431473533135,-0.4652089239839815,-0.5475301540363899,-0.2594627470962685,0
2020-08-10,-0.2085823588323315,-0.462989267982135,-1.055055202356093,0.1801304817471322,0.758167304961728,0.9489997695594684,0.0068905296975241,0
2020-08-11,-1.1117076223988491,-2.0361232079297413,0.2462317234282734,-0.0301473997454044,-1.0127628537581472,0.9105315509220832,-0.2462884036235078,1
2020-08-12,-1.677929318523222,-5.711936901190801,-0.9347992837128388,0.1691009848958543,-1.3882292417495112,3.28441927643779,-0.7239743549345727,1
2020-08-13,0.0254237099768731,1.4497751059208386,-0.1036612184464319,0.0291721004051757,0.651651177216161,-0.5036435932461131,-0.0768931130292779,0
2020-08-14,0.967950570993281,0.7915625714850278,-0.3846823590936581,0.1765260361705403,0.6831097030402954,-0.2415286497489585,0.6505542319912694,0
2020-08-17,1.6361865594814884,0.7369114699641198,-0.31938064897619,0.1532004503340673,0.5995172818229912,-0.3708384706662558,0.8886337560749782,0
2020-08-18,0.797145598814333,1.4651930888527371,1.1726697593960358,-0.113049664275803,-0.458713702926794,-1.582594449307024,-0.0144892815630577,0
2020-08-19,-0.9654522933231656,-1.4049054836125876,0.7901315289535729,-0.1596515079457455,-1.321907280270709,0.6798047981825442,-0.6432169610124289,0
2020-08-20,-1.3483557126238357,-2.26070441454573,0.1692187933581496,0.0548063668598548,-0.938762539237534,0.4281750727225443,-0.4704981538215171,1
2020-08-21,0.1917822254337925,-0.1360773996263491,-0.660384313192885,0.2367530791050937,0.6062140823207409,0.1403045734998819,0.3803755706737859,0
2020-08-24,0.614331434798962,-0.247785753396709,0.1744968183354361,0.059641575978234,-0.225386290180772,-0.2260345353487088,0.2652418354569164,3
2020-08-25,0.1862051920858354,-1.2930464497647571,0.9528568203965286,-0.0633610832192715,-1.3324697691801477,-0.211290896415853,0.0957014392585626,3
2020-08-26,-0.511378712027122,-0.1197996892826113,1.0356719276847002,-0.2250812686723723,-1.0890659349758367,0.1810135811785527,-0.3982151967687586,0
2020-08-27,0.5986262663080557,0.7447743974025166,0.2834126918855678,0.050998137092085,0.0801276854118161,-0.8900650786478441,0.2601245065476242,0
2020-08-28,1.6736766913566834,-0.2385320191058999,-0.1329117597844211,0.1830647310756613,0.0389409573060618,0.0650380624465655,0.7820604315346003,3
2020-08-31,-0.1065905545778477,1.0429659827398616,-0.265095767338684,-0.0857709516361857,0.448939557166738,0.9565013356085188,-0.4844918702121448,0
2020-09-01,0.843420995884187,0.6443645011307109,0.7249612969240694,-0.0460726728565095,-0.3974268686529642,-0.8028493467056285,0.173675317607965,0
2020-09-02,-0.0380628349347116,-1.917373763083776,0.4848589433951666,0.0416783498313181,-1.1113694664338312,0.0846275755625333,-0.0861939062684556,1
2020-09-03,-0.7521277357139282,-1.6117969475573293,0.4784005909127826,0.0552238691846059,-0.9253103233411772,-0.368686327180164,0.003368385156798,0
2020-09-04,-0.6635837214621033,-0.204115233342526,0.439708706048278,0.0419598313338757,-0.4048897177357585,-0.4240729254314641,-0.2740886729394158,0
2020-09-07,-1.723887919048779,-0.3917067994801598,0.4334284466971224,-0.0636143863927958,-0.5011949174550643,-0.1861209396991908,-0.5465897188383896,3
2020-09-08,0.2692396127609284,0.3710743295072115,-0.4298602997325002,0.1134885629625492,0.5357585073910013,0.0461998416446861,0.1702490481596106,0
2020-09-09,-3.4053739705366715,0.0438242971618737,-1.1974988033294232,0.3263657642898335,1.4289041092609651,-1.0564634827904995,0.1857288893104928,1
2020-09-10,-0.5753632666551186,1.2188691723834857,-0.4559086472538353,-0.0045134765430742,0.8108911689406749,0.3742986952819289,0.4213814147219526,0
2020-09-11,0.8549565154209199,-0.7797906549640168,0.2942425102689957,0.1207274459490315,-0.5115500878583233,-0.121977112451553,0.187157075622605,3
2020-09-14,0.9186808380436297,-0.3762959733083945,0.6582827969336322,-0.0936742760055931,-0.8312474214334216,0.2975192345823422,-0.1496878668779548,3
2020-09-15,-0.0164219020901516,0.6456420574279554,-1.0911299915183776,0.2318070551796349,1.281608591074492,0.1187992281390518,0.482060728729673,0
2020-09-16,-0.6217724013224338,0.0987570848179242,-0.2491133855632591,0.0426962214491428,0.2550210784754469,0.267728122893013,-0.1915461174632069,0
2020-09-17,-0.466462721251403,-0.9830253824618448,0.0431921832847297,0.0929448664440449,-0.3303981280822704,-0.1181458298816381,-0.2626415702678977,0
2020-09-18,1.7995857745668584,1.18503420720958,-0.7807767871381995,0.102956195510479,0.9583995357760964,1.2692231790046171,0.4630650912447974,0
2020-09-21,-1.2707138981386716,0.18373264367366,-0.8166594107558353,0.1824544273278348,0.9086062758477416,-0.0858610367155203,-0.1547611971701226,3
2020-09-22,-2.115521846721719,-2.3385523742749106,-0.9479930610865074,0.2870086720269767,0.010523579839571,0.5697101027342886,-0.118157000568479,1
2020-09-23,-0.3408111547271201,-1.5233723764917344,-0.5052107478606158,0.2299279822458374,0.0020135368203504,0.1306833855066556,0.1875707985586487,0
2020-09-24,-1.7628433443869649,-1.2844572279647186,0.3004088448231162,-0.0479517257112721,-0.7506673574865279,0.4957510183770069,-0.5497405478437444,0
2020-09-25,0.6935951732352363,0.607609290512817,1.181716317401547,-0.0584826723882373,-0.8174971615092659,-0.8511056055859614,0.0949841806045978,0
2020-09-28,-0.3236130878190027,-0.2798228376406859,-0.1303292450933575,0.0656585480149486,0.0471050032360199,0.0566761246953735,0.4114861664894497,0
2020-09-29,0.8613827000650871,0.711272022157001,0.8089177409356845,-0.0702106503489762,-0.4746368167294045,-0.6833192212139095,-0.1013163350184814,0
2020-09-30,-0.3283166572135786,-0.8343204710463693,0.6058451364357762,0.3054237543543853,-0.6592981952508536,-0.5838377634723885,0.2249019467166214,0
2020-10-09,3.232988549594094,0.2343189531974809,1.389629268032582,-0.2149716673189781,-1.4531391853002955,0.8800922304534383,-0.3205548662280086,1
2020-10-12,2.2594659838750046,0.8106389899416726,-0.5435125836979281,0.194444711564616,0.7930216071900636,-0.1640066715877379,0.9385847127891748,1
2020-10-13,-0.064953207422399,-0.8349055153133436,-0.0784054089612752,0.1190364549682504,-0.1743648303431692,-0.0548028745079859,0.2094398285893824,0
2020-10-14,-0.5544163881302498,-1.3204188125263456,0.4746648179827751,-0.005044858479027,-0.8884500229224276,0.0376877090610946,-0.2457300014301384,0
2020-10-15,-0.1640949900414869,-0.1833266728002537,0.2814357165736736,-0.0335063118424459,-0.3470661627899385,0.1133894276697791,0.0162344376980802,0
2020-10-16,-0.0587029907698164,0.53744682606489,0.1302748844999046,0.0417257856793142,0.0668648620185251,0.0920501303024997,-0.0048866119513732,0
2020-10-19,-0.8503586668098565,0.5629077505649713,-0.3869974933507914,0.0188318872925913,0.5309562460259161,0.3612145721418343,-0.1231423666719755,0
2020-10-20,0.5332897352457188,-0.6011829815610507,-0.4536459456036436,0.1007690200810227,0.1236189126709797,0.8407850516559512,-0.0065743557238676,3
2020-10-21,0.0348174271362334,1.0647775524680985,0.1739462110620917,-0.0965946145388864,0.1432503558730943,0.2563147565083513,0.1475382544124214,0
2020-10-22,-0.8215831072549358,0.5405465091804302,-0.9994168761363772,0.1536494709702845,1.1173908243298805,0.4569095557599213,0.0704752838794192,0
2020-10-23,-1.374147054487532,-0.5333451157448439,0.1641028214723904,0.1032242548443568,-0.2252286794236112,-0.341222591094085,-0.0805790077671369,0
2020-10-26,-0.8620776049362878,-0.6624015720653972,-0.3631417085521164,0.1690532458105233,0.2072331163414675,-0.2685197807017265,-0.0898528989401514,0
2020-10-27,0.2898187707007935,0.9323249017094324,-0.0284427822857555,-0.0020888963053055,0.3277297019531386,0.0034230970291006,0.046198050630724,0
2020-10-28,0.8554805340636894,-0.0732690466892679,0.4270737885083883,-0.0333092750106721,-0.4668332181205477,0.0855392366608991,0.1827148290135207,3
2020-10-29,-0.8763298690526444,-1.940955902369861,-1.0111632710039271,0.4188900781043736,0.4689819454012501,-0.4270895061301015,0.8225131627081164,1
2020-10-30,-2.0731604580866896,-0.632916213818175,-0.1876039859392161,0.1681532458598287,0.0900362711954791,-0.2491811114736518,-0.042258506839288,1
2020-11-02,0.3120696811010507,0.5452492468353995,-0.1611536675941438,0.0946154802603323,0.3909962745325383,-0.3450239012412842,0.2855250989264768,0
2020-11-03,1.235702002744897,0.6827989407357212,-0.2854508475259079,0.0468084930461188,0.4090141949408849,0.5102628142983326,0.0699631743607851,0
2020-11-04,0.8997480399252368,0.3093040377476309,0.5084603041956388,-0.1133873856528322,-0.4716377900894497,0.3997475067649468,0.1571068800592706,0
2020-11-05,0.9206632528325702,-0.904202147685189,-0.034073906104327,0.2204823858251965,-0.1574172942287811,-0.6969917740459421,0.5325785488675735,3
2020-11-06,0.2187654641816676,0.5100760691178905,1.0242569400506396,-0.0299297302075669,-0.6707930013355162,-0.9699690285871406,0.2898727957350316,0
2020-11-09,1.928038898522835,-0.4036472039831242,0.3080231354867136,0.0011040181681827,-0.5373077087743529,0.4797731867905446,0.2704092362924228,3
2020-11-10,-0.7592844193700858,-1.518676429041457,-0.737398481249166,0.0254295168399233,-0.0769489085224887,2.1315071827571552,-0.5388212224901804,0
2020-11-11,0.0004010911909354,0.5405139442416923,0.6953014345621374,-0.2745768454156612,-0.6817856453155636,1.0681038990329108,-0.7195402548428745,0
2020-11-12,-0.0548327926713758,-1.0969807940622118,0.3002356941077205,0.0969571188706984,-0.589724879751193,-0.4255270466092613,0.0716832189548702,0
2020-11-13,-0.488509281063429,0.0221826683751619,0.5646259139636378,0.0515174927162735,-0.4391430353125215,-0.6503088266666948,-0.425440970516712,0
2020-11-16,1.1824360787609332,0.0280371219108687,0.1784454282528666,-0.0157408510481977,-0.2609442445383576,0.4548709720890487,-0.0416961224892528,3
2020-11-17,-0.2382235084309078,-0.332115253457946,0.4082330228582044,-0.011446533579818,-0.4788625451067058,-0.1954828095448324,0.0925487327021406,0
2020-11-18,0.0918435016233289,-1.1168602657966802,0.6534347618749916,0.0086742770693754,-0.978419580254914,-0.2519287869224932,-0.0908810497099717,3
2020-11-19,0.9261888906422248,-1.134877892674181,0.9359188924271564,-0.0747771008866089,-1.3281463443196029,0.0759565502384564,0.0858648854575099,3
2020-11-20,0.4125635987887064,0.4861091270576514,-0.3890303671999559,0.1289156819264601,0.4740460283401806,0.4701591893630582,-0.1724498063344398,0
2020-11-23,0.5854793631076485,0.2426670605890517,-0.8187894600241654,0.1485740816054566,0.7868909490453508,0.6701394400324197,0.4054649460876664,0
2020-11-24,0.0184316495164999,-1.750488369879733,0.3082488425964788,-0.1131212341187487,-1.1305189786712388,1.702054683306231,-0.8993406438915685,1
2020-11-25,-1.257493195293156,-0.451237735772433,-0.369922015984825,-0.0478491111622889,0.0281438079389763,1.4341381561513291,-0.4969725118348821,0
2020-11-26,0.1776388678465175,-0.0447055867736086,0.3107295114379012,-0.0126985414721776,-0.3126083400380016,-0.0078221602318711,0.0938974091493717,0
2020-11-27,0.9404379391723988,-0.4869194404832225,0.2596157118004075,0.0655126638943749,-0.4604253864866356,0.4422006495053623,0.3946200456551316,3
2020-11-30,-1.4515715131210811,-0.6748312689873671,-2.109840062188173,0.2940052317657951,1.6194987955857367,1.92372377344404,-0.1459064772192165,0
2020-12-01,1.6331275887886882,-0.0330116646636165,0.242239866698375,0.1081528554135015,-0.1697809605464186,-0.5886642366670019,0.7814297307625235,3
2020-12-02,0.5782241967735597,0.6747974745675563,1.1700388022715404,-0.0876924810195759,-0.7491789070872085,-1.2796997599856983,0.0913418838623088,0
2020-12-03,0.1287443086029389,0.7751499316987601,0.5191390471601162,-0.010623858424574,-0.1213161995278779,-0.9120344171504638,0.035930544490956,0
2020-12-04,0.6194352623076704,0.6151166358040965,0.0546836157789061,-0.0230922937167525,0.0255606020867258,0.8720746968470731,-0.3170780043768917,0
2020-12-07,-0.1908867071135544,-0.0709789395068328,0.5612019617824865,-0.1321859634255059,-0.6310097674179836,0.4073244382397599,-0.5333392900185902,0
2020-12-08,-0.6032573193466472,0.9553079221470444,-0.4643540302796805,0.1788734102431443,0.9254917117096224,-0.9282204855293112,0.2783641561871585,0
2020-12-09,-0.8771387269976576,-0.1073120243087857,0.3710310275852497,-0.1295516507148474,-0.4866147961024332,0.7279507549814621,-0.5276385259515929,0
2020-12-10,-0.0045027443709419,-0.3179205396364925,-0.4528209330205863,0.0349834744795882,0.1780048223096209,1.1509937123649747,-0.3246103603184918,0
2020-12-11,-0.0201589316825753,0.1142509618659989,1.3645837018738458,-0.2419209189323867,-1.3458735949535117,0.427092604732504,-0.5860175299229996,0
2020-12-14,0.4686641163292353,-0.2222686633929042,-0.4515754508587906,0.1263228906266661,0.3142610508332326,0.3927093052563826,0.2539110375648705,3
2020-12-15,0.1833256782582966,1.2593389149728371,-0.3697235087273647,0.0354344475546235,0.750636716602132,0.1752165903932285,0.079300184589153,0
2020-12-16,0.1323734351817282,0.8895482418331955,-0.1855312447007002,-0.0226019145695656,0.4051162667792127,0.4911606173454549,0.0818915573525912,0
2020-12-17,1.9144664366984052,0.716024059722691,0.8797393815323271,-0.165755616479117,-0.7040290894257552,0.2380336099508311,0.0194494204390694,3
2020-12-18,0.5568942895844136,0.765486461473965,0.7303277996593407,-0.1173715851138138,-0.6638427743232684,0.5255417129609815,-0.491431843354834,0
2020-12-21,1.3405022059245284,2.0607796043083866,-0.3929275675027713,-0.0147426570085203,0.9644112347151462,0.4643789447008521,-0.0987084353320586,0
2020-12-22,-3.442742868212312,-1.7183244370905877,-1.6132997219584408,0.4957820061087942,1.220829191972146,-0.6595556153814023,0.4930145415931489,1
2020-12-23,0.0102053734286552,-0.3247882239320518,-0.7230487071961959,0.2730391468552886,0.6728318643368,-0.2913931010149716,0.4872804321101419,0
2020-12-24,0.5269811944269405,0.493748258778474,1.0175312798224956,-0.3137034972546249,-0.9924334844656632,0.9636965991422546,-0.2179936001891231,0
2020-12-25,0.980683811506304,1.0465084638895583,-0.3938146283404208,0.0918429404152405,0.6245987194979686,0.8052985944311452,-0.0711727920250562,0
2020-12-28,-0.566643047852486,-0.4340890270159478,-0.5188202395604106,0.2221402807209857,0.4584496789914284,-0.3560102404720012,0.6558985775144222,0
2020-12-29,-0.8813314879025499,-0.4940210654878257,-0.2402422040287792,0.1514327141032914,0.1545403970745262,-0.3179418687328785,0.1692747527125258,0
2020-12-30,0.840192707533998,0.1213763377239434,-4.701451884853217,-10.619545859014924,0.4585835258853379,-0.6072212655316944,0.40713101800423,3
2020-12-31,1.384951766152158,-0.4207991320396906,0.0070473719894424,0.2445134833439062,-0.1121003381994398,0.0644489457412271,0.5759651427115666,3
2021-01-04,2.513902135010023,1.574589738273455,1.677185744810173,-0.2937872538802241,-1.1115377565993856,-0.4917570203808058,-0.2354279243093884,1
2021-01-05,0.7011752779120749,0.8735670245979333,-1.051504509796852,0.2475156257003082,1.328751939407046,0.006030224925431,0.984387009461358,0
2021-01-06,0.7298306244837488,0.3852363501116653,-0.1171888531472144,-0.0526468764974326,0.0887843412157176,0.9874463210259646,0.2115563787620532,0
2021-01-07,1.3698479062073026,0.133606652675698,-0.2671740136187271,-0.0706598024298757,0.0382749380023468,1.7101221944958864,0.3614158051414328,3
2021-01-08,-0.1238120955672138,-0.9254907602576856,0.2962431743436773,0.1084184008069611,-0.5578564627888237,0.0251273826609928,-0.2823913409086955,0
2021-01-11,-2.5147170229267344,-3.544671803664728,-0.7908066994127407,0.4058649352229913,-0.2700363855466046,-0.1752113301814154,0.3083546483326476,1
2021-01-12,1.8446077893494568,0.8469637678924775,-0.5430632075180085,0.1217232654255096,0.7391868696187236,0.3508843796618601,1.0774434959680723,0
2021-01-13,-0.5167288794396335,0.481818530157639,-0.7608412086243033,0.0407163391927955,0.7558010518557396,1.1170207025180563,-0.1598557710966049,0
2021-01-14,-1.56035847396587,-0.607695296622516,-0.0854767165498502,0.0504418613933483,-0.0887969613933056,0.0603684270765071,-0.728435553796968,0
2021-01-15,0.3470814018498023,-0.4805885953866357,1.470806836295353,-0.0659342218932371,-1.443969982160599,-0.9155928271879236,-0.055645745953111,3
2021-01-18,0.5640415178014937,-0.7808050154956957,0.7498150090490661,-0.0117666056658794,-0.9561988501311228,-0.3479669356103813,-0.5526071954008046,3
2021-01-19,-1.412626041928509,0.1006992734379002,-0.3435152419579662,0.1310402756708427,0.4597706591530858,-0.4231558023415967,-0.3708953867568947,3
2021-01-20,0.6073446614980594,0.741247206004171,-0.4235701037793316,0.0724205779612938,0.6045767625999245,0.3167213247864773,0.1039339107892911,0
2021-01-21,1.1264990234760488,0.8467209498911203,-0.5384009185291937,0.1227714246061479,0.7691255547582441,0.1739996874076486,0.5261380160872352,0
2021-01-22,-0.7782537506031124,-1.088506231708135,-0.3874883593746158,0.3641807774794526,0.2243690111509667,-0.9194128026318884,0.4460725560001966,0
2021-01-25,0.4621923601060951,-0.8876424967661422,0.1040792773574373,0.0722090648477797,-0.406625774572028,0.1446447404249214,0.4516804596140422,3
2021-01-26,-1.4460830962745688,-0.5321130698523389,1.1762577955904847,-0.0537596035609436,-1.0931622182737977,-1.4670433205645474,-0.3555894982991056,0
2021-01-27,0.6978287503665251,-0.0868173817757765,0.1690685002114278,-0.1033413564732616,-0.3855709219234214,1.1493215166345938,-0.3777070617772881,3
2021-01-28,-2.2861150709110194,-1.451616980873363,0.8135545076907544,-0.0105907346959166,-1.1081281938528926,-0.9004354878152636,-0.6718393148848782,1
2021-01-29,-0.3503090783661742,1.005645227786647,-0.0023730952565622,0.0197762526559431,0.3130130286959162,0.3157955256153333,-0.0738770918407317,0
2021-02-01,0.898478862617148,1.1833687465160427,-0.3359362807131954,0.071855431570963,0.712465702181555,0.0208132897646116,0.4781416361836808,0
2021-02-02,0.4981519007695017,-1.4233261425514092,-0.4070476052327658,0.246924693526127,-0.0513674518062798,0.0449826000915949,0.6715418032247267,3
2021-02-03,-0.2896461197798657,-1.3235748194227717,0.7971061605216958,-0.0121556746694447,-1.15327086774067,-0.3022907244118626,0.0484318543641485,0
2021-02-04,0.5219443438475722,-0.2130259468053269,0.800204524818777,-0.2858957215920248,-1.0983862044967572,1.4957635553918287,-0.481668877501018,3
2021-02-05,-0.1853011765647359,-0.3382966949632878,-0.1391095266184997,0.0316877593647561,-0.1185058922599162,1.223523562428655,0.1316827592972756,0
2021-02-08,1.510053087006442,0.3837012401272001,0.337904592151408,-0.0173921465704251,-0.2307080622562622,-0.0035919057780021,0.3003820739097044,3
2021-02-09,2.088011011798929,1.3931145762276966,-0.2814393582560298,0.0287377617414046,0.6263366180619813,0.4802641912145553,0.4163583785876324,1
2021-02-10,0.918066577412466,-0.5782438866774295,-0.2625716469873098,0.5010484827196469,0.2431278412215621,-0.4405391353506381,1.093995540574236,3
2021-02-18,1.5484687234579066,-1.3628287931924128,0.7803600303348313,-0.4525894703070041,-1.8465472814185635,3.923389106766064,-2.179842308101824,3
2021-02-19,-0.0076549396977938,-0.0666040563680166,-0.8599306908191696,0.2616979843256157,0.7830637830079515,0.4972159533939136,-0.2017235583488733,0
2021-02-22,-0.7953761459184768,1.6960627166436069,1.082058077733422,-0.3434649905347931,-0.5457804628978405,0.1877370410552823,-1.8348015046129116,1
2021-02-23,0.326453040030858,1.265669170010767,0.4398856097910309,-0.1522578253822496,-0.0620580445230524,0.2127962192335613,-0.278463263835617,0
2021-02-24,-1.6939300752517668,0.3243539774391575,0.0795683595730911,-0.0812464009433716,0.0053159102502837,0.3197724016917485,-1.064256422847117,3
2021-02-25,0.9617017378685664,-0.5119545320712126,0.4991882867150313,-0.2291385221392768,-0.951619216849097,1.8520451741615884,-0.2565743869977813,3
2021-02-26,-2.7219494586585258,-1.583523353752916,-0.2211039741554986,0.2334738419454333,-0.1547293541668646,-0.4013310783180268,-0.4292197310085294,1
2021-03-01,0.5961321502127325,-0.4042120429745364,-1.0057195415651423,0.3081011465164278,0.8589398014523565,0.0530930587202229,0.5156731435950501,3
2021-03-02,-1.7350962352680623,-2.0226596015041487,-0.5034588034232669,0.1960492505067371,-0.1670185877625936,0.3370570051175716,-0.3374407260805635,1
2021-03-03,1.6146099101209854,0.2032008267233867,0.1376463892259603,0.0477900417472256,-0.0931963260452474,0.0432254866363422,0.5496256208321096,3
2021-03-04,-2.1379083730955664,-0.6494384318264254,0.4788564227981324,-0.1053717501209802,-0.6769453085165452,0.1868237064887844,-1.2784253093909064,1
2021-03-05,-0.5686765461952031,-0.6865610498043075,-0.5430278651221883,0.1853274968928069,0.2613251454323701,0.6177883844741653,-0.2029849548331924,0
2021-03-08,-1.3363178129527813,1.7749499059634886,1.190780611644232,-0.4276990322933664,-0.6529157073313049,0.4360313310675879,-1.6910695154697226,1
2021-03-09,-2.866985107099524,-1.1648213214682028,-0.1324023768049403,0.242848929756789,0.0556384824460707,-1.5736162266806326,0.1486768370089579,1
2021-03-10,-0.0547198773865419,0.6178259752177047,-0.0473997672623273,0.0925469461421343,0.3709604491748782,-0.6999361986984192,0.7763365319015653,0
2021-03-11,2.4930061824649745,0.8927408119548781,0.234378420877941,-0.0110603304162474,0.0001048986123778,0.1138596421286094,0.4680318531181586,1
2021-03-12,-0.3278028837936885,-1.6842942407920514,-0.3715100567183008,0.2421425868542464,-0.2001678695373122,0.4073414439361385,0.1756598064569498,0
2021-03-15,-0.8222637810862561,0.796077422220173,0.9788748089456216,-0.1786905819058541,-0.6021558390715324,-0.6440083565061203,-0.9582663423103064,0
2021-03-16,0.0364254964169099,-0.1325792736637754,-0.5338085603134838,0.2075851257314694,0.5421641318023289,-0.2983734046897767,0.6017824057668848,0
2021-03-17,0.5864787571082555,0.5746656626187242,-0.0281593361614594,0.0117863038649299,0.0197428170792945,0.2658486746105894,-0.0242724689420601,0
2021-03-18,0.4259348702342106,0.0634178664091026,0.012396011788793,0.1297369977415556,0.1174312393998,-0.7241574169729371,0.4438070293917464,0
2021-03-19,-3.17799848522318,-0.7696122460175828,-0.7281734509268697,0.4552710489436415,0.8382626629213273,-1.8452219908071767,-0.2337348210110088,1
2021-03-22,0.6661137776231038,-0.598282374825501,-0.5278251703178659,0.1636590198396968,0.2515440059414175,0.4914498058169059,0.0865905950040107,3
2021-03-23,-0.4430222738352054,0.8898230998020027,0.3530364328009709,-0.1514656773684901,-0.0979308895733685,0.3204864001111284,-0.3304111391815107,0
2021-03-24,-1.5107538710893398,-0.1431209903250367,-0.3145115375130157,0.056948192165292,0.2711239214800092,0.1845202988806328,-0.4591541819497974,3
2021-03-25,0.0862919898618119,0.2503157284825342,0.0621087393630602,0.0316983905120442,0.0367419630233902,-0.075328479584411,-0.0781688495281137,0
2021-03-26,1.6763570239684462,-0.3623329055762821,-0.0655073758641855,0.1487521600502103,-0.1103370380301168,0.4406314715390535,0.6393240558913954,3
2021-03-29,0.4089802491515704,0.3944178214105917,0.0831203771353141,-0.0658342462881569,-0.0491436394804325,0.6011316268639213,-0.1507291895705147,0
2021-03-30,0.3114551643265457,-1.3545770549769642,-0.3342714393892439,0.1231687426590643,-0.2200656371233004,0.7683435871955135,0.2572627613345248,3
2021-03-31,-1.2274513314504747,-0.7298840133937397,-0.8072662146079693,0.1669462227741734,0.4992251077080734,0.5867115893699217,-0.3124551385185877,0
2021-04-01,1.4189052741740176,1.515780614934477,0.754054567182092,-0.0378852692893824,-0.0869700295082293,-1.2119900532863088,0.5589838045822274,0
2021-04-02,1.6173795195208225,1.373763557236382,0.7205233556804673,-0.1415510396905771,-0.3664843297186603,0.7376184741462682,-0.0076601518882102,0
2021-04-06,-0.6261828651623207,-0.9348418984101846,-0.0921380799305436,0.1707598307747252,-0.1134797572421085,-0.4863882080438207,-0.0568409091323307,0
2021-04-07,-0.0737777360447222,0.332485117568686,0.5161473933491139,-0.0628289237601811,-0.3542636976338962,-0.3137539135264928,-0.4182792964886844,0
2021-04-08,-0.0940964863201917,-0.0732014829413175,-0.0122627187209058,0.1110851037003635,0.0751342624649546,-0.5263560440879907,0.2399999428106854,0
2021-04-09,-1.0338177325432854,0.4692327285450315,-0.1237870690786896,0.095141485030591,0.3367391696536227,-0.1458697961100879,-0.6017331537219611,0
2021-04-12,-1.714454919661557,-0.1458803197762632,-0.2448244232160873,0.0399291990361936,0.2093606869514524,0.1412270384373504,-0.4039329320168787,3
2021-04-13,-0.0574808307301161,0.0179009546716869,-0.4755167980638879,-0.0371838559434226,0.2526121445276129,1.5037614375731234,-0.3877543233653012,0
2021-04-14,0.9725999623182984,0.6434508230638394,0.2187292115155989,0.0121233110365329,0.020849608681062,-0.2491336751259813,0.1467717588765541,0
2021-04-15,0.370289634424725,0.6813357620068189,0.3392531533614229,-0.2034244232736147,-0.2952270330402929,1.12393957028579,-0.8018243661149929,0
2021-04-16,0.8115470574387088,1.0566638451103558,0.1275942007653737,0.0281035373842997,0.2143505496425884,0.0792584189987512,-0.1729847447330048,0
2021-04-19,1.2177940775535507,0.3404975220759533,-0.5595475947076889,0.2353321114626497,0.7375036700735412,-0.5057336798449565,1.1831008742816678,3
2021-04-20,0.0653886597217084,-0.2938119772990699,-0.3059347818329946,-0.0202877483651573,0.020625475418174,1.245330641265304,-0.3691183986692761,0
2021-04-21,-0.1244620308340421,0.604722532325505,-0.1595252946971206,0.1170892826220795,0.4721086769314057,-0.6861663002487828,0.4481462686527988,0
2021-04-22,0.0228111824095948,-0.076523315292935,0.1514754781800456,0.0466458639982453,-0.1300496732550773,-0.2557831403523309,-0.1033121821540527,0
2021-04-23,0.6459924170707284,-0.2932953753964336,-0.0473347687949936,0.0825230985494561,-0.1197202618099316,0.6167651097378412,0.2375253645462531,3
2021-04-26,-0.1087546479909443,-0.5614961009810151,1.0992638048419936,-0.1686266033588113,-1.262050718696996,-0.0489723914197601,-0.7304545304171524,0
2021-04-27,0.7181309008230503,0.3240154876535198,0.4048024565958216,-0.1320462668019996,-0.4151271157760568,0.716400811778647,-0.2258528270451207,0
2021-04-28,0.0151112944135893,-0.6848916683150386,-0.6893532988936777,0.1727859893690237,0.3784764394064157,0.5488390868416703,0.1278069567027085,0
2021-04-29,0.8047319727182242,0.8322887181053995,0.0861387332620114,-0.0412265577367535,0.1354124194349402,0.2862553880896696,0.3105145817316717,0
2021-04-30,-1.054803813938708,-0.2787811840147755,-0.6315468161990098,0.3345545039312466,0.6120604127994611,0.0319459677264052,-0.1993012271864086,0
2021-05-06,1.0257517438602388,2.584643993698602,0.8509964282762962,-0.4752666925947628,-0.2747013556574085,1.6332670368521582,-1.4858830291187477,1
2021-05-07,-0.1285022268706678,1.673800111828221,0.6104279319331243,-0.1570152480707992,-0.0603468723662849,0.1484797139897918,-0.7231069752831853,0
2021-05-10,0.8941876379908444,1.2732865168117469,0.0575522473563823,-0.2053362316723499,0.1088245911760251,1.529743262354892,-0.7316896131943043,0
2021-05-11,-0.4912555645787316,-0.5619905534261844,-0.4524481437962268,0.2481458565987505,0.4049428434510818,-0.7540317732432834,0.7933435837935976,0
2021-05-12,1.28103416809047,0.5063844933775684,0.5535170382462606,-0.1803293102723957,-0.5357250697020396,0.8915124457315625,-0.4608765780317324,0
2021-05-13,-1.985252536448452,-1.660638088038356,-0.1367158720886703,0.3171896545078941,-0.0944121804175839,-1.697976865220434,0.4416468714348239,1
2021-05-14,0.2182485990815949,-0.7813405905700889,-0.9953216579836428,0.5812973728145087,1.0321535498990388,-1.6914433105681477,1.7003806292881405,3
2021-05-17,1.5854856301247835,0.8140350835282477,0.6829005883857127,-0.0784805301500034,-0.3780651390593772,-0.3217564136510964,0.4460253426604085,0
2021-05-18,0.9082711908819144,1.2045741852021048,0.4375785304497482,-0.1956941524322051,-0.169458844204574,0.7179388537444769,-0.4532319778042807,0
2021-05-19,-1.596833519157946,-0.5365951129920762,-1.0171104214789468,0.43220195715553,1.0991623465239466,-1.4601427016112234,0.6893322836674429,0
2021-05-20,-0.8928610166404731,-0.2126032523360666,-0.8272062913841154,0.2834296022711757,0.8747467539790224,-0.6297568932335906,0.7181344132417141,0
2021-05-21,-1.511947694630245,-0.4070859586271853,-0.4993053909630789,0.3234137857847861,0.5847220226925036,-1.0671342818697656,0.0780938924057184,0
2021-05-24,0.2886031346812185,0.179150225935136,0.0688226784698326,0.0479000087567174,0.0293918829734486,-0.1986790178366791,0.195876360596096,0
2021-05-25,1.8636739156475317,-0.608951760089512,-0.2883857046223883,0.1378189603423263,0.0032643279998443,0.4651267333470647,1.2385121068745686,3
2021-05-26,-0.4738134969155138,0.4143085352141015,-0.2902807500498254,0.2037746771376754,0.6159332603829524,-1.1443585000039176,0.4311315217609305,0
2021-05-27,0.5820568646094126,-0.8342695947248295,0.2882920266544446,-0.0070293687934777,-0.6299753713812917,0.4413883718102361,-0.2483829950883033,3
2021-05-28,0.5179440143103735,-0.098566793483689,0.7209493491465699,-0.1494897337512239,-0.8806570310179033,0.9916578034800264,-0.5869077781641806,3
2021-05-31,0.5757936655357703,0.7866121252719097,-0.0317446025250867,-0.0088490987582495,0.2474752679125216,0.1843878621439756,-0.21542312749477,0
2021-06-01,1.0683395472932051,1.22166691501419,0.5049797536016987,-0.2286399682884701,-0.2637600629323313,0.9414157327430648,-0.4189779041386127,0
2021-06-02,-0.9654156774596356,-1.6605130555124126,0.1982753026513228,0.0408210600997085,-0.7526849343731675,0.2591962448204962,-0.3208331950287738,0
2021-06-03,0.1291981470293443,0.1706442128751577,0.0697491715850732,-0.1552918397008064,-0.2438378149059623,1.4919569677437117,-0.7942869125664427,0
2021-06-04,-0.310055444044099,-1.859226294724088,0.0642322947990873,0.3160521167979974,-0.4826748051220498,-0.9417436966716702,0.5566259921395287,1
2021-06-07,-0.3465003893859643,-0.4449075572239531,0.2046608879878615,0.1814177536907123,-0.1264233016696836,-1.381329693862198,0.2848461391377487,0
2021-06-08,-0.3464605314164701,0.4290221736903415,0.2907352300621255,-0.076487181300171,-0.1615745008751518,0.1000230581368888,-0.4132376126003294,0
2021-06-09,0.603698048961822,0.505514168663132,0.2968911974759412,-0.112621788174205,-0.2396966702354529,0.6358408563043568,-0.2776337577377163,0
2021-06-10,0.2137235179182169,-0.4963003650919892,-0.5121344677941854,0.1900069789988582,0.3435958181412047,0.0191548532433569,0.2063139820349557,3
2021-06-11,0.6423976797713141,1.2703491615297982,1.2598341143551386,-0.2753762123951048,-0.9022006296598613,0.5677037554185497,-0.7595013901324349,0
2021-06-15,-1.670010264882713,-1.598545022938242,-0.6141050287638933,0.2002164496924813,0.0857245731002263,0.2913510749185277,-0.2017085136608643,1
2021-06-16,-1.4678336804691878,-0.321472794106996,0.1545314721462863,0.0211887549356212,-0.1870417977577965,-0.29295325582902,-0.3706018832786911,0
2021-06-17,0.2352748067515734,-1.781990138844901,-0.3171528446440941,0.0931670596246502,-0.446709871027954,1.1710175953553148,-0.2159734184884471,1
2021-06-18,-1.041408093573996,-1.1728392385058213,-1.1606357720094518,0.4670485772035159,0.8843515304985412,-0.4372999603673044,0.3287914034333304,0
2021-06-21,-0.7815163233450623,-0.1071988393161975,-1.0121847306730365,0.287338037558065,1.0254537358475464,-0.2573687493347161,0.0262931363259538,0
2021-06-22,1.0268242611636418,0.5887036011950991,0.2660121828483328,-0.1138550010678395,-0.1995473702468089,0.7118863259119736,-0.1343409036693172,0
2021-06-23,0.9020173820989826,0.594188238824006,-0.0323072016225355,-0.0679176808879865,0.0730314337875519,0.9098632662075816,-0.2539670918239877,0
2021-06-24,-0.1817513576223053,-0.3361606204125534,-0.19790314286272,0.0558175838935972,0.0402129149415797,0.3943334716895335,0.1713637196869908,0
2021-06-25,1.4294870428726505,0.2109141299260945,-0.0386210244806527,0.0889493509458956,-0.1227439154063811,0.6186957125382306,0.4185646483186483,3
2021-06-28,0.1229825868806288,-0.3661141302468417,0.2897037549658613,0.0561437277396227,-0.3242860945197837,-0.4770304429318837,0.1561658626166815,0
2021-06-29,-1.5344620893603431,-0.6510031514085781,-0.4660090389212676,0.1851919940977124,0.336001550396879,-0.3405068419699804,-0.0601206165149243,0
2021-06-30,0.4718993054934702,-0.5357559740604708,-0.4618501313157621,0.0507820389911451,0.1013876730794387,1.1727238588856386,-0.0647295575159075,3
2021-07-01,0.0572237514978438,0.979200268440976,0.6200315522544619,-0.0901802134466297,-0.1927299893133878,-0.5952087703514327,0.4301236776316297,0
2021-07-02,-1.1330166825509929,0.9354200978862444,0.5619488159812187,-0.1649350359309895,-0.2942358454970797,0.5263832012437393,-1.5679262107106655,0
2021-07-05,0.8546019224067274,0.8724660174013962,0.2029844198866461,-0.1162140519329861,-0.0432160683838554,0.7631297725459154,-0.5028002520907493,0
2021-07-06,0.4016155816128726,0.9086538730821724,0.429217730345995,-0.074462307573625,-0.0969920326764972,-0.2144487521204799,-0.0377377283655916,0
2021-07-07,-0.0917850337002115,-0.545379339450552,-0.975572000855526,0.3485944060710542,0.8748200376819811,-0.4559760710144873,0.784265892297279,0
2021-07-08,-1.7636873257435302,0.5252476764743154,-1.5751225654604528,0.3412223255610389,1.81752132931146,-0.2968436867713862,0.0295044343988265,3
2021-07-09,0.4188718820130379,-0.0303738316383287,0.5755172175321782,0.015682796130075,-0.5391158333048366,-0.1208690151147521,-0.4608171502051877,0
2021-07-12,0.3997603375770804,0.6962200596058132,-1.812098808992989,0.2545609715373473,1.8244783600232424,1.322921063894038,0.2552628366346682,0
2021-07-13,0.6608304085369687,0.7271332346267204,-0.1153750361138949,-0.0254691730325487,0.26134797181328,0.5754544607385214,-0.2531419226292044,0
2021-07-14,-0.4037132879304543,0.4750331643975682,0.500736260081647,-0.1412065702188097,-0.3636377149962958,0.2481917692169268,-0.5786159525206799,0
2021-07-15,0.6799663936315973,-0.1537328075743954,0.3029440045664691,0.1276940862085491,-0.1784428307412809,-1.0964086998085476,0.8675017289835201,3
2021-07-16,-0.5528015767757355,0.2313305713452746,-0.2755015441932437,0.0546189321516597,0.2716088333519714,0.7233000043434327,-0.6831793313134372,0
2021-07-19,-0.201142014447657,-0.759222859561363,-0.2186110361472286,0.0859600180072782,-0.069281979468794,0.3969144886500708,0.2804851676770012,0
2021-07-20,-0.5716840746620103,0.2265923472221109,-0.4696774615954761,0.2048512885683144,0.673734703511709,-0.7821306615414415,0.2921629006547123,0
2021-07-21,0.0156483707735229,-0.6238776538393009,-0.7456434010742415,0.2688631569622567,0.5669421420430253,-0.1361582299315911,0.3152319819877267,0
2021-07-22,0.452006379329769,-0.3840287182977044,0.0996116637769083,-0.0216409494761628,-0.3306899864273395,0.6900893794505429,-0.3134613947032417,3
2021-07-23,-0.4323894657054003,0.9889855240100052,0.0774286859049545,-0.0585563321662205,0.1850590519205506,0.5718789452514464,-0.7047283941651706,0
2021-07-26,-1.8762806575257056,1.51062097975219,-0.0956482453437267,-0.175184377885202,0.4943305271433096,0.7575373027066326,-1.4929339815740492,1
2021-07-27,-1.7799731480848346,-0.3764649314993573,1.446992705077803,-0.290840331290414,-1.5024579930550055,-0.1896985578934293,-1.5277418991095857,3
2021-07-28,0.3718926296297672,0.3242774227868364,0.9090247521492366,-0.1933851323533464,-0.8145916494990306,0.1594393056392749,0.2106920682701255,0
2021-07-29,1.269934392316381,0.4491201207305271,-0.880244576711228,0.1912374433827408,0.923069666997622,0.5033728080792089,0.4604122790242559,0
2021-07-30,-0.9208618288101996,0.8692115841789539,-0.8253645748169028,0.2381282328960279,1.1727354543382305,-0.2212229118004537,-0.1607933125947004,0
2021-08-02,0.4680315839186649,-1.4664226476680482,-1.6160031146748923,0.4665915909766671,1.0813747444349109,0.3873226736966623,1.219772880895344,3
2021-08-03,-0.7979329538885296,-0.7784350161339179,0.148123061762102,0.186620606514971,-0.1645521523437147,-1.3334627168298716,0.6725657395821775,0
2021-08-04,1.332327033556442,0.1204849364924298,0.2879361126391896,-0.0313992427287994,-0.3242122827856892,0.3720357801387863,-0.1862820198450764,3
2021-08-05,-1.4123219192825631,-0.3877171899709409,-0.9174135570192036,0.3050861540223455,0.9102090916720906,-0.6080254363479952,0.2272466382940783,0
2021-08-06,0.3567911286611017,-0.185238378644951,0.4541818536745048,-0.086415778303947,-0.6363987978949615,0.934296066045069,-0.7833310834792532,0
2021-08-09,-0.1848109176938539,-3.7489944248801854,-0.1889660871709348,0.3404797052170359,-0.9734779076185802,-0.217176605105266,0.7627092261145892,1
2021-08-10,0.859720207377137,-0.3672923828413998,-0.144363569079386,0.0238458188942556,-0.1130530784952559,0.8451572970349804,0.2163098359976316,3
2021-08-11,0.4525160456212978,-0.1568793380612457,0.5540516554333992,-0.1233530787407739,-0.6969475422367288,0.5805118289822442,-0.8068892379269461,0
2021-08-12,-0.6286257033438984,1.169211464419458,-0.2857816971396182,0.1122697667574435,0.8014255311116913,-0.8584824089158601,-0.1949032572461997,0
2021-08-13,-0.0370796184746512,0.0375500857545438,0.5704766997287286,-0.001148513890663,-0.4921381487390192,-0.2324276560454362,-0.3083273717897248,0
2021-08-16,-0.0264371203494561,0.5806670183947709,0.4519745493684231,-0.0115333172133262,-0.1373572720022795,-0.725245621129085,0.2164915626525973,0
2021-08-17,-1.290842777477638,1.3844155704017975,0.4993572994238925,-0.1877990542418721,-0.0045513893963811,-0.127777781645624,-0.6013940526443783,1
2021-08-18,-0.2365953979444676,-0.3067070308375835,-1.2354053759577217,0.3578672674664663,1.179788580027988,-0.2623499457287473,0.8417016800662299,0
2021-08-19,-1.5543842646571573,-1.021784447027294,-0.7909812732065249,0.379370654489066,0.6646428547632082,-1.155516820521204,0.2753574013184943,0
2021-08-20,-0.8043589222105035,0.2255437424604866,0.759083306756632,-0.0400967846913081,-0.5645977678643296,-0.5371463126969189,-0.8682189245121273,0
2021-08-23,1.203365247052679,-0.4802236586385915,-0.0030644913601544,0.082761861406981,-0.1949719243397342,0.189736767117418,0.3155487225446131,3
2021-08-24,1.7253452283528152,1.4806749134166786,0.2057192270851487,-0.187665299428075,0.0635724361734468,1.187751495855048,-0.1883210214820913,0
2021-08-25,0.4464758926576129,-0.2922159329478649,-0.1178306051071512,0.0064267711044395,-0.1036735111391181,0.7704343535862119,-0.3370969884465673,3
2021-08-26,-1.2159666032923642,-0.6300686267102248,0.5157197197960731,-0.0025751011235466,-0.6214451646383229,-0.5194632870603269,-0.8189976674260809,0
2021-08-27,0.7590207485382645,0.9790720475279528,0.0193707710735935,0.0552189822965432,0.2960097226700503,0.0744299378727468,-0.0055544215023338,0
2021-08-30,0.1138462226027874,0.7016802808408635,-0.2249220825094363,-0.0007096662353784,0.3828642686344478,0.4140417522857893,-0.4291633539627238,0
2021-08-31,-0.2757958987108703,-0.1398738822487973,-0.2312797689790499,0.1260599762331364,0.2313531278108951,-0.2420856589367007,-0.0247009870644834,0
2021-09-01,-0.1991709705786235,-0.0775639077469843,-0.8633151955018116,0.226493882501484,0.8437568786818593,0.0427050657799391,1.1349991207883232,0
2021-09-02,0.5594132264873003,-0.118056671077564,0.1575645324897178,0.0205126659958029,-0.2191229977761948,0.0814304941391282,-0.4846894630300166,3
2021-09-03,0.1794522863943561,0.3065363703013091,0.467857050249179,-0.1014127499170907,-0.4581876722523333,0.757629981991261,-0.5370159382687918,0
2021-09-06,0.961090414186108,-0.0294525857040149,-0.1266110729798881,0.1928747159844323,0.2318992194563287,-0.7767098721211244,0.9780400455611772,3
2021-09-07,1.6172587075402551,-0.3659605919073744,0.395313592932376,-0.0361704953706188,-0.6195103581701206,0.5448604182195751,-0.1752646483249898,3
2021-09-08,-0.6594651885333661,-1.2557142025350807,-0.3846854833910354,0.1969838339725503,-0.0018101570287048,-0.0773844396678366,-0.2062262007596457,0
2021-09-09,0.5343907388953233,-0.2836238221421691,0.2015004560582599,-0.0433257762777388,-0.4041967300122394,0.6601795462680609,-0.539976797057816,3
2021-09-10,0.0450031272927627,-0.2553515699004638,-0.1570902796130047,0.2298198049896069,0.1963318736169013,-0.5978476716013682,0.7483803813980038,0
2021-09-13,-0.060562040264126,-0.6085850419232925,0.3493518755642356,0.0158110289772129,-0.5194719240293519,-0.1439488071030883,-0.386276789678954,0
2021-09-14,-1.101887692827187,0.0176455824843661,0.2778671679358599,-0.0294086999004276,-0.2230796735660021,-0.1912733758854337,-0.437566246129504,0
2021-09-15,-0.1088180466295711,0.0884328993957379,0.6098701360767048,-0.0586333001707461,-0.5261008468977361,-0.339451502362629,-0.6910257225250481,0
2021-09-16,-1.3727205904757425,-0.5516422814891242,-0.1099818059751968,-0.0007983403005517,-0.1150368253401706,0.4721634896999811,-0.1963459702595016,0
2021-09-17,-0.5086043825523752,-1.14871646936771,-0.8012238393363814,0.4091703689969815,0.3325627880845732,0.0863762267093782,0.9312830418917544,0
2021-09-22,0.6015017866419097,1.9291236307711843,0.2506696923415824,-0.1763549953834946,0.2809358375122203,0.5100864064734864,-0.870087095946142,0
2021-09-23,0.4125795871083859,-0.6612179044106027,-0.4401083745807126,0.0696631489837168,0.0515540507584024,1.0786061756708305,-0.0597563790313176,3
2021-09-24,-0.292493899481197,-0.476470600751547,0.3610303889046015,-0.0109608664157738,-0.5475918592147978,0.4725824547160012,0.1879615245082203,0
2021-09-27,0.0764209247720447,0.6217644749064619,0.4896099151893262,-0.1943140245894461,-0.3773897042658187,0.6932378889571701,0.6949926304784251,0
2021-09-28,0.4243038220089711,-0.6003829748355066,0.1368683346856936,-0.0564332717698916,-0.4898341923414358,0.9736991901729396,-0.350615182747136,3
2021-09-29,-1.4578718308624985,0.0149109973409184,-0.1507010082673939,-0.0021929213229636,0.1446444499917064,0.2652393364878748,0.1541019702089757,3
2021-09-30,1.139354976444,-0.0044499887658489,0.1444775116916347,0.161999804539618,-0.2436056162899671,1.1403554980171902,-0.3910613240001228,3
2021-10-08,2.153998294907772,1.4239554144294593,1.280002208191643,-0.3210437254246029,-0.9525049767643584,0.9719004920589268,0.0284789884759025,1
2021-10-11,1.353803972670005,-0.1030258360459349,1.44501321246484,-0.3450822071422805,-1.638266594623674,0.938141259403397,-0.5977662347383645,3
2021-10-12,-1.113782030544462,0.2895838736560372,0.490416966865115,-0.0272602042696402,-0.2481696905609081,-0.7861768675700043,0.1143535953806123,0
2021-10-13,0.034427898175101,-0.7488270982557478,-0.4059207075259721,0.26493063226404,0.2816179967874721,-0.7432707160822823,0.8596151867176158,0
2021-10-14,0.4606870476367203,1.3219649929926778,0.6956713969814091,-0.1383820456402821,-0.2160109469756838,-0.3685855512813418,-0.4700613393213071,0
2021-10-15,0.798401844253019,-0.0561408626259122,0.4493426617712949,-0.0622849378420795,-0.5663340589872542,0.7585568372290865,-0.2085325752687626,3
2021-10-18,0.3815897916843888,-1.7480070976339563,1.592430393409905,-0.239929662784552,-2.2198332220980967,0.4052088785677997,-1.243468274092216,1
2021-10-19,0.4533089032464725,0.3668330743758246,-0.4805426830632049,0.1508610614877345,0.6025334648434734,-0.0818388657150319,0.4555039809953727,0
2021-10-20,-1.2925815783148409,-0.9498056533193424,-0.7746923519946632,0.3519522433747492,0.6443213813641409,-0.9900896040446155,0.4450793987265781,0
2021-10-21,-1.058685060386534,-0.0064910824491703,-1.060962139314269,0.3761061716664232,1.2462655353496108,-1.072401695974033,0.9018682887217022,0
2021-10-22,-0.1013403669180643,-0.1264489058208166,0.2466069020102251,0.1359539679213748,-0.1297592537476774,-0.7478162003708148,0.8275876001351797,0
2021-10-25,0.7275357291247662,0.0379525044115987,0.0058979156251483,0.0012524229391482,-0.0805755910869686,0.5176073896968983,-0.238692696970901,3
2021-10-26,0.1456151950902293,0.6404046281777799,0.1022581659573919,-0.0808690335809683,0.0307692658159197,0.4959829632774824,-0.368551758697522,0
2021-10-27,-2.1453897223151883,-1.5798018206334477,-0.5307885671716357,0.3358151745379856,0.2438919586633543,-1.1841088315209891,0.1208219676026692,1
2021-10-28,-1.1145169926662608,0.6899119038397041,0.0196705817077227,0.1065855409516608,0.4325203205635026,-1.291790174120084,0.4314188989629152,0
2021-10-29,-0.028548149322198,-1.1244945791030665,-0.4518952343174549,0.362798557763177,0.2284592933820275,-0.6930492374488831,0.5947619155299132,0
2021-11-01,-1.0140288205683867,-0.4943028526568441,-1.0477220626044326,0.3100442114465702,0.940664148970031,-0.2361639155722107,0.0356593402277783,0
2021-11-02,-1.1856863725810616,0.7287159811203521,-0.4538194394124218,0.0765737400613569,0.7377647003106053,-0.1685045853985744,-0.0894103275875934,0
2021-11-03,0.4615742317618982,-0.4059919201620637,0.3968491722266183,-0.1355521714565159,-0.6972061196011733,1.1057341845058672,-0.7676477250581711,3
2021-11-04,-0.8287308819364613,-1.055107321367473,-1.3237645034307903,0.5174969869357664,1.178417579232924,-1.1781193557919003,1.0600424113438476,0
2021-11-05,-0.941135161467228,1.535094202542689,-0.5902614509607712,0.1615847071426229,1.1974034807610532,-0.425888074837271,0.293158015616737,1
2021-11-08,1.0052840127523823,1.156926742145248,0.7192361044680243,-0.187368661522806,-0.3787514634562734,0.1632182321171765,-0.3442859818410684,0
2021-11-09,-0.1133391132259732,-0.1934304181548107,0.0167523435771128,0.1483191000618992,0.0512079597878181,-0.8228018586267339,0.0639857018810508,0
2021-11-10,-0.3342789185750475,-0.0572455565134044,0.1207448098554788,-0.0006330258129308,-0.1363605887137506,0.0434643926576213,-0.2271550365236998,0
2021-11-11,1.913719422556989,1.4208676974294607,0.8779170325865837,-0.1393610712123278,-0.3692033642357565,-0.4273116085111783,0.4809689512540437,0
2021-11-12,-0.6991154399376416,-0.6431050172099979,-0.3159471704697414,0.3103672308828226,0.293469848100354,-0.9743404698731644,0.1977757220300317,0
2021-11-15,-1.1690798473019195,-0.5682537972512848,-0.7860495351811388,0.2584555568459417,0.6802443549598834,-0.3270822286546387,0.5030378772008205,0
2021-11-16,0.0551770385526845,0.5635612237075206,0.2113393805102911,-0.0597372714293619,-0.0394082062876552,0.1117904941727932,0.109232068307651,0
2021-11-17,0.2424578495324798,-0.2730910114217849,0.0275125965731292,0.0505357872932993,-0.1334266061863651,0.1110396839855278,-0.2183357298394904,0
2021-11-18,-1.33564271681574,-0.2401640989263821,-0.3668079609478956,0.2210655668919526,0.4724840449213473,-1.0455265312759523,0.0249378941672127,0
2021-11-19,1.956892377250412,0.3708815839002914,0.7999017041221506,-0.1744614257725111,-0.8576650769028247,1.1542776960473835,-0.3566071016011979,3
2021-11-22,-0.0624428409216795,-0.8774870609001765,-0.939375706303871,0.2248298619022689,0.5417438291631448,0.7240913765940896,-0.0527042779431696,0
2021-11-23,0.0921969934659331,-1.1974351721199694,-0.1642422211908758,-0.0154194313316644,-0.4428855587461076,1.432257946126372,-0.4099288069908213,3
2021-11-24,0.8534689292999699,0.7789148228806638,-0.1867069435986308,-0.2418341019790786,0.0338756199460473,2.5440476960447374,-0.760326102937072,0
2021-11-25,-0.3059517536501642,-0.0037758587898514,0.0369230658489224,0.0170150620061031,-0.0379508085584051,0.0772636535403283,-0.1550762022786619,0
2021-11-26,-1.8118450570394231,0.0230295651718589,-1.0060863622862126,0.480041499677891,1.3275321483825304,-1.6958843723924832,0.5038276977735071,3
2021-11-29,-0.4587677957053235,-0.9755395264296852,-0.1618074757622028,0.1277009095863098,-0.1387734690463653,0.0107981356934106,-0.0178103238600862,0
2021-11-30,-1.0527202539742282,-1.0790841808920888,-0.3872927935061359,0.3139173901491107,0.2441713090792853,-1.20985083359872,0.2302246016121004,0
2021-12-01,0.7933320363077647,-0.1964879674352256,0.5693592466987487,-0.135297511781862,-0.7492327231465795,0.7340332944817674,-0.3288561012987699,3
2021-12-02,-0.6939148328216849,-1.475889102678516,0.0937611808257974,0.2115968223836062,-0.3840215975967797,-1.036940929458595,0.6778936367803382,0
2021-12-03,1.183952020951379,-0.1009552163181431,0.3688048392156078,0.0063864195262818,-0.4737122031111498,0.5556487896473927,-0.0557970900895822,3
2021-12-06,-0.5743022457914378,1.5459561635546486,-0.9049724299991362,0.0701664559678187,1.3482074665315864,0.4370085580880846,0.1701738510839365,0
2021-12-07,1.206754921697125,0.0733868510985534,1.0320964169122302,-0.2785379678891775,-1.1654221105526306,1.0010871333059626,-0.1662944430200786,3
2021-12-08,0.9377310705566708,-0.4899661552086946,-0.0538111070863894,0.1580935534740943,-0.0550451879600853,-0.3656730829094297,0.5622229928977467,3
2021-12-09,0.5081034853206995,-0.5027427560169581,-0.5199714402761524,0.1834683444330083,0.3354667336996662,0.130664476090618,0.8653009893031276,3
2021-12-10,-0.7406165011914746,-0.1984290467347912,-0.311932655877536,0.1745719090524928,0.2902493606809916,-0.0070284686921624,-0.0203331878829116,0
2021-12-13,1.2869949670242484,0.9950117063782228,0.4057224595147971,-0.1894245123524313,-0.2468431372658576,0.9754701069801668,-0.3376929537825922,0
2021-12-14,-1.121145546109212,-0.0843537041494298,-0.5819778991144668,0.1969346872799102,0.6443255499252442,-0.4732200065545608,0.0813174338453833,0
2021-12-15,-0.9453666673050884,-1.0119375945753857,-0.3324269924972526,0.126671926527667,-0.0171823449285669,0.2521771694439292,-0.3661401892028468,0
2021-12-16,1.4314354952820898,1.113935016050673,0.7118069781356209,-0.1864889313535885,-0.4226208417947555,0.3507201187869876,-0.2739648625817927,0
2021-12-17,-0.5997746911871393,1.4006615083833325,0.6356315619994787,-0.0865205526050071,-0.0716149833674418,-0.4710719189955145,-0.6128277610076731,0
2021-12-20,-1.868467507881281,-0.9697111096576791,0.1357689899079182,0.1551251970790161,-0.2295602549490702,-1.148457228565242,0.0676336698020192,0
2021-12-21,0.9478427550050312,-0.2800346434483729,0.0026727699570959,-0.02791513186384,-0.2657692894101027,0.9986815765156398,-0.268716414684753,3
2021-12-22,0.0729664506994236,0.2495206675832223,-0.5054363940447275,0.0410298399063334,0.446264120410109,0.8677099725684405,-0.2433174436678326,0
2021-12-23,0.8276449233562443,1.6133919340552867,-0.224399440900865,-0.0438658982872707,0.6653454991397133,0.4380746137932697,0.0784115940661604,0
2021-12-24,0.1193221955531158,0.4508556074831877,0.6824995281112091,-0.1164957753381037,-0.5698531127440359,0.4217798368728596,-0.3726742290535115,0
2021-12-27,-1.1892061311058233,-0.6972144325333479,-0.8397571368429004,0.3630408922051084,0.7971170841625679,-1.0280474505414274,0.5882857970970969,0
2021-12-28,0.8559754400623238,0.6858263671004723,0.048141504310813,-0.0485505165558113,-0.0744567645926925,0.6186680815078653,0.0827570084030527,0
2021-12-29,-1.2191713517930298,0.0812266948037096,-0.6034707500313806,0.0584132759798135,0.5478473590419644,0.6308129595480111,-0.6629028817299528,0
2021-12-30,0.6371570322482778,-0.6457335701065371,-4.332338206921065,-11.378848210729837,-0.3891450455036925,-0.8672611595883564,0.0808623334897917,3
2021-12-31,0.7744076997155521,0.8177708446979101,0.5561277630322538,0.0561885319707527,-0.1776529409788869,-0.5022499048368912,0.0447614290797872,0
2022-01-04,-0.3011620811036479,-0.1764888279899487,-0.3588437564837413,0.0105678656892005,0.1682373998558736,0.9333224293472258,-0.4232079307424566,0
2022-01-05,-0.1613599313702899,0.560910567039462,1.114731047757274,-0.2784064266874398,-0.9503196842192532,0.2428632156988816,-0.4002669466889473,0
2022-01-06,-0.4075754750218613,-0.7799549715993846,0.4976940319325503,-0.0221801144414914,-0.7303879336416848,-0.0429010853105195,-0.6283101260008732,0
2022-01-07,0.3417391458212504,-0.050712317920038,0.1836712747675229,-0.0804351518679129,-0.3851552158611689,1.3961804900767636,-0.2399615580781134,0
2022-01-10,-0.2606615352324762,0.2592001942201948,-0.8139560349222917,0.1933062235065357,0.9012273985505412,0.019489676382257,0.3637610977254824,0
2022-01-11,-0.3843908554583921,1.306220561255814,0.1332224618398607,-0.08502177043049,0.2829132970027206,0.1308924497829442,-0.3919064492728543,0
2022-01-12,1.2441983183624583,0.4999272326703465,0.2432527826200274,-0.0699633021659668,-0.1741534469208638,0.5363850257072129,0.0344245043133977,0
2022-01-13,-1.039297820429509,0.5209969344305568,0.3013267289159066,-0.0908687136923565,-0.1140098605313265,0.0248287168022122,-0.5641986773937431,0
2022-01-14,-0.1711166528226455,0.118997029365507,0.4228090859067145,-0.0317706144451493,-0.3974293450125966,0.2897926408258261,-0.548070568146315,0
2022-01-17,-0.2838810856536576,-0.6884275709304509,-1.0623454776545171,0.3599504961341066,0.9076448132059728,-0.3972518264757324,0.5749741233316898,0
2022-01-18,0.2046126631067418,1.250532183661996,-1.7825911433622743,0.1159221160689695,1.8486204730472435,2.123433123594138,0.1840289275688757,0
2022-01-19,-0.8601051194817494,0.6557935269308337,0.3950082808376912,-0.1773904173908718,-0.2498548387987096,0.5691086124380812,-1.2883415831449336,0
2022-01-20,0.8840383582055164,1.7032639920327706,0.2308212594693823,-0.1579348202059021,0.2454117429381241,0.4750847956026608,0.4294771843529106,0
2022-01-21,-1.108401070920788,0.6648801830361369,-0.6392559726741254,0.1244560526755649,0.831591543764521,0.4334940345045118,-0.1510365269355831,0
2022-01-24,-0.6491529867971293,0.2138323413038711,-1.2383940050673008,0.2342627073809847,1.250971422874957,0.4542508877393401,0.2346928763548095,0
2022-01-25,-1.5081650744040414,-0.1884051651717145,1.5261991465029925,-0.270408340557147,-1.4513499178228095,-0.5455929272472645,-0.4279100693232315,3
2022-01-26,0.9678710658301134,-0.283376625937668,0.7097724583232644,-0.0662248212687914,-0.8015527412870364,-0.0208046724110896,0.0672148095946447,3
2022-01-27,-1.7120763711200988,-1.400907983308577,0.3506264185413434,-0.117507774527528,-0.9150342410053952,0.9628134861446712,-0.6570262525997133,0
2022-01-28,-0.3411594800274612,0.8181736920485638,-0.1644744875465933,0.1231870970840367,0.2957730150835,1.570668840859984,-0.9885935063893904,0
2022-02-07,1.9119243541089144,1.09526349104539,0.1459532566788565,-0.1127615686338757,0.0475354134086385,0.970057890055334,-0.0029569558388618,0
2022-02-08,0.1964455425490566,0.3958421442389189,0.2972711783136986,-0.0119891212528359,-0.1366564212587462,-0.2275544115756174,-0.5567363623851285,0
2022-02-09,0.1045643067646112,-0.8430171918832193,-0.0813413836838491,0.3291301548666465,0.0907341541051137,-1.803759068207777,0.7322053201476637,3
2022-02-10,0.6516187394728847,0.8001205981845259,0.4868868442057403,-0.2110175467556828,-0.3812012795352408,0.9597704594068962,-0.5836993202007021,0
2022-02-11,-0.7846268575659316,-1.8722240629587108,1.4404645853310236,0.0370118508197244,-1.7853212600035415,-1.3581828942402292,0.1217341431980181,1
2022-02-14,0.2521941057186018,1.5714056610601004,1.31343164550342,-0.2835452929261679,-0.7207932672903018,-0.5105215662398912,-0.5664814468616185,0
2022-02-15,0.0683688285339957,0.2462152406815721,-0.4473394152639722,0.3073285701214661,0.7618612615490261,-1.5379244015138986,0.9144881621694728,0
2022-02-16,-0.1989518279444523,-1.051901345003561,-0.7249601993994053,0.1451907315001521,0.2339844419070379,0.9878194464686422,0.0505978840966366,0
2022-02-17,-0.2789495541449291,0.4785871027135532,-0.217601967740951,0.163583100400496,0.5291580120419184,-0.934063448829372,0.5008368620225804,0
2022-02-18,1.259948450453737,0.6519773726785486,0.8750339251278475,-0.0867543955271029,-0.6420246898570618,-0.0840469045010788,-0.2212901949571699,0
2022-02-21,0.5982827732537186,-0.7822476321765431,1.4205395357615076,-0.1557279442383522,-1.5994902984359367,-0.4652950323884829,-0.4882759576691236,3
2022-02-22,-0.2857964949474904,1.2074544480174745,1.1049154346458328,-0.2254916414048063,-0.6118842014065013,-0.6424636307451425,-0.4422858963548603,0
2022-02-23,0.5466971488423692,-0.5266492568360183,-1.0617222893317089,0.1871900001338246,0.6861948060614002,1.2365119268802187,0.0235726753684368,3
2022-02-24,-0.3258905747629951,2.7728662312595738,1.2251085110904023,-0.393760996165244,-0.277502100350335,-0.2653257676036866,-0.8743039686540927,1
2022-02-25,-0.7050233240075421,-1.9036911374869616,-1.323560038099436,0.5242736405046288,0.7694304194891222,-0.1892769702901324,0.7647276547804868,1
2022-02-28,0.4959674588338577,-0.0877178216698192,-0.2199297962240839,-0.0595329592796386,-0.0337244370366731,1.4152863414386951,-0.4505304033694563,0
2022-03-01,1.3489640504079612,0.3106033864610987,0.8409466089334169,-0.1894270940363695,-0.8293601863723121,0.4868725858176738,-0.0290546326407001,3
2022-03-02,1.169962914895738,1.9824427592966525,1.702115442249348,-0.4376370190883237,-1.0834069640867114,0.0716838219112353,-0.9828946901620232,0
2022-03-03,1.2154405715626315,0.1450840578611953,1.3211456617051427,-0.4696055209380537,-1.6046238564368838,2.015661790290716,-1.2514254058305694,3
2022-03-04,-1.323429276145785,0.4623992120608951,-0.3015033754370202,0.1825194832657662,0.5916214771174975,-0.6717549749756054,-0.1057331922433455,3
2022-03-07,0.7438917787944028,4.330946200136194,1.975546607906224,-0.9695764895216072,-0.9972368996310396,2.6558366195571943,-2.619008126333534,1
2022-03-08,-0.9921070961197458,2.5243729949317277,1.1740052437075557,-0.3671387581446835,-0.2663122291099424,-0.4083972844979297,-0.3237251157488224,1
2022-03-09,0.1539720605235011,1.2735841813534872,1.5757313107957704,-0.3763567599477829,-1.1336198400058797,-0.1611837262806076,-0.3015838930756219,0
2022-03-10,-1.340260293018427,-4.676758190986141,-1.969038467764927,0.843492291131822,0.5987139170658794,-0.8455231262667438,1.2787468199429113,1
2022-03-11,-0.5314496361216337,0.6218618809982454,-1.4242377191355595,0.3884271321180029,1.663958958480976,-0.1634061416393404,0.3316861386494413,0
2022-03-14,-3.8180367608245382,-0.4672127995861764,-1.455034159578358,0.3452616460377711,1.4510173688678984,-0.5374941880540335,-0.3892569506023747,1
2022-03-15,-4.158906005961724,-2.549991124284532,1.646807225402522,-0.1858057994745384,-2.2487474439109745,-0.86681578369412,-0.8445232286801228,1
2022-03-16,3.5609371845663813,-0.2322806695403335,-0.4277246637066106,0.0278751079667921,-0.0019373594303594,1.903850218549073,0.8154921136150691,1
2022-03-17,0.8975912877398129,0.021675361186436,-0.5444107872671494,0.2963601836971877,0.6809167153440718,-0.9327787269497632,0.9625312985802638,3
2022-03-18,1.6777873984262537,1.4064023825052707,0.2047335106784164,-0.1584893955932791,-0.150234093363429,1.6347966961809206,-0.5914673693056642,0
2022-03-21,-0.2527260616116848,-1.0677558182539688,0.201677616716548,0.1058555903560608,-0.4703229622956778,-0.4280060913996344,-0.0572713160460654,0
2022-03-22,0.7224152755862745,0.2633883556148031,1.1970897040370765,-0.179364408551587,-1.056532300537108,-0.3452197199472578,-0.2300377791566231,0
2022-03-23,0.3574974569521807,-0.4394594672243511,-0.2990274950874489,0.0627356494560043,0.0431160781737225,0.6902979840070685,-0.0402963379811069,3
2022-03-24,0.4068154015165927,1.7299150030842947,0.6155151915312158,-0.2690847258640444,-0.1554907008462833,0.6306592960844276,-0.492218037784259,0
2022-03-25,-0.3184386435104956,1.413716950978183,0.6724480646397187,-0.2638553318736011,-0.3376895241157316,0.9803126369750544,-1.1392511502459903,0
2022-03-28,-1.0219746206725906,-1.3695631464670324,-0.3409238341584124,0.2342258195789892,-0.009582284708612,-0.4576781501044323,-0.0945593412984536,0
2022-03-29,-0.5913260700357283,-0.8002718030715695,-0.0668572393897646,0.0812425274060462,-0.1827594346617478,0.0436614640442683,-0.0095131489690063,0
2022-03-30,1.862110095808714,0.0961822443038478,-0.8104939111770938,0.1827005566100547,0.6960066536523843,0.7658270395130888,0.889955347529713,3
2022-03-31,-0.75151507380055,-0.2709775634171985,0.2757680769249038,0.0344264845996653,-0.2560169580914563,-0.5403115100700209,-0.0285182235077215,0
2022-04-01,0.3186204702233861,0.2612117117315468,-0.7622439849715436,0.3376867904200494,0.8996127066212563,-0.0170151521484032,0.6908395223378929,0
2022-04-06,0.2892163517933888,0.6341558854977185,-0.2746937484493532,-0.1394742604018124,0.2015190381886194,1.839308969975488,-0.6766352642701532,0
2022-04-07,-2.211831824235892,-0.1348356624356938,-0.4993043679238798,0.2327364411393151,0.6875331853778078,-1.2017151978160872,0.4682668460055443,1
2022-04-08,0.5668352632936149,-0.0018471081470658,0.4519070961451458,0.01723366895264,-0.4214105110548535,-0.0058351707502618,0.1770978795428435,0
2022-04-11,-2.3370638163304696,0.2151602728676567,1.2578592795476091,-0.1450119949045642,-0.8889486651431532,-1.5538805310486363,-0.5525061617818059,1
2022-04-12,2.433525605046107,0.7911729129289087,0.5169523909076778,-0.1814886556778092,-0.4544075204426125,1.0469442942383973,0.0556286483971543,1
2022-04-13,-0.8787685245984607,0.6927153482225583,-0.0786425506694344,-0.0134253334564365,0.3210403152001117,0.0233660829795741,-0.1231815103638645,0
2022-04-14,1.3749826612103622,0.6596801002022447,-0.0741592222374229,-0.0240061671754246,0.1713387952382556,0.648766330835248,0.0616502073386626,0
2022-04-15,0.2720805506356507,1.100905274258754,0.0533305513007918,-0.1178877513749608,0.1473392103656801,1.160210991093735,-0.2116803649053741,0
2022-04-18,0.4515426025103352,-0.1766240989310996,1.5000120039096614,-0.1754911321117832,-1.4226186608837896,-0.8221960140528526,-0.386505846450485,3
2022-04-19,-0.5519709618923854,-0.6884677423085864,0.0007001324723127,0.0811485865620654,-0.1963766213436349,-0.1110407932640988,-0.4038833946321127,0
2022-04-20,-1.591367700724613,-1.2704184473734603,0.2847709887402552,-0.0302236022780695,-0.7086762847854214,0.3104491145096315,-0.3141291038567024,0
2022-04-21,-1.2438125075212934,1.456581422457385,0.7368485962166296,-0.2740840812634805,-0.2485358655190081,0.0982721583131048,-0.2981397469329602,1
2022-04-22,-0.2693046244105611,-0.4157843918358743,0.244079524793024,0.2132271569454596,-0.1369688641265193,-1.3027539224099716,0.7238553503012717,0
2022-04-25,-5.933716665351209,-0.5211093164006265,-0.5530912624909876,0.1894406111410899,0.7149000348366659,-1.4289715637702605,-0.1344665078719009,1
2022-04-26,-0.5421954039056233,-0.4726185918085751,0.6554726752958291,-0.2462381174283423,-0.9711565389359692,1.2350450875184928,-0.2653518388921863,0
2022-04-27,2.6551058007998134,-0.354968400894857,-0.0893211516344486,0.1529398824188377,-0.0873297852045355,0.1309651667552641,0.4507027309315613,3
2022-04-28,0.4316146869874244,-0.3990645532552133,0.3517673073944316,-0.0162392585750277,-0.4971708535530968,0.1461164917780231,0.3153561967126999,3
2022-04-29,2.699358904531516,1.4510976350251104,-0.2645432101935095,0.2086375395163383,0.6962932124919071,0.2731164187259117,0.1505037897489001,1
2022-05-05,-0.1336639684089232,-0.4698247399535736,-0.5172417709968203,0.1317439182485833,0.3018106433802911,0.429116367721471,-0.3516240403202765,0
2022-05-06,-2.509833220231803,-0.3335040307523412,0.1668155460322896,0.1490382674559465,-0.0248567150646374,-1.1546346943609829,-0.3442684803706797,1
2022-05-09,-0.8601295184488973,-0.0469228681201435,-0.5210061474759194,0.2210313522622932,0.629995238682763,-0.7209491396881732,-0.2528567067614765,0
2022-05-10,-0.4725405148263309,-0.9730843600017826,-1.4074984932410168,0.5100989283727925,1.2314218087556437,-0.8491405230552856,0.8471451180525847,0
2022-05-11,1.3810755056981976,-0.4516018041559758,0.2237879308552402,-0.0475052035775974,-0.5173575080498463,0.8769769489206468,0.171896752728536,3
2022-05-12,-0.5077117221891136,0.5561789859594245,-0.3010748306707269,0.1077633418818652,0.5600487752643515,-0.4421688948235808,-0.0359521831296491,0
2022-05-13,0.9707346771670468,-0.6116332085883444,0.038864338765596,0.0087807848137946,-0.4160113715772988,1.245322264145808,-0.2631622600785694,3
2022-05-16,-0.1717119839339107,-0.1486526452151396,0.0582969049026629,-0.0927615834182446,-0.2577950482995952,1.0364780023181603,-0.7319518368773801,0
2022-05-17,0.8790185339504172,0.4437299432383377,-0.2461031414049103,0.0275162257176452,0.3032566752381228,0.5160592840178718,0.4000186204858935,0
2022-05-18,-1.4450089445917058,-1.0127667785964194,-0.9414499375336924,0.3482999848097056,0.7410613797977171,-0.6496693753237255,0.403462957578206,0
2022-05-19,0.5149456530028266,-0.0270121871446727,0.2315055133898044,-0.0232301556964259,-0.2732336793914163,0.179465305499717,-0.1990297494687294,0
2022-05-20,1.865541799340702,0.4279689617289764,0.1501265815818993,0.0325686855387262,-0.0820797454522073,0.4361342835105125,0.3798683879086364,3
2022-05-23,-0.2714690607234338,0.5256806754916741,-0.246704348912124,0.0638712920944469,0.4393909392757547,-0.1352903755162463,-0.3746916704694088,0
2022-05-24,-2.594972867670367,0.0126490904140813,0.3322881948997143,-0.0052776411523605,-0.1215314769205515,-0.9578524468477808,0.0532850523026674,1
2022-05-25,1.0985464398963425,0.2503038644076295,0.0077961505873889,-0.0216781185588619,-0.0478470287653085,0.6493866924575127,-0.3673316973612548,3
2022-05-26,-0.0194163870850673,0.7138176573974697,-1.022421172963274,0.2070640351039746,1.2257481425065528,0.1327826444781862,0.0469992346038457,0
2022-05-27,0.8545640941243556,0.9164256147371508,0.4687466366781629,-0.1589305605002392,-0.2955222928024189,0.875464505097952,-0.2822857204583614,0
2022-05-30,0.6878960430031652,-1.091828332169462,0.2511531386607242,0.0236998158679698,-0.6773723760725924,0.4602626466076597,0.0006522314914083,3
2022-05-31,1.75699537668185,-0.535987755148298,0.671905283725969,-0.0742703202278613,-0.9273853966105428,0.3596036374690072,0.1379457339591383,3
2022-06-01,-0.4493630120281752,-0.8589148830012914,-0.1952991533061101,0.1159758663363084,-0.0897035387090579,0.0715403272844259,-0.0078917735422811,0
2022-06-02,0.7823602137292891,0.5172253888102959,0.4633037497152181,0.0209443833641144,-0.2590424511942426,-0.1558848115313866,-0.2258194526010684,0
2022-06-06,1.7471496837100533,-0.5780718904761998,0.2293547277464265,0.0111200190172503,-0.5198098560676326,0.4513050863196741,0.2807604095824882,3
2022-06-07,-0.0115000296702481,-0.1594971833477066,-0.2455096468488562,0.080395844065639,0.1591722895345605,0.1902048675885997,0.1729611943576025,0
2022-06-08,0.9642226281714166,0.2672793062571226,0.105783220191954,-0.0281425298530383,-0.1019046678699538,0.4472943078100561,0.1862377941943347,0
2022-06-09,-1.110709604252205,0.2610864838716555,0.0115890539782424,0.0418232222730452,0.1685382511069107,-0.4371323210692482,-0.0140236881329189,0
2022-06-10,0.8250085681046413,-0.64804390358811,-0.5230851465237851,0.2798220537132509,0.3339811844158614,-0.0864102522344561,0.4432289925347705,3
2022-06-13,-0.880211318152201,0.6159067031300022,0.4783216831678871,0.096306596274085,0.0402983763002507,-1.9363370193872775,-0.0712897611315487,0
2022-06-14,0.0307007823097354,-1.7757514395168057,-0.5487874330050787,0.1939292581625209,-0.1304864284017803,0.6940340553855144,0.1975338298005982,1
2022-06-15,-0.4545345786701815,-1.641307043871397,-0.5483499747670822,0.3833945672879706,0.2095219563362266,-1.1245229807521806,1.3032611992649732,0
2022-06-16,-0.6089294540408119,0.2361986439268655,-0.3207802045541745,0.1006253769742485,0.4409304516771543,-0.2414259368696596,-0.1573285196120153,0
2022-06-17,0.2337402514372429,-0.1526933980603968,-0.379283965390343,0.354544876281511,0.5625794791518847,-1.3272824797595133,1.0468646466366995,0
2022-06-20,-1.5380815349647372,-2.0903067761479366,-0.8597146882581167,0.6087584973135471,0.5952328954102883,-2.4437702869128577,1.3426104953534372,1
2022-06-21,-0.0427306447268406,-0.0400598929829075,0.1229161401634208,-0.0677230774889576,-0.229440282265684,0.6528166617125267,-0.0479843473795414,0
2022-06-22,-2.0342113121999748,-0.4875183181283324,-0.3676497436762113,0.2467915805686684,0.4530210637160522,-1.3204824629666407,0.3394758923584837,3
2022-06-23,1.595696456116916,-0.0279436375539207,-0.1040985353524278,0.06223444047437,0.0078907110132139,0.413907764090991,0.2387802129553792,3
2022-06-24,-0.7033677445048397,-2.064575505974856,-0.8416333739683909,0.605487098161496,0.4857565168840548,-1.8004688826297728,1.2111012200698223,1
2022-06-27,2.0174390180303807,0.7205906046042401,1.090324749707075,-0.2641329559513919,-1.138511805577396,0.742539096334528,-0.1505702640392687,3
2022-06-28,1.7657460001570922,-0.1303642262163464,0.424058042603298,-0.1692909987397441,-0.7232253941835951,1.469883642298477,-0.4457781052173323,3
2022-06-29,-1.5774321752649745,-0.1530160732103555,-0.1331606617536796,0.0293515912995785,0.1124591440198024,0.0010373207493106,-0.2043230177383644,3
2022-06-30,0.5295396456590772,-0.558977662601769,-0.7133741847931248,0.2604660200729256,0.5396805651582597,-0.0934239872610348,0.6877199566892236,3
2022-07-01,-1.8362773561320416,-1.696831798962018,-0.9538287127502648,0.504799015457008,0.6484374212987531,-1.225220240146033,0.5787090771013471,1
2022-07-04,0.7500394718176074,-0.5348189902345463,0.7708498481944265,0.0769485799470447,-0.7534508716645559,-1.2467401963993787,0.2271245448928484,3
2022-07-05,-0.0343388606145733,-0.0226178083341747,0.0609577268084222,-0.0208580383142886,-0.1210643534036064,0.3342535719958607,-0.1431406941150782,0
2022-07-06,-2.396595617005345,-2.1420424205597723,-0.86722225455161,0.3029271946822439,0.2214980112956529,-0.0339382001359092,-0.0466198813925545,1
2022-07-07,-0.2968564145148566,-1.5570326384008384,-0.6931945369999767,0.2327200818163851,0.127728585436419,0.4427461720997636,0.168404063732975,0
2022-07-08,-0.857924073113232,-0.5426653278977506,-0.2958231663428419,0.2033251720697689,0.2094919629470974,-0.3214786393243788,0.2806169888760759,0
2022-07-11,-1.5064657907548076,0.542857489225354,-0.4083558916309173,0.0386998024074749,0.591115736447195,0.1416798765343941,-0.4303754817400964,3
2022-07-12,-1.8669427292910648,-0.106717597509342,-0.8700874147450244,0.2976053278771006,1.0237975008587508,-1.014567131613068,0.483193408420914,3
2022-07-13,-0.5305869196250361,-0.9260535060638888,-0.6822460548772951,0.2501706819445716,0.4156986262642445,-0.1270570323903116,0.2281782715986088,0
2022-07-14,-0.9360853755666404,-0.5139519691091538,-0.9949249879492555,0.3568859834005271,0.9652401220248478,-0.8032835556069753,0.407984440523245,0
2022-07-15,-3.053450569322431,-1.7763709227640454,-0.881317236616196,0.5438662476353758,0.6875792049136947,-1.9629401359792504,0.6390827077911054,1
2022-07-18,3.203939315075548,2.140808035227044,0.968553073032396,-0.5537423905132025,-0.7563074590836005,2.8072151331558124,-1.227157258089106,1
2022-07-19,-0.8301747750530051,-0.9597972490777436,-0.2396463396744602,0.2120548882856966,0.0532838012493901,-0.687957595463077,-0.0465768810993544,0
2022-07-20,0.7045830425446347,0.5271628539689112,-0.3158656406994805,-0.0123070354978129,0.3351575031464995,0.8768240241642367,-0.3722666560575943,0
2022-07-21,-1.154781398090868,-0.6193437277439354,-0.2786335761934352,0.0759716395251701,0.0592958802817769,0.298709898920897,-0.2802871133843266,0
2022-07-22,0.7212510652090307,1.5427966839411815,1.1665998019778656,-0.2095636900159069,-0.5834117749913584,-0.4071537087224315,0.0902542508901669,0
2022-07-25,-0.4789634666731308,0.7209037398397637,-0.0713254832744562,-0.0368249228553129,0.2857387048069921,0.2386657634146069,-0.1285927425193791,0
2022-07-26,1.7546777870087855,0.9588497890405296,0.2346415415939926,-0.2337538190018454,-0.2225909764418277,1.7705688815639629,-0.6014855600987815,0
2022-07-27,-0.650590755528741,-0.5646517154624798,-0.2998568024701104,0.1620431124509841,0.1845043369864751,-0.3709712911992058,-0.1348346222657589,0
2022-07-28,1.9982536063655516,1.66267700913835,1.5235848554763312,-0.5193661635695652,-1.2211605823696956,1.3647273299563905,-0.955893799383538,1
2022-07-29,-0.7243968760627578,1.6601786607807183,-0.0255488344059073,-0.0250067656157559,0.6093988667085359,-0.1066051406037642,-0.4363396344656621,1
2022-08-01,0.4240035479134973,0.7355512606516404,-0.5256038053319992,0.0604060622641976,0.6797723763158116,0.5147558132989509,-0.0566473687772917,0
2022-08-02,-1.5328548095706067,0.75959000025779,0.4976612063678112,-0.1495068516368042,-0.1826106470592306,-0.1852059215418656,-0.3347019509557303,3
2022-08-03,-1.2289179383035629,-0.0921426733582545,-0.6529184826082096,0.1237334455246648,0.6047103219206135,0.2533326497768519,-0.2019348995604516,0
2022-08-04,-0.5243687413790413,-0.5085501393339951,-0.7317731271796426,0.3820091984081675,0.8025909744724279,-1.4304239789838664,0.980330120171618,0
2022-08-05,1.786845823734932,0.4723432601896731,0.5859624316536093,-0.0095927915750368,-0.4142011040635215,-0.1641802937394049,0.1390112653402946,3
2022-08-08,0.5157174751674071,-0.1033602835609299,0.1066987061200141,-0.0933947730135319,-0.3131463778518804,1.058244140162193,-0.7034669321069671,3
2022-08-09,0.3043084139574187,-0.0162419329379729,0.378059237359106,0.0020834429745627,-0.3321916518896272,-0.3733115354301946,0.0589646133256359,0
2022-08-10,-0.768785541715915,0.0438845980849794,0.2054564148930979,0.0223582729347714,-0.1015111563479185,-0.51035359118338,-0.368707453532534,0
2022-08-11,1.995825785149335,-0.1225674134070679,-0.0684367241127273,-0.0300200333802127,-0.1957456588990538,1.221365056652077,0.1589322701730972,3
2022-08-12,0.3023417148817732,0.5401066918989329,0.3543736098027307,-0.0424263848836203,-0.2021049227133541,0.2775343849037848,-0.1320065714092292,0
2022-08-15,-1.3280512542928316,0.9912886387706208,-2.3200426646808348,0.3967464941204069,2.586150814846925,0.3993184492895358,0.2668193237226846,1
2022-08-16,-0.1462588769869675,0.099563587223639,-0.3187467620834177,0.0545985685551444,0.3091259575362982,0.278597719647643,-0.1999985229339121,0
2022-08-17,-0.2166740209495248,-1.0128868005681393,-0.5765683788577848,0.2889503829261146,0.3466884744756542,-0.5888472586010651,0.7464700621221367,0
2022-08-18,-0.969974652661974,-0.2558757255305662,-0.4285723163040244,0.1042458336680858,0.3439962029001182,0.1039310193331815,-0.2589035944051596,0
2022-08-19,-0.6231753407288604,-0.3024742468114356,0.3037977633598754,-0.003043006382159,-0.3847485809967003,0.1101041459147848,-0.1137491862043518,0
2022-08-22,1.2883846465160114,0.0472858864086403,0.2519858481930576,-0.1090685414341763,-0.4154784977519046,1.02003747108629,-0.3654846341704036,3
2022-08-23,0.3732163521452579,0.4943568020033676,0.8701795966949929,-0.1724425749120235,-0.698592235805786,-0.0925311171140113,-0.4137626268090894,0
2022-08-24,-0.8893327309531358,0.9792579352743778,0.965244669604612,-0.3504381127845514,-0.7195807299496106,0.5718686250800886,-0.6636398728139978,0
2022-08-25,0.8121740298890899,-0.3632954521332751,0.620685955054158,-0.002975768516001,-0.6707916318568806,-0.5286481658825769,0.3208583102958208,3
2022-08-26,-2.427476926808292,1.348200224226197,1.6125274771024127,-0.7231286783345818,-1.3673674164332774,1.9932739992662885,2.6106329736445817,1
2022-08-29,-1.3788633371009953,-1.0753296104096546,-1.0512405595925236,0.3546621910372444,0.794245361878955,-0.4810372718359777,0.1882174239939381,0
2022-08-30,-0.8656450002857611,0.036370744372693,-0.3764495299818999,0.1814153406249045,0.5226130323046083,-0.7860796971536426,0.2987245011610756,0
2022-08-31,-0.5737221820463435,-0.4211209225491026,0.0209487056682539,-0.025988674132078,-0.2128790817460812,0.489960417545397,0.4632381669260931,0
2022-09-01,-1.4685028287424735,-0.8950179971994434,-0.6650937167720655,0.2471570178182306,0.4593769628630377,-0.3835728185687802,0.0238211965668607,0
2022-09-02,-0.425212901477518,-0.3022693268694124,0.024817443975347,0.1322193098301708,-0.0260629790655817,-0.4754287115470285,-0.1838435991144512,0
2022-09-05,0.4952423124422504,1.1455179026740234,0.1403137515067077,-0.1028992043145142,0.1629416224591032,0.3837947305022355,-0.44362503444388,0
2022-09-06,0.8634442194535387,0.2090173038565088,-0.1889686293865657,0.1126240408168402,0.2728166210774033,-0.203760826868145,0.1110458100636586,0
2022-09-07,-0.4466863447548378,-0.8551115322864716,-0.1976200754304691,0.1733793017041079,0.0074321845814559,-0.5139580237784575,0.2498887927625396,0
2022-09-08,0.2964820822917173,0.6660815087894323,0.7453782253045279,-0.1784634477740929,-0.5399717927821901,0.0724425582867081,-0.321471716886858,0
2022-09-09,1.299152734372197,-0.0205367466020832,0.3543829895547692,0.0181994970710746,-0.4065603450718618,0.3624680938772397,0.3238100107523155,3
2022-09-13,0.883669620458117,0.2216558338307319,0.5029810794753489,-0.2006055428478186,-0.6070729366073784,1.09462585483201,-0.2078930734909696,0
2022-09-14,-1.102521288227897,-1.0957995019490354,0.2272995312752103,0.0603583573874655,-0.5077941327606268,-0.3465873522453769,-0.2538217947244234,0
2022-09-15,-0.5308166975313527,0.1356282524558431,0.6079938538771408,-0.2444493476087297,-0.6846347205317493,0.8920281956487209,-0.2967698845738446,0
2022-09-16,-1.9991271396035104,-0.3704206680082226,0.5626140674493403,-0.0244679203607009,-0.5485613809771881,-0.5032448771237283,-0.4731357305692056,3
2022-09-19,-0.5864657605408744,-0.2071630173641777,-0.2268301666632557,0.0906611424789853,0.1932582090271967,-0.161418239952889,0.2649928305328118,0
2022-09-20,0.224124759792771,0.5108350328705574,-0.2882412543372474,0.0551293693699841,0.4220129256731645,0.1417864141151479,-0.1264978713223026,0
2022-09-21,0.2012998324018566,0.8979941503911109,0.1082481615362525,-0.1163020147415385,-0.0196441301193567,0.6890159232422247,-0.7618504092048565,0
2022-09-22,-0.3173901965916516,-0.1537595870264474,0.2970486967622062,-0.0684454421912808,-0.3876561960801719,0.2988989198961772,-0.5605949986678753,0
2022-09-23,-0.4678935407579673,0.0011354934924751,0.6475649989126099,0.0228161500878276,-0.4756008239929818,-0.8914791239609184,0.3202434568604794,0
2022-09-26,-1.4550891195081443,-1.851187520204044,0.3288325626910369,0.2230203459850092,-0.6490671688049371,-1.562120709113739,0.6323789769076225,1
2022-09-27,1.3943635224363993,0.1062047977940021,-0.218181379895215,0.0588928870757294,0.1413255497938523,0.4957429435477725,0.1026138074306801,3
2022-09-28,-1.5055643450592562,-0.5543161292034329,0.8464432618482978,-0.0721981391214348,-0.8729076204735243,-0.769890006439244,-0.0703364242915186,0
2022-09-29,1.0359799996985823,0.7998350377622329,1.1962186246303037,-0.2725591936364533,-0.9693659142483688,0.1299827799174464,-0.3967555984754854,0
2022-09-30,-0.2806237135276779,0.3149120074271985,0.4961258491582977,0.092992739220674,-0.3227097718951595,0.0718632548496538,-0.1523421023810071,0
2022-10-10,-0.3845414926689819,2.737766281939348,-0.0522700498053121,-0.401190488145019,0.5941637039520047,2.2713301875991685,-1.5920905938814356,1
2022-10-11,-0.1556540470264053,-0.5869683199399499,-0.2545925317679169,0.1875531901361748,0.1490694037311448,-0.5375781401464116,0.1323900835510062,0
2022-10-12,0.7938343079756244,-0.3360117812321999,-0.6792820567461568,0.2910246580862528,0.6283585005773268,-0.497569425831299,0.4829289976025093,3
2022-10-13,-0.8159083055632204,-0.1169038349813623,-0.2765519534557814,0.1380127606525775,0.3234100048212719,-0.4940076213262392,-0.2195358985171189,0
2022-10-14,2.11289430019789,0.3473039815639223,-0.5363959154285081,0.0937543964451884,0.4376944063005437,1.2333183376743972,0.2728926554384909,3
2022-10-17,-0.8670988266506083,-1.1910703510483234,-0.6690775749473086,0.3598082169021656,0.4691963897358304,-1.1090802813303575,0.4494601573787643,0
2022-10-18,-0.1080100237795511,-0.0626022452103609,-0.0754698254141934,0.047448508593511,0.0510673467839861,0.0280219559308415,-0.1703066483742745,0
2022-10-19,-1.1022915625822889,-0.0714804138994479,0.2102249421007738,-0.0489262854820944,-0.2214672262181779,0.0522937780119086,-0.6073341161542815,0
2022-10-20,-0.5329435237465124,-0.557666973139415,0.1084647377969016,0.0393451417646793,-0.2614013695513588,-0.0988767476753924,-0.1242133344495935,0
2022-10-21,-0.1884115845046916,-0.196539534485281,0.2104965104515207,0.074472858260999,-0.2018710772550386,-0.3449391196455255,-0.1202205296959027,0
2022-10-24,-1.2403794091828515,1.6448647751895134,0.6089308314936208,-0.2278483570416627,-0.0350548441573926,-0.1853347764291333,-1.3810326524066128,1
2022-10-25,-0.1266785872042859,-0.2693234715778322,0.4286904216801888,-0.0164732245324357,-0.4609886089340613,-0.3423561232627106,0.0656935654411347,0
2022-10-26,0.3396669511271437,-0.1203398071469701,-0.6762896140592495,0.2320271099872556,0.6584359239459303,-0.2348829535297462,0.1902325206755931,0
2022-10-27,-0.7066091183375772,0.0179954152671204,-0.4378353337515712,0.093660300856177,0.422888086142796,0.1809944492871587,-0.2603247469246449,0
2022-10-28,-2.5361129323263687,0.2208936466346456,-0.222347045819369,0.0492193857730054,0.36541359815391,-0.0557436665900348,-0.358961727197405,1
2022-10-31,-1.2785805061672972,-0.686011585109749,-0.5579482478290932,0.2755247568281907,0.4964777517961569,-0.9230114705565708,-0.1198811055456438,0
2022-11-01,3.29403039725093,0.1703692349303367,0.3188239812722797,-0.1110785840067447,-0.5081798521334857,1.2674621747714074,0.668094750174515,1
2022-11-02,1.056612503634965,-0.2234654387745226,0.3044348990756612,0.0204196124841655,-0.3754691670282286,-0.0956221686169074,0.3207489452691303,3
2022-11-03,-0.3630088678934706,-0.0651365563179229,0.1314662327823507,-0.0223051352922524,-0.1763442997741412,0.1678264970857567,-0.4995810603279469,0
2022-11-04,2.929368074342081,-0.0676582618225351,0.4180571410826835,-0.0072953311163008,-0.5706102613522619,0.6455311176464869,0.719403659694153,1
2022-11-07,0.2612804291813768,0.3978173269986099,0.1289810672491141,-0.0028432907640201,0.0128146435990583,-0.1037369324335689,0.0692655465103912,0
2022-11-08,0.0588192679690406,0.4898986416092181,0.3405105101122594,-0.1312204001350534,-0.2611812546529468,0.4439897608789158,-0.5597096846230729,0
2022-11-09,-0.0933230723412103,1.7017260688730906,0.8367978112799248,-0.100169851417386,-0.0710162534912788,-1.403149808339824,-0.2136656236283479,0
2022-11-10,-0.8854697555575346,-0.5537619895510136,-0.0082991156960643,0.088445143675376,-0.0991949307696314,-0.4232862065532986,-0.0836309562146694,0
2022-11-11,2.8216814376852635,0.8057340714611868,1.1960432019172158,-0.187815601898628,-0.9890898879728612,0.1765215810334638,0.806509838141229,1
2022-11-14,0.2767407377644224,-3.1143240380121417,1.9917900345594677,-0.0457644188619134,-2.8102350171032278,-1.3808199674953685,0.1788650947159153,1
2022-11-15,1.513703531374017,0.3451346034357698,-0.0735307080095168,0.0839675675736699,0.1499050257023506,-0.1350052599695404,0.5292557201975968,3
2022-11-16,-0.116280110387224,0.0759037828276508,0.9354363815216606,-0.1376565178941142,-0.8492697210806425,-0.4933146803127039,-0.3464319058163965,0
2022-11-17,-0.6942549699148926,0.519282226081171,-0.9180261130082308,0.1530955983705425,1.0319171767880326,0.1431561831474513,-0.1061483173330558,0
2022-11-18,-0.4179525005480051,-0.2557920566253813,0.0783809505022725,0.067944370389975,-0.1372517817676812,-0.0214774503575788,-0.1077528042203447,0
2022-11-21,-1.4861068759437042,-0.7266994697378002,-0.8532687923670083,0.2904227471995386,0.7246070729407307,-0.5785330923618489,0.0184777109126799,0
2022-11-22,-0.4417538060177757,-0.048765612906891,-0.0375910367657672,0.0364891079343833,0.0475485548124181,-0.1206586904817206,0.3528829343735553,0
2022-11-23,-0.0299025351773436,0.5651340566642385,-0.6351416728196598,0.0080360634377797,0.6586408809624876,0.983984196145932,-0.0811147688891347,0
2022-11-24,-0.3172692044620681,0.4426623918965907,-0.1482978890563646,0.039779449885044,0.3286652804910359,-0.1556206096325743,-0.1637825606016134,0
2022-11-25,0.8258730131367461,-0.3477908334521581,1.1801731087745349,-0.1504361203482134,-1.2734235079852028,-0.0273839764599304,0.138782462954692,3
2022-11-28,-1.0930459107995294,-0.8520427686431236,0.5804035272561503,0.0951018941996856,-0.6088461596607945,-1.48081973147202,-0.0551730983817654,0
2022-11-29,2.95565471920991,-0.6901321148338613,1.091300278767772,-0.1280865663951018,-1.426066130824172,0.3913839913703874,0.6944210570981799,1
2022-11-30,-0.2356262081897464,-0.2550307789783517,-0.2805404687148013,0.0941942225857919,0.1758312760682725,0.0887960509556813,0.1575994970260237,0
2022-12-01,0.7105915681882815,0.6460624783644334,-0.3822806547766404,0.0495086399130881,0.506957676455565,0.3539263287733193,0.3762822447493621,0
2022-12-02,0.0138536843885762,0.994455064461746,0.2344235511348073,-0.0709864755832592,0.0520031540387738,0.2895056665164471,-0.418238416552818,0
2022-12-05,0.7724825999483765,-1.408688257841452,-0.3319055382111111,0.186174461636139,-0.1724547507828061,0.2205491709171891,0.8604628159244091,3
2022-12-06,-0.005473268167606,-1.5307180073223612,0.3893149423706971,0.1146032868271682,-0.8042423881497939,-0.5993975067694522,0.4438729380545289,0
2022-12-07,-0.8610401971408769,-0.5866856211638817,-0.5100615498769164,0.2108065052838515,0.3652814428690444,-0.4623042180316385,0.2273201614591288,0
2022-12-08,0.5301858125347613,0.937368632825634,0.1355466985097343,-0.164166832290699,-0.0139476372372405,1.0238768847232451,-0.316887898822722,0
2022-12-09,1.1376801349174328,0.1337873874299393,0.6894737106316722,-0.0761690425576882,-0.686921469010814,0.1642399235843206,0.1873794572514676,3
2022-12-12,-1.0115826606814806,-0.5094731302094179,0.1186801827719804,0.0572844766816491,-0.2226387649466701,-0.3955527241312103,-0.2918370011811442,0
2022-12-13,0.3860176809313775,0.3042504088783593,0.7872574291114299,-0.1700174840336841,-0.7462744219229233,0.1593686539043949,-0.2131335797358293,0
2022-12-14,0.0812115892388841,1.7331301104656056,-0.6556813127204741,0.0060218212011314,1.1269602850299514,0.5252067835729175,0.2084727371359233,0
2022-12-15,0.0871745265419336,-0.7980031170750712,-0.0604290927249657,-0.0301303213697541,-0.3708557869001893,1.09650979259328,-0.3787545694815711,3
2022-12-16,-0.4042490573603467,-0.366680493813291,-0.1791068994963097,0.1654208862306667,0.0043989922181361,-0.1775175274179765,0.2795547679610378,0
2022-12-19,-2.191387464398718,0.5948519653379579,-0.6442342583148783,0.1570331732572817,0.99163835628686,-0.7313494547717762,0.2168765142761942,1
2022-12-20,-0.917670466744816,0.1143612550099343,0.446005910458159,-0.097650947280907,-0.3921058147042433,0.0132380443458263,-0.69629609492948,0
2022-12-21,0.7839678611465768,1.3803295770127446,0.7436675551300281,-0.2503484378824578,-0.358718393454759,0.4002164335143858,-0.18993278658657,0
2022-12-22,-0.6470689976260725,-0.0734904680761373,-0.3599110078298434,0.1220384916693976,0.381112644848724,-0.132945051883494,0.5346187862495947,0
2022-12-23,-0.4679808862447242,0.1755110723843348,-0.5878301866655892,0.1396035723389746,0.5962575920385346,0.5257889568002131,-0.0452929134225526,0
2022-12-26,1.0469928647835052,-0.2283040642817063,0.3369340875469089,-0.0732028832231644,-0.5338859540082163,0.7474808937639655,-0.4872590601223478,3
2022-12-27,1.5629426487721787,-0.0355503229338463,0.7796457748694067,-0.1430872576587811,-0.8712000287321962,0.4477615112038174,0.0935991747329712,3
2022-12-28,-0.5534206345392412,0.0564896625624381,-0.030656089877598,0.0806186195847792,0.1305241034583802,-0.4262974245721366,0.0475767652338013,0
2022-12-29,-0.4217759210358623,-0.2057257724512494,-3.833102153818828,-9.121083640363898,0.1306307518620952,-0.5342160948987406,-0.2095319088651052,0
2022-12-30,0.8102070879469263,0.8833559611195467,0.5403280043493498,-0.031044508303334,-0.2388003965938465,0.124334348862458,-0.0185979080020613,0
2023-01-03,0.3638742025910904,0.2301900338073653,-0.3260192153832209,0.1588886783007195,0.4622091559205037,-0.3705333230661192,0.0038310246578997,0
2023-01-04,-0.8062204053455756,-0.0208951202249904,-0.7026332612544792,0.2861665078327453,0.8644598203348026,-0.9141856941032244,0.5807225126119109,0
2023-01-05,0.585769487732343,-1.2665292538496191,-0.249225540161361,0.2947692564649938,-0.0183910516406817,-0.8310842199173496,1.1160810650251665,3
2023-01-06,0.3878925292794278,-0.9233251155200324,0.3917164837877078,0.016780184060419,-0.7490023180256519,0.5779176556720467,-0.0959231148814592,3
2023-01-09,0.5810072191964576,0.4747360239004172,0.2804316630432246,0.0623330782073091,0.0063649626800366,-0.8094577265161049,0.4849649793978565,0
2023-01-10,0.3171762571436323,-0.5935904706677562,0.8730849226194257,-0.0286405215351175,-0.9507906721170204,-0.7353101433057634,0.0699010499535241,3
2023-01-11,0.1586963860747692,0.6676962418814344,0.1484372238558833,-0.1127328542068198,-0.0378065770852868,0.662445900066882,-0.2114519682156194,0
2023-01-12,0.1315079346360783,0.0309432221254482,-0.1256703418176019,0.0159286459524246,0.0684852081109503,0.4376409497270218,-0.0133286545537682,0
2023-01-13,0.8377575912149676,5.61058628323446,-14.36404148464458,5.921078307455365,-16.690206483698134,-1.2055184011289988,0.5389490571281917,1
2023-01-16,0.1628022827370226,-0.4430184714033414,0.6332663255770005,0.1114812538836508,-0.5386449706732291,-1.5608614633834232,0.0759442111719365,0
2023-01-17,0.1315176277349705,0.4480141470861914,-0.0567826759661112,-0.0058413132636025,0.1556485454052208,0.2719694338326102,-0.1247350969950848,0
2023-01-18,0.5652704691922681,0.5326403450769597,0.2442534979370896,-0.1427344571028939,-0.2250868810846262,0.9247043715678162,-0.5515184789016542,0
2023-01-19,0.4077196430669779,0.0073683728600225,-0.1273740522618008,0.1044019861189456,0.1584398868129328,-0.2145227836086935,0.1986877030276053,0
2023-01-20,1.1545400450258057,0.8867805913513432,0.5545399554038719,0.1238948164391042,-0.2291236966603312,0.2842837426559014,-0.1138665487841129,0
2023-01-30,-0.0489828389864737,0.0489005670359575,-0.5871419374920978,0.165978115833192,0.6175575124414423,-0.0133368450322428,0.2616961415157248,0
2023-01-31,-1.2426986052599034,-0.8615115651383534,-0.7678299810363376,0.1965000769983573,0.457482770114346,0.295553834710379,-0.4375942884402862,0
2023-02-01,0.999244439333841,0.377984189936747,0.3175955522084653,0.0382153592474335,-0.1274206612309575,-0.5006727430238123,0.2319813041377366,0
2023-02-02,-0.8875861414735978,0.3537957000453658,-0.3475218539323498,0.2470633399530373,0.7154084349397604,-1.5147391853962449,0.3911063613205101,0
2023-02-03,-0.7447792194396978,-1.1005407463386268,-0.185491455844229,0.0542332722675527,-0.2995246235181643,1.0793571245438094,-0.6369692524285558,0
2023-02-06,-1.396412982443596,-1.5000866096907264,-0.130636802347575,0.1089014390109659,-0.3366754906091342,0.0713778475769242,-0.441201366733537,0
2023-02-07,-0.0597106325030898,-0.2968802466582689,-0.2277336633888463,0.0863028985203054,0.1172787595223187,0.1195641466159764,0.0657221894422887,0
2023-02-08,-0.0386888411943233,0.4012788018840484,0.3449875796133845,-0.1245822299358892,-0.2765916362595041,0.4781244243532283,-0.2658814050157647,0
2023-02-09,0.9616231837140268,0.0893532695660116,-0.2555928362110629,0.1131293007385056,0.2758740523990666,-0.0082083345328422,0.3878908401610953,3
2023-02-10,-0.7307730584523258,-0.599381943041139,-0.111164036643573,0.1437351311377623,-0.0292471153584362,-0.0892700343794339,-0.1268052614892056,0
2023-02-13,0.1679698663888874,-0.2246168950907213,-0.3543306413699443,0.2159553844590668,0.3945702130045412,-0.6725414856846313,0.5847408713124319,0
2023-02-14,0.3555779809465043,0.0956581459280115,0.1065224920382388,-0.0649989207126705,-0.1726330133198452,0.6509496851762608,-0.2734821205510508,0
2023-02-15,-0.4986293875531118,-0.2676139455924862,-0.0089392917835863,0.055967286068734,-0.0472108233321543,-0.1106038632213851,-0.1567669121785508,0
2023-02-16,-0.2276197742128762,0.5360929835316334,0.3443388695872177,-0.1996547236041253,-0.3041508818974707,0.9813278680947456,-0.3956937261696107,0
2023-02-17,-0.8392914405654662,-0.0155128159827496,0.3340244063066567,-0.0292444628736551,-0.3194631429520838,0.1361262520544976,-0.6350178841804113,0
2023-02-20,1.827765938293497,-0.2592341918617092,0.2430387938449202,0.093652706076449,-0.2862062175448333,-0.3915133023303225,0.8623084739270341,3
2023-02-21,0.5582905749310718,-0.2128318120210504,0.181416362317119,-0.0449237476310316,-0.3503302331678401,0.5709104149234665,-0.247481386761136,3
2023-02-22,-0.5597258620297311,0.5086395685221888,0.0484031749850626,0.0198833375783822,0.1836962315760812,-0.391841684018199,-0.3195655190035676,0
2023-02-23,-0.285572732098041,-0.4925984676607727,0.0098683788316013,0.0666677199821335,-0.146827527925306,-0.0689633329643066,0.0682334243132799,0
2023-02-24,-0.3214202717973519,0.5318779510000178,0.3261108259738461,-0.0339865737156214,-0.1495392536758696,0.1792781550561515,-0.5954463941844432,0
2023-02-27,-0.9547988543248486,-0.6184951944606117,-0.2674483313875537,0.1755167581352045,0.1795941456604945,-0.5638391498429726,0.2224737033469309,0
2023-02-28,0.4181406618972837,-0.1983442260833844,-0.1672726885041376,0.0916896158754142,0.0845483831192419,0.0816511409742728,0.1387473763655091,3
2023-03-01,1.331406806340624,0.5410161518595039,0.1860175939778489,-0.0433487652225006,-0.0783813650966528,0.3596093458645402,0.3541458570359804,0
2023-03-02,-0.1788962444909269,-0.3754401551438471,0.3137527772429588,0.0071308244132519,-0.3973027485880295,-0.1774672652941816,-0.027323284558354,0
2023-03-03,0.3982694697206483,0.6230520321196114,0.0421263094305126,0.0166648711443133,0.1391893818065478,0.2069800248786216,0.037408787596745,0
2023-03-06,-0.5753789328286487,0.9273620847072612,-0.3465080260379885,0.1200020054340286,0.7644431179536837,-0.6772127841690507,0.0007015542291396,0
2023-03-07,-0.8460000918644167,0.4263121958227741,0.3369638002048972,-0.1768787339460842,-0.2835267416914928,0.6704100274308179,-0.6050347816131052,0
2023-03-08,-0.8093219428470305,-1.3892141260641493,-0.4326723606537913,0.2089567603537164,0.011960805706,-0.0626475388908068,-0.072437916068198,0
2023-03-09,-0.3187631969588231,0.0836159163220047,-0.0430443816461399,0.0319337717550705,0.0781080676090836,0.0074683380157324,-0.0984425500210676,0
2023-03-10,-1.287548747699608,0.3795457719821281,0.0913453068252913,0.0883212255885361,0.1901794682214735,-0.7324246477354194,-0.1028532278944105,3
2023-03-13,1.1181480828436443,0.7422871713319104,0.3672618787703304,-0.0395667147952373,-0.1116212641101143,-0.1249512580940794,0.294569846031664,0
2023-03-14,-0.8681849267953999,0.8072135107281831,0.0854952895405358,0.1060341596336874,0.4159621745660665,-1.4017951697941973,0.3632852954940644,0
2023-03-15,-0.0226233819767269,-0.3892864240631006,-0.0319167397003544,0.1005495590659796,-0.0522715476236623,-0.2514397788513393,-0.0104764476254738,0
2023-03-16,-2.044767974294747,0.2008359668417587,-0.4928564349596173,0.2786635563323952,0.8751315509418323,-1.8255343946180127,0.484018190566714,3
2023-03-17,0.8467796727564257,0.5757790143485247,0.2841124462030683,-0.0120054587286333,-0.1223539475623897,0.2337264186712819,-0.0857052355633935,0
2023-03-20,-0.5031633593498781,3.061355299153979,0.2618236059493042,0.1111713658804694,1.1889606248905702,-2.8554510396998136,0.6365387372740264,1
2023-03-21,0.5924387996693511,-1.948732597285914,-0.2736536639127211,0.1399406351508523,-0.4928053040564321,0.8668576089923475,0.0942075810898371,1
2023-03-22,0.1472396961524213,-1.5570510948721945,-0.3023557178022891,0.0867383505910339,-0.3627025268620128,1.047058845732365,-0.1429171363777726,3
2023-03-23,0.4150620913138366,0.3246420319661103,-0.0257041251421633,0.1457732286624803,0.2817210109236068,-0.9899063012148964,0.6903380688292368,0
2023-03-24,0.5583585173787508,0.4942714508542226,0.7191425833869616,-0.1193425407068861,-0.5999155223833282,0.3904438244693917,-0.48114314480813,0
2023-03-27,-0.5895824527931984,-0.3422145470678573,-0.5803234258623926,0.1246358886343562,0.3431522088438348,0.3655991024770542,-0.1549131219130892,0
2023-03-28,-0.0106686375869559,-0.0900027649632245,0.2583394204283267,-0.0813833685570952,-0.3735158658937604,0.6087350356694277,-0.2885769415859438,0
2023-03-29,0.2076730014690773,0.3727061471923625,0.1458390754710148,-0.0311031273717642,-0.0511679006755003,0.1961291826218933,0.0651722366551771,0
2023-03-30,0.604786321963352,-0.0592615980289267,0.041583825532561,0.0307191066787819,-0.0877161223742424,0.158253975236541,0.2508966135192396,3
2023-03-31,0.4233502247901275,0.8188909207909092,-0.0912328190708592,0.1277863465270513,0.413444457625511,-0.216627332762155,0.0153024175037001,0
2023-04-03,0.7372392842705652,-1.1796761201676922,-0.2001355781746792,0.0951188995539507,-0.3152854285260125,0.8739701629350151,0.0009880539163886,3
2023-04-04,0.2228450499033747,0.685801967321706,0.2051194397734521,0.0607622590480153,0.1147124273540389,-0.5067248153949591,0.28352779455687,0
2023-04-06,-0.0702156532435991,1.0930924572445948,0.3123837484862196,0.064490811341889,0.2623560626983799,-1.3731076468278616,0.2421091486772009,0
2023-04-07,0.6031111278407322,0.0893038127764865,-0.2352114487450904,0.0836449027301906,0.1744907876489841,0.6624169686563308,-0.015546626013425,0
2023-04-10,-1.0808794097113352,-1.0118718202281216,-0.3755467607119932,0.1642601229282981,0.087590995410659,-0.0866050857206851,0.1603517588049402,0
2023-04-11,0.2138228300420677,0.7254017249185425,0.0043124254587552,-0.0350007467839163,0.1812487586425274,0.3202205885861712,-0.2252918566569937,0
2023-04-12,-0.0805171912135016,0.5300001300555554,-0.0776304902628917,0.0831033369921111,0.336779725659826,-0.5359738506201168,0.0617799442965554,0
2023-04-13,-0.5356626416109066,-0.0654919171709703,0.268235423043734,0.0017965884679813,-0.2267550516668812,-0.3027583906614248,-0.1488456247513358,0
2023-04-14,0.5768099788952934,0.2561598210589915,0.1644004813438039,0.0561116573573512,-0.0696034737187201,0.035425938752287,0.1361656853353678,0
2023-04-17,0.9405357090473924,-0.8348142481553726,-0.0519681485006182,0.0199599826980757,-0.3641280951507391,0.919955618370836,0.3404618141284071,3
2023-04-18,0.0301614089158092,-0.2416228141620477,-0.2231900103529021,0.0448861093427166,0.072715181069587,0.4935895590401284,0.1059566454990397,0
2023-04-19,-0.7224834600793795,-0.0488275736340181,0.0434847636962758,0.0236598679736705,-0.0265461380817137,-0.111908095785932,-0.2858347022655204,0
2023-04-20,-0.6550844077532708,-0.273441847409778,-0.1938373219821768,0.158623571905589,0.2293852971610507,-0.7144912925201932,0.1843334890330376,0
2023-04-21,-2.365145419257328,-0.5811357591285595,-0.1194771520410728,0.1662966368250302,0.0949009456264077,-0.6027821105063611,-0.0566844384798479,1
2023-04-24,-1.3407107696209233,-0.3140645068726184,-0.2462186231233003,0.1241105952710724,0.2347159787594457,-0.4192717594561114,-0.2419277497362461,0
2023-04-25,-0.2823647018788002,0.9392520624403162,0.4754568490814314,-0.1202892733716585,-0.1315566649890489,-0.1677332967945663,0.0498403512999983,0
2023-04-26,-0.247940442797412,0.0703656095852136,-0.3662344070509437,0.1219002397578396,0.4154052361450912,-0.156953516908578,0.0142458955524149,0
2023-04-27,-0.5336181169715434,-0.1685115673666066,-1.0019637251927078,0.3382396959310741,1.0644011686180852,-0.687251433243734,0.8079717224883427,0
2023-04-28,0.6650517677614538,-0.6844855445184934,-0.429307688429878,0.2771314310817831,0.1515040539121135,0.6826957869086073,0.0822832439375523,3
2023-05-04,-0.3900339029517045,1.5225275536005811,-0.2712482028054539,0.2088907590141267,1.068376346697098,-1.855397474899133,0.567459135855182,0
2023-05-05,-0.448320974642085,0.9723612926537768,-0.3323263700226622,0.050171003268141,0.6260619519614892,0.3647821972387437,0.0311698079289717,0
2023-05-08,1.4677345280128575,-0.6101597743267243,0.3289304950651351,-0.146781624158513,-0.7901122881475581,1.6255311327402804,-0.2316408195261076,3
2023-05-09,-1.1419259526170846,0.0007795108250958,-0.157496597272722,0.1054903836835685,0.2664944657442964,-0.5635794970869599,0.0843254604647181,0
2023-05-10,-0.5089746175402067,0.8123459125031229,-0.3946301691812717,0.0227140015400589,0.615182091077293,0.3156195978510162,-0.384166249265084,0
2023-05-11,-1.2550984589361929,-0.2560240214718894,-0.9864372759919376,0.3341313967427688,1.0499418522665025,-0.8104265187745917,0.5425673855013037,0
2023-05-12,-1.52674866573929,-0.6997767969217031,-0.2236455005722604,0.1825789637410819,0.09494958197028,-0.300943317606645,-0.2089291358121173,0
2023-05-15,1.620656829092841,0.2766358141504829,0.4049019439001959,-0.0622252917957573,-0.3812934953842659,0.3251701448753636,0.2790357864126044,3
2023-05-16,-0.6278590063239172,-0.3447426363298064,0.0293020933582303,0.0377571439421204,-0.1211579936856451,-0.0303969625934345,-0.026793776644314,0
2023-05-17,0.121629473421648,-0.323327032151665,0.3877208988394741,-0.0766394712358858,-0.561740325548228,0.4502202545591383,-0.511021301323076,0
2023-05-18,0.1742176647671491,0.0117950375394185,0.1031134025060349,-0.036894658840059,-0.1701862365501027,0.4289184205615313,-0.2505638838632499,0
2023-05-19,-0.6362981043994204,-0.2292728292903169,-0.5941689090771152,0.1917039320042416,0.509410524026465,0.2431288921590035,-0.0135280015599816,0
2023-05-22,-0.8345619184621902,0.0081144015511853,-1.153707990629296,0.3854349361660559,1.3166116331909474,-0.9235175841345938,0.9353491803258772,0
2023-05-23,-1.2173079351821028,-0.0038463368289455,-0.3849672495394862,0.0144199842693763,0.3040453155245375,0.6287777946308728,-0.5515051315953077,0
2023-05-24,-1.0549654201851195,0.2708639237029814,0.351555173267126,0.0206444484574234,-0.0948261869852707,-0.971950898137792,-0.2720759994259736,0
2023-05-25,-0.4681064777204296,-0.4204092413295647,-0.1270447514880029,0.0888183801860235,0.0129078836349551,-0.078806671129073,0.0481852929861248,0
2023-05-26,0.6205054070012088,-0.5868248177468657,0.5177508313565493,-0.021353128559411,-0.7707440083340699,0.5049544911954509,-0.4576406496436714,3
2023-05-29,-0.1775776330600973,0.3175775779650711,-0.2151665834631405,-0.0147870957541159,0.2172981059129219,0.6879082399324586,-0.3648130678035474,0
2023-05-30,-0.3571668933419726,-0.5642410572280643,-0.3938004405104426,0.2105899065639819,0.2914855421582151,-0.4830030594760106,0.1723583668081089,0
2023-05-31,-1.0363549061314723,1.0570716213668905,-0.3205774367833938,0.1569938023377231,0.8694927568256423,-1.2664705178234728,0.020427534896483,0
2023-06-01,0.8071853406998443,0.8560836359677942,-0.0626176107411977,-0.159114110560351,0.0879860137920841,1.5619883904366798,-0.3968567390900525,0
2023-06-02,1.6209108961859413,0.1584397990827503,0.7077619018183615,-0.0445095094631115,-0.6769570432609987,0.1628316221236515,0.275058592409246,3
2023-06-05,-0.357280675643215,-0.7731029226005269,-0.1925013987725605,0.0236087416132071,-0.1822737626191942,0.8699485817411428,-0.4126047876788741,0
2023-06-06,-0.8059944849678846,0.9570717928744482,0.1302989797959536,-0.0963112072438335,0.1826249746241014,0.0919451852846534,-0.0552829411042155,0
2023-06-07,-0.2960678169793435,0.0386175320971441,0.0134333723177733,0.0330324266440228,0.016772225438262,-0.071517846192667,-0.2192762585113814,0
2023-06-08,0.6512352426914617,-0.2822280114669835,0.2068511602971912,-0.0558618842016259,-0.4067449459108464,0.6953260688392985,0.2162432629037694,3
2023-06-09,0.8031876676878741,1.135715993684333,-0.1132155213073258,0.0110589154646132,0.4169181429052093,0.4298303362934791,-0.1364369081336605,0
2023-06-12,-0.5428632447196248,-0.5694528370110803,-0.3304371292818536,0.2557658626796548,0.3210906433533211,-1.0384966059256735,0.4929830531688007,0
2023-06-13,0.576895871513434,1.0546729678002054,-0.4404635288733903,-0.0165941285603149,0.6382063994889693,0.8599968251525115,0.0061783353461604,0
2023-06-14,0.5060766800493538,-0.0986025854718969,0.0908287586497581,-0.1224847644649153,-0.3311925338821027,1.3083228160166185,-0.4001822659964953,0
2023-06-15,1.0611113924819993,-1.6201776403084525,0.3982882391699673,0.0841561073644085,-0.9260000529029896,-0.0090084085563823,0.542357705723922,1
2023-06-16,1.6522135540270757,0.7132491112272018,0.9378269007246982,-0.1327103766559698,-0.7334449085619983,0.1393289712013758,-0.0294598157554965,0
2023-06-19,-0.4043630652621464,-0.8013383549921111,0.8718515374765069,-0.007353635971091,-0.9668360697104752,-1.022549823386112,-0.1449106790587757,0
2023-06-20,-0.0758757630508658,0.5712910600703065,-0.2978881622362003,0.0077332796536724,0.4095217475135645,0.4424409459240511,-0.142424639640607,0
2023-06-21,-1.3674855121444596,0.1018199080883919,0.0617320341702709,0.0493961869415497,-0.080041065185404,0.3577351799962023,-0.2714320825033341,3
2023-06-26,-1.5928396676572114,-0.145197170349949,-0.1579624105775297,0.064873344890578,0.1851509945156056,-0.2617920995521164,-0.0966297177474985,3
2023-06-27,1.0335832531815206,-0.101470252450468,0.1805706913290075,-0.0017016052022252,-0.2763101190644937,0.31008165884396,0.0869914050121976,3
2023-06-28,-0.4059750695236889,-0.4388781045990211,-0.4677819468624158,0.1261610375182389,0.282596415340779,0.3277025691865791,0.0337636551781184,0
2023-06-29,-0.1973366315912454,0.2232593332351217,-0.0327067393491206,0.0104870641072429,0.0813855725587423,0.1810446502014678,-0.298231027228376,0
2023-06-30,0.47713930880927,0.8301309315002251,-0.7540508006895539,0.1669845612683442,0.9426387901419588,0.6085884133885607,0.0399300170319141,0
2023-07-03,1.3753232541176412,0.2995722093336429,0.3071483462999898,-0.0524742808205357,-0.2988083372107506,0.5484234481480075,0.2151648237869389,3
2023-07-04,-0.0309234883788133,-0.1924829805276917,0.0069720589785117,0.0874249293184849,-0.0110486078941147,-0.3345795706783077,0.1451851094703075,0
2023-07-05,-0.5124071769324647,0.2753119168074273,0.0656455242374987,-0.0047412319765563,0.0363356499223863,0.0070658578095478,-0.2406471843069049,0
2023-07-06,-0.0478248179928396,0.3418916866135469,0.2848770899744791,-0.1366598892221716,-0.2754464879383281,0.6840358190605274,-0.500952277844016,0
2023-07-07,-0.7219806106161957,-0.2967444870258606,-0.1928563942533584,0.1675200658612945,0.1801226021169908,-0.3048180725351362,0.067963058422827,0
2023-07-10,0.3782366696332394,0.0857007386674802,0.1176246784419109,0.0421143199152141,-0.0558447865654871,-0.2136969111357275,0.191396871975961,0
2023-07-11,0.8172374787059099,0.1069483486193411,-0.0874016437015536,-0.0346133987548712,-0.0237360187203747,0.8738563992895251,-0.132133977393163,3
2023-07-12,-0.0596623397670172,0.4878084004302771,0.5323379643131674,-0.1664684453350831,-0.4286056459988874,0.4209340247759325,-0.26929149599707,0
2023-07-13,1.4105792057073676,0.3804888971582849,0.2512574825402907,0.0378801706821549,-0.0865948153827625,-0.3816115983751353,0.5016624848894237,3
2023-07-14,0.2647713968845781,-0.1879863078573501,0.1316378534579498,-0.0321652070663943,-0.3142021988506783,0.9001540384424338,-0.232101055742844,0
2023-07-17,-1.151213190729811,0.0557632509822323,-0.4959571624474867,0.2103607977964119,0.6696320394925923,-0.8807525592433865,0.1554059694815571,0
2023-07-18,0.2058429196952159,0.8712613600964669,0.142569153243949,-0.0957951490768,0.0743376099458784,0.4329243618273721,-0.2791927532498534,0
2023-07-19,0.4067825997214809,1.2283950501775662,0.5383470272511939,-0.1091183724442756,-0.0806931807537102,-0.398174141742913,-0.0429825517903312,0
2023-07-20,-0.236157761242941,0.2271542545822303,0.2806478422808818,-0.1560147757799098,-0.3311726274996344,0.8598094925904068,-0.4150325268248685,0
2023-07-21,-0.2363762436732164,-0.37824839391396,-0.3924501535616336,0.1294107658193927,0.2178293781573617,0.5088781323424236,-0.0311504465967381,0
2023-07-24,-0.579384695645635,-0.072467280592808,-0.1843230059316324,0.1031603291467081,0.2216231764109668,-0.3052509485115683,-0.0246604846187584,0
2023-07-25,2.6139629250711494,-1.6746098979278914,1.2018615751106072,-0.0729670039087043,-1.8032221909925308,0.1629295756582356,0.7132720296335449,1
2023-07-26,0.1457856832253389,1.0839323008759287,-0.0858445773855326,-0.0768318291553633,0.3440672630288443,0.5758656794668929,-0.2309140019270661,0
2023-07-27,-0.4711948747258003,0.2737433418060833,-0.2861871733871082,0.0665427788532081,0.3896904849429526,-0.0294263304295092,0.2016298356763773,0
2023-07-28,1.2388867630939795,-1.3528666031467755,-0.1768662037105456,0.2626912376487436,-0.2506497228475893,0.0136483469578117,0.9264199092315842,3
2023-07-31,0.4111751797009508,-0.4431024316966956,0.1061378970572752,0.0743529091954405,-0.2270150349704637,-0.2062951728730703,0.1388339800439386,3
2023-08-01,0.3236794348599974,0.5993770552457981,0.320558078955118,-0.1139514254238983,-0.2106606043043812,0.5383576498564845,-0.5330068531759027,0
2023-08-02,-0.5791100613610025,0.1166744717642183,-0.052138181582041,0.0404976495700898,0.1171315606956835,-0.0794631531507595,-0.2166075931167528,0
2023-08-03,-0.952218853044466,-1.0672961086111004,-1.3629761925314356,0.4848991457496704,1.168806183447449,-0.8597183097598021,1.0359179035500323,0
2023-08-04,0.6366168163898294,0.0321837624115705,0.1419034526358836,-0.0025424058735446,-0.2101766868579471,0.6079414401824393,-0.1606323844826339,0
2023-08-07,-0.6276187328101039,0.1482985679777201,0.0924940966108837,0.0091622935706128,0.0050232055016006,-0.2224856812768044,-0.1728498246000145,0
2023-08-08,-0.6084416788013081,-0.2433065114474638,-0.1679531693187592,0.1101129046607199,0.1617153017047285,-0.3681873011717455,0.1586205944447599,0
2023-08-09,0.0775096983744238,0.3001312568309501,0.3741990970775583,-0.1250796767967525,-0.3460163564440325,0.5080977718919594,-0.2074343503862326,0
2023-08-10,-0.0049542832573177,-0.5218800615145345,-0.0282004401365896,0.0713413728808921,-0.1352528132141451,0.000263040006536,0.0987400652750095,0
2023-08-11,-1.231303178887554,0.8716032565283397,0.5810105779911948,-0.1728225926818722,-0.2981407118865001,0.2873320103248017,-0.8951429670781827,0
2023-08-14,-0.8586208863409222,0.1562471024596276,-0.4851144562574482,0.1470095360369919,0.6032446835149186,-0.3425393489478434,-0.1492980953674332,0
2023-08-15,0.0975245786234304,1.0161865557416705,-0.2940007318715562,-0.1304587050508004,0.4092698631416102,1.3858314138148322,-0.3684849819262555,0
2023-08-16,-0.9747759950048732,0.0179857562700138,-0.1773199182671569,0.0979410582316044,0.2792039692314943,-0.4815027899724274,0.0519194348027837,0
2023-08-17,0.7991322432839958,0.0987505530071655,0.33980092411632,-0.0814941553433806,-0.3949608294158374,0.5151396948644635,-0.274266249922691,3
2023-08-18,-0.8512229373166071,0.2580214801951467,0.2505191730353164,-0.0728666753982784,-0.2042891102801073,0.4882777042754324,-0.405915714298994,0
2023-08-21,-0.3443620338424444,1.2433127146534575,0.3990040568310137,-0.2565594689720625,-0.1262666660489076,0.9124639824567332,-0.8636546841549018,0
2023-08-22,0.6848987396456108,-0.1948915839228563,0.1912510774196684,0.0112407019875856,-0.277805647200718,0.1337181527659858,0.1764003910249824,3
2023-08-23,-1.03746476619438,0.3519160322816992,0.55340129574078,-0.165445343922534,-0.4394308768212822,0.1541218605636795,-0.5093084371252965,0
2023-08-24,0.2928802000872866,0.0307129881340679,-0.1371527853650912,0.1050002492942995,0.1924463170143366,-0.3057012507365655,0.4038253680002174,0
2023-08-25,0.1629875838812733,0.014201569293919,0.8086755092782357,-0.1697490856433263,-0.8727525723592074,0.6258210327124397,-0.2125732038971389,0
2023-08-28,0.6099074011526758,-0.7402109504042026,0.0494818355872829,0.1691447629652539,-0.1923914587801461,-0.6915582756873143,0.5502523921211162,3
2023-08-29,0.8537582220456947,-0.4722457500811619,0.0121132862470652,0.1827248550583584,-0.0634927207194201,-0.793849764680757,0.1888687074736137,3
2023-08-30,0.5437958166127064,1.0760284933009705,0.0224029612654213,-0.1443391285320862,0.1566862017239276,0.9996092888581776,-0.4147221999829961,0
2023-08-31,-0.2245481301321968,0.5912058277398896,0.3055057593075354,-0.0808147758986206,-0.1068665364182143,-0.0076728183577647,-0.2278783214754074,0
2023-09-01,1.2578583576270597,-0.2480923324666188,1.0582191704060933,-0.1504093525799255,-1.2010461869464208,0.4696699558388429,-0.0941809204923304,3
2023-09-04,0.9888682581605504,-0.6416429141463204,0.3304598778263981,0.1557652158581249,-0.399997043873727,-1.0157580541613431,0.6842860481346246,3
2023-09-05,-0.4360615907395377,0.2794189186924344,0.1488101301003687,-0.0462194988252423,-0.0814932634143109,0.2152613353950683,-0.3007486938438173,0
2023-09-06,0.3881270831873758,-0.6491033289349822,0.8733333693175652,-0.1219270977644877,-1.1147188584129886,0.1546358580612476,-0.3639239708368226,3
2023-09-07,-1.300359029904719,-0.0117232664603472,0.1583005202611978,-0.0051000870039891,-0.1031434882044292,-0.3498495534105524,-0.2249892026982825,0
2023-09-08,-0.6728908386583511,0.2297959490527593,-0.1095648305622861,0.1953810598059075,0.3590933936661589,-1.0949122605949495,0.1161912551696508,0
2023-09-11,0.9358934631475254,0.2665147238543154,-0.0370740558322318,-0.0141325687616383,0.010830639952912,0.5172857612162036,-0.0974873761085039,0
2023-09-12,0.0555471569995845,0.5283961714119849,0.0040345695528481,-0.0354797775744189,0.1208228764045321,0.2888653367932043,-0.1846217856159284,0
2023-09-13,-0.7158310684980823,0.3628757393822123,-0.1507177914547757,0.0137362324584742,0.279649975277275,0.0486985509783802,-0.0427312713448516,0
2023-09-14,0.3855775088957664,1.1729688637243134,0.3593618795262504,-0.1233016463496886,0.0117723782796843,0.0781975391756341,-0.1263862413500238,0
2023-09-15,-0.0240343603331487,-1.0113665153289615,0.4965182620180888,-0.0562745220675538,-0.9153870480078736,0.7507729708805625,-0.6740980977456026,0
2023-09-18,0.2963356610372094,-0.7096480533739069,0.3821527826404693,0.060168048207878,-0.5386261620636402,-0.4556956271671211,0.2750355354315376,3
2023-09-19,-0.3858929032614527,-0.0199008613184136,0.259408231905515,0.0461111025967013,-0.1413704397323959,-0.7532622730445065,0.2488273521987405,0
2023-09-20,-0.2613417284739347,0.2681169413568723,0.135745025572631,-0.0321636077991325,-0.0573515666625173,0.1145544715485266,-0.093270650629379,0
2023-09-21,-1.4070257468816516,-0.1905418522213642,-0.4238195448892408,0.205947342141566,0.5298514533283162,-0.915545531444834,0.1553141443747731,3
2023-09-22,1.590128719245434,-0.3605872799914298,0.0950648655093123,0.0792301715742891,-0.296163557253975,0.555634903063639,0.3212742149057982,3
2023-09-25,-0.614360054293925,0.130650285263461,0.5159774115619616,0.0508688406702058,-0.2512470926643064,-1.3135798553982836,0.1301104848979729,0
2023-09-26,-0.835600831443182,-0.78842191236532,-0.025211706528849,0.1320033419972661,-0.1370453809216348,-0.5209284479799656,0.0095662886878349,0
2023-09-27,-0.0553929406777588,-1.8827204404288127,-0.6610986627124144,0.0919131729636904,-0.2352806505298148,1.8601206793117573,-0.408709473918341,1
2023-09-28,-0.4031170304904115,-2.140056141282284,-1.055053598990257,0.3513940736137681,-0.0028533210472986,3.181963003199041,-0.9002148809352005,1
2023-10-09,-1.9344523849763573,-2.555898525546308,-1.35896490729084,0.4776199887056607,0.6125014709670265,-0.2029710231950687,0.5949264184855314,1
2023-10-10,-0.5430059281473294,1.410668804850323,0.95999454355366,0.0591285181424689,-0.0442410471429201,-2.8470198197497534,0.4164600858066351,0
2023-10-11,0.5604965952790574,-0.4394245378109702,0.918615680470698,-0.0820622735645148,-1.0064624464803715,-0.3532630428907324,0.0559858699428497,3
2023-10-12,0.6306750960920562,0.1192466313071502,-0.2274127215964536,0.0813811352246142,0.2313291111672179,0.1548834190768214,0.2969562249427183,0
2023-10-13,-0.5522380095046571,1.091703202550049,-0.0172132965971738,-0.0228444689665875,0.3631414268943305,0.2108366135016139,-0.4465802533325781,0
2023-10-16,0.3111834796223464,1.8571519799120744,1.0041281131364774,-0.3235843648462868,-0.4312715293334928,0.2104140234917728,-0.6379256048837884,0
2023-10-17,0.0786820989836781,-0.1928528395168463,0.284509306170617,0.1025947823879,-0.1933233030273965,-0.9620020147381504,0.3741450880435407,0
2023-10-18,-0.3642740904726843,0.4974101109693779,0.8003362608509148,-0.1298926396382824,-0.5446272833460228,-0.5240782640819776,-0.0985092076150595,0
2023-10-19,-0.8280439671419522,0.4383379626665271,1.1702922800948627,-0.205990603246732,-0.9268260323315244,-0.5838531820662797,-0.9204944468681356,0
2023-10-20,-0.732155309220877,1.1684816310687602,-0.0876164408753923,0.102450718299792,0.6214626077888489,-0.8535675483377776,0.1474227216869108,0
2023-10-23,-1.5445458746987937,-0.2041003963289922,-0.2814055427785714,0.0213712076904182,0.194337735416608,0.3610273800604051,0.1103851877036737,3
2023-10-24,0.6268533901841954,0.004963028851822,0.1453242783692029,0.0245617107124385,-0.1536113532294016,-0.0398280182801757,-0.1394838369657506,0
2023-10-25,0.0653659198693938,0.0695576201596138,-0.9207922623238092,0.1264134937381013,0.7922312225999831,0.9238129815446188,0.0985059056913672,0
2023-10-26,0.4799445119233625,0.5104738829846378,0.2777223022655205,-0.0157622307281197,-0.0787543775204375,-0.2307139255073536,0.0287880763685031,0
2023-10-27,1.1783009187037885,0.1289609489639488,-0.1228198007076348,0.156529489898524,0.1745451332268714,-0.0424309649243473,0.2915813189583746,3
2023-10-30,0.6217572648331657,0.3123496627464426,-0.1538404309842002,0.0475087143208715,0.2181360893912688,0.2000253483120297,0.0062042330672475,0
2023-10-31,-0.82807010882296,-0.0764740148084523,-0.5532376622429701,0.1642385561075175,0.5820786496926982,-0.2856961587072369,0.1763122070721411,0
2023-11-01,-0.2342700118421452,-0.3899060678194369,-0.0158776104891787,0.0463992887363045,-0.1140406809481801,0.1012257466161534,0.0635436520851543,0
2023-11-02,-0.3420392035235882,0.7256308278891875,-0.1439635594103407,-0.0582412445034518,0.2997641413856838,0.5879470462841555,-0.1656265599092692,0
2023-11-03,1.0296694661079306,0.1281886848537538,0.2488033541146598,0.0198390712288844,-0.2521150968805604,0.3617053115133909,0.0021678699314232,3
2023-11-06,0.7648262244215943,-0.7222167023562214,-0.5071758537738374,0.195305848869783,0.2348911122677902,0.1733040338354281,0.3260403338526077,3
2023-11-07,-0.5922409040892835,-1.0831592939581192,-0.0704369552286979,0.141840948884196,-0.2188024887323858,-0.2983136832605173,-0.0459717515346466,0
2023-11-08,-0.2417092431453275,-0.0426844729849511,-0.2665777223156093,0.0325234179287391,0.1828499322417492,0.4643452651250906,-0.1859706311598516,0
2023-11-09,-0.3296275383304154,-0.6876921222642818,-0.1022828491235448,0.0933423752453951,-0.1064221483530388,0.0054876442608,0.1609821044688021,0
2023-11-10,-0.1168772857055286,0.7924455753730495,0.1865595086383695,-0.0566623600178685,0.0286432135151378,0.4290284245487916,-0.4862919127523414,0
2023-11-13,-0.2373165515780582,-0.1525029485332503,-0.3035051524569654,0.1085865949921307,0.26474551730663,-0.0379883500968026,-0.1545370857062023,0
2023-11-14,0.4521409474966908,0.2747247624980241,0.3861277738731122,-0.0433433759913856,-0.2858077186432465,-0.0786303100911304,-0.1565076997548819,0
2023-11-15,0.7485064802318866,0.2637604912858353,0.0452427663330778,-0.0171322006489373,-0.0260090986944869,0.3687591735457388,0.0655198292972081,0
2023-11-16,-0.7633609316258337,0.0188923159923577,0.0844407433037151,-0.0264079292877032,-0.0858337992378088,0.1739143965537186,-0.3031340066470682,0
2023-11-17,-0.6796064347271235,-0.4939671343554473,-0.2996902154380348,0.3019449995547275,0.3404819652945863,-1.0630918026342064,0.296252544703268,0
2023-11-20,0.4534073399092601,-0.885198142441635,0.0740985333548376,-0.040520528815096,-0.5296584102699313,1.0680198561498455,-0.3545432787965176,3
2023-11-21,-0.1680007079741227,-0.4120254274188762,0.2347949074482729,0.0670146947297769,-0.2729673377498224,-0.5222331698647431,0.3008270173105641,0
2023-11-22,-0.4468348346198171,-0.2520627151985727,0.7560320962141217,-0.1510257667129274,-0.850094957427928,0.1790443332631156,-0.4226232836639922,0
2023-11-23,-0.0508760899210741,-1.086144783240972,0.0237124391440951,0.2237610851711673,-0.2159497231831027,-1.0242084178652122,0.386146222086462,0
2023-11-24,-0.1751995494463037,0.210672078239781,0.5176708747851841,-0.0816374320383711,-0.4825721010192627,0.4038776917372655,-0.3392890949723039,0
2023-11-27,-0.2294363201224367,0.556096089111974,0.6197440331362335,-0.0280572333294239,-0.2803298380887139,-1.013707207591987,-0.1966971362263621,0
2023-11-28,-0.2019285734181874,0.304463148564247,-0.5533019170090503,0.1582553531509348,0.6834730147446799,-0.2275761412698087,0.1902855278666467,0
2023-11-29,-0.3922293370577537,0.618718900015977,0.3858607606258116,-0.0646676835518341,-0.1374379554589324,-0.2492737728017996,-0.2857526958781867,0
2023-11-30,0.3471216492195766,0.3762560908227896,-0.0373115828329797,-0.0590726973110548,0.040308105626449,0.7603131127740774,-0.0926476758389254,0
2023-12-01,-0.5090059694721879,-0.2320199217064733,-0.1993137178088062,0.2088282372449771,0.2348436573148376,-0.5122552054998596,-0.0574845350190056,0
2023-12-04,-0.5301523914039159,0.5235570963280481,0.4623412498621112,0.0812649431053807,-0.0275975003547507,-1.6036582516709614,0.1082303062252186,0
2023-12-05,-1.7349660453085871,-1.0687599797074885,-0.0554712658026213,-0.0042310935293682,-0.3613338851460032,0.6542917795839721,-0.6641314769509965,0
2023-12-06,0.3870518355596498,-0.1034221186971054,0.2460557477650406,-0.0211502183701409,-0.3148232694541519,0.1902008068673389,-0.1405125927965806,0
2023-12-07,-0.2367065041074654,0.4823670463260047,-0.365032697144853,0.0467574911384876,0.4753805797112951,0.2976952797172194,-0.1310531961902692,0
2023-12-08,0.6690751038584061,0.3182679175434687,0.1608830876753503,-0.0413686044715787,-0.1778968856899067,0.8491582000656435,-0.2422154810112035,0
2023-12-11,0.0047495160604691,-0.8201234202551632,-0.9554666745093237,0.226730619152787,0.5805415098128651,0.67463113297702,0.0199489407288511,0
2023-12-12,0.1995301968064105,-0.1709382251447822,-0.0503854421972861,-0.0110877931261061,-0.0944110431680418,0.5473845758964488,-0.0485560062776048,0
2023-12-13,-2.4426094664071285,-0.7170077971076101,-0.8923066035919769,0.3309478037245963,0.8535474470542231,-0.999227941889519,0.0169124809992226,1
2023-12-14,0.1751994986631375,1.8470980048263177,0.649016856666566,-0.1247891768086202,0.0793993073454465,-0.8185119018086712,-0.1251075374047127,0
2023-12-15,-0.3001223599936186,0.3845281354287182,-0.2922523048622246,0.0296973617024048,0.3167212638580054,0.8642805526831026,-0.1728892845920989,0
2023-12-18,-0.3841034809730902,0.2421375201556119,0.054907570295885,-0.0492777113823782,-0.0229301632761276,0.4289412812347421,-0.026184004520104,0
2023-12-19,0.020089671765342,-0.274180848186822,0.2263255710832267,0.0339381663959886,-0.2669142110464523,-0.2507084479652356,0.1479321262250394,0
2023-12-20,-0.2812598771372206,0.737419523639826,0.7337770656505991,-0.1908364204580405,-0.4959477473485003,0.1060477211237603,-0.4005825218896695,0
2023-12-21,0.5999333088518644,0.2424166747388321,-0.6109035255139786,0.068340866764616,0.5389871529046215,0.9082544900309428,0.2228583634930906,0
2023-12-22,0.1019456157792621,1.0752857022540985,-0.1860300593380461,0.0509619821303014,0.5141955434225217,0.3518185426002016,0.1483408210664857,0
2023-12-25,-0.4106209539138878,0.1314096846373206,-0.7853578603535514,0.2055225368746554,0.8488179781465471,-0.0615583247952672,0.3665275533599015,0
2023-12-26,-0.4463091641838352,0.6406215375603057,0.1111592506500004,-0.0648825509111942,0.0735825837754154,0.2787517690898285,-0.1878597153332968,0
2023-12-27,0.4376816592235568,0.796422433563931,-0.322321962646954,0.0110388210378493,0.4942735569591349,0.5584853719748893,-0.081292532474574,0
2023-12-28,1.4642399830090247,-1.3191626484478116,-3.2193551360721724,-9.329952229588898,-0.7591255140325632,-2.0667223241214985,1.0058707737429615,3
2023-12-29,-0.3617211941476591,-0.8718606924731258,-0.7508597387439417,0.4138053601479073,0.5698219746110817,-0.2615253796340169,0.3475384722252982,0
2024-01-02,-0.0168834575895417,0.8421162536468196,1.0593888809758405,-0.1963908347025121,-0.7290839944239932,-0.2287784050474452,-0.7852791492706451,0
2024-01-03,-0.465823023824064,-0.6462644253829715,-0.0964523801342756,0.1081314142820339,-0.0883525818037254,-0.0711750169075692,0.0027432787708062,0
2024-01-04,-0.7004126928888458,-0.0142911592547714,0.0553948260577062,-0.023354843566248,-0.0852086747336991,0.2922696741787978,-0.345418254366062,0
2024-01-05,-1.1394088575767551,0.0633676997678466,-0.4957280977363004,0.1699712676582178,0.5650552365931986,-0.014203379084492,0.2440697577005815,0
2024-01-08,-1.341887526011271,-0.314835759677278,0.3566289482759641,-0.0416049573046641,-0.3905041358163245,-0.1935996093689237,-0.0738798142660228,0
2024-01-09,-0.1900744040437584,-0.0929598943707359,-0.4284708390750786,0.140525119810488,0.4105355620555074,-0.0029528634590814,0.1584412360660002,0
2024-01-10,-0.3173014533198622,-0.3342663091228182,0.330755905828761,-0.0059854122422254,-0.4021170061243754,-0.153870843849752,-0.1372412861944532,0
2024-01-11,0.714290018501288,0.1522308495201946,-0.1658077708832142,0.0425952924833143,0.1419978341742082,0.3870616647448995,-0.1355904652829523,0
2024-01-12,-0.1833629850447091,-0.0851156995288336,0.4268206205276539,0.0432717346706453,-0.3687474124799957,-0.3526473450553724,-0.058700115965131,0
2024-01-15,-0.1806826199806707,0.4483463511667204,0.26645816556051,0.0490278018809991,0.0264150050433771,-0.8899447402879173,0.2381676241936144,0
2024-01-16,0.4641310796324777,-0.3154368165493465,0.2863295203658674,-0.0218601587022728,-0.4173645217880573,0.187655466365494,0.2141194702567539,3
2024-01-17,-2.1820595226601696,-0.575285553058639,-0.348202974428594,0.0027399475289096,0.0910684051937925,0.7110957745416785,-0.5594591518538699,1
2024-01-18,-0.0463283214000965,0.1237026430967258,0.1934247666114716,-0.0973941662443413,-0.2601858406338903,0.7092247608490941,-0.6649908853828959,0
2024-01-19,-0.0818888200055911,0.9889508440463248,0.112834040368966,-0.0015627186408914,0.2240216066836155,0.0955336269910001,0.0913341655858817,0
2024-01-22,-1.9944742131643247,0.3800052666272329,0.2371469602506021,-0.1873184554683704,-0.1620433407413331,0.670597749052038,0.244900796077636,3
2024-01-23,1.065395106415923,-0.0652090651087594,0.333837253433448,-0.0261991656468084,-0.4104410458156097,0.2413214056092113,-0.4403989901865771,3
2024-01-24,1.0105438712264208,0.0004830548476265,-0.4405153344298104,0.1058096049173443,0.3446189234182639,0.5175052673583492,0.2898875503356277,3
2024-01-25,1.1277355588183573,-0.2893302258001692,-1.3622944945378122,0.3175861039475512,1.1424791229485745,0.6317634891142804,0.4046271507328312,3
2024-01-26,-0.0338666452817679,0.6603318403733285,0.5391690225901506,-0.0420085863294208,-0.2563866237836856,-0.229664222262307,0.0491875237433019,0
2024-01-29,-0.9975723483435744,0.4893867723463138,-0.146642294197238,-0.0536272622351789,0.2521114208388412,0.5079415210561536,-0.0579458104131074,0
2024-01-30,-2.140840261158172,0.5939294064758988,-0.6235287380139002,0.0934505021893006,0.883279301556645,-0.1651553890319722,-0.0880879294965828,1
2024-01-31,-1.0750603140151478,-0.0464559208263465,0.4029678849717397,-0.073950083448734,-0.3693636910611529,-0.0520576514415247,0.134620366276829,0
2024-02-01,-0.2438718186065921,-0.3651363289539471,0.1357207988656552,0.0731953173278634,-0.1785130085868418,-0.3779411533757194,0.2575253167700431,0
2024-02-02,-1.5265907329703534,0.6938496020029805,0.087141800339025,0.061258310514278,0.2954039505221396,-0.6524116359982659,0.269715300812764,3
2024-02-05,-0.491955167463301,-0.83720311873764,-0.1885679648983129,0.0306313081368401,-0.156960276428359,0.6882891000155014,0.8004407140494874,0
2024-02-06,3.293808859865762,-1.6519153721291326,-0.1981879312764106,0.4406347539752729,-0.219270406578463,-1.205271022233091,0.2465654852245356,1
2024-02-07,1.3887166888073854,0.0831053346837968,-1.2952083609326352,0.4211579563722282,1.327475750848082,-0.3690580052439073,-0.7181042737469608,3
2024-02-08,1.0113049234244602,0.1139700040333468,0.4960995420908966,0.1892136678286134,-0.4289170565811413,0.4241425028581552,-0.1171923431097156,3
2024-02-19,0.4249283971434371,-0.2034475803203855,-0.2560961032928066,0.0677232447938454,0.136456972469507,0.4193758753622706,0.5750570067306596,3
2024-02-20,-0.3968467369748235,0.1308989388541729,-0.7036037499174403,0.1730657895848142,0.7532550621727339,0.015938967355384,0.2858011591049758,0
2024-02-21,0.7123806885093488,-0.0966765040736544,-0.0790395313768413,0.0460949980995838,0.003230513108371,0.2857299017001165,0.638904556826418,3
2024-02-22,0.540371891164692,0.3813548688033601,-0.6210951950530094,0.0796569705842219,0.6207059041693491,0.7496041124417182,0.149995262430833,0
2024-02-23,0.0471367873249067,-0.3497109722213316,-0.0907664831174005,0.1103830338786392,-0.0299860817718349,0.2145989969868613,-0.0858706496505904,0
2024-02-26,-1.137874402257293,0.3932632875867903,-0.4204996429098273,0.1767831106930006,0.7002340128838322,-0.8584804288891282,-0.139974950432582,0
2024-02-27,1.700470465810336,-0.0314989341289896,0.446118672519775,-0.0471597566370757,-0.5248269002243191,0.2855787318285047,-0.166213669598431,3
2024-02-28,-1.329821131331932,0.3014856204403329,-0.1540173335930781,-0.0588405498484409,0.1888554796026121,0.5867479873498895,-0.1817769006099428,3
2024-02-29,1.5072943282917433,-0.1645999547789809,-0.5151124944527978,0.2285520977224357,0.4576732419134489,-0.1395743104088114,0.3267340899877187,3
2024-03-01,0.7221891077409271,-0.4713941605474896,0.9633762093810456,0.07402286419448,-0.9310931638478662,-1.0389130395459598,0.289119378730881,3
2024-03-04,0.3993094491519076,1.3827408532815344,0.0759046274793299,-0.0538485659696557,0.3761991494327895,-0.0696652864285666,-0.0413720303584183,0
2024-03-05,0.1018407208617831,1.3219975443522851,-0.0698811670548288,0.0658697652306902,0.6296939777640863,-0.8213060630757189,0.7965618437316022,0
2024-03-06,-0.4729464591656,1.4315326705081286,-0.9338700286692594,0.0819707185752954,1.322351989701226,0.4585067608134174,-0.155624352681291,0
2024-03-07,0.0412106803179248,0.7761867657854192,1.1899296719524894,-0.2129968685719818,-0.8375583681324593,-0.5648917429971909,-0.0704305834643232,0
2024-03-08,0.8017501684983537,-0.0329535519376032,0.2693963720819468,0.0512278509153673,-0.2776412854262508,0.0152234167076929,-0.2050542336555512,3
2024-03-11,0.3432975654964053,-0.9232246412305192,-0.1717165803608149,0.332892446506374,0.1104611720626202,-1.5149384035145947,0.7745437746623218,3
2024-03-12,0.4154210647593427,-0.7870324190130897,0.8004326671325335,-0.0841588500009869,-1.0660389694070551,0.0889871467403498,0.010013583805774,3
2024-03-13,-0.6520550142222264,0.0310899203788201,-0.2741780349520315,0.0748251849627278,0.2782272359283374,0.0437804455702551,-0.2565468965163011,0
2024-03-14,-0.0450809395557664,0.1063326898370259,0.3041243526857413,-0.0538205778860776,-0.2880698652126066,0.1291477022629922,-0.1474839637692292,0
2024-03-15,0.4695680709003653,0.4829633176569343,-0.1331261535844384,0.0932673429104003,0.2806231098736631,0.1085627955497767,-0.200514329583483,0
2024-03-18,0.4536675408367471,-0.3263347556714762,-0.9795261164004296,0.1691093275718303,0.7070541948971084,0.9982171162756796,0.0454176098002601,3
2024-03-19,-0.2602673619093247,0.5779122488251477,0.2285869116709252,-0.1212699738696904,-0.1127002793194041,0.5240766982539184,-0.3668900207049448,0
2024-03-20,0.3341383270020259,-0.2072209417466045,0.4809851216766787,-6.544374815566224e-05,-0.4844752469347403,-0.3928750190714886,0.06293577458422,0
2024-03-21,0.3055495678196645,2.181458837389602,0.2805744132109146,-0.1142812507683037,0.4800195116381904,-0.3643240367064841,0.0597757001228322,1
2024-03-22,-1.2931949840633044,-0.9950814116696391,0.1107387549297692,0.1166042828411857,-0.3529905890617041,-0.1719576250948067,-0.0352831438249354,0
2024-03-25,-0.6822752453708197,-0.1729138635351962,0.389928752630302,-0.0480586504399172,-0.4017136069168672,-0.1627004695221435,0.1472579437945783,0
2024-03-26,-0.1636782784946878,-0.1685776693823616,-0.1450619647793071,0.1469365239762468,0.1921931025134241,-0.6061263382081734,0.5716965831871104,0
2024-03-27,-1.5778722657031348,0.9828716339721314,-0.3616632279599184,0.0359680836626906,0.7503051410072713,-0.2563828329382746,0.2195720544917158,1
2024-03-28,0.7180048846603608,0.1808981890313175,0.2483728561931874,0.0470364450718032,-0.1294012840985074,-0.4494576778200453,0.0076645008161563,0
2024-03-29,0.6090752582187959,1.555811474469675,-0.0908234211673781,0.1225560921371996,0.7214460092831771,-0.7717786267928544,0.1622505301087961,0
2024-04-01,1.834097480653366,0.5655108976244929,0.54093231696037,0.0335411624278235,-0.2703120078894445,-0.6732096868591398,0.3301331060139067,3
2024-04-02,-0.3559490737018884,0.3522440605780714,-0.2388974799431794,0.0118346816128859,0.3013470258314927,0.3899256013706702,-0.1860392629410321,0
2024-04-03,0.0260023828588404,0.9535683913147186,0.1209968472839513,0.0450077250506935,0.21676774329105,0.0956109404913597,-0.2234840888979257,0
2024-04-08,0.2768659082764755,3.6296080463062097,0.8345942442467786,-0.3231872756674954,0.4161296260905848,-0.4546137472724936,-0.2426799282081996,1
2024-04-09,0.4451718939872272,0.6505428659626366,-0.0658390746579773,-0.0443868856599687,0.1858019032116951,0.5409956493817273,-0.4432540459463787,0
2024-04-10,-0.4432214675392863,0.5376861461121134,0.4657764845636037,-0.1149645360872266,-0.2703431429919902,-0.0103429387760104,-0.1988828930548077,0
2024-04-11,-0.0429811524292171,-0.2807338652211885,-0.5322693869770083,0.0870300807228083,0.228472717300186,0.8072653771895012,-0.270970992913217,0
2024-04-12,0.035993691978284,2.664849325935569,0.4063922656504471,-0.1052607950249459,0.5740659083981609,-0.6036813768128224,-0.270945012993051,1
2024-04-15,0.9243846628876072,-1.847984186558302,-0.5104819336053991,0.2139768992591025,-0.1932276916982976,0.6961516693871894,0.7248522524537879,1
2024-04-16,-1.2733323024146286,0.5423437909698261,0.4475748642467506,-0.0741686681747421,-0.1450872569510299,-0.6036932989671637,0.2894132917083772,3
2024-04-17,1.5126206471464354,0.2181192167432862,-0.3449548658424177,0.1356169515122373,0.3768965733351112,0.0665223137067108,0.0844712318044986,3
2024-04-18,-0.0972127659591822,0.1727287974244985,-0.558227237238926,0.0834572961347278,0.5319899745606297,0.5536997794550537,-0.0321137218663553,0
2024-04-19,-0.2881879543118049,0.523143932448193,0.3770308861954522,-0.0477004564733721,-0.1823808658610314,0.0454378329084812,-0.3313046824954832,0
2024-04-22,-1.0233649474734716,-1.4226727256410363,-0.6746873483664707,0.1543165067094536,0.1188680744040983,0.7943068549972606,0.0583939892664706,0
2024-04-23,-1.4322058340889634,-1.825397396161823,-0.9331024503301932,0.1583735312950399,0.1667895113562365,1.3192444589220729,-0.182800643228254,1
2024-04-24,1.5154059380854603,0.3891837360314072,1.3328503740058484,-0.2212257467222624,-1.1971618465679068,-0.2038012640226769,-0.3327299079000934,3
2024-04-25,-0.2025021083748659,0.215528837356923,-0.5981186615752805,0.11454699858939,0.6157371769255243,0.316925386529385,0.1922631499714826,0
2024-04-26,2.0268442703647187,-0.2667866798579609,1.3265362669828769,-0.010078223889418,-1.2635479445141595,-1.0362376246489813,0.2347994127543102,3
2024-04-29,0.9222195197159968,-1.9920347336733104,0.6217461344970554,0.1414051755348694,-1.1658351056603151,-0.8526021543407218,0.2340187334857959,1
2024-04-30,-0.969471836302994,0.3133951440914521,-1.18384864210244,0.2399794869627989,1.1717573461052029,1.1086871232296756,-0.1112112593858996,0
2024-05-06,0.841580382814717,-0.223994999483186,-0.7522573195941225,0.1807548021106617,0.5893034221280855,0.5037692551096551,0.3611869941679908,3
2024-05-07,-0.1651980899356979,0.3684655753747998,-0.4042870923145125,0.0655918299390078,0.4964488250310845,0.233222717680087,0.0456340693786908,0
2024-05-08,-1.123284500809758,-0.6034573183739181,0.1637323624053109,0.0826143802762776,-0.2192981706489624,-0.7054824693858298,0.1566316073779463,0
2024-05-09,0.8927559987610573,-0.7395503920692251,0.1806331557081679,0.1161359525911701,-0.3788399797433184,-0.3559139614482086,0.1080883427602381,3
2024-05-10,0.4907739870923714,2.1265707329475103,0.6987098727005027,-0.0665720700803612,0.1721807125638325,-1.084482988438453,0.252462066802353,1
2024-05-13,-0.4072299470867998,-0.0044488406204073,-0.6755539345301439,0.0553177321101031,0.5322893921211218,0.9696702452542474,-0.0173554511997655,0
2024-05-14,-0.4682401133485683,-0.5360888500618116,-0.2466725693436074,0.1073918983051614,0.0844480209515887,0.0041655923229525,0.0078029019156432,0
2024-05-15,-0.4194005216725472,0.7184525935922558,0.5879739178475101,-0.0701752750048113,-0.2289216968844837,-0.7052644651055382,-0.0603894238018255,0
2024-05-16,0.7703369619104652,0.7673945502787124,0.7111970267808533,-0.1625734885869368,-0.4771147422364121,0.0566081139674432,0.0788244215770226,0
2024-05-17,0.969485469408018,0.7477838509705604,0.052955956260435,-0.0821729268277391,0.0272509684112804,1.0720759032777192,0.2441351549741441,0
2024-05-20,1.2676955142485462,2.2127311642380585,0.8162973498880135,-0.1988769219010123,-0.0408108716728154,-0.4806068806991131,-0.0931235631164446,1
2024-05-21,-0.5732416619599349,-0.8030157795267678,-0.0608035485817539,0.0276564643211242,-0.2547342100984611,0.4362310564412254,-0.0764455781514496,0
2024-05-22,0.23438294295806,0.1854423696019389,-0.0472479698837572,-0.0261699439558292,0.0248218299188509,0.5296223225051854,-0.0053645859062477,0
2024-05-23,-2.080571354963169,-1.9884954086964868,-0.774551131342889,0.1959873290729965,0.0682669569029026,0.6722895844060621,-0.0222885297947472,1
2024-05-24,-0.6940913363512792,-0.6970480733974994,0.2093863610228951,-0.0321511167834822,-0.5187740763330317,0.7474352964685996,-0.5896882716564006,0
2024-05-27,0.5969442874807095,-0.1822425580566513,-0.2351357887055897,0.1266266412151613,0.1775508813741826,-0.0509872689822218,0.2800774196328821,3
2024-05-28,-0.4629778206871199,0.5561232067792448,0.0831107116140104,-0.078530768210695,0.0522111365131674,0.3486611462982699,-0.2428324642143425,0
2024-05-29,0.6619339257158237,0.8491813370413098,0.2907040556059704,-0.1182804707290254,-0.0871968995428279,0.4211173818369272,-0.2392664369274293,0
2024-05-30,-1.1548549034038336,-1.157366610918915,-0.4541771204480624,0.2302531564111482,0.171927797236999,-0.4697321560634263,0.1345956979621348,0
2024-05-31,-0.4269272001232833,0.0651605474087016,0.0099406507872778,0.1331989326212219,0.1237843605403317,-0.560182530805851,-0.0188217493952172,0
2024-06-03,-1.1852735583741023,-1.1629291516047575,-0.9672594631934904,0.3352964451601148,0.6731463436255013,-0.3618926964619993,0.7187319959018112,0
2024-06-04,0.3407159629937378,0.1238443272986224,-0.1718773598603083,0.2079487664861684,0.3739880383459308,-1.0783088394245084,0.4463770377693322,0
2024-06-05,-1.1426853573215043,-0.4586904650883057,-0.5675704153584344,0.1299191532330877,0.4093029615040346,0.1971093669900507,0.1402664323608536,0
2024-06-06,0.6492332019239231,1.813178206434932,0.8656052514806171,-0.2438515245891233,-0.2553614902811293,-0.1540925148248254,-0.009103143365523,0
2024-06-07,-0.0908926047905544,0.2350317420511359,0.249217337572643,0.0012671311746315,-0.1774778006912106,0.2317745548203893,-0.2802943782575331,0
2024-06-11,-1.641496819429546,-2.866198337930059,-1.1763196034518093,0.3257939362238212,0.1289737169237546,0.9133806353144134,-0.3891558358341725,1
2024-06-12,0.4737410084937353,0.3518144047701039,0.3832092641151846,-0.0693162254816935,-0.2843524684423443,0.0615071270666598,-0.1849416636177717,0
2024-06-13,-0.5282978656816706,-0.1052648725327911,0.1082712558821283,0.0267083043156805,-0.0930342988561956,-0.2414745172114951,0.0208376124386536,0
2024-06-14,0.2886678252058903,-0.0151613810584233,-0.1737022514531158,0.1084344267599263,0.1584102487382947,0.1589215345803293,0.1663522401533644,0
2024-06-17,-0.6815580254291113,-0.4791779031589836,-0.0824943258094215,0.1921450875486487,0.108815658493751,-1.0565098504682915,0.3529692925958867,0
2024-06-18,0.315776143565627,0.2294670569495698,-0.1577331054681217,0.0214231285289668,0.1718023321272153,0.3466006874582139,-0.0688386475608512,0
2024-06-19,-0.2244445257394323,1.1189873394737315,-0.1759723291836221,-0.0918857139240482,0.4327909791440404,0.6970266244524502,-0.0689713584612341,0
2024-06-20,-0.3093161299458037,0.8016943805030924,0.6414323798338095,-0.1501133921501249,-0.3366021224244706,-0.2089450752866526,-0.0816016908872764,0
2024-06-21,-0.2904214536614293,-0.1851135348592852,0.1705149138984521,0.1419848016982256,-0.0818277030469357,-0.8177058119568866,0.0980671128953279,0
2024-06-24,-1.3597014993820224,-0.8473294038029515,-0.5388097744855893,0.0824559317893274,0.1866132922502184,0.6803780493509031,0.2649004288022776,0
2024-06-25,-0.4120442177905248,0.3818017154883515,-0.0815631085160896,-0.0544204949073615,0.1249970194711291,0.5641069062247209,-0.2109861306466687,0
2024-06-26,0.5752087793897329,-0.4328748738706849,-0.5582070717662604,0.1222582469067152,0.2887409349759038,0.7426216417468144,-0.1298009151496786,3
2024-06-27,-1.3217220179003029,-0.153700450205064,-0.5300061510588373,0.080031793288968,0.4604267633615265,0.275658600383108,0.2017135998032206,0
2024-06-28,0.8567933196855736,1.154298083265579,0.552430864852667,-0.0929764329171979,-0.1629980490621389,-0.0588677695025806,-0.0871984487278823,0
2024-07-01,0.8996141087863027,-0.6503194007690508,0.6965625163150837,-0.0206037651225992,-0.8845238418989435,-0.1823588409842535,-0.1685036595580936,3
2024-07-02,-0.1430098068649675,0.9008698337456198,-0.32532807345574,-0.0965700571681613,0.4439278146340719,1.1076243410402118,-0.114038375120943,0
2024-07-03,0.0941479655208881,1.316852016380775,0.1271133742943329,-0.121219635490272,0.2453684524686143,0.3472756555733104,-0.0889033555332661,0
2024-07-04,-0.5963662467181027,0.1922091604301586,0.4264407487029944,-0.0460470930727631,-0.2767618443612941,-0.4278446648263668,0.2044641805003424,0
2024-07-05,-0.2042788019822638,-0.4903288608487121,0.4176073191175977,0.1269053617218598,-0.3948716832441605,-1.0573452208655476,-0.1296236818359297,0
2024-07-08,-0.8770615762962045,-0.5329014804964607,0.8355394701568397,-0.0266002595647556,-0.8246400754705073,-1.035479306400355,0.2167553613976547,0
2024-07-09,0.5731146099163056,-0.456302679893462,-1.0516301676648885,0.2460536919675936,0.7998714250002605,0.5448759775202455,0.1922245704484027,3
2024-07-10,-0.8599963679201215,0.0841842856797017,-0.0083986572069446,0.187749645044932,0.2973350108457849,-1.5686781697594396,0.6030888964631606,0
2024-07-11,1.3018098483797869,0.1987688214394764,-0.2541397359778055,0.0688410763935638,0.2374354840568428,0.3535943701023913,0.092147739243702,3
2024-07-12,-0.0385730090846596,0.2856219690946424,-0.1186889669532803,0.0779922272160473,0.2306905386013193,0.0046127950264009,0.2684418548864024,0
2024-07-15,-0.2765318259674037,0.1976956342636586,-0.2427905316512406,0.0368100807152016,0.2888444868239897,0.1726187044089486,0.2693802247449465,0
2024-07-16,0.465622226114923,0.8316696319088085,0.1511715415327222,0.0637239345610598,0.2538439303605438,-0.8971817123306015,0.5322143573877122,0
2024-07-17,-0.3353146706486795,0.7321547665043865,0.0917767007369629,0.0661315235446151,0.3118427470316499,-1.0132339503925871,0.5922637959944691,0
2024-07-18,0.6036351727992677,-0.0131485682213217,0.1516116875487252,-0.0108880788556629,-0.1989627926584357,0.2312060307076238,0.0642109903901549,0
2024-07-19,-0.8756189154248764,-2.645916225016259,-1.2847785426241265,0.3523755003940504,0.2641853981887228,1.2329594705915574,0.3466239330988283,1
2024-07-22,-1.1073022706334965,0.6423584775221799,-1.0875182263761427,0.2058114136121001,1.311703863238123,-0.0271263356510951,-0.040248348659346,0
2024-07-23,-2.344934146908904,-0.1689616300957331,-0.3399023150661723,0.0081792261784618,0.2851514104629838,0.2741750526882739,-0.2718631949162423,1
2024-07-24,-0.3055343353873447,0.9448892729886386,0.6184704499659648,-0.1001090665124096,-0.1956048405690933,-0.6622355232034027,0.0481137733123573,0
2024-07-25,-1.4789044579699822,-2.718076919448411,-0.93477142922021,0.3126473580817673,0.0009857552105039,0.5147649123302962,-0.1000876066901145,1
2024-07-26,1.0164586408130438,0.6409601639518892,0.202653963660612,-0.0077378286930146,-0.028672120251626,0.1765802396486817,-0.3231557116763222,0
2024-07-29,-0.6235792688888506,0.4673783554324417,-0.0567458884824716,0.0583827252042242,0.3050161728146493,-0.5308785224748466,0.0707061363724928,0
2024-07-30,-1.1208747289057956,-0.3648608850481936,-0.5018012837045648,0.2227860755891218,0.5178912372546342,-0.7377445661532656,0.1304954858804679,0
2024-07-31,2.1800094353397386,0.9266004441287116,-0.6740538460480975,0.1592094790805702,0.8869344797505642,0.2365095361523307,0.0866522163858178,1
2024-08-01,-0.2276127757985808,1.361213941412467,0.0792781764476585,-0.0807251809568954,0.3569494636365202,0.0973511454816429,-0.2380015587219636,0
2024-08-02,-0.7112387743296322,0.6588059017886089,0.2561272169561648,-0.0488466221611514,-0.0106010008888209,-0.0036638603076502,-0.235684511719739,0
2024-08-05,-2.347379426950634,-2.097905788901981,-0.7375134724026532,0.2588831772173467,0.1019741218609258,0.0134154963688803,0.1788402253015169,1
2024-08-06,-0.5978936424065723,-1.7122916858910542,-0.6006325251108967,0.298122792059219,0.0980906183303216,-0.348227047366719,-0.0014042498150574,0
2024-08-07,-0.2519668282751525,0.1801772356937954,-0.3612165089083464,0.0862277327987028,0.4098765532774308,0.0672007192555535,0.0394381153639604,0
2024-08-08,0.1224939877595194,-0.7483234088320048,0.7548005705837266,0.0208941604469819,-0.8621574985889197,-0.8450389161336149,0.1278375603029049,3
2024-08-09,0.6147484437668944,0.8248648947165093,1.3563259155066385,-0.2323868385317887,-1.039341521617149,-0.2889166372558398,-0.2172101776156007,0
2024-08-12,0.3332617905001684,-0.6679341846142267,1.553944961246782,-0.0952701079023966,-1.5607784736874326,-1.4098741207193592,0.052315947325406,3
2024-08-13,-0.2673195849073095,0.8457046634560774,-0.8427576664284234,0.1780500334939128,1.1419018184249088,-0.2082483121755153,0.2944312598112112,0
2024-08-14,-1.4292248514258103,-0.2805686830670392,-0.5204476777765215,0.1619964230428057,0.5132802043489758,-0.3366077886292989,0.2598057897436812,0
2024-08-15,0.7545276475298124,-0.6618236137048106,0.3005008864281765,0.0434272715844914,-0.4997567051732043,-0.1233819264733509,0.3290481600593148,3
2024-08-16,-0.089108518366562,0.1702156789122137,-0.051585741512254,0.0477739575111061,0.0994431959986639,0.180422519358909,0.1955008066142426,0
2024-08-19,0.4207081060752721,1.0233966033511306,0.1079359591707196,0.0025927786208021,0.2731826495363714,-0.3581314152577926,0.1677298523952917,0
2024-08-20,-0.7141240252579888,0.188516295509986,0.2756024114663571,-0.0883144223802962,-0.2166453672651746,0.0910159280639864,0.0087508928237362,0
2024-08-21,0.3222641273513652,0.760518088176754,0.3541865815919042,-0.1592482428914209,-0.2198702349111645,0.6628821586774316,-0.4087916077550058,0
2024-08-22,-1.090881105492952,-0.4894589767931007,-0.445573595943857,0.1628102142379009,0.3543380161706816,-0.3338248936523723,0.4430601997462736,0
2024-08-23,-0.0705732348079703,-0.0110663264278336,-0.6042486098344526,0.1517799172737475,0.5393263117998339,0.4181884141638856,0.232238360098659,0
2024-08-26,1.1495919870451958,1.3673156392502388,0.6436570979474473,-0.3093009543437799,-0.4182583601958015,1.215452705316352,-0.6820541959185112,0
2024-08-27,-0.128388793857458,-0.2059746290000498,0.7455352888200506,-0.151922085175062,-0.8532774284654764,0.219404715425465,-0.2445397905870887,0
2024-08-28,-0.6597022409924688,-0.116015311218612,-0.4291307215025393,0.1327638221830723,0.4150772250487565,-0.1271692045543353,-0.1235195215514181,0
2024-08-29,0.0661980178540933,-0.1654048872520612,0.1377794541521546,0.0931176459099903,-0.0939528465885774,-0.6419216709706562,-0.2964352804309301,0
2024-08-30,0.925496419988986,-0.2861772926446211,-0.5134894457023489,0.1934180319519378,0.3633036919057311,0.3543186067179443,0.2349811908018814,3
2024-09-02,-2.9060021989879337,-0.4011177148560253,-1.4052754036735695,0.3508869933280714,1.4100688389948044,-0.5545472884364154,0.2392929767334658,1
2024-09-03,0.1709151026630134,0.3731607016224991,-0.6054690616278664,0.121995696560513,0.6819942721626836,0.2411984004901505,-0.0934700985045011,0
2024-09-04,-1.672689724511292,-1.2566045436470148,-0.843694473575529,0.3509193045337865,0.5971466044651007,-0.8702653259021516,0.3083866893743545,0
2024-09-05,-0.0649329291327202,0.3698835544356528,-0.1110824716918722,0.1241850615648803,0.3555644521493498,-0.7958425175914737,0.2637759607440252,0
2024-09-06,-0.4748900827315344,0.4259295644418592,0.3884822273117043,-0.0914816163081363,-0.2660861178450276,0.2725186968628668,-0.2296678512799055,0
2024-09-09,-1.243337322993807,-0.365444579840775,-0.3570052763013031,0.1011349035700164,0.2560214848054933,0.011108379387854,-0.3177390040381187,0
2024-09-10,-0.3816977264516717,0.3940997290433646,-0.519018259419532,0.1501337093221725,0.6993032974071214,-0.3429163430403454,0.2802376720407011,0
2024-09-11,0.1929616376615344,1.175613644749204,-0.1974005956045521,-0.0721713486889244,0.4635727920697522,0.6566896736616809,-0.3889023519192575,0
2024-09-12,0.0872591132200674,0.1374955630370857,0.3691434392998511,-0.1253910007123093,-0.4147854716283783,0.5801832852920227,-0.3925603944047096,0
2024-09-13,-0.1639586315931092,1.1975876462505726,0.5256562036865403,-0.0127945687964054,-0.0041663516733794,-0.6209959777970775,0.1190794592518286,0
2024-09-18,0.262322170887814,-0.0379009209532994,-0.0957227979498647,0.0247894608070464,0.0383392507648937,0.3017240637391631,0.0532179245467693,0
2024-09-19,1.4134910299966177,0.1142306551363188,0.6229282206888574,-0.1143301882026743,-0.666816079052314,0.3879375143669974,-0.222346867767903,3
2024-09-20,-0.1520501304300633,0.7302442988506662,-0.0227519548683647,0.093250214656041,0.3632484483972043,-0.5634374589473439,0.3964279561564383,0
2024-09-23,-0.1693584377035201,0.0798317951280985,-0.0047632136950355,0.1378335366150558,0.1873700978343799,-0.9820773465931268,0.5438927271266925,0
2024-09-24,3.966459306921669,-0.2644106083894514,0.0772117683672393,0.0333031268951566,-0.3788330675846961,0.9652464304311488,0.698146650715197,1
2024-09-25,0.9725896988242024,1.3029468443158596,-0.9190580756023062,0.0871773214013482,1.1893002931925185,0.8412247898330839,0.430597554636256,0
2024-09-26,3.2262875868611998,-0.7570799272529526,-0.1503363929279694,0.2798980456173507,-0.2165076646032273,-0.4310996500328026,1.1647792819647724,1
2024-09-27,4.237390650702869,-1.8686335886396923,1.2780749851249316,0.1435417219898763,-1.801504246863692,-0.9236347596858788,0.8721836728808686,1
2024-09-30,7.287452812768939,-0.9514466026442993,-0.692157438578219,0.4641981876208464,0.049530201764388,1.3370594972988858,1.2685397423615614,1
2024-10-08,4.0630436377817,-2.428529952184114,-0.3293928521247628,0.5483337292067174,-0.3386906149734039,-1.3601541657193124,1.70067645488354,1
2024-10-09,-5.367427945971121,0.3703605597889541,0.8889072730693961,-0.4214368448755877,-0.8160888754110323,0.5823485714398009,-2.264477437839209,1
2024-10-10,-0.3782946573169246,0.7822388369787143,-1.298584612115606,0.2254260797715778,1.5282408110133885,0.2349534353889146,1.003183752234201,0
2024-10-11,-1.436990909162127,2.178123214285887,0.962880873800074,-0.4238918603239481,-0.3015273575258251,0.7488284767819567,-0.925850735297716,1
2024-10-14,1.5946329538836117,0.184582377920158,-0.1609400906210251,0.132669675203002,0.2839963840978693,-0.2938762736099399,0.4354980572473911,3
2024-10-15,-2.2667625921559065,0.4822336580301637,0.1747160626829873,-0.0353869294710693,0.1328589014548427,-0.6313184762374519,-0.5555615549375831,1
2024-10-16,-0.1533635718602519,0.6897600966110006,0.6487161455782148,-0.0511175050937525,-0.266890945568669,-0.9534029634166884,-0.1343439323630378,0
2024-10-17,-1.9865784826025616,0.2123233653139311,-1.03613999146187,0.3258557416516454,1.3114221292569883,-1.147943791374618,0.2663741077120862,3
2024-10-18,3.228601547746015,-0.0863971138422884,0.1642160773115654,0.1688722122382379,-0.1833464296762125,-0.2902553113553845,0.8383344709272554,1
2024-10-21,0.6738400288750364,0.7926809871362658,0.403525418263629,-0.0021502117444087,-0.0439853530006297,-0.7507366253036131,-0.044013287603912,0
2024-10-22,0.7825875680797031,-0.5624611644923654,0.746768016831963,-0.0110649638186902,-0.8540319830782009,-0.5595200081606068,0.0865051840103594,3
2024-10-23,0.5719704831566335,0.1822158394376432,0.5207754391276707,-0.0257558625198091,-0.4125777651395164,-0.4717675370705253,0.1207074826048753,0
2024-10-24,-0.656551532454089,-0.5704455237196703,0.1873223635544425,-0.0909356768854253,-0.4899504102980144,0.8117035550055905,-0.6300848827275294,0
2024-10-25,0.3216804133615004,-0.3171312585636642,-0.6135337093020368,0.2278704214671265,0.4880463753761614,0.1009072806304014,0.1114418304273484,3
2024-10-28,0.5459865285502665,0.502115120460285,-0.0170758232013182,0.0280172242399405,0.1690213688949138,-0.0648074588355905,-0.2291975293261571,0
2024-10-29,-1.2023851857443757,0.5300300299073433,-0.0541532736503081,0.0812723586784163,0.3857737665885334,-0.9316479432466512,0.1324735720939437,0
2024-10-30,0.1505574363815021,1.2187414333963391,0.5386288056228361,-0.1211495868885315,-0.1006596270023368,-0.3465233941301992,-0.632660056272865,0
2024-10-31,-0.0631500578263436,-0.1740116625358288,-0.6993314955675505,0.1540453555322937,0.5627077068216155,0.4650176008762247,-0.2322426953539494,0
2024-11-01,-0.5953182842757597,-0.4960013017186968,-0.5636339172973956,0.0793831617194742,0.2681134965395485,1.0790566486808937,0.1309928863797604,0
2024-11-04,1.005137661945526,-0.8333311315045712,-0.2898514195760617,0.1222285420956407,-0.0654498222926356,0.4751914784066347,0.2186707178957192,3
2024-11-05,1.7714699392188475,-0.2480847531236329,-0.698996962592405,0.2478040994653786,0.5717734272764285,0.0772675508201321,0.6231860228823158,3
2024-11-06,-0.5196607286064143,-0.2752246838721355,0.0187404146024958,0.1095770262003201,0.0077582795152453,-0.6894545608359501,-0.0742429812451488,0
2024-11-07,1.6942731327895082,-1.6871118305889898,-1.322557924641752,0.181885121599639,0.3583577807567601,2.539363628435799,0.5888311493355405,1
2024-11-08,-0.6759237321015141,0.4969962261213941,0.0141197490289265,0.0508920532559078,0.220344775922162,-0.3250062966495784,-0.3406668590910157,0
2024-11-11,0.2213483507811269,-0.3389277790607526,-0.5420939527679052,0.2423861430499214,0.5078084435164177,-0.5250003754586072,0.1999268884239085,0
2024-11-12,-1.8062029093227543,-1.3428802995688975,-1.071390564122903,0.2142630643252,0.5459482634385027,0.7821406519558982,-0.2131366929989281,1
2024-11-13,0.1691171579643069,-0.4287650517096402,0.1426263444986145,0.0739880948425339,-0.2139650415135026,-0.3905270316939354,0.4590300632055646,0
2024-11-14,-2.269685552595376,-1.4870938655192951,-0.5144721490796338,0.0357290328203042,-0.1002270562012499,1.123013467575507,-0.2825727758679051,1
2024-11-15,-1.658787520856135,0.1361428184826279,0.3493676940200829,-0.0306543272693707,-0.2009059035556812,-0.3412279502919101,-0.1745485384411221,3
2024-11-18,-0.121689903915904,1.0773812319429033,0.7862879479204322,-0.1746064258963319,-0.3612312573635845,-0.422040272123029,0.0979301719485074,0
2024-11-19,1.3187551012757743,1.686470732546635,0.0505383514909223,-0.0572951624556389,0.4565536128717194,0.0632456555399394,-0.2211223242965725,0
2024-11-20,0.262411190801018,-0.0544407083699022,-0.0767636079524058,0.0776924555202801,0.0758051554473266,-0.1560549838904619,-0.058024922615784,0
2024-11-21,0.1672460693538829,1.3987302379117053,0.0577365744349339,-0.0110720154167949,0.4677322152525609,-0.4897006034081859,0.1878271297267918,0
2024-11-22,-2.304998232486496,1.2261586029403695,1.076945458990299,-0.2118174094248599,-0.4694581715329605,-0.9298702837913196,-0.5177287580850269,1
2024-11-25,-0.4434512636916365,-0.6231451115019809,-0.4556436938357678,0.0128991617161565,0.0714268600830354,1.2341829091349148,-0.4291406376589357,0
2024-11-26,-0.7237754809758202,-1.6224590172693736,-0.227768487301799,0.0893765869910092,-0.3715023680118898,0.6063451773427513,0.0285928551426732,0
2024-11-27,1.519987925726817,0.6716415205634801,0.0324688730840936,0.0959636468554665,0.2544452465394365,-0.5903488815893857,0.5250318255905327,0
2024-11-28,-1.0286022443710283,-0.1614709235615768,-0.3668351697542514,0.0833755461193039,0.3127715787979219,0.1371006750061286,-0.165818466064417,0
2024-11-29,1.0978776765855698,0.6727739797965236,-0.3343889702768488,0.1026237080035759,0.5067133370940669,0.292162016541135,0.1200738163964611,0
2024-12-02,0.1656563868914076,0.2786825183240464,-1.4254546374057984,0.2476712404215235,1.4002568639510264,0.7485176054527283,0.093790760805869,0
2024-12-03,0.3516111100045128,0.30298168027249,0.5996069834672545,-0.0773324828539536,-0.4455940480272948,-0.3262473965364427,0.0662525685223024,0
2024-12-04,-0.6851088302537627,0.2470247745355393,-0.3580491311661117,0.0178385538293557,0.3860173032726437,0.4369485799104486,-0.0861520072319363,0
2024-12-05,-0.5445661837299308,-0.5027146355090124,-0.1805195826265285,0.1854471417733233,0.1521742194097646,-0.7879121650810214,0.1109287395380645,0
2024-12-06,0.769516826195394,-0.6515949716302892,-0.2468662054755424,0.1856723304139027,0.0372570416051526,0.0181219656964452,0.4076336504061837,3
2024-12-09,-0.3343161466170051,0.7791922768199756,-0.3110965736954242,0.0350279648684693,0.5611703841079834,0.0689751190180874,0.1050866755755573,0
2024-12-10,0.403130157590427,1.2031252417089429,-1.0676925077236,0.0947259720641914,1.311908255009803,0.8977584769269894,0.1043071615843291,0
2024-12-11,0.4741573169975105,0.8890204303835498,0.2299159653459466,-0.0481624896454352,0.0642411719227083,-0.1370038349782216,-0.3716884519809544,0
2024-12-12,0.7168685610431119,1.2007530072472563,-0.7378438731391868,0.0682755034492864,1.0164643213147642,0.582053553649567,0.2318236228710826,0
2024-12-13,-2.50314980867626,-0.1408914425368276,-1.0745682800793654,0.1435737438542154,0.9514405609626972,0.8321975716696052,-0.7087817515548681,1
2024-12-16,-0.7878971418727162,-0.2106421936165748,-0.3287938043573575,0.0003949169420368,0.1618736117587838,0.7872528883798716,-0.0979447245027985,0
2024-12-17,-0.2180651714450342,-0.4651944879400148,0.341467491452861,0.0231831682108816,-0.4213447855888625,-0.375646928020077,0.495523104962512,0
2024-12-18,-0.3396856512401348,-1.0252752180861775,-0.3999693906016618,0.2790955109666284,0.2006714408066319,-0.8616024419134012,0.5065529371709727,0
2024-12-19,-0.4395541113111559,-0.0527764917770618,-0.8737411890259397,0.175115882906606,0.7970334069480709,0.3470655835622081,0.1007009593131505,0
2024-12-20,-0.5923283710981564,0.1886990151267883,-0.9969367308967436,0.1766734055262118,0.9569658270405554,0.769227868362803,-0.2568144132730878,0
2024-12-23,0.2991643830747899,0.870492822526571,0.9799420427595336,-0.2018989447594242,-0.6321941344728166,-0.3420025906136297,0.3791008097586689,0
2024-12-24,0.9828049437995796,-0.8276621432496266,0.1486889541208005,0.0855815143781653,-0.4269759636499607,-0.0515652847868518,0.3117622983069595,3
2024-12-25,0.0414884222100328,-0.4039503388287788,0.7690485247026161,-0.0694110080283764,-0.8362263104563833,-0.3459675292718748,0.2251442424841943,0
2024-12-26,0.0754330990623045,0.0897384875528067,-0.1648982389415665,0.0937584266342296,0.215908481907037,-0.192150546784096,-0.0833374646268343,0
2024-12-27,-0.5288353238658678,0.3337602933117742,-0.790329105481989,0.1958888205192212,0.901195193956804,0.1032808640944926,0.030823979332501,0
2024-12-30,0.8122413937052285,-0.9030346671980995,-2.0516083829533125,-8.454634158458589,-1.478919658801064,-0.8948509054821714,0.0086592684477624,3
2024-12-31,-1.443729217168815,0.5641477447553016,-0.0090538217760912,-0.1509772888338025,0.0810258529563914,0.972496573501998,-0.3504253628170639,3
2025-01-02,-1.902263023669917,1.7873693962711703,0.6063224903170585,-0.2630026344603714,0.0385171173139485,-0.1272964726157709,-0.8118698503603916,1
2025-01-03,-1.5947229657711073,1.5784599970806046,-0.8671549866855753,0.085948043005308,1.389704539146186,0.1940955365385996,0.0840189338520723,1
2025-01-06,-0.2876516192970861,-0.6835142718334895,0.058276035702614,0.0669851124062151,-0.2493504961986571,-0.1114606027259858,-0.0250347145985169,0
2025-01-07,0.8186632877112899,-0.6980810714933996,0.6729741326297065,0.0259900893833834,-0.805378142061404,-0.6549669733388364,0.1762866658409628,3
2025-01-08,-0.0550200693512678,0.2939570780139399,0.3676929222914777,-0.0272480579056967,-0.2037199725377138,-0.4102766402619922,0.0779370289240152,0
2025-01-09,0.3167106573076386,-0.5911544296571276,1.3334183050355548,-0.1133398573808073,-1.3774908110937567,-0.9331434753721888,-0.098380987875782,3
2025-01-10,-0.6279024483532321,0.9496004712121014,0.4295577178080179,-0.146410275289092,-0.143241824612712,0.2438495964255032,-0.4070695247322937,0
2025-01-13,1.3993085067307918,0.5410014014450374,1.6879839175813869,-0.4107331724285681,-1.6198264901347963,0.5439704749724933,-0.8220244004138728,0
2025-01-14,1.3783037922323302,-0.339467920158865,-1.9076702875484013,0.4016214383964033,1.5970132678033748,0.9749763860278372,0.5652686059669254,3
2025-01-15,-0.2453696834169117,0.4278642061038659,0.429429696807787,-0.116340388604702,-0.2982119484663211,0.0790701584111904,-0.2271934523941891,0
2025-01-16,0.3091582965315704,0.5204059701735341,0.6283360352424918,-0.1764413697049638,-0.5138464722155895,0.3091585155042745,0.1166348756329846,0
2025-01-17,0.4531090778149734,-0.0455079560183422,0.1243297280967382,0.049648893518719,-0.14232869143843,-0.0009411344417621,-0.0613394005746473,0
2025-01-20,-0.0552511475641016,-0.6260244695581356,-0.1008194291570362,0.1634086875257734,-0.0047461480487165,-0.6594557783188527,0.3778360929001985,0
2025-01-21,0.0439713543227686,0.6095232158882329,-0.4651913259992271,0.0433001671913525,0.5908837260582721,0.3840752053197932,-0.0799451913229854,0
2025-01-22,-0.5253494865313234,0.2724420389312157,0.5564204258768751,-0.0277980410129332,-0.3201262502193046,-0.886864065027022,-0.1890724398968392,0
2025-01-23,-0.2130521851287843,-0.6204758564339881,0.3237450004549279,0.0860082892559242,-0.3919662822455269,-0.807748504544993,0.4365243863729225,0
2025-01-24,0.8484172575499004,-0.0799040316103489,0.1823669855887633,0.0891643654706619,-0.1855257778542813,-0.1432410743381044,0.1227169517746894,3
2025-01-27,-0.9623445379654936,0.6489886765804502,-1.1532756037699594,0.2744008482308058,1.2703098950263,1.183768342961091,-0.0064656321089506,0
2025-02-05,0.4595040196838683,3.3407617977743227,0.8854309894799712,-0.1116856966616961,0.5226766824396079,-2.133260154977556,-0.033997445064238,1
2025-02-06,1.0253516820973283,0.176296212060207,-0.8255620678582477,0.1689326553271062,0.7729077058531967,0.5569148747996578,0.0268352022872351,3
2025-02-07,1.410483672658005,-0.1612643382199002,0.4666268835377238,0.0211998600971877,-0.508968474531744,-0.063955344276064,0.1822843400435756,3
2025-02-10,0.988233903003927,0.391931549332947,1.508393943644934,-0.0997829734107991,-1.124273209120834,-1.727473404478035,0.0461790837156403,0
2025-02-11,-0.476575615762183,0.5509577843071028,-0.0320783785765085,0.0283788229912131,0.2721822106229453,-0.3673549029125804,0.0231784289370293,0
2025-02-12,0.7850480654823863,-0.8240560547651881,0.0030130334656595,0.0873797048102204,-0.3049013751034481,0.1386767667688378,0.0945351701836283,3
2025-02-13,-0.9746808826112874,-0.2891847439538906,0.045245095980231,0.1780663263364379,0.1058464419360493,-1.4559528921284273,0.4939048892775398,0
2025-02-14,1.1932815338097431,-0.306979377808193,1.017606729903936,-0.0524716422274163,-1.0450426741819978,-0.4976807938737709,0.147004543765394,3
2025-02-17,-0.2815643049657801,-1.9527687416223032,-0.0103654438808076,0.1174826381943118,-0.6560812149128447,0.2451497193954365,0.1015532015164382,1
2025-02-18,-0.2933852234709226,0.7750160409650949,1.099346696715343,-0.2226874466376175,-0.7690188971462879,-0.4857890330838295,-0.0917101538437389,0
2025-02-19,0.7266668050699393,0.734965457221916,-0.495081053891898,0.1096271841752172,0.6996974110600156,0.0562147406397276,-0.0298119667599841,0
2025-02-20,0.6775220210266876,-0.1442842839414051,1.2931571258960055,-0.1923448436994025,-1.3032168510675453,-0.311806581464591,-0.4211331049620607,3
2025-02-21,0.8442442932613374,-1.7932846273136165,0.2916513367097652,0.1974142974888246,-0.8126005765500351,-0.4310553490956448,0.3379806268214286,1
2025-02-24,-0.251463260362569,-0.643399089076464,0.7166714503570658,0.0512421304788557,-0.739335538728261,-1.2111653228440868,0.1977395981834349,0
2025-02-25,-1.2659121287777353,0.1066317138314494,-0.3844825280442281,0.0805492013870499,0.4340002214306524,-0.0720948994290358,-0.1575316620710626,3
2025-02-26,0.1388008493596568,-0.9696828581387188,-0.7747646943163723,0.2346727526885801,0.4049969806839557,0.3045222257909124,0.2651967214355554,3
2025-02-27,0.2297280727569266,-0.8211711812565803,0.6329976235550433,-0.0541530721516043,-0.9018129715505212,-0.0028563299355589,0.0882513895273609,3
2025-02-28,-1.8200984839594716,0.1007014341018458,-0.2763255885256189,-0.0676136244969325,0.1616244532970984,1.2157596330273257,-0.5728577018568595,3
2025-03-03,-0.3868097655178408,0.6018049850816202,-1.009618079934716,0.1679202567981819,1.1484332055053514,0.3505242740152215,-0.0011956858320106,0
2025-03-04,-0.085733300868358,0.260585329299878,0.3073249202834724,0.1449448886233775,0.0443417773383066,-1.6995868089681552,0.2080044894629171,0
2025-03-05,-0.1208844110718959,-0.0557875527041598,-0.2997163638737937,0.1583532329743689,0.362968638314475,-0.5107239929141809,0.4283424890007796,0
2025-03-06,1.2701667822399438,-1.206498338128252,0.6327016672693917,0.0591046617650611,-0.9673546701414644,-0.4764152285367525,0.3112529467006357,3
2025-03-07,0.2484802893660498,-0.9624286930508535,1.5302807144048327,-0.1165375309039371,-1.7203783540710973,-0.7421223356110102,-0.1017388316118282,3
2025-03-10,-0.0802451771494874,0.3677862309701434,0.1793012318395506,-0.0228311136090405,-0.0501962970838298,-0.1000698087546525,-0.2133688584804532,0
2025-03-11,0.274384118277605,-2.008811798564617,0.978055256634431,0.0504649513375704,-1.4995788283680709,-0.8681612300920034,0.1403512916893071,1
2025-03-12,-0.6035242109812293,1.445520410508612,-1.319638260375782,0.1146915651480032,1.6497864138563438,0.8425484795024841,-0.1537973312936966,0
2025-03-13,0.2373630914641631,0.6715542752031679,0.8187520137967306,-0.1954556079610788,-0.5955448844724958,0.0289840723734586,-0.223956954868875,0
2025-03-14,1.8099083306994357,1.283284664774457,-0.4614862388039643,0.1710672488696715,0.6734009895947092,-0.1475269924148932,0.8649036322175803,0
2025-03-17,0.1844611989853708,-0.9197100609457204,1.3964160572737605,-0.0451625879120545,-1.460902261406091,-1.4723078376418886,0.0155100773940797,3
2025-03-18,0.0567829329333522,0.7249620096466947,-0.3100115727952919,0.0991161901857429,0.5996486732770964,-0.3754333525132909,0.2165442152573539,0
2025-03-19,-0.2450961854004414,0.5174055282920345,0.180481840803715,0.0607385940932089,0.150431843571867,-0.9711544027417098,0.4424608930892177,0
2025-03-20,-0.5136793964862498,0.9847313697397996,-0.326715794260876,-0.0599961196143164,0.5433965955391743,0.7560301781396505,-0.4595470739262544,0
2025-03-21,-1.0640695431278284,-0.6075873060409572,0.6960659820047763,-0.0583870571040961,-0.8151848037262763,-0.2100296487228043,-0.4590689211896915,0
2025-03-24,0.5421885501758008,0.2598130543832716,0.0027999710870524,-0.0608705631735983,-0.0391068344141499,0.7879533942464578,0.0146051214649078,0
2025-03-25,-0.3117833346104531,-0.0004917593454715,-0.315900168941806,0.0508450909804646,0.2787806056062262,0.315096471870358,0.0507369512635599,0
2025-03-26,-0.195540091906737,0.8409054716178166,-0.3544269931416065,0.0196020355037702,0.5899915548240187,0.2441645253698681,-0.1906029249978993,0
2025-03-27,0.2858186578253191,0.1033271937629353,0.104728762112782,0.0128600277032476,-0.0663940294919746,-0.016528383815501,0.1138595019365556,0
2025-03-28,-0.1918815200839472,1.5140297919953996,0.3821610887089512,-0.0201323030174666,0.2661141973782482,-0.8927641226909657,0.1275595926258114,0
2025-03-31,-0.6586685589655434,0.8514082715556746,0.4480441560680349,0.0036882616480714,0.0423487065359533,-1.2847756957647172,0.1972645476811794,0
2025-04-01,0.8997261961133837,0.7019422287916708,0.7633602670626806,-0.1700512970957923,-0.5629884126628306,0.0897046052301725,-0.393465948867803,0
2025-04-02,-0.3984605838554959,0.0125395140224674,-0.7910719917718787,0.1169600430925992,0.6939616425777696,0.6676755740715271,-0.0875472684274332,0
2025-04-03,-1.384667591402587,1.6796661637321235,-1.5763829234496154,0.2752043511337518,2.145525250539573,0.1440096926393137,0.2584421842494819,1
2025-04-07,-8.5306447137633,-1.8899049628577376,-1.6155046546517111,0.1224739705423813,1.004062304677536,1.0641302823854348,-0.9051093265437788,1
2025-04-08,0.4123641487427241,-1.326442673912306,0.3337845212866203,0.2932708178032508,-0.4479411628405556,-2.0052737675206136,1.3228764245463251,3
2025-04-09,0.0816870053006674,0.8361782591225606,-0.9779590587466904,0.4093986582676047,1.5033538485104032,-1.7511694908487867,0.7414791487459867,0
2025-04-10,2.265485251201762,2.5240944318368213,0.1689186105330949,-0.2050209893407329,0.4634053397085644,0.8788459682997631,-0.2626580283039143,1
2025-04-11,0.5673476340842103,1.501696490303387,0.4712611273658271,0.0605677518074415,0.2549358454609197,-1.5212935839128738,0.3809240186296205,0
2025-04-14,0.6580475679588978,0.2993020645804961,0.5726494170535115,-0.0407211864838188,-0.4076918669386168,-0.4967822271979626,-0.0821222974524562,0
2025-04-15,-0.1311525590712655,-0.0557065111198448,0.0788993836816891,0.0242490063034284,-0.0792547088551765,-0.0799244139428269,0.1677016836129818,0
2025-04-16,-0.1299270407994006,2.0040422299131526,0.0978118333576487,0.0592994504766999,0.8023708291099962,-1.5977670886740931,0.8341392616197871,1
2025-04-17,0.6091435160398478,0.430153163062824,0.7918671207445569,-0.1487436693952759,-0.6471433274276641,-0.092688860464909,-0.1886340320763574,0
2025-04-18,0.0349502377686595,0.1357138199906387,0.1433479233504354,0.0584208520725675,-0.0444160997085985,-0.2778909966438297,0.0641382095228867,0
2025-04-21,1.2846080815719036,1.2967166466348004,1.1004383534133524,-0.1155728786746461,-0.5132926867415161,-1.2304420299016454,-0.1337997151868423,0
2025-04-22,0.1917517473677552,2.3129115499167336,0.4129145739099766,-0.0265992341596603,0.5700062518914168,-1.5412022601462292,0.4435455934024126,1
2025-04-23,-0.041620940024038,-3.9687071533443214,-0.5075096916157649,-0.0155247273508467,-1.322197033334347,3.4806190193564337,-0.9022754941980148,1
2025-04-24,-0.1841253006788904,0.1246219816356646,0.4460162885971394,0.0277598068855746,-0.2578493310742166,-0.9131453723444096,0.300949742539218,0
2025-04-25,-0.1140745644394927,-0.8356476479504831,-0.2944368850618645,0.1051033841802239,-0.048390558800713,0.4847896284319897,-0.1093994767698158,0
2025-04-28,-0.4993255700776702,-0.839883049469745,-0.2860193051563326,0.0646916082565321,-0.0597280850278313,0.5296378699182016,-0.000855817245821,0
2025-04-29,-0.5827059128754389,0.1479237822011966,-0.5591256072568194,0.1683885986098695,0.6671676591663765,-0.3620427213971995,0.1435498943801178,0
2025-04-30,-0.5504308629192691,-0.1389401307661694,-0.6077687463219438,0.2875095000712372,0.6541978952055048,-0.3631879708200625,0.1185507422702772,0
2025-05-06,0.7255994753409354,0.6094783122418463,0.021560786900328,0.2023410618865851,0.419401877143067,-1.6576723901349577,0.5293838315408199,0
2025-05-07,0.7117049850433701,0.7162975561838878,0.3392709722442535,-0.0608673908714118,-0.0970233305229134,-0.117984698821086,0.2012252984656035,0
2025-05-08,-0.6688770167811884,-1.277104690718362,-1.4375497140344595,0.3297439563757162,0.918414921531918,0.7616920677833625,0.3347763686476937,0
2025-05-09,-0.1342069358664724,-0.1913574430485444,0.3641463973313755,-0.0365451522765325,-0.429731919750822,0.1980371008475771,0.0298398292808197,0
2025-05-12,1.1535945900574365,-3.085170649357815,0.0132764669272944,-0.0443614996811711,-1.4211434416513118,2.5436531416176247,-0.4891105917924631,1
2025-05-13,-0.2037924580952377,0.3860666535172563,-0.1350779801146336,0.0870217541668008,0.3464953610561161,-0.5269224186422977,0.3422115037430383,0
2025-05-14,1.4241156179676815,-0.5491456562388533,0.5836977776959809,-0.1681837302243805,-0.9579240486610048,1.2000520667649357,0.0147213194767263,3
2025-05-15,-1.8247424787068192,-3.317640057894666,-0.4506359064649968,0.202706799775606,-0.695599981207328,0.7097331385977198,-0.0664921658546382,1
2025-05-16,-0.2593154025734823,0.8121754339733345,0.4603694079925474,0.0752876522456785,0.0406984366400967,-1.4286538525199444,0.1036732535207983,0
2025-05-19,-0.0597588778984517,1.1732463128669304,-0.0478464367286951,0.0011532121147581,0.478595834919598,-0.3403981578327918,-0.087920965449214,0
2025-05-20,0.3421465710696115,-0.4881639970265683,0.1205433414233756,0.0600974467919256,-0.2527504773093249,-0.1625574207263102,0.2098796469343671,3
2025-05-21,1.0423325537398165,2.4372974959108693,0.7846410376808857,-0.1372308746650708,0.1636213092317638,-1.0926623594369975,0.2927203623674643,1
2025-05-22,-0.5791952466242011,0.1983539565327942,-0.0023275019359116,0.0905101753536276,0.2074932644316931,-0.805818539120748,0.4872401068842116,0
2025-05-23,-0.9220122542687988,-0.2614289975252052,-0.1305129560198248,0.0786225281583526,0.0777903965015344,-0.0210258046922759,-0.113141073949752,0
2025-05-26,-0.3406078469465505,-0.2364577848956279,-0.1388348829400585,0.0434253066883219,0.0371149801486597,0.1892873867601985,-0.3902168013818473,0
2025-05-27,-0.5549842080574404,-0.8419517337188143,0.0589147968818489,0.0440804703066998,-0.331289198133545,0.0635000545274913,-0.1900019195387339,0
2025-05-28,-0.4248547188695225,-0.2684248606964412,-0.0393417426045297,0.1050152749851466,0.0451150475650421,-0.5724218289131656,0.2400402247071653,0
2025-05-29,0.8908209718912015,-1.0078871194188634,0.2096206644029379,-0.001250905218028,-0.6560646880189727,0.6147450757219208,-0.3162710419653852,3
2025-05-30,-1.102892502652716,0.5802659809514535,-0.5319663707656597,0.2342596479401683,0.8919215438839313,-0.8802395322042549,0.4010942665386846,0
2025-06-03,0.6917483613083534,0.9995497224949472,0.5584696526480706,-0.071149536348685,-0.1501160022093579,-0.6048040495962281,0.0744572979126698,0
2025-06-04,0.6772243600544348,0.4026146661567915,-0.0774450932399051,-0.0285491453699346,0.1004647369021223,0.574054356177182,-0.1733478464768497,0
2025-06-05,-0.0912484081785447,0.0545717044088329,-0.3891540651815349,0.1512682698044719,0.4554230130244525,-0.3329447195257955,0.1802751554483008,0
2025-06-06,0.1777947225663901,0.421737294703125,-0.2023741468976104,-0.0275221516687146,0.1981193549772338,0.957481164734758,-0.2638609383923929,0
2025-06-09,0.1956862789102055,-0.858500357470605,-0.3171251460771055,0.0758808054874406,-0.0794545923353457,0.749267608733157,-0.1884518072950478,3
2025-06-10,-0.3698248594287892,0.0225648480543098,0.2950490073274596,-0.054193707686742,-0.2800813609332642,0.0060334895292088,-0.1064440624933226,0
2025-06-11,0.5029625139953044,0.2228055879782212,-0.2219935521304128,0.0735470494617639,0.2806427886745381,0.0373818142671939,0.2773893481966211,0
2025-06-12,0.2896361231123321,0.4964894477377354,0.4219925156010485,-0.0346449928759276,-0.1909876552439589,-0.4634324798854903,0.0364271677401922,0
2025-06-13,0.366840426830958,1.871322329604298,0.8515738764840771,-0.25324242222622,-0.253840813468688,0.1197079503632746,-0.4046234346954685,0
2025-06-16,0.5319183741710839,-0.0892983489004958,-0.0285245523641933,-0.0616832097379351,-0.1626179190352762,0.9849568070355544,-0.3111178066948375,3
2025-06-17,-0.6226647683958099,-0.3385227898773855,-0.7753481797055685,0.1503192804496515,0.592959560141214,0.5334312469657512,0.0719524901093446,0
2025-06-18,-0.3418310613400314,0.5504178268344408,0.60422351016269,-0.2581271033875429,-0.5732000472525194,0.9632112082822808,-1.5509350736249614,0
2025-06-19,-0.460659919658743,-0.2382940282992826,0.2970022333704302,-0.1238069607655703,-0.4752219826179535,0.7403270884629675,-0.4079400451202037,0
2025-06-20,-0.2310318009990849,-0.1586181154580392,-0.0456553578525805,0.0821006925971946,0.0307164732364551,-0.1100825370459416,0.3202106473988249,0
2025-06-23,0.4015493919901449,-0.010958235451587,0.0704352911693783,0.015083115890954,-0.0905802270276776,0.0666460567290149,-0.0437145737101386,0
2025-06-24,-0.4654454934460937,-2.3636095497379426,-0.9865429846695332,0.5182084390019778,0.3929405892733856,-1.096302511468922,0.8823513544253059,1
2025-06-25,0.979863387331782,-0.2631356259670191,-0.1504991474415736,0.173069254812276,0.13275620793515,-0.5671004530560408,0.5602561519563835,3
2025-06-26,-0.1858545885943121,0.3782881258534661,0.0147004819615863,-0.0118864604790824,0.0991897516114087,0.0449503089487264,-0.04812775216158,0
2025-06-27,-0.412806835892359,-0.9853031922529376,-0.451635853077882,0.0953434482293386,-0.0105843765636831,0.9914687438949328,-0.5823287094312498,0
2025-06-30,0.3161184388735249,-0.2678732650003256,0.0193060115896808,0.0959660787568446,-0.0488261807332423,-0.4164028057369839,0.1433961489788904,0
2025-07-01,0.3109013934094713,0.900746437189901,0.2090392604493179,0.0012226771525158,0.1705641863820326,-0.5956572025869157,0.1230757753350448,0
2025-07-02,0.0586983432862966,0.1678751384029715,-0.0259132885790896,-0.0815418281822253,-0.0511710952541501,0.8641011069326563,-0.0779629220397505,0
2025-07-03,0.6855712029156097,0.6434599213494907,0.1508262446558203,-0.0005470245184217,0.0735377224636679,-0.1000713476702209,0.1713947602136607,0
2025-07-04,-0.1788825662031141,-0.662377213651231,-0.269078339176066,0.1323283630309971,0.0472652252255029,0.1834370567555064,0.2690663219250317,0
2025-07-07,-0.5594207770147909,-0.6709743499488557,-0.1549429312298728,0.0845831805096827,-0.0554625785499976,0.0211426721939338,-0.0856363272865163,0
2025-07-08,1.037817074239384,0.1733495216011475,0.3146300025918493,0.0020023349245938,-0.2449099344575731,-0.2232779154965153,0.0709392813017445,3
2025-07-09,-0.2972774275739668,-0.9851746319373637,-0.0596941344922659,0.0157941887193009,-0.3556275617817515,0.6473351080171601,-0.1414879678615868,0
2025-07-10,1.1058407396779977,0.6072612706832622,0.8443946826121738,-0.1467597982483949,-0.6409476028985984,-0.1594950848839694,-0.0483753895880337,0
2025-07-11,0.1610950600827378,-0.3269918334064157,-0.0299080558608915,0.1261561737711339,-0.0316928363401364,-0.2807113084001573,0.0504846498071991,0
2025-07-14,0.5771046537825874,0.7717337729887868,0.752651514779942,-0.1290068955178718,-0.4490564855782406,-0.399071349954011,0.0089738602782093,0
2025-07-15,-0.5294621378024481,-0.0739921278345132,-0.7163965208514783,0.1675985749063241,0.6863159013195176,0.0729350730446766,0.2030411634584796,0
2025-07-16,-0.1375233329835619,-0.502423664440363,0.0941024572733091,0.0059364737800719,-0.2917513216900398,0.2579739900452664,-0.2090571288104177,0
2025-07-17,0.6652790658663905,-0.2341642206332075,-0.13775181750777,0.0583154295449086,0.0042229518940773,0.2954244136840905,0.0356843220426726,3
2025-07-18,0.7549028718782623,0.4284764973225619,0.1598801729260759,-0.0206356541177527,-0.0683079886700023,0.3177912900111745,0.138057597245237,0
2025-07-21,1.2549727913940505,0.3892099037621551,0.6395276051802334,-0.1228605467761574,-0.5609969521554876,0.149719785766716,-0.1474358282774548,3
2025-07-22,1.0405105478854475,0.143282162589067,0.4609287240589385,-0.051504379558324,-0.4273774543006742,-0.0406057262907504,0.0942285988256071,3
2025-07-23,0.0431909557504062,0.4278442102989289,0.5557426044162865,0.0025326171408972,-0.256361175776889,-1.0834408806315052,0.2987600854030531,0
2025-07-24,0.902365809830416,-1.995510168063796,0.3146782621633154,0.0196774791513291,-1.11221169545769,0.8110859960762129,-0.3290729332094101,1
2025-07-25,-0.076064616887608,0.0277164588335773,0.098231384971884,-0.0105348196373814,-0.1441233653340558,0.3634115873402668,-0.413969032441836,0
2025-07-28,-1.0662778102139971,-0.7522032308927462,-1.1891975648722974,0.3979827145332303,1.0761705381665212,-0.7707686730576068,0.6076353777599645,0
2025-07-29,0.7540499468680814,-0.9503488133114756,0.7731239642875721,-0.0815694750588605,-1.1190152104795288,0.1668696584823973,-0.1416476915408927,3
2025-07-30,-0.1281274030848881,0.6225249295143422,-0.2041506530695858,-0.0218132605748571,0.3425172634316737,0.4034239295443557,0.069723338567523,0
2025-07-31,-1.938407222322195,-0.2618895403086261,-0.3951134642794136,0.1129057354052311,0.3934444636292235,-0.322176273719104,-0.3280161088959246,3
2025-08-01,-0.4079699814617231,-0.0867675482286051,0.055772491987309,0.0515810202818412,-0.0453787072630902,-0.1154771648542194,-0.166599160828481,0
2025-08-04,0.3912175709263555,0.634199021055545,0.2016914270751883,0.0664049880605199,0.1491051549985556,-0.9720643902640652,0.2498973978470056,0
2025-08-05,0.702463132157328,0.3912571158843957,0.0294509762785114,0.0223292475259972,0.0976497627003877,-0.0638023205058046,0.2419928733124962,0
2025-08-06,0.1412201410106646,-0.0440968859283049,-0.3815619267074415,0.0998798913642276,0.3362197625613912,0.1559830694330448,-0.0549940996880462,0
2025-08-07,-0.2267124948645363,0.5082234003757574,-0.2988180148836509,0.0522131371812135,0.4652688094773869,-0.0046511913591975,0.1694636138869725,0
2025-08-08,-0.3602405919387152,-0.0762285554104792,-0.0152943903533182,0.098911529665077,0.0610197467119488,-0.3456957540594773,0.0839818551568491,0
2025-08-11,0.624121656460131,-1.23859981075183,0.2882475539754229,0.0058374937053763,-0.7724375425583427,0.4551433198979326,-0.2487888273216092,3
2025-08-12,0.681654607933516,-0.1879983723066661,0.2088597014765101,-0.0501399441633154,-0.3741504628106801,0.5695324450932017,-0.0726394197064374,3
2025-08-13,0.5649495284501457,-0.0053411757108887,-0.3166766855919191,0.1368534076225875,0.3220322875906118,-0.1632520853050282,0.166796785708107,0
2025-08-14,-0.6401141174166618,-0.3822716566087398,0.0778349359731854,0.069690475716158,-0.1115745473002205,-0.5029686432184312,0.4640597391521771,0
2025-08-15,0.7945967482746389,-0.6763013447360993,0.0047634930622582,0.1569763480550292,-0.1946677044731438,-0.2644432904754421,-0.1016989446204744,3
2025-08-18,0.9219223802107414,-0.919282986889557,0.6987873514030418,0.0658331050458457,-0.8820106175789642,-0.9351972672492946,0.2168455015939394,3
2025-08-19,-0.5262530141693639,-0.1364583426600769,-0.2921563036453575,0.0817195492698921,0.2387067629919001,0.0493624402768185,-0.0707794933743882,0
2025-08-20,0.5251007928341846,-1.0017139497975125,-0.0971210330301108,0.1722898826970934,-0.178651738062199,-0.3755124461661396,0.4895942389503208,3
2025-08-21,0.1604718125984207,0.432321717225369,-0.1509864703655102,0.0003887731262975,0.2362887683010025,0.3117862327022561,0.2255345034536298,0
2025-08-22,1.4015814253083003,-0.4368019466733537,-0.242673683987412,0.1857865980458461,0.0927749208096742,-0.0315310763755497,0.6995131260170308,3
2025-08-25,1.623682419645086,0.5035286296517966,-0.3871806992694137,0.0969318973901614,0.4806313512904414,0.2582414332821074,0.5630380273893985,3
2025-08-26,-0.4025412175036377,0.0336976878842844,-0.1731971039264269,0.0865428473424977,0.2332573441812475,-0.3103215467374838,-0.0870296015742604,0
2025-08-27,-1.2820097534402266,-0.0235631125242015,0.2772239757850404,-0.018099887672956,-0.1897396837265576,-0.4730160389047326,-0.2765618839818546,0
2025-08-28,1.428060549595061,-0.400362019737454,0.0860692930415558,0.1255451587131365,-0.177637951486332,-0.4052623917982449,0.4737845388096632,3
2025-08-29,0.3057211457659073,0.2309331672876922,-0.4014214690508634,0.1354586561961938,0.4731213534697578,0.0238236453418382,0.3674170985498703,0
2025-09-01,0.5709004389922031,1.3555819089767231,-0.0137816581453125,0.0762301227204093,0.5875743431966937,-0.9387701142116796,0.3370749286851778,0
2025-09-02,-0.5525990995180629,0.9287458933416208,0.4543223509172462,-0.1594499399337609,-0.1509535483248035,0.09208910376086,0.0252267206498835,0
2025-09-03,-0.5010882335824113,1.4415366925201072,0.0984428173818141,-0.082695176537227,0.40366913385468,-0.1541822170659552,-0.004923868918793,0
2025-09-04,-1.6713240203378494,0.1195108658714503,0.5309677490209973,-0.1354937463404142,-0.4319417102685652,-0.1620593226880441,-0.4895477651330381,3
2025-09-05,2.0402672631541026,-0.3068315550976855,0.0303688854601848,0.1623263935234555,-0.1180618152763448,-0.2635567731962697,0.3449226433671031,3
2025-09-08,0.5979192250666477,0.7019830269068792,0.4691736392663285,0.0078683548931939,-0.115059183123524,-0.923577681417428,-0.0458137008229665,0
2025-09-09,-0.3553227589368469,1.0404333790256073,0.584526134055539,-0.0773321625256632,-0.1035913897557338,-0.8974861762955384,0.0112923718028135,0
2025-09-10,0.1546548504509203,-0.6546162208672321,0.3409906224645592,0.0128164746190407,-0.5372076433037873,-0.1418457222509661,0.08408905566674,3
2025-09-11,1.307892040095539,-0.3261790121053524,-1.2482289267835398,0.302461144332371,1.0196814332615831,0.5408540699435902,0.5881393558586323,3
2025-09-12,-0.2204369012946529,0.381827902727989,0.0641075313373784,0.0539861498911675,0.121389078000595,-0.3524459660329261,-0.2919330742066189,0
2025-09-15,0.2719092191395834,-0.0209809630534029,0.0245814004439954,-0.0483035115766926,-0.1356644354334392,0.6566005052988367,-0.0483823800055161,0
2025-09-16,0.360266664198022,1.599525739281107,-0.0904425049493702,-0.0357484134900224,0.6021317138259622,-0.080506067679778,-0.2993294483692639,0
2025-09-17,0.0555785376096823,-0.6875250500404116,-0.821639872936686,0.1887055360549799,0.5018757685603762,0.5656022038059023,0.1099401600037511,0
2025-09-18,-1.2599404233385805,-1.3511010471799754,0.1195200529105839,0.1238908386886233,-0.6764856774186775,-0.4470630409073483,-0.2185832504987663,0
2025-09-19,0.2316772978074282,-0.073603947731368,0.6195551249566557,-0.0447666243649453,-0.5942968193517806,-0.2568127134714895,0.0877754530942705,0
2025-09-22,0.644526617770261,1.2585840387085152,0.2537021136427892,0.00328917764712,0.2655848829392812,-0.8133416158279824,0.2084603938018826,0
2025-09-23,1.4175706247209714,-3.3419586145768787,5.74868662054968,-0.3964426291850957,-6.000678466242573,-5.1665825235746015,0.5310023114454714,1
2025-09-24,1.5038723218054233,0.1371152536002146,0.6288099469204064,-0.0154641705349245,-0.5417703844927528,-0.507802192403128,-0.0128020561651761,3
2025-09-25,0.6365783069883661,-0.2433383927907812,-0.0398404692283489,-0.047433693038807,-0.2184518815829484,1.0059989293878542,-0.0684341259059276,3
2025-09-26,-0.995324965432654,0.2495187135182896,-0.0280946089825868,0.0300750282395277,0.1510521674316035,-0.102065334997624,-0.0685241104826491,0
2025-09-29,1.2519368386757157,0.4438807392479698,0.2573093666924328,0.090862021866397,0.0155482614007049,-0.972067762199856,0.6270399663853422,0
2025-09-30,-0.0662366987998302,0.8327784797970444,-0.6119036632100519,0.3393758363074273,1.0463545206850453,-0.8024953657027186,0.4253277162951039,0
2025-10-09,2.174028130215497,4.216906971725255,0.6226806759507278,-0.114382936214465,0.978175252783504,-1.7361714149608538,0.5432107810921617,1
2025-10-10,-1.9443887262653572,-1.4539090198419156,0.0354337932844546,0.0358572263083564,-0.5281926866515086,0.4358681781444756,-0.5612103822674491,1
2025-10-13,0.0969616850329353,2.7375810527986664,0.7419961520575984,-0.0817272688722396,0.4514000817028062,-1.9465741144912156,0.2071643493771588,1
2025-10-14,-1.280278351888014,1.2518020706088813,0.4653608496461756,-0.0514428725637651,0.1549879620663566,-1.19298992177718,0.3095942590642112,1
2025-10-15,1.398625887910308,1.3221177081739954,0.3642729859427152,0.0461209575560563,0.2246695287054174,-1.175503376074007,0.6537766487991452,0
2025-10-16,0.1426991561288575,0.787649017186918,0.35680617712169,-0.054601764560075,-0.0316276387367614,-0.4127291272532116,0.4167420110265395,0
2025-10-17,-1.509423227607192,2.754713172527247,1.0301647760238264,-0.1769476770531999,0.1983043661067953,-1.878882317872021,-0.0624562241244164,1
2025-10-20,-0.015840103634579,-2.515026956989291,-0.375727287049302,0.1649292006876875,-0.5815790407980049,0.9697769268584624,-0.0613001694250039,1
2025-10-21,1.349803605860621,0.9851499313380692,-0.0079105161900812,0.0783194498292706,0.3988307298631469,-0.5949416853033952,0.5112901031699119,0
2025-10-22,-1.0212560152955623,-3.318359448259527,-0.8945241255903618,0.1069240220290377,-0.5529283546399774,2.5359758462101025,-0.4506773476217009,1
2025-10-23,0.3759275069330435,-0.5795555183726933,0.0254415955647281,-0.0421451047287195,-0.3571281602879262,0.9162318299593608,-0.1820524876587569,3
2025-10-24,0.8771560000709188,-0.993517836479783,-0.1424621901207827,0.1636114425189672,-0.1994344330420732,0.1149682398865399,0.2471987629017505,3
2025-10-27,0.9303712617146548,-0.2136166203271161,-0.6392865971715236,0.109013743307617,0.4126865894858467,0.8947798011519538,0.0330829420481279,3
2025-10-28,-1.673277077059138,-2.9666714339265767,-1.76721301463487,0.2988824376272331,0.4865571124419094,2.2405908354610884,-0.3036203489682514,1
2025-10-29,1.2709720067341943,1.918911385565742,-0.3457081428226157,0.0612209280481337,0.9984487339346322,-0.3823502743216082,0.2525333701389242,0
2025-10-30,-1.1397647139355007,-0.4565027306486735,-0.3753391141534278,0.0655919697365787,0.1974154510166912,0.3451590116703715,-0.0658404240737998,0
2025-10-31,-0.6500555611940677,1.3476231000964805,0.7244433537431558,-0.0791924824321309,-0.0850496806852102,-1.1442362425607382,-0.3969465680258432,0
2025-11-03,0.1503162683881109,-0.2536243605321599,0.0587880800239379,0.0202000061107659,-0.1583306775709856,0.1450125350353434,0.0920826473803441,0
2025-11-04,-1.1169661500803316,-0.61521034954175,0.1365032893924664,0.0406697961188959,-0.2671589117921414,-0.2319778414998772,0.1541200168642897,0
2025-11-05,0.0124465013641398,-0.7338934770587264,-0.1622559758753202,0.0596699427436163,-0.1405757649554962,0.412314410558929,-0.0410419469976666,0
2025-11-06,1.3192050155925052,0.5141475096901438,0.1081888186539436,0.0554031901559274,0.0972373463501468,-0.413569316674944,0.3971568328668736,0
2025-11-07,-0.3252339477497368,-0.2396717884081128,0.1559253567824386,0.0596579019879731,-0.1761417318830481,-0.2798033712684931,-0.0209379670396799,0
2025-11-10,0.6774023696556544,1.6749501364548216,0.4321028467140982,-0.0777486840076186,0.2070184985850613,-0.7142637162796468,0.20619178599221,0
2025-11-11,-0.4421645832894894,1.1692475348555098,0.4385082269203622,-0.0620966586885219,0.0662360232756144,-0.7561076511277611,-0.1677284866263992,0
2025-11-12,0.0196231772863385,0.0997868620528747,0.1364108149990002,-0.091488090069818,-0.2035172951426078,0.6518194433121414,-0.1339277280941465,0
2025-11-13,1.2027497788628914,0.8226334040305296,0.388735055184098,0.0600826956962642,0.0331319475448875,-1.1337995923415438,0.4607172238514228,0
2025-11-14,-1.4183269201143778,-0.985546065370602,0.0885419754516643,0.006058609431312,-0.4511117884334433,0.5290755259855777,-0.5242478113367024,0
2025-11-17,-0.8220650337953609,-1.5004989441284635,-0.5681869891205347,0.1071654825471561,-0.0647521318676122,0.9976045204994812,-0.4649780656415152,0
2025-11-18,-1.0593807379477984,-1.4630859301283214,-0.291107669198989,0.0672170474613503,-0.2736113234563462,0.7155713845653544,-0.1116545335427255,0
2025-11-19,0.7508085698230089,1.730827061762419,0.7678966888150842,-0.1393022375498271,-0.0849441691378313,-0.8422174584651487,0.3634960519807803,0
2025-11-20,-1.0292371699709966,-0.6299628177868365,-0.4244139907864958,0.1301405879158606,0.2356652430739473,-0.0070959776441779,0.1169901381126649,0
2025-11-21,-2.278659390650342,-0.4329441597604798,0.429311206119182,-0.0939159402497886,-0.5313802373314539,0.0912827224439968,-0.4243980327640361,1
2025-11-24,0.3162746662067879,0.2684801595272315,0.0773239501967515,-0.021787890741243,-0.0331003996846763,0.1985542240399661,-0.3535704693635595,0
2025-11-25,1.123462505846084,1.1323664857734692,0.461466366410293,0.0066519072260833,0.0447798783256123,-1.0394240354535604,0.3507614695442311,0
2025-11-26,0.4477028303077767,-0.4342215206560421,0.3489050986390337,0.0074828593755698,-0.4734538170971932,-0.1688308838371649,0.2611820157966785,3
2025-11-27,0.2062491041233035,0.1473235403168808,0.4576568561774417,-0.0673816938476034,-0.4020425128021508,-0.1047720924974646,-0.0499548317967777,0
2025-11-28,0.608069919418693,0.5628945920931807,-0.0294064486218864,0.0280075571356137,0.1820849838115316,0.147007712784311,-0.2299877672257483,0
2025-12-01,1.1978019123427937,1.1580587539793157,0.0751406947952832,-0.0300344717415245,0.2763435141330108,0.0116386064085082,0.2380311407174734,0
2025-12-02,-0.4485653929349973,-0.3531363683211859,0.1825788095989708,-0.0366326544773926,-0.3264114204293007,0.2397041920865977,-0.1191709395125776,0
2025-12-03,-0.6000256146223618,-0.5383960185565908,-0.0203096296491301,0.0267587742328685,-0.1705648414460034,0.1529872786236815,-0.1138818231993747,0
2025-12-04,0.427523775121763,-0.5704635726491509,0.5584187629918285,-0.017683052870429,-0.7135513447986295,-0.2702303976170602,0.0785012834404365,3
2025-12-05,0.6638367662506092,0.6680465301250957,-0.2814314969286937,0.1266125111456958,0.5280272987086679,-0.257710267963361,0.246194843668727,0
2025-12-08,0.3830437942680979,-0.4625708448351047,-0.3617614331885734,0.1497691454927177,0.1973910435453392,0.0123304461668441,0.251866842079663,3
2025-12-09,-1.224641420162791,-1.0065836623872648,-0.5067446931965432,0.2009242052114122,0.24288144593695,-0.275933670778811,0.2018081360199911,0
2025-12-10,0.2031744411152939,0.4611292399716536,0.0840674491797602,-0.0189696930638741,0.0547096423968359,0.0129101361231798,-0.2311880560067961,0
2025-12-11,-0.7825095725237993,0.2696472317458606,-9.026110518376858e-05,-0.0122769858442644,0.1072058235419364,-0.0450240781850144,-0.1583947386828903,0
2025-12-12,0.8755635500499533,0.6724197295658771,0.4104337387861557,0.0623127474763925,-0.0478097112411661,-0.966487925712874,0.173037322215297,0
2025-12-15,-0.2732179438649904,0.987832013241691,0.5946986735940438,-0.071213367228062,-0.1285946869061121,-0.9106373120629372,0.052122691871445,0
2025-12-16,-1.368725322484854,-1.0628064301659077,-0.1342771875000878,0.0187722381513698,-0.271781012839337,0.5497707942948009,-0.2839782877992882,0
2025-12-17,1.4274233308501263,0.6343052182097301,-0.3473470040291491,0.1250495890780655,0.5505257026988252,-0.172930136424715,0.5437561057541542,0
2025-12-18,-0.1590988544306569,0.5441725250124994,0.2020862148747735,-0.0901054795593164,-0.063614401628214,0.2556778110539363,-0.3024290819567204,0
2025-12-19,0.1101423008220204,0.0013004241831347,-0.5296379759001347,0.17774336456958,0.5294252584101462,0.0333986353383774,0.0749915716027244,0
2025-12-22,1.6486786480689994,1.6216045266537835,0.7651618804617251,-0.1557769450163333,-0.2055197314120025,-0.3831857858915947,0.0462813717921982,0
2025-12-23,0.4054498615265917,1.4959978587341116,0.1519870963603365,-0.0515931664669807,0.3778588173241946,-0.3571060961435523,0.1360054854009853,0
2025-12-24,0.9142755329139348,0.3706373220299142,0.1081726134893152,-0.066628957701502,-0.1079737709613535,0.6358895511101491,-0.4550429623655862,0
2025-12-25,0.0932957042061807,-0.7044773505264152,-0.1207071666452249,0.1015876350975031,-0.113060146635048,0.0236100529913595,-0.0601782427714902,0
2025-12-26,1.5352813885137535,-1.0411129863996242,2.506897862798376,-0.254260551052811,-2.6589933877474223,-1.1358291476872764,-0.2219393360630198,3
2025-12-29,-0.405725677411131,-0.8207960265360618,0.4168359581331204,0.0262916259600461,-0.6036803079980643,-0.4518249563780001,-0.0121827143802289,0
2025-12-30,0.2798515070080063,-2.2847939536975823,-2.160888348259126,-6.215051701377141,-1.1940133205412882,0.6095314682591924,-0.3562688924782085,1
2025-12-31,-0.6512851910123831,-0.9306419206846834,-0.196922887451744,0.1822406110473934,-0.0665573616721553,-0.0450714644543416,-0.1436102010624355,0
2026-01-05,1.9178099838393845,1.2096178868452616,0.335689550971618,0.0712150285390949,0.2066436587760931,-1.1541778660221365,0.5631756149687461,0
2026-01-06,2.3351849659195163,0.7044723436286565,0.9277882430216584,-0.1602712692221367,-0.7483819759914746,0.0793906643662646,-0.0634129550921709,1
2026-01-07,0.2539823489358077,-0.3650593827148213,0.276841951180813,-0.0368724886539159,-0.4479187772878195,0.2770740076925511,-0.5041944139100052,0
2026-01-08,-1.2427710212118,-0.6152888998516499,-0.6980814315316021,0.2557478046007024,0.5980736889985246,-0.5751644869470927,-0.0904544335083339,0
2026-01-09,1.137707570101801,0.8137368576647336,0.1014023903479081,0.0111725813418055,0.1322041080120516,0.0862701766814232,-0.3940592832620595,0
2026-01-12,1.7664785979246616,2.123969341282928,0.4272845530790982,-0.1090938927866713,0.2693675227138993,-0.2841582171103097,-0.3866668297797491,1
2026-01-13,-0.6637328610171637,0.1031230864733029,0.18135992201744,-0.0302921808494992,-0.1166330059877074,-0.1144054118844073,0.039855279961535,0
2026-01-14,0.5461666106675717,1.5240784990958218,0.2253477486755313,-0.0933616557282229,0.2634437027189729,-0.0961802281071446,-0.5463609308716008,0
2026-01-15,-0.2788392616971667,-0.5569038116005393,-0.2664281639326887,0.1201085654037284,0.1011756695143678,-0.0648801790111967,0.2321777252467503,0
2026-01-16,-0.8614312765080235,-0.0796629976199592,-0.5466364914430878,0.1627220432578213,0.54822793584638,-0.02116717840682,0.1496640872820761,0
2026-01-19,-0.9247632002751828,1.1722360885450394,0.5011781806957276,-0.0578104891332785,0.0409825543740909,-1.0254482098185536,-1.297796482413122,0
2026-01-20,-0.2348836128725053,0.9534206560336848,0.1551227327351684,-0.015321233088926,0.2389964644276711,-0.5297189624114486,0.0762299292874133,0
2026-01-21,0.9042579091450044,2.42548279406717,0.7618850295563054,-0.0708610085779437,0.2716286998566629,-1.7107731806483133,0.0432992547454529,1
2026-01-22,0.4262454278674129,-0.2999901262961789,0.2499854618884859,-0.0594580172208092,-0.4350650741007932,0.5188857474981659,-0.3632084228592462,3
2026-01-23,1.0559007272966583,2.4973032154152155,0.4101952107111835,-0.0579203232205507,0.5084226328203144,-0.8443356230528196,-0.7613107811476765,1
2026-01-26,1.068755917276775,3.1270852458379204,1.2709383060038493,-0.3376313984009232,-0.1473523282801085,-0.7534006820202057,0.1439188833377662,1
2026-01-27,-0.0349002251321314,-0.2597313988202672,-0.0114975944512294,0.0701345964540818,-0.0400303582113332,-0.2212846553371472,-0.058285381004202,0
2026-01-28,1.3810900165592686,3.568962135333558,0.8909570883202248,-0.2335176662177557,0.4063030681763001,-1.0911100507406617,-0.0119131028506259,1
2026-01-29,2.000217490946981,4.750773369883474,1.852414546330708,-0.4709015053963687,-0.1127907310617026,-1.4393846316176822,0.5133230871902686,1
2026-01-30,-3.123550214669536,-6.338359892628788,-1.959822880043936,0.5011710913281265,-0.4341347661971552,2.6046803119820034,-0.1872840896200061,1
2026-02-02,-6.004525517601556,-11.513037683270548,-3.5832573212215024,0.7884533106435027,-0.8315999895357066,5.112883582309592,-0.3970772675476203,1
2026-02-03,2.538722042805353,5.359829345236765,1.315400392379111,-0.1088268404986723,0.9251966628214612,-3.596234399482374,0.4630100858581699,1
2026-02-04,1.9704850271557388,3.711228772674122,1.444758460962441,-0.3496351346492354,-0.0996814080509487,-1.110014580729322,0.2685346649375181,1
2026-02-05,-2.285073252529264,-3.1862942508286727,-1.2300412972950128,0.3386376136316577,0.110852611861069,0.8162389884011138,0.3611326632655881,1
2026-02-06,-0.9454457697685962,-1.09704207606776,-0.601786891355603,0.2113240329226815,0.2358521037948896,0.2116225625891022,-0.143660212122675,0
2026-02-09,1.8188041536470383,1.8066597968872264,0.191878949669034,0.0023501835663666,0.4625798677281755,-0.6483618665989069,0.4025694932053925,1
2026-02-10,0.0329673480091769,0.0482019018308332,-0.0132259494921743,0.0171665818631556,0.0180696134848251,0.0738006568864868,0.0589492159429702,0
2026-02-11,0.2991513529231935,0.8174526289544088,0.1723858230826891,-0.0823218505046445,0.0502197665299462,0.2179172986099434,-0.3170168862904358,0
2026-02-12,0.0181898705511519,-0.2366329181757195,-0.367362838804849,0.1532443881583693,0.3196146556479874,-0.2274257396803167,-0.0647464567137256,0
2026-02-13,-1.9669596964899865,-1.4466281496601392,-0.4590835674720989,0.3465634070350322,0.1099485877647368,-0.1645096560372633,0.0018333976143454,1
2026-02-24,2.5840510137338653,3.8731523902637672,1.2525640037431436,-0.407196251845078,-0.0092962306661965,-0.1504844649046749,-0.176185499775812,1
2026-02-25,1.004647253972883,-0.4086862608415628,0.3243440131078785,-0.0094172522838246,-0.5047398119442035,0.1773407816448495,-0.2415323452888969,3
2026-02-26,-0.3012075913135039,-0.6879042633117249,0.1560740279782171,0.1075691836799929,-0.2721013002173649,-0.6852710661370413,0.0256036424321187,0
2026-02-27,0.163756026972708,0.0654540300820495,-0.1483066069355814,0.0514462825299608,0.1114770747822128,0.3585944726120127,-0.5631866615129724,0
2026-03-02,2.0557944898785148,5.17401552511625,1.5088724558554198,-0.4547711820533241,0.3034739606338331,-1.0663316931358655,0.0024842435260873,1
2026-03-03,-1.4963679795621792,-0.4998904285699219,0.4342041776338814,-0.3133755196620956,-0.8453543836507023,1.8693457009122256,-0.2869900086515563,0
2026-03-04,-0.4662222326270305,-1.2629768328827158,-0.3391031984135361,-0.1436944113247937,-0.4800211027007845,2.6559636718972817,-1.2253322291692756,0
2026-03-05,0.5792552400129917,-0.4743785596165668,-0.1456564200271332,0.0789765803749687,-0.0496633363049498,0.2141081328852543,0.2992313193613598,3
2026-03-06,0.6742154118706788,-0.4284126255828072,0.0308230202157217,-0.0608772570157866,-0.3765593543779064,1.328268379935565,-0.4494672661956886,3
2026-03-09,1.3513263535274307,1.2501480013532238,1.721963497660073,-0.657949127969684,-1.6699559017079353,2.1529509425623226,-1.4282486466829465,0
2026-03-10,-0.1091806918941797,-0.8003580331085893,-0.7359178180102955,0.4452452768691273,0.7429976350078145,-1.7432177399375148,1.0304139758080693,0
2026-03-11,0.7548766425158117,0.4442334647673835,0.4604491078981966,-0.0959229430227468,-0.3426000649590317,0.1181646757676118,0.1838199963440023,0
2026-03-12,0.4930388750748987,0.5840453670457694,0.3211582188237465,-0.2666359562718102,-0.3986218839003124,1.6490261405713844,-0.682940413587202,0
2026-03-13,-0.3561104898593515,-0.9389119917226364,0.1778788826075663,-0.1371813028014476,-0.6779509670157607,1.290888612606654,-0.246012663112164,0
