nav,cumulative_nav_withdrawal,cumulative_nav,price_change,price_date
1.0,1.0,1.0,0.0,2016-08-16
1.0,1.0,1.0,0.0,2016-08-17
1.0,1.0,1.0,0.0,2016-08-18
1.0,1.0,1.0,0.0,2016-08-19
1.0,1.0,1.0,0.0,2016-08-22
1.0,1.0,1.0,0.0,2016-08-23
1.0,1.0,1.0,0.0,2016-08-24
1.0,1.0,1.0,0.0,2016-08-25
1.0,1.0,1.0,0.0,2016-08-26
1.0,1.0,1.0,0.0,2016-08-29
1.0,1.0,1.0,0.0,2016-08-30
1.0,1.0,1.0,0.0,2016-08-31
1.0,1.0,1.0,0.0,2016-09-01
1.0,1.0,1.0,0.0,2016-09-02
1.0,1.0,1.0,0.0,2016-09-05
1.006,1.006,1.006,0.006,2016-09-06
1.004,1.004,1.004,-0.0019880716,2016-09-07
1.003,1.003,1.003,-0.0009960159,2016-09-08
1.0,1.0,1.0,-0.0029910269,2016-09-09
0.989,0.989,0.989,-0.011,2016-09-12
0.987,0.987,0.987,-0.0020222447,2016-09-13
0.987,0.987,0.987,0.0,2016-09-14
0.987,0.987,0.987,0.0,2016-09-16
1.003,1.003,1.003,0.0162107396,2016-09-19
1.001,1.001,1.001,-0.0019940179,2016-09-20
1.007,1.007,1.007,0.005994006,2016-09-21
1.019,1.019,1.019,0.0119165839,2016-09-22
1.019,1.019,1.019,0.0,2016-09-23
1.001,1.001,1.001,-0.0176643768,2016-09-26
1.005,1.005,1.005,0.003996004,2016-09-27
0.995,0.995,0.995,-0.0099502488,2016-09-28
0.998,0.998,0.998,0.0030150754,2016-09-29
1.0,1.0,1.0,0.002004008,2016-09-30
1.0,1.0,1.0,0.0,2016-10-07
1.024,1.024,1.024,0.024,2016-10-10
1.03,1.03,1.03,0.005859375,2016-10-11
1.027,1.027,1.027,-0.0029126214,2016-10-12
1.035,1.035,1.035,0.0077896787,2016-10-13
1.032,1.032,1.032,-0.0028985507,2016-10-14
1.019,1.019,1.019,-0.0125968992,2016-10-17
1.025,1.025,1.025,0.0058881256,2016-10-18
1.014,1.014,1.014,-0.0107317073,2016-10-19
1.012,1.012,1.012,-0.0019723866,2016-10-20
1.014,1.014,1.014,0.0019762846,2016-10-21
1.015,1.015,1.015,0.0009861933,2016-10-24
1.033,1.033,1.033,0.0177339901,2016-10-25
1.047,1.047,1.047,0.013552759,2016-10-26
1.031,1.031,1.031,-0.0152817574,2016-10-27
1.033,1.033,1.033,0.0019398642,2016-10-28
1.018,1.018,1.018,-0.0145208132,2016-10-31
1.031,1.031,1.031,0.0127701375,2016-11-01
1.027,1.027,1.027,-0.0038797284,2016-11-02
1.027,1.027,1.027,0.0,2016-11-03
1.016,1.016,1.016,-0.0107108082,2016-11-04
1.016,1.016,1.016,0.0,2016-11-07
1.023,1.023,1.023,0.0068897638,2016-11-08
1.014,1.014,1.014,-0.008797654,2016-11-09
1.02,1.02,1.02,0.0059171598,2016-11-10
1.039,1.039,1.039,0.018627451,2016-11-11
1.028,1.028,1.028,-0.010587103,2016-11-14
1.028,1.028,1.028,0.0,2016-11-15
1.033,1.033,1.033,0.0048638132,2016-11-16
1.032,1.032,1.032,-0.0009680542,2016-11-17
1.027,1.027,1.027,-0.0048449612,2016-11-18
1.042,1.042,1.042,0.0146056475,2016-11-21
1.036,1.036,1.036,-0.0057581574,2016-11-22
1.03,1.03,1.03,-0.0057915058,2016-11-23
1.014,1.014,1.014,-0.0155339806,2016-11-24
1.022,1.022,1.022,0.0078895464,2016-11-25
1.031,1.031,1.031,0.0088062622,2016-11-28
1.028,1.028,1.028,-0.0029097963,2016-11-29
1.025,1.025,1.025,-0.0029182879,2016-11-30
1.02,1.02,1.02,-0.0048780488,2016-12-01
1.043,1.043,1.043,0.0225490196,2016-12-02
1.027,1.027,1.027,-0.0153403643,2016-12-05
1.033,1.033,1.033,0.005842259,2016-12-06
1.049,1.049,1.049,0.0154888674,2016-12-07
1.064,1.064,1.064,0.0142993327,2016-12-08
1.061,1.061,1.061,-0.0028195489,2016-12-09
1.04,1.04,1.04,-0.0197926484,2016-12-12
1.053,1.053,1.053,0.0125,2016-12-13
1.048,1.048,1.048,-0.0047483381,2016-12-14
1.04,1.04,1.04,-0.0076335878,2016-12-15
1.034,1.034,1.034,-0.0057692308,2016-12-16
1.039,1.039,1.039,0.0048355899,2016-12-19
1.036,1.036,1.036,-0.0028873917,2016-12-20
1.037,1.037,1.037,0.000965251,2016-12-21
1.034,1.034,1.034,-0.0028929605,2016-12-22
1.033,1.033,1.033,-0.000967118,2016-12-23
1.031,1.031,1.031,-0.0019361084,2016-12-26
1.037,1.037,1.037,0.0058195926,2016-12-27
1.033,1.033,1.033,-0.0038572806,2016-12-28
1.03,1.03,1.03,-0.0029041626,2016-12-29
1.032,1.032,1.032,0.0019417476,2016-12-30
1.033,1.033,1.033,0.0009689922,2017-01-03
1.033,1.033,1.033,0.0,2017-01-04
1.038,1.038,1.038,0.0048402711,2017-01-05
1.034,1.034,1.034,-0.0038535645,2017-01-06
1.036,1.036,1.036,0.001934236,2017-01-09
1.026,1.026,1.026,-0.0096525097,2017-01-10
1.011,1.011,1.011,-0.014619883,2017-01-11
1.008,1.008,1.008,-0.0029673591,2017-01-12
1.011,1.011,1.011,0.0029761905,2017-01-13
1.013,1.013,1.013,0.0019782394,2017-01-16
1.012,1.012,1.012,-0.0009871668,2017-01-17
1.021,1.021,1.021,0.0088932806,2017-01-18
1.016,1.016,1.016,-0.0048971596,2017-01-19
1.018,1.018,1.018,0.0019685039,2017-01-20
1.019,1.019,1.019,0.0009823183,2017-01-23
1.022,1.022,1.022,0.0029440628,2017-01-24
1.02,1.02,1.02,-0.0019569472,2017-01-25
1.027,1.027,1.027,0.0068627451,2017-01-26
1.027,1.027,1.027,0.0,2017-01-27
1.022,1.022,1.022,-0.0048685492,2017-02-03
1.023,1.023,1.023,0.0009784736,2017-02-06
1.023,1.023,1.023,0.0,2017-02-07
1.024,1.024,1.024,0.0009775171,2017-02-08
1.024,1.024,1.024,0.0,2017-02-09
1.019,1.019,1.019,-0.0048828125,2017-02-10
1.015,1.015,1.015,-0.0039254171,2017-02-13
1.031,1.031,1.031,0.0157635468,2017-02-14
1.027,1.027,1.027,-0.0038797284,2017-02-15
1.03,1.03,1.03,0.0029211295,2017-02-16
1.032,1.032,1.032,0.0019417476,2017-02-17
1.041,1.041,1.041,0.0087209302,2017-02-20
1.044,1.044,1.044,0.0028818444,2017-02-21
1.041,1.041,1.041,-0.0028735632,2017-02-22
1.039,1.039,1.039,-0.0019212296,2017-02-23
1.039,1.039,1.039,0.0,2017-02-24
1.033,1.033,1.033,-0.0057747834,2017-02-27
1.031,1.031,1.031,-0.0019361084,2017-02-28
1.033,1.033,1.033,0.0019398642,2017-03-01
1.029,1.029,1.029,-0.0038722168,2017-03-02
1.025,1.025,1.025,-0.0038872692,2017-03-03
1.025,1.025,1.025,0.0,2017-03-06
1.03,1.03,1.03,0.0048780488,2017-03-07
1.021,1.021,1.021,-0.0087378641,2017-03-08
1.032,1.032,1.032,0.0107737512,2017-03-09
1.043,1.043,1.043,0.0106589147,2017-03-10
1.058,1.058,1.058,0.0143815916,2017-03-13
1.056,1.056,1.056,-0.0018903592,2017-03-14
1.058,1.058,1.058,0.0018939394,2017-03-15
1.06,1.06,1.06,0.0018903592,2017-03-16
1.053,1.053,1.053,-0.0066037736,2017-03-17
1.05,1.05,1.05,-0.0028490028,2017-03-20
1.049,1.049,1.049,-0.000952381,2017-03-21
1.048,1.048,1.048,-0.0009532888,2017-03-22
1.052,1.052,1.052,0.0038167939,2017-03-23
1.045,1.045,1.045,-0.0066539924,2017-03-24
1.038,1.038,1.038,-0.0066985646,2017-03-27
1.037,1.037,1.037,-0.0009633911,2017-03-28
1.043,1.043,1.043,0.0057859209,2017-03-29
1.032,1.032,1.032,-0.0105465005,2017-03-30
1.028,1.028,1.028,-0.003875969,2017-03-31
1.033,1.033,1.033,0.0048638132,2017-04-05
1.049,1.049,1.049,0.0154888674,2017-04-06
1.053,1.053,1.053,0.0038131554,2017-04-07
1.047,1.047,1.047,-0.0056980057,2017-04-10
1.054,1.054,1.054,0.0066857689,2017-04-11
1.036,1.036,1.036,-0.0170777989,2017-04-12
1.042,1.042,1.042,0.0057915058,2017-04-13
1.031,1.031,1.031,-0.0105566219,2017-04-14
1.023,1.023,1.023,-0.0077594568,2017-04-17
1.027,1.027,1.027,0.0039100684,2017-04-18
1.023,1.023,1.023,-0.0038948393,2017-04-19
1.026,1.026,1.026,0.0029325513,2017-04-20
1.023,1.023,1.023,-0.0029239766,2017-04-21
1.009,1.009,1.009,-0.0136852395,2017-04-24
1.016,1.016,1.016,0.0069375619,2017-04-25
1.006,1.006,1.006,-0.0098425197,2017-04-26
1.007,1.007,1.007,0.0009940358,2017-04-27
1.007,1.007,1.007,0.0,2017-04-28
1.008,1.008,1.008,0.0009930487,2017-05-02
1.006,1.006,1.006,-0.001984127,2017-05-03
1.011,1.011,1.011,0.0049701789,2017-05-04
1.002,1.002,1.002,-0.0089020772,2017-05-05
1.002,1.002,1.002,0.0,2017-05-08
1.001,1.001,1.001,-0.000998004,2017-05-09
0.998,0.998,0.998,-0.002997003,2017-05-10
1.003,1.003,1.003,0.00501002,2017-05-11
1.007,1.007,1.007,0.0039880359,2017-05-12
1.016,1.016,1.016,0.0089374379,2017-05-15
1.018,1.018,1.018,0.0019685039,2017-05-16
1.02,1.02,1.02,0.0019646365,2017-05-17
1.013,1.013,1.013,-0.0068627451,2017-05-18
1.015,1.015,1.015,0.0019743337,2017-05-19
1.006,1.006,1.006,-0.0088669951,2017-05-22
0.992,0.992,0.992,-0.013916501,2017-05-23
0.992,0.992,0.992,0.0,2017-05-24
0.993,0.993,0.993,0.0010080645,2017-05-25
0.989,0.989,0.989,-0.0040281974,2017-05-26
0.989,0.989,0.989,0.0,2017-05-31
0.985,0.985,0.985,-0.0040444894,2017-06-01
0.989,0.989,0.989,0.0040609137,2017-06-02
0.997,0.997,0.997,0.0080889788,2017-06-05
0.999,0.999,0.999,0.0020060181,2017-06-06
1.001,1.001,1.001,0.002002002,2017-06-07
0.999,0.999,0.999,-0.001998002,2017-06-08
1.002,1.002,1.002,0.003003003,2017-06-09
0.999,0.999,0.999,-0.002994012,2017-06-12
1.003,1.003,1.003,0.004004004,2017-06-13
0.993,0.993,0.993,-0.0099700897,2017-06-14
0.997,0.997,0.997,0.0040281974,2017-06-15
0.998,0.998,0.998,0.001003009,2017-06-16
0.997,0.997,0.997,-0.001002004,2017-06-19
0.997,0.997,0.997,0.0,2017-06-20
0.998,0.998,0.998,0.001003009,2017-06-21
0.996,0.996,0.996,-0.002004008,2017-06-22
0.997,0.997,0.997,0.0010040161,2017-06-23
1.003,1.003,1.003,0.0060180542,2017-06-26
1.002,1.002,1.002,-0.000997009,2017-06-27
1.005,1.005,1.005,0.002994012,2017-06-28
1.022,1.022,1.022,0.0169154229,2017-06-29
1.025,1.025,1.025,0.0029354207,2017-06-30
1.027,1.027,1.027,0.0019512195,2017-07-03
1.025,1.025,1.025,-0.0019474197,2017-07-04
1.034,1.034,1.034,0.0087804878,2017-07-05
1.048,1.048,1.048,0.0135396518,2017-07-06
1.066,1.066,1.066,0.0171755725,2017-07-07
1.068,1.068,1.068,0.0018761726,2017-07-10
1.057,1.057,1.057,-0.0102996255,2017-07-11
1.061,1.061,1.061,0.0037842952,2017-07-12
1.092,1.092,1.092,0.0292177191,2017-07-13
1.09,1.09,1.09,-0.0018315018,2017-07-14
1.075,1.075,1.075,-0.0137614679,2017-07-17
1.09,1.09,1.09,0.0139534884,2017-07-18
1.121,1.121,1.121,0.028440367,2017-07-19
1.135,1.135,1.135,0.0124888492,2017-07-20
1.157,1.157,1.157,0.0193832599,2017-07-21
1.172,1.172,1.172,0.0129645635,2017-07-24
1.18,1.18,1.18,0.0068259386,2017-07-25
1.184,1.184,1.184,0.0033898305,2017-07-26
1.182,1.182,1.182,-0.0016891892,2017-07-27
1.179,1.179,1.179,-0.0025380711,2017-07-28
1.212,1.212,1.212,0.0279898219,2017-07-31
1.233,1.233,1.233,0.0173267327,2017-08-01
1.247,1.247,1.247,0.0113544201,2017-08-02
1.248,1.248,1.248,0.0008019246,2017-08-03
1.244,1.244,1.244,-0.0032051282,2017-08-04
1.242,1.242,1.242,-0.001607717,2017-08-07
1.244,1.244,1.244,0.001610306,2017-08-08
1.25,1.25,1.25,0.0048231511,2017-08-09
1.24,1.24,1.24,-0.008,2017-08-10
1.191,1.191,1.191,-0.039516129,2017-08-11
1.219,1.219,1.219,0.0235096558,2017-08-14
1.218,1.218,1.218,-0.0008203445,2017-08-15
1.223,1.223,1.223,0.0041050903,2017-08-16
1.249,1.249,1.249,0.0212591987,2017-08-17
1.24,1.24,1.24,-0.0072057646,2017-08-18
1.255,1.255,1.255,0.0120967742,2017-08-21
1.252,1.252,1.252,-0.0023904382,2017-08-22
1.236,1.236,1.236,-0.0127795527,2017-08-23
1.235,1.235,1.235,-0.0008090615,2017-08-24
1.239,1.239,1.239,0.0032388664,2017-08-25
1.242,1.242,1.242,0.0024213075,2017-08-28
1.243,1.243,1.243,0.000805153,2017-08-29
1.246,1.246,1.246,0.0024135157,2017-08-30
1.243,1.243,1.243,-0.0024077047,2017-08-31
1.242,1.242,1.242,-0.0008045052,2017-09-01
1.26,1.26,1.26,0.0144927536,2017-09-04
1.26,1.26,1.26,0.0,2017-09-05
1.257,1.257,1.257,-0.0023809524,2017-09-06
1.244,1.244,1.244,-0.0103420843,2017-09-07
1.252,1.252,1.252,0.0064308682,2017-09-08
1.252,1.252,1.252,0.0,2017-09-11
1.254,1.254,1.254,0.0015974441,2017-09-12
1.262,1.262,1.262,0.0063795853,2017-09-13
1.266,1.266,1.266,0.0031695721,2017-09-14
1.251,1.251,1.251,-0.0118483412,2017-09-15
1.254,1.254,1.254,0.0023980815,2017-09-18
1.255,1.255,1.255,0.0007974482,2017-09-19
1.262,1.262,1.262,0.0055776892,2017-09-20
1.253,1.253,1.253,-0.0071315372,2017-09-21
1.239,1.239,1.239,-0.0111731844,2017-09-22
1.224,1.224,1.224,-0.0121065375,2017-09-25
1.225,1.225,1.225,0.0008169935,2017-09-26
1.232,1.232,1.232,0.0057142857,2017-09-27
1.232,1.232,1.232,0.0,2017-09-28
1.235,1.235,1.235,0.0024350649,2017-09-29
1.241,1.241,1.241,0.0048582996,2017-10-09
1.245,1.245,1.245,0.0032232071,2017-10-10
1.249,1.249,1.249,0.0032128514,2017-10-11
1.248,1.248,1.248,-0.0008006405,2017-10-12
1.254,1.254,1.254,0.0048076923,2017-10-13
1.257,1.257,1.257,0.0023923445,2017-10-16
1.255,1.255,1.255,-0.0015910899,2017-10-17
1.259,1.259,1.259,0.003187251,2017-10-18
1.248,1.248,1.248,-0.0087370929,2017-10-19
1.249,1.249,1.249,0.0008012821,2017-10-20
1.246,1.246,1.246,-0.0024019215,2017-10-23
1.24,1.24,1.24,-0.0048154093,2017-10-24
1.26,1.26,1.26,0.0161290323,2017-10-25
1.267,1.267,1.267,0.0055555556,2017-10-26
1.262,1.262,1.262,-0.0039463299,2017-10-27
1.253,1.253,1.253,-0.0071315372,2017-10-30
1.259,1.259,1.259,0.0047885076,2017-10-31
1.268,1.268,1.268,0.0071485306,2017-11-01
1.262,1.262,1.262,-0.0047318612,2017-11-02
1.263,1.263,1.263,0.000792393,2017-11-03
1.28,1.28,1.28,0.0134600158,2017-11-06
1.289,1.289,1.289,0.00703125,2017-11-07
1.305,1.305,1.305,0.012412723,2017-11-08
1.334,1.334,1.334,0.0222222222,2017-11-09
1.336,1.336,1.336,0.0014992504,2017-11-10
1.349,1.349,1.349,0.0097305389,2017-11-13
1.339,1.339,1.339,-0.0074128984,2017-11-14
1.316,1.316,1.316,-0.0171769978,2017-11-15
1.318,1.318,1.318,0.0015197568,2017-11-16
1.302,1.302,1.302,-0.0121396055,2017-11-17
1.328,1.328,1.328,0.019969278,2017-11-20
1.329,1.329,1.329,0.000753012,2017-11-21
1.324,1.324,1.324,-0.0037622272,2017-11-22
1.299,1.299,1.299,-0.0188821752,2017-11-23
1.291,1.291,1.291,-0.0061585835,2017-11-24
1.265,1.265,1.265,-0.0201394268,2017-11-27
1.274,1.274,1.274,0.0071146245,2017-11-28
1.273,1.273,1.273,-0.0007849294,2017-11-29
1.264,1.264,1.264,-0.0070699136,2017-11-30
1.264,1.264,1.264,0.0,2017-12-01
1.261,1.261,1.261,-0.0023734177,2017-12-04
1.258,1.258,1.258,-0.0023790642,2017-12-05
1.256,1.256,1.256,-0.0015898251,2017-12-06
1.246,1.246,1.246,-0.0079617834,2017-12-07
1.252,1.252,1.252,0.0048154093,2017-12-08
1.262,1.262,1.262,0.0079872204,2017-12-11
1.261,1.261,1.261,-0.000792393,2017-12-12
1.265,1.265,1.265,0.0031720856,2017-12-13
1.267,1.267,1.267,0.0015810277,2017-12-14
1.264,1.264,1.264,-0.0023677979,2017-12-15
1.263,1.263,1.263,-0.0007911392,2017-12-18
1.265,1.265,1.265,0.0015835313,2017-12-19
1.26,1.26,1.26,-0.0039525692,2017-12-20
1.268,1.268,1.268,0.0063492063,2017-12-21
1.27,1.27,1.27,0.0015772871,2017-12-22
1.28,1.28,1.28,0.0078740157,2017-12-25
1.282,1.282,1.282,0.0015625,2017-12-26
1.291,1.291,1.291,0.0070202808,2017-12-27
1.29,1.29,1.29,-0.0007745933,2017-12-28
1.288,1.288,1.288,-0.0015503876,2017-12-29
1.293,1.293,1.293,0.0038819876,2018-01-02
1.288,1.288,1.288,-0.003866976,2018-01-03
1.287,1.287,1.287,-0.0007763975,2018-01-04
1.287,1.287,1.287,0.0,2018-01-05
1.296,1.296,1.296,0.006993007,2018-01-08
1.304,1.304,1.304,0.0061728395,2018-01-09
1.311,1.311,1.311,0.0053680982,2018-01-10
1.299,1.299,1.299,-0.0091533181,2018-01-11
1.304,1.304,1.304,0.0038491147,2018-01-12
1.285,1.285,1.285,-0.0145705521,2018-01-15
1.287,1.287,1.287,0.0015564202,2018-01-16
1.285,1.285,1.285,-0.0015540016,2018-01-17
1.294,1.294,1.294,0.0070038911,2018-01-18
1.297,1.297,1.297,0.0023183926,2018-01-19
1.3,1.3,1.3,0.0023130301,2018-01-22
1.302,1.302,1.302,0.0015384615,2018-01-23
1.306,1.306,1.306,0.0030721966,2018-01-24
1.317,1.317,1.317,0.0084226646,2018-01-25
1.323,1.323,1.323,0.0045558087,2018-01-26
1.327,1.327,1.327,0.0030234316,2018-01-29
1.323,1.323,1.323,-0.003014318,2018-01-30
1.323,1.323,1.323,0.0,2018-01-31
1.327,1.327,1.327,0.0030234316,2018-02-01
1.34,1.34,1.34,0.0097965335,2018-02-02
1.336,1.336,1.336,-0.0029850746,2018-02-05
1.317,1.317,1.317,-0.0142215569,2018-02-06
1.32,1.32,1.32,0.0022779043,2018-02-07
1.32,1.32,1.32,0.0,2018-02-08
1.29,1.29,1.29,-0.0227272727,2018-02-09
1.293,1.293,1.293,0.0023255814,2018-02-12
1.301,1.301,1.301,0.0061871616,2018-02-13
1.297,1.297,1.297,-0.003074558,2018-02-14
1.309,1.309,1.309,0.0092521203,2018-02-22
1.312,1.312,1.312,0.0022918258,2018-02-23
1.332,1.332,1.332,0.0152439024,2018-02-26
1.323,1.323,1.323,-0.0067567568,2018-02-27
1.311,1.311,1.311,-0.0090702948,2018-02-28
1.312,1.312,1.312,0.0007627765,2018-03-01
1.308,1.308,1.308,-0.0030487805,2018-03-02
1.311,1.311,1.311,0.002293578,2018-03-05
1.319,1.319,1.319,0.0061022121,2018-03-06
1.309,1.309,1.309,-0.0075815011,2018-03-07
1.314,1.314,1.314,0.0038197097,2018-03-08
1.316,1.316,1.316,0.00152207,2018-03-09
1.323,1.323,1.323,0.0053191489,2018-03-12
1.316,1.316,1.316,-0.0052910053,2018-03-13
1.314,1.314,1.314,-0.0015197568,2018-03-14
1.324,1.324,1.324,0.0076103501,2018-03-15
1.311,1.311,1.311,-0.0098187311,2018-03-16
1.314,1.314,1.314,0.0022883295,2018-03-19
1.307,1.307,1.307,-0.0053272451,2018-03-20
1.306,1.306,1.306,-0.0007651109,2018-03-21
1.31,1.31,1.31,0.0030627871,2018-03-22
1.286,1.286,1.286,-0.0183206107,2018-03-23
1.285,1.285,1.285,-0.000777605,2018-03-26
1.301,1.301,1.301,0.0124513619,2018-03-27
1.282,1.282,1.282,-0.0146041507,2018-03-28
1.3,1.3,1.3,0.0140405616,2018-03-29
1.29,1.29,1.29,-0.0076923077,2018-03-30
1.297,1.297,1.297,0.0054263566,2018-04-02
1.281,1.281,1.281,-0.0123361604,2018-04-03
1.28,1.28,1.28,-0.0007806401,2018-04-04
1.267,1.267,1.267,-0.01015625,2018-04-09
1.281,1.281,1.281,0.0110497238,2018-04-10
1.274,1.274,1.274,-0.0054644809,2018-04-11
1.261,1.261,1.261,-0.0102040816,2018-04-12
1.264,1.264,1.264,0.0023790642,2018-04-13
1.254,1.254,1.254,-0.0079113924,2018-04-16
1.235,1.235,1.235,-0.0151515152,2018-04-17
1.226,1.226,1.226,-0.0072874494,2018-04-18
1.232,1.232,1.232,0.0048939641,2018-04-19
1.215,1.215,1.215,-0.0137987013,2018-04-20
1.246,1.246,1.246,0.0255144033,2018-04-23
1.262,1.262,1.262,0.0128410915,2018-04-24
1.273,1.273,1.273,0.0087163233,2018-04-25
1.25,1.25,1.25,-0.018067557,2018-04-26
1.251,1.251,1.251,0.0008,2018-04-27
1.253,1.253,1.253,0.001598721,2018-05-02
1.26,1.26,1.26,0.0055865922,2018-05-03
1.258,1.258,1.258,-0.0015873016,2018-05-04
1.27,1.27,1.27,0.0095389507,2018-05-07
1.284,1.284,1.284,0.011023622,2018-05-08
1.278,1.278,1.278,-0.0046728972,2018-05-09
1.279,1.279,1.279,0.0007824726,2018-05-10
1.27,1.27,1.27,-0.0070367475,2018-05-11
1.291,1.291,1.291,0.0165354331,2018-05-14
1.294,1.294,1.294,0.00232378,2018-05-15
1.293,1.293,1.293,-0.0007727975,2018-05-16
1.28,1.28,1.28,-0.0100541377,2018-05-17
1.282,1.282,1.282,0.0015625,2018-05-18
1.296,1.296,1.296,0.0109204368,2018-05-21
1.302,1.302,1.302,0.0046296296,2018-05-22
1.297,1.297,1.297,-0.0038402458,2018-05-23
1.312,1.312,1.312,0.0115651503,2018-05-24
1.324,1.324,1.324,0.0091463415,2018-05-25
1.32,1.32,1.32,-0.003021148,2018-05-28
1.319,1.319,1.319,-0.0007575758,2018-05-29
1.314,1.314,1.314,-0.0037907506,2018-05-30
1.363,1.363,1.363,0.0372907154,2018-05-31
1.353,1.353,1.353,-0.0073367572,2018-06-01
1.352,1.352,1.352,-0.0007390983,2018-06-04
1.352,1.352,1.352,0.0,2018-06-05
1.352,1.352,1.352,0.0,2018-06-06
1.346,1.346,1.346,-0.0044378698,2018-06-07
1.328,1.328,1.328,-0.0133729569,2018-06-08
1.319,1.319,1.319,-0.0067771084,2018-06-11
1.324,1.324,1.324,0.0037907506,2018-06-12
1.313,1.313,1.313,-0.0083081571,2018-06-13
1.307,1.307,1.307,-0.0045696877,2018-06-14
1.299,1.299,1.299,-0.0061208875,2018-06-15
1.272,1.272,1.272,-0.0207852194,2018-06-19
1.279,1.279,1.279,0.0055031447,2018-06-20
1.282,1.282,1.282,0.0023455825,2018-06-21
1.291,1.291,1.291,0.0070202808,2018-06-22
1.289,1.289,1.289,-0.0015491867,2018-06-25
1.289,1.289,1.289,0.0,2018-06-26
1.288,1.288,1.288,-0.0007757952,2018-06-27
1.282,1.282,1.282,-0.0046583851,2018-06-28
1.299,1.299,1.299,0.0132605304,2018-06-29
1.298,1.298,1.298,-0.0007698229,2018-07-02
1.296,1.296,1.296,-0.001540832,2018-07-03
1.283,1.283,1.283,-0.0100308642,2018-07-04
1.275,1.275,1.275,-0.0062353858,2018-07-05
1.284,1.284,1.284,0.0070588235,2018-07-06
1.295,1.295,1.295,0.0085669782,2018-07-09
1.296,1.296,1.296,0.0007722008,2018-07-10
1.296,1.296,1.296,0.0,2018-07-11
1.312,1.312,1.312,0.012345679,2018-07-12
1.313,1.313,1.313,0.0007621951,2018-07-13
1.313,1.313,1.313,0.0,2018-07-16
1.313,1.313,1.313,0.0,2018-07-17
1.31,1.31,1.31,-0.0022848439,2018-07-18
1.306,1.306,1.306,-0.0030534351,2018-07-19
1.314,1.314,1.314,0.0061255743,2018-07-20
1.317,1.317,1.317,0.002283105,2018-07-23
1.32,1.32,1.32,0.0022779043,2018-07-24
1.317,1.317,1.317,-0.0022727273,2018-07-25
1.309,1.309,1.309,-0.0060744115,2018-07-26
1.301,1.301,1.301,-0.0061115355,2018-07-27
1.281,1.281,1.281,-0.0153727902,2018-07-30
1.278,1.278,1.278,-0.0023419204,2018-07-31
1.253,1.253,1.253,-0.0195618153,2018-08-01
1.248,1.248,1.248,-0.003990423,2018-08-02
1.23,1.23,1.23,-0.0144230769,2018-08-03
1.217,1.217,1.217,-0.0105691057,2018-08-06
1.234,1.234,1.234,0.0139687757,2018-08-07
1.22,1.22,1.22,-0.0113452188,2018-08-08
1.224,1.224,1.224,0.0032786885,2018-08-09
1.228,1.228,1.228,0.0032679739,2018-08-10
1.224,1.224,1.224,-0.003257329,2018-08-13
1.223,1.223,1.223,-0.0008169935,2018-08-14
1.219,1.219,1.219,-0.003270646,2018-08-15
1.214,1.214,1.214,-0.0041017227,2018-08-16
1.209,1.209,1.209,-0.0041186161,2018-08-17
1.213,1.213,1.213,0.0033085194,2018-08-20
1.222,1.222,1.222,0.0074196208,2018-08-21
1.22,1.22,1.22,-0.0016366612,2018-08-22
1.221,1.221,1.221,0.0008196721,2018-08-23
1.22,1.22,1.22,-0.0008190008,2018-08-24
1.232,1.232,1.232,0.0098360656,2018-08-27
1.231,1.231,1.231,-0.0008116883,2018-08-28
1.227,1.227,1.227,-0.0032493907,2018-08-29
1.214,1.214,1.214,-0.010594947,2018-08-30
1.208,1.208,1.208,-0.0049423394,2018-08-31
1.201,1.201,1.201,-0.005794702,2018-09-03
1.209,1.209,1.209,0.0066611157,2018-09-04
1.2,1.2,1.2,-0.0074441687,2018-09-05
1.201,1.201,1.201,0.0008333333,2018-09-06
1.206,1.206,1.206,0.0041631973,2018-09-07
1.201,1.201,1.201,-0.004145937,2018-09-10
1.198,1.198,1.198,-0.0024979184,2018-09-11
1.199,1.199,1.199,0.0008347245,2018-09-12
1.202,1.202,1.202,0.0025020851,2018-09-13
1.205,1.205,1.205,0.0024958403,2018-09-14
1.206,1.206,1.206,0.0008298755,2018-09-17
1.207,1.207,1.207,0.0008291874,2018-09-18
1.213,1.213,1.213,0.0049710025,2018-09-19
1.21,1.21,1.21,-0.0024732069,2018-09-20
1.225,1.225,1.225,0.0123966942,2018-09-21
1.216,1.216,1.216,-0.0073469388,2018-09-25
1.221,1.221,1.221,0.0041118421,2018-09-26
1.215,1.215,1.215,-0.0049140049,2018-09-27
1.22,1.22,1.22,0.0041152263,2018-09-28
1.192,1.192,1.192,-0.0229508197,2018-10-08
1.181,1.181,1.181,-0.0092281879,2018-10-09
1.181,1.181,1.181,0.0,2018-10-10
1.151,1.151,1.151,-0.0254022015,2018-10-11
1.16,1.16,1.16,0.0078192876,2018-10-12
1.152,1.152,1.152,-0.0068965517,2018-10-15
1.143,1.143,1.143,-0.0078125,2018-10-16
1.151,1.151,1.151,0.0069991251,2018-10-17
1.144,1.144,1.144,-0.0060816681,2018-10-18
1.166,1.166,1.166,0.0192307692,2018-10-19
1.2,1.2,1.2,0.0291595197,2018-10-22
1.172,1.172,1.172,-0.0233333333,2018-10-23
1.176,1.176,1.176,0.0034129693,2018-10-24
1.176,1.176,1.176,0.0,2018-10-25
1.169,1.169,1.169,-0.005952381,2018-10-26
1.158,1.158,1.158,-0.0094097519,2018-10-29
1.165,1.165,1.165,0.006044905,2018-10-30
1.172,1.172,1.172,0.0060085837,2018-10-31
1.17,1.17,1.17,-0.0017064846,2018-11-01
1.189,1.189,1.189,0.0162393162,2018-11-02
1.185,1.185,1.185,-0.0033641716,2018-11-05
1.182,1.182,1.182,-0.0025316456,2018-11-06
1.18,1.18,1.18,-0.0016920474,2018-11-07
1.167,1.167,1.167,-0.0110169492,2018-11-08
1.163,1.163,1.163,-0.0034275921,2018-11-09
1.166,1.166,1.166,0.0025795357,2018-11-12
1.169,1.169,1.169,0.0025728988,2018-11-13
1.163,1.163,1.163,-0.005132592,2018-11-14
1.177,1.177,1.177,0.0120378332,2018-11-15
1.179,1.179,1.179,0.0016992353,2018-11-16
1.176,1.176,1.176,-0.0025445293,2018-11-19
1.16,1.16,1.16,-0.0136054422,2018-11-20
1.155,1.155,1.155,-0.0043103448,2018-11-21
1.152,1.152,1.152,-0.0025974026,2018-11-22
1.148,1.148,1.148,-0.0034722222,2018-11-23
1.147,1.147,1.147,-0.0008710801,2018-11-26
1.146,1.146,1.146,-0.0008718396,2018-11-27
1.147,1.147,1.147,0.0008726003,2018-11-28
1.14,1.14,1.14,-0.0061028771,2018-11-29
1.143,1.143,1.143,0.0026315789,2018-11-30
1.151,1.151,1.151,0.0069991251,2018-12-03
1.15,1.15,1.15,-0.0008688097,2018-12-04
1.156,1.156,1.156,0.0052173913,2018-12-05
1.141,1.141,1.141,-0.0129757785,2018-12-06
1.145,1.145,1.145,0.0035056968,2018-12-07
1.143,1.143,1.143,-0.0017467249,2018-12-10
1.143,1.143,1.143,0.0,2018-12-11
1.143,1.143,1.143,0.0,2018-12-12
1.144,1.144,1.144,0.0008748906,2018-12-13
1.14,1.14,1.14,-0.0034965035,2018-12-14
1.14,1.14,1.14,0.0,2018-12-17
1.136,1.136,1.136,-0.0035087719,2018-12-18
1.133,1.133,1.133,-0.0026408451,2018-12-19
1.131,1.131,1.131,-0.0017652251,2018-12-20
1.133,1.133,1.133,0.0017683466,2018-12-21
1.132,1.132,1.132,-0.0008826125,2018-12-24
1.13,1.13,1.13,-0.0017667845,2018-12-25
1.127,1.127,1.127,-0.0026548673,2018-12-26
1.123,1.123,1.123,-0.0035492458,2018-12-27
1.125,1.125,1.125,0.0017809439,2018-12-28
1.123,1.123,1.123,-0.0017777778,2019-01-02
1.122,1.122,1.122,-0.000890472,2019-01-03
1.125,1.125,1.125,0.0026737968,2019-01-04
1.122,1.122,1.122,-0.0026666667,2019-01-07
1.121,1.121,1.121,-0.0008912656,2019-01-08
1.122,1.122,1.122,0.0008920607,2019-01-09
1.12,1.12,1.12,-0.0017825312,2019-01-10
1.122,1.122,1.122,0.0017857143,2019-01-11
1.122,1.122,1.122,0.0,2019-01-14
1.122,1.122,1.122,0.0,2019-01-15
1.118,1.118,1.118,-0.0035650624,2019-01-16
1.117,1.117,1.117,-0.0008944544,2019-01-17
1.116,1.116,1.116,-0.0008952551,2019-01-18
1.123,1.123,1.123,0.0062724014,2019-01-21
1.125,1.125,1.125,0.0017809439,2019-01-22
1.119,1.119,1.119,-0.0053333333,2019-01-23
1.117,1.117,1.117,-0.0017873101,2019-01-24
1.116,1.116,1.116,-0.0008952551,2019-01-25
1.117,1.117,1.117,0.0008960573,2019-01-28
1.112,1.112,1.112,-0.0044762757,2019-01-29
1.107,1.107,1.107,-0.0044964029,2019-01-30
1.1,1.1,1.1,-0.0063233966,2019-01-31
1.11,1.11,1.11,0.0090909091,2019-02-01
1.115,1.115,1.115,0.0045045045,2019-02-11
1.122,1.122,1.122,0.0062780269,2019-02-12
1.139,1.139,1.139,0.0151515152,2019-02-13
1.147,1.147,1.147,0.007023705,2019-02-14
1.141,1.141,1.141,-0.0052310375,2019-02-15
1.153,1.153,1.153,0.0105170903,2019-02-18
1.149,1.149,1.149,-0.0034692108,2019-02-19
1.158,1.158,1.158,0.0078328982,2019-02-20
1.151,1.151,1.151,-0.006044905,2019-02-21
1.165,1.165,1.165,0.0121633362,2019-02-22
1.216,1.216,1.216,0.043776824,2019-02-25
1.215,1.215,1.215,-0.0008223684,2019-02-26
1.216,1.216,1.216,0.0008230453,2019-02-27
1.231,1.231,1.231,0.0123355263,2019-02-28
1.223,1.223,1.223,-0.0064987815,2019-03-01
1.237,1.237,1.237,0.0114472608,2019-03-04
1.25,1.25,1.25,0.0105092967,2019-03-05
1.264,1.264,1.264,0.0112,2019-03-06
1.302,1.302,1.302,0.0300632911,2019-03-07
1.266,1.266,1.266,-0.0276497696,2019-03-08
1.307,1.307,1.307,0.032385466,2019-03-11
1.319,1.319,1.319,0.0091813313,2019-03-12
1.301,1.301,1.301,-0.013646702,2019-03-13
1.276,1.276,1.276,-0.0192159877,2019-03-14
1.284,1.284,1.284,0.0062695925,2019-03-15
1.304,1.304,1.304,0.015576324,2019-03-18
1.31,1.31,1.31,0.004601227,2019-03-19
1.311,1.311,1.311,0.0007633588,2019-03-20
1.312,1.312,1.312,0.0007627765,2019-03-21
1.309,1.309,1.309,-0.0022865854,2019-03-22
1.29,1.29,1.29,-0.0145148969,2019-03-25
1.273,1.273,1.273,-0.0131782946,2019-03-26
1.27,1.27,1.27,-0.0023566379,2019-03-27
1.269,1.269,1.269,-0.0007874016,2019-03-28
1.294,1.294,1.294,0.0197005516,2019-03-29
1.337,1.337,1.337,0.0332302937,2019-04-01
1.349,1.349,1.349,0.0089753179,2019-04-02
1.367,1.367,1.367,0.0133432172,2019-04-03
1.365,1.365,1.365,-0.0014630578,2019-04-04
1.364,1.364,1.364,-0.0007326007,2019-04-08
1.372,1.372,1.372,0.0058651026,2019-04-09
1.376,1.376,1.376,0.0029154519,2019-04-10
1.357,1.357,1.357,-0.0138081395,2019-04-11
1.348,1.348,1.348,-0.0066322771,2019-04-12
1.348,1.348,1.348,0.0,2019-04-15
1.372,1.372,1.372,0.0178041543,2019-04-16
1.406,1.406,1.406,0.0247813411,2019-04-17
1.421,1.421,1.421,0.0106685633,2019-04-18
1.408,1.408,1.408,-0.009148487,2019-04-19
1.393,1.393,1.393,-0.0106534091,2019-04-22
1.384,1.384,1.384,-0.0064608758,2019-04-23
1.405,1.405,1.405,0.0151734104,2019-04-24
1.37,1.37,1.37,-0.024911032,2019-04-25
1.371,1.371,1.371,0.000729927,2019-04-26
1.345,1.345,1.345,-0.0189642597,2019-04-29
1.361,1.361,1.361,0.0118959108,2019-04-30
1.32,1.32,1.32,-0.0301249082,2019-05-06
1.329,1.329,1.329,0.0068181818,2019-05-07
1.323,1.323,1.323,-0.0045146727,2019-05-08
1.314,1.314,1.314,-0.0068027211,2019-05-09
1.342,1.342,1.342,0.0213089802,2019-05-10
1.327,1.327,1.327,-0.0111773472,2019-05-13
1.322,1.322,1.322,-0.0037678975,2019-05-14
1.336,1.336,1.336,0.0105900151,2019-05-15
1.336,1.336,1.336,0.0,2019-05-16
1.29,1.29,1.29,-0.0344311377,2019-05-17
1.284,1.284,1.284,-0.0046511628,2019-05-20
1.297,1.297,1.297,0.0101246106,2019-05-21
1.293,1.293,1.293,-0.0030840401,2019-05-22
1.278,1.278,1.278,-0.0116009281,2019-05-23
1.277,1.277,1.277,-0.0007824726,2019-05-24
1.287,1.287,1.287,0.0078308536,2019-05-27
1.291,1.291,1.291,0.0031080031,2019-05-28
1.289,1.289,1.289,-0.0015491867,2019-05-29
1.292,1.292,1.292,0.0023273856,2019-05-30
1.289,1.289,1.289,-0.0023219814,2019-05-31
1.279,1.279,1.279,-0.0077579519,2019-06-03
1.27,1.27,1.27,-0.0070367475,2019-06-04
1.274,1.274,1.274,0.0031496063,2019-06-05
1.269,1.269,1.269,-0.0039246468,2019-06-06
1.278,1.278,1.278,0.0070921986,2019-06-10
1.298,1.298,1.298,0.0156494523,2019-06-11
1.301,1.301,1.301,0.0023112481,2019-06-12
1.304,1.304,1.304,0.0023059185,2019-06-13
1.3,1.3,1.3,-0.0030674847,2019-06-14
1.301,1.301,1.301,0.0007692308,2019-06-17
1.304,1.304,1.304,0.0023059185,2019-06-18
1.313,1.313,1.313,0.0069018405,2019-06-19
1.326,1.326,1.326,0.0099009901,2019-06-20
1.33,1.33,1.33,0.0030165913,2019-06-21
1.322,1.322,1.322,-0.0060150376,2019-06-24
1.303,1.303,1.303,-0.0143721634,2019-06-25
1.31,1.31,1.31,0.005372218,2019-06-26
1.312,1.312,1.312,0.0015267176,2019-06-27
1.308,1.308,1.308,-0.0030487805,2019-06-28
1.343,1.343,1.343,0.0267584098,2019-07-01
1.335,1.335,1.335,-0.0059568131,2019-07-02
1.314,1.314,1.314,-0.0157303371,2019-07-03
1.314,1.314,1.314,0.0,2019-07-04
1.32,1.32,1.32,0.00456621,2019-07-05
1.294,1.294,1.294,-0.0196969697,2019-07-08
1.293,1.293,1.293,-0.0007727975,2019-07-09
1.286,1.286,1.286,-0.0054137664,2019-07-10
1.291,1.291,1.291,0.0038880249,2019-07-11
1.288,1.288,1.288,-0.00232378,2019-07-12
1.317,1.317,1.317,0.022515528,2019-07-15
1.311,1.311,1.311,-0.0045558087,2019-07-16
1.308,1.308,1.308,-0.0022883295,2019-07-17
1.295,1.295,1.295,-0.0099388379,2019-07-18
1.299,1.299,1.299,0.0030888031,2019-07-19
1.29,1.29,1.29,-0.0069284065,2019-07-22
1.309,1.309,1.309,0.0147286822,2019-07-23
1.328,1.328,1.328,0.0145148969,2019-07-24
1.346,1.346,1.346,0.0135542169,2019-07-25
1.339,1.339,1.339,-0.0052005944,2019-07-26
1.348,1.348,1.348,0.0067214339,2019-07-29
1.343,1.343,1.343,-0.0037091988,2019-07-30
1.346,1.346,1.346,0.0022338049,2019-07-31
1.337,1.337,1.337,-0.0066864785,2019-08-01
1.313,1.313,1.313,-0.0179506358,2019-08-02
1.281,1.281,1.281,-0.0243716679,2019-08-05
1.257,1.257,1.257,-0.018735363,2019-08-06
1.238,1.238,1.238,-0.015115354,2019-08-07
1.253,1.253,1.253,0.0121163166,2019-08-08
1.248,1.248,1.248,-0.003990423,2019-08-09
1.271,1.271,1.271,0.0184294872,2019-08-12
1.271,1.271,1.271,0.0,2019-08-13
1.284,1.284,1.284,0.0102281668,2019-08-14
1.319,1.319,1.319,0.027258567,2019-08-15
1.325,1.325,1.325,0.0045489007,2019-08-16
1.38,1.38,1.38,0.041509434,2019-08-19
1.374,1.374,1.374,-0.0043478261,2019-08-20
1.374,1.374,1.374,0.0,2019-08-21
1.368,1.368,1.368,-0.0043668122,2019-08-22
1.352,1.352,1.352,-0.0116959064,2019-08-23
1.339,1.339,1.339,-0.0096153846,2019-08-26
1.377,1.377,1.377,0.0283793876,2019-08-27
1.372,1.372,1.372,-0.0036310821,2019-08-28
1.366,1.366,1.366,-0.0043731778,2019-08-29
1.358,1.358,1.358,-0.0058565154,2019-08-30
1.368,1.368,1.368,0.0073637703,2019-09-02
1.376,1.376,1.376,0.0058479532,2019-09-03
1.384,1.384,1.384,0.0058139535,2019-09-04
1.399,1.399,1.399,0.0108381503,2019-09-05
1.426,1.426,1.426,0.0192994996,2019-09-06
1.464,1.464,1.464,0.0266479663,2019-09-09
1.457,1.457,1.457,-0.0047814208,2019-09-10
1.443,1.443,1.443,-0.0096087852,2019-09-11
1.448,1.448,1.448,0.0034650035,2019-09-12
1.436,1.436,1.436,-0.0082872928,2019-09-16
1.405,1.405,1.405,-0.0215877437,2019-09-17
1.402,1.402,1.402,-0.0021352313,2019-09-18
1.416,1.416,1.416,0.0099857347,2019-09-19
1.411,1.411,1.411,-0.0035310734,2019-09-20
1.389,1.389,1.389,-0.0155917789,2019-09-23
1.405,1.405,1.405,0.0115190785,2019-09-24
1.389,1.389,1.389,-0.0113879004,2019-09-25
1.364,1.364,1.364,-0.0179985601,2019-09-26
1.39,1.39,1.39,0.0190615836,2019-09-27
1.374,1.374,1.374,-0.0115107914,2019-09-30
1.358,1.358,1.358,-0.0116448326,2019-10-08
1.347,1.347,1.347,-0.0081001473,2019-10-09
1.368,1.368,1.368,0.0155902004,2019-10-10
1.38,1.38,1.38,0.0087719298,2019-10-11
1.401,1.401,1.401,0.0152173913,2019-10-14
1.384,1.384,1.384,-0.0121341899,2019-10-15
1.393,1.393,1.393,0.0065028902,2019-10-16
1.392,1.392,1.392,-0.0007178751,2019-10-17
1.379,1.379,1.379,-0.0093390805,2019-10-18
1.367,1.367,1.367,-0.0087019579,2019-10-21
1.393,1.393,1.393,0.0190197513,2019-10-22
1.382,1.382,1.382,-0.007896626,2019-10-23
1.38,1.38,1.38,-0.001447178,2019-10-24
1.387,1.387,1.387,0.0050724638,2019-10-25
1.429,1.429,1.429,0.0302811824,2019-10-28
1.411,1.411,1.411,-0.0125962211,2019-10-29
1.4,1.4,1.4,-0.0077958894,2019-10-30
1.382,1.382,1.382,-0.0128571429,2019-10-31
1.412,1.412,1.412,0.02170767,2019-11-01
1.43,1.43,1.43,0.0127478754,2019-11-04
1.441,1.441,1.441,0.0076923077,2019-11-05
1.427,1.427,1.427,-0.0097154754,2019-11-06
1.437,1.437,1.437,0.0070077085,2019-11-07
1.433,1.433,1.433,-0.0027835769,2019-11-08
1.412,1.412,1.412,-0.0146545708,2019-11-11
1.414,1.414,1.414,0.0014164306,2019-11-12
1.417,1.417,1.417,0.0021216407,2019-11-13
1.438,1.438,1.438,0.0148200423,2019-11-14
1.419,1.419,1.419,-0.0132127955,2019-11-15
1.435,1.435,1.435,0.0112755462,2019-11-18
1.451,1.451,1.451,0.0111498258,2019-11-19
1.44,1.44,1.44,-0.0075809786,2019-11-20
1.438,1.438,1.438,-0.0013888889,2019-11-21
1.427,1.427,1.427,-0.0076495132,2019-11-22
1.429,1.429,1.429,0.0014015417,2019-11-25
1.439,1.439,1.439,0.0069979006,2019-11-26
1.448,1.448,1.448,0.0062543433,2019-11-27
1.449,1.449,1.449,0.0006906077,2019-11-28
1.447,1.447,1.447,-0.0013802622,2019-11-29
1.45,1.45,1.45,0.002073255,2019-12-02
1.451,1.451,1.451,0.0006896552,2019-12-03
1.455,1.455,1.455,0.0027567195,2019-12-04
1.459,1.459,1.459,0.0027491409,2019-12-05
1.463,1.463,1.463,0.0027416038,2019-12-06
1.467,1.467,1.467,0.002734108,2019-12-09
1.476,1.476,1.476,0.0061349693,2019-12-10
1.45,1.45,1.45,-0.0176151762,2019-12-11
1.441,1.441,1.441,-0.0062068966,2019-12-12
1.451,1.451,1.451,0.0069396253,2019-12-13
1.476,1.476,1.476,0.0172294969,2019-12-16
1.487,1.487,1.487,0.0074525745,2019-12-17
1.489,1.489,1.489,0.0013449899,2019-12-18
1.497,1.497,1.497,0.0053727334,2019-12-19
1.493,1.493,1.493,-0.0026720107,2019-12-20
1.451,1.451,1.451,-0.0281312793,2019-12-23
1.47,1.47,1.47,0.0130944176,2019-12-24
1.468,1.468,1.468,-0.0013605442,2019-12-25
1.472,1.472,1.472,0.0027247956,2019-12-26
1.471,1.471,1.471,-0.0006793478,2019-12-27
1.013,1.485,1.485,0.0095173351,2019-12-30
1.02,1.492,1.4952616,0.0069101678,2019-12-31
1.034,1.506,1.5157848,0.0137254902,2020-01-02
1.033,1.505,1.51431885,-0.000967118,2020-01-03
1.033,1.505,1.51431885,0.0,2020-01-06
1.037,1.509,1.52018263,0.0038722168,2020-01-07
1.032,1.504,1.51285291,-0.0048216008,2020-01-08
1.043,1.515,1.52897828,0.0106589147,2020-01-09
1.039,1.511,1.52311451,-0.0038350911,2020-01-10
1.054,1.526,1.54510365,0.0144369586,2020-01-13
1.061,1.533,1.55536525,0.0066413662,2020-01-14
1.059,1.531,1.55243337,-0.0018850141,2020-01-15
1.058,1.53,1.55096742,-0.0009442871,2020-01-16
1.073,1.545,1.57295656,0.0141776938,2020-01-17
1.09,1.562,1.59787759,0.0158434296,2020-01-20
1.075,1.547,1.57588845,-0.0137614679,2020-01-21
1.092,1.564,1.60080948,0.0158139535,2020-01-22
1.073,1.545,1.57295656,-0.0173992674,2020-01-23
1.014,1.486,1.48646594,-0.0549860205,2020-02-03
1.043,1.515,1.52897828,0.0285996055,2020-02-04
1.076,1.548,1.57735439,0.0316395014,2020-02-05
1.113,1.585,1.63159427,0.0343866171,2020-02-06
1.116,1.588,1.6359921,0.0026954178,2020-02-07
1.14,1.612,1.67117473,0.0215053763,2020-02-10
1.136,1.608,1.66531096,-0.0035087719,2020-02-11
1.149,1.621,1.68436821,0.011443662,2020-02-12
1.132,1.604,1.65944719,-0.0147954743,2020-02-13
1.122,1.594,1.64478776,-0.0088339223,2020-02-14
1.152,1.624,1.68876604,0.0267379679,2020-02-17
1.17,1.642,1.71515301,0.015625,2020-02-18
1.165,1.637,1.7078233,-0.0042735043,2020-02-19
1.191,1.663,1.74593781,0.0223175966,2020-02-20
1.195,1.667,1.75180158,0.0033585223,2020-02-21
1.186,1.658,1.73860809,-0.0075313808,2020-02-24
1.187,1.659,1.74007404,0.0008431703,2020-02-25
1.185,1.657,1.73714215,-0.00168492,2020-02-26
1.19,1.662,1.74447187,0.0042194093,2020-02-27
1.134,1.606,1.66237907,-0.0470588235,2020-02-28
1.16,1.632,1.70049358,0.0229276896,2020-03-02
1.174,1.646,1.72101678,0.0120689655,2020-03-03
1.176,1.648,1.72394867,0.0017035775,2020-03-04
1.186,1.658,1.73860809,0.0085034014,2020-03-05
1.178,1.65,1.72688055,-0.0067453626,2020-03-06
1.141,1.613,1.67264067,-0.0314091681,2020-03-09
1.171,1.643,1.71661895,0.0262927257,2020-03-10
1.161,1.633,1.70195953,-0.0085397096,2020-03-11
1.135,1.607,1.66384501,-0.0223944875,2020-03-12
1.12,1.592,1.64185587,-0.013215859,2020-03-13
1.1,1.572,1.61253702,-0.0178571429,2020-03-16
1.095,1.567,1.60520731,-0.0045454545,2020-03-17
1.098,1.57,1.60960513,0.002739726,2020-03-18
1.09,1.562,1.59787759,-0.0072859745,2020-03-19
1.105,1.577,1.61986673,0.0137614679,2020-03-20
1.08,1.552,1.58321816,-0.0226244344,2020-03-23
1.094,1.566,1.60374136,0.012962963,2020-03-24
1.101,1.573,1.61400296,0.0063985375,2020-03-25
1.101,1.573,1.61400296,0.0,2020-03-26
1.094,1.566,1.60374136,-0.0063578565,2020-03-27
1.089,1.561,1.59641165,-0.0045703839,2020-03-30
1.103,1.575,1.61693485,0.012855831,2020-03-31
1.102,1.574,1.6154689,-0.0009066183,2020-04-01
1.107,1.579,1.62279862,0.0045372051,2020-04-02
1.103,1.575,1.61693485,-0.0036133695,2020-04-03
1.111,1.583,1.62866239,0.0072529465,2020-04-07
1.107,1.579,1.62279862,-0.00360036,2020-04-08
1.118,1.59,1.63892399,0.009936766,2020-04-09
1.125,1.597,1.64918559,0.0062611807,2020-04-10
1.108,1.58,1.62426456,-0.0151111111,2020-04-13
1.116,1.588,1.6359921,0.0072202166,2020-04-14
1.105,1.577,1.61986673,-0.0098566308,2020-04-15
1.111,1.583,1.62866239,0.0054298643,2020-04-16
1.107,1.579,1.62279862,-0.00360036,2020-04-17
1.115,1.587,1.63452616,0.0072267389,2020-04-20
1.11,1.582,1.62719645,-0.0044843049,2020-04-21
1.113,1.585,1.63159427,0.0027027027,2020-04-22
1.105,1.577,1.61986673,-0.0071877808,2020-04-23
1.105,1.577,1.61986673,0.0,2020-04-24
1.102,1.574,1.6154689,-0.0027149321,2020-04-27
1.105,1.577,1.61986673,0.002722323,2020-04-28
1.104,1.576,1.61840079,-0.0009049774,2020-04-29
1.115,1.587,1.63452616,0.0099637681,2020-04-30
1.118,1.59,1.63892399,0.002690583,2020-05-06
1.117,1.589,1.63745805,-0.0008944544,2020-05-07
1.12,1.592,1.64185587,0.0026857654,2020-05-08
1.121,1.593,1.64332182,0.0008928571,2020-05-11
1.117,1.589,1.63745805,-0.0035682426,2020-05-12
1.118,1.59,1.63892399,0.0008952551,2020-05-13
1.108,1.58,1.62426456,-0.0089445438,2020-05-14
1.111,1.583,1.62866239,0.0027075812,2020-05-15
1.107,1.579,1.62279862,-0.00360036,2020-05-18
1.118,1.59,1.63892399,0.009936766,2020-05-19
1.111,1.583,1.62866239,-0.0062611807,2020-05-20
1.101,1.573,1.61400296,-0.0090009001,2020-05-21
1.08,1.552,1.58321816,-0.0190735695,2020-05-22
1.077,1.549,1.57882034,-0.0027777778,2020-05-25
1.084,1.556,1.58908193,0.0064995357,2020-05-26
1.076,1.548,1.57735439,-0.0073800738,2020-05-27
1.068,1.54,1.56562685,-0.0074349442,2020-05-28
1.07,1.542,1.56855874,0.0018726592,2020-05-29
1.093,1.565,1.60227542,0.0214953271,2020-06-01
1.098,1.57,1.60960513,0.0045745654,2020-06-02
1.093,1.565,1.60227542,-0.0045537341,2020-06-03
1.092,1.564,1.60080948,-0.0009149131,2020-06-04
1.093,1.565,1.60227542,0.0009157509,2020-06-05
1.11,1.582,1.62719645,0.0155535224,2020-06-08
1.113,1.585,1.63159427,0.0027027027,2020-06-09
1.118,1.59,1.63892399,0.004492363,2020-06-10
1.116,1.588,1.6359921,-0.0017889088,2020-06-11
1.113,1.585,1.63159427,-0.002688172,2020-06-12
1.093,1.565,1.60227542,-0.0179694519,2020-06-15
1.118,1.59,1.63892399,0.0228728271,2020-06-16
1.112,1.584,1.63012833,-0.0053667263,2020-06-17
1.125,1.597,1.64918559,0.0116906475,2020-06-18
1.129,1.601,1.65504936,0.0035555556,2020-06-19
1.133,1.605,1.66091313,0.0035429584,2020-06-22
1.136,1.608,1.66531096,0.0026478376,2020-06-23
1.137,1.609,1.6667769,0.0008802817,2020-06-24
1.131,1.603,1.65798124,-0.0052770449,2020-06-29
1.139,1.611,1.66970879,0.0070733864,2020-06-30
1.157,1.629,1.69609576,0.0158033363,2020-07-01
1.176,1.648,1.72394867,0.0164217805,2020-07-02
1.187,1.659,1.74007404,0.0093537415,2020-07-03
1.241,1.713,1.81923495,0.0454928391,2020-07-06
1.264,1.736,1.85295163,0.0185334408,2020-07-07
1.29,1.762,1.89106614,0.0205696203,2020-07-08
1.316,1.788,1.92918065,0.0201550388,2020-07-09
1.29,1.762,1.89106614,-0.0197568389,2020-07-10
1.324,1.796,1.94090819,0.0263565891,2020-07-13
1.312,1.784,1.92331688,-0.0090634441,2020-07-14
1.277,1.749,1.87200888,-0.0266768293,2020-07-15
1.246,1.718,1.82656466,-0.024275646,2020-07-16
1.245,1.717,1.82509872,-0.0008025682,2020-07-17
1.282,1.754,1.8793386,0.0297188755,2020-07-20
1.291,1.763,1.89253208,0.0070202808,2020-07-21
1.3,1.772,1.90572557,0.00697134,2020-07-22
1.286,1.758,1.88520237,-0.0107692308,2020-07-23
1.225,1.697,1.79577986,-0.0474339036,2020-07-24
1.225,1.697,1.79577986,0.0,2020-07-27
1.225,1.697,1.79577986,0.0,2020-07-28
1.248,1.72,1.82949654,0.0187755102,2020-07-29
1.245,1.717,1.82509872,-0.0024038462,2020-07-30
1.244,1.716,1.82363277,-0.0008032129,2020-07-31
1.293,1.765,1.89546397,0.0393890675,2020-08-03
1.297,1.769,1.90132774,0.0030935808,2020-08-04
1.308,1.78,1.91745311,0.0084811103,2020-08-05
1.311,1.783,1.92185094,0.002293578,2020-08-06
1.289,1.761,1.8896002,-0.0167810831,2020-08-07
1.296,1.768,1.8998618,0.0054305663,2020-08-10
1.272,1.744,1.86467917,-0.0185185185,2020-08-11
1.279,1.751,1.87494077,0.0055031447,2020-08-12
1.294,1.766,1.89692991,0.0117279124,2020-08-13
1.299,1.771,1.90425962,0.0038639876,2020-08-14
1.339,1.811,1.96289733,0.0307929176,2020-08-17
1.337,1.809,1.95996545,-0.001493652,2020-08-18
1.31,1.782,1.920385,-0.0201944652,2020-08-19
1.303,1.775,1.9101234,-0.0053435115,2020-08-20
1.309,1.781,1.91891905,0.0046047583,2020-08-21
1.326,1.798,1.94384008,0.012987013,2020-08-24
1.321,1.793,1.93651037,-0.0037707391,2020-08-25
1.295,1.767,1.89839585,-0.019682059,2020-08-26
1.301,1.773,1.90719151,0.0046332046,2020-08-27
1.321,1.793,1.93651037,0.0153727902,2020-08-28
1.32,1.792,1.93504442,-0.0007570023,2020-08-31
1.323,1.795,1.93944225,0.0022727273,2020-09-01
1.321,1.793,1.93651037,-0.0015117158,2020-09-02
1.307,1.779,1.91598717,-0.0105980318,2020-09-03
1.302,1.774,1.90865745,-0.0038255547,2020-09-04
1.286,1.758,1.88520237,-0.0122887865,2020-09-07
1.305,1.777,1.91305528,0.0147744946,2020-09-08
1.276,1.748,1.87054294,-0.0222222222,2020-09-09
1.263,1.735,1.85148569,-0.0101880878,2020-09-10
1.265,1.737,1.85441757,0.0015835313,2020-09-11
1.268,1.74,1.8588154,0.0023715415,2020-09-14
1.271,1.743,1.86321323,0.0023659306,2020-09-15
1.276,1.748,1.87054294,0.0039339103,2020-09-16
1.275,1.747,1.869077,-0.0007836991,2020-09-17
1.29,1.762,1.89106614,0.0117647059,2020-09-18
1.286,1.758,1.88520237,-0.0031007752,2020-09-21
1.271,1.743,1.86321323,-0.0116640747,2020-09-22
1.273,1.745,1.86614511,0.0015735641,2020-09-23
1.25,1.722,1.83242843,-0.018067557,2020-09-24
1.249,1.721,1.83096249,-0.0008,2020-09-25
1.238,1.71,1.81483712,-0.0088070456,2020-09-28
1.243,1.715,1.82216683,0.0040387722,2020-09-29
1.233,1.705,1.8075074,-0.0080450523,2020-09-30
1.25,1.722,1.83242843,0.0137875101,2020-10-09
1.265,1.737,1.85441757,0.012,2020-10-12
1.266,1.738,1.85588351,0.0007905138,2020-10-13
1.243,1.715,1.82216683,-0.0181674566,2020-10-14
1.232,1.704,1.80604146,-0.0088495575,2020-10-15
1.232,1.704,1.80604146,0.0,2020-10-16
1.22,1.692,1.78845015,-0.0097402597,2020-10-19
1.225,1.697,1.79577986,0.0040983607,2020-10-20
1.209,1.681,1.77232478,-0.0130612245,2020-10-21
1.216,1.688,1.78258638,0.005789909,2020-10-22
1.208,1.68,1.77085884,-0.0065789474,2020-10-23
1.203,1.675,1.76352912,-0.0041390728,2020-10-26
1.203,1.675,1.76352912,0.0,2020-10-27
1.207,1.679,1.76939289,0.0033250208,2020-10-28
1.196,1.668,1.75326752,-0.0091135046,2020-10-29
1.177,1.649,1.72541461,-0.0158862876,2020-10-30
1.163,1.635,1.70489141,-0.0118946474,2020-11-02
1.193,1.665,1.74886969,0.0257953568,2020-11-03
1.187,1.659,1.74007404,-0.0050293378,2020-11-04
1.199,1.671,1.75766535,0.0101095198,2020-11-05
1.195,1.667,1.75180158,-0.0033361134,2020-11-06
1.224,1.696,1.79431392,0.0242677824,2020-11-09
1.228,1.7,1.80017769,0.0032679739,2020-11-10
1.233,1.705,1.8075074,0.0040716612,2020-11-11
1.247,1.719,1.8280306,0.0113544201,2020-11-12
1.245,1.717,1.82509872,-0.0016038492,2020-11-13
1.257,1.729,1.84269003,0.0096385542,2020-11-16
1.26,1.732,1.84708786,0.0023866348,2020-11-17
1.261,1.733,1.8485538,0.0007936508,2020-11-18
1.276,1.748,1.87054294,0.0118953212,2020-11-19
1.287,1.759,1.88666831,0.0086206897,2020-11-20
1.289,1.761,1.8896002,0.0015540016,2020-11-23
1.291,1.763,1.89253208,0.0015515904,2020-11-24
1.272,1.744,1.86467917,-0.0147172734,2020-11-25
1.262,1.734,1.85001974,-0.0078616352,2020-11-26
1.268,1.74,1.8588154,0.0047543582,2020-11-27
1.278,1.75,1.87347483,0.0078864353,2020-11-30
1.292,1.764,1.89399803,0.0109546166,2020-12-01
1.292,1.764,1.89399803,0.0,2020-12-02
1.299,1.771,1.90425962,0.0054179567,2020-12-03
1.296,1.768,1.8998618,-0.0023094688,2020-12-04
1.292,1.764,1.89399803,-0.0030864198,2020-12-07
1.296,1.768,1.8998618,0.0030959752,2020-12-08
1.281,1.753,1.87787266,-0.0115740741,2020-12-09
1.284,1.756,1.88227048,0.0023419204,2020-12-10
1.268,1.74,1.8588154,-0.0124610592,2020-12-11
1.259,1.731,1.84562192,-0.0070977918,2020-12-14
1.267,1.739,1.85734946,0.0063542494,2020-12-15
1.257,1.729,1.84269003,-0.0078926598,2020-12-16
1.268,1.74,1.8588154,0.0087509944,2020-12-17
1.259,1.731,1.84562192,-0.0070977918,2020-12-18
1.279,1.751,1.87494077,0.0158856235,2020-12-21
1.264,1.736,1.85295163,-0.0117279124,2020-12-22
1.275,1.747,1.869077,0.0087025316,2020-12-23
1.26,1.732,1.84708786,-0.0117647059,2020-12-24
1.269,1.741,1.86028134,0.0071428571,2020-12-25
1.265,1.737,1.85441757,-0.0031520883,2020-12-28
1.262,1.734,1.85001974,-0.0023715415,2020-12-29
1.266,1.738,1.85588351,0.0031695721,2020-12-30
1.285,1.757,1.88373643,0.0150078989,2020-12-31
1.307,1.779,1.91598717,0.0171206226,2021-01-04
1.348,1.82,1.97609082,0.0313695486,2021-01-05
1.354,1.826,1.98488648,0.0044510386,2021-01-06
1.356,1.828,1.98781836,0.0014771049,2021-01-07
1.378,1.85,2.0200691,0.0162241888,2021-01-08
1.383,1.855,2.02739882,0.003628447,2021-01-11
1.392,1.864,2.0405923,0.0065075922,2021-01-12
1.396,1.868,2.04645607,0.0028735632,2021-01-13
1.382,1.854,2.02593287,-0.0100286533,2021-01-14
1.365,1.837,2.00101185,-0.012301013,2021-01-15
1.383,1.855,2.02739882,0.0131868132,2021-01-18
1.367,1.839,2.00394373,-0.0115690528,2021-01-19
1.395,1.867,2.04499013,0.0204828091,2021-01-20
1.415,1.887,2.07430898,0.0143369176,2021-01-21
1.417,1.889,2.07724087,0.0014134276,2021-01-22
1.42,1.892,2.0816387,0.0021171489,2021-01-25
1.423,1.895,2.08603653,0.0021126761,2021-01-26
1.431,1.903,2.09776407,0.0056219255,2021-01-27
1.401,1.873,2.05378578,-0.0209643606,2021-01-28
1.379,1.851,2.02153504,-0.0157030692,2021-01-29
1.417,1.889,2.07724087,0.0275562001,2021-02-01
1.433,1.905,2.10069595,0.0112914608,2021-02-02
1.446,1.918,2.11975321,0.0090718772,2021-02-03
1.433,1.905,2.10069595,-0.0089903181,2021-02-04
1.423,1.895,2.08603653,-0.0069783671,2021-02-05
1.444,1.916,2.11682132,0.0147575545,2021-02-08
1.467,1.939,2.15053801,0.0159279778,2021-02-09
1.49,1.962,2.18425469,0.0156782549,2021-02-10
1.51,1.982,2.21357354,0.0134228188,2021-02-18
1.524,1.996,2.23409674,0.0092715232,2021-02-19
1.503,1.975,2.20331194,-0.0137795276,2021-02-22
1.493,1.965,2.18865252,-0.0066533599,2021-02-23
1.464,1.936,2.14614018,-0.0194239786,2021-02-24
1.46,1.932,2.14027641,-0.0027322404,2021-02-25
1.442,1.914,2.11388944,-0.0123287671,2021-02-26
1.477,1.949,2.16519743,0.0242718447,2021-03-01
1.457,1.929,2.13587858,-0.0135409614,2021-03-02
1.49,1.962,2.18425469,0.0226492793,2021-03-03
1.461,1.933,2.14174235,-0.0194630872,2021-03-04
1.453,1.925,2.13001481,-0.0054757016,2021-03-05
1.424,1.896,2.08750247,-0.0199587061,2021-03-08
1.423,1.895,2.08603653,-0.0007022472,2021-03-09
1.432,1.904,2.09923001,0.0063246662,2021-03-10
1.458,1.93,2.13734452,0.0181564246,2021-03-11
1.481,1.953,2.1710612,0.0157750343,2021-03-12
1.478,1.95,2.16666338,-0.0020256583,2021-03-15
1.481,1.953,2.1710612,0.00202977,2021-03-16
1.506,1.978,2.20770977,0.0168804862,2021-03-17
1.5,1.972,2.19891412,-0.0039840637,2021-03-18
1.472,1.944,2.15786772,-0.0186666667,2021-03-19
1.481,1.953,2.1710612,0.0061141304,2021-03-22
1.466,1.938,2.14907206,-0.0101282917,2021-03-23
1.436,1.908,2.10509378,-0.0204638472,2021-03-24
1.428,1.9,2.09336624,-0.0055710306,2021-03-25
1.451,1.923,2.12708292,0.0161064426,2021-03-26
1.469,1.941,2.15346989,0.0124052378,2021-03-29
1.47,1.942,2.15493583,0.0006807352,2021-03-30
1.468,1.94,2.15200395,-0.0013605442,2021-03-31
1.486,1.958,2.17839092,0.0122615804,2021-04-01
1.499,1.971,2.19744817,0.0087483176,2021-04-02
1.493,1.965,2.18865252,-0.0040026684,2021-04-06
1.453,1.925,2.13001481,-0.0267916946,2021-04-07
1.441,1.913,2.11242349,-0.0082587749,2021-04-08
1.446,1.918,2.11975321,0.0034698126,2021-04-09
1.439,1.911,2.10949161,-0.0048409405,2021-04-12
1.444,1.916,2.11682132,0.0034746352,2021-04-13
1.458,1.93,2.13734452,0.0096952909,2021-04-14
1.462,1.934,2.14320829,0.0027434842,2021-04-15
1.474,1.946,2.16079961,0.0082079343,2021-04-16
1.475,1.947,2.16226555,0.0006784261,2021-04-19
1.479,1.951,2.16812932,0.0027118644,2021-04-20
1.473,1.945,2.15933366,-0.0040567951,2021-04-21
1.471,1.943,2.15640178,-0.0013577733,2021-04-22
1.466,1.938,2.14907206,-0.0033990483,2021-04-23
1.463,1.935,2.14467423,-0.0020463847,2021-04-26
1.449,1.921,2.12415104,-0.009569378,2021-04-27
1.453,1.925,2.13001481,0.0027605245,2021-04-28
1.448,1.92,2.12268509,-0.0034411562,2021-04-29
1.443,1.915,2.11535538,-0.0034530387,2021-04-30
1.435,1.907,2.10362784,-0.0055440055,2021-05-06
1.416,1.888,2.07577493,-0.0132404181,2021-05-07
1.408,1.88,2.06404738,-0.0056497175,2021-05-10
1.413,1.885,2.0713771,0.0035511364,2021-05-11
1.438,1.91,2.10802567,0.0176928521,2021-05-12
1.425,1.897,2.08896841,-0.0090403338,2021-05-13
1.439,1.911,2.10949161,0.0098245614,2021-05-14
1.458,1.93,2.13734452,0.0132036136,2021-05-17
1.471,1.943,2.15640178,0.0089163237,2021-05-18
1.479,1.951,2.16812932,0.0054384772,2021-05-19
1.473,1.945,2.15933366,-0.0040567951,2021-05-20
1.481,1.953,2.1710612,0.005431093,2021-05-21
1.481,1.953,2.1710612,0.0,2021-05-24
1.501,1.973,2.20038006,0.0135043889,2021-05-25
1.5,1.972,2.19891412,-0.0006662225,2021-05-26
1.509,1.981,2.2121076,0.006,2021-05-27
1.503,1.975,2.20331194,-0.0039761431,2021-05-28
1.51,1.982,2.21357354,0.004657352,2021-05-31
1.53,2.002,2.2428924,0.0132450331,2021-06-01
1.536,2.008,2.25168806,0.0039215686,2021-06-02
1.539,2.011,2.25608588,0.001953125,2021-06-03
1.549,2.021,2.27074531,0.0064977258,2021-06-04
1.558,2.03,2.2839388,0.0058102001,2021-06-07
1.56,2.032,2.28687068,0.001283697,2021-06-08
1.552,2.024,2.27514314,-0.0051282051,2021-06-09
1.578,2.05,2.31325765,0.0167525773,2021-06-10
1.604,2.076,2.35137216,0.0164765526,2021-06-11
1.61,2.082,2.36016782,0.0037406484,2021-06-15
1.563,2.035,2.29126851,-0.0291925466,2021-06-16
1.566,2.038,2.29566634,0.0019193858,2021-06-17
1.61,2.082,2.36016782,0.0280970626,2021-06-18
1.625,2.097,2.38215696,0.0093167702,2021-06-21
1.624,2.096,2.38069102,-0.0006153846,2021-06-22
1.637,2.109,2.39974827,0.0080049261,2021-06-23
1.659,2.131,2.43199901,0.0134392181,2021-06-24
1.637,2.109,2.39974827,-0.0132610006,2021-06-25
1.623,2.095,2.37922507,-0.0085522297,2021-06-28
1.602,2.074,2.34844028,-0.0129390018,2021-06-29
1.618,2.09,2.37189536,0.0099875156,2021-06-30
1.615,2.087,2.36749753,-0.0018541409,2021-07-01
1.604,2.076,2.35137216,-0.0068111455,2021-07-02
1.606,2.078,2.35430405,0.0012468828,2021-07-05
1.613,2.085,2.36456565,0.004358655,2021-07-06
1.635,2.107,2.39681639,0.0136391816,2021-07-07
1.629,2.101,2.38802073,-0.0036697248,2021-07-08
1.653,2.125,2.42320336,0.014732965,2021-07-09
1.729,2.201,2.534615,0.0459770115,2021-07-12
1.739,2.211,2.54927443,0.00578369,2021-07-13
1.712,2.184,2.50969398,-0.0155261645,2021-07-14
1.714,2.186,2.51262586,0.0011682243,2021-07-15
1.722,2.194,2.52435341,0.0046674446,2021-07-16
1.709,2.181,2.50529615,-0.0075493612,2021-07-19
1.719,2.191,2.51995558,0.0058513751,2021-07-20
1.72,2.192,2.52142152,0.0005817336,2021-07-21
1.733,2.205,2.54047878,0.0075581395,2021-07-22
1.733,2.205,2.54047878,0.0,2021-07-23
1.71,2.182,2.50676209,-0.013271783,2021-07-26
1.678,2.15,2.45985192,-0.0187134503,2021-07-27
1.644,2.116,2.41000987,-0.0202622169,2021-07-28
1.666,2.138,2.44226061,0.0133819951,2021-07-29
1.671,2.143,2.44959033,0.0030012005,2021-07-30
1.724,2.196,2.52728529,0.0317175344,2021-08-02
1.696,2.168,2.48623889,-0.0162412993,2021-08-03
1.734,2.206,2.54194472,0.0224056604,2021-08-04
1.719,2.191,2.51995558,-0.008650519,2021-08-05
1.74,2.212,2.55074038,0.0122164049,2021-08-06
1.784,2.256,2.61524186,0.0252873563,2021-08-09
1.795,2.267,2.63136723,0.0061659193,2021-08-10
1.802,2.274,2.64162883,0.0038997214,2021-08-11
1.803,2.275,2.64309477,0.000554939,2021-08-12
1.798,2.27,2.63576505,-0.0027731559,2021-08-13
1.79,2.262,2.62403751,-0.0044493882,2021-08-16
1.755,2.227,2.57272952,-0.0195530726,2021-08-17
1.765,2.237,2.58738894,0.0056980057,2021-08-18
1.741,2.213,2.55220632,-0.0135977337,2021-08-19
1.731,2.203,2.53754689,-0.0057438254,2021-08-20
1.761,2.233,2.58152517,0.0173310225,2021-08-23
1.773,2.245,2.59911649,0.0068143101,2021-08-24
1.79,2.262,2.62403751,0.0095882685,2021-08-25
1.76,2.232,2.58005923,-0.0167597765,2021-08-26
1.769,2.241,2.59325271,0.0051136364,2021-08-27
1.79,2.262,2.62403751,0.0118711136,2021-08-30
1.793,2.265,2.62843534,0.0016759777,2021-08-31
1.777,2.249,2.60498026,-0.0089235917,2021-09-01
1.784,2.256,2.61524186,0.0039392234,2021-09-02
1.796,2.268,2.63283317,0.0067264574,2021-09-03
1.805,2.277,2.64602665,0.0050111359,2021-09-06
1.831,2.303,2.68414116,0.0144044321,2021-09-07
1.838,2.31,2.69440276,0.0038230475,2021-09-08
1.851,2.323,2.71346002,0.0070729053,2021-09-09
1.85,2.322,2.71199408,-0.0005402485,2021-09-10
1.862,2.334,2.72958539,0.0064864865,2021-09-13
1.834,2.306,2.68853899,-0.015037594,2021-09-14
1.841,2.313,2.69880059,0.0038167939,2021-09-15
1.777,2.249,2.60498026,-0.0347637154,2021-09-16
1.773,2.245,2.59911649,-0.0022509848,2021-09-17
1.764,2.236,2.585923,-0.0050761421,2021-09-22
1.791,2.263,2.62550346,0.0153061224,2021-09-23
1.765,2.237,2.58738894,-0.0145170296,2021-09-24
1.732,2.204,2.53901283,-0.0186968839,2021-09-27
1.741,2.213,2.55220632,0.0051963048,2021-09-28
1.699,2.171,2.49063672,-0.0241240666,2021-09-29
1.717,2.189,2.51702369,0.0105944673,2021-09-30
1.734,2.206,2.54194472,0.0099009901,2021-10-08
1.719,2.191,2.51995558,-0.008650519,2021-10-11
1.689,2.161,2.4759773,-0.017452007,2021-10-12
1.701,2.173,2.49356861,0.0071047957,2021-10-13
1.707,2.179,2.50236426,0.0035273369,2021-10-14
1.71,2.182,2.50676209,0.0017574692,2021-10-15
1.719,2.191,2.51995558,0.0052631579,2021-10-18
1.733,2.205,2.54047878,0.0081442699,2021-10-19
1.732,2.204,2.53901283,-0.000577034,2021-10-20
1.727,2.199,2.53168312,-0.002886836,2021-10-21
1.721,2.193,2.52288746,-0.0034742328,2021-10-22
1.737,2.209,2.54634255,0.0092969204,2021-10-25
1.731,2.203,2.53754689,-0.0034542314,2021-10-26
1.709,2.181,2.50529615,-0.0127094165,2021-10-27
1.688,2.16,2.47451135,-0.0122878877,2021-10-28
1.702,2.174,2.49503455,0.0082938389,2021-10-29
1.685,2.157,2.47011352,-0.0099882491,2021-11-01
1.675,2.147,2.4554541,-0.0059347181,2021-11-02
1.67,2.142,2.44812438,-0.0029850746,2021-11-03
1.69,2.162,2.47744324,0.0119760479,2021-11-04
1.668,2.14,2.4451925,-0.0130177515,2021-11-05
1.69,2.162,2.47744324,0.0131894484,2021-11-08
1.691,2.163,2.47890918,0.000591716,2021-11-09
1.678,2.15,2.45985192,-0.0076877587,2021-11-10
1.688,2.16,2.47451135,0.0059594756,2021-11-11
1.704,2.176,2.49796644,0.009478673,2021-11-12
1.681,2.153,2.46424975,-0.0134976526,2021-11-15
1.668,2.14,2.4451925,-0.007733492,2021-11-16
1.686,2.158,2.47157947,0.0107913669,2021-11-17
1.71,2.182,2.50676209,0.0142348754,2021-11-18
1.733,2.205,2.54047878,0.0134502924,2021-11-19
1.778,2.25,2.6064462,0.025966532,2021-11-22
1.779,2.251,2.60791214,0.0005624297,2021-11-23
1.768,2.24,2.59178677,-0.006183249,2021-11-24
1.762,2.234,2.58299112,-0.0033936652,2021-11-25
1.761,2.233,2.58152517,-0.0005675369,2021-11-26
1.773,2.245,2.59911649,0.0068143101,2021-11-29
1.782,2.254,2.61230997,0.0050761421,2021-11-30
1.791,2.263,2.62550346,0.0050505051,2021-12-01
1.781,2.253,2.61084403,-0.0055834729,2021-12-02
1.792,2.264,2.6269694,0.0061763054,2021-12-03
1.787,2.259,2.61963968,-0.0027901786,2021-12-06
1.756,2.228,2.57419546,-0.0173475098,2021-12-07
1.786,2.258,2.61817374,0.0170842825,2021-12-08
1.793,2.265,2.62843534,0.0039193729,2021-12-09
1.79,2.262,2.62403751,-0.0016731735,2021-12-10
1.803,2.275,2.64309477,0.0072625698,2021-12-13
1.803,2.275,2.64309477,0.0,2021-12-14
1.797,2.269,2.63429911,-0.003327787,2021-12-15
1.791,2.263,2.62550346,-0.0033388982,2021-12-16
1.769,2.241,2.59325271,-0.0122836404,2021-12-17
1.749,2.221,2.56393386,-0.0113058225,2021-12-20
1.771,2.243,2.5961846,0.0125786164,2021-12-21
1.78,2.252,2.60937808,0.0050818746,2021-12-22
1.778,2.25,2.6064462,-0.0011235955,2021-12-23
1.759,2.231,2.57859329,-0.0106861642,2021-12-24
1.749,2.221,2.56393386,-0.0056850483,2021-12-27
1.758,2.23,2.57712734,0.0051457976,2021-12-28
1.743,2.215,2.5551382,-0.0085324232,2021-12-29
1.744,2.216,2.55660415,0.0005737235,2021-12-30
1.753,2.225,2.56979763,0.0051605505,2021-12-31
1.757,2.229,2.5756614,0.0022818026,2022-01-04
1.719,2.191,2.51995558,-0.0216277746,2022-01-05
1.722,2.194,2.52435341,0.0017452007,2022-01-06
1.693,2.165,2.48184107,-0.0168408827,2022-01-07
1.7,2.172,2.49210267,0.0041346722,2022-01-10
1.687,2.159,2.47304541,-0.0076470588,2022-01-11
1.714,2.186,2.51262586,0.0160047421,2022-01-12
1.694,2.166,2.48330701,-0.0116686114,2022-01-13
1.68,2.152,2.46278381,-0.0082644628,2022-01-14
1.697,2.169,2.48770484,0.0101190476,2022-01-17
1.697,2.169,2.48770484,0.0,2022-01-18
1.672,2.144,2.45105627,-0.0147318798,2022-01-19
1.64,2.112,2.4041461,-0.019138756,2022-01-20
1.637,2.109,2.39974827,-0.0018292683,2022-01-21
1.639,2.111,2.40268016,0.0012217471,2022-01-24
1.591,2.063,2.33231491,-0.0292861501,2022-01-25
1.599,2.071,2.34404245,0.0050282841,2022-01-26
1.546,2.018,2.26634748,-0.0331457161,2022-01-27
1.549,2.021,2.27074531,0.0019404916,2022-01-28
1.575,2.047,2.30885982,0.0167850226,2022-02-07
1.583,2.055,2.32058736,0.0050793651,2022-02-08
1.605,2.077,2.3528381,0.0138976627,2022-02-09
1.6,2.072,2.34550839,-0.0031152648,2022-02-10
1.571,2.043,2.30299605,-0.018125,2022-02-11
1.564,2.036,2.29273445,-0.0044557607,2022-02-14
1.572,2.044,2.30446199,0.0051150895,2022-02-15
1.585,2.057,2.32351925,0.0082697201,2022-02-16
1.58,2.052,2.31618954,-0.0031545741,2022-02-17
1.587,2.059,2.32645114,0.0044303797,2022-02-18
1.591,2.063,2.33231491,0.0025204789,2022-02-21
1.572,2.044,2.30446199,-0.0119421747,2022-02-22
1.586,2.058,2.32498519,0.0089058524,2022-02-23
1.555,2.027,2.27954097,-0.0195460277,2022-02-24
1.571,2.043,2.30299605,0.0102893891,2022-02-25
1.571,2.043,2.30299605,0.0,2022-02-28
1.574,2.046,2.30739388,0.0019096117,2022-03-01
1.569,2.041,2.30006417,-0.0031766201,2022-03-02
1.558,2.03,2.2839388,-0.0070108349,2022-03-03
1.541,2.013,2.25901777,-0.0109114249,2022-03-04
1.509,1.981,2.2121076,-0.0207657365,2022-03-07
1.47,1.942,2.15493583,-0.0258449304,2022-03-08
1.453,1.925,2.13001481,-0.0115646259,2022-03-09
1.464,1.936,2.14614018,0.0075705437,2022-03-10
1.469,1.941,2.15346989,0.0034153005,2022-03-11
1.434,1.906,2.1021619,-0.0238257318,2022-03-14
1.36,1.832,1.99368213,-0.0516039052,2022-03-15
1.396,1.868,2.04645607,0.0264705882,2022-03-16
1.407,1.879,2.06258144,0.0078796562,2022-03-17
1.425,1.897,2.08896841,0.012793177,2022-03-18
1.438,1.91,2.10802567,0.009122807,2022-03-21
1.44,1.912,2.11095755,0.0013908206,2022-03-22
1.445,1.917,2.11828727,0.0034722222,2022-03-23
1.433,1.905,2.10069595,-0.0083044983,2022-03-24
1.412,1.884,2.06991115,-0.0146545708,2022-03-25
1.42,1.892,2.0816387,0.0056657224,2022-03-28
1.407,1.879,2.06258144,-0.0091549296,2022-03-29
1.426,1.898,2.09043435,0.013503909,2022-03-30
1.419,1.891,2.08017275,-0.0049088359,2022-03-31
1.428,1.9,2.09336624,0.0063424947,2022-04-01
1.44,1.912,2.11095755,0.0084033613,2022-04-06
1.425,1.897,2.08896841,-0.0104166667,2022-04-07
1.422,1.894,2.08457058,-0.0021052632,2022-04-08
1.409,1.881,2.06551333,-0.0091420534,2022-04-11
1.414,1.886,2.07284304,0.003548616,2022-04-12
1.409,1.881,2.06551333,-0.0035360679,2022-04-13
1.414,1.886,2.07284304,0.003548616,2022-04-14
1.405,1.877,2.05964956,-0.0063649222,2022-04-15
1.408,1.88,2.06404738,0.0021352313,2022-04-18
1.403,1.875,2.05671767,-0.0035511364,2022-04-19
1.385,1.857,2.0303307,-0.0128296507,2022-04-20
1.365,1.837,2.00101185,-0.0144404332,2022-04-21
1.371,1.843,2.0098075,0.0043956044,2022-04-22
1.33,1.802,1.94970385,-0.0299051787,2022-04-25
1.338,1.81,1.96143139,0.0060150376,2022-04-26
1.368,1.84,2.00540967,0.0224215247,2022-04-27
1.364,1.836,1.9995459,-0.0029239766,2022-04-28
1.384,1.856,2.02886476,0.0146627566,2022-04-29
1.392,1.864,2.0405923,0.0057803468,2022-05-05
1.366,1.838,2.00247779,-0.0186781609,2022-05-06
1.369,1.841,2.00687562,0.0021961933,2022-05-09
1.379,1.851,2.02153504,0.0073046019,2022-05-10
1.375,1.847,2.01567127,-0.0029006526,2022-05-11
1.362,1.834,1.99661402,-0.0094545455,2022-05-12
1.396,1.868,2.04645607,0.0249632893,2022-05-13
1.399,1.871,2.0508539,0.0021489971,2022-05-16
1.413,1.885,2.0713771,0.010007148,2022-05-17
1.408,1.88,2.06404738,-0.0035385704,2022-05-18
1.401,1.873,2.05378578,-0.0049715909,2022-05-19
1.426,1.898,2.09043435,0.0178443969,2022-05-20
1.421,1.893,2.08310464,-0.0035063114,2022-05-23
1.382,1.854,2.02593287,-0.0274454609,2022-05-24
1.391,1.863,2.03912636,0.006512301,2022-05-25
1.402,1.874,2.05525173,0.0079079799,2022-05-26
1.409,1.881,2.06551333,0.0049928673,2022-05-27
1.415,1.887,2.07430898,0.0042583392,2022-05-30
1.426,1.898,2.09043435,0.0077738516,2022-05-31
1.427,1.899,2.0919003,0.0007012623,2022-06-01
1.433,1.905,2.10069595,0.0042046251,2022-06-02
1.466,1.938,2.14907206,0.0230286113,2022-06-06
1.484,1.956,2.17545903,0.0122783083,2022-06-07
1.507,1.979,2.20917572,0.0154986523,2022-06-08
1.497,1.969,2.19451629,-0.0066357001,2022-06-09
1.516,1.988,2.2223692,0.0126920508,2022-06-10
1.509,1.981,2.2121076,-0.0046174142,2022-06-13
1.513,1.985,2.21797137,0.0026507621,2022-06-14
1.525,1.997,2.23556269,0.0079312624,2022-06-15
1.527,1.999,2.23849457,0.0013114754,2022-06-16
1.545,2.017,2.26488154,0.0117878193,2022-06-17
1.56,2.032,2.28687068,0.0097087379,2022-06-20
1.547,2.019,2.26781343,-0.0083333333,2022-06-21
1.532,2.004,2.24582428,-0.0096961862,2022-06-22
1.547,2.019,2.26781343,0.0097911227,2022-06-23
1.561,2.033,2.28833662,0.0090497738,2022-06-24
1.58,2.052,2.31618954,0.0121716848,2022-06-27
1.597,2.069,2.34111056,0.0107594937,2022-06-28
1.569,2.041,2.30006417,-0.0175328741,2022-06-29
1.595,2.067,2.33817868,0.0165710644,2022-06-30
1.587,2.059,2.32645114,-0.005015674,2022-07-01
1.595,2.067,2.33817868,0.0050409578,2022-07-04
1.589,2.061,2.32938302,-0.0037617555,2022-07-05
1.579,2.051,2.31472359,-0.0062932662,2022-07-06
1.609,2.081,2.35870188,0.0189993667,2022-07-07
1.623,2.095,2.37922507,0.0087010566,2022-07-08
1.594,2.066,2.33671273,-0.0178681454,2022-07-11
1.574,2.046,2.30739388,-0.0125470514,2022-07-12
1.592,2.064,2.33378085,0.0114358323,2022-07-13
1.593,2.065,2.33524679,0.0006281407,2022-07-14
1.589,2.061,2.32938302,-0.0025109856,2022-07-15
1.598,2.07,2.34257651,0.0056639396,2022-07-18
1.598,2.07,2.34257651,0.0,2022-07-19
1.599,2.071,2.34404245,0.0006257822,2022-07-20
1.586,2.058,2.32498519,-0.0081300813,2022-07-21
1.585,2.057,2.32351925,-0.000630517,2022-07-22
1.585,2.057,2.32351925,0.0,2022-07-25
1.595,2.067,2.33817868,0.0063091483,2022-07-26
1.596,2.068,2.33964462,0.0006269592,2022-07-27
1.597,2.069,2.34111056,0.0006265664,2022-07-28
1.581,2.053,2.31765548,-0.0100187852,2022-07-29
1.614,2.086,2.36603159,0.0208728653,2022-08-01
1.566,2.038,2.29566634,-0.029739777,2022-08-02
1.539,2.011,2.25608588,-0.0172413793,2022-08-03
1.544,2.016,2.2634156,0.0032488629,2022-08-04
1.568,2.04,2.29859822,0.0155440415,2022-08-05
1.577,2.049,2.31179171,0.0057397959,2022-08-08
1.588,2.06,2.32791708,0.0069752695,2022-08-09
1.584,2.056,2.32205331,-0.0025188917,2022-08-10
1.599,2.071,2.34404245,0.009469697,2022-08-11
1.589,2.061,2.32938302,-0.0062539087,2022-08-12
1.6,2.072,2.34550839,0.0069225928,2022-08-15
1.611,2.083,2.36163376,0.006875,2022-08-16
1.615,2.087,2.36749753,0.0024829299,2022-08-17
1.6,2.072,2.34550839,-0.0092879257,2022-08-18
1.595,2.067,2.33817868,-0.003125,2022-08-19
1.607,2.079,2.35576999,0.007523511,2022-08-22
1.608,2.08,2.35723593,0.0006222775,2022-08-23
1.568,2.04,2.29859822,-0.0248756219,2022-08-24
1.575,2.047,2.30885982,0.0044642857,2022-08-25
1.562,2.034,2.28980257,-0.0082539683,2022-08-26
1.585,2.057,2.32351925,0.0147247119,2022-08-29
1.565,2.037,2.29420039,-0.0126182965,2022-08-30
1.531,2.003,2.24435834,-0.0217252396,2022-08-31
1.534,2.006,2.24875617,0.0019595036,2022-09-01
1.538,2.01,2.25461994,0.0026075619,2022-09-02
1.539,2.011,2.25608588,0.0006501951,2022-09-05
1.569,2.041,2.30006417,0.0194931774,2022-09-06
1.577,2.049,2.31179171,0.005098789,2022-09-07
1.569,2.041,2.30006417,-0.0050729233,2022-09-08
1.574,2.046,2.30739388,0.0031867431,2022-09-09
1.572,2.044,2.30446199,-0.001270648,2022-09-13
1.554,2.026,2.27807502,-0.0114503817,2022-09-14
1.512,1.984,2.21650543,-0.027027027,2022-09-15
1.483,1.955,2.17399309,-0.0191798942,2022-09-16
1.473,1.945,2.15933366,-0.0067430883,2022-09-19
1.492,1.964,2.18718657,0.0128988459,2022-09-20
1.486,1.958,2.17839092,-0.0040214477,2022-09-21
1.485,1.957,2.17692498,-0.0006729475,2022-09-22
1.462,1.934,2.14320829,-0.0154882155,2022-09-23
1.457,1.929,2.13587858,-0.0034199726,2022-09-26
1.479,1.951,2.16812932,0.0150995196,2022-09-27
1.448,1.92,2.12268509,-0.0209601082,2022-09-28
1.452,1.924,2.12854886,0.0027624309,2022-09-29
1.436,1.908,2.10509378,-0.0110192837,2022-09-30
1.427,1.899,2.0919003,-0.0062674095,2022-10-10
1.431,1.903,2.09776407,0.0028030834,2022-10-11
1.438,1.91,2.10802567,0.0048916841,2022-10-12
1.432,1.904,2.09923001,-0.0041724618,2022-10-13
1.443,1.915,2.11535538,0.0076815642,2022-10-14
1.45,1.922,2.12561698,0.0048510049,2022-10-17
1.485,1.957,2.17692498,0.024137931,2022-10-18
1.446,1.918,2.11975321,-0.0262626263,2022-10-19
1.434,1.906,2.1021619,-0.0082987552,2022-10-20
1.45,1.922,2.12561698,0.0111576011,2022-10-21
1.393,1.865,2.04205824,-0.0393103448,2022-10-24
1.411,1.883,2.06844521,0.0129217516,2022-10-25
1.432,1.904,2.09923001,0.0148830617,2022-10-26
1.433,1.905,2.10069595,0.000698324,2022-10-27
1.396,1.868,2.04645607,-0.0258199581,2022-10-28
1.394,1.866,2.04352419,-0.0014326648,2022-10-31
1.428,1.9,2.09336624,0.0243902439,2022-11-01
1.482,1.954,2.17252715,0.0378151261,2022-11-02
1.493,1.965,2.18865252,0.0074224022,2022-11-03
1.541,2.013,2.25901777,0.0321500335,2022-11-04
1.563,2.035,2.29126851,0.0142764439,2022-11-07
1.558,2.03,2.2839388,-0.0031989763,2022-11-08
1.551,2.023,2.2736772,-0.0044929397,2022-11-09
1.533,2.005,2.24729023,-0.0116054159,2022-11-10
1.593,2.065,2.33524679,0.0391389432,2022-11-11
1.609,2.081,2.35870188,0.0100439422,2022-11-14
1.662,2.134,2.43639684,0.0329397141,2022-11-15
1.662,2.134,2.43639684,0.0,2022-11-16
1.654,2.126,2.4246693,-0.0048134777,2022-11-17
1.684,2.156,2.46864758,0.0181378476,2022-11-18
1.679,2.151,2.46131787,-0.0029691211,2022-11-21
1.642,2.114,2.40707799,-0.0220369267,2022-11-22
1.649,2.121,2.41733959,0.0042630938,2022-11-23
1.631,2.103,2.39095262,-0.0109157065,2022-11-24
1.613,2.085,2.36456565,-0.0110361741,2022-11-25
1.622,2.094,2.37775913,0.0055796652,2022-11-28
1.659,2.131,2.43199901,0.022811344,2022-11-29
1.667,2.139,2.44372655,0.004822182,2022-11-30
1.661,2.133,2.4349309,-0.0035992801,2022-12-01
1.623,2.095,2.37922507,-0.0228777845,2022-12-02
1.666,2.138,2.44226061,0.0264941466,2022-12-05
1.673,2.145,2.45252221,0.0042016807,2022-12-06
1.644,2.116,2.41000987,-0.0173341303,2022-12-07
1.675,2.147,2.4554541,0.0188564477,2022-12-08
1.701,2.173,2.49356861,0.0155223881,2022-12-09
1.672,2.144,2.45105627,-0.0170487948,2022-12-12
1.661,2.133,2.4349309,-0.0065789474,2022-12-13
1.666,2.138,2.44226061,0.0030102348,2022-12-14
1.651,2.123,2.42027147,-0.0090036014,2022-12-15
1.656,2.128,2.42760118,0.0030284676,2022-12-16
1.653,2.125,2.42320336,-0.0018115942,2022-12-19
1.633,2.105,2.3938845,-0.0120992136,2022-12-20
1.619,2.091,2.3733613,-0.0085731782,2022-12-21
1.618,2.09,2.37189536,-0.0006176652,2022-12-22
1.613,2.085,2.36456565,-0.0030902349,2022-12-23
1.637,2.109,2.39974827,0.0148791073,2022-12-26
1.65,2.122,2.41880553,0.0079413561,2022-12-27
1.676,2.148,2.45692004,0.0157575758,2022-12-28
1.675,2.147,2.4554541,-0.0005966587,2022-12-29
1.674,2.146,2.45398815,-0.0005970149,2022-12-30
1.713,2.185,2.51115992,0.023297491,2023-01-03
1.732,2.204,2.53901283,0.0110916521,2023-01-04
1.742,2.214,2.55367226,0.0057736721,2023-01-05
1.759,2.231,2.57859329,0.0097588978,2023-01-06
1.762,2.234,2.58299112,0.0017055145,2023-01-09
1.745,2.217,2.55807009,-0.0096481271,2023-01-10
1.749,2.221,2.56393386,0.0022922636,2023-01-11
1.746,2.218,2.55953603,-0.0017152659,2023-01-12
1.747,2.219,2.56100197,0.0005727377,2023-01-13
1.742,2.214,2.55367226,-0.0028620492,2023-01-16
1.733,2.205,2.54047878,-0.0051664753,2023-01-17
1.742,2.214,2.55367226,0.0051933064,2023-01-18
1.752,2.224,2.56833169,0.0057405281,2023-01-19
1.786,2.258,2.61817374,0.0194063927,2023-01-20
1.803,2.275,2.64309477,0.009518477,2023-01-30
1.803,2.275,2.64309477,0.0,2023-01-31
1.825,2.297,2.67534551,0.0122018857,2023-02-01
1.824,2.296,2.67387957,-0.0005479452,2023-02-02
1.826,2.298,2.67681145,0.0010964912,2023-02-03
1.785,2.257,2.6167078,-0.0224534502,2023-02-06
1.782,2.254,2.61230997,-0.0016806723,2023-02-07
1.75,2.222,2.5653998,-0.0179573513,2023-02-08
1.769,2.241,2.59325271,0.0108571429,2023-02-09
1.746,2.218,2.55953603,-0.0130016959,2023-02-10
1.752,2.224,2.56833169,0.0034364261,2023-02-13
1.751,2.223,2.56686575,-0.0005707763,2023-02-14
1.713,2.185,2.51115992,-0.0217018846,2023-02-15
1.711,2.183,2.50822804,-0.0011675423,2023-02-16
1.693,2.165,2.48184107,-0.0105201636,2023-02-17
1.712,2.184,2.50969398,0.0112226816,2023-02-20
1.696,2.168,2.48623889,-0.0093457944,2023-02-21
1.688,2.16,2.47451135,-0.0047169811,2023-02-22
1.678,2.15,2.45985192,-0.0059241706,2023-02-23
1.664,2.136,2.43932873,-0.0083432658,2023-02-24
1.645,2.117,2.41147581,-0.0114182692,2023-02-27
1.656,2.128,2.42760118,0.0066869301,2023-02-28
1.695,2.167,2.48477295,0.0235507246,2023-03-01
1.678,2.15,2.45985192,-0.0100294985,2023-03-02
1.673,2.145,2.45252221,-0.0029797378,2023-03-03
1.677,2.149,2.45838598,0.0023909145,2023-03-06
1.64,2.112,2.4041461,-0.0220632081,2023-03-07
1.643,2.115,2.40854393,0.0018292683,2023-03-08
1.639,2.111,2.40268016,-0.0024345709,2023-03-09
1.623,2.095,2.37922507,-0.00976205,2023-03-10
1.65,2.122,2.41880553,0.0166358595,2023-03-13
1.626,2.098,2.3836229,-0.0145454545,2023-03-14
1.62,2.092,2.37482725,-0.0036900369,2023-03-15
1.605,2.077,2.3528381,-0.0092592593,2023-03-16
1.648,2.12,2.41587364,0.0267912773,2023-03-17
1.621,2.093,2.37629319,-0.0163834951,2023-03-20
1.638,2.11,2.40121422,0.0104873535,2023-03-21
1.649,2.121,2.41733959,0.0067155067,2023-03-22
1.714,2.186,2.51262586,0.039417829,2023-03-23
1.722,2.194,2.52435341,0.0046674446,2023-03-24
1.732,2.204,2.53901283,0.0058072009,2023-03-27
1.744,2.216,2.55660415,0.0069284065,2023-03-28
1.741,2.213,2.55220632,-0.0017201835,2023-03-29
1.749,2.221,2.56393386,0.0045950603,2023-03-30
1.767,2.239,2.59032083,0.0102915952,2023-03-31
1.773,2.245,2.59911649,0.0033955857,2023-04-03
1.749,2.221,2.56393386,-0.013536379,2023-04-04
1.755,2.227,2.57272952,0.0034305317,2023-04-06
1.767,2.239,2.59032083,0.0068376068,2023-04-07
1.742,2.214,2.55367226,-0.0141482739,2023-04-10
1.739,2.211,2.54927443,-0.0017221584,2023-04-11
1.752,2.224,2.56833169,0.0074755607,2023-04-12
1.709,2.181,2.50529615,-0.024543379,2023-04-13
1.716,2.188,2.51555775,0.0040959626,2023-04-14
1.711,2.183,2.50822804,-0.0029137529,2023-04-17
1.711,2.183,2.50822804,0.0,2023-04-18
1.698,2.17,2.48917078,-0.007597896,2023-04-19
1.721,2.193,2.52288746,0.0135453475,2023-04-20
1.68,2.152,2.46278381,-0.0238233585,2023-04-21
1.677,2.149,2.45838598,-0.0017857143,2023-04-24
1.645,2.117,2.41147581,-0.0190816935,2023-04-25
1.639,2.111,2.40268016,-0.0036474164,2023-04-26
1.621,2.093,2.37629319,-0.0109823063,2023-04-27
1.63,2.102,2.38948667,0.0055521283,2023-04-28
1.618,2.09,2.37189536,-0.0073619632,2023-05-04
1.625,2.097,2.38215696,0.0043263288,2023-05-05
1.646,2.118,2.41294176,0.0129230769,2023-05-08
1.629,2.101,2.38802073,-0.010328068,2023-05-09
1.617,2.089,2.37042942,-0.0073664825,2023-05-10
1.609,2.081,2.35870188,-0.0049474335,2023-05-11
1.609,2.081,2.35870188,0.0,2023-05-12
1.629,2.101,2.38802073,0.0124300808,2023-05-15
1.614,2.086,2.36603159,-0.0092081031,2023-05-16
1.626,2.098,2.3836229,0.0074349442,2023-05-17
1.64,2.112,2.4041461,0.0086100861,2023-05-18
1.627,2.099,2.38508885,-0.0079268293,2023-05-19
1.633,2.105,2.3938845,0.0036877689,2023-05-22
1.61,2.082,2.36016782,-0.014084507,2023-05-23
1.593,2.065,2.33524679,-0.0105590062,2023-05-24
1.584,2.056,2.32205331,-0.0056497175,2023-05-25
1.597,2.069,2.34111056,0.0082070707,2023-05-26
1.574,2.046,2.30739388,-0.0144020038,2023-05-29
1.603,2.075,2.34990622,0.0184243964,2023-05-30
1.586,2.058,2.32498519,-0.0106051154,2023-05-31
1.611,2.083,2.36163376,0.0157629256,2023-06-01
1.63,2.102,2.38948667,0.0117939168,2023-06-02
1.631,2.103,2.39095262,0.0006134969,2023-06-05
1.595,2.067,2.33817868,-0.0220723483,2023-06-06
1.611,2.083,2.36163376,0.010031348,2023-06-07
1.605,2.077,2.3528381,-0.0037243948,2023-06-08
1.637,2.109,2.39974827,0.0199376947,2023-06-09
1.638,2.11,2.40121422,0.0006108735,2023-06-12
1.679,2.151,2.46131787,0.025030525,2023-06-13
1.69,2.162,2.47744324,0.0065515188,2023-06-14
1.71,2.182,2.50676209,0.0118343195,2023-06-15
1.752,2.224,2.56833169,0.0245614035,2023-06-16
1.769,2.241,2.59325271,0.0097031963,2023-06-19
1.786,2.258,2.61817374,0.0096099491,2023-06-20
1.749,2.221,2.56393386,-0.0207166853,2023-06-21
1.728,2.2,2.53314906,-0.0120068611,2023-06-26
1.752,2.224,2.56833169,0.0138888889,2023-06-27
1.725,2.197,2.52875123,-0.0154109589,2023-06-28
1.73,2.202,2.53608095,0.0028985507,2023-06-29
1.733,2.205,2.54047878,0.001734104,2023-06-30
1.689,2.161,2.4759773,-0.025389498,2023-07-03
1.685,2.157,2.47011352,-0.0023682652,2023-07-04
1.673,2.145,2.45252221,-0.0071216617,2023-07-05
1.652,2.124,2.42173741,-0.0125523013,2023-07-06
1.649,2.121,2.41733959,-0.0018159806,2023-07-07
1.649,2.121,2.41733959,0.0,2023-07-10
1.65,2.122,2.41880553,0.0006064281,2023-07-11
1.634,2.106,2.39535044,-0.0096969697,2023-07-12
1.652,2.124,2.42173741,0.0110159119,2023-07-13
1.655,2.127,2.42613524,0.0018159806,2023-07-14
1.652,2.124,2.42173741,-0.0018126888,2023-07-17
1.629,2.101,2.38802073,-0.0139225182,2023-07-18
1.634,2.106,2.39535044,0.0030693677,2023-07-19
1.603,2.075,2.34990622,-0.0189718482,2023-07-20
1.598,2.07,2.34257651,-0.0031191516,2023-07-21
1.584,2.056,2.32205331,-0.0087609512,2023-07-24
1.622,2.094,2.37775913,0.023989899,2023-07-25
1.603,2.075,2.34990622,-0.0117139334,2023-07-26
1.601,2.073,2.34697433,-0.0012476606,2023-07-27
1.628,2.1,2.38655479,0.0168644597,2023-07-28
1.643,2.115,2.40854393,0.0092137592,2023-07-31
1.645,2.117,2.41147581,0.0012172855,2023-08-01
1.631,2.103,2.39095262,-0.0085106383,2023-08-02
1.644,2.116,2.41000987,0.0079705702,2023-08-03
1.678,2.15,2.45985192,0.0206812652,2023-08-04
1.674,2.146,2.45398815,-0.0023837902,2023-08-07
1.656,2.128,2.42760118,-0.0107526882,2023-08-08
1.647,2.119,2.4144077,-0.0054347826,2023-08-09
1.649,2.121,2.41733959,0.0012143291,2023-08-10
1.626,2.098,2.3836229,-0.0139478472,2023-08-11
1.617,2.089,2.37042942,-0.0055350554,2023-08-14
1.614,2.086,2.36603159,-0.0018552876,2023-08-15
1.587,2.059,2.32645114,-0.0167286245,2023-08-16
1.599,2.071,2.34404245,0.0075614367,2023-08-17
1.574,2.046,2.30739388,-0.0156347717,2023-08-18
1.559,2.031,2.28540474,-0.0095298602,2023-08-21
1.588,2.06,2.32791708,0.0186016677,2023-08-22
1.569,2.041,2.30006417,-0.0119647355,2023-08-23
1.592,2.064,2.33378085,0.0146590185,2023-08-24
1.57,2.042,2.30153011,-0.0138190955,2023-08-25
1.573,2.045,2.30592794,0.001910828,2023-08-28
1.623,2.095,2.37922507,0.0317863954,2023-08-29
1.62,2.092,2.37482725,-0.0018484288,2023-08-30
1.613,2.085,2.36456565,-0.0043209877,2023-08-31
1.604,2.076,2.35137216,-0.0055796652,2023-09-01
1.618,2.09,2.37189536,0.0087281796,2023-09-04
1.606,2.078,2.35430405,-0.0074165637,2023-09-05
1.603,2.075,2.34990622,-0.001867995,2023-09-06
1.593,2.065,2.33524679,-0.0062383032,2023-09-07
1.596,2.068,2.33964462,0.0018832392,2023-09-08
1.617,2.089,2.37042942,0.0131578947,2023-09-11
1.603,2.075,2.34990622,-0.0086580087,2023-09-12
1.583,2.055,2.32058736,-0.0124766064,2023-09-13
1.586,2.058,2.32498519,0.0018951358,2023-09-14
1.584,2.056,2.32205331,-0.001261034,2023-09-15
1.594,2.066,2.33671273,0.0063131313,2023-09-18
1.593,2.065,2.33524679,-0.0006273526,2023-09-19
1.579,2.051,2.31472359,-0.0087884495,2023-09-20
1.571,2.043,2.30299605,-0.0050664978,2023-09-21
1.615,2.087,2.36749753,0.0280076384,2023-09-22
1.587,2.059,2.32645114,-0.0173374613,2023-09-25
1.589,2.061,2.32938302,0.0012602394,2023-09-26
1.598,2.07,2.34257651,0.0056639396,2023-09-27
1.597,2.069,2.34111056,-0.0006257822,2023-09-28
1.602,2.074,2.34844028,0.0031308704,2023-10-09
1.6,2.072,2.34550839,-0.0012484395,2023-10-10
1.611,2.083,2.36163376,0.006875,2023-10-11
1.629,2.101,2.38802073,0.0111731844,2023-10-12
1.614,2.086,2.36603159,-0.0092081031,2023-10-13
1.602,2.074,2.34844028,-0.0074349442,2023-10-16
1.598,2.07,2.34257651,-0.0024968789,2023-10-17
1.563,2.035,2.29126851,-0.021902378,2023-10-18
1.562,2.034,2.28980257,-0.0006397953,2023-10-19
1.541,2.013,2.25901777,-0.0134443022,2023-10-20
1.532,2.004,2.24582428,-0.0058403634,2023-10-23
1.525,1.997,2.23556269,-0.0045691906,2023-10-24
1.534,2.006,2.24875617,0.0059016393,2023-10-25
1.559,2.031,2.28540474,0.0162972621,2023-10-26
1.571,2.043,2.30299605,0.0076972418,2023-10-27
1.583,2.055,2.32058736,0.0076384468,2023-10-30
1.563,2.035,2.29126851,-0.0126342388,2023-10-31
1.561,2.033,2.28833662,-0.0012795905,2023-11-01
1.552,2.024,2.27514314,-0.0057655349,2023-11-02
1.582,2.054,2.31912142,0.0193298969,2023-11-03
1.627,2.099,2.38508885,0.0284450063,2023-11-06
1.63,2.102,2.38948667,0.0018438844,2023-11-07
1.624,2.096,2.38069102,-0.0036809816,2023-11-08
1.612,2.084,2.3630997,-0.0073891626,2023-11-09
1.597,2.069,2.34111056,-0.0093052109,2023-11-10
1.595,2.067,2.33817868,-0.0012523482,2023-11-13
1.593,2.065,2.33524679,-0.0012539185,2023-11-14
1.627,2.099,2.38508885,0.0213433773,2023-11-15
1.599,2.071,2.34404245,-0.0172095882,2023-11-16
1.589,2.061,2.32938302,-0.0062539087,2023-11-17
1.594,2.066,2.33671273,0.0031466331,2023-11-20
1.581,2.053,2.31765548,-0.0081555834,2023-11-21
1.564,2.036,2.29273445,-0.0107526882,2023-11-22
1.583,2.055,2.32058736,0.0121483376,2023-11-23
1.56,2.032,2.28687068,-0.0145293746,2023-11-24
1.565,2.037,2.29420039,0.0032051282,2023-11-27
1.531,2.003,2.24435834,-0.0217252396,2023-11-28
1.504,1.976,2.20477789,-0.0176355323,2023-11-29
1.499,1.971,2.19744817,-0.0033244681,2023-11-30
1.488,1.96,2.1813228,-0.0073382255,2023-12-01
1.468,1.94,2.15200395,-0.0134408602,2023-12-04
1.452,1.924,2.12854886,-0.0108991826,2023-12-05
1.462,1.934,2.14320829,0.0068870523,2023-12-06
1.455,1.927,2.13294669,-0.0047879617,2023-12-07
1.456,1.928,2.13441264,0.0006872852,2023-12-08
1.462,1.934,2.14320829,0.0041208791,2023-12-11
1.469,1.941,2.15346989,0.0047879617,2023-12-12
1.452,1.924,2.12854886,-0.0115724983,2023-12-13
1.456,1.928,2.13441264,0.0027548209,2023-12-14
1.463,1.935,2.14467423,0.0048076923,2023-12-15
1.446,1.918,2.11975321,-0.011619959,2023-12-18
1.446,1.918,2.11975321,0.0,2023-12-19
1.429,1.901,2.09483218,-0.0117565698,2023-12-20
1.443,1.915,2.11535538,0.0097970609,2023-12-21
1.422,1.894,2.08457058,-0.0145530146,2023-12-22
1.422,1.894,2.08457058,0.0,2023-12-25
1.414,1.886,2.07284304,-0.005625879,2023-12-26
1.416,1.888,2.07577493,0.0014144272,2023-12-27
1.429,1.901,2.09483218,0.009180791,2023-12-28
1.44,1.912,2.11095755,0.0076976907,2023-12-29
1.432,1.904,2.09923001,-0.0055555556,2024-01-02
1.423,1.895,2.08603653,-0.0062849162,2024-01-03
1.417,1.889,2.07724087,-0.0042164441,2024-01-04
1.403,1.875,2.05671767,-0.0098800282,2024-01-05
1.392,1.864,2.0405923,-0.0078403421,2024-01-08
1.394,1.866,2.04352419,0.0014367816,2024-01-09
1.392,1.864,2.0405923,-0.0014347202,2024-01-10
1.4,1.872,2.05231984,0.0057471264,2024-01-11
1.39,1.862,2.03766041,-0.0071428571,2024-01-12
1.387,1.859,2.03326259,-0.0021582734,2024-01-15
1.383,1.855,2.02739882,-0.0028839221,2024-01-16
1.369,1.841,2.00687562,-0.0101229212,2024-01-17
1.374,1.846,2.01420533,0.0036523009,2024-01-18
1.373,1.845,2.01273939,-0.000727802,2024-01-19
1.356,1.828,1.98781836,-0.012381646,2024-01-22
1.368,1.84,2.00540967,0.0088495575,2024-01-23
1.37,1.842,2.00834156,0.0014619883,2024-01-24
1.381,1.853,2.02446693,0.0080291971,2024-01-25
1.368,1.84,2.00540967,-0.0094134685,2024-01-26
1.347,1.819,1.97462488,-0.0153508772,2024-01-29
1.341,1.813,1.96582922,-0.004454343,2024-01-30
1.341,1.813,1.96582922,0.0,2024-01-31
1.34,1.812,1.96436328,-0.0007457122,2024-02-01
1.342,1.814,1.96729516,0.0014925373,2024-02-02
1.336,1.808,1.95849951,-0.0044709389,2024-02-05
1.343,1.815,1.96876111,0.005239521,2024-02-06
1.361,1.833,1.99514808,0.0134028295,2024-02-07
1.371,1.843,2.0098075,0.0073475386,2024-02-08
1.386,1.858,2.03179664,0.010940919,2024-02-19
1.383,1.855,2.02739882,-0.0021645022,2024-02-20
1.386,1.858,2.03179664,0.0021691974,2024-02-21
1.385,1.857,2.0303307,-0.0007215007,2024-02-22
1.388,1.86,2.03472853,0.002166065,2024-02-23
1.398,1.87,2.04938796,0.007204611,2024-02-26
1.413,1.885,2.0713771,0.0107296137,2024-02-27
1.396,1.868,2.04645607,-0.0120311394,2024-02-28
1.405,1.877,2.05964956,0.0064469914,2024-02-29
1.411,1.883,2.06844521,0.0042704626,2024-03-01
1.403,1.875,2.05671767,-0.0056697378,2024-03-04
1.389,1.861,2.03619447,-0.0099786172,2024-03-05
1.39,1.862,2.03766041,0.0007199424,2024-03-06
1.378,1.85,2.0200691,-0.0086330935,2024-03-07
1.384,1.856,2.02886476,0.0043541364,2024-03-08
1.405,1.877,2.05964956,0.0151734104,2024-03-11
1.423,1.895,2.08603653,0.0128113879,2024-03-12
1.428,1.9,2.09336624,0.0035137034,2024-03-13
1.421,1.893,2.08310464,-0.0049019608,2024-03-14
1.422,1.894,2.08457058,0.0007037298,2024-03-15
1.428,1.9,2.09336624,0.0042194093,2024-03-18
1.415,1.887,2.07430898,-0.0091036415,2024-03-19
1.418,1.89,2.07870681,0.0021201413,2024-03-20
1.421,1.893,2.08310464,0.0021156559,2024-03-21
1.414,1.886,2.07284304,-0.0049261084,2024-03-22
1.406,1.878,2.0611155,-0.0056577086,2024-03-25
1.406,1.878,2.0611155,0.0,2024-03-26
1.393,1.865,2.04205824,-0.0092460882,2024-03-27
1.396,1.868,2.04645607,0.0021536253,2024-03-28
1.4,1.872,2.05231984,0.0028653295,2024-03-29
1.41,1.882,2.06697927,0.0071428571,2024-04-01
1.408,1.88,2.06404738,-0.0014184397,2024-04-02
1.405,1.877,2.05964956,-0.0021306818,2024-04-03
1.389,1.861,2.03619447,-0.0113879004,2024-04-08
1.4,1.872,2.05231984,0.0079193665,2024-04-09
1.397,1.869,2.04792201,-0.0021428571,2024-04-10
1.397,1.869,2.04792201,0.0,2024-04-11
1.392,1.864,2.0405923,-0.0035790981,2024-04-12
1.386,1.858,2.03179664,-0.0043103448,2024-04-15
1.363,1.835,1.99807996,-0.0165945166,2024-04-16
1.383,1.855,2.02739882,0.0146735143,2024-04-17
1.373,1.845,2.01273939,-0.007230658,2024-04-18
1.361,1.833,1.99514808,-0.0087399854,2024-04-19
1.366,1.838,2.00247779,0.0036737693,2024-04-22
1.369,1.841,2.00687562,0.0021961933,2024-04-23
1.385,1.857,2.0303307,0.011687363,2024-04-24
1.381,1.853,2.02446693,-0.0028880866,2024-04-25
1.389,1.861,2.03619447,0.0057929037,2024-04-26
1.406,1.878,2.0611155,0.0122390209,2024-04-29
1.395,1.867,2.04499013,-0.0078236131,2024-04-30
1.432,1.904,2.09923001,0.0265232975,2024-05-06
1.428,1.9,2.09336624,-0.0027932961,2024-05-07
1.423,1.895,2.08603653,-0.0035014006,2024-05-08
1.451,1.923,2.12708292,0.0196767393,2024-05-09
1.449,1.921,2.12415104,-0.0013783598,2024-05-10
1.448,1.92,2.12268509,-0.0006901311,2024-05-13
1.458,1.93,2.13734452,0.0069060773,2024-05-14
1.455,1.927,2.13294669,-0.0020576132,2024-05-15
1.466,1.938,2.14907206,0.0075601375,2024-05-16
1.501,1.973,2.20038006,0.0238744884,2024-05-17
1.499,1.971,2.19744817,-0.001332445,2024-05-20
1.478,1.95,2.16666338,-0.0140093396,2024-05-21
1.477,1.949,2.16519743,-0.00067659,2024-05-22
1.456,1.928,2.13441264,-0.0142180095,2024-05-23
1.444,1.916,2.11682132,-0.0082417582,2024-05-24
1.451,1.923,2.12708292,0.0048476454,2024-05-27
1.448,1.92,2.12268509,-0.0020675396,2024-05-28
1.433,1.905,2.10069595,-0.010359116,2024-05-29
1.434,1.906,2.1021619,0.0006978367,2024-05-30
1.436,1.908,2.10509378,0.0013947001,2024-05-31
1.437,1.909,2.10655972,0.0006963788,2024-06-03
1.455,1.927,2.13294669,0.012526096,2024-06-04
1.446,1.918,2.11975321,-0.006185567,2024-06-05
1.445,1.917,2.11828727,-0.0006915629,2024-06-06
1.428,1.9,2.09336624,-0.0117647059,2024-06-07
1.436,1.908,2.10509378,0.0056022409,2024-06-11
1.432,1.904,2.09923001,-0.0027855153,2024-06-12
1.436,1.908,2.10509378,0.0027932961,2024-06-13
1.431,1.903,2.09776407,-0.0034818942,2024-06-14
1.423,1.895,2.08603653,-0.0055904962,2024-06-17
1.422,1.894,2.08457058,-0.0007027407,2024-06-18
1.419,1.891,2.08017275,-0.0021097046,2024-06-19
1.415,1.887,2.07430898,-0.0028188865,2024-06-20
1.405,1.877,2.05964956,-0.0070671378,2024-06-21
1.394,1.866,2.04352419,-0.0078291815,2024-06-24
1.399,1.871,2.0508539,0.0035868006,2024-06-25
1.411,1.883,2.06844521,0.0085775554,2024-06-26
1.391,1.863,2.03912636,-0.0141743444,2024-06-27
1.393,1.865,2.04205824,0.0014378145,2024-06-28
1.4,1.872,2.05231984,0.0050251256,2024-07-01
1.391,1.863,2.03912636,-0.0064285714,2024-07-02
1.384,1.856,2.02886476,-0.0050323508,2024-07-03
1.37,1.842,2.00834156,-0.0101156069,2024-07-04
1.372,1.844,2.01127345,0.001459854,2024-07-05
1.351,1.823,1.98048865,-0.0153061224,2024-07-08
1.364,1.836,1.9995459,0.0096225019,2024-07-09
1.361,1.833,1.99514808,-0.0021994135,2024-07-10
1.378,1.85,2.0200691,0.0124908156,2024-07-11
1.382,1.854,2.02593287,0.0029027576,2024-07-12
1.371,1.843,2.0098075,-0.007959479,2024-07-15
1.37,1.842,2.00834156,-0.0007293946,2024-07-16
1.372,1.844,2.01127345,0.001459854,2024-07-17
1.375,1.847,2.01567127,0.0021865889,2024-07-18
1.374,1.846,2.01420533,-0.0007272727,2024-07-19
1.376,1.848,2.01713722,0.0014556041,2024-07-22
1.359,1.831,1.99221619,-0.0123546512,2024-07-23
1.333,1.805,1.95410168,-0.0191317145,2024-07-24
1.329,1.801,1.94823791,-0.0030007502,2024-07-25
1.335,1.807,1.95703356,0.0045146727,2024-07-26
1.328,1.8,1.94677196,-0.0052434457,2024-07-29
1.321,1.793,1.93651037,-0.0052710843,2024-07-30
1.342,1.814,1.96729516,0.0158970477,2024-07-31
1.332,1.804,1.95263574,-0.0074515648,2024-08-01
1.324,1.796,1.94090819,-0.006006006,2024-08-02
1.316,1.788,1.92918065,-0.0060422961,2024-08-05
1.33,1.802,1.94970385,0.0106382979,2024-08-06
1.334,1.806,1.95556762,0.0030075188,2024-08-07
1.33,1.802,1.94970385,-0.0029985007,2024-08-08
1.33,1.802,1.94970385,0.0,2024-08-09
1.321,1.793,1.93651037,-0.0067669173,2024-08-12
1.322,1.794,1.93797631,0.0007570023,2024-08-13
1.319,1.791,1.93357848,-0.002269289,2024-08-14
1.321,1.793,1.93651037,0.0015163002,2024-08-15
1.324,1.796,1.94090819,0.0022710068,2024-08-16
1.326,1.798,1.94384008,0.001510574,2024-08-19
1.318,1.79,1.93211254,-0.0060331825,2024-08-20
1.319,1.791,1.93357848,0.0007587253,2024-08-21
1.317,1.789,1.93064659,-0.0015163002,2024-08-22
1.315,1.787,1.92771471,-0.0015186029,2024-08-23
1.318,1.79,1.93211254,0.0022813688,2024-08-26
1.318,1.79,1.93211254,0.0,2024-08-27
1.314,1.786,1.92624877,-0.0030349014,2024-08-28
1.32,1.792,1.93504442,0.00456621,2024-08-29
1.331,1.803,1.95116979,0.0083333333,2024-08-30
1.313,1.785,1.92478282,-0.0135236664,2024-09-02
1.321,1.793,1.93651037,0.006092917,2024-09-03
1.317,1.789,1.93064659,-0.0030280091,2024-09-04
1.322,1.794,1.93797631,0.0037965072,2024-09-05
1.32,1.792,1.93504442,-0.0015128593,2024-09-06
1.316,1.788,1.92918065,-0.003030303,2024-09-09
1.32,1.792,1.93504442,0.0030395137,2024-09-10
1.326,1.798,1.94384008,0.0045454545,2024-09-11
1.327,1.799,1.94530602,0.0007541478,2024-09-12
1.328,1.8,1.94677196,0.0007535795,2024-09-13
1.326,1.798,1.94384008,-0.0015060241,2024-09-18
1.339,1.811,1.96289733,0.0098039216,2024-09-19
1.337,1.809,1.95996545,-0.001493652,2024-09-20
1.335,1.807,1.95703356,-0.0014958863,2024-09-23
1.359,1.831,1.99221619,0.0179775281,2024-09-24
1.372,1.844,2.01127345,0.0095658572,2024-09-25
1.42,1.892,2.0816387,0.0349854227,2024-09-26
1.507,1.979,2.20917572,0.0612676056,2024-09-27
1.644,2.116,2.41000987,0.0909090909,2024-09-30
1.752,2.224,2.56833169,0.0656934307,2024-10-08
1.676,2.148,2.45692004,-0.0433789954,2024-10-09
1.681,2.153,2.46424975,0.0029832936,2024-10-10
1.64,2.112,2.4041461,-0.0243902439,2024-10-11
1.657,2.129,2.42906713,0.0103658537,2024-10-14
1.619,2.091,2.3733613,-0.0229330115,2024-10-15
1.618,2.09,2.37189536,-0.0006176652,2024-10-16
1.624,2.096,2.38069102,0.0037082818,2024-10-17
1.674,2.146,2.45398815,0.0307881773,2024-10-18
1.692,2.164,2.48037512,0.0107526882,2024-10-21
1.685,2.157,2.47011352,-0.0041371158,2024-10-22
1.701,2.173,2.49356861,0.009495549,2024-10-23
1.679,2.151,2.46131787,-0.0129335685,2024-10-24
1.698,2.17,2.48917078,0.0113162597,2024-10-25
1.712,2.184,2.50969398,0.0082449941,2024-10-28
1.727,2.199,2.53168312,0.0087616822,2024-10-29
1.731,2.203,2.53754689,0.0023161552,2024-10-30
1.773,2.245,2.59911649,0.0242634315,2024-10-31
1.751,2.223,2.56686575,-0.0124083474,2024-11-01
1.782,2.254,2.61230997,0.017704169,2024-11-04
1.836,2.308,2.69147088,0.0303030303,2024-11-05
1.859,2.331,2.72518756,0.0125272331,2024-11-06
1.886,2.358,2.76476802,0.0145239376,2024-11-07
1.876,2.348,2.75010859,-0.0053022269,2024-11-08
1.926,2.398,2.82340573,0.026652452,2024-11-11
1.916,2.388,2.8087463,-0.005192108,2024-11-12
1.925,2.397,2.82193978,0.004697286,2024-11-13
1.892,2.364,2.77356367,-0.0171428571,2024-11-14
1.874,2.346,2.7471767,-0.0095137421,2024-11-15
1.851,2.323,2.71346002,-0.0122732124,2024-11-18
1.873,2.345,2.74571076,0.0118854673,2024-11-19
1.893,2.365,2.77502962,0.0106780566,2024-11-20
1.895,2.367,2.7779615,0.001056524,2024-11-21
1.862,2.334,2.72958539,-0.017414248,2024-11-22
1.862,2.334,2.72958539,0.0,2024-11-25
1.836,2.308,2.69147088,-0.0139634801,2024-11-26
1.87,2.342,2.74131293,0.0185185185,2024-11-27
1.851,2.323,2.71346002,-0.0101604278,2024-11-28
1.875,2.347,2.74864265,0.0129659643,2024-11-29
1.914,2.386,2.80581441,0.0208,2024-12-02
1.914,2.386,2.80581441,0.0,2024-12-03
1.891,2.363,2.77209773,-0.0120167189,2024-12-04
1.906,2.378,2.79408687,0.0079323109,2024-12-05
1.935,2.407,2.83659921,0.0152151102,2024-12-06
1.928,2.4,2.82633761,-0.0036175711,2024-12-09
1.949,2.421,2.85712241,0.0108921162,2024-12-10
1.956,2.428,2.86738401,0.0035915854,2024-12-11
1.956,2.428,2.86738401,0.0,2024-12-12
1.905,2.377,2.79262093,-0.0260736196,2024-12-13
1.87,2.342,2.74131293,-0.0183727034,2024-12-16
1.85,2.322,2.71199408,-0.0106951872,2024-12-17
1.858,2.33,2.72372162,0.0043243243,2024-12-18
1.861,2.333,2.72811945,0.0016146394,2024-12-19
1.871,2.343,2.74277887,0.0053734551,2024-12-20
1.828,2.3,2.67974334,-0.0229823624,2024-12-23
1.835,2.307,2.69000494,0.0038293217,2024-12-24
1.824,2.296,2.67387957,-0.0059945504,2024-12-25
1.833,2.305,2.68707305,0.0049342105,2024-12-26
1.837,2.309,2.69293682,0.0021822149,2024-12-27
1.84,2.312,2.69733465,0.0016330974,2024-12-30
1.801,2.273,2.64016288,-0.0211956522,2024-12-31
1.76,2.232,2.58005923,-0.0227651305,2025-01-02
1.723,2.195,2.52581935,-0.0210227273,2025-01-03
1.713,2.185,2.51115992,-0.0058038305,2025-01-06
1.732,2.204,2.53901283,0.0110916521,2025-01-07
1.723,2.195,2.52581935,-0.0051963048,2025-01-08
1.731,2.203,2.53754689,0.0046430644,2025-01-09
1.708,2.18,2.50383021,-0.0132871173,2025-01-10
1.71,2.182,2.50676209,0.0011709602,2025-01-13
1.762,2.234,2.58299112,0.0304093567,2025-01-14
1.742,2.214,2.55367226,-0.0113507378,2025-01-15
1.754,2.226,2.57126357,0.0068886338,2025-01-16
1.755,2.227,2.57272952,0.0005701254,2025-01-17
1.787,2.259,2.61963968,0.0182336182,2025-01-20
1.789,2.261,2.62257157,0.0011191942,2025-01-21
1.766,2.238,2.58885489,-0.0128563443,2025-01-22
1.748,2.22,2.56246792,-0.0101925255,2025-01-23
1.802,2.274,2.64162883,0.0308924485,2025-01-24
1.781,2.253,2.61084403,-0.0116537181,2025-01-27
1.816,2.288,2.66215202,0.019651881,2025-02-05
1.883,2.355,2.76037019,0.0368942731,2025-02-06
1.903,2.375,2.78968904,0.0106213489,2025-02-07
1.903,2.375,2.78968904,0.0,2025-02-10
1.879,2.351,2.75450642,-0.0126116658,2025-02-11
1.904,2.376,2.79115499,0.0133049494,2025-02-12
1.881,2.353,2.7574383,-0.0120798319,2025-02-13
1.891,2.363,2.77209773,0.0053163211,2025-02-14
1.892,2.364,2.77356367,0.0005288207,2025-02-17
1.846,2.318,2.70613031,-0.0243128964,2025-02-18
1.883,2.355,2.76037019,0.0200433369,2025-02-19
1.883,2.355,2.76037019,0.0,2025-02-20
1.916,2.388,2.8087463,0.0175252257,2025-02-21
1.915,2.387,2.80728036,-0.0005219207,2025-02-24
1.899,2.371,2.78382527,-0.0083550914,2025-02-25
1.91,2.382,2.79995064,0.0057925224,2025-02-26
1.909,2.381,2.7984847,-0.0005235602,2025-02-27
1.862,2.334,2.72958539,-0.02462022,2025-02-28
1.875,2.347,2.74864265,0.0069817401,2025-03-03
1.893,2.365,2.77502962,0.0096,2025-03-04
1.897,2.369,2.78089339,0.0021130481,2025-03-05
1.923,2.395,2.8190079,0.0137058513,2025-03-06
1.903,2.375,2.78968904,-0.010400416,2025-03-07
1.9,2.372,2.78529121,-0.0015764582,2025-03-10
1.903,2.375,2.78968904,0.0015789474,2025-03-11
1.916,2.388,2.8087463,0.006831319,2025-03-12
1.896,2.368,2.77942744,-0.0104384134,2025-03-13
1.922,2.394,2.81754195,0.0137130802,2025-03-14
1.92,2.392,2.81461007,-0.0010405827,2025-03-17
1.928,2.4,2.82633761,0.0041666667,2025-03-18
1.905,2.377,2.79262093,-0.0119294606,2025-03-19
1.896,2.368,2.77942744,-0.0047244094,2025-03-20
1.852,2.324,2.71492596,-0.0232067511,2025-03-21
1.845,2.317,2.70466436,-0.0037796976,2025-03-24
1.821,2.293,2.66948174,-0.0130081301,2025-03-25
1.832,2.304,2.68560711,0.006040637,2025-03-26
1.837,2.309,2.69293682,0.0027292576,2025-03-27
1.832,2.304,2.68560711,-0.0027218291,2025-03-28
1.842,2.314,2.70026654,0.0054585153,2025-03-31
1.833,2.305,2.68707305,-0.0048859935,2025-04-01
1.839,2.311,2.69586871,0.0032733224,2025-04-02
1.831,2.303,2.68414116,-0.0043501903,2025-04-03
1.637,2.109,2.39974827,-0.1059530311,2025-04-07
1.636,2.108,2.39828233,-0.0006108735,2025-04-08
1.679,2.151,2.46131787,0.0262836186,2025-04-09
1.71,2.182,2.50676209,0.0184633711,2025-04-10
1.73,2.202,2.53608095,0.0116959064,2025-04-11
1.751,2.223,2.56686575,0.0121387283,2025-04-14
1.737,2.209,2.54634255,-0.0079954312,2025-04-15
1.723,2.195,2.52581935,-0.0080598733,2025-04-16
1.719,2.191,2.51995558,-0.0023215322,2025-04-17
1.717,2.189,2.51702369,-0.0011634671,2025-04-18
1.754,2.226,2.57126357,0.0215492137,2025-04-21
1.744,2.216,2.55660415,-0.0057012543,2025-04-22
1.756,2.228,2.57419546,0.0068807339,2025-04-23
1.73,2.202,2.53608095,-0.0148063781,2025-04-24
1.741,2.213,2.55220632,0.0063583815,2025-04-25
1.735,2.207,2.54341066,-0.0034462952,2025-04-28
1.735,2.207,2.54341066,0.0,2025-04-29
1.747,2.219,2.56100197,0.0069164265,2025-04-30
1.795,2.267,2.63136723,0.0274756726,2025-05-06
1.787,2.259,2.61963968,-0.0044568245,2025-05-07
1.79,2.262,2.62403751,0.0016787913,2025-05-08
1.766,2.238,2.58885489,-0.0134078212,2025-05-09
1.79,2.262,2.62403751,0.013590034,2025-05-12
1.774,2.246,2.60058243,-0.0089385475,2025-05-13
1.775,2.247,2.60204837,0.0005636979,2025-05-14
1.74,2.212,2.55074038,-0.0197183099,2025-05-15
1.748,2.22,2.56246792,0.0045977011,2025-05-16
1.76,2.232,2.58005923,0.0068649886,2025-05-19
1.77,2.242,2.59471866,0.0056818182,2025-05-20
1.772,2.244,2.59765054,0.0011299435,2025-05-21
1.757,2.229,2.5756614,-0.0084650113,2025-05-22
1.733,2.205,2.54047878,-0.0136596471,2025-05-23
1.754,2.226,2.57126357,0.0121177149,2025-05-26
1.758,2.23,2.57712734,0.0022805017,2025-05-27
1.741,2.213,2.55220632,-0.0096700796,2025-05-28
1.767,2.239,2.59032083,0.014933946,2025-05-29
1.763,2.235,2.58445706,-0.0022637238,2025-05-30
1.762,2.234,2.58299112,-0.000567215,2025-06-03
1.781,2.253,2.61084403,0.0107832009,2025-06-04
1.791,2.263,2.62550346,0.0056148231,2025-06-05
1.796,2.268,2.63283317,0.0027917365,2025-06-06
1.809,2.281,2.65189042,0.0072383073,2025-06-09
1.792,2.264,2.6269694,-0.0093974572,2025-06-10
1.799,2.271,2.637231,0.00390625,2025-06-11
1.794,2.266,2.62990128,-0.0027793218,2025-06-12
1.775,2.247,2.60204837,-0.0105908584,2025-06-13
1.783,2.255,2.61377591,0.0045070423,2025-06-16
1.78,2.252,2.60937808,-0.0016825575,2025-06-17
1.778,2.25,2.6064462,-0.0011235955,2025-06-18
1.758,2.23,2.57712734,-0.0112485939,2025-06-19
1.749,2.221,2.56393386,-0.0051194539,2025-06-20
1.769,2.241,2.59325271,0.0114351058,2025-06-23
1.794,2.266,2.62990128,0.0141322781,2025-06-24
1.84,2.312,2.69733465,0.0256410256,2025-06-25
1.817,2.289,2.66361797,-0.0125,2025-06-26
1.826,2.298,2.67681145,0.0049532196,2025-06-27
1.841,2.313,2.69880059,0.0082146769,2025-06-30
1.838,2.31,2.69440276,-0.0016295492,2025-07-01
1.818,2.29,2.66508391,-0.0108813928,2025-07-02
1.825,2.297,2.67534551,0.003850385,2025-07-03
1.811,2.283,2.65482231,-0.0076712329,2025-07-04
1.809,2.281,2.65189042,-0.0011043622,2025-07-07
1.838,2.31,2.69440276,0.0160309563,2025-07-08
1.828,2.3,2.67974334,-0.0054406964,2025-07-09
1.837,2.309,2.69293682,0.0049234136,2025-07-10
1.853,2.325,2.71639191,0.008709853,2025-07-11
1.849,2.321,2.71052813,-0.0021586616,2025-07-14
1.854,2.326,2.71785785,0.0027041644,2025-07-15
1.855,2.327,2.71932379,0.0005393743,2025-07-16
1.89,2.362,2.77063179,0.0188679245,2025-07-17
1.892,2.364,2.77356367,0.0010582011,2025-07-18
1.909,2.381,2.7984847,0.0089852008,2025-07-21
1.909,2.381,2.7984847,0.0,2025-07-22
1.909,2.381,2.7984847,0.0,2025-07-23
1.929,2.401,2.82780355,0.0104766894,2025-07-24
1.941,2.413,2.84539487,0.0062208398,2025-07-25
1.942,2.414,2.84686081,0.0005151984,2025-07-28
1.942,2.414,2.84686081,0.0,2025-07-29
1.92,2.392,2.81461007,-0.0113285273,2025-07-30
1.904,2.376,2.79115499,-0.0083333333,2025-07-31
1.898,2.37,2.78235933,-0.0031512605,2025-08-01
1.91,2.382,2.79995064,0.0063224447,2025-08-04
1.927,2.399,2.82487167,0.0089005236,2025-08-05
1.942,2.414,2.84686081,0.0077841204,2025-08-06
1.931,2.403,2.83073544,-0.0056642636,2025-08-07
1.907,2.379,2.79555281,-0.0124287934,2025-08-08
1.938,2.41,2.84099704,0.0162558993,2025-08-11
1.939,2.411,2.84246298,0.0005159959,2025-08-12
1.962,2.434,2.87617966,0.0118617844,2025-08-13
1.95,2.422,2.85858835,-0.006116208,2025-08-14
1.971,2.443,2.88937315,0.0107692308,2025-08-15
2.014,2.486,2.95240869,0.0218163369,2025-08-18
2.044,2.516,2.99638697,0.0148957299,2025-08-19
2.076,2.548,3.04329714,0.0156555773,2025-08-20
2.064,2.536,3.02570582,-0.0057803468,2025-08-21
2.139,2.611,3.13565153,0.0363372093,2025-08-22
2.179,2.651,3.19428924,0.0187003273,2025-08-25
2.191,2.663,3.21188055,0.0055071134,2025-08-26
2.15,2.622,3.1517769,-0.0187129165,2025-08-27
2.206,2.678,3.23386969,0.0260465116,2025-08-28
2.206,2.678,3.23386969,0.0,2025-08-29
2.225,2.697,3.26172261,0.008612874,2025-09-01
2.161,2.633,3.16790227,-0.0287640449,2025-09-02
2.134,2.606,3.12832182,-0.0124942156,2025-09-03
2.069,2.541,3.03303554,-0.0304592315,2025-09-04
2.108,2.58,3.09020731,0.0188496858,2025-09-05
2.117,2.589,3.10340079,0.0042694497,2025-09-08
2.07,2.542,3.03450148,-0.0222012282,2025-09-09
2.093,2.565,3.06821816,0.0111111111,2025-09-10
2.152,2.624,3.15470879,0.0281892021,2025-09-11
2.173,2.645,3.18549358,0.0097583643,2025-09-12
2.177,2.649,3.19135735,0.0018407731,2025-09-15
2.2,2.672,3.22507404,0.0105649977,2025-09-16
2.212,2.684,3.24266535,0.0054545455,2025-09-17
2.209,2.681,3.23826752,-0.0013562387,2025-09-18
2.198,2.67,3.22214215,-0.0049796288,2025-09-19
2.208,2.68,3.23680158,0.0045495905,2025-09-22
2.18,2.652,3.19575518,-0.0126811594,2025-09-23
2.228,2.7,3.26612043,0.0220183486,2025-09-24
2.257,2.729,3.30863277,0.013016158,2025-09-25
2.214,2.686,3.24559724,-0.0190518387,2025-09-26
2.218,2.69,3.25146101,0.0018066847,2025-09-29
2.257,2.729,3.30863277,0.0175834085,2025-09-30
2.306,2.778,3.38046397,0.0217102348,2025-10-09
2.267,2.739,3.3232922,-0.0169124024,2025-10-10
2.279,2.751,3.34088351,0.0052933392,2025-10-13
2.264,2.736,3.31889437,-0.0065818341,2025-10-14
2.305,2.777,3.37899803,0.0181095406,2025-10-15
2.288,2.76,3.354077,-0.0073752711,2025-10-16
2.234,2.706,3.27491609,-0.0236013986,2025-10-17
2.241,2.713,3.28517769,0.003133393,2025-10-20
2.253,2.725,3.302769,0.0053547523,2025-10-21
2.245,2.717,3.29104146,-0.0035508211,2025-10-22
2.266,2.738,3.32182626,0.0093541203,2025-10-23
2.279,2.751,3.34088351,0.0057369815,2025-10-24
2.3,2.772,3.37166831,0.0092145678,2025-10-27
2.284,2.756,3.34821323,-0.0069565217,2025-10-28
2.311,2.783,3.38779368,0.011821366,2025-10-29
2.301,2.773,3.37313425,-0.0043271311,2025-10-30
2.324,2.796,3.40685094,0.0099956541,2025-10-31
2.346,2.818,3.43910168,0.0094664372,2025-11-03
2.318,2.79,3.39805528,-0.0119352089,2025-11-04
2.307,2.779,3.38192991,-0.0047454702,2025-11-05
2.32,2.792,3.40098717,0.0056350238,2025-11-06
2.304,2.776,3.37753208,-0.0068965517,2025-11-07
2.311,2.783,3.38779368,0.0030381944,2025-11-10
2.303,2.775,3.37606614,-0.0034617049,2025-11-11
2.298,2.77,3.36873643,-0.0021710812,2025-11-12
2.323,2.795,3.405385,0.0108790252,2025-11-13
2.3,2.772,3.37166831,-0.0099009901,2025-11-14
2.303,2.775,3.37606614,0.0013043478,2025-11-17
2.291,2.763,3.35847483,-0.0052105949,2025-11-18
2.276,2.748,3.33648569,-0.0065473592,2025-11-19
2.253,2.725,3.302769,-0.0101054482,2025-11-20
2.173,2.645,3.18549358,-0.0355082113,2025-11-21
2.209,2.681,3.23826752,0.0165669581,2025-11-24
2.234,2.706,3.27491609,0.0113173382,2025-11-25
2.243,2.715,3.28810958,0.0040286482,2025-11-26
2.237,2.709,3.27931392,-0.0026749889,2025-11-27
2.244,2.716,3.28957552,0.0031291909,2025-11-28
2.283,2.755,3.34674729,0.0173796791,2025-12-01
2.25,2.722,3.29837117,-0.0144546649,2025-12-02
2.218,2.69,3.25146101,-0.0142222222,2025-12-03
2.221,2.693,3.25585884,0.0013525699,2025-12-04
2.234,2.706,3.27491609,0.0058532193,2025-12-05
2.268,2.74,3.32475814,0.0152193375,2025-12-08
2.285,2.757,3.34967917,0.0074955908,2025-12-09
2.305,2.777,3.37899803,0.0087527352,2025-12-10
2.281,2.753,3.3438154,-0.0104121475,2025-12-11
2.304,2.776,3.37753208,0.0100832968,2025-12-12
2.274,2.746,3.3335538,-0.0130208333,2025-12-15
2.223,2.695,3.25879072,-0.0224274406,2025-12-16
2.263,2.735,3.31742843,0.0179937022,2025-12-17
2.241,2.713,3.28517769,-0.0097216085,2025-12-18
2.259,2.731,3.31156466,0.0080321285,2025-12-19
2.282,2.754,3.34528134,0.0101814962,2025-12-22
2.273,2.745,3.33208786,-0.0039439089,2025-12-23
2.289,2.761,3.35554294,0.0070391553,2025-12-24
2.305,2.777,3.37899803,0.0069899519,2025-12-25
2.323,2.795,3.405385,0.0078091106,2025-12-26
2.332,2.804,3.41857848,0.0038743005,2025-12-29
2.322,2.794,3.40391905,-0.0042881647,2025-12-30
2.313,2.785,3.39072557,-0.003875969,2025-12-31
2.379,2.851,3.48747779,0.0285343709,2026-01-05
2.412,2.884,3.5358539,0.0138713745,2026-01-06
2.409,2.881,3.53145607,-0.0012437811,2026-01-07
2.457,2.929,3.60182132,0.0199252802,2026-01-08
2.492,2.964,3.65312932,0.0142450142,2026-01-09
2.578,3.05,3.77920039,0.0345104334,2026-01-12
2.53,3.002,3.70883514,-0.0186190846,2026-01-13
2.549,3.021,3.73668806,0.0075098814,2026-01-14
2.548,3.02,3.73522211,-0.0003923107,2026-01-15
2.55,3.022,3.738154,0.0007849294,2026-01-16
2.548,3.02,3.73522211,-0.0007843137,2026-01-19
2.54,3.012,3.72349457,-0.0031397174,2026-01-20
2.563,3.035,3.75721125,0.0090551181,2026-01-21
2.605,3.077,3.81878085,0.0163870464,2026-01-22
2.642,3.114,3.87302073,0.0142034549,2026-01-23
2.607,3.079,3.82171273,-0.0132475397,2026-01-26
2.608,3.08,3.82317868,0.0003835827,2026-01-27
2.601,3.073,3.81291708,-0.0026840491,2026-01-28
2.605,3.077,3.81878085,0.00153787,2026-01-29
2.577,3.049,3.77773445,-0.0107485605,2026-01-30
2.51,2.982,3.67951629,-0.0259992239,2026-02-02
2.558,3.03,3.74988154,0.019123506,2026-02-03
2.587,3.059,3.79239388,0.011336982,2026-02-04
2.546,3.018,3.73229023,-0.0158484731,2026-02-05
2.547,3.019,3.73375617,0.000392773,2026-02-06
2.596,3.068,3.80558736,0.0192383196,2026-02-09
2.608,3.08,3.82317868,0.0046224961,2026-02-10
2.592,3.064,3.79972359,-0.0061349693,2026-02-11
2.608,3.08,3.82317868,0.0061728395,2026-02-12
2.598,3.07,3.80851925,-0.0038343558,2026-02-13
2.588,3.06,3.79385982,-0.0038491147,2026-02-24
2.606,3.078,3.82024679,0.0069551777,2026-02-25
2.604,3.076,3.81731491,-0.0007674597,2026-02-26
2.632,3.104,3.8583613,0.0107526882,2026-02-27
2.611,3.083,3.82757651,-0.0079787234,2026-03-02
2.546,3.018,3.73229023,-0.0248946764,2026-03-03
2.524,2.996,3.70003949,-0.0086410055,2026-03-04
2.536,3.008,3.7176308,0.0047543582,2026-03-05
2.552,3.024,3.74108588,0.0063091483,2026-03-06
2.557,3.029,3.7484156,0.0019592476,2026-03-09
2.591,3.063,3.79825765,0.0132968322,2026-03-10
2.598,3.07,3.80851925,0.0027016596,2026-03-11
2.594,3.066,3.80265548,-0.0015396459,2026-03-12
2.554,3.026,3.74401777,-0.0154202005,2026-03-13
2.534,3.006,3.71469891,-0.0078308536,2026-03-16
2.508,2.98,3.6765844,-0.0102604578,2026-03-17
2.522,2.994,3.6971076,0.0055821372,2026-03-18
2.449,2.921,3.59009378,-0.0289452815,2026-03-19
2.419,2.891,3.5461155,-0.0122498979,2026-03-20
2.343,2.815,3.43470385,-0.0314179413,2026-03-23
2.37,2.842,3.4742843,0.0115236876,2026-03-24
2.41,2.882,3.53292201,0.0168776371,2026-03-25
2.373,2.845,3.47868213,-0.0153526971,2026-03-26
2.38,2.852,3.48894373,0.0029498525,2026-03-27
2.364,2.836,3.46548865,-0.0067226891,2026-03-30
2.344,2.816,3.43616979,-0.0084602369,2026-03-31
2.384,2.856,3.4948075,0.0170648464,2026-04-01
2.343,2.815,3.43470385,-0.0171979866,2026-04-02
2.304,2.776,3.37753208,-0.0166453265,2026-04-03
2.304,2.776,3.37753208,0.0,2026-04-07
2.415,2.887,3.54025173,0.0481770833,2026-04-08
2.403,2.875,3.52266041,-0.0049689441,2026-04-09
2.43,2.902,3.56224087,0.0112359551,2026-04-10
2.469,2.941,3.61941264,0.0160493827,2026-04-13
2.501,2.973,3.6663228,0.0129607128,2026-04-14
2.498,2.97,3.66192498,-0.0011995202,2026-04-15
2.522,2.994,3.6971076,0.0096076861,2026-04-16
2.523,2.995,3.69857354,0.0003965107,2026-04-17
2.568,3.04,3.76454097,0.0178359096,2026-04-20
2.552,3.024,3.74108588,-0.0062305296,2026-04-21
2.576,3.048,3.77626851,0.0094043887,2026-04-22
2.563,3.035,3.75721125,-0.0050465839,2026-04-23
2.546,3.018,3.73229023,-0.0066328521,2026-04-24
2.553,3.025,3.74255183,0.0027494108,2026-04-27
2.498,2.97,3.66192498,-0.0215432824,2026-04-28
2.533,3.005,3.71323297,0.014011209,2026-04-29
2.552,3.024,3.74108588,0.007500987,2026-04-30
2.62,3.092,3.84076999,0.026645768,2026-05-06
2.636,3.108,3.86422507,0.0061068702,2026-05-07
2.638,3.11,3.86715696,0.0007587253,2026-05-08
2.66,3.132,3.8994077,0.0083396513,2026-05-11
2.62,3.092,3.84076999,-0.015037594,2026-05-12
2.663,3.135,3.90380553,0.0164122137,2026-05-13
2.588,3.06,3.79385982,-0.0281637251,2026-05-14
2.531,3.003,3.71030109,-0.0220247295,2026-05-15
2.5,2.972,3.66485686,-0.0122481233,2026-05-18
2.517,2.989,3.68977789,0.0068,2026-05-19
2.51,2.982,3.67951629,-0.0027810886,2026-05-20
2.452,2.924,3.59449161,-0.0231075697,2026-05-21
2.479,2.951,3.63407206,0.0110114192,2026-05-22
2.47,2.942,3.62087858,-0.0036304962,2026-05-25
2.443,2.915,3.58129812,-0.0109311741,2026-05-26
