nav,cumulative_nav_withdrawal,cumulative_nav,price_change,price_date
1.0,1.0,1.0,0.0,2015-06-12
1.0,1.0,1.0,0.0,2015-06-15
1.0,1.0,1.0,0.0,2015-06-16
1.0,1.0,1.0,0.0,2015-06-17
1.0,1.0,1.0,0.0,2015-06-18
1.0,1.0,1.0,0.0,2015-06-19
1.0,1.0,1.0,0.0,2015-06-23
1.0,1.0,1.0,0.0,2015-06-24
1.0,1.0,1.0,0.0,2015-06-25
1.0,1.0,1.0,0.0,2015-06-26
0.995,0.995,0.995,-0.005,2015-06-29
1.026,1.026,1.026,0.0311557789,2015-06-30
0.995,0.995,0.995,-0.030214425,2015-07-01
0.966,0.966,0.966,-0.0291457286,2015-07-02
0.961,0.961,0.961,-0.0051759834,2015-07-03
0.976,0.976,0.976,0.0156087409,2015-07-06
0.968,0.968,0.968,-0.0081967213,2015-07-07
0.988,0.988,0.988,0.020661157,2015-07-08
1.028,1.028,1.028,0.04048583,2015-07-09
1.075,1.075,1.075,0.0457198444,2015-07-10
1.104,1.104,1.104,0.0269767442,2015-07-13
1.119,1.119,1.119,0.0135869565,2015-07-14
1.107,1.107,1.107,-0.0107238606,2015-07-15
1.13,1.13,1.13,0.0207768744,2015-07-16
1.132,1.132,1.132,0.0017699115,2015-07-17
1.129,1.129,1.129,-0.0026501767,2015-07-20
1.121,1.121,1.121,-0.0070859167,2015-07-21
1.112,1.112,1.112,-0.0080285459,2015-07-22
1.115,1.115,1.115,0.0026978417,2015-07-23
1.111,1.111,1.111,-0.0035874439,2015-07-24
1.109,1.109,1.109,-0.00180018,2015-07-27
1.102,1.102,1.102,-0.0063119928,2015-07-28
1.105,1.105,1.105,0.002722323,2015-07-29
1.107,1.107,1.107,0.0018099548,2015-07-30
1.113,1.113,1.113,0.0054200542,2015-07-31
1.12,1.12,1.12,0.0062893082,2015-08-03
1.116,1.116,1.116,-0.0035714286,2015-08-04
1.117,1.117,1.117,0.0008960573,2015-08-05
1.115,1.115,1.115,-0.0017905103,2015-08-06
1.116,1.116,1.116,0.000896861,2015-08-07
1.111,1.111,1.111,-0.0044802867,2015-08-10
1.111,1.111,1.111,0.0,2015-08-11
1.113,1.113,1.113,0.00180018,2015-08-12
1.115,1.115,1.115,0.0017969452,2015-08-13
1.114,1.114,1.114,-0.000896861,2015-08-14
1.115,1.115,1.115,0.0008976661,2015-08-17
1.117,1.117,1.117,0.001793722,2015-08-18
1.117,1.117,1.117,0.0,2015-08-19
1.114,1.114,1.114,-0.0026857654,2015-08-20
1.11,1.11,1.11,-0.0035906643,2015-08-21
1.098,1.098,1.098,-0.0108108108,2015-08-24
1.107,1.107,1.107,0.0081967213,2015-08-25
1.129,1.129,1.129,0.0198735321,2015-08-26
1.164,1.164,1.164,0.0310008857,2015-08-27
1.181,1.181,1.181,0.014604811,2015-08-28
1.163,1.163,1.163,-0.0152413209,2015-08-31
1.144,1.144,1.144,-0.0163370593,2015-09-01
1.126,1.126,1.126,-0.0157342657,2015-09-02
1.151,1.151,1.151,0.0222024867,2015-09-07
1.17,1.17,1.17,0.0165073849,2015-09-08
1.181,1.181,1.181,0.0094017094,2015-09-09
1.171,1.171,1.171,-0.0084674005,2015-09-10
1.167,1.167,1.167,-0.0034158839,2015-09-11
1.17,1.17,1.17,0.0025706941,2015-09-14
1.164,1.164,1.164,-0.0051282051,2015-09-15
1.173,1.173,1.173,0.0077319588,2015-09-16
1.174,1.174,1.174,0.0008525149,2015-09-17
1.184,1.184,1.184,0.0085178876,2015-09-18
1.188,1.188,1.188,0.0033783784,2015-09-21
1.18,1.18,1.18,-0.0067340067,2015-09-22
1.169,1.169,1.169,-0.0093220339,2015-09-23
1.175,1.175,1.175,0.005132592,2015-09-24
1.173,1.173,1.173,-0.0017021277,2015-09-25
1.174,1.174,1.174,0.0008525149,2015-09-28
1.163,1.163,1.163,-0.0093696763,2015-09-29
1.16,1.16,1.16,-0.0025795357,2015-09-30
1.203,1.203,1.203,0.0370689655,2015-10-08
1.214,1.214,1.214,0.0091438071,2015-10-09
1.219,1.219,1.219,0.0041186161,2015-10-12
1.21,1.21,1.21,-0.0073831009,2015-10-13
1.211,1.211,1.211,0.0008264463,2015-10-14
1.222,1.222,1.222,0.0090834021,2015-10-15
1.227,1.227,1.227,0.004091653,2015-10-16
1.234,1.234,1.234,0.0057049715,2015-10-19
1.236,1.236,1.236,0.0016207455,2015-10-20
1.236,1.236,1.236,0.0,2015-10-21
1.23,1.23,1.23,-0.0048543689,2015-10-22
1.236,1.236,1.236,0.0048780488,2015-10-23
1.243,1.243,1.243,0.0056634304,2015-10-26
1.246,1.246,1.246,0.0024135157,2015-10-27
1.242,1.242,1.242,-0.0032102729,2015-10-28
1.244,1.244,1.244,0.001610306,2015-10-29
1.241,1.241,1.241,-0.0024115756,2015-10-30
1.232,1.232,1.232,-0.007252216,2015-11-02
1.237,1.237,1.237,0.0040584416,2015-11-03
1.251,1.251,1.251,0.0113177041,2015-11-04
1.259,1.259,1.259,0.0063948841,2015-11-05
1.262,1.262,1.262,0.0023828435,2015-11-06
1.266,1.266,1.266,0.0031695721,2015-11-09
1.255,1.255,1.255,-0.0086887836,2015-11-10
1.261,1.261,1.261,0.0047808765,2015-11-11
1.263,1.263,1.263,0.0015860428,2015-11-12
1.256,1.256,1.256,-0.0055423595,2015-11-13
1.247,1.247,1.247,-0.0071656051,2015-11-16
1.251,1.251,1.251,0.0032076985,2015-11-17
1.245,1.245,1.245,-0.0047961631,2015-11-18
1.248,1.248,1.248,0.0024096386,2015-11-19
1.256,1.256,1.256,0.0064102564,2015-11-20
1.254,1.254,1.254,-0.0015923567,2015-11-23
1.262,1.262,1.262,0.0063795853,2015-11-24
1.265,1.265,1.265,0.0023771791,2015-11-25
1.265,1.265,1.265,0.0,2015-11-26
1.25,1.25,1.25,-0.0118577075,2015-11-27
1.256,1.256,1.256,0.0048,2015-11-30
1.261,1.261,1.261,0.0039808917,2015-12-01
1.274,1.274,1.274,0.0103092784,2015-12-02
1.274,1.274,1.274,0.0,2015-12-03
1.266,1.266,1.266,-0.0062794349,2015-12-04
1.265,1.265,1.265,-0.0007898894,2015-12-07
1.259,1.259,1.259,-0.004743083,2015-12-08
1.254,1.254,1.254,-0.0039714059,2015-12-09
1.252,1.252,1.252,-0.0015948963,2015-12-10
1.237,1.237,1.237,-0.0119808307,2015-12-11
1.243,1.243,1.243,0.0048504446,2015-12-14
1.243,1.243,1.243,0.0,2015-12-15
1.252,1.252,1.252,0.0072405471,2015-12-16
1.259,1.259,1.259,0.0055910543,2015-12-17
1.261,1.261,1.261,0.0015885624,2015-12-18
1.276,1.276,1.276,0.0118953212,2015-12-21
1.276,1.276,1.276,0.0,2015-12-22
1.289,1.289,1.289,0.0101880878,2015-12-23
1.289,1.289,1.289,0.0,2015-12-24
1.29,1.29,1.29,0.0007757952,2015-12-25
1.278,1.278,1.278,-0.0093023256,2015-12-28
1.282,1.282,1.282,0.0031298905,2015-12-29
1.282,1.282,1.282,0.0,2015-12-30
1.289,1.289,1.289,0.0054602184,2015-12-31
1.265,1.265,1.265,-0.0186190846,2016-01-04
1.269,1.269,1.269,0.0031620553,2016-01-05
1.267,1.267,1.267,-0.0015760441,2016-01-06
1.249,1.249,1.249,-0.0142067877,2016-01-07
1.251,1.251,1.251,0.001601281,2016-01-08
1.217,1.217,1.217,-0.0271782574,2016-01-11
1.209,1.209,1.209,-0.0065735415,2016-01-12
1.212,1.212,1.212,0.0024813896,2016-01-13
1.203,1.203,1.203,-0.0074257426,2016-01-14
1.187,1.187,1.187,-0.0133000831,2016-01-15
1.181,1.181,1.181,-0.0050547599,2016-01-18
1.188,1.188,1.188,0.0059271804,2016-01-19
1.16,1.16,1.16,-0.0235690236,2016-01-20
1.147,1.147,1.147,-0.0112068966,2016-01-21
1.175,1.175,1.175,0.0244115083,2016-01-22
1.182,1.182,1.182,0.0059574468,2016-01-25
1.168,1.168,1.168,-0.0118443316,2016-01-26
1.172,1.172,1.172,0.0034246575,2016-01-27
1.173,1.173,1.173,0.0008532423,2016-01-28
1.179,1.179,1.179,0.0051150895,2016-01-29
1.173,1.173,1.173,-0.0050890585,2016-02-01
1.166,1.166,1.166,-0.0059676044,2016-02-02
1.153,1.153,1.153,-0.0111492281,2016-02-03
1.159,1.159,1.159,0.0052038161,2016-02-04
1.161,1.161,1.161,0.0017256255,2016-02-05
1.139,1.139,1.139,-0.0189491817,2016-02-15
1.151,1.151,1.151,0.0105355575,2016-02-16
1.151,1.151,1.151,0.0,2016-02-17
1.174,1.174,1.174,0.0199826238,2016-02-18
1.172,1.172,1.172,-0.0017035775,2016-02-19
1.182,1.182,1.182,0.0085324232,2016-02-22
1.179,1.179,1.179,-0.0025380711,2016-02-23
1.175,1.175,1.175,-0.0033927057,2016-02-24
1.164,1.164,1.164,-0.0093617021,2016-02-25
1.177,1.177,1.177,0.0111683849,2016-02-26
1.166,1.166,1.166,-0.0093457944,2016-02-29
1.185,1.185,1.185,0.0162950257,2016-03-01
1.206,1.206,1.206,0.017721519,2016-03-02
1.214,1.214,1.214,0.0066334992,2016-03-03
1.228,1.228,1.228,0.0115321252,2016-03-04
1.244,1.244,1.244,0.013029316,2016-03-07
1.237,1.237,1.237,-0.0056270096,2016-03-08
1.231,1.231,1.231,-0.0048504446,2016-03-09
1.222,1.222,1.222,-0.0073111292,2016-03-10
1.238,1.238,1.238,0.0130932897,2016-03-11
1.242,1.242,1.242,0.0032310178,2016-03-14
1.235,1.235,1.235,-0.0056360709,2016-03-15
1.233,1.233,1.233,-0.0016194332,2016-03-16
1.244,1.244,1.244,0.0089213301,2016-03-17
1.247,1.247,1.247,0.0024115756,2016-03-18
1.255,1.255,1.255,0.006415397,2016-03-21
1.25,1.25,1.25,-0.0039840637,2016-03-22
1.252,1.252,1.252,0.0016,2016-03-23
1.234,1.234,1.234,-0.0143769968,2016-03-24
1.234,1.234,1.234,0.0,2016-03-25
1.234,1.234,1.234,0.0,2016-03-28
1.229,1.229,1.229,-0.0040518639,2016-03-29
1.244,1.244,1.244,0.0122050448,2016-03-30
1.248,1.248,1.248,0.0032154341,2016-03-31
1.224,1.224,1.224,-0.0192307692,2016-04-01
1.22,1.22,1.22,-0.0032679739,2016-04-05
1.225,1.225,1.225,0.0040983607,2016-04-06
1.233,1.233,1.233,0.0065306122,2016-04-07
1.234,1.234,1.234,0.00081103,2016-04-08
1.241,1.241,1.241,0.0056726094,2016-04-11
1.241,1.241,1.241,0.0,2016-04-12
1.251,1.251,1.251,0.0080580177,2016-04-13
1.253,1.253,1.253,0.001598721,2016-04-14
1.262,1.262,1.262,0.0071827614,2016-04-15
1.252,1.252,1.252,-0.0079239303,2016-04-18
1.265,1.265,1.265,0.0103833866,2016-04-19
1.256,1.256,1.256,-0.0071146245,2016-04-20
1.261,1.261,1.261,0.0039808917,2016-04-21
1.255,1.255,1.255,-0.0047581285,2016-04-22
1.249,1.249,1.249,-0.0047808765,2016-04-25
1.249,1.249,1.249,0.0,2016-04-26
1.251,1.251,1.251,0.001601281,2016-04-27
1.249,1.249,1.249,-0.001598721,2016-04-28
1.234,1.234,1.234,-0.0120096077,2016-04-29
1.24,1.24,1.24,0.0048622366,2016-05-03
1.234,1.234,1.234,-0.0048387097,2016-05-04
1.231,1.231,1.231,-0.0024311183,2016-05-05
1.219,1.219,1.219,-0.0097481722,2016-05-06
1.216,1.216,1.216,-0.0024610336,2016-05-09
1.221,1.221,1.221,0.0041118421,2016-05-10
1.225,1.225,1.225,0.0032760033,2016-05-11
1.221,1.221,1.221,-0.0032653061,2016-05-12
1.217,1.217,1.217,-0.0032760033,2016-05-13
1.214,1.214,1.214,-0.0024650781,2016-05-16
1.221,1.221,1.221,0.0057660626,2016-05-17
1.216,1.216,1.216,-0.0040950041,2016-05-18
1.214,1.214,1.214,-0.0016447368,2016-05-19
1.22,1.22,1.22,0.0049423394,2016-05-20
1.226,1.226,1.226,0.0049180328,2016-05-23
1.224,1.224,1.224,-0.0016313214,2016-05-24
1.234,1.234,1.234,0.0081699346,2016-05-25
1.231,1.231,1.231,-0.0024311183,2016-05-26
1.24,1.24,1.24,0.0073111292,2016-05-27
1.244,1.244,1.244,0.0032258065,2016-05-30
1.259,1.259,1.259,0.0120578778,2016-05-31
1.257,1.257,1.257,-0.0015885624,2016-06-01
1.258,1.258,1.258,0.0007955449,2016-06-02
1.266,1.266,1.266,0.0063593005,2016-06-03
1.275,1.275,1.275,0.0071090047,2016-06-06
1.281,1.281,1.281,0.0047058824,2016-06-07
1.277,1.277,1.277,-0.0031225605,2016-06-08
1.246,1.246,1.246,-0.024275646,2016-06-13
1.249,1.249,1.249,0.0024077047,2016-06-14
1.255,1.255,1.255,0.0048038431,2016-06-15
1.247,1.247,1.247,-0.006374502,2016-06-16
1.262,1.262,1.262,0.0120288693,2016-06-17
1.269,1.269,1.269,0.0055467512,2016-06-20
1.272,1.272,1.272,0.0023640662,2016-06-21
1.278,1.278,1.278,0.0047169811,2016-06-22
1.276,1.276,1.276,-0.0015649452,2016-06-23
1.261,1.261,1.261,-0.0117554859,2016-06-24
1.273,1.273,1.273,0.0095162569,2016-06-27
1.278,1.278,1.278,0.0039277298,2016-06-28
1.287,1.287,1.287,0.0070422535,2016-06-29
1.295,1.295,1.295,0.0062160062,2016-06-30
1.294,1.294,1.294,-0.0007722008,2016-07-01
1.304,1.304,1.304,0.0077279753,2016-07-04
1.296,1.296,1.296,-0.0061349693,2016-07-05
1.152,1.302,1.302,0.0046296296,2016-07-06
1.162,1.312,1.31330208,0.0086805556,2016-07-07
1.163,1.313,1.31443229,0.0008605852,2016-07-08
1.182,1.332,1.33590625,0.0163370593,2016-07-11
1.191,1.341,1.34607812,0.0076142132,2016-07-12
1.187,1.337,1.34155729,-0.0033585223,2016-07-13
1.19,1.34,1.34494792,0.0025273799,2016-07-14
1.189,1.339,1.34381771,-0.0008403361,2016-07-15
1.192,1.342,1.34720833,0.0025231287,2016-07-18
1.182,1.332,1.33590625,-0.0083892617,2016-07-19
1.185,1.335,1.33929688,0.0025380711,2016-07-20
1.186,1.336,1.34042708,0.0008438819,2016-07-21
1.181,1.331,1.33477604,-0.0042158516,2016-07-22
1.186,1.336,1.34042708,0.0042337003,2016-07-25
1.192,1.342,1.34720833,0.0050590219,2016-07-26
1.191,1.341,1.34607813,-0.0008389262,2016-07-27
1.193,1.343,1.34833854,0.0016792611,2016-07-28
1.19,1.34,1.34494792,-0.0025146689,2016-07-29
1.195,1.345,1.35059896,0.0042016807,2016-08-01
1.194,1.344,1.34946875,-0.0008368201,2016-08-02
1.192,1.342,1.34720833,-0.0016750419,2016-08-03
1.197,1.347,1.35285938,0.0041946309,2016-08-04
1.2,1.35,1.35625,0.0025062657,2016-08-05
1.203,1.353,1.35964063,0.0025,2016-08-08
1.214,1.364,1.37207292,0.0091438071,2016-08-09
1.211,1.361,1.36868229,-0.0024711697,2016-08-10
1.216,1.366,1.37433333,0.0041288192,2016-08-11
1.217,1.367,1.37546354,0.0008223684,2016-08-12
1.223,1.373,1.38224479,0.0049301561,2016-08-15
1.219,1.369,1.37772396,-0.003270646,2016-08-16
1.222,1.372,1.38111458,0.0024610336,2016-08-17
1.217,1.367,1.37546354,-0.004091653,2016-08-18
1.212,1.362,1.3698125,-0.0041084634,2016-08-19
1.214,1.364,1.37207292,0.001650165,2016-08-22
1.208,1.358,1.36529167,-0.0049423394,2016-08-23
1.211,1.361,1.36868229,0.0024834437,2016-08-24
1.205,1.355,1.36190104,-0.004954583,2016-08-25
1.215,1.365,1.37320313,0.0082987552,2016-08-26
1.212,1.362,1.3698125,-0.0024691358,2016-08-29
1.218,1.368,1.37659375,0.004950495,2016-08-30
1.216,1.366,1.37433333,-0.0016420361,2016-08-31
1.217,1.367,1.37546354,0.0008223684,2016-09-01
1.226,1.376,1.38563542,0.0073952342,2016-09-02
1.233,1.383,1.39354687,0.0057096248,2016-09-05
1.242,1.392,1.40371875,0.0072992701,2016-09-06
1.24,1.39,1.40145833,-0.001610306,2016-09-07
1.24,1.39,1.40145833,0.0,2016-09-08
1.241,1.391,1.40258854,0.0008064516,2016-09-09
1.221,1.371,1.37998437,-0.0161160355,2016-09-12
1.221,1.371,1.37998437,0.0,2016-09-13
1.22,1.37,1.37885417,-0.0008190008,2016-09-14
1.37,1.52,1.54838542,0.1229508197,2016-09-16
1.23,1.38,1.39015625,-0.102189781,2016-09-19
1.231,1.381,1.39128646,0.0008130081,2016-09-20
1.236,1.386,1.3969375,0.0040617384,2016-09-21
1.244,1.394,1.40597917,0.0064724919,2016-09-22
1.24,1.39,1.40145833,-0.0032154341,2016-09-23
1.225,1.375,1.38450521,-0.0120967742,2016-09-26
1.231,1.381,1.39128646,0.0048979592,2016-09-27
1.232,1.382,1.39241667,0.0008123477,2016-09-28
1.239,1.389,1.40032813,0.0056818182,2016-09-29
1.228,1.378,1.38789583,-0.0088781275,2016-09-30
1.228,1.378,1.38789583,0.0,2016-10-07
1.229,1.379,1.38902604,0.0008143322,2016-10-10
1.244,1.394,1.40597917,0.0122050448,2016-10-11
1.243,1.393,1.40484896,-0.0008038585,2016-10-12
1.231,1.381,1.39128646,-0.0096540628,2016-10-13
1.234,1.384,1.39467708,0.0024370431,2016-10-14
1.234,1.384,1.39467708,0.0,2016-10-17
1.25,1.4,1.41276042,0.0129659643,2016-10-18
1.248,1.398,1.4105,-0.0016,2016-10-19
1.247,1.397,1.40936979,-0.0008012821,2016-10-20
1.246,1.396,1.40823958,-0.0008019246,2016-10-21
1.255,1.405,1.41841146,0.007223114,2016-10-24
1.259,1.409,1.42293229,0.003187251,2016-10-25
1.246,1.396,1.40823958,-0.0103256553,2016-10-26
1.242,1.392,1.40371875,-0.0032102729,2016-10-27
1.24,1.39,1.40145833,-0.001610306,2016-10-28
1.232,1.382,1.39241667,-0.0064516129,2016-10-31
1.24,1.39,1.40145833,0.0064935065,2016-11-01
1.227,1.377,1.38676563,-0.010483871,2016-11-02
1.222,1.372,1.38111458,-0.0040749796,2016-11-03
1.218,1.368,1.37659375,-0.0032733224,2016-11-04
1.224,1.374,1.383375,0.0049261084,2016-11-07
1.231,1.381,1.39128646,0.0057189542,2016-11-08
1.22,1.37,1.37885417,-0.0089358245,2016-11-09
1.234,1.384,1.39467708,0.0114754098,2016-11-10
1.223,1.373,1.38224479,-0.0089141005,2016-11-11
1.216,1.366,1.37433333,-0.0057236304,2016-11-14
1.225,1.375,1.38450521,0.0074013158,2016-11-15
1.231,1.381,1.39128646,0.0048979592,2016-11-16
1.229,1.379,1.38902604,-0.0016246954,2016-11-17
1.233,1.383,1.39354687,0.0032546786,2016-11-18
1.237,1.387,1.39806771,0.00324412,2016-11-21
1.245,1.395,1.40710938,0.0064672595,2016-11-22
1.244,1.394,1.40597917,-0.0008032129,2016-11-23
1.244,1.394,1.40597917,0.0,2016-11-24
1.248,1.398,1.4105,0.0032154341,2016-11-25
1.256,1.406,1.41954167,0.0064102564,2016-11-28
1.256,1.406,1.41954167,0.0,2016-11-29
1.256,1.406,1.41954167,0.0,2016-11-30
1.25,1.4,1.41276042,-0.0047770701,2016-12-01
1.248,1.398,1.4105,-0.0016,2016-12-02
1.24,1.39,1.40145833,-0.0064102564,2016-12-05
1.245,1.395,1.40710938,0.0040322581,2016-12-06
1.251,1.401,1.41389063,0.0048192771,2016-12-07
1.261,1.411,1.42519271,0.0079936051,2016-12-08
1.256,1.406,1.41954167,-0.0039651071,2016-12-09
1.244,1.394,1.40597917,-0.0095541401,2016-12-12
1.248,1.398,1.4105,0.0032154341,2016-12-13
1.242,1.392,1.40371875,-0.0048076923,2016-12-14
1.226,1.376,1.38563542,-0.0128824477,2016-12-15
1.228,1.378,1.38789583,0.0016313214,2016-12-16
1.228,1.378,1.38789583,0.0,2016-12-19
1.222,1.372,1.38111458,-0.0048859935,2016-12-20
1.224,1.374,1.383375,0.0016366612,2016-12-21
1.215,1.365,1.37320313,-0.0073529412,2016-12-22
1.208,1.358,1.36529167,-0.0057613169,2016-12-23
1.208,1.358,1.36529167,0.0,2016-12-26
1.208,1.358,1.36529167,0.0,2016-12-27
1.218,1.368,1.37659375,0.0082781457,2016-12-28
1.222,1.372,1.38111458,0.0032840722,2016-12-29
1.23,1.38,1.39015625,0.0065466448,2016-12-30
1.23,1.38,1.39015625,0.0,2017-01-03
1.239,1.389,1.40032813,0.0073170732,2017-01-04
1.24,1.39,1.40145833,0.0008071025,2017-01-05
1.226,1.376,1.38563542,-0.0112903226,2017-01-06
1.233,1.383,1.39354687,0.0057096248,2017-01-09
1.247,1.397,1.40936979,0.0113544201,2017-01-10
1.256,1.406,1.41954167,0.0072173216,2017-01-11
1.256,1.406,1.41954167,0.0,2017-01-12
1.253,1.403,1.41615104,-0.002388535,2017-01-13
1.243,1.393,1.40484896,-0.007980846,2017-01-16
1.255,1.405,1.41841146,0.0096540628,2017-01-17
1.26,1.41,1.4240625,0.0039840637,2017-01-18
1.256,1.406,1.41954167,-0.0031746032,2017-01-19
1.262,1.412,1.42632292,0.0047770701,2017-01-20
1.269,1.419,1.43423438,0.0055467512,2017-01-23
1.267,1.417,1.43197396,-0.0015760441,2017-01-24
1.265,1.415,1.42971354,-0.001578532,2017-01-25
1.269,1.419,1.43423437,0.0031620553,2017-01-26
1.26,1.41,1.4240625,-0.0070921986,2017-02-03
1.278,1.428,1.44440625,0.0142857143,2017-02-06
1.279,1.429,1.44553646,0.0007824726,2017-02-07
1.295,1.445,1.46361979,0.0125097733,2017-02-08
1.305,1.455,1.47492187,0.0077220077,2017-02-09
1.31,1.46,1.48057292,0.0038314176,2017-02-10
1.326,1.476,1.49865625,0.0122137405,2017-02-13
1.32,1.47,1.491875,-0.0045248869,2017-02-14
1.316,1.466,1.48735417,-0.003030303,2017-02-15
1.319,1.469,1.49074479,0.0022796353,2017-02-16
1.305,1.455,1.47492187,-0.0106141016,2017-02-17
1.317,1.467,1.48848437,0.0091954023,2017-02-20
1.32,1.47,1.491875,0.0022779043,2017-02-21
1.332,1.482,1.5054375,0.0090909091,2017-02-22
1.331,1.481,1.50430729,-0.0007507508,2017-02-23
1.326,1.476,1.49865625,-0.003756574,2017-02-24
1.312,1.462,1.48283333,-0.0105580694,2017-02-27
1.314,1.464,1.48509375,0.0015243902,2017-02-28
1.321,1.471,1.49300521,0.0053272451,2017-03-01
1.218,1.468,1.48961458,-0.0022710068,2017-03-02
1.213,1.463,1.48349958,-0.0041050903,2017-03-03
1.221,1.471,1.49328358,0.0065952185,2017-03-06
1.226,1.476,1.49939859,0.0040950041,2017-03-07
1.229,1.479,1.50306759,0.0024469821,2017-03-08
1.22,1.47,1.49206058,-0.0073230269,2017-03-09
1.212,1.462,1.48227658,-0.006557377,2017-03-10
1.229,1.479,1.50306759,0.0140264026,2017-03-13
1.23,1.48,1.50429059,0.0008136697,2017-03-14
1.233,1.483,1.50795959,0.0024390244,2017-03-15
1.249,1.499,1.5275276,0.0129764801,2017-03-16
1.251,1.501,1.5299736,0.001601281,2017-03-17
1.262,1.512,1.5434266,0.0087929656,2017-03-20
1.265,1.515,1.54709561,0.0023771791,2017-03-21
1.257,1.507,1.5373116,-0.0063241107,2017-03-22
1.254,1.504,1.5336426,-0.0023866348,2017-03-23
1.258,1.508,1.5385346,0.0031897927,2017-03-24
1.24,1.49,1.51652059,-0.0143084261,2017-03-27
1.233,1.483,1.50795959,-0.0056451613,2017-03-28
1.235,1.485,1.51040559,0.00162206,2017-03-29
1.227,1.477,1.50062159,-0.0064777328,2017-03-30
1.233,1.483,1.50795959,0.0048899756,2017-03-31
1.244,1.494,1.5214126,0.0089213301,2017-04-05
1.239,1.489,1.51529759,-0.0040192926,2017-04-06
1.236,1.486,1.51162859,-0.0024213075,2017-04-07
1.227,1.477,1.50062159,-0.0072815534,2017-04-10
1.224,1.474,1.49695259,-0.0024449878,2017-04-11
1.233,1.483,1.50795959,0.0073529412,2017-04-12
1.233,1.483,1.50795959,0.0,2017-04-13
1.232,1.482,1.50673659,-0.00081103,2017-04-14
1.233,1.483,1.50795959,0.0008116883,2017-04-17
1.225,1.475,1.49817559,-0.0064882401,2017-04-18
1.222,1.472,1.49450659,-0.0024489796,2017-04-19
1.236,1.486,1.51162859,0.0114566285,2017-04-20
1.236,1.486,1.51162859,0.0,2017-04-21
1.236,1.486,1.51162859,0.0,2017-04-24
1.249,1.499,1.5275276,0.0105177994,2017-04-25
1.248,1.498,1.5263046,-0.0008006405,2017-04-26
1.241,1.491,1.51774359,-0.0056089744,2017-04-27
1.242,1.492,1.51896659,0.0008058018,2017-04-28
1.236,1.486,1.51162859,-0.0048309179,2017-05-02
1.237,1.487,1.51285159,0.0008090615,2017-05-03
1.23,1.48,1.50429059,-0.0056588521,2017-05-04
1.223,1.473,1.49572959,-0.0056910569,2017-05-05
1.234,1.484,1.50918259,0.0089942764,2017-05-08
1.243,1.493,1.5201896,0.0072933549,2017-05-09
1.255,1.505,1.5348656,0.0096540628,2017-05-10
1.256,1.506,1.5360886,0.0007968127,2017-05-11
1.261,1.511,1.5422036,0.0039808917,2017-05-12
1.268,1.518,1.55076461,0.0055511499,2017-05-15
1.273,1.523,1.55687961,0.0039432177,2017-05-16
1.263,1.513,1.5446496,-0.0078554595,2017-05-17
1.245,1.495,1.5226356,-0.0142517815,2017-05-18
1.251,1.501,1.5299736,0.0048192771,2017-05-19
1.256,1.506,1.5360886,0.0039968026,2017-05-22
1.255,1.505,1.5348656,-0.0007961783,2017-05-23
1.255,1.505,1.5348656,0.0,2017-05-24
1.266,1.516,1.54831861,0.0087649402,2017-05-25
1.263,1.513,1.5446496,-0.0023696682,2017-05-26
1.264,1.514,1.54587261,0.0007917656,2017-05-31
1.257,1.507,1.5373116,-0.0055379747,2017-06-01
1.259,1.509,1.5397576,0.0015910899,2017-06-02
1.263,1.513,1.5446496,0.0031771247,2017-06-05
1.256,1.506,1.5360886,-0.0055423595,2017-06-06
1.267,1.517,1.54954161,0.0087579618,2017-06-07
1.273,1.523,1.55687961,0.0047355959,2017-06-08
1.274,1.524,1.55810261,0.000785546,2017-06-09
1.271,1.521,1.55443361,-0.0023547881,2017-06-12
1.273,1.523,1.55687961,0.0015735641,2017-06-13
1.269,1.519,1.55198761,-0.0031421838,2017-06-14
1.257,1.507,1.5373116,-0.0094562648,2017-06-15
1.265,1.515,1.54709561,0.0063643596,2017-06-16
1.27,1.52,1.55321061,0.0039525692,2017-06-19
1.276,1.526,1.56054861,0.0047244094,2017-06-20
1.279,1.529,1.56421761,0.0023510972,2017-06-21
1.273,1.523,1.55687961,-0.004691165,2017-06-22
1.284,1.534,1.57033261,0.0086410055,2017-06-23
1.289,1.539,1.57644762,0.003894081,2017-06-26
1.29,1.54,1.57767062,0.0007757952,2017-06-27
1.275,1.525,1.55932561,-0.011627907,2017-06-28
1.276,1.526,1.56054861,0.0007843137,2017-06-29
1.269,1.519,1.55198761,-0.0054858934,2017-06-30
1.268,1.518,1.55076461,-0.0007880221,2017-07-03
1.254,1.504,1.5336426,-0.0110410095,2017-07-04
1.268,1.518,1.55076461,0.0111642743,2017-07-05
1.269,1.519,1.55198761,0.0007886435,2017-07-06
1.26,1.51,1.5409806,-0.0070921986,2017-07-07
1.266,1.516,1.54831861,0.0047619048,2017-07-10
1.288,1.538,1.57522462,0.0173775671,2017-07-11
1.284,1.534,1.57033261,-0.0031055901,2017-07-12
1.295,1.545,1.58378562,0.0085669782,2017-07-13
1.295,1.545,1.58378562,0.0,2017-07-14
1.292,1.542,1.58011662,-0.0023166023,2017-07-17
1.285,1.535,1.57155562,-0.0054179567,2017-07-18
1.294,1.544,1.58256262,0.0070038911,2017-07-19
1.292,1.542,1.58011662,-0.0015455951,2017-07-20
1.293,1.543,1.58133962,0.0007739938,2017-07-21
1.302,1.552,1.59234662,0.0069605568,2017-07-24
1.29,1.54,1.57767062,-0.0092165899,2017-07-25
1.29,1.54,1.57767062,0.0,2017-07-26
1.289,1.539,1.57644762,-0.0007751938,2017-07-27
1.278,1.528,1.56299461,-0.0085337471,2017-07-28
1.284,1.534,1.57033261,0.0046948357,2017-07-31
1.289,1.539,1.57644762,0.003894081,2017-08-01
1.288,1.538,1.57522462,-0.0007757952,2017-08-02
1.275,1.525,1.55932561,-0.0100931677,2017-08-03
1.282,1.532,1.56788661,0.0054901961,2017-08-04
1.285,1.535,1.57155562,0.0023400936,2017-08-07
1.289,1.539,1.57644762,0.0031128405,2017-08-08
1.285,1.535,1.57155562,-0.0031031808,2017-08-09
1.273,1.523,1.55687961,-0.0093385214,2017-08-10
1.251,1.501,1.5299736,-0.017282011,2017-08-11
1.262,1.512,1.5434266,0.0087929656,2017-08-14
1.262,1.512,1.5434266,0.0,2017-08-15
1.276,1.526,1.56054861,0.0110935024,2017-08-16
1.273,1.523,1.55687961,-0.0023510972,2017-08-17
1.267,1.517,1.54954161,-0.0047132757,2017-08-18
1.266,1.516,1.54831861,-0.000789266,2017-08-21
1.291,1.541,1.57889362,0.0197472354,2017-08-22
1.292,1.542,1.58011662,0.0007745933,2017-08-23
1.281,1.531,1.56666361,-0.0085139319,2017-08-24
1.283,1.533,1.56910961,0.0015612802,2017-08-25
1.274,1.524,1.55810261,-0.007014809,2017-08-28
1.267,1.517,1.54954161,-0.0054945055,2017-08-29
1.272,1.522,1.55565661,0.0039463299,2017-08-30
1.278,1.528,1.56299461,0.0047169811,2017-08-31
1.282,1.532,1.56788661,0.0031298905,2017-09-01
1.275,1.525,1.55932561,-0.0054602184,2017-09-04
1.274,1.524,1.55810261,-0.0007843137,2017-09-05
1.27,1.52,1.55321061,-0.0031397174,2017-09-06
1.267,1.517,1.54954161,-0.0023622047,2017-09-07
1.261,1.511,1.5422036,-0.0047355959,2017-09-08
1.261,1.511,1.5422036,0.0,2017-09-11
1.273,1.523,1.55687961,0.0095162569,2017-09-12
1.28,1.53,1.56544061,0.0054988217,2017-09-13
1.276,1.526,1.56054861,-0.003125,2017-09-14
1.283,1.533,1.56910961,0.0054858934,2017-09-15
1.299,1.549,1.58867762,0.0124707716,2017-09-18
1.305,1.555,1.59601562,0.0046189376,2017-09-19
1.319,1.569,1.61313763,0.0107279693,2017-09-20
1.313,1.563,1.60579963,-0.0045489007,2017-09-21
1.318,1.568,1.61191463,0.0038080731,2017-09-22
1.293,1.543,1.58133962,-0.0189681335,2017-09-25
1.298,1.548,1.58745462,0.003866976,2017-09-26
1.309,1.559,1.60090763,0.0084745763,2017-09-27
1.305,1.555,1.59601562,-0.0030557678,2017-09-28
1.319,1.569,1.61313763,0.0107279693,2017-09-29
1.319,1.569,1.61313763,0.0,2017-10-06
1.354,1.604,1.65594265,0.026535254,2017-10-09
1.367,1.617,1.67184165,0.0096011817,2017-10-10
1.361,1.611,1.66450365,-0.0043891734,2017-10-11
1.367,1.617,1.67184165,0.0044085231,2017-10-12
1.375,1.625,1.68162566,0.0058522312,2017-10-13
1.378,1.628,1.68529466,0.0021818182,2017-10-16
1.374,1.624,1.68040266,-0.0029027576,2017-10-17
1.388,1.638,1.69752466,0.0101892285,2017-10-18
1.377,1.627,1.68407166,-0.007925072,2017-10-19
1.396,1.646,1.70730867,0.0137981118,2017-10-20
1.402,1.652,1.71464667,0.0042979943,2017-10-23
1.395,1.645,1.70608567,-0.0049928673,2017-10-24
1.418,1.668,1.73421468,0.0164874552,2017-10-25
1.416,1.666,1.73176868,-0.0014104372,2017-10-26
1.414,1.664,1.72932268,-0.0014124294,2017-10-27
1.411,1.661,1.72565368,-0.0021216407,2017-10-30
1.419,1.669,1.73543768,0.0056697378,2017-10-31
1.417,1.667,1.73299168,-0.0014094433,2017-11-01
1.412,1.662,1.72687668,-0.0035285815,2017-11-02
1.42,1.67,1.73666068,0.0056657224,2017-11-03
1.441,1.691,1.76234369,0.0147887324,2017-11-06
1.444,1.694,1.76601269,0.0020818876,2017-11-07
1.444,1.694,1.76601269,0.0,2017-11-08
1.452,1.702,1.7757967,0.0055401662,2017-11-09
1.454,1.704,1.7782427,0.0013774105,2017-11-10
1.447,1.697,1.76968169,-0.0048143054,2017-11-13
1.437,1.687,1.75745169,-0.00691085,2017-11-14
1.427,1.677,1.74522168,-0.0069589422,2017-11-15
1.436,1.686,1.75622869,0.0063069376,2017-11-16
1.429,1.679,1.74766768,-0.0048746518,2017-11-17
1.417,1.667,1.73299168,-0.0083974808,2017-11-20
1.431,1.681,1.75011369,0.0098800282,2017-11-21
1.431,1.681,1.75011369,0.0,2017-11-22
1.4,1.65,1.71220067,-0.0216631726,2017-11-23
1.409,1.659,1.72320767,0.0064285714,2017-11-24
1.402,1.652,1.71464667,-0.0049680625,2017-11-27
1.405,1.655,1.71831567,0.0021398003,2017-11-28
1.408,1.658,1.72198467,0.0021352313,2017-11-29
1.395,1.645,1.70608567,-0.0092329545,2017-11-30
1.25,1.65,1.71220067,0.0035842294,2017-12-01
1.26,1.66,1.72589828,0.008,2017-12-04
1.253,1.653,1.71630995,-0.0055555556,2017-12-05
1.22,1.62,1.67110785,-0.0263367917,2017-12-06
1.222,1.622,1.67384738,0.0016393443,2017-12-07
1.247,1.647,1.70809139,0.0204582651,2017-12-08
1.262,1.662,1.7286378,0.0120288693,2017-12-11
1.256,1.656,1.72041923,-0.0047543582,2017-12-12
1.271,1.671,1.74096564,0.0119426752,2017-12-13
1.28,1.68,1.75329349,0.0070810386,2017-12-14
1.256,1.656,1.72041923,-0.01875,2017-12-15
1.254,1.654,1.71767971,-0.0015923567,2017-12-18
1.276,1.676,1.74781444,0.0175438596,2017-12-19
1.278,1.678,1.75055397,0.0015673981,2017-12-20
1.296,1.696,1.77520966,0.014084507,2017-12-21
1.305,1.705,1.7875375,0.0069444444,2017-12-22
1.304,1.704,1.78616774,-0.0007662835,2017-12-25
1.304,1.704,1.78616774,0.0,2017-12-26
1.297,1.697,1.77657942,-0.0053680982,2017-12-27
1.309,1.709,1.79301654,0.0092521203,2017-12-28
1.317,1.717,1.80397463,0.0061115355,2017-12-29
1.323,1.723,1.81219319,0.0045558087,2018-01-02
1.323,1.723,1.81219319,0.0,2018-01-03
1.338,1.738,1.8327396,0.0113378685,2018-01-04
1.336,1.736,1.83000008,-0.0014947683,2018-01-05
1.34,1.74,1.83547912,0.002994012,2018-01-08
1.348,1.748,1.8464372,0.0059701493,2018-01-09
1.357,1.757,1.85876505,0.0066765579,2018-01-10
1.359,1.759,1.86150457,0.0014738394,2018-01-11
1.369,1.769,1.87520217,0.0073583517,2018-01-12
1.339,1.739,1.83410936,-0.0219138057,2018-01-15
1.349,1.749,1.84780696,0.0074682599,2018-01-16
1.35,1.75,1.84917672,0.0007412898,2018-01-17
1.355,1.755,1.85602553,0.0037037037,2018-01-18
1.365,1.765,1.86972313,0.0073800738,2018-01-19
1.366,1.766,1.87109289,0.0007326007,2018-01-22
1.388,1.788,1.90122762,0.0161054173,2018-01-23
1.391,1.791,1.90533691,0.0021613833,2018-01-24
1.367,1.767,1.87246265,-0.0172537743,2018-01-25
1.371,1.771,1.8779417,0.0029261156,2018-01-26
1.355,1.755,1.85602553,-0.0116703136,2018-01-29
1.34,1.74,1.83547912,-0.0110701107,2018-01-30
1.346,1.746,1.84369768,0.0044776119,2018-01-31
1.317,1.717,1.80397463,-0.0215453195,2018-02-01
1.329,1.729,1.82041175,0.0091116173,2018-02-02
1.318,1.718,1.80534439,-0.0082768999,2018-02-05
1.236,1.636,1.69302402,-0.062215478,2018-02-06
1.225,1.625,1.67795666,-0.0088996764,2018-02-07
1.231,1.631,1.68617522,0.0048979592,2018-02-08
1.199,1.599,1.64234288,-0.0259951259,2018-02-09
1.212,1.612,1.66014977,0.0108423686,2018-02-12
1.237,1.637,1.69439378,0.0206270627,2018-02-13
1.252,1.652,1.71494019,0.0121261116,2018-02-14
1.282,1.682,1.75603301,0.0239616613,2018-02-22
1.29,1.69,1.76699109,0.0062402496,2018-02-23
1.3,1.7,1.7806887,0.007751938,2018-02-26
1.277,1.677,1.7491842,-0.0176923077,2018-02-27
1.265,1.665,1.73274708,-0.0093970243,2018-02-28
1.276,1.676,1.74781444,0.0086956522,2018-03-01
1.264,1.664,1.73137732,-0.0094043887,2018-03-02
1.247,1.647,1.70809139,-0.0134493671,2018-03-05
1.271,1.671,1.74096564,0.0192461909,2018-03-06
1.263,1.663,1.73000756,-0.0062942565,2018-03-07
1.283,1.683,1.75740277,0.0158353127,2018-03-08
1.304,1.704,1.78616774,0.0163678878,2018-03-09
1.32,1.72,1.80808391,0.0122699387,2018-03-12
1.318,1.718,1.80534439,-0.0015151515,2018-03-13
1.313,1.713,1.79849558,-0.0037936267,2018-03-14
1.319,1.719,1.80671415,0.0045696877,2018-03-15
1.32,1.72,1.80808391,0.0007581501,2018-03-16
1.329,1.729,1.82041175,0.0068181818,2018-03-19
1.357,1.757,1.85876505,0.0210684725,2018-03-20
1.345,1.745,1.84232792,-0.0088430361,2018-03-21
1.329,1.729,1.82041175,-0.0118959108,2018-03-22
1.291,1.691,1.76836085,-0.028592927,2018-03-23
1.317,1.717,1.80397463,0.0201394268,2018-03-26
1.32,1.72,1.80808391,0.0022779043,2018-03-27
1.29,1.69,1.76699109,-0.0227272727,2018-03-28
1.282,1.682,1.75603301,-0.0062015504,2018-03-29
1.281,1.681,1.75466325,-0.0007800312,2018-03-30
1.281,1.681,1.75466325,0.0,2018-04-02
1.3,1.7,1.7806887,0.0148321624,2018-04-03
1.304,1.704,1.78616774,0.0030769231,2018-04-04
1.329,1.729,1.82041175,0.0191717791,2018-04-09
1.339,1.739,1.83410936,0.0075244545,2018-04-10
1.315,1.715,1.80123511,-0.0179238237,2018-04-11
1.319,1.719,1.80671415,0.0030418251,2018-04-12
1.301,1.701,1.78205846,-0.013646702,2018-04-13
1.274,1.674,1.74507492,-0.0207532667,2018-04-16
1.26,1.66,1.72589828,-0.010989011,2018-04-17
1.253,1.653,1.71630995,-0.0055555556,2018-04-18
1.271,1.671,1.74096564,0.0143655227,2018-04-19
1.251,1.651,1.71357043,-0.0157356412,2018-04-20
1.245,1.645,1.70535187,-0.0047961631,2018-04-23
1.27,1.67,1.73959588,0.0200803213,2018-04-24
1.265,1.665,1.73274708,-0.0039370079,2018-04-25
1.253,1.653,1.71630995,-0.009486166,2018-04-26
1.27,1.67,1.73959588,0.0135674381,2018-04-27
1.279,1.679,1.75192373,0.0070866142,2018-05-02
1.28,1.68,1.75329349,0.0007818608,2018-05-03
1.28,1.68,1.75329349,0.0,2018-05-04
1.297,1.697,1.77657942,0.01328125,2018-05-07
1.297,1.697,1.77657942,0.0,2018-05-08
1.301,1.701,1.78205846,0.0030840401,2018-05-09
1.305,1.705,1.7875375,0.003074558,2018-05-10
1.3,1.7,1.7806887,-0.0038314176,2018-05-11
1.31,1.71,1.7943863,0.0076923077,2018-05-14
1.324,1.724,1.81356295,0.0106870229,2018-05-15
1.329,1.729,1.82041175,0.003776435,2018-05-16
1.322,1.722,1.81082343,-0.0052671181,2018-05-17
1.324,1.724,1.81356295,0.0015128593,2018-05-18
1.33,1.73,1.82178151,0.0045317221,2018-05-21
1.33,1.73,1.82178151,0.0,2018-05-22
1.322,1.722,1.81082343,-0.0060150376,2018-05-23
1.336,1.736,1.83000008,0.0105900151,2018-05-24
1.335,1.735,1.82863032,-0.000748503,2018-05-25
1.347,1.747,1.84506744,0.008988764,2018-05-28
1.328,1.728,1.81904199,-0.0141054195,2018-05-29
1.32,1.72,1.80808391,-0.0060240964,2018-05-30
1.357,1.757,1.85876505,0.028030303,2018-05-31
1.355,1.755,1.85602553,-0.0014738394,2018-06-01
1.352,1.752,1.85191625,-0.0022140221,2018-06-04
1.343,1.743,1.8395884,-0.0066568047,2018-06-05
1.35,1.75,1.84917672,0.0052122115,2018-06-06
1.339,1.739,1.83410936,-0.0081481481,2018-06-07
1.321,1.721,1.80945367,-0.0134428678,2018-06-08
1.328,1.728,1.81904199,0.0052990159,2018-06-11
1.332,1.732,1.82452103,0.0030120482,2018-06-12
1.324,1.724,1.81356295,-0.006006006,2018-06-13
1.31,1.71,1.7943863,-0.0105740181,2018-06-14
1.31,1.71,1.7943863,0.0,2018-06-15
1.282,1.682,1.75603301,-0.0213740458,2018-06-19
1.295,1.695,1.77383989,0.0101404056,2018-06-20
1.28,1.68,1.75329349,-0.0115830116,2018-06-21
1.291,1.691,1.76836085,0.00859375,2018-06-22
1.268,1.668,1.73685636,-0.0178156468,2018-06-25
1.263,1.663,1.73000756,-0.0039432177,2018-06-26
1.232,1.632,1.68754498,-0.0245447348,2018-06-27
1.232,1.632,1.68754498,0.0,2018-06-28
1.261,1.661,1.72726804,0.023538961,2018-06-29
1.261,1.661,1.72726804,0.0,2018-07-02
1.252,1.652,1.71494019,-0.0071371927,2018-07-03
1.224,1.624,1.6765869,-0.0223642173,2018-07-04
1.215,1.615,1.66425905,-0.0073529412,2018-07-05
1.227,1.627,1.68069618,0.0098765432,2018-07-06
1.256,1.656,1.72041923,0.0236348818,2018-07-09
1.252,1.652,1.71494019,-0.0031847134,2018-07-10
1.241,1.641,1.69987283,-0.0087859425,2018-07-11
1.265,1.665,1.73274708,0.0193392425,2018-07-12
1.27,1.67,1.73959588,0.0039525692,2018-07-13
1.274,1.674,1.74507492,0.0031496063,2018-07-16
1.265,1.665,1.73274708,-0.0070643642,2018-07-17
1.266,1.666,1.73411684,0.0007905138,2018-07-18
1.261,1.661,1.72726804,-0.0039494471,2018-07-19
1.277,1.677,1.7491842,0.0126883426,2018-07-20
1.278,1.678,1.75055397,0.0007830854,2018-07-23
1.302,1.702,1.78342822,0.0187793427,2018-07-24
1.31,1.71,1.7943863,0.0061443932,2018-07-25
1.295,1.695,1.77383989,-0.0114503817,2018-07-26
1.308,1.708,1.79164678,0.01003861,2018-07-27
1.31,1.71,1.7943863,0.001529052,2018-07-30
1.302,1.702,1.78342822,-0.0061068702,2018-07-31
1.302,1.702,1.78342822,0.0,2018-08-01
1.273,1.673,1.74370516,-0.0222734255,2018-08-02
1.264,1.664,1.73137732,-0.0070699136,2018-08-03
1.263,1.663,1.73000756,-0.0007911392,2018-08-06
1.277,1.677,1.7491842,0.0110847189,2018-08-07
1.279,1.679,1.75192373,0.0015661707,2018-08-08
1.293,1.693,1.77110037,0.0109460516,2018-08-09
1.286,1.686,1.76151205,-0.0054137664,2018-08-10
1.277,1.677,1.7491842,-0.0069984448,2018-08-13
1.273,1.673,1.74370516,-0.0031323414,2018-08-14
1.244,1.644,1.70398211,-0.0227808327,2018-08-15
1.241,1.641,1.69987283,-0.0024115756,2018-08-16
1.238,1.638,1.69576354,-0.0024174053,2018-08-17
1.242,1.642,1.70124259,0.0032310178,2018-08-20
1.266,1.666,1.73411684,0.0193236715,2018-08-21
1.26,1.66,1.72589828,-0.0047393365,2018-08-22
1.261,1.661,1.72726804,0.0007936508,2018-08-23
1.263,1.663,1.73000756,0.0015860428,2018-08-24
1.284,1.684,1.75877253,0.0166270784,2018-08-27
1.276,1.676,1.74781444,-0.0062305296,2018-08-28
1.275,1.675,1.74644468,-0.0007836991,2018-08-29
1.257,1.657,1.72178899,-0.0141176471,2018-08-30
1.26,1.66,1.72589828,0.0023866348,2018-08-31
1.255,1.655,1.71904947,-0.003968254,2018-09-03
1.259,1.659,1.72452852,0.003187251,2018-09-04
1.247,1.647,1.70809139,-0.0095313741,2018-09-05
1.245,1.645,1.70535187,-0.0016038492,2018-09-06
1.248,1.648,1.70946115,0.0024096386,2018-09-07
1.23,1.63,1.68480546,-0.0144230769,2018-09-10
1.228,1.628,1.68206594,-0.0016260163,2018-09-11
1.217,1.617,1.66699857,-0.0089576547,2018-09-12
1.229,1.629,1.6834357,0.0098603122,2018-09-13
1.233,1.633,1.68891474,0.0032546786,2018-09-14
1.231,1.631,1.68617522,-0.00162206,2018-09-17
1.241,1.641,1.69987283,0.0081234768,2018-09-18
1.252,1.652,1.71494019,0.0088638195,2018-09-19
1.252,1.652,1.71494019,0.0,2018-09-20
1.27,1.67,1.73959588,0.0143769968,2018-09-21
1.27,1.67,1.73959588,0.0,2018-09-25
1.262,1.662,1.7286378,-0.0062992126,2018-09-26
1.266,1.666,1.73411684,0.0031695721,2018-09-27
1.263,1.663,1.73000756,-0.0023696682,2018-09-28
1.236,1.636,1.69302402,-0.0213776722,2018-10-08
1.239,1.639,1.6971333,0.0024271845,2018-10-09
1.237,1.637,1.69439378,-0.001614205,2018-10-10
1.22,1.62,1.67110785,-0.0137429264,2018-10-11
1.221,1.621,1.67247761,0.0008196721,2018-10-12
1.219,1.619,1.66973809,-0.0016380016,2018-10-15
1.219,1.619,1.66973809,0.0,2018-10-16
1.219,1.619,1.66973809,0.0,2018-10-17
1.218,1.618,1.66836833,-0.0008203445,2018-10-18
1.221,1.621,1.67247761,0.0024630542,2018-10-19
1.228,1.628,1.68206594,0.0057330057,2018-10-22
1.225,1.625,1.67795666,-0.0024429967,2018-10-23
1.225,1.625,1.67795666,0.0,2018-10-24
1.223,1.623,1.67521714,-0.0016326531,2018-10-25
1.22,1.62,1.67110785,-0.0024529845,2018-10-26
1.217,1.617,1.66699857,-0.0024590164,2018-10-29
1.216,1.616,1.66562881,-0.0008216927,2018-10-30
1.219,1.619,1.66973809,0.0024671053,2018-10-31
1.222,1.622,1.67384738,0.0024610336,2018-11-01
1.231,1.631,1.68617522,0.0073649755,2018-11-02
1.23,1.63,1.68480546,-0.0008123477,2018-11-05
1.232,1.632,1.68754498,0.0016260163,2018-11-06
1.233,1.633,1.68891474,0.0008116883,2018-11-07
1.231,1.631,1.68617522,-0.00162206,2018-11-08
1.227,1.627,1.68069618,-0.0032493907,2018-11-09
1.231,1.631,1.68617522,0.0032599837,2018-11-12
1.233,1.633,1.68891474,0.0016246954,2018-11-13
1.23,1.63,1.68480546,-0.00243309,2018-11-14
1.232,1.632,1.68754498,0.0016260163,2018-11-15
1.231,1.631,1.68617522,-0.0008116883,2018-11-16
1.234,1.634,1.6902845,0.0024370431,2018-11-19
1.229,1.629,1.6834357,-0.0040518639,2018-11-20
1.231,1.631,1.68617522,0.0016273393,2018-11-21
1.229,1.629,1.6834357,-0.0016246954,2018-11-22
1.227,1.627,1.68069618,-0.0016273393,2018-11-23
1.228,1.628,1.68206594,0.0008149959,2018-11-26
1.227,1.627,1.68069618,-0.0008143322,2018-11-27
1.229,1.629,1.6834357,0.0016299919,2018-11-28
1.227,1.627,1.68069618,-0.0016273393,2018-11-29
1.228,1.628,1.68206594,0.0008149959,2018-11-30
1.232,1.632,1.68754498,0.003257329,2018-12-03
1.231,1.631,1.68617522,-0.0008116883,2018-12-04
1.228,1.628,1.68206594,-0.0024370431,2018-12-05
1.219,1.619,1.66973809,-0.0073289902,2018-12-06
1.215,1.615,1.66425905,-0.0032813782,2018-12-07
1.213,1.613,1.66151953,-0.0016460905,2018-12-10
1.213,1.613,1.66151953,0.0,2018-12-11
1.214,1.614,1.66288929,0.0008244023,2018-12-12
1.216,1.616,1.66562881,0.0016474465,2018-12-13
1.211,1.611,1.65878001,-0.0041118421,2018-12-14
1.212,1.612,1.66014977,0.0008257638,2018-12-17
1.21,1.61,1.65741025,-0.001650165,2018-12-18
1.208,1.608,1.65467073,-0.0016528926,2018-12-19
1.205,1.605,1.65056145,-0.0024834437,2018-12-20
1.204,1.604,1.64919169,-0.0008298755,2018-12-21
1.205,1.605,1.65056145,0.0008305648,2018-12-24
1.205,1.605,1.65056145,0.0,2018-12-25
1.205,1.605,1.65056145,0.0,2018-12-26
1.202,1.602,1.64645216,-0.0024896266,2018-12-27
1.204,1.604,1.64919169,0.0016638935,2018-12-28
1.199,1.599,1.64234288,-0.0041528239,2019-01-02
1.196,1.596,1.6382336,-0.0025020851,2019-01-03
1.2,1.6,1.64371264,0.0033444816,2019-01-04
1.202,1.602,1.64645216,0.0016666667,2019-01-07
1.2,1.6,1.64371264,-0.0016638935,2019-01-08
1.204,1.604,1.64919169,0.0033333333,2019-01-09
1.205,1.605,1.65056145,0.0008305648,2019-01-10
1.205,1.605,1.65056145,0.0,2019-01-11
1.202,1.602,1.64645216,-0.0024896266,2019-01-14
1.208,1.608,1.65467073,0.0049916805,2019-01-15
1.21,1.61,1.65741025,0.0016556291,2019-01-16
1.208,1.608,1.65467073,-0.0016528926,2019-01-17
1.21,1.61,1.65741025,0.0016556291,2019-01-18
1.213,1.613,1.66151953,0.0024793388,2019-01-21
1.212,1.612,1.66014977,-0.0008244023,2019-01-22
1.212,1.612,1.66014977,0.0,2019-01-23
1.216,1.616,1.66562881,0.00330033,2019-01-24
1.218,1.618,1.66836833,0.0016447368,2019-01-25
1.216,1.616,1.66562881,-0.0016420361,2019-01-28
1.217,1.617,1.66699857,0.0008223684,2019-01-29
1.219,1.619,1.66973809,0.0016433854,2019-01-30
1.221,1.621,1.67247761,0.0016406891,2019-01-31
1.222,1.622,1.67384738,0.0008190008,2019-02-01
1.223,1.623,1.67521714,0.0008183306,2019-02-11
1.226,1.626,1.67932642,0.0024529845,2019-02-12
1.228,1.628,1.68206594,0.0016313214,2019-02-13
1.23,1.63,1.68480546,0.0016286645,2019-02-14
1.226,1.626,1.67932642,-0.0032520325,2019-02-15
1.232,1.632,1.68754498,0.0048939641,2019-02-18
1.229,1.629,1.6834357,-0.0024350649,2019-02-19
1.23,1.63,1.68480546,0.0008136697,2019-02-20
1.23,1.63,1.68480546,0.0,2019-02-21
1.236,1.636,1.69302402,0.0048780488,2019-02-22
1.248,1.648,1.70946115,0.0097087379,2019-02-25
1.242,1.642,1.70124259,-0.0048076923,2019-02-26
1.237,1.637,1.69439378,-0.0040257649,2019-02-27
1.235,1.635,1.69165426,-0.0016168149,2019-02-28
1.246,1.646,1.70672163,0.0089068826,2019-03-01
1.255,1.655,1.71904947,0.007223114,2019-03-04
1.257,1.657,1.72178899,0.0015936255,2019-03-05
1.26,1.66,1.72589828,0.0023866348,2019-03-06
1.255,1.655,1.71904947,-0.003968254,2019-03-07
1.238,1.638,1.69576354,-0.0135458167,2019-03-08
1.265,1.665,1.73274708,0.02180937,2019-03-11
1.276,1.676,1.74781444,0.0086956522,2019-03-12
1.27,1.67,1.73959588,-0.0047021944,2019-03-13
1.261,1.661,1.72726804,-0.0070866142,2019-03-14
1.271,1.671,1.74096564,0.0079302141,2019-03-15
1.296,1.696,1.77520966,0.0196695515,2019-03-18
1.29,1.69,1.76699109,-0.0046296296,2019-03-19
1.289,1.689,1.76562133,-0.0007751938,2019-03-20
1.284,1.684,1.75877253,-0.003878976,2019-03-21
1.284,1.684,1.75877253,0.0,2019-03-22
1.263,1.663,1.73000756,-0.0163551402,2019-03-25
1.257,1.657,1.72178899,-0.0047505938,2019-03-26
1.267,1.667,1.7354866,0.0079554495,2019-03-27
1.259,1.659,1.72452852,-0.0063141279,2019-03-28
1.288,1.688,1.76425157,0.0230341541,2019-03-29
1.307,1.707,1.79027702,0.0147515528,2019-04-01
1.304,1.704,1.78616774,-0.0022953328,2019-04-02
1.306,1.706,1.78890726,0.0015337423,2019-04-03
1.305,1.705,1.7875375,-0.0007656968,2019-04-04
1.308,1.708,1.79164678,0.0022988506,2019-04-08
1.324,1.724,1.81356295,0.0122324159,2019-04-09
1.319,1.719,1.80671415,-0.003776435,2019-04-10
1.298,1.698,1.77794918,-0.0159211524,2019-04-11
1.299,1.699,1.77931894,0.000770416,2019-04-12
1.292,1.692,1.76973061,-0.0053887606,2019-04-15
1.313,1.713,1.79849558,0.01625387,2019-04-16
1.3,1.7,1.7806887,-0.0099009901,2019-04-17
1.287,1.687,1.76288181,-0.01,2019-04-18
1.296,1.696,1.77520966,0.006993007,2019-04-19
1.273,1.673,1.74370516,-0.0177469136,2019-04-22
1.266,1.666,1.73411684,-0.0054988217,2019-04-23
1.277,1.677,1.7491842,0.0086887836,2019-04-24
1.248,1.648,1.70946115,-0.0227094753,2019-04-25
1.244,1.644,1.70398211,-0.0032051282,2019-04-26
1.244,1.644,1.70398211,0.0,2019-04-29
1.244,1.644,1.70398211,0.0,2019-04-30
1.187,1.587,1.62590576,-0.0458199357,2019-05-06
1.195,1.595,1.63686384,0.0067396799,2019-05-07
1.171,1.571,1.60398959,-0.020083682,2019-05-08
1.142,1.542,1.56426653,-0.024765158,2019-05-09
1.174,1.574,1.60809887,0.0280210158,2019-05-10
1.163,1.563,1.5930315,-0.0093696763,2019-05-13
1.148,1.548,1.5724851,-0.0128976784,2019-05-14
1.156,1.556,1.58344318,0.0069686411,2019-05-15
1.163,1.563,1.5930315,0.0060553633,2019-05-16
1.139,1.539,1.56015725,-0.0206362855,2019-05-17
1.128,1.528,1.54508989,-0.0096575944,2019-05-20
1.139,1.539,1.56015725,0.009751773,2019-05-21
1.135,1.535,1.55467821,-0.0035118525,2019-05-22
1.121,1.521,1.53550156,-0.0123348018,2019-05-23
1.126,1.526,1.54235036,0.0044603033,2019-05-24
1.126,1.526,1.54235036,0.0,2019-05-27
1.135,1.535,1.55467821,0.0079928952,2019-05-28
1.133,1.533,1.55193869,-0.0017621145,2019-05-29
1.131,1.531,1.54919917,-0.0017652251,2019-05-30
1.136,1.536,1.55604797,0.0044208665,2019-05-31
1.127,1.527,1.54372012,-0.0079225352,2019-06-03
1.125,1.525,1.5409806,-0.0017746229,2019-06-04
1.135,1.535,1.55467821,0.0088888889,2019-06-05
1.127,1.527,1.54372012,-0.0070484581,2019-06-06
1.157,1.557,1.58481294,0.0266193434,2019-06-10
1.182,1.582,1.61905695,0.0216076059,2019-06-11
1.171,1.571,1.60398959,-0.0093062606,2019-06-12
1.178,1.578,1.61357791,0.0059777968,2019-06-13
1.173,1.573,1.60672911,-0.0042444822,2019-06-14
1.166,1.566,1.59714079,-0.0059676044,2019-06-17
1.171,1.571,1.60398959,0.0042881647,2019-06-18
1.187,1.587,1.62590576,0.0136635354,2019-06-19
1.207,1.607,1.65330097,0.0168491997,2019-06-20
1.198,1.598,1.64097312,-0.0074565037,2019-06-21
1.196,1.596,1.6382336,-0.0016694491,2019-06-24
1.184,1.584,1.62179648,-0.0100334448,2019-06-25
1.188,1.588,1.62727552,0.0033783784,2019-06-26
1.196,1.596,1.6382336,0.0067340067,2019-06-27
1.194,1.594,1.63549408,-0.0016722408,2019-06-28
1.206,1.606,1.65193121,0.0100502513,2019-07-01
1.219,1.619,1.66973809,0.0107794362,2019-07-02
1.227,1.627,1.68069618,0.0065627564,2019-07-03
1.24,1.64,1.69850307,0.010594947,2019-07-04
1.237,1.637,1.69439378,-0.0024193548,2019-07-05
1.216,1.616,1.66562881,-0.0169765562,2019-07-08
1.208,1.608,1.65467073,-0.0065789474,2019-07-09
1.208,1.608,1.65467073,0.0,2019-07-10
1.213,1.613,1.66151953,0.0041390728,2019-07-11
1.221,1.621,1.67247761,0.0065952185,2019-07-12
1.227,1.627,1.68069618,0.0049140049,2019-07-15
1.227,1.627,1.68069618,0.0,2019-07-16
1.231,1.631,1.68617522,0.0032599837,2019-07-17
1.214,1.614,1.66288929,-0.0138099106,2019-07-18
1.235,1.635,1.69165426,0.0172981878,2019-07-19
1.223,1.623,1.67521714,-0.0097165992,2019-07-22
1.215,1.615,1.66425905,-0.0065412919,2019-07-23
1.222,1.622,1.67384738,0.0057613169,2019-07-24
1.227,1.627,1.68069618,0.004091653,2019-07-25
1.226,1.626,1.67932642,-0.0008149959,2019-07-26
1.218,1.618,1.66836833,-0.0065252855,2019-07-29
1.23,1.63,1.68480546,0.0098522167,2019-07-30
1.206,1.606,1.65193121,-0.0195121951,2019-07-31
1.195,1.595,1.63686384,-0.0091210614,2019-08-01
1.171,1.571,1.60398959,-0.020083682,2019-08-02
1.144,1.544,1.56700605,-0.0230572161,2019-08-05
1.143,1.543,1.56563629,-0.0008741259,2019-08-06
1.142,1.542,1.56426653,-0.0008748906,2019-08-07
1.149,1.549,1.57385486,0.0061295972,2019-08-08
1.133,1.533,1.55193869,-0.0139251523,2019-08-09
1.149,1.549,1.57385486,0.0141218005,2019-08-12
1.129,1.529,1.54645965,-0.0174064404,2019-08-13
1.134,1.534,1.55330845,0.004428698,2019-08-14
1.139,1.539,1.56015725,0.0044091711,2019-08-15
1.146,1.546,1.56974557,0.0061457419,2019-08-16
1.171,1.571,1.60398959,0.0218150087,2019-08-19
1.171,1.571,1.60398959,0.0,2019-08-20
1.177,1.577,1.61220815,0.0051238258,2019-08-21
1.168,1.568,1.59988031,-0.007646559,2019-08-22
1.18,1.58,1.61631743,0.0102739726,2019-08-23
1.156,1.556,1.58344318,-0.0203389831,2019-08-26
1.168,1.568,1.59988031,0.0103806228,2019-08-27
1.162,1.562,1.59166174,-0.0051369863,2019-08-28
1.154,1.554,1.58070366,-0.0068846816,2019-08-29
1.155,1.555,1.58207342,0.0008665511,2019-08-30
1.162,1.562,1.59166174,0.0060606061,2019-09-02
1.167,1.567,1.59851055,0.004302926,2019-09-03
1.189,1.589,1.62864528,0.0188517566,2019-09-04
1.193,1.593,1.63412432,0.0033641716,2019-09-05
1.19,1.59,1.63001504,-0.0025146689,2019-09-06
1.188,1.588,1.62727552,-0.0016806723,2019-09-09
1.18,1.58,1.61631743,-0.0067340067,2019-09-10
1.181,1.581,1.61768719,0.0008474576,2019-09-11
1.198,1.598,1.64097312,0.0143945809,2019-09-12
1.192,1.592,1.63275456,-0.0050083472,2019-09-16
1.172,1.572,1.60535935,-0.0167785235,2019-09-17
1.177,1.577,1.61220815,0.0042662116,2019-09-18
1.178,1.578,1.61357791,0.0008496177,2019-09-19
1.178,1.578,1.61357791,0.0,2019-09-20
1.159,1.559,1.58755246,-0.0161290323,2019-09-23
1.162,1.562,1.59166174,0.0025884383,2019-09-24
1.156,1.556,1.58344318,-0.0051635112,2019-09-25
1.157,1.557,1.58481294,0.0008650519,2019-09-26
1.154,1.554,1.58070366,-0.0025929127,2019-09-27
1.148,1.548,1.5724851,-0.0051993068,2019-09-30
1.166,1.566,1.59714079,0.0156794425,2019-10-08
1.176,1.576,1.61083839,0.0085763293,2019-10-09
1.173,1.573,1.60672911,-0.0025510204,2019-10-10
1.193,1.593,1.63412432,0.0170502984,2019-10-11
1.207,1.607,1.65330097,0.0117351215,2019-10-14
1.198,1.598,1.64097312,-0.0074565037,2019-10-15
1.21,1.61,1.65741025,0.0100166945,2019-10-16
1.215,1.615,1.66425905,0.0041322314,2019-10-17
1.206,1.606,1.65193121,-0.0074074074,2019-10-18
1.214,1.614,1.66288929,0.0066334992,2019-10-21
1.211,1.611,1.65878001,-0.0024711697,2019-10-22
1.204,1.604,1.64919169,-0.0057803468,2019-10-23
1.206,1.606,1.65193121,0.0016611296,2019-10-24
1.21,1.61,1.65741025,0.0033167496,2019-10-25
1.208,1.608,1.65467073,-0.0016528926,2019-10-28
1.205,1.605,1.65056145,-0.0024834437,2019-10-29
1.203,1.603,1.64782193,-0.001659751,2019-10-30
1.212,1.612,1.66014977,0.0074812968,2019-10-31
1.234,1.634,1.6902845,0.0181518152,2019-11-01
1.251,1.651,1.71357043,0.0137763371,2019-11-04
1.253,1.653,1.71630995,0.001598721,2019-11-05
1.25,1.65,1.71220067,-0.0023942538,2019-11-06
1.257,1.657,1.72178899,0.0056,2019-11-07
1.25,1.65,1.71220067,-0.0055688146,2019-11-08
1.221,1.621,1.67247761,-0.0232,2019-11-11
1.223,1.623,1.67521714,0.0016380016,2019-11-12
1.218,1.618,1.66836833,-0.0040883074,2019-11-13
1.214,1.614,1.66288929,-0.0032840722,2019-11-14
1.21,1.61,1.65741025,-0.0032948929,2019-11-15
1.225,1.625,1.67795666,0.0123966942,2019-11-18
1.242,1.642,1.70124259,0.013877551,2019-11-19
1.226,1.626,1.67932642,-0.0128824477,2019-11-20
1.213,1.613,1.66151953,-0.0106035889,2019-11-21
1.207,1.607,1.65330097,-0.0049464138,2019-11-22
1.22,1.62,1.67110785,0.0107705054,2019-11-25
1.215,1.615,1.66425905,-0.0040983607,2019-11-26
1.215,1.615,1.66425905,0.0,2019-11-27
1.21,1.61,1.65741025,-0.0041152263,2019-11-28
1.194,1.594,1.63549408,-0.0132231405,2019-11-29
1.215,1.615,1.66425905,0.0175879397,2019-12-02
1.22,1.62,1.67110785,0.0041152263,2019-12-03
1.216,1.616,1.66562881,-0.0032786885,2019-12-04
1.219,1.619,1.66973809,0.0024671053,2019-12-05
1.222,1.622,1.67384738,0.0024610336,2019-12-06
1.226,1.626,1.67932642,0.0032733224,2019-12-09
1.23,1.63,1.68480546,0.0032626427,2019-12-10
1.246,1.646,1.70672163,0.0130081301,2019-12-11
1.242,1.642,1.70124259,-0.0032102729,2019-12-12
1.265,1.665,1.73274708,0.0185185185,2019-12-13
1.271,1.671,1.74096564,0.004743083,2019-12-16
1.282,1.682,1.75603301,0.0086546027,2019-12-17
1.285,1.685,1.76014229,0.0023400936,2019-12-18
1.278,1.678,1.75055397,-0.0054474708,2019-12-19
1.282,1.682,1.75603301,0.0031298905,2019-12-20
1.267,1.667,1.7354866,-0.011700468,2019-12-23
1.276,1.676,1.74781444,0.0071033938,2019-12-24
1.275,1.675,1.74644468,-0.0007836991,2019-12-25
1.281,1.681,1.75466325,0.0047058824,2019-12-26
1.287,1.687,1.76288181,0.0046838407,2019-12-27
1.298,1.698,1.77794918,0.0085470085,2019-12-30
1.296,1.696,1.77520966,-0.001540832,2019-12-31
1.318,1.718,1.80534439,0.0169753086,2020-01-02
1.315,1.715,1.80123511,-0.002276176,2020-01-03
1.309,1.709,1.79301654,-0.0045627376,2020-01-06
1.32,1.72,1.80808391,0.0084033613,2020-01-07
1.302,1.702,1.78342822,-0.0136363636,2020-01-08
1.325,1.725,1.81493271,0.0176651306,2020-01-09
1.31,1.71,1.7943863,-0.0113207547,2020-01-10
1.318,1.718,1.80534439,0.0061068702,2020-01-13
1.319,1.719,1.80671415,0.0007587253,2020-01-14
1.314,1.714,1.79986534,-0.0037907506,2020-01-15
1.325,1.725,1.81493271,0.0083713851,2020-01-16
1.328,1.728,1.81904199,0.0022641509,2020-01-17
1.324,1.724,1.81356295,-0.0030120482,2020-01-20
1.297,1.697,1.77657942,-0.0203927492,2020-01-21
1.326,1.726,1.81630247,0.0223592907,2020-01-22
1.283,1.683,1.75740277,-0.032428356,2020-01-23
1.205,1.605,1.65056145,-0.0607950117,2020-02-03
1.23,1.63,1.68480546,0.020746888,2020-02-04
1.238,1.638,1.69576354,0.006504065,2020-02-05
1.25,1.65,1.71220067,0.0096930533,2020-02-06
1.235,1.635,1.69165426,-0.012,2020-02-07
1.254,1.654,1.71767971,0.0153846154,2020-02-10
1.281,1.681,1.75466325,0.0215311005,2020-02-11
1.292,1.692,1.76973061,0.0085870414,2020-02-12
1.295,1.695,1.77383989,0.0023219814,2020-02-13
1.311,1.711,1.79575606,0.0123552124,2020-02-14
1.328,1.728,1.81904199,0.0129672006,2020-02-17
1.317,1.717,1.80397463,-0.0082831325,2020-02-18
1.305,1.705,1.7875375,-0.0091116173,2020-02-19
1.319,1.719,1.80671415,0.0107279693,2020-02-20
1.318,1.718,1.80534439,-0.0007581501,2020-02-21
1.313,1.713,1.79849558,-0.0037936267,2020-02-24
1.309,1.709,1.79301654,-0.0030464585,2020-02-25
1.3,1.7,1.7806887,-0.0068754775,2020-02-26
1.291,1.691,1.76836085,-0.0069230769,2020-02-27
1.235,1.635,1.69165426,-0.043377227,2020-02-28
1.272,1.672,1.7423354,0.0299595142,2020-03-02
1.271,1.671,1.74096564,-0.0007861635,2020-03-03
1.276,1.676,1.74781444,0.0039339103,2020-03-04
1.297,1.697,1.77657942,0.0164576803,2020-03-05
1.278,1.678,1.75055397,-0.0146491904,2020-03-06
1.226,1.626,1.67932642,-0.0406885759,2020-03-09
1.237,1.637,1.69439378,0.0089722675,2020-03-10
1.221,1.621,1.67247761,-0.012934519,2020-03-11
1.184,1.584,1.62179648,-0.0303030303,2020-03-12
1.166,1.566,1.59714079,-0.0152027027,2020-03-13
1.114,1.514,1.52591324,-0.0445969125,2020-03-16
1.096,1.496,1.50125755,-0.0161579892,2020-03-17
1.075,1.475,1.47249258,-0.0191605839,2020-03-18
1.057,1.457,1.44783689,-0.016744186,2020-03-19
1.09,1.49,1.49303898,0.0312204352,2020-03-20
1.064,1.464,1.45742521,-0.023853211,2020-03-23
1.082,1.482,1.4820809,0.0169172932,2020-03-24
1.104,1.504,1.51221563,0.0203327172,2020-03-25
1.101,1.501,1.50810635,-0.0027173913,2020-03-26
1.108,1.508,1.51769467,0.0063578565,2020-03-27
1.101,1.501,1.50810635,-0.0063176895,2020-03-30
1.106,1.506,1.51495515,0.0045413261,2020-03-31
1.099,1.499,1.50536683,-0.0063291139,2020-04-01
1.113,1.513,1.52454348,0.0127388535,2020-04-02
1.106,1.506,1.51495515,-0.0062893082,2020-04-03
1.13,1.53,1.54782941,0.0216998192,2020-04-07
1.123,1.523,1.53824108,-0.0061946903,2020-04-08
1.132,1.532,1.55056893,0.0080142476,2020-04-09
1.125,1.525,1.5409806,-0.0061837456,2020-04-10
1.121,1.521,1.53550156,-0.0035555556,2020-04-13
1.137,1.537,1.55741773,0.0142729706,2020-04-14
1.149,1.549,1.57385486,0.0105540897,2020-04-15
1.145,1.545,1.56837581,-0.0034812881,2020-04-16
1.16,1.56,1.58892222,0.0131004367,2020-04-17
1.175,1.575,1.60946863,0.0129310345,2020-04-20
1.166,1.566,1.59714079,-0.0076595745,2020-04-21
1.168,1.568,1.59988031,0.0017152659,2020-04-22
1.165,1.565,1.59577102,-0.0025684932,2020-04-23
1.155,1.555,1.58207342,-0.008583691,2020-04-24
1.164,1.564,1.59440126,0.0077922078,2020-04-27
1.164,1.564,1.59440126,0.0,2020-04-28
1.175,1.575,1.60946863,0.0094501718,2020-04-29
1.187,1.587,1.62590576,0.010212766,2020-04-30
1.196,1.596,1.6382336,0.0075821398,2020-05-06
1.2,1.6,1.64371264,0.0033444816,2020-05-07
1.211,1.611,1.65878001,0.0091666667,2020-05-08
1.216,1.616,1.66562881,0.0041288192,2020-05-11
1.218,1.618,1.66836833,0.0016447368,2020-05-12
1.223,1.623,1.67521714,0.0041050903,2020-05-13
1.202,1.602,1.64645216,-0.0171708913,2020-05-14
1.203,1.603,1.64782193,0.0008319468,2020-05-15
1.211,1.611,1.65878001,0.0066500416,2020-05-18
1.221,1.621,1.67247761,0.0082576383,2020-05-19
1.224,1.624,1.6765869,0.0024570025,2020-05-20
1.222,1.622,1.67384738,-0.0016339869,2020-05-21
1.196,1.596,1.6382336,-0.0212765957,2020-05-22
1.196,1.596,1.6382336,0.0,2020-05-25
1.221,1.621,1.67247761,0.02090301,2020-05-26
1.226,1.626,1.67932642,0.0040950041,2020-05-27
1.211,1.611,1.65878001,-0.0122349103,2020-05-28
1.214,1.614,1.66288929,0.0024772915,2020-05-29
1.261,1.661,1.72726804,0.0387149918,2020-06-01
1.237,1.637,1.69439378,-0.0190325139,2020-06-02
1.254,1.654,1.71767971,0.0137429264,2020-06-03
1.258,1.658,1.72315875,0.0031897927,2020-06-04
1.269,1.669,1.73822612,0.0087440382,2020-06-05
1.265,1.665,1.73274708,-0.0031520883,2020-06-08
1.298,1.698,1.77794918,0.0260869565,2020-06-09
1.309,1.709,1.79301654,0.0084745763,2020-06-10
1.296,1.696,1.77520966,-0.0099312452,2020-06-11
1.289,1.689,1.76562133,-0.0054012346,2020-06-12
1.265,1.665,1.73274708,-0.0186190846,2020-06-15
1.306,1.706,1.78890726,0.0324110672,2020-06-16
1.3,1.7,1.7806887,-0.0045941807,2020-06-17
1.308,1.708,1.79164678,0.0061538462,2020-06-18
1.312,1.712,1.79712582,0.003058104,2020-06-19
1.339,1.739,1.83410936,0.0205792683,2020-06-22
1.34,1.74,1.83547912,0.000746826,2020-06-23
1.349,1.749,1.84780696,0.0067164179,2020-06-24
1.347,1.747,1.84506744,-0.0014825797,2020-06-29
1.374,1.774,1.88205098,0.0200445434,2020-06-30
1.383,1.783,1.89437882,0.0065502183,2020-07-01
1.388,1.788,1.90122762,0.003615329,2020-07-02
1.415,1.815,1.93821116,0.0194524496,2020-07-03
1.445,1.845,1.97930398,0.0212014134,2020-07-06
1.473,1.873,2.01765727,0.0193771626,2020-07-07
1.483,1.883,2.03135488,0.0067888663,2020-07-08
1.547,1.947,2.11901955,0.0431557653,2020-07-09
1.539,1.939,2.10806147,-0.0051712993,2020-07-10
1.587,1.987,2.17380997,0.0311890838,2020-07-13
1.562,1.962,2.13956596,-0.0157529931,2020-07-14
1.582,1.982,2.16696117,0.0128040973,2020-07-15
1.472,1.872,2.01628751,-0.0695322377,2020-07-16
1.477,1.877,2.02313631,0.0033967391,2020-07-17
1.483,1.883,2.03135488,0.0040622884,2020-07-20
1.537,1.937,2.10532194,0.036412677,2020-07-21
1.544,1.944,2.11491027,0.0045543266,2020-07-22
1.551,1.951,2.12449859,0.0045336788,2020-07-23
1.465,1.865,2.00669919,-0.055448098,2020-07-24
1.458,1.858,1.99711086,-0.004778157,2020-07-27
1.476,1.876,2.02176655,0.012345679,2020-07-28
1.524,1.924,2.08751506,0.0325203252,2020-07-29
1.54,1.94,2.10943123,0.0104986877,2020-07-30
1.55,1.95,2.12312883,0.0064935065,2020-07-31
1.597,1.997,2.18750758,0.0303225806,2020-08-03
1.595,1.995,2.18476806,-0.0012523482,2020-08-04
1.631,2.031,2.23407943,0.0225705329,2020-08-05
1.637,2.037,2.242298,0.0036787247,2020-08-06
1.638,2.038,2.24366776,0.0006108735,2020-08-07
1.674,2.074,2.29297914,0.021978022,2020-08-10
1.632,2.032,2.2354492,-0.0250896057,2020-08-11
1.594,1.994,2.1833983,-0.0232843137,2020-08-12
1.641,2.041,2.24777704,0.0294855709,2020-08-13
1.63,2.03,2.23270967,-0.0067032297,2020-08-14
1.691,2.091,2.31626507,0.0374233129,2020-08-17
1.745,2.145,2.39023214,0.031933767,2020-08-18
1.727,2.127,2.36557645,-0.0103151862,2020-08-19
1.716,2.116,2.35050908,-0.0063694268,2020-08-20
1.736,2.136,2.37790429,0.0116550117,2020-08-21
1.787,2.187,2.44776208,0.0293778802,2020-08-24
1.781,2.181,2.43954352,-0.0033575825,2020-08-25
1.748,2.148,2.39434142,-0.0185289163,2020-08-26
1.757,2.157,2.40666926,0.0051487414,2020-08-27
1.775,2.175,2.43132495,0.0102447353,2020-08-28
1.758,2.158,2.40803902,-0.0095774648,2020-08-31
1.775,2.175,2.43132495,0.0096700796,2020-09-01
1.772,2.172,2.42721567,-0.0016901408,2020-09-02
1.732,2.132,2.37242525,-0.0225733634,2020-09-03
1.726,2.126,2.36420669,-0.0034642032,2020-09-04
1.653,2.053,2.26421417,-0.0422943221,2020-09-07
1.637,2.037,2.242298,-0.0096793708,2020-09-08
1.589,1.989,2.17654949,-0.0293219304,2020-09-09
1.573,1.973,2.15463332,-0.0100692259,2020-09-10
1.651,2.051,2.26147465,0.0495867769,2020-09-11
1.678,2.078,2.29845818,0.016353725,2020-09-14
1.693,2.093,2.31900459,0.0089392133,2020-09-15
1.723,2.123,2.3600974,0.0177200236,2020-09-16
1.764,2.164,2.41625759,0.0237957052,2020-09-17
1.756,2.156,2.4052995,-0.0045351474,2020-09-18
1.765,2.165,2.41762735,0.0051252847,2020-09-21
1.707,2.107,2.33818124,-0.0328611898,2020-09-22
1.744,2.144,2.38886238,0.021675454,2020-09-23
1.675,2.075,2.2943489,-0.0395642202,2020-09-24
1.671,2.071,2.28886986,-0.0023880597,2020-09-25
1.671,2.071,2.28886986,0.0,2020-09-28
1.678,2.078,2.29845818,0.0041891083,2020-09-29
1.707,2.107,2.33818124,0.0172824791,2020-09-30
1.804,2.204,2.47104801,0.0568248389,2020-10-09
1.849,2.249,2.53268723,0.0249445676,2020-10-12
1.86,2.26,2.5477546,0.0059491617,2020-10-13
1.862,2.262,2.55049412,0.0010752688,2020-10-14
1.827,2.227,2.5025525,-0.0187969925,2020-10-15
1.824,2.224,2.49844322,-0.0016420361,2020-10-16
1.8,2.2,2.46556897,-0.0131578947,2020-10-19
1.829,2.229,2.50529202,0.0161111111,2020-10-20
1.833,2.233,2.51077106,0.0021869874,2020-10-21
1.813,2.213,2.48337585,-0.0109110747,2020-10-22
1.761,2.161,2.4121483,-0.028681743,2020-10-23
1.767,2.167,2.42036687,0.003407155,2020-10-26
1.785,2.185,2.44502256,0.0101867572,2020-10-27
1.823,2.223,2.49707346,0.0212885154,2020-10-28
1.841,2.241,2.52172915,0.0098738343,2020-10-29
1.812,2.212,2.48200609,-0.0157523085,2020-10-30
1.833,2.233,2.51077106,0.011589404,2020-11-02
1.825,2.225,2.49981298,-0.0043644299,2020-11-03
1.8,2.2,2.46556897,-0.0136986301,2020-11-04
1.859,2.259,2.54638484,0.0327777778,2020-11-05
1.822,2.222,2.4957037,-0.0199031737,2020-11-06
1.864,2.264,2.55323364,0.0230515917,2020-11-09
1.847,2.247,2.52994771,-0.0091201717,2020-11-10
1.818,2.218,2.49022466,-0.015701137,2020-11-11
1.888,2.288,2.58610789,0.0385038504,2020-11-12
1.879,2.279,2.57378005,-0.0047669492,2020-11-13
1.868,2.268,2.55871268,-0.0058541778,2020-11-16
1.84,2.24,2.52035939,-0.0149892934,2020-11-17
1.887,2.287,2.58473813,0.0255434783,2020-11-18
1.879,2.279,2.57378005,-0.0042395337,2020-11-19
1.913,2.313,2.62035191,0.0180947312,2020-11-20
1.926,2.326,2.63815879,0.006795609,2020-11-23
1.243,2.313,2.62035191,-0.0067497404,2020-11-24
1.217,2.287,2.56554165,-0.020917136,2020-11-25
1.205,2.275,2.54024461,-0.0098603122,2020-11-26
1.213,2.283,2.5571093,0.0066390041,2020-11-27
1.21,2.28,2.55078504,-0.0024732069,2020-11-30
1.228,2.298,2.5887306,0.0148760331,2020-12-01
1.226,2.296,2.58451443,-0.0016286645,2020-12-02
1.233,2.303,2.59927104,0.0057096248,2020-12-03
1.229,2.299,2.59083869,-0.00324412,2020-12-04
1.233,2.303,2.59927104,0.0032546786,2020-12-07
1.249,2.319,2.63300043,0.0129764801,2020-12-08
1.254,2.324,2.64354086,0.0040032026,2020-12-09
1.278,2.348,2.69413494,0.019138756,2020-12-10
1.288,2.358,2.71521581,0.0078247261,2020-12-11
1.307,2.377,2.75526946,0.0147515528,2020-12-14
1.333,2.403,2.81007972,0.0198928845,2020-12-15
1.333,2.403,2.81007972,0.0,2020-12-16
1.34,2.41,2.82483633,0.0052513128,2020-12-17
1.358,2.428,2.86278189,0.0134328358,2020-12-18
1.408,2.478,2.96818623,0.0368188513,2020-12-21
1.396,2.466,2.94288919,-0.0085227273,2020-12-22
1.461,2.531,3.07991483,0.0465616046,2020-12-23
1.433,2.503,3.0208884,-0.0191649555,2020-12-24
1.467,2.537,3.09256335,0.023726448,2020-12-25
1.461,2.531,3.07991483,-0.0040899796,2020-12-28
1.401,2.471,2.95342962,-0.0410677618,2020-12-29
1.404,2.474,2.95975388,0.0021413276,2020-12-30
1.436,2.506,3.02721266,0.0227920228,2020-12-31
1.47,2.54,3.09888761,0.0236768802,2021-01-04
1.475,2.545,3.10942805,0.0034013605,2021-01-05
1.498,2.568,3.15791404,0.0155932203,2021-01-06
1.545,2.615,3.25699412,0.0313751669,2021-01-07
1.535,2.605,3.23591325,-0.0064724919,2021-01-08
1.504,2.574,3.17056256,-0.0201954397,2021-01-11
1.529,2.599,3.22326473,0.0166223404,2021-01-12
1.521,2.591,3.20640004,-0.0052321779,2021-01-13
1.517,2.587,3.19796769,-0.0026298488,2021-01-14
1.537,2.607,3.24012943,0.0131839156,2021-01-15
1.58,2.65,3.33077716,0.0279765777,2021-01-18
1.618,2.688,3.41088446,0.0240506329,2021-01-19
1.669,2.739,3.51839689,0.0315203956,2021-01-20
1.712,2.782,3.60904462,0.0257639305,2021-01-21
1.774,2.844,3.739746,0.0362149533,2021-01-22
1.811,2.881,3.81774521,0.0208568207,2021-01-25
1.791,2.861,3.77558348,-0.0110436223,2021-01-26
1.811,2.881,3.81774521,0.0111669458,2021-01-27
1.723,2.793,3.63223358,-0.0485919382,2021-01-28
1.759,2.829,3.7081247,0.0208937899,2021-01-29
1.756,2.826,3.70180044,-0.0017055145,2021-02-01
1.82,2.89,3.836718,0.0364464692,2021-02-02
1.821,2.891,3.83882608,0.0005494505,2021-02-03
1.836,2.906,3.87044739,0.0082372323,2021-02-04
1.847,2.917,3.89363634,0.0059912854,2021-02-05
1.823,2.893,3.84304226,-0.0129940444,2021-02-08
1.885,2.955,3.97374364,0.0340098738,2021-02-09
1.899,2.969,4.00325685,0.0074270557,2021-02-10
1.852,2.922,3.90417677,-0.0247498684,2021-02-18
1.853,2.923,3.90628486,0.0005399568,2021-02-19
1.795,2.865,3.78401583,-0.0313005936,2021-02-22
1.795,2.865,3.78401583,0.0,2021-02-23
1.739,2.809,3.66596296,-0.0311977716,2021-02-24
1.75,2.82,3.68915192,0.0063254744,2021-02-25
1.718,2.788,3.62169314,-0.0182857143,2021-02-26
1.782,2.852,3.7566107,0.0372526193,2021-03-01
1.79,2.86,3.77347539,0.0044893378,2021-03-02
1.811,2.881,3.81774521,0.0117318436,2021-03-03
1.7,2.77,3.58374758,-0.0612921038,2021-03-04
1.682,2.752,3.54580202,-0.0105882353,2021-03-05
1.575,2.645,3.32023673,-0.0636147444,2021-03-08
1.571,2.641,3.31180438,-0.0025396825,2021-03-09
1.595,2.665,3.36239846,0.0152768937,2021-03-10
1.646,2.716,3.46991089,0.0319749216,2021-03-11
1.654,2.724,3.48677559,0.0048602673,2021-03-12
1.597,2.667,3.36661464,-0.0344619105,2021-03-15
1.634,2.704,3.44461385,0.0231684408,2021-03-16
1.642,2.712,3.46147854,0.0048959608,2021-03-17
1.662,2.732,3.50364028,0.012180268,2021-03-18
1.632,2.702,3.44039768,-0.0180505415,2021-03-19
1.639,2.709,3.45515428,0.0042892157,2021-03-22
1.597,2.667,3.36661464,-0.0256253813,2021-03-23
1.572,2.642,3.31391247,-0.0156543519,2021-03-24
1.574,2.644,3.31812864,0.0012722646,2021-03-25
1.625,2.695,3.42564107,0.0324015248,2021-03-26
1.626,2.696,3.42774915,0.0006153846,2021-03-29
1.678,2.748,3.53736967,0.0319803198,2021-03-30
1.663,2.733,3.50574837,-0.0089392133,2021-03-31
1.691,2.761,3.5647748,0.0168370415,2021-04-01
1.69,2.76,3.56266671,-0.0005913661,2021-04-02
1.695,2.765,3.57320714,0.0029585799,2021-04-06
1.672,2.742,3.52472115,-0.0135693215,2021-04-07
1.668,2.738,3.5162888,-0.0023923445,2021-04-08
1.635,2.705,3.44672194,-0.0197841727,2021-04-09
1.602,2.672,3.37715507,-0.0201834862,2021-04-12
1.575,2.645,3.32023673,-0.0168539326,2021-04-13
1.599,2.669,3.37083081,0.0152380952,2021-04-14
1.607,2.677,3.38769551,0.005003127,2021-04-15
1.612,2.682,3.39823594,0.0031113877,2021-04-16
1.657,2.727,3.49309985,0.0279156328,2021-04-19
1.669,2.739,3.51839689,0.0072420036,2021-04-20
1.669,2.739,3.51839689,0.0,2021-04-21
1.674,2.744,3.52893732,0.0029958059,2021-04-22
1.684,2.754,3.55001819,0.0059737157,2021-04-23
1.723,2.793,3.63223358,0.0231591449,2021-04-26
1.735,2.805,3.65753062,0.0069645966,2021-04-27
1.773,2.843,3.73763792,0.0219020173,2021-04-28
1.762,2.832,3.71444896,-0.0062041737,2021-04-29
1.764,2.834,3.71866513,0.0011350738,2021-04-30
1.741,2.811,3.67017914,-0.0130385488,2021-05-06
1.686,2.756,3.55423436,-0.0315910396,2021-05-07
1.671,2.741,3.52261306,-0.0088967972,2021-05-10
1.65,2.72,3.47834324,-0.012567325,2021-05-11
1.662,2.732,3.50364028,0.0072727273,2021-05-12
1.643,2.713,3.46358663,-0.0114320096,2021-05-13
1.674,2.744,3.52893732,0.0188679245,2021-05-14
1.708,2.778,3.60061227,0.0203106332,2021-05-17
1.723,2.793,3.63223358,0.0087822014,2021-05-18
1.734,2.804,3.65542253,0.0063842136,2021-05-19
1.717,2.787,3.61958505,-0.0098039216,2021-05-20
1.727,2.797,3.64066592,0.0058241118,2021-05-21
1.713,2.783,3.61115271,-0.0081065431,2021-05-24
1.726,2.796,3.63855784,0.0075890251,2021-05-25
1.692,2.762,3.56688288,-0.0196987254,2021-05-26
1.707,2.777,3.59850419,0.0088652482,2021-05-27
1.708,2.778,3.60061227,0.0005858231,2021-05-28
1.751,2.821,3.69126001,0.025175644,2021-05-31
1.745,2.815,3.67861149,-0.0034266134,2021-06-01
1.726,2.796,3.63855784,-0.0108882521,2021-06-02
1.693,2.763,3.56899097,-0.0191193511,2021-06-03
1.687,2.757,3.55634245,-0.0035440047,2021-06-04
1.681,2.751,3.54369393,-0.0035566094,2021-06-07
1.691,2.761,3.5647748,0.00594884,2021-06-08
1.7,2.77,3.58374758,0.0053222945,2021-06-09
1.757,2.827,3.70390853,0.0335294118,2021-06-10
1.769,2.839,3.72920557,0.0068298236,2021-06-11
1.762,2.832,3.71444896,-0.0039570379,2021-06-15
1.702,2.772,3.58796375,-0.0340522134,2021-06-16
1.72,2.79,3.62590931,0.0105757932,2021-06-17
1.744,2.814,3.6765034,0.0139534884,2021-06-18
1.779,2.849,3.75028644,0.0200688073,2021-06-21
1.784,2.854,3.76082687,0.0028105677,2021-06-22
1.807,2.877,3.80931287,0.0128923767,2021-06-23
1.822,2.892,3.84093417,0.0083010515,2021-06-24
1.83,2.9,3.85779886,0.0043907794,2021-06-25
1.85,2.92,3.8999606,0.0109289617,2021-06-28
1.893,2.963,3.99060833,0.0232432432,2021-06-29
1.905,2.975,4.01590538,0.0063391442,2021-06-30
1.898,2.968,4.00114877,-0.0036745407,2021-07-01
1.844,2.914,3.88731208,-0.0284510011,2021-07-02
1.843,2.913,3.88520399,-0.0005422993,2021-07-05
1.835,2.905,3.8683393,-0.0043407488,2021-07-06
1.892,2.962,3.98850025,0.0310626703,2021-07-07
1.894,2.964,3.99271642,0.0010570825,2021-07-08
1.889,2.959,3.98217599,-0.0026399155,2021-07-09
1.92,2.99,4.04752668,0.0164107994,2021-07-12
1.905,2.975,4.01590538,-0.0078125,2021-07-13
1.894,2.964,3.99271642,-0.0057742782,2021-07-14
1.941,3.011,4.0917965,0.0248152059,2021-07-15
1.918,2.988,4.0433105,-0.0118495621,2021-07-16
1.892,2.962,3.98850025,-0.0135557873,2021-07-19
1.909,2.979,4.02433772,0.0089852008,2021-07-20
1.965,3.035,4.14239058,0.0293347302,2021-07-21
2.036,3.106,4.29206475,0.0361323155,2021-07-22
2.016,3.086,4.24990301,-0.0098231827,2021-07-23
1.998,3.068,4.21195745,-0.0089285714,2021-07-26
1.854,2.924,3.90839295,-0.0720720721,2021-07-27
1.933,3.003,4.07493181,0.0426105717,2021-07-28
2.057,3.127,4.33633457,0.0641489912,2021-07-29
2.094,3.164,4.41433378,0.0179873602,2021-07-30
2.111,3.181,4.45017126,0.0081184336,2021-08-02
2.102,3.172,4.43119848,-0.0042633823,2021-08-03
2.149,3.219,4.53027856,0.0223596575,2021-08-04
2.138,3.208,4.5070896,-0.0051186598,2021-08-05
2.132,3.202,4.49444108,-0.0028063611,2021-08-06
2.144,3.214,4.51973812,0.0056285178,2021-08-09
2.167,3.237,4.56822412,0.0107276119,2021-08-10
1.382,3.252,4.59984542,0.006922012,2021-08-11
1.394,3.264,4.63978619,0.008683068,2021-08-12
1.382,3.252,4.59984542,-0.0086083214,2021-08-13
1.372,3.242,4.56656145,-0.00723589,2021-08-16
1.355,3.225,4.50997869,-0.0123906706,2021-08-17
1.341,3.211,4.46338112,-0.0103321033,2021-08-18
1.354,3.224,4.50665029,0.009694258,2021-08-19
1.358,3.228,4.51996388,0.0029542097,2021-08-20
1.376,3.246,4.57987504,0.0132547865,2021-08-23
1.39,3.26,4.6264726,0.0101744186,2021-08-24
1.397,3.267,4.64977139,0.0050359712,2021-08-25
1.382,3.252,4.59984542,-0.0107372942,2021-08-26
1.391,3.261,4.629801,0.006512301,2021-08-27
1.421,3.291,4.72965293,0.0215672178,2021-08-30
1.39,3.26,4.6264726,-0.0218156228,2021-08-31
1.373,3.243,4.56988984,-0.0122302158,2021-09-01
1.373,3.243,4.56988984,0.0,2021-09-02
1.345,3.215,4.47669471,-0.0203932993,2021-09-03
1.364,3.234,4.53993427,0.0141263941,2021-09-06
1.368,3.238,4.55324786,0.0029325513,2021-09-07
1.349,3.219,4.4900083,-0.0138888889,2021-09-08
1.324,3.194,4.40679836,-0.0185322461,2021-09-09
1.328,3.198,4.42011195,0.003021148,2021-09-10
1.315,3.185,4.37684279,-0.0097891566,2021-09-13
1.31,3.18,4.3602008,-0.0038022814,2021-09-14
1.308,3.178,4.353544,-0.0015267176,2021-09-15
1.276,3.146,4.24703528,-0.0244648318,2021-09-16
1.294,3.164,4.30694644,0.0141065831,2021-09-17
1.29,3.16,4.29363285,-0.0030911901,2021-09-22
1.298,3.168,4.32026003,0.0062015504,2021-09-23
1.308,3.178,4.353544,0.0077041602,2021-09-24
1.324,3.194,4.40679836,0.0122324159,2021-09-27
1.322,3.192,4.40014157,-0.001510574,2021-09-28
1.313,3.183,4.37018599,-0.0068078669,2021-09-29
1.326,3.196,4.41345516,0.0099009901,2021-09-30
1.337,3.207,4.45006753,0.0082956259,2021-10-08
1.315,3.185,4.37684279,-0.0164547494,2021-10-11
1.302,3.172,4.33357362,-0.0098859316,2021-10-12
1.342,3.212,4.46670952,0.0307219662,2021-10-13
1.355,3.225,4.50997869,0.0096870343,2021-10-14
1.368,3.238,4.55324786,0.0095940959,2021-10-15
1.348,3.218,4.4866799,-0.014619883,2021-10-18
1.361,3.231,4.52994907,0.0096439169,2021-10-19
1.366,3.236,4.54659106,0.0036737693,2021-10-20
1.341,3.211,4.46338112,-0.0183016105,2021-10-21
1.342,3.212,4.46670952,0.0007457122,2021-10-22
1.367,3.237,4.54991946,0.0186289121,2021-10-25
1.369,3.239,4.55657625,0.0014630578,2021-10-26
1.362,3.232,4.53327747,-0.0051132213,2021-10-27
1.356,3.226,4.51330709,-0.0044052863,2021-10-28
1.38,3.25,4.59318863,0.017699115,2021-10-29
1.384,3.254,4.60650222,0.0028985507,2021-11-01
1.364,3.234,4.53993427,-0.0144508671,2021-11-02
1.36,3.23,4.52662068,-0.0029325513,2021-11-03
1.387,3.257,4.61648741,0.0198529412,2021-11-04
1.372,3.242,4.56656145,-0.010814708,2021-11-05
1.379,3.249,4.58986023,0.0051020408,2021-11-08
1.383,3.253,4.60317382,0.0029006526,2021-11-09
1.373,3.243,4.56988984,-0.007230658,2021-11-10
1.379,3.249,4.58986023,0.0043699927,2021-11-11
1.38,3.25,4.59318863,0.0007251632,2021-11-12
1.37,3.24,4.55990465,-0.0072463768,2021-11-15
1.374,3.244,4.57321824,0.002919708,2021-11-16
1.388,3.258,4.61981581,0.0101892285,2021-11-17
1.378,3.248,4.58653183,-0.007204611,2021-11-18
1.389,3.259,4.6231442,0.0079825835,2021-11-19
1.403,3.273,4.66974177,0.0100791937,2021-11-22
1.385,3.255,4.60983061,-0.0128296507,2021-11-23
1.378,3.248,4.58653183,-0.0050541516,2021-11-24
1.367,3.237,4.54991946,-0.0079825835,2021-11-25
1.37,3.24,4.55990465,0.0021945867,2021-11-26
1.371,3.241,4.56323305,0.000729927,2021-11-29
1.363,3.233,4.53660587,-0.0058351568,2021-11-30
1.343,3.213,4.47003792,-0.0146735143,2021-12-01
1.341,3.211,4.46338112,-0.0014892033,2021-12-02
1.341,3.211,4.46338112,0.0,2021-12-03
1.329,3.199,4.42344035,-0.0089485459,2021-12-06
1.337,3.207,4.45006753,0.0060195636,2021-12-07
1.351,3.221,4.4966651,0.0104712042,2021-12-08
1.367,3.237,4.54991946,0.0118430792,2021-12-09
1.373,3.243,4.56988984,0.0043891734,2021-12-10
1.383,3.253,4.60317382,0.0072833212,2021-12-13
1.37,3.24,4.55990465,-0.0093998554,2021-12-14
1.354,3.224,4.50665029,-0.0116788321,2021-12-15
1.356,3.226,4.51330709,0.0014771049,2021-12-16
1.313,3.183,4.37018599,-0.0317109145,2021-12-17
1.279,3.149,4.25702047,-0.0258948972,2021-12-20
1.297,3.167,4.31693163,0.0140734949,2021-12-21
1.295,3.165,4.31027483,-0.00154202,2021-12-22
1.294,3.164,4.30694644,-0.0007722008,2021-12-23
1.277,3.147,4.25036368,-0.013137558,2021-12-24
1.284,3.154,4.27366246,0.0054815975,2021-12-27
1.288,3.158,4.28697605,0.0031152648,2021-12-28
1.276,3.146,4.24703528,-0.0093167702,2021-12-29
1.28,3.15,4.26034887,0.0031347962,2021-12-30
1.298,3.168,4.32026003,0.0140625,2021-12-31
1.269,3.139,4.2237365,-0.0223420647,2022-01-04
1.227,3.097,4.0839438,-0.0330969267,2022-01-05
1.241,3.111,4.13054137,0.011409943,2022-01-06
1.222,3.092,4.06730181,-0.0153102337,2022-01-07
1.236,3.106,4.11389938,0.0114566285,2022-01-10
1.229,3.099,4.0906006,-0.0056634304,2022-01-11
1.245,3.115,4.14385496,0.0130187144,2022-01-12
1.216,3.086,4.04733143,-0.0232931727,2022-01-13
1.217,3.087,4.05065983,0.0008223684,2022-01-14
1.215,3.085,4.04400303,-0.0016433854,2022-01-17
1.216,3.086,4.04733143,0.0008230453,2022-01-18
1.201,3.071,3.99740546,-0.0123355263,2022-01-19
1.188,3.058,3.9541363,-0.0108243131,2022-01-20
1.164,3.034,3.87425475,-0.0202020202,2022-01-21
1.177,3.047,3.91752392,0.0111683849,2022-01-24
1.152,3.022,3.83431398,-0.0212404418,2022-01-25
1.159,3.029,3.85761277,0.0060763889,2022-01-26
1.133,3.003,3.77107443,-0.022433132,2022-01-27
1.113,2.983,3.70450648,-0.0176522507,2022-01-28
1.129,2.999,3.75776084,0.0143755615,2022-02-07
1.114,2.984,3.70783488,-0.0132860939,2022-02-08
1.121,2.991,3.73113366,0.0062836625,2022-02-09
1.099,2.969,3.65790891,-0.0196253345,2022-02-10
1.075,2.945,3.57802737,-0.0218380346,2022-02-11
1.071,2.941,3.56471378,-0.0037209302,2022-02-14
1.099,2.969,3.65790891,0.0261437908,2022-02-15
1.096,2.966,3.64792372,-0.0027297543,2022-02-16
1.105,2.975,3.6778793,0.0082116788,2022-02-17
1.099,2.969,3.65790891,-0.0054298643,2022-02-18
1.102,2.972,3.66789411,0.0027297543,2022-02-21
1.09,2.96,3.62795334,-0.0108892922,2022-02-22
1.118,2.988,3.72114847,0.0256880734,2022-02-23
1.102,2.972,3.66789411,-0.0143112701,2022-02-24
1.125,2.995,3.74444725,0.0208711434,2022-02-25
1.135,3.005,3.77773123,0.0088888889,2022-02-28
1.13,3.0,3.76108924,-0.0044052863,2022-03-01
1.123,2.993,3.73779045,-0.0061946903,2022-03-02
1.1,2.97,3.66123731,-0.0204808549,2022-03-03
1.084,2.954,3.60798295,-0.0145454545,2022-03-04
1.049,2.919,3.49148904,-0.0322878229,2022-03-07
1.034,2.904,3.44156307,-0.0142993327,2022-03-08
1.021,2.891,3.3982939,-0.0125725338,2022-03-09
1.049,2.919,3.49148904,0.027424094,2022-03-10
1.048,2.918,3.48816064,-0.0009532888,2022-03-11
1.015,2.885,3.37832352,-0.0314885496,2022-03-14
0.99,2.86,3.29511358,-0.0246305419,2022-03-15
1.022,2.892,3.4016223,0.0323232323,2022-03-16
1.035,2.905,3.44489147,0.0127201566,2022-03-17
1.032,2.902,3.43490628,-0.0028985507,2022-03-18
1.038,2.908,3.45487666,0.0058139535,2022-03-21
1.024,2.894,3.4082791,-0.0134874759,2022-03-22
1.036,2.906,3.44821987,0.01171875,2022-03-23
1.038,2.908,3.45487666,0.0019305019,2022-03-24
1.011,2.881,3.36500993,-0.0260115607,2022-03-25
1.001,2.871,3.33172595,-0.0098911968,2022-03-28
1.001,2.871,3.33172595,0.0,2022-03-29
1.026,2.896,3.41493589,0.024975025,2022-03-30
1.009,2.879,3.35835313,-0.0165692008,2022-03-31
1.006,2.876,3.34836794,-0.0029732408,2022-04-01
0.978,2.848,3.25517281,-0.027833002,2022-04-06
0.974,2.844,3.24185922,-0.0040899796,2022-04-07
0.965,2.835,3.21190364,-0.0092402464,2022-04-08
0.932,2.802,3.10206652,-0.0341968912,2022-04-11
0.948,2.818,3.15532088,0.017167382,2022-04-12
0.932,2.802,3.10206652,-0.0168776371,2022-04-13
0.934,2.804,3.10872332,0.0021459227,2022-04-14
0.933,2.803,3.10539492,-0.0010706638,2022-04-15
0.937,2.807,3.11870851,0.0042872454,2022-04-18
0.932,2.802,3.10206652,-0.0053361793,2022-04-19
0.918,2.788,3.05546896,-0.0150214592,2022-04-20
0.895,2.765,2.97891581,-0.0250544662,2022-04-21
0.896,2.766,2.98224421,0.0011173184,2022-04-22
0.879,2.749,2.92566145,-0.0189732143,2022-04-25
0.879,2.749,2.92566145,0.0,2022-04-26
0.893,2.763,2.97225902,0.01592719,2022-04-27
0.896,2.766,2.98224421,0.0033594625,2022-04-28
0.907,2.777,3.01885658,0.0122767857,2022-04-29
0.9,2.77,2.9955578,-0.0077177508,2022-05-05
0.901,2.771,2.9988862,0.0011111111,2022-05-06
0.904,2.774,3.00887139,0.0033296337,2022-05-09
0.914,2.784,3.04215537,0.0110619469,2022-05-10
0.934,2.804,3.10872332,0.0218818381,2022-05-11
0.93,2.8,3.09540973,-0.0042826552,2022-05-12
0.933,2.803,3.10539492,0.0032258065,2022-05-13
0.926,2.796,3.08209614,-0.0075026795,2022-05-16
0.931,2.801,3.09873812,0.005399568,2022-05-17
0.928,2.798,3.08875293,-0.0032223416,2022-05-18
0.935,2.805,3.11205171,0.0075431034,2022-05-19
0.943,2.813,3.13867889,0.0085561497,2022-05-20
0.938,2.808,3.12203691,-0.0053022269,2022-05-23
0.916,2.786,3.04881216,-0.0234541578,2022-05-24
0.917,2.787,3.05214056,0.0010917031,2022-05-25
0.913,2.783,3.03882697,-0.0043620502,2022-05-26
0.919,2.789,3.05879735,0.0065717415,2022-05-27
0.927,2.797,3.08542453,0.0087051143,2022-05-30
0.935,2.805,3.11205171,0.0086299892,2022-05-31
0.94,2.81,3.1286937,0.0053475936,2022-06-01
0.95,2.82,3.16197768,0.0106382979,2022-06-02
0.983,2.853,3.2718148,0.0347368421,2022-06-06
0.985,2.855,3.27847159,0.002034588,2022-06-07
0.985,2.855,3.27847159,0.0,2022-06-08
0.968,2.838,3.22188883,-0.0172588832,2022-06-09
0.98,2.85,3.2618296,0.0123966942,2022-06-10
0.978,2.848,3.25517281,-0.0020408163,2022-06-13
0.972,2.842,3.23520242,-0.0061349693,2022-06-14
0.971,2.841,3.23187403,-0.0010288066,2022-06-15
0.982,2.852,3.2684864,0.0113285273,2022-06-16
0.999,2.869,3.32506916,0.017311609,2022-06-17
1.01,2.88,3.36168153,0.011011011,2022-06-20
1.006,2.876,3.34836794,-0.003960396,2022-06-21
1.012,2.882,3.36833833,0.0059642147,2022-06-22
1.042,2.912,3.46819025,0.0296442688,2022-06-23
1.062,2.932,3.5347582,0.019193858,2022-06-24
1.071,2.941,3.56471378,0.0084745763,2022-06-27
1.088,2.958,3.62129654,0.0158730159,2022-06-28
1.057,2.927,3.51811622,-0.0284926471,2022-06-29
1.094,2.964,3.64126693,0.0350047304,2022-06-30
1.078,2.948,3.58801256,-0.0146252285,2022-07-01
1.086,2.956,3.61463975,0.0074211503,2022-07-04
1.085,2.955,3.61131135,-0.0009208103,2022-07-05
1.073,2.943,3.57137058,-0.0110599078,2022-07-06
1.086,2.956,3.61463975,0.0121155638,2022-07-07
1.057,2.927,3.51811622,-0.0267034991,2022-07-08
1.017,2.887,3.38498031,-0.0378429518,2022-07-11
0.999,2.869,3.32506916,-0.017699115,2022-07-12
1.016,2.886,3.38165192,0.017017017,2022-07-13
1.052,2.922,3.50147423,0.0354330709,2022-07-14
1.039,2.909,3.45820506,-0.0123574144,2022-07-15
1.044,2.914,3.47484705,0.0048123195,2022-07-18
1.026,2.896,3.41493589,-0.0172413793,2022-07-19
1.032,2.902,3.43490628,0.0058479532,2022-07-20
1.026,2.896,3.41493589,-0.0058139535,2022-07-21
1.019,2.889,3.39163711,-0.0068226121,2022-07-22
1.0,2.87,3.32839756,-0.0186457311,2022-07-25
1.009,2.879,3.35835313,0.009,2022-07-26
1.031,2.901,3.43157788,0.0218037661,2022-07-27
1.031,2.901,3.43157788,0.0,2022-07-28
1.026,2.896,3.41493589,-0.0048496605,2022-07-29
1.029,2.899,3.42492108,0.0029239766,2022-08-01
1.018,2.888,3.38830871,-0.0106899903,2022-08-02
1.002,2.872,3.33505435,-0.0157170923,2022-08-03
0.985,2.855,3.27847159,-0.0169660679,2022-08-04
0.993,2.863,3.30509877,0.0081218274,2022-08-05
1.0,2.87,3.32839756,0.0070493454,2022-08-08
1.01,2.88,3.36168153,0.01,2022-08-09
1.009,2.879,3.35835313,-0.000990099,2022-08-10
0.99,2.86,3.29511358,-0.0188305253,2022-08-11
0.981,2.851,3.265158,-0.0090909091,2022-08-12
1.008,2.878,3.35502474,0.0275229358,2022-08-15
1.004,2.874,3.34171115,-0.003968254,2022-08-16
0.997,2.867,3.31841236,-0.0069721116,2022-08-17
1.02,2.89,3.39496551,0.0230692076,2022-08-18
0.996,2.866,3.31508397,-0.0235294118,2022-08-19
0.999,2.869,3.32506916,0.0030120482,2022-08-22
1.006,2.876,3.34836794,0.007007007,2022-08-23
0.975,2.845,3.24518762,-0.0308151093,2022-08-24
0.964,2.834,3.20857524,-0.0112820513,2022-08-25
0.95,2.82,3.16197768,-0.0145228216,2022-08-26
0.961,2.831,3.19859005,0.0115789474,2022-08-29
0.955,2.825,3.17861967,-0.0062434964,2022-08-30
0.923,2.793,3.07211094,-0.0335078534,2022-08-31
0.926,2.796,3.08209614,0.0032502709,2022-09-01
0.923,2.793,3.07211094,-0.0032397408,2022-09-02
0.927,2.797,3.08542453,0.0043336945,2022-09-05
0.947,2.817,3.15199249,0.021574973,2022-09-06
0.952,2.822,3.16863447,0.005279831,2022-09-07
0.948,2.818,3.15532088,-0.0042016807,2022-09-08
0.943,2.813,3.13867889,-0.0052742616,2022-09-09
0.94,2.81,3.1286937,-0.0031813362,2022-09-13
0.932,2.802,3.10206652,-0.0085106383,2022-09-14
0.896,2.766,2.98224421,-0.0386266094,2022-09-15
0.892,2.762,2.96893062,-0.0044642857,2022-09-16
0.891,2.761,2.96560222,-0.0011210762,2022-09-19
0.906,2.776,3.01552819,0.0168350168,2022-09-20
0.901,2.771,2.9988862,-0.0055187638,2022-09-21
0.906,2.776,3.01552819,0.0055493896,2022-09-22
0.901,2.771,2.9988862,-0.0055187638,2022-09-23
0.914,2.784,3.04215537,0.0144284129,2022-09-26
0.918,2.788,3.05546896,0.0043763676,2022-09-27
0.901,2.771,2.9988862,-0.0185185185,2022-09-28
0.906,2.776,3.01552819,0.0055493896,2022-09-29
0.891,2.761,2.96560222,-0.0165562914,2022-09-30
0.879,2.749,2.92566145,-0.0134680135,2022-10-10
0.885,2.755,2.94563184,0.0068259386,2022-10-11
0.898,2.768,2.988901,0.0146892655,2022-10-12
0.894,2.764,2.97558741,-0.004454343,2022-10-13
0.91,2.78,3.02884178,0.0178970917,2022-10-14
0.9,2.77,2.9955578,-0.010989011,2022-10-17
0.901,2.771,2.9988862,0.0011111111,2022-10-18
0.891,2.761,2.96560222,-0.0110987791,2022-10-19
0.873,2.743,2.90569107,-0.0202020202,2022-10-20
0.873,2.743,2.90569107,0.0,2022-10-21
0.86,2.73,2.8624219,-0.0148911798,2022-10-24
0.871,2.741,2.89903427,0.0127906977,2022-10-25
0.883,2.753,2.93897504,0.0137772675,2022-10-26
0.872,2.742,2.90236267,-0.0124575311,2022-10-27
0.851,2.721,2.83246632,-0.0240825688,2022-10-28
0.838,2.708,2.78919715,-0.0152761457,2022-10-31
0.853,2.723,2.83912311,0.0178997613,2022-11-01
0.868,2.738,2.88904908,0.0175849941,2022-11-02
0.879,2.749,2.92566145,0.0126728111,2022-11-03
0.901,2.771,2.9988862,0.0250284414,2022-11-04
0.91,2.78,3.02884178,0.0099889012,2022-11-07
0.891,2.761,2.96560222,-0.0208791209,2022-11-08
0.882,2.752,2.93564664,-0.0101010101,2022-11-09
0.862,2.732,2.86907869,-0.022675737,2022-11-10
0.879,2.749,2.92566145,0.0197215777,2022-11-11
0.882,2.752,2.93564664,0.0034129693,2022-11-14
0.894,2.764,2.97558741,0.0136054422,2022-11-15
0.895,2.765,2.97891581,0.0011185682,2022-11-16
0.883,2.753,2.93897504,-0.0134078212,2022-11-17
0.886,2.756,2.94896023,0.0033975085,2022-11-18
0.882,2.752,2.93564664,-0.0045146727,2022-11-21
0.86,2.73,2.8624219,-0.0249433107,2022-11-22
0.857,2.727,2.85243671,-0.0034883721,2022-11-23
0.867,2.737,2.88572068,0.0116686114,2022-11-24
0.853,2.723,2.83912311,-0.0161476355,2022-11-25
0.847,2.717,2.81915273,-0.0070339977,2022-11-28
0.842,2.712,2.80251074,-0.0059031877,2022-11-29
0.841,2.711,2.79918234,-0.0011876485,2022-11-30
0.844,2.714,2.80916754,0.0035671819,2022-12-01
0.842,2.712,2.80251074,-0.0023696682,2022-12-02
0.831,2.701,2.76589837,-0.013064133,2022-12-05
0.832,2.702,2.76922677,0.0012033694,2022-12-06
0.839,2.709,2.79252555,0.0084134615,2022-12-07
0.842,2.712,2.80251074,0.0035756853,2022-12-08
0.838,2.708,2.78919715,-0.0047505938,2022-12-09
0.832,2.702,2.76922677,-0.0071599045,2022-12-12
0.822,2.692,2.73594279,-0.0120192308,2022-12-13
0.813,2.683,2.70598721,-0.0109489051,2022-12-14
0.811,2.681,2.69933042,-0.0024600246,2022-12-15
0.804,2.674,2.67603163,-0.0086313194,2022-12-16
0.797,2.667,2.65273285,-0.0087064677,2022-12-19
0.803,2.673,2.67270324,0.0075282309,2022-12-20
0.801,2.671,2.66604644,-0.00249066,2022-12-21
0.802,2.672,2.66937484,0.0012484395,2022-12-22
0.794,2.664,2.64274766,-0.0099750623,2022-12-23
0.808,2.678,2.68934522,0.0176322418,2022-12-26
0.827,2.697,2.75258478,0.0235148515,2022-12-27
0.829,2.699,2.75924157,0.0024183797,2022-12-28
0.838,2.708,2.78919715,0.0108564536,2022-12-29
0.841,2.711,2.79918234,0.0035799523,2022-12-30
0.844,2.714,2.80916754,0.0035671819,2023-01-03
0.838,2.708,2.78919715,-0.0071090047,2023-01-04
0.849,2.719,2.82580952,0.0131264916,2023-01-05
0.851,2.721,2.83246632,0.0023557126,2023-01-06
0.849,2.719,2.82580952,-0.0023501763,2023-01-09
0.853,2.723,2.83912311,0.0047114252,2023-01-10
0.846,2.716,2.81582433,-0.0082063306,2023-01-11
0.846,2.716,2.81582433,0.0,2023-01-12
0.843,2.713,2.80583914,-0.0035460993,2023-01-13
0.848,2.718,2.82248113,0.0059311981,2023-01-16
0.855,2.725,2.84577991,0.008254717,2023-01-17
0.853,2.723,2.83912311,-0.0023391813,2023-01-18
0.856,2.726,2.84910831,0.0035169988,2023-01-19
0.861,2.731,2.8657503,0.0058411215,2023-01-20
0.875,2.745,2.91234786,0.0162601626,2023-01-30
0.87,2.74,2.89570587,-0.0057142857,2023-01-31
0.863,2.733,2.87240709,-0.008045977,2023-02-01
0.867,2.737,2.88572068,0.0046349942,2023-02-02
0.858,2.728,2.8557651,-0.0103806228,2023-02-03
0.847,2.717,2.81915273,-0.0128205128,2023-02-06
0.844,2.714,2.80916754,-0.0035419126,2023-02-07
0.84,2.71,2.79585395,-0.0047393365,2023-02-08
0.85,2.72,2.82913792,0.0119047619,2023-02-09
0.839,2.709,2.79252555,-0.0129411765,2023-02-10
0.838,2.708,2.78919715,-0.0011918951,2023-02-13
0.837,2.707,2.78586875,-0.0011933174,2023-02-14
0.833,2.703,2.77255516,-0.0047789725,2023-02-15
0.797,2.667,2.65273285,-0.0432172869,2023-02-16
0.777,2.647,2.5861649,-0.0250941029,2023-02-17
0.788,2.658,2.62277727,0.0141570142,2023-02-20
0.785,2.655,2.61279208,-0.0038071066,2023-02-21
0.783,2.653,2.60613529,-0.0025477707,2023-02-22
0.784,2.654,2.60946368,0.0012771392,2023-02-23
0.792,2.662,2.63609086,0.0102040816,2023-02-24
0.785,2.655,2.61279208,-0.0088383838,2023-02-27
0.789,2.659,2.62610567,0.0050955414,2023-02-28
0.798,2.668,2.65606125,0.0114068441,2023-03-01
0.792,2.662,2.63609086,-0.007518797,2023-03-02
0.784,2.654,2.60946368,-0.0101010101,2023-03-03
0.78,2.65,2.59615009,-0.0051020408,2023-03-06
0.768,2.638,2.55620932,-0.0153846154,2023-03-07
0.768,2.638,2.55620932,0.0,2023-03-08
0.768,2.638,2.55620932,0.0,2023-03-09
0.757,2.627,2.51959695,-0.0143229167,2023-03-10
0.76,2.63,2.52958214,0.0039630119,2023-03-13
0.757,2.627,2.51959695,-0.0039473684,2023-03-14
0.753,2.623,2.50628336,-0.0052840159,2023-03-15
0.75,2.62,2.49629817,-0.0039840637,2023-03-16
0.751,2.621,2.49962656,0.0013333333,2023-03-17
0.757,2.627,2.51959695,0.0079893475,2023-03-20
0.761,2.631,2.53291054,0.0052840159,2023-03-21
0.77,2.64,2.56286612,0.011826544,2023-03-22
0.78,2.65,2.59615009,0.012987013,2023-03-23
0.783,2.653,2.60613529,0.0038461538,2023-03-24
0.786,2.656,2.61612048,0.0038314176,2023-03-27
0.775,2.645,2.57950811,-0.0139949109,2023-03-28
0.783,2.653,2.60613529,0.0103225806,2023-03-29
0.778,2.648,2.5894933,-0.006385696,2023-03-30
0.788,2.658,2.62277727,0.0128534704,2023-03-31
0.822,2.692,2.73594279,0.0431472081,2023-04-03
0.822,2.692,2.73594279,0.0,2023-04-04
0.836,2.706,2.78254036,0.0170316302,2023-04-06
0.842,2.712,2.80251074,0.0071770335,2023-04-07
0.825,2.695,2.74592798,-0.0201900238,2023-04-10
0.828,2.698,2.75591318,0.0036363636,2023-04-11
0.832,2.702,2.76922677,0.0048309179,2023-04-12
0.816,2.686,2.71597241,-0.0192307692,2023-04-13
0.832,2.702,2.76922677,0.0196078431,2023-04-14
0.826,2.696,2.74925638,-0.0072115385,2023-04-17
0.854,2.724,2.84245151,0.0338983051,2023-04-18
0.852,2.722,2.83579472,-0.0023419204,2023-04-19
0.89,2.76,2.96227382,0.044600939,2023-04-20
0.855,2.725,2.84577991,-0.0393258427,2023-04-21
0.87,2.74,2.89570587,0.0175438596,2023-04-24
0.862,2.732,2.86907869,-0.0091954023,2023-04-25
0.834,2.704,2.77588356,-0.0324825986,2023-04-26
0.799,2.669,2.65938965,-0.0419664269,2023-04-27
0.828,2.698,2.75591318,0.0362953692,2023-04-28
0.808,2.678,2.68934522,-0.0241545894,2023-05-04
0.785,2.655,2.61279208,-0.0284653465,2023-05-05
0.791,2.661,2.63276247,0.0076433121,2023-05-08
0.79,2.66,2.62943407,-0.0012642225,2023-05-09
0.78,2.65,2.59615009,-0.0126582278,2023-05-10
0.778,2.648,2.5894933,-0.0025641026,2023-05-11
0.778,2.648,2.5894933,0.0,2023-05-12
0.778,2.648,2.5894933,0.0,2023-05-15
0.766,2.636,2.54955253,-0.0154241645,2023-05-16
0.772,2.642,2.56952291,0.0078328982,2023-05-17
0.798,2.668,2.65606125,0.0336787565,2023-05-18
0.79,2.66,2.62943407,-0.0100250627,2023-05-19
0.787,2.657,2.61944888,-0.0037974684,2023-05-22
0.783,2.653,2.60613529,-0.0050825921,2023-05-23
0.782,2.652,2.60280689,-0.0012771392,2023-05-24
0.787,2.657,2.61944888,0.0063938619,2023-05-25
0.79,2.66,2.62943407,0.0038119441,2023-05-26
0.789,2.659,2.62610567,-0.0012658228,2023-05-29
0.798,2.668,2.65606125,0.0114068441,2023-05-30
0.804,2.674,2.67603163,0.007518797,2023-05-31
0.801,2.671,2.66604644,-0.0037313433,2023-06-01
0.802,2.672,2.66937484,0.0012484395,2023-06-02
0.801,2.671,2.66604644,-0.0012468828,2023-06-05
0.797,2.667,2.65273285,-0.0049937578,2023-06-06
0.802,2.672,2.66937484,0.0062735257,2023-06-07
0.798,2.668,2.65606125,-0.0049875312,2023-06-08
0.806,2.676,2.68268843,0.0100250627,2023-06-09
0.812,2.682,2.70265882,0.0074441687,2023-06-12
0.814,2.684,2.70931561,0.0024630542,2023-06-13
0.824,2.694,2.74259959,0.0122850123,2023-06-14
0.83,2.7,2.76256997,0.0072815534,2023-06-15
0.831,2.701,2.76589837,0.0012048193,2023-06-16
0.828,2.698,2.75591318,-0.0036101083,2023-06-19
0.826,2.696,2.74925638,-0.0024154589,2023-06-20
0.822,2.692,2.73594279,-0.004842615,2023-06-21
0.814,2.684,2.70931561,-0.0097323601,2023-06-26
0.818,2.688,2.7226292,0.0049140049,2023-06-27
0.817,2.687,2.7193008,-0.0012224939,2023-06-28
0.821,2.691,2.73261439,0.0048959608,2023-06-29
0.832,2.702,2.76922677,0.0133982948,2023-06-30
0.83,2.7,2.76256997,-0.0024038462,2023-07-03
0.831,2.701,2.76589837,0.0012048193,2023-07-04
0.819,2.689,2.7259576,-0.0144404332,2023-07-05
0.822,2.692,2.73594279,0.0036630037,2023-07-06
0.818,2.688,2.7226292,-0.00486618,2023-07-07
0.815,2.685,2.71264401,-0.0036674817,2023-07-10
0.827,2.697,2.75258478,0.0147239264,2023-07-11
0.808,2.678,2.68934522,-0.022974607,2023-07-12
0.833,2.703,2.77255516,0.0309405941,2023-07-13
0.839,2.709,2.79252555,0.0072028812,2023-07-14
0.846,2.716,2.81582433,0.0083432658,2023-07-17
0.833,2.703,2.77255516,-0.0153664303,2023-07-18
0.827,2.697,2.75258478,-0.0072028812,2023-07-19
0.793,2.663,2.63941926,-0.0411124547,2023-07-20
0.788,2.658,2.62277727,-0.0063051702,2023-07-21
0.788,2.658,2.62277727,0.0,2023-07-24
0.801,2.671,2.66604644,0.0164974619,2023-07-25
0.792,2.662,2.63609086,-0.0112359551,2023-07-26
0.785,2.655,2.61279208,-0.0088383838,2023-07-27
0.788,2.658,2.62277727,0.0038216561,2023-07-28
0.786,2.656,2.61612048,-0.0025380711,2023-07-31
0.8,2.67,2.66271804,0.0178117048,2023-08-01
0.798,2.668,2.65606125,-0.0025,2023-08-02
0.791,2.661,2.63276247,-0.0087719298,2023-08-03
0.819,2.689,2.7259576,0.0353982301,2023-08-04
0.816,2.686,2.71597241,-0.0036630037,2023-08-07
0.806,2.676,2.68268843,-0.012254902,2023-08-08
0.779,2.649,2.5928217,-0.0334987593,2023-08-09
0.779,2.649,2.5928217,0.0,2023-08-10
0.772,2.642,2.56952291,-0.0089858793,2023-08-11
0.777,2.647,2.5861649,0.0064766839,2023-08-14
0.775,2.645,2.57950811,-0.0025740026,2023-08-15
0.764,2.634,2.54289573,-0.0141935484,2023-08-16
0.765,2.635,2.54622413,0.0013089005,2023-08-17
0.745,2.615,2.47965618,-0.0261437908,2023-08-18
0.746,2.616,2.48298458,0.0013422819,2023-08-21
0.761,2.631,2.53291054,0.0201072386,2023-08-22
0.747,2.617,2.48631297,-0.0183968463,2023-08-23
0.754,2.624,2.50961176,0.0093708166,2023-08-24
0.737,2.607,2.453029,-0.0225464191,2023-08-25
0.74,2.61,2.46301419,0.0040705563,2023-08-28
0.744,2.614,2.47632778,0.0054054054,2023-08-29
0.744,2.614,2.47632778,0.0,2023-08-30
0.743,2.613,2.47299938,-0.001344086,2023-08-31
0.744,2.614,2.47632778,0.001345895,2023-09-01
0.746,2.616,2.48298458,0.002688172,2023-09-04
0.744,2.614,2.47632778,-0.0026809651,2023-09-05
0.744,2.614,2.47632778,0.0,2023-09-06
0.74,2.61,2.46301419,-0.0053763441,2023-09-07
0.738,2.608,2.4563574,-0.0027027027,2023-09-08
0.74,2.61,2.46301419,0.0027100271,2023-09-11
0.737,2.607,2.453029,-0.0040540541,2023-09-12
0.737,2.607,2.453029,0.0,2023-09-13
0.737,2.607,2.453029,0.0,2023-09-14
0.733,2.603,2.43971541,-0.0054274084,2023-09-15
0.734,2.604,2.44304381,0.0013642565,2023-09-18
0.734,2.604,2.44304381,0.0,2023-09-19
0.733,2.603,2.43971541,-0.0013623978,2023-09-20
0.729,2.599,2.42640182,-0.0054570259,2023-09-21
0.733,2.603,2.43971541,0.0054869684,2023-09-22
0.732,2.602,2.43638701,-0.0013642565,2023-09-25
0.73,2.6,2.42973022,-0.0027322404,2023-09-26
0.733,2.603,2.43971541,0.004109589,2023-09-27
0.73,2.6,2.42973022,-0.0040927694,2023-09-28
0.73,2.6,2.42973022,0.0,2023-10-09
0.728,2.598,2.42307342,-0.002739726,2023-10-10
0.727,2.597,2.41974502,-0.0013736264,2023-10-11
0.728,2.598,2.42307342,0.0013755158,2023-10-12
0.725,2.595,2.41308823,-0.0041208791,2023-10-13
0.723,2.593,2.40643143,-0.0027586207,2023-10-16
0.723,2.593,2.40643143,0.0,2023-10-17
0.721,2.591,2.39977464,-0.0027662517,2023-10-18
0.719,2.589,2.39311784,-0.0027739251,2023-10-19
0.718,2.588,2.38978944,-0.0013908206,2023-10-20
0.717,2.587,2.38646105,-0.0013927577,2023-10-23
0.717,2.587,2.38646105,0.0,2023-10-24
0.719,2.589,2.39311784,0.0027894003,2023-10-25
0.721,2.591,2.39977464,0.0027816412,2023-10-26
0.721,2.591,2.39977464,0.0,2023-10-27
0.725,2.595,2.41308823,0.0055478502,2023-10-30
0.725,2.595,2.41308823,0.0,2023-10-31
0.726,2.596,2.41641663,0.0013793103,2023-11-01
0.725,2.595,2.41308823,-0.0013774105,2023-11-02
0.725,2.595,2.41308823,0.0,2023-11-03
0.724,2.594,2.40975983,-0.0013793103,2023-11-06
0.724,2.594,2.40975983,0.0,2023-11-07
0.724,2.594,2.40975983,0.0,2023-11-08
0.724,2.594,2.40975983,0.0,2023-11-09
0.722,2.592,2.40310304,-0.0027624309,2023-11-10
0.72,2.59,2.39644624,-0.0027700831,2023-11-13
0.719,2.589,2.39311784,-0.0013888889,2023-11-14
0.722,2.592,2.40310304,0.0041724618,2023-11-15
0.72,2.59,2.39644624,-0.0027700831,2023-11-16
0.72,2.59,2.39644624,0.0,2023-11-17
0.72,2.59,2.39644624,0.0,2023-11-20
0.723,2.593,2.40643143,0.0041666667,2023-11-21
0.724,2.594,2.40975983,0.0013831259,2023-11-22
0.724,2.594,2.40975983,0.0,2023-11-23
0.725,2.595,2.41308823,0.0013812155,2023-11-24
0.723,2.593,2.40643143,-0.0027586207,2023-11-27
0.721,2.591,2.39977464,-0.0027662517,2023-11-28
0.722,2.592,2.40310304,0.0013869626,2023-11-29
0.723,2.593,2.40643143,0.0013850416,2023-11-30
0.721,2.591,2.39977464,-0.0027662517,2023-12-01
0.718,2.588,2.38978944,-0.0041608877,2023-12-04
0.712,2.582,2.36981906,-0.008356546,2023-12-05
0.712,2.582,2.36981906,0.0,2023-12-06
0.713,2.583,2.37314746,0.0014044944,2023-12-07
0.714,2.584,2.37647585,0.0014025245,2023-12-08
0.714,2.584,2.37647585,0.0,2023-12-11
0.716,2.586,2.38313265,0.0028011204,2023-12-12
0.713,2.583,2.37314746,-0.0041899441,2023-12-13
0.711,2.581,2.36649066,-0.0028050491,2023-12-14
0.711,2.581,2.36649066,0.0,2023-12-15
0.711,2.581,2.36649066,0.0,2023-12-18
0.711,2.581,2.36649066,0.0,2023-12-19
0.71,2.58,2.36316226,-0.0014064698,2023-12-20
0.711,2.581,2.36649066,0.0014084507,2023-12-21
0.71,2.58,2.36316226,-0.0014064698,2023-12-22
0.711,2.581,2.36649066,0.0014084507,2023-12-25
0.711,2.581,2.36649066,0.0,2023-12-26
0.711,2.581,2.36649066,0.0,2023-12-27
0.712,2.582,2.36981906,0.0014064698,2023-12-28
0.712,2.582,2.36981906,0.0,2023-12-29
0.71,2.58,2.36316226,-0.0028089888,2024-01-02
0.71,2.58,2.36316226,0.0,2024-01-03
0.71,2.58,2.36316226,0.0,2024-01-04
0.709,2.579,2.35983387,-0.0014084507,2024-01-05
0.709,2.579,2.35983387,0.0,2024-01-08
0.709,2.579,2.35983387,0.0,2024-01-09
0.709,2.579,2.35983387,0.0,2024-01-10
0.709,2.579,2.35983387,0.0,2024-01-11
0.709,2.579,2.35983387,0.0,2024-01-12
0.709,2.579,2.35983387,0.0,2024-01-15
0.709,2.579,2.35983387,0.0,2024-01-16
0.708,2.578,2.35650547,-0.0014104372,2024-01-17
0.708,2.578,2.35650547,0.0,2024-01-18
0.709,2.579,2.35983387,0.0014124294,2024-01-19
0.708,2.578,2.35650547,-0.0014104372,2024-01-22
0.708,2.578,2.35650547,0.0,2024-01-23
0.707,2.577,2.35317707,-0.0014124294,2024-01-24
0.708,2.578,2.35650547,0.0014144272,2024-01-25
0.707,2.577,2.35317707,-0.0014124294,2024-01-26
0.707,2.577,2.35317707,0.0,2024-01-29
0.707,2.577,2.35317707,0.0,2024-01-30
0.706,2.576,2.34984867,-0.0014144272,2024-01-31
0.706,2.576,2.34984867,0.0,2024-02-01
0.706,2.576,2.34984867,0.0,2024-02-02
0.706,2.576,2.34984867,0.0,2024-02-05
0.707,2.577,2.35317707,0.0014164306,2024-02-06
0.708,2.578,2.35650547,0.0014144272,2024-02-07
0.709,2.579,2.35983387,0.0014124294,2024-02-08
0.71,2.58,2.36316226,0.0014104372,2024-02-19
0.709,2.579,2.35983387,-0.0014084507,2024-02-20
0.713,2.583,2.37314746,0.0056417489,2024-02-21
0.713,2.583,2.37314746,0.0,2024-02-22
0.714,2.584,2.37647585,0.0014025245,2024-02-23
0.714,2.584,2.37647585,0.0,2024-02-26
0.714,2.584,2.37647585,0.0,2024-02-27
0.712,2.582,2.36981906,-0.0028011204,2024-02-28
0.717,2.587,2.38646105,0.0070224719,2024-02-29
0.716,2.586,2.38313265,-0.0013947001,2024-03-01
0.716,2.586,2.38313265,0.0,2024-03-04
0.716,2.586,2.38313265,0.0,2024-03-05
0.716,2.586,2.38313265,0.0,2024-03-06
0.714,2.584,2.37647585,-0.0027932961,2024-03-07
0.717,2.587,2.38646105,0.0042016807,2024-03-08
0.727,2.597,2.41974502,0.0139470014,2024-03-11
0.732,2.602,2.43638701,0.0068775791,2024-03-12
0.73,2.6,2.42973022,-0.0027322404,2024-03-13
0.729,2.599,2.42640182,-0.001369863,2024-03-14
0.729,2.599,2.42640182,0.0,2024-03-15
0.731,2.601,2.43305861,0.0027434842,2024-03-18
0.73,2.6,2.42973022,-0.0013679891,2024-03-19
0.73,2.6,2.42973022,0.0,2024-03-20
0.729,2.599,2.42640182,-0.001369863,2024-03-21
0.725,2.595,2.41308823,-0.0054869684,2024-03-22
0.722,2.592,2.40310304,-0.004137931,2024-03-25
0.725,2.595,2.41308823,0.0041551247,2024-03-26
0.725,2.595,2.41308823,0.0,2024-03-27
0.725,2.595,2.41308823,0.0,2024-03-28
0.727,2.597,2.41974502,0.0027586207,2024-03-29
0.736,2.606,2.4497006,0.0123796424,2024-04-01
0.735,2.605,2.4463722,-0.0013586957,2024-04-02
0.732,2.602,2.43638701,-0.0040816327,2024-04-03
0.725,2.595,2.41308823,-0.0095628415,2024-04-08
0.725,2.595,2.41308823,0.0,2024-04-09
0.722,2.592,2.40310304,-0.004137931,2024-04-10
0.721,2.591,2.39977464,-0.0013850416,2024-04-11
0.718,2.588,2.38978944,-0.0041608877,2024-04-12
0.72,2.59,2.39644624,0.0027855153,2024-04-15
0.717,2.587,2.38646105,-0.0041666667,2024-04-16
0.72,2.59,2.39644624,0.0041841004,2024-04-17
0.721,2.591,2.39977464,0.0013888889,2024-04-18
0.718,2.588,2.38978944,-0.0041608877,2024-04-19
0.718,2.588,2.38978944,0.0,2024-04-22
0.717,2.587,2.38646105,-0.0013927577,2024-04-23
0.721,2.591,2.39977464,0.0055788006,2024-04-24
0.721,2.591,2.39977464,0.0,2024-04-25
0.723,2.593,2.40643143,0.0027739251,2024-04-26
0.729,2.599,2.42640182,0.0082987552,2024-04-29
0.727,2.597,2.41974502,-0.0027434842,2024-04-30
0.732,2.602,2.43638701,0.0068775791,2024-05-06
0.731,2.601,2.43305861,-0.0013661202,2024-05-07
0.725,2.595,2.41308823,-0.0082079343,2024-05-08
0.729,2.599,2.42640182,0.0055172414,2024-05-09
0.728,2.598,2.42307342,-0.0013717421,2024-05-10
0.721,2.591,2.39977464,-0.0096153846,2024-05-13
0.719,2.589,2.39311784,-0.0027739251,2024-05-14
0.718,2.588,2.38978944,-0.0013908206,2024-05-15
0.719,2.589,2.39311784,0.0013927577,2024-05-16
0.718,2.588,2.38978944,-0.0013908206,2024-05-17
0.722,2.592,2.40310304,0.0055710306,2024-05-20
0.718,2.588,2.38978944,-0.0055401662,2024-05-21
0.718,2.588,2.38978944,0.0,2024-05-22
0.715,2.585,2.37980425,-0.004178273,2024-05-23
0.712,2.582,2.36981906,-0.0041958042,2024-05-24
0.715,2.585,2.37980425,0.0042134831,2024-05-27
0.712,2.582,2.36981906,-0.0041958042,2024-05-28
0.712,2.582,2.36981906,0.0,2024-05-29
0.71,2.58,2.36316226,-0.0028089888,2024-05-30
0.71,2.58,2.36316226,0.0,2024-05-31
0.71,2.58,2.36316226,0.0,2024-06-03
0.715,2.585,2.37980425,0.0070422535,2024-06-04
0.712,2.582,2.36981906,-0.0041958042,2024-06-05
0.711,2.581,2.36649066,-0.0014044944,2024-06-06
0.708,2.578,2.35650547,-0.0042194093,2024-06-07
0.704,2.574,2.34319188,-0.0056497175,2024-06-11
0.705,2.575,2.34652028,0.0014204545,2024-06-12
0.707,2.577,2.35317707,0.0028368794,2024-06-13
0.703,2.573,2.33986348,-0.0056577086,2024-06-14
0.7,2.57,2.32987829,-0.0042674253,2024-06-17
0.703,2.573,2.33986348,0.0042857143,2024-06-18
0.709,2.579,2.35983387,0.0085348506,2024-06-19
0.711,2.581,2.36649066,0.0028208745,2024-06-20
0.706,2.576,2.34984867,-0.0070323488,2024-06-21
0.705,2.575,2.34652028,-0.0014164306,2024-06-24
0.706,2.576,2.34984867,0.0014184397,2024-06-25
0.705,2.575,2.34652028,-0.0014164306,2024-06-26
0.698,2.568,2.32322149,-0.009929078,2024-06-27
0.705,2.575,2.34652028,0.0100286533,2024-06-28
0.707,2.577,2.35317707,0.0028368794,2024-07-01
0.709,2.579,2.35983387,0.0028288543,2024-07-02
0.712,2.582,2.36981906,0.0042313117,2024-07-03
0.711,2.581,2.36649066,-0.0014044944,2024-07-04
0.709,2.579,2.35983387,-0.0028129395,2024-07-05
0.705,2.575,2.34652028,-0.0056417489,2024-07-08
0.702,2.572,2.33653508,-0.0042553191,2024-07-09
0.694,2.564,2.3099079,-0.0113960114,2024-07-10
0.698,2.568,2.32322149,0.0057636888,2024-07-11
0.698,2.568,2.32322149,0.0,2024-07-12
0.697,2.567,2.3198931,-0.0014326648,2024-07-15
0.7,2.57,2.32987829,0.0043041607,2024-07-16
0.689,2.559,2.29326592,-0.0157142857,2024-07-17
0.697,2.567,2.3198931,0.0116110305,2024-07-18
0.697,2.567,2.3198931,0.0,2024-07-19
0.698,2.568,2.32322149,0.0014347202,2024-07-22
0.693,2.563,2.30657951,-0.0071633238,2024-07-23
0.692,2.562,2.30325111,-0.0014430014,2024-07-24
0.696,2.566,2.3165647,0.0057803468,2024-07-25
0.687,2.557,2.28660912,-0.0129310345,2024-07-26
0.683,2.553,2.27329553,-0.0058224163,2024-07-29
0.681,2.551,2.26663874,-0.0029282577,2024-07-30
0.686,2.556,2.28328072,0.0073421439,2024-07-31
0.686,2.556,2.28328072,0.0,2024-08-01
0.683,2.553,2.27329553,-0.0043731778,2024-08-02
0.679,2.549,2.25998194,-0.0058565154,2024-08-05
0.688,2.558,2.28993752,0.0132547865,2024-08-06
0.69,2.56,2.29659431,0.0029069767,2024-08-07
0.689,2.559,2.29326592,-0.0014492754,2024-08-08
0.689,2.559,2.29326592,0.0,2024-08-09
0.688,2.558,2.28993752,-0.0014513788,2024-08-12
0.695,2.565,2.3132363,0.0101744186,2024-08-13
0.69,2.56,2.29659431,-0.0071942446,2024-08-14
0.691,2.561,2.29992271,0.0014492754,2024-08-15
0.689,2.559,2.29326592,-0.002894356,2024-08-16
0.692,2.562,2.30325111,0.0043541364,2024-08-19
0.689,2.559,2.29326592,-0.0043352601,2024-08-20
0.683,2.553,2.27329553,-0.0087082729,2024-08-21
0.681,2.551,2.26663874,-0.0029282577,2024-08-22
0.681,2.551,2.26663874,0.0,2024-08-23
0.686,2.556,2.28328072,0.0073421439,2024-08-26
0.685,2.555,2.27995233,-0.0014577259,2024-08-27
0.6835,2.5535,2.27495973,-0.002189781,2024-08-28
0.6959,2.5659,2.31623186,0.0181419166,2024-08-29
0.6956,2.5656,2.31523334,-0.0004310964,2024-08-30
0.6951,2.5651,2.31356914,-0.0007188039,2024-09-02
0.695,2.565,2.3132363,-0.0001438642,2024-09-03
0.6926,2.5626,2.30524815,-0.0034532374,2024-09-04
0.6939,2.5639,2.30957506,0.0018769853,2024-09-05
0.6892,2.5592,2.2939316,-0.0067733103,2024-09-06
0.6869,2.5569,2.28627628,-0.0033372026,2024-09-09
0.6878,2.5578,2.28927184,0.0013102344,2024-09-10
0.6923,2.5623,2.30424963,0.0065425996,2024-09-11
0.6925,2.5625,2.30491531,0.0002888921,2024-09-12
0.6902,2.5602,2.29725999,-0.0033212996,2024-09-13
0.6922,2.5622,2.30391679,0.0028977108,2024-09-18
0.6928,2.5628,2.30591383,0.0008668015,2024-09-19
0.6924,2.5624,2.30458247,-0.0005773672,2024-09-20
0.692,2.562,2.30325111,-0.0005777008,2024-09-23
0.7022,2.5722,2.33720076,0.0147398844,2024-09-24
0.7024,2.5724,2.33786644,0.0002848191,2024-09-25
0.7112,2.5812,2.36715634,0.0125284738,2024-09-26
0.7195,2.5895,2.39478204,0.0116704162,2024-09-27
0.7512,2.6212,2.50029224,0.0440583739,2024-09-30
0.7675,2.6375,2.55454512,0.0216986155,2024-10-08
0.7155,2.5855,2.38146845,-0.067752443,2024-10-09
0.7245,2.5945,2.41142403,0.0125786164,2024-10-10
0.7187,2.5887,2.39211932,-0.008005521,2024-10-11
0.7266,2.5966,2.41841366,0.010992069,2024-10-14
0.7165,2.5865,2.38479685,-0.0139003578,2024-10-15
0.7121,2.5821,2.3701519,-0.006140963,2024-10-16
0.7108,2.5808,2.36582498,-0.0018255863,2024-10-17
0.7168,2.5868,2.38579537,0.008441193,2024-10-18
0.7203,2.5903,2.39744476,0.0048828125,2024-10-21
0.726,2.596,2.41641663,0.0079133694,2024-10-22
0.728,2.598,2.42307342,0.0027548209,2024-10-23
0.717,2.587,2.38646105,-0.0151098901,2024-10-24
0.726,2.596,2.41641663,0.0125523013,2024-10-25
0.7227,2.5927,2.40543291,-0.0045454545,2024-10-28
0.7239,2.5939,2.40942699,0.00166044,2024-10-29
0.7243,2.5943,2.41075835,0.0005525625,2024-10-30
0.7233,2.5933,2.40742995,-0.0013806434,2024-10-31
0.7206,2.5906,2.39844328,-0.0037328909,2024-11-01
0.7292,2.5992,2.4270675,0.011934499,2024-11-04
0.7347,2.6047,2.44537368,0.0075425123,2024-11-05
0.7367,2.6067,2.45203048,0.0027221995,2024-11-06
0.7283,2.5983,2.42407194,-0.011402199,2024-11-07
0.7201,2.5901,2.39677908,-0.0112590965,2024-11-08
0.7216,2.5916,2.40177168,0.002083044,2024-11-11
0.7156,2.5856,2.38180129,-0.0083148559,2024-11-12
0.7182,2.5882,2.39045512,0.0036333147,2024-11-13
0.7113,2.5813,2.36748918,-0.0096073517,2024-11-14
0.704,2.574,2.34319188,-0.0102628989,2024-11-15
0.698,2.568,2.32322149,-0.0085227273,2024-11-18
0.7083,2.5783,2.35750399,0.014756447,2024-11-19
0.7109,2.5809,2.36615782,0.003670761,2024-11-20
0.7107,2.5807,2.36549214,-0.0002813335,2024-11-21
0.6969,2.5669,2.31956026,-0.0194174757,2024-11-22
0.6955,2.5655,2.3149005,-0.0020088965,2024-11-25
0.693,2.563,2.30657951,-0.0035945363,2024-11-26
0.6975,2.5675,2.32155729,0.0064935065,2024-11-27
0.6939,2.5639,2.30957506,-0.0051612903,2024-11-28
0.7007,2.5707,2.33220817,0.009799683,2024-11-29
0.7022,2.5722,2.33720076,0.0021407164,2024-12-02
0.7035,2.5735,2.34152768,0.0018513244,2024-12-03
0.6978,2.5678,2.32255581,-0.0081023454,2024-12-04
0.6975,2.5675,2.32155729,-0.0004299226,2024-12-05
0.7011,2.5711,2.33353953,0.0051612903,2024-12-06
0.6996,2.5696,2.32854693,-0.0021394951,2024-12-09
0.698,2.568,2.32322149,-0.0022870212,2024-12-10
0.6964,2.5664,2.31789606,-0.0022922636,2024-12-11
0.7013,2.5713,2.33420521,0.0070361861,2024-12-12
0.6919,2.5619,2.30291827,-0.0134036789,2024-12-13
0.6908,2.5608,2.29925703,-0.0015898251,2024-12-16
0.6897,2.5597,2.29559579,-0.0015923567,2024-12-17
0.6898,2.5598,2.29592863,0.0001449906,2024-12-18
0.6887,2.5587,2.2922674,-0.0015946651,2024-12-19
0.6832,2.5532,2.27396121,-0.0079860607,2024-12-20
0.6865,2.5565,2.28494492,0.0048302108,2024-12-23
0.6918,2.5618,2.30258543,0.0077203205,2024-12-24
0.6855,2.5555,2.28161652,-0.0091066782,2024-12-25
0.6853,2.5553,2.28095084,-0.0002917578,2024-12-26
0.6823,2.5523,2.27096565,-0.0043776448,2024-12-27
0.6879,2.5579,2.28960468,0.0082075333,2024-12-30
0.6869,2.5569,2.28627628,-0.0014536997,2024-12-31
0.6777,2.5477,2.25565502,-0.0133935071,2025-01-02
0.6754,2.5454,2.24799971,-0.0033938321,2025-01-03
0.6792,2.5492,2.26064762,0.0056262955,2025-01-06
0.6827,2.5527,2.27229701,0.0051531213,2025-01-07
0.6879,2.5579,2.28960468,0.0076168156,2025-01-08
0.6873,2.5573,2.28760764,-0.0008722198,2025-01-09
0.6827,2.5527,2.27229701,-0.0066928561,2025-01-10
0.6803,2.5503,2.26430886,-0.0035154533,2025-01-13
0.6844,2.5544,2.27795529,0.0060267529,2025-01-14
0.6857,2.5557,2.2822822,0.001899474,2025-01-15
0.6877,2.5577,2.288939,0.0029167274,2025-01-16
0.6914,2.5614,2.30125407,0.005380253,2025-01-17
0.6966,2.5666,2.31856174,0.0075209719,2025-01-20
0.6951,2.5651,2.31356914,-0.0021533161,2025-01-21
0.6877,2.5577,2.288939,-0.0106459502,2025-01-22
0.6862,2.5562,2.2839464,-0.0021811837,2025-01-23
0.6876,2.5576,2.28860616,0.0020402215,2025-01-24
0.6938,2.5638,2.30924222,0.0090168703,2025-01-27
0.6858,2.5558,2.28261504,-0.0115307005,2025-02-05
0.6861,2.5561,2.28361356,0.0004374453,2025-02-06
0.6909,2.5609,2.29958987,0.0069960647,2025-02-07
0.689,2.559,2.29326592,-0.0027500362,2025-02-10
0.6909,2.5609,2.29958987,0.0027576197,2025-02-11
0.6964,2.5664,2.31789606,0.0079606311,2025-02-12
0.6851,2.5551,2.28028517,-0.0162263067,2025-02-13
0.6875,2.5575,2.28827332,0.0035031382,2025-02-14
0.6993,2.5693,2.32754841,0.0171636364,2025-02-17
0.6991,2.5691,2.32688273,-0.0002860003,2025-02-18
0.7097,2.5797,2.36216375,0.0151623516,2025-02-19
0.7162,2.5862,2.38379833,0.0091587995,2025-02-20
0.728,2.598,2.42307342,0.0164758447,2025-02-21
0.7245,2.5945,2.41142403,-0.0048076923,2025-02-24
0.7223,2.5923,2.40410155,-0.0030365769,2025-02-25
0.7227,2.5927,2.40543291,0.0005537865,2025-02-26
0.7161,2.5861,2.38346549,-0.0091324201,2025-02-27
0.6953,2.5653,2.31423482,-0.0290462226,2025-02-28
0.6949,2.5649,2.31290346,-0.0005752912,2025-03-03
0.6988,2.5688,2.32588421,0.0056123183,2025-03-04
0.7072,2.5772,2.35384275,0.0120206068,2025-03-05
0.709,2.579,2.35983387,0.0025452489,2025-03-06
0.7077,2.5777,2.35550695,-0.0018335684,2025-03-07
0.7072,2.5772,2.35384275,-0.0007065141,2025-03-10
0.7064,2.5764,2.35118003,-0.0011312217,2025-03-11
0.7091,2.5791,2.36016671,0.0038221971,2025-03-12
0.7007,2.5707,2.33220817,-0.011846002,2025-03-13
0.7186,2.5886,2.39178648,0.0255458827,2025-03-14
0.7272,2.5972,2.4204107,0.011967715,2025-03-17
0.7303,2.6003,2.43072873,0.0042629263,2025-03-18
0.7272,2.5972,2.4204107,-0.0042448309,2025-03-19
0.7264,2.5964,2.41774798,-0.00110011,2025-03-20
0.7175,2.5875,2.38812525,-0.0122522026,2025-03-21
0.7287,2.5987,2.4254033,0.0156097561,2025-03-24
0.7206,2.5906,2.39844328,-0.0111156855,2025-03-25
0.7233,2.5933,2.40742995,0.0037468776,2025-03-26
0.7208,2.5908,2.39910896,-0.0034563805,2025-03-27
0.7191,2.5891,2.39345068,-0.0023584906,2025-03-28
0.7178,2.5878,2.38912377,-0.0018078153,2025-03-31
0.7159,2.5859,2.38279981,-0.0026469769,2025-04-01
0.7269,2.5969,2.41941218,0.0153652745,2025-04-02
0.7049,2.5749,2.34618744,-0.0302655111,2025-04-03
0.67,2.54,2.23002636,-0.0495105689,2025-04-07
0.6731,2.5431,2.24034439,0.0046268657,2025-04-08
0.6766,2.5466,2.25199379,0.0051998217,2025-04-09
0.6858,2.5558,2.28261504,0.0135973988,2025-04-10
0.6929,2.5629,2.30624667,0.0103528726,2025-04-11
0.692,2.562,2.30325111,-0.0012988887,2025-04-14
0.6922,2.5622,2.30391679,0.0002890173,2025-04-15
0.688,2.558,2.28993752,-0.0060676105,2025-04-16
0.6874,2.5574,2.28794048,-0.000872093,2025-04-17
0.6894,2.5594,2.29459727,0.0029095141,2025-04-18
0.6929,2.5629,2.30624667,0.0050768784,2025-04-21
0.6965,2.5665,2.3182289,0.0051955549,2025-04-22
0.7006,2.5706,2.33187533,0.0058865757,2025-04-23
0.6999,2.5699,2.32954545,-0.0009991436,2025-04-24
0.7018,2.5718,2.3358694,0.0027146735,2025-04-25
0.6999,2.5699,2.32954545,-0.002707324,2025-04-28
0.7046,2.5746,2.34518892,0.006715245,2025-04-29
0.7037,2.5737,2.34219336,-0.0012773205,2025-04-30
0.7095,2.5795,2.36149807,0.0082421486,2025-05-06
0.7107,2.5807,2.36549214,0.0016913319,2025-05-07
0.7146,2.5846,2.37847289,0.0054875475,2025-05-08
0.7168,2.5868,2.38579537,0.0030786454,2025-05-09
0.7214,2.5914,2.401106,0.0064174107,2025-05-12
0.7229,2.5929,2.40609859,0.0020792903,2025-05-13
0.7273,2.5973,2.42074354,0.0060865957,2025-05-14
0.7245,2.5945,2.41142403,-0.0038498556,2025-05-15
0.725,2.595,2.41308823,0.0006901311,2025-05-16
0.7236,2.5936,2.40842847,-0.0019310345,2025-05-19
0.7299,2.5999,2.42939738,0.0087064677,2025-05-20
0.7341,2.6041,2.44337665,0.0057542129,2025-05-21
0.7365,2.6065,2.4513648,0.0032693094,2025-05-23
0.7246,2.5946,2.41175687,-0.0161575017,2025-05-30
0.7412,2.6112,2.46700827,0.0229091913,2025-06-06
0.7553,2.6253,2.51393867,0.0190232056,2025-06-13
0.7413,2.6113,2.46734111,-0.0185356812,2025-06-20
0.7627,2.6327,2.53856882,0.0288682045,2025-06-27
0.7915,2.6615,2.63442667,0.0377605874,2025-07-04
0.8041,2.6741,2.67636447,0.0159191409,2025-07-11
0.8294,2.6994,2.76057293,0.0314637483,2025-07-18
0.8283,2.6983,2.7569117,-0.0013262599,2025-07-25
0.8369,2.7069,2.78553591,0.0103827116,2025-08-01
0.8488,2.7188,2.82514385,0.0142191421,2025-08-08
0.8714,2.7414,2.90036563,0.0266258247,2025-08-15
0.8829,2.7529,2.9386422,0.013197154,2025-08-22
0.8881,2.7581,2.95594987,0.0058896817,2025-08-29
0.8938,2.7638,2.97492174,0.0064181961,2025-09-05
0.925,2.795,3.07876774,0.0349071381,2025-09-12
0.925,2.795,3.07876774,0.0,2025-09-19
0.9109,2.7809,3.03183733,-0.0152432432,2025-09-26
0.9399,2.8099,3.12836086,0.0318366451,2025-09-30
0.9239,2.7939,3.0751065,-0.0170230876,2025-10-10
0.8757,2.7457,2.91467774,-0.0521701483,2025-10-17
0.8883,2.7583,2.95661555,0.0143884892,2025-10-24
0.8941,2.7641,2.97592025,0.0065293257,2025-10-31
0.9291,2.7991,3.09241417,0.0391455095,2025-11-07
0.9142,2.7842,3.04282105,-0.0160370251,2025-11-14
0.8307,2.7007,2.76489985,-0.0913366878,2025-11-21
0.8682,2.7382,2.88971476,0.0451426508,2025-11-28
0.8963,2.7663,2.98324273,0.0323658143,2025-12-05
0.9058,2.7758,3.01486251,0.0105991298,2025-12-12
0.8634,2.7334,2.87373845,-0.0468094502,2025-12-19
0.8877,2.7577,2.95461851,0.0281445448,2025-12-26
0.8799,2.7499,2.92865701,-0.0087867523,2025-12-31
0.8867,2.7567,2.95129011,0.0077281509,2026-01-09
0.8942,2.7642,2.97625309,0.0084583286,2026-01-16
0.9341,2.8041,3.10905616,0.0446208902,2026-01-23
0.9361,2.8061,3.11571295,0.0021410984,2026-01-30
0.9211,2.7911,3.06578699,-0.0160239291,2026-02-06
0.9186,2.7886,3.05746599,-0.0027141461,2026-02-13
0.9536,2.8236,3.17395991,0.0381014587,2026-02-27
0.9361,2.8061,3.11571295,-0.0183515101,2026-03-06
0.945,2.815,3.14533569,0.0095075312,2026-03-13
0.8837,2.7537,2.94130492,-0.0648677249,2026-03-20
0.8813,2.7513,2.93331677,-0.0027158538,2026-03-27
0.8792,2.7492,2.92632713,-0.0023828435,2026-04-03
0.925,2.795,3.07876774,0.0520928116,2026-04-10
0.9488,2.8188,3.1579836,0.0257297297,2026-04-17
0.946,2.816,3.14866409,-0.0029510961,2026-04-24
0.928,2.798,3.08875293,-0.0190274841,2026-04-30
0.9478,2.8178,3.1546552,0.0213362069,2026-05-08
0.9186,2.7886,3.05746599,-0.0308081874,2026-05-15
0.929,2.799,3.09208133,0.0113215763,2026-05-22
