nav,cumulative_nav_withdrawal,cumulative_nav,price_change,price_date
1.0,1.0,1.0,0.0,2015-09-01
1.0,1.0,1.0,0.0,2015-09-02
1.0,1.0,1.0,0.0,2015-09-04
1.0,1.0,1.0,0.0,2015-09-07
1.0,1.0,1.0,0.0,2015-09-08
1.0,1.0,1.0,0.0,2015-09-09
1.0,1.0,1.0,0.0,2015-09-10
1.0,1.0,1.0,0.0,2015-09-11
1.0,1.0,1.0,0.0,2015-09-14
1.0,1.0,1.0,0.0,2015-09-15
1.0,1.0,1.0,0.0,2015-09-16
1.0,1.0,1.0,0.0,2015-09-17
1.0,1.0,1.0,0.0,2015-09-18
1.0,1.0,1.0,0.0,2015-09-21
1.0,1.0,1.0,0.0,2015-09-22
1.0,1.0,1.0,0.0,2015-09-23
1.0,1.0,1.0,0.0,2015-09-24
1.0,1.0,1.0,0.0,2015-09-25
1.0,1.0,1.0,0.0,2015-09-28
1.0,1.0,1.0,0.0,2015-09-29
1.0,1.0,1.0,0.0,2015-09-30
1.0,1.0,1.0,0.0,2015-10-02
1.0,1.0,1.0,0.0,2015-10-08
1.0,1.0,1.0,0.0,2015-10-09
1.0,1.0,1.0,0.0,2015-10-12
1.0,1.0,1.0,0.0,2015-10-13
1.0,1.0,1.0,0.0,2015-10-14
1.0,1.0,1.0,0.0,2015-10-15
1.0,1.0,1.0,0.0,2015-10-16
1.0,1.0,1.0,0.0,2015-10-19
1.0,1.0,1.0,0.0,2015-10-20
1.0,1.0,1.0,0.0,2015-10-21
1.0,1.0,1.0,0.0,2015-10-22
1.0,1.0,1.0,0.0,2015-10-23
1.0,1.0,1.0,0.0,2015-10-26
1.0,1.0,1.0,0.0,2015-10-27
0.999,0.999,0.999,-0.001,2015-10-28
0.999,0.999,0.999,0.0,2015-10-29
0.999,0.999,0.999,0.0,2015-10-30
0.999,0.999,0.999,0.0,2015-11-02
0.999,0.999,0.999,0.0,2015-11-03
0.999,0.999,0.999,0.0,2015-11-04
0.999,0.999,0.999,0.0,2015-11-05
0.999,0.999,0.999,0.0,2015-11-06
0.999,0.999,0.999,0.0,2015-11-09
0.999,0.999,0.999,0.0,2015-11-10
0.999,0.999,0.999,0.0,2015-11-11
0.999,0.999,0.999,0.0,2015-11-12
0.999,0.999,0.999,0.0,2015-11-13
0.999,0.999,0.999,0.0,2015-11-16
0.999,0.999,0.999,0.0,2015-11-17
0.999,0.999,0.999,0.0,2015-11-18
0.999,0.999,0.999,0.0,2015-11-19
0.999,0.999,0.999,0.0,2015-11-20
0.999,0.999,0.999,0.0,2015-11-23
0.999,0.999,0.999,0.0,2015-11-24
0.999,0.999,0.999,0.0,2015-11-25
0.999,0.999,0.999,0.0,2015-11-26
0.999,0.999,0.999,0.0,2015-11-27
0.999,0.999,0.999,0.0,2015-11-30
0.999,0.999,0.999,0.0,2015-12-01
0.999,0.999,0.999,0.0,2015-12-02
0.999,0.999,0.999,0.0,2015-12-03
0.999,0.999,0.999,0.0,2015-12-04
0.999,0.999,0.999,0.0,2015-12-07
0.999,0.999,0.999,0.0,2015-12-08
0.999,0.999,0.999,0.0,2015-12-09
0.999,0.999,0.999,0.0,2015-12-10
0.999,0.999,0.999,0.0,2015-12-11
0.999,0.999,0.999,0.0,2015-12-14
0.999,0.999,0.999,0.0,2015-12-15
0.999,0.999,0.999,0.0,2015-12-16
0.999,0.999,0.999,0.0,2015-12-17
0.999,0.999,0.999,0.0,2015-12-18
0.999,0.999,0.999,0.0,2015-12-21
0.999,0.999,0.999,0.0,2015-12-22
0.999,0.999,0.999,0.0,2015-12-23
1.0,1.0,1.0,0.001001001,2015-12-24
1.006,1.006,1.006,0.006,2015-12-25
1.004,1.004,1.004,-0.0019880716,2015-12-28
1.002,1.002,1.002,-0.0019920319,2015-12-29
1.002,1.002,1.002,0.0,2015-12-30
0.996,0.996,0.996,-0.005988024,2015-12-31
0.996,0.996,0.996,0.0,2016-01-01
0.974,0.974,0.974,-0.0220883534,2016-01-04
0.971,0.971,0.971,-0.0030800821,2016-01-05
0.981,0.981,0.981,0.0102986612,2016-01-06
0.946,0.946,0.946,-0.0356778797,2016-01-07
0.957,0.957,0.957,0.011627907,2016-01-08
0.932,0.932,0.932,-0.026123302,2016-01-11
0.934,0.934,0.934,0.0021459227,2016-01-12
0.933,0.933,0.933,-0.0010706638,2016-01-13
0.946,0.946,0.946,0.0139335477,2016-01-14
0.935,0.935,0.935,-0.011627907,2016-01-15
0.935,0.935,0.935,0.0,2016-01-18
0.949,0.949,0.949,0.014973262,2016-01-19
0.938,0.938,0.938,-0.0115911486,2016-01-20
0.917,0.917,0.917,-0.0223880597,2016-01-21
0.925,0.925,0.925,0.0087241003,2016-01-22
0.93,0.93,0.93,0.0054054054,2016-01-25
0.904,0.904,0.904,-0.0279569892,2016-01-26
0.903,0.903,0.903,-0.0011061947,2016-01-27
0.895,0.895,0.895,-0.0088593577,2016-01-28
0.907,0.907,0.907,0.0134078212,2016-01-29
0.898,0.898,0.898,-0.0099228225,2016-02-01
0.909,0.909,0.909,0.0122494432,2016-02-02
0.907,0.907,0.907,-0.00220022,2016-02-03
0.913,0.913,0.913,0.006615215,2016-02-04
0.912,0.912,0.912,-0.0010952903,2016-02-05
0.912,0.912,0.912,0.0,2016-02-12
0.911,0.911,0.911,-0.0010964912,2016-02-15
0.924,0.924,0.924,0.0142700329,2016-02-16
0.925,0.925,0.925,0.0010822511,2016-02-17
0.922,0.922,0.922,-0.0032432432,2016-02-18
0.924,0.924,0.924,0.0021691974,2016-02-19
0.935,0.935,0.935,0.0119047619,2016-02-22
0.934,0.934,0.934,-0.0010695187,2016-02-23
0.938,0.938,0.938,0.0042826552,2016-02-24
0.914,0.914,0.914,-0.0255863539,2016-02-25
0.917,0.917,0.917,0.0032822757,2016-02-26
0.908,0.908,0.908,-0.0098146129,2016-02-29
0.915,0.915,0.915,0.0077092511,2016-03-01
0.945,0.945,0.945,0.0327868852,2016-03-02
0.948,0.948,0.948,0.0031746032,2016-03-03
0.95,0.95,0.95,0.0021097046,2016-03-04
0.951,0.951,0.951,0.0010526316,2016-03-07
0.948,0.948,0.948,-0.0031545741,2016-03-08
0.939,0.939,0.939,-0.0094936709,2016-03-09
0.93,0.93,0.93,-0.0095846645,2016-03-10
0.931,0.931,0.931,0.0010752688,2016-03-11
0.944,0.944,0.944,0.0139634801,2016-03-14
0.951,0.951,0.951,0.0074152542,2016-03-15
0.951,0.951,0.951,0.0,2016-03-16
0.956,0.956,0.956,0.0052576236,2016-03-17
0.958,0.958,0.958,0.0020920502,2016-03-18
0.959,0.959,0.959,0.0010438413,2016-03-21
0.957,0.957,0.957,-0.0020855057,2016-03-22
0.956,0.956,0.956,-0.0010449321,2016-03-23
0.948,0.948,0.948,-0.0083682008,2016-03-24
0.951,0.951,0.951,0.003164557,2016-03-25
0.956,0.956,0.956,0.0052576236,2016-03-28
0.949,0.949,0.949,-0.0073221757,2016-03-29
0.956,0.956,0.956,0.0073761855,2016-03-30
0.958,0.958,0.958,0.0020920502,2016-03-31
0.957,0.957,0.957,-0.0010438413,2016-04-01
0.969,0.969,0.969,0.012539185,2016-04-05
0.967,0.967,0.967,-0.0020639835,2016-04-06
0.963,0.963,0.963,-0.0041365047,2016-04-07
0.966,0.966,0.966,0.0031152648,2016-04-08
0.986,0.986,0.986,0.0207039337,2016-04-11
0.982,0.982,0.982,-0.0040567951,2016-04-12
0.987,0.987,0.987,0.0050916497,2016-04-13
0.991,0.991,0.991,0.0040526849,2016-04-14
0.988,0.988,0.988,-0.0030272452,2016-04-15
0.987,0.987,0.987,-0.0010121457,2016-04-18
0.999,0.999,0.999,0.0121580547,2016-04-19
0.992,0.992,0.992,-0.007007007,2016-04-20
0.992,0.992,0.992,0.0,2016-04-21
0.994,0.994,0.994,0.002016129,2016-04-22
0.99,0.99,0.99,-0.0040241449,2016-04-25
0.984,0.984,0.984,-0.0060606061,2016-04-26
0.991,0.991,0.991,0.0071138211,2016-04-27
0.993,0.993,0.993,0.0020181635,2016-04-28
0.993,0.993,0.993,0.0,2016-04-29
0.999,0.999,0.999,0.0060422961,2016-05-03
0.995,0.995,0.995,-0.004004004,2016-05-04
0.991,0.991,0.991,-0.0040201005,2016-05-05
0.985,0.985,0.985,-0.0060544904,2016-05-06
0.984,0.984,0.984,-0.0010152284,2016-05-09
0.991,0.991,0.991,0.0071138211,2016-05-10
0.999,0.999,0.999,0.0080726539,2016-05-11
1.001,1.001,1.001,0.002002002,2016-05-12
1.004,1.004,1.004,0.002997003,2016-05-13
1.014,1.014,1.014,0.0099601594,2016-05-16
1.016,1.016,1.016,0.0019723866,2016-05-17
1.01,1.01,1.01,-0.0059055118,2016-05-18
1.006,1.006,1.006,-0.003960396,2016-05-19
1.011,1.011,1.011,0.0049701789,2016-05-20
1.009,1.009,1.009,-0.0019782394,2016-05-23
1.004,1.004,1.004,-0.0049554014,2016-05-24
1.007,1.007,1.007,0.0029880478,2016-05-25
1.01,1.01,1.01,0.002979146,2016-05-26
1.032,1.032,1.032,0.0217821782,2016-05-27
1.04,1.04,1.04,0.007751938,2016-05-30
1.055,1.055,1.055,0.0144230769,2016-05-31
1.044,1.044,1.044,-0.0104265403,2016-06-01
1.047,1.047,1.047,0.0028735632,2016-06-02
1.054,1.054,1.054,0.0066857689,2016-06-03
1.061,1.061,1.061,0.0066413662,2016-06-06
1.067,1.067,1.067,0.0056550424,2016-06-07
1.069,1.069,1.069,0.0018744142,2016-06-08
1.049,1.049,1.049,-0.0187090739,2016-06-13
1.044,1.044,1.044,-0.0047664442,2016-06-14
1.057,1.057,1.057,0.0124521073,2016-06-15
1.044,1.044,1.044,-0.0122989593,2016-06-16
1.045,1.045,1.045,0.0009578544,2016-06-17
1.051,1.051,1.051,0.0057416268,2016-06-20
1.05,1.05,1.05,-0.0009514748,2016-06-21
1.056,1.056,1.056,0.0057142857,2016-06-22
1.057,1.057,1.057,0.0009469697,2016-06-23
1.046,1.046,1.046,-0.0104068117,2016-06-24
1.051,1.051,1.051,0.0047801147,2016-06-27
1.055,1.055,1.055,0.0038058991,2016-06-28
1.076,1.076,1.076,0.0199052133,2016-06-29
1.084,1.084,1.084,0.0074349442,2016-06-30
1.085,1.085,1.085,0.0009225092,2016-07-01
1.092,1.092,1.092,0.0064516129,2016-07-04
1.082,1.082,1.082,-0.0091575092,2016-07-05
1.077,1.077,1.077,-0.0046210721,2016-07-06
1.094,1.094,1.094,0.0157845868,2016-07-07
1.092,1.092,1.092,-0.0018281536,2016-07-08
1.095,1.095,1.095,0.0027472527,2016-07-11
1.11,1.11,1.11,0.0136986301,2016-07-12
1.109,1.109,1.109,-0.0009009009,2016-07-13
1.118,1.118,1.118,0.0081154193,2016-07-14
1.118,1.118,1.118,0.0,2016-07-15
1.119,1.119,1.119,0.0008944544,2016-07-18
1.114,1.114,1.114,-0.0044682752,2016-07-19
1.114,1.114,1.114,0.0,2016-07-20
1.105,1.105,1.105,-0.0080789946,2016-07-21
1.102,1.102,1.102,-0.0027149321,2016-07-22
1.11,1.11,1.11,0.0072595281,2016-07-25
1.112,1.112,1.112,0.0018018018,2016-07-26
1.106,1.106,1.106,-0.0053956835,2016-07-27
1.105,1.105,1.105,-0.0009041591,2016-07-28
1.091,1.091,1.091,-0.0126696833,2016-07-29
1.093,1.093,1.093,0.0018331806,2016-08-01
1.093,1.093,1.093,0.0,2016-08-02
1.09,1.09,1.09,-0.0027447392,2016-08-03
1.096,1.096,1.096,0.0055045872,2016-08-04
1.102,1.102,1.102,0.0054744526,2016-08-05
1.107,1.107,1.107,0.0045372051,2016-08-08
1.117,1.117,1.117,0.0090334237,2016-08-09
1.13,1.13,1.13,0.0116383169,2016-08-10
1.141,1.141,1.141,0.0097345133,2016-08-11
1.136,1.136,1.136,-0.0043821209,2016-08-12
1.146,1.146,1.146,0.0088028169,2016-08-15
1.144,1.144,1.144,-0.0017452007,2016-08-16
1.144,1.144,1.144,0.0,2016-08-17
1.144,1.144,1.144,0.0,2016-08-18
1.16,1.16,1.16,0.013986014,2016-08-19
1.166,1.166,1.166,0.0051724138,2016-08-22
1.17,1.17,1.17,0.0034305317,2016-08-23
1.172,1.172,1.172,0.0017094017,2016-08-24
1.169,1.169,1.169,-0.002559727,2016-08-25
1.176,1.176,1.176,0.005988024,2016-08-26
1.172,1.172,1.172,-0.0034013605,2016-08-29
1.182,1.182,1.182,0.0085324232,2016-08-30
1.167,1.167,1.167,-0.0126903553,2016-08-31
1.173,1.173,1.173,0.0051413882,2016-09-01
1.186,1.186,1.186,0.0110826939,2016-09-02
1.204,1.204,1.204,0.0151770658,2016-09-05
1.227,1.227,1.227,0.01910299,2016-09-06
1.22,1.22,1.22,-0.0057049715,2016-09-07
1.225,1.225,1.225,0.0040983607,2016-09-08
1.224,1.224,1.224,-0.0008163265,2016-09-09
1.205,1.205,1.205,-0.0155228758,2016-09-12
1.209,1.209,1.209,0.0033195021,2016-09-13
1.198,1.198,1.198,-0.0090984285,2016-09-14
1.209,1.209,1.209,0.0091819699,2016-09-19
1.206,1.206,1.206,-0.0024813896,2016-09-20
1.22,1.22,1.22,0.0116086235,2016-09-21
1.239,1.239,1.239,0.0155737705,2016-09-22
1.239,1.239,1.239,0.0,2016-09-23
1.22,1.22,1.22,-0.0153349475,2016-09-26
1.229,1.229,1.229,0.0073770492,2016-09-27
1.237,1.237,1.237,0.0065093572,2016-09-28
1.237,1.237,1.237,0.0,2016-09-29
1.231,1.231,1.231,-0.0048504446,2016-09-30
1.225,1.225,1.225,-0.0048740861,2016-10-10
1.224,1.224,1.224,-0.0008163265,2016-10-11
1.221,1.221,1.221,-0.0024509804,2016-10-12
1.21,1.21,1.21,-0.009009009,2016-10-13
1.226,1.226,1.226,0.0132231405,2016-10-14
1.204,1.204,1.204,-0.0179445351,2016-10-17
1.213,1.213,1.213,0.0074750831,2016-10-18
1.207,1.207,1.207,-0.0049464138,2016-10-19
1.207,1.207,1.207,0.0,2016-10-20
1.227,1.227,1.227,0.0165700083,2016-10-21
1.214,1.214,1.214,-0.010594947,2016-10-24
1.213,1.213,1.213,-0.0008237232,2016-10-25
1.208,1.208,1.208,-0.0041220115,2016-10-26
1.208,1.208,1.208,0.0,2016-10-27
1.22,1.22,1.22,0.0099337748,2016-10-28
1.21,1.21,1.21,-0.0081967213,2016-10-31
1.202,1.202,1.202,-0.0066115702,2016-11-01
1.194,1.194,1.194,-0.006655574,2016-11-02
1.185,1.185,1.185,-0.0075376884,2016-11-03
1.191,1.191,1.191,0.0050632911,2016-11-04
1.181,1.181,1.181,-0.0083963056,2016-11-07
1.193,1.193,1.193,0.0101608806,2016-11-08
1.183,1.183,1.183,-0.0083822297,2016-11-09
1.198,1.198,1.198,0.0126796281,2016-11-10
1.198,1.198,1.198,0.0,2016-11-11
1.182,1.182,1.182,-0.0133555927,2016-11-14
1.19,1.19,1.19,0.0067681895,2016-11-15
1.207,1.207,1.207,0.0142857143,2016-11-16
1.204,1.204,1.204,-0.0024855012,2016-11-17
1.203,1.203,1.203,-0.0008305648,2016-11-18
1.203,1.203,1.203,0.0,2016-11-21
1.21,1.21,1.21,0.0058187864,2016-11-22
1.206,1.206,1.206,-0.0033057851,2016-11-23
1.21,1.21,1.21,0.0033167496,2016-11-24
1.214,1.214,1.214,0.0033057851,2016-11-25
1.223,1.223,1.223,0.0074135091,2016-11-28
1.224,1.224,1.224,0.0008176615,2016-11-29
1.221,1.221,1.221,-0.0024509804,2016-11-30
1.221,1.221,1.221,0.0,2016-12-01
1.215,1.215,1.215,-0.0049140049,2016-12-02
1.202,1.202,1.202,-0.0106995885,2016-12-05
1.21,1.21,1.21,0.006655574,2016-12-06
1.211,1.211,1.211,0.0008264463,2016-12-07
1.215,1.215,1.215,0.0033030553,2016-12-08
1.213,1.213,1.213,-0.0016460905,2016-12-09
1.2,1.2,1.2,-0.01071723,2016-12-12
1.197,1.197,1.197,-0.0025,2016-12-13
1.193,1.193,1.193,-0.0033416876,2016-12-14
1.177,1.177,1.177,-0.0134115675,2016-12-15
1.19,1.19,1.19,0.0110450297,2016-12-16
1.186,1.186,1.186,-0.0033613445,2016-12-19
1.175,1.175,1.175,-0.0092748735,2016-12-20
1.178,1.178,1.178,0.0025531915,2016-12-21
1.168,1.168,1.168,-0.0084889643,2016-12-22
1.164,1.164,1.164,-0.0034246575,2016-12-23
1.164,1.164,1.164,0.0,2016-12-26
1.164,1.164,1.164,0.0,2016-12-27
1.17,1.17,1.17,0.0051546392,2016-12-28
1.183,1.183,1.183,0.0111111111,2016-12-29
1.19,1.19,1.19,0.0059171598,2016-12-30
1.178,1.178,1.178,-0.0100840336,2017-01-03
1.196,1.196,1.196,0.0152801358,2017-01-04
1.194,1.194,1.194,-0.0016722408,2017-01-05
1.182,1.182,1.182,-0.0100502513,2017-01-06
1.181,1.181,1.181,-0.0008460237,2017-01-09
1.192,1.192,1.192,0.0093141406,2017-01-10
1.193,1.193,1.193,0.0008389262,2017-01-11
1.182,1.182,1.182,-0.0092204526,2017-01-12
1.184,1.184,1.184,0.0016920474,2017-01-13
1.179,1.179,1.179,-0.004222973,2017-01-16
1.187,1.187,1.187,0.0067854114,2017-01-17
1.19,1.19,1.19,0.0025273799,2017-01-18
1.19,1.19,1.19,0.0,2017-01-19
1.203,1.203,1.203,0.0109243697,2017-01-20
1.205,1.205,1.205,0.0016625104,2017-01-23
1.198,1.198,1.198,-0.0058091286,2017-01-24
1.21,1.21,1.21,0.0100166945,2017-01-25
1.224,1.224,1.224,0.0115702479,2017-01-26
1.224,1.224,1.224,0.0,2017-01-27
1.219,1.219,1.219,-0.0040849673,2017-02-03
1.226,1.226,1.226,0.0057424118,2017-02-06
1.221,1.221,1.221,-0.0040783034,2017-02-07
1.224,1.224,1.224,0.0024570025,2017-02-08
1.225,1.225,1.225,0.0008169935,2017-02-09
1.222,1.222,1.222,-0.0024489796,2017-02-10
1.238,1.238,1.238,0.0130932897,2017-02-13
1.228,1.228,1.228,-0.0080775444,2017-02-14
1.226,1.226,1.226,-0.0016286645,2017-02-15
1.255,1.255,1.255,0.0236541599,2017-02-16
1.249,1.249,1.249,-0.0047808765,2017-02-17
1.271,1.271,1.271,0.0176140913,2017-02-20
1.274,1.274,1.274,0.0023603462,2017-02-21
1.287,1.287,1.287,0.0102040816,2017-02-22
1.297,1.297,1.297,0.0077700078,2017-02-23
1.29,1.29,1.29,-0.0053970702,2017-02-24
1.276,1.276,1.276,-0.0108527132,2017-02-27
1.274,1.274,1.274,-0.0015673981,2017-02-28
1.274,1.274,1.274,0.0,2017-03-01
1.266,1.266,1.266,-0.0062794349,2017-03-02
1.274,1.274,1.274,0.0063191153,2017-03-03
1.299,1.299,1.299,0.0196232339,2017-03-06
1.306,1.306,1.306,0.0053887606,2017-03-07
1.312,1.312,1.312,0.0045941807,2017-03-08
1.304,1.304,1.304,-0.006097561,2017-03-09
1.317,1.317,1.317,0.0099693252,2017-03-10
1.326,1.326,1.326,0.006833713,2017-03-13
1.326,1.326,1.326,0.0,2017-03-14
1.348,1.348,1.348,0.0165912519,2017-03-15
1.355,1.355,1.355,0.0051928783,2017-03-16
1.357,1.357,1.357,0.0014760148,2017-03-17
1.366,1.366,1.366,0.0066322771,2017-03-20
1.374,1.374,1.374,0.0058565154,2017-03-21
1.377,1.377,1.377,0.0021834061,2017-03-22
1.369,1.369,1.369,-0.0058097313,2017-03-23
1.38,1.38,1.38,0.0080350621,2017-03-24
1.373,1.373,1.373,-0.0050724638,2017-03-27
1.369,1.369,1.369,-0.0029133285,2017-03-28
1.375,1.375,1.375,0.0043827611,2017-03-29
1.367,1.367,1.367,-0.0058181818,2017-03-30
1.377,1.377,1.377,0.007315289,2017-03-31
1.392,1.392,1.392,0.0108932462,2017-04-05
1.388,1.388,1.388,-0.0028735632,2017-04-06
1.391,1.391,1.391,0.0021613833,2017-04-07
1.374,1.374,1.374,-0.0122214234,2017-04-10
1.365,1.365,1.365,-0.0065502183,2017-04-11
1.373,1.373,1.373,0.0058608059,2017-04-12
1.39,1.39,1.39,0.012381646,2017-04-13
1.384,1.384,1.384,-0.0043165468,2017-04-14
1.398,1.398,1.398,0.0101156069,2017-04-17
1.425,1.425,1.425,0.0193133047,2017-04-18
1.427,1.427,1.427,0.0014035088,2017-04-19
1.446,1.446,1.446,0.0133146461,2017-04-20
1.446,1.446,1.446,0.0,2017-04-21
1.442,1.442,1.442,-0.0027662517,2017-04-24
1.454,1.454,1.454,0.0083217753,2017-04-25
1.448,1.448,1.448,-0.0041265475,2017-04-26
1.438,1.438,1.438,-0.0069060773,2017-04-27
1.427,1.427,1.427,-0.0076495132,2017-04-28
1.455,1.455,1.455,0.0196215837,2017-05-02
1.457,1.457,1.457,0.0013745704,2017-05-03
1.451,1.451,1.451,-0.0041180508,2017-05-04
1.46,1.46,1.46,0.0062026189,2017-05-05
1.459,1.459,1.459,-0.0006849315,2017-05-08
1.465,1.465,1.465,0.0041124058,2017-05-09
1.474,1.474,1.474,0.0061433447,2017-05-10
1.5,1.5,1.5,0.0176390773,2017-05-11
1.502,1.502,1.502,0.0013333333,2017-05-12
1.5,1.5,1.5,-0.0013315579,2017-05-15
1.511,1.511,1.511,0.0073333333,2017-05-16
1.5,1.5,1.5,-0.0072799471,2017-05-17
1.498,1.498,1.498,-0.0013333333,2017-05-18
1.515,1.515,1.515,0.0113484646,2017-05-19
1.526,1.526,1.526,0.0072607261,2017-05-22
1.531,1.531,1.531,0.00327654,2017-05-23
1.528,1.528,1.528,-0.0019595036,2017-05-24
1.527,1.527,1.527,-0.0006544503,2017-05-25
1.524,1.524,1.524,-0.0019646365,2017-05-26
1.525,1.525,1.525,0.000656168,2017-05-31
1.533,1.533,1.533,0.0052459016,2017-06-01
1.532,1.532,1.532,-0.0006523157,2017-06-02
1.544,1.544,1.544,0.0078328982,2017-06-05
1.551,1.551,1.551,0.0045336788,2017-06-06
1.566,1.566,1.566,0.0096711799,2017-06-07
1.592,1.592,1.592,0.0166028097,2017-06-08
1.602,1.602,1.602,0.006281407,2017-06-09
1.619,1.619,1.619,0.0106117353,2017-06-12
1.612,1.612,1.612,-0.0043236566,2017-06-13
1.595,1.595,1.595,-0.0105459057,2017-06-14
1.598,1.598,1.598,0.0018808777,2017-06-15
1.59,1.59,1.59,-0.0050062578,2017-06-16
1.606,1.606,1.606,0.0100628931,2017-06-19
1.601,1.601,1.601,-0.003113325,2017-06-20
1.62,1.62,1.62,0.0118675828,2017-06-21
1.615,1.615,1.615,-0.0030864198,2017-06-22
1.625,1.625,1.625,0.0061919505,2017-06-23
1.634,1.634,1.634,0.0055384615,2017-06-26
1.636,1.636,1.636,0.0012239902,2017-06-27
1.614,1.614,1.614,-0.0134474328,2017-06-28
1.617,1.617,1.617,0.0018587361,2017-06-29
1.614,1.614,1.614,-0.0018552876,2017-06-30
1.609,1.609,1.609,-0.0030978934,2017-07-03
1.591,1.591,1.591,-0.0111870727,2017-07-04
1.599,1.599,1.599,0.0050282841,2017-07-05
1.602,1.602,1.602,0.0018761726,2017-07-06
1.593,1.593,1.593,-0.0056179775,2017-07-07
1.596,1.596,1.596,0.0018832392,2017-07-10
1.609,1.609,1.609,0.0081453634,2017-07-11
1.602,1.602,1.602,-0.0043505283,2017-07-12
1.604,1.604,1.604,0.0012484395,2017-07-13
1.604,1.604,1.604,0.0,2017-07-14
1.605,1.605,1.605,0.0006234414,2017-07-17
1.604,1.604,1.604,-0.000623053,2017-07-18
1.609,1.609,1.609,0.003117207,2017-07-19
1.613,1.613,1.613,0.0024860162,2017-07-20
1.614,1.614,1.614,0.0006199628,2017-07-21
1.634,1.634,1.634,0.0123915737,2017-07-24
1.635,1.635,1.635,0.0006119951,2017-07-25
1.619,1.619,1.619,-0.0097859327,2017-07-26
1.625,1.625,1.625,0.0037059914,2017-07-27
1.622,1.622,1.622,-0.0018461538,2017-07-28
1.624,1.624,1.624,0.0012330456,2017-07-31
1.621,1.621,1.621,-0.0018472906,2017-08-01
1.608,1.608,1.608,-0.0080197409,2017-08-02
1.589,1.589,1.589,-0.0118159204,2017-08-03
1.587,1.587,1.587,-0.0012586532,2017-08-04
1.61,1.61,1.61,0.0144927536,2017-08-07
1.628,1.628,1.628,0.0111801242,2017-08-08
1.654,1.654,1.654,0.015970516,2017-08-09
1.645,1.645,1.645,-0.0054413543,2017-08-10
1.61,1.61,1.61,-0.0212765957,2017-08-11
1.645,1.645,1.645,0.0217391304,2017-08-14
1.636,1.636,1.636,-0.0054711246,2017-08-15
1.642,1.642,1.642,0.0036674817,2017-08-16
1.644,1.644,1.644,0.0012180268,2017-08-17
1.636,1.636,1.636,-0.00486618,2017-08-18
1.647,1.647,1.647,0.0067237164,2017-08-21
1.65,1.65,1.65,0.0018214936,2017-08-22
1.648,1.648,1.648,-0.0012121212,2017-08-23
1.665,1.665,1.665,0.010315534,2017-08-24
1.668,1.668,1.668,0.0018018018,2017-08-25
1.65,1.65,1.65,-0.0107913669,2017-08-28
1.632,1.632,1.632,-0.0109090909,2017-08-29
1.641,1.641,1.641,0.0055147059,2017-08-30
1.638,1.638,1.638,-0.0018281536,2017-08-31
1.642,1.642,1.642,0.0024420024,2017-09-01
1.639,1.639,1.639,-0.0018270402,2017-09-04
1.635,1.635,1.635,-0.0024405125,2017-09-05
1.636,1.636,1.636,0.0006116208,2017-09-06
1.631,1.631,1.631,-0.0030562347,2017-09-07
1.625,1.625,1.625,-0.0036787247,2017-09-08
1.623,1.623,1.623,-0.0012307692,2017-09-11
1.626,1.626,1.626,0.0018484288,2017-09-12
1.643,1.643,1.643,0.0104551046,2017-09-13
1.639,1.639,1.639,-0.0024345709,2017-09-14
1.66,1.66,1.66,0.0128126907,2017-09-15
1.675,1.675,1.675,0.0090361446,2017-09-18
1.671,1.671,1.671,-0.0023880597,2017-09-19
1.695,1.695,1.695,0.0143626571,2017-09-20
1.695,1.695,1.695,0.0,2017-09-21
1.696,1.696,1.696,0.0005899705,2017-09-22
1.668,1.668,1.668,-0.016509434,2017-09-25
1.656,1.656,1.656,-0.0071942446,2017-09-26
1.664,1.664,1.664,0.0048309179,2017-09-27
1.666,1.666,1.666,0.0012019231,2017-09-28
1.686,1.686,1.686,0.0120048019,2017-09-29
1.732,1.732,1.732,0.0272835113,2017-10-09
1.732,1.732,1.732,0.0,2017-10-10
1.77,1.77,1.77,0.0219399538,2017-10-11
1.773,1.773,1.773,0.0016949153,2017-10-12
1.779,1.779,1.779,0.0033840948,2017-10-13
1.781,1.781,1.781,0.0011242271,2017-10-16
1.786,1.786,1.786,0.0028074116,2017-10-17
1.792,1.792,1.792,0.0033594625,2017-10-18
1.796,1.796,1.796,0.0022321429,2017-10-19
1.787,1.787,1.787,-0.0050111359,2017-10-20
1.794,1.794,1.794,0.0039171796,2017-10-23
1.798,1.798,1.798,0.0022296544,2017-10-24
1.848,1.848,1.848,0.0278086763,2017-10-25
1.833,1.833,1.833,-0.0081168831,2017-10-26
1.818,1.818,1.818,-0.0081833061,2017-10-27
1.816,1.816,1.816,-0.00110011,2017-10-30
1.829,1.829,1.829,0.0071585903,2017-10-31
1.842,1.842,1.842,0.0071077091,2017-11-01
1.853,1.853,1.853,0.0059717698,2017-11-02
1.861,1.861,1.861,0.0043173233,2017-11-03
1.924,1.924,1.924,0.0338527673,2017-11-06
1.914,1.914,1.914,-0.0051975052,2017-11-07
1.883,1.883,1.883,-0.0161964472,2017-11-08
1.898,1.898,1.898,0.0079660117,2017-11-09
1.909,1.909,1.909,0.0057955743,2017-11-10
1.884,1.884,1.884,-0.0130958617,2017-11-13
1.867,1.867,1.867,-0.0090233546,2017-11-14
1.863,1.863,1.863,-0.0021424746,2017-11-15
1.89,1.89,1.89,0.0144927536,2017-11-16
1.889,1.889,1.889,-0.0005291005,2017-11-17
1.913,1.913,1.913,0.012705135,2017-11-20
1.942,1.942,1.942,0.0151594354,2017-11-21
1.93,1.93,1.93,-0.0061791967,2017-11-22
1.875,1.875,1.875,-0.0284974093,2017-11-23
1.879,1.879,1.879,0.0021333333,2017-11-24
1.865,1.865,1.865,-0.0074507717,2017-11-27
1.888,1.888,1.888,0.0123324397,2017-11-28
1.874,1.874,1.874,-0.0074152542,2017-11-29
1.852,1.852,1.852,-0.0117395945,2017-11-30
1.85,1.85,1.85,-0.0010799136,2017-12-01
1.866,1.866,1.866,0.0086486486,2017-12-04
1.853,1.853,1.853,-0.0069667738,2017-12-05
1.82,1.82,1.82,-0.0178089584,2017-12-06
1.817,1.817,1.817,-0.0016483516,2017-12-07
1.845,1.845,1.845,0.0154100165,2017-12-08
1.893,1.893,1.893,0.0260162602,2017-12-11
1.877,1.877,1.877,-0.0084521923,2017-12-12
1.903,1.903,1.903,0.0138518913,2017-12-13
1.9,1.9,1.9,-0.0015764582,2017-12-14
1.87,1.87,1.87,-0.0157894737,2017-12-15
1.898,1.898,1.898,0.014973262,2017-12-18
1.918,1.918,1.918,0.0105374078,2017-12-19
1.93,1.93,1.93,0.0062565172,2017-12-20
1.939,1.939,1.939,0.0046632124,2017-12-21
1.944,1.944,1.944,0.0025786488,2017-12-22
1.944,1.944,1.944,0.0,2017-12-25
1.936,1.936,1.936,-0.0041152263,2017-12-26
1.896,1.896,1.896,-0.020661157,2017-12-27
1.953,1.953,1.953,0.0300632911,2017-12-28
1.94,1.94,1.94,-0.006656426,2017-12-29
1.97,1.97,1.97,0.0154639175,2018-01-02
1.986,1.986,1.986,0.0081218274,2018-01-03
2.02,2.02,2.02,0.0171198389,2018-01-04
2.022,2.022,2.022,0.000990099,2018-01-05
2.041,2.041,2.041,0.009396637,2018-01-08
2.102,2.102,2.102,0.0298873101,2018-01-09
2.098,2.098,2.098,-0.0019029496,2018-01-10
2.082,2.082,2.082,-0.0076263108,2018-01-11
2.103,2.103,2.103,0.0100864553,2018-01-12
2.085,2.085,2.085,-0.0085592011,2018-01-15
2.104,2.104,2.104,0.0091127098,2018-01-16
2.073,2.073,2.073,-0.0147338403,2018-01-17
2.062,2.062,2.062,-0.0053063193,2018-01-18
2.061,2.061,2.061,-0.0004849661,2018-01-19
2.108,2.108,2.108,0.0228044639,2018-01-22
2.141,2.141,2.141,0.015654649,2018-01-23
2.126,2.126,2.126,-0.0070060719,2018-01-24
2.102,2.102,2.102,-0.0112888053,2018-01-25
2.114,2.114,2.114,0.0057088487,2018-01-26
2.051,2.051,2.051,-0.0298013245,2018-01-29
2.051,2.051,2.051,0.0,2018-01-30
2.086,2.086,2.086,0.0170648464,2018-01-31
2.056,2.056,2.056,-0.0143815916,2018-02-01
2.042,2.042,2.042,-0.0068093385,2018-02-02
2.005,2.005,2.005,-0.0181194907,2018-02-05
1.927,1.927,1.927,-0.0389027431,2018-02-06
1.886,1.886,1.886,-0.0212765957,2018-02-07
1.921,1.921,1.921,0.0185577943,2018-02-08
1.882,1.882,1.882,-0.0203019261,2018-02-09
1.94,1.94,1.94,0.0308182784,2018-02-12
1.975,1.975,1.975,0.0180412371,2018-02-13
2.006,2.006,2.006,0.0156962025,2018-02-14
2.043,2.043,2.043,0.018444666,2018-02-22
2.054,2.054,2.054,0.0053842389,2018-02-23
2.078,2.078,2.078,0.011684518,2018-02-26
2.038,2.038,2.038,-0.0192492782,2018-02-27
2.012,2.012,2.012,-0.0127576055,2018-02-28
2.041,2.041,2.041,0.0144135189,2018-03-01
2.023,2.023,2.023,-0.0088192063,2018-03-02
1.994,1.994,1.994,-0.0143351458,2018-03-05
2.025,2.025,2.025,0.0155466399,2018-03-06
2.023,2.023,2.023,-0.0009876543,2018-03-07
2.062,2.062,2.062,0.0192782996,2018-03-08
2.098,2.098,2.098,0.0174587779,2018-03-09
2.119,2.119,2.119,0.0100095329,2018-03-12
2.112,2.112,2.112,-0.003303445,2018-03-13
2.111,2.111,2.111,-0.0004734848,2018-03-14
2.143,2.143,2.143,0.0151586926,2018-03-15
2.123,2.123,2.123,-0.0093327112,2018-03-16
2.151,2.151,2.151,0.0131888837,2018-03-19
2.192,2.192,2.192,0.0190609019,2018-03-20
2.171,2.171,2.171,-0.009580292,2018-03-21
2.132,2.132,2.132,-0.0179640719,2018-03-22
2.073,2.073,2.073,-0.027673546,2018-03-23
2.099,2.099,2.099,0.0125422094,2018-03-26
2.091,2.091,2.091,-0.0038113387,2018-03-27
2.006,2.006,2.006,-0.0406504065,2018-03-28
2.025,2.025,2.025,0.0094715852,2018-03-29
2.038,2.038,2.038,0.0064197531,2018-03-30
2.017,2.017,2.017,-0.0103042198,2018-04-02
2.009,2.009,2.009,-0.0039662866,2018-04-03
2.008,2.008,2.008,-0.0004977601,2018-04-04
2.031,2.031,2.031,0.0114541833,2018-04-09
2.064,2.064,2.064,0.0162481536,2018-04-10
2.067,2.067,2.067,0.0014534884,2018-04-11
2.056,2.056,2.056,-0.0053217223,2018-04-12
2.021,2.021,2.021,-0.0170233463,2018-04-13
2.007,2.007,2.007,-0.0069272637,2018-04-16
1.971,1.971,1.971,-0.0179372197,2018-04-17
1.968,1.968,1.968,-0.00152207,2018-04-18
2.005,2.005,2.005,0.018800813,2018-04-19
1.981,1.981,1.981,-0.0119700748,2018-04-20
1.962,1.962,1.962,-0.0095911156,2018-04-23
1.996,1.996,1.996,0.0173292559,2018-04-24
2.007,2.007,2.007,0.005511022,2018-04-25
1.955,1.955,1.955,-0.0259093174,2018-04-26
1.953,1.953,1.953,-0.0010230179,2018-04-27
1.985,1.985,1.985,0.0163850486,2018-05-02
1.983,1.983,1.983,-0.0010075567,2018-05-03
1.983,1.983,1.983,0.0,2018-05-04
2.022,2.022,2.022,0.019667171,2018-05-07
2.056,2.056,2.056,0.0168150346,2018-05-08
2.055,2.055,2.055,-0.0004863813,2018-05-09
2.093,2.093,2.093,0.0184914842,2018-05-10
2.079,2.079,2.079,-0.0066889632,2018-05-11
2.122,2.122,2.122,0.0206830207,2018-05-14
2.121,2.121,2.121,-0.0004712535,2018-05-15
2.113,2.113,2.113,-0.0037718058,2018-05-16
2.102,2.102,2.102,-0.0052058684,2018-05-17
2.112,2.112,2.112,0.0047573739,2018-05-18
2.112,2.112,2.112,0.0,2018-05-21
2.123,2.123,2.123,0.0052083333,2018-05-22
2.123,2.123,2.123,0.0,2018-05-23
2.123,2.123,2.123,0.0,2018-05-24
2.118,2.118,2.118,-0.0023551578,2018-05-25
2.169,2.169,2.169,0.0240793201,2018-05-28
2.123,2.123,2.123,-0.0212079299,2018-05-29
2.111,2.111,2.111,-0.0056523787,2018-05-30
2.156,2.156,2.156,0.0213169114,2018-05-31
2.148,2.148,2.148,-0.0037105751,2018-06-01
2.201,2.201,2.201,0.0246741155,2018-06-04
2.241,2.241,2.241,0.0181735575,2018-06-05
2.267,2.267,2.267,0.0116019634,2018-06-06
2.259,2.259,2.259,-0.0035288928,2018-06-07
2.234,2.234,2.234,-0.0110668437,2018-06-08
2.227,2.227,2.227,-0.003133393,2018-06-11
2.272,2.272,2.272,0.0202065559,2018-06-12
2.237,2.237,2.237,-0.0154049296,2018-06-13
2.211,2.211,2.211,-0.011622709,2018-06-14
2.199,2.199,2.199,-0.0054274084,2018-06-15
2.132,2.132,2.132,-0.0304683947,2018-06-19
2.188,2.188,2.188,0.0262664165,2018-06-20
2.157,2.157,2.157,-0.0141681901,2018-06-21
2.169,2.169,2.169,0.0055632823,2018-06-22
2.127,2.127,2.127,-0.0193637621,2018-06-25
2.122,2.122,2.122,-0.0023507287,2018-06-26
2.053,2.053,2.053,-0.0325164939,2018-06-27
2.03,2.03,2.03,-0.0112031174,2018-06-28
2.105,2.105,2.105,0.0369458128,2018-06-29
2.053,2.053,2.053,-0.0247030879,2018-07-02
2.02,2.02,2.02,-0.016074038,2018-07-03
1.963,1.963,1.963,-0.0282178218,2018-07-04
1.95,1.95,1.95,-0.0066225166,2018-07-05
1.983,1.983,1.983,0.0169230769,2018-07-06
2.044,2.044,2.044,0.0307614725,2018-07-09
2.019,2.019,2.019,-0.0122309198,2018-07-10
1.999,1.999,1.999,-0.009905894,2018-07-11
2.047,2.047,2.047,0.024012006,2018-07-12
2.057,2.057,2.057,0.0048851979,2018-07-13
2.051,2.051,2.051,-0.0029168692,2018-07-16
2.003,2.003,2.003,-0.0234032179,2018-07-17
2.006,2.006,2.006,0.0014977534,2018-07-18
2.002,2.002,2.002,-0.0019940179,2018-07-19
2.014,2.014,2.014,0.005994006,2018-07-20
1.99,1.99,1.99,-0.0119165839,2018-07-23
2.021,2.021,2.021,0.0155778894,2018-07-24
2.042,2.042,2.042,0.0103908956,2018-07-25
2.009,2.009,2.009,-0.0161606268,2018-07-26
2.002,2.002,2.002,-0.0034843206,2018-07-27
1.979,1.979,1.979,-0.0114885115,2018-07-30
1.962,1.962,1.962,-0.0085901971,2018-07-31
1.928,1.928,1.928,-0.0173292559,2018-08-01
1.878,1.878,1.878,-0.02593361,2018-08-02
1.839,1.839,1.839,-0.0207667732,2018-08-03
1.817,1.817,1.817,-0.0119630234,2018-08-06
1.856,1.856,1.856,0.0214639516,2018-08-07
1.832,1.832,1.832,-0.0129310345,2018-08-08
1.899,1.899,1.899,0.0365720524,2018-08-09
1.9,1.9,1.9,0.0005265929,2018-08-10
1.882,1.882,1.882,-0.0094736842,2018-08-13
1.809,1.809,1.809,-0.0387885228,2018-08-14
1.756,1.756,1.756,-0.0292979547,2018-08-15
1.732,1.732,1.732,-0.013667426,2018-08-16
1.708,1.708,1.708,-0.0138568129,2018-08-17
1.726,1.726,1.726,0.0105386417,2018-08-20
1.792,1.792,1.792,0.0382387022,2018-08-21
1.788,1.788,1.788,-0.0022321429,2018-08-22
1.794,1.794,1.794,0.0033557047,2018-08-23
1.801,1.801,1.801,0.0039018952,2018-08-24
1.868,1.868,1.868,0.0372015547,2018-08-27
1.863,1.863,1.863,-0.0026766595,2018-08-28
1.844,1.844,1.844,-0.0101986044,2018-08-29
1.825,1.825,1.825,-0.0103036876,2018-08-30
1.78,1.78,1.78,-0.0246575342,2018-08-31
1.766,1.766,1.766,-0.0078651685,2018-09-03
1.792,1.792,1.792,0.0147225368,2018-09-04
1.746,1.746,1.746,-0.0256696429,2018-09-05
1.708,1.708,1.708,-0.0217640321,2018-09-06
1.732,1.732,1.732,0.0140515222,2018-09-07
1.705,1.705,1.705,-0.0155889145,2018-09-10
1.697,1.697,1.697,-0.0046920821,2018-09-11
1.657,1.657,1.657,-0.0235710077,2018-09-12
1.675,1.675,1.675,0.0108630054,2018-09-13
1.698,1.698,1.698,0.0137313433,2018-09-14
1.658,1.658,1.658,-0.023557126,2018-09-17
1.687,1.687,1.687,0.017490953,2018-09-18
1.721,1.721,1.721,0.0201541197,2018-09-19
1.719,1.719,1.719,-0.001162115,2018-09-20
1.754,1.754,1.754,0.0203606748,2018-09-21
1.754,1.754,1.754,0.0,2018-09-25
1.767,1.767,1.767,0.0074116306,2018-09-26
1.755,1.755,1.755,-0.0067911715,2018-09-27
1.768,1.768,1.768,0.0074074074,2018-09-28
1.653,1.653,1.653,-0.0650452489,2018-10-08
1.661,1.661,1.661,0.0048396854,2018-10-09
1.647,1.647,1.647,-0.0084286574,2018-10-10
1.581,1.581,1.581,-0.0400728597,2018-10-11
1.63,1.63,1.63,0.0309930424,2018-10-12
1.622,1.622,1.622,-0.0049079755,2018-10-15
1.634,1.634,1.634,0.0073982737,2018-10-16
1.635,1.635,1.635,0.0006119951,2018-10-17
1.628,1.628,1.628,-0.0042813456,2018-10-18
1.652,1.652,1.652,0.0147420147,2018-10-19
1.705,1.705,1.705,0.0320823245,2018-10-22
1.651,1.651,1.651,-0.0316715543,2018-10-23
1.633,1.633,1.633,-0.0109024833,2018-10-24
1.604,1.604,1.604,-0.0177587263,2018-10-25
1.573,1.573,1.573,-0.0193266833,2018-10-26
1.508,1.508,1.508,-0.041322314,2018-10-29
1.505,1.505,1.505,-0.0019893899,2018-10-30
1.556,1.556,1.556,0.0338870432,2018-10-31
1.605,1.605,1.605,0.0314910026,2018-11-01
1.718,1.718,1.718,0.0704049844,2018-11-02
1.683,1.683,1.683,-0.0203725262,2018-11-05
1.679,1.679,1.679,-0.0023767083,2018-11-06
1.682,1.682,1.682,0.0017867778,2018-11-07
1.678,1.678,1.678,-0.0023781213,2018-11-08
1.646,1.646,1.646,-0.0190703218,2018-11-09
1.645,1.645,1.645,-0.0006075334,2018-11-12
1.668,1.668,1.668,0.0139817629,2018-11-13
1.631,1.631,1.631,-0.0221822542,2018-11-14
1.648,1.648,1.648,0.0104230533,2018-11-15
1.646,1.646,1.646,-0.0012135922,2018-11-16
1.658,1.658,1.658,0.007290401,2018-11-19
1.614,1.614,1.614,-0.0265379976,2018-11-20
1.646,1.646,1.646,0.019826518,2018-11-21
1.66,1.66,1.66,0.0085054678,2018-11-22
1.645,1.645,1.645,-0.0090361446,2018-11-23
1.66,1.66,1.66,0.009118541,2018-11-26
1.668,1.668,1.668,0.0048192771,2018-11-27
1.645,1.645,1.645,-0.0137889688,2018-11-28
1.687,1.687,1.687,0.0255319149,2018-11-29
1.693,1.693,1.693,0.0035566094,2018-11-30
1.757,1.757,1.757,0.0378027171,2018-12-03
1.75,1.75,1.75,-0.0039840637,2018-12-04
1.718,1.718,1.718,-0.0182857143,2018-12-05
1.641,1.641,1.641,-0.0448195576,2018-12-06
1.621,1.621,1.621,-0.0121876904,2018-12-07
1.597,1.597,1.597,-0.0148056755,2018-12-10
1.624,1.624,1.624,0.0169067001,2018-12-11
1.634,1.634,1.634,0.0061576355,2018-12-12
1.661,1.661,1.661,0.0165238678,2018-12-13
1.617,1.617,1.617,-0.0264900662,2018-12-14
1.607,1.607,1.607,-0.0061842919,2018-12-17
1.588,1.588,1.588,-0.0118232732,2018-12-18
1.565,1.565,1.565,-0.0144836272,2018-12-19
1.536,1.536,1.536,-0.0185303514,2018-12-20
1.539,1.539,1.539,0.001953125,2018-12-21
1.539,1.539,1.539,0.0,2018-12-24
1.549,1.549,1.549,0.0064977258,2018-12-25
1.54,1.54,1.54,-0.0058102001,2018-12-26
1.525,1.525,1.525,-0.0097402597,2018-12-27
1.54,1.54,1.54,0.0098360656,2018-12-28
1.521,1.521,1.521,-0.0123376623,2019-01-02
1.497,1.497,1.497,-0.0157790927,2019-01-03
1.527,1.527,1.527,0.0200400802,2019-01-04
1.539,1.539,1.539,0.0078585462,2019-01-07
1.53,1.53,1.53,-0.0058479532,2019-01-08
1.568,1.568,1.568,0.0248366013,2019-01-09
1.588,1.588,1.588,0.012755102,2019-01-10
1.601,1.601,1.601,0.008186398,2019-01-11
1.562,1.562,1.562,-0.0243597751,2019-01-14
1.607,1.607,1.607,0.028809219,2019-01-15
1.619,1.619,1.619,0.0074673304,2019-01-16
1.614,1.614,1.614,-0.0030883261,2019-01-17
1.655,1.655,1.655,0.0254027261,2019-01-18
1.675,1.675,1.675,0.0120845921,2019-01-21
1.648,1.648,1.648,-0.016119403,2019-01-22
1.645,1.645,1.645,-0.0018203883,2019-01-23
1.652,1.652,1.652,0.0042553191,2019-01-24
1.68,1.68,1.68,0.0169491525,2019-01-25
1.668,1.668,1.668,-0.0071428571,2019-01-28
1.683,1.683,1.683,0.0089928058,2019-01-29
1.674,1.674,1.674,-0.0053475936,2019-01-30
1.704,1.704,1.704,0.017921147,2019-01-31
1.714,1.714,1.714,0.0058685446,2019-02-01
1.752,1.752,1.752,0.0221703617,2019-02-11
1.761,1.761,1.761,0.0051369863,2019-02-12
1.773,1.773,1.773,0.0068143101,2019-02-13
1.774,1.774,1.774,0.0005640158,2019-02-14
1.739,1.739,1.739,-0.019729425,2019-02-15
1.775,1.775,1.775,0.0207015526,2019-02-18
1.76,1.76,1.76,-0.0084507042,2019-02-19
1.76,1.76,1.76,0.0,2019-02-20
1.758,1.758,1.758,-0.0011363636,2019-02-21
1.776,1.776,1.776,0.0102389078,2019-02-22
1.813,1.813,1.813,0.0208333333,2019-02-25
1.786,1.786,1.786,-0.0148924435,2019-02-26
1.787,1.787,1.787,0.0005599104,2019-02-27
1.789,1.789,1.789,0.0011191942,2019-02-28
1.814,1.814,1.814,0.0139742873,2019-03-01
1.834,1.834,1.834,0.0110253583,2019-03-04
1.85,1.85,1.85,0.0087241003,2019-03-05
1.846,1.846,1.846,-0.0021621622,2019-03-06
1.809,1.809,1.809,-0.0200433369,2019-03-07
1.776,1.776,1.776,-0.0182421227,2019-03-08
1.802,1.802,1.802,0.0146396396,2019-03-11
1.807,1.807,1.807,0.0027746948,2019-03-12
1.808,1.808,1.808,0.0005534034,2019-03-13
1.814,1.814,1.814,0.0033185841,2019-03-14
1.837,1.837,1.837,0.0126791621,2019-03-15
1.882,1.882,1.882,0.0244964616,2019-03-18
1.881,1.881,1.881,-0.0005313496,2019-03-19
1.884,1.884,1.884,0.0015948963,2019-03-20
1.874,1.874,1.874,-0.0053078556,2019-03-21
1.874,1.874,1.874,0.0,2019-03-22
1.834,1.834,1.834,-0.0213447172,2019-03-25
1.834,1.834,1.834,0.0,2019-03-26
1.86,1.86,1.86,0.014176663,2019-03-27
1.866,1.866,1.866,0.0032258065,2019-03-28
1.914,1.914,1.914,0.0257234727,2019-03-29
1.954,1.954,1.954,0.0208986416,2019-04-01
1.945,1.945,1.945,-0.0046059365,2019-04-02
1.969,1.969,1.969,0.0123393316,2019-04-03
1.987,1.987,1.987,0.0091416963,2019-04-04
2.015,2.015,2.015,0.0140915954,2019-04-08
2.036,2.036,2.036,0.0104218362,2019-04-09
2.06,2.06,2.06,0.0117878193,2019-04-10
2.029,2.029,2.029,-0.0150485437,2019-04-11
2.02,2.02,2.02,-0.0044356826,2019-04-12
2.009,2.009,2.009,-0.0054455446,2019-04-15
2.043,2.043,2.043,0.0169238427,2019-04-16
2.055,2.055,2.055,0.0058737151,2019-04-17
2.042,2.042,2.042,-0.0063260341,2019-04-18
2.062,2.062,2.062,0.0097943193,2019-04-19
2.039,2.039,2.039,-0.0111542192,2019-04-22
2.046,2.046,2.046,0.0034330554,2019-04-23
2.038,2.038,2.038,-0.0039100684,2019-04-24
2.012,2.012,2.012,-0.0127576055,2019-04-25
2.003,2.003,2.003,-0.004473161,2019-04-26
2.036,2.036,2.036,0.0164752871,2019-04-29
2.037,2.037,2.037,0.0004911591,2019-04-30
1.97,1.97,1.97,-0.0328915071,2019-05-06
1.988,1.988,1.988,0.0091370558,2019-05-07
1.969,1.969,1.969,-0.0095573441,2019-05-08
1.938,1.938,1.938,-0.0157440325,2019-05-09
1.981,1.981,1.981,0.0221878225,2019-05-10
1.968,1.968,1.968,-0.0065623423,2019-05-13
1.958,1.958,1.958,-0.0050813008,2019-05-14
1.988,1.988,1.988,0.0153217569,2019-05-15
1.986,1.986,1.986,-0.0010060362,2019-05-16
1.957,1.957,1.957,-0.0146022155,2019-05-17
1.933,1.933,1.933,-0.0122636689,2019-05-20
1.936,1.936,1.936,0.0015519917,2019-05-21
1.929,1.929,1.929,-0.0036157025,2019-05-22
1.885,1.885,1.885,-0.022809746,2019-05-23
1.903,1.903,1.903,0.0095490716,2019-05-24
1.902,1.902,1.902,-0.0005254861,2019-05-27
1.926,1.926,1.926,0.0126182965,2019-05-28
1.937,1.937,1.937,0.0057113188,2019-05-29
1.925,1.925,1.925,-0.0061951471,2019-05-30
1.927,1.927,1.927,0.001038961,2019-05-31
1.94,1.94,1.94,0.0067462377,2019-06-03
1.916,1.916,1.916,-0.012371134,2019-06-04
1.903,1.903,1.903,-0.0067849687,2019-06-05
1.899,1.899,1.899,-0.0021019443,2019-06-06
1.932,1.932,1.932,0.0173775671,2019-06-10
1.969,1.969,1.969,0.0191511387,2019-06-11
1.951,1.951,1.951,-0.0091416963,2019-06-12
1.956,1.956,1.956,0.0025627883,2019-06-13
1.945,1.945,1.945,-0.0056237219,2019-06-14
1.944,1.944,1.944,-0.0005141388,2019-06-17
1.954,1.954,1.954,0.0051440329,2019-06-18
1.993,1.993,1.993,0.0199590583,2019-06-19
2.024,2.024,2.024,0.0155544405,2019-06-20
1.996,1.996,1.996,-0.0138339921,2019-06-21
1.996,1.996,1.996,0.0,2019-06-24
1.975,1.975,1.975,-0.0105210421,2019-06-25
1.986,1.986,1.986,0.0055696203,2019-06-26
2.019,2.019,2.019,0.0166163142,2019-06-27
2.017,2.017,2.017,-0.0009905894,2019-06-28
2.062,2.062,2.062,0.0223103619,2019-07-01
2.081,2.081,2.081,0.009214355,2019-07-02
2.062,2.062,2.062,-0.0091302259,2019-07-03
2.047,2.047,2.047,-0.0072744908,2019-07-04
2.061,2.061,2.061,0.006839277,2019-07-05
2.019,2.019,2.019,-0.0203784571,2019-07-08
2.003,2.003,2.003,-0.0079247152,2019-07-09
2.023,2.023,2.023,0.0099850225,2019-07-10
2.025,2.025,2.025,0.0009886307,2019-07-11
2.031,2.031,2.031,0.002962963,2019-07-12
2.047,2.047,2.047,0.0078778927,2019-07-15
2.033,2.033,2.033,-0.006839277,2019-07-16
2.024,2.024,2.024,-0.0044269552,2019-07-17
2.007,2.007,2.007,-0.0083992095,2019-07-18
2.018,2.018,2.018,0.0054808171,2019-07-19
2.014,2.014,2.014,-0.0019821606,2019-07-22
2.032,2.032,2.032,0.0089374379,2019-07-23
2.049,2.049,2.049,0.0083661417,2019-07-24
2.085,2.085,2.085,0.0175695461,2019-07-25
2.078,2.078,2.078,-0.0033573141,2019-07-26
2.068,2.068,2.068,-0.0048123195,2019-07-29
2.075,2.075,2.075,0.003384913,2019-07-30
2.061,2.061,2.061,-0.006746988,2019-07-31
2.047,2.047,2.047,-0.006792819,2019-08-01
1.999,1.999,1.999,-0.0234489497,2019-08-02
1.949,1.949,1.949,-0.0250125063,2019-08-05
1.961,1.961,1.961,0.0061570036,2019-08-06
1.963,1.963,1.963,0.0010198878,2019-08-07
1.992,1.992,1.992,0.0147733062,2019-08-08
1.974,1.974,1.974,-0.0090361446,2019-08-09
2.0,2.0,2.0,0.0131712259,2019-08-12
1.977,1.977,1.977,-0.0115,2019-08-13
1.994,1.994,1.994,0.0085988872,2019-08-14
1.992,1.992,1.992,-0.001003009,2019-08-15
2.012,2.012,2.012,0.0100401606,2019-08-16
2.066,2.066,2.066,0.0268389662,2019-08-19
2.1,2.1,2.1,0.0164569216,2019-08-20
2.113,2.113,2.113,0.0061904762,2019-08-21
2.114,2.114,2.114,0.0004732608,2019-08-22
2.148,2.148,2.148,0.0160832545,2019-08-23
2.122,2.122,2.122,-0.0121042831,2019-08-26
2.152,2.152,2.152,0.014137606,2019-08-27
2.131,2.131,2.131,-0.0097583643,2019-08-28
2.14,2.14,2.14,0.0042233693,2019-08-29
2.154,2.154,2.154,0.0065420561,2019-08-30
2.169,2.169,2.169,0.0069637883,2019-09-02
2.177,2.177,2.177,0.0036883356,2019-09-03
2.205,2.205,2.205,0.0128617363,2019-09-04
2.215,2.215,2.215,0.0045351474,2019-09-05
2.227,2.227,2.227,0.0054176072,2019-09-06
2.222,2.222,2.222,-0.0022451729,2019-09-09
2.208,2.208,2.208,-0.0063006301,2019-09-10
2.193,2.193,2.193,-0.0067934783,2019-09-11
2.215,2.215,2.215,0.0100319197,2019-09-12
2.205,2.205,2.205,-0.0045146727,2019-09-16
2.183,2.183,2.183,-0.0099773243,2019-09-17
2.186,2.186,2.186,0.0013742556,2019-09-18
2.185,2.185,2.185,-0.0004574565,2019-09-19
2.178,2.178,2.178,-0.0032036613,2019-09-20
2.143,2.143,2.143,-0.0160697888,2019-09-23
2.181,2.181,2.181,0.0177321512,2019-09-24
2.143,2.143,2.143,-0.0174232004,2019-09-25
2.15,2.15,2.15,0.0032664489,2019-09-26
2.148,2.148,2.148,-0.0009302326,2019-09-27
2.136,2.136,2.136,-0.0055865922,2019-09-30
2.18,2.18,2.18,0.0205992509,2019-10-08
2.155,2.155,2.155,-0.0114678899,2019-10-09
2.173,2.173,2.173,0.0083526682,2019-10-10
2.177,2.177,2.177,0.0018407731,2019-10-11
2.19,2.19,2.19,0.0059715204,2019-10-14
2.182,2.182,2.182,-0.003652968,2019-10-15
2.184,2.184,2.184,0.0009165903,2019-10-16
2.194,2.194,2.194,0.0045787546,2019-10-17
2.183,2.183,2.183,-0.0050136737,2019-10-18
2.188,2.188,2.188,0.002290426,2019-10-21
2.188,2.188,2.188,0.0,2019-10-22
2.177,2.177,2.177,-0.0050274223,2019-10-23
2.182,2.182,2.182,0.0022967386,2019-10-24
2.203,2.203,2.203,0.009624198,2019-10-25
2.226,2.226,2.226,0.0104403087,2019-10-28
2.228,2.228,2.228,0.0008984726,2019-10-29
2.232,2.232,2.232,0.0017953321,2019-10-30
2.266,2.266,2.266,0.0152329749,2019-10-31
2.304,2.304,2.304,0.0167696381,2019-11-01
2.334,2.334,2.334,0.0130208333,2019-11-04
2.338,2.338,2.338,0.0017137961,2019-11-05
2.333,2.333,2.333,-0.00213858,2019-11-06
2.344,2.344,2.344,0.0047149593,2019-11-07
2.332,2.332,2.332,-0.0051194539,2019-11-08
2.294,2.294,2.294,-0.0162950257,2019-11-11
2.292,2.292,2.292,-0.0008718396,2019-11-12
2.285,2.285,2.285,-0.0030541012,2019-11-13
2.286,2.286,2.286,0.0004376368,2019-11-14
2.269,2.269,2.269,-0.0074365704,2019-11-15
2.286,2.286,2.286,0.0074922874,2019-11-18
2.329,2.329,2.329,0.0188101487,2019-11-19
2.298,2.298,2.298,-0.0133104337,2019-11-20
2.255,2.255,2.255,-0.0187119234,2019-11-21
2.234,2.234,2.234,-0.0093126386,2019-11-22
2.256,2.256,2.256,0.0098478066,2019-11-25
2.261,2.261,2.261,0.0022163121,2019-11-26
2.25,2.25,2.25,-0.0048651039,2019-11-27
2.257,2.257,2.257,0.0031111111,2019-11-28
2.204,2.204,2.204,-0.0234824989,2019-11-29
2.21,2.21,2.21,0.002722323,2019-12-02
2.211,2.211,2.211,0.0004524887,2019-12-03
2.199,2.199,2.199,-0.0054274084,2019-12-04
2.227,2.227,2.227,0.0127330605,2019-12-05
2.253,2.253,2.253,0.011674899,2019-12-06
2.237,2.237,2.237,-0.0071016423,2019-12-09
2.243,2.243,2.243,0.0026821636,2019-12-10
2.256,2.256,2.256,0.0057958092,2019-12-11
2.278,2.278,2.278,0.009751773,2019-12-12
2.318,2.318,2.318,0.0175592625,2019-12-13
2.313,2.313,2.313,-0.0021570319,2019-12-16
2.348,2.348,2.348,0.0151318634,2019-12-17
2.34,2.34,2.34,-0.003407155,2019-12-18
2.33,2.33,2.33,-0.0042735043,2019-12-19
2.322,2.322,2.322,-0.0034334764,2019-12-20
2.312,2.312,2.312,-0.0043066322,2019-12-23
2.315,2.315,2.315,0.0012975779,2019-12-24
2.319,2.319,2.319,0.0017278618,2019-12-25
2.317,2.317,2.317,-0.0008624407,2019-12-26
2.337,2.337,2.337,0.0086318515,2019-12-27
2.356,2.356,2.356,0.0081300813,2019-12-30
2.342,2.342,2.342,-0.005942275,2019-12-31
2.38,2.38,2.38,0.0162254483,2020-01-02
2.381,2.381,2.381,0.0004201681,2020-01-03
2.348,2.348,2.348,-0.0138597228,2020-01-06
2.367,2.367,2.367,0.0080919932,2020-01-07
2.342,2.342,2.342,-0.0105618927,2020-01-08
2.39,2.39,2.39,0.0204953032,2020-01-09
2.389,2.389,2.389,-0.00041841,2020-01-10
2.418,2.418,2.418,0.0121389703,2020-01-13
2.402,2.402,2.402,-0.0066170389,2020-01-14
2.392,2.392,2.392,-0.0041631973,2020-01-15
2.391,2.391,2.391,-0.0004180602,2020-01-16
2.393,2.393,2.393,0.0008364701,2020-01-17
2.388,2.388,2.388,-0.0020894275,2020-01-20
2.329,2.329,2.329,-0.0247068677,2020-01-21
2.349,2.349,2.349,0.0085873766,2020-01-22
2.304,2.304,2.304,-0.0191570881,2020-01-23
2.216,2.216,2.216,-0.0381944444,2020-02-03
2.263,2.263,2.263,0.0212093863,2020-02-04
2.275,2.275,2.275,0.0053026955,2020-02-05
2.296,2.296,2.296,0.0092307692,2020-02-06
2.287,2.287,2.287,-0.0039198606,2020-02-07
2.285,2.285,2.285,-0.0008745081,2020-02-10
2.317,2.317,2.317,0.0140043764,2020-02-11
2.332,2.332,2.332,0.0064738886,2020-02-12
2.322,2.322,2.322,-0.0042881647,2020-02-13
2.328,2.328,2.328,0.0025839793,2020-02-14
2.367,2.367,2.367,0.0167525773,2020-02-17
2.338,2.338,2.338,-0.0122517955,2020-02-18
2.354,2.354,2.354,0.0068434559,2020-02-19
2.372,2.372,2.372,0.007646559,2020-02-20
2.359,2.359,2.359,-0.0054806071,2020-02-21
2.322,2.322,2.322,-0.0156846121,2020-02-24
2.312,2.312,2.312,-0.0043066322,2020-02-25
2.302,2.302,2.302,-0.0043252595,2020-02-26
2.315,2.315,2.315,0.0056472632,2020-02-27
2.263,2.263,2.263,-0.022462203,2020-02-28
2.267,2.267,2.267,0.0017675652,2020-03-02
2.259,2.259,2.259,-0.0035288928,2020-03-03
2.276,2.276,2.276,0.0075254537,2020-03-04
2.316,2.316,2.316,0.0175746924,2020-03-05
2.278,2.278,2.278,-0.0164075993,2020-03-06
2.207,2.207,2.207,-0.031167691,2020-03-09
2.228,2.228,2.228,0.009515179,2020-03-10
2.208,2.208,2.208,-0.0089766607,2020-03-11
2.15,2.15,2.15,-0.0262681159,2020-03-12
2.144,2.144,2.144,-0.0027906977,2020-03-13
2.081,2.081,2.081,-0.0293843284,2020-03-16
2.044,2.044,2.044,-0.0177799135,2020-03-17
1.994,1.994,1.994,-0.0244618395,2020-03-18
1.953,1.953,1.953,-0.0205616851,2020-03-19
2.042,2.042,2.042,0.0455709165,2020-03-20
1.981,1.981,1.981,-0.0298726738,2020-03-23
2.061,2.061,2.061,0.0403836446,2020-03-24
2.138,2.138,2.138,0.0373605046,2020-03-25
2.137,2.137,2.137,-0.0004677268,2020-03-26
2.142,2.142,2.142,0.0023397286,2020-03-27
2.123,2.123,2.123,-0.0088702148,2020-03-30
2.139,2.139,2.139,0.0075365049,2020-03-31
2.142,2.142,2.142,0.0014025245,2020-04-01
2.132,2.132,2.132,-0.0046685341,2020-04-02
2.127,2.127,2.127,-0.0023452158,2020-04-03
2.2,2.2,2.2,0.0343206394,2020-04-07
2.184,2.184,2.184,-0.0072727273,2020-04-08
2.202,2.202,2.202,0.0082417582,2020-04-09
2.205,2.205,2.205,0.0013623978,2020-04-10
2.214,2.214,2.214,0.0040816327,2020-04-13
2.223,2.223,2.223,0.0040650407,2020-04-14
2.186,2.186,2.186,-0.0166441745,2020-04-15
2.198,2.198,2.198,0.0054894785,2020-04-16
2.192,2.192,2.192,-0.0027297543,2020-04-17
2.197,2.197,2.197,0.0022810219,2020-04-20
2.159,2.159,2.159,-0.0172963132,2020-04-21
2.174,2.174,2.174,0.006947661,2020-04-22
2.198,2.198,2.198,0.0110395584,2020-04-23
2.184,2.184,2.184,-0.0063694268,2020-04-24
2.213,2.213,2.213,0.0132783883,2020-04-27
2.226,2.226,2.226,0.0058743787,2020-04-28
2.236,2.236,2.236,0.004492363,2020-04-29
2.238,2.238,2.238,0.0008944544,2020-04-30
2.227,2.227,2.227,-0.0049151028,2020-05-06
2.215,2.215,2.215,-0.0053884149,2020-05-07
2.269,2.269,2.269,0.0243792325,2020-05-08
2.294,2.294,2.294,0.0110180696,2020-05-11
2.291,2.291,2.291,-0.0013077594,2020-05-12
2.305,2.305,2.305,0.0061108686,2020-05-13
2.291,2.291,2.291,-0.0060737527,2020-05-14
2.275,2.275,2.275,-0.0069838498,2020-05-15
2.289,2.289,2.289,0.0061538462,2020-05-18
2.348,2.348,2.348,0.0257754478,2020-05-19
2.357,2.357,2.357,0.0038330494,2020-05-20
2.33,2.33,2.33,-0.0114552397,2020-05-21
2.247,2.247,2.247,-0.0356223176,2020-05-22
2.286,2.286,2.286,0.0173564753,2020-05-25
2.328,2.328,2.328,0.0183727034,2020-05-26
2.326,2.326,2.326,-0.0008591065,2020-05-27
2.295,2.295,2.295,-0.013327601,2020-05-28
2.337,2.337,2.337,0.0183006536,2020-05-29
2.374,2.374,2.374,0.0158322636,2020-06-01
2.395,2.395,2.395,0.0088458298,2020-06-02
2.394,2.394,2.394,-0.0004175365,2020-06-03
2.414,2.414,2.414,0.0083542189,2020-06-04
2.409,2.409,2.409,-0.002071251,2020-06-05
2.401,2.401,2.401,-0.00332088,2020-06-08
2.428,2.428,2.428,0.0112453145,2020-06-09
2.444,2.444,2.444,0.0065897858,2020-06-10
2.436,2.436,2.436,-0.0032733224,2020-06-11
2.43,2.43,2.43,-0.0024630542,2020-06-12
2.382,2.382,2.382,-0.0197530864,2020-06-15
2.46,2.46,2.46,0.0327455919,2020-06-16
2.441,2.441,2.441,-0.0077235772,2020-06-17
2.475,2.475,2.475,0.0139287177,2020-06-18
2.493,2.493,2.493,0.0072727273,2020-06-19
2.486,2.486,2.486,-0.002807862,2020-06-22
2.535,2.535,2.535,0.0197103781,2020-06-23
2.524,2.524,2.524,-0.0043392505,2020-06-24
2.501,2.501,2.501,-0.0091125198,2020-06-29
2.505,2.505,2.505,0.0015993603,2020-06-30
2.525,2.525,2.525,0.0079840319,2020-07-01
2.63,2.63,2.63,0.0415841584,2020-07-02
2.697,2.697,2.697,0.0254752852,2020-07-03
2.773,2.773,2.773,0.0281794587,2020-07-06
2.757,2.757,2.757,-0.0057699243,2020-07-07
2.816,2.816,2.816,0.0214000725,2020-07-08
2.838,2.838,2.838,0.0078125,2020-07-09
2.784,2.784,2.784,-0.0190274841,2020-07-10
2.801,2.801,2.801,0.0061063218,2020-07-13
2.716,2.716,2.716,-0.0303463049,2020-07-14
2.745,2.745,2.745,0.0106774669,2020-07-15
2.631,2.631,2.631,-0.0415300546,2020-07-16
2.689,2.689,2.689,0.0220448499,2020-07-17
2.747,2.747,2.747,0.0215693566,2020-07-20
2.835,2.835,2.835,0.0320349472,2020-07-21
2.744,2.744,2.744,-0.0320987654,2020-07-22
2.799,2.799,2.799,0.0200437318,2020-07-23
2.703,2.703,2.703,-0.0342979636,2020-07-24
2.696,2.696,2.696,-0.0025897151,2020-07-27
2.764,2.764,2.764,0.0252225519,2020-07-28
2.79,2.79,2.79,0.009406657,2020-07-29
2.777,2.777,2.777,-0.0046594982,2020-07-30
2.773,2.773,2.773,-0.0014404033,2020-07-31
2.803,2.803,2.803,0.010818608,2020-08-03
2.844,2.844,2.844,0.0146271852,2020-08-04
2.887,2.887,2.887,0.0151195499,2020-08-05
2.89,2.89,2.89,0.001039141,2020-08-06
2.874,2.874,2.874,-0.0055363322,2020-08-07
2.844,2.844,2.844,-0.0104384134,2020-08-10
2.85,2.85,2.85,0.0021097046,2020-08-11
2.812,2.812,2.812,-0.0133333333,2020-08-12
2.803,2.803,2.803,-0.003200569,2020-08-13
2.831,2.831,2.831,0.0099892972,2020-08-14
2.851,2.851,2.851,0.0070646415,2020-08-17
2.863,2.863,2.863,0.0042090495,2020-08-18
2.813,2.813,2.813,-0.0174641984,2020-08-19
2.817,2.817,2.817,0.0014219694,2020-08-20
2.882,2.882,2.882,0.0230741924,2020-08-21
2.96,2.96,2.96,0.0270645385,2020-08-24
2.935,2.935,2.935,-0.0084459459,2020-08-25
2.919,2.919,2.919,-0.005451448,2020-08-26
2.942,2.942,2.942,0.0078794108,2020-08-27
2.924,2.924,2.924,-0.0061182869,2020-08-28
2.895,2.895,2.895,-0.0099179207,2020-08-31
2.949,2.949,2.949,0.0186528497,2020-09-01
2.979,2.979,2.979,0.01017294,2020-09-02
2.927,2.927,2.927,-0.017455522,2020-09-03
2.912,2.912,2.912,-0.0051247011,2020-09-04
2.866,2.866,2.866,-0.0157967033,2020-09-07
2.866,2.866,2.866,0.0,2020-09-08
2.843,2.843,2.843,-0.0080251221,2020-09-09
2.859,2.859,2.859,0.0056278579,2020-09-10
2.922,2.922,2.922,0.0220356768,2020-09-11
2.995,2.995,2.995,0.0249828884,2020-09-14
3.011,3.011,3.011,0.0053422371,2020-09-15
3.08,3.08,3.08,0.0229159748,2020-09-16
3.063,3.063,3.063,-0.0055194805,2020-09-17
3.108,3.108,3.108,0.0146914789,2020-09-18
3.056,3.056,3.056,-0.0167310167,2020-09-21
3.045,3.045,3.045,-0.0035994764,2020-09-22
3.056,3.056,3.056,0.0036124795,2020-09-23
2.998,2.998,2.998,-0.0189790576,2020-09-24
2.965,2.965,2.965,-0.0110073382,2020-09-25
3.005,3.005,3.005,0.0134907251,2020-09-28
3.025,3.025,3.025,0.006655574,2020-09-29
3.08,3.08,3.08,0.0181818182,2020-09-30
3.153,3.153,3.153,0.0237012987,2020-10-09
3.193,3.193,3.193,0.0126863305,2020-10-12
3.226,3.226,3.226,0.010335108,2020-10-13
3.275,3.275,3.275,0.0151890887,2020-10-14
3.252,3.252,3.252,-0.0070229008,2020-10-15
3.189,3.189,3.189,-0.0193726937,2020-10-16
3.146,3.146,3.146,-0.0134838507,2020-10-19
3.191,3.191,3.191,0.0143038779,2020-10-20
3.183,3.183,3.183,-0.0025070511,2020-10-21
3.161,3.161,3.161,-0.0069117185,2020-10-22
3.099,3.099,3.099,-0.0196140462,2020-10-23
3.112,3.112,3.112,0.0041949016,2020-10-26
3.147,3.147,3.147,0.0112467866,2020-10-27
3.187,3.187,3.187,0.012710518,2020-10-28
3.228,3.228,3.228,0.0128647631,2020-10-29
3.278,3.278,3.278,0.0154894672,2020-10-30
3.287,3.287,3.287,0.0027455766,2020-11-02
3.302,3.302,3.302,0.0045634317,2020-11-03
3.311,3.311,3.311,0.0027256208,2020-11-04
3.484,3.484,3.484,0.0522500755,2020-11-05
3.444,3.444,3.444,-0.0114810563,2020-11-06
3.509,3.509,3.509,0.018873403,2020-11-09
3.351,3.351,3.351,-0.0450270732,2020-11-10
3.248,3.248,3.248,-0.0307370934,2020-11-11
3.301,3.301,3.301,0.016317734,2020-11-12
3.34,3.34,3.34,0.0118146016,2020-11-13
3.346,3.346,3.346,0.0017964072,2020-11-16
3.338,3.338,3.338,-0.0023909145,2020-11-17
3.361,3.361,3.361,0.0068903535,2020-11-18
3.388,3.388,3.388,0.0080333234,2020-11-19
3.477,3.477,3.477,0.0262691854,2020-11-20
3.515,3.515,3.515,0.0109289617,2020-11-23
3.484,3.484,3.484,-0.0088193457,2020-11-24
3.423,3.423,3.423,-0.0175086108,2020-11-25
3.519,3.519,3.519,0.0280455741,2020-11-26
3.502,3.502,3.502,-0.0048309179,2020-11-27
3.507,3.507,3.507,0.0014277556,2020-11-30
3.572,3.572,3.572,0.0185343599,2020-12-01
3.577,3.577,3.577,0.001399776,2020-12-02
3.521,3.521,3.521,-0.0156555773,2020-12-03
3.541,3.541,3.541,0.0056802045,2020-12-04
3.488,3.488,3.488,-0.0149675233,2020-12-07
3.524,3.524,3.524,0.0103211009,2020-12-08
3.478,3.478,3.478,-0.0130533485,2020-12-09
3.445,3.445,3.445,-0.0094882116,2020-12-10
3.451,3.451,3.451,0.0017416546,2020-12-11
3.49,3.49,3.49,0.0113010722,2020-12-14
3.513,3.513,3.513,0.0065902579,2020-12-15
3.55,3.55,3.55,0.0105323086,2020-12-16
3.558,3.558,3.558,0.0022535211,2020-12-17
3.539,3.539,3.539,-0.0053400787,2020-12-18
3.532,3.532,3.532,-0.0019779599,2020-12-21
3.496,3.496,3.496,-0.0101925255,2020-12-22
3.527,3.527,3.527,0.0088672769,2020-12-23
3.52,3.52,3.52,-0.0019846895,2020-12-24
3.528,3.528,3.528,0.0022727273,2020-12-25
3.49,3.49,3.49,-0.0107709751,2020-12-28
3.512,3.512,3.512,0.0063037249,2020-12-29
3.585,3.585,3.585,0.020785877,2020-12-30
3.681,3.681,3.681,0.0267782427,2020-12-31
3.71,3.71,3.71,0.0078782939,2021-01-04
3.753,3.753,3.753,0.0115902965,2021-01-05
3.76,3.76,3.76,0.0018651745,2021-01-06
3.764,3.764,3.764,0.0010638298,2021-01-07
3.82,3.82,3.82,0.0148777896,2021-01-08
3.914,3.914,3.914,0.0246073298,2021-01-11
3.944,3.944,3.944,0.0076647931,2021-01-12
3.965,3.965,3.965,0.0053245436,2021-01-13
3.952,3.952,3.952,-0.0032786885,2021-01-14
3.952,3.952,3.952,0.0,2021-01-15
4.075,4.075,4.075,0.0311234818,2021-01-18
4.131,4.131,4.131,0.0137423313,2021-01-19
4.186,4.186,4.186,0.0133139676,2021-01-20
4.192,4.192,4.192,0.0014333493,2021-01-21
4.238,4.238,4.238,0.0109732824,2021-01-22
4.385,4.385,4.385,0.0346861727,2021-01-25
4.31,4.31,4.31,-0.0171037628,2021-01-26
4.275,4.275,4.275,-0.0081206497,2021-01-27
4.174,4.174,4.174,-0.023625731,2021-01-28
4.196,4.196,4.196,0.0052707235,2021-01-29
4.261,4.261,4.261,0.0154909438,2021-02-01
4.32,4.32,4.32,0.0138465149,2021-02-02
4.379,4.379,4.379,0.0136574074,2021-02-03
4.339,4.339,4.339,-0.0091345056,2021-02-04
4.297,4.297,4.297,-0.0096796497,2021-02-05
4.334,4.334,4.334,0.0086106586,2021-02-08
4.43,4.43,4.43,0.0221504384,2021-02-09
4.465,4.465,4.465,0.0079006772,2021-02-10
4.446,4.446,4.446,-0.0042553191,2021-02-18
4.43,4.43,4.43,-0.0035987404,2021-02-19
4.209,4.209,4.209,-0.0498871332,2021-02-22
4.198,4.198,4.198,-0.0026134474,2021-02-23
4.067,4.067,4.067,-0.0312053359,2021-02-24
4.152,4.152,4.152,0.0208999262,2021-02-25
4.031,4.031,4.031,-0.0291425819,2021-02-26
4.136,4.136,4.136,0.026048127,2021-03-01
4.141,4.141,4.141,0.0012088975,2021-03-02
4.234,4.234,4.234,0.0224583434,2021-03-03
4.094,4.094,4.094,-0.033065659,2021-03-04
4.069,4.069,4.069,-0.0061064973,2021-03-05
3.902,3.902,3.902,-0.0410420251,2021-03-08
3.85,3.85,3.85,-0.0133264992,2021-03-09
3.903,3.903,3.903,0.0137662338,2021-03-10
3.994,3.994,3.994,0.0233153984,2021-03-11
4.006,4.006,4.006,0.0030045068,2021-03-12
3.966,3.966,3.966,-0.0099850225,2021-03-15
4.026,4.026,4.026,0.015128593,2021-03-16
4.029,4.029,4.029,0.0007451565,2021-03-17
4.062,4.062,4.062,0.008190618,2021-03-18
3.998,3.998,3.998,-0.0157557853,2021-03-19
3.99,3.99,3.99,-0.0020010005,2021-03-22
3.901,3.901,3.901,-0.0223057644,2021-03-23
3.811,3.811,3.811,-0.0230710074,2021-03-24
3.822,3.822,3.822,0.0028863815,2021-03-25
3.905,3.905,3.905,0.0217163789,2021-03-26
3.919,3.919,3.919,0.0035851472,2021-03-29
3.993,3.993,3.993,0.018882368,2021-03-30
3.966,3.966,3.966,-0.0067618332,2021-03-31
4.036,4.036,4.036,0.0176500252,2021-04-01
4.049,4.049,4.049,0.0032210109,2021-04-02
4.051,4.051,4.051,0.0004939491,2021-04-06
3.99,3.99,3.99,-0.0150580104,2021-04-07
3.989,3.989,3.989,-0.0002506266,2021-04-08
3.93,3.93,3.93,-0.0147906744,2021-04-09
3.864,3.864,3.864,-0.0167938931,2021-04-12
3.846,3.846,3.846,-0.0046583851,2021-04-13
3.884,3.884,3.884,0.0098803952,2021-04-14
3.87,3.87,3.87,-0.0036045314,2021-04-15
3.897,3.897,3.897,0.0069767442,2021-04-16
4.009,4.009,4.009,0.0287400565,2021-04-19
4.013,4.013,4.013,0.0009977551,2021-04-20
4.008,4.008,4.008,-0.0012459507,2021-04-21
4.053,4.053,4.053,0.0112275449,2021-04-22
4.056,4.056,4.056,0.0007401925,2021-04-23
4.089,4.089,4.089,0.0081360947,2021-04-26
4.069,4.069,4.069,-0.0048911714,2021-04-27
4.107,4.107,4.107,0.0093389039,2021-04-28
4.121,4.121,4.121,0.0034088142,2021-04-29
4.056,4.056,4.056,-0.0157728707,2021-04-30
4.01,4.01,4.01,-0.0113412229,2021-05-06
3.921,3.921,3.921,-0.0221945137,2021-05-07
3.867,3.867,3.867,-0.0137719969,2021-05-10
3.812,3.812,3.812,-0.0142229118,2021-05-11
3.876,3.876,3.876,0.0167890871,2021-05-12
3.788,3.788,3.788,-0.0227038184,2021-05-13
3.844,3.844,3.844,0.0147835269,2021-05-14
3.925,3.925,3.925,0.0210718002,2021-05-17
3.93,3.93,3.93,0.0012738854,2021-05-18
3.928,3.928,3.928,-0.0005089059,2021-05-19
3.964,3.964,3.964,0.0091649695,2021-05-20
3.937,3.937,3.937,-0.0068113017,2021-05-21
3.909,3.909,3.909,-0.0071120142,2021-05-24
4.007,4.007,4.007,0.0250703505,2021-05-25
4.041,4.041,4.041,0.008485151,2021-05-26
4.077,4.077,4.077,0.008908686,2021-05-27
4.001,4.001,4.001,-0.0186411577,2021-05-28
4.045,4.045,4.045,0.0109972507,2021-05-31
4.063,4.063,4.063,0.0044499382,2021-06-01
4.078,4.078,4.078,0.0036918533,2021-06-02
4.036,4.036,4.036,-0.0102991663,2021-06-03
4.054,4.054,4.054,0.0044598612,2021-06-04
4.011,4.011,4.011,-0.0106068081,2021-06-07
3.982,3.982,3.982,-0.0072301172,2021-06-08
4.014,4.014,4.014,0.0080361627,2021-06-09
4.01,4.01,4.01,-0.0009965122,2021-06-10
4.02,4.02,4.02,0.0024937656,2021-06-11
4.055,4.055,4.055,0.0087064677,2021-06-15
3.973,3.973,3.973,-0.0202219482,2021-06-16
4.009,4.009,4.009,0.0090611628,2021-06-17
4.083,4.083,4.083,0.0184584684,2021-06-18
4.053,4.053,4.053,-0.0073475386,2021-06-21
4.027,4.027,4.027,-0.0064150012,2021-06-22
4.055,4.055,4.055,0.0069530668,2021-06-23
4.051,4.051,4.051,-0.0009864365,2021-06-24
4.107,4.107,4.107,0.0138237472,2021-06-25
4.084,4.084,4.084,-0.0056001948,2021-06-28
4.055,4.055,4.055,-0.0071008815,2021-06-29
4.043,4.043,4.043,-0.0029593095,2021-06-30
4.052,4.052,4.052,0.0022260698,2021-07-01
3.936,3.936,3.936,-0.0286278381,2021-07-02
3.865,3.865,3.865,-0.0180386179,2021-07-05
3.854,3.854,3.854,-0.0028460543,2021-07-06
3.915,3.915,3.915,0.0158277115,2021-07-07
3.813,3.813,3.813,-0.0260536398,2021-07-08
3.818,3.818,3.818,0.0013113034,2021-07-09
3.861,3.861,3.861,0.0112624411,2021-07-12
3.9,3.9,3.9,0.0101010101,2021-07-13
3.866,3.866,3.866,-0.0087179487,2021-07-14
3.866,3.866,3.866,0.0,2021-07-15
3.863,3.863,3.863,-0.0007759959,2021-07-16
3.808,3.808,3.808,-0.0142376391,2021-07-19
3.774,3.774,3.774,-0.0089285714,2021-07-20
3.881,3.881,3.881,0.0283518813,2021-07-21
3.898,3.898,3.898,0.0043803144,2021-07-22
3.825,3.825,3.825,-0.0187275526,2021-07-23
3.662,3.662,3.662,-0.0426143791,2021-07-26
3.472,3.472,3.472,-0.0518842163,2021-07-27
3.48,3.48,3.48,0.0023041475,2021-07-28
3.619,3.619,3.619,0.0399425287,2021-07-29
3.588,3.588,3.588,-0.0085659022,2021-07-30
3.639,3.639,3.639,0.0142140468,2021-08-02
3.652,3.652,3.652,0.00357241,2021-08-03
3.74,3.74,3.74,0.0240963855,2021-08-04
3.723,3.723,3.723,-0.0045454545,2021-08-05
3.678,3.678,3.678,-0.0120870266,2021-08-06
3.689,3.689,3.689,0.0029907558,2021-08-09
3.718,3.718,3.718,0.007861209,2021-08-10
3.704,3.704,3.704,-0.0037654653,2021-08-11
3.677,3.677,3.677,-0.0072894168,2021-08-12
3.648,3.648,3.648,-0.0078868643,2021-08-13
3.631,3.631,3.631,-0.0046600877,2021-08-16
3.569,3.569,3.569,-0.0170751859,2021-08-17
3.579,3.579,3.579,0.0028019053,2021-08-18
3.561,3.561,3.561,-0.0050293378,2021-08-19
3.46,3.46,3.46,-0.0283628194,2021-08-20
3.542,3.542,3.542,0.023699422,2021-08-23
3.586,3.586,3.586,0.0124223602,2021-08-24
3.573,3.573,3.573,-0.0036252091,2021-08-25
3.531,3.531,3.531,-0.0117548279,2021-08-26
3.503,3.503,3.503,-0.0079297649,2021-08-27
3.495,3.495,3.495,-0.0022837568,2021-08-30
3.452,3.452,3.452,-0.0123032904,2021-08-31
3.477,3.477,3.477,0.0072421784,2021-09-01
3.467,3.467,3.467,-0.0028760426,2021-09-02
3.483,3.483,3.483,0.0046149409,2021-09-03
3.53,3.53,3.53,0.0134941143,2021-09-06
3.559,3.559,3.559,0.0082152975,2021-09-07
3.541,3.541,3.541,-0.0050576004,2021-09-08
3.483,3.483,3.483,-0.0163795538,2021-09-09
3.485,3.485,3.485,0.0005742176,2021-09-10
3.444,3.444,3.444,-0.0117647059,2021-09-13
3.383,3.383,3.383,-0.0177119628,2021-09-14
3.333,3.333,3.333,-0.0147797813,2021-09-15
3.304,3.304,3.304,-0.0087008701,2021-09-16
3.344,3.344,3.344,0.0121065375,2021-09-17
3.295,3.295,3.295,-0.01465311,2021-09-22
3.279,3.279,3.279,-0.0048558422,2021-09-23
3.264,3.264,3.264,-0.0045745654,2021-09-24
3.263,3.263,3.263,-0.0003063725,2021-09-27
3.274,3.274,3.274,0.0033711309,2021-09-28
3.263,3.263,3.263,-0.0033598045,2021-09-29
3.267,3.267,3.267,0.0012258658,2021-09-30
3.283,3.283,3.283,0.0048974594,2021-10-08
3.309,3.309,3.309,0.0079195857,2021-10-11
3.278,3.278,3.278,-0.0093683892,2021-10-12
3.295,3.295,3.295,0.0051860891,2021-10-13
3.297,3.297,3.297,0.0006069803,2021-10-14
3.348,3.348,3.348,0.0154686078,2021-10-15
3.334,3.334,3.334,-0.004181601,2021-10-18
3.397,3.397,3.397,0.0188962208,2021-10-19
3.393,3.393,3.393,-0.0011775096,2021-10-20
3.401,3.401,3.401,0.0023577955,2021-10-21
3.426,3.426,3.426,0.0073507792,2021-10-22
3.433,3.433,3.433,0.0020431991,2021-10-25
3.398,3.398,3.398,-0.0101951646,2021-10-26
3.342,3.342,3.342,-0.0164802825,2021-10-27
3.354,3.354,3.354,0.0035906643,2021-10-28
3.366,3.366,3.366,0.0035778175,2021-10-29
3.361,3.361,3.361,-0.0014854427,2021-11-01
3.354,3.354,3.354,-0.0020827135,2021-11-02
3.33,3.33,3.33,-0.0071556351,2021-11-03
3.383,3.383,3.383,0.0159159159,2021-11-04
3.348,3.348,3.348,-0.0103458469,2021-11-05
3.274,3.274,3.274,-0.0221027479,2021-11-08
3.266,3.266,3.266,-0.0024434942,2021-11-09
3.273,3.273,3.273,0.0021432945,2021-11-10
3.315,3.315,3.315,0.012832264,2021-11-11
3.348,3.348,3.348,0.0099547511,2021-11-12
3.328,3.328,3.328,-0.0059737157,2021-11-15
3.354,3.354,3.354,0.0078125,2021-11-16
3.347,3.347,3.347,-0.0020870602,2021-11-17
3.32,3.32,3.32,-0.0080669256,2021-11-18
3.332,3.332,3.332,0.0036144578,2021-11-19
3.375,3.375,3.375,0.0129051621,2021-11-22
3.327,3.327,3.327,-0.0142222222,2021-11-23
3.337,3.337,3.337,0.0030057109,2021-11-24
3.324,3.324,3.324,-0.0038957147,2021-11-25
3.253,3.253,3.253,-0.0213598075,2021-11-26
3.265,3.265,3.265,0.0036889026,2021-11-29
3.24,3.24,3.24,-0.0076569678,2021-11-30
3.218,3.218,3.218,-0.0067901235,2021-12-01
3.212,3.212,3.212,-0.0018645121,2021-12-02
3.209,3.209,3.209,-0.0009339975,2021-12-03
3.167,3.167,3.167,-0.0130881895,2021-12-06
3.201,3.201,3.201,0.010735712,2021-12-07
3.235,3.235,3.235,0.0106216807,2021-12-08
3.311,3.311,3.311,0.0234930448,2021-12-09
3.29,3.29,3.29,-0.0063424947,2021-12-10
3.307,3.307,3.307,0.0051671733,2021-12-13
3.281,3.281,3.281,-0.0078621107,2021-12-14
3.248,3.248,3.248,-0.0100579092,2021-12-15
3.282,3.282,3.282,0.0104679803,2021-12-16
3.23,3.23,3.23,-0.0158439976,2021-12-17
3.141,3.141,3.141,-0.0275541796,2021-12-20
3.19,3.19,3.19,0.0156001273,2021-12-21
3.207,3.207,3.207,0.0053291536,2021-12-22
3.262,3.262,3.262,0.0171499844,2021-12-23
3.24,3.24,3.24,-0.0067443286,2021-12-24
3.236,3.236,3.236,-0.0012345679,2021-12-27
3.22,3.22,3.22,-0.0049443758,2021-12-28
3.199,3.199,3.199,-0.0065217391,2021-12-29
3.201,3.201,3.201,0.0006251954,2021-12-30
3.244,3.244,3.244,0.0134333021,2021-12-31
3.209,3.209,3.209,-0.0107891492,2022-01-04
3.113,3.113,3.113,-0.0299158616,2022-01-05
3.091,3.091,3.091,-0.0070671378,2022-01-06
3.095,3.095,3.095,0.0012940796,2022-01-07
3.125,3.125,3.125,0.0096930533,2022-01-10
3.105,3.105,3.105,-0.0064,2022-01-11
3.148,3.148,3.148,0.0138486312,2022-01-12
3.104,3.104,3.104,-0.0139771283,2022-01-13
3.106,3.106,3.106,0.0006443299,2022-01-14
3.087,3.087,3.087,-0.0061171925,2022-01-17
3.101,3.101,3.101,0.0045351474,2022-01-18
3.102,3.102,3.102,0.0003224766,2022-01-19
3.168,3.168,3.168,0.0212765957,2022-01-20
3.145,3.145,3.145,-0.007260101,2022-01-21
3.113,3.113,3.113,-0.0101748808,2022-01-24
3.053,3.053,3.053,-0.0192740122,2022-01-25
3.057,3.057,3.057,0.0013101867,2022-01-26
3.001,3.001,3.001,-0.018318613,2022-01-27
2.96,2.96,2.96,-0.0136621126,2022-01-28
3.012,3.012,3.012,0.0175675676,2022-02-07
2.983,2.983,2.983,-0.0096281541,2022-02-08
3.032,3.032,3.032,0.0164264164,2022-02-09
3.033,3.033,3.033,0.0003298153,2022-02-10
3.002,3.002,3.002,-0.0102209034,2022-02-11
2.99,2.99,2.99,-0.0039973351,2022-02-14
3.002,3.002,3.002,0.0040133779,2022-02-15
3.022,3.022,3.022,0.0066622252,2022-02-16
3.025,3.025,3.025,0.0009927201,2022-02-17
2.993,2.993,2.993,-0.0105785124,2022-02-18
2.96,2.96,2.96,-0.0110257267,2022-02-21
2.902,2.902,2.902,-0.0195945946,2022-02-22
2.92,2.92,2.92,0.0062026189,2022-02-23
2.86,2.86,2.86,-0.0205479452,2022-02-24
2.868,2.868,2.868,0.0027972028,2022-02-25
2.846,2.846,2.846,-0.0076708508,2022-02-28
2.849,2.849,2.849,0.001054111,2022-03-01
2.831,2.831,2.831,-0.0063180063,2022-03-02
2.823,2.823,2.823,-0.0028258566,2022-03-03
2.811,2.811,2.811,-0.004250797,2022-03-04
2.793,2.793,2.793,-0.0064034152,2022-03-07
2.779,2.779,2.779,-0.0050125313,2022-03-08
2.771,2.771,2.771,-0.0028787334,2022-03-09
2.774,2.774,2.774,0.0010826416,2022-03-10
2.773,2.773,2.773,-0.0003604903,2022-03-11
2.772,2.772,2.772,-0.0003606203,2022-03-14
2.771,2.771,2.771,-0.0003607504,2022-03-15
2.773,2.773,2.773,0.0007217611,2022-03-16
2.775,2.775,2.775,0.0007212405,2022-03-17
2.775,2.775,2.775,0.0,2022-03-18
2.76,2.76,2.76,-0.0054054054,2022-03-21
2.77,2.77,2.77,0.0036231884,2022-03-22
2.785,2.785,2.785,0.0054151625,2022-03-23
2.763,2.763,2.763,-0.0078994614,2022-03-24
2.711,2.711,2.711,-0.0188201231,2022-03-25
2.702,2.702,2.702,-0.0033198082,2022-03-28
2.709,2.709,2.709,0.0025906736,2022-03-29
2.776,2.776,2.776,0.0247323736,2022-03-30
2.744,2.744,2.744,-0.0115273775,2022-03-31
2.772,2.772,2.772,0.0102040816,2022-04-01
2.762,2.762,2.762,-0.0036075036,2022-04-06
2.74,2.74,2.74,-0.0079652426,2022-04-07
2.74,2.74,2.74,0.0,2022-04-08
2.668,2.668,2.668,-0.0262773723,2022-04-11
2.717,2.717,2.717,0.0183658171,2022-04-12
2.716,2.716,2.716,-0.000368053,2022-04-13
2.743,2.743,2.743,0.0099410898,2022-04-14
2.752,2.752,2.752,0.0032810791,2022-04-15
2.732,2.732,2.732,-0.0072674419,2022-04-18
2.676,2.676,2.676,-0.0204978038,2022-04-19
2.643,2.643,2.643,-0.0123318386,2022-04-20
2.607,2.607,2.607,-0.0136208854,2022-04-21
2.636,2.636,2.636,0.0111238972,2022-04-22
2.544,2.544,2.544,-0.0349013657,2022-04-25
2.581,2.581,2.581,0.0145440252,2022-04-26
2.61,2.61,2.61,0.0112359551,2022-04-27
2.638,2.638,2.638,0.0107279693,2022-04-28
2.725,2.725,2.725,0.0329795299,2022-04-29
2.706,2.706,2.706,-0.0069724771,2022-05-05
2.618,2.618,2.618,-0.0325203252,2022-05-06
2.6,2.6,2.6,-0.0068754775,2022-05-09
2.599,2.599,2.599,-0.0003846154,2022-05-10
2.646,2.646,2.646,0.0180838784,2022-05-11
2.615,2.615,2.615,-0.0117157974,2022-05-12
2.654,2.654,2.654,0.0149139579,2022-05-13
2.632,2.632,2.632,-0.0082893745,2022-05-16
2.7,2.7,2.7,0.0258358663,2022-05-17
2.689,2.689,2.689,-0.0040740741,2022-05-18
2.643,2.643,2.643,-0.0171067311,2022-05-19
2.722,2.722,2.722,0.0298902762,2022-05-20
2.664,2.664,2.664,-0.0213078619,2022-05-23
2.598,2.598,2.598,-0.0247747748,2022-05-24
2.603,2.603,2.603,0.0019245574,2022-05-25
2.6,2.6,2.6,-0.0011525163,2022-05-26
2.645,2.645,2.645,0.0173076923,2022-05-27
2.697,2.697,2.697,0.0196597353,2022-05-30
2.742,2.742,2.742,0.0166852058,2022-05-31
2.729,2.729,2.729,-0.0047410649,2022-06-01
2.712,2.712,2.712,-0.0062293881,2022-06-02
2.767,2.767,2.767,0.020280236,2022-06-06
2.784,2.784,2.784,0.0061438381,2022-06-07
2.858,2.858,2.858,0.0265804598,2022-06-08
2.829,2.829,2.829,-0.0101469559,2022-06-09
2.841,2.841,2.841,0.0042417815,2022-06-10
2.761,2.761,2.761,-0.0281590989,2022-06-13
2.791,2.791,2.791,0.0108656284,2022-06-14
2.85,2.85,2.85,0.0211393766,2022-06-15
2.812,2.812,2.812,-0.0133333333,2022-06-16
2.877,2.877,2.877,0.0231152205,2022-06-17
2.884,2.884,2.884,0.00243309,2022-06-20
2.921,2.921,2.921,0.0128294036,2022-06-21
2.868,2.868,2.868,-0.0181444711,2022-06-22
2.9,2.9,2.9,0.0111576011,2022-06-23
2.985,2.985,2.985,0.0293103448,2022-06-24
3.041,3.041,3.041,0.018760469,2022-06-27
3.05,3.05,3.05,0.0029595528,2022-06-28
3.001,3.001,3.001,-0.0160655738,2022-06-29
3.031,3.031,3.031,0.0099966678,2022-06-30
3.025,3.025,3.025,-0.0019795447,2022-07-01
3.054,3.054,3.054,0.0095867769,2022-07-04
3.046,3.046,3.046,-0.0026195154,2022-07-05
2.995,2.995,2.995,-0.0167432699,2022-07-06
2.983,2.983,2.983,-0.0040066778,2022-07-07
2.986,2.986,2.986,0.001005699,2022-07-08
2.937,2.937,2.937,-0.0164099129,2022-07-11
2.914,2.914,2.914,-0.0078311202,2022-07-12
2.916,2.916,2.916,0.0006863418,2022-07-13
2.928,2.928,2.928,0.0041152263,2022-07-14
2.877,2.877,2.877,-0.0174180328,2022-07-15
2.906,2.906,2.906,0.0100799444,2022-07-18
2.873,2.873,2.873,-0.0113558156,2022-07-19
2.902,2.902,2.902,0.0100939784,2022-07-20
2.888,2.888,2.888,-0.0048242591,2022-07-21
2.877,2.877,2.877,-0.0038088643,2022-07-22
2.869,2.869,2.869,-0.0027806743,2022-07-25
2.878,2.878,2.878,0.0031369815,2022-07-26
2.846,2.846,2.846,-0.0111188325,2022-07-27
2.834,2.834,2.834,-0.0042164441,2022-07-28
2.768,2.768,2.768,-0.023288638,2022-07-29
2.767,2.767,2.767,-0.0003612717,2022-08-01
2.724,2.724,2.724,-0.0155402963,2022-08-02
2.727,2.727,2.727,0.0011013216,2022-08-03
2.769,2.769,2.769,0.0154015402,2022-08-04
2.793,2.793,2.793,0.0086673889,2022-08-05
2.775,2.775,2.775,-0.0064446831,2022-08-08
2.761,2.761,2.761,-0.005045045,2022-08-09
2.714,2.714,2.714,-0.0170228178,2022-08-10
2.78,2.78,2.78,0.0243183493,2022-08-11
2.805,2.805,2.805,0.0089928058,2022-08-12
2.787,2.787,2.787,-0.0064171123,2022-08-15
2.767,2.767,2.767,-0.0071761751,2022-08-16
2.774,2.774,2.774,0.0025298157,2022-08-17
2.752,2.752,2.752,-0.0079307859,2022-08-18
2.754,2.754,2.754,0.0007267442,2022-08-19
2.771,2.771,2.771,0.0061728395,2022-08-22
2.775,2.775,2.775,0.0014435222,2022-08-23
2.729,2.729,2.729,-0.0165765766,2022-08-24
2.806,2.806,2.806,0.0282154635,2022-08-25
2.81,2.81,2.81,0.0014255167,2022-08-26
2.79,2.79,2.79,-0.0071174377,2022-08-29
2.777,2.777,2.777,-0.0046594982,2022-08-30
2.805,2.805,2.805,0.0100828232,2022-08-31
2.771,2.771,2.771,-0.0121212121,2022-09-01
2.75,2.75,2.75,-0.0075784915,2022-09-02
2.739,2.739,2.739,-0.004,2022-09-05
2.753,2.753,2.753,0.0051113545,2022-09-06
2.738,2.738,2.738,-0.0054486015,2022-09-07
2.713,2.713,2.713,-0.0091307524,2022-09-08
2.774,2.774,2.774,0.0224843347,2022-09-09
2.769,2.769,2.769,-0.0018024513,2022-09-13
2.744,2.744,2.744,-0.0090285302,2022-09-14
2.745,2.745,2.745,0.0003644315,2022-09-15
2.69,2.69,2.69,-0.0200364299,2022-09-16
2.68,2.68,2.68,-0.0037174721,2022-09-19
2.674,2.674,2.674,-0.002238806,2022-09-20
2.633,2.633,2.633,-0.0153328347,2022-09-21
2.615,2.615,2.615,-0.0068363084,2022-09-22
2.585,2.585,2.585,-0.0114722753,2022-09-23
2.591,2.591,2.591,0.0023210832,2022-09-26
2.639,2.639,2.639,0.0185256658,2022-09-27
2.61,2.61,2.61,-0.010989011,2022-09-28
2.627,2.627,2.627,0.00651341,2022-09-29
2.614,2.614,2.614,-0.0049486106,2022-09-30
2.557,2.557,2.557,-0.0218056618,2022-10-10
2.541,2.541,2.541,-0.0062573328,2022-10-11
2.535,2.535,2.535,-0.0023612751,2022-10-12
2.494,2.494,2.494,-0.01617357,2022-10-13
2.564,2.564,2.564,0.0280673617,2022-10-14
2.562,2.562,2.562,-0.0007800312,2022-10-17
2.584,2.584,2.584,0.0085870414,2022-10-18
2.507,2.507,2.507,-0.0297987616,2022-10-19
2.494,2.494,2.494,-0.0051854807,2022-10-20
2.498,2.498,2.498,0.0016038492,2022-10-21
2.362,2.362,2.362,-0.0544435548,2022-10-24
2.354,2.354,2.354,-0.0033869602,2022-10-25
2.393,2.393,2.393,0.0165675446,2022-10-26
2.366,2.366,2.366,-0.0112829085,2022-10-27
2.297,2.297,2.297,-0.0291631445,2022-10-28
2.294,2.294,2.294,-0.0013060514,2022-10-31
2.403,2.403,2.403,0.0475152572,2022-11-01
2.45,2.45,2.45,0.0195588847,2022-11-02
2.418,2.418,2.418,-0.0130612245,2022-11-03
2.497,2.497,2.497,0.0326716294,2022-11-04
2.517,2.517,2.517,0.0080096115,2022-11-07
2.494,2.494,2.494,-0.0091378625,2022-11-08
2.468,2.468,2.468,-0.01042502,2022-11-09
2.442,2.442,2.442,-0.010534846,2022-11-10
2.567,2.567,2.567,0.0511875512,2022-11-11
2.586,2.586,2.586,0.0074016362,2022-11-14
2.65,2.65,2.65,0.0247486466,2022-11-15
2.64,2.64,2.64,-0.0037735849,2022-11-16
2.627,2.627,2.627,-0.0049242424,2022-11-17
2.618,2.618,2.618,-0.0034259612,2022-11-18
2.564,2.564,2.564,-0.0206264324,2022-11-21
2.544,2.544,2.544,-0.007800312,2022-11-22
2.531,2.531,2.531,-0.0051100629,2022-11-23
2.53,2.53,2.53,-0.0003951008,2022-11-24
2.533,2.533,2.533,0.0011857708,2022-11-25
2.524,2.524,2.524,-0.0035530991,2022-11-28
2.66,2.66,2.66,0.0538827258,2022-11-29
2.661,2.661,2.661,0.0003759398,2022-11-30
2.682,2.682,2.682,0.00789177,2022-12-01
2.675,2.675,2.675,-0.0026099925,2022-12-02
2.751,2.751,2.751,0.028411215,2022-12-05
2.745,2.745,2.745,-0.0021810251,2022-12-06
2.705,2.705,2.705,-0.014571949,2022-12-07
2.766,2.766,2.766,0.0225508318,2022-12-08
2.826,2.826,2.826,0.021691974,2022-12-09
2.762,2.762,2.762,-0.0226468507,2022-12-12
2.783,2.783,2.783,0.0076031861,2022-12-13
2.796,2.796,2.796,0.0046712181,2022-12-14
2.753,2.753,2.753,-0.015379113,2022-12-15
2.765,2.765,2.765,0.0043588812,2022-12-16
2.739,2.739,2.739,-0.009403255,2022-12-19
2.682,2.682,2.682,-0.0208105148,2022-12-20
2.702,2.702,2.702,0.0074571216,2022-12-21
2.762,2.762,2.762,0.0222057735,2022-12-22
2.737,2.737,2.737,-0.009051412,2022-12-23
2.727,2.727,2.727,-0.0036536354,2022-12-26
2.748,2.748,2.748,0.0077007701,2022-12-27
2.758,2.758,2.758,0.0036390102,2022-12-28
2.747,2.747,2.747,-0.0039883974,2022-12-29
2.738,2.738,2.738,-0.0032763014,2022-12-30
2.758,2.758,2.758,0.0073046019,2023-01-03
2.807,2.807,2.807,0.0177664975,2023-01-04
2.848,2.848,2.848,0.0146063413,2023-01-05
2.835,2.835,2.835,-0.0045646067,2023-01-06
2.879,2.879,2.879,0.0155202822,2023-01-09
2.865,2.865,2.865,-0.0048627996,2023-01-10
2.869,2.869,2.869,0.0013961606,2023-01-11
2.858,2.858,2.858,-0.0038340885,2023-01-12
2.92,2.92,2.92,0.021693492,2023-01-13
2.945,2.945,2.945,0.0085616438,2023-01-16
2.941,2.941,2.941,-0.0013582343,2023-01-17
2.934,2.934,2.934,-0.0023801428,2023-01-18
2.938,2.938,2.938,0.0013633265,2023-01-19
2.963,2.963,2.963,0.0085091899,2023-01-20
2.956,2.956,2.956,-0.0023624705,2023-01-30
2.928,2.928,2.928,-0.0094722598,2023-01-31
2.955,2.955,2.955,0.0092213115,2023-02-01
2.952,2.952,2.952,-0.0010152284,2023-02-02
2.924,2.924,2.924,-0.0094850949,2023-02-03
2.862,2.862,2.862,-0.0212038304,2023-02-06
2.879,2.879,2.879,0.0059399022,2023-02-07
2.864,2.864,2.864,-0.0052101424,2023-02-08
2.897,2.897,2.897,0.0115223464,2023-02-09
2.855,2.855,2.855,-0.0144977563,2023-02-10
2.884,2.884,2.884,0.0101576182,2023-02-13
2.893,2.893,2.893,0.0031206657,2023-02-14
2.858,2.858,2.858,-0.012098168,2023-02-15
2.857,2.857,2.857,-0.000349895,2023-02-16
2.834,2.834,2.834,-0.0080504025,2023-02-17
2.908,2.908,2.908,0.0261115032,2023-02-20
2.882,2.882,2.882,-0.0089408528,2023-02-21
2.85,2.85,2.85,-0.0111034004,2023-02-22
2.851,2.851,2.851,0.0003508772,2023-02-23
2.821,2.821,2.821,-0.0105226236,2023-02-24
2.819,2.819,2.819,-0.0007089685,2023-02-27
2.826,2.826,2.826,0.0024831501,2023-02-28
2.901,2.901,2.901,0.0265392781,2023-03-01
2.89,2.89,2.89,-0.0037917959,2023-03-02
2.892,2.892,2.892,0.0006920415,2023-03-03
2.864,2.864,2.864,-0.0096818811,2023-03-06
2.831,2.831,2.831,-0.0115223464,2023-03-07
2.782,2.782,2.782,-0.0173083716,2023-03-08
2.755,2.755,2.755,-0.009705248,2023-03-09
2.705,2.705,2.705,-0.0181488203,2023-03-10
2.749,2.749,2.749,0.0162661738,2023-03-13
2.719,2.719,2.719,-0.0109130593,2023-03-14
2.735,2.735,2.735,0.0058845164,2023-03-15
2.702,2.702,2.702,-0.0120658135,2023-03-16
2.723,2.723,2.723,0.0077720207,2023-03-17
2.69,2.69,2.69,-0.0121189864,2023-03-20
2.734,2.734,2.734,0.0163568773,2023-03-21
2.745,2.745,2.745,0.0040234089,2023-03-22
2.789,2.789,2.789,0.0160291439,2023-03-23
2.775,2.775,2.775,-0.0050197203,2023-03-24
2.755,2.755,2.755,-0.0072072072,2023-03-27
2.762,2.762,2.762,0.0025408348,2023-03-28
2.757,2.757,2.757,-0.0018102824,2023-03-29
2.79,2.79,2.79,0.0119695321,2023-03-30
2.782,2.782,2.782,-0.0028673835,2023-03-31
2.797,2.797,2.797,0.0053918045,2023-04-03
2.8,2.8,2.8,0.0010725778,2023-04-04
2.799,2.799,2.799,-0.0003571429,2023-04-06
2.817,2.817,2.817,0.0064308682,2023-04-07
2.808,2.808,2.808,-0.0031948882,2023-04-10
2.808,2.808,2.808,0.0,2023-04-11
2.779,2.779,2.779,-0.0103276353,2023-04-12
2.78,2.78,2.78,0.0003598417,2023-04-13
2.793,2.793,2.793,0.004676259,2023-04-14
2.831,2.831,2.831,0.0136054422,2023-04-17
2.832,2.832,2.832,0.0003532321,2023-04-18
2.801,2.801,2.801,-0.0109463277,2023-04-19
2.782,2.782,2.782,-0.0067832917,2023-04-20
2.734,2.734,2.734,-0.0172537743,2023-04-21
2.68,2.68,2.68,-0.0197512802,2023-04-24
2.65,2.65,2.65,-0.0111940299,2023-04-25
2.657,2.657,2.657,0.0026415094,2023-04-26
2.674,2.674,2.674,0.0063981935,2023-04-27
2.674,2.674,2.674,0.0,2023-04-28
2.645,2.645,2.645,-0.0108451758,2023-05-04
2.641,2.641,2.641,-0.0015122873,2023-05-05
2.635,2.635,2.635,-0.0022718667,2023-05-08
2.59,2.59,2.59,-0.0170777989,2023-05-09
2.592,2.592,2.592,0.0007722008,2023-05-10
2.585,2.585,2.585,-0.0027006173,2023-05-11
2.556,2.556,2.556,-0.0112185687,2023-05-12
2.604,2.604,2.604,0.0187793427,2023-05-15
2.606,2.606,2.606,0.0007680492,2023-05-16
2.574,2.574,2.574,-0.0122793553,2023-05-17
2.582,2.582,2.582,0.0031080031,2023-05-18
2.588,2.588,2.588,0.00232378,2023-05-19
2.62,2.62,2.62,0.0123647604,2023-05-22
2.596,2.596,2.596,-0.0091603053,2023-05-23
2.564,2.564,2.564,-0.0123266564,2023-05-24
2.534,2.534,2.534,-0.011700468,2023-05-25
2.532,2.532,2.532,-0.000789266,2023-05-26
2.497,2.497,2.497,-0.0138230648,2023-05-29
2.497,2.497,2.497,0.0,2023-05-30
2.472,2.472,2.472,-0.0100120144,2023-05-31
2.488,2.488,2.488,0.0064724919,2023-06-01
2.548,2.548,2.548,0.0241157556,2023-06-02
2.529,2.529,2.529,-0.0074568289,2023-06-05
2.524,2.524,2.524,-0.001977066,2023-06-06
2.505,2.505,2.505,-0.0075277338,2023-06-07
2.516,2.516,2.516,0.0043912176,2023-06-08
2.519,2.519,2.519,0.0011923688,2023-06-09
2.524,2.524,2.524,0.0019849146,2023-06-12
2.548,2.548,2.548,0.0095087163,2023-06-13
2.562,2.562,2.562,0.0054945055,2023-06-14
2.602,2.602,2.602,0.0156128025,2023-06-15
2.634,2.634,2.634,0.0122982321,2023-06-16
2.618,2.618,2.618,-0.0060744115,2023-06-19
2.624,2.624,2.624,0.0022918258,2023-06-20
2.576,2.576,2.576,-0.0182926829,2023-06-21
2.539,2.539,2.539,-0.014363354,2023-06-26
2.569,2.569,2.569,0.0118156755,2023-06-27
2.569,2.569,2.569,0.0,2023-06-28
2.555,2.555,2.555,-0.0054495913,2023-06-29
2.556,2.556,2.556,0.0003913894,2023-06-30
2.601,2.601,2.601,0.0176056338,2023-07-03
2.599,2.599,2.599,-0.000768935,2023-07-04
2.573,2.573,2.573,-0.0100038476,2023-07-05
2.545,2.545,2.545,-0.0108822386,2023-07-06
2.528,2.528,2.528,-0.0066797642,2023-07-07
2.541,2.541,2.541,0.0051424051,2023-07-10
2.552,2.552,2.552,0.0043290043,2023-07-11
2.567,2.567,2.567,0.0058777429,2023-07-12
2.608,2.608,2.608,0.0159719517,2023-07-13
2.602,2.602,2.602,-0.0023006135,2023-07-14
2.599,2.599,2.599,-0.0011529593,2023-07-17
2.582,2.582,2.582,-0.0065409773,2023-07-18
2.577,2.577,2.577,-0.0019364833,2023-07-19
2.539,2.539,2.539,-0.0147458285,2023-07-20
2.537,2.537,2.537,-0.0007877117,2023-07-21
2.537,2.537,2.537,0.0,2023-07-24
2.586,2.586,2.586,0.0193141506,2023-07-25
2.577,2.577,2.577,-0.0034802784,2023-07-26
2.571,2.571,2.571,-0.0023282887,2023-07-27
2.623,2.623,2.623,0.0202255932,2023-07-28
2.651,2.651,2.651,0.0106747998,2023-07-31
2.634,2.634,2.634,-0.0064126745,2023-08-01
2.572,2.572,2.572,-0.0235383447,2023-08-02
2.606,2.606,2.606,0.0132192846,2023-08-03
2.617,2.617,2.617,0.0042210284,2023-08-04
2.601,2.601,2.601,-0.0061138708,2023-08-07
2.574,2.574,2.574,-0.0103806228,2023-08-08
2.556,2.556,2.556,-0.006993007,2023-08-09
2.572,2.572,2.572,0.0062597809,2023-08-10
2.518,2.518,2.518,-0.0209953344,2023-08-11
2.496,2.496,2.496,-0.0087370929,2023-08-14
2.459,2.459,2.459,-0.0148237179,2023-08-15
2.432,2.432,2.432,-0.0109800732,2023-08-16
2.445,2.445,2.445,0.0053453947,2023-08-17
2.405,2.405,2.405,-0.0163599182,2023-08-18
2.418,2.418,2.418,0.0054054054,2023-08-21
2.424,2.424,2.424,0.0024813896,2023-08-22
2.409,2.409,2.409,-0.0061881188,2023-08-23
2.405,2.405,2.405,-0.00166044,2023-08-24
2.424,2.424,2.424,0.0079002079,2023-08-25
2.429,2.429,2.429,0.0020627063,2023-08-28
2.526,2.526,2.526,0.0399341293,2023-08-29
2.55,2.55,2.55,0.0095011876,2023-08-30
2.546,2.546,2.546,-0.0015686275,2023-08-31
2.553,2.553,2.553,0.0027494108,2023-09-01
2.568,2.568,2.568,0.0058754407,2023-09-04
2.586,2.586,2.586,0.0070093458,2023-09-05
2.566,2.566,2.566,-0.007733952,2023-09-06
2.524,2.524,2.524,-0.0163678878,2023-09-07
2.497,2.497,2.497,-0.0106973059,2023-09-08
2.567,2.567,2.567,0.0280336404,2023-09-11
2.561,2.561,2.561,-0.0023373588,2023-09-12
2.559,2.559,2.559,-0.0007809449,2023-09-13
2.571,2.571,2.571,0.0046893318,2023-09-14
2.546,2.546,2.546,-0.0097238429,2023-09-15
2.532,2.532,2.532,-0.0054988217,2023-09-18
2.518,2.518,2.518,-0.0055292259,2023-09-19
2.48,2.48,2.48,-0.0150913423,2023-09-20
2.437,2.437,2.437,-0.0173387097,2023-09-21
2.458,2.458,2.458,0.0086171522,2023-09-22
2.454,2.454,2.454,-0.0016273393,2023-09-25
2.432,2.432,2.432,-0.0089649552,2023-09-26
2.43,2.43,2.43,-0.0008223684,2023-09-27
2.442,2.442,2.442,0.0049382716,2023-09-28
2.513,2.513,2.513,0.0290745291,2023-10-09
2.526,2.526,2.526,0.0051730999,2023-10-10
2.532,2.532,2.532,0.0023752969,2023-10-11
2.514,2.514,2.514,-0.0071090047,2023-10-12
2.481,2.481,2.481,-0.0131264916,2023-10-13
2.47,2.47,2.47,-0.0044336961,2023-10-16
2.478,2.478,2.478,0.0032388664,2023-10-17
2.436,2.436,2.436,-0.0169491525,2023-10-18
2.34,2.34,2.34,-0.039408867,2023-10-19
2.307,2.307,2.307,-0.0141025641,2023-10-20
2.309,2.309,2.309,0.0008669267,2023-10-23
2.34,2.34,2.34,0.0134257254,2023-10-24
2.348,2.348,2.348,0.0034188034,2023-10-25
2.328,2.328,2.328,-0.0085178876,2023-10-26
2.359,2.359,2.359,0.0133161512,2023-10-27
2.335,2.335,2.335,-0.0101738025,2023-10-30
2.325,2.325,2.325,-0.0042826552,2023-10-31
2.343,2.343,2.343,0.0077419355,2023-11-01
2.365,2.365,2.365,0.0093896714,2023-11-02
2.403,2.403,2.403,0.0160676533,2023-11-03
2.429,2.429,2.429,0.0108198086,2023-11-06
2.432,2.432,2.432,0.0012350762,2023-11-07
2.428,2.428,2.428,-0.0016447368,2023-11-08
2.392,2.392,2.392,-0.0148270181,2023-11-09
2.389,2.389,2.389,-0.0012541806,2023-11-10
2.409,2.409,2.409,0.0083717036,2023-11-13
2.444,2.444,2.444,0.0145288501,2023-11-14
2.489,2.489,2.489,0.0184124386,2023-11-15
2.432,2.432,2.432,-0.0229007634,2023-11-16
2.44,2.44,2.44,0.0032894737,2023-11-17
2.461,2.461,2.461,0.0086065574,2023-11-20
2.475,2.475,2.475,0.0056887444,2023-11-21
2.441,2.441,2.441,-0.0137373737,2023-11-22
2.444,2.444,2.444,0.0012290045,2023-11-23
2.44,2.44,2.44,-0.0016366612,2023-11-24
2.437,2.437,2.437,-0.0012295082,2023-11-27
2.536,2.536,2.536,0.0406237177,2023-11-28
2.525,2.525,2.525,-0.0043375394,2023-11-29
2.53,2.53,2.53,0.001980198,2023-11-30
2.516,2.516,2.516,-0.0055335968,2023-12-01
2.457,2.457,2.457,-0.0234499205,2023-12-04
2.431,2.431,2.431,-0.0105820106,2023-12-05
2.426,2.426,2.426,-0.0020567668,2023-12-06
2.419,2.419,2.419,-0.0028854081,2023-12-07
2.416,2.416,2.416,-0.0012401819,2023-12-08
2.422,2.422,2.422,0.0024834437,2023-12-11
2.423,2.423,2.423,0.0004128819,2023-12-12
2.417,2.417,2.417,-0.0024762691,2023-12-13
2.449,2.449,2.449,0.0132395532,2023-12-14
2.456,2.456,2.456,0.0028583095,2023-12-15
2.453,2.453,2.453,-0.0012214984,2023-12-18
2.471,2.471,2.471,0.0073379535,2023-12-19
2.426,2.426,2.426,-0.0182112505,2023-12-20
2.455,2.455,2.455,0.0119538335,2023-12-21
2.432,2.432,2.432,-0.0093686354,2023-12-22
2.436,2.436,2.436,0.0016447368,2023-12-25
2.447,2.447,2.447,0.0045155993,2023-12-26
2.462,2.462,2.462,0.006129955,2023-12-27
2.475,2.475,2.475,0.00528026,2023-12-28
2.466,2.466,2.466,-0.0036363636,2023-12-29
2.445,2.445,2.445,-0.0085158151,2024-01-02
2.416,2.416,2.416,-0.0118609407,2024-01-03
2.399,2.399,2.399,-0.0070364238,2024-01-04
2.382,2.382,2.382,-0.007086286,2024-01-05
2.378,2.378,2.378,-0.0016792611,2024-01-08
2.365,2.365,2.365,-0.0054667788,2024-01-09
2.362,2.362,2.362,-0.0012684989,2024-01-10
2.349,2.349,2.349,-0.0055038103,2024-01-11
2.314,2.314,2.314,-0.0148999574,2024-01-12
2.316,2.316,2.316,0.0008643042,2024-01-15
2.302,2.302,2.302,-0.006044905,2024-01-16
2.255,2.255,2.255,-0.0204170287,2024-01-17
2.273,2.273,2.273,0.0079822616,2024-01-18
2.275,2.275,2.275,0.0008798944,2024-01-19
2.247,2.247,2.247,-0.0123076923,2024-01-22
2.264,2.264,2.264,0.0075656431,2024-01-23
2.269,2.269,2.269,0.0022084806,2024-01-24
2.231,2.231,2.231,-0.0167474658,2024-01-25
2.214,2.214,2.214,-0.0076199014,2024-01-26
2.233,2.233,2.233,0.0085817525,2024-01-29
2.215,2.215,2.215,-0.0080609046,2024-01-30
2.184,2.184,2.184,-0.0139954853,2024-01-31
2.196,2.196,2.196,0.0054945055,2024-02-01
2.18,2.18,2.18,-0.0072859745,2024-02-02
2.194,2.194,2.194,0.0064220183,2024-02-05
2.239,2.239,2.239,0.0205104831,2024-02-06
2.258,2.258,2.258,0.0084859312,2024-02-07
2.272,2.272,2.272,0.0062001771,2024-02-08
2.289,2.289,2.289,0.0074823944,2024-02-19
2.274,2.274,2.274,-0.0065530799,2024-02-20
2.294,2.294,2.294,0.0087950748,2024-02-21
2.317,2.317,2.317,0.0100261552,2024-02-22
2.308,2.308,2.308,-0.0038843332,2024-02-23
2.308,2.308,2.308,0.0,2024-02-26
2.34,2.34,2.34,0.013864818,2024-02-27
2.324,2.324,2.324,-0.0068376068,2024-02-28
2.33,2.33,2.33,0.0025817556,2024-02-29
2.34,2.34,2.34,0.0042918455,2024-03-01
2.313,2.313,2.313,-0.0115384615,2024-03-04
2.291,2.291,2.291,-0.009511457,2024-03-05
2.282,2.282,2.282,-0.0039284155,2024-03-06
2.303,2.303,2.303,0.009202454,2024-03-07
2.299,2.299,2.299,-0.001736865,2024-03-08
2.294,2.294,2.294,-0.0021748586,2024-03-11
2.31,2.31,2.31,0.0069747167,2024-03-12
2.305,2.305,2.305,-0.0021645022,2024-03-13
2.28,2.28,2.28,-0.010845987,2024-03-14
2.277,2.277,2.277,-0.0013157895,2024-03-15
2.286,2.286,2.286,0.0039525692,2024-03-18
2.269,2.269,2.269,-0.0074365704,2024-03-19
2.282,2.282,2.282,0.0057293962,2024-03-20
2.267,2.267,2.267,-0.0065731814,2024-03-21
2.251,2.251,2.251,-0.0070577856,2024-03-22
2.259,2.259,2.259,0.003553976,2024-03-25
2.265,2.265,2.265,0.0026560425,2024-03-26
2.273,2.273,2.273,0.0035320088,2024-03-27
2.275,2.275,2.275,0.0008798944,2024-03-28
2.288,2.288,2.288,0.0057142857,2024-03-29
2.313,2.313,2.313,0.0109265734,2024-04-01
2.294,2.294,2.294,-0.0082144401,2024-04-02
2.305,2.305,2.305,0.0047951177,2024-04-03
2.292,2.292,2.292,-0.0056399132,2024-04-08
2.302,2.302,2.302,0.0043630017,2024-04-09
2.3,2.3,2.3,-0.0008688097,2024-04-10
2.313,2.313,2.313,0.0056521739,2024-04-11
2.286,2.286,2.286,-0.0116731518,2024-04-12
2.287,2.287,2.287,0.0004374453,2024-04-15
2.263,2.263,2.263,-0.0104940971,2024-04-16
2.262,2.262,2.262,-0.0004418913,2024-04-17
2.248,2.248,2.248,-0.0061892131,2024-04-18
2.234,2.234,2.234,-0.006227758,2024-04-19
2.245,2.245,2.245,0.0049239033,2024-04-22
2.251,2.251,2.251,0.0026726058,2024-04-23
2.281,2.281,2.281,0.01332741,2024-04-24
2.293,2.293,2.293,0.0052608505,2024-04-25
2.323,2.323,2.323,0.013083297,2024-04-26
2.363,2.363,2.363,0.0172191132,2024-04-29
2.347,2.347,2.347,-0.0067710537,2024-04-30
2.423,2.423,2.423,0.032381764,2024-05-06
2.409,2.409,2.409,-0.0057779612,2024-05-07
2.389,2.389,2.389,-0.0083022001,2024-05-08
2.401,2.401,2.401,0.0050230222,2024-05-09
2.407,2.407,2.407,0.0024989588,2024-05-10
2.421,2.421,2.421,0.0058163689,2024-05-13
2.413,2.413,2.413,-0.0033044197,2024-05-14
2.417,2.417,2.417,0.0016576875,2024-05-15
2.443,2.443,2.443,0.0107571369,2024-05-16
2.457,2.457,2.457,0.005730659,2024-05-17
2.453,2.453,2.453,-0.0016280016,2024-05-20
2.44,2.44,2.44,-0.0052996331,2024-05-21
2.421,2.421,2.421,-0.0077868852,2024-05-22
2.387,2.387,2.387,-0.0140437836,2024-05-23
2.389,2.389,2.389,0.0008378718,2024-05-24
2.399,2.399,2.399,0.0041858518,2024-05-27
2.389,2.389,2.389,-0.0041684035,2024-05-28
2.367,2.367,2.367,-0.009208874,2024-05-29
2.355,2.355,2.355,-0.0050697085,2024-05-30
2.335,2.335,2.335,-0.008492569,2024-05-31
2.344,2.344,2.344,0.0038543897,2024-06-03
2.356,2.356,2.356,0.0051194539,2024-06-04
2.359,2.359,2.359,0.0012733447,2024-06-05
2.369,2.369,2.369,0.0042390844,2024-06-06
2.349,2.349,2.349,-0.0084423808,2024-06-07
2.334,2.334,2.334,-0.006385696,2024-06-11
2.337,2.337,2.337,0.001285347,2024-06-12
2.338,2.338,2.338,0.000427899,2024-06-13
2.324,2.324,2.324,-0.005988024,2024-06-14
2.338,2.338,2.338,0.0060240964,2024-06-17
2.327,2.327,2.327,-0.004704876,2024-06-18
2.338,2.338,2.338,0.0047271165,2024-06-19
2.321,2.321,2.321,-0.0072711719,2024-06-20
2.303,2.303,2.303,-0.0077552779,2024-06-21
2.314,2.314,2.314,0.0047763786,2024-06-24
2.324,2.324,2.324,0.0043215212,2024-06-25
2.335,2.335,2.335,0.0047332186,2024-06-26
2.315,2.315,2.315,-0.0085653105,2024-06-27
2.3,2.3,2.3,-0.0064794816,2024-06-28
2.332,2.332,2.332,0.0139130435,2024-07-01
2.364,2.364,2.364,0.0137221269,2024-07-02
2.4,2.4,2.4,0.0152284264,2024-07-03
2.401,2.401,2.401,0.0004166667,2024-07-04
2.405,2.405,2.405,0.0016659725,2024-07-05
2.392,2.392,2.392,-0.0054054054,2024-07-08
2.408,2.408,2.408,0.0066889632,2024-07-09
2.41,2.41,2.41,0.0008305648,2024-07-10
2.386,2.386,2.386,-0.0099585062,2024-07-11
2.423,2.423,2.423,0.0155071249,2024-07-12
2.426,2.426,2.426,0.0012381345,2024-07-15
2.422,2.422,2.422,-0.0016488046,2024-07-16
2.394,2.394,2.394,-0.0115606936,2024-07-17
2.383,2.383,2.383,-0.0045948204,2024-07-18
2.364,2.364,2.364,-0.0079731431,2024-07-19
2.377,2.377,2.377,0.005499154,2024-07-22
2.346,2.346,2.346,-0.0130416491,2024-07-23
2.261,2.261,2.261,-0.0362318841,2024-07-24
2.243,2.243,2.243,-0.0079610792,2024-07-25
2.258,2.258,2.258,0.0066874721,2024-07-26
2.273,2.273,2.273,0.0066430469,2024-07-29
2.236,2.236,2.236,-0.0162780466,2024-07-30
2.298,2.298,2.298,0.0277280859,2024-07-31
2.247,2.247,2.247,-0.0221932115,2024-08-01
2.2,2.2,2.2,-0.0209167779,2024-08-02
2.144,2.144,2.144,-0.0254545455,2024-08-05
2.138,2.138,2.138,-0.0027985075,2024-08-06
2.139,2.139,2.139,0.0004677268,2024-08-07
2.184,2.184,2.184,0.0210378682,2024-08-08
2.193,2.193,2.193,0.0041208791,2024-08-09
2.193,2.193,2.193,0.0,2024-08-12
2.216,2.216,2.216,0.0104879161,2024-08-13
2.189,2.189,2.189,-0.0121841155,2024-08-14
2.222,2.222,2.222,0.0150753769,2024-08-15
2.237,2.237,2.237,0.0067506751,2024-08-16
2.247,2.247,2.247,0.0044702727,2024-08-19
2.243,2.243,2.243,-0.0017801513,2024-08-20
2.247,2.247,2.247,0.0017833259,2024-08-21
2.225,2.225,2.225,-0.0097908322,2024-08-22
2.255,2.255,2.255,0.0134831461,2024-08-23
2.242,2.242,2.242,-0.0057649667,2024-08-26
2.228,2.228,2.228,-0.0062444246,2024-08-27
2.204,2.204,2.204,-0.0107719928,2024-08-28
2.223,2.223,2.223,0.0086206897,2024-08-29
2.266,2.266,2.266,0.0193432299,2024-08-30
2.246,2.246,2.246,-0.0088261253,2024-09-02
2.247,2.247,2.247,0.000445236,2024-09-03
2.228,2.228,2.228,-0.0084557187,2024-09-04
2.242,2.242,2.242,0.0062836625,2024-09-05
2.199,2.199,2.199,-0.0191793042,2024-09-06
2.193,2.193,2.193,-0.002728513,2024-09-09
2.204,2.204,2.204,0.0050159599,2024-09-10
2.225,2.225,2.225,0.0095281307,2024-09-11
2.229,2.229,2.229,0.0017977528,2024-09-12
2.221,2.221,2.221,-0.0035890534,2024-09-13
2.228,2.228,2.228,0.0031517335,2024-09-18
2.274,2.274,2.274,0.0206463196,2024-09-19
2.268,2.268,2.268,-0.0026385224,2024-09-20
2.288,2.288,2.288,0.0088183422,2024-09-23
2.361,2.361,2.361,0.0319055944,2024-09-24
2.368,2.368,2.368,0.0029648454,2024-09-25
2.468,2.468,2.468,0.0422297297,2024-09-26
2.545,2.545,2.545,0.0311993517,2024-09-27
2.637,2.637,2.637,0.0361493124,2024-09-30
2.654,2.654,2.654,0.0064467198,2024-10-08
2.52,2.52,2.52,-0.0504898267,2024-10-09
2.546,2.546,2.546,0.0103174603,2024-10-10
2.489,2.489,2.489,-0.0223880597,2024-10-11
2.472,2.472,2.472,-0.0068300522,2024-10-14
2.388,2.388,2.388,-0.0339805825,2024-10-15
2.368,2.368,2.368,-0.0083752094,2024-10-16
2.326,2.326,2.326,-0.0177364865,2024-10-17
2.383,2.383,2.383,0.024505589,2024-10-18
2.368,2.368,2.368,-0.0062945867,2024-10-21
2.396,2.396,2.396,0.0118243243,2024-10-22
2.391,2.391,2.391,-0.0020868114,2024-10-23
2.391,2.391,2.391,0.0,2024-10-24
2.404,2.404,2.404,0.0054370556,2024-10-25
2.42,2.42,2.42,0.006655574,2024-10-28
2.387,2.387,2.387,-0.0136363636,2024-10-29
2.356,2.356,2.356,-0.012987013,2024-10-30
2.329,2.329,2.329,-0.0114601019,2024-10-31
2.351,2.351,2.351,0.0094461142,2024-11-01
2.369,2.369,2.369,0.0076563165,2024-11-04
2.404,2.404,2.404,0.0147741663,2024-11-05
2.394,2.394,2.394,-0.0041597338,2024-11-06
2.461,2.461,2.461,0.0279866332,2024-11-07
2.444,2.444,2.444,-0.0069077611,2024-11-08
2.441,2.441,2.441,-0.0012274959,2024-11-11
2.405,2.405,2.405,-0.0147480541,2024-11-12
2.408,2.408,2.408,0.0012474012,2024-11-13
2.369,2.369,2.369,-0.0161960133,2024-11-14
2.358,2.358,2.358,-0.0046433094,2024-11-15
2.368,2.368,2.368,0.0042408821,2024-11-18
2.375,2.375,2.375,0.0029560811,2024-11-19
2.378,2.378,2.378,0.0012631579,2024-11-20
2.336,2.336,2.336,-0.0176619008,2024-11-21
2.286,2.286,2.286,-0.0214041096,2024-11-22
2.268,2.268,2.268,-0.0078740157,2024-11-25
2.269,2.269,2.269,0.0004409171,2024-11-26
2.288,2.288,2.288,0.0083737329,2024-11-27
2.265,2.265,2.265,-0.0100524476,2024-11-28
2.269,2.269,2.269,0.0017660044,2024-11-29
2.296,2.296,2.296,0.0118995152,2024-12-02
2.295,2.295,2.295,-0.0004355401,2024-12-03
2.294,2.294,2.294,-0.0004357298,2024-12-04
2.287,2.287,2.287,-0.0030514385,2024-12-05
2.322,2.322,2.322,0.0153038916,2024-12-06
2.363,2.363,2.363,0.0176571921,2024-12-09
2.352,2.352,2.352,-0.0046550994,2024-12-10
2.364,2.364,2.364,0.0051020408,2024-12-11
2.383,2.383,2.383,0.008037225,2024-12-12
2.352,2.352,2.352,-0.0130088124,2024-12-13
2.35,2.35,2.35,-0.0008503401,2024-12-16
2.377,2.377,2.377,0.0114893617,2024-12-17
2.359,2.359,2.359,-0.0075725705,2024-12-18
2.359,2.359,2.359,0.0,2024-12-19
2.346,2.346,2.346,-0.0055108097,2024-12-20
2.355,2.355,2.355,0.0038363171,2024-12-23
2.381,2.381,2.381,0.0110403397,2024-12-24
2.379,2.379,2.379,-0.0008399832,2024-12-25
2.368,2.368,2.368,-0.0046237915,2024-12-26
2.351,2.351,2.351,-0.0071790541,2024-12-27
2.339,2.339,2.339,-0.005104211,2024-12-30
2.324,2.324,2.324,-0.006412997,2024-12-31
2.289,2.289,2.289,-0.015060241,2025-01-02
2.297,2.297,2.297,0.003494976,2025-01-03
2.294,2.294,2.294,-0.0013060514,2025-01-06
2.258,2.258,2.258,-0.0156931125,2025-01-07
2.249,2.249,2.249,-0.0039858282,2025-01-08
2.251,2.251,2.251,0.0008892841,2025-01-09
2.222,2.222,2.222,-0.012883163,2025-01-10
2.223,2.223,2.223,0.000450045,2025-01-13
2.246,2.246,2.246,0.0103463788,2025-01-14
2.266,2.266,2.266,0.0089047195,2025-01-15
2.259,2.259,2.259,-0.0030891439,2025-01-16
2.274,2.274,2.274,0.0066401062,2025-01-17
2.289,2.289,2.289,0.0065963061,2025-01-20
2.276,2.276,2.276,-0.005679336,2025-01-21
2.241,2.241,2.241,-0.0153778559,2025-01-22
2.242,2.242,2.242,0.0004462294,2025-01-23
2.259,2.259,2.259,0.0075825156,2025-01-24
2.255,2.255,2.255,-0.001770695,2025-01-27
2.249,2.249,2.249,-0.0026607539,2025-02-05
2.269,2.269,2.269,0.0088928413,2025-02-06
2.291,2.291,2.291,0.0096959013,2025-02-07
2.293,2.293,2.293,0.0008729812,2025-02-10
2.269,2.269,2.269,-0.0104666376,2025-02-11
2.296,2.296,2.296,0.0118995152,2025-02-12
2.302,2.302,2.302,0.0026132404,2025-02-13
2.354,2.354,2.354,0.022589053,2025-02-14
2.359,2.359,2.359,0.0021240442,2025-02-17
2.368,2.368,2.368,0.0038151759,2025-02-18
2.377,2.377,2.377,0.0038006757,2025-02-19
2.366,2.366,2.366,-0.004627682,2025-02-20
2.415,2.415,2.415,0.0207100592,2025-02-21
2.371,2.371,2.371,-0.0182194617,2025-02-24
2.318,2.318,2.318,-0.0223534374,2025-02-25
2.389,2.389,2.389,0.0306298533,2025-02-26
2.374,2.374,2.374,-0.0062787777,2025-02-27
2.295,2.295,2.295,-0.0332771693,2025-02-28
2.29,2.29,2.29,-0.0021786492,2025-03-03
2.314,2.314,2.314,0.0104803493,2025-03-04
2.379,2.379,2.379,0.0280898876,2025-03-05
2.466,2.466,2.466,0.0365699874,2025-03-06
2.469,2.469,2.469,0.001216545,2025-03-07
2.419,2.419,2.419,-0.0202511138,2025-03-10
2.424,2.424,2.424,0.0020669698,2025-03-11
2.382,2.382,2.382,-0.0173267327,2025-03-12
2.357,2.357,2.357,-0.010495382,2025-03-13
2.419,2.419,2.419,0.0263046245,2025-03-14
2.441,2.441,2.441,0.0090946672,2025-03-17
2.465,2.465,2.465,0.0098320361,2025-03-18
2.485,2.485,2.485,0.0081135903,2025-03-19
2.446,2.446,2.446,-0.015694165,2025-03-20
2.373,2.373,2.373,-0.0298446443,2025-03-21
2.376,2.376,2.376,0.0012642225,2025-03-24
2.299,2.299,2.299,-0.0324074074,2025-03-25
2.314,2.314,2.314,0.0065245759,2025-03-26
2.318,2.318,2.318,0.0017286085,2025-03-27
2.302,2.302,2.302,-0.0069025022,2025-03-28
2.258,2.258,2.258,-0.0191138141,2025-03-31
2.26,2.26,2.26,0.0008857396,2025-04-01
2.262,2.262,2.262,0.0008849558,2025-04-02
2.22,2.22,2.22,-0.0185676393,2025-04-03
1.993,1.993,1.993,-0.1022522523,2025-04-07
1.962,1.962,1.962,-0.0155544405,2025-04-08
2.005,2.005,2.005,0.0219164118,2025-04-09
2.032,2.032,2.032,0.0134663342,2025-04-10
2.042,2.042,2.042,0.0049212598,2025-04-11
2.072,2.072,2.072,0.0146914789,2025-04-14
2.06,2.06,2.06,-0.0057915058,2025-04-15
2.011,2.011,2.011,-0.0237864078,2025-04-16
2.019,2.019,2.019,0.0039781203,2025-04-17
2.024,2.024,2.024,0.0024764735,2025-04-18
2.061,2.061,2.061,0.0182806324,2025-04-21
2.043,2.043,2.043,-0.0087336245,2025-04-22
2.106,2.106,2.106,0.0308370044,2025-04-23
2.078,2.078,2.078,-0.0132953466,2025-04-24
2.087,2.087,2.087,0.0043310876,2025-04-25
2.077,2.077,2.077,-0.0047915668,2025-04-28
2.107,2.107,2.107,0.0144439095,2025-04-29
2.143,2.143,2.143,0.0170859041,2025-04-30
2.218,2.218,2.218,0.0349976668,2025-05-06
2.203,2.203,2.203,-0.0067628494,2025-05-07
2.209,2.209,2.209,0.0027235588,2025-05-08
2.18,2.18,2.18,-0.0131281123,2025-05-09
2.244,2.244,2.244,0.0293577982,2025-05-12
2.231,2.231,2.231,-0.0057932264,2025-05-13
2.234,2.234,2.234,0.0013446885,2025-05-14
2.194,2.194,2.194,-0.017905103,2025-05-15
2.208,2.208,2.208,0.0063810392,2025-05-16
2.194,2.194,2.194,-0.0063405797,2025-05-19
2.199,2.199,2.199,0.0022789426,2025-05-20
2.201,2.201,2.201,0.0009095043,2025-05-21
2.172,2.172,2.172,-0.0131758292,2025-05-22
2.158,2.158,2.158,-0.0064456722,2025-05-23
2.14,2.14,2.14,-0.0083410565,2025-05-26
2.12,2.12,2.12,-0.0093457944,2025-05-27
2.113,2.113,2.113,-0.0033018868,2025-05-28
2.136,2.136,2.136,0.0108849976,2025-05-29
2.095,2.095,2.095,-0.0191947566,2025-05-30
2.1,2.1,2.1,0.0023866348,2025-06-03
2.113,2.113,2.113,0.0061904762,2025-06-04
2.138,2.138,2.138,0.0118315192,2025-06-05
2.131,2.131,2.131,-0.0032740879,2025-06-06
2.143,2.143,2.143,0.0056311591,2025-06-09
2.12,2.12,2.12,-0.0107326178,2025-06-10
2.131,2.131,2.131,0.0051886792,2025-06-11
2.124,2.124,2.124,-0.0032848428,2025-06-12
2.095,2.095,2.095,-0.013653484,2025-06-13
2.094,2.094,2.094,-0.000477327,2025-06-16
2.084,2.084,2.084,-0.0047755492,2025-06-17
2.081,2.081,2.081,-0.0014395393,2025-06-18
2.065,2.065,2.065,-0.0076886112,2025-06-19
2.046,2.046,2.046,-0.0092009685,2025-06-20
2.045,2.045,2.045,-0.0004887586,2025-06-23
2.096,2.096,2.096,0.0249388753,2025-06-24
2.124,2.124,2.124,0.0133587786,2025-06-25
2.114,2.114,2.114,-0.0047080979,2025-06-26
2.136,2.136,2.136,0.0104068117,2025-06-27
2.144,2.144,2.144,0.0037453184,2025-06-30
2.135,2.135,2.135,-0.0041977612,2025-07-01
2.115,2.115,2.115,-0.0093676815,2025-07-02
2.118,2.118,2.118,0.0014184397,2025-07-03
2.111,2.111,2.111,-0.0033050047,2025-07-04
2.109,2.109,2.109,-0.0009474183,2025-07-07
2.129,2.129,2.129,0.0094831674,2025-07-08
2.121,2.121,2.121,-0.0037576327,2025-07-09
2.113,2.113,2.113,-0.0037718058,2025-07-10
2.118,2.118,2.118,0.0023663038,2025-07-11
2.137,2.137,2.137,0.0089707271,2025-07-14
2.161,2.161,2.161,0.0112306972,2025-07-15
2.186,2.186,2.186,0.0115687182,2025-07-16
2.21,2.21,2.21,0.010978957,2025-07-17
2.215,2.215,2.215,0.0022624434,2025-07-18
2.243,2.243,2.243,0.0126410835,2025-07-21
2.257,2.257,2.257,0.0062416407,2025-07-22
2.269,2.269,2.269,0.0053167922,2025-07-23
2.284,2.284,2.284,0.0066108418,2025-07-24
2.264,2.264,2.264,-0.0087565674,2025-07-25
2.27,2.27,2.27,0.0026501767,2025-07-28
2.278,2.278,2.278,0.0035242291,2025-07-29
2.24,2.24,2.24,-0.0166812994,2025-07-30
2.229,2.229,2.229,-0.0049107143,2025-07-31
2.218,2.218,2.218,-0.0049349484,2025-08-01
2.252,2.252,2.252,0.0153291253,2025-08-04
2.272,2.272,2.272,0.0088809947,2025-08-05
2.327,2.327,2.327,0.0242077465,2025-08-06
2.315,2.315,2.315,-0.0051568543,2025-08-07
2.287,2.287,2.287,-0.0120950324,2025-08-08
2.291,2.291,2.291,0.0017490162,2025-08-11
2.295,2.295,2.295,0.0017459625,2025-08-12
2.344,2.344,2.344,0.0213507625,2025-08-13
2.334,2.334,2.334,-0.0042662116,2025-08-14
2.37,2.37,2.37,0.0154241645,2025-08-15
2.427,2.427,2.427,0.0240506329,2025-08-18
2.442,2.442,2.442,0.0061804697,2025-08-19
2.469,2.469,2.469,0.0110565111,2025-08-20
2.449,2.449,2.449,-0.0081004455,2025-08-21
2.479,2.479,2.479,0.0122498979,2025-08-22
2.518,2.518,2.518,0.0157321501,2025-08-25
2.504,2.504,2.504,-0.0055599682,2025-08-26
2.473,2.473,2.473,-0.0123801917,2025-08-27
2.498,2.498,2.498,0.0101091791,2025-08-28
2.526,2.526,2.526,0.0112089672,2025-08-29
2.531,2.531,2.531,0.0019794141,2025-09-01
2.528,2.528,2.528,-0.0011853023,2025-09-02
2.519,2.519,2.519,-0.0035601266,2025-09-03
2.444,2.444,2.444,-0.0297737197,2025-09-04
2.5,2.5,2.5,0.022913257,2025-09-05
2.569,2.569,2.569,0.0276,2025-09-08
2.585,2.585,2.585,0.0062281043,2025-09-09
2.586,2.586,2.586,0.0003868472,2025-09-10
2.607,2.607,2.607,0.0081206497,2025-09-11
2.594,2.594,2.594,-0.0049865746,2025-09-12
2.633,2.633,2.633,0.0150346955,2025-09-15
2.716,2.716,2.716,0.0315229776,2025-09-16
2.781,2.781,2.781,0.0239322533,2025-09-17
2.781,2.781,2.781,0.0,2025-09-18
2.763,2.763,2.763,-0.0064724919,2025-09-19
2.793,2.793,2.793,0.0108577633,2025-09-22
2.811,2.811,2.811,0.0064446831,2025-09-23
2.851,2.851,2.851,0.0142298115,2025-09-24
2.854,2.854,2.854,0.0010522624,2025-09-25
2.816,2.816,2.816,-0.0133146461,2025-09-26
2.867,2.867,2.867,0.0181107955,2025-09-29
2.868,2.868,2.868,0.0003487967,2025-09-30
2.878,2.878,2.878,0.0034867503,2025-10-09
2.781,2.781,2.781,-0.0337039611,2025-10-10
2.756,2.756,2.756,-0.0089895721,2025-10-13
2.67,2.67,2.67,-0.0312046444,2025-10-14
2.724,2.724,2.724,0.0202247191,2025-10-15
2.716,2.716,2.716,-0.0029368576,2025-10-16
2.662,2.662,2.662,-0.0198821797,2025-10-17
2.707,2.707,2.707,0.016904583,2025-10-20
2.758,2.758,2.758,0.0188400443,2025-10-21
2.749,2.749,2.749,-0.0032632342,2025-10-22
2.754,2.754,2.754,0.0018188432,2025-10-23
2.804,2.804,2.804,0.0181554103,2025-10-24
2.836,2.836,2.836,0.0114122682,2025-10-27
2.825,2.825,2.825,-0.0038787024,2025-10-28
2.872,2.872,2.872,0.0166371681,2025-10-29
2.851,2.851,2.851,-0.0073119777,2025-10-30
2.82,2.82,2.82,-0.0108733778,2025-10-31
2.81,2.81,2.81,-0.0035460993,2025-11-03
2.774,2.774,2.774,-0.0128113879,2025-11-04
2.776,2.776,2.776,0.0007209805,2025-11-05
2.87,2.87,2.87,0.0338616715,2025-11-06
2.842,2.842,2.842,-0.0097560976,2025-11-07
2.835,2.835,2.835,-0.0024630542,2025-11-10
2.799,2.799,2.799,-0.0126984127,2025-11-11
2.801,2.801,2.801,0.0007145409,2025-11-12
2.824,2.824,2.824,0.0082113531,2025-11-13
2.747,2.747,2.747,-0.027266289,2025-11-14
2.751,2.751,2.751,0.001456134,2025-11-17
2.746,2.746,2.746,-0.0018175209,2025-11-18
2.739,2.739,2.739,-0.0025491624,2025-11-19
2.701,2.701,2.701,-0.0138736765,2025-11-20
2.608,2.608,2.608,-0.034431692,2025-11-21
2.637,2.637,2.637,0.0111196319,2025-11-24
2.66,2.66,2.66,0.0087220326,2025-11-25
2.689,2.689,2.689,0.0109022556,2025-11-26
2.672,2.672,2.672,-0.0063220528,2025-11-27
2.705,2.705,2.705,0.0123502994,2025-11-28
2.732,2.732,2.732,0.0099815157,2025-12-01
2.703,2.703,2.703,-0.0106149341,2025-12-02
2.679,2.679,2.679,-0.0088790233,2025-12-03
2.706,2.706,2.706,0.0100783875,2025-12-04
2.709,2.709,2.709,0.0011086475,2025-12-05
2.777,2.777,2.777,0.0251015135,2025-12-08
2.763,2.763,2.763,-0.0050414116,2025-12-09
2.758,2.758,2.758,-0.0018096272,2025-12-10
2.733,2.733,2.733,-0.0090645395,2025-12-11
2.764,2.764,2.764,0.0113428467,2025-12-12
2.685,2.685,2.685,-0.0285817656,2025-12-15
2.654,2.654,2.654,-0.0115456238,2025-12-16
2.714,2.714,2.714,0.0226073851,2025-12-17
2.707,2.707,2.707,-0.0025792189,2025-12-18
2.714,2.714,2.714,0.0025858884,2025-12-19
2.747,2.747,2.747,0.0121591746,2025-12-22
2.731,2.731,2.731,-0.0058245359,2025-12-23
2.762,2.762,2.762,0.0113511534,2025-12-24
2.786,2.786,2.786,0.0086893555,2025-12-25
2.788,2.788,2.788,0.0007178751,2025-12-26
2.775,2.775,2.775,-0.0046628407,2025-12-29
2.819,2.819,2.819,0.0158558559,2025-12-30
2.789,2.789,2.789,-0.0106420717,2025-12-31
2.881,2.881,2.881,0.0329867336,2026-01-05
2.922,2.922,2.922,0.0142311697,2026-01-06
2.943,2.943,2.943,0.0071868583,2026-01-07
2.921,2.921,2.921,-0.0074753653,2026-01-08
2.928,2.928,2.928,0.0023964396,2026-01-09
2.935,2.935,2.935,0.0023907104,2026-01-12
2.914,2.914,2.914,-0.0071550256,2026-01-13
2.934,2.934,2.934,0.006863418,2026-01-14
2.953,2.953,2.953,0.006475801,2026-01-15
2.995,2.995,2.995,0.0142228242,2026-01-16
2.975,2.975,2.975,-0.0066777963,2026-01-19
2.935,2.935,2.935,-0.0134453782,2026-01-20
2.959,2.959,2.959,0.0081771721,2026-01-21
2.94,2.94,2.94,-0.0064210882,2026-01-22
2.964,2.964,2.964,0.0081632653,2026-01-23
2.93,2.93,2.93,-0.0114709852,2026-01-26
2.95,2.95,2.95,0.0068259386,2026-01-27
2.966,2.966,2.966,0.0054237288,2026-01-28
2.92,2.92,2.92,-0.0155091032,2026-01-29
2.903,2.903,2.903,-0.0058219178,2026-01-30
2.854,2.854,2.854,-0.0168790906,2026-02-02
2.847,2.847,2.847,-0.002452698,2026-02-03
2.818,2.818,2.818,-0.0101861609,2026-02-04
2.794,2.794,2.794,-0.0085166785,2026-02-05
2.79,2.79,2.79,-0.0014316392,2026-02-06
2.831,2.831,2.831,0.0146953405,2026-02-09
2.825,2.825,2.825,-0.0021193924,2026-02-10
2.796,2.796,2.796,-0.0102654867,2026-02-11
2.792,2.792,2.792,-0.0014306152,2026-02-12
2.783,2.783,2.783,-0.0032234957,2026-02-13
2.75,2.75,2.75,-0.0118577075,2026-02-24
2.763,2.763,2.763,0.0047272727,2026-02-25
2.742,2.742,2.742,-0.0076004343,2026-02-26
2.724,2.724,2.724,-0.0065645514,2026-02-27
2.692,2.692,2.692,-0.0117474302,2026-03-02
2.621,2.621,2.621,-0.0263744428,2026-03-03
2.601,2.601,2.601,-0.0076306753,2026-03-04
2.626,2.626,2.626,0.0096116878,2026-03-05
2.644,2.644,2.644,0.0068545316,2026-03-06
2.619,2.619,2.619,-0.0094553707,2026-03-09
2.716,2.716,2.716,0.037037037,2026-03-10
2.702,2.702,2.702,-0.0051546392,2026-03-11
2.681,2.681,2.681,-0.0077720207,2026-03-12
2.659,2.659,2.659,-0.0082058933,2026-03-13
2.666,2.666,2.666,0.0026325686,2026-03-16
2.621,2.621,2.621,-0.0168792198,2026-03-17
2.636,2.636,2.636,0.0057230065,2026-03-18
2.556,2.556,2.556,-0.0303490137,2026-03-19
2.531,2.531,2.531,-0.0097809077,2026-03-20
2.47,2.47,2.47,-0.0241011458,2026-03-23
2.509,2.509,2.509,0.0157894737,2026-03-24
2.521,2.521,2.521,0.004782782,2026-03-25
2.483,2.483,2.483,-0.0150733836,2026-03-26
2.498,2.498,2.498,0.0060410793,2026-03-27
2.47,2.47,2.47,-0.0112089672,2026-03-30
2.445,2.445,2.445,-0.0101214575,2026-03-31
2.495,2.495,2.495,0.0204498978,2026-04-01
2.456,2.456,2.456,-0.0156312625,2026-04-02
2.444,2.444,2.444,-0.0048859935,2026-04-03
2.441,2.441,2.441,-0.0012274959,2026-04-07
2.534,2.534,2.534,0.0380991397,2026-04-08
2.512,2.512,2.512,-0.0086819258,2026-04-09
2.54,2.54,2.54,0.0111464968,2026-04-10
2.528,2.528,2.528,-0.0047244094,2026-04-13
2.554,2.554,2.554,0.0102848101,2026-04-14
2.557,2.557,2.557,0.001174628,2026-04-15
2.569,2.569,2.569,0.0046929996,2026-04-16
2.568,2.568,2.568,-0.0003892565,2026-04-17
2.589,2.589,2.589,0.0081775701,2026-04-20
2.58,2.58,2.58,-0.0034762457,2026-04-21
2.585,2.585,2.585,0.0019379845,2026-04-22
2.56,2.56,2.56,-0.0096711799,2026-04-23
2.568,2.568,2.568,0.003125,2026-04-24
2.618,2.618,2.618,0.019470405,2026-04-27
2.581,2.581,2.581,-0.0141329259,2026-04-28
2.608,2.608,2.608,0.0104610616,2026-04-29
2.674,2.674,2.674,0.0253067485,2026-04-30
2.764,2.764,2.764,0.033657442,2026-05-06
2.82,2.82,2.82,0.020260492,2026-05-07
2.783,2.783,2.783,-0.0131205674,2026-05-08
2.852,2.852,2.852,0.0247933884,2026-05-11
2.847,2.847,2.847,-0.0017531557,2026-05-12
2.891,2.891,2.891,0.0154548648,2026-05-13
2.819,2.819,2.819,-0.0249048772,2026-05-14
2.787,2.787,2.787,-0.0113515431,2026-05-15
2.794,2.794,2.794,0.0025116613,2026-05-18
2.832,2.832,2.832,0.0136005727,2026-05-19
2.832,2.832,2.832,0.0,2026-05-20
2.766,2.766,2.766,-0.0233050847,2026-05-21
2.809,2.809,2.809,0.0155459147,2026-05-22
2.87,2.87,2.87,0.0217159131,2026-05-25
2.86,2.86,2.86,-0.0034843206,2026-05-26
