nav,cumulative_nav_withdrawal,cumulative_nav,price_change,price_date
1.0,1.0,1.0,0.0,2016-04-25
1.0,1.0,1.0,0.0,2016-04-26
1.0,1.0,1.0,0.0,2016-04-27
1.0,1.0,1.0,0.0,2016-04-28
1.0,1.0,1.0,0.0,2016-04-29
1.0,1.0,1.0,0.0,2016-05-03
1.0,1.0,1.0,0.0,2016-05-04
1.0,1.0,1.0,0.0,2016-05-05
1.0,1.0,1.0,0.0,2016-05-06
1.0,1.0,1.0,0.0,2016-05-09
1.0,1.0,1.0,0.0,2016-05-10
0.999,0.999,0.999,-0.001,2016-05-11
0.999,0.999,0.999,0.0,2016-05-12
0.999,0.999,0.999,0.0,2016-05-13
0.999,0.999,0.999,0.0,2016-05-16
0.999,0.999,0.999,0.0,2016-05-17
0.999,0.999,0.999,0.0,2016-05-18
0.999,0.999,0.999,0.0,2016-05-19
0.999,0.999,0.999,0.0,2016-05-20
0.999,0.999,0.999,0.0,2016-05-23
1.0,1.0,1.0,0.001001001,2016-05-24
0.998,0.998,0.998,-0.002,2016-05-25
0.999,0.999,0.999,0.001002004,2016-05-26
0.998,0.998,0.998,-0.001001001,2016-05-27
0.996,0.996,0.996,-0.002004008,2016-05-30
1.002,1.002,1.002,0.0060240964,2016-05-31
1.002,1.002,1.002,0.0,2016-06-01
1.002,1.002,1.002,0.0,2016-06-02
1.002,1.002,1.002,0.0,2016-06-03
1.005,1.005,1.005,0.002994012,2016-06-06
1.005,1.005,1.005,0.0,2016-06-07
1.004,1.004,1.004,-0.0009950249,2016-06-08
1.004,1.004,1.004,0.0,2016-06-10
0.989,0.989,0.989,-0.014940239,2016-06-13
0.99,0.99,0.99,0.0010111223,2016-06-14
0.998,0.998,0.998,0.0080808081,2016-06-15
1.002,1.002,1.002,0.004008016,2016-06-16
1.002,1.002,1.002,0.0,2016-06-17
1.001,1.001,1.001,-0.000998004,2016-06-20
0.996,0.996,0.996,-0.004995005,2016-06-21
1.002,1.002,1.002,0.0060240964,2016-06-22
0.999,0.999,0.999,-0.002994012,2016-06-23
0.998,0.998,0.998,-0.001001001,2016-06-24
1.008,1.008,1.008,0.0100200401,2016-06-27
1.011,1.011,1.011,0.0029761905,2016-06-28
1.009,1.009,1.009,-0.0019782394,2016-06-29
1.009,1.009,1.009,0.0,2016-06-30
1.007,1.007,1.007,-0.0019821606,2016-07-01
1.011,1.011,1.011,0.0039721946,2016-07-04
1.01,1.01,1.01,-0.0009891197,2016-07-05
1.007,1.007,1.007,-0.002970297,2016-07-06
1.008,1.008,1.008,0.0009930487,2016-07-07
1.008,1.008,1.008,0.0,2016-07-08
1.007,1.007,1.007,-0.0009920635,2016-07-11
1.014,1.014,1.014,0.0069513406,2016-07-12
1.018,1.018,1.018,0.0039447732,2016-07-13
1.018,1.018,1.018,0.0,2016-07-14
1.018,1.018,1.018,0.0,2016-07-15
1.016,1.016,1.016,-0.0019646365,2016-07-18
1.017,1.017,1.017,0.000984252,2016-07-19
1.014,1.014,1.014,-0.0029498525,2016-07-20
1.016,1.016,1.016,0.0019723866,2016-07-21
1.011,1.011,1.011,-0.0049212598,2016-07-22
1.01,1.01,1.01,-0.0009891197,2016-07-25
1.015,1.015,1.015,0.004950495,2016-07-26
1.008,1.008,1.008,-0.0068965517,2016-07-27
1.003,1.003,1.003,-0.0049603175,2016-07-28
1.001,1.001,1.001,-0.0019940179,2016-07-29
1.0,1.0,1.0,-0.000999001,2016-08-01
0.999,0.999,0.999,-0.001,2016-08-02
0.998,0.998,0.998,-0.001001001,2016-08-03
1.001,1.001,1.001,0.003006012,2016-08-04
0.999,0.999,0.999,-0.001998002,2016-08-05
1.002,1.002,1.002,0.003003003,2016-08-08
1.008,1.008,1.008,0.005988024,2016-08-09
1.006,1.006,1.006,-0.001984127,2016-08-10
1.003,1.003,1.003,-0.0029821074,2016-08-11
1.011,1.011,1.011,0.0079760718,2016-08-12
1.029,1.029,1.029,0.0178041543,2016-08-15
1.025,1.025,1.025,-0.0038872692,2016-08-16
1.024,1.024,1.024,-0.0009756098,2016-08-17
1.027,1.027,1.027,0.0029296875,2016-08-18
1.029,1.029,1.029,0.0019474197,2016-08-19
1.025,1.025,1.025,-0.0038872692,2016-08-22
1.03,1.03,1.03,0.0048780488,2016-08-23
1.028,1.028,1.028,-0.0019417476,2016-08-24
1.027,1.027,1.027,-0.0009727626,2016-08-25
1.029,1.029,1.029,0.0019474197,2016-08-26
1.031,1.031,1.031,0.0019436346,2016-08-29
1.03,1.03,1.03,-0.0009699321,2016-08-30
1.03,1.03,1.03,0.0,2016-08-31
1.027,1.027,1.027,-0.0029126214,2016-09-01
1.029,1.029,1.029,0.0019474197,2016-09-02
1.031,1.031,1.031,0.0019436346,2016-09-05
1.039,1.039,1.039,0.0077594568,2016-09-06
1.038,1.038,1.038,-0.0009624639,2016-09-07
1.039,1.039,1.039,0.0009633911,2016-09-08
1.037,1.037,1.037,-0.0019249278,2016-09-09
1.028,1.028,1.028,-0.0086788814,2016-09-12
1.025,1.025,1.025,-0.0029182879,2016-09-13
1.016,1.016,1.016,-0.0087804878,2016-09-14
1.016,1.016,1.016,0.0,2016-09-15
1.031,1.031,1.031,0.0147637795,2016-09-19
1.03,1.03,1.03,-0.0009699321,2016-09-20
1.03,1.03,1.03,0.0,2016-09-21
1.03,1.03,1.03,0.0,2016-09-22
1.025,1.025,1.025,-0.0048543689,2016-09-23
1.013,1.013,1.013,-0.0117073171,2016-09-26
1.014,1.014,1.014,0.0009871668,2016-09-27
1.01,1.01,1.01,-0.0039447732,2016-09-28
1.011,1.011,1.011,0.000990099,2016-09-29
1.012,1.012,1.012,0.0009891197,2016-09-30
1.012,1.012,1.012,0.0,2016-10-06
1.024,1.024,1.024,0.0118577075,2016-10-10
1.022,1.022,1.022,-0.001953125,2016-10-11
1.022,1.022,1.022,0.0,2016-10-12
1.034,1.034,1.034,0.011741683,2016-10-13
1.031,1.031,1.031,-0.002901354,2016-10-14
1.026,1.026,1.026,-0.0048496605,2016-10-17
1.029,1.029,1.029,0.0029239766,2016-10-18
1.029,1.029,1.029,0.0,2016-10-19
1.031,1.031,1.031,0.0019436346,2016-10-20
1.025,1.025,1.025,-0.0058195926,2016-10-21
1.032,1.032,1.032,0.0068292683,2016-10-24
1.042,1.042,1.042,0.0096899225,2016-10-25
1.036,1.036,1.036,-0.0057581574,2016-10-26
1.047,1.047,1.047,0.0106177606,2016-10-27
1.04,1.04,1.04,-0.0066857689,2016-10-28
1.038,1.038,1.038,-0.0019230769,2016-10-31
1.042,1.042,1.042,0.0038535645,2016-11-01
1.043,1.043,1.043,0.0009596929,2016-11-02
1.047,1.047,1.047,0.0038350911,2016-11-03
1.045,1.045,1.045,-0.0019102197,2016-11-04
1.045,1.045,1.045,0.0,2016-11-07
1.054,1.054,1.054,0.0086124402,2016-11-08
1.043,1.043,1.043,-0.0104364326,2016-11-09
1.051,1.051,1.051,0.0076701822,2016-11-10
1.058,1.058,1.058,0.0066603235,2016-11-11
1.062,1.062,1.062,0.0037807183,2016-11-14
1.065,1.065,1.065,0.0028248588,2016-11-15
1.062,1.062,1.062,-0.0028169014,2016-11-16
1.061,1.061,1.061,-0.0009416196,2016-11-17
1.053,1.053,1.053,-0.0075400566,2016-11-18
1.054,1.054,1.054,0.0009496676,2016-11-21
1.06,1.06,1.06,0.0056925996,2016-11-22
1.054,1.054,1.054,-0.0056603774,2016-11-23
1.043,1.043,1.043,-0.0104364326,2016-11-24
1.049,1.049,1.049,0.0057526366,2016-11-25
1.048,1.048,1.048,-0.0009532888,2016-11-28
1.048,1.048,1.048,0.0,2016-11-29
1.053,1.053,1.053,0.0047709924,2016-11-30
1.054,1.054,1.054,0.0009496676,2016-12-01
1.041,1.041,1.041,-0.0123339658,2016-12-02
1.039,1.039,1.039,-0.0019212296,2016-12-05
1.04,1.04,1.04,0.0009624639,2016-12-06
1.046,1.046,1.046,0.0057692308,2016-12-07
1.04,1.04,1.04,-0.0057361377,2016-12-08
1.043,1.043,1.043,0.0028846154,2016-12-09
1.002,1.002,1.002,-0.0393096836,2016-12-12
0.998,0.998,0.998,-0.003992016,2016-12-13
0.994,0.994,0.994,-0.004008016,2016-12-14
0.995,0.995,0.995,0.0010060362,2016-12-15
1.004,1.004,1.004,0.0090452261,2016-12-16
0.996,0.996,0.996,-0.0079681275,2016-12-19
0.996,0.996,0.996,0.0,2016-12-20
0.997,0.997,0.997,0.0010040161,2016-12-21
0.996,0.996,0.996,-0.001003009,2016-12-22
0.992,0.992,0.992,-0.0040160643,2016-12-23
0.992,0.992,0.992,0.0,2016-12-26
0.992,0.992,0.992,0.0,2016-12-27
1.0,1.0,1.0,0.0080645161,2016-12-28
0.995,0.995,0.995,-0.005,2016-12-29
0.991,0.991,0.991,-0.0040201005,2016-12-30
0.994,0.994,0.994,0.0030272452,2017-01-03
1.004,1.004,1.004,0.0100603622,2017-01-04
1.004,1.004,1.004,0.0,2017-01-05
0.999,0.999,0.999,-0.0049800797,2017-01-06
1.001,1.001,1.001,0.002002002,2017-01-09
0.999,0.999,0.999,-0.001998002,2017-01-10
0.998,0.998,0.998,-0.001001001,2017-01-11
0.994,0.994,0.994,-0.004008016,2017-01-12
0.989,0.989,0.989,-0.0050301811,2017-01-13
0.975,0.975,0.975,-0.0141557128,2017-01-16
0.977,0.977,0.977,0.0020512821,2017-01-17
0.975,0.975,0.975,-0.0020470829,2017-01-18
0.974,0.974,0.974,-0.001025641,2017-01-19
0.977,0.977,0.977,0.0030800821,2017-01-20
0.979,0.979,0.979,0.0020470829,2017-01-23
0.978,0.978,0.978,-0.0010214505,2017-01-24
0.979,0.979,0.979,0.0010224949,2017-01-25
0.981,0.981,0.981,0.0020429009,2017-01-26
0.981,0.981,0.981,0.0,2017-01-27
0.982,0.982,0.982,0.001019368,2017-02-03
0.989,0.989,0.989,0.0071283096,2017-02-06
0.989,0.989,0.989,0.0,2017-02-07
0.991,0.991,0.991,0.0020222447,2017-02-08
0.992,0.992,0.992,0.0010090817,2017-02-09
0.994,0.994,0.994,0.002016129,2017-02-10
0.995,0.995,0.995,0.0010060362,2017-02-13
0.994,0.994,0.994,-0.0010050251,2017-02-14
0.993,0.993,0.993,-0.0010060362,2017-02-15
0.994,0.994,0.994,0.0010070493,2017-02-16
0.992,0.992,0.992,-0.0020120724,2017-02-17
0.994,0.994,0.994,0.002016129,2017-02-20
0.995,0.995,0.995,0.0010060362,2017-02-21
0.995,0.995,0.995,0.0,2017-02-22
0.994,0.994,0.994,-0.0010050251,2017-02-23
0.996,0.996,0.996,0.0020120724,2017-02-24
0.994,0.994,0.994,-0.0020080321,2017-02-27
0.994,0.994,0.994,0.0,2017-02-28
0.994,0.994,0.994,0.0,2017-03-01
0.993,0.993,0.993,-0.0010060362,2017-03-02
0.995,0.995,0.995,0.0020140987,2017-03-03
0.997,0.997,0.997,0.0020100503,2017-03-06
0.999,0.999,0.999,0.0020060181,2017-03-07
0.997,0.997,0.997,-0.002002002,2017-03-08
0.996,0.996,0.996,-0.001003009,2017-03-09
0.994,0.994,0.994,-0.0020080321,2017-03-10
0.996,0.996,0.996,0.0020120724,2017-03-13
0.999,0.999,0.999,0.0030120482,2017-03-14
0.995,0.995,0.995,-0.004004004,2017-03-15
0.997,0.997,0.997,0.0020100503,2017-03-16
0.996,0.996,0.996,-0.001003009,2017-03-17
0.996,0.996,0.996,0.0,2017-03-20
0.996,0.996,0.996,0.0,2017-03-21
0.994,0.994,0.994,-0.0020080321,2017-03-22
0.994,0.994,0.994,0.0,2017-03-23
0.995,0.995,0.995,0.0010060362,2017-03-24
0.995,0.995,0.995,0.0,2017-03-27
0.994,0.994,0.994,-0.0010050251,2017-03-28
0.991,0.991,0.991,-0.0030181087,2017-03-29
0.983,0.983,0.983,-0.0080726539,2017-03-30
0.984,0.984,0.984,0.001017294,2017-03-31
0.99,0.99,0.99,0.006097561,2017-04-05
0.99,0.99,0.99,0.0,2017-04-06
0.992,0.992,0.992,0.002020202,2017-04-07
0.985,0.985,0.985,-0.0070564516,2017-04-10
0.987,0.987,0.987,0.0020304569,2017-04-11
0.986,0.986,0.986,-0.0010131712,2017-04-12
0.985,0.985,0.985,-0.0010141988,2017-04-13
0.981,0.981,0.981,-0.0040609137,2017-04-14
0.974,0.974,0.974,-0.0071355759,2017-04-17
0.976,0.976,0.976,0.0020533881,2017-04-18
0.971,0.971,0.971,-0.0051229508,2017-04-19
0.972,0.972,0.972,0.0010298661,2017-04-20
0.973,0.973,0.973,0.0010288066,2017-04-21
0.965,0.965,0.965,-0.0082219938,2017-04-24
0.967,0.967,0.967,0.0020725389,2017-04-25
0.964,0.964,0.964,-0.0031023785,2017-04-26
0.964,0.964,0.964,0.0,2017-04-27
0.966,0.966,0.966,0.0020746888,2017-04-28
0.967,0.967,0.967,0.0010351967,2017-05-02
0.967,0.967,0.967,0.0,2017-05-03
0.967,0.967,0.967,0.0,2017-05-04
0.962,0.962,0.962,-0.0051706308,2017-05-05
0.96,0.96,0.96,-0.0020790021,2017-05-08
0.963,0.963,0.963,0.003125,2017-05-09
0.962,0.962,0.962,-0.0010384216,2017-05-10
0.959,0.959,0.959,-0.0031185031,2017-05-11
0.962,0.962,0.962,0.0031282586,2017-05-12
0.961,0.961,0.961,-0.001039501,2017-05-15
0.963,0.963,0.963,0.0020811655,2017-05-16
0.966,0.966,0.966,0.0031152648,2017-05-17
0.962,0.962,0.962,-0.0041407867,2017-05-18
0.962,0.962,0.962,0.0,2017-05-19
0.958,0.958,0.958,-0.0041580042,2017-05-22
0.954,0.954,0.954,-0.0041753653,2017-05-23
0.953,0.953,0.953,-0.001048218,2017-05-24
0.957,0.957,0.957,0.0041972718,2017-05-25
0.956,0.956,0.956,-0.0010449321,2017-05-26
0.958,0.958,0.958,0.0020920502,2017-05-31
0.955,0.955,0.955,-0.003131524,2017-06-01
0.955,0.955,0.955,0.0,2017-06-02
0.957,0.957,0.957,0.0020942408,2017-06-05
0.957,0.957,0.957,0.0,2017-06-06
0.962,0.962,0.962,0.0052246604,2017-06-07
0.961,0.961,0.961,-0.001039501,2017-06-08
0.962,0.962,0.962,0.0010405827,2017-06-09
0.958,0.958,0.958,-0.0041580042,2017-06-12
0.943,0.943,0.943,-0.01565762,2017-06-13
0.942,0.942,0.942,-0.0010604454,2017-06-14
0.947,0.947,0.947,0.0053078556,2017-06-15
0.943,0.943,0.943,-0.0042238648,2017-06-16
0.943,0.943,0.943,0.0,2017-06-19
0.943,0.943,0.943,0.0,2017-06-20
0.943,0.943,0.943,0.0,2017-06-21
0.943,0.943,0.943,0.0,2017-06-22
0.944,0.944,0.944,0.0010604454,2017-06-23
0.944,0.944,0.944,0.0,2017-06-26
0.944,0.944,0.944,0.0,2017-06-27
0.944,0.944,0.944,0.0,2017-06-28
0.944,0.944,0.944,0.0,2017-06-29
0.945,0.945,0.945,0.001059322,2017-06-30
0.945,0.945,0.945,0.0,2017-07-03
0.945,0.945,0.945,0.0,2017-07-04
0.945,0.945,0.945,0.0,2017-07-05
0.945,0.945,0.945,0.0,2017-07-06
0.946,0.946,0.946,0.0010582011,2017-07-07
0.946,0.946,0.946,0.0,2017-07-10
0.946,0.946,0.946,0.0,2017-07-11
0.946,0.946,0.946,0.0,2017-07-12
0.946,0.946,0.946,0.0,2017-07-13
0.945,0.945,0.945,-0.0010570825,2017-07-14
0.945,0.945,0.945,0.0,2017-07-17
0.945,0.945,0.945,0.0,2017-07-18
0.945,0.945,0.945,0.0,2017-07-19
0.945,0.945,0.945,0.0,2017-07-20
0.944,0.944,0.944,-0.0010582011,2017-07-21
0.944,0.944,0.944,0.0,2017-07-24
0.944,0.944,0.944,0.0,2017-07-25
0.944,0.944,0.944,0.0,2017-07-26
0.944,0.944,0.944,0.0,2017-07-27
0.935,0.935,0.935,-0.0095338983,2017-07-28
0.935,0.935,0.935,0.0,2017-07-31
0.934,0.934,0.934,-0.0010695187,2017-08-01
0.934,0.934,0.934,0.0,2017-08-02
0.934,0.934,0.934,0.0,2017-08-03
0.936,0.936,0.936,0.0021413276,2017-08-04
0.935,0.935,0.935,-0.0010683761,2017-08-07
0.937,0.937,0.937,0.0021390374,2017-08-08
0.937,0.937,0.937,0.0,2017-08-09
0.937,0.937,0.937,0.0,2017-08-10
0.934,0.934,0.934,-0.0032017076,2017-08-11
0.935,0.935,0.935,0.0010706638,2017-08-14
0.936,0.936,0.936,0.0010695187,2017-08-15
0.936,0.936,0.936,0.0,2017-08-16
0.937,0.937,0.937,0.0010683761,2017-08-17
0.94,0.94,0.94,0.0032017076,2017-08-18
0.94,0.94,0.94,0.0,2017-08-21
0.94,0.94,0.94,0.0,2017-08-22
0.94,0.94,0.94,0.0,2017-08-23
0.939,0.939,0.939,-0.0010638298,2017-08-24
0.942,0.942,0.942,0.0031948882,2017-08-25
0.944,0.944,0.944,0.0021231423,2017-08-28
0.942,0.942,0.942,-0.0021186441,2017-08-29
0.942,0.942,0.942,0.0,2017-08-30
0.941,0.941,0.941,-0.0010615711,2017-08-31
0.951,0.951,0.951,0.0106269926,2017-09-01
0.95,0.95,0.95,-0.0010515247,2017-09-04
0.951,0.951,0.951,0.0010526316,2017-09-05
0.952,0.952,0.952,0.0010515247,2017-09-06
0.951,0.951,0.951,-0.0010504202,2017-09-07
0.952,0.952,0.952,0.0010515247,2017-09-08
0.954,0.954,0.954,0.0021008403,2017-09-11
0.954,0.954,0.954,0.0,2017-09-12
0.954,0.954,0.954,0.0,2017-09-13
0.954,0.954,0.954,0.0,2017-09-14
0.953,0.953,0.953,-0.001048218,2017-09-15
0.954,0.954,0.954,0.0010493179,2017-09-18
0.952,0.952,0.952,-0.0020964361,2017-09-19
0.953,0.953,0.953,0.0010504202,2017-09-20
0.951,0.951,0.951,-0.0020986359,2017-09-21
0.953,0.953,0.953,0.0021030494,2017-09-22
0.95,0.95,0.95,-0.0031479538,2017-09-25
0.95,0.95,0.95,0.0,2017-09-26
0.95,0.95,0.95,0.0,2017-09-27
0.949,0.949,0.949,-0.0010526316,2017-09-28
0.954,0.954,0.954,0.0052687039,2017-09-29
0.955,0.955,0.955,0.001048218,2017-10-09
0.954,0.954,0.954,-0.0010471204,2017-10-10
0.953,0.953,0.953,-0.001048218,2017-10-11
0.952,0.952,0.952,-0.0010493179,2017-10-12
0.954,0.954,0.954,0.0021008403,2017-10-13
0.953,0.953,0.953,-0.001048218,2017-10-16
0.952,0.952,0.952,-0.0010493179,2017-10-17
0.952,0.952,0.952,0.0,2017-10-18
0.952,0.952,0.952,0.0,2017-10-19
0.951,0.951,0.951,-0.0010504202,2017-10-20
0.95,0.95,0.95,-0.0010515247,2017-10-23
0.951,0.951,0.951,0.0010526316,2017-10-24
0.951,0.951,0.951,0.0,2017-10-25
0.952,0.952,0.952,0.0010515247,2017-10-26
0.95,0.95,0.95,-0.0021008403,2017-10-27
0.948,0.948,0.948,-0.0021052632,2017-10-30
0.948,0.948,0.948,0.0,2017-10-31
0.95,0.95,0.95,0.0021097046,2017-11-01
0.948,0.948,0.948,-0.0021052632,2017-11-02
0.948,0.948,0.948,0.0,2017-11-03
0.948,0.948,0.948,0.0,2017-11-06
0.949,0.949,0.949,0.0010548523,2017-11-07
0.95,0.95,0.95,0.0010537408,2017-11-08
0.951,0.951,0.951,0.0010526316,2017-11-09
0.956,0.956,0.956,0.0052576236,2017-11-10
0.959,0.959,0.959,0.0031380753,2017-11-13
0.955,0.955,0.955,-0.0041710115,2017-11-14
0.953,0.953,0.953,-0.0020942408,2017-11-15
0.954,0.954,0.954,0.0010493179,2017-11-16
0.946,0.946,0.946,-0.0083857442,2017-11-17
0.951,0.951,0.951,0.0052854123,2017-11-20
0.952,0.952,0.952,0.0010515247,2017-11-21
0.95,0.95,0.95,-0.0021008403,2017-11-22
0.945,0.945,0.945,-0.0052631579,2017-11-23
0.945,0.945,0.945,0.0,2017-11-24
0.942,0.942,0.942,-0.0031746032,2017-11-27
0.942,0.942,0.942,0.0,2017-11-28
0.943,0.943,0.943,0.0010615711,2017-11-29
0.945,0.945,0.945,0.0021208908,2017-11-30
0.943,0.943,0.943,-0.0021164021,2017-12-01
0.945,0.945,0.945,0.0021208908,2017-12-04
0.947,0.947,0.947,0.0021164021,2017-12-05
0.945,0.945,0.945,-0.0021119324,2017-12-06
0.943,0.943,0.943,-0.0021164021,2017-12-07
0.947,0.947,0.947,0.0042417815,2017-12-08
0.95,0.95,0.95,0.0031678986,2017-12-11
0.946,0.946,0.946,-0.0042105263,2017-12-12
0.947,0.947,0.947,0.0010570825,2017-12-13
0.944,0.944,0.944,-0.0031678986,2017-12-14
0.944,0.944,0.944,0.0,2017-12-15
0.944,0.944,0.944,0.0,2017-12-18
0.948,0.948,0.948,0.0042372881,2017-12-19
0.947,0.947,0.947,-0.0010548523,2017-12-20
0.949,0.949,0.949,0.0021119324,2017-12-21
0.947,0.947,0.947,-0.0021074816,2017-12-22
0.945,0.945,0.945,-0.0021119324,2017-12-25
0.947,0.947,0.947,0.0021164021,2017-12-26
0.942,0.942,0.942,-0.005279831,2017-12-27
0.942,0.942,0.942,0.0,2017-12-28
0.941,0.941,0.941,-0.0010615711,2017-12-29
0.944,0.944,0.944,0.0031880978,2018-01-02
0.942,0.942,0.942,-0.0021186441,2018-01-03
0.941,0.941,0.941,-0.0010615711,2018-01-04
0.943,0.943,0.943,0.0021253985,2018-01-05
0.942,0.942,0.942,-0.0010604454,2018-01-08
0.944,0.944,0.944,0.0021231423,2018-01-09
0.944,0.944,0.944,0.0,2018-01-10
0.944,0.944,0.944,0.0,2018-01-11
0.945,0.945,0.945,0.001059322,2018-01-12
0.948,0.948,0.948,0.0031746032,2018-01-15
0.948,0.948,0.948,0.0,2018-01-16
0.948,0.948,0.948,0.0,2018-01-17
0.948,0.948,0.948,0.0,2018-01-18
0.953,0.953,0.953,0.0052742616,2018-01-19
0.954,0.954,0.954,0.0010493179,2018-01-22
0.955,0.955,0.955,0.001048218,2018-01-23
0.953,0.953,0.953,-0.0020942408,2018-01-24
0.951,0.951,0.951,-0.0020986359,2018-01-25
0.953,0.953,0.953,0.0021030494,2018-01-26
0.95,0.95,0.95,-0.0031479538,2018-01-29
0.951,0.951,0.951,0.0010526316,2018-01-30
0.953,0.953,0.953,0.0021030494,2018-01-31
0.954,0.954,0.954,0.0010493179,2018-02-01
0.953,0.953,0.953,-0.001048218,2018-02-02
0.955,0.955,0.955,0.0020986359,2018-02-05
0.952,0.952,0.952,-0.0031413613,2018-02-06
0.949,0.949,0.949,-0.0031512605,2018-02-07
0.946,0.946,0.946,-0.0031612223,2018-02-08
0.933,0.933,0.933,-0.0137420719,2018-02-09
0.936,0.936,0.936,0.0032154341,2018-02-12
0.939,0.939,0.939,0.0032051282,2018-02-13
0.942,0.942,0.942,0.0031948882,2018-02-14
0.945,0.945,0.945,0.0031847134,2018-02-22
0.949,0.949,0.949,0.0042328042,2018-02-23
0.949,0.949,0.949,0.0,2018-02-26
0.947,0.947,0.947,-0.0021074816,2018-02-27
0.945,0.945,0.945,-0.0021119324,2018-02-28
0.946,0.946,0.946,0.0010582011,2018-03-01
0.959,0.959,0.959,0.0137420719,2018-03-02
0.959,0.959,0.959,0.0,2018-03-05
0.961,0.961,0.961,0.0020855057,2018-03-06
0.96,0.96,0.96,-0.0010405827,2018-03-07
0.962,0.962,0.962,0.0020833333,2018-03-08
0.962,0.962,0.962,0.0,2018-03-09
0.962,0.962,0.962,0.0,2018-03-12
0.961,0.961,0.961,-0.001039501,2018-03-13
0.96,0.96,0.96,-0.0010405827,2018-03-14
0.961,0.961,0.961,0.0010416667,2018-03-15
0.958,0.958,0.958,-0.0031217482,2018-03-16
0.954,0.954,0.954,-0.0041753653,2018-03-19
0.954,0.954,0.954,0.0,2018-03-20
0.953,0.953,0.953,-0.001048218,2018-03-21
0.952,0.952,0.952,-0.0010493179,2018-03-22
0.948,0.948,0.948,-0.0042016807,2018-03-23
0.948,0.948,0.948,0.0,2018-03-26
0.948,0.948,0.948,0.0,2018-03-27
0.946,0.946,0.946,-0.0021097046,2018-03-28
0.947,0.947,0.947,0.0010570825,2018-03-29
0.955,0.955,0.955,0.0084477297,2018-03-30
0.954,0.954,0.954,-0.0010471204,2018-04-02
0.952,0.952,0.952,-0.0020964361,2018-04-03
0.954,0.954,0.954,0.0021008403,2018-04-04
0.955,0.955,0.955,0.001048218,2018-04-09
0.957,0.957,0.957,0.0020942408,2018-04-10
0.957,0.957,0.957,0.0,2018-04-11
0.956,0.956,0.956,-0.0010449321,2018-04-12
0.952,0.952,0.952,-0.0041841004,2018-04-13
0.95,0.95,0.95,-0.0021008403,2018-04-16
0.948,0.948,0.948,-0.0021052632,2018-04-17
0.948,0.948,0.948,0.0,2018-04-18
0.948,0.948,0.948,0.0,2018-04-19
0.937,0.937,0.937,-0.0116033755,2018-04-20
0.937,0.937,0.937,0.0,2018-04-23
0.939,0.939,0.939,0.0021344717,2018-04-24
0.938,0.938,0.938,-0.0010649627,2018-04-25
0.935,0.935,0.935,-0.0031982942,2018-04-26
0.932,0.932,0.932,-0.0032085561,2018-04-27
0.932,0.932,0.932,0.0,2018-05-02
0.932,0.932,0.932,0.0,2018-05-03
0.929,0.929,0.929,-0.0032188841,2018-05-04
0.93,0.93,0.93,0.0010764263,2018-05-07
0.932,0.932,0.932,0.0021505376,2018-05-08
0.932,0.932,0.932,0.0,2018-05-09
0.932,0.932,0.932,0.0,2018-05-10
0.936,0.936,0.936,0.0042918455,2018-05-11
0.936,0.936,0.936,0.0,2018-05-14
0.937,0.937,0.937,0.0010683761,2018-05-15
0.935,0.935,0.935,-0.0021344717,2018-05-16
0.934,0.934,0.934,-0.0010695187,2018-05-17
0.936,0.936,0.936,0.0021413276,2018-05-18
0.937,0.937,0.937,0.0010683761,2018-05-21
0.937,0.937,0.937,0.0,2018-05-22
0.935,0.935,0.935,-0.0021344717,2018-05-23
0.935,0.935,0.935,0.0,2018-05-24
0.94,0.94,0.94,0.0053475936,2018-05-25
0.941,0.941,0.941,0.0010638298,2018-05-28
0.94,0.94,0.94,-0.0010626993,2018-05-29
0.938,0.938,0.938,-0.0021276596,2018-05-30
0.939,0.939,0.939,0.0010660981,2018-05-31
0.931,0.931,0.931,-0.0085197018,2018-06-01
0.933,0.933,0.933,0.0021482277,2018-06-04
0.934,0.934,0.934,0.0010718114,2018-06-05
0.934,0.934,0.934,0.0,2018-06-06
0.934,0.934,0.934,0.0,2018-06-07
0.933,0.933,0.933,-0.0010706638,2018-06-08
0.934,0.934,0.934,0.0010718114,2018-06-11
0.934,0.934,0.934,0.0,2018-06-12
0.934,0.934,0.934,0.0,2018-06-13
0.935,0.935,0.935,0.0010706638,2018-06-14
0.931,0.931,0.931,-0.0042780749,2018-06-15
0.927,0.927,0.927,-0.0042964554,2018-06-19
0.927,0.927,0.927,0.0,2018-06-20
0.927,0.927,0.927,0.0,2018-06-21
0.922,0.922,0.922,-0.0053937433,2018-06-22
0.922,0.922,0.922,0.0,2018-06-25
0.922,0.922,0.922,0.0,2018-06-26
0.922,0.922,0.922,0.0,2018-06-27
0.922,0.922,0.922,0.0,2018-06-28
0.924,0.924,0.924,0.0021691974,2018-06-29
0.922,0.922,0.922,-0.0021645022,2018-07-02
0.922,0.922,0.922,0.0,2018-07-03
0.921,0.921,0.921,-0.0010845987,2018-07-04
0.921,0.921,0.921,0.0,2018-07-05
0.919,0.919,0.919,-0.0021715527,2018-07-06
0.919,0.919,0.919,0.0,2018-07-09
0.919,0.919,0.919,0.0,2018-07-10
0.918,0.918,0.918,-0.0010881393,2018-07-11
0.919,0.919,0.919,0.0010893246,2018-07-12
0.917,0.917,0.917,-0.0021762786,2018-07-13
0.917,0.917,0.917,0.0,2018-07-16
0.917,0.917,0.917,0.0,2018-07-17
0.917,0.917,0.917,0.0,2018-07-18
0.917,0.917,0.917,0.0,2018-07-19
0.922,0.922,0.922,0.0054525627,2018-07-20
0.921,0.921,0.921,-0.0010845987,2018-07-23
0.921,0.921,0.921,0.0,2018-07-24
0.922,0.922,0.922,0.0010857763,2018-07-25
0.921,0.921,0.921,-0.0010845987,2018-07-26
0.947,0.947,0.947,0.0282301846,2018-07-27
0.947,0.947,0.947,0.0,2018-07-30
0.947,0.947,0.947,0.0,2018-07-31
0.947,0.947,0.947,0.0,2018-08-01
0.946,0.946,0.946,-0.0010559662,2018-08-02
0.947,0.947,0.947,0.0010570825,2018-08-03
0.947,0.947,0.947,0.0,2018-08-06
0.948,0.948,0.948,0.0010559662,2018-08-07
0.947,0.947,0.947,-0.0010548523,2018-08-08
0.947,0.947,0.947,0.0,2018-08-09
0.948,0.948,0.948,0.0010559662,2018-08-10
0.948,0.948,0.948,0.0,2018-08-13
0.947,0.947,0.947,-0.0010548523,2018-08-14
0.947,0.947,0.947,0.0,2018-08-15
0.947,0.947,0.947,0.0,2018-08-16
0.947,0.947,0.947,0.0,2018-08-17
0.947,0.947,0.947,0.0,2018-08-20
0.948,0.948,0.948,0.0010559662,2018-08-21
0.948,0.948,0.948,0.0,2018-08-22
0.948,0.948,0.948,0.0,2018-08-23
0.949,0.949,0.949,0.0010548523,2018-08-24
0.95,0.95,0.95,0.0010537408,2018-08-27
0.95,0.95,0.95,0.0,2018-08-28
0.949,0.949,0.949,-0.0010526316,2018-08-29
0.949,0.949,0.949,0.0,2018-08-30
0.95,0.95,0.95,0.0010537408,2018-08-31
0.95,0.95,0.95,0.0,2018-09-03
0.951,0.951,0.951,0.0010526316,2018-09-04
0.95,0.95,0.95,-0.0010515247,2018-09-05
0.95,0.95,0.95,0.0,2018-09-06
0.951,0.951,0.951,0.0010526316,2018-09-07
0.951,0.951,0.951,0.0,2018-09-10
0.951,0.951,0.951,0.0,2018-09-11
0.95,0.95,0.95,-0.0010515247,2018-09-12
0.951,0.951,0.951,0.0010526316,2018-09-13
0.948,0.948,0.948,-0.0031545741,2018-09-14
0.947,0.947,0.947,-0.0010548523,2018-09-17
0.948,0.948,0.948,0.0010559662,2018-09-18
0.948,0.948,0.948,0.0,2018-09-19
0.948,0.948,0.948,0.0,2018-09-20
0.95,0.95,0.95,0.0021097046,2018-09-21
0.95,0.95,0.95,0.0,2018-09-25
0.95,0.95,0.95,0.0,2018-09-26
0.95,0.95,0.95,0.0,2018-09-27
0.952,0.952,0.952,0.0021052632,2018-09-28
0.948,0.948,0.948,-0.0042016807,2018-10-08
0.948,0.948,0.948,0.0,2018-10-09
0.948,0.948,0.948,0.0,2018-10-10
0.945,0.945,0.945,-0.003164557,2018-10-11
0.937,0.937,0.937,-0.0084656085,2018-10-12
0.937,0.937,0.937,0.0,2018-10-15
0.937,0.937,0.937,0.0,2018-10-16
0.937,0.937,0.937,0.0,2018-10-17
0.937,0.937,0.937,0.0,2018-10-18
0.938,0.938,0.938,0.0010672359,2018-10-19
0.938,0.938,0.938,0.0,2018-10-22
0.938,0.938,0.938,0.0,2018-10-23
0.938,0.938,0.938,0.0,2018-10-24
0.938,0.938,0.938,0.0,2018-10-25
0.945,0.945,0.945,0.0074626866,2018-10-26
0.944,0.944,0.944,-0.0010582011,2018-10-29
0.944,0.944,0.944,0.0,2018-10-30
0.944,0.944,0.944,0.0,2018-10-31
0.944,0.944,0.944,0.0,2018-11-01
0.944,0.944,0.944,0.0,2018-11-02
0.953,0.953,0.953,0.0095338983,2018-11-05
0.953,0.953,0.953,0.0,2018-11-06
0.953,0.953,0.953,0.0,2018-11-07
0.953,0.953,0.953,0.0,2018-11-08
0.953,0.953,0.953,0.0,2018-11-09
0.954,0.954,0.954,0.0010493179,2018-11-12
0.954,0.954,0.954,0.0,2018-11-13
0.954,0.954,0.954,0.0,2018-11-14
0.954,0.954,0.954,0.0,2018-11-15
0.954,0.954,0.954,0.0,2018-11-16
0.955,0.955,0.955,0.001048218,2018-11-19
0.951,0.951,0.951,-0.0041884817,2018-11-20
0.952,0.952,0.952,0.0010515247,2018-11-21
0.951,0.951,0.951,-0.0010504202,2018-11-22
0.946,0.946,0.946,-0.0052576236,2018-11-23
0.946,0.946,0.946,0.0,2018-11-26
0.946,0.946,0.946,0.0,2018-11-27
0.947,0.947,0.947,0.0010570825,2018-11-28
0.943,0.943,0.943,-0.0042238648,2018-11-29
0.944,0.944,0.944,0.0010604454,2018-11-30
0.949,0.949,0.949,0.0052966102,2018-12-03
0.95,0.95,0.95,0.0010537408,2018-12-04
0.947,0.947,0.947,-0.0031578947,2018-12-05
0.94,0.94,0.94,-0.0073917635,2018-12-06
0.944,0.944,0.944,0.0042553191,2018-12-07
0.941,0.941,0.941,-0.0031779661,2018-12-10
0.942,0.942,0.942,0.0010626993,2018-12-11
0.942,0.942,0.942,0.0,2018-12-12
0.945,0.945,0.945,0.0031847134,2018-12-13
0.939,0.939,0.939,-0.0063492063,2018-12-14
0.941,0.941,0.941,0.0021299255,2018-12-17
0.941,0.941,0.941,0.0,2018-12-18
0.937,0.937,0.937,-0.004250797,2018-12-19
0.938,0.938,0.938,0.0010672359,2018-12-20
0.935,0.935,0.935,-0.0031982942,2018-12-21
0.936,0.936,0.936,0.0010695187,2018-12-24
0.932,0.932,0.932,-0.0042735043,2018-12-25
0.928,0.928,0.928,-0.0042918455,2018-12-26
0.933,0.933,0.933,0.005387931,2018-12-27
0.932,0.932,0.932,-0.0010718114,2018-12-28
0.931,0.931,0.931,-0.0010729614,2019-01-02
0.929,0.929,0.929,-0.0021482277,2019-01-03
0.933,0.933,0.933,0.0043057051,2019-01-04
0.937,0.937,0.937,0.0042872454,2019-01-07
0.938,0.938,0.938,0.0010672359,2019-01-08
0.937,0.937,0.937,-0.0010660981,2019-01-09
0.938,0.938,0.938,0.0010672359,2019-01-10
0.939,0.939,0.939,0.0010660981,2019-01-11
0.936,0.936,0.936,-0.0031948882,2019-01-14
0.937,0.937,0.937,0.0010683761,2019-01-15
0.938,0.938,0.938,0.0010672359,2019-01-16
0.934,0.934,0.934,-0.0042643923,2019-01-17
0.937,0.937,0.937,0.0032119914,2019-01-18
0.937,0.937,0.937,0.0,2019-01-21
0.934,0.934,0.934,-0.0032017076,2019-01-22
0.93,0.93,0.93,-0.0042826552,2019-01-23
0.932,0.932,0.932,0.0021505376,2019-01-24
0.929,0.929,0.929,-0.0032188841,2019-01-25
0.922,0.922,0.922,-0.0075349839,2019-01-28
0.914,0.914,0.914,-0.0086767896,2019-01-29
0.909,0.909,0.909,-0.0054704595,2019-01-30
0.907,0.907,0.907,-0.00220022,2019-01-31
0.918,0.918,0.918,0.0121278942,2019-02-01
0.928,0.928,0.928,0.0108932462,2019-02-11
0.937,0.937,0.937,0.0096982759,2019-02-12
0.946,0.946,0.946,0.0096051227,2019-02-13
0.945,0.945,0.945,-0.0010570825,2019-02-14
0.951,0.951,0.951,0.0063492063,2019-02-15
0.963,0.963,0.963,0.0126182965,2019-02-18
0.964,0.964,0.964,0.0010384216,2019-02-19
0.963,0.963,0.963,-0.0010373444,2019-02-20
0.959,0.959,0.959,-0.0041536864,2019-02-21
0.966,0.966,0.966,0.0072992701,2019-02-22
0.985,0.985,0.985,0.0196687371,2019-02-25
0.986,0.986,0.986,0.0010152284,2019-02-26
0.986,0.986,0.986,0.0,2019-02-27
0.987,0.987,0.987,0.0010141988,2019-02-28
0.987,0.987,0.987,0.0,2019-03-01
0.991,0.991,0.991,0.0040526849,2019-03-04
0.994,0.994,0.994,0.0030272452,2019-03-05
1.002,1.002,1.002,0.0080482897,2019-03-06
1.015,1.015,1.015,0.0129740519,2019-03-07
1.033,1.033,1.033,0.0177339901,2019-03-08
1.052,1.052,1.052,0.01839303,2019-03-11
1.058,1.058,1.058,0.0057034221,2019-03-12
1.047,1.047,1.047,-0.0103969754,2019-03-13
1.02,1.02,1.02,-0.0257879656,2019-03-14
1.037,1.037,1.037,0.0166666667,2019-03-15
1.056,1.056,1.056,0.0183220829,2019-03-18
1.049,1.049,1.049,-0.0066287879,2019-03-19
1.041,1.041,1.041,-0.0076263108,2019-03-20
1.111,1.111,1.111,0.0672430355,2019-03-21
1.092,1.092,1.092,-0.0171017102,2019-03-22
1.001,1.001,1.001,-0.0833333333,2019-03-25
0.959,0.959,0.959,-0.041958042,2019-03-26
0.931,0.931,0.931,-0.0291970803,2019-03-27
0.927,0.927,0.927,-0.0042964554,2019-03-28
0.932,0.932,0.932,0.0053937433,2019-03-29
0.943,0.943,0.943,0.0118025751,2019-04-01
0.955,0.955,0.955,0.0127253446,2019-04-02
0.968,0.968,0.968,0.0136125654,2019-04-03
0.973,0.973,0.973,0.0051652893,2019-04-04
0.971,0.971,0.971,-0.0020554985,2019-04-08
0.975,0.975,0.975,0.0041194645,2019-04-09
0.973,0.973,0.973,-0.0020512821,2019-04-10
0.964,0.964,0.964,-0.0092497431,2019-04-11
0.957,0.957,0.957,-0.0072614108,2019-04-12
0.953,0.953,0.953,-0.0041797283,2019-04-15
0.956,0.956,0.956,0.0031479538,2019-04-16
0.957,0.957,0.957,0.0010460251,2019-04-17
0.958,0.958,0.958,0.0010449321,2019-04-18
0.964,0.964,0.964,0.006263048,2019-04-19
0.958,0.958,0.958,-0.0062240664,2019-04-22
0.942,0.942,0.942,-0.0167014614,2019-04-23
0.947,0.947,0.947,0.0053078556,2019-04-24
0.928,0.928,0.928,-0.020063358,2019-04-25
0.92,0.92,0.92,-0.0086206897,2019-04-26
0.902,0.902,0.902,-0.0195652174,2019-04-29
0.906,0.906,0.906,0.0044345898,2019-04-30
0.87,0.87,0.87,-0.0397350993,2019-05-06
0.882,0.882,0.882,0.0137931034,2019-05-07
0.879,0.879,0.879,-0.0034013605,2019-05-08
0.867,0.867,0.867,-0.0136518771,2019-05-09
0.883,0.883,0.883,0.0184544406,2019-05-10
0.872,0.872,0.872,-0.0124575311,2019-05-13
0.872,0.872,0.872,0.0,2019-05-14
0.886,0.886,0.886,0.0160550459,2019-05-15
0.89,0.89,0.89,0.0045146727,2019-05-16
0.863,0.863,0.863,-0.0303370787,2019-05-17
0.863,0.863,0.863,0.0,2019-05-20
0.88,0.88,0.88,0.0196987254,2019-05-21
0.875,0.875,0.875,-0.0056818182,2019-05-22
0.863,0.863,0.863,-0.0137142857,2019-05-23
0.863,0.863,0.863,0.0,2019-05-24
0.876,0.876,0.876,0.0150637312,2019-05-27
0.876,0.876,0.876,0.0,2019-05-28
0.875,0.875,0.875,-0.0011415525,2019-05-29
0.874,0.874,0.874,-0.0011428571,2019-05-30
0.889,0.889,0.889,0.0171624714,2019-05-31
0.874,0.874,0.874,-0.0168728909,2019-06-03
0.871,0.871,0.871,-0.0034324943,2019-06-04
0.871,0.871,0.871,0.0,2019-06-05
0.862,0.862,0.862,-0.0103329506,2019-06-06
0.872,0.872,0.872,0.0116009281,2019-06-10
0.9,0.9,0.9,0.0321100917,2019-06-11
0.899,0.899,0.899,-0.0011111111,2019-06-12
0.905,0.905,0.905,0.0066740823,2019-06-13
0.901,0.901,0.901,-0.0044198895,2019-06-14
0.895,0.895,0.895,-0.0066592675,2019-06-17
0.895,0.895,0.895,0.0,2019-06-18
0.906,0.906,0.906,0.0122905028,2019-06-19
0.924,0.924,0.924,0.0198675497,2019-06-20
0.939,0.939,0.939,0.0162337662,2019-06-21
0.937,0.937,0.937,-0.0021299255,2019-06-24
0.923,0.923,0.923,-0.014941302,2019-06-25
0.924,0.924,0.924,0.0010834236,2019-06-26
0.939,0.939,0.939,0.0162337662,2019-06-27
0.942,0.942,0.942,0.0031948882,2019-06-28
0.951,0.951,0.951,0.0095541401,2019-07-01
0.95,0.95,0.95,-0.0010515247,2019-07-02
0.942,0.942,0.942,-0.0084210526,2019-07-03
0.957,0.957,0.957,0.0159235669,2019-07-04
0.946,0.946,0.946,-0.0114942529,2019-07-05
0.925,0.925,0.925,-0.0221987315,2019-07-08
0.932,0.932,0.932,0.0075675676,2019-07-09
0.924,0.924,0.924,-0.008583691,2019-07-10
0.931,0.931,0.931,0.0075757576,2019-07-11
0.946,0.946,0.946,0.0161117078,2019-07-12
0.954,0.954,0.954,0.0084566596,2019-07-15
0.945,0.945,0.945,-0.0094339623,2019-07-16
0.955,0.955,0.955,0.0105820106,2019-07-17
0.943,0.943,0.943,-0.012565445,2019-07-18
0.95,0.95,0.95,0.0074231177,2019-07-19
0.93,0.93,0.93,-0.0210526316,2019-07-22
0.944,0.944,0.944,0.0150537634,2019-07-23
0.953,0.953,0.953,0.0095338983,2019-07-24
0.961,0.961,0.961,0.0083945435,2019-07-25
0.955,0.955,0.955,-0.0062434964,2019-07-26
0.955,0.955,0.955,0.0,2019-07-29
0.958,0.958,0.958,0.0031413613,2019-07-30
0.944,0.944,0.944,-0.0146137787,2019-07-31
0.941,0.941,0.941,-0.0031779661,2019-08-01
0.931,0.931,0.931,-0.0106269926,2019-08-02
0.923,0.923,0.923,-0.0085929108,2019-08-05
0.903,0.903,0.903,-0.0216684724,2019-08-06
0.901,0.901,0.901,-0.0022148394,2019-08-07
0.921,0.921,0.921,0.0221975583,2019-08-08
0.917,0.917,0.917,-0.0043431053,2019-08-09
0.934,0.934,0.934,0.0185387132,2019-08-12
0.913,0.913,0.913,-0.02248394,2019-08-13
0.914,0.914,0.914,0.0010952903,2019-08-14
0.91,0.91,0.91,-0.0043763676,2019-08-15
0.908,0.908,0.908,-0.0021978022,2019-08-16
0.907,0.907,0.907,-0.0011013216,2019-08-19
0.904,0.904,0.904,-0.0033076075,2019-08-20
0.901,0.901,0.901,-0.0033185841,2019-08-21
0.902,0.902,0.902,0.0011098779,2019-08-22
0.903,0.903,0.903,0.0011086475,2019-08-23
0.897,0.897,0.897,-0.0066445183,2019-08-26
0.987,0.987,0.987,0.1003344482,2019-08-27
0.987,0.987,0.987,0.0,2019-08-28
1.05,1.05,1.05,0.0638297872,2019-08-29
1.046,1.046,1.046,-0.0038095238,2019-08-30
1.055,1.055,1.055,0.0086042065,2019-09-02
1.056,1.056,1.056,0.0009478673,2019-09-03
1.056,1.056,1.056,0.0,2019-09-04
1.057,1.057,1.057,0.0009469697,2019-09-05
1.058,1.058,1.058,0.0009460738,2019-09-06
1.066,1.066,1.066,0.0075614367,2019-09-09
1.064,1.064,1.064,-0.0018761726,2019-09-10
1.062,1.062,1.062,-0.0018796992,2019-09-11
1.069,1.069,1.069,0.0065913371,2019-09-12
1.066,1.066,1.066,-0.0028063611,2019-09-16
1.06,1.06,1.06,-0.0056285178,2019-09-17
1.061,1.061,1.061,0.0009433962,2019-09-18
1.117,1.117,1.117,0.0527803959,2019-09-19
1.119,1.119,1.119,0.0017905103,2019-09-20
1.113,1.113,1.113,-0.0053619303,2019-09-23
1.118,1.118,1.118,0.004492363,2019-09-24
1.108,1.108,1.108,-0.0089445438,2019-09-25
1.096,1.096,1.096,-0.0108303249,2019-09-26
1.121,1.121,1.121,0.022810219,2019-09-27
1.126,1.126,1.126,0.0044603033,2019-09-30
1.114,1.114,1.114,-0.0106571936,2019-10-08
1.138,1.138,1.138,0.0215439856,2019-10-09
1.141,1.141,1.141,0.0026362039,2019-10-10
1.132,1.132,1.132,-0.0078878177,2019-10-11
1.139,1.139,1.139,0.0061837456,2019-10-14
1.153,1.153,1.153,0.0122914838,2019-10-15
1.143,1.143,1.143,-0.0086730269,2019-10-16
1.142,1.142,1.142,-0.0008748906,2019-10-17
1.141,1.141,1.141,-0.0008756567,2019-10-18
1.135,1.135,1.135,-0.0052585451,2019-10-21
1.155,1.155,1.155,0.0176211454,2019-10-22
1.147,1.147,1.147,-0.0069264069,2019-10-23
1.16,1.16,1.16,0.0113339146,2019-10-24
1.212,1.212,1.212,0.0448275862,2019-10-25
1.27,1.27,1.27,0.0478547855,2019-10-28
1.333,1.333,1.333,0.0496062992,2019-10-29
1.402,1.402,1.402,0.0517629407,2019-10-30
1.48,1.48,1.48,0.0556348074,2019-10-31
1.44,1.44,1.44,-0.027027027,2019-11-01
1.492,1.492,1.492,0.0361111111,2019-11-04
1.464,1.464,1.464,-0.018766756,2019-11-05
1.43,1.43,1.43,-0.0232240437,2019-11-06
1.462,1.462,1.462,0.0223776224,2019-11-07
1.494,1.494,1.494,0.0218878249,2019-11-08
1.514,1.514,1.514,0.0133868809,2019-11-11
1.514,1.514,1.514,0.0,2019-11-12
1.514,1.514,1.514,0.0,2019-11-13
1.513,1.513,1.513,-0.000660502,2019-11-14
1.513,1.513,1.513,0.0,2019-11-15
1.513,1.513,1.513,0.0,2019-11-18
1.513,1.513,1.513,0.0,2019-11-19
1.513,1.513,1.513,0.0,2019-11-20
1.513,1.513,1.513,0.0,2019-11-21
1.513,1.513,1.513,0.0,2019-11-22
1.514,1.514,1.514,0.0006609385,2019-11-25
1.514,1.514,1.514,0.0,2019-11-26
1.514,1.514,1.514,0.0,2019-11-27
1.514,1.514,1.514,0.0,2019-11-28
1.514,1.514,1.514,0.0,2019-11-29
1.551,1.551,1.551,0.0244385733,2019-12-02
1.551,1.551,1.551,0.0,2019-12-03
1.551,1.551,1.551,0.0,2019-12-04
1.551,1.551,1.551,0.0,2019-12-05
1.552,1.552,1.552,0.0006447453,2019-12-06
1.883,1.883,1.883,0.2132731959,2019-12-09
1.883,1.883,1.883,0.0,2019-12-10
1.883,1.883,1.883,0.0,2019-12-11
1.883,1.883,1.883,0.0,2019-12-12
1.883,1.883,1.883,0.0,2019-12-13
1.97,1.97,1.97,0.0462028678,2019-12-16
1.967,1.967,1.967,-0.0015228426,2019-12-17
1.965,1.965,1.965,-0.0010167768,2019-12-18
1.977,1.977,1.977,0.0061068702,2019-12-19
1.977,1.977,1.977,0.0,2019-12-20
1.989,1.989,1.989,0.0060698027,2019-12-23
2.044,2.044,2.044,0.0276520865,2019-12-24
2.048,2.048,2.048,0.0019569472,2019-12-25
2.065,2.065,2.065,0.0083007813,2019-12-26
2.05,2.05,2.05,-0.0072639225,2019-12-27
2.076,2.076,2.076,0.0126829268,2019-12-30
2.085,2.085,2.085,0.0043352601,2019-12-31
2.1,2.1,2.1,0.0071942446,2020-01-02
2.098,2.098,2.098,-0.000952381,2020-01-03
2.128,2.128,2.128,0.0142993327,2020-01-06
2.146,2.146,2.146,0.0084586466,2020-01-07
2.127,2.127,2.127,-0.0088536813,2020-01-08
2.193,2.193,2.193,0.0310296192,2020-01-09
2.232,2.232,2.232,0.0177838577,2020-01-10
2.246,2.246,2.246,0.0062724014,2020-01-13
2.301,2.301,2.301,0.0244879786,2020-01-14
2.278,2.278,2.278,-0.0099956541,2020-01-15
2.201,2.201,2.201,-0.0338015803,2020-01-16
2.232,2.232,2.232,0.014084507,2020-01-17
2.147,2.147,2.147,-0.0380824373,2020-01-20
2.161,2.161,2.161,0.0065207266,2020-01-21
2.136,2.136,2.136,-0.0115687182,2020-01-22
2.081,2.081,2.081,-0.0257490637,2020-01-23
1.903,1.903,1.903,-0.0855358001,2020-02-03
1.973,1.973,1.973,0.0367840252,2020-02-04
1.985,1.985,1.985,0.0060821085,2020-02-05
2.031,2.031,2.031,0.0231738035,2020-02-06
2.056,2.056,2.056,0.0123092073,2020-02-07
2.061,2.061,2.061,0.0024319066,2020-02-10
2.053,2.053,2.053,-0.0038816109,2020-02-11
2.068,2.068,2.068,0.0073063809,2020-02-12
2.057,2.057,2.057,-0.0053191489,2020-02-13
2.037,2.037,2.037,-0.0097228974,2020-02-14
2.1,2.1,2.1,0.0309278351,2020-02-17
2.127,2.127,2.127,0.0128571429,2020-02-18
2.107,2.107,2.107,-0.0094029149,2020-02-19
2.118,2.118,2.118,0.0052206929,2020-02-20
2.152,2.152,2.152,0.0160528801,2020-02-21
2.185,2.185,2.185,0.0153345725,2020-02-24
2.172,2.172,2.172,-0.0059496568,2020-02-25
2.127,2.127,2.127,-0.020718232,2020-02-26
2.134,2.134,2.134,0.0032910202,2020-02-27
2.184,2.184,2.184,0.0234301781,2020-02-28
2.262,2.262,2.262,0.0357142857,2020-03-02
2.255,2.255,2.255,-0.0030946065,2020-03-03
2.249,2.249,2.249,-0.0026607539,2020-03-04
2.288,2.288,2.288,0.0173410405,2020-03-05
2.327,2.327,2.327,0.0170454545,2020-03-06
2.246,2.246,2.246,-0.0348087667,2020-03-09
2.278,2.278,2.278,0.0142475512,2020-03-10
2.254,2.254,2.254,-0.0105355575,2020-03-11
2.205,2.205,2.205,-0.0217391304,2020-03-12
2.236,2.236,2.236,0.0140589569,2020-03-13
2.208,2.208,2.208,-0.0125223614,2020-03-16
2.171,2.171,2.171,-0.0167572464,2020-03-17
2.146,2.146,2.146,-0.0115154307,2020-03-18
2.19,2.19,2.19,0.0205032619,2020-03-19
2.276,2.276,2.276,0.0392694064,2020-03-20
2.272,2.272,2.272,-0.0017574692,2020-03-23
2.262,2.262,2.262,-0.0044014085,2020-03-24
2.31,2.31,2.31,0.0212201592,2020-03-25
2.233,2.233,2.233,-0.0333333333,2020-03-26
2.213,2.213,2.213,-0.0089565607,2020-03-27
2.217,2.217,2.217,0.0018075011,2020-03-30
2.139,2.139,2.139,-0.0351826793,2020-03-31
2.131,2.131,2.131,-0.0037400655,2020-04-01
2.159,2.159,2.159,0.0131393712,2020-04-02
2.154,2.154,2.154,-0.002315887,2020-04-03
2.178,2.178,2.178,0.0111420613,2020-04-07
2.182,2.182,2.182,0.0018365473,2020-04-08
2.175,2.175,2.175,-0.003208066,2020-04-09
2.226,2.226,2.226,0.0234482759,2020-04-10
2.288,2.288,2.288,0.0278526505,2020-04-13
2.251,2.251,2.251,-0.0161713287,2020-04-14
2.249,2.249,2.249,-0.000888494,2020-04-15
2.263,2.263,2.263,0.0062249889,2020-04-16
2.252,2.252,2.252,-0.0048608042,2020-04-17
2.282,2.282,2.282,0.013321492,2020-04-20
2.297,2.297,2.297,0.0065731814,2020-04-21
2.329,2.329,2.329,0.0139312146,2020-04-22
2.325,2.325,2.325,-0.0017174753,2020-04-23
2.381,2.381,2.381,0.0240860215,2020-04-24
2.289,2.289,2.289,-0.0386392272,2020-04-27
2.285,2.285,2.285,-0.001747488,2020-04-28
2.242,2.242,2.242,-0.0188183807,2020-04-29
2.281,2.281,2.281,0.0173951829,2020-04-30
2.309,2.309,2.309,0.0122753178,2020-05-06
2.303,2.303,2.303,-0.0025985275,2020-05-07
2.37,2.37,2.37,0.0290924881,2020-05-08
2.387,2.387,2.387,0.0071729958,2020-05-11
2.441,2.441,2.441,0.0226225388,2020-05-12
2.421,2.421,2.421,-0.0081933634,2020-05-13
2.406,2.406,2.406,-0.0061957869,2020-05-14
2.533,2.533,2.533,0.0527847049,2020-05-15
2.577,2.577,2.577,0.0173707067,2020-05-18
2.595,2.595,2.595,0.0069848661,2020-05-19
2.578,2.578,2.578,-0.0065510597,2020-05-20
2.578,2.578,2.578,0.0,2020-05-21
2.579,2.579,2.579,0.0003878976,2020-05-22
2.579,2.579,2.579,0.0,2020-05-25
2.636,2.636,2.636,0.0221015898,2020-05-26
2.636,2.636,2.636,0.0,2020-05-27
2.636,2.636,2.636,0.0,2020-05-28
2.632,2.632,2.632,-0.0015174507,2020-05-29
2.635,2.635,2.635,0.0011398176,2020-06-01
2.637,2.637,2.637,0.0007590133,2020-06-02
2.634,2.634,2.634,-0.0011376564,2020-06-03
2.648,2.648,2.648,0.0053151101,2020-06-04
2.652,2.652,2.652,0.001510574,2020-06-05
2.648,2.648,2.648,-0.0015082956,2020-06-08
2.653,2.653,2.653,0.0018882175,2020-06-09
2.647,2.647,2.647,-0.0022615907,2020-06-10
2.669,2.669,2.669,0.0083112958,2020-06-11
2.661,2.661,2.661,-0.0029973773,2020-06-12
2.658,2.658,2.658,-0.0011273957,2020-06-15
2.684,2.684,2.684,0.0097817908,2020-06-16
2.806,2.806,2.806,0.0454545455,2020-06-17
2.802,2.802,2.802,-0.0014255167,2020-06-18
2.826,2.826,2.826,0.0085653105,2020-06-19
2.788,2.788,2.788,-0.0134465676,2020-06-22
2.849,2.849,2.849,0.0218794835,2020-06-23
2.862,2.862,2.862,0.0045630046,2020-06-24
2.857,2.857,2.857,-0.00174703,2020-06-29
2.865,2.865,2.865,0.00280014,2020-06-30
2.861,2.861,2.861,-0.0013961606,2020-07-01
2.861,2.861,2.861,0.0,2020-07-02
2.876,2.876,2.876,0.0052429221,2020-07-03
2.937,2.937,2.937,0.0212100139,2020-07-06
2.967,2.967,2.967,0.0102145046,2020-07-07
3.058,3.058,3.058,0.0306707112,2020-07-08
3.113,3.113,3.113,0.0179856115,2020-07-09
3.119,3.119,3.119,0.0019274012,2020-07-10
3.162,3.162,3.162,0.01378647,2020-07-13
3.296,3.296,3.296,0.0423782416,2020-07-14
3.253,3.253,3.253,-0.0130461165,2020-07-15
3.111,3.111,3.111,-0.0436520135,2020-07-16
3.095,3.095,3.095,-0.0051430408,2020-07-17
3.219,3.219,3.219,0.0400646204,2020-07-20
3.253,3.253,3.253,0.0105622864,2020-07-21
3.247,3.247,3.247,-0.0018444513,2020-07-22
3.262,3.262,3.262,0.0046196489,2020-07-23
3.188,3.188,3.188,-0.022685469,2020-07-24
3.181,3.181,3.181,-0.002195734,2020-07-27
3.239,3.239,3.239,0.01823326,2020-07-28
3.279,3.279,3.279,0.0123494906,2020-07-29
3.243,3.243,3.243,-0.010978957,2020-07-30
3.277,3.277,3.277,0.0104841196,2020-07-31
3.394,3.394,3.394,0.0357033872,2020-08-03
3.444,3.444,3.444,0.0147318798,2020-08-04
3.479,3.479,3.479,0.0101626016,2020-08-05
3.419,3.419,3.419,-0.0172463352,2020-08-06
3.486,3.486,3.486,0.0195963732,2020-08-07
3.498,3.498,3.498,0.0034423408,2020-08-10
3.398,3.398,3.398,-0.0285877644,2020-08-11
3.385,3.385,3.385,-0.0038257799,2020-08-12
3.429,3.429,3.429,0.0129985229,2020-08-13
3.493,3.493,3.493,0.0186643336,2020-08-14
3.51,3.51,3.51,0.0048668766,2020-08-17
3.501,3.501,3.501,-0.0025641026,2020-08-18
3.432,3.432,3.432,-0.0197086547,2020-08-19
3.363,3.363,3.363,-0.0201048951,2020-08-20
3.391,3.391,3.391,0.0083258995,2020-08-21
3.399,3.399,3.399,0.0023591861,2020-08-24
3.425,3.425,3.425,0.0076493086,2020-08-25
3.389,3.389,3.389,-0.0105109489,2020-08-26
3.466,3.466,3.466,0.0227205665,2020-08-27
3.463,3.463,3.463,-0.0008655511,2020-08-28
3.6,3.6,3.6,0.0395610742,2020-08-31
3.756,3.756,3.756,0.0433333333,2020-09-01
3.781,3.781,3.781,0.006656017,2020-09-02
3.643,3.643,3.643,-0.0364982809,2020-09-03
3.625,3.625,3.625,-0.0049409827,2020-09-04
3.641,3.641,3.641,0.0044137931,2020-09-07
3.649,3.649,3.649,0.0021971986,2020-09-08
3.644,3.644,3.644,-0.0013702384,2020-09-09
3.499,3.499,3.499,-0.039791438,2020-09-10
3.548,3.548,3.548,0.0140040011,2020-09-11
3.561,3.561,3.561,0.0036640361,2020-09-14
3.536,3.536,3.536,-0.0070204999,2020-09-15
3.511,3.511,3.511,-0.0070701357,2020-09-16
3.518,3.518,3.518,0.001993734,2020-09-17
3.591,3.591,3.591,0.0207504264,2020-09-18
3.648,3.648,3.648,0.0158730159,2020-09-21
3.593,3.593,3.593,-0.0150767544,2020-09-22
3.602,3.602,3.602,0.0025048706,2020-09-23
3.548,3.548,3.548,-0.0149916713,2020-09-24
3.544,3.544,3.544,-0.0011273957,2020-09-25
3.531,3.531,3.531,-0.0036681716,2020-09-28
3.533,3.533,3.533,0.0005664118,2020-09-29
3.534,3.534,3.534,0.0002830456,2020-09-30
3.572,3.572,3.572,0.0107526882,2020-10-09
3.578,3.578,3.578,0.0016797312,2020-10-12
3.576,3.576,3.576,-0.0005589715,2020-10-13
3.529,3.529,3.529,-0.0131431767,2020-10-14
3.551,3.551,3.551,0.0062340606,2020-10-15
3.56,3.56,3.56,0.0025344973,2020-10-16
3.557,3.557,3.557,-0.0008426966,2020-10-19
3.77,3.77,3.77,0.059881923,2020-10-20
3.734,3.734,3.734,-0.0095490716,2020-10-21
3.72,3.72,3.72,-0.0037493305,2020-10-22
3.702,3.702,3.702,-0.0048387097,2020-10-23
3.685,3.685,3.685,-0.0045921124,2020-10-26
3.68,3.68,3.68,-0.0013568521,2020-10-27
3.672,3.672,3.672,-0.002173913,2020-10-28
3.655,3.655,3.655,-0.0046296296,2020-10-29
3.633,3.633,3.633,-0.0060191518,2020-10-30
3.618,3.618,3.618,-0.0041288192,2020-11-02
3.658,3.658,3.658,0.011055832,2020-11-03
3.633,3.633,3.633,-0.0068343357,2020-11-04
3.645,3.645,3.645,0.0033030553,2020-11-05
3.618,3.618,3.618,-0.0074074074,2020-11-06
3.722,3.722,3.722,0.0287451631,2020-11-09
3.873,3.873,3.873,0.0405695862,2020-11-10
3.874,3.874,3.874,0.0002581978,2020-11-11
3.8675,3.8675,3.8675,-0.0016778523,2020-11-12
3.8822,3.8822,3.8822,0.003800905,2020-11-13
3.9457,3.9457,3.9457,0.016356705,2020-11-16
3.9515,3.9515,3.9515,0.0014699546,2020-11-17
3.9491,3.9491,3.9491,-0.0006073643,2020-11-18
3.8851,3.8851,3.8851,-0.0162062242,2020-11-19
3.8474,3.8474,3.8474,-0.0097037399,2020-11-20
3.8397,3.8397,3.8397,-0.0020013516,2020-11-23
3.8525,3.8525,3.8525,0.0033335938,2020-11-24
3.8462,3.8462,3.8462,-0.0016353018,2020-11-25
3.819,3.819,3.819,-0.0070719151,2020-11-26
3.8415,3.8415,3.8415,0.0058915947,2020-11-27
3.8121,3.8121,3.8121,-0.0076532604,2020-11-30
3.8528,3.8528,3.8528,0.01067653,2020-12-01
3.856,3.856,3.856,0.0008305648,2020-12-02
3.8539,3.8539,3.8539,-0.0005446058,2020-12-03
3.8777,3.8777,3.8777,0.0061755624,2020-12-04
3.8539,3.8539,3.8539,-0.0061376589,2020-12-07
3.8435,3.8435,3.8435,-0.0026985651,2020-12-08
4.1139,4.1139,4.1139,0.0703525433,2020-12-09
4.2526,4.2526,4.2526,0.0337149663,2020-12-10
4.4694,4.4694,4.4694,0.0509805766,2020-12-11
4.4701,4.4701,4.4701,0.0001566206,2020-12-14
4.4608,4.4608,4.4608,-0.0020804904,2020-12-15
4.4503,4.4503,4.4503,-0.0023538379,2020-12-16
4.4525,4.4525,4.4525,0.0004943487,2020-12-17
4.4743,4.4743,4.4743,0.0048961258,2020-12-18
4.4453,4.4453,4.4453,-0.0064814608,2020-12-21
4.4258,4.4258,4.4258,-0.0043866556,2020-12-22
4.4417,4.4417,4.4417,0.0035925708,2020-12-23
4.4012,4.4012,4.4012,-0.0091181304,2020-12-24
4.4267,4.4267,4.4267,0.0057938744,2020-12-25
4.3958,4.3958,4.3958,-0.0069803691,2020-12-28
4.4801,4.4801,4.4801,0.0191773966,2020-12-29
4.4776,4.4776,4.4776,-0.0005580233,2020-12-30
4.5066,4.5066,4.5066,0.0064766839,2020-12-31
4.5153,4.5153,4.5153,0.0019305019,2021-01-04
4.4918,4.4918,4.4918,-0.0052045268,2021-01-05
4.4993,4.4993,4.4993,0.0016697092,2021-01-06
4.4894,4.4894,4.4894,-0.0022003423,2021-01-07
4.4998,4.4998,4.4998,0.0023165679,2021-01-08
4.5112,4.5112,4.5112,0.0025334459,2021-01-11
4.4971,4.4971,4.4971,-0.0031255542,2021-01-12
4.4383,4.4383,4.4383,-0.0130750928,2021-01-13
4.4602,4.4602,4.4602,0.0049343217,2021-01-14
4.4617,4.4617,4.4617,0.0003363078,2021-01-15
4.4813,4.4813,4.4813,0.0043929444,2021-01-18
4.496,4.496,4.496,0.0032802981,2021-01-19
4.4971,4.4971,4.4971,0.0002446619,2021-01-20
4.5064,4.5064,4.5064,0.0020679994,2021-01-21
4.4842,4.4842,4.4842,-0.004926327,2021-01-22
4.481,4.481,4.481,-0.0007136167,2021-01-25
4.4507,4.4507,4.4507,-0.0067618835,2021-01-26
4.4308,4.4308,4.4308,-0.0044712068,2021-01-27
4.6036,4.6036,4.6036,0.0389997292,2021-01-28
4.8084,4.8084,4.8084,0.0444869233,2021-01-29
4.778,4.778,4.778,-0.0063222694,2021-02-01
4.7784,4.7784,4.7784,8.3717e-05,2021-02-02
4.778,4.778,4.778,-8.371e-05,2021-02-03
4.7138,4.7138,4.7138,-0.0134365843,2021-02-04
4.679,4.679,4.679,-0.0073825788,2021-02-05
4.7361,4.7361,4.7361,0.0122034623,2021-02-08
4.7543,4.7543,4.7543,0.0038428243,2021-02-09
4.7771,4.7771,4.7771,0.0047956587,2021-02-10
4.8163,4.8163,4.8163,0.0082058152,2021-02-18
4.8481,4.8481,4.8481,0.0066025787,2021-02-19
4.8458,4.8458,4.8458,-0.0004744127,2021-02-22
4.8342,4.8342,4.8342,-0.0023938256,2021-02-23
4.929,4.929,4.929,0.0196102768,2021-02-24
4.9446,4.9446,4.9446,0.0031649422,2021-02-25
4.9346,4.9346,4.9346,-0.0020224083,2021-02-26
4.9806,4.9806,4.9806,0.0093219309,2021-03-01
4.9475,4.9475,4.9475,-0.0066457856,2021-03-02
4.9697,4.9697,4.9697,0.0044871147,2021-03-03
4.9633,4.9633,4.9633,-0.0012878041,2021-03-04
4.9817,4.9817,4.9817,0.0037072109,2021-03-05
4.9627,4.9627,4.9627,-0.0038139591,2021-03-08
4.9533,4.9533,4.9533,-0.0018941302,2021-03-09
4.9657,4.9657,4.9657,0.0025033816,2021-03-10
4.9769,4.9769,4.9769,0.0022554725,2021-03-11
4.9959,4.9959,4.9959,0.0038176375,2021-03-12
4.9985,4.9985,4.9985,0.0005204267,2021-03-15
5.0008,5.0008,5.0008,0.000460138,2021-03-16
5.0033,5.0033,5.0033,0.00049992,2021-03-17
4.9975,4.9975,4.9975,-0.0011592349,2021-03-18
5.003,5.003,5.003,0.0011005503,2021-03-19
5.0188,5.0188,5.0188,0.0031581051,2021-03-22
5.028,5.028,5.028,0.0018331075,2021-03-23
5.0379,5.0379,5.0379,0.0019689737,2021-03-24
5.0278,5.0278,5.0278,-0.0020048036,2021-03-25
5.0383,5.0383,5.0383,0.0020883886,2021-03-26
5.0405,5.0405,5.0405,0.0004366552,2021-03-29
5.012,5.012,5.012,-0.005654201,2021-03-30
4.9887,4.9887,4.9887,-0.0046488428,2021-03-31
5.0344,5.0344,5.0344,0.0091607032,2021-04-01
5.0439,5.0439,5.0439,0.0018870173,2021-04-02
5.0191,5.0191,5.0191,-0.0049168302,2021-04-06
5.0343,5.0343,5.0343,0.0030284314,2021-04-07
5.0094,5.0094,5.0094,-0.00494607,2021-04-08
5.0011,5.0011,5.0011,-0.0016568851,2021-04-09
4.9561,4.9561,4.9561,-0.0089980204,2021-04-12
4.9612,4.9612,4.9612,0.0010290349,2021-04-13
4.9982,4.9982,4.9982,0.0074578731,2021-04-14
4.9914,4.9914,4.9914,-0.0013604898,2021-04-15
5.0228,5.0228,5.0228,0.0062908202,2021-04-16
5.0657,5.0657,5.0657,0.0085410528,2021-04-19
5.0428,5.0428,5.0428,-0.0045205993,2021-04-20
5.0298,5.0298,5.0298,-0.0025779329,2021-04-21
5.0461,5.0461,5.0461,0.0032406855,2021-04-22
5.0174,5.0174,5.0174,-0.0056875607,2021-04-23
5.0302,5.0302,5.0302,0.0025511221,2021-04-26
5.0345,5.0345,5.0345,0.0008548368,2021-04-27
5.0948,5.0948,5.0948,0.0119773562,2021-04-28
5.0738,5.0738,5.0738,-0.0041218497,2021-04-29
5.0601,5.0601,5.0601,-0.0027001458,2021-04-30
5.0876,5.0876,5.0876,0.0054346752,2021-05-06
5.041,5.041,5.041,-0.0091595251,2021-05-07
5.058,5.058,5.058,0.0033723468,2021-05-10
5.07,5.07,5.07,0.0023724792,2021-05-11
5.1001,5.1001,5.1001,0.0059368836,2021-05-12
5.0971,5.0971,5.0971,-0.0005882238,2021-05-13
5.1339,5.1339,5.1339,0.0072197916,2021-05-14
5.0931,5.0931,5.0931,-0.0079471747,2021-05-17
5.0966,5.0966,5.0966,0.0006872043,2021-05-18
5.0798,5.0798,5.0798,-0.0032963152,2021-05-19
5.0777,5.0777,5.0777,-0.0004134021,2021-05-20
5.0544,5.0544,5.0544,-0.0045886917,2021-05-21
5.1692,5.1692,5.1692,0.0227128838,2021-05-24
5.2407,5.2407,5.2407,0.0138319276,2021-05-25
5.2551,5.2551,5.2551,0.0027477245,2021-05-26
5.2525,5.2525,5.2525,-0.0004947575,2021-05-27
5.2852,5.2852,5.2852,0.0062256069,2021-05-28
5.2837,5.2837,5.2837,-0.0002838114,2021-05-31
5.2931,5.2931,5.2931,0.0017790563,2021-06-01
5.2947,5.2947,5.2947,0.0003022803,2021-06-02
5.2661,5.2661,5.2661,-0.005401628,2021-06-03
5.3016,5.3016,5.3016,0.0067412317,2021-06-04
5.3719,5.3719,5.3719,0.0132601479,2021-06-07
5.3566,5.3566,5.3566,-0.0028481543,2021-06-08
5.3874,5.3874,5.3874,0.005749916,2021-06-09
5.425,5.425,5.425,0.0069792479,2021-06-10
5.4134,5.4134,5.4134,-0.0021382488,2021-06-11
5.4061,5.4061,5.4061,-0.0013485056,2021-06-15
5.3887,5.3887,5.3887,-0.0032185864,2021-06-16
5.4633,5.4633,5.4633,0.0138437842,2021-06-17
5.5203,5.5203,5.5203,0.0104332546,2021-06-18
5.5252,5.5252,5.5252,0.0008876329,2021-06-21
5.5884,5.5884,5.5884,0.0114385,2021-06-22
5.6057,5.6057,5.6057,0.0030956982,2021-06-23
5.5822,5.5822,5.5822,-0.0041921615,2021-06-24
5.5782,5.5782,5.5782,-0.0007165634,2021-06-25
5.6128,5.6128,5.6128,0.0062027177,2021-06-28
5.5922,5.5922,5.5922,-0.0036701824,2021-06-29
5.6669,5.6669,5.6669,0.0133578913,2021-06-30
5.6246,5.6246,5.6246,-0.0074643985,2021-07-01
5.6042,5.6042,5.6042,-0.0036269246,2021-07-02
5.6749,5.6749,5.6749,0.0126155383,2021-07-05
5.6953,5.6953,5.6953,0.003594777,2021-07-06
5.7717,5.7717,5.7717,0.0134145699,2021-07-07
5.7812,5.7812,5.7812,0.0016459622,2021-07-08
5.8316,5.8316,5.8316,0.0087179132,2021-07-09
5.8339,5.8339,5.8339,0.0003944029,2021-07-12
5.8544,5.8544,5.8544,0.0035139444,2021-07-13
5.8285,5.8285,5.8285,-0.004424023,2021-07-14
5.8343,5.8343,5.8343,0.0009951102,2021-07-15
5.8499,5.8499,5.8499,0.0026738426,2021-07-16
5.9333,5.9333,5.9333,0.014256654,2021-07-19
6.0079,6.0079,6.0079,0.0125731043,2021-07-20
6.0499,6.0499,6.0499,0.0069907955,2021-07-21
6.1153,6.1153,6.1153,0.010810096,2021-07-22
6.1086,6.1086,6.1086,-0.0010956126,2021-07-23
6.0929,6.0929,6.0929,-0.002570147,2021-07-26
6.0245,6.0245,6.0245,-0.0112261813,2021-07-27
5.9185,5.9185,5.9185,-0.0175948211,2021-07-28
6.0511,6.0511,6.0511,0.0224043254,2021-07-29
6.0345,6.0345,6.0345,-0.0027433029,2021-07-30
6.0608,6.0608,6.0608,0.0043582733,2021-08-02
6.0024,6.0024,6.0024,-0.0096356917,2021-08-03
6.0364,6.0364,6.0364,0.0056644009,2021-08-04
5.9951,5.9951,5.9951,-0.0068418263,2021-08-05
5.9755,5.9755,5.9755,-0.0032693366,2021-08-06
5.986,5.986,5.986,0.0017571751,2021-08-09
5.9953,5.9953,5.9953,0.0015536251,2021-08-10
5.9412,5.9412,5.9412,-0.0090237353,2021-08-11
5.8905,5.8905,5.8905,-0.0085336296,2021-08-12
5.8526,5.8526,5.8526,-0.0064340888,2021-08-13
5.8449,5.8449,5.8449,-0.0013156546,2021-08-16
5.7694,5.7694,5.7694,-0.0129172441,2021-08-17
5.8243,5.8243,5.8243,0.0095157209,2021-08-18
5.8321,5.8321,5.8321,0.0013392167,2021-08-19
5.7967,5.7967,5.7967,-0.0060698548,2021-08-20
5.8824,5.8824,5.8824,0.0147842738,2021-08-23
5.8608,5.8608,5.8608,-0.0036719706,2021-08-24
5.8939,5.8939,5.8939,0.0056476931,2021-08-25
5.915,5.915,5.915,0.0035799725,2021-08-26
5.8474,5.8474,5.8474,-0.0114285714,2021-08-27
5.848,5.848,5.848,0.0001026097,2021-08-30
5.8335,5.8335,5.8335,-0.0024794802,2021-08-31
5.8235,5.8235,5.8235,-0.0017142367,2021-09-01
5.8195,5.8195,5.8195,-0.0006868722,2021-09-02
5.8096,5.8096,5.8096,-0.0017011771,2021-09-03
5.8602,5.8602,5.8602,0.0087097218,2021-09-06
5.8921,5.8921,5.8921,0.0054435002,2021-09-07
5.9793,5.9793,5.9793,0.0147994773,2021-09-08
5.9802,5.9802,5.9802,0.0001505193,2021-09-09
5.9449,5.9449,5.9449,-0.0059028126,2021-09-10
5.9208,5.9208,5.9208,-0.0040538949,2021-09-13
5.8574,5.8574,5.8574,-0.0107080124,2021-09-14
5.8425,5.8425,5.8425,-0.0025437908,2021-09-15
5.7851,5.7851,5.7851,-0.0098245614,2021-09-16
5.7738,5.7738,5.7738,-0.0019532938,2021-09-17
5.7852,5.7852,5.7852,0.0019744362,2021-09-22
5.8666,5.8666,5.8666,0.0140703865,2021-09-23
5.8434,5.8434,5.8434,-0.0039545904,2021-09-24
5.784,5.784,5.784,-0.0101653147,2021-09-27
5.7796,5.7796,5.7796,-0.0007607192,2021-09-28
5.6737,5.6737,5.6737,-0.0183230673,2021-09-29
5.7137,5.7137,5.7137,0.0070500731,2021-09-30
5.8075,5.8075,5.8075,0.0164166827,2021-10-08
5.8442,5.8442,5.8442,0.0063194146,2021-10-11
5.8046,5.8046,5.8046,-0.0067759488,2021-10-12
5.6967,5.6967,5.6967,-0.0185887055,2021-10-13
5.7194,5.7194,5.7194,0.0039847631,2021-10-14
5.7177,5.7177,5.7177,-0.000297234,2021-10-15
5.7147,5.7147,5.7147,-0.0005246865,2021-10-18
5.7248,5.7248,5.7248,0.0017673719,2021-10-19
5.6507,5.6507,5.6507,-0.0129436836,2021-10-20
5.561,5.561,5.561,-0.0158741395,2021-10-21
5.6301,5.6301,5.6301,0.0124258227,2021-10-22
5.6259,5.6259,5.6259,-0.0007459903,2021-10-25
5.6316,5.6316,5.6316,0.0010131712,2021-10-26
5.604,5.604,5.604,-0.0049009163,2021-10-27
5.5787,5.5787,5.5787,-0.0045146324,2021-10-28
5.6432,5.6432,5.6432,0.0115618334,2021-10-29
5.6888,5.6888,5.6888,0.0080805217,2021-11-01
5.6569,5.6569,5.6569,-0.0056075095,2021-11-02
5.6665,5.6665,5.6665,0.0016970425,2021-11-03
5.703,5.703,5.703,0.0064413659,2021-11-04
5.6983,5.6983,5.6983,-0.0008241277,2021-11-05
5.7252,5.7252,5.7252,0.0047207062,2021-11-08
5.8134,5.8134,5.8134,0.0154055754,2021-11-09
5.8375,5.8375,5.8375,0.0041455947,2021-11-10
5.8728,5.8728,5.8728,0.0060471092,2021-11-11
5.872,5.872,5.872,-0.0001362212,2021-11-12
5.9844,5.9844,5.9844,0.0191416894,2021-11-15
5.9585,5.9585,5.9585,-0.0043279193,2021-11-16
6.003,6.003,6.003,0.0074683226,2021-11-17
6.0189,6.0189,6.0189,0.0026486757,2021-11-18
6.0624,6.0624,6.0624,0.0072272342,2021-11-19
6.1209,6.1209,6.1209,0.0096496437,2021-11-22
6.1446,6.1446,6.1446,0.0038719796,2021-11-23
6.1346,6.1346,6.1346,-0.0016274452,2021-11-24
6.0975,6.0975,6.0975,-0.0060476641,2021-11-25
6.0328,6.0328,6.0328,-0.0106109061,2021-11-26
6.0182,6.0182,6.0182,-0.0024201034,2021-11-29
6.0165,6.0165,6.0165,-0.0002824765,2021-11-30
6.0232,6.0232,6.0232,0.0011136043,2021-12-01
5.9488,5.9488,5.9488,-0.012352238,2021-12-02
5.9378,5.9378,5.9378,-0.0018491124,2021-12-03
5.9682,5.9682,5.9682,0.0051197413,2021-12-06
5.9864,5.9864,5.9864,0.0030494957,2021-12-07
5.9873,5.9873,5.9873,0.0001503408,2021-12-08
6.0086,6.0086,6.0086,0.0035575301,2021-12-09
5.9686,5.9686,5.9686,-0.0066571248,2021-12-10
5.9586,5.9586,5.9586,-0.0016754348,2021-12-13
5.9707,5.9707,5.9707,0.0020306783,2021-12-14
5.9611,5.9611,5.9611,-0.0016078517,2021-12-15
5.9594,5.9594,5.9594,-0.0002851823,2021-12-16
5.9166,5.9166,5.9166,-0.0071819311,2021-12-17
5.9186,5.9186,5.9186,0.000338032,2021-12-20
5.9691,5.9691,5.9691,0.0085324232,2021-12-21
5.9872,5.9872,5.9872,0.0030322829,2021-12-22
5.9505,5.9505,5.9505,-0.0061297435,2021-12-23
5.9252,5.9252,5.9252,-0.0042517436,2021-12-24
5.9315,5.9315,5.9315,0.0010632552,2021-12-27
5.9368,5.9368,5.9368,0.0008935345,2021-12-28
5.9234,5.9234,5.9234,-0.0022571082,2021-12-29
5.9442,5.9442,5.9442,0.0035114968,2021-12-30
6.0105,6.0105,6.0105,0.0111537297,2021-12-31
6.0905,6.0905,6.0905,0.0133100408,2022-01-04
6.0557,6.0557,6.0557,-0.0057138166,2022-01-05
6.179,6.179,6.179,0.0203609822,2022-01-06
6.0774,6.0774,6.0774,-0.0164427901,2022-01-07
6.0333,6.0333,6.0333,-0.0072563925,2022-01-10
6.0249,6.0249,6.0249,-0.0013922729,2022-01-11
6.0674,6.0674,6.0674,0.007054059,2022-01-12
6.0439,6.0439,6.0439,-0.0038731582,2022-01-13
6.0129,6.0129,6.0129,-0.0051291385,2022-01-14
6.0438,6.0438,6.0438,0.0051389513,2022-01-17
6.0032,6.0032,6.0032,-0.006717628,2022-01-18
6.0101,6.0101,6.0101,0.001149387,2022-01-19
5.9297,5.9297,5.9297,-0.0133774812,2022-01-20
5.8901,5.8901,5.8901,-0.0066782468,2022-01-21
5.8969,5.8969,5.8969,0.0011544796,2022-01-24
5.7843,5.7843,5.7843,-0.0190947786,2022-01-25
5.7974,5.7974,5.7974,0.0022647511,2022-01-26
5.6845,5.6845,5.6845,-0.0194742471,2022-01-27
5.7465,5.7465,5.7465,0.010906852,2022-01-28
5.8113,5.8113,5.8113,0.0112764291,2022-02-07
5.8843,5.8843,5.8843,0.0125617332,2022-02-08
5.9032,5.9032,5.9032,0.0032119368,2022-02-09
5.929,5.929,5.929,0.0043705109,2022-02-10
5.8735,5.8735,5.8735,-0.0093607691,2022-02-11
5.9014,5.9014,5.9014,0.004750149,2022-02-14
5.857,5.857,5.857,-0.0075236385,2022-02-15
5.9162,5.9162,5.9162,0.0101075636,2022-02-16
5.8682,5.8682,5.8682,-0.008113316,2022-02-17
5.9184,5.9184,5.9184,0.0085545823,2022-02-18
5.9684,5.9684,5.9684,0.0084482293,2022-02-21
5.915,5.915,5.915,-0.0089471215,2022-02-22
5.9373,5.9373,5.9373,0.0037700761,2022-02-23
5.8198,5.8198,5.8198,-0.0197901403,2022-02-24
6.0842,6.0842,6.0842,0.0454311145,2022-02-25
6.2325,6.2325,6.2325,0.0243746096,2022-02-28
6.1764,6.1764,6.1764,-0.0090012034,2022-03-01
6.2613,6.2613,6.2613,0.0137458714,2022-03-02
6.4484,6.4484,6.4484,0.0298819734,2022-03-03
6.4958,6.4958,6.4958,0.0073506606,2022-03-04
6.2877,6.2877,6.2877,-0.0320360849,2022-03-07
6.3544,6.3544,6.3544,0.0106080125,2022-03-08
6.2864,6.2864,6.2864,-0.0107012464,2022-03-09
6.2002,6.2002,6.2002,-0.0137121405,2022-03-10
6.2243,6.2243,6.2243,0.0038869714,2022-03-11
6.1461,6.1461,6.1461,-0.0125636618,2022-03-14
5.8532,5.8532,5.8532,-0.0476562373,2022-03-15
5.9993,5.9993,5.9993,0.0249607053,2022-03-16
5.9983,5.9983,5.9983,-0.0001666861,2022-03-17
6.1439,6.1439,6.1439,0.0242735442,2022-03-18
6.163,6.163,6.163,0.0031087746,2022-03-21
6.2167,6.2167,6.2167,0.008713289,2022-03-22
6.2501,6.2501,6.2501,0.0053726253,2022-03-23
6.221,6.221,6.221,-0.0046559255,2022-03-24
6.2121,6.2121,6.2121,-0.0014306382,2022-03-25
6.2146,6.2146,6.2146,0.0004024404,2022-03-28
6.1965,6.1965,6.1965,-0.0029124964,2022-03-29
6.2311,6.2311,6.2311,0.0055837973,2022-03-30
6.2302,6.2302,6.2302,-0.0001444368,2022-03-31
6.2971,6.2971,6.2971,0.010738018,2022-04-01
6.3555,6.3555,6.3555,0.0092741103,2022-04-06
6.2655,6.2655,6.2655,-0.0141609629,2022-04-07
6.257,6.257,6.257,-0.0013566355,2022-04-08
6.1718,6.1718,6.1718,-0.0136167492,2022-04-11
6.2479,6.2479,6.2479,0.0123302764,2022-04-12
6.0909,6.0909,6.0909,-0.0251284432,2022-04-13
5.9943,5.9943,5.9943,-0.0158597252,2022-04-14
5.9086,5.9086,5.9086,-0.0142969154,2022-04-15
5.8614,5.8614,5.8614,-0.007988356,2022-04-18
5.8799,5.8799,5.8799,0.0031562425,2022-04-19
5.8937,5.8937,5.8937,0.0023469787,2022-04-20
5.7083,5.7083,5.7083,-0.0314573188,2022-04-21
5.6316,5.6316,5.6316,-0.0134365748,2022-04-22
5.2714,5.2714,5.2714,-0.0639605086,2022-04-25
5.0393,5.0393,5.0393,-0.0440300489,2022-04-26
5.0687,5.0687,5.0687,0.0058341436,2022-04-27
5.0237,5.0237,5.0237,-0.0088780161,2022-04-28
5.159,5.159,5.159,0.0269323407,2022-04-29
5.2121,5.2121,5.2121,0.0102926924,2022-05-05
5.1478,5.1478,5.1478,-0.0123366781,2022-05-06
5.2629,5.2629,5.2629,0.022359066,2022-05-09
5.2636,5.2636,5.2636,0.0001330065,2022-05-10
5.2552,5.2552,5.2552,-0.0015958659,2022-05-11
5.2864,5.2864,5.2864,0.0059369767,2022-05-12
5.2891,5.2891,5.2891,0.0005107446,2022-05-13
5.3124,5.3124,5.3124,0.0044052863,2022-05-16
5.2734,5.2734,5.2734,-0.0073413147,2022-05-17
5.3174,5.3174,5.3174,0.008343763,2022-05-18
5.3513,5.3513,5.3513,0.0063752962,2022-05-19
5.4062,5.4062,5.4062,0.0102591894,2022-05-20
5.5623,5.5623,5.5623,0.0288742555,2022-05-23
5.4022,5.4022,5.4022,-0.0287830574,2022-05-24
5.4768,5.4768,5.4768,0.0138091888,2022-05-25
5.5353,5.5353,5.5353,0.0106814198,2022-05-26
5.5436,5.5436,5.5436,0.0014994671,2022-05-27
5.5866,5.5866,5.5866,0.0077566924,2022-05-30
5.6131,5.6131,5.6131,0.0047434934,2022-05-31
5.6194,5.6194,5.6194,0.0011223744,2022-06-01
5.6787,5.6787,5.6787,0.010552728,2022-06-02
5.6833,5.6833,5.6833,0.0008100446,2022-06-06
5.6597,5.6597,5.6597,-0.004152517,2022-06-07
5.5974,5.5974,5.5974,-0.0110076506,2022-06-08
5.4858,5.4858,5.4858,-0.0199378283,2022-06-09
5.5405,5.5405,5.5405,0.0099711984,2022-06-10
5.4744,5.4744,5.4744,-0.0119303312,2022-06-13
5.4528,5.4528,5.4528,-0.0039456379,2022-06-14
5.4795,5.4795,5.4795,0.0048965669,2022-06-15
5.5219,5.5219,5.5219,0.0077379323,2022-06-16
5.4842,5.4842,5.4842,-0.0068273601,2022-06-17
5.6078,5.6078,5.6078,0.0225374713,2022-06-20
5.5945,5.5945,5.5945,-0.0023716966,2022-06-21
5.5239,5.5239,5.5239,-0.012619537,2022-06-22
5.5599,5.5599,5.5599,0.0065171346,2022-06-23
5.5984,5.5984,5.5984,0.006924585,2022-06-24
5.6158,5.6158,5.6158,0.0031080309,2022-06-27
5.7178,5.7178,5.7178,0.01816304,2022-06-28
5.6822,5.6822,5.6822,-0.0062261709,2022-06-29
5.7831,5.7831,5.7831,0.0177572067,2022-06-30
5.685,5.685,5.685,-0.0169632204,2022-07-01
5.6503,5.6503,5.6503,-0.0061037819,2022-07-04
5.6262,5.6262,5.6262,-0.0042652603,2022-07-05
5.547,5.547,5.547,-0.0140769969,2022-07-06
5.5294,5.5294,5.5294,-0.0031728862,2022-07-07
5.5849,5.5849,5.5849,0.0100372554,2022-07-08
5.5398,5.5398,5.5398,-0.008075346,2022-07-11
5.524,5.524,5.524,-0.0028520885,2022-07-12
5.619,5.619,5.619,0.0171976828,2022-07-13
5.5429,5.5429,5.5429,-0.0135433351,2022-07-14
5.3957,5.3957,5.3957,-0.0265564957,2022-07-15
5.4812,5.4812,5.4812,0.0158459514,2022-07-18
5.5005,5.5005,5.5005,0.0035211268,2022-07-19
5.5356,5.5356,5.5356,0.0063812381,2022-07-20
5.4945,5.4945,5.4945,-0.0074246694,2022-07-21
5.4984,5.4984,5.4984,0.0007098007,2022-07-22
5.465,5.465,5.465,-0.0060744944,2022-07-25
5.5076,5.5076,5.5076,0.0077950595,2022-07-26
5.4933,5.4933,5.4933,-0.0025964122,2022-07-27
5.508,5.508,5.508,0.0026759871,2022-07-28
5.4905,5.4905,5.4905,-0.0031771968,2022-07-29
5.4683,5.4683,5.4683,-0.0040433476,2022-08-01
5.3027,5.3027,5.3027,-0.0302836348,2022-08-02
5.2697,5.2697,5.2697,-0.0062232448,2022-08-03
5.3118,5.3118,5.3118,0.0079890696,2022-08-04
5.3591,5.3591,5.3591,0.0089047027,2022-08-05
5.4308,5.4308,5.4308,0.0133791122,2022-08-08
5.4394,5.4394,5.4394,0.0015835604,2022-08-09
5.4989,5.4989,5.4989,0.0109387065,2022-08-10
5.5302,5.5302,5.5302,0.0056920475,2022-08-11
5.5227,5.5227,5.5227,-0.0013561896,2022-08-12
5.4788,5.4788,5.4788,-0.0079490104,2022-08-15
5.5108,5.5108,5.5108,0.005840695,2022-08-16
5.5064,5.5064,5.5064,-0.0007984322,2022-08-17
5.4658,5.4658,5.4658,-0.0073732384,2022-08-18
5.4224,5.4224,5.4224,-0.0079402832,2022-08-19
5.4106,5.4106,5.4106,-0.0021761582,2022-08-22
5.4027,5.4027,5.4027,-0.0014600968,2022-08-23
5.2567,5.2567,5.2567,-0.0270235253,2022-08-24
5.2441,5.2441,5.2441,-0.002396941,2022-08-25
5.1996,5.1996,5.1996,-0.0084857268,2022-08-26
5.2214,5.2214,5.2214,0.0041926302,2022-08-29
5.2149,5.2149,5.2149,-0.0012448769,2022-08-30
5.121,5.121,5.121,-0.0180060979,2022-08-31
5.1088,5.1088,5.1088,-0.0023823472,2022-09-01
5.2105,5.2105,5.2105,0.0199068274,2022-09-02
5.2089,5.2089,5.2089,-0.0003070723,2022-09-05
5.2524,5.2524,5.2524,0.0083510914,2022-09-06
5.2311,5.2311,5.2311,-0.004055289,2022-09-07
5.2244,5.2244,5.2244,-0.0012808014,2022-09-08
5.2361,5.2361,5.2361,0.0022394916,2022-09-09
5.2639,5.2639,5.2639,0.0053092951,2022-09-13
5.2398,5.2398,5.2398,-0.0045783545,2022-09-14
5.1864,5.1864,5.1864,-0.0101912287,2022-09-15
5.0845,5.0845,5.0845,-0.0196475397,2022-09-16
5.0381,5.0381,5.0381,-0.0091257744,2022-09-19
5.0697,5.0697,5.0697,0.0062722058,2022-09-20
5.101,5.101,5.101,0.0061739353,2022-09-21
5.0471,5.0471,5.0471,-0.0105665556,2022-09-22
5.0349,5.0349,5.0349,-0.0024172297,2022-09-23
4.9539,4.9539,4.9539,-0.0160877078,2022-09-26
5.0224,5.0224,5.0224,0.0138274895,2022-09-27
4.9631,4.9631,4.9631,-0.0118071042,2022-09-28
4.9287,4.9287,4.9287,-0.0069311519,2022-09-29
4.9097,4.9097,4.9097,-0.0038549719,2022-09-30
4.8358,4.8358,4.8358,-0.0150518362,2022-10-10
4.8287,4.8287,4.8287,-0.0014682162,2022-10-11
4.8949,4.8949,4.8949,0.0137096941,2022-10-12
4.8777,4.8777,4.8777,-0.0035138614,2022-10-13
4.9477,4.9477,4.9477,0.0143510261,2022-10-14
5.0025,5.0025,5.0025,0.0110758534,2022-10-17
5.0042,5.0042,5.0042,0.0003398301,2022-10-18
4.9609,4.9609,4.9609,-0.0086527317,2022-10-19
4.9622,4.9622,4.9622,0.0002620492,2022-10-20
5.0189,5.0189,5.0189,0.0114263835,2022-10-21
4.9337,4.9337,4.9337,-0.0169758314,2022-10-24
4.9225,4.9225,4.9225,-0.0022701015,2022-10-25
4.9381,4.9381,4.9381,0.0031691214,2022-10-26
4.9727,4.9727,4.9727,0.0070067435,2022-10-27
4.8605,4.8605,4.8605,-0.022563195,2022-10-28
4.8537,4.8537,4.8537,-0.001399033,2022-10-31
4.9603,4.9603,4.9603,0.0219626264,2022-11-01
5.0264,5.0264,5.0264,0.0133258069,2022-11-02
5.0403,5.0403,5.0403,0.0027653987,2022-11-03
5.0964,5.0964,5.0964,0.0111302899,2022-11-04
5.0913,5.0913,5.0913,-0.0010007064,2022-11-07
5.0746,5.0746,5.0746,-0.0032801053,2022-11-08
5.0666,5.0666,5.0666,-0.0015764789,2022-11-09
5.0985,5.0985,5.0985,0.0062961355,2022-11-10
5.1294,5.1294,5.1294,0.0060606061,2022-11-11
5.1225,5.1225,5.1225,-0.0013451866,2022-11-14
5.1635,5.1635,5.1635,0.0080039043,2022-11-15
5.1583,5.1583,5.1583,-0.0010070688,2022-11-16
5.1726,5.1726,5.1726,0.0027722312,2022-11-17
5.1622,5.1622,5.1622,-0.0020105943,2022-11-18
5.123,5.123,5.123,-0.0075936616,2022-11-21
5.1032,5.1032,5.1032,-0.0038649229,2022-11-22
5.0678,5.0678,5.0678,-0.006936824,2022-11-23
5.0786,5.0786,5.0786,0.0021311023,2022-11-24
5.0732,5.0732,5.0732,-0.0010632852,2022-11-25
5.0505,5.0505,5.0505,-0.0044744934,2022-11-28
5.1548,5.1548,5.1548,0.0206514207,2022-11-29
5.1516,5.1516,5.1516,-0.0006207806,2022-11-30
5.1324,5.1324,5.1324,-0.0037269974,2022-12-01
5.1908,5.1908,5.1908,0.0113786922,2022-12-02
5.3129,5.3129,5.3129,0.0235223858,2022-12-05
5.3364,5.3364,5.3364,0.0044231964,2022-12-06
5.3791,5.3791,5.3791,0.0080016491,2022-12-07
5.3768,5.3768,5.3768,-0.0004275808,2022-12-08
5.3604,5.3604,5.3604,-0.0030501413,2022-12-09
5.3216,5.3216,5.3216,-0.0072382658,2022-12-12
5.3625,5.3625,5.3625,0.0076856584,2022-12-13
5.369,5.369,5.369,0.0012121212,2022-12-14
5.3619,5.3619,5.3619,-0.0013224064,2022-12-15
5.3523,5.3523,5.3523,-0.0017904101,2022-12-16
5.2281,5.2281,5.2281,-0.0232049773,2022-12-19
5.2236,5.2236,5.2236,-0.0008607333,2022-12-20
5.1986,5.1986,5.1986,-0.0047859714,2022-12-21
5.159,5.159,5.159,-0.0076174355,2022-12-22
5.141,5.141,5.141,-0.0034890483,2022-12-23
5.1655,5.1655,5.1655,0.0047656098,2022-12-26
5.2489,5.2489,5.2489,0.0161455813,2022-12-27
5.3177,5.3177,5.3177,0.0131075082,2022-12-28
5.2265,5.2265,5.2265,-0.0171502717,2022-12-29
5.3506,5.3506,5.3506,0.0237443796,2022-12-30
5.3704,5.3704,5.3704,0.0037005196,2023-01-03
5.3531,5.3531,5.3531,-0.0032213615,2023-01-04
5.4474,5.4474,5.4474,0.0176159608,2023-01-05
5.355,5.355,5.355,-0.0169622205,2023-01-06
5.3392,5.3392,5.3392,-0.0029505135,2023-01-09
5.289,5.289,5.289,-0.0094021576,2023-01-10
5.2209,5.2209,5.2209,-0.0128757799,2023-01-11
5.1949,5.1949,5.1949,-0.0049799843,2023-01-12
5.2148,5.2148,5.2148,0.0038306801,2023-01-13
5.2371,5.2371,5.2371,0.0042762906,2023-01-16
5.2719,5.2719,5.2719,0.0066448989,2023-01-17
5.2716,5.2716,5.2716,-5.69055e-05,2023-01-18
5.3308,5.3308,5.3308,0.0112299871,2023-01-19
5.375,5.375,5.375,0.0082914384,2023-01-20
5.4174,5.4174,5.4174,0.0078883721,2023-01-30
5.4083,5.4083,5.4083,-0.0016797726,2023-01-31
5.466,5.466,5.466,0.0106687869,2023-02-01
5.508,5.508,5.508,0.0076838639,2023-02-02
5.4912,5.4912,5.4912,-0.0030501089,2023-02-03
5.4823,5.4823,5.4823,-0.0016207751,2023-02-06
5.505,5.505,5.505,0.0041405979,2023-02-07
5.5095,5.5095,5.5095,0.0008174387,2023-02-08
5.5711,5.5711,5.5711,0.0111806879,2023-02-09
5.5826,5.5826,5.5826,0.0020642243,2023-02-10
5.6438,5.6438,5.6438,0.0109626339,2023-02-13
5.619,5.619,5.619,-0.0043942025,2023-02-14
5.645,5.645,5.645,0.0046271579,2023-02-15
5.561,5.561,5.561,-0.0148804252,2023-02-16
5.5501,5.5501,5.5501,-0.0019600791,2023-02-17
5.5813,5.5813,5.5813,0.0056215203,2023-02-20
5.6249,5.6249,5.6249,0.0078118001,2023-02-21
5.628,5.628,5.628,0.0005511209,2023-02-22
5.6339,5.6339,5.6339,0.0010483298,2023-02-23
5.637,5.637,5.637,0.0005502405,2023-02-24
5.6184,5.6184,5.6184,-0.0032996275,2023-02-27
5.6277,5.6277,5.6277,0.0016552755,2023-02-28
5.649,5.649,5.649,0.0037848499,2023-03-01
5.6854,5.6854,5.6854,0.0064436183,2023-03-02
5.638,5.638,5.638,-0.0083371443,2023-03-03
5.6853,5.6853,5.6853,0.0083894998,2023-03-06
5.5787,5.5787,5.5787,-0.0187501099,2023-03-07
5.6105,5.6105,5.6105,0.0057002527,2023-03-08
5.6713,5.6713,5.6713,0.0108368238,2023-03-09
5.6202,5.6202,5.6202,-0.0090102798,2023-03-10
5.6533,5.6533,5.6533,0.0058894701,2023-03-13
5.6458,5.6458,5.6458,-0.0013266588,2023-03-14
5.7271,5.7271,5.7271,0.014400085,2023-03-15
5.714,5.714,5.714,-0.0022873706,2023-03-16
5.7498,5.7498,5.7498,0.0062653133,2023-03-17
5.7352,5.7352,5.7352,-0.0025392188,2023-03-20
5.7813,5.7813,5.7813,0.0080380806,2023-03-21
5.7387,5.7387,5.7387,-0.0073685849,2023-03-22
5.7227,5.7227,5.7227,-0.0027880879,2023-03-23
5.7008,5.7008,5.7008,-0.0038268649,2023-03-24
5.6573,5.6573,5.6573,-0.007630508,2023-03-27
5.6657,5.6657,5.6657,0.0014848072,2023-03-28
5.6474,5.6474,5.6474,-0.0032299628,2023-03-29
5.6057,5.6057,5.6057,-0.0073839289,2023-03-30
5.6743,5.6743,5.6743,0.0122375439,2023-03-31
5.7309,5.7309,5.7309,0.0099747987,2023-04-03
5.7135,5.7135,5.7135,-0.0030361723,2023-04-04
5.6633,5.6633,5.6633,-0.0087862081,2023-04-06
5.6489,5.6489,5.6489,-0.0025426871,2023-04-07
5.5719,5.5719,5.5719,-0.0136309724,2023-04-10
5.5703,5.5703,5.5703,-0.0002871552,2023-04-11
5.6276,5.6276,5.6276,0.0102866991,2023-04-12
5.6242,5.6242,5.6242,-0.0006041652,2023-04-13
5.6143,5.6143,5.6143,-0.0017602503,2023-04-14
5.6694,5.6694,5.6694,0.0098142244,2023-04-17
5.645,5.645,5.645,-0.0043038064,2023-04-18
5.6121,5.6121,5.6121,-0.0058281665,2023-04-19
5.597,5.597,5.597,-0.0026906149,2023-04-20
5.4835,5.4835,5.4835,-0.0202787207,2023-04-21
5.4852,5.4852,5.4852,0.000310021,2023-04-24
5.4104,5.4104,5.4104,-0.0136366951,2023-04-25
5.4169,5.4169,5.4169,0.0012013899,2023-04-26
5.4283,5.4283,5.4283,0.0021045247,2023-04-27
5.5696,5.5696,5.5696,0.0260302489,2023-04-28
5.8152,5.8152,5.8152,0.044096524,2023-05-04
5.8689,5.8689,5.8689,0.0092344201,2023-05-05
5.8736,5.8736,5.8736,0.0008008315,2023-05-08
5.8237,5.8237,5.8237,-0.0084956415,2023-05-09
5.7772,5.7772,5.7772,-0.0079846146,2023-05-10
5.7818,5.7818,5.7818,0.0007962335,2023-05-11
5.7146,5.7146,5.7146,-0.0116226781,2023-05-12
5.8131,5.8131,5.8131,0.017236552,2023-05-15
5.6768,5.6768,5.6768,-0.023447042,2023-05-16
5.7757,5.7757,5.7757,0.0174217869,2023-05-17
5.8965,5.8965,5.8965,0.0209152137,2023-05-18
5.8966,5.8966,5.8966,1.69592e-05,2023-05-19
5.8113,5.8113,5.8113,-0.0144659634,2023-05-22
5.7268,5.7268,5.7268,-0.0145406363,2023-05-23
5.661,5.661,5.661,-0.0114898373,2023-05-24
5.6537,5.6537,5.6537,-0.0012895248,2023-05-25
5.6632,5.6632,5.6632,0.0016803155,2023-05-26
5.6362,5.6362,5.6362,-0.0047676225,2023-05-29
5.6383,5.6383,5.6383,0.0003725915,2023-05-30
5.6959,5.6959,5.6959,0.0102158452,2023-05-31
5.7021,5.7021,5.7021,0.0010885023,2023-06-01
5.741,5.741,5.741,0.006822048,2023-06-02
5.7798,5.7798,5.7798,0.0067584045,2023-06-05
5.723,5.723,5.723,-0.0098273297,2023-06-06
5.8225,5.8225,5.8225,0.0173859864,2023-06-07
5.7688,5.7688,5.7688,-0.0092228424,2023-06-08
5.754,5.754,5.754,-0.0025655249,2023-06-09
5.7313,5.7313,5.7313,-0.0039450817,2023-06-12
5.7548,5.7548,5.7548,0.0041002914,2023-06-13
5.7701,5.7701,5.7701,0.0026586502,2023-06-14
5.7345,5.7345,5.7345,-0.0061697371,2023-06-15
5.7592,5.7592,5.7592,0.0043072631,2023-06-16
5.7475,5.7475,5.7475,-0.0020315322,2023-06-19
5.7405,5.7405,5.7405,-0.0012179208,2023-06-20
5.6682,5.6682,5.6682,-0.0125947217,2023-06-21
5.5077,5.5077,5.5077,-0.0283158675,2023-06-26
5.6506,5.6506,5.6506,0.0259454945,2023-06-27
5.6718,5.6718,5.6718,0.003751814,2023-06-28
5.6489,5.6489,5.6489,-0.004037519,2023-06-29
5.6929,5.6929,5.6929,0.0077891271,2023-06-30
5.6914,5.6914,5.6914,-0.0002634861,2023-07-03
5.7034,5.7034,5.7034,0.0021084443,2023-07-04
5.6775,5.6775,5.6775,-0.0045411509,2023-07-05
5.643,5.643,5.643,-0.0060766182,2023-07-06
5.6348,5.6348,5.6348,-0.0014531278,2023-07-07
5.6715,5.6715,5.6715,0.0065130972,2023-07-10
5.7025,5.7025,5.7025,0.0054659261,2023-07-11
5.6113,5.6113,5.6113,-0.0159929855,2023-07-12
5.7266,5.7266,5.7266,0.0205478231,2023-07-13
5.7372,5.7372,5.7372,0.0018510111,2023-07-14
5.7731,5.7731,5.7731,0.0062574078,2023-07-17
5.7874,5.7874,5.7874,0.0024770054,2023-07-18
5.7869,5.7869,5.7869,-8.63946e-05,2023-07-19
5.7142,5.7142,5.7142,-0.0125628575,2023-07-20
5.73,5.73,5.73,0.0027650415,2023-07-21
5.7498,5.7498,5.7498,0.0034554974,2023-07-24
5.7877,5.7877,5.7877,0.0065915336,2023-07-25
5.7578,5.7578,5.7578,-0.0051661282,2023-07-26
5.7074,5.7074,5.7074,-0.0087533433,2023-07-27
5.72,5.72,5.72,0.0022076602,2023-07-28
5.7534,5.7534,5.7534,0.0058391608,2023-07-31
5.7869,5.7869,5.7869,0.005822644,2023-08-01
5.7706,5.7706,5.7706,-0.0028167067,2023-08-02
5.8193,5.8193,5.8193,0.0084393304,2023-08-03
5.8022,5.8022,5.8022,-0.0029384978,2023-08-04
5.7885,5.7885,5.7885,-0.0023611733,2023-08-07
5.7858,5.7858,5.7858,-0.0004664421,2023-08-08
5.7374,5.7374,5.7374,-0.0083653082,2023-08-09
5.727,5.727,5.727,-0.0018126678,2023-08-10
5.6542,5.6542,5.6542,-0.0127117164,2023-08-11
5.7196,5.7196,5.7196,0.011566623,2023-08-14
5.736,5.736,5.736,0.0028673334,2023-08-15
5.7014,5.7014,5.7014,-0.0060320781,2023-08-16
5.7262,5.7262,5.7262,0.0043498088,2023-08-17
5.659,5.659,5.659,-0.0117355314,2023-08-18
5.6339,5.6339,5.6339,-0.0044354126,2023-08-21
5.6327,5.6327,5.6327,-0.0002129963,2023-08-22
5.5392,5.5392,5.5392,-0.0165994994,2023-08-23
5.5284,5.5284,5.5284,-0.00194974,2023-08-24
5.4158,5.4158,5.4158,-0.0203675566,2023-08-25
5.4055,5.4055,5.4055,-0.0019018428,2023-08-28
5.5255,5.5255,5.5255,0.0221996115,2023-08-29
5.534,5.534,5.534,0.0015383223,2023-08-30
5.5117,5.5117,5.5117,-0.004029635,2023-08-31
5.5209,5.5209,5.5209,0.0016691765,2023-09-01
5.7077,5.7077,5.7077,0.0338350631,2023-09-04
5.6974,5.6974,5.6974,-0.0018045798,2023-09-05
5.7716,5.7716,5.7716,0.0130234844,2023-09-06
5.7479,5.7479,5.7479,-0.0041063137,2023-09-07
5.7228,5.7228,5.7228,-0.0043668122,2023-09-08
5.7077,5.7077,5.7077,-0.0026385685,2023-09-11
5.7846,5.7846,5.7846,0.0134730277,2023-09-12
5.7376,5.7376,5.7376,-0.0081250216,2023-09-13
5.8259,5.8259,5.8259,0.01538971,2023-09-14
5.9802,5.9802,5.9802,0.0264851783,2023-09-15
6.0894,6.0894,6.0894,0.0182602589,2023-09-18
6.1461,6.1461,6.1461,0.0093112622,2023-09-19
6.0551,6.0551,6.0551,-0.0148061372,2023-09-20
6.0003,6.0003,6.0003,-0.0090502221,2023-09-21
6.0142,6.0142,6.0142,0.0023165508,2023-09-22
5.9751,5.9751,5.9751,-0.0065012803,2023-09-25
5.9491,5.9491,5.9491,-0.0043513916,2023-09-26
5.9663,5.9663,5.9663,0.0028911936,2023-09-27
6.0302,6.0302,6.0302,0.0107101554,2023-09-28
5.976,5.976,5.976,-0.0089880933,2023-10-09
5.9294,5.9294,5.9294,-0.0077978581,2023-10-10
5.9085,5.9085,5.9085,-0.0035248086,2023-10-11
5.9268,5.9268,5.9268,0.0030972328,2023-10-12
5.8918,5.8918,5.8918,-0.005905379,2023-10-13
5.8785,5.8785,5.8785,-0.0022573747,2023-10-16
5.8596,5.8596,5.8596,-0.0032151059,2023-10-17
5.7928,5.7928,5.7928,-0.0114000956,2023-10-18
5.7438,5.7438,5.7438,-0.0084587764,2023-10-19
5.692,5.692,5.692,-0.0090184199,2023-10-20
5.639,5.639,5.639,-0.0093113141,2023-10-23
5.7078,5.7078,5.7078,0.0122007448,2023-10-24
5.8216,5.8216,5.8216,0.0199376292,2023-10-25
5.8827,5.8827,5.8827,0.0104953965,2023-10-26
5.9591,5.9591,5.9591,0.0129872338,2023-10-27
6.0439,6.0439,6.0439,0.0142303368,2023-10-30
6.0305,6.0305,6.0305,-0.0022171115,2023-10-31
5.9965,5.9965,5.9965,-0.0056380068,2023-11-01
5.9643,5.9643,5.9643,-0.005369799,2023-11-02
6.0045,6.0045,6.0045,0.0067401036,2023-11-03
6.0407,6.0407,6.0407,0.0060288117,2023-11-06
6.102,6.102,6.102,0.0101478305,2023-11-07
6.1537,6.1537,6.1537,0.0084726319,2023-11-08
6.0496,6.0496,6.0496,-0.0169166518,2023-11-09
6.0208,6.0208,6.0208,-0.0047606453,2023-11-10
6.0461,6.0461,6.0461,0.0042020994,2023-11-13
6.0763,6.0763,6.0763,0.0049949554,2023-11-14
6.066,6.066,6.066,-0.0016951105,2023-11-15
6.0277,6.0277,6.0277,-0.0063138806,2023-11-16
6.0835,6.0835,6.0835,0.0092572623,2023-11-17
6.107,6.107,6.107,0.0038629079,2023-11-20
6.0858,6.0858,6.0858,-0.0034714262,2023-11-21
6.0367,6.0367,6.0367,-0.0080679615,2023-11-22
6.105,6.105,6.105,0.0113141286,2023-11-23
6.0584,6.0584,6.0584,-0.0076330876,2023-11-24
6.0524,6.0524,6.0524,-0.0009903605,2023-11-27
6.0913,6.0913,6.0913,0.0064272024,2023-11-28
6.0974,6.0974,6.0974,0.0010014283,2023-11-29
6.0776,6.0776,6.0776,-0.0032472857,2023-11-30
6.1061,6.1061,6.1061,0.0046893511,2023-12-01
6.1619,6.1619,6.1619,0.0091384026,2023-12-04
6.0803,6.0803,6.0803,-0.0132426687,2023-12-05
6.0901,6.0901,6.0901,0.0016117626,2023-12-06
6.0509,6.0509,6.0509,-0.0064366759,2023-12-07
5.9902,5.9902,5.9902,-0.0100315656,2023-12-08
6.0526,6.0526,6.0526,0.0104170145,2023-12-11
6.0624,6.0624,6.0624,0.0016191389,2023-12-12
6.0743,6.0743,6.0743,0.001962919,2023-12-13
6.0606,6.0606,6.0606,-0.0022554039,2023-12-14
6.0561,6.0561,6.0561,-0.0007425007,2023-12-15
6.0044,6.0044,6.0044,-0.0085368471,2023-12-18
5.9967,5.9967,5.9967,-0.0012823929,2023-12-19
5.9685,5.9685,5.9685,-0.0047025864,2023-12-20
5.9828,5.9828,5.9828,0.0023959119,2023-12-21
5.9069,5.9069,5.9069,-0.0126863676,2023-12-22
5.8085,5.8085,5.8085,-0.0166584841,2023-12-25
5.7476,5.7476,5.7476,-0.0104846346,2023-12-26
5.7514,5.7514,5.7514,0.0006611455,2023-12-27
5.8128,5.8128,5.8128,0.0106756616,2023-12-28
5.8958,5.8958,5.8958,0.0142788329,2023-12-29
5.884,5.884,5.884,-0.0020014247,2024-01-02
5.8656,5.8656,5.8656,-0.0031271244,2024-01-03
5.9555,5.9555,5.9555,0.0153266503,2024-01-04
5.8265,5.8265,5.8265,-0.0216606498,2024-01-05
5.6916,5.6916,5.6916,-0.0231528362,2024-01-08
5.7797,5.7797,5.7797,0.0154789514,2024-01-09
5.7158,5.7158,5.7158,-0.0110559372,2024-01-10
5.7723,5.7723,5.7723,0.0098848805,2024-01-11
5.7623,5.7623,5.7623,-0.0017324117,2024-01-12
5.7668,5.7668,5.7668,0.0007809382,2024-01-15
5.7448,5.7448,5.7448,-0.0038149407,2024-01-16
5.6331,5.6331,5.6331,-0.0194436708,2024-01-17
5.5609,5.5609,5.5609,-0.0128170989,2024-01-18
5.522,5.522,5.522,-0.0069952705,2024-01-19
5.285,5.285,5.285,-0.0429192322,2024-01-22
5.2805,5.2805,5.2805,-0.0008514664,2024-01-23
5.3596,5.3596,5.3596,0.0149796421,2024-01-24
5.4807,5.4807,5.4807,0.0225949698,2024-01-25
5.4973,5.4973,5.4973,0.0030288102,2024-01-26
5.4112,5.4112,5.4112,-0.0156622342,2024-01-29
5.2761,5.2761,5.2761,-0.0249667357,2024-01-30
5.1381,5.1381,5.1381,-0.0261556832,2024-01-31
5.0791,5.0791,5.0791,-0.0114828439,2024-02-01
4.933,4.933,4.933,-0.0287649387,2024-02-02
4.6659,4.6659,4.6659,-0.0541455504,2024-02-05
4.7032,4.7032,4.7032,0.0079941705,2024-02-06
4.6508,4.6508,4.6508,-0.0111413506,2024-02-07
4.8439,4.8439,4.8439,0.0415197385,2024-02-08
4.9532,4.9532,4.9532,0.0225644625,2024-02-19
4.9582,4.9582,4.9582,0.0010094484,2024-02-20
5.0257,5.0257,5.0257,0.0136138115,2024-02-21
5.0706,5.0706,5.0706,0.0089340788,2024-02-22
5.1395,5.1395,5.1395,0.0135881355,2024-02-23
5.2242,5.2242,5.2242,0.0164802024,2024-02-26
5.2966,5.2966,5.2966,0.0138585812,2024-02-27
5.08,5.08,5.08,-0.0408941585,2024-02-28
5.1624,5.1624,5.1624,0.0162204724,2024-02-29
5.1778,5.1778,5.1778,0.0029831086,2024-03-01
5.1834,5.1834,5.1834,0.0010815404,2024-03-04
5.1616,5.1616,5.1616,-0.0042057337,2024-03-05
5.1749,5.1749,5.1749,0.0025767204,2024-03-06
5.1618,5.1618,5.1618,-0.0025314499,2024-03-07
5.1924,5.1924,5.1924,0.0059281646,2024-03-08
5.2587,5.2587,5.2587,0.0127686619,2024-03-11
5.3134,5.3134,5.3134,0.0104018103,2024-03-12
5.3559,5.3559,5.3559,0.0079986449,2024-03-13
5.3286,5.3286,5.3286,-0.0050971825,2024-03-14
5.3681,5.3681,5.3681,0.0074128289,2024-03-15
5.448,5.448,5.448,0.0148842235,2024-03-18
5.4632,5.4632,5.4632,0.0027900147,2024-03-19
5.5082,5.5082,5.5082,0.0082369307,2024-03-20
5.5667,5.5667,5.5667,0.0106205294,2024-03-21
5.5342,5.5342,5.5342,-0.0058382884,2024-03-22
5.3922,5.3922,5.3922,-0.0256586318,2024-03-25
5.3465,5.3465,5.3465,-0.0084752049,2024-03-26
5.225,5.225,5.225,-0.0227251473,2024-03-27
5.2967,5.2967,5.2967,0.013722488,2024-03-28
5.3752,5.3752,5.3752,0.0148205486,2024-03-29
5.4593,5.4593,5.4593,0.0156459295,2024-04-01
5.4846,5.4846,5.4846,0.0046342938,2024-04-02
5.4773,5.4773,5.4773,-0.0013309995,2024-04-03
5.4361,5.4361,5.4361,-0.0075219542,2024-04-08
5.5233,5.5233,5.5233,0.0160409117,2024-04-09
5.4534,5.4534,5.4534,-0.0126554777,2024-04-10
5.4822,5.4822,5.4822,0.005281109,2024-04-11
5.5085,5.5085,5.5085,0.0047973441,2024-04-12
5.3462,5.3462,5.3462,-0.0294635563,2024-04-15
5.0884,5.0884,5.0884,-0.0482211664,2024-04-16
5.3251,5.3251,5.3251,0.0465175694,2024-04-17
5.2756,5.2756,5.2756,-0.0092956001,2024-04-18
5.2035,5.2035,5.2035,-0.0136666919,2024-04-19
5.1324,5.1324,5.1324,-0.0136638801,2024-04-22
5.1409,5.1409,5.1409,0.0016561453,2024-04-23
5.2307,5.2307,5.2307,0.0174677586,2024-04-24
5.2357,5.2357,5.2357,0.000955895,2024-04-25
5.2741,5.2741,5.2741,0.0073342628,2024-04-26
5.3477,5.3477,5.3477,0.0139549876,2024-04-29
5.3407,5.3407,5.3407,-0.001308974,2024-04-30
5.3885,5.3885,5.3885,0.0089501376,2024-05-06
5.4202,5.4202,5.4202,0.0058828988,2024-05-07
5.3628,5.3628,5.3628,-0.0105900151,2024-05-08
5.3912,5.3912,5.3912,0.005295741,2024-05-09
5.3556,5.3556,5.3556,-0.0066033536,2024-05-10
5.3192,5.3192,5.3192,-0.0067966241,2024-05-13
5.3437,5.3437,5.3437,0.0046059558,2024-05-14
5.2973,5.2973,5.2973,-0.0086831222,2024-05-15
5.302,5.302,5.302,0.0008872444,2024-05-16
5.3404,5.3404,5.3404,0.00724255,2024-05-17
5.3402,5.3402,5.3402,-3.74504e-05,2024-05-20
5.3053,5.3053,5.3053,-0.0065353358,2024-05-21
5.3068,5.3068,5.3068,0.0002827361,2024-05-22
5.2301,5.2301,5.2301,-0.0144531544,2024-05-23
5.1955,5.1955,5.1955,-0.0066155523,2024-05-24
5.2158,5.2158,5.2158,0.0039072274,2024-05-27
5.1736,5.1736,5.1736,-0.008090801,2024-05-28
5.1754,5.1754,5.1754,0.0003479202,2024-05-29
5.1448,5.1448,5.1448,-0.0059125865,2024-05-30
5.1713,5.1713,5.1713,0.0051508319,2024-05-31
5.117,5.117,5.117,-0.0105002611,2024-06-03
5.1275,5.1275,5.1275,0.0020519836,2024-06-04
5.0643,5.0643,5.0643,-0.0123256948,2024-06-05
4.9291,4.9291,4.9291,-0.0266966807,2024-06-06
4.995,4.995,4.995,0.0133695807,2024-06-07
4.9694,4.9694,4.9694,-0.0051251251,2024-06-11
5.0185,5.0185,5.0185,0.0098804685,2024-06-12
5.0228,5.0228,5.0228,0.0008568297,2024-06-13
5.011,5.011,5.011,-0.0023492873,2024-06-14
4.9905,4.9905,4.9905,-0.0040909998,2024-06-17
5.0287,5.0287,5.0287,0.0076545436,2024-06-18
5.0442,5.0442,5.0442,0.0030823076,2024-06-19
4.9835,4.9835,4.9835,-0.0120336228,2024-06-20
4.9803,4.9803,4.9803,-0.000642119,2024-06-21
4.8816,4.8816,4.8816,-0.0198180832,2024-06-24
4.911,4.911,4.911,0.0060226155,2024-06-25
4.9809,4.9809,4.9809,0.0142333537,2024-06-26
4.9423,4.9423,4.9423,-0.0077496035,2024-06-27
4.9677,4.9677,4.9677,0.0051393076,2024-06-28
4.963,4.963,4.963,-0.0009461119,2024-07-01
4.9681,4.9681,4.9681,0.0010276043,2024-07-02
4.961,4.961,4.961,-0.0014291178,2024-07-03
4.8625,4.8625,4.8625,-0.019854868,2024-07-04
4.8789,4.8789,4.8789,0.0033727506,2024-07-05
4.7989,4.7989,4.7989,-0.0163971387,2024-07-08
4.8204,4.8204,4.8204,0.0044801934,2024-07-09
4.8009,4.8009,4.8009,-0.0040453074,2024-07-10
4.8931,4.8931,4.8931,0.0192047324,2024-07-11
4.8641,4.8641,4.8641,-0.0059267131,2024-07-12
4.8294,4.8294,4.8294,-0.0071338994,2024-07-15
4.8215,4.8215,4.8215,-0.001635814,2024-07-16
4.7813,4.7813,4.7813,-0.0083376543,2024-07-17
4.8056,4.8056,4.8056,0.0050822998,2024-07-18
4.7968,4.7968,4.7968,-0.0018311969,2024-07-19
4.7951,4.7951,4.7951,-0.0003544029,2024-07-22
4.7589,4.7589,4.7589,-0.0075493733,2024-07-23
4.6967,4.6967,4.6967,-0.0130702473,2024-07-24
4.7067,4.7067,4.7067,0.0021291545,2024-07-25
4.7642,4.7642,4.7642,0.0122166274,2024-07-26
4.7761,4.7761,4.7761,0.0024977961,2024-07-29
4.7818,4.7818,4.7818,0.0011934423,2024-07-30
4.8659,4.8659,4.8659,0.0175875193,2024-07-31
4.9783,4.9783,4.9783,0.0230995294,2024-08-01
4.8948,4.8948,4.8948,-0.0167727939,2024-08-02
4.8179,4.8179,4.8179,-0.01571055,2024-08-05
4.8621,4.8621,4.8621,0.0091741215,2024-08-06
4.8679,4.8679,4.8679,0.0011929002,2024-08-07
4.8569,4.8569,4.8569,-0.0022597013,2024-08-08
4.8338,4.8338,4.8338,-0.0047561202,2024-08-09
4.8166,4.8166,4.8166,-0.0035582771,2024-08-12
4.8368,4.8368,4.8368,0.0041938297,2024-08-13
4.8489,4.8489,4.8489,0.002501654,2024-08-14
4.8574,4.8574,4.8574,0.0017529749,2024-08-15
4.8491,4.8491,4.8491,-0.0017087331,2024-08-16
4.8495,4.8495,4.8495,8.24895e-05,2024-08-19
4.8073,4.8073,4.8073,-0.008701928,2024-08-20
4.8391,4.8391,4.8391,0.0066149398,2024-08-21
4.9262,4.9262,4.9262,0.0179992147,2024-08-22
4.9278,4.9278,4.9278,0.000324794,2024-08-23
4.8387,4.8387,4.8387,-0.018081091,2024-08-26
4.7837,4.7837,4.7837,-0.0113666894,2024-08-27
4.7471,4.7471,4.7471,-0.0076509815,2024-08-28
4.7948,4.7948,4.7948,0.01004824,2024-08-29
4.8209,4.8209,4.8209,0.005443397,2024-08-30
4.7643,4.7643,4.7643,-0.0117405464,2024-09-02
4.7819,4.7819,4.7819,0.0036941418,2024-09-03
4.7437,4.7437,4.7437,-0.0079884565,2024-09-04
4.7603,4.7603,4.7603,0.0034993781,2024-09-05
4.7271,4.7271,4.7271,-0.0069743504,2024-09-06
4.7339,4.7339,4.7339,0.0014385141,2024-09-09
4.7455,4.7455,4.7455,0.0024504109,2024-09-10
4.7208,4.7208,4.7208,-0.005204931,2024-09-11
4.7147,4.7147,4.7147,-0.0012921539,2024-09-12
4.7087,4.7087,4.7087,-0.0012726154,2024-09-13
4.659,4.659,4.659,-0.0105549302,2024-09-18
4.7268,4.7268,4.7268,0.0145524791,2024-09-19
4.7151,4.7151,4.7151,-0.0024752475,2024-09-20
4.7055,4.7055,4.7055,-0.002036012,2024-09-23
4.802,4.802,4.802,0.0205079163,2024-09-24
4.8543,4.8543,4.8543,0.0108912953,2024-09-25
4.9502,4.9502,4.9502,0.0197556805,2024-09-26
5.1471,5.1471,5.1471,0.0397761707,2024-09-27
5.4873,5.4873,5.4873,0.0660954712,2024-09-30
5.6396,5.6396,5.6396,0.0277549979,2024-10-08
5.3182,5.3182,5.3182,-0.0569898574,2024-10-09
5.3275,5.3275,5.3275,0.001748712,2024-10-10
5.1871,5.1871,5.1871,-0.0263538245,2024-10-11
5.2624,5.2624,5.2624,0.014516782,2024-10-14
5.2036,5.2036,5.2036,-0.011173609,2024-10-15
5.2502,5.2502,5.2502,0.0089553386,2024-10-16
5.277,5.277,5.277,0.0051045674,2024-10-17
5.4,5.4,5.4,0.0233086981,2024-10-18
5.4232,5.4232,5.4232,0.0042962963,2024-10-21
5.4512,5.4512,5.4512,0.0051630034,2024-10-22
5.468,5.468,5.468,0.0030818902,2024-10-23
5.5015,5.5015,5.5015,0.0061265545,2024-10-24
5.546,5.546,5.546,0.0080887031,2024-10-25
5.65,5.65,5.65,0.0187522539,2024-10-28
5.5766,5.5766,5.5766,-0.0129911504,2024-10-29
5.6022,5.6022,5.6022,0.0045906108,2024-10-30
5.7456,5.7456,5.7456,0.0255970869,2024-10-31
5.6571,5.6571,5.6571,-0.0154030911,2024-11-01
5.7502,5.7502,5.7502,0.0164571954,2024-11-04
5.8232,5.8232,5.8232,0.0126952106,2024-11-05
5.7899,5.7899,5.7899,-0.0057185053,2024-11-06
5.8914,5.8914,5.8914,0.0175305273,2024-11-07
5.8787,5.8787,5.8787,-0.0021556846,2024-11-08
5.9201,5.9201,5.9201,0.0070423733,2024-11-11
5.8719,5.8719,5.8719,-0.0081417544,2024-11-12
5.8901,5.8901,5.8901,0.0030995078,2024-11-13
5.8084,5.8084,5.8084,-0.0138707322,2024-11-14
5.7827,5.7827,5.7827,-0.0044246264,2024-11-15
5.7043,5.7043,5.7043,-0.0135576807,2024-11-18
5.7957,5.7957,5.7957,0.0160230002,2024-11-19
5.8867,5.8867,5.8867,0.0157012958,2024-11-20
5.9436,5.9436,5.9436,0.0096658569,2024-11-21
5.8044,5.8044,5.8044,-0.0234201494,2024-11-22
5.8421,5.8421,5.8421,0.0064950727,2024-11-25
5.7874,5.7874,5.7874,-0.0093630715,2024-11-26
5.7812,5.7812,5.7812,-0.0010712928,2024-11-27
5.8091,5.8091,5.8091,0.0048259877,2024-11-28
5.8725,5.8725,5.8725,0.0109139109,2024-11-29
5.9733,5.9733,5.9733,0.017164751,2024-12-02
6.0182,6.0182,6.0182,0.007516783,2024-12-03
5.9171,5.9171,5.9171,-0.0167990429,2024-12-04
6.0313,6.0313,6.0313,0.0192999949,2024-12-05
6.0886,6.0886,6.0886,0.0095004394,2024-12-06
6.0313,6.0313,6.0313,-0.0094110305,2024-12-09
6.0571,6.0571,6.0571,0.0042776847,2024-12-10
6.055,6.055,6.055,-0.0003467006,2024-12-11
6.1064,6.1064,6.1064,0.0084888522,2024-12-12
5.9941,5.9941,5.9941,-0.0183905411,2024-12-13
5.9879,5.9879,5.9879,-0.0010343504,2024-12-16
5.7773,5.7773,5.7773,-0.035170928,2024-12-17
5.8085,5.8085,5.8085,0.0054004466,2024-12-18
5.7401,5.7401,5.7401,-0.0117758457,2024-12-19
5.774,5.774,5.774,0.0059058205,2024-12-20
5.6389,5.6389,5.6389,-0.023397991,2024-12-23
5.7216,5.7216,5.7216,0.014665981,2024-12-24
5.6343,5.6343,5.6343,-0.0152579698,2024-12-25
5.6422,5.6422,5.6422,0.0014021263,2024-12-26
5.6906,5.6906,5.6906,0.0085782142,2024-12-27
5.6495,5.6495,5.6495,-0.007222437,2024-12-30
5.5516,5.5516,5.5516,-0.0173289672,2024-12-31
5.4646,5.4646,5.4646,-0.0156711579,2025-01-02
5.333,5.333,5.333,-0.024082275,2025-01-03
5.2956,5.2956,5.2956,-0.0070129383,2025-01-06
5.3795,5.3795,5.3795,0.0158433416,2025-01-07
5.3716,5.3716,5.3716,-0.001468538,2025-01-08
5.3654,5.3654,5.3654,-0.0011542185,2025-01-09
5.3149,5.3149,5.3149,-0.0094121594,2025-01-10
5.3487,5.3487,5.3487,0.00635948,2025-01-13
5.5098,5.5098,5.5098,0.0301194683,2025-01-14
5.4829,5.4829,5.4829,-0.0048822099,2025-01-15
5.5037,5.5037,5.5037,0.0037936129,2025-01-16
5.4871,5.4871,5.4871,-0.0030161528,2025-01-17
5.5345,5.5345,5.5345,0.0086384429,2025-01-20
5.5218,5.5218,5.5218,-0.0022946969,2025-01-21
5.4615,5.4615,5.4615,-0.0109203521,2025-01-22
5.4367,5.4367,5.4367,-0.004540877,2025-01-23
5.4564,5.4564,5.4564,0.0036235216,2025-01-24
5.5294,5.5294,5.5294,0.0133787845,2025-01-27
5.5646,5.5646,5.5646,0.006365971,2025-02-05
5.6349,5.6349,5.6349,0.0126334328,2025-02-06
5.6469,5.6469,5.6469,0.0021295853,2025-02-07
5.6898,5.6898,5.6898,0.0075970887,2025-02-10
5.6603,5.6603,5.6603,-0.0051847165,2025-02-11
5.6812,5.6812,5.6812,0.0036923838,2025-02-12
5.6298,5.6298,5.6298,-0.0090473844,2025-02-13
5.6292,5.6292,5.6292,-0.0001065757,2025-02-14
5.6969,5.6969,5.6969,0.0120265757,2025-02-17
5.6076,5.6076,5.6076,-0.0156751918,2025-02-18
5.7349,5.7349,5.7349,0.0227013339,2025-02-19
5.7512,5.7512,5.7512,0.0028422466,2025-02-20
5.8066,5.8066,5.8066,0.0096327723,2025-02-21
5.9403,5.9403,5.9403,0.0230255227,2025-02-24
5.9336,5.9336,5.9336,-0.0011278892,2025-02-25
6.0138,6.0138,6.0138,0.0135162465,2025-02-26
5.9702,5.9702,5.9702,-0.0072499917,2025-02-27
5.8082,5.8082,5.8082,-0.0271347694,2025-02-28
5.7954,5.7954,5.7954,-0.0022037809,2025-03-03
5.8139,5.8139,5.8139,0.0031921869,2025-03-04
5.8128,5.8128,5.8128,-0.0001892017,2025-03-05
5.9685,5.9685,5.9685,0.0267857143,2025-03-06
6.0175,6.0175,6.0175,0.0082097679,2025-03-07
6.1175,6.1175,6.1175,0.0166181969,2025-03-10
6.2047,6.2047,6.2047,0.0142541888,2025-03-11
6.1976,6.1976,6.1976,-0.0011442938,2025-03-12
6.1037,6.1037,6.1037,-0.0151510262,2025-03-13
6.1114,6.1114,6.1114,0.0012615299,2025-03-14
5.9945,5.9945,5.9945,-0.0191281867,2025-03-21
5.9429,5.9429,5.9429,-0.0086078906,2025-03-28
6.0403,6.0403,6.0403,0.0163893049,2025-04-02
5.9335,5.9335,5.9335,-0.017681241,2025-04-03
5.4649,5.4649,5.4649,-0.0789753097,2025-04-07
5.3866,5.3866,5.3866,-0.0143278011,2025-04-08
5.4875,5.4875,5.4875,0.0187316675,2025-04-09
5.654,5.654,5.654,0.0303416856,2025-04-11
5.7265,5.7265,5.7265,0.0128227803,2025-04-17
5.7035,5.7035,5.7035,-0.0040164149,2025-04-18
5.7652,5.7652,5.7652,0.0108179188,2025-04-21
5.8095,5.8095,5.8095,0.0076840352,2025-04-22
5.8496,5.8496,5.8496,0.0069024873,2025-04-23
5.8173,5.8173,5.8173,-0.0055217451,2025-04-25
5.8594,5.8594,5.8594,0.0072370344,2025-04-30
6.0447,6.0447,6.0447,0.0316243984,2025-05-09
6.0817,6.0817,6.0817,0.0061210647,2025-05-12
6.0682,6.0682,6.0682,-0.0022197741,2025-05-13
6.0328,6.0328,6.0328,-0.0058336904,2025-05-14
5.9985,5.9985,5.9985,-0.0056855855,2025-05-15
6.0042,6.0042,6.0042,0.0009502376,2025-05-16
6.11,6.11,6.11,0.0176209986,2025-05-20
6.1068,6.1068,6.1068,-0.0005237316,2025-05-21
6.0404,6.0404,6.0404,-0.010873125,2025-05-22
5.9886,5.9886,5.9886,-0.008575591,2025-05-23
5.9998,5.9998,5.9998,0.0018702201,2025-05-26
5.9593,5.9593,5.9593,-0.006750225,2025-05-30
6.0452,6.0452,6.0452,0.0144144446,2025-06-03
6.0789,6.0789,6.0789,0.0055746708,2025-06-04
6.0788,6.0788,6.0788,-1.64503e-05,2025-06-05
6.13,6.13,6.13,0.008422715,2025-06-06
6.1536,6.1536,6.1536,0.0038499184,2025-06-09
6.1758,6.1758,6.1758,0.0036076443,2025-06-13
6.0625,6.0625,6.0625,-0.0183458014,2025-06-20
6.2302,6.2302,6.2302,0.0276618557,2025-06-27
6.3299,6.3299,6.3299,0.0160026965,2025-06-30
6.3259,6.3259,6.3259,-0.0006319215,2025-07-01
6.3101,6.3101,6.3101,-0.0024976683,2025-07-02
6.3355,6.3355,6.3355,0.0040252928,2025-07-03
6.2978,6.2978,6.2978,-0.0059505958,2025-07-04
6.4087,6.4087,6.4087,0.0176093239,2025-07-11
6.4292,6.4292,6.4292,0.0031987767,2025-07-14
6.3817,6.3817,6.3817,-0.0073881665,2025-07-15
6.4116,6.4116,6.4116,0.0046852719,2025-07-16
6.4567,6.4567,6.4567,0.0070341256,2025-07-17
6.4913,6.4913,6.4913,0.0053587746,2025-07-18
6.6283,6.6283,6.6283,0.0211051715,2025-07-25
6.6779,6.6779,6.6779,0.007483065,2025-07-29
6.6461,6.6461,6.6461,-0.0047619761,2025-07-30
6.5479,6.5479,6.5479,-0.0147755827,2025-07-31
6.5939,6.5939,6.5939,0.0070251531,2025-08-01
6.6409,6.6409,6.6409,0.0071277999,2025-08-04
6.9888,6.9888,6.9888,0.0523874776,2025-08-08
7.1517,7.1517,7.1517,0.0233087225,2025-08-11
7.1148,7.1148,7.1148,-0.0051596124,2025-08-12
7.0869,7.0869,7.0869,-0.0039214033,2025-08-13
6.9198,6.9198,6.9198,-0.0235787157,2025-08-14
6.9947,6.9947,6.9947,0.0108240123,2025-08-15
7.1867,7.1867,7.1867,0.0274493545,2025-08-22
7.2552,7.2552,7.2552,0.0095314957,2025-08-25
7.2326,7.2326,7.2326,-0.0031150072,2025-08-26
7.0546,7.0546,7.0546,-0.02461079,2025-08-27
7.0877,7.0877,7.0877,0.004691974,2025-08-28
7.1331,7.1331,7.1331,0.006405463,2025-08-29
6.9698,6.9698,6.9698,-0.0228932722,2025-09-05
7.0215,7.0215,7.0215,0.0074177164,2025-09-10
7.1124,7.1124,7.1124,0.0129459517,2025-09-11
7.1133,7.1133,7.1133,0.0001265396,2025-09-12
7.1049,7.1049,7.1049,-0.0011808865,2025-09-15
7.2091,7.2091,7.2091,0.0146659348,2025-09-16
7.2804,7.2804,7.2804,0.0098902776,2025-09-19
7.1216,7.1216,7.1216,-0.0218119884,2025-09-23
7.2527,7.2527,7.2527,0.0184087845,2025-09-24
7.2017,7.2017,7.2017,-0.007031864,2025-09-25
7.1903,7.1903,7.1903,-0.0015829596,2025-09-26
7.2806,7.2806,7.2806,0.0125585859,2025-09-29
7.3682,7.3682,7.3682,0.0120319754,2025-09-30
7.3745,7.3745,7.3745,0.0008550257,2025-10-10
7.2022,7.2022,7.2022,-0.0233642959,2025-10-17
7.2419,7.2419,7.2419,0.0055122046,2025-10-20
7.3635,7.3635,7.3635,0.0167911736,2025-10-21
7.3345,7.3345,7.3345,-0.0039383445,2025-10-22
7.3415,7.3415,7.3415,0.0009543936,2025-10-23
7.3986,7.3986,7.3986,0.0077777021,2025-10-24
7.765,7.765,7.765,0.0495228827,2025-10-31
7.885,7.885,7.885,0.0154539601,2025-11-07
8.1314,8.1314,8.1314,0.0312492074,2025-11-14
8.3255,8.3255,8.3255,0.0238704282,2025-11-17
8.4497,8.4497,8.4497,0.0149180229,2025-11-18
8.4424,8.4424,8.4424,-0.000863936,2025-11-19
8.3558,8.3558,8.3558,-0.0102577466,2025-11-20
8.0648,8.0648,8.0648,-0.0348261088,2025-11-21
8.108,8.108,8.108,0.0053566114,2025-11-24
8.0979,8.0979,8.0979,-0.0012456833,2025-11-25
7.938,7.938,7.938,-0.01974586,2025-11-26
8.1011,8.1011,8.1011,0.0205467372,2025-11-27
8.3295,8.3295,8.3295,0.0281937021,2025-11-28
8.3797,8.3797,8.3797,0.0060267723,2025-12-01
8.3994,8.3994,8.3994,0.0023509195,2025-12-05
8.3572,8.3572,8.3572,-0.0050241684,2025-12-08
8.247,8.247,8.247,-0.0131862346,2025-12-09
8.2838,8.2838,8.2838,0.0044622287,2025-12-10
8.2104,8.2104,8.2104,-0.0088606678,2025-12-11
8.1754,8.1754,8.1754,-0.0042628861,2025-12-12
8.1079,8.1079,8.1079,-0.0082564767,2025-12-15
7.8985,7.8985,7.8985,-0.0258266629,2025-12-16
7.9475,7.9475,7.9475,0.0062037096,2025-12-17
8.0034,8.0034,8.0034,0.0070336584,2025-12-18
8.0365,8.0365,8.0365,0.0041357423,2025-12-19
8.06,8.06,8.06,0.0029241585,2025-12-22
8.0058,8.0058,8.0058,-0.0067245658,2025-12-23
8.0623,8.0623,8.0623,0.0070573834,2025-12-24
8.1106,8.1106,8.1106,0.0059908463,2025-12-25
8.134,8.134,8.134,0.0028851133,2025-12-26
8.2983,8.2983,8.2983,0.020199164,2025-12-31
8.4261,8.4261,8.4261,0.0154007447,2026-01-06
8.467,8.467,8.467,0.0048539657,2026-01-07
8.4487,8.4487,8.4487,-0.0021613322,2026-01-08
8.5844,8.5844,8.5844,0.0160616426,2026-01-09
8.7635,8.7635,8.7635,0.0208634267,2026-01-12
8.637,8.637,8.637,-0.0144348719,2026-01-13
8.7525,8.7525,8.7525,0.0133726989,2026-01-14
8.6902,8.6902,8.6902,-0.0071179663,2026-01-15
8.6994,8.6994,8.6994,0.0010586638,2026-01-16
8.7399,8.7399,8.7399,0.0046554935,2026-01-19
8.6783,8.6783,8.6783,-0.0070481356,2026-01-20
8.7724,8.7724,8.7724,0.0108431375,2026-01-21
8.8717,8.8717,8.8717,0.0113195933,2026-01-22
8.8778,8.8778,8.8778,0.0006875796,2026-01-23
8.8856,8.8856,8.8856,0.000878596,2026-01-26
8.8904,8.8904,8.8904,0.0005401999,2026-01-27
8.9239,8.9239,8.9239,0.0037681094,2026-01-28
8.9791,8.9791,8.9791,0.0061856363,2026-01-29
8.7822,8.7822,8.7822,-0.0219287011,2026-01-30
8.6237,8.6237,8.6237,-0.0180478696,2026-02-02
8.8245,8.8245,8.8245,0.023284669,2026-02-03
8.7838,8.7838,8.7838,-0.0046121593,2026-02-04
8.7479,8.7479,8.7479,-0.0040870694,2026-02-05
8.7585,8.7585,8.7585,0.0012117194,2026-02-06
8.9753,8.9753,8.9753,0.024753097,2026-02-09
8.9878,8.9878,8.9878,0.0013927111,2026-02-10
9.0184,9.0184,9.0184,0.0034046151,2026-02-11
8.9188,8.9188,8.9188,-0.0110440876,2026-02-13
9.116,9.116,9.116,0.0221105978,2026-02-27
8.8755,8.8755,8.8755,-0.0263821852,2026-03-05
8.9125,8.9125,8.9125,0.0041687792,2026-03-06
8.801,8.801,8.801,-0.0125105189,2026-03-09
8.9898,8.9898,8.9898,0.0214521077,2026-03-10
8.9988,8.9988,8.9988,0.0010011346,2026-03-11
8.8708,8.8708,8.8708,-0.0142241188,2026-03-12
8.7847,8.7847,8.7847,-0.0097060017,2026-03-13
8.8544,8.8544,8.8544,0.0079342493,2026-03-16
8.7898,8.7898,8.7898,-0.0072958077,2026-03-17
8.8426,8.8426,8.8426,0.0060069626,2026-03-18
8.7577,8.7577,8.7577,-0.0096012485,2026-03-19
8.5703,8.5703,8.5703,-0.0213983123,2026-03-20
8.1741,8.1741,8.1741,-0.0462294202,2026-03-23
8.3058,8.3058,8.3058,0.0161118655,2026-03-24
8.3862,8.3862,8.3862,0.0096799827,2026-03-25
8.2996,8.2996,8.2996,-0.0103264888,2026-03-26
8.3743,8.3743,8.3743,0.0090004338,2026-03-27
8.3939,8.3939,8.3939,0.0023404941,2026-03-30
8.3381,8.3381,8.3381,-0.0066476846,2026-03-31
8.4205,8.4205,8.4205,0.0098823473,2026-04-01
8.3798,8.3798,8.3798,-0.0048334422,2026-04-02
8.2506,8.2506,8.2506,-0.0154180291,2026-04-03
8.6072,8.6072,8.6072,0.0432210991,2026-04-08
8.5789,8.5789,8.5789,-0.003287945,2026-04-09
8.596,8.596,8.596,0.0019932625,2026-04-10
8.5722,8.5722,8.5722,-0.0027687296,2026-04-13
8.6267,8.6267,8.6267,0.0063577611,2026-04-14
8.6421,8.6421,8.6421,0.0017851554,2026-04-16
8.646,8.646,8.646,0.0004512792,2026-04-17
8.7687,8.7687,8.7687,0.0141915337,2026-04-20
8.7365,8.7365,8.7365,-0.0036721521,2026-04-21
8.8154,8.8154,8.8154,0.0090310765,2026-04-22
8.6813,8.6813,8.6813,-0.0152120153,2026-04-23
8.6801,8.6801,8.6801,-0.0001382281,2026-04-24
8.7774,8.7774,8.7774,0.0112095483,2026-04-27
8.7483,8.7483,8.7483,-0.0033153326,2026-04-28
8.9316,8.9316,8.9316,0.0209526422,2026-04-29
8.9692,8.9692,8.9692,0.004209772,2026-04-30
9.2084,9.2084,9.2084,0.0266690452,2026-05-07
9.2977,9.2977,9.2977,0.0096976673,2026-05-08
9.4468,9.4468,9.4468,0.016036224,2026-05-11
9.3714,9.3714,9.3714,-0.0079815387,2026-05-12
9.5497,9.5497,9.5497,0.0190259726,2026-05-13
9.2251,9.2251,9.2251,-0.0339905966,2026-05-15
9.2552,9.2552,9.2552,0.0032628373,2026-05-22
