nav,cumulative_nav_withdrawal,cumulative_nav,price_change,price_date
1.0,1.0,1.0,0.0,2014-07-29
1.0,1.0,1.0,0.0,2014-08-15
1.0,1.0,1.0,0.0,2014-08-22
1.008,1.008,1.008,0.008,2014-08-29
1.013,1.013,1.013,0.0049603175,2014-09-05
1.024,1.024,1.024,0.0108588351,2014-09-12
1.035,1.035,1.035,0.0107421875,2014-09-19
1.048,1.048,1.048,0.0125603865,2014-09-26
1.068,1.068,1.068,0.0190839695,2014-09-30
1.065,1.065,1.065,-0.0028089888,2014-10-10
1.062,1.062,1.062,-0.0028169014,2014-10-17
1.053,1.053,1.053,-0.0084745763,2014-10-24
1.065,1.065,1.065,0.0113960114,2014-10-31
1.081,1.081,1.081,0.0150234742,2014-11-07
1.038,1.038,1.038,-0.0397779833,2014-11-14
1.059,1.059,1.059,0.0202312139,2014-11-21
1.027,1.027,1.027,-0.030217186,2014-11-28
0.903,0.903,0.903,-0.1207400195,2014-12-05
0.854,0.854,0.854,-0.0542635659,2014-12-12
0.855,0.855,0.855,0.0011709602,2014-12-19
0.866,0.866,0.866,0.0128654971,2014-12-26
0.866,0.866,0.866,0.0,2014-12-31
0.865,0.865,0.865,-0.0011547344,2015-01-05
0.872,0.872,0.872,0.0080924855,2015-01-06
0.872,0.872,0.872,0.0,2015-01-07
0.872,0.872,0.872,0.0,2015-01-08
0.873,0.873,0.873,0.001146789,2015-01-09
0.873,0.873,0.873,0.0,2015-01-12
0.873,0.873,0.873,0.0,2015-01-13
0.874,0.874,0.874,0.0011454754,2015-01-14
0.874,0.874,0.874,0.0,2015-01-15
0.875,0.875,0.875,0.0011441648,2015-01-16
0.874,0.874,0.874,-0.0011428571,2015-01-19
0.875,0.875,0.875,0.0011441648,2015-01-20
0.875,0.875,0.875,0.0,2015-01-21
0.876,0.876,0.876,0.0011428571,2015-01-22
0.876,0.876,0.876,0.0,2015-01-23
0.876,0.876,0.876,0.0,2015-01-26
0.877,0.877,0.877,0.0011415525,2015-01-27
0.877,0.877,0.877,0.0,2015-01-28
0.878,0.878,0.878,0.0011402509,2015-01-29
0.877,0.877,0.877,-0.0011389522,2015-01-30
0.876,0.876,0.876,-0.0011402509,2015-02-02
0.877,0.877,0.877,0.0011415525,2015-02-03
0.877,0.877,0.877,0.0,2015-02-04
0.878,0.878,0.878,0.0011402509,2015-02-05
0.876,0.876,0.876,-0.0022779043,2015-02-06
0.876,0.876,0.876,0.0,2015-02-09
0.876,0.876,0.876,0.0,2015-02-10
0.876,0.876,0.876,0.0,2015-02-11
0.876,0.876,0.876,0.0,2015-02-12
0.876,0.876,0.876,0.0,2015-02-13
0.879,0.879,0.879,0.0034246575,2015-02-16
0.879,0.879,0.879,0.0,2015-02-17
0.881,0.881,0.881,0.0022753129,2015-02-25
0.881,0.881,0.881,0.0,2015-02-26
0.883,0.883,0.883,0.0022701476,2015-02-27
0.885,0.885,0.885,0.0022650057,2015-03-02
0.883,0.883,0.883,-0.002259887,2015-03-03
0.886,0.886,0.886,0.0033975085,2015-03-04
0.885,0.885,0.885,-0.0011286682,2015-03-05
0.886,0.886,0.886,0.0011299435,2015-03-06
0.885,0.885,0.885,-0.0011286682,2015-03-09
0.885,0.885,0.885,0.0,2015-03-10
0.885,0.885,0.885,0.0,2015-03-11
0.885,0.885,0.885,0.0,2015-03-12
0.887,0.887,0.887,0.002259887,2015-03-13
0.887,0.887,0.887,0.0,2015-03-16
0.889,0.889,0.889,0.0022547914,2015-03-17
0.89,0.89,0.89,0.0011248594,2015-03-18
0.891,0.891,0.891,0.0011235955,2015-03-19
0.887,0.887,0.887,-0.0044893378,2015-03-20
0.887,0.887,0.887,0.0,2015-03-23
0.89,0.89,0.89,0.0033821871,2015-03-24
0.89,0.89,0.89,0.0,2015-03-25
0.893,0.893,0.893,0.0033707865,2015-03-26
0.895,0.895,0.895,0.0022396417,2015-03-27
0.895,0.895,0.895,0.0,2015-03-30
0.898,0.898,0.898,0.0033519553,2015-03-31
0.897,0.897,0.897,-0.0011135857,2015-04-01
0.898,0.898,0.898,0.0011148272,2015-04-02
0.898,0.898,0.898,0.0,2015-04-03
0.898,0.898,0.898,0.0,2015-04-07
0.903,0.903,0.903,0.0055679287,2015-04-08
0.902,0.902,0.902,-0.0011074197,2015-04-09
0.903,0.903,0.903,0.0011086475,2015-04-10
0.901,0.901,0.901,-0.0022148394,2015-04-13
0.901,0.901,0.901,0.0,2015-04-14
0.905,0.905,0.905,0.0044395117,2015-04-15
0.906,0.906,0.906,0.0011049724,2015-04-16
0.905,0.905,0.905,-0.0011037528,2015-04-17
0.905,0.905,0.905,0.0,2015-04-20
0.905,0.905,0.905,0.0,2015-04-21
0.905,0.905,0.905,0.0,2015-04-22
0.906,0.906,0.906,0.0011049724,2015-04-23
0.906,0.906,0.906,0.0,2015-04-24
0.906,0.906,0.906,0.0,2015-04-27
0.907,0.907,0.907,0.0011037528,2015-04-28
0.907,0.907,0.907,0.0,2015-04-29
0.907,0.907,0.907,0.0,2015-04-30
0.908,0.908,0.908,0.0011025358,2015-05-04
0.908,0.908,0.908,0.0,2015-05-05
0.908,0.908,0.908,0.0,2015-05-06
0.908,0.908,0.908,0.0,2015-05-07
0.908,0.908,0.908,0.0,2015-05-08
0.913,0.913,0.913,0.0055066079,2015-05-11
0.913,0.913,0.913,0.0,2015-05-12
0.913,0.913,0.913,0.0,2015-05-13
0.913,0.913,0.913,0.0,2015-05-14
0.913,0.913,0.913,0.0,2015-05-15
0.913,0.913,0.913,0.0,2015-05-18
0.913,0.913,0.913,0.0,2015-05-19
0.913,0.913,0.913,0.0,2015-05-20
0.915,0.915,0.915,0.0021905805,2015-05-21
0.915,0.915,0.915,0.0,2015-05-22
0.919,0.919,0.919,0.0043715847,2015-05-25
0.923,0.923,0.923,0.0043525571,2015-05-26
0.927,0.927,0.927,0.0043336945,2015-05-27
0.932,0.932,0.932,0.0053937433,2015-05-28
0.937,0.937,0.937,0.0053648069,2015-05-29
0.932,0.932,0.932,-0.0053361793,2015-06-01
0.927,0.927,0.927,-0.0053648069,2015-06-02
0.928,0.928,0.928,0.0010787487,2015-06-03
0.923,0.923,0.923,-0.005387931,2015-06-04
0.922,0.922,0.922,-0.0010834236,2015-06-05
0.918,0.918,0.918,-0.0043383948,2015-06-08
0.919,0.919,0.919,0.0010893246,2015-06-09
0.92,0.92,0.92,0.0010881393,2015-06-10
0.921,0.921,0.921,0.0010869565,2015-06-11
0.92,0.92,0.92,-0.0010857763,2015-06-12
0.92,0.92,0.92,0.0,2015-06-15
0.92,0.92,0.92,0.0,2015-06-16
0.92,0.92,0.92,0.0,2015-06-17
0.92,0.92,0.92,0.0,2015-06-18
0.92,0.92,0.92,0.0,2015-06-19
0.922,0.922,0.922,0.002173913,2015-06-23
0.924,0.924,0.924,0.0021691974,2015-06-24
0.924,0.924,0.924,0.0,2015-06-25
0.924,0.924,0.924,0.0,2015-06-26
0.924,0.924,0.924,0.0,2015-06-29
0.924,0.924,0.924,0.0,2015-06-30
0.924,0.924,0.924,0.0,2015-07-01
0.924,0.924,0.924,0.0,2015-07-02
0.924,0.924,0.924,0.0,2015-07-03
0.924,0.924,0.924,0.0,2015-07-06
0.924,0.924,0.924,0.0,2015-07-07
0.924,0.924,0.924,0.0,2015-07-08
0.924,0.924,0.924,0.0,2015-07-09
0.98,0.98,0.98,0.0606060606,2015-07-10
1.035,1.035,1.035,0.056122449,2015-07-13
1.023,1.023,1.023,-0.0115942029,2015-07-14
1.028,1.028,1.028,0.0048875855,2015-07-15
1.013,1.013,1.013,-0.0145914397,2015-07-16
1.026,1.026,1.026,0.0128331688,2015-07-17
1.067,1.067,1.067,0.0399610136,2015-07-20
1.083,1.083,1.083,0.014995314,2015-07-21
1.094,1.094,1.094,0.0101569714,2015-07-22
1.103,1.103,1.103,0.008226691,2015-07-23
1.121,1.121,1.121,0.0163191296,2015-07-24
1.117,1.117,1.117,-0.0035682426,2015-07-27
1.058,1.058,1.058,-0.0528200537,2015-07-28
1.045,1.045,1.045,-0.0122873346,2015-07-29
1.045,1.045,1.045,0.0,2015-07-30
1.045,1.045,1.045,0.0,2015-07-31
1.045,1.045,1.045,0.0,2015-08-03
1.045,1.045,1.045,0.0,2015-08-04
1.045,1.045,1.045,0.0,2015-08-05
1.045,1.045,1.045,0.0,2015-08-06
1.045,1.045,1.045,0.0,2015-08-07
1.045,1.045,1.045,0.0,2015-08-10
1.045,1.045,1.045,0.0,2015-08-11
1.045,1.045,1.045,0.0,2015-08-12
1.045,1.045,1.045,0.0,2015-08-13
1.045,1.045,1.045,0.0,2015-08-14
1.045,1.045,1.045,0.0,2015-08-17
1.045,1.045,1.045,0.0,2015-08-18
1.045,1.045,1.045,0.0,2015-08-19
1.045,1.045,1.045,0.0,2015-08-20
1.045,1.045,1.045,0.0,2015-08-21
1.045,1.045,1.045,0.0,2015-08-24
1.045,1.045,1.045,0.0,2015-08-25
1.044,1.044,1.044,-0.0009569378,2015-08-26
1.044,1.044,1.044,0.0,2015-08-27
1.044,1.044,1.044,0.0,2015-08-28
1.044,1.044,1.044,0.0,2015-08-31
1.044,1.044,1.044,0.0,2015-09-01
1.044,1.044,1.044,0.0,2015-09-02
1.044,1.044,1.044,0.0,2015-09-07
1.044,1.044,1.044,0.0,2015-09-08
1.044,1.044,1.044,0.0,2015-09-09
1.044,1.044,1.044,0.0,2015-09-10
1.044,1.044,1.044,0.0,2015-09-11
1.044,1.044,1.044,0.0,2015-09-14
1.044,1.044,1.044,0.0,2015-09-15
1.044,1.044,1.044,0.0,2015-09-16
1.044,1.044,1.044,0.0,2015-09-17
1.044,1.044,1.044,0.0,2015-09-18
1.044,1.044,1.044,0.0,2015-09-21
1.044,1.044,1.044,0.0,2015-09-22
1.044,1.044,1.044,0.0,2015-09-23
1.044,1.044,1.044,0.0,2015-09-24
1.044,1.044,1.044,0.0,2015-09-25
1.044,1.044,1.044,0.0,2015-09-28
1.044,1.044,1.044,0.0,2015-09-29
1.044,1.044,1.044,0.0,2015-09-30
1.043,1.043,1.043,-0.0009578544,2015-10-08
1.043,1.043,1.043,0.0,2015-10-09
1.043,1.043,1.043,0.0,2015-10-12
1.043,1.043,1.043,0.0,2015-10-13
1.043,1.043,1.043,0.0,2015-10-14
1.043,1.043,1.043,0.0,2015-10-15
1.043,1.043,1.043,0.0,2015-10-16
1.043,1.043,1.043,0.0,2015-10-19
1.043,1.043,1.043,0.0,2015-10-20
1.043,1.043,1.043,0.0,2015-10-21
1.043,1.043,1.043,0.0,2015-10-22
1.043,1.043,1.043,0.0,2015-10-23
1.043,1.043,1.043,0.0,2015-10-26
1.043,1.043,1.043,0.0,2015-10-27
1.043,1.043,1.043,0.0,2015-10-28
1.043,1.043,1.043,0.0,2015-10-29
1.043,1.043,1.043,0.0,2015-10-30
1.043,1.043,1.043,0.0,2015-11-02
1.043,1.043,1.043,0.0,2015-11-03
1.043,1.043,1.043,0.0,2015-11-04
1.043,1.043,1.043,0.0,2015-11-05
1.042,1.042,1.042,-0.0009587728,2015-11-06
1.042,1.042,1.042,0.0,2015-11-09
1.042,1.042,1.042,0.0,2015-11-10
1.053,1.053,1.053,0.0105566219,2015-11-11
1.064,1.064,1.064,0.0104463438,2015-11-12
1.077,1.077,1.077,0.0122180451,2015-11-13
1.091,1.091,1.091,0.0129990715,2015-11-16
1.106,1.106,1.106,0.0137488543,2015-11-17
1.123,1.123,1.123,0.0153707052,2015-11-18
1.142,1.142,1.142,0.0169189671,2015-11-19
1.162,1.162,1.162,0.0175131349,2015-11-20
1.184,1.184,1.184,0.0189328744,2015-11-23
1.209,1.209,1.209,0.0211148649,2015-11-24
1.236,1.236,1.236,0.0223325062,2015-11-25
1.266,1.266,1.266,0.0242718447,2015-11-26
1.299,1.299,1.299,0.0260663507,2015-11-27
1.335,1.335,1.335,0.0277136259,2015-11-30
1.375,1.375,1.375,0.0299625468,2015-12-01
1.419,1.419,1.419,0.032,2015-12-02
1.467,1.467,1.467,0.0338266385,2015-12-03
1.52,1.52,1.52,0.0361281527,2015-12-04
1.578,1.578,1.578,0.0381578947,2015-12-07
1.641,1.641,1.641,0.0399239544,2015-12-08
1.641,1.641,1.641,0.0,2015-12-09
1.52,1.52,1.52,-0.0737355271,2015-12-10
1.641,1.641,1.641,0.0796052632,2015-12-11
1.641,1.641,1.641,0.0,2015-12-14
1.641,1.641,1.641,0.0,2015-12-15
1.641,1.641,1.641,0.0,2015-12-16
1.649,1.649,1.649,0.0048750762,2015-12-17
1.645,1.645,1.645,-0.0024257126,2015-12-18
1.648,1.648,1.648,0.0018237082,2015-12-21
1.663,1.663,1.663,0.0091019417,2015-12-22
1.655,1.655,1.655,-0.0048105833,2015-12-23
1.666,1.666,1.666,0.0066465257,2015-12-24
1.727,1.727,1.727,0.0366146459,2015-12-25
1.594,1.594,1.594,-0.0770121598,2015-12-28
1.72,1.72,1.72,0.0790464241,2015-12-29
1.74,1.74,1.74,0.011627907,2015-12-30
1.714,1.714,1.714,-0.0149425287,2015-12-31
1.565,1.565,1.565,-0.0869311552,2016-01-04
1.558,1.558,1.558,-0.0044728435,2016-01-05
1.558,1.558,1.558,0.0,2016-01-06
1.558,1.558,1.558,0.0,2016-01-07
1.558,1.558,1.558,0.0,2016-01-08
1.558,1.558,1.558,0.0,2016-01-11
1.558,1.558,1.558,0.0,2016-01-12
1.558,1.558,1.558,0.0,2016-01-13
1.558,1.558,1.558,0.0,2016-01-14
1.558,1.558,1.558,0.0,2016-01-15
1.558,1.558,1.558,0.0,2016-01-18
1.558,1.558,1.558,0.0,2016-01-19
1.558,1.558,1.558,0.0,2016-01-20
1.557,1.557,1.557,-0.0006418485,2016-01-21
1.557,1.557,1.557,0.0,2016-01-22
1.557,1.557,1.557,0.0,2016-01-25
1.557,1.557,1.557,0.0,2016-01-26
1.557,1.557,1.557,0.0,2016-01-27
1.557,1.557,1.557,0.0,2016-01-28
1.558,1.558,1.558,0.0006422608,2016-01-29
1.558,1.558,1.558,0.0,2016-02-01
1.558,1.558,1.558,0.0,2016-02-02
1.583,1.583,1.583,0.0160462131,2016-02-03
1.572,1.572,1.572,-0.0069488313,2016-02-04
1.569,1.569,1.569,-0.0019083969,2016-02-05
1.573,1.573,1.573,0.0025493945,2016-02-15
1.586,1.586,1.586,0.0082644628,2016-02-16
1.593,1.593,1.593,0.0044136192,2016-02-17
1.59,1.59,1.59,-0.0018832392,2016-02-18
1.598,1.598,1.598,0.0050314465,2016-02-19
1.603,1.603,1.603,0.0031289111,2016-02-22
1.611,1.611,1.611,0.0049906425,2016-02-23
1.612,1.612,1.612,0.0006207325,2016-02-24
1.544,1.544,1.544,-0.0421836228,2016-02-25
1.545,1.545,1.545,0.0006476684,2016-02-26
1.514,1.514,1.514,-0.0200647249,2016-02-29
1.505,1.505,1.505,-0.0059445178,2016-03-01
1.508,1.508,1.508,0.0019933555,2016-03-02
1.509,1.509,1.509,0.00066313,2016-03-03
1.472,1.472,1.472,-0.0245195494,2016-03-04
1.477,1.477,1.477,0.0033967391,2016-03-07
1.472,1.472,1.472,-0.0033852404,2016-03-08
1.439,1.439,1.439,-0.0224184783,2016-03-09
1.437,1.437,1.437,-0.0013898541,2016-03-10
1.437,1.437,1.437,0.0,2016-03-11
1.435,1.435,1.435,-0.0013917884,2016-03-14
1.432,1.432,1.432,-0.0020905923,2016-03-15
1.428,1.428,1.428,-0.0027932961,2016-03-16
1.459,1.459,1.459,0.0217086835,2016-03-17
1.498,1.498,1.498,0.0267306374,2016-03-18
1.528,1.528,1.528,0.0200267023,2016-03-21
1.528,1.528,1.528,0.0,2016-03-22
1.54,1.54,1.54,0.0078534031,2016-03-23
1.524,1.524,1.524,-0.0103896104,2016-03-24
1.538,1.538,1.538,0.0091863517,2016-03-25
1.537,1.537,1.537,-0.0006501951,2016-03-28
1.513,1.513,1.513,-0.0156148341,2016-03-29
1.558,1.558,1.558,0.029742234,2016-03-30
1.565,1.565,1.565,0.0044929397,2016-03-31
1.57,1.57,1.57,0.0031948882,2016-04-01
1.609,1.609,1.609,0.0248407643,2016-04-05
1.621,1.621,1.621,0.0074580485,2016-04-06
1.602,1.602,1.602,-0.0117211598,2016-04-07
1.597,1.597,1.597,-0.0031210986,2016-04-08
1.63,1.63,1.63,0.0206637445,2016-04-11
1.63,1.63,1.63,0.0,2016-04-12
1.647,1.647,1.647,0.0104294479,2016-04-13
1.671,1.671,1.671,0.014571949,2016-04-14
1.683,1.683,1.683,0.0071813285,2016-04-15
1.666,1.666,1.666,-0.0101010101,2016-04-18
1.67,1.67,1.67,0.0024009604,2016-04-19
1.616,1.616,1.616,-0.0323353293,2016-04-20
1.607,1.607,1.607,-0.0055693069,2016-04-21
1.591,1.591,1.591,-0.0099564406,2016-04-22
1.593,1.593,1.593,0.001257071,2016-04-25
1.6,1.6,1.6,0.0043942247,2016-04-26
1.608,1.608,1.608,0.005,2016-04-27
1.604,1.604,1.604,-0.0024875622,2016-04-28
1.605,1.605,1.605,0.0006234414,2016-04-29
1.642,1.642,1.642,0.0230529595,2016-05-03
1.646,1.646,1.646,0.0024360536,2016-05-04
1.655,1.655,1.655,0.0054678007,2016-05-05
1.605,1.605,1.605,-0.0302114804,2016-05-06
1.557,1.557,1.557,-0.0299065421,2016-05-09
1.558,1.558,1.558,0.0006422608,2016-05-10
1.56,1.56,1.56,0.001283697,2016-05-11
1.555,1.555,1.555,-0.0032051282,2016-05-12
1.555,1.555,1.555,0.0,2016-05-13
1.573,1.573,1.573,0.0115755627,2016-05-16
1.573,1.573,1.573,0.0,2016-05-17
1.544,1.544,1.544,-0.0184361093,2016-05-18
1.548,1.548,1.548,0.0025906736,2016-05-19
1.56,1.56,1.56,0.007751938,2016-05-20
1.584,1.584,1.584,0.0153846154,2016-05-23
1.575,1.575,1.575,-0.0056818182,2016-05-24
1.576,1.576,1.576,0.0006349206,2016-05-25
1.584,1.584,1.584,0.0050761421,2016-05-26
1.588,1.588,1.588,0.0025252525,2016-05-27
1.586,1.586,1.586,-0.0012594458,2016-05-30
1.64,1.64,1.64,0.0340479193,2016-05-31
1.65,1.65,1.65,0.006097561,2016-06-01
1.664,1.664,1.664,0.0084848485,2016-06-02
1.675,1.675,1.675,0.0066105769,2016-06-03
1.686,1.686,1.686,0.0065671642,2016-06-06
1.69,1.69,1.69,0.0023724792,2016-06-07
1.691,1.691,1.691,0.000591716,2016-06-08
1.628,1.628,1.628,-0.0372560615,2016-06-13
1.635,1.635,1.635,0.0042997543,2016-06-14
1.678,1.678,1.678,0.0262996942,2016-06-15
1.679,1.679,1.679,0.0005959476,2016-06-16
1.698,1.698,1.698,0.0113162597,2016-06-17
1.7,1.7,1.7,0.0011778563,2016-06-20
1.694,1.694,1.694,-0.0035294118,2016-06-21
1.722,1.722,1.722,0.0165289256,2016-06-22
1.722,1.722,1.722,0.0,2016-06-23
1.713,1.713,1.713,-0.0052264808,2016-06-24
1.747,1.747,1.747,0.0198482195,2016-06-27
1.774,1.774,1.774,0.0154550658,2016-06-28
1.789,1.789,1.789,0.0084554679,2016-06-29
1.796,1.796,1.796,0.0039128004,2016-06-30
1.803,1.803,1.803,0.0038975501,2016-07-01
1.835,1.835,1.835,0.0177481974,2016-07-04
1.854,1.854,1.854,0.0103542234,2016-07-05
1.87,1.87,1.87,0.0086299892,2016-07-06
1.88,1.88,1.88,0.0053475936,2016-07-07
1.885,1.885,1.885,0.0026595745,2016-07-08
1.887,1.887,1.887,0.001061008,2016-07-11
1.906,1.906,1.906,0.0100688924,2016-07-12
1.925,1.925,1.925,0.0099685205,2016-07-13
1.935,1.935,1.935,0.0051948052,2016-07-14
1.941,1.941,1.941,0.0031007752,2016-07-15
1.936,1.936,1.936,-0.0025759918,2016-07-18
1.949,1.949,1.949,0.006714876,2016-07-19
1.961,1.961,1.961,0.0061570036,2016-07-20
1.971,1.971,1.971,0.0050994391,2016-07-21
1.956,1.956,1.956,-0.0076103501,2016-07-22
1.969,1.969,1.969,0.0066462168,2016-07-25
1.992,1.992,1.992,0.0116810564,2016-07-26
1.917,1.917,1.917,-0.0376506024,2016-07-27
1.919,1.919,1.919,0.0010432968,2016-07-28
1.913,1.913,1.913,-0.0031266285,2016-07-29
1.89,1.89,1.89,-0.0120230005,2016-08-01
1.916,1.916,1.916,0.0137566138,2016-08-02
1.934,1.934,1.934,0.009394572,2016-08-03
1.942,1.942,1.942,0.0041365047,2016-08-04
1.942,1.942,1.942,0.0,2016-08-05
1.963,1.963,1.963,0.0108135942,2016-08-08
1.984,1.984,1.984,0.0106979114,2016-08-09
1.984,1.984,1.984,0.0,2016-08-10
1.961,1.961,1.961,-0.0115927419,2016-08-11
1.982,1.982,1.982,0.010708822,2016-08-12
2.016,2.016,2.016,0.0171543895,2016-08-15
2.032,2.032,2.032,0.0079365079,2016-08-16
2.037,2.037,2.037,0.0024606299,2016-08-17
2.045,2.045,2.045,0.0039273441,2016-08-18
2.056,2.056,2.056,0.0053789731,2016-08-19
2.056,2.056,2.056,0.0,2016-08-22
2.073,2.073,2.073,0.0082684825,2016-08-23
2.087,2.087,2.087,0.0067534973,2016-08-24
2.082,2.082,2.082,-0.0023957834,2016-08-25
2.099,2.099,2.099,0.0081652257,2016-08-26
2.119,2.119,2.119,0.0095283468,2016-08-29
2.124,2.124,2.124,0.0023596036,2016-08-30
2.127,2.127,2.127,0.0014124294,2016-08-31
2.12,2.12,2.12,-0.0032910202,2016-09-01
2.123,2.123,2.123,0.0014150943,2016-09-02
2.136,2.136,2.136,0.0061234103,2016-09-05
2.164,2.164,2.164,0.0131086142,2016-09-06
2.171,2.171,2.171,0.0032347505,2016-09-07
2.187,2.187,2.187,0.0073698756,2016-09-08
2.176,2.176,2.176,-0.0050297211,2016-09-09
2.116,2.116,2.116,-0.0275735294,2016-09-12
2.139,2.139,2.139,0.0108695652,2016-09-13
2.138,2.138,2.138,-0.0004675082,2016-09-14
2.164,2.164,2.164,0.012160898,2016-09-19
2.167,2.167,2.167,0.0013863216,2016-09-20
2.176,2.176,2.176,0.0041532072,2016-09-21
2.185,2.185,2.185,0.0041360294,2016-09-22
2.189,2.189,2.189,0.0018306636,2016-09-23
2.153,2.153,2.153,-0.0164458657,2016-09-26
2.167,2.167,2.167,0.0065025546,2016-09-27
2.168,2.168,2.168,0.0004614675,2016-09-28
2.179,2.179,2.179,0.0050738007,2016-09-29
2.19,2.19,2.19,0.0050481872,2016-09-30
2.228,2.228,2.228,0.0173515982,2016-10-10
2.245,2.245,2.245,0.0076301616,2016-10-11
2.257,2.257,2.257,0.0053452116,2016-10-12
2.265,2.265,2.265,0.0035445281,2016-10-13
2.264,2.264,2.264,-0.0004415011,2016-10-14
2.25,2.25,2.25,-0.0061837456,2016-10-17
2.284,2.284,2.284,0.0151111111,2016-10-18
2.287,2.287,2.287,0.0013134851,2016-10-19
2.294,2.294,2.294,0.0030607783,2016-10-20
2.286,2.286,2.286,-0.0034873583,2016-10-21
2.304,2.304,2.304,0.0078740157,2016-10-24
2.316,2.316,2.316,0.0052083333,2016-10-25
2.315,2.315,2.315,-0.0004317789,2016-10-26
2.32,2.32,2.32,0.0021598272,2016-10-27
2.301,2.301,2.301,-0.0081896552,2016-10-28
2.307,2.307,2.307,0.0026075619,2016-10-31
2.336,2.336,2.336,0.0125704378,2016-11-01
2.328,2.328,2.328,-0.0034246575,2016-11-02
2.344,2.344,2.344,0.0068728522,2016-11-03
2.344,2.344,2.344,0.0,2016-11-04
2.353,2.353,2.353,0.0038395904,2016-11-07
2.367,2.367,2.367,0.0059498513,2016-11-08
2.353,2.353,2.353,-0.0059146599,2016-11-09
2.396,2.396,2.396,0.0182745431,2016-11-10
2.419,2.419,2.419,0.0095993322,2016-11-11
2.433,2.433,2.433,0.0057875155,2016-11-14
2.45,2.45,2.45,0.0069872585,2016-11-15
2.464,2.464,2.464,0.0057142857,2016-11-16
2.475,2.475,2.475,0.0044642857,2016-11-17
2.473,2.473,2.473,-0.0008080808,2016-11-18
2.493,2.493,2.493,0.0080873433,2016-11-21
2.524,2.524,2.524,0.0124348175,2016-11-22
2.52,2.52,2.52,-0.0015847861,2016-11-23
2.511,2.511,2.511,-0.0035714286,2016-11-24
2.514,2.514,2.514,0.0011947431,2016-11-25
2.52,2.52,2.52,0.0023866348,2016-11-28
2.486,2.486,2.486,-0.0134920635,2016-11-29
2.472,2.472,2.472,-0.0056315366,2016-11-30
2.497,2.497,2.497,0.0101132686,2016-12-01
2.454,2.454,2.454,-0.0172206648,2016-12-02
2.44,2.44,2.44,-0.0057049715,2016-12-05
2.459,2.459,2.459,0.0077868852,2016-12-06
2.496,2.496,2.496,0.015046767,2016-12-07
2.485,2.485,2.485,-0.0044070513,2016-12-08
2.487,2.487,2.487,0.000804829,2016-12-09
2.356,2.356,2.356,-0.0526739043,2016-12-12
2.366,2.366,2.366,0.0042444822,2016-12-13
2.36,2.36,2.36,-0.0025359256,2016-12-14
2.381,2.381,2.381,0.0088983051,2016-12-15
2.42,2.42,2.42,0.0163796724,2016-12-16
2.434,2.434,2.434,0.005785124,2016-12-19
2.443,2.443,2.443,0.0036976171,2016-12-20
2.468,2.468,2.468,0.0102333197,2016-12-21
2.472,2.472,2.472,0.0016207455,2016-12-22
2.451,2.451,2.451,-0.0084951456,2016-12-23
2.463,2.463,2.463,0.0048959608,2016-12-26
2.485,2.485,2.485,0.0089321965,2016-12-27
2.485,2.485,2.485,0.0,2016-12-28
2.482,2.482,2.482,-0.0012072435,2016-12-29
2.488,2.488,2.488,0.0024174053,2016-12-30
2.516,2.516,2.516,0.0112540193,2017-01-03
2.54,2.54,2.54,0.0095389507,2017-01-04
2.556,2.556,2.556,0.0062992126,2017-01-05
2.552,2.552,2.552,-0.0015649452,2017-01-06
2.564,2.564,2.564,0.0047021944,2017-01-09
2.559,2.559,2.559,-0.001950078,2017-01-10
2.532,2.532,2.532,-0.0105509965,2017-01-11
2.508,2.508,2.508,-0.009478673,2017-01-12
2.475,2.475,2.475,-0.0131578947,2017-01-13
2.348,2.348,2.348,-0.0513131313,2017-01-16
2.377,2.377,2.377,0.012350937,2017-01-17
2.365,2.365,2.365,-0.0050483803,2017-01-18
2.355,2.355,2.355,-0.0042283298,2017-01-19
2.389,2.389,2.389,0.0144373673,2017-01-20
2.416,2.416,2.416,0.0113017999,2017-01-23
2.418,2.418,2.418,0.0008278146,2017-01-24
2.424,2.424,2.424,0.0024813896,2017-01-25
2.436,2.436,2.436,0.004950495,2017-01-26
2.428,2.428,2.428,-0.0032840722,2017-02-03
2.455,2.455,2.455,0.0111202636,2017-02-06
2.457,2.457,2.457,0.000814664,2017-02-07
2.47,2.47,2.47,0.0052910053,2017-02-08
2.49,2.49,2.49,0.008097166,2017-02-09
2.491,2.491,2.491,0.0004016064,2017-02-10
2.5,2.5,2.5,0.0036130068,2017-02-13
2.489,2.489,2.489,-0.0044,2017-02-14
2.471,2.471,2.471,-0.00723182,2017-02-15
2.492,2.492,2.492,0.0084985836,2017-02-16
2.476,2.476,2.476,-0.0064205457,2017-02-17
2.485,2.485,2.485,0.003634895,2017-02-20
2.503,2.503,2.503,0.0072434608,2017-02-21
2.514,2.514,2.514,0.0043947263,2017-02-22
2.513,2.513,2.513,-0.0003977725,2017-02-23
2.521,2.521,2.521,0.0031834461,2017-02-24
2.5,2.5,2.5,-0.0083300278,2017-02-27
2.511,2.511,2.511,0.0044,2017-02-28
2.521,2.521,2.521,0.0039824771,2017-03-01
2.507,2.507,2.507,-0.0055533518,2017-03-02
2.508,2.508,2.508,0.0003988831,2017-03-03
2.544,2.544,2.544,0.014354067,2017-03-06
2.554,2.554,2.554,0.0039308176,2017-03-07
2.545,2.545,2.545,-0.0035238841,2017-03-08
2.529,2.529,2.529,-0.0062868369,2017-03-09
2.525,2.525,2.525,-0.0015816528,2017-03-10
2.535,2.535,2.535,0.003960396,2017-03-13
2.538,2.538,2.538,0.001183432,2017-03-14
2.526,2.526,2.526,-0.0047281324,2017-03-15
2.553,2.553,2.553,0.0106888361,2017-03-16
2.548,2.548,2.548,-0.0019584802,2017-03-17
2.565,2.565,2.565,0.0066718995,2017-03-20
2.569,2.569,2.569,0.0015594542,2017-03-21
2.546,2.546,2.546,-0.0089529,2017-03-22
2.538,2.538,2.538,-0.0031421838,2017-03-23
2.542,2.542,2.542,0.0015760441,2017-03-24
2.527,2.527,2.527,-0.0059008655,2017-03-27
2.526,2.526,2.526,-0.0003957262,2017-03-28
2.492,2.492,2.492,-0.0134600158,2017-03-29
2.414,2.414,2.414,-0.0313001605,2017-03-30
2.424,2.424,2.424,0.0041425021,2017-03-31
2.477,2.477,2.477,0.0218646865,2017-04-05
2.496,2.496,2.496,0.0076705692,2017-04-06
2.499,2.499,2.499,0.0012019231,2017-04-07
2.476,2.476,2.476,-0.0092036815,2017-04-10
2.494,2.494,2.494,0.00726979,2017-04-11
2.484,2.484,2.484,-0.0040096231,2017-04-12
2.492,2.492,2.492,0.0032206119,2017-04-13
2.447,2.447,2.447,-0.0180577849,2017-04-14
2.399,2.399,2.399,-0.0196158562,2017-04-17
2.365,2.365,2.365,-0.0141725719,2017-04-18
2.315,2.315,2.315,-0.021141649,2017-04-19
2.293,2.293,2.293,-0.0095032397,2017-04-20
2.291,2.291,2.291,-0.0008722198,2017-04-21
2.218,2.218,2.218,-0.0318638149,2017-04-24
2.222,2.222,2.222,0.0018034265,2017-04-25
2.224,2.224,2.224,0.00090009,2017-04-26
2.234,2.234,2.234,0.0044964029,2017-04-27
2.255,2.255,2.255,0.0094001791,2017-04-28
2.265,2.265,2.265,0.0044345898,2017-05-02
2.265,2.265,2.265,0.0,2017-05-03
2.259,2.259,2.259,-0.0026490066,2017-05-04
2.23,2.23,2.23,-0.0128375387,2017-05-05
2.189,2.189,2.189,-0.0183856502,2017-05-08
2.204,2.204,2.204,0.006852444,2017-05-09
2.171,2.171,2.171,-0.0149727768,2017-05-10
2.142,2.142,2.142,-0.0133578996,2017-05-11
2.13,2.13,2.13,-0.0056022409,2017-05-12
2.137,2.137,2.137,0.003286385,2017-05-15
2.163,2.163,2.163,0.0121665887,2017-05-16
2.172,2.172,2.172,0.0041608877,2017-05-17
2.165,2.165,2.165,-0.0032228361,2017-05-18
2.166,2.166,2.166,0.0004618938,2017-05-19
2.119,2.119,2.119,-0.0216989843,2017-05-22
2.057,2.057,2.057,-0.0292590845,2017-05-23
2.061,2.061,2.061,0.0019445795,2017-05-24
2.076,2.076,2.076,0.0072780204,2017-05-25
2.082,2.082,2.082,0.0028901734,2017-05-26
2.084,2.084,2.084,0.0009606148,2017-05-31
2.026,2.026,2.026,-0.027831094,2017-06-01
2.044,2.044,2.044,0.0088845015,2017-06-02
2.062,2.062,2.062,0.0088062622,2017-06-05
2.071,2.071,2.071,0.0043646945,2017-06-06
2.117,2.117,2.117,0.022211492,2017-06-07
2.116,2.116,2.116,-0.0004723666,2017-06-08
2.118,2.118,2.118,0.0009451796,2017-06-09
2.082,2.082,2.082,-0.0169971671,2017-06-12
2.112,2.112,2.112,0.0144092219,2017-06-13
2.117,2.117,2.117,0.0023674242,2017-06-14
2.145,2.145,2.145,0.0132262636,2017-06-15
2.141,2.141,2.141,-0.0018648019,2017-06-16
2.157,2.157,2.157,0.0074731434,2017-06-19
2.159,2.159,2.159,0.0009272137,2017-06-20
2.163,2.163,2.163,0.0018527096,2017-06-21
2.128,2.128,2.128,-0.0161812298,2017-06-22
2.123,2.123,2.123,-0.0023496241,2017-06-23
2.153,2.153,2.153,0.0141309468,2017-06-26
2.164,2.164,2.164,0.00510915,2017-06-27
2.151,2.151,2.151,-0.0060073937,2017-06-28
2.163,2.163,2.163,0.0055788006,2017-06-29
2.171,2.171,2.171,0.0036985668,2017-06-30
2.191,2.191,2.191,0.0092123445,2017-07-03
2.187,2.187,2.187,-0.0018256504,2017-07-04
2.199,2.199,2.199,0.0054869684,2017-07-05
2.199,2.199,2.199,0.0,2017-07-06
2.207,2.207,2.207,0.0036380173,2017-07-07
2.201,2.201,2.201,-0.0027186226,2017-07-10
2.184,2.184,2.184,-0.0077237619,2017-07-11
2.168,2.168,2.168,-0.0073260073,2017-07-12
2.172,2.172,2.172,0.0018450185,2017-07-13
2.167,2.167,2.167,-0.0023020258,2017-07-14
2.056,2.056,2.056,-0.0512228888,2017-07-17
2.07,2.07,2.07,0.0068093385,2017-07-18
2.091,2.091,2.091,0.0101449275,2017-07-19
2.102,2.102,2.102,0.0052606408,2017-07-20
2.103,2.103,2.103,0.0004757374,2017-07-21
2.12,2.12,2.12,0.00808369,2017-07-24
2.119,2.119,2.119,-0.0004716981,2017-07-25
2.114,2.114,2.114,-0.0023596036,2017-07-26
2.14,2.14,2.14,0.0122989593,2017-07-27
2.143,2.143,2.143,0.0014018692,2017-07-28
2.161,2.161,2.161,0.00839944,2017-07-31
2.161,2.161,2.161,0.0,2017-08-01
2.151,2.151,2.151,-0.0046274873,2017-08-02
2.159,2.159,2.159,0.0037192004,2017-08-03
2.152,2.152,2.152,-0.0032422418,2017-08-04
2.168,2.168,2.168,0.0074349442,2017-08-07
2.17,2.17,2.17,0.0009225092,2017-08-08
2.18,2.18,2.18,0.0046082949,2017-08-09
2.159,2.159,2.159,-0.0096330275,2017-08-10
2.131,2.131,2.131,-0.0129689671,2017-08-11
2.165,2.165,2.165,0.0159549507,2017-08-14
2.169,2.169,2.169,0.0018475751,2017-08-15
2.179,2.179,2.179,0.0046104195,2017-08-16
2.196,2.196,2.196,0.0078017439,2017-08-17
2.191,2.191,2.191,-0.002276867,2017-08-18
2.213,2.213,2.213,0.0100410771,2017-08-21
2.203,2.203,2.203,-0.0045187528,2017-08-22
2.193,2.193,2.193,-0.0045392646,2017-08-23
2.183,2.183,2.183,-0.0045599635,2017-08-24
2.208,2.208,2.208,0.0114521301,2017-08-25
2.235,2.235,2.235,0.0122282609,2017-08-28
2.228,2.228,2.228,-0.0031319911,2017-08-29
2.243,2.243,2.243,0.0067324955,2017-08-30
2.25,2.25,2.25,0.0031208203,2017-08-31
2.267,2.267,2.267,0.0075555556,2017-09-01
2.273,2.273,2.273,0.0026466696,2017-09-04
2.281,2.281,2.281,0.0035195777,2017-09-05
2.289,2.289,2.289,0.0035072337,2017-09-06
2.278,2.278,2.278,-0.004805592,2017-09-07
2.274,2.274,2.274,-0.0017559263,2017-09-08
2.303,2.303,2.303,0.0127528584,2017-09-11
2.304,2.304,2.304,0.0004342162,2017-09-12
2.312,2.312,2.312,0.0034722222,2017-09-13
2.309,2.309,2.309,-0.0012975779,2017-09-14
2.294,2.294,2.294,-0.0064963188,2017-09-15
2.317,2.317,2.317,0.0100261552,2017-09-18
2.304,2.304,2.304,-0.0056107035,2017-09-19
2.323,2.323,2.323,0.0082465278,2017-09-20
2.298,2.298,2.298,-0.0107619458,2017-09-21
2.281,2.281,2.281,-0.0073977372,2017-09-22
2.258,2.258,2.258,-0.0100832968,2017-09-25
2.261,2.261,2.261,0.0013286094,2017-09-26
2.291,2.291,2.291,0.0132684653,2017-09-27
2.29,2.29,2.29,-0.0004364906,2017-09-28
2.294,2.294,2.294,0.0017467249,2017-09-29
2.327,2.327,2.327,0.0143853531,2017-10-09
2.335,2.335,2.335,0.0034379029,2017-10-10
2.324,2.324,2.324,-0.0047109208,2017-10-11
2.315,2.315,2.315,-0.0038726334,2017-10-12
2.335,2.335,2.335,0.0086393089,2017-10-13
2.318,2.318,2.318,-0.0072805139,2017-10-16
2.301,2.301,2.301,-0.0073339085,2017-10-17
2.285,2.285,2.285,-0.0069534985,2017-10-18
2.267,2.267,2.267,-0.0078774617,2017-10-19
2.288,2.288,2.288,0.0092633436,2017-10-20
2.299,2.299,2.299,0.0048076923,2017-10-23
2.292,2.292,2.292,-0.0030448021,2017-10-24
2.312,2.312,2.312,0.0087260035,2017-10-25
2.324,2.324,2.324,0.0051903114,2017-10-26
2.306,2.306,2.306,-0.0077452668,2017-10-27
2.268,2.268,2.268,-0.0164787511,2017-10-30
2.282,2.282,2.282,0.0061728395,2017-10-31
2.283,2.283,2.283,0.0004382121,2017-11-01
2.273,2.273,2.273,-0.0043802015,2017-11-02
2.245,2.245,2.245,-0.0123185218,2017-11-03
2.29,2.29,2.29,0.0200445434,2017-11-06
2.318,2.318,2.318,0.0122270742,2017-11-07
2.346,2.346,2.346,0.0120793788,2017-11-08
2.358,2.358,2.358,0.0051150895,2017-11-09
2.386,2.386,2.386,0.0118744699,2017-11-10
2.402,2.402,2.402,0.0067057837,2017-11-13
2.399,2.399,2.399,-0.0012489592,2017-11-14
2.396,2.396,2.396,-0.0012505211,2017-11-15
2.416,2.416,2.416,0.0083472454,2017-11-16
2.407,2.407,2.407,-0.0037251656,2017-11-17
2.425,2.425,2.425,0.0074781886,2017-11-20
2.46,2.46,2.46,0.0144329897,2017-11-21
2.47,2.47,2.47,0.0040650407,2017-11-22
2.458,2.458,2.458,-0.0048582996,2017-11-23
2.48,2.48,2.48,0.0089503662,2017-11-24
2.476,2.476,2.476,-0.0016129032,2017-11-27
2.531,2.531,2.531,0.0222132472,2017-11-28
2.572,2.572,2.572,0.0161991308,2017-11-29
2.588,2.588,2.588,0.0062208398,2017-11-30
2.606,2.606,2.606,0.0069551777,2017-12-01
2.602,2.602,2.602,-0.0015349194,2017-12-04
2.573,2.573,2.573,-0.0111452729,2017-12-05
2.561,2.561,2.561,-0.0046638166,2017-12-06
2.556,2.556,2.556,-0.0019523624,2017-12-07
2.585,2.585,2.585,0.0113458529,2017-12-08
2.616,2.616,2.616,0.0119922631,2017-12-11
2.604,2.604,2.604,-0.004587156,2017-12-12
2.615,2.615,2.615,0.0042242704,2017-12-13
2.614,2.614,2.614,-0.0003824092,2017-12-14
2.59,2.59,2.59,-0.0091813313,2017-12-15
2.585,2.585,2.585,-0.0019305019,2017-12-18
2.616,2.616,2.616,0.0119922631,2017-12-19
2.604,2.604,2.604,-0.004587156,2017-12-20
2.638,2.638,2.638,0.0130568356,2017-12-21
2.631,2.631,2.631,-0.0026535254,2017-12-22
2.609,2.609,2.609,-0.0083618396,2017-12-25
2.628,2.628,2.628,0.0072824837,2017-12-26
2.601,2.601,2.601,-0.0102739726,2017-12-27
2.619,2.619,2.619,0.0069204152,2017-12-28
2.63,2.63,2.63,0.0042000764,2017-12-29
2.669,2.669,2.669,0.0148288973,2018-01-02
2.687,2.687,2.687,0.0067440989,2018-01-03
2.69,2.69,2.69,0.0011164868,2018-01-04
2.701,2.701,2.701,0.0040892193,2018-01-05
2.715,2.715,2.715,0.0051832655,2018-01-08
2.722,2.722,2.722,0.0025782689,2018-01-09
2.722,2.722,2.722,0.0,2018-01-10
2.731,2.731,2.731,0.0033063924,2018-01-11
2.732,2.732,2.732,0.0003661662,2018-01-12
2.718,2.718,2.718,-0.005124451,2018-01-15
2.726,2.726,2.726,0.0029433407,2018-01-16
2.727,2.727,2.727,0.0003668379,2018-01-17
2.739,2.739,2.739,0.00440044,2018-01-18
2.753,2.753,2.753,0.0051113545,2018-01-19
2.779,2.779,2.779,0.0094442426,2018-01-22
2.802,2.802,2.802,0.0082763584,2018-01-23
2.816,2.816,2.816,0.0049964311,2018-01-24
2.805,2.805,2.805,-0.00390625,2018-01-25
2.819,2.819,2.819,0.0049910873,2018-01-26
2.765,2.765,2.765,-0.019155729,2018-01-29
2.739,2.739,2.739,-0.009403255,2018-01-30
2.738,2.738,2.738,-0.0003650968,2018-01-31
2.714,2.714,2.714,-0.0087655223,2018-02-01
2.738,2.738,2.738,0.0088430361,2018-02-02
2.732,2.732,2.732,-0.0021913806,2018-02-05
2.657,2.657,2.657,-0.0274524158,2018-02-06
2.599,2.599,2.599,-0.0218291306,2018-02-07
2.571,2.571,2.571,-0.0107733744,2018-02-08
2.429,2.429,2.429,-0.0552314275,2018-02-09
2.491,2.491,2.491,0.0255249074,2018-02-12
2.516,2.516,2.516,0.0100361301,2018-02-13
2.542,2.542,2.542,0.0103338633,2018-02-14
2.588,2.588,2.588,0.0180959874,2018-02-22
2.6,2.6,2.6,0.0046367852,2018-02-23
2.644,2.644,2.644,0.0169230769,2018-02-26
2.607,2.607,2.607,-0.0139939486,2018-02-27
2.591,2.591,2.591,-0.0061373226,2018-02-28
2.596,2.596,2.596,0.0019297569,2018-03-01
2.584,2.584,2.584,-0.0046224961,2018-03-02
2.576,2.576,2.576,-0.0030959752,2018-03-05
2.61,2.61,2.61,0.0131987578,2018-03-06
2.59,2.59,2.59,-0.0076628352,2018-03-07
2.612,2.612,2.612,0.0084942085,2018-03-08
2.643,2.643,2.643,0.0118683002,2018-03-09
2.659,2.659,2.659,0.0060537268,2018-03-12
2.635,2.635,2.635,-0.0090259496,2018-03-13
2.625,2.625,2.625,-0.0037950664,2018-03-14
2.63,2.63,2.63,0.0019047619,2018-03-15
2.613,2.613,2.613,-0.0064638783,2018-03-16
2.618,2.618,2.618,0.0019135094,2018-03-19
2.621,2.621,2.621,0.0011459129,2018-03-20
2.613,2.613,2.613,-0.0030522701,2018-03-21
2.584,2.584,2.584,-0.0110983544,2018-03-22
2.467,2.467,2.467,-0.0452786378,2018-03-23
2.495,2.495,2.495,0.0113498176,2018-03-26
2.518,2.518,2.518,0.0092184369,2018-03-27
2.48,2.48,2.48,-0.0150913423,2018-03-28
2.514,2.514,2.514,0.0137096774,2018-03-29
2.521,2.521,2.521,0.0027844073,2018-03-30
2.512,2.512,2.512,-0.0035700119,2018-04-02
2.499,2.499,2.499,-0.0051751592,2018-04-03
2.498,2.498,2.498,-0.0004001601,2018-04-04
2.496,2.496,2.496,-0.0008006405,2018-04-09
2.536,2.536,2.536,0.016025641,2018-04-10
2.558,2.558,2.558,0.0086750789,2018-04-11
2.537,2.537,2.537,-0.0082095387,2018-04-12
2.52,2.52,2.52,-0.0067008277,2018-04-13
2.478,2.478,2.478,-0.0166666667,2018-04-16
2.452,2.452,2.452,-0.0104923325,2018-04-17
2.456,2.456,2.456,0.0016313214,2018-04-18
2.482,2.482,2.482,0.0105863192,2018-04-19
2.446,2.446,2.446,-0.0145044319,2018-04-20
2.448,2.448,2.448,0.0008176615,2018-04-23
2.506,2.506,2.506,0.0236928105,2018-04-24
2.499,2.499,2.499,-0.0027932961,2018-04-25
2.458,2.458,2.458,-0.0164065626,2018-04-27
2.457,2.457,2.457,-0.0004068348,2018-05-02
2.485,2.485,2.485,0.0113960114,2018-05-03
2.469,2.469,2.469,-0.0064386318,2018-05-04
2.506,2.506,2.506,0.0149858242,2018-05-07
2.537,2.537,2.537,0.0123703113,2018-05-08
2.529,2.529,2.529,-0.0031533307,2018-05-09
2.547,2.547,2.547,0.0071174377,2018-05-10
2.527,2.527,2.527,-0.0078523753,2018-05-11
2.524,2.524,2.524,-0.0011871785,2018-05-14
2.551,2.551,2.551,0.0106973059,2018-05-15
2.539,2.539,2.539,-0.0047040376,2018-05-16
2.535,2.535,2.535,-0.0015754234,2018-05-17
2.552,2.552,2.552,0.0067061144,2018-05-18
2.592,2.592,2.592,0.0156739812,2018-05-22
2.564,2.564,2.564,-0.0108024691,2018-05-23
2.553,2.553,2.553,-0.0042901716,2018-05-24
2.537,2.537,2.537,-0.0062671367,2018-05-25
2.529,2.529,2.529,-0.0031533307,2018-05-28
2.513,2.513,2.513,-0.0063266113,2018-05-29
2.436,2.436,2.436,-0.0306406685,2018-05-30
2.48,2.48,2.48,0.0180623974,2018-05-31
2.466,2.466,2.466,-0.0056451613,2018-06-01
2.476,2.476,2.476,0.00405515,2018-06-04
2.508,2.508,2.508,0.0129240711,2018-06-05
2.509,2.509,2.509,0.0003987241,2018-06-06
2.496,2.496,2.496,-0.0051813472,2018-06-07
2.457,2.457,2.457,-0.015625,2018-06-08
2.444,2.444,2.444,-0.0052910053,2018-06-11
2.476,2.476,2.476,0.0130932897,2018-06-12
2.442,2.442,2.442,-0.0137318255,2018-06-13
2.433,2.433,2.433,-0.0036855037,2018-06-14
2.4,2.4,2.4,-0.0135635018,2018-06-15
2.259,2.259,2.259,-0.05875,2018-06-19
2.283,2.283,2.283,0.01062417,2018-06-20
2.256,2.256,2.256,-0.011826544,2018-06-21
2.283,2.283,2.283,0.0119680851,2018-06-22
2.272,2.272,2.272,-0.0048182216,2018-06-25
2.275,2.275,2.275,0.0013204225,2018-06-26
2.249,2.249,2.249,-0.0114285714,2018-06-27
2.224,2.224,2.224,-0.0111160516,2018-06-28
2.288,2.288,2.288,0.0287769784,2018-06-29
2.244,2.244,2.244,-0.0192307692,2018-07-02
2.265,2.265,2.265,0.0093582888,2018-07-03
2.228,2.228,2.228,-0.0163355408,2018-07-04
2.187,2.187,2.187,-0.0184021544,2018-07-05
2.196,2.196,2.196,0.0041152263,2018-07-06
2.251,2.251,2.251,0.0250455373,2018-07-09
2.273,2.273,2.273,0.009773434,2018-07-10
2.229,2.229,2.229,-0.0193576771,2018-07-11
2.287,2.287,2.287,0.0260206371,2018-07-12
2.3,2.3,2.3,0.0056843026,2018-07-13
2.298,2.298,2.298,-0.0008695652,2018-07-16
2.294,2.294,2.294,-0.001740644,2018-07-17
2.289,2.289,2.289,-0.002179599,2018-07-18
2.272,2.272,2.272,-0.0074268239,2018-07-19
2.304,2.304,2.304,0.014084507,2018-07-20
2.323,2.323,2.323,0.0082465278,2018-07-23
2.372,2.372,2.372,0.0210934137,2018-07-24
2.372,2.372,2.372,0.0,2018-07-25
2.366,2.366,2.366,-0.002529511,2018-07-26
2.354,2.354,2.354,-0.0050718512,2018-07-27
2.336,2.336,2.336,-0.007646559,2018-07-30
2.345,2.345,2.345,0.0038527397,2018-07-31
2.302,2.302,2.302,-0.018336887,2018-08-01
2.25,2.25,2.25,-0.022589053,2018-08-02
2.219,2.219,2.219,-0.0137777778,2018-08-03
2.176,2.176,2.176,-0.0193780982,2018-08-06
2.239,2.239,2.239,0.0289522059,2018-08-07
2.205,2.205,2.205,-0.0151853506,2018-08-08
2.253,2.253,2.253,0.0217687075,2018-08-09
2.262,2.262,2.262,0.0039946738,2018-08-10
2.261,2.261,2.261,-0.0004420866,2018-08-13
2.208,2.208,2.208,-0.0234409553,2018-08-15
2.186,2.186,2.186,-0.0099637681,2018-08-16
2.149,2.149,2.149,-0.016925892,2018-08-17
2.165,2.165,2.165,0.0074453234,2018-08-20
2.195,2.195,2.195,0.0138568129,2018-08-21
2.173,2.173,2.173,-0.010022779,2018-08-22
2.183,2.183,2.183,0.0046019328,2018-08-23
2.18,2.18,2.18,-0.0013742556,2018-08-24
2.229,2.229,2.229,0.0224770642,2018-08-27
2.231,2.231,2.231,0.0008972633,2018-08-28
2.22,2.22,2.22,-0.0049305244,2018-08-29
2.193,2.193,2.193,-0.0121621622,2018-08-30
2.175,2.175,2.175,-0.0082079343,2018-08-31
2.164,2.164,2.164,-0.0050574713,2018-09-03
2.153,2.153,2.153,-0.0050831793,2018-09-05
2.137,2.137,2.137,-0.0074314909,2018-09-06
2.145,2.145,2.145,0.0037435657,2018-09-07
2.112,2.112,2.112,-0.0153846154,2018-09-10
2.102,2.102,2.102,-0.0047348485,2018-09-11
2.099,2.099,2.099,-0.0014272122,2018-09-12
2.114,2.114,2.114,0.0071462601,2018-09-13
2.112,2.112,2.112,-0.0009460738,2018-09-14
2.08,2.08,2.08,-0.0151515152,2018-09-17
2.124,2.124,2.124,0.0211538462,2018-09-18
2.146,2.146,2.146,0.0103578154,2018-09-19
2.138,2.138,2.138,-0.0037278658,2018-09-20
2.182,2.182,2.182,0.0205799813,2018-09-21
2.172,2.172,2.172,-0.0045829514,2018-09-25
2.189,2.189,2.189,0.0078268877,2018-09-26
2.166,2.166,2.166,-0.0105070809,2018-09-27
2.188,2.188,2.188,0.0101569714,2018-09-28
2.106,2.106,2.106,-0.0374771481,2018-10-08
2.106,2.106,2.106,0.0,2018-10-09
2.11,2.11,2.11,0.0018993352,2018-10-10
1.981,1.981,1.981,-0.0611374408,2018-10-11
1.996,1.996,1.996,0.0075719334,2018-10-12
1.963,1.963,1.963,-0.0165330661,2018-10-15
1.922,1.922,1.922,-0.0208863984,2018-10-16
1.936,1.936,1.936,0.0072840791,2018-10-17
1.878,1.878,1.878,-0.0299586777,2018-10-18
1.924,1.924,1.924,0.0244941427,2018-10-19
2.014,2.014,2.014,0.0467775468,2018-10-22
1.975,1.975,1.975,-0.0193644489,2018-10-23
1.97,1.97,1.97,-0.0025316456,2018-10-24
1.957,1.957,1.957,-0.0065989848,2018-10-25
1.961,1.961,1.961,0.0020439448,2018-10-26
1.923,1.923,1.923,-0.0193778684,2018-10-29
1.937,1.937,1.937,0.0072802912,2018-10-30
1.97,1.97,1.97,0.0170366546,2018-10-31
1.982,1.982,1.982,0.0060913706,2018-11-01
2.049,2.049,2.049,0.0338042381,2018-11-02
2.053,2.053,2.053,0.0019521718,2018-11-05
2.049,2.049,2.049,-0.0019483682,2018-11-06
2.04,2.04,2.04,-0.0043923865,2018-11-07
2.034,2.034,2.034,-0.0029411765,2018-11-08
2.027,2.027,2.027,-0.0034414946,2018-11-09
2.077,2.077,2.077,0.0246669956,2018-11-12
2.108,2.108,2.108,0.0149253731,2018-11-13
2.104,2.104,2.104,-0.0018975332,2018-11-14
2.133,2.133,2.133,0.01378327,2018-11-15
2.147,2.147,2.147,0.0065635256,2018-11-16
2.162,2.162,2.162,0.0069864928,2018-11-19
2.107,2.107,2.107,-0.025439408,2018-11-20
2.12,2.12,2.12,0.0061699098,2018-11-21
2.119,2.119,2.119,-0.0004716981,2018-11-22
2.049,2.049,2.049,-0.0330344502,2018-11-23
2.042,2.042,2.042,-0.0034163006,2018-11-26
2.054,2.054,2.054,0.0058765916,2018-11-27
2.078,2.078,2.078,0.011684518,2018-11-28
2.04,2.04,2.04,-0.0182868142,2018-11-29
2.056,2.056,2.056,0.0078431373,2018-11-30
2.113,2.113,2.113,0.0277237354,2018-12-03
2.124,2.124,2.124,0.0052058684,2018-12-04
2.108,2.108,2.108,-0.0075329567,2018-12-05
2.077,2.077,2.077,-0.0147058824,2018-12-06
2.077,2.077,2.077,0.0,2018-12-07
2.058,2.058,2.058,-0.0091478093,2018-12-10
2.137,2.137,2.137,0.0383867833,2018-12-11
2.145,2.145,2.145,0.0037435657,2018-12-12
2.167,2.167,2.167,0.0102564103,2018-12-13
2.128,2.128,2.128,-0.0179972312,2018-12-14
2.114,2.114,2.114,-0.0065789474,2018-12-18
2.091,2.091,2.091,-0.0108798486,2018-12-19
2.093,2.093,2.093,0.0009564802,2018-12-20
2.075,2.075,2.075,-0.0086000956,2018-12-21
2.103,2.103,2.103,0.0134939759,2018-12-24
2.085,2.085,2.085,-0.0085592011,2018-12-25
2.079,2.079,2.079,-0.0028776978,2018-12-26
2.065,2.065,2.065,-0.0067340067,2018-12-27
2.056,2.056,2.056,-0.0043583535,2018-12-28
2.045,2.045,2.045,-0.0053501946,2019-01-02
2.042,2.042,2.042,-0.0014669927,2019-01-03
2.079,2.079,2.079,0.0181194907,2019-01-04
2.115,2.115,2.115,0.0173160173,2019-01-07
2.114,2.114,2.114,-0.0004728132,2019-01-08
2.12,2.12,2.12,0.0028382214,2019-01-09
2.118,2.118,2.118,-0.0009433962,2019-01-10
2.127,2.127,2.127,0.0042492918,2019-01-11
2.118,2.118,2.118,-0.0042313117,2019-01-14
2.142,2.142,2.142,0.0113314448,2019-01-15
2.136,2.136,2.136,-0.0028011204,2019-01-16
2.129,2.129,2.129,-0.0032771536,2019-01-17
2.185,2.185,2.185,0.0263034288,2019-01-18
2.189,2.189,2.189,0.0018306636,2019-01-21
2.171,2.171,2.171,-0.0082229328,2019-01-22
2.174,2.174,2.174,0.0013818517,2019-01-23
2.18,2.18,2.18,0.0027598896,2019-01-24
2.179,2.179,2.179,-0.0004587156,2019-01-25
2.172,2.172,2.172,-0.0032124828,2019-01-28
2.162,2.162,2.162,-0.0046040516,2019-01-29
2.155,2.155,2.155,-0.0032377428,2019-01-30
2.145,2.145,2.145,-0.0046403712,2019-01-31
2.173,2.173,2.173,0.0130536131,2019-02-01
2.194,2.194,2.194,0.0096640589,2019-02-11
2.199,2.199,2.199,0.0022789426,2019-02-12
2.218,2.218,2.218,0.008640291,2019-02-13
2.224,2.224,2.224,0.0027051398,2019-02-14
2.217,2.217,2.217,-0.003147482,2019-02-15
2.334,2.334,2.334,0.0527740189,2019-02-18
2.331,2.331,2.331,-0.001285347,2019-02-20
2.377,2.377,2.377,0.0197340197,2019-02-21
2.47,2.47,2.47,0.0391249474,2019-02-22
2.596,2.596,2.596,0.0510121457,2019-02-25
2.612,2.612,2.612,0.0061633282,2019-02-26
2.584,2.584,2.584,-0.010719755,2019-02-27
2.586,2.586,2.586,0.0007739938,2019-02-28
2.593,2.593,2.593,0.0027068832,2019-03-01
2.604,2.604,2.604,0.0042421905,2019-03-04
2.614,2.614,2.614,0.0038402458,2019-03-05
2.621,2.621,2.621,0.0026778883,2019-03-06
2.63,2.63,2.63,0.0034338039,2019-03-07
2.602,2.602,2.602,-0.0106463878,2019-03-08
2.614,2.614,2.614,0.004611837,2019-03-11
2.624,2.624,2.624,0.0038255547,2019-03-12
2.612,2.612,2.612,-0.0045731707,2019-03-13
2.597,2.597,2.597,-0.0057427259,2019-03-14
2.607,2.607,2.607,0.0038505968,2019-03-15
2.68,2.68,2.68,0.0280015343,2019-03-19
2.673,2.673,2.673,-0.0026119403,2019-03-20
2.684,2.684,2.684,0.0041152263,2019-03-21
2.752,2.752,2.752,0.0253353204,2019-03-22
2.737,2.737,2.737,-0.0054505814,2019-03-25
2.718,2.718,2.718,-0.0069419072,2019-03-26
2.724,2.724,2.724,0.0022075055,2019-03-27
2.726,2.726,2.726,0.0007342144,2019-03-28
2.771,2.771,2.771,0.0165077036,2019-03-29
2.799,2.799,2.799,0.0101046554,2019-04-01
2.819,2.819,2.819,0.0071454091,2019-04-02
2.982,2.982,2.982,0.0578219227,2019-04-03
3.017,3.017,3.017,0.0117370892,2019-04-04
3.004,3.004,3.004,-0.0043089161,2019-04-08
3.006,3.006,3.006,0.000665779,2019-04-09
3.028,3.028,3.028,0.0073186959,2019-04-10
2.985,2.985,2.985,-0.0142007926,2019-04-11
2.972,2.972,2.972,-0.0043551089,2019-04-12
2.961,2.961,2.961,-0.0037012113,2019-04-15
3.028,3.028,3.028,0.0226274907,2019-04-16
3.038,3.038,3.038,0.0033025099,2019-04-17
3.029,3.029,3.029,-0.0029624753,2019-04-18
3.039,3.039,3.039,0.0033014196,2019-04-19
2.991,2.991,2.991,-0.0157946693,2019-04-22
2.978,2.978,2.978,-0.0043463725,2019-04-23
2.979,2.979,2.979,0.0003357958,2019-04-24
2.929,2.929,2.929,-0.0167841558,2019-04-25
2.9,2.9,2.9,-0.0099009901,2019-04-26
2.889,2.889,2.889,-0.0037931034,2019-04-29
2.894,2.894,2.894,0.0017307027,2019-04-30
2.745,2.745,2.745,-0.0514858328,2019-05-06
2.782,2.782,2.782,0.0134790528,2019-05-07
2.781,2.781,2.781,-0.0003594536,2019-05-08
2.756,2.756,2.756,-0.0089895721,2019-05-09
2.828,2.828,2.828,0.0261248186,2019-05-10
2.792,2.792,2.792,-0.0127298444,2019-05-13
2.794,2.794,2.794,0.0007163324,2019-05-14
2.837,2.837,2.837,0.0153901217,2019-05-15
2.834,2.834,2.834,-0.0010574551,2019-05-16
2.763,2.763,2.763,-0.0250529287,2019-05-17
2.739,2.739,2.739,-0.0086862106,2019-05-20
2.776,2.776,2.776,0.0135085798,2019-05-21
2.757,2.757,2.757,-0.0068443804,2019-05-22
2.725,2.725,2.725,-0.011606819,2019-05-23
2.734,2.734,2.734,0.0033027523,2019-05-24
2.763,2.763,2.763,0.010607169,2019-05-27
2.77,2.77,2.77,0.0025334781,2019-05-28
2.783,2.783,2.783,0.0046931408,2019-05-29
2.76,2.76,2.76,-0.0082644628,2019-05-30
2.755,2.755,2.755,-0.0018115942,2019-05-31
2.759,2.759,2.759,0.0014519056,2019-06-03
2.74,2.74,2.74,-0.0068865531,2019-06-04
2.745,2.745,2.745,0.0018248175,2019-06-05
2.722,2.722,2.722,-0.0083788707,2019-06-06
2.748,2.748,2.748,0.0095518001,2019-06-10
2.832,2.832,2.832,0.0305676856,2019-06-11
2.812,2.812,2.812,-0.0070621469,2019-06-12
2.81,2.81,2.81,-0.0007112376,2019-06-13
2.789,2.789,2.789,-0.0074733096,2019-06-14
2.793,2.793,2.793,0.0014342058,2019-06-17
2.799,2.799,2.799,0.0021482277,2019-06-18
2.844,2.844,2.844,0.0160771704,2019-06-19
2.923,2.923,2.923,0.0277777778,2019-06-20
2.927,2.927,2.927,0.0013684571,2019-06-21
2.928,2.928,2.928,0.0003416467,2019-06-24
2.899,2.899,2.899,-0.0099043716,2019-06-25
2.901,2.901,2.901,0.0006898931,2019-06-26
2.923,2.923,2.923,0.0075835919,2019-06-27
2.925,2.925,2.925,0.0006842285,2019-06-28
3.0,3.0,3.0,0.0256410256,2019-07-01
3.001,3.001,3.001,0.0003333333,2019-07-02
2.976,2.976,2.976,-0.0083305565,2019-07-03
2.957,2.957,2.957,-0.0063844086,2019-07-04
2.976,2.976,2.976,0.0064254312,2019-07-05
2.916,2.916,2.916,-0.0201612903,2019-07-08
2.903,2.903,2.903,-0.0044581619,2019-07-09
2.9,2.9,2.9,-0.0010334137,2019-07-10
2.899,2.899,2.899,-0.0003448276,2019-07-11
2.926,2.926,2.926,0.0093135564,2019-07-12
2.933,2.933,2.933,0.0023923445,2019-07-15
2.926,2.926,2.926,-0.0023866348,2019-07-16
2.923,2.923,2.923,-0.0010252905,2019-07-17
2.906,2.906,2.906,-0.0058159425,2019-07-18
2.929,2.929,2.929,0.0079146593,2019-07-19
2.915,2.915,2.915,-0.0047797883,2019-07-22
2.917,2.917,2.917,0.0006861063,2019-07-23
2.937,2.937,2.937,0.0068563593,2019-07-24
2.959,2.959,2.959,0.0074906367,2019-07-25
2.97,2.97,2.97,0.0037174721,2019-07-26
2.964,2.964,2.964,-0.002020202,2019-07-29
2.982,2.982,2.982,0.0060728745,2019-07-30
2.96,2.96,2.96,-0.0073775989,2019-07-31
2.944,2.944,2.944,-0.0054054054,2019-08-01
2.916,2.916,2.916,-0.0095108696,2019-08-02
2.876,2.876,2.876,-0.0137174211,2019-08-05
2.846,2.846,2.846,-0.0104311544,2019-08-06
2.834,2.834,2.834,-0.0042164441,2019-08-07
2.869,2.869,2.869,0.0123500353,2019-08-08
2.857,2.857,2.857,-0.004182642,2019-08-09
2.902,2.902,2.902,0.0157507875,2019-08-12
2.874,2.874,2.874,-0.0096485183,2019-08-13
2.88,2.88,2.88,0.0020876827,2019-08-14
2.891,2.891,2.891,0.0038194444,2019-08-15
2.901,2.901,2.901,0.0034590107,2019-08-16
2.956,2.956,2.956,0.0189589797,2019-08-19
2.954,2.954,2.954,-0.00067659,2019-08-20
2.947,2.947,2.947,-0.0023696682,2019-08-21
2.955,2.955,2.955,0.002714625,2019-08-22
2.994,2.994,2.994,0.0131979695,2019-08-23
2.941,2.941,2.941,-0.0177020708,2019-08-26
2.965,2.965,2.965,0.0081604896,2019-08-27
2.944,2.944,2.944,-0.0070826307,2019-08-28
2.932,2.932,2.932,-0.004076087,2019-08-29
2.948,2.948,2.948,0.0054570259,2019-08-30
2.971,2.971,2.971,0.0078018996,2019-09-02
2.968,2.968,2.968,-0.001009761,2019-09-03
2.999,2.999,2.999,0.0104447439,2019-09-04
3.032,3.032,3.032,0.0110036679,2019-09-05
3.058,3.058,3.058,0.0085751979,2019-09-06
3.056,3.056,3.056,-0.0006540222,2019-09-09
3.045,3.045,3.045,-0.0035994764,2019-09-10
3.035,3.035,3.035,-0.0032840722,2019-09-11
3.073,3.073,3.073,0.0125205931,2019-09-12
3.054,3.054,3.054,-0.0061828832,2019-09-16
3.016,3.016,3.016,-0.0124426981,2019-09-17
3.029,3.029,3.029,0.0043103448,2019-09-18
3.031,3.031,3.031,0.0006602839,2019-09-19
3.038,3.038,3.038,0.0023094688,2019-09-20
3.007,3.007,3.007,-0.0102040816,2019-09-23
3.015,3.015,3.015,0.0026604589,2019-09-24
3.01,3.01,3.01,-0.0016583748,2019-09-25
3.009,3.009,3.009,-0.0003322259,2019-09-26
3.01,3.01,3.01,0.0003323363,2019-09-27
2.992,2.992,2.992,-0.0059800664,2019-09-30
3.012,3.012,3.012,0.006684492,2019-10-08
3.012,3.012,3.012,0.0,2019-10-09
3.029,3.029,3.029,0.0056440903,2019-10-10
3.071,3.071,3.071,0.0138659624,2019-10-11
3.103,3.103,3.103,0.0104200586,2019-10-14
3.106,3.106,3.106,0.0009668063,2019-10-15
3.096,3.096,3.096,-0.003219575,2019-10-16
3.101,3.101,3.101,0.0016149871,2019-10-17
3.057,3.057,3.057,-0.0141889713,2019-10-18
3.06,3.06,3.06,0.0009813543,2019-10-21
3.065,3.065,3.065,0.0016339869,2019-10-22
3.047,3.047,3.047,-0.0058727569,2019-10-23
3.053,3.053,3.053,0.00196915,2019-10-24
3.063,3.063,3.063,0.0032754668,2019-10-25
3.081,3.081,3.081,0.0058765916,2019-10-28
3.077,3.077,3.077,-0.0012982798,2019-10-29
3.064,3.064,3.064,-0.0042248944,2019-10-30
3.073,3.073,3.073,0.0029373368,2019-10-31
3.12,3.12,3.12,0.0152945005,2019-11-01
3.137,3.137,3.137,0.0054487179,2019-11-04
3.161,3.161,3.161,0.0076506216,2019-11-05
3.161,3.161,3.161,0.0,2019-11-06
3.164,3.164,3.164,0.0009490668,2019-11-07
3.149,3.149,3.149,-0.0047408344,2019-11-08
3.104,3.104,3.104,-0.0142902509,2019-11-11
3.105,3.105,3.105,0.0003221649,2019-11-12
3.103,3.103,3.103,-0.0006441224,2019-11-13
3.105,3.105,3.105,0.0006445375,2019-11-14
3.096,3.096,3.096,-0.0028985507,2019-11-15
3.143,3.143,3.143,0.0151808786,2019-11-18
3.165,3.165,3.165,0.0069996818,2019-11-19
3.138,3.138,3.138,-0.0085308057,2019-11-20
3.12,3.12,3.12,-0.0057361377,2019-11-21
3.094,3.094,3.094,-0.0083333333,2019-11-22
3.124,3.124,3.124,0.0096961862,2019-11-25
3.121,3.121,3.121,-0.0009603073,2019-11-26
3.116,3.116,3.116,-0.0016020506,2019-11-27
3.103,3.103,3.103,-0.0041720154,2019-11-28
3.069,3.069,3.069,-0.0109571383,2019-11-29
3.073,3.073,3.073,0.0013033561,2019-12-02
3.083,3.083,3.083,0.003254149,2019-12-03
3.077,3.077,3.077,-0.0019461563,2019-12-04
3.098,3.098,3.098,0.0068248294,2019-12-05
3.113,3.113,3.113,0.0048418334,2019-12-06
3.112,3.112,3.112,-0.0003212335,2019-12-09
3.116,3.116,3.116,0.001285347,2019-12-10
3.132,3.132,3.132,0.0051347882,2019-12-11
3.124,3.124,3.124,-0.0025542784,2019-12-12
3.184,3.184,3.184,0.019206146,2019-12-13
3.181,3.181,3.181,-0.0009422111,2019-12-16
3.217,3.217,3.217,0.0113171959,2019-12-17
3.208,3.208,3.208,-0.0027976376,2019-12-18
3.202,3.202,3.202,-0.0018703242,2019-12-19
3.198,3.198,3.198,-0.0012492192,2019-12-20
3.174,3.174,3.174,-0.0075046904,2019-12-23
3.184,3.184,3.184,0.0031505986,2019-12-24
3.174,3.174,3.174,-0.0031407035,2019-12-25
3.2,3.2,3.2,0.0081915564,2019-12-26
3.209,3.209,3.209,0.0028125,2019-12-27
3.249,3.249,3.249,0.0124649423,2019-12-30
3.253,3.253,3.253,0.001231148,2019-12-31
3.281,3.281,3.281,0.0086074393,2020-01-02
3.27,3.27,3.27,-0.0033526364,2020-01-03
3.249,3.249,3.249,-0.0064220183,2020-01-06
3.266,3.266,3.266,0.0052323792,2020-01-07
3.234,3.234,3.234,-0.0097979179,2020-01-08
3.259,3.259,3.259,0.0077303649,2020-01-09
3.262,3.262,3.262,0.0009205278,2020-01-10
3.278,3.278,3.278,0.0049049663,2020-01-13
3.274,3.274,3.274,-0.0012202563,2020-01-14
3.24,3.24,3.24,-0.0103848503,2020-01-16
3.254,3.254,3.254,0.0043209877,2020-01-17
3.27,3.27,3.27,0.0049170252,2020-01-20
3.223,3.223,3.223,-0.0143730887,2020-01-21
3.227,3.227,3.227,0.0012410797,2020-01-22
3.147,3.147,3.147,-0.0247908274,2020-01-23
2.937,2.937,2.937,-0.0667302193,2020-02-03
3.019,3.019,3.019,0.0279196459,2020-02-04
3.034,3.034,3.034,0.0049685326,2020-02-05
3.083,3.083,3.083,0.0161502966,2020-02-06
3.074,3.074,3.074,-0.0029192345,2020-02-07
3.07,3.07,3.07,-0.0013012362,2020-02-10
3.104,3.104,3.104,0.0110749186,2020-02-11
3.124,3.124,3.124,0.006443299,2020-02-12
3.113,3.113,3.113,-0.0035211268,2020-02-13
3.132,3.132,3.132,0.0061034372,2020-02-14
3.192,3.192,3.192,0.0191570881,2020-02-17
3.176,3.176,3.176,-0.0050125313,2020-02-18
3.176,3.176,3.176,0.0,2020-02-19
3.225,3.225,3.225,0.0154282116,2020-02-20
3.236,3.236,3.236,0.0034108527,2020-02-21
3.198,3.198,3.198,-0.0117428925,2020-02-24
3.176,3.176,3.176,-0.0068792996,2020-02-25
3.179,3.179,3.179,0.0009445844,2020-02-26
3.191,3.191,3.191,0.0037747719,2020-02-27
3.109,3.109,3.109,-0.0256972736,2020-02-28
3.197,3.197,3.197,0.0283049212,2020-03-02
3.206,3.206,3.206,0.0028151392,2020-03-03
3.23,3.23,3.23,0.0074859638,2020-03-04
3.303,3.303,3.303,0.0226006192,2020-03-05
3.251,3.251,3.251,-0.0157432637,2020-03-06
3.152,3.152,3.152,-0.0304521686,2020-03-09
3.209,3.209,3.209,0.0180837563,2020-03-10
3.174,3.174,3.174,-0.0109068246,2020-03-11
3.126,3.126,3.126,-0.0151228733,2020-03-12
3.08,3.08,3.08,-0.0147152911,2020-03-13
2.978,2.978,2.978,-0.0331168831,2020-03-16
2.965,2.965,2.965,-0.0043653459,2020-03-17
2.909,2.909,2.909,-0.0188870152,2020-03-18
2.848,2.848,2.848,-0.0209694053,2020-03-19
2.906,2.906,2.906,0.0203651685,2020-03-20
2.842,2.842,2.842,-0.0220233999,2020-03-23
2.918,2.918,2.918,0.0267417312,2020-03-24
2.98,2.98,2.98,0.0212474297,2020-03-25
2.97,2.97,2.97,-0.0033557047,2020-03-26
2.988,2.988,2.988,0.0060606061,2020-03-27
2.972,2.972,2.972,-0.0053547523,2020-03-30
2.971,2.971,2.971,-0.0003364738,2020-03-31
2.964,2.964,2.964,-0.0023561091,2020-04-01
2.997,2.997,2.997,0.0111336032,2020-04-02
2.989,2.989,2.989,-0.002669336,2020-04-03
3.039,3.039,3.039,0.0167280027,2020-04-07
3.025,3.025,3.025,-0.0046067785,2020-04-08
3.035,3.035,3.035,0.0033057851,2020-04-09
3.032,3.032,3.032,-0.0009884679,2020-04-10
3.022,3.022,3.022,-0.003298153,2020-04-13
3.062,3.062,3.062,0.0132362674,2020-04-14
3.046,3.046,3.046,-0.0052253429,2020-04-15
3.05,3.05,3.05,0.0013131976,2020-04-16
3.092,3.092,3.092,0.0137704918,2020-04-17
3.109,3.109,3.109,0.0054980595,2020-04-20
3.074,3.074,3.074,-0.0112576391,2020-04-21
3.091,3.091,3.091,0.0055302537,2020-04-22
3.088,3.088,3.088,-0.0009705597,2020-04-23
3.069,3.069,3.069,-0.0061528497,2020-04-24
3.103,3.103,3.103,0.0110785272,2020-04-27
3.123,3.123,3.123,0.0064453754,2020-04-28
3.146,3.146,3.146,0.0073647134,2020-04-29
3.171,3.171,3.171,0.0079465989,2020-04-30
3.168,3.168,3.168,-0.0009460738,2020-05-06
3.162,3.162,3.162,-0.0018939394,2020-05-07
3.187,3.187,3.187,0.0079063884,2020-05-08
3.196,3.196,3.196,0.0028239724,2020-05-11
3.191,3.191,3.191,-0.0015644556,2020-05-12
3.192,3.192,3.192,0.0003133814,2020-05-13
3.159,3.159,3.159,-0.0103383459,2020-05-14
3.145,3.145,3.145,-0.0044317822,2020-05-15
3.168,3.168,3.168,0.0073131955,2020-05-18
3.189,3.189,3.189,0.0066287879,2020-05-19
3.188,3.188,3.188,-0.0003135779,2020-05-20
3.18,3.18,3.18,-0.0025094103,2020-05-21
3.107,3.107,3.107,-0.0229559748,2020-05-22
3.119,3.119,3.119,0.0038622465,2020-05-25
3.139,3.139,3.139,0.0064123116,2020-05-26
3.128,3.128,3.128,-0.0035043007,2020-05-27
3.143,3.143,3.143,0.0047953964,2020-05-28
3.141,3.141,3.141,-0.0006363347,2020-05-29
3.207,3.207,3.207,0.0210124164,2020-06-01
3.228,3.228,3.228,0.0065481759,2020-06-02
3.235,3.235,3.235,0.0021685254,2020-06-03
3.228,3.228,3.228,-0.0021638331,2020-06-04
3.241,3.241,3.241,0.0040272615,2020-06-05
3.259,3.259,3.259,0.0055538414,2020-06-08
3.281,3.281,3.281,0.006750537,2020-06-09
3.27,3.27,3.27,-0.0033526364,2020-06-10
3.237,3.237,3.237,-0.0100917431,2020-06-11
3.249,3.249,3.249,0.0037071362,2020-06-12
3.203,3.203,3.203,-0.0141582025,2020-06-15
3.245,3.245,3.245,0.0131127068,2020-06-16
3.249,3.249,3.249,0.0012326656,2020-06-17
3.263,3.263,3.263,0.0043090182,2020-06-18
3.302,3.302,3.302,0.0119521912,2020-06-19
3.301,3.301,3.301,-0.0003028468,2020-06-22
3.308,3.308,3.308,0.0021205695,2020-06-23
3.335,3.335,3.335,0.0081620314,2020-06-24
3.314,3.314,3.314,-0.0062968516,2020-06-29
3.34,3.34,3.34,0.0078455039,2020-06-30
3.413,3.413,3.413,0.0218562874,2020-07-01
3.499,3.499,3.499,0.0251977732,2020-07-02
3.571,3.571,3.571,0.0205773078,2020-07-03
3.826,3.826,3.826,0.071408569,2020-07-06
3.822,3.822,3.822,-0.0010454783,2020-07-07
3.877,3.877,3.877,0.0143903715,2020-07-08
3.897,3.897,3.897,0.0051586278,2020-07-09
3.817,3.817,3.817,-0.0205286118,2020-07-10
3.856,3.856,3.856,0.0102174483,2020-07-13
3.82,3.82,3.82,-0.0093360996,2020-07-14
3.814,3.814,3.814,-0.0015706806,2020-07-15
3.72,3.72,3.72,-0.0246460409,2020-07-16
3.754,3.754,3.754,0.0091397849,2020-07-17
3.876,3.876,3.876,0.0324986681,2020-07-20
3.876,3.876,3.876,0.0,2020-07-21
3.895,3.895,3.895,0.0049019608,2020-07-22
3.889,3.889,3.889,-0.0015404365,2020-07-23
3.758,3.758,3.758,-0.0336847519,2020-07-24
3.757,3.757,3.757,-0.000266099,2020-07-27
3.78,3.78,3.78,0.0061219058,2020-07-28
3.85,3.85,3.85,0.0185185185,2020-07-29
3.841,3.841,3.841,-0.0023376623,2020-07-30
3.858,3.858,3.858,0.0044259307,2020-07-31
3.899,3.899,3.899,0.010627268,2020-08-03
3.937,3.937,3.937,0.0097460887,2020-08-04
3.907,3.907,3.907,-0.0076200152,2020-08-05
3.906,3.906,3.906,-0.0002559509,2020-08-06
3.891,3.891,3.891,-0.0038402458,2020-08-07
3.923,3.923,3.923,0.0082241069,2020-08-10
3.907,3.907,3.907,-0.0040785113,2020-08-11
3.884,3.884,3.884,-0.0058868697,2020-08-12
3.886,3.886,3.886,0.0005149331,2020-08-13
3.934,3.934,3.934,0.0123520329,2020-08-14
4.04,4.04,4.04,0.0269445857,2020-08-17
4.034,4.034,4.034,-0.0014851485,2020-08-18
3.979,3.979,3.979,-0.0136341101,2020-08-19
3.925,3.925,3.925,-0.0135712491,2020-08-20
3.948,3.948,3.948,0.0058598726,2020-08-21
3.965,3.965,3.965,0.0043059777,2020-08-24
3.978,3.978,3.978,0.0032786885,2020-08-25
3.945,3.945,3.945,-0.0082956259,2020-08-26
3.954,3.954,3.954,0.0022813688,2020-08-27
4.048,4.048,4.048,0.023773394,2020-08-28
4.029,4.029,4.029,-0.0046936759,2020-08-31
4.033,4.033,4.033,0.0009928022,2020-09-01
4.028,4.028,4.028,-0.0012397719,2020-09-02
4.016,4.016,4.016,-0.002979146,2020-09-03
3.989,3.989,3.989,-0.0067231076,2020-09-04
3.939,3.939,3.939,-0.0125344698,2020-09-07
3.977,3.977,3.977,0.0096471186,2020-09-08
3.923,3.923,3.923,-0.0135780739,2020-09-09
3.934,3.934,3.934,0.0028039765,2020-09-10
3.952,3.952,3.952,0.0045754957,2020-09-11
3.978,3.978,3.978,0.0065789474,2020-09-14
4.005,4.005,4.005,0.0067873303,2020-09-15
3.985,3.985,3.985,-0.0049937578,2020-09-16
3.959,3.959,3.959,-0.0065244668,2020-09-17
4.051,4.051,4.051,0.0232381915,2020-09-18
4.02,4.02,4.02,-0.0076524315,2020-09-21
3.976,3.976,3.976,-0.0109452736,2020-09-22
3.975,3.975,3.975,-0.0002515091,2020-09-23
3.917,3.917,3.917,-0.014591195,2020-09-24
3.931,3.931,3.931,0.0035741639,2020-09-25
3.956,3.956,3.956,0.0063597049,2020-09-28
3.953,3.953,3.953,-0.0007583418,2020-09-29
3.932,3.932,3.932,-0.0053124209,2020-09-30
3.992,3.992,3.992,0.01525941,2020-10-09
4.1,4.1,4.1,0.0270541082,2020-10-12
4.104,4.104,4.104,0.0009756098,2020-10-13
4.089,4.089,4.089,-0.0036549708,2020-10-14
4.093,4.093,4.093,0.0009782343,2020-10-15
4.104,4.104,4.104,0.0026875153,2020-10-16
4.078,4.078,4.078,-0.0063352827,2020-10-19
4.084,4.084,4.084,0.0014713095,2020-10-20
4.101,4.101,4.101,0.0041625857,2020-10-21
4.096,4.096,4.096,-0.0012192148,2020-10-22
4.081,4.081,4.081,-0.0036621094,2020-10-23
4.029,4.029,4.029,-0.012741975,2020-10-26
4.018,4.018,4.018,-0.002730206,2020-10-27
4.042,4.042,4.042,0.005973121,2020-10-28
4.061,4.061,4.061,0.0047006432,2020-10-29
4.004,4.004,4.004,-0.0140359517,2020-10-30
3.988,3.988,3.988,-0.003996004,2020-11-02
4.034,4.034,4.034,0.0115346038,2020-11-03
4.063,4.063,4.063,0.0071888944,2020-11-04
4.104,4.104,4.104,0.0100910657,2020-11-05
4.091,4.091,4.091,-0.0031676413,2020-11-06
4.161,4.161,4.161,0.0171107309,2020-11-09
4.158,4.158,4.158,-0.0007209805,2020-11-10
4.168,4.168,4.168,0.0024050024,2020-11-11
4.148,4.148,4.148,-0.0047984645,2020-11-12
4.078,4.078,4.078,-0.0168756027,2020-11-13
4.118,4.118,4.118,0.0098087298,2020-11-16
4.124,4.124,4.124,0.001457018,2020-11-17
4.144,4.144,4.144,0.0048496605,2020-11-18
4.174,4.174,4.174,0.0072393822,2020-11-19
4.176,4.176,4.176,0.0004791567,2020-11-20
4.243,4.243,4.243,0.0160440613,2020-11-23
4.22,4.22,4.22,-0.0054206929,2020-11-24
4.194,4.194,4.194,-0.0061611374,2020-11-25
4.221,4.221,4.221,0.0064377682,2020-11-26
4.28,4.28,4.28,0.0139777304,2020-11-27
4.262,4.262,4.262,-0.0042056075,2020-11-30
4.348,4.348,4.348,0.02017832,2020-12-01
4.345,4.345,4.345,-0.0006899724,2020-12-02
4.332,4.332,4.332,-0.0029919448,2020-12-03
4.333,4.333,4.333,0.0002308403,2020-12-04
4.299,4.299,4.299,-0.0078467574,2020-12-07
4.287,4.287,4.287,-0.0027913468,2020-12-08
4.257,4.257,4.257,-0.0069979006,2020-12-09
4.239,4.239,4.239,-0.0042283298,2020-12-10
4.203,4.203,4.203,-0.008492569,2020-12-11
4.246,4.246,4.246,0.0102307875,2020-12-14
4.25,4.25,4.25,0.0009420631,2020-12-15
4.273,4.273,4.273,0.0054117647,2020-12-16
4.339,4.339,4.339,0.0154458226,2020-12-17
4.305,4.305,4.305,-0.0078359069,2020-12-18
4.319,4.319,4.319,0.0032520325,2020-12-21
4.266,4.266,4.266,-0.0122713591,2020-12-22
4.29,4.29,4.29,0.005625879,2020-12-23
4.288,4.288,4.288,-0.0004662005,2020-12-24
4.319,4.319,4.319,0.0072294776,2020-12-25
4.333,4.333,4.333,0.0032414911,2020-12-28
4.323,4.323,4.323,-0.0023078698,2020-12-29
4.381,4.381,4.381,0.0134166088,2020-12-30
4.462,4.462,4.462,0.0184889295,2020-12-31
4.465,4.465,4.465,0.0006723442,2021-01-04
4.496,4.496,4.496,0.0069428891,2021-01-05
4.557,4.557,4.557,0.0135676157,2021-01-06
4.636,4.636,4.636,0.0173359666,2021-01-07
4.622,4.622,4.622,-0.0030198447,2021-01-08
4.608,4.608,4.608,-0.0030289918,2021-01-11
4.749,4.749,4.749,0.0305989583,2021-01-12
4.72,4.72,4.72,-0.0061065487,2021-01-13
4.652,4.652,4.652,-0.0144067797,2021-01-14
4.665,4.665,4.665,0.002794497,2021-01-15
4.696,4.696,4.696,0.0066452304,2021-01-18
4.645,4.645,4.645,-0.0108603066,2021-01-19
4.647,4.647,4.647,0.0004305705,2021-01-20
4.687,4.687,4.687,0.0086077039,2021-01-21
4.681,4.681,4.681,-0.0012801365,2021-01-22
4.737,4.737,4.737,0.0119632557,2021-01-25
4.649,4.649,4.649,-0.0185771585,2021-01-26
4.656,4.656,4.656,0.0015057002,2021-01-27
4.569,4.569,4.569,-0.018685567,2021-01-28
4.541,4.541,4.541,-0.0061282556,2021-01-29
4.582,4.582,4.582,0.0090288483,2021-02-01
4.606,4.606,4.606,0.0052378874,2021-02-02
4.617,4.617,4.617,0.0023881893,2021-02-03
4.645,4.645,4.645,0.0060645441,2021-02-04
4.702,4.702,4.702,0.0122712594,2021-02-05
4.749,4.749,4.749,0.0099957465,2021-02-08
4.811,4.811,4.811,0.0130553801,2021-02-09
4.902,4.902,4.902,0.0189149865,2021-02-10
4.897,4.897,4.897,-0.0010199918,2021-02-18
4.905,4.905,4.905,0.0016336533,2021-02-19
4.771,4.771,4.771,-0.0273190622,2021-02-22
4.78,4.78,4.78,0.001886397,2021-02-23
4.679,4.679,4.679,-0.0211297071,2021-02-24
4.739,4.739,4.739,0.0128232528,2021-02-25
4.644,4.644,4.644,-0.0200464233,2021-02-26
4.667,4.667,4.667,0.004952627,2021-03-01
4.584,4.584,4.584,-0.017784444,2021-03-02
4.7,4.7,4.7,0.0253054101,2021-03-03
4.586,4.586,4.586,-0.0242553191,2021-03-04
4.569,4.569,4.569,-0.0037069341,2021-03-05
4.434,4.434,4.434,-0.0295469468,2021-03-08
4.373,4.373,4.373,-0.0137573297,2021-03-09
4.393,4.393,4.393,0.0045735193,2021-03-10
4.486,4.486,4.486,0.0211700433,2021-03-11
4.5,4.5,4.5,0.0031208203,2021-03-12
4.428,4.428,4.428,-0.016,2021-03-15
4.466,4.466,4.466,0.0085817525,2021-03-16
4.453,4.453,4.453,-0.0029108822,2021-03-17
4.466,4.466,4.466,0.0029193802,2021-03-18
4.358,4.358,4.358,-0.0241827138,2021-03-19
4.396,4.396,4.396,0.0087195961,2021-03-22
4.374,4.374,4.374,-0.0050045496,2021-03-23
4.325,4.325,4.325,-0.0112025606,2021-03-24
4.32,4.32,4.32,-0.0011560694,2021-03-25
4.397,4.397,4.397,0.0178240741,2021-03-26
4.403,4.403,4.403,0.0013645668,2021-03-29
4.442,4.442,4.442,0.0088575971,2021-03-30
4.403,4.403,4.403,-0.0087798289,2021-03-31
4.454,4.454,4.454,0.0115830116,2021-04-01
4.484,4.484,4.484,0.0067355186,2021-04-02
4.461,4.461,4.461,-0.0051293488,2021-04-06
4.422,4.422,4.422,-0.0087424344,2021-04-07
4.442,4.442,4.442,0.0045228403,2021-04-08
4.377,4.377,4.377,-0.0146330482,2021-04-09
4.343,4.343,4.343,-0.0077678775,2021-04-12
4.324,4.324,4.324,-0.0043748561,2021-04-13
4.337,4.337,4.337,0.0030064755,2021-04-14
4.292,4.292,4.292,-0.0103758358,2021-04-15
4.32,4.32,4.32,0.0065237651,2021-04-16
4.394,4.394,4.394,0.0171296296,2021-04-19
4.389,4.389,4.389,-0.0011379153,2021-04-20
4.394,4.394,4.394,0.0011392117,2021-04-21
4.365,4.365,4.365,-0.006599909,2021-04-22
4.405,4.405,4.405,0.009163803,2021-04-23
4.348,4.348,4.348,-0.0129398411,2021-04-26
4.356,4.356,4.356,0.0018399264,2021-04-27
4.348,4.348,4.348,-0.0018365473,2021-04-28
4.404,4.404,4.404,0.0128794848,2021-04-29
4.374,4.374,4.374,-0.0068119891,2021-04-30
4.335,4.335,4.335,-0.0089163237,2021-05-06
4.294,4.294,4.294,-0.0094579008,2021-05-07
4.287,4.287,4.287,-0.0016301816,2021-05-10
4.329,4.329,4.329,0.0097970609,2021-05-11
4.341,4.341,4.341,0.0027720028,2021-05-12
4.303,4.303,4.303,-0.0087537434,2021-05-13
4.403,4.403,4.403,0.0232396003,2021-05-14
4.444,4.444,4.444,0.0093118328,2021-05-17
4.442,4.442,4.442,-0.000450045,2021-05-18
4.413,4.413,4.413,-0.0065285907,2021-05-19
4.428,4.428,4.428,0.0033990483,2021-05-20
4.383,4.383,4.383,-0.0101626016,2021-05-21
4.399,4.399,4.399,0.0036504677,2021-05-24
4.56,4.56,4.56,0.0365992271,2021-05-25
4.582,4.582,4.582,0.0048245614,2021-05-26
4.593,4.593,4.593,0.0024006984,2021-05-27
4.578,4.578,4.578,-0.0032658393,2021-05-28
4.568,4.568,4.568,-0.00218436,2021-05-31
4.567,4.567,4.567,-0.0002189142,2021-06-01
4.537,4.537,4.537,-0.0065688636,2021-06-02
4.51,4.51,4.51,-0.005951069,2021-06-03
4.529,4.529,4.529,0.0042128603,2021-06-04
4.515,4.515,4.515,-0.0030911901,2021-06-07
4.499,4.499,4.499,-0.0035437431,2021-06-08
4.507,4.507,4.507,0.0017781729,2021-06-09
4.508,4.508,4.508,0.0002218771,2021-06-11
4.451,4.451,4.451,-0.0126441881,2021-06-15
4.419,4.419,4.419,-0.0071893956,2021-06-16
4.409,4.409,4.409,-0.0022629554,2021-06-17
4.39,4.39,4.39,-0.0043093672,2021-06-18
4.363,4.363,4.363,-0.0061503417,2021-06-21
4.402,4.402,4.402,0.0089388036,2021-06-22
4.42,4.42,4.42,0.0040890504,2021-06-23
4.434,4.434,4.434,0.0031674208,2021-06-24
4.499,4.499,4.499,0.0146594497,2021-06-25
4.474,4.474,4.474,-0.0055567904,2021-06-28
4.438,4.438,4.438,-0.0080464908,2021-06-29
4.451,4.451,4.451,0.0029292474,2021-06-30
4.355,4.355,4.355,-0.0215681869,2021-07-02
4.345,4.345,4.345,-0.0022962113,2021-07-05
4.362,4.362,4.362,0.0039125432,2021-07-06
4.385,4.385,4.385,0.0052728106,2021-07-07
4.321,4.321,4.321,-0.0145952109,2021-07-09
4.343,4.343,4.343,0.005091414,2021-07-12
4.358,4.358,4.358,0.0034538338,2021-07-13
4.297,4.297,4.297,-0.0139972464,2021-07-14
4.338,4.338,4.338,0.0095415406,2021-07-16
4.352,4.352,4.352,0.0032272937,2021-07-19
4.344,4.344,4.344,-0.0018382353,2021-07-20
4.351,4.351,4.351,0.001611418,2021-07-21
4.329,4.329,4.329,-0.0050563089,2021-07-23
4.187,4.187,4.187,-0.0328020328,2021-07-26
4.078,4.078,4.078,-0.0260329592,2021-07-27
4.098,4.098,4.098,0.0049043649,2021-07-28
4.071,4.071,4.071,-0.0065885798,2021-07-30
4.149,4.149,4.149,0.0191599116,2021-08-02
4.171,4.171,4.171,0.0053024825,2021-08-03
4.176,4.176,4.176,0.0011987533,2021-08-04
4.172,4.172,4.172,-0.0009578544,2021-08-05
4.148,4.148,4.148,-0.0057526366,2021-08-06
4.203,4.203,4.203,0.0132594021,2021-08-09
4.259,4.259,4.259,0.0133238163,2021-08-10
4.241,4.241,4.241,-0.0042263442,2021-08-11
4.199,4.199,4.199,-0.0099033247,2021-08-12
4.199,4.199,4.199,0.0,2021-08-13
4.211,4.211,4.211,0.0028578233,2021-08-16
4.135,4.135,4.135,-0.0180479696,2021-08-17
4.191,4.191,4.191,0.0135429262,2021-08-18
4.125,4.125,4.125,-0.0157480315,2021-08-19
4.054,4.054,4.054,-0.0172121212,2021-08-20
4.081,4.081,4.081,0.0066600888,2021-08-23
4.128,4.128,4.128,0.0115167851,2021-08-24
4.14,4.14,4.14,0.0029069767,2021-08-25
4.065,4.065,4.065,-0.018115942,2021-08-26
4.109,4.109,4.109,0.0108241082,2021-08-27
4.08,4.08,4.08,-0.0070576783,2021-08-30
4.085,4.085,4.085,0.0012254902,2021-08-31
4.191,4.191,4.191,0.0259485924,2021-09-01
4.203,4.203,4.203,0.0028632785,2021-09-02
4.215,4.215,4.215,0.0028551035,2021-09-03
4.255,4.255,4.255,0.009489917,2021-09-06
4.273,4.273,4.273,0.0042303173,2021-09-08
4.256,4.256,4.256,-0.0039784695,2021-09-09
4.305,4.305,4.305,0.0115131579,2021-09-10
4.304,4.304,4.304,-0.000232288,2021-09-13
4.202,4.202,4.202,-0.0236988848,2021-09-15
4.183,4.183,4.183,-0.0045216564,2021-09-16
4.215,4.215,4.215,0.007650012,2021-09-17
4.183,4.183,4.183,-0.0075919336,2021-09-22
4.185,4.185,4.185,0.0004781257,2021-09-23
4.19,4.19,4.19,0.0011947431,2021-09-24
4.226,4.226,4.226,0.0085918854,2021-09-27
4.247,4.247,4.247,0.0049692381,2021-09-28
4.231,4.231,4.231,-0.0037673652,2021-09-29
4.229,4.229,4.229,-0.0004727015,2021-09-30
4.29,4.29,4.29,0.0144242138,2021-10-08
4.329,4.329,4.329,0.0090909091,2021-10-11
4.333,4.333,4.333,0.0009240009,2021-10-13
4.351,4.351,4.351,0.0041541657,2021-10-15
4.31,4.31,4.31,-0.0094231211,2021-10-18
4.321,4.321,4.321,0.0025522042,2021-10-20
4.317,4.317,4.317,-0.0009257116,2021-10-21
4.342,4.342,4.342,0.0057910586,2021-10-22
4.346,4.346,4.346,0.0009212345,2021-10-25
4.281,4.281,4.281,-0.0149562816,2021-10-27
4.264,4.264,4.264,-0.0039710348,2021-10-28
4.297,4.297,4.297,0.007739212,2021-10-29
4.321,4.321,4.321,0.0055852921,2021-11-01
4.246,4.246,4.246,-0.0173570933,2021-11-03
4.272,4.272,4.272,0.0061234103,2021-11-05
4.279,4.279,4.279,0.0016385768,2021-11-08
4.259,4.259,4.259,-0.0046739892,2021-11-10
4.335,4.335,4.335,0.0178445645,2021-11-11
4.358,4.358,4.358,0.0053056517,2021-11-12
4.385,4.385,4.385,0.0061955025,2021-11-15
4.388,4.388,4.388,0.0006841505,2021-11-17
4.384,4.384,4.384,-0.000911577,2021-11-19
4.381,4.381,4.381,-0.0006843066,2021-11-22
4.511,4.511,4.511,0.0296735905,2021-11-24
4.468,4.468,4.468,-0.0095322545,2021-11-26
4.536,4.536,4.536,0.0152193375,2021-11-29
4.565,4.565,4.565,0.0063932981,2021-12-01
4.555,4.555,4.555,-0.0021905805,2021-12-02
4.605,4.605,4.605,0.0109769484,2021-12-03
4.566,4.566,4.566,-0.0084690554,2021-12-06
4.593,4.593,4.593,0.005913272,2021-12-07
4.625,4.625,4.625,0.0069671239,2021-12-08
4.663,4.663,4.663,0.0082162162,2021-12-09
4.694,4.694,4.694,0.0066480806,2021-12-10
4.702,4.702,4.702,0.0017043034,2021-12-13
4.799,4.799,4.799,0.0206295194,2021-12-14
4.774,4.774,4.774,-0.0052094186,2021-12-15
4.775,4.775,4.775,0.000209468,2021-12-16
4.738,4.738,4.738,-0.0077486911,2021-12-17
4.691,4.691,4.691,-0.0099197974,2021-12-20
4.757,4.757,4.757,0.0140694948,2021-12-21
4.769,4.769,4.769,0.0025225983,2021-12-22
4.777,4.777,4.777,0.0016775005,2021-12-23
4.781,4.781,4.781,0.0008373456,2021-12-24
4.779,4.779,4.779,-0.0004183225,2021-12-27
4.791,4.791,4.791,0.0025109856,2021-12-28
4.825,4.825,4.825,0.0070966395,2021-12-29
4.832,4.832,4.832,0.0014507772,2021-12-30
4.904,4.904,4.904,0.0149006623,2021-12-31
5.008,5.008,5.008,0.0212071778,2022-01-04
5.053,5.053,5.053,0.008985623,2022-01-05
5.006,5.006,5.006,-0.0093014051,2022-01-06
5.01,5.01,5.01,0.0007990412,2022-01-07
4.981,4.981,4.981,-0.0057884232,2022-01-10
4.929,4.929,4.929,-0.0104396707,2022-01-11
5.033,5.033,5.033,0.0210996145,2022-01-12
5.026,5.026,5.026,-0.0013908206,2022-01-13
5.124,5.124,5.124,0.0194986072,2022-01-14
5.265,5.265,5.265,0.0275175644,2022-01-17
5.202,5.202,5.202,-0.011965812,2022-01-18
5.204,5.204,5.204,0.0003844675,2022-01-19
5.228,5.228,5.228,0.004611837,2022-01-20
5.225,5.225,5.225,-0.0005738332,2022-01-21
5.024,5.024,5.024,-0.0384688995,2022-01-24
4.997,4.997,4.997,-0.0053742038,2022-01-25
4.825,4.825,4.825,-0.0344206524,2022-01-26
4.617,4.617,4.617,-0.0431088083,2022-01-27
4.588,4.588,4.588,-0.0062811349,2022-01-28
4.664,4.664,4.664,0.016564952,2022-02-07
4.707,4.707,4.707,0.009219554,2022-02-08
4.85,4.85,4.85,0.0303802847,2022-02-09
4.82,4.82,4.82,-0.006185567,2022-02-10
4.709,4.709,4.709,-0.0230290456,2022-02-11
4.694,4.694,4.694,-0.0031853897,2022-02-14
4.707,4.707,4.707,0.002769493,2022-02-15
4.753,4.753,4.753,0.009772679,2022-02-16
4.76,4.76,4.76,0.0014727541,2022-02-18
4.832,4.832,4.832,0.0151260504,2022-02-21
4.748,4.748,4.748,-0.017384106,2022-02-22
4.803,4.803,4.803,0.0115838248,2022-02-23
4.694,4.694,4.694,-0.0226941495,2022-02-25
4.726,4.726,4.726,0.0068172135,2022-02-28
4.756,4.756,4.756,0.0063478629,2022-03-01
4.791,4.791,4.791,0.0073591253,2022-03-02
4.754,4.754,4.754,-0.0077228136,2022-03-04
4.717,4.717,4.717,-0.0077829196,2022-03-07
4.524,4.524,4.524,-0.0409158363,2022-03-09
4.634,4.634,4.634,0.0243147657,2022-03-11
4.576,4.576,4.576,-0.0125161847,2022-03-14
4.414,4.414,4.414,-0.0354020979,2022-03-15
4.464,4.464,4.464,0.011327594,2022-03-16
4.65,4.65,4.65,0.0416666667,2022-03-18
4.659,4.659,4.659,0.0019354839,2022-03-22
4.541,4.541,4.541,-0.0253273235,2022-03-25
4.505,4.505,4.505,-0.0079277692,2022-03-28
4.471,4.471,4.471,-0.0075471698,2022-03-29
4.568,4.568,4.568,0.0216953702,2022-04-01
4.415,4.415,4.415,-0.0334938704,2022-04-08
4.298,4.298,4.298,-0.0265005663,2022-04-11
4.356,4.356,4.356,0.0134946487,2022-04-12
4.257,4.257,4.257,-0.0227272727,2022-04-13
4.284,4.284,4.284,0.0063424947,2022-04-14
4.237,4.237,4.237,-0.0109710551,2022-04-15
4.239,4.239,4.239,0.0004720321,2022-04-18
4.256,4.256,4.256,0.0040103798,2022-04-19
4.212,4.212,4.212,-0.0103383459,2022-04-20
4.09,4.09,4.09,-0.0289648623,2022-04-21
4.096,4.096,4.096,0.0014669927,2022-04-22
3.797,3.797,3.797,-0.0729980469,2022-04-25
3.755,3.755,3.755,-0.0110613642,2022-04-26
3.857,3.857,3.857,0.0271637816,2022-04-27
3.934,3.934,3.934,0.0199637024,2022-04-29
3.978,3.978,3.978,0.011184545,2022-05-05
3.94,3.94,3.94,-0.009552539,2022-05-06
3.963,3.963,3.963,0.0058375635,2022-05-09
4.001,4.001,4.001,0.0095886954,2022-05-10
4.025,4.025,4.025,0.0059985004,2022-05-11
4.053,4.053,4.053,0.0069565217,2022-05-12
4.05,4.05,4.05,-0.0007401925,2022-05-13
4.039,4.039,4.039,-0.0027160494,2022-05-16
4.056,4.056,4.056,0.0042089626,2022-05-17
4.056,4.056,4.056,0.0,2022-05-18
4.061,4.061,4.061,0.0012327416,2022-05-19
4.094,4.094,4.094,0.0081260773,2022-05-20
4.082,4.082,4.082,-0.0029311187,2022-05-23
3.978,3.978,3.978,-0.025477707,2022-05-24
4.035,4.035,4.035,0.0143288084,2022-05-25
4.055,4.055,4.055,0.0049566295,2022-05-26
4.058,4.058,4.058,0.0007398274,2022-05-27
4.079,4.079,4.079,0.005174963,2022-05-30
4.096,4.096,4.096,0.0041676882,2022-05-31
4.129,4.129,4.129,0.0080566406,2022-06-01
4.169,4.169,4.169,0.0096875757,2022-06-02
4.249,4.249,4.249,0.019189254,2022-06-06
4.261,4.261,4.261,0.0028241939,2022-06-07
4.33,4.33,4.33,0.0161933818,2022-06-08
4.325,4.325,4.325,-0.0011547344,2022-06-09
4.331,4.331,4.331,0.0013872832,2022-06-10
4.329,4.329,4.329,-0.0004617871,2022-06-13
4.313,4.313,4.313,-0.0036960037,2022-06-14
4.332,4.332,4.332,0.0044052863,2022-06-15
4.318,4.318,4.318,-0.0032317636,2022-06-16
4.352,4.352,4.352,0.0078740157,2022-06-17
4.378,4.378,4.378,0.0059742647,2022-06-20
4.362,4.362,4.362,-0.0036546368,2022-06-21
4.347,4.347,4.347,-0.0034387895,2022-06-22
4.379,4.379,4.379,0.0073613987,2022-06-23
4.399,4.399,4.399,0.0045672528,2022-06-24
4.396,4.396,4.396,-0.0006819732,2022-06-27
4.436,4.436,4.436,0.0090991811,2022-06-28
4.398,4.398,4.398,-0.0085662759,2022-06-29
4.443,4.443,4.443,0.0102319236,2022-06-30
4.436,4.436,4.436,-0.001575512,2022-07-01
4.484,4.484,4.484,0.0108205591,2022-07-04
4.418,4.418,4.418,-0.0147190009,2022-07-05
4.36,4.36,4.36,-0.0131281123,2022-07-06
4.353,4.353,4.353,-0.0016055046,2022-07-07
4.356,4.356,4.356,0.0006891799,2022-07-08
4.332,4.332,4.332,-0.0055096419,2022-07-11
4.266,4.266,4.266,-0.0152354571,2022-07-12
4.285,4.285,4.285,0.0044538209,2022-07-13
4.273,4.273,4.273,-0.0028004667,2022-07-14
4.256,4.256,4.256,-0.0039784695,2022-07-15
4.307,4.307,4.307,0.0119830827,2022-07-18
4.343,4.343,4.343,0.0083584862,2022-07-19
4.349,4.349,4.349,0.0013815335,2022-07-20
4.33,4.33,4.33,-0.0043688204,2022-07-21
4.328,4.328,4.328,-0.0004618938,2022-07-22
4.317,4.317,4.317,-0.0025415896,2022-07-25
4.301,4.301,4.301,-0.0037062775,2022-07-26
4.299,4.299,4.299,-0.0004650081,2022-07-27
4.332,4.332,4.332,0.0076762038,2022-07-28
4.31,4.31,4.31,-0.0050784857,2022-07-29
4.297,4.297,4.297,-0.0030162413,2022-08-01
4.266,4.266,4.266,-0.0072143356,2022-08-02
4.213,4.213,4.213,-0.0124238162,2022-08-03
4.25,4.25,4.25,0.0087823404,2022-08-05
4.264,4.264,4.264,0.0032941176,2022-08-08
4.266,4.266,4.266,0.0004690432,2022-08-09
4.25,4.25,4.25,-0.003750586,2022-08-10
4.288,4.288,4.288,0.0089411765,2022-08-11
4.286,4.286,4.286,-0.0004664179,2022-08-12
4.286,4.286,4.286,0.0,2022-08-15
4.293,4.293,4.293,0.0016332245,2022-08-16
4.317,4.317,4.317,0.0055904962,2022-08-17
4.323,4.323,4.323,0.0013898541,2022-08-18
4.306,4.306,4.306,-0.0039324543,2022-08-19
4.296,4.296,4.296,-0.0023223409,2022-08-22
4.294,4.294,4.294,-0.0004655493,2022-08-23
4.242,4.242,4.242,-0.0121099208,2022-08-24
4.269,4.269,4.269,0.0063649222,2022-08-25
4.245,4.245,4.245,-0.0056219255,2022-08-26
4.237,4.237,4.237,-0.0018845701,2022-08-29
4.228,4.228,4.228,-0.0021241444,2022-08-30
4.212,4.212,4.212,-0.0037842952,2022-08-31
4.187,4.187,4.187,-0.0059354226,2022-09-02
4.185,4.185,4.185,-0.000477669,2022-09-05
4.209,4.209,4.209,0.005734767,2022-09-06
4.234,4.234,4.234,0.0059396531,2022-09-07
4.218,4.218,4.218,-0.0037789325,2022-09-08
4.236,4.236,4.236,0.0042674253,2022-09-09
4.25,4.25,4.25,0.0033050047,2022-09-13
4.228,4.228,4.228,-0.0051764706,2022-09-14
4.198,4.198,4.198,-0.0070955535,2022-09-15
4.15,4.15,4.15,-0.0114340162,2022-09-16
4.136,4.136,4.136,-0.003373494,2022-09-19
4.148,4.148,4.148,0.002901354,2022-09-20
4.14,4.14,4.14,-0.0019286403,2022-09-21
4.137,4.137,4.137,-0.0007246377,2022-09-22
4.129,4.129,4.129,-0.0019337684,2022-09-23
4.125,4.125,4.125,-0.0009687576,2022-09-26
4.166,4.166,4.166,0.0099393939,2022-09-27
4.141,4.141,4.141,-0.0060009602,2022-09-28
4.141,4.141,4.141,0.0,2022-09-29
4.135,4.135,4.135,-0.0014489254,2022-09-30
4.089,4.089,4.089,-0.0111245466,2022-10-10
4.099,4.099,4.099,0.0024455857,2022-10-11
4.132,4.132,4.132,0.0080507441,2022-10-12
4.126,4.126,4.126,-0.0014520813,2022-10-13
4.185,4.185,4.185,0.0142995637,2022-10-14
4.197,4.197,4.197,0.0028673835,2022-10-17
4.197,4.197,4.197,0.0,2022-10-18
4.176,4.176,4.176,-0.005003574,2022-10-19
4.162,4.162,4.162,-0.0033524904,2022-10-20
4.152,4.152,4.152,-0.002402691,2022-10-21
4.108,4.108,4.108,-0.0105973025,2022-10-24
4.112,4.112,4.112,0.0009737098,2022-10-25
4.138,4.138,4.138,0.0063229572,2022-10-26
4.106,4.106,4.106,-0.0077332044,2022-10-27
4.041,4.041,4.041,-0.015830492,2022-10-28
4.037,4.037,4.037,-0.000989854,2022-10-31
4.117,4.117,4.117,0.0198166956,2022-11-01
4.13,4.13,4.13,0.0031576391,2022-11-03
4.199,4.199,4.199,0.0167070218,2022-11-04
4.209,4.209,4.209,0.0023815194,2022-11-07
4.185,4.185,4.185,-0.005702067,2022-11-08
4.197,4.197,4.197,0.0028673835,2022-11-09
4.211,4.211,4.211,0.003335716,2022-11-10
4.241,4.241,4.241,0.0071241985,2022-11-11
4.237,4.237,4.237,-0.0009431738,2022-11-14
4.272,4.272,4.272,0.0082605617,2022-11-15
4.252,4.252,4.252,-0.0046816479,2022-11-16
4.233,4.233,4.233,-0.0044684854,2022-11-17
4.227,4.227,4.227,-0.0014174344,2022-11-18
4.217,4.217,4.217,-0.002365744,2022-11-21
4.209,4.209,4.209,-0.0018970832,2022-11-22
4.216,4.216,4.216,0.0016631029,2022-11-23
4.219,4.219,4.219,0.000711575,2022-11-24
4.215,4.215,4.215,-0.000948092,2022-11-25
4.194,4.194,4.194,-0.0049822064,2022-11-28
4.256,4.256,4.256,0.0147830234,2022-11-29
4.258,4.258,4.258,0.0004699248,2022-11-30
4.271,4.271,4.271,0.0030530766,2022-12-01
4.27,4.27,4.27,-0.0002341372,2022-12-02
4.301,4.301,4.301,0.0072599532,2022-12-05
4.305,4.305,4.305,0.0009300163,2022-12-06
4.292,4.292,4.292,-0.0030197445,2022-12-07
4.293,4.293,4.293,0.0002329916,2022-12-08
4.308,4.308,4.308,0.0034940601,2022-12-09
4.299,4.299,4.299,-0.0020891365,2022-12-12
4.3,4.3,4.3,0.0002326122,2022-12-13
4.295,4.295,4.295,-0.0011627907,2022-12-14
4.291,4.291,4.291,-0.0009313155,2022-12-15
4.278,4.278,4.278,-0.0030295968,2022-12-16
4.238,4.238,4.238,-0.0093501636,2022-12-19
4.209,4.209,4.209,-0.0068428504,2022-12-20
4.212,4.212,4.212,0.0007127584,2022-12-21
4.209,4.209,4.209,-0.0007122507,2022-12-22
4.189,4.189,4.189,-0.0047517225,2022-12-23
4.203,4.203,4.203,0.0033420864,2022-12-26
4.22,4.22,4.22,0.00404473,2022-12-27
4.209,4.209,4.209,-0.0026066351,2022-12-28
4.202,4.202,4.202,-0.0016631029,2022-12-29
4.224,4.224,4.224,0.0052356021,2022-12-30
4.245,4.245,4.245,0.0049715909,2023-01-03
4.249,4.249,4.249,0.000942285,2023-01-04
4.3,4.3,4.3,0.0120028242,2023-01-05
4.315,4.315,4.315,0.0034883721,2023-01-06
4.343,4.343,4.343,0.0064889919,2023-01-09
4.337,4.337,4.337,-0.0013815335,2023-01-10
4.324,4.324,4.324,-0.0029974637,2023-01-11
4.33,4.33,4.33,0.0013876041,2023-01-12
4.353,4.353,4.353,0.0053117783,2023-01-13
4.424,4.424,4.424,0.0163105904,2023-01-16
4.421,4.421,4.421,-0.0006781193,2023-01-17
4.407,4.407,4.407,-0.0031667044,2023-01-18
4.422,4.422,4.422,0.003403676,2023-01-19
4.447,4.447,4.447,0.0056535504,2023-01-20
4.455,4.455,4.455,0.0017989656,2023-01-30
4.43,4.43,4.43,-0.0056116723,2023-01-31
4.448,4.448,4.448,0.0040632054,2023-02-01
4.403,4.403,4.403,-0.0101169065,2023-02-03
4.36,4.36,4.36,-0.0097660686,2023-02-06
4.368,4.368,4.368,0.0018348624,2023-02-07
4.356,4.356,4.356,-0.0027472527,2023-02-08
4.396,4.396,4.396,0.0091827365,2023-02-09
4.38,4.38,4.38,-0.0036396724,2023-02-10
4.401,4.401,4.401,0.0047945205,2023-02-13
4.416,4.416,4.416,0.0034083163,2023-02-14
4.391,4.391,4.391,-0.0056612319,2023-02-15
4.374,4.374,4.374,-0.0038715555,2023-02-16
4.338,4.338,4.338,-0.0082304527,2023-02-17
4.422,4.422,4.422,0.0193637621,2023-02-20
4.439,4.439,4.439,0.0038444143,2023-02-21
4.402,4.402,4.402,-0.0083352106,2023-02-22
4.398,4.398,4.398,-0.0009086779,2023-02-23
4.359,4.359,4.359,-0.0088676671,2023-02-24
4.349,4.349,4.349,-0.0022941042,2023-02-27
4.369,4.369,4.369,0.0045987583,2023-02-28
4.407,4.407,4.407,0.0086976425,2023-03-01
4.407,4.407,4.407,0.0,2023-03-02
4.41,4.41,4.41,0.0006807352,2023-03-03
4.379,4.379,4.379,-0.0070294785,2023-03-06
4.336,4.336,4.336,-0.0098195935,2023-03-07
4.316,4.316,4.316,-0.0046125461,2023-03-08
4.297,4.297,4.297,-0.0044022243,2023-03-09
4.249,4.249,4.249,-0.0111705841,2023-03-10
4.277,4.277,4.277,0.0065897858,2023-03-13
4.252,4.252,4.252,-0.0058452186,2023-03-14
4.258,4.258,4.258,0.0014111007,2023-03-15
4.222,4.222,4.222,-0.0084546736,2023-03-16
4.238,4.238,4.238,0.0037896731,2023-03-17
4.22,4.22,4.22,-0.0042472865,2023-03-20
4.26,4.26,4.26,0.009478673,2023-03-21
4.274,4.274,4.274,0.003286385,2023-03-22
4.293,4.293,4.293,0.0044454843,2023-03-23
4.282,4.282,4.282,-0.0025623107,2023-03-24
4.265,4.265,4.265,-0.0039701074,2023-03-27
4.262,4.262,4.262,-0.0007033998,2023-03-28
4.256,4.256,4.256,-0.0014077898,2023-03-29
4.288,4.288,4.288,0.007518797,2023-03-30
4.293,4.293,4.293,0.0011660448,2023-03-31
4.308,4.308,4.308,0.0034940601,2023-04-03
4.312,4.312,4.312,0.0009285051,2023-04-04
4.301,4.301,4.301,-0.0025510204,2023-04-06
4.326,4.326,4.326,0.0058126017,2023-04-07
4.319,4.319,4.319,-0.001618123,2023-04-10
4.313,4.313,4.313,-0.0013892105,2023-04-11
4.301,4.301,4.301,-0.0027822861,2023-04-12
4.302,4.302,4.302,0.0002325041,2023-04-13
4.315,4.315,4.315,0.0030218503,2023-04-14
4.371,4.371,4.371,0.0129779838,2023-04-17
4.379,4.379,4.379,0.0018302448,2023-04-18
4.351,4.351,4.351,-0.0063941539,2023-04-19
4.331,4.331,4.331,-0.0045966444,2023-04-20
4.267,4.267,4.267,-0.0147771877,2023-04-21
4.225,4.225,4.225,-0.009842981,2023-04-24
4.209,4.209,4.209,-0.0037869822,2023-04-25
4.215,4.215,4.215,0.0014255167,2023-04-26
4.257,4.257,4.257,0.0099644128,2023-04-27
4.3,4.3,4.3,0.0101010101,2023-04-28
4.323,4.323,4.323,0.0053488372,2023-05-04
4.301,4.301,4.301,-0.0050890585,2023-05-05
4.35,4.35,4.35,0.0113926994,2023-05-08
4.32,4.32,4.32,-0.0068965517,2023-05-09
4.276,4.276,4.276,-0.0101851852,2023-05-11
4.227,4.227,4.227,-0.0114593078,2023-05-12
4.288,4.288,4.288,0.0144310386,2023-05-15
4.273,4.273,4.273,-0.0034981343,2023-05-16
4.249,4.249,4.249,-0.0056166628,2023-05-17
4.249,4.249,4.249,0.0,2023-05-18
4.242,4.242,4.242,-0.0016474465,2023-05-19
4.265,4.265,4.265,0.0054219708,2023-05-22
4.212,4.212,4.212,-0.0124267292,2023-05-23
4.163,4.163,4.163,-0.0116334283,2023-05-24
4.135,4.135,4.135,-0.0067259188,2023-05-25
4.151,4.151,4.151,0.0038694075,2023-05-26
4.137,4.137,4.137,-0.0033726813,2023-05-29
4.132,4.132,4.132,-0.0012086053,2023-05-30
4.088,4.088,4.088,-0.0106485963,2023-05-31
4.158,4.158,4.158,0.0171232877,2023-06-02
4.143,4.143,4.143,-0.0036075036,2023-06-05
4.102,4.102,4.102,-0.0098962105,2023-06-06
4.1,4.1,4.1,-0.000487567,2023-06-07
4.122,4.122,4.122,0.0053658537,2023-06-08
4.142,4.142,4.142,0.0048520136,2023-06-09
4.147,4.147,4.147,0.0012071463,2023-06-12
4.159,4.159,4.159,0.0028936581,2023-06-13
4.159,4.159,4.159,0.0,2023-06-14
4.21,4.21,4.21,0.0122625631,2023-06-15
4.244,4.244,4.244,0.0080760095,2023-06-16
4.21,4.21,4.21,-0.0080113101,2023-06-19
4.197,4.197,4.197,-0.003087886,2023-06-20
4.143,4.143,4.143,-0.0128663331,2023-06-21
4.089,4.089,4.089,-0.0130340333,2023-06-26
4.114,4.114,4.114,0.0061139643,2023-06-27
4.124,4.124,4.124,0.0024307244,2023-06-28
4.132,4.132,4.132,0.0019398642,2023-06-30
4.175,4.175,4.175,0.0104065828,2023-07-03
4.182,4.182,4.182,0.0016766467,2023-07-04
4.161,4.161,4.161,-0.0050215208,2023-07-05
4.119,4.119,4.119,-0.0100937275,2023-07-07
4.135,4.135,4.135,0.003884438,2023-07-10
4.164,4.164,4.164,0.0070133011,2023-07-11
4.15,4.15,4.15,-0.0033621518,2023-07-12
4.208,4.208,4.208,0.0139759036,2023-07-13
4.204,4.204,4.204,-0.0009505703,2023-07-14
4.174,4.174,4.174,-0.0071360609,2023-07-17
4.171,4.171,4.171,-0.000718735,2023-07-18
4.176,4.176,4.176,0.0011987533,2023-07-19
4.15,4.15,4.15,-0.0062260536,2023-07-20
4.16,4.16,4.16,0.0024096386,2023-07-21
4.145,4.145,4.145,-0.0036057692,2023-07-24
4.247,4.247,4.247,0.0246079614,2023-07-25
4.24,4.24,4.24,-0.0016482223,2023-07-26
4.231,4.231,4.231,-0.0021226415,2023-07-27
4.324,4.324,4.324,0.0219806192,2023-07-28
4.339,4.339,4.339,0.0034690102,2023-07-31
4.332,4.332,4.332,-0.0016132749,2023-08-01
4.302,4.302,4.302,-0.0069252078,2023-08-02
4.33,4.33,4.33,0.0065086007,2023-08-03
4.343,4.343,4.343,0.0030023095,2023-08-04
4.323,4.323,4.323,-0.0046051117,2023-08-07
4.313,4.313,4.313,-0.0023132084,2023-08-08
4.302,4.302,4.302,-0.0025504289,2023-08-09
4.299,4.299,4.299,-0.0006973501,2023-08-10
4.209,4.209,4.209,-0.0209351012,2023-08-11
4.19,4.19,4.19,-0.0045141364,2023-08-14
4.182,4.182,4.182,-0.0019093079,2023-08-15
4.156,4.156,4.156,-0.006217121,2023-08-16
4.17,4.17,4.17,0.0033686237,2023-08-17
4.12,4.12,4.12,-0.0119904077,2023-08-18
4.07,4.07,4.07,-0.0121359223,2023-08-21
4.092,4.092,4.092,0.0054054054,2023-08-22
4.04,4.04,4.04,-0.0127077224,2023-08-23
4.061,4.061,4.061,0.0051980198,2023-08-24
4.052,4.052,4.052,-0.0022162029,2023-08-25
4.099,4.099,4.099,0.0115992103,2023-08-28
4.14,4.14,4.14,0.0100024396,2023-08-29
4.135,4.135,4.135,-0.0012077295,2023-08-30
4.118,4.118,4.118,-0.0041112455,2023-08-31
4.138,4.138,4.138,0.0048567266,2023-09-01
4.204,4.204,4.204,0.0159497342,2023-09-04
4.174,4.174,4.174,-0.0071360609,2023-09-06
4.129,4.129,4.129,-0.0107810254,2023-09-07
4.114,4.114,4.114,-0.0036328409,2023-09-08
4.147,4.147,4.147,0.0080213904,2023-09-11
4.144,4.144,4.144,-0.0007234145,2023-09-12
4.125,4.125,4.125,-0.0045849421,2023-09-14
4.114,4.114,4.114,-0.0026666667,2023-09-15
4.133,4.133,4.133,0.0046183763,2023-09-18
4.104,4.104,4.104,-0.0070166949,2023-09-20
4.069,4.069,4.069,-0.0085282651,2023-09-21
4.151,4.151,4.151,0.0201523716,2023-09-22
4.119,4.119,4.119,-0.0077089858,2023-09-25
4.099,4.099,4.099,-0.0048555475,2023-09-26
4.118,4.118,4.118,0.0046352769,2023-09-27
4.099,4.099,4.099,-0.0046138902,2023-09-28
4.083,4.083,4.083,-0.0039033911,2023-10-09
4.061,4.061,4.061,-0.005388195,2023-10-10
4.067,4.067,4.067,0.0014774686,2023-10-11
4.1,4.1,4.1,0.008114089,2023-10-12
4.069,4.069,4.069,-0.0075609756,2023-10-13
4.044,4.044,4.044,-0.0061440157,2023-10-17
4.018,4.018,4.018,-0.0064292779,2023-10-18
3.938,3.938,3.938,-0.0199104032,2023-10-19
3.913,3.913,3.913,-0.0063484002,2023-10-20
3.857,3.857,3.857,-0.0143112701,2023-10-23
3.88,3.88,3.88,0.0059631838,2023-10-24
3.899,3.899,3.899,0.0048969072,2023-10-25
3.913,3.913,3.913,0.0035906643,2023-10-26
3.964,3.964,3.964,0.0130334781,2023-10-27
3.974,3.974,3.974,0.0025227043,2023-10-30
3.965,3.965,3.965,-0.0022647207,2023-10-31
3.971,3.971,3.971,0.0015132409,2023-11-01
3.956,3.956,3.956,-0.003777386,2023-11-02
3.986,3.986,3.986,0.0075834176,2023-11-03
4.028,4.028,4.028,0.0105368791,2023-11-06
4.021,4.021,4.021,-0.0017378352,2023-11-07
4.01,4.01,4.01,-0.0027356379,2023-11-08
4.007,4.007,4.007,-0.0007481297,2023-11-09
3.98,3.98,3.98,-0.0067382081,2023-11-10
3.981,3.981,3.981,0.0002512563,2023-11-13
4.014,4.014,4.014,0.0082893745,2023-11-15
3.978,3.978,3.978,-0.0089686099,2023-11-17
3.993,3.993,3.993,0.0037707391,2023-11-20
4.001,4.001,4.001,0.0020035061,2023-11-21
3.966,3.966,3.966,-0.008747813,2023-11-22
3.987,3.987,3.987,0.0052950076,2023-11-23
3.96,3.96,3.96,-0.006772009,2023-11-24
3.937,3.937,3.937,-0.0058080808,2023-11-27
3.941,3.941,3.941,0.001016002,2023-11-28
3.923,3.923,3.923,-0.0045673687,2023-11-29
3.92,3.92,3.92,-0.0007647209,2023-12-01
3.9,3.9,3.9,-0.0051020408,2023-12-04
3.837,3.837,3.837,-0.0161538462,2023-12-05
3.839,3.839,3.839,0.0005212406,2023-12-06
3.834,3.834,3.834,-0.0013024225,2023-12-07
3.847,3.847,3.847,0.0033907147,2023-12-08
3.871,3.871,3.871,0.0062386275,2023-12-11
3.888,3.888,3.888,0.0043916301,2023-12-12
3.831,3.831,3.831,-0.0146604938,2023-12-13
3.816,3.816,3.816,-0.0039154268,2023-12-14
3.805,3.805,3.805,-0.0028825996,2023-12-15
3.795,3.795,3.795,-0.0026281209,2023-12-18
3.794,3.794,3.794,-0.0002635046,2023-12-19
3.771,3.771,3.771,-0.0060622035,2023-12-20
3.802,3.802,3.802,0.0082206311,2023-12-21
3.804,3.804,3.804,0.0005260389,2023-12-22
3.806,3.806,3.806,0.0005257624,2023-12-25
3.784,3.784,3.784,-0.0057803468,2023-12-26
3.792,3.792,3.792,0.0021141649,2023-12-27
3.882,3.882,3.882,0.0237341772,2023-12-29
3.849,3.849,3.849,-0.0085007728,2024-01-02
3.792,3.792,3.792,-0.0148090413,2024-01-05
3.734,3.734,3.734,-0.0152953586,2024-01-09
3.725,3.725,3.725,-0.0024102839,2024-01-10
3.747,3.747,3.747,0.0059060403,2024-01-11
3.736,3.736,3.736,-0.0029356819,2024-01-15
3.659,3.659,3.659,-0.0206102784,2024-01-17
3.649,3.649,3.649,-0.0027329872,2024-01-18
3.682,3.682,3.682,0.0090435736,2024-01-19
3.571,3.571,3.571,-0.0301466594,2024-01-22
3.624,3.624,3.624,0.014841781,2024-01-23
3.661,3.661,3.661,0.010209713,2024-01-24
3.773,3.773,3.773,0.0305927342,2024-01-25
3.759,3.759,3.759,-0.0037105751,2024-01-26
3.724,3.724,3.724,-0.009310987,2024-01-29
3.658,3.658,3.658,-0.0177228786,2024-01-30
3.608,3.608,3.608,-0.0136686714,2024-01-31
3.591,3.591,3.591,-0.0047117517,2024-02-01
3.516,3.516,3.516,-0.0208855472,2024-02-02
3.699,3.699,3.699,0.0520477816,2024-02-06
3.828,3.828,3.828,0.0348742903,2024-02-07
3.871,3.871,3.871,0.0112330199,2024-02-08
3.878,3.878,3.878,0.0018083183,2024-02-20
3.931,3.931,3.931,0.0136668386,2024-02-21
3.958,3.958,3.958,0.0068684813,2024-02-22
3.967,3.967,3.967,0.0022738757,2024-02-23
3.933,3.933,3.933,-0.0085707083,2024-02-28
3.992,3.992,3.992,0.0150012713,2024-02-29
4.009,4.009,4.009,0.004258517,2024-03-01
4.011,4.011,4.011,0.0004988775,2024-03-04
4.016,4.016,4.016,0.0012465719,2024-03-06
3.988,3.988,3.988,-0.0069721116,2024-03-07
4.008,4.008,4.008,0.0050150451,2024-03-08
4.053,4.053,4.053,0.0112275449,2024-03-11
4.053,4.053,4.053,0.0,2024-03-12
4.034,4.034,4.034,-0.0046878855,2024-03-13
4.02,4.02,4.02,-0.0034705007,2024-03-14
4.045,4.045,4.045,0.0062189055,2024-03-15
4.076,4.076,4.076,0.0076637824,2024-03-18
4.047,4.047,4.047,-0.0071148184,2024-03-19
4.055,4.055,4.055,0.0019767729,2024-03-20
4.049,4.049,4.049,-0.0014796547,2024-03-21
4.003,4.003,4.003,-0.0113608298,2024-03-22
3.979,3.979,3.979,-0.0059955034,2024-03-25
3.979,3.979,3.979,0.0,2024-03-26
3.939,3.939,3.939,-0.0100527771,2024-03-27
3.978,3.978,3.978,0.0099009901,2024-03-29
4.03,4.03,4.03,0.0130718954,2024-04-02
4.022,4.022,4.022,-0.0019851117,2024-04-03
3.989,3.989,3.989,-0.0082048732,2024-04-08
3.985,3.985,3.985,-0.0010027576,2024-04-09
3.972,3.972,3.972,-0.0032622334,2024-04-11
4.0,4.0,4.0,0.0070493454,2024-04-15
3.96,3.96,3.96,-0.01,2024-04-16
4.018,4.018,4.018,0.0146464646,2024-04-17
4.038,4.038,4.038,0.0049776008,2024-04-18
4.006,4.006,4.006,-0.0079247152,2024-04-19
3.982,3.982,3.982,-0.0059910135,2024-04-24
3.993,3.993,3.993,0.0027624309,2024-04-25
4.062,4.062,4.062,0.0172802404,2024-04-26
4.112,4.112,4.112,0.0123092073,2024-04-29
4.091,4.091,4.091,-0.0051070039,2024-04-30
4.109,4.109,4.109,0.0043999022,2024-05-08
4.153,4.153,4.153,0.0107082015,2024-05-09
4.139,4.139,4.139,-0.0033710571,2024-05-13
4.099,4.099,4.099,-0.0096641701,2024-05-15
4.148,4.148,4.148,0.0119541352,2024-05-17
4.168,4.168,4.168,0.0048216008,2024-05-20
4.148,4.148,4.148,-0.0047984645,2024-05-21
4.15,4.15,4.15,0.0004821601,2024-05-22
4.056,4.056,4.056,-0.0226506024,2024-05-24
4.085,4.085,4.085,0.0071499014,2024-05-27
4.066,4.066,4.066,-0.0046511628,2024-05-28
4.071,4.071,4.071,0.0012297098,2024-05-29
4.056,4.056,4.056,-0.0036845984,2024-05-30
4.051,4.051,4.051,-0.0012327416,2024-05-31
4.071,4.071,4.071,0.0049370526,2024-06-04
4.047,4.047,4.047,-0.0058953574,2024-06-05
4.032,4.032,4.032,-0.0037064492,2024-06-06
4.016,4.016,4.016,-0.003968254,2024-06-07
3.993,3.993,3.993,-0.0057270916,2024-06-11
3.995,3.995,3.995,0.0005008765,2024-06-12
4.001,4.001,4.001,0.0015018773,2024-06-14
3.983,3.983,3.983,-0.0044988753,2024-06-17
3.988,3.988,3.988,0.0012553352,2024-06-18
3.945,3.945,3.945,-0.010782347,2024-06-21
3.914,3.914,3.914,-0.0078580482,2024-06-24
3.913,3.913,3.913,-0.0002554931,2024-06-26
3.882,3.882,3.882,-0.0079223102,2024-06-27
3.893,3.893,3.893,0.0028335909,2024-06-28
3.919,3.919,3.919,0.006678654,2024-07-01
3.902,3.902,3.902,-0.0043378413,2024-07-03
3.871,3.871,3.871,-0.0079446438,2024-07-04
3.863,3.863,3.863,-0.0020666494,2024-07-05
3.928,3.928,3.928,0.0168263008,2024-07-12
3.921,3.921,3.921,-0.0017820774,2024-07-15
3.933,3.933,3.933,0.0030604438,2024-07-16
3.934,3.934,3.934,0.0002542588,2024-07-17
3.949,3.949,3.949,0.0038129131,2024-07-18
3.965,3.965,3.965,0.0040516586,2024-07-19
3.875,3.875,3.875,-0.0226986129,2024-07-23
3.837,3.837,3.837,-0.0098064516,2024-07-26
3.824,3.824,3.824,-0.0033880636,2024-07-29
3.91,3.91,3.91,0.0224895397,2024-07-31
3.886,3.886,3.886,-0.0061381074,2024-08-01
3.808,3.808,3.808,-0.0200720535,2024-08-05
3.809,3.809,3.809,0.000262605,2024-08-06
3.814,3.814,3.814,0.0013126805,2024-08-07
3.824,3.824,3.824,0.0026219192,2024-08-08
3.808,3.808,3.808,-0.0041841004,2024-08-09
3.807,3.807,3.807,-0.000262605,2024-08-12
3.804,3.804,3.804,-0.0007880221,2024-08-13
3.814,3.814,3.814,0.0026288118,2024-08-15
3.819,3.819,3.819,0.0013109596,2024-08-16
3.793,3.793,3.793,-0.0068080649,2024-08-20
3.784,3.784,3.784,-0.002372792,2024-08-21
3.766,3.766,3.766,-0.004756871,2024-08-22
3.782,3.782,3.782,0.0042485396,2024-08-23
3.78,3.78,3.78,-0.0005288207,2024-08-26
3.766,3.766,3.766,-0.0037037037,2024-08-27
3.755,3.755,3.755,-0.002920871,2024-08-28
3.818,3.818,3.818,0.0167776298,2024-08-30
3.746,3.746,3.746,-0.0188580409,2024-09-02
3.749,3.749,3.749,0.0008008542,2024-09-03
3.73,3.73,3.73,-0.0050680181,2024-09-04
3.74,3.74,3.74,0.0026809651,2024-09-05
3.707,3.707,3.707,-0.0088235294,2024-09-06
3.668,3.668,3.668,-0.0105206366,2024-09-09
3.671,3.671,3.671,0.0008178844,2024-09-10
3.661,3.661,3.661,-0.0027240534,2024-09-11
3.634,3.634,3.634,-0.0073750341,2024-09-13
3.645,3.645,3.645,0.0030269675,2024-09-18
3.68,3.68,3.68,0.0096021948,2024-09-19
3.682,3.682,3.682,0.0005434783,2024-09-23
3.904,3.904,3.904,0.0602933188,2024-09-25
4.104,4.104,4.104,0.0512295082,2024-09-26
4.35,4.35,4.35,0.0599415205,2024-09-27
4.695,4.695,4.695,0.0793103448,2024-09-30
4.841,4.841,4.841,0.0310969116,2024-10-08
4.555,4.555,4.555,-0.0590787027,2024-10-09
4.458,4.458,4.458,-0.0212952799,2024-10-11
4.534,4.534,4.534,0.0170480036,2024-10-14
4.43,4.43,4.43,-0.0229378033,2024-10-15
4.421,4.421,4.421,-0.0020316027,2024-10-16
4.373,4.373,4.373,-0.0108572721,2024-10-17
4.553,4.553,4.553,0.0411616739,2024-10-18
4.539,4.539,4.539,-0.0030748957,2024-10-21
4.545,4.545,4.545,0.0013218771,2024-10-24
4.581,4.581,4.581,0.0079207921,2024-10-25
4.604,4.604,4.604,0.0050207378,2024-10-28
4.577,4.577,4.577,-0.0058644657,2024-10-29
4.55,4.55,4.55,-0.0058990605,2024-10-30
4.579,4.579,4.579,0.0063736264,2024-11-01
4.622,4.622,4.622,0.0093906967,2024-11-04
4.74,4.74,4.74,0.0255300736,2024-11-05
4.729,4.729,4.729,-0.0023206751,2024-11-06
4.85,4.85,4.85,0.0255868048,2024-11-07
4.824,4.824,4.824,-0.0053608247,2024-11-11
4.765,4.765,4.765,-0.0122305141,2024-11-12
4.642,4.642,4.642,-0.0258132214,2024-11-15
4.618,4.618,4.618,-0.0051701853,2024-11-19
4.647,4.647,4.647,0.0062797748,2024-11-20
4.648,4.648,4.648,0.0002151926,2024-11-21
4.596,4.596,4.596,-0.0111876076,2024-12-05
4.691,4.691,4.691,0.020670148,2024-12-11
4.738,4.738,4.738,0.0100191857,2024-12-12
4.65,4.65,4.65,-0.0185732377,2024-12-13
4.607,4.607,4.607,-0.0092473118,2024-12-16
4.601,4.601,4.601,-0.001302366,2024-12-17
4.631,4.631,4.631,0.0065203217,2024-12-18
4.629,4.629,4.629,-0.0004318722,2024-12-20
4.616,4.616,4.616,-0.0028083819,2024-12-23
4.662,4.662,4.662,0.009965338,2024-12-24
4.667,4.667,4.667,0.0010725011,2024-12-26
4.672,4.672,4.672,0.001071352,2024-12-27
4.688,4.688,4.688,0.0034246575,2024-12-30
4.466,4.466,4.466,-0.0473549488,2025-01-02
4.395,4.395,4.395,-0.0158978952,2025-01-06
4.425,4.425,4.425,0.0068259386,2025-01-07
4.416,4.416,4.416,-0.0020338983,2025-01-09
4.374,4.374,4.374,-0.0095108696,2025-01-10
4.361,4.361,4.361,-0.0029721079,2025-01-13
4.47,4.47,4.47,0.0249942674,2025-01-14
4.449,4.449,4.449,-0.0046979866,2025-01-15
4.446,4.446,4.446,-0.0006743088,2025-01-16
4.469,4.469,4.469,0.0051731894,2025-01-17
4.483,4.483,4.483,0.0031326919,2025-01-21
4.449,4.449,4.449,-0.007584207,2025-01-22
4.495,4.495,4.495,0.0103394021,2025-01-24
4.461,4.461,4.461,-0.00756396,2025-02-05
4.528,4.528,4.528,0.015019054,2025-02-06
4.577,4.577,4.577,0.0108215548,2025-02-07
4.642,4.642,4.642,0.014201442,2025-02-12
4.669,4.669,4.669,0.0058164584,2025-02-14
4.666,4.666,4.666,-0.0006425359,2025-02-17
4.629,4.629,4.629,-0.0079297042,2025-02-18
4.666,4.666,4.666,0.0079930871,2025-02-20
4.732,4.732,4.732,0.0141448778,2025-02-21
4.698,4.698,4.698,-0.0071851226,2025-02-26
4.699,4.699,4.699,0.0002128565,2025-02-27
4.616,4.616,4.616,-0.0176633326,2025-03-03
4.628,4.628,4.628,0.0025996534,2025-03-04
4.722,4.722,4.722,0.0203111495,2025-03-06
4.686,4.686,4.686,-0.0076238882,2025-03-10
4.706,4.706,4.706,0.0042680324,2025-03-11
4.708,4.708,4.708,0.0004249894,2025-03-12
4.676,4.676,4.676,-0.0067969414,2025-03-13
4.793,4.793,4.793,0.0250213858,2025-03-14
4.799,4.799,4.799,0.0012518256,2025-03-18
4.795,4.795,4.795,-0.000833507,2025-03-19
4.694,4.694,4.694,-0.0210636079,2025-03-24
4.697,4.697,4.697,0.0006391138,2025-03-25
4.691,4.691,4.691,-0.0012774111,2025-03-26
4.707,4.707,4.707,0.0034107866,2025-03-27
4.651,4.651,4.651,-0.0118971744,2025-03-31
4.664,4.664,4.664,0.0027950978,2025-04-02
4.298,4.298,4.298,-0.0784734134,2025-04-07
4.351,4.351,4.351,0.0123313169,2025-04-08
4.453,4.453,4.453,0.0234428867,2025-04-09
4.556,4.556,4.556,0.0231304738,2025-04-14
4.543,4.543,4.543,-0.0028533802,2025-04-15
4.573,4.573,4.573,0.0066035659,2025-04-17
4.573,4.573,4.573,0.0,2025-04-18
4.607,4.607,4.607,0.0074349442,2025-04-21
4.608,4.608,4.608,0.000217061,2025-04-22
4.599,4.599,4.599,-0.001953125,2025-04-23
4.598,4.598,4.598,-0.0002174386,2025-04-24
4.601,4.601,4.601,0.0006524576,2025-04-25
4.596,4.596,4.596,-0.0010867203,2025-04-28
4.595,4.595,4.595,-0.0002175805,2025-04-30
4.657,4.657,4.657,0.0134929271,2025-05-07
4.691,4.691,4.691,0.0073008374,2025-05-08
4.675,4.675,4.675,-0.0034107866,2025-05-09
4.713,4.713,4.713,0.0081283422,2025-05-12
4.715,4.715,4.715,0.0004243582,2025-05-13
4.766,4.766,4.766,0.0108165429,2025-05-14
4.729,4.729,4.729,-0.0077633235,2025-05-15
4.706,4.706,4.706,-0.0048636075,2025-05-16
4.702,4.702,4.702,-0.0008499788,2025-05-19
4.724,4.724,4.724,0.0046788601,2025-05-22
4.692,4.692,4.692,-0.0067739204,2025-05-23
4.688,4.688,4.688,-0.0008525149,2025-05-26
4.673,4.673,4.673,-0.0031996587,2025-05-27
4.664,4.664,4.664,-0.0019259576,2025-05-28
4.706,4.706,4.706,0.0090051458,2025-05-29
4.717,4.717,4.717,0.0023374416,2025-06-04
4.73,4.73,4.73,0.002755989,2025-06-05
4.73,4.73,4.73,0.0,2025-06-06
4.747,4.747,4.747,0.0035940803,2025-06-09
4.719,4.719,4.719,-0.0058984622,2025-06-10
4.754,4.754,4.754,0.0074168256,2025-06-11
4.755,4.755,4.755,0.0002103492,2025-06-12
4.727,4.727,4.727,-0.0058885384,2025-06-13
4.744,4.744,4.744,0.0035963613,2025-06-16
4.736,4.736,4.736,-0.0016863406,2025-06-17
4.696,4.696,4.696,-0.0084459459,2025-06-19
4.73,4.73,4.73,0.0072402044,2025-06-23
4.857,4.857,4.857,0.0268498943,2025-06-25
4.832,4.832,4.832,-0.0051472102,2025-06-27
4.855,4.855,4.855,0.0047599338,2025-06-30
4.859,4.859,4.859,0.0008238929,2025-07-01
4.856,4.856,4.856,-0.000617411,2025-07-02
4.879,4.879,4.879,0.0047364086,2025-07-04
4.871,4.871,4.871,-0.0016396803,2025-07-07
4.917,4.917,4.917,0.0094436461,2025-07-08
4.909,4.909,4.909,-0.0016270083,2025-07-09
4.964,4.964,4.964,0.0112039112,2025-07-11
4.959,4.959,4.959,-0.0010072522,2025-07-14
4.942,4.942,4.942,-0.0034281105,2025-07-15
4.941,4.941,4.941,-0.0002023472,2025-07-16
4.974,4.974,4.974,0.00667881,2025-07-17
5.002,5.002,5.002,0.0056292722,2025-07-18
5.03,5.03,5.03,0.0055977609,2025-07-21
5.067,5.067,5.067,0.0073558648,2025-07-22
5.073,5.073,5.073,0.0011841326,2025-07-23
5.125,5.125,5.125,0.010250345,2025-07-24
5.115,5.115,5.115,-0.0019512195,2025-07-25
5.123,5.123,5.123,0.0015640274,2025-07-28
5.124,5.124,5.124,0.0001951981,2025-07-30
5.05,5.05,5.05,-0.0144418423,2025-07-31
5.037,5.037,5.037,-0.0025742574,2025-08-01
5.068,5.068,5.068,0.006154457,2025-08-04
5.1,5.1,5.1,0.0063141279,2025-08-05
5.138,5.138,5.138,0.0074509804,2025-08-06
5.119,5.119,5.119,-0.0036979369,2025-08-07
5.163,5.163,5.163,0.0085954288,2025-08-11
5.187,5.187,5.187,0.0046484602,2025-08-12
5.246,5.246,5.246,0.0113745903,2025-08-13
5.236,5.236,5.236,-0.0019062143,2025-08-14
5.304,5.304,5.304,0.012987013,2025-08-15
5.353,5.353,5.353,0.0092383107,2025-08-18
5.337,5.337,5.337,-0.0029889781,2025-08-19
5.385,5.385,5.385,0.0089938168,2025-08-20
5.388,5.388,5.388,0.0005571031,2025-08-21
5.5,5.5,5.5,0.0207869339,2025-08-22
5.591,5.591,5.591,0.0165454545,2025-08-25
5.557,5.557,5.557,-0.0060812019,2025-08-27
5.639,5.639,5.639,0.0147561634,2025-08-29
5.662,5.662,5.662,0.0040787374,2025-09-01
5.58,5.58,5.58,-0.014482515,2025-09-02
5.39,5.39,5.39,-0.0340501792,2025-09-04
5.565,5.565,5.565,0.0324675325,2025-09-05
5.593,5.593,5.593,0.0050314465,2025-09-08
5.552,5.552,5.552,-0.0073305918,2025-09-09
5.572,5.572,5.572,0.0036023055,2025-09-10
5.718,5.718,5.718,0.0262024408,2025-09-11
5.738,5.738,5.738,0.0034977265,2025-09-12
5.719,5.719,5.719,-0.0033112583,2025-09-15
5.785,5.785,5.785,0.0115404791,2025-09-17
5.739,5.739,5.739,-0.007951599,2025-09-22
5.689,5.689,5.689,-0.0087123192,2025-09-23
5.824,5.824,5.824,0.0237300053,2025-09-24
5.868,5.868,5.868,0.0075549451,2025-09-25
5.811,5.811,5.811,-0.0097137014,2025-09-26
5.929,5.929,5.929,0.0203063156,2025-09-30
6.026,6.026,6.026,0.0163602631,2025-10-09
5.919,5.919,5.919,-0.017756389,2025-10-10
5.883,5.883,5.883,-0.0060821085,2025-10-13
5.767,5.767,5.767,-0.019717831,2025-10-14
5.855,5.855,5.855,0.0152592336,2025-10-15
5.823,5.823,5.823,-0.0054654142,2025-10-16
5.688,5.688,5.688,-0.0231839258,2025-10-17
5.719,5.719,5.719,0.0054500703,2025-10-20
5.826,5.826,5.826,0.0187095646,2025-10-21
5.795,5.795,5.795,-0.0053209749,2025-10-22
5.792,5.792,5.792,-0.0005176877,2025-10-23
5.88,5.88,5.88,0.0151933702,2025-10-24
5.965,5.965,5.965,0.0144557823,2025-10-27
5.949,5.949,5.949,-0.0026823135,2025-10-28
6.033,6.033,6.033,0.0141200202,2025-10-29
5.989,5.989,5.989,-0.0072932206,2025-10-30
5.873,5.873,5.873,-0.0193688429,2025-11-05
5.954,5.954,5.954,0.0137919292,2025-11-06
5.954,5.954,5.954,0.0,2025-11-10
5.919,5.919,5.919,-0.0058784011,2025-11-11
5.904,5.904,5.904,-0.0025342119,2025-11-12
5.972,5.972,5.972,0.0115176152,2025-11-13
5.827,5.827,5.827,-0.0242799732,2025-11-18
5.839,5.839,5.839,0.0020593788,2025-11-19
5.652,5.652,5.652,-0.0320260319,2025-11-21
5.679,5.679,5.679,0.0047770701,2025-11-24
5.736,5.736,5.736,0.0100369783,2025-11-27
5.77,5.77,5.77,0.0059274756,2025-11-28
5.816,5.816,5.816,0.0079722704,2025-12-01
5.786,5.786,5.786,-0.0051581843,2025-12-02
5.759,5.759,5.759,-0.0046664362,2025-12-03
5.783,5.783,5.783,0.0041673902,2025-12-04
5.906,5.906,5.906,0.0212692374,2025-12-08
5.864,5.864,5.864,-0.0071114121,2025-12-09
5.878,5.878,5.878,0.0023874488,2025-12-10
5.844,5.844,5.844,-0.0057842804,2025-12-11
5.902,5.902,5.902,0.0099247091,2025-12-12
5.871,5.871,5.871,-0.0052524568,2025-12-15
5.787,5.787,5.787,-0.0143076137,2025-12-16
5.896,5.896,5.896,0.0188353205,2025-12-17
5.914,5.914,5.914,0.0030529172,2025-12-19
5.972,5.972,5.972,0.0098072371,2025-12-23
6.08,6.08,6.08,0.0180843938,2025-12-25
6.111,6.111,6.111,0.0050986842,2025-12-26
6.113,6.113,6.113,0.0003272787,2025-12-30
6.113,6.113,6.113,0.0,2025-12-31
6.25,6.25,6.25,0.0224112547,2026-01-05
6.384,6.384,6.384,0.02144,2026-01-07
6.374,6.374,6.374,-0.001566416,2026-01-08
6.476,6.476,6.476,0.0160025102,2026-01-09
6.593,6.593,6.593,0.0180667078,2026-01-12
6.531,6.531,6.531,-0.0094039132,2026-01-13
6.55,6.55,6.55,0.0029092023,2026-01-15
6.559,6.559,6.559,0.0013740458,2026-01-16
6.587,6.587,6.587,0.0042689434,2026-01-19
6.567,6.567,6.567,-0.0030362836,2026-01-20
6.63,6.63,6.63,0.0095934217,2026-01-21
6.644,6.644,6.644,0.0021116139,2026-01-22
6.762,6.762,6.762,0.0177603853,2026-01-23
6.692,6.692,6.692,-0.0103519669,2026-01-26
6.72,6.72,6.72,0.0041841004,2026-01-27
6.759,6.759,6.759,0.0058035714,2026-01-28
6.632,6.632,6.632,-0.0187897618,2026-01-30
6.579,6.579,6.579,-0.0079915561,2026-02-03
6.52,6.52,6.52,-0.0089679283,2026-02-05
6.64,6.64,6.64,0.018404908,2026-02-11
6.695,6.695,6.695,0.0082831325,2026-02-12
6.591,6.591,6.591,-0.0155339806,2026-02-13
6.65,6.65,6.65,0.0089516007,2026-02-24
6.732,6.732,6.732,0.0123308271,2026-02-25
6.783,6.783,6.783,0.0075757576,2026-03-02
6.533,6.533,6.533,-0.036856848,2026-03-04
6.547,6.547,6.547,0.0021429665,2026-03-05
6.609,6.609,6.609,0.0094699863,2026-03-06
6.56,6.56,6.56,-0.0074141322,2026-03-09
6.6,6.6,6.6,0.006097561,2026-03-12
6.558,6.558,6.558,-0.0063636364,2026-03-13
6.448,6.448,6.448,-0.0167734065,2026-03-17
6.479,6.479,6.479,0.0048076923,2026-03-18
6.3,6.3,6.3,-0.0276277203,2026-03-20
6.042,6.042,6.042,-0.040952381,2026-03-23
6.144,6.144,6.144,0.0168818272,2026-03-24
6.25,6.25,6.25,0.0172526042,2026-03-27
6.254,6.254,6.254,0.00064,2026-03-30
6.185,6.185,6.185,-0.0110329389,2026-03-31
6.158,6.158,6.158,-0.0043654002,2026-04-02
6.435,6.435,6.435,0.0449821371,2026-04-08
6.47,6.47,6.47,0.0054390054,2026-04-10
6.458,6.458,6.458,-0.0018547141,2026-04-13
6.529,6.529,6.529,0.0109941158,2026-04-15
6.671,6.671,6.671,0.0217491193,2026-04-20
6.659,6.659,6.659,-0.0017988308,2026-04-21
6.726,6.726,6.726,0.0100615708,2026-04-22
6.683,6.683,6.683,-0.0063931014,2026-04-23
6.684,6.684,6.684,0.0001496334,2026-04-24
6.643,6.643,6.643,-0.0061340515,2026-04-28
6.798,6.798,6.798,0.0233328316,2026-04-29
6.95,6.95,6.95,0.0223595175,2026-05-06
7.016,7.016,7.016,0.0094964029,2026-05-07
7.001,7.001,7.001,-0.0021379704,2026-05-08
7.099,7.099,7.099,0.0139980003,2026-05-11
7.072,7.072,7.072,-0.0038033526,2026-05-12
6.904,6.904,6.904,-0.0237556561,2026-05-18
6.95,6.95,6.95,0.0066628042,2026-05-19
6.881,6.881,6.881,-0.0099280576,2026-05-21
6.943,6.943,6.943,0.0090103183,2026-05-22
7.011,7.011,7.011,0.0097940372,2026-05-25
