nav,cumulative_nav_withdrawal,cumulative_nav,price_change,price_date
1.0,1.0,1.0,0.0,2016-07-14
1.0,1.0,1.0,0.0,2016-07-15
1.0,1.0,1.0,0.0,2016-07-18
1.0,1.0,1.0,0.0,2016-07-19
1.0,1.0,1.0,0.0,2016-07-20
1.0,1.0,1.0,0.0,2016-07-21
1.0,1.0,1.0,0.0,2016-07-22
1.0,1.0,1.0,0.0,2016-07-25
1.0,1.0,1.0,0.0,2016-07-26
1.0,1.0,1.0,0.0,2016-07-27
1.0,1.0,1.0,0.0,2016-07-28
1.0,1.0,1.0,0.0,2016-07-29
1.0,1.0,1.0,0.0,2016-08-01
1.0,1.0,1.0,0.0,2016-08-02
1.0,1.0,1.0,0.0,2016-08-03
1.0,1.0,1.0,0.0,2016-08-04
1.0,1.0,1.0,0.0,2016-08-05
1.004,1.004,1.004,0.004,2016-08-08
1.005,1.005,1.005,0.0009960159,2016-08-09
1.0,1.0,1.0,-0.0049751244,2016-08-10
0.984,0.984,0.984,-0.016,2016-08-11
0.994,0.994,0.994,0.0101626016,2016-08-12
1.013,1.013,1.013,0.0191146881,2016-08-15
1.02,1.02,1.02,0.0069101678,2016-08-16
1.028,1.028,1.028,0.0078431373,2016-08-17
1.089,1.089,1.089,0.0593385214,2016-08-18
1.168,1.168,1.168,0.072543618,2016-08-19
1.217,1.217,1.217,0.0419520548,2016-08-22
1.25,1.25,1.25,0.0271158587,2016-08-23
1.269,1.269,1.269,0.0152,2016-08-24
1.278,1.278,1.278,0.0070921986,2016-08-25
1.279,1.279,1.279,0.0007824726,2016-08-26
1.293,1.293,1.293,0.0109460516,2016-08-29
1.294,1.294,1.294,0.0007733952,2016-08-30
1.283,1.283,1.283,-0.0085007728,2016-08-31
1.302,1.302,1.302,0.0148090413,2016-09-01
1.294,1.294,1.294,-0.0061443932,2016-09-02
1.289,1.289,1.289,-0.0038639876,2016-09-05
1.312,1.312,1.312,0.0178432894,2016-09-06
1.325,1.325,1.325,0.0099085366,2016-09-07
1.317,1.317,1.317,-0.0060377358,2016-09-08
1.32,1.32,1.32,0.0022779043,2016-09-09
1.262,1.262,1.262,-0.0439393939,2016-09-12
1.287,1.287,1.287,0.0198098257,2016-09-13
1.267,1.267,1.267,-0.0155400155,2016-09-14
1.267,1.267,1.267,0.0,2016-09-16
1.271,1.271,1.271,0.0031570639,2016-09-19
1.27,1.27,1.27,-0.0007867821,2016-09-20
1.0,1.271,1.271,0.0007874016,2016-09-21
1.0,1.271,1.271,0.0,2016-09-22
1.0,1.271,1.271,0.0,2016-09-23
1.0,1.271,1.271,0.0,2016-09-26
1.0,1.271,1.271,0.0,2016-09-27
1.0,1.271,1.271,0.0,2016-09-28
1.0,1.271,1.271,0.0,2016-09-29
0.999,1.27,1.269729,-0.001,2016-09-30
0.999,1.27,1.269729,0.0,2016-10-07
1.009,1.28,1.282439,0.01001001,2016-10-10
1.013,1.284,1.287523,0.0039643211,2016-10-11
1.039,1.31,1.320569,0.0256663376,2016-10-12
1.025,1.296,1.302775,-0.0134744947,2016-10-13
1.015,1.286,1.290065,-0.0097560976,2016-10-14
1.002,1.273,1.273542,-0.0128078818,2016-10-17
1.022,1.293,1.298962,0.0199600798,2016-10-18
1.014,1.285,1.288794,-0.0078277886,2016-10-19
1.031,1.302,1.310401,0.016765286,2016-10-20
1.034,1.305,1.314214,0.0029097963,2016-10-21
1.036,1.307,1.316756,0.001934236,2016-10-24
1.029,1.3,1.307859,-0.0067567568,2016-10-25
1.016,1.287,1.291336,-0.0126336249,2016-10-26
1.015,1.286,1.290065,-0.000984252,2016-10-27
0.998,1.269,1.268458,-0.0167487685,2016-10-28
1.0,1.271,1.271,0.002004008,2016-10-31
1.014,1.285,1.288794,0.014,2016-11-01
1.0,1.271,1.271,-0.0138067061,2016-11-02
1.012,1.283,1.286252,0.012,2016-11-03
1.001,1.272,1.272271,-0.0108695652,2016-11-04
1.022,1.293,1.298962,0.020979021,2016-11-07
1.019,1.29,1.295149,-0.0029354207,2016-11-08
1.033,1.304,1.312943,0.0137389598,2016-11-09
1.028,1.299,1.306588,-0.0048402711,2016-11-10
1.019,1.29,1.295149,-0.0087548638,2016-11-11
1.029,1.3,1.307859,0.0098135427,2016-11-14
1.025,1.296,1.302775,-0.0038872692,2016-11-15
1.042,1.313,1.324382,0.0165853659,2016-11-16
1.013,1.284,1.287523,-0.027831094,2016-11-17
0.995,1.266,1.264645,-0.017769003,2016-11-18
0.989,1.26,1.257019,-0.0060301508,2016-11-21
0.999,1.27,1.269729,0.0101112235,2016-11-22
0.989,1.26,1.257019,-0.01001001,2016-11-23
0.978,1.249,1.243038,-0.0111223458,2016-11-24
0.97,1.241,1.23287,-0.0081799591,2016-11-25
0.979,1.25,1.244309,0.0092783505,2016-11-28
0.953,1.224,1.211263,-0.026557712,2016-11-29
0.94,1.211,1.19474,-0.0136411333,2016-11-30
0.945,1.216,1.201095,0.0053191489,2016-12-01
0.918,1.189,1.166778,-0.0285714286,2016-12-02
0.917,1.188,1.165507,-0.0010893246,2016-12-05
0.916,1.187,1.164236,-0.0010905125,2016-12-06
0.912,1.183,1.159152,-0.0043668122,2016-12-07
0.912,1.183,1.159152,0.0,2016-12-08
0.906,1.177,1.151526,-0.0065789474,2016-12-09
0.854,1.125,1.085434,-0.0573951435,2016-12-12
0.864,1.135,1.098144,0.0117096019,2016-12-13
0.84,1.111,1.06764,-0.0277777778,2016-12-14
0.85,1.121,1.08035,0.0119047619,2016-12-15
0.858,1.129,1.090518,0.0094117647,2016-12-16
0.852,1.123,1.082892,-0.006993007,2016-12-19
0.844,1.115,1.072724,-0.0093896714,2016-12-20
0.85,1.121,1.08035,0.0071090047,2016-12-21
0.849,1.12,1.079079,-0.0011764706,2016-12-22
0.843,1.114,1.071453,-0.0070671378,2016-12-23
0.84,1.111,1.06764,-0.0035587189,2016-12-26
0.842,1.113,1.070182,0.0023809524,2016-12-27
0.843,1.114,1.071453,0.0011876485,2016-12-28
0.831,1.102,1.056201,-0.0142348754,2016-12-29
0.834,1.105,1.060014,0.0036101083,2016-12-30
0.844,1.115,1.072724,0.0119904077,2017-01-03
0.857,1.128,1.089247,0.0154028436,2017-01-04
0.854,1.125,1.085434,-0.0035005834,2017-01-05
0.859,1.13,1.091789,0.0058548009,2017-01-06
0.868,1.139,1.103228,0.0104772992,2017-01-09
0.852,1.123,1.082892,-0.0184331797,2017-01-10
0.86,1.131,1.09306,0.0093896714,2017-01-11
0.847,1.118,1.076537,-0.0151162791,2017-01-12
0.823,1.094,1.046033,-0.0283353011,2017-01-13
0.799,1.07,1.015529,-0.0291616039,2017-01-16
0.815,1.086,1.035865,0.0200250313,2017-01-17
0.82,1.091,1.04222,0.0061349693,2017-01-18
0.822,1.093,1.044762,0.0024390244,2017-01-19
0.84,1.111,1.06764,0.0218978102,2017-01-20
0.846,1.117,1.075266,0.0071428571,2017-01-23
0.836,1.107,1.062556,-0.011820331,2017-01-24
0.835,1.106,1.061285,-0.0011961722,2017-01-25
0.841,1.112,1.068911,0.0071856287,2017-01-26
0.841,1.112,1.068911,0.0,2017-01-27
0.837,1.108,1.063827,-0.0047562426,2017-02-03
0.845,1.116,1.073995,0.009557945,2017-02-06
0.845,1.116,1.073995,0.0,2017-02-07
0.848,1.119,1.077808,0.0035502959,2017-02-08
0.852,1.123,1.082892,0.0047169811,2017-02-09
0.855,1.126,1.086705,0.0035211268,2017-02-10
0.868,1.139,1.103228,0.0152046784,2017-02-13
0.867,1.138,1.101957,-0.0011520737,2017-02-14
0.855,1.126,1.086705,-0.0138408304,2017-02-15
0.857,1.128,1.089247,0.0023391813,2017-02-16
0.847,1.118,1.076537,-0.0116686114,2017-02-17
0.861,1.132,1.094331,0.0165289256,2017-02-20
0.863,1.134,1.096873,0.0023228804,2017-02-21
0.867,1.138,1.101957,0.0046349942,2017-02-22
0.858,1.129,1.090518,-0.0103806228,2017-02-23
0.858,1.129,1.090518,0.0,2017-02-24
0.851,1.122,1.081621,-0.0081585082,2017-02-27
0.849,1.12,1.079079,-0.0023501763,2017-02-28
0.849,1.12,1.079079,0.0,2017-03-01
0.834,1.105,1.060014,-0.0176678445,2017-03-02
0.835,1.106,1.061285,0.0011990408,2017-03-03
0.844,1.115,1.072724,0.0107784431,2017-03-06
0.854,1.125,1.085434,0.0118483412,2017-03-07
0.848,1.119,1.077808,-0.0070257611,2017-03-08
0.846,1.117,1.075266,-0.0023584906,2017-03-09
0.843,1.114,1.071453,-0.0035460993,2017-03-10
0.847,1.118,1.076537,0.0047449585,2017-03-13
0.851,1.122,1.081621,0.0047225502,2017-03-14
0.844,1.115,1.072724,-0.0082256169,2017-03-15
0.855,1.126,1.086705,0.0130331754,2017-03-16
0.843,1.114,1.071453,-0.0140350877,2017-03-17
0.854,1.125,1.085434,0.0130486358,2017-03-20
0.853,1.124,1.084163,-0.0011709602,2017-03-21
0.844,1.115,1.072724,-0.0105509965,2017-03-22
0.841,1.112,1.068911,-0.0035545024,2017-03-23
0.84,1.111,1.06764,-0.0011890606,2017-03-24
0.833,1.104,1.058743,-0.0083333333,2017-03-27
0.829,1.1,1.053659,-0.0048019208,2017-03-28
0.819,1.09,1.040949,-0.0120627262,2017-03-29
0.792,1.063,1.006632,-0.032967033,2017-03-30
0.8,1.071,1.0168,0.0101010101,2017-03-31
0.818,1.089,1.039678,0.0225,2017-04-05
0.825,1.096,1.048575,0.0085574572,2017-04-06
0.817,1.088,1.038407,-0.0096969697,2017-04-07
0.816,1.087,1.037136,-0.0012239902,2017-04-10
0.826,1.097,1.049846,0.012254902,2017-04-11
0.849,1.12,1.079079,0.0278450363,2017-04-12
0.832,1.103,1.057472,-0.0200235571,2017-04-13
0.82,1.091,1.04222,-0.0144230769,2017-04-14
0.799,1.07,1.015529,-0.0256097561,2017-04-17
0.803,1.074,1.020613,0.0050062578,2017-04-18
0.788,1.059,1.001548,-0.0186799502,2017-04-19
0.774,1.045,0.983754,-0.0177664975,2017-04-20
0.772,1.043,0.981212,-0.0025839793,2017-04-21
0.75,1.021,0.95325,-0.0284974093,2017-04-24
0.753,1.024,0.957063,0.004,2017-04-25
0.768,1.039,0.976128,0.0199203187,2017-04-26
0.785,1.056,0.997735,0.0221354167,2017-04-27
0.801,1.072,1.018071,0.0203821656,2017-04-28
0.812,1.083,1.032052,0.013732834,2017-05-02
0.822,1.093,1.044762,0.0123152709,2017-05-03
0.811,1.082,1.030781,-0.0133819951,2017-05-04
0.808,1.079,1.026968,-0.0036991369,2017-05-05
0.811,1.082,1.030781,0.0037128713,2017-05-08
0.817,1.088,1.038407,0.0073982737,2017-05-09
0.793,1.064,1.007903,-0.029375765,2017-05-10
0.826,1.097,1.049846,0.0416141236,2017-05-11
0.837,1.108,1.063827,0.0133171913,2017-05-12
0.827,1.098,1.051117,-0.0119474313,2017-05-15
0.846,1.117,1.075266,0.022974607,2017-05-16
0.832,1.103,1.057472,-0.0165484634,2017-05-17
0.844,1.115,1.072724,0.0144230769,2017-05-18
0.833,1.104,1.058743,-0.0130331754,2017-05-19
0.823,1.094,1.046033,-0.0120048019,2017-05-22
0.822,1.093,1.044762,-0.0012150668,2017-05-23
0.864,1.135,1.098144,0.0510948905,2017-05-24
0.869,1.14,1.104499,0.005787037,2017-05-25
0.859,1.13,1.091789,-0.0115074799,2017-05-26
0.876,1.147,1.113396,0.019790454,2017-05-31
0.855,1.126,1.086705,-0.0239726027,2017-06-01
0.871,1.142,1.107041,0.0187134503,2017-06-02
0.882,1.153,1.121022,0.0126291619,2017-06-05
0.886,1.157,1.126106,0.0045351474,2017-06-06
0.894,1.165,1.136274,0.0090293454,2017-06-07
0.896,1.167,1.138816,0.0022371365,2017-06-08
0.895,1.166,1.137545,-0.0011160714,2017-06-09
0.861,1.132,1.094331,-0.0379888268,2017-06-12
0.881,1.152,1.119751,0.0232288037,2017-06-13
0.89,1.161,1.13119,0.010215664,2017-06-14
0.919,1.19,1.168049,0.0325842697,2017-06-15
0.923,1.194,1.173133,0.0043525571,2017-06-16
0.947,1.218,1.203637,0.0260021668,2017-06-19
0.938,1.209,1.192198,-0.0095036959,2017-06-20
0.943,1.214,1.198553,0.0053304904,2017-06-21
0.928,1.199,1.179488,-0.0159066808,2017-06-22
0.983,1.254,1.249393,0.0592672414,2017-06-23
1.075,1.346,1.366325,0.0935910478,2017-06-26
1.073,1.344,1.363783,-0.0018604651,2017-06-27
1.093,1.364,1.389203,0.018639329,2017-06-28
1.114,1.385,1.415894,0.0192131747,2017-06-29
1.164,1.435,1.479444,0.0448833034,2017-06-30
1.212,1.483,1.540452,0.0412371134,2017-07-03
1.177,1.448,1.495967,-0.0288778878,2017-07-04
1.268,1.539,1.611628,0.0773152082,2017-07-05
1.323,1.594,1.681533,0.0433753943,2017-07-06
1.449,1.72,1.841679,0.0952380952,2017-07-07
1.524,1.795,1.937004,0.0517598344,2017-07-10
1.504,1.775,1.911584,-0.0131233596,2017-07-11
1.6,1.871,2.0336,0.0638297872,2017-07-12
1.561,1.832,1.984031,-0.024375,2017-07-13
1.627,1.898,2.067917,0.0422805894,2017-07-14
1.604,1.875,2.038684,-0.0141364474,2017-07-17
1.698,1.969,2.158158,0.0586034913,2017-07-18
1.791,2.062,2.276361,0.054770318,2017-07-19
1.811,2.082,2.301781,0.0111669458,2017-07-20
1.776,2.047,2.257296,-0.019326339,2017-07-21
1.816,2.087,2.308136,0.0225225225,2017-07-24
1.89,2.161,2.40219,0.0407488987,2017-07-25
1.876,2.147,2.384396,-0.0074074074,2017-07-26
1.956,2.227,2.486076,0.0426439232,2017-07-27
1.956,2.227,2.486076,0.0,2017-07-28
2.132,2.403,2.709772,0.0899795501,2017-07-31
2.136,2.407,2.714856,0.0018761726,2017-08-01
2.116,2.387,2.689436,-0.0093632959,2017-08-02
2.1,2.371,2.6691,-0.0075614367,2017-08-03
2.08,2.351,2.64368,-0.0095238095,2017-08-04
2.133,2.404,2.711043,0.0254807692,2017-08-07
2.151,2.422,2.733921,0.0084388186,2017-08-08
2.252,2.523,2.862292,0.0469549047,2017-08-09
2.285,2.556,2.904235,0.0146536412,2017-08-10
2.21,2.481,2.80891,-0.0328227571,2017-08-11
2.225,2.496,2.827975,0.0067873303,2017-08-14
2.279,2.55,2.896609,0.0242696629,2017-08-15
2.314,2.585,2.941094,0.015357613,2017-08-16
2.306,2.577,2.930926,-0.0034572169,2017-08-17
2.3,2.571,2.9233,-0.0026019081,2017-08-18
2.315,2.586,2.942365,0.0065217391,2017-08-21
2.305,2.576,2.929655,-0.0043196544,2017-08-22
2.209,2.48,2.807639,-0.04164859,2017-08-23
2.165,2.436,2.751715,-0.0199185152,2017-08-24
2.199,2.47,2.794929,0.015704388,2017-08-25
2.242,2.513,2.849582,0.0195543429,2017-08-28
2.215,2.486,2.815265,-0.0120428189,2017-08-29
2.274,2.545,2.890254,0.0266365688,2017-08-30
2.472,2.743,3.141912,0.0870712401,2017-08-31
2.545,2.816,3.234695,0.0295307443,2017-09-01
2.555,2.826,3.247405,0.0039292731,2017-09-04
2.557,2.828,3.249947,0.0007827789,2017-09-05
2.698,2.969,3.429158,0.0551427454,2017-09-06
2.686,2.957,3.413906,-0.0044477391,2017-09-07
2.798,3.069,3.556258,0.0416976917,2017-09-08
2.792,3.063,3.548632,-0.0021443888,2017-09-11
2.845,3.116,3.615995,0.018982808,2017-09-12
2.786,3.057,3.541006,-0.0207381371,2017-09-13
2.775,3.046,3.527025,-0.003948313,2017-09-14
2.62,2.891,3.33002,-0.0558558559,2017-09-15
2.691,2.962,3.420261,0.0270992366,2017-09-18
2.621,2.892,3.331291,-0.0260126347,2017-09-19
2.668,2.939,3.391028,0.017932087,2017-09-20
2.618,2.889,3.327478,-0.0187406297,2017-09-21
2.505,2.776,3.183855,-0.0431627196,2017-09-22
2.505,2.776,3.183855,0.0,2017-09-25
2.676,2.947,3.401196,0.0682634731,2017-09-26
2.665,2.936,3.387215,-0.0041106129,2017-09-27
2.644,2.915,3.360524,-0.007879925,2017-09-28
2.533,2.804,3.219443,-0.0419818457,2017-09-29
2.532,2.803,3.218172,-0.0003947888,2017-10-06
2.478,2.749,3.149538,-0.0213270142,2017-10-09
2.505,2.776,3.183855,0.0108958838,2017-10-10
2.498,2.769,3.174958,-0.0027944112,2017-10-11
2.448,2.719,3.111408,-0.0200160128,2017-10-12
2.508,2.779,3.187668,0.0245098039,2017-10-13
2.49,2.761,3.16479,-0.0071770335,2017-10-16
2.439,2.71,3.099969,-0.0204819277,2017-10-17
2.398,2.669,3.047858,-0.0168101681,2017-10-18
2.257,2.528,2.868647,-0.0587989992,2017-10-19
2.393,2.664,3.041503,0.0602569783,2017-10-20
2.401,2.672,3.051671,0.003343084,2017-10-23
2.436,2.707,3.096156,0.0145772595,2017-10-24
2.449,2.72,3.112679,0.0053366174,2017-10-25
2.51,2.781,3.19021,0.0249081258,2017-10-26
2.47,2.741,3.13937,-0.015936255,2017-10-27
2.358,2.629,2.997018,-0.0453441296,2017-10-30
2.338,2.609,2.971598,-0.0084817642,2017-10-31
2.32,2.591,2.94872,-0.0076988879,2017-11-01
2.361,2.632,3.000831,0.0176724138,2017-11-02
2.264,2.535,2.877544,-0.0410842863,2017-11-03
2.391,2.662,3.038961,0.0560954064,2017-11-06
2.431,2.702,3.089801,0.0167294019,2017-11-07
2.417,2.688,3.072007,-0.0057589469,2017-11-08
2.481,2.752,3.153351,0.0264791063,2017-11-09
2.491,2.762,3.166061,0.0040306328,2017-11-10
2.451,2.722,3.115221,-0.0160578081,2017-11-13
2.492,2.763,3.167332,0.0167278662,2017-11-14
2.404,2.675,3.055484,-0.0353130016,2017-11-15
2.354,2.625,2.991934,-0.0207986689,2017-11-16
2.251,2.522,2.861021,-0.0437553101,2017-11-17
2.319,2.59,2.947449,0.0302087961,2017-11-20
2.295,2.566,2.916945,-0.0103492885,2017-11-21
2.247,2.518,2.855937,-0.0209150327,2017-11-22
2.204,2.475,2.801284,-0.0191366266,2017-11-23
2.209,2.48,2.807639,0.0022686025,2017-11-24
2.189,2.46,2.782219,-0.0090538705,2017-11-27
2.278,2.549,2.895338,0.0406578346,2017-11-28
2.284,2.555,2.902964,0.0026338894,2017-11-29
2.243,2.514,2.850853,-0.0179509632,2017-11-30
2.272,2.543,2.887712,0.0129291128,2017-12-01
2.231,2.502,2.835601,-0.0180457746,2017-12-04
2.166,2.437,2.752986,-0.0291349171,2017-12-05
2.207,2.478,2.805097,0.0189289012,2017-12-06
2.188,2.459,2.780948,-0.0086089715,2017-12-07
2.22,2.491,2.82162,0.0146252285,2017-12-08
2.241,2.512,2.848311,0.0094594595,2017-12-11
2.214,2.485,2.813994,-0.0120481928,2017-12-12
2.217,2.488,2.817807,0.0013550136,2017-12-13
2.203,2.474,2.800013,-0.0063148399,2017-12-14
2.186,2.457,2.778406,-0.0077167499,2017-12-15
2.17,2.441,2.75807,-0.0073193047,2017-12-18
2.18,2.451,2.77078,0.0046082949,2017-12-19
2.157,2.428,2.741547,-0.0105504587,2017-12-20
2.144,2.415,2.725024,-0.0060268892,2017-12-21
2.115,2.386,2.688165,-0.0135261194,2017-12-22
2.1,2.371,2.6691,-0.0070921986,2017-12-25
2.112,2.383,2.684352,0.0057142857,2017-12-26
2.094,2.365,2.661474,-0.0085227273,2017-12-27
2.098,2.369,2.666558,0.0019102197,2017-12-28
2.107,2.378,2.677997,0.0042897998,2017-12-29
2.134,2.405,2.712314,0.0128144281,2018-01-02
2.158,2.429,2.742818,0.0112464855,2018-01-03
2.137,2.408,2.716127,-0.0097312326,2018-01-04
2.139,2.41,2.718669,0.0009358914,2018-01-05
2.129,2.4,2.705959,-0.0046750818,2018-01-08
2.128,2.399,2.704688,-0.0004697041,2018-01-09
2.138,2.409,2.717398,0.0046992481,2018-01-10
2.15,2.421,2.73265,0.0056127222,2018-01-11
2.144,2.415,2.725024,-0.0027906977,2018-01-12
2.168,2.439,2.755528,0.0111940299,2018-01-15
2.258,2.529,2.869918,0.0415129151,2018-01-16
2.164,2.435,2.750444,-0.0416297609,2018-01-17
2.134,2.405,2.712314,-0.0138632163,2018-01-18
2.127,2.398,2.703417,-0.0032802249,2018-01-19
2.099,2.37,2.667829,-0.0131640809,2018-01-22
2.114,2.385,2.686894,0.0071462601,2018-01-23
2.11,2.381,2.68181,-0.0018921476,2018-01-24
2.106,2.377,2.676726,-0.0018957346,2018-01-25
2.091,2.362,2.657661,-0.0071225071,2018-01-26
2.102,2.373,2.671642,0.0052606408,2018-01-29
2.104,2.375,2.674184,0.0009514748,2018-01-30
2.035,2.306,2.586485,-0.0327946768,2018-01-31
1.908,2.179,2.425068,-0.0624078624,2018-02-01
1.873,2.144,2.380583,-0.0183438155,2018-02-02
1.872,2.143,2.379312,-0.0005339028,2018-02-05
1.771,2.042,2.250941,-0.0539529915,2018-02-06
1.788,2.059,2.272548,0.0095990966,2018-02-07
1.819,2.09,2.311949,0.0173378076,2018-02-08
1.782,2.053,2.264922,-0.0203408466,2018-02-09
1.822,2.093,2.315762,0.0224466891,2018-02-12
1.816,2.087,2.308136,-0.0032930845,2018-02-13
1.821,2.092,2.314491,0.002753304,2018-02-14
1.839,2.11,2.337369,0.0098846787,2018-02-22
1.838,2.109,2.336098,-0.0005437738,2018-02-23
1.868,2.139,2.374228,0.0163220892,2018-02-26
1.871,2.142,2.378041,0.0016059957,2018-02-27
1.941,2.212,2.467011,0.037413148,2018-02-28
1.915,2.186,2.433965,-0.0133951571,2018-03-01
1.891,2.162,2.403461,-0.0125326371,2018-03-02
1.895,2.166,2.408545,0.0021152829,2018-03-05
1.907,2.178,2.423797,0.0063324538,2018-03-06
1.903,2.174,2.418713,-0.0020975354,2018-03-07
1.942,2.213,2.468282,0.0204939569,2018-03-08
2.084,2.355,2.648764,0.0731204943,2018-03-09
2.059,2.33,2.616989,-0.0119961612,2018-03-12
2.052,2.323,2.608092,-0.0033997086,2018-03-13
2.062,2.333,2.620802,0.0048732943,2018-03-14
2.074,2.345,2.636054,0.0058195926,2018-03-15
2.116,2.387,2.689436,0.0202507232,2018-03-16
2.142,2.413,2.722482,0.0122873346,2018-03-19
2.175,2.446,2.764425,0.0154061625,2018-03-20
2.137,2.408,2.716127,-0.0174712644,2018-03-21
2.132,2.403,2.709772,-0.0023397286,2018-03-22
2.112,2.383,2.684352,-0.009380863,2018-03-23
2.038,2.309,2.590298,-0.0350378788,2018-03-26
2.051,2.322,2.606821,0.0063788027,2018-03-27
2.029,2.3,2.578859,-0.0107264749,2018-03-28
2.047,2.318,2.601737,0.0088713652,2018-03-29
2.107,2.378,2.677997,0.0293111871,2018-03-30
2.18,2.451,2.77078,0.0346464167,2018-04-02
2.153,2.424,2.736463,-0.0123853211,2018-04-03
2.162,2.433,2.747902,0.0041802137,2018-04-04
2.145,2.416,2.726295,-0.0078630897,2018-04-09
2.129,2.4,2.705959,-0.0074592075,2018-04-10
2.137,2.408,2.716127,0.0037576327,2018-04-11
2.096,2.367,2.664016,-0.0191857745,2018-04-12
2.094,2.365,2.661474,-0.0009541985,2018-04-13
2.072,2.343,2.633512,-0.0105062082,2018-04-16
2.05,2.321,2.60555,-0.0106177606,2018-04-17
2.062,2.333,2.620802,0.0058536585,2018-04-18
2.059,2.33,2.616989,-0.0014548982,2018-04-19
2.047,2.318,2.601737,-0.0058280719,2018-04-20
2.005,2.276,2.548355,-0.020517831,2018-04-23
2.078,2.349,2.641138,0.0364089776,2018-04-24
2.073,2.344,2.634783,-0.0024061598,2018-04-25
2.043,2.314,2.596653,-0.01447178,2018-04-26
2.064,2.335,2.623344,0.0102790015,2018-04-27
2.081,2.352,2.644951,0.0082364341,2018-05-02
2.107,2.378,2.677997,0.0124939933,2018-05-03
2.076,2.347,2.638596,-0.0147128619,2018-05-04
2.109,2.38,2.680539,0.0158959538,2018-05-07
2.105,2.376,2.675455,-0.0018966335,2018-05-08
2.252,2.523,2.862292,0.0698337292,2018-05-09
2.197,2.468,2.792387,-0.0244227353,2018-05-10
2.249,2.52,2.858479,0.0236686391,2018-05-11
2.319,2.59,2.947449,0.0311249444,2018-05-14
2.312,2.583,2.938552,-0.0030185425,2018-05-15
2.324,2.595,2.953804,0.0051903114,2018-05-16
2.337,2.608,2.970327,0.0055938038,2018-05-17
2.322,2.593,2.951262,-0.0064184852,2018-05-18
2.34,2.611,2.97414,0.007751938,2018-05-21
2.352,2.623,2.989392,0.0051282051,2018-05-22
2.324,2.595,2.953804,-0.0119047619,2018-05-23
2.318,2.589,2.946178,-0.0025817556,2018-05-24
1.0,2.586,2.942365,-0.0012942192,2018-05-25
0.996,2.582,2.93059554,-0.004,2018-05-28
0.996,2.582,2.93059554,0.0,2018-05-29
0.996,2.582,2.93059554,0.0,2018-05-30
0.996,2.582,2.93059554,0.0,2018-05-31
0.996,2.582,2.93059554,0.0,2018-06-01
0.996,2.582,2.93059554,0.0,2018-06-04
1.006,2.592,2.96001919,0.0100401606,2018-06-05
1.011,2.597,2.97473102,0.0049701789,2018-06-06
0.992,2.578,2.91882608,-0.018793274,2018-06-07
0.981,2.567,2.88646007,-0.0110887097,2018-06-08
0.991,2.577,2.91588372,0.0101936799,2018-06-11
1.008,2.594,2.96590392,0.0171543895,2018-06-12
0.967,2.553,2.84526696,-0.0406746032,2018-06-13
0.963,2.549,2.8334975,-0.0041365047,2018-06-14
0.913,2.499,2.68637925,-0.05192108,2018-06-15
0.778,2.364,2.28915997,-0.147864184,2018-06-19
0.79,2.376,2.32446835,0.0154241645,2018-06-20
0.758,2.344,2.23031267,-0.0405063291,2018-06-21
0.776,2.362,2.28327524,0.0237467018,2018-06-22
0.766,2.352,2.25385159,-0.0128865979,2018-06-25
0.769,2.355,2.26267869,0.0039164491,2018-06-26
0.767,2.353,2.25679396,-0.0026007802,2018-06-27
0.766,2.352,2.25385159,-0.001303781,2018-06-28
0.812,2.398,2.38920038,0.0600522193,2018-06-29
0.775,2.361,2.28033288,-0.0455665025,2018-07-02
0.808,2.394,2.37743092,0.0425806452,2018-07-03
0.765,2.351,2.25090923,-0.0532178218,2018-07-04
0.72,2.306,2.1185028,-0.0588235294,2018-07-05
0.752,2.338,2.21265848,0.0444444444,2018-07-06
0.761,2.347,2.23913977,0.0119680851,2018-07-09
0.759,2.345,2.23325504,-0.0026281209,2018-07-10
0.739,2.325,2.17440774,-0.0263504611,2018-07-11
0.769,2.355,2.26267869,0.0405953992,2018-07-12
0.768,2.354,2.25973632,-0.0013003901,2018-07-13
0.816,2.402,2.40096984,0.0625,2018-07-16
0.843,2.429,2.4804137,0.0330882353,2018-07-17
0.863,2.449,2.539261,0.0237247924,2018-07-18
0.854,2.44,2.51277971,-0.010428737,2018-07-19
0.886,2.472,2.60693539,0.037470726,2018-07-20
0.92,2.506,2.7069758,0.0383747178,2018-07-23
0.958,2.544,2.81878567,0.0413043478,2018-07-24
0.994,2.58,2.92471081,0.0375782881,2018-07-25
0.936,2.522,2.75405364,-0.0583501006,2018-07-26
0.931,2.517,2.73934182,-0.0053418803,2018-07-27
0.934,2.52,2.74816891,0.0032223416,2018-07-30
0.934,2.52,2.74816891,0.0,2018-07-31
0.913,2.499,2.68637925,-0.02248394,2018-08-01
0.883,2.469,2.5981083,-0.0328587076,2018-08-02
0.862,2.448,2.53631863,-0.0237825595,2018-08-03
0.858,2.444,2.52454917,-0.0046403712,2018-08-06
0.944,2.53,2.77759256,0.1002331002,2018-08-07
0.929,2.515,2.73345709,-0.0158898305,2018-08-08
0.975,2.561,2.86880588,0.0495156082,2018-08-09
1.024,2.61,3.01298176,0.0502564103,2018-08-10
1.03,2.616,3.03063595,0.005859375,2018-08-13
1.004,2.59,2.95413446,-0.0252427184,2018-08-14
0.978,2.564,2.87763297,-0.0258964143,2018-08-15
0.973,2.559,2.86292115,-0.0051124744,2018-08-16
0.949,2.535,2.79230439,-0.0246659815,2018-08-17
1.004,2.59,2.95413446,0.0579557429,2018-08-20
0.997,2.583,2.93353791,-0.0069721116,2018-08-21
0.995,2.581,2.92765318,-0.0020060181,2018-08-22
1.014,2.6,2.98355811,0.0190954774,2018-08-23
0.981,2.567,2.88646007,-0.0325443787,2018-08-24
1.017,2.603,2.99238521,0.0366972477,2018-08-27
1.05,2.636,3.08948325,0.0324483776,2018-08-28
1.034,2.62,3.04240541,-0.0152380952,2018-08-29
1.006,2.592,2.96001919,-0.0270793037,2018-08-30
0.978,2.564,2.87763297,-0.027833002,2018-08-31
1.01,2.596,2.97178865,0.0327198364,2018-09-03
1.06,2.646,3.1189069,0.0495049505,2018-09-04
1.014,2.6,2.98355811,-0.0433962264,2018-09-05
1.005,2.591,2.95707683,-0.0088757396,2018-09-06
1.008,2.594,2.96590392,0.0029850746,2018-09-07
1.003,2.589,2.9511921,-0.0049603175,2018-09-10
0.999,2.585,2.93942264,-0.0039880359,2018-09-11
0.989,2.575,2.90999899,-0.01001001,2018-09-12
1.032,2.618,3.03652068,0.0434782609,2018-09-13
0.969,2.555,2.85115169,-0.0610465116,2018-09-14
0.953,2.539,2.80407385,-0.0165118679,2018-09-17
0.893,2.479,2.62753195,-0.0629590766,2018-09-18
0.913,2.499,2.68637925,0.0223964166,2018-09-19
0.908,2.494,2.67166742,-0.0054764513,2018-09-20
0.915,2.501,2.69226398,0.0077092511,2018-09-21
0.932,2.518,2.74228418,0.018579235,2018-09-25
0.925,2.511,2.72168763,-0.0075107296,2018-09-26
0.938,2.524,2.75993837,0.0140540541,2018-09-27
0.911,2.497,2.68049452,-0.0287846482,2018-09-28
0.869,2.455,2.55691519,-0.0461031833,2018-10-08
0.886,2.472,2.60693539,0.0195627158,2018-10-09
0.918,2.504,2.70109107,0.0361173815,2018-10-10
0.803,2.389,2.3627191,-0.1252723312,2018-10-11
0.809,2.395,2.38037329,0.0074719801,2018-10-12
0.743,2.329,2.1861772,-0.0815822002,2018-10-15
0.724,2.31,2.13027226,-0.0255720054,2018-10-16
0.726,2.312,2.13615699,0.0027624309,2018-10-17
0.73,2.316,2.14792645,0.0055096419,2018-10-18
0.761,2.347,2.23913977,0.0424657534,2018-10-19
0.809,2.395,2.38037329,0.0630749014,2018-10-22
0.784,2.37,2.30681416,-0.0309023486,2018-10-23
0.775,2.361,2.28033288,-0.0114795918,2018-10-24
0.796,2.382,2.34212254,0.0270967742,2018-10-25
0.803,2.389,2.3627191,0.0087939698,2018-10-26
0.787,2.373,2.31564126,-0.0199252802,2018-10-29
0.845,2.431,2.48629843,0.0736975858,2018-10-30
0.854,2.44,2.51277971,0.0106508876,2018-10-31
0.855,2.441,2.51572208,0.0011709602,2018-11-01
0.927,2.513,2.72757236,0.0842105263,2018-11-02
0.923,2.509,2.7158029,-0.0043149946,2018-11-05
0.916,2.502,2.69520634,-0.0075839653,2018-11-06
0.899,2.485,2.64518614,-0.018558952,2018-11-07
0.883,2.469,2.5981083,-0.0177975528,2018-11-08
0.88,2.466,2.5892812,-0.0033975085,2018-11-09
0.949,2.535,2.79230439,0.0784090909,2018-11-12
0.979,2.565,2.88057534,0.0316122234,2018-11-13
0.944,2.53,2.77759256,-0.0357507661,2018-11-14
0.963,2.549,2.8334975,0.0201271186,2018-11-15
0.969,2.555,2.85115169,0.0062305296,2018-11-16
0.934,2.52,2.74816891,-0.036119711,2018-11-19
0.906,2.492,2.66578269,-0.0299785867,2018-11-20
0.898,2.484,2.64224377,-0.0088300221,2018-11-21
0.91,2.496,2.67755215,0.013363029,2018-11-22
0.855,2.441,2.51572208,-0.0604395604,2018-11-23
0.838,2.424,2.46570187,-0.0198830409,2018-11-26
0.851,2.437,2.50395262,0.0155131265,2018-11-27
0.847,2.433,2.49218316,-0.0047003525,2018-11-28
0.794,2.38,2.33623781,-0.0625737898,2018-11-29
0.807,2.393,2.37448856,0.016372796,2018-11-30
0.85,2.436,2.50101025,0.053283767,2018-12-03
0.862,2.448,2.53631863,0.0141176471,2018-12-04
0.849,2.435,2.49806789,-0.0150812065,2018-12-05
0.804,2.39,2.36566146,-0.0530035336,2018-12-06
0.815,2.401,2.39802748,0.013681592,2018-12-07
0.808,2.394,2.37743092,-0.0085889571,2018-12-10
0.836,2.422,2.45981714,0.0346534653,2018-12-11
0.833,2.419,2.45099005,-0.0035885167,2018-12-12
0.861,2.447,2.53337627,0.0336134454,2018-12-13
0.855,2.441,2.51572208,-0.0069686411,2018-12-14
0.894,2.48,2.63047431,0.0456140351,2018-12-17
0.888,2.474,2.61282012,-0.0067114094,2018-12-18
0.853,2.439,2.50983735,-0.0394144144,2018-12-19
0.903,2.489,2.6569556,0.0586166471,2018-12-20
0.891,2.477,2.62164722,-0.0132890365,2018-12-21
0.884,2.47,2.60105066,-0.0078563412,2018-12-24
0.871,2.457,2.56279992,-0.0147058824,2018-12-25
0.887,2.473,2.60987776,0.01836969,2018-12-26
0.818,2.404,2.40685457,-0.0777903044,2018-12-27
0.79,2.376,2.32446835,-0.0342298289,2018-12-28
0.781,2.367,2.29798707,-0.0113924051,2019-01-02
0.786,2.372,2.31269889,0.0064020487,2019-01-03
0.826,2.412,2.43039349,0.0508905852,2019-01-04
0.863,2.449,2.539261,0.0447941889,2019-01-07
0.846,2.432,2.48924079,-0.0196987254,2019-01-08
0.856,2.442,2.51866444,0.011820331,2019-01-09
0.845,2.431,2.48629843,-0.0128504673,2019-01-10
0.855,2.441,2.51572208,0.0118343195,2019-01-11
0.809,2.395,2.38037329,-0.0538011696,2019-01-14
0.863,2.449,2.539261,0.0667490729,2019-01-15
0.843,2.429,2.4804137,-0.023174971,2019-01-16
0.78,2.366,2.2950447,-0.0747330961,2019-01-17
0.777,2.363,2.28621761,-0.0038461538,2019-01-18
0.774,2.36,2.27739051,-0.0038610039,2019-01-21
0.762,2.348,2.24208213,-0.015503876,2019-01-22
0.69,2.276,2.03023185,-0.094488189,2019-01-23
0.698,2.284,2.05377077,0.0115942029,2019-01-24
0.707,2.293,2.08025206,0.0128939828,2019-01-25
0.704,2.29,2.07142496,-0.0042432815,2019-01-28
0.712,2.298,2.09496388,0.0113636364,2019-01-29
0.673,2.259,1.98021165,-0.0547752809,2019-01-30
0.667,2.253,1.96255746,-0.0089153046,2019-01-31
0.694,2.28,2.04200131,0.0404797601,2019-02-01
0.729,2.315,2.14498409,0.0504322767,2019-02-11
0.727,2.313,2.13909936,-0.0027434842,2019-02-12
0.766,2.352,2.25385159,0.0536451169,2019-02-13
0.761,2.347,2.23913977,-0.0065274151,2019-02-14
0.766,2.352,2.25385159,0.0065703022,2019-02-15
0.807,2.393,2.37448856,0.0535248042,2019-02-18
0.816,2.402,2.40096984,0.0111524164,2019-02-19
0.821,2.407,2.41568167,0.006127451,2019-02-20
0.794,2.38,2.33623781,-0.0328867235,2019-02-21
0.835,2.421,2.45687478,0.0516372796,2019-02-22
0.927,2.513,2.72757236,0.1101796407,2019-02-25
0.923,2.509,2.7158029,-0.0043149946,2019-02-26
1.023,2.609,3.0100394,0.1083423619,2019-02-27
1.04,2.626,3.0600596,0.0166177908,2019-02-28
1.044,2.63,3.07182906,0.0038461538,2019-03-01
1.155,2.741,3.39843158,0.1063218391,2019-03-04
1.19,2.776,3.50141435,0.0303030303,2019-03-05
1.226,2.812,3.60733949,0.0302521008,2019-03-06
1.289,2.875,3.79270849,0.0513866232,2019-03-07
1.336,2.922,3.93099964,0.0364623739,2019-03-08
1.469,3.055,4.32233419,0.0995508982,2019-03-11
1.475,3.061,4.33998838,0.0040844112,2019-03-12
1.331,2.917,3.91628782,-0.0976271186,2019-03-13
1.35,2.936,3.97219275,0.0142749812,2019-03-14
1.435,3.021,4.22229378,0.062962963,2019-03-15
1.481,3.067,4.35764257,0.0320557491,2019-03-18
1.411,2.997,4.15167702,-0.0472653612,2019-03-19
1.419,3.005,4.17521594,0.0056697378,2019-03-20
1.41,2.996,4.14873465,-0.0063424947,2019-03-21
1.389,2.975,4.08694499,-0.014893617,2019-03-22
1.35,2.936,3.97219275,-0.0280777538,2019-03-25
1.373,2.959,4.03986715,0.017037037,2019-03-26
1.309,2.895,3.85155579,-0.0466132556,2019-03-27
1.292,2.878,3.80153558,-0.012987013,2019-03-28
1.399,2.985,4.11636864,0.0828173375,2019-03-29
1.471,3.057,4.32821892,0.0514653324,2019-04-01
1.653,3.239,4.86372935,0.1237253569,2019-04-02
1.76,3.346,5.1785624,0.0647307925,2019-04-03
1.758,3.344,5.17267767,-0.0011363636,2019-04-04
1.672,3.258,4.91963428,-0.0489192264,2019-04-08
1.66,3.246,4.8843259,-0.0071770335,2019-04-09
1.65,3.236,4.85490225,-0.0060240964,2019-04-10
1.649,3.235,4.85195989,-0.0006060606,2019-04-11
1.703,3.289,5.0108476,0.0327471195,2019-04-12
1.725,3.311,5.07557963,0.0129183793,2019-04-15
1.73,3.316,5.09029145,0.0028985507,2019-04-16
1.757,3.343,5.16973531,0.0156069364,2019-04-17
1.729,3.315,5.08734909,-0.015936255,2019-04-18
1.671,3.257,4.91669192,-0.033545402,2019-04-19
1.868,3.454,5.49633782,0.117893477,2019-04-22
1.826,3.412,5.37275849,-0.02248394,2019-04-23
1.995,3.581,5.87001818,0.0925520263,2019-04-24
1.908,3.494,5.61403242,-0.0436090226,2019-04-25
1.916,3.502,5.63757134,0.0041928721,2019-04-26
1.8,3.386,5.296257,-0.0605427975,2019-04-29
1.791,3.377,5.26977572,-0.005,2019-04-30
1.514,3.1,4.45474061,-0.1546621999,2019-05-06
1.39,2.976,4.08988735,-0.0819022457,2019-05-07
1.305,2.891,3.83978633,-0.0611510791,2019-05-08
1.317,2.903,3.87509471,0.0091954023,2019-05-09
1.448,3.034,4.26054452,0.099468489,2019-05-10
1.397,2.983,4.11048391,-0.0352209945,2019-05-13
1.373,2.959,4.03986715,-0.0171796707,2019-05-14
1.425,3.011,4.19287013,0.0378732702,2019-05-15
1.402,2.988,4.12519573,-0.0161403509,2019-05-16
1.312,2.898,3.86038288,-0.0641940086,2019-05-17
1.353,2.939,3.98101985,0.03125,2019-05-20
1.423,3.009,4.1869854,0.051736881,2019-05-21
1.405,2.991,4.13402283,-0.0126493324,2019-05-22
1.303,2.889,3.8339016,-0.0725978648,2019-05-23
1.303,2.889,3.8339016,0.0,2019-05-24
1.394,2.98,4.10165681,0.0698388335,2019-05-27
1.385,2.971,4.07517553,-0.006456241,2019-05-28
1.377,2.963,4.05163661,-0.0057761733,2019-05-29
1.324,2.91,3.89569126,-0.0384894699,2019-05-30
1.309,2.895,3.85155579,-0.0113293051,2019-05-31
1.299,2.885,3.82213214,-0.0076394194,2019-06-03
1.256,2.842,3.69561044,-0.0331023865,2019-06-04
1.246,2.832,3.66618679,-0.0079617834,2019-06-05
1.219,2.805,3.58674294,-0.0216693419,2019-06-06
1.249,2.835,3.67501389,0.0246103363,2019-06-10
1.367,2.953,4.02221296,0.0944755805,2019-06-11
1.336,2.922,3.93099964,-0.0226773958,2019-06-12
1.361,2.947,4.00455877,0.0187125749,2019-06-13
1.283,2.869,3.7750543,-0.0573108009,2019-06-14
1.289,2.875,3.79270849,0.0046765394,2019-06-17
1.328,2.914,3.90746072,0.0302560124,2019-06-18
1.351,2.937,3.97513512,0.0173192771,2019-06-19
1.423,3.009,4.1869854,0.0532938564,2019-06-20
1.455,3.041,4.28114108,0.022487702,2019-06-21
1.43,3.016,4.20758195,-0.0171821306,2019-06-24
1.405,2.991,4.13402283,-0.0174825175,2019-06-25
1.368,2.954,4.02515532,-0.0263345196,2019-06-26
1.46,3.046,4.2958529,0.067251462,2019-06-27
1.46,3.046,4.2958529,0.0,2019-06-28
1.619,3.205,4.76368894,0.1089041096,2019-07-01
1.62,3.206,4.7666313,0.0006176652,2019-07-02
1.593,3.179,4.68718745,-0.0166666667,2019-07-03
1.583,3.169,4.6577638,-0.0062774639,2019-07-04
1.583,3.169,4.6577638,0.0,2019-07-05
1.513,3.099,4.45179825,-0.0442198358,2019-07-08
1.175,3.111,4.48710663,0.0079312624,2019-07-09
1.18,3.116,4.5062007,0.0042553191,2019-07-10
1.181,3.117,4.51001951,0.0008474576,2019-07-11
1.121,3.057,4.28089066,-0.050804403,2019-07-12
1.242,3.178,4.74296717,0.1079393399,2019-07-15
1.24,3.176,4.73532954,-0.001610306,2019-07-16
1.235,3.171,4.71623547,-0.0040322581,2019-07-17
1.178,3.114,4.49856307,-0.0461538462,2019-07-18
1.176,3.112,4.49092544,-0.0016977929,2019-07-19
1.163,3.099,4.44128086,-0.0110544218,2019-07-22
1.212,3.148,4.62840275,0.0421324162,2019-07-23
1.219,3.155,4.65513445,0.0057755776,2019-07-24
1.253,3.189,4.78497413,0.0278917145,2019-07-25
1.237,3.173,4.7238731,-0.0127693536,2019-07-26
1.265,3.201,4.8307999,0.0226354082,2019-07-29
1.274,3.21,4.86516923,0.0071146245,2019-07-30
1.291,3.227,4.93008907,0.0133437991,2019-07-31
1.286,3.222,4.910995,-0.0038729667,2019-08-01
1.234,3.17,4.71241666,-0.0404354588,2019-08-02
1.193,3.129,4.55584528,-0.0332252836,2019-08-05
1.135,3.071,4.33435406,-0.0486169321,2019-08-06
1.095,3.031,4.18160149,-0.0352422907,2019-08-07
1.15,3.086,4.39163627,0.0502283105,2019-08-08
1.151,3.087,4.39545509,0.0008695652,2019-08-09
1.197,3.133,4.57112054,0.0399652476,2019-08-12
1.151,3.087,4.39545509,-0.0384294069,2019-08-13
1.161,3.097,4.43364323,0.0086880973,2019-08-14
1.185,3.121,4.52529477,0.0206718346,2019-08-15
1.205,3.141,4.60167105,0.0168776371,2019-08-16
1.28,3.216,4.88808211,0.0622406639,2019-08-19
1.296,3.232,4.94918314,0.0125,2019-08-20
1.292,3.228,4.93390788,-0.0030864198,2019-08-21
1.298,3.234,4.95682077,0.0046439628,2019-08-22
1.304,3.24,4.97973365,0.0046224961,2019-08-23
1.361,3.297,5.19740606,0.0437116564,2019-08-26
1.382,3.318,5.27760115,0.015429831,2019-08-27
1.364,3.3,5.2088625,-0.013024602,2019-08-28
1.382,3.318,5.27760115,0.0131964809,2019-08-29
1.333,3.269,5.09047926,-0.0354558611,2019-08-30
1.417,3.353,5.41125965,0.0630157539,2019-09-02
1.451,3.387,5.54109933,0.0239943543,2019-09-03
1.46,3.396,5.57546866,0.0062026189,2019-09-04
1.469,3.405,5.60983798,0.0061643836,2019-09-05
1.489,3.425,5.68621427,0.0136147039,2019-09-06
1.549,3.485,5.91534312,0.0402955003,2019-09-09
1.517,3.453,5.79314106,-0.0206584893,2019-09-10
1.497,3.433,5.71676478,-0.0131839156,2019-09-11
1.583,3.519,6.0451828,0.0574482298,2019-09-12
1.631,3.567,6.22848588,0.0303221731,2019-09-16
1.582,3.518,6.04136398,-0.0300429185,2019-09-17
1.598,3.534,6.10246501,0.01011378,2019-09-18
1.755,3.691,6.70201883,0.0982478098,2019-09-19
1.824,3.76,6.96551701,0.0393162393,2019-09-20
1.856,3.792,7.08771906,0.0175438596,2019-09-23
1.846,3.782,7.04953092,-0.005387931,2019-09-24
1.745,3.681,6.66383069,-0.0547128927,2019-09-25
1.655,3.591,6.32013742,-0.0515759312,2019-09-26
1.668,3.604,6.369782,0.0078549849,2019-09-27
1.579,3.515,6.02990754,-0.0533573141,2019-09-30
1.551,3.487,5.92298074,-0.0177327422,2019-10-08
1.566,3.502,5.98026296,0.0096711799,2019-10-09
1.604,3.54,6.12537789,0.024265645,2019-10-10
1.57,3.506,5.99553821,-0.0211970075,2019-10-11
1.624,3.56,6.20175418,0.0343949045,2019-10-14
1.523,3.459,5.81605395,-0.0621921182,2019-10-15
1.59,3.526,6.0719145,0.0439921208,2019-10-16
1.665,3.601,6.35832556,0.0471698113,2019-10-17
1.656,3.592,6.32395623,-0.0054054054,2019-10-18
1.645,3.581,6.28194927,-0.0066425121,2019-10-21
1.718,3.654,6.56072271,0.0443768997,2019-10-22
1.681,3.617,6.41942658,-0.0215366705,2019-10-23
1.646,3.582,6.28576809,-0.0208209399,2019-10-24
1.676,3.612,6.40033251,0.0182260024,2019-10-25
1.718,3.654,6.56072271,0.0250596659,2019-10-28
1.707,3.643,6.51871575,-0.0064027939,2019-10-29
1.7,3.636,6.49198405,-0.0041007616,2019-10-30
1.702,3.638,6.49962168,0.0011764706,2019-10-31
1.729,3.665,6.60272966,0.0158636898,2019-11-01
1.756,3.692,6.70583765,0.015615963,2019-11-04
1.754,3.69,6.69820002,-0.0011389522,2019-11-05
1.735,3.671,6.62564255,-0.0108323831,2019-11-06
1.826,3.762,6.97315464,0.0524495677,2019-11-07
1.831,3.767,6.99224871,0.0027382256,2019-11-08
1.779,3.715,6.79367037,-0.0283997815,2019-11-11
1.708,3.644,6.52253457,-0.0399100618,2019-11-12
1.661,3.597,6.3430503,-0.0275175644,2019-11-13
1.701,3.637,6.49580287,0.0240818784,2019-11-14
1.635,3.571,6.24376113,-0.0388007055,2019-11-15
1.638,3.574,6.25521758,0.0018348624,2019-11-18
1.681,3.617,6.41942658,0.0262515263,2019-11-19
1.618,3.554,6.17884129,-0.0374776919,2019-11-20
1.577,3.513,6.02226991,-0.0253399258,2019-11-21
1.494,3.43,5.70530834,-0.0526315789,2019-11-22
1.424,3.36,5.43799135,-0.046854083,2019-11-25
1.432,3.368,5.46854186,0.0056179775,2019-11-26
1.435,3.371,5.4799983,0.0020949721,2019-11-27
1.433,3.369,5.47236068,-0.0013937282,2019-11-28
1.455,3.391,5.55637459,0.0153524075,2019-11-29
1.472,3.408,5.62129443,0.0116838488,2019-12-02
1.48,3.416,5.65184494,0.0054347826,2019-12-03
1.442,3.378,5.50673,-0.0256756757,2019-12-04
1.53,3.466,5.84278565,0.0610263523,2019-12-05
1.582,3.518,6.04136398,0.0339869281,2019-12-06
1.616,3.552,6.17120366,0.0214917826,2019-12-09
1.649,3.585,6.29722453,0.0204207921,2019-12-10
1.637,3.573,6.25139876,-0.0072771377,2019-12-11
1.653,3.589,6.31249979,0.0097739768,2019-12-12
1.706,3.642,6.51489694,0.0320629159,2019-12-13
1.738,3.674,6.63709899,0.0187573271,2019-12-16
1.73,3.666,6.60654848,-0.0046029919,2019-12-17
1.688,3.624,6.44615828,-0.0242774566,2019-12-18
1.688,3.624,6.44615828,0.0,2019-12-19
1.64,3.576,6.2628552,-0.028436019,2019-12-20
1.583,3.519,6.0451828,-0.0347560976,2019-12-23
1.655,3.591,6.32013742,0.0454832596,2019-12-24
1.841,3.777,7.03043685,0.1123867069,2019-12-25
1.849,3.785,7.06098736,0.0043454644,2019-12-26
1.777,3.713,6.78603274,-0.0389399676,2019-12-27
1.791,3.727,6.83949614,0.0078784468,2019-12-30
1.788,3.724,6.8280397,-0.0016750419,2019-12-31
1.876,3.812,7.16409534,0.0492170022,2020-01-02
1.863,3.799,7.11445076,-0.0069296375,2020-01-03
1.913,3.849,7.30539147,0.0268384326,2020-01-06
1.98,3.916,7.56125201,0.0350235233,2020-01-07
1.911,3.847,7.29775384,-0.0348484848,2020-01-08
1.995,3.931,7.61853423,0.043956044,2020-01-09
2.014,3.95,7.6910917,0.0095238095,2020-01-10
2.119,4.055,8.09206718,0.0521350546,2020-01-13
2.079,4.015,7.93931462,-0.0188768287,2020-01-14
2.188,4.124,8.35556536,0.0524290524,2020-01-15
2.22,4.156,8.47776741,0.0146252285,2020-01-16
2.22,4.156,8.47776741,0.0,2020-01-17
2.353,4.289,8.98566969,0.0599099099,2020-01-20
2.316,4.252,8.84437357,-0.0157246069,2020-01-21
2.448,4.384,9.34845704,0.0569948187,2020-01-22
2.277,4.213,8.69543982,-0.0698529412,2020-01-23
1.929,3.865,7.36649249,-0.1528326746,2020-02-03
2.01,3.946,7.67581644,0.0419906687,2020-02-04
2.11,4.046,8.05769785,0.0497512438,2020-02-05
2.261,4.197,8.63433879,0.071563981,2020-02-06
2.348,4.284,8.96657562,0.0384785493,2020-02-07
2.431,4.367,9.2835372,0.0353492334,2020-02-10
2.368,4.304,9.0429519,-0.0259152612,2020-02-11
2.596,4.532,9.91364153,0.0962837838,2020-02-12
2.684,4.62,10.24969718,0.0338983051,2020-02-13
1.713,4.6,10.17332089,-0.0074515648,2020-02-14
1.802,4.689,10.70188222,0.0519556334,2020-02-17
1.937,4.824,11.50363256,0.0749167592,2020-02-18
1.996,4.883,11.85402715,0.0304594734,2020-02-19
2.043,4.93,12.13315504,0.0235470942,2020-02-20
2.045,4.932,12.14503282,0.0009789525,2020-02-21
2.204,5.091,13.08931655,0.0777506112,2020-02-24
2.39,5.277,14.19395034,0.0843920145,2020-02-25
2.158,5.045,12.81612755,-0.0970711297,2020-02-26
2.127,5.014,12.63202191,-0.0143651529,2020-02-27
1.912,4.799,11.35516027,-0.1010813352,2020-02-28
2.044,4.931,12.13909393,0.0690376569,2020-03-02
2.097,4.984,12.45385517,0.0259295499,2020-03-03
2.062,4.949,12.24599398,-0.0166905103,2020-03-04
2.115,5.002,12.56075522,0.0257032008,2020-03-05
2.153,5.04,12.78643309,0.0179669031,2020-03-06
1.938,4.825,11.50957145,-0.0998606595,2020-03-09
2.146,5.033,12.74486085,0.1073271414,2020-03-10
2.111,4.998,12.53699965,-0.0163094129,2020-03-11
2.051,4.938,12.18066617,-0.0284225486,2020-03-12
2.155,5.042,12.79831087,0.0507069722,2020-03-13
2.037,4.924,12.09752169,-0.0547563805,2020-03-16
2.158,5.045,12.81612755,0.05940108,2020-03-17
2.074,4.961,12.31726067,-0.0389249305,2020-03-18
2.138,5.025,12.69734972,0.0308582449,2020-03-19
2.048,4.935,12.1628495,-0.0420954163,2020-03-20
1.813,4.7,10.76721003,-0.1147460938,2020-03-23
1.833,4.72,10.88598786,0.0110314396,2020-03-24
1.903,4.79,11.30171025,0.0381887616,2020-03-25
1.845,4.732,10.95725455,-0.0304781923,2020-03-26
1.796,4.683,10.66624888,-0.0265582656,2020-03-27
1.677,4.564,9.9595208,-0.0662583519,2020-03-30
1.645,4.532,9.76947628,-0.0190816935,2020-03-31
1.67,4.557,9.91794856,0.0151975684,2020-04-01
1.787,4.674,10.61279885,0.0700598802,2020-04-02
1.735,4.622,10.3039765,-0.0290990487,2020-04-03
1.802,4.689,10.70188222,0.0386167147,2020-04-07
1.794,4.681,10.65437109,-0.0044395117,2020-04-08
1.812,4.699,10.76127114,0.0100334448,2020-04-09
1.741,4.628,10.33960985,-0.039183223,2020-04-10
1.644,4.531,9.76353739,-0.0557151063,2020-04-13
1.771,4.658,10.51777659,0.0772506083,2020-04-14
1.798,4.685,10.67812666,0.0152456239,2020-04-15
1.806,4.693,10.72563779,0.0044493882,2020-04-16
1.835,4.722,10.89786564,0.0160575858,2020-04-17
1.862,4.749,11.0582157,0.0147138965,2020-04-20
1.862,4.749,11.0582157,0.0,2020-04-21
1.879,4.766,11.15917686,0.0091299678,2020-04-22
1.806,4.693,10.72563779,-0.0388504524,2020-04-23
1.779,4.666,10.56528772,-0.0149501661,2020-04-24
1.766,4.653,10.48808213,-0.0073074761,2020-04-27
1.85,4.737,10.98694901,0.0475651189,2020-04-28
1.855,4.742,11.01664347,0.0027027027,2020-04-29
2.027,4.914,12.03813278,0.092722372,2020-04-30
2.142,5.029,12.72110528,0.0567340898,2020-05-06
2.105,4.992,12.5013663,-0.0172735761,2020-05-07
2.148,5.035,12.75673863,0.0204275534,2020-05-08
2.127,5.014,12.63202191,-0.0097765363,2020-05-11
2.161,5.048,12.83394422,0.0159849553,2020-05-12
2.265,5.152,13.45158892,0.0481258677,2020-05-13
2.253,5.14,13.38032222,-0.0052980132,2020-05-14
2.299,5.186,13.65351123,0.0204172215,2020-05-15
2.199,5.086,13.05962209,-0.0434971727,2020-05-18
2.323,5.21,13.79604462,0.0563892678,2020-05-19
2.356,5.243,13.99202803,0.0142057684,2020-05-20
2.263,5.15,13.43971114,-0.0394736842,2020-05-21
2.11,4.997,12.53106076,-0.0676093681,2020-05-22
2.09,4.977,12.41228293,-0.009478673,2020-05-25
2.179,5.066,12.94084426,0.0425837321,2020-05-26
2.056,4.943,12.21036063,-0.0564479119,2020-05-27
2.073,4.96,12.31132178,0.0082684825,2020-05-28
2.064,4.951,12.25787176,-0.004341534,2020-05-29
2.246,5.133,13.33874999,0.0881782946,2020-06-01
2.292,5.179,13.61193899,0.0204808549,2020-06-02
2.311,5.198,13.72477792,0.0082897033,2020-06-03
2.287,5.174,13.58224453,-0.0103851147,2020-06-04
2.37,5.257,14.07517251,0.0362920857,2020-06-05
2.445,5.332,14.52058937,0.0316455696,2020-06-08
2.485,5.372,14.75814502,0.0163599182,2020-06-09
2.433,5.32,14.44932267,-0.0209255533,2020-06-10
2.444,5.331,14.51465047,0.0045211673,2020-06-11
2.373,5.26,14.09298919,-0.0290507365,2020-06-12
2.43,5.317,14.43150599,0.0240202276,2020-06-15
2.43,5.317,14.43150599,0.0,2020-06-16
2.333,5.22,13.85543353,-0.0399176955,2020-06-17
2.355,5.242,13.98608914,0.0094299186,2020-06-18
2.432,5.319,14.44338378,0.0326963907,2020-06-19
2.644,5.531,15.70242875,0.0871710526,2020-06-22
2.705,5.592,16.06470112,0.0230711044,2020-06-23
2.626,5.513,15.5955287,-0.0292051756,2020-06-24
2.651,5.538,15.74400098,0.0095201828,2020-06-29
2.838,5.725,16.85457367,0.0705394191,2020-06-30
2.844,5.731,16.89020702,0.0021141649,2020-07-01
2.864,5.751,17.00898484,0.0070323488,2020-07-02
3.037,5.924,18.03641305,0.0604050279,2020-07-03
3.263,6.15,19.37860249,0.0744155417,2020-07-06
3.313,6.2,19.67554706,0.0153233221,2020-07-07
3.448,6.335,20.4772974,0.0407485663,2020-07-08
3.544,6.431,21.04743097,0.0278422274,2020-07-09
3.477,6.364,20.64952524,-0.0189051919,2020-07-10
3.667,6.554,21.7779146,0.0546448087,2020-07-13
3.61,6.497,21.4393978,-0.0155440415,2020-07-14
3.614,6.501,21.46315336,0.0011080332,2020-07-15
3.245,6.132,19.27170245,-0.102102933,2020-07-16
3.118,6.005,18.51746325,-0.0391371341,2020-07-17
3.206,6.093,19.04008569,0.02822322,2020-07-20
3.311,6.198,19.66366928,0.0327510917,2020-07-21
3.338,6.225,19.82401935,0.0081546361,2020-07-22
3.352,6.239,19.90716383,0.0041941282,2020-07-23
3.032,5.919,18.00671859,-0.0954653938,2020-07-24
3.001,5.888,17.82261296,-0.0102242744,2020-07-27
3.039,5.926,18.04829083,0.0126624459,2020-07-28
3.162,6.049,18.77877447,0.0404738401,2020-07-29
3.167,6.054,18.80846892,0.0015812777,2020-07-30
3.203,6.09,19.02226901,0.0113672245,2020-07-31
3.312,6.199,19.66960817,0.0340305963,2020-08-03
3.256,6.143,19.33703026,-0.0169082126,2020-08-04
3.287,6.174,19.52113589,0.0095208845,2020-08-05
3.251,6.138,19.3073358,-0.0109522361,2020-08-06
3.19,6.077,18.94506343,-0.0187634574,2020-08-07
3.221,6.108,19.12916906,0.0097178683,2020-08-10
3.049,5.936,18.10767974,-0.0533995654,2020-08-11
2.982,5.869,17.70977402,-0.0219744178,2020-08-12
2.982,5.869,17.70977402,0.0,2020-08-13
3.026,5.913,17.97108524,0.0147551979,2020-08-14
3.146,6.033,18.68375221,0.039656312,2020-08-17
3.141,6.028,18.65405775,-0.0015893198,2020-08-18
3.006,5.893,17.85230742,-0.0429799427,2020-08-19
2.933,5.82,17.41876835,-0.0242847638,2020-08-20
2.897,5.784,17.20496826,-0.0122741221,2020-08-21
3.003,5.89,17.83449074,0.0365895754,2020-08-24
2.888,5.775,17.15151824,-0.0382950383,2020-08-25
2.685,5.572,15.94592329,-0.0702908587,2020-08-26
2.75,5.637,16.33195123,0.0242085661,2020-08-27
2.798,5.685,16.61701801,0.0174545455,2020-08-28
2.806,5.693,16.66452914,0.0028591851,2020-08-31
2.811,5.698,16.6942236,0.0017818959,2020-09-01
2.782,5.669,16.52199575,-0.0103166133,2020-09-02
2.73,5.617,16.2131734,-0.0186915888,2020-09-03
2.79,5.677,16.56950688,0.021978022,2020-09-04
2.741,5.628,16.27850121,-0.017562724,2020-09-07
2.705,5.592,16.06470112,-0.0131338927,2020-09-08
2.517,5.404,14.94818954,-0.0695009242,2020-09-09
2.478,5.365,14.71657278,-0.0154946365,2020-09-10
2.69,5.577,15.97561775,0.0855528652,2020-09-11
2.704,5.591,16.05876223,0.005204461,2020-09-14
2.687,5.574,15.95780107,-0.0062869822,2020-09-15
2.762,5.649,16.40321793,0.0279121697,2020-09-16
2.844,5.731,16.89020702,0.0296886314,2020-09-17
2.862,5.749,16.99710706,0.0063291139,2020-09-18
2.828,5.715,16.79518475,-0.0118798043,2020-09-21
2.695,5.582,16.0053122,-0.047029703,2020-09-22
2.812,5.699,16.70016249,0.0434137291,2020-09-23
2.649,5.536,15.7321232,-0.0579658606,2020-09-24
2.58,5.467,15.3223397,-0.0260475651,2020-09-25
2.588,5.475,15.36985083,0.0031007752,2020-09-28
2.607,5.494,15.48268976,0.0073415765,2020-09-29
2.606,5.493,15.47675087,-0.0003835827,2020-09-30
2.817,5.704,16.72985695,0.0809669992,2020-10-09
2.924,5.811,17.36531832,0.0379836706,2020-10-12
3.027,5.914,17.97702413,0.0352257182,2020-10-13
2.982,5.869,17.70977402,-0.0148662042,2020-10-14
2.996,5.883,17.7929185,0.0046948357,2020-10-15
2.796,5.683,16.60514023,-0.0667556742,2020-10-16
2.766,5.653,16.42697349,-0.0107296137,2020-10-19
2.871,5.758,17.05055708,0.0379609544,2020-10-20
2.787,5.674,16.55169021,-0.0292580982,2020-10-21
2.734,5.621,16.23692897,-0.019016864,2020-10-22
2.605,5.492,15.47081198,-0.0471836138,2020-10-23
2.619,5.506,15.55395646,0.0053742802,2020-10-26
2.63,5.517,15.61928427,0.0042000764,2020-10-27
2.709,5.596,16.08845668,0.0300380228,2020-10-28
2.8,5.687,16.6288958,0.0335917313,2020-10-29
2.681,5.568,15.92216773,-0.0425,2020-10-30
2.67,5.557,15.85683992,-0.0041029467,2020-11-02
2.777,5.664,16.4923013,0.0400749064,2020-11-03
2.81,5.697,16.68828471,0.0118833273,2020-11-04
2.861,5.748,16.99116817,0.0181494662,2020-11-05
2.728,5.615,16.20129562,-0.0464872422,2020-11-06
2.972,5.859,17.65038511,0.0894428152,2020-11-09
2.988,5.875,17.74540737,0.0053835801,2020-11-10
2.842,5.729,16.87832923,-0.0488621151,2020-11-11
2.785,5.672,16.53981243,-0.0200562984,2020-11-12
2.804,5.691,16.65265136,0.0068222621,2020-11-13
2.853,5.74,16.94365704,0.0174750357,2020-11-16
2.656,5.543,15.77369544,-0.0690501227,2020-11-17
2.602,5.489,15.45299531,-0.0203313253,2020-11-18
2.596,5.483,15.41736196,-0.0023059185,2020-11-19
2.764,5.651,16.41509571,0.0647149461,2020-11-20
2.808,5.695,16.67640693,0.015918958,2020-11-23
2.823,5.71,16.7654903,0.0053418803,2020-11-24
2.842,5.729,16.87832923,0.0067304286,2020-11-25
2.806,5.693,16.66452914,-0.0126671358,2020-11-26
2.772,5.659,16.46260684,-0.0121168924,2020-11-27
2.736,5.623,16.24880675,-0.012987013,2020-11-30
2.82,5.707,16.74767362,0.0307017544,2020-12-01
2.952,5.839,17.53160728,0.0468085106,2020-12-02
2.884,5.771,17.12776267,-0.0230352304,2020-12-03
3.011,5.898,17.88200187,0.044036061,2020-12-04
2.981,5.868,17.70383513,-0.0099634673,2020-12-07
2.927,5.814,17.383135,-0.0181147266,2020-12-08
2.739,5.626,16.26662342,-0.0642295866,2020-12-09
2.825,5.712,16.77736808,0.0313983206,2020-12-10
2.646,5.533,15.71430653,-0.0633628319,2020-12-11
2.811,5.698,16.6942236,0.0623582766,2020-12-14
2.881,5.768,17.109946,0.02490217,2020-12-15
2.855,5.742,16.95553482,-0.0090246442,2020-12-16
2.906,5.793,17.25841828,0.0178633975,2020-12-17
2.963,5.85,17.59693509,0.0196145905,2020-12-18
3.105,5.992,18.44025766,0.0479244009,2020-12-21
2.901,5.788,17.22872382,-0.0657004831,2020-12-22
3.131,6.018,18.59466884,0.0792830059,2020-12-23
3.122,6.009,18.54121881,-0.002874481,2020-12-24
3.271,6.158,19.42611363,0.0477258168,2020-12-25
3.157,6.044,18.74908001,-0.0348517273,2020-12-28
2.881,5.768,17.109946,-0.0874247704,2020-12-29
2.908,5.795,17.27029606,0.0093717459,2020-12-30
3.009,5.896,17.87012409,0.0347317744,2020-12-31
3.181,6.068,18.8916134,0.0571618478,2021-01-04
3.258,6.145,19.34890804,0.0242062245,2021-01-05
3.174,6.061,18.85004116,-0.0257826888,2021-01-06
3.464,6.351,20.57231966,0.0913673598,2021-01-07
3.598,6.485,21.3681311,0.0386836028,2021-01-08
3.53,6.417,20.96428649,-0.0188993885,2021-01-11
3.921,6.808,23.28639301,0.1107648725,2021-01-12
4.055,6.942,24.08220445,0.0341749554,2021-01-13
3.85,6.737,22.86473172,-0.0505548705,2021-01-14
3.639,6.526,21.61162564,-0.0548051948,2021-01-15
3.867,6.754,22.96569287,0.0626545754,2021-01-18
3.69,6.577,21.9145091,-0.0457719162,2021-01-19
3.799,6.686,22.56184826,0.0295392954,2021-01-20
4.003,6.89,23.7733821,0.0536983417,2021-01-21
4.098,6.985,24.33757678,0.0237322008,2021-01-22
4.029,6.916,23.92779327,-0.0168374817,2021-01-25
4.196,7.083,24.91958813,0.0414494912,2021-01-26
4.139,7.026,24.58107132,-0.0135843661,2021-01-27
3.788,6.675,22.49652046,-0.0848030925,2021-01-28
3.541,6.428,21.02961429,-0.0652059134,2021-01-29
3.644,6.531,21.6413201,0.0290878283,2021-02-01
3.755,6.642,22.30053704,0.0304610318,2021-02-02
3.763,6.65,22.34804817,0.0021304927,2021-02-03
3.656,6.543,21.7125868,-0.0284347595,2021-02-04
3.4,6.287,20.19223061,-0.0700218818,2021-02-05
3.44,6.327,20.42978626,0.0117647059,2021-02-08
3.658,6.545,21.72446458,0.063372093,2021-02-09
3.765,6.652,22.35992596,0.0292509568,2021-02-10
3.789,6.676,22.50245935,0.006374502,2021-02-18
3.735,6.622,22.18175921,-0.0142517815,2021-02-19
3.997,6.884,23.73774875,0.0701472557,2021-02-22
3.827,6.714,22.72813722,-0.0425318989,2021-02-23
3.722,6.609,22.10455363,-0.0274366344,2021-02-24
3.701,6.588,21.97983691,-0.0056421279,2021-02-25
3.719,6.606,22.08673695,0.0048635504,2021-02-26
3.853,6.74,22.88254839,0.0360311912,2021-03-01
3.797,6.684,22.54997048,-0.0145341292,2021-03-02
3.917,6.804,23.26263744,0.0316038978,2021-03-03
3.816,6.703,22.66280941,-0.0257850396,2021-03-04
3.79,6.677,22.50839824,-0.0068134172,2021-03-05
3.558,6.445,21.13057544,-0.0612137203,2021-03-08
3.359,6.246,19.94873606,-0.0559302979,2021-03-09
3.385,6.272,20.10314724,0.0077403989,2021-03-10
3.495,6.382,20.75642529,0.0324963072,2021-03-11
3.665,6.552,21.76603682,0.0486409156,2021-03-12
3.673,6.56,21.81354795,0.0021828104,2021-03-15
3.765,6.652,22.35992596,0.025047645,2021-03-16
3.82,6.707,22.68656498,0.0146082337,2021-03-17
4.161,7.048,24.71172693,0.0892670157,2021-03-18
4.014,6.901,23.8387099,-0.0353280461,2021-03-19
4.09,6.977,24.29006565,0.0189337319,2021-03-22
4.021,6.908,23.88028214,-0.0168704156,2021-03-23
3.922,6.809,23.2923319,-0.0246207411,2021-03-24
3.975,6.862,23.60709314,0.0135135135,2021-03-25
4.118,7.005,24.4563546,0.0359748428,2021-03-26
3.983,6.87,23.65460427,-0.0327829043,2021-03-29
4.041,6.928,23.99905997,0.014561888,2021-03-30
3.893,6.78,23.12010405,-0.0366245979,2021-03-31
3.978,6.865,23.62490981,0.0218340611,2021-04-01
4.049,6.936,24.0465711,0.0178481649,2021-04-02
4.096,6.983,24.32569899,0.0116078044,2021-04-06
4.052,6.939,24.06438777,-0.0107421875,2021-04-07
4.003,6.89,23.7733821,-0.0120927937,2021-04-08
3.947,6.834,23.44080418,-0.0139895079,2021-04-09
3.817,6.704,22.66874831,-0.0329364074,2021-04-12
3.749,6.636,22.26490369,-0.017815038,2021-04-13
3.874,6.761,23.00726511,0.0333422246,2021-04-14
3.872,6.759,22.99538733,-0.0005162623,2021-04-15
3.795,6.682,22.5380927,-0.0198863636,2021-04-16
3.961,6.848,23.52394866,0.0437417655,2021-04-19
3.944,6.831,23.42298751,-0.0042918455,2021-04-20
3.936,6.823,23.37547638,-0.0020283976,2021-04-21
3.976,6.863,23.61303203,0.0101626016,2021-04-22
3.926,6.813,23.31608746,-0.0125754527,2021-04-23
3.774,6.661,22.41337598,-0.0387162506,2021-04-26
3.793,6.68,22.52621491,0.0050344462,2021-04-27
3.772,6.659,22.40149819,-0.0055365146,2021-04-28
3.741,6.628,22.21739256,-0.0082184517,2021-04-29
3.804,6.691,22.59154272,0.016840417,2021-04-30
3.843,6.73,22.82315948,0.0102523659,2021-05-06
3.667,6.554,21.7779146,-0.045797554,2021-05-07
3.805,6.692,22.59748161,0.0376329425,2021-05-10
3.851,6.738,22.87067061,0.0120893561,2021-05-11
3.904,6.791,23.18543185,0.013762659,2021-05-12
3.797,6.684,22.54997048,-0.0274077869,2021-05-13
3.836,6.723,22.78158724,0.0102712668,2021-05-14
3.901,6.788,23.16761518,0.0169447341,2021-05-17
3.853,6.74,22.88254839,-0.0123045373,2021-05-18
3.962,6.849,23.52988755,0.0282896444,2021-05-19
3.945,6.832,23.4289264,-0.0042907622,2021-05-20
3.853,6.74,22.88254839,-0.0233206591,2021-05-21
3.816,6.703,22.66280941,-0.0096029068,2021-05-24
3.86,6.747,22.92412063,0.0115303983,2021-05-25
3.846,6.733,22.84097616,-0.003626943,2021-05-26
3.942,6.829,23.41110973,0.0249609984,2021-05-27
3.928,6.815,23.32796525,-0.0035514967,2021-05-28
4.154,7.041,24.67015469,0.0575356415,2021-05-31
4.225,7.112,25.09181598,0.0170919596,2021-06-01
4.166,7.053,24.74142139,-0.013964497,2021-06-02
4.13,7.017,24.5276213,-0.0086413826,2021-06-03
4.186,7.073,24.86019922,0.013559322,2021-06-04
4.292,7.179,25.4897217,0.0253225036,2021-06-07
4.264,7.151,25.32343274,-0.0065237651,2021-06-08
4.294,7.181,25.50159948,0.0070356473,2021-06-09
4.423,7.31,26.26771647,0.030041919,2021-06-10
4.423,7.31,26.26771647,0.0,2021-06-11
4.379,7.266,26.00640525,-0.0099479991,2021-06-15
4.19,7.077,24.88395478,-0.0431605389,2021-06-16
4.472,7.359,26.55872214,0.0673031026,2021-06-17
4.478,7.365,26.59435549,0.0013416816,2021-06-18
4.789,7.676,28.4413507,0.0694506476,2021-06-21
4.827,7.714,28.66702858,0.0079348507,2021-06-22
5.18,8.067,30.76345722,0.0731303087,2021-06-23
5.166,8.053,30.68031274,-0.0027027027,2021-06-24
5.181,8.068,30.76939612,0.0029036005,2021-06-25
5.216,8.103,30.97725731,0.0067554526,2021-06-28
5.243,8.13,31.13760738,0.0051763804,2021-06-29
5.568,8.455,33.06774707,0.0619874118,2021-06-30
5.299,8.186,31.4701853,-0.0483117816,2021-07-01
5.343,8.23,31.73149651,0.0083034535,2021-07-02
5.4,8.287,32.07001332,0.010668164,2021-07-05
5.362,8.249,31.84433545,-0.007037037,2021-07-06
5.735,8.622,34.05954193,0.0695635957,2021-07-07
5.807,8.694,34.4871421,0.01255449,2021-07-08
5.869,8.756,34.85535337,0.0106767694,2021-07-09
6.168,9.055,36.63108188,0.0509456466,2021-07-12
6.235,9.122,37.0289876,0.0108625162,2021-07-13
6.135,9.022,36.43509847,-0.0160384924,2021-07-14
6.59,9.477,39.13729404,0.0741646292,2021-07-15
6.633,9.52,39.39266636,0.0065250379,2021-07-16
6.671,9.558,39.61834424,0.0057289311,2021-07-19
6.722,9.609,39.92122769,0.0076450307,2021-07-20
6.986,9.873,41.48909501,0.0392740256,2021-07-21
7.062,9.949,41.94045076,0.0108789007,2021-07-22
7.367,10.254,43.75181262,0.0431888983,2021-07-23
7.428,10.315,44.11408499,0.0082801683,2021-07-26
6.696,9.583,39.76681652,-0.098546042,2021-07-27
6.724,9.611,39.93310548,0.004181601,2021-07-28
7.436,10.323,44.16159612,0.1058893516,2021-07-29
7.494,10.381,44.50605182,0.0077998924,2021-07-30
7.415,10.302,44.0368794,-0.0105417667,2021-08-02
7.043,9.93,41.82761182,-0.0501685772,2021-08-03
7.444,10.331,44.20910725,0.0569359648,2021-08-04
7.253,10.14,43.074779,-0.0256582483,2021-08-05
7.334,10.221,43.5558292,0.0111677926,2021-08-06
7.2,10.087,42.76001776,-0.0182710663,2021-08-09
7.396,10.283,43.92404047,0.0272222222,2021-08-10
7.535,10.422,44.74954637,0.0187939427,2021-08-11
7.471,10.358,44.36945732,-0.0084936961,2021-08-12
7.313,10.2,43.43111249,-0.0211484406,2021-08-13
7.241,10.128,43.00351231,-0.0098454807,2021-08-16
7.007,9.894,41.61381173,-0.0323159785,2021-08-17
6.973,9.86,41.41188943,-0.0048522906,2021-08-18
7.147,10.034,42.44525652,0.0249533917,2021-08-19
7.22,10.107,42.87879559,0.0102140758,2021-08-20
7.759,10.646,46.07985803,0.0746537396,2021-08-23
7.817,10.704,46.42431373,0.0074751901,2021-08-24
8.105,10.992,48.13471444,0.0368427786,2021-08-25
8.04,10.927,47.7486865,-0.0080197409,2021-08-26
8.376,11.263,49.744154,0.0417910448,2021-08-27
8.756,11.643,52.00093271,0.0453677173,2021-08-30
8.658,11.545,51.41892136,-0.0111923253,2021-08-31
8.034,10.921,47.71305315,-0.0720720721,2021-09-01
8.314,11.201,49.37594273,0.0348518795,2021-09-02
7.996,10.883,47.48737528,-0.0382487371,2021-09-03
7.942,10.829,47.16667515,-0.0067533767,2021-09-06
8.05,10.937,47.80807542,0.0135985898,2021-09-07
7.777,10.664,46.18675808,-0.0339130435,2021-09-08
7.768,10.655,46.13330805,-0.0011572586,2021-09-09
7.832,10.719,46.5133971,0.0082389289,2021-09-10
7.672,10.559,45.56317448,-0.0204290092,2021-09-13
7.66,10.547,45.49190779,-0.0015641293,2021-09-14
7.992,10.879,47.46361972,0.0433420366,2021-09-15
7.489,10.376,44.47635736,-0.0629379379,2021-09-16
7.38,10.267,43.82901821,-0.0145546802,2021-09-17
7.572,10.459,44.96928535,0.0260162602,2021-09-22
7.509,10.396,44.59513519,-0.0083201268,2021-09-23
7.551,10.438,44.84456863,0.0055932881,2021-09-24
7.481,10.368,44.42884623,-0.0092702953,2021-09-27
7.313,10.2,43.43111249,-0.0224568908,2021-09-28
7.072,9.959,41.99983967,-0.0329550116,2021-09-29
7.198,10.085,42.74813998,0.0178167421,2021-09-30
7.273,10.16,43.19355683,0.010419561,2021-10-08
7.266,10.153,43.15198459,-0.0009624639,2021-10-11
7.023,9.91,41.70883399,-0.0334434352,2021-10-12
7.551,10.438,44.84456863,0.0751815463,2021-10-13
7.708,10.595,45.77697457,0.0207919481,2021-10-14
7.744,10.631,45.99077466,0.0046704722,2021-10-15
7.811,10.698,46.38868038,0.0086518595,2021-10-18
7.885,10.772,46.82815834,0.009473819,2021-10-19
8.168,11.055,48.5088646,0.0358909321,2021-10-20
7.917,10.804,47.01820287,-0.0307296768,2021-10-21
7.902,10.789,46.92911949,-0.0018946571,2021-10-22
8.074,10.961,47.95060881,0.0217666414,2021-10-25
7.982,10.869,47.4042308,-0.0113946,2021-10-26
7.943,10.83,47.17261404,-0.0048859935,2021-10-27
7.844,10.731,46.5846638,-0.0124638046,2021-10-28
8.116,11.003,48.20004225,0.0346761856,2021-10-29
8.003,10.89,47.52894752,-0.0139231148,2021-11-01
7.843,10.73,46.5787249,-0.0199925028,2021-11-02
7.925,10.812,47.065714,0.010455183,2021-11-03
8.21,11.097,48.75829803,0.0359621451,2021-11-04
7.998,10.885,47.49925306,-0.0258221681,2021-11-05
8.06,10.947,47.86746433,0.007751938,2021-11-08
8.097,10.984,48.08720331,0.0045905707,2021-11-09
8.049,10.936,47.80213652,-0.0059281215,2021-11-10
8.113,11.0,48.18222557,0.0079512983,2021-11-11
8.406,11.293,49.92232074,0.0361148774,2021-11-12
8.272,11.159,49.1265093,-0.0159409945,2021-11-15
8.164,11.051,48.48510903,-0.0130560928,2021-11-16
8.241,11.128,48.94240366,0.0094316512,2021-11-17
8.152,11.039,48.41384233,-0.0107996602,2021-11-18
8.386,11.273,49.80354291,0.0287046124,2021-11-19
8.506,11.393,50.51620987,0.0143095636,2021-11-22
8.404,11.291,49.91044296,-0.0119915354,2021-11-23
8.231,11.118,48.88301475,-0.0205854355,2021-11-24
8.202,11.089,48.7107869,-0.0035232657,2021-11-25
8.272,11.159,49.1265093,0.0085345038,2021-11-26
8.256,11.143,49.03148703,-0.001934236,2021-11-29
8.246,11.133,48.97209812,-0.0012112403,2021-11-30
8.036,10.923,47.72493094,-0.025466893,2021-12-01
7.827,10.714,46.48370264,-0.0260079642,2021-12-02
7.931,10.818,47.10134734,0.0132873387,2021-12-03
7.889,10.776,46.85191391,-0.0052956752,2021-12-06
7.914,10.801,47.00038619,0.0031689695,2021-12-07
8.072,10.959,47.93873103,0.0199646197,2021-12-08
8.136,11.023,48.31882007,0.0079286422,2021-12-09
8.185,11.072,48.60982575,0.0060226155,2021-12-10
8.304,11.191,49.31655382,0.0145387905,2021-12-13
8.224,11.111,48.84144251,-0.0096339114,2021-12-14
8.194,11.081,48.66327577,-0.0036478599,2021-12-15
8.346,11.233,49.56598726,0.0185501587,2021-12-16
8.002,10.889,47.52300863,-0.0412173496,2021-12-17
7.757,10.644,46.06798025,-0.0306173457,2021-12-20
7.868,10.755,46.72719719,0.0143096558,2021-12-21
8.043,10.93,47.76650318,0.0222419929,2021-12-22
8.12,11.007,48.22379781,0.0095735422,2021-12-23
7.953,10.84,47.23200295,-0.0205665025,2021-12-24
7.761,10.648,46.09173581,-0.0241418333,2021-12-27
7.964,10.851,47.29733076,0.0261564231,2021-12-28
7.787,10.674,46.24614699,-0.0222250126,2021-12-29
7.906,10.793,46.95287506,0.0152818801,2021-12-30
8.071,10.958,47.93279213,0.0208702251,2021-12-31
7.785,10.672,46.23426921,-0.0354355099,2022-01-04
7.571,10.458,44.96334646,-0.0274887604,2022-01-05
7.508,10.395,44.5891963,-0.0083212257,2022-01-06
7.261,10.148,43.12229014,-0.0328982419,2022-01-07
7.259,10.146,43.11041235,-0.0002754442,2022-01-10
7.339,10.226,43.58552366,0.0110208018,2022-01-11
7.639,10.526,45.36719107,0.0408775037,2022-01-12
7.549,10.436,44.83269085,-0.0117816468,2022-01-13
7.521,10.408,44.66640189,-0.0037091005,2022-01-14
7.653,10.54,45.45033555,0.0175508576,2022-01-17
7.639,10.526,45.36719107,-0.001829348,2022-01-18
7.507,10.394,44.58325741,-0.0172797487,2022-01-19
7.387,10.274,43.87059045,-0.0159850806,2022-01-20
7.366,10.253,43.74587373,-0.002842832,2022-01-21
7.508,10.395,44.5891963,0.0192777627,2022-01-24
7.338,10.225,43.57958477,-0.0226425147,2022-01-25
7.588,10.475,45.06430761,0.0340692287,2022-01-26
7.371,10.258,43.77556818,-0.028597786,2022-01-27
7.323,10.21,43.4905014,-0.0065120065,2022-01-28
7.459,10.346,44.29819062,0.0185716237,2022-02-07
7.217,10.104,42.86097892,-0.0324440273,2022-02-08
7.273,10.16,43.19355683,0.0077594568,2022-02-09
7.218,10.105,42.86691781,-0.0075622164,2022-02-10
6.979,9.866,41.44752277,-0.0331116653,2022-02-11
6.929,9.816,41.15057821,-0.0071643502,2022-02-14
7.177,10.064,42.62342326,0.0357916005,2022-02-15
7.137,10.024,42.38586761,-0.0055733593,2022-02-16
7.216,10.103,42.85504002,0.0110690766,2022-02-17
7.202,10.089,42.77189555,-0.001940133,2022-02-18
7.41,10.297,44.00718495,0.0288808664,2022-02-21
7.473,10.36,44.3813351,0.0085020243,2022-02-22
7.775,10.662,46.17488029,0.0404121504,2022-02-23
7.661,10.548,45.49784668,-0.0146623794,2022-02-24
7.826,10.713,46.47776375,0.0215376583,2022-02-25
7.92,10.807,47.03601954,0.0120112446,2022-02-28
7.901,10.788,46.9231806,-0.0023989899,2022-03-01
7.85,10.737,46.62029714,-0.0064548791,2022-03-02
7.627,10.514,45.29592437,-0.0284076433,2022-03-03
7.607,10.494,45.17714654,-0.002622263,2022-03-04
7.379,10.266,43.82307932,-0.0299723938,2022-03-07
7.281,10.168,43.24106796,-0.0132809324,2022-03-08
7.339,10.226,43.58552366,0.0079659387,2022-03-09
7.416,10.303,44.0428183,0.0104918926,2022-03-10
7.361,10.248,43.71617927,-0.007416397,2022-03-11
7.068,9.955,41.9760841,-0.0398043744,2022-03-14
6.637,9.524,39.41642193,-0.0609790606,2022-03-15
6.94,9.827,41.21590601,0.0456531565,2022-03-16
7.011,9.898,41.6375673,0.0102305476,2022-03-17
6.92,9.807,41.09712818,-0.0129796035,2022-03-18
7.055,9.942,41.89887852,0.0195086705,2022-03-21
6.891,9.778,40.92490033,-0.0232459249,2022-03-22
6.926,9.813,41.13276153,0.0050790887,2022-03-23
6.796,9.683,40.36070566,-0.0187698527,2022-03-24
6.6,9.487,39.19668295,-0.0288404944,2022-03-25
6.539,9.426,38.83441058,-0.0092424242,2022-03-28
6.46,9.347,38.36523816,-0.012081358,2022-03-29
6.695,9.582,39.76087763,0.036377709,2022-03-30
6.422,9.309,38.13956029,-0.040776699,2022-03-31
6.349,9.236,37.70602122,-0.0113671753,2022-04-01
6.142,9.029,36.47667071,-0.0326035596,2022-04-06
5.988,8.875,35.56208144,-0.025073266,2022-04-07
6.104,8.991,36.25099284,0.0193720775,2022-04-08
5.773,8.66,34.2852198,-0.0542267366,2022-04-11
6.032,8.919,35.82339266,0.0448640222,2022-04-12
5.94,8.827,35.27701465,-0.0152519894,2022-04-13
6.045,8.932,35.90059825,0.0176767677,2022-04-14
5.708,8.595,33.89919186,-0.0557485525,2022-04-15
5.889,8.776,34.9741312,0.0317098809,2022-04-18
5.931,8.818,35.22356463,0.0071319409,2022-04-19
5.794,8.681,34.40993652,-0.0230989715,2022-04-20
5.359,8.246,31.82651878,-0.0750776666,2022-04-21
5.326,8.213,31.63053536,-0.0061578653,2022-04-22
4.67,7.557,27.73462263,-0.1231693579,2022-04-25
4.422,7.309,26.26177758,-0.0531049251,2022-04-26
4.987,7.874,29.61725119,0.1277702397,2022-04-27
5.076,7.963,30.14581252,0.0178464006,2022-04-28
5.375,8.262,31.92154104,0.0589046493,2022-04-29
5.477,8.364,32.52730796,0.0189767442,2022-05-05
5.398,8.285,32.05813554,-0.0144239547,2022-05-06
5.501,8.388,32.66984135,0.0190811412,2022-05-09
5.854,8.741,34.76627,0.0641701509,2022-05-10
6.101,8.988,36.23317616,0.0421933721,2022-05-11
6.028,8.915,35.79963709,-0.0119652516,2022-05-12
6.051,8.938,35.93623159,0.0038155275,2022-05-13
5.919,8.806,35.15229794,-0.0218145761,2022-05-16
6.17,9.057,36.64295967,0.0424058118,2022-05-17
6.274,9.161,37.26060437,0.0168557536,2022-05-18
6.688,9.575,39.71930539,0.0659866114,2022-05-19
6.72,9.607,39.90934991,0.004784689,2022-05-20
6.781,9.668,40.27162228,0.009077381,2022-05-23
6.517,9.404,38.70375497,-0.0389323109,2022-05-24
6.553,9.44,38.91755506,0.0055240141,2022-05-25
6.582,9.469,39.0897829,0.004425454,2022-05-26
6.527,9.414,38.76314388,-0.0083561228,2022-05-27
6.576,9.463,39.05414956,0.0075072775,2022-05-30
6.924,9.811,41.12088375,0.052919708,2022-05-31
6.852,9.739,40.69328357,-0.0103986135,2022-06-01
7.201,10.088,42.76595665,0.0509340339,2022-06-02
7.512,10.399,44.61295187,0.043188446,2022-06-06
7.51,10.397,44.60107408,-0.0002662407,2022-06-07
7.476,10.363,44.39915178,-0.0045272969,2022-06-08
7.373,10.26,43.78744597,-0.0137774211,2022-06-09
7.578,10.465,45.0049187,0.0278041503,2022-06-10
7.721,10.608,45.85418016,0.0188704144,2022-06-13
7.567,10.454,44.93959089,-0.0199456029,2022-06-14
7.452,10.339,44.25661838,-0.0151975684,2022-06-15
7.817,10.704,46.42431373,0.0489801396,2022-06-16
7.941,10.828,47.16073626,0.015862863,2022-06-17
7.96,10.847,47.27357519,0.0023926458,2022-06-20
7.843,10.73,46.5787249,-0.0146984925,2022-06-21
7.722,10.609,45.86011905,-0.01542777,2022-06-22
7.904,10.791,46.94099728,0.0235690236,2022-06-23
8.082,10.969,47.99811994,0.0225202429,2022-06-24
8.435,11.322,50.09454859,0.0436773076,2022-06-27
9.077,11.964,53.90731684,0.0761114404,2022-06-28
8.791,11.678,52.20879391,-0.0315082076,2022-06-29
9.472,12.359,56.25317892,0.0774655898,2022-06-30
9.553,12.44,56.73422912,0.0085515203,2022-07-01
9.645,12.532,57.28060713,0.0096304826,2022-07-04
9.838,12.725,58.42681316,0.0200103681,2022-07-05
9.651,12.538,57.31624048,-0.0190079284,2022-07-06
9.82,12.707,58.31991312,0.0175111387,2022-07-07
9.639,12.526,57.24497378,-0.0184317719,2022-07-08
9.125,12.012,54.19238362,-0.0533250337,2022-07-11
9.098,11.985,54.03203356,-0.0029589041,2022-07-12
9.124,12.011,54.18644473,0.0028577709,2022-07-13
9.371,12.258,55.6533509,0.0270714599,2022-07-14
9.09,11.977,53.98452243,-0.0299861274,2022-07-15
8.989,11.876,53.3846944,-0.0111111111,2022-07-18
8.852,11.739,52.57106628,-0.0152408499,2022-07-19
8.936,11.823,53.06993316,0.0094893809,2022-07-20
8.94,11.827,53.09368872,0.0004476276,2022-07-21
8.968,11.855,53.25997768,0.0031319911,2022-07-22
8.671,11.558,51.49612695,-0.033117752,2022-07-25
8.859,11.746,52.61263852,0.021681467,2022-07-26
9.118,12.005,54.15081138,0.0292358054,2022-07-27
8.883,11.77,52.75517192,-0.0257731959,2022-07-28
8.726,11.613,51.82276597,-0.0176742092,2022-07-29
8.856,11.743,52.59482185,0.014898006,2022-08-01
8.542,11.429,50.73000996,-0.0354561879,2022-08-02
8.509,11.396,50.53402655,-0.0038632639,2022-08-03
8.465,11.352,50.27271533,-0.0051709954,2022-08-04
8.638,11.525,51.30014353,0.0204370939,2022-08-05
8.592,11.479,51.02695453,-0.0053253068,2022-08-08
8.808,11.695,52.30975506,0.0251396648,2022-08-09
8.731,11.618,51.85246043,-0.0087420527,2022-08-10
9.037,11.924,53.66976118,0.0350475318,2022-08-11
8.789,11.676,52.19691613,-0.0274427354,2022-08-12
9.459,12.346,56.17597334,0.0762316532,2022-08-15
9.457,12.344,56.16409555,-0.0002114388,2022-08-16
9.57,12.457,56.83519028,0.011948821,2022-08-17
9.706,12.593,57.6428795,0.0142110763,2022-08-18
9.485,12.372,56.33038451,-0.022769421,2022-08-19
9.567,12.454,56.8173736,0.0086452293,2022-08-22
9.634,12.521,57.21527932,0.0070032403,2022-08-23
9.176,12.063,54.49526708,-0.0475399626,2022-08-24
8.943,11.83,53.1115054,-0.0253923278,2022-08-25
8.723,11.61,51.8049493,-0.024600246,2022-08-26
8.692,11.579,51.62084367,-0.0035538232,2022-08-29
8.634,11.521,51.27638797,-0.0066728026,2022-08-30
8.115,11.002,48.19410335,-0.0601111883,2022-08-31
8.069,10.956,47.92091435,-0.0056685151,2022-09-01
8.026,10.913,47.66554202,-0.0053290371,2022-09-02
8.108,10.995,48.15253111,0.0102167954,2022-09-05
8.461,11.348,50.24895976,0.0435372472,2022-09-06
8.546,11.433,50.75376553,0.0100460938,2022-09-07
8.585,11.472,50.98538229,0.0045635385,2022-09-08
8.485,11.372,50.39149316,-0.0116482236,2022-09-09
8.416,11.303,49.98170965,-0.0081319976,2022-09-13
8.255,11.142,49.02554814,-0.0191302281,2022-09-14
7.639,10.526,45.36719107,-0.0746214416,2022-09-15
7.389,10.276,43.88246823,-0.0327267967,2022-09-16
7.332,10.219,43.54395142,-0.0077141697,2022-09-19
7.488,10.375,44.47041847,0.0212765957,2022-09-20
7.399,10.286,43.94185714,-0.0118856838,2022-09-21
7.343,10.23,43.60927923,-0.0075685904,2022-09-22
7.124,10.011,42.30866202,-0.0298243225,2022-09-23
7.209,10.096,42.81346779,0.0119314992,2022-09-26
7.466,10.353,44.33976286,0.0356498821,2022-09-27
7.089,9.976,42.10080082,-0.05049558,2022-09-28
7.225,10.112,42.90849005,0.0191846523,2022-09-29
7.087,9.974,42.08892304,-0.019100346,2022-09-30
6.774,9.661,40.23005005,-0.0441653732,2022-10-10
6.862,9.749,40.75267248,0.0129908474,2022-10-11
7.129,10.016,42.33835648,0.0389099388,2022-10-12
7.171,10.058,42.58778991,0.0058914294,2022-10-13
7.609,10.496,45.18902433,0.0610793474,2022-10-14
7.588,10.475,45.06430761,-0.0027598896,2022-10-17
7.6,10.487,45.13557431,0.0015814444,2022-10-18
7.349,10.236,43.64491257,-0.0330263158,2022-10-19
7.2,10.087,42.76001776,-0.0202748673,2022-10-20
7.195,10.082,42.73032331,-0.0006944444,2022-10-21
7.018,9.905,41.67913954,-0.024600417,2022-10-24
7.167,10.054,42.56403435,0.02123112,2022-10-25
7.469,10.356,44.35757954,0.042137575,2022-10-26
7.314,10.201,43.43705138,-0.0207524434,2022-10-27
6.928,9.815,41.14463931,-0.052775499,2022-10-28
6.815,9.702,40.47354459,-0.0163106236,2022-10-31
7.268,10.155,43.16386238,0.0664710198,2022-11-01
7.378,10.265,43.81714042,0.0151348376,2022-11-02
7.366,10.253,43.74587373,-0.001626457,2022-11-03
7.959,10.846,47.2676363,0.0805050231,2022-11-04
8.093,10.98,48.06344774,0.016836286,2022-11-07
7.889,10.776,46.85191391,-0.025206969,2022-11-08
7.696,10.583,45.70570788,-0.0244644442,2022-11-09
7.547,10.434,44.82081306,-0.0193607069,2022-11-10
7.642,10.529,45.38500774,0.0125877832,2022-11-11
7.464,10.351,44.32788508,-0.0232923319,2022-11-14
7.821,10.708,46.44806929,0.047829582,2022-11-15
7.699,10.586,45.72352455,-0.0155990283,2022-11-16
7.817,10.704,46.42431373,0.0153266658,2022-11-17
7.865,10.752,46.70938051,0.0061404631,2022-11-18
7.793,10.68,46.28178034,-0.0091544819,2022-11-21
7.625,10.512,45.28404659,-0.0215578083,2022-11-22
7.841,10.728,46.56684712,0.0283278689,2022-11-23
7.73,10.617,45.90763018,-0.0141563576,2022-11-24
7.533,10.42,44.73766858,-0.0254851229,2022-11-25
7.352,10.239,43.66272925,-0.0240276118,2022-11-28
7.443,10.33,44.20316836,0.0123775843,2022-11-29
7.424,10.311,44.09032943,-0.0025527341,2022-11-30
7.532,10.419,44.73172969,0.0145474138,2022-12-01
7.509,10.396,44.59513519,-0.0030536378,2022-12-02
7.443,10.33,44.20316836,-0.0087894527,2022-12-05
7.392,10.279,43.9002849,-0.0068520758,2022-12-06
7.339,10.226,43.58552366,-0.0071699134,2022-12-07
7.344,10.231,43.61521812,0.0006812917,2022-12-08
7.382,10.269,43.84089599,0.0051742919,2022-12-09
7.239,10.126,42.99163453,-0.0193714441,2022-12-12
7.053,9.94,41.88700073,-0.0256941567,2022-12-13
7.003,9.89,41.59005617,-0.0070891819,2022-12-14
7.089,9.976,42.10080082,0.0122804512,2022-12-15
6.903,9.79,40.99616703,-0.0262378333,2022-12-16
6.743,9.63,40.04594441,-0.0231783283,2022-12-19
6.733,9.62,39.9865555,-0.0014830194,2022-12-20
6.536,9.423,38.8165939,-0.0292588742,2022-12-21
6.235,9.122,37.0289876,-0.0460526316,2022-12-22
6.213,9.1,36.89833199,-0.0035284683,2022-12-23
6.664,9.551,39.576772,0.0725897312,2022-12-26
6.835,9.722,40.59232242,0.0256602641,2022-12-27
6.89,9.777,40.91896144,0.0080468178,2022-12-28
6.809,9.696,40.43791124,-0.0117561684,2022-12-29
6.822,9.709,40.51511683,0.0019092378,2022-12-30
7.01,9.897,41.63162841,0.0275579009,2023-01-03
6.781,9.668,40.27162228,-0.0326676177,2023-01-04
6.959,9.846,41.32874495,0.0262498157,2023-01-05
7.291,10.178,43.30045688,0.047708004,2023-01-06
7.334,10.221,43.5558292,0.0058976821,2023-01-09
7.529,10.416,44.71391302,0.026588492,2023-01-10
7.354,10.241,43.67460703,-0.0232434586,2023-01-11
7.476,10.363,44.39915178,0.0165896111,2023-01-12
7.38,10.267,43.82901821,-0.0128410915,2023-01-13
7.523,10.41,44.67827967,0.0193766938,2023-01-16
7.518,10.405,44.64858521,-0.0006646285,2023-01-17
7.585,10.472,45.04649093,0.0089119447,2023-01-18
7.584,10.471,45.04055204,-0.0001318392,2023-01-19
7.733,10.62,45.92544686,0.0196466245,2023-01-20
7.723,10.61,45.86605794,-0.0012931592,2023-01-30
7.881,10.768,46.80440278,0.0204583711,2023-01-31
7.996,10.883,47.48737528,0.0145920568,2023-02-01
7.93,10.817,47.09540845,-0.0082541271,2023-02-02
7.841,10.728,46.56684712,-0.011223203,2023-02-03
7.923,10.81,47.05383621,0.0104578498,2023-02-06
8.003,10.89,47.52894752,0.0100971854,2023-02-07
7.881,10.768,46.80440278,-0.0152442834,2023-02-08
8.031,10.918,47.69523648,0.0190331176,2023-02-09
8.002,10.889,47.52300863,-0.0036110073,2023-02-10
7.959,10.846,47.2676363,-0.0053736566,2023-02-13
7.976,10.863,47.36859746,0.0021359467,2023-02-14
8.066,10.953,47.90309768,0.0112838516,2023-02-15
7.825,10.712,46.47182486,-0.0298785024,2023-02-16
7.553,10.44,44.85644641,-0.0347603834,2023-02-17
7.76,10.647,46.08579692,0.0274063286,2023-02-20
7.88,10.767,46.79846388,0.0154639175,2023-02-21
7.85,10.737,46.62029714,-0.0038071066,2023-02-22
7.981,10.868,47.39829191,0.0166878981,2023-02-23
7.929,10.816,47.08946956,-0.0065154743,2023-02-24
7.876,10.763,46.77470832,-0.0066843234,2023-02-27
7.951,10.838,47.22012517,0.0095226003,2023-02-28
8.036,10.923,47.72493094,0.0106904792,2023-03-01
8.017,10.904,47.612092,-0.0023643604,2023-03-02
8.006,10.893,47.5467642,-0.0013720843,2023-03-03
8.655,11.542,51.40110469,0.0810642018,2023-03-06
8.538,11.425,50.7062544,-0.0135181976,2023-03-07
8.518,11.405,50.58747657,-0.002342469,2023-03-08
8.531,11.418,50.66468216,0.0015261799,2023-03-09
8.488,11.375,50.40930983,-0.0050404407,2023-03-10
8.398,11.285,49.87480961,-0.0106032045,2023-03-13
8.294,11.181,49.25716491,-0.0123839009,2023-03-14
8.228,11.115,48.86519808,-0.0079575597,2023-03-15
7.762,10.649,46.0976747,-0.0566358775,2023-03-16
7.936,10.823,47.1310418,0.0224169029,2023-03-17
8.049,10.936,47.80213652,0.0142389113,2023-03-20
8.048,10.935,47.79619763,-0.000124239,2023-03-21
8.155,11.042,48.43165901,0.0132952286,2023-03-22
8.152,11.039,48.41384233,-0.0003678725,2023-03-23
8.244,11.131,48.96022034,0.0112855741,2023-03-24
8.537,11.424,50.70031551,0.0355409995,2023-03-27
8.376,11.263,49.744154,-0.018859084,2023-03-28
8.415,11.302,49.97577076,0.0046561605,2023-03-29
8.637,11.524,51.29420464,0.0263814617,2023-03-30
8.596,11.483,51.0507101,-0.0047470186,2023-03-31
8.667,11.554,51.47237138,0.0082596557,2023-04-03
8.42,11.307,50.00546522,-0.0284989039,2023-04-04
8.723,11.61,51.8049493,0.0359857482,2023-04-06
8.717,11.604,51.76931595,-0.0006878368,2023-04-07
8.673,11.56,51.50800473,-0.0050476081,2023-04-10
8.59,11.477,51.01507675,-0.0095699297,2023-04-11
8.624,11.511,51.21699905,0.0039580908,2023-04-12
8.425,11.312,50.03515967,-0.0230751391,2023-04-13
8.4,11.287,49.88668739,-0.0029673591,2023-04-14
8.313,11.2,49.37000384,-0.0103571429,2023-04-17
8.254,11.141,49.01960925,-0.0070973175,2023-04-18
8.014,10.901,47.59427533,-0.0290768112,2023-04-19
7.94,10.827,47.15479737,-0.0092338408,2023-04-20
7.767,10.654,46.12736916,-0.0217884131,2023-04-21
7.581,10.468,45.02273537,-0.0239474701,2023-04-24
7.344,10.231,43.61521812,-0.0312623664,2023-04-25
7.669,10.556,45.54535781,0.0442538126,2023-04-26
7.39,10.277,43.88840712,-0.0363802321,2023-04-27
7.603,10.49,45.15339098,0.0288227334,2023-04-28
7.658,10.545,45.48003,0.0072339866,2023-05-04
7.568,10.455,44.94552978,-0.0117524158,2023-05-05
7.697,10.584,45.71164677,0.0170454545,2023-05-08
7.555,10.442,44.86832419,-0.0184487463,2023-05-09
7.581,10.468,45.02273537,0.0034414295,2023-05-10
7.516,10.403,44.63670743,-0.0085740667,2023-05-11
7.414,10.301,44.03094051,-0.0135710484,2023-05-12
7.614,10.501,45.21871878,0.0269759914,2023-05-15
7.617,10.504,45.23653546,0.000394011,2023-05-16
7.632,10.519,45.32561883,0.0019692792,2023-05-17
7.626,10.513,45.28998548,-0.0007861635,2023-05-18
7.62,10.507,45.25435213,-0.0007867821,2023-05-19
7.735,10.622,45.93732464,0.0150918635,2023-05-22
7.645,10.532,45.40282442,-0.0116354234,2023-05-23
7.761,10.648,46.09173581,0.0151733159,2023-05-24
7.855,10.742,46.6499916,0.0121118413,2023-05-25
7.764,10.651,46.10955249,-0.0115849777,2023-05-26
7.619,10.506,45.24841324,-0.0186759402,2023-05-29
7.518,10.405,44.64858521,-0.0132563329,2023-05-30
7.369,10.256,43.7636904,-0.0198191008,2023-05-31
7.293,10.18,43.31233466,-0.0103134754,2023-06-01
7.291,10.178,43.30045688,-0.0002742356,2023-06-02
7.243,10.13,43.01539009,-0.0065834591,2023-06-05
7.083,9.97,42.06516747,-0.0220902941,2023-06-06
6.994,9.881,41.53660614,-0.0125652972,2023-06-07
7.183,10.07,42.65905661,0.0270231627,2023-06-08
7.175,10.062,42.61154548,-0.0011137408,2023-06-09
7.21,10.097,42.81940668,0.0048780488,2023-06-12
7.233,10.12,42.95600118,0.0031900139,2023-06-13
7.168,10.055,42.56997324,-0.0089865892,2023-06-14
7.589,10.476,45.0702465,0.0587332589,2023-06-15
7.769,10.656,46.13924694,0.02371854,2023-06-16
7.77,10.657,46.14518584,0.0001287167,2023-06-19
7.99,10.877,47.45174193,0.0283140283,2023-06-20
7.81,10.697,46.38274149,-0.0225281602,2023-06-21
7.797,10.684,46.3055359,-0.0016645327,2023-06-26
7.778,10.665,46.19269697,-0.0024368347,2023-06-27
7.716,10.603,45.8244857,-0.0079712008,2023-06-28
7.86,10.747,46.67968606,0.0186625194,2023-06-29
8.053,10.94,47.82589209,0.0245547074,2023-06-30
7.885,10.772,46.82815834,-0.0208617906,2023-07-03
7.779,10.666,46.19863586,-0.0134432467,2023-07-04
7.659,10.546,45.4859689,-0.0154261473,2023-07-05
7.659,10.546,45.4859689,0.0,2023-07-06
7.477,10.364,44.40509067,-0.0237628933,2023-07-07
7.627,10.514,45.29592437,0.020061522,2023-07-10
7.548,10.435,44.82675195,-0.0103579389,2023-07-11
7.606,10.493,45.17120765,0.0076841547,2023-07-12
7.68,10.567,45.61068561,0.0097291612,2023-07-13
7.51,10.397,44.60107408,-0.0221354167,2023-07-14
7.58,10.467,45.01679648,0.0093209055,2023-07-17
7.43,10.317,44.12596277,-0.0197889182,2023-07-18
7.29,10.177,43.29451798,-0.0188425303,2023-07-19
7.12,10.007,42.28490645,-0.0233196159,2023-07-20
7.054,9.941,41.89293962,-0.0092696629,2023-07-21
7.033,9.92,41.76822291,-0.0029770343,2023-07-24
7.173,10.06,42.5996677,0.0199061567,2023-07-25
7.11,9.997,42.22551754,-0.008782936,2023-07-26
7.011,9.898,41.6375673,-0.0139240506,2023-07-27
7.116,10.003,42.26115089,0.0149764656,2023-07-28
7.142,10.029,42.41556206,0.0036537381,2023-07-31
7.092,9.979,42.1186175,-0.0070008401,2023-08-01
7.011,9.898,41.6375673,-0.0114213198,2023-08-02
7.06,9.947,41.92857297,0.0069890173,2023-08-03
7.15,10.037,42.4630732,0.0127478754,2023-08-04
7.084,9.971,42.07110637,-0.0092307692,2023-08-07
6.943,9.83,41.23372268,-0.019904009,2023-08-08
6.882,9.769,40.87145031,-0.0087858275,2023-08-09
6.99,9.877,41.51285058,0.0156931125,2023-08-10
6.804,9.691,40.40821679,-0.0266094421,2023-08-11
6.702,9.589,39.80244987,-0.0149911817,2023-08-14
6.505,9.392,38.63248827,-0.0293942107,2023-08-15
6.334,9.221,37.61693785,-0.0262874712,2023-08-16
6.373,9.26,37.84855461,0.0061572466,2023-08-17
6.298,9.185,37.40313776,-0.0117683979,2023-08-18
6.106,8.993,36.26287062,-0.0304858685,2023-08-21
6.144,9.031,36.48854849,0.0062233868,2023-08-22
5.818,8.705,34.55246991,-0.0530598958,2023-08-23
5.932,8.819,35.22950352,0.0195943623,2023-08-24
5.82,8.707,34.56434769,-0.0188806473,2023-08-25
5.892,8.779,34.99194787,0.012371134,2023-08-28
6.226,9.113,36.97553758,0.0566870333,2023-08-29
6.354,9.241,37.73571568,0.0205589464,2023-08-30
6.269,9.156,37.23090991,-0.0133774001,2023-08-31
6.212,9.099,36.8923931,-0.0090923592,2023-09-01
6.322,9.209,37.54567115,0.0177076626,2023-09-04
6.336,9.223,37.62881563,0.0022144891,2023-09-05
6.307,9.194,37.45658778,-0.0045770202,2023-09-06
6.137,9.024,36.44697625,-0.0269541779,2023-09-07
6.108,8.995,36.2747484,-0.0047254359,2023-09-08
6.169,9.056,36.63702077,0.0099869024,2023-09-11
6.194,9.081,36.78549306,0.0040525207,2023-09-12
6.086,8.973,36.14409279,-0.0174362286,2023-09-13
6.133,9.02,36.42322069,0.0077226421,2023-09-14
6.092,8.979,36.17972614,-0.0066851459,2023-09-15
6.043,8.93,35.88872046,-0.0080433355,2023-09-18
5.839,8.726,34.67718663,-0.0337580672,2023-09-19
5.665,8.552,33.64381953,-0.0297996232,2023-09-20
5.634,8.521,33.4597139,-0.0054721977,2023-09-21
5.748,8.635,34.13674751,0.0202342918,2023-09-22
5.73,8.617,34.02984747,-0.003131524,2023-09-25
5.685,8.572,33.76259736,-0.0078534031,2023-09-26
5.84,8.727,34.68312552,0.0272647318,2023-09-27
5.868,8.755,34.84941448,0.0047945205,2023-09-28
5.797,8.684,34.42775319,-0.0120995228,2023-10-09
5.714,8.601,33.93482521,-0.0143177506,2023-10-10
5.734,8.621,34.05360304,0.003500175,2023-10-11
5.848,8.735,34.73063665,0.0198814091,2023-10-12
5.743,8.63,34.10705306,-0.0179548564,2023-10-13
5.529,8.416,32.83613031,-0.0372627547,2023-10-16
5.586,8.473,33.17464711,0.0103092784,2023-10-17
5.346,8.233,31.74931319,-0.0429645542,2023-10-18
5.224,8.111,31.02476844,-0.0228208006,2023-10-19
5.169,8.056,30.69812942,-0.0105283308,2023-10-20
4.928,7.815,29.2668566,-0.0466241052,2023-10-23
4.971,7.858,29.52222893,0.0087256494,2023-10-24
4.959,7.846,29.45096223,-0.0024140012,2023-10-25
4.881,7.768,28.98772871,-0.0157289776,2023-10-26
5.012,7.899,29.76572348,0.0268387625,2023-10-27
5.079,7.966,30.1636292,0.013367917,2023-10-30
5.035,7.922,29.90231798,-0.0086631227,2023-10-31
4.964,7.851,29.48065669,-0.014101291,2023-11-01
4.847,7.734,28.7858064,-0.0235697019,2023-11-02
4.995,7.882,29.66476232,0.0305343511,2023-11-03
5.198,8.085,30.87035727,0.0406406406,2023-11-06
5.199,8.086,30.87629616,0.0001923817,2023-11-07
5.18,8.067,30.76345722,-0.003654549,2023-11-08
5.24,8.127,31.11979071,0.0115830116,2023-11-09
5.196,8.083,30.85847949,-0.0083969466,2023-11-10
5.249,8.136,31.17324073,0.010200154,2023-11-13
5.255,8.142,31.20887408,0.0011430749,2023-11-14
5.296,8.183,31.45236862,0.0078020932,2023-11-15
5.127,8.014,30.44869598,-0.0319108761,2023-11-16
5.149,8.036,30.57935159,0.0042910084,2023-11-17
5.137,8.024,30.5080849,-0.0023305496,2023-11-20
5.086,7.973,30.20520144,-0.0099279735,2023-11-21
4.935,7.822,29.30842884,-0.0296893433,2023-11-22
4.991,7.878,29.64100676,0.0113475177,2023-11-23
4.866,7.753,28.89864534,-0.0250450811,2023-11-24
4.8,7.687,28.50667851,-0.0135635018,2023-11-27
4.82,7.707,28.62545634,0.0041666667,2023-11-28
4.704,7.591,27.93654494,-0.02406639,2023-11-29
4.624,7.511,27.46143363,-0.0170068027,2023-11-30
4.631,7.518,27.50300587,0.0015138408,2023-12-01
4.586,7.473,27.23575576,-0.0097171237,2023-12-04
4.421,7.308,26.25583868,-0.0359790667,2023-12-05
4.479,7.366,26.60029438,0.0131192038,2023-12-06
4.499,7.386,26.71907221,0.0044652824,2023-12-07
4.559,7.446,27.07540569,0.013336297,2023-12-08
4.611,7.498,27.38422804,0.0114060101,2023-12-11
4.577,7.464,27.18230574,-0.0073736717,2023-12-12
4.45,7.337,26.42806653,-0.0277474328,2023-12-13
4.419,7.306,26.2439609,-0.0069662921,2023-12-14
4.402,7.289,26.14299975,-0.0038470242,2023-12-15
4.272,7.159,25.37094387,-0.0295320309,2023-12-18
4.345,7.232,25.80448294,0.017088015,2023-12-19
4.278,7.165,25.40657722,-0.015420023,2023-12-20
4.366,7.253,25.92919966,0.02057036,2023-12-21
4.36,7.247,25.89356631,-0.0013742556,2023-12-22
4.432,7.319,26.32116649,0.0165137615,2023-12-25
4.344,7.231,25.79854405,-0.0198555957,2023-12-26
4.357,7.244,25.87574964,0.0029926335,2023-12-27
4.606,7.493,27.35453359,0.0571494147,2023-12-28
4.778,7.665,28.3760229,0.0373425966,2023-12-29
4.66,7.547,27.67523372,-0.0246965257,2024-01-02
4.602,7.489,27.33077802,-0.0124463519,2024-01-03
4.523,7.41,26.8616056,-0.0171664494,2024-01-04
4.425,7.312,26.27959425,-0.0216670352,2024-01-05
4.301,7.188,25.54317172,-0.0280225989,2024-01-08
4.315,7.202,25.6263162,0.003255057,2024-01-09
4.314,7.201,25.62037731,-0.0002317497,2024-01-10
4.471,7.358,26.55278325,0.0363931386,2024-01-11
4.346,7.233,25.81042183,-0.0279579512,2024-01-12
4.303,7.19,25.5550495,-0.0098941555,2024-01-15
4.346,7.233,25.81042183,0.0099930281,2024-01-16
4.097,6.984,24.33163789,-0.0572940635,2024-01-17
4.242,7.129,25.19277713,0.0353917501,2024-01-18
4.194,7.081,24.90771035,-0.0113154173,2024-01-19
3.955,6.842,23.48831531,-0.0569861707,2024-01-22
4.007,6.894,23.79713766,0.013147914,2024-01-23
3.955,6.842,23.48831531,-0.0129772897,2024-01-24
4.094,6.981,24.31382121,0.0351453856,2024-01-25
3.952,6.839,23.47049864,-0.0346849047,2024-01-26
3.653,6.54,21.69477012,-0.0756578947,2024-01-29
3.417,6.304,20.29319176,-0.0646044347,2024-01-30
3.251,6.138,19.3073358,-0.0485806263,2024-01-31
3.248,6.135,19.28951912,-0.000922793,2024-02-01
3.005,5.892,17.84636852,-0.0748152709,2024-02-02
2.764,5.651,16.41509571,-0.0801996672,2024-02-05
2.999,5.886,17.81073518,0.0850217077,2024-02-06
3.056,5.943,18.14925198,0.0190063354,2024-02-07
3.254,6.141,19.32515247,0.0647905759,2024-02-08
3.302,6.189,19.61021926,0.0147510756,2024-02-19
3.284,6.171,19.50331921,-0.0054512417,2024-02-20
3.328,6.215,19.76463043,0.0133982948,2024-02-21
3.403,6.29,20.21004728,0.0225360577,2024-02-22
3.478,6.365,20.65546414,0.022039377,2024-02-23
3.507,6.394,20.82769199,0.0083381254,2024-02-26
3.617,6.504,21.48097003,0.0313658397,2024-02-27
3.425,6.312,20.34070289,-0.0530826652,2024-02-28
3.618,6.505,21.48690893,0.056350365,2024-02-29
3.708,6.595,22.02140915,0.0248756219,2024-03-01
3.683,6.57,21.87293686,-0.0067421791,2024-03-04
3.625,6.512,21.52848117,-0.0157480315,2024-03-05
3.706,6.593,22.00953137,0.0223448276,2024-03-06
3.568,6.455,21.18996436,-0.0372369131,2024-03-07
3.655,6.542,21.70664791,0.0243834081,2024-03-08
3.833,6.72,22.76377057,0.0487004104,2024-03-11
3.861,6.748,22.93005953,0.007304983,2024-03-12
3.857,6.744,22.90630396,-0.001036001,2024-03-13
3.773,6.66,22.40743709,-0.0217785844,2024-03-14
3.789,6.676,22.50245935,0.0042406573,2024-03-15
3.908,6.795,23.20918742,0.0314067036,2024-03-18
3.881,6.768,23.04883735,-0.0069089048,2024-03-19
3.909,6.796,23.21512631,0.0072146354,2024-03-20
3.868,6.755,22.97163176,-0.010488616,2024-03-21
3.75,6.637,22.27084258,-0.0305067218,2024-03-22
3.619,6.506,21.49284782,-0.0349333333,2024-03-25
3.669,6.556,21.78979239,0.0138159713,2024-03-26
3.45,6.337,20.48917518,-0.0596892886,2024-03-27
3.503,6.39,20.80393642,0.0153623188,2024-03-28
3.518,6.405,20.89301979,0.004282044,2024-03-29
3.637,6.524,21.59974786,0.0338260375,2024-04-01
3.588,6.475,21.30874219,-0.0134726423,2024-04-02
3.519,6.406,20.89895868,-0.0192307692,2024-04-03
3.377,6.264,20.05563611,-0.0403523728,2024-04-08
3.523,6.41,20.92271425,0.0432336393,2024-04-09
3.435,6.322,20.40009181,-0.0249787113,2024-04-10
3.413,6.3,20.2694362,-0.0064046579,2024-04-11
3.313,6.2,19.67554706,-0.0292997363,2024-04-12
3.309,6.196,19.6517915,-0.0012073649,2024-04-15
3.13,6.017,18.58872994,-0.0540948927,2024-04-16
3.272,6.159,19.43205252,0.0453674121,2024-04-17
3.242,6.129,19.25388578,-0.0091687042,2024-04-18
3.129,6.016,18.58279105,-0.0348550278,2024-04-19
3.105,5.992,18.44025766,-0.0076701822,2024-04-22
3.087,5.974,18.33335762,-0.0057971014,2024-04-23
3.096,5.983,18.38680764,0.0029154519,2024-04-24
3.165,6.052,18.79659114,0.0222868217,2024-04-25
3.254,6.141,19.32515247,0.0281200632,2024-04-26
3.413,6.3,20.2694362,0.0488629379,2024-04-29
3.337,6.224,19.81808045,-0.0222677996,2024-04-30
3.475,6.362,20.63764746,0.04135451,2024-05-06
3.517,6.404,20.8870809,0.0120863309,2024-05-07
3.412,6.299,20.26349731,-0.02985499,2024-05-08
3.569,6.456,21.19590325,0.046014068,2024-05-09
3.507,6.394,20.82769199,-0.0173718128,2024-05-10
3.456,6.343,20.52480853,-0.0145423439,2024-05-13
3.426,6.313,20.34664179,-0.0086805556,2024-05-14
3.376,6.263,20.04969722,-0.014594279,2024-05-15
3.369,6.256,20.00812498,-0.0020734597,2024-05-16
3.419,6.306,20.30506955,0.0148411992,2024-05-17
3.444,6.331,20.45354183,0.0073120796,2024-05-20
3.361,6.248,19.96061385,-0.0240998839,2024-05-21
3.536,6.423,20.99991983,0.052067837,2024-05-22
3.42,6.307,20.31100844,-0.0328054299,2024-05-23
3.391,6.278,20.13878059,-0.0084795322,2024-05-24
3.441,6.328,20.43572516,0.014744913,2024-05-27
3.375,6.262,20.04375833,-0.0191804708,2024-05-28
3.477,6.364,20.64952524,0.0302222222,2024-05-29
3.468,6.355,20.59607522,-0.0025884383,2024-05-30
3.429,6.316,20.36445846,-0.0112456747,2024-05-31
3.422,6.309,20.32288622,-0.0020414115,2024-06-03
3.512,6.399,20.85738644,0.0263004091,2024-06-04
3.429,6.316,20.36445846,-0.0236332574,2024-06-05
3.334,6.221,19.80026378,-0.0277048702,2024-06-06
3.265,6.152,19.39048028,-0.0206958608,2024-06-07
3.269,6.156,19.41423584,0.0012251149,2024-06-11
3.268,6.155,19.40829695,-0.0003059039,2024-06-12
3.246,6.133,19.27764134,-0.0067319461,2024-06-13
3.284,6.171,19.50331921,0.011706716,2024-06-14
3.34,6.227,19.83589713,0.0170523752,2024-06-17
3.357,6.244,19.93685828,0.0050898204,2024-06-18
3.257,6.144,19.34296915,-0.0297885016,2024-06-19
3.133,6.02,18.60654662,-0.0380718453,2024-06-20
3.108,5.995,18.45807433,-0.0079795723,2024-06-21
2.993,5.88,17.77510183,-0.037001287,2024-06-24
2.927,5.814,17.383135,-0.0220514534,2024-06-25
3.013,5.9,17.89387966,0.0293816194,2024-06-26
2.921,5.808,17.34750165,-0.0305343511,2024-06-27
2.914,5.801,17.30592941,-0.0023964396,2024-06-28
2.908,5.795,17.27029606,-0.0020590254,2024-07-01
2.839,5.726,16.86051256,-0.0237276479,2024-07-02
2.826,5.713,16.78330697,-0.0045790771,2024-07-03
2.754,5.641,16.35570679,-0.025477707,2024-07-04
2.754,5.641,16.35570679,0.0,2024-07-05
2.671,5.558,15.86277881,-0.0301379811,2024-07-08
2.707,5.594,16.0765789,0.0134780981,2024-07-09
2.701,5.588,16.04094555,-0.0022164758,2024-07-10
2.852,5.739,16.93771815,0.0559052203,2024-07-11
2.919,5.806,17.33562387,0.0234922861,2024-07-12
2.829,5.716,16.80112365,-0.0308324769,2024-07-15
2.885,5.772,17.13370156,0.0197949806,2024-07-16
2.86,5.747,16.98522928,-0.0086655113,2024-07-17
2.878,5.765,17.09212932,0.0062937063,2024-07-18
2.882,5.769,17.11588489,0.0013898541,2024-07-19
2.85,5.737,16.92584036,-0.0111034004,2024-07-22
2.718,5.605,16.14190671,-0.0463157895,2024-07-23
2.634,5.521,15.64303983,-0.0309050773,2024-07-24
2.675,5.562,15.88653438,0.0155656796,2024-07-25
2.757,5.644,16.37352347,0.0306542056,2024-07-26
2.68,5.567,15.91622883,-0.0279289082,2024-07-29
2.648,5.535,15.72618431,-0.0119402985,2024-07-30
2.796,5.683,16.60514023,0.0558912387,2024-07-31
2.753,5.64,16.3497679,-0.015379113,2024-08-01
2.679,5.566,15.91028994,-0.0268797675,2024-08-02
2.603,5.49,15.4589342,-0.0283687943,2024-08-05
2.684,5.571,15.9399844,0.0311179408,2024-08-06
2.727,5.614,16.19535673,0.0160208644,2024-08-07
2.691,5.578,15.98155664,-0.0132013201,2024-08-08
2.662,5.549,15.80932879,-0.010776663,2024-08-09
2.651,5.538,15.74400098,-0.0041322314,2024-08-12
2.692,5.579,15.98749553,0.0154658619,2024-08-13
2.651,5.538,15.74400098,-0.015230312,2024-08-14
2.668,5.555,15.84496214,0.0064126745,2024-08-15
2.611,5.498,15.50644533,-0.0213643178,2024-08-16
2.577,5.464,15.30452302,-0.0130218307,2024-08-19
2.517,5.404,14.94818954,-0.0232828871,2024-08-20
2.507,5.394,14.88880063,-0.0039729837,2024-08-21
2.448,5.335,14.53840604,-0.0235341045,2024-08-22
2.404,5.291,14.27709482,-0.0179738562,2024-08-23
2.451,5.338,14.55622271,0.0195507488,2024-08-26
2.37,5.257,14.07517251,-0.0330477356,2024-08-27
2.368,5.255,14.06329473,-0.0008438819,2024-08-28
2.447,5.334,14.53246715,0.0333614865,2024-08-29
2.516,5.403,14.94225065,0.0281977932,2024-08-30
2.473,5.36,14.68687832,-0.01709062,2024-09-02
2.528,5.415,15.01351735,0.0222401941,2024-09-03
2.537,5.424,15.06696737,0.0035601266,2024-09-04
2.532,5.419,15.03727291,-0.0019708317,2024-09-05
2.473,5.36,14.68687832,-0.0233017378,2024-09-06
2.451,5.338,14.55622271,-0.0088960776,2024-09-09
2.429,5.316,14.4255671,-0.0089759282,2024-09-10
2.486,5.373,14.76408391,0.0234664471,2024-09-11
2.475,5.362,14.69875611,-0.0044247788,2024-09-12
2.396,5.283,14.22958369,-0.0319191919,2024-09-13
2.382,5.269,14.14643921,-0.0058430718,2024-09-18
2.4,5.287,14.25333925,0.0075566751,2024-09-19
2.357,5.244,13.99796693,-0.0179166667,2024-09-20
2.34,5.227,13.89700577,-0.0072125583,2024-09-23
2.533,5.42,15.0432118,0.0824786325,2024-09-24
2.527,5.414,15.00757846,-0.0023687327,2024-09-25
2.66,5.547,15.79745101,0.0526315789,2024-09-26
2.978,5.865,17.68601846,0.1195488722,2024-09-27
3.464,6.351,20.57231966,0.1631967764,2024-09-30
3.977,6.864,23.61897092,0.1480946882,2024-10-08
3.516,6.403,20.88114201,-0.11591652,2024-10-09
3.538,6.425,21.01179762,0.0062571104,2024-10-10
3.35,6.237,19.89528604,-0.0531373657,2024-10-11
3.412,6.299,20.26349731,0.0185074627,2024-10-14
3.279,6.166,19.47362476,-0.0389800703,2024-10-15
3.204,6.091,19.0282079,-0.0228728271,2024-10-16
3.149,6.036,18.70156888,-0.0171660424,2024-10-17
3.329,6.216,19.77056932,0.0571610035,2024-10-18
3.403,6.29,20.21004728,0.0222288976,2024-10-21
3.467,6.354,20.59013633,0.0188069351,2024-10-22
3.537,6.424,21.00585873,0.0201903663,2024-10-23
3.413,6.3,20.2694362,-0.0350579587,2024-10-24
3.615,6.502,21.46909225,0.0591854673,2024-10-25
3.603,6.49,21.39782556,-0.0033195021,2024-10-28
3.499,6.386,20.78018085,-0.0288648349,2024-10-29
3.516,6.403,20.88114201,0.004858531,2024-10-30
3.617,6.504,21.48097003,0.0287258248,2024-10-31
3.547,6.434,21.06524764,-0.019353055,2024-11-01
3.644,6.531,21.6413201,0.0273470538,2024-11-04
3.803,6.69,22.58560383,0.0436333699,2024-11-05
3.769,6.656,22.38368152,-0.0089403103,2024-11-06
3.862,6.749,22.93599842,0.0246749801,2024-11-07
3.871,6.758,22.98944844,0.0023303988,2024-11-08
4.182,7.069,24.83644365,0.0803409972,2024-11-11
4.195,7.082,24.91364924,0.0031085605,2024-11-12
4.211,7.098,25.0086715,0.0038140644,2024-11-13
3.999,6.886,23.74962653,-0.0503443363,2024-11-14
3.915,6.802,23.25075966,-0.0210052513,2024-11-15
3.757,6.644,22.31241482,-0.040357599,2024-11-18
3.937,6.824,23.38141527,0.0479105669,2024-11-19
3.986,6.873,23.67242094,0.0124460249,2024-11-20
3.953,6.84,23.47643753,-0.0082789764,2024-11-21
3.757,6.644,22.31241482,-0.0495825955,2024-11-22
3.759,6.646,22.32429261,0.0005323396,2024-11-25
3.615,6.502,21.46909225,-0.0383080607,2024-11-26
3.813,6.7,22.64499274,0.0547717842,2024-11-27
3.744,6.631,22.23520924,-0.0180959874,2024-11-28
3.838,6.725,22.79346502,0.0251068376,2024-11-29
3.907,6.794,23.20324853,0.0179781136,2024-12-02
3.853,6.74,22.88254839,-0.0138213463,2024-12-03
3.746,6.633,22.24708702,-0.0277705684,2024-12-04
3.764,6.651,22.35398706,0.0048051255,2024-12-05
3.883,6.77,23.06071514,0.0316153029,2024-12-06
3.962,6.849,23.52988755,0.020345094,2024-12-09
3.994,6.881,23.71993208,0.0080767289,2024-12-10
4.079,6.966,24.22473784,0.0212819229,2024-12-11
4.068,6.955,24.15941004,-0.0026967394,2024-12-12
3.952,6.839,23.47049864,-0.0285152409,2024-12-13
3.843,6.73,22.82315948,-0.0275809717,2024-12-16
3.833,6.72,22.76377057,-0.0026021337,2024-12-17
3.869,6.756,22.97757066,0.0093921211,2024-12-18
3.941,6.828,23.40517083,0.0186094598,2024-12-19
3.971,6.858,23.58333757,0.0076122811,2024-12-20
3.851,6.738,22.87067061,-0.0302190884,2024-12-23
3.891,6.778,23.10822627,0.0103869125,2024-12-24
3.853,6.74,22.88254839,-0.009766127,2024-12-25
3.996,6.883,23.73180986,0.0371139372,2024-12-26
3.93,6.817,23.33984303,-0.0165165165,2024-12-27
4.009,6.896,23.80901545,0.0201017812,2024-12-30
3.79,6.677,22.50839824,-0.054627089,2024-12-31
3.62,6.507,21.49878671,-0.0448548813,2025-01-02
3.544,6.431,21.04743097,-0.0209944751,2025-01-03
3.533,6.42,20.98210316,-0.0031038375,2025-01-06
3.656,6.543,21.7125868,0.0348146052,2025-01-07
3.55,6.437,21.08306431,-0.0289934354,2025-01-08
3.548,6.435,21.07118653,-0.0005633803,2025-01-09
3.435,6.322,20.40009181,-0.031848929,2025-01-10
3.42,6.307,20.31100844,-0.0043668122,2025-01-13
3.628,6.515,21.54629784,0.0608187135,2025-01-14
3.527,6.414,20.94646981,-0.0278390298,2025-01-15
3.586,6.473,21.2968644,0.0167280975,2025-01-16
3.628,6.515,21.54629784,0.0117122142,2025-01-17
3.732,6.619,22.16394254,0.0286659316,2025-01-20
3.841,6.728,22.8112817,0.0292068596,2025-01-21
3.758,6.645,22.31835372,-0.021608956,2025-01-22
3.666,6.553,21.77197571,-0.024481107,2025-01-23
3.783,6.67,22.466826,0.0319148936,2025-01-24
3.752,6.639,22.28272037,-0.0081945546,2025-01-27
3.772,6.659,22.40149819,0.0053304904,2025-02-05
3.936,6.823,23.37547638,0.0434782609,2025-02-06
3.994,6.881,23.71993208,0.0147357724,2025-02-07
3.936,6.823,23.37547638,-0.0145217827,2025-02-10
3.89,6.777,23.10228737,-0.0116869919,2025-02-11
3.994,6.881,23.71993208,0.0267352185,2025-02-12
3.869,6.756,22.97757066,-0.0312969454,2025-02-13
3.932,6.819,23.35172081,0.0162832773,2025-02-14
3.904,6.791,23.18543185,-0.007121058,2025-02-17
3.845,6.732,22.83503726,-0.0151127049,2025-02-18
3.914,6.801,23.24482077,0.0179453836,2025-02-19
3.962,6.849,23.52988755,0.0122636689,2025-02-20
4.068,6.955,24.15941004,0.0267541646,2025-02-21
4.06,6.947,24.11189891,-0.0019665683,2025-02-24
4.03,6.917,23.93373216,-0.0073891626,2025-02-25
4.053,6.94,24.07032667,0.005707196,2025-02-26
4.105,6.992,24.37914902,0.0128300025,2025-02-27
3.979,6.866,23.63084871,-0.0306942753,2025-02-28
4.148,7.035,24.63452134,0.0424729832,2025-03-03
4.16,7.047,24.70578804,0.0028929605,2025-03-04
4.149,7.036,24.64046024,-0.0026442308,2025-03-05
4.239,7.126,25.17496046,0.021691974,2025-03-06
4.192,7.079,24.89583256,-0.0110875206,2025-03-07
4.189,7.076,24.87801589,-0.0007156489,2025-03-10
4.243,7.13,25.19871602,0.0128909048,2025-03-11
4.235,7.122,25.15120489,-0.0018854584,2025-03-12
4.179,7.066,24.81862698,-0.0132231405,2025-03-13
4.247,7.134,25.22247159,0.0162718354,2025-03-14
4.246,7.133,25.2165327,-0.0002354603,2025-03-17
4.273,7.16,25.37688276,0.006358926,2025-03-18
4.259,7.146,25.29373829,-0.0032763866,2025-03-19
4.232,7.119,25.13338822,-0.0063395163,2025-03-20
4.111,6.998,24.41478236,-0.0285916824,2025-03-21
4.075,6.962,24.20098228,-0.0087569934,2025-03-24
4.038,6.925,23.9812433,-0.0090797546,2025-03-25
4.037,6.924,23.9753044,-0.0002476474,2025-03-26
3.996,6.883,23.73180986,-0.0101560565,2025-03-27
3.959,6.846,23.51207088,-0.0092592593,2025-03-28
3.747,6.634,22.25302591,-0.053548876,2025-04-03
3.319,6.206,19.71118041,-0.1142247131,2025-04-11
3.226,6.113,19.15886351,-0.0280204881,2025-04-16
3.212,6.099,19.07571904,-0.0043397396,2025-04-17
3.219,6.106,19.11729127,0.0021793275,2025-04-18
3.26,6.147,19.36078582,0.0127368748,2025-04-21
3.23,6.117,19.18261908,-0.009202454,2025-04-22
3.299,6.186,19.59240258,0.0213622291,2025-04-25
3.233,6.12,19.20043575,-0.0200060624,2025-04-30
3.395,6.282,20.16253615,0.0501082586,2025-05-07
3.48,6.367,20.66734192,0.0250368189,2025-05-08
3.43,6.317,20.37039735,-0.0143678161,2025-05-09
3.527,6.414,20.94646981,0.0282798834,2025-05-12
3.512,6.399,20.85738644,-0.0042529062,2025-05-13
3.47,6.357,20.60795301,-0.0119589977,2025-05-16
3.515,6.402,20.87520312,0.0129682997,2025-05-19
3.544,6.431,21.04743097,0.0082503556,2025-05-20
3.552,6.439,21.0949421,0.0022573363,2025-05-21
3.503,6.39,20.80393642,-0.013795045,2025-05-22
3.475,6.362,20.63764746,-0.0079931487,2025-05-23
3.416,6.303,20.28725287,-0.0169784173,2025-05-28
3.495,6.382,20.75642529,0.0231264637,2025-05-29
3.455,6.342,20.51886963,-0.0114449213,2025-05-30
3.499,6.386,20.78018085,0.0127351664,2025-06-03
3.554,6.441,21.10681988,0.0157187768,2025-06-04
3.507,6.394,20.82769199,-0.0132245357,2025-06-06
3.659,6.546,21.73040347,0.0433418877,2025-06-13
3.601,6.488,21.38594777,-0.0158513255,2025-06-20
3.747,6.634,22.25302591,0.0405442933,2025-06-24
3.788,6.675,22.49652046,0.010942087,2025-06-25
3.725,6.612,22.1223703,-0.0166314678,2025-06-26
3.789,6.676,22.50245935,0.0171812081,2025-06-27
3.833,6.72,22.76377057,0.0116125627,2025-06-30
3.733,6.62,22.16988143,-0.0260892252,2025-07-04
3.865,6.752,22.95381509,0.0353603,2025-07-11
3.881,6.768,23.04883735,0.0041397154,2025-07-17
3.901,6.788,23.16761518,0.005153311,2025-07-18
3.896,6.783,23.13792072,-0.0012817226,2025-07-21
3.917,6.804,23.26263744,0.0053901437,2025-07-22
3.92,6.807,23.28045412,0.0007658923,2025-07-23
4.012,6.899,23.82683212,0.0234693878,2025-07-25
4.057,6.944,24.09408223,0.0112163509,2025-08-01
4.281,7.168,25.42439389,0.0552132117,2025-08-04
4.264,7.151,25.32343274,-0.0039710348,2025-08-05
4.297,7.184,25.51941616,0.007739212,2025-08-06
4.297,7.184,25.51941616,0.0,2025-08-07
4.353,7.24,25.85199407,0.0130323481,2025-08-08
4.299,7.186,25.53129394,-0.0124052378,2025-08-14
4.344,7.231,25.79854405,0.0104675506,2025-08-15
4.446,7.333,26.40431097,0.023480663,2025-08-18
4.498,7.385,26.71313332,0.0116959064,2025-08-19
4.517,7.404,26.82597225,0.0042240996,2025-08-20
4.654,7.541,27.63960037,0.030329865,2025-08-22
4.988,7.875,29.62319008,0.0717662226,2025-08-29
5.029,7.916,29.86668463,0.0082197273,2025-09-01
4.771,7.658,28.33445066,-0.0513024458,2025-09-02
4.63,7.517,27.49706698,-0.0295535527,2025-09-03
4.339,7.226,25.76884959,-0.0628509719,2025-09-04
4.591,7.478,27.26545022,0.0580778981,2025-09-05
4.92,7.807,29.21934547,0.0716619473,2025-09-12
4.972,7.859,29.52816782,0.0105691057,2025-09-15
5.154,8.041,30.60904605,0.0366049879,2025-09-16
5.293,8.18,31.43455195,0.0269693442,2025-09-17
5.317,8.204,31.57708534,0.0045342906,2025-09-18
5.29,8.177,31.41673527,-0.0050780515,2025-09-19
5.392,8.279,32.02250219,0.0192816635,2025-09-22
5.47,8.357,32.48573572,0.0144658754,2025-09-23
5.437,8.324,32.2897523,-0.0060329068,2025-09-24
5.636,8.523,33.47159168,0.0366010668,2025-09-25
5.351,8.238,31.77900765,-0.0505677786,2025-09-26
5.398,8.285,32.05813554,0.008783405,2025-09-29
5.368,8.255,31.8799688,-0.0055576139,2025-09-30
4.992,7.879,29.64694565,-0.0700447094,2025-10-10
4.837,7.724,28.72641749,-0.0310496795,2025-10-13
4.6,7.487,27.31890024,-0.0489973124,2025-10-14
4.749,7.636,28.20379505,0.0323913043,2025-10-15
4.577,7.464,27.18230574,-0.0362181512,2025-10-16
4.28,7.167,25.418455,-0.0648896657,2025-10-17
4.302,7.189,25.54911061,0.0051401869,2025-10-20
4.483,7.37,26.62404995,0.0420734542,2025-10-24
4.462,7.349,26.49933323,-0.0046843631,2025-10-31
4.467,7.354,26.52902769,0.0011205737,2025-11-03
4.293,7.18,25.49566059,-0.038952317,2025-11-04
4.197,7.084,24.92552702,-0.0223619846,2025-11-05
4.321,7.208,25.66194955,0.029544913,2025-11-06
4.279,7.166,25.41251611,-0.0097199722,2025-11-07
4.207,7.094,24.98491593,-0.0168263613,2025-11-10
4.353,7.24,25.85199407,0.0347040647,2025-11-11
4.227,7.114,25.10369376,-0.0289455548,2025-11-12
4.195,7.082,24.91364924,-0.0075703809,2025-11-13
4.066,6.953,24.14753225,-0.0307508939,2025-11-14
4.026,6.913,23.9099766,-0.0098376783,2025-11-17
3.866,6.753,22.95975398,-0.0397416791,2025-11-18
3.793,6.68,22.52621491,-0.018882566,2025-11-19
3.73,6.617,22.15206476,-0.0166095439,2025-11-20
3.769,6.656,22.38368152,0.0104557641,2025-11-21
4.002,6.889,23.76744321,0.0618201114,2025-11-28
4.101,6.988,24.35539345,0.0247376312,2025-12-05
4.161,7.048,24.71172693,0.0146305779,2025-12-12
4.307,7.194,25.57880507,0.0350877193,2025-12-19
4.341,7.228,25.78072738,0.0078941258,2025-12-22
4.235,7.122,25.15120489,-0.0244183368,2025-12-23
4.335,7.222,25.74509403,0.0236127509,2025-12-24
4.281,7.168,25.42439389,-0.0124567474,2025-12-25
4.345,7.232,25.80448294,0.0149497781,2025-12-26
4.441,7.328,26.37461651,0.0220943613,2025-12-29
4.472,7.359,26.55872214,0.0069804098,2025-12-31
4.666,7.553,27.71086707,0.0433810376,2026-01-05
4.825,7.712,28.65515079,0.0340762966,2026-01-06
4.709,7.596,27.9662394,-0.0240414508,2026-01-07
4.75,7.637,28.20973394,0.0087067318,2026-01-08
4.871,7.758,28.92833979,0.0254736842,2026-01-09
5.109,7.996,30.34179594,0.0488606036,2026-01-12
4.789,7.676,28.4413507,-0.0626345665,2026-01-13
4.844,7.731,28.76798973,0.0114846523,2026-01-14
4.807,7.694,28.54825075,-0.0076383154,2026-01-15
4.932,7.819,29.29061217,0.0260037445,2026-01-16
4.877,7.764,28.96397314,-0.0111516626,2026-01-19
4.726,7.613,28.06720055,-0.0309616568,2026-01-20
4.78,7.667,28.38790068,0.0114261532,2026-01-21
4.985,7.872,29.60537341,0.0428870293,2026-01-23
4.807,7.694,28.54825075,-0.0357071214,2026-01-26
4.906,7.793,29.13620099,0.0205949657,2026-01-27
4.841,7.728,28.75017305,-0.0132490828,2026-01-28
4.73,7.617,28.09095611,-0.0229291469,2026-01-29
4.563,7.45,27.09916126,-0.0353065539,2026-01-30
4.467,7.354,26.52902769,-0.0210387903,2026-02-02
4.597,7.484,27.30108356,0.0291023058,2026-02-03
4.632,7.519,27.50894476,0.0076136611,2026-02-04
4.751,7.638,28.21567283,0.0256908463,2026-02-05
4.571,7.458,27.14667239,-0.0378867607,2026-02-06
4.648,7.535,27.60396702,0.0168453292,2026-02-09
4.648,7.535,27.60396702,0.0,2026-02-10
4.634,7.521,27.52082254,-0.0030120482,2026-02-11
4.559,7.446,27.07540569,-0.0161847216,2026-02-12
4.52,7.407,26.84378893,-0.0085545076,2026-02-13
4.49,7.377,26.66562219,-0.0066371681,2026-02-24
4.476,7.363,26.58247771,-0.0031180401,2026-02-25
4.544,7.431,26.98632232,0.0151921358,2026-02-26
4.642,7.529,27.56833367,0.0215669014,2026-02-27
4.384,7.271,26.0360997,-0.0555794916,2026-03-02
4.043,6.93,24.01093775,-0.0777828467,2026-03-03
3.975,6.862,23.60709314,-0.0168191937,2026-03-04
4.214,7.101,25.02648817,0.0601257862,2026-03-05
4.687,7.574,27.83558379,0.112244898,2026-03-06
4.486,7.373,26.64186662,-0.0428845744,2026-03-09
4.504,7.391,26.74876667,0.0040124833,2026-03-10
4.571,7.458,27.14667239,0.0148756661,2026-03-11
4.84,7.727,28.74423416,0.0588492671,2026-03-12
4.774,7.661,28.35226733,-0.0136363636,2026-03-13
4.694,7.581,27.87715602,-0.0167574361,2026-03-16
4.485,7.372,26.63592773,-0.0445249254,2026-03-17
4.441,7.328,26.37461651,-0.0098104794,2026-03-18
4.309,7.196,25.59068285,-0.0297230354,2026-03-19
4.248,7.135,25.22841048,-0.0141564168,2026-03-20
3.915,6.802,23.25075966,-0.0783898305,2026-03-23
4.04,6.927,23.99312108,0.0319284802,2026-03-24
4.202,7.089,24.95522148,0.0400990099,2026-03-25
4.109,6.996,24.40290458,-0.0221323179,2026-03-26
4.168,7.055,24.75329917,0.0143587248,2026-03-27
3.943,6.83,23.41704862,-0.0539827255,2026-03-30
3.914,6.801,23.24482077,-0.007354806,2026-03-31
3.952,6.839,23.47049864,0.0097087379,2026-04-01
3.705,6.592,22.00359247,-0.0625,2026-04-03
3.71,6.597,22.03328693,0.0013495277,2026-04-07
3.945,6.832,23.4289264,0.0633423181,2026-04-08
3.826,6.713,22.72219833,-0.0301647655,2026-04-09
3.853,6.74,22.88254839,0.0070569786,2026-04-10
3.895,6.782,23.13198183,0.0109005969,2026-04-13
3.97,6.857,23.57739868,0.0192554557,2026-04-14
3.973,6.86,23.59521536,0.0007556675,2026-04-15
4.171,7.058,24.77111585,0.0498363957,2026-04-16
4.121,7.008,24.47417128,-0.011987533,2026-04-17
4.129,7.016,24.52168241,0.0019412764,2026-04-20
4.085,6.972,24.26037119,-0.0106563333,2026-04-21
4.313,7.2,25.61443842,0.0558139535,2026-04-22
4.26,7.147,25.29967718,-0.0122884303,2026-04-23
4.267,7.154,25.34124942,0.0016431925,2026-04-24
4.473,7.36,26.56466104,0.0482774783,2026-04-27
4.511,7.398,26.79033891,0.0084954169,2026-04-28
4.519,7.406,26.83785004,0.0017734427,2026-04-29
4.405,7.292,26.16081642,-0.0252268201,2026-04-30
4.553,7.44,27.03977234,0.0335981839,2026-05-07
4.537,7.424,26.94475008,-0.0035141665,2026-05-08
4.681,7.568,27.79995044,0.0317390346,2026-05-11
4.591,7.478,27.26545022,-0.019226661,2026-05-12
4.696,7.583,27.88903381,0.0228708342,2026-05-13
4.74,7.627,28.15034503,0.0093696763,2026-05-15
4.914,7.801,29.18371212,0.0367088608,2026-05-20
4.948,7.835,29.38563443,0.0069190069,2026-05-22
