nav,cumulative_nav_withdrawal,cumulative_nav,price_change,price_date
1.0,1.0,1.0,0.0,2016-07-27
1.0,1.0,1.0,0.0,2016-07-28
1.0,1.0,1.0,0.0,2016-07-29
1.0,1.0,1.0,0.0,2016-08-01
1.0,1.0,1.0,0.0,2016-08-02
1.0,1.0,1.0,0.0,2016-08-03
1.0,1.0,1.0,0.0,2016-08-04
1.0,1.0,1.0,0.0,2016-08-05
1.0,1.0,1.0,0.0,2016-08-08
0.999,0.999,0.999,-0.001,2016-08-09
0.999,0.999,0.999,0.0,2016-08-10
0.999,0.999,0.999,0.0,2016-08-11
1.0,1.0,1.0,0.001001001,2016-08-12
0.999,0.999,0.999,-0.001,2016-08-15
0.999,0.999,0.999,0.0,2016-08-16
0.999,0.999,0.999,0.0,2016-08-17
0.999,0.999,0.999,0.0,2016-08-18
0.999,0.999,0.999,0.0,2016-08-19
0.999,0.999,0.999,0.0,2016-08-22
0.997,0.997,0.997,-0.002002002,2016-08-23
0.999,0.999,0.999,0.0020060181,2016-08-24
0.999,0.999,0.999,0.0,2016-08-25
0.997,0.997,0.997,-0.002002002,2016-08-26
0.999,0.999,0.999,0.0020060181,2016-08-29
0.999,0.999,0.999,0.0,2016-08-30
0.991,0.991,0.991,-0.008008008,2016-08-31
0.99,0.99,0.99,-0.0010090817,2016-09-01
0.976,0.976,0.976,-0.0141414141,2016-09-02
0.95,0.95,0.95,-0.0266393443,2016-09-05
0.95,0.95,0.95,0.0,2016-09-06
0.95,0.95,0.95,0.0,2016-09-07
0.95,0.95,0.95,0.0,2016-09-08
0.95,0.95,0.95,0.0,2016-09-09
0.95,0.95,0.95,0.0,2016-09-12
0.95,0.95,0.95,0.0,2016-09-13
0.95,0.95,0.95,0.0,2016-09-14
0.949,0.949,0.949,-0.0010526316,2016-09-16
0.949,0.949,0.949,0.0,2016-09-19
0.951,0.951,0.951,0.0021074816,2016-09-20
0.948,0.948,0.948,-0.0031545741,2016-09-21
0.939,0.939,0.939,-0.0094936709,2016-09-22
0.934,0.934,0.934,-0.0053248136,2016-09-23
0.933,0.933,0.933,-0.0010706638,2016-09-26
0.931,0.931,0.931,-0.0021436227,2016-09-27
0.931,0.931,0.931,0.0,2016-09-28
0.931,0.931,0.931,0.0,2016-09-29
0.932,0.932,0.932,0.0010741139,2016-09-30
0.934,0.934,0.934,0.0021459227,2016-10-07
0.934,0.934,0.934,0.0,2016-10-10
0.934,0.934,0.934,0.0,2016-10-11
0.935,0.935,0.935,0.0010706638,2016-10-12
0.934,0.934,0.934,-0.0010695187,2016-10-13
0.935,0.935,0.935,0.0010706638,2016-10-14
0.933,0.933,0.933,-0.0021390374,2016-10-17
0.939,0.939,0.939,0.0064308682,2016-10-18
0.943,0.943,0.943,0.0042598509,2016-10-19
0.948,0.948,0.948,0.0053022269,2016-10-20
0.947,0.947,0.947,-0.0010548523,2016-10-21
0.951,0.951,0.951,0.0042238648,2016-10-24
0.957,0.957,0.957,0.0063091483,2016-10-25
0.958,0.958,0.958,0.0010449321,2016-10-26
0.962,0.962,0.962,0.0041753653,2016-10-27
0.966,0.966,0.966,0.0041580042,2016-10-28
0.972,0.972,0.972,0.0062111801,2016-10-31
0.974,0.974,0.974,0.0020576132,2016-11-01
0.971,0.971,0.971,-0.0030800821,2016-11-02
0.972,0.972,0.972,0.0010298661,2016-11-03
0.977,0.977,0.977,0.0051440329,2016-11-04
0.973,0.973,0.973,-0.0040941658,2016-11-07
0.952,0.952,0.952,-0.0215827338,2016-11-08
0.954,0.954,0.954,0.0021008403,2016-11-09
0.949,0.949,0.949,-0.0052410901,2016-11-10
0.949,0.949,0.949,0.0,2016-11-11
0.947,0.947,0.947,-0.0021074816,2016-11-14
0.948,0.948,0.948,0.0010559662,2016-11-15
0.949,0.949,0.949,0.0010548523,2016-11-16
0.95,0.95,0.95,0.0010537408,2016-11-17
0.952,0.952,0.952,0.0021052632,2016-11-18
0.952,0.952,0.952,0.0,2016-11-21
0.948,0.948,0.948,-0.0042016807,2016-11-22
0.95,0.95,0.95,0.0021097046,2016-11-23
0.951,0.951,0.951,0.0010526316,2016-11-24
0.959,0.959,0.959,0.0084121977,2016-11-25
0.959,0.959,0.959,0.0,2016-11-28
0.952,0.952,0.952,-0.0072992701,2016-11-29
0.952,0.952,0.952,0.0,2016-11-30
0.949,0.949,0.949,-0.0031512605,2016-12-01
0.949,0.949,0.949,0.0,2016-12-02
0.934,0.934,0.934,-0.0158061117,2016-12-05
0.934,0.934,0.934,0.0,2016-12-06
0.934,0.934,0.934,0.0,2016-12-07
0.933,0.933,0.933,-0.0010706638,2016-12-08
0.933,0.933,0.933,0.0,2016-12-09
0.934,0.934,0.934,0.0010718114,2016-12-12
0.934,0.934,0.934,0.0,2016-12-13
0.934,0.934,0.934,0.0,2016-12-14
0.931,0.931,0.931,-0.0032119914,2016-12-15
0.927,0.927,0.927,-0.0042964554,2016-12-16
0.927,0.927,0.927,0.0,2016-12-19
0.928,0.928,0.928,0.0010787487,2016-12-20
0.928,0.928,0.928,0.0,2016-12-21
0.928,0.928,0.928,0.0,2016-12-22
0.928,0.928,0.928,0.0,2016-12-23
0.928,0.928,0.928,0.0,2016-12-26
0.928,0.928,0.928,0.0,2016-12-27
0.928,0.928,0.928,0.0,2016-12-28
0.929,0.929,0.929,0.0010775862,2016-12-29
0.929,0.929,0.929,0.0,2016-12-30
0.927,0.927,0.927,-0.0021528525,2017-01-03
0.927,0.927,0.927,0.0,2017-01-04
0.927,0.927,0.927,0.0,2017-01-05
0.927,0.927,0.927,0.0,2017-01-06
0.927,0.927,0.927,0.0,2017-01-09
0.927,0.927,0.927,0.0,2017-01-10
0.926,0.926,0.926,-0.0010787487,2017-01-11
0.922,0.922,0.922,-0.0043196544,2017-01-12
0.923,0.923,0.923,0.0010845987,2017-01-13
0.916,0.916,0.916,-0.0075839653,2017-01-16
0.919,0.919,0.919,0.0032751092,2017-01-17
0.92,0.92,0.92,0.0010881393,2017-01-18
0.914,0.914,0.914,-0.0065217391,2017-01-19
0.916,0.916,0.916,0.0021881838,2017-01-20
0.922,0.922,0.922,0.0065502183,2017-01-23
0.928,0.928,0.928,0.0065075922,2017-01-24
0.929,0.929,0.929,0.0010775862,2017-01-25
0.934,0.934,0.934,0.0053821313,2017-01-26
0.934,0.934,0.934,0.0,2017-01-27
0.933,0.933,0.933,-0.0010706638,2017-02-03
0.933,0.933,0.933,0.0,2017-02-06
0.933,0.933,0.933,0.0,2017-02-07
0.935,0.935,0.935,0.0021436227,2017-02-08
0.938,0.938,0.938,0.0032085561,2017-02-09
0.936,0.936,0.936,-0.0021321962,2017-02-10
0.936,0.936,0.936,0.0,2017-02-13
0.935,0.935,0.935,-0.0010683761,2017-02-14
0.933,0.933,0.933,-0.0021390374,2017-02-15
0.934,0.934,0.934,0.0010718114,2017-02-16
0.934,0.934,0.934,0.0,2017-02-17
0.935,0.935,0.935,0.0010706638,2017-02-20
0.935,0.935,0.935,0.0,2017-02-21
0.938,0.938,0.938,0.0032085561,2017-02-22
0.939,0.939,0.939,0.0010660981,2017-02-23
0.942,0.942,0.942,0.0031948882,2017-02-24
0.941,0.941,0.941,-0.0010615711,2017-02-27
0.94,0.94,0.94,-0.0010626993,2017-02-28
0.94,0.94,0.94,0.0,2017-03-01
0.944,0.944,0.944,0.0042553191,2017-03-02
0.94,0.94,0.94,-0.0042372881,2017-03-03
0.938,0.938,0.938,-0.0021276596,2017-03-06
0.934,0.934,0.934,-0.0042643923,2017-03-07
0.934,0.934,0.934,0.0,2017-03-08
0.945,0.945,0.945,0.0117773019,2017-03-09
0.949,0.949,0.949,0.0042328042,2017-03-10
0.945,0.945,0.945,-0.0042149631,2017-03-13
0.943,0.943,0.943,-0.0021164021,2017-03-14
0.938,0.938,0.938,-0.0053022269,2017-03-15
0.935,0.935,0.935,-0.0031982942,2017-03-16
0.937,0.937,0.937,0.0021390374,2017-03-17
0.938,0.938,0.938,0.0010672359,2017-03-20
0.946,0.946,0.946,0.0085287846,2017-03-21
0.954,0.954,0.954,0.0084566596,2017-03-22
0.944,0.944,0.944,-0.0104821803,2017-03-23
0.947,0.947,0.947,0.0031779661,2017-03-24
0.946,0.946,0.946,-0.0010559662,2017-03-27
0.939,0.939,0.939,-0.0073995772,2017-03-28
0.924,0.924,0.924,-0.0159744409,2017-03-29
0.917,0.917,0.917,-0.0075757576,2017-03-30
0.905,0.905,0.905,-0.0130861505,2017-03-31
0.896,0.896,0.896,-0.0099447514,2017-04-05
0.927,0.927,0.927,0.0345982143,2017-04-06
0.91,0.91,0.91,-0.0183387271,2017-04-07
0.878,0.878,0.878,-0.0351648352,2017-04-10
0.87,0.87,0.87,-0.0091116173,2017-04-11
0.866,0.866,0.866,-0.0045977011,2017-04-12
0.866,0.866,0.866,0.0,2017-04-13
0.866,0.866,0.866,0.0,2017-04-14
0.864,0.864,0.864,-0.0023094688,2017-04-17
0.865,0.865,0.865,0.0011574074,2017-04-18
0.88,0.88,0.88,0.0173410405,2017-04-19
0.876,0.876,0.876,-0.0045454545,2017-04-20
0.87,0.87,0.87,-0.0068493151,2017-04-21
0.869,0.869,0.869,-0.0011494253,2017-04-24
0.883,0.883,0.883,0.0161104718,2017-04-25
0.88,0.88,0.88,-0.0033975085,2017-04-26
0.896,0.896,0.896,0.0181818182,2017-04-27
0.883,0.883,0.883,-0.0145089286,2017-04-28
0.885,0.885,0.885,0.0022650057,2017-05-02
0.888,0.888,0.888,0.0033898305,2017-05-03
0.902,0.902,0.902,0.0157657658,2017-05-04
0.894,0.894,0.894,-0.0088691796,2017-05-05
0.895,0.895,0.895,0.0011185682,2017-05-08
0.914,0.914,0.914,0.0212290503,2017-05-09
0.901,0.901,0.901,-0.0142231947,2017-05-10
0.906,0.906,0.906,0.0055493896,2017-05-11
0.899,0.899,0.899,-0.0077262693,2017-05-12
0.903,0.903,0.903,0.0044493882,2017-05-15
0.933,0.933,0.933,0.0332225914,2017-05-16
0.937,0.937,0.937,0.0042872454,2017-05-17
0.935,0.935,0.935,-0.0021344717,2017-05-18
0.933,0.933,0.933,-0.0021390374,2017-05-19
0.925,0.925,0.925,-0.0085744909,2017-05-22
0.899,0.899,0.899,-0.0281081081,2017-05-23
0.906,0.906,0.906,0.0077864294,2017-05-24
0.906,0.906,0.906,0.0,2017-05-25
0.902,0.902,0.902,-0.004415011,2017-05-26
0.898,0.898,0.898,-0.0044345898,2017-05-31
0.881,0.881,0.881,-0.0189309577,2017-06-01
0.9,0.9,0.9,0.0215664018,2017-06-02
0.914,0.914,0.914,0.0155555556,2017-06-05
0.91,0.91,0.91,-0.0043763676,2017-06-06
0.931,0.931,0.931,0.0230769231,2017-06-07
0.925,0.925,0.925,-0.0064446831,2017-06-08
0.933,0.933,0.933,0.0086486486,2017-06-09
0.914,0.914,0.914,-0.0203644159,2017-06-12
0.934,0.934,0.934,0.0218818381,2017-06-13
0.951,0.951,0.951,0.0182012848,2017-06-14
0.961,0.961,0.961,0.0105152471,2017-06-15
0.963,0.963,0.963,0.0020811655,2017-06-16
0.961,0.961,0.961,-0.0020768432,2017-06-19
0.958,0.958,0.958,-0.0031217482,2017-06-20
0.959,0.959,0.959,0.0010438413,2017-06-21
0.943,0.943,0.943,-0.0166840459,2017-06-22
0.953,0.953,0.953,0.0106044539,2017-06-23
0.959,0.959,0.959,0.0062959077,2017-06-26
0.957,0.957,0.957,-0.0020855057,2017-06-27
0.943,0.943,0.943,-0.0146290491,2017-06-28
0.945,0.945,0.945,0.0021208908,2017-06-29
0.945,0.945,0.945,0.0,2017-06-30
0.959,0.959,0.959,0.0148148148,2017-07-03
0.96,0.96,0.96,0.0010427529,2017-07-04
0.959,0.959,0.959,-0.0010416667,2017-07-05
0.956,0.956,0.956,-0.0031282586,2017-07-06
0.979,0.979,0.979,0.0240585774,2017-07-07
0.954,0.954,0.954,-0.0255362615,2017-07-10
0.945,0.945,0.945,-0.0094339623,2017-07-11
0.949,0.949,0.949,0.0042328042,2017-07-12
0.944,0.944,0.944,-0.0052687039,2017-07-13
0.933,0.933,0.933,-0.0116525424,2017-07-14
0.883,0.883,0.883,-0.0535905681,2017-07-17
0.887,0.887,0.887,0.0045300113,2017-07-18
0.896,0.896,0.896,0.0101465614,2017-07-19
0.901,0.901,0.901,0.0055803571,2017-07-20
0.894,0.894,0.894,-0.0077691454,2017-07-21
0.899,0.899,0.899,0.0055928412,2017-07-24
0.894,0.894,0.894,-0.0055617353,2017-07-25
0.895,0.895,0.895,0.0011185682,2017-07-26
0.924,0.924,0.924,0.0324022346,2017-07-27
0.92,0.92,0.92,-0.0043290043,2017-07-28
0.921,0.921,0.921,0.0010869565,2017-07-31
0.924,0.924,0.924,0.003257329,2017-08-01
0.917,0.917,0.917,-0.0075757576,2017-08-02
0.918,0.918,0.918,0.0010905125,2017-08-03
0.914,0.914,0.914,-0.0043572985,2017-08-04
0.908,0.908,0.908,-0.0065645514,2017-08-07
0.909,0.909,0.909,0.0011013216,2017-08-08
0.913,0.913,0.913,0.00440044,2017-08-09
0.913,0.913,0.913,0.0,2017-08-10
0.904,0.904,0.904,-0.0098576123,2017-08-11
0.919,0.919,0.919,0.0165929204,2017-08-14
0.919,0.919,0.919,0.0,2017-08-15
0.936,0.936,0.936,0.0184983678,2017-08-16
0.942,0.942,0.942,0.0064102564,2017-08-17
0.935,0.935,0.935,-0.0074309979,2017-08-18
0.947,0.947,0.947,0.0128342246,2017-08-21
0.944,0.944,0.944,-0.0031678986,2017-08-22
0.944,0.944,0.944,0.0,2017-08-23
0.941,0.941,0.941,-0.0031779661,2017-08-24
0.95,0.95,0.95,0.0095642933,2017-08-25
0.96,0.96,0.96,0.0105263158,2017-08-28
0.961,0.961,0.961,0.0010416667,2017-08-29
0.953,0.953,0.953,-0.0083246618,2017-08-30
0.97,0.97,0.97,0.017838405,2017-08-31
0.965,0.965,0.965,-0.0051546392,2017-09-01
0.967,0.967,0.967,0.0020725389,2017-09-04
0.966,0.966,0.966,-0.0010341262,2017-09-05
0.966,0.966,0.966,0.0,2017-09-06
0.966,0.966,0.966,0.0,2017-09-07
0.977,0.977,0.977,0.0113871636,2017-09-08
0.979,0.979,0.979,0.0020470829,2017-09-11
0.991,0.991,0.991,0.0122574055,2017-09-12
0.997,0.997,0.997,0.0060544904,2017-09-13
0.999,0.999,0.999,0.0020060181,2017-09-14
0.998,0.998,0.998,-0.001001001,2017-09-15
0.999,0.999,0.999,0.001002004,2017-09-18
1.001,1.001,1.001,0.002002002,2017-09-19
1.007,1.007,1.007,0.005994006,2017-09-20
0.999,0.999,0.999,-0.0079443893,2017-09-21
1.007,1.007,1.007,0.008008008,2017-09-22
1.009,1.009,1.009,0.0019860973,2017-09-25
1.005,1.005,1.005,-0.0039643211,2017-09-26
1.012,1.012,1.012,0.0069651741,2017-09-27
1.011,1.011,1.011,-0.0009881423,2017-09-28
1.013,1.013,1.013,0.0019782394,2017-09-29
1.018,1.018,1.018,0.0049358342,2017-10-09
1.03,1.03,1.03,0.0117878193,2017-10-10
1.031,1.031,1.031,0.0009708738,2017-10-11
1.029,1.029,1.029,-0.0019398642,2017-10-12
1.037,1.037,1.037,0.0077745384,2017-10-13
1.025,1.025,1.025,-0.0115718419,2017-10-16
1.027,1.027,1.027,0.0019512195,2017-10-17
1.014,1.014,1.014,-0.0126582278,2017-10-18
1.012,1.012,1.012,-0.0019723866,2017-10-19
1.021,1.021,1.021,0.0088932806,2017-10-20
1.025,1.025,1.025,0.0039177277,2017-10-23
1.021,1.021,1.021,-0.003902439,2017-10-24
1.027,1.027,1.027,0.0058765916,2017-10-25
1.027,1.027,1.027,0.0,2017-10-26
1.029,1.029,1.029,0.0019474197,2017-10-27
1.02,1.02,1.02,-0.0087463557,2017-10-30
1.035,1.035,1.035,0.0147058824,2017-10-31
1.04,1.04,1.04,0.0048309179,2017-11-01
1.043,1.043,1.043,0.0028846154,2017-11-02
1.044,1.044,1.044,0.0009587728,2017-11-03
1.048,1.048,1.048,0.0038314176,2017-11-06
1.046,1.046,1.046,-0.0019083969,2017-11-07
1.049,1.049,1.049,0.0028680688,2017-11-08
1.049,1.049,1.049,0.0,2017-11-09
1.049,1.049,1.049,0.0,2017-11-10
1.057,1.057,1.057,0.0076263108,2017-11-13
1.052,1.052,1.052,-0.004730369,2017-11-14
1.046,1.046,1.046,-0.0057034221,2017-11-15
1.05,1.05,1.05,0.0038240918,2017-11-16
1.04,1.04,1.04,-0.0095238095,2017-11-17
1.041,1.041,1.041,0.0009615385,2017-11-20
1.041,1.041,1.041,0.0,2017-11-21
1.042,1.042,1.042,0.0009606148,2017-11-22
1.036,1.036,1.036,-0.0057581574,2017-11-23
1.034,1.034,1.034,-0.0019305019,2017-11-24
1.027,1.027,1.027,-0.0067698259,2017-11-27
1.031,1.031,1.031,0.0038948393,2017-11-28
1.028,1.028,1.028,-0.0029097963,2017-11-29
1.026,1.026,1.026,-0.0019455253,2017-11-30
1.031,1.031,1.031,0.0048732943,2017-12-01
1.027,1.027,1.027,-0.0038797284,2017-12-04
1.02,1.02,1.02,-0.0068159688,2017-12-05
1.026,1.026,1.026,0.0058823529,2017-12-06
1.024,1.024,1.024,-0.0019493177,2017-12-07
1.03,1.03,1.03,0.005859375,2017-12-08
1.034,1.034,1.034,0.0038834951,2017-12-11
1.031,1.031,1.031,-0.002901354,2017-12-12
1.036,1.036,1.036,0.0048496605,2017-12-13
1.036,1.036,1.036,0.0,2017-12-14
1.034,1.034,1.034,-0.0019305019,2017-12-15
1.029,1.029,1.029,-0.0048355899,2017-12-18
1.031,1.031,1.031,0.0019436346,2017-12-19
1.028,1.028,1.028,-0.0029097963,2017-12-20
1.03,1.03,1.03,0.0019455253,2017-12-21
1.028,1.028,1.028,-0.0019417476,2017-12-22
1.024,1.024,1.024,-0.0038910506,2017-12-25
1.031,1.031,1.031,0.0068359375,2017-12-26
1.028,1.028,1.028,-0.0029097963,2017-12-27
1.029,1.029,1.029,0.0009727626,2017-12-28
1.031,1.031,1.031,0.0019436346,2017-12-29
1.03,1.03,1.03,-0.0009699321,2018-01-02
1.032,1.032,1.032,0.0019417476,2018-01-03
1.03,1.03,1.03,-0.0019379845,2018-01-04
1.03,1.03,1.03,0.0,2018-01-05
1.026,1.026,1.026,-0.0038834951,2018-01-08
1.027,1.027,1.027,0.0009746589,2018-01-09
1.019,1.019,1.019,-0.0077896787,2018-01-10
1.024,1.024,1.024,0.0049067713,2018-01-11
1.02,1.02,1.02,-0.00390625,2018-01-12
1.002,1.002,1.002,-0.0176470588,2018-01-15
1.001,1.001,1.001,-0.000998004,2018-01-16
1.005,1.005,1.005,0.003996004,2018-01-17
1.007,1.007,1.007,0.0019900498,2018-01-18
1.007,1.007,1.007,0.0,2018-01-19
1.008,1.008,1.008,0.0009930487,2018-01-22
1.003,1.003,1.003,-0.0049603175,2018-01-23
1.019,1.019,1.019,0.0159521436,2018-01-24
1.017,1.017,1.017,-0.0019627085,2018-01-25
1.012,1.012,1.012,-0.0049164208,2018-01-26
1.01,1.01,1.01,-0.0019762846,2018-01-29
1.015,1.015,1.015,0.004950495,2018-01-30
1.003,1.003,1.003,-0.0118226601,2018-01-31
0.991,0.991,0.991,-0.0119641077,2018-02-01
0.987,0.987,0.987,-0.0040363269,2018-02-02
0.98,0.98,0.98,-0.0070921986,2018-02-05
0.954,0.954,0.954,-0.0265306122,2018-02-06
0.96,0.96,0.96,0.0062893082,2018-02-07
0.967,0.967,0.967,0.0072916667,2018-02-08
0.952,0.952,0.952,-0.0155118925,2018-02-09
0.969,0.969,0.969,0.0178571429,2018-02-12
0.972,0.972,0.972,0.0030959752,2018-02-13
0.975,0.975,0.975,0.0030864198,2018-02-14
0.984,0.984,0.984,0.0092307692,2018-02-22
0.985,0.985,0.985,0.0010162602,2018-02-23
1.011,1.011,1.011,0.0263959391,2018-02-26
1.017,1.017,1.017,0.0059347181,2018-02-27
1.017,1.017,1.017,0.0,2018-02-28
1.028,1.028,1.028,0.0108161259,2018-03-01
1.028,1.028,1.028,0.0,2018-03-02
1.036,1.036,1.036,0.0077821012,2018-03-05
1.039,1.039,1.039,0.0028957529,2018-03-06
1.047,1.047,1.047,0.0076997113,2018-03-07
1.059,1.059,1.059,0.0114613181,2018-03-08
1.069,1.069,1.069,0.0094428706,2018-03-09
1.079,1.079,1.079,0.009354537,2018-03-12
1.074,1.074,1.074,-0.0046339203,2018-03-13
1.075,1.075,1.075,0.0009310987,2018-03-14
1.063,1.063,1.063,-0.0111627907,2018-03-15
1.07,1.07,1.07,0.0065851364,2018-03-16
1.077,1.077,1.077,0.0065420561,2018-03-19
1.079,1.079,1.079,0.0018570102,2018-03-20
1.068,1.068,1.068,-0.0101946247,2018-03-21
1.073,1.073,1.073,0.0046816479,2018-03-22
1.045,1.045,1.045,-0.0260950606,2018-03-23
1.056,1.056,1.056,0.0105263158,2018-03-26
1.071,1.071,1.071,0.0142045455,2018-03-27
1.066,1.066,1.066,-0.0046685341,2018-03-28
1.074,1.074,1.074,0.0075046904,2018-03-29
1.069,1.069,1.069,-0.0046554935,2018-03-30
1.057,1.057,1.057,-0.0112254443,2018-04-02
1.029,1.029,1.029,-0.0264900662,2018-04-03
1.035,1.035,1.035,0.0058309038,2018-04-04
1.03,1.03,1.03,-0.0048309179,2018-04-09
1.038,1.038,1.038,0.0077669903,2018-04-10
1.062,1.062,1.062,0.0231213873,2018-04-11
1.057,1.057,1.057,-0.0047080979,2018-04-12
1.076,1.076,1.076,0.0179754021,2018-04-13
1.089,1.089,1.089,0.0120817844,2018-04-16
1.045,1.045,1.045,-0.0404040404,2018-04-17
1.078,1.078,1.078,0.0315789474,2018-04-18
1.072,1.072,1.072,-0.0055658627,2018-04-19
1.038,1.038,1.038,-0.0317164179,2018-04-20
1.036,1.036,1.036,-0.0019267823,2018-04-23
1.049,1.049,1.049,0.0125482625,2018-04-24
1.073,1.073,1.073,0.0228789323,2018-04-25
1.067,1.067,1.067,-0.0055917987,2018-04-26
1.116,1.116,1.116,0.045923149,2018-04-27
1.142,1.142,1.142,0.023297491,2018-05-02
1.144,1.144,1.144,0.0017513135,2018-05-03
1.144,1.144,1.144,0.0,2018-05-04
1.175,1.175,1.175,0.0270979021,2018-05-07
1.199,1.199,1.199,0.0204255319,2018-05-08
1.195,1.195,1.195,-0.0033361134,2018-05-09
1.222,1.222,1.222,0.0225941423,2018-05-10
1.211,1.211,1.211,-0.0090016367,2018-05-11
1.219,1.219,1.219,0.0066061107,2018-05-14
1.216,1.216,1.216,-0.0024610336,2018-05-15
1.21,1.21,1.21,-0.0049342105,2018-05-16
1.208,1.208,1.208,-0.0016528926,2018-05-17
1.211,1.211,1.211,0.0024834437,2018-05-18
1.239,1.239,1.239,0.0231213873,2018-05-21
1.259,1.259,1.259,0.01614205,2018-05-22
1.24,1.24,1.24,-0.0150913423,2018-05-23
1.236,1.236,1.236,-0.0032258065,2018-05-24
1.221,1.221,1.221,-0.0121359223,2018-05-25
1.224,1.224,1.224,0.0024570025,2018-05-28
1.209,1.209,1.209,-0.012254902,2018-05-29
1.173,1.173,1.173,-0.0297766749,2018-05-30
1.182,1.182,1.182,0.0076726343,2018-05-31
1.166,1.166,1.166,-0.013536379,2018-06-01
1.174,1.174,1.174,0.0068610635,2018-06-04
1.192,1.192,1.192,0.0153321976,2018-06-05
1.193,1.193,1.193,0.0008389262,2018-06-06
1.184,1.184,1.184,-0.0075440067,2018-06-07
1.183,1.183,1.183,-0.0008445946,2018-06-08
1.176,1.176,1.176,-0.0059171598,2018-06-11
1.183,1.183,1.183,0.005952381,2018-06-12
1.16,1.16,1.16,-0.0194420964,2018-06-13
1.152,1.152,1.152,-0.0068965517,2018-06-14
1.123,1.123,1.123,-0.0251736111,2018-06-15
1.069,1.069,1.069,-0.0480854853,2018-06-19
1.064,1.064,1.064,-0.0046772685,2018-06-20
1.036,1.036,1.036,-0.0263157895,2018-06-21
1.045,1.045,1.045,0.0086872587,2018-06-22
1.041,1.041,1.041,-0.0038277512,2018-06-25
1.053,1.053,1.053,0.0115273775,2018-06-26
1.04,1.04,1.04,-0.012345679,2018-06-27
1.036,1.036,1.036,-0.0038461538,2018-06-28
1.066,1.066,1.066,0.028957529,2018-06-29
1.047,1.047,1.047,-0.0178236398,2018-07-02
1.088,1.088,1.088,0.0391595033,2018-07-03
1.08,1.08,1.08,-0.0073529412,2018-07-04
1.043,1.043,1.043,-0.0342592593,2018-07-05
1.055,1.055,1.055,0.0115052733,2018-07-06
1.082,1.082,1.082,0.0255924171,2018-07-09
1.087,1.087,1.087,0.0046210721,2018-07-10
1.061,1.061,1.061,-0.0239190432,2018-07-11
1.112,1.112,1.112,0.0480678605,2018-07-12
1.122,1.122,1.122,0.0089928058,2018-07-13
1.153,1.153,1.153,0.0276292335,2018-07-16
1.174,1.174,1.174,0.0182133565,2018-07-17
1.168,1.168,1.168,-0.0051107325,2018-07-18
1.171,1.171,1.171,0.0025684932,2018-07-19
1.174,1.174,1.174,0.0025619129,2018-07-20
1.181,1.181,1.181,0.0059625213,2018-07-23
1.193,1.193,1.193,0.0101608806,2018-07-24
1.184,1.184,1.184,-0.0075440067,2018-07-25
1.154,1.154,1.154,-0.0253378378,2018-07-26
1.158,1.158,1.158,0.0034662045,2018-07-27
1.135,1.135,1.135,-0.0198618307,2018-07-30
1.134,1.134,1.134,-0.0008810573,2018-07-31
1.125,1.125,1.125,-0.0079365079,2018-08-01
1.094,1.094,1.094,-0.0275555556,2018-08-02
1.057,1.057,1.057,-0.033820841,2018-08-03
1.034,1.034,1.034,-0.0217596973,2018-08-06
1.07,1.07,1.07,0.0348162476,2018-08-07
1.044,1.044,1.044,-0.0242990654,2018-08-08
1.099,1.099,1.099,0.0526819923,2018-08-09
1.117,1.117,1.117,0.0163785259,2018-08-10
1.149,1.149,1.149,0.0286481647,2018-08-13
1.163,1.163,1.163,0.0121845083,2018-08-14
1.136,1.136,1.136,-0.0232158212,2018-08-15
1.142,1.142,1.142,0.0052816901,2018-08-16
1.133,1.133,1.133,-0.0078809107,2018-08-17
1.164,1.164,1.164,0.0273609885,2018-08-20
1.176,1.176,1.176,0.0103092784,2018-08-21
1.156,1.156,1.156,-0.0170068027,2018-08-22
1.192,1.192,1.192,0.0311418685,2018-08-23
1.179,1.179,1.179,-0.0109060403,2018-08-24
1.231,1.231,1.231,0.0441051739,2018-08-27
1.244,1.244,1.244,0.0105605199,2018-08-28
1.249,1.249,1.249,0.0040192926,2018-08-29
1.22,1.22,1.22,-0.0232185749,2018-08-30
1.214,1.214,1.214,-0.0049180328,2018-08-31
1.197,1.197,1.197,-0.0140032949,2018-09-03
1.211,1.211,1.211,0.0116959064,2018-09-04
1.045,1.205,1.205,-0.004954583,2018-09-05
1.039,1.199,1.19808134,-0.0057416268,2018-09-06
1.024,1.184,1.18078469,-0.0144369586,2018-09-07
0.996,1.156,1.14849761,-0.02734375,2018-09-10
1.009,1.169,1.16348804,0.0130522088,2018-09-11
1.006,1.166,1.16002871,-0.0029732408,2018-09-12
1.032,1.192,1.19000957,0.0258449304,2018-09-13
1.019,1.179,1.17501914,-0.0125968992,2018-09-14
1.005,1.165,1.1588756,-0.0137389598,2018-09-17
1.012,1.172,1.16694737,0.0069651741,2018-09-18
1.017,1.177,1.17271292,0.0049407115,2018-09-19
1.017,1.177,1.17271292,0.0,2018-09-20
1.032,1.192,1.19000957,0.0147492625,2018-09-21
1.034,1.194,1.19231579,0.0019379845,2018-09-25
1.044,1.204,1.20384689,0.0096711799,2018-09-26
1.033,1.193,1.19116268,-0.0105363985,2018-09-27
1.037,1.197,1.19577512,0.0038722168,2018-09-28
1.103,1.263,1.27188038,0.0636451302,2018-10-08
1.007,1.167,1.16118182,-0.0870353581,2018-10-09
1.005,1.165,1.1588756,-0.0019860973,2018-10-10
0.944,1.104,1.08853589,-0.0606965174,2018-10-11
0.947,1.107,1.09199522,0.0031779661,2018-10-12
0.944,1.104,1.08853589,-0.0031678986,2018-10-15
0.918,1.078,1.05855502,-0.0275423729,2018-10-16
0.924,1.084,1.06547368,0.0065359477,2018-10-17
0.904,1.064,1.04241148,-0.0216450216,2018-10-18
0.93,1.09,1.07239234,0.0287610619,2018-10-19
0.972,1.132,1.12082297,0.0451612903,2018-10-22
0.951,1.111,1.09660766,-0.0216049383,2018-10-23
0.946,1.106,1.09084211,-0.0052576236,2018-10-24
0.944,1.104,1.08853589,-0.0021141649,2018-10-25
0.94,1.1,1.08392344,-0.0042372881,2018-10-26
0.927,1.087,1.06893301,-0.0138297872,2018-10-29
0.907,1.067,1.04587081,-0.021574973,2018-10-30
0.922,1.082,1.06316746,0.0165380375,2018-10-31
0.937,1.097,1.08046411,0.0162689805,2018-11-01
0.979,1.139,1.12889474,0.0448239061,2018-11-02
0.976,1.136,1.12543541,-0.0030643514,2018-11-05
0.987,1.147,1.13811962,0.0112704918,2018-11-06
0.999,1.159,1.15195694,0.0121580547,2018-11-07
0.989,1.149,1.14042584,-0.01001001,2018-11-08
0.994,1.154,1.14619139,0.0050556117,2018-11-09
1.028,1.188,1.18539713,0.0342052314,2018-11-12
1.03,1.19,1.18770335,0.0019455253,2018-11-13
1.025,1.185,1.1819378,-0.0048543689,2018-11-14
1.041,1.201,1.20038756,0.0156097561,2018-11-15
1.053,1.213,1.21422488,0.0115273775,2018-11-16
1.055,1.215,1.2165311,0.0018993352,2018-11-19
1.017,1.177,1.17271292,-0.0360189573,2018-11-20
1.029,1.189,1.18655024,0.01179941,2018-11-21
1.022,1.182,1.17847847,-0.0068027211,2018-11-22
0.995,1.155,1.1473445,-0.0264187867,2018-11-23
1.002,1.162,1.15541627,0.0070351759,2018-11-26
1.016,1.176,1.17155981,0.0139720559,2018-11-27
1.026,1.186,1.18309091,0.0098425197,2018-11-28
0.995,1.155,1.1473445,-0.030214425,2018-11-29
1.004,1.164,1.15772249,0.0090452261,2018-11-30
1.052,1.212,1.21307177,0.0478087649,2018-12-03
1.054,1.214,1.21537799,0.0019011407,2018-12-04
1.06,1.22,1.22229665,0.0056925996,2018-12-05
1.012,1.172,1.16694737,-0.0452830189,2018-12-06
1.016,1.176,1.17155981,0.0039525692,2018-12-07
1.02,1.18,1.17617225,0.0039370079,2018-12-10
1.043,1.203,1.20269378,0.0225490196,2018-12-11
1.028,1.188,1.18539713,-0.0143815916,2018-12-12
1.044,1.204,1.20384689,0.0155642023,2018-12-13
1.016,1.176,1.17155981,-0.0268199234,2018-12-14
1.008,1.168,1.16233493,-0.0078740157,2018-12-17
1.0,1.16,1.15311005,-0.0079365079,2018-12-18
0.99,1.15,1.14157895,-0.01,2018-12-19
0.996,1.156,1.14849761,0.0060606061,2018-12-20
0.986,1.146,1.13696651,-0.0100401606,2018-12-21
1.017,1.177,1.17271292,0.0314401623,2018-12-24
1.033,1.193,1.19116268,0.0157325467,2018-12-25
1.016,1.176,1.17155981,-0.0164569216,2018-12-26
1.013,1.173,1.16810048,-0.0029527559,2018-12-27
1.005,1.165,1.1588756,-0.0078973346,2018-12-28
1.004,1.164,1.15772249,-0.0009950249,2019-01-02
0.966,1.126,1.11390431,-0.0378486056,2019-01-03
0.984,1.144,1.13466029,0.0186335404,2019-01-04
1.011,1.171,1.16579426,0.0274390244,2019-01-07
1.005,1.165,1.1588756,-0.0059347181,2019-01-08
1.006,1.166,1.16002871,0.0009950249,2019-01-09
1.027,1.187,1.18424402,0.0208747515,2019-01-10
1.038,1.198,1.19692823,0.0107108082,2019-01-11
1.031,1.191,1.18885646,-0.006743738,2019-01-14
1.038,1.198,1.19692823,0.0067895247,2019-01-15
1.034,1.194,1.19231579,-0.0038535645,2019-01-16
1.019,1.179,1.17501914,-0.0145067698,2019-01-17
1.024,1.184,1.18078469,0.0049067713,2019-01-18
1.043,1.203,1.20269378,0.0185546875,2019-01-21
1.02,1.18,1.17617225,-0.0220517737,2019-01-22
1.015,1.175,1.1704067,-0.0049019608,2019-01-23
1.024,1.184,1.18078469,0.0088669951,2019-01-24
1.02,1.18,1.17617225,-0.00390625,2019-01-25
1.016,1.176,1.17155981,-0.0039215686,2019-01-28
1.006,1.166,1.16002871,-0.0098425197,2019-01-29
0.996,1.156,1.14849761,-0.0099403579,2019-01-30
0.999,1.159,1.15195694,0.0030120482,2019-01-31
1.026,1.186,1.18309091,0.027027027,2019-02-01
1.064,1.224,1.22690909,0.037037037,2019-02-11
1.076,1.236,1.24074641,0.0112781955,2019-02-12
1.124,1.284,1.29609569,0.0446096654,2019-02-13
1.123,1.283,1.29494258,-0.0008896797,2019-02-14
1.115,1.275,1.2857177,-0.0071237756,2019-02-15
1.16,1.32,1.33760766,0.0403587444,2019-02-18
1.15,1.31,1.32607656,-0.0086206897,2019-02-19
1.149,1.309,1.32492344,-0.0008695652,2019-02-20
1.154,1.314,1.330689,0.0043516101,2019-02-21
1.17,1.33,1.34913876,0.013864818,2019-02-22
1.202,1.362,1.38603828,0.0273504274,2019-02-25
1.195,1.355,1.37796651,-0.0058236273,2019-02-26
1.193,1.353,1.37566029,-0.0016736402,2019-02-27
1.202,1.362,1.38603828,0.0075440067,2019-02-28
1.212,1.372,1.39756938,0.0083194676,2019-03-01
1.217,1.377,1.40333493,0.0041254125,2019-03-04
1.229,1.389,1.41717225,0.0098603122,2019-03-05
1.233,1.393,1.42178469,0.0032546786,2019-03-06
1.22,1.38,1.40679426,-0.0105433901,2019-03-07
1.188,1.348,1.36989474,-0.0262295082,2019-03-08
1.218,1.378,1.40448804,0.0252525253,2019-03-11
1.229,1.389,1.41717225,0.0090311987,2019-03-12
1.214,1.374,1.3998756,-0.0122050448,2019-03-13
1.207,1.367,1.39180383,-0.0057660626,2019-03-14
1.218,1.378,1.40448804,0.0091135046,2019-03-15
1.229,1.389,1.41717225,0.0090311987,2019-03-18
1.229,1.389,1.41717225,0.0,2019-03-19
1.229,1.389,1.41717225,0.0,2019-03-20
1.231,1.391,1.41947847,0.0016273393,2019-03-21
1.232,1.392,1.42063158,0.0008123477,2019-03-22
1.218,1.378,1.40448804,-0.0113636364,2019-03-25
1.204,1.364,1.3883445,-0.0114942529,2019-03-26
1.211,1.371,1.39641627,0.0058139535,2019-03-27
1.203,1.363,1.38719139,-0.0066061107,2019-03-28
1.233,1.393,1.42178469,0.0249376559,2019-03-29
1.263,1.423,1.45637799,0.0243309002,2019-04-01
1.267,1.427,1.46099043,0.0031670625,2019-04-02
1.278,1.438,1.47367464,0.0086819258,2019-04-03
1.284,1.444,1.4805933,0.0046948357,2019-04-04
1.277,1.437,1.47252153,-0.0054517134,2019-04-08
1.281,1.441,1.47713397,0.0031323414,2019-04-09
1.287,1.447,1.48405263,0.0046838407,2019-04-10
1.263,1.423,1.45637799,-0.0186480186,2019-04-11
1.264,1.424,1.4575311,0.0007917656,2019-04-12
1.262,1.422,1.45522488,-0.0015822785,2019-04-15
1.309,1.469,1.50942105,0.0372424723,2019-04-16
1.31,1.47,1.51057416,0.0007639419,2019-04-17
1.305,1.465,1.50480861,-0.0038167939,2019-04-18
1.31,1.47,1.51057416,0.0038314176,2019-04-19
1.29,1.45,1.48751196,-0.0152671756,2019-04-22
1.273,1.433,1.46790909,-0.0131782946,2019-04-23
1.277,1.437,1.47252153,0.0031421838,2019-04-24
1.241,1.401,1.43100957,-0.0281910728,2019-04-25
1.231,1.391,1.41947847,-0.0080580177,2019-04-26
1.22,1.38,1.40679426,-0.0089358245,2019-04-29
1.22,1.38,1.40679426,0.0,2019-04-30
1.125,1.285,1.2972488,-0.0778688525,2019-05-06
1.118,1.278,1.28917703,-0.0062222222,2019-05-07
1.105,1.265,1.2741866,-0.011627907,2019-05-08
1.088,1.248,1.25458373,-0.0153846154,2019-05-09
1.138,1.298,1.31223923,0.0459558824,2019-05-10
1.108,1.268,1.27764593,-0.0263620387,2019-05-13
1.101,1.261,1.26957416,-0.0063176895,2019-05-14
1.12,1.28,1.29148325,0.0172570391,2019-05-15
1.112,1.272,1.28225837,-0.0071428571,2019-05-16
1.082,1.242,1.24766507,-0.0269784173,2019-05-17
1.082,1.242,1.24766507,0.0,2019-05-20
1.104,1.264,1.27303349,0.0203327172,2019-05-21
1.115,1.275,1.2857177,0.0099637681,2019-05-22
1.087,1.247,1.25343062,-0.0251121076,2019-05-23
1.082,1.242,1.24766507,-0.004599816,2019-05-24
1.111,1.271,1.28110526,0.0268022181,2019-05-27
1.111,1.271,1.28110526,0.0,2019-05-28
1.12,1.28,1.29148325,0.0081008101,2019-05-29
1.116,1.276,1.28687081,-0.0035714286,2019-05-30
1.125,1.285,1.2972488,0.0080645161,2019-05-31
1.132,1.292,1.30532057,0.0062222222,2019-06-03
1.143,1.303,1.31800478,0.0097173145,2019-06-04
1.154,1.314,1.330689,0.009623797,2019-06-05
1.115,1.275,1.2857177,-0.0337954939,2019-06-06
1.137,1.297,1.31108612,0.0197309417,2019-06-10
1.167,1.327,1.34567943,0.0263852243,2019-06-11
1.161,1.321,1.33876077,-0.0051413882,2019-06-12
1.161,1.321,1.33876077,0.0,2019-06-13
1.117,1.277,1.28802392,-0.0378983635,2019-06-14
1.113,1.273,1.28341148,-0.0035810206,2019-06-17
1.121,1.281,1.29263636,0.0071877808,2019-06-18
1.152,1.312,1.32838278,0.0276538805,2019-06-19
1.163,1.323,1.34106699,0.0095486111,2019-06-20
1.177,1.337,1.35721053,0.0120378332,2019-06-21
1.158,1.318,1.33530144,-0.0161427358,2019-06-24
1.157,1.317,1.33414833,-0.0008635579,2019-06-25
1.16,1.32,1.33760766,0.0025929127,2019-06-26
1.182,1.342,1.36297608,0.0189655172,2019-06-27
1.182,1.342,1.36297608,0.0,2019-06-28
1.236,1.396,1.42524402,0.0456852792,2019-07-01
1.227,1.387,1.41486603,-0.0072815534,2019-07-02
1.212,1.372,1.39756938,-0.0122249389,2019-07-03
1.217,1.377,1.40333493,0.0041254125,2019-07-04
1.245,1.405,1.43562201,0.0230073952,2019-07-05
1.223,1.383,1.41025359,-0.0176706827,2019-07-08
1.23,1.39,1.41832536,0.0057236304,2019-07-09
1.228,1.388,1.41601914,-0.0016260163,2019-07-10
1.227,1.387,1.41486603,-0.0008143322,2019-07-11
1.212,1.372,1.39756938,-0.0122249389,2019-07-12
1.225,1.385,1.41255981,0.0107260726,2019-07-15
1.237,1.397,1.42639713,0.0097959184,2019-07-16
1.238,1.398,1.42755024,0.0008084074,2019-07-17
1.209,1.369,1.39411005,-0.0234248788,2019-07-18
1.208,1.368,1.39295694,-0.0008271299,2019-07-19
1.193,1.353,1.37566029,-0.0124172185,2019-07-22
1.213,1.373,1.39872249,0.0167644593,2019-07-23
1.243,1.403,1.43331579,0.0247320692,2019-07-24
1.26,1.42,1.45291866,0.0136765889,2019-07-25
1.264,1.424,1.4575311,0.0031746032,2019-07-26
1.266,1.426,1.45983732,0.0015822785,2019-07-29
1.269,1.429,1.46329665,0.0023696682,2019-07-30
1.27,1.43,1.46444976,0.0007880221,2019-07-31
1.273,1.433,1.46790909,0.0023622047,2019-08-01
1.263,1.423,1.45637799,-0.0078554595,2019-08-02
1.264,1.424,1.4575311,0.0007917656,2019-08-05
1.257,1.417,1.44945933,-0.0055379747,2019-08-06
1.242,1.402,1.43216268,-0.0119331742,2019-08-07
1.254,1.414,1.446,0.0096618357,2019-08-08
1.25,1.41,1.44138756,-0.0031897927,2019-08-09
1.262,1.422,1.45522488,0.0096,2019-08-12
1.033,1.423,1.45637799,0.000792393,2019-08-13
1.032,1.422,1.45496814,-0.0009680542,2019-08-14
1.038,1.428,1.46342725,0.0058139535,2019-08-15
1.037,1.427,1.4620174,-0.0009633911,2019-08-16
1.061,1.451,1.49585387,0.0231436837,2019-08-19
1.065,1.455,1.50149328,0.0037700283,2019-08-20
1.071,1.461,1.5099524,0.0056338028,2019-08-21
1.073,1.463,1.5127721,0.0018674136,2019-08-22
1.072,1.462,1.51136225,-0.0009319664,2019-08-23
1.081,1.471,1.52405093,0.0083955224,2019-08-26
1.092,1.482,1.53955931,0.0101757632,2019-08-27
1.089,1.479,1.53532975,-0.0027472527,2019-08-28
1.105,1.495,1.5578874,0.0146923783,2019-08-29
1.078,1.468,1.51982137,-0.0244343891,2019-08-30
1.119,1.509,1.57762534,0.0380333952,2019-09-02
1.152,1.542,1.62415048,0.0294906166,2019-09-03
1.185,1.575,1.67067562,0.0286458333,2019-09-04
1.224,1.614,1.72565988,0.0329113924,2019-09-05
1.224,1.614,1.72565988,0.0,2019-09-06
1.237,1.627,1.74398797,0.010620915,2019-09-09
1.236,1.626,1.74257812,-0.0008084074,2019-09-10
1.24,1.63,1.74821753,0.003236246,2019-09-11
1.239,1.629,1.74680768,-0.0008064516,2019-09-12
1.242,1.632,1.75103724,0.0024213075,2019-09-16
1.242,1.632,1.75103724,0.0,2019-09-17
1.233,1.623,1.73834856,-0.0072463768,2019-09-18
1.244,1.634,1.75385694,0.0089213301,2019-09-19
1.245,1.635,1.75526679,0.0008038585,2019-09-20
1.244,1.634,1.75385694,-0.0008032129,2019-09-23
1.247,1.637,1.7580865,0.0024115756,2019-09-24
1.24,1.63,1.74821753,-0.0056134723,2019-09-25
1.234,1.624,1.73975841,-0.0048387097,2019-09-26
1.234,1.624,1.73975841,0.0,2019-09-27
1.233,1.623,1.73834856,-0.0008103728,2019-09-30
1.227,1.617,1.72988944,-0.00486618,2019-10-08
1.229,1.619,1.73270915,0.0016299919,2019-10-09
1.236,1.626,1.74257812,0.0056956876,2019-10-10
1.236,1.626,1.74257812,0.0,2019-10-11
1.246,1.636,1.75667665,0.0080906149,2019-10-14
1.235,1.625,1.74116827,-0.0088282504,2019-10-15
1.227,1.617,1.72988944,-0.0064777328,2019-10-16
1.224,1.614,1.72565988,-0.0024449878,2019-10-17
1.216,1.606,1.71438106,-0.0065359477,2019-10-18
1.22,1.61,1.72002047,0.0032894737,2019-10-21
1.221,1.611,1.72143033,0.0008196721,2019-10-22
1.218,1.608,1.71720077,-0.0024570025,2019-10-23
1.214,1.604,1.71156136,-0.0032840722,2019-10-24
1.216,1.606,1.71438106,0.0016474465,2019-10-25
1.217,1.607,1.71579091,0.0008223684,2019-10-28
1.21,1.6,1.70592194,-0.0057518488,2019-10-29
1.207,1.597,1.70169239,-0.0024793388,2019-10-30
1.205,1.595,1.69887268,-0.0016570008,2019-10-31
1.203,1.593,1.69605297,-0.001659751,2019-11-01
1.205,1.595,1.69887268,0.0016625104,2019-11-04
1.205,1.595,1.69887268,0.0,2019-11-05
1.204,1.594,1.69746283,-0.0008298755,2019-11-06
1.207,1.597,1.70169239,0.0024916944,2019-11-07
1.207,1.597,1.70169239,0.0,2019-11-08
1.199,1.589,1.69041356,-0.0066280033,2019-11-11
1.201,1.591,1.69323327,0.0016680567,2019-11-12
1.198,1.588,1.68900371,-0.0024979184,2019-11-13
1.198,1.588,1.68900371,0.0,2019-11-14
1.198,1.588,1.68900371,0.0,2019-11-15
1.187,1.577,1.67349533,-0.0091819699,2019-11-18
1.19,1.58,1.67772489,0.0025273799,2019-11-19
1.184,1.574,1.66926577,-0.0050420168,2019-11-20
1.186,1.576,1.67208548,0.0016891892,2019-11-21
1.18,1.57,1.66362636,-0.0050590219,2019-11-22
1.182,1.572,1.66644606,0.0016949153,2019-11-25
1.181,1.571,1.66503621,-0.0008460237,2019-11-26
1.177,1.567,1.6593968,-0.0033869602,2019-11-27
1.176,1.566,1.65798695,-0.0008496177,2019-11-28
1.174,1.564,1.65516724,-0.0017006803,2019-11-29
1.177,1.567,1.6593968,0.0025553663,2019-12-02
1.174,1.564,1.65516724,-0.002548853,2019-12-03
1.177,1.567,1.6593968,0.0025553663,2019-12-04
1.183,1.573,1.66785592,0.005097706,2019-12-05
1.183,1.573,1.66785592,0.0,2019-12-06
1.184,1.574,1.66926577,0.0008453085,2019-12-09
1.196,1.586,1.686184,0.0101351351,2019-12-10
1.199,1.589,1.69041356,0.0025083612,2019-12-11
1.193,1.583,1.68195445,-0.0050041701,2019-12-12
1.2,1.59,1.69182342,0.0058675608,2019-12-13
1.206,1.596,1.70028253,0.005,2019-12-16
1.212,1.602,1.70874165,0.0049751244,2019-12-17
1.221,1.611,1.72143033,0.0074257426,2019-12-18
1.235,1.625,1.74116827,0.0114660115,2019-12-19
1.223,1.613,1.72425003,-0.0097165992,2019-12-20
1.21,1.6,1.70592194,-0.0106295993,2019-12-23
1.219,1.609,1.71861062,0.0074380165,2019-12-24
1.217,1.607,1.71579091,-0.0016406891,2019-12-25
1.248,1.638,1.75949635,0.0254724733,2019-12-26
1.255,1.645,1.76936532,0.0056089744,2019-12-27
1.247,1.637,1.7580865,-0.006374502,2019-12-30
1.268,1.658,1.78769341,0.016840417,2019-12-31
1.281,1.671,1.8060215,0.0102523659,2020-01-02
1.302,1.692,1.83562841,0.0163934426,2020-01-03
1.308,1.698,1.84408752,0.0046082949,2020-01-06
1.326,1.716,1.86946487,0.0137614679,2020-01-07
1.306,1.696,1.84126782,-0.0150829563,2020-01-08
1.326,1.716,1.86946487,0.0153139357,2020-01-09
1.326,1.716,1.86946487,0.0,2020-01-10
1.336,1.726,1.8835634,0.0075414781,2020-01-13
1.329,1.719,1.87369443,-0.005239521,2020-01-14
1.323,1.713,1.86523532,-0.0045146727,2020-01-15
1.318,1.708,1.85818605,-0.0037792895,2020-01-16
1.322,1.712,1.86382546,0.0030349014,2020-01-17
1.334,1.724,1.8807437,0.0090771558,2020-01-20
1.333,1.723,1.87933384,-0.0007496252,2020-01-21
1.335,1.725,1.88215355,0.0015003751,2020-01-22
1.281,1.671,1.8060215,-0.0404494382,2020-01-23
1.164,1.554,1.64106871,-0.0913348946,2020-02-03
1.176,1.566,1.65798695,0.0103092784,2020-02-04
1.22,1.61,1.72002047,0.037414966,2020-02-05
1.236,1.626,1.74257812,0.0131147541,2020-02-06
1.242,1.632,1.75103724,0.0048543689,2020-02-07
1.272,1.662,1.79333282,0.0241545894,2020-02-10
1.257,1.647,1.77218503,-0.0117924528,2020-02-11
1.282,1.672,1.80743135,0.0198886237,2020-02-12
1.283,1.673,1.8088412,0.0007800312,2020-02-13
1.284,1.674,1.81025105,0.0007794232,2020-02-14
1.323,1.713,1.86523532,0.0303738318,2020-02-17
1.329,1.719,1.87369443,0.0045351474,2020-02-18
1.341,1.731,1.89061267,0.0090293454,2020-02-19
1.367,1.757,1.92726884,0.019388516,2020-02-20
1.369,1.759,1.93008855,0.0014630578,2020-02-21
1.36,1.75,1.91739987,-0.0065741417,2020-02-24
1.347,1.737,1.89907178,-0.0095588235,2020-02-25
1.334,1.724,1.8807437,-0.0096510765,2020-02-26
1.345,1.735,1.89625208,0.0082458771,2020-02-27
1.297,1.687,1.82857914,-0.0356877323,2020-02-28
1.324,1.714,1.86664517,0.0208172706,2020-03-02
1.036,1.726,1.8835634,0.0090634441,2020-03-03
1.041,1.731,1.89265396,0.0048262548,2020-03-04
1.06,1.75,1.92719808,0.0182516811,2020-03-05
1.05,1.74,1.90901696,-0.0094339623,2020-03-06
1.031,1.721,1.87447285,-0.0180952381,2020-03-09
1.045,1.735,1.89992641,0.0135790495,2020-03-10
1.039,1.729,1.88901774,-0.0057416268,2020-03-11
1.026,1.716,1.86538229,-0.0125120308,2020-03-12
1.018,1.708,1.8508374,-0.007797271,2020-03-13
0.997,1.687,1.81265706,-0.0206286837,2020-03-16
0.991,1.681,1.80174839,-0.0060180542,2020-03-17
0.979,1.669,1.77993105,-0.0121089808,2020-03-18
0.981,1.671,1.78356728,0.0020429009,2020-03-19
0.99,1.68,1.79993028,0.0091743119,2020-03-20
0.974,1.664,1.7708405,-0.0161616162,2020-03-23
0.989,1.679,1.79811217,0.0154004107,2020-03-24
0.997,1.687,1.81265706,0.0080889788,2020-03-25
0.989,1.679,1.79811217,-0.0080240722,2020-03-26
0.988,1.678,1.79629406,-0.0010111223,2020-03-27
0.983,1.673,1.7872035,-0.0050607287,2020-03-30
0.978,1.668,1.77811294,-0.00508647,2020-03-31
0.967,1.657,1.75811372,-0.0112474438,2020-04-01
0.973,1.663,1.76902239,0.006204757,2020-04-02
0.973,1.663,1.76902239,0.0,2020-04-03
0.988,1.678,1.79629406,0.0154162384,2020-04-07
0.982,1.672,1.78538539,-0.0060728745,2020-04-08
0.988,1.678,1.79629406,0.0061099796,2020-04-09
0.984,1.674,1.78902161,-0.004048583,2020-04-10
0.981,1.671,1.78356728,-0.0030487805,2020-04-13
0.998,1.688,1.81447517,0.0173292559,2020-04-14
0.992,1.682,1.8035665,-0.006012024,2020-04-15
0.993,1.683,1.80538461,0.0010080645,2020-04-16
0.992,1.682,1.8035665,-0.0010070493,2020-04-17
0.996,1.686,1.81083895,0.0040322581,2020-04-20
0.986,1.676,1.79265783,-0.0100401606,2020-04-21
0.992,1.682,1.8035665,0.0060851927,2020-04-22
0.989,1.679,1.79811217,-0.0030241935,2020-04-23
0.974,1.664,1.7708405,-0.0151668352,2020-04-24
0.983,1.673,1.7872035,0.0092402464,2020-04-27
0.967,1.657,1.75811372,-0.016276704,2020-04-28
0.963,1.653,1.75084127,-0.0041365047,2020-04-29
0.968,1.658,1.75993183,0.005192108,2020-04-30
0.978,1.668,1.77811294,0.0103305785,2020-05-06
0.98,1.67,1.78174916,0.0020449898,2020-05-07
0.988,1.678,1.79629406,0.0081632653,2020-05-08
1.003,1.693,1.82356573,0.0151821862,2020-05-11
0.997,1.687,1.81265706,-0.0059820538,2020-05-12
1.003,1.693,1.82356573,0.0060180542,2020-05-13
1.01,1.7,1.83629251,0.0069790628,2020-05-14
1.011,1.701,1.83811062,0.000990099,2020-05-15
1.009,1.699,1.8344744,-0.0019782394,2020-05-18
1.006,1.696,1.82902006,-0.0029732408,2020-05-19
1.012,1.702,1.83992873,0.0059642147,2020-05-20
0.994,1.684,1.80720272,-0.0177865613,2020-05-21
0.978,1.668,1.77811294,-0.0160965795,2020-05-22
0.977,1.667,1.77629483,-0.0010224949,2020-05-25
0.986,1.676,1.79265783,0.0092118731,2020-05-26
0.978,1.668,1.77811294,-0.0081135903,2020-05-27
0.994,1.684,1.80720272,0.0163599182,2020-05-28
0.995,1.685,1.80902084,0.0010060362,2020-05-29
1.025,1.715,1.86356418,0.0301507538,2020-06-01
1.016,1.706,1.84720118,-0.0087804878,2020-06-02
1.029,1.719,1.87083662,0.0127952756,2020-06-03
1.025,1.715,1.86356418,-0.0038872692,2020-06-04
1.034,1.724,1.87992718,0.0087804878,2020-06-05
1.039,1.729,1.88901774,0.0048355899,2020-06-08
1.041,1.731,1.89265396,0.0019249278,2020-06-09
1.054,1.744,1.91628941,0.0124879923,2020-06-10
1.064,1.754,1.93447052,0.009487666,2020-06-11
1.081,1.771,1.96537842,0.0159774436,2020-06-12
1.067,1.757,1.93992486,-0.0129509713,2020-06-15
1.082,1.772,1.96719653,0.0140581068,2020-06-16
1.096,1.786,1.99265009,0.0129390018,2020-06-17
1.088,1.778,1.9781052,-0.0072992701,2020-06-18
1.088,1.778,1.9781052,0.0,2020-06-19
1.088,1.778,1.9781052,0.0,2020-06-22
1.089,1.779,1.97992331,0.0009191176,2020-06-23
1.089,1.779,1.97992331,0.0,2020-06-24
1.089,1.779,1.97992331,0.0,2020-06-29
1.087,1.777,1.97628708,-0.0018365473,2020-06-30
1.086,1.776,1.97446897,-0.0009199632,2020-07-01
1.085,1.775,1.97265086,-0.0009208103,2020-07-02
1.085,1.775,1.97265086,0.0,2020-07-03
1.084,1.774,1.97083275,-0.000921659,2020-07-06
1.086,1.776,1.97446897,0.0018450185,2020-07-07
1.091,1.781,1.98355953,0.0046040516,2020-07-08
1.098,1.788,1.99628631,0.006416132,2020-07-09
1.096,1.786,1.99265009,-0.0018214936,2020-07-10
1.113,1.803,2.02355798,0.0155109489,2020-07-13
1.122,1.812,2.03992098,0.0080862534,2020-07-14
1.111,1.801,2.01992176,-0.0098039216,2020-07-15
1.101,1.791,2.00174064,-0.0090009001,2020-07-16
1.1,1.79,1.99992253,-0.0009082652,2020-07-17
1.11,1.8,2.01810365,0.0090909091,2020-07-20
1.109,1.799,2.01628553,-0.0009009009,2020-07-21
1.11,1.8,2.01810365,0.0009017133,2020-07-22
1.105,1.795,2.00901309,-0.0045045045,2020-07-23
1.095,1.785,1.99083198,-0.0090497738,2020-07-24
1.089,1.779,1.97992331,-0.0054794521,2020-07-27
1.091,1.781,1.98355953,0.0018365473,2020-07-28
1.103,1.793,2.00537687,0.0109990834,2020-07-29
1.107,1.797,2.01264931,0.0036264733,2020-07-30
1.108,1.798,2.01446742,0.0009033424,2020-07-31
1.115,1.805,2.0271942,0.0063176895,2020-08-03
1.114,1.804,2.02537609,-0.000896861,2020-08-04
1.119,1.809,2.03446665,0.0044883303,2020-08-05
1.12,1.81,2.03628476,0.000893655,2020-08-06
1.115,1.805,2.0271942,-0.0044642857,2020-08-07
1.105,1.795,2.00901309,-0.0089686099,2020-08-10
1.094,1.784,1.98901386,-0.0099547511,2020-08-11
1.089,1.779,1.97992331,-0.0045703839,2020-08-12
1.087,1.777,1.97628708,-0.0018365473,2020-08-13
1.105,1.795,2.00901309,0.0165593376,2020-08-14
1.134,1.824,2.06173832,0.0262443439,2020-08-17
1.143,1.833,2.07810132,0.0079365079,2020-08-18
1.116,1.806,2.02901231,-0.0236220472,2020-08-19
1.11,1.8,2.01810365,-0.0053763441,2020-08-20
1.113,1.803,2.02355798,0.0027027027,2020-08-21
1.132,1.822,2.0581021,0.0170709793,2020-08-24
1.124,1.814,2.04355721,-0.0070671378,2020-08-25
1.097,1.787,1.9944682,-0.0240213523,2020-08-26
1.104,1.794,2.00719498,0.0063810392,2020-08-27
1.117,1.807,2.03083043,0.0117753623,2020-08-28
1.111,1.801,2.01992176,-0.0053715309,2020-08-31
1.107,1.797,2.01264931,-0.00360036,2020-09-01
1.123,1.813,2.04173909,0.0144534779,2020-09-02
1.126,1.816,2.04719343,0.0026714159,2020-09-03
1.15,1.84,2.0908281,0.0213143872,2020-09-04
1.143,1.833,2.07810132,-0.0060869565,2020-09-07
1.158,1.848,2.10537299,0.0131233596,2020-09-08
1.114,1.804,2.02537609,-0.0379965458,2020-09-09
1.075,1.765,1.95446975,-0.0350089767,2020-09-10
1.088,1.778,1.9781052,0.0120930233,2020-09-11
1.11,1.8,2.01810365,0.0202205882,2020-09-14
1.124,1.814,2.04355721,0.0126126126,2020-09-15
1.117,1.807,2.03083043,-0.006227758,2020-09-16
1.121,1.811,2.03810287,0.0035810206,2020-09-17
1.141,1.831,2.0744651,0.0178412132,2020-09-18
1.146,1.836,2.08355566,0.0043821209,2020-09-21
1.134,1.824,2.06173832,-0.0104712042,2020-09-22
1.134,1.824,2.06173832,0.0,2020-09-23
1.109,1.799,2.01628553,-0.0220458554,2020-09-24
1.105,1.795,2.00901309,-0.003606853,2020-09-25
1.09,1.78,1.98174142,-0.0135746606,2020-09-28
1.095,1.785,1.99083198,0.004587156,2020-09-29
1.088,1.778,1.9781052,-0.0063926941,2020-09-30
1.135,1.825,2.06355643,0.0431985294,2020-10-09
1.164,1.854,2.11628166,0.0255506608,2020-10-12
1.171,1.861,2.12900844,0.0060137457,2020-10-13
1.171,1.861,2.12900844,0.0,2020-10-14
1.16,1.85,2.10900922,-0.0093936806,2020-10-15
1.152,1.842,2.09446432,-0.0068965517,2020-10-16
1.145,1.835,2.08173754,-0.0060763889,2020-10-19
1.158,1.848,2.10537299,0.0113537118,2020-10-20
1.144,1.834,2.07991943,-0.01208981,2020-10-21
1.153,1.843,2.09628244,0.0078671329,2020-10-22
1.123,1.813,2.04173909,-0.0260190807,2020-10-23
1.121,1.811,2.03810287,-0.0017809439,2020-10-26
1.121,1.811,2.03810287,0.0,2020-10-27
1.12,1.81,2.03628476,-0.0008920607,2020-10-28
1.102,1.792,2.00355875,-0.0160714286,2020-10-29
1.048,1.738,1.90538074,-0.0490018149,2020-10-30
1.038,1.728,1.88719963,-0.0095419847,2020-11-02
1.059,1.749,1.92537996,0.0202312139,2020-11-03
1.06,1.75,1.92719808,0.0009442871,2020-11-04
1.068,1.758,1.94174297,0.0075471698,2020-11-05
1.057,1.747,1.92174374,-0.0102996255,2020-11-06
1.077,1.767,1.95810597,0.0189214759,2020-11-09
1.08,1.77,1.9635603,0.0027855153,2020-11-10
1.088,1.778,1.9781052,0.0074074074,2020-11-11
1.11,1.8,2.01810365,0.0202205882,2020-11-12
1.126,1.816,2.04719343,0.0144144144,2020-11-13
1.124,1.814,2.04355721,-0.0017761989,2020-11-16
1.126,1.816,2.04719343,0.0017793594,2020-11-17
1.13,1.82,2.05446587,0.0035523979,2020-11-18
1.123,1.813,2.04173909,-0.0061946903,2020-11-19
1.12,1.81,2.03628476,-0.0026714159,2020-11-20
1.121,1.811,2.03810287,0.0008928571,2020-11-23
1.118,1.808,2.03264854,-0.002676182,2020-11-24
1.105,1.795,2.00901309,-0.011627907,2020-11-25
1.098,1.788,1.99628631,-0.0063348416,2020-11-26
1.098,1.788,1.99628631,0.0,2020-11-27
1.093,1.783,1.98719575,-0.0045537341,2020-11-30
1.1,1.79,1.99992253,0.0064043916,2020-12-01
1.097,1.787,1.9944682,-0.0027272727,2020-12-02
1.104,1.794,2.00719498,0.0063810392,2020-12-03
1.104,1.794,2.00719498,0.0,2020-12-04
1.108,1.798,2.01446742,0.0036231884,2020-12-07
1.108,1.798,2.01446742,0.0,2020-12-08
1.095,1.785,1.99083198,-0.011732852,2020-12-09
1.093,1.783,1.98719575,-0.001826484,2020-12-10
1.082,1.772,1.96719653,-0.0100640439,2020-12-11
1.079,1.769,1.96174219,-0.0027726433,2020-12-14
1.082,1.772,1.96719653,0.0027803522,2020-12-15
1.076,1.766,1.95628786,-0.0055452865,2020-12-16
1.079,1.769,1.96174219,0.0027881041,2020-12-17
1.079,1.769,1.96174219,0.0,2020-12-18
1.096,1.786,1.99265009,0.015755329,2020-12-21
1.082,1.772,1.96719653,-0.0127737226,2020-12-22
1.081,1.771,1.96537842,-0.0009242144,2020-12-23
1.07,1.76,1.94537919,-0.0101757632,2020-12-24
1.071,1.761,1.9471973,0.0009345794,2020-12-25
1.067,1.757,1.93992486,-0.0037348273,2020-12-28
1.073,1.763,1.95083352,0.0056232427,2020-12-29
1.071,1.761,1.9471973,-0.0018639329,2020-12-30
1.085,1.775,1.97265086,0.0130718954,2020-12-31
1.097,1.787,1.9944682,0.0110599078,2021-01-04
1.106,1.796,2.0108312,0.0082041933,2021-01-05
1.09,1.78,1.98174142,-0.0144665461,2021-01-06
1.067,1.757,1.93992486,-0.0211009174,2021-01-07
1.073,1.763,1.95083352,0.0056232427,2021-01-08
1.077,1.767,1.95810597,0.0037278658,2021-01-11
1.096,1.786,1.99265009,0.017641597,2021-01-12
1.108,1.798,2.01446742,0.0109489051,2021-01-13
1.109,1.799,2.01628553,0.0009025271,2021-01-14
1.111,1.801,2.01992176,0.0018034265,2021-01-15
1.128,1.818,2.05082965,0.0153015302,2021-01-18
1.119,1.809,2.03446665,-0.0079787234,2021-01-19
1.113,1.803,2.02355798,-0.0053619303,2021-01-20
1.124,1.814,2.04355721,0.0098831986,2021-01-21
1.11,1.8,2.01810365,-0.012455516,2021-01-22
1.11,1.8,2.01810365,0.0,2021-01-25
1.077,1.767,1.95810597,-0.0297297297,2021-01-26
1.079,1.769,1.96174219,0.0018570102,2021-01-27
1.063,1.753,1.93265241,-0.0148285449,2021-01-28
1.054,1.744,1.91628941,-0.008466604,2021-01-29
1.054,1.744,1.91628941,0.0,2021-02-01
1.055,1.745,1.91810752,0.0009487666,2021-02-02
1.05,1.74,1.90901696,-0.0047393365,2021-02-03
1.047,1.737,1.90356263,-0.0028571429,2021-02-04
1.05,1.74,1.90901696,0.0028653295,2021-02-05
1.049,1.739,1.90719885,-0.000952381,2021-02-08
1.051,1.741,1.91083507,0.0019065777,2021-02-09
1.061,1.751,1.92901619,0.0095147479,2021-02-10
1.053,1.743,1.9144713,-0.0075400566,2021-02-18
1.054,1.744,1.91628941,0.0009496676,2021-02-19
1.05,1.74,1.90901696,-0.0037950664,2021-02-22
1.047,1.737,1.90356263,-0.0028571429,2021-02-23
1.039,1.729,1.88901774,-0.0076408787,2021-02-24
1.035,1.725,1.88174529,-0.0038498556,2021-02-25
1.028,1.718,1.86901851,-0.006763285,2021-02-26
1.036,1.726,1.8835634,0.0077821012,2021-03-01
1.034,1.724,1.87992718,-0.0019305019,2021-03-02
1.04,1.73,1.89083585,0.0058027079,2021-03-03
1.033,1.723,1.87810907,-0.0067307692,2021-03-04
1.032,1.722,1.87629096,-0.0009680542,2021-03-05
1.027,1.717,1.8672004,-0.0048449612,2021-03-08
1.022,1.712,1.85810984,-0.0048685492,2021-03-09
1.016,1.706,1.84720118,-0.0058708415,2021-03-10
1.019,1.709,1.85265551,0.0029527559,2021-03-11
1.017,1.707,1.84901929,-0.0019627085,2021-03-12
1.008,1.698,1.83265628,-0.0088495575,2021-03-15
1.009,1.699,1.8344744,0.0009920635,2021-03-16
1.014,1.704,1.84356495,0.0049554014,2021-03-17
1.014,1.704,1.84356495,0.0,2021-03-18
1.007,1.697,1.83083817,-0.0069033531,2021-03-19
1.008,1.698,1.83265628,0.0009930487,2021-03-22
1.007,1.697,1.83083817,-0.0009920635,2021-03-23
1.003,1.693,1.82356573,-0.0039721946,2021-03-24
1.001,1.691,1.8199295,-0.0019940179,2021-03-25
1.005,1.695,1.82720195,0.003996004,2021-03-26
1.006,1.696,1.82902006,0.0009950249,2021-03-29
1.008,1.698,1.83265628,0.0019880716,2021-03-30
1.007,1.697,1.83083817,-0.0009920635,2021-03-31
1.009,1.699,1.8344744,0.0019860973,2021-04-01
1.011,1.701,1.83811062,0.0019821606,2021-04-02
1.011,1.701,1.83811062,0.0,2021-04-06
1.009,1.699,1.8344744,-0.0019782394,2021-04-07
1.008,1.698,1.83265628,-0.0009910803,2021-04-08
1.005,1.695,1.82720195,-0.0029761905,2021-04-09
0.999,1.689,1.81629328,-0.0059701493,2021-04-12
0.999,1.689,1.81629328,0.0,2021-04-13
1.0,1.69,1.81811139,0.001001001,2021-04-14
0.998,1.688,1.81447517,-0.002,2021-04-15
1.004,1.694,1.82538384,0.006012024,2021-04-16
1.016,1.706,1.84720118,0.0119521912,2021-04-19
1.01,1.7,1.83629251,-0.0059055118,2021-04-20
1.014,1.704,1.84356495,0.003960396,2021-04-21
1.022,1.712,1.85810984,0.0078895464,2021-04-22
1.017,1.707,1.84901929,-0.0048923679,2021-04-23
1.02,1.71,1.85447362,0.0029498525,2021-04-26
1.008,1.698,1.83265628,-0.0117647059,2021-04-27
1.012,1.702,1.83992873,0.003968254,2021-04-28
1.014,1.704,1.84356495,0.0019762846,2021-04-29
1.012,1.702,1.83992873,-0.0019723866,2021-04-30
1.006,1.696,1.82902006,-0.0059288538,2021-05-06
1.0,1.69,1.81811139,-0.0059642147,2021-05-07
0.991,1.681,1.80174839,-0.009,2021-05-10
0.984,1.674,1.78902161,-0.0070635721,2021-05-11
0.988,1.678,1.79629406,0.0040650407,2021-05-12
0.982,1.672,1.78538539,-0.0060728745,2021-05-13
0.994,1.684,1.80720272,0.0122199593,2021-05-14
1.003,1.693,1.82356573,0.009054326,2021-05-17
1.002,1.692,1.82174762,-0.000997009,2021-05-18
0.997,1.687,1.81265706,-0.00499002,2021-05-19
1.007,1.697,1.83083817,0.0100300903,2021-05-20
0.997,1.687,1.81265706,-0.0099304866,2021-05-21
1.004,1.694,1.82538384,0.0070210632,2021-05-24
1.011,1.701,1.83811062,0.0069721116,2021-05-25
1.016,1.706,1.84720118,0.0049455984,2021-05-26
1.027,1.717,1.8672004,0.0108267717,2021-05-27
1.02,1.71,1.85447362,-0.0068159688,2021-05-28
1.033,1.723,1.87810907,0.012745098,2021-05-31
1.029,1.719,1.87083662,-0.0038722168,2021-06-01
1.023,1.713,1.85992795,-0.0058309038,2021-06-02
1.022,1.712,1.85810984,-0.0009775171,2021-06-03
1.025,1.715,1.86356418,0.0029354207,2021-06-04
1.029,1.719,1.87083662,0.003902439,2021-06-07
1.028,1.718,1.86901851,-0.0009718173,2021-06-08
1.025,1.715,1.86356418,-0.0029182879,2021-06-09
1.026,1.716,1.86538229,0.0009756098,2021-06-10
1.015,1.705,1.84538306,-0.0107212476,2021-06-11
1.004,1.694,1.82538384,-0.0108374384,2021-06-15
0.997,1.687,1.81265706,-0.0069721116,2021-06-16
1.0,1.69,1.81811139,0.0030090271,2021-06-17
1.003,1.693,1.82356573,0.003,2021-06-18
1.002,1.692,1.82174762,-0.000997009,2021-06-21
1.007,1.697,1.83083817,0.00499002,2021-06-22
1.026,1.716,1.86538229,0.0188679245,2021-06-23
1.027,1.717,1.8672004,0.0009746589,2021-06-24
1.034,1.724,1.87992718,0.0068159688,2021-06-25
1.049,1.739,1.90719885,0.0145067698,2021-06-28
1.046,1.736,1.90174452,-0.0028598665,2021-06-29
1.048,1.738,1.90538074,0.0019120459,2021-06-30
1.039,1.729,1.88901774,-0.0085877863,2021-07-01
1.04,1.73,1.89083585,0.0009624639,2021-07-02
1.047,1.737,1.90356263,0.0067307692,2021-07-05
1.046,1.736,1.90174452,-0.0009551098,2021-07-06
1.061,1.751,1.92901619,0.0143403442,2021-07-07
1.066,1.756,1.93810674,0.0047125353,2021-07-08
1.073,1.763,1.95083352,0.0065666041,2021-07-09
1.084,1.774,1.97083275,0.0102516309,2021-07-12
1.088,1.778,1.9781052,0.0036900369,2021-07-13
1.077,1.767,1.95810597,-0.0101102941,2021-07-14
1.078,1.768,1.95992408,0.0009285051,2021-07-15
1.08,1.77,1.9635603,0.0018552876,2021-07-16
1.078,1.768,1.95992408,-0.0018518519,2021-07-19
1.083,1.773,1.96901464,0.0046382189,2021-07-20
1.099,1.789,1.99810442,0.0147737765,2021-07-21
1.111,1.801,2.01992176,0.0109190173,2021-07-22
1.102,1.792,2.00355875,-0.0081008101,2021-07-23
1.092,1.782,1.98537764,-0.0090744102,2021-07-26
1.078,1.768,1.95992408,-0.0128205128,2021-07-27
1.07,1.76,1.94537919,-0.0074211503,2021-07-28
1.088,1.778,1.9781052,0.0168224299,2021-07-29
1.093,1.783,1.98719575,0.0045955882,2021-07-30
1.103,1.793,2.00537687,0.0091491308,2021-08-02
1.084,1.774,1.97083275,-0.017225748,2021-08-03
1.102,1.792,2.00355875,0.0166051661,2021-08-04
1.088,1.778,1.9781052,-0.0127041742,2021-08-05
1.105,1.795,2.00901309,0.015625,2021-08-06
1.108,1.798,2.01446742,0.0027149321,2021-08-09
1.117,1.807,2.03083043,0.0081227437,2021-08-10
1.126,1.816,2.04719343,0.0080572963,2021-08-11
1.13,1.82,2.05446587,0.0035523979,2021-08-12
1.141,1.831,2.0744651,0.0097345133,2021-08-13
1.147,1.837,2.08537377,0.0052585451,2021-08-16
0.994,1.809,2.03446665,-0.0244115083,2021-08-17
1.004,1.819,2.05493412,0.0100603622,2021-08-18
1.003,1.818,2.05288737,-0.0009960159,2021-08-19
0.991,1.806,2.02832641,-0.0119641077,2021-08-20
1.016,1.831,2.07949509,0.0252270434,2021-08-23
1.026,1.841,2.09996256,0.0098425197,2021-08-24
1.023,1.838,2.09382232,-0.0029239766,2021-08-25
1.014,1.829,2.07540159,-0.008797654,2021-08-26
1.018,1.833,2.08358858,0.0039447732,2021-08-27
1.033,1.848,2.11428979,0.0147347741,2021-08-30
1.039,1.854,2.12657027,0.0058083253,2021-08-31
1.036,1.851,2.12043003,-0.0028873917,2021-09-01
1.033,1.848,2.11428979,-0.0028957529,2021-09-02
1.036,1.851,2.12043003,0.0029041626,2021-09-03
1.044,1.859,2.13680401,0.0077220077,2021-09-06
1.048,1.863,2.14499099,0.0038314176,2021-09-07
1.051,1.866,2.15113124,0.0028625954,2021-09-08
1.051,1.866,2.15113124,0.0,2021-09-09
1.049,1.864,2.14703774,-0.0019029496,2021-09-10
1.054,1.869,2.15727148,0.0047664442,2021-09-13
1.046,1.861,2.1408975,-0.0075901328,2021-09-14
1.042,1.857,2.13271051,-0.0038240918,2021-09-15
1.027,1.842,2.1020093,-0.0143953935,2021-09-16
1.025,1.84,2.09791581,-0.0019474197,2021-09-17
1.019,1.834,2.08563533,-0.0058536585,2021-09-22
1.024,1.839,2.09586906,0.0049067713,2021-09-23
1.015,1.83,2.07744834,-0.0087890625,2021-09-24
1.0,1.815,2.04674713,-0.0147783251,2021-09-27
0.998,1.813,2.04265364,-0.002,2021-09-28
0.979,1.794,2.00376544,-0.0190380762,2021-09-29
0.986,1.801,2.01809267,0.0071501532,2021-09-30
0.989,1.804,2.02423291,0.0030425963,2021-10-08
0.988,1.803,2.02218617,-0.0010111223,2021-10-11
0.977,1.792,1.99967195,-0.0111336032,2021-10-12
0.982,1.797,2.00990568,0.0051177073,2021-10-13
0.99,1.805,2.02627966,0.0081466395,2021-10-14
0.987,1.802,2.02013942,-0.003030303,2021-10-15
0.991,1.806,2.02832641,0.0040526849,2021-10-18
1.001,1.816,2.04879388,0.0100908174,2021-10-19
1.0,1.815,2.04674713,-0.000999001,2021-10-20
1.001,1.816,2.04879388,0.001,2021-10-21
0.999,1.814,2.04470038,-0.001998002,2021-10-22
1.009,1.824,2.06516786,0.01001001,2021-10-25
1.012,1.827,2.0713081,0.0029732408,2021-10-26
1.003,1.818,2.05288737,-0.0088932806,2021-10-27
0.99,1.805,2.02627966,-0.0129611167,2021-10-28
0.997,1.812,2.04060689,0.0070707071,2021-10-29
1.003,1.818,2.05288737,0.0060180542,2021-11-01
1.0,1.815,2.04674713,-0.0029910269,2021-11-02
1.003,1.818,2.05288737,0.003,2021-11-03
1.015,1.83,2.07744834,0.0119641077,2021-11-04
1.008,1.823,2.06312111,-0.0068965517,2021-11-05
1.002,1.817,2.05084063,-0.005952381,2021-11-08
1.006,1.821,2.05902761,0.003992016,2021-11-09
1.008,1.823,2.06312111,0.0019880716,2021-11-10
1.014,1.829,2.07540159,0.005952381,2021-11-11
1.016,1.831,2.07949509,0.0019723866,2021-11-12
1.018,1.833,2.08358858,0.0019685039,2021-11-15
1.021,1.836,2.08972882,0.0029469548,2021-11-16
1.025,1.84,2.09791581,0.0039177277,2021-11-17
1.018,1.833,2.08358858,-0.0068292683,2021-11-18
1.025,1.84,2.09791581,0.0068762279,2021-11-19
1.031,1.846,2.11019629,0.0058536585,2021-11-22
1.037,1.852,2.12247678,0.0058195926,2021-11-23
1.041,1.856,2.13066376,0.0038572806,2021-11-24
1.048,1.863,2.14499099,0.0067243036,2021-11-25
1.045,1.86,2.13885075,-0.0028625954,2021-11-26
1.046,1.861,2.1408975,0.0009569378,2021-11-29
1.046,1.861,2.1408975,0.0,2021-11-30
1.049,1.864,2.14703774,0.0028680688,2021-12-01
1.044,1.859,2.13680401,-0.0047664442,2021-12-02
1.048,1.863,2.14499099,0.0038314176,2021-12-03
1.037,1.852,2.12247678,-0.0104961832,2021-12-06
1.032,1.847,2.11224304,-0.0048216008,2021-12-07
1.043,1.858,2.13475726,0.0106589147,2021-12-08
1.046,1.861,2.1408975,0.0028763183,2021-12-09
1.043,1.858,2.13475726,-0.0028680688,2021-12-10
1.052,1.867,2.15317798,0.0086289549,2021-12-13
1.053,1.868,2.15522473,0.0009505703,2021-12-14
1.057,1.872,2.16341172,0.0037986705,2021-12-15
1.059,1.874,2.16750521,0.0018921476,2021-12-16
1.051,1.866,2.15113124,-0.0075542965,2021-12-17
1.042,1.857,2.13271051,-0.0085632731,2021-12-20
1.043,1.858,2.13475726,0.0009596929,2021-12-21
1.044,1.859,2.13680401,0.0009587728,2021-12-22
1.042,1.857,2.13271051,-0.0019157088,2021-12-23
1.033,1.848,2.11428979,-0.0086372361,2021-12-24
1.039,1.854,2.12657027,0.0058083253,2021-12-27
1.037,1.852,2.12247678,-0.0019249278,2021-12-28
1.034,1.849,2.11633653,-0.0028929605,2021-12-29
1.038,1.853,2.12452352,0.003868472,2021-12-30
1.041,1.856,2.13066376,0.0028901734,2021-12-31
1.04,1.855,2.12861702,-0.0009606148,2022-01-04
1.028,1.843,2.10405605,-0.0115384615,2022-01-05
1.037,1.852,2.12247678,0.0087548638,2022-01-06
1.029,1.844,2.1061028,-0.0077145612,2022-01-07
1.035,1.85,2.11838328,0.0058309038,2022-01-10
1.029,1.844,2.1061028,-0.0057971014,2022-01-11
1.041,1.856,2.13066376,0.0116618076,2022-01-12
1.032,1.847,2.11224304,-0.0086455331,2022-01-13
1.038,1.853,2.12452352,0.0058139535,2022-01-14
1.046,1.861,2.1408975,0.0077071291,2022-01-17
1.037,1.852,2.12247678,-0.0086042065,2022-01-18
1.031,1.846,2.11019629,-0.0057859209,2022-01-19
1.015,1.83,2.07744834,-0.0155189137,2022-01-20
1.001,1.816,2.04879388,-0.0137931034,2022-01-21
0.997,1.812,2.04060689,-0.003996004,2022-01-24
0.98,1.795,2.00581219,-0.0170511535,2022-01-25
0.988,1.803,2.02218617,0.0081632653,2022-01-26
0.968,1.783,1.98125122,-0.020242915,2022-01-27
0.965,1.78,1.97511098,-0.0030991736,2022-01-28
0.966,1.781,1.97715773,0.0010362694,2022-02-07
0.973,1.788,1.99148496,0.0072463768,2022-02-08
0.981,1.796,2.00785894,0.0082219938,2022-02-09
0.986,1.801,2.01809267,0.00509684,2022-02-10
0.974,1.789,1.99353171,-0.0121703854,2022-02-11
0.974,1.789,1.99353171,0.0,2022-02-14
0.98,1.795,2.00581219,0.0061601643,2022-02-15
0.981,1.796,2.00785894,0.0010204082,2022-02-16
0.982,1.797,2.00990568,0.001019368,2022-02-17
0.984,1.799,2.01399918,0.0020366599,2022-02-18
0.988,1.803,2.02218617,0.0040650407,2022-02-21
0.982,1.797,2.00990568,-0.0060728745,2022-02-22
1.001,1.816,2.04879388,0.0193482688,2022-02-23
0.982,1.797,2.00990568,-0.018981019,2022-02-24
0.995,1.81,2.0365134,0.0132382892,2022-02-25
0.996,1.811,2.03856014,0.0010050251,2022-02-28
0.996,1.811,2.03856014,0.0,2022-03-01
0.999,1.814,2.04470038,0.0030120482,2022-03-02
0.999,1.814,2.04470038,0.0,2022-03-03
0.979,1.794,2.00376544,-0.02002002,2022-03-04
0.966,1.781,1.97715773,-0.013278856,2022-03-07
0.944,1.759,1.93212929,-0.0227743271,2022-03-08
0.934,1.749,1.91166182,-0.0105932203,2022-03-09
0.96,1.775,1.96487725,0.0278372591,2022-03-10
0.973,1.788,1.99148496,0.0135416667,2022-03-11
0.939,1.754,1.92189556,-0.0349434738,2022-03-14
0.899,1.714,1.84002567,-0.0425985091,2022-03-15
0.922,1.737,1.88710086,0.0255839822,2022-03-16
0.938,1.753,1.91984881,0.0173535792,2022-03-17
0.942,1.757,1.9280358,0.0042643923,2022-03-18
0.954,1.769,1.95259676,0.0127388535,2022-03-21
0.946,1.761,1.93622279,-0.0083857442,2022-03-22
0.959,1.774,1.9628305,0.0137420719,2022-03-23
0.941,1.756,1.92598905,-0.0187695516,2022-03-24
0.942,1.757,1.9280358,0.0010626993,2022-03-25
0.933,1.748,1.90961507,-0.0095541401,2022-03-28
0.93,1.745,1.90347483,-0.0032154341,2022-03-29
0.931,1.746,1.90552158,0.0010752688,2022-03-30
0.926,1.741,1.89528784,-0.0053705693,2022-03-31
0.925,1.74,1.8932411,-0.0010799136,2022-04-01
0.937,1.752,1.91780206,0.012972973,2022-04-06
0.92,1.735,1.88300736,-0.0181430096,2022-04-07
0.902,1.717,1.84616591,-0.0195652174,2022-04-08
0.882,1.697,1.80523097,-0.022172949,2022-04-11
0.882,1.697,1.80523097,0.0,2022-04-12
0.883,1.698,1.80727772,0.0011337868,2022-04-13
0.896,1.711,1.83388543,0.0147225368,2022-04-14
0.897,1.712,1.83593218,0.0011160714,2022-04-15
0.906,1.721,1.8543529,0.0100334448,2022-04-18
0.948,1.763,1.94031628,0.0463576159,2022-04-19
0.942,1.757,1.9280358,-0.0063291139,2022-04-20
0.941,1.756,1.92598905,-0.0010615711,2022-04-21
0.926,1.741,1.89528784,-0.0159404888,2022-04-22
0.91,1.725,1.86253989,-0.0172786177,2022-04-25
0.913,1.728,1.86868013,0.0032967033,2022-04-26
0.9,1.715,1.84207242,-0.0142387733,2022-04-27
0.897,1.712,1.83593218,-0.0033333333,2022-04-28
0.914,1.729,1.87072688,0.0189520624,2022-04-29
0.917,1.732,1.87686712,0.0032822757,2022-05-05
0.916,1.731,1.87482037,-0.0010905125,2022-05-06
0.923,1.738,1.8891476,0.0076419214,2022-05-09
0.929,1.744,1.90142808,0.0065005417,2022-05-10
0.926,1.741,1.89528784,-0.0032292788,2022-05-11
0.934,1.749,1.91166182,0.0086393089,2022-05-12
0.936,1.751,1.91575531,0.0021413276,2022-05-13
0.942,1.757,1.9280358,0.0064102564,2022-05-16
0.935,1.75,1.91370857,-0.0074309979,2022-05-17
0.935,1.75,1.91370857,0.0,2022-05-18
0.935,1.75,1.91370857,0.0,2022-05-19
0.937,1.752,1.91780206,0.0021390374,2022-05-20
0.944,1.759,1.93212929,0.007470651,2022-05-23
0.927,1.742,1.89733459,-0.0180084746,2022-05-24
0.935,1.75,1.91370857,0.0086299892,2022-05-25
0.931,1.746,1.90552158,-0.0042780749,2022-05-26
0.929,1.744,1.90142808,-0.0021482277,2022-05-27
0.936,1.751,1.91575531,0.0075349839,2022-05-30
0.94,1.755,1.9239423,0.0042735043,2022-05-31
0.937,1.752,1.91780206,-0.0031914894,2022-06-01
0.936,1.751,1.91575531,-0.0010672359,2022-06-02
0.946,1.761,1.93622279,0.0106837607,2022-06-06
0.95,1.765,1.94440977,0.0042283298,2022-06-07
0.957,1.772,1.958737,0.0073684211,2022-06-08
0.952,1.767,1.94850327,-0.0052246604,2022-06-09
0.959,1.774,1.9628305,0.0073529412,2022-06-10
0.97,1.785,1.98534472,0.0114702815,2022-06-13
0.969,1.784,1.98329797,-0.0010309278,2022-06-14
0.962,1.777,1.96897074,-0.0072239422,2022-06-15
0.965,1.78,1.97511098,0.0031185031,2022-06-16
0.966,1.781,1.97715773,0.0010362694,2022-06-17
0.969,1.784,1.98329797,0.0031055901,2022-06-20
0.957,1.772,1.958737,-0.0123839009,2022-06-21
0.951,1.766,1.94645652,-0.0062695925,2022-06-22
0.953,1.768,1.95055002,0.0021030494,2022-06-23
0.958,1.773,1.96078375,0.0052465897,2022-06-24
0.971,1.786,1.98739146,0.0135699374,2022-06-27
0.966,1.781,1.97715773,-0.0051493306,2022-06-28
0.944,1.759,1.93212929,-0.0227743271,2022-06-29
0.966,1.781,1.97715773,0.0233050847,2022-06-30
0.991,1.806,2.02832641,0.0258799172,2022-07-01
1.0,1.815,2.04674713,0.0090817356,2022-07-04
0.995,1.81,2.0365134,-0.005,2022-07-05
0.982,1.797,2.00990568,-0.0130653266,2022-07-06
0.996,1.811,2.03856014,0.0142566191,2022-07-07
0.991,1.806,2.02832641,-0.0050200803,2022-07-08
0.998,1.813,2.04265364,0.0070635721,2022-07-11
0.977,1.792,1.99967195,-0.0210420842,2022-07-12
0.978,1.793,2.00171869,0.0010235415,2022-07-13
0.985,1.8,2.01604592,0.0071574642,2022-07-14
0.975,1.79,1.99557845,-0.0101522843,2022-07-15
0.979,1.794,2.00376544,0.0041025641,2022-07-18
0.989,1.804,2.02423291,0.0102145046,2022-07-19
1.0,1.815,2.04674713,0.0111223458,2022-07-20
0.988,1.803,2.02218617,-0.012,2022-07-21
0.986,1.801,2.01809267,-0.0020242915,2022-07-22
0.988,1.803,2.02218617,0.0020283976,2022-07-25
1.006,1.821,2.05902761,0.0182186235,2022-07-26
1.005,1.82,2.05698087,-0.0009940358,2022-07-27
1.004,1.819,2.05493412,-0.0009950249,2022-07-28
1.001,1.816,2.04879388,-0.0029880478,2022-07-29
1.011,1.826,2.06926135,0.00999001,2022-08-01
0.993,1.808,2.0324199,-0.0178041543,2022-08-02
1.001,1.816,2.04879388,0.0080563948,2022-08-03
0.992,1.807,2.03037315,-0.008991009,2022-08-04
1.011,1.826,2.06926135,0.0191532258,2022-08-05
1.025,1.84,2.09791581,0.0138476756,2022-08-08
1.035,1.85,2.11838328,0.0097560976,2022-08-09
1.045,1.86,2.13885075,0.0096618357,2022-08-10
1.046,1.861,2.1408975,0.0009569378,2022-08-11
1.055,1.87,2.15931822,0.0086042065,2022-08-12
1.068,1.883,2.18592594,0.0123222749,2022-08-15
1.065,1.88,2.17978569,-0.0028089888,2022-08-16
1.069,1.884,2.18797268,0.0037558685,2022-08-17
1.073,1.888,2.19615967,0.0037418148,2022-08-18
1.064,1.879,2.17773895,-0.008387698,2022-08-19
1.072,1.887,2.19411292,0.007518797,2022-08-22
1.08,1.895,2.2104869,0.0074626866,2022-08-23
1.06,1.875,2.16955196,-0.0185185185,2022-08-24
1.053,1.868,2.15522473,-0.0066037736,2022-08-25
1.048,1.863,2.14499099,-0.0047483381,2022-08-26
1.026,1.841,2.09996256,-0.0209923664,2022-08-29
1.024,1.839,2.09586906,-0.0019493177,2022-08-30
0.994,1.809,2.03446665,-0.029296875,2022-08-31
0.997,1.812,2.04060689,0.0030181087,2022-09-01
0.997,1.812,2.04060689,0.0,2022-09-02
0.978,1.793,2.00171869,-0.0190571715,2022-09-05
0.985,1.8,2.01604592,0.0071574642,2022-09-06
0.978,1.793,2.00171869,-0.007106599,2022-09-07
0.975,1.79,1.99557845,-0.0030674847,2022-09-08
0.967,1.782,1.97920448,-0.0082051282,2022-09-09
0.956,1.771,1.95669026,-0.0113753878,2022-09-13
0.949,1.764,1.94236303,-0.0073221757,2022-09-14
0.925,1.74,1.8932411,-0.0252897787,2022-09-15
0.923,1.738,1.8891476,-0.0021621622,2022-09-16
0.928,1.743,1.89938134,0.0054171181,2022-09-19
0.93,1.745,1.90347483,0.0021551724,2022-09-20
0.919,1.734,1.88096061,-0.011827957,2022-09-21
0.917,1.732,1.87686712,-0.0021762786,2022-09-22
0.915,1.73,1.87277363,-0.0021810251,2022-09-23
0.906,1.721,1.8543529,-0.0098360656,2022-09-26
0.918,1.733,1.87891387,0.0132450331,2022-09-27
0.908,1.723,1.8584464,-0.0108932462,2022-09-28
0.903,1.718,1.84821266,-0.0055066079,2022-09-29
0.909,1.724,1.86049314,0.0066445183,2022-09-30
0.908,1.723,1.8584464,-0.00110011,2022-10-10
0.907,1.722,1.85639965,-0.0011013216,2022-10-11
0.917,1.732,1.87686712,0.0110253583,2022-10-12
0.929,1.744,1.90142808,0.0130861505,2022-10-13
0.928,1.743,1.89938134,-0.0010764263,2022-10-14
0.929,1.744,1.90142808,0.0010775862,2022-10-17
0.93,1.745,1.90347483,0.0010764263,2022-10-18
0.891,1.706,1.82365169,-0.0419354839,2022-10-19
0.887,1.702,1.81546471,-0.0044893378,2022-10-20
0.888,1.703,1.81751145,0.0011273957,2022-10-21
0.884,1.699,1.80932446,-0.0045045045,2022-10-24
0.881,1.696,1.80318422,-0.0033936652,2022-10-25
0.885,1.7,1.81137121,0.0045402951,2022-10-26
0.881,1.696,1.80318422,-0.004519774,2022-10-27
0.87,1.685,1.78067,-0.0124858116,2022-10-28
0.875,1.69,1.79090374,0.0057471264,2022-10-31
0.878,1.693,1.79704398,0.0034285714,2022-11-01
0.879,1.694,1.79909073,0.0011389522,2022-11-02
0.885,1.7,1.81137121,0.0068259386,2022-11-03
0.894,1.709,1.82979194,0.0101694915,2022-11-04
0.892,1.707,1.82569844,-0.0022371365,2022-11-07
0.893,1.708,1.82774519,0.0011210762,2022-11-08
0.889,1.704,1.8195582,-0.0044792833,2022-11-09
0.879,1.694,1.79909073,-0.0112485939,2022-11-10
0.881,1.696,1.80318422,0.0022753129,2022-11-11
0.876,1.691,1.79295049,-0.0056753689,2022-11-14
0.887,1.702,1.81546471,0.0125570776,2022-11-15
0.885,1.7,1.81137121,-0.0022547914,2022-11-16
0.884,1.699,1.80932446,-0.0011299435,2022-11-17
0.885,1.7,1.81137121,0.0011312217,2022-11-18
0.891,1.706,1.82365169,0.006779661,2022-11-21
0.884,1.699,1.80932446,-0.0078563412,2022-11-22
0.879,1.694,1.79909073,-0.0056561086,2022-11-23
0.88,1.695,1.80113748,0.0011376564,2022-11-24
0.872,1.687,1.7847635,-0.0090909091,2022-11-25
0.867,1.682,1.77452976,-0.005733945,2022-11-28
0.869,1.684,1.77862326,0.0023068051,2022-11-29
0.867,1.682,1.77452976,-0.002301496,2022-11-30
0.877,1.692,1.79499723,0.0115340254,2022-12-01
0.879,1.694,1.79909073,0.0022805017,2022-12-02
0.881,1.696,1.80318422,0.0022753129,2022-12-05
0.886,1.701,1.81341796,0.0056753689,2022-12-06
0.878,1.693,1.79704398,-0.0090293454,2022-12-07
0.873,1.688,1.78681025,-0.0056947608,2022-12-08
0.872,1.687,1.7847635,-0.0011454754,2022-12-09
0.867,1.682,1.77452976,-0.005733945,2022-12-12
0.862,1.677,1.76429603,-0.0057670127,2022-12-13
0.861,1.676,1.76224928,-0.0011600928,2022-12-14
0.86,1.675,1.76020253,-0.0011614402,2022-12-15
0.854,1.669,1.74792205,-0.0069767442,2022-12-16
0.848,1.663,1.73564157,-0.0070257611,2022-12-19
0.844,1.659,1.72745458,-0.0047169811,2022-12-20
0.844,1.659,1.72745458,0.0,2022-12-21
0.842,1.657,1.72336108,-0.0023696682,2022-12-22
0.837,1.652,1.71312735,-0.0059382423,2022-12-23
0.839,1.654,1.71722084,0.0023894863,2022-12-26
0.845,1.66,1.72950133,0.0071513707,2022-12-27
0.844,1.659,1.72745458,-0.001183432,2022-12-28
0.843,1.658,1.72540783,-0.0011848341,2022-12-29
0.843,1.658,1.72540783,0.0,2022-12-30
0.847,1.662,1.73359482,0.0047449585,2023-01-03
0.847,1.662,1.73359482,0.0,2023-01-04
0.852,1.667,1.74382856,0.0059031877,2023-01-05
0.85,1.665,1.73973506,-0.0023474178,2023-01-06
0.852,1.667,1.74382856,0.0023529412,2023-01-09
0.852,1.667,1.74382856,0.0,2023-01-10
0.847,1.662,1.73359482,-0.0058685446,2023-01-11
0.846,1.661,1.73154807,-0.0011806375,2023-01-12
0.846,1.661,1.73154807,0.0,2023-01-13
0.853,1.668,1.7458753,0.0082742317,2023-01-16
0.855,1.67,1.7499688,0.0023446659,2023-01-17
0.855,1.67,1.7499688,0.0,2023-01-18
0.863,1.678,1.76634277,0.0093567251,2023-01-19
0.867,1.682,1.77452976,0.0046349942,2023-01-20
0.875,1.69,1.79090374,0.0092272203,2023-01-30
0.877,1.692,1.79499723,0.0022857143,2023-01-31
0.9,1.715,1.84207242,0.0262257697,2023-02-01
0.898,1.713,1.83797892,-0.0022222222,2023-02-02
0.893,1.708,1.82774519,-0.0055679287,2023-02-03
0.884,1.699,1.80932446,-0.0100783875,2023-02-06
0.896,1.711,1.83388543,0.0135746606,2023-02-07
0.89,1.705,1.82160495,-0.0066964286,2023-02-08
0.902,1.717,1.84616591,0.0134831461,2023-02-09
0.891,1.706,1.82365169,-0.012195122,2023-02-10
0.9,1.715,1.84207242,0.0101010101,2023-02-13
0.9,1.715,1.84207242,0.0,2023-02-14
0.897,1.712,1.83593218,-0.0033333333,2023-02-15
0.882,1.697,1.80523097,-0.016722408,2023-02-16
0.874,1.689,1.78885699,-0.0090702948,2023-02-17
0.88,1.695,1.80113748,0.0068649886,2023-02-20
0.882,1.697,1.80523097,0.0022727273,2023-02-21
0.879,1.694,1.79909073,-0.0034013605,2023-02-22
0.895,1.71,1.83183868,0.0182025028,2023-02-23
0.887,1.702,1.81546471,-0.0089385475,2023-02-24
0.884,1.699,1.80932446,-0.0033821871,2023-02-27
0.884,1.699,1.80932446,0.0,2023-02-28
0.887,1.702,1.81546471,0.0033936652,2023-03-01
0.882,1.697,1.80523097,-0.0056369786,2023-03-02
0.883,1.698,1.80727772,0.0011337868,2023-03-03
0.891,1.706,1.82365169,0.0090600227,2023-03-06
0.876,1.691,1.79295049,-0.0168350168,2023-03-07
0.877,1.692,1.79499723,0.0011415525,2023-03-08
0.878,1.693,1.79704398,0.0011402509,2023-03-09
0.874,1.689,1.78885699,-0.0045558087,2023-03-10
0.876,1.691,1.79295049,0.0022883295,2023-03-13
0.876,1.691,1.79295049,0.0,2023-03-14
0.872,1.687,1.7847635,-0.00456621,2023-03-15
0.861,1.676,1.76224928,-0.0126146789,2023-03-16
0.865,1.68,1.77043627,0.0046457607,2023-03-17
0.869,1.684,1.77862326,0.0046242775,2023-03-20
0.873,1.688,1.78681025,0.0046029919,2023-03-21
0.877,1.692,1.79499723,0.0045819015,2023-03-22
0.88,1.695,1.80113748,0.0034207526,2023-03-23
0.875,1.69,1.79090374,-0.0056818182,2023-03-24
0.875,1.69,1.79090374,0.0,2023-03-27
0.862,1.677,1.76429603,-0.0148571429,2023-03-28
0.869,1.684,1.77862326,0.0081206497,2023-03-29
0.875,1.69,1.79090374,0.0069044879,2023-03-30
0.893,1.708,1.82774519,0.0205714286,2023-03-31
0.914,1.729,1.87072688,0.0235162374,2023-04-03
0.938,1.753,1.91984881,0.0262582057,2023-04-04
0.977,1.792,1.99967195,0.0415778252,2023-04-06
1.015,1.83,2.07744834,0.0388945752,2023-04-07
0.987,1.802,2.02013942,-0.0275862069,2023-04-10
0.991,1.806,2.02832641,0.0040526849,2023-04-11
0.999,1.814,2.04470038,0.0080726539,2023-04-12
0.994,1.809,2.03446665,-0.005005005,2023-04-13
1.0,1.815,2.04674713,0.0060362173,2023-04-14
0.996,1.811,2.03856014,-0.004,2023-04-17
0.993,1.808,2.0324199,-0.0030120482,2023-04-18
0.987,1.802,2.02013942,-0.0060422961,2023-04-19
0.984,1.799,2.01399918,-0.0030395137,2023-04-20
0.961,1.776,1.96692399,-0.0233739837,2023-04-21
0.951,1.766,1.94645652,-0.0104058273,2023-04-24
0.95,1.765,1.94440977,-0.0010515247,2023-04-25
0.947,1.762,1.93826953,-0.0031578947,2023-04-26
0.952,1.767,1.94850327,0.005279831,2023-04-27
0.951,1.766,1.94645652,-0.0010504202,2023-04-28
0.955,1.77,1.95464351,0.0042060988,2023-05-04
0.953,1.768,1.95055002,-0.0020942408,2023-05-05
0.957,1.772,1.958737,0.0041972718,2023-05-08
0.955,1.77,1.95464351,-0.0020898642,2023-05-09
0.961,1.776,1.96692399,0.0062827225,2023-05-10
0.958,1.773,1.96078375,-0.0031217482,2023-05-11
0.945,1.76,1.93417604,-0.0135699374,2023-05-12
0.948,1.763,1.94031628,0.0031746032,2023-05-15
0.941,1.756,1.92598905,-0.0073839662,2023-05-16
0.943,1.758,1.93008254,0.0021253985,2023-05-17
0.949,1.764,1.94236303,0.0063626723,2023-05-18
0.945,1.76,1.93417604,-0.0042149631,2023-05-19
0.945,1.76,1.93417604,0.0,2023-05-22
0.933,1.748,1.90961507,-0.0126984127,2023-05-23
0.935,1.75,1.91370857,0.0021436227,2023-05-24
0.935,1.75,1.91370857,0.0,2023-05-25
0.937,1.752,1.91780206,0.0021390374,2023-05-26
0.931,1.746,1.90552158,-0.0064034152,2023-05-29
0.931,1.746,1.90552158,0.0,2023-05-30
0.933,1.748,1.90961507,0.0021482277,2023-05-31
0.939,1.754,1.92189556,0.0064308682,2023-06-01
0.941,1.756,1.92598905,0.0021299255,2023-06-02
0.944,1.759,1.93212929,0.0031880978,2023-06-05
0.934,1.749,1.91166182,-0.0105932203,2023-06-06
0.941,1.756,1.92598905,0.0074946467,2023-06-07
0.934,1.749,1.91166182,-0.0074388948,2023-06-08
0.943,1.758,1.93008254,0.0096359743,2023-06-09
0.952,1.767,1.94850327,0.0095440085,2023-06-12
0.967,1.782,1.97920448,0.0157563025,2023-06-13
0.959,1.774,1.9628305,-0.0082730093,2023-06-14
0.954,1.769,1.95259676,-0.0052137643,2023-06-15
0.956,1.771,1.95669026,0.0020964361,2023-06-16
0.964,1.779,1.97306423,0.0083682008,2023-06-19
0.973,1.788,1.99148496,0.0093360996,2023-06-20
0.956,1.771,1.95669026,-0.0174717369,2023-06-21
0.944,1.759,1.93212929,-0.0125523013,2023-06-26
0.952,1.767,1.94850327,0.0084745763,2023-06-27
0.945,1.76,1.93417604,-0.0073529412,2023-06-28
0.954,1.769,1.95259676,0.0095238095,2023-06-29
0.967,1.782,1.97920448,0.0136268344,2023-06-30
0.957,1.772,1.958737,-0.0103412616,2023-07-03
0.961,1.776,1.96692399,0.0041797283,2023-07-04
0.958,1.773,1.96078375,-0.0031217482,2023-07-05
0.965,1.78,1.97511098,0.0073068894,2023-07-06
0.957,1.772,1.958737,-0.0082901554,2023-07-07
0.964,1.779,1.97306423,0.0073145246,2023-07-10
0.966,1.781,1.97715773,0.0020746888,2023-07-11
0.972,1.787,1.98943821,0.0062111801,2023-07-12
0.97,1.785,1.98534472,-0.0020576132,2023-07-13
0.983,1.798,2.01195243,0.0134020619,2023-07-14
0.988,1.803,2.02218617,0.00508647,2023-07-17
0.984,1.799,2.01399918,-0.004048583,2023-07-18
0.975,1.79,1.99557845,-0.0091463415,2023-07-19
0.96,1.775,1.96487725,-0.0153846154,2023-07-20
0.96,1.775,1.96487725,0.0,2023-07-21
0.956,1.771,1.95669026,-0.0041666667,2023-07-24
0.964,1.779,1.97306423,0.0083682008,2023-07-25
0.96,1.775,1.96487725,-0.0041493776,2023-07-26
0.963,1.778,1.97101749,0.003125,2023-07-27
0.962,1.777,1.96897074,-0.0010384216,2023-07-28
0.965,1.78,1.97511098,0.0031185031,2023-07-31
0.957,1.772,1.958737,-0.0082901554,2023-08-01
0.956,1.771,1.95669026,-0.0010449321,2023-08-02
0.947,1.762,1.93826953,-0.0094142259,2023-08-03
0.946,1.761,1.93622279,-0.0010559662,2023-08-04
0.942,1.757,1.9280358,-0.0042283298,2023-08-07
0.939,1.754,1.92189556,-0.0031847134,2023-08-08
0.93,1.745,1.90347483,-0.0095846645,2023-08-09
0.934,1.749,1.91166182,0.0043010753,2023-08-10
0.919,1.734,1.88096061,-0.0160599572,2023-08-11
0.924,1.739,1.89119435,0.0054406964,2023-08-14
0.92,1.735,1.88300736,-0.0043290043,2023-08-15
0.907,1.722,1.85639965,-0.0141304348,2023-08-16
0.929,1.744,1.90142808,0.0242557883,2023-08-17
0.925,1.74,1.8932411,-0.0043057051,2023-08-18
0.923,1.738,1.8891476,-0.0021621622,2023-08-21
0.929,1.744,1.90142808,0.0065005417,2023-08-22
0.915,1.73,1.87277363,-0.0150699677,2023-08-23
0.917,1.732,1.87686712,0.0021857923,2023-08-24
0.906,1.721,1.8543529,-0.0119956379,2023-08-25
0.901,1.716,1.84411917,-0.0055187638,2023-08-28
0.917,1.732,1.87686712,0.0177580466,2023-08-29
0.934,1.749,1.91166182,0.0185387132,2023-08-30
0.934,1.749,1.91166182,0.0,2023-08-31
0.935,1.75,1.91370857,0.0010706638,2023-09-01
0.938,1.753,1.91984881,0.0032085561,2023-09-04
0.951,1.766,1.94645652,0.0138592751,2023-09-05
0.953,1.768,1.95055002,0.0021030494,2023-09-06
0.943,1.758,1.93008254,-0.0104931794,2023-09-07
0.95,1.765,1.94440977,0.0074231177,2023-09-08
0.96,1.775,1.96487725,0.0105263158,2023-09-11
0.953,1.768,1.95055002,-0.0072916667,2023-09-12
0.949,1.764,1.94236303,-0.0041972718,2023-09-13
0.941,1.756,1.92598905,-0.0084299262,2023-09-14
0.938,1.753,1.91984881,-0.0031880978,2023-09-15
0.957,1.772,1.958737,0.0202558635,2023-09-18
0.949,1.764,1.94236303,-0.0083594566,2023-09-19
0.953,1.768,1.95055002,0.0042149631,2023-09-20
0.948,1.763,1.94031628,-0.0052465897,2023-09-21
0.951,1.766,1.94645652,0.003164557,2023-09-22
0.957,1.772,1.958737,0.0063091483,2023-09-25
0.947,1.762,1.93826953,-0.0104493208,2023-09-26
0.947,1.762,1.93826953,0.0,2023-09-27
0.953,1.768,1.95055002,0.0063357973,2023-09-28
0.944,1.759,1.93212929,-0.0094438615,2023-10-09
0.946,1.761,1.93622279,0.0021186441,2023-10-10
0.97,1.785,1.98534472,0.0253699789,2023-10-11
0.969,1.784,1.98329797,-0.0010309278,2023-10-12
0.972,1.787,1.98943821,0.0030959752,2023-10-13
0.972,1.787,1.98943821,0.0,2023-10-16
0.959,1.774,1.9628305,-0.0133744856,2023-10-17
0.946,1.761,1.93622279,-0.0135557873,2023-10-18
0.931,1.746,1.90552158,-0.0158562368,2023-10-19
0.921,1.736,1.88505411,-0.0107411386,2023-10-20
0.909,1.724,1.86049314,-0.013029316,2023-10-23
0.918,1.733,1.87891387,0.0099009901,2023-10-24
0.935,1.75,1.91370857,0.0185185185,2023-10-25
0.927,1.742,1.89733459,-0.0085561497,2023-10-26
0.933,1.748,1.90961507,0.0064724919,2023-10-27
0.94,1.755,1.9239423,0.0075026795,2023-10-30
0.921,1.736,1.88505411,-0.020212766,2023-10-31
0.931,1.746,1.90552158,0.0108577633,2023-11-01
0.926,1.741,1.89528784,-0.0053705693,2023-11-02
0.968,1.783,1.98125122,0.0453563715,2023-11-03
1.006,1.821,2.05902761,0.0392561983,2023-11-06
1.009,1.824,2.06516786,0.0029821074,2023-11-07
1.003,1.818,2.05288737,-0.0059464817,2023-11-08
0.99,1.805,2.02627966,-0.0129611167,2023-11-09
1.01,1.825,2.0672146,0.0202020202,2023-11-10
1.012,1.827,2.0713081,0.001980198,2023-11-13
1.016,1.831,2.07949509,0.0039525692,2023-11-14
1.015,1.83,2.07744834,-0.000984252,2023-11-15
1.004,1.819,2.05493412,-0.0108374384,2023-11-16
1.008,1.823,2.06312111,0.0039840637,2023-11-17
1.013,1.828,2.07335484,0.0049603175,2023-11-20
1.012,1.827,2.0713081,-0.0009871668,2023-11-21
1.007,1.822,2.06107436,-0.0049407115,2023-11-22
1.021,1.836,2.08972882,0.0139026812,2023-11-23
1.014,1.829,2.07540159,-0.0068560235,2023-11-24
1.023,1.838,2.09382232,0.0088757396,2023-11-27
1.028,1.843,2.10405605,0.0048875855,2023-11-28
1.022,1.837,2.09177557,-0.0058365759,2023-11-29
1.018,1.833,2.08358858,-0.0039138943,2023-11-30
1.019,1.834,2.08563533,0.0009823183,2023-12-01
1.02,1.835,2.08768207,0.0009813543,2023-12-04
1.004,1.819,2.05493412,-0.0156862745,2023-12-05
0.996,1.811,2.03856014,-0.0079681275,2023-12-06
0.992,1.807,2.03037315,-0.0040160643,2023-12-07
0.99,1.805,2.02627966,-0.002016129,2023-12-08
0.998,1.813,2.04265364,0.0080808081,2023-12-11
1.001,1.816,2.04879388,0.003006012,2023-12-12
0.996,1.811,2.03856014,-0.004995005,2023-12-13
0.985,1.8,2.01604592,-0.0110441767,2023-12-14
0.982,1.797,2.00990568,-0.0030456853,2023-12-15
0.975,1.79,1.99557845,-0.0071283096,2023-12-18
0.984,1.799,2.01399918,0.0092307692,2023-12-19
0.984,1.799,2.01399918,0.0,2023-12-20
0.983,1.798,2.01195243,-0.0010162602,2023-12-21
0.98,1.795,2.00581219,-0.003051882,2023-12-22
0.982,1.797,2.00990568,0.0020408163,2023-12-25
0.973,1.788,1.99148496,-0.0091649695,2023-12-26
0.991,1.806,2.02832641,0.0184994861,2023-12-27
0.992,1.807,2.03037315,0.0010090817,2023-12-28
1.002,1.817,2.05084063,0.0100806452,2023-12-29
0.995,1.81,2.0365134,-0.0069860279,2024-01-02
0.983,1.798,2.01195243,-0.0120603015,2024-01-03
0.978,1.793,2.00171869,-0.00508647,2024-01-04
0.969,1.784,1.98329797,-0.009202454,2024-01-05
0.959,1.774,1.9628305,-0.0103199174,2024-01-08
0.961,1.776,1.96692399,0.0020855057,2024-01-09
0.955,1.77,1.95464351,-0.0062434964,2024-01-10
0.957,1.772,1.958737,0.0020942408,2024-01-11
0.956,1.771,1.95669026,-0.0010449321,2024-01-12
0.956,1.771,1.95669026,0.0,2024-01-15
0.955,1.77,1.95464351,-0.0010460251,2024-01-16
0.954,1.769,1.95259676,-0.0010471204,2024-01-17
0.954,1.769,1.95259676,0.0,2024-01-18
0.953,1.768,1.95055002,-0.001048218,2024-01-19
0.95,1.765,1.94440977,-0.0031479538,2024-01-22
0.95,1.765,1.94440977,0.0,2024-01-23
0.95,1.765,1.94440977,0.0,2024-01-24
0.952,1.767,1.94850327,0.0021052632,2024-01-25
0.95,1.765,1.94440977,-0.0021008403,2024-01-26
0.947,1.762,1.93826953,-0.0031578947,2024-01-29
0.944,1.759,1.93212929,-0.0031678986,2024-01-30
0.94,1.755,1.9239423,-0.0042372881,2024-01-31
0.94,1.755,1.9239423,0.0,2024-02-01
0.936,1.751,1.91575531,-0.0042553191,2024-02-02
0.927,1.742,1.89733459,-0.0096153846,2024-02-05
0.93,1.745,1.90347483,0.003236246,2024-02-06
0.928,1.743,1.89938134,-0.0021505376,2024-02-07
0.934,1.749,1.91166182,0.0064655172,2024-02-08
0.938,1.753,1.91984881,0.0042826552,2024-02-19
0.942,1.757,1.9280358,0.0042643923,2024-02-20
0.941,1.756,1.92598905,-0.0010615711,2024-02-21
0.952,1.767,1.94850327,0.0116896918,2024-02-22
0.961,1.776,1.96692399,0.0094537815,2024-02-23
0.964,1.779,1.97306423,0.0031217482,2024-02-26
0.979,1.794,2.00376544,0.015560166,2024-02-27
0.947,1.762,1.93826953,-0.0326864147,2024-02-28
0.968,1.783,1.98125122,0.0221752904,2024-02-29
0.983,1.798,2.01195243,0.0154958678,2024-03-01
0.988,1.803,2.02218617,0.00508647,2024-03-04
0.986,1.801,2.01809267,-0.0020242915,2024-03-05
0.983,1.798,2.01195243,-0.0030425963,2024-03-06
0.973,1.788,1.99148496,-0.01017294,2024-03-07
0.987,1.802,2.02013942,0.0143884892,2024-03-08
0.998,1.813,2.04265364,0.0111448835,2024-03-11
0.998,1.813,2.04265364,0.0,2024-03-12
1.015,1.83,2.07744834,0.0170340681,2024-03-13
1.005,1.82,2.05698087,-0.0098522167,2024-03-14
1.009,1.824,2.06516786,0.0039800995,2024-03-15
1.022,1.837,2.09177557,0.0128840436,2024-03-18
1.026,1.841,2.09996256,0.0039138943,2024-03-19
1.032,1.847,2.11224304,0.0058479532,2024-03-20
1.033,1.848,2.11428979,0.0009689922,2024-03-21
1.02,1.835,2.08768207,-0.0125847047,2024-03-22
1.003,1.818,2.05288737,-0.0166666667,2024-03-25
0.994,1.809,2.03446665,-0.0089730808,2024-03-26
0.972,1.787,1.98943821,-0.0221327968,2024-03-27
0.986,1.801,2.01809267,0.0144032922,2024-03-28
0.99,1.805,2.02627966,0.0040567951,2024-03-29
1.002,1.817,2.05084063,0.0121212121,2024-04-01
1.003,1.818,2.05288737,0.000998004,2024-04-02
0.995,1.81,2.0365134,-0.0079760718,2024-04-03
0.987,1.802,2.02013942,-0.008040201,2024-04-08
0.994,1.809,2.03446665,0.0070921986,2024-04-09
0.983,1.798,2.01195243,-0.0110663984,2024-04-10
0.98,1.795,2.00581219,-0.003051882,2024-04-11
0.982,1.797,2.00990568,0.0020408163,2024-04-12
0.97,1.785,1.98534472,-0.0122199593,2024-04-15
0.936,1.751,1.91575531,-0.0350515464,2024-04-16
0.961,1.776,1.96692399,0.0267094017,2024-04-17
0.961,1.776,1.96692399,0.0,2024-04-18
0.957,1.772,1.958737,-0.0041623309,2024-04-19
0.945,1.76,1.93417604,-0.012539185,2024-04-22
0.948,1.763,1.94031628,0.0031746032,2024-04-23
0.959,1.774,1.9628305,0.0116033755,2024-04-24
0.957,1.772,1.958737,-0.0020855057,2024-04-25
0.966,1.781,1.97715773,0.0094043887,2024-04-26
0.976,1.791,1.9976252,0.0103519669,2024-04-29
0.968,1.783,1.98125122,-0.0081967213,2024-04-30
0.981,1.796,2.00785894,0.0134297521,2024-05-06
0.989,1.804,2.02423291,0.0081549439,2024-05-07
0.981,1.796,2.00785894,-0.0080889788,2024-05-08
0.991,1.806,2.02832641,0.0101936799,2024-05-09
0.974,1.789,1.99353171,-0.0171543895,2024-05-10
0.963,1.778,1.97101749,-0.0112936345,2024-05-13
0.965,1.78,1.97511098,0.0020768432,2024-05-14
0.965,1.78,1.97511098,0.0,2024-05-15
0.964,1.779,1.97306423,-0.0010362694,2024-05-16
0.972,1.787,1.98943821,0.0082987552,2024-05-17
0.976,1.791,1.9976252,0.0041152263,2024-05-20
0.97,1.785,1.98534472,-0.006147541,2024-05-21
0.968,1.783,1.98125122,-0.0020618557,2024-05-22
0.958,1.773,1.96078375,-0.0103305785,2024-05-23
0.95,1.765,1.94440977,-0.0083507307,2024-05-24
0.949,1.764,1.94236303,-0.0010526316,2024-05-27
0.947,1.762,1.93826953,-0.0021074816,2024-05-28
0.947,1.762,1.93826953,0.0,2024-05-29
0.952,1.767,1.94850327,0.005279831,2024-05-30
0.968,1.783,1.98125122,0.0168067227,2024-05-31
0.953,1.768,1.95055002,-0.0154958678,2024-06-03
0.943,1.758,1.93008254,-0.0104931794,2024-06-04
0.937,1.752,1.91780206,-0.0063626723,2024-06-05
0.925,1.74,1.8932411,-0.0128068303,2024-06-06
0.927,1.742,1.89733459,0.0021621622,2024-06-07
0.939,1.754,1.92189556,0.0129449838,2024-06-11
0.941,1.756,1.92598905,0.0021299255,2024-06-12
0.942,1.757,1.9280358,0.0010626993,2024-06-13
0.943,1.758,1.93008254,0.0010615711,2024-06-14
0.949,1.764,1.94236303,0.0063626723,2024-06-17
0.957,1.772,1.958737,0.0084299262,2024-06-18
0.952,1.767,1.94850327,-0.0052246604,2024-06-19
0.942,1.757,1.9280358,-0.0105042017,2024-06-20
0.938,1.753,1.91984881,-0.0042462845,2024-06-21
0.915,1.73,1.87277363,-0.0245202559,2024-06-24
0.916,1.731,1.87482037,0.0010928962,2024-06-25
0.917,1.732,1.87686712,0.0010917031,2024-06-26
0.914,1.729,1.87072688,-0.0032715376,2024-06-27
0.927,1.742,1.89733459,0.0142231947,2024-06-28
0.924,1.739,1.89119435,-0.003236246,2024-07-01
0.922,1.737,1.88710086,-0.0021645022,2024-07-02
0.913,1.728,1.86868013,-0.0097613883,2024-07-03
0.906,1.721,1.8543529,-0.0076670318,2024-07-04
0.91,1.725,1.86253989,0.004415011,2024-07-05
0.903,1.718,1.84821266,-0.0076923077,2024-07-08
0.911,1.726,1.86458664,0.0088593577,2024-07-09
0.91,1.725,1.86253989,-0.0010976948,2024-07-10
0.916,1.731,1.87482037,0.0065934066,2024-07-11
0.919,1.734,1.88096061,0.0032751092,2024-07-12
0.911,1.726,1.86458664,-0.0087051143,2024-07-15
0.92,1.735,1.88300736,0.0098792536,2024-07-16
0.916,1.731,1.87482037,-0.0043478261,2024-07-17
0.914,1.729,1.87072688,-0.0021834061,2024-07-18
0.918,1.733,1.87891387,0.0043763676,2024-07-19
0.916,1.731,1.87482037,-0.0021786492,2024-07-22
0.906,1.721,1.8543529,-0.0109170306,2024-07-23
0.9,1.715,1.84207242,-0.0066225166,2024-07-24
0.898,1.713,1.83797892,-0.0022222222,2024-07-25
0.901,1.716,1.84411917,0.0033407572,2024-07-26
0.902,1.717,1.84616591,0.0011098779,2024-07-29
0.9,1.715,1.84207242,-0.0022172949,2024-07-30
0.909,1.724,1.86049314,0.01,2024-07-31
0.908,1.723,1.8584464,-0.00110011,2024-08-01
0.895,1.71,1.83183868,-0.0143171806,2024-08-02
0.88,1.695,1.80113748,-0.0167597765,2024-08-05
0.883,1.698,1.80727772,0.0034090909,2024-08-06
0.882,1.697,1.80523097,-0.0011325028,2024-08-07
0.879,1.694,1.79909073,-0.0034013605,2024-08-08
0.878,1.693,1.79704398,-0.0011376564,2024-08-09
0.877,1.692,1.79499723,-0.0011389522,2024-08-12
0.883,1.698,1.80727772,0.0068415051,2024-08-13
0.882,1.697,1.80523097,-0.0011325028,2024-08-14
0.88,1.695,1.80113748,-0.0022675737,2024-08-15
0.878,1.693,1.79704398,-0.0022727273,2024-08-16
0.872,1.687,1.7847635,-0.006833713,2024-08-19
0.865,1.68,1.77043627,-0.0080275229,2024-08-20
0.867,1.682,1.77452976,0.0023121387,2024-08-21
0.865,1.68,1.77043627,-0.0023068051,2024-08-22
0.873,1.688,1.78681025,0.0092485549,2024-08-23
0.878,1.693,1.79704398,0.0057273769,2024-08-26
0.87,1.685,1.78067,-0.0091116173,2024-08-27
0.873,1.688,1.78681025,0.0034482759,2024-08-28
0.882,1.697,1.80523097,0.0103092784,2024-08-29
0.893,1.708,1.82774519,0.0124716553,2024-08-30
0.899,1.714,1.84002567,0.006718925,2024-09-02
0.9,1.715,1.84207242,0.0011123471,2024-09-03
0.899,1.714,1.84002567,-0.0011111111,2024-09-04
0.902,1.717,1.84616591,0.0033370412,2024-09-05
0.894,1.709,1.82979194,-0.0088691796,2024-09-06
0.892,1.707,1.82569844,-0.0022371365,2024-09-09
0.898,1.713,1.83797892,0.0067264574,2024-09-10
0.897,1.712,1.83593218,-0.0011135857,2024-09-11
0.892,1.707,1.82569844,-0.005574136,2024-09-12
0.887,1.702,1.81546471,-0.0056053812,2024-09-13
0.879,1.694,1.79909073,-0.0090191657,2024-09-18
0.883,1.698,1.80727772,0.0045506257,2024-09-19
0.885,1.7,1.81137121,0.0022650057,2024-09-20
0.883,1.698,1.80727772,-0.002259887,2024-09-23
0.898,1.713,1.83797892,0.0169875425,2024-09-24
0.9,1.715,1.84207242,0.0022271715,2024-09-25
0.916,1.731,1.87482037,0.0177777778,2024-09-26
0.94,1.755,1.9239423,0.0262008734,2024-09-27
1.013,1.828,2.07335484,0.0776595745,2024-09-30
1.082,1.897,2.2145804,0.0681145114,2024-10-08
1.049,1.864,2.14703774,-0.0304990758,2024-10-09
1.048,1.863,2.14499099,-0.0009532888,2024-10-10
1.027,1.842,2.1020093,-0.0200381679,2024-10-11
1.051,1.866,2.15113124,0.023369036,2024-10-14
1.05,1.865,2.14908449,-0.0009514748,2024-10-15
1.064,1.879,2.17773895,0.0133333333,2024-10-16
1.05,1.865,2.14908449,-0.0131578947,2024-10-17
1.072,1.887,2.19411292,0.020952381,2024-10-18
1.08,1.895,2.2104869,0.0074626866,2024-10-21
1.084,1.899,2.21867389,0.0037037037,2024-10-22
1.086,1.901,2.22276738,0.0018450185,2024-10-23
1.079,1.894,2.20844015,-0.0064456722,2024-10-24
1.09,1.905,2.23095437,0.0101946247,2024-10-25
1.093,1.908,2.23709461,0.0027522936,2024-10-28
1.067,1.882,2.18387919,-0.0237877402,2024-10-29
1.065,1.88,2.17978569,-0.0018744142,2024-10-30
1.079,1.894,2.20844015,0.0131455399,2024-10-31
1.061,1.876,2.17159871,-0.0166821131,2024-11-01
1.065,1.88,2.17978569,0.0037700283,2024-11-04
1.084,1.899,2.21867389,0.0178403756,2024-11-05
1.075,1.89,2.20025317,-0.008302583,2024-11-06
1.105,1.92,2.26165558,0.0279069767,2024-11-07
1.114,1.929,2.2800763,0.0081447964,2024-11-08
1.141,1.956,2.33533848,0.0242369838,2024-11-11
1.125,1.94,2.30259052,-0.014022787,2024-11-12
1.128,1.943,2.30873076,0.0026666667,2024-11-13
1.101,1.916,2.25346859,-0.0239361702,2024-11-14
1.084,1.899,2.21867389,-0.0154405086,2024-11-15
1.068,1.883,2.18592594,-0.0147601476,2024-11-18
1.108,1.923,2.26779582,0.0374531835,2024-11-19
1.12,1.935,2.29235679,0.0108303249,2024-11-20
1.118,1.933,2.28826329,-0.0017857143,2024-11-21
1.095,1.91,2.24118811,-0.0205724508,2024-11-22
1.105,1.92,2.26165558,0.0091324201,2024-11-25
1.091,1.906,2.23300112,-0.0126696833,2024-11-26
1.096,1.911,2.24323486,0.0045829514,2024-11-27
1.086,1.901,2.22276738,-0.0091240876,2024-11-28
1.103,1.918,2.25756209,0.0156537753,2024-11-29
1.107,1.922,2.26574907,0.0036264733,2024-12-02
1.095,1.91,2.24118811,-0.0108401084,2024-12-03
1.08,1.895,2.2104869,-0.0136986301,2024-12-04
1.094,1.909,2.23914136,0.012962963,2024-12-05
1.106,1.921,2.26370233,0.0109689214,2024-12-06
1.102,1.917,2.25551534,-0.0036166365,2024-12-09
1.11,1.925,2.27188932,0.0072595281,2024-12-10
1.118,1.933,2.28826329,0.0072072072,2024-12-11
1.118,1.933,2.28826329,0.0,2024-12-12
1.106,1.921,2.26370233,-0.0107334526,2024-12-13
1.09,1.905,2.23095437,-0.0144665461,2024-12-16
1.069,1.884,2.18797268,-0.019266055,2024-12-17
1.088,1.903,2.22686088,0.0177736202,2024-12-18
1.099,1.914,2.2493751,0.0101102941,2024-12-19
1.112,1.927,2.27598281,0.0118289354,2024-12-20
1.007,1.902,2.22481413,-0.0224820144,2024-12-23
1.017,1.912,2.24690762,0.0099304866,2024-12-24
1.01,1.905,2.23144218,-0.0068829892,2024-12-25
1.023,1.918,2.26016371,0.0128712871,2024-12-26
1.024,1.919,2.26237306,0.0009775171,2024-12-27
1.015,1.91,2.24248892,-0.0087890625,2024-12-30
0.995,1.89,2.19830195,-0.0197044335,2024-12-31
0.993,1.888,2.19388325,-0.0020100503,2025-01-02
0.978,1.873,2.16074302,-0.0151057402,2025-01-03
0.977,1.872,2.15853367,-0.0010224949,2025-01-06
1.004,1.899,2.21818609,0.0276356192,2025-01-07
1.008,1.903,2.22702348,0.0039840637,2025-01-08
1.016,1.911,2.24469827,0.0079365079,2025-01-09
1.0,1.895,2.20934869,-0.0157480315,2025-01-10
1.006,1.901,2.22260478,0.006,2025-01-13
1.022,1.917,2.25795436,0.0159045726,2025-01-14
1.027,1.922,2.26900111,0.0048923679,2025-01-15
1.024,1.919,2.26237306,-0.0029211295,2025-01-16
1.029,1.924,2.2734198,0.0048828125,2025-01-17
1.045,1.94,2.30876938,0.0155490768,2025-01-20
1.055,1.95,2.33086287,0.009569378,2025-01-21
1.051,1.946,2.32202547,-0.0037914692,2025-01-22
1.049,1.944,2.31760678,-0.0019029496,2025-01-23
1.057,1.952,2.33528157,0.0076263108,2025-01-24
1.053,1.948,2.32644417,-0.0037842952,2025-01-27
1.058,1.953,2.33749091,0.0047483381,2025-02-05
1.072,1.967,2.3684218,0.0132325142,2025-02-06
1.08,1.975,2.38609659,0.0074626866,2025-02-07
1.087,1.982,2.40156203,0.0064814815,2025-02-10
1.098,1.993,2.42586486,0.0101195952,2025-02-11
1.111,2.006,2.4545864,0.0118397086,2025-02-12
1.1,1.995,2.43028356,-0.0099009901,2025-02-13
1.101,1.996,2.43249291,0.0009090909,2025-02-14
1.101,1.996,2.43249291,0.0,2025-02-17
1.076,1.971,2.37725919,-0.0227066303,2025-02-18
1.095,1.99,2.41923682,0.0176579926,2025-02-19
1.111,2.006,2.4545864,0.0146118721,2025-02-20
1.13,2.025,2.49656402,0.0171017102,2025-02-21
1.148,2.043,2.5363323,0.0159292035,2025-02-24
1.143,2.038,2.52528555,-0.0043554007,2025-02-25
1.161,2.056,2.56505383,0.0157480315,2025-02-26
1.148,2.043,2.5363323,-0.0111972438,2025-02-27
1.114,2.009,2.46121444,-0.0296167247,2025-02-28
1.115,2.01,2.46342379,0.0008976661,2025-03-03
1.125,2.02,2.48551728,0.0089686099,2025-03-04
1.126,2.021,2.48772663,0.0008888889,2025-03-05
1.142,2.037,2.52307621,0.0142095915,2025-03-06
1.142,2.037,2.52307621,0.0,2025-03-07
1.142,2.037,2.52307621,0.0,2025-03-10
1.14,2.035,2.51865751,-0.0017513135,2025-03-11
1.153,2.048,2.54737904,0.0114035088,2025-03-12
1.132,2.027,2.50098272,-0.0182133565,2025-03-13
1.152,2.047,2.54516969,0.0176678445,2025-03-14
1.173,2.068,2.59156601,0.0182291667,2025-03-17
1.183,2.078,2.6136595,0.0085251492,2025-03-18
1.169,2.064,2.58272862,-0.0118343195,2025-03-19
1.165,2.06,2.57389122,-0.003421728,2025-03-20
1.138,2.033,2.51423881,-0.0231759657,2025-03-21
1.126,2.021,2.48772663,-0.0105448155,2025-03-24
1.118,2.013,2.47005184,-0.0071047957,2025-03-25
1.113,2.008,2.45900509,-0.0044722719,2025-03-26
1.103,1.998,2.43691161,-0.008984726,2025-03-27
1.1,1.995,2.43028356,-0.0027198549,2025-03-28
1.099,1.994,2.42807421,-0.0009090909,2025-03-31
1.098,1.993,2.42586486,-0.0009099181,2025-04-01
1.101,1.996,2.43249291,0.0027322404,2025-04-02
1.097,1.992,2.42365551,-0.0036330609,2025-04-03
1.006,1.901,2.22260478,-0.0829535096,2025-04-07
0.997,1.892,2.20272064,-0.0089463221,2025-04-08
1.009,1.904,2.22923283,0.0120361083,2025-04-09
1.023,1.918,2.26016371,0.0138751239,2025-04-10
1.045,1.94,2.30876938,0.0215053763,2025-04-11
1.052,1.947,2.32423482,0.0066985646,2025-04-14
1.044,1.939,2.30656003,-0.0076045627,2025-04-15
1.021,1.916,2.25574501,-0.0220306513,2025-04-16
1.018,1.913,2.24911697,-0.0029382958,2025-04-17
1.013,1.908,2.23807022,-0.0049115914,2025-04-18
1.018,1.913,2.24911697,0.0049358342,2025-04-21
1.016,1.911,2.24469827,-0.0019646365,2025-04-22
1.032,1.927,2.28004785,0.0157480315,2025-04-23
1.028,1.923,2.27121045,-0.003875969,2025-04-24
1.03,1.925,2.27562915,0.0019455253,2025-04-25
1.011,1.906,2.23365153,-0.0184466019,2025-04-28
1.026,1.921,2.26679176,0.0148367953,2025-04-29
1.023,1.918,2.26016371,-0.0029239766,2025-04-30
1.043,1.938,2.30435068,0.0195503421,2025-05-06
1.043,1.938,2.30435068,0.0,2025-05-07
1.059,1.954,2.33970026,0.0153403643,2025-05-08
1.045,1.94,2.30876938,-0.0132200189,2025-05-09
1.053,1.948,2.32644417,0.0076555024,2025-05-12
1.049,1.944,2.31760678,-0.0037986705,2025-05-13
1.049,1.944,2.31760678,0.0,2025-05-14
1.037,1.932,2.29109459,-0.0114394662,2025-05-15
1.039,1.934,2.29551329,0.0019286403,2025-05-16
1.048,1.943,2.31539743,0.0086621752,2025-05-19
1.052,1.947,2.32423482,0.0038167939,2025-05-20
1.043,1.938,2.30435068,-0.0085551331,2025-05-21
1.035,1.93,2.2866759,-0.0076701822,2025-05-22
1.03,1.925,2.27562915,-0.0048309179,2025-05-23
1.037,1.932,2.29109459,0.0067961165,2025-05-26
1.042,1.937,2.30214134,0.0048216008,2025-05-27
1.04,1.935,2.29772264,-0.0019193858,2025-05-28
1.049,1.944,2.31760678,0.0086538462,2025-05-29
1.033,1.928,2.2822572,-0.0152526215,2025-05-30
1.036,1.931,2.28888524,0.0029041626,2025-06-03
1.04,1.935,2.29772264,0.0038610039,2025-06-04
1.048,1.943,2.31539743,0.0076923077,2025-06-05
1.05,1.945,2.31981613,0.0019083969,2025-06-06
1.062,1.957,2.34632831,0.0114285714,2025-06-09
1.071,1.966,2.36621245,0.0084745763,2025-06-10
1.08,1.975,2.38609659,0.0084033613,2025-06-11
1.08,1.975,2.38609659,0.0,2025-06-12
1.069,1.964,2.36179375,-0.0101851852,2025-06-13
1.08,1.975,2.38609659,0.0102899906,2025-06-16
1.076,1.971,2.37725919,-0.0037037037,2025-06-17
1.081,1.976,2.38830593,0.0046468401,2025-06-18
1.058,1.953,2.33749091,-0.0212765957,2025-06-19
1.049,1.944,2.31760678,-0.0085066163,2025-06-20
1.052,1.947,2.32423482,0.0028598665,2025-06-23
1.068,1.963,2.3595844,0.0152091255,2025-06-24
1.074,1.969,2.37284049,0.0056179775,2025-06-25
1.071,1.966,2.36621245,-0.0027932961,2025-06-26
1.092,1.987,2.41260877,0.0196078431,2025-06-27
1.091,1.986,2.41039942,-0.0009157509,2025-06-30
1.101,1.996,2.43249291,0.0091659028,2025-07-01
1.107,2.002,2.445749,0.0054495913,2025-07-02
1.101,1.996,2.43249291,-0.0054200542,2025-07-03
1.106,2.001,2.44353965,0.0045413261,2025-07-04
1.117,2.012,2.46784249,0.0099457505,2025-07-07
1.139,2.034,2.51644816,0.0196956132,2025-07-08
1.153,2.048,2.54737904,0.0122914838,2025-07-09
1.142,2.037,2.52307621,-0.0095403296,2025-07-10
1.14,2.035,2.51865751,-0.0017513135,2025-07-11
1.176,2.071,2.59819406,0.0315789474,2025-07-14
1.182,2.077,2.61145015,0.0051020408,2025-07-15
1.192,2.087,2.63354364,0.0084602369,2025-07-16
1.216,2.111,2.68656801,0.0201342282,2025-07-17
1.215,2.11,2.68435866,-0.0008223684,2025-07-18
1.233,2.128,2.72412694,0.0148148148,2025-07-21
1.251,2.146,2.76389521,0.0145985401,2025-07-22
1.246,2.141,2.75284847,-0.0039968026,2025-07-23
1.241,2.136,2.74180173,-0.0040128411,2025-07-24
1.24,2.135,2.73959238,-0.0008058018,2025-07-25
1.27,2.165,2.80587284,0.0241935484,2025-07-28
1.277,2.172,2.82133828,0.005511811,2025-07-29
1.274,2.169,2.81471023,-0.0023492561,2025-07-30
1.285,2.18,2.83901307,0.0086342229,2025-07-31
1.287,2.182,2.84343177,0.0015564202,2025-08-01
1.315,2.21,2.90529353,0.0217560218,2025-08-04
1.35,2.245,2.98262073,0.0266159696,2025-08-05
1.097,2.242,2.97599269,-0.0022222222,2025-08-06
1.08,2.225,2.92987429,-0.0154968095,2025-08-07
1.087,2.232,2.94886422,0.0064814815,2025-08-08
1.092,2.237,2.96242845,0.004599816,2025-08-11
1.104,2.249,2.99498261,0.010989011,2025-08-12
1.126,2.271,3.05466524,0.0199275362,2025-08-13
1.126,2.271,3.05466524,0.0,2025-08-14
1.142,2.287,3.09807078,0.0142095915,2025-08-15
1.165,2.31,3.16046625,0.0201401051,2025-08-18
1.166,2.311,3.1631791,0.0008583691,2025-08-19
1.166,2.311,3.1631791,0.0,2025-08-20
1.157,2.302,3.13876348,-0.0077186964,2025-08-21
1.158,2.303,3.14147633,0.0008643042,2025-08-22
1.164,2.309,3.15775341,0.0051813472,2025-08-25
1.159,2.304,3.14418917,-0.0042955326,2025-08-26
1.131,2.276,3.06822947,-0.0241587575,2025-08-27
1.151,2.296,3.1224864,0.017683466,2025-08-28
1.143,2.288,3.10078363,-0.0069504778,2025-08-29
1.15,2.295,3.11977355,0.0061242345,2025-09-01
1.134,2.279,3.07636801,-0.0139130435,2025-09-02
1.134,2.279,3.07636801,0.0,2025-09-03
1.101,2.246,2.98684407,-0.0291005291,2025-09-04
1.154,2.299,3.13062494,0.0481380563,2025-09-05
1.191,2.336,3.23100026,0.0320623917,2025-09-08
1.18,2.325,3.20115895,-0.0092359362,2025-09-09
1.166,2.311,3.1631791,-0.0118644068,2025-09-10
1.188,2.333,3.22286172,0.0188679245,2025-09-11
1.195,2.34,3.24185165,0.0058922559,2025-09-12
1.213,2.358,3.29068289,0.0150627615,2025-09-15
1.262,2.407,3.42361237,0.0403957131,2025-09-16
1.29,2.435,3.49957207,0.0221870048,2025-09-17
1.307,2.452,3.54569047,0.0131782946,2025-09-18
1.308,2.453,3.54840331,0.0007651109,2025-09-19
1.339,2.484,3.63250156,0.0237003058,2025-09-22
1.349,2.494,3.65963002,0.0074682599,2025-09-23
1.347,2.492,3.65420433,-0.0014825797,2025-09-24
1.34,2.485,3.6352144,-0.0051967335,2025-09-25
1.307,2.452,3.54569047,-0.0246268657,2025-09-26
1.316,2.461,3.57010609,0.0068859985,2025-09-29
1.307,2.452,3.54569047,-0.0068389058,2025-09-30
1.311,2.456,3.55654185,0.0030604438,2025-10-09
1.289,2.434,3.49685923,-0.0167810831,2025-10-10
1.272,2.417,3.45074084,-0.0131885182,2025-10-13
1.239,2.384,3.3612169,-0.0259433962,2025-10-14
1.256,2.401,3.40733529,0.0137207425,2025-10-15
1.243,2.388,3.37206829,-0.0103503185,2025-10-16
1.201,2.346,3.25812873,-0.0337892196,2025-10-17
1.199,2.344,3.25270304,-0.0016652789,2025-10-20
1.236,2.381,3.35307836,0.0308590492,2025-10-21
1.226,2.371,3.32594989,-0.0080906149,2025-10-22
1.206,2.351,3.27169296,-0.0163132137,2025-10-23
1.232,2.377,3.34222697,0.0215588723,2025-10-24
1.243,2.388,3.37206829,0.0089285714,2025-10-27
1.221,2.366,3.31238566,-0.017699115,2025-10-28
1.24,2.385,3.36392975,0.0155610156,2025-10-29
1.214,2.359,3.29339574,-0.0209677419,2025-10-30
1.211,2.356,3.2852572,-0.0024711697,2025-10-31
1.218,2.363,3.30424712,0.0057803468,2025-11-03
1.184,2.329,3.21201034,-0.0279146141,2025-11-04
1.19,2.335,3.22828742,0.0050675676,2025-11-05
1.214,2.359,3.29339574,0.0201680672,2025-11-06
1.212,2.357,3.28797004,-0.0016474465,2025-11-07
1.195,2.34,3.24185165,-0.0140264026,2025-11-10
1.191,2.336,3.23100026,-0.0033472803,2025-11-11
1.179,2.324,3.19844611,-0.0100755668,2025-11-12
1.168,2.313,3.16860479,-0.0093299406,2025-11-13
1.157,2.302,3.13876348,-0.0094178082,2025-11-14
1.169,2.314,3.17131764,0.0103716508,2025-11-17
1.167,2.312,3.16589195,-0.001710864,2025-11-18
1.153,2.298,3.12791209,-0.0119965724,2025-11-19
1.14,2.285,3.09264509,-0.011274935,2025-11-20
1.11,2.255,3.01125969,-0.0263157895,2025-11-21
1.117,2.262,3.03024962,0.0063063063,2025-11-24
1.141,2.286,3.09535794,0.0214861235,2025-11-25
1.146,2.291,3.10892217,0.0043821209,2025-11-26
1.147,2.292,3.11163502,0.0008726003,2025-11-27
1.153,2.298,3.12791209,0.0052310375,2025-11-28
1.153,2.298,3.12791209,0.0,2025-12-01
1.14,2.285,3.09264509,-0.011274935,2025-12-02
1.14,2.285,3.09264509,0.0,2025-12-03
1.136,2.281,3.0817937,-0.0035087719,2025-12-04
1.15,2.295,3.11977355,0.0123239437,2025-12-05
1.177,2.322,3.19302041,0.0234782609,2025-12-08
1.18,2.325,3.20115895,0.002548853,2025-12-09
1.186,2.331,3.21743603,0.0050847458,2025-12-10
1.188,2.333,3.22286172,0.0016863406,2025-12-11
1.193,2.338,3.23642596,0.0042087542,2025-12-12
1.209,2.354,3.2798315,0.0134115675,2025-12-15
1.196,2.341,3.2445645,-0.0107526882,2025-12-16
1.231,2.376,3.33951413,0.029264214,2025-12-17
1.216,2.361,3.29882143,-0.0121852153,2025-12-18
1.215,2.36,3.29610858,-0.0008223684,2025-12-19
1.249,2.394,3.38834537,0.0279835391,2025-12-22
1.268,2.413,3.43988945,0.0152121697,2025-12-23
1.303,2.448,3.53483908,0.0276025237,2025-12-24
1.326,2.471,3.59723455,0.0176515733,2025-12-25
1.301,2.446,3.52941339,-0.0188536953,2025-12-26
1.293,2.438,3.50771061,-0.0061491161,2025-12-29
1.289,2.434,3.49685923,-0.0030935808,2025-12-30
1.289,2.434,3.49685923,0.0,2025-12-31
1.314,2.459,3.56468039,0.0193948798,2026-01-05
1.312,2.457,3.5592547,-0.00152207,2026-01-06
1.344,2.489,3.64606579,0.0243902439,2026-01-07
1.352,2.497,3.66776856,0.005952381,2026-01-08
1.38,2.525,3.74372827,0.0207100592,2026-01-09
1.401,2.546,3.80069804,0.0152173913,2026-01-12
1.369,2.514,3.71388695,-0.022840828,2026-01-13
1.372,2.517,3.72202549,0.0021913806,2026-01-14
1.41,2.555,3.82511366,0.027696793,2026-01-15
1.423,2.568,3.86038067,0.0092198582,2026-01-16
1.448,2.593,3.92820183,0.0175685172,2026-01-19
1.406,2.551,3.81426228,-0.0290055249,2026-01-20
1.429,2.574,3.87665775,0.0163584637,2026-01-21
1.419,2.564,3.84952928,-0.0069979006,2026-01-22
1.445,2.59,3.92006329,0.0183227625,2026-01-23
1.424,2.569,3.86309351,-0.014532872,2026-01-26
1.451,2.596,3.93634037,0.0189606742,2026-01-27
1.44,2.585,3.90649906,-0.0075809786,2026-01-28
1.403,2.548,3.80612374,-0.0256944444,2026-01-29
1.422,2.567,3.85766782,0.0135424091,2026-01-30
1.391,2.536,3.77356958,-0.0218002813,2026-02-02
1.457,2.602,3.95261745,0.0474478792,2026-02-03
1.444,2.589,3.91735045,-0.0089224434,2026-02-04
1.401,2.546,3.80069804,-0.0297783934,2026-02-05
1.398,2.543,3.7925595,-0.0021413276,2026-02-06
1.426,2.571,3.86851921,0.0200286123,2026-02-09
1.435,2.58,3.89293483,0.0063113604,2026-02-10
1.431,2.576,3.88208344,-0.0027874564,2026-02-11
1.434,2.579,3.89022198,0.0020964361,2026-02-12
1.431,2.576,3.88208344,-0.0020920502,2026-02-13
1.457,2.602,3.95261745,0.0181691125,2026-02-24
1.508,2.653,4.09097263,0.0350034317,2026-02-25
1.576,2.721,4.27544619,0.0450928382,2026-02-26
1.588,2.733,4.30800035,0.0076142132,2026-02-27
1.561,2.706,4.23475349,-0.0170025189,2026-03-02
1.455,2.6,3.94719176,-0.067905189,2026-03-03
1.446,2.591,3.92277614,-0.006185567,2026-03-04
1.448,2.593,3.92820183,0.0013831259,2026-03-05
1.454,2.599,3.94447891,0.0041436464,2026-03-06
1.425,2.57,3.86580636,-0.0199449794,2026-03-09
1.472,2.617,3.99331015,0.0329824561,2026-03-10
1.469,2.614,3.98517161,-0.0020380435,2026-03-11
1.445,2.59,3.92006329,-0.0163376447,2026-03-12
1.441,2.586,3.90921191,-0.0027681661,2026-03-13
1.444,2.589,3.91735045,0.0020818876,2026-03-16
1.405,2.55,3.81154943,-0.0270083102,2026-03-17
1.432,2.577,3.88479629,0.0192170819,2026-03-18
1.405,2.55,3.81154943,-0.0188547486,2026-03-19
1.392,2.537,3.77628242,-0.009252669,2026-03-20
1.332,2.477,3.61351163,-0.0431034483,2026-03-23
1.342,2.487,3.6406401,0.0075075075,2026-03-24
1.367,2.512,3.70846126,0.0186289121,2026-03-25
1.354,2.499,3.67319425,-0.0095098756,2026-03-26
1.367,2.512,3.70846126,0.0096011817,2026-03-27
1.364,2.509,3.70032272,-0.0021945867,2026-03-30
1.33,2.475,3.60808594,-0.0249266862,2026-03-31
1.359,2.504,3.68675849,0.0218045113,2026-04-01
1.33,2.475,3.60808594,-0.02133922,2026-04-02
1.355,2.5,3.6759071,0.0187969925,2026-04-03
1.371,2.516,3.71931265,0.0118081181,2026-04-07
1.426,2.571,3.86851921,0.0401167031,2026-04-08
1.441,2.586,3.90921191,0.0105189341,2026-04-09
1.434,2.579,3.89022198,-0.0048577377,2026-04-10
1.455,2.6,3.94719176,0.0146443515,2026-04-13
1.459,2.604,3.95804314,0.0027491409,2026-04-14
1.443,2.588,3.9146376,-0.0109664154,2026-04-15
1.483,2.628,4.02315146,0.0277200277,2026-04-16
1.541,2.686,4.18049656,0.0391099123,2026-04-17
1.535,2.68,4.16421948,-0.0038935756,2026-04-20
1.547,2.692,4.19677364,0.0078175896,2026-04-21
1.593,2.738,4.32156459,0.0297349709,2026-04-22
1.525,2.67,4.13709102,-0.0426867546,2026-04-23
1.506,2.651,4.08554693,-0.0124590164,2026-04-24
1.537,2.682,4.16964518,0.0205843293,2026-04-27
1.588,2.733,4.30800035,0.0331815224,2026-04-30
1.757,2.902,4.76647142,0.1064231738,2026-05-08
1.865,3.01,5.05945885,0.0614684121,2026-05-15
1.988,3.133,5.39313898,0.0659517426,2026-05-22
