nav,cumulative_nav_withdrawal,cumulative_nav,price_change,price_date
1.0,1.0,1.0,0.0,2015-01-21
1.0,1.0,1.0,0.0,2015-01-22
1.0,1.0,1.0,0.0,2015-01-23
1.0,1.0,1.0,0.0,2015-01-26
1.0,1.0,1.0,0.0,2015-01-27
0.977,0.977,0.977,-0.023,2015-01-28
0.972,0.972,0.972,-0.0051177073,2015-01-29
0.936,0.936,0.936,-0.037037037,2015-01-30
0.921,0.921,0.921,-0.016025641,2015-02-02
0.875,0.875,0.875,-0.0499457112,2015-02-03
0.872,0.872,0.872,-0.0034285714,2015-02-04
0.849,0.849,0.849,-0.0263761468,2015-02-05
0.854,0.854,0.854,0.0058892815,2015-02-06
0.848,0.848,0.848,-0.0070257611,2015-02-09
0.851,0.851,0.851,0.0035377358,2015-02-10
0.849,0.849,0.849,-0.0023501763,2015-02-11
0.851,0.851,0.851,0.0023557126,2015-02-12
0.885,0.885,0.885,0.0399529965,2015-02-13
0.91,0.91,0.91,0.0282485876,2015-02-16
0.916,0.916,0.916,0.0065934066,2015-02-17
0.914,0.914,0.914,-0.0021834061,2015-02-25
0.997,0.997,0.997,0.090809628,2015-02-26
1.041,1.041,1.041,0.0441323972,2015-02-27
1.117,1.117,1.117,0.0730067243,2015-03-02
1.126,1.126,1.126,0.0080572963,2015-03-03
1.057,1.057,1.057,-0.0612788632,2015-03-04
0.952,0.952,0.952,-0.0993377483,2015-03-05
0.939,0.939,0.939,-0.0136554622,2015-03-06
0.946,0.946,0.946,0.0074547391,2015-03-09
0.974,0.974,0.974,0.0295983087,2015-03-10
0.965,0.965,0.965,-0.0092402464,2015-03-11
0.968,0.968,0.968,0.0031088083,2015-03-12
0.947,0.947,0.947,-0.0216942149,2015-03-13
0.917,0.917,0.917,-0.0316789863,2015-03-16
0.91,0.91,0.91,-0.0076335878,2015-03-17
0.92,0.92,0.92,0.010989011,2015-03-18
0.888,0.888,0.888,-0.0347826087,2015-03-19
0.882,0.882,0.882,-0.0067567568,2015-03-20
0.85,0.85,0.85,-0.0362811791,2015-03-23
0.837,0.837,0.837,-0.0152941176,2015-03-24
0.839,0.839,0.839,0.0023894863,2015-03-25
0.838,0.838,0.838,-0.0011918951,2015-03-26
0.835,0.835,0.835,-0.0035799523,2015-03-27
0.851,0.851,0.851,0.0191616766,2015-03-30
0.863,0.863,0.863,0.0141010576,2015-03-31
0.858,0.858,0.858,-0.0057937428,2015-04-01
0.864,0.864,0.864,0.006993007,2015-04-02
0.861,0.861,0.861,-0.0034722222,2015-04-03
0.86,0.86,0.86,-0.0011614402,2015-04-07
0.862,0.862,0.862,0.0023255814,2015-04-08
0.857,0.857,0.857,-0.005800464,2015-04-09
0.862,0.862,0.862,0.0058343057,2015-04-10
0.864,0.864,0.864,0.0023201856,2015-04-13
0.858,0.858,0.858,-0.0069444444,2015-04-14
0.854,0.854,0.854,-0.0046620047,2015-04-15
0.86,0.86,0.86,0.0070257611,2015-04-16
0.867,0.867,0.867,0.0081395349,2015-04-17
0.867,0.867,0.867,0.0,2015-04-20
0.868,0.868,0.868,0.0011534025,2015-04-21
0.867,0.867,0.867,-0.0011520737,2015-04-22
0.871,0.871,0.871,0.0046136101,2015-04-23
0.868,0.868,0.868,-0.0034443169,2015-04-24
0.898,0.898,0.898,0.034562212,2015-04-27
0.9,0.9,0.9,0.0022271715,2015-04-28
0.878,0.878,0.878,-0.0244444444,2015-04-29
0.877,0.877,0.877,-0.0011389522,2015-04-30
0.89,0.89,0.89,0.0148232611,2015-05-04
0.881,0.881,0.881,-0.0101123596,2015-05-05
0.901,0.901,0.901,0.0227014756,2015-05-06
0.871,0.871,0.871,-0.0332963374,2015-05-07
0.848,0.848,0.848,-0.0264064294,2015-05-08
0.853,0.853,0.853,0.0058962264,2015-05-11
0.85,0.85,0.85,-0.0035169988,2015-05-12
0.848,0.848,0.848,-0.0023529412,2015-05-13
0.831,0.831,0.831,-0.0200471698,2015-05-14
0.827,0.827,0.827,-0.0048134777,2015-05-15
0.825,0.825,0.825,-0.0024183797,2015-05-18
0.823,0.823,0.823,-0.0024242424,2015-05-19
0.823,0.823,0.823,0.0,2015-05-20
0.817,0.817,0.817,-0.007290401,2015-05-21
0.817,0.817,0.817,0.0,2015-05-22
0.837,0.837,0.837,0.0244798042,2015-05-25
0.841,0.841,0.841,0.0047789725,2015-05-26
0.85,0.85,0.85,0.0107015458,2015-05-27
0.824,0.824,0.824,-0.0305882353,2015-05-28
0.819,0.819,0.819,-0.0060679612,2015-05-29
0.828,0.828,0.828,0.010989011,2015-06-01
0.829,0.829,0.829,0.0012077295,2015-06-02
0.82,0.82,0.82,-0.0108564536,2015-06-03
0.809,0.809,0.809,-0.0134146341,2015-06-04
0.806,0.806,0.806,-0.0037082818,2015-06-05
0.808,0.808,0.808,0.0024813896,2015-06-08
0.806,0.806,0.806,-0.0024752475,2015-06-09
0.806,0.806,0.806,0.0,2015-06-10
0.805,0.805,0.805,-0.0012406948,2015-06-11
0.806,0.806,0.806,0.001242236,2015-06-12
0.804,0.804,0.804,-0.0024813896,2015-06-15
0.805,0.805,0.805,0.0012437811,2015-06-16
0.803,0.803,0.803,-0.002484472,2015-06-17
0.804,0.804,0.804,0.00124533,2015-06-18
0.807,0.807,0.807,0.0037313433,2015-06-19
0.806,0.806,0.806,-0.0012391574,2015-06-23
0.805,0.805,0.805,-0.0012406948,2015-06-24
0.809,0.809,0.809,0.0049689441,2015-06-25
0.817,0.817,0.817,0.0098887515,2015-06-26
0.82,0.82,0.82,0.0036719706,2015-06-29
0.813,0.813,0.813,-0.0085365854,2015-06-30
0.815,0.815,0.815,0.0024600246,2015-07-01
0.818,0.818,0.818,0.0036809816,2015-07-02
0.819,0.819,0.819,0.0012224939,2015-07-03
0.82,0.82,0.82,0.0012210012,2015-07-06
0.828,0.828,0.828,0.0097560976,2015-07-07
0.84,0.84,0.84,0.0144927536,2015-07-08
0.836,0.836,0.836,-0.0047619048,2015-07-09
0.825,0.825,0.825,-0.0131578947,2015-07-10
0.829,0.829,0.829,0.0048484848,2015-07-13
0.833,0.833,0.833,0.0048250905,2015-07-14
0.836,0.836,0.836,0.0036014406,2015-07-15
0.836,0.836,0.836,0.0,2015-07-16
0.832,0.832,0.832,-0.004784689,2015-07-17
0.83,0.83,0.83,-0.0024038462,2015-07-20
0.828,0.828,0.828,-0.0024096386,2015-07-21
0.827,0.827,0.827,-0.0012077295,2015-07-22
0.827,0.827,0.827,0.0,2015-07-23
0.83,0.83,0.83,0.0036275695,2015-07-24
0.835,0.835,0.835,0.0060240964,2015-07-27
0.839,0.839,0.839,0.0047904192,2015-07-28
0.827,0.827,0.827,-0.0143027414,2015-07-29
0.826,0.826,0.826,-0.0012091898,2015-07-30
0.832,0.832,0.832,0.0072639225,2015-07-31
0.839,0.839,0.839,0.0084134615,2015-08-03
0.85,0.85,0.85,0.0131108462,2015-08-04
0.839,0.839,0.839,-0.0129411765,2015-08-05
0.842,0.842,0.842,0.0035756853,2015-08-06
0.846,0.846,0.846,0.0047505938,2015-08-07
0.832,0.832,0.832,-0.0165484634,2015-08-10
0.821,0.821,0.821,-0.0132211538,2015-08-11
0.816,0.816,0.816,-0.006090134,2015-08-12
0.809,0.809,0.809,-0.0085784314,2015-08-13
0.808,0.808,0.808,-0.0012360939,2015-08-14
0.796,0.796,0.796,-0.0148514851,2015-08-17
0.795,0.795,0.795,-0.0012562814,2015-08-18
0.788,0.788,0.788,-0.0088050314,2015-08-19
0.79,0.79,0.79,0.0025380711,2015-08-20
0.796,0.796,0.796,0.0075949367,2015-08-21
0.809,0.809,0.809,0.0163316583,2015-08-24
0.829,0.829,0.829,0.0247218789,2015-08-25
0.818,0.818,0.818,-0.0132689988,2015-08-26
0.812,0.812,0.812,-0.0073349633,2015-08-27
0.79,0.79,0.79,-0.0270935961,2015-08-28
0.793,0.793,0.793,0.0037974684,2015-08-31
0.795,0.795,0.795,0.0025220681,2015-09-01
0.796,0.796,0.796,0.0012578616,2015-09-02
0.794,0.794,0.794,-0.0025125628,2015-09-07
0.792,0.792,0.792,-0.0025188917,2015-09-08
0.785,0.785,0.785,-0.0088383838,2015-09-09
0.784,0.784,0.784,-0.0012738854,2015-09-10
0.782,0.782,0.782,-0.0025510204,2015-09-11
0.782,0.782,0.782,0.0,2015-09-14
0.78,0.78,0.78,-0.0025575448,2015-09-15
0.779,0.779,0.779,-0.0012820513,2015-09-16
0.777,0.777,0.777,-0.0025673941,2015-09-17
0.775,0.775,0.775,-0.0025740026,2015-09-18
0.771,0.771,0.771,-0.0051612903,2015-09-21
0.773,0.773,0.773,0.0025940337,2015-09-22
0.772,0.772,0.772,-0.0012936611,2015-09-23
0.772,0.772,0.772,0.0,2015-09-24
0.771,0.771,0.771,-0.0012953368,2015-09-25
0.775,0.775,0.775,0.0051880674,2015-09-28
0.775,0.775,0.775,0.0,2015-09-29
0.775,0.775,0.775,0.0,2015-09-30
0.764,0.764,0.764,-0.0141935484,2015-10-08
0.756,0.756,0.756,-0.0104712042,2015-10-09
0.757,0.757,0.757,0.0013227513,2015-10-12
0.751,0.751,0.751,-0.0079260238,2015-10-13
0.753,0.753,0.753,0.0026631158,2015-10-14
0.754,0.754,0.754,0.0013280212,2015-10-15
0.751,0.751,0.751,-0.0039787798,2015-10-16
0.748,0.748,0.748,-0.0039946738,2015-10-19
0.74,0.74,0.74,-0.0106951872,2015-10-20
0.743,0.743,0.743,0.0040540541,2015-10-21
0.743,0.743,0.743,0.0,2015-10-22
0.745,0.745,0.745,0.00269179,2015-10-23
0.745,0.745,0.745,0.0,2015-10-26
0.745,0.745,0.745,0.0,2015-10-27
0.746,0.746,0.746,0.0013422819,2015-10-28
0.744,0.744,0.744,-0.0026809651,2015-10-29
0.743,0.743,0.743,-0.001344086,2015-10-30
0.745,0.745,0.745,0.00269179,2015-11-02
0.749,0.749,0.749,0.0053691275,2015-11-03
0.75,0.75,0.75,0.0013351135,2015-11-04
0.749,0.749,0.749,-0.0013333333,2015-11-05
0.75,0.75,0.75,0.0013351135,2015-11-06
0.754,0.754,0.754,0.0053333333,2015-11-09
0.756,0.756,0.756,0.0026525199,2015-11-10
0.756,0.756,0.756,0.0,2015-11-11
0.758,0.758,0.758,0.0026455026,2015-11-12
0.761,0.761,0.761,0.0039577836,2015-11-13
0.761,0.761,0.761,0.0,2015-11-16
0.774,0.774,0.774,0.0170827858,2015-11-17
0.789,0.789,0.789,0.019379845,2015-11-18
0.804,0.804,0.804,0.0190114068,2015-11-19
0.81,0.81,0.81,0.0074626866,2015-11-20
0.824,0.824,0.824,0.0172839506,2015-11-23
0.831,0.831,0.831,0.0084951456,2015-11-24
0.798,0.798,0.798,-0.0397111913,2015-11-25
0.775,0.775,0.775,-0.0288220551,2015-11-26
0.779,0.779,0.779,0.0051612903,2015-11-27
0.795,0.795,0.795,0.0205391528,2015-11-30
0.79,0.79,0.79,-0.0062893082,2015-12-01
0.781,0.781,0.781,-0.0113924051,2015-12-02
0.79,0.79,0.79,0.0115236876,2015-12-03
0.787,0.787,0.787,-0.0037974684,2015-12-04
0.77,0.77,0.77,-0.0216010165,2015-12-07
0.774,0.774,0.774,0.0051948052,2015-12-08
0.773,0.773,0.773,-0.0012919897,2015-12-09
0.772,0.772,0.772,-0.0012936611,2015-12-10
0.764,0.764,0.764,-0.0103626943,2015-12-11
0.763,0.763,0.763,-0.0013089005,2015-12-14
0.757,0.757,0.757,-0.0078636959,2015-12-15
0.753,0.753,0.753,-0.0052840159,2015-12-16
0.749,0.749,0.749,-0.005312085,2015-12-17
0.748,0.748,0.748,-0.0013351135,2015-12-18
0.753,0.753,0.753,0.006684492,2015-12-21
0.757,0.757,0.757,0.005312085,2015-12-22
0.749,0.749,0.749,-0.0105680317,2015-12-23
0.754,0.754,0.754,0.0066755674,2015-12-24
0.751,0.751,0.751,-0.0039787798,2015-12-25
0.74,0.74,0.74,-0.0146471372,2015-12-28
0.74,0.74,0.74,0.0,2015-12-29
0.744,0.744,0.744,0.0054054054,2015-12-30
0.743,0.743,0.743,-0.001344086,2015-12-31
0.735,0.735,0.735,-0.0107671602,2016-01-04
0.732,0.732,0.732,-0.0040816327,2016-01-05
0.729,0.729,0.729,-0.0040983607,2016-01-06
0.732,0.732,0.732,0.0041152263,2016-01-07
0.73,0.73,0.73,-0.0027322404,2016-01-08
0.729,0.729,0.729,-0.001369863,2016-01-11
0.722,0.722,0.722,-0.0096021948,2016-01-12
0.719,0.719,0.719,-0.0041551247,2016-01-13
0.719,0.719,0.719,0.0,2016-01-14
0.718,0.718,0.718,-0.0013908206,2016-01-15
0.722,0.722,0.722,0.0055710306,2016-01-18
0.724,0.724,0.724,0.0027700831,2016-01-19
0.721,0.721,0.721,-0.0041436464,2016-01-20
0.719,0.719,0.719,-0.0027739251,2016-01-21
0.722,0.722,0.722,0.0041724618,2016-01-22
0.724,0.724,0.724,0.0027700831,2016-01-25
0.724,0.724,0.724,0.0,2016-01-26
0.731,0.731,0.731,0.0096685083,2016-01-27
0.732,0.732,0.732,0.0013679891,2016-01-28
0.721,0.721,0.721,-0.0150273224,2016-01-29
0.723,0.723,0.723,0.0027739251,2016-02-01
0.725,0.725,0.725,0.0027662517,2016-02-02
0.726,0.726,0.726,0.0013793103,2016-02-03
0.733,0.733,0.733,0.0096418733,2016-02-04
0.735,0.735,0.735,0.002728513,2016-02-05
0.747,0.747,0.747,0.0163265306,2016-02-15
0.742,0.742,0.742,-0.0066934404,2016-02-16
0.739,0.739,0.739,-0.0040431267,2016-02-17
0.739,0.739,0.739,0.0,2016-02-18
0.748,0.748,0.748,0.0121786198,2016-02-19
0.767,0.767,0.767,0.0254010695,2016-02-22
0.766,0.766,0.766,-0.001303781,2016-02-23
0.765,0.765,0.765,-0.001305483,2016-02-24
0.778,0.778,0.778,0.0169934641,2016-02-25
0.762,0.762,0.762,-0.0205655527,2016-02-26
0.767,0.767,0.767,0.0065616798,2016-02-29
0.78,0.78,0.78,0.0169491525,2016-03-01
0.785,0.785,0.785,0.0064102564,2016-03-02
0.788,0.788,0.788,0.0038216561,2016-03-03
0.799,0.799,0.799,0.0139593909,2016-03-04
0.821,0.821,0.821,0.027534418,2016-03-07
0.842,0.842,0.842,0.0255785627,2016-03-08
0.816,0.816,0.816,-0.0308788599,2016-03-09
0.833,0.833,0.833,0.0208333333,2016-03-10
0.82,0.82,0.82,-0.0156062425,2016-03-11
0.823,0.823,0.823,0.0036585366,2016-03-14
0.801,0.801,0.801,-0.0267314702,2016-03-15
0.803,0.803,0.803,0.0024968789,2016-03-16
0.818,0.818,0.818,0.0186799502,2016-03-17
0.846,0.846,0.846,0.0342298289,2016-03-18
0.85,0.85,0.85,0.0047281324,2016-03-21
0.85,0.85,0.85,0.0,2016-03-22
0.857,0.857,0.857,0.0082352941,2016-03-23
0.824,0.824,0.824,-0.0385064177,2016-03-24
0.831,0.831,0.831,0.0084951456,2016-03-25
0.844,0.844,0.844,0.0156438026,2016-03-28
0.832,0.832,0.832,-0.0142180095,2016-03-29
0.826,0.826,0.826,-0.0072115385,2016-03-30
0.82,0.82,0.82,-0.0072639225,2016-03-31
0.833,0.833,0.833,0.0158536585,2016-04-01
0.844,0.844,0.844,0.0132052821,2016-04-05
0.837,0.837,0.837,-0.0082938389,2016-04-06
0.832,0.832,0.832,-0.0059737157,2016-04-07
0.826,0.826,0.826,-0.0072115385,2016-04-08
0.839,0.839,0.839,0.0157384988,2016-04-11
0.851,0.851,0.851,0.0143027414,2016-04-12
0.879,0.879,0.879,0.0329024677,2016-04-13
0.878,0.878,0.878,-0.0011376564,2016-04-14
0.879,0.879,0.879,0.0011389522,2016-04-15
0.88,0.88,0.88,0.0011376564,2016-04-18
0.913,0.913,0.913,0.0375,2016-04-19
0.96,0.96,0.96,0.0514786418,2016-04-20
1.012,1.012,1.012,0.0541666667,2016-04-21
1.009,1.009,1.009,-0.0029644269,2016-04-22
1.011,1.011,1.011,0.0019821606,2016-04-25
1.017,1.017,1.017,0.0059347181,2016-04-26
1.001,1.001,1.001,-0.0157325467,2016-04-27
0.967,0.967,0.967,-0.033966034,2016-04-28
0.988,0.988,0.988,0.0217166494,2016-04-29
0.992,0.992,0.992,0.004048583,2016-05-03
0.98,0.98,0.98,-0.0120967742,2016-05-04
0.966,0.966,0.966,-0.0142857143,2016-05-05
0.94,0.94,0.94,-0.0269151139,2016-05-06
0.928,0.928,0.928,-0.0127659574,2016-05-09
0.933,0.933,0.933,0.005387931,2016-05-10
0.937,0.937,0.937,0.0042872454,2016-05-11
0.948,0.948,0.948,0.0117395945,2016-05-12
0.949,0.949,0.949,0.0010548523,2016-05-13
0.944,0.944,0.944,-0.0052687039,2016-05-16
0.938,0.938,0.938,-0.0063559322,2016-05-17
0.943,0.943,0.943,0.0053304904,2016-05-18
0.944,0.944,0.944,0.0010604454,2016-05-19
0.948,0.948,0.948,0.0042372881,2016-05-20
0.967,0.967,0.967,0.0200421941,2016-05-23
0.963,0.963,0.963,-0.0041365047,2016-05-24
0.956,0.956,0.956,-0.0072689512,2016-05-25
0.961,0.961,0.961,0.0052301255,2016-05-26
0.955,0.955,0.955,-0.0062434964,2016-05-27
0.959,0.959,0.959,0.0041884817,2016-05-30
0.949,0.949,0.949,-0.0104275287,2016-05-31
0.958,0.958,0.958,0.009483667,2016-06-01
0.964,0.964,0.964,0.006263048,2016-06-02
0.96,0.96,0.96,-0.0041493776,2016-06-03
0.939,0.939,0.939,-0.021875,2016-06-06
0.941,0.941,0.941,0.0021299255,2016-06-07
0.941,0.941,0.941,0.0,2016-06-08
0.968,0.968,0.968,0.0286928799,2016-06-13
0.966,0.966,0.966,-0.0020661157,2016-06-14
0.95,0.95,0.95,-0.016563147,2016-06-15
0.954,0.954,0.954,0.0042105263,2016-06-16
0.926,0.926,0.926,-0.0293501048,2016-06-17
0.963,0.963,0.963,0.0399568035,2016-06-20
0.976,0.976,0.976,0.0134994808,2016-06-21
0.962,0.962,0.962,-0.0143442623,2016-06-22
0.978,0.978,0.978,0.0166320166,2016-06-23
0.971,0.971,0.971,-0.0071574642,2016-06-24
0.996,0.996,0.996,0.0257466529,2016-06-27
1.033,1.033,1.033,0.0371485944,2016-06-28
1.056,1.056,1.056,0.0222652469,2016-06-29
1.082,1.082,1.082,0.0246212121,2016-06-30
1.1,1.1,1.1,0.0166358595,2016-07-01
1.174,1.174,1.174,0.0672727273,2016-07-04
1.158,1.158,1.158,-0.0136286201,2016-07-05
1.111,1.111,1.111,-0.0405872193,2016-07-06
1.098,1.098,1.098,-0.0117011701,2016-07-07
1.051,1.051,1.051,-0.0428051002,2016-07-08
1.064,1.064,1.064,0.0123691722,2016-07-11
1.078,1.078,1.078,0.0131578947,2016-07-12
1.085,1.085,1.085,0.0064935065,2016-07-13
1.083,1.083,1.083,-0.001843318,2016-07-14
1.08,1.08,1.08,-0.0027700831,2016-07-15
1.066,1.066,1.066,-0.012962963,2016-07-18
1.066,1.066,1.066,0.0,2016-07-19
1.064,1.064,1.064,-0.0018761726,2016-07-20
1.053,1.053,1.053,-0.0103383459,2016-07-21
1.055,1.055,1.055,0.0018993352,2016-07-22
1.043,1.043,1.043,-0.0113744076,2016-07-25
1.036,1.036,1.036,-0.0067114094,2016-07-26
1.04,1.04,1.04,0.0038610039,2016-07-27
1.036,1.036,1.036,-0.0038461538,2016-07-28
1.04,1.04,1.04,0.0038610039,2016-07-29
1.039,1.039,1.039,-0.0009615385,2016-08-01
1.049,1.049,1.049,0.0096246391,2016-08-02
1.058,1.058,1.058,0.0085795996,2016-08-03
1.038,1.038,1.038,-0.0189035917,2016-08-04
1.036,1.036,1.036,-0.0019267823,2016-08-05
1.033,1.033,1.033,-0.0028957529,2016-08-08
1.041,1.041,1.041,0.0077444337,2016-08-09
1.048,1.048,1.048,0.0067243036,2016-08-10
1.05,1.05,1.05,0.0019083969,2016-08-11
1.042,1.042,1.042,-0.0076190476,2016-08-12
1.02,1.02,1.02,-0.0211132438,2016-08-15
1.029,1.029,1.029,0.0088235294,2016-08-16
1.033,1.033,1.033,0.0038872692,2016-08-17
1.028,1.028,1.028,-0.0048402711,2016-08-18
1.012,1.012,1.012,-0.0155642023,2016-08-19
1.007,1.007,1.007,-0.0049407115,2016-08-22
1.006,1.006,1.006,-0.0009930487,2016-08-23
1.012,1.012,1.012,0.0059642147,2016-08-24
1.0,1.0,1.0,-0.0118577075,2016-08-25
1.002,1.002,1.002,0.002,2016-08-26
0.992,0.992,0.992,-0.0099800399,2016-08-29
0.99,0.99,0.99,-0.002016129,2016-08-30
1.001,1.001,1.001,0.0111111111,2016-08-31
1.008,1.008,1.008,0.006993007,2016-09-01
0.99,0.99,0.99,-0.0178571429,2016-09-02
0.991,0.991,0.991,0.001010101,2016-09-05
0.988,0.988,0.988,-0.0030272452,2016-09-06
0.976,0.976,0.976,-0.012145749,2016-09-07
0.966,0.966,0.966,-0.0102459016,2016-09-08
0.965,0.965,0.965,-0.0010351967,2016-09-09
0.95,0.95,0.95,-0.0155440415,2016-09-12
0.947,0.947,0.947,-0.0031578947,2016-09-13
0.943,0.943,0.943,-0.0042238648,2016-09-14
0.951,0.951,0.951,0.0084835631,2016-09-19
0.947,0.947,0.947,-0.0042060988,2016-09-20
0.947,0.947,0.947,0.0,2016-09-21
0.938,0.938,0.938,-0.0095036959,2016-09-22
0.94,0.94,0.94,0.0021321962,2016-09-23
0.944,0.944,0.944,0.0042553191,2016-09-26
0.948,0.948,0.948,0.0042372881,2016-09-27
0.945,0.945,0.945,-0.003164557,2016-09-28
0.949,0.949,0.949,0.0042328042,2016-09-29
0.938,0.938,0.938,-0.0115911486,2016-09-30
0.924,0.924,0.924,-0.0149253731,2016-10-10
0.926,0.926,0.926,0.0021645022,2016-10-11
0.92,0.92,0.92,-0.0064794816,2016-10-12
0.931,0.931,0.931,0.0119565217,2016-10-13
0.943,0.943,0.943,0.0128893663,2016-10-14
0.952,0.952,0.952,0.0095440085,2016-10-17
0.956,0.956,0.956,0.0042016807,2016-10-18
0.969,0.969,0.969,0.0135983264,2016-10-19
0.973,0.973,0.973,0.004127967,2016-10-20
0.963,0.963,0.963,-0.0102774923,2016-10-21
0.987,0.987,0.987,0.0249221184,2016-10-24
1.033,1.033,1.033,0.0466058764,2016-10-25
1.044,1.044,1.044,0.0106485963,2016-10-26
1.034,1.034,1.034,-0.0095785441,2016-10-27
1.054,1.054,1.054,0.0193423598,2016-10-28
1.077,1.077,1.077,0.0218216319,2016-10-31
1.093,1.093,1.093,0.0148560817,2016-11-01
1.078,1.078,1.078,-0.0137236962,2016-11-02
1.066,1.066,1.066,-0.0111317254,2016-11-03
1.089,1.089,1.089,0.021575985,2016-11-04
1.099,1.099,1.099,0.0091827365,2016-11-07
1.107,1.107,1.107,0.0072793449,2016-11-08
1.138,1.138,1.138,0.0280036134,2016-11-09
1.174,1.174,1.174,0.0316344464,2016-11-10
1.234,1.234,1.234,0.0511073254,2016-11-11
1.195,1.195,1.195,-0.0316045381,2016-11-14
1.162,1.162,1.162,-0.0276150628,2016-11-15
1.133,1.133,1.133,-0.0249569707,2016-11-16
1.12,1.12,1.12,-0.0114739629,2016-11-17
1.115,1.115,1.115,-0.0044642857,2016-11-18
1.123,1.123,1.123,0.0071748879,2016-11-21
1.155,1.155,1.155,0.0284951024,2016-11-22
1.177,1.177,1.177,0.019047619,2016-11-23
1.206,1.206,1.206,0.0246389125,2016-11-24
1.217,1.217,1.217,0.0091210614,2016-11-25
1.25,1.25,1.25,0.0271158587,2016-11-28
1.262,1.262,1.262,0.0096,2016-11-29
1.203,1.203,1.203,-0.0467511886,2016-11-30
1.211,1.211,1.211,0.0066500416,2016-12-01
1.199,1.199,1.199,-0.009909166,2016-12-02
1.209,1.209,1.209,0.0083402836,2016-12-05
1.227,1.227,1.227,0.0148883375,2016-12-06
1.242,1.242,1.242,0.0122249389,2016-12-07
1.239,1.239,1.239,-0.0024154589,2016-12-08
1.219,1.219,1.219,-0.01614205,2016-12-09
1.243,1.243,1.243,0.0196882691,2016-12-12
1.243,1.243,1.243,0.0,2016-12-13
1.228,1.228,1.228,-0.0120675784,2016-12-14
1.221,1.221,1.221,-0.0057003257,2016-12-15
1.218,1.218,1.218,-0.0024570025,2016-12-16
1.21,1.21,1.21,-0.0065681445,2016-12-19
1.194,1.194,1.194,-0.0132231405,2016-12-20
1.193,1.193,1.193,-0.0008375209,2016-12-21
1.186,1.186,1.186,-0.0058675608,2016-12-22
1.181,1.181,1.181,-0.0042158516,2016-12-23
1.183,1.183,1.183,0.0016934801,2016-12-26
1.185,1.185,1.185,0.0016906171,2016-12-27
1.179,1.179,1.179,-0.0050632911,2016-12-28
1.18,1.18,1.18,0.0008481764,2016-12-29
1.18,1.18,1.18,0.0,2016-12-30
1.177,1.177,1.177,-0.0025423729,2017-01-03
1.173,1.173,1.173,-0.0033984707,2017-01-04
1.169,1.169,1.169,-0.0034100597,2017-01-05
1.17,1.17,1.17,0.000855432,2017-01-06
1.17,1.17,1.17,0.0,2017-01-09
1.168,1.168,1.168,-0.0017094017,2017-01-10
1.167,1.167,1.167,-0.0008561644,2017-01-11
1.166,1.166,1.166,-0.000856898,2017-01-12
1.172,1.172,1.172,0.0051457976,2017-01-13
1.177,1.177,1.177,0.0042662116,2017-01-16
1.178,1.178,1.178,0.0008496177,2017-01-17
1.18,1.18,1.18,0.0016977929,2017-01-18
1.176,1.176,1.176,-0.0033898305,2017-01-19
1.175,1.175,1.175,-0.0008503401,2017-01-20
1.177,1.177,1.177,0.0017021277,2017-01-23
1.187,1.187,1.187,0.0084961767,2017-01-24
1.187,1.187,1.187,0.0,2017-01-25
1.176,1.176,1.176,-0.0092670598,2017-01-26
1.17,1.17,1.17,-0.0051020408,2017-02-03
1.178,1.178,1.178,0.0068376068,2017-02-06
1.174,1.174,1.174,-0.0033955857,2017-02-07
1.179,1.179,1.179,0.0042589438,2017-02-08
1.188,1.188,1.188,0.0076335878,2017-02-09
1.187,1.187,1.187,-0.0008417508,2017-02-10
1.211,1.211,1.211,0.0202190396,2017-02-13
1.213,1.213,1.213,0.0016515277,2017-02-14
1.205,1.205,1.205,-0.0065952185,2017-02-15
1.2,1.2,1.2,-0.0041493776,2017-02-16
1.179,1.179,1.179,-0.0175,2017-02-17
1.169,1.169,1.169,-0.0084817642,2017-02-20
1.176,1.176,1.176,0.005988024,2017-02-21
1.17,1.17,1.17,-0.0051020408,2017-02-22
1.165,1.165,1.165,-0.0042735043,2017-02-23
1.158,1.158,1.158,-0.0060085837,2017-02-24
1.155,1.155,1.155,-0.0025906736,2017-02-27
1.158,1.158,1.158,0.0025974026,2017-02-28
1.155,1.155,1.155,-0.0025906736,2017-03-01
1.157,1.157,1.157,0.0017316017,2017-03-02
1.142,1.142,1.142,-0.0129645635,2017-03-03
1.144,1.144,1.144,0.0017513135,2017-03-06
1.145,1.145,1.145,0.0008741259,2017-03-07
1.14,1.14,1.14,-0.0043668122,2017-03-08
1.152,1.152,1.152,0.0105263158,2017-03-09
1.152,1.152,1.152,0.0,2017-03-10
1.154,1.154,1.154,0.0017361111,2017-03-13
1.147,1.147,1.147,-0.0060658579,2017-03-14
1.146,1.146,1.146,-0.0008718396,2017-03-15
1.137,1.137,1.137,-0.0078534031,2017-03-16
1.131,1.131,1.131,-0.0052770449,2017-03-17
1.136,1.136,1.136,0.0044208665,2017-03-20
1.138,1.138,1.138,0.0017605634,2017-03-21
1.149,1.149,1.149,0.0096660808,2017-03-22
1.151,1.151,1.151,0.001740644,2017-03-23
1.151,1.151,1.151,0.0,2017-03-24
1.159,1.159,1.159,0.0069504778,2017-03-27
1.154,1.154,1.154,-0.0043140638,2017-03-28
1.144,1.144,1.144,-0.0086655113,2017-03-29
1.141,1.141,1.141,-0.0026223776,2017-03-30
1.141,1.141,1.141,0.0,2017-03-31
1.135,1.135,1.135,-0.0052585451,2017-04-05
1.132,1.132,1.132,-0.0026431718,2017-04-06
1.144,1.144,1.144,0.0106007067,2017-04-07
1.139,1.139,1.139,-0.0043706294,2017-04-10
1.138,1.138,1.138,-0.0008779631,2017-04-11
1.15,1.15,1.15,0.0105448155,2017-04-12
1.155,1.155,1.155,0.0043478261,2017-04-13
1.159,1.159,1.159,0.0034632035,2017-04-14
1.155,1.155,1.155,-0.0034512511,2017-04-17
1.157,1.157,1.157,0.0017316017,2017-04-18
1.169,1.169,1.169,0.0103716508,2017-04-19
1.165,1.165,1.165,-0.003421728,2017-04-20
1.153,1.153,1.153,-0.0103004292,2017-04-21
1.154,1.154,1.154,0.0008673027,2017-04-24
1.158,1.158,1.158,0.0034662045,2017-04-25
1.154,1.154,1.154,-0.0034542314,2017-04-26
1.153,1.153,1.153,-0.0008665511,2017-04-27
1.136,1.136,1.136,-0.0147441457,2017-04-28
1.129,1.129,1.129,-0.0061619718,2017-05-02
1.13,1.13,1.13,0.0008857396,2017-05-03
1.13,1.13,1.13,0.0,2017-05-04
1.13,1.13,1.13,0.0,2017-05-05
1.113,1.113,1.113,-0.0150442478,2017-05-08
1.115,1.115,1.115,0.0017969452,2017-05-09
1.114,1.114,1.114,-0.000896861,2017-05-10
1.11,1.11,1.11,-0.0035906643,2017-05-11
1.106,1.106,1.106,-0.0036036036,2017-05-12
1.097,1.097,1.097,-0.0081374322,2017-05-15
1.096,1.096,1.096,-0.000911577,2017-05-16
1.091,1.091,1.091,-0.0045620438,2017-05-17
1.094,1.094,1.094,0.0027497709,2017-05-18
1.094,1.094,1.094,0.0,2017-05-19
1.096,1.096,1.096,0.0018281536,2017-05-22
1.09,1.09,1.09,-0.0054744526,2017-05-23
1.065,1.065,1.065,-0.0229357798,2017-05-24
1.065,1.065,1.065,0.0,2017-05-25
1.053,1.053,1.053,-0.0112676056,2017-05-26
1.057,1.057,1.057,0.0037986705,2017-05-31
1.069,1.069,1.069,0.0113528855,2017-06-01
1.072,1.072,1.072,0.0028063611,2017-06-02
1.065,1.065,1.065,-0.0065298507,2017-06-05
1.07,1.07,1.07,0.0046948357,2017-06-06
1.064,1.064,1.064,-0.0056074766,2017-06-07
1.068,1.068,1.068,0.0037593985,2017-06-08
1.06,1.06,1.06,-0.0074906367,2017-06-09
1.051,1.051,1.051,-0.008490566,2017-06-12
1.056,1.056,1.056,0.0047573739,2017-06-13
1.053,1.053,1.053,-0.0028409091,2017-06-14
1.047,1.047,1.047,-0.0056980057,2017-06-15
1.058,1.058,1.058,0.0105062082,2017-06-16
1.07,1.07,1.07,0.011342155,2017-06-19
1.067,1.067,1.067,-0.0028037383,2017-06-20
1.069,1.069,1.069,0.0018744142,2017-06-21
1.059,1.059,1.059,-0.009354537,2017-06-22
1.047,1.047,1.047,-0.0113314448,2017-06-23
1.042,1.042,1.042,-0.0047755492,2017-06-26
1.049,1.049,1.049,0.0067178503,2017-06-27
1.046,1.046,1.046,-0.0028598665,2017-06-28
1.05,1.05,1.05,0.0038240918,2017-06-29
1.05,1.05,1.05,0.0,2017-06-30
1.054,1.054,1.054,0.0038095238,2017-07-03
1.035,1.035,1.035,-0.0180265655,2017-07-04
1.045,1.045,1.045,0.0096618357,2017-07-05
1.035,1.035,1.035,-0.009569378,2017-07-06
1.038,1.038,1.038,0.0028985507,2017-07-07
1.057,1.057,1.057,0.0183044316,2017-07-10
1.08,1.08,1.08,0.0217596973,2017-07-11
1.089,1.089,1.089,0.0083333333,2017-07-12
1.075,1.075,1.075,-0.012855831,2017-07-13
1.058,1.058,1.058,-0.0158139535,2017-07-14
1.076,1.076,1.076,0.0170132325,2017-07-17
1.1,1.1,1.1,0.0223048327,2017-07-18
1.115,1.115,1.115,0.0136363636,2017-07-19
1.132,1.132,1.132,0.0152466368,2017-07-20
1.115,1.115,1.115,-0.0150176678,2017-07-21
1.09,1.09,1.09,-0.0224215247,2017-07-24
1.114,1.114,1.114,0.0220183486,2017-07-25
1.131,1.131,1.131,0.0152603232,2017-07-26
1.116,1.116,1.116,-0.0132625995,2017-07-27
1.107,1.107,1.107,-0.0080645161,2017-07-28
1.134,1.134,1.134,0.0243902439,2017-07-31
1.153,1.153,1.153,0.0167548501,2017-08-01
1.136,1.136,1.136,-0.0147441457,2017-08-02
1.129,1.129,1.129,-0.0061619718,2017-08-03
1.127,1.127,1.127,-0.0017714792,2017-08-04
1.143,1.143,1.143,0.0141969831,2017-08-07
1.163,1.163,1.163,0.0174978128,2017-08-08
1.199,1.199,1.199,0.0309544282,2017-08-09
1.212,1.212,1.212,0.0108423686,2017-08-10
1.169,1.169,1.169,-0.0354785479,2017-08-11
1.152,1.152,1.152,-0.0145423439,2017-08-14
1.129,1.129,1.129,-0.0199652778,2017-08-15
1.124,1.124,1.124,-0.004428698,2017-08-16
1.186,1.186,1.186,0.0551601423,2017-08-17
1.201,1.201,1.201,0.0126475548,2017-08-18
1.238,1.238,1.238,0.0308076603,2017-08-21
1.251,1.251,1.251,0.0105008078,2017-08-22
1.234,1.234,1.234,-0.0135891287,2017-08-23
1.247,1.247,1.247,0.010534846,2017-08-24
1.272,1.272,1.272,0.0200481155,2017-08-25
1.248,1.248,1.248,-0.0188679245,2017-08-28
1.25,1.25,1.25,0.0016025641,2017-08-29
1.236,1.236,1.236,-0.0112,2017-08-30
1.238,1.238,1.238,0.001618123,2017-08-31
1.272,1.272,1.272,0.0274636511,2017-09-01
1.305,1.305,1.305,0.0259433962,2017-09-04
1.293,1.293,1.293,-0.0091954023,2017-09-05
1.28,1.28,1.28,-0.0100541377,2017-09-06
1.253,1.253,1.253,-0.02109375,2017-09-07
1.233,1.233,1.233,-0.0159616919,2017-09-08
1.231,1.231,1.231,-0.00162206,2017-09-11
1.245,1.245,1.245,0.0113728676,2017-09-12
1.248,1.248,1.248,0.0024096386,2017-09-13
1.231,1.231,1.231,-0.0136217949,2017-09-14
1.232,1.232,1.232,0.0008123477,2017-09-15
1.228,1.228,1.228,-0.0032467532,2017-09-18
1.227,1.227,1.227,-0.0008143322,2017-09-19
1.231,1.231,1.231,0.0032599837,2017-09-20
1.234,1.234,1.234,0.0024370431,2017-09-21
1.236,1.236,1.236,0.0016207455,2017-09-22
1.235,1.235,1.235,-0.0008090615,2017-09-25
1.232,1.232,1.232,-0.0024291498,2017-09-26
1.23,1.23,1.23,-0.0016233766,2017-09-27
1.24,1.24,1.24,0.0081300813,2017-09-28
1.222,1.222,1.222,-0.014516129,2017-09-29
1.231,1.231,1.231,0.0073649755,2017-10-09
1.225,1.225,1.225,-0.0048740861,2017-10-10
1.225,1.225,1.225,0.0,2017-10-11
1.23,1.23,1.23,0.0040816327,2017-10-12
1.216,1.216,1.216,-0.0113821138,2017-10-13
1.21,1.21,1.21,-0.0049342105,2017-10-16
1.212,1.212,1.212,0.0016528926,2017-10-17
1.21,1.21,1.21,-0.001650165,2017-10-18
1.21,1.21,1.21,0.0,2017-10-19
1.213,1.213,1.213,0.0024793388,2017-10-20
1.216,1.216,1.216,0.0024732069,2017-10-23
1.218,1.218,1.218,0.0016447368,2017-10-24
1.217,1.217,1.217,-0.0008210181,2017-10-25
1.214,1.214,1.214,-0.0024650781,2017-10-26
1.194,1.194,1.194,-0.0164744646,2017-10-27
1.185,1.185,1.185,-0.0075376884,2017-10-30
1.183,1.183,1.183,-0.0016877637,2017-10-31
1.183,1.183,1.183,0.0,2017-11-01
1.184,1.184,1.184,0.0008453085,2017-11-02
1.178,1.178,1.178,-0.0050675676,2017-11-03
1.182,1.182,1.182,0.0033955857,2017-11-06
1.184,1.184,1.184,0.0016920474,2017-11-07
1.181,1.181,1.181,-0.0025337838,2017-11-08
1.182,1.182,1.182,0.0008467401,2017-11-09
1.179,1.179,1.179,-0.0025380711,2017-11-10
1.177,1.177,1.177,-0.0016963528,2017-11-13
1.172,1.172,1.172,-0.0042480884,2017-11-14
1.151,1.151,1.151,-0.0179180887,2017-11-15
1.147,1.147,1.147,-0.0034752389,2017-11-16
1.14,1.14,1.14,-0.0061028771,2017-11-17
1.146,1.146,1.146,0.0052631579,2017-11-20
1.153,1.153,1.153,0.0061082024,2017-11-21
1.16,1.16,1.16,0.0060711188,2017-11-22
1.165,1.165,1.165,0.0043103448,2017-11-23
1.172,1.172,1.172,0.0060085837,2017-11-24
1.166,1.166,1.166,-0.0051194539,2017-11-27
1.159,1.159,1.159,-0.0060034305,2017-11-28
1.157,1.157,1.157,-0.0017256255,2017-11-29
1.166,1.166,1.166,0.0077787381,2017-11-30
1.165,1.165,1.165,-0.0008576329,2017-12-01
1.203,1.203,1.203,0.0326180258,2017-12-04
1.202,1.202,1.202,-0.0008312552,2017-12-05
1.171,1.171,1.171,-0.0257903494,2017-12-06
1.086,1.086,1.086,-0.072587532,2017-12-07
1.051,1.051,1.051,-0.032228361,2017-12-08
1.052,1.052,1.052,0.0009514748,2017-12-11
1.049,1.049,1.049,-0.002851711,2017-12-12
1.049,1.049,1.049,0.0,2017-12-13
1.049,1.049,1.049,0.0,2017-12-14
1.048,1.048,1.048,-0.0009532888,2017-12-15
1.047,1.047,1.047,-0.0009541985,2017-12-18
1.051,1.051,1.051,0.0038204394,2017-12-19
1.048,1.048,1.048,-0.0028544244,2017-12-20
1.049,1.049,1.049,0.0009541985,2017-12-21
1.05,1.05,1.05,0.0009532888,2017-12-22
1.05,1.05,1.05,0.0,2017-12-25
1.052,1.052,1.052,0.0019047619,2017-12-26
1.057,1.057,1.057,0.0047528517,2017-12-27
1.061,1.061,1.061,0.0037842952,2017-12-28
1.058,1.058,1.058,-0.0028275212,2017-12-29
1.061,1.061,1.061,0.0028355388,2018-01-02
1.065,1.065,1.065,0.0037700283,2018-01-03
1.065,1.065,1.065,0.0,2018-01-04
1.07,1.07,1.07,0.0046948357,2018-01-05
1.069,1.069,1.069,-0.0009345794,2018-01-08
1.067,1.067,1.067,-0.0018709074,2018-01-09
1.067,1.067,1.067,0.0,2018-01-10
1.073,1.073,1.073,0.0056232427,2018-01-11
1.071,1.071,1.071,-0.0018639329,2018-01-12
1.4834,1.4834,1.4834,0.3850606909,2018-01-15
1.4857,1.4857,1.4857,0.0015504921,2018-01-16
1.4699,1.4699,1.4699,-0.0106347176,2018-01-17
1.4683,1.4683,1.4683,-0.0010885094,2018-01-18
1.4637,1.4637,1.4637,-0.0031328748,2018-01-19
1.4687,1.4687,1.4687,0.0034160005,2018-01-22
1.4734,1.4734,1.4734,0.0032001089,2018-01-23
1.4723,1.4723,1.4723,-0.0007465726,2018-01-24
1.4727,1.4727,1.4727,0.0002716838,2018-01-25
1.4754,1.4754,1.4754,0.0018333673,2018-01-26
1.4708,1.4708,1.4708,-0.0031177986,2018-01-29
1.462,1.462,1.462,-0.0059831384,2018-01-30
1.4519,1.4519,1.4519,-0.0069083447,2018-01-31
1.428,1.428,1.428,-0.0164611888,2018-02-01
1.4166,1.4166,1.4166,-0.0079831933,2018-02-02
1.3851,1.3851,1.3851,-0.0222363405,2018-02-05
1.38,1.38,1.38,-0.0036820446,2018-02-06
1.373,1.373,1.373,-0.0050724638,2018-02-07
1.368,1.368,1.368,-0.0036416606,2018-02-08
1.363,1.363,1.363,-0.0036549708,2018-02-09
1.3636,1.3636,1.3636,0.0004402054,2018-02-12
1.3644,1.3644,1.3644,0.0005866823,2018-02-13
1.3636,1.3636,1.3636,-0.0005863383,2018-02-14
1.3692,1.3692,1.3692,0.0041067762,2018-02-22
1.377,1.377,1.377,0.0056967572,2018-02-23
1.3824,1.3824,1.3824,0.0039215686,2018-02-26
1.3852,1.3852,1.3852,0.002025463,2018-02-27
1.3803,1.3803,1.3803,-0.0035373953,2018-02-28
1.3895,1.3895,1.3895,0.0066652177,2018-03-01
1.3946,1.3946,1.3946,0.003670385,2018-03-02
1.3973,1.3973,1.3973,0.001936039,2018-03-05
1.3994,1.3994,1.3994,0.0015028984,2018-03-06
1.3992,1.3992,1.3992,-0.0001429184,2018-03-07
1.3918,1.3918,1.3918,-0.0052887364,2018-03-08
1.385,1.385,1.385,-0.0048857594,2018-03-09
1.375,1.375,1.375,-0.0072202166,2018-03-12
1.3744,1.3744,1.3744,-0.0004363636,2018-03-13
1.3763,1.3763,1.3763,0.0013824214,2018-03-14
1.3706,1.3706,1.3706,-0.0041415389,2018-03-15
1.3769,1.3769,1.3769,0.0045965271,2018-03-16
1.3774,1.3774,1.3774,0.0003631346,2018-03-19
1.3726,1.3726,1.3726,-0.0034848265,2018-03-20
1.3677,1.3677,1.3677,-0.0035698674,2018-03-21
1.3734,1.3734,1.3734,0.0041675806,2018-03-22
1.3716,1.3716,1.3716,-0.001310616,2018-03-23
1.3772,1.3772,1.3772,0.004082823,2018-03-26
1.379,1.379,1.379,0.0013069997,2018-03-27
1.3638,1.3638,1.3638,-0.0110224801,2018-03-28
1.3484,1.3484,1.3484,-0.0112919783,2018-03-29
1.3694,1.3694,1.3694,0.0155740136,2018-03-30
1.3713,1.3713,1.3713,0.001387469,2018-04-02
1.3705,1.3705,1.3705,-0.000583388,2018-04-03
1.3845,1.3845,1.3845,0.0102152499,2018-04-04
1.4703,1.4703,1.4703,0.061971831,2018-04-09
1.022,1.022,1.022,-0.3049037611,2018-04-10
1.011,1.011,1.011,-0.0107632094,2018-04-11
1.005,1.005,1.005,-0.0059347181,2018-04-12
1.003,1.003,1.003,-0.0019900498,2018-04-13
0.998,0.998,0.998,-0.0049850449,2018-04-16
0.993,0.993,0.993,-0.00501002,2018-04-17
0.996,0.996,0.996,0.003021148,2018-04-18
1.01,1.01,1.01,0.0140562249,2018-04-19
0.999,0.999,0.999,-0.0108910891,2018-04-20
0.999,0.999,0.999,0.0,2018-04-23
0.981,0.981,0.981,-0.018018018,2018-04-24
0.977,0.977,0.977,-0.004077472,2018-04-25
0.976,0.976,0.976,-0.0010235415,2018-04-26
0.975,0.975,0.975,-0.0010245902,2018-04-27
0.976,0.976,0.976,0.001025641,2018-05-02
0.98,0.98,0.98,0.0040983607,2018-05-03
0.984,0.984,0.984,0.0040816327,2018-05-04
0.99,0.99,0.99,0.006097561,2018-05-07
0.992,0.992,0.992,0.002020202,2018-05-08
0.987,0.987,0.987,-0.0050403226,2018-05-09
0.991,0.991,0.991,0.0040526849,2018-05-10
1.002,1.002,1.002,0.0110998991,2018-05-11
1.014,1.014,1.014,0.0119760479,2018-05-14
1.021,1.021,1.021,0.0069033531,2018-05-15
1.035,1.035,1.035,0.013712047,2018-05-16
1.032,1.032,1.032,-0.0028985507,2018-05-17
1.057,1.057,1.057,0.0242248062,2018-05-18
1.058,1.058,1.058,0.0009460738,2018-05-21
1.065,1.065,1.065,0.0066162571,2018-05-22
1.051,1.051,1.051,-0.0131455399,2018-05-23
1.041,1.041,1.041,-0.0095147479,2018-05-24
1.045,1.045,1.045,0.0038424592,2018-05-25
1.028,1.028,1.028,-0.0162679426,2018-05-28
1.031,1.031,1.031,0.0029182879,2018-05-29
1.044,1.044,1.044,0.0126091174,2018-05-30
1.043,1.043,1.043,-0.0009578544,2018-05-31
1.046,1.046,1.046,0.0028763183,2018-06-01
1.051,1.051,1.051,0.0047801147,2018-06-04
1.019,1.019,1.019,-0.0304471931,2018-06-05
1.019,1.019,1.019,0.0,2018-06-06
1.018,1.018,1.018,-0.0009813543,2018-06-07
1.013,1.013,1.013,-0.0049115914,2018-06-08
1.017,1.017,1.017,0.0039486673,2018-06-11
1.015,1.015,1.015,-0.0019665683,2018-06-12
1.013,1.013,1.013,-0.0019704433,2018-06-13
1.018,1.018,1.018,0.0049358342,2018-06-14
1.022,1.022,1.022,0.0039292731,2018-06-15
1.001,1.001,1.001,-0.0205479452,2018-06-19
0.992,0.992,0.992,-0.008991009,2018-06-20
0.984,0.984,0.984,-0.0080645161,2018-06-21
0.978,0.978,0.978,-0.006097561,2018-06-22
0.975,0.975,0.975,-0.0030674847,2018-06-25
0.974,0.974,0.974,-0.001025641,2018-06-26
0.971,0.971,0.971,-0.0030800821,2018-06-27
0.976,0.976,0.976,0.0051493306,2018-06-28
0.978,0.978,0.978,0.0020491803,2018-06-29
0.983,0.983,0.983,0.0051124744,2018-07-02
0.982,0.982,0.982,-0.001017294,2018-07-03
0.973,0.973,0.973,-0.0091649695,2018-07-04
0.968,0.968,0.968,-0.0051387461,2018-07-05
0.953,0.953,0.953,-0.0154958678,2018-07-06
0.95,0.95,0.95,-0.0031479538,2018-07-09
0.944,0.944,0.944,-0.0063157895,2018-07-10
0.954,0.954,0.954,0.0105932203,2018-07-11
0.945,0.945,0.945,-0.0094339623,2018-07-12
0.948,0.948,0.948,0.0031746032,2018-07-13
0.944,0.944,0.944,-0.0042194093,2018-07-16
0.935,0.935,0.935,-0.0095338983,2018-07-17
0.933,0.933,0.933,-0.0021390374,2018-07-18
0.934,0.934,0.934,0.0010718114,2018-07-19
0.932,0.932,0.932,-0.0021413276,2018-07-20
0.936,0.936,0.936,0.0042918455,2018-07-23
0.947,0.947,0.947,0.0117521368,2018-07-24
0.951,0.951,0.951,0.0042238648,2018-07-25
0.95,0.95,0.95,-0.0010515247,2018-07-26
0.964,0.964,0.964,0.0147368421,2018-07-27
0.997,0.997,0.997,0.0342323651,2018-07-30
1.01,1.01,1.01,0.0130391174,2018-07-31
0.996,0.996,0.996,-0.0138613861,2018-08-01
0.995,0.995,0.995,-0.0010040161,2018-08-02
1.018,1.018,1.018,0.0231155779,2018-08-03
1.062,1.062,1.062,0.0432220039,2018-08-06
1.084,1.084,1.084,0.0207156309,2018-08-07
1.079,1.079,1.079,-0.0046125461,2018-08-08
1.083,1.083,1.083,0.0037071362,2018-08-09
1.088,1.088,1.088,0.0046168052,2018-08-10
1.071,1.071,1.071,-0.015625,2018-08-13
1.089,1.089,1.089,0.0168067227,2018-08-14
1.085,1.085,1.085,-0.0036730946,2018-08-15
1.069,1.069,1.069,-0.0147465438,2018-08-16
1.073,1.073,1.073,0.0037418148,2018-08-17
1.084,1.084,1.084,0.0102516309,2018-08-20
1.087,1.087,1.087,0.0027675277,2018-08-21
1.093,1.093,1.093,0.0055197792,2018-08-22
1.072,1.072,1.072,-0.0192131747,2018-08-23
1.051,1.051,1.051,-0.0195895522,2018-08-24
1.046,1.046,1.046,-0.0047573739,2018-08-27
1.054,1.054,1.054,0.0076481836,2018-08-28
1.055,1.055,1.055,0.0009487666,2018-08-29
1.041,1.041,1.041,-0.0132701422,2018-08-30
1.036,1.036,1.036,-0.004803074,2018-08-31
1.029,1.029,1.029,-0.0067567568,2018-09-03
1.027,1.027,1.027,-0.0019436346,2018-09-04
1.021,1.021,1.021,-0.005842259,2018-09-05
1.012,1.012,1.012,-0.0088148874,2018-09-06
1.004,1.004,1.004,-0.0079051383,2018-09-07
1.0,1.0,1.0,-0.0039840637,2018-09-10
1.005,1.005,1.005,0.005,2018-09-11
0.996,0.996,0.996,-0.0089552239,2018-09-12
0.98,0.98,0.98,-0.016064257,2018-09-13
0.969,0.969,0.969,-0.0112244898,2018-09-14
1.3304,1.3304,1.3304,0.3729618163,2018-09-17
1.3353,1.3353,1.3353,0.0036831028,2018-09-18
1.3362,1.3362,1.3362,0.0006740058,2018-09-19
1.3379,1.3379,1.3379,0.0012722646,2018-09-20
0.972,0.972,0.972,-0.2734883026,2018-09-21
0.978,0.978,0.978,0.0061728395,2018-09-25
0.987,0.987,0.987,0.009202454,2018-09-26
0.98,0.98,0.98,-0.0070921986,2018-09-27
0.985,0.985,0.985,0.0051020408,2018-09-28
1.022,1.022,1.022,0.0375634518,2018-10-08
1.054,1.054,1.054,0.0313111546,2018-10-09
1.073,1.073,1.073,0.0180265655,2018-10-10
1.041,1.041,1.041,-0.0298229264,2018-10-11
1.03,1.03,1.03,-0.0105667627,2018-10-12
1.033,1.033,1.033,0.0029126214,2018-10-15
1.014,1.014,1.014,-0.01839303,2018-10-16
1.005,1.005,1.005,-0.0088757396,2018-10-17
0.996,0.996,0.996,-0.0089552239,2018-10-18
0.986,0.986,0.986,-0.0100401606,2018-10-19
0.993,0.993,0.993,0.0070993915,2018-10-22
0.983,0.983,0.983,-0.0100704935,2018-10-23
0.983,0.983,0.983,0.0,2018-10-24
0.988,0.988,0.988,0.00508647,2018-10-25
0.984,0.984,0.984,-0.004048583,2018-10-26
0.983,0.983,0.983,-0.0010162602,2018-10-29
0.978,0.978,0.978,-0.00508647,2018-10-30
0.981,0.981,0.981,0.0030674847,2018-10-31
0.983,0.983,0.983,0.002038736,2018-11-01
1.005,1.005,1.005,0.022380468,2018-11-02
1.004,1.004,1.004,-0.0009950249,2018-11-05
1.008,1.008,1.008,0.0039840637,2018-11-06
1.01,1.01,1.01,0.001984127,2018-11-07
1.01,1.01,1.01,0.0,2018-11-08
1.009,1.009,1.009,-0.000990099,2018-11-09
1.014,1.014,1.014,0.0049554014,2018-11-12
1.019,1.019,1.019,0.0049309665,2018-11-13
1.019,1.019,1.019,0.0,2018-11-14
1.021,1.021,1.021,0.0019627085,2018-11-15
1.022,1.022,1.022,0.0009794319,2018-11-16
1.021,1.021,1.021,-0.0009784736,2018-11-19
1.013,1.013,1.013,-0.0078354554,2018-11-20
1.014,1.014,1.014,0.0009871668,2018-11-21
1.016,1.016,1.016,0.0019723866,2018-11-22
1.01,1.01,1.01,-0.0059055118,2018-11-23
1.015,1.015,1.015,0.004950495,2018-11-26
1.018,1.018,1.018,0.002955665,2018-11-27
1.019,1.019,1.019,0.0009823183,2018-11-28
1.017,1.017,1.017,-0.0019627085,2018-11-29
1.021,1.021,1.021,0.0039331367,2018-11-30
1.008,1.008,1.008,-0.0127326151,2018-12-03
1.006,1.006,1.006,-0.001984127,2018-12-04
1.005,1.005,1.005,-0.0009940358,2018-12-05
0.995,0.995,0.995,-0.0099502488,2018-12-06
0.986,0.986,0.986,-0.0090452261,2018-12-07
0.986,0.986,0.986,0.0,2018-12-10
0.985,0.985,0.985,-0.0010141988,2018-12-11
0.985,0.985,0.985,0.0,2018-12-12
0.988,0.988,0.988,0.0030456853,2018-12-13
0.98,0.98,0.98,-0.008097166,2018-12-14
0.978,0.978,0.978,-0.0020408163,2018-12-17
0.979,0.979,0.979,0.0010224949,2018-12-18
0.978,0.978,0.978,-0.0010214505,2018-12-19
0.983,0.983,0.983,0.0051124744,2018-12-20
0.982,0.982,0.982,-0.001017294,2018-12-21
0.981,0.981,0.981,-0.0010183299,2018-12-24
0.988,0.988,0.988,0.0071355759,2018-12-25
0.991,0.991,0.991,0.0030364372,2018-12-26
0.98,0.98,0.98,-0.0110998991,2018-12-27
0.985,0.985,0.985,0.0051020408,2018-12-28
0.983,0.983,0.983,-0.0020304569,2019-01-02
0.979,0.979,0.979,-0.004069176,2019-01-03
0.979,0.979,0.979,0.0,2019-01-04
0.977,0.977,0.977,-0.0020429009,2019-01-07
0.972,0.972,0.972,-0.0051177073,2019-01-08
0.975,0.975,0.975,0.0030864198,2019-01-09
0.978,0.978,0.978,0.0030769231,2019-01-10
0.973,0.973,0.973,-0.0051124744,2019-01-11
0.963,0.963,0.963,-0.0102774923,2019-01-14
0.964,0.964,0.964,0.0010384216,2019-01-15
0.968,0.968,0.968,0.0041493776,2019-01-16
0.966,0.966,0.966,-0.0020661157,2019-01-17
0.981,0.981,0.981,0.0155279503,2019-01-18
1.004,1.004,1.004,0.0234454638,2019-01-21
0.999,0.999,0.999,-0.0049800797,2019-01-22
0.99,0.99,0.99,-0.009009009,2019-01-23
0.992,0.992,0.992,0.002020202,2019-01-24
0.998,0.998,0.998,0.0060483871,2019-01-25
1.003,1.003,1.003,0.00501002,2019-01-28
0.999,0.999,0.999,-0.0039880359,2019-01-29
1.004,1.004,1.004,0.005005005,2019-01-30
1.009,1.009,1.009,0.0049800797,2019-01-31
1.034,1.034,1.034,0.0247770069,2019-02-01
1.057,1.057,1.057,0.0222437137,2019-02-11
1.057,1.057,1.057,0.0,2019-02-12
1.045,1.045,1.045,-0.0113528855,2019-02-13
1.04,1.04,1.04,-0.004784689,2019-02-14
1.028,1.028,1.028,-0.0115384615,2019-02-15
1.042,1.042,1.042,0.013618677,2019-02-18
1.05,1.05,1.05,0.0076775432,2019-02-19
1.053,1.053,1.053,0.0028571429,2019-02-20
1.056,1.056,1.056,0.0028490028,2019-02-21
1.056,1.056,1.056,0.0,2019-02-22
1.073,1.073,1.073,0.0160984848,2019-02-25
1.051,1.051,1.051,-0.0205032619,2019-02-26
1.048,1.048,1.048,-0.0028544244,2019-02-27
1.053,1.053,1.053,0.0047709924,2019-02-28
1.058,1.058,1.058,0.0047483381,2019-03-01
1.064,1.064,1.064,0.0056710775,2019-03-04
1.056,1.056,1.056,-0.007518797,2019-03-05
1.067,1.067,1.067,0.0104166667,2019-03-06
1.059,1.059,1.059,-0.007497657,2019-03-07
1.035,1.035,1.035,-0.0226628895,2019-03-08
1.042,1.042,1.042,0.006763285,2019-03-11
1.045,1.045,1.045,0.0028790787,2019-03-12
1.037,1.037,1.037,-0.0076555024,2019-03-13
1.03,1.03,1.03,-0.0067502411,2019-03-14
1.038,1.038,1.038,0.0077669903,2019-03-15
1.061,1.061,1.061,0.0221579961,2019-03-18
1.066,1.066,1.066,0.0047125353,2019-03-19
1.076,1.076,1.076,0.009380863,2019-03-20
1.075,1.075,1.075,-0.000929368,2019-03-21
1.064,1.064,1.064,-0.0102325581,2019-03-22
1.052,1.052,1.052,-0.0112781955,2019-03-25
1.043,1.043,1.043,-0.0085551331,2019-03-26
1.052,1.052,1.052,0.0086289549,2019-03-27
1.042,1.042,1.042,-0.0095057034,2019-03-28
1.043,1.043,1.043,0.0009596929,2019-03-29
1.041,1.041,1.041,-0.0019175455,2019-04-01
1.041,1.041,1.041,0.0,2019-04-02
1.042,1.042,1.042,0.0009606148,2019-04-03
1.056,1.056,1.056,0.0134357006,2019-04-04
1.057,1.057,1.057,0.0009469697,2019-04-08
1.063,1.063,1.063,0.0056764428,2019-04-09
1.062,1.062,1.062,-0.0009407338,2019-04-10
1.046,1.046,1.046,-0.0150659134,2019-04-11
1.024,1.024,1.024,-0.0210325048,2019-04-12
1.033,1.033,1.033,0.0087890625,2019-04-15
1.034,1.034,1.034,0.0009680542,2019-04-16
1.029,1.029,1.029,-0.0048355899,2019-04-17
1.021,1.021,1.021,-0.0077745384,2019-04-18
1.036,1.036,1.036,0.0146914789,2019-04-19
1.037,1.037,1.037,0.000965251,2019-04-22
1.04,1.04,1.04,0.0028929605,2019-04-23
1.039,1.039,1.039,-0.0009615385,2019-04-24
1.033,1.033,1.033,-0.0057747834,2019-04-25
1.034,1.034,1.034,0.0009680542,2019-04-26
1.034,1.034,1.034,0.0,2019-04-29
1.041,1.041,1.041,0.0067698259,2019-04-30
1.034,1.034,1.034,-0.0067243036,2019-05-06
1.045,1.045,1.045,0.0106382979,2019-05-07
1.039,1.039,1.039,-0.0057416268,2019-05-08
1.04,1.04,1.04,0.0009624639,2019-05-09
1.042,1.042,1.042,0.0019230769,2019-05-10
1.046,1.046,1.046,0.0038387716,2019-05-13
1.055,1.055,1.055,0.0086042065,2019-05-14
1.064,1.064,1.064,0.0085308057,2019-05-15
1.07,1.07,1.07,0.0056390977,2019-05-16
1.064,1.064,1.064,-0.0056074766,2019-05-17
1.06,1.06,1.06,-0.0037593985,2019-05-20
1.069,1.069,1.069,0.008490566,2019-05-21
1.076,1.076,1.076,0.0065481759,2019-05-22
1.071,1.071,1.071,-0.0046468401,2019-05-23
1.062,1.062,1.062,-0.0084033613,2019-05-24
1.068,1.068,1.068,0.0056497175,2019-05-27
1.06,1.06,1.06,-0.0074906367,2019-05-28
1.057,1.057,1.057,-0.0028301887,2019-05-29
1.061,1.061,1.061,0.0037842952,2019-05-30
1.06,1.06,1.06,-0.0009425071,2019-05-31
1.071,1.071,1.071,0.0103773585,2019-06-03
1.084,1.084,1.084,0.0121381886,2019-06-04
1.077,1.077,1.077,-0.0064575646,2019-06-05
1.074,1.074,1.074,-0.0027855153,2019-06-06
1.055,1.055,1.055,-0.0176908752,2019-06-10
1.053,1.053,1.053,-0.0018957346,2019-06-11
1.056,1.056,1.056,0.0028490028,2019-06-12
1.064,1.064,1.064,0.0075757576,2019-06-13
1.075,1.075,1.075,0.0103383459,2019-06-14
1.077,1.077,1.077,0.0018604651,2019-06-17
1.076,1.076,1.076,-0.0009285051,2019-06-18
1.069,1.069,1.069,-0.0065055762,2019-06-19
1.098,1.098,1.098,0.0271281572,2019-06-20
1.106,1.106,1.106,0.0072859745,2019-06-21
1.103,1.103,1.103,-0.0027124774,2019-06-24
1.106,1.106,1.106,0.0027198549,2019-06-25
1.105,1.105,1.105,-0.0009041591,2019-06-26
1.117,1.117,1.117,0.0108597285,2019-06-27
1.115,1.115,1.115,-0.0017905103,2019-06-28
1.126,1.126,1.126,0.0098654709,2019-07-01
1.13,1.13,1.13,0.0035523979,2019-07-02
1.131,1.131,1.131,0.0008849558,2019-07-03
1.121,1.121,1.121,-0.008841733,2019-07-04
1.122,1.122,1.122,0.0008920607,2019-07-05
1.109,1.109,1.109,-0.0115864528,2019-07-08
1.118,1.118,1.118,0.0081154193,2019-07-09
1.123,1.123,1.123,0.0044722719,2019-07-10
1.135,1.135,1.135,0.0106856634,2019-07-11
1.14,1.14,1.14,0.0044052863,2019-07-12
1.135,1.135,1.135,-0.0043859649,2019-07-15
1.136,1.136,1.136,0.0008810573,2019-07-16
1.138,1.138,1.138,0.0017605634,2019-07-17
1.144,1.144,1.144,0.0052724077,2019-07-18
1.144,1.144,1.144,0.0,2019-07-19
1.13,1.13,1.13,-0.0122377622,2019-07-22
1.124,1.124,1.124,-0.0053097345,2019-07-23
1.125,1.125,1.125,0.0008896797,2019-07-24
1.128,1.128,1.128,0.0026666667,2019-07-25
1.121,1.121,1.121,-0.0062056738,2019-07-26
1.122,1.122,1.122,0.0008920607,2019-07-29
1.124,1.124,1.124,0.0017825312,2019-07-30
1.117,1.117,1.117,-0.006227758,2019-07-31
1.104,1.104,1.104,-0.0116383169,2019-08-01
1.086,1.086,1.086,-0.0163043478,2019-08-02
1.099,1.099,1.099,0.0119705341,2019-08-05
1.118,1.118,1.118,0.017288444,2019-08-06
1.124,1.124,1.124,0.0053667263,2019-08-07
1.145,1.145,1.145,0.018683274,2019-08-08
1.168,1.168,1.168,0.0200873362,2019-08-09
1.172,1.172,1.172,0.0034246575,2019-08-12
1.182,1.182,1.182,0.0085324232,2019-08-13
1.158,1.158,1.158,-0.0203045685,2019-08-14
1.167,1.167,1.167,0.0077720207,2019-08-15
1.183,1.183,1.183,0.0137103685,2019-08-16
1.175,1.175,1.175,-0.0067624683,2019-08-19
1.175,1.175,1.175,0.0,2019-08-20
1.185,1.185,1.185,0.0085106383,2019-08-21
1.19,1.19,1.19,0.0042194093,2019-08-22
1.216,1.216,1.216,0.0218487395,2019-08-23
1.237,1.237,1.237,0.0172697368,2019-08-26
1.246,1.246,1.246,0.0072756669,2019-08-27
1.25,1.25,1.25,0.0032102729,2019-08-28
1.247,1.247,1.247,-0.0024,2019-08-29
1.223,1.223,1.223,-0.0192461909,2019-08-30
1.231,1.231,1.231,0.0065412919,2019-09-02
1.237,1.237,1.237,0.0048740861,2019-09-03
1.247,1.247,1.247,0.0080840744,2019-09-04
1.245,1.245,1.245,-0.0016038492,2019-09-05
1.242,1.242,1.242,-0.0024096386,2019-09-06
1.241,1.241,1.241,-0.000805153,2019-09-09
1.246,1.246,1.246,0.0040290089,2019-09-10
1.24,1.24,1.24,-0.0048154093,2019-09-11
1.232,1.232,1.232,-0.0064516129,2019-09-12
1.236,1.236,1.236,0.0032467532,2019-09-16
1.219,1.219,1.219,-0.0137540453,2019-09-17
1.206,1.206,1.206,-0.0106644791,2019-09-18
1.196,1.196,1.196,-0.008291874,2019-09-19
1.18,1.18,1.18,-0.0133779264,2019-09-20
1.174,1.174,1.174,-0.0050847458,2019-09-23
1.17,1.17,1.17,-0.003407155,2019-09-24
1.16,1.16,1.16,-0.0085470085,2019-09-25
1.152,1.152,1.152,-0.0068965517,2019-09-26
1.142,1.142,1.142,-0.0086805556,2019-09-27
1.143,1.143,1.143,0.0008756567,2019-09-30
1.146,1.146,1.146,0.0026246719,2019-10-08
1.141,1.141,1.141,-0.0043630017,2019-10-09
1.145,1.145,1.145,0.0035056968,2019-10-10
1.149,1.149,1.149,0.0034934498,2019-10-11
1.145,1.145,1.145,-0.0034812881,2019-10-14
1.154,1.154,1.154,0.007860262,2019-10-15
1.154,1.154,1.154,0.0,2019-10-16
1.157,1.157,1.157,0.0025996534,2019-10-17
1.155,1.155,1.155,-0.0017286085,2019-10-18
1.172,1.172,1.172,0.0147186147,2019-10-21
1.179,1.179,1.179,0.0059726962,2019-10-22
1.172,1.172,1.172,-0.0059372349,2019-10-23
1.165,1.165,1.165,-0.0059726962,2019-10-24
1.176,1.176,1.176,0.0094420601,2019-10-25
1.18,1.18,1.18,0.0034013605,2019-10-28
1.18,1.18,1.18,0.0,2019-10-29
1.181,1.181,1.181,0.0008474576,2019-10-30
1.187,1.187,1.187,0.0050804403,2019-10-31
1.197,1.197,1.197,0.0084245998,2019-11-01
1.201,1.201,1.201,0.0033416876,2019-11-04
1.208,1.208,1.208,0.0058284763,2019-11-05
1.201,1.201,1.201,-0.005794702,2019-11-06
1.198,1.198,1.198,-0.0024979184,2019-11-07
1.203,1.203,1.203,0.0041736227,2019-11-08
1.204,1.204,1.204,0.0008312552,2019-11-11
1.214,1.214,1.214,0.0083056478,2019-11-12
1.212,1.212,1.212,-0.0016474465,2019-11-13
1.216,1.216,1.216,0.00330033,2019-11-14
1.206,1.206,1.206,-0.0082236842,2019-11-15
1.21,1.21,1.21,0.0033167496,2019-11-18
1.225,1.225,1.225,0.0123966942,2019-11-19
1.241,1.241,1.241,0.0130612245,2019-11-20
1.246,1.246,1.246,0.0040290089,2019-11-21
1.236,1.236,1.236,-0.0080256822,2019-11-22
1.243,1.243,1.243,0.0056634304,2019-11-25
1.229,1.229,1.229,-0.0112630732,2019-11-26
1.225,1.225,1.225,-0.0032546786,2019-11-27
1.226,1.226,1.226,0.0008163265,2019-11-28
1.216,1.216,1.216,-0.0081566069,2019-11-29
1.211,1.211,1.211,-0.0041118421,2019-12-02
1.217,1.217,1.217,0.004954583,2019-12-03
1.226,1.226,1.226,0.0073952342,2019-12-04
1.226,1.226,1.226,0.0,2019-12-05
1.234,1.234,1.234,0.0065252855,2019-12-06
1.242,1.242,1.242,0.0064829822,2019-12-09
1.249,1.249,1.249,0.0056360709,2019-12-10
1.244,1.244,1.244,-0.0040032026,2019-12-11
1.246,1.246,1.246,0.001607717,2019-12-12
1.271,1.271,1.271,0.0200642055,2019-12-13
1.272,1.272,1.272,0.0007867821,2019-12-16
1.29,1.29,1.29,0.0141509434,2019-12-17
1.288,1.288,1.288,-0.0015503876,2019-12-18
1.284,1.284,1.284,-0.0031055901,2019-12-19
1.299,1.299,1.299,0.011682243,2019-12-20
1.296,1.296,1.296,-0.0023094688,2019-12-23
1.297,1.297,1.297,0.0007716049,2019-12-24
1.3,1.3,1.3,0.0023130301,2019-12-25
1.309,1.309,1.309,0.0069230769,2019-12-26
1.322,1.322,1.322,0.0099312452,2019-12-27
1.335,1.335,1.335,0.0098335855,2019-12-30
1.353,1.353,1.353,0.0134831461,2019-12-31
1.355,1.355,1.355,0.0014781966,2020-01-02
1.359,1.359,1.359,0.0029520295,2020-01-03
1.369,1.369,1.369,0.0073583517,2020-01-06
1.374,1.374,1.374,0.0036523009,2020-01-07
1.389,1.389,1.389,0.0109170306,2020-01-08
1.379,1.379,1.379,-0.007199424,2020-01-09
1.394,1.394,1.394,0.0108774474,2020-01-10
1.407,1.407,1.407,0.0093256815,2020-01-13
1.391,1.391,1.391,-0.0113717129,2020-01-14
1.374,1.374,1.374,-0.0122214234,2020-01-15
1.36,1.36,1.36,-0.0101892285,2020-01-16
1.36,1.36,1.36,0.0,2020-01-17
1.364,1.364,1.364,0.0029411765,2020-01-20
1.351,1.351,1.351,-0.0095307918,2020-01-21
1.352,1.352,1.352,0.0007401925,2020-01-22
1.319,1.319,1.319,-0.024408284,2020-01-23
1.37,1.37,1.37,0.0386656558,2020-02-03
1.382,1.382,1.382,0.0087591241,2020-02-04
1.36,1.36,1.36,-0.015918958,2020-02-05
1.357,1.357,1.357,-0.0022058824,2020-02-06
1.356,1.356,1.356,-0.0007369197,2020-02-07
1.353,1.353,1.353,-0.0022123894,2020-02-10
1.336,1.336,1.336,-0.0125646711,2020-02-11
1.337,1.337,1.337,0.000748503,2020-02-12
1.337,1.337,1.337,0.0,2020-02-13
1.345,1.345,1.345,0.0059835453,2020-02-14
1.337,1.337,1.337,-0.0059479554,2020-02-17
1.332,1.332,1.332,-0.0037397158,2020-02-18
1.331,1.331,1.331,-0.0007507508,2020-02-19
1.343,1.343,1.343,0.0090157776,2020-02-20
1.35,1.35,1.35,0.0052122115,2020-02-21
1.356,1.356,1.356,0.0044444444,2020-02-24
1.351,1.351,1.351,-0.0036873156,2020-02-25
1.339,1.339,1.339,-0.0088823094,2020-02-26
1.342,1.342,1.342,0.002240478,2020-02-27
1.331,1.331,1.331,-0.0081967213,2020-02-28
1.314,1.314,1.314,-0.0127723516,2020-03-02
1.296,1.296,1.296,-0.0136986301,2020-03-03
1.312,1.312,1.312,0.012345679,2020-03-04
1.315,1.315,1.315,0.0022865854,2020-03-05
1.342,1.342,1.342,0.0205323194,2020-03-06
1.377,1.377,1.377,0.0260804769,2020-03-09
1.39,1.39,1.39,0.0094408134,2020-03-10
1.387,1.387,1.387,-0.0021582734,2020-03-11
1.413,1.413,1.413,0.0187454939,2020-03-12
1.405,1.405,1.405,-0.0056617127,2020-03-13
1.405,1.405,1.405,0.0,2020-03-16
1.42,1.42,1.42,0.0106761566,2020-03-17
1.44,1.44,1.44,0.014084507,2020-03-18
1.48,1.48,1.48,0.0277777778,2020-03-19
1.438,1.438,1.438,-0.0283783784,2020-03-20
1.482,1.482,1.482,0.0305980529,2020-03-23
1.469,1.469,1.469,-0.0087719298,2020-03-24
1.471,1.471,1.471,0.0013614704,2020-03-25
1.479,1.479,1.479,0.0054384772,2020-03-26
1.495,1.495,1.495,0.0108181204,2020-03-27
1.528,1.528,1.528,0.0220735786,2020-03-30
1.509,1.509,1.509,-0.012434555,2020-03-31
1.498,1.498,1.498,-0.0072895958,2020-04-01
1.489,1.489,1.489,-0.0060080107,2020-04-02
1.475,1.475,1.475,-0.0094022834,2020-04-03
1.491,1.491,1.491,0.0108474576,2020-04-07
1.476,1.476,1.476,-0.0100603622,2020-04-08
1.485,1.485,1.485,0.006097561,2020-04-09
1.478,1.478,1.478,-0.0047138047,2020-04-10
1.474,1.474,1.474,-0.0027063599,2020-04-13
1.476,1.476,1.476,0.0013568521,2020-04-14
1.473,1.473,1.473,-0.0020325203,2020-04-15
1.465,1.465,1.465,-0.005431093,2020-04-16
1.474,1.474,1.474,0.0061433447,2020-04-17
1.494,1.494,1.494,0.013568521,2020-04-20
1.469,1.469,1.469,-0.0167336011,2020-04-21
1.491,1.491,1.491,0.0149761743,2020-04-22
1.476,1.476,1.476,-0.0100603622,2020-04-23
1.467,1.467,1.467,-0.006097561,2020-04-24
1.499,1.499,1.499,0.0218132243,2020-04-27
1.49,1.49,1.49,-0.0060040027,2020-04-28
1.477,1.477,1.477,-0.0087248322,2020-04-29
1.457,1.457,1.457,-0.0135409614,2020-04-30
1.464,1.464,1.464,0.0048043926,2020-05-06
1.47,1.47,1.47,0.0040983607,2020-05-07
1.484,1.484,1.484,0.0095238095,2020-05-08
1.475,1.475,1.475,-0.00606469,2020-05-11
1.473,1.473,1.473,-0.0013559322,2020-05-12
1.47,1.47,1.47,-0.0020366599,2020-05-13
1.466,1.466,1.466,-0.0027210884,2020-05-14
1.471,1.471,1.471,0.0034106412,2020-05-15
1.513,1.513,1.513,0.0285520054,2020-05-18
1.538,1.538,1.538,0.0165234633,2020-05-19
1.542,1.542,1.542,0.0026007802,2020-05-20
1.551,1.551,1.551,0.0058365759,2020-05-21
1.493,1.493,1.493,-0.0373952289,2020-05-22
1.499,1.499,1.499,0.0040187542,2020-05-25
1.511,1.511,1.511,0.0080053369,2020-05-26
1.502,1.502,1.502,-0.0059563203,2020-05-27
1.505,1.505,1.505,0.0019973369,2020-05-28
1.538,1.538,1.538,0.0219269103,2020-05-29
1.578,1.578,1.578,0.0260078023,2020-06-01
1.593,1.593,1.593,0.0095057034,2020-06-02
1.614,1.614,1.614,0.0131826742,2020-06-03
1.608,1.608,1.608,-0.0037174721,2020-06-04
1.634,1.634,1.634,0.0161691542,2020-06-05
1.664,1.664,1.664,0.0183598531,2020-06-08
1.676,1.676,1.676,0.0072115385,2020-06-09
1.679,1.679,1.679,0.0017899761,2020-06-10
1.657,1.657,1.657,-0.0131030375,2020-06-11
1.637,1.637,1.637,-0.012070006,2020-06-12
1.622,1.622,1.622,-0.0091631032,2020-06-15
1.643,1.643,1.643,0.012946979,2020-06-16
1.662,1.662,1.662,0.0115642118,2020-06-17
1.665,1.665,1.665,0.0018050542,2020-06-18
1.69,1.69,1.69,0.015015015,2020-06-19
1.703,1.703,1.703,0.0076923077,2020-06-22
1.704,1.704,1.704,0.0005871991,2020-06-23
1.714,1.714,1.714,0.0058685446,2020-06-24
1.665,1.665,1.665,-0.028588098,2020-06-29
1.673,1.673,1.673,0.0048048048,2020-06-30
1.687,1.687,1.687,0.0083682008,2020-07-01
1.71,1.71,1.71,0.0136336692,2020-07-02
1.751,1.751,1.751,0.0239766082,2020-07-03
1.814,1.814,1.814,0.0359794403,2020-07-06
1.833,1.833,1.833,0.0104740904,2020-07-07
1.85,1.85,1.85,0.0092744135,2020-07-08
1.895,1.895,1.895,0.0243243243,2020-07-09
1.895,1.895,1.895,0.0,2020-07-10
1.945,1.945,1.945,0.0263852243,2020-07-13
1.942,1.942,1.942,-0.0015424165,2020-07-14
1.953,1.953,1.953,0.0056642636,2020-07-15
1.881,1.881,1.881,-0.0368663594,2020-07-16
1.901,1.901,1.901,0.0106326422,2020-07-17
1.929,1.929,1.929,0.01472909,2020-07-20
1.969,1.969,1.969,0.0207361327,2020-07-21
2.012,2.012,2.012,0.0218384967,2020-07-22
2.028,2.028,2.028,0.0079522863,2020-07-23
1.995,1.995,1.995,-0.0162721893,2020-07-24
2.017,2.017,2.017,0.0110275689,2020-07-27
2.015,2.015,2.015,-0.0009915716,2020-07-28
2.025,2.025,2.025,0.0049627792,2020-07-29
2.046,2.046,2.046,0.0103703704,2020-07-30
2.062,2.062,2.062,0.0078201369,2020-07-31
2.106,2.106,2.106,0.0213385063,2020-08-03
2.136,2.136,2.136,0.0142450142,2020-08-04
2.169,2.169,2.169,0.0154494382,2020-08-05
2.182,2.182,2.182,0.0059935454,2020-08-06
2.214,2.214,2.214,0.0146654445,2020-08-07
2.172,2.172,2.172,-0.0189701897,2020-08-10
2.174,2.174,2.174,0.0009208103,2020-08-11
2.121,2.121,2.121,-0.0243790248,2020-08-12
2.106,2.106,2.106,-0.0070721358,2020-08-13
2.129,2.129,2.129,0.0109211776,2020-08-14
2.154,2.154,2.154,0.0117426022,2020-08-17
2.186,2.186,2.186,0.0148560817,2020-08-18
2.178,2.178,2.178,-0.0036596523,2020-08-19
2.15,2.15,2.15,-0.012855831,2020-08-20
2.155,2.155,2.155,0.0023255814,2020-08-21
2.155,2.155,2.155,0.0,2020-08-24
2.168,2.168,2.168,0.0060324826,2020-08-25
2.163,2.163,2.163,-0.0023062731,2020-08-26
2.166,2.166,2.166,0.0013869626,2020-08-27
2.212,2.212,2.212,0.0212373038,2020-08-28
2.231,2.231,2.231,0.0085895118,2020-08-31
2.234,2.234,2.234,0.0013446885,2020-09-01
2.248,2.248,2.248,0.006266786,2020-09-02
2.236,2.236,2.236,-0.0053380783,2020-09-03
2.198,2.198,2.198,-0.0169946333,2020-09-04
2.19,2.19,2.19,-0.0036396724,2020-09-07
2.178,2.178,2.178,-0.0054794521,2020-09-08
2.148,2.148,2.148,-0.0137741047,2020-09-09
2.135,2.135,2.135,-0.0060521415,2020-09-10
2.139,2.139,2.139,0.0018735363,2020-09-11
2.159,2.159,2.159,0.0093501636,2020-09-14
2.162,2.162,2.162,0.0013895322,2020-09-15
2.153,2.153,2.153,-0.0041628122,2020-09-16
2.151,2.151,2.151,-0.0009289364,2020-09-17
2.186,2.186,2.186,0.0162715016,2020-09-18
2.189,2.189,2.189,0.0013723696,2020-09-21
2.177,2.177,2.177,-0.0054819552,2020-09-22
2.18,2.18,2.18,0.0013780432,2020-09-23
2.154,2.154,2.154,-0.0119266055,2020-09-24
2.137,2.137,2.137,-0.0078922934,2020-09-25
2.129,2.129,2.129,-0.0037435657,2020-09-28
2.114,2.114,2.114,-0.0070455613,2020-09-29
2.11,2.11,2.11,-0.0018921476,2020-09-30
2.099,2.099,2.099,-0.0052132701,2020-10-09
2.096,2.096,2.096,-0.001429252,2020-10-12
2.101,2.101,2.101,0.0023854962,2020-10-13
2.113,2.113,2.113,0.0057115659,2020-10-14
2.105,2.105,2.105,-0.0037860861,2020-10-15
2.101,2.101,2.101,-0.0019002375,2020-10-16
2.081,2.081,2.081,-0.0095192765,2020-10-19
2.097,2.097,2.097,0.0076886112,2020-10-20
2.104,2.104,2.104,0.0033381021,2020-10-21
2.087,2.087,2.087,-0.0080798479,2020-10-22
2.05,2.05,2.05,-0.0177287973,2020-10-23
2.048,2.048,2.048,-0.0009756098,2020-10-26
2.063,2.063,2.063,0.0073242188,2020-10-27
2.077,2.077,2.077,0.0067862336,2020-10-28
2.076,2.076,2.076,-0.0004814636,2020-10-29
2.088,2.088,2.088,0.0057803468,2020-10-30
2.082,2.082,2.082,-0.0028735632,2020-11-02
2.062,2.062,2.062,-0.0096061479,2020-11-03
2.062,2.062,2.062,0.0,2020-11-04
2.082,2.082,2.082,0.009699321,2020-11-05
2.102,2.102,2.102,0.0096061479,2020-11-06
2.125,2.125,2.125,0.01094196,2020-11-09
2.079,2.079,2.079,-0.0216470588,2020-11-10
2.066,2.066,2.066,-0.0062530063,2020-11-11
2.076,2.076,2.076,0.0048402711,2020-11-12
2.089,2.089,2.089,0.0062620424,2020-11-13
2.112,2.112,2.112,0.0110100527,2020-11-16
2.099,2.099,2.099,-0.006155303,2020-11-17
2.106,2.106,2.106,0.0033349214,2020-11-18
2.136,2.136,2.136,0.0142450142,2020-11-19
2.157,2.157,2.157,0.0098314607,2020-11-20
2.16,2.16,2.16,0.0013908206,2020-11-23
2.138,2.138,2.138,-0.0101851852,2020-11-24
2.137,2.137,2.137,-0.0004677268,2020-11-25
2.129,2.129,2.129,-0.0037435657,2020-11-26
2.139,2.139,2.139,0.0046970409,2020-11-27
2.163,2.163,2.163,0.0112201964,2020-11-30
2.175,2.175,2.175,0.0055478502,2020-12-01
2.165,2.165,2.165,-0.0045977011,2020-12-02
2.165,2.165,2.165,0.0,2020-12-03
2.174,2.174,2.174,0.0041570439,2020-12-04
2.182,2.182,2.182,0.0036798528,2020-12-07
2.175,2.175,2.175,-0.003208066,2020-12-08
2.153,2.153,2.153,-0.0101149425,2020-12-09
2.172,2.172,2.172,0.0088248955,2020-12-10
2.196,2.196,2.196,0.0110497238,2020-12-11
2.202,2.202,2.202,0.0027322404,2020-12-14
2.214,2.214,2.214,0.0054495913,2020-12-15
2.228,2.228,2.228,0.0063233966,2020-12-16
2.255,2.255,2.255,0.0121184919,2020-12-17
2.295,2.295,2.295,0.0177383592,2020-12-18
2.352,2.352,2.352,0.0248366013,2020-12-21
2.295,2.295,2.295,-0.0242346939,2020-12-22
2.247,2.247,2.247,-0.0209150327,2020-12-23
2.254,2.254,2.254,0.0031152648,2020-12-24
2.259,2.259,2.259,0.0022182786,2020-12-25
2.27,2.27,2.27,0.0048694112,2020-12-28
2.233,2.233,2.233,-0.0162995595,2020-12-29
2.255,2.255,2.255,0.0098522167,2020-12-30
2.296,2.296,2.296,0.0181818182,2020-12-31
2.354,2.354,2.354,0.025261324,2021-01-04
2.371,2.371,2.371,0.0072217502,2021-01-05
2.406,2.406,2.406,0.0147617039,2021-01-06
2.426,2.426,2.426,0.008312552,2021-01-07
2.444,2.444,2.444,0.0074196208,2021-01-08
2.397,2.397,2.397,-0.0192307692,2021-01-11
2.403,2.403,2.403,0.0025031289,2021-01-12
2.415,2.415,2.415,0.0049937578,2021-01-13
2.383,2.383,2.383,-0.0132505176,2021-01-14
2.378,2.378,2.378,-0.0020981956,2021-01-15
2.368,2.368,2.368,-0.0042052145,2021-01-18
2.364,2.364,2.364,-0.0016891892,2021-01-19
2.376,2.376,2.376,0.0050761421,2021-01-20
2.369,2.369,2.369,-0.0029461279,2021-01-21
2.355,2.355,2.355,-0.0059096665,2021-01-22
2.354,2.354,2.354,-0.0004246285,2021-01-25
2.31,2.31,2.31,-0.0186915888,2021-01-26
2.299,2.299,2.299,-0.0047619048,2021-01-27
2.275,2.275,2.275,-0.0104393214,2021-01-28
2.261,2.261,2.261,-0.0061538462,2021-01-29
2.255,2.255,2.255,-0.0026536931,2021-02-01
2.288,2.288,2.288,0.0146341463,2021-02-02
2.306,2.306,2.306,0.0078671329,2021-02-03
2.277,2.277,2.277,-0.012575889,2021-02-04
2.268,2.268,2.268,-0.0039525692,2021-02-05
2.295,2.295,2.295,0.0119047619,2021-02-08
2.29,2.29,2.29,-0.0021786492,2021-02-09
2.323,2.323,2.323,0.0144104803,2021-02-10
2.435,2.435,2.435,0.048213517,2021-02-18
2.459,2.459,2.459,0.0098562628,2021-02-19
2.486,2.486,2.486,0.0109800732,2021-02-22
2.531,2.531,2.531,0.0181013677,2021-02-23
2.5,2.5,2.5,-0.0122481233,2021-02-24
2.602,2.602,2.602,0.0408,2021-02-25
2.547,2.547,2.547,-0.0211375865,2021-02-26
2.556,2.556,2.556,0.0035335689,2021-03-01
2.473,2.473,2.473,-0.0324726135,2021-03-02
2.509,2.509,2.509,0.014557218,2021-03-03
2.498,2.498,2.498,-0.0043842168,2021-03-04
2.485,2.485,2.485,-0.0052041633,2021-03-05
2.531,2.531,2.531,0.0185110664,2021-03-08
2.5,2.5,2.5,-0.0122481233,2021-03-09
2.437,2.437,2.437,-0.0252,2021-03-10
2.441,2.441,2.441,0.0016413623,2021-03-11
2.46,2.46,2.46,0.0077836952,2021-03-12
2.486,2.486,2.486,0.0105691057,2021-03-15
2.476,2.476,2.476,-0.0040225261,2021-03-16
2.448,2.448,2.448,-0.0113085622,2021-03-17
2.446,2.446,2.446,-0.0008169935,2021-03-18
2.431,2.431,2.431,-0.0061324612,2021-03-19
2.46,2.46,2.46,0.0119292472,2021-03-22
2.443,2.443,2.443,-0.0069105691,2021-03-23
2.44,2.44,2.44,-0.0012279984,2021-03-24
2.422,2.422,2.422,-0.0073770492,2021-03-25
2.427,2.427,2.427,0.0020644096,2021-03-26
2.391,2.391,2.391,-0.0148331273,2021-03-29
2.395,2.395,2.395,0.0016729402,2021-03-30
2.406,2.406,2.406,0.0045929019,2021-03-31
2.41,2.41,2.41,0.0016625104,2021-04-01
2.404,2.404,2.404,-0.0024896266,2021-04-02
2.38,2.38,2.38,-0.0099833611,2021-04-06
2.377,2.377,2.377,-0.0012605042,2021-04-07
2.385,2.385,2.385,0.0033655869,2021-04-08
2.366,2.366,2.366,-0.007966457,2021-04-09
2.315,2.315,2.315,-0.0215553677,2021-04-12
2.325,2.325,2.325,0.0043196544,2021-04-13
2.326,2.326,2.326,0.0004301075,2021-04-14
2.307,2.307,2.307,-0.0081685297,2021-04-15
2.314,2.314,2.314,0.0030342436,2021-04-16
2.339,2.339,2.339,0.0108038029,2021-04-19
2.356,2.356,2.356,0.0072680633,2021-04-20
2.377,2.377,2.377,0.0089134126,2021-04-21
2.4,2.4,2.4,0.0096760623,2021-04-22
2.434,2.434,2.434,0.0141666667,2021-04-23
2.434,2.434,2.434,0.0,2021-04-26
2.446,2.446,2.446,0.0049301561,2021-04-27
2.448,2.448,2.448,0.0008176615,2021-04-28
2.46,2.46,2.46,0.0049019608,2021-04-29
2.428,2.428,2.428,-0.0130081301,2021-04-30
2.474,2.474,2.474,0.0189456343,2021-05-06
2.49,2.49,2.49,0.0064672595,2021-05-07
2.541,2.541,2.541,0.0204819277,2021-05-10
2.505,2.505,2.505,-0.0141676505,2021-05-11
2.565,2.565,2.565,0.0239520958,2021-05-12
2.542,2.542,2.542,-0.0089668616,2021-05-13
2.442,2.442,2.442,-0.0393391031,2021-05-14
2.453,2.453,2.453,0.0045045045,2021-05-17
2.471,2.471,2.471,0.0073379535,2021-05-18
2.438,2.438,2.438,-0.013354917,2021-05-19
2.422,2.422,2.422,-0.0065627564,2021-05-20
2.408,2.408,2.408,-0.0057803468,2021-05-21
2.421,2.421,2.421,0.0053986711,2021-05-24
2.445,2.445,2.445,0.009913259,2021-05-25
2.435,2.435,2.435,-0.0040899796,2021-05-26
2.464,2.464,2.464,0.0119096509,2021-05-27
2.424,2.424,2.424,-0.0162337662,2021-05-28
2.425,2.425,2.425,0.0004125413,2021-05-31
2.436,2.436,2.436,0.0045360825,2021-06-01
2.409,2.409,2.409,-0.0110837438,2021-06-02
2.401,2.401,2.401,-0.00332088,2021-06-03
2.391,2.391,2.391,-0.0041649313,2021-06-04
2.395,2.395,2.395,0.0016729402,2021-06-07
2.367,2.367,2.367,-0.011691023,2021-06-08
2.379,2.379,2.379,0.0050697085,2021-06-09
2.386,2.386,2.386,0.0029424128,2021-06-10
2.359,2.359,2.359,-0.0113160101,2021-06-11
2.309,2.309,2.309,-0.0211954218,2021-06-15
2.288,2.288,2.288,-0.0090948463,2021-06-16
2.316,2.316,2.316,0.0122377622,2021-06-17
2.364,2.364,2.364,0.0207253886,2021-06-18
2.333,2.333,2.333,-0.0131133672,2021-06-21
2.32,2.32,2.32,-0.0055722246,2021-06-22
2.298,2.298,2.298,-0.0094827586,2021-06-23
2.286,2.286,2.286,-0.0052219321,2021-06-24
2.324,2.324,2.324,0.0166229221,2021-06-25
2.321,2.321,2.321,-0.0012908778,2021-06-28
2.281,2.281,2.281,-0.0172339509,2021-06-29
2.274,2.274,2.274,-0.0030688295,2021-06-30
2.244,2.244,2.244,-0.0131926121,2021-07-01
2.238,2.238,2.238,-0.0026737968,2021-07-02
2.244,2.244,2.244,0.0026809651,2021-07-05
2.267,2.267,2.267,0.0102495544,2021-07-06
2.178,2.178,2.178,-0.0392589325,2021-07-07
2.151,2.151,2.151,-0.0123966942,2021-07-08
2.141,2.141,2.141,-0.0046490005,2021-07-09
2.174,2.174,2.174,0.0154133582,2021-07-12
2.169,2.169,2.169,-0.002299908,2021-07-13
2.173,2.173,2.173,0.0018441678,2021-07-14
2.166,2.166,2.166,-0.003221353,2021-07-15
2.198,2.198,2.198,0.0147737765,2021-07-16
2.234,2.234,2.234,0.0163785259,2021-07-19
2.172,2.172,2.172,-0.0277529096,2021-07-20
2.195,2.195,2.195,0.0105893186,2021-07-21
2.149,2.149,2.149,-0.0209567198,2021-07-22
2.11,2.11,2.11,-0.0181479758,2021-07-23
2.059,2.059,2.059,-0.0241706161,2021-07-26
2.064,2.064,2.064,0.0024283633,2021-07-27
2.07,2.07,2.07,0.0029069767,2021-07-28
2.079,2.079,2.079,0.0043478261,2021-07-29
2.086,2.086,2.086,0.0033670034,2021-07-30
2.031,2.031,2.031,-0.0263662512,2021-08-02
1.996,1.996,1.996,-0.0172328902,2021-08-03
1.983,1.983,1.983,-0.0065130261,2021-08-04
1.992,1.992,1.992,0.0045385779,2021-08-05
1.994,1.994,1.994,0.0010040161,2021-08-06
2.015,2.015,2.015,0.0105315948,2021-08-09
2.03,2.03,2.03,0.0074441687,2021-08-10
2.03,2.03,2.03,0.0,2021-08-11
2.018,2.018,2.018,-0.00591133,2021-08-12
2.013,2.013,2.013,-0.0024777007,2021-08-13
2.046,2.046,2.046,0.0163934426,2021-08-16
2.047,2.047,2.047,0.0004887586,2021-08-17
2.045,2.045,2.045,-0.0009770396,2021-08-18
2.029,2.029,2.029,-0.0078239609,2021-08-19
1.985,1.985,1.985,-0.0216855594,2021-08-20
1.987,1.987,1.987,0.0010075567,2021-08-23
1.969,1.969,1.969,-0.0090588827,2021-08-24
1.962,1.962,1.962,-0.0035551041,2021-08-25
1.956,1.956,1.956,-0.003058104,2021-08-26
1.918,1.918,1.918,-0.0194274029,2021-08-27
1.908,1.908,1.908,-0.0052137643,2021-08-30
1.911,1.911,1.911,0.001572327,2021-08-31
1.911,1.911,1.911,0.0,2021-09-01
1.902,1.902,1.902,-0.0047095761,2021-09-02
1.907,1.907,1.907,0.0026288118,2021-09-03
1.933,1.933,1.933,0.0136339801,2021-09-06
1.968,1.968,1.968,0.0181065701,2021-09-07
1.973,1.973,1.973,0.0025406504,2021-09-08
2.015,2.015,2.015,0.0212873796,2021-09-09
1.997,1.997,1.997,-0.0089330025,2021-09-10
1.974,1.974,1.974,-0.0115172759,2021-09-13
1.927,1.927,1.927,-0.0238095238,2021-09-14
1.919,1.919,1.919,-0.0041515309,2021-09-15
1.956,1.956,1.956,0.0192808755,2021-09-16
1.957,1.957,1.957,0.0005112474,2021-09-17
1.945,1.945,1.945,-0.0061318344,2021-09-22
1.976,1.976,1.976,0.0159383033,2021-09-23
2.007,2.007,2.007,0.0156882591,2021-09-24
2.046,2.046,2.046,0.019431988,2021-09-27
2.06,2.06,2.06,0.0068426197,2021-09-28
2.076,2.076,2.076,0.0077669903,2021-09-29
2.126,2.126,2.126,0.0240847784,2021-09-30
2.308,2.308,2.308,0.0856067733,2021-10-08
2.386,2.386,2.386,0.0337954939,2021-10-11
2.437,2.437,2.437,0.0213746857,2021-10-12
2.412,2.412,2.412,-0.0102585146,2021-10-13
2.363,2.363,2.363,-0.0203150912,2021-10-14
2.425,2.425,2.425,0.0262378333,2021-10-15
2.536,2.536,2.536,0.0457731959,2021-10-18
2.584,2.584,2.584,0.0189274448,2021-10-19
2.49,2.49,2.49,-0.036377709,2021-10-20
2.49,2.49,2.49,0.0,2021-10-21
2.437,2.437,2.437,-0.0212851406,2021-10-22
2.442,2.442,2.442,0.0020517029,2021-10-25
2.447,2.447,2.447,0.002047502,2021-10-26
2.409,2.409,2.409,-0.0155292195,2021-10-27
2.401,2.401,2.401,-0.00332088,2021-10-28
2.389,2.389,2.389,-0.0049979175,2021-10-29
2.378,2.378,2.378,-0.004604437,2021-11-01
2.375,2.375,2.375,-0.0012615643,2021-11-02
2.386,2.386,2.386,0.0046315789,2021-11-03
2.385,2.385,2.385,-0.0004191115,2021-11-04
2.388,2.388,2.388,0.0012578616,2021-11-05
2.373,2.373,2.373,-0.006281407,2021-11-08
2.383,2.383,2.383,0.004214075,2021-11-09
2.414,2.414,2.414,0.0130088124,2021-11-10
2.378,2.378,2.378,-0.0149130075,2021-11-11
2.398,2.398,2.398,0.0084104289,2021-11-12
2.43,2.43,2.43,0.0133444537,2021-11-15
2.448,2.448,2.448,0.0074074074,2021-11-16
2.458,2.458,2.458,0.0040849673,2021-11-17
2.447,2.447,2.447,-0.0044751831,2021-11-18
2.45,2.45,2.45,0.001225991,2021-11-19
2.428,2.428,2.428,-0.0089795918,2021-11-22
2.411,2.411,2.411,-0.0070016474,2021-11-23
2.393,2.393,2.393,-0.0074657818,2021-11-24
2.412,2.412,2.412,0.0079398245,2021-11-25
2.387,2.387,2.387,-0.0103648425,2021-11-26
2.381,2.381,2.381,-0.0025136154,2021-11-29
2.395,2.395,2.395,0.0058798824,2021-11-30
2.441,2.441,2.441,0.0192066806,2021-12-01
2.438,2.438,2.438,-0.0012290045,2021-12-02
2.442,2.442,2.442,0.0016406891,2021-12-03
2.366,2.366,2.366,-0.0311220311,2021-12-06
2.358,2.358,2.358,-0.0033812342,2021-12-07
2.362,2.362,2.362,0.0016963528,2021-12-08
2.371,2.371,2.371,0.0038103302,2021-12-09
2.367,2.367,2.367,-0.0016870519,2021-12-10
2.355,2.355,2.355,-0.0050697085,2021-12-13
2.347,2.347,2.347,-0.0033970276,2021-12-14
2.352,2.352,2.352,0.0021303792,2021-12-15
2.364,2.364,2.364,0.0051020408,2021-12-16
2.299,2.299,2.299,-0.0274957699,2021-12-17
2.276,2.276,2.276,-0.0100043497,2021-12-20
2.307,2.307,2.307,0.0136203866,2021-12-21
2.286,2.286,2.286,-0.0091027308,2021-12-22
2.287,2.287,2.287,0.0004374453,2021-12-23
2.302,2.302,2.302,0.0065588107,2021-12-24
2.293,2.293,2.293,-0.0039096438,2021-12-27
2.291,2.291,2.291,-0.0008722198,2021-12-28
2.263,2.263,2.263,-0.0122217372,2021-12-29
2.287,2.287,2.287,0.0106053911,2021-12-30
2.312,2.312,2.312,0.0109313511,2021-12-31
2.317,2.317,2.317,0.0021626298,2022-01-04
2.327,2.327,2.327,0.0043159258,2022-01-05
2.306,2.306,2.306,-0.0090244951,2022-01-06
2.33,2.33,2.33,0.0104076323,2022-01-07
2.343,2.343,2.343,0.0055793991,2022-01-10
2.329,2.329,2.329,-0.0059752454,2022-01-11
2.384,2.384,2.384,0.0236152855,2022-01-12
2.425,2.425,2.425,0.0171979866,2022-01-13
2.427,2.427,2.427,0.0008247423,2022-01-14
2.404,2.404,2.404,-0.0094767202,2022-01-17
2.391,2.391,2.391,-0.0054076539,2022-01-18
2.468,2.468,2.468,0.0322040987,2022-01-19
2.488,2.488,2.488,0.0081037277,2022-01-20
2.496,2.496,2.496,0.0032154341,2022-01-21
2.479,2.479,2.479,-0.0068108974,2022-01-24
2.361,2.361,2.361,-0.0475998386,2022-01-25
2.391,2.391,2.391,0.0127064803,2022-01-26
2.448,2.448,2.448,0.0238393977,2022-01-27
2.487,2.487,2.487,0.0159313725,2022-01-28
2.675,2.675,2.675,0.075593084,2022-02-07
2.661,2.661,2.661,-0.0052336449,2022-02-08
2.585,2.585,2.585,-0.0285606915,2022-02-09
2.615,2.615,2.615,0.0116054159,2022-02-10
2.595,2.595,2.595,-0.0076481836,2022-02-11
2.564,2.564,2.564,-0.0119460501,2022-02-14
2.525,2.525,2.525,-0.0152106084,2022-02-15
2.516,2.516,2.516,-0.0035643564,2022-02-16
2.518,2.518,2.518,0.0007949126,2022-02-17
2.558,2.558,2.558,0.0158856235,2022-02-18
2.561,2.561,2.561,0.0011727912,2022-02-21
2.561,2.561,2.561,0.0,2022-02-22
2.592,2.592,2.592,0.0121046466,2022-02-23
2.615,2.615,2.615,0.0088734568,2022-02-24
2.653,2.653,2.653,0.0145315488,2022-02-25
2.558,2.558,2.558,-0.0358085187,2022-02-28
2.604,2.604,2.604,0.0179827991,2022-03-01
2.697,2.697,2.697,0.0357142857,2022-03-02
2.749,2.749,2.749,0.0192806822,2022-03-03
2.749,2.749,2.749,0.0,2022-03-04
2.831,2.831,2.831,0.0298290287,2022-03-07
2.882,2.882,2.882,0.0180148357,2022-03-08
3.028,3.028,3.028,0.0506592644,2022-03-09
2.872,2.872,2.872,-0.0515191546,2022-03-10
2.799,2.799,2.799,-0.0254178273,2022-03-11
2.606,2.606,2.606,-0.0689531976,2022-03-14
2.463,2.463,2.463,-0.0548733691,2022-03-15
2.536,2.536,2.536,0.0296386521,2022-03-16
2.583,2.583,2.583,0.018533123,2022-03-17
2.586,2.586,2.586,0.0011614402,2022-03-18
2.582,2.582,2.582,-0.0015467904,2022-03-21
2.592,2.592,2.592,0.0038729667,2022-03-22
2.593,2.593,2.593,0.0003858025,2022-03-23
2.629,2.629,2.629,0.0138835326,2022-03-24
2.587,2.587,2.587,-0.0159756561,2022-03-25
2.558,2.558,2.558,-0.0112098956,2022-03-28
2.545,2.545,2.545,-0.0050820954,2022-03-29
2.543,2.543,2.543,-0.0007858546,2022-03-30
2.543,2.543,2.543,0.0,2022-03-31
2.551,2.551,2.551,0.0031458907,2022-04-01
2.574,2.574,2.574,0.0090160721,2022-04-06
2.501,2.501,2.501,-0.0283605284,2022-04-07
2.482,2.482,2.482,-0.0075969612,2022-04-08
2.45,2.45,2.45,-0.0128928284,2022-04-11
2.502,2.502,2.502,0.0212244898,2022-04-12
2.494,2.494,2.494,-0.003197442,2022-04-13
2.522,2.522,2.522,0.0112269447,2022-04-14
2.544,2.544,2.544,0.0087232355,2022-04-15
2.572,2.572,2.572,0.0110062893,2022-04-18
2.56,2.56,2.56,-0.0046656299,2022-04-19
2.502,2.502,2.502,-0.02265625,2022-04-20
2.454,2.454,2.454,-0.0191846523,2022-04-21
2.434,2.434,2.434,-0.0081499593,2022-04-22
2.306,2.306,2.306,-0.052588332,2022-04-25
2.304,2.304,2.304,-0.0008673027,2022-04-26
2.313,2.313,2.313,0.00390625,2022-04-27
2.319,2.319,2.319,0.0025940337,2022-04-28
2.375,2.375,2.375,0.0241483398,2022-04-29
2.374,2.374,2.374,-0.0004210526,2022-05-05
2.313,2.313,2.313,-0.0256950295,2022-05-06
2.299,2.299,2.299,-0.0060527454,2022-05-09
2.324,2.324,2.324,0.0108742932,2022-05-10
2.331,2.331,2.331,0.0030120482,2022-05-11
2.317,2.317,2.317,-0.006006006,2022-05-12
2.344,2.344,2.344,0.0116529996,2022-05-13
2.32,2.32,2.32,-0.0102389078,2022-05-16
2.329,2.329,2.329,0.0038793103,2022-05-17
2.319,2.319,2.319,-0.0042936883,2022-05-18
2.267,2.267,2.267,-0.0224234584,2022-05-19
2.297,2.297,2.297,0.013233348,2022-05-20
2.288,2.288,2.288,-0.0039181541,2022-05-23
2.21,2.21,2.21,-0.0340909091,2022-05-24
2.237,2.237,2.237,0.0122171946,2022-05-25
2.241,2.241,2.241,0.0017881091,2022-05-26
2.264,2.264,2.264,0.0102632753,2022-05-27
2.272,2.272,2.272,0.0035335689,2022-05-30
2.338,2.338,2.338,0.0290492958,2022-05-31
2.311,2.311,2.311,-0.0115483319,2022-06-01
2.31,2.31,2.31,-0.0004327131,2022-06-02
2.365,2.365,2.365,0.0238095238,2022-06-06
2.366,2.366,2.366,0.000422833,2022-06-07
2.417,2.417,2.417,0.0215553677,2022-06-08
2.411,2.411,2.411,-0.0024824162,2022-06-09
2.428,2.428,2.428,0.0070510162,2022-06-10
2.333,2.333,2.333,-0.0391268534,2022-06-13
2.314,2.314,2.314,-0.0081440206,2022-06-14
2.352,2.352,2.352,0.0164217805,2022-06-15
2.313,2.313,2.313,-0.0165816327,2022-06-16
2.367,2.367,2.367,0.0233463035,2022-06-17
2.411,2.411,2.411,0.0185889311,2022-06-20
2.442,2.442,2.442,0.0128577354,2022-06-21
2.429,2.429,2.429,-0.0053235053,2022-06-22
2.56,2.56,2.56,0.0539316591,2022-06-23
2.657,2.657,2.657,0.037890625,2022-06-24
2.731,2.731,2.731,0.0278509597,2022-06-27
2.664,2.664,2.664,-0.024533138,2022-06-28
2.616,2.616,2.616,-0.018018018,2022-06-29
2.636,2.636,2.636,0.0076452599,2022-06-30
2.696,2.696,2.696,0.0227617602,2022-07-01
2.786,2.786,2.786,0.0333827893,2022-07-04
2.784,2.784,2.784,-0.0007178751,2022-07-05
2.874,2.874,2.874,0.0323275862,2022-07-06
2.854,2.854,2.854,-0.0069589422,2022-07-07
2.793,2.793,2.793,-0.0213735109,2022-07-08
2.801,2.801,2.801,0.0028643036,2022-07-11
2.814,2.814,2.814,0.0046411996,2022-07-12
2.934,2.934,2.934,0.0426439232,2022-07-13
2.956,2.956,2.956,0.0074982958,2022-07-14
3.001,3.001,3.001,0.0152232747,2022-07-15
2.931,2.931,2.931,-0.0233255581,2022-07-18
2.847,2.847,2.847,-0.0286591607,2022-07-19
2.885,2.885,2.885,0.0133473832,2022-07-20
2.883,2.883,2.883,-0.0006932409,2022-07-21
2.874,2.874,2.874,-0.0031217482,2022-07-22
2.84,2.84,2.84,-0.0118302018,2022-07-25
2.808,2.808,2.808,-0.0112676056,2022-07-26
2.782,2.782,2.782,-0.0092592593,2022-07-27
2.737,2.737,2.737,-0.0161754134,2022-07-28
2.707,2.707,2.707,-0.0109609061,2022-07-29
2.73,2.73,2.73,0.0084964906,2022-08-01
2.648,2.648,2.648,-0.03003663,2022-08-02
2.647,2.647,2.647,-0.0003776435,2022-08-03
2.625,2.625,2.625,-0.0083112958,2022-08-04
2.656,2.656,2.656,0.0118095238,2022-08-05
2.622,2.622,2.622,-0.0128012048,2022-08-08
2.627,2.627,2.627,0.0019069413,2022-08-09
2.591,2.591,2.591,-0.0137038447,2022-08-10
2.644,2.644,2.644,0.0204554226,2022-08-11
2.66,2.66,2.66,0.0060514372,2022-08-12
2.617,2.617,2.617,-0.0161654135,2022-08-15
2.566,2.566,2.566,-0.0194879633,2022-08-16
2.602,2.602,2.602,0.0140296181,2022-08-17
2.554,2.554,2.554,-0.0184473482,2022-08-18
2.557,2.557,2.557,0.001174628,2022-08-19
2.519,2.519,2.519,-0.0148611654,2022-08-22
2.5,2.5,2.5,-0.0075426757,2022-08-23
2.466,2.466,2.466,-0.0136,2022-08-24
2.494,2.494,2.494,0.0113544201,2022-08-25
2.496,2.496,2.496,0.0008019246,2022-08-26
2.456,2.456,2.456,-0.016025641,2022-08-29
2.42,2.42,2.42,-0.0146579805,2022-08-30
2.421,2.421,2.421,0.0004132231,2022-08-31
2.381,2.381,2.381,-0.0165220983,2022-09-01
2.41,2.41,2.41,0.0121797564,2022-09-02
2.368,2.368,2.368,-0.0174273859,2022-09-05
2.339,2.339,2.339,-0.0122466216,2022-09-06
2.34,2.34,2.34,0.0004275331,2022-09-07
2.341,2.341,2.341,0.0004273504,2022-09-08
2.36,2.36,2.36,0.0081161897,2022-09-09
2.396,2.396,2.396,0.0152542373,2022-09-13
2.353,2.353,2.353,-0.0179465776,2022-09-14
2.342,2.342,2.342,-0.0046748831,2022-09-15
2.274,2.274,2.274,-0.0290350128,2022-09-16
2.255,2.255,2.255,-0.008355321,2022-09-19
2.278,2.278,2.278,0.0101995565,2022-09-20
2.238,2.238,2.238,-0.0175592625,2022-09-21
2.22,2.22,2.22,-0.0080428954,2022-09-22
2.191,2.191,2.191,-0.0130630631,2022-09-23
2.148,2.148,2.148,-0.0196257417,2022-09-26
2.23,2.23,2.23,0.0381750466,2022-09-27
2.214,2.214,2.214,-0.0071748879,2022-09-28
2.194,2.194,2.194,-0.0090334237,2022-09-29
2.168,2.168,2.168,-0.0118505014,2022-09-30
2.135,2.135,2.135,-0.0152214022,2022-10-10
2.059,2.059,2.059,-0.0355971897,2022-10-11
2.013,2.013,2.013,-0.0223409422,2022-10-12
2.01,2.01,2.01,-0.001490313,2022-10-13
2.087,2.087,2.087,0.0383084577,2022-10-14
2.085,2.085,2.085,-0.0009583134,2022-10-17
2.088,2.088,2.088,0.0014388489,2022-10-18
2.042,2.042,2.042,-0.0220306513,2022-10-19
2.025,2.025,2.025,-0.0083251714,2022-10-20
2.016,2.016,2.016,-0.0044444444,2022-10-21
1.947,1.947,1.947,-0.0342261905,2022-10-24
1.966,1.966,1.966,0.009758603,2022-10-25
2.021,2.021,2.021,0.0279755849,2022-10-26
2.021,2.021,2.021,0.0,2022-10-27
2.0,2.0,2.0,-0.0103908956,2022-10-28
2.013,2.013,2.013,0.0065,2022-10-31
2.068,2.068,2.068,0.0273224044,2022-11-01
2.066,2.066,2.066,-0.000967118,2022-11-02
2.031,2.031,2.031,-0.0169409487,2022-11-03
2.022,2.022,2.022,-0.0044313146,2022-11-04
2.041,2.041,2.041,0.009396637,2022-11-07
2.033,2.033,2.033,-0.0039196472,2022-11-08
2.022,2.022,2.022,-0.0054107231,2022-11-09
2.013,2.013,2.013,-0.0044510386,2022-11-10
2.08,2.08,2.08,0.0332836562,2022-11-11
2.106,2.106,2.106,0.0125,2022-11-14
2.154,2.154,2.154,0.0227920228,2022-11-15
2.173,2.173,2.173,0.0088207985,2022-11-16
2.146,2.146,2.146,-0.0124252186,2022-11-17
2.174,2.174,2.174,0.0130475303,2022-11-18
2.094,2.094,2.094,-0.0367985281,2022-11-21
2.08,2.08,2.08,-0.0066857689,2022-11-22
2.057,2.057,2.057,-0.0110576923,2022-11-23
2.065,2.065,2.065,0.003889159,2022-11-24
2.045,2.045,2.045,-0.00968523,2022-11-25
2.018,2.018,2.018,-0.013202934,2022-11-28
2.099,2.099,2.099,0.0401387512,2022-11-29
2.081,2.081,2.081,-0.0085755121,2022-11-30
2.115,2.115,2.115,0.0163382989,2022-12-01
2.127,2.127,2.127,0.0056737589,2022-12-02
2.212,2.212,2.212,0.0399623883,2022-12-05
2.202,2.202,2.202,-0.0045207957,2022-12-06
2.21,2.21,2.21,0.0036330609,2022-12-07
2.249,2.249,2.249,0.0176470588,2022-12-08
2.346,2.346,2.346,0.0431302801,2022-12-09
2.342,2.342,2.342,-0.0017050298,2022-12-12
2.308,2.308,2.308,-0.0145175064,2022-12-13
2.315,2.315,2.315,0.0030329289,2022-12-14
2.307,2.307,2.307,-0.0034557235,2022-12-15
2.331,2.331,2.331,0.0104031209,2022-12-16
2.226,2.226,2.226,-0.045045045,2022-12-19
2.161,2.161,2.161,-0.0292003594,2022-12-20
2.187,2.187,2.187,0.0120314669,2022-12-21
2.215,2.215,2.215,0.0128029264,2022-12-22
2.208,2.208,2.208,-0.0031602709,2022-12-23
2.202,2.202,2.202,-0.0027173913,2022-12-26
2.229,2.229,2.229,0.0122615804,2022-12-27
2.264,2.264,2.264,0.0157021086,2022-12-28
2.255,2.255,2.255,-0.003975265,2022-12-29
2.284,2.284,2.284,0.0128603104,2022-12-30
2.289,2.289,2.289,0.0021891419,2023-01-03
2.308,2.308,2.308,0.0083005679,2023-01-04
2.295,2.295,2.295,-0.0056325823,2023-01-05
2.266,2.266,2.266,-0.0126361656,2023-01-06
2.287,2.287,2.287,0.0092674316,2023-01-09
2.275,2.275,2.275,-0.0052470485,2023-01-10
2.293,2.293,2.293,0.0079120879,2023-01-11
2.286,2.286,2.286,-0.0030527693,2023-01-12
2.352,2.352,2.352,0.0288713911,2023-01-13
2.383,2.383,2.383,0.0131802721,2023-01-16
2.378,2.378,2.378,-0.0020981956,2023-01-17
2.406,2.406,2.406,0.0117746005,2023-01-18
2.444,2.444,2.444,0.0157938487,2023-01-19
2.477,2.477,2.477,0.013502455,2023-01-20
2.486,2.486,2.486,0.0036334275,2023-01-30
2.418,2.418,2.418,-0.0273531778,2023-01-31
2.432,2.432,2.432,0.005789909,2023-02-01
2.368,2.368,2.368,-0.0263157895,2023-02-02
2.313,2.313,2.313,-0.0232263514,2023-02-03
2.242,2.242,2.242,-0.0306960657,2023-02-06
2.236,2.236,2.236,-0.002676182,2023-02-07
2.225,2.225,2.225,-0.0049194991,2023-02-08
2.243,2.243,2.243,0.0080898876,2023-02-09
2.207,2.207,2.207,-0.0160499331,2023-02-10
2.218,2.218,2.218,0.0049841414,2023-02-13
2.232,2.232,2.232,0.0063119928,2023-02-14
2.194,2.194,2.194,-0.0170250896,2023-02-15
2.197,2.197,2.197,0.0013673655,2023-02-16
2.177,2.177,2.177,-0.0091033227,2023-02-17
2.205,2.205,2.205,0.0128617363,2023-02-20
2.182,2.182,2.182,-0.010430839,2023-02-21
2.172,2.172,2.172,-0.0045829514,2023-02-22
2.163,2.163,2.163,-0.0041436464,2023-02-23
2.138,2.138,2.138,-0.0115580213,2023-02-24
2.111,2.111,2.111,-0.0126286249,2023-02-27
2.098,2.098,2.098,-0.0061582189,2023-02-28
2.14,2.14,2.14,0.0200190658,2023-03-01
2.125,2.125,2.125,-0.0070093458,2023-03-02
2.158,2.158,2.158,0.0155294118,2023-03-03
2.12,2.12,2.12,-0.0176088971,2023-03-06
2.09,2.09,2.09,-0.0141509434,2023-03-07
2.073,2.073,2.073,-0.0081339713,2023-03-08
2.049,2.049,2.049,-0.011577424,2023-03-09
2.054,2.054,2.054,0.0024402147,2023-03-10
2.082,2.082,2.082,0.0136319377,2023-03-13
2.068,2.068,2.068,-0.0067243036,2023-03-14
2.07,2.07,2.07,0.000967118,2023-03-15
2.108,2.108,2.108,0.0183574879,2023-03-16
2.118,2.118,2.118,0.004743833,2023-03-17
2.11,2.11,2.11,-0.0037771483,2023-03-20
2.165,2.165,2.165,0.0260663507,2023-03-21
2.175,2.175,2.175,0.0046189376,2023-03-22
2.207,2.207,2.207,0.0147126437,2023-03-23
2.208,2.208,2.208,0.0004531038,2023-03-24
2.204,2.204,2.204,-0.0018115942,2023-03-27
2.174,2.174,2.174,-0.0136116152,2023-03-28
2.16,2.16,2.16,-0.0064397424,2023-03-29
2.174,2.174,2.174,0.0064814815,2023-03-30
2.171,2.171,2.171,-0.0013799448,2023-03-31
2.148,2.148,2.148,-0.0105941962,2023-04-03
2.138,2.138,2.138,-0.0046554935,2023-04-04
2.162,2.162,2.162,0.0112254443,2023-04-06
2.192,2.192,2.192,0.0138760407,2023-04-07
2.197,2.197,2.197,0.0022810219,2023-04-10
2.197,2.197,2.197,0.0,2023-04-11
2.196,2.196,2.196,-0.0004551661,2023-04-12
2.227,2.227,2.227,0.0141165756,2023-04-13
2.232,2.232,2.232,0.0022451729,2023-04-14
2.264,2.264,2.264,0.0143369176,2023-04-17
2.218,2.218,2.218,-0.0203180212,2023-04-18
2.204,2.204,2.204,-0.0063119928,2023-04-19
2.181,2.181,2.181,-0.0104355717,2023-04-20
2.141,2.141,2.141,-0.0183402109,2023-04-21
2.121,2.121,2.121,-0.0093414292,2023-04-24
2.136,2.136,2.136,0.0070721358,2023-04-25
2.146,2.146,2.146,0.0046816479,2023-04-26
2.142,2.142,2.142,-0.0018639329,2023-04-27
2.165,2.165,2.165,0.0107376284,2023-04-28
2.229,2.229,2.229,0.0295612009,2023-05-04
2.232,2.232,2.232,0.001345895,2023-05-05
2.165,2.165,2.165,-0.0300179211,2023-05-08
2.136,2.136,2.136,-0.0133949192,2023-05-09
2.147,2.147,2.147,0.0051498127,2023-05-10
2.177,2.177,2.177,0.0139729856,2023-05-11
2.179,2.179,2.179,0.0009186955,2023-05-12
2.208,2.208,2.208,0.0133088573,2023-05-15
2.213,2.213,2.213,0.0022644928,2023-05-16
2.2,2.2,2.2,-0.0058743787,2023-05-17
2.177,2.177,2.177,-0.0104545455,2023-05-18
2.198,2.198,2.198,0.0096463023,2023-05-19
2.235,2.235,2.235,0.016833485,2023-05-22
2.245,2.245,2.245,0.0044742729,2023-05-23
2.252,2.252,2.252,0.0031180401,2023-05-24
2.252,2.252,2.252,0.0,2023-05-25
2.233,2.233,2.233,-0.0084369449,2023-05-26
2.174,2.174,2.174,-0.026421854,2023-05-29
2.176,2.176,2.176,0.0009199632,2023-05-30
2.197,2.197,2.197,0.0096507353,2023-05-31
2.155,2.155,2.155,-0.0191169777,2023-06-01
2.113,2.113,2.113,-0.0194895592,2023-06-02
2.093,2.093,2.093,-0.0094652153,2023-06-05
2.082,2.082,2.082,-0.005255614,2023-06-06
2.076,2.076,2.076,-0.0028818444,2023-06-07
2.08,2.08,2.08,0.0019267823,2023-06-08
2.068,2.068,2.068,-0.0057692308,2023-06-09
2.052,2.052,2.052,-0.0077369439,2023-06-12
2.051,2.051,2.051,-0.0004873294,2023-06-13
2.055,2.055,2.055,0.0019502682,2023-06-14
2.093,2.093,2.093,0.0184914842,2023-06-15
2.141,2.141,2.141,0.0229335882,2023-06-16
2.118,2.118,2.118,-0.0107426436,2023-06-19
2.107,2.107,2.107,-0.0051935788,2023-06-20
2.05,2.05,2.05,-0.0270526815,2023-06-21
1.974,1.974,1.974,-0.0370731707,2023-06-26
2.005,2.005,2.005,0.015704154,2023-06-27
1.982,1.982,1.982,-0.0114713217,2023-06-28
1.997,1.997,1.997,0.007568113,2023-06-29
2.015,2.015,2.015,0.0090135203,2023-06-30
2.081,2.081,2.081,0.0327543424,2023-07-03
2.102,2.102,2.102,0.0100913023,2023-07-04
2.081,2.081,2.081,-0.0099904853,2023-07-05
2.081,2.081,2.081,0.0,2023-07-06
2.089,2.089,2.089,0.0038443056,2023-07-07
2.073,2.073,2.073,-0.0076591671,2023-07-10
2.127,2.127,2.127,0.0260492041,2023-07-11
2.147,2.147,2.147,0.0094029149,2023-07-12
2.191,2.191,2.191,0.0204937122,2023-07-13
2.234,2.234,2.234,0.0196257417,2023-07-14
2.159,2.159,2.159,-0.033572068,2023-07-17
2.128,2.128,2.128,-0.0143584993,2023-07-18
2.159,2.159,2.159,0.0145676692,2023-07-19
2.201,2.201,2.201,0.0194534507,2023-07-20
2.191,2.191,2.191,-0.0045433894,2023-07-21
2.157,2.157,2.157,-0.0155180283,2023-07-24
2.234,2.234,2.234,0.0356977283,2023-07-25
2.286,2.286,2.286,0.0232766338,2023-07-26
2.315,2.315,2.315,0.0126859143,2023-07-27
2.347,2.347,2.347,0.0138228942,2023-07-28
2.336,2.336,2.336,-0.0046868343,2023-07-31
2.35,2.35,2.35,0.0059931507,2023-08-01
2.337,2.337,2.337,-0.0055319149,2023-08-02
2.291,2.291,2.291,-0.0196833547,2023-08-03
2.295,2.295,2.295,0.0017459625,2023-08-04
2.247,2.247,2.247,-0.0209150327,2023-08-07
2.247,2.247,2.247,0.0,2023-08-08
2.264,2.264,2.264,0.0075656431,2023-08-09
2.278,2.278,2.278,0.0061837456,2023-08-10
2.237,2.237,2.237,-0.0179982441,2023-08-11
2.226,2.226,2.226,-0.0049173,2023-08-14
2.224,2.224,2.224,-0.0008984726,2023-08-15
2.208,2.208,2.208,-0.0071942446,2023-08-16
2.222,2.222,2.222,0.0063405797,2023-08-17
2.201,2.201,2.201,-0.0094509451,2023-08-18
2.211,2.211,2.211,0.0045433894,2023-08-21
2.22,2.22,2.22,0.0040705563,2023-08-22
2.199,2.199,2.199,-0.0094594595,2023-08-23
2.227,2.227,2.227,0.0127330605,2023-08-24
2.228,2.228,2.228,0.0004490346,2023-08-25
2.252,2.252,2.252,0.0107719928,2023-08-28
2.234,2.234,2.234,-0.0079928952,2023-08-29
2.257,2.257,2.257,0.0102954342,2023-08-30
2.284,2.284,2.284,0.0119627825,2023-08-31
2.347,2.347,2.347,0.0275831874,2023-09-01
2.391,2.391,2.391,0.018747337,2023-09-04
2.356,2.356,2.356,-0.0146382267,2023-09-05
2.373,2.373,2.373,0.0072156197,2023-09-06
2.322,2.322,2.322,-0.0214917826,2023-09-07
2.299,2.299,2.299,-0.0099052541,2023-09-08
2.317,2.317,2.317,0.0078294911,2023-09-11
2.325,2.325,2.325,0.0034527406,2023-09-12
2.316,2.316,2.316,-0.0038709677,2023-09-13
2.317,2.317,2.317,0.0004317789,2023-09-14
2.353,2.353,2.353,0.0155373328,2023-09-15
2.336,2.336,2.336,-0.0072248194,2023-09-18
2.357,2.357,2.357,0.008989726,2023-09-19
2.329,2.329,2.329,-0.0118795078,2023-09-20
2.275,2.275,2.275,-0.0231859167,2023-09-21
2.309,2.309,2.309,0.0149450549,2023-09-22
2.293,2.293,2.293,-0.0069294067,2023-09-25
2.268,2.268,2.268,-0.0109027475,2023-09-26
2.285,2.285,2.285,0.0074955908,2023-09-27
2.256,2.256,2.256,-0.0126914661,2023-09-28
2.262,2.262,2.262,0.0026595745,2023-10-09
2.252,2.252,2.252,-0.0044208665,2023-10-10
2.292,2.292,2.292,0.0177619893,2023-10-11
2.327,2.327,2.327,0.0152705061,2023-10-12
2.298,2.298,2.298,-0.0124623979,2023-10-13
2.248,2.248,2.248,-0.0217580505,2023-10-16
2.249,2.249,2.249,0.0004448399,2023-10-17
2.225,2.225,2.225,-0.0106714095,2023-10-18
2.195,2.195,2.195,-0.0134831461,2023-10-19
2.154,2.154,2.154,-0.0186788155,2023-10-20
2.171,2.171,2.171,0.0078922934,2023-10-23
2.169,2.169,2.169,-0.0009212345,2023-10-24
2.139,2.139,2.139,-0.0138312586,2023-10-25
2.153,2.153,2.153,0.0065451145,2023-10-26
2.173,2.173,2.173,0.0092893637,2023-10-27
2.162,2.162,2.162,-0.0050621261,2023-10-30
2.165,2.165,2.165,0.0013876041,2023-10-31
2.181,2.181,2.181,0.0073903002,2023-11-01
2.171,2.171,2.171,-0.0045850527,2023-11-02
2.188,2.188,2.188,0.0078304929,2023-11-03
2.203,2.203,2.203,0.0068555759,2023-11-06
2.2,2.2,2.2,-0.0013617794,2023-11-07
2.218,2.218,2.218,0.0081818182,2023-11-08
2.226,2.226,2.226,0.003606853,2023-11-09
2.243,2.243,2.243,0.0076370171,2023-11-10
2.237,2.237,2.237,-0.0026749889,2023-11-13
2.223,2.223,2.223,-0.0062583818,2023-11-14
2.253,2.253,2.253,0.0134952767,2023-11-15
2.235,2.235,2.235,-0.0079893475,2023-11-16
2.24,2.24,2.24,0.0022371365,2023-11-17
2.255,2.255,2.255,0.0066964286,2023-11-20
2.26,2.26,2.26,0.0022172949,2023-11-21
2.244,2.244,2.244,-0.007079646,2023-11-22
2.293,2.293,2.293,0.0218360071,2023-11-23
2.262,2.262,2.262,-0.0135194069,2023-11-24
2.282,2.282,2.282,0.008841733,2023-11-27
2.295,2.295,2.295,0.0056967572,2023-11-28
2.268,2.268,2.268,-0.0117647059,2023-11-29
2.265,2.265,2.265,-0.0013227513,2023-11-30
2.275,2.275,2.275,0.004415011,2023-12-01
2.274,2.274,2.274,-0.0004395604,2023-12-04
2.253,2.253,2.253,-0.0092348285,2023-12-05
2.241,2.241,2.241,-0.0053262317,2023-12-06
2.268,2.268,2.268,0.0120481928,2023-12-07
2.26,2.26,2.26,-0.0035273369,2023-12-08
2.233,2.233,2.233,-0.0119469027,2023-12-11
2.225,2.225,2.225,-0.0035826243,2023-12-12
2.188,2.188,2.188,-0.0166292135,2023-12-13
2.177,2.177,2.177,-0.0050274223,2023-12-14
2.149,2.149,2.149,-0.0128617363,2023-12-15
2.151,2.151,2.151,0.0009306654,2023-12-18
2.128,2.128,2.128,-0.0106927011,2023-12-19
2.12,2.12,2.12,-0.0037593985,2023-12-20
2.142,2.142,2.142,0.0103773585,2023-12-21
2.125,2.125,2.125,-0.0079365079,2023-12-22
2.117,2.117,2.117,-0.0037647059,2023-12-25
2.108,2.108,2.108,-0.004251299,2023-12-26
2.118,2.118,2.118,0.004743833,2023-12-27
2.145,2.145,2.145,0.0127478754,2023-12-28
2.146,2.146,2.146,0.0004662005,2023-12-29
2.145,2.145,2.145,-0.0004659832,2024-01-02
2.135,2.135,2.135,-0.0046620047,2024-01-03
2.088,2.088,2.088,-0.0220140515,2024-01-04
2.068,2.068,2.068,-0.0095785441,2024-01-05
2.04,2.04,2.04,-0.0135396518,2024-01-08
2.038,2.038,2.038,-0.0009803922,2024-01-09
2.024,2.024,2.024,-0.0068694799,2024-01-10
2.037,2.037,2.037,0.0064229249,2024-01-11
2.04,2.04,2.04,0.0014727541,2024-01-12
2.04,2.04,2.04,0.0,2024-01-15
2.029,2.029,2.029,-0.0053921569,2024-01-16
1.991,1.991,1.991,-0.0187284377,2024-01-17
2.001,2.001,2.001,0.0050226017,2024-01-18
1.99,1.99,1.99,-0.0054972514,2024-01-19
1.96,1.96,1.96,-0.0150753769,2024-01-22
1.952,1.952,1.952,-0.0040816327,2024-01-23
1.971,1.971,1.971,0.0097336066,2024-01-24
2.035,2.035,2.035,0.032470827,2024-01-25
2.01,2.01,2.01,-0.0122850123,2024-01-26
1.985,1.985,1.985,-0.0124378109,2024-01-29
1.941,1.941,1.941,-0.0221662469,2024-01-30
1.907,1.907,1.907,-0.0175167439,2024-01-31
1.895,1.895,1.895,-0.0062926062,2024-02-01
1.861,1.861,1.861,-0.0179419525,2024-02-02
1.88,1.88,1.88,0.0102095648,2024-02-05
1.966,1.966,1.966,0.0457446809,2024-02-06
1.988,1.988,1.988,0.011190234,2024-02-07
2.001,2.001,2.001,0.0065392354,2024-02-08
2.011,2.011,2.011,0.0049975012,2024-02-19
2.023,2.023,2.023,0.0059671805,2024-02-20
2.043,2.043,2.043,0.0098863075,2024-02-21
2.073,2.073,2.073,0.0146842878,2024-02-22
2.082,2.082,2.082,0.004341534,2024-02-23
2.045,2.045,2.045,-0.0177713737,2024-02-26
2.065,2.065,2.065,0.0097799511,2024-02-27
2.042,2.042,2.042,-0.0111380145,2024-02-28
2.072,2.072,2.072,0.0146914789,2024-02-29
2.078,2.078,2.078,0.0028957529,2024-03-01
2.084,2.084,2.084,0.0028873917,2024-03-04
2.066,2.066,2.066,-0.0086372361,2024-03-05
2.073,2.073,2.073,0.0033881897,2024-03-06
2.052,2.052,2.052,-0.010130246,2024-03-07
2.088,2.088,2.088,0.0175438596,2024-03-08
2.143,2.143,2.143,0.0263409962,2024-03-11
2.185,2.185,2.185,0.0195986934,2024-03-12
2.181,2.181,2.181,-0.0018306636,2024-03-13
2.229,2.229,2.229,0.0220082531,2024-03-14
2.283,2.283,2.283,0.0242261104,2024-03-15
2.356,2.356,2.356,0.0319754709,2024-03-18
2.355,2.355,2.355,-0.0004244482,2024-03-19
2.352,2.352,2.352,-0.0012738854,2024-03-20
2.344,2.344,2.344,-0.0034013605,2024-03-21
2.261,2.261,2.261,-0.0354095563,2024-03-22
2.229,2.229,2.229,-0.0141530296,2024-03-25
2.244,2.244,2.244,0.0067294751,2024-03-26
2.218,2.218,2.218,-0.0115864528,2024-03-27
2.219,2.219,2.219,0.0004508566,2024-03-28
2.256,2.256,2.256,0.0166741776,2024-03-29
2.274,2.274,2.274,0.0079787234,2024-04-01
2.258,2.258,2.258,-0.0070360598,2024-04-02
2.258,2.258,2.258,0.0,2024-04-03
2.246,2.246,2.246,-0.0053144376,2024-04-08
2.299,2.299,2.299,0.0235975067,2024-04-09
2.318,2.318,2.318,0.0082644628,2024-04-10
2.294,2.294,2.294,-0.0103537532,2024-04-11
2.289,2.289,2.289,-0.002179599,2024-04-12
2.326,2.326,2.326,0.0161642639,2024-04-15
2.297,2.297,2.297,-0.0124677558,2024-04-16
2.296,2.296,2.296,-0.0004353505,2024-04-17
2.309,2.309,2.309,0.0056620209,2024-04-18
2.299,2.299,2.299,-0.0043308792,2024-04-19
2.316,2.316,2.316,0.0073945194,2024-04-22
2.282,2.282,2.282,-0.0146804836,2024-04-23
2.283,2.283,2.283,0.0004382121,2024-04-24
2.293,2.293,2.293,0.0043802015,2024-04-25
2.323,2.323,2.323,0.013083297,2024-04-26
2.341,2.341,2.341,0.0077486009,2024-04-29
2.318,2.318,2.318,-0.0098248612,2024-04-30
2.381,2.381,2.381,0.0271786022,2024-05-06
2.397,2.397,2.397,0.0067198656,2024-05-07
2.339,2.339,2.339,-0.0241969128,2024-05-08
2.362,2.362,2.362,0.0098332621,2024-05-09
2.341,2.341,2.341,-0.0088907705,2024-05-10
2.332,2.332,2.332,-0.0038445109,2024-05-13
2.361,2.361,2.361,0.0124356775,2024-05-14
2.335,2.335,2.335,-0.0110122829,2024-05-15
2.343,2.343,2.343,0.0034261242,2024-05-16
2.38,2.38,2.38,0.01579172,2024-05-17
2.463,2.463,2.463,0.0348739496,2024-05-20
2.464,2.464,2.464,0.0004060089,2024-05-21
2.469,2.469,2.469,0.0020292208,2024-05-22
2.407,2.407,2.407,-0.0251113811,2024-05-23
2.401,2.401,2.401,-0.0024927295,2024-05-24
2.398,2.398,2.398,-0.0012494794,2024-05-27
2.404,2.404,2.404,0.0025020851,2024-05-28
2.391,2.391,2.391,-0.0054076539,2024-05-29
2.396,2.396,2.396,0.0020911752,2024-05-30
2.367,2.367,2.367,-0.0121035058,2024-05-31
2.365,2.365,2.365,-0.0008449514,2024-06-03
2.396,2.396,2.396,0.0131078224,2024-06-04
2.407,2.407,2.407,0.004590985,2024-06-05
2.4,2.4,2.4,-0.0029081845,2024-06-06
2.393,2.393,2.393,-0.0029166667,2024-06-07
2.366,2.366,2.366,-0.0112829085,2024-06-11
2.364,2.364,2.364,-0.0008453085,2024-06-12
2.355,2.355,2.355,-0.0038071066,2024-06-13
2.347,2.347,2.347,-0.0033970276,2024-06-14
2.346,2.346,2.346,-0.0004260758,2024-06-17
2.336,2.336,2.336,-0.0042625746,2024-06-18
2.349,2.349,2.349,0.0055650685,2024-06-19
2.335,2.335,2.335,-0.005959983,2024-06-20
2.324,2.324,2.324,-0.0047109208,2024-06-21
2.342,2.342,2.342,0.0077452668,2024-06-24
2.347,2.347,2.347,0.0021349274,2024-06-25
2.331,2.331,2.331,-0.0068172135,2024-06-26
2.309,2.309,2.309,-0.0094380094,2024-06-27
2.289,2.289,2.289,-0.0086617583,2024-06-28
2.269,2.269,2.269,-0.0087374399,2024-07-01
2.273,2.273,2.273,0.0017628911,2024-07-02
2.272,2.272,2.272,-0.0004399472,2024-07-03
2.261,2.261,2.261,-0.0048415493,2024-07-04
2.268,2.268,2.268,0.0030959752,2024-07-05
2.232,2.232,2.232,-0.0158730159,2024-07-08
2.224,2.224,2.224,-0.0035842294,2024-07-09
2.235,2.235,2.235,0.0049460432,2024-07-10
2.26,2.26,2.26,0.0111856823,2024-07-11
2.256,2.256,2.256,-0.0017699115,2024-07-12
2.254,2.254,2.254,-0.0008865248,2024-07-15
2.262,2.262,2.262,0.0035492458,2024-07-16
2.262,2.262,2.262,0.0,2024-07-17
2.27,2.27,2.27,0.0035366932,2024-07-18
2.265,2.265,2.265,-0.0022026432,2024-07-19
2.29,2.29,2.29,0.0110375276,2024-07-22
2.309,2.309,2.309,0.0082969432,2024-07-23
2.279,2.279,2.279,-0.0129926375,2024-07-24
2.322,2.322,2.322,0.0188679245,2024-07-25
2.288,2.288,2.288,-0.0146425495,2024-07-26
2.285,2.285,2.285,-0.0013111888,2024-07-29
2.294,2.294,2.294,0.0039387309,2024-07-30
2.319,2.319,2.319,0.0108979948,2024-07-31
2.273,2.273,2.273,-0.0198361363,2024-08-01
2.261,2.261,2.261,-0.0052793665,2024-08-02
2.25,2.25,2.25,-0.0048651039,2024-08-05
2.277,2.277,2.277,0.012,2024-08-06
2.298,2.298,2.298,0.0092226614,2024-08-07
2.31,2.31,2.31,0.0052219321,2024-08-08
2.286,2.286,2.286,-0.0103896104,2024-08-09
2.306,2.306,2.306,0.0087489064,2024-08-12
2.313,2.313,2.313,0.0030355594,2024-08-13
2.338,2.338,2.338,0.0108084738,2024-08-14
2.334,2.334,2.334,-0.001710864,2024-08-15
2.321,2.321,2.321,-0.0055698372,2024-08-16
2.311,2.311,2.311,-0.0043084877,2024-08-19
2.29,2.29,2.29,-0.0090869753,2024-08-20
2.299,2.299,2.299,0.003930131,2024-08-21
2.289,2.289,2.289,-0.0043497173,2024-08-22
2.296,2.296,2.296,0.003058104,2024-08-23
2.267,2.267,2.267,-0.012630662,2024-08-26
2.273,2.273,2.273,0.0026466696,2024-08-27
2.271,2.271,2.271,-0.0008798944,2024-08-28
2.269,2.269,2.269,-0.0008806693,2024-08-29
2.297,2.297,2.297,0.012340238,2024-08-30
2.236,2.236,2.236,-0.0265563779,2024-09-02
2.261,2.261,2.261,0.0111806798,2024-09-03
2.274,2.274,2.274,0.0057496683,2024-09-04
2.321,2.321,2.321,0.0206684257,2024-09-05
2.323,2.323,2.323,0.0008616975,2024-09-06
2.346,2.346,2.346,0.0099009901,2024-09-09
2.352,2.352,2.352,0.0025575448,2024-09-10
2.346,2.346,2.346,-0.0025510204,2024-09-11
2.305,2.305,2.305,-0.0174765558,2024-09-12
2.302,2.302,2.302,-0.0013015184,2024-09-13
2.337,2.337,2.337,0.0152041703,2024-09-18
2.357,2.357,2.357,0.0085579803,2024-09-19
2.371,2.371,2.371,0.0059397539,2024-09-20
2.343,2.343,2.343,-0.0118093631,2024-09-23
2.422,2.422,2.422,0.0337174563,2024-09-24
2.536,2.536,2.536,0.0470685384,2024-09-25
2.635,2.635,2.635,0.0390378549,2024-09-26
2.784,2.784,2.784,0.0565464896,2024-09-27
3.051,3.051,3.051,0.0959051724,2024-09-30
3.165,3.165,3.165,0.0373647984,2024-10-08
3.039,3.039,3.039,-0.0398104265,2024-10-09
3.005,3.005,3.005,-0.0111878908,2024-10-10
2.982,2.982,2.982,-0.0076539101,2024-10-11
2.988,2.988,2.988,0.0020120724,2024-10-14
2.904,2.904,2.904,-0.0281124498,2024-10-15
2.889,2.889,2.889,-0.0051652893,2024-10-16
2.894,2.894,2.894,0.0017307027,2024-10-17
2.973,2.973,2.973,0.0272978576,2024-10-18
2.967,2.967,2.967,-0.0020181635,2024-10-21
2.973,2.973,2.973,0.0020222447,2024-10-22
2.987,2.987,2.987,0.0047090481,2024-10-23
2.943,2.943,2.943,-0.0147304988,2024-10-24
2.954,2.954,2.954,0.0037376826,2024-10-25
2.931,2.931,2.931,-0.0077860528,2024-10-28
2.921,2.921,2.921,-0.0034118048,2024-10-29
2.905,2.905,2.905,-0.0054775762,2024-10-30
2.891,2.891,2.891,-0.0048192771,2024-10-31
2.869,2.869,2.869,-0.0076098236,2024-11-01
2.89,2.89,2.89,0.0073196236,2024-11-04
2.926,2.926,2.926,0.0124567474,2024-11-05
2.901,2.901,2.901,-0.0085440875,2024-11-06
2.964,2.964,2.964,0.0217166494,2024-11-07
2.928,2.928,2.928,-0.012145749,2024-11-08
2.915,2.915,2.915,-0.0044398907,2024-11-11
2.89,2.89,2.89,-0.0085763293,2024-11-12
2.889,2.889,2.889,-0.0003460208,2024-11-13
2.855,2.855,2.855,-0.0117687781,2024-11-14
2.845,2.845,2.845,-0.003502627,2024-11-15
2.827,2.827,2.827,-0.0063268893,2024-11-18
2.81,2.81,2.81,-0.0060134418,2024-11-19
2.812,2.812,2.812,0.0007117438,2024-11-20
2.792,2.792,2.792,-0.0071123755,2024-11-21
2.754,2.754,2.754,-0.0136103152,2024-11-22
2.719,2.719,2.719,-0.0127087872,2024-11-25
2.725,2.725,2.725,0.0022066936,2024-11-26
2.728,2.728,2.728,0.0011009174,2024-11-27
2.727,2.727,2.727,-0.0003665689,2024-11-28
2.727,2.727,2.727,0.0,2024-11-29
2.764,2.764,2.764,0.0135680235,2024-12-02
2.758,2.758,2.758,-0.002170767,2024-12-03
2.748,2.748,2.748,-0.0036258158,2024-12-04
2.725,2.725,2.725,-0.0083697234,2024-12-05
2.754,2.754,2.754,0.0106422018,2024-12-06
2.777,2.777,2.777,0.0083514887,2024-12-09
2.728,2.728,2.728,-0.0176449406,2024-12-10
2.717,2.717,2.717,-0.0040322581,2024-12-11
2.771,2.771,2.771,0.019874862,2024-12-12
2.717,2.717,2.717,-0.0194875496,2024-12-13
2.695,2.695,2.695,-0.008097166,2024-12-16
2.689,2.689,2.689,-0.0022263451,2024-12-17
2.712,2.712,2.712,0.0085533656,2024-12-18
2.748,2.748,2.748,0.0132743363,2024-12-19
2.748,2.748,2.748,0.0,2024-12-20
2.735,2.735,2.735,-0.0047307132,2024-12-23
2.721,2.721,2.721,-0.00511883,2024-12-24
2.701,2.701,2.701,-0.0073502389,2024-12-25
2.686,2.686,2.686,-0.0055534987,2024-12-26
2.681,2.681,2.681,-0.0018615041,2024-12-27
2.678,2.678,2.678,-0.0011189855,2024-12-30
2.695,2.695,2.695,0.0063480209,2024-12-31
2.651,2.651,2.651,-0.0163265306,2025-01-02
2.642,2.642,2.642,-0.0033949453,2025-01-03
2.639,2.639,2.639,-0.0011355034,2025-01-06
2.598,2.598,2.598,-0.0155361879,2025-01-07
2.588,2.588,2.588,-0.0038491147,2025-01-08
2.582,2.582,2.582,-0.0023183926,2025-01-09
2.547,2.547,2.547,-0.0135553834,2025-01-10
2.549,2.549,2.549,0.0007852375,2025-01-13
2.609,2.609,2.609,0.0235386426,2025-01-14
2.606,2.606,2.606,-0.0011498658,2025-01-15
2.641,2.641,2.641,0.0134305449,2025-01-16
2.673,2.673,2.673,0.0121166225,2025-01-17
2.648,2.648,2.648,-0.0093527871,2025-01-20
2.641,2.641,2.641,-0.0026435045,2025-01-21
2.607,2.607,2.607,-0.0128739114,2025-01-22
2.594,2.594,2.594,-0.0049865746,2025-01-23
2.611,2.611,2.611,0.0065535852,2025-01-24
2.6,2.6,2.6,-0.0042129452,2025-01-27
2.624,2.624,2.624,0.0092307692,2025-02-05
2.669,2.669,2.669,0.0171493902,2025-02-06
2.686,2.686,2.686,0.0063694268,2025-02-07
2.7,2.7,2.7,0.0052122115,2025-02-10
2.669,2.669,2.669,-0.0114814815,2025-02-11
2.688,2.688,2.688,0.0071187711,2025-02-12
2.66,2.66,2.66,-0.0104166667,2025-02-13
2.709,2.709,2.709,0.0184210526,2025-02-14
2.725,2.725,2.725,0.0059062385,2025-02-17
2.703,2.703,2.703,-0.0080733945,2025-02-18
2.713,2.713,2.713,0.003699593,2025-02-19
2.714,2.714,2.714,0.0003685957,2025-02-20
2.79,2.79,2.79,0.0280029477,2025-02-21
2.727,2.727,2.727,-0.0225806452,2025-02-24
2.661,2.661,2.661,-0.0242024202,2025-02-25
2.707,2.707,2.707,0.0172867343,2025-02-26
2.695,2.695,2.695,-0.0044329516,2025-02-27
2.613,2.613,2.613,-0.0304267161,2025-02-28
2.608,2.608,2.608,-0.0019135094,2025-03-03
2.638,2.638,2.638,0.0115030675,2025-03-04
2.699,2.699,2.699,0.0231235785,2025-03-05
2.748,2.748,2.748,0.0181548722,2025-03-06
2.695,2.695,2.695,-0.019286754,2025-03-07
2.682,2.682,2.682,-0.0048237477,2025-03-10
2.694,2.694,2.694,0.0044742729,2025-03-11
2.672,2.672,2.672,-0.0081662955,2025-03-12
2.646,2.646,2.646,-0.0097305389,2025-03-13
2.706,2.706,2.706,0.022675737,2025-03-14
2.695,2.695,2.695,-0.0040650407,2025-03-17
2.708,2.708,2.708,0.0048237477,2025-03-18
2.731,2.731,2.731,0.008493353,2025-03-19
2.684,2.684,2.684,-0.0172098133,2025-03-20
2.658,2.658,2.658,-0.0096870343,2025-03-21
2.634,2.634,2.634,-0.0090293454,2025-03-24
2.619,2.619,2.619,-0.0056947608,2025-03-25
2.64,2.64,2.64,0.0080183276,2025-03-26
2.645,2.645,2.645,0.0018939394,2025-03-27
2.625,2.625,2.625,-0.0075614367,2025-03-28
2.614,2.614,2.614,-0.0041904762,2025-03-31
2.671,2.671,2.671,0.0218056618,2025-04-01
2.69,2.69,2.69,0.0071134407,2025-04-02
2.657,2.657,2.657,-0.012267658,2025-04-03
2.576,2.576,2.576,-0.03048551,2025-04-07
2.655,2.655,2.655,0.0306677019,2025-04-08
2.851,2.851,2.851,0.0738229755,2025-04-09
2.845,2.845,2.845,-0.0021045247,2025-04-10
2.851,2.851,2.851,0.0021089631,2025-04-11
2.875,2.875,2.875,0.0084180989,2025-04-14
2.864,2.864,2.864,-0.003826087,2025-04-15
2.857,2.857,2.857,-0.0024441341,2025-04-16
2.879,2.879,2.879,0.007700385,2025-04-17
2.885,2.885,2.885,0.002084057,2025-04-18
2.882,2.882,2.882,-0.0010398614,2025-04-21
2.886,2.886,2.886,0.0013879251,2025-04-22
2.867,2.867,2.867,-0.0065835066,2025-04-23
2.847,2.847,2.847,-0.006975933,2025-04-24
2.841,2.841,2.841,-0.0021074816,2025-04-25
2.821,2.821,2.821,-0.0070397747,2025-04-28
2.82,2.82,2.82,-0.0003544842,2025-04-29
2.833,2.833,2.833,0.0046099291,2025-04-30
2.887,2.887,2.887,0.019061066,2025-05-06
2.874,2.874,2.874,-0.0045029442,2025-05-07
2.883,2.883,2.883,0.003131524,2025-05-08
2.867,2.867,2.867,-0.0055497745,2025-05-09
2.877,2.877,2.877,0.0034879665,2025-05-12
2.874,2.874,2.874,-0.0010427529,2025-05-13
2.921,2.921,2.921,0.0163535143,2025-05-14
2.915,2.915,2.915,-0.0020540911,2025-05-15
2.879,2.879,2.879,-0.0123499142,2025-05-16
2.868,2.868,2.868,-0.0038207711,2025-05-19
2.89,2.89,2.89,0.0076708508,2025-05-20
2.895,2.895,2.895,0.0017301038,2025-05-21
2.876,2.876,2.876,-0.0065630397,2025-05-22
2.87,2.87,2.87,-0.0020862309,2025-05-23
2.851,2.851,2.851,-0.0066202091,2025-05-26
2.856,2.856,2.856,0.0017537706,2025-05-27
2.845,2.845,2.845,-0.0038515406,2025-05-28
2.829,2.829,2.829,-0.0056239016,2025-05-29
2.806,2.806,2.806,-0.0081300813,2025-05-30
2.822,2.822,2.822,0.005702067,2025-06-03
2.807,2.807,2.807,-0.0053153792,2025-06-04
2.798,2.798,2.798,-0.00320627,2025-06-05
2.803,2.803,2.803,0.0017869907,2025-06-06
2.82,2.82,2.82,0.0060649304,2025-06-09
2.827,2.827,2.827,0.0024822695,2025-06-10
2.843,2.843,2.843,0.0056597099,2025-06-11
2.824,2.824,2.824,-0.0066830813,2025-06-12
2.822,2.822,2.822,-0.0007082153,2025-06-13
2.848,2.848,2.848,0.0092133239,2025-06-16
2.831,2.831,2.831,-0.0059691011,2025-06-17
2.886,2.886,2.886,0.019427764,2025-06-18
2.878,2.878,2.878,-0.0027720028,2025-06-19
2.894,2.894,2.894,0.0055594163,2025-06-20
2.877,2.877,2.877,-0.0058742225,2025-06-23
2.859,2.859,2.859,-0.0062565172,2025-06-24
2.941,2.941,2.941,0.0286813571,2025-06-25
2.952,2.952,2.952,0.0037402244,2025-06-26
2.976,2.976,2.976,0.0081300813,2025-06-27
2.995,2.995,2.995,0.0063844086,2025-06-30
2.986,2.986,2.986,-0.0030050083,2025-07-01
2.984,2.984,2.984,-0.0006697924,2025-07-02
2.986,2.986,2.986,0.0006702413,2025-07-03
2.975,2.975,2.975,-0.003683858,2025-07-04
2.958,2.958,2.958,-0.0057142857,2025-07-07
3.002,3.002,3.002,0.0148749155,2025-07-08
3.0,3.0,3.0,-0.0006662225,2025-07-09
3.026,3.026,3.026,0.0086666667,2025-07-10
3.063,3.063,3.063,0.0122273629,2025-07-11
3.064,3.064,3.064,0.0003264773,2025-07-14
3.065,3.065,3.065,0.0003263708,2025-07-15
3.072,3.072,3.072,0.0022838499,2025-07-16
3.118,3.118,3.118,0.0149739583,2025-07-17
3.166,3.166,3.166,0.0153944836,2025-07-18
3.209,3.209,3.209,0.0135818067,2025-07-21
3.259,3.259,3.259,0.0155811779,2025-07-22
3.29,3.29,3.29,0.0095121203,2025-07-23
3.308,3.308,3.308,0.0054711246,2025-07-24
3.32,3.32,3.32,0.0036275695,2025-07-25
3.275,3.275,3.275,-0.0135542169,2025-07-28
3.262,3.262,3.262,-0.0039694656,2025-07-29
3.255,3.255,3.255,-0.0021459227,2025-07-30
3.21,3.21,3.21,-0.0138248848,2025-07-31
3.181,3.181,3.181,-0.0090342679,2025-08-01
3.197,3.197,3.197,0.0050298648,2025-08-04
3.214,3.214,3.214,0.0053174851,2025-08-05
3.225,3.225,3.225,0.0034225264,2025-08-06
3.239,3.239,3.239,0.0043410853,2025-08-07
3.266,3.266,3.266,0.0083359061,2025-08-08
3.318,3.318,3.318,0.0159216167,2025-08-11
3.317,3.317,3.317,-0.0003013864,2025-08-12
3.38,3.38,3.38,0.018993066,2025-08-13
3.361,3.361,3.361,-0.0056213018,2025-08-14
3.401,3.401,3.401,0.0119012199,2025-08-15
3.475,3.475,3.475,0.0217583064,2025-08-18
3.473,3.473,3.473,-0.0005755396,2025-08-19
3.438,3.438,3.438,-0.0100777426,2025-08-20
3.432,3.432,3.432,-0.0017452007,2025-08-21
3.458,3.458,3.458,0.0075757576,2025-08-22
3.516,3.516,3.516,0.016772701,2025-08-25
3.519,3.519,3.519,0.0008532423,2025-08-26
3.437,3.437,3.437,-0.0233020745,2025-08-27
3.411,3.411,3.411,-0.0075647367,2025-08-28
3.422,3.422,3.422,0.0032248607,2025-08-29
3.444,3.444,3.444,0.0064289889,2025-09-01
3.418,3.418,3.418,-0.0075493612,2025-09-02
3.422,3.422,3.422,0.001170275,2025-09-03
3.397,3.397,3.397,-0.0073056692,2025-09-04
3.412,3.412,3.412,0.0044156609,2025-09-05
3.436,3.436,3.436,0.0070339977,2025-09-08
3.423,3.423,3.423,-0.0037834692,2025-09-09
3.424,3.424,3.424,0.0002921414,2025-09-10
3.469,3.469,3.469,0.0131425234,2025-09-11
3.481,3.481,3.481,0.0034592101,2025-09-12
3.461,3.461,3.461,-0.0057454754,2025-09-15
3.457,3.457,3.457,-0.0011557353,2025-09-16
3.477,3.477,3.477,0.005785363,2025-09-17
3.398,3.398,3.398,-0.0227207363,2025-09-18
3.39,3.39,3.39,-0.0023543261,2025-09-19
3.374,3.374,3.374,-0.004719764,2025-09-22
3.407,3.407,3.407,0.0097806758,2025-09-23
3.419,3.419,3.419,0.0035221603,2025-09-24
3.411,3.411,3.411,-0.0023398655,2025-09-25
3.374,3.374,3.374,-0.0108472589,2025-09-26
3.414,3.414,3.414,0.0118553646,2025-09-29
3.42,3.42,3.42,0.0017574692,2025-09-30
3.494,3.494,3.494,0.0216374269,2025-10-09
3.462,3.462,3.462,-0.0091585575,2025-10-10
3.381,3.381,3.381,-0.0233968804,2025-10-13
3.403,3.403,3.403,0.0065069506,2025-10-14
3.43,3.43,3.43,0.0079341757,2025-10-15
3.431,3.431,3.431,0.0002915452,2025-10-16
3.447,3.447,3.447,0.0046633635,2025-10-17
3.445,3.445,3.445,-0.0005802147,2025-10-20
3.464,3.464,3.464,0.0055152395,2025-10-21
3.436,3.436,3.436,-0.0080831409,2025-10-22
3.42,3.42,3.42,-0.0046565774,2025-10-23
3.438,3.438,3.438,0.0052631579,2025-10-24
3.455,3.455,3.455,0.0049447353,2025-10-27
3.456,3.456,3.456,0.0002894356,2025-10-28
3.481,3.481,3.481,0.0072337963,2025-10-29
3.434,3.434,3.434,-0.0135018673,2025-10-30
3.39,3.39,3.39,-0.012813046,2025-10-31
3.394,3.394,3.394,0.001179941,2025-11-03
3.356,3.356,3.356,-0.0111962286,2025-11-04
3.316,3.316,3.316,-0.0119189511,2025-11-05
3.334,3.334,3.334,0.0054282268,2025-11-06
3.331,3.331,3.331,-0.00089982,2025-11-07
3.373,3.373,3.373,0.0126088262,2025-11-10
3.411,3.411,3.411,0.0112659354,2025-11-11
3.408,3.408,3.408,-0.0008795075,2025-11-12
3.426,3.426,3.426,0.0052816901,2025-11-13
3.431,3.431,3.431,0.0014594279,2025-11-14
3.411,3.411,3.411,-0.0058292043,2025-11-17
3.407,3.407,3.407,-0.0011726766,2025-11-18
3.418,3.418,3.418,0.0032286469,2025-11-19
3.382,3.382,3.382,-0.0105324751,2025-11-20
3.343,3.343,3.343,-0.0115316381,2025-11-21
3.338,3.338,3.338,-0.0014956626,2025-11-24
3.319,3.319,3.319,-0.0056920312,2025-11-25
3.312,3.312,3.312,-0.002109069,2025-11-26
3.322,3.322,3.322,0.0030193237,2025-11-27
3.331,3.331,3.331,0.0027092113,2025-11-28
3.322,3.322,3.322,-0.0027018913,2025-12-01
3.322,3.322,3.322,0.0,2025-12-02
3.304,3.304,3.304,-0.0054184226,2025-12-03
3.281,3.281,3.281,-0.0069612591,2025-12-04
3.281,3.281,3.281,0.0,2025-12-05
3.292,3.292,3.292,0.0033526364,2025-12-08
3.256,3.256,3.256,-0.0109356015,2025-12-09
3.28,3.28,3.28,0.0073710074,2025-12-10
3.295,3.295,3.295,0.0045731707,2025-12-11
3.346,3.346,3.346,0.015477997,2025-12-12
3.309,3.309,3.309,-0.0110579797,2025-12-15
3.265,3.265,3.265,-0.0132970686,2025-12-16
3.292,3.292,3.292,0.0082695253,2025-12-17
3.293,3.293,3.293,0.0003037667,2025-12-18
3.268,3.268,3.268,-0.0075918615,2025-12-19
3.293,3.293,3.293,0.0076499388,2025-12-22
3.316,3.316,3.316,0.0069845126,2025-12-23
3.393,3.393,3.393,0.0232207479,2025-12-24
3.411,3.411,3.411,0.0053050398,2025-12-25
3.467,3.467,3.467,0.0164174729,2025-12-26
3.427,3.427,3.427,-0.0115373522,2025-12-29
3.368,3.368,3.368,-0.0172162241,2025-12-30
3.287,3.287,3.287,-0.0240498812,2025-12-31
3.375,3.375,3.375,0.0267721326,2026-01-05
3.472,3.472,3.472,0.0287407407,2026-01-06
3.538,3.538,3.538,0.0190092166,2026-01-07
3.51,3.51,3.51,-0.0079140757,2026-01-08
3.518,3.518,3.518,0.0022792023,2026-01-09
3.59,3.59,3.59,0.020466174,2026-01-12
3.619,3.619,3.619,0.0080779944,2026-01-13
3.65,3.65,3.65,0.0085659022,2026-01-14
3.59,3.59,3.59,-0.0164383562,2026-01-15
3.498,3.498,3.498,-0.0256267409,2026-01-16
3.443,3.443,3.443,-0.0157232704,2026-01-19
3.393,3.393,3.393,-0.014522219,2026-01-20
3.4,3.4,3.4,0.002063071,2026-01-21
3.388,3.388,3.388,-0.0035294118,2026-01-22
3.485,3.485,3.485,0.0286304604,2026-01-23
3.571,3.571,3.571,0.0246771879,2026-01-26
3.557,3.557,3.557,-0.0039204705,2026-01-27
3.529,3.529,3.529,-0.0078718021,2026-01-28
3.612,3.612,3.612,0.0235194106,2026-01-29
3.554,3.554,3.554,-0.0160575858,2026-01-30
3.463,3.463,3.463,-0.0256049522,2026-02-02
3.513,3.513,3.513,0.0144383483,2026-02-03
3.455,3.455,3.455,-0.0165101053,2026-02-04
3.339,3.339,3.339,-0.0335745297,2026-02-05
3.382,3.382,3.382,0.0128781072,2026-02-06
3.328,3.328,3.328,-0.0159668835,2026-02-09
3.331,3.331,3.331,0.0009014423,2026-02-10
3.389,3.389,3.389,0.0174121885,2026-02-11
3.409,3.409,3.409,0.0059014459,2026-02-12
3.26,3.26,3.26,-0.0437078322,2026-02-13
3.327,3.327,3.327,0.0205521472,2026-02-24
3.429,3.429,3.429,0.0306582507,2026-02-25
3.412,3.412,3.412,-0.0049577136,2026-02-26
3.323,3.323,3.323,-0.026084408,2026-02-27
3.315,3.315,3.315,-0.0024074631,2026-03-02
3.349,3.349,3.349,0.0102564103,2026-03-03
3.456,3.456,3.456,0.0319498358,2026-03-04
3.426,3.426,3.426,-0.0086805556,2026-03-05
3.402,3.402,3.402,-0.0070052539,2026-03-06
3.545,3.545,3.545,0.0420340976,2026-03-09
3.325,3.325,3.325,-0.0620592384,2026-03-10
3.329,3.329,3.329,0.0012030075,2026-03-11
3.395,3.395,3.395,0.0198257735,2026-03-12
3.319,3.319,3.319,-0.0223858616,2026-03-13
3.334,3.334,3.334,0.0045194336,2026-03-16
3.309,3.309,3.309,-0.0074985003,2026-03-17
3.219,3.219,3.219,-0.0271985494,2026-03-18
3.193,3.193,3.193,-0.0080770426,2026-03-19
3.217,3.217,3.217,0.0075164422,2026-03-20
3.264,3.264,3.264,0.014609885,2026-03-23
3.146,3.146,3.146,-0.0361519608,2026-03-24
3.23,3.23,3.23,0.0267005722,2026-03-25
3.179,3.179,3.179,-0.0157894737,2026-03-26
3.108,3.108,3.108,-0.0223340673,2026-03-27
3.055,3.055,3.055,-0.0170527671,2026-03-30
3.027,3.027,3.027,-0.0091653028,2026-03-31
3.138,3.138,3.138,0.0366699703,2026-04-01
3.073,3.073,3.073,-0.0207138305,2026-04-02
3.085,3.085,3.085,0.0039049788,2026-04-03
3.111,3.111,3.111,0.0084278768,2026-04-07
2.938,2.938,2.938,-0.0556091289,2026-04-08
2.94,2.94,2.94,0.0006807352,2026-04-09
2.944,2.944,2.944,0.0013605442,2026-04-10
2.819,2.819,2.819,-0.0424592391,2026-04-13
2.865,2.865,2.865,0.0163178432,2026-04-14
2.934,2.934,2.934,0.0240837696,2026-04-15
2.991,2.991,2.991,0.0194274029,2026-04-16
2.932,2.932,2.932,-0.0197258442,2026-04-17
2.915,2.915,2.915,-0.00579809,2026-04-20
2.918,2.918,2.918,0.0010291595,2026-04-21
2.947,2.947,2.947,0.0099383139,2026-04-22
2.957,2.957,2.957,0.0033932813,2026-04-23
2.955,2.955,2.955,-0.0006763612,2026-04-24
2.95,2.95,2.95,-0.0016920474,2026-04-27
2.948,2.948,2.948,-0.0006779661,2026-04-28
3.05,3.05,3.05,0.0345997286,2026-04-29
3.066,3.066,3.066,0.0052459016,2026-04-30
3.148,3.148,3.148,0.0267449446,2026-05-06
3.194,3.194,3.194,0.0146124524,2026-05-07
3.216,3.216,3.216,0.0068879148,2026-05-08
3.221,3.221,3.221,0.0015547264,2026-05-11
3.236,3.236,3.236,0.0046569388,2026-05-12
3.309,3.309,3.309,0.0225587145,2026-05-13
3.262,3.262,3.262,-0.0142036869,2026-05-14
3.127,3.127,3.127,-0.041385653,2026-05-15
3.175,3.175,3.175,0.0153501759,2026-05-18
3.13,3.13,3.13,-0.0141732283,2026-05-19
3.097,3.097,3.097,-0.010543131,2026-05-20
3.085,3.085,3.085,-0.0038747175,2026-05-21
3.006,3.006,3.006,-0.0256077796,2026-05-22
