nav,cumulative_nav_withdrawal,cumulative_nav,price_change,price_date
1.0,1.0,1.0,0.0,2015-05-25
1.0,1.0,1.0,0.0,2015-07-07
1.0,1.0,1.0,0.0,2015-07-08
0.9999,0.9999,0.9999,-0.0001,2015-07-09
0.9999,0.9999,0.9999,0.0,2015-07-10
0.9997,0.9997,0.9997,-0.00020002,2015-07-13
0.9997,0.9997,0.9997,0.0,2015-07-14
0.9996,0.9996,0.9996,-0.00010003,2015-07-15
0.9996,0.9996,0.9996,0.0,2015-07-16
0.9995,0.9995,0.9995,-0.00010004,2015-07-17
0.9993,0.9993,0.9993,-0.0002001001,2015-07-20
0.9993,0.9993,0.9993,0.0,2015-07-21
0.9992,0.9992,0.9992,-0.00010007,2015-07-22
0.9992,0.9992,0.9992,0.0,2015-07-23
0.9991,0.9991,0.9991,-0.0001000801,2015-07-24
0.999,0.999,0.999,-0.0001000901,2015-07-27
1.0024,1.0024,1.0024,0.0034034034,2015-07-28
1.0013,1.0013,1.0013,-0.0010973663,2015-07-29
0.9845,0.9845,0.9845,-0.0167781884,2015-07-30
0.9882,0.9882,0.9882,0.0037582529,2015-07-31
0.9481,0.9481,0.9481,-0.0405788302,2015-08-03
0.948,0.948,0.948,-0.0001054741,2015-08-04
0.948,0.948,0.948,0.0,2015-08-05
0.9479,0.9479,0.9479,-0.0001054852,2015-08-06
0.9513,0.9513,0.9513,0.0035868763,2015-08-07
0.9875,0.9875,0.9875,0.0380531904,2015-08-10
0.993,0.993,0.993,0.0055696203,2015-08-11
0.9801,0.9801,0.9801,-0.0129909366,2015-08-12
0.9958,0.9958,0.9958,0.0160187736,2015-08-13
1.0144,1.0144,1.0144,0.0186784495,2015-08-14
1.0425,1.0425,1.0425,0.0277011041,2015-08-17
0.9438,0.9438,0.9438,-0.094676259,2015-08-18
0.988,0.988,0.988,0.0468319559,2015-08-19
0.9418,0.9418,0.9418,-0.0467611336,2015-08-20
0.8931,0.8931,0.8931,-0.0517094925,2015-08-21
0.8889,0.8889,0.8889,-0.0047027209,2015-08-24
0.8854,0.8854,0.8854,-0.0039374508,2015-08-25
0.8829,0.8829,0.8829,-0.0028235826,2015-08-26
0.8834,0.8834,0.8834,0.0005663156,2015-08-27
0.8858,0.8858,0.8858,0.0027167761,2015-08-28
0.8884,0.8884,0.8884,0.0029351998,2015-08-31
0.8863,0.8863,0.8863,-0.0023638001,2015-09-01
0.8852,0.8852,0.8852,-0.0012411147,2015-09-02
0.8851,0.8851,0.8851,-0.0001129688,2015-09-07
0.8855,0.8855,0.8855,0.0004519263,2015-09-08
0.8871,0.8871,0.8871,0.0018068888,2015-09-09
0.8865,0.8865,0.8865,-0.0006763612,2015-09-10
0.8847,0.8847,0.8847,-0.0020304569,2015-09-11
0.8729,0.8729,0.8729,-0.0133378546,2015-09-14
0.8621,0.8621,0.8621,-0.0123725513,2015-09-15
0.8686,0.8686,0.8686,0.0075397286,2015-09-16
0.8644,0.8644,0.8644,-0.0048353673,2015-09-17
0.8651,0.8651,0.8651,0.0008098103,2015-09-18
0.8691,0.8691,0.8691,0.0046237429,2015-09-21
0.8684,0.8684,0.8684,-0.0008054309,2015-09-22
0.8653,0.8653,0.8653,-0.0035697835,2015-09-23
0.8706,0.8706,0.8706,0.0061250433,2015-09-24
0.8646,0.8646,0.8646,-0.0068917988,2015-09-25
0.8668,0.8668,0.8668,0.0025445293,2015-09-28
0.8542,0.8542,0.8542,-0.0145362252,2015-09-29
0.8569,0.8569,0.8569,0.0031608523,2015-09-30
0.8641,0.8641,0.8641,0.0084023807,2015-10-08
0.8659,0.8659,0.8659,0.0020830922,2015-10-09
0.8719,0.8719,0.8719,0.0069292066,2015-10-12
0.8975,0.8975,0.8975,0.0293611653,2015-10-13
0.8803,0.8803,0.8803,-0.0191643454,2015-10-14
0.9185,0.9185,0.9185,0.0433942974,2015-10-15
0.9332,0.9332,0.9332,0.0160043549,2015-10-16
0.9361,0.9361,0.9361,0.0031075868,2015-10-19
0.9542,0.9542,0.9542,0.0193355411,2015-10-20
0.8997,0.8997,0.8997,-0.0571159086,2015-10-21
0.9395,0.9395,0.9395,0.0442369679,2015-10-22
0.9572,0.9572,0.9572,0.0188398084,2015-10-23
0.9842,0.9842,0.9842,0.0282072712,2015-10-26
0.9937,0.9937,0.9937,0.0096525097,2015-10-27
0.9525,0.9525,0.9525,-0.0414612056,2015-10-28
0.9836,0.9836,0.9836,0.0326509186,2015-10-29
0.9862,0.9862,0.9862,0.002643351,2015-10-30
0.9812,0.9812,0.9812,-0.0050699655,2015-11-02
0.9956,0.9956,0.9956,0.0146759071,2015-11-03
1.0615,1.0615,1.0615,0.0661912415,2015-11-04
1.0532,1.0532,1.0532,-0.0078191239,2015-11-05
1.0868,1.0868,1.0868,0.0319027725,2015-11-06
1.117,1.117,1.117,0.0277880015,2015-11-09
1.1496,1.1496,1.1496,0.0291853178,2015-11-10
1.2072,1.2072,1.2072,0.0501043841,2015-11-11
1.227,1.227,1.227,0.0164015905,2015-11-12
1.2046,1.2046,1.2046,-0.0182559087,2015-11-13
1.2294,1.2294,1.2294,0.020587747,2015-11-16
1.2143,1.2143,1.2143,-0.0122824142,2015-11-17
1.1916,1.1916,1.1916,-0.0186938977,2015-11-18
1.2452,1.2452,1.2452,0.0449815374,2015-11-19
1.2491,1.2491,1.2491,0.003132027,2015-11-20
1.2212,1.2212,1.2212,-0.022336082,2015-11-23
1.2371,1.2371,1.2371,0.0130199803,2015-11-24
1.2498,1.2498,1.2498,0.0102659445,2015-11-25
1.2485,1.2485,1.2485,-0.0010401664,2015-11-26
1.1491,1.1491,1.1491,-0.0796155386,2015-11-27
1.1651,1.1651,1.1651,0.0139239405,2015-11-30
1.1398,1.1398,1.1398,-0.0217148743,2015-12-01
1.1343,1.1343,1.1343,-0.004825408,2015-12-02
1.154,1.154,1.154,0.0173675395,2015-12-03
1.1465,1.1465,1.1465,-0.0064991334,2015-12-04
1.1553,1.1553,1.1553,0.0076755342,2015-12-07
1.1511,1.1511,1.1511,-0.0036354194,2015-12-08
1.1665,1.1665,1.1665,0.0133785075,2015-12-09
1.1729,1.1729,1.1729,0.0054864981,2015-12-10
1.1579,1.1579,1.1579,-0.0127888141,2015-12-11
1.167,1.167,1.167,0.0078590552,2015-12-14
1.1789,1.1789,1.1789,0.0101970865,2015-12-15
1.1798,1.1798,1.1798,0.0007634235,2015-12-16
1.1882,1.1882,1.1882,0.0071198508,2015-12-17
1.1773,1.1773,1.1773,-0.0091735398,2015-12-18
1.1772,1.1772,1.1772,-8.49401e-05,2015-12-21
1.1903,1.1903,1.1903,0.0111281006,2015-12-22
1.1848,1.1848,1.1848,-0.0046206839,2015-12-23
1.174,1.174,1.174,-0.0091154625,2015-12-24
1.1792,1.1792,1.1792,0.0044293015,2015-12-25
1.1484,1.1484,1.1484,-0.026119403,2015-12-28
1.1564,1.1564,1.1564,0.0069662139,2015-12-29
1.1622,1.1622,1.1622,0.0050155655,2015-12-30
1.1485,1.1485,1.1485,-0.0117879883,2015-12-31
1.0445,1.0445,1.0445,-0.0905528951,2016-01-04
0.9937,0.9937,0.9937,-0.0486357109,2016-01-05
0.9946,0.9946,0.9946,0.0009057059,2016-01-06
0.9898,0.9898,0.9898,-0.0048260607,2016-01-07
0.9898,0.9898,0.9898,0.0,2016-01-08
0.9854,0.9854,0.9854,-0.0044453425,2016-01-11
0.9875,0.9875,0.9875,0.0021311143,2016-01-12
0.9848,0.9848,0.9848,-0.0027341772,2016-01-13
0.9879,0.9879,0.9879,0.0031478473,2016-01-14
0.9882,0.9882,0.9882,0.0003036745,2016-01-15
0.9903,0.9903,0.9903,0.0021250759,2016-01-18
0.9914,0.9914,0.9914,0.0011107745,2016-01-19
0.9919,0.9919,0.9919,0.0005043373,2016-01-20
0.9885,0.9885,0.9885,-0.0034277649,2016-01-21
0.9893,0.9893,0.9893,0.000809307,2016-01-22
0.9892,0.9892,0.9892,-0.0001010816,2016-01-25
0.9867,0.9867,0.9867,-0.0025272948,2016-01-26
0.9863,0.9863,0.9863,-0.0004053917,2016-01-27
0.9855,0.9855,0.9855,-0.0008111122,2016-01-28
0.9872,0.9872,0.9872,0.0017250127,2016-01-29
0.986,0.986,0.986,-0.0012155592,2016-02-01
0.9874,0.9874,0.9874,0.0014198783,2016-02-02
0.9882,0.9882,0.9882,0.0008102086,2016-02-03
0.9896,0.9896,0.9896,0.0014167173,2016-02-04
0.9885,0.9885,0.9885,-0.0011115602,2016-02-05
0.9871,0.9871,0.9871,-0.0014162873,2016-02-15
0.9898,0.9898,0.9898,0.0027352852,2016-02-16
0.9921,0.9921,0.9921,0.0023237018,2016-02-17
0.992,0.992,0.992,-0.0001007963,2016-02-18
0.9927,0.9927,0.9927,0.0007056452,2016-02-19
0.9952,0.9952,0.9952,0.0025183842,2016-02-22
0.9915,0.9915,0.9915,-0.0037178457,2016-02-23
0.9915,0.9915,0.9915,0.0,2016-02-24
0.9868,0.9868,0.9868,-0.0047402925,2016-02-25
0.9855,0.9855,0.9855,-0.0013173895,2016-02-26
0.9823,0.9823,0.9823,-0.0032470827,2016-02-29
0.983,0.983,0.983,0.0007126133,2016-03-01
0.9849,0.9849,0.9849,0.0019328586,2016-03-02
0.9848,0.9848,0.9848,-0.0001015332,2016-03-03
0.9793,0.9793,0.9793,-0.0055848903,2016-03-04
0.993,0.993,0.993,0.0139895844,2016-03-07
1.0011,1.0011,1.0011,0.0081570997,2016-03-08
0.9885,0.9885,0.9885,-0.0125861552,2016-03-09
0.9737,0.9737,0.9737,-0.0149721801,2016-03-10
0.9731,0.9731,0.9731,-0.0006162062,2016-03-11
0.9799,0.9799,0.9799,0.0069879766,2016-03-14
0.9786,0.9786,0.9786,-0.001326666,2016-03-15
0.9775,0.9775,0.9775,-0.0011240548,2016-03-16
0.9895,0.9895,0.9895,0.0122762148,2016-03-17
1.015,1.015,1.015,0.0257705912,2016-03-18
1.0465,1.0465,1.0465,0.0310344828,2016-03-21
1.0434,1.0434,1.0434,-0.0029622551,2016-03-22
1.049,1.049,1.049,0.0053670692,2016-03-23
1.0312,1.0312,1.0312,-0.0169685415,2016-03-24
1.0455,1.0455,1.0455,0.013867339,2016-03-25
1.0458,1.0458,1.0458,0.000286944,2016-03-28
1.0155,1.0155,1.0155,-0.028973035,2016-03-29
1.0285,1.0285,1.0285,0.0128015756,2016-03-30
1.0293,1.0293,1.0293,0.0007778318,2016-03-31
1.0269,1.0269,1.0269,-0.0023316817,2016-04-01
1.029,1.029,1.029,0.0020449898,2016-04-05
1.0324,1.0324,1.0324,0.0033041788,2016-04-06
1.0314,1.0314,1.0314,-0.0009686168,2016-04-07
1.0285,1.0285,1.0285,-0.0028117122,2016-04-08
1.0306,1.0306,1.0306,0.0020418085,2016-04-11
1.0287,1.0287,1.0287,-0.0018435863,2016-04-12
1.0272,1.0272,1.0272,-0.0014581511,2016-04-13
1.0255,1.0255,1.0255,-0.0016549844,2016-04-14
1.0248,1.0248,1.0248,-0.0006825939,2016-04-15
1.012,1.012,1.012,-0.012490242,2016-04-18
1.0177,1.0177,1.0177,0.0056324111,2016-04-19
0.9721,0.9721,0.9721,-0.0448069176,2016-04-20
0.9722,0.9722,0.9722,0.0001028701,2016-04-21
0.9734,0.9734,0.9734,0.0012343139,2016-04-22
0.9749,0.9749,0.9749,0.0015409903,2016-04-25
0.9759,0.9759,0.9759,0.0010257462,2016-04-26
0.9768,0.9768,0.9768,0.0009222256,2016-04-27
0.9767,0.9767,0.9767,-0.0001023751,2016-04-28
0.9782,0.9782,0.9782,0.0015357838,2016-04-29
0.9846,0.9846,0.9846,0.0065426293,2016-05-03
0.9916,0.9916,0.9916,0.0071094861,2016-05-04
0.992,0.992,0.992,0.0004033885,2016-05-05
0.9885,0.9885,0.9885,-0.0035282258,2016-05-06
0.9847,0.9847,0.9847,-0.0038442084,2016-05-09
0.9849,0.9849,0.9849,0.0002031075,2016-05-10
0.9847,0.9847,0.9847,-0.0002030663,2016-05-11
0.9845,0.9845,0.9845,-0.0002031075,2016-05-12
0.9845,0.9845,0.9845,0.0,2016-05-13
0.9845,0.9845,0.9845,0.0,2016-05-16
0.9845,0.9845,0.9845,0.0,2016-05-17
0.9837,0.9837,0.9837,-0.0008125952,2016-05-18
0.9838,0.9838,0.9838,0.000101657,2016-05-19
0.984,0.984,0.984,0.0002032934,2016-05-20
0.984,0.984,0.984,0.0,2016-05-23
0.9837,0.9837,0.9837,-0.000304878,2016-05-24
0.9836,0.9836,0.9836,-0.000101657,2016-05-25
0.9835,0.9835,0.9835,-0.0001016673,2016-05-26
0.9836,0.9836,0.9836,0.0001016777,2016-05-27
0.9834,0.9834,0.9834,-0.0002033347,2016-05-30
0.984,0.984,0.984,0.0006101281,2016-05-31
0.9843,0.9843,0.9843,0.000304878,2016-06-01
0.9844,0.9844,0.9844,0.000101595,2016-06-02
0.9845,0.9845,0.9845,0.0001015847,2016-06-03
0.9841,0.9841,0.9841,-0.0004062976,2016-06-06
0.9841,0.9841,0.9841,0.0,2016-06-07
0.9841,0.9841,0.9841,0.0,2016-06-08
0.9807,0.9807,0.9807,-0.0034549334,2016-06-13
0.9807,0.9807,0.9807,0.0,2016-06-14
0.9819,0.9819,0.9819,0.0012236158,2016-06-15
0.9814,0.9814,0.9814,-0.0005092168,2016-06-16
0.9832,0.9832,0.9832,0.0018341145,2016-06-17
0.9824,0.9824,0.9824,-0.0008136697,2016-06-20
0.9817,0.9817,0.9817,-0.0007125407,2016-06-21
0.9835,0.9835,0.9835,0.001833554,2016-06-22
0.9836,0.9836,0.9836,0.0001016777,2016-06-23
0.9819,0.9819,0.9819,-0.0017283449,2016-06-24
0.9873,0.9873,0.9873,0.0054995417,2016-06-27
0.9918,0.9918,0.9918,0.0045578851,2016-06-28
0.9928,0.9928,0.9928,0.0010082678,2016-06-29
0.9947,0.9947,0.9947,0.0019137792,2016-06-30
0.9944,0.9944,0.9944,-0.0003015985,2016-07-01
1.0189,1.0189,1.0189,0.0246379726,2016-07-04
1.0274,1.0274,1.0274,0.00834233,2016-07-05
1.0329,1.0329,1.0329,0.0053533191,2016-07-06
1.0272,1.0272,1.0272,-0.0055184432,2016-07-07
1.0282,1.0282,1.0282,0.0009735202,2016-07-08
1.0323,1.0323,1.0323,0.0039875511,2016-07-11
1.0462,1.0462,1.0462,0.013465078,2016-07-12
1.0509,1.0509,1.0509,0.0044924489,2016-07-13
1.0523,1.0523,1.0523,0.0013321915,2016-07-14
1.0407,1.0407,1.0407,-0.0110234724,2016-07-15
1.0324,1.0324,1.0324,-0.0079754012,2016-07-18
1.0345,1.0345,1.0345,0.0020340953,2016-07-19
1.0388,1.0388,1.0388,0.0041565974,2016-07-20
1.0602,1.0602,1.0602,0.0206006931,2016-07-21
1.064,1.064,1.064,0.0035842294,2016-07-22
1.0767,1.0767,1.0767,0.0119360902,2016-07-25
1.0838,1.0838,1.0838,0.0065942231,2016-07-26
1.0347,1.0347,1.0347,-0.0453035615,2016-07-27
1.0241,1.0241,1.0241,-0.0102445153,2016-07-28
1.0211,1.0211,1.0211,-0.0029294014,2016-07-29
1.0157,1.0157,1.0157,-0.0052884145,2016-08-01
1.0179,1.0179,1.0179,0.0021659939,2016-08-02
1.0186,1.0186,1.0186,0.0006876903,2016-08-03
1.0194,1.0194,1.0194,0.0007853917,2016-08-04
1.0189,1.0189,1.0189,-0.0004904846,2016-08-05
1.023,1.023,1.023,0.0040239474,2016-08-08
1.024,1.024,1.024,0.0009775171,2016-08-09
1.0236,1.0236,1.0236,-0.000390625,2016-08-10
1.0204,1.0204,1.0204,-0.0031262212,2016-08-11
1.0218,1.0218,1.0218,0.001372011,2016-08-12
1.0292,1.0292,1.0292,0.0072421217,2016-08-15
1.0364,1.0364,1.0364,0.0069957248,2016-08-16
1.0352,1.0352,1.0352,-0.0011578541,2016-08-17
1.0361,1.0361,1.0361,0.0008693972,2016-08-18
1.0317,1.0317,1.0317,-0.0042466943,2016-08-19
1.0358,1.0358,1.0358,0.0039740235,2016-08-22
1.0516,1.0516,1.0516,0.01525391,2016-08-23
1.0512,1.0512,1.0512,-0.0003803728,2016-08-24
1.0421,1.0421,1.0421,-0.0086567732,2016-08-25
1.0445,1.0445,1.0445,0.0023030419,2016-08-26
1.0443,1.0443,1.0443,-0.0001914792,2016-08-29
1.0476,1.0476,1.0476,0.0031600115,2016-08-30
1.065,1.065,1.065,0.0166093929,2016-08-31
1.0677,1.0677,1.0677,0.0025352113,2016-09-01
1.0702,1.0702,1.0702,0.0023414817,2016-09-02
1.0782,1.0782,1.0782,0.0074752383,2016-09-05
1.0918,1.0918,1.0918,0.0126136153,2016-09-06
1.08,1.08,1.08,-0.0108078403,2016-09-07
1.0944,1.0944,1.0944,0.0133333333,2016-09-08
1.0923,1.0923,1.0923,-0.0019188596,2016-09-09
1.0472,1.0472,1.0472,-0.0412890232,2016-09-12
1.0476,1.0476,1.0476,0.000381971,2016-09-13
1.0393,1.0393,1.0393,-0.0079228713,2016-09-14
1.0511,1.0511,1.0511,0.0113537958,2016-09-19
1.0479,1.0479,1.0479,-0.0030444296,2016-09-20
1.0489,1.0489,1.0489,0.0009542895,2016-09-21
1.0529,1.0529,1.0529,0.0038135189,2016-09-22
1.049,1.049,1.049,-0.0037040555,2016-09-23
1.0239,1.0239,1.0239,-0.02392755,2016-09-26
1.0279,1.0279,1.0279,0.0039066315,2016-09-27
1.026,1.026,1.026,-0.0018484288,2016-09-28
1.0314,1.0314,1.0314,0.0052631579,2016-09-29
1.0368,1.0368,1.0368,0.0052356021,2016-09-30
1.0526,1.0526,1.0526,0.0152391975,2016-10-10
1.0556,1.0556,1.0556,0.0028500855,2016-10-11
1.052,1.052,1.052,-0.0034103827,2016-10-12
1.054,1.054,1.054,0.0019011407,2016-10-13
1.0519,1.0519,1.0519,-0.0019924099,2016-10-14
1.0422,1.0422,1.0422,-0.0092214089,2016-10-17
1.0578,1.0578,1.0578,0.0149683362,2016-10-18
1.0554,1.0554,1.0554,-0.0022688599,2016-10-19
1.0588,1.0588,1.0588,0.0032215274,2016-10-20
1.0517,1.0517,1.0517,-0.0067057046,2016-10-21
1.0788,1.0788,1.0788,0.0257678045,2016-10-24
1.0938,1.0938,1.0938,0.0139043382,2016-10-25
1.0823,1.0823,1.0823,-0.0105138051,2016-10-26
1.0735,1.0735,1.0735,-0.0081308325,2016-10-27
1.0667,1.0667,1.0667,-0.0063344201,2016-10-28
1.0668,1.0668,1.0668,9.37471e-05,2016-10-31
1.0689,1.0689,1.0689,0.0019685039,2016-11-01
1.0639,1.0639,1.0639,-0.0046777061,2016-11-02
1.0651,1.0651,1.0651,0.0011279256,2016-11-03
1.0654,1.0654,1.0654,0.0002816637,2016-11-04
1.074,1.074,1.074,0.0080720856,2016-11-07
1.0726,1.0726,1.0726,-0.0013035382,2016-11-08
1.0743,1.0743,1.0743,0.0015849338,2016-11-09
1.1017,1.1017,1.1017,0.02550498,2016-11-10
1.1512,1.1512,1.1512,0.0449305619,2016-11-11
1.1805,1.1805,1.1805,0.0254517026,2016-11-14
1.1732,1.1732,1.1732,-0.0061838204,2016-11-15
1.1696,1.1696,1.1696,-0.0030685305,2016-11-16
1.1649,1.1649,1.1649,-0.0040184679,2016-11-17
1.1504,1.1504,1.1504,-0.0124474204,2016-11-18
1.157,1.157,1.157,0.0057371349,2016-11-21
1.1875,1.1875,1.1875,0.0263612792,2016-11-22
1.1706,1.1706,1.1706,-0.0142315789,2016-11-23
1.1722,1.1722,1.1722,0.0013668204,2016-11-24
1.1751,1.1751,1.1751,0.0024739805,2016-11-25
1.2093,1.2093,1.2093,0.0291039061,2016-11-28
1.1978,1.1978,1.1978,-0.0095096337,2016-11-29
1.1675,1.1675,1.1675,-0.0252963767,2016-11-30
1.1722,1.1722,1.1722,0.0040256959,2016-12-01
1.1575,1.1575,1.1575,-0.0125405221,2016-12-02
1.16,1.16,1.16,0.0021598272,2016-12-05
1.1576,1.1576,1.1576,-0.0020689655,2016-12-06
1.1652,1.1652,1.1652,0.0065653075,2016-12-07
1.1605,1.1605,1.1605,-0.0040336423,2016-12-08
1.158,1.158,1.158,-0.0021542439,2016-12-09
1.1495,1.1495,1.1495,-0.0073402418,2016-12-12
1.1427,1.1427,1.1427,-0.0059156155,2016-12-13
1.1404,1.1404,1.1404,-0.0020127768,2016-12-14
1.1422,1.1422,1.1422,0.0015783935,2016-12-15
1.145,1.145,1.145,0.0024514096,2016-12-16
1.146,1.146,1.146,0.0008733624,2016-12-19
1.1443,1.1443,1.1443,-0.0014834206,2016-12-20
1.1453,1.1453,1.1453,0.0008738967,2016-12-21
1.1449,1.1449,1.1449,-0.0003492535,2016-12-22
1.1423,1.1423,1.1423,-0.0022709407,2016-12-23
1.1416,1.1416,1.1416,-0.0006127987,2016-12-26
1.1426,1.1426,1.1426,0.0008759636,2016-12-27
1.1422,1.1422,1.1422,-0.0003500788,2016-12-28
1.1416,1.1416,1.1416,-0.000525302,2016-12-29
1.1418,1.1418,1.1418,0.0001751927,2016-12-30
1.1419,1.1419,1.1419,8.7581e-05,2017-01-03
1.1434,1.1434,1.1434,0.0013136001,2017-01-04
1.1431,1.1431,1.1431,-0.0002623754,2017-01-05
1.1408,1.1408,1.1408,-0.0020120724,2017-01-06
1.1383,1.1383,1.1383,-0.0021914446,2017-01-09
1.1365,1.1365,1.1365,-0.0015813055,2017-01-10
1.1355,1.1355,1.1355,-0.0008798944,2017-01-11
1.1325,1.1325,1.1325,-0.0026420079,2017-01-12
1.1308,1.1308,1.1308,-0.0015011038,2017-01-13
1.1269,1.1269,1.1269,-0.0034488857,2017-01-16
1.1269,1.1269,1.1269,0.0,2017-01-17
1.1278,1.1278,1.1278,0.0007986512,2017-01-18
1.1276,1.1276,1.1276,-0.0001773364,2017-01-19
1.1291,1.1291,1.1291,0.001330259,2017-01-20
1.1287,1.1287,1.1287,-0.0003542645,2017-01-23
1.1288,1.1288,1.1288,8.85975e-05,2017-01-24
1.1294,1.1294,1.1294,0.0005315379,2017-01-25
1.131,1.131,1.131,0.0014166814,2017-01-26
1.1305,1.1305,1.1305,-0.0004420866,2017-02-03
1.131,1.131,1.131,0.0004422822,2017-02-06
1.1312,1.1312,1.1312,0.0001768347,2017-02-07
1.1316,1.1316,1.1316,0.0003536068,2017-02-08
1.1347,1.1347,1.1347,0.0027394839,2017-02-09
1.1373,1.1373,1.1373,0.0022913545,2017-02-10
1.138,1.138,1.138,0.0006154928,2017-02-13
1.1381,1.1381,1.1381,8.78735e-05,2017-02-14
1.1354,1.1354,1.1354,-0.002372375,2017-02-15
1.1366,1.1366,1.1366,0.0010568962,2017-02-16
1.1353,1.1353,1.1353,-0.0011437621,2017-02-17
1.1357,1.1357,1.1357,0.0003523298,2017-02-20
1.1361,1.1361,1.1361,0.0003522057,2017-02-21
1.1432,1.1432,1.1432,0.0062494499,2017-02-22
1.1447,1.1447,1.1447,0.0013121064,2017-02-23
1.146,1.146,1.146,0.0011356687,2017-02-24
1.1438,1.1438,1.1438,-0.0019197208,2017-02-27
1.1436,1.1436,1.1436,-0.0001748557,2017-02-28
1.1449,1.1449,1.1449,0.0011367611,2017-03-01
1.1476,1.1476,1.1476,0.0023582846,2017-03-02
1.1465,1.1465,1.1465,-0.0009585221,2017-03-03
1.1487,1.1487,1.1487,0.0019188836,2017-03-06
1.1483,1.1483,1.1483,-0.0003482197,2017-03-07
1.1478,1.1478,1.1478,-0.0004354263,2017-03-08
1.1457,1.1457,1.1457,-0.001829587,2017-03-09
1.1453,1.1453,1.1453,-0.0003491315,2017-03-10
1.1465,1.1465,1.1465,0.0010477604,2017-03-13
1.146,1.146,1.146,-0.0004361099,2017-03-14
1.1473,1.1473,1.1473,0.0011343805,2017-03-15
1.1507,1.1507,1.1507,0.0029634795,2017-03-16
1.145,1.145,1.145,-0.0049535066,2017-03-17
1.147,1.147,1.147,0.0017467249,2017-03-20
1.1433,1.1433,1.1433,-0.0032258065,2017-03-21
1.1368,1.1368,1.1368,-0.0056852969,2017-03-22
1.1343,1.1343,1.1343,-0.0021991555,2017-03-23
1.1434,1.1434,1.1434,0.008022569,2017-03-24
1.1362,1.1362,1.1362,-0.0062970089,2017-03-27
1.1345,1.1345,1.1345,-0.0014962155,2017-03-28
1.1406,1.1406,1.1406,0.005376818,2017-03-29
1.1314,1.1314,1.1314,-0.0080659302,2017-03-30
1.1331,1.1331,1.1331,0.0015025632,2017-03-31
1.1553,1.1553,1.1553,0.019592269,2017-04-05
1.1575,1.1575,1.1575,0.0019042673,2017-04-06
1.1573,1.1573,1.1573,-0.0001727862,2017-04-07
1.1565,1.1565,1.1565,-0.0006912641,2017-04-10
1.1799,1.1799,1.1799,0.020233463,2017-04-11
1.1769,1.1769,1.1769,-0.0025425884,2017-04-12
1.1795,1.1795,1.1795,0.0022091936,2017-04-13
1.17,1.17,1.17,-0.0080542603,2017-04-14
1.1497,1.1497,1.1497,-0.0173504274,2017-04-17
1.1401,1.1401,1.1401,-0.0083500043,2017-04-18
1.1293,1.1293,1.1293,-0.0094728533,2017-04-19
1.132,1.132,1.132,0.0023908616,2017-04-20
1.1312,1.1312,1.1312,-0.0007067138,2017-04-21
1.1274,1.1274,1.1274,-0.0033592645,2017-04-24
1.1273,1.1273,1.1273,-8.86997e-05,2017-04-25
1.1293,1.1293,1.1293,0.0017741506,2017-04-26
1.1281,1.1281,1.1281,-0.0010626052,2017-04-27
1.1286,1.1286,1.1286,0.0004432231,2017-04-28
1.1286,1.1286,1.1286,0.0,2017-05-02
1.1286,1.1286,1.1286,0.0,2017-05-03
1.1263,1.1263,1.1263,-0.0020379231,2017-05-04
1.1237,1.1237,1.1237,-0.0023084436,2017-05-05
1.1204,1.1204,1.1204,-0.0029367269,2017-05-08
1.1216,1.1216,1.1216,0.0010710461,2017-05-09
1.1176,1.1176,1.1176,-0.0035663338,2017-05-10
1.1161,1.1161,1.1161,-0.0013421618,2017-05-11
1.1177,1.1177,1.1177,0.0014335633,2017-05-12
1.119,1.119,1.119,0.0011631028,2017-05-15
1.1229,1.1229,1.1229,0.0034852547,2017-05-16
1.1243,1.1243,1.1243,0.0012467718,2017-05-17
1.1221,1.1221,1.1221,-0.0019567731,2017-05-18
1.1203,1.1203,1.1203,-0.0016041351,2017-05-19
1.1162,1.1162,1.1162,-0.003659734,2017-05-22
1.1096,1.1096,1.1096,-0.0059129188,2017-05-23
1.1084,1.1084,1.1084,-0.0010814708,2017-05-24
1.1135,1.1135,1.1135,0.004601227,2017-05-25
1.1112,1.1112,1.1112,-0.002065559,2017-05-26
1.1147,1.1147,1.1147,0.003149748,2017-05-31
1.1029,1.1029,1.1029,-0.0105858078,2017-06-01
1.1121,1.1121,1.1121,0.0083416448,2017-06-02
1.1228,1.1228,1.1228,0.0096214369,2017-06-05
1.1243,1.1243,1.1243,0.0013359458,2017-06-06
1.1417,1.1417,1.1417,0.0154762964,2017-06-07
1.1425,1.1425,1.1425,0.0007007095,2017-06-08
1.1471,1.1471,1.1471,0.0040262582,2017-06-09
1.1297,1.1297,1.1297,-0.0151686863,2017-06-12
1.1409,1.1409,1.1409,0.0099141365,2017-06-13
1.1384,1.1384,1.1384,-0.0021912525,2017-06-14
1.1467,1.1467,1.1467,0.0072909346,2017-06-15
1.1522,1.1522,1.1522,0.0047963722,2017-06-16
1.152,1.152,1.152,-0.000173581,2017-06-19
1.1551,1.1551,1.1551,0.0026909722,2017-06-20
1.1567,1.1567,1.1567,0.0013851615,2017-06-21
1.146,1.146,1.146,-0.0092504539,2017-06-22
1.1542,1.1542,1.1542,0.0071553229,2017-06-23
1.1738,1.1738,1.1738,0.016981459,2017-06-26
1.1774,1.1774,1.1774,0.003066962,2017-06-27
1.1704,1.1704,1.1704,-0.0059453032,2017-06-28
1.1782,1.1782,1.1782,0.0066643882,2017-06-29
1.178,1.178,1.178,-0.0001697505,2017-06-30
1.1867,1.1867,1.1867,0.007385399,2017-07-03
1.1796,1.1796,1.1796,-0.005982978,2017-07-04
1.188,1.188,1.188,0.007121058,2017-07-05
1.1795,1.1795,1.1795,-0.0071548822,2017-07-06
1.189,1.189,1.189,0.0080542603,2017-07-07
1.1881,1.1881,1.1881,-0.0007569386,2017-07-10
1.1787,1.1787,1.1787,-0.0079117919,2017-07-11
1.1754,1.1754,1.1754,-0.0027996946,2017-07-12
1.1869,1.1869,1.1869,0.0097839034,2017-07-13
1.1783,1.1783,1.1783,-0.0072457663,2017-07-14
1.1343,1.1343,1.1343,-0.0373419333,2017-07-17
1.1473,1.1473,1.1473,0.0114608128,2017-07-18
1.1717,1.1717,1.1717,0.0212673233,2017-07-19
1.1846,1.1846,1.1846,0.0110096441,2017-07-20
1.1819,1.1819,1.1819,-0.0022792504,2017-07-21
1.1933,1.1933,1.1933,0.0096454861,2017-07-24
1.194,1.194,1.194,0.0005866086,2017-07-25
1.1854,1.1854,1.1854,-0.0072026801,2017-07-26
1.1958,1.1958,1.1958,0.0087734098,2017-07-27
1.1922,1.1922,1.1922,-0.0030105369,2017-07-28
1.2083,1.2083,1.2083,0.0135044456,2017-07-31
1.2096,1.2096,1.2096,0.0010758917,2017-08-01
1.2029,1.2029,1.2029,-0.0055390212,2017-08-02
1.2099,1.2099,1.2099,0.0058192701,2017-08-03
1.2071,1.2071,1.2071,-0.0023142408,2017-08-04
1.2347,1.2347,1.2347,0.0228647171,2017-08-07
1.2377,1.2377,1.2377,0.00242974,2017-08-08
1.2408,1.2408,1.2408,0.0025046457,2017-08-09
1.2351,1.2351,1.2351,-0.0045938104,2017-08-10
1.1999,1.1999,1.1999,-0.0284997166,2017-08-11
1.2177,1.2177,1.2177,0.0148345695,2017-08-14
1.2144,1.2144,1.2144,-0.0027100271,2017-08-15
1.2325,1.2325,1.2325,0.0149044796,2017-08-16
1.2397,1.2397,1.2397,0.005841785,2017-08-17
1.2287,1.2287,1.2287,-0.0088731145,2017-08-18
1.2429,1.2429,1.2429,0.0115569301,2017-08-21
1.2303,1.2303,1.2303,-0.0101375815,2017-08-22
1.2168,1.2168,1.2168,-0.0109729334,2017-08-23
1.2038,1.2038,1.2038,-0.0106837607,2017-08-24
1.2256,1.2256,1.2256,0.0181093205,2017-08-25
1.2426,1.2426,1.2426,0.0138707572,2017-08-28
1.2492,1.2492,1.2492,0.0053114437,2017-08-29
1.2581,1.2581,1.2581,0.0071245597,2017-08-30
1.2624,1.2624,1.2624,0.0034178523,2017-08-31
1.2694,1.2694,1.2694,0.0055449937,2017-09-01
1.2684,1.2684,1.2684,-0.0007877738,2017-09-04
1.2558,1.2558,1.2558,-0.0099337748,2017-09-05
1.2563,1.2563,1.2563,0.0003981526,2017-09-06
1.2635,1.2635,1.2635,0.0057311152,2017-09-07
1.2635,1.2635,1.2635,0.0,2017-09-08
1.2747,1.2747,1.2747,0.0088642659,2017-09-11
1.2782,1.2782,1.2782,0.0027457441,2017-09-12
1.2734,1.2734,1.2734,-0.0037552809,2017-09-13
1.2808,1.2808,1.2808,0.0058112141,2017-09-14
1.2644,1.2644,1.2644,-0.0128044972,2017-09-15
1.2681,1.2681,1.2681,0.0029262891,2017-09-18
1.2652,1.2652,1.2652,-0.0022868859,2017-09-19
1.289,1.289,1.289,0.0188112551,2017-09-20
1.2549,1.2549,1.2549,-0.026454616,2017-09-21
1.2367,1.2367,1.2367,-0.0145031477,2017-09-22
1.2094,1.2094,1.2094,-0.0220748767,2017-09-25
1.2178,1.2178,1.2178,0.0069455929,2017-09-26
1.2241,1.2241,1.2241,0.0051732633,2017-09-27
1.2114,1.2114,1.2114,-0.0103749694,2017-09-28
1.2221,1.2221,1.2221,0.0088327555,2017-09-29
1.2385,1.2385,1.2385,0.0134195238,2017-10-09
1.2521,1.2521,1.2521,0.0109810254,2017-10-10
1.2475,1.2475,1.2475,-0.003673828,2017-10-11
1.2465,1.2465,1.2465,-0.0008016032,2017-10-12
1.252,1.252,1.252,0.0044123546,2017-10-13
1.2391,1.2391,1.2391,-0.0103035144,2017-10-16
1.2319,1.2319,1.2319,-0.005810669,2017-10-17
1.2185,1.2185,1.2185,-0.0108775063,2017-10-18
1.2042,1.2042,1.2042,-0.0117357407,2017-10-19
1.227,1.227,1.227,0.0189337319,2017-10-20
1.2362,1.2362,1.2362,0.0074979625,2017-10-23
1.2372,1.2372,1.2372,0.0008089306,2017-10-24
1.2448,1.2448,1.2448,0.0061429033,2017-10-25
1.2504,1.2504,1.2504,0.0044987147,2017-10-26
1.2381,1.2381,1.2381,-0.0098368522,2017-10-27
1.2171,1.2171,1.2171,-0.0169614732,2017-10-30
1.234,1.234,1.234,0.0138854655,2017-10-31
1.2335,1.2335,1.2335,-0.0004051864,2017-11-01
1.2229,1.2229,1.2229,-0.0085934333,2017-11-02
1.1991,1.1991,1.1991,-0.0194619347,2017-11-03
1.1951,1.1951,1.1951,-0.0033358352,2017-11-06
1.2079,1.2079,1.2079,0.0107104008,2017-11-07
1.219,1.219,1.219,0.0091895024,2017-11-08
1.2292,1.2292,1.2292,0.0083675144,2017-11-09
1.2256,1.2256,1.2256,-0.0029287341,2017-11-10
1.2194,1.2194,1.2194,-0.0050587467,2017-11-13
1.2043,1.2043,1.2043,-0.0123831392,2017-11-14
1.2001,1.2001,1.2001,-0.0034875031,2017-11-15
1.1893,1.1893,1.1893,-0.0089992501,2017-11-16
1.1516,1.1516,1.1516,-0.0316993189,2017-11-17
1.1546,1.1546,1.1546,0.0026050712,2017-11-20
1.1718,1.1718,1.1718,0.014896934,2017-11-21
1.1693,1.1693,1.1693,-0.0021334699,2017-11-22
1.1364,1.1364,1.1364,-0.0281364919,2017-11-23
1.1454,1.1454,1.1454,0.0079197466,2017-11-24
1.1276,1.1276,1.1276,-0.0155404226,2017-11-27
1.1458,1.1458,1.1458,0.0161404753,2017-11-28
1.1631,1.1631,1.1631,0.0150986211,2017-11-29
1.1473,1.1473,1.1473,-0.0135843866,2017-11-30
1.1554,1.1554,1.1554,0.007060054,2017-12-01
1.1354,1.1354,1.1354,-0.0173100225,2017-12-04
1.1112,1.1112,1.1112,-0.0213140743,2017-12-05
1.1247,1.1247,1.1247,0.0121490281,2017-12-06
1.1237,1.1237,1.1237,-0.000889126,2017-12-07
1.1319,1.1319,1.1319,0.0072973213,2017-12-08
1.1389,1.1389,1.1389,0.0061842919,2017-12-11
1.1299,1.1299,1.1299,-0.0079023619,2017-12-12
1.1313,1.1313,1.1313,0.0012390477,2017-12-13
1.1322,1.1322,1.1322,0.0007955449,2017-12-14
1.123,1.123,1.123,-0.0081257728,2017-12-15
1.1376,1.1376,1.1376,0.0130008905,2017-12-18
1.1406,1.1406,1.1406,0.0026371308,2017-12-19
1.1178,1.1178,1.1178,-0.0199894792,2017-12-20
1.1235,1.1235,1.1235,0.0050993022,2017-12-21
1.1269,1.1269,1.1269,0.0030262572,2017-12-22
1.1145,1.1145,1.1145,-0.0110036383,2017-12-25
1.1315,1.1315,1.1315,0.0152534769,2017-12-26
1.1238,1.1238,1.1238,-0.0068051259,2017-12-27
1.14,1.14,1.14,0.0144153764,2017-12-28
1.1492,1.1492,1.1492,0.0080701754,2017-12-29
1.1801,1.1801,1.1801,0.0268882701,2018-01-02
1.1905,1.1905,1.1905,0.0088128125,2018-01-03
1.1901,1.1901,1.1901,-0.0003359933,2018-01-04
1.2052,1.2052,1.2052,0.0126880094,2018-01-05
1.2481,1.2481,1.2481,0.0355957517,2018-01-08
1.2418,1.2418,1.2418,-0.0050476725,2018-01-09
1.2312,1.2312,1.2312,-0.0085359961,2018-01-10
1.2319,1.2319,1.2319,0.000568551,2018-01-11
1.221,1.221,1.221,-0.0088481208,2018-01-12
1.1868,1.1868,1.1868,-0.028009828,2018-01-15
1.221,1.221,1.221,0.0288169869,2018-01-16
1.2294,1.2294,1.2294,0.0068796069,2018-01-17
1.2312,1.2312,1.2312,0.0014641288,2018-01-18
1.2268,1.2268,1.2268,-0.0035737492,2018-01-19
1.2448,1.2448,1.2448,0.0146723182,2018-01-22
1.2521,1.2521,1.2521,0.0058643959,2018-01-23
1.2712,1.2712,1.2712,0.0152543727,2018-01-24
1.2632,1.2632,1.2632,-0.0062932662,2018-01-25
1.2633,1.2633,1.2633,7.9164e-05,2018-01-26
1.2546,1.2546,1.2546,-0.0068867252,2018-01-29
1.245,1.245,1.245,-0.0076518412,2018-01-30
1.226,1.226,1.226,-0.0152610442,2018-01-31
1.1733,1.1733,1.1733,-0.0429853181,2018-02-01
1.1815,1.1815,1.1815,0.0069888349,2018-02-02
1.1918,1.1918,1.1918,0.0087177317,2018-02-05
1.1039,1.1039,1.1039,-0.0737539856,2018-02-06
1.0922,1.0922,1.0922,-0.0105987861,2018-02-07
1.0977,1.0977,1.0977,0.0050357077,2018-02-08
0.9992,0.9992,0.9992,-0.0897330783,2018-02-09
1.0208,1.0208,1.0208,0.0216172938,2018-02-12
1.0276,1.0276,1.0276,0.006661442,2018-02-13
1.0373,1.0373,1.0373,0.0094394706,2018-02-14
1.0562,1.0562,1.0562,0.0182203798,2018-02-22
1.0576,1.0576,1.0576,0.0013255065,2018-02-23
1.0813,1.0813,1.0813,0.0224092284,2018-02-26
1.0737,1.0737,1.0737,-0.0070285767,2018-02-27
1.07,1.07,1.07,-0.0034460278,2018-02-28
1.0822,1.0822,1.0822,0.0114018692,2018-03-01
1.0782,1.0782,1.0782,-0.0036961745,2018-03-02
1.0802,1.0802,1.0802,0.0018549434,2018-03-05
1.0977,1.0977,1.0977,0.0162007036,2018-03-06
1.0884,1.0884,1.0884,-0.0084722602,2018-03-07
1.0937,1.0937,1.0937,0.0048695333,2018-03-08
1.1084,1.1084,1.1084,0.0134406144,2018-03-09
1.127,1.127,1.127,0.0167809455,2018-03-12
1.1157,1.1157,1.1157,-0.0100266193,2018-03-13
1.0997,1.0997,1.0997,-0.0143407726,2018-03-14
1.0932,1.0932,1.0932,-0.0059107029,2018-03-15
1.0926,1.0926,1.0926,-0.0005488474,2018-03-16
1.1029,1.1029,1.1029,0.0094270547,2018-03-19
1.1039,1.1039,1.1039,0.0009067005,2018-03-20
1.1037,1.1037,1.1037,-0.0001811758,2018-03-21
1.108,1.108,1.108,0.0038959862,2018-03-22
1.0324,1.0324,1.0324,-0.0682310469,2018-03-23
1.0443,1.0443,1.0443,0.0115265401,2018-03-26
1.0767,1.0767,1.0767,0.0310255674,2018-03-27
1.0668,1.0668,1.0668,-0.0091947618,2018-03-28
1.0877,1.0877,1.0877,0.0195913011,2018-03-29
1.1015,1.1015,1.1015,0.0126873219,2018-03-30
1.0875,1.0875,1.0875,-0.012709941,2018-04-02
1.0796,1.0796,1.0796,-0.0072643678,2018-04-03
1.0679,1.0679,1.0679,-0.0108373472,2018-04-04
1.0727,1.0727,1.0727,0.0044948029,2018-04-09
1.1077,1.1077,1.1077,0.0326279482,2018-04-10
1.1238,1.1238,1.1238,0.0145346213,2018-04-11
1.1011,1.1011,1.1011,-0.0201993237,2018-04-12
1.0892,1.0892,1.0892,-0.0108073744,2018-04-13
1.07,1.07,1.07,-0.0176276166,2018-04-16
1.0438,1.0438,1.0438,-0.0244859813,2018-04-17
1.0633,1.0633,1.0633,0.0186817398,2018-04-18
1.0716,1.0716,1.0716,0.0078058873,2018-04-19
1.0378,1.0378,1.0378,-0.03154162,2018-04-20
1.0302,1.0302,1.0302,-0.0073231837,2018-04-23
1.0499,1.0499,1.0499,0.0191225005,2018-04-24
1.0419,1.0419,1.0419,-0.0076197733,2018-04-25
1.0139,1.0139,1.0139,-0.0268739802,2018-04-26
1.0262,1.0262,1.0262,0.0121313739,2018-04-27
1.0264,1.0264,1.0264,0.0001948938,2018-05-02
1.0326,1.0326,1.0326,0.00604053,2018-05-03
1.0342,1.0342,1.0342,0.0015494867,2018-05-04
1.0475,1.0475,1.0475,0.0128601818,2018-05-07
1.0518,1.0518,1.0518,0.0041050119,2018-05-08
1.0444,1.0444,1.0444,-0.0070355581,2018-05-09
1.0528,1.0528,1.0528,0.0080428954,2018-05-10
1.0371,1.0371,1.0371,-0.014912614,2018-05-11
1.0493,1.0493,1.0493,0.0117635715,2018-05-14
1.0567,1.0567,1.0567,0.0070523206,2018-05-15
1.0442,1.0442,1.0442,-0.0118292798,2018-05-16
1.0435,1.0435,1.0435,-0.0006703697,2018-05-17
1.0584,1.0584,1.0584,0.0142788692,2018-05-18
1.085,1.085,1.085,0.0251322751,2018-05-21
1.0764,1.0764,1.0764,-0.0079262673,2018-05-22
1.0642,1.0642,1.0642,-0.0113340766,2018-05-23
1.0665,1.0665,1.0665,0.0021612479,2018-05-24
1.041,1.041,1.041,-0.0239099859,2018-05-25
1.0427,1.0427,1.0427,0.0016330451,2018-05-28
1.0333,1.0333,1.0333,-0.0090150571,2018-05-29
0.9804,0.9804,0.9804,-0.0511951998,2018-05-30
0.9965,0.9965,0.9965,0.0164218686,2018-05-31
0.986,0.986,0.986,-0.0105368791,2018-06-01
0.9796,0.9796,0.9796,-0.0064908722,2018-06-04
0.9863,0.9863,0.9863,0.0068395263,2018-06-05
0.9964,0.9964,0.9964,0.010240292,2018-06-06
0.9809,0.9809,0.9809,-0.0155560016,2018-06-07
0.9474,0.9474,0.9474,-0.0341523091,2018-06-08
0.9346,0.9346,0.9346,-0.0135106608,2018-06-11
0.9453,0.9453,0.9453,0.0114487481,2018-06-12
0.9152,0.9152,0.9152,-0.0318417434,2018-06-13
0.9142,0.9142,0.9142,-0.0010926573,2018-06-14
0.892,0.892,0.892,-0.0242835266,2018-06-15
0.7941,0.7941,0.7941,-0.1097533632,2018-06-19
0.8074,0.8074,0.8074,0.0167485203,2018-06-20
0.7871,0.7871,0.7871,-0.0251424325,2018-06-21
0.798,0.798,0.798,0.0138483039,2018-06-22
0.7876,0.7876,0.7876,-0.0130325815,2018-06-25
0.8041,0.8041,0.8041,0.0209497207,2018-06-26
0.7992,0.7992,0.7992,-0.0060937694,2018-06-27
0.7899,0.7899,0.7899,-0.0116366366,2018-06-28
0.8167,0.8167,0.8167,0.0339283454,2018-06-29
0.7968,0.7968,0.7968,-0.0243663524,2018-07-02
0.8187,0.8187,0.8187,0.0274849398,2018-07-03
0.8012,0.8012,0.8012,-0.0213753512,2018-07-04
0.7886,0.7886,0.7886,-0.0157264104,2018-07-05
0.7943,0.7943,0.7943,0.007227999,2018-07-06
0.812,0.812,0.812,0.0222837719,2018-07-09
0.8102,0.8102,0.8102,-0.0022167488,2018-07-10
0.7728,0.7728,0.7728,-0.0461614416,2018-07-11
0.801,0.801,0.801,0.0364906832,2018-07-12
0.8021,0.8021,0.8021,0.0013732834,2018-07-13
0.8025,0.8025,0.8025,0.0004986909,2018-07-16
0.7873,0.7873,0.7873,-0.01894081,2018-07-17
0.77,0.77,0.77,-0.0219738346,2018-07-18
0.7701,0.7701,0.7701,0.0001298701,2018-07-19
0.7895,0.7895,0.7895,0.0251915336,2018-07-20
0.8028,0.8028,0.8028,0.0168461051,2018-07-23
0.8237,0.8237,0.8237,0.0260338814,2018-07-24
0.8205,0.8205,0.8205,-0.0038849096,2018-07-25
0.8161,0.8161,0.8161,-0.0053625838,2018-07-26
0.8121,0.8121,0.8121,-0.0049013601,2018-07-27
0.8029,0.8029,0.8029,-0.0113286541,2018-07-30
0.8027,0.8027,0.8027,-0.000249097,2018-07-31
0.7818,0.7818,0.7818,-0.0260371247,2018-08-01
0.7542,0.7542,0.7542,-0.0353031466,2018-08-02
0.7477,0.7477,0.7477,-0.0086184036,2018-08-03
0.744,0.744,0.744,-0.0049485088,2018-08-06
0.7709,0.7709,0.7709,0.036155914,2018-08-07
0.7573,0.7573,0.7573,-0.0176417175,2018-08-08
0.7807,0.7807,0.7807,0.0308992473,2018-08-09
0.784,0.784,0.784,0.0042269758,2018-08-10
0.7765,0.7765,0.7765,-0.0095663265,2018-08-13
0.7771,0.7771,0.7771,0.000772698,2018-08-14
0.7588,0.7588,0.7588,-0.0235490928,2018-08-15
0.7549,0.7549,0.7549,-0.0051396943,2018-08-16
0.7422,0.7422,0.7422,-0.0168234203,2018-08-17
0.744,0.744,0.744,0.0024252223,2018-08-20
0.7506,0.7506,0.7506,0.0088709677,2018-08-21
0.7453,0.7453,0.7453,-0.0070610179,2018-08-22
0.7496,0.7496,0.7496,0.0057694888,2018-08-23
0.7627,0.7627,0.7627,0.0174759872,2018-08-24
0.7777,0.7777,0.7777,0.0196669726,2018-08-27
0.8066,0.8066,0.8066,0.0371608589,2018-08-28
0.8087,0.8087,0.8087,0.002603521,2018-08-29
0.806,0.806,0.806,-0.0033386917,2018-08-30
0.7955,0.7955,0.7955,-0.0130272953,2018-08-31
0.8103,0.8103,0.8103,0.0186046512,2018-09-03
0.8171,0.8171,0.8171,0.0083919536,2018-09-04
0.8039,0.8039,0.8039,-0.0161546934,2018-09-05
0.8139,0.8139,0.8139,0.0124393581,2018-09-06
0.8186,0.8186,0.8186,0.0057746652,2018-09-07
0.8034,0.8034,0.8034,-0.0185682873,2018-09-10
0.7895,0.7895,0.7895,-0.0173014688,2018-09-11
0.8224,0.8224,0.8224,0.0416719443,2018-09-12
0.8405,0.8405,0.8405,0.0220087549,2018-09-13
0.8618,0.8618,0.8618,0.0253420583,2018-09-14
0.8491,0.8491,0.8491,-0.0147365978,2018-09-17
0.8774,0.8774,0.8774,0.0333294076,2018-09-18
0.8709,0.8709,0.8709,-0.0074082517,2018-09-19
0.8857,0.8857,0.8857,0.0169939143,2018-09-20
0.9124,0.9124,0.9124,0.0301456475,2018-09-21
0.8963,0.8963,0.8963,-0.0176457694,2018-09-25
0.9294,0.9294,0.9294,0.0369295995,2018-09-26
0.9174,0.9174,0.9174,-0.0129115558,2018-09-27
0.9053,0.9053,0.9053,-0.0131894484,2018-09-28
0.892,0.892,0.892,-0.0146912626,2018-10-08
0.884,0.884,0.884,-0.0089686099,2018-10-09
0.8942,0.8942,0.8942,0.0115384615,2018-10-10
0.7747,0.7747,0.7747,-0.1336390069,2018-10-11
0.8105,0.8105,0.8105,0.0462114367,2018-10-12
0.7381,0.7381,0.7381,-0.0893275756,2018-10-15
0.7145,0.7145,0.7145,-0.0319739873,2018-10-16
0.7188,0.7188,0.7188,0.0060181945,2018-10-17
0.7002,0.7002,0.7002,-0.0258764608,2018-10-18
0.7237,0.7237,0.7237,0.0335618395,2018-10-19
0.775,0.775,0.775,0.0708857261,2018-10-22
0.756,0.756,0.756,-0.024516129,2018-10-23
0.7613,0.7613,0.7613,0.007010582,2018-10-24
0.7491,0.7491,0.7491,-0.01602522,2018-10-25
0.7606,0.7606,0.7606,0.0153517554,2018-10-26
0.7641,0.7641,0.7641,0.0046016303,2018-10-29
0.8188,0.8188,0.8188,0.0715874885,2018-10-30
0.8094,0.8094,0.8094,-0.0114802149,2018-10-31
0.7876,0.7876,0.7876,-0.026933531,2018-11-01
0.8103,0.8103,0.8103,0.0288217369,2018-11-02
0.7906,0.7906,0.7906,-0.0243119832,2018-11-05
0.7851,0.7851,0.7851,-0.0069567417,2018-11-06
0.7839,0.7839,0.7839,-0.0015284677,2018-11-07
0.7729,0.7729,0.7729,-0.0140324021,2018-11-08
0.7726,0.7726,0.7726,-0.0003881485,2018-11-09
0.8099,0.8099,0.8099,0.04827854,2018-11-12
0.8411,0.8411,0.8411,0.0385232745,2018-11-13
0.8401,0.8401,0.8401,-0.0011889193,2018-11-14
0.8816,0.8816,0.8816,0.0493988811,2018-11-15
0.8703,0.8703,0.8703,-0.0128176044,2018-11-16
0.8688,0.8688,0.8688,-0.0017235436,2018-11-19
0.8326,0.8326,0.8326,-0.0416666667,2018-11-20
0.8356,0.8356,0.8356,0.0036031708,2018-11-21
0.8261,0.8261,0.8261,-0.0113690761,2018-11-22
0.7752,0.7752,0.7752,-0.0616148166,2018-11-23
0.7831,0.7831,0.7831,0.0101909185,2018-11-26
0.7923,0.7923,0.7923,0.0117481803,2018-11-27
0.8351,0.8351,0.8351,0.0540199419,2018-11-28
0.8143,0.8143,0.8143,-0.0249071967,2018-11-29
0.8,0.8,0.8,-0.0175610954,2018-11-30
0.8593,0.8593,0.8593,0.074125,2018-12-03
0.8558,0.8558,0.8558,-0.0040730827,2018-12-04
0.8696,0.8696,0.8696,0.0161252629,2018-12-05
0.8216,0.8216,0.8216,-0.0551977921,2018-12-06
0.8252,0.8252,0.8252,0.0043816943,2018-12-07
0.8331,0.8331,0.8331,0.0095734367,2018-12-10
0.8642,0.8642,0.8642,0.0373304525,2018-12-11
0.8496,0.8496,0.8496,-0.0168942374,2018-12-12
0.8765,0.8765,0.8765,0.0316619586,2018-12-13
0.8375,0.8375,0.8375,-0.0444951512,2018-12-14
0.852,0.852,0.852,0.0173134328,2018-12-17
0.8266,0.8266,0.8266,-0.0298122066,2018-12-18
0.831,0.831,0.831,0.0053230099,2018-12-19
0.8077,0.8077,0.8077,-0.0280385078,2018-12-20
0.8217,0.8217,0.8217,0.0173331683,2018-12-21
0.8231,0.8231,0.8231,0.0017037848,2018-12-24
0.8133,0.8133,0.8133,-0.0119062082,2018-12-25
0.8445,0.8445,0.8445,0.038362228,2018-12-26
0.8206,0.8206,0.8206,-0.0283007697,2018-12-27
0.8089,0.8089,0.8089,-0.0142578601,2018-12-28
0.8051,0.8051,0.8051,-0.0046977377,2019-01-02
0.8079,0.8079,0.8079,0.0034778288,2019-01-03
0.8421,0.8421,0.8421,0.0423319718,2019-01-04
0.8536,0.8536,0.8536,0.0136563354,2019-01-07
0.8443,0.8443,0.8443,-0.0108950328,2019-01-08
0.839,0.839,0.839,-0.0062773896,2019-01-09
0.8644,0.8644,0.8644,0.0302741359,2019-01-10
0.8538,0.8538,0.8538,-0.0122628413,2019-01-11
0.8464,0.8464,0.8464,-0.0086671352,2019-01-14
0.8565,0.8565,0.8565,0.0119328922,2019-01-15
0.8399,0.8399,0.8399,-0.0193812026,2019-01-16
0.8315,0.8315,0.8315,-0.0100011906,2019-01-17
0.846,0.846,0.846,0.0174383644,2019-01-18
0.8461,0.8461,0.8461,0.0001182033,2019-01-21
0.8338,0.8338,0.8338,-0.0145372887,2019-01-22
0.8444,0.8444,0.8444,0.0127128808,2019-01-23
0.8535,0.8535,0.8535,0.010776883,2019-01-24
0.8398,0.8398,0.8398,-0.0160515524,2019-01-25
0.8499,0.8499,0.8499,0.012026673,2019-01-28
0.837,0.837,0.837,-0.0151782563,2019-01-29
0.7911,0.7911,0.7911,-0.0548387097,2019-01-30
0.7946,0.7946,0.7946,0.0044242194,2019-01-31
0.8216,0.8216,0.8216,0.0339793607,2019-02-01
0.8525,0.8525,0.8525,0.0376095424,2019-02-11
0.8563,0.8563,0.8563,0.004457478,2019-02-12
0.8718,0.8718,0.8718,0.0181011328,2019-02-13
0.8712,0.8712,0.8712,-0.0006882312,2019-02-14
0.8528,0.8528,0.8528,-0.0211202938,2019-02-15
0.8951,0.8951,0.8951,0.0496013133,2019-02-18
0.8881,0.8881,0.8881,-0.0078203553,2019-02-19
0.8841,0.8841,0.8841,-0.0045039973,2019-02-20
0.8747,0.8747,0.8747,-0.0106322814,2019-02-21
0.9085,0.9085,0.9085,0.0386418201,2019-02-22
0.9969,0.9969,0.9969,0.0973032471,2019-02-25
1.0091,1.0091,1.0091,0.0122379376,2019-02-26
1.0006,1.0006,1.0006,-0.0084233475,2019-02-27
1.0033,1.0033,1.0033,0.002698381,2019-02-28
1.01,1.01,1.01,0.0066779627,2019-03-01
1.0325,1.0325,1.0325,0.0222772277,2019-03-04
1.0677,1.0677,1.0677,0.0340920097,2019-03-05
1.1084,1.1084,1.1084,0.0381193219,2019-03-06
1.1302,1.1302,1.1302,0.0196679899,2019-03-07
1.0587,1.0587,1.0587,-0.0632631393,2019-03-08
1.1185,1.1185,1.1185,0.0564843676,2019-03-11
1.1637,1.1637,1.1637,0.0404112651,2019-03-12
1.1252,1.1252,1.1252,-0.0330841282,2019-03-13
1.0712,1.0712,1.0712,-0.0479914682,2019-03-14
1.072,1.072,1.072,0.000746826,2019-03-15
1.1296,1.1296,1.1296,0.0537313433,2019-03-18
1.1459,1.1459,1.1459,0.0144298867,2019-03-19
1.1445,1.1445,1.1445,-0.0012217471,2019-03-20
1.167,1.167,1.167,0.0196592398,2019-03-21
1.1584,1.1584,1.1584,-0.0073693231,2019-03-22
1.1647,1.1647,1.1647,0.0054385359,2019-03-25
1.0962,1.0962,1.0962,-0.0588134284,2019-03-26
1.1002,1.1002,1.1002,0.0036489692,2019-03-27
1.0754,1.0754,1.0754,-0.0225413561,2019-03-28
1.1593,1.1593,1.1593,0.0780174819,2019-03-29
1.2404,1.2404,1.2404,0.0699560079,2019-04-01
1.2504,1.2504,1.2504,0.0080619155,2019-04-02
1.2798,1.2798,1.2798,0.023512476,2019-04-03
1.286,1.286,1.286,0.004844507,2019-04-04
1.2632,1.2632,1.2632,-0.0177293935,2019-04-08
1.259,1.259,1.259,-0.0033248892,2019-04-09
1.2492,1.2492,1.2492,-0.0077839555,2019-04-10
1.215,1.215,1.215,-0.0273775216,2019-04-11
1.217,1.217,1.217,0.0016460905,2019-04-12
1.2013,1.2013,1.2013,-0.0129005752,2019-04-15
1.26,1.26,1.26,0.048863731,2019-04-16
1.2549,1.2549,1.2549,-0.004047619,2019-04-17
1.2555,1.2555,1.2555,0.0004781257,2019-04-18
1.2748,1.2748,1.2748,0.0153723616,2019-04-19
1.2253,1.2253,1.2253,-0.0388296203,2019-04-22
1.174,1.174,1.174,-0.0418672978,2019-04-23
1.1984,1.1984,1.1984,0.0207836457,2019-04-24
1.1116,1.1116,1.1116,-0.0724299065,2019-04-25
1.0926,1.0926,1.0926,-0.0170924793,2019-04-26
1.0386,1.0386,1.0386,-0.0494233937,2019-04-29
1.0528,1.0528,1.0528,0.0136722511,2019-04-30
0.8968,0.8968,0.8968,-0.1481762918,2019-05-06
0.9225,0.9225,0.9225,0.0286574487,2019-05-07
0.9151,0.9151,0.9151,-0.0080216802,2019-05-08
0.9029,0.9029,0.9029,-0.0133318763,2019-05-09
0.9664,0.9664,0.9664,0.0703289401,2019-05-10
0.9345,0.9345,0.9345,-0.033009106,2019-05-13
0.9222,0.9222,0.9222,-0.0131621188,2019-05-14
0.9446,0.9446,0.9446,0.0242897419,2019-05-15
0.9522,0.9522,0.9522,0.0080457336,2019-05-16
0.9108,0.9108,0.9108,-0.0434782609,2019-05-17
0.9248,0.9248,0.9248,0.0153711023,2019-05-20
0.9483,0.9483,0.9483,0.0254108997,2019-05-21
0.9431,0.9431,0.9431,-0.0054834968,2019-05-22
0.9247,0.9247,0.9247,-0.0195101262,2019-05-23
0.9088,0.9088,0.9088,-0.0171947659,2019-05-24
0.9457,0.9457,0.9457,0.040602993,2019-05-27
0.95,0.95,0.95,0.0045468965,2019-05-28
0.9514,0.9514,0.9514,0.0014736842,2019-05-29
0.9319,0.9319,0.9319,-0.020496111,2019-05-30
0.9309,0.9309,0.9309,-0.0010730765,2019-05-31
0.9299,0.9299,0.9299,-0.0010742292,2019-06-03
0.9107,0.9107,0.9107,-0.0206473814,2019-06-04
0.8994,0.8994,0.8994,-0.0124080378,2019-06-05
0.8763,0.8763,0.8763,-0.0256837892,2019-06-06
0.8851,0.8851,0.8851,0.010042223,2019-06-10
0.9114,0.9114,0.9114,0.0297141566,2019-06-11
0.8977,0.8977,0.8977,-0.0150318192,2019-06-12
0.895,0.895,0.895,-0.0030076863,2019-06-13
0.8604,0.8604,0.8604,-0.0386592179,2019-06-14
0.8516,0.8516,0.8516,-0.010227801,2019-06-17
0.8424,0.8424,0.8424,-0.010803194,2019-06-18
0.8727,0.8727,0.8727,0.035968661,2019-06-19
0.8996,0.8996,0.8996,0.0308238799,2019-06-20
0.9358,0.9358,0.9358,0.0402401067,2019-06-21
0.9238,0.9238,0.9238,-0.0128232528,2019-06-24
0.9089,0.9089,0.9089,-0.0161290323,2019-06-25
0.9218,0.9218,0.9218,0.0141929805,2019-06-26
0.9396,0.9396,0.9396,0.0193100456,2019-06-27
0.9135,0.9135,0.9135,-0.0277777778,2019-06-28
0.9756,0.9756,0.9756,0.0679802956,2019-07-01
0.9682,0.9682,0.9682,-0.0075850759,2019-07-02
0.9505,0.9505,0.9505,-0.0182813468,2019-07-03
0.9746,0.9746,0.9746,0.0253550763,2019-07-04
0.9722,0.9722,0.9722,-0.0024625487,2019-07-05
0.909,0.909,0.909,-0.0650072002,2019-07-08
0.9104,0.9104,0.9104,0.001540154,2019-07-09
0.9249,0.9249,0.9249,0.015927065,2019-07-10
0.9187,0.9187,0.9187,-0.0067034274,2019-07-11
0.9307,0.9307,0.9307,0.0130619353,2019-07-12
0.9528,0.9528,0.9528,0.0237455679,2019-07-15
0.9462,0.9462,0.9462,-0.0069269521,2019-07-16
0.9647,0.9647,0.9647,0.0195518918,2019-07-17
0.9443,0.9443,0.9443,-0.0211464704,2019-07-18
0.958,0.958,0.958,0.0145081012,2019-07-19
0.9201,0.9201,0.9201,-0.0395615866,2019-07-22
0.9545,0.9545,0.9545,0.0373872405,2019-07-23
0.9678,0.9678,0.9678,0.0139339969,2019-07-24
1.0205,1.0205,1.0205,0.0544533995,2019-07-25
1.0397,1.0397,1.0397,0.0188143067,2019-07-26
1.0423,1.0423,1.0423,0.0025007214,2019-07-29
1.0196,1.0196,1.0196,-0.0217787585,2019-07-30
1.0451,1.0451,1.0451,0.0250098078,2019-07-31
1.0339,1.0339,1.0339,-0.0107166778,2019-08-01
1.0257,1.0257,1.0257,-0.0079311345,2019-08-02
0.9906,0.9906,0.9906,-0.0342205323,2019-08-05
0.958,0.958,0.958,-0.0329093479,2019-08-06
0.9323,0.9323,0.9323,-0.0268267223,2019-08-07
0.9609,0.9609,0.9609,0.0306768208,2019-08-08
0.9164,0.9164,0.9164,-0.0463107503,2019-08-09
0.9859,0.9859,0.9859,0.0758402444,2019-08-12
0.9729,0.9729,0.9729,-0.0131859215,2019-08-13
0.9802,0.9802,0.9802,0.0075033405,2019-08-14
1.0149,1.0149,1.0149,0.0354009386,2019-08-15
1.0186,1.0186,1.0186,0.0036456794,2019-08-16
1.0653,1.0653,1.0653,0.0458472413,2019-08-19
1.048,1.048,1.048,-0.0162395569,2019-08-20
1.0617,1.0617,1.0617,0.0130725191,2019-08-21
1.0519,1.0519,1.0519,-0.0092304794,2019-08-22
1.0441,1.0441,1.0441,-0.0074151535,2019-08-23
1.0249,1.0249,1.0249,-0.0183890432,2019-08-26
1.0627,1.0627,1.0627,0.036881647,2019-08-27
1.0504,1.0504,1.0504,-0.0115742919,2019-08-28
1.0464,1.0464,1.0464,-0.0038080731,2019-08-29
1.0858,1.0858,1.0858,0.0376529052,2019-08-30
1.1327,1.1327,1.1327,0.0431939584,2019-09-02
1.1571,1.1571,1.1571,0.0215414496,2019-09-03
1.1959,1.1959,1.1959,0.0335321061,2019-09-04
1.1953,1.1953,1.1953,-0.0005017142,2019-09-05
1.1879,1.1879,1.1879,-0.0061909144,2019-09-06
1.2404,1.2404,1.2404,0.0441956394,2019-09-09
1.2052,1.2052,1.2052,-0.0283779426,2019-09-10
1.1953,1.1953,1.1953,-0.0082144042,2019-09-11
1.2012,1.2012,1.2012,0.0049359993,2019-09-12
1.1973,1.1973,1.1973,-0.0032467532,2019-09-16
1.1273,1.1273,1.1273,-0.0584648793,2019-09-17
1.1275,1.1275,1.1275,0.0001774151,2019-09-18
1.1534,1.1534,1.1534,0.0229711752,2019-09-19
1.1658,1.1658,1.1658,0.0107508237,2019-09-20
1.1656,1.1656,1.1656,-0.000171556,2019-09-23
1.1538,1.1538,1.1538,-0.0101235415,2019-09-24
1.0817,1.0817,1.0817,-0.0624891662,2019-09-25
1.029,1.029,1.029,-0.048719608,2019-09-26
1.0365,1.0365,1.0365,0.0072886297,2019-09-27
1.0102,1.0102,1.0102,-0.0253738543,2019-09-30
1.0002,1.0002,1.0002,-0.0098990299,2019-10-08
1.0224,1.0224,1.0224,0.0221955609,2019-10-09
1.025,1.025,1.025,0.002543036,2019-10-10
1.014,1.014,1.014,-0.0107317073,2019-10-11
1.0464,1.0464,1.0464,0.0319526627,2019-10-14
1.0077,1.0077,1.0077,-0.036983945,2019-10-15
1.0043,1.0043,1.0043,-0.00337402,2019-10-16
0.9902,0.9902,0.9902,-0.0140396296,2019-10-17
0.9538,0.9538,0.9538,-0.0367602505,2019-10-18
0.9601,0.9601,0.9601,0.0066051583,2019-10-21
0.9795,0.9795,0.9795,0.0202062285,2019-10-22
0.9748,0.9748,0.9748,-0.0047983665,2019-10-23
0.9848,0.9848,0.9848,0.0102585146,2019-10-24
1.0002,1.0002,1.0002,0.0156376929,2019-10-25
1.0297,1.0297,1.0297,0.0294941012,2019-10-28
0.9881,0.9881,0.9881,-0.0404001165,2019-10-29
0.9927,0.9927,0.9927,0.0046553993,2019-10-30
0.9823,0.9823,0.9823,-0.0104764783,2019-10-31
0.9935,0.9935,0.9935,0.0114018121,2019-11-01
1.007,1.007,1.007,0.0135883241,2019-11-04
1.0163,1.0163,1.0163,0.0092353525,2019-11-05
0.958,0.958,0.958,-0.0573649513,2019-11-06
0.9652,0.9652,0.9652,0.0075156576,2019-11-07
0.9571,0.9571,0.9571,-0.0083920431,2019-11-08
0.9027,0.9027,0.9027,-0.0568383659,2019-11-11
0.9007,0.9007,0.9007,-0.0022155755,2019-11-12
0.9088,0.9088,0.9088,0.0089930054,2019-11-13
0.9131,0.9131,0.9131,0.0047315141,2019-11-14
0.8928,0.8928,0.8928,-0.0222319571,2019-11-15
0.9058,0.9058,0.9058,0.0145609319,2019-11-18
0.9293,0.9293,0.9293,0.025943917,2019-11-19
0.9089,0.9089,0.9089,-0.0219520069,2019-11-20
0.9032,0.9032,0.9032,-0.006271317,2019-11-21
0.8702,0.8702,0.8702,-0.0365367582,2019-11-22
0.8501,0.8501,0.8501,-0.0230981384,2019-11-25
0.8886,0.8886,0.8886,0.0452887896,2019-11-26
0.8885,0.8885,0.8885,-0.0001125366,2019-11-27
0.8808,0.8808,0.8808,-0.0086662915,2019-11-28
0.8786,0.8786,0.8786,-0.0024977293,2019-11-29
0.8802,0.8802,0.8802,0.001821079,2019-12-02
0.8853,0.8853,0.8853,0.0057941377,2019-12-03
0.9127,0.9127,0.9127,0.0309499605,2019-12-04
0.9349,0.9349,0.9349,0.024323436,2019-12-05
0.9811,0.9811,0.9811,0.04941705,2019-12-06
0.975,0.975,0.975,-0.006217511,2019-12-09
0.9848,0.9848,0.9848,0.0100512821,2019-12-10
0.9609,0.9609,0.9609,-0.0242688871,2019-12-11
0.9735,0.9735,0.9735,0.0131127068,2019-12-12
0.994,0.994,0.994,0.021058038,2019-12-13
1.0214,1.0214,1.0214,0.0275653924,2019-12-16
1.0433,1.0433,1.0433,0.0214411592,2019-12-17
1.0335,1.0335,1.0335,-0.0093932714,2019-12-18
1.0157,1.0157,1.0157,-0.0172230285,2019-12-19
0.998,0.998,0.998,-0.0174264054,2019-12-20
0.979,0.979,0.979,-0.0190380762,2019-12-23
0.9916,0.9916,0.9916,0.0128702758,2019-12-24
1.0553,1.0553,1.0553,0.0642396127,2019-12-25
1.0614,1.0614,1.0614,0.0057803468,2019-12-26
1.0367,1.0367,1.0367,-0.0232711513,2019-12-27
1.0558,1.0558,1.0558,0.0184238449,2019-12-30
1.052,1.052,1.052,-0.0035991665,2019-12-31
1.1005,1.1005,1.1005,0.0461026616,2020-01-02
1.0938,1.0938,1.0938,-0.0060881418,2020-01-03
1.0907,1.0907,1.0907,-0.0028341562,2020-01-06
1.1116,1.1116,1.1116,0.0191620061,2020-01-07
1.0744,1.0744,1.0744,-0.0334652753,2020-01-08
1.1156,1.1156,1.1156,0.0383469844,2020-01-09
1.1262,1.1262,1.1262,0.0095016135,2020-01-10
1.1846,1.1846,1.1846,0.0518557983,2020-01-13
1.1603,1.1603,1.1603,-0.0205132534,2020-01-14
1.1783,1.1783,1.1783,0.0155132293,2020-01-15
1.1754,1.1754,1.1754,-0.0024611729,2020-01-16
1.1643,1.1643,1.1643,-0.0094435937,2020-01-17
1.2146,1.2146,1.2146,0.0432019239,2020-01-20
1.2006,1.2006,1.2006,-0.0115264285,2020-01-21
1.2521,1.2521,1.2521,0.0428952191,2020-01-22
1.1545,1.1545,1.1545,-0.0779490456,2020-01-23
0.9517,0.9517,0.9517,-0.1756604591,2020-02-03
0.9752,0.9752,0.9752,0.0246926552,2020-02-04
0.9757,0.9757,0.9757,0.0005127153,2020-02-05
1.0216,1.0216,1.0216,0.0470431485,2020-02-06
1.09,1.09,1.09,0.066953798,2020-02-07
1.1129,1.1129,1.1129,0.0210091743,2020-02-10
1.0862,1.0862,1.0862,-0.0239913739,2020-02-11
1.1397,1.1397,1.1397,0.049254281,2020-02-12
1.1522,1.1522,1.1522,0.0109677985,2020-02-13
1.161,1.161,1.161,0.0076375629,2020-02-14
1.213,1.213,1.213,0.044788975,2020-02-17
1.2763,1.2763,1.2763,0.0521846661,2020-02-18
1.3086,1.3086,1.3086,0.0253075296,2020-02-19
1.3102,1.3102,1.3102,0.0012226807,2020-02-20
1.3507,1.3507,1.3507,0.0309113113,2020-02-21
1.4175,1.4175,1.4175,0.0494558377,2020-02-24
1.4181,1.4181,1.4181,0.0004232804,2020-02-25
1.3334,1.3334,1.3334,-0.0597278048,2020-02-26
1.3398,1.3398,1.3398,0.00479976,2020-02-27
1.2278,1.2278,1.2278,-0.0835945664,2020-02-28
1.3014,1.3014,1.3014,0.0599446164,2020-03-02
1.3049,1.3049,1.3049,0.0026894114,2020-03-03
1.3022,1.3022,1.3022,-0.0020691241,2020-03-04
1.3325,1.3325,1.3325,0.0232683152,2020-03-05
1.2919,1.2919,1.2919,-0.0304690432,2020-03-06
1.1913,1.1913,1.1913,-0.0778698042,2020-03-09
1.2987,1.2987,1.2987,0.0901536137,2020-03-10
1.2916,1.2916,1.2916,-0.0054670055,2020-03-11
1.3085,1.3085,1.3085,0.0130845463,2020-03-12
1.2981,1.2981,1.2981,-0.0079480321,2020-03-13
1.1666,1.1666,1.1666,-0.1013019028,2020-03-16
1.2195,1.2195,1.2195,0.0453454483,2020-03-17
1.2232,1.2232,1.2232,0.0030340303,2020-03-18
1.2711,1.2711,1.2711,0.0391595814,2020-03-19
1.2494,1.2494,1.2494,-0.0170718276,2020-03-20
1.127,1.127,1.127,-0.0979670242,2020-03-23
1.1211,1.1211,1.1211,-0.0052351375,2020-03-24
1.135,1.135,1.135,0.0123985372,2020-03-25
1.1087,1.1087,1.1087,-0.0231718062,2020-03-26
1.0848,1.0848,1.0848,-0.0215567782,2020-03-27
1.0222,1.0222,1.0222,-0.0577064897,2020-03-30
1.0062,1.0062,1.0062,-0.0156525142,2020-03-31
1.0061,1.0061,1.0061,-9.93838e-05,2020-04-01
1.1314,1.1314,1.1314,0.1245403041,2020-04-02
1.1685,1.1685,1.1685,0.0327912321,2020-04-03
1.2424,1.2424,1.2424,0.0632434745,2020-04-07
1.2568,1.2568,1.2568,0.0115904701,2020-04-08
1.2332,1.2332,1.2332,-0.0187778485,2020-04-09
1.1814,1.1814,1.1814,-0.042004541,2020-04-10
1.1684,1.1684,1.1684,-0.0110038937,2020-04-13
1.2157,1.2157,1.2157,0.0404827114,2020-04-14
1.1587,1.1587,1.1587,-0.0468865674,2020-04-15
1.1989,1.1989,1.1989,0.0346940537,2020-04-16
1.2022,1.2022,1.2022,0.0027525231,2020-04-17
1.274,1.274,1.274,0.0597238396,2020-04-20
1.254,1.254,1.254,-0.0156985871,2020-04-21
1.2531,1.2531,1.2531,-0.0007177033,2020-04-22
1.2073,1.2073,1.2073,-0.0365493576,2020-04-23
1.1305,1.1305,1.1305,-0.0636130208,2020-04-24
1.1335,1.1335,1.1335,0.0026536931,2020-04-27
1.2035,1.2035,1.2035,0.0617556242,2020-04-28
1.2022,1.2022,1.2022,-0.0010801828,2020-04-29
1.269,1.269,1.269,0.0555647979,2020-04-30
1.3154,1.3154,1.3154,0.0365642238,2020-05-06
1.2862,1.2862,1.2862,-0.0221985708,2020-05-07
1.3013,1.3013,1.3013,0.0117400093,2020-05-08
1.3317,1.3317,1.3317,0.0233612541,2020-05-11
1.4318,1.4318,1.4318,0.0751670797,2020-05-12
1.4543,1.4543,1.4543,0.0157144853,2020-05-13
1.4422,1.4422,1.4422,-0.008320154,2020-05-14
1.4584,1.4584,1.4584,0.0112328387,2020-05-15
1.4225,1.4225,1.4225,-0.0246160176,2020-05-18
1.5414,1.5414,1.5414,0.0835852373,2020-05-19
1.5408,1.5408,1.5408,-0.0003892565,2020-05-20
1.4817,1.4817,1.4817,-0.0383566978,2020-05-21
1.4515,1.4515,1.4515,-0.0203819937,2020-05-22
1.404,1.404,1.404,-0.0327247675,2020-05-25
1.4414,1.4414,1.4414,0.0266381766,2020-05-26
1.3986,1.3986,1.3986,-0.0296933537,2020-05-27
1.4198,1.4198,1.4198,0.0151580152,2020-05-28
1.3834,1.3834,1.3834,-0.0256374137,2020-05-29
1.4801,1.4801,1.4801,0.0699002458,2020-06-01
1.483,1.483,1.483,0.0019593271,2020-06-02
1.5023,1.5023,1.5023,0.0130141605,2020-06-03
1.4713,1.4713,1.4713,-0.0206350263,2020-06-04
1.4575,1.4575,1.4575,-0.0093794603,2020-06-05
1.3484,1.3484,1.3484,-0.0748542024,2020-06-08
1.34,1.34,1.34,-0.0062296055,2020-06-09
1.3292,1.3292,1.3292,-0.0080597015,2020-06-10
1.2998,1.2998,1.2998,-0.0221185676,2020-06-11
1.2816,1.2816,1.2816,-0.0140021542,2020-06-12
1.2147,1.2147,1.2147,-0.0522003745,2020-06-15
1.262,1.262,1.262,0.0389396559,2020-06-16
1.3012,1.3012,1.3012,0.0310618067,2020-06-17
1.3235,1.3235,1.3235,0.0171380264,2020-06-18
1.323,1.323,1.323,-0.0003777862,2020-06-19
1.3439,1.3439,1.3439,0.0157974301,2020-06-22
1.3867,1.3867,1.3867,0.0318476077,2020-06-23
1.4298,1.4298,1.4298,0.0310809836,2020-06-24
1.4342,1.4342,1.4342,0.0030773535,2020-06-29
1.4617,1.4617,1.4617,0.0191744527,2020-06-30
1.5957,1.5957,1.5957,0.0916740781,2020-07-01
1.7555,1.7555,1.7555,0.1001441374,2020-07-02
1.9163,1.9163,1.9163,0.0915978354,2020-07-03
2.1456,2.1456,2.1456,0.1196576736,2020-07-06
2.3775,2.3775,2.3775,0.1080816555,2020-07-07
2.46,2.46,2.46,0.0347003155,2020-07-08
2.5655,2.5655,2.5655,0.0428861789,2020-07-09
2.5213,2.5213,2.5213,-0.0172286104,2020-07-10
2.5567,2.5567,2.5567,0.014040376,2020-07-13
1.9193,2.5193,2.5193,-0.0146282317,2020-07-14
1.8761,2.4761,2.46259508,-0.0225082061,2020-07-15
1.79,2.39,2.34957901,-0.0458930761,2020-07-16
1.7987,2.3987,2.36099875,0.0048603352,2020-07-17
1.8798,2.4798,2.46745175,0.0450881192,2020-07-20
1.8794,2.4794,2.4669267,-0.0002127886,2020-07-21
1.9048,2.5048,2.5002671,0.0135149516,2020-07-22
1.8998,2.4998,2.49370403,-0.0026249475,2020-07-23
1.852,2.452,2.43096108,-0.0251605432,2020-07-24
1.9299,2.5299,2.53321371,0.042062635,2020-07-27
1.911,2.511,2.5084053,-0.0097932535,2020-07-28
1.9595,2.5595,2.57206708,0.0253793825,2020-07-29
1.919,2.519,2.51890622,-0.0206685379,2020-07-30
1.9474,2.5474,2.55618445,0.0147993747,2020-07-31
2.0202,2.6202,2.65174275,0.0373831776,2020-08-03
1.9977,2.5977,2.62220894,-0.0111375111,2020-08-04
2.0524,2.6524,2.69400892,0.0273814887,2020-08-05
2.098,2.698,2.75386412,0.0222178912,2020-08-06
2.0436,2.6436,2.68245792,-0.0259294566,2020-08-07
2.043,2.643,2.68167035,-0.0002935995,2020-08-10
1.9791,2.5791,2.59779432,-0.031277533,2020-08-11
1.8714,2.4714,2.45642579,-0.0544186752,2020-08-12
1.8742,2.4742,2.46010111,0.001496206,2020-08-13
1.9306,2.5306,2.53413254,0.0300928396,2020-08-14
2.0194,2.6194,2.65069266,0.0459960634,2020-08-17
2.078,2.678,2.72761184,0.0290185204,2020-08-18
2.0093,2.6093,2.63743526,-0.0330606352,2020-08-19
1.9397,2.5397,2.54607733,-0.034638929,2020-08-20
1.9619,2.5619,2.57521736,0.0114450688,2020-08-21
1.9816,2.5816,2.60107585,0.0100412865,2020-08-24
1.9165,2.5165,2.51562468,-0.0328522406,2020-08-25
1.8519,2.4519,2.43082982,-0.0337072789,2020-08-26
1.8866,2.4866,2.47637752,0.0187375128,2020-08-27
1.9193,2.5193,2.5193,0.0173327679,2020-08-28
1.9679,2.5679,2.58309304,0.0253217319,2020-08-31
2.0669,2.6669,2.71304182,0.0503074343,2020-09-01
2.0154,2.6154,2.6454422,-0.0249165417,2020-09-02
1.9286,2.5286,2.53150731,-0.0430683735,2020-09-03
1.915,2.515,2.51365576,-0.0070517474,2020-09-04
1.8582,2.4582,2.43909929,-0.0296605744,2020-09-07
1.8477,2.4477,2.42531684,-0.0056506296,2020-09-08
1.7931,2.3931,2.35364812,-0.0295502517,2020-09-09
1.7192,2.3192,2.25664594,-0.0412135408,2020-09-10
1.7435,2.3435,2.28854246,0.0141344812,2020-09-11
1.7535,2.3535,2.3016686,0.0057355893,2020-09-14
1.7999,2.3999,2.36257389,0.026461363,2020-09-15
1.7822,2.3822,2.33934062,-0.0098338797,2020-09-16
1.7508,2.3508,2.29812455,-0.0176186735,2020-09-17
1.8171,2.4171,2.38515085,0.037868403,2020-09-18
1.8175,2.4175,2.3856759,0.000220131,2020-09-21
1.7194,2.3194,2.25690847,-0.0539752407,2020-09-22
1.6943,2.2943,2.22396186,-0.0145981156,2020-09-23
1.5964,2.1964,2.09545695,-0.0577819749,2020-09-24
1.5924,2.1924,2.09020649,-0.0025056377,2020-09-25
1.582,2.182,2.07655531,-0.0065310224,2020-09-28
1.6105,2.2105,2.1139648,0.0180151707,2020-09-29
1.6004,2.2004,2.1007074,-0.0062713443,2020-09-30
1.6669,2.2669,2.18799623,0.041552112,2020-10-09
1.758,2.358,2.30757537,0.0546523487,2020-10-12
1.7672,2.3672,2.31965141,0.0052332196,2020-10-13
1.74,2.34,2.28394831,-0.0153915799,2020-10-14
1.7212,2.3212,2.25927117,-0.0108045977,2020-10-15
1.7013,2.3013,2.23315015,-0.0115617011,2020-10-16
1.6859,2.2859,2.2129359,-0.0090519015,2020-10-19
1.6939,2.2939,2.22343681,0.0047452399,2020-10-20
1.6472,2.2472,2.16213774,-0.0275695141,2020-10-21
1.6075,2.2075,2.11002696,-0.0241015056,2020-10-22
1.5765,2.1765,2.06933593,-0.0192846034,2020-10-23
1.5768,2.1768,2.06972971,0.000190295,2020-10-26
1.5917,2.1917,2.08928766,0.009449518,2020-10-27
1.5819,2.1819,2.07642405,-0.0061569391,2020-10-28
1.5546,2.1546,2.04058968,-0.017257728,2020-10-29
1.4901,2.0901,1.95592608,-0.0414897723,2020-10-30
1.4655,2.0655,1.92363578,-0.0165089591,2020-11-02
1.5435,2.1435,2.02601967,0.0532241556,2020-11-03
1.5227,2.1227,1.9987173,-0.0134758665,2020-11-04
1.6045,2.2045,2.10608912,0.0537203651,2020-11-05
1.6118,2.2118,2.1156712,0.004549704,2020-11-06
1.6713,2.2713,2.19377173,0.03691525,2020-11-09
1.585,2.185,2.08049315,-0.0516364507,2020-11-10
1.5191,2.1191,1.99399189,-0.0415772871,2020-11-11
1.5184,2.1184,1.99307306,-0.0004607992,2020-11-12
1.5143,2.1143,1.98769134,-0.0027002107,2020-11-13
1.5525,2.1525,2.03783319,0.0252261771,2020-11-16
1.5169,2.1169,1.99110414,-0.0229307568,2020-11-17
1.5324,2.1324,2.01144965,0.0102182082,2020-11-18
1.5565,2.1565,2.04308365,0.0157269642,2020-11-19
1.5796,2.1796,2.07340503,0.0148409894,2020-11-20
1.613,2.213,2.11724634,0.0211445936,2020-11-23
1.5877,2.1877,2.08403721,-0.0156850589,2020-11-24
1.5639,2.1639,2.05279699,-0.0149902375,2020-11-25
1.5798,2.1798,2.07366756,0.0101668905,2020-11-26
1.5948,2.1948,2.09335677,0.0094948728,2020-11-27
1.6008,2.2008,2.10123245,0.0037622272,2020-11-30
1.6507,2.2507,2.16673189,0.031171914,2020-12-01
1.666,2.266,2.18681488,0.0092687951,2020-12-02
1.6358,2.2358,2.14717394,-0.0181272509,2020-12-03
1.6459,2.2459,2.16043134,0.0061743489,2020-12-04
1.6184,2.2184,2.12433446,-0.016708184,2020-12-07
1.6016,2.2016,2.10228254,-0.0103806228,2020-12-08
1.5235,2.1235,1.99976739,-0.0487637363,2020-12-09
1.5068,2.1068,1.97784674,-0.0109616016,2020-12-10
1.4564,2.0564,1.91169099,-0.0334483674,2020-12-11
1.4623,2.0623,1.91943541,0.0040510849,2020-12-14
1.4774,2.0774,1.93925588,0.0103261985,2020-12-15
1.4702,2.0702,1.92980506,-0.0048734263,2020-12-16
1.4863,2.0863,1.95093815,0.010950891,2020-12-17
1.4694,2.0694,1.92875497,-0.0113705174,2020-12-18
1.5451,2.1451,2.02811985,0.0515176262,2020-12-21
1.446,2.046,1.89803981,-0.0641382435,2020-12-22
1.5028,2.1028,1.97259628,0.0392807746,2020-12-23
1.4792,2.0792,1.94161859,-0.0157040192,2020-12-24
1.4797,2.0797,1.9422749,0.0003380206,2020-12-25
1.4872,2.0872,1.9521195,0.005068595,2020-12-28
1.4984,2.0984,1.96682078,0.0075309306,2020-12-29
1.522,2.122,1.99779847,0.0157501335,2020-12-30
1.5877,2.1877,2.08403721,0.0431668857,2020-12-31
1.6698,2.2698,2.19180281,0.0517100208,2021-01-04
1.6959,2.2959,2.22606204,0.0156306144,2021-01-05
1.6737,2.2737,2.19692201,-0.0130903945,2021-01-06
1.7136,2.3136,2.24929531,0.0238393977,2021-01-07
1.7699,2.3699,2.32319547,0.0328548086,2021-01-08
1.7268,2.3268,2.26662181,-0.0243516583,2021-01-11
1.7859,2.3859,2.3441973,0.0342251564,2021-01-12
1.8259,2.4259,2.39670185,0.0223976706,2021-01-13
1.7615,2.3615,2.31216951,-0.0352702777,2021-01-14
1.7182,2.3182,2.25533333,-0.0245813227,2021-01-15
1.7835,2.3835,2.34104702,0.0380048888,2021-01-18
1.7562,2.3562,2.30521266,-0.0153069807,2021-01-19
1.7543,2.3543,2.30271869,-0.0010818813,2021-01-20
1.7936,2.3936,2.35430442,0.0224020977,2021-01-21
1.7371,2.3371,2.28014173,-0.0315008921,2021-01-22
1.7071,2.3071,2.24076331,-0.0172701629,2021-01-25
1.659,2.259,2.17762658,-0.0281764396,2021-01-26
1.6144,2.2144,2.119084,-0.0268836649,2021-01-27
1.5228,2.1228,1.99884856,-0.0567393459,2021-01-28
1.4858,2.0858,1.95028184,-0.024297347,2021-01-29
1.537,2.137,2.01748768,0.0344595504,2021-02-01
1.5224,2.1224,1.99832351,-0.0094990241,2021-02-02
1.4447,2.0447,1.89633341,-0.051037835,2021-02-03
1.4006,2.0006,1.83844713,-0.0305253686,2021-02-04
1.3519,1.9519,1.77452283,-0.0347708125,2021-02-05
1.3858,1.9858,1.81902044,0.0250758192,2021-02-08
1.454,2.054,1.90854072,0.0492134507,2021-02-09
1.4881,2.0881,1.95330085,0.0234525447,2021-02-10
1.5373,2.1373,2.01788146,0.0330622942,2021-02-18
1.5837,2.1837,2.07878675,0.030182788,2021-02-19
1.5479,2.1479,2.03179517,-0.0226052914,2021-02-22
1.5755,2.1755,2.06802332,0.0178306092,2021-02-23
1.5666,2.1666,2.05634105,-0.0056490003,2021-02-24
1.5758,2.1758,2.0684171,0.0058725903,2021-02-25
1.535,2.135,2.01486245,-0.0258916106,2021-02-26
1.6128,2.2128,2.11698382,0.0506840391,2021-03-01
1.6344,2.2344,2.14533628,0.0133928571,2021-03-02
1.672,2.272,2.19469056,0.0230053842,2021-03-03
1.656,2.256,2.17368874,-0.009569378,2021-03-04
1.5957,2.1957,2.09453812,-0.0364130435,2021-03-05
1.5517,2.1517,2.0367831,-0.0275741054,2021-03-08
1.4725,2.0725,1.93282408,-0.051040794,2021-03-09
1.4488,2.0488,1.90171513,-0.0160950764,2021-03-10
1.4995,2.0995,1.96826465,0.0349944782,2021-03-11
1.4754,2.0754,1.93663066,-0.016072024,2021-03-12
1.4462,2.0462,1.89830233,-0.0197912431,2021-03-15
1.4922,2.0922,1.95868257,0.0318074955,2021-03-16
1.4563,2.0563,1.91155973,-0.0240584372,2021-03-17
1.4612,2.0612,1.91799154,0.0033646913,2021-03-18
1.4533,2.0533,1.90762189,-0.0054065152,2021-03-19
1.4779,2.0779,1.93991219,0.0169269937,2021-03-22
1.461,2.061,1.91772902,-0.0114351445,2021-03-23
1.3844,1.9844,1.81718279,-0.0524298426,2021-03-24
1.4118,2.0118,1.85314841,0.0197919676,2021-03-25
1.4673,2.0673,1.92599848,0.0393115172,2021-03-26
1.4669,2.0669,1.92547344,-0.0002726096,2021-03-29
1.4583,2.0583,1.91418496,-0.0058627037,2021-03-30
1.4238,2.0238,1.86889978,-0.0236576836,2021-03-31
1.4125,2.0125,1.85406724,-0.0079365079,2021-04-01
1.4138,2.0138,1.85577364,0.000920354,2021-04-02
1.4242,2.0242,1.86942482,0.0073560617,2021-04-06
1.3956,1.9956,1.83188406,-0.0200814492,2021-04-07
1.3813,1.9813,1.81311368,-0.010246489,2021-04-08
1.3537,1.9537,1.77688554,-0.0199811772,2021-04-09
1.3107,1.9107,1.72044314,-0.0317647928,2021-04-12
1.31,1.91,1.71952431,-0.0005340658,2021-04-13
1.3222,1.9222,1.7355382,0.0093129771,2021-04-14
1.2936,1.8936,1.69799744,-0.0216306156,2021-04-15
1.3188,1.9188,1.73107531,0.0194805195,2021-04-16
1.3592,1.9592,1.78410491,0.0306339096,2021-04-19
1.3603,1.9603,1.78554879,0.0008092996,2021-04-20
1.3229,1.9229,1.73645703,-0.0274939352,2021-04-21
1.3074,1.9074,1.71611151,-0.011716683,2021-04-22
1.2891,1.8891,1.69209067,-0.0139972464,2021-04-23
1.2668,1.8668,1.66281938,-0.0172988907,2021-04-26
1.2219,1.8219,1.60388301,-0.0354436375,2021-04-27
1.2277,1.8277,1.61149618,0.0047467059,2021-04-28
1.2582,1.8582,1.6515309,0.0248432027,2021-04-29
1.198,1.798,1.57251154,-0.0478461294,2021-04-30
1.1846,1.7846,1.55492251,-0.0111853088,2021-05-06
1.153,1.753,1.51344391,-0.0266756711,2021-05-07
1.1628,1.7628,1.52630753,0.0084995663,2021-05-10
1.185,1.785,1.55544756,0.0190918473,2021-05-11
1.1946,1.7946,1.56804865,0.0081012658,2021-05-12
1.1771,1.7771,1.54507791,-0.014649255,2021-05-13
1.2347,1.8347,1.62068447,0.0489338204,2021-05-14
1.2401,1.8401,1.62777259,0.004373532,2021-05-17
1.2651,1.8651,1.66058794,0.0201596645,2021-05-18
1.2545,1.8545,1.64667423,-0.0083787843,2021-05-19
1.24,1.84,1.62764133,-0.0115583898,2021-05-20
1.2184,1.8184,1.59928887,-0.0174193548,2021-05-21
1.2462,1.8462,1.63577953,0.0228168089,2021-05-24
1.3079,1.9079,1.71676782,0.049510512,2021-05-25
1.326,1.926,1.74052613,0.0138389785,2021-05-26
1.3489,1.9489,1.77058499,0.0172699849,2021-05-27
1.3543,1.9543,1.7776731,0.0040032619,2021-05-28
1.4189,2.0189,1.86246797,0.0476999188,2021-05-31
1.442,2.042,1.89278935,0.0162802171,2021-06-01
1.4048,2.0048,1.84396011,-0.0257975035,2021-06-02
1.4226,2.0226,1.86732464,0.0126708428,2021-06-03
1.4395,2.0395,1.88950782,0.011879657,2021-06-04
1.4551,2.0551,1.90998459,0.0108370962,2021-06-07
1.4898,2.0898,1.9555323,0.0238471583,2021-06-08
1.4827,2.0827,1.94621274,-0.0047657404,2021-06-09
1.5051,2.1051,1.97561529,0.015107574,2021-06-10
1.4136,2.0136,1.85551111,-0.0607933028,2021-06-11
1.3903,1.9903,1.82492721,-0.0164827391,2021-06-15
1.3642,1.9642,1.79066798,-0.0187729267,2021-06-16
1.4044,2.0044,1.84343506,0.02946782,2021-06-17
1.4098,2.0098,1.85052318,0.0038450584,2021-06-18
1.4249,2.0249,1.87034365,0.0107107391,2021-06-21
1.4118,2.0118,1.85314841,-0.0091936276,2021-06-22
1.424,2.024,1.8691623,0.0086414506,2021-06-23
1.3818,1.9818,1.81376999,-0.0296348315,2021-06-24
1.3926,1.9926,1.82794622,0.0078158923,2021-06-25
1.4033,2.0033,1.84199119,0.0076834698,2021-06-28
1.3699,1.9699,1.79814988,-0.0238010404,2021-06-29
1.4174,2.0174,1.86049905,0.0346740638,2021-06-30
1.3726,1.9726,1.80169394,-0.0316071681,2021-07-01
1.3213,1.9213,1.73435684,-0.0373743261,2021-07-02
1.3602,1.9602,1.78541753,0.0294407023,2021-07-05
1.3702,1.9702,1.79854367,0.00735186,2021-07-06
1.3871,1.9871,1.82072684,0.0123339658,2021-07-07
1.4164,2.0164,1.85918643,0.0211232067,2021-07-08
1.3987,1.9987,1.83595317,-0.0124964699,2021-07-09
1.5228,2.1228,1.99884856,0.0887252449,2021-07-12
1.5251,2.1251,2.00186757,0.0015103756,2021-07-13
1.4557,2.0557,1.91077216,-0.0455052128,2021-07-14
1.4699,2.0699,1.92941128,0.0097547572,2021-07-15
1.5239,2.1239,2.00029243,0.036737193,2021-07-16
1.581,2.181,2.07524269,0.0374696502,2021-07-19
1.5733,2.1733,2.06513557,-0.0048703352,2021-07-20
1.6,2.2,2.10018236,0.0169706985,2021-07-21
1.5569,2.1569,2.0436087,-0.0269375,2021-07-22
1.4772,2.0772,1.93899336,-0.0511914702,2021-07-23
1.4122,2.0122,1.85367345,-0.0440021663,2021-07-26
1.4074,2.0074,1.84737291,-0.003398952,2021-07-27
1.308,1.908,1.71689908,-0.0706266875,2021-07-28
1.3402,1.9402,1.75916525,0.024617737,2021-07-29
1.3521,1.9521,1.77478535,0.0088792718,2021-07-30
1.4674,2.0674,1.92612975,0.0852747578,2021-08-02
1.4457,2.0457,1.89764602,-0.0147880605,2021-08-03
1.4713,2.0713,1.93124894,0.0177076849,2021-08-04
1.4341,2.0341,1.8824197,-0.0252837627,2021-08-05
1.5049,2.1049,1.97535277,0.0493689422,2021-08-06
1.5316,2.1316,2.01039956,0.0177420427,2021-08-09
1.5606,2.1606,2.04846537,0.0189344476,2021-08-10
1.5317,2.1317,2.01053082,-0.0185185185,2021-08-11
1.5131,2.1131,1.9861162,-0.0121433701,2021-08-12
1.4445,2.0445,1.89607089,-0.0453373868,2021-08-13
1.4635,2.0635,1.92101055,0.0131533403,2021-08-16
1.4012,2.0012,1.8392347,-0.0425691835,2021-08-17
1.4067,2.0067,1.84645408,0.003925207,2021-08-18
1.4133,2.0133,1.85511733,0.0046918319,2021-08-19
1.4186,2.0186,1.86207418,0.0037500884,2021-08-20
1.4793,2.0793,1.94174985,0.0427886649,2021-08-23
1.4832,2.0832,1.94686905,0.0026363821,2021-08-24
1.4501,2.0501,1.90342152,-0.0223166127,2021-08-25
1.3794,1.9794,1.81061972,-0.0487552583,2021-08-26
1.405,2.005,1.84422263,0.0185587937,2021-08-27
1.4538,2.0538,1.9082782,0.0347330961,2021-08-30
1.4078,2.0078,1.84789795,-0.0316412161,2021-08-31
1.3647,1.9647,1.79132429,-0.0306151442,2021-09-01
1.3631,1.9631,1.78922411,-0.0011724188,2021-09-02
1.3426,1.9426,1.76231552,-0.0150392488,2021-09-03
1.3777,1.9777,1.80838827,0.026143304,2021-09-06
1.3985,1.9985,1.83569064,0.0150976265,2021-09-07
1.4262,2.0262,1.87205005,0.019806936,2021-09-08
1.4261,2.0261,1.87191879,-7.01164e-05,2021-09-09
1.4225,2.0225,1.86719338,-0.0025243672,2021-09-10
1.3822,1.9822,1.81429503,-0.0283304042,2021-09-13
1.3423,1.9423,1.76192174,-0.0288670236,2021-09-14
1.3308,1.9308,1.74682668,-0.0085673843,2021-09-15
1.3124,1.9124,1.72267458,-0.0138262699,2021-09-16
1.2984,1.8984,1.70429798,-0.0106674794,2021-09-17
1.3137,1.9137,1.72438098,0.0117837338,2021-09-22
1.3447,1.9447,1.76507201,0.0235974728,2021-09-23
1.3312,1.9312,1.74735172,-0.010039414,2021-09-24
1.3013,1.9013,1.70810456,-0.0224609375,2021-09-27
1.3085,1.9085,1.71755538,0.0055329286,2021-09-28
1.2296,1.8296,1.61399014,-0.0602980512,2021-09-29
1.2763,1.8763,1.67528921,0.0379798308,2021-09-30
1.2952,1.8952,1.70009762,0.0148084306,2021-10-08
1.3096,1.9096,1.71899926,0.0111179741,2021-10-11
1.2626,1.8626,1.6573064,-0.035888821,2021-10-12
1.2849,1.8849,1.68657769,0.0176619674,2021-10-13
1.3499,1.9499,1.7718976,0.0505875944,2021-10-14
1.3453,1.9453,1.76585958,-0.0034076598,2021-10-15
1.3427,1.9427,1.76244678,-0.0019326544,2021-10-18
1.3426,1.9426,1.76231552,-7.44768e-05,2021-10-19
1.3455,1.9455,1.7661221,0.0021599881,2021-10-20
1.3535,1.9535,1.77662301,0.0059457451,2021-10-21
1.3558,1.9558,1.77964203,0.0016992981,2021-10-22
1.3673,1.9673,1.79473709,0.008482077,2021-10-25
1.3682,1.9682,1.79591844,0.0006582316,2021-10-26
1.335,1.935,1.75233966,-0.0242654583,2021-10-27
1.3088,1.9088,1.71794917,-0.0196254682,2021-10-28
1.3602,1.9602,1.78541753,0.0392726161,2021-10-29
1.3989,1.9989,1.83621569,0.0284516983,2021-11-01
1.3832,1.9832,1.81560765,-0.0112231039,2021-11-02
1.3725,1.9725,1.80156268,-0.0077356854,2021-11-03
1.391,1.991,1.82584604,0.0134790528,2021-11-04
1.3897,1.9897,1.82413964,-0.0009345794,2021-11-05
1.3755,1.9755,1.80550052,-0.0102180327,2021-11-08
1.4066,2.0066,1.84632282,0.02260996,2021-11-09
1.3832,1.9832,1.81560765,-0.0166358595,2021-11-10
1.3937,1.9937,1.8293901,0.0075910931,2021-11-11
1.408,2.008,1.84816048,0.0102604578,2021-11-12
1.4009,2.0009,1.83884092,-0.0050426136,2021-11-15
1.351,1.951,1.77334148,-0.0356199586,2021-11-16
1.4087,2.0087,1.8490793,0.0427091044,2021-11-17
1.3959,1.9959,1.83227785,-0.0090863917,2021-11-18
1.4081,2.0081,1.84829174,0.0087398811,2021-11-19
1.425,2.025,1.87047491,0.0120019885,2021-11-22
1.4223,2.0223,1.86693085,-0.0018947368,2021-11-23
1.4219,2.0219,1.86640581,-0.0002812346,2021-11-24
1.3589,1.9589,1.78371113,-0.0443069133,2021-11-25
1.3579,1.9579,1.78239852,-0.0007358893,2021-11-26
1.3787,1.9787,1.80970089,0.0153177701,2021-11-29
1.4102,2.0102,1.85104823,0.0228476101,2021-11-30
1.4288,2.0288,1.87546285,0.0131896185,2021-12-01
1.4269,2.0269,1.87296888,-0.0013297872,2021-12-02
1.4445,2.0445,1.89607089,0.0123344313,2021-12-03
1.4322,2.0322,1.87992573,-0.0085150571,2021-12-06
1.4193,2.0193,1.86299301,-0.0090071219,2021-12-07
1.4532,2.0532,1.90749063,0.0238850137,2021-12-08
1.4596,2.0596,1.91589136,0.0044040738,2021-12-09
1.4339,2.0339,1.88215718,-0.0176075637,2021-12-10
1.3912,1.9912,1.82610856,-0.0297789246,2021-12-13
1.411,2.011,1.85209832,0.0142323174,2021-12-14
1.4134,2.0134,1.85524859,0.0017009213,2021-12-15
1.3963,1.9963,1.83280289,-0.0120984859,2021-12-16
1.3522,1.9522,1.77491662,-0.0315834706,2021-12-17
1.2914,1.8914,1.69510969,-0.0449637628,2021-12-20
1.3194,1.9194,1.73186288,0.0216818956,2021-12-21
1.3389,1.9389,1.75745885,0.0147794452,2021-12-22
1.3396,1.9396,1.75837768,0.0005228172,2021-12-23
1.3209,1.9209,1.7338318,-0.0139593909,2021-12-24
1.3329,1.9329,1.74958317,0.009084715,2021-12-27
1.3462,1.9462,1.76704093,0.0099782429,2021-12-28
1.3438,1.9438,1.76389066,-0.001782796,2021-12-29
1.3941,1.9941,1.82991514,0.0374311654,2021-12-30
1.3843,1.9843,1.81705152,-0.0070296248,2021-12-31
1.3816,1.9816,1.81350747,-0.0019504443,2022-01-04
1.3411,1.9411,1.7603466,-0.029313839,2022-01-05
1.3135,1.9135,1.72411845,-0.0205801208,2022-01-06
1.28,1.88,1.68014589,-0.0255043776,2022-01-07
1.2852,1.8852,1.68697148,0.0040625,2022-01-10
1.2621,1.8621,1.6566501,-0.0179738562,2022-01-11
1.2721,1.8721,1.66977624,0.0079233024,2022-01-12
1.2424,1.8424,1.6307916,-0.0233472211,2022-01-13
1.226,1.826,1.60926473,-0.0132002576,2022-01-14
1.3251,1.9251,1.73934478,0.0808319739,2022-01-17
1.3492,1.9492,1.77097877,0.0181873066,2022-01-18
1.3359,1.9359,1.75352101,-0.0098576934,2022-01-19
1.3342,1.9342,1.75128956,-0.0012725503,2022-01-20
1.3094,1.9094,1.71873674,-0.0185879179,2022-01-21
1.3018,1.9018,1.70876087,-0.0058041851,2022-01-24
1.2031,1.8031,1.57920587,-0.075818098,2022-01-25
1.2101,1.8101,1.58839417,0.0058183027,2022-01-26
1.1181,1.7181,1.46763368,-0.0760267746,2022-01-27
1.0975,1.6975,1.44059384,-0.0184241123,2022-01-28
1.1099,1.7099,1.45687025,0.0112984055,2022-02-07
1.1311,1.7311,1.48469767,0.0191008199,2022-02-08
1.1739,1.7739,1.54087754,0.0378392715,2022-02-09
1.1559,1.7559,1.51725049,-0.0153335037,2022-02-10
1.113,1.713,1.46093935,-0.0371139372,2022-02-11
1.07,1.67,1.40449695,-0.0386343217,2022-02-14
1.1133,1.7133,1.46133314,0.0404672897,2022-02-15
1.1089,1.7089,1.45555764,-0.0039522141,2022-02-16
1.0925,1.6925,1.43403077,-0.014789431,2022-02-17
1.1424,1.7424,1.4995302,0.0456750572,2022-02-18
1.1838,1.7838,1.55387242,0.0362394958,2022-02-21
1.1396,1.7396,1.49585488,-0.0373373881,2022-02-22
1.1826,1.7826,1.55229729,0.0377325377,2022-02-23
1.1209,1.7209,1.471309,-0.0521731777,2022-02-24
1.1368,1.7368,1.49217957,0.0141850299,2022-02-25
1.1619,1.7619,1.52512618,0.0220795215,2022-02-28
1.179,1.779,1.54757188,0.0147172734,2022-03-01
1.1848,1.7848,1.55518504,0.0049194232,2022-03-02
1.1639,1.7639,1.5277514,-0.017640108,2022-03-03
1.1241,1.7241,1.47550937,-0.0341953776,2022-03-04
1.0536,1.6536,1.38297008,-0.0627168401,2022-03-07
0.9917,1.5917,1.30171928,-0.0587509491,2022-03-08
0.9507,1.5507,1.2479021,-0.0413431481,2022-03-09
0.9675,1.5675,1.26995402,0.0176711896,2022-03-10
0.9952,1.5952,1.30631343,0.028630491,2022-03-11
0.9813,1.5813,1.28806809,-0.0139670418,2022-03-14
0.881,1.481,1.15641291,-0.1022113523,2022-03-15
0.9501,1.5501,1.24711454,0.0784335982,2022-03-16
0.9744,1.5744,1.27901106,0.0255762551,2022-03-17
0.9744,1.5744,1.27901106,0.0,2022-03-18
0.993,1.593,1.30342568,0.01908867,2022-03-21
0.9878,1.5878,1.29660008,-0.0052366566,2022-03-22
1.0103,1.6103,1.3261339,0.0227778903,2022-03-23
0.9745,1.5745,1.27914232,-0.0354350193,2022-03-24
0.9579,1.5579,1.25735293,-0.0170343766,2022-03-25
0.9144,1.5144,1.20025422,-0.0454118384,2022-03-28
0.9085,1.5085,1.1925098,-0.0064523185,2022-03-29
0.9457,1.5457,1.24133904,0.0409466153,2022-03-30
0.9541,1.5541,1.25236499,0.0088823094,2022-03-31
0.9489,1.5489,1.2455394,-0.0054501625,2022-04-01
0.9282,1.5282,1.21836829,-0.0218147328,2022-04-06
0.867,1.467,1.13803632,-0.0659340659,2022-04-07
0.8489,1.4489,1.114278,-0.0208765859,2022-04-08
0.7744,1.3744,1.01648826,-0.0877606314,2022-04-11
0.7915,1.3915,1.03893396,0.0220816116,2022-04-12
0.7635,1.3635,1.00218077,-0.0353758686,2022-04-13
0.7672,1.3672,1.00703744,0.0048461035,2022-04-14
0.7573,1.3573,0.99404256,-0.0129040667,2022-04-15
0.766,1.366,1.0054623,0.0114881817,2022-04-18
0.7679,1.3679,1.00795627,0.0024804178,2022-04-19
0.7538,1.3538,0.98944841,-0.0183617659,2022-04-20
0.7111,1.3111,0.9333998,-0.0566463253,2022-04-21
0.7108,1.3108,0.93300601,-0.0004218816,2022-04-22
0.5901,1.1901,0.77457351,-0.1698086663,2022-04-25
0.5073,1.1073,0.66588907,-0.1403152008,2022-04-26
0.563,1.163,0.73900167,0.1097969643,2022-04-27
0.5555,1.1555,0.72915706,-0.013321492,2022-04-28
0.6432,1.2432,0.84427331,0.1578757876,2022-04-29
0.6833,1.2833,0.89690913,0.0623445274,2022-05-05
0.6677,1.2677,0.87643235,-0.022830382,2022-05-06
0.6856,1.2856,0.89992814,0.0268084469,2022-05-09
0.6987,1.2987,0.91712338,0.0191073512,2022-05-10
0.7042,1.3042,0.92434276,0.0078717618,2022-05-11
0.7159,1.3159,0.93970034,0.0166145981,2022-05-12
0.7155,1.3155,0.9391753,-0.0005587373,2022-05-13
0.6915,1.2915,0.90767256,-0.0335429769,2022-05-16
0.7011,1.3011,0.92027366,0.0138828633,2022-05-17
0.6997,1.2997,0.918436,-0.0019968621,2022-05-18
0.6893,1.2893,0.90478481,-0.0148635129,2022-05-19
0.7045,1.3045,0.92473654,0.0220513564,2022-05-20
0.7032,1.3032,0.92303015,-0.0018452803,2022-05-23
0.6385,1.2385,0.83810402,-0.0920079636,2022-05-24
0.6547,1.2547,0.85936837,0.0253719655,2022-05-25
0.6766,1.2766,0.88811461,0.0334504353,2022-05-26
0.6791,1.2791,0.89139615,0.0036949453,2022-05-27
0.6759,1.2759,0.88719578,-0.004712119,2022-05-30
0.707,1.307,0.92801808,0.0460127238,2022-05-31
0.6926,1.2926,0.90911644,-0.0203677511,2022-06-01
0.7115,1.3115,0.93392484,0.0272884782,2022-06-02
0.7402,1.3402,0.97159686,0.0403373155,2022-06-06
0.7345,1.3345,0.96411496,-0.0077006215,2022-06-07
0.7421,1.3421,0.97409083,0.0103471749,2022-06-08
0.7051,1.3051,0.92552411,-0.0498585096,2022-06-09
0.7257,1.3257,0.95256396,0.0292157141,2022-06-10
0.7192,1.3192,0.94403197,-0.0089568692,2022-06-13
0.7032,1.3032,0.92303015,-0.022246941,2022-06-14
0.8056,1.4056,1.05744182,0.1456200228,2022-06-15
0.7808,1.3808,1.02488899,-0.0307845084,2022-06-16
0.775,1.375,1.01727583,-0.0074282787,2022-06-17
0.7899,1.3899,1.03683378,0.0192258065,2022-06-20
0.7819,1.3819,1.02633287,-0.0101278643,2022-06-21
0.7551,1.3551,0.99115481,-0.0342754828,2022-06-22
0.7974,1.3974,1.04667838,0.0560190703,2022-06-23
0.8017,1.4017,1.05232262,0.0053925257,2022-06-24
0.8117,1.4117,1.06544876,0.0124734938,2022-06-27
0.828,1.428,1.08684437,0.0200813108,2022-06-28
0.8513,1.4513,1.11742828,0.0281400966,2022-06-29
0.8294,1.4294,1.08868203,-0.0257253612,2022-06-30
0.8547,1.4547,1.12189116,0.0305039788,2022-07-01
0.8629,1.4629,1.1326546,0.0095940096,2022-07-04
0.8361,1.4361,1.09747654,-0.03105806,2022-07-05
0.8359,1.4359,1.09721402,-0.0002392058,2022-07-06
0.8428,1.4428,1.10627106,0.0082545759,2022-07-07
0.8331,1.4331,1.0935387,-0.0115092549,2022-07-08
0.7928,1.3928,1.04064036,-0.0483735446,2022-07-11
0.816,1.416,1.071093,0.0292633703,2022-07-12
0.8106,1.4106,1.06400489,-0.0066176471,2022-07-13
0.8208,1.4208,1.07739355,0.0125832717,2022-07-14
0.7926,1.3926,1.04037784,-0.0343567251,2022-07-15
0.8164,1.4164,1.07161805,0.0300277567,2022-07-18
0.8374,1.4374,1.09918294,0.025722685,2022-07-19
0.8421,1.4421,1.10535223,0.0056126105,2022-07-20
0.8263,1.4263,1.08461293,-0.0187626173,2022-07-21
0.8079,1.4079,1.06046083,-0.0222679414,2022-07-22
0.7918,1.3918,1.03932774,-0.0199282089,2022-07-25
0.8043,1.4043,1.05573542,0.0157868149,2022-07-26
0.787,1.387,1.0330272,-0.021509387,2022-07-27
0.7971,1.3971,1.0462846,0.0128335451,2022-07-28
0.7593,1.3593,0.99666779,-0.0474219044,2022-07-29
0.7651,1.3651,1.00428095,0.0076386145,2022-08-01
0.7102,1.3102,0.93221844,-0.0717553261,2022-08-02
0.7179,1.3179,0.94232557,0.0108420163,2022-08-03
0.7353,1.3353,0.96516505,0.024237359,2022-08-04
0.7895,1.3895,1.03630873,0.0737114103,2022-08-05
0.7903,1.3903,1.03735882,0.0010132996,2022-08-08
0.7793,1.3793,1.02292007,-0.013918765,2022-08-09
0.7716,1.3716,1.01281294,-0.0098806621,2022-08-10
0.7998,1.3998,1.04982866,0.0365474339,2022-08-11
0.787,1.387,1.0330272,-0.016004001,2022-08-12
0.7724,1.3724,1.01386303,-0.0185514612,2022-08-15
0.7542,1.3542,0.98997346,-0.0235629208,2022-08-16
0.7613,1.3613,0.99929302,0.0094139486,2022-08-17
0.743,1.343,0.97527218,-0.02403783,2022-08-18
0.7426,1.3426,0.97474714,-0.000538358,2022-08-19
0.7389,1.3389,0.96989047,-0.0049824939,2022-08-22
0.7245,1.3245,0.95098882,-0.0194884287,2022-08-23
0.6865,1.2865,0.90110949,-0.0524499655,2022-08-24
0.6961,1.2961,0.91371059,0.0139839767,2022-08-25
0.6909,1.2909,0.90688499,-0.0074701911,2022-08-26
0.6872,1.2872,0.90202832,-0.0053553336,2022-08-29
0.6763,1.2763,0.88772083,-0.0158614668,2022-08-30
0.6759,1.2759,0.88719578,-0.0005914535,2022-08-31
0.6742,1.2742,0.88496434,-0.002515165,2022-09-01
0.6817,1.2817,0.89480895,0.0111242955,2022-09-02
0.6713,1.2713,0.88115776,-0.0152559777,2022-09-05
0.6772,1.2772,0.88890218,0.008788917,2022-09-06
0.6771,1.2771,0.88877092,-0.0001476669,2022-09-07
0.6639,1.2639,0.87144442,-0.0194949047,2022-09-08
0.677,1.277,0.88863966,0.0197318873,2022-09-09
0.6899,1.2899,0.90557238,0.0190546529,2022-09-13
0.6762,1.2762,0.88758957,-0.0198579504,2022-09-14
0.6602,1.2602,0.86658775,-0.0236616386,2022-09-15
0.6432,1.2432,0.84427331,-0.0257497728,2022-09-16
0.5994,1.1994,0.78678082,-0.0680970149,2022-09-19
0.6028,1.2028,0.7912437,0.005672339,2022-09-20
0.6239,1.2239,0.81893986,0.0350033179,2022-09-21
0.6218,1.2218,0.81618337,-0.003365924,2022-09-22
0.6102,1.2102,0.80095705,-0.0186555162,2022-09-23
0.574,1.174,0.75344042,-0.0593248115,2022-09-26
0.5952,1.1952,0.78126784,0.0369337979,2022-09-27
0.5597,1.1597,0.73467004,-0.0596438172,2022-09-28
0.5522,1.1522,0.72482544,-0.0134000357,2022-09-29
0.5494,1.1494,0.72115012,-0.0050706266,2022-09-30
0.5026,1.1026,0.65971978,-0.0851838369,2022-10-10
0.5151,1.1151,0.67612746,0.0248706725,2022-10-11
0.5648,1.1648,0.74136437,0.0964861192,2022-10-12
0.5851,1.1851,0.76801044,0.0359419263,2022-10-13
0.5961,1.1961,0.78244919,0.0188002051,2022-10-14
0.6263,1.2263,0.82209013,0.0506626405,2022-10-17
0.6134,1.2134,0.80515741,-0.0205971579,2022-10-18
0.6017,1.2017,0.78979983,-0.0190740137,2022-10-19
0.6113,1.2113,0.80240092,0.0159547947,2022-10-20
0.6017,1.2017,0.78979983,-0.0157042369,2022-10-21
0.5734,1.1734,0.75265285,-0.0470334054,2022-10-24
0.5575,1.1575,0.73178229,-0.0277293338,2022-10-25
0.6167,1.2167,0.80948904,0.1061883408,2022-10-26
0.6269,1.2269,0.8228777,0.0165396465,2022-10-27
0.5884,1.1884,0.77234206,-0.0614133036,2022-10-28
0.6712,1.2712,0.8810265,0.1407205982,2022-10-31
0.6958,1.2958,0.9133168,0.0366507747,2022-11-01
0.6878,1.2878,0.90281589,-0.0114975568,2022-11-02
0.6625,1.2625,0.86960676,-0.0367839488,2022-11-03
0.6862,1.2862,0.90071571,0.0357735849,2022-11-04
0.6848,1.2848,0.89887805,-0.0020402215,2022-11-07
0.6858,1.2858,0.90019066,0.0014602804,2022-11-08
0.6735,1.2735,0.88404551,-0.0179352581,2022-11-09
0.6791,1.2791,0.89139615,0.0083147736,2022-11-10
0.7025,1.3025,0.92211132,0.03445737,2022-11-11
0.742,1.342,0.97395957,0.056227758,2022-11-14
0.7619,1.3619,1.00008059,0.026819407,2022-11-15
0.7596,1.3596,0.99706157,-0.0030187689,2022-11-16
0.7924,1.3924,1.04011531,0.0431806214,2022-11-17
0.8117,1.4117,1.06544876,0.0243563857,2022-11-18
0.8253,1.4253,1.08330031,0.0167549587,2022-11-21
0.8042,1.4042,1.05560416,-0.0255664607,2022-11-22
0.7805,1.3805,1.02449521,-0.029470281,2022-11-23
0.7703,1.3703,1.01110654,-0.0130685458,2022-11-24
0.7717,1.3717,1.0129442,0.0018174737,2022-11-25
0.7664,1.3664,1.00598735,-0.0068679539,2022-11-28
0.7862,1.3862,1.03197711,0.0258350731,2022-11-29
0.7801,1.3801,1.02397016,-0.00775884,2022-11-30
0.8158,1.4158,1.07083048,0.0457633637,2022-12-01
0.8214,1.4214,1.07818112,0.0068644276,2022-12-02
0.8615,1.4615,1.13081694,0.0488190894,2022-12-05
0.8443,1.4443,1.10823998,-0.019965177,2022-12-06
0.8482,1.4482,1.11335917,0.0046192112,2022-12-07
0.8189,1.4189,1.07489958,-0.0345437397,2022-12-08
0.8348,1.4348,1.09577015,0.0194162901,2022-12-09
0.8553,1.4553,1.12267873,0.0245567801,2022-12-12
0.8367,1.4367,1.09826411,-0.0217467555,2022-12-13
0.8384,1.4384,1.10049556,0.0020317916,2022-12-14
0.8335,1.4335,1.09406375,-0.0058444656,2022-12-15
0.818,1.418,1.07371823,-0.0185962807,2022-12-16
0.7807,1.3807,1.02475773,-0.045599022,2022-12-19
0.7622,1.3622,1.00047437,-0.0236966825,2022-12-20
0.7515,1.3515,0.9864294,-0.0140383102,2022-12-21
0.7478,1.3478,0.98157273,-0.0049234864,2022-12-22
0.764,1.364,1.00283708,0.0216635464,2022-12-23
0.7681,1.3681,1.00821879,0.0053664921,2022-12-26
0.7726,1.3726,1.01412556,0.0058586122,2022-12-27
0.7674,1.3674,1.00729996,-0.0067305203,2022-12-28
0.7797,1.3797,1.02344512,0.016028147,2022-12-29
0.7959,1.3959,1.04470946,0.020777222,2022-12-30
0.8513,1.4513,1.11742828,0.0696067345,2023-01-03
0.9585,1.5585,1.25814049,0.1259250558,2023-01-04
1.0688,1.6688,1.40292182,0.115075639,2023-01-05
1.0099,1.6099,1.32560885,-0.0551085329,2023-01-06
1.0075,1.6075,1.32245858,-0.0023764729,2023-01-09
0.9726,1.5726,1.27664835,-0.0346401985,2023-01-10
0.9853,1.5853,1.29331855,0.0130577833,2023-01-11
0.9936,1.5936,1.30421324,0.0084238303,2023-01-12
1.0114,1.6114,1.32757777,0.0179146538,2023-01-13
1.0326,1.6326,1.35540519,0.0209610441,2023-01-16
1.0484,1.6484,1.37614449,0.0153011815,2023-01-17
1.0466,1.6466,1.37378179,-0.0017169019,2023-01-18
1.0566,1.6566,1.38690792,0.0095547487,2023-01-19
1.0549,1.6549,1.38467648,-0.0016089343,2023-01-20
1.0463,1.6463,1.373388,-0.0081524315,2023-01-30
1.0194,1.6194,1.33807868,-0.0257096435,2023-01-31
1.0456,1.6456,1.37246917,0.025701393,2023-02-01
1.0183,1.6183,1.33663481,-0.0261094109,2023-02-02
1.0332,1.6332,1.35619276,0.0146322302,2023-02-03
1.0252,1.6252,1.34569185,-0.0077429346,2023-02-06
1.0591,1.6591,1.39018946,0.0330667187,2023-02-07
1.0388,1.6388,1.3635434,-0.0191672174,2023-02-08
1.1183,1.7183,1.46789621,0.0765306122,2023-02-09
1.0902,1.6902,1.43101175,-0.0251274256,2023-02-10
1.2059,1.8059,1.58288119,0.1061273161,2023-02-13
1.1831,1.7831,1.55295359,-0.0189070404,2023-02-14
1.2662,1.8662,1.66203181,0.0702392021,2023-02-15
1.2081,1.8081,1.58576894,-0.0458853262,2023-02-16
1.1072,1.7072,1.45332619,-0.0835195762,2023-02-17
1.187,1.787,1.55807279,0.0720736994,2023-02-20
1.1968,1.7968,1.5709364,0.0082561078,2023-02-21
1.1897,1.7897,1.56161684,-0.0059324866,2023-02-22
1.1233,1.7233,1.47445928,-0.0558123897,2023-02-23
1.1462,1.7462,1.50451814,0.0203863616,2023-02-24
1.1817,1.7817,1.55111593,0.0309719072,2023-02-27
1.2457,1.8457,1.63512323,0.0541592621,2023-02-28
1.3494,1.9494,1.7712413,0.0832463675,2023-03-01
1.3342,1.9342,1.75128956,-0.0112642656,2023-03-02
1.2809,1.8809,1.68132724,-0.0399490331,2023-03-03
1.2749,1.8749,1.67345156,-0.0046842064,2023-03-06
1.205,1.805,1.58169984,-0.0548278296,2023-03-07
1.229,1.829,1.61320257,0.0199170124,2023-03-08
1.3375,1.9375,1.75562119,0.088283157,2023-03-09
1.3264,1.9264,1.74105117,-0.0082990654,2023-03-10
1.385,1.985,1.81797035,0.0441797346,2023-03-13
1.3337,1.9337,1.75063326,-0.0370397112,2023-03-14
1.2925,1.8925,1.69655356,-0.0308915048,2023-03-15
1.2843,1.8843,1.68579013,-0.006344294,2023-03-16
1.3422,1.9422,1.76179048,0.0450829246,2023-03-17
1.3569,1.9569,1.7810859,0.0109521681,2023-03-20
1.3568,1.9568,1.78095464,-7.36974e-05,2023-03-21
1.4485,2.0485,1.90132134,0.0675854953,2023-03-22
1.5661,2.1661,2.05568474,0.0811874353,2023-03-23
1.6114,2.2114,2.11514616,0.028925356,2023-03-24
1.5484,2.1484,2.03245148,-0.0390964379,2023-03-27
1.524,2.124,2.0004237,-0.015758202,2023-03-28
1.5694,2.1694,2.06001637,0.0297900262,2023-03-29
1.4896,2.0896,1.95526978,-0.0508474576,2023-03-30
1.5402,2.1402,2.02168804,0.0339688507,2023-03-31
1.7721,2.3721,2.32608322,0.1505648617,2023-04-03
1.9638,2.5638,2.57771132,0.1081767395,2023-04-04
1.96,2.56,2.57272339,-0.0019350239,2023-04-06
1.9559,2.5559,2.56734167,-0.0020918367,2023-04-07
1.7438,2.3438,2.28893625,-0.1084411268,2023-04-10
1.8756,2.4756,2.46193877,0.0755820622,2023-04-11
1.9575,2.5575,2.56944185,0.0436660269,2023-04-12
1.8025,2.4025,2.36598669,-0.0791826309,2023-04-13
1.8177,2.4177,2.38593842,0.0084327323,2023-04-14
1.804,2.404,2.36795561,-0.0075369973,2023-04-17
1.8784,2.4784,2.46561409,0.0412416851,2023-04-18
1.8384,2.4384,2.41310953,-0.0212947189,2023-04-19
1.9896,2.5896,2.61157676,0.0822454308,2023-04-20
1.8205,2.4205,2.38961374,-0.0849919582,2023-04-21
1.8392,2.4392,2.41415962,0.0102719033,2023-04-24
1.7848,2.3848,2.34275342,-0.0295780774,2023-04-25
1.5733,2.1733,2.06513557,-0.1185006723,2023-04-26
1.5178,2.1178,1.99228549,-0.0352761711,2023-04-27
1.6673,2.2673,2.18852128,0.0984978258,2023-04-28
1.6763,2.2763,2.2003348,0.0053979488,2023-05-04
1.58,2.18,2.07393008,-0.0574479508,2023-05-05
1.6663,2.2663,2.18720866,0.0546202532,2023-05-08
1.6348,2.2348,2.14586132,-0.0189041589,2023-05-09
1.5937,2.1937,2.09191289,-0.02514069,2023-05-10
1.5191,2.1191,1.99399189,-0.0468093117,2023-05-11
1.4928,2.0928,1.95947014,-0.0173128826,2023-05-12
1.5259,2.1259,2.00291766,0.0221730975,2023-05-15
1.489,2.089,1.95448221,-0.0241824497,2023-05-16
1.5088,2.1088,1.98047196,0.0132975151,2023-05-17
1.5945,2.1945,2.09296298,0.056800106,2023-05-18
1.55,2.15,2.03455166,-0.0279084352,2023-05-19
1.595,2.195,2.09361929,0.0290322581,2023-05-22
1.5388,2.1388,2.01985038,-0.0352351097,2023-05-23
1.5572,2.1572,2.04400248,0.0119573694,2023-05-24
1.6417,2.2417,2.15491836,0.0542640637,2023-05-25
1.6875,2.2875,2.21503608,0.0278979107,2023-05-26
1.7248,2.3248,2.26399658,0.0221037037,2023-05-29
1.8027,2.4027,2.36624921,0.0451646568,2023-05-30
1.8426,2.4426,2.41862251,0.0221334665,2023-05-31
1.8245,2.4245,2.3948642,-0.0098230761,2023-06-01
1.7965,2.3965,2.358111,-0.0153466703,2023-06-02
1.8055,2.4055,2.36992453,0.0050097412,2023-06-05
1.7623,2.3623,2.31321961,-0.0239268901,2023-06-06
1.7756,2.3756,2.33067737,0.0075469557,2023-06-07
1.7517,2.3517,2.2993059,-0.0134602388,2023-06-08
1.8762,2.4762,2.46272634,0.071073814,2023-06-09
1.8344,2.4344,2.40785907,-0.0222790747,2023-06-12
1.8726,2.4726,2.45800093,0.0208242477,2023-06-13
1.9386,2.5386,2.54463345,0.0352451137,2023-06-14
1.898,2.498,2.49134132,-0.0209429485,2023-06-15
1.9732,2.5732,2.59004989,0.0396206533,2023-06-16
2.0474,2.6474,2.68744585,0.0376038922,2023-06-19
2.0853,2.6853,2.73719392,0.0185112826,2023-06-20
2.0233,2.6233,2.65581185,-0.0297319331,2023-06-21
1.8362,2.4362,2.41022178,-0.0924726931,2023-06-26
1.8453,2.4453,2.42216657,0.0049558872,2023-06-27
1.656,2.256,2.17368874,-0.1025849455,2023-06-28
1.6553,2.2553,2.17276991,-0.0004227053,2023-06-29
1.6904,2.2904,2.21884266,0.0212046155,2023-06-30
1.6945,2.2945,2.22422438,0.0024254614,2023-07-03
1.6903,2.2903,2.2187114,-0.0024786073,2023-07-04
1.6396,2.2396,2.15216187,-0.0299946755,2023-07-05
1.6594,2.2594,2.17815163,0.0120761161,2023-07-06
1.5947,2.1947,2.0932255,-0.0389899964,2023-07-07
1.5562,2.1562,2.04268987,-0.0241424719,2023-07-10
1.5775,2.1775,2.07064854,0.0136871867,2023-07-11
1.4693,2.0693,1.92862371,-0.0685895404,2023-07-12
1.496,2.096,1.9636705,0.0181719186,2023-07-13
1.5684,2.1684,2.05870376,0.0483957219,2023-07-14
1.5596,2.1596,2.04715275,-0.0056108136,2023-07-17
1.5001,2.1001,1.96905222,-0.0381508079,2023-07-18
1.4747,2.0747,1.93571183,-0.0169322045,2023-07-19
1.3991,1.9991,1.83647821,-0.051264664,2023-07-20
1.3811,1.9811,1.81285116,-0.0128654135,2023-07-21
1.432,2.032,1.87966321,0.0368546811,2023-07-24
1.4774,2.0774,1.93925588,0.0317039106,2023-07-25
1.4329,2.0329,1.88084456,-0.0301204819,2023-07-26
1.4043,2.0043,1.8433038,-0.0199595226,2023-07-27
1.4089,2.0089,1.84934183,0.0032756534,2023-07-28
1.438,2.038,1.88753889,0.0206544112,2023-07-31
1.447,2.047,1.89935242,0.0062586926,2023-08-01
1.4371,2.0371,1.88635754,-0.0068417415,2023-08-02
1.4366,2.0366,1.88570123,-0.0003479229,2023-08-03
1.5154,2.1154,1.98913522,0.0548517333,2023-08-04
1.5024,2.1024,1.97207123,-0.0085785931,2023-08-07
1.4893,2.0893,1.95487599,-0.0087193823,2023-08-08
1.4297,2.0297,1.8766442,-0.0400188008,2023-08-09
1.422,2.022,1.86653707,-0.0053857453,2023-08-10
1.3498,1.9498,1.77176634,-0.0507735584,2023-08-11
1.3934,1.9934,1.82899631,0.0323010816,2023-08-14
1.3598,1.9598,1.78489248,-0.0241136788,2023-08-15
1.316,1.916,1.72739999,-0.0322106192,2023-08-16
1.3225,1.9225,1.73593198,0.0049392097,2023-08-17
1.2618,1.8618,1.65625631,-0.0458979206,2023-08-18
1.2566,1.8566,1.64943072,-0.0041210968,2023-08-21
1.3217,1.9217,1.73488189,0.0518064619,2023-08-22
1.2749,1.8749,1.67345156,-0.035408943,2023-08-23
1.2859,1.8859,1.68789031,0.0086281277,2023-08-24
1.2078,1.8078,1.58537516,-0.0607356715,2023-08-25
1.2678,1.8678,1.664132,0.0496770989,2023-08-28
1.3511,1.9511,1.77347274,0.0657043698,2023-08-29
1.3803,1.9803,1.81180107,0.0216120198,2023-08-30
1.3644,1.9644,1.79093051,-0.0115192349,2023-08-31
1.3367,1.9367,1.7545711,-0.0203019642,2023-09-01
1.3909,1.9909,1.82571478,0.0405476173,2023-09-04
1.3411,1.9411,1.7603466,-0.0358041556,2023-09-05
1.3293,1.9293,1.74485776,-0.0087987473,2023-09-06
1.267,1.867,1.6630819,-0.046866772,2023-09-07
1.246,1.846,1.63551701,-0.0165745856,2023-09-08
1.3159,1.9159,1.72726873,0.0560995185,2023-09-11
1.3283,1.9283,1.74354514,0.0094232085,2023-09-12
1.2549,1.8549,1.64719928,-0.0552586012,2023-09-13
1.2417,1.8417,1.62987277,-0.0105187664,2023-09-14
1.2087,1.8087,1.58655651,-0.0265764677,2023-09-15
1.1985,1.7985,1.57316785,-0.0084388186,2023-09-18
1.1642,1.7642,1.52814519,-0.0286191072,2023-09-19
1.159,1.759,1.5213196,-0.0044665865,2023-09-20
1.1573,1.7573,1.51908815,-0.0014667817,2023-09-21
1.242,1.842,1.63026656,0.0731875918,2023-09-22
1.1398,1.7398,1.49611741,-0.0822866345,2023-09-25
1.1425,1.7425,1.49966147,0.0023688366,2023-09-26
1.1382,1.7382,1.49401723,-0.0037636761,2023-09-27
1.1355,1.7355,1.49047317,-0.0023721666,2023-09-28
1.1384,1.7384,1.49427975,0.002553941,2023-10-09
1.1199,1.7199,1.46999639,-0.0162508784,2023-10-10
1.1483,1.7483,1.50727463,0.0253594071,2023-10-11
1.1266,1.7266,1.4787909,-0.0188975007,2023-10-12
1.0867,1.6867,1.42641761,-0.0354162968,2023-10-13
1.0544,1.6544,1.38402017,-0.0297230146,2023-10-16
1.0481,1.6481,1.37575071,-0.0059749621,2023-10-17
0.9616,1.5616,1.2622096,-0.0825302929,2023-10-18
0.9365,1.5365,1.22926299,-0.0261023295,2023-10-19
0.8895,1.4895,1.16757013,-0.050186866,2023-10-20
0.8378,1.4378,1.09970799,-0.0581225408,2023-10-23
0.8603,1.4603,1.1292418,0.0268560516,2023-10-24
0.8734,1.4734,1.14643704,0.0152272463,2023-10-25
0.8884,1.4884,1.16612625,0.0171742615,2023-10-26
0.8864,1.4864,1.16350103,-0.0022512382,2023-10-27
0.9027,1.5027,1.18489663,0.0183889892,2023-10-30
0.8894,1.4894,1.16743887,-0.014733577,2023-10-31
0.8795,1.4795,1.15444399,-0.0111310996,2023-11-01
0.861,1.461,1.13016063,-0.0210346788,2023-11-02
0.896,1.496,1.17610212,0.0406504065,2023-11-03
0.941,1.541,1.23516975,0.0502232143,2023-11-06
0.9607,1.5607,1.26102824,0.0209351753,2023-11-07
0.9623,1.5623,1.26312843,0.0016654523,2023-11-08
1.0078,1.6078,1.32285236,0.0472825522,2023-11-09
0.9632,1.5632,1.26430978,-0.0442548125,2023-11-10
0.9933,1.5933,1.30381946,0.03125,2023-11-13
1.0035,1.6035,1.31720812,0.010268801,2023-11-14
1.0051,1.6051,1.31930831,0.0015944195,2023-11-15
0.9826,1.5826,1.28977449,-0.0223858323,2023-11-16
0.9909,1.5909,1.30066919,0.0084469774,2023-11-17
1.0408,1.6408,1.36616862,0.0503582602,2023-11-20
1.0018,1.6018,1.31497668,-0.037471176,2023-11-21
0.9773,1.5773,1.28281764,-0.0244559792,2023-11-22
0.9916,1.5916,1.30158802,0.0146321498,2023-11-23
0.9461,1.5461,1.24186408,-0.0458854377,2023-11-24
0.9298,1.5298,1.22046847,-0.0172286228,2023-11-27
0.9383,1.5383,1.23162569,0.0091417509,2023-11-28
0.8983,1.4983,1.17912113,-0.0426302888,2023-11-29
0.8892,1.4892,1.16717635,-0.010130246,2023-11-30
0.9426,1.5426,1.23726993,0.0600539811,2023-12-01
0.9368,1.5368,1.22965677,-0.0061531933,2023-12-04
0.8463,1.4463,1.11086521,-0.0966054654,2023-12-05
0.8448,1.4448,1.10889629,-0.0017724211,2023-12-06
0.8737,1.4737,1.14683083,0.0342092803,2023-12-07
0.9295,1.5295,1.22007469,0.0638663157,2023-12-08
0.9393,1.5393,1.23293831,0.0105433029,2023-12-11
0.9586,1.5586,1.25827176,0.020547216,2023-12-12
0.9296,1.5296,1.22020595,-0.0302524515,2023-12-13
0.9216,1.5216,1.20970504,-0.008605852,2023-12-14
0.8958,1.4958,1.1758396,-0.0279947917,2023-12-15
0.8642,1.4642,1.134361,-0.0352757312,2023-12-18
0.8692,1.4692,1.14092407,0.0057856978,2023-12-19
0.7943,1.3943,1.04260928,-0.0861711919,2023-12-20
0.8126,1.4126,1.06663012,0.023039154,2023-12-21
0.7699,1.3699,1.0105815,-0.0525473788,2023-12-22
0.7779,1.3779,1.02108241,0.0103909599,2023-12-25
0.7239,1.3239,0.95020126,-0.0694176629,2023-12-26
0.738,1.338,0.96870911,0.0194778284,2023-12-27
0.8116,1.4116,1.0653175,0.0997289973,2023-12-28
0.8378,1.4378,1.09970799,0.0322819123,2023-12-29
0.7916,1.3916,1.03906522,-0.0551444259,2024-01-02
0.7703,1.3703,1.01110654,-0.0269075291,2024-01-03
0.7473,1.3473,0.98091642,-0.0298584967,2024-01-04
0.7055,1.3055,0.92604916,-0.0559346982,2024-01-05
0.6593,1.2593,0.86540639,-0.0654854713,2024-01-08
0.6574,1.2574,0.86291243,-0.0028818444,2024-01-09
0.6367,1.2367,0.83574132,-0.0314876787,2024-01-10
0.6799,1.2799,0.89244624,0.0678498508,2024-01-11
0.6511,1.2511,0.85464296,-0.0423591705,2024-01-12
0.6425,1.2425,0.84335448,-0.0132084165,2024-01-15
0.64,1.24,0.84007294,-0.0038910506,2024-01-16
0.5957,1.1957,0.78192414,-0.06921875,2024-01-17
0.6192,1.2192,0.81277057,0.0394493873,2024-01-18
0.6118,1.2118,0.80305723,-0.0119509044,2024-01-19
0.5449,1.1449,0.71524335,-0.1093494606,2024-01-22
0.5922,1.1922,0.77733,0.0868049183,2024-01-23
0.611,1.211,0.80200714,0.0317460317,2024-01-24
0.6841,1.2841,0.89795922,0.1196399345,2024-01-25
0.6812,1.2812,0.89415264,-0.0042391463,2024-01-26
0.6347,1.2347,0.83311609,-0.0682618908,2024-01-29
0.5766,1.1766,0.75685322,-0.0915393099,2024-01-30
0.522,1.122,0.68518449,-0.0946930281,2024-01-31
0.5241,1.1241,0.68794098,0.0040229885,2024-02-01
0.4751,1.0751,0.6236229,-0.0934936081,2024-02-02
0.4193,1.0193,0.55037904,-0.1174489581,2024-02-05
0.5204,1.1204,0.68308431,0.241116146,2024-02-06
0.5518,1.1518,0.72430039,0.0603382014,2024-02-07
0.603,1.203,0.79150623,0.0927872418,2024-02-08
0.6754,1.2754,0.88653948,0.120066335,2024-02-19
0.6656,1.2656,0.87367586,-0.01450992,2024-02-20
0.6796,1.2796,0.89205246,0.0210336538,2024-02-21
0.786,1.386,1.03171458,0.1565626839,2024-02-22
0.8078,1.4078,1.06032957,0.027735369,2024-02-23
0.818,1.418,1.07371823,0.0126268878,2024-02-26
0.9224,1.5224,1.21075513,0.1276283619,2024-02-27
0.8469,1.4469,1.11165277,-0.0818516912,2024-02-28
0.9747,1.5747,1.27940484,0.1509032944,2024-02-29
1.0982,1.6982,1.44151267,0.126705653,2024-03-01
1.1675,1.7675,1.53247681,0.0631032599,2024-03-04
1.1183,1.7183,1.46789621,-0.0421413276,2024-03-05
1.1086,1.7086,1.45516385,-0.00867388,2024-03-06
1.1111,1.7111,1.45844539,0.0022550965,2024-03-07
1.1311,1.7311,1.48469767,0.01800018,2024-03-08
1.1247,1.7247,1.47629694,-0.0056582088,2024-03-11
1.0914,1.6914,1.43258689,-0.0296078954,2024-03-12
1.0449,1.6449,1.37155034,-0.0426058274,2024-03-13
1.0332,1.6332,1.35619276,-0.0111972438,2024-03-14
1.0298,1.6298,1.35172987,-0.0032907472,2024-03-15
1.0753,1.6753,1.41145381,0.0441833366,2024-03-18
1.0405,1.6405,1.36577484,-0.0323630615,2024-03-19
1.0488,1.6488,1.37666954,0.0079769342,2024-03-20
1.0212,1.6212,1.34044139,-0.0263157895,2024-03-21
1.0153,1.6153,1.33269697,-0.0057775166,2024-03-22
0.9573,1.5573,1.25656536,-0.0571259726,2024-03-25
0.9101,1.5101,1.19460998,-0.0493053379,2024-03-26
0.8234,1.4234,1.08080635,-0.0952642567,2024-03-27
0.9042,1.5042,1.18686556,0.0981297061,2024-03-28
0.8887,1.4887,1.16652004,-0.0171422252,2024-03-29
0.9206,1.5206,1.20839242,0.0358951277,2024-04-01
0.8804,1.4804,1.15562534,-0.0436671736,2024-04-02
0.8374,1.4374,1.09918294,-0.0488414357,2024-04-03
0.8096,1.4096,1.06269227,-0.0331979938,2024-04-08
0.7987,1.3987,1.04838478,-0.0134634387,2024-04-09
0.7498,1.3498,0.98419796,-0.0612244898,2024-04-10
0.779,1.379,1.02252629,0.0389437183,2024-04-11
0.7607,1.3607,0.99850545,-0.023491656,2024-04-12
0.785,1.385,1.03040197,0.0319442619,2024-04-15
0.7261,1.3261,0.95308901,-0.0750318471,2024-04-16
0.7965,1.3965,1.04549703,0.0969563421,2024-04-17
0.7869,1.3869,1.03289594,-0.0120527307,2024-04-18
0.7464,1.3464,0.97973507,-0.051467785,2024-04-19
0.729,1.329,0.95689559,-0.0233118971,2024-04-22
0.7135,1.3135,0.93655007,-0.0212620027,2024-04-23
0.7641,1.3641,1.00296834,0.0709180098,2024-04-24
0.7433,1.3433,0.97566597,-0.0272215679,2024-04-25
0.8056,1.4056,1.05744182,0.0838154177,2024-04-26
0.8626,1.4626,1.13226081,0.070754717,2024-04-29
0.8436,1.4436,1.10732115,-0.0220264317,2024-04-30
0.8658,1.4658,1.13646118,0.0263157895,2024-05-06
0.8562,1.4562,1.12386008,-0.0110880111,2024-05-07
0.8062,1.4062,1.05822939,-0.0583975707,2024-05-08
0.8375,1.4375,1.0993142,0.0388241131,2024-05-09
0.808,1.408,1.06059209,-0.0352238806,2024-05-10
0.7812,1.3812,1.02541404,-0.0331683168,2024-05-13
0.7999,1.3999,1.04995992,0.023937532,2024-05-14
0.7866,1.3866,1.03250215,-0.0166270784,2024-05-15
0.8813,1.4813,1.1568067,0.1203915586,2024-05-16
0.8856,1.4856,1.16245094,0.0048791558,2024-05-17
0.9155,1.5155,1.20169809,0.033762421,2024-05-20
0.926,1.526,1.21548054,0.0114691425,2024-05-21
0.9697,1.5697,1.27284177,0.0471922246,2024-05-22
0.9719,1.5719,1.27572952,0.0022687429,2024-05-23
0.8958,1.4958,1.1758396,-0.0783002366,2024-05-24
0.9278,1.5278,1.21784324,0.0357222594,2024-05-27
0.8662,1.4662,1.13698622,-0.0663936193,2024-05-28
0.8576,1.4576,1.12569774,-0.009928423,2024-05-29
0.8548,1.4548,1.12202242,-0.0032649254,2024-05-30
0.8713,1.4713,1.14368056,0.0193027609,2024-05-31
0.8688,1.4688,1.14039902,-0.0028692758,2024-06-03
0.8675,1.4675,1.13869262,-0.0014963168,2024-06-04
0.8588,1.4588,1.12727288,-0.0100288184,2024-06-05
0.8744,1.4744,1.14774966,0.0181648812,2024-06-06
0.8862,1.4862,1.1632385,0.013494968,2024-06-07
0.9079,1.5079,1.19172223,0.0244865719,2024-06-11
0.897,1.497,1.17741473,-0.0120057275,2024-06-12
0.9198,1.5198,1.20734233,0.0254180602,2024-06-13
0.9069,1.5069,1.19040961,-0.014024788,2024-06-14
0.8789,1.4789,1.15365642,-0.0308744073,2024-06-17
0.9565,1.5565,1.25551527,0.0882921834,2024-06-18
0.9491,1.5491,1.24580192,-0.0077365395,2024-06-19
0.8892,1.4892,1.16717635,-0.0631124223,2024-06-20
0.898,1.498,1.17872735,0.0098965362,2024-06-21
0.8206,1.4206,1.07713103,-0.0861915367,2024-06-24
0.7781,1.3781,1.02134493,-0.0517913722,2024-06-25
0.8472,1.4472,1.11204656,0.0888060661,2024-06-26
0.8096,1.4096,1.06269227,-0.044381492,2024-06-27
0.8314,1.4314,1.09130726,0.0269268775,2024-06-28
0.8587,1.4587,1.12714162,0.0328361799,2024-07-01
0.8391,1.4391,1.10141439,-0.0228252009,2024-07-02
0.8202,1.4202,1.07660598,-0.022524133,2024-07-03
0.7857,1.3857,1.0313208,-0.0420629115,2024-07-04
0.8011,1.4011,1.05153505,0.0196003564,2024-07-05
0.7557,1.3557,0.99194238,-0.0566720759,2024-07-08
0.8238,1.4238,1.08133139,0.090115125,2024-07-09
0.8198,1.4198,1.07608094,-0.0048555475,2024-07-10
0.8464,1.4464,1.11099647,0.0324469383,2024-07-11
0.8169,1.4169,1.07227436,-0.0348534972,2024-07-12
0.8123,1.4123,1.06623633,-0.0056310442,2024-07-15
0.9266,1.5266,1.21626811,0.1407115598,2024-07-16
0.9529,1.5529,1.25078986,0.0283833369,2024-07-17
0.9421,1.5421,1.23661362,-0.0113338231,2024-07-18
0.964,1.564,1.26535987,0.0232459399,2024-07-19
0.9559,1.5559,1.2547277,-0.0084024896,2024-07-22
0.8847,1.4847,1.16126958,-0.0744847787,2024-07-23
0.85,1.45,1.11572188,-0.0392223353,2024-07-24
0.8498,1.4498,1.11545935,-0.0002352941,2024-07-25
0.8594,1.4594,1.12806045,0.0112967757,2024-07-26
0.8494,1.4494,1.11493431,-0.0116360251,2024-07-29
0.8366,1.4366,1.09813285,-0.0150694608,2024-07-30
0.9033,1.5033,1.1856842,0.0797274683,2024-07-31
0.8899,1.4899,1.16809518,-0.0148344957,2024-08-01
0.8314,1.4314,1.09130726,-0.0657377233,2024-08-02
0.7543,1.3543,0.99010472,-0.0927351455,2024-08-05
0.759,1.359,0.99627401,0.0062309426,2024-08-06
0.7278,1.3278,0.95532045,-0.0411067194,2024-08-07
0.7225,1.3225,0.9483636,-0.0072822204,2024-08-08
0.7058,1.3058,0.92644294,-0.0231141869,2024-08-09
0.6892,1.2892,0.90465355,-0.0235194106,2024-08-12
0.7119,1.3119,0.93444989,0.0329367382,2024-08-13
0.6922,1.2922,0.90859139,-0.0276724259,2024-08-14
0.7102,1.3102,0.93221844,0.0260040451,2024-08-15
0.7022,1.3022,0.92171753,-0.0112644326,2024-08-16
0.716,1.316,0.93983161,0.0196525206,2024-08-19
0.6751,1.2751,0.88614569,-0.057122905,2024-08-20
0.6675,1.2675,0.87616983,-0.0112575915,2024-08-21
0.6351,1.2351,0.83364113,-0.0485393258,2024-08-22
0.6516,1.2516,0.85529927,0.0259801606,2024-08-23
0.6528,1.2528,0.8568744,0.0018416206,2024-08-26
0.6255,1.2255,0.82104004,-0.0418198529,2024-08-27
0.6294,1.2294,0.82615924,0.006235012,2024-08-28
0.6404,1.2404,0.84059799,0.0174769622,2024-08-29
0.6862,1.2862,0.90071571,0.0715178014,2024-08-30
0.6323,1.2323,0.82996582,-0.0785485281,2024-09-02
0.6505,1.2505,0.85385539,0.0287838052,2024-09-03
0.6321,1.2321,0.82970329,-0.0282859339,2024-09-04
0.6592,1.2592,0.86527513,0.0428729631,2024-09-05
0.6256,1.2256,0.8211713,-0.0509708738,2024-09-06
0.607,1.207,0.79675668,-0.0297314578,2024-09-09
0.6228,1.2228,0.81749598,0.026029654,2024-09-10
0.6165,1.2165,0.80922651,-0.0101156069,2024-09-11
0.6032,1.2032,0.79176875,-0.0215733982,2024-09-12
0.5916,1.1916,0.77654243,-0.0192307692,2024-09-13
0.5903,1.1903,0.77483603,-0.0021974307,2024-09-18
0.6227,1.2227,0.81736472,0.0548873454,2024-09-19
0.6355,1.2355,0.83416618,0.0205556448,2024-09-20
0.6614,1.2614,0.86816288,0.0407553108,2024-09-23
0.7125,1.3125,0.93523746,0.0772603568,2024-09-24
0.7207,1.3207,0.94600089,0.0115087719,2024-09-25
0.7895,1.3895,1.03630873,0.0954627446,2024-09-26
0.9176,1.5176,1.20445458,0.1622545915,2024-09-27
1.1244,1.7244,1.47590315,0.2253705318,2024-09-30
1.3276,1.9276,1.74262631,0.1807186055,2024-10-08
1.1372,1.7372,1.49270461,-0.1434166918,2024-10-09
1.1207,1.7207,1.47104648,-0.0145093211,2024-10-10
1.0147,1.6147,1.3319094,-0.0945837423,2024-10-11
1.0829,1.6829,1.42142967,0.0672119838,2024-10-14
1.0421,1.6421,1.36787502,-0.0376766091,2024-10-15
1.0112,1.6112,1.32731525,-0.0296516649,2024-10-16
1.0277,1.6277,1.34897338,0.0163172468,2024-10-17
1.1147,1.7147,1.4631708,0.084655055,2024-10-18
1.1333,1.7333,1.48758542,0.0166861039,2024-10-21
1.1253,1.7253,1.4770845,-0.0070590311,2024-10-22
1.1441,1.7441,1.50176165,0.016706656,2024-10-23
1.1259,1.7259,1.47787207,-0.0159077004,2024-10-24
1.1449,1.7449,1.50281174,0.0168753886,2024-10-25
1.15,1.75,1.50950607,0.0044545375,2024-10-28
1.1752,1.7752,1.54258394,0.0219130435,2024-10-29
1.1671,1.7671,1.53195177,-0.0068924438,2024-10-30
1.2369,1.8369,1.62357222,0.0598063576,2024-10-31
1.1311,1.7311,1.48469767,-0.0855364217,2024-11-01
1.2006,1.8006,1.57592434,0.0614446114,2024-11-04
1.2738,1.8738,1.67200768,0.0609695152,2024-11-05
1.2854,1.8854,1.687234,0.0091066101,2024-11-06
1.3018,1.9018,1.70876087,0.0127586743,2024-11-07
1.3531,1.9531,1.77609797,0.039406975,2024-11-08
1.4751,2.0751,1.93623687,0.0901633287,2024-11-11
1.3774,1.9774,1.80799449,-0.0662327978,2024-11-12
1.3794,1.9794,1.81061972,0.001452011,2024-11-13
1.2843,1.8843,1.68579013,-0.0689430187,2024-11-14
1.2181,1.8181,1.59889508,-0.051545589,2024-11-15
1.152,1.752,1.5121313,-0.0542648387,2024-11-18
1.1871,1.7871,1.55820405,0.03046875,2024-11-19
1.2093,1.8093,1.58734408,0.0187010361,2024-11-20
1.2044,1.8044,1.58091227,-0.0040519309,2024-11-21
1.1134,1.7134,1.4614644,-0.0755562936,2024-11-22
1.0911,1.6911,1.43219311,-0.0200287408,2024-11-25
1.0705,1.6705,1.40515326,-0.0188800293,2024-11-26
1.117,1.717,1.46618981,0.043437646,2024-11-27
1.1069,1.7069,1.45293241,-0.009042077,2024-11-28
1.1458,1.7458,1.50399309,0.0351431927,2024-11-29
1.1664,1.7664,1.53103294,0.0179787048,2024-12-02
1.151,1.751,1.51081868,-0.0132030178,2024-12-03
1.115,1.715,1.46356458,-0.0312771503,2024-12-04
1.1374,1.7374,1.49296713,0.0200896861,2024-12-05
1.1806,1.7806,1.54967206,0.037981361,2024-12-06
1.1633,1.7633,1.52696384,-0.014653566,2024-12-09
1.1808,1.7808,1.54993458,0.015043411,2024-12-10
1.1785,1.7785,1.54691557,-0.001947832,2024-12-11
1.1935,1.7935,1.56660478,0.0127280441,2024-12-12
1.1267,1.7267,1.47892216,-0.0559698366,2024-12-13
1.1401,1.7401,1.49651119,0.0118931393,2024-12-16
1.1598,1.7598,1.52236969,0.017279186,2024-12-17
1.1869,1.7869,1.55794153,0.0233660976,2024-12-18
1.2706,1.8706,1.66780732,0.0705198416,2024-12-19
1.2431,1.8431,1.63171043,-0.0216433181,2024-12-20
1.2238,1.8238,1.60637698,-0.0155257019,2024-12-23
1.2328,1.8328,1.61819051,0.0073541428,2024-12-24
1.242,1.842,1.63026656,0.0074626866,2024-12-25
1.2941,1.8941,1.69865374,0.0419484702,2024-12-26
1.3005,1.9005,1.70705447,0.004945522,2024-12-27
1.3178,1.9178,1.72976269,0.0133025759,2024-12-30
1.2174,1.8174,1.59797625,-0.0761875854,2024-12-31
1.1005,1.7005,1.44453168,-0.0960243141,2025-01-02
1.0183,1.6183,1.33663481,-0.0746933212,2025-01-03
1.0064,1.6064,1.3210147,-0.0116861436,2025-01-06
1.0508,1.6508,1.37929476,0.0441176471,2025-01-07
1.0223,1.6223,1.34188527,-0.0271221926,2025-01-08
1.0649,1.6649,1.39780262,0.0416707424,2025-01-09
0.998,1.598,1.30998875,-0.0628228003,2025-01-10
0.9648,1.5648,1.26640996,-0.0332665331,2025-01-13
1.054,1.654,1.38349513,0.0924543947,2025-01-14
1.0378,1.6378,1.36223078,-0.015370019,2025-01-15
1.0335,1.6335,1.35658654,-0.0041433802,2025-01-16
1.0458,1.6458,1.37273169,0.0119013062,2025-01-17
1.0629,1.6629,1.39517739,0.0163511188,2025-01-20
1.0907,1.6907,1.43166806,0.0261548593,2025-01-21
1.0887,1.6887,1.42904283,-0.0018336848,2025-01-22
1.0657,1.6657,1.39885271,-0.0211261137,2025-01-23
1.1268,1.7268,1.47905343,0.0573332082,2025-01-24
1.0538,1.6538,1.38323261,-0.0647852325,2025-01-27
1.1007,1.7007,1.4447942,0.0445055988,2025-02-05
1.1788,1.7788,1.54730935,0.0709548469,2025-02-06
1.2267,1.8267,1.61018356,0.0406345436,2025-02-07
1.2535,1.8535,1.64536162,0.0218472324,2025-02-10
1.2391,1.8391,1.62645997,-0.0114878341,2025-02-11
1.2839,1.8839,1.68526508,0.036155274,2025-02-12
1.2479,1.8479,1.63801098,-0.0280395669,2025-02-13
1.3503,1.9503,1.77242265,0.0820578572,2025-02-14
1.3723,1.9723,1.80130016,0.0162926757,2025-02-17
1.2668,1.8668,1.66281938,-0.0768782336,2025-02-18
1.3088,1.9088,1.71794917,0.0331544048,2025-02-19
1.2825,1.8825,1.68342742,-0.0200947433,2025-02-20
1.4348,2.0348,1.88333853,0.1187524366,2025-02-21
1.4674,2.0674,1.92612975,0.0227209367,2025-02-24
1.4718,2.0718,1.93190525,0.0029985007,2025-02-25
1.4785,2.0785,1.94069976,0.0045522489,2025-02-26
1.4081,2.0081,1.84829174,-0.0476158269,2025-02-27
1.2792,1.8792,1.6790958,-0.0915417939,2025-02-28
1.2652,1.8652,1.6607192,-0.0109443402,2025-03-03
1.2863,1.8863,1.68841535,0.0166772052,2025-03-04
1.2931,1.8931,1.69734113,0.0052864806,2025-03-05
1.3622,1.9622,1.78804276,0.0534374758,2025-03-06
1.3157,1.9157,1.72700621,-0.0341359565,2025-03-07
1.2801,1.8801,1.68027715,-0.0270578399,2025-03-10
1.2784,1.8784,1.6780457,-0.0013280212,2025-03-11
1.3037,1.9037,1.71125484,0.019790363,2025-03-12
1.2394,1.8394,1.62685376,-0.0493211628,2025-03-13
1.3089,1.9089,1.71808043,0.0560755204,2025-03-14
1.3001,1.9001,1.70652943,-0.0067232027,2025-03-17
1.3105,1.9105,1.72018061,0.0079993847,2025-03-18
1.2766,1.8766,1.675683,-0.0258679893,2025-03-19
1.251,1.851,1.64208008,-0.0200532665,2025-03-20
1.1844,1.7844,1.55465999,-0.0532374101,2025-03-21
1.1905,1.7905,1.56266694,0.0051502871,2025-03-24
1.1602,1.7602,1.52289473,-0.025451491,2025-03-25
1.1551,1.7551,1.5162004,-0.0043957938,2025-03-26
1.161,1.761,1.52394482,0.0051077829,2025-03-27
1.167,1.767,1.53182051,0.0051679587,2025-03-28
1.1576,1.7576,1.51948194,-0.0080548415,2025-03-31
1.1582,1.7582,1.5202695,0.0005183138,2025-04-01
1.1815,1.7815,1.55085341,0.0201174236,2025-04-02
1.1461,1.7461,1.50438688,-0.0299619128,2025-04-03
0.9273,1.5273,1.21718694,-0.1909082977,2025-04-07
0.9302,1.5302,1.22099352,0.003127359,2025-04-08
0.9871,1.5871,1.29568125,0.0611696409,2025-04-09
1.0358,1.6358,1.35960555,0.0493364401,2025-04-10
1.0341,1.6341,1.35737411,-0.0016412435,2025-04-11
1.0384,1.6384,1.36301835,0.0041582052,2025-04-14
1.0395,1.6395,1.36446223,0.001059322,2025-04-15
1.0081,1.6081,1.32324615,-0.0302068302,2025-04-16
1.0014,1.6014,1.31445163,-0.0066461661,2025-04-17
1.0078,1.6078,1.32285236,0.0063910525,2025-04-18
1.039,1.639,1.36380592,0.0309585235,2025-04-21
1.0204,1.6204,1.3393913,-0.0179018287,2025-04-22
1.0336,1.6336,1.3567178,0.0129361035,2025-04-23
1.0067,1.6067,1.32140849,-0.0260255418,2025-04-24
1.033,1.633,1.35593023,0.0261249627,2025-04-25
1.0032,1.6032,1.31681434,-0.0288480155,2025-04-28
0.9768,1.5768,1.28216133,-0.0263157895,2025-04-29
1.0118,1.6118,1.32810282,0.0358312858,2025-04-30
1.0539,1.6539,1.38336387,0.0416090136,2025-05-06
1.0531,1.6531,1.38231378,-0.0007590853,2025-05-07
1.0626,1.6626,1.39478361,0.0090209857,2025-05-08
1.0294,1.6294,1.35120482,-0.0312441182,2025-05-09
1.0646,1.6646,1.39740884,0.0341946765,2025-05-12
1.0475,1.6475,1.37496314,-0.0160623708,2025-05-13
1.0659,1.6659,1.39911523,0.0175656325,2025-05-14
1.0093,1.6093,1.32482128,-0.0531006661,2025-05-15
0.9977,1.5977,1.30959496,-0.011493114,2025-05-16
0.9985,1.5985,1.31064505,0.0008018442,2025-05-19
1.0092,1.6092,1.32469002,0.0107160741,2025-05-20
0.9973,1.5973,1.30906992,-0.011791518,2025-05-21
0.9831,1.5831,1.2904308,-0.0142384438,2025-05-22
0.9474,1.5474,1.24357048,-0.0363137016,2025-05-23
0.9834,1.5834,1.29082458,0.0379987334,2025-05-26
0.9653,1.5653,1.26706627,-0.0184055318,2025-05-27
0.9529,1.5529,1.25078986,-0.0128457474,2025-05-28
0.998,1.598,1.30998875,0.0473292056,2025-05-29
0.9715,1.5715,1.27520448,-0.0265531062,2025-05-30
0.9713,1.5713,1.27494195,-0.0002058672,2025-06-03
0.9876,1.5876,1.29633756,0.0167816329,2025-06-04
1.021,1.621,1.34017887,0.0338193601,2025-06-05
1.0165,1.6165,1.3342721,-0.0044074437,2025-06-06
1.0249,1.6249,1.34529806,0.0082636498,2025-06-09
0.9814,1.5814,1.28819935,-0.0424431652,2025-06-10
0.9874,1.5874,1.29607504,0.0061137151,2025-06-11
0.9775,1.5775,1.28308016,-0.0100263318,2025-06-12
0.9384,1.5384,1.23175695,-0.04,2025-06-13
0.9508,1.5508,1.24803337,0.0132139812,2025-06-16
0.9412,1.5412,1.23543227,-0.0100967606,2025-06-17
0.9354,1.5354,1.22781911,-0.0061623459,2025-06-18
0.9115,1.5115,1.19644764,-0.0255505666,2025-06-19
0.9013,1.5013,1.18305897,-0.0111903456,2025-06-20
0.9206,1.5206,1.20839242,0.0214135138,2025-06-23
0.9569,1.5569,1.25604031,0.039430806,2025-06-24
0.991,1.591,1.30080045,0.0356359076,2025-06-25
0.983,1.583,1.29029954,-0.0080726539,2025-06-26
0.9819,1.5819,1.28885566,-0.0011190234,2025-06-27
1.0032,1.6032,1.31681434,0.0216926367,2025-06-30
0.9915,1.5915,1.30145676,-0.0116626794,2025-07-01
0.9686,1.5686,1.2713979,-0.0230963187,2025-07-02
0.9877,1.5877,1.29646882,0.0197191823,2025-07-03
0.978,1.578,1.28373647,-0.0098207958,2025-07-04
0.9697,1.5697,1.27284177,-0.0084867076,2025-07-07
1.0143,1.6143,1.33138435,0.0459936063,2025-07-08
1.001,1.601,1.31392659,-0.0131124914,2025-07-09
1.0111,1.6111,1.32718399,0.0100899101,2025-07-10
1.0326,1.6326,1.35540519,0.0212639699,2025-07-11
1.0271,1.6271,1.34818581,-0.0053263606,2025-07-14
1.0651,1.6651,1.39806514,0.0369973712,2025-07-15
1.0505,1.6505,1.37890098,-0.0137076331,2025-07-16
1.0702,1.6702,1.40475947,0.0187529748,2025-07-17
1.066,1.666,1.3992465,-0.0039245001,2025-07-18
1.0652,1.6652,1.3981964,-0.000750469,2025-07-21
1.0653,1.6653,1.39832767,9.38791e-05,2025-07-22
1.0596,1.6596,1.39084577,-0.0053506055,2025-07-23
1.1108,1.7108,1.4580516,0.0483201208,2025-07-24
1.1239,1.7239,1.47524685,0.0117933021,2025-07-25
1.1377,1.7377,1.49336092,0.0122786725,2025-07-28
1.2195,1.8195,1.60073274,0.0718994463,2025-07-29
1.1637,1.7637,1.52748888,-0.0457564576,2025-07-30
1.1276,1.7276,1.48010352,-0.031021741,2025-07-31
1.1365,1.7365,1.49178578,0.0078928698,2025-08-01
1.1268,1.7268,1.47905343,-0.0085349758,2025-08-04
1.1211,1.7211,1.47157153,-0.0050585729,2025-08-05
1.1353,1.7353,1.49021064,0.0126661315,2025-08-06
1.1182,1.7182,1.46776495,-0.0150620981,2025-08-07
1.0853,1.6853,1.42457995,-0.0294222858,2025-08-08
1.1114,1.7114,1.45883917,0.0240486501,2025-08-11
1.1207,1.7207,1.47104648,0.0083678244,2025-08-12
1.1538,1.7538,1.514494,0.029535112,2025-08-13
1.2089,1.8089,1.58681903,0.0477552435,2025-08-14
1.2185,1.8185,1.59942013,0.0079411035,2025-08-15
1.2677,1.8677,1.66400073,0.0403775133,2025-08-18
1.2441,1.8441,1.63302304,-0.0186163919,2025-08-19
1.3146,1.9146,1.72556233,0.0566674705,2025-08-20
1.2954,1.8954,1.70036014,-0.0146052031,2025-08-21
1.3579,1.9579,1.78239852,0.0482476455,2025-08-22
1.3681,1.9681,1.79578718,0.0075115988,2025-08-25
1.3412,1.9412,1.76047786,-0.0196623054,2025-08-26
1.2801,1.8801,1.68027715,-0.0455562183,2025-08-27
1.3327,1.9327,1.74932064,0.0410905398,2025-08-28
1.3018,1.9018,1.70876087,-0.0231860134,2025-08-29
1.354,1.954,1.77727932,0.0400983254,2025-09-01
1.2587,1.8587,1.65218721,-0.0703840473,2025-09-02
1.2964,1.8964,1.70167276,0.0299515373,2025-09-03
1.2445,1.8445,1.63354809,-0.0400339401,2025-09-04
1.2774,1.8774,1.67673309,0.0264363198,2025-09-05
1.2681,1.8681,1.66452578,-0.0072804133,2025-09-08
1.1947,1.7947,1.56817991,-0.0578818705,2025-09-09
1.1915,1.7915,1.56397955,-0.0026784967,2025-09-10
1.311,1.911,1.72083692,0.1002937474,2025-09-11
1.3282,1.9282,1.74341388,0.0131197559,2025-09-12
1.2953,1.8953,1.70022888,-0.0247703659,2025-09-15
1.3345,1.9345,1.75168335,0.0302632595,2025-09-16
1.3292,1.9292,1.74472649,-0.0039715249,2025-09-17
1.3778,1.9778,1.80851953,0.0365633464,2025-09-18
1.3299,1.9299,1.74564532,-0.0347655683,2025-09-19
1.3517,1.9517,1.77426031,0.0163922099,2025-09-22
1.2914,1.8914,1.69510969,-0.0446104905,2025-09-23
1.3529,1.9529,1.77583545,0.047622735,2025-09-24
1.3948,1.9948,1.83083397,0.0309705078,2025-09-25
1.3183,1.9183,1.730419,-0.054846573,2025-09-26
1.3375,1.9375,1.75562119,0.0145642115,2025-09-29
1.3424,1.9424,1.762053,0.0036635514,2025-09-30
1.3983,1.9983,1.83542812,0.0416418355,2025-10-09
1.3076,1.9076,1.71637403,-0.0648644783,2025-10-10
1.2914,1.8914,1.69510969,-0.0123891098,2025-10-13
1.2298,1.8298,1.61425267,-0.0477001704,2025-10-14
1.263,1.863,1.65783145,0.0269962596,2025-10-15
1.252,1.852,1.6433927,-0.008709422,2025-10-16
1.1759,1.7759,1.54350277,-0.0607827476,2025-10-17
1.1956,1.7956,1.56936127,0.0167531253,2025-10-20
1.2344,1.8344,1.62029069,0.0324523252,2025-10-21
1.2137,1.8137,1.59311958,-0.0167692806,2025-10-22
1.2056,1.8056,1.58248741,-0.0066738074,2025-10-23
1.2394,1.8394,1.62685376,0.0280358328,2025-10-24
1.2506,1.8506,1.64155504,0.0090366306,2025-10-27
1.2485,1.8485,1.63879855,-0.001679194,2025-10-28
1.2598,1.8598,1.65363108,0.009050861,2025-10-29
1.2339,1.8339,1.61963438,-0.0205588189,2025-10-30
1.1772,1.7772,1.54520917,-0.04595186,2025-10-31
1.1855,1.7855,1.55610387,0.0070506286,2025-11-03
1.1603,1.7603,1.52302599,-0.0212568536,2025-11-04
1.1443,1.7443,1.50202417,-0.0137895372,2025-11-05
1.1566,1.7566,1.51816932,0.0107489295,2025-11-06
1.1334,1.7334,1.48771668,-0.020058793,2025-11-07
1.1558,1.7558,1.51711923,0.0197635433,2025-11-10
1.1323,1.7323,1.4862728,-0.0203322374,2025-11-11
1.1152,1.7152,1.4638271,-0.0151020048,2025-11-12
1.1244,1.7244,1.47590315,0.0082496413,2025-11-13
1.09,1.69,1.43074923,-0.0305940946,2025-11-14
1.0989,1.6989,1.4424315,0.0081651376,2025-11-17
1.1167,1.7167,1.46579602,0.0161980162,2025-11-18
1.0968,1.6968,1.43967501,-0.0178203636,2025-11-19
1.0585,1.6585,1.38940189,-0.0349197666,2025-11-20
1.0083,1.6083,1.32350867,-0.0474256023,2025-11-21
1.039,1.639,1.36380592,0.0304472875,2025-11-24
1.0698,1.6698,1.40423443,0.0296438884,2025-11-25
1.072,1.672,1.40712218,0.0020564592,2025-11-26
1.0773,1.6773,1.41407903,0.0049440299,2025-11-27
1.112,1.712,1.45962674,0.032210155,2025-11-28
1.1231,1.7231,1.47419675,0.0099820144,2025-12-01
1.1013,1.7013,1.44558177,-0.0194105601,2025-12-02
1.0666,1.6666,1.40003406,-0.0315082176,2025-12-03
1.0747,1.6747,1.41066624,0.0075942246,2025-12-04
1.0937,1.6937,1.4356059,0.0176793524,2025-12-05
1.1374,1.7374,1.49296713,0.0399561123,2025-12-08
1.1345,1.7345,1.48916055,-0.0025496747,2025-12-09
1.1255,1.7255,1.47734703,-0.0079330101,2025-12-10
1.0695,1.6695,1.40384065,-0.0497556641,2025-12-11
1.0954,1.6954,1.43783735,0.0242169238,2025-12-12
1.0646,1.6646,1.39740884,-0.0281175826,2025-12-15
1.0322,1.6322,1.35488014,-0.0304339658,2025-12-16
1.0706,1.6706,1.40528452,0.0372020926,2025-12-17
1.0589,1.6589,1.38992694,-0.0109284513,2025-12-18
1.0712,1.6712,1.40607209,0.0116158277,2025-12-19
1.089,1.689,1.42943662,0.0166168783,2025-12-22
1.0849,1.6849,1.4240549,-0.0037649219,2025-12-23
1.0833,1.6833,1.42195472,-0.0014747903,2025-12-24
1.0924,1.6924,1.43389951,0.0084002585,2025-12-25
1.1025,1.7025,1.44715691,0.0092456975,2025-12-26
1.0953,1.6953,1.43770609,-0.0065306122,2025-12-29
1.0932,1.6932,1.4349496,-0.0019172829,2025-12-30
1.09,1.69,1.43074923,-0.0029271862,2025-12-31
1.1484,1.7484,1.50740589,0.0535779817,2026-01-05
1.1766,1.7766,1.5444216,0.0245559039,2026-01-06
1.1636,1.7636,1.52735762,-0.0110487846,2026-01-07
1.1755,1.7755,1.54297773,0.0102268821,2026-01-08
1.1942,1.7942,1.56752361,0.0159081242,2026-01-09
1.2692,1.8692,1.66596966,0.0628035505,2026-01-12
1.2063,1.8063,1.58340624,-0.0495587772,2026-01-13
1.2601,1.8601,1.65402487,0.0445991876,2026-01-14
1.2357,1.8357,1.62199709,-0.0193635426,2026-01-16
1.21,1.81,1.58826291,-0.0207979283,2026-01-23
1.1106,1.7106,1.45778908,-0.0821487603,2026-01-30
1.0725,1.6725,1.40777849,-0.0343057807,2026-02-06
1.1678,1.7678,1.5328706,0.0888578089,2026-02-13
1.1372,1.7372,1.49270461,-0.026203117,2026-02-27
1.0318,1.6318,1.3543551,-0.0926837847,2026-03-06
1.1134,1.7134,1.4614644,0.079085094,2026-03-13
1.0989,1.6989,1.4424315,-0.0130231723,2026-03-20
1.0177,1.6177,1.33584724,-0.0738920739,2026-03-27
1.0178,1.6178,1.3359785,9.82608e-05,2026-04-03
1.1053,1.7053,1.45083223,0.0859697387,2026-04-10
1.1472,1.7472,1.50583075,0.0379082602,2026-04-17
1.3037,1.9037,1.71125484,0.1364191074,2026-04-24
1.3374,1.9374,1.75548993,0.0258495053,2026-04-30
1.411,2.011,1.85209832,0.0550321519,2026-05-08
1.3151,1.9151,1.72621864,-0.0679659816,2026-05-15
1.1726,1.7726,1.53917115,-0.108356779,2026-05-22
