nav,cumulative_nav_withdrawal,cumulative_nav,price_change,price_date
1.0,1.0,1.0,0.0,2015-10-30
1.0,1.0,1.0,0.0,2015-11-24
1.0,1.0,1.0,0.0,2015-11-25
0.9999,0.9999,0.9999,-0.0001,2015-11-26
0.9999,0.9999,0.9999,0.0,2015-11-27
0.9997,0.9997,0.9997,-0.00020002,2015-11-30
0.9996,0.9996,0.9996,-0.00010003,2015-12-01
0.9996,0.9996,0.9996,0.0,2015-12-02
0.9996,0.9996,0.9996,0.0,2015-12-03
0.9995,0.9995,0.9995,-0.00010004,2015-12-04
0.9994,0.9994,0.9994,-0.00010005,2015-12-07
0.9994,0.9994,0.9994,0.0,2015-12-08
0.9993,0.9993,0.9993,-0.00010006,2015-12-09
0.9993,0.9993,0.9993,0.0,2015-12-10
0.998,0.998,0.998,-0.0013009106,2015-12-11
1.007,1.007,1.007,0.0090180361,2015-12-14
1.0127,1.0127,1.0127,0.0056603774,2015-12-15
1.0118,1.0118,1.0118,-0.0008887133,2015-12-16
1.0171,1.0171,1.0171,0.0052381894,2015-12-17
1.0076,1.0076,1.0076,-0.0093402812,2015-12-18
1.0109,1.0109,1.0109,0.0032751092,2015-12-21
1.0179,1.0179,1.0179,0.0069245227,2015-12-22
1.0153,1.0153,1.0153,-0.0025542784,2015-12-23
1.0066,1.0066,1.0066,-0.0085688959,2015-12-24
1.0104,1.0104,1.0104,0.0037750844,2015-12-25
0.9932,0.9932,0.9932,-0.0170229612,2015-12-28
0.9981,0.9981,0.9981,0.0049335481,2015-12-29
1.004,1.004,1.004,0.0059112313,2015-12-30
0.9949,0.9949,0.9949,-0.009063745,2015-12-31
0.9299,0.9299,0.9299,-0.0653331993,2016-01-04
0.8997,0.8997,0.8997,-0.0324766104,2016-01-05
0.8999,0.8999,0.8999,0.0002222963,2016-01-06
0.8988,0.8988,0.8988,-0.001222358,2016-01-07
0.8989,0.8989,0.8989,0.0001112595,2016-01-08
0.8978,0.8978,0.8978,-0.0012237179,2016-01-11
0.8986,0.8986,0.8986,0.0008910671,2016-01-12
0.898,0.898,0.898,-0.0006677053,2016-01-13
0.899,0.899,0.899,0.0011135857,2016-01-14
0.8993,0.8993,0.8993,0.0003337041,2016-01-15
0.9003,0.9003,0.9003,0.001111976,2016-01-18
0.9005,0.9005,0.9005,0.0002221482,2016-01-19
0.9001,0.9001,0.9001,-0.0004441977,2016-01-20
0.8988,0.8988,0.8988,-0.001444284,2016-01-21
0.8992,0.8992,0.8992,0.0004450378,2016-01-22
0.8993,0.8993,0.8993,0.00011121,2016-01-25
0.8986,0.8986,0.8986,-0.0007783832,2016-01-26
0.8987,0.8987,0.8987,0.0001112842,2016-01-27
0.8988,0.8988,0.8988,0.0001112718,2016-01-28
0.8994,0.8994,0.8994,0.0006675567,2016-01-29
0.8985,0.8985,0.8985,-0.0010006671,2016-02-01
0.8991,0.8991,0.8991,0.0006677796,2016-02-02
0.8993,0.8993,0.8993,0.0002224447,2016-02-03
0.9001,0.9001,0.9001,0.0008895808,2016-02-04
0.9001,0.9001,0.9001,0.0,2016-02-05
0.8993,0.8993,0.8993,-0.0008887901,2016-02-15
0.9,0.9,0.9,0.0007783832,2016-02-16
0.9009,0.9009,0.9009,0.001,2016-02-17
0.901,0.901,0.901,0.0001110001,2016-02-18
0.9008,0.9008,0.9008,-0.0002219756,2016-02-19
0.9021,0.9021,0.9021,0.0014431616,2016-02-22
0.9013,0.9013,0.9013,-0.0008868196,2016-02-23
0.9009,0.9009,0.9009,-0.0004438034,2016-02-24
0.8976,0.8976,0.8976,-0.0036630037,2016-02-25
0.8967,0.8967,0.8967,-0.0010026738,2016-02-26
0.8944,0.8944,0.8944,-0.0025649604,2016-02-29
0.895,0.895,0.895,0.0006708408,2016-03-01
0.8971,0.8971,0.8971,0.0023463687,2016-03-02
0.8969,0.8969,0.8969,-0.0002229406,2016-03-03
0.8918,0.8918,0.8918,-0.0056862526,2016-03-04
0.9016,0.9016,0.9016,0.010989011,2016-03-07
0.9057,0.9057,0.9057,0.0045474712,2016-03-08
0.8974,0.8974,0.8974,-0.0091641824,2016-03-09
0.8874,0.8874,0.8874,-0.0111433029,2016-03-10
0.8865,0.8865,0.8865,-0.0010141988,2016-03-11
0.8888,0.8888,0.8888,0.0025944726,2016-03-14
0.8883,0.8883,0.8883,-0.0005625563,2016-03-15
0.8881,0.8881,0.8881,-0.0002251492,2016-03-16
0.8947,0.8947,0.8947,0.0074315955,2016-03-17
0.9142,0.9142,0.9142,0.0217950151,2016-03-18
0.9426,0.9426,0.9426,0.0310654124,2016-03-21
0.9378,0.9378,0.9378,-0.0050922979,2016-03-22
0.9421,0.9421,0.9421,0.0045851994,2016-03-23
0.9269,0.9269,0.9269,-0.0161341683,2016-03-24
0.9387,0.9387,0.9387,0.0127306074,2016-03-25
0.9381,0.9381,0.9381,-0.0006391818,2016-03-28
0.9106,0.9106,0.9106,-0.029314572,2016-03-29
0.9189,0.9189,0.9189,0.0091148693,2016-03-30
0.9192,0.9192,0.9192,0.0003264773,2016-03-31
0.918,0.918,0.918,-0.001305483,2016-04-01
0.9191,0.9191,0.9191,0.0011982571,2016-04-05
0.9212,0.9212,0.9212,0.0022848439,2016-04-06
0.9199,0.9199,0.9199,-0.0014112028,2016-04-07
0.9184,0.9184,0.9184,-0.001630612,2016-04-08
0.9191,0.9191,0.9191,0.0007621951,2016-04-11
0.9182,0.9182,0.9182,-0.0009792188,2016-04-12
0.917,0.917,0.917,-0.0013069048,2016-04-13
0.915,0.915,0.915,-0.0021810251,2016-04-14
0.9166,0.9166,0.9166,0.0017486339,2016-04-15
0.9037,0.9037,0.9037,-0.0140737508,2016-04-18
0.9083,0.9083,0.9083,0.0050901848,2016-04-19
0.8722,0.8722,0.8722,-0.0397445778,2016-04-20
0.8717,0.8717,0.8717,-0.000573263,2016-04-21
0.8718,0.8718,0.8718,0.0001147184,2016-04-22
0.8722,0.8722,0.8722,0.0004588208,2016-04-25
0.8728,0.8728,0.8728,0.0006879156,2016-04-26
0.8737,0.8737,0.8737,0.0010311641,2016-04-27
0.8733,0.8733,0.8733,-0.0004578231,2016-04-28
0.8749,0.8749,0.8749,0.001832131,2016-04-29
0.8791,0.8791,0.8791,0.0048005486,2016-05-03
0.8836,0.8836,0.8836,0.0051188716,2016-05-04
0.8838,0.8838,0.8838,0.0002263468,2016-05-05
0.8808,0.8808,0.8808,-0.0033944331,2016-05-06
0.8802,0.8802,0.8802,-0.0006811989,2016-05-09
0.8798,0.8798,0.8798,-0.0004544422,2016-05-10
0.8797,0.8797,0.8797,-0.0001136622,2016-05-11
0.8797,0.8797,0.8797,0.0,2016-05-12
0.8797,0.8797,0.8797,0.0,2016-05-13
0.8798,0.8798,0.8798,0.0001136751,2016-05-16
0.8798,0.8798,0.8798,0.0,2016-05-17
0.8791,0.8791,0.8791,-0.0007956354,2016-05-18
0.8793,0.8793,0.8793,0.0002275054,2016-05-19
0.8796,0.8796,0.8796,0.0003411805,2016-05-20
0.8797,0.8797,0.8797,0.000113688,2016-05-23
0.8794,0.8794,0.8794,-0.0003410253,2016-05-24
0.8794,0.8794,0.8794,0.0,2016-05-25
0.8793,0.8793,0.8793,-0.0001137139,2016-05-26
0.8795,0.8795,0.8795,0.0002274537,2016-05-27
0.8794,0.8794,0.8794,-0.000113701,2016-05-30
0.8799,0.8799,0.8799,0.0005685695,2016-05-31
0.8801,0.8801,0.8801,0.0002272986,2016-06-01
0.8803,0.8803,0.8803,0.0002272469,2016-06-02
0.8805,0.8805,0.8805,0.0002271953,2016-06-03
0.8802,0.8802,0.8802,-0.0003407155,2016-06-06
0.8802,0.8802,0.8802,0.0,2016-06-07
0.8803,0.8803,0.8803,0.0001136105,2016-06-08
0.878,0.878,0.878,-0.0026127457,2016-06-13
0.8779,0.8779,0.8779,-0.0001138952,2016-06-14
0.8786,0.8786,0.8786,0.0007973573,2016-06-15
0.8781,0.8781,0.8781,-0.0005690872,2016-06-16
0.8796,0.8796,0.8796,0.0017082337,2016-06-17
0.879,0.879,0.879,-0.0006821282,2016-06-20
0.8784,0.8784,0.8784,-0.0006825939,2016-06-21
0.88,0.88,0.88,0.0018214936,2016-06-22
0.8797,0.8797,0.8797,-0.0003409091,2016-06-23
0.8789,0.8789,0.8789,-0.0009094009,2016-06-24
0.8819,0.8819,0.8819,0.0034133576,2016-06-27
0.885,0.885,0.885,0.0035151378,2016-06-28
0.8861,0.8861,0.8861,0.0012429379,2016-06-29
0.8873,0.8873,0.8873,0.001354249,2016-06-30
0.8871,0.8871,0.8871,-0.0002254029,2016-07-01
0.9064,0.9064,0.9064,0.0217562845,2016-07-04
0.9126,0.9126,0.9126,0.0068402471,2016-07-05
0.9165,0.9165,0.9165,0.0042735043,2016-07-06
0.91,0.91,0.91,-0.0070921986,2016-07-07
0.9111,0.9111,0.9111,0.0012087912,2016-07-08
0.9149,0.9149,0.9149,0.0041707826,2016-07-11
0.9294,0.9294,0.9294,0.0158487266,2016-07-12
0.9324,0.9324,0.9324,0.003227889,2016-07-13
0.9326,0.9326,0.9326,0.0002145002,2016-07-14
0.9231,0.9231,0.9231,-0.0101865752,2016-07-15
0.9151,0.9151,0.9151,-0.00866645,2016-07-18
0.917,0.917,0.917,0.0020762758,2016-07-19
0.9183,0.9183,0.9183,0.0014176663,2016-07-20
0.9376,0.9376,0.9376,0.0210170968,2016-07-21
0.9424,0.9424,0.9424,0.0051194539,2016-07-22
0.9522,0.9522,0.9522,0.0103989813,2016-07-25
0.9562,0.9562,0.9562,0.0042007982,2016-07-26
0.9117,0.9117,0.9117,-0.0465383811,2016-07-27
0.9059,0.9059,0.9059,-0.0063617418,2016-07-28
0.9029,0.9029,0.9029,-0.0033116238,2016-07-29
0.8987,0.8987,0.8987,-0.0046516779,2016-08-01
0.9001,0.9001,0.9001,0.0015578057,2016-08-02
0.9008,0.9008,0.9008,0.0007776914,2016-08-03
0.9011,0.9011,0.9011,0.0003330373,2016-08-04
0.9008,0.9008,0.9008,-0.0003329264,2016-08-05
0.9033,0.9033,0.9033,0.0027753108,2016-08-08
0.9038,0.9038,0.9038,0.000553526,2016-08-09
0.9037,0.9037,0.9037,-0.0001106439,2016-08-10
0.9017,0.9017,0.9017,-0.0022131238,2016-08-11
0.9026,0.9026,0.9026,0.0009981147,2016-08-12
0.9061,0.9061,0.9061,0.0038776867,2016-08-15
0.9121,0.9121,0.9121,0.0066217857,2016-08-16
0.9112,0.9112,0.9112,-0.0009867339,2016-08-17
0.9117,0.9117,0.9117,0.000548727,2016-08-18
0.9078,0.9078,0.9078,-0.0042777229,2016-08-19
0.9089,0.9089,0.9089,0.0012117206,2016-08-22
0.9217,0.9217,0.9217,0.0140829574,2016-08-23
0.9223,0.9223,0.9223,0.000650971,2016-08-24
0.9133,0.9133,0.9133,-0.0097582132,2016-08-25
0.9168,0.9168,0.9168,0.0038322567,2016-08-26
0.9164,0.9164,0.9164,-0.0004363002,2016-08-29
0.9195,0.9195,0.9195,0.0033828023,2016-08-30
0.933,0.933,0.933,0.0146818923,2016-08-31
0.9366,0.9366,0.9366,0.0038585209,2016-09-01
0.9381,0.9381,0.9381,0.0016015375,2016-09-02
0.9465,0.9465,0.9465,0.0089542693,2016-09-05
0.9587,0.9587,0.9587,0.0128895932,2016-09-06
0.9478,0.9478,0.9478,-0.0113695629,2016-09-07
0.9596,0.9596,0.9596,0.0124498839,2016-09-08
0.9547,0.9547,0.9547,-0.0051062943,2016-09-09
0.9174,0.9174,0.9174,-0.0390698649,2016-09-12
0.9194,0.9194,0.9194,0.0021800741,2016-09-13
0.9124,0.9124,0.9124,-0.0076136611,2016-09-14
0.9231,0.9231,0.9231,0.0117273126,2016-09-19
0.9224,0.9224,0.9224,-0.0007583144,2016-09-20
0.9204,0.9204,0.9204,-0.0021682567,2016-09-21
0.9246,0.9246,0.9246,0.0045632334,2016-09-22
0.9199,0.9199,0.9199,-0.0050832793,2016-09-23
0.8978,0.8978,0.8978,-0.0240243505,2016-09-26
0.9008,0.9008,0.9008,0.0033415014,2016-09-27
0.8979,0.8979,0.8979,-0.0032193606,2016-09-28
0.9031,0.9031,0.9031,0.0057912908,2016-09-29
0.9089,0.9089,0.9089,0.0064223231,2016-09-30
0.9218,0.9218,0.9218,0.0141929805,2016-10-10
0.924,0.924,0.924,0.0023866348,2016-10-11
0.9204,0.9204,0.9204,-0.0038961039,2016-10-12
0.922,0.922,0.922,0.0017383746,2016-10-13
0.9205,0.9205,0.9205,-0.001626898,2016-10-14
0.9136,0.9136,0.9136,-0.0074959261,2016-10-17
0.9277,0.9277,0.9277,0.0154334501,2016-10-18
0.9247,0.9247,0.9247,-0.003233804,2016-10-19
0.9274,0.9274,0.9274,0.0029198659,2016-10-20
0.9208,0.9208,0.9208,-0.0071166703,2016-10-21
0.9433,0.9433,0.9433,0.0244352737,2016-10-24
0.9559,0.9559,0.9559,0.0133573625,2016-10-25
0.9471,0.9471,0.9471,-0.0092059839,2016-10-26
0.9387,0.9387,0.9387,-0.0088691796,2016-10-27
0.9341,0.9341,0.9341,-0.0049003942,2016-10-28
0.9344,0.9344,0.9344,0.0003211648,2016-10-31
0.9362,0.9362,0.9362,0.0019263699,2016-11-01
0.9318,0.9318,0.9318,-0.0046998505,2016-11-02
0.9326,0.9326,0.9326,0.0008585533,2016-11-03
0.9324,0.9324,0.9324,-0.0002144542,2016-11-04
0.937,0.937,0.937,0.0049335049,2016-11-07
0.9367,0.9367,0.9367,-0.0003201708,2016-11-08
0.9348,0.9348,0.9348,-0.0020283976,2016-11-09
0.9531,0.9531,0.9531,0.01957638,2016-11-10
0.987,0.987,0.987,0.035568146,2016-11-11
1.0036,1.0036,1.0036,0.0168186424,2016-11-14
1.0003,1.0003,1.0003,-0.0032881626,2016-11-15
0.9969,0.9969,0.9969,-0.0033989803,2016-11-16
0.9935,0.9935,0.9935,-0.0034105728,2016-11-17
0.9837,0.9837,0.9837,-0.0098641168,2016-11-18
0.9897,0.9897,0.9897,0.0060994206,2016-11-21
1.0101,1.0101,1.0101,0.0206123068,2016-11-22
1.0011,1.0011,1.0011,-0.0089100089,2016-11-23
1.004,1.004,1.004,0.0028968135,2016-11-24
1.0062,1.0062,1.0062,0.0021912351,2016-11-25
1.0302,1.0302,1.0302,0.0238521169,2016-11-28
1.0276,1.0276,1.0276,-0.0025237818,2016-11-29
1.0046,1.0046,1.0046,-0.0223822499,2016-11-30
1.0089,1.0089,1.0089,0.0042803106,2016-12-01
0.9976,0.9976,0.9976,-0.0112003172,2016-12-02
0.9986,0.9986,0.9986,0.0010024058,2016-12-05
0.9973,0.9973,0.9973,-0.0013018226,2016-12-06
1.0002,1.0002,1.0002,0.0029078512,2016-12-07
0.9977,0.9977,0.9977,-0.0024995001,2016-12-08
0.9955,0.9955,0.9955,-0.0022050717,2016-12-09
0.9903,0.9903,0.9903,-0.0052235058,2016-12-12
0.983,0.983,0.983,-0.0073715036,2016-12-13
0.9812,0.9812,0.9812,-0.0018311292,2016-12-14
0.9827,0.9827,0.9827,0.0015287403,2016-12-15
0.9844,0.9844,0.9844,0.0017299278,2016-12-16
0.9849,0.9849,0.9849,0.0005079236,2016-12-19
0.9831,0.9831,0.9831,-0.0018275967,2016-12-20
0.984,0.984,0.984,0.0009154715,2016-12-21
0.9836,0.9836,0.9836,-0.0004065041,2016-12-22
0.9814,0.9814,0.9814,-0.0022366816,2016-12-23
0.9807,0.9807,0.9807,-0.0007132668,2016-12-26
0.9815,0.9815,0.9815,0.0008157439,2016-12-27
0.9811,0.9811,0.9811,-0.0004075395,2016-12-28
0.9815,0.9815,0.9815,0.0004077056,2016-12-29
0.9817,0.9817,0.9817,0.0002037697,2016-12-30
0.9818,0.9818,0.9818,0.0001018641,2017-01-03
0.9832,0.9832,0.9832,0.0014259523,2017-01-04
0.9831,0.9831,0.9831,-0.0001017087,2017-01-05
0.982,0.982,0.982,-0.0011189096,2017-01-06
0.9808,0.9808,0.9808,-0.0012219959,2017-01-09
0.98,0.98,0.98,-0.0008156607,2017-01-10
0.9795,0.9795,0.9795,-0.0005102041,2017-01-11
0.9775,0.9775,0.9775,-0.0020418581,2017-01-12
0.9763,0.9763,0.9763,-0.0012276215,2017-01-13
0.9739,0.9739,0.9739,-0.0024582608,2017-01-16
0.9741,0.9741,0.9741,0.0002053599,2017-01-17
0.9744,0.9744,0.9744,0.0003079766,2017-01-18
0.9742,0.9742,0.9742,-0.0002052545,2017-01-19
0.9753,0.9753,0.9753,0.0011291316,2017-01-20
0.975,0.975,0.975,-0.0003075977,2017-01-23
0.9748,0.9748,0.9748,-0.0002051282,2017-01-24
0.9762,0.9762,0.9762,0.001436192,2017-01-26
0.9762,0.9762,0.9762,0.0,2017-02-03
0.9766,0.9766,0.9766,0.0004097521,2017-02-06
0.9767,0.9767,0.9767,0.0001023961,2017-02-07
0.9768,0.9768,0.9768,0.0001023856,2017-02-08
0.9778,0.9778,0.9778,0.001023751,2017-02-09
0.98,0.98,0.98,0.0022499489,2017-02-10
0.9801,0.9801,0.9801,0.0001020408,2017-02-13
0.9803,0.9803,0.9803,0.0002040608,2017-02-14
0.9789,0.9789,0.9789,-0.0014281342,2017-02-15
0.9795,0.9795,0.9795,0.0006129329,2017-02-16
0.9785,0.9785,0.9785,-0.001020929,2017-02-17
0.9788,0.9788,0.9788,0.0003065917,2017-02-20
0.9792,0.9792,0.9792,0.0004086637,2017-02-21
0.9844,0.9844,0.9844,0.0053104575,2017-02-22
0.9855,0.9855,0.9855,0.0011174319,2017-02-23
0.9865,0.9865,0.9865,0.0010147133,2017-02-24
0.9848,0.9848,0.9848,-0.0017232641,2017-02-27
0.9847,0.9847,0.9847,-0.0001015435,2017-02-28
0.9861,0.9861,0.9861,0.0014217528,2017-03-01
0.989,0.989,0.989,0.0029408782,2017-03-02
0.9875,0.9875,0.9875,-0.0015166835,2017-03-03
0.9902,0.9902,0.9902,0.0027341772,2017-03-06
0.9896,0.9896,0.9896,-0.0006059382,2017-03-07
0.9885,0.9885,0.9885,-0.0011115602,2017-03-08
0.9865,0.9865,0.9865,-0.0020232676,2017-03-09
0.9867,0.9867,0.9867,0.0002027369,2017-03-10
0.988,0.988,0.988,0.0013175231,2017-03-13
0.9874,0.9874,0.9874,-0.0006072874,2017-03-14
0.9891,0.9891,0.9891,0.0017216933,2017-03-15
0.9926,0.9926,0.9926,0.0035385704,2017-03-16
0.9876,0.9876,0.9876,-0.0050372758,2017-03-17
0.9908,0.9908,0.9908,0.0032401782,2017-03-20
0.9872,0.9872,0.9872,-0.0036334275,2017-03-21
0.9819,0.9819,0.9819,-0.0053687196,2017-03-22
0.9797,0.9797,0.9797,-0.002240554,2017-03-23
0.9868,0.9868,0.9868,0.0072471165,2017-03-24
0.979,0.979,0.979,-0.0079043373,2017-03-27
0.9774,0.9774,0.9774,-0.0016343207,2017-03-28
0.9839,0.9839,0.9839,0.0066502967,2017-03-29
0.9758,0.9758,0.9758,-0.008232544,2017-03-30
0.976,0.976,0.976,0.00020496,2017-03-31
0.9949,0.9949,0.9949,0.0193647541,2017-04-05
0.9961,0.9961,0.9961,0.0012061514,2017-04-06
0.9952,0.9952,0.9952,-0.0009035237,2017-04-07
0.9934,0.9934,0.9934,-0.0018086817,2017-04-10
1.0149,1.0149,1.0149,0.0216428428,2017-04-11
1.011,1.011,1.011,-0.0038427431,2017-04-12
1.0155,1.0155,1.0155,0.0044510386,2017-04-13
1.0054,1.0054,1.0054,-0.0099458395,2017-04-14
0.9883,0.9883,0.9883,-0.017008156,2017-04-17
0.9802,0.9802,0.9802,-0.0081958919,2017-04-18
0.9714,0.9714,0.9714,-0.0089777596,2017-04-19
0.974,0.974,0.974,0.0026765493,2017-04-20
0.9736,0.9736,0.9736,-0.0004106776,2017-04-21
0.9701,0.9701,0.9701,-0.0035949055,2017-04-24
0.9701,0.9701,0.9701,0.0,2017-04-25
0.9721,0.9721,0.9721,0.0020616431,2017-04-26
0.9711,0.9711,0.9711,-0.0010287008,2017-04-27
0.9716,0.9716,0.9716,0.00051488,2017-04-28
0.9723,0.9723,0.9723,0.0007204611,2017-05-02
0.9723,0.9723,0.9723,0.0,2017-05-03
0.9702,0.9702,0.9702,-0.0021598272,2017-05-04
0.9682,0.9682,0.9682,-0.0020614306,2017-05-05
0.9661,0.9661,0.9661,-0.0021689734,2017-05-08
0.9673,0.9673,0.9673,0.0012421074,2017-05-09
0.9641,0.9641,0.9641,-0.0033081774,2017-05-10
0.9628,0.9628,0.9628,-0.0013484078,2017-05-11
0.9647,0.9647,0.9647,0.0019734109,2017-05-12
0.9657,0.9657,0.9657,0.0010365917,2017-05-15
0.9683,0.9683,0.9683,0.0026923475,2017-05-16
0.9698,0.9698,0.9698,0.0015491067,2017-05-17
0.9679,0.9679,0.9679,-0.0019591668,2017-05-18
0.9668,0.9668,0.9668,-0.001136481,2017-05-19
0.9632,0.9632,0.9632,-0.0037236243,2017-05-22
0.958,0.958,0.958,-0.0053986711,2017-05-23
0.9565,0.9565,0.9565,-0.001565762,2017-05-24
0.9595,0.9595,0.9595,0.0031364349,2017-05-25
0.9577,0.9577,0.9577,-0.0018759771,2017-05-26
0.9611,0.9611,0.9611,0.0035501723,2017-05-31
0.9536,0.9536,0.9536,-0.0078035584,2017-06-01
0.9606,0.9606,0.9606,0.007340604,2017-06-02
0.9689,0.9689,0.9689,0.0086404331,2017-06-05
0.9705,0.9705,0.9705,0.0016513572,2017-06-06
0.987,0.987,0.987,0.0170015456,2017-06-07
0.9894,0.9894,0.9894,0.0024316109,2017-06-08
0.9943,0.9943,0.9943,0.0049524965,2017-06-09
0.9783,0.9783,0.9783,-0.0160917228,2017-06-12
0.9884,0.9884,0.9884,0.0103240315,2017-06-13
0.9851,0.9851,0.9851,-0.0033387293,2017-06-14
0.9919,0.9919,0.9919,0.0069028525,2017-06-15
0.9959,0.9959,0.9959,0.0040326646,2017-06-16
0.9912,0.9912,0.9912,-0.0047193493,2017-06-19
0.9943,0.9943,0.9943,0.0031275222,2017-06-20
0.9948,0.9948,0.9948,0.0005028663,2017-06-21
0.9853,0.9853,0.9853,-0.0095496582,2017-06-22
0.9883,0.9883,0.9883,0.0030447579,2017-06-23
1.0074,1.0074,1.0074,0.0193261156,2017-06-26
1.0115,1.0115,1.0115,0.0040698829,2017-06-27
1.007,1.007,1.007,-0.0044488384,2017-06-28
1.0136,1.0136,1.0136,0.0065541212,2017-06-29
1.0135,1.0135,1.0135,-9.86582e-05,2017-06-30
1.0197,1.0197,1.0197,0.0061174149,2017-07-03
1.0125,1.0125,1.0125,-0.0070609003,2017-07-04
1.0198,1.0198,1.0198,0.0072098765,2017-07-05
1.0116,1.0116,1.0116,-0.0080407923,2017-07-06
1.0192,1.0192,1.0192,0.0075128509,2017-07-07
1.0205,1.0205,1.0205,0.0012755102,2017-07-10
1.0121,1.0121,1.0121,-0.0082312592,2017-07-11
1.009,1.009,1.009,-0.0030629384,2017-07-12
1.0208,1.0208,1.0208,0.0116947473,2017-07-13
1.0076,1.0076,1.0076,-0.0129310345,2017-07-14
0.974,0.974,0.974,-0.0333465661,2017-07-17
0.984,0.984,0.984,0.0102669405,2017-07-18
1.0047,1.0047,1.0047,0.0210365854,2017-07-19
1.0113,1.0113,1.0113,0.0065691251,2017-07-20
1.009,1.009,1.009,-0.0022743004,2017-07-21
1.017,1.017,1.017,0.0079286422,2017-07-24
1.0199,1.0199,1.0199,0.0028515241,2017-07-25
1.0113,1.0113,1.0113,-0.0084321992,2017-07-26
1.0206,1.0206,1.0206,0.0091960842,2017-07-27
1.0175,1.0175,1.0175,-0.003037429,2017-07-28
1.0276,1.0276,1.0276,0.0099262899,2017-07-31
1.0272,1.0272,1.0272,-0.0003892565,2017-08-01
1.0223,1.0223,1.0223,-0.0047702492,2017-08-02
1.0286,1.0286,1.0286,0.0061625746,2017-08-03
1.0224,1.0224,1.0224,-0.0060276103,2017-08-04
1.0415,1.0415,1.0415,0.0186815336,2017-08-07
1.0439,1.0439,1.0439,0.0023043687,2017-08-08
1.0471,1.0471,1.0471,0.0030654277,2017-08-09
1.0409,1.0409,1.0409,-0.0059211155,2017-08-10
1.0144,1.0144,1.0144,-0.0254587376,2017-08-11
1.0289,1.0289,1.0289,0.014294164,2017-08-14
1.0272,1.0272,1.0272,-0.00165225,2017-08-15
1.0415,1.0415,1.0415,0.0139213396,2017-08-16
1.0489,1.0489,1.0489,0.0071051368,2017-08-17
1.0401,1.0401,1.0401,-0.0083897416,2017-08-18
1.0498,1.0498,1.0498,0.0093260263,2017-08-21
1.0395,1.0395,1.0395,-0.0098113926,2017-08-22
1.0307,1.0307,1.0307,-0.0084656085,2017-08-23
1.0196,1.0196,1.0196,-0.01076938,2017-08-24
1.0305,1.0305,1.0305,0.0106904668,2017-08-25
1.0401,1.0401,1.0401,0.0093158661,2017-08-28
1.0543,1.0543,1.0543,0.0136525334,2017-08-29
1.063,1.063,1.063,0.0082519207,2017-08-30
1.0674,1.0674,1.0674,0.0041392286,2017-08-31
1.073,1.073,1.073,0.0052463931,2017-09-01
1.0698,1.0698,1.0698,-0.0029822926,2017-09-04
1.059,1.059,1.059,-0.0100953449,2017-09-05
1.0651,1.0651,1.0651,0.0057601511,2017-09-06
1.0676,1.0676,1.0676,0.0023471974,2017-09-07
1.0681,1.0681,1.0681,0.0004683402,2017-09-08
1.0757,1.0757,1.0757,0.0071154386,2017-09-11
1.0836,1.0836,1.0836,0.007344055,2017-09-12
1.0782,1.0782,1.0782,-0.0049833887,2017-09-13
1.0831,1.0831,1.0831,0.0045446114,2017-09-14
1.0685,1.0685,1.0685,-0.0134798264,2017-09-15
1.0738,1.0738,1.0738,0.0049602246,2017-09-18
1.0688,1.0688,1.0688,-0.0046563606,2017-09-19
1.0892,1.0892,1.0892,0.0190868263,2017-09-20
1.0699,1.0699,1.0699,-0.0177194271,2017-09-21
1.0563,1.0563,1.0563,-0.0127114684,2017-09-22
1.0436,1.0436,1.0436,-0.0120230995,2017-09-25
1.0461,1.0461,1.0461,0.0023955539,2017-09-26
1.0492,1.0492,1.0492,0.0029633878,2017-09-27
1.0431,1.0431,1.0431,-0.0058139535,2017-09-28
1.051,1.051,1.051,0.0075735788,2017-09-29
1.0622,1.0622,1.0622,0.0106565176,2017-10-09
1.0771,1.0771,1.0771,0.0140274901,2017-10-10
1.0777,1.0777,1.0777,0.0005570513,2017-10-11
1.0786,1.0786,1.0786,0.0008351118,2017-10-12
1.0837,1.0837,1.0837,0.0047283516,2017-10-13
1.0744,1.0744,1.0744,-0.0085817108,2017-10-16
1.0683,1.0683,1.0683,-0.0056775875,2017-10-17
1.059,1.059,1.059,-0.0087054198,2017-10-18
1.0481,1.0481,1.0481,-0.010292729,2017-10-19
1.0673,1.0673,1.0673,0.0183188627,2017-10-20
1.073,1.073,1.073,0.005340579,2017-10-23
1.0704,1.0704,1.0704,-0.0024231128,2017-10-24
1.0787,1.0787,1.0787,0.0077541106,2017-10-25
1.0821,1.0821,1.0821,0.0031519422,2017-10-26
1.072,1.072,1.072,-0.009333703,2017-10-27
1.0571,1.0571,1.0571,-0.0138992537,2017-10-30
1.0633,1.0633,1.0633,0.0058651026,2017-10-31
1.0631,1.0631,1.0631,-0.0001880937,2017-11-01
1.0547,1.0547,1.0547,-0.0079014204,2017-11-02
1.0431,1.0431,1.0431,-0.0109983882,2017-11-03
1.0352,1.0352,1.0352,-0.0075735788,2017-11-06
1.0421,1.0421,1.0421,0.0066653787,2017-11-07
1.0515,1.0515,1.0515,0.0090202476,2017-11-08
1.0516,1.0516,1.0516,9.51022e-05,2017-11-09
1.0466,1.0466,1.0466,-0.0047546596,2017-11-10
1.0431,1.0431,1.0431,-0.003344162,2017-11-13
1.0294,1.0294,1.0294,-0.0131339277,2017-11-14
1.0215,1.0215,1.0215,-0.0076743734,2017-11-15
1.0134,1.0134,1.0134,-0.0079295154,2017-11-16
0.9787,0.9787,0.9787,-0.0342411683,2017-11-17
0.9801,0.9801,0.9801,0.001430469,2017-11-20
0.9896,0.9896,0.9896,0.0096928885,2017-11-21
0.9897,0.9897,0.9897,0.0001010509,2017-11-22
0.9706,0.9706,0.9706,-0.0192987774,2017-11-23
0.979,0.979,0.979,0.0086544406,2017-11-24
0.972,0.972,0.972,-0.0071501532,2017-11-27
0.9802,0.9802,0.9802,0.008436214,2017-11-28
0.9832,0.9832,0.9832,0.0030605999,2017-11-29
0.9805,0.9805,0.9805,-0.0027461351,2017-11-30
0.988,0.988,0.988,0.0076491586,2017-12-01
0.9713,0.9713,0.9713,-0.016902834,2017-12-04
0.952,0.952,0.952,-0.0198702769,2017-12-05
0.9618,0.9618,0.9618,0.0102941176,2017-12-06
0.9613,0.9613,0.9613,-0.0005198586,2017-12-07
0.9698,0.9698,0.9698,0.0088421929,2017-12-08
0.9745,0.9745,0.9745,0.0048463601,2017-12-11
0.9695,0.9695,0.9695,-0.0051308363,2017-12-12
0.9718,0.9718,0.9718,0.0023723569,2017-12-13
0.9784,0.9784,0.9784,0.0067915209,2017-12-14
0.9708,0.9708,0.9708,-0.0077677841,2017-12-15
0.9814,0.9814,0.9814,0.0109188298,2017-12-18
0.9839,0.9839,0.9839,0.0025473813,2017-12-19
0.9666,0.9666,0.9666,-0.0175830877,2017-12-20
0.9671,0.9671,0.9671,0.0005172771,2017-12-21
0.9718,0.9718,0.9718,0.0048598904,2017-12-22
0.9587,0.9587,0.9587,-0.0134801399,2017-12-25
0.9701,0.9701,0.9701,0.0118911025,2017-12-26
0.982,0.982,0.982,0.0122667766,2017-12-27
0.9915,0.9915,0.9915,0.0096741344,2017-12-28
0.9995,0.9995,0.9995,0.008068583,2017-12-29
1.0086,1.0086,1.0086,0.0091045523,2018-01-02
1.0184,1.0184,1.0184,0.0097164386,2018-01-03
1.0107,1.0107,1.0107,-0.0075608798,2018-01-04
1.015,1.015,1.015,0.0042544771,2018-01-05
1.0214,1.0214,1.0214,0.0063054187,2018-01-08
1.0206,1.0206,1.0206,-0.0007832387,2018-01-09
1.007,1.007,1.007,-0.0133254948,2018-01-10
1.0146,1.0146,1.0146,0.0075471698,2018-01-11
1.0076,1.0076,1.0076,-0.0068992706,2018-01-12
0.9833,0.9833,0.9833,-0.024116713,2018-01-15
0.9906,0.9906,0.9906,0.0074239805,2018-01-16
1.0037,1.0037,1.0037,0.0132243085,2018-01-17
1.0026,1.0026,1.0026,-0.001095945,2018-01-18
1.0072,1.0072,1.0072,0.004588071,2018-01-19
1.0137,1.0137,1.0137,0.0064535346,2018-01-22
1.0135,1.0135,1.0135,-0.000197297,2018-01-23
1.0312,1.0312,1.0312,0.0174642329,2018-01-24
1.026,1.026,1.026,-0.0050426687,2018-01-25
1.0188,1.0188,1.0188,-0.0070175439,2018-01-26
1.0083,1.0083,1.0083,-0.0103062426,2018-01-29
1.0113,1.0113,1.0113,0.002975305,2018-01-30
0.9943,0.9943,0.9943,-0.0168100465,2018-01-31
0.9588,0.9588,0.9588,-0.03570351,2018-02-01
0.9634,0.9634,0.9634,0.0047976637,2018-02-02
0.9603,0.9603,0.9603,-0.0032177704,2018-02-05
0.8947,0.8947,0.8947,-0.0683119858,2018-02-06
0.8993,0.8993,0.8993,0.0051413882,2018-02-07
0.9048,0.9048,0.9048,0.0061158679,2018-02-08
0.8479,0.8479,0.8479,-0.0628868258,2018-02-09
0.8635,0.8635,0.8635,0.018398396,2018-02-12
0.8646,0.8646,0.8646,0.0012738854,2018-02-13
0.8733,0.8733,0.8733,0.0100624566,2018-02-14
0.8836,0.8836,0.8836,0.0117943433,2018-02-22
0.8839,0.8839,0.8839,0.0003395201,2018-02-23
0.8964,0.8964,0.8964,0.0141418713,2018-02-26
0.8935,0.8935,0.8935,-0.0032351629,2018-02-27
0.8918,0.8918,0.8918,-0.0019026301,2018-02-28
0.8979,0.8979,0.8979,0.0068400987,2018-03-01
0.8937,0.8937,0.8937,-0.004677581,2018-03-02
0.8977,0.8977,0.8977,0.0044757749,2018-03-05
0.9061,0.9061,0.9061,0.0093572463,2018-03-06
0.9007,0.9007,0.9007,-0.0059596071,2018-03-07
0.903,0.903,0.903,0.0025535694,2018-03-08
0.9102,0.9102,0.9102,0.0079734219,2018-03-09
0.916,0.916,0.916,0.0063722259,2018-03-12
0.9107,0.9107,0.9107,-0.0057860262,2018-03-13
0.8991,0.8991,0.8991,-0.0127374547,2018-03-14
0.9001,0.9001,0.9001,0.0011122233,2018-03-15
0.8966,0.8966,0.8966,-0.0038884568,2018-03-16
0.9055,0.9055,0.9055,0.0099263886,2018-03-19
0.9025,0.9025,0.9025,-0.0033130867,2018-03-20
0.9035,0.9035,0.9035,0.0011080332,2018-03-21
0.927,0.927,0.927,0.0260099613,2018-03-22
0.8648,0.8648,0.8648,-0.0670981661,2018-03-23
0.8799,0.8799,0.8799,0.0174606846,2018-03-26
0.9053,0.9053,0.9053,0.0288669167,2018-03-27
0.896,0.896,0.896,-0.0102728377,2018-03-28
0.9178,0.9178,0.9178,0.0243303571,2018-03-29
0.9243,0.9243,0.9243,0.007082153,2018-03-30
0.9121,0.9121,0.9121,-0.0131991778,2018-04-02
0.9029,0.9029,0.9029,-0.0100866133,2018-04-03
0.895,0.895,0.895,-0.0087495847,2018-04-04
0.8852,0.8852,0.8852,-0.0109497207,2018-04-09
0.9116,0.9116,0.9116,0.0298237686,2018-04-10
0.923,0.923,0.923,0.0125054849,2018-04-11
0.9059,0.9059,0.9059,-0.0185265439,2018-04-12
0.8951,0.8951,0.8951,-0.0119218457,2018-04-13
0.8752,0.8752,0.8752,-0.0222321528,2018-04-16
0.8555,0.8555,0.8555,-0.0225091408,2018-04-17
0.8644,0.8644,0.8644,0.0104032729,2018-04-18
0.8624,0.8624,0.8624,-0.0023137436,2018-04-19
0.8381,0.8381,0.8381,-0.02817718,2018-04-20
0.839,0.839,0.839,0.0010738575,2018-04-23
0.8543,0.8543,0.8543,0.0182359952,2018-04-24
0.8513,0.8513,0.8513,-0.003511647,2018-04-25
0.8299,0.8299,0.8299,-0.0251380242,2018-04-26
0.8404,0.8404,0.8404,0.0126521268,2018-04-27
0.8419,0.8419,0.8419,0.0017848644,2018-05-02
0.8506,0.8506,0.8506,0.0103337689,2018-05-03
0.8499,0.8499,0.8499,-0.0008229485,2018-05-04
0.8666,0.8666,0.8666,0.0196493705,2018-05-07
0.8689,0.8689,0.8689,0.0026540503,2018-05-08
0.8637,0.8637,0.8637,-0.0059845782,2018-05-09
0.866,0.866,0.866,0.0026629617,2018-05-10
0.8506,0.8506,0.8506,-0.0177829099,2018-05-11
0.8641,0.8641,0.8641,0.0158711498,2018-05-14
0.8669,0.8669,0.8669,0.0032403657,2018-05-15
0.8608,0.8608,0.8608,-0.0070365671,2018-05-16
0.8584,0.8584,0.8584,-0.0027881041,2018-05-17
0.8738,0.8738,0.8738,0.0179403541,2018-05-18
0.8775,0.8775,0.8775,0.0042343786,2018-05-21
0.8756,0.8756,0.8756,-0.0021652422,2018-05-22
0.8705,0.8705,0.8705,-0.0058245774,2018-05-23
0.8878,0.8878,0.8878,0.0198736358,2018-05-24
0.8844,0.8844,0.8844,-0.0038296914,2018-05-25
0.8844,0.8844,0.8844,0.0,2018-05-28
0.8862,0.8862,0.8862,0.0020352782,2018-05-29
0.8482,0.8482,0.8482,-0.0428797111,2018-05-30
0.8478,0.8478,0.8478,-0.0004715869,2018-05-31
0.8402,0.8402,0.8402,-0.0089643784,2018-06-01
0.8239,0.8239,0.8239,-0.0194001428,2018-06-04
0.8228,0.8228,0.8228,-0.0013351135,2018-06-05
0.8276,0.8276,0.8276,0.0058337385,2018-06-06
0.8044,0.8044,0.8044,-0.0280328661,2018-06-07
0.7873,0.7873,0.7873,-0.0212580806,2018-06-08
0.7763,0.7763,0.7763,-0.0139718024,2018-06-11
0.7785,0.7785,0.7785,0.0028339559,2018-06-12
0.7611,0.7611,0.7611,-0.0223506744,2018-06-13
0.7563,0.7563,0.7563,-0.0063066614,2018-06-14
0.7415,0.7415,0.7415,-0.0195689541,2018-06-15
0.6865,0.6865,0.6865,-0.0741739717,2018-06-19
0.6946,0.6946,0.6946,0.0117989803,2018-06-20
0.6856,0.6856,0.6856,-0.0129570976,2018-06-21
0.6898,0.6898,0.6898,0.006126021,2018-06-22
0.6824,0.6824,0.6824,-0.0107277472,2018-06-25
0.6966,0.6966,0.6966,0.0208089097,2018-06-26
0.694,0.694,0.694,-0.0037324146,2018-06-27
0.6859,0.6859,0.6859,-0.0116714697,2018-06-28
0.7076,0.7076,0.7076,0.0316372649,2018-06-29
0.6962,0.6962,0.6962,-0.0161107971,2018-07-02
0.7174,0.7174,0.7174,0.0304510198,2018-07-03
0.708,0.708,0.708,-0.0131028715,2018-07-04
0.6958,0.6958,0.6958,-0.0172316384,2018-07-05
0.7,0.7,0.7,0.0060362173,2018-07-06
0.7152,0.7152,0.7152,0.0217142857,2018-07-09
0.7119,0.7119,0.7119,-0.004614094,2018-07-10
0.6789,0.6789,0.6789,-0.0463548251,2018-07-11
0.7056,0.7056,0.7056,0.0393283252,2018-07-12
0.7052,0.7052,0.7052,-0.0005668934,2018-07-13
0.7068,0.7068,0.7068,0.0022688599,2018-07-16
0.7048,0.7048,0.7048,-0.0028296548,2018-07-17
0.6971,0.6971,0.6971,-0.0109250851,2018-07-18
0.7016,0.7016,0.7016,0.0064553149,2018-07-19
0.7076,0.7076,0.7076,0.0085518814,2018-07-20
0.7144,0.7144,0.7144,0.0096099491,2018-07-23
0.7324,0.7324,0.7324,0.0251959686,2018-07-24
0.7315,0.7315,0.7315,-0.0012288367,2018-07-25
0.7339,0.7339,0.7339,0.0032809296,2018-07-26
0.7324,0.7324,0.7324,-0.0020438752,2018-07-27
0.7181,0.7181,0.7181,-0.0195248498,2018-07-30
0.7216,0.7216,0.7216,0.004873973,2018-07-31
0.7069,0.7069,0.7069,-0.0203713969,2018-08-01
0.6892,0.6892,0.6892,-0.0250389022,2018-08-02
0.6853,0.6853,0.6853,-0.0056587348,2018-08-03
0.6846,0.6846,0.6846,-0.0010214505,2018-08-06
0.7038,0.7038,0.7038,0.0280455741,2018-08-07
0.6956,0.6956,0.6956,-0.0116510372,2018-08-08
0.713,0.713,0.713,0.0250143761,2018-08-09
0.7173,0.7173,0.7173,0.0060308555,2018-08-10
0.7128,0.7128,0.7128,-0.0062735257,2018-08-13
0.714,0.714,0.714,0.0016835017,2018-08-14
0.7024,0.7024,0.7024,-0.0162464986,2018-08-15
0.6958,0.6958,0.6958,-0.0093963554,2018-08-16
0.6873,0.6873,0.6873,-0.0122161541,2018-08-17
0.685,0.685,0.685,-0.0033464281,2018-08-20
0.6913,0.6913,0.6913,0.0091970803,2018-08-21
0.685,0.685,0.685,-0.0091132649,2018-08-22
0.6883,0.6883,0.6883,0.0048175182,2018-08-23
0.7156,0.7156,0.7156,0.0396629377,2018-08-24
0.7269,0.7269,0.7269,0.0157909447,2018-08-27
0.7552,0.7552,0.7552,0.0389324529,2018-08-28
0.7742,0.7742,0.7742,0.0251588983,2018-08-29
0.7728,0.7728,0.7728,-0.0018083183,2018-08-30
0.7602,0.7602,0.7602,-0.0163043478,2018-08-31
0.7733,0.7733,0.7733,0.0172323073,2018-09-03
0.7785,0.7785,0.7785,0.0067244278,2018-09-04
0.7701,0.7701,0.7701,-0.0107899807,2018-09-05
0.7832,0.7832,0.7832,0.0170107778,2018-09-06
0.786,0.786,0.786,0.0035750766,2018-09-07
0.7804,0.7804,0.7804,-0.0071246819,2018-09-10
0.7653,0.7653,0.7653,-0.0193490518,2018-09-11
0.7986,0.7986,0.7986,0.0435123481,2018-09-12
0.8116,0.8116,0.8116,0.0162784874,2018-09-13
0.8377,0.8377,0.8377,0.0321586989,2018-09-14
0.8259,0.8259,0.8259,-0.0140861884,2018-09-17
0.8452,0.8452,0.8452,0.0233684465,2018-09-18
0.8357,0.8357,0.8357,-0.0112399432,2018-09-19
0.8489,0.8489,0.8489,0.0157951418,2018-09-20
0.8683,0.8683,0.8683,0.022853104,2018-09-21
0.8563,0.8563,0.8563,-0.0138201083,2018-09-25
0.8859,0.8859,0.8859,0.0345673245,2018-09-26
0.8762,0.8762,0.8762,-0.0109493171,2018-09-27
0.8632,0.8632,0.8632,-0.0148367953,2018-09-28
0.8598,0.8598,0.8598,-0.0039388323,2018-10-08
0.8493,0.8493,0.8493,-0.0122121424,2018-10-09
0.8557,0.8557,0.8557,0.0075356176,2018-10-10
0.7466,0.7466,0.7466,-0.1274979549,2018-10-11
0.7824,0.7824,0.7824,0.0479507099,2018-10-12
0.7117,0.7117,0.7117,-0.0903629857,2018-10-15
0.6944,0.6944,0.6944,-0.0243079949,2018-10-16
0.6996,0.6996,0.6996,0.0074884793,2018-10-17
0.6733,0.6733,0.6733,-0.0375929102,2018-10-18
0.6992,0.6992,0.6992,0.0384672509,2018-10-19
0.7598,0.7598,0.7598,0.0866704805,2018-10-22
0.7373,0.7373,0.7373,-0.0296130561,2018-10-23
0.7429,0.7429,0.7429,0.0075952801,2018-10-24
0.7305,0.7305,0.7305,-0.0166913447,2018-10-25
0.7434,0.7434,0.7434,0.0176591376,2018-10-26
0.7453,0.7453,0.7453,0.0025558246,2018-10-29
0.796,0.796,0.796,0.0680262981,2018-10-30
0.7882,0.7882,0.7882,-0.009798995,2018-10-31
0.7694,0.7694,0.7694,-0.0238518143,2018-11-01
0.7903,0.7903,0.7903,0.0271640239,2018-11-02
0.7733,0.7733,0.7733,-0.0215108187,2018-11-05
0.7689,0.7689,0.7689,-0.0056899004,2018-11-06
0.768,0.768,0.768,-0.0011705033,2018-11-07
0.7572,0.7572,0.7572,-0.0140625,2018-11-08
0.7573,0.7573,0.7573,0.0001320655,2018-11-09
0.7949,0.7949,0.7949,0.0496500726,2018-11-12
0.8237,0.8237,0.8237,0.0362309724,2018-11-13
0.8222,0.8222,0.8222,-0.0018210514,2018-11-14
0.8633,0.8633,0.8633,0.0499878375,2018-11-15
0.8541,0.8541,0.8541,-0.0106567821,2018-11-16
0.8515,0.8515,0.8515,-0.00304414,2018-11-19
0.8186,0.8186,0.8186,-0.0386376982,2018-11-20
0.8211,0.8211,0.8211,0.0030539946,2018-11-21
0.8133,0.8133,0.8133,-0.009499452,2018-11-22
0.7671,0.7671,0.7671,-0.0568056068,2018-11-23
0.7756,0.7756,0.7756,0.0110806935,2018-11-26
0.7846,0.7846,0.7846,0.0116039195,2018-11-27
0.8283,0.8283,0.8283,0.0556971705,2018-11-28
0.8111,0.8111,0.8111,-0.0207654232,2018-11-29
0.795,0.795,0.795,-0.019849587,2018-11-30
0.8532,0.8532,0.8532,0.0732075472,2018-12-03
0.8476,0.8476,0.8476,-0.0065635256,2018-12-04
0.8637,0.8637,0.8637,0.0189948089,2018-12-05
0.8158,0.8158,0.8158,-0.0554590714,2018-12-06
0.8183,0.8183,0.8183,0.0030644766,2018-12-07
0.8287,0.8287,0.8287,0.0127092753,2018-12-10
0.8618,0.8618,0.8618,0.039942078,2018-12-11
0.846,0.846,0.846,-0.0183337201,2018-12-12
0.8716,0.8716,0.8716,0.0302600473,2018-12-13
0.8325,0.8325,0.8325,-0.0448600275,2018-12-14
0.8474,0.8474,0.8474,0.0178978979,2018-12-17
0.8228,0.8228,0.8228,-0.029029974,2018-12-18
0.8277,0.8277,0.8277,0.0059552747,2018-12-19
0.8035,0.8035,0.8035,-0.0292376465,2018-12-20
0.8174,0.8174,0.8174,0.0172993155,2018-12-21
0.8203,0.8203,0.8203,0.0035478346,2018-12-24
0.8119,0.8119,0.8119,-0.010240156,2018-12-25
0.8447,0.8447,0.8447,0.0403990639,2018-12-26
0.8209,0.8209,0.8209,-0.0281756837,2018-12-27
0.8085,0.8085,0.8085,-0.0151053722,2018-12-28
0.8052,0.8052,0.8052,-0.0040816327,2019-01-02
0.8092,0.8092,0.8092,0.0049677099,2019-01-03
0.8441,0.8441,0.8441,0.0431290163,2019-01-04
0.8551,0.8551,0.8551,0.0130316313,2019-01-07
0.8454,0.8454,0.8454,-0.0113437025,2019-01-08
0.8394,0.8394,0.8394,-0.0070972321,2019-01-09
0.865,0.865,0.865,0.0304979747,2019-01-10
0.8537,0.8537,0.8537,-0.0130635838,2019-01-11
0.8478,0.8478,0.8478,-0.0069110929,2019-01-14
0.8553,0.8553,0.8553,0.008846426,2019-01-15
0.8386,0.8386,0.8386,-0.0195253128,2019-01-16
0.8327,0.8327,0.8327,-0.0070355354,2019-01-17
0.8446,0.8446,0.8446,0.0142908611,2019-01-18
0.8424,0.8424,0.8424,-0.0026047833,2019-01-21
0.8344,0.8344,0.8344,-0.0094966762,2019-01-22
0.8478,0.8478,0.8478,0.0160594439,2019-01-23
0.8572,0.8572,0.8572,0.0110875206,2019-01-24
0.8422,0.8422,0.8422,-0.0174988334,2019-01-25
0.8578,0.8578,0.8578,0.0185229162,2019-01-28
0.8473,0.8473,0.8473,-0.0122406155,2019-01-29
0.7951,0.7951,0.7951,-0.061607459,2019-01-30
0.7994,0.7994,0.7994,0.0054081248,2019-01-31
0.8222,0.8222,0.8222,0.028521391,2019-02-01
0.8484,0.8484,0.8484,0.0318657261,2019-02-11
0.8495,0.8495,0.8495,0.0012965582,2019-02-12
0.8612,0.8612,0.8612,0.0137728075,2019-02-13
0.8609,0.8609,0.8609,-0.0003483511,2019-02-14
0.8437,0.8437,0.8437,-0.0199790916,2019-02-15
0.8824,0.8824,0.8824,0.0458693849,2019-02-18
0.8782,0.8782,0.8782,-0.0047597461,2019-02-19
0.8683,0.8683,0.8683,-0.0112730585,2019-02-20
0.8501,0.8501,0.8501,-0.0209604975,2019-02-21
0.8883,0.8883,0.8883,0.0449358899,2019-02-22
0.9785,0.9785,0.9785,0.1015422718,2019-02-25
0.9916,0.9916,0.9916,0.0133878385,2019-02-26
0.9816,0.9816,0.9816,-0.0100847116,2019-02-27
1.0049,1.0049,1.0049,0.0237367563,2019-02-28
1.0023,1.0023,1.0023,-0.0025873221,2019-03-01
1.0174,1.0174,1.0174,0.0150653497,2019-03-04
1.0594,1.0594,1.0594,0.0412816984,2019-03-05
1.0972,1.0972,1.0972,0.0356805739,2019-03-06
1.0951,1.0951,1.0951,-0.0019139628,2019-03-07
1.0486,1.0486,1.0486,-0.0424618756,2019-03-08
1.1137,1.1137,1.1137,0.062082777,2019-03-11
1.1438,1.1438,1.1438,0.027027027,2019-03-12
1.1177,1.1177,1.1177,-0.0228186746,2019-03-13
1.0468,1.0468,1.0468,-0.0634338373,2019-03-14
1.038,1.038,1.038,-0.0084065724,2019-03-15
1.0805,1.0805,1.0805,0.0409441233,2019-03-18
1.1205,1.1205,1.1205,0.0370198982,2019-03-19
1.1231,1.1231,1.1231,0.0023203927,2019-03-20
1.1563,1.1563,1.1563,0.0295610364,2019-03-21
1.1581,1.1581,1.1581,0.0015566894,2019-03-22
1.182,1.182,1.182,0.0206372507,2019-03-25
1.093,1.093,1.093,-0.0752961083,2019-03-26
1.1001,1.1001,1.1001,0.0064958829,2019-03-27
1.0743,1.0743,1.0743,-0.0234524134,2019-03-28
1.1488,1.1488,1.1488,0.0693474821,2019-03-29
1.2292,1.2292,1.2292,0.0699860724,2019-04-01
1.2433,1.2433,1.2433,0.0114708754,2019-04-02
1.254,1.254,1.254,0.0086061289,2019-04-03
1.257,1.257,1.257,0.0023923445,2019-04-04
1.227,1.227,1.227,-0.0238663484,2019-04-08
1.2184,1.2184,1.2184,-0.007008965,2019-04-09
1.2077,1.2077,1.2077,-0.0087820092,2019-04-10
1.1783,1.1783,1.1783,-0.024343794,2019-04-11
1.1738,1.1738,1.1738,-0.0038190614,2019-04-12
1.1665,1.1665,1.1665,-0.0062191174,2019-04-15
1.2093,1.2093,1.2093,0.0366909559,2019-04-16
1.2036,1.2036,1.2036,-0.0047134706,2019-04-17
1.204,1.204,1.204,0.0003323363,2019-04-18
1.211,1.211,1.211,0.0058139535,2019-04-19
1.1738,1.1738,1.1738,-0.0307184145,2019-04-22
1.1126,1.1126,1.1126,-0.0521383541,2019-04-23
1.1362,1.1362,1.1362,0.0212115765,2019-04-24
1.0593,1.0593,1.0593,-0.0676817462,2019-04-25
1.0466,1.0466,1.0466,-0.0119890494,2019-04-26
1.0023,1.0023,1.0023,-0.0423275368,2019-04-29
1.0232,1.0232,1.0232,0.0208520403,2019-04-30
0.8941,0.8941,0.8941,-0.1261727912,2019-05-06
0.9165,0.9165,0.9165,0.025053126,2019-05-07
0.9148,0.9148,0.9148,-0.0018548827,2019-05-08
0.9091,0.9091,0.9091,-0.0062308701,2019-05-09
0.9798,0.9798,0.9798,0.0777692223,2019-05-10
0.944,0.944,0.944,-0.036538069,2019-05-13
0.9362,0.9362,0.9362,-0.0082627119,2019-05-14
0.9534,0.9534,0.9534,0.0183721427,2019-05-15
0.9601,0.9601,0.9601,0.0070274806,2019-05-16
0.9361,0.9361,0.9361,-0.0249973961,2019-05-17
0.9544,0.9544,0.9544,0.0195491935,2019-05-20
0.9711,0.9711,0.9711,0.0174979044,2019-05-21
0.963,0.963,0.963,-0.0083410565,2019-05-22
0.9501,0.9501,0.9501,-0.0133956386,2019-05-23
0.9285,0.9285,0.9285,-0.022734449,2019-05-24
0.9615,0.9615,0.9615,0.0355411955,2019-05-27
0.9698,0.9698,0.9698,0.0086323453,2019-05-28
0.9695,0.9695,0.9695,-0.0003093421,2019-05-29
0.9506,0.9506,0.9506,-0.0194945848,2019-05-30
0.953,0.953,0.953,0.0025247212,2019-05-31
0.9716,0.9716,0.9716,0.0195173137,2019-06-03
0.9577,0.9577,0.9577,-0.0143062989,2019-06-04
0.9416,0.9416,0.9416,-0.01681111,2019-06-05
0.9116,0.9116,0.9116,-0.0318606627,2019-06-06
0.922,0.922,0.922,0.0114085125,2019-06-10
0.9487,0.9487,0.9487,0.0289587852,2019-06-11
0.9308,0.9308,0.9308,-0.0188679245,2019-06-12
0.9258,0.9258,0.9258,-0.0053717232,2019-06-13
0.8916,0.8916,0.8916,-0.036941024,2019-06-14
0.8729,0.8729,0.8729,-0.0209735307,2019-06-17
0.8693,0.8693,0.8693,-0.0041241838,2019-06-18
0.9112,0.9112,0.9112,0.0481997009,2019-06-19
0.9428,0.9428,0.9428,0.0346795435,2019-06-20
0.9764,0.9764,0.9764,0.0356385235,2019-06-21
0.9607,0.9607,0.9607,-0.0160794756,2019-06-24
0.945,0.945,0.945,-0.0163422504,2019-06-25
0.9593,0.9593,0.9593,0.0151322751,2019-06-26
0.9848,0.9848,0.9848,0.0265818826,2019-06-27
0.9614,0.9614,0.9614,-0.0237611698,2019-06-28
1.0351,1.0351,1.0351,0.0766590389,2019-07-01
1.0213,1.0213,1.0213,-0.0133320452,2019-07-02
0.9972,0.9972,0.9972,-0.0235973759,2019-07-03
1.0256,1.0256,1.0256,0.0284797433,2019-07-04
1.0188,1.0188,1.0188,-0.0066302652,2019-07-05
0.9614,0.9614,0.9614,-0.0563407931,2019-07-08
0.9562,0.9562,0.9562,-0.0054087789,2019-07-09
0.9715,0.9715,0.9715,0.0160008366,2019-07-10
0.9651,0.9651,0.9651,-0.0065877509,2019-07-11
0.9713,0.9713,0.9713,0.0064242047,2019-07-12
0.9928,0.9928,0.9928,0.0221352826,2019-07-15
0.9852,0.9852,0.9852,-0.0076551168,2019-07-16
1.0025,1.0025,1.0025,0.0175598863,2019-07-17
0.9816,0.9816,0.9816,-0.0208478803,2019-07-18
0.9951,0.9951,0.9951,0.0137530562,2019-07-19
0.9791,0.9791,0.9791,-0.0160787861,2019-07-22
1.0091,1.0091,1.0091,0.030640384,2019-07-23
1.0206,1.0206,1.0206,0.0113962937,2019-07-24
1.0764,1.0764,1.0764,0.0546737213,2019-07-25
1.1007,1.1007,1.1007,0.0225752508,2019-07-26
1.1036,1.1036,1.1036,0.002634687,2019-07-29
1.0761,1.0761,1.0761,-0.0249184487,2019-07-30
1.1062,1.1062,1.1062,0.0279713781,2019-07-31
1.0915,1.0915,1.0915,-0.0132887362,2019-08-01
1.0706,1.0706,1.0706,-0.0191479615,2019-08-02
1.0353,1.0353,1.0353,-0.0329721651,2019-08-05
1.0092,1.0092,1.0092,-0.025210084,2019-08-06
0.9868,0.9868,0.9868,-0.0221957987,2019-08-07
1.0141,1.0141,1.0141,0.0276651804,2019-08-08
0.9674,0.9674,0.9674,-0.0460506853,2019-08-09
1.0399,1.0399,1.0399,0.0749431466,2019-08-12
1.0228,1.0228,1.0228,-0.0164438888,2019-08-13
1.0315,1.0315,1.0315,0.0085060618,2019-08-14
1.0643,1.0643,1.0643,0.0317983519,2019-08-15
1.0692,1.0692,1.0692,0.004603965,2019-08-16
1.1186,1.1186,1.1186,0.0462027684,2019-08-19
1.1043,1.1043,1.1043,-0.0127838369,2019-08-20
1.1222,1.1222,1.1222,0.0162093634,2019-08-21
1.1157,1.1157,1.1157,-0.0057921939,2019-08-22
1.1069,1.1069,1.1069,-0.0078874249,2019-08-23
1.0816,1.0816,1.0816,-0.0228566266,2019-08-26
1.1204,1.1204,1.1204,0.0358727811,2019-08-27
1.1185,1.1185,1.1185,-0.0016958229,2019-08-28
1.109,1.109,1.109,-0.0084935181,2019-08-29
1.1444,1.1444,1.1444,0.0319206492,2019-08-30
1.1923,1.1923,1.1923,0.0418559944,2019-09-02
1.2365,1.2365,1.2365,0.0370712069,2019-09-03
1.2679,1.2679,1.2679,0.025394258,2019-09-04
1.2676,1.2676,1.2676,-0.0002366117,2019-09-05
1.2669,1.2669,1.2669,-0.0005522247,2019-09-06
1.3209,1.3209,1.3209,0.0426237272,2019-09-09
1.2905,1.2905,1.2905,-0.0230146112,2019-09-10
1.2723,1.2723,1.2723,-0.0141030608,2019-09-11
1.2815,1.2815,1.2815,0.007230999,2019-09-12
1.2801,1.2801,1.2801,-0.0010924698,2019-09-16
1.2127,1.2127,1.2127,-0.0526521366,2019-09-17
1.2127,1.2127,1.2127,0.0,2019-09-18
1.2418,1.2418,1.2418,0.0239960419,2019-09-19
1.2541,1.2541,1.2541,0.0099049766,2019-09-20
1.254,1.254,1.254,-7.97385e-05,2019-09-23
1.2464,1.2464,1.2464,-0.0060606061,2019-09-24
1.1722,1.1722,1.1722,-0.0595314506,2019-09-25
1.1232,1.1232,1.1232,-0.0418017403,2019-09-26
1.1301,1.1301,1.1301,0.0061431624,2019-09-27
1.0995,1.0995,1.0995,-0.0270772498,2019-09-30
1.0916,1.0916,1.0916,-0.0071850841,2019-10-08
1.1137,1.1137,1.1137,0.0202455112,2019-10-09
1.097,1.097,1.097,-0.0149950615,2019-10-10
1.0793,1.0793,1.0793,-0.0161349134,2019-10-11
1.1092,1.1092,1.1092,0.0277031409,2019-10-14
1.0688,1.0688,1.0688,-0.036422647,2019-10-15
1.074,1.074,1.074,0.0048652695,2019-10-16
1.0641,1.0641,1.0641,-0.0092178771,2019-10-17
1.0259,1.0259,1.0259,-0.0358988817,2019-10-18
1.0396,1.0396,1.0396,0.0133541281,2019-10-21
1.0559,1.0559,1.0559,0.0156791073,2019-10-22
1.052,1.052,1.052,-0.0036935316,2019-10-23
1.0578,1.0578,1.0578,0.005513308,2019-10-24
1.0772,1.0772,1.0772,0.0183399508,2019-10-25
1.1074,1.1074,1.1074,0.028035648,2019-10-28
1.0656,1.0656,1.0656,-0.0377460719,2019-10-29
1.0697,1.0697,1.0697,0.0038475976,2019-10-30
1.0598,1.0598,1.0598,-0.0092549313,2019-10-31
1.0719,1.0719,1.0719,0.0114172485,2019-11-01
1.0833,1.0833,1.0833,0.0106353205,2019-11-04
1.0929,1.0929,1.0929,0.0088618111,2019-11-05
1.0393,1.0393,1.0393,-0.0490438283,2019-11-06
1.0458,1.0458,1.0458,0.0062542096,2019-11-07
1.0372,1.0372,1.0372,-0.0082233697,2019-11-08
0.9898,0.9898,0.9898,-0.0456999614,2019-11-11
0.9852,0.9852,0.9852,-0.0046474035,2019-11-12
0.9946,0.9946,0.9946,0.0095412099,2019-11-13
0.9862,0.9862,0.9862,-0.0084456063,2019-11-14
0.9583,0.9583,0.9583,-0.0282904076,2019-11-15
0.9762,0.9762,0.9762,0.0186789106,2019-11-18
0.9996,0.9996,0.9996,0.0239704978,2019-11-19
0.9817,0.9817,0.9817,-0.0179071629,2019-11-20
0.9805,0.9805,0.9805,-0.0012223694,2019-11-21
0.9377,0.9377,0.9377,-0.0436511984,2019-11-22
0.9103,0.9103,0.9103,-0.029220433,2019-11-25
0.9429,0.9429,0.9429,0.0358123695,2019-11-26
0.9427,0.9427,0.9427,-0.0002121116,2019-11-27
0.9368,0.9368,0.9368,-0.0062586189,2019-11-28
0.9401,0.9401,0.9401,0.0035226302,2019-11-29
0.9411,0.9411,0.9411,0.0010637166,2019-12-02
0.9433,0.9433,0.9433,0.0023376899,2019-12-03
0.9746,0.9746,0.9746,0.0331813845,2019-12-04
0.9936,0.9936,0.9936,0.0194951775,2019-12-05
1.0368,1.0368,1.0368,0.0434782609,2019-12-06
1.0301,1.0301,1.0301,-0.0064621914,2019-12-09
1.0375,1.0375,1.0375,0.0071837686,2019-12-10
1.0163,1.0163,1.0163,-0.0204337349,2019-12-11
1.0315,1.0315,1.0315,0.0149562137,2019-12-12
1.0514,1.0514,1.0514,0.0192922928,2019-12-13
1.0805,1.0805,1.0805,0.0276773825,2019-12-16
1.0981,1.0981,1.0981,0.0162887552,2019-12-17
1.0889,1.0889,1.0889,-0.0083781076,2019-12-18
1.069,1.069,1.069,-0.0182753237,2019-12-19
1.0504,1.0504,1.0504,-0.0173994387,2019-12-20
1.0314,1.0314,1.0314,-0.0180883473,2019-12-23
1.0368,1.0368,1.0368,0.0052356021,2019-12-24
1.1041,1.1041,1.1041,0.0649112654,2019-12-25
1.1113,1.1113,1.1113,0.0065211484,2019-12-26
1.0927,1.0927,1.0927,-0.0167371547,2019-12-27
1.1146,1.1146,1.1146,0.0200420976,2019-12-30
1.1159,1.1159,1.1159,0.0011663377,2019-12-31
1.1716,1.1716,1.1716,0.0499148669,2020-01-02
1.164,1.164,1.164,-0.0064868556,2020-01-03
1.1569,1.1569,1.1569,-0.0060996564,2020-01-06
1.1812,1.1812,1.1812,0.0210044083,2020-01-07
1.1437,1.1437,1.1437,-0.0317473756,2020-01-08
1.166,1.166,1.166,0.0194981201,2020-01-09
1.1776,1.1776,1.1776,0.009948542,2020-01-10
1.233,1.233,1.233,0.047044837,2020-01-13
1.212,1.212,1.212,-0.0170316302,2020-01-14
1.2313,1.2313,1.2313,0.0159240924,2020-01-15
1.2292,1.2292,1.2292,-0.0017055145,2020-01-16
1.2205,1.2205,1.2205,-0.0070777742,2020-01-17
1.262,1.262,1.262,0.034002458,2020-01-20
1.2502,1.2502,1.2502,-0.0093502377,2020-01-21
1.2899,1.2899,1.2899,0.0317549192,2020-01-22
1.1965,1.1965,1.1965,-0.0724087139,2020-01-23
0.9682,0.9682,0.9682,-0.190806519,2020-02-03
1.0036,1.0036,1.0036,0.0365626937,2020-02-04
1.0061,1.0061,1.0061,0.0024910323,2020-02-05
1.057,1.057,1.057,0.0505913925,2020-02-06
1.1452,1.1452,1.1452,0.0834437086,2020-02-07
1.1609,1.1609,1.1609,0.0137093957,2020-02-10
1.1335,1.1335,1.1335,-0.0236023775,2020-02-11
1.1969,1.1969,1.1969,0.055932951,2020-02-12
1.2148,1.2148,1.2148,0.0149553012,2020-02-13
1.2257,1.2257,1.2257,0.0089726704,2020-02-14
1.2826,1.2826,1.2826,0.0464224525,2020-02-17
1.3582,1.3582,1.3582,0.0589427725,2020-02-18
1.405,1.405,1.405,0.03445737,2020-02-19
1.3995,1.3995,1.3995,-0.0039145907,2020-02-20
1.4444,1.4444,1.4444,0.0320828867,2020-02-21
1.5099,1.5099,1.5099,0.0453475492,2020-02-24
1.5066,1.5066,1.5066,-0.0021855752,2020-02-25
1.3944,1.3944,1.3944,-0.0744723218,2020-02-26
1.4096,1.4096,1.4096,0.0109007458,2020-02-27
1.2932,1.2932,1.2932,-0.0825766175,2020-02-28
1.3542,1.3542,1.3542,0.0471698113,2020-03-02
1.3651,1.3651,1.3651,0.0080490326,2020-03-03
1.3712,1.3712,1.3712,0.0044685371,2020-03-04
1.3879,1.3879,1.3879,0.0121791132,2020-03-05
1.3484,1.3484,1.3484,-0.0284602637,2020-03-06
1.2322,1.2322,1.2322,-0.0861762088,2020-03-09
1.3301,1.3301,1.3301,0.0794513878,2020-03-10
1.31,1.31,1.31,-0.0151116457,2020-03-11
1.3048,1.3048,1.3048,-0.0039694656,2020-03-12
1.3119,1.3119,1.3119,0.005441447,2020-03-13
1.1916,1.1916,1.1916,-0.0916990624,2020-03-16
1.2295,1.2295,1.2295,0.0318059752,2020-03-17
1.2674,1.2674,1.2674,0.0308255388,2020-03-18
1.3187,1.3187,1.3187,0.0404765662,2020-03-19
1.3004,1.3004,1.3004,-0.0138773034,2020-03-20
1.1735,1.1735,1.1735,-0.0975853584,2020-03-23
1.1842,1.1842,1.1842,0.009118023,2020-03-24
1.1998,1.1998,1.1998,0.0131734504,2020-03-25
1.1814,1.1814,1.1814,-0.0153358893,2020-03-26
1.1626,1.1626,1.1626,-0.0159133232,2020-03-27
1.1202,1.1202,1.1202,-0.0364699811,2020-03-30
1.1142,1.1142,1.1142,-0.0053561864,2020-03-31
1.1034,1.1034,1.1034,-0.0096930533,2020-04-01
1.2308,1.2308,1.2308,0.1154613014,2020-04-02
1.3166,1.3166,1.3166,0.0697107572,2020-04-03
1.4104,1.4104,1.4104,0.0712441136,2020-04-07
1.4255,1.4255,1.4255,0.0107061826,2020-04-08
1.4021,1.4021,1.4021,-0.0164152929,2020-04-09
1.3508,1.3508,1.3508,-0.0365879752,2020-04-10
1.3463,1.3463,1.3463,-0.0033313592,2020-04-13
1.3956,1.3956,1.3956,0.0366188814,2020-04-14
1.3166,1.3166,1.3166,-0.0566064775,2020-04-15
1.3615,1.3615,1.3615,0.0341029926,2020-04-16
1.3524,1.3524,1.3524,-0.0066838046,2020-04-17
1.4326,1.4326,1.4326,0.0593019817,2020-04-20
1.4025,1.4025,1.4025,-0.0210107497,2020-04-21
1.416,1.416,1.416,0.0096256684,2020-04-22
1.3724,1.3724,1.3724,-0.0307909605,2020-04-23
1.2811,1.2811,1.2811,-0.0665257942,2020-04-24
1.2762,1.2762,1.2762,-0.003824838,2020-04-27
1.3725,1.3725,1.3725,0.0754583921,2020-04-28
1.3477,1.3477,1.3477,-0.0180692168,2020-04-29
1.4056,1.4056,1.4056,0.0429620835,2020-04-30
1.4556,1.4556,1.4556,0.0355719977,2020-05-06
1.4188,1.4188,1.4188,-0.0252816708,2020-05-07
1.4299,1.4299,1.4299,0.0078235128,2020-05-08
1.422,1.422,1.422,-0.0055248619,2020-05-11
1.5665,1.5665,1.5665,0.1016174402,2020-05-12
1.5982,1.5982,1.5982,0.0202361953,2020-05-13
1.5724,1.5724,1.5724,-0.0161431611,2020-05-14
1.5809,1.5809,1.5809,0.0054057492,2020-05-15
1.5568,1.5568,1.5568,-0.015244481,2020-05-18
1.7136,1.7136,1.7136,0.1007194245,2020-05-19
1.6926,1.6926,1.6926,-0.012254902,2020-05-20
1.6281,1.6281,1.6281,-0.0381070542,2020-05-21
1.5948,1.5948,1.5948,-0.0204532891,2020-05-22
1.5589,1.5589,1.5589,-0.0225106596,2020-05-25
1.5905,1.5905,1.5905,0.0202707037,2020-05-26
1.5295,1.5295,1.5295,-0.0383527193,2020-05-27
1.5637,1.5637,1.5637,0.0223602484,2020-05-28
1.5317,1.5317,1.5317,-0.0204642834,2020-05-29
1.6252,1.6252,1.6252,0.0610432852,2020-06-01
1.6241,1.6241,1.6241,-0.0006768398,2020-06-02
1.6537,1.6537,1.6537,0.0182254787,2020-06-03
1.6145,1.6145,1.6145,-0.0237044204,2020-06-04
1.6113,1.6113,1.6113,-0.0019820378,2020-06-05
1.4555,1.4555,1.4555,-0.096692112,2020-06-08
1.4656,1.4656,1.4656,0.0069391962,2020-06-09
1.4447,1.4447,1.4447,-0.0142603712,2020-06-10
1.4092,1.4092,1.4092,-0.0245725756,2020-06-11
1.4028,1.4028,1.4028,-0.0045415839,2020-06-12
1.3598,1.3598,1.3598,-0.0306529798,2020-06-15
1.4042,1.4042,1.4042,0.0326518606,2020-06-16
1.4473,1.4473,1.4473,0.0306936334,2020-06-17
1.4493,1.4493,1.4493,0.0013818835,2020-06-18
1.4437,1.4437,1.4437,-0.0038639343,2020-06-19
1.4659,1.4659,1.4659,0.0153771559,2020-06-22
1.5442,1.5442,1.5442,0.0534142847,2020-06-23
1.5921,1.5921,1.5921,0.031019298,2020-06-24
1.6067,1.6067,1.6067,0.0091702782,2020-06-29
1.6178,1.6178,1.6178,0.0069085704,2020-06-30
1.7849,1.7849,1.7849,0.1032884164,2020-07-01
1.9726,1.9726,1.9726,0.1051599529,2020-07-02
2.1782,2.1782,2.1782,0.1042279225,2020-07-03
2.448,2.448,2.448,0.1238637407,2020-07-06
2.7051,2.7051,2.7051,0.1050245098,2020-07-07
2.8096,2.8096,2.8096,0.0386307345,2020-07-08
2.8817,2.8817,2.8817,0.0256620159,2020-07-09
2.8596,2.8596,2.8596,-0.0076690842,2020-07-10
2.8864,2.8864,2.8864,0.0093719401,2020-07-13
2.0584,2.8584,2.8584,-0.0097006652,2020-07-14
2.0377,2.8377,2.82965492,-0.0100563545,2020-07-15
1.9626,2.7626,2.7253672,-0.036855278,2020-07-16
1.9674,2.7674,2.73203272,0.0024457352,2020-07-17
2.0822,2.8822,2.8914499,0.0583511233,2020-07-20
2.1066,2.9066,2.925333,0.0117183748,2020-07-21
2.1574,2.9574,2.99587649,0.0241146872,2020-07-22
2.1793,2.9793,3.02628795,0.0101511078,2020-07-23
2.115,2.915,2.93699767,-0.0295048869,2020-07-24
2.2285,3.0285,3.0946096,0.0536643026,2020-07-27
2.1881,2.9881,3.03850808,-0.0181287862,2020-07-28
2.2225,3.0225,3.08627769,0.0157214021,2020-07-29
2.1564,2.9564,2.99448784,-0.0297412823,2020-07-30
2.2049,3.0049,3.06183743,0.022491189,2020-07-31
2.2574,3.0574,3.13474162,0.0238106037,2020-08-03
2.2433,3.0433,3.11516164,-0.0062461239,2020-08-04
2.32,3.12,3.2216712,0.0341907012,2020-08-05
2.3945,3.1945,3.32512573,0.032112069,2020-08-06
2.3485,3.1485,3.26124777,-0.0192106912,2020-08-07
2.3384,3.1384,3.24722239,-0.0043006174,2020-08-10
2.2833,3.0833,3.1707077,-0.0235631201,2020-08-11
2.1481,2.9481,2.98296203,-0.0592125432,2020-08-12
2.1524,2.9524,2.98893323,0.002001769,2020-08-13
2.1949,2.9949,3.04795091,0.0197454005,2020-08-14
2.2984,3.0984,3.19167633,0.0471547679,2020-08-17
2.3751,3.1751,3.29818589,0.0333710407,2020-08-18
2.2867,3.0867,3.17542911,-0.0372194855,2020-08-19
2.2196,3.0196,3.0822506,-0.0293435956,2020-08-20
2.189,2.989,3.03975787,-0.0137862678,2020-08-21
2.2155,3.0155,3.07655713,0.0121059845,2020-08-24
2.1623,2.9623,3.00268088,-0.0240126382,2020-08-25
2.0908,2.8908,2.9033923,-0.033066642,2020-08-26
2.1299,2.9299,2.95768857,0.0187009757,2020-08-27
2.1886,2.9886,3.03920241,0.0275599793,2020-08-28
2.1985,2.9985,3.05295006,0.0045234396,2020-08-31
2.2646,3.0646,3.14473991,0.0300659541,2020-09-01
2.2353,3.0353,3.10405243,-0.0129382672,2020-09-02
2.1789,2.9789,3.02573249,-0.0252315125,2020-09-03
2.1571,2.9571,2.99545989,-0.0100050484,2020-09-04
2.1227,2.9227,2.94769028,-0.0159473367,2020-09-07
2.1252,2.9252,2.95116191,0.0011777453,2020-09-08
2.072,2.872,2.87728566,-0.0250329381,2020-09-09
2.0388,2.8388,2.83118243,-0.016023166,2020-09-10
2.0542,2.8542,2.85256766,0.0075534628,2020-09-11
2.0615,2.8615,2.86270482,0.0035536949,2020-09-14
2.1147,2.9147,2.93658107,0.0258064516,2020-09-15
2.0885,2.8885,2.90019841,-0.0123894642,2020-09-16
2.0406,2.8406,2.83368201,-0.0229351209,2020-09-17
2.1157,2.9157,2.93796972,0.0368029011,2020-09-18
2.1299,2.9299,2.95768857,0.0067117266,2020-09-21
2.0251,2.8251,2.81215791,-0.049204188,2020-09-22
1.9935,2.7935,2.76827653,-0.0156041677,2020-09-23
1.91,2.71,2.65232414,-0.0418861299,2020-09-24
1.9121,2.7121,2.6552403,0.0010994764,2020-09-25
1.8956,2.6956,2.63232756,-0.0086292558,2020-09-28
1.9296,2.7296,2.6795417,0.0179362735,2020-09-29
1.921,2.721,2.6675993,-0.0044568823,2020-09-30
1.9818,2.7818,2.7520293,0.0316501822,2020-10-09
2.0756,2.8756,2.8822848,0.0473307095,2020-10-12
2.0755,2.8755,2.88214594,-4.81788e-05,2020-10-13
2.0418,2.8418,2.83534839,-0.0162370513,2020-10-14
2.0305,2.8305,2.81965663,-0.0055343325,2020-10-15
2.0126,2.8126,2.79479977,-0.0088155627,2020-10-16
2.0137,2.8137,2.79632728,0.0005465567,2020-10-19
2.0057,2.8057,2.78521807,-0.0039727864,2020-10-20
1.9804,2.7804,2.75008519,-0.01261405,2020-10-21
1.9345,2.7345,2.68634609,-0.0231771359,2020-10-22
1.9185,2.7185,2.66412767,-0.008270871,2020-10-23
1.9019,2.7019,2.64107606,-0.0086525932,2020-10-26
1.9088,2.7088,2.65065775,0.003627951,2020-10-27
1.875,2.675,2.60372134,-0.0177074602,2020-10-28
1.8441,2.6441,2.56081201,-0.01648,2020-10-29
1.7938,2.5938,2.49096284,-0.0272761781,2020-10-30
1.7811,2.5811,2.47332697,-0.007079942,2020-11-02
1.8686,2.6686,2.59483397,0.049126944,2020-11-03
1.8442,2.6442,2.56095087,-0.0130579043,2020-11-04
1.9135,2.7135,2.65718442,0.0375772693,2020-11-05
1.9106,2.7106,2.65315733,-0.0015155474,2020-11-06
1.9636,2.7636,2.72675585,0.027739977,2020-11-09
1.891,2.691,2.62593976,-0.0369729069,2020-11-10
1.8482,2.6482,2.56650548,-0.0226335272,2020-11-11
1.8334,2.6334,2.54595344,-0.0080077914,2020-11-12
1.8192,2.6192,2.52623459,-0.0077451729,2020-11-13
1.8609,2.6609,2.58414135,0.0229221636,2020-11-16
1.8279,2.6279,2.53831586,-0.0177333548,2020-11-17
1.8494,2.6494,2.56817186,0.0117621314,2020-11-18
1.8732,2.6732,2.60122176,0.0128690386,2020-11-19
1.9047,2.7047,2.64496428,0.0168161435,2020-11-20
1.9459,2.7459,2.70217672,0.021630703,2020-11-23
1.919,2.719,2.664822,-0.0138239375,2020-11-24
1.9155,2.7155,2.65996172,-0.0018238666,2020-11-25
1.9458,2.7458,2.70203785,0.0158183242,2020-11-26
1.9742,2.7742,2.74147555,0.0145955391,2020-11-27
1.983,2.783,2.75369569,0.0044575018,2020-11-30
2.0357,2.8357,2.82687761,0.0265758951,2020-12-01
2.033,2.833,2.82312825,-0.0013263251,2020-12-02
2.0102,2.8102,2.791467,-0.0112149533,2020-12-03
2.0228,2.8228,2.80896401,0.006268033,2020-12-04
1.988,2.788,2.76063894,-0.0172038758,2020-12-07
1.975,2.775,2.74258647,-0.0065392354,2020-12-08
1.8947,2.6947,2.63107777,-0.0406582278,2020-12-09
1.8616,2.6616,2.58511341,-0.0174697841,2020-12-10
1.8191,2.6191,2.52609572,-0.0228298238,2020-12-11
1.8431,2.6431,2.55942336,0.0131933374,2020-12-14
1.8422,2.6422,2.55817357,-0.0004883077,2020-12-15
1.8382,2.6382,2.55261897,-0.0021713169,2020-12-16
1.8565,2.6565,2.57803129,0.0099553911,2020-12-17
1.8343,2.6343,2.54720323,-0.0119579855,2020-12-18
1.9211,2.7211,2.66773817,0.0473205037,2020-12-21
1.8149,2.6149,2.52026339,-0.0552808287,2020-12-22
1.8679,2.6679,2.59386191,0.0292027109,2020-12-23
1.8679,2.6679,2.59386191,0.0,2020-12-24
1.8745,2.6745,2.60302701,0.0035333797,2020-12-25
1.8894,2.6894,2.62371792,0.0079487863,2020-12-28
1.8754,2.6754,2.6042768,-0.0074097597,2020-12-29
1.9008,2.7008,2.63954854,0.0135437773,2020-12-30
1.9874,2.7874,2.75980575,0.0455597643,2020-12-31
2.0674,2.8674,2.87089786,0.0402535977,2021-01-04
2.085,2.885,2.89533813,0.0085131083,2021-01-05
2.071,2.871,2.87589701,-0.0067146283,2021-01-06
2.1343,2.9343,2.96379864,0.0305649445,2021-01-07
2.1424,2.9424,2.97504672,0.0037951553,2021-01-08
2.0609,2.8609,2.86187163,-0.0380414488,2021-01-11
2.134,2.934,2.96338204,0.0354699403,2021-01-12
2.1781,2.9781,3.02462157,0.0206654171,2021-01-13
2.1149,2.9149,2.9368588,-0.029016115,2021-01-14
2.0832,2.8832,2.89283855,-0.0149888884,2021-01-15
2.1204,2.9204,2.94449639,0.0178571429,2021-01-18
2.1019,2.9019,2.91880634,-0.0087247689,2021-01-19
2.085,2.885,2.89533813,-0.0080403445,2021-01-20
2.1214,2.9214,2.94588504,0.0174580336,2021-01-21
2.0618,2.8618,2.86312141,-0.0280946545,2021-01-22
2.0301,2.8301,2.81910117,-0.0153749151,2021-01-25
1.9762,2.7762,2.74425286,-0.0265504162,2021-01-26
1.9444,2.7444,2.70009374,-0.0160914887,2021-01-27
1.8622,2.6622,2.5859466,-0.042275252,2021-01-28
1.8083,2.6083,2.51109829,-0.0289442595,2021-01-29
1.8459,2.6459,2.56331158,0.02079301,2021-02-01
1.8429,2.6429,2.55914563,-0.0016252235,2021-02-02
1.7835,2.5835,2.47665974,-0.0322318086,2021-02-03
1.7301,2.5301,2.40250575,-0.029941127,2021-02-04
1.7057,2.5057,2.36862266,-0.014103231,2021-02-05
1.7277,2.5277,2.39917299,0.0128979305,2021-02-08
1.7964,2.5964,2.49457334,0.0397638479,2021-02-09
1.8334,2.6334,2.54595344,0.0205967491,2021-02-10
1.9037,2.7037,2.64357563,0.0383440602,2021-02-18
1.9774,2.7774,2.74591924,0.0387140831,2021-02-19
1.9446,2.7446,2.70037147,-0.016587438,2021-02-22
1.9744,2.7744,2.74175328,0.0153244883,2021-02-23
1.9573,2.7573,2.71800735,-0.008660859,2021-02-24
1.9923,2.7923,2.76661014,0.0178817759,2021-02-25
1.9205,2.7205,2.66690497,-0.0360387492,2021-02-26
1.994,2.794,2.76897085,0.0382712835,2021-03-01
2.0269,2.8269,2.81465748,0.0164994985,2021-03-02
2.079,2.879,2.88700622,0.0257042775,2021-03-03
2.0756,2.8756,2.8822848,-0.0016354016,2021-03-04
1.9929,2.7929,2.76744333,-0.0398439006,2021-03-05
1.9248,2.7248,2.67287618,-0.0341713081,2021-03-08
1.8284,2.6284,2.53901018,-0.0500831255,2021-03-09
1.7882,2.5882,2.4831864,-0.0219864362,2021-03-10
1.8541,2.6541,2.57469852,0.036852701,2021-03-11
1.8435,2.6435,2.55997882,-0.0057170595,2021-03-12
1.8273,2.6273,2.53748267,-0.0087876322,2021-03-15
1.8892,2.6892,2.62344019,0.0338751163,2021-03-16
1.8376,2.6376,2.55178578,-0.0273131484,2021-03-17
1.8379,2.6379,2.55220237,0.0001632564,2021-03-18
1.808,2.608,2.51068169,-0.0162685674,2021-03-19
1.8344,2.6344,2.54734209,0.0146017699,2021-03-22
1.8028,2.6028,2.50346071,-0.017226341,2021-03-23
1.7226,2.5226,2.39209087,-0.0444863546,2021-03-24
1.7499,2.5499,2.43000105,0.0158481365,2021-03-25
1.8051,2.6051,2.50665461,0.0315446597,2021-03-26
1.8025,2.6025,2.50304411,-0.0014403634,2021-03-29
1.7835,2.5835,2.47665974,-0.0105409154,2021-03-30
1.7395,2.5395,2.41555908,-0.0246705915,2021-03-31
1.7279,2.5279,2.39945072,-0.0066685829,2021-04-01
1.7246,2.5246,2.39486817,-0.0019098327,2021-04-02
1.7445,2.5445,2.42250233,0.0115389076,2021-04-06
1.706,2.506,2.36903925,-0.0220693608,2021-04-07
1.686,2.486,2.34126623,-0.0117233294,2021-04-08
1.6661,2.4661,2.31363206,-0.0118030842,2021-04-09
1.6178,2.4178,2.2465602,-0.0289898566,2021-04-12
1.6042,2.4042,2.22767454,-0.0084064779,2021-04-13
1.6338,2.4338,2.26877862,0.0184515646,2021-04-14
1.5913,2.3913,2.20976094,-0.0260129759,2021-04-15
1.6157,2.4157,2.24364403,0.0153333752,2021-04-16
1.6493,2.4493,2.29030272,0.0207959398,2021-04-19
1.6798,2.4798,2.33265659,0.0184926939,2021-04-20
1.6213,2.4213,2.25142048,-0.0348255745,2021-04-21
1.6128,2.4128,2.23961695,-0.0052427065,2021-04-22
1.5854,2.3854,2.2015679,-0.0169890873,2021-04-23
1.5611,2.3611,2.16782367,-0.0153273622,2021-04-26
1.5066,2.3066,2.09214217,-0.0349112805,2021-04-27
1.5159,2.3159,2.10505663,0.0061728395,2021-04-28
1.5485,2.3485,2.15032666,0.0215053763,2021-04-29
1.4512,2.2512,2.01521088,-0.0628350016,2021-04-30
1.4595,2.2595,2.02673669,0.0057194046,2021-05-06
1.4361,2.2361,1.99424225,-0.016032888,2021-05-07
1.4674,2.2674,2.03770703,0.0217951396,2021-05-10
1.5013,2.3013,2.08478232,0.0231020853,2021-05-11
1.5117,2.3117,2.09922429,0.0069273296,2021-05-12
1.481,2.281,2.05659269,-0.0203082622,2021-05-13
1.5434,2.3434,2.14324454,0.0421336935,2021-05-14
1.5376,2.3376,2.13519036,-0.003757937,2021-05-17
1.5705,2.3705,2.18087699,0.0213969823,2021-05-18
1.5484,2.3484,2.1501878,-0.0140719516,2021-05-19
1.5321,2.3321,2.12755278,-0.0105269956,2021-05-20
1.5168,2.3168,2.10630641,-0.0099862933,2021-05-21
1.5379,2.3379,2.13560696,0.013910865,2021-05-24
1.6115,2.4115,2.2378117,0.047857468,2021-05-25
1.6381,2.4381,2.27474983,0.0165063605,2021-05-26
1.6474,2.4474,2.28766428,0.0056773091,2021-05-27
1.654,2.454,2.29682938,0.004006313,2021-05-28
1.711,2.511,2.37598251,0.0344619105,2021-05-31
1.7186,2.5186,2.38653626,0.0044418469,2021-06-01
1.6722,2.4722,2.32210284,-0.0269987199,2021-06-02
1.6748,2.4748,2.32571333,0.0015548379,2021-06-03
1.6936,2.4936,2.35181998,0.0112252209,2021-06-04
1.7128,2.5128,2.37848208,0.0113367974,2021-06-07
1.7668,2.5668,2.45346926,0.0315273237,2021-06-08
1.78,2.58,2.47179946,0.0074711343,2021-06-09
1.8108,2.6108,2.51456992,0.0173033708,2021-06-10
1.7086,2.5086,2.37264975,-0.0564391429,2021-06-11
1.6806,2.4806,2.33376751,-0.0163876858,2021-06-15
1.6538,2.4538,2.29655165,-0.0159466857,2021-06-16
1.6809,2.4809,2.3341841,0.0163865038,2021-06-17
1.6828,2.4828,2.33682254,0.0011303468,2021-06-18
1.7135,2.5135,2.37945414,0.0182434039,2021-06-21
1.6973,2.4973,2.35695799,-0.0094543332,2021-06-22
1.7073,2.5073,2.3708445,0.0058917104,2021-06-23
1.6638,2.4638,2.31043817,-0.0254788262,2021-06-24
1.6704,2.4704,2.31960326,0.0039668229,2021-06-25
1.6686,2.4686,2.31710369,-0.0010775862,2021-06-28
1.641,2.441,2.27877691,-0.0165408127,2021-06-29
1.6777,2.4777,2.32974042,0.0223644119,2021-06-30
1.6139,2.4139,2.24114446,-0.038028253,2021-07-01
1.5503,2.3503,2.15282623,-0.0394076461,2021-07-02
1.5916,2.3916,2.21017754,0.0266400052,2021-07-05
1.6019,2.4019,2.22448065,0.0064714752,2021-07-06
1.6276,2.4276,2.26016899,0.0160434484,2021-07-07
1.6524,2.4524,2.29460754,0.015237159,2021-07-08
1.6313,2.4313,2.265307,-0.0127693053,2021-07-09
1.7646,2.5646,2.45041422,0.0817139705,2021-07-12
1.7735,2.5735,2.46277322,0.005043636,2021-07-13
1.6882,2.4882,2.34432126,-0.0480969834,2021-07-14
1.7065,2.5065,2.36973358,0.0108399479,2021-07-15
1.7596,2.5596,2.44347097,0.03111632,2021-07-16
1.8155,2.6155,2.52109658,0.0317685838,2021-07-19
1.8042,2.6042,2.50540482,-0.0062241807,2021-07-20
1.834,2.634,2.54678663,0.0165170159,2021-07-21
1.8054,2.6054,2.5070712,-0.0155943293,2021-07-22
1.7456,2.5456,2.42402985,-0.0331228537,2021-07-23
1.6809,2.4809,2.3341841,-0.0370646196,2021-07-26
1.6536,2.4536,2.29627392,-0.0162412993,2021-07-27
1.5251,2.3251,2.11783222,-0.0777092404,2021-07-28
1.555,2.355,2.1593529,0.0196052718,2021-07-29
1.565,2.365,2.17323941,0.0064308682,2021-07-30
1.6909,2.4909,2.34807062,0.0804472843,2021-08-02
1.6684,2.4684,2.31682596,-0.0133065232,2021-08-03
1.7028,2.5028,2.36459557,0.0206185567,2021-08-04
1.6982,2.4982,2.35820777,-0.0027014329,2021-08-05
1.7729,2.5729,2.46194003,0.0439877517,2021-08-06
1.7997,2.5997,2.49915589,0.0151164758,2021-08-09
1.8373,2.6373,2.55136918,0.020892371,2021-08-10
1.8054,2.6054,2.5070712,-0.017362434,2021-08-11
1.7744,2.5744,2.46402301,-0.0171707101,2021-08-12
1.7067,2.5067,2.37001131,-0.0381537421,2021-08-13
1.73,2.53,2.40236689,0.0136520771,2021-08-16
1.6607,2.4607,2.30613335,-0.0400578035,2021-08-17
1.6724,2.4724,2.32238057,0.0070452219,2021-08-18
1.6697,2.4697,2.31863121,-0.0016144463,2021-08-19
1.6838,2.4838,2.33821119,0.0084446308,2021-08-20
1.7416,2.5416,2.41847524,0.0343271172,2021-08-23
1.737,2.537,2.41208745,-0.0026412494,2021-08-24
1.7168,2.5168,2.38403669,-0.0116292458,2021-08-25
1.637,2.437,2.27322231,-0.0464818267,2021-08-26
1.6698,2.4698,2.31877007,0.0200366524,2021-08-27
1.7107,2.5107,2.37556592,0.0244939514,2021-08-30
1.6697,2.4697,2.31863121,-0.0239667972,2021-08-31
1.639,2.439,2.27599961,-0.0183865365,2021-09-01
1.6267,2.4267,2.2589192,-0.007504576,2021-09-02
1.5807,2.3807,2.19504124,-0.0282781091,2021-09-03
1.6305,2.4305,2.26419607,0.0315050294,2021-09-06
1.6429,2.4429,2.28141535,0.0076050291,2021-09-07
1.6686,2.4686,2.31710369,0.0156430702,2021-09-08
1.6889,2.4889,2.34529332,0.0121658876,2021-09-09
1.6683,2.4683,2.3166871,-0.0121972882,2021-09-10
1.6231,2.4231,2.25392005,-0.0270934484,2021-09-13
1.5799,2.3799,2.19393031,-0.0266157353,2021-09-14
1.5721,2.3721,2.18309883,-0.0049370213,2021-09-15
1.5337,2.3337,2.12977462,-0.0244259271,2021-09-16
1.5179,2.3179,2.10783393,-0.0103018843,2021-09-17
1.5448,2.3448,2.14518865,0.0177218526,2021-09-22
1.5699,2.3699,2.1800438,0.016248058,2021-09-23
1.5518,2.3518,2.15490921,-0.0115293968,2021-09-24
1.5199,2.3199,2.11061123,-0.0205567728,2021-09-27
1.5437,2.3437,2.14366113,0.0156589249,2021-09-28
1.4677,2.2677,2.03812363,-0.0492323638,2021-09-29
1.5057,2.3057,2.09089238,0.0258908496,2021-09-30
1.5435,2.3435,2.1433834,0.0251046025,2021-10-08
1.5627,2.3627,2.17004551,0.0124392614,2021-10-11
1.5076,2.3076,2.09353082,-0.0352594868,2021-10-12
1.5165,2.3165,2.10588982,0.0059034227,2021-10-13
1.5671,2.3671,2.17615558,0.033366304,2021-10-14
1.5608,2.3608,2.16740707,-0.0040201646,2021-10-15
1.5526,2.3526,2.15602013,-0.005253716,2021-10-18
1.5518,2.3518,2.15490921,-0.0005152647,2021-10-19
1.5523,2.3523,2.15560354,0.0003222065,2021-10-20
1.5509,2.3509,2.15365942,-0.0009018875,2021-10-21
1.5578,2.3578,2.16324112,0.0044490296,2021-10-22
1.5746,2.3746,2.18657046,0.0107844396,2021-10-25
1.5599,2.3599,2.16615729,-0.0093357043,2021-10-26
1.523,2.323,2.11491605,-0.0236553625,2021-10-27
1.4939,2.2939,2.0745063,-0.0191070256,2021-10-28
1.5379,2.3379,2.13560696,0.0294531093,2021-10-29
1.6043,2.4043,2.22781341,0.0431757592,2021-11-01
1.6272,2.4272,2.25961353,0.0142741383,2021-11-02
1.6111,2.4111,2.23725624,-0.009894297,2021-11-03
1.6315,2.4315,2.26558473,0.0126621563,2021-11-04
1.628,2.428,2.26072445,-0.0021452651,2021-11-05
1.6084,2.4084,2.23350688,-0.012039312,2021-11-08
1.6575,2.4575,2.30168966,0.030527232,2021-11-09
1.6296,2.4296,2.26294629,-0.0168325792,2021-11-10
1.6439,2.4439,2.282804,0.0087751595,2021-11-11
1.6771,2.4771,2.32890723,0.0201958757,2021-11-12
1.6769,2.4769,2.3286295,-0.0001192535,2021-11-15
1.61,2.41,2.23572872,-0.0398950444,2021-11-16
1.6692,2.4692,2.31793688,0.0367701863,2021-11-17
1.6557,2.4557,2.29919009,-0.0080877067,2021-11-18
1.6614,2.4614,2.3071054,0.0034426527,2021-11-19
1.6727,2.4727,2.32279716,0.0068014927,2021-11-22
1.6698,2.4698,2.31877007,-0.0017337239,2021-11-23
1.6574,2.4574,2.3015508,-0.007426039,2021-11-24
1.6254,2.4254,2.25711395,-0.0193073489,2021-11-25
1.619,2.419,2.24822658,-0.0039374923,2021-11-26
1.6596,2.4596,2.30460583,0.0250772082,2021-11-29
1.6907,2.4907,2.34779289,0.0187394553,2021-11-30
1.7219,2.5219,2.39111881,0.0184538948,2021-12-01
1.7352,2.5352,2.40958787,0.0077240258,2021-12-02
1.7728,2.5728,2.46180117,0.0216689719,2021-12-03
1.7804,2.5804,2.47235492,0.0042870036,2021-12-06
1.7658,2.5658,2.45208061,-0.0082004044,2021-12-07
1.8182,2.6182,2.52484594,0.0296749349,2021-12-08
1.8096,2.6096,2.51290354,-0.0047299527,2021-12-09
1.7868,2.5868,2.48124229,-0.0125994695,2021-12-10
1.7315,2.5315,2.40444986,-0.0309491829,2021-12-13
1.7593,2.5593,2.44305437,0.0160554433,2021-12-14
1.7542,2.5542,2.43597225,-0.0028988802,2021-12-15
1.7478,2.5478,2.42708488,-0.0036483867,2021-12-16
1.6999,2.4999,2.36056848,-0.0274058817,2021-12-17
1.6362,2.4362,2.27211139,-0.0374727925,2021-12-20
1.659,2.459,2.30377264,0.0139347268,2021-12-21
1.6792,2.4792,2.3318234,0.0121760096,2021-12-22
1.6751,2.4751,2.32612993,-0.0024416389,2021-12-23
1.6508,2.4508,2.2923857,-0.0145065966,2021-12-24
1.6679,2.4679,2.31613164,0.010358614,2021-12-27
1.6789,2.4789,2.3314068,0.0065951196,2021-12-28
1.7029,2.5029,2.36473443,0.0142950742,2021-12-29
1.7532,2.5532,2.4345836,0.0295378472,2021-12-30
1.7236,2.5236,2.39347952,-0.0168834132,2021-12-31
1.706,2.506,2.36903925,-0.0102111859,2022-01-04
1.6552,2.4552,2.29849576,-0.0297772567,2022-01-05
1.6215,2.4215,2.25169821,-0.0203600773,2022-01-06
1.5778,2.3778,2.19101415,-0.0269503546,2022-01-07
1.5915,2.3915,2.21003867,0.0086829763,2022-01-10
1.5479,2.3479,2.14949347,-0.0273955388,2022-01-11
1.5706,2.3706,2.18101586,0.01466503,2022-01-12
1.5303,2.3303,2.12505321,-0.0256589838,2022-01-13
1.4982,2.2982,2.0804775,-0.0209762792,2022-01-14
1.6,2.4,2.22184221,0.0679482045,2022-01-17
1.6287,2.4287,2.2616965,0.0179375,2022-01-18
1.6096,2.4096,2.23517326,-0.0117271443,2022-01-19
1.5904,2.3904,2.20851115,-0.0119284294,2022-01-20
1.5726,2.3726,2.18379316,-0.0111921529,2022-01-21
1.5566,2.3566,2.16157474,-0.0101742338,2022-01-24
1.4453,2.2453,2.00701784,-0.0715019915,2022-01-25
1.4509,2.2509,2.01479429,0.0038746281,2022-01-26
1.3507,2.1507,1.87565142,-0.0690605831,2022-01-27
1.3209,2.1209,1.83426961,-0.0220626342,2022-01-28
1.3383,2.1383,1.85843214,0.0131728367,2022-02-07
1.3685,2.1685,1.90036941,0.0225659419,2022-02-08
1.425,2.225,1.97882822,0.0412860796,2022-02-09
1.4114,2.2114,1.95994256,-0.0095438596,2022-02-10
1.3535,2.1535,1.87953964,-0.0410230976,2022-02-11
1.3137,2.1137,1.82427132,-0.0294052457,2022-02-14
1.3546,2.1546,1.88106716,0.0311334399,2022-02-15
1.3405,2.1405,1.86148717,-0.0104089768,2022-02-16
1.3267,2.1267,1.84232379,-0.0102946662,2022-02-17
1.3762,2.1762,1.91106203,0.0373106203,2022-02-18
1.422,2.222,1.97466226,0.0332800465,2022-02-21
1.371,2.171,1.90384104,-0.0358649789,2022-02-22
1.4099,2.2099,1.95785958,0.02837345,2022-02-23
1.365,2.165,1.89550913,-0.0318462302,2022-02-24
1.3742,2.1742,1.90828473,0.0067399267,2022-02-25
1.3959,2.1959,1.93841846,0.0157910057,2022-02-28
1.4201,2.2201,1.97202382,0.0173364854,2022-03-01
1.4245,2.2245,1.97813389,0.0030983734,2022-03-02
1.4031,2.2031,1.94841675,-0.015022815,2022-03-03
1.3551,2.1551,1.88176148,-0.0342099637,2022-03-04
1.2816,2.0816,1.77969561,-0.0542395395,2022-03-07
1.195,1.995,1.6594384,-0.0675717853,2022-03-08
1.1416,1.9416,1.58528442,-0.0446861925,2022-03-09
1.1539,1.9539,1.60236483,0.0107743518,2022-03-10
1.2003,2.0003,1.66679825,0.0402114568,2022-03-11
1.1948,1.9948,1.65916067,-0.0045821878,2022-03-14
1.0698,1.8698,1.48557925,-0.1046200201,2022-03-15
1.1503,1.9503,1.59736568,0.0752477099,2022-03-16
1.1782,1.9782,1.63610906,0.0242545423,2022-03-17
1.194,1.994,1.65804975,0.0134102869,2022-03-18
1.2101,2.0101,1.68040703,0.0134840871,2022-03-21
1.2009,2.0009,1.66763144,-0.0076026775,2022-03-22
1.2253,2.0253,1.70151454,0.0203180948,2022-03-23
1.1795,1.9795,1.6379143,-0.0373786012,2022-03-24
1.1675,1.9675,1.62125049,-0.0101738025,2022-03-25
1.1128,1.9128,1.54529126,-0.0468522484,2022-03-28
1.1126,1.9126,1.54501353,-0.0001797268,2022-03-29
1.1552,1.9552,1.60417007,0.0382886932,2022-03-30
1.1588,1.9588,1.60916922,0.0031163435,2022-03-31
1.1551,1.9551,1.60403121,-0.0031929582,2022-04-01
1.1367,1.9367,1.57848002,-0.0159293568,2022-04-06
1.0577,1.8577,1.46877656,-0.0694994282,2022-04-07
1.0342,1.8342,1.43614326,-0.0222180202,2022-04-08
0.9461,1.7461,1.31380307,-0.0851866177,2022-04-11
0.9761,1.7761,1.35546261,0.0317091217,2022-04-12
0.9383,1.7383,1.30297159,-0.0387255404,2022-04-13
0.9457,1.7457,1.31324761,0.0078866034,2022-04-14
0.9563,1.7563,1.32796731,0.0112086285,2022-04-15
0.964,1.764,1.33865993,0.0080518666,2022-04-18
0.9539,1.7539,1.32463455,-0.0104771784,2022-04-19
0.9371,1.7371,1.30130521,-0.017611909,2022-04-20
0.8855,1.6855,1.2296508,-0.0550634938,2022-04-21
0.8786,1.6786,1.2200691,-0.0077922078,2022-04-22
0.731,1.531,1.01510416,-0.1679945368,2022-04-25
0.6283,1.4283,0.87248966,-0.1404924761,2022-04-26
0.6814,1.4814,0.94622705,0.0845137673,2022-04-27
0.6611,1.4611,0.91803743,-0.0297916055,2022-04-28
0.7468,1.5468,1.03704485,0.1296324308,2022-04-29
0.7846,1.5846,1.08953587,0.0506159614,2022-05-05
0.7812,1.5812,1.08481446,-0.0043334183,2022-05-06
0.7937,1.5937,1.1021726,0.0160010241,2022-05-09
0.8058,1.6058,1.11897528,0.0152450548,2022-05-10
0.8101,1.6101,1.12494648,0.0053363117,2022-05-11
0.8257,1.6257,1.14660944,0.0192568819,2022-05-12
0.8285,1.6285,1.15049767,0.0033910621,2022-05-13
0.8103,1.6103,1.12522421,-0.021967411,2022-05-16
0.8133,1.6133,1.12939017,0.0037023325,2022-05-17
0.819,1.619,1.13730548,0.007008484,2022-05-18
0.8093,1.6093,1.12383556,-0.0118437118,2022-05-19
0.8225,1.6225,1.14216576,0.0163103917,2022-05-20
0.8229,1.6229,1.14272122,0.0004863222,2022-05-23
0.7634,1.5634,1.06009646,-0.0723052619,2022-05-24
0.7786,1.5786,1.08120396,0.0199109248,2022-05-25
0.7958,1.5958,1.10508877,0.0220909324,2022-05-26
0.7972,1.5972,1.10703288,0.001759236,2022-05-27
0.8026,1.6026,1.1145316,0.006773708,2022-05-30
0.8283,1.6283,1.15021994,0.032020932,2022-05-31
0.8262,1.6262,1.14730377,-0.0025353133,2022-06-01
0.8462,1.6462,1.1750768,0.0242072137,2022-06-02
0.8696,1.6696,1.20757124,0.0276530371,2022-06-06
0.859,1.659,1.19285154,-0.0121895124,2022-06-07
0.8669,1.6669,1.20382188,0.0091967404,2022-06-08
0.8333,1.6333,1.15716319,-0.0387587957,2022-06-09
0.848,1.648,1.17757637,0.0176407056,2022-06-10
0.8486,1.6486,1.17840956,0.0007075472,2022-06-13
0.8257,1.6257,1.14660944,-0.0269856234,2022-06-14
0.9068,1.7068,1.25922907,0.0982196924,2022-06-15
0.892,1.692,1.23867703,-0.0163211292,2022-06-16
0.8845,1.6845,1.22826215,-0.0084080717,2022-06-17
0.8957,1.6957,1.24381504,0.0126625212,2022-06-20
0.892,1.692,1.23867703,-0.0041308474,2022-06-21
0.8619,1.6619,1.19687862,-0.0337443946,2022-06-22
0.8944,1.6944,1.24200979,0.0377073906,2022-06-23
0.8986,1.6986,1.24784213,0.0046958855,2022-06-24
0.906,1.706,1.25811815,0.0082350323,2022-06-27
0.9242,1.7242,1.28339161,0.0200883002,2022-06-28
0.9397,1.7397,1.3049157,0.0167712616,2022-06-29
0.923,1.723,1.28172522,-0.0177716292,2022-06-30
0.9423,1.7423,1.3085262,0.0209100758,2022-07-01
0.9474,1.7474,1.31560832,0.0054122891,2022-07-04
0.918,1.718,1.27478197,-0.0310322989,2022-07-05
0.9191,1.7191,1.27630948,0.0011982571,2022-07-06
0.9206,1.7206,1.27839246,0.0016320313,2022-07-07
0.9115,1.7115,1.26575573,-0.0098848577,2022-07-08
0.8659,1.6659,1.20243323,-0.0500274273,2022-07-11
0.8813,1.6813,1.22381846,0.0177849636,2022-07-12
0.8783,1.6783,1.21965251,-0.0034040622,2022-07-13
0.887,1.687,1.23173377,0.0099054993,2022-07-14
0.862,1.662,1.19701749,-0.0281848929,2022-07-15
0.8873,1.6873,1.23215037,0.029350348,2022-07-18
0.9135,1.7135,1.26853304,0.0295277809,2022-07-19
0.9207,1.7207,1.27853133,0.0078817734,2022-07-20
0.9087,1.7087,1.26186751,-0.0130335614,2022-07-21
0.8886,1.6886,1.23395562,-0.0221195114,2022-07-22
0.8732,1.6732,1.21257038,-0.0173306325,2022-07-25
0.8865,1.6865,1.23103945,0.015231333,2022-07-26
0.8763,1.6763,1.2168752,-0.0115059222,2022-07-27
0.8873,1.6873,1.23215037,0.0125527787,2022-07-28
0.8561,1.6561,1.18882445,-0.0351628536,2022-07-29
0.8615,1.6615,1.19632316,0.0063076743,2022-08-01
0.8103,1.6103,1.12522421,-0.0594312246,2022-08-02
0.8202,1.6202,1.13897186,0.0122176971,2022-08-03
0.8368,1.6368,1.16202347,0.0202389661,2022-08-04
0.8968,1.6968,1.24534256,0.0717017208,2022-08-05
0.8958,1.6958,1.24395391,-0.0011150758,2022-08-08
0.8863,1.6863,1.23076172,-0.0106050458,2022-08-09
0.8797,1.6797,1.22159662,-0.0074466885,2022-08-10
0.9035,1.7035,1.25464652,0.0270546777,2022-08-11
0.8895,1.6895,1.2352054,-0.0154952961,2022-08-12
0.8736,1.6736,1.21312585,-0.0178752108,2022-08-15
0.8561,1.6561,1.18882445,-0.0200320513,2022-08-16
0.8644,1.6644,1.20035025,0.0096951291,2022-08-17
0.848,1.648,1.17757637,-0.0189726978,2022-08-18
0.8457,1.6457,1.17438247,-0.0027122642,2022-08-19
0.8442,1.6442,1.17229949,-0.0017736786,2022-08-22
0.8312,1.6312,1.15424703,-0.0153991945,2022-08-23
0.7918,1.5918,1.09953416,-0.0474013474,2022-08-24
0.7989,1.5989,1.10939359,0.0089669108,2022-08-25
0.7956,1.5956,1.10481104,-0.0041306797,2022-08-26
0.7903,1.5903,1.09745119,-0.006661639,2022-08-29
0.7769,1.5769,1.07884326,-0.0169555865,2022-08-30
0.7749,1.5749,1.07606595,-0.0025743339,2022-08-31
0.7734,1.5734,1.07398298,-0.0019357336,2022-09-01
0.7847,1.5847,1.08967474,0.0146108094,2022-09-02
0.7754,1.5754,1.07676028,-0.0118516631,2022-09-05
0.7831,1.5831,1.0874529,0.0099303585,2022-09-06
0.7833,1.5833,1.08773063,0.0002553952,2022-09-07
0.7689,1.5689,1.06773405,-0.018383761,2022-09-08
0.7801,1.5801,1.08328694,0.0145662635,2022-09-09
0.7933,1.5933,1.10161714,0.0169209076,2022-09-13
0.7846,1.5846,1.08953587,-0.0109668473,2022-09-14
0.7661,1.5661,1.06384582,-0.0235788937,2022-09-15
0.7562,1.5562,1.05009817,-0.012922595,2022-09-16
0.7092,1.5092,0.98483156,-0.0621528696,2022-09-19
0.712,1.512,0.98871978,0.0039481105,2022-09-20
0.7283,1.5283,1.0113548,0.0228932584,2022-09-21
0.7268,1.5268,1.00927182,-0.0020595908,2022-09-22
0.7103,1.5103,0.98635908,-0.0227022565,2022-09-23
0.6754,1.4754,0.93789514,-0.0491341687,2022-09-26
0.6962,1.4962,0.96677909,0.030796565,2022-09-27
0.6611,1.4611,0.91803743,-0.050416547,2022-09-28
0.6544,1.4544,0.90873346,-0.0101346241,2022-09-29
0.6498,1.4498,0.90234567,-0.0070293399,2022-09-30
0.6051,1.4051,0.84027295,-0.068790397,2022-10-10
0.6167,1.4167,0.85638131,0.0191703851,2022-10-11
0.6618,1.4618,0.91900948,0.0731311821,2022-10-12
0.6846,1.4846,0.95067073,0.0344514959,2022-10-13
0.6965,1.4965,0.96719569,0.0173824131,2022-10-14
0.7246,1.5246,1.00621679,0.04034458,2022-10-17
0.7153,1.5153,0.99330233,-0.0128346674,2022-10-18
0.706,1.506,0.98038787,-0.0130015378,2022-10-19
0.7164,1.5164,0.99482985,0.0147308782,2022-10-20
0.7102,1.5102,0.98622021,-0.008654383,2022-10-21
0.6891,1.4891,0.95691967,-0.0297099409,2022-10-24
0.675,1.475,0.93733968,-0.0204614715,2022-10-25
0.7325,1.5325,1.01718714,0.0851851852,2022-10-26
0.7431,1.5431,1.03190684,0.0144709898,2022-10-27
0.7077,1.5077,0.98274858,-0.0476382721,2022-10-28
0.7936,1.5936,1.10203373,0.1213791154,2022-10-31
0.8097,1.6097,1.12439102,0.0202872984,2022-11-01
0.8032,1.6032,1.11536479,-0.0080276646,2022-11-02
0.7771,1.5771,1.07912099,-0.0324950199,2022-11-03
0.7961,1.5961,1.10550536,0.0244498778,2022-11-04
0.7962,1.5962,1.10564423,0.0001256124,2022-11-07
0.7932,1.5932,1.10147827,-0.0037678975,2022-11-08
0.782,1.582,1.08592538,-0.0141200202,2022-11-09
0.786,1.586,1.09147998,0.0051150895,2022-11-10
0.8033,1.6033,1.11550365,0.0220101781,2022-11-11
0.8366,1.6366,1.16174574,0.0414540022,2022-11-14
0.8531,1.6531,1.18465849,0.0197226871,2022-11-15
0.8565,1.6565,1.18937991,0.0039854648,2022-11-16
0.888,1.688,1.23312243,0.0367775832,2022-11-17
0.8959,1.6959,1.24409277,0.0088963964,2022-11-18
0.915,1.715,1.27061601,0.0213193437,2022-11-21
0.8863,1.6863,1.23076172,-0.0313661202,2022-11-22
0.8641,1.6641,1.19993366,-0.0250479522,2022-11-23
0.8528,1.6528,1.1842419,-0.0130771901,2022-11-24
0.8491,1.6491,1.17910389,-0.0043386492,2022-11-25
0.8421,1.6421,1.16938333,-0.0082440231,2022-11-28
0.8572,1.6572,1.19035196,0.0179313621,2022-11-29
0.8527,1.6527,1.18410303,-0.00524965,2022-11-30
0.8873,1.6873,1.23215037,0.0405769907,2022-12-01
0.8973,1.6973,1.24603688,0.0112701454,2022-12-02
0.9331,1.7331,1.2957506,0.0398974702,2022-12-05
0.9169,1.7169,1.27325445,-0.0173614832,2022-12-06
0.9232,1.7232,1.28200295,0.0068709783,2022-12-07
0.8925,1.6925,1.23937136,-0.0332538995,2022-12-08
0.9032,1.7032,1.25422993,0.0119887955,2022-12-09
0.9313,1.7313,1.29325103,0.0311116032,2022-12-12
0.9069,1.7069,1.25936794,-0.0261999356,2022-12-13
0.9089,1.7089,1.26214524,0.0022053148,2022-12-14
0.908,1.708,1.26089545,-0.0009902079,2022-12-15
0.8856,1.6856,1.22978966,-0.0246696035,2022-12-16
0.8527,1.6527,1.18410303,-0.0371499548,2022-12-19
0.8365,1.6365,1.16160688,-0.0189984754,2022-12-20
0.8227,1.6227,1.14244349,-0.0164973102,2022-12-21
0.8151,1.6151,1.13188974,-0.0092378753,2022-12-22
0.8357,1.6357,1.16049596,0.0252729726,2022-12-23
0.8416,1.6416,1.168689,0.0070599497,2022-12-26
0.8448,1.6448,1.17313269,0.0038022814,2022-12-27
0.8375,1.6375,1.16299553,-0.0086410985,2022-12-28
0.8499,1.6499,1.18021481,0.0148059701,2022-12-29
0.8627,1.6627,1.19798955,0.0150605954,2022-12-30
0.9221,1.7221,1.28047544,0.0688535992,2023-01-03
1.0065,1.8065,1.39767761,0.0915302028,2023-01-04
1.091,1.891,1.51501866,0.0839542971,2023-01-05
1.0429,1.8429,1.44822452,-0.0440879927,2023-01-06
1.0369,1.8369,1.43989262,-0.0057531882,2023-01-09
1.0101,1.8101,1.40267676,-0.0258462725,2023-01-10
1.0163,1.8163,1.4112864,0.0061380061,2023-01-11
1.0231,1.8231,1.42072923,0.0066909377,2023-01-12
1.0319,1.8319,1.43294936,0.0086013097,2023-01-13
1.0542,1.8542,1.46391628,0.0216106212,2023-01-16
1.0673,1.8673,1.48210762,0.0124264845,2023-01-17
1.0726,1.8726,1.48946747,0.0049658016,2023-01-18
1.0857,1.8857,1.5076588,0.0122133134,2023-01-19
1.0864,1.8864,1.50863086,0.0006447453,2023-01-20
1.0878,1.8878,1.51057497,0.0012886598,2023-01-30
1.0614,1.8614,1.47391457,-0.0242691671,2023-01-31
1.0884,1.8884,1.51140816,0.0254381006,2023-02-01
1.0647,1.8647,1.47849712,-0.0217750827,2023-02-02
1.0838,1.8838,1.50502037,0.0179393256,2023-02-03
1.0812,1.8812,1.50140987,-0.0023989666,2023-02-06
1.1139,1.9139,1.54681877,0.0302441731,2023-02-07
1.0921,1.8921,1.51654617,-0.0195708771,2023-02-08
1.1692,1.9692,1.62361119,0.0705979306,2023-02-09
1.1502,1.9502,1.59722682,-0.0162504276,2023-02-10
1.2531,2.0531,1.74011904,0.0894627021,2023-02-13
1.237,2.037,1.71776176,-0.0128481366,2023-02-14
1.3282,2.1282,1.84440676,0.0737267583,2023-02-15
1.2723,2.0723,1.76678115,-0.0420870351,2023-02-16
1.1754,1.9754,1.63222083,-0.0761612827,2023-02-17
1.2477,2.0477,1.73262033,0.061510975,2023-02-20
1.2543,2.0543,1.74178543,0.0052897331,2023-02-21
1.2565,2.0565,1.74484046,0.0017539664,2023-02-22
1.1902,1.9902,1.65277287,-0.0527656188,2023-02-23
1.2165,2.0165,1.6892944,0.0220971265,2023-02-24
1.2535,2.0535,1.7406745,0.0304151254,2023-02-27
1.3199,2.1199,1.83288096,0.0529716793,2023-02-28
1.4143,2.2143,1.96396965,0.0715205697,2023-03-01
1.4016,2.2016,1.94633377,-0.0089797073,2023-03-02
1.3471,2.1471,1.87065227,-0.0388841324,2023-03-03
1.3467,2.1467,1.87009681,-0.0002969342,2023-03-06
1.2767,2.0767,1.77289122,-0.0519789114,2023-03-07
1.309,2.109,1.81774466,0.0252996005,2023-03-08
1.4037,2.2037,1.94924994,0.0723453018,2023-03-09
1.4016,2.2016,1.94633377,-0.0014960462,2023-03-10
1.4727,2.2727,2.04506689,0.0507277397,2023-03-13
1.4238,2.2238,1.97716183,-0.0332043186,2023-03-14
1.3779,2.1779,1.91342274,-0.0322376738,2023-03-15
1.3698,2.1698,1.90217466,-0.0058785108,2023-03-16
1.4296,2.2296,1.98521601,0.0436560082,2023-03-17
1.4273,2.2273,1.98202211,-0.0016088416,2023-03-20
1.4335,2.2335,1.99063175,0.004343866,2023-03-21
1.5222,2.3222,2.11380513,0.061876526,2023-03-22
1.6212,2.4212,2.25128162,0.0650374458,2023-03-23
1.6652,2.4652,2.31238228,0.0271403898,2023-03-24
1.6103,2.4103,2.23614532,-0.0329690127,2023-03-27
1.5968,2.3968,2.21739852,-0.008383531,2023-03-28
1.6466,2.4466,2.28655336,0.0311873747,2023-03-29
1.5679,2.3679,2.1772665,-0.0477954573,2023-03-30
1.6302,2.4302,2.26377948,0.039734677,2023-03-31
1.8437,2.6437,2.56025655,0.1309655257,2023-04-03
2.0319,2.8319,2.82160074,0.1020773445,2023-04-04
2.0501,2.8501,2.84687419,0.0089571337,2023-04-06
2.052,2.852,2.84951263,0.0009267841,2023-04-07
1.8474,2.6474,2.56539456,-0.0997076023,2023-04-10
2.0116,2.8116,2.79341112,0.0888816715,2023-04-11
2.0738,2.8738,2.87978523,0.0309206602,2023-04-12
1.9389,2.7389,2.69245616,-0.0650496673,2023-04-13
1.9559,2.7559,2.71606323,0.0087678581,2023-04-14
1.8932,2.6932,2.62899479,-0.0320568536,2023-04-17
1.9587,2.7587,2.71995146,0.0345975069,2023-04-18
1.9374,2.7374,2.69037318,-0.0108745597,2023-04-19
2.0795,2.8795,2.88770054,0.0733457211,2023-04-20
1.9094,2.7094,2.65149094,-0.0817985093,2023-04-21
1.9201,2.7201,2.66634951,0.0056038546,2023-04-24
1.866,2.666,2.59122347,-0.0281756159,2023-04-25
1.6787,2.4787,2.33112907,-0.100375134,2023-04-26
1.6264,2.4264,2.2585026,-0.0311550605,2023-04-27
1.7737,2.5737,2.46305095,0.0905681259,2023-04-28
1.7848,2.5848,2.47846498,0.0062581045,2023-05-04
1.6845,2.4845,2.33918325,-0.0561967727,2023-05-05
1.7605,2.5605,2.44472075,0.0451172455,2023-05-08
1.7315,2.5315,2.40444986,-0.016472593,2023-05-09
1.7056,2.5056,2.36848379,-0.0149581288,2023-05-10
1.6312,2.4312,2.26516813,-0.0436210131,2023-05-11
1.6051,2.4051,2.22892433,-0.0160004904,2023-05-12
1.6213,2.4213,2.25142048,0.0100928291,2023-05-15
1.5795,2.3795,2.19337485,-0.0257817801,2023-05-16
1.5983,2.3983,2.2194815,0.0119025008,2023-05-17
1.6871,2.4871,2.34279374,0.0555590315,2023-05-18
1.6396,2.4396,2.2768328,-0.0281548219,2023-05-19
1.703,2.503,2.3648733,0.0386679678,2023-05-22
1.6476,2.4476,2.28794201,-0.032530828,2023-05-23
1.6856,2.4856,2.34071077,0.0230638504,2023-05-24
1.754,2.554,2.43569452,0.0405790223,2023-05-25
1.8135,2.6135,2.51831928,0.0339224629,2023-05-26
1.8368,2.6368,2.55067485,0.0128480838,2023-05-29
1.9145,2.7145,2.65857307,0.0423018293,2023-05-30
1.9393,2.7393,2.69301162,0.0129537738,2023-05-31
1.9215,2.7215,2.66829363,-0.0091785696,2023-06-01
1.8957,2.6957,2.63246642,-0.0134270101,2023-06-02
1.9047,2.7047,2.64496428,0.0047475866,2023-06-05
1.8729,2.6729,2.60080517,-0.0166955426,2023-06-06
1.8923,2.6923,2.62774501,0.0103582679,2023-06-07
1.8559,2.6559,2.5771981,-0.0192358506,2023-06-08
1.9745,2.7745,2.74189215,0.0639043052,2023-06-09
1.9233,2.7233,2.6707932,-0.0259306153,2023-06-12
1.9576,2.7576,2.71842394,0.0178339313,2023-06-13
2.0143,2.8143,2.79716047,0.0289640376,2023-06-14
1.9771,2.7771,2.74550264,-0.0184679541,2023-06-15
2.0505,2.8505,2.84742965,0.0371250822,2023-06-16
2.1122,2.9122,2.93310944,0.0300902219,2023-06-19
2.1857,2.9857,3.03517532,0.0347978411,2023-06-20
2.0996,2.8996,2.91561244,-0.0393924143,2023-06-21
1.8968,2.6968,2.63399394,-0.0965898266,2023-06-26
1.9253,2.7253,2.6735705,0.0150253058,2023-06-27
1.7664,2.5664,2.4529138,-0.0825325923,2023-06-28
1.7679,2.5679,2.45499677,0.0008491848,2023-06-29
1.8005,2.6005,2.50026681,0.018439957,2023-06-30
1.8013,2.6013,2.50137773,0.000444321,2023-07-03
1.8007,2.6007,2.50054454,-0.0003330928,2023-07-04
1.7521,2.5521,2.43305608,-0.0269895041,2023-07-05
1.7628,2.5628,2.44791465,0.0061069574,2023-07-06
1.7033,2.5033,2.3652899,-0.03375312,2023-07-07
1.6715,2.4715,2.32113078,-0.0186696413,2023-07-10
1.6872,2.4872,2.34293261,0.009392761,2023-07-11
1.5943,2.3943,2.21392689,-0.0550616406,2023-07-12
1.6256,2.4256,2.25739168,0.0196324406,2023-07-13
1.6853,2.4853,2.34029417,0.0367249016,2023-07-14
1.6801,2.4801,2.33307318,-0.0030855041,2023-07-17
1.6216,2.4216,2.25183708,-0.034819356,2023-07-18
1.5999,2.3999,2.22170334,-0.0133818451,2023-07-19
1.5333,2.3333,2.12921916,-0.0416276017,2023-07-20
1.5183,2.3183,2.10838939,-0.0097828214,2023-07-21
1.5596,2.3596,2.16574069,0.0272014753,2023-07-24
1.5988,2.3988,2.22017583,0.0251346499,2023-07-25
1.5575,2.3575,2.16282452,-0.0258318739,2023-07-26
1.5318,2.3318,2.12713618,-0.0165008026,2023-07-27
1.5365,2.3365,2.13366284,0.0030682857,2023-07-28
1.5679,2.3679,2.1772665,0.020436056,2023-07-31
1.5732,2.3732,2.18462635,0.0033803176,2023-08-01
1.5599,2.3599,2.16615729,-0.0084541063,2023-08-02
1.5588,2.3588,2.16462977,-0.0007051734,2023-08-03
1.6249,2.4249,2.25641963,0.0424044137,2023-08-04
1.6225,2.4225,2.25308686,-0.001477014,2023-08-07
1.6093,2.4093,2.23475667,-0.0081355932,2023-08-08
1.5562,2.3562,2.16101928,-0.0329957124,2023-08-09
1.5458,2.3458,2.1465773,-0.0066829456,2023-08-10
1.4807,2.2807,2.0561761,-0.0421141157,2023-08-11
1.5223,2.3223,2.113944,0.02809482,2023-08-14
1.4893,2.2893,2.0681185,-0.0216777245,2023-08-15
1.4491,2.2491,2.01229471,-0.0269925468,2023-08-16
1.4562,2.2562,2.02215414,0.0048995929,2023-08-17
1.3982,2.1982,1.94161236,-0.0398296937,2023-08-18
1.3896,2.1896,1.92966996,-0.0061507653,2023-08-21
1.4515,2.2515,2.01562748,0.0445451929,2023-08-22
1.4188,2.2188,1.97021858,-0.0225284189,2023-08-23
1.4252,2.2252,1.97910595,0.0045108542,2023-08-24
1.3538,2.1538,1.87995624,-0.0500982318,2023-08-25
1.399,2.199,1.94272328,0.0333875018,2023-08-28
1.4804,2.2804,2.0557595,0.0581844174,2023-08-29
1.5063,2.3063,2.09172557,0.0174952715,2023-08-30
1.4903,2.2903,2.06950715,-0.010622054,2023-08-31
1.4626,2.2626,2.03104151,-0.0185868617,2023-09-01
1.5152,2.3152,2.10408457,0.0359633529,2023-09-04
1.4687,2.2687,2.03951228,-0.030689018,2023-09-05
1.4554,2.2554,2.02104322,-0.0090556274,2023-09-06
1.3992,2.1992,1.94300101,-0.0386148138,2023-09-07
1.3795,2.1795,1.91564458,-0.014079474,2023-09-08
1.4411,2.2411,2.0011855,0.0446538601,2023-09-11
1.4532,2.2532,2.01798818,0.0083963639,2023-09-12
1.3887,2.1887,1.92842017,-0.0443848059,2023-09-13
1.3745,2.1745,1.90870132,-0.0102253907,2023-09-14
1.3454,2.1454,1.86829157,-0.021171335,2023-09-15
1.3357,2.1357,1.85482165,-0.0072097517,2023-09-18
1.3007,2.1007,1.80621885,-0.0262034888,2023-09-19
1.2941,2.0941,1.79705375,-0.0050741908,2023-09-20
1.287,2.087,1.78719433,-0.0054864385,2023-09-21
1.366,2.166,1.89689778,0.0613830614,2023-09-22
1.2831,2.0831,1.78177859,-0.0606881406,2023-09-25
1.2879,2.0879,1.78844411,0.0037409399,2023-09-26
1.2855,2.0855,1.78511135,-0.0018634987,2023-09-27
1.2838,2.0838,1.78275064,-0.0013224426,2023-09-28
1.2817,2.0817,1.77983447,-0.0016357688,2023-10-09
1.2678,2.0678,1.76053222,-0.0108449715,2023-10-10
1.2914,2.0914,1.79330439,0.0186149235,2023-10-11
1.2756,2.0756,1.7713637,-0.012234784,2023-10-12
1.2397,2.0397,1.72151112,-0.0281436187,2023-10-13
1.2085,2.0085,1.67818519,-0.0251673792,2023-10-16
1.2041,2.0041,1.67207513,-0.0036408771,2023-10-17
1.1287,1.9287,1.56737081,-0.0626193838,2023-10-18
1.0998,1.8998,1.52723879,-0.0256046779,2023-10-19
1.056,1.856,1.46641586,-0.0398254228,2023-10-20
1.0037,1.8037,1.39378939,-0.0495265152,2023-10-23
1.0264,1.8264,1.42531178,0.0226163196,2023-10-24
1.0419,1.8419,1.44683587,0.015101325,2023-10-25
1.0569,1.8569,1.46766564,0.0143967751,2023-10-26
1.064,1.864,1.47752507,0.0067177595,2023-10-27
1.078,1.878,1.49696619,0.0131578947,2023-10-30
1.0653,1.8653,1.47933031,-0.0117810761,2023-10-31
1.0551,1.8551,1.46516607,-0.0095747677,2023-11-01
1.0381,1.8381,1.441559,-0.0161122169,2023-11-02
1.0703,1.8703,1.48627357,0.0310182063,2023-11-03
1.1136,1.9136,1.54640218,0.0404559469,2023-11-06
1.1293,1.9293,1.568204,0.0140984195,2023-11-07
1.1343,1.9343,1.57514726,0.0044275215,2023-11-08
1.1781,1.9781,1.63597019,0.0386141232,2023-11-09
1.1366,1.9366,1.57834116,-0.0352262117,2023-11-10
1.1651,1.9651,1.61791772,0.0250747844,2023-11-13
1.177,1.977,1.63444267,0.0102137156,2023-11-14
1.1766,1.9766,1.63388721,-0.0003398471,2023-11-15
1.1554,1.9554,1.6044478,-0.018018018,2023-11-16
1.1604,1.9604,1.61139106,0.0043275056,2023-11-17
1.2153,2.0153,1.68762802,0.047311272,2023-11-20
1.1781,1.9781,1.63597019,-0.030609726,2023-11-21
1.1547,1.9547,1.60347575,-0.0198624905,2023-11-22
1.1677,1.9677,1.62152822,0.0112583355,2023-11-23
1.1231,1.9231,1.55959436,-0.0381947418,2023-11-24
1.1083,1.9083,1.53904232,-0.0131778114,2023-11-27
1.1159,1.9159,1.54959607,0.0068573491,2023-11-28
1.0768,1.8768,1.49529981,-0.035038982,2023-11-29
1.07,1.87,1.48585698,-0.0063150074,2023-11-30
1.1198,1.9198,1.55501182,0.0465420561,2023-12-01
1.1175,1.9175,1.55181792,-0.0020539382,2023-12-04
1.0341,1.8341,1.43600439,-0.0746308725,2023-12-05
1.034,1.834,1.43586553,-9.67024e-05,2023-12-06
1.0622,1.8622,1.4750255,0.0272727273,2023-12-07
1.1091,1.9091,1.54015325,0.0441536434,2023-12-08
1.1198,1.9198,1.55501182,0.0096474619,2023-12-11
1.1406,1.9406,1.58389576,0.0185747455,2023-12-12
1.117,1.917,1.55112359,-0.0206908645,2023-12-13
1.1093,1.9093,1.54043098,-0.0068934646,2023-12-14
1.0843,1.8843,1.50571469,-0.0225367349,2023-12-15
1.0519,1.8519,1.46072239,-0.0298810292,2023-12-18
1.0568,1.8568,1.46752678,0.0046582375,2023-12-19
0.9863,1.7863,1.36962686,-0.0667108251,2023-12-20
1.0038,1.8038,1.39392825,0.0177430802,2023-12-21
0.9593,1.7593,1.33213327,-0.0443315401,2023-12-22
0.9664,1.7664,1.34199269,0.0074012301,2023-12-25
0.9156,1.7156,1.2714492,-0.0525662252,2023-12-26
0.9299,1.7299,1.29130692,0.0156181739,2023-12-27
0.9973,1.7973,1.38490202,0.0724809119,2023-12-28
1.0302,1.8302,1.43058865,0.0329890705,2023-12-29
0.985,1.785,1.36782161,-0.0438749757,2024-01-02
0.9654,1.7654,1.34060404,-0.0198984772,2024-01-03
0.9442,1.7442,1.31116463,-0.0219598094,2024-01-04
0.9045,1.7045,1.25603517,-0.0420461767,2024-01-05
0.8614,1.6614,1.1961843,-0.0476506357,2024-01-08
0.8579,1.6579,1.19132402,-0.004063153,2024-01-09
0.8364,1.6364,1.16146801,-0.0250611959,2024-01-10
0.8751,1.6751,1.21520882,0.0462697274,2024-01-11
0.8508,1.6508,1.18146459,-0.0277682551,2024-01-12
0.8392,1.6392,1.16535624,-0.0136342266,2024-01-15
0.8357,1.6357,1.16049596,-0.0041706387,2024-01-16
0.7895,1.5895,1.09634026,-0.0552829963,2024-01-17
0.8086,1.6086,1.12286351,0.0241925269,2024-01-18
0.7992,1.5992,1.10981018,-0.0116250309,2024-01-19
0.7289,1.5289,1.01218799,-0.087962963,2024-01-22
0.7742,1.5742,1.0750939,0.0621484429,2024-01-23
0.7936,1.5936,1.10203373,0.0250581245,2024-01-24
0.8713,1.6713,1.20993195,0.0979082661,2024-01-25
0.874,1.674,1.21368131,0.0030988179,2024-01-26
0.8303,1.6303,1.15299724,-0.05,2024-01-29
0.7736,1.5736,1.07426071,-0.0682885704,2024-01-30
0.7175,1.5175,0.99635736,-0.0725180972,2024-01-31
0.714,1.514,0.99149709,-0.0048780488,2024-02-01
0.6695,1.4695,0.9297021,-0.06232493,2024-02-02
0.6133,1.4133,0.85165989,-0.0839432412,2024-02-05
0.7229,1.5229,1.00385608,0.1787053644,2024-02-06
0.7565,1.5565,1.05051477,0.0464794577,2024-02-07
0.8039,1.6039,1.11633684,0.0626569729,2024-02-08
0.8745,1.6745,1.21437563,0.0878218684,2024-02-19
0.875,1.675,1.21506996,0.0005717553,2024-02-20
0.8914,1.6914,1.23784384,0.0187428571,2024-02-21
1.0117,1.8117,1.4048986,0.1349562486,2024-02-22
1.0381,1.8381,1.441559,0.0260946921,2024-02-23
1.0372,1.8372,1.44030921,-0.0008669685,2024-02-26
1.1246,1.9246,1.56167734,0.0842653297,2024-02-27
1.0365,1.8365,1.43933716,-0.078338965,2024-02-28
1.1529,1.9529,1.60097618,0.112301013,2024-02-29
1.256,2.056,1.74414613,0.0894266632,2024-03-01
1.3157,2.1157,1.82704862,0.0475318471,2024-03-04
1.2749,2.0749,1.77039164,-0.0310101087,2024-03-05
1.2649,2.0649,1.75650513,-0.0078437525,2024-03-06
1.2576,2.0576,1.74636798,-0.0057712072,2024-03-07
1.2863,2.0863,1.78622227,0.0228212468,2024-03-08
1.2824,2.0824,1.78080653,-0.0030319521,2024-03-11
1.2489,2.0489,1.73428671,-0.0261228946,2024-03-12
1.2107,2.0107,1.68124023,-0.0305869165,2024-03-13
1.2061,2.0061,1.67485243,-0.0037994549,2024-03-14
1.2048,2.0048,1.67304718,-0.0010778542,2024-03-15
1.2475,2.0475,1.7323426,0.0354415671,2024-03-18
1.212,2.012,1.68304547,-0.0284569138,2024-03-19
1.2222,2.0222,1.69720972,0.0084158416,2024-03-20
1.1974,1.9974,1.66277116,-0.020291278,2024-03-21
1.1985,1.9985,1.66429868,0.0009186571,2024-03-22
1.1379,1.9379,1.5801464,-0.050563204,2024-03-25
1.093,1.893,1.51779596,-0.0394586519,2024-03-26
0.9985,1.7985,1.3865684,-0.0864592864,2024-03-27
1.0656,1.8656,1.47974691,0.0672008012,2024-03-28
1.0515,1.8515,1.46016693,-0.013231982,2024-03-29
1.0836,1.8836,1.50474264,0.0305278174,2024-04-01
1.0434,1.8434,1.44891885,-0.0370985604,2024-04-02
1.0008,1.8008,1.3897623,-0.0408280621,2024-04-03
0.9749,1.7749,1.35379623,-0.0258792966,2024-04-08
0.968,1.768,1.34421454,-0.007077649,2024-04-09
0.9225,1.7225,1.2810309,-0.0470041322,2024-04-10
0.9487,1.7487,1.31741356,0.028401084,2024-04-11
0.9264,1.7264,1.28644664,-0.0235058501,2024-04-12
0.9525,1.7525,1.32269044,0.0281735751,2024-04-15
0.8935,1.6935,1.24076001,-0.0619422572,2024-04-16
0.9658,1.7658,1.3411595,0.0809177392,2024-04-17
0.9611,1.7611,1.33463284,-0.004866432,2024-04-18
0.9232,1.7232,1.28200295,-0.0394339819,2024-04-19
0.9095,1.7095,1.26297843,-0.014839688,2024-04-22
0.8956,1.6956,1.24367618,-0.0152831226,2024-04-23
0.9419,1.7419,1.30797073,0.0516971862,2024-04-24
0.9211,1.7211,1.27908679,-0.0220830237,2024-04-25
0.978,1.778,1.35810105,0.0617739659,2024-04-26
1.0324,1.8324,1.43364368,0.0556237219,2024-04-29
1.0166,1.8166,1.41170299,-0.0153041457,2024-04-30
1.0359,1.8359,1.43850396,0.0189848515,2024-05-06
1.0262,1.8262,1.42503405,-0.0093638382,2024-05-07
0.9771,1.7771,1.35685126,-0.0478464237,2024-05-08
1.0038,1.8038,1.39392825,0.0273257599,2024-05-09
0.9771,1.7771,1.35685126,-0.0265989241,2024-05-10
0.9506,1.7506,1.320052,-0.0271210726,2024-05-13
0.9667,1.7667,1.34240929,0.0169366716,2024-05-14
0.9502,1.7502,1.31949654,-0.017068377,2024-05-15
1.0257,1.8257,1.42433972,0.0794569564,2024-05-16
1.0361,1.8361,1.43878169,0.010139417,2024-05-17
1.0667,1.8667,1.48127443,0.0295338288,2024-05-20
1.0778,1.8778,1.49668846,0.0104059248,2024-05-21
1.1165,1.9165,1.55042927,0.0359064762,2024-05-22
1.1099,1.9099,1.54126417,-0.00591133,2024-05-23
1.0438,1.8438,1.44947431,-0.0595549149,2024-05-24
1.0739,1.8739,1.49127272,0.0288369419,2024-05-27
1.0197,1.8197,1.41600781,-0.0504702486,2024-05-28
1.012,1.812,1.4053152,-0.0075512406,2024-05-29
1.0041,1.8041,1.39434485,-0.0078063241,2024-05-30
1.0188,1.8188,1.41475803,0.0146399761,2024-05-31
1.0125,1.8125,1.40600952,-0.0061837456,2024-06-03
1.0173,1.8173,1.41267505,0.0047407407,2024-06-04
1.002,1.802,1.39142868,-0.0150398113,2024-06-05
1.0045,1.8045,1.39490031,0.00249501,2024-06-06
1.0159,1.8159,1.41073094,0.0113489298,2024-06-07
1.0303,1.8303,1.43072752,0.0141746235,2024-06-11
1.0259,1.8259,1.42461745,-0.0042706008,2024-06-12
1.0419,1.8419,1.44683587,0.015596062,2024-06-13
1.0329,1.8329,1.43433801,-0.0086380651,2024-06-14
1.0045,1.8045,1.39490031,-0.0274954013,2024-06-17
1.064,1.864,1.47752507,0.0592334495,2024-06-18
1.0586,1.8586,1.47002635,-0.005075188,2024-06-19
0.9921,1.7921,1.37768103,-0.0628188173,2024-06-20
0.9993,1.7993,1.38767932,0.0072573329,2024-06-21
0.9261,1.7261,1.28603004,-0.0732512759,2024-06-24
0.8876,1.6876,1.23256696,-0.0415721844,2024-06-25
0.9576,1.7576,1.32977256,0.0788643533,2024-06-26
0.9238,1.7238,1.28283614,-0.0352965748,2024-06-27
0.9435,1.7435,1.31019258,0.0213249621,2024-06-28
0.9738,1.7738,1.35226871,0.0321144674,2024-07-01
0.9633,1.7633,1.33768787,-0.0107825015,2024-07-02
0.9434,1.7434,1.31005371,-0.0206581543,2024-07-03
0.9052,1.7052,1.25700723,-0.040491838,2024-07-04
0.9162,1.7162,1.27228239,0.0121520106,2024-07-05
0.8714,1.6714,1.21007081,-0.0488976206,2024-07-08
0.9299,1.7299,1.29130692,0.0671333486,2024-07-09
0.9261,1.7261,1.28603004,-0.0040864609,2024-07-10
0.9581,1.7581,1.33046689,0.0345535039,2024-07-11
0.9323,1.7323,1.29463968,-0.0269282956,2024-07-12
0.9248,1.7248,1.2842248,-0.0080446208,2024-07-15
1.0191,1.8191,1.41517462,0.1019679931,2024-07-16
1.042,1.842,1.44697474,0.0224708076,2024-07-17
1.034,1.834,1.43586553,-0.0076775432,2024-07-18
1.0577,1.8577,1.46877656,0.0229206963,2024-07-19
1.0492,1.8492,1.45697303,-0.0080363052,2024-07-22
0.9819,1.7819,1.36351679,-0.0641441098,2024-07-23
0.9483,1.7483,1.3168581,-0.0342193706,2024-07-24
0.9509,1.7509,1.3204686,0.0027417484,2024-07-25
0.9612,1.7612,1.33477171,0.0108318435,2024-07-26
1.0023,1.8023,1.39184528,0.0427590512,2024-07-31
0.9341,1.7341,1.29713925,-0.0680435,2024-08-02
0.824,1.624,1.14424874,-0.117867466,2024-08-09
0.8208,1.6208,1.13980505,-0.0038834951,2024-08-16
0.7639,1.5639,1.06079079,-0.0693226121,2024-08-23
0.7804,1.5804,1.08370354,0.0215996858,2024-08-30
0.714,1.514,0.99149709,-0.085084572,2024-09-06
0.674,1.474,0.93595103,-0.056022409,2024-09-13
0.725,1.525,1.00677225,0.0756676558,2024-09-20
1.0424,1.8424,1.4475302,0.4377931034,2024-09-27
1.2667,2.0667,1.7590047,0.2151765157,2024-09-30
1.1361,1.9361,1.57764683,-0.1031025499,2024-10-11
1.225,2.025,1.70109794,0.078250154,2024-10-18
1.2516,2.0516,1.73803607,0.0217142857,2024-10-25
1.3545,2.1545,1.88092829,0.0822147651,2024-10-31
1.2475,2.0475,1.7323426,-0.0789959395,2024-11-01
1.4721,2.2721,2.0442337,0.1800400802,2024-11-08
1.34,2.14,1.86079285,-0.0897357516,2024-11-15
1.2351,2.0351,1.71512332,-0.0782835821,2024-11-22
1.2706,2.0706,1.76442044,0.0287426119,2024-11-29
1.3245,2.1245,1.83926875,0.0424209035,2024-12-06
1.2726,2.0726,1.76719775,-0.039184598,2024-12-13
1.373,2.173,1.90661834,0.0788936036,2024-12-20
1.4115,2.2115,1.96008142,0.0280407866,2024-12-27
1.3264,2.1264,1.84190719,-0.0602904711,2024-12-31
1.13,1.93,1.56917606,-0.1480699638,2025-01-03
1.0946,1.8946,1.5200178,-0.0313274336,2025-01-10
1.1427,1.9427,1.58681193,0.0439429929,2025-01-17
1.2164,2.0164,1.68915554,0.0644963683,2025-01-24
1.1621,1.9621,1.61375177,-0.0446399211,2025-01-27
1.3165,2.1165,1.82815954,0.1328629206,2025-02-07
1.4441,2.2441,2.00535146,0.0969236612,2025-02-14
1.5158,2.3158,2.10491776,0.0496503012,2025-02-21
1.3716,2.1716,1.90467423,-0.0951312838,2025-02-28
1.4109,2.2109,1.95924823,0.0286526684,2025-03-07
1.412,2.212,1.96077575,0.0007796442,2025-03-14
1.2813,2.0813,1.77927901,-0.0925637394,2025-03-21
1.258,2.058,1.74692344,-0.0181846562,2025-03-28
1.2491,2.0491,1.73456444,-0.0070747218,2025-03-31
1.2447,2.0447,1.72845437,-0.0035225362,2025-04-03
1.1336,1.9336,1.5741752,-0.0892584559,2025-04-11
1.1188,1.9188,1.55362316,-0.0130557516,2025-04-18
1.1447,1.9447,1.58958923,0.0231498034,2025-04-25
1.1181,1.9181,1.55265111,-0.0232375295,2025-04-30
1.1356,1.9356,1.57695251,0.0156515517,2025-05-09
1.1075,1.9075,1.5379314,-0.0247446284,2025-05-16
1.0658,1.8658,1.48002464,-0.0376523702,2025-05-23
1.0879,1.8879,1.51071384,0.0207355977,2025-05-30
1.1315,1.9315,1.57125904,0.040077213,2025-06-06
1.0537,1.8537,1.46322196,-0.0687582855,2025-06-13
1.0241,1.8241,1.42211788,-0.0280914871,2025-06-20
1.0968,1.8968,1.52307283,0.0709891612,2025-06-27
1.1142,1.9142,1.54723537,0.0158643326,2025-06-30
1.0953,1.8953,1.52098986,-0.0169628433,2025-07-04
1.1516,1.9516,1.59917093,0.0514014425,2025-07-11
1.1862,1.9862,1.64721827,0.0300451546,2025-07-18
1.2552,2.0552,1.74303521,0.0581689428,2025-07-25
1.2637,2.0637,1.75483875,0.0067718292,2025-07-31
1.2854,2.0854,1.78497248,0.0171717971,2025-08-01
1.2279,2.0279,1.70512503,-0.044733157,2025-08-08
1.3598,2.1598,1.88828815,0.1074191709,2025-08-15
1.4749,2.2749,2.04812192,0.0846448007,2025-08-22
1.422,2.222,1.97466226,-0.0358668384,2025-08-29
1.3995,2.1995,1.94341761,-0.0158227848,2025-09-05
1.4544,2.2544,2.01965457,0.0392282958,2025-09-12
1.4466,2.2466,2.00882309,-0.0053630363,2025-09-19
1.4319,2.2319,1.98840991,-0.0101617586,2025-09-26
1.454,2.254,2.01909911,0.0154340387,2025-09-30
1.4271,2.2271,1.98174438,-0.0185006878,2025-10-10
1.3001,2.1001,1.80538566,-0.0889916614,2025-10-17
1.3589,2.1589,1.88703836,0.0452272902,2025-10-24
1.3019,2.1019,1.80788523,-0.0419456914,2025-10-31
1.2628,2.0628,1.75358896,-0.0300330287,2025-11-07
1.2312,2.0312,1.70970758,-0.0250237567,2025-11-14
1.1635,1.9635,1.61569588,-0.0549870045,2025-11-21
1.2842,2.0842,1.7833061,0.1037387194,2025-11-28
1.246,2.046,1.73025962,-0.0297461455,2025-12-05
1.2439,2.0439,1.72734345,-0.0016853933,2025-12-12
1.2242,2.0242,1.69998702,-0.015837286,2025-12-19
1.2471,2.0471,1.73178714,0.0187060938,2025-12-26
1.2468,2.0468,1.73137054,-0.0002405581,2025-12-31
1.3398,2.1398,1.86051512,0.0745909528,2026-01-09
1.3559,2.1559,1.88287241,0.0120167189,2026-01-16
1.3543,2.1543,1.88065056,-0.001180028,2026-01-23
1.254,2.054,1.74136883,-0.0740604002,2026-01-30
1.2298,2.0298,1.70776347,-0.0192982456,2026-02-06
1.334,2.134,1.85246094,0.0847292243,2026-02-13
1.2786,2.0786,1.77552965,-0.0415292354,2026-02-27
1.1946,1.9946,1.65888294,-0.0656968559,2026-03-06
1.2387,2.0387,1.72012246,0.0369161226,2026-03-13
1.2019,2.0019,1.66902009,-0.0297085654,2026-03-20
1.1313,1.9313,1.57098131,-0.0587403278,2026-03-27
1.1306,1.9306,1.57000925,-0.0006187572,2026-04-03
1.1949,1.9949,1.65929953,0.0568724571,2026-04-10
1.2328,2.0328,1.71192942,0.0317181354,2026-04-17
1.3259,2.1259,1.84121286,0.0755191434,2026-04-24
1.3567,2.1567,1.88398333,0.0232295045,2026-04-30
1.4188,2.2188,1.97021858,0.0457728311,2026-05-08
1.3269,2.1269,1.84260152,-0.0647730476,2026-05-15
1.2101,2.0101,1.68040703,-0.0880247193,2026-05-22
