nav,cumulative_nav_withdrawal,cumulative_nav,price_change,price_date
1.081,1.081,1.081,0.0,2014-11-03
1.0,1.0,1.0,-0.0749306198,2014-11-04
1.0,1.0,1.0,0.0,2014-11-05
1.0,1.0,1.0,0.0,2014-11-06
1.0,1.0,1.0,0.0,2014-11-07
1.0,1.0,1.0,0.0,2014-11-10
1.0,1.0,1.0,0.0,2014-11-11
1.0,1.0,1.0,0.0,2014-11-12
1.0,1.0,1.0,0.0,2014-11-13
1.0,1.0,1.0,0.0,2014-11-14
1.0,1.0,1.0,0.0,2014-11-18
1.0,1.0,1.0,0.0,2014-11-19
1.0,1.0,1.0,0.0,2014-11-20
1.0,1.0,1.0,0.0,2014-11-21
0.999,0.999,0.999,-0.001,2014-11-24
0.999,0.999,0.999,0.0,2014-11-25
0.999,0.999,0.999,0.0,2014-11-26
0.999,0.999,0.999,0.0,2014-11-27
0.997,0.997,0.997,-0.002002002,2014-11-28
0.995,0.995,0.995,-0.0020060181,2014-12-01
0.997,0.997,0.997,0.0020100503,2014-12-02
1.0,1.0,1.0,0.0030090271,2014-12-03
0.991,0.991,0.991,-0.009,2014-12-05
0.991,0.991,0.991,0.0,2014-12-08
0.989,0.989,0.989,-0.0020181635,2014-12-09
0.993,0.993,0.993,0.0040444894,2014-12-10
0.994,0.994,0.994,0.0010070493,2014-12-11
0.993,0.993,0.993,-0.0010060362,2014-12-12
0.992,0.992,0.992,-0.0010070493,2014-12-15
0.989,0.989,0.989,-0.0030241935,2014-12-16
0.987,0.987,0.987,-0.0020222447,2014-12-17
0.988,0.988,0.988,0.0010131712,2014-12-18
0.988,0.988,0.988,0.0,2014-12-19
0.986,0.986,0.986,-0.0020242915,2014-12-22
0.986,0.986,0.986,0.0,2014-12-23
0.988,0.988,0.988,0.0020283976,2014-12-24
0.991,0.991,0.991,0.0030364372,2014-12-25
0.991,0.991,0.991,0.0,2014-12-26
0.989,0.989,0.989,-0.0020181635,2014-12-29
0.987,0.987,0.987,-0.0020222447,2014-12-30
0.987,0.987,0.987,0.0,2014-12-31
0.989,0.989,0.989,0.0020263425,2015-01-05
0.991,0.991,0.991,0.0020222447,2015-01-06
0.993,0.993,0.993,0.0020181635,2015-01-07
0.992,0.992,0.992,-0.0010070493,2015-01-08
0.99,0.99,0.99,-0.002016129,2015-01-09
0.988,0.988,0.988,-0.002020202,2015-01-12
0.991,0.991,0.991,0.0030364372,2015-01-13
0.99,0.99,0.99,-0.0010090817,2015-01-14
0.992,0.992,0.992,0.002020202,2015-01-15
0.994,0.994,0.994,0.002016129,2015-01-16
0.989,0.989,0.989,-0.0050301811,2015-01-19
0.996,0.996,0.996,0.0070778564,2015-01-20
1.001,1.001,1.001,0.0050200803,2015-01-21
1.006,1.006,1.006,0.004995005,2015-01-22
1.007,1.007,1.007,0.0009940358,2015-01-23
1.013,1.013,1.013,0.005958292,2015-01-26
1.015,1.015,1.015,0.0019743337,2015-01-27
1.016,1.016,1.016,0.0009852217,2015-01-28
1.019,1.019,1.019,0.0029527559,2015-01-29
1.015,1.015,1.015,-0.0039254171,2015-01-30
1.018,1.018,1.018,0.002955665,2015-02-02
1.02,1.02,1.02,0.0019646365,2015-02-03
1.022,1.022,1.022,0.0019607843,2015-02-04
1.022,1.022,1.022,0.0,2015-02-05
1.017,1.017,1.017,-0.0048923679,2015-02-06
1.017,1.017,1.017,0.0,2015-02-09
1.013,1.013,1.013,-0.0039331367,2015-02-10
1.015,1.015,1.015,0.0019743337,2015-02-11
1.014,1.014,1.014,-0.0009852217,2015-02-12
1.017,1.017,1.017,0.0029585799,2015-02-13
1.022,1.022,1.022,0.0049164208,2015-02-16
1.024,1.024,1.024,0.0019569472,2015-02-17
1.023,1.023,1.023,-0.0009765625,2015-02-25
1.027,1.027,1.027,0.0039100684,2015-02-26
1.028,1.028,1.028,0.0009737098,2015-02-27
1.033,1.033,1.033,0.0048638132,2015-03-02
1.031,1.031,1.031,-0.0019361084,2015-03-03
1.033,1.033,1.033,0.0019398642,2015-03-04
1.037,1.037,1.037,0.0038722168,2015-03-05
1.036,1.036,1.036,-0.0009643202,2015-03-06
1.035,1.035,1.035,-0.000965251,2015-03-09
1.035,1.035,1.035,0.0,2015-03-10
1.035,1.035,1.035,0.0,2015-03-11
1.035,1.035,1.035,0.0,2015-03-12
1.036,1.036,1.036,0.0009661836,2015-03-13
1.041,1.041,1.041,0.0048262548,2015-03-16
1.043,1.043,1.043,0.0019212296,2015-03-17
1.046,1.046,1.046,0.0028763183,2015-03-18
1.046,1.046,1.046,0.0,2015-03-19
1.051,1.051,1.051,0.0047801147,2015-03-20
1.067,1.067,1.067,0.0152235966,2015-03-23
1.069,1.069,1.069,0.0018744142,2015-03-24
1.066,1.066,1.066,-0.0028063611,2015-03-25
1.059,1.059,1.059,-0.0065666041,2015-03-26
1.06,1.06,1.06,0.0009442871,2015-03-27
1.059,1.059,1.059,-0.0009433962,2015-03-30
1.046,1.046,1.046,-0.0122757318,2015-03-31
1.057,1.057,1.057,0.0105162524,2015-04-01
1.067,1.067,1.067,0.0094607379,2015-04-02
1.074,1.074,1.074,0.0065604499,2015-04-03
1.08,1.08,1.08,0.0055865922,2015-04-07
1.072,1.072,1.072,-0.0074074074,2015-04-08
1.063,1.063,1.063,-0.0083955224,2015-04-09
1.075,1.075,1.075,0.0112888053,2015-04-10
1.091,1.091,1.091,0.0148837209,2015-04-13
1.087,1.087,1.087,-0.0036663611,2015-04-14
1.084,1.084,1.084,-0.0027598896,2015-04-15
1.083,1.083,1.083,-0.0009225092,2015-04-16
1.084,1.084,1.084,0.000923361,2015-04-17
1.085,1.085,1.085,0.0009225092,2015-04-20
1.083,1.083,1.083,-0.001843318,2015-04-21
1.084,1.084,1.084,0.000923361,2015-04-22
1.083,1.083,1.083,-0.0009225092,2015-04-23
1.083,1.083,1.083,0.0,2015-04-24
1.082,1.082,1.082,-0.000923361,2015-04-27
1.084,1.084,1.084,0.0018484288,2015-04-28
1.085,1.085,1.085,0.0009225092,2015-04-29
1.077,1.077,1.077,-0.0073732719,2015-04-30
1.074,1.074,1.074,-0.0027855153,2015-05-04
1.073,1.073,1.073,-0.0009310987,2015-05-05
1.073,1.073,1.073,0.0,2015-05-06
1.07,1.07,1.07,-0.0027958993,2015-05-07
1.07,1.07,1.07,0.0,2015-05-08
1.071,1.071,1.071,0.0009345794,2015-05-11
1.071,1.071,1.071,0.0,2015-05-12
1.071,1.071,1.071,0.0,2015-05-13
1.073,1.073,1.073,0.0018674136,2015-05-14
1.074,1.074,1.074,0.0009319664,2015-05-15
1.075,1.075,1.075,0.0009310987,2015-05-18
1.077,1.077,1.077,0.0018604651,2015-05-19
1.075,1.075,1.075,-0.0018570102,2015-05-20
1.08,1.08,1.08,0.0046511628,2015-05-21
1.086,1.086,1.086,0.0055555556,2015-05-22
1.095,1.095,1.095,0.0082872928,2015-05-25
1.101,1.101,1.101,0.0054794521,2015-05-26
1.101,1.101,1.101,0.0,2015-05-27
1.099,1.099,1.099,-0.0018165304,2015-05-28
1.099,1.099,1.099,0.0,2015-05-29
1.106,1.106,1.106,0.0063694268,2015-06-01
1.116,1.116,1.116,0.0090415913,2015-06-02
1.115,1.115,1.115,-0.0008960573,2015-06-03
1.117,1.117,1.117,0.001793722,2015-06-04
1.119,1.119,1.119,0.0017905103,2015-06-05
1.125,1.125,1.125,0.0053619303,2015-06-08
1.128,1.128,1.128,0.0026666667,2015-06-09
1.136,1.136,1.136,0.0070921986,2015-06-10
1.145,1.145,1.145,0.0079225352,2015-06-11
1.15,1.15,1.15,0.0043668122,2015-06-12
1.153,1.153,1.153,0.0026086957,2015-06-15
1.148,1.148,1.148,-0.0043365134,2015-06-16
1.148,1.148,1.148,0.0,2015-06-17
1.136,1.136,1.136,-0.0104529617,2015-06-18
1.108,1.108,1.108,-0.0246478873,2015-06-19
1.113,1.113,1.113,0.0045126354,2015-06-23
1.12,1.12,1.12,0.0062893082,2015-06-24
1.112,1.112,1.112,-0.0071428571,2015-06-25
1.106,1.106,1.106,-0.0053956835,2015-06-26
1.105,1.105,1.105,-0.0009041591,2015-06-29
1.11,1.11,1.11,0.0045248869,2015-06-30
1.104,1.104,1.104,-0.0054054054,2015-07-01
1.104,1.104,1.104,0.0,2015-07-02
1.104,1.104,1.104,0.0,2015-07-03
1.104,1.104,1.104,0.0,2015-07-06
1.103,1.103,1.103,-0.0009057971,2015-07-07
1.102,1.102,1.102,-0.0009066183,2015-07-08
1.102,1.102,1.102,0.0,2015-07-09
1.102,1.102,1.102,0.0,2015-07-10
1.102,1.102,1.102,0.0,2015-07-13
1.102,1.102,1.102,0.0,2015-07-14
1.102,1.102,1.102,0.0,2015-07-15
1.102,1.102,1.102,0.0,2015-07-16
1.102,1.102,1.102,0.0,2015-07-17
1.102,1.102,1.102,0.0,2015-07-20
1.101,1.101,1.101,-0.000907441,2015-07-21
1.099,1.099,1.099,-0.0018165304,2015-07-22
1.098,1.098,1.098,-0.0009099181,2015-07-23
1.098,1.098,1.098,0.0,2015-07-24
1.097,1.097,1.097,-0.0009107468,2015-07-27
1.097,1.097,1.097,0.0,2015-07-28
1.098,1.098,1.098,0.000911577,2015-07-29
1.096,1.096,1.096,-0.0018214936,2015-07-30
1.095,1.095,1.095,-0.0009124088,2015-07-31
1.093,1.093,1.093,-0.001826484,2015-08-03
1.093,1.093,1.093,0.0,2015-08-04
1.093,1.093,1.093,0.0,2015-08-05
1.093,1.093,1.093,0.0,2015-08-06
1.093,1.093,1.093,0.0,2015-08-07
1.093,1.093,1.093,0.0,2015-08-10
1.095,1.095,1.095,0.0018298262,2015-08-11
1.094,1.094,1.094,-0.000913242,2015-08-12
1.095,1.095,1.095,0.0009140768,2015-08-13
1.094,1.094,1.094,-0.000913242,2015-08-14
1.095,1.095,1.095,0.0009140768,2015-08-17
1.094,1.094,1.094,-0.000913242,2015-08-18
1.094,1.094,1.094,0.0,2015-08-19
1.094,1.094,1.094,0.0,2015-08-20
1.094,1.094,1.094,0.0,2015-08-21
1.094,1.094,1.094,0.0,2015-08-24
1.092,1.092,1.092,-0.0018281536,2015-08-25
1.091,1.091,1.091,-0.0009157509,2015-08-26
1.09,1.09,1.09,-0.0009165903,2015-08-27
1.089,1.089,1.089,-0.0009174312,2015-08-28
1.088,1.088,1.088,-0.0009182736,2015-08-31
1.087,1.087,1.087,-0.0009191176,2015-09-01
1.087,1.087,1.087,0.0,2015-09-02
1.087,1.087,1.087,0.0,2015-09-07
1.088,1.088,1.088,0.0009199632,2015-09-08
1.09,1.09,1.09,0.0018382353,2015-09-09
1.087,1.087,1.087,-0.0027522936,2015-09-10
1.087,1.087,1.087,0.0,2015-09-11
1.086,1.086,1.086,-0.0009199632,2015-09-14
1.086,1.086,1.086,0.0,2015-09-15
1.087,1.087,1.087,0.0009208103,2015-09-16
1.087,1.087,1.087,0.0,2015-09-17
1.087,1.087,1.087,0.0,2015-09-18
1.087,1.087,1.087,0.0,2015-09-21
1.088,1.088,1.088,0.0009199632,2015-09-22
1.085,1.085,1.085,-0.0027573529,2015-09-23
1.086,1.086,1.086,0.000921659,2015-09-24
1.085,1.085,1.085,-0.0009208103,2015-09-25
1.086,1.086,1.086,0.000921659,2015-09-28
1.083,1.083,1.083,-0.0027624309,2015-09-29
1.083,1.083,1.083,0.0,2015-09-30
1.085,1.085,1.085,0.0018467221,2015-10-08
1.087,1.087,1.087,0.001843318,2015-10-09
1.089,1.089,1.089,0.0018399264,2015-10-12
1.088,1.088,1.088,-0.0009182736,2015-10-13
1.088,1.088,1.088,0.0,2015-10-14
1.089,1.089,1.089,0.0009191176,2015-10-15
1.089,1.089,1.089,0.0,2015-10-16
1.089,1.089,1.089,0.0,2015-10-19
1.088,1.088,1.088,-0.0009182736,2015-10-20
1.088,1.088,1.088,0.0,2015-10-21
1.088,1.088,1.088,0.0,2015-10-22
1.087,1.087,1.087,-0.0009191176,2015-10-23
1.087,1.087,1.087,0.0,2015-10-26
1.087,1.087,1.087,0.0,2015-10-27
1.087,1.087,1.087,0.0,2015-10-28
1.087,1.087,1.087,0.0,2015-10-29
1.086,1.086,1.086,-0.0009199632,2015-10-30
1.087,1.087,1.087,0.0009208103,2015-11-02
1.087,1.087,1.087,0.0,2015-11-03
1.085,1.085,1.085,-0.0018399264,2015-11-04
1.086,1.086,1.086,0.000921659,2015-11-05
1.086,1.086,1.086,0.0,2015-11-06
1.086,1.086,1.086,0.0,2015-11-09
1.086,1.086,1.086,0.0,2015-11-10
1.087,1.087,1.087,0.0009208103,2015-11-11
1.086,1.086,1.086,-0.0009199632,2015-11-12
1.084,1.084,1.084,-0.0018416206,2015-11-13
1.086,1.086,1.086,0.0018450185,2015-11-16
1.082,1.082,1.082,-0.0036832413,2015-11-17
1.078,1.078,1.078,-0.0036968577,2015-11-18
1.081,1.081,1.081,0.0027829314,2015-11-19
1.081,1.081,1.081,0.0,2015-11-20
1.081,1.081,1.081,0.0,2015-11-23
1.079,1.079,1.079,-0.0018501388,2015-11-24
1.081,1.081,1.081,0.0018535681,2015-11-25
1.079,1.079,1.079,-0.0018501388,2015-11-26
1.079,1.079,1.079,0.0,2015-11-27
1.082,1.082,1.082,0.0027803522,2015-11-30
1.085,1.085,1.085,0.0027726433,2015-12-01
1.08,1.08,1.08,-0.0046082949,2015-12-02
1.082,1.082,1.082,0.0018518519,2015-12-03
1.081,1.081,1.081,-0.0009242144,2015-12-04
1.081,1.081,1.081,0.0,2015-12-07
1.081,1.081,1.081,0.0,2015-12-08
1.085,1.085,1.085,0.0037002775,2015-12-09
1.087,1.087,1.087,0.001843318,2015-12-10
1.084,1.084,1.084,-0.0027598896,2015-12-11
1.081,1.081,1.081,-0.0027675277,2015-12-14
1.088,1.088,1.088,0.0064754857,2015-12-15
1.086,1.086,1.086,-0.0018382353,2015-12-16
1.09,1.09,1.09,0.0036832413,2015-12-17
1.089,1.089,1.089,-0.0009174312,2015-12-18
1.1,1.1,1.1,0.0101010101,2015-12-21
1.104,1.104,1.104,0.0036363636,2015-12-22
1.104,1.104,1.104,0.0,2015-12-23
1.091,1.091,1.091,-0.0117753623,2015-12-24
1.094,1.094,1.094,0.0027497709,2015-12-25
1.077,1.077,1.077,-0.0155393053,2015-12-28
1.077,1.077,1.077,0.0,2015-12-29
1.08,1.08,1.08,0.0027855153,2015-12-30
1.07,1.07,1.07,-0.0092592593,2015-12-31
1.046,1.046,1.046,-0.0224299065,2016-01-04
1.051,1.051,1.051,0.0047801147,2016-01-05
1.054,1.054,1.054,0.0028544244,2016-01-06
1.036,1.036,1.036,-0.0170777989,2016-01-07
1.042,1.042,1.042,0.0057915058,2016-01-08
1.03,1.03,1.03,-0.0115163148,2016-01-11
1.031,1.031,1.031,0.0009708738,2016-01-12
1.028,1.028,1.028,-0.0029097963,2016-01-13
1.031,1.031,1.031,0.0029182879,2016-01-14
1.029,1.029,1.029,-0.0019398642,2016-01-15
1.027,1.027,1.027,-0.0019436346,2016-01-18
1.028,1.028,1.028,0.0009737098,2016-01-19
1.025,1.025,1.025,-0.0029182879,2016-01-20
1.022,1.022,1.022,-0.0029268293,2016-01-21
1.023,1.023,1.023,0.0009784736,2016-01-22
1.024,1.024,1.024,0.0009775171,2016-01-25
1.019,1.019,1.019,-0.0048828125,2016-01-26
1.019,1.019,1.019,0.0,2016-01-27
1.019,1.019,1.019,0.0,2016-01-28
1.019,1.019,1.019,0.0,2016-01-29
1.02,1.02,1.02,0.0009813543,2016-02-01
1.019,1.019,1.019,-0.0009803922,2016-02-02
1.006,1.006,1.006,-0.0127576055,2016-02-03
1.019,1.019,1.019,0.0129224652,2016-02-04
1.019,1.019,1.019,0.0,2016-02-05
1.019,1.019,1.019,0.0,2016-02-15
1.02,1.02,1.02,0.0009813543,2016-02-16
1.023,1.023,1.023,0.0029411765,2016-02-17
1.02,1.02,1.02,-0.0029325513,2016-02-18
1.019,1.019,1.019,-0.0009803922,2016-02-19
1.02,1.02,1.02,0.0009813543,2016-02-22
1.02,1.02,1.02,0.0,2016-02-23
1.035,1.035,1.035,0.0147058824,2016-02-24
1.014,1.014,1.014,-0.0202898551,2016-02-25
1.015,1.015,1.015,0.0009861933,2016-02-26
1.01,1.01,1.01,-0.0049261084,2016-02-29
1.011,1.011,1.011,0.000990099,2016-03-01
1.013,1.013,1.013,0.0019782394,2016-03-02
1.012,1.012,1.012,-0.0009871668,2016-03-03
1.008,1.008,1.008,-0.0039525692,2016-03-04
1.011,1.011,1.011,0.0029761905,2016-03-07
1.011,1.011,1.011,0.0,2016-03-08
1.01,1.01,1.01,-0.0009891197,2016-03-09
1.008,1.008,1.008,-0.001980198,2016-03-10
1.008,1.008,1.008,0.0,2016-03-11
1.008,1.008,1.008,0.0,2016-03-14
1.008,1.008,1.008,0.0,2016-03-15
1.008,1.008,1.008,0.0,2016-03-16
1.008,1.008,1.008,0.0,2016-03-17
1.008,1.008,1.008,0.0,2016-03-18
1.008,1.008,1.008,0.0,2016-03-21
1.008,1.008,1.008,0.0,2016-03-22
1.008,1.008,1.008,0.0,2016-03-23
1.007,1.007,1.007,-0.0009920635,2016-03-24
1.008,1.008,1.008,0.0009930487,2016-03-25
1.007,1.007,1.007,-0.0009920635,2016-03-28
1.007,1.007,1.007,0.0,2016-03-29
1.008,1.008,1.008,0.0009930487,2016-03-30
1.008,1.008,1.008,0.0,2016-03-31
1.008,1.008,1.008,0.0,2016-04-01
1.008,1.008,1.008,0.0,2016-04-05
1.008,1.008,1.008,0.0,2016-04-06
1.008,1.008,1.008,0.0,2016-04-07
1.008,1.008,1.008,0.0,2016-04-08
1.008,1.008,1.008,0.0,2016-04-11
1.008,1.008,1.008,0.0,2016-04-12
1.008,1.008,1.008,0.0,2016-04-13
1.008,1.008,1.008,0.0,2016-04-14
1.008,1.008,1.008,0.0,2016-04-15
1.008,1.008,1.008,0.0,2016-04-18
1.008,1.008,1.008,0.0,2016-04-19
1.008,1.008,1.008,0.0,2016-04-20
1.008,1.008,1.008,0.0,2016-04-21
1.008,1.008,1.008,0.0,2016-04-22
1.007,1.007,1.007,-0.0009920635,2016-04-25
1.008,1.008,1.008,0.0009930487,2016-04-26
1.011,1.011,1.011,0.0029761905,2016-04-27
1.012,1.012,1.012,0.0009891197,2016-04-28
1.011,1.011,1.011,-0.0009881423,2016-04-29
1.019,1.019,1.019,0.0079129575,2016-05-03
1.02,1.02,1.02,0.0009813543,2016-05-04
1.027,1.027,1.027,0.0068627451,2016-05-05
1.027,1.027,1.027,0.0,2016-05-06
1.03,1.03,1.03,0.0029211295,2016-05-09
1.032,1.032,1.032,0.0019417476,2016-05-10
1.041,1.041,1.041,0.0087209302,2016-05-11
1.041,1.041,1.041,0.0,2016-05-12
1.04,1.04,1.04,-0.0009606148,2016-05-13
1.034,1.034,1.034,-0.0057692308,2016-05-16
1.031,1.031,1.031,-0.002901354,2016-05-17
1.043,1.043,1.043,0.0116391853,2016-05-18
1.039,1.039,1.039,-0.0038350911,2016-05-19
1.035,1.035,1.035,-0.0038498556,2016-05-20
1.031,1.031,1.031,-0.0038647343,2016-05-23
1.035,1.035,1.035,0.0038797284,2016-05-24
1.035,1.035,1.035,0.0,2016-05-25
1.035,1.035,1.035,0.0,2016-05-26
1.031,1.031,1.031,-0.0038647343,2016-05-27
1.03,1.03,1.03,-0.0009699321,2016-05-30
1.011,1.011,1.011,-0.0184466019,2016-05-31
1.009,1.009,1.009,-0.0019782394,2016-06-01
1.009,1.009,1.009,0.0,2016-06-02
1.004,1.004,1.004,-0.0049554014,2016-06-03
1.005,1.005,1.005,0.0009960159,2016-06-06
1.005,1.005,1.005,0.0,2016-06-07
1.003,1.003,1.003,-0.0019900498,2016-06-08
1.007,1.007,1.007,0.0039880359,2016-06-13
1.012,1.012,1.012,0.0049652433,2016-06-14
0.999,0.999,0.999,-0.0128458498,2016-06-15
1.001,1.001,1.001,0.002002002,2016-06-16
1.003,1.003,1.003,0.001998002,2016-06-17
1.001,1.001,1.001,-0.0019940179,2016-06-20
1.005,1.005,1.005,0.003996004,2016-06-21
0.994,0.994,0.994,-0.0109452736,2016-06-22
0.993,0.993,0.993,-0.0010060362,2016-06-23
0.999,0.999,0.999,0.0060422961,2016-06-24
0.983,0.983,0.983,-0.016016016,2016-06-27
0.976,0.976,0.976,-0.007121058,2016-06-28
0.972,0.972,0.972,-0.0040983607,2016-06-29
0.972,0.972,0.972,0.0,2016-06-30
0.972,0.972,0.972,0.0,2016-07-01
0.966,0.966,0.966,-0.0061728395,2016-07-04
0.965,0.965,0.965,-0.0010351967,2016-07-05
0.966,0.966,0.966,0.0010362694,2016-07-06
0.964,0.964,0.964,-0.0020703934,2016-07-07
0.963,0.963,0.963,-0.0010373444,2016-07-08
0.964,0.964,0.964,0.0010384216,2016-07-11
0.962,0.962,0.962,-0.0020746888,2016-07-12
0.959,0.959,0.959,-0.0031185031,2016-07-13
0.96,0.96,0.96,0.0010427529,2016-07-14
0.964,0.964,0.964,0.0041666667,2016-07-15
0.964,0.964,0.964,0.0,2016-07-18
0.961,0.961,0.961,-0.0031120332,2016-07-19
0.962,0.962,0.962,0.0010405827,2016-07-20
0.966,0.966,0.966,0.0041580042,2016-07-21
0.964,0.964,0.964,-0.0020703934,2016-07-22
0.967,0.967,0.967,0.0031120332,2016-07-25
0.973,0.973,0.973,0.006204757,2016-07-26
0.967,0.967,0.967,-0.0061664954,2016-07-27
0.979,0.979,0.979,0.012409514,2016-07-28
0.98,0.98,0.98,0.0010214505,2016-07-29
0.973,0.973,0.973,-0.0071428571,2016-08-01
0.978,0.978,0.978,0.0051387461,2016-08-02
0.984,0.984,0.984,0.0061349693,2016-08-03
0.985,0.985,0.985,0.0010162602,2016-08-04
0.98,0.98,0.98,-0.0050761421,2016-08-05
0.983,0.983,0.983,0.0030612245,2016-08-08
0.988,0.988,0.988,0.00508647,2016-08-09
0.986,0.986,0.986,-0.0020242915,2016-08-10
0.981,0.981,0.981,-0.0050709939,2016-08-11
0.985,0.985,0.985,0.004077472,2016-08-12
0.996,0.996,0.996,0.0111675127,2016-08-15
0.997,0.997,0.997,0.0010040161,2016-08-16
0.999,0.999,0.999,0.0020060181,2016-08-17
0.997,0.997,0.997,-0.002002002,2016-08-18
1.0,1.0,1.0,0.0030090271,2016-08-19
0.995,0.995,0.995,-0.005,2016-08-22
0.995,0.995,0.995,0.0,2016-08-23
0.994,0.994,0.994,-0.0010050251,2016-08-24
0.992,0.992,0.992,-0.0020120724,2016-08-25
0.996,0.996,0.996,0.0040322581,2016-08-26
0.998,0.998,0.998,0.0020080321,2016-08-29
1.001,1.001,1.001,0.003006012,2016-08-30
0.999,0.999,0.999,-0.001998002,2016-08-31
0.995,0.995,0.995,-0.004004004,2016-09-01
0.984,0.984,0.984,-0.0110552764,2016-09-02
0.985,0.985,0.985,0.0010162602,2016-09-05
0.989,0.989,0.989,0.0040609137,2016-09-06
0.996,0.996,0.996,0.0070778564,2016-09-07
1.002,1.002,1.002,0.0060240964,2016-09-08
0.999,0.999,0.999,-0.002994012,2016-09-09
0.988,0.988,0.988,-0.011011011,2016-09-12
0.989,0.989,0.989,0.0010121457,2016-09-13
0.988,0.988,0.988,-0.0010111223,2016-09-14
0.993,0.993,0.993,0.0050607287,2016-09-19
0.992,0.992,0.992,-0.0010070493,2016-09-20
0.993,0.993,0.993,0.0010080645,2016-09-21
0.994,0.994,0.994,0.0010070493,2016-09-22
0.995,0.995,0.995,0.0010060362,2016-09-23
0.994,0.994,0.994,-0.0010050251,2016-09-26
0.993,0.993,0.993,-0.0010060362,2016-09-27
0.994,0.994,0.994,0.0010070493,2016-09-28
0.993,0.993,0.993,-0.0010060362,2016-09-29
0.994,0.994,0.994,0.0010070493,2016-09-30
0.996,0.996,0.996,0.0020120724,2016-10-10
0.998,0.998,0.998,0.0020080321,2016-10-11
0.996,0.996,0.996,-0.002004008,2016-10-12
0.996,0.996,0.996,0.0,2016-10-13
0.995,0.995,0.995,-0.0010040161,2016-10-14
0.993,0.993,0.993,-0.0020100503,2016-10-17
0.994,0.994,0.994,0.0010070493,2016-10-18
0.992,0.992,0.992,-0.0020120724,2016-10-19
0.991,0.991,0.991,-0.0010080645,2016-10-20
0.99,0.99,0.99,-0.0010090817,2016-10-21
0.991,0.991,0.991,0.001010101,2016-10-24
0.995,0.995,0.995,0.0040363269,2016-10-25
0.992,0.992,0.992,-0.0030150754,2016-10-26
0.992,0.992,0.992,0.0,2016-10-27
0.991,0.991,0.991,-0.0010080645,2016-10-28
0.986,0.986,0.986,-0.0050454087,2016-10-31
0.988,0.988,0.988,0.0020283976,2016-11-01
0.985,0.985,0.985,-0.0030364372,2016-11-02
0.986,0.986,0.986,0.0010152284,2016-11-03
0.986,0.986,0.986,0.0,2016-11-04
0.989,0.989,0.989,0.0030425963,2016-11-07
0.991,0.991,0.991,0.0020222447,2016-11-08
0.99,0.99,0.99,-0.0010090817,2016-11-09
0.992,0.992,0.992,0.002020202,2016-11-10
0.992,0.992,0.992,0.0,2016-11-11
0.996,0.996,0.996,0.0040322581,2016-11-14
0.994,0.994,0.994,-0.0020080321,2016-11-15
0.995,0.995,0.995,0.0010060362,2016-11-16
0.994,0.994,0.994,-0.0010050251,2016-11-17
0.991,0.991,0.991,-0.0030181087,2016-11-18
0.992,0.992,0.992,0.0010090817,2016-11-21
0.994,0.994,0.994,0.002016129,2016-11-22
0.993,0.993,0.993,-0.0010060362,2016-11-23
0.993,0.993,0.993,0.0,2016-11-24
0.994,0.994,0.994,0.0010070493,2016-11-25
1.001,1.001,1.001,0.0070422535,2016-11-28
1.005,1.005,1.005,0.003996004,2016-11-29
1.002,1.002,1.002,-0.0029850746,2016-11-30
1.006,1.006,1.006,0.003992016,2016-12-01
0.999,0.999,0.999,-0.0069582505,2016-12-02
0.999,0.999,0.999,0.0,2016-12-05
1.0,1.0,1.0,0.001001001,2016-12-06
1.0,1.0,1.0,0.0,2016-12-07
1.0,1.0,1.0,0.0,2016-12-08
1.0,1.0,1.0,0.0,2016-12-09
1.0,1.0,1.0,0.0,2016-12-12
1.0,1.0,1.0,0.0,2016-12-13
1.0,1.0,1.0,0.0,2016-12-14
1.0,1.0,1.0,0.0,2016-12-15
1.0,1.0,1.0,0.0,2016-12-16
1.0,1.0,1.0,0.0,2016-12-19
1.0,1.0,1.0,0.0,2016-12-20
1.0,1.0,1.0,0.0,2016-12-21
1.0,1.0,1.0,0.0,2016-12-22
1.001,1.001,1.001,0.001,2016-12-23
1.001,1.001,1.001,0.0,2016-12-26
1.001,1.001,1.001,0.0,2016-12-27
1.001,1.001,1.001,0.0,2016-12-28
1.001,1.001,1.001,0.0,2016-12-29
1.001,1.001,1.001,0.0,2016-12-30
1.001,1.001,1.001,0.0,2017-01-03
1.001,1.001,1.001,0.0,2017-01-04
1.001,1.001,1.001,0.0,2017-01-05
1.001,1.001,1.001,0.0,2017-01-06
1.001,1.001,1.001,0.0,2017-01-09
1.001,1.001,1.001,0.0,2017-01-10
1.001,1.001,1.001,0.0,2017-01-11
1.001,1.001,1.001,0.0,2017-01-12
1.001,1.001,1.001,0.0,2017-01-13
1.0,1.0,1.0,-0.000999001,2017-01-16
1.003,1.003,1.003,0.003,2017-01-17
1.003,1.003,1.003,0.0,2017-01-18
1.004,1.004,1.004,0.000997009,2017-01-19
1.005,1.005,1.005,0.0009960159,2017-01-20
1.006,1.006,1.006,0.0009950249,2017-01-23
1.006,1.006,1.006,0.0,2017-01-24
1.006,1.006,1.006,0.0,2017-01-25
1.007,1.007,1.007,0.0009940358,2017-01-26
1.006,1.006,1.006,-0.0009930487,2017-02-03
1.009,1.009,1.009,0.0029821074,2017-02-06
1.012,1.012,1.012,0.0029732408,2017-02-07
1.016,1.016,1.016,0.0039525692,2017-02-08
1.017,1.017,1.017,0.000984252,2017-02-09
1.018,1.018,1.018,0.0009832842,2017-02-10
1.021,1.021,1.021,0.0029469548,2017-02-13
1.026,1.026,1.026,0.0048971596,2017-02-14
1.022,1.022,1.022,-0.0038986355,2017-02-15
1.027,1.027,1.027,0.0048923679,2017-02-16
1.023,1.023,1.023,-0.0038948393,2017-02-17
1.037,1.037,1.037,0.0136852395,2017-02-20
1.04,1.04,1.04,0.0028929605,2017-02-21
1.043,1.043,1.043,0.0028846154,2017-02-22
1.04,1.04,1.04,-0.0028763183,2017-02-23
1.035,1.035,1.035,-0.0048076923,2017-02-24
1.031,1.031,1.031,-0.0038647343,2017-02-27
1.032,1.032,1.032,0.0009699321,2017-02-28
1.033,1.033,1.033,0.0009689922,2017-03-01
1.031,1.031,1.031,-0.0019361084,2017-03-02
1.032,1.032,1.032,0.0009699321,2017-03-03
1.041,1.041,1.041,0.0087209302,2017-03-06
1.041,1.041,1.041,0.0,2017-03-07
1.039,1.039,1.039,-0.0019212296,2017-03-08
1.035,1.035,1.035,-0.0038498556,2017-03-09
1.041,1.041,1.041,0.0057971014,2017-03-10
1.046,1.046,1.046,0.004803074,2017-03-13
1.046,1.046,1.046,0.0,2017-03-14
1.046,1.046,1.046,0.0,2017-03-15
1.049,1.049,1.049,0.0028680688,2017-03-16
1.045,1.045,1.045,-0.0038131554,2017-03-17
1.048,1.048,1.048,0.0028708134,2017-03-20
1.057,1.057,1.057,0.0085877863,2017-03-21
1.06,1.06,1.06,0.0028382214,2017-03-22
1.062,1.062,1.062,0.0018867925,2017-03-23
1.066,1.066,1.066,0.0037664783,2017-03-24
1.056,1.056,1.056,-0.009380863,2017-03-27
1.055,1.055,1.055,-0.0009469697,2017-03-28
1.052,1.052,1.052,-0.0028436019,2017-03-29
1.051,1.051,1.051,-0.0009505703,2017-03-30
1.052,1.052,1.052,0.0009514748,2017-03-31
1.054,1.054,1.054,0.0019011407,2017-04-05
1.053,1.053,1.053,-0.0009487666,2017-04-06
1.054,1.054,1.054,0.0009496676,2017-04-07
1.053,1.053,1.053,-0.0009487666,2017-04-10
1.052,1.052,1.052,-0.0009496676,2017-04-11
1.053,1.053,1.053,0.0009505703,2017-04-12
1.053,1.053,1.053,0.0,2017-04-13
1.052,1.052,1.052,-0.0009496676,2017-04-14
1.053,1.053,1.053,0.0009505703,2017-04-17
1.055,1.055,1.055,0.0018993352,2017-04-18
1.055,1.055,1.055,0.0,2017-04-19
1.058,1.058,1.058,0.0028436019,2017-04-20
1.059,1.059,1.059,0.0009451796,2017-04-21
1.056,1.056,1.056,-0.0028328612,2017-04-24
1.057,1.057,1.057,0.0009469697,2017-04-25
1.058,1.058,1.058,0.0009460738,2017-04-26
1.061,1.061,1.061,0.0028355388,2017-04-27
1.06,1.06,1.06,-0.0009425071,2017-04-28
1.06,1.06,1.06,0.0,2017-05-02
1.061,1.061,1.061,0.0009433962,2017-05-03
1.059,1.059,1.059,-0.0018850141,2017-05-04
1.059,1.059,1.059,0.0,2017-05-05
1.058,1.058,1.058,-0.0009442871,2017-05-08
1.058,1.058,1.058,0.0,2017-05-09
1.061,1.061,1.061,0.0028355388,2017-05-10
1.062,1.062,1.062,0.0009425071,2017-05-11
1.062,1.062,1.062,0.0,2017-05-12
1.062,1.062,1.062,0.0,2017-05-15
1.064,1.064,1.064,0.0018832392,2017-05-16
1.061,1.061,1.061,-0.0028195489,2017-05-17
1.06,1.06,1.06,-0.0009425071,2017-05-18
1.061,1.061,1.061,0.0009433962,2017-05-19
1.063,1.063,1.063,0.0018850141,2017-05-22
1.065,1.065,1.065,0.0018814675,2017-05-23
1.064,1.064,1.064,-0.0009389671,2017-05-24
1.064,1.064,1.064,0.0,2017-05-25
1.063,1.063,1.063,-0.0009398496,2017-05-26
1.062,1.062,1.062,-0.0009407338,2017-05-31
1.064,1.064,1.064,0.0018832392,2017-06-01
1.06,1.06,1.06,-0.0037593985,2017-06-02
1.059,1.059,1.059,-0.0009433962,2017-06-05
1.061,1.061,1.061,0.0018885741,2017-06-06
1.062,1.062,1.062,0.0009425071,2017-06-07
1.062,1.062,1.062,0.0,2017-06-08
1.066,1.066,1.066,0.0037664783,2017-06-09
1.064,1.064,1.064,-0.0018761726,2017-06-12
1.065,1.065,1.065,0.0009398496,2017-06-13
1.063,1.063,1.063,-0.0018779343,2017-06-14
1.063,1.063,1.063,0.0,2017-06-15
1.064,1.064,1.064,0.0009407338,2017-06-16
1.065,1.065,1.065,0.0009398496,2017-06-19
1.064,1.064,1.064,-0.0009389671,2017-06-20
1.066,1.066,1.066,0.0018796992,2017-06-21
1.06,1.06,1.06,-0.0056285178,2017-06-22
1.063,1.063,1.063,0.0028301887,2017-06-23
1.066,1.066,1.066,0.0028222013,2017-06-26
1.066,1.066,1.066,0.0,2017-06-27
1.063,1.063,1.063,-0.0028142589,2017-06-28
1.065,1.065,1.065,0.0018814675,2017-06-29
1.068,1.068,1.068,0.0028169014,2017-06-30
1.068,1.068,1.068,0.0,2017-07-03
1.064,1.064,1.064,-0.0037453184,2017-07-04
1.068,1.068,1.068,0.0037593985,2017-07-05
1.067,1.067,1.067,-0.0009363296,2017-07-06
1.065,1.065,1.065,-0.0018744142,2017-07-07
1.064,1.064,1.064,-0.0009389671,2017-07-10
1.062,1.062,1.062,-0.0018796992,2017-07-11
1.064,1.064,1.064,0.0018832392,2017-07-12
1.063,1.063,1.063,-0.0009398496,2017-07-13
1.062,1.062,1.062,-0.0009407338,2017-07-14
1.055,1.055,1.055,-0.0065913371,2017-07-17
1.055,1.055,1.055,0.0,2017-07-18
1.055,1.055,1.055,0.0,2017-07-19
1.056,1.056,1.056,0.0009478673,2017-07-20
1.055,1.055,1.055,-0.0009469697,2017-07-21
1.056,1.056,1.056,0.0009478673,2017-07-24
1.056,1.056,1.056,0.0,2017-07-25
1.054,1.054,1.054,-0.0018939394,2017-07-26
1.057,1.057,1.057,0.0028462998,2017-07-27
1.057,1.057,1.057,0.0,2017-07-28
1.059,1.059,1.059,0.0018921476,2017-07-31
1.058,1.058,1.058,-0.0009442871,2017-08-01
1.057,1.057,1.057,-0.0009451796,2017-08-02
1.054,1.054,1.054,-0.0028382214,2017-08-03
1.05,1.05,1.05,-0.0037950664,2017-08-04
1.055,1.055,1.055,0.0047619048,2017-08-07
1.057,1.057,1.057,0.0018957346,2017-08-08
1.061,1.061,1.061,0.0037842952,2017-08-09
1.059,1.059,1.059,-0.0018850141,2017-08-10
1.057,1.057,1.057,-0.0018885741,2017-08-11
1.063,1.063,1.063,0.0056764428,2017-08-14
1.062,1.062,1.062,-0.0009407338,2017-08-15
1.064,1.064,1.064,0.0018832392,2017-08-16
1.062,1.062,1.062,-0.0018796992,2017-08-17
1.061,1.061,1.061,-0.0009416196,2017-08-18
1.063,1.063,1.063,0.0018850141,2017-08-21
1.062,1.062,1.062,-0.0009407338,2017-08-22
1.06,1.06,1.06,-0.0018832392,2017-08-23
1.059,1.059,1.059,-0.0009433962,2017-08-24
1.061,1.061,1.061,0.0018885741,2017-08-25
1.066,1.066,1.066,0.0047125353,2017-08-28
1.068,1.068,1.068,0.0018761726,2017-08-29
1.068,1.068,1.068,0.0,2017-08-30
1.069,1.069,1.069,0.0009363296,2017-08-31
1.069,1.069,1.069,0.0,2017-09-01
1.075,1.075,1.075,0.0056127222,2017-09-04
1.076,1.076,1.076,0.0009302326,2017-09-05
1.076,1.076,1.076,0.0,2017-09-06
1.073,1.073,1.073,-0.0027881041,2017-09-07
1.077,1.077,1.077,0.0037278658,2017-09-08
1.081,1.081,1.081,0.0037140204,2017-09-11
1.08,1.08,1.08,-0.0009250694,2017-09-12
1.082,1.082,1.082,0.0018518519,2017-09-13
1.088,1.088,1.088,0.0055452865,2017-09-14
1.09,1.09,1.09,0.0018382353,2017-09-15
1.097,1.097,1.097,0.0064220183,2017-09-18
1.093,1.093,1.093,-0.0036463081,2017-09-19
1.102,1.102,1.102,0.0082342177,2017-09-20
1.096,1.096,1.096,-0.0054446461,2017-09-21
1.092,1.092,1.092,-0.003649635,2017-09-22
1.077,1.077,1.077,-0.0137362637,2017-09-25
1.08,1.08,1.08,0.0027855153,2017-09-26
1.09,1.09,1.09,0.0092592593,2017-09-27
1.093,1.093,1.093,0.0027522936,2017-09-28
1.103,1.103,1.103,0.0091491308,2017-09-29
1.115,1.115,1.115,0.0108794198,2017-10-09
1.114,1.114,1.114,-0.000896861,2017-10-10
1.111,1.111,1.111,-0.0026929982,2017-10-11
1.114,1.114,1.114,0.00270027,2017-10-12
1.122,1.122,1.122,0.0071813285,2017-10-13
1.113,1.113,1.113,-0.0080213904,2017-10-16
1.116,1.116,1.116,0.0026954178,2017-10-17
1.117,1.117,1.117,0.0008960573,2017-10-18
1.104,1.104,1.104,-0.0116383169,2017-10-19
1.113,1.113,1.113,0.0081521739,2017-10-20
1.116,1.116,1.116,0.0026954178,2017-10-23
1.12,1.12,1.12,0.0035842294,2017-10-24
1.124,1.124,1.124,0.0035714286,2017-10-25
1.133,1.133,1.133,0.0080071174,2017-10-26
1.131,1.131,1.131,-0.0017652251,2017-10-27
1.13,1.13,1.13,-0.0008841733,2017-10-30
1.137,1.137,1.137,0.0061946903,2017-10-31
1.133,1.133,1.133,-0.0035180299,2017-11-01
1.126,1.126,1.126,-0.0061782877,2017-11-02
1.12,1.12,1.12,-0.0053285968,2017-11-03
1.147,1.147,1.147,0.0241071429,2017-11-06
1.151,1.151,1.151,0.0034873583,2017-11-07
1.143,1.143,1.143,-0.0069504778,2017-11-08
1.166,1.166,1.166,0.0201224847,2017-11-09
1.177,1.177,1.177,0.0094339623,2017-11-10
1.174,1.174,1.174,-0.002548853,2017-11-13
1.166,1.166,1.166,-0.0068143101,2017-11-14
1.155,1.155,1.155,-0.0094339623,2017-11-15
1.159,1.159,1.159,0.0034632035,2017-11-16
1.152,1.152,1.152,-0.0060396894,2017-11-17
1.158,1.158,1.158,0.0052083333,2017-11-20
1.164,1.164,1.164,0.0051813472,2017-11-21
1.161,1.161,1.161,-0.0025773196,2017-11-22
1.148,1.148,1.148,-0.0111972438,2017-11-23
1.148,1.148,1.148,0.0,2017-11-24
1.141,1.141,1.141,-0.006097561,2017-11-27
1.146,1.146,1.146,0.0043821209,2017-11-28
1.148,1.148,1.148,0.0017452007,2017-11-29
1.143,1.143,1.143,-0.0043554007,2017-11-30
1.144,1.144,1.144,0.0008748906,2017-12-01
1.141,1.141,1.141,-0.0026223776,2017-12-04
1.134,1.134,1.134,-0.0061349693,2017-12-05
1.135,1.135,1.135,0.0008818342,2017-12-06
1.133,1.133,1.133,-0.0017621145,2017-12-07
1.135,1.135,1.135,0.0017652251,2017-12-08
1.138,1.138,1.138,0.0026431718,2017-12-11
1.135,1.135,1.135,-0.0026362039,2017-12-12
1.136,1.136,1.136,0.0008810573,2017-12-13
1.137,1.137,1.137,0.0008802817,2017-12-14
1.135,1.135,1.135,-0.001759015,2017-12-15
1.135,1.135,1.135,0.0,2017-12-18
1.138,1.138,1.138,0.0026431718,2017-12-19
1.139,1.139,1.139,0.0008787346,2017-12-20
1.141,1.141,1.141,0.0017559263,2017-12-21
1.141,1.141,1.141,0.0,2017-12-22
1.14,1.14,1.14,-0.0008764242,2017-12-25
1.141,1.141,1.141,0.000877193,2017-12-26
1.137,1.137,1.137,-0.0035056968,2017-12-27
1.139,1.139,1.139,0.001759015,2017-12-28
1.142,1.142,1.142,0.0026338894,2017-12-29
1.145,1.145,1.145,0.0026269702,2018-01-02
1.147,1.147,1.147,0.0017467249,2018-01-03
1.148,1.148,1.148,0.0008718396,2018-01-04
1.146,1.146,1.146,-0.0017421603,2018-01-05
1.149,1.149,1.149,0.002617801,2018-01-08
1.15,1.15,1.15,0.000870322,2018-01-09
1.151,1.151,1.151,0.0008695652,2018-01-10
1.153,1.153,1.153,0.0017376195,2018-01-11
1.152,1.152,1.152,-0.0008673027,2018-01-12
1.147,1.147,1.147,-0.0043402778,2018-01-15
1.155,1.155,1.155,0.0069747167,2018-01-16
1.152,1.152,1.152,-0.0025974026,2018-01-17
1.151,1.151,1.151,-0.0008680556,2018-01-18
1.149,1.149,1.149,-0.0017376195,2018-01-19
1.156,1.156,1.156,0.0060922541,2018-01-22
1.156,1.156,1.156,0.0,2018-01-23
1.159,1.159,1.159,0.0025951557,2018-01-24
1.16,1.16,1.16,0.0008628128,2018-01-25
1.16,1.16,1.16,0.0,2018-01-26
1.156,1.156,1.156,-0.0034482759,2018-01-29
1.152,1.152,1.152,-0.0034602076,2018-01-30
1.151,1.151,1.151,-0.0008680556,2018-01-31
1.144,1.144,1.144,-0.0060816681,2018-02-01
1.149,1.149,1.149,0.0043706294,2018-02-02
1.15,1.15,1.15,0.000870322,2018-02-05
1.14,1.14,1.14,-0.0086956522,2018-02-06
1.136,1.136,1.136,-0.0035087719,2018-02-07
1.136,1.136,1.136,0.0,2018-02-08
1.131,1.131,1.131,-0.0044014085,2018-02-09
1.133,1.133,1.133,0.0017683466,2018-02-12
1.134,1.134,1.134,0.0008826125,2018-02-13
1.135,1.135,1.135,0.0008818342,2018-02-14
1.138,1.138,1.138,0.0026431718,2018-02-22
1.139,1.139,1.139,0.0008787346,2018-02-23
1.14,1.14,1.14,0.0008779631,2018-02-26
1.138,1.138,1.138,-0.001754386,2018-02-27
1.137,1.137,1.137,-0.0008787346,2018-02-28
1.139,1.139,1.139,0.001759015,2018-03-01
1.139,1.139,1.139,0.0,2018-03-02
1.138,1.138,1.138,-0.0008779631,2018-03-05
1.139,1.139,1.139,0.0008787346,2018-03-06
1.138,1.138,1.138,-0.0008779631,2018-03-07
1.139,1.139,1.139,0.0008787346,2018-03-08
1.14,1.14,1.14,0.0008779631,2018-03-09
1.141,1.141,1.141,0.000877193,2018-03-12
1.14,1.14,1.14,-0.0008764242,2018-03-13
1.139,1.139,1.139,-0.000877193,2018-03-14
1.139,1.139,1.139,0.0,2018-03-15
1.138,1.138,1.138,-0.0008779631,2018-03-16
1.139,1.139,1.139,0.0008787346,2018-03-19
1.139,1.139,1.139,0.0,2018-03-20
1.138,1.138,1.138,-0.0008779631,2018-03-21
1.137,1.137,1.137,-0.0008787346,2018-03-22
1.132,1.132,1.132,-0.0043975374,2018-03-23
1.134,1.134,1.134,0.0017667845,2018-03-26
1.137,1.137,1.137,0.0026455026,2018-03-27
1.136,1.136,1.136,-0.0008795075,2018-03-28
1.136,1.136,1.136,0.0,2018-03-29
1.138,1.138,1.138,0.0017605634,2018-03-30
1.139,1.139,1.139,0.0008787346,2018-04-02
1.139,1.139,1.139,0.0,2018-04-03
1.139,1.139,1.139,0.0,2018-04-04
1.139,1.139,1.139,0.0,2018-04-09
1.14,1.14,1.14,0.0008779631,2018-04-10
1.141,1.141,1.141,0.000877193,2018-04-11
1.141,1.141,1.141,0.0,2018-04-12
1.139,1.139,1.139,-0.0017528484,2018-04-13
1.139,1.139,1.139,0.0,2018-04-16
1.137,1.137,1.137,-0.0017559263,2018-04-17
1.139,1.139,1.139,0.001759015,2018-04-18
1.139,1.139,1.139,0.0,2018-04-19
1.135,1.135,1.135,-0.0035118525,2018-04-20
1.134,1.134,1.134,-0.0008810573,2018-04-23
1.139,1.139,1.139,0.0044091711,2018-04-24
1.139,1.139,1.139,0.0,2018-04-25
1.137,1.137,1.137,-0.0017559263,2018-04-26
1.138,1.138,1.138,0.0008795075,2018-04-27
1.14,1.14,1.14,0.0017574692,2018-05-02
1.141,1.141,1.141,0.000877193,2018-05-03
1.142,1.142,1.142,0.0008764242,2018-05-04
1.147,1.147,1.147,0.0043782837,2018-05-07
1.146,1.146,1.146,-0.0008718396,2018-05-08
1.147,1.147,1.147,0.0008726003,2018-05-09
1.147,1.147,1.147,0.0,2018-05-10
1.145,1.145,1.145,-0.0017436792,2018-05-11
1.147,1.147,1.147,0.0017467249,2018-05-14
1.149,1.149,1.149,0.0017436792,2018-05-15
1.149,1.149,1.149,0.0,2018-05-16
1.147,1.147,1.147,-0.001740644,2018-05-17
1.148,1.148,1.148,0.0008718396,2018-05-18
1.149,1.149,1.149,0.0008710801,2018-05-21
1.149,1.149,1.149,0.0,2018-05-22
1.146,1.146,1.146,-0.0026109661,2018-05-23
1.146,1.146,1.146,0.0,2018-05-24
1.147,1.147,1.147,0.0008726003,2018-05-25
1.15,1.15,1.15,0.0026155187,2018-05-28
1.146,1.146,1.146,-0.0034782609,2018-05-29
1.143,1.143,1.143,-0.002617801,2018-05-30
1.152,1.152,1.152,0.0078740157,2018-05-31
1.147,1.147,1.147,-0.0043402778,2018-06-01
1.146,1.146,1.146,-0.0008718396,2018-06-04
1.148,1.148,1.148,0.0017452007,2018-06-05
1.15,1.15,1.15,0.0017421603,2018-06-06
1.146,1.146,1.146,-0.0034782609,2018-06-07
1.144,1.144,1.144,-0.0017452007,2018-06-08
1.14,1.14,1.14,-0.0034965035,2018-06-11
1.145,1.145,1.145,0.0043859649,2018-06-12
1.143,1.143,1.143,-0.0017467249,2018-06-13
1.142,1.142,1.142,-0.0008748906,2018-06-14
1.14,1.14,1.14,-0.0017513135,2018-06-15
1.138,1.138,1.138,-0.001754386,2018-06-19
1.139,1.139,1.139,0.0008787346,2018-06-20
1.139,1.139,1.139,0.0,2018-06-21
1.139,1.139,1.139,0.0,2018-06-22
1.138,1.138,1.138,-0.0008779631,2018-06-25
1.136,1.136,1.136,-0.0017574692,2018-06-26
1.13,1.13,1.13,-0.0052816901,2018-06-27
1.127,1.127,1.127,-0.0026548673,2018-06-28
1.133,1.133,1.133,0.0053238687,2018-06-29
1.13,1.13,1.13,-0.0026478376,2018-07-02
1.127,1.127,1.127,-0.0026548673,2018-07-03
1.126,1.126,1.126,-0.0008873114,2018-07-04
1.122,1.122,1.122,-0.0035523979,2018-07-05
1.123,1.123,1.123,0.0008912656,2018-07-06
1.127,1.127,1.127,0.0035618878,2018-07-09
1.129,1.129,1.129,0.0017746229,2018-07-10
1.128,1.128,1.128,-0.0008857396,2018-07-11
1.13,1.13,1.13,0.0017730496,2018-07-12
1.131,1.131,1.131,0.0008849558,2018-07-13
1.133,1.133,1.133,0.0017683466,2018-07-16
1.132,1.132,1.132,-0.0008826125,2018-07-17
1.131,1.131,1.131,-0.0008833922,2018-07-18
1.131,1.131,1.131,0.0,2018-07-19
1.131,1.131,1.131,0.0,2018-07-20
1.129,1.129,1.129,-0.0017683466,2018-07-23
1.131,1.131,1.131,0.0017714792,2018-07-24
1.134,1.134,1.134,0.0026525199,2018-07-25
1.132,1.132,1.132,-0.0017636684,2018-07-26
1.131,1.131,1.131,-0.0008833922,2018-07-27
1.128,1.128,1.128,-0.0026525199,2018-07-30
1.129,1.129,1.129,0.0008865248,2018-07-31
1.128,1.128,1.128,-0.0008857396,2018-08-01
1.125,1.125,1.125,-0.0026595745,2018-08-02
1.12,1.12,1.12,-0.0044444444,2018-08-03
1.116,1.116,1.116,-0.0035714286,2018-08-06
1.12,1.12,1.12,0.0035842294,2018-08-07
1.118,1.118,1.118,-0.0017857143,2018-08-08
1.12,1.12,1.12,0.0017889088,2018-08-09
1.122,1.122,1.122,0.0017857143,2018-08-10
1.121,1.121,1.121,-0.0008912656,2018-08-13
1.12,1.12,1.12,-0.0008920607,2018-08-14
1.117,1.117,1.117,-0.0026785714,2018-08-15
1.116,1.116,1.116,-0.0008952551,2018-08-16
1.115,1.115,1.115,-0.0008960573,2018-08-17
1.116,1.116,1.116,0.000896861,2018-08-20
1.117,1.117,1.117,0.0008960573,2018-08-21
1.116,1.116,1.116,-0.0008952551,2018-08-22
1.115,1.115,1.115,-0.0008960573,2018-08-23
1.116,1.116,1.116,0.000896861,2018-08-24
1.119,1.119,1.119,0.002688172,2018-08-27
1.121,1.121,1.121,0.0017873101,2018-08-28
1.12,1.12,1.12,-0.0008920607,2018-08-29
1.118,1.118,1.118,-0.0017857143,2018-08-30
1.118,1.118,1.118,0.0,2018-08-31
1.119,1.119,1.119,0.0008944544,2018-09-03
1.119,1.119,1.119,0.0,2018-09-04
1.118,1.118,1.118,-0.000893655,2018-09-05
1.117,1.117,1.117,-0.0008944544,2018-09-06
1.117,1.117,1.117,0.0,2018-09-07
1.116,1.116,1.116,-0.0008952551,2018-09-10
1.117,1.117,1.117,0.0008960573,2018-09-11
1.117,1.117,1.117,0.0,2018-09-12
1.117,1.117,1.117,0.0,2018-09-13
1.117,1.117,1.117,0.0,2018-09-14
1.115,1.115,1.115,-0.0017905103,2018-09-17
1.116,1.116,1.116,0.000896861,2018-09-18
1.117,1.117,1.117,0.0008960573,2018-09-19
1.116,1.116,1.116,-0.0008952551,2018-09-20
1.12,1.12,1.12,0.0035842294,2018-09-21
1.119,1.119,1.119,-0.0008928571,2018-09-25
1.121,1.121,1.121,0.0017873101,2018-09-26
1.12,1.12,1.12,-0.0008920607,2018-09-27
1.123,1.123,1.123,0.0026785714,2018-09-28
1.115,1.115,1.115,-0.0071237756,2018-10-08
1.116,1.116,1.116,0.000896861,2018-10-09
1.113,1.113,1.113,-0.002688172,2018-10-10
1.111,1.111,1.111,-0.0017969452,2018-10-11
1.112,1.112,1.112,0.00090009,2018-10-12
1.111,1.111,1.111,-0.0008992806,2018-10-15
1.109,1.109,1.109,-0.00180018,2018-10-16
1.109,1.109,1.109,0.0,2018-10-17
1.107,1.107,1.107,-0.0018034265,2018-10-18
1.108,1.108,1.108,0.0009033424,2018-10-19
1.11,1.11,1.11,0.0018050542,2018-10-22
1.112,1.112,1.112,0.0018018018,2018-10-23
1.11,1.11,1.11,-0.0017985612,2018-10-24
1.11,1.11,1.11,0.0,2018-10-25
1.11,1.11,1.11,0.0,2018-10-26
1.108,1.108,1.108,-0.0018018018,2018-10-29
1.107,1.107,1.107,-0.0009025271,2018-10-30
1.108,1.108,1.108,0.0009033424,2018-10-31
1.109,1.109,1.109,0.0009025271,2018-11-01
1.111,1.111,1.111,0.0018034265,2018-11-02
1.112,1.112,1.112,0.00090009,2018-11-05
1.112,1.112,1.112,0.0,2018-11-06
1.111,1.111,1.111,-0.0008992806,2018-11-07
1.111,1.111,1.111,0.0,2018-11-08
1.111,1.111,1.111,0.0,2018-11-09
1.114,1.114,1.114,0.00270027,2018-11-12
1.114,1.114,1.114,0.0,2018-11-13
1.115,1.115,1.115,0.0008976661,2018-11-14
1.115,1.115,1.115,0.0,2018-11-15
1.114,1.114,1.114,-0.000896861,2018-11-16
1.114,1.114,1.114,0.0,2018-11-19
1.113,1.113,1.113,-0.0008976661,2018-11-20
1.114,1.114,1.114,0.0008984726,2018-11-21
1.114,1.114,1.114,0.0,2018-11-22
1.113,1.113,1.113,-0.0008976661,2018-11-23
1.114,1.114,1.114,0.0008984726,2018-11-26
1.115,1.115,1.115,0.0008976661,2018-11-27
1.115,1.115,1.115,0.0,2018-11-28
1.114,1.114,1.114,-0.000896861,2018-11-29
1.116,1.116,1.116,0.0017953321,2018-11-30
1.117,1.117,1.117,0.0008960573,2018-12-03
1.117,1.117,1.117,0.0,2018-12-04
1.117,1.117,1.117,0.0,2018-12-05
1.114,1.114,1.114,-0.0026857654,2018-12-06
1.114,1.114,1.114,0.0,2018-12-07
1.114,1.114,1.114,0.0,2018-12-10
1.115,1.115,1.115,0.0008976661,2018-12-11
1.115,1.115,1.115,0.0,2018-12-12
1.115,1.115,1.115,0.0,2018-12-13
1.114,1.114,1.114,-0.000896861,2018-12-14
1.112,1.112,1.112,-0.0017953321,2018-12-17
1.112,1.112,1.112,0.0,2018-12-18
1.112,1.112,1.112,0.0,2018-12-19
1.112,1.112,1.112,0.0,2018-12-20
1.112,1.112,1.112,0.0,2018-12-21
1.112,1.112,1.112,0.0,2018-12-24
1.112,1.112,1.112,0.0,2018-12-25
1.112,1.112,1.112,0.0,2018-12-26
1.112,1.112,1.112,0.0,2018-12-27
1.113,1.113,1.113,0.0008992806,2018-12-28
1.112,1.112,1.112,-0.0008984726,2019-01-02
1.112,1.112,1.112,0.0,2019-01-03
1.111,1.111,1.111,-0.0008992806,2019-01-04
1.111,1.111,1.111,0.0,2019-01-07
1.11,1.11,1.11,-0.00090009,2019-01-08
1.109,1.109,1.109,-0.0009009009,2019-01-09
1.109,1.109,1.109,0.0,2019-01-10
1.109,1.109,1.109,0.0,2019-01-11
1.109,1.109,1.109,0.0,2019-01-14
1.109,1.109,1.109,0.0,2019-01-15
1.109,1.109,1.109,0.0,2019-01-16
1.108,1.108,1.108,-0.0009017133,2019-01-17
1.11,1.11,1.11,0.0018050542,2019-01-18
1.11,1.11,1.11,0.0,2019-01-21
1.109,1.109,1.109,-0.0009009009,2019-01-22
1.111,1.111,1.111,0.0018034265,2019-01-23
1.111,1.111,1.111,0.0,2019-01-24
1.112,1.112,1.112,0.00090009,2019-01-25
1.113,1.113,1.113,0.0008992806,2019-01-28
1.113,1.113,1.113,0.0,2019-01-29
1.112,1.112,1.112,-0.0008984726,2019-01-30
1.113,1.113,1.113,0.0008992806,2019-01-31
1.114,1.114,1.114,0.0008984726,2019-02-01
1.12,1.12,1.12,0.0053859964,2019-02-11
1.121,1.121,1.121,0.0008928571,2019-02-12
1.122,1.122,1.122,0.0008920607,2019-02-13
1.121,1.121,1.121,-0.0008912656,2019-02-14
1.123,1.123,1.123,0.0017841213,2019-02-15
1.131,1.131,1.131,0.0071237756,2019-02-18
1.129,1.129,1.129,-0.0017683466,2019-02-19
1.131,1.131,1.131,0.0017714792,2019-02-20
1.135,1.135,1.135,0.0035366932,2019-02-21
1.141,1.141,1.141,0.0052863436,2019-02-22
1.147,1.147,1.147,0.0052585451,2019-02-25
1.15,1.15,1.15,0.0026155187,2019-02-26
1.143,1.143,1.143,-0.0060869565,2019-02-27
1.143,1.143,1.143,0.0,2019-02-28
1.147,1.147,1.147,0.0034995626,2019-03-01
1.155,1.155,1.155,0.0069747167,2019-03-04
1.161,1.161,1.161,0.0051948052,2019-03-05
1.162,1.162,1.162,0.0008613264,2019-03-06
1.16,1.16,1.16,-0.0017211704,2019-03-07
1.156,1.156,1.156,-0.0034482759,2019-03-08
1.169,1.169,1.169,0.0112456747,2019-03-11
1.172,1.172,1.172,0.002566296,2019-03-12
1.164,1.164,1.164,-0.0068259386,2019-03-13
1.157,1.157,1.157,-0.0060137457,2019-03-14
1.16,1.16,1.16,0.0025929127,2019-03-15
1.169,1.169,1.169,0.0077586207,2019-03-18
1.168,1.168,1.168,-0.000855432,2019-03-19
1.164,1.164,1.164,-0.0034246575,2019-03-20
1.165,1.165,1.165,0.0008591065,2019-03-21
1.166,1.166,1.166,0.0008583691,2019-03-22
1.167,1.167,1.167,0.0008576329,2019-03-25
1.165,1.165,1.165,-0.0017137961,2019-03-26
1.172,1.172,1.172,0.0060085837,2019-03-27
1.17,1.17,1.17,-0.0017064846,2019-03-28
1.175,1.175,1.175,0.0042735043,2019-03-29
1.193,1.193,1.193,0.0153191489,2019-04-01
1.192,1.192,1.192,-0.000838223,2019-04-02
1.194,1.194,1.194,0.0016778523,2019-04-03
1.199,1.199,1.199,0.0041876047,2019-04-04
1.191,1.191,1.191,-0.0066722269,2019-04-08
1.191,1.191,1.191,0.0,2019-04-09
1.19,1.19,1.19,-0.0008396306,2019-04-10
1.173,1.173,1.173,-0.0142857143,2019-04-11
1.176,1.176,1.176,0.0025575448,2019-04-12
1.167,1.167,1.167,-0.0076530612,2019-04-15
1.169,1.169,1.169,0.0017137961,2019-04-16
1.173,1.173,1.173,0.003421728,2019-04-17
1.173,1.173,1.173,0.0,2019-04-18
1.173,1.173,1.173,0.0,2019-04-19
1.17,1.17,1.17,-0.0025575448,2019-04-22
1.168,1.168,1.168,-0.0017094017,2019-04-23
1.17,1.17,1.17,0.0017123288,2019-04-24
1.166,1.166,1.166,-0.0034188034,2019-04-25
1.161,1.161,1.161,-0.0042881647,2019-04-26
1.161,1.161,1.161,0.0,2019-04-29
1.168,1.168,1.168,0.0060292851,2019-04-30
1.154,1.154,1.154,-0.0119863014,2019-05-06
1.156,1.156,1.156,0.0017331023,2019-05-07
1.149,1.149,1.149,-0.0060553633,2019-05-08
1.145,1.145,1.145,-0.0034812881,2019-05-09
1.162,1.162,1.162,0.0148471616,2019-05-10
1.16,1.16,1.16,-0.0017211704,2019-05-13
1.156,1.156,1.156,-0.0034482759,2019-05-14
1.169,1.169,1.169,0.0112456747,2019-05-15
1.17,1.17,1.17,0.000855432,2019-05-16
1.161,1.161,1.161,-0.0076923077,2019-05-17
1.151,1.151,1.151,-0.0086132644,2019-05-20
1.154,1.154,1.154,0.0026064292,2019-05-21
1.156,1.156,1.156,0.0017331023,2019-05-22
1.145,1.145,1.145,-0.0095155709,2019-05-23
1.143,1.143,1.143,-0.0017467249,2019-05-24
1.15,1.15,1.15,0.0061242345,2019-05-27
1.152,1.152,1.152,0.0017391304,2019-05-28
1.151,1.151,1.151,-0.0008680556,2019-05-29
1.152,1.152,1.152,0.0008688097,2019-05-30
1.153,1.153,1.153,0.0008680556,2019-05-31
1.148,1.148,1.148,-0.0043365134,2019-06-03
1.145,1.145,1.145,-0.0026132404,2019-06-04
1.141,1.141,1.141,-0.0034934498,2019-06-05
1.138,1.138,1.138,-0.0026292726,2019-06-06
1.143,1.143,1.143,0.0043936731,2019-06-10
1.153,1.153,1.153,0.0087489064,2019-06-11
1.147,1.147,1.147,-0.0052038161,2019-06-12
1.147,1.147,1.147,0.0,2019-06-13
1.143,1.143,1.143,-0.0034873583,2019-06-14
1.14,1.14,1.14,-0.0026246719,2019-06-17
1.143,1.143,1.143,0.0026315789,2019-06-18
1.143,1.143,1.143,0.0,2019-06-19
1.151,1.151,1.151,0.0069991251,2019-06-20
1.152,1.152,1.152,0.0008688097,2019-06-21
1.156,1.156,1.156,0.0034722222,2019-06-24
1.15,1.15,1.15,-0.0051903114,2019-06-25
1.151,1.151,1.151,0.0008695652,2019-06-26
1.159,1.159,1.159,0.0069504778,2019-06-27
1.155,1.155,1.155,-0.0034512511,2019-06-28
1.176,1.176,1.176,0.0181818182,2019-07-01
1.181,1.181,1.181,0.0042517007,2019-07-02
1.176,1.176,1.176,-0.0042337003,2019-07-03
1.165,1.165,1.165,-0.0093537415,2019-07-04
1.174,1.174,1.174,0.0077253219,2019-07-05
1.16,1.16,1.16,-0.0119250426,2019-07-08
1.158,1.158,1.158,-0.0017241379,2019-07-09
1.153,1.153,1.153,-0.0043177893,2019-07-10
1.153,1.153,1.153,0.0,2019-07-11
1.153,1.153,1.153,0.0,2019-07-12
1.153,1.153,1.153,0.0,2019-07-15
1.152,1.152,1.152,-0.0008673027,2019-07-16
1.151,1.151,1.151,-0.0008680556,2019-07-17
1.141,1.141,1.141,-0.0086880973,2019-07-18
1.147,1.147,1.147,0.0052585451,2019-07-19
1.142,1.142,1.142,-0.0043591979,2019-07-22
1.143,1.143,1.143,0.0008756567,2019-07-23
1.145,1.145,1.145,0.0017497813,2019-07-24
1.149,1.149,1.149,0.0034934498,2019-07-25
1.149,1.149,1.149,0.0,2019-07-26
1.15,1.15,1.15,0.000870322,2019-07-29
1.153,1.153,1.153,0.0026086957,2019-07-30
1.146,1.146,1.146,-0.0060711188,2019-07-31
1.142,1.142,1.142,-0.0034904014,2019-08-01
1.137,1.137,1.137,-0.0043782837,2019-08-02
1.133,1.133,1.133,-0.0035180299,2019-08-05
1.135,1.135,1.135,0.0017652251,2019-08-06
1.139,1.139,1.139,0.0035242291,2019-08-07
1.143,1.143,1.143,0.0035118525,2019-08-08
1.138,1.138,1.138,-0.0043744532,2019-08-09
1.141,1.141,1.141,0.0026362039,2019-08-12
1.146,1.146,1.146,0.0043821209,2019-08-13
1.148,1.148,1.148,0.0017452007,2019-08-14
1.148,1.148,1.148,0.0,2019-08-15
1.153,1.153,1.153,0.0043554007,2019-08-16
1.156,1.156,1.156,0.0026019081,2019-08-19
1.155,1.155,1.155,-0.0008650519,2019-08-20
1.153,1.153,1.153,-0.0017316017,2019-08-21
1.156,1.156,1.156,0.0026019081,2019-08-22
1.159,1.159,1.159,0.0025951557,2019-08-23
1.164,1.164,1.164,0.0043140638,2019-08-26
1.171,1.171,1.171,0.0060137457,2019-08-27
1.171,1.171,1.171,0.0,2019-08-28
1.171,1.171,1.171,0.0,2019-08-29
1.165,1.165,1.165,-0.0051238258,2019-08-30
1.181,1.181,1.181,0.0137339056,2019-09-02
1.182,1.182,1.182,0.0008467401,2019-09-03
1.18,1.18,1.18,-0.0016920474,2019-09-04
1.178,1.178,1.178,-0.0016949153,2019-09-05
1.173,1.173,1.173,-0.0042444822,2019-09-06
1.184,1.184,1.184,0.0093776641,2019-09-09
1.182,1.182,1.182,-0.0016891892,2019-09-10
1.169,1.169,1.169,-0.010998308,2019-09-11
1.168,1.168,1.168,-0.000855432,2019-09-12
1.165,1.165,1.165,-0.0025684932,2019-09-16
1.15,1.15,1.15,-0.0128755365,2019-09-17
1.151,1.151,1.151,0.0008695652,2019-09-18
1.154,1.154,1.154,0.0026064292,2019-09-19
1.155,1.155,1.155,0.0008665511,2019-09-20
1.152,1.152,1.152,-0.0025974026,2019-09-23
1.156,1.156,1.156,0.0034722222,2019-09-24
1.147,1.147,1.147,-0.0077854671,2019-09-25
1.119,1.119,1.119,-0.0244115083,2019-09-26
1.131,1.131,1.131,0.0107238606,2019-09-27
1.127,1.127,1.127,-0.0035366932,2019-09-30
1.132,1.132,1.132,0.0044365572,2019-10-08
1.137,1.137,1.137,0.0044169611,2019-10-09
1.158,1.158,1.158,0.018469657,2019-10-10
1.157,1.157,1.157,-0.0008635579,2019-10-11
1.173,1.173,1.173,0.0138288678,2019-10-14
1.155,1.155,1.155,-0.0153452685,2019-10-15
1.156,1.156,1.156,0.0008658009,2019-10-16
1.158,1.158,1.158,0.0017301038,2019-10-17
1.146,1.146,1.146,-0.0103626943,2019-10-18
1.139,1.139,1.139,-0.0061082024,2019-10-21
1.155,1.155,1.155,0.01404741,2019-10-22
1.146,1.146,1.146,-0.0077922078,2019-10-23
1.144,1.144,1.144,-0.0017452007,2019-10-24
1.154,1.154,1.154,0.0087412587,2019-10-25
1.182,1.182,1.182,0.0242634315,2019-10-28
1.18,1.18,1.18,-0.0016920474,2019-10-29
1.171,1.171,1.171,-0.0076271186,2019-10-30
1.167,1.167,1.167,-0.0034158839,2019-10-31
1.177,1.177,1.177,0.0085689803,2019-11-01
1.182,1.182,1.182,0.0042480884,2019-11-04
1.194,1.194,1.194,0.0101522843,2019-11-05
1.183,1.183,1.183,-0.0092127303,2019-11-06
1.191,1.191,1.191,0.0067624683,2019-11-07
1.183,1.183,1.183,-0.0067170445,2019-11-08
1.155,1.155,1.155,-0.0236686391,2019-11-11
1.159,1.159,1.159,0.0034632035,2019-11-12
1.154,1.154,1.154,-0.0043140638,2019-11-13
1.162,1.162,1.162,0.006932409,2019-11-14
1.144,1.144,1.144,-0.0154905336,2019-11-15
1.155,1.155,1.155,0.0096153846,2019-11-18
1.175,1.175,1.175,0.0173160173,2019-11-19
1.17,1.17,1.17,-0.0042553191,2019-11-20
1.169,1.169,1.169,-0.0008547009,2019-11-21
1.147,1.147,1.147,-0.0188195038,2019-11-22
1.136,1.136,1.136,-0.0095902354,2019-11-25
1.141,1.141,1.141,0.0044014085,2019-11-26
1.142,1.142,1.142,0.0008764242,2019-11-27
1.136,1.136,1.136,-0.0052539405,2019-11-28
1.129,1.129,1.129,-0.0061619718,2019-11-29
1.127,1.127,1.127,-0.0017714792,2019-12-02
1.132,1.132,1.132,0.0044365572,2019-12-03
1.122,1.122,1.122,-0.0088339223,2019-12-04
1.132,1.132,1.132,0.008912656,2019-12-05
1.14,1.14,1.14,0.0070671378,2019-12-06
1.14,1.14,1.14,0.0,2019-12-09
1.141,1.141,1.141,0.000877193,2019-12-10
1.138,1.138,1.138,-0.0026292726,2019-12-11
1.136,1.136,1.136,-0.0017574692,2019-12-12
1.159,1.159,1.159,0.0202464789,2019-12-13
1.171,1.171,1.171,0.0103537532,2019-12-16
1.18,1.18,1.18,0.0076857387,2019-12-17
1.173,1.173,1.173,-0.0059322034,2019-12-18
1.177,1.177,1.177,0.0034100597,2019-12-19
1.168,1.168,1.168,-0.007646559,2019-12-20
1.153,1.153,1.153,-0.0128424658,2019-12-23
1.172,1.172,1.172,0.0164787511,2019-12-24
1.179,1.179,1.179,0.0059726962,2019-12-25
1.182,1.182,1.182,0.0025445293,2019-12-26
1.176,1.176,1.176,-0.0050761421,2019-12-27
1.188,1.188,1.188,0.0102040816,2019-12-30
1.191,1.191,1.191,0.0025252525,2019-12-31
1.208,1.208,1.208,0.0142737196,2020-01-02
1.208,1.208,1.208,0.0,2020-01-03
1.214,1.214,1.214,0.0049668874,2020-01-06
1.22,1.22,1.22,0.0049423394,2020-01-07
1.209,1.209,1.209,-0.0090163934,2020-01-08
1.229,1.229,1.229,0.0165425972,2020-01-09
1.225,1.225,1.225,-0.0032546786,2020-01-10
1.243,1.243,1.243,0.0146938776,2020-01-13
1.239,1.239,1.239,-0.0032180209,2020-01-14
1.247,1.247,1.247,0.00645682,2020-01-15
1.248,1.248,1.248,0.0008019246,2020-01-16
1.245,1.245,1.245,-0.0024038462,2020-01-17
1.266,1.266,1.266,0.0168674699,2020-01-20
1.242,1.242,1.242,-0.018957346,2020-01-21
1.258,1.258,1.258,0.0128824477,2020-01-22
1.217,1.217,1.217,-0.0325914149,2020-01-23
1.144,1.144,1.144,-0.0599835661,2020-02-03
1.175,1.175,1.175,0.0270979021,2020-02-04
1.204,1.204,1.204,0.0246808511,2020-02-05
1.22,1.22,1.22,0.0132890365,2020-02-06
1.21,1.21,1.21,-0.0081967213,2020-02-07
1.221,1.221,1.221,0.0090909091,2020-02-10
1.224,1.224,1.224,0.0024570025,2020-02-11
1.253,1.253,1.253,0.0236928105,2020-02-12
1.263,1.263,1.263,0.007980846,2020-02-13
1.265,1.265,1.265,0.0015835313,2020-02-14
1.286,1.286,1.286,0.0166007905,2020-02-17
1.292,1.292,1.292,0.0046656299,2020-02-18
1.283,1.283,1.283,-0.0069659443,2020-02-19
1.288,1.288,1.288,0.0038971161,2020-02-20
1.298,1.298,1.298,0.0077639752,2020-02-21
1.308,1.308,1.308,0.0077041602,2020-02-24
1.326,1.326,1.326,0.0137614679,2020-02-25
1.285,1.285,1.285,-0.0309200603,2020-02-26
1.29,1.29,1.29,0.0038910506,2020-02-27
1.254,1.254,1.254,-0.0279069767,2020-02-28
1.269,1.269,1.269,0.0119617225,2020-03-02
1.279,1.279,1.279,0.0078802206,2020-03-03
1.284,1.284,1.284,0.0039093041,2020-03-04
1.283,1.283,1.283,-0.0007788162,2020-03-05
1.278,1.278,1.278,-0.0038971161,2020-03-06
1.255,1.255,1.255,-0.0179968701,2020-03-09
1.259,1.259,1.259,0.003187251,2020-03-10
1.246,1.246,1.246,-0.0103256553,2020-03-11
1.222,1.222,1.222,-0.0192616372,2020-03-12
1.214,1.214,1.214,-0.0065466448,2020-03-13
1.169,1.169,1.169,-0.0370675453,2020-03-16
1.173,1.173,1.173,0.003421728,2020-03-17
1.159,1.159,1.159,-0.0119352089,2020-03-18
1.151,1.151,1.151,-0.0069025022,2020-03-19
1.168,1.168,1.168,0.0147697654,2020-03-20
1.147,1.147,1.147,-0.0179794521,2020-03-23
1.165,1.165,1.165,0.0156931125,2020-03-24
1.186,1.186,1.186,0.0180257511,2020-03-25
1.187,1.187,1.187,0.0008431703,2020-03-26
1.182,1.182,1.182,-0.0042122999,2020-03-27
1.172,1.172,1.172,-0.0084602369,2020-03-30
1.187,1.187,1.187,0.0127986348,2020-03-31
1.175,1.175,1.175,-0.0101095198,2020-04-01
1.18,1.18,1.18,0.0042553191,2020-04-02
1.188,1.188,1.188,0.006779661,2020-04-03
1.212,1.212,1.212,0.0202020202,2020-04-07
1.2,1.2,1.2,-0.0099009901,2020-04-08
1.222,1.222,1.222,0.0183333333,2020-04-09
1.213,1.213,1.213,-0.0073649755,2020-04-10
1.219,1.219,1.219,0.0049464138,2020-04-13
1.232,1.232,1.232,0.0106644791,2020-04-14
1.222,1.222,1.222,-0.0081168831,2020-04-15
1.227,1.227,1.227,0.004091653,2020-04-16
1.23,1.23,1.23,0.0024449878,2020-04-17
1.245,1.245,1.245,0.012195122,2020-04-20
1.242,1.242,1.242,-0.0024096386,2020-04-21
1.258,1.258,1.258,0.0128824477,2020-04-22
1.258,1.258,1.258,0.0,2020-04-23
1.234,1.234,1.234,-0.0190779014,2020-04-24
1.237,1.237,1.237,0.0024311183,2020-04-27
1.239,1.239,1.239,0.0016168149,2020-04-28
1.226,1.226,1.226,-0.0104923325,2020-04-29
1.221,1.221,1.221,-0.0040783034,2020-04-30
1.228,1.228,1.228,0.0057330057,2020-05-06
1.231,1.231,1.231,0.0024429967,2020-05-07
1.236,1.236,1.236,0.0040617384,2020-05-08
1.226,1.226,1.226,-0.0080906149,2020-05-11
1.234,1.234,1.234,0.0065252855,2020-05-12
1.26,1.26,1.26,0.0210696921,2020-05-13
1.233,1.233,1.233,-0.0214285714,2020-05-14
1.244,1.244,1.244,0.0089213301,2020-05-15
1.256,1.256,1.256,0.0096463023,2020-05-18
1.269,1.269,1.269,0.0103503185,2020-05-19
1.249,1.249,1.249,-0.0157604413,2020-05-20
1.251,1.251,1.251,0.001601281,2020-05-21
1.228,1.228,1.228,-0.0183852918,2020-05-22
1.234,1.234,1.234,0.0048859935,2020-05-25
1.271,1.271,1.271,0.0299837925,2020-05-26
1.276,1.276,1.276,0.0039339103,2020-05-27
1.258,1.258,1.258,-0.0141065831,2020-05-28
1.296,1.296,1.296,0.0302066773,2020-05-29
1.334,1.334,1.334,0.0293209877,2020-06-01
1.317,1.317,1.317,-0.0127436282,2020-06-02
1.313,1.313,1.313,-0.0030372058,2020-06-03
1.314,1.314,1.314,0.0007616146,2020-06-04
1.31,1.31,1.31,-0.00304414,2020-06-05
1.305,1.305,1.305,-0.0038167939,2020-06-08
1.314,1.314,1.314,0.0068965517,2020-06-09
1.323,1.323,1.323,0.0068493151,2020-06-10
1.302,1.302,1.302,-0.0158730159,2020-06-11
1.319,1.319,1.319,0.0130568356,2020-06-12
1.342,1.342,1.342,0.0174374526,2020-06-15
1.376,1.376,1.376,0.0253353204,2020-06-16
1.394,1.394,1.394,0.0130813953,2020-06-17
1.367,1.367,1.367,-0.0193687231,2020-06-18
1.403,1.403,1.403,0.0263350402,2020-06-19
1.395,1.395,1.395,-0.005702067,2020-06-22
1.411,1.411,1.411,0.0114695341,2020-06-23
1.382,1.382,1.382,-0.0205527994,2020-06-24
1.394,1.394,1.394,0.008683068,2020-06-29
1.413,1.413,1.413,0.0136298422,2020-06-30
1.416,1.416,1.416,0.0021231423,2020-07-01
1.421,1.421,1.421,0.0035310734,2020-07-02
1.432,1.432,1.432,0.0077410274,2020-07-03
1.44,1.44,1.44,0.0055865922,2020-07-06
1.466,1.466,1.466,0.0180555556,2020-07-07
1.487,1.487,1.487,0.014324693,2020-07-08
1.525,1.525,1.525,0.0255548083,2020-07-09
1.529,1.529,1.529,0.0026229508,2020-07-10
1.6,1.6,1.6,0.0464355788,2020-07-13
1.605,1.605,1.605,0.003125,2020-07-14
1.618,1.618,1.618,0.0080996885,2020-07-15
1.502,1.502,1.502,-0.0716934487,2020-07-16
1.539,1.539,1.539,0.0246338216,2020-07-17
1.571,1.571,1.571,0.0207927225,2020-07-20
1.594,1.594,1.594,0.0146403565,2020-07-21
1.603,1.603,1.603,0.0056461731,2020-07-22
1.594,1.594,1.594,-0.0056144729,2020-07-23
1.494,1.494,1.494,-0.0627352572,2020-07-24
1.497,1.497,1.497,0.0020080321,2020-07-27
1.549,1.549,1.549,0.0347361389,2020-07-28
1.589,1.589,1.589,0.0258231117,2020-07-29
1.569,1.569,1.569,-0.0125865324,2020-07-30
1.566,1.566,1.566,-0.0019120459,2020-07-31
1.592,1.592,1.592,0.0166028097,2020-08-03
1.561,1.561,1.561,-0.0194723618,2020-08-04
1.58,1.58,1.58,0.0121716848,2020-08-05
1.57,1.57,1.57,-0.0063291139,2020-08-06
1.55,1.55,1.55,-0.0127388535,2020-08-07
1.56,1.56,1.56,0.0064516129,2020-08-10
1.558,1.558,1.558,-0.0012820513,2020-08-11
1.513,1.513,1.513,-0.0288831836,2020-08-12
1.525,1.525,1.525,0.0079312624,2020-08-13
1.553,1.553,1.553,0.0183606557,2020-08-14
1.591,1.591,1.591,0.0244687701,2020-08-17
1.588,1.588,1.588,-0.0018856065,2020-08-18
1.576,1.576,1.576,-0.0075566751,2020-08-19
1.544,1.544,1.544,-0.0203045685,2020-08-20
1.556,1.556,1.556,0.0077720207,2020-08-21
1.582,1.582,1.582,0.0167095116,2020-08-24
1.573,1.573,1.573,-0.0056890013,2020-08-25
1.559,1.559,1.559,-0.0089001907,2020-08-26
1.582,1.582,1.582,0.0147530468,2020-08-27
1.6,1.6,1.6,0.0113780025,2020-08-28
1.598,1.598,1.598,-0.00125,2020-08-31
1.607,1.607,1.607,0.0056320401,2020-09-01
1.601,1.601,1.601,-0.0037336652,2020-09-02
1.581,1.581,1.581,-0.0124921924,2020-09-03
1.562,1.562,1.562,-0.0120177103,2020-09-04
1.519,1.519,1.519,-0.0275288092,2020-09-07
1.509,1.509,1.509,-0.0065832785,2020-09-08
1.456,1.456,1.456,-0.0351225977,2020-09-09
1.452,1.452,1.452,-0.0027472527,2020-09-10
1.473,1.473,1.473,0.0144628099,2020-09-11
1.478,1.478,1.478,0.0033944331,2020-09-14
1.498,1.498,1.498,0.0135317997,2020-09-15
1.486,1.486,1.486,-0.0080106809,2020-09-16
1.488,1.488,1.488,0.001345895,2020-09-17
1.521,1.521,1.521,0.0221774194,2020-09-18
1.507,1.507,1.507,-0.0092044707,2020-09-21
1.508,1.508,1.508,0.00066357,2020-09-22
1.527,1.527,1.527,0.0125994695,2020-09-23
1.494,1.494,1.494,-0.021611002,2020-09-24
1.488,1.488,1.488,-0.0040160643,2020-09-25
1.492,1.492,1.492,0.002688172,2020-09-28
1.502,1.502,1.502,0.0067024129,2020-09-29
1.525,1.525,1.525,0.0153129161,2020-09-30
1.573,1.573,1.573,0.0314754098,2020-10-09
1.617,1.617,1.617,0.027972028,2020-10-12
1.63,1.63,1.63,0.0080395795,2020-10-13
1.634,1.634,1.634,0.0024539877,2020-10-14
1.604,1.604,1.604,-0.0183598531,2020-10-15
1.612,1.612,1.612,0.0049875312,2020-10-16
1.583,1.583,1.583,-0.0179900744,2020-10-19
1.605,1.605,1.605,0.0138976627,2020-10-20
1.564,1.564,1.564,-0.0255451713,2020-10-21
1.541,1.541,1.541,-0.0147058824,2020-10-22
1.514,1.514,1.514,-0.0175210902,2020-10-23
1.537,1.537,1.537,0.0151915456,2020-10-26
1.539,1.539,1.539,0.0013012362,2020-10-27
1.54,1.54,1.54,0.0006497726,2020-10-28
1.584,1.584,1.584,0.0285714286,2020-10-29
1.55,1.55,1.55,-0.0214646465,2020-10-30
1.572,1.572,1.572,0.0141935484,2020-11-02
1.589,1.589,1.589,0.0108142494,2020-11-03
1.612,1.612,1.612,0.0144745123,2020-11-04
1.639,1.639,1.639,0.0167493797,2020-11-05
1.62,1.62,1.62,-0.0115924344,2020-11-06
1.666,1.666,1.666,0.0283950617,2020-11-09
1.607,1.607,1.607,-0.0354141657,2020-11-10
1.566,1.566,1.566,-0.025513379,2020-11-11
1.578,1.578,1.578,0.0076628352,2020-11-12
1.581,1.581,1.581,0.0019011407,2020-11-13
1.585,1.585,1.585,0.0025300443,2020-11-16
1.564,1.564,1.564,-0.0132492114,2020-11-17
1.558,1.558,1.558,-0.0038363171,2020-11-18
1.599,1.599,1.599,0.0263157895,2020-11-19
1.618,1.618,1.618,0.0118824265,2020-11-20
1.622,1.622,1.622,0.0024721879,2020-11-23
1.628,1.628,1.628,0.0036991369,2020-11-24
1.59,1.59,1.59,-0.0233415233,2020-11-25
1.59,1.59,1.59,0.0,2020-11-26
1.593,1.593,1.593,0.0018867925,2020-11-27
1.585,1.585,1.585,-0.0050219711,2020-11-30
1.614,1.614,1.614,0.01829653,2020-12-01
1.614,1.614,1.614,0.0,2020-12-02
1.607,1.607,1.607,-0.0043370508,2020-12-03
1.616,1.616,1.616,0.0056004978,2020-12-04
1.621,1.621,1.621,0.0030940594,2020-12-07
1.634,1.634,1.634,0.0080197409,2020-12-08
1.602,1.602,1.602,-0.0195838433,2020-12-09
1.616,1.616,1.616,0.0087390762,2020-12-10
1.612,1.612,1.612,-0.0024752475,2020-12-11
1.651,1.651,1.651,0.0241935484,2020-12-14
1.654,1.654,1.654,0.0018170806,2020-12-15
1.665,1.665,1.665,0.0066505441,2020-12-16
1.667,1.667,1.667,0.0012012012,2020-12-17
1.667,1.667,1.667,0.0,2020-12-18
1.714,1.714,1.714,0.0281943611,2020-12-21
1.688,1.688,1.688,-0.0151691949,2020-12-22
1.708,1.708,1.708,0.0118483412,2020-12-23
1.704,1.704,1.704,-0.0023419204,2020-12-24
1.716,1.716,1.716,0.0070422535,2020-12-25
1.717,1.717,1.717,0.0005827506,2020-12-28
1.694,1.694,1.694,-0.0133954572,2020-12-29
1.738,1.738,1.738,0.025974026,2020-12-30
1.74,1.74,1.74,0.001150748,2020-12-31
1.81,1.81,1.81,0.0402298851,2021-01-04
1.844,1.844,1.844,0.0187845304,2021-01-05
1.853,1.853,1.853,0.0048806941,2021-01-06
1.877,1.877,1.877,0.0129519698,2021-01-07
1.885,1.885,1.885,0.0042621204,2021-01-08
1.858,1.858,1.858,-0.0143236074,2021-01-11
1.887,1.887,1.887,0.0156081808,2021-01-12
1.889,1.889,1.889,0.0010598834,2021-01-13
1.864,1.864,1.864,-0.0132345156,2021-01-14
1.853,1.853,1.853,-0.0059012876,2021-01-15
1.901,1.901,1.901,0.0259039396,2021-01-18
1.879,1.879,1.879,-0.0115728564,2021-01-19
1.914,1.914,1.914,0.0186269292,2021-01-20
1.954,1.954,1.954,0.0208986416,2021-01-21
1.979,1.979,1.979,0.0127942682,2021-01-22
1.99,1.99,1.99,0.0055583628,2021-01-25
1.942,1.942,1.942,-0.024120603,2021-01-26
1.938,1.938,1.938,-0.0020597322,2021-01-27
1.854,1.854,1.854,-0.0433436533,2021-01-28
1.82,1.82,1.82,-0.0183387271,2021-01-29
1.865,1.865,1.865,0.0247252747,2021-02-01
1.898,1.898,1.898,0.01769437,2021-02-02
1.898,1.898,1.898,0.0,2021-02-03
1.878,1.878,1.878,-0.0105374078,2021-02-04
1.842,1.842,1.842,-0.0191693291,2021-02-05
1.873,1.873,1.873,0.0168295331,2021-02-08
1.932,1.932,1.932,0.031500267,2021-02-09
1.963,1.963,1.963,0.0160455487,2021-02-10
1.978,1.978,1.978,0.0076413653,2021-02-18
1.99,1.99,1.99,0.0060667341,2021-02-19
1.946,1.946,1.946,-0.0221105528,2021-02-22
1.929,1.929,1.929,-0.0087358684,2021-02-23
1.861,1.861,1.861,-0.0352514256,2021-02-24
1.87,1.87,1.87,0.0048361096,2021-02-25
1.813,1.813,1.813,-0.0304812834,2021-02-26
1.86,1.86,1.86,0.0259238831,2021-03-01
1.855,1.855,1.855,-0.002688172,2021-03-02
1.875,1.875,1.875,0.0107816712,2021-03-03
1.814,1.814,1.814,-0.0325333333,2021-03-04
1.786,1.786,1.786,-0.0154355017,2021-03-05
1.734,1.734,1.734,-0.0291153415,2021-03-08
1.692,1.692,1.692,-0.0242214533,2021-03-09
1.687,1.687,1.687,-0.0029550827,2021-03-10
1.738,1.738,1.738,0.0302311796,2021-03-11
1.755,1.755,1.755,0.0097813579,2021-03-12
1.758,1.758,1.758,0.0017094017,2021-03-15
1.759,1.759,1.759,0.0005688282,2021-03-16
1.753,1.753,1.753,-0.003411029,2021-03-17
1.765,1.765,1.765,0.0068454079,2021-03-18
1.726,1.726,1.726,-0.0220963173,2021-03-19
1.746,1.746,1.746,0.0115874855,2021-03-22
1.702,1.702,1.702,-0.0252004582,2021-03-23
1.641,1.641,1.641,-0.035840188,2021-03-24
1.641,1.641,1.641,0.0,2021-03-25
1.67,1.67,1.67,0.0176721511,2021-03-26
1.678,1.678,1.678,0.0047904192,2021-03-29
1.686,1.686,1.686,0.0047675805,2021-03-30
1.664,1.664,1.664,-0.0130486358,2021-03-31
1.676,1.676,1.676,0.0072115385,2021-04-01
1.671,1.671,1.671,-0.0029832936,2021-04-02
1.666,1.666,1.666,-0.0029922202,2021-04-06
1.679,1.679,1.679,0.0078031212,2021-04-07
1.675,1.675,1.675,-0.0023823705,2021-04-08
1.665,1.665,1.665,-0.0059701493,2021-04-09
1.634,1.634,1.634,-0.0186186186,2021-04-12
1.629,1.629,1.629,-0.0030599755,2021-04-13
1.644,1.644,1.644,0.0092081031,2021-04-14
1.638,1.638,1.638,-0.003649635,2021-04-15
1.639,1.639,1.639,0.0006105006,2021-04-16
1.673,1.673,1.673,0.0207443563,2021-04-19
1.664,1.664,1.664,-0.0053795577,2021-04-20
1.668,1.668,1.668,0.0024038462,2021-04-21
1.679,1.679,1.679,0.0065947242,2021-04-22
1.696,1.696,1.696,0.0101250744,2021-04-23
1.678,1.678,1.678,-0.0106132075,2021-04-26
1.682,1.682,1.682,0.0023837902,2021-04-27
1.679,1.679,1.679,-0.001783591,2021-04-28
1.681,1.681,1.681,0.0011911852,2021-04-29
1.686,1.686,1.686,0.00297442,2021-04-30
1.684,1.684,1.684,-0.0011862396,2021-05-06
1.669,1.669,1.669,-0.0089073634,2021-05-07
1.68,1.68,1.68,0.0065907729,2021-05-10
1.66,1.66,1.66,-0.0119047619,2021-05-11
1.682,1.682,1.682,0.013253012,2021-05-12
1.65,1.65,1.65,-0.0190249703,2021-05-13
1.658,1.658,1.658,0.0048484848,2021-05-14
1.679,1.679,1.679,0.0126658625,2021-05-17
1.684,1.684,1.684,0.0029779631,2021-05-18
1.673,1.673,1.673,-0.0065320665,2021-05-19
1.66,1.66,1.66,-0.0077704722,2021-05-20
1.658,1.658,1.658,-0.0012048193,2021-05-21
1.669,1.669,1.669,0.0066344994,2021-05-24
1.696,1.696,1.696,0.0161773517,2021-05-25
1.71,1.71,1.71,0.008254717,2021-05-26
1.733,1.733,1.733,0.0134502924,2021-05-27
1.714,1.714,1.714,-0.0109636469,2021-05-28
1.734,1.734,1.734,0.0116686114,2021-05-31
1.73,1.73,1.73,-0.0023068051,2021-06-01
1.701,1.701,1.701,-0.0167630058,2021-06-02
1.704,1.704,1.704,0.0017636684,2021-06-03
1.716,1.716,1.716,0.0070422535,2021-06-04
1.719,1.719,1.719,0.0017482517,2021-06-07
1.697,1.697,1.697,-0.0127981385,2021-06-08
1.708,1.708,1.708,0.0064820271,2021-06-09
1.719,1.719,1.719,0.006440281,2021-06-10
1.703,1.703,1.703,-0.0093077371,2021-06-11
1.704,1.704,1.704,0.0005871991,2021-06-15
1.649,1.649,1.649,-0.0322769953,2021-06-16
1.7,1.7,1.7,0.0309278351,2021-06-17
1.73,1.73,1.73,0.0176470588,2021-06-18
1.762,1.762,1.762,0.0184971098,2021-06-21
1.787,1.787,1.787,0.0141884222,2021-06-22
1.807,1.807,1.807,0.0111919418,2021-06-23
1.777,1.777,1.777,-0.0166021029,2021-06-24
1.777,1.777,1.777,0.0,2021-06-25
1.791,1.791,1.791,0.0078784468,2021-06-28
1.779,1.779,1.779,-0.0067001675,2021-06-29
1.795,1.795,1.795,0.0089938168,2021-06-30
1.765,1.765,1.765,-0.0167130919,2021-07-01
1.721,1.721,1.721,-0.0249291785,2021-07-02
1.753,1.753,1.753,0.0185938408,2021-07-05
1.74,1.74,1.74,-0.0074158585,2021-07-06
1.788,1.788,1.788,0.0275862069,2021-07-07
1.785,1.785,1.785,-0.0016778523,2021-07-08
1.785,1.785,1.785,0.0,2021-07-09
1.8,1.8,1.8,0.0084033613,2021-07-12
1.799,1.799,1.799,-0.0005555556,2021-07-13
1.776,1.776,1.776,-0.0127848805,2021-07-14
1.789,1.789,1.789,0.0073198198,2021-07-15
1.781,1.781,1.781,-0.0044717719,2021-07-16
1.776,1.776,1.776,-0.0028074116,2021-07-19
1.779,1.779,1.779,0.0016891892,2021-07-20
1.809,1.809,1.809,0.0168634064,2021-07-21
1.821,1.821,1.821,0.0066334992,2021-07-22
1.815,1.815,1.815,-0.0032948929,2021-07-23
1.815,1.815,1.815,0.0,2021-07-26
1.78,1.78,1.78,-0.0192837466,2021-07-27
1.769,1.769,1.769,-0.0061797753,2021-07-28
1.806,1.806,1.806,0.0209157716,2021-07-29
1.822,1.822,1.822,0.0088593577,2021-07-30
1.841,1.841,1.841,0.010428101,2021-08-02
1.815,1.815,1.815,-0.0141227594,2021-08-03
1.839,1.839,1.839,0.0132231405,2021-08-04
1.849,1.849,1.849,0.0054377379,2021-08-05
1.844,1.844,1.844,-0.0027041644,2021-08-06
1.833,1.833,1.833,-0.0059652928,2021-08-09
1.849,1.849,1.849,0.0087288598,2021-08-10
1.852,1.852,1.852,0.0016224986,2021-08-11
1.848,1.848,1.848,-0.0021598272,2021-08-12
1.833,1.833,1.833,-0.0081168831,2021-08-13
1.808,1.808,1.808,-0.0136388434,2021-08-16
1.784,1.784,1.784,-0.0132743363,2021-08-17
1.786,1.786,1.786,0.0011210762,2021-08-18
1.791,1.791,1.791,0.0027995521,2021-08-19
1.792,1.792,1.792,0.0005583473,2021-08-20
1.812,1.812,1.812,0.0111607143,2021-08-23
1.818,1.818,1.818,0.0033112583,2021-08-24
1.823,1.823,1.823,0.002750275,2021-08-25
1.822,1.822,1.822,-0.0005485464,2021-08-26
1.829,1.829,1.829,0.0038419319,2021-08-27
1.85,1.85,1.85,0.011481684,2021-08-30
1.864,1.864,1.864,0.0075675676,2021-08-31
1.825,1.825,1.825,-0.0209227468,2021-09-01
1.854,1.854,1.854,0.015890411,2021-09-02
1.836,1.836,1.836,-0.0097087379,2021-09-03
1.856,1.856,1.856,0.0108932462,2021-09-06
1.878,1.878,1.878,0.0118534483,2021-09-07
1.876,1.876,1.876,-0.0010649627,2021-09-08
1.894,1.894,1.894,0.0095948827,2021-09-09
1.884,1.884,1.884,-0.005279831,2021-09-10
1.894,1.894,1.894,0.0053078556,2021-09-13
1.871,1.871,1.871,-0.0121436114,2021-09-14
1.867,1.867,1.867,-0.0021378942,2021-09-15
1.842,1.842,1.842,-0.013390466,2021-09-16
1.843,1.843,1.843,0.0005428882,2021-09-17
1.845,1.845,1.845,0.0010851872,2021-09-22
1.839,1.839,1.839,-0.0032520325,2021-09-23
1.83,1.83,1.83,-0.0048939641,2021-09-24
1.823,1.823,1.823,-0.0038251366,2021-09-27
1.825,1.825,1.825,0.0010970927,2021-09-28
1.812,1.812,1.812,-0.0071232877,2021-09-29
1.819,1.819,1.819,0.0038631347,2021-09-30
1.816,1.816,1.816,-0.0016492578,2021-10-08
1.823,1.823,1.823,0.0038546256,2021-10-11
1.81,1.81,1.81,-0.0071311026,2021-10-12
1.81,1.81,1.81,0.0,2021-10-13
1.801,1.801,1.801,-0.0049723757,2021-10-14
1.8,1.8,1.8,-0.0005552471,2021-10-15
1.803,1.803,1.803,0.0016666667,2021-10-18
1.804,1.804,1.804,0.0005546312,2021-10-19
1.804,1.804,1.804,0.0,2021-10-20
1.797,1.797,1.797,-0.0038802661,2021-10-21
1.797,1.797,1.797,0.0,2021-10-22
1.797,1.797,1.797,0.0,2021-10-25
1.796,1.796,1.796,-0.000556483,2021-10-26
1.781,1.781,1.781,-0.0083518931,2021-10-27
1.778,1.778,1.778,-0.0016844469,2021-10-28
1.787,1.787,1.787,0.0050618673,2021-10-29
1.797,1.797,1.797,0.0055959709,2021-11-01
1.796,1.796,1.796,-0.000556483,2021-11-02
1.791,1.791,1.791,-0.0027839644,2021-11-03
1.812,1.812,1.812,0.0117252931,2021-11-04
1.797,1.797,1.797,-0.0082781457,2021-11-05
1.794,1.794,1.794,-0.0016694491,2021-11-08
1.802,1.802,1.802,0.0044593088,2021-11-09
1.807,1.807,1.807,0.0027746948,2021-11-10
1.817,1.817,1.817,0.0055340343,2021-11-11
1.839,1.839,1.839,0.0121078701,2021-11-12
1.83,1.83,1.83,-0.0048939641,2021-11-15
1.828,1.828,1.828,-0.0010928962,2021-11-16
1.832,1.832,1.832,0.0021881838,2021-11-17
1.816,1.816,1.816,-0.0087336245,2021-11-18
1.822,1.822,1.822,0.0033039648,2021-11-19
1.851,1.851,1.851,0.0159165752,2021-11-22
1.851,1.851,1.851,0.0,2021-11-23
1.859,1.859,1.859,0.0043219881,2021-11-24
1.844,1.844,1.844,-0.0080688542,2021-11-25
1.836,1.836,1.836,-0.0043383948,2021-11-26
1.847,1.847,1.847,0.0059912854,2021-11-29
1.853,1.853,1.853,0.0032485111,2021-11-30
1.841,1.841,1.841,-0.0064759849,2021-12-01
1.836,1.836,1.836,-0.0027159153,2021-12-02
1.849,1.849,1.849,0.00708061,2021-12-03
1.834,1.834,1.834,-0.0081124932,2021-12-06
1.824,1.824,1.824,-0.0054525627,2021-12-07
1.843,1.843,1.843,0.0104166667,2021-12-08
1.851,1.851,1.851,0.0043407488,2021-12-09
1.84,1.84,1.84,-0.0059427337,2021-12-10
1.848,1.848,1.848,0.0043478261,2021-12-13
1.847,1.847,1.847,-0.0005411255,2021-12-14
1.841,1.841,1.841,-0.0032485111,2021-12-15
1.849,1.849,1.849,0.0043454644,2021-12-16
1.829,1.829,1.829,-0.0108166577,2021-12-17
1.814,1.814,1.814,-0.0082012028,2021-12-20
1.835,1.835,1.835,0.0115766262,2021-12-21
1.846,1.846,1.846,0.0059945504,2021-12-22
1.862,1.862,1.862,0.0086673889,2021-12-23
1.875,1.875,1.875,0.0069817401,2021-12-24
1.861,1.861,1.861,-0.0074666667,2021-12-27
1.845,1.845,1.845,-0.0085975282,2021-12-28
1.831,1.831,1.831,-0.0075880759,2021-12-29
1.857,1.857,1.857,0.0141998908,2021-12-30
1.87,1.87,1.87,0.0070005385,2021-12-31
1.889,1.889,1.889,0.0101604278,2022-01-04
1.86,1.86,1.86,-0.0153520381,2022-01-05
1.852,1.852,1.852,-0.0043010753,2022-01-06
1.835,1.835,1.835,-0.0091792657,2022-01-07
1.843,1.843,1.843,0.004359673,2022-01-10
1.832,1.832,1.832,-0.0059685296,2022-01-11
1.835,1.835,1.835,0.0016375546,2022-01-12
1.809,1.809,1.809,-0.0141689373,2022-01-13
1.808,1.808,1.808,-0.0005527916,2022-01-14
1.81,1.81,1.81,0.0011061947,2022-01-17
1.81,1.81,1.81,0.0,2022-01-18
1.81,1.81,1.81,0.0,2022-01-19
1.807,1.807,1.807,-0.0016574586,2022-01-20
1.798,1.798,1.798,-0.0049806309,2022-01-21
1.799,1.799,1.799,0.0005561735,2022-01-24
1.789,1.789,1.789,-0.0055586437,2022-01-25
1.785,1.785,1.785,-0.002235886,2022-01-26
1.772,1.772,1.772,-0.0072829132,2022-01-27
1.78,1.78,1.78,0.0045146727,2022-01-28
1.787,1.787,1.787,0.0039325843,2022-02-07
1.797,1.797,1.797,0.0055959709,2022-02-08
1.809,1.809,1.809,0.0066777963,2022-02-09
1.819,1.819,1.819,0.005527916,2022-02-10
1.816,1.816,1.816,-0.0016492578,2022-02-11
1.805,1.805,1.805,-0.0060572687,2022-02-14
1.797,1.797,1.797,-0.004432133,2022-02-15
1.797,1.797,1.797,0.0,2022-02-16
1.793,1.793,1.793,-0.0022259321,2022-02-17
1.797,1.797,1.797,0.0022308979,2022-02-18
1.801,1.801,1.801,0.0022259321,2022-02-21
1.787,1.787,1.787,-0.0077734592,2022-02-22
1.786,1.786,1.786,-0.0005595971,2022-02-23
1.776,1.776,1.776,-0.0055991041,2022-02-24
1.779,1.779,1.779,0.0016891892,2022-02-25
1.779,1.779,1.779,0.0,2022-02-28
1.784,1.784,1.784,0.0028105677,2022-03-01
1.783,1.783,1.783,-0.0005605381,2022-03-02
1.784,1.784,1.784,0.0005608525,2022-03-03
1.783,1.783,1.783,-0.0005605381,2022-03-04
1.768,1.768,1.768,-0.0084127874,2022-03-07
1.762,1.762,1.762,-0.0033936652,2022-03-08
1.763,1.763,1.763,0.0005675369,2022-03-09
1.763,1.763,1.763,0.0,2022-03-10
1.769,1.769,1.769,0.0034032898,2022-03-11
1.758,1.758,1.758,-0.0062182024,2022-03-14
1.749,1.749,1.749,-0.0051194539,2022-03-15
1.765,1.765,1.765,0.0091480846,2022-03-16
1.768,1.768,1.768,0.0016997167,2022-03-17
1.766,1.766,1.766,-0.0011312217,2022-03-18
1.765,1.765,1.765,-0.0005662514,2022-03-21
1.766,1.766,1.766,0.0005665722,2022-03-22
1.767,1.767,1.767,0.0005662514,2022-03-23
1.761,1.761,1.761,-0.0033955857,2022-03-24
1.756,1.756,1.756,-0.0028392959,2022-03-25
1.757,1.757,1.757,0.0005694761,2022-03-28
1.753,1.753,1.753,-0.0022766079,2022-03-29
1.758,1.758,1.758,0.0028522533,2022-03-30
1.755,1.755,1.755,-0.0017064846,2022-03-31
1.757,1.757,1.757,0.0011396011,2022-04-01
1.753,1.753,1.753,-0.0022766079,2022-04-06
1.748,1.748,1.748,-0.0028522533,2022-04-07
1.747,1.747,1.747,-0.0005720824,2022-04-08
1.741,1.741,1.741,-0.0034344591,2022-04-11
1.744,1.744,1.744,0.0017231476,2022-04-12
1.743,1.743,1.743,-0.0005733945,2022-04-13
1.755,1.755,1.755,0.0068846816,2022-04-14
1.756,1.756,1.756,0.0005698006,2022-04-15
1.755,1.755,1.755,-0.0005694761,2022-04-18
1.75,1.75,1.75,-0.0028490028,2022-04-19
1.744,1.744,1.744,-0.0034285714,2022-04-20
1.737,1.737,1.737,-0.0040137615,2022-04-21
1.737,1.737,1.737,0.0,2022-04-22
1.728,1.728,1.728,-0.0051813472,2022-04-25
1.729,1.729,1.729,0.0005787037,2022-04-26
1.731,1.731,1.731,0.001156738,2022-04-27
1.735,1.735,1.735,0.002310803,2022-04-28
1.743,1.743,1.743,0.004610951,2022-04-29
1.745,1.745,1.745,0.0011474469,2022-05-05
1.738,1.738,1.738,-0.0040114613,2022-05-06
1.737,1.737,1.737,-0.000575374,2022-05-09
1.743,1.743,1.743,0.0034542314,2022-05-10
1.741,1.741,1.741,-0.0011474469,2022-05-11
1.741,1.741,1.741,0.0,2022-05-12
1.742,1.742,1.742,0.0005743825,2022-05-13
1.742,1.742,1.742,0.0,2022-05-16
1.739,1.739,1.739,-0.0017221584,2022-05-17
1.738,1.738,1.738,-0.0005750431,2022-05-18
1.739,1.739,1.739,0.000575374,2022-05-19
1.743,1.743,1.743,0.0023001725,2022-05-20
1.741,1.741,1.741,-0.0011474469,2022-05-23
1.733,1.733,1.733,-0.0045950603,2022-05-24
1.735,1.735,1.735,0.0011540681,2022-05-25
1.736,1.736,1.736,0.0005763689,2022-05-26
1.736,1.736,1.736,0.0,2022-05-27
1.737,1.737,1.737,0.0005760369,2022-05-30
1.739,1.739,1.739,0.0011514105,2022-05-31
1.734,1.734,1.734,-0.0028752156,2022-06-01
1.735,1.735,1.735,0.0005767013,2022-06-02
1.741,1.741,1.741,0.0034582133,2022-06-06
1.737,1.737,1.737,-0.0022975302,2022-06-07
1.739,1.739,1.739,0.0011514105,2022-06-08
1.735,1.735,1.735,-0.0023001725,2022-06-09
1.74,1.74,1.74,0.0028818444,2022-06-10
1.738,1.738,1.738,-0.0011494253,2022-06-13
1.734,1.734,1.734,-0.002301496,2022-06-14
1.734,1.734,1.734,0.0,2022-06-15
1.732,1.732,1.732,-0.0011534025,2022-06-16
1.731,1.731,1.731,-0.0005773672,2022-06-17
1.729,1.729,1.729,-0.0011554015,2022-06-20
1.733,1.733,1.733,0.002313476,2022-06-21
1.728,1.728,1.728,-0.0028851702,2022-06-22
1.73,1.73,1.73,0.0011574074,2022-06-23
1.731,1.731,1.731,0.0005780347,2022-06-24
1.73,1.73,1.73,-0.0005777008,2022-06-27
1.737,1.737,1.737,0.0040462428,2022-06-28
1.731,1.731,1.731,-0.0034542314,2022-06-29
1.742,1.742,1.742,0.0063547083,2022-06-30
1.739,1.739,1.739,-0.0017221584,2022-07-01
1.745,1.745,1.745,0.0034502588,2022-07-04
1.74,1.74,1.74,-0.0028653295,2022-07-05
1.73,1.73,1.73,-0.0057471264,2022-07-06
1.728,1.728,1.728,-0.0011560694,2022-07-07
1.729,1.729,1.729,0.0005787037,2022-07-08
1.724,1.724,1.724,-0.002891845,2022-07-11
1.715,1.715,1.715,-0.0052204176,2022-07-12
1.716,1.716,1.716,0.0005830904,2022-07-13
1.716,1.716,1.716,0.0,2022-07-14
1.703,1.703,1.703,-0.0075757576,2022-07-15
1.71,1.71,1.71,0.0041103934,2022-07-18
1.705,1.705,1.705,-0.0029239766,2022-07-19
1.712,1.712,1.712,0.0041055718,2022-07-20
1.703,1.703,1.703,-0.0052570093,2022-07-21
1.704,1.704,1.704,0.0005871991,2022-07-22
1.703,1.703,1.703,-0.0005868545,2022-07-25
1.713,1.713,1.713,0.0058719906,2022-07-26
1.72,1.72,1.72,0.0040863981,2022-07-27
1.725,1.725,1.725,0.0029069767,2022-07-28
1.715,1.715,1.715,-0.0057971014,2022-07-29
1.721,1.721,1.721,0.0034985423,2022-08-01
1.705,1.705,1.705,-0.0092969204,2022-08-02
1.706,1.706,1.706,0.0005865103,2022-08-03
1.707,1.707,1.707,0.0005861665,2022-08-04
1.704,1.704,1.704,-0.0017574692,2022-08-05
1.7066,1.7066,1.7066,0.0015258216,2022-08-08
1.7085,1.7085,1.7085,0.0011133247,2022-08-09
1.7058,1.7058,1.7058,-0.0015803336,2022-08-10
1.7108,1.7108,1.7108,0.002931176,2022-08-11
1.702,1.702,1.702,-0.0051437924,2022-08-12
1.7028,1.7028,1.7028,0.0004700353,2022-08-15
1.7018,1.7018,1.7018,-0.000587268,2022-08-16
1.6986,1.6986,1.6986,-0.001880362,2022-08-17
1.6993,1.6993,1.6993,0.0004121041,2022-08-18
1.6931,1.6931,1.6931,-0.0036485612,2022-08-19
1.7001,1.7001,1.7001,0.004134428,2022-08-22
1.7022,1.7022,1.7022,0.0012352215,2022-08-23
1.6824,1.6824,1.6824,-0.0116320056,2022-08-24
1.6809,1.6809,1.6809,-0.0008915835,2022-08-25
1.6849,1.6849,1.6849,0.0023796776,2022-08-26
1.6902,1.6902,1.6902,0.0031455873,2022-08-29
1.7048,1.7048,1.7048,0.008638031,2022-08-30
1.695,1.695,1.695,-0.0057484749,2022-08-31
1.6925,1.6925,1.6925,-0.0014749263,2022-09-01
1.7027,1.7027,1.7027,0.0060265879,2022-09-02
1.6861,1.6861,1.6861,-0.0097492218,2022-09-05
1.7115,1.7115,1.7115,0.0150643497,2022-09-06
1.7063,1.7063,1.7063,-0.0030382705,2022-09-07
1.7037,1.7037,1.7037,-0.0015237649,2022-09-08
1.7036,1.7036,1.7036,-5.86958e-05,2022-09-09
1.6958,1.6958,1.6958,-0.0045785396,2022-09-13
1.6889,1.6889,1.6889,-0.004068876,2022-09-14
1.6806,1.6806,1.6806,-0.0049144414,2022-09-15
1.6678,1.6678,1.6678,-0.0076163275,2022-09-16
1.6641,1.6641,1.6641,-0.0022184914,2022-09-19
1.6651,1.6651,1.6651,0.0006009254,2022-09-20
1.6556,1.6556,1.6556,-0.005705363,2022-09-21
1.6555,1.6555,1.6555,-6.04011e-05,2022-09-22
1.6464,1.6464,1.6464,-0.0054968288,2022-09-23
1.6546,1.6546,1.6546,0.0049805637,2022-09-26
1.6636,1.6636,1.6636,0.0054393811,2022-09-27
1.6491,1.6491,1.6491,-0.0087160375,2022-09-28
1.652,1.652,1.652,0.001758535,2022-09-29
1.6427,1.6427,1.6427,-0.00562954,2022-09-30
1.6362,1.6362,1.6362,-0.0039569002,2022-10-10
1.634,1.634,1.634,-0.0013445789,2022-10-11
1.6407,1.6407,1.6407,0.0041003672,2022-10-12
1.6389,1.6389,1.6389,-0.0010970927,2022-10-13
1.6608,1.6608,1.6608,0.0133626213,2022-10-14
1.6646,1.6646,1.6646,0.0022880539,2022-10-17
1.674,1.674,1.674,0.0056470023,2022-10-18
1.666,1.666,1.666,-0.0047789725,2022-10-19
1.6633,1.6633,1.6633,-0.0016206483,2022-10-20
1.672,1.672,1.672,0.0052305657,2022-10-21
1.6402,1.6402,1.6402,-0.0190191388,2022-10-24
1.65,1.65,1.65,0.0059748811,2022-10-25
1.6661,1.6661,1.6661,0.0097575758,2022-10-26
1.6604,1.6604,1.6604,-0.0034211632,2022-10-27
1.652,1.652,1.652,-0.0050590219,2022-10-28
1.648,1.648,1.648,-0.0024213075,2022-10-31
1.6522,1.6522,1.6522,0.0025485437,2022-11-01
1.6513,1.6513,1.6513,-0.0005447282,2022-11-02
1.6545,1.6545,1.6545,0.0019378671,2022-11-03
1.6648,1.6648,1.6648,0.0062254458,2022-11-04
1.6643,1.6643,1.6643,-0.0003003364,2022-11-07
1.6581,1.6581,1.6581,-0.0037252899,2022-11-08
1.6514,1.6514,1.6514,-0.0040407696,2022-11-09
1.6404,1.6404,1.6404,-0.0066610149,2022-11-10
1.657,1.657,1.657,0.0101194831,2022-11-11
1.6587,1.6587,1.6587,0.0010259505,2022-11-14
1.6796,1.6796,1.6796,0.0126002291,2022-11-15
1.6714,1.6714,1.6714,-0.0048821148,2022-11-16
1.6733,1.6733,1.6733,0.0011367716,2022-11-17
1.6699,1.6699,1.6699,-0.002031913,2022-11-18
1.6623,1.6623,1.6623,-0.0045511707,2022-11-21
1.6578,1.6578,1.6578,-0.0027070926,2022-11-22
1.6592,1.6592,1.6592,0.0008444927,2022-11-23
1.661,1.661,1.661,0.0010848602,2022-11-24
1.6644,1.6644,1.6644,0.0020469597,2022-11-25
1.6581,1.6581,1.6581,-0.0037851478,2022-11-28
1.6678,1.6678,1.6678,0.0058500694,2022-11-29
1.6709,1.6709,1.6709,0.0018587361,2022-11-30
1.6649,1.6649,1.6649,-0.0035908792,2022-12-01
1.6555,1.6555,1.6555,-0.0056459847,2022-12-02
1.6702,1.6702,1.6702,0.0088794926,2022-12-05
1.6692,1.6692,1.6692,-0.0005987307,2022-12-06
1.6595,1.6595,1.6595,-0.005811167,2022-12-07
1.6668,1.6668,1.6668,0.0043989153,2022-12-08
1.6689,1.6689,1.6689,0.0012598992,2022-12-09
1.6576,1.6576,1.6576,-0.006770927,2022-12-12
1.657,1.657,1.657,-0.0003619691,2022-12-13
1.659,1.659,1.659,0.0012070006,2022-12-14
1.6543,1.6543,1.6543,-0.0028330319,2022-12-15
1.6574,1.6574,1.6574,0.0018739044,2022-12-16
1.6539,1.6539,1.6539,-0.0021117413,2022-12-19
1.649,1.649,1.649,-0.0029626942,2022-12-20
1.6522,1.6522,1.6522,0.00194057,2022-12-21
1.6565,1.6565,1.6565,0.0026025905,2022-12-22
1.6593,1.6593,1.6593,0.0016903109,2022-12-23
1.6601,1.6601,1.6601,0.000482131,2022-12-26
1.6637,1.6637,1.6637,0.0021685441,2022-12-27
1.6584,1.6584,1.6584,-0.0031856705,2022-12-28
1.6539,1.6539,1.6539,-0.0027134588,2022-12-29
1.6598,1.6598,1.6598,0.0035673257,2022-12-30
1.658,1.658,1.658,-0.001084468,2023-01-03
1.6621,1.6621,1.6621,0.0024728589,2023-01-04
1.6665,1.6665,1.6665,0.0026472535,2023-01-05
1.6671,1.6671,1.6671,0.000360036,2023-01-06
1.6765,1.6765,1.6765,0.005638534,2023-01-09
1.6738,1.6738,1.6738,-0.0016104981,2023-01-10
1.6722,1.6722,1.6722,-0.0009559087,2023-01-11
1.6718,1.6718,1.6718,-0.0002392058,2023-01-12
1.6872,1.6872,1.6872,0.0092116282,2023-01-13
1.6911,1.6911,1.6911,0.002311522,2023-01-16
1.6888,1.6888,1.6888,-0.0013600615,2023-01-17
1.6827,1.6827,1.6827,-0.0036120322,2023-01-18
1.6926,1.6926,1.6926,0.0058834017,2023-01-19
1.7042,1.7042,1.7042,0.0068533617,2023-01-20
1.6909,1.6909,1.6909,-0.0078042483,2023-01-30
1.6782,1.6782,1.6782,-0.0075107931,2023-01-31
1.685,1.685,1.685,0.0040519604,2023-02-01
1.6832,1.6832,1.6832,-0.0010682493,2023-02-02
1.6768,1.6768,1.6768,-0.0038022814,2023-02-03
1.6644,1.6644,1.6644,-0.0073950382,2023-02-06
1.6669,1.6669,1.6669,0.0015020428,2023-02-07
1.6626,1.6626,1.6626,-0.0025796389,2023-02-08
1.6818,1.6818,1.6818,0.0115481776,2023-02-09
1.6739,1.6739,1.6739,-0.0046973481,2023-02-10
1.6723,1.6723,1.6723,-0.0009558516,2023-02-13
1.6735,1.6735,1.6735,0.0007175746,2023-02-14
1.6839,1.6839,1.6839,0.0062145205,2023-02-15
1.6765,1.6765,1.6765,-0.0043945602,2023-02-16
1.6639,1.6639,1.6639,-0.0075156576,2023-02-17
1.6837,1.6837,1.6837,0.0118997536,2023-02-20
1.6799,1.6799,1.6799,-0.0022569341,2023-02-21
1.6742,1.6742,1.6742,-0.0033930591,2023-02-22
1.6696,1.6696,1.6696,-0.0027475809,2023-02-23
1.6747,1.6747,1.6747,0.0030546239,2023-02-24
1.6738,1.6738,1.6738,-0.0005374097,2023-02-27
1.6775,1.6775,1.6775,0.0022105389,2023-02-28
1.6853,1.6853,1.6853,0.0046497765,2023-03-01
1.6814,1.6814,1.6814,-0.002314128,2023-03-02
1.6825,1.6825,1.6825,0.0006542167,2023-03-03
1.6826,1.6826,1.6826,5.94354e-05,2023-03-06
1.6692,1.6692,1.6692,-0.0079638654,2023-03-07
1.6631,1.6631,1.6631,-0.0036544452,2023-03-08
1.6623,1.6623,1.6623,-0.0004810294,2023-03-09
1.6495,1.6495,1.6495,-0.0077001745,2023-03-10
1.6753,1.6753,1.6753,0.0156411034,2023-03-13
1.6523,1.6523,1.6523,-0.0137288844,2023-03-14
1.6645,1.6645,1.6645,0.007383647,2023-03-15
1.662,1.662,1.662,-0.0015019525,2023-03-16
1.6856,1.6856,1.6856,0.0141997593,2023-03-17
1.661,1.661,1.661,-0.0145942098,2023-03-20
1.6686,1.6686,1.6686,0.0045755569,2023-03-21
1.6842,1.6842,1.6842,0.009349155,2023-03-22
1.7104,1.7104,1.7104,0.0155563472,2023-03-23
1.6998,1.6998,1.6998,-0.0061973807,2023-03-24
1.7042,1.7042,1.7042,0.0025885398,2023-03-27
1.7026,1.7026,1.7026,-0.0009388569,2023-03-28
1.7022,1.7022,1.7022,-0.0002349348,2023-03-29
1.7044,1.7044,1.7044,0.0012924451,2023-03-30
1.72,1.72,1.72,0.009152781,2023-03-31
1.7295,1.7295,1.7295,0.0055232558,2023-04-03
1.7377,1.7377,1.7377,0.0047412547,2023-04-04
1.7336,1.7336,1.7336,-0.0023594406,2023-04-06
1.7371,1.7371,1.7371,0.0020189202,2023-04-07
1.7241,1.7241,1.7241,-0.0074837373,2023-04-10
1.7199,1.7199,1.7199,-0.0024360536,2023-04-11
1.7321,1.7321,1.7321,0.0070934357,2023-04-12
1.7259,1.7259,1.7259,-0.00357947,2023-04-13
1.7295,1.7295,1.7295,0.0020858682,2023-04-14
1.7331,1.7331,1.7331,0.0020815265,2023-04-17
1.7394,1.7394,1.7394,0.0036351047,2023-04-18
1.7363,1.7363,1.7363,-0.0017822238,2023-04-19
1.7444,1.7444,1.7444,0.0046650924,2023-04-20
1.7249,1.7249,1.7249,-0.0111786288,2023-04-21
1.7244,1.7244,1.7244,-0.0002898719,2023-04-24
1.7116,1.7116,1.7116,-0.0074228717,2023-04-25
1.7038,1.7038,1.7038,-0.0045571395,2023-04-26
1.7148,1.7148,1.7148,0.0064561568,2023-04-27
1.7282,1.7282,1.7282,0.0078143224,2023-04-28
1.7307,1.7307,1.7307,0.0014465918,2023-05-04
1.7242,1.7242,1.7242,-0.0037557058,2023-05-05
1.7265,1.7265,1.7265,0.001333952,2023-05-08
1.7124,1.7124,1.7124,-0.0081668115,2023-05-09
1.7035,1.7035,1.7035,-0.0051973838,2023-05-10
1.703,1.703,1.703,-0.0002935134,2023-05-11
1.6909,1.6909,1.6909,-0.0071051086,2023-05-12
1.7014,1.7014,1.7014,0.0062097108,2023-05-15
1.6898,1.6898,1.6898,-0.0068179147,2023-05-16
1.683,1.683,1.683,-0.0040241449,2023-05-17
1.7001,1.7001,1.7001,0.0101604278,2023-05-18
1.6934,1.6934,1.6934,-0.0039409447,2023-05-19
1.696,1.696,1.696,0.0015353726,2023-05-22
1.6843,1.6843,1.6843,-0.0068985849,2023-05-23
1.6728,1.6728,1.6728,-0.0068277623,2023-05-24
1.6714,1.6714,1.6714,-0.0008369201,2023-05-25
1.6746,1.6746,1.6746,0.0019145626,2023-05-26
1.6858,1.6858,1.6858,0.0066881643,2023-05-29
1.6942,1.6942,1.6942,0.0049827975,2023-05-30
1.6932,1.6932,1.6932,-0.0005902491,2023-05-31
1.6967,1.6967,1.6967,0.0020670919,2023-06-01
1.6953,1.6953,1.6953,-0.0008251311,2023-06-02
1.6882,1.6882,1.6882,-0.0041880493,2023-06-05
1.6831,1.6831,1.6831,-0.0030209691,2023-06-06
1.6854,1.6854,1.6854,0.0013665261,2023-06-07
1.6977,1.6977,1.6977,0.0072979708,2023-06-08
1.7048,1.7048,1.7048,0.0041821288,2023-06-09
1.7026,1.7026,1.7026,-0.001290474,2023-06-12
1.6973,1.6973,1.6973,-0.0031128862,2023-06-13
1.6979,1.6979,1.6979,0.0003535026,2023-06-14
1.703,1.703,1.703,0.0030037105,2023-06-15
1.7129,1.7129,1.7129,0.0058132707,2023-06-16
1.708,1.708,1.708,-0.0028606457,2023-06-19
1.7119,1.7119,1.7119,0.0022833724,2023-06-20
1.6957,1.6957,1.6957,-0.0094631696,2023-06-21
1.6785,1.6785,1.6785,-0.0101433037,2023-06-26
1.6905,1.6905,1.6905,0.0071492404,2023-06-27
1.6833,1.6833,1.6833,-0.0042590949,2023-06-28
1.6876,1.6876,1.6876,0.002554506,2023-06-29
1.6888,1.6888,1.6888,0.000711069,2023-06-30
1.7004,1.7004,1.7004,0.0068687826,2023-07-03
1.713,1.713,1.713,0.0074100212,2023-07-04
1.7007,1.7007,1.7007,-0.0071803853,2023-07-05
1.7051,1.7051,1.7051,0.00258717,2023-07-06
1.7005,1.7005,1.7005,-0.002697789,2023-07-07
1.7013,1.7013,1.7013,0.0004704499,2023-07-10
1.7104,1.7104,1.7104,0.0053488509,2023-07-11
1.7017,1.7017,1.7017,-0.0050865295,2023-07-12
1.7093,1.7093,1.7093,0.0044661221,2023-07-13
1.7101,1.7101,1.7101,0.0004680278,2023-07-14
1.7134,1.7134,1.7134,0.0019297117,2023-07-17
1.7083,1.7083,1.7083,-0.0029765379,2023-07-18
1.7084,1.7084,1.7084,5.85377e-05,2023-07-19
1.7006,1.7006,1.7006,-0.0045656755,2023-07-20
1.7006,1.7006,1.7006,0.0,2023-07-21
1.6977,1.6977,1.6977,-0.0017052805,2023-07-24
1.7034,1.7034,1.7034,0.0033574837,2023-07-25
1.6968,1.6968,1.6968,-0.0038746037,2023-07-26
1.6919,1.6919,1.6919,-0.0028877888,2023-07-27
1.7166,1.7166,1.7166,0.0145989716,2023-07-28
1.7199,1.7199,1.7199,0.0019224048,2023-07-31
1.7226,1.7226,1.7226,0.0015698587,2023-08-01
1.7147,1.7147,1.7147,-0.0045860908,2023-08-02
1.7152,1.7152,1.7152,0.0002915962,2023-08-03
1.728,1.728,1.728,0.0074626866,2023-08-04
1.7251,1.7251,1.7251,-0.0016782407,2023-08-07
1.7157,1.7157,1.7157,-0.0054489595,2023-08-08
1.7129,1.7129,1.7129,-0.0016319869,2023-08-09
1.7103,1.7103,1.7103,-0.0015178936,2023-08-10
1.6955,1.6955,1.6955,-0.0086534526,2023-08-11
1.6933,1.6933,1.6933,-0.0012975523,2023-08-14
1.6878,1.6878,1.6878,-0.0032480954,2023-08-15
1.6839,1.6839,1.6839,-0.0023107003,2023-08-16
1.6928,1.6928,1.6928,0.0052853495,2023-08-17
1.6786,1.6786,1.6786,-0.0083884688,2023-08-18
1.6782,1.6782,1.6782,-0.0002382938,2023-08-21
1.689,1.689,1.689,0.0064354666,2023-08-22
1.6851,1.6851,1.6851,-0.0023090586,2023-08-23
1.7012,1.7012,1.7012,0.0095543291,2023-08-24
1.6936,1.6936,1.6936,-0.0044674348,2023-08-25
1.7027,1.7027,1.7027,0.0053731696,2023-08-28
1.7088,1.7088,1.7088,0.0035825454,2023-08-29
1.7099,1.7099,1.7099,0.0006437266,2023-08-30
1.7029,1.7029,1.7029,-0.0040938067,2023-08-31
1.702,1.702,1.702,-0.0005285102,2023-09-01
1.7094,1.7094,1.7094,0.0043478261,2023-09-04
1.6944,1.6944,1.6944,-0.0087750088,2023-09-05
1.6927,1.6927,1.6927,-0.001003305,2023-09-06
1.6794,1.6794,1.6794,-0.0078572695,2023-09-07
1.6801,1.6801,1.6801,0.0004168155,2023-09-08
1.6857,1.6857,1.6857,0.0033331349,2023-09-11
1.6842,1.6842,1.6842,-0.000889838,2023-09-12
1.6761,1.6761,1.6761,-0.0048094051,2023-09-13
1.6777,1.6777,1.6777,0.000954597,2023-09-14
1.678,1.678,1.678,0.0001788162,2023-09-15
1.6772,1.6772,1.6772,-0.000476758,2023-09-18
1.6747,1.6747,1.6747,-0.0014905795,2023-09-19
1.6646,1.6646,1.6646,-0.0060309309,2023-09-20
1.6548,1.6548,1.6548,-0.0058873003,2023-09-21
1.6657,1.6657,1.6657,0.0065868987,2023-09-22
1.6618,1.6618,1.6618,-0.002341358,2023-09-25
1.6625,1.6625,1.6625,0.00042123,2023-09-26
1.6717,1.6717,1.6717,0.0055338346,2023-09-27
1.6699,1.6699,1.6699,-0.0010767482,2023-09-28
1.6672,1.6672,1.6672,-0.0016168633,2023-10-09
1.6616,1.6616,1.6616,-0.0033589251,2023-10-10
1.6575,1.6575,1.6575,-0.0024675012,2023-10-11
1.6633,1.6633,1.6633,0.0034992459,2023-10-12
1.6529,1.6529,1.6529,-0.0062526303,2023-10-13
1.6479,1.6479,1.6479,-0.0030249864,2023-10-16
1.6499,1.6499,1.6499,0.0012136659,2023-10-17
1.6461,1.6461,1.6461,-0.0023031699,2023-10-18
1.6293,1.6293,1.6293,-0.0102059413,2023-10-19
1.6215,1.6215,1.6215,-0.004787332,2023-10-20
1.6171,1.6171,1.6171,-0.0027135368,2023-10-23
1.6182,1.6182,1.6182,0.00068023,2023-10-24
1.6171,1.6171,1.6171,-0.0006797676,2023-10-25
1.6178,1.6178,1.6178,0.0004328737,2023-10-26
1.6258,1.6258,1.6258,0.004944987,2023-10-27
1.6268,1.6268,1.6268,0.0006150818,2023-10-30
1.6208,1.6208,1.6208,-0.0036882223,2023-10-31
1.6197,1.6197,1.6197,-0.0006786772,2023-11-01
1.6164,1.6164,1.6164,-0.0020374143,2023-11-02
1.6278,1.6278,1.6278,0.0070527097,2023-11-03
1.6343,1.6343,1.6343,0.0039931195,2023-11-06
1.6335,1.6335,1.6335,-0.0004895062,2023-11-07
1.6317,1.6317,1.6317,-0.0011019284,2023-11-08
1.6313,1.6313,1.6313,-0.0002451431,2023-11-09
1.627,1.627,1.627,-0.0026359345,2023-11-10
1.6299,1.6299,1.6299,0.0017824216,2023-11-13
1.6302,1.6302,1.6302,0.0001840604,2023-11-14
1.6422,1.6422,1.6422,0.00736106,2023-11-15
1.6311,1.6311,1.6311,-0.0067592254,2023-11-16
1.6327,1.6327,1.6327,0.0009809331,2023-11-17
1.6348,1.6348,1.6348,0.001286213,2023-11-20
1.6263,1.6263,1.6263,-0.0051994128,2023-11-21
1.6173,1.6173,1.6173,-0.0055340343,2023-11-22
1.6267,1.6267,1.6267,0.0058121561,2023-11-23
1.6151,1.6151,1.6151,-0.0071310014,2023-11-24
1.6167,1.6167,1.6167,0.0009906507,2023-11-27
1.6227,1.6227,1.6227,0.0037112637,2023-11-28
1.6169,1.6169,1.6169,-0.0035742898,2023-11-29
1.6177,1.6177,1.6177,0.000494774,2023-11-30
1.6108,1.6108,1.6108,-0.004265315,2023-12-01
1.6088,1.6088,1.6088,-0.0012416191,2023-12-04
1.5995,1.5995,1.5995,-0.0057807061,2023-12-05
1.6028,1.6028,1.6028,0.0020631447,2023-12-06
1.6003,1.6003,1.6003,-0.0015597704,2023-12-07
1.6071,1.6071,1.6071,0.0042492033,2023-12-08
1.6092,1.6092,1.6092,0.0013067015,2023-12-11
1.609,1.609,1.609,-0.0001242854,2023-12-12
1.597,1.597,1.597,-0.0074580485,2023-12-13
1.5952,1.5952,1.5952,-0.0011271133,2023-12-14
1.5891,1.5891,1.5891,-0.0038239719,2023-12-15
1.594,1.594,1.594,0.0030835064,2023-12-18
1.5943,1.5943,1.5943,0.0001882058,2023-12-19
1.5837,1.5837,1.5837,-0.0066486859,2023-12-20
1.5884,1.5884,1.5884,0.0029677338,2023-12-21
1.581,1.581,1.581,-0.0046587761,2023-12-22
1.584,1.584,1.584,0.0018975332,2023-12-25
1.5773,1.5773,1.5773,-0.004229798,2023-12-26
1.5774,1.5774,1.5774,6.33995e-05,2023-12-27
1.5906,1.5906,1.5906,0.0083682008,2023-12-28
1.5928,1.5928,1.5928,0.0013831259,2023-12-29
1.5809,1.5809,1.5809,-0.00747112,2024-01-02
1.5775,1.5775,1.5775,-0.0021506737,2024-01-03
1.5688,1.5688,1.5688,-0.0055150555,2024-01-04
1.563,1.563,1.563,-0.0036970933,2024-01-05
1.558,1.558,1.558,-0.0031989763,2024-01-08
1.5651,1.5651,1.5651,0.0045571245,2024-01-09
1.5677,1.5677,1.5677,0.0016612357,2024-01-10
1.5735,1.5735,1.5735,0.0036996874,2024-01-11
1.5691,1.5691,1.5691,-0.0027963139,2024-01-12
1.567,1.567,1.567,-0.0013383468,2024-01-15
1.5712,1.5712,1.5712,0.0026802808,2024-01-16
1.558,1.558,1.558,-0.008401222,2024-01-17
1.5714,1.5714,1.5714,0.0086007702,2024-01-18
1.5662,1.5662,1.5662,-0.0033091511,2024-01-19
1.5578,1.5578,1.5578,-0.0053632997,2024-01-22
1.5638,1.5638,1.5638,0.0038515856,2024-01-23
1.5645,1.5645,1.5645,0.0004476276,2024-01-24
1.5699,1.5699,1.5699,0.003451582,2024-01-25
1.5618,1.5618,1.5618,-0.0051595643,2024-01-26
1.5555,1.5555,1.5555,-0.0040338071,2024-01-29
1.5507,1.5507,1.5507,-0.0030858245,2024-01-30
1.5494,1.5494,1.5494,-0.0008383311,2024-01-31
1.5519,1.5519,1.5519,0.0016135278,2024-02-01
1.5475,1.5475,1.5475,-0.0028352342,2024-02-02
1.5458,1.5458,1.5458,-0.001098546,2024-02-05
1.5549,1.5549,1.5549,0.0058869194,2024-02-06
1.5586,1.5586,1.5586,0.0023795742,2024-02-07
1.5582,1.5582,1.5582,-0.0002566406,2024-02-08
1.5603,1.5603,1.5603,0.0013477089,2024-02-19
1.5594,1.5594,1.5594,-0.0005768122,2024-02-20
1.5623,1.5623,1.5623,0.0018596896,2024-02-21
1.5663,1.5663,1.5663,0.0025603277,2024-02-22
1.5683,1.5683,1.5683,0.0012768946,2024-02-23
1.5686,1.5686,1.5686,0.0001912899,2024-02-26
1.5817,1.5817,1.5817,0.0083513961,2024-02-27
1.572,1.572,1.572,-0.0061326421,2024-02-28
1.5812,1.5812,1.5812,0.0058524173,2024-02-29
1.5834,1.5834,1.5834,0.0013913483,2024-03-01
1.5835,1.5835,1.5835,6.31552e-05,2024-03-04
1.5752,1.5752,1.5752,-0.0052415535,2024-03-05
1.5819,1.5819,1.5819,0.0042534281,2024-03-06
1.564,1.564,1.564,-0.0113155067,2024-03-07
1.5745,1.5745,1.5745,0.006713555,2024-03-08
1.5795,1.5795,1.5795,0.0031756113,2024-03-11
1.5833,1.5833,1.5833,0.0024058246,2024-03-12
1.5815,1.5815,1.5815,-0.001136866,2024-03-13
1.5763,1.5763,1.5763,-0.0032880177,2024-03-14
1.5703,1.5703,1.5703,-0.003806382,2024-03-15
1.5725,1.5725,1.5725,0.0014010062,2024-03-18
1.565,1.565,1.565,-0.0047694754,2024-03-19
1.566,1.566,1.566,0.0006389776,2024-03-20
1.5647,1.5647,1.5647,-0.0008301405,2024-03-21
1.5551,1.5551,1.5551,-0.0061353614,2024-03-22
1.5516,1.5516,1.5516,-0.0022506591,2024-03-25
1.5507,1.5507,1.5507,-0.0005800464,2024-03-26
1.547,1.547,1.547,-0.0023860192,2024-03-27
1.5495,1.5495,1.5495,0.001616031,2024-03-28
1.5488,1.5488,1.5488,-0.0004517586,2024-03-29
1.5569,1.5569,1.5569,0.0052298554,2024-04-01
1.5548,1.5548,1.5548,-0.0013488342,2024-04-02
1.5501,1.5501,1.5501,-0.0030228968,2024-04-03
1.5509,1.5509,1.5509,0.0005160957,2024-04-08
1.5522,1.5522,1.5522,0.000838223,2024-04-09
1.5539,1.5539,1.5539,0.0010952197,2024-04-10
1.5538,1.5538,1.5538,-6.43542e-05,2024-04-11
1.5494,1.5494,1.5494,-0.0028317673,2024-04-12
1.5503,1.5503,1.5503,0.00058087,2024-04-15
1.5455,1.5455,1.5455,-0.0030961749,2024-04-16
1.556,1.556,1.556,0.0067939178,2024-04-17
1.5562,1.5562,1.5562,0.0001285347,2024-04-18
1.5517,1.5517,1.5517,-0.0028916592,2024-04-19
1.5502,1.5502,1.5502,-0.0009666817,2024-04-22
1.5544,1.5544,1.5544,0.0027093278,2024-04-23
1.5612,1.5612,1.5612,0.0043746783,2024-04-24
1.559,1.559,1.559,-0.0014091724,2024-04-25
1.5688,1.5688,1.5688,0.0062860808,2024-04-26
1.572,1.572,1.572,0.0020397756,2024-04-29
1.5669,1.5669,1.5669,-0.0032442748,2024-04-30
1.5991,1.5991,1.5991,0.0205501308,2024-05-06
1.5988,1.5988,1.5988,-0.0001876055,2024-05-07
1.5816,1.5816,1.5816,-0.0107580686,2024-05-08
1.5962,1.5962,1.5962,0.0092311583,2024-05-09
1.5956,1.5956,1.5956,-0.0003758927,2024-05-10
1.6037,1.6037,1.6037,0.0050764603,2024-05-13
1.6026,1.6026,1.6026,-0.0006859138,2024-05-14
1.6017,1.6017,1.6017,-0.0005615874,2024-05-15
1.6073,1.6073,1.6073,0.0034962852,2024-05-16
1.6168,1.6168,1.6168,0.0059105332,2024-05-17
1.6173,1.6173,1.6173,0.0003092528,2024-05-20
1.5995,1.5995,1.5995,-0.0110059977,2024-05-21
1.602,1.602,1.602,0.0015629884,2024-05-22
1.5912,1.5912,1.5912,-0.006741573,2024-05-23
1.5763,1.5763,1.5763,-0.009364002,2024-05-24
1.5831,1.5831,1.5831,0.0043138996,2024-05-27
1.577,1.577,1.577,-0.0038531994,2024-05-28
1.5778,1.5778,1.5778,0.0005072923,2024-05-29
1.5784,1.5784,1.5784,0.0003802763,2024-05-30
1.5729,1.5729,1.5729,-0.0034845413,2024-05-31
1.582,1.582,1.582,0.0057854918,2024-06-03
1.5872,1.5872,1.5872,0.0032869785,2024-06-04
1.5844,1.5844,1.5844,-0.0017641129,2024-06-05
1.5885,1.5885,1.5885,0.0025877304,2024-06-06
1.5818,1.5818,1.5818,-0.0042178155,2024-06-07
1.5766,1.5766,1.5766,-0.0032873941,2024-06-11
1.573,1.573,1.573,-0.0022833946,2024-06-12
1.5754,1.5754,1.5754,0.001525747,2024-06-13
1.5712,1.5712,1.5712,-0.0026659896,2024-06-14
1.5815,1.5815,1.5815,0.006555499,2024-06-17
1.5855,1.5855,1.5855,0.0025292444,2024-06-18
1.5844,1.5844,1.5844,-0.0006937874,2024-06-19
1.5776,1.5776,1.5776,-0.0042918455,2024-06-20
1.5765,1.5765,1.5765,-0.0006972617,2024-06-21
1.5715,1.5715,1.5715,-0.0031715826,2024-06-24
1.568,1.568,1.568,-0.0022271715,2024-06-25
1.5703,1.5703,1.5703,0.0014668367,2024-06-26
1.5662,1.5662,1.5662,-0.0026109661,2024-06-27
1.5722,1.5722,1.5722,0.0038309284,2024-06-28
1.5705,1.5705,1.5705,-0.0010812874,2024-07-01
1.5589,1.5589,1.5589,-0.0073861827,2024-07-02
1.5518,1.5518,1.5518,-0.0045544936,2024-07-03
1.5528,1.5528,1.5528,0.0006444129,2024-07-04
1.5514,1.5514,1.5514,-0.0009015971,2024-07-05
1.5505,1.5505,1.5505,-0.0005801212,2024-07-08
1.5625,1.5625,1.5625,0.0077394389,2024-07-09
1.5596,1.5596,1.5596,-0.001856,2024-07-10
1.5688,1.5688,1.5688,0.0058989484,2024-07-11
1.5663,1.5663,1.5663,-0.0015935747,2024-07-12
1.5608,1.5608,1.5608,-0.0035114601,2024-07-15
1.5671,1.5671,1.5671,0.0040363916,2024-07-16
1.5595,1.5595,1.5595,-0.0048497224,2024-07-17
1.5618,1.5618,1.5618,0.0014748317,2024-07-18
1.5613,1.5613,1.5613,-0.0003201434,2024-07-19
1.564,1.564,1.564,0.0017293281,2024-07-22
1.5497,1.5497,1.5497,-0.0091432225,2024-07-23
1.5434,1.5434,1.5434,-0.004065303,2024-07-24
1.5375,1.5375,1.5375,-0.003822729,2024-07-25
1.5383,1.5383,1.5383,0.0005203252,2024-07-26
1.5348,1.5348,1.5348,-0.0022752389,2024-07-29
1.5311,1.5311,1.5311,-0.0024107376,2024-07-30
1.5388,1.5388,1.5388,0.0050290641,2024-07-31
1.536,1.536,1.536,-0.0018195997,2024-08-01
1.5314,1.5314,1.5314,-0.0029947917,2024-08-02
1.526,1.526,1.526,-0.0035261852,2024-08-05
1.5255,1.5255,1.5255,-0.000327654,2024-08-06
1.5249,1.5249,1.5249,-0.0003933137,2024-08-07
1.5253,1.5253,1.5253,0.0002623123,2024-08-08
1.5268,1.5268,1.5268,0.0009834131,2024-08-09
1.5254,1.5254,1.5254,-0.0009169505,2024-08-12
1.5242,1.5242,1.5242,-0.0007866789,2024-08-13
1.521,1.521,1.521,-0.002099462,2024-08-14
1.5216,1.5216,1.5216,0.0003944773,2024-08-15
1.5242,1.5242,1.5242,0.0017087277,2024-08-16
1.5274,1.5274,1.5274,0.002099462,2024-08-19
1.5252,1.5252,1.5252,-0.0014403562,2024-08-20
1.5254,1.5254,1.5254,0.0001311303,2024-08-21
1.5277,1.5277,1.5277,0.0015078012,2024-08-22
1.5276,1.5276,1.5276,-6.54579e-05,2024-08-23
1.5264,1.5264,1.5264,-0.000785546,2024-08-26
1.5248,1.5248,1.5248,-0.001048218,2024-08-27
1.52,1.52,1.52,-0.0031479538,2024-08-28
1.5174,1.5174,1.5174,-0.0017105263,2024-08-29
1.5233,1.5233,1.5233,0.0038882299,2024-08-30
1.5185,1.5185,1.5185,-0.0031510536,2024-09-02
1.5211,1.5211,1.5211,0.001712216,2024-09-03
1.5195,1.5195,1.5195,-0.0010518704,2024-09-04
1.5189,1.5189,1.5189,-0.0003948667,2024-09-05
1.5174,1.5174,1.5174,-0.0009875568,2024-09-06
1.5148,1.5148,1.5148,-0.0017134572,2024-09-09
1.515,1.515,1.515,0.0001320306,2024-09-10
1.5168,1.5168,1.5168,0.0011881188,2024-09-11
1.5155,1.5155,1.5155,-0.0008570675,2024-09-12
1.5134,1.5134,1.5134,-0.0013856813,2024-09-13
1.5134,1.5134,1.5134,0.0,2024-09-18
1.5131,1.5131,1.5131,-0.0001982292,2024-09-19
1.5136,1.5136,1.5136,0.0003304474,2024-09-20
1.5134,1.5134,1.5134,-0.0001321353,2024-09-23
1.5283,1.5283,1.5283,0.0098453813,2024-09-24
1.531,1.531,1.531,0.0017666688,2024-09-25
1.5546,1.5546,1.5546,0.0154147616,2024-09-26
1.5867,1.5867,1.5867,0.0206483983,2024-09-27
1.6498,1.6498,1.6498,0.0397680721,2024-09-30
1.7108,1.7108,1.7108,0.0369741787,2024-10-08
1.6622,1.6622,1.6622,-0.0284077625,2024-10-09
1.6629,1.6629,1.6629,0.0004211286,2024-10-10
1.649,1.649,1.649,-0.0083588911,2024-10-11
1.6576,1.6576,1.6576,0.005215282,2024-10-14
1.631,1.631,1.631,-0.0160472973,2024-10-15
1.6165,1.6165,1.6165,-0.0088902514,2024-10-16
1.6125,1.6125,1.6125,-0.0024744819,2024-10-17
1.6569,1.6569,1.6569,0.0275348837,2024-10-18
1.6519,1.6519,1.6519,-0.0030176836,2024-10-21
1.6597,1.6597,1.6597,0.0047218355,2024-10-22
1.6639,1.6639,1.6639,0.0025305778,2024-10-23
1.6405,1.6405,1.6405,-0.0140633452,2024-10-24
1.6473,1.6473,1.6473,0.0041450777,2024-10-25
1.6547,1.6547,1.6547,0.0044921994,2024-10-28
1.6492,1.6492,1.6492,-0.0033238654,2024-10-29
1.6416,1.6416,1.6416,-0.0046082949,2024-10-30
1.6347,1.6347,1.6347,-0.0042032164,2024-10-31
1.6197,1.6197,1.6197,-0.0091759956,2024-11-01
1.6348,1.6348,1.6348,0.0093227141,2024-11-04
1.6584,1.6584,1.6584,0.0144360166,2024-11-05
1.6478,1.6478,1.6478,-0.0063917028,2024-11-06
1.6576,1.6576,1.6576,0.0059473237,2024-11-07
1.66,1.66,1.66,0.0014478764,2024-11-08
1.6832,1.6832,1.6832,0.0139759036,2024-11-11
1.6694,1.6694,1.6694,-0.0081986692,2024-11-12
1.6804,1.6804,1.6804,0.0065891937,2024-11-13
1.6416,1.6416,1.6416,-0.0230897405,2024-11-14
1.6156,1.6156,1.6156,-0.0158382066,2024-11-15
1.5958,1.5958,1.5958,-0.0122555088,2024-11-18
1.6196,1.6196,1.6196,0.0149141496,2024-11-19
1.6265,1.6265,1.6265,0.0042603112,2024-11-20
1.6204,1.6204,1.6204,-0.0037503843,2024-11-21
1.5879,1.5879,1.5879,-0.0200567761,2024-11-22
1.577,1.577,1.577,-0.0068644121,2024-11-25
1.5729,1.5729,1.5729,-0.0025998732,2024-11-26
1.5998,1.5998,1.5998,0.017102168,2024-11-27
1.5883,1.5883,1.5883,-0.0071883985,2024-11-28
1.6007,1.6007,1.6007,0.0078070893,2024-11-29
1.615,1.615,1.615,0.0089335916,2024-12-02
1.6097,1.6097,1.6097,-0.0032817337,2024-12-03
1.6034,1.6034,1.6034,-0.0039137728,2024-12-04
1.6022,1.6022,1.6022,-0.0007484096,2024-12-05
1.6138,1.6138,1.6138,0.0072400449,2024-12-06
1.6156,1.6156,1.6156,0.0011153798,2024-12-09
1.6171,1.6171,1.6171,0.0009284476,2024-12-10
1.6216,1.6216,1.6216,0.0027827593,2024-12-11
1.6381,1.6381,1.6381,0.0101751357,2024-12-12
1.6148,1.6148,1.6148,-0.0142237959,2024-12-13
1.6098,1.6098,1.6098,-0.0030963587,2024-12-16
1.6057,1.6057,1.6057,-0.0025469002,2024-12-17
1.6116,1.6116,1.6116,0.0036744099,2024-12-18
1.6214,1.6214,1.6214,0.0060809134,2024-12-19
1.6204,1.6204,1.6204,-0.000616751,2024-12-20
1.6137,1.6137,1.6137,-0.0041347815,2024-12-23
1.6262,1.6262,1.6262,0.0077461734,2024-12-24
1.627,1.627,1.627,0.0004919444,2024-12-25
1.6409,1.6409,1.6409,0.0085433313,2024-12-26
1.6325,1.6325,1.6325,-0.0051191419,2024-12-27
1.6329,1.6329,1.6329,0.000245023,2024-12-30
1.6197,1.6197,1.6197,-0.0080837773,2024-12-31
1.5944,1.5944,1.5944,-0.0156201766,2025-01-02
1.5873,1.5873,1.5873,-0.0044530858,2025-01-03
1.5914,1.5914,1.5914,0.0025830026,2025-01-06
1.599,1.599,1.599,0.0047756692,2025-01-07
1.591,1.591,1.591,-0.005003127,2025-01-08
1.589,1.589,1.589,-0.001257071,2025-01-09
1.5765,1.5765,1.5765,-0.0078665828,2025-01-10
1.5677,1.5677,1.5677,-0.0055819854,2025-01-13
1.5929,1.5929,1.5929,0.0160745041,2025-01-14
1.5871,1.5871,1.5871,-0.0036411576,2025-01-15
1.5947,1.5947,1.5947,0.0047886082,2025-01-16
1.601,1.601,1.601,0.0039505863,2025-01-17
1.623,1.623,1.623,0.0137414116,2025-01-20
1.6305,1.6305,1.6305,0.0046210721,2025-01-21
1.6181,1.6181,1.6181,-0.0076050291,2025-01-22
1.6048,1.6048,1.6048,-0.0082195167,2025-01-23
1.62,1.62,1.62,0.0094715852,2025-01-24
1.6082,1.6082,1.6082,-0.0072839506,2025-01-27
1.6124,1.6124,1.6124,0.0026116155,2025-02-05
1.6368,1.6368,1.6368,0.0151327214,2025-02-06
1.6579,1.6579,1.6579,0.0128910068,2025-02-07
1.6738,1.6738,1.6738,0.0095904457,2025-02-10
1.677,1.677,1.677,0.0019118174,2025-02-11
1.6996,1.6996,1.6996,0.013476446,2025-02-12
1.6944,1.6944,1.6944,-0.0030595434,2025-02-13
1.7252,1.7252,1.7252,0.018177526,2025-02-14
1.7182,1.7182,1.7182,-0.0040575006,2025-02-17
1.7162,1.7162,1.7162,-0.0011640088,2025-02-18
1.7293,1.7293,1.7293,0.007633143,2025-02-19
1.7231,1.7231,1.7231,-0.0035852657,2025-02-20
1.7613,1.7613,1.7613,0.0221693459,2025-02-21
1.7375,1.7375,1.7375,-0.0135127463,2025-02-24
1.7228,1.7228,1.7228,-0.0084604317,2025-02-25
1.7416,1.7416,1.7416,0.0109124681,2025-02-26
1.7316,1.7316,1.7316,-0.0057418466,2025-02-27
1.6854,1.6854,1.6854,-0.0266805267,2025-02-28
1.6865,1.6865,1.6865,0.0006526641,2025-03-03
1.6842,1.6842,1.6842,-0.0013637711,2025-03-04
1.7079,1.7079,1.7079,0.0140719629,2025-03-05
1.732,1.732,1.732,0.0141108964,2025-03-06
1.7302,1.7302,1.7302,-0.001039261,2025-03-07
1.7135,1.7135,1.7135,-0.0096520633,2025-03-10
1.7141,1.7141,1.7141,0.0003501605,2025-03-11
1.7045,1.7045,1.7045,-0.0056006067,2025-03-12
1.6915,1.6915,1.6915,-0.00762687,2025-03-13
1.7255,1.7255,1.7255,0.0201005025,2025-03-14
1.7322,1.7322,1.7322,0.0038829325,2025-03-17
1.7542,1.7542,1.7542,0.0127006119,2025-03-18
1.7406,1.7406,1.7406,-0.0077528218,2025-03-19
1.7218,1.7218,1.7218,-0.0108008733,2025-03-20
1.6996,1.6996,1.6996,-0.0128934836,2025-03-21
1.7102,1.7102,1.7102,0.0062367616,2025-03-24
1.689,1.689,1.689,-0.012396211,2025-03-25
1.6962,1.6962,1.6962,0.0042628774,2025-03-26
1.7083,1.7083,1.7083,0.0071335927,2025-03-27
1.7011,1.7011,1.7011,-0.0042147164,2025-03-28
1.6911,1.6911,1.6911,-0.0058785492,2025-03-31
1.6912,1.6912,1.6912,5.91331e-05,2025-04-01
1.694,1.694,1.694,0.0016556291,2025-04-02
1.6609,1.6609,1.6609,-0.0195395514,2025-04-03
1.5301,1.5301,1.5301,-0.0787524836,2025-04-07
1.547,1.547,1.547,0.0110450297,2025-04-08
1.5589,1.5589,1.5589,0.0076923077,2025-04-09
1.5793,1.5793,1.5793,0.0130861505,2025-04-10
1.5933,1.5933,1.5933,0.0088646869,2025-04-11
1.6115,1.6115,1.6115,0.0114228331,2025-04-14
1.6128,1.6128,1.6128,0.0008067018,2025-04-15
1.6003,1.6003,1.6003,-0.007750496,2025-04-16
1.6026,1.6026,1.6026,0.0014372305,2025-04-17
1.6027,1.6027,1.6027,6.23986e-05,2025-04-18
1.6138,1.6138,1.6138,0.0069258127,2025-04-21
1.6203,1.6203,1.6203,0.0040277606,2025-04-22
1.6345,1.6345,1.6345,0.0087638092,2025-04-23
1.6326,1.6326,1.6326,-0.001162435,2025-04-24
1.6288,1.6288,1.6288,-0.0023275756,2025-04-25
1.6321,1.6321,1.6321,0.0020260314,2025-04-28
1.6367,1.6367,1.6367,0.0028184548,2025-04-29
1.6449,1.6449,1.6449,0.0050100813,2025-04-30
1.6607,1.6607,1.6607,0.0096054471,2025-05-06
1.6465,1.6465,1.6465,-0.0085506112,2025-05-07
1.6518,1.6518,1.6518,0.0032189493,2025-05-08
1.6517,1.6517,1.6517,-6.054e-05,2025-05-09
1.6737,1.6737,1.6737,0.0133196101,2025-05-12
1.658,1.658,1.658,-0.0093804147,2025-05-13
1.672,1.672,1.672,0.0084439083,2025-05-14
1.6579,1.6579,1.6579,-0.0084330144,2025-05-15
1.6566,1.6566,1.6566,-0.0007841245,2025-05-16
1.6593,1.6593,1.6593,0.0016298443,2025-05-19
1.6684,1.6684,1.6684,0.0054842403,2025-05-20
1.6693,1.6693,1.6693,0.000539439,2025-05-21
1.662,1.662,1.662,-0.0043730905,2025-05-22
1.6621,1.6621,1.6621,6.01685e-05,2025-05-23
1.6446,1.6446,1.6446,-0.010528849,2025-05-26
1.6431,1.6431,1.6431,-0.0009120759,2025-05-27
1.6303,1.6303,1.6303,-0.0077901528,2025-05-28
1.6446,1.6446,1.6446,0.0087713918,2025-05-29
1.6255,1.6255,1.6255,-0.0116137663,2025-05-30
1.6319,1.6319,1.6319,0.0039372501,2025-06-03
1.6405,1.6405,1.6405,0.0052699308,2025-06-04
1.6503,1.6503,1.6503,0.0059737885,2025-06-05
1.6465,1.6465,1.6465,-0.0023026116,2025-06-06
1.6502,1.6502,1.6502,0.002247191,2025-06-09
1.6441,1.6441,1.6441,-0.0036965216,2025-06-10
1.6531,1.6531,1.6531,0.0054741196,2025-06-11
1.6441,1.6441,1.6441,-0.0054443167,2025-06-12
1.645,1.645,1.645,0.000547412,2025-06-13
1.6573,1.6573,1.6573,0.0074772036,2025-06-16
1.6462,1.6462,1.6462,-0.0066976407,2025-06-17
1.6522,1.6522,1.6522,0.0036447576,2025-06-18
1.6231,1.6231,1.6231,-0.0176128798,2025-06-19
1.6178,1.6178,1.6178,-0.0032653564,2025-06-20
1.6171,1.6171,1.6171,-0.0004326864,2025-06-23
1.6277,1.6277,1.6277,0.006554944,2025-06-24
1.6307,1.6307,1.6307,0.0018430915,2025-06-25
1.6246,1.6246,1.6246,-0.0037407248,2025-06-26
1.6267,1.6267,1.6267,0.0012926259,2025-06-27
1.6406,1.6406,1.6406,0.0085449069,2025-06-30
1.6384,1.6384,1.6384,-0.0013409728,2025-07-01
1.6334,1.6334,1.6334,-0.0030517578,2025-07-02
1.6272,1.6272,1.6272,-0.0037957634,2025-07-03
1.6216,1.6216,1.6216,-0.0034414946,2025-07-04
1.6215,1.6215,1.6215,-6.16675e-05,2025-07-07
1.6411,1.6411,1.6411,0.0120875732,2025-07-08
1.6328,1.6328,1.6328,-0.0050575833,2025-07-09
1.6304,1.6304,1.6304,-0.0014698677,2025-07-10
1.6273,1.6273,1.6273,-0.0019013739,2025-07-11
1.6328,1.6328,1.6328,0.0033798316,2025-07-14
1.6425,1.6425,1.6425,0.0059407153,2025-07-15
1.6391,1.6391,1.6391,-0.0020700152,2025-07-16
1.6449,1.6449,1.6449,0.0035385272,2025-07-17
1.6575,1.6575,1.6575,0.0076600401,2025-07-18
1.6654,1.6654,1.6654,0.0047662142,2025-07-21
1.6665,1.6665,1.6665,0.000660502,2025-07-22
1.6654,1.6654,1.6654,-0.000660066,2025-07-23
1.6741,1.6741,1.6741,0.0052239702,2025-07-24
1.6674,1.6674,1.6674,-0.0040021504,2025-07-25
1.672,1.672,1.672,0.0027587861,2025-07-28
1.6832,1.6832,1.6832,0.0066985646,2025-07-29
1.6743,1.6743,1.6743,-0.0052875475,2025-07-30
1.6483,1.6483,1.6483,-0.0155288777,2025-07-31
1.6352,1.6352,1.6352,-0.0079475824,2025-08-01
1.6595,1.6595,1.6595,0.0148605675,2025-08-04
1.667,1.667,1.667,0.0045194336,2025-08-05
1.689,1.689,1.689,0.0131973605,2025-08-06
1.6888,1.6888,1.6888,-0.0001184133,2025-08-07
1.6781,1.6781,1.6781,-0.0063358598,2025-08-08
1.6839,1.6839,1.6839,0.0034562899,2025-08-11
1.6863,1.6863,1.6863,0.0014252628,2025-08-12
1.7163,1.7163,1.7163,0.0177904287,2025-08-13
1.7039,1.7039,1.7039,-0.0072248441,2025-08-14
1.7312,1.7312,1.7312,0.016022067,2025-08-15
1.7859,1.7859,1.7859,0.0315965804,2025-08-18
1.785,1.785,1.785,-0.0005039476,2025-08-19
1.8106,1.8106,1.8106,0.0143417367,2025-08-20
1.7979,1.7979,1.7979,-0.0070142494,2025-08-21
1.8379,1.8379,1.8379,0.0222481784,2025-08-22
1.8689,1.8689,1.8689,0.0168670766,2025-08-25
1.8538,1.8538,1.8538,-0.008079619,2025-08-26
1.8391,1.8391,1.8391,-0.007929658,2025-08-27
1.8643,1.8643,1.8643,0.0137023544,2025-08-28
1.8632,1.8632,1.8632,-0.0005900338,2025-08-29
1.8869,1.8869,1.8869,0.0127200515,2025-09-01
1.8677,1.8677,1.8677,-0.01017542,2025-09-02
1.8565,1.8565,1.8565,-0.0059966804,2025-09-03
1.8104,1.8104,1.8104,-0.0248316725,2025-09-04
1.8611,1.8611,1.8611,0.0280048608,2025-09-05
1.8644,1.8644,1.8644,0.0017731449,2025-09-08
1.8612,1.8612,1.8612,-0.0017163699,2025-09-09
1.8554,1.8554,1.8554,-0.0031162691,2025-09-10
1.8949,1.8949,1.8949,0.0212892099,2025-09-11
1.9239,1.9239,1.9239,0.0153042377,2025-09-12
1.9271,1.9271,1.9271,0.0016632881,2025-09-15
1.9407,1.9407,1.9407,0.0070572363,2025-09-16
1.9623,1.9623,1.9623,0.0111300046,2025-09-17
1.9758,1.9758,1.9758,0.006879682,2025-09-18
1.9665,1.9665,1.9665,-0.0047069541,2025-09-19
2.0364,2.0364,2.0364,0.0355453852,2025-09-26
2.0968,2.0968,2.0968,0.0296601846,2025-09-30
2.0544,2.0544,2.0544,-0.0202212896,2025-10-10
1.9566,1.9566,1.9566,-0.0476051402,2025-10-17
1.9698,1.9698,1.9698,0.0067463968,2025-10-24
1.953,1.953,1.953,-0.0085287846,2025-10-31
1.9243,1.9243,1.9243,-0.0146953405,2025-11-07
1.8995,1.8995,1.8995,-0.0128878034,2025-11-14
1.8486,1.8486,1.8486,-0.0267965254,2025-11-21
1.8658,1.8658,1.8658,0.0093043384,2025-11-28
1.87,1.87,1.87,0.0022510451,2025-12-05
1.8663,1.8663,1.8663,-0.0019786096,2025-12-12
1.8477,1.8477,1.8477,-0.0099662434,2025-12-19
1.8608,1.8608,1.8608,0.0070898955,2025-12-26
1.8456,1.8456,1.8456,-0.0081685297,2025-12-31
1.919,1.919,1.919,0.0397702644,2026-01-09
1.9346,1.9346,1.9346,0.008129234,2026-01-16
1.9488,1.9488,1.9488,0.0073400186,2026-01-23
1.9061,1.9061,1.9061,-0.0219109195,2026-01-30
1.8496,1.8496,1.8496,-0.0296416767,2026-02-06
1.873,1.873,1.873,0.0126513841,2026-02-13
1.8981,1.8981,1.8981,0.013400961,2026-02-27
1.8355,1.8355,1.8355,-0.0329803488,2026-03-06
1.8318,1.8318,1.8318,-0.0020157995,2026-03-13
1.7937,1.7937,1.7937,-0.0207992139,2026-03-20
1.7699,1.7699,1.7699,-0.0132686625,2026-03-27
1.7485,1.7485,1.7485,-0.0120910786,2026-03-31
1.7327,1.7327,1.7327,-0.0090363168,2026-04-03
1.7755,1.7755,1.7755,0.0247013332,2026-04-10
1.8049,1.8049,1.8049,0.0165587159,2026-04-17
1.8001,1.8001,1.8001,-0.0026594271,2026-04-24
1.7945,1.7945,1.7945,-0.0031109383,2026-04-30
1.8153,1.8153,1.8153,0.0115909724,2026-05-08
1.7941,1.7941,1.7941,-0.0116785104,2026-05-15
1.7854,1.7854,1.7854,-0.004849228,2026-05-22
