date,code,close
2004/6/1,NHII.NH,1000.0
2004/6/2,NHII.NH,1008.7567
2004/6/3,NHII.NH,986.3671
2004/6/4,NHII.NH,978.9363
2004/6/7,NHII.NH,995.2713
2004/6/8,NHII.NH,990.1421
2004/6/9,NHII.NH,979.1907
2004/6/10,NHII.NH,962.8258
2004/6/11,NHII.NH,959.852
2004/6/14,NHII.NH,958.9499
2004/6/15,NHII.NH,965.0585
2004/6/16,NHII.NH,976.8534
2004/6/17,NHII.NH,977.8198
2004/6/18,NHII.NH,973.9028
2004/6/21,NHII.NH,967.6972
2004/6/22,NHII.NH,979.866
2004/6/23,NHII.NH,968.732
2004/6/24,NHII.NH,981.2019
2004/6/25,NHII.NH,986.7358
2004/6/28,NHII.NH,989.7802
2004/6/29,NHII.NH,992.7909
2004/6/30,NHII.NH,986.9408
2004/7/1,NHII.NH,1000.4958
2004/7/2,NHII.NH,988.8769
2004/7/5,NHII.NH,990.0702
2004/7/6,NHII.NH,994.9512
2004/7/7,NHII.NH,989.7542
2004/7/8,NHII.NH,994.9276
2004/7/9,NHII.NH,996.0625
2004/7/12,NHII.NH,1002.0407
2004/7/13,NHII.NH,997.4283
2004/7/14,NHII.NH,987.6594
2004/7/15,NHII.NH,990.6551
2004/7/16,NHII.NH,992.805
2004/7/19,NHII.NH,997.5035
2004/7/20,NHII.NH,993.4692
2004/7/21,NHII.NH,983.813
2004/7/22,NHII.NH,986.3603
2004/7/23,NHII.NH,978.0576
2004/7/26,NHII.NH,968.0647
2004/7/27,NHII.NH,966.2845
2004/7/28,NHII.NH,968.2139
2004/7/29,NHII.NH,983.5292
2004/7/30,NHII.NH,987.3261
2004/8/2,NHII.NH,987.7418
2004/8/3,NHII.NH,992.2541
2004/8/4,NHII.NH,992.9785
2004/8/5,NHII.NH,1004.0341
2004/8/6,NHII.NH,991.3047
2004/8/9,NHII.NH,989.7986
2004/8/10,NHII.NH,981.6324
2004/8/11,NHII.NH,982.9743
2004/8/12,NHII.NH,983.8002
2004/8/13,NHII.NH,985.8798
2004/8/16,NHII.NH,998.5209
2004/8/17,NHII.NH,1004.3477
2004/8/18,NHII.NH,1006.697
2004/8/19,NHII.NH,996.6011
2004/8/20,NHII.NH,1007.2251
2004/8/23,NHII.NH,1010.1374
2004/8/24,NHII.NH,1010.515
2004/8/25,NHII.NH,1003.7764
2004/8/26,NHII.NH,1007.0697
2004/8/27,NHII.NH,1002.4566
2004/8/30,NHII.NH,1006.9052
2004/8/31,NHII.NH,1011.3594
2004/9/1,NHII.NH,1005.1725
2004/9/2,NHII.NH,1007.7316
2004/9/3,NHII.NH,999.0791
2004/9/6,NHII.NH,994.1211
2004/9/7,NHII.NH,993.6563
2004/9/8,NHII.NH,1003.6018
2004/9/9,NHII.NH,1001.0322
2004/9/10,NHII.NH,1003.6156
2004/9/13,NHII.NH,1011.3212
2004/9/14,NHII.NH,1010.6797
2004/9/15,NHII.NH,1010.0476
2004/9/16,NHII.NH,1016.7857
2004/9/17,NHII.NH,1028.7395
2004/9/20,NHII.NH,1033.5282
2004/9/21,NHII.NH,1044.2468
2004/9/22,NHII.NH,1070.4719
2004/9/23,NHII.NH,1062.5022
2004/9/24,NHII.NH,1064.888
2004/9/27,NHII.NH,1069.53
2004/9/28,NHII.NH,1077.3068
2004/9/29,NHII.NH,1071.1886
2004/9/30,NHII.NH,1072.8346
2004/10/8,NHII.NH,1098.2331
2004/10/11,NHII.NH,1106.1582
2004/10/12,NHII.NH,1081.8244
2004/10/13,NHII.NH,1068.4265
2004/10/14,NHII.NH,1046.1147
2004/10/15,NHII.NH,1031.5642
2004/10/18,NHII.NH,1045.5853
2004/10/19,NHII.NH,1032.2518
2004/10/20,NHII.NH,1031.2202
2004/10/21,NHII.NH,1036.1863
2004/10/22,NHII.NH,1040.7598
2004/10/25,NHII.NH,1048.495
2004/10/26,NHII.NH,1034.9905
2004/10/27,NHII.NH,1037.0258
2004/10/28,NHII.NH,1035.8754
2004/10/29,NHII.NH,1032.2008
2004/11/1,NHII.NH,1039.2425
2004/11/2,NHII.NH,1045.4353
2004/11/3,NHII.NH,1051.2801
2004/11/4,NHII.NH,1047.4943
2004/11/5,NHII.NH,1053.9664
2004/11/8,NHII.NH,1063.681
2004/11/9,NHII.NH,1055.2886
2004/11/10,NHII.NH,1056.3256
2004/11/11,NHII.NH,1062.9411
2004/11/12,NHII.NH,1058.2239
2004/11/15,NHII.NH,1067.5009
2004/11/16,NHII.NH,1048.5553
2004/11/17,NHII.NH,1064.3217
2004/11/18,NHII.NH,1073.3579
2004/11/19,NHII.NH,1060.3723
2004/11/22,NHII.NH,1061.1066
2004/11/23,NHII.NH,1058.3412
2004/11/24,NHII.NH,1063.0642
2004/11/25,NHII.NH,1067.6838
2004/11/26,NHII.NH,1075.0615
2004/11/29,NHII.NH,1069.5077
2004/11/30,NHII.NH,1077.4395
2004/12/1,NHII.NH,1069.7032
2004/12/2,NHII.NH,1068.6335
2004/12/3,NHII.NH,1056.2229
2004/12/6,NHII.NH,1057.0521
2004/12/7,NHII.NH,1059.371
2004/12/8,NHII.NH,1048.9673
2004/12/9,NHII.NH,1049.8144
2004/12/10,NHII.NH,1047.1837
2004/12/13,NHII.NH,1055.0627
2004/12/14,NHII.NH,1057.5642
2004/12/15,NHII.NH,1068.2898
2004/12/16,NHII.NH,1073.2135
2004/12/17,NHII.NH,1064.7461
2004/12/20,NHII.NH,1065.8929
2004/12/21,NHII.NH,1064.5793
2004/12/22,NHII.NH,1073.2154
2004/12/23,NHII.NH,1063.605
2004/12/24,NHII.NH,1071.9636
2004/12/27,NHII.NH,1077.4597
2004/12/28,NHII.NH,1072.6121
2004/12/29,NHII.NH,1075.1364
2004/12/30,NHII.NH,1074.5897
2004/12/31,NHII.NH,1083.1306
2005/1/4,NHII.NH,1064.6229
2005/1/5,NHII.NH,1051.4093
2005/1/6,NHII.NH,1062.2748
2005/1/7,NHII.NH,1059.6023
2005/1/10,NHII.NH,1054.8989
2005/1/11,NHII.NH,1062.1671
2005/1/12,NHII.NH,1075.5663
2005/1/13,NHII.NH,1072.8754
2005/1/14,NHII.NH,1072.5734
2005/1/17,NHII.NH,1076.6502
2005/1/18,NHII.NH,1074.5467
2005/1/19,NHII.NH,1080.6948
2005/1/20,NHII.NH,1081.3013
2005/1/21,NHII.NH,1091.7923
2005/1/24,NHII.NH,1102.8736
2005/1/25,NHII.NH,1100.3414
2005/1/26,NHII.NH,1089.7272
2005/1/27,NHII.NH,1099.9542
2005/1/28,NHII.NH,1102.2957
2005/1/31,NHII.NH,1100.2269
2005/2/1,NHII.NH,1103.2294
2005/2/2,NHII.NH,1106.5648
2005/2/3,NHII.NH,1098.5415
2005/2/4,NHII.NH,1106.9721
2005/2/16,NHII.NH,1123.4846
2005/2/17,NHII.NH,1124.4186
2005/2/18,NHII.NH,1135.7256
2005/2/21,NHII.NH,1133.6454
2005/2/22,NHII.NH,1144.5183
2005/2/23,NHII.NH,1137.4034
2005/2/24,NHII.NH,1150.9043
2005/2/25,NHII.NH,1144.0445
2005/2/28,NHII.NH,1157.3075
2005/3/1,NHII.NH,1150.9873
2005/3/2,NHII.NH,1152.6088
2005/3/3,NHII.NH,1150.003
2005/3/4,NHII.NH,1148.192
2005/3/7,NHII.NH,1151.0256
2005/3/8,NHII.NH,1154.5025
2005/3/9,NHII.NH,1170.6935
2005/3/10,NHII.NH,1171.7302
2005/3/11,NHII.NH,1163.752
2005/3/14,NHII.NH,1167.184
2005/3/15,NHII.NH,1176.9075
2005/3/16,NHII.NH,1198.1583
2005/3/17,NHII.NH,1205.8348
2005/3/18,NHII.NH,1185.916
2005/3/21,NHII.NH,1176.5137
2005/3/22,NHII.NH,1171.6746
2005/3/23,NHII.NH,1163.0905
2005/3/24,NHII.NH,1165.7143
2005/3/25,NHII.NH,1171.3379
2005/3/28,NHII.NH,1169.1076
2005/3/29,NHII.NH,1181.159
2005/3/30,NHII.NH,1184.231
2005/3/31,NHII.NH,1182.9702
2005/4/1,NHII.NH,1187.1179
2005/4/4,NHII.NH,1184.4158
2005/4/5,NHII.NH,1185.185
2005/4/6,NHII.NH,1192.0343
2005/4/7,NHII.NH,1203.4462
2005/4/8,NHII.NH,1189.1623
2005/4/11,NHII.NH,1201.3423
2005/4/12,NHII.NH,1199.6884
2005/4/13,NHII.NH,1186.7487
2005/4/14,NHII.NH,1163.888
2005/4/15,NHII.NH,1171.9081
2005/4/18,NHII.NH,1177.0513
2005/4/19,NHII.NH,1189.6425
2005/4/20,NHII.NH,1201.7542
2005/4/21,NHII.NH,1186.9845
2005/4/22,NHII.NH,1195.7589
2005/4/25,NHII.NH,1189.8478
2005/4/26,NHII.NH,1190.1472
2005/4/27,NHII.NH,1180.0318
2005/4/28,NHII.NH,1182.7975
2005/4/29,NHII.NH,1186.7251
2005/5/9,NHII.NH,1198.0109
2005/5/10,NHII.NH,1200.8833
2005/5/11,NHII.NH,1193.9765
2005/5/12,NHII.NH,1187.3185
2005/5/13,NHII.NH,1170.6611
2005/5/16,NHII.NH,1176.7095
2005/5/17,NHII.NH,1167.8875
2005/5/18,NHII.NH,1177.3852
2005/5/19,NHII.NH,1173.7755
2005/5/20,NHII.NH,1175.5349
2005/5/23,NHII.NH,1174.6919
2005/5/24,NHII.NH,1181.715
2005/5/25,NHII.NH,1180.0176
2005/5/26,NHII.NH,1187.698
2005/5/27,NHII.NH,1193.2183
2005/5/30,NHII.NH,1191.6302
2005/5/31,NHII.NH,1185.6091
2005/6/1,NHII.NH,1193.0317
2005/6/2,NHII.NH,1214.1784
2005/6/3,NHII.NH,1227.497
2005/6/6,NHII.NH,1264.273
2005/6/7,NHII.NH,1259.8842
2005/6/8,NHII.NH,1246.9448
2005/6/9,NHII.NH,1244.1156
2005/6/10,NHII.NH,1262.4193
2005/6/13,NHII.NH,1262.509
2005/6/14,NHII.NH,1254.1689
2005/6/15,NHII.NH,1261.2844
2005/6/16,NHII.NH,1262.3112
2005/6/17,NHII.NH,1273.0462
2005/6/20,NHII.NH,1296.0186
2005/6/21,NHII.NH,1285.1948
2005/6/22,NHII.NH,1290.7532
2005/6/23,NHII.NH,1277.3679
2005/6/24,NHII.NH,1288.7092
2005/6/27,NHII.NH,1293.206
2005/6/28,NHII.NH,1285.5204
2005/6/29,NHII.NH,1275.2731
2005/6/30,NHII.NH,1286.4974
2005/7/1,NHII.NH,1287.804
2005/7/4,NHII.NH,1282.5749
2005/7/5,NHII.NH,1286.771
2005/7/6,NHII.NH,1295.447
2005/7/7,NHII.NH,1314.6566
2005/7/8,NHII.NH,1319.9658
2005/7/11,NHII.NH,1321.3792
2005/7/12,NHII.NH,1332.9034
2005/7/13,NHII.NH,1320.1295
2005/7/14,NHII.NH,1329.2886
2005/7/15,NHII.NH,1330.9863
2005/7/18,NHII.NH,1333.038
2005/7/19,NHII.NH,1333.657
2005/7/20,NHII.NH,1334.1035
2005/7/21,NHII.NH,1337.0157
2005/7/22,NHII.NH,1347.0051
2005/7/25,NHII.NH,1372.1132
2005/7/26,NHII.NH,1378.9534
2005/7/27,NHII.NH,1367.7814
2005/7/28,NHII.NH,1387.2038
2005/7/29,NHII.NH,1379.9548
2005/8/1,NHII.NH,1373.8409
2005/8/2,NHII.NH,1372.6787
2005/8/3,NHII.NH,1374.9223
2005/8/4,NHII.NH,1364.1004
2005/8/5,NHII.NH,1365.4452
2005/8/8,NHII.NH,1352.8057
2005/8/9,NHII.NH,1359.8665
2005/8/10,NHII.NH,1337.4219
2005/8/11,NHII.NH,1357.0458
2005/8/12,NHII.NH,1350.2946
2005/8/15,NHII.NH,1364.1436
2005/8/16,NHII.NH,1369.9357
2005/8/17,NHII.NH,1368.7202
2005/8/18,NHII.NH,1356.1674
2005/8/19,NHII.NH,1348.1823
2005/8/22,NHII.NH,1359.4871
2005/8/23,NHII.NH,1373.0802
2005/8/24,NHII.NH,1370.4406
2005/8/25,NHII.NH,1367.5341
2005/8/26,NHII.NH,1367.5341
2005/8/29,NHII.NH,1376.0171
2005/8/30,NHII.NH,1372.8152
2005/8/31,NHII.NH,1383.475
2005/9/1,NHII.NH,1379.1068
2005/9/2,NHII.NH,1385.0935
2005/9/5,NHII.NH,1399.6156
2005/9/6,NHII.NH,1397.6674
2005/9/7,NHII.NH,1390.7302
2005/9/8,NHII.NH,1400.3006
2005/9/9,NHII.NH,1391.2471
2005/9/12,NHII.NH,1385.2845
2005/9/13,NHII.NH,1384.5302
2005/9/14,NHII.NH,1382.8512
2005/9/15,NHII.NH,1381.3379
2005/9/16,NHII.NH,1368.6497
2005/9/19,NHII.NH,1364.6834
2005/9/20,NHII.NH,1383.7698
2005/9/21,NHII.NH,1388.0432
2005/9/22,NHII.NH,1412.3068
2005/9/23,NHII.NH,1411.3105
2005/9/26,NHII.NH,1410.1217
2005/9/27,NHII.NH,1420.0116
2005/9/28,NHII.NH,1423.6273
2005/9/29,NHII.NH,1429.9269
2005/9/30,NHII.NH,1426.9285
2005/10/10,NHII.NH,1469.6716
2005/10/11,NHII.NH,1469.1159
2005/10/12,NHII.NH,1484.3788
2005/10/13,NHII.NH,1479.4999
2005/10/14,NHII.NH,1468.7701
2005/10/17,NHII.NH,1487.4668
2005/10/18,NHII.NH,1499.5087
2005/10/19,NHII.NH,1482.0908
2005/10/20,NHII.NH,1487.6465
2005/10/21,NHII.NH,1461.3482
2005/10/24,NHII.NH,1475.046
2005/10/25,NHII.NH,1465.4981
2005/10/26,NHII.NH,1472.0698
2005/10/27,NHII.NH,1460.4713
2005/10/28,NHII.NH,1465.2043
2005/10/31,NHII.NH,1453.4465
2005/11/1,NHII.NH,1463.0617
2005/11/2,NHII.NH,1467.638
2005/11/3,NHII.NH,1465.3143
2005/11/4,NHII.NH,1462.9696
2005/11/7,NHII.NH,1454.775
2005/11/8,NHII.NH,1453.5785
2005/11/9,NHII.NH,1451.7441
2005/11/10,NHII.NH,1450.5603
2005/11/11,NHII.NH,1463.3274
2005/11/14,NHII.NH,1469.774
2005/11/15,NHII.NH,1468.0396
2005/11/16,NHII.NH,1467.3978
2005/11/17,NHII.NH,1462.89
2005/11/18,NHII.NH,1457.4549
2005/11/21,NHII.NH,1461.9534
2005/11/22,NHII.NH,1466.8534
2005/11/23,NHII.NH,1437.1354
2005/11/24,NHII.NH,1450.033
2005/11/25,NHII.NH,1468.6109
2005/11/28,NHII.NH,1451.1498
2005/11/29,NHII.NH,1452.5175
2005/11/30,NHII.NH,1472.107
2005/12/1,NHII.NH,1476.0724
2005/12/2,NHII.NH,1508.4553
2005/12/5,NHII.NH,1522.977
2005/12/6,NHII.NH,1527.9315
2005/12/7,NHII.NH,1540.4387
2005/12/8,NHII.NH,1551.6827
2005/12/9,NHII.NH,1569.5308
2005/12/12,NHII.NH,1603.0856
2005/12/13,NHII.NH,1575.2911
2005/12/14,NHII.NH,1592.4665
2005/12/15,NHII.NH,1568.7278
2005/12/16,NHII.NH,1568.976
2005/12/19,NHII.NH,1581.7166
2005/12/20,NHII.NH,1578.4757
2005/12/21,NHII.NH,1578.8865
2005/12/22,NHII.NH,1598.2876
2005/12/23,NHII.NH,1611.1283
2005/12/26,NHII.NH,1641.6295
2005/12/27,NHII.NH,1642.0624
2005/12/28,NHII.NH,1646.9633
2005/12/29,NHII.NH,1626.8791
2005/12/30,NHII.NH,1636.1191
2006/1/4,NHII.NH,1660.3865
2006/1/5,NHII.NH,1663.9957
2006/1/6,NHII.NH,1673.5372
2006/1/9,NHII.NH,1678.9568
2006/1/10,NHII.NH,1693.8586
2006/1/11,NHII.NH,1693.3108
2006/1/12,NHII.NH,1699.0319
2006/1/13,NHII.NH,1707.6436
2006/1/16,NHII.NH,1744.7579
2006/1/17,NHII.NH,1743.679
2006/1/18,NHII.NH,1706.3573
2006/1/19,NHII.NH,1739.0488
2006/1/20,NHII.NH,1733.8007
2006/1/23,NHII.NH,1741.8471
2006/1/24,NHII.NH,1759.7017
2006/1/25,NHII.NH,1781.5605
2006/2/6,NHII.NH,1906.3732
2006/2/7,NHII.NH,1974.9094
2006/2/8,NHII.NH,1899.7348
2006/2/9,NHII.NH,1946.6488
2006/2/10,NHII.NH,1919.789
2006/2/13,NHII.NH,1866.6051
2006/2/14,NHII.NH,1854.2401
2006/2/15,NHII.NH,1870.1347
2006/2/16,NHII.NH,1811.7646
2006/2/17,NHII.NH,1784.7185
2006/2/20,NHII.NH,1802.6904
2006/2/21,NHII.NH,1824.0279
2006/2/22,NHII.NH,1815.7941
2006/2/23,NHII.NH,1791.9285
2006/2/24,NHII.NH,1808.6156
2006/2/27,NHII.NH,1775.7458
2006/2/28,NHII.NH,1765.3354
2006/3/1,NHII.NH,1762.349
2006/3/2,NHII.NH,1801.2619
2006/3/3,NHII.NH,1824.9692
2006/3/6,NHII.NH,1825.0914
2006/3/7,NHII.NH,1807.3247
2006/3/8,NHII.NH,1786.0875
2006/3/9,NHII.NH,1791.301
2006/3/10,NHII.NH,1764.2915
2006/3/13,NHII.NH,1777.4695
2006/3/14,NHII.NH,1782.5827
2006/3/15,NHII.NH,1785.4127
2006/3/16,NHII.NH,1771.4926
2006/3/17,NHII.NH,1798.241
2006/3/20,NHII.NH,1835.2402
2006/3/21,NHII.NH,1832.4399
2006/3/22,NHII.NH,1824.9431
2006/3/23,NHII.NH,1835.5403
2006/3/24,NHII.NH,1845.3729
2006/3/27,NHII.NH,1855.2188
2006/3/28,NHII.NH,1855.5185
2006/3/29,NHII.NH,1838.0534
2006/3/30,NHII.NH,1851.7574
2006/3/31,NHII.NH,1875.1212
2006/4/3,NHII.NH,1863.7484
2006/4/4,NHII.NH,1903.4906
2006/4/5,NHII.NH,1894.1438
2006/4/6,NHII.NH,1925.3904
2006/4/7,NHII.NH,1948.6322
2006/4/10,NHII.NH,1969.5962
2006/4/11,NHII.NH,2003.4456
2006/4/12,NHII.NH,1997.0979
2006/4/13,NHII.NH,2007.3889
2006/4/14,NHII.NH,2039.3355
2006/4/17,NHII.NH,2095.105
2006/4/18,NHII.NH,2090.8621
2006/4/19,NHII.NH,2139.7466
2006/4/20,NHII.NH,2135.4676
2006/4/21,NHII.NH,2081.3689
2006/4/24,NHII.NH,2161.6422
2006/4/25,NHII.NH,2182.9085
2006/4/26,NHII.NH,2223.9383
2006/4/27,NHII.NH,2278.5582
2006/4/28,NHII.NH,2248.5143
2006/5/8,NHII.NH,2311.8409
2006/5/9,NHII.NH,2376.9496
2006/5/10,NHII.NH,2471.5916
2006/5/11,NHII.NH,2581.6929
2006/5/12,NHII.NH,2628.7693
2006/5/15,NHII.NH,2691.4687
2006/5/16,NHII.NH,2569.2064
2006/5/17,NHII.NH,2611.9236
2006/5/18,NHII.NH,2519.021
2006/5/19,NHII.NH,2483.62
2006/5/22,NHII.NH,2395.1289
2006/5/23,NHII.NH,2388.5185
2006/5/24,NHII.NH,2466.6779
2006/5/25,NHII.NH,2470.0555
2006/5/26,NHII.NH,2497.5991
2006/5/29,NHII.NH,2571.5258
2006/5/30,NHII.NH,2560.2507
2006/5/31,NHII.NH,2486.6885
2006/6/1,NHII.NH,2413.6838
2006/6/2,NHII.NH,2423.5555
2006/6/5,NHII.NH,2475.8569
2006/6/6,NHII.NH,2412.5427
2006/6/7,NHII.NH,2392.9771
2006/6/8,NHII.NH,2391.4834
2006/6/9,NHII.NH,2347.1357
2006/6/12,NHII.NH,2324.6452
2006/6/13,NHII.NH,2242.6222
2006/6/14,NHII.NH,2161.9399
2006/6/15,NHII.NH,2183.9604
2006/6/16,NHII.NH,2216.6106
2006/6/19,NHII.NH,2154.3673
2006/6/20,NHII.NH,2167.1579
2006/6/21,NHII.NH,2176.4138
2006/6/22,NHII.NH,2226.5168
2006/6/23,NHII.NH,2170.9093
2006/6/26,NHII.NH,2169.307
2006/6/27,NHII.NH,2210.9451
2006/6/28,NHII.NH,2181.5058
2006/6/29,NHII.NH,2178.7895
2006/6/30,NHII.NH,2254.8295
2006/7/3,NHII.NH,2301.7925
2006/7/4,NHII.NH,2276.3751
2006/7/5,NHII.NH,2280.9666
2006/7/6,NHII.NH,2272.217
2006/7/7,NHII.NH,2330.4563
2006/7/10,NHII.NH,2298.2681
2006/7/11,NHII.NH,2318.7911
2006/7/12,NHII.NH,2339.8222
2006/7/13,NHII.NH,2315.9648
2006/7/14,NHII.NH,2323.335
2006/7/17,NHII.NH,2338.4962
2006/7/18,NHII.NH,2282.6276
2006/7/19,NHII.NH,2233.504
2006/7/20,NHII.NH,2235.7177
2006/7/21,NHII.NH,2205.7009
2006/7/24,NHII.NH,2186.4802
2006/7/25,NHII.NH,2203.1453
2006/7/26,NHII.NH,2156.5018
2006/7/27,NHII.NH,2171.4341
2006/7/28,NHII.NH,2181.7399
2006/7/31,NHII.NH,2218.8226
2006/8/1,NHII.NH,2223.4276
2006/8/2,NHII.NH,2230.6966
2006/8/3,NHII.NH,2250.3399
2006/8/4,NHII.NH,2212.7089
2006/8/7,NHII.NH,2236.2514
2006/8/8,NHII.NH,2223.1945
2006/8/9,NHII.NH,2214.8763
2006/8/10,NHII.NH,2258.2401
2006/8/11,NHII.NH,2238.8256
2006/8/14,NHII.NH,2181.6784
2006/8/15,NHII.NH,2159.93
2006/8/16,NHII.NH,2152.9324
2006/8/17,NHII.NH,2140.4418
2006/8/18,NHII.NH,2138.0743
2006/8/21,NHII.NH,2138.5331
2006/8/22,NHII.NH,2143.4012
2006/8/23,NHII.NH,2124.3579
2006/8/24,NHII.NH,2122.3428
2006/8/25,NHII.NH,2119.0259
2006/8/28,NHII.NH,2109.8131
2006/8/29,NHII.NH,2087.9919
2006/8/30,NHII.NH,2077.5797
2006/8/31,NHII.NH,2075.7949
2006/9/1,NHII.NH,2117.0954
2006/9/4,NHII.NH,2090.7034
2006/9/5,NHII.NH,2077.0834
2006/9/6,NHII.NH,2099.3843
2006/9/7,NHII.NH,2096.1315
2006/9/8,NHII.NH,2069.2366
2006/9/11,NHII.NH,2033.1191
2006/9/12,NHII.NH,2043.0629
2006/9/13,NHII.NH,2025.9456
2006/9/14,NHII.NH,2072.7762
2006/9/15,NHII.NH,2046.5043
2006/9/18,NHII.NH,2072.8089
2006/9/19,NHII.NH,2066.42
2006/9/20,NHII.NH,2017.9826
2006/9/21,NHII.NH,2018.8979
2006/9/22,NHII.NH,2032.0708
2006/9/25,NHII.NH,1999.7474
2006/9/26,NHII.NH,2003.2354
2006/9/27,NHII.NH,2028.5896
2006/9/28,NHII.NH,2033.9798
2006/9/29,NHII.NH,2059.4963
2006/10/9,NHII.NH,2076.6628
2006/10/10,NHII.NH,2062.5816
2006/10/11,NHII.NH,2047.0227
2006/10/12,NHII.NH,2060.217
2006/10/13,NHII.NH,2056.1776
2006/10/16,NHII.NH,2085.2706
2006/10/17,NHII.NH,2142.5568
2006/10/18,NHII.NH,2114.1017
2006/10/19,NHII.NH,2126.119
2006/10/20,NHII.NH,2138.379
2006/10/23,NHII.NH,2144.6945
2006/10/24,NHII.NH,2110.3122
2006/10/25,NHII.NH,2122.425
2006/10/26,NHII.NH,2148.8333
2006/10/27,NHII.NH,2115.4145
2006/10/30,NHII.NH,2077.2697
2006/10/31,NHII.NH,2025.2233
2006/11/1,NHII.NH,2037.8921
2006/11/2,NHII.NH,2016.8587
2006/11/3,NHII.NH,2007.0497
2006/11/6,NHII.NH,2034.0748
2006/11/7,NHII.NH,2052.1199
2006/11/8,NHII.NH,2038.002
2006/11/9,NHII.NH,2028.6717
2006/11/10,NHII.NH,2053.1729
2006/11/13,NHII.NH,2010.7011
2006/11/14,NHII.NH,1969.0326
2006/11/15,NHII.NH,1949.0935
2006/11/16,NHII.NH,1956.3737
2006/11/17,NHII.NH,1903.9505
2006/11/20,NHII.NH,1899.4555
2006/11/21,NHII.NH,1907.0951
2006/11/22,NHII.NH,1930.9393
2006/11/23,NHII.NH,1919.2923
2006/11/24,NHII.NH,1922.6459
2006/11/27,NHII.NH,1960.1643
2006/11/28,NHII.NH,1951.464
2006/11/29,NHII.NH,1952.5349
2006/11/30,NHII.NH,1963.6434
2006/12/1,NHII.NH,1941.4619
2006/12/4,NHII.NH,1963.3318
2006/12/5,NHII.NH,1962.5507
2006/12/6,NHII.NH,1965.4929
2006/12/7,NHII.NH,1965.5152
2006/12/8,NHII.NH,1987.6169
2006/12/11,NHII.NH,1975.2028
2006/12/12,NHII.NH,1978.949
2006/12/13,NHII.NH,1974.6028
2006/12/14,NHII.NH,1970.3458
2006/12/15,NHII.NH,1975.9977
2006/12/18,NHII.NH,1979.1346
2006/12/19,NHII.NH,1971.3492
2006/12/20,NHII.NH,1991.6529
2006/12/21,NHII.NH,1972.9207
2006/12/22,NHII.NH,1968.9045
2006/12/25,NHII.NH,1983.4759
2006/12/26,NHII.NH,2001.2687
2006/12/27,NHII.NH,1999.658
2006/12/28,NHII.NH,2013.4159
2006/12/29,NHII.NH,2001.2718
2007/1/4,NHII.NH,1917.364
2007/1/5,NHII.NH,1868.9168
2007/1/8,NHII.NH,1844.8887
2007/1/9,NHII.NH,1881.2898
2007/1/10,NHII.NH,1906.0348
2007/1/11,NHII.NH,1899.5675
2007/1/12,NHII.NH,1887.5697
2007/1/15,NHII.NH,1913.7095
2007/1/16,NHII.NH,1870.7495
2007/1/17,NHII.NH,1879.3472
2007/1/18,NHII.NH,1891.0855
2007/1/19,NHII.NH,1854.2751
2007/1/22,NHII.NH,1887.1198
2007/1/23,NHII.NH,1888.2793
2007/1/24,NHII.NH,1928.8835
2007/1/25,NHII.NH,1933.6787
2007/1/26,NHII.NH,1931.7809
2007/1/29,NHII.NH,1968.061
2007/1/30,NHII.NH,1925.5904
2007/1/31,NHII.NH,1951.4985
2007/2/1,NHII.NH,1963.74
2007/2/2,NHII.NH,1952.0506
2007/2/5,NHII.NH,1929.756
2007/2/6,NHII.NH,1944.3358
2007/2/7,NHII.NH,1967.3444
2007/2/8,NHII.NH,1945.5401
2007/2/9,NHII.NH,1978.0123
2007/2/12,NHII.NH,1983.5525
2007/2/13,NHII.NH,1969.5769
2007/2/14,NHII.NH,1998.4126
2007/2/15,NHII.NH,1990.4901
2007/2/16,NHII.NH,2009.8265
2007/2/26,NHII.NH,2059.2836
2007/2/27,NHII.NH,2041.1828
2007/2/28,NHII.NH,2022.117
2007/3/1,NHII.NH,2026.1024
2007/3/2,NHII.NH,2026.3305
2007/3/5,NHII.NH,1975.6244
2007/3/6,NHII.NH,2004.0358
2007/3/7,NHII.NH,2004.5586
2007/3/8,NHII.NH,2029.4805
2007/3/9,NHII.NH,2022.591
2007/3/12,NHII.NH,2019.5615
2007/3/13,NHII.NH,2027.1543
2007/3/14,NHII.NH,2009.2867
2007/3/15,NHII.NH,2021.2918
2007/3/16,NHII.NH,2040.1483
2007/3/19,NHII.NH,2032.6491
2007/3/20,NHII.NH,2051.0212
2007/3/21,NHII.NH,2038.4486
2007/3/22,NHII.NH,2056.2498
2007/3/23,NHII.NH,2075.6154
2007/3/26,NHII.NH,2089.0915
2007/3/27,NHII.NH,2094.2382
2007/3/28,NHII.NH,2103.1438
2007/3/29,NHII.NH,2096.9222
2007/3/30,NHII.NH,2138.5342
2007/4/2,NHII.NH,2133.0615
2007/4/3,NHII.NH,2137.5536
2007/4/4,NHII.NH,2151.0092
2007/4/5,NHII.NH,2162.933
2007/4/6,NHII.NH,2185.0989
2007/4/9,NHII.NH,2231.8846
2007/4/10,NHII.NH,2227.1632
2007/4/11,NHII.NH,2234.0285
2007/4/12,NHII.NH,2271.3347
2007/4/13,NHII.NH,2260.6867
2007/4/16,NHII.NH,2287.4592
2007/4/17,NHII.NH,2266.7375
2007/4/18,NHII.NH,2293.7898
2007/4/19,NHII.NH,2233.7089
2007/4/20,NHII.NH,2224.418
2007/4/23,NHII.NH,2204.9619
2007/4/24,NHII.NH,2235.12
2007/4/25,NHII.NH,2183.0246
2007/4/26,NHII.NH,2196.477
2007/4/27,NHII.NH,2162.8356
2007/4/30,NHII.NH,2198.1907
2007/5/8,NHII.NH,2220.4994
2007/5/9,NHII.NH,2213.4978
2007/5/10,NHII.NH,2194.1858
2007/5/11,NHII.NH,2147.4036
2007/5/14,NHII.NH,2152.8557
2007/5/15,NHII.NH,2118.1135
2007/5/16,NHII.NH,2153.5407
2007/5/17,NHII.NH,2109.9206
2007/5/18,NHII.NH,2097.7109
2007/5/21,NHII.NH,2150.177
2007/5/22,NHII.NH,2135.1076
2007/5/23,NHII.NH,2105.3997
2007/5/24,NHII.NH,2122.2539
2007/5/25,NHII.NH,2094.083
2007/5/28,NHII.NH,2102.0281
2007/5/29,NHII.NH,2078.9435
2007/5/30,NHII.NH,2059.8234
2007/5/31,NHII.NH,2082.5233
2007/6/1,NHII.NH,2089.2933
2007/6/4,NHII.NH,2092.8177
2007/6/5,NHII.NH,2138.9409
2007/6/6,NHII.NH,2133.609
2007/6/7,NHII.NH,2104.0814
2007/6/8,NHII.NH,2085.055
2007/6/11,NHII.NH,2065.8713
2007/6/12,NHII.NH,2053.9315
2007/6/13,NHII.NH,2061.545
2007/6/14,NHII.NH,2058.8373
2007/6/15,NHII.NH,2061.0524
2007/6/18,NHII.NH,2083.5726
2007/6/19,NHII.NH,2083.9256
2007/6/20,NHII.NH,2066.6365
2007/6/21,NHII.NH,2071.0728
2007/6/22,NHII.NH,2063.1225
2007/6/25,NHII.NH,2053.4072
2007/6/26,NHII.NH,2048.6161
2007/6/27,NHII.NH,2003.4256
2007/6/28,NHII.NH,2026.3459
2007/6/29,NHII.NH,2039.2231
2007/7/2,NHII.NH,2047.8443
2007/7/3,NHII.NH,2083.8172
2007/7/4,NHII.NH,2066.3096
2007/7/5,NHII.NH,2080.8975
2007/7/6,NHII.NH,2062.5306
2007/7/9,NHII.NH,2091.6259
2007/7/10,NHII.NH,2080.7866
2007/7/11,NHII.NH,2072.1054
2007/7/12,NHII.NH,2081.6124
2007/7/13,NHII.NH,2067.4551
2007/7/16,NHII.NH,2078.15
2007/7/17,NHII.NH,2060.5442
2007/7/18,NHII.NH,2062.7563
2007/7/19,NHII.NH,2080.092
2007/7/20,NHII.NH,2128.5179
2007/7/23,NHII.NH,2140.8606
2007/7/24,NHII.NH,2120.1403
2007/7/25,NHII.NH,2117.16
2007/7/26,NHII.NH,2140.1177
2007/7/27,NHII.NH,2123.3834
2007/7/30,NHII.NH,2139.2604
2007/7/31,NHII.NH,2148.7201
2007/8/1,NHII.NH,2123.5867
2007/8/2,NHII.NH,2130.9991
2007/8/3,NHII.NH,2134.9016
2007/8/6,NHII.NH,2098.474
2007/8/7,NHII.NH,2089.1918
2007/8/8,NHII.NH,2091.5317
2007/8/9,NHII.NH,2101.7509
2007/8/10,NHII.NH,2074.8219
2007/8/13,NHII.NH,2092.4356
2007/8/14,NHII.NH,2084.8313
2007/8/15,NHII.NH,2064.4136
2007/8/16,NHII.NH,2047.4541
2007/8/17,NHII.NH,1995.1564
2007/8/20,NHII.NH,2026.4424
2007/8/21,NHII.NH,2018.3816
2007/8/22,NHII.NH,2018.7248
2007/8/23,NHII.NH,2049.7117
2007/8/24,NHII.NH,2036.0028
2007/8/27,NHII.NH,2054.7097
2007/8/28,NHII.NH,2056.4893
2007/8/29,NHII.NH,2045.4174
2007/8/30,NHII.NH,2067.5749
2007/8/31,NHII.NH,2083.3469
2007/9/3,NHII.NH,2082.2375
2007/9/4,NHII.NH,2078.2557
2007/9/5,NHII.NH,2086.8241
2007/9/6,NHII.NH,2087.6898
2007/9/7,NHII.NH,2084.4421
2007/9/10,NHII.NH,2067.808
2007/9/11,NHII.NH,2080.789
2007/9/12,NHII.NH,2085.2011
2007/9/13,NHII.NH,2095.6958
2007/9/14,NHII.NH,2103.1769
2007/9/17,NHII.NH,2109.9913
2007/9/18,NHII.NH,2132.3609
2007/9/19,NHII.NH,2151.4941
2007/9/20,NHII.NH,2146.3536
2007/9/21,NHII.NH,2150.8838
2007/9/24,NHII.NH,2163.4641
2007/9/25,NHII.NH,2167.7301
2007/9/26,NHII.NH,2153.9027
2007/9/27,NHII.NH,2153.9929
2007/9/28,NHII.NH,2172.4097
2007/10/8,NHII.NH,2178.2063
2007/10/9,NHII.NH,2153.6592
2007/10/10,NHII.NH,2171.5467
2007/10/11,NHII.NH,2187.7034
2007/10/12,NHII.NH,2184.9477
2007/10/15,NHII.NH,2201.8409
2007/10/16,NHII.NH,2206.0708
2007/10/17,NHII.NH,2188.4619
2007/10/18,NHII.NH,2185.8956
2007/10/19,NHII.NH,2174.2885
2007/10/22,NHII.NH,2129.7721
2007/10/23,NHII.NH,2141.1985
2007/10/24,NHII.NH,2120.8815
2007/10/25,NHII.NH,2118.7073
2007/10/26,NHII.NH,2164.2206
2007/10/29,NHII.NH,2196.4867
2007/10/30,NHII.NH,2165.512
2007/10/31,NHII.NH,2162.2221
2007/11/1,NHII.NH,2179.3647
2007/11/2,NHII.NH,2162.7209
2007/11/5,NHII.NH,2154.467
2007/11/6,NHII.NH,2178.0701
2007/11/7,NHII.NH,2183.3309
2007/11/8,NHII.NH,2151.8992
2007/11/9,NHII.NH,2156.059
2007/11/12,NHII.NH,2097.1242
2007/11/13,NHII.NH,2082.0741
2007/11/14,NHII.NH,2085.1318
2007/11/15,NHII.NH,2068.1812
2007/11/16,NHII.NH,2043.9926
2007/11/19,NHII.NH,2041.681
2007/11/20,NHII.NH,2015.5239
2007/11/21,NHII.NH,1999.817
2007/11/22,NHII.NH,2036.6573
2007/11/23,NHII.NH,2074.7126
2007/11/26,NHII.NH,2069.1142
2007/11/27,NHII.NH,2074.884
2007/11/28,NHII.NH,2065.9744
2007/11/29,NHII.NH,2101.7972
2007/11/30,NHII.NH,2092.2772
2007/12/3,NHII.NH,2079.7227
2007/12/4,NHII.NH,2065.7807
2007/12/5,NHII.NH,2074.1467
2007/12/6,NHII.NH,2051.834
2007/12/7,NHII.NH,2067.937
2007/12/10,NHII.NH,2082.3119
2007/12/11,NHII.NH,2083.5107
2007/12/12,NHII.NH,2055.4512
2007/12/13,NHII.NH,2077.4512
2007/12/14,NHII.NH,2069.3883
2007/12/17,NHII.NH,2066.7794
2007/12/18,NHII.NH,2050.5097
2007/12/19,NHII.NH,2066.4874
2007/12/20,NHII.NH,2082.3967
2007/12/21,NHII.NH,2102.7135
2007/12/24,NHII.NH,2155.7419
2007/12/25,NHII.NH,2128.5598
2007/12/26,NHII.NH,2143.7833
2007/12/27,NHII.NH,2134.8689
2007/12/28,NHII.NH,2117.0283
2008/1/2,NHII.NH,2106.6017
2008/1/3,NHII.NH,2126.8187
2008/1/4,NHII.NH,2180.1723
2008/1/7,NHII.NH,2143.8276
2008/1/8,NHII.NH,2163.2183
2008/1/9,NHII.NH,2183.7228
2008/1/10,NHII.NH,2165.7107
2008/1/11,NHII.NH,2186.8415
2008/1/14,NHII.NH,2187.4167
2008/1/15,NHII.NH,2167.3683
2008/1/16,NHII.NH,2117.3874
2008/1/17,NHII.NH,2131.4035
2008/1/18,NHII.NH,2113.726
2008/1/21,NHII.NH,2114.6971
2008/1/22,NHII.NH,2055.8088
2008/1/23,NHII.NH,2079.6173
2008/1/24,NHII.NH,2102.7741
2008/1/25,NHII.NH,2128.1714
2008/1/28,NHII.NH,2102.2286
2008/1/29,NHII.NH,2139.8714
2008/1/30,NHII.NH,2147.8317
2008/1/31,NHII.NH,2155.4097
2008/2/1,NHII.NH,2165.7568
2008/2/4,NHII.NH,2171.0712
2008/2/5,NHII.NH,2172.9595
2008/2/13,NHII.NH,2178.191
2008/2/14,NHII.NH,2206.4919
2008/2/15,NHII.NH,2206.9825
2008/2/18,NHII.NH,2230.5301
2008/2/19,NHII.NH,2237.5606
2008/2/20,NHII.NH,2238.425
2008/2/21,NHII.NH,2277.6508
2008/2/22,NHII.NH,2274.2931
2008/2/25,NHII.NH,2298.2731
2008/2/26,NHII.NH,2235.296
2008/2/27,NHII.NH,2257.1132
2008/2/28,NHII.NH,2287.1223
2008/2/29,NHII.NH,2293.0393
2008/3/3,NHII.NH,2317.2105
2008/3/4,NHII.NH,2301.0882
2008/3/5,NHII.NH,2276.0892
2008/3/6,NHII.NH,2315.0118
2008/3/7,NHII.NH,2309.0034
2008/3/10,NHII.NH,2282.6645
2008/3/11,NHII.NH,2270.5714
2008/3/12,NHII.NH,2221.9985
2008/3/13,NHII.NH,2214.3818
2008/3/14,NHII.NH,2243.0276
2008/3/17,NHII.NH,2264.9203
2008/3/18,NHII.NH,2197.7397
2008/3/19,NHII.NH,2201.6516
2008/3/20,NHII.NH,2146.9736
2008/3/21,NHII.NH,2180.799
2008/3/24,NHII.NH,2171.6294
2008/3/25,NHII.NH,2206.3528
2008/3/26,NHII.NH,2201.6392
2008/3/27,NHII.NH,2218.8151
2008/3/28,NHII.NH,2225.1795
2008/3/31,NHII.NH,2225.3211
2008/4/1,NHII.NH,2176.9952
2008/4/2,NHII.NH,2200.9834
2008/4/3,NHII.NH,2219.1512
2008/4/7,NHII.NH,2229.1279
2008/4/8,NHII.NH,2205.5316
2008/4/9,NHII.NH,2210.9088
2008/4/10,NHII.NH,2214.5041
2008/4/11,NHII.NH,2193.3033
2008/4/14,NHII.NH,2190.0614
2008/4/15,NHII.NH,2197.6631
2008/4/16,NHII.NH,2194.7847
2008/4/17,NHII.NH,2211.1065
2008/4/18,NHII.NH,2209.5774
2008/4/21,NHII.NH,2203.576
2008/4/22,NHII.NH,2203.8439
2008/4/23,NHII.NH,2216.669
2008/4/24,NHII.NH,2228.4299
2008/4/25,NHII.NH,2213.3304
2008/4/28,NHII.NH,2255.7523
2008/4/29,NHII.NH,2248.036
2008/4/30,NHII.NH,2257.0635
2008/5/5,NHII.NH,2261.5594
2008/5/6,NHII.NH,2283.6591
2008/5/7,NHII.NH,2275.102
2008/5/8,NHII.NH,2282.9126
2008/5/9,NHII.NH,2272.8944
2008/5/12,NHII.NH,2284.8079
2008/5/13,NHII.NH,2300.7164
2008/5/14,NHII.NH,2304.1549
2008/5/15,NHII.NH,2300.0285
2008/5/16,NHII.NH,2345.1974
2008/5/19,NHII.NH,2329.2651
2008/5/20,NHII.NH,2331.0471
2008/5/21,NHII.NH,2312.1524
2008/5/22,NHII.NH,2343.1491
2008/5/23,NHII.NH,2359.6234
2008/5/26,NHII.NH,2392.577
2008/5/27,NHII.NH,2396.1643
2008/5/28,NHII.NH,2385.3484
2008/5/29,NHII.NH,2368.5705
2008/5/30,NHII.NH,2332.6588
2008/6/2,NHII.NH,2311.4674
2008/6/3,NHII.NH,2342.8495
2008/6/4,NHII.NH,2315.5333
2008/6/5,NHII.NH,2326.6327
2008/6/6,NHII.NH,2345.2021
2008/6/10,NHII.NH,2344.5899
2008/6/11,NHII.NH,2364.1328
2008/6/12,NHII.NH,2360.7203
2008/6/13,NHII.NH,2371.2472
2008/6/16,NHII.NH,2390.3165
2008/6/17,NHII.NH,2397.6487
2008/6/18,NHII.NH,2403.4508
2008/6/19,NHII.NH,2422.5558
2008/6/20,NHII.NH,2406.8556
2008/6/23,NHII.NH,2440.1151
2008/6/24,NHII.NH,2418.2663
2008/6/25,NHII.NH,2429.6606
2008/6/26,NHII.NH,2414.6194
2008/6/27,NHII.NH,2429.918
2008/6/30,NHII.NH,2448.0373
2008/7/1,NHII.NH,2443.1538
2008/7/2,NHII.NH,2463.663
2008/7/3,NHII.NH,2431.0115
2008/7/4,NHII.NH,2420.9501
2008/7/7,NHII.NH,2427.1064
2008/7/8,NHII.NH,2421.5949
2008/7/9,NHII.NH,2391.7212
2008/7/10,NHII.NH,2399.518
2008/7/11,NHII.NH,2454.0536
2008/7/14,NHII.NH,2448.68
2008/7/15,NHII.NH,2427.2156
2008/7/16,NHII.NH,2394.8838
2008/7/17,NHII.NH,2402.9754
2008/7/18,NHII.NH,2396.8758
2008/7/21,NHII.NH,2402.5628
2008/7/22,NHII.NH,2398.5454
2008/7/23,NHII.NH,2380.7651
2008/7/24,NHII.NH,2383.0661
2008/7/25,NHII.NH,2381.7713
2008/7/28,NHII.NH,2384.6857
2008/7/29,NHII.NH,2394.3956
2008/7/30,NHII.NH,2388.4136
2008/7/31,NHII.NH,2409.1879
2008/8/1,NHII.NH,2385.0296
2008/8/4,NHII.NH,2379.5496
2008/8/5,NHII.NH,2296.3738
2008/8/6,NHII.NH,2308.5536
2008/8/7,NHII.NH,2298.6463
2008/8/8,NHII.NH,2274.2843
2008/8/11,NHII.NH,2206.1936
2008/8/12,NHII.NH,2191.7088
2008/8/13,NHII.NH,2224.2973
2008/8/14,NHII.NH,2223.577
2008/8/15,NHII.NH,2169.5974
2008/8/18,NHII.NH,2231.833
2008/8/19,NHII.NH,2185.232
2008/8/20,NHII.NH,2230.9069
2008/8/21,NHII.NH,2265.755
2008/8/22,NHII.NH,2301.6722
2008/8/25,NHII.NH,2277.7574
2008/8/26,NHII.NH,2257.4334
2008/8/27,NHII.NH,2287.8997
2008/8/28,NHII.NH,2288.6512
2008/8/29,NHII.NH,2267.929
2008/9/1,NHII.NH,2260.4955
2008/9/2,NHII.NH,2204.4805
2008/9/3,NHII.NH,2210.6634
2008/9/4,NHII.NH,2224.6397
2008/9/5,NHII.NH,2208.1935
2008/9/8,NHII.NH,2180.3675
2008/9/9,NHII.NH,2144.7779
2008/9/10,NHII.NH,2132.2999
2008/9/11,NHII.NH,2128.2068
2008/9/12,NHII.NH,2168.6744
2008/9/16,NHII.NH,2067.12
2008/9/17,NHII.NH,2065.5751
2008/9/18,NHII.NH,2042.032
2008/9/19,NHII.NH,2065.0534
2008/9/22,NHII.NH,2111.0468
2008/9/23,NHII.NH,2099.161
2008/9/24,NHII.NH,2074.0689
2008/9/25,NHII.NH,2072.441
2008/9/26,NHII.NH,2049.8151
2008/10/6,NHII.NH,1960.1002
2008/10/7,NHII.NH,1871.3202
2008/10/8,NHII.NH,1819.4725
2008/10/9,NHII.NH,1788.1009
2008/10/10,NHII.NH,1705.2797
2008/10/13,NHII.NH,1668.5319
2008/10/14,NHII.NH,1685.1288
2008/10/15,NHII.NH,1642.4781
2008/10/16,NHII.NH,1561.3219
2008/10/17,NHII.NH,1542.3323
2008/10/20,NHII.NH,1585.4085
2008/10/21,NHII.NH,1528.954
2008/10/22,NHII.NH,1478.1748
2008/10/23,NHII.NH,1438.481
2008/10/24,NHII.NH,1421.7621
2008/10/27,NHII.NH,1376.2944
2008/10/28,NHII.NH,1405.3706
2008/10/29,NHII.NH,1397.1531
2008/10/30,NHII.NH,1445.8319
2008/10/31,NHII.NH,1382.5769
2008/11/3,NHII.NH,1425.038
2008/11/4,NHII.NH,1410.5699
2008/11/5,NHII.NH,1423.6431
2008/11/6,NHII.NH,1381.9397
2008/11/7,NHII.NH,1368.9596
2008/11/10,NHII.NH,1404.9228
2008/11/11,NHII.NH,1352.5159
2008/11/12,NHII.NH,1353.9973
2008/11/13,NHII.NH,1345.4002
2008/11/14,NHII.NH,1366.6498
2008/11/17,NHII.NH,1366.6243
2008/11/18,NHII.NH,1360.6503
2008/11/19,NHII.NH,1365.7346
2008/11/20,NHII.NH,1313.7089
2008/11/21,NHII.NH,1285.7262
2008/11/24,NHII.NH,1270.0213
2008/11/25,NHII.NH,1295.7368
2008/11/26,NHII.NH,1301.0398
2008/11/27,NHII.NH,1292.7558
2008/11/28,NHII.NH,1274.2294
2008/12/1,NHII.NH,1277.937
2008/12/2,NHII.NH,1230.6981
2008/12/3,NHII.NH,1218.8753
2008/12/4,NHII.NH,1187.1912
2008/12/5,NHII.NH,1130.2363
2008/12/8,NHII.NH,1165.093
2008/12/9,NHII.NH,1136.6833
2008/12/10,NHII.NH,1183.2539
2008/12/11,NHII.NH,1185.7802
2008/12/12,NHII.NH,1156.2099
2008/12/15,NHII.NH,1207.054
2008/12/16,NHII.NH,1192.9794
2008/12/17,NHII.NH,1199.4272
2008/12/18,NHII.NH,1176.09
2008/12/19,NHII.NH,1194.7938
2008/12/22,NHII.NH,1225.6138
2008/12/23,NHII.NH,1210.458
2008/12/24,NHII.NH,1219.6683
2008/12/25,NHII.NH,1203.7241
2008/12/26,NHII.NH,1204.259
2008/12/29,NHII.NH,1227.5335
2008/12/30,NHII.NH,1231.3179
2008/12/31,NHII.NH,1263.932
2009/1/5,NHII.NH,1312.2852
2009/1/6,NHII.NH,1374.6929
2009/1/7,NHII.NH,1380.8441
2009/1/8,NHII.NH,1347.2574
2009/1/9,NHII.NH,1386.4613
2009/1/12,NHII.NH,1396.9012
2009/1/13,NHII.NH,1360.3188
2009/1/14,NHII.NH,1420.3748
2009/1/15,NHII.NH,1391.9192
2009/1/16,NHII.NH,1422.9739
2009/1/19,NHII.NH,1426.0001
2009/1/20,NHII.NH,1422.568
2009/1/21,NHII.NH,1403.4897
2009/1/22,NHII.NH,1378.3457
2009/1/23,NHII.NH,1375.6827
2009/2/2,NHII.NH,1357.7024
2009/2/3,NHII.NH,1407.5371
2009/2/4,NHII.NH,1429.7771
2009/2/5,NHII.NH,1421.7529
2009/2/6,NHII.NH,1462.6209
2009/2/9,NHII.NH,1501.1875
2009/2/10,NHII.NH,1494.2522
2009/2/11,NHII.NH,1436.8785
2009/2/12,NHII.NH,1452.3038
2009/2/13,NHII.NH,1460.8805
2009/2/16,NHII.NH,1427.6459
2009/2/17,NHII.NH,1444.0306
2009/2/18,NHII.NH,1397.7881
2009/2/19,NHII.NH,1386.7669
2009/2/20,NHII.NH,1383.238
2009/2/23,NHII.NH,1414.8345
2009/2/24,NHII.NH,1382.2993
2009/2/25,NHII.NH,1414.1592
2009/2/26,NHII.NH,1426.5042
2009/2/27,NHII.NH,1421.1092
2009/3/2,NHII.NH,1418.8031
2009/3/3,NHII.NH,1421.3561
2009/3/4,NHII.NH,1448.6939
2009/3/5,NHII.NH,1455.9811
2009/3/6,NHII.NH,1455.8067
2009/3/9,NHII.NH,1430.8805
2009/3/10,NHII.NH,1446.4133
2009/3/11,NHII.NH,1441.2217
2009/3/12,NHII.NH,1432.8132
2009/3/13,NHII.NH,1438.7528
2009/3/16,NHII.NH,1463.763
2009/3/17,NHII.NH,1479.3282
2009/3/18,NHII.NH,1487.8086
2009/3/19,NHII.NH,1511.0363
2009/3/20,NHII.NH,1564.4167
2009/3/23,NHII.NH,1623.2715
2009/3/24,NHII.NH,1591.0023
2009/3/25,NHII.NH,1581.255
2009/3/26,NHII.NH,1633.8969
2009/3/27,NHII.NH,1603.6512
2009/3/30,NHII.NH,1596.4298
2009/3/31,NHII.NH,1613.4772
2009/4/1,NHII.NH,1604.2541
2009/4/2,NHII.NH,1639.6942
2009/4/3,NHII.NH,1644.0526
2009/4/7,NHII.NH,1708.9695
2009/4/8,NHII.NH,1662.2892
2009/4/9,NHII.NH,1709.0809
2009/4/10,NHII.NH,1759.7319
2009/4/13,NHII.NH,1782.2672
2009/4/14,NHII.NH,1750.5185
2009/4/15,NHII.NH,1788.9261
2009/4/16,NHII.NH,1834.2802
2009/4/17,NHII.NH,1814.2282
2009/4/20,NHII.NH,1794.4388
2009/4/21,NHII.NH,1724.4601
2009/4/22,NHII.NH,1697.7015
2009/4/23,NHII.NH,1717.2079
2009/4/24,NHII.NH,1666.9712
2009/4/27,NHII.NH,1665.5606
2009/4/28,NHII.NH,1660.3837
2009/4/29,NHII.NH,1691.194
2009/4/30,NHII.NH,1718.7084
2009/5/4,NHII.NH,1795.0077
2009/5/5,NHII.NH,1760.0833
2009/5/6,NHII.NH,1793.9881
2009/5/7,NHII.NH,1798.2753
2009/5/8,NHII.NH,1817.4062
2009/5/11,NHII.NH,1746.9705
2009/5/12,NHII.NH,1759.9736
2009/5/13,NHII.NH,1785.3645
2009/5/14,NHII.NH,1727.6195
2009/5/15,NHII.NH,1741.8234
2009/5/18,NHII.NH,1715.2027
2009/5/19,NHII.NH,1765.915
2009/5/20,NHII.NH,1739.1782
2009/5/21,NHII.NH,1726.0407
2009/5/22,NHII.NH,1735.1169
2009/5/25,NHII.NH,1744.0191
2009/5/26,NHII.NH,1723.6583
2009/5/27,NHII.NH,1741.8015
2009/6/1,NHII.NH,1808.5816
2009/6/2,NHII.NH,1808.2296
2009/6/3,NHII.NH,1835.197
2009/6/4,NHII.NH,1807.447
2009/6/5,NHII.NH,1857.4953
2009/6/8,NHII.NH,1839.8452
2009/6/9,NHII.NH,1851.2225
2009/6/10,NHII.NH,1867.4402
2009/6/11,NHII.NH,1861.6356
2009/6/12,NHII.NH,1850.2043
2009/6/15,NHII.NH,1815.9515
2009/6/16,NHII.NH,1814.4145
2009/6/17,NHII.NH,1816.4371
2009/6/18,NHII.NH,1813.0064
2009/6/19,NHII.NH,1812.9045
2009/6/22,NHII.NH,1791.5545
2009/6/23,NHII.NH,1776.3422
2009/6/24,NHII.NH,1792.8382
2009/6/25,NHII.NH,1810.9015
2009/6/26,NHII.NH,1840.7962
2009/6/29,NHII.NH,1826.9795
2009/6/30,NHII.NH,1848.1369
2009/7/1,NHII.NH,1838.7176
2009/7/2,NHII.NH,1828.6255
2009/7/3,NHII.NH,1823.8334
2009/7/6,NHII.NH,1807.4751
2009/7/7,NHII.NH,1829.9134
2009/7/8,NHII.NH,1812.2071
2009/7/9,NHII.NH,1826.1969
2009/7/10,NHII.NH,1823.0722
2009/7/13,NHII.NH,1797.1904
2009/7/14,NHII.NH,1822.2165
2009/7/15,NHII.NH,1867.6728
2009/7/16,NHII.NH,1874.4056
2009/7/17,NHII.NH,1890.5155
2009/7/20,NHII.NH,1934.6367
2009/7/21,NHII.NH,1913.226
2009/7/22,NHII.NH,1911.1894
2009/7/23,NHII.NH,1921.7292
2009/7/24,NHII.NH,1943.4003
2009/7/27,NHII.NH,1985.6493
2009/7/28,NHII.NH,1988.8513
2009/7/29,NHII.NH,1930.3271
2009/7/30,NHII.NH,1952.1239
2009/7/31,NHII.NH,2024.7308
2009/8/3,NHII.NH,2078.9462
2009/8/4,NHII.NH,2085.6033
2009/8/5,NHII.NH,2095.5921
2009/8/6,NHII.NH,2101.5196
2009/8/7,NHII.NH,2047.5434
2009/8/10,NHII.NH,2110.4247
2009/8/11,NHII.NH,2123.733
2009/8/12,NHII.NH,2096.3077
2009/8/13,NHII.NH,2155.7644
2009/8/14,NHII.NH,2143.5201
2009/8/17,NHII.NH,2048.1195
2009/8/18,NHII.NH,2061.6502
2009/8/19,NHII.NH,2017.2042
2009/8/20,NHII.NH,2063.0632
2009/8/21,NHII.NH,2037.6988
2009/8/24,NHII.NH,2113.5276
2009/8/25,NHII.NH,2088.8207
2009/8/26,NHII.NH,2105.7235
2009/8/27,NHII.NH,2088.2876
2009/8/28,NHII.NH,2113.5492
2009/8/31,NHII.NH,2053.9037
2009/9/1,NHII.NH,2055.3699
2009/9/2,NHII.NH,1995.8016
2009/9/3,NHII.NH,2033.5024
2009/9/4,NHII.NH,2059.2082
2009/9/7,NHII.NH,2063.4993
2009/9/8,NHII.NH,2069.4309
2009/9/9,NHII.NH,2081.6991
2009/9/10,NHII.NH,2084.7023
2009/9/11,NHII.NH,2056.6455
2009/9/14,NHII.NH,1987.16
2009/9/15,NHII.NH,1998.3153
2009/9/16,NHII.NH,2015.6485
2009/9/17,NHII.NH,2023.7272
2009/9/18,NHII.NH,1994.0739
2009/9/21,NHII.NH,2004.0841
2009/9/22,NHII.NH,1995.268
2009/9/23,NHII.NH,1970.3783
2009/9/24,NHII.NH,1973.1179
2009/9/25,NHII.NH,1954.2443
2009/9/28,NHII.NH,1911.6364
2009/9/29,NHII.NH,1939.7352
2009/9/30,NHII.NH,1997.2559
2009/10/9,NHII.NH,2040.0651
2009/10/12,NHII.NH,2061.3386
2009/10/13,NHII.NH,2064.4727
2009/10/14,NHII.NH,2078.307
2009/10/15,NHII.NH,2062.9001
2009/10/16,NHII.NH,2070.2324
2009/10/19,NHII.NH,2098.9301
2009/10/20,NHII.NH,2113.0852
2009/10/21,NHII.NH,2095.6051
2009/10/22,NHII.NH,2103.6532
2009/10/23,NHII.NH,2140.7595
2009/10/26,NHII.NH,2163.1237
2009/10/27,NHII.NH,2148.6666
2009/10/28,NHII.NH,2150.427
2009/10/29,NHII.NH,2102.55
2009/10/30,NHII.NH,2142.6192
2009/11/2,NHII.NH,2125.9016
2009/11/3,NHII.NH,2122.1796
2009/11/4,NHII.NH,2137.5395
2009/11/5,NHII.NH,2127.1253
2009/11/6,NHII.NH,2141.7664
2009/11/9,NHII.NH,2149.8493
2009/11/10,NHII.NH,2136.9473
2009/11/11,NHII.NH,2150.3216
2009/11/12,NHII.NH,2179.5398
2009/11/13,NHII.NH,2187.3896
2009/11/16,NHII.NH,2212.1598
2009/11/17,NHII.NH,2222.5133
2009/11/18,NHII.NH,2257.4092
2009/11/19,NHII.NH,2257.9839
2009/11/20,NHII.NH,2264.317
2009/11/23,NHII.NH,2308.5603
2009/11/24,NHII.NH,2268.7836
2009/11/25,NHII.NH,2298.2932
2009/11/26,NHII.NH,2291.528
2009/11/27,NHII.NH,2223.318
2009/11/30,NHII.NH,2254.8413
2009/12/1,NHII.NH,2262.2388
2009/12/2,NHII.NH,2290.3652
2009/12/3,NHII.NH,2306.9796
2009/12/4,NHII.NH,2313.369
2009/12/7,NHII.NH,2298.6925
2009/12/8,NHII.NH,2302.3353
2009/12/9,NHII.NH,2262.542
2009/12/10,NHII.NH,2247.1548
2009/12/11,NHII.NH,2260.8989
2009/12/14,NHII.NH,2281.6069
2009/12/15,NHII.NH,2282.4458
2009/12/16,NHII.NH,2315.5319
2009/12/17,NHII.NH,2322.5573
2009/12/18,NHII.NH,2337.0676
2009/12/21,NHII.NH,2336.675
2009/12/22,NHII.NH,2317.7147
2009/12/23,NHII.NH,2332.5483
2009/12/24,NHII.NH,2367.9719
2009/12/25,NHII.NH,2380.7321
2009/12/28,NHII.NH,2405.1978
2009/12/29,NHII.NH,2407.5433
2009/12/30,NHII.NH,2427.8917
2009/12/31,NHII.NH,2457.7512
2010/1/4,NHII.NH,2463.8605
2010/1/5,NHII.NH,2495.5329
2010/1/6,NHII.NH,2525.5561
2010/1/7,NHII.NH,2495.0752
2010/1/8,NHII.NH,2483.989
2010/1/11,NHII.NH,2550.3338
2010/1/12,NHII.NH,2531.11
2010/1/13,NHII.NH,2450.2917
2010/1/14,NHII.NH,2485.5226
2010/1/15,NHII.NH,2458.7265
2010/1/18,NHII.NH,2464.6985
2010/1/19,NHII.NH,2495.6679
2010/1/20,NHII.NH,2477.8942
2010/1/21,NHII.NH,2494.6407
2010/1/22,NHII.NH,2418.5874
2010/1/25,NHII.NH,2425.709
2010/1/26,NHII.NH,2385.2584
2010/1/27,NHII.NH,2377.8259
2010/1/28,NHII.NH,2311.282
2010/1/29,NHII.NH,2264.7178
2010/2/1,NHII.NH,2246.2667
2010/2/2,NHII.NH,2241.8079
2010/2/3,NHII.NH,2303.6389
2010/2/4,NHII.NH,2255.6704
2010/2/5,NHII.NH,2191.2067
2010/2/8,NHII.NH,2198.9969
2010/2/9,NHII.NH,2224.5071
2010/2/10,NHII.NH,2272.2451
2010/2/11,NHII.NH,2303.0891
2010/2/12,NHII.NH,2339.4244
2010/2/22,NHII.NH,2401.3421
2010/2/23,NHII.NH,2403.9855
2010/2/24,NHII.NH,2385.2203
2010/2/25,NHII.NH,2364.9748
2010/2/26,NHII.NH,2369.2789
2010/3/1,NHII.NH,2401.6065
2010/3/2,NHII.NH,2339.6182
2010/3/3,NHII.NH,2355.4527
2010/3/4,NHII.NH,2344.1932
2010/3/5,NHII.NH,2360.711
2010/3/8,NHII.NH,2405.0406
2010/3/9,NHII.NH,2389.0628
2010/3/10,NHII.NH,2398.9292
2010/3/11,NHII.NH,2356.7891
2010/3/12,NHII.NH,2358.783
2010/3/15,NHII.NH,2301.3832
2010/3/16,NHII.NH,2316.4434
2010/3/17,NHII.NH,2362.1008
2010/3/18,NHII.NH,2339.6925
2010/3/19,NHII.NH,2368.9692
2010/3/22,NHII.NH,2348.5452
2010/3/23,NHII.NH,2337.8178
2010/3/24,NHII.NH,2334.5837
2010/3/25,NHII.NH,2351.8492
2010/3/26,NHII.NH,2374.7208
2010/3/29,NHII.NH,2401.1866
2010/3/30,NHII.NH,2396.3858
2010/3/31,NHII.NH,2378.1018
2010/4/1,NHII.NH,2401.1056
2010/4/2,NHII.NH,2417.5102
2010/4/6,NHII.NH,2445.2924
2010/4/7,NHII.NH,2443.9462
2010/4/8,NHII.NH,2408.2504
2010/4/9,NHII.NH,2430.0485
2010/4/12,NHII.NH,2439.5628
2010/4/13,NHII.NH,2428.6397
2010/4/14,NHII.NH,2440.4651
2010/4/15,NHII.NH,2441.4402
2010/4/16,NHII.NH,2433.71
2010/4/19,NHII.NH,2353.4595
2010/4/20,NHII.NH,2382.5836
2010/4/21,NHII.NH,2382.9396
2010/4/22,NHII.NH,2367.9397
2010/4/23,NHII.NH,2367.7241
2010/4/26,NHII.NH,2386.7116
2010/4/27,NHII.NH,2350.4786
2010/4/28,NHII.NH,2300.5096
2010/4/29,NHII.NH,2304.5188
2010/4/30,NHII.NH,2311.5896
2010/5/4,NHII.NH,2290.5419
2010/5/5,NHII.NH,2254.7367
2010/5/6,NHII.NH,2229.114
2010/5/7,NHII.NH,2172.9723
2010/5/10,NHII.NH,2219.2713
2010/5/11,NHII.NH,2182.2524
2010/5/12,NHII.NH,2190.5511
2010/5/13,NHII.NH,2210.4462
2010/5/14,NHII.NH,2178.2116
2010/5/17,NHII.NH,2089.1107
2010/5/18,NHII.NH,2103.6415
2010/5/19,NHII.NH,2083.8714
2010/5/20,NHII.NH,2099.3548
2010/5/21,NHII.NH,2081.5773
2010/5/24,NHII.NH,2128.8979
2010/5/25,NHII.NH,2089.2421
2010/5/26,NHII.NH,2119.2325
2010/5/27,NHII.NH,2139.8111
2010/5/28,NHII.NH,2153.4033
2010/5/31,NHII.NH,2139.8366
2010/6/1,NHII.NH,2110.9281
2010/6/2,NHII.NH,2085.4335
2010/6/3,NHII.NH,2090.3848
2010/6/4,NHII.NH,2064.8024
2010/6/7,NHII.NH,1968.2311
2010/6/8,NHII.NH,1975.3729
2010/6/9,NHII.NH,2010.9152
2010/6/10,NHII.NH,2009.0256
2010/6/11,NHII.NH,2035.8688
2010/6/17,NHII.NH,2034.1217
2010/6/18,NHII.NH,2017.2389
2010/6/21,NHII.NH,2085.3845
2010/6/22,NHII.NH,2062.4336
2010/6/23,NHII.NH,2060.4697
2010/6/24,NHII.NH,2077.323
2010/6/25,NHII.NH,2065.7547
2010/6/28,NHII.NH,2079.0146
2010/6/29,NHII.NH,2039.809
2010/6/30,NHII.NH,2025.7455
2010/7/1,NHII.NH,1999.8392
2010/7/2,NHII.NH,2029.2999
2010/7/5,NHII.NH,2035.2439
2010/7/6,NHII.NH,2031.0984
2010/7/7,NHII.NH,2028.7406
2010/7/8,NHII.NH,2040.9783
2010/7/9,NHII.NH,2053.3044
2010/7/12,NHII.NH,2031.953
2010/7/13,NHII.NH,2007.9767
2010/7/14,NHII.NH,2021.5917
2010/7/15,NHII.NH,2017.7998
2010/7/16,NHII.NH,2025.433
2010/7/19,NHII.NH,2020.8195
2010/7/20,NHII.NH,2047.8483
2010/7/21,NHII.NH,2049.5655
2010/7/22,NHII.NH,2061.0243
2010/7/23,NHII.NH,2102.6714
2010/7/26,NHII.NH,2106.2586
2010/7/27,NHII.NH,2087.1341
2010/7/28,NHII.NH,2121.9535
2010/7/29,NHII.NH,2127.4788
2010/7/30,NHII.NH,2139.2177
2010/8/2,NHII.NH,2179.4196
2010/8/3,NHII.NH,2174.5268
2010/8/4,NHII.NH,2187.4656
2010/8/5,NHII.NH,2172.2352
2010/8/6,NHII.NH,2187.1497
2010/8/9,NHII.NH,2210.9115
2010/8/10,NHII.NH,2188.9581
2010/8/11,NHII.NH,2175.9403
2010/8/12,NHII.NH,2149.6705
2010/8/13,NHII.NH,2180.511
2010/8/16,NHII.NH,2188.9161
2010/8/17,NHII.NH,2204.2014
2010/8/18,NHII.NH,2207.1531
2010/8/19,NHII.NH,2222.0799
2010/8/20,NHII.NH,2178.2439
2010/8/23,NHII.NH,2166.5264
2010/8/24,NHII.NH,2146.1509
2010/8/25,NHII.NH,2150.9484
2010/8/26,NHII.NH,2177.0497
2010/8/27,NHII.NH,2184.8823
2010/8/30,NHII.NH,2219.8082
2010/8/31,NHII.NH,2186.075
2010/9/1,NHII.NH,2214.0634
2010/9/2,NHII.NH,2238.2541
2010/9/3,NHII.NH,2233.4415
2010/9/6,NHII.NH,2283.7942
2010/9/7,NHII.NH,2270.114
2010/9/8,NHII.NH,2272.0756
2010/9/9,NHII.NH,2218.4485
2010/9/10,NHII.NH,2229.2624
2010/9/13,NHII.NH,2244.016
2010/9/14,NHII.NH,2222.1991
2010/9/15,NHII.NH,2217.8846
2010/9/16,NHII.NH,2208.7526
2010/9/17,NHII.NH,2232.008
2010/9/20,NHII.NH,2249.7914
2010/9/21,NHII.NH,2233.6042
2010/9/27,NHII.NH,2244.2474
2010/9/28,NHII.NH,2239.1455
2010/9/29,NHII.NH,2246.28
2010/9/30,NHII.NH,2248.3091
2010/10/8,NHII.NH,2268.8472
2010/10/11,NHII.NH,2345.7813
2010/10/12,NHII.NH,2329.5009
2010/10/13,NHII.NH,2365.1694
2010/10/14,NHII.NH,2385.1786
2010/10/15,NHII.NH,2390.6426
2010/10/18,NHII.NH,2364.8827
2010/10/19,NHII.NH,2372.7081
2010/10/20,NHII.NH,2349.5609
2010/10/21,NHII.NH,2350.0745
2010/10/22,NHII.NH,2359.9221
2010/10/25,NHII.NH,2424.4005
2010/10/26,NHII.NH,2410.2203
2010/10/27,NHII.NH,2376.4991
2010/10/28,NHII.NH,2392.3129
2010/10/29,NHII.NH,2355.7368
2010/11/1,NHII.NH,2392.9854
2010/11/2,NHII.NH,2393.6705
2010/11/3,NHII.NH,2406.9999
2010/11/4,NHII.NH,2453.1299
2010/11/5,NHII.NH,2528.2119
2010/11/8,NHII.NH,2530.7236
2010/11/9,NHII.NH,2595.9376
2010/11/10,NHII.NH,2584.2562
2010/11/11,NHII.NH,2591.482
2010/11/12,NHII.NH,2494.1624
2010/11/15,NHII.NH,2441.0079
2010/11/16,NHII.NH,2424.551
2010/11/17,NHII.NH,2343.611
2010/11/18,NHII.NH,2389.7833
2010/11/19,NHII.NH,2422.1046
2010/11/22,NHII.NH,2396.5562
2010/11/23,NHII.NH,2338.0642
2010/11/24,NHII.NH,2370.0988
2010/11/25,NHII.NH,2348.0271
2010/11/26,NHII.NH,2319.8902
2010/11/29,NHII.NH,2340.5016
2010/11/30,NHII.NH,2336.2357
2010/12/1,NHII.NH,2358.4637
2010/12/2,NHII.NH,2396.9759
2010/12/3,NHII.NH,2416.5259
2010/12/6,NHII.NH,2421.7261
2010/12/7,NHII.NH,2441.5389
2010/12/8,NHII.NH,2401.4394
2010/12/9,NHII.NH,2438.0953
2010/12/10,NHII.NH,2453.9578
2010/12/13,NHII.NH,2505.6229
2010/12/14,NHII.NH,2509.4542
2010/12/15,NHII.NH,2480.4199
2010/12/16,NHII.NH,2476.9488
2010/12/17,NHII.NH,2508.6104
2010/12/20,NHII.NH,2521.0684
2010/12/21,NHII.NH,2541.398
2010/12/22,NHII.NH,2517.5411
2010/12/23,NHII.NH,2531.0956
2010/12/24,NHII.NH,2537.1664
2010/12/27,NHII.NH,2529.0183
2010/12/28,NHII.NH,2521.0242
2010/12/29,NHII.NH,2529.9658
2010/12/30,NHII.NH,2555.1621
2010/12/31,NHII.NH,2568.1213
2011/1/4,NHII.NH,2584.9845
2011/1/5,NHII.NH,2569.8222
2011/1/6,NHII.NH,2591.9928
2011/1/7,NHII.NH,2530.8003
2011/1/10,NHII.NH,2543.8114
2011/1/11,NHII.NH,2557.7107
2011/1/12,NHII.NH,2574.3712
2011/1/13,NHII.NH,2580.6107
2011/1/14,NHII.NH,2589.1702
2011/1/17,NHII.NH,2580.1509
2011/1/18,NHII.NH,2584.2475
2011/1/19,NHII.NH,2621.4209
2011/1/20,NHII.NH,2599.2599
2011/1/21,NHII.NH,2595.9025
2011/1/24,NHII.NH,2617.706
2011/1/25,NHII.NH,2578.5009
2011/1/26,NHII.NH,2575.3778
2011/1/27,NHII.NH,2594.4492
2011/1/28,NHII.NH,2600.1085
2011/1/31,NHII.NH,2635.5507
2011/2/1,NHII.NH,2678.8618
2011/2/9,NHII.NH,2676.184
2011/2/10,NHII.NH,2704.7603
2011/2/11,NHII.NH,2696.3656
2011/2/14,NHII.NH,2706.9725
2011/2/15,NHII.NH,2698.7048
2011/2/16,NHII.NH,2689.756
2011/2/17,NHII.NH,2658.7532
2011/2/18,NHII.NH,2633.9905
2011/2/21,NHII.NH,2657.9772
2011/2/22,NHII.NH,2627.1599
2011/2/23,NHII.NH,2583.4038
2011/2/24,NHII.NH,2560.7571
2011/2/25,NHII.NH,2569.686
2011/2/28,NHII.NH,2610.0033
2011/3/1,NHII.NH,2594.5296
2011/3/2,NHII.NH,2599.1964
2011/3/3,NHII.NH,2583.5999
2011/3/4,NHII.NH,2586.658
2011/3/7,NHII.NH,2590.37
2011/3/8,NHII.NH,2510.688
2011/3/9,NHII.NH,2522.4755
2011/3/10,NHII.NH,2474.8038
2011/3/11,NHII.NH,2456.551
2011/3/14,NHII.NH,2449.5887
2011/3/15,NHII.NH,2442.1835
2011/3/16,NHII.NH,2479.354
2011/3/17,NHII.NH,2466.3151
2011/3/18,NHII.NH,2498.3996
2011/3/21,NHII.NH,2480.484
2011/3/22,NHII.NH,2484.3163
2011/3/23,NHII.NH,2516.8585
2011/3/24,NHII.NH,2514.367
2011/3/25,NHII.NH,2512.8045
2011/3/28,NHII.NH,2482.3252
2011/3/29,NHII.NH,2485.3673
2011/3/30,NHII.NH,2493.8221
2011/3/31,NHII.NH,2481.1438
2011/4/1,NHII.NH,2466.4438
2011/4/6,NHII.NH,2510.3373
2011/4/7,NHII.NH,2512.9638
2011/4/8,NHII.NH,2549.616
2011/4/11,NHII.NH,2560.202
2011/4/12,NHII.NH,2535.9354
2011/4/13,NHII.NH,2539.4994
2011/4/14,NHII.NH,2509.9399
2011/4/15,NHII.NH,2489.8963
2011/4/18,NHII.NH,2489.4285
2011/4/19,NHII.NH,2440.5317
2011/4/20,NHII.NH,2476.929
2011/4/21,NHII.NH,2484.3268
2011/4/22,NHII.NH,2488.9825
2011/4/25,NHII.NH,2463.0958
2011/4/26,NHII.NH,2450.7539
2011/4/27,NHII.NH,2434.6305
2011/4/28,NHII.NH,2455.9738
2011/4/29,NHII.NH,2436.1111
2011/5/3,NHII.NH,2438.4905
2011/5/4,NHII.NH,2414.4179
2011/5/5,NHII.NH,2381.8018
2011/5/6,NHII.NH,2336.2278
2011/5/9,NHII.NH,2365.6919
2011/5/10,NHII.NH,2377.7209
2011/5/11,NHII.NH,2362.5761
2011/5/12,NHII.NH,2304.2182
2011/5/13,NHII.NH,2367.3045
2011/5/16,NHII.NH,2347.4854
2011/5/17,NHII.NH,2362.3811
2011/5/18,NHII.NH,2359.9674
2011/5/19,NHII.NH,2370.312
2011/5/20,NHII.NH,2369.6141
2011/5/23,NHII.NH,2337.5807
2011/5/24,NHII.NH,2357.7914
2011/5/25,NHII.NH,2375.8999
2011/5/26,NHII.NH,2401.6491
2011/5/27,NHII.NH,2409.4883
2011/5/30,NHII.NH,2404.18
2011/5/31,NHII.NH,2415.5583
2011/6/1,NHII.NH,2406.8776
2011/6/2,NHII.NH,2393.3261
2011/6/3,NHII.NH,2420.7619
2011/6/7,NHII.NH,2422.508
2011/6/8,NHII.NH,2410.1077
2011/6/9,NHII.NH,2403.6658
2011/6/10,NHII.NH,2406.561
2011/6/13,NHII.NH,2389.5979
2011/6/14,NHII.NH,2396.7634
2011/6/15,NHII.NH,2414.4798
2011/6/16,NHII.NH,2393.4722
2011/6/17,NHII.NH,2391.5812
2011/6/20,NHII.NH,2370.2525
2011/6/21,NHII.NH,2385.8243
2011/6/22,NHII.NH,2365.5476
2011/6/23,NHII.NH,2365.0325
2011/6/24,NHII.NH,2371.2798
2011/6/27,NHII.NH,2333.876
2011/6/28,NHII.NH,2340.3114
2011/6/29,NHII.NH,2357.3884
2011/6/30,NHII.NH,2392.6083
2011/7/1,NHII.NH,2390.535
2011/7/4,NHII.NH,2435.6448
2011/7/5,NHII.NH,2430.6273
2011/7/6,NHII.NH,2443.716
2011/7/7,NHII.NH,2444.5534
2011/7/8,NHII.NH,2454.8268
2011/7/11,NHII.NH,2446.1247
2011/7/12,NHII.NH,2440.9948
2011/7/13,NHII.NH,2486.5725
2011/7/14,NHII.NH,2486.0157
2011/7/15,NHII.NH,2481.033
2011/7/18,NHII.NH,2485.4517
2011/7/19,NHII.NH,2508.6722
2011/7/20,NHII.NH,2507.5205
2011/7/21,NHII.NH,2502.9363
2011/7/22,NHII.NH,2512.527
2011/7/25,NHII.NH,2492.9166
2011/7/26,NHII.NH,2527.5861
2011/7/27,NHII.NH,2535.4955
2011/7/28,NHII.NH,2523.6568
2011/7/29,NHII.NH,2517.3193
2011/8/1,NHII.NH,2547.8384
2011/8/2,NHII.NH,2523.3778
2011/8/3,NHII.NH,2522.4952
2011/8/4,NHII.NH,2506.7945
2011/8/5,NHII.NH,2411.9558
2011/8/8,NHII.NH,2388.8674
2011/8/9,NHII.NH,2345.5576
2011/8/10,NHII.NH,2375.313
2011/8/11,NHII.NH,2396.2064
2011/8/12,NHII.NH,2398.4619
2011/8/15,NHII.NH,2416.5014
2011/8/16,NHII.NH,2384.5933
2011/8/17,NHII.NH,2410.2487
2011/8/18,NHII.NH,2397.5261
2011/8/19,NHII.NH,2385.7886
2011/8/22,NHII.NH,2370.7595
2011/8/23,NHII.NH,2391.8091
2011/8/24,NHII.NH,2389.3251
2011/8/25,NHII.NH,2393.2811
2011/8/26,NHII.NH,2396.1474
2011/8/29,NHII.NH,2396.4499
2011/8/30,NHII.NH,2425.0873
2011/8/31,NHII.NH,2431.9436
2011/9/1,NHII.NH,2418.2381
2011/9/2,NHII.NH,2411.3139
2011/9/5,NHII.NH,2384.5301
2011/9/6,NHII.NH,2383.4058
2011/9/7,NHII.NH,2416.1255
2011/9/8,NHII.NH,2409.5607
2011/9/9,NHII.NH,2412.849
2011/9/13,NHII.NH,2392.0661
2011/9/14,NHII.NH,2361.9504
2011/9/15,NHII.NH,2362.5779
2011/9/16,NHII.NH,2375.909
2011/9/19,NHII.NH,2294.762
2011/9/20,NHII.NH,2290.7457
2011/9/21,NHII.NH,2299.4885
2011/9/22,NHII.NH,2223.9237
2011/9/23,NHII.NH,2147.4979
2011/9/26,NHII.NH,2058.1064
2011/9/27,NHII.NH,2114.9254
2011/9/28,NHII.NH,2097.847
2011/9/29,NHII.NH,2039.0841
2011/9/30,NHII.NH,2096.8232
2011/10/10,NHII.NH,2085.8092
2011/10/11,NHII.NH,2089.2348
2011/10/12,NHII.NH,2110.4879
2011/10/13,NHII.NH,2096.2976
2011/10/14,NHII.NH,2115.7563
2011/10/17,NHII.NH,2093.9865
2011/10/18,NHII.NH,2028.7954
2011/10/19,NHII.NH,2016.9399
2011/10/20,NHII.NH,1934.6602
2011/10/21,NHII.NH,1944.1726
2011/10/24,NHII.NH,2032.7096
2011/10/25,NHII.NH,2049.5967
2011/10/26,NHII.NH,2060.6187
2011/10/27,NHII.NH,2082.7858
2011/10/28,NHII.NH,2111.798
2011/10/31,NHII.NH,2084.1059
2011/11/1,NHII.NH,2060.9815
2011/11/2,NHII.NH,2083.4179
2011/11/3,NHII.NH,2040.6734
2011/11/4,NHII.NH,2109.9057
2011/11/7,NHII.NH,2076.6661
2011/11/8,NHII.NH,2076.6994
2011/11/9,NHII.NH,2077.6949
2011/11/10,NHII.NH,1995.4199
2011/11/11,NHII.NH,2019.5914
2011/11/14,NHII.NH,2089.3044
2011/11/15,NHII.NH,2071.5838
2011/11/16,NHII.NH,2050.4605
2011/11/17,NHII.NH,2073.3254
2011/11/18,NHII.NH,2051.6147
2011/11/21,NHII.NH,2033.827
2011/11/22,NHII.NH,2037.9762
2011/11/23,NHII.NH,2020.1459
2011/11/24,NHII.NH,2028.4783
2011/11/25,NHII.NH,2007.3011
2011/11/28,NHII.NH,2047.3116
2011/11/29,NHII.NH,2056.603
2011/11/30,NHII.NH,2032.7966
2011/12/1,NHII.NH,2111.936
2011/12/2,NHII.NH,2111.3845
2011/12/5,NHII.NH,2113.0129
2011/12/6,NHII.NH,2108.5144
2011/12/7,NHII.NH,2131.1729
2011/12/8,NHII.NH,2121.967
2011/12/9,NHII.NH,2100.7113
2011/12/12,NHII.NH,2088.4862
2011/12/13,NHII.NH,2071.4499
2011/12/14,NHII.NH,2062.1907
2011/12/15,NHII.NH,2014.1109
2011/12/16,NHII.NH,2050.4255
2011/12/19,NHII.NH,2033.0874
2011/12/20,NHII.NH,2039.314
2011/12/21,NHII.NH,2057.4098
2011/12/22,NHII.NH,2061.8608
2011/12/23,NHII.NH,2082.7725
2011/12/26,NHII.NH,2059.9671
2011/12/27,NHII.NH,2059.9027
2011/12/28,NHII.NH,2064.1324
2011/12/29,NHII.NH,2040.3819
2011/12/30,NHII.NH,2056.9494
2012/1/4,NHII.NH,2048.9318
2012/1/5,NHII.NH,2071.1261
2012/1/6,NHII.NH,2072.8111
2012/1/9,NHII.NH,2070.0309
2012/1/10,NHII.NH,2084.5911
2012/1/11,NHII.NH,2101.7148
2012/1/12,NHII.NH,2106.9751
2012/1/13,NHII.NH,2110.646
2012/1/16,NHII.NH,2117.9087
2012/1/17,NHII.NH,2158.6526
2012/1/18,NHII.NH,2161.6458
2012/1/19,NHII.NH,2180.0799
2012/1/20,NHII.NH,2203.9283
2012/1/30,NHII.NH,2192.8739
2012/1/31,NHII.NH,2203.7101
2012/2/1,NHII.NH,2180.9696
2012/2/2,NHII.NH,2192.0662
2012/2/3,NHII.NH,2200.6661
2012/2/6,NHII.NH,2224.0551
2012/2/7,NHII.NH,2203.2689
2012/2/8,NHII.NH,2243.224
2012/2/9,NHII.NH,2224.0608
2012/2/10,NHII.NH,2217.9017
2012/2/13,NHII.NH,2207.2742
2012/2/14,NHII.NH,2194.9538
2012/2/15,NHII.NH,2192.7166
2012/2/16,NHII.NH,2155.5644
2012/2/17,NHII.NH,2164.2379
2012/2/20,NHII.NH,2169.2381
2012/2/21,NHII.NH,2196.2634
2012/2/22,NHII.NH,2206.4499
2012/2/23,NHII.NH,2204.5542
2012/2/24,NHII.NH,2197.209
2012/2/27,NHII.NH,2212.0791
2012/2/28,NHII.NH,2228.3161
2012/2/29,NHII.NH,2230.8165
2012/3/1,NHII.NH,2212.5131
2012/3/2,NHII.NH,2234.6738
2012/3/5,NHII.NH,2220.3381
2012/3/6,NHII.NH,2205.0264
2012/3/7,NHII.NH,2181.8044
2012/3/8,NHII.NH,2186.7714
2012/3/9,NHII.NH,2216.5943
2012/3/12,NHII.NH,2219.1954
2012/3/13,NHII.NH,2231.5539
2012/3/14,NHII.NH,2217.5159
2012/3/15,NHII.NH,2212.5367
2012/3/16,NHII.NH,2212.7349
2012/3/19,NHII.NH,2202.4153
2012/3/20,NHII.NH,2199.9035
2012/3/21,NHII.NH,2207.4544
2012/3/22,NHII.NH,2193.2931
2012/3/23,NHII.NH,2198.0303
2012/3/26,NHII.NH,2199.6721
2012/3/27,NHII.NH,2214.8592
2012/3/28,NHII.NH,2197.6803
2012/3/29,NHII.NH,2180.51
2012/3/30,NHII.NH,2184.3826
2012/4/5,NHII.NH,2188.7825
2012/4/6,NHII.NH,2203.2341
2012/4/9,NHII.NH,2191.6666
2012/4/10,NHII.NH,2189.4459
2012/4/11,NHII.NH,2162.1854
2012/4/12,NHII.NH,2174.7804
2012/4/13,NHII.NH,2167.7652
2012/4/16,NHII.NH,2144.6295
2012/4/17,NHII.NH,2140.8593
2012/4/18,NHII.NH,2170.7802
2012/4/19,NHII.NH,2164.3317
2012/4/20,NHII.NH,2166.6319
2012/4/23,NHII.NH,2153.983
2012/4/24,NHII.NH,2149.4929
2012/4/25,NHII.NH,2148.2302
2012/4/26,NHII.NH,2164.1288
2012/4/27,NHII.NH,2162.7016
2012/5/2,NHII.NH,2167.6312
2012/5/3,NHII.NH,2150.1195
2012/5/4,NHII.NH,2155.5663
2012/5/7,NHII.NH,2130.3329
2012/5/8,NHII.NH,2130.2201
2012/5/9,NHII.NH,2113.3666
2012/5/10,NHII.NH,2119.5022
2012/5/11,NHII.NH,2091.1647
2012/5/14,NHII.NH,2066.8067
2012/5/15,NHII.NH,2055.695
2012/5/16,NHII.NH,2022.5428
2012/5/17,NHII.NH,2050.7676
2012/5/18,NHII.NH,2035.519
2012/5/21,NHII.NH,2057.8734
2012/5/22,NHII.NH,2051.7121
2012/5/23,NHII.NH,2022.6911
2012/5/24,NHII.NH,2025.725
2012/5/25,NHII.NH,2030.9839
2012/5/28,NHII.NH,2050.8574
2012/5/29,NHII.NH,2058.2047
2012/5/30,NHII.NH,2040.2828
2012/5/31,NHII.NH,2020.6727
2012/6/1,NHII.NH,2008.572
2012/6/4,NHII.NH,1948.5647
2012/6/5,NHII.NH,1965.6714
2012/6/6,NHII.NH,1971.4781
2012/6/7,NHII.NH,1970.2359
2012/6/8,NHII.NH,1949.2963
2012/6/11,NHII.NH,1985.4546
2012/6/12,NHII.NH,1961.7823
2012/6/13,NHII.NH,1969.0082
2012/6/14,NHII.NH,1967.77
2012/6/15,NHII.NH,1996.8008
2012/6/18,NHII.NH,2005.7279
2012/6/19,NHII.NH,1996.6837
2012/6/20,NHII.NH,2010.2119
2012/6/21,NHII.NH,1974.314
2012/6/25,NHII.NH,1967.5792
2012/6/26,NHII.NH,1953.539
2012/6/27,NHII.NH,1954.0916
2012/6/28,NHII.NH,1972.6883
2012/6/29,NHII.NH,1994.1987
2012/7/2,NHII.NH,2002.2624
2012/7/3,NHII.NH,2031.965
2012/7/4,NHII.NH,2034.488
2012/7/5,NHII.NH,2042.8321
2012/7/6,NHII.NH,2034.3825
2012/7/9,NHII.NH,2021.2467
2012/7/10,NHII.NH,2008.0313
2012/7/11,NHII.NH,2008.1102
2012/7/12,NHII.NH,2008.0206
2012/7/13,NHII.NH,2032.7273
2012/7/16,NHII.NH,2037.3615
2012/7/17,NHII.NH,2021.1092
2012/7/18,NHII.NH,2013.0336
2012/7/19,NHII.NH,2022.549
2012/7/20,NHII.NH,2001.8352
2012/7/23,NHII.NH,1946.8263
2012/7/24,NHII.NH,1948.9339
2012/7/25,NHII.NH,1928.05
2012/7/26,NHII.NH,1941.3057
2012/7/27,NHII.NH,1969.0045
2012/7/30,NHII.NH,1961.7158
2012/7/31,NHII.NH,1971.8203
2012/8/1,NHII.NH,1959.449
2012/8/2,NHII.NH,1953.2854
2012/8/3,NHII.NH,1946.5403
2012/8/6,NHII.NH,1960.2737
2012/8/7,NHII.NH,1966.6236
2012/8/8,NHII.NH,1953.5659
2012/8/9,NHII.NH,1972.8853
2012/8/10,NHII.NH,1962.2973
2012/8/13,NHII.NH,1942.5241
2012/8/14,NHII.NH,1939.2617
2012/8/15,NHII.NH,1938.12
2012/8/16,NHII.NH,1933.3695
2012/8/17,NHII.NH,1943.125
2012/8/20,NHII.NH,1929.8263
2012/8/21,NHII.NH,1934.7996
2012/8/22,NHII.NH,1929.4087
2012/8/23,NHII.NH,1949.154
2012/8/24,NHII.NH,1937.4227
2012/8/27,NHII.NH,1958.3489
2012/8/28,NHII.NH,1939.5982
2012/8/29,NHII.NH,1924.6992
2012/8/30,NHII.NH,1933.3483
2012/8/31,NHII.NH,1921.104
2012/9/3,NHII.NH,1938.3329
2012/9/4,NHII.NH,1923.2773
2012/9/5,NHII.NH,1906.7457
2012/9/6,NHII.NH,1928.4586
2012/9/7,NHII.NH,1954.2276
2012/9/10,NHII.NH,2009.2951
2012/9/11,NHII.NH,2014.281
2012/9/12,NHII.NH,2022.2006
2012/9/13,NHII.NH,2009.7703
2012/9/14,NHII.NH,2082.3876
2012/9/17,NHII.NH,2074.6807
2012/9/18,NHII.NH,2074.3124
2012/9/19,NHII.NH,2093.517
2012/9/20,NHII.NH,2041.8739
2012/9/21,NHII.NH,2052.0366
2012/9/24,NHII.NH,2039.6082
2012/9/25,NHII.NH,2043.5818
2012/9/26,NHII.NH,2042.5866
2012/9/27,NHII.NH,2053.2414
2012/9/28,NHII.NH,2082.7274
2012/10/8,NHII.NH,2064.7118
2012/10/9,NHII.NH,2099.853
2012/10/10,NHII.NH,2097.7335
2012/10/11,NHII.NH,2089.7167
2012/10/12,NHII.NH,2089.3917
2012/10/15,NHII.NH,2069.4485
2012/10/16,NHII.NH,2079.612
2012/10/17,NHII.NH,2082.9197
2012/10/18,NHII.NH,2097.6405
2012/10/19,NHII.NH,2070.4309
2012/10/22,NHII.NH,2069.85
2012/10/23,NHII.NH,2040.24
2012/10/24,NHII.NH,2055.34
2012/10/25,NHII.NH,2060.03
2012/10/26,NHII.NH,2049.68
2012/10/29,NHII.NH,2035.12
2012/10/30,NHII.NH,2033.1
2012/10/31,NHII.NH,2045.26
2012/11/1,NHII.NH,2056.42
2012/11/2,NHII.NH,2050.64
2012/11/5,NHII.NH,2026.06
2012/11/6,NHII.NH,2031.68
2012/11/7,NHII.NH,2037.48
2012/11/8,NHII.NH,2017.62
2012/11/9,NHII.NH,2030.73
2012/11/12,NHII.NH,2029.93
2012/11/13,NHII.NH,2022.13
2012/11/14,NHII.NH,2033.61
2012/11/15,NHII.NH,2036.93
2012/11/16,NHII.NH,2034.13
2012/11/19,NHII.NH,2032.85
2012/11/20,NHII.NH,2034.91
2012/11/21,NHII.NH,2034.82
2012/11/22,NHII.NH,2037.21
2012/11/23,NHII.NH,2040.73
2012/11/26,NHII.NH,2037.55
2012/11/27,NHII.NH,2029.25
2012/11/28,NHII.NH,2021.26
2012/11/29,NHII.NH,2015.34
2012/11/30,NHII.NH,2036.38
2012/12/3,NHII.NH,2059.01
2012/12/4,NHII.NH,2055.54
2012/12/5,NHII.NH,2075.55
2012/12/6,NHII.NH,2065.84
2012/12/7,NHII.NH,2079.83
2012/12/10,NHII.NH,2103.4
2012/12/11,NHII.NH,2093.45
2012/12/12,NHII.NH,2102.24
2012/12/13,NHII.NH,2089.33
2012/12/14,NHII.NH,2116.64
2012/12/17,NHII.NH,2133.66
2012/12/18,NHII.NH,2129.77
2012/12/19,NHII.NH,2127.22
2012/12/20,NHII.NH,2107.52
2012/12/21,NHII.NH,2106.79
2012/12/24,NHII.NH,2111.17
2012/12/25,NHII.NH,2130.51
2012/12/26,NHII.NH,2136.5
2012/12/27,NHII.NH,2150.72
2012/12/28,NHII.NH,2164.01
2012/12/31,NHII.NH,2189.68
2013/1/4,NHII.NH,2194.48
2013/1/7,NHII.NH,2187.5
2013/1/8,NHII.NH,2189.03
2013/1/9,NHII.NH,2181.57
2013/1/10,NHII.NH,2191.44
2013/1/11,NHII.NH,2160.79
2013/1/14,NHII.NH,2180.94
2013/1/15,NHII.NH,2155.85
2013/1/16,NHII.NH,2153.34
2013/1/17,NHII.NH,2158.24
2013/1/18,NHII.NH,2187.82
2013/1/21,NHII.NH,2176.65
2013/1/22,NHII.NH,2190.93
2013/1/23,NHII.NH,2197.71
2013/1/24,NHII.NH,2183.55
2013/1/25,NHII.NH,2192.64
2013/1/28,NHII.NH,2192.45
2013/1/29,NHII.NH,2204.66
2013/1/30,NHII.NH,2219.77
2013/1/31,NHII.NH,2231.51
2013/2/1,NHII.NH,2238.24
2013/2/4,NHII.NH,2259.56
2013/2/5,NHII.NH,2246.52
2013/2/6,NHII.NH,2240.74
2013/2/7,NHII.NH,2235.4
2013/2/8,NHII.NH,2233.03
2013/2/18,NHII.NH,2202.46
2013/2/19,NHII.NH,2200.61
2013/2/20,NHII.NH,2196.36
2013/2/21,NHII.NH,2149.27
2013/2/22,NHII.NH,2140.34
2013/2/25,NHII.NH,2126.63
2013/2/26,NHII.NH,2102.79
2013/2/27,NHII.NH,2119.29
2013/2/28,NHII.NH,2135.66
2013/3/1,NHII.NH,2100.99
2013/3/4,NHII.NH,2072.15
2013/3/5,NHII.NH,2094.52
2013/3/6,NHII.NH,2087.25
2013/3/7,NHII.NH,2073.57
2013/3/8,NHII.NH,2078.1
2013/3/11,NHII.NH,2067.8
2013/3/12,NHII.NH,2046.77
2013/3/13,NHII.NH,2040.18
2013/3/14,NHII.NH,2024.22
2013/3/15,NHII.NH,2049.18
2013/3/18,NHII.NH,2003.25
2013/3/19,NHII.NH,2010.69
2013/3/20,NHII.NH,2024.52
2013/3/21,NHII.NH,2034.96
2013/3/22,NHII.NH,2023.4
2013/3/25,NHII.NH,2031.22
2013/3/26,NHII.NH,2019.14
2013/3/27,NHII.NH,2011.83
2013/3/28,NHII.NH,1987.31
2013/3/29,NHII.NH,1979.19
2013/4/1,NHII.NH,1941.88
2013/4/2,NHII.NH,1966.33
2013/4/3,NHII.NH,1958.76
2013/4/8,NHII.NH,1978.94
2013/4/9,NHII.NH,1984.45
2013/4/10,NHII.NH,1987.86
2013/4/11,NHII.NH,1973.42
2013/4/12,NHII.NH,1974.0
2013/4/15,NHII.NH,1911.58
2013/4/16,NHII.NH,1900.94
2013/4/17,NHII.NH,1873.41
2013/4/18,NHII.NH,1837.32
2013/4/19,NHII.NH,1865.06
2013/4/22,NHII.NH,1825.82
2013/4/23,NHII.NH,1814.26
2013/4/24,NHII.NH,1849.55
2013/4/25,NHII.NH,1863.32
2013/4/26,NHII.NH,1860.05
2013/5/2,NHII.NH,1826.32
2013/5/3,NHII.NH,1862.18
2013/5/6,NHII.NH,1894.04
2013/5/7,NHII.NH,1880.9
2013/5/8,NHII.NH,1913.79
2013/5/9,NHII.NH,1902.35
2013/5/10,NHII.NH,1924.07
2013/5/13,NHII.NH,1920.37
2013/5/14,NHII.NH,1905.2
2013/5/15,NHII.NH,1873.05
2013/5/16,NHII.NH,1875.76
2013/5/17,NHII.NH,1909.99
2013/5/20,NHII.NH,1901.9
2013/5/21,NHII.NH,1914.69
2013/5/22,NHII.NH,1918.83
2013/5/23,NHII.NH,1874.59
2013/5/24,NHII.NH,1886.1
2013/5/27,NHII.NH,1865.15
2013/5/28,NHII.NH,1867.48
2013/5/29,NHII.NH,1848.75
2013/5/30,NHII.NH,1853.88
2013/5/31,NHII.NH,1852.09
2013/6/3,NHII.NH,1870.73
2013/6/4,NHII.NH,1874.76
2013/6/5,NHII.NH,1877.97
2013/6/6,NHII.NH,1844.77
2013/6/7,NHII.NH,1851.44
2013/6/13,NHII.NH,1821.19
2013/6/14,NHII.NH,1827.51
2013/6/17,NHII.NH,1840.92
2013/6/18,NHII.NH,1835.54
2013/6/19,NHII.NH,1841.96
2013/6/20,NHII.NH,1804.19
2013/6/21,NHII.NH,1800.24
2013/6/24,NHII.NH,1758.51
2013/6/25,NHII.NH,1777.74
2013/6/26,NHII.NH,1756.83
2013/6/27,NHII.NH,1774.25
2013/6/28,NHII.NH,1772.92
2013/7/1,NHII.NH,1788.37
2013/7/2,NHII.NH,1799.67
2013/7/3,NHII.NH,1802.14
2013/7/4,NHII.NH,1803.18
2013/7/5,NHII.NH,1791.52
2013/7/8,NHII.NH,1769.58
2013/7/9,NHII.NH,1771.06
2013/7/10,NHII.NH,1779.77
2013/7/11,NHII.NH,1819.09
2013/7/12,NHII.NH,1796.14
2013/7/15,NHII.NH,1794.6
2013/7/16,NHII.NH,1803.9
2013/7/17,NHII.NH,1816.66
2013/7/18,NHII.NH,1818.33
2013/7/19,NHII.NH,1823.55
2013/7/22,NHII.NH,1836.47
2013/7/23,NHII.NH,1832.43
2013/7/24,NHII.NH,1839.65
2013/7/25,NHII.NH,1836.7
2013/7/26,NHII.NH,1821.14
2013/7/29,NHII.NH,1794.27
2013/7/30,NHII.NH,1790.4
2013/7/31,NHII.NH,1805.6
2013/8/1,NHII.NH,1822.11
2013/8/2,NHII.NH,1824.61
2013/8/5,NHII.NH,1834.39
2013/8/6,NHII.NH,1836.11
2013/8/7,NHII.NH,1832.95
2013/8/8,NHII.NH,1868.38
2013/8/9,NHII.NH,1877.18
2013/8/12,NHII.NH,1907.51
2013/8/13,NHII.NH,1918.37
2013/8/14,NHII.NH,1907.21
2013/8/15,NHII.NH,1906.85
2013/8/16,NHII.NH,1922.25
2013/8/19,NHII.NH,1920.43
2013/8/20,NHII.NH,1902.9
2013/8/21,NHII.NH,1907.84
2013/8/22,NHII.NH,1914.92
2013/8/23,NHII.NH,1930.08
2013/8/26,NHII.NH,1950.0
2013/8/27,NHII.NH,1947.06
2013/8/28,NHII.NH,1918.13
2013/8/29,NHII.NH,1914.69
2013/8/30,NHII.NH,1905.32
2013/9/2,NHII.NH,1938.86
2013/9/3,NHII.NH,1930.33
2013/9/4,NHII.NH,1918.84
2013/9/5,NHII.NH,1918.36
2013/9/6,NHII.NH,1919.21
2013/9/9,NHII.NH,1932.17
2013/9/10,NHII.NH,1917.51
2013/9/11,NHII.NH,1919.08
2013/9/12,NHII.NH,1898.85
2013/9/13,NHII.NH,1892.61
2013/9/16,NHII.NH,1882.37
2013/9/17,NHII.NH,1889.54
2013/9/18,NHII.NH,1899.59
2013/9/23,NHII.NH,1909.86
2013/9/24,NHII.NH,1898.46
2013/9/25,NHII.NH,1898.98
2013/9/26,NHII.NH,1904.3
2013/9/27,NHII.NH,1893.02
2013/9/30,NHII.NH,1890.45
2013/10/8,NHII.NH,1900.82
2013/10/9,NHII.NH,1894.26
2013/10/10,NHII.NH,1888.51
2013/10/11,NHII.NH,1900.63
2013/10/14,NHII.NH,1924.72
2013/10/15,NHII.NH,1916.86
2013/10/16,NHII.NH,1905.97
2013/10/17,NHII.NH,1890.32
2013/10/18,NHII.NH,1898.3
2013/10/21,NHII.NH,1906.53
2013/10/22,NHII.NH,1896.53
2013/10/23,NHII.NH,1886.72
2013/10/24,NHII.NH,1879.63
2013/10/25,NHII.NH,1852.73
2013/10/28,NHII.NH,1858.93
2013/10/29,NHII.NH,1864.35
2013/10/30,NHII.NH,1876.69
2013/10/31,NHII.NH,1862.2
2013/11/1,NHII.NH,1874.32
2013/11/4,NHII.NH,1862.84
2013/11/5,NHII.NH,1857.51
2013/11/6,NHII.NH,1851.74
2013/11/7,NHII.NH,1857.86
2013/11/8,NHII.NH,1849.68
2013/11/11,NHII.NH,1852.04
2013/11/12,NHII.NH,1850.21
2013/11/13,NHII.NH,1841.63
2013/11/14,NHII.NH,1840.29
2013/11/15,NHII.NH,1829.35
2013/11/18,NHII.NH,1834.16
2013/11/19,NHII.NH,1837.24
2013/11/20,NHII.NH,1849.51
2013/11/21,NHII.NH,1840.01
2013/11/22,NHII.NH,1841.84
2013/11/25,NHII.NH,1838.54
2013/11/26,NHII.NH,1847.53
2013/11/27,NHII.NH,1845.2
2013/11/28,NHII.NH,1849.55
2013/11/29,NHII.NH,1859.29
2013/12/2,NHII.NH,1865.03
2013/12/3,NHII.NH,1859.2
2013/12/4,NHII.NH,1867.28
2013/12/5,NHII.NH,1863.05
2013/12/6,NHII.NH,1869.07
2013/12/9,NHII.NH,1877.94
2013/12/10,NHII.NH,1878.97
2013/12/11,NHII.NH,1875.19
2013/12/12,NHII.NH,1887.74
2013/12/13,NHII.NH,1865.98
2013/12/16,NHII.NH,1864.71
2013/12/17,NHII.NH,1857.53
2013/12/18,NHII.NH,1849.44
2013/12/19,NHII.NH,1843.4
2013/12/20,NHII.NH,1838.88
2013/12/23,NHII.NH,1826.73
2013/12/24,NHII.NH,1826.2
2013/12/25,NHII.NH,1835.95
2013/12/26,NHII.NH,1831.43
2013/12/27,NHII.NH,1835.87
2013/12/30,NHII.NH,1826.52
2013/12/31,NHII.NH,1815.64
2014/1/2,NHII.NH,1818.54
2014/1/3,NHII.NH,1790.62
2014/1/6,NHII.NH,1775.8
2014/1/7,NHII.NH,1761.64
2014/1/8,NHII.NH,1762.2
2014/1/9,NHII.NH,1751.51
2014/1/10,NHII.NH,1757.17
2014/1/13,NHII.NH,1743.27
2014/1/14,NHII.NH,1760.1
2014/1/15,NHII.NH,1755.2
2014/1/16,NHII.NH,1758.96
2014/1/17,NHII.NH,1754.04
2014/1/20,NHII.NH,1752.41
2014/1/21,NHII.NH,1735.66
2014/1/22,NHII.NH,1739.59
2014/1/23,NHII.NH,1743.49
2014/1/24,NHII.NH,1746.52
2014/1/27,NHII.NH,1727.2
2014/1/28,NHII.NH,1712.59
2014/1/29,NHII.NH,1718.26
2014/1/30,NHII.NH,1712.8
2014/2/7,NHII.NH,1702.77
2014/2/10,NHII.NH,1718.81
2014/2/11,NHII.NH,1702.49
2014/2/12,NHII.NH,1705.91
2014/2/13,NHII.NH,1700.51
2014/2/14,NHII.NH,1701.54
2014/2/17,NHII.NH,1731.52
2014/2/18,NHII.NH,1714.8
2014/2/19,NHII.NH,1720.73
2014/2/20,NHII.NH,1700.1
2014/2/21,NHII.NH,1698.94
2014/2/24,NHII.NH,1660.08
2014/2/25,NHII.NH,1649.87
2014/2/26,NHII.NH,1654.4
2014/2/27,NHII.NH,1645.24
2014/2/28,NHII.NH,1644.76
2014/3/3,NHII.NH,1633.56
2014/3/4,NHII.NH,1630.19
2014/3/5,NHII.NH,1645.93
2014/3/6,NHII.NH,1636.76
2014/3/7,NHII.NH,1618.05
2014/3/10,NHII.NH,1569.13
2014/3/11,NHII.NH,1582.51
2014/3/12,NHII.NH,1583.46
2014/3/13,NHII.NH,1586.25
2014/3/14,NHII.NH,1574.64
2014/3/17,NHII.NH,1556.4
2014/3/18,NHII.NH,1565.29
2014/3/19,NHII.NH,1567.27
2014/3/20,NHII.NH,1566.48
2014/3/21,NHII.NH,1558.88
2014/3/24,NHII.NH,1569.6
2014/3/25,NHII.NH,1594.34
2014/3/26,NHII.NH,1596.1
2014/3/27,NHII.NH,1588.17
2014/3/28,NHII.NH,1609.94
2014/3/31,NHII.NH,1614.24
2014/4/1,NHII.NH,1615.63
2014/4/2,NHII.NH,1608.79
2014/4/3,NHII.NH,1608.65
2014/4/4,NHII.NH,1621.43
2014/4/8,NHII.NH,1633.9
2014/4/9,NHII.NH,1615.7
2014/4/10,NHII.NH,1606.09
2014/4/11,NHII.NH,1609.86
2014/4/14,NHII.NH,1609.79
2014/4/15,NHII.NH,1612.91
2014/4/16,NHII.NH,1604.9
2014/4/17,NHII.NH,1602.25
2014/4/18,NHII.NH,1572.96
2014/4/21,NHII.NH,1566.33
2014/4/22,NHII.NH,1570.76
2014/4/23,NHII.NH,1576.6
2014/4/24,NHII.NH,1585.94
2014/4/25,NHII.NH,1587.34
2014/4/28,NHII.NH,1584.31
2014/4/29,NHII.NH,1586.96
2014/4/30,NHII.NH,1576.61
2014/5/5,NHII.NH,1580.27
2014/5/6,NHII.NH,1571.12
2014/5/7,NHII.NH,1567.64
2014/5/8,NHII.NH,1560.15
2014/5/9,NHII.NH,1563.05
2014/5/12,NHII.NH,1582.61
2014/5/13,NHII.NH,1583.31
2014/5/14,NHII.NH,1589.19
2014/5/15,NHII.NH,1579.91
2014/5/16,NHII.NH,1559.14
2014/5/19,NHII.NH,1581.47
2014/5/20,NHII.NH,1576.16
2014/5/21,NHII.NH,1568.24
2014/5/22,NHII.NH,1575.64
2014/5/23,NHII.NH,1583.96
2014/5/26,NHII.NH,1606.31
2014/5/27,NHII.NH,1597.41
2014/5/28,NHII.NH,1591.99
2014/5/29,NHII.NH,1583.77
2014/5/30,NHII.NH,1577.03
2014/6/3,NHII.NH,1574.51
2014/6/4,NHII.NH,1575.58
2014/6/5,NHII.NH,1585.88
2014/6/6,NHII.NH,1585.82
2014/6/9,NHII.NH,1576.83
2014/6/10,NHII.NH,1578.19
2014/6/11,NHII.NH,1576.5
2014/6/12,NHII.NH,1563.45
2014/6/13,NHII.NH,1574.51
2014/6/16,NHII.NH,1568.69
2014/6/17,NHII.NH,1574.87
2014/6/18,NHII.NH,1572.12
2014/6/19,NHII.NH,1570.97
2014/6/20,NHII.NH,1593.27
2014/6/23,NHII.NH,1604.45
2014/6/24,NHII.NH,1601.24
2014/6/25,NHII.NH,1604.0
2014/6/26,NHII.NH,1622.43
2014/6/27,NHII.NH,1611.99
2014/6/30,NHII.NH,1603.87
2014/7/1,NHII.NH,1608.82
2014/7/2,NHII.NH,1609.58
2014/7/3,NHII.NH,1611.96
2014/7/4,NHII.NH,1608.22
2014/7/7,NHII.NH,1592.76
2014/7/8,NHII.NH,1598.45
2014/7/9,NHII.NH,1588.16
2014/7/10,NHII.NH,1582.72
2014/7/11,NHII.NH,1582.62
2014/7/14,NHII.NH,1584.57
2014/7/15,NHII.NH,1585.44
2014/7/16,NHII.NH,1583.13
2014/7/17,NHII.NH,1581.55
2014/7/18,NHII.NH,1565.86
2014/7/21,NHII.NH,1569.54
2014/7/22,NHII.NH,1576.08
2014/7/23,NHII.NH,1572.33
2014/7/24,NHII.NH,1572.1
2014/7/25,NHII.NH,1574.2
2014/7/28,NHII.NH,1577.17
2014/7/29,NHII.NH,1589.12
2014/7/30,NHII.NH,1576.29
2014/7/31,NHII.NH,1576.51
2014/8/1,NHII.NH,1567.23
2014/8/4,NHII.NH,1579.74
2014/8/5,NHII.NH,1578.12
2014/8/6,NHII.NH,1570.91
2014/8/7,NHII.NH,1574.65
2014/8/8,NHII.NH,1570.11
2014/8/11,NHII.NH,1566.35
2014/8/12,NHII.NH,1557.68
2014/8/13,NHII.NH,1551.61
2014/8/14,NHII.NH,1532.16
2014/8/15,NHII.NH,1543.71
2014/8/18,NHII.NH,1540.0
2014/8/19,NHII.NH,1548.62
2014/8/20,NHII.NH,1541.94
2014/8/21,NHII.NH,1550.28
2014/8/22,NHII.NH,1555.53
2014/8/25,NHII.NH,1554.33
2014/8/26,NHII.NH,1553.87
2014/8/27,NHII.NH,1545.49
2014/8/28,NHII.NH,1533.97
2014/8/29,NHII.NH,1530.53
2014/9/1,NHII.NH,1518.84
2014/9/2,NHII.NH,1533.03
2014/9/3,NHII.NH,1517.71
2014/9/4,NHII.NH,1518.62
2014/9/5,NHII.NH,1508.91
2014/9/9,NHII.NH,1485.08
2014/9/10,NHII.NH,1480.54
2014/9/11,NHII.NH,1471.52
2014/9/12,NHII.NH,1481.26
2014/9/15,NHII.NH,1490.74
2014/9/16,NHII.NH,1486.76
2014/9/17,NHII.NH,1496.8
2014/9/18,NHII.NH,1482.61
2014/9/19,NHII.NH,1463.37
2014/9/22,NHII.NH,1433.96
2014/9/23,NHII.NH,1436.66
2014/9/24,NHII.NH,1441.76
2014/9/25,NHII.NH,1427.1
2014/9/26,NHII.NH,1442.36
2014/9/29,NHII.NH,1427.18
2014/9/30,NHII.NH,1434.84
2014/10/8,NHII.NH,1428.67
2014/10/9,NHII.NH,1446.99
2014/10/10,NHII.NH,1430.42
2014/10/13,NHII.NH,1452.16
2014/10/14,NHII.NH,1453.37
2014/10/15,NHII.NH,1449.38
2014/10/16,NHII.NH,1432.78
2014/10/17,NHII.NH,1431.09
2014/10/20,NHII.NH,1438.49
2014/10/21,NHII.NH,1435.79
2014/10/22,NHII.NH,1438.3
2014/10/23,NHII.NH,1446.97
2014/10/24,NHII.NH,1460.54
2014/10/27,NHII.NH,1448.04
2014/10/28,NHII.NH,1450.4
2014/10/29,NHII.NH,1462.18
2014/10/30,NHII.NH,1458.46
2014/10/31,NHII.NH,1457.95
2014/11/3,NHII.NH,1444.24
2014/11/4,NHII.NH,1435.84
2014/11/5,NHII.NH,1406.36
2014/11/6,NHII.NH,1411.4
2014/11/7,NHII.NH,1424.46
2014/11/10,NHII.NH,1437.16
2014/11/11,NHII.NH,1430.32
2014/11/12,NHII.NH,1440.68
2014/11/13,NHII.NH,1439.63
2014/11/14,NHII.NH,1432.84
2014/11/17,NHII.NH,1433.12
2014/11/18,NHII.NH,1416.39
2014/11/19,NHII.NH,1418.2
2014/11/20,NHII.NH,1422.49
2014/11/21,NHII.NH,1424.84
2014/11/24,NHII.NH,1422.63
2014/11/25,NHII.NH,1426.43
2014/11/26,NHII.NH,1416.42
2014/11/27,NHII.NH,1433.17
2014/11/28,NHII.NH,1422.2
2014/12/1,NHII.NH,1399.03
2014/12/2,NHII.NH,1406.6733
2014/12/3,NHII.NH,1411.2238
2014/12/4,NHII.NH,1423.7268
2014/12/5,NHII.NH,1421.8381
2014/12/8,NHII.NH,1405.73
2014/12/9,NHII.NH,1403.86
2014/12/10,NHII.NH,1402.34
2014/12/11,NHII.NH,1399.77
2014/12/12,NHII.NH,1414.01
2014/12/15,NHII.NH,1418.72
2014/12/16,NHII.NH,1405.34
2014/12/17,NHII.NH,1398.88
2014/12/18,NHII.NH,1397.38
2014/12/19,NHII.NH,1405.0
2014/12/22,NHII.NH,1395.33
2014/12/23,NHII.NH,1376.76
2014/12/24,NHII.NH,1387.61
2014/12/25,NHII.NH,1387.39
2014/12/26,NHII.NH,1386.01
2014/12/29,NHII.NH,1396.97
2014/12/30,NHII.NH,1429.93
2014/12/31,NHII.NH,1434.71
2015/1/5,NHII.NH,1417.53
2015/1/6,NHII.NH,1434.36
2015/1/7,NHII.NH,1422.24
2015/1/8,NHII.NH,1419.5
2015/1/9,NHII.NH,1410.79
2015/1/12,NHII.NH,1395.3
2015/1/13,NHII.NH,1381.87
2015/1/14,NHII.NH,1360.07
2015/1/15,NHII.NH,1373.11
2015/1/16,NHII.NH,1371.09
2015/1/19,NHII.NH,1381.12
2015/1/20,NHII.NH,1370.1
2015/1/21,NHII.NH,1374.11
2015/1/22,NHII.NH,1380.77
2015/1/23,NHII.NH,1374.61
2015/1/26,NHII.NH,1351.42
2015/1/27,NHII.NH,1365.57
2015/1/28,NHII.NH,1365.83
2015/1/29,NHII.NH,1364.05
2015/1/30,NHII.NH,1354.64
2015/2/2,NHII.NH,1371.3
2015/2/3,NHII.NH,1382.24
2015/2/4,NHII.NH,1384.7
2015/2/5,NHII.NH,1380.49
2015/2/6,NHII.NH,1400.69
2015/2/9,NHII.NH,1392.11
2015/2/10,NHII.NH,1392.61
2015/2/11,NHII.NH,1393.88
2015/2/12,NHII.NH,1392.3
2015/2/13,NHII.NH,1412.75
2015/2/16,NHII.NH,1420.19
2015/2/17,NHII.NH,1412.68
2015/2/25,NHII.NH,1401.21
2015/2/26,NHII.NH,1420.81
2015/2/27,NHII.NH,1414.23
2015/3/2,NHII.NH,1419.2
2015/3/3,NHII.NH,1410.82
2015/3/4,NHII.NH,1406.59
2015/3/5,NHII.NH,1392.28
2015/3/6,NHII.NH,1384.43
2015/3/9,NHII.NH,1386.7
2015/3/10,NHII.NH,1375.07
2015/3/11,NHII.NH,1376.18
2015/3/12,NHII.NH,1389.49
2015/3/13,NHII.NH,1386.85
2015/3/16,NHII.NH,1384.15
2015/3/17,NHII.NH,1379.37
2015/3/18,NHII.NH,1361.59
2015/3/19,NHII.NH,1365.14
2015/3/20,NHII.NH,1366.08
2015/3/23,NHII.NH,1390.14
2015/3/24,NHII.NH,1396.88
2015/3/25,NHII.NH,1382.4
2015/3/26,NHII.NH,1387.84
2015/3/27,NHII.NH,1374.57
2015/3/30,NHII.NH,1365.92
2015/3/31,NHII.NH,1358.7
2015/4/1,NHII.NH,1355.2
2015/4/2,NHII.NH,1353.55
2015/4/3,NHII.NH,1352.12
2015/4/7,NHII.NH,1356.11
2015/4/8,NHII.NH,1349.89
2015/4/9,NHII.NH,1333.83
2015/4/10,NHII.NH,1324.85
2015/4/13,NHII.NH,1348.87
2015/4/14,NHII.NH,1345.84
2015/4/15,NHII.NH,1340.83
2015/4/16,NHII.NH,1354.79
2015/4/17,NHII.NH,1356.15
2015/4/20,NHII.NH,1349.05
2015/4/21,NHII.NH,1358.9
2015/4/22,NHII.NH,1368.83
2015/4/23,NHII.NH,1367.01
2015/4/24,NHII.NH,1390.07
2015/4/27,NHII.NH,1422.93
2015/4/28,NHII.NH,1418.48
2015/4/29,NHII.NH,1395.4
2015/4/30,NHII.NH,1416.03
2015/5/4,NHII.NH,1441.61
2015/5/5,NHII.NH,1448.84
2015/5/6,NHII.NH,1462.58
2015/5/7,NHII.NH,1444.81
2015/5/8,NHII.NH,1446.25
2015/5/11,NHII.NH,1449.23
2015/5/12,NHII.NH,1436.6
2015/5/13,NHII.NH,1438.73
2015/5/14,NHII.NH,1424.37
2015/5/15,NHII.NH,1429.58
2015/5/18,NHII.NH,1427.9
2015/5/19,NHII.NH,1415.37
2015/5/20,NHII.NH,1388.6
2015/5/21,NHII.NH,1401.1
2015/5/22,NHII.NH,1403.8
2015/5/25,NHII.NH,1399.22
2015/5/26,NHII.NH,1402.74
2015/5/27,NHII.NH,1406.51
2015/5/28,NHII.NH,1410.74
2015/5/29,NHII.NH,1415.79
2015/6/1,NHII.NH,1414.92
2015/6/2,NHII.NH,1417.75
2015/6/3,NHII.NH,1404.84
2015/6/4,NHII.NH,1409.01
2015/6/5,NHII.NH,1396.19
2015/6/8,NHII.NH,1393.96
2015/6/9,NHII.NH,1388.73
2015/6/10,NHII.NH,1403.84
2015/6/11,NHII.NH,1404.58
2015/6/12,NHII.NH,1378.51
2015/6/15,NHII.NH,1376.47
2015/6/16,NHII.NH,1372.02
2015/6/17,NHII.NH,1355.82
2015/6/18,NHII.NH,1355.07
2015/6/19,NHII.NH,1357.17
2015/6/23,NHII.NH,1358.8
2015/6/24,NHII.NH,1367.02
2015/6/25,NHII.NH,1350.12
2015/6/26,NHII.NH,1353.83
2015/6/29,NHII.NH,1347.95
2015/6/30,NHII.NH,1327.8
2015/7/1,NHII.NH,1334.22
2015/7/2,NHII.NH,1342.79
2015/7/3,NHII.NH,1336.85
2015/7/6,NHII.NH,1293.01
2015/7/7,NHII.NH,1263.57
2015/7/8,NHII.NH,1209.46
2015/7/9,NHII.NH,1261.63
2015/7/10,NHII.NH,1255.56
2015/7/13,NHII.NH,1251.83
2015/7/14,NHII.NH,1250.53
2015/7/15,NHII.NH,1254.58
2015/7/16,NHII.NH,1254.76
2015/7/17,NHII.NH,1253.01
2015/7/20,NHII.NH,1264.57
2015/7/21,NHII.NH,1264.49
2015/7/22,NHII.NH,1247.15
2015/7/23,NHII.NH,1249.35
2015/7/24,NHII.NH,1227.24
2015/7/27,NHII.NH,1225.87
2015/7/28,NHII.NH,1231.25
2015/7/29,NHII.NH,1248.62
2015/7/30,NHII.NH,1238.56
2015/7/31,NHII.NH,1240.69
2015/8/3,NHII.NH,1227.23
2015/8/4,NHII.NH,1232.46
2015/8/5,NHII.NH,1237.08
2015/8/6,NHII.NH,1226.68
2015/8/7,NHII.NH,1226.31
2015/8/10,NHII.NH,1227.4
2015/8/11,NHII.NH,1241.41
2015/8/12,NHII.NH,1256.79
2015/8/13,NHII.NH,1268.39
2015/8/14,NHII.NH,1259.27
2015/8/17,NHII.NH,1246.66
2015/8/18,NHII.NH,1236.67
2015/8/19,NHII.NH,1237.48
2015/8/20,NHII.NH,1227.47
2015/8/21,NHII.NH,1232.15
2015/8/24,NHII.NH,1187.77
2015/8/25,NHII.NH,1187.83
2015/8/26,NHII.NH,1184.63
2015/8/27,NHII.NH,1203.66
2015/8/28,NHII.NH,1217.97
2015/8/31,NHII.NH,1208.37
2015/9/1,NHII.NH,1213.05
2015/9/2,NHII.NH,1207.04
2015/9/7,NHII.NH,1206.14
2015/9/8,NHII.NH,1215.24
2015/9/9,NHII.NH,1231.08
2015/9/10,NHII.NH,1238.75
2015/9/11,NHII.NH,1238.45
2015/9/14,NHII.NH,1222.72
2015/9/15,NHII.NH,1211.42
2015/9/16,NHII.NH,1226.39
2015/9/17,NHII.NH,1222.24
2015/9/18,NHII.NH,1216.13
2015/9/21,NHII.NH,1214.33
2015/9/22,NHII.NH,1203.37
2015/9/23,NHII.NH,1197.84
2015/9/24,NHII.NH,1195.01
2015/9/25,NHII.NH,1197.45
2015/9/28,NHII.NH,1180.91
2015/9/29,NHII.NH,1168.53
2015/9/30,NHII.NH,1174.01
2015/10/8,NHII.NH,1183.88
2015/10/9,NHII.NH,1214.55
2015/10/12,NHII.NH,1205.58
2015/10/13,NHII.NH,1199.12
2015/10/14,NHII.NH,1190.67
2015/10/15,NHII.NH,1192.61
2015/10/16,NHII.NH,1184.5
2015/10/19,NHII.NH,1177.45
2015/10/20,NHII.NH,1176.87
2015/10/21,NHII.NH,1168.77
2015/10/22,NHII.NH,1174.01
2015/10/23,NHII.NH,1177.8
2015/10/26,NHII.NH,1162.71
2015/10/27,NHII.NH,1160.13
2015/10/28,NHII.NH,1151.87
2015/10/29,NHII.NH,1154.6
2015/10/30,NHII.NH,1150.19
2015/11/2,NHII.NH,1149.36
2015/11/3,NHII.NH,1139.93
2015/11/4,NHII.NH,1146.41
2015/11/5,NHII.NH,1133.61
2015/11/6,NHII.NH,1136.65
2015/11/9,NHII.NH,1132.8
2015/11/10,NHII.NH,1133.81
2015/11/11,NHII.NH,1122.32
2015/11/12,NHII.NH,1125.29
2015/11/13,NHII.NH,1122.05
2015/11/16,NHII.NH,1111.69
2015/11/17,NHII.NH,1103.37
2015/11/18,NHII.NH,1097.27
2015/11/19,NHII.NH,1077.46
2015/11/20,NHII.NH,1081.04
2015/11/23,NHII.NH,1073.56
2015/11/24,NHII.NH,1089.45
2015/11/25,NHII.NH,1102.89
2015/11/26,NHII.NH,1114.39
2015/11/27,NHII.NH,1108.0
2015/11/30,NHII.NH,1096.83
2015/12/1,NHII.NH,1105.04
2015/12/2,NHII.NH,1111.72
2015/12/3,NHII.NH,1100.48
2015/12/4,NHII.NH,1100.9
2015/12/7,NHII.NH,1116.34
2015/12/8,NHII.NH,1091.66
2015/12/9,NHII.NH,1094.37
2015/12/10,NHII.NH,1088.79
2015/12/11,NHII.NH,1105.26
2015/12/14,NHII.NH,1109.6
2015/12/15,NHII.NH,1102.52
2015/12/16,NHII.NH,1106.61
2015/12/17,NHII.NH,1103.21
2015/12/18,NHII.NH,1122.46
2015/12/21,NHII.NH,1145.48
2015/12/22,NHII.NH,1143.5
2015/12/23,NHII.NH,1139.79
2015/12/24,NHII.NH,1139.51
2015/12/25,NHII.NH,1142.81
2015/12/28,NHII.NH,1131.34
2015/12/29,NHII.NH,1151.21
2015/12/30,NHII.NH,1156.19
2015/12/31,NHII.NH,1157.74
2016/1/4,NHII.NH,1146.24
2016/1/5,NHII.NH,1155.34
2016/1/6,NHII.NH,1141.9
2016/1/7,NHII.NH,1139.8
2016/1/8,NHII.NH,1136.19
2016/1/11,NHII.NH,1120.4
2016/1/12,NHII.NH,1107.2
2016/1/13,NHII.NH,1111.82
2016/1/14,NHII.NH,1118.66
2016/1/15,NHII.NH,1118.57
2016/1/18,NHII.NH,1141.65
2016/1/19,NHII.NH,1154.36
2016/1/20,NHII.NH,1142.25
2016/1/21,NHII.NH,1139.02
2016/1/22,NHII.NH,1152.77
2016/1/25,NHII.NH,1150.3
2016/1/26,NHII.NH,1152.05
2016/1/27,NHII.NH,1169.33
2016/1/28,NHII.NH,1154.7
2016/1/29,NHII.NH,1154.39
2016/2/1,NHII.NH,1154.67
2016/2/2,NHII.NH,1157.47
2016/2/3,NHII.NH,1160.32
2016/2/4,NHII.NH,1182.7
2016/2/5,NHII.NH,1174.96
2016/2/15,NHII.NH,1180.55
2016/2/16,NHII.NH,1183.66
2016/2/17,NHII.NH,1178.13
2016/2/18,NHII.NH,1184.75
2016/2/19,NHII.NH,1200.61
2016/2/22,NHII.NH,1222.14
2016/2/23,NHII.NH,1219.34
2016/2/24,NHII.NH,1221.05
2016/2/25,NHII.NH,1220.5
2016/2/26,NHII.NH,1215.47
2016/2/29,NHII.NH,1222.67
2016/3/1,NHII.NH,1233.29
2016/3/2,NHII.NH,1244.86
2016/3/3,NHII.NH,1241.52
2016/3/4,NHII.NH,1265.29
2016/3/7,NHII.NH,1293.74
2016/3/8,NHII.NH,1309.66
2016/3/9,NHII.NH,1289.3
2016/3/10,NHII.NH,1288.33
2016/3/11,NHII.NH,1291.07
2016/3/14,NHII.NH,1285.83
2016/3/15,NHII.NH,1274.38
2016/3/16,NHII.NH,1289.55
2016/3/17,NHII.NH,1311.76
2016/3/18,NHII.NH,1328.34
2016/3/21,NHII.NH,1328.87
2016/3/22,NHII.NH,1325.0
2016/3/23,NHII.NH,1321.96
2016/3/24,NHII.NH,1297.84
2016/3/25,NHII.NH,1313.71
2016/3/28,NHII.NH,1300.56
2016/3/29,NHII.NH,1300.8
2016/3/30,NHII.NH,1293.4
2016/3/31,NHII.NH,1298.85
2016/4/1,NHII.NH,1316.7
2016/4/5,NHII.NH,1315.08
2016/4/6,NHII.NH,1305.53
2016/4/7,NHII.NH,1306.92
2016/4/8,NHII.NH,1301.92
2016/4/11,NHII.NH,1330.27
2016/4/12,NHII.NH,1356.76
2016/4/13,NHII.NH,1376.3
2016/4/14,NHII.NH,1375.97
2016/4/15,NHII.NH,1358.33
2016/4/18,NHII.NH,1385.42
2016/4/19,NHII.NH,1404.61
2016/4/20,NHII.NH,1440.04
2016/4/21,NHII.NH,1481.46
2016/4/22,NHII.NH,1463.06
2016/4/25,NHII.NH,1488.49
2016/4/26,NHII.NH,1467.59
2016/4/27,NHII.NH,1447.25
2016/4/28,NHII.NH,1438.75
2016/4/29,NHII.NH,1465.15
2016/5/3,NHII.NH,1440.53
2016/5/4,NHII.NH,1420.41
2016/5/5,NHII.NH,1389.19
2016/5/6,NHII.NH,1378.24
2016/5/9,NHII.NH,1329.64
2016/5/10,NHII.NH,1334.42
2016/5/11,NHII.NH,1333.75
2016/5/12,NHII.NH,1325.8
2016/5/13,NHII.NH,1292.87
2016/5/16,NHII.NH,1299.09
2016/5/17,NHII.NH,1328.58
2016/5/18,NHII.NH,1301.89
2016/5/19,NHII.NH,1294.04
2016/5/20,NHII.NH,1306.98
2016/5/23,NHII.NH,1261.6
2016/5/24,NHII.NH,1251.21
2016/5/25,NHII.NH,1244.71
2016/5/26,NHII.NH,1269.41
2016/5/27,NHII.NH,1274.87
2016/5/30,NHII.NH,1275.16
2016/5/31,NHII.NH,1274.99
2016/6/1,NHII.NH,1286.71
2016/6/2,NHII.NH,1287.16
2016/6/3,NHII.NH,1297.16
2016/6/6,NHII.NH,1313.67
2016/6/7,NHII.NH,1323.06
2016/6/8,NHII.NH,1313.58
2016/6/13,NHII.NH,1319.57
2016/6/14,NHII.NH,1313.11
2016/6/15,NHII.NH,1299.46
2016/6/16,NHII.NH,1310.9
2016/6/17,NHII.NH,1307.74
2016/6/20,NHII.NH,1328.68
2016/6/21,NHII.NH,1336.2
2016/6/22,NHII.NH,1346.18
2016/6/23,NHII.NH,1359.87
2016/6/24,NHII.NH,1351.17
2016/6/27,NHII.NH,1399.79
2016/6/28,NHII.NH,1410.14
2016/6/29,NHII.NH,1404.83
2016/6/30,NHII.NH,1427.63
2016/7/1,NHII.NH,1423.81
2016/7/4,NHII.NH,1471.18
2016/7/5,NHII.NH,1453.46
2016/7/6,NHII.NH,1425.24
2016/7/7,NHII.NH,1416.2
2016/7/8,NHII.NH,1406.25
2016/7/11,NHII.NH,1416.9
2016/7/12,NHII.NH,1452.94
2016/7/13,NHII.NH,1463.43
2016/7/14,NHII.NH,1469.51
2016/7/15,NHII.NH,1471.19
2016/7/18,NHII.NH,1429.0
2016/7/19,NHII.NH,1430.39
2016/7/20,NHII.NH,1432.84
2016/7/21,NHII.NH,1465.34
2016/7/22,NHII.NH,1441.33
2016/7/25,NHII.NH,1448.07
2016/7/26,NHII.NH,1442.44
2016/7/27,NHII.NH,1452.51
2016/7/28,NHII.NH,1470.65
2016/7/29,NHII.NH,1446.36
2016/8/1,NHII.NH,1478.13
2016/8/2,NHII.NH,1479.38
2016/8/3,NHII.NH,1476.8
2016/8/4,NHII.NH,1463.73
2016/8/5,NHII.NH,1484.69
2016/8/8,NHII.NH,1503.35
2016/8/9,NHII.NH,1493.16
2016/8/10,NHII.NH,1492.84
2016/8/11,NHII.NH,1488.72
2016/8/12,NHII.NH,1499.25
2016/8/15,NHII.NH,1490.68
2016/8/16,NHII.NH,1507.5
2016/8/17,NHII.NH,1499.33
2016/8/18,NHII.NH,1500.79
2016/8/19,NHII.NH,1504.18
2016/8/22,NHII.NH,1489.4
2016/8/23,NHII.NH,1499.15
2016/8/24,NHII.NH,1491.7
2016/8/25,NHII.NH,1476.41
2016/8/26,NHII.NH,1469.16
2016/8/29,NHII.NH,1460.44
2016/8/30,NHII.NH,1453.88
2016/8/31,NHII.NH,1443.01
2016/9/1,NHII.NH,1456.73
2016/9/2,NHII.NH,1465.13
2016/9/5,NHII.NH,1475.46
2016/9/6,NHII.NH,1483.19
2016/9/7,NHII.NH,1462.04
2016/9/8,NHII.NH,1467.11
2016/9/9,NHII.NH,1463.12
2016/9/12,NHII.NH,1430.72
2016/9/13,NHII.NH,1431.81
2016/9/14,NHII.NH,1434.08
2016/9/19,NHII.NH,1453.85
2016/9/20,NHII.NH,1468.67
2016/9/21,NHII.NH,1471.86
2016/9/22,NHII.NH,1480.62
2016/9/23,NHII.NH,1492.4
2016/9/26,NHII.NH,1490.88
2016/9/27,NHII.NH,1485.22
2016/9/28,NHII.NH,1487.76
2016/9/29,NHII.NH,1497.22
2016/9/30,NHII.NH,1493.45
2016/10/10,NHII.NH,1516.5
2016/10/11,NHII.NH,1543.08
2016/10/12,NHII.NH,1546.25
2016/10/13,NHII.NH,1540.07
2016/10/14,NHII.NH,1554.97
2016/10/17,NHII.NH,1568.19
2016/10/18,NHII.NH,1576.16
2016/10/19,NHII.NH,1569.97
2016/10/20,NHII.NH,1580.68
2016/10/21,NHII.NH,1580.94
2016/10/24,NHII.NH,1599.78
2016/10/25,NHII.NH,1635.88
2016/10/26,NHII.NH,1629.94
2016/10/27,NHII.NH,1624.18
2016/10/28,NHII.NH,1660.32
2016/10/31,NHII.NH,1678.79
2016/11/1,NHII.NH,1680.69
2016/11/2,NHII.NH,1663.41
2016/11/3,NHII.NH,1684.13
2016/11/4,NHII.NH,1691.34
2016/11/7,NHII.NH,1750.8
2016/11/8,NHII.NH,1753.22
2016/11/9,NHII.NH,1816.85
2016/11/10,NHII.NH,1859.86
2016/11/11,NHII.NH,1929.09
2016/11/14,NHII.NH,1878.45
2016/11/15,NHII.NH,1822.52
2016/11/16,NHII.NH,1853.77
2016/11/17,NHII.NH,1836.03
2016/11/18,NHII.NH,1815.51
2016/11/21,NHII.NH,1847.95
2016/11/22,NHII.NH,1913.47
2016/11/23,NHII.NH,1910.65
2016/11/24,NHII.NH,1936.34
2016/11/25,NHII.NH,1959.17
2016/11/28,NHII.NH,2004.38
2016/11/29,NHII.NH,1923.13
2016/11/30,NHII.NH,1877.24
2016/12/1,NHII.NH,1927.91
2016/12/2,NHII.NH,1913.56
2016/12/5,NHII.NH,1956.41
2016/12/6,NHII.NH,1959.7
2016/12/7,NHII.NH,2020.01
2016/12/8,NHII.NH,1994.21
2016/12/9,NHII.NH,1995.57
2016/12/12,NHII.NH,2010.17
2016/12/13,NHII.NH,2028.87
2016/12/14,NHII.NH,2007.56
2016/12/15,NHII.NH,2013.6
2016/12/16,NHII.NH,1984.64
2016/12/19,NHII.NH,1947.35
2016/12/20,NHII.NH,1930.17
2016/12/21,NHII.NH,1942.27
2016/12/22,NHII.NH,1883.08
2016/12/23,NHII.NH,1887.57
2016/12/26,NHII.NH,1843.83
2016/12/27,NHII.NH,1870.63
2016/12/28,NHII.NH,1878.97
2016/12/29,NHII.NH,1888.03
2016/12/30,NHII.NH,1862.65
2017/1/3,NHII.NH,1845.18
2017/1/4,NHII.NH,1854.1
2017/1/5,NHII.NH,1856.92
2017/1/6,NHII.NH,1844.84
2017/1/9,NHII.NH,1899.85
2017/1/10,NHII.NH,1937.93
2017/1/11,NHII.NH,1953.63
2017/1/12,NHII.NH,1968.61
2017/1/13,NHII.NH,1980.36
2017/1/16,NHII.NH,2049.88
2017/1/17,NHII.NH,1991.1
2017/1/18,NHII.NH,1993.77
2017/1/19,NHII.NH,1990.24
2017/1/20,NHII.NH,1944.79
2017/1/23,NHII.NH,1961.02
2017/1/24,NHII.NH,1994.14
2017/1/25,NHII.NH,2005.49
2017/1/26,NHII.NH,2044.09
2017/2/3,NHII.NH,1969.97
2017/2/6,NHII.NH,1964.0
2017/2/7,NHII.NH,1987.56
2017/2/8,NHII.NH,2007.62
2017/2/9,NHII.NH,1992.05
2017/2/10,NHII.NH,2031.75
2017/2/13,NHII.NH,2106.26
2017/2/14,NHII.NH,2111.48
2017/2/15,NHII.NH,2066.21
2017/2/16,NHII.NH,2043.66
2017/2/17,NHII.NH,2054.26
2017/2/20,NHII.NH,2076.71
2017/2/21,NHII.NH,2072.5
2017/2/22,NHII.NH,2053.63
2017/2/23,NHII.NH,2020.18
2017/2/24,NHII.NH,2022.11
2017/2/27,NHII.NH,2038.65
2017/2/28,NHII.NH,2015.22
2017/3/1,NHII.NH,2050.06
2017/3/2,NHII.NH,2050.53
2017/3/3,NHII.NH,2047.4
2017/3/6,NHII.NH,2026.5
2017/3/7,NHII.NH,2023.62
2017/3/8,NHII.NH,1981.78
2017/3/9,NHII.NH,1958.81
2017/3/10,NHII.NH,1952.37
2017/3/13,NHII.NH,2000.4
2017/3/14,NHII.NH,1991.67
2017/3/15,NHII.NH,2013.48
2017/3/16,NHII.NH,2026.78
2017/3/17,NHII.NH,2019.58
2017/3/20,NHII.NH,2020.45
2017/3/21,NHII.NH,1992.8
2017/3/22,NHII.NH,1948.73
2017/3/23,NHII.NH,1966.26
2017/3/24,NHII.NH,1956.68
2017/3/27,NHII.NH,1907.22
2017/3/28,NHII.NH,1914.64
2017/3/29,NHII.NH,1961.97
2017/3/30,NHII.NH,1948.02
2017/3/31,NHII.NH,1948.79
2017/4/5,NHII.NH,1987.28
2017/4/6,NHII.NH,1986.65
2017/4/7,NHII.NH,1930.84
2017/4/10,NHII.NH,1918.2
2017/4/11,NHII.NH,1895.64
2017/4/12,NHII.NH,1852.74
2017/4/13,NHII.NH,1860.28
2017/4/14,NHII.NH,1843.04
2017/4/17,NHII.NH,1849.27
2017/4/18,NHII.NH,1815.91
2017/4/19,NHII.NH,1807.98
2017/4/20,NHII.NH,1830.47
2017/4/21,NHII.NH,1844.62
2017/4/24,NHII.NH,1830.14
2017/4/25,NHII.NH,1826.51
2017/4/26,NHII.NH,1825.15
2017/4/27,NHII.NH,1843.1
2017/4/28,NHII.NH,1862.79
2017/5/2,NHII.NH,1881.91
2017/5/3,NHII.NH,1864.95
2017/5/4,NHII.NH,1786.87
2017/5/5,NHII.NH,1760.29
2017/5/8,NHII.NH,1767.7
2017/5/9,NHII.NH,1775.71
2017/5/10,NHII.NH,1779.4
2017/5/11,NHII.NH,1788.79
2017/5/12,NHII.NH,1763.95
2017/5/15,NHII.NH,1787.44
2017/5/16,NHII.NH,1795.13
2017/5/17,NHII.NH,1811.24
2017/5/18,NHII.NH,1798.68
2017/5/19,NHII.NH,1836.0
2017/5/22,NHII.NH,1849.31
2017/5/23,NHII.NH,1845.83
2017/5/24,NHII.NH,1819.85
2017/5/25,NHII.NH,1823.45
2017/5/26,NHII.NH,1816.36
2017/5/31,NHII.NH,1746.2
2017/6/1,NHII.NH,1750.56
2017/6/2,NHII.NH,1734.3
2017/6/5,NHII.NH,1735.98
2017/6/6,NHII.NH,1735.41
2017/6/7,NHII.NH,1738.3
2017/6/8,NHII.NH,1738.14
2017/6/9,NHII.NH,1744.07
2017/6/12,NHII.NH,1766.9
2017/6/13,NHII.NH,1734.39
2017/6/14,NHII.NH,1774.02
2017/6/15,NHII.NH,1763.35
2017/6/16,NHII.NH,1768.25
2017/6/19,NHII.NH,1782.48
2017/6/20,NHII.NH,1781.45
2017/6/21,NHII.NH,1777.23
2017/6/22,NHII.NH,1767.49
2017/6/23,NHII.NH,1793.21
2017/6/26,NHII.NH,1798.45
2017/6/27,NHII.NH,1824.9
2017/6/28,NHII.NH,1835.39
2017/6/29,NHII.NH,1872.35
2017/6/30,NHII.NH,1873.07
2017/7/3,NHII.NH,1895.96
2017/7/4,NHII.NH,1853.59
2017/7/5,NHII.NH,1869.82
2017/7/6,NHII.NH,1875.62
2017/7/7,NHII.NH,1884.46
2017/7/10,NHII.NH,1877.23
2017/7/11,NHII.NH,1910.4
2017/7/12,NHII.NH,1917.45
2017/7/13,NHII.NH,1931.65
2017/7/14,NHII.NH,1920.77
2017/7/17,NHII.NH,1952.12
2017/7/18,NHII.NH,1958.39
2017/7/19,NHII.NH,1991.1
2017/7/20,NHII.NH,1970.7
2017/7/21,NHII.NH,1977.25
2017/7/24,NHII.NH,1958.54
2017/7/25,NHII.NH,1984.31
2017/7/26,NHII.NH,1981.86
2017/7/27,NHII.NH,1991.26
2017/7/28,NHII.NH,1970.0
2017/7/31,NHII.NH,2021.18
2017/8/1,NHII.NH,2009.36
2017/8/2,NHII.NH,2016.36
2017/8/3,NHII.NH,2011.29
2017/8/4,NHII.NH,2035.71
2017/8/7,NHII.NH,2057.5
2017/8/8,NHII.NH,2065.02
2017/8/9,NHII.NH,2109.31
2017/8/10,NHII.NH,2101.26
2017/8/11,NHII.NH,2060.71
2017/8/14,NHII.NH,2046.93
2017/8/15,NHII.NH,2047.54
2017/8/16,NHII.NH,2045.52
2017/8/17,NHII.NH,2108.74
2017/8/18,NHII.NH,2129.12
2017/8/21,NHII.NH,2154.53
2017/8/22,NHII.NH,2172.77
2017/8/23,NHII.NH,2138.35
2017/8/24,NHII.NH,2157.53
2017/8/25,NHII.NH,2184.1
2017/8/28,NHII.NH,2174.33
2017/8/29,NHII.NH,2152.58
2017/8/30,NHII.NH,2152.49
2017/8/31,NHII.NH,2164.74
2017/9/1,NHII.NH,2189.66
2017/9/4,NHII.NH,2185.31
2017/9/5,NHII.NH,2201.07
2017/9/6,NHII.NH,2184.33
2017/9/7,NHII.NH,2164.96
2017/9/8,NHII.NH,2136.86
2017/9/11,NHII.NH,2136.93
2017/9/12,NHII.NH,2162.39
2017/9/13,NHII.NH,2133.97
2017/9/14,NHII.NH,2096.82
2017/9/15,NHII.NH,2067.59
2017/9/18,NHII.NH,2057.01
2017/9/19,NHII.NH,2038.59
2017/9/20,NHII.NH,2051.84
2017/9/21,NHII.NH,1996.99
2017/9/22,NHII.NH,1975.29
2017/9/25,NHII.NH,1983.9
2017/9/26,NHII.NH,1986.44
2017/9/27,NHII.NH,1995.69
2017/9/28,NHII.NH,1940.99
2017/9/29,NHII.NH,1967.59
2017/10/9,NHII.NH,1955.76
2017/10/10,NHII.NH,1933.05
2017/10/11,NHII.NH,1928.71
2017/10/12,NHII.NH,1958.89
2017/10/13,NHII.NH,1999.17
2017/10/16,NHII.NH,2014.75
2017/10/17,NHII.NH,1994.37
2017/10/18,NHII.NH,1989.7
2017/10/19,NHII.NH,1952.37
2017/10/20,NHII.NH,2008.38
2017/10/23,NHII.NH,1976.04
2017/10/24,NHII.NH,1982.84
2017/10/25,NHII.NH,1980.51
2017/10/26,NHII.NH,1977.27
2017/10/27,NHII.NH,1944.3
2017/10/30,NHII.NH,1937.8
2017/10/31,NHII.NH,1939.53
2017/11/1,NHII.NH,1951.33
2017/11/2,NHII.NH,1979.44
2017/11/3,NHII.NH,1977.46
2017/11/6,NHII.NH,2023.58
2017/11/7,NHII.NH,2025.18
2017/11/8,NHII.NH,2016.41
2017/11/9,NHII.NH,2012.7
2017/11/10,NHII.NH,2018.94
2017/11/13,NHII.NH,2030.27
2017/11/14,NHII.NH,2038.59
2017/11/15,NHII.NH,1983.0
2017/11/16,NHII.NH,1985.36
2017/11/17,NHII.NH,1991.47
2017/11/20,NHII.NH,2014.72
2017/11/21,NHII.NH,2024.08
2017/11/22,NHII.NH,2049.87
2017/11/23,NHII.NH,2055.26
2017/11/24,NHII.NH,2072.7
2017/11/27,NHII.NH,2046.08
2017/11/28,NHII.NH,2045.06
2017/11/29,NHII.NH,2055.59
2017/11/30,NHII.NH,2061.08
2017/12/1,NHII.NH,2083.26
2017/12/4,NHII.NH,2115.76
2017/12/5,NHII.NH,2092.56
2017/12/6,NHII.NH,2065.59
2017/12/7,NHII.NH,2007.19
2017/12/8,NHII.NH,2036.37
2017/12/11,NHII.NH,2033.19
2017/12/12,NHII.NH,2047.67
2017/12/13,NHII.NH,2040.81
2017/12/14,NHII.NH,2022.41
2017/12/15,NHII.NH,2043.24
2017/12/18,NHII.NH,2087.26
2017/12/19,NHII.NH,2078.03
2017/12/20,NHII.NH,2081.35
2017/12/21,NHII.NH,2084.48
2017/12/22,NHII.NH,2097.55
2017/12/25,NHII.NH,2062.58
2017/12/26,NHII.NH,2081.34
2017/12/27,NHII.NH,2062.66
2017/12/28,NHII.NH,2073.13
2017/12/29,NHII.NH,2080.21
2018/1/2,NHII.NH,2106.07
2018/1/3,NHII.NH,2094.92
2018/1/4,NHII.NH,2110.21
2018/1/5,NHII.NH,2100.85
2018/1/8,NHII.NH,2113.52
2018/1/9,NHII.NH,2116.28
2018/1/10,NHII.NH,2111.82
2018/1/11,NHII.NH,2118.5
2018/1/12,NHII.NH,2106.14
2018/1/15,NHII.NH,2104.89
2018/1/16,NHII.NH,2074.85
2018/1/17,NHII.NH,2070.21
2018/1/18,NHII.NH,2076.27
2018/1/19,NHII.NH,2086.31
2018/1/22,NHII.NH,2088.95
2018/1/23,NHII.NH,2080.01
2018/1/24,NHII.NH,2076.38
2018/1/25,NHII.NH,2106.45
2018/1/26,NHII.NH,2095.38
2018/1/29,NHII.NH,2096.59
2018/1/30,NHII.NH,2078.04
2018/1/31,NHII.NH,2069.68
2018/2/1,NHII.NH,2058.34
2018/2/2,NHII.NH,2077.07
2018/2/5,NHII.NH,2089.55
2018/2/6,NHII.NH,2070.33
2018/2/7,NHII.NH,2076.51
2018/2/8,NHII.NH,2059.95
2018/2/9,NHII.NH,2046.71
2018/2/12,NHII.NH,2049.11
2018/2/13,NHII.NH,2054.52
2018/2/14,NHII.NH,2071.93
2018/2/22,NHII.NH,2069.76
2018/2/23,NHII.NH,2103.08
2018/2/26,NHII.NH,2115.8
2018/2/27,NHII.NH,2112.39
2018/2/28,NHII.NH,2103.42
2018/3/1,NHII.NH,2106.7
2018/3/2,NHII.NH,2098.15
2018/3/5,NHII.NH,2072.41
2018/3/6,NHII.NH,2077.01
2018/3/7,NHII.NH,2059.12
2018/3/8,NHII.NH,2031.44
2018/3/9,NHII.NH,1999.3
2018/3/12,NHII.NH,1999.9
2018/3/13,NHII.NH,1994.72
2018/3/14,NHII.NH,2015.77
2018/3/15,NHII.NH,2011.14
2018/3/16,NHII.NH,2001.46
2018/3/19,NHII.NH,1979.35
2018/3/20,NHII.NH,1971.72
2018/3/21,NHII.NH,1963.54
2018/3/22,NHII.NH,1970.1
2018/3/23,NHII.NH,1898.76
2018/3/26,NHII.NH,1884.59
2018/3/27,NHII.NH,1901.55
2018/3/28,NHII.NH,1883.02
2018/3/29,NHII.NH,1898.69
2018/3/30,NHII.NH,1921.33
2018/4/2,NHII.NH,1929.81
2018/4/3,NHII.NH,1924.93
2018/4/4,NHII.NH,1914.14
2018/4/9,NHII.NH,1927.32
2018/4/10,NHII.NH,1972.34
2018/4/11,NHII.NH,1961.97
2018/4/12,NHII.NH,1955.49
2018/4/13,NHII.NH,1965.75
2018/4/16,NHII.NH,1944.64
2018/4/17,NHII.NH,1960.11
2018/4/18,NHII.NH,1986.36
2018/4/19,NHII.NH,2033.14
2018/4/20,NHII.NH,1994.47
2018/4/23,NHII.NH,2032.77
2018/4/24,NHII.NH,2025.62
2018/4/25,NHII.NH,2020.89
2018/4/26,NHII.NH,2013.07
2018/4/27,NHII.NH,2012.85
2018/5/2,NHII.NH,2047.58
2018/5/3,NHII.NH,2043.99
2018/5/4,NHII.NH,2047.97
2018/5/7,NHII.NH,2061.5
2018/5/8,NHII.NH,2060.3
2018/5/9,NHII.NH,2037.65
2018/5/10,NHII.NH,2050.19
2018/5/11,NHII.NH,2072.76
2018/5/14,NHII.NH,2078.37
2018/5/15,NHII.NH,2079.36
2018/5/16,NHII.NH,2082.23
2018/5/17,NHII.NH,2076.94
2018/5/18,NHII.NH,2079.28
2018/5/21,NHII.NH,2076.84
2018/5/22,NHII.NH,2059.98
2018/5/23,NHII.NH,2036.28
2018/5/24,NHII.NH,2043.83
2018/5/25,NHII.NH,2039.69
2018/5/28,NHII.NH,2045.76
2018/5/29,NHII.NH,2074.0
2018/5/30,NHII.NH,2055.94
2018/5/31,NHII.NH,2076.9
2018/6/1,NHII.NH,2085.89
2018/6/4,NHII.NH,2076.64
2018/6/5,NHII.NH,2084.03
2018/6/6,NHII.NH,2094.05
2018/6/7,NHII.NH,2110.17
2018/6/8,NHII.NH,2099.51
2018/6/11,NHII.NH,2103.98
2018/6/12,NHII.NH,2120.45
2018/6/13,NHII.NH,2096.04
2018/6/14,NHII.NH,2107.16
2018/6/15,NHII.NH,2108.45
2018/6/19,NHII.NH,2035.74
2018/6/20,NHII.NH,2077.81
2018/6/21,NHII.NH,2043.53
2018/6/22,NHII.NH,2045.25
2018/6/25,NHII.NH,2044.07
2018/6/26,NHII.NH,2034.01
2018/6/27,NHII.NH,2043.46
2018/6/28,NHII.NH,2062.65
2018/6/29,NHII.NH,2087.83
2018/7/2,NHII.NH,2072.29
2018/7/3,NHII.NH,2067.73
2018/7/4,NHII.NH,2051.79
2018/7/5,NHII.NH,2036.66
2018/7/6,NHII.NH,2034.98
2018/7/9,NHII.NH,2053.31
2018/7/10,NHII.NH,2053.07
2018/7/11,NHII.NH,2040.13
2018/7/12,NHII.NH,2061.08
2018/7/13,NHII.NH,2045.87
2018/7/16,NHII.NH,2041.89
2018/7/17,NHII.NH,2036.14
2018/7/18,NHII.NH,2035.3
2018/7/19,NHII.NH,2047.07
2018/7/20,NHII.NH,2060.85
2018/7/23,NHII.NH,2069.75
2018/7/24,NHII.NH,2075.62
2018/7/25,NHII.NH,2094.78
2018/7/26,NHII.NH,2094.4
2018/7/27,NHII.NH,2120.34
2018/7/30,NHII.NH,2123.33
2018/7/31,NHII.NH,2133.28
2018/8/1,NHII.NH,2121.93
2018/8/2,NHII.NH,2125.73
2018/8/3,NHII.NH,2149.58
2018/8/6,NHII.NH,2182.48
2018/8/7,NHII.NH,2205.22
2018/8/8,NHII.NH,2199.32
2018/8/9,NHII.NH,2204.93
2018/8/10,NHII.NH,2182.56
2018/8/13,NHII.NH,2212.18
2018/8/14,NHII.NH,2203.82
2018/8/15,NHII.NH,2194.54
2018/8/16,NHII.NH,2172.91
2018/8/17,NHII.NH,2194.05
2018/8/20,NHII.NH,2214.41
2018/8/21,NHII.NH,2215.14
2018/8/22,NHII.NH,2217.11
2018/8/23,NHII.NH,2195.9
2018/8/24,NHII.NH,2212.41
2018/8/27,NHII.NH,2196.06
2018/8/28,NHII.NH,2207.82
2018/8/29,NHII.NH,2196.31
2018/8/30,NHII.NH,2196.12
2018/8/31,NHII.NH,2184.73
2018/9/3,NHII.NH,2162.27
2018/9/4,NHII.NH,2163.16
2018/9/5,NHII.NH,2155.39
2018/9/6,NHII.NH,2175.44
2018/9/7,NHII.NH,2166.48
2018/9/10,NHII.NH,2190.46
2018/9/11,NHII.NH,2153.87
2018/9/12,NHII.NH,2155.19
2018/9/13,NHII.NH,2174.18
2018/9/14,NHII.NH,2169.17
2018/9/17,NHII.NH,2162.37
2018/9/18,NHII.NH,2177.4
2018/9/19,NHII.NH,2191.63
2018/9/20,NHII.NH,2195.67
2018/9/21,NHII.NH,2205.22
2018/9/25,NHII.NH,2201.92
2018/9/26,NHII.NH,2201.54
2018/9/27,NHII.NH,2185.18
2018/9/28,NHII.NH,2186.4
2018/10/8,NHII.NH,2208.51
2018/10/9,NHII.NH,2256.08
2018/10/10,NHII.NH,2268.85
2018/10/11,NHII.NH,2234.84
2018/10/12,NHII.NH,2260.43
2018/10/15,NHII.NH,2246.3
2018/10/16,NHII.NH,2224.66
2018/10/17,NHII.NH,2253.59
2018/10/18,NHII.NH,2218.58
2018/10/19,NHII.NH,2208.63
2018/10/22,NHII.NH,2227.57
2018/10/23,NHII.NH,2218.82
2018/10/24,NHII.NH,2233.61
2018/10/25,NHII.NH,2220.1
2018/10/26,NHII.NH,2220.85
2018/10/29,NHII.NH,2194.6
2018/10/30,NHII.NH,2199.55
2018/10/31,NHII.NH,2182.3
2018/11/1,NHII.NH,2152.7
2018/11/2,NHII.NH,2157.69
2018/11/5,NHII.NH,2158.54
2018/11/6,NHII.NH,2146.89
2018/11/7,NHII.NH,2132.76
2018/11/8,NHII.NH,2141.06
2018/11/9,NHII.NH,2126.17
2018/11/12,NHII.NH,2107.61
2018/11/13,NHII.NH,2100.85
2018/11/14,NHII.NH,2097.91
2018/11/15,NHII.NH,2106.75
2018/11/16,NHII.NH,2116.79
2018/11/19,NHII.NH,2108.49
2018/11/20,NHII.NH,2076.29
2018/11/21,NHII.NH,2059.45
2018/11/22,NHII.NH,2047.34
2018/11/23,NHII.NH,2003.97
2018/11/26,NHII.NH,1972.98
2018/11/27,NHII.NH,1958.16
2018/11/28,NHII.NH,1987.84
2018/11/29,NHII.NH,1978.82
2018/11/30,NHII.NH,1988.09
2018/12/3,NHII.NH,2030.12
2018/12/4,NHII.NH,2048.15
2018/12/5,NHII.NH,2060.73
2018/12/6,NHII.NH,2038.66
2018/12/7,NHII.NH,2059.87
2018/12/10,NHII.NH,2043.02
2018/12/11,NHII.NH,2031.79
2018/12/12,NHII.NH,2036.47
2018/12/13,NHII.NH,2060.54
2018/12/14,NHII.NH,2064.35
2018/12/17,NHII.NH,2073.24
2018/12/18,NHII.NH,2059.09
2018/12/19,NHII.NH,2039.37
2018/12/20,NHII.NH,2050.98
2018/12/21,NHII.NH,2046.16
2018/12/24,NHII.NH,2028.16
2018/12/25,NHII.NH,1982.23
2018/12/26,NHII.NH,1988.98
2018/12/27,NHII.NH,2009.36
2018/12/28,NHII.NH,2011.89
2019/1/2,NHII.NH,1986.45
2019/1/3,NHII.NH,2017.09
2019/1/4,NHII.NH,2048.88
2019/1/7,NHII.NH,2062.07
2019/1/8,NHII.NH,2055.29
2019/1/9,NHII.NH,2067.22
2019/1/10,NHII.NH,2063.91
2019/1/11,NHII.NH,2079.09
2019/1/14,NHII.NH,2074.32
2019/1/15,NHII.NH,2073.36
2019/1/16,NHII.NH,2088.62
2019/1/17,NHII.NH,2089.37
2019/1/18,NHII.NH,2122.16
2019/1/21,NHII.NH,2132.98
2019/1/22,NHII.NH,2114.12
2019/1/23,NHII.NH,2120.03
2019/1/24,NHII.NH,2118.48
2019/1/25,NHII.NH,2127.43
2019/1/28,NHII.NH,2125.66
2019/1/29,NHII.NH,2121.65
2019/1/30,NHII.NH,2141.81
2019/1/31,NHII.NH,2166.1
2019/2/1,NHII.NH,2191.32
2019/2/11,NHII.NH,2199.97
2019/2/12,NHII.NH,2196.55
2019/2/13,NHII.NH,2179.02
2019/2/14,NHII.NH,2191.96
2019/2/15,NHII.NH,2169.5
2019/2/18,NHII.NH,2196.25
2019/2/19,NHII.NH,2213.93
2019/2/20,NHII.NH,2215.97
2019/2/21,NHII.NH,2218.72
2019/2/22,NHII.NH,2236.93
2019/2/25,NHII.NH,2220.54
2019/2/26,NHII.NH,2212.36
2019/2/27,NHII.NH,2207.39
2019/2/28,NHII.NH,2219.47
2019/3/1,NHII.NH,2261.95
2019/3/4,NHII.NH,2237.7
2019/3/5,NHII.NH,2229.7
2019/3/6,NHII.NH,2220.84
2019/3/7,NHII.NH,2225.18
2019/3/8,NHII.NH,2198.53
2019/3/11,NHII.NH,2186.89
2019/3/12,NHII.NH,2212.83
2019/3/13,NHII.NH,2201.21
2019/3/14,NHII.NH,2213.47
2019/3/15,NHII.NH,2200.92
2019/3/18,NHII.NH,2193.36
2019/3/19,NHII.NH,2202.52
2019/3/20,NHII.NH,2192.23
2019/3/21,NHII.NH,2201.43
2019/3/22,NHII.NH,2200.04
2019/3/25,NHII.NH,2168.01
2019/3/26,NHII.NH,2172.1
2019/3/27,NHII.NH,2173.34
2019/3/28,NHII.NH,2163.32
2019/3/29,NHII.NH,2191.34
2019/4/1,NHII.NH,2223.97
2019/4/2,NHII.NH,2228.56
2019/4/3,NHII.NH,2250.5
2019/4/4,NHII.NH,2252.59
2019/4/8,NHII.NH,2288.89
2019/4/9,NHII.NH,2285.36
2019/4/10,NHII.NH,2286.46
2019/4/11,NHII.NH,2289.67
2019/4/12,NHII.NH,2286.11
2019/4/15,NHII.NH,2288.22
2019/4/16,NHII.NH,2272.49
2019/4/17,NHII.NH,2268.54
2019/4/18,NHII.NH,2239.3
2019/4/19,NHII.NH,2253.19
2019/4/22,NHII.NH,2262.94
2019/4/23,NHII.NH,2269.77
2019/4/24,NHII.NH,2257.22
2019/4/25,NHII.NH,2260.62
2019/4/26,NHII.NH,2250.8
2019/4/29,NHII.NH,2256.79
2019/4/30,NHII.NH,2274.46
2019/5/6,NHII.NH,2247.15
2019/5/7,NHII.NH,2275.41
2019/5/8,NHII.NH,2262.92
2019/5/9,NHII.NH,2256.33
2019/5/10,NHII.NH,2270.42
2019/5/13,NHII.NH,2262.05
2019/5/14,NHII.NH,2233.98
2019/5/15,NHII.NH,2264.64
2019/5/16,NHII.NH,2292.81
2019/5/17,NHII.NH,2307.73
2019/5/20,NHII.NH,2313.46
2019/5/21,NHII.NH,2344.08
2019/5/22,NHII.NH,2329.25
2019/5/23,NHII.NH,2302.61
2019/5/24,NHII.NH,2309.76
2019/5/27,NHII.NH,2310.37
2019/5/28,NHII.NH,2313.88
2019/5/29,NHII.NH,2308.41
2019/5/30,NHII.NH,2291.52
2019/5/31,NHII.NH,2263.06
2019/6/3,NHII.NH,2221.42
2019/6/4,NHII.NH,2227.89
2019/6/5,NHII.NH,2228.76
2019/6/6,NHII.NH,2223.44
2019/6/10,NHII.NH,2242.3
2019/6/11,NHII.NH,2282.79
2019/6/12,NHII.NH,2248.95
2019/6/13,NHII.NH,2269.4
2019/6/14,NHII.NH,2253.75
2019/6/17,NHII.NH,2235.06
2019/6/18,NHII.NH,2238.56
2019/6/19,NHII.NH,2266.51
2019/6/20,NHII.NH,2292.62
2019/6/21,NHII.NH,2290.59
2019/6/24,NHII.NH,2302.59
2019/6/25,NHII.NH,2308.91
2019/6/26,NHII.NH,2316.84
2019/6/27,NHII.NH,2322.05
2019/6/28,NHII.NH,2329.38
2019/7/1,NHII.NH,2364.72
2019/7/2,NHII.NH,2358.53
2019/7/3,NHII.NH,2336.05
2019/7/4,NHII.NH,2329.63
2019/7/5,NHII.NH,2313.8
2019/7/8,NHII.NH,2329.69
2019/7/9,NHII.NH,2327.24
2019/7/10,NHII.NH,2332.83
2019/7/11,NHII.NH,2347.9
2019/7/12,NHII.NH,2337.94
2019/7/15,NHII.NH,2359.17
2019/7/16,NHII.NH,2360.56
2019/7/17,NHII.NH,2359.33
2019/7/18,NHII.NH,2354.7
2019/7/19,NHII.NH,2369.3
2019/7/22,NHII.NH,2335.79
2019/7/23,NHII.NH,2331.91
2019/7/24,NHII.NH,2318.93
2019/7/25,NHII.NH,2324.55
2019/7/26,NHII.NH,2333.43
2019/7/29,NHII.NH,2320.46
2019/7/30,NHII.NH,2334.01
2019/7/31,NHII.NH,2333.53
2019/8/1,NHII.NH,2317.56
2019/8/2,NHII.NH,2287.13
2019/8/5,NHII.NH,2259.57
2019/8/6,NHII.NH,2257.34
2019/8/7,NHII.NH,2232.61
2019/8/8,NHII.NH,2239.3
2019/8/9,NHII.NH,2219.92
2019/8/12,NHII.NH,2236.53
2019/8/13,NHII.NH,2228.92
2019/8/14,NHII.NH,2239.03
2019/8/15,NHII.NH,2235.13
2019/8/16,NHII.NH,2231.2
2019/8/19,NHII.NH,2243.03
2019/8/20,NHII.NH,2233.8
2019/8/21,NHII.NH,2215.7
2019/8/22,NHII.NH,2217.36
2019/8/23,NHII.NH,2222.88
2019/8/26,NHII.NH,2194.59
2019/8/27,NHII.NH,2184.54
2019/8/28,NHII.NH,2200.04
2019/8/29,NHII.NH,2186.32
2019/8/30,NHII.NH,2225.21
2019/9/2,NHII.NH,2245.14
2019/9/3,NHII.NH,2252.71
2019/9/4,NHII.NH,2267.47
2019/9/5,NHII.NH,2275.03
2019/9/6,NHII.NH,2262.46
2019/9/9,NHII.NH,2306.36
2019/9/10,NHII.NH,2304.35
2019/9/11,NHII.NH,2308.65
2019/9/12,NHII.NH,2325.78
2019/9/16,NHII.NH,2344.39
2019/9/17,NHII.NH,2351.39
2019/9/18,NHII.NH,2324.48
2019/9/19,NHII.NH,2296.44
2019/9/20,NHII.NH,2288.17
2019/9/23,NHII.NH,2316.2
2019/9/24,NHII.NH,2284.22
2019/9/25,NHII.NH,2282.82
2019/9/26,NHII.NH,2277.54
2019/9/27,NHII.NH,2262.38
2019/9/30,NHII.NH,2275.5
2019/10/8,NHII.NH,2259.42
2019/10/9,NHII.NH,2256.23
2019/10/10,NHII.NH,2265.45
2019/10/11,NHII.NH,2258.92
2019/10/14,NHII.NH,2258.19
2019/10/15,NHII.NH,2245.82
2019/10/16,NHII.NH,2217.3
2019/10/17,NHII.NH,2212.39
2019/10/18,NHII.NH,2216.44
2019/10/21,NHII.NH,2201.53
2019/10/22,NHII.NH,2207.34
2019/10/23,NHII.NH,2214.78
2019/10/24,NHII.NH,2231.96
2019/10/25,NHII.NH,2236.38
2019/10/28,NHII.NH,2226.29
2019/10/29,NHII.NH,2228.81
2019/10/30,NHII.NH,2233.91
2019/10/31,NHII.NH,2226.58
2019/11/1,NHII.NH,2224.27
2019/11/4,NHII.NH,2223.12
2019/11/5,NHII.NH,2239.83
2019/11/6,NHII.NH,2235.63
2019/11/7,NHII.NH,2225.75
2019/11/8,NHII.NH,2214.73
2019/11/11,NHII.NH,2191.67
2019/11/12,NHII.NH,2213.63
2019/11/13,NHII.NH,2202.23
2019/11/14,NHII.NH,2223.68
2019/11/15,NHII.NH,2215.8
2019/11/18,NHII.NH,2225.54
2019/11/19,NHII.NH,2236.92
2019/11/20,NHII.NH,2237.0
2019/11/21,NHII.NH,2243.95
2019/11/22,NHII.NH,2253.58
2019/11/25,NHII.NH,2284.58
2019/11/26,NHII.NH,2257.95
2019/11/27,NHII.NH,2254.35
2019/11/28,NHII.NH,2254.79
2019/11/29,NHII.NH,2251.36
2019/12/2,NHII.NH,2255.92
2019/12/3,NHII.NH,2253.02
2019/12/4,NHII.NH,2248.69
2019/12/5,NHII.NH,2260.32
2019/12/6,NHII.NH,2270.74
2019/12/9,NHII.NH,2309.06
2019/12/10,NHII.NH,2309.29
2019/12/11,NHII.NH,2320.51
2019/12/12,NHII.NH,2321.27
2019/12/13,NHII.NH,2322.27
2019/12/16,NHII.NH,2316.73
2019/12/17,NHII.NH,2320.13
2019/12/18,NHII.NH,2313.58
2019/12/19,NHII.NH,2331.66
2019/12/20,NHII.NH,2328.02
2019/12/23,NHII.NH,2329.55
2019/12/24,NHII.NH,2330.57
2019/12/25,NHII.NH,2328.13
2019/12/26,NHII.NH,2333.23
2019/12/27,NHII.NH,2340.98
2019/12/30,NHII.NH,2348.21
2019/12/31,NHII.NH,2345.47
2020/1/2,NHII.NH,2341.72
2020/1/3,NHII.NH,2351.6
2020/1/6,NHII.NH,2376.64
2020/1/7,NHII.NH,2372.81
2020/1/8,NHII.NH,2396.02
2020/1/9,NHII.NH,2354.18
2020/1/10,NHII.NH,2362.97
2020/1/13,NHII.NH,2359.38
2020/1/14,NHII.NH,2357.72
2020/1/15,NHII.NH,2344.83
2020/1/16,NHII.NH,2350.47
2020/1/17,NHII.NH,2355.96
2020/1/20,NHII.NH,2358.34
2020/1/21,NHII.NH,2334.92
2020/1/22,NHII.NH,2330.85
2020/1/23,NHII.NH,2291.4
2020/2/3,NHII.NH,2146.73
2020/2/4,NHII.NH,2147.46
2020/2/5,NHII.NH,2146.83
2020/2/6,NHII.NH,2170.28
2020/2/7,NHII.NH,2166.89
2020/2/10,NHII.NH,2155.26
2020/2/11,NHII.NH,2187.18
2020/2/12,NHII.NH,2199.78
2020/2/13,NHII.NH,2202.5
2020/2/14,NHII.NH,2209.41
2020/2/17,NHII.NH,2224.73
2020/2/18,NHII.NH,2212.07
2020/2/19,NHII.NH,2221.61
2020/2/20,NHII.NH,2249.26
2020/2/21,NHII.NH,2244.03
2020/2/24,NHII.NH,2222.6
2020/2/25,NHII.NH,2226.73
2020/2/26,NHII.NH,2185.73
2020/2/27,NHII.NH,2158.81
2020/2/28,NHII.NH,2098.98
2020/3/2,NHII.NH,2159.63
2020/3/3,NHII.NH,2166.57
2020/3/4,NHII.NH,2174.97
2020/3/5,NHII.NH,2175.7
2020/3/6,NHII.NH,2143.68
2020/3/9,NHII.NH,2088.78
2020/3/10,NHII.NH,2094.29
2020/3/11,NHII.NH,2059.52
2020/3/12,NHII.NH,2039.92
2020/3/13,NHII.NH,2061.33
2020/3/16,NHII.NH,2016.49
2020/3/17,NHII.NH,2017.66
2020/3/18,NHII.NH,1965.83
2020/3/19,NHII.NH,1924.92
2020/3/20,NHII.NH,1948.82
2020/3/23,NHII.NH,1890.17
2020/3/24,NHII.NH,1921.52
2020/3/25,NHII.NH,1944.82
2020/3/26,NHII.NH,1923.12
2020/3/27,NHII.NH,1918.97
2020/3/30,NHII.NH,1877.84
2020/3/31,NHII.NH,1903.6
2020/4/1,NHII.NH,1880.05
2020/4/2,NHII.NH,1937.95
2020/4/3,NHII.NH,1928.11
2020/4/7,NHII.NH,1961.17
2020/4/8,NHII.NH,1972.8
2020/4/9,NHII.NH,2000.54
2020/4/10,NHII.NH,2020.68
2020/4/13,NHII.NH,2013.34
2020/4/14,NHII.NH,2009.39
2020/4/15,NHII.NH,1998.74
2020/4/16,NHII.NH,1985.23
2020/4/17,NHII.NH,1997.48
2020/4/20,NHII.NH,1988.91
2020/4/21,NHII.NH,1936.58
2020/4/22,NHII.NH,1914.07
2020/4/23,NHII.NH,1949.47
2020/4/24,NHII.NH,1955.36
2020/4/27,NHII.NH,1937.11
2020/4/28,NHII.NH,1916.51
2020/4/29,NHII.NH,1938.31
2020/4/30,NHII.NH,1971.12
2020/5/6,NHII.NH,2004.11
2020/5/7,NHII.NH,2016.36
2020/5/8,NHII.NH,2027.63
2020/5/11,NHII.NH,2016.05
2020/5/12,NHII.NH,2012.54
2020/5/13,NHII.NH,2011.86
2020/5/14,NHII.NH,2009.27
2020/5/15,NHII.NH,2038.63
2020/5/18,NHII.NH,2067.63
2020/5/19,NHII.NH,2090.24
2020/5/20,NHII.NH,2093.03
2020/5/21,NHII.NH,2118.11
2020/5/22,NHII.NH,2071.16
2020/5/25,NHII.NH,2090.13
2020/5/26,NHII.NH,2089.58
2020/5/27,NHII.NH,2086.02
2020/5/28,NHII.NH,2092.19
2020/5/29,NHII.NH,2116.68
2020/6/1,NHII.NH,2142.51
2020/6/2,NHII.NH,2150.82
2020/6/3,NHII.NH,2176.65
2020/6/4,NHII.NH,2148.31
2020/6/5,NHII.NH,2166.84
2020/6/8,NHII.NH,2199.78
2020/6/9,NHII.NH,2190.59
2020/6/10,NHII.NH,2180.29
2020/6/11,NHII.NH,2167.49
2020/6/12,NHII.NH,2151.11
2020/6/15,NHII.NH,2122.76
2020/6/16,NHII.NH,2174.37
2020/6/17,NHII.NH,2171.39
2020/6/18,NHII.NH,2177.02
2020/6/19,NHII.NH,2199.9
2020/6/22,NHII.NH,2180.19
2020/6/23,NHII.NH,2186.51
2020/6/24,NHII.NH,2190.31
2020/6/29,NHII.NH,2142.97
2020/6/30,NHII.NH,2165.29
2020/7/1,NHII.NH,2167.27
2020/7/2,NHII.NH,2180.35
2020/7/3,NHII.NH,2191.85
2020/7/6,NHII.NH,2204.62
2020/7/7,NHII.NH,2202.84
2020/7/8,NHII.NH,2228.78
2020/7/9,NHII.NH,2241.72
2020/7/10,NHII.NH,2211.69
2020/7/13,NHII.NH,2261.55
2020/7/14,NHII.NH,2253.52
2020/7/15,NHII.NH,2257.69
2020/7/16,NHII.NH,2226.57
2020/7/17,NHII.NH,2235.16
2020/7/20,NHII.NH,2213.69
2020/7/21,NHII.NH,2245.18
2020/7/22,NHII.NH,2253.92
2020/7/23,NHII.NH,2261.12
2020/7/24,NHII.NH,2233.97
2020/7/27,NHII.NH,2234.99
2020/7/28,NHII.NH,2231.43
2020/7/29,NHII.NH,2252.17
2020/7/30,NHII.NH,2250.8
2020/7/31,NHII.NH,2250.1
2020/8/3,NHII.NH,2244.59
2020/8/4,NHII.NH,2259.45
2020/8/5,NHII.NH,2262.39
2020/8/6,NHII.NH,2281.77
2020/8/7,NHII.NH,2280.16
2020/8/10,NHII.NH,2272.25
2020/8/11,NHII.NH,2267.92
2020/8/12,NHII.NH,2264.18
2020/8/13,NHII.NH,2260.58
2020/8/14,NHII.NH,2267.69
2020/8/17,NHII.NH,2275.43
2020/8/18,NHII.NH,2282.31
2020/8/19,NHII.NH,2289.8
2020/8/20,NHII.NH,2280.76
2020/8/21,NHII.NH,2272.91
2020/8/24,NHII.NH,2279.22
2020/8/25,NHII.NH,2279.97
2020/8/26,NHII.NH,2292.89
2020/8/27,NHII.NH,2289.81
2020/8/28,NHII.NH,2299.69
2020/8/31,NHII.NH,2322.71
2020/9/1,NHII.NH,2333.86
2020/9/2,NHII.NH,2334.55
2020/9/3,NHII.NH,2316.44
2020/9/4,NHII.NH,2304.43
2020/9/7,NHII.NH,2285.88
2020/9/8,NHII.NH,2275.77
2020/9/9,NHII.NH,2209.11
2020/9/10,NHII.NH,2205.33
2020/9/11,NHII.NH,2208.3
2020/9/14,NHII.NH,2227.36
2020/9/15,NHII.NH,2214.88
2020/9/16,NHII.NH,2214.28
2020/9/17,NHII.NH,2202.99
2020/9/18,NHII.NH,2237.1
2020/9/21,NHII.NH,2213.45
2020/9/22,NHII.NH,2182.78
2020/9/23,NHII.NH,2171.51
2020/9/24,NHII.NH,2158.42
2020/9/25,NHII.NH,2170.59
2020/9/28,NHII.NH,2167.94
2020/9/29,NHII.NH,2181.17
2020/9/30,NHII.NH,2165.18
2020/10/9,NHII.NH,2225.67
2020/10/12,NHII.NH,2233.84
2020/10/13,NHII.NH,2225.26
2020/10/14,NHII.NH,2221.71
2020/10/15,NHII.NH,2224.7
2020/10/16,NHII.NH,2232.08
2020/10/19,NHII.NH,2229.69
2020/10/20,NHII.NH,2240.37
2020/10/21,NHII.NH,2256.9
2020/10/22,NHII.NH,2246.34
2020/10/23,NHII.NH,2229.89
2020/10/26,NHII.NH,2209.27
2020/10/27,NHII.NH,2220.36
2020/10/28,NHII.NH,2234.46
2020/10/29,NHII.NH,2192.52
2020/10/30,NHII.NH,2160.95
2020/11/2,NHII.NH,2166.24
2020/11/3,NHII.NH,2181.98
2020/11/4,NHII.NH,2203.33
2020/11/5,NHII.NH,2190.4
2020/11/6,NHII.NH,2188.46
2020/11/9,NHII.NH,2221.33
2020/11/10,NHII.NH,2236.37
2020/11/11,NHII.NH,2270.89
2020/11/12,NHII.NH,2264.62
2020/11/13,NHII.NH,2263.16
2020/11/16,NHII.NH,2285.67
2020/11/17,NHII.NH,2281.1
2020/11/18,NHII.NH,2287.13
2020/11/19,NHII.NH,2300.88
2020/11/20,NHII.NH,2317.21
2020/11/23,NHII.NH,2331.18
2020/11/24,NHII.NH,2367.99
2020/11/25,NHII.NH,2377.51
2020/11/26,NHII.NH,2383.83
2020/11/27,NHII.NH,2406.48
2020/11/30,NHII.NH,2401.76
2020/12/1,NHII.NH,2411.13
2020/12/2,NHII.NH,2422.1
2020/12/3,NHII.NH,2412.22
2020/12/4,NHII.NH,2446.02
2020/12/7,NHII.NH,2464.78
2020/12/8,NHII.NH,2439.15
2020/12/9,NHII.NH,2458.68
2020/12/10,NHII.NH,2481.53
2020/12/11,NHII.NH,2513.1
2020/12/14,NHII.NH,2513.24
2020/12/15,NHII.NH,2524.41
2020/12/16,NHII.NH,2537.15
2020/12/17,NHII.NH,2583.88
2020/12/18,NHII.NH,2623.4
2020/12/21,NHII.NH,2654.41
2020/12/22,NHII.NH,2553.15
2020/12/23,NHII.NH,2530.67
2020/12/24,NHII.NH,2576.02
2020/12/25,NHII.NH,2604.1
2020/12/28,NHII.NH,2571.97
2020/12/29,NHII.NH,2545.88
2020/12/30,NHII.NH,2542.81
2020/12/31,NHII.NH,2550.49
2021/1/4,NHII.NH,2615.68
2021/1/5,NHII.NH,2611.99
2021/1/6,NHII.NH,2636.06
2021/1/7,NHII.NH,2687.83
2021/1/8,NHII.NH,2690.36
2021/1/11,NHII.NH,2619.65
2021/1/12,NHII.NH,2638.91
2021/1/13,NHII.NH,2640.92
2021/1/14,NHII.NH,2631.82
2021/1/15,NHII.NH,2641.58
2021/1/18,NHII.NH,2650.84
2021/1/19,NHII.NH,2619.12
2021/1/20,NHII.NH,2639.04
2021/1/21,NHII.NH,2655.64
2021/1/22,NHII.NH,2613.9
2021/1/25,NHII.NH,2614.75
2021/1/26,NHII.NH,2579.12
2021/1/27,NHII.NH,2614.64
2021/1/28,NHII.NH,2573.53
2021/1/29,NHII.NH,2578.96
2021/2/1,NHII.NH,2583.39
2021/2/2,NHII.NH,2569.27
2021/2/3,NHII.NH,2570.3
2021/2/4,NHII.NH,2627.62
2021/2/5,NHII.NH,2643.67
2021/2/8,NHII.NH,2672.44
2021/2/9,NHII.NH,2712.31
2021/2/10,NHII.NH,2694.97
2021/2/18,NHII.NH,2838.07
2021/2/19,NHII.NH,2833.05
2021/2/22,NHII.NH,2874.6
2021/2/23,NHII.NH,2892.35
2021/2/24,NHII.NH,2894.64
2021/2/25,NHII.NH,2968.27
2021/2/26,NHII.NH,2914.95
2021/3/1,NHII.NH,2892.17
2021/3/2,NHII.NH,2869.3
2021/3/3,NHII.NH,2897.64
2021/3/4,NHII.NH,2883.96
2021/3/5,NHII.NH,2879.6
2021/3/8,NHII.NH,2921.76
2021/3/9,NHII.NH,2825.36
2021/3/10,NHII.NH,2811.58
2021/3/11,NHII.NH,2867.42
2021/3/12,NHII.NH,2846.88
2021/3/15,NHII.NH,2853.86
2021/3/16,NHII.NH,2834.88
2021/3/17,NHII.NH,2861.55
2021/3/18,NHII.NH,2844.56
2021/3/19,NHII.NH,2748.48
2021/3/22,NHII.NH,2757.76
2021/3/23,NHII.NH,2763.72
2021/3/24,NHII.NH,2745.48
2021/3/25,NHII.NH,2747.92
2021/3/26,NHII.NH,2784.75
2021/3/29,NHII.NH,2815.63
2021/3/30,NHII.NH,2822.87
2021/3/31,NHII.NH,2806.97
2021/4/1,NHII.NH,2808.34
2021/4/2,NHII.NH,2871.89
2021/4/6,NHII.NH,2845.99
2021/4/7,NHII.NH,2847.91
2021/4/8,NHII.NH,2828.68
2021/4/9,NHII.NH,2818.0
2021/4/12,NHII.NH,2795.41
2021/4/13,NHII.NH,2828.12
2021/4/14,NHII.NH,2850.07
2021/4/15,NHII.NH,2902.84
2021/4/16,NHII.NH,2926.49
2021/4/19,NHII.NH,2919.71
2021/4/20,NHII.NH,2942.86
2021/4/21,NHII.NH,2911.67
2021/4/22,NHII.NH,2903.55
2021/4/23,NHII.NH,2921.81
2021/4/26,NHII.NH,2953.56
2021/4/27,NHII.NH,2991.96
2021/4/28,NHII.NH,2990.48
2021/4/29,NHII.NH,3019.33
2021/4/30,NHII.NH,2997.89
2021/5/6,NHII.NH,3108.76
2021/5/7,NHII.NH,3144.5
2021/5/10,NHII.NH,3230.06
2021/5/11,NHII.NH,3178.9
2021/5/12,NHII.NH,3239.15
2021/5/13,NHII.NH,3134.51
2021/5/14,NHII.NH,3052.2
2021/5/17,NHII.NH,3092.17
2021/5/18,NHII.NH,3141.99
2021/5/19,NHII.NH,3048.62
2021/5/20,NHII.NH,2980.61
2021/5/21,NHII.NH,2914.64
2021/5/24,NHII.NH,2915.78
2021/5/25,NHII.NH,2937.19
2021/5/26,NHII.NH,2904.82
2021/5/27,NHII.NH,2926.4
2021/5/28,NHII.NH,2972.27
2021/5/31,NHII.NH,2995.95
2021/6/1,NHII.NH,3066.87
2021/6/2,NHII.NH,3045.82
2021/6/3,NHII.NH,3091.66
2021/6/4,NHII.NH,3038.36
2021/6/7,NHII.NH,2986.99
2021/6/8,NHII.NH,3008.34
2021/6/9,NHII.NH,3046.06
2021/6/10,NHII.NH,3031.96
2021/6/11,NHII.NH,3115.05
2021/6/15,NHII.NH,3099.38
2021/6/16,NHII.NH,3073.81
2021/6/17,NHII.NH,3099.34
2021/6/18,NHII.NH,3043.07
2021/6/21,NHII.NH,3005.49
2021/6/22,NHII.NH,3052.02
2021/6/23,NHII.NH,3099.34
2021/6/24,NHII.NH,3100.15
2021/6/25,NHII.NH,3139.09
2021/6/28,NHII.NH,3111.07
2021/6/29,NHII.NH,3064.63
2021/6/30,NHII.NH,3088.65
2021/7/1,NHII.NH,3073.28
2021/7/2,NHII.NH,3101.82
2021/7/5,NHII.NH,3165.64
2021/7/6,NHII.NH,3179.95
2021/7/7,NHII.NH,3147.31
2021/7/8,NHII.NH,3091.24
2021/7/9,NHII.NH,3115.01
2021/7/12,NHII.NH,3134.59
2021/7/13,NHII.NH,3176.72
2021/7/14,NHII.NH,3202.07
2021/7/15,NHII.NH,3166.98
2021/7/16,NHII.NH,3186.35
2021/7/19,NHII.NH,3192.86
2021/7/20,NHII.NH,3158.79
2021/7/21,NHII.NH,3135.85
2021/7/22,NHII.NH,3164.42
2021/7/23,NHII.NH,3189.26
2021/7/26,NHII.NH,3205.43
2021/7/27,NHII.NH,3198.52
2021/7/28,NHII.NH,3231.42
2021/7/29,NHII.NH,3258.55
2021/7/30,NHII.NH,3244.75
2021/8/2,NHII.NH,3193.91
2021/8/3,NHII.NH,3132.51
2021/8/4,NHII.NH,3175.83
2021/8/5,NHII.NH,3116.62
2021/8/6,NHII.NH,3161.77
2021/8/9,NHII.NH,3117.91
2021/8/10,NHII.NH,3151.3
2021/8/11,NHII.NH,3187.54
2021/8/12,NHII.NH,3156.39
2021/8/13,NHII.NH,3161.09
2021/8/16,NHII.NH,3142.92
2021/8/17,NHII.NH,3149.25
2021/8/18,NHII.NH,3113.73
2021/8/19,NHII.NH,3045.52
2021/8/20,NHII.NH,3051.12
2021/8/23,NHII.NH,3094.95
2021/8/24,NHII.NH,3168.71
2021/8/25,NHII.NH,3199.14
2021/8/26,NHII.NH,3167.01
2021/8/27,NHII.NH,3197.62
2021/8/30,NHII.NH,3224.41
2021/8/31,NHII.NH,3206.6
2021/9/1,NHII.NH,3190.71
2021/9/2,NHII.NH,3227.46
2021/9/3,NHII.NH,3258.81
2021/9/6,NHII.NH,3261.73
2021/9/7,NHII.NH,3319.97
2021/9/8,NHII.NH,3295.37
2021/9/9,NHII.NH,3344.35
2021/9/10,NHII.NH,3304.73
2021/9/13,NHII.NH,3320.02
2021/9/14,NHII.NH,3301.03
2021/9/15,NHII.NH,3323.63
2021/9/16,NHII.NH,3311.33
2021/9/17,NHII.NH,3279.58
2021/9/22,NHII.NH,3357.37
2021/9/23,NHII.NH,3398.43
2021/9/24,NHII.NH,3378.24
2021/9/27,NHII.NH,3428.47
2021/9/28,NHII.NH,3491.98
2021/9/29,NHII.NH,3463.07
2021/9/30,NHII.NH,3544.58
2021/10/8,NHII.NH,3604.02
2021/10/11,NHII.NH,3724.99
2021/10/12,NHII.NH,3709.38
2021/10/13,NHII.NH,3665.79
2021/10/14,NHII.NH,3707.19
2021/10/15,NHII.NH,3771.34
2021/10/18,NHII.NH,3846.37
2021/10/19,NHII.NH,3836.41
2021/10/20,NHII.NH,3703.81
2021/10/21,NHII.NH,3584.19
2021/10/22,NHII.NH,3506.0
2021/10/25,NHII.NH,3508.63
2021/10/26,NHII.NH,3518.5
2021/10/27,NHII.NH,3383.64
2021/10/28,NHII.NH,3321.44
2021/10/29,NHII.NH,3245.8
2021/11/1,NHII.NH,3194.14
2021/11/2,NHII.NH,3151.95
2021/11/3,NHII.NH,3232.91
2021/11/4,NHII.NH,3138.37
2021/11/5,NHII.NH,3110.2
2021/11/8,NHII.NH,3149.26
2021/11/9,NHII.NH,3115.02
2021/11/10,NHII.NH,3102.94
2021/11/11,NHII.NH,3160.25
2021/11/12,NHII.NH,3090.5
2021/11/15,NHII.NH,3014.67
2021/11/16,NHII.NH,3018.48
2021/11/17,NHII.NH,3031.67
2021/11/18,NHII.NH,2965.13
2021/11/19,NHII.NH,3056.66
2021/11/22,NHII.NH,3058.17
2021/11/23,NHII.NH,3094.86
2021/11/24,NHII.NH,3208.52
2021/11/25,NHII.NH,3213.72
2021/11/26,NHII.NH,3090.55
2021/11/29,NHII.NH,3071.91
2021/11/30,NHII.NH,3033.18
2021/12/1,NHII.NH,3076.72
2021/12/2,NHII.NH,3024.77
2021/12/3,NHII.NH,3060.1
2021/12/6,NHII.NH,3047.07
2021/12/7,NHII.NH,3114.46
2021/12/8,NHII.NH,3109.85
2021/12/9,NHII.NH,3099.13
2021/12/10,NHII.NH,3078.31
2021/12/13,NHII.NH,3163.03
2021/12/14,NHII.NH,3126.84
2021/12/15,NHII.NH,3109.56
2021/12/16,NHII.NH,3174.01
2021/12/17,NHII.NH,3194.0
2021/12/20,NHII.NH,3128.53
2021/12/21,NHII.NH,3164.01
2021/12/22,NHII.NH,3176.1
2021/12/23,NHII.NH,3209.64
2021/12/24,NHII.NH,3242.14
2021/12/27,NHII.NH,3156.36
2021/12/28,NHII.NH,3183.09
2021/12/29,NHII.NH,3189.37
2021/12/30,NHII.NH,3194.97
2021/12/31,NHII.NH,3210.75
2022/1/4,NHII.NH,3252.38
2022/1/5,NHII.NH,3278.34
2022/1/6,NHII.NH,3288.7
2022/1/7,NHII.NH,3337.63
2022/1/10,NHII.NH,3324.35
2022/1/11,NHII.NH,3322.27
2022/1/12,NHII.NH,3370.65
2022/1/13,NHII.NH,3361.25
2022/1/14,NHII.NH,3385.34
2022/1/17,NHII.NH,3342.3
2022/1/18,NHII.NH,3393.07
2022/1/19,NHII.NH,3423.58
2022/1/20,NHII.NH,3463.73
2022/1/21,NHII.NH,3438.32
2022/1/24,NHII.NH,3404.85
2022/1/25,NHII.NH,3412.97
2022/1/26,NHII.NH,3445.39
2022/1/27,NHII.NH,3449.93
2022/1/28,NHII.NH,3489.51
2022/2/7,NHII.NH,3578.27
2022/2/8,NHII.NH,3621.55
2022/2/9,NHII.NH,3530.89
2022/2/10,NHII.NH,3594.18
2022/2/11,NHII.NH,3545.63
2022/2/14,NHII.NH,3574.01
2022/2/15,NHII.NH,3503.14
2022/2/16,NHII.NH,3506.56
2022/2/17,NHII.NH,3460.41
2022/2/18,NHII.NH,3515.99
2022/2/21,NHII.NH,3548.96
2022/2/22,NHII.NH,3546.57
2022/2/23,NHII.NH,3570.64
2022/2/24,NHII.NH,3595.76
2022/2/25,NHII.NH,3515.09
2022/2/28,NHII.NH,3577.19
2022/3/1,NHII.NH,3644.79
2022/3/2,NHII.NH,3749.25
2022/3/3,NHII.NH,3873.3
2022/3/4,NHII.NH,3841.17
2022/3/7,NHII.NH,4083.84
2022/3/8,NHII.NH,4083.03
2022/3/9,NHII.NH,4112.52
2022/3/10,NHII.NH,3961.19
2022/3/11,NHII.NH,3909.97
2022/3/14,NHII.NH,3778.52
2022/3/15,NHII.NH,3707.27
2022/3/16,NHII.NH,3813.5
2022/3/17,NHII.NH,3784.34
2022/3/18,NHII.NH,3901.92
2022/3/21,NHII.NH,3879.21
2022/3/22,NHII.NH,3903.08
2022/3/23,NHII.NH,3928.92
2022/3/24,NHII.NH,3996.39
2022/3/25,NHII.NH,4072.49
2022/3/28,NHII.NH,4014.98
2022/3/29,NHII.NH,4002.41
2022/3/30,NHII.NH,4035.14
2022/3/31,NHII.NH,3999.84
2022/4/1,NHII.NH,3995.13
2022/4/6,NHII.NH,4045.74
2022/4/7,NHII.NH,3950.09
2022/4/8,NHII.NH,3952.56
2022/4/11,NHII.NH,3879.57
2022/4/12,NHII.NH,3977.01
2022/4/13,NHII.NH,3969.18
2022/4/14,NHII.NH,4027.91
2022/4/15,NHII.NH,4086.08
2022/4/18,NHII.NH,4107.36
2022/4/19,NHII.NH,4082.66
2022/4/20,NHII.NH,4066.69
2022/4/21,NHII.NH,4076.31
2022/4/22,NHII.NH,4026.48
2022/4/25,NHII.NH,3840.04
2022/4/26,NHII.NH,3872.13
2022/4/27,NHII.NH,3911.42
2022/4/28,NHII.NH,3924.24
2022/4/29,NHII.NH,3988.73
2022/5/5,NHII.NH,4005.49
2022/5/6,NHII.NH,3924.85
2022/5/9,NHII.NH,3873.07
2022/5/10,NHII.NH,3785.94
2022/5/11,NHII.NH,3848.25
2022/5/12,NHII.NH,3818.83
2022/5/13,NHII.NH,3874.89
2022/5/16,NHII.NH,3908.42
2022/5/17,NHII.NH,3936.44
2022/5/18,NHII.NH,3851.72
2022/5/19,NHII.NH,3872.06
2022/5/20,NHII.NH,3914.55
2022/5/23,NHII.NH,3921.97
2022/5/24,NHII.NH,3844.73
2022/5/25,NHII.NH,3893.81
2022/5/26,NHII.NH,3892.58
2022/5/27,NHII.NH,3960.93
2022/5/30,NHII.NH,3996.78
2022/5/31,NHII.NH,4057.03
2022/6/1,NHII.NH,4037.64
2022/6/2,NHII.NH,4073.92
2022/6/6,NHII.NH,4113.74
2022/6/7,NHII.NH,4117.11
2022/6/8,NHII.NH,4163.74
2022/6/9,NHII.NH,4135.71
2022/6/10,NHII.NH,4120.03
2022/6/13,NHII.NH,4057.0
2022/6/14,NHII.NH,4041.36
2022/6/15,NHII.NH,3949.4
2022/6/16,NHII.NH,3933.31
2022/6/17,NHII.NH,3882.79
2022/6/20,NHII.NH,3714.56
2022/6/21,NHII.NH,3745.33
2022/6/22,NHII.NH,3655.35
2022/6/23,NHII.NH,3708.08
2022/6/24,NHII.NH,3609.51
2022/6/27,NHII.NH,3699.39
2022/6/28,NHII.NH,3785.39
2022/6/29,NHII.NH,3764.65
2022/6/30,NHII.NH,3731.97
2022/7/1,NHII.NH,3638.42
2022/7/4,NHII.NH,3627.5
2022/7/5,NHII.NH,3650.65
2022/7/6,NHII.NH,3577.09
2022/7/7,NHII.NH,3565.63
2022/7/8,NHII.NH,3568.61
2022/7/11,NHII.NH,3543.58
2022/7/12,NHII.NH,3466.13
2022/7/13,NHII.NH,3443.68
2022/7/14,NHII.NH,3369.79
2022/7/15,NHII.NH,3232.87
2022/7/18,NHII.NH,3408.55
2022/7/19,NHII.NH,3367.46
2022/7/20,NHII.NH,3383.76
2022/7/21,NHII.NH,3363.17
2022/7/22,NHII.NH,3407.37
2022/7/25,NHII.NH,3419.0
2022/7/26,NHII.NH,3514.18
2022/7/27,NHII.NH,3484.7
2022/7/28,NHII.NH,3621.04
2022/7/29,NHII.NH,3610.03
2022/8/1,NHII.NH,3631.44
2022/8/2,NHII.NH,3641.66
2022/8/3,NHII.NH,3618.29
2022/8/4,NHII.NH,3541.03
2022/8/5,NHII.NH,3567.61
2022/8/8,NHII.NH,3622.42
2022/8/9,NHII.NH,3611.52
2022/8/10,NHII.NH,3593.25
2022/8/11,NHII.NH,3657.54
2022/8/12,NHII.NH,3691.83
2022/8/15,NHII.NH,3623.32
2022/8/16,NHII.NH,3630.95
2022/8/17,NHII.NH,3568.08
2022/8/18,NHII.NH,3557.02
2022/8/19,NHII.NH,3552.08
2022/8/22,NHII.NH,3597.78
2022/8/23,NHII.NH,3662.18
2022/8/24,NHII.NH,3687.13
2022/8/25,NHII.NH,3699.25
2022/8/26,NHII.NH,3744.36
2022/8/29,NHII.NH,3672.19
2022/8/30,NHII.NH,3625.87
2022/8/31,NHII.NH,3618.56
2022/9/1,NHII.NH,3571.54
2022/9/2,NHII.NH,3557.54
2022/9/5,NHII.NH,3602.32
2022/9/6,NHII.NH,3625.97
2022/9/7,NHII.NH,3605.1
2022/9/8,NHII.NH,3641.51
2022/9/9,NHII.NH,3695.84
2022/9/13,NHII.NH,3741.15
2022/9/14,NHII.NH,3692.22
2022/9/15,NHII.NH,3724.62
2022/9/16,NHII.NH,3709.99
2022/9/19,NHII.NH,3687.53
2022/9/20,NHII.NH,3686.16
2022/9/21,NHII.NH,3725.48
2022/9/22,NHII.NH,3750.19
2022/9/23,NHII.NH,3725.86
2022/9/26,NHII.NH,3657.39
2022/9/27,NHII.NH,3695.2693
2022/9/28,NHII.NH,3652.6993
2022/9/29,NHII.NH,3704.5524
2022/9/30,NHII.NH,3685.2169
2022/10/10,NHII.NH,3798.5562
2022/10/11,NHII.NH,3757.2765
2022/10/12,NHII.NH,3729.3629
2022/10/13,NHII.NH,3690.1163
2022/10/14,NHII.NH,3740.0427
2022/10/17,NHII.NH,3662.6307
2022/10/18,NHII.NH,3657.1136
2022/10/19,NHII.NH,3644.4259
2022/10/20,NHII.NH,3630.2376
2022/10/21,NHII.NH,3621.8496
2022/10/24,NHII.NH,3641.7096
2022/10/25,NHII.NH,3623.1814
2022/10/26,NHII.NH,3607.1135
2022/10/27,NHII.NH,3596.6653
2022/10/28,NHII.NH,3551.7097
2022/10/31,NHII.NH,3477.268
2022/11/1,NHII.NH,3571.9092
2022/11/2,NHII.NH,3588.57
2022/11/3,NHII.NH,3595.91
2022/11/4,NHII.NH,3670.93
2022/11/7,NHII.NH,3670.84
2022/11/8,NHII.NH,3707.59
2022/11/9,NHII.NH,3705.37
2022/11/10,NHII.NH,3666.03
2022/11/11,NHII.NH,3763.71
2022/11/14,NHII.NH,3744.62
2022/11/15,NHII.NH,3767.11
2022/11/16,NHII.NH,3779.83
2022/11/17,NHII.NH,3757.3
2022/11/18,NHII.NH,3756.46
2022/11/21,NHII.NH,3684.65
2022/11/22,NHII.NH,3664.22
2022/11/23,NHII.NH,3690.67
2022/11/24,NHII.NH,3681.49
2022/11/25,NHII.NH,3722.17
2022/11/28,NHII.NH,3664.0
2022/11/29,NHII.NH,3736.31
2022/11/30,NHII.NH,3725.04
2022/12/1,NHII.NH,3736.23
2022/12/2,NHII.NH,3774.43
2022/12/5,NHII.NH,3766.23
2022/12/6,NHII.NH,3734.98
2022/12/7,NHII.NH,3683.43
2022/12/8,NHII.NH,3741.39
2022/12/9,NHII.NH,3784.3
2022/12/12,NHII.NH,3767.92
2022/12/13,NHII.NH,3805.98
2022/12/14,NHII.NH,3826.11
2022/12/15,NHII.NH,3864.29
2022/12/16,NHII.NH,3835.64
2022/12/19,NHII.NH,3753.16
2022/12/20,NHII.NH,3758.76
2022/12/21,NHII.NH,3817.79
2022/12/22,NHII.NH,3783.69
2022/12/23,NHII.NH,3779.98
2022/12/26,NHII.NH,3830.73
2022/12/27,NHII.NH,3888.28
2022/12/28,NHII.NH,3865.73
2022/12/29,NHII.NH,3852.95
2022/12/30,NHII.NH,3891.09
2023/1/3,NHII.NH,3874.63
2023/1/4,NHII.NH,3808.4
2023/1/5,NHII.NH,3771.85
2023/1/6,NHII.NH,3801.62
2023/1/9,NHII.NH,3793.21
2023/1/10,NHII.NH,3798.59
2023/1/11,NHII.NH,3841.13
2023/1/12,NHII.NH,3857.01
2023/1/13,NHII.NH,3910.23
2023/1/16,NHII.NH,3871.4
2023/1/17,NHII.NH,3890.35
2023/1/18,NHII.NH,3954.48
2023/1/19,NHII.NH,3966.18
2023/1/20,NHII.NH,4020.81
2023/1/30,NHII.NH,3996.51
2023/1/31,NHII.NH,3961.82
2023/2/1,NHII.NH,3966.63
2023/2/2,NHII.NH,3891.73
2023/2/3,NHII.NH,3899.13
2023/2/6,NHII.NH,3869.32
2023/2/7,NHII.NH,3861.8
2023/2/8,NHII.NH,3892.23
2023/2/9,NHII.NH,3906.48
2023/2/10,NHII.NH,3887.55
2023/2/13,NHII.NH,3845.48
2023/2/14,NHII.NH,3874.25
2023/2/15,NHII.NH,3867.81
2023/2/16,NHII.NH,3914.57
2023/2/17,NHII.NH,3915.44
2023/2/20,NHII.NH,3930.03
2023/2/21,NHII.NH,3975.43
2023/2/22,NHII.NH,3958.16
2023/2/23,NHII.NH,3949.33
2023/2/24,NHII.NH,3967.8
2023/2/27,NHII.NH,3920.66
2023/2/28,NHII.NH,3925.8
2023/3/1,NHII.NH,3974.77
2023/3/2,NHII.NH,3965.23
2023/3/3,NHII.NH,3983.85
2023/3/6,NHII.NH,3955.13
2023/3/7,NHII.NH,3980.57
2023/3/8,NHII.NH,3947.25
2023/3/9,NHII.NH,3941.58
2023/3/10,NHII.NH,3899.44
2023/3/13,NHII.NH,3940.16
2023/3/14,NHII.NH,3877.89
2023/3/15,NHII.NH,3856.82
2023/3/16,NHII.NH,3739.89
2023/3/17,NHII.NH,3781.58
2023/3/20,NHII.NH,3724.69
2023/3/21,NHII.NH,3724.77
2023/3/22,NHII.NH,3747.8
2023/3/23,NHII.NH,3727.48
2023/3/24,NHII.NH,3782.14
2023/3/27,NHII.NH,3777.11
2023/3/28,NHII.NH,3801.46
2023/3/29,NHII.NH,3815.42
2023/3/30,NHII.NH,3822.04
2023/3/31,NHII.NH,3829.68
2023/4/3,NHII.NH,3847.36
2023/4/4,NHII.NH,3837.7
2023/4/6,NHII.NH,3801.0
2023/4/7,NHII.NH,3826.72
2023/4/10,NHII.NH,3781.91
2023/4/11,NHII.NH,3806.51
2023/4/12,NHII.NH,3796.52
2023/4/13,NHII.NH,3785.05
2023/4/14,NHII.NH,3806.93
2023/4/17,NHII.NH,3844.93
2023/4/18,NHII.NH,3850.11
2023/4/19,NHII.NH,3838.02
2023/4/20,NHII.NH,3795.63
2023/4/21,NHII.NH,3725.19
2023/4/24,NHII.NH,3682.7
2023/4/25,NHII.NH,3691.05
2023/4/26,NHII.NH,3665.55
2023/4/27,NHII.NH,3598.41
2023/4/28,NHII.NH,3604.92
2023/5/4,NHII.NH,3528.37
2023/5/5,NHII.NH,3530.04
2023/5/8,NHII.NH,3616.81
2023/5/9,NHII.NH,3571.3
2023/5/10,NHII.NH,3578.03
2023/5/11,NHII.NH,3511.71
2023/5/12,NHII.NH,3478.41
2023/5/15,NHII.NH,3520.15
2023/5/16,NHII.NH,3509.4
2023/5/17,NHII.NH,3547.59
2023/5/18,NHII.NH,3565.3
2023/5/19,NHII.NH,3535.58
2023/5/22,NHII.NH,3447.27
2023/5/23,NHII.NH,3445.89
2023/5/24,NHII.NH,3421.05
2023/5/25,NHII.NH,3397.25
2023/5/26,NHII.NH,3425.4
2023/5/29,NHII.NH,3446.52
2023/5/30,NHII.NH,3411.3
2023/5/31,NHII.NH,3365.05
2023/6/1,NHII.NH,3427.79
2023/6/2,NHII.NH,3480.06
2023/6/5,NHII.NH,3478.44
2023/6/6,NHII.NH,3478.13
2023/6/7,NHII.NH,3475.97
2023/6/8,NHII.NH,3507.92
2023/6/9,NHII.NH,3533.74
2023/6/12,NHII.NH,3477.57
2023/6/13,NHII.NH,3514.54
2023/6/14,NHII.NH,3567.93
2023/6/15,NHII.NH,3571.64
2023/6/16,NHII.NH,3616.97
2023/6/19,NHII.NH,3581.35
2023/6/20,NHII.NH,3590.35
2023/6/21,NHII.NH,3594.05
2023/6/26,NHII.NH,3543.05
2023/6/27,NHII.NH,3576.98
2023/6/28,NHII.NH,3557.61
2023/6/29,NHII.NH,3572.29
2023/6/30,NHII.NH,3589.04
2023/7/3,NHII.NH,3605.65
2023/7/4,NHII.NH,3606.27
2023/7/5,NHII.NH,3604.79
2023/7/6,NHII.NH,3640.6
2023/7/7,NHII.NH,3623.37
2023/7/10,NHII.NH,3622.24
2023/7/11,NHII.NH,3665.28
2023/7/12,NHII.NH,3696.42
2023/7/13,NHII.NH,3717.46
2023/7/14,NHII.NH,3756.77
2023/7/17,NHII.NH,3685.47
2023/7/18,NHII.NH,3722.56
2023/7/19,NHII.NH,3738.85
2023/7/20,NHII.NH,3767.24
2023/7/21,NHII.NH,3772.0
2023/7/24,NHII.NH,3751.47
2023/7/25,NHII.NH,3808.08
2023/7/26,NHII.NH,3838.83
2023/7/27,NHII.NH,3827.21
2023/7/28,NHII.NH,3835.36
2023/7/31,NHII.NH,3843.58
2023/8/1,NHII.NH,3880.84
2023/8/2,NHII.NH,3867.67
2023/8/3,NHII.NH,3777.36
2023/8/4,NHII.NH,3812.08
2023/8/7,NHII.NH,3795.46
2023/8/8,NHII.NH,3774.54
2023/8/9,NHII.NH,3801.85
2023/8/10,NHII.NH,3794.83
2023/8/11,NHII.NH,3817.6
2023/8/14,NHII.NH,3778.18
2023/8/15,NHII.NH,3820.38
2023/8/16,NHII.NH,3779.64
2023/8/17,NHII.NH,3825.76
2023/8/18,NHII.NH,3840.67
2023/8/21,NHII.NH,3898.84
2023/8/22,NHII.NH,3925.72
2023/8/23,NHII.NH,3932.81
2023/8/24,NHII.NH,3909.48
2023/8/25,NHII.NH,3945.89
2023/8/28,NHII.NH,3913.9
2023/8/29,NHII.NH,3892.13
2023/8/30,NHII.NH,3966.57
2023/8/31,NHII.NH,3979.68
2023/9/1,NHII.NH,4053.75
2023/9/4,NHII.NH,4050.26
2023/9/5,NHII.NH,4066.4
2023/9/6,NHII.NH,4099.42
2023/9/7,NHII.NH,4072.88
2023/9/8,NHII.NH,4023.25
2023/9/11,NHII.NH,4070.08
2023/9/12,NHII.NH,4096.29
2023/9/13,NHII.NH,4088.29
2023/9/14,NHII.NH,4118.47
2023/9/15,NHII.NH,4150.65
2023/9/18,NHII.NH,4154.86
2023/9/19,NHII.NH,4137.62
2023/9/20,NHII.NH,4137.98
2023/9/21,NHII.NH,4073.19
2023/9/22,NHII.NH,4111.93
2023/9/25,NHII.NH,4066.05
2023/9/26,NHII.NH,4019.98
2023/9/27,NHII.NH,4033.92
2023/9/28,NHII.NH,4078.2
2023/10/9,NHII.NH,3978.54
2023/10/10,NHII.NH,3922.99
2023/10/11,NHII.NH,3941.84
2023/10/12,NHII.NH,3948.37
2023/10/13,NHII.NH,3949.55
2023/10/16,NHII.NH,4017.17
2023/10/17,NHII.NH,3985.0
2023/10/18,NHII.NH,3982.95
2023/10/19,NHII.NH,3997.69
2023/10/20,NHII.NH,3971.81
2023/10/23,NHII.NH,3944.37
2023/10/24,NHII.NH,3972.28
2023/10/25,NHII.NH,3989.17
2023/10/26,NHII.NH,3987.57
2023/10/27,NHII.NH,4010.87
2023/10/30,NHII.NH,4030.23
2023/10/31,NHII.NH,4000.42
2023/11/1,NHII.NH,3991.65
2023/11/2,NHII.NH,4000.49
2023/11/3,NHII.NH,4045.12
2023/11/6,NHII.NH,4039.1
2023/11/7,NHII.NH,4009.58
2023/11/8,NHII.NH,4015.87
2023/11/9,NHII.NH,4000.69
2023/11/10,NHII.NH,4033.36
2023/11/13,NHII.NH,4020.7
2023/11/14,NHII.NH,4031.01
2023/11/15,NHII.NH,4056.3
2023/11/16,NHII.NH,4060.35
2023/11/17,NHII.NH,4002.54
2023/11/20,NHII.NH,4046.0
2023/11/21,NHII.NH,4018.86
2023/11/22,NHII.NH,4024.66
2023/11/23,NHII.NH,3980.01
2023/11/24,NHII.NH,4015.9
2023/11/27,NHII.NH,3995.96
2023/11/28,NHII.NH,3971.63
2023/11/29,NHII.NH,3983.34
2023/11/30,NHII.NH,4016.72
2023/12/1,NHII.NH,3997.0
2023/12/4,NHII.NH,3945.54
2023/12/5,NHII.NH,3931.42
2023/12/6,NHII.NH,3968.27
2023/12/7,NHII.NH,3982.26
2023/12/8,NHII.NH,4026.82
2023/12/11,NHII.NH,4018.53
2023/12/12,NHII.NH,4035.65
2023/12/13,NHII.NH,3929.61
2023/12/14,NHII.NH,3947.64
2023/12/15,NHII.NH,3972.09
2023/12/18,NHII.NH,3981.39
2023/12/19,NHII.NH,3975.86
2023/12/20,NHII.NH,4013.59
2023/12/21,NHII.NH,4046.66
2023/12/22,NHII.NH,4073.19
2023/12/25,NHII.NH,4038.3
2023/12/26,NHII.NH,4046.47
2023/12/27,NHII.NH,4075.43
2023/12/28,NHII.NH,4045.18
2023/12/29,NHII.NH,4005.96
2024/1/2,NHII.NH,4053.91
2024/1/3,NHII.NH,4045.41
2024/1/4,NHII.NH,4042.97
2024/1/5,NHII.NH,4002.3
2024/1/8,NHII.NH,3974.98
2024/1/9,NHII.NH,3951.63
2024/1/10,NHII.NH,3929.5
2024/1/11,NHII.NH,3962.96
2024/1/12,NHII.NH,3959.79
2024/1/15,NHII.NH,3941.34
2024/1/16,NHII.NH,3956.55
2024/1/17,NHII.NH,3935.6
2024/1/18,NHII.NH,3969.51
2024/1/19,NHII.NH,3977.12
2024/1/22,NHII.NH,3976.83
2024/1/23,NHII.NH,4022.84
2024/1/24,NHII.NH,4047.5
2024/1/25,NHII.NH,4053.07
2024/1/26,NHII.NH,4068.7
2024/1/29,NHII.NH,4081.61
2024/1/30,NHII.NH,4034.16
2024/1/31,NHII.NH,4015.09
2024/2/1,NHII.NH,3985.99
2024/2/2,NHII.NH,3942.6
2024/2/5,NHII.NH,3933.69
2024/2/6,NHII.NH,3935.73
2024/2/7,NHII.NH,3944.27
2024/2/8,NHII.NH,3984.57
2024/2/19,NHII.NH,3980.33
2024/2/20,NHII.NH,3951.03
2024/2/21,NHII.NH,3962.75
2024/2/22,NHII.NH,3991.76
2024/2/23,NHII.NH,4000.46
2024/2/26,NHII.NH,3948.67
2024/2/27,NHII.NH,4005.0
2024/2/28,NHII.NH,3994.0
2024/2/29,NHII.NH,4004.38
2024/3/1,NHII.NH,3988.85
2024/3/4,NHII.NH,4011.49
2024/3/5,NHII.NH,3984.38
2024/3/6,NHII.NH,3984.84
2024/3/7,NHII.NH,4002.13
2024/3/8,NHII.NH,4017.36
2024/3/11,NHII.NH,3953.75
2024/3/12,NHII.NH,3972.48
2024/3/13,NHII.NH,3956.8
2024/3/14,NHII.NH,3958.08
2024/3/15,NHII.NH,3980.6
2024/3/18,NHII.NH,3991.86
2024/3/19,NHII.NH,4025.6
2024/3/20,NHII.NH,4019.2
2024/3/21,NHII.NH,4038.67
2024/3/22,NHII.NH,4005.88
2024/3/25,NHII.NH,3988.53
2024/3/26,NHII.NH,3954.1
2024/3/27,NHII.NH,3922.56
2024/3/28,NHII.NH,3933.0
2024/3/29,NHII.NH,3926.1
2024/4/1,NHII.NH,3957.27
2024/4/2,NHII.NH,3964.05
2024/4/3,NHII.NH,3967.66
2024/4/8,NHII.NH,4036.47
2024/4/9,NHII.NH,4075.41
2024/4/10,NHII.NH,4092.82
2024/4/11,NHII.NH,4112.42
2024/4/12,NHII.NH,4136.55
2024/4/15,NHII.NH,4137.74
2024/4/16,NHII.NH,4103.41
2024/4/17,NHII.NH,4149.71
2024/4/18,NHII.NH,4160.37
2024/4/19,NHII.NH,4183.9
2024/4/22,NHII.NH,4164.51
2024/4/23,NHII.NH,4120.46
2024/4/24,NHII.NH,4183.62
2024/4/25,NHII.NH,4193.21
2024/4/26,NHII.NH,4224.84
2024/4/29,NHII.NH,4201.99
2024/4/30,NHII.NH,4196.3
2024/5/6,NHII.NH,4202.72
2024/5/7,NHII.NH,4188.31
2024/5/8,NHII.NH,4133.08
2024/5/9,NHII.NH,4143.64
2024/5/10,NHII.NH,4163.25
2024/5/13,NHII.NH,4164.42
2024/5/14,NHII.NH,4142.88
2024/5/15,NHII.NH,4135.11
2024/5/16,NHII.NH,4180.08
2024/5/17,NHII.NH,4244.06
2024/5/20,NHII.NH,4296.31
2024/5/21,NHII.NH,4288.06
2024/5/22,NHII.NH,4308.9
2024/5/23,NHII.NH,4246.74
2024/5/24,NHII.NH,4271.88
2024/5/27,NHII.NH,4272.78
2024/5/28,NHII.NH,4273.32
2024/5/29,NHII.NH,4323.97
2024/5/30,NHII.NH,4270.03
2024/5/31,NHII.NH,4236.34
2024/6/3,NHII.NH,4160.63
2024/6/4,NHII.NH,4121.86
2024/6/5,NHII.NH,4084.47
2024/6/6,NHII.NH,4125.81
2024/6/7,NHII.NH,4139.71
2024/6/11,NHII.NH,4101.17
2024/6/12,NHII.NH,4124.7
2024/6/13,NHII.NH,4113.36
2024/6/14,NHII.NH,4117.89
2024/6/17,NHII.NH,4066.13
2024/6/18,NHII.NH,4079.71
2024/6/19,NHII.NH,4108.77
2024/6/20,NHII.NH,4118.57
2024/6/21,NHII.NH,4088.2
2024/6/24,NHII.NH,4059.8
2024/6/25,NHII.NH,4085.03
2024/6/26,NHII.NH,4108.56
2024/6/27,NHII.NH,4077.05
2024/6/28,NHII.NH,4120.2
2024/7/1,NHII.NH,4137.55
2024/7/2,NHII.NH,4166.71
2024/7/3,NHII.NH,4203.48
2024/7/4,NHII.NH,4184.87
2024/7/5,NHII.NH,4145.42
2024/7/8,NHII.NH,4103.08
2024/7/9,NHII.NH,4114.32
2024/7/10,NHII.NH,4048.88
2024/7/11,NHII.NH,4089.9
2024/7/12,NHII.NH,4082.15
2024/7/15,NHII.NH,4078.06
2024/7/16,NHII.NH,4061.31
2024/7/17,NHII.NH,4018.34
2024/7/18,NHII.NH,4040.09
2024/7/19,NHII.NH,3998.97
2024/7/22,NHII.NH,3952.71
2024/7/23,NHII.NH,3904.05
2024/7/24,NHII.NH,3910.27
2024/7/25,NHII.NH,3852.85
2024/7/26,NHII.NH,3891.76
2024/7/29,NHII.NH,3872.68
2024/7/30,NHII.NH,3810.36
2024/7/31,NHII.NH,3865.4
2024/8/1,NHII.NH,3890.24
2024/8/2,NHII.NH,3887.61
2024/8/5,NHII.NH,3804.34
2024/8/6,NHII.NH,3773.25
2024/8/7,NHII.NH,3767.79
2024/8/8,NHII.NH,3747.83
2024/8/9,NHII.NH,3790.96
2024/8/12,NHII.NH,3780.64
2024/8/13,NHII.NH,3773.57
2024/8/14,NHII.NH,3719.8
2024/8/15,NHII.NH,3719.51
2024/8/16,NHII.NH,3725.17
2024/8/19,NHII.NH,3731.85
2024/8/20,NHII.NH,3723.69
2024/8/21,NHII.NH,3775.23
2024/8/22,NHII.NH,3720.7
2024/8/23,NHII.NH,3716.66
2024/8/26,NHII.NH,3803.06
2024/8/27,NHII.NH,3825.37
2024/8/28,NHII.NH,3800.67
2024/8/29,NHII.NH,3791.11
2024/8/30,NHII.NH,3797.05
2024/9/2,NHII.NH,3692.34
2024/9/3,NHII.NH,3677.5
2024/9/4,NHII.NH,3587.39
2024/9/5,NHII.NH,3552.23
2024/9/6,NHII.NH,3564.6
2024/9/9,NHII.NH,3543.3
2024/9/10,NHII.NH,3512.66
2024/9/11,NHII.NH,3543.74
2024/9/12,NHII.NH,3584.56
2024/9/13,NHII.NH,3576.86
2024/9/18,NHII.NH,3569.94
2024/9/19,NHII.NH,3632.05
2024/9/20,NHII.NH,3607.79
2024/9/23,NHII.NH,3566.0
2024/9/24,NHII.NH,3668.01
2024/9/25,NHII.NH,3697.17
2024/9/26,NHII.NH,3711.55
2024/9/27,NHII.NH,3766.92
2024/9/30,NHII.NH,3931.59
2024/10/8,NHII.NH,3922.55
2024/10/9,NHII.NH,3891.67
2024/10/10,NHII.NH,3852.6
2024/10/11,NHII.NH,3908.81
2024/10/14,NHII.NH,3924.54
2024/10/15,NHII.NH,3878.91
2024/10/16,NHII.NH,3852.95
2024/10/17,NHII.NH,3751.49
2024/10/18,NHII.NH,3800.28
2024/10/21,NHII.NH,3799.64
2024/10/22,NHII.NH,3801.53
2024/10/23,NHII.NH,3800.29
2024/10/24,NHII.NH,3826.71
2024/10/25,NHII.NH,3816.15
2024/10/28,NHII.NH,3839.5
2024/10/29,NHII.NH,3782.16
2024/10/30,NHII.NH,3807.74
2024/10/31,NHII.NH,3815.0
2024/11/1,NHII.NH,3809.03
2024/11/4,NHII.NH,3827.56
2024/11/5,NHII.NH,3850.18
2024/11/6,NHII.NH,3815.89
2024/11/7,NHII.NH,3871.41
2024/11/8,NHII.NH,3848.42
2024/11/11,NHII.NH,3806.98
2024/11/12,NHII.NH,3773.96
2024/11/13,NHII.NH,3772.43
2024/11/14,NHII.NH,3739.76
2024/11/15,NHII.NH,3708.14
2024/11/18,NHII.NH,3727.05
2024/11/19,NHII.NH,3772.52
2024/11/20,NHII.NH,3779.31
2024/11/21,NHII.NH,3795.04
2024/11/22,NHII.NH,3771.03
2024/11/25,NHII.NH,3788.49
2024/11/26,NHII.NH,3775.6
2024/11/27,NHII.NH,3783.96
2024/11/28,NHII.NH,3763.95
2024/11/29,NHII.NH,3783.5
2024/12/2,NHII.NH,3793.81
2024/12/3,NHII.NH,3799.99
2024/12/4,NHII.NH,3802.86
2024/12/5,NHII.NH,3755.06
2024/12/6,NHII.NH,3752.59
2024/12/9,NHII.NH,3750.73
2024/12/10,NHII.NH,3781.75
2024/12/11,NHII.NH,3803.18
2024/12/12,NHII.NH,3839.5
2024/12/13,NHII.NH,3803.51
2024/12/16,NHII.NH,3803.2
2024/12/17,NHII.NH,3789.8
2024/12/18,NHII.NH,3746.08
2024/12/19,NHII.NH,3742.59
2024/12/20,NHII.NH,3727.93
2024/12/23,NHII.NH,3751.39
2024/12/24,NHII.NH,3761.17
2024/12/25,NHII.NH,3762.08
2024/12/26,NHII.NH,3755.14
2024/12/27,NHII.NH,3729.43
2024/12/30,NHII.NH,3761.79
2024/12/31,NHII.NH,3777.47
2025/1/2,NHII.NH,3781.19
2025/1/3,NHII.NH,3750.87
2025/1/6,NHII.NH,3738.88
2025/1/7,NHII.NH,3730.17
2025/1/8,NHII.NH,3731.95
2025/1/9,NHII.NH,3743.6
2025/1/10,NHII.NH,3753.64
2025/1/13,NHII.NH,3846.56
2025/1/14,NHII.NH,3857.39
2025/1/15,NHII.NH,3874.98
2025/1/16,NHII.NH,3924.46
2025/1/17,NHII.NH,3937.16
2025/1/20,NHII.NH,3893.87
2025/1/21,NHII.NH,3902.62
2025/1/22,NHII.NH,3885.95
2025/1/23,NHII.NH,3856.68
2025/1/24,NHII.NH,3868.72
2025/1/27,NHII.NH,3861.58
2025/2/5,NHII.NH,3835.68
2025/2/6,NHII.NH,3861.22
2025/2/7,NHII.NH,3889.91
2025/2/10,NHII.NH,3894.69
2025/2/11,NHII.NH,3877.34
2025/2/12,NHII.NH,3891.1
2025/2/13,NHII.NH,3822.75
2025/2/14,NHII.NH,3840.56
2025/2/17,NHII.NH,3832.84
2025/2/18,NHII.NH,3846.47
2025/2/19,NHII.NH,3850.35
2025/2/20,NHII.NH,3885.01
2025/2/21,NHII.NH,3867.52
2025/2/24,NHII.NH,3835.39
2025/2/25,NHII.NH,3803.25
2025/2/26,NHII.NH,3787.54
2025/2/27,NHII.NH,3793.88
2025/2/28,NHII.NH,3799.86
2025/3/3,NHII.NH,3787.61
2025/3/4,NHII.NH,3747.23
2025/3/5,NHII.NH,3719.94
2025/3/6,NHII.NH,3720.62
2025/3/7,NHII.NH,3722.62
2025/3/10,NHII.NH,3718.3
2025/3/11,NHII.NH,3710.36
2025/3/12,NHII.NH,3709.82
2025/3/13,NHII.NH,3736.47
2025/3/14,NHII.NH,3763.92
2025/3/17,NHII.NH,3744.94
2025/3/18,NHII.NH,3725.21
2025/3/19,NHII.NH,3699.95
2025/3/20,NHII.NH,3724.68
2025/3/21,NHII.NH,3713.34
2025/3/24,NHII.NH,3765.82
2025/3/25,NHII.NH,3766.58
2025/3/26,NHII.NH,3774.09
2025/3/27,NHII.NH,3781.51
2025/3/28,NHII.NH,3761.81
2025/3/31,NHII.NH,3719.05
2025/4/1,NHII.NH,3781.19
2025/4/2,NHII.NH,3772.25
2025/4/3,NHII.NH,3727.58
2025/4/7,NHII.NH,3562.68
2025/4/8,NHII.NH,3480.83
2025/4/9,NHII.NH,3410.15
2025/4/10,NHII.NH,3513.3
2025/4/11,NHII.NH,3501.54
2025/4/14,NHII.NH,3512.31
2025/4/15,NHII.NH,3507.56
2025/4/16,NHII.NH,3469.95
2025/4/17,NHII.NH,3498.22
2025/4/18,NHII.NH,3501.22
2025/4/21,NHII.NH,3529.84
2025/4/22,NHII.NH,3507.34
2025/4/23,NHII.NH,3572.68
2025/4/24,NHII.NH,3544.03
2025/4/25,NHII.NH,3539.28
2025/4/28,NHII.NH,3546.91
2025/4/29,NHII.NH,3513.5
2025/4/30,NHII.NH,3478.21
2025/5/6,NHII.NH,3445.43
2025/5/7,NHII.NH,3470.47
2025/5/8,NHII.NH,3438.11
2025/5/9,NHII.NH,3446.32
2025/5/12,NHII.NH,3512.72
2025/5/13,NHII.NH,3498.53
2025/5/14,NHII.NH,3571.21
2025/5/15,NHII.NH,3525.32
2025/5/16,NHII.NH,3493.78
2025/5/19,NHII.NH,3496.62
2025/5/20,NHII.NH,3490.98
2025/5/21,NHII.NH,3510.81
2025/5/22,NHII.NH,3476.36
2025/5/23,NHII.NH,3452.21
2025/5/26,NHII.NH,3453.38
2025/5/27,NHII.NH,3434.97
2025/5/28,NHII.NH,3401.53
2025/5/29,NHII.NH,3436.82
2025/5/30,NHII.NH,3383.03
2025/6/3,NHII.NH,3385.02
2025/6/4,NHII.NH,3439.76
2025/6/5,NHII.NH,3409.91
2025/6/6,NHII.NH,3431.2
2025/6/9,NHII.NH,3437.64
2025/6/10,NHII.NH,3443.7
2025/6/11,NHII.NH,3455.16
2025/6/12,NHII.NH,3455.78
2025/6/13,NHII.NH,3507.97
2025/6/16,NHII.NH,3540.76
2025/6/17,NHII.NH,3522.01
2025/6/18,NHII.NH,3578.23
2025/6/19,NHII.NH,3604.74
2025/6/20,NHII.NH,3593.71
2025/6/23,NHII.NH,3610.13
2025/6/24,NHII.NH,3510.37
2025/6/25,NHII.NH,3508.53
2025/6/26,NHII.NH,3518.77
2025/6/27,NHII.NH,3533.86
2025/6/30,NHII.NH,3523.57
2025/7/1,NHII.NH,3519.01
2025/7/2,NHII.NH,3560.57
2025/7/3,NHII.NH,3570.98
2025/7/4,NHII.NH,3557.51
2025/7/7,NHII.NH,3543.08
2025/7/8,NHII.NH,3560.35
2025/7/9,NHII.NH,3574.6
2025/7/10,NHII.NH,3630.72
2025/7/11,NHII.NH,3612.73
2025/7/14,NHII.NH,3633.84
2025/7/15,NHII.NH,3604.43
2025/7/16,NHII.NH,3604.32
2025/7/17,NHII.NH,3617.37
2025/7/18,NHII.NH,3640.04
2025/7/21,NHII.NH,3722.07
2025/7/22,NHII.NH,3774.48
2025/7/23,NHII.NH,3744.51
2025/7/24,NHII.NH,3793.68
2025/7/25,NHII.NH,3823.66
2025/7/28,NHII.NH,3709.04
2025/7/29,NHII.NH,3744.06
2025/7/30,NHII.NH,3758.81
2025/7/31,NHII.NH,3694.96
2025/8/1,NHII.NH,3680.14
2025/8/4,NHII.NH,3668.63
2025/8/5,NHII.NH,3679.36
2025/8/6,NHII.NH,3679.31
2025/8/7,NHII.NH,3672.25
2025/8/8,NHII.NH,3644.95
2025/8/11,NHII.NH,3672.16
2025/8/12,NHII.NH,3713.92
2025/8/13,NHII.NH,3683.1
2025/8/14,NHII.NH,3650.38
2025/8/15,NHII.NH,3658.04
2025/8/18,NHII.NH,3640.41
2025/8/19,NHII.NH,3621.82
2025/8/20,NHII.NH,3610.11
2025/8/21,NHII.NH,3621.21
2025/8/22,NHII.NH,3630.95
2025/8/25,NHII.NH,3665.33
2025/8/26,NHII.NH,3638.62
2025/8/27,NHII.NH,3611.26
2025/8/28,NHII.NH,3621.35
2025/8/29,NHII.NH,3614.83
2025/9/1,NHII.NH,3591.67
2025/9/2,NHII.NH,3601.21
2025/9/3,NHII.NH,3602.48
2025/9/4,NHII.NH,3583.12
2025/9/5,NHII.NH,3612.46
2025/9/8,NHII.NH,3610.53
2025/9/9,NHII.NH,3593.15
2025/9/10,NHII.NH,3604.42
2025/9/11,NHII.NH,3609.51
2025/9/12,NHII.NH,3596.01
2025/9/15,NHII.NH,3634.79
2025/9/16,NHII.NH,3660.71
2025/9/17,NHII.NH,3664.1
2025/9/18,NHII.NH,3622.29
2025/9/19,NHII.NH,3630.65
2025/9/22,NHII.NH,3618.48
2025/9/23,NHII.NH,3583.16
2025/9/24,NHII.NH,3619.32
2025/9/25,NHII.NH,3658.15
2025/9/26,NHII.NH,3626.85
2025/9/29,NHII.NH,3610.89
2025/9/30,NHII.NH,3573.84
2025/10/9,NHII.NH,3596.46
2025/10/10,NHII.NH,3573.12
2025/10/13,NHII.NH,3546.48
2025/10/14,NHII.NH,3508.62
2025/10/15,NHII.NH,3502.24
2025/10/16,NHII.NH,3509.05
2025/10/17,NHII.NH,3466.89
2025/10/20,NHII.NH,3478.1
2025/10/21,NHII.NH,3483.7
2025/10/22,NHII.NH,3514.73
2025/10/23,NHII.NH,3555.56
2025/10/24,NHII.NH,3562.25
2025/10/27,NHII.NH,3595.45
2025/10/28,NHII.NH,3570.13
2025/10/29,NHII.NH,3606.61
2025/10/30,NHII.NH,3572.89
2025/10/31,NHII.NH,3556.67
2025/11/3,NHII.NH,3565.86
2025/11/4,NHII.NH,3534.2
2025/11/5,NHII.NH,3533.38
2025/11/6,NHII.NH,3546.5
2025/11/7,NHII.NH,3531.08
2025/11/10,NHII.NH,3543.72
2025/11/11,NHII.NH,3521.79
2025/11/12,NHII.NH,3545.02
2025/11/13,NHII.NH,3534.28
2025/11/14,NHII.NH,3523.03
2025/11/17,NHII.NH,3531.97
2025/11/18,NHII.NH,3505.01
2025/11/19,NHII.NH,3509.36
2025/11/20,NHII.NH,3479.64
2025/11/21,NHII.NH,3456.21
2025/11/24,NHII.NH,3480.25
2025/11/25,NHII.NH,3482.63
2025/11/26,NHII.NH,3478.0
2025/11/27,NHII.NH,3481.81
2025/11/28,NHII.NH,3499.25
2025/12/1,NHII.NH,3526.23
2025/12/2,NHII.NH,3525.18
2025/12/3,NHII.NH,3509.24
2025/12/4,NHII.NH,3523.97
2025/12/5,NHII.NH,3511.97
2025/12/8,NHII.NH,3509.33
2025/12/9,NHII.NH,3453.72
2025/12/10,NHII.NH,3458.08
2025/12/11,NHII.NH,3434.53
2025/12/12,NHII.NH,3427.15
2025/12/15,NHII.NH,3436.31
2025/12/16,NHII.NH,3420.43
2025/12/17,NHII.NH,3430.24
2025/12/18,NHII.NH,3463.38
2025/12/19,NHII.NH,3460.46
2025/12/22,NHII.NH,3493.62
2025/12/23,NHII.NH,3507.98
2025/12/24,NHII.NH,3543.43
2025/12/25,NHII.NH,3533.48
2025/12/26,NHII.NH,3558.94
2025/12/29,NHII.NH,3534.24
2025/12/30,NHII.NH,3561.07
2025/12/31,NHII.NH,3549.74
2026/1/5,NHII.NH,3544.39
2026/1/6,NHII.NH,3609.73
2026/1/7,NHII.NH,3657.23
2026/1/8,NHII.NH,3603.79
2026/1/9,NHII.NH,3635.84
2026/1/12,NHII.NH,3674.29
2026/1/13,NHII.NH,3651.95
2026/1/14,NHII.NH,3680.51
2026/1/15,NHII.NH,3672.4
2026/1/16,NHII.NH,3621.64
2026/1/19,NHII.NH,3604.8
2026/1/20,NHII.NH,3586.63
2026/1/21,NHII.NH,3596.59
2026/1/22,NHII.NH,3624.02
2026/1/23,NHII.NH,3660.83
2026/1/26,NHII.NH,3689.42
2026/1/27,NHII.NH,3660.54
2026/1/28,NHII.NH,3705.54
2026/1/29,NHII.NH,3773.37
2026/1/30,NHII.NH,3710.33
2026/2/2,NHII.NH,3594.36
2026/2/3,NHII.NH,3644.59
2026/2/4,NHII.NH,3702.57
2026/2/5,NHII.NH,3644.42
2026/2/6,NHII.NH,3623.58
2026/2/9,NHII.NH,3634.91
2026/2/10,NHII.NH,3645.09
2026/2/11,NHII.NH,3667.91
2026/2/12,NHII.NH,3659.21
2026/2/13,NHII.NH,3605.09
2026/2/24,NHII.NH,3679.15
2026/2/25,NHII.NH,3709.95
2026/2/26,NHII.NH,3683.23
2026/2/27,NHII.NH,3694.04
2026/3/2,NHII.NH,3783.93
2026/3/3,NHII.NH,3851.6
2026/3/4,NHII.NH,3928.64
2026/3/5,NHII.NH,3940.49
2026/3/6,NHII.NH,4005.41
2026/3/9,NHII.NH,4179.67
2026/3/10,NHII.NH,4058.3
2026/3/11,NHII.NH,4106.95
2026/3/12,NHII.NH,4204.8
2026/3/13,NHII.NH,4257.28
