备案号,产品名称,管理人,建议一级,建议二级,建议三级,信心,建议依据,现有团队策略,现有平台策略,同系列已分类产品,是否接受,备注
STE226,阿巴马瑞雪丰年量化精选私募证券投资基金,珠海阿巴马私募基金投资管理有限公司,股票多头,指数增强,500指增,高,团队数据已有团队策略,股票多头 / 指数增强 / 500指增,股票多头 / 500指增,阿巴马瑞雪丰年量化精选=股票多头/指数增强/500指增,,
SX9349,艾悉财赋1号私募证券投资基金,上海艾悉私募基金管理有限公司,股票多头,指数增强,"500指增,量价,中频",高,团队数据已有团队策略,"股票多头 / 指数增强 / 500指增,量价,中频","股票多头 / 500指增 / 中频,量价","艾悉财赋1号=股票多头/指数增强/500指增,量价,中频；艾悉财赋6号=股票多头/指数增强/1000指增",,
SVC512,艾悉财赋6号私募证券投资基金,上海艾悉私募基金管理有限公司,股票多头,指数增强,1000指增,高,团队数据已有团队策略,股票多头 / 指数增强 / 1000指增,"股票多头 / 1000指增 / 中频,量价","艾悉财赋6号=股票多头/指数增强/1000指增；艾悉财赋1号=股票多头/指数增强/500指增,量价,中频",,
SCN157,爱凡哲多策略海纳16号私募证券投资基金,爱凡哲投资管理有限公司,套利策略,期货套利,跨品种套利,高,团队数据已有团队策略,套利策略 / 期货套利 / 跨品种套利,,,,
SAWA74,爱凡哲元气一号私募证券投资基金,爱凡哲投资管理有限公司,期货策略,,,高,团队数据已有团队策略,期货策略,期货策略,爱凡哲元气一号=期货策略,,
SB3994,瑷尔德汇富润禾5号私募证券投资基金,浙江瑷尔德投资管理有限公司,套利策略,,,高,团队数据已有团队策略,套利策略,套利策略,瑷尔德汇富润禾5号=套利策略,,
SZN161,瑷尔德润禾2号私募证券投资基金,浙江瑷尔德投资管理有限公司,套利策略,,,高,团队数据已有团队策略,套利策略,套利策略,瑷尔德润禾2号=套利策略,,
SLQ438,瑷尔德润泽量化6号私募证券投资基金,浙江瑷尔德投资管理有限公司,套利策略,,,高,团队数据已有团队策略,套利策略,套利策略,瑷尔德润泽量化6号=套利策略；瑷尔德润泽量化1号=套利策略；瑷尔德润泽量化20号=套利策略,,
SXH767,安布雷拉天府私募证券投资基金,深圳市前海安布雷拉资产管理有限公司,期货策略,主观期货,交易型,高,团队数据已有团队策略,期货策略 / 主观期货 / 交易型,期货策略 / 主观期货 / 交易型,安布雷拉天府=期货策略/主观期货/交易型,,
SXR467,安诚数盈金福稳健一号私募证券投资基金,浙江安诚数盈投资管理有限公司,期权策略,场内期权,,高,团队数据已有团队策略,期权策略 / 场内期权,期权策略 / 场内期权 / 定价卖波,安诚数盈金福稳健一号=期权策略/场内期权；安诚数盈金福稳健一号B类=期权策略/场内期权/金融卖波,,
SQT138,安贤安选多策略2号私募证券投资基金,北京安贤私募基金管理有限公司,股票多头,指数增强,"300指增,量价,中频",高,团队数据已有团队策略,"股票多头 / 指数增强 / 300指增,量价,中频",股票对冲 / 股票市场中性,"安贤安选多策略2号=股票多头/指数增强/300指增,量价,中频",,
SB6253,安贤CTA2号私募证券投资基金,北京安贤私募基金管理有限公司,期货策略,量化期货,,高,团队数据已有团队策略；产品名含CTA,期货策略 / 量化期货,期货策略 / 量化期货,安贤CTA2号=期货策略/量化期货；安贤CTA2号B类=期货策略/量化期货/中高频,,
SBQU52,安远安心三期私募证券投资基金,北京安远私募基金管理有限公司,股票多头,,,高,团队数据已有团队策略,股票多头,股票多头,安远安心三期=股票多头；安远安心三期B类=股票多头；安远安心三期A类=股票多头,,
SALR11,安远安心一期私募证券投资基金,北京安远私募基金管理有限公司,股票多头,,,高,团队数据已有团队策略,股票多头,股票多头,安远安心一期=股票多头；安远安心一期A类=股票多头；安远安心一期B类=股票多头,,
SGM242,安值福慧量化6号私募证券投资基金,青岛安值投资管理有限公司,期货策略,量化期货,,高,团队数据已有团队策略,期货策略 / 量化期货,期货策略 / 量化期货,安值福慧量化6号=期货策略/量化期货；安值福慧量化1号=股票多头/可转债多头/量化；安值福慧量化5号=股票多头/可转债多头,,
SJK517,安值海天量化3号私募证券投资基金,青岛安值投资管理有限公司,多资产策略,,,高,团队数据已有团队策略,多资产策略,多资产策略 / 复合策略,安值海天量化3号=多资产策略,,
SXA398,安值青峰量化1号私募证券投资基金,青岛安值投资管理有限公司,股票对冲,股票市场中性,,高,团队数据已有团队策略,股票对冲 / 股票市场中性,股票对冲 / 股票市场中性,安值青峰量化1号=股票对冲/股票市场中性,,
SGY853,白鹭鼓浪屿量化多策略一号私募证券投资基金,浙江白鹭资产管理股份有限公司,股票对冲,股票市场中性,,高,团队数据已有团队策略,股票对冲 / 股票市场中性,股票对冲 / 股票市场中性,白鹭鼓浪屿量化多策略一号=股票对冲/股票市场中性,,
SJM897,白鹭量化精选鲲鹏一号私募证券投资基金,浙江白鹭资产管理股份有限公司,股票多头,指数增强,500指增,高,团队数据已有团队策略,股票多头 / 指数增强 / 500指增,股票多头 / 500指增,白鹭量化精选鲲鹏一号=股票多头/指数增强/500指增,,
SXW343,百慧鑫泽2号私募证券投资基金,上海百慧投资管理有限公司,股票多头,主观多头,,高,团队数据已有团队策略,股票多头 / 主观多头,股票多头 / 主观多头,百慧鑫泽2号=股票多头/主观多头,,
STW344,百奕传家五号私募证券投资基金,上海百奕投资管理中心（有限合伙）,股票多头,可转债多头,,高,团队数据已有团队策略,股票多头 / 可转债多头,股票多头 / 可转债多头,百奕传家五号=股票多头/可转债多头,,
SVC719,百奕低波可转债私募证券投资基金,上海百奕投资管理中心（有限合伙）,股票多头,可转债多头,,高,团队数据已有团队策略,股票多头 / 可转债多头,股票多头 / 可转债多头,百奕低波可转债=股票多头/可转债多头；百奕低波可转债A类=股票多头/可转债多头；百奕低波可转债B类=股票多头/可转债多头,,
SXK125,百奕反脆弱一号私募证券投资基金,上海百奕投资管理中心（有限合伙）,股票对冲,股票市场中性,"300中性,量价,高频",高,团队数据已有团队策略,"股票对冲 / 股票市场中性 / 300中性,量价,高频","股票对冲 / 股票市场中性 / 高频,量价,300中性","百奕反脆弱一号=股票对冲/股票市场中性/300中性,量价,高频；百奕反脆弱一号B类=股票对冲/股票市场中性/300中性,量价,高频；百奕反脆弱一号A类=股票对冲/股票市场中性/高频,量价,300中性",,
SBSJ74,百奕小天鹅2号私募证券投资基金,上海百奕投资管理中心（有限合伙）,股票多头,指数增强,"空气指增,量价,高频",高,团队数据已有团队策略,"股票多头 / 指数增强 / 空气指增,量价,高频",股票多头 / 量化选股,"百奕小天鹅2号=股票多头/指数增强/空气指增,量价,高频；百奕小天鹅2号B类=股票多头/指数增强/空气指增,量价,高频；百奕小天鹅1号B类=股票多头；百奕小天鹅1号=股票多头",,
SARM17,柏石银针1号私募证券投资基金,西安柏石私募基金管理有限公司,股票对冲,打板,盘前板,高,团队数据已有团队策略,股票对冲 / 打板 / 盘前板,股票多头,柏石银针1号=股票对冲/打板/盘前板,,
SJ1573,柏泰华盈常青藤套利1号私募证券投资基金,上海柏泰华盈私募基金管理有限公司,期权策略,场内期权,期权套利,高,团队数据已有团队策略；产品名另指向套利策略/,期权策略 / 场内期权 / 期权套利,"期权策略 / 场内期权 / 金融期权,商品期权",柏泰华盈常青藤套利1号=期权策略/场内期权/期权套利；柏泰华盈常青藤套利2号=期权策略/场内期权/期权套利,,
SZX652,柏泰华盈常青藤套利2号私募证券投资基金,上海柏泰华盈私募基金管理有限公司,期权策略,场内期权,期权套利,高,团队数据已有团队策略；产品名另指向套利策略/,期权策略 / 场内期权 / 期权套利,期权策略 / 场内期权,柏泰华盈常青藤套利2号=期权策略/场内期权/期权套利；柏泰华盈常青藤套利1号=期权策略/场内期权/期权套利,,
SAUV26,邦客鼎成精选私募证券投资基金,上海邦客资产管理有限公司,期货策略,主观期货,多板块,高,团队数据已有团队策略,期货策略 / 主观期货 / 多板块,多资产策略 / 复合策略,邦客鼎成精选=期货策略/主观期货/多板块,,
SQA597,宝沣投资量化1号私募证券投资基金,嘉兴宝沣投资管理有限公司,期货策略,量化期货,"股指,中高频",高,团队数据已有团队策略,"期货策略 / 量化期货 / 股指,中高频","期货策略 / 量化期货 / 中高频,股指","宝沣投资量化1号=期货策略/量化期货/股指,中高频；宝沣投资量化4号=期货策略/量化期货/中高频,股指；宝沣投资量化3号=期货策略/量化期货/股指；宝沣投资量化5号=期货策略/量化期货",,
SZE715,宝沣投资量化3号私募证券投资基金,嘉兴宝沣投资管理有限公司,期货策略,量化期货,股指,高,团队数据已有团队策略,期货策略 / 量化期货 / 股指,"期货策略 / 量化期货 / 中高频,股指","宝沣投资量化3号=期货策略/量化期货/股指；宝沣投资量化1号=期货策略/量化期货/股指,中高频；宝沣投资量化4号=期货策略/量化期货/中高频,股指；宝沣投资量化5号=期货策略/量化期货",,
SZE718,宝沣投资量化4号私募证券投资基金,嘉兴宝沣投资管理有限公司,期货策略,量化期货,"中高频,股指",高,团队数据已有团队策略,"期货策略 / 量化期货 / 中高频,股指","期货策略 / 量化期货 / 中高频,股指","宝沣投资量化4号=期货策略/量化期货/中高频,股指；宝沣投资量化1号=期货策略/量化期货/股指,中高频；宝沣投资量化3号=期货策略/量化期货/股指；宝沣投资量化5号=期货策略/量化期货",,
SZE719,宝沣投资量化5号私募证券投资基金,嘉兴宝沣投资管理有限公司,期货策略,量化期货,,高,团队数据已有团队策略,期货策略 / 量化期货,期货策略 / 量化期货,"宝沣投资量化5号=期货策略/量化期货；宝沣投资量化1号=期货策略/量化期货/股指,中高频；宝沣投资量化4号=期货策略/量化期货/中高频,股指；宝沣投资量化3号=期货策略/量化期货/股指",,
SAEW73,宝荟航翔私募证券投资基金,上海宝荟投资管理中心（有限合伙）,股票多头,主观多头,港股,高,团队数据已有团队策略,股票多头 / 主观多头 / 港股,股票多头 / 主观多头 / 港股,宝荟航翔=股票多头/主观多头/港股；宝荟航翔C类=股票多头/主观多头/港股,,
S37262,保银多空稳健1号私募证券投资基金,上海保银私募基金管理有限公司,股票多头,主观多头,,高,团队数据已有团队策略,股票多头 / 主观多头,股票多头 / 主观多头 / 多空混合,保银多空稳健1号=股票多头/主观多头,,
SSG947,抱朴聚融祥和一号私募证券投资基金,深圳抱朴容易私募证券基金管理有限公司,多资产策略,FOF,,高,团队数据已有团队策略,多资产策略 / FOF,股票多头 / 主观多头,抱朴聚融祥和一号=多资产策略/FOF,,
SBFC54,北恒金禾私募证券投资基金,海南北恒私募基金管理中心（有限合伙）,股票多头,主观多头,,高,团队数据已有团队策略,股票多头 / 主观多头,股票多头 / 主观多头,北恒金禾=股票多头/主观多头；北恒金禾A类=股票多头/主观多头,,
SASW80,北京雪球厚雪宏观对冲2号私募证券投资基金,北京雪球私募基金管理有限公司,多资产策略,,,高,团队数据已有团队策略；产品名另指向股票对冲/,多资产策略,多资产策略 / 复合策略,北京雪球厚雪宏观对冲2号=多资产策略,,
SAVH67,倍致灵泰省心享1号私募证券投资基金,杭州倍致私募基金管理有限公司,股票多头,,,高,团队数据已有团队策略,股票多头,股票多头,倍致灵泰省心享1号=股票多头；倍致灵泰省心享1号B类=多资产策略/宏观策略/主观,,
SGS011,毕盛狮远私募证券投资基金,毕盛（上海）投资管理有限公司,股票多头,主观多头,"其他,价值均衡",高,团队数据已有团队策略,"股票多头 / 主观多头 / 其他,价值均衡","股票多头 / 主观多头 / 价值型,均衡型","毕盛狮远=股票多头/主观多头/其他,价值均衡；毕盛狮远C类=股票多头/主观多头；毕盛狮远B类=股票多头/主观多头；毕盛狮远A类=股票多头/主观多头",,
SQC371,秉昊博弈2号私募证券投资基金,上海秉昊私募基金管理有限公司,套利策略,期货套利,商品套利,高,团队数据已有团队策略,套利策略 / 期货套利 / 商品套利,套利策略 / 期货套利 / 商品套利,秉昊博弈2号=套利策略/期货套利/商品套利；秉昊博弈10号=套利策略/期货套利/股指套利,,
SQM553,秉昊均衡配置1号私募证券投资基金,上海秉昊私募基金管理有限公司,期货策略,量化期货,,高,团队数据已有团队策略,期货策略 / 量化期货,期货策略 / 量化期货,秉昊均衡配置1号=期货策略/量化期货,,
SAFZ98,伯兄庆长私募证券投资基金,上海伯兄资产管理中心（有限合伙）,股票多头,,,高,团队数据已有团队策略,股票多头,股票多头,伯兄庆长=股票多头,,
SBFD95,伯兄长安私募证券投资基金,上海伯兄资产管理中心（有限合伙）,股票多头,,,高,团队数据已有团队策略,股票多头,股票多头,伯兄长安=股票多头,,
SZE393,博斐均衡进取一号私募证券投资基金,上海博斐私募基金管理有限公司,期货策略,量化期货,,高,团队数据已有团队策略,期货策略 / 量化期货,期货策略 / 量化期货,博斐均衡进取一号=期货策略/量化期货,,
SB9533,博孚利宝瑞1号私募证券投资基金,厦门博孚利资产管理有限公司,多资产策略,FOF,,高,团队数据已有团队策略,多资产策略 / FOF,组合策略 / FOF,博孚利宝瑞1号=多资产策略/FOF；博孚利宝瑞2号=套利策略/期货套利,,
STS621,博孚利必瑞趣定制FOF2号私募证券投资基金,厦门博孚利资产管理有限公司,多资产策略,FOF,,高,团队数据已有团队策略；产品名含FOF,多资产策略 / FOF,组合策略 / FOF,博孚利必瑞趣定制FOF2号=多资产策略/FOF,,
SCT420,博孚利超强1号私募证券投资基金,厦门博孚利资产管理有限公司,多资产策略,FOF,,高,团队数据已有团队策略,多资产策略 / FOF,组合策略 / FOF,博孚利超强1号=多资产策略/FOF,,
SCY437,博孚利超强2号FOF私募证券投资基金,厦门博孚利资产管理有限公司,多资产策略,FOF,,高,团队数据已有团队策略；产品名含FOF,多资产策略 / FOF,组合策略 / FOF,博孚利超强2号FOF=多资产策略/FOF,,
SB7893,博孚利晨安专享FOF私募证券投资基金,厦门博孚利资产管理有限公司,多资产策略,FOF,,高,团队数据已有团队策略；产品名含FOF,多资产策略 / FOF,组合策略 / FOF,博孚利晨安专享FOF=多资产策略/FOF,,
SB1112,博孚利东方紫霞1号私募证券投资基金,厦门博孚利资产管理有限公司,期货策略,主观期货,农产,高,团队数据已有团队策略,期货策略 / 主观期货 / 农产,期货策略 / 主观期货 / 农产,博孚利东方紫霞1号=期货策略/主观期货/农产,,
SVZ587,博孚利多策略51号私募证券投资基金,厦门博孚利资产管理有限公司,期权策略,场内期权,金融卖波,高,团队数据已有团队策略,期权策略 / 场内期权 / 金融卖波,组合策略 / FOF,博孚利多策略51号=期权策略/场内期权/金融卖波；博孚利多策略80号=期权策略/场内期权/金融卖波；博孚利多策略75号=期权策略/场内期权/期权套利；博孚利多策略60号=套利策略/期货套利/跨期套利,,
STV494,博孚利多策略60号私募证券投资基金,厦门博孚利资产管理有限公司,套利策略,期货套利,跨期套利,高,团队数据已有团队策略,套利策略 / 期货套利 / 跨期套利,组合策略 / FOF,博孚利多策略60号=套利策略/期货套利/跨期套利；博孚利多策略80号=期权策略/场内期权/金融卖波；博孚利多策略51号=期权策略/场内期权/金融卖波；博孚利多策略75号=期权策略/场内期权/期权套利,,
SVX151,博孚利多策略75号私募证券投资基金,厦门博孚利资产管理有限公司,期权策略,场内期权,期权套利,高,团队数据已有团队策略,期权策略 / 场内期权 / 期权套利,套利策略 / 期权套利,博孚利多策略75号=期权策略/场内期权/期权套利；博孚利多策略80号=期权策略/场内期权/金融卖波；博孚利多策略51号=期权策略/场内期权/金融卖波；博孚利多策略60号=套利策略/期货套利/跨期套利,,
SXC534,博孚利多策略80号私募证券投资基金,厦门博孚利资产管理有限公司,期权策略,场内期权,金融卖波,高,团队数据已有团队策略,期权策略 / 场内期权 / 金融卖波,组合策略 / FOF,博孚利多策略80号=期权策略/场内期权/金融卖波；博孚利多策略51号=期权策略/场内期权/金融卖波；博孚利多策略75号=期权策略/场内期权/期权套利；博孚利多策略60号=套利策略/期货套利/跨期套利,,
SQV965,博孚利多策略八号私募证券投资基金,厦门博孚利资产管理有限公司,套利策略,,,高,团队数据已有团队策略,套利策略,股票对冲 / 股票市场中性,博孚利多策略八号=套利策略；博孚利多策略八号A类=套利策略,,
SNM488,博孚利多策略二十八号私募证券投资基金,厦门博孚利资产管理有限公司,期货策略,量化期货,混合,高,团队数据已有团队策略,期货策略 / 量化期货 / 混合,组合策略 / FOF,博孚利多策略二十八号=期货策略/量化期货/混合,,
SXL603,博孚利多策略二十七号私募证券投资基金,厦门博孚利资产管理有限公司,股票对冲,股票T0,,高,团队数据已有团队策略,股票对冲 / 股票T0,组合策略 / FOF,博孚利多策略二十七号=股票对冲/股票T0,,
STZ941,博孚利多策略二十四号私募证券投资基金,厦门博孚利资产管理有限公司,套利策略,期货套利,"跨期套利,股指套利",高,团队数据已有团队策略,"套利策略 / 期货套利 / 跨期套利,股指套利","套利策略 / 期货套利 / 股指套利,跨市场套利","博孚利多策略二十四号=套利策略/期货套利/跨期套利,股指套利",,
SZJ918,博孚利多策略三十二号私募证券投资基金,厦门博孚利资产管理有限公司,套利策略,,,高,团队数据已有团队策略,套利策略,组合策略 / FOF,博孚利多策略三十二号=套利策略,,
STB089,博孚利多策略十二号私募证券投资基金,厦门博孚利资产管理有限公司,多资产策略,FOF,,高,团队数据已有团队策略,多资产策略 / FOF,组合策略 / FOF,博孚利多策略十二号=多资产策略/FOF；博孚利多策略十二号A类=多资产策略/FOF；博孚利多策略十二号B类=多资产策略/FOF,,
SSW768,博孚利多策略十号私募证券投资基金,厦门博孚利资产管理有限公司,套利策略,期货套利,商品套利,高,团队数据已有团队策略,套利策略 / 期货套利 / 商品套利,"套利策略 / 期货套利 / 跨期套利,商品套利,跨市场套利",博孚利多策略十号=套利策略/期货套利/商品套利,,
STB092,博孚利多策略十一号私募证券投资基金,厦门博孚利资产管理有限公司,期货策略,量化期货,混合,高,团队数据已有团队策略,期货策略 / 量化期货 / 混合,期货策略 / 量化期货,博孚利多策略十一号=期货策略/量化期货/混合；博孚利多策略十一号A类=期货策略/量化期货/混合；博孚利多策略十一号B类=期货策略/量化期货/混合,,
SB2965,博孚利多多私募证券投资基金,厦门博孚利资产管理有限公司,多资产策略,FOF,,高,团队数据已有团队策略,多资产策略 / FOF,组合策略 / FOF,博孚利多多=多资产策略/FOF,,
SXC535,博孚利丰盈2号私募证券投资基金,厦门博孚利资产管理有限公司,期权策略,场外期权,其他场外期权,高,团队数据已有团队策略,期权策略 / 场外期权 / 其他场外期权,"股票多头 / 500指增 / 低频,量价","博孚利丰盈2号=期权策略/场外期权/其他场外期权；博孚利丰盈1号=期权策略/场外期权；博孚利丰盈4号=债券策略/债券混合/可转债；博孚利丰盈3号=股票对冲/股票T0/收益互换,手工",,
STT491,博孚利丰盈3号私募证券投资基金,厦门博孚利资产管理有限公司,股票对冲,股票T0,"收益互换,手工",高,团队数据已有团队策略,"股票对冲 / 股票T0 / 收益互换,手工",股票对冲 / 股票T0 / 融券T0,"博孚利丰盈3号=股票对冲/股票T0/收益互换,手工；博孚利丰盈1号=期权策略/场外期权；博孚利丰盈2号=期权策略/场外期权/其他场外期权；博孚利丰盈4号=债券策略/债券混合/可转债",,
SVW750,博孚利丰盈4号私募证券投资基金,厦门博孚利资产管理有限公司,债券策略,债券混合,可转债,高,团队数据已有团队策略,债券策略 / 债券混合 / 可转债,"债券策略 / 信用债 / 城投债,地产债","博孚利丰盈4号=债券策略/债券混合/可转债；博孚利丰盈1号=期权策略/场外期权；博孚利丰盈2号=期权策略/场外期权/其他场外期权；博孚利丰盈3号=股票对冲/股票T0/收益互换,手工",,
SQG422,博孚利富利1号FOF私募证券投资基金,厦门博孚利资产管理有限公司,多资产策略,FOF,,高,团队数据已有团队策略；产品名含FOF,多资产策略 / FOF,组合策略 / FOF,博孚利富利1号FOF=多资产策略/FOF,,
SNA681,博孚利国强3号FOF私募证券投资基金,厦门博孚利资产管理有限公司,多资产策略,FOF,,高,团队数据已有团队策略；产品名含FOF,多资产策略 / FOF,组合策略 / FOF,博孚利国强3号FOF=多资产策略/FOF,,
SSL229,博孚利国强5号FOF私募证券投资基金,厦门博孚利资产管理有限公司,多资产策略,FOF,,高,团队数据已有团队策略；产品名含FOF,多资产策略 / FOF,组合策略 / FOF,博孚利国强5号FOF=多资产策略/FOF；博孚利国强5号FOFB类=多资产策略/FOF；博孚利国强5号FOFA类=多资产策略/FOF,,
SSM420,博孚利国强6号私募证券投资基金,厦门博孚利资产管理有限公司,多资产策略,FOF,,高,团队数据已有团队策略,多资产策略 / FOF,组合策略 / FOF,博孚利国强6号=多资产策略/FOF；博孚利国强6号A类=多资产策略/FOF；博孚利国强6号B类=多资产策略/FOF；博孚利国强1号=多资产策略/FOF,,
SB7848,博孚利涵盈16号私募证券投资基金,厦门博孚利资产管理有限公司,多资产策略,FOF,,高,团队数据已有团队策略,多资产策略 / FOF,组合策略 / FOF,博孚利涵盈16号=多资产策略/FOF；博孚利涵盈19号=多资产策略/FOF；博孚利涵盈3号=多资产策略/FOF；博孚利涵盈8号=期货策略/量化期货/股指；博孚利涵盈9号=多资产策略/FOF；博孚利涵盈17号=多资产策略/FOF；博孚利涵盈6号=多资产策略/FOF；博孚利涵盈18号=套利策略/期货套利,,
STJ324,博孚利涵盈17号私募证券投资基金,厦门博孚利资产管理有限公司,多资产策略,FOF,,高,团队数据已有团队策略,多资产策略 / FOF,组合策略 / FOF,博孚利涵盈17号=多资产策略/FOF；博孚利涵盈19号=多资产策略/FOF；博孚利涵盈16号=多资产策略/FOF；博孚利涵盈3号=多资产策略/FOF；博孚利涵盈8号=期货策略/量化期货/股指；博孚利涵盈9号=多资产策略/FOF；博孚利涵盈6号=多资产策略/FOF；博孚利涵盈18号=套利策略/期货套利,,
SNW175,博孚利涵盈18号私募证券投资基金,厦门博孚利资产管理有限公司,套利策略,期货套利,,高,团队数据已有团队策略,套利策略 / 期货套利,组合策略 / FOF,博孚利涵盈18号=套利策略/期货套利；博孚利涵盈19号=多资产策略/FOF；博孚利涵盈16号=多资产策略/FOF；博孚利涵盈3号=多资产策略/FOF；博孚利涵盈8号=期货策略/量化期货/股指；博孚利涵盈9号=多资产策略/FOF；博孚利涵盈17号=多资产策略/FOF；博孚利涵盈6号=多资产策略/FOF,,
SABQ22,博孚利涵盈19号私募证券投资基金,厦门博孚利资产管理有限公司,多资产策略,FOF,,高,团队数据已有团队策略,多资产策略 / FOF,组合策略 / FOF,博孚利涵盈19号=多资产策略/FOF；博孚利涵盈16号=多资产策略/FOF；博孚利涵盈3号=多资产策略/FOF；博孚利涵盈8号=期货策略/量化期货/股指；博孚利涵盈9号=多资产策略/FOF；博孚利涵盈17号=多资产策略/FOF；博孚利涵盈6号=多资产策略/FOF；博孚利涵盈18号=套利策略/期货套利,,
SXU522,博孚利涵盈3号私募证券投资基金,厦门博孚利资产管理有限公司,多资产策略,FOF,,高,团队数据已有团队策略,多资产策略 / FOF,组合策略 / FOF,博孚利涵盈3号=多资产策略/FOF；博孚利涵盈19号=多资产策略/FOF；博孚利涵盈16号=多资产策略/FOF；博孚利涵盈8号=期货策略/量化期货/股指；博孚利涵盈9号=多资产策略/FOF；博孚利涵盈17号=多资产策略/FOF；博孚利涵盈6号=多资产策略/FOF；博孚利涵盈18号=套利策略/期货套利,,
SSH452,博孚利涵盈6号私募证券投资基金,厦门博孚利资产管理有限公司,多资产策略,FOF,,高,团队数据已有团队策略,多资产策略 / FOF,组合策略 / FOF,博孚利涵盈6号=多资产策略/FOF；博孚利涵盈19号=多资产策略/FOF；博孚利涵盈16号=多资产策略/FOF；博孚利涵盈3号=多资产策略/FOF；博孚利涵盈8号=期货策略/量化期货/股指；博孚利涵盈9号=多资产策略/FOF；博孚利涵盈17号=多资产策略/FOF；博孚利涵盈18号=套利策略/期货套利,,
SVK088,博孚利涵盈9号私募证券投资基金,厦门博孚利资产管理有限公司,多资产策略,FOF,,高,团队数据已有团队策略,多资产策略 / FOF,组合策略 / FOF,博孚利涵盈9号=多资产策略/FOF；博孚利涵盈19号=多资产策略/FOF；博孚利涵盈16号=多资产策略/FOF；博孚利涵盈3号=多资产策略/FOF；博孚利涵盈8号=期货策略/量化期货/股指；博孚利涵盈17号=多资产策略/FOF；博孚利涵盈6号=多资产策略/FOF；博孚利涵盈18号=套利策略/期货套利,,
SZQ582,博孚利恒心基石家族私募证券投资基金,厦门博孚利资产管理有限公司,多资产策略,FOF,,高,团队数据已有团队策略,多资产策略 / FOF,组合策略 / FOF,博孚利恒心基石家族=多资产策略/FOF,,
SXN895,博孚利恒跃1号私募证券投资基金,厦门博孚利资产管理有限公司,多资产策略,FOF,,高,团队数据已有团队策略,多资产策略 / FOF,组合策略 / FOF,博孚利恒跃1号=多资产策略/FOF；博孚利恒跃1号B类=股票对冲/股票多空；博孚利恒跃1号A类=股票对冲/股票多空,,
SABU71,博孚利泓帆1号FOF私募证券投资基金,厦门博孚利资产管理有限公司,多资产策略,FOF,,高,团队数据已有团队策略；产品名含FOF,多资产策略 / FOF,组合策略 / FOF,博孚利泓帆1号FOF=多资产策略/FOF,,
SXP387,博孚利华恩1号私募证券投资基金,厦门博孚利资产管理有限公司,多资产策略,FOF,,高,团队数据已有团队策略,多资产策略 / FOF,组合策略 / FOF,博孚利华恩1号=多资产策略/FOF,,
SGN494,博孚利嘉兴5号私募证券投资基金,厦门博孚利资产管理有限公司,期货策略,主观期货,黑色,高,团队数据已有团队策略,期货策略 / 主观期货 / 黑色,"期货策略 / 主观期货 / 黑色,农产",博孚利嘉兴5号=期货策略/主观期货/黑色,,
SB1695,博孚利嘉兴二号私募证券投资基金,厦门博孚利资产管理有限公司,期货策略,量化期货,股指,高,团队数据已有团队策略,期货策略 / 量化期货 / 股指,期货策略 / 量化期货 / 股指,博孚利多策略三十七号=期货策略/量化期货/股指,,
SXN690,博孚利嘉兴一号私募证券投资基金,厦门博孚利资产管理有限公司,期货策略,主观期货,"黑色,农产",高,团队数据已有团队策略,"期货策略 / 主观期货 / 黑色,农产","期货策略 / 主观期货 / 黑色,农产","博孚利嘉兴一号=期货策略/主观期货/黑色,农产；博孚利嘉兴一号B类=期货策略/主观期货/交易型；博孚利嘉兴一号A类=期货策略/主观期货/交易型",,
S84080,博孚利聚强1号证券投资基金,厦门博孚利资产管理有限公司,多资产策略,FOF,,高,团队数据已有团队策略,多资产策略 / FOF,组合策略 / FOF,博孚利聚强1号=多资产策略/FOF；博孚利聚强1号A类=多资产策略/FOF；博孚利聚强1号B类=多资产策略/FOF,,
SGB353,博孚利凯瑞3号FOF私募证券投资基金,厦门博孚利资产管理有限公司,多资产策略,FOF,,高,团队数据已有团队策略；产品名含FOF,多资产策略 / FOF,组合策略 / FOF,博孚利凯瑞3号FOF=多资产策略/FOF,,
SGE910,博孚利凯玺1号私募证券投资基金,厦门博孚利资产管理有限公司,多资产策略,FOF,,高,团队数据已有团队策略,多资产策略 / FOF,组合策略 / FOF,博孚利凯玺1号=多资产策略/FOF,,
SVS847,博孚利可颂一号FOF私募证券投资基金,厦门博孚利资产管理有限公司,多资产策略,FOF,,高,团队数据已有团队策略；产品名含FOF,多资产策略 / FOF,组合策略 / FOF,博孚利可颂一号FOF=多资产策略/FOF,,
SZJ455,博孚利砺青私募证券投资基金,厦门博孚利资产管理有限公司,期货策略,主观期货,多板块,高,团队数据已有团队策略,期货策略 / 主观期货 / 多板块,组合策略 / FOF,博孚利砺青=期货策略/主观期货/多板块；博孚利砺青B类=期货策略/主观期货/多板块；博孚利砺青A类=期货策略/主观期货/多板块,,
STJ782,博孚利量化掘金1号私募证券投资基金,厦门博孚利资产管理有限公司,多资产策略,FOF,,高,团队数据已有团队策略,多资产策略 / FOF,组合策略 / FOF,博孚利量化掘金1号=多资产策略/FOF；博孚利量化掘金1号A类=多资产策略/FOF；博孚利量化掘金1号B类=多资产策略/FOF,,
SQS159,博孚利麟峰1号私募证券投资基金,厦门博孚利资产管理有限公司,多资产策略,FOF,,高,团队数据已有团队策略,多资产策略 / FOF,组合策略 / FOF,博孚利麟峰1号=多资产策略/FOF,,
SXY980,博孚利鹭岛晋帆私募证券投资基金,厦门博孚利资产管理有限公司,多资产策略,FOF,,高,团队数据已有团队策略,多资产策略 / FOF,组合策略 / FOF,博孚利鹭岛晋帆=多资产策略/FOF,,
SB1698,博孚利洛必达1号私募证券投资基金,厦门博孚利资产管理有限公司,期权策略,场内期权,商品波动率,高,团队数据已有团队策略,期权策略 / 场内期权 / 商品波动率,组合策略 / FOF,博孚利洛必达1号=期权策略/场内期权/商品波动率,,
SZR292,博孚利明远1号私募证券投资基金,厦门博孚利资产管理有限公司,股票对冲,股票市场中性,"量价,高频",高,团队数据已有团队策略,"股票对冲 / 股票市场中性 / 量价,高频",组合策略 / FOF,"博孚利明远1号=股票对冲/股票市场中性/量价,高频",,
SSZ432,博孚利牡丹2号私募证券投资基金,厦门博孚利资产管理有限公司,多资产策略,FOF,,高,团队数据已有团队策略,多资产策略 / FOF,组合策略 / FOF,博孚利牡丹2号=多资产策略/FOF；博孚利牡丹4号=多资产策略/FOF；博孚利牡丹5号=多资产策略/FOF；博孚利牡丹3号=期货策略/主观期货,,
SGC810,博孚利牡丹3号私募证券投资基金,厦门博孚利资产管理有限公司,期货策略,主观期货,,高,团队数据已有团队策略,期货策略 / 主观期货,组合策略 / FOF,博孚利牡丹3号=期货策略/主观期货；博孚利牡丹4号=多资产策略/FOF；博孚利牡丹5号=多资产策略/FOF；博孚利牡丹2号=多资产策略/FOF,,
SZA480,博孚利牡丹4号私募证券投资基金,厦门博孚利资产管理有限公司,多资产策略,FOF,,高,团队数据已有团队策略,多资产策略 / FOF,组合策略 / FOF,博孚利牡丹4号=多资产策略/FOF；博孚利牡丹5号=多资产策略/FOF；博孚利牡丹2号=多资产策略/FOF；博孚利牡丹3号=期货策略/主观期货,,
SXT438,博孚利牡丹5号私募证券投资基金,厦门博孚利资产管理有限公司,多资产策略,FOF,,高,团队数据已有团队策略,多资产策略 / FOF,组合策略 / FOF,博孚利牡丹5号=多资产策略/FOF；博孚利牡丹4号=多资产策略/FOF；博孚利牡丹2号=多资产策略/FOF；博孚利牡丹3号=期货策略/主观期货,,
SXZ016,博孚利年糕一号FOF私募证券投资基金,厦门博孚利资产管理有限公司,多资产策略,FOF,,高,团队数据已有团队策略；产品名含FOF,多资产策略 / FOF,组合策略 / FOF,博孚利年糕一号FOF=多资产策略/FOF,,
SZL348,博孚利诺信一号私募证券投资基金,厦门博孚利资产管理有限公司,多资产策略,FOF,,高,团队数据已有团队策略,多资产策略 / FOF,组合策略 / FOF,博孚利诺信一号=多资产策略/FOF,,
STX270,博孚利启璞私募证券投资基金,厦门博孚利资产管理有限公司,多资产策略,宏观策略,,高,团队数据已有团队策略,多资产策略 / 宏观策略,套利策略 / 期权套利,博孚利启璞=多资产策略/宏观策略,,
SQY724,博孚利钱钱家永续常青壹号私募证券投资基金,厦门博孚利资产管理有限公司,多资产策略,FOF,,高,团队数据已有团队策略,多资产策略 / FOF,组合策略 / FOF,博孚利钱钱家永续常青壹号=多资产策略/FOF,,
SXG593,博孚利青璜3号私募证券投资基金,厦门博孚利资产管理有限公司,期货策略,量化期货,混合,高,团队数据已有团队策略,期货策略 / 量化期货 / 混合,组合策略 / FOF,博孚利青璜3号=期货策略/量化期货/混合；博孚利青璜2号B类=多资产策略/FOF；博孚利青璜3号B类=期货策略/量化期货；博孚利青璜3号A类=期货策略/量化期货；博孚利青璜2号=多资产策略/FOF；博孚利青璜2号A类=多资产策略/FOF,,
SAJT66,博孚利全天候1号私募证券投资基金,厦门博孚利资产管理有限公司,多资产策略,FOF,,高,团队数据已有团队策略,多资产策略 / FOF,组合策略 / FOF,木盛博孚利那平江=多资产策略/FOF,,
SZQ565,博孚利瑞盈多策略6号私募证券投资基金,厦门博孚利资产管理有限公司,期权策略,场内期权,期权套利,高,团队数据已有团队策略,期权策略 / 场内期权 / 期权套利,套利策略 / 期权套利,博孚利瑞盈多策略6号=期权策略/场内期权/期权套利,,
SSX369,博孚利三人行FOF私募证券投资基金,厦门博孚利资产管理有限公司,多资产策略,FOF,,高,团队数据已有团队策略；产品名含FOF,多资产策略 / FOF,组合策略 / FOF,博孚利三人行FOF=多资产策略/FOF,,
SAAW09,博孚利厦门牡丹1号私募证券投资基金,厦门博孚利资产管理有限公司,多资产策略,FOF,,高,团队数据已有团队策略,多资产策略 / FOF,组合策略 / FOF,博孚利厦门牡丹1号=多资产策略/FOF,,
SXB196,博孚利守安FOF私募证券投资基金,厦门博孚利资产管理有限公司,多资产策略,FOF,,高,团队数据已有团队策略；产品名含FOF,多资产策略 / FOF,组合策略 / FOF,博孚利守安FOF=多资产策略/FOF,,
SZV230,博孚利顺达基石家族私募证券投资基金,厦门博孚利资产管理有限公司,多资产策略,FOF,,高,团队数据已有团队策略,多资产策略 / FOF,组合策略 / FOF,博孚利顺达基石家族=多资产策略/FOF,,
SSL258,博孚利颂恩一号私募证券投资基金,厦门博孚利资产管理有限公司,期货策略,主观期货,,高,团队数据已有团队策略,期货策略 / 主观期货,组合策略 / FOF,博孚利颂恩一号=期货策略/主观期货,,
SGG537,博孚利泰亚1号FOF私募证券投资基金,厦门博孚利资产管理有限公司,多资产策略,FOF,,高,团队数据已有团队策略；产品名含FOF,多资产策略 / FOF,组合策略 / FOF,博孚利尊享6号FOF=多资产策略/FOF,,
SB0838,博孚利西海机智对冲一号私募证券投资基金,厦门博孚利资产管理有限公司,期货策略,主观期货,农产,高,团队数据已有团队策略；产品名另指向股票对冲/,期货策略 / 主观期货 / 农产,期货策略 / 主观期货 / 农产,博孚利西海机智对冲一号=期货策略/主观期货/农产,,
SXD115,博孚利小满1号私募证券投资基金,厦门博孚利资产管理有限公司,多资产策略,宏观策略,交易型,高,团队数据已有团队策略,多资产策略 / 宏观策略 / 交易型,期权策略 / 场内期权 / 期权多策略,博孚利小满1号=多资产策略/宏观策略/交易型,,
SXD131,博孚利信新FOF一号私募证券投资基金,厦门博孚利资产管理有限公司,多资产策略,FOF,,高,团队数据已有团队策略；产品名含FOF,多资产策略 / FOF,组合策略 / FOF,博孚利信新FOF一号=多资产策略/FOF；博孚利信新FOF一号B类=多资产策略/FOF；博孚利信新FOF一号A类=多资产策略/FOF,,
SVT112,博孚利星石家族私募证券投资基金,厦门博孚利资产管理有限公司,套利策略,,,高,团队数据已有团队策略,套利策略,组合策略 / FOF,博孚利星石家族=套利策略；博孚利星石家族A类=套利策略；博孚利星石家族B类=套利策略,,
SVR723,博孚利星享FOF私募证券投资基金,厦门博孚利资产管理有限公司,多资产策略,FOF,,高,团队数据已有团队策略；产品名含FOF,多资产策略 / FOF,组合策略 / FOF,博孚利星享FOF=多资产策略/FOF,,
SVM194,博孚利星源二号私募证券投资基金,厦门博孚利资产管理有限公司,多资产策略,FOF,,高,团队数据已有团队策略,多资产策略 / FOF,组合策略 / FOF,博孚利九幺幺定制FOF3号=多资产策略/FOF,,
SSH454,博孚利星源一号私募证券投资基金,厦门博孚利资产管理有限公司,多资产策略,FOF,,高,团队数据已有团队策略,多资产策略 / FOF,组合策略 / FOF,博孚利星源一号=多资产策略/FOF,,
S09355,博孚利玄悟1号私募证券投资基金,厦门博孚利资产管理有限公司,多资产策略,FOF,,高,团队数据已有团队策略,多资产策略 / FOF,组合策略 / FOF,博孚利玄悟1号=多资产策略/FOF,,
SZU331,博孚利衍复指增1号私募证券投资基金,厦门博孚利资产管理有限公司,股票多头,指数增强,,高,团队数据已有团队策略；产品名含指增/指数增强,股票多头 / 指数增强,股票多头 / 500指增,博孚利衍复指增1号=股票多头/指数增强,,
STV136,博孚利玉江郎1号私募证券投资基金,厦门博孚利资产管理有限公司,多资产策略,FOF,,高,团队数据已有团队策略,多资产策略 / FOF,组合策略 / FOF,博孚利玉江郎1号=多资产策略/FOF；博孚利玉江郎1号A类=多资产策略/FOF；博孚利玉江郎1号B类=多资产策略/FOF,,
SAJJ27,博孚利悦享1号私募证券投资基金,厦门博孚利资产管理有限公司,多资产策略,FOF,,高,团队数据已有团队策略,多资产策略 / FOF,组合策略 / FOF,博孚利悦享1号=多资产策略/FOF,,
STM324,博孚利哲理私募证券投资基金,厦门博孚利资产管理有限公司,多资产策略,FOF,,高,团队数据已有团队策略,多资产策略 / FOF,组合策略 / FOF,"博孚利哲理=多资产策略/FOF；博孚利哲理A类=多资产策略/FOF；博孚利哲理B类=多资产策略/宏观策略/配置型,海外,量化",,
SLN591,博孚利中衍尊享FOF私募证券投资基金,厦门博孚利资产管理有限公司,多资产策略,FOF,,高,团队数据已有团队策略；产品名含FOF,多资产策略 / FOF,组合策略 / FOF,博孚利中衍尊享FOF=多资产策略/FOF；博孚利中衍尊享FOFB类=多资产策略/FOF；博孚利中衍尊享FOFA类=多资产策略/FOF,,
SAHX43,博孚利专享1号私募证券投资基金,厦门博孚利资产管理有限公司,多资产策略,FOF,,高,团队数据已有团队策略,多资产策略 / FOF,组合策略 / FOF,博孚利专享1号=多资产策略/FOF；博孚利专享2号=多资产策略/FOF；博孚利专享2号C类=多资产策略/FOF；博孚利专享2号A类=多资产策略/FOF；博孚利专享2号B类=多资产策略/FOF,,
SBRW54,博孚利专享2号私募证券投资基金,厦门博孚利资产管理有限公司,多资产策略,FOF,,高,团队数据已有团队策略,多资产策略 / FOF,组合策略 / FOF,博孚利专享2号=多资产策略/FOF；博孚利专享2号C类=多资产策略/FOF；博孚利专享1号=多资产策略/FOF；博孚利专享2号A类=多资产策略/FOF；博孚利专享2号B类=多资产策略/FOF,,
SSZ388,博孚利擢英2号私募证券投资基金,厦门博孚利资产管理有限公司,期货策略,主观期货,多板块,高,团队数据已有团队策略,期货策略 / 主观期货 / 多板块,期货策略 / 主观期货,博孚利擢英2号=期货策略/主观期货/多板块；博孚利擢英B类=期货策略/主观期货；博孚利擢英=期货策略/主观期货/多板块；博孚利擢英A类=期货策略/主观期货,,
STL483,博孚利擢英私募证券投资基金,厦门博孚利资产管理有限公司,期货策略,主观期货,多板块,高,团队数据已有团队策略,期货策略 / 主观期货 / 多板块,期货策略 / 主观期货,博孚利擢英=期货策略/主观期货/多板块；博孚利擢英2号=期货策略/主观期货/多板块；博孚利擢英B类=期货策略/主观期货；博孚利擢英A类=期货策略/主观期货,,
SNH977,博孚利尊享16号FOF私募证券投资基金,厦门博孚利资产管理有限公司,多资产策略,FOF,,高,团队数据已有团队策略；产品名含FOF,多资产策略 / FOF,组合策略 / FOF,博孚利尊享16号FOF=多资产策略/FOF,,
SS6545,博孚利尊享1号FOF私募证券投资基金,厦门博孚利资产管理有限公司,多资产策略,FOF,,高,团队数据已有团队策略；产品名含FOF,多资产策略 / FOF,组合策略 / FOF,博孚利尊享1号FOF=多资产策略/FOF；博孚利尊享1号FOFB类=多资产策略/FOF；博孚利尊享1号FOFA类=多资产策略/FOF,,
SQL931,博孚利尊享21号FOF私募证券投资基金,厦门博孚利资产管理有限公司,多资产策略,FOF,,高,团队数据已有团队策略；产品名含FOF,多资产策略 / FOF,组合策略 / FOF,博孚利尊享21号FOF=多资产策略/FOF；博孚利尊享21号FOFB类=多资产策略/FOF；博孚利尊享21号FOFA类=多资产策略/FOF,,
SQE798,博孚利尊享22号FOF私募证券投资基金,厦门博孚利资产管理有限公司,多资产策略,FOF,,高,团队数据已有团队策略；产品名含FOF,多资产策略 / FOF,组合策略 / FOF,博孚利尊享22号FOF=多资产策略/FOF；博孚利尊享22号FOFA类=多资产策略/FOF；博孚利尊享22号FOFB类=多资产策略/FOF,,
SSD437,博孚利尊享33号FOF私募证券投资基金,厦门博孚利资产管理有限公司,多资产策略,FOF,,高,团队数据已有团队策略；产品名含FOF,多资产策略 / FOF,组合策略 / FOF,博孚利尊享33号FOF=多资产策略/FOF,,
SSD440,博孚利尊享36号FOF私募证券投资基金,厦门博孚利资产管理有限公司,多资产策略,FOF,,高,团队数据已有团队策略；产品名含FOF,多资产策略 / FOF,组合策略 / FOF,博孚利尊享36号FOF=多资产策略/FOF,,
SEV618,博孚利尊享3号FOF私募证券投资基金,厦门博孚利资产管理有限公司,多资产策略,FOF,,高,团队数据已有团队策略；产品名含FOF,多资产策略 / FOF,组合策略 / FOF,博孚利尊享3号FOF=多资产策略/FOF,,
SJW515,博孚利尊享7号FOF私募证券投资基金,厦门博孚利资产管理有限公司,多资产策略,FOF,,高,团队数据已有团队策略；产品名含FOF,多资产策略 / FOF,组合策略 / FOF,博孚利尊享7号FOF=多资产策略/FOF,,
STT879,博孚利尊享85号FOF私募证券投资基金,厦门博孚利资产管理有限公司,多资产策略,FOF,,高,团队数据已有团队策略；产品名含FOF,多资产策略 / FOF,组合策略 / FOF,博孚利尊享85号FOF=多资产策略/FOF,,
SZX647,博孚利尊享93号私募证券投资基金,厦门博孚利资产管理有限公司,多资产策略,FOF,,高,团队数据已有团队策略,多资产策略 / FOF,组合策略 / FOF,博孚利尊享93号=多资产策略/FOF；博孚利尊享61号A类=多资产策略/FOF；博孚利尊享83号=多资产策略/FOF；博孚利尊享76号=期权策略/场外期权；博孚利尊享71号=期权策略/场外期权；博孚利尊享72号=期权策略/场外期权；博孚利尊享70号=期权策略/场外期权；博孚利尊享69号=期权策略/场外期权,,
STN312,博孚利尊享基石1号FOF私募证券投资基金,厦门博孚利资产管理有限公司,多资产策略,FOF,,高,团队数据已有团队策略；产品名含FOF,多资产策略 / FOF,组合策略 / FOF,博孚利尊享基石1号FOF=多资产策略/FOF,,
STB474,博孚利尊享君悦21号私募证券投资基金,厦门博孚利资产管理有限公司,多资产策略,FOF,,高,团队数据已有团队策略,多资产策略 / FOF,组合策略 / FOF,博孚利尊享君悦21号=多资产策略/FOF；博孚利尊享君悦31号=套利策略；博孚利尊享君悦30号=多资产策略/FOF；博孚利尊享君悦22号=多资产策略/FOF；博孚利尊享君悦29号=多资产策略/FOF；博孚利尊享君悦11号=多资产策略/FOF,,
STE250,博孚利尊享君悦30号私募证券投资基金,厦门博孚利资产管理有限公司,多资产策略,FOF,,高,团队数据已有团队策略,多资产策略 / FOF,组合策略 / FOF,博孚利尊享君悦30号=多资产策略/FOF；博孚利尊享君悦31号=套利策略；博孚利尊享君悦22号=多资产策略/FOF；博孚利尊享君悦21号=多资产策略/FOF；博孚利尊享君悦29号=多资产策略/FOF；博孚利尊享君悦11号=多资产策略/FOF,,
SST556,博润稳健量化2号私募证券投资基金,北京博润银泰投资管理有限公司,期权策略,场内期权,期权套利,高,团队数据已有团队策略,期权策略 / 场内期权 / 期权套利,期权策略 / 场内期权,博润稳健量化2号=期权策略/场内期权/期权套利,,
SSK189,博润小牛9号私募证券投资基金,北京博润银泰投资管理有限公司,套利策略,,,高,团队数据已有团队策略,套利策略,套利策略 / 基金套利 / ETF套利,博润小牛9号=套利策略；博润小牛3号=套利策略,,
SEN677,博弈淘股吧5号私募证券投资基金,青岛博弈资产管理有限公司,股票对冲,打板,"主观,盘中板",高,团队数据已有团队策略,"股票对冲 / 打板 / 主观,盘中板",股票多头 / 主观多头,"博弈淘股吧5号=股票对冲/打板/主观,盘中板；博弈淘股吧5号B类=股票对冲/打板/盘前板,主观,盘中板",,
SVY148,不二铭跃二号私募证券投资基金,上海铭跃私募基金管理合伙企业（有限合伙）,期货策略,量化期货,"大厂,中高频",高,团队数据已有团队策略,"期货策略 / 量化期货 / 大厂,中高频",期货策略 / 量化期货 / 中高频,"不二铭跃二号=期货策略/量化期货/大厂,中高频",,
SNB102,不二铭跃一号私募证券投资基金,上海铭跃私募基金管理合伙企业（有限合伙）,期货策略,量化期货,"大厂,中高频",高,团队数据已有团队策略,"期货策略 / 量化期货 / 大厂,中高频",期货策略 / 量化期货 / 中高频,"不二铭跃一号=期货策略/量化期货/大厂,中高频",,
SXK626,常行11号私募证券投资基金,江苏常行投资管理有限公司,套利策略,期货套利,"跨品种套利,股指套利",高,团队数据已有团队策略,"套利策略 / 期货套利 / 跨品种套利,股指套利",期货策略 / 量化期货,"常行11号=套利策略/期货套利/跨品种套利,股指套利",,
SGA156,常行2号私募证券投资基金,江苏常行投资管理有限公司,套利策略,期货套利,,高,团队数据已有团队策略,套利策略 / 期货套利,套利策略 / 期货套利,常行2号=套利策略/期货套利,,
SQH214,常行7号私募证券投资基金,江苏常行投资管理有限公司,套利策略,期货套利,"跨期套利,股指套利",高,团队数据已有团队策略,"套利策略 / 期货套利 / 跨期套利,股指套利","套利策略 / 期货套利 / 跨期套利,股指套利","常行7号=套利策略/期货套利/跨期套利,股指套利",,
SVC963,常行9号私募证券投资基金,江苏常行投资管理有限公司,套利策略,期货套利,"股指套利,高频套利",高,团队数据已有团队策略,"套利策略 / 期货套利 / 股指套利,高频套利",,,,
SLN683,超量子中性1号私募证券投资基金,深圳市超量子私募证券基金管理有限公司,股票对冲,股票市场中性,"量价,中频",高,团队数据已有团队策略；产品名含中性,"股票对冲 / 股票市场中性 / 量价,中频","股票对冲 / 股票市场中性 / 中频,量价","超量子中性1号=股票对冲/股票市场中性/量价,中频",,
ST2886,辰翔虎跃私募基金,上海辰翔私募基金管理有限公司,期货策略,量化期货,,高,团队数据已有团队策略,期货策略 / 量化期货,期货策略 / 量化期货,辰翔虎跃=期货策略/量化期货,,
SNP119,晨乐佳享9号私募证券投资基金,北京晨乐资产管理有限公司,期货策略,量化期货,中高频,高,团队数据已有团队策略,期货策略 / 量化期货 / 中高频,期货策略 / 量化期货 / 中高频,晨乐佳享9号=期货策略/量化期货/中高频,,
SJD678,诚奇对冲精选私募证券投资基金,上海诚奇私募基金管理有限公司,股票对冲,股票市场中性,"500中性,中频",高,团队数据已有团队策略；产品名含对冲,"股票对冲 / 股票市场中性 / 500中性,中频","股票对冲 / 股票市场中性 / 中频,量价,500中性","诚奇对冲精选=股票对冲/股票市场中性/500中性,中频",,
SNY124,诚奇沪深300增强精选1期私募证券投资基金,上海诚奇私募基金管理有限公司,股票多头,指数增强,300指增,高,团队数据已有团队策略；产品名含300指增,股票多头 / 指数增强 / 300指增,股票多头 / 300指增,诚奇沪深300增强精选1期=股票多头/指数增强/300指增,,
SSB595,诚奇浦江CTA1号私募证券投资基金,上海诚奇私募基金管理有限公司,期货策略,量化期货,"大厂,时序",高,团队数据已有团队策略；产品名含CTA,"期货策略 / 量化期货 / 大厂,时序",期货策略 / 量化期货 / 时序,"诚奇浦江CTA1号=期货策略/量化期货/大厂,时序；诚奇浦江CTA1号A类=期货策略/量化期货/大厂,时序",,
STB828,诚奇全市场股票增强1号私募证券投资基金,上海诚奇私募基金管理有限公司,股票多头,指数增强,空气指增,高,团队数据已有团队策略,股票多头 / 指数增强 / 空气指增,股票多头 / 量化选股,诚奇全市场股票增强1号=股票多头/指数增强/空气指增,,
SQH717,诚奇睿盈对冲2号私募证券投资基金,上海诚奇私募基金管理有限公司,股票对冲,股票市场中性,,高,团队数据已有团队策略；产品名含对冲,股票对冲 / 股票市场中性,股票对冲 / 股票市场中性,诚奇睿盈对冲2号=股票对冲/股票市场中性；诚奇睿盈对冲A类=股票对冲/股票市场中性/中频；诚奇睿盈对冲=股票对冲/股票市场中性；诚奇睿盈对冲2号A类=股票对冲/股票市场中性/中频,,
SNR623,诚奇睿盈对冲私募证券投资基金,上海诚奇私募基金管理有限公司,股票对冲,股票市场中性,,高,团队数据已有团队策略；产品名含对冲,股票对冲 / 股票市场中性,股票对冲 / 股票市场中性,诚奇睿盈对冲=股票对冲/股票市场中性；诚奇睿盈对冲A类=股票对冲/股票市场中性/中频；诚奇睿盈对冲2号A类=股票对冲/股票市场中性/中频；诚奇睿盈对冲2号=股票对冲/股票市场中性,,
SSU301,诚奇睿盈优选运作1号私募证券投资基金,上海诚奇私募基金管理有限公司,股票多头,指数增强,空气指增,高,团队数据已有团队策略,股票多头 / 指数增强 / 空气指增,股票多头 / 量化选股,诚奇睿盈优选运作1号=股票多头/指数增强/空气指增；诚奇睿盈优选运作2号=股票多头/指数增强/空气指增；诚奇睿盈优选运作1号A类=股票多头/指数增强/空气指增；诚奇睿盈优选运作2号A类=股票多头/指数增强/低频,,
SALC59,诚奇睿盈优选运作2号私募证券投资基金,上海诚奇私募基金管理有限公司,股票多头,指数增强,空气指增,高,团队数据已有团队策略,股票多头 / 指数增强 / 空气指增,股票多头 / 量化选股,诚奇睿盈优选运作2号=股票多头/指数增强/空气指增；诚奇睿盈优选运作1号=股票多头/指数增强/空气指增；诚奇睿盈优选运作1号A类=股票多头/指数增强/空气指增；诚奇睿盈优选运作2号A类=股票多头/指数增强/低频,,
SXV187,诚奇信悦中证1000指数增强私募证券投资基金,上海诚奇私募基金管理有限公司,股票多头,指数增强,1000指增,高,团队数据已有团队策略；产品名含1000指增,股票多头 / 指数增强 / 1000指增,股票多头 / 1000指增,诚奇信悦中证1000指数增强=股票多头/指数增强/1000指增,,
SLS817,诚奇中证500增强精选1期私募证券投资基金,上海诚奇私募基金管理有限公司,股票多头,指数增强,"500指增,量价,低频",高,团队数据已有团队策略；产品名含500指增,"股票多头 / 指数增强 / 500指增,量价,低频","股票多头 / 500指增 / 低频,量价","诚奇中证500增强精选1期=股票多头/指数增强/500指增,量价,低频",,
SNT078,川砺期权量化三号私募证券投资基金,宁波川砺私募基金管理有限公司,期权策略,场内期权,金融卖波,高,团队数据已有团队策略；产品名含期权,期权策略 / 场内期权 / 金融卖波,"期权策略 / 场内期权 / 金融期权,定价卖波",川砺期权量化三号=期权策略/场内期权/金融卖波,,
SAKT93,川砺稳健八号私募证券投资基金,宁波川砺私募基金管理有限公司,期权策略,场内期权,,高,团队数据已有团队策略,期权策略 / 场内期权,期权策略 / 场内期权 / 金融期权,川砺稳健八号=期权策略/场内期权,,
SX8485,川砺稳健二号私募基金,宁波川砺私募基金管理有限公司,期权策略,场内期权,金融卖波,高,团队数据已有团队策略,期权策略 / 场内期权 / 金融卖波,期权策略 / 场内期权 / 金融期权,川砺稳健二号=期权策略/场内期权/金融卖波,,
SALW04,川砺稳健九号私募证券投资基金,宁波川砺私募基金管理有限公司,期权策略,,,高,团队数据已有团队策略,期权策略,期权策略,川砺稳健九号=期权策略,,
SAEN49,川砺稳健七号私募证券投资基金,宁波川砺私募基金管理有限公司,期权策略,场内期权,,高,团队数据已有团队策略,期权策略 / 场内期权,期权策略 / 场内期权,川砺稳健七号=期权策略/场内期权,,
SB5853,川砺稳健十六号私募证券投资基金,宁波川砺私募基金管理有限公司,期权策略,场内期权,,高,团队数据已有团队策略,期权策略 / 场内期权,期权策略 / 场内期权,川砺稳健十六号=期权策略/场内期权,,
SAJC45,创世纪顾锝群英1号私募证券投资基金,上海顾锝私募基金管理有限公司,股票对冲,打板,"主观,盘中板",高,团队数据已有团队策略,"股票对冲 / 打板 / 主观,盘中板",股票多头 / 主观多头,"创世纪顾锝群英1号=股票对冲/打板/主观,盘中板；创世纪顾锝群英8号A类=股票对冲；创世纪顾锝群英3号=股票对冲/打板/主观,盘中板",,
SALA25,创世纪顾锝群英3号私募证券投资基金,上海顾锝私募基金管理有限公司,股票对冲,打板,"主观,盘中板",高,团队数据已有团队策略,"股票对冲 / 打板 / 主观,盘中板",股票多头 / 主观多头,"创世纪顾锝群英3号=股票对冲/打板/主观,盘中板；创世纪顾锝群英8号A类=股票对冲；创世纪顾锝群英1号=股票对冲/打板/主观,盘中板",,
SANM92,创世纪顾锝屠龙1号私募证券投资基金,上海顾锝私募基金管理有限公司,股票对冲,打板,"主观,盘中板",高,团队数据已有团队策略,"股票对冲 / 打板 / 主观,盘中板","股票对冲 / 择时对冲 / 打板,强势股","创世纪顾锝屠龙1号=股票对冲/打板/主观,盘中板",,
SSU926,绰瑞北岳25号私募证券投资基金,上海绰瑞私募基金管理有限公司,股票多头,,,高,团队数据已有团队策略,股票多头,股票多头 / 量化选股,绰瑞北岳25号=股票多头；绰瑞北岳43号=股票对冲/股票市场中性/多策略；绰瑞北岳28号=股票多头/指数增强/1000指增,,
STA170,绰瑞北岳28号私募证券投资基金,上海绰瑞私募基金管理有限公司,股票多头,指数增强,1000指增,高,团队数据已有团队策略,股票多头 / 指数增强 / 1000指增,股票多头 / 1000指增,绰瑞北岳28号=股票多头/指数增强/1000指增；绰瑞北岳43号=股票对冲/股票市场中性/多策略；绰瑞北岳25号=股票多头,,
STB980,绰瑞汇海9号私募证券投资基金,上海绰瑞私募基金管理有限公司,套利策略,期权套利,,高,团队数据已有团队策略,套利策略 / 期权套利,套利策略 / 期权套利,绰瑞汇海9号=套利策略/期权套利；绰瑞汇海4号=套利策略/期权套利；绰瑞汇海9号A类=套利策略/期权套利；绰瑞汇海22号=期权策略/场内期权,,
SSU357,绰瑞金轮1号私募证券投资基金,上海绰瑞私募基金管理有限公司,股票多头,指数增强,500指增,高,团队数据已有团队策略,股票多头 / 指数增强 / 500指增,股票多头 / 500指增,绰瑞金轮1号=股票多头/指数增强/500指增；绰瑞金轮7号A类=股票对冲/股票市场中性；绰瑞金轮7号=股票对冲/股票市场中性,,
STZ187,绰瑞金轮7号私募证券投资基金,上海绰瑞私募基金管理有限公司,股票对冲,股票市场中性,,高,团队数据已有团队策略,股票对冲 / 股票市场中性,股票对冲 / 股票市场中性,绰瑞金轮7号=股票对冲/股票市场中性；绰瑞金轮1号=股票多头/指数增强/500指增；绰瑞金轮7号A类=股票对冲/股票市场中性,,
SJA156,从石1号私募证券投资基金,杭州从石私募基金管理有限公司,期货策略,主观期货,宏观多策略,高,团队数据已有团队策略,期货策略 / 主观期货 / 宏观多策略,"期货策略 / 主观期货 / 宏观多策略,多板块",从石1号=期货策略/主观期货/宏观多策略,,
SZL374,达奇投资瞬生聚配1号私募证券投资基金,达奇投资管理（深圳）有限公司,股票多头,主观多头,,高,团队数据已有团队策略,股票多头 / 主观多头,股票多头 / 主观多头,达奇投资瞬生聚配1号=股票多头/主观多头,,
SBLE72,大风木盛水长私募证券投资基金,深圳大风资产管理有限公司,期货策略,量化期货,,高,同系列/份额已有团队策略,,,大风木盛水长A类=期货策略/量化期货,,
SXZ639,大风瑞远对冲1号私募证券投资基金,深圳大风资产管理有限公司,期货策略,量化期货,"机器学习,中高频",高,团队数据已有团队策略；产品名另指向股票对冲/,"期货策略 / 量化期货 / 机器学习,中高频","期货策略 / 量化期货 / 中高频,机器学习","大风瑞远对冲1号=期货策略/量化期货/机器学习,中高频",,
SBBR74,大风远恒多策略1号私募证券投资基金,深圳大风资产管理有限公司,多资产策略,,,高,团队数据已有团队策略,多资产策略,多资产策略 / 复合策略,大风远恒多策略1号=多资产策略,,
SBLG41,大风远恒铭扬私募证券投资基金,深圳大风资产管理有限公司,期货策略,量化期货,时序,高,团队数据已有团队策略,期货策略 / 量化期货 / 时序,期货策略 / 量化期货,大风远恒铭扬=期货策略/量化期货/时序,,
SBVA14,大风远恒胜象私募证券投资基金,深圳大风资产管理有限公司,期货策略,量化期货,,高,团队数据已有团队策略,期货策略 / 量化期货,期货策略 / 量化期货 / 时序,大风远恒胜象=期货策略/量化期货,,
SBMD67,大风远恒信享CTA私募证券投资基金,深圳大风资产管理有限公司,期货策略,,,高,团队数据已有团队策略；产品名含CTA,期货策略,期货策略,大风远恒信享CTA=期货策略,,
SGW702,大树-安心盈扬帆8号私募证券投资基金,深圳市大树私募证券基金管理有限公司,期货策略,量化期货,股指,高,团队数据已有团队策略,期货策略 / 量化期货 / 股指,期货策略 / 量化期货 / 股指,大树-安心盈扬帆8号=期货策略/量化期货/股指；大树-安心盈扬帆8号B类=期货策略/量化期货/股指,,
SAVJ39,大树鸿泽FOF私募证券投资基金,深圳市大树私募证券基金管理有限公司,股票多头,可转债多头,,高,团队数据已有团队策略；产品名另指向多资产策略/FOF,股票多头 / 可转债多头,股票多头 / 可转债多头,大树乾元转债聚配1号=股票多头/可转债多头,,产品名指向多资产策略/FOF，与已有团队策略不一致
SAQF79,大树隽清绝对收益聚配1号私募证券投资基金,深圳市大树私募证券基金管理有限公司,股票多头,,,高,团队数据已有团队策略,股票多头,股票多头,大树隽清绝对收益聚配1号=股票多头；大树隽清绝对收益聚配2号A类=股票多头；大树隽清绝对收益聚配2号=股票多头；大树隽清绝对收益聚配1号A类=期货策略/量化期货,,
SARN45,大树隽清绝对收益聚配2号私募证券投资基金,深圳市大树私募证券基金管理有限公司,股票多头,,,高,团队数据已有团队策略,股票多头,股票多头,大树隽清绝对收益聚配2号=股票多头；大树隽清绝对收益聚配2号A类=股票多头；大树隽清绝对收益聚配1号A类=期货策略/量化期货；大树隽清绝对收益聚配1号=股票多头,,
SGR671,大树套利一号私募证券投资基金,广州市大树投资管理有限公司,期权策略,场内期权,期权套利,高,团队数据已有团队策略；产品名另指向套利策略/,期权策略 / 场内期权 / 期权套利,"期权策略 / 场内期权 / 金融期权,定价卖波",大树套利一号=期权策略/场内期权/期权套利,,
SX8685,大岩超越500私募证券投资基金,深圳嘉石大岩私募证券基金管理有限公司,股票多头,指数增强,"500指增,基本面",高,团队数据已有团队策略,"股票多头 / 指数增强 / 500指增,基本面",股票多头 / 500指增,"大岩超越500=股票多头/指数增强/500指增,基本面",,
SGZ277,大岩锐意进取私募证券投资基金,深圳嘉石大岩私募证券基金管理有限公司,股票多头,指数增强,500指增,高,团队数据已有团队策略,股票多头 / 指数增强 / 500指增,股票多头 / 500指增,大岩锐意进取=股票多头/指数增强/500指增,,
SEZ916,大岩市场中性2号私募证券投资基金,深圳嘉石大岩私募证券基金管理有限公司,股票对冲,股票市场中性,基本面,高,团队数据已有团队策略；产品名含中性,股票对冲 / 股票市场中性 / 基本面,股票对冲 / 股票市场中性 / 基本面,大岩市场中性2号=股票对冲/股票市场中性/基本面；大岩市场中性2号B类=股票对冲/股票市场中性/基本面,,
SVC821,刀锋宇川1号私募证券投资基金,深圳市刀锋私募证券基金管理有限公司,股票多头,主观多头,,高,团队数据已有团队策略,股票多头 / 主观多头,股票多头 / 主观多头,刀锋宇川1号=股票多头/主观多头,,
SAHV29,刀锋臻传一期私募证券投资基金,深圳市刀锋私募证券基金管理有限公司,多资产策略,FOF,,高,团队数据已有团队策略,多资产策略 / FOF,组合策略 / FOF,刀锋臻传一期=多资产策略/FOF,,
SBBZ26,刀锋中性阿尔法私募证券投资基金,深圳市刀锋私募证券基金管理有限公司,股票对冲,股票市场中性,低频,高,团队数据已有团队策略,股票对冲 / 股票市场中性 / 低频,股票对冲 / 股票市场中性 / 低频,刀锋中性阿尔法=股票对冲/股票市场中性/低频,,
SXN285,道涥启澄一号私募证券投资基金,上海道涵私募基金管理有限公司,期货策略,主观期货,交易型,高,团队数据已有团队策略,期货策略 / 主观期货 / 交易型,期货策略 / 主观期货 / 交易型,道涥启澄一号=期货策略/主观期货/交易型,,
SVQ253,道泰量合多元资产2号私募证券投资基金,北京道泰量合私募基金管理有限公司,股票对冲,股票市场中性,,高,团队数据已有团队策略,股票对冲 / 股票市场中性,多资产策略 / 复合策略,道泰量合多元资产2号=股票对冲/股票市场中性,,
SLQ924,道微乘风破浪量化进取1号私募证券投资基金,重庆道微投资管理有限公司,期货策略,量化期货,时序,高,团队数据已有团队策略,期货策略 / 量化期货 / 时序,期货策略 / 量化期货 / 时序,道微乘风破浪量化进取1号=期货策略/量化期货/时序,,
SQN384,道微土星5号量化CTA1号私募证券投资基金,重庆道微投资管理有限公司,期货策略,量化期货,混合,高,团队数据已有团队策略；产品名含量化期货/CTA,期货策略 / 量化期货 / 混合,期货策略 / 量化期货 / 混合均衡,道微土星5号量化CTA1号=期货策略/量化期货/混合,,
SZV953,道衍萃亨宏观对冲私募证券投资基金,上海道衍私募基金管理有限公司,多资产策略,宏观策略,,高,团队数据已有团队策略；产品名另指向股票对冲/,多资产策略 / 宏观策略,多资产策略 / 宏观策略,道衍萃亨宏观对冲=多资产策略/宏观策略,,
STJ684,德贝安享私募证券投资基金,上海德贝私募基金管理有限公司,套利策略,,,高,团队数据已有团队策略,套利策略,套利策略,德贝安享=套利策略,,
SBTD53,德贝瑞稳淼九号私募证券投资基金,德贝瑞私募基金管理（北京）有限公司,股票多头,,,高,团队数据已有团队策略,股票多头,股票多头,德贝瑞稳淼九号=股票多头,,
SBNS97,德贝瑞稳淼三号私募证券投资基金,德贝瑞私募基金管理（北京）有限公司,套利策略,期货套利,"跨期套利,股指套利",高,团队数据已有团队策略,"套利策略 / 期货套利 / 跨期套利,股指套利","套利策略 / 期货套利 / 跨期套利,股指套利","德贝瑞稳淼三号=套利策略/期货套利/跨期套利,股指套利",,
SBPK31,德贝瑞稳淼四号私募证券投资基金,德贝瑞私募基金管理（北京）有限公司,套利策略,期货套利,"跨期套利,股指套利",高,团队数据已有团队策略,"套利策略 / 期货套利 / 跨期套利,股指套利","套利策略 / 期货套利 / 跨期套利,股指套利","德贝瑞稳淼四号=套利策略/期货套利/跨期套利,股指套利",,
SBCV22,德贝瑞稳淼一号私募证券投资基金,德贝瑞私募基金管理（北京）有限公司,期权策略,场内期权,期权套利,高,团队数据已有团队策略,期权策略 / 场内期权 / 期权套利,股票多头,德贝瑞稳淼一号=期权策略/场内期权/期权套利,,
SXY015,德贝瑶享1号私募证券投资基金,上海德贝私募基金管理有限公司,期货策略,量化期货,,高,团队数据已有团队策略,期货策略 / 量化期货,期货策略 / 量化期货,德贝瑶享1号=期货策略/量化期货,,
SBAS32,德合科技成长增强一号私募证券投资基金,武汉德合私募基金管理有限公司,股票多头,另类多头,量化,高,团队数据已有团队策略,股票多头 / 另类多头 / 量化,股票多头,德合科技成长增强一号=股票多头/另类多头/量化,,
SAHM87,德乾宏观全天候1号私募证券投资基金,上海德乾私募基金管理有限公司,股票对冲,股票市场中性,1000中性,高,团队数据已有团队策略,股票对冲 / 股票市场中性 / 1000中性,股票对冲 / 股票市场中性,德乾宏观全天候1号=股票对冲/股票市场中性/1000中性,,
SBAC67,滴海私享2号私募证券投资基金,上海滴海私募基金管理中心（有限合伙）,套利策略,,,高,团队数据已有团队策略,套利策略,套利策略 / 基金套利 / ETF套利,滴海私享2号=套利策略,,
SAHZ27,蝶威2000指增私募证券投资基金,上海蝶威私募基金管理有限公司,期货策略,量化期货,"高频,股指",高,团队数据已有团队策略；产品名另指向股票多头/指数增强,"期货策略 / 量化期货 / 高频,股指","期货策略 / 量化期货 / 高频,股指","蝶威2000指增=期货策略/量化期货/高频,股指",,产品名指向股票多头/指数增强，与已有团队策略不一致
SZQ246,蝶威北证增强1号私募证券投资基金,上海蝶威私募基金管理有限公司,股票对冲,股票市场中性,,高,团队数据已有团队策略,股票对冲 / 股票市场中性,股票对冲 / 股票市场中性,蝶威北证增强1号=股票对冲/股票市场中性,,
SXU054,蝶威平衡对冲1号私募证券投资基金,上海蝶威私募基金管理有限公司,股票对冲,股票市场中性,"500中性,另类因子,高频",高,团队数据已有团队策略；产品名含对冲,"股票对冲 / 股票市场中性 / 500中性,另类因子,高频",股票对冲 / 股票市场中性,"蝶威平衡对冲1号=股票对冲/股票市场中性/500中性,另类因子,高频",,
SAHA88,蝶威CTA稳健1号私募证券投资基金,上海蝶威私募基金管理有限公司,期货策略,量化期货,中高频,高,团队数据已有团队策略；产品名含CTA,期货策略 / 量化期货 / 中高频,期货策略 / 量化期货 / 中高频,蝶威CTA稳健1号=期货策略/量化期货/中高频,,
SANG53,鼎一奕星聚配私募证券投资基金,深圳前海鼎一私募证券投资基金管理有限公司,套利策略,期货套利,,高,团队数据已有团队策略,套利策略 / 期货套利,套利策略 / 期货套利,鼎一奕星聚配=套利策略/期货套利,,
SAVJ99,东方慧安1号私募证券投资基金,厦门复兴东方私募基金管理有限公司,股票对冲,股票T0,"底仓T0,手工",高,团队数据已有团队策略,"股票对冲 / 股票T0 / 底仓T0,手工","股票多头 / 股票T0 / 机器T0,底仓T0","东方慧安1号=股票对冲/股票T0/底仓T0,手工",,
SATV42,东方慧投5号私募证券投资基金,厦门复兴东方私募基金管理有限公司,股票多头,另类多头,择时择股,高,团队数据已有团队策略,股票多头 / 另类多头 / 择时择股,股票多头,东方慧投5号=股票多头/另类多头/择时择股；东方慧投2号=多资产策略,,
SGQ947,东恺玛丽嘉私募证券投资基金,上海东恺投资管理有限公司,期货策略,量化期货,"股指,中高频",高,团队数据已有团队策略,"期货策略 / 量化期货 / 股指,中高频","期货策略 / 量化期货 / 中高频,股指","东恺玛丽嘉=期货策略/量化期货/股指,中高频",,
SGE612,东恺祖率中性2号私募证券投资基金,上海东恺投资管理有限公司,股票对冲,股票市场中性,300中性,高,团队数据已有团队策略；产品名含中性,股票对冲 / 股票市场中性 / 300中性,股票对冲 / 股票市场中性,东恺祖率中性2号=股票对冲/股票市场中性/300中性；东恺祖率中性2号A类=股票对冲/股票市场中性；东恺祖率中性2号B类=股票对冲/股票市场中性,,
SBFS89,东源投资丰源1号私募证券投资基金,东源（天津）股权投资基金管理股份有限公司,期权策略,场内期权,商品波动率,高,团队数据已有团队策略,期权策略 / 场内期权 / 商品波动率,期权策略 / 场内期权 / 中性波动率交易,东源投资丰源1号=期权策略/场内期权/商品波动率,,
SZF717,笃熙禀泰安鑫复利增长1号私募证券投资基金,上海笃熙禀泰私募基金管理有限公司,股票多头,主观多头,,高,团队数据已有团队策略,股票多头 / 主观多头,股票多头 / 主观多头,笃熙禀泰安鑫复利增长1号=股票多头/主观多头,,
SQD463,笃熙禀泰多资产轮动策略1号私募证券投资基金,上海笃熙禀泰私募基金管理有限公司,多资产策略,ETF轮动,,高,产品名含轮动,,,,,
SNG210,笃熙禀泰多资产轮动策略2号私募证券投资基金,上海笃熙禀泰私募基金管理有限公司,股票对冲,打板,"量化,盘中板",高,团队数据已有团队策略；产品名另指向多资产策略/ETF轮动,"股票对冲 / 打板 / 量化,盘中板",股票对冲 / 择时对冲 / 打板,"笃熙禀泰文艺复兴16号=股票对冲/打板/量化,盘中板",,产品名指向多资产策略/ETF轮动，与已有团队策略不一致
SQQ300,笃熙禀泰多资产轮动策略3号私募证券投资基金,上海笃熙禀泰私募基金管理有限公司,多资产策略,ETF轮动,,高,产品名含轮动,,,,,
SAXU92,笃熙禀泰文艺复兴12号私募证券投资基金,上海笃熙禀泰私募基金管理有限公司,股票对冲,打板,"强势股,盘中板",高,团队数据已有团队策略,"股票对冲 / 打板 / 强势股,盘中板","股票对冲 / 择时对冲 / 打板,强势股","笃熙禀泰文艺复兴12号=股票对冲/打板/强势股,盘中板；笃熙禀泰文艺复兴6号=股票对冲/股票市场中性/1000中性,高频,量价；笃熙禀泰文艺复兴26号=多资产策略/ETF轮动；笃熙禀泰文艺复兴31号=股票多头/指数增强/空气指增；笃熙禀泰文艺复兴20号=股票对冲/打板/量化,盘中板；笃熙禀泰文艺复兴16号=股票对冲/打板/量化,盘中板",,
SAXS45,笃熙禀泰文艺复兴20号私募证券投资基金,上海笃熙禀泰私募基金管理有限公司,股票对冲,打板,"量化,盘中板",高,团队数据已有团队策略,"股票对冲 / 打板 / 量化,盘中板",套利策略 / 期货套利 / 跨期套利,"笃熙禀泰文艺复兴20号=股票对冲/打板/量化,盘中板；笃熙禀泰文艺复兴6号=股票对冲/股票市场中性/1000中性,高频,量价；笃熙禀泰文艺复兴26号=多资产策略/ETF轮动；笃熙禀泰文艺复兴31号=股票多头/指数增强/空气指增；笃熙禀泰文艺复兴12号=股票对冲/打板/强势股,盘中板；笃熙禀泰文艺复兴16号=股票对冲/打板/量化,盘中板",,
SANK08,笃熙禀泰文艺复兴31号私募证券投资基金,上海笃熙禀泰私募基金管理有限公司,股票多头,指数增强,空气指增,高,团队数据已有团队策略,股票多头 / 指数增强 / 空气指增,,"笃熙禀泰文艺复兴31号=股票多头/指数增强/空气指增；笃熙禀泰文艺复兴6号=股票对冲/股票市场中性/1000中性,高频,量价；笃熙禀泰文艺复兴26号=多资产策略/ETF轮动；笃熙禀泰文艺复兴20号=股票对冲/打板/量化,盘中板；笃熙禀泰文艺复兴12号=股票对冲/打板/强势股,盘中板；笃熙禀泰文艺复兴16号=股票对冲/打板/量化,盘中板",,
SZM314,笃熙禀泰文艺复兴6号私募证券投资基金,上海笃熙禀泰私募基金管理有限公司,股票对冲,股票市场中性,"1000中性,高频,量价",高,团队数据已有团队策略,"股票对冲 / 股票市场中性 / 1000中性,高频,量价",,"笃熙禀泰文艺复兴6号=股票对冲/股票市场中性/1000中性,高频,量价；笃熙禀泰文艺复兴26号=多资产策略/ETF轮动；笃熙禀泰文艺复兴31号=股票多头/指数增强/空气指增；笃熙禀泰文艺复兴20号=股票对冲/打板/量化,盘中板；笃熙禀泰文艺复兴12号=股票对冲/打板/强势股,盘中板；笃熙禀泰文艺复兴16号=股票对冲/打板/量化,盘中板",,
SAVM35,笃熙禀泰渊流1号私募证券投资基金,上海笃熙禀泰私募基金管理有限公司,股票多头,主观多头,交易型,高,团队数据已有团队策略,股票多头 / 主观多头 / 交易型,,笃熙禀泰渊流1号A类=股票多头/主观多头/交易型；笃熙禀泰渊流1号私募证券投资基金A类=股票多头/主观多头/交易型,,
SAQQ96,敦和安心共享1号私募证券投资基金,敦和资产管理有限公司,多资产策略,FOF,,高,团队数据已有团队策略,多资产策略 / FOF,多资产策略 / 复合策略,敦和安心共享1号=多资产策略/FOF,,
SAYZ29,敦和安心远航1号私募证券投资基金,敦和资产管理有限公司,多资产策略,宏观策略,,高,团队数据已有团队策略,多资产策略 / 宏观策略,多资产策略 / 宏观策略,敦和安心远航1号=多资产策略/宏观策略,,
SALD55,敦和芝诺量化CTA1号私募证券投资基金,敦和资产管理有限公司,期货策略,量化期货,"基本面,机器学习",高,团队数据已有团队策略；产品名含量化期货/CTA,"期货策略 / 量化期货 / 基本面,机器学习","期货策略 / 量化期货 / 基本面,机器学习","敦和芝诺量化CTA1号=期货策略/量化期货/基本面,机器学习；敦和芝诺量化CTA1号A类=期货策略",,
SBAC10,敦和芝诺量化CTA专享1号私募证券投资基金,敦和资产管理有限公司,期货策略,量化期货,,高,团队数据已有团队策略；产品名含量化期货/CTA,期货策略,期货策略,"敦和芝诺量化CTA专享1号=期货策略；敦和芝诺量化CTA专享3号=期货策略/量化期货/基本面；敦和芝诺量化CTA专享3号A类=期货策略/量化期货/基本面,机器学习；敦和芝诺量化CTA专享3号B类=期货策略/量化期货/基本面",,
SBGW80,敦和芝诺量化CTA专享3号私募证券投资基金,敦和资产管理有限公司,期货策略,量化期货,基本面,高,团队数据已有团队策略；产品名含量化期货/CTA,期货策略 / 量化期货 / 基本面,期货策略 / 量化期货 / 基本面,"敦和芝诺量化CTA专享3号=期货策略/量化期货/基本面；敦和芝诺量化CTA专享3号A类=期货策略/量化期货/基本面,机器学习；敦和芝诺量化CTA专享3号B类=期货策略/量化期货/基本面；敦和芝诺量化CTA专享1号=期货策略",,
SAPZ59,敦颐亮剑二号私募证券投资基金,上海敦颐资产管理有限公司,股票多头,主观多头,交易型,高,团队数据已有团队策略,股票多头 / 主观多头 / 交易型,,敦颐亮剑二号=股票多头/主观多头/交易型,,
SXT079,二进制千翼腾飞八号私募证券投资基金,深圳市二进制资产管理有限公司,多资产策略,,,高,团队数据已有团队策略,多资产策略,多资产策略 / 复合策略,二进制千翼腾飞八号=多资产策略,,
SNM667,凡二金选中证500指数增强1号私募证券投资基金,茂源量化（海南）私募基金管理合伙企业（有限合伙）,股票多头,指数增强,500指增,高,团队数据已有团队策略；产品名含500指增,股票多头 / 指数增强 / 500指增,股票多头 / 500指增,凡二金选中证500指数增强1号=股票多头/指数增强/500指增,,
STS689,凡二量化沪深300增强1号私募证券投资基金,茂源量化（海南）私募基金管理合伙企业（有限合伙）,股票多头,指数增强,300指增,高,团队数据已有团队策略；产品名含300指增,股票多头 / 指数增强 / 300指增,股票多头 / 300指增,凡二量化沪深300增强1号=股票多头/指数增强/300指增,,
STH545,凡二量化选股3号1期私募证券投资基金,茂源量化（海南）私募基金管理合伙企业（有限合伙）,股票多头,指数增强,空气指增,高,团队数据已有团队策略,股票多头 / 指数增强 / 空气指增,,凡二量化选股3号1期=股票多头/指数增强/空气指增,,
SSW504,凡二量化中证1000增强3号1期私募证券投资基金,茂源量化（海南）私募基金管理合伙企业（有限合伙）,股票多头,指数增强,1000指增,高,团队数据已有团队策略；产品名含1000指增,股票多头 / 指数增强 / 1000指增,,凡二量化中证1000增强3号1期=股票多头/指数增强/1000指增,,
STC238,凡二量化中证500增强16号私募证券投资基金,茂源量化（海南）私募基金管理合伙企业（有限合伙）,股票多头,指数增强,500指增,高,团队数据已有团队策略；产品名含500指增,股票多头 / 指数增强 / 500指增,股票多头 / 500指增,凡二量化中证500增强16号=股票多头/指数增强/500指增,,
SQX646,凡二量化中证500增强4号1期私募证券投资基金,茂源量化（海南）私募基金管理合伙企业（有限合伙）,股票多头,指数增强,500指增,高,团队数据已有团队策略；产品名含500指增,股票多头 / 指数增强 / 500指增,股票多头 / 500指增,凡二量化中证500增强4号1期=股票多头/指数增强/500指增；凡二量化中证500增强4号1期A类=股票多头/指数增强/500指增,,
SJM016,凡二英火5号私募证券投资基金,茂源量化（海南）私募基金管理合伙企业（有限合伙）,股票多头,指数增强,"500指增,量价,高频",高,团队数据已有团队策略,"股票多头 / 指数增强 / 500指增,量价,高频","股票多头 / 500指增 / 高频,量价","凡二英火5号=股票多头/指数增强/500指增,量价,高频；凡二英火11号=多资产策略",,
SCA151,凡哲私募投资基金,爱凡哲投资管理有限公司,套利策略,期货套利,跨品种套利,高,团队数据已有团队策略,套利策略 / 期货套利 / 跨品种套利,套利策略 / 期货套利 / 跨品种套利,凡哲=套利策略/期货套利/跨品种套利,,
SAQH81,泛涵汇富广元2号私募证券投资基金,北京泛涵投资管理有限公司,股票多头,,,高,团队数据已有团队策略,股票多头,股票多头,泛涵汇富广元2号=股票多头,,
SVK134,泛涵泰阳3号私募证券投资基金,北京泛涵投资管理有限公司,套利策略,,,高,团队数据已有团队策略,套利策略,套利策略 / 基金套利 / ETF套利,泛涵泰阳3号=套利策略,,
ST1723,泛涵正元2号私募证券投资基金,北京泛涵投资管理有限公司,套利策略,,,高,团队数据已有团队策略,套利策略,套利策略 / 基金套利 / ETF套利,泛涵正元2号=套利策略,,
SAMM31,方普致远六号私募证券投资基金,珠海横琴方普私募基金管理有限公司,股票多头,,,高,团队数据已有团队策略,股票多头,股票多头,方普致远六号=股票多头,,
SZE926,芬德-环翼量化指增1号私募证券投资基金,深圳芬德资本管理有限公司,股票多头,指数增强,1000指增,高,团队数据已有团队策略；产品名含指增/指数增强,股票多头 / 指数增强 / 1000指增,股票多头 / 1000指增,芬德-环翼量化指增1号=股票多头/指数增强/1000指增；芬德-环翼量化指增1号A类=股票多头/指数增强/1000指增,,
SAZL44,丰泰裕新周期1号私募证券投资基金,深圳市丰泰裕资产管理有限公司,股票多头,主观多头,民间派,高,团队数据已有团队策略,股票多头 / 主观多头 / 民间派,股票多头,丰泰裕新周期1号=股票多头/主观多头/民间派；丰泰裕新周期1号B类=股票多头/主观多头；丰泰裕新周期1号A类=股票多头；丰泰裕新周期1号C类=股票多头,,
SAWH46,沣跃通达云骥1号混合型私募证券投资基金,北京沣跃私募基金管理有限公司,股票多头,另类多头,择时择股,高,团队数据已有团队策略,股票多头 / 另类多头 / 择时择股,股票多头 / 另类多头 / 择时择股,沣跃通达云骥1号混合型=股票多头/另类多头/择时择股,,
SBEN25,沣跃通达云骥7号混合型私募证券投资基金,北京沣跃私募基金管理有限公司,股票多头,另类多头,择时择股,高,团队数据已有团队策略,股票多头 / 另类多头 / 择时择股,股票多头 / 另类多头 / 择时择股,沣跃通达云骥7号混合型=股票多头/另类多头/择时择股,,
SAMF42,沣跃通达致远混合型私募证券投资基金,北京沣跃私募基金管理有限公司,股票多头,,,高,团队数据已有团队策略,股票多头,股票多头,沣跃通达致远混合型=股票多头,,
SBQD34,沣跃稳健1号私募证券投资基金,北京沣跃私募基金管理有限公司,套利策略,期货套利,,高,团队数据已有团队策略,套利策略 / 期货套利,套利策略 / 期货套利,沣跃稳健1号=套利策略/期货套利；沣跃稳健1号B类=套利策略/期货套利,,
SBQG14,峰云汇高地一号私募证券投资基金,深圳峰云汇私募证券基金有限公司,股票多头,指数增强,1000指增,高,同系列/份额已有团队策略,,,峰云汇高地一号私募证券投资基金B类=股票多头/指数增强/1000指增,,
SBVC85,峰云汇高山一号私募证券投资基金,深圳峰云汇私募证券基金有限公司,股票对冲,股票市场中性,高频,高,团队数据已有团队策略,股票对冲 / 股票市场中性 / 高频,,,,
SGD815,锋滔重剑CTA一号私募证券投资基金,上海锋滔资产管理有限公司,期货策略,量化期货,中高频,高,团队数据已有团队策略；产品名含CTA,期货策略 / 量化期货 / 中高频,期货策略 / 量化期货 / 中高频,锋滔重剑CTA一号=期货策略/量化期货/中高频,,
SBEN91,蜂起期权对冲3号私募证券投资基金,珠海蜂起资本私募基金管理有限公司,期权策略,场内期权,,高,团队数据已有团队策略；产品名含期权,期权策略 / 场内期权,期权策略 / 场内期权 / 金融期权,蜂起期权对冲3号=期权策略/场内期权；蜂起期权对冲1号=期权策略/场内期权/金融卖波,,
SBSY91,孚盈至诚1号私募证券投资基金,杭州孚盈投资管理有限公司,期货策略,主观期货,,高,团队数据已有团队策略,期货策略 / 主观期货,期货策略 / 主观期货,孚盈至诚1号=期货策略/主观期货,,
SAVM60,福克斯-蜂鸟科技创新3号私募证券投资基金,深圳市福克斯投资有限公司,股票多头,指数增强,北证50指增,高,团队数据已有团队策略,股票多头 / 指数增强 / 北证50指增,股票多头 / 风格指增,福克斯-蜂鸟科技创新3号=股票多头/指数增强/北证50指增,,
SY2460,福瑞福元壹号私募基金,北京福瑞私募基金管理有限公司,套利策略,,,高,团队数据已有团队策略,套利策略,套利策略 / 基金套利 / ETF套利,福瑞福元壹号=套利策略,,
SSZ107,复熙量化指数增强1号私募证券投资基金,上海复熙资产管理有限公司,股票多头,指数增强,"500指增,量价,中频",高,团队数据已有团队策略；产品名含指增/指数增强,"股票多头 / 指数增强 / 500指增,量价,中频","股票多头 / 500指增 / 中频,量价","复熙量化指数增强1号=股票多头/指数增强/500指增,量价,中频",,
SAAV39,复熙市场中性2号私募证券投资基金,上海复熙资产管理有限公司,股票对冲,股票市场中性,,高,团队数据已有团队策略；产品名含中性,股票对冲 / 股票市场中性,股票对冲 / 股票市场中性,复熙市场中性2号=股票对冲/股票市场中性；复熙市场中性1号=股票对冲/股票市场中性,,
SAYE21,富犇传承二号私募证券投资基金,上海富犇投资管理有限公司,期货策略,,,高,团队数据已有团队策略,期货策略,期货策略,富犇传承二号=期货策略,,
SB8848,富犇前景套利二号私募证券投资基金,上海富犇投资管理有限公司,期权策略,场内期权,商品波动率,高,团队数据已有团队策略；产品名另指向套利策略/,期权策略 / 场内期权 / 商品波动率,期权策略 / 场内期权 / 中性波动率交易,富犇前景套利二号=期权策略/场内期权/商品波动率,,
SADN34,富犇前景套利三号私募证券投资基金,上海富犇投资管理有限公司,期权策略,场内期权,,高,团队数据已有团队策略；产品名另指向套利策略/,期权策略 / 场内期权,期权策略 / 场内期权,富犇前景套利三号=期权策略/场内期权,,
SAAX16,富犇尊享稳进6号私募证券投资基金,上海富犇投资管理有限公司,期权策略,场内期权,商品波动率,高,团队数据已有团队策略,期权策略 / 场内期权 / 商品波动率,期权策略 / 场内期权 / 中性波动率交易,富犇尊享稳进6号=期权策略/场内期权/商品波动率；富犇尊享稳进2号=期权策略/场内期权/商品波动率；富犇尊享稳进1号B类=期权策略/场内期权/商品波动率；富犇尊享稳进1号=期权策略/场内期权/商品波动率；富犇尊享稳进3号=多资产策略；富犇尊享稳进7号=多资产策略,,
SBLS77,富华君怡专享私募证券投资基金,北京富华资信私募基金管理有限公司,股票多头,,,高,团队数据已有团队策略,股票多头,股票多头,富华君怡专享=股票多头,,
SED983,富善投资-沣时1号致远CTA1期私募证券投资基金,上海富善投资有限公司,期货策略,量化期货,混合,高,团队数据已有团队策略；产品名含CTA,期货策略 / 量化期货 / 混合,期货策略 / 量化期货 / 混合均衡,富善投资-沣时1号致远CTA1期=期货策略/量化期货/混合,,
SN4315,富善投资-致远金选5号私募基金,上海富善投资有限公司,期货策略,量化期货,,高,团队数据已有团队策略,期货策略 / 量化期货,期货策略 / 量化期货,富善投资-致远金选5号=期货策略/量化期货,,
SBNG48,富涌谷量化中性2号私募证券投资基金,杭州富涌谷显山资产管理有限公司,股票对冲,股票市场中性,,高,团队数据已有团队策略；产品名含中性,股票对冲,股票对冲,富涌谷量化中性2号=股票对冲,,
SVK789,盖亚青柯红橡中性1号私募证券投资基金,海南盖亚青柯私募基金管理有限公司,股票对冲,股票市场中性,,高,团队数据已有团队策略；产品名含中性,股票对冲 / 股票市场中性,股票对冲 / 股票市场中性,盖亚青柯红橡中性1号=股票对冲/股票市场中性,,
SAXK63,盖亚青柯鑫安1号私募证券投资基金,海南盖亚青柯私募基金管理有限公司,套利策略,期货套利,期现套利,高,团队数据已有团队策略,套利策略 / 期货套利 / 期现套利,套利策略 / 期货套利 / 股指套利,盖亚青柯鑫安1号=套利策略/期货套利/期现套利,,
SXY025,高澈境内外股票多空私募证券投资基金3期母壹,上海高澈投资管理有限公司,股票对冲,股票多空,,高,团队数据已有团队策略；产品名含多空,股票对冲 / 股票多空,股票对冲 / 股票多空,高澈境内外股票多空3期母壹=股票对冲/股票多空,,
SZE483,高维量化精选1号私募证券投资基金,高维私募基金管理（上海）有限公司,多资产策略,,,高,团队数据已有团队策略,多资产策略,多资产策略 / 复合策略,高维量化精选1号=多资产策略,,
SR0184,高维优选配置3号私募证券投资基金,高维私募基金管理（上海）有限公司,股票多头,指数增强,"500指增,量价,中频",高,团队数据已有团队策略,"股票多头 / 指数增强 / 500指增,量价,中频",股票多头 / 主观多头,"高维优选配置3号=股票多头/指数增强/500指增,量价,中频",,
SY4634,格量套利2号私募投资基金,上海格量资产管理有限公司,套利策略,期货套利,"跨期套利,商品套利",高,团队数据已有团队策略；产品名含套利,"套利策略 / 期货套利 / 跨期套利,商品套利","套利策略 / 期货套利 / 跨期套利,商品套利","格量套利2号=套利策略/期货套利/跨期套利,商品套利",,
SVN564,艮岳康柏1号私募证券投资基金,杭州艮岳私募基金管理有限公司,股票多头,可转债多头,,高,团队数据已有团队策略,股票多头 / 可转债多头,股票多头 / 可转债多头,艮岳康柏1号=股票多头/可转债多头,,
SSZ370,艮岳思逸1号私募证券投资基金,杭州艮岳私募基金管理有限公司,套利策略,可转债套利,,高,团队数据已有团队策略,套利策略 / 可转债套利,套利策略 / 可转债套利,艮岳思逸1号=套利策略/可转债套利,,
SLU324,亘曦5号私募证券投资基金,上海亘曦私募基金管理有限公司,股票多头,主观多头,交易型,高,团队数据已有团队策略,股票多头 / 主观多头 / 交易型,股票多头 / 主观多头 / 交易型,亘曦5号=股票多头/主观多头/交易型,,
SXX011,古木期权多维艺术1号私募证券投资基金,上海古木投资管理有限公司,期权策略,场内期权,,高,团队数据已有团队策略；产品名含期权,期权策略 / 场内期权,期权策略 / 场内期权 / 定价卖波,古木期权多维艺术1号=期权策略/场内期权,,
SXN088,古曲祥辰1号私募证券投资基金,上海古曲私募基金管理有限公司,股票多头,主观多头,,高,团队数据已有团队策略,股票多头 / 主观多头,股票多头 / 主观多头,古曲祥辰1号=股票多头/主观多头；古曲祥辰5号=股票多头/主观多头/交易型,,
SXN097,古曲祥辰5号私募证券投资基金,上海古曲私募基金管理有限公司,股票多头,主观多头,交易型,高,团队数据已有团队策略,股票多头 / 主观多头 / 交易型,股票多头 / 主观多头,古曲祥辰5号=股票多头/主观多头/交易型；古曲祥辰1号=股票多头/主观多头,,
SB8877,固柢共享2号私募证券投资基金,杭州深根固柢私募基金管理有限公司,股票对冲,打板,盘前板,高,团队数据已有团队策略,股票对冲 / 打板 / 盘前板,股票多头 / 主观多头,固柢共享2号=股票对冲/打板/盘前板,,
SY8291,光亿旺达麦田稳进1号私募证券投资基金,上海光亿旺达私募基金管理有限公司,多资产策略,,,高,团队数据已有团队策略,多资产策略,多资产策略 / 复合策略,麦田稳进1号=多资产策略,,
STQ243,广金美好玻色云享一号私募证券投资基金,广东横琴广鑫美好私募基金管理有限公司,多资产策略,FOF,,高,团队数据已有团队策略,多资产策略 / FOF,组合策略 / FOF,广金美好玻色云享一号=多资产策略/FOF,,
SACS26,广金美好高林壹号FOF私募证券投资基金,广东横琴广鑫美好私募基金管理有限公司,多资产策略,FOF,,高,团队数据已有团队策略；产品名含FOF,多资产策略 / FOF,组合策略 / FOF,广金美好高林壹号FOF=多资产策略/FOF,,
SARU30,广金美好嘉诺传承9号私募证券投资基金,广东横琴广鑫美好私募基金管理有限公司,多资产策略,,,高,团队数据已有团队策略,多资产策略,组合策略,广金美好嘉诺传承9号=多资产策略,,
SADU68,广金美好康德云享一号私募证券投资基金,广东横琴广鑫美好私募基金管理有限公司,多资产策略,FOF,,高,团队数据已有团队策略,多资产策略 / FOF,组合策略 / FOF,广金美好康德云享一号=多资产策略/FOF,,
SXE093,广金美好温陵1号私募证券投资基金,广东横琴广鑫美好私募基金管理有限公司,多资产策略,FOF,,高,团队数据已有团队策略,多资产策略 / FOF,组合策略 / FOF,广金美好温陵1号=多资产策略/FOF,,
SGY053,广聚星合禾荃1号私募证券投资基金,共青城广聚星合私募基金管理有限公司,期货策略,量化期货,,高,团队数据已有团队策略,期货策略 / 量化期货,期货策略 / 量化期货 / 混合均衡,广聚星合禾荃1号=期货策略/量化期货,,
STW712,广聚星合汇达1号私募证券投资基金,共青城广聚星合私募基金管理有限公司,期货策略,量化期货,中高频,高,团队数据已有团队策略,期货策略 / 量化期货 / 中高频,期货策略 / 量化期货 / 股指,广聚星合汇达1号=期货策略/量化期货/中高频,,
SXG475,广聚星合长风神驹私募证券投资基金,共青城广聚星合私募基金管理有限公司,套利策略,期货套利,,高,团队数据已有团队策略,套利策略 / 期货套利,套利策略 / 期货套利,广聚星合长风神驹=套利策略/期货套利,,
SAEJ80,广联宏流风回雪私募证券投资基金,海南广联宏私募基金管理有限公司,期货策略,主观期货,多板块,高,团队数据已有团队策略,期货策略 / 主观期货 / 多板块,期货策略 / 主观期货,广联宏流风回雪=期货策略/主观期货/多板块,,
SAPD50,广联宏星月神话稳健1号私募证券投资基金,海南广联宏私募基金管理有限公司,期货策略,主观期货,"多板块,交易型",高,团队数据已有团队策略,"期货策略 / 主观期货 / 多板块,交易型",期货策略 / 主观期货,"广联宏星月神话稳健1号=期货策略/主观期货/多板块,交易型；广联宏星月神话稳健2号=期货策略/主观期货/多板块",,
SAEJ81,广联宏星月神话稳健2号私募证券投资基金,海南广联宏私募基金管理有限公司,期货策略,主观期货,多板块,高,团队数据已有团队策略,期货策略 / 主观期货 / 多板块,套利策略 / 期货套利 / 商品套利,"广联宏星月神话稳健2号=期货策略/主观期货/多板块；广联宏星月神话稳健1号=期货策略/主观期货/多板块,交易型",,
SANE23,广联宏优孚1号私募证券投资基金,海南广联宏私募基金管理有限公司,套利策略,期货套利,商品套利,高,团队数据已有团队策略,套利策略 / 期货套利 / 商品套利,"套利策略 / 期货套利 / 跨期套利,商品套利,跨市场套利",广联宏优孚1号=套利策略/期货套利/商品套利；广联宏优孚2号=套利策略/期货套利,,
SBPM75,广联宏优孚2号私募证券投资基金,海南广联宏私募基金管理有限公司,套利策略,期货套利,,高,团队数据已有团队策略,套利策略 / 期货套利,套利策略 / 期货套利,广联宏优孚2号=套利策略/期货套利；广联宏优孚1号=套利策略/期货套利/商品套利,,
SAZP32,广联宏长虹私募证券投资基金,海南广联宏私募基金管理有限公司,套利策略,期货套利,"跨期套利,商品套利",高,团队数据已有团队策略,"套利策略 / 期货套利 / 跨期套利,商品套利","套利策略 / 期货套利 / 跨期套利,商品套利","广联宏长虹=套利策略/期货套利/跨期套利,商品套利",,
SSB123,国标日月多策略私募证券投资基金,国标资产管理(杭州)有限公司,套利策略,期货套利,"锁仓,高频套利,股指套利",高,团队数据已有团队策略,"套利策略 / 期货套利 / 锁仓,高频套利,股指套利",套利策略 / 期货套利 / 股指套利,"国标日月多策略=套利策略/期货套利/锁仓,高频套利,股指套利",,
SQK874,国标鑫顺一期私募证券投资基金,国标资产管理(杭州)有限公司,期货策略,量化期货,商品,高,团队数据已有团队策略,期货策略 / 量化期货 / 商品,多资产策略 / 复合策略,国标鑫顺一期=期货策略/量化期货/商品,,
SXR916,国标中顺易优选成长私募证券投资基金,国标资产管理(杭州)有限公司,套利策略,期货套利,"锁仓,高频套利,股指套利",高,团队数据已有团队策略,"套利策略 / 期货套利 / 锁仓,高频套利,股指套利",股票多头 / 主观多头,"国标中顺易优选成长=套利策略/期货套利/锁仓,高频套利,股指套利",,
SXH224,国融鼎创-深度价值精选1号私募证券投资基金,深圳市国融鼎创投资有限公司,股票多头,主观多头,,高,团队数据已有团队策略,股票多头 / 主观多头,股票多头 / 主观多头,国融鼎创-深度价值精选1号=股票多头/主观多头,,
SVU517,国优混合多策略私募证券投资基金,国优（天津）私募基金管理有限公司,期权策略,场内期权,,高,团队数据已有团队策略,期权策略 / 场内期权,,国优稳健恒盈1号私募证券投资基金=期权策略/场内期权,,
SVR930,国源拾金安和10号私募证券投资基金,深圳国源信达资本管理有限公司,股票多头,主观多头,,高,团队数据已有团队策略,股票多头 / 主观多头,股票多头 / 主观多头,国源不争11号=股票多头/主观多头；国源拾金安和11号A类=股票多头/主观多头；国源拾金安和11号=股票多头/主观多头；国源拾金安和16号=股票多头/主观多头,,
SAJU44,国源拾金安和16号私募证券投资基金,深圳国源信达资本管理有限公司,股票多头,主观多头,,高,团队数据已有团队策略,股票多头 / 主观多头,股票多头 / 主观多头,国源拾金安和16号=股票多头/主观多头；国源拾金安和11号A类=股票多头/主观多头；国源拾金安和11号=股票多头/主观多头,,
STE753,国源拾金安和8号私募证券投资基金,深圳国源信达资本管理有限公司,股票多头,主观多头,"价值成长,宏观对冲",高,团队数据已有团队策略,"股票多头 / 主观多头 / 价值成长,宏观对冲","股票多头 / 主观多头 / 成长型,宏观对冲","国源不争9号=股票多头/主观多头/价值成长,宏观对冲；国源拾金安和11号A类=股票多头/主观多头；国源拾金安和11号=股票多头/主观多头；国源拾金安和16号=股票多头/主观多头",,
SADE72,哈希浩然一号私募证券投资基金,海南哈希私募基金管理有限公司,股票对冲,股票市场中性,,高,团队数据已有团队策略,股票对冲 / 股票市场中性,股票对冲 / 股票市场中性,哈希可转债量化对冲1号E类=股票对冲/股票市场中性,,
SXL302,哈希可转债量化对冲1号A类私募证券投资基金,海南哈希私募基金管理有限公司,套利策略,可转债套利,股指对冲,高,团队数据已有团队策略；产品名另指向股票对冲/,套利策略 / 可转债套利 / 股指对冲,股票对冲 / 择时对冲,哈希可转债量化对冲1号A类=套利策略/可转债套利/股指对冲,,
SNH054,哈希稳健CTA1号私募证券投资基金,海南哈希私募基金管理有限公司,期货策略,量化期货,混合,高,团队数据已有团队策略；产品名含CTA,期货策略 / 量化期货 / 混合,期货策略 / 量化期货 / 时序,哈希稳健CTA1号=期货策略/量化期货/混合,,
SSR382,海鹏数策私募证券投资基金,北京海鹏私募基金管理有限公司,期货策略,量化期货,基本面,高,团队数据已有团队策略,期货策略 / 量化期货 / 基本面,期货策略 / 量化期货 / 基本面,海鹏数策=期货策略/量化期货/基本面；海鹏数策A类=期货策略/量化期货；海鹏数策B类=期货策略/量化期货,,
SSR379,海鹏扬帆私募证券投资基金,北京海鹏私募基金管理有限公司,期货策略,主观期货,农产,高,团队数据已有团队策略,期货策略 / 主观期货 / 农产,期货策略 / 主观期货 / 农产,海鹏扬帆=期货策略/主观期货/农产；海鹏扬帆A类=期货策略/主观期货,,
SED442,涵德淳德量化3号私募证券投资基金,北京涵德投资管理有限公司,期货策略,量化期货,"大厂,混合",高,团队数据已有团队策略,"期货策略 / 量化期货 / 大厂,混合",期货策略 / 量化期货 / 混合均衡,"涵德淳德量化3号=期货策略/量化期货/大厂,混合；涵德淳德量化3号B类=期货策略/量化期货；涵德淳德量化3号A类=期货策略/量化期货；涵德淳德量化1号=股票对冲/股票市场中性",,
SCB622,涵德淳德量化对冲4号私募证券投资基金,北京涵德投资管理有限公司,期货策略,量化期货,,高,团队数据已有团队策略；产品名另指向股票对冲/,期货策略 / 量化期货,期货策略 / 量化期货 / 中高频,涵德淳德量化对冲4号=期货策略/量化期货,,
S33049,涵德量化稳健私募证券投资基金,北京涵德投资管理有限公司,其他策略,,,高,团队数据已有团队策略,其他策略,多资产策略 / 复合策略,涵德量化稳健=其他策略,,
SY1794,涵德明德中证500指数增强1号私募证券投资基金,北京涵德投资管理有限公司,股票多头,指数增强,500指增,高,团队数据已有团队策略；产品名含500指增,股票多头 / 指数增强 / 500指增,股票多头 / 500指增,涵德明德中证500指数增强1号=股票多头/指数增强/500指增,,
SEM165,涵德明德中证500指数增强5号私募证券投资基金,北京涵德投资管理有限公司,期货策略,量化期货,,高,团队数据已有团队策略；产品名另指向股票多头/指数增强,期货策略 / 量化期货,期货策略 / 量化期货,涵德盈冲量化CTA43号=期货策略/量化期货；涵德明德中证500指数增强1号=股票多头/指数增强/500指增,,产品名指向股票多头/指数增强，与已有团队策略不一致
SEM082,涵德明德中证A500指数增强1号私募证券投资基金,北京涵德投资管理有限公司,股票多头,指数增强,A500指增,高,团队数据已有团队策略；产品名含A500指增,股票多头 / 指数增强 / A500指增,股票多头 / A500指增,涵德明德中证A500指数增强1号=股票多头/指数增强/A500指增,,
SY1781,涵德盈冲量化CTA1号私募证券投资基金,北京涵德投资管理有限公司,期货策略,量化期货,"大厂,股指,时序,中高频",高,团队数据已有团队策略；产品名含量化期货/CTA,"期货策略 / 量化期货 / 大厂,股指,时序,中高频",期货策略 / 量化期货 / 混合均衡,"涵德盈冲量化CTA1号=期货策略/量化期货/大厂,股指,时序,中高频；涵德盈冲量化CTA43号=期货策略/量化期货；涵德盈冲量化CTA21号=多资产策略",,
SD7300,涵德桢诚量化私募证券投资基金,北京涵德投资管理有限公司,多资产策略,,,高,团队数据已有团队策略,多资产策略,多资产策略 / 复合策略,涵德桢诚量化=多资产策略,,
SZP842,涵德中证1000指数增强1号私募证券投资基金,北京涵德投资管理有限公司,股票多头,指数增强,1000指增,高,团队数据已有团队策略；产品名含1000指增,股票多头 / 指数增强 / 1000指增,股票多头 / 1000指增,涵德中证1000指数增强1号=股票多头/指数增强/1000指增,,
SAAW56,涵盈博孚利2号私募证券投资基金,厦门博孚利资产管理有限公司,多资产策略,FOF,,高,团队数据已有团队策略,多资产策略 / FOF,组合策略 / FOF,涵盈博孚利2号=多资产策略/FOF；涵盈博孚利1号B类=多资产策略/FOF；涵盈博孚利1号=多资产策略/FOF；涵盈博孚利1号A类=多资产策略/FOF,,
SVA785,涵元阿尔法12号私募证券投资基金,上海涵元资产管理有限公司,期货策略,量化期货,股指,高,团队数据已有团队策略,期货策略 / 量化期货 / 股指,期货策略 / 量化期货 / 股指,涵元阿尔法12号=期货策略/量化期货/股指,,
SVP008,汉程CTA一号FOF私募证券投资基金,上海汉程投资管理中心（有限合伙）,期货策略,量化期货,混合,高,团队数据已有团队策略；产品名含CTA,期货策略 / 量化期货 / 混合,期货策略 / 量化期货 / 混合均衡,汉程CTA一号FOF=期货策略/量化期货/混合,,
SALQ78,汉鸿1000指数增强1号私募证券投资基金,上海汉鸿私募基金管理有限公司,股票多头,指数增强,1000指增,高,团队数据已有团队策略；产品名含指增/指数增强,股票多头 / 指数增强 / 1000指增,股票多头 / 1000指增,汉鸿1000指数增强1号=股票多头/指数增强/1000指增,,
SVS781,翰荣量选进取7号私募证券投资基金,深圳翰荣私募证券基金管理有限公司,股票对冲,股票市场中性,"500中性,量价,中频",高,团队数据已有团队策略,"股票对冲 / 股票市场中性 / 500中性,量价,中频",股票多头 / 量化选股,"翰荣量选进取7号=股票对冲/股票市场中性/500中性,量价,中频",,
SBKR20,翰荣狮子量化精选12号私募证券投资基金,深圳翰荣私募证券基金管理有限公司,股票多头,指数增强,"空气指增,量价,高频",高,团队数据已有团队策略,"股票多头 / 指数增强 / 空气指增,量价,高频","股票多头 / 量化选股 / 高频,量价","翰荣狮子量化精选12号=股票多头/指数增强/空气指增,量价,高频；翰荣狮子量化精选12号B类=股票多头/指数增强/空气指增,量价,高频；翰荣狮子量化精选9号B类=股票多头/指数增强/空气指增,量价,高频；翰荣狮子量化精选9号A类=股票多头；翰荣狮子量化精选9号C类=股票多头；翰荣狮子量化精选9号=股票多头",,
SVZ199,豪敦摩西一号私募证券投资基金,上海豪敦私募基金管理有限公司,套利策略,期货套利,"锁仓,高频套利,股指套利",高,团队数据已有团队策略,"套利策略 / 期货套利 / 锁仓,高频套利,股指套利","套利策略 / 期货套利 / 股指套利,高频,锁仓","豪敦摩西一号=套利策略/期货套利/锁仓,高频套利,股指套利",,
SNM702,豪敦尼西九号私募证券投资基金,上海豪敦私募基金管理有限公司,套利策略,期货套利,"锁仓,高频套利,股指套利",高,团队数据已有团队策略,"套利策略 / 期货套利 / 锁仓,高频套利,股指套利","套利策略 / 期货套利 / 股指套利,高频,锁仓","豪敦尼西九号=套利策略/期货套利/锁仓,高频套利,股指套利",,
STT179,昊泉瑞禧稳进一号私募证券投资基金,青岛昊泉投资管理有限公司,期权策略,场内期权,商品波动率,高,团队数据已有团队策略,期权策略 / 场内期权 / 商品波动率,期权策略 / 场内期权 / 商品期权,昊泉瑞禧稳进一号=期权策略/场内期权/商品波动率,,
SB8815,浩坤精选一号私募证券投资基金,浙江浩坤昇发资产管理有限公司,股票多头,主观多头,交易型,高,团队数据已有团队策略,股票多头 / 主观多头 / 交易型,股票多头 / 主观多头,浩坤精选一号=股票多头/主观多头/交易型,,
SQR793,皓邦激享CTA1号私募证券投资基金,上海德贝私募基金管理有限公司,期货策略,量化期货,,高,团队数据已有团队策略；产品名含CTA,期货策略 / 量化期货,期货策略 / 量化期货,皓邦激享CTA1号=期货策略/量化期货,,
SBKQ45,禾悦优孚成长1号私募证券投资基金,北京禾悦私募基金管理有限公司,股票对冲,股票市场中性,基差管理,高,团队数据已有团队策略,股票对冲 / 股票市场中性 / 基差管理,股票对冲 / 股票T0,禾悦优孚成长1号=股票对冲/股票市场中性/基差管理,,
SS9022,合晟同晖7号私募证券投资基金,上海合晟资产管理股份有限公司,债券策略,信用债,"城投债,地产债",高,团队数据已有团队策略,"债券策略 / 信用债 / 城投债,地产债","债券策略 / 信用债 / 城投债,地产债","合晟同晖7号=债券策略/信用债/城投债,地产债",,
SVC177,合骥睿源500增强2号私募证券投资基金,上海合骥私募基金管理有限公司,股票多头,指数增强,"量价,高频",高,团队数据已有团队策略；产品名含500指增,"股票多头 / 指数增强 / 量价,高频","股票多头 / 500指增 / 高频,量价","合骥睿源500增强2号=股票多头/指数增强/量价,高频；合骥睿源500增强2号A类=股票多头/指数增强/量价,高频",,
STL684,和顿星恒灵活配置私募证券投资基金,宁波和顿投资管理有限公司,股票多头,主观多头,,高,团队数据已有团队策略,股票多头 / 主观多头,股票多头 / 主观多头,和顿星恒灵活配置=股票多头/主观多头,,
SXH413,和桂天华1号私募证券投资基金,上海和桂私募基金管理合伙企业（有限合伙）,多资产策略,FOF,,高,团队数据已有团队策略,多资产策略 / FOF,组合策略 / FOF,和桂天华1号=多资产策略/FOF,,
SZV692,和桂先胜可转债私募证券投资基金,上海和桂私募基金管理合伙企业（有限合伙）,股票多头,可转债多头,,高,团队数据已有团队策略,股票多头 / 可转债多头,股票多头 / 可转债多头,和桂先胜可转债=股票多头/可转债多头；和桂先胜可转债A类=股票多头/可转债多头；和桂先胜可转债B类=股票多头/可转债多头,,
STU218,和棋尊享1号私募证券投资基金,江苏和棋投资管理有限公司,股票多头,另类多头,,高,团队数据已有团队策略,股票多头 / 另类多头,股票对冲 / 股票T0,和棋尊享1号=股票多头/另类多头；和棋尊享8号=股票多头/另类多头/低价股T0；和棋尊享10号=股票对冲/股票T0；和棋尊享9号=股票对冲/股票市场中性；和棋尊享7号=股票对冲/股票T0,,
SZW856,和棋尊享7号私募证券投资基金,江苏和棋投资管理有限公司,股票对冲,股票T0,,高,团队数据已有团队策略,股票对冲 / 股票T0,股票对冲 / 股票T0 / 机器T0,和棋尊享7号=股票对冲/股票T0；和棋尊享1号=股票多头/另类多头；和棋尊享8号=股票多头/另类多头/低价股T0；和棋尊享10号=股票对冲/股票T0；和棋尊享9号=股票对冲/股票市场中性,,
SXE457,和棋尊享8号私募证券投资基金,江苏和棋投资管理有限公司,股票多头,另类多头,低价股T0,高,团队数据已有团队策略,股票多头 / 另类多头 / 低价股T0,股票对冲 / 股票T0,和棋尊享8号=股票多头/另类多头/低价股T0；和棋尊享1号=股票多头/另类多头；和棋尊享10号=股票对冲/股票T0；和棋尊享9号=股票对冲/股票市场中性；和棋尊享7号=股票对冲/股票T0,,
SCY504,和途科技成长精选私募证券投资基金,上海和途私募基金管理有限公司,股票多头,主观多头,价值成长,高,同系列/份额已有团队策略,,,和途科技成长精选A类=股票多头/主观多头/价值成长,,
SASJ96,和熙期权对冲1号私募证券投资基金,浙江和熙资产管理有限公司,期权策略,场内期权,期权套利,高,团队数据已有团队策略；产品名含期权,期权策略 / 场内期权 / 期权套利,套利策略 / 期权套利,和熙期权对冲1号=期权策略/场内期权/期权套利,,
SQA592,和谐汇一远致1号私募证券投资基金,上海和谐汇一资产管理有限公司,股票多头,主观多头,价值均衡,高,团队数据已有团队策略,股票多头 / 主观多头 / 价值均衡,股票多头 / 主观多头,和谐汇一远致1号=股票多头/主观多头/价值均衡；和谐汇一远致2号C类=股票多头/主观多头；和谐汇一远致2号=股票多头/主观多头,,
SQD791,和谐汇一远致2号私募证券投资基金,上海和谐汇一资产管理有限公司,股票多头,主观多头,,高,团队数据已有团队策略,股票多头 / 主观多头,股票多头 / 主观多头,和谐汇一远致2号=股票多头/主观多头；和谐汇一远致1号=股票多头/主观多头/价值均衡；和谐汇一远致2号C类=股票多头/主观多头,,
SJF869,河州资产润安1号私募证券投资基金,上海众壹资产管理有限公司,套利策略,,,高,团队数据已有团队策略,套利策略,套利策略,河州资产润安1号=套利策略,,
SEP463,赫富500指数增强一号私募证券投资基金,上海赫富投资有限公司,股票多头,指数增强,"500指增,量价,中频",高,团队数据已有团队策略；产品名含指增/指数增强,"股票多头 / 指数增强 / 500指增,量价,中频","股票多头 / 500指增 / 中频,量价","赫富500指数增强一号=股票多头/指数增强/500指增,量价,中频",,
SEU010,赫富对冲三号私募证券投资基金,上海赫富投资有限公司,股票对冲,股票市场中性,"500中性,中频",高,团队数据已有团队策略；产品名含对冲,"股票对冲 / 股票市场中性 / 500中性,中频","股票对冲 / 股票市场中性 / 中频,量价,500中性","赫富对冲三号=股票对冲/股票市场中性/500中性,中频",,
SGA075,赫富灵活对冲一号私募证券投资基金,上海赫富投资有限公司,股票对冲,股票市场中性,,高,团队数据已有团队策略；产品名含对冲,股票对冲 / 股票市场中性,股票对冲 / 股票市场中性,赫富灵活对冲一号=股票对冲/股票市场中性,,
SCK708,赫富尊享致远一号私募证券投资基金,上海赫富投资有限公司,期货策略,量化期货,混合,高,团队数据已有团队策略,期货策略 / 量化期货 / 混合,期货策略 / 量化期货,赫富CTA一号=期货策略/量化期货/混合,,
SJT655,黑帆大海三号私募证券投资基金,杭州黑帆资产管理有限公司,股票对冲,股票T0,,高,团队数据已有团队策略,股票对冲 / 股票T0,股票对冲 / 股票T0 / 手工T0,黑帆大海三号=股票对冲/股票T0；黑帆大海三号A类=股票对冲/股票T0,,
STM142,黑帆峰岭十号私募证券投资基金,杭州黑帆资产管理有限公司,多资产策略,,,高,团队数据已有团队策略,多资产策略,多资产策略 / 复合策略,黑帆峰岭十号=多资产策略,,
SSS310,黑帆佳源一号私募证券投资基金,杭州黑帆资产管理有限公司,股票对冲,股票T0,,高,团队数据已有团队策略,股票对冲 / 股票T0,股票对冲 / 股票T0,黑帆佳源一号=股票对冲/股票T0,,
SBNW57,黑玺黑桃1号私募证券投资基金,杭州黑玺私募基金管理有限公司,套利策略,期货套利,跨期套利,高,团队数据已有团队策略,套利策略 / 期货套利 / 跨期套利,套利策略 / 期货套利 / 跨期套利,黑玺黑桃1号=套利策略/期货套利/跨期套利,,
SXQ892,黑玺湖畔20号私募证券投资基金,杭州黑玺私募基金管理有限公司,套利策略,,,高,团队数据已有团队策略,套利策略,套利策略 / 基金套利 / ETF套利,黑玺湖畔20号=套利策略；黑玺湖畔1号=股票对冲/股票T0,,
SBDM40,黑玺智选3号私募证券投资基金,杭州黑玺私募基金管理有限公司,套利策略,,,高,团队数据已有团队策略,套利策略,套利策略 / 基金套利,黑玺智选3号=套利策略,,
SY8885,黑翼风行三号沪深300指数增强私募投资基金,上海黑翼资产管理有限公司,股票多头,指数增强,300指增,高,团队数据已有团队策略；产品名含300指增,股票多头 / 指数增强 / 300指增,股票多头 / 300指增,黑翼风行三号沪深300指数增强=股票多头/指数增强/300指增,,
SNT524,黑翼量化成长1号私募证券投资基金,上海黑翼资产管理有限公司,股票多头,,,高,团队数据已有团队策略,股票多头,股票多头 / 量化选股,黑翼量化成长1号=股票多头,,
SQG281,黑翼中证1000指数增强1号私募证券投资基金,上海黑翼资产管理有限公司,股票多头,指数增强,"1000指增,中频",高,团队数据已有团队策略；产品名含1000指增,"股票多头 / 指数增强 / 1000指增,中频","股票多头 / 1000指增 / 低频,量价","黑翼中证1000指数增强1号=股票多头/指数增强/1000指增,中频",,
SD8740,黑翼CTA三号A基金,上海黑翼资产管理有限公司,期货策略,量化期货,"大厂,混合",高,团队数据已有团队策略；产品名含CTA,"期货策略 / 量化期货 / 大厂,混合","期货策略 / 量化期货 / 混合均衡,中高频",,,
SCR770,恒道一号私募证券投资基金,安邦融（北京）资本管理有限公司,套利策略,期货套利,"跨期套利,跨品种套利",高,团队数据已有团队策略,"套利策略 / 期货套利 / 跨期套利,跨品种套利","套利策略 / 期货套利 / 跨期套利,跨品种套利","恒道一号=套利策略/期货套利/跨期套利,跨品种套利",,
SLW051,恒德远征添利20号私募证券投资基金,北京恒德时代私募基金管理有限公司,股票多头,主观多头,,高,团队数据已有团队策略,股票多头 / 主观多头,股票多头 / 主观多头,恒德远征添利20号=股票多头/主观多头,,
SAJB44,恒如全天候守心1号私募证券投资基金,上海恒如投资管理有限公司,套利策略,混合套利,,高,团队数据已有团队策略,套利策略 / 混合套利,套利策略 / 混合套利,恒如全天候守心1号=套利策略/混合套利,,
SBTX45,衡颐承和FOF1号私募证券投资基金,上海衡颐资产管理有限公司,多资产策略,FOF,,高,产品名含FOF,,,,,
SBUR73,衡颐鼎燧1号私募证券投资基金,上海衡颐资产管理有限公司,期货策略,量化期货,"混合,机器学习",高,团队数据已有团队策略,"期货策略 / 量化期货 / 混合,机器学习",,"衡颐鼎燧1号=期货策略/量化期货/混合,机器学习",,
SBPC69,衡颐海宸1号私募证券投资基金,上海衡颐资产管理有限公司,多资产策略,股票期货复合,,高,团队数据已有团队策略,多资产策略 / 股票期货复合,,衡颐海宸1号=多资产策略/股票期货复合,,
SBCE40,衡颐嘉选1号私募证券投资基金,上海衡颐资产管理有限公司,股票对冲,打板,"强势股,盘中板",高,团队数据已有团队策略,"股票对冲 / 打板 / 强势股,盘中板","股票对冲 / 择时对冲 / 打板,强势股","衡颐嘉选1号=股票对冲/打板/强势股,盘中板；衡颐嘉选2号=股票对冲/打板/强势股,盘中板",,
SBLP24,衡颐嘉选2号私募证券投资基金,上海衡颐资产管理有限公司,股票对冲,打板,"强势股,盘中板",高,团队数据已有团队策略,"股票对冲 / 打板 / 强势股,盘中板",股票对冲 / 择时对冲 / 打板,"衡颐嘉选2号=股票对冲/打板/强势股,盘中板；衡颐嘉选1号=股票对冲/打板/强势股,盘中板",,
SBND97,衡颐睿享1号私募证券投资基金,上海衡颐资产管理有限公司,股票多头,,,高,团队数据已有团队策略,股票多头,股票多头,衡颐睿享1号=股票多头,,
SBDB31,衡颐耀东1号私募证券投资基金,上海衡颐资产管理有限公司,股票多头,主观多头,行业主题型,高,团队数据已有团队策略,股票多头 / 主观多头 / 行业主题型,股票多头 / 主观多头,衡颐耀东1号=股票多头/主观多头/行业主题型,,
SZL121,红锚价值5号私募证券投资基金,上海红锚私募基金管理有限公司,多资产策略,,,高,团队数据已有团队策略,多资产策略,多资产策略 / 复合策略,红锚价值5号=多资产策略；红锚价值2号=期权策略/场内期权/商品波动率,,
SSD519,红石有孚衍生品对冲1号私募证券投资基金,江西省红石资产管理有限公司,期权策略,场内期权,商品波动率,高,团队数据已有团队策略；产品名另指向股票对冲/,期权策略 / 场内期权 / 商品波动率,期权策略 / 场内期权 / 期权多策略,红石有孚衍生品对冲1号=期权策略/场内期权/商品波动率,,
SEX689,宏龙利贞1期私募证券投资基金,南京宏龙资产管理有限公司,套利策略,期货套利,"跨期套利,商品套利",高,团队数据已有团队策略,"套利策略 / 期货套利 / 跨期套利,商品套利","套利策略 / 期货套利 / 跨期套利,商品套利","宏龙利贞1期=套利策略/期货套利/跨期套利,商品套利",,
SAXW96,宏锡多资产配置2号私募证券投资基金,广东宏锡基金管理有限公司,多资产策略,股票期货复合,,高,团队数据已有团队策略,多资产策略 / 股票期货复合,,宏锡多资产配置2号=多资产策略/股票期货复合,,
SQY113,宏锡截面量化CTA1号私募证券投资基金,广东宏锡基金管理有限公司,期货策略,量化期货,截面,高,团队数据已有团队策略；产品名含量化期货/CTA,期货策略 / 量化期货 / 截面,,宏锡截面量化CTA1号=期货策略/量化期货/截面,,
SJ0437,宏锡量化2号私募证券投资基金,广东宏锡基金管理有限公司,期货策略,量化期货,时序,高,团队数据已有团队策略,期货策略 / 量化期货 / 时序,期货策略 / 量化期货 / 时序,宏锡量化2号=期货策略/量化期货/时序；宏锡量化30号=期货策略/量化期货/时序,,
SGF715,宏锡量化30号私募证券投资基金,广东宏锡基金管理有限公司,期货策略,量化期货,时序,高,团队数据已有团队策略,期货策略 / 量化期货 / 时序,期货策略 / 量化期货 / 时序,宏锡量化30号=期货策略/量化期货/时序；宏锡量化2号=期货策略/量化期货/时序,,
SBMT21,宏锡量化多策略1号私募证券投资基金,广东宏锡基金管理有限公司,期权策略,场内期权,,高,团队数据已有团队策略,期权策略 / 场内期权,,宏锡量化多策略1号=期权策略/场内期权,,
SBRB80,宏锡量化期权2号私募证券投资基金,广东宏锡基金管理有限公司,期权策略,场内期权,,高,团队数据已有团队策略；产品名含期权,期权策略 / 场内期权,,宏锡量化期权2号=期权策略/场内期权；宏锡量化期权1号=期权策略/场内期权,,
SN3221,宏锡量化CTA7号私募证券投资基金,广东宏锡基金管理有限公司,期货策略,量化期货,"大厂,时序,量价",高,团队数据已有团队策略；产品名含量化期货/CTA,"期货策略 / 量化期货 / 大厂,时序,量价",期货策略 / 量化期货 / 时序,"宏锡量化CTA7号=期货策略/量化期货/大厂,时序,量价",,
SAEF12,宏锡商品期货指数增强1号私募证券投资基金,广东宏锡基金管理有限公司,期货策略,量化期货,商品,高,团队数据已有团队策略；产品名另指向股票多头/指数增强,期货策略 / 量化期货 / 商品,,宏锡商品期货指数增强1号=期货策略/量化期货/商品,,产品名指向股票多头/指数增强，与已有团队策略不一致
SCU913,泓倍商品相对价值1号私募投资基金,上海泓倍资产管理中心（有限合伙）,套利策略,期货套利,"跨市场套利,商品套利",高,团队数据已有团队策略,"套利策略 / 期货套利 / 跨市场套利,商品套利","套利策略 / 期货套利 / 商品套利,跨市场套利","泓倍商品相对价值1号=套利策略/期货套利/跨市场套利,商品套利",,
SXB832,泓湖高腾博喻宏观策略私募证券投资基金,上海泓湖私募基金管理有限公司,多资产策略,宏观策略,"海外,主观",高,团队数据已有团队策略；产品名含宏观,"多资产策略 / 宏观策略 / 海外,主观",多资产策略 / 宏观策略,"泓湖高腾博喻宏观策略=多资产策略/宏观策略/海外,主观；泓湖高腾博喻宏观策略B类=多资产策略/宏观策略/海外,量化",,
SASK75,泓湖省心享均衡配置六号私募证券投资基金,上海泓湖私募基金管理有限公司,多资产策略,宏观策略,,高,团队数据已有团队策略,多资产策略 / 宏观策略,多资产策略 / 宏观策略,"泓湖省心享均衡配置六号=多资产策略/宏观策略；泓湖省心享均衡配置六号B类=多资产策略/宏观策略/海外,主观；泓湖省心享均衡配置六号A类=多资产策略/宏观策略",,
SBFV58,泓原东湖2号私募证券投资基金,上海泓原私募基金管理有限公司,股票多头,,,高,团队数据已有团队策略,股票多头,股票多头,泓原东湖2号=股票多头,,
SAML60,泓原香湾中证1000指数增强1号私募证券投资基金,上海泓原私募基金管理有限公司,股票多头,指数增强,"1000指增,量价,高频",高,团队数据已有团队策略；产品名含1000指增,"股票多头 / 指数增强 / 1000指增,量价,高频",股票多头 / 1000指增,"泓原香湾中证1000指数增强1号=股票多头/指数增强/1000指增,量价,高频",,
SATX01,泓原兴凯湖1号私募证券投资基金,上海泓原私募基金管理有限公司,股票对冲,股票T0,底仓T0,高,团队数据已有团队策略,股票对冲 / 股票T0 / 底仓T0,股票多头,泓原兴凯湖1号=股票对冲/股票T0/底仓T0,,
SNC685,厚德智能交叉混合1号私募证券投资基金,北京厚德智能投资管理有限公司,套利策略,,,高,团队数据已有团队策略,套利策略,套利策略,厚德智能交叉混合1号=套利策略,,
STF740,厚方宏观对冲七号私募证券投资基金,广东厚方投资管理有限公司,期货策略,主观期货,,高,团队数据已有团队策略；产品名另指向股票对冲/,期货策略 / 主观期货,期货策略 / 主观期货,厚方宏观对冲七号=期货策略/主观期货,,
SZB404,虎贲月德2号私募证券投资基金,杭州虎贲私募基金管理有限公司,债券策略,,,高,团队数据已有团队策略,债券策略,债券策略 / 债券复合,虎贲月德2号=债券策略,,
SVW959,华安合鑫大成长二期私募证券投资基金,深圳市华安合鑫私募证券基金管理有限公司,股票多头,主观多头,,高,团队数据已有团队策略,股票多头 / 主观多头,股票多头 / 主观多头,华安合鑫大成长二期=股票多头/主观多头,,
SW7103,华安合鑫稳健一期私募投资基金,深圳市华安合鑫私募证券基金管理有限公司,股票多头,主观多头,"大盘,其他,价值成长,港股",高,团队数据已有团队策略,"股票多头 / 主观多头 / 大盘,其他,价值成长,港股","股票多头 / 主观多头 / 价值型,成长型","华安合鑫稳健一期=股票多头/主观多头/大盘,其他,价值成长,港股",,
SXL561,华安合鑫专享8期私募证券投资基金,深圳市华安合鑫私募证券基金管理有限公司,股票多头,主观多头,"价值成长,港股",高,团队数据已有团队策略,"股票多头 / 主观多头 / 价值成长,港股",股票多头 / 主观多头,"华安合鑫专享8期=股票多头/主观多头/价值成长,港股",,
SVR990,华钧2期私募证券投资基金,北京华钧广汇投资管理有限公司,套利策略,期货套利,"锁仓,高频套利,股指套利",高,团队数据已有团队策略,"套利策略 / 期货套利 / 锁仓,高频套利,股指套利","套利策略 / 期货套利 / 股指套利,高频,锁仓","华钧2期=套利策略/期货套利/锁仓,高频套利,股指套利",,
SVZ210,华钧尚元1期私募证券投资基金,北京华钧广汇投资管理有限公司,套利策略,期货套利,"锁仓,高频套利,股指套利",高,团队数据已有团队策略,"套利策略 / 期货套利 / 锁仓,高频套利,股指套利","套利策略 / 期货套利 / 股指套利,高频,锁仓","华钧尚元1期=套利策略/期货套利/锁仓,高频套利,股指套利",,
SGR234,华钧天汉1期私募证券投资基金,北京华钧广汇投资管理有限公司,套利策略,期货套利,"锁仓,高频套利,股指套利",高,团队数据已有团队策略,"套利策略 / 期货套利 / 锁仓,高频套利,股指套利","套利策略 / 期货套利 / 股指套利,高频,锁仓","华钧天汉1期=套利策略/期货套利/锁仓,高频套利,股指套利",,
STS721,华钧雍淳1期私募证券投资基金,北京华钧广汇投资管理有限公司,套利策略,期货套利,"锁仓,高频套利,股指套利",高,团队数据已有团队策略,"套利策略 / 期货套利 / 锁仓,高频套利,股指套利","套利策略 / 期货套利 / 股指套利,高频,锁仓","华钧雍淳1期=套利策略/期货套利/锁仓,高频套利,股指套利",,
STY816,华钧元封2期私募证券投资基金,北京华钧广汇投资管理有限公司,套利策略,期货套利,高频套利,高,团队数据已有团队策略,套利策略 / 期货套利 / 高频套利,股票多头 / 主观多头,华钧元封2期=套利策略/期货套利/高频套利,,
SZA263,华钧真观2期私募证券投资基金,北京华钧广汇投资管理有限公司,股票对冲,打板,,高,团队数据已有团队策略,股票对冲 / 打板,股票对冲 / 择时对冲 / 打板,华钧真观2期=股票对冲/打板；华钧真观2期B类=股票对冲/打板,,
SEU694,华联期货-豁然套利对冲三号集合资产管理计划,华联期货有限公司,期货策略,量化期货,,高,团队数据已有团队策略；产品名另指向套利策略/,期货策略 / 量化期货,期货策略 / 量化期货,华联期货-豁然套利对冲三号=期货策略/量化期货,,
SATP05,华年可转债1号私募证券投资基金,上海华年私募基金管理有限公司,股票多头,可转债多头,,高,团队数据已有团队策略,股票多头 / 可转债多头,股票多头 / 可转债多头,华年可转债1号=股票多头/可转债多头,,
SB5429,华泰期货19期集合资产管理计划,华泰期货有限公司,期货策略,主观期货,,高,团队数据已有团队策略；产品名含期货,期货策略 / 主观期货,期货策略 / 主观期货,华泰期货19期=期货策略/主观期货,,
SBLA47,华泰期货19期PLUS集合资产管理计划,华泰期货有限公司,期货策略,主观期货,,高,团队数据已有团队策略；产品名含期货,期货策略 / 主观期货,期货策略 / 主观期货,华泰期货19期PLUS=期货策略/主观期货,,
SBHJ56,华耀CTA一号私募证券投资基金,上海华耀私募基金管理有限公司,期货策略,,,高,团队数据已有团队策略；产品名含CTA,期货策略,期货策略,华耀CTA一号=期货策略,,
SVQ519,汇富联合日盈12号私募证券投资基金,深圳前海汇富联合私募证券基金管理有限公司,股票对冲,股票多空,,高,团队数据已有团队策略,股票对冲 / 股票多空,股票对冲 / 股票多空,汇富联合日盈12号=股票对冲/股票多空；汇富联合日盈6号=股票对冲/股票T0；汇富联合日盈4号=股票对冲/股票T0；汇富联合日盈20号=套利策略；汇富联合日盈9号=股票对冲/股票多空；汇富联合日盈8号=股票对冲/股票多空；汇富联合日盈7号=股票对冲/股票多空；汇富联合日盈5号=股票对冲/股票多空,,
SGD165,汇鸿汇升星汇旗舰私募证券投资基金,江苏苏豪汇升私募基金管理有限公司,多资产策略,FOF,,高,团队数据已有团队策略,多资产策略 / FOF,组合策略 / FOF,汇鸿汇升星汇旗舰=多资产策略/FOF,,
SAUY00,汇融磐石风云10号私募证券投资基金,湖南汇智融达私募基金管理有限公司,股票多头,主观多头,交易型,高,团队数据已有团队策略,股票多头 / 主观多头 / 交易型,,汇融磐石风云10号=股票多头/主观多头/交易型,,
SBNB64,汇融CTA增强13号私募证券投资基金,湖南汇智融达私募基金管理有限公司,套利策略,期货套利,商品套利,高,同系列/份额已有团队策略；产品名另指向期货策略/,,,汇融CTA增强13号私募证券投资基金B类=套利策略/期货套利/商品套利,,
SAMN75,汇升安鑫一号私募证券投资基金,江苏苏豪汇升私募基金管理有限公司,多资产策略,,,高,团队数据已有团队策略,多资产策略,组合策略,汇升安鑫一号=多资产策略,,
SM7039,汇升共盈尊享私募投资基金,江苏苏豪汇升私募基金管理有限公司,多资产策略,FOF,,高,团队数据已有团队策略,多资产策略 / FOF,组合策略 / FOF,汇升共盈尊享=多资产策略/FOF,,
SB3454,汇升海鑫4号私募证券投资基金,江苏苏豪汇升私募基金管理有限公司,多资产策略,FOF,,高,团队数据已有团队策略,多资产策略 / FOF,组合策略 / FOF,汇升海鑫4号=多资产策略/FOF；汇升海鑫7号=多资产策略,,
SABA91,汇升海鑫4号一期私募证券投资基金,江苏苏豪汇升私募基金管理有限公司,多资产策略,FOF,,高,团队数据已有团队策略,多资产策略 / FOF,组合策略 / FOF,汇升海鑫4号一期=多资产策略/FOF,,
SAEN70,汇升海鑫5号二期私募证券投资基金,江苏苏豪汇升私募基金管理有限公司,多资产策略,FOF,,高,团队数据已有团队策略,多资产策略 / FOF,组合策略 / FOF,汇升海鑫5号二期=多资产策略/FOF,,
SAMN76,汇升海鑫7号私募证券投资基金,江苏苏豪汇升私募基金管理有限公司,多资产策略,,,高,团队数据已有团队策略,多资产策略,组合策略,汇升海鑫7号=多资产策略；汇升海鑫4号=多资产策略/FOF,,
SAVC48,汇升星汇泰山一号私募证券投资基金,江苏苏豪汇升私募基金管理有限公司,多资产策略,,,高,团队数据已有团队策略,多资产策略,组合策略,汇升星汇泰山一号=多资产策略,,
SXN430,汇智晨星-晨优1号私募证券投资基金,汇智晨星（北京）私募基金管理有限公司,多资产策略,股票期货复合,,高,团队数据已有团队策略,多资产策略 / 股票期货复合,期货策略 / 量化期货,汇智晨星-晨优1号=多资产策略/股票期货复合；汇智晨星-晨优3号=多资产策略/股票期货复合,,
SBHE88,汇智晨星-晨优3号私募证券投资基金,汇智晨星（北京）私募基金管理有限公司,多资产策略,股票期货复合,,高,团队数据已有团队策略,多资产策略 / 股票期货复合,,汇智晨星-晨优3号=多资产策略/股票期货复合；汇智晨星-晨优1号=多资产策略/股票期货复合,,
SAXE84,汇智晨星-启晨1号私募证券投资基金,汇智晨星（北京）私募基金管理有限公司,股票对冲,股票市场中性,高频,高,团队数据已有团队策略,股票对冲 / 股票市场中性 / 高频,,汇智晨星-启晨1号=股票对冲/股票市场中性/高频,,
SBCE99,汇智晨星-星耀1号私募证券投资基金,汇智晨星（北京）私募基金管理有限公司,期货策略,量化期货,"机器学习,中高频",高,团队数据已有团队策略,"期货策略 / 量化期货 / 机器学习,中高频","期货策略 / 量化期货 / 中高频,机器学习","汇智晨星-星耀1号=期货策略/量化期货/机器学习,中高频",,
SAJH60,会世丰盈5号私募证券投资基金,上海会世私募基金管理有限公司,期货策略,,,高,团队数据已有团队策略,期货策略,期货策略,会世丰盈5号=期货策略,,
SEC905,会世元丰CTA1号私募投资基金,上海会世私募基金管理有限公司,期货策略,量化期货,"大厂,时序,量价",高,团队数据已有团队策略；产品名含CTA,"期货策略 / 量化期货 / 大厂,时序,量价",期货策略 / 量化期货 / 混合均衡,"会世元丰CTA1号=期货策略/量化期货/大厂,时序,量价",,
SNX515,会世元启优孚CTA6号私募证券投资基金,上海会世私募基金管理有限公司,期货策略,量化期货,截面,高,团队数据已有团队策略；产品名含CTA,期货策略 / 量化期货 / 截面,期货策略 / 量化期货 / 截面,会世元启优孚CTA6号=期货策略/量化期货/截面,,
SCQ459,混沌天成-澜熙稳健2号私募证券投资基金,上海澜熙资产管理有限公司,期货策略,量化期货,基本面,高,团队数据已有团队策略,期货策略 / 量化期货 / 基本面,期货策略 / 量化期货 / 基本面,混沌天成-澜熙稳健2号=期货策略/量化期货/基本面,,
SADH15,积沐发现者私募证券投资基金,上海积沐私募基金管理有限公司,股票多头,指数增强,"500指增,基本面",高,团队数据已有团队策略,"股票多头 / 指数增强 / 500指增,基本面",股票多头 / 500指增,"积沐发现者=股票多头/指数增强/500指增,基本面",,
SAJJ91,积沐领航者私募证券投资基金,上海积沐私募基金管理有限公司,股票多头,指数增强,"1000指增,中频,另类因子",高,团队数据已有团队策略,"股票多头 / 指数增强 / 1000指增,中频,另类因子","股票多头 / 1000指增 / 中频,另类因子","积沐领航者=股票多头/指数增强/1000指增,中频,另类因子",,
SATR80,极量晨风一号私募证券投资基金,共青城极量投资管理合伙企业（有限合伙）,套利策略,,,高,团队数据已有团队策略,套利策略,套利策略 / 基金套利 / ETF套利,极量晨风一号=套利策略,,
SBGT82,极量鄱阳私募证券投资基金,共青城极量投资管理合伙企业（有限合伙）,股票对冲,打板,盘前板,高,团队数据已有团队策略,股票对冲 / 打板 / 盘前板,股票多头,极量鄱阳=股票对冲/打板/盘前板,,
SZB075,极量彦廷量化对冲一号私募证券投资基金,共青城极量投资管理合伙企业（有限合伙）,股票对冲,股票市场中性,多策略,高,团队数据已有团队策略；产品名含对冲,股票对冲 / 股票市场中性 / 多策略,股票对冲 / 股票市场中性,极量彦廷量化对冲一号=股票对冲/股票市场中性/多策略,,
STT649,佳期晨星私募证券投资基金五期,上海佳期私募基金管理有限公司,股票多头,,,高,团队数据已有团队策略,股票多头,股票多头 / 量化选股,佳期晨星五期=股票多头,,
SLJ139,佳期证星私募证券投资基金一期,上海佳期私募基金管理有限公司,股票多头,指数增强,"500指增,量价,高频",高,团队数据已有团队策略,"股票多头 / 指数增强 / 500指增,量价,高频","股票多头 / 500指增 / 高频,量价","佳期证星一期=股票多头/指数增强/500指增,量价,高频",,
STV351,佳岳-实投3号私募证券投资基金,海南佳岳私募证券基金管理有限公司,股票多头,主观多头,"价值成长,行业主题型",高,团队数据已有团队策略,"股票多头 / 主观多头 / 价值成长,行业主题型",股票多头 / 主观多头,"佳岳-实投3号=股票多头/主观多头/价值成长,行业主题型；佳岳-实投1号=股票多头/主观多头",,
STN495,佳岳-实投聚配1号私募证券投资基金,海南佳岳私募证券基金管理有限公司,股票多头,主观多头,,高,团队数据已有团队策略,股票多头 / 主观多头,股票多头 / 主观多头,"佳岳-实投聚配1号=股票多头/主观多头；佳岳-实投聚配3号=股票多头/主观多头；佳岳-实投聚配3号A类=股票多头/主观多头/其他,价值成长；佳岳-实投聚配2号A类=股票多头/主观多头；佳岳-实投聚配2号=股票多头/主观多头",,
SVG861,佳岳-实投聚配2号私募证券投资基金,海南佳岳私募证券基金管理有限公司,股票多头,主观多头,,高,团队数据已有团队策略,股票多头 / 主观多头,股票多头 / 主观多头,"佳岳-实投聚配2号=股票多头/主观多头；佳岳-实投聚配3号=股票多头/主观多头；佳岳-实投聚配3号A类=股票多头/主观多头/其他,价值成长；佳岳-实投聚配2号A类=股票多头/主观多头；佳岳-实投聚配1号=股票多头/主观多头",,
SVM978,佳泽守望一号私募证券投资基金,海南佳泽私募基金管理合伙企业（有限合伙）,股票多头,另类多头,,高,团队数据已有团队策略,股票多头 / 另类多头,股票多头 / 另类多头,佳泽守望一号=股票多头/另类多头；佳泽守望一号B类=股票多头/另类多头/衍生品；佳泽守望一号A类=股票多头/另类多头,,
SXL978,嘉策百煅十五号私募证券投资基金,上海嘉策百煅私募基金管理有限公司,股票对冲,股票T0,手工,高,团队数据已有团队策略,股票对冲 / 股票T0 / 手工,,嘉策百煅十五号=股票对冲/股票T0/手工,,
SXE364,嘉策百煅十一号私募证券投资基金,上海嘉策百煅私募基金管理有限公司,股票对冲,股票T0,手工,高,团队数据已有团队策略,股票对冲 / 股票T0 / 手工,,嘉策百煅十一号=股票对冲/股票T0/手工,,
SAKS59,嘉鸿精选6号私募证券投资基金,上海嘉鸿私募基金管理有限公司,股票对冲,打板,,高,团队数据已有团队策略,股票对冲 / 打板,股票对冲 / 择时对冲 / 打板,嘉鸿精选6号=股票对冲/打板；嘉鸿精选6号B类=股票对冲/打板/盘前板；嘉鸿精选6号A类=股票对冲/打板,,
SQP359,嘉鸿鲲鹏对冲二号私募证券投资基金,上海嘉鸿私募基金管理有限公司,期货策略,主观期货,能化,高,团队数据已有团队策略；产品名另指向股票对冲/,期货策略 / 主观期货 / 能化,期货策略 / 主观期货 / 能化,嘉鸿鲲鹏对冲二号=期货策略/主观期货/能化,,
SAEU36,嘉鸿璞真-聚配3号私募证券投资基金,上海嘉鸿私募基金管理有限公司,股票对冲,打板,盘中板,高,团队数据已有团队策略,股票对冲 / 打板 / 盘中板,股票对冲 / 择时对冲,嘉鸿璞真-聚配3号=股票对冲/打板/盘中板；嘉鸿璞真-聚配3号B类=股票对冲,,
SNY759,嘉鸿璞真1号私募证券投资基金,上海嘉鸿私募基金管理有限公司,股票对冲,打板,,高,团队数据已有团队策略,股票对冲 / 打板,股票对冲 / 择时对冲 / 打板,"嘉鸿璞真1号=股票对冲/打板；嘉鸿璞真5号=股票对冲/打板/盘前板,量化,盘中板；嘉鸿璞真1号B类=股票对冲/打板/量化,盘中板；嘉鸿璞真5号B类=股票对冲/打板/盘前板,量化,盘中板；嘉鸿璞真1号A类=股票对冲/打板；嘉鸿璞真6号B类=多资产策略/FOF；嘉鸿璞真6号=多资产策略/FOF",,
SLQ933,嘉兴灏象量化CTA一号私募证券投资基金,上海艾礼象私募基金管理合伙企业（有限合伙）,期货策略,量化期货,中高频,高,团队数据已有团队策略；产品名含量化期货/CTA,期货策略 / 量化期货 / 中高频,期货策略 / 量化期货 / 中高频,嘉兴灏象量化CTA一号=期货策略/量化期货/中高频；嘉兴灏象量化CTA一号A类=期货策略/量化期货/中高频,,
SB3213,嘉懿炽阳私募证券投资基金,上海嘉懿萃私募基金管理有限公司,多资产策略,,,高,团队数据已有团队策略,多资产策略,多资产策略 / 复合策略,嘉懿炽阳=多资产策略,,
SZX144,嘉懿骄阳私募证券投资基金,上海嘉懿萃私募基金管理有限公司,多资产策略,,,高,团队数据已有团队策略,多资产策略,多资产策略 / 复合策略,嘉懿骄阳=多资产策略,,
SXL927,嘉懿瑾瑜私募证券投资基金,上海嘉懿萃私募基金管理有限公司,股票多头,可转债多头,,高,团队数据已有团队策略,股票多头 / 可转债多头,股票多头 / 可转债多头,嘉懿瑾瑜=股票多头/可转债多头；嘉懿瑾瑜A类=股票多头/可转债多头,,
SVQ946,嘉懿日正私募证券投资基金,上海嘉懿萃私募基金管理有限公司,多资产策略,,,高,团队数据已有团队策略,多资产策略,多资产策略 / 复合策略,嘉懿日正=多资产策略,,
SAZY21,简文大有私募证券投资基金,上海简文私募基金管理有限公司,股票对冲,打板,,高,团队数据已有团队策略,股票对冲 / 打板,股票对冲 / 择时对冲 / 打板,简文大有=股票对冲/打板,,
SAFF81,简文长风1号私募证券投资基金,上海简文私募基金管理有限公司,套利策略,期货套利,"跨期套利,跨品种套利",高,团队数据已有团队策略,"套利策略 / 期货套利 / 跨期套利,跨品种套利",套利策略 / 期货套利 / 跨期套利,"简文长风1号=套利策略/期货套利/跨期套利,跨品种套利；简文长风1号B类=股票多头/指数增强/300指增",,
SAVV99,简文致盛尊享一号私募证券投资基金,上海简文私募基金管理有限公司,股票多头,另类多头,高频,高,同系列/份额已有团队策略,,,简文致盛尊享一号B类=股票多头/另类多头/高频,,
SBRA04,江煦红运一号私募证券投资基金,上海江煦投资管理有限公司,股票多头,,,高,团队数据已有团队策略,股票多头,股票多头,江煦红运一号=股票多头,,
SAYS89,江煦精选对冲一号私募证券投资基金,上海江煦投资管理有限公司,股票对冲,股票多空,,高,团队数据已有团队策略；产品名含对冲,股票对冲 / 股票多空,股票对冲 / 股票多空,江煦精选对冲一号=股票对冲/股票多空,,
SBML48,江煦千帆股票精选一号私募证券投资基金,上海江煦投资管理有限公司,股票多头,,,高,团队数据已有团队策略,股票多头,股票多头,江煦千帆股票精选一号=股票多头,,
SBPH97,江煦臻选对冲一号私募证券投资基金,上海江煦投资管理有限公司,股票对冲,,,高,团队数据已有团队策略；产品名含对冲,股票对冲,股票对冲,江煦臻选对冲一号=股票对冲,,
SACA15,交叉智能-启元一号私募证券投资基金,交叉智能（北京）私募基金管理有限公司,期货策略,量化期货,中高频,高,团队数据已有团队策略,期货策略 / 量化期货 / 中高频,期货策略 / 量化期货 / 中高频,交叉智能-启元一号=期货策略/量化期货/中高频,,
SATZ55,交叉智能恒元1号私募证券投资基金,交叉智能（北京）私募基金管理有限公司,套利策略,期货套利,,高,团队数据已有团队策略,套利策略 / 期货套利,套利策略 / 期货套利,交叉智能恒元1号=套利策略/期货套利,,
SAUQ94,阶石稳健2号私募证券投资基金,深圳阶石私募证券基金管理有限公司,套利策略,,,高,团队数据已有团队策略,套利策略,套利策略 / 基金套利 / ETF套利,阶石稳健2号=套利策略；阶石稳健9号=套利策略；阶石稳健7号=股票多头；阶石稳健8号=股票多头；阶石稳健1号=套利策略,,
SAWS84,阶石稳健7号私募证券投资基金,深圳阶石私募证券基金管理有限公司,股票多头,,,高,团队数据已有团队策略,股票多头,股票多头,阶石稳健7号=股票多头；阶石稳健2号=套利策略；阶石稳健9号=套利策略；阶石稳健8号=股票多头；阶石稳健1号=套利策略,,
SALF11,金锝闻广1号私募证券投资基金,上海金锝私募基金管理有限公司,债券策略,债券混合,,高,团队数据已有团队策略,债券策略 / 债券混合,多资产策略 / 复合策略,金锝闻广1号=债券策略/债券混合；金锝闻广2号=股票多头/可转债多头/量化,,
SANV96,金锝暄锦1号私募证券投资基金,上海金锝私募基金管理有限公司,债券策略,利率债,"套利,国债收益互换",高,团队数据已有团队策略,"债券策略 / 利率债 / 套利,国债收益互换",债券策略 / 利率债,"金锝暄锦1号=债券策略/利率债/套利,国债收益互换；金锝暄锦2号=债券策略/利率债",,
STA933,金和和善对冲1号私募证券投资基金,上海金和晟私募基金管理有限公司,套利策略,期货套利,商品套利,高,团队数据已有团队策略；产品名另指向股票对冲/,套利策略 / 期货套利 / 商品套利,,金和和善对冲1号=套利策略/期货套利/商品套利；金和和善对冲5号=套利策略,,
SNQ996,金和全天候1号私募证券投资基金,上海金和晟私募基金管理有限公司,多资产策略,宏观策略,"海外,量化",高,团队数据已有团队策略,"多资产策略 / 宏观策略 / 海外,量化",多资产策略 / 宏观策略,"金和全天候1号=多资产策略/宏观策略/海外,量化",,
SSN885,金瑞凤凰同心1号集合资产管理计划,金瑞期货股份有限公司,期权策略,场内期权,期权套利,高,团队数据已有团队策略,期权策略 / 场内期权 / 期权套利,套利策略 / 期权套利 / 曲面套利,金瑞凤凰同心1号=期权策略/场内期权/期权套利,,
SAZH88,金时信星际风云一号私募证券投资基金,武汉金时信私募基金管理有限公司,股票对冲,打板,盘中板,高,同系列/份额已有团队策略,,,金时信星际风云一号私募证券投资基金B类=股票对冲/打板/盘中板,,
SAPN60,金友宏观对冲1号私募证券投资基金,南京金友私募基金管理有限公司,股票对冲,,,高,团队数据已有团队策略；产品名含对冲,股票对冲,股票对冲,金友宏观对冲1号=股票对冲,,
SBFM35,金友至远1号私募证券投资基金,南京金友私募基金管理有限公司,期货策略,量化期货,"量价,中高频",高,团队数据已有团队策略,"期货策略 / 量化期货 / 量价,中高频","期货策略 / 量化期货 / 中高频,量价","金友至远1号=期货策略/量化期货/量价,中高频；金友至远1号A类=期货策略/量化期货/量价,中高频",,
SGN660,金舆成长臻选私募证券投资基金,上海金舆资产管理有限公司,股票多头,主观多头,"价值均衡,港股",高,团队数据已有团队策略,"股票多头 / 主观多头 / 价值均衡,港股",,"金舆成长臻选=股票多头/主观多头/价值均衡,港股",,
SCU622,金舆稳健增长1号FOF私募证券投资基金,上海金舆资产管理有限公司,多资产策略,FOF,,高,产品名含FOF,,,,,
SLV071,金舆长风价值优选私募证券投资基金,上海金舆资产管理有限公司,股票多头,主观多头,"港股,价值均衡",高,团队数据已有团队策略,"股票多头 / 主观多头 / 港股,价值均衡",,"金舆长风价值优选=股票多头/主观多头/港股,价值均衡",,
SBQL81,锦福源中证500指增1号私募证券投资基金,锦福源（海南）私募基金管理合伙企业（有限合伙）,股票多头,指数增强,500指增,高,团队数据已有团队策略；产品名含500指增,股票多头,股票多头,锦福源中证500指增1号=股票多头,,
SNJ907,进化论稳泰对冲1号私募证券投资基金,海南进化论私募基金管理有限公司,股票对冲,股票市场中性,,高,团队数据已有团队策略；产品名含对冲,股票对冲 / 股票市场中性,股票对冲 / 股票市场中性,进化论稳泰对冲1号=股票对冲/股票市场中性,,
SVD559,京华世家远扬股票精选私募证券投资基金,京华世家私募基金管理（北京）有限公司,股票多头,主观多头,,高,团队数据已有团队策略,股票多头 / 主观多头,股票多头 / 主观多头,京华世家远扬股票精选=股票多头/主观多头,,
SNE134,鲸睿新艺2号私募证券投资基金,上海鲸睿资产管理有限公司,套利策略,,,高,团队数据已有团队策略,套利策略,套利策略 / 基金套利 / ETF套利,鲸睿新艺2号=套利策略；鲸睿新艺4号=股票多头/可转债多头；鲸睿新艺9号=套利策略,,
SNQ601,鲸睿新艺4号私募证券投资基金,上海鲸睿资产管理有限公司,股票多头,可转债多头,,高,团队数据已有团队策略,股票多头 / 可转债多头,股票多头 / 可转债多头,鲸睿新艺4号=股票多头/可转债多头；鲸睿新艺9号=套利策略；鲸睿新艺2号=套利策略,,
SXJ879,鲸睿新艺9号私募证券投资基金,上海鲸睿资产管理有限公司,套利策略,,,高,团队数据已有团队策略,套利策略,套利策略 / 基金套利 / ETF套利,鲸睿新艺9号=套利策略；鲸睿新艺4号=股票多头/可转债多头；鲸睿新艺2号=套利策略,,
SK1242,景上源1号私募证券投资基金,杭州景上源私募基金管理有限公司,期货策略,主观期货,"黑色,产业对冲",高,团队数据已有团队策略,"期货策略 / 主观期货 / 黑色,产业对冲","期货策略 / 主观期货 / 产业对冲,黑色","景上源1号=期货策略/主观期货/黑色,产业对冲",,
SAWM72,景上源和合1号私募证券投资基金,杭州景上源私募基金管理有限公司,期货策略,,,高,团队数据已有团队策略,期货策略,期货策略,景上源和合1号=期货策略,,
SSX423,景上源星辰3号私募证券投资基金,杭州景上源私募基金管理有限公司,期货策略,主观期货,,高,团队数据已有团队策略,期货策略 / 主观期货,期货策略 / 主观期货,景上源星辰3号=期货策略/主观期货；景上源星辰5号=期货策略/主观期货/黑色,,
SAJX69,景上源知守1号私募证券投资基金,杭州景上源私募基金管理有限公司,期货策略,,,高,团队数据已有团队策略,期货策略,期货策略,景上源知守1号=期货策略,,
SER537,景资锐联多元化旗舰一号私募基金,上海锐联景淳投资管理有限公司,多资产策略,,,高,团队数据已有团队策略,多资产策略,多资产策略 / 复合策略,景资锐联多元化旗舰一号=多资产策略；景资锐联多元化旗舰一号B类=多资产策略,,
SEF596,九坤股票多空配置1号私募证券投资基金,九坤投资（北京）有限公司,股票对冲,股票市场中性,,高,团队数据已有团队策略；产品名含多空,股票对冲 / 股票市场中性,股票对冲 / 股票多空,九坤股票多空配置1号=股票对冲/股票市场中性,,
SXD399,九坤千舆中证1000指数增强专享8号私募证券投资基金,九坤投资（北京）有限公司,股票多头,指数增强,1000指增,高,团队数据已有团队策略；产品名含1000指增,股票多头 / 指数增强 / 1000指增,股票多头 / 1000指增,九坤千舆中证1000指数增强专享8号=股票多头/指数增强/1000指增,,
ST9803,九坤日享沪深300指数增强1号私募基金,九坤投资（北京）有限公司,股票多头,指数增强,"300指增,量价,中频",高,团队数据已有团队策略；产品名含300指增,"股票多头 / 指数增强 / 300指增,量价,中频","股票多头 / 300指增 / 中频,量价","九坤日享沪深300指数增强1号=股票多头/指数增强/300指增,量价,中频；九坤日享沪深300指数增强1号A类=股票多头/指数增强/300指增,中频,量价",,
SCP381,九坤日享中证1000指数增强1号私募基金,九坤投资（北京）有限公司,股票多头,指数增强,"1000指增,量价,中频",高,团队数据已有团队策略；产品名含1000指增,"股票多头 / 指数增强 / 1000指增,量价,中频","股票多头 / 1000指增 / 中频,量价","九坤日享中证1000指数增强1号=股票多头/指数增强/1000指增,量价,中频",,
ST9804,九坤日享中证500指数增强1号私募基金,九坤投资（北京）有限公司,股票多头,指数增强,"500指增,量价,中频",高,团队数据已有团队策略；产品名含500指增,"股票多头 / 指数增强 / 500指增,量价,中频","股票多头 / 500指增 / 中频,量价","九坤日享中证500指数增强1号=股票多头/指数增强/500指增,量价,中频",,
SCK972,九鞅禾瑞八号私募证券投资基金,上海九鞅投资管理合伙企业（有限合伙）,股票多头,指数增强,"500指增,基本面",高,团队数据已有团队策略,"股票多头 / 指数增强 / 500指增,基本面",股票多头 / 500指增 / 基本面,"九鞅禾瑞八号=股票多头/指数增强/500指增,基本面",,
SSY826,久期量和CTA1号私募证券投资基金,上海久期量和投资有限公司,期货策略,量化期货,时序,高,团队数据已有团队策略；产品名含CTA,期货策略 / 量化期货 / 时序,期货策略 / 量化期货 / 时序,久期量和CTA1号=期货策略/量化期货/时序,,
SNF511,久熙CTA锐进1期私募证券投资基金,北京久熙资产管理有限公司,期货策略,量化期货,时序,高,团队数据已有团队策略；产品名含CTA,期货策略 / 量化期货 / 时序,期货策略 / 量化期货 / 时序,久熙CTA锐进1期=期货策略/量化期货/时序,,
SBJW02,巨量均衡科技精选一号私募证券投资基金,巨量均衡私募证券基金管理（珠海）有限公司,期货策略,,,高,团队数据已有团队策略,期货策略,期货策略,巨量均衡科技精选一号=期货策略,,
SAEL58,巨量均衡小微沧海九号私募证券投资基金,巨量均衡私募证券基金管理（珠海）有限公司,股票多头,另类多头,择时择股,高,团队数据已有团队策略,股票多头 / 另类多头 / 择时择股,股票多头 / 量化选股,巨量均衡小微沧海九号=股票多头/另类多头/择时择股,,
SAYJ71,钜融六盘山1号私募证券投资基金,中海外钜融资产管理集团有限公司,股票对冲,打板,"量化,盘中板",高,团队数据已有团队策略,"股票对冲 / 打板 / 量化,盘中板",股票多头,"钜融六盘山1号=股票对冲/打板/量化,盘中板；钜融六盘山1号A类=股票对冲/打板/量化,盘中板；钜融六盘山1号B类=股票对冲/打板/盘中板",,
SAUH91,钜融娄山关1号私募证券投资基金,中海外钜融资产管理集团有限公司,股票对冲,打板,"量化,盘中板",高,团队数据已有团队策略,"股票对冲 / 打板 / 量化,盘中板",股票多头,"钜融娄山关1号=股票对冲/打板/量化,盘中板",,
SNF018,钜融添宝20号私募证券投资基金,中海外钜融资产管理集团有限公司,股票对冲,打板,"盘中板,量化,排板",高,团队数据已有团队策略,"股票对冲 / 打板 / 盘中板,量化,排板","股票对冲 / 择时对冲 / 打板,量化","钜融添宝20号=股票对冲/打板/盘中板,量化,排板",,
SSP741,聚宽对冲五号私募证券投资基金,北京聚宽投资管理有限公司,股票对冲,股票市场中性,"500中性,中频",高,团队数据已有团队策略；产品名含对冲,"股票对冲 / 股票市场中性 / 500中性,中频","股票对冲 / 股票市场中性 / 中频,500中性","聚宽对冲五号=股票对冲/股票市场中性/500中性,中频",,
SNN100,聚宽中证1000指数增强一号私募证券投资基金,北京聚宽投资管理有限公司,股票多头,指数增强,"1000指增,中频",高,团队数据已有团队策略；产品名含1000指增,"股票多头 / 指数增强 / 1000指增,中频",股票多头 / 1000指增,"聚宽中证1000指数增强一号=股票多头/指数增强/1000指增,中频",,
SJJ717,聚宽中证500指数增强三号私募证券投资基金,北京聚宽投资管理有限公司,股票多头,指数增强,500指增,高,团队数据已有团队策略；产品名含500指增,股票多头 / 指数增强 / 500指增,股票多头 / 500指增,聚宽中证500指数增强三号=股票多头/指数增强/500指增,,
SQM495,隽贤隽才1号证券投资私募基金,上海隽贤投资管理有限公司,套利策略,期货套利,"跨期套利,商品套利",高,团队数据已有团队策略,"套利策略 / 期货套利 / 跨期套利,商品套利","套利策略 / 期货套利 / 跨期套利,商品套利","隽才1号=套利策略/期货套利/跨期套利,商品套利",,
SBNB10,君和九思君怡1号私募证券投资基金,北京君和九思私募基金管理有限公司,套利策略,,,高,团队数据已有团队策略,套利策略,套利策略,君和九思君怡1号=套利策略,,
SAJK43,君和九思套利4号私募证券投资基金,北京君和九思私募基金管理有限公司,套利策略,期货套利,"跨期套利,跨市场套利",高,团队数据已有团队策略；产品名含套利,"套利策略 / 期货套利 / 跨期套利,跨市场套利","套利策略 / 期货套利 / 跨期套利,商品套利,跨市场套利","君和九思套利4号=套利策略/期货套利/跨期套利,跨市场套利；君和九思套利2号=套利策略",,
SXZ254,君信泓远1号私募证券投资基金,北京东方君信私募基金管理有限公司,期货策略,主观期货,,高,团队数据已有团队策略,期货策略 / 主观期货,期货策略 / 主观期货,君信泓远1号=期货策略/主观期货,,
SABV41,君信汇富一号私募证券投资基金,福建君信私募基金管理有限公司,股票多头,主观多头,交易型,高,团队数据已有团队策略,股票多头 / 主观多头 / 交易型,股票多头 / 主观多头 / 交易型,君信汇富一号=股票多头/主观多头/交易型,,
SEM163,君信荣耀一号私募基金,福建君信私募基金管理有限公司,期权策略,场内期权,金融卖波,高,团队数据已有团队策略,期权策略 / 场内期权 / 金融卖波,"期权策略 / 场内期权 / 金融期权,定价卖波",君信荣耀一号=期权策略/场内期权/金融卖波,,
SQD028,君信王者二号私募证券投资基金,福建君信私募基金管理有限公司,期货策略,量化期货,高频,高,团队数据已有团队策略,期货策略 / 量化期货 / 高频,期货策略 / 量化期货 / 高频,君信王者二号=期货策略/量化期货/高频,,
SQK417,君信王者三号私募证券投资基金,福建君信私募基金管理有限公司,股票多头,指数增强,北证50指增,高,团队数据已有团队策略,股票多头 / 指数增强 / 北证50指增,股票多头 / 风格指增,君信王者三号=股票多头/指数增强/北证50指增,,
SBND12,君信中证1000指增1号私募证券投资基金,北京东方君信私募基金管理有限公司,股票多头,指数增强,1000指增,高,团队数据已有团队策略；产品名含1000指增,股票多头 / 指数增强 / 1000指增,,君信中证1000指增1号=股票多头/指数增强/1000指增,,
SAPH90,君信专享1号私募证券投资基金,北京东方君信私募基金管理有限公司,多资产策略,股票期货复合,,高,团队数据已有团队策略,多资产策略 / 股票期货复合,,君信专享1号=多资产策略/股票期货复合；君信专享2号=期货策略/量化期货/高频；君信专享3号=股票对冲/股票市场中性/多策略,,
SAXX01,君信专享2号私募证券投资基金,北京东方君信私募基金管理有限公司,期货策略,量化期货,高频,高,团队数据已有团队策略,期货策略 / 量化期货 / 高频,,君信专享2号=期货策略/量化期货/高频；君信专享1号=多资产策略/股票期货复合；君信专享3号=股票对冲/股票市场中性/多策略,,
SSB569,君宜共达私募证券投资基金,深圳君宜私募证券基金管理有限公司,期权策略,场内期权,商品波动率,高,团队数据已有团队策略,期权策略 / 场内期权 / 商品波动率,期权策略 / 场内期权 / 定价卖波,君宜共达=期权策略/场内期权/商品波动率,,
SBNR74,君跃飞扬鲲鹏私募证券投资基金,上海君跃私募基金管理有限公司,股票对冲,打板,强势股,高,团队数据已有团队策略,股票对冲 / 打板 / 强势股,股票对冲 / 择时对冲 / 强势股,君跃飞扬鲲鹏=股票对冲/打板/强势股,,
SXG537,均成安益5号私募证券投资基金,广东横琴均成私募基金管理有限公司,期货策略,量化期货,混合,高,团队数据已有团队策略,期货策略 / 量化期货 / 混合,,均成安益5号=期货策略/量化期货/混合,,
SNC604,均成宏观对冲1号私募证券投资基金,广东横琴均成私募基金管理有限公司,多资产策略,股票期货复合,,高,团队数据已有团队策略；产品名另指向股票对冲/,多资产策略 / 股票期货复合,多资产策略 / 复合策略,均成宏观对冲1号=多资产策略/股票期货复合,,
SAFG53,均成均享1号私募证券投资基金,广东横琴均成私募基金管理有限公司,期货策略,,,高,团队数据已有团队策略,期货策略,期货策略,均成均享1号=期货策略；均成均享1号B类=多资产策略/股票期货复合,,
SNV353,均泰泰山一号私募证券投资基金,海南均泰基金管理有限公司,股票对冲,打板,盘中板,高,团队数据已有团队策略,股票对冲 / 打板 / 盘中板,股票对冲 / 择时对冲 / 打板,均泰泰山一号=股票对冲/打板/盘中板,,
SABJ63,俊丹龙盘一号私募证券投资基金,上海俊丹私募基金管理有限公司,股票对冲,,,高,团队数据已有团队策略,股票对冲,股票对冲,俊丹龙盘一号=股票对冲,,
SBAK10,俊丹鹰击一号私募证券投资基金,上海俊丹私募基金管理有限公司,股票对冲,打板,"盘中板,主观",高,团队数据已有团队策略,"股票对冲 / 打板 / 盘中板,主观",股票对冲 / 择时对冲 / 打板,"俊丹鹰击一号=股票对冲/打板/盘中板,主观；俊丹鹰击一号A类=股票对冲/打板/主观,盘中板,排板",,
SZN148,开思金选港股通1号私募证券投资基金,上海开思私募基金管理有限公司,股票多头,主观多头,港股,高,团队数据已有团队策略,股票多头 / 主观多头 / 港股,股票多头 / 主观多头 / 港股,开思金选港股通1号=股票多头/主观多头/港股,,
SXA895,凯读投资君怡3号私募证券投资基金,北京凯读私募基金管理有限公司,股票对冲,股票市场中性,,高,团队数据已有团队策略,股票对冲 / 股票市场中性,股票对冲 / 股票市场中性,凯读投资君怡3号=股票对冲/股票市场中性；凯读投资君怡3号A类=股票对冲/股票市场中性,,
SQV367,凯普乐飒露紫1号私募证券投资基金,成都凯普乐资产管理有限公司,期货策略,主观期货,,高,团队数据已有团队策略,期货策略 / 主观期货,期货策略 / 主观期货,凯普乐飒露紫1号=期货策略/主观期货,,
SVZ904,凯瑞2号臻选私募证券投资基金,臻选（海南）私募基金管理有限公司,多资产策略,FOF,,高,团队数据已有团队策略,多资产策略 / FOF,组合策略 / FOF,凯瑞2号臻选=多资产策略/FOF,,
SAUM14,凯什黎明忆创1号私募证券投资基金,海南省凯什私募基金管理有限公司,股票多头,,,高,团队数据已有团队策略,股票多头,股票多头,凯什黎明忆创1号=股票多头,,
SZM566,凯双贡嘎17号私募证券投资基金,上海凯双私募基金管理有限公司,期权策略,场内期权,,高,团队数据已有团队策略,期权策略 / 场内期权,"期权策略 / 场内期权 / 金融期权,期权多策略",凯双贡嘎17号=期权策略/场内期权,,
STB484,楷双昆仑9号私募证券投资基金,上海凯双私募基金管理有限公司,期权策略,场内期权,,高,团队数据已有团队策略,期权策略 / 场内期权,期权策略 / 场内期权 / 金融期权,楷双昆仑9号=期权策略/场内期权,,
SQN183,锴量承影三号私募证券投资基金,上海锴量投资管理有限公司,期货策略,量化期货,,高,团队数据已有团队策略,期货策略 / 量化期货,期货策略 / 量化期货,锴量承影三号=期货策略/量化期货,,
SZR691,瞰点瞰海1号私募证券投资基金,海南瞰点私募基金管理合伙企业（有限合伙）,股票对冲,股票市场中性,"500中性,量价,高频",高,团队数据已有团队策略,"股票对冲 / 股票市场中性 / 500中性,量价,高频","股票对冲 / 股票市场中性 / 高频,量价,500中性","瞰点瞰海1号=股票对冲/股票市场中性/500中性,量价,高频",,
SAJF57,垦禾平稳1号私募证券投资基金,垦禾私募基金管理（北京）有限公司,套利策略,可转债套利,,高,团队数据已有团队策略,套利策略 / 可转债套利,股票多头 / 可转债多头,兴途垦禾平稳1号=套利策略/可转债套利,,
SJF555,宽德金选中证500指数增强6号私募证券投资基金,上海宽德私募基金管理中心（有限合伙）,股票多头,指数增强,"500指增,量价,中频",高,团队数据已有团队策略；产品名含500指增,"股票多头 / 指数增强 / 500指增,量价,中频","股票多头 / 500指增 / 中频,量价","宽德金选中证500指数增强6号=股票多头/指数增强/500指增,量价,中频",,
STD264,宽德中证1000指数增强2号私募证券投资基金,上海宽德私募基金管理中心（有限合伙）,股票多头,指数增强,"1000指增,量价,机器学习,中频",高,团队数据已有团队策略；产品名含1000指增,"股票多头 / 指数增强 / 1000指增,量价,机器学习,中频",股票多头 / 1000指增,"宽德中证1000指数增强2号=股票多头/指数增强/1000指增,量价,机器学习,中频",,
SQA834,宽德卓越6号私募证券投资基金,珠海宽德私募基金管理有限公司,期货策略,量化期货,"大厂,混合,中高频",高,团队数据已有团队策略,"期货策略 / 量化期货 / 大厂,混合,中高频","期货策略 / 量化期货 / 混合均衡,中高频","宽德卓越6号=期货策略/量化期货/大厂,混合,中高频",,
SAGB28,宽渡安如1号私募证券投资基金,上海宽渡私募基金管理有限公司,股票多头,,,高,团队数据已有团队策略,股票多头,股票多头,宽渡安如1号=股票多头,,
SB9627,宽辅千汇精选1号私募证券投资基金,海南宽辅私募基金管理合伙企业（有限合伙）,股票对冲,股票市场中性,,高,团队数据已有团队策略,股票对冲 / 股票市场中性,股票对冲 / 股票市场中性,宽辅千汇精选1号=股票对冲/股票市场中性,,
SZY498,宽辅远航安心市场中性2号私募证券投资基金,海南宽辅私募基金管理合伙企业（有限合伙）,股票对冲,股票市场中性,,高,团队数据已有团队策略；产品名含中性,股票对冲 / 股票市场中性,股票对冲 / 股票市场中性,"宽辅远航安心市场中性2号=股票对冲/股票市场中性；宽辅远航安心市场中性1号=股票对冲/股票市场中性/500中性,量价,中频",,
SGK163,宽投宽涌私募证券投资基金,上海宽投资产管理有限公司,股票多头,指数增强,"500指增,量价,中频",高,团队数据已有团队策略,"股票多头 / 指数增强 / 500指增,量价,中频","股票多头 / 500指增 / 中频,量价","宽投宽涌=股票多头/指数增强/500指增,量价,中频",,
SW0500,宽投量化三号私募投资基金,上海宽投资产管理有限公司,套利策略,,,高,团队数据已有团队策略,套利策略,套利策略 / 期货套利,宽投量化三号=套利策略,,
STK719,宽投千帆私募证券投资基金,上海宽投资产管理有限公司,股票多头,指数增强,1000指增,高,团队数据已有团队策略,股票多头 / 指数增强 / 1000指增,股票多头 / 1000指增,宽投千帆=股票多头/指数增强/1000指增,,
STY673,坤望量化对冲2号私募证券投资基金,上海坤望私募基金管理有限公司,股票对冲,股票市场中性,,高,团队数据已有团队策略；产品名含对冲,股票对冲 / 股票市场中性,股票对冲 / 股票市场中性,坤望量化对冲2号=股票对冲/股票市场中性；坤望量化对冲5号=股票对冲/股票市场中性,,
SAHK21,坤望量化选股4号私募证券投资基金,上海坤望私募基金管理有限公司,股票多头,,,高,团队数据已有团队策略,股票多头,股票多头 / 量化选股,坤望量化选股4号=股票多头；坤望量化选股1号=股票多头；坤望量化选股5号=股票多头；坤望量化选股3号=股票多头,,
SANN40,坤望量化选股5号私募证券投资基金,上海坤望私募基金管理有限公司,股票多头,,,高,团队数据已有团队策略,股票多头,股票多头 / 量化选股,坤望量化选股5号=股票多头；坤望量化选股1号=股票多头；坤望量化选股4号=股票多头；坤望量化选股3号=股票多头,,
SBAP99,坤望量化优选1号私募证券投资基金,上海坤望私募基金管理有限公司,股票对冲,打板,强势股,高,团队数据已有团队策略,股票对冲 / 打板 / 强势股,股票对冲 / 择时对冲 / 强势股,坤望量化优选1号=股票对冲/打板/强势股；坤望量化优选2号=股票对冲/股票市场中性,,
SAUK17,坤望隆盛专享5号私募证券投资基金,上海坤望私募基金管理有限公司,股票多头,,,高,团队数据已有团队策略,股票多头,股票多头,坤望隆盛专享5号=股票多头；坤望隆盛专享1号=多资产策略,,
SADC60,坤望专享11号私募证券投资基金,上海坤望私募基金管理有限公司,股票对冲,股票市场中性,量价,高,团队数据已有团队策略,股票对冲 / 股票市场中性 / 量价,期货策略 / 量化期货,坤望专享11号=股票对冲/股票市场中性/量价；坤望专享2号=期货策略/量化期货/高频；坤望专享6号=期货策略/量化期货；坤望专享7号=期货策略/量化期货,,
SZE008,坤望专享6号私募证券投资基金,上海坤望私募基金管理有限公司,期货策略,量化期货,,高,团队数据已有团队策略,期货策略 / 量化期货,期货策略 / 量化期货,坤望专享6号=期货策略/量化期货；坤望专享11号=股票对冲/股票市场中性/量价；坤望专享2号=期货策略/量化期货/高频；坤望专享7号=期货策略/量化期货,,
SB2996,琨融盛扬一号私募证券投资基金,天津琨融私募基金管理有限公司,期货策略,主观期货,黑色,高,团队数据已有团队策略,期货策略 / 主观期货 / 黑色,期货策略 / 主观期货,琨融盛扬一号=期货策略/主观期货/黑色,,
SXN204,兰盈量化CTA1号私募证券投资基金,兰盈量投私募基金管理（上海）有限公司,期货策略,量化期货,"混合,机器学习,中高频",高,团队数据已有团队策略；产品名含量化期货/CTA,"期货策略 / 量化期货 / 混合,机器学习,中高频","期货策略 / 量化期货 / 时序,中高频,机器学习","兰盈量化CTA1号=期货策略/量化期货/混合,机器学习,中高频；兰盈量化CTA1号A类=期货策略/量化期货/混合；兰盈量化CTA1号B类=期货策略/量化期货/混合；兰盈量化CTA3号=期货策略/量化期货；兰盈量化CTA4号=期货策略/量化期货",,
SZL226,兰盈奇异1号私募证券投资基金,兰盈量投私募基金管理（上海）有限公司,期权策略,场外期权,,高,团队数据已有团队策略,期权策略 / 场外期权,期权策略 / 场内期权 / 中性波动率交易,兰盈奇异1号=期权策略/场外期权；兰盈奇异3号=期权策略/场内期权；兰盈奇异3号A类=期权策略/场内期权/商品波动率；兰盈奇异1号A类=期权策略/场内期权/商品波动率；兰盈奇异3号B类=期货策略/量化期货/混合；兰盈奇异1号B类=期权策略/场内期权/商品波动率,,
S03922,兰盈奇异3号私募证券投资基金,兰盈量投私募基金管理（上海）有限公司,期权策略,场内期权,,高,团队数据已有团队策略,期权策略 / 场内期权,期权策略 / 场内期权 / 中性波动率交易,兰盈奇异3号=期权策略/场内期权；兰盈奇异3号A类=期权策略/场内期权/商品波动率；兰盈奇异1号A类=期权策略/场内期权/商品波动率；兰盈奇异3号B类=期货策略/量化期货/混合；兰盈奇异1号B类=期权策略/场内期权/商品波动率；兰盈奇异1号=期权策略/场外期权,,
SXX976,兰盈微观1号私募证券投资基金,兰盈量投私募基金管理（上海）有限公司,期权策略,场内期权,商品波动率,高,团队数据已有团队策略,期权策略 / 场内期权 / 商品波动率,期权策略 / 场内期权 / 中性波动率交易,兰盈微观1号=期权策略/场内期权/商品波动率；兰盈微观1号A类=期权策略/场内期权/商品波动率；兰盈微观1号B类=期权策略/场内期权/商品波动率,,
SBDJ65,兰盈中性增强私募证券投资基金,兰盈量投私募基金管理（上海）有限公司,股票对冲,股票市场中性,,高,产品名含中性,,,,,
SXM192,蓝墨长河3号私募证券投资基金,上海蓝墨投资管理有限公司,股票多头,主观多头,,高,团队数据已有团队策略,股票多头 / 主观多头,股票多头 / 主观多头,"蓝墨长河3号=股票多头/主观多头；蓝墨长河1号=股票多头/主观多头/价值均衡,港股；蓝墨长河2号=股票多头/主观多头；蓝墨长河8号=股票多头/主观多头",,
SBPY84,澜胜稳赋套利1号私募证券投资基金,上海澜胜私募基金管理有限公司,套利策略,ETF套利,跨境ETF,高,团队数据已有团队策略；产品名含套利,套利策略 / ETF套利 / 跨境ETF,,澜胜稳赋套利1号=套利策略/ETF套利/跨境ETF,,
SSN411,澜熙趋势先锋私募证券投资基金一号,上海澜熙资产管理有限公司,股票多头,另类多头,"择时择股,持仓集中",高,团队数据已有团队策略,"股票多头 / 另类多头 / 择时择股,持仓集中","股票多头 / 另类多头 / 择时择股,持仓集中","澜熙趋势先锋一号=股票多头/另类多头/择时择股,持仓集中",,
SASX99,澜熙险峰1号私募证券投资基金,上海澜熙资产管理有限公司,股票多头,,,高,团队数据已有团队策略,股票多头,股票多头,澜熙险峰1号=股票多头,,
SBCU82,澜熙星瀚1号私募证券投资基金,上海澜熙资产管理有限公司,股票对冲,打板,盘中板,高,同系列/份额已有团队策略,,,澜熙星瀚1号私募证券投资基金A类=股票对冲/打板/盘中板；澜熙星瀚11号=股票对冲/打板,,
SAVM26,览山锦壹九号私募证券投资基金,览山（宁夏）私募基金管理有限公司,股票多头,,,高,团队数据已有团队策略,股票多头,股票多头,览山锦壹九号=股票多头,,
STR678,朗坤鸿志量化1号私募证券投资基金,福州朗坤私募基金管理有限公司,套利策略,,,高,团队数据已有团队策略,套利策略,套利策略,朗坤鸿志量化1号=套利策略；朗坤鸿志量化3号=套利策略；朗坤鸿志量化2号=套利策略,,
SAEQ05,朗坤鸿志量化3号私募证券投资基金,福州朗坤私募基金管理有限公司,套利策略,,,高,团队数据已有团队策略,套利策略,,朗坤鸿志量化3号=套利策略；朗坤鸿志量化1号=套利策略；朗坤鸿志量化2号=套利策略,,
SNK610,乐瑞宏观多策略1号私募证券投资基金,北京乐瑞资产管理有限公司,多资产策略,宏观策略,交易型,高,团队数据已有团队策略,多资产策略 / 宏观策略 / 交易型,多资产策略 / 宏观策略,乐瑞宏观多策略1号=多资产策略/宏观策略/交易型；乐瑞宏观多策略1号B类=多资产策略/宏观策略/交易型；乐瑞宏观多策略1号C类=多资产策略/宏观策略/交易型,,
SAHC27,乐水谷盈指数增强一号私募证券投资基金,北京乐水私募基金管理有限公司,股票多头,指数增强,500指增,高,团队数据已有团队策略；产品名含指增/指数增强,股票多头 / 指数增强 / 500指增,股票多头 / 500指增,乐水谷盈指数增强一号=股票多头/指数增强/500指增,,
SB1291,乐水天清对冲二号私募证券投资基金,北京乐水私募基金管理有限公司,股票对冲,股票T0,"底仓T0,程序化",高,团队数据已有团队策略；产品名含对冲,"股票对冲 / 股票T0 / 底仓T0,程序化","股票对冲 / 股票T0 / 机器T0,底仓T0","乐水天清对冲二号=股票对冲/股票T0/底仓T0,程序化",,
SB1275,乐水天清对冲一号私募证券投资基金,北京乐水私募基金管理有限公司,股票对冲,股票T0,底仓T0,高,团队数据已有团队策略；产品名含对冲,股票对冲 / 股票T0 / 底仓T0,"股票对冲 / 股票T0 / 机器T0,底仓T0",乐水天清对冲一号=股票对冲/股票T0/底仓T0,,
SABW91,乐水逸舟指数增强一号私募证券投资基金,北京乐水私募基金管理有限公司,股票多头,指数增强,"300指增,量价,高频",高,团队数据已有团队策略；产品名含指增/指数增强,"股票多头 / 指数增强 / 300指增,量价,高频","股票多头 / 300指增 / 高频,量价","乐水逸舟指数增强一号=股票多头/指数增强/300指增,量价,高频",,
SXX844,垒昂金鹿量化对冲3号私募证券投资基金,上海富钜私募基金管理有限公司,股票对冲,股票市场中性,"500中性,量价,中频",高,同系列/份额已有团队策略；产品名含对冲,,,"垒昂金鹿量化对冲3号=股票对冲/股票市场中性/500中性,量价,中频；垒昂金鹿量化对冲3号A类=股票对冲/股票市场中性/中频,量价,500中性；垒昂金鹿量化对冲3号B类=股票对冲/股票市场中性/中频,量价",,
SXV303,垒昂金鹿量化中性1号私募证券投资基金,上海富钜私募基金管理有限公司,股票对冲,股票市场中性,,高,团队数据已有团队策略；产品名含中性,股票对冲 / 股票市场中性,股票对冲 / 股票市场中性,垒昂金鹿量化中性1号=股票对冲/股票市场中性,,
SVZ471,理博2号500私募证券投资基金,杭州理博私募基金管理有限公司,股票多头,指数增强,500指增,高,团队数据已有团队策略,股票多头 / 指数增强 / 500指增,股票多头 / 500指增,理博2号500=股票多头/指数增强/500指增,,
SGR185,理成圣远2号B期私募证券投资基金,上海理成资产管理有限公司,股票多头,主观多头,,高,团队数据已有团队策略,股票多头 / 主观多头,股票多头 / 主观多头,理成圣远2号B期=股票多头/主观多头,,
SCJ476,立心-私募学院菁英353号私募基金,青岛立心私募基金管理有限公司,股票多头,主观多头,交易型,高,团队数据已有团队策略,股票多头 / 主观多头 / 交易型,股票多头 / 主观多头,立心-私募学院菁英353号=股票多头/主观多头/交易型,,
SAUZ55,立心学院菁英聚配1号私募证券投资基金,青岛立心私募基金管理有限公司,股票多头,主观多头,交易型,高,团队数据已有团队策略,股票多头 / 主观多头 / 交易型,股票多头 / 主观多头,立心学院菁英聚配1号=股票多头/主观多头/交易型,,
SBSS95,立心学院菁英增强17号私募证券投资基金,青岛立心私募基金管理有限公司,股票多头,主观多头,交易型,高,团队数据已有团队策略,股票多头 / 主观多头 / 交易型,股票多头 / 主观多头 / 交易型,"立心学院菁英增强17号=股票多头/主观多头/交易型；立心学院菁英增强3号=股票多头/主观多头/行业主题型,交易型",,
SARG03,立心学院菁英增强3号私募证券投资基金,青岛立心私募基金管理有限公司,股票多头,主观多头,"行业主题型,交易型",高,团队数据已有团队策略,"股票多头 / 主观多头 / 行业主题型,交易型","股票多头 / 主观多头 / 均衡型,行业主题型,交易型","立心学院菁英增强3号=股票多头/主观多头/行业主题型,交易型；立心学院菁英增强17号=股票多头/主观多头/交易型",,
SJH634,利位星舟泰华5号私募证券投资基金,上海利位私募基金管理有限公司,债券策略,信用债,,高,团队数据已有团队策略,债券策略 / 信用债,债券策略 / 信用债,利位星舟泰华5号=债券策略/信用债,,
SNT412,联海天王星8号私募证券投资基金,北京星鹏联海私募基金管理有限公司,股票对冲,股票T0,"底仓T0,程序化",高,团队数据已有团队策略,"股票对冲 / 股票T0 / 底仓T0,程序化","股票对冲 / 股票T0 / 机器T0,底仓T0","联海天王星8号=股票对冲/股票T0/底仓T0,程序化",,
SQW734,量创全景元语2号私募证券投资基金,深圳市前海合之力量创投资管理有限公司,多资产策略,,,高,团队数据已有团队策略,多资产策略,多资产策略 / 复合策略,量创全景元语2号=多资产策略,,
SXL919,量创全天候元语1号私募证券投资基金,深圳市前海合之力量创投资管理有限公司,多资产策略,宏观策略,"海外,量化",高,团队数据已有团队策略,"多资产策略 / 宏观策略 / 海外,量化",多资产策略 / 复合策略,"量创全天候元语1号=多资产策略/宏观策略/海外,量化；量创全天候元语3号=多资产策略/宏观策略/量化；量创全天候元语1号A类=多资产策略/宏观策略/偏CTA,配置型；量创全天候元语1号B类=多资产策略；量创全天候元语9号=多资产策略",,
SXQ503,量创全天候元语9号私募证券投资基金,深圳市前海合之力量创投资管理有限公司,多资产策略,,,高,团队数据已有团队策略,多资产策略,多资产策略 / 复合策略,"量创全天候元语9号=多资产策略；量创全天候元语3号=多资产策略/宏观策略/量化；量创全天候元语1号A类=多资产策略/宏观策略/偏CTA,配置型；量创全天候元语1号=多资产策略/宏观策略/海外,量化；量创全天候元语1号B类=多资产策略",,
SCC467,量创衍生品1号私募投资基金,深圳市前海合之力量创投资管理有限公司,期货策略,量化期货,"时序,基本面",高,团队数据已有团队策略,"期货策略 / 量化期货 / 时序,基本面",期货策略 / 量化期货 / 混合均衡,"量创衍生品1号=期货策略/量化期货/时序,基本面",,
SAUT70,量创元语聚配专享私募证券投资基金,深圳市前海合之力量创投资管理有限公司,股票多头,,,高,团队数据已有团队策略,股票多头,股票多头,量创元语聚配专享=股票多头,,
SAUZ12,量道1000指增保护1号私募证券投资基金,深圳量道投资管理有限公司,股票多头,指数增强,"1000指增,量价,中频",高,团队数据已有团队策略；产品名含1000指增,"股票多头 / 指数增强 / 1000指增,量价,中频",股票多头 / 1000指增,"量道1000指增保护1号=股票多头/指数增强/1000指增,量价,中频；量道1000指增保护1号A类=股票多头/指数增强/1000指增,量价,中频",,
SZD112,量道乘风1号私募证券投资基金,深圳量道投资管理有限公司,股票多头,指数增强,"1000指增,量价,中频",高,团队数据已有团队策略,"股票多头 / 指数增强 / 1000指增,量价,中频",股票多头 / 1000指增,"量道乘风1号=股票多头/指数增强/1000指增,量价,中频；量道乘风1号B类=股票多头/指数增强/1000指增；量道乘风1号A类=股票多头/指数增强/1000指增,量价,中频",,
SNK284,量道多策略增强1号私募证券投资基金,深圳量道投资管理有限公司,其他策略,,,高,团队数据已有团队策略,其他策略,多资产策略 / 复合策略,量道多策略增强1号=其他策略；量道多策略增强1号A类=其他策略；量道多策略增强1号B类=多资产策略,,
SW7277,量道富祥cta1号私募证券投资基金,深圳量道投资管理有限公司,期货策略,量化期货,截面,高,团队数据已有团队策略,期货策略 / 量化期货 / 截面,期货策略 / 量化期货 / 截面,量道富祥cta1号=期货策略/量化期货/截面；量道富祥cta7号B类=期货策略/量化期货/截面；量道富祥cta7号A类=期货策略/量化期货/截面；量道富祥cta7号=期货策略/量化期货/截面；量道富祥cta8号=期货策略/量化期货/混合,,
SEG925,量道观心1号私募证券投资基金,深圳量道投资管理有限公司,股票多头,主观多头,,高,团队数据已有团队策略,股票多头 / 主观多头,期货策略 / 量化期货,量道观心1号=股票多头/主观多头,,
SCF394,量道吉祥1号私募证券投资基金,深圳量道投资管理有限公司,期货策略,量化期货,股指,高,团队数据已有团队策略,期货策略 / 量化期货 / 股指,期货策略 / 量化期货 / 股指,量道吉祥1号=期货策略/量化期货/股指；量道吉祥6号C类=其他策略；量道吉祥2号=期货策略/量化期货/截面；量道吉祥6号A类=其他策略；量道吉祥6号B类=期货策略/量化期货/股指；量道吉祥6号=其他策略；量道吉祥3号A类=期货策略/量化期货/股指；量道吉祥3号=期货策略/量化期货/股指,,
SW7284,量道吉祥6号私募证券投资基金,深圳量道投资管理有限公司,其他策略,,,高,团队数据已有团队策略,其他策略,期货策略 / 量化期货 / 股指,量道吉祥6号=其他策略；量道吉祥6号C类=其他策略；量道吉祥2号=期货策略/量化期货/截面；量道吉祥6号A类=其他策略；量道吉祥6号B类=期货策略/量化期货/股指；量道吉祥3号A类=期货策略/量化期货/股指；量道吉祥1号=期货策略/量化期货/股指；量道吉祥3号=期货策略/量化期货/股指,,
SEQ069,量道临风1号私募证券投资基金,深圳量道投资管理有限公司,套利策略,期货套利,,高,团队数据已有团队策略,套利策略 / 期货套利,其他,量道临风1号=套利策略/期货套利；量道临风1号A类=股票对冲/打板,,
SZC435,量道明察1号私募证券投资基金,深圳量道投资管理有限公司,股票对冲,股票市场中性,"500中性,量价,中频",高,团队数据已有团队策略,"股票对冲 / 股票市场中性 / 500中性,量价,中频","股票对冲 / 股票市场中性 / 中频,量价,500中性","量道明察1号=股票对冲/股票市场中性/500中性,量价,中频；量道明察2号=股票对冲/股票市场中性/机器学习,中频；量道明察1号B类=股票对冲/股票市场中性/量价,中频；量道明察1号A类=股票对冲/股票市场中性/量价,中频；量道明察2号A类=股票对冲/股票市场中性/中频",,
SASQ14,量道明察2号私募证券投资基金,深圳量道投资管理有限公司,股票对冲,股票市场中性,"机器学习,中频",高,团队数据已有团队策略,"股票对冲 / 股票市场中性 / 机器学习,中频",股票对冲 / 股票市场中性,"量道明察2号=股票对冲/股票市场中性/机器学习,中频；量道明察1号B类=股票对冲/股票市场中性/量价,中频；量道明察1号A类=股票对冲/股票市场中性/量价,中频；量道明察1号=股票对冲/股票市场中性/500中性,量价,中频；量道明察2号A类=股票对冲/股票市场中性/中频",,
SAUA30,量道如是1号私募证券投资基金,深圳量道投资管理有限公司,期货策略,量化期货,股指,高,团队数据已有团队策略,期货策略 / 量化期货 / 股指,期货策略 / 量化期货 / 股指,量道如是1号=期货策略/量化期货/股指,,
SANA98,量道商品套利1号私募证券投资基金,深圳量道投资管理有限公司,期货策略,主观期货,"多板块,交易型",高,团队数据已有团队策略；产品名另指向套利策略/,"期货策略 / 主观期货 / 多板块,交易型",期货策略 / 主观期货,"量道商品套利1号=期货策略/主观期货/多板块,交易型；量道商品套利2号B类=期货策略/主观期货；量道商品套利2号A类=期货策略/主观期货；量道商品套利2号=期货策略/主观期货/多板块；量道商品套利1号B类=期货策略/主观期货/多板块；量道商品套利1号A类=期货策略/主观期货/多板块；量道商品套利5号=期货策略/主观期货/交易型；量道商品套利6号B类=期货策略/主观期货/股指期货,多板块",,
SBJT82,量道商品套利2号私募证券投资基金,深圳量道投资管理有限公司,期货策略,主观期货,多板块,高,团队数据已有团队策略；产品名另指向套利策略/,期货策略 / 主观期货 / 多板块,期货策略 / 主观期货,"量道商品套利2号=期货策略/主观期货/多板块；量道商品套利2号B类=期货策略/主观期货；量道商品套利2号A类=期货策略/主观期货；量道商品套利1号B类=期货策略/主观期货/多板块；量道商品套利1号A类=期货策略/主观期货/多板块；量道商品套利1号=期货策略/主观期货/多板块,交易型；量道商品套利5号=期货策略/主观期货/交易型；量道商品套利6号B类=期货策略/主观期货/股指期货,多板块",,
SVQ692,量道商品套利3号私募证券投资基金,深圳量道投资管理有限公司,期货策略,主观期货,"多板块,交易型",高,团队数据已有团队策略；产品名另指向套利策略/,"期货策略 / 主观期货 / 多板块,交易型",期货策略 / 主观期货,"量道商品套利3号=期货策略/主观期货/多板块,交易型；量道商品套利2号B类=期货策略/主观期货；量道商品套利2号A类=期货策略/主观期货；量道商品套利2号=期货策略/主观期货/多板块；量道商品套利1号B类=期货策略/主观期货/多板块；量道商品套利1号A类=期货策略/主观期货/多板块；量道商品套利1号=期货策略/主观期货/多板块,交易型；量道商品套利5号=期货策略/主观期货/交易型",,
SZT563,量道商品套利5号私募证券投资基金,深圳量道投资管理有限公司,期货策略,主观期货,交易型,高,团队数据已有团队策略；产品名另指向套利策略/,期货策略 / 主观期货 / 交易型,期货策略 / 主观期货,"量道商品套利5号=期货策略/主观期货/交易型；量道商品套利2号B类=期货策略/主观期货；量道商品套利2号A类=期货策略/主观期货；量道商品套利2号=期货策略/主观期货/多板块；量道商品套利1号B类=期货策略/主观期货/多板块；量道商品套利1号A类=期货策略/主观期货/多板块；量道商品套利1号=期货策略/主观期货/多板块,交易型；量道商品套利6号B类=期货策略/主观期货/股指期货,多板块",,
SQL546,量道商品套利6号私募证券投资基金,深圳量道投资管理有限公司,期货策略,主观期货,宏观多策略,高,团队数据已有团队策略；产品名另指向套利策略/,期货策略 / 主观期货 / 宏观多策略,期货策略 / 主观期货,"量道商品套利6号=期货策略/主观期货/宏观多策略；量道商品套利2号B类=期货策略/主观期货；量道商品套利2号A类=期货策略/主观期货；量道商品套利2号=期货策略/主观期货/多板块；量道商品套利1号B类=期货策略/主观期货/多板块；量道商品套利1号A类=期货策略/主观期货/多板块；量道商品套利1号=期货策略/主观期货/多板块,交易型；量道商品套利5号=期货策略/主观期货/交易型",,
SZC421,量道顺风1号私募证券投资基金,深圳量道投资管理有限公司,股票多头,指数增强,500指增,高,团队数据已有团队策略,股票多头 / 指数增强 / 500指增,股票多头 / 500指增,"量道顺风1号=股票多头/指数增强/500指增；量道顺风2号=股票多头/指数增强/500指增,中频；量道顺风3号=股票多头/指数增强/500指增,中频；量道顺风1号B类=股票多头/指数增强/500指增；量道顺风1号A类=股票多头/指数增强/500指增,量价,中频；量道顺风5号=股票多头/指数增强/500指增；量道顺风6号=股票多头/指数增强/500指增",,
SZD115,量道迎风1号私募证券投资基金,深圳量道投资管理有限公司,股票对冲,打板,"量化,盘中板",高,团队数据已有团队策略,"股票对冲 / 打板 / 量化,盘中板",股票对冲 / 择时对冲 / 打板,"量道迎风1号=股票对冲/打板/量化,盘中板；量道迎风1号B类=股票对冲；量道迎风1号A类=股票对冲/打板/量化,盘中板",,
SZC437,量道永峰1号私募证券投资基金,深圳量道投资管理有限公司,股票多头,指数增强,500指增,高,团队数据已有团队策略,股票多头 / 指数增强 / 500指增,其他,量道永峰1号=股票多头/指数增强/500指增,,
SZN178,量道悦享1号私募证券投资基金,深圳量道投资管理有限公司,期权策略,场内期权,金融卖波,高,团队数据已有团队策略,期权策略 / 场内期权 / 金融卖波,期权策略 / 场内期权 / 定价卖波,量道悦享1号=期权策略/场内期权/金融卖波；量道悦享1号A类=期货策略/主观期货；量道悦享1号B类=期权策略/场内期权,,
ST4891,量道众盈1号私募证券投资基金,深圳量道投资管理有限公司,期货策略,量化期货,截面,高,团队数据已有团队策略,期货策略 / 量化期货 / 截面,股票对冲 / 择时对冲 / 打板,量道众盈1号=期货策略/量化期货/截面,,
SABX12,量道追风1号私募证券投资基金,深圳量道投资管理有限公司,股票对冲,打板,"量化,盘前板",高,团队数据已有团队策略,"股票对冲 / 打板 / 量化,盘前板",股票对冲 / 择时对冲 / 打板,"量道追风1号=股票对冲/打板/量化,盘前板；量道追风1号B类=股票对冲/打板/量化,盘前板；量道追风1号A类=股票对冲/打板/量化,盘前板",,
SLS478,量道CTA精选12号私募证券投资基金,深圳量道投资管理有限公司,期货策略,量化期货,混合,高,团队数据已有团队策略；产品名含CTA,期货策略 / 量化期货 / 混合,期货策略 / 量化期货 / 混合均衡,量道CTA精选12号=期货策略/量化期货/混合；量道CTA精选18号=期货策略/量化期货/混合；量道CTA精选10号=期货策略/量化期货/混合；量道CTA精选16号B类=期货策略/量化期货/混合；量道CTA精选16号A类=期货策略/量化期货/混合；量道CTA精选16号=期货策略/量化期货/混合；量道CTA精选17号=期货策略/量化期货/混合；量道CTA精选17号A类=期货策略/量化期货/混合,,
SNX911,量道CTA精选16A号私募证券投资基金,深圳量道投资管理有限公司,期货策略,量化期货,混合,高,团队数据已有团队策略；产品名含CTA,期货策略 / 量化期货 / 混合,期货策略 / 量化期货 / 混合均衡,量道CTA精选16A号=期货策略/量化期货/混合,,
SNT339,量道CTA精选17A号私募证券投资基金,深圳量道投资管理有限公司,期货策略,量化期货,混合,高,团队数据已有团队策略；产品名含CTA,期货策略 / 量化期货 / 混合,期货策略 / 量化期货 / 混合均衡,量道CTA精选17A号=期货策略/量化期货/混合,,
SQU658,量道CTA精选18号私募证券投资基金,深圳量道投资管理有限公司,期货策略,量化期货,混合,高,团队数据已有团队策略；产品名含CTA,期货策略 / 量化期货 / 混合,期货策略 / 量化期货 / 混合均衡,量道CTA精选18号=期货策略/量化期货/混合；量道CTA精选10号=期货策略/量化期货/混合；量道CTA精选16号B类=期货策略/量化期货/混合；量道CTA精选16号A类=期货策略/量化期货/混合；量道CTA精选16号=期货策略/量化期货/混合；量道CTA精选17号=期货策略/量化期货/混合；量道CTA精选17号A类=期货策略/量化期货/混合；量道CTA精选12号A类=期货策略/量化期货/混合,,
SEE186,量道CTA精选1号私募证券投资基金,深圳量道投资管理有限公司,期货策略,量化期货,混合,高,团队数据已有团队策略；产品名含CTA,期货策略 / 量化期货 / 混合,期货策略 / 量化期货 / 混合均衡,量道CTA精选1号=期货策略/量化期货/混合；量道CTA精选18号=期货策略/量化期货/混合；量道CTA精选10号=期货策略/量化期货/混合；量道CTA精选16号B类=期货策略/量化期货/混合；量道CTA精选16号A类=期货策略/量化期货/混合；量道CTA精选16号=期货策略/量化期货/混合；量道CTA精选17号=期货策略/量化期货/混合；量道CTA精选17号A类=期货策略/量化期货/混合,,
SJV980,量道CTA精选6号私募证券投资基金,深圳量道投资管理有限公司,期货策略,量化期货,"大厂,混合",高,团队数据已有团队策略；产品名含CTA,"期货策略 / 量化期货 / 大厂,混合",期货策略 / 量化期货 / 混合均衡,"量道CTA精选6号=期货策略/量化期货/大厂,混合；量道CTA精选18号=期货策略/量化期货/混合；量道CTA精选10号=期货策略/量化期货/混合；量道CTA精选16号B类=期货策略/量化期货/混合；量道CTA精选16号A类=期货策略/量化期货/混合；量道CTA精选16号=期货策略/量化期货/混合；量道CTA精选17号=期货策略/量化期货/混合；量道CTA精选17号A类=期货策略/量化期货/混合",,
SABQ52,量道cta致远1号私募证券投资基金,深圳量道投资管理有限公司,期权策略,场外期权,,高,团队数据已有团队策略,期权策略 / 场外期权,套利策略 / 期货套利 / 商品套利,量道cta致远1号=期权策略/场外期权；量道cta致远1号A类=套利策略/期货套利,,
SNJ202,量客500指增私募证券投资基金,上海量客私募基金管理有限公司,股票多头,指数增强,500指增,高,团队数据已有团队策略；产品名含500指增,股票多头 / 指数增强 / 500指增,股票多头 / 500指增,量客卓宇一号=股票多头/指数增强/500指增,,
SSF564,量客博宇7号私募证券投资基金,上海量客私募基金管理有限公司,期货策略,量化期货,时序,高,团队数据已有团队策略,期货策略 / 量化期货 / 时序,期货策略 / 量化期货 / 时序,量客博宇7号=期货策略/量化期货/时序,,
SLS845,量客利均一号私募证券投资基金,上海量客私募基金管理有限公司,套利策略,混合套利,,高,团队数据已有团队策略,套利策略 / 混合套利,期货策略 / 量化期货,量客利均一号=套利策略/混合套利,,
SVM504,量客中宇九号私募证券投资基金,上海量客私募基金管理有限公司,期货策略,量化期货,时序,高,团队数据已有团队策略,期货策略 / 量化期货 / 时序,期货策略 / 量化期货 / 时序,量客中宇九号=期货策略/量化期货/时序,,
SLR151,量客卓宇六号私募证券投资基金,上海量客私募基金管理有限公司,股票多头,指数增强,500指增,高,团队数据已有团队策略,股票多头 / 指数增强 / 500指增,股票多头 / 500指增,量客卓宇六号=股票多头/指数增强/500指增,,
SSD319,量魁期权量化一号私募证券投资基金,上海量魁私募基金管理有限公司,期权策略,场内期权,商品波动率,高,团队数据已有团队策略；产品名含期权,期权策略 / 场内期权 / 商品波动率,期权策略 / 场内期权 / 中性波动率交易,量魁期权量化一号=期权策略/场内期权/商品波动率,,
SNK917,量派金选中证500指数增强14号私募证券投资基金,上海量派投资管理有限公司,股票多头,指数增强,500指增,高,团队数据已有团队策略；产品名含500指增,股票多头 / 指数增强 / 500指增,股票多头 / 500指增,"量派金选中证500指数增强14号=股票多头/指数增强/500指增；量派金选中证500指数增强14号B类=股票多头/指数增强/量价,高频,500指增",,
SB4893,量派聚核46号私募证券投资基金,上海量派投资管理有限公司,股票多头,,,高,团队数据已有团队策略,股票多头,,"量派聚核46号=股票多头；量派聚核20号=股票多头/指数增强/500指增,量价,高频",,
SND175,量派内核1号私募证券投资基金,上海量派投资管理有限公司,股票对冲,股票市场中性,多策略,高,团队数据已有团队策略,股票对冲 / 股票市场中性 / 多策略,股票对冲 / 股票市场中性,量派内核1号=股票对冲/股票市场中性/多策略；量派内核1号A类=股票对冲/股票市场中性,,
SND173,量派优孚专享四十七号私募证券投资基金,上海量派投资管理有限公司,股票对冲,股票市场中性,"300中性,量价,高频",高,团队数据已有团队策略,"股票对冲 / 股票市场中性 / 300中性,量价,高频","股票对冲 / 股票市场中性 / 高频,量价,300中性","量派优孚专享四十七号=股票对冲/股票市场中性/300中性,量价,高频；量派优孚专享四十七号A类=股票对冲/股票市场中性/300中性,量价,高频",,
SQJ816,量派中证1000增强12号私募证券投资基金,上海量派投资管理有限公司,股票多头,指数增强,"1000指增,量价,高频",高,团队数据已有团队策略；产品名含1000指增,"股票多头 / 指数增强 / 1000指增,量价,高频","股票多头 / 1000指增 / 高频,量价","量派中证1000增强12号=股票多头/指数增强/1000指增,量价,高频；量派中证1000增强12号C类=股票多头/指数增强/1000指增,量价,高频；量派中证1000增强12号A类=股票多头/指数增强/1000指增,量价,高频",,
SAGZ17,量派CTA八号私募证券投资基金,上海量派投资管理有限公司,股票对冲,股票市场中性,多策略,高,团队数据已有团队策略；产品名另指向期货策略/,股票对冲 / 股票市场中性 / 多策略,期货策略 / 量化期货 / 混合均衡,"量派CTA八号=股票对冲/股票市场中性/多策略；量派CTA八号A类=期货策略/量化期货/截面,时序,混合",,
SX4966,量锐18号私募基金,宁波金戈量锐资产管理有限公司,股票对冲,股票市场中性,"量价,中频",高,团队数据已有团队策略,"股票对冲 / 股票市场中性 / 量价,中频","股票对冲 / 股票市场中性 / 低频,中频,量价","量锐18号=股票对冲/股票市场中性/量价,中频",,
SGC823,量锐28号私募证券投资基金,宁波金戈量锐资产管理有限公司,股票对冲,股票市场中性,"500中性,高频",高,团队数据已有团队策略,"股票对冲 / 股票市场中性 / 500中性,高频",,"量锐28号=股票对冲/股票市场中性/500中性,高频",,
SGR954,量锐62号私募证券投资基金,宁波金戈量锐资产管理有限公司,股票多头,,,高,团队数据已有团队策略,股票多头,股票多头 / 量化选股,量锐62号=股票多头,,
SH1956,量锐7号私募证券投资基金,宁波金戈量锐资产管理有限公司,股票多头,指数增强,"500指增,量价,低频",高,团队数据已有团队策略,"股票多头 / 指数增强 / 500指增,量价,低频","股票多头 / 500指增 / 低频,量价","量锐7号=股票多头/指数增强/500指增,量价,低频",,
SQR797,量锐金选中证1000指数增强1号私募证券投资基金,宁波金戈量锐资产管理有限公司,股票多头,指数增强,1000指增,高,团队数据已有团队策略；产品名含1000指增,股票多头 / 指数增强 / 1000指增,,量锐金选中证1000指数增强1号=股票多头/指数增强/1000指增,,
SQG812,量锐金选中证500指数增强3号私募证券投资基金,宁波金戈量锐资产管理有限公司,股票多头,指数增强,500指增,高,团队数据已有团队策略；产品名含500指增,股票多头 / 指数增强 / 500指增,,量锐金选中证500指数增强3号=股票多头/指数增强/500指增,,
SZW954,量锐长虹2号私募证券投资基金,宁波金戈量锐资产管理有限公司,股票多头,指数增强,A500指增,高,团队数据已有团队策略,股票多头 / 指数增强 / A500指增,,量锐长虹2号=股票多头/指数增强/A500指增,,
SNF635,量锐指数增强1000一号私募证券投资基金,宁波金戈量锐资产管理有限公司,股票多头,指数增强,"1000指增,低频,中频",高,团队数据已有团队策略；产品名含指增/指数增强,"股票多头 / 指数增强 / 1000指增,低频,中频",股票多头 / 1000指增,"量锐指数增强1000一号=股票多头/指数增强/1000指增,低频,中频",,
SAHC34,量锐指数增强2000一号私募证券投资基金,宁波金戈量锐资产管理有限公司,股票多头,指数增强,2000指增,高,团队数据已有团队策略；产品名含指增/指数增强,股票多头 / 指数增强 / 2000指增,,量锐指数增强2000一号=股票多头/指数增强/2000指增,,
SX9015,量游寰宇一号私募投资基金,上海量游资产管理有限公司,期货策略,量化期货,混合,高,团队数据已有团队策略,期货策略 / 量化期货 / 混合,期货策略 / 量化期货 / 混合均衡,量游寰宇一号=期货策略/量化期货/混合,,
SNB320,量游进取阿尔法3号私募证券投资基金,上海量游资产管理有限公司,股票对冲,股票市场中性,300中性,高,团队数据已有团队策略,股票对冲 / 股票市场中性 / 300中性,股票对冲 / 股票市场中性 / 300中性,量游进取阿尔法3号=股票对冲/股票市场中性/300中性,,
SJW021,量游檀雅一号私募证券投资基金,上海量游资产管理有限公司,期权策略,场内期权,期权套利,高,团队数据已有团队策略,期权策略 / 场内期权 / 期权套利,"期权策略 / 场内期权 / 金融期权,定价卖波",量游檀雅一号=期权策略/场内期权/期权套利,,
SBDH78,量宇冠一三十三号私募证券投资基金,上海量宇私募基金管理有限公司,股票对冲,,,高,团队数据已有团队策略,股票对冲,股票对冲,量宇冠一三十三号=股票对冲,,
SJF488,量宇红番茄七号私募证券投资基金,上海量宇私募基金管理有限公司,股票对冲,择时对冲,,高,团队数据已有团队策略,股票对冲 / 择时对冲,股票对冲 / 择时对冲,量宇红番茄七号=股票对冲/择时对冲,,
SJM483,量宇红番茄十一号私募证券投资基金,上海量宇私募基金管理有限公司,股票多头,另类多头,择时择股,高,同系列/份额已有团队策略,,,量宇红番茄十一号B类=股票多头/另类多头/择时择股,,
SBEG47,量智传奇CTA三号私募证券投资基金,上海量智私募基金管理有限公司,期货策略,量化期货,"机器学习,中高频",高,团队数据已有团队策略；产品名含CTA,"期货策略 / 量化期货 / 机器学习,中高频",期货策略 / 量化期货,"量智传奇CTA三号=期货策略/量化期货/机器学习,中高频",,
SBGT86,量智传奇ETF私募证券投资基金,上海量智私募基金管理有限公司,套利策略,,,高,团队数据已有团队策略,套利策略,套利策略 / 基金套利 / ETF套利,量智传奇ETF=套利策略；量智传奇ETFA类=套利策略,,
SBPX90,量子策云稳健七号私募证券投资基金,北京量子智能投资管理有限公司,期权策略,场内期权,商品波动率,高,团队数据已有团队策略,期权策略 / 场内期权 / 商品波动率,期权策略 / 场内期权 / 商品期权,量子策云稳健七号=期权策略/场内期权/商品波动率,,
SAWB79,量子福鑫八号私募证券投资基金,北京量子智能投资管理有限公司,股票多头,,,高,团队数据已有团队策略,股票多头,股票多头,量子福鑫八号=股票多头,,
SLA149,霖海合璧1期私募证券投资基金,霖海投资管理（上海）有限公司,期货策略,量化期货,股指,高,团队数据已有团队策略,期货策略 / 量化期货 / 股指,期货策略 / 量化期货 / 股指,霖海合璧1期=期货策略/量化期货/股指,,
SQG174,灵涛机构专享3期私募证券投资基金,灵涛私募基金管理（上海）有限公司,期货策略,量化期货,股指,高,团队数据已有团队策略,期货策略 / 量化期货 / 股指,期货策略 / 量化期货 / 股指,灵涛机构专享3期=期货策略/量化期货/股指,,
SXS456,灵涛平衡混合私募证券投资基金,灵涛私募基金管理（上海）有限公司,期货策略,量化期货,股指,高,团队数据已有团队策略,期货策略 / 量化期货 / 股指,期货策略 / 量化期货 / 股指,灵涛平衡混合=期货策略/量化期货/股指,,
SB0843,瓴沃兰芷一号私募证券投资基金,赣州瓴沃私募投资基金管理有限公司,期权策略,场内期权,商品波动率,高,团队数据已有团队策略,期权策略 / 场内期权 / 商品波动率,期权策略 / 场内期权,瓴沃兰芷一号=期权策略/场内期权/商品波动率,,
SBHC72,凌鸿志鼎安私募证券投资基金,广州凌鸿志私募证券投资基金管理有限公司,股票对冲,打板,,高,团队数据已有团队策略,股票对冲 / 打板,股票对冲 / 择时对冲 / 打板,凌鸿志鼎安=股票对冲/打板,,
SBHS74,凌鸿志鼎承私募证券投资基金,广州凌鸿志私募证券投资基金管理有限公司,股票对冲,打板,,高,团队数据已有团队策略,股票对冲 / 打板,股票对冲 / 择时对冲 / 打板,凌鸿志鼎承=股票对冲/打板,,
SBHC83,凌鸿志厚杉一号私募证券投资基金,广州凌鸿志私募证券投资基金管理有限公司,股票对冲,打板,盘中板,高,团队数据已有团队策略,股票对冲 / 打板 / 盘中板,股票对冲 / 择时对冲 / 打板,凌鸿志厚杉一号=股票对冲/打板/盘中板,,
SSS013,领久恒峰A期私募证券投资基金,上海领久私募基金管理有限公司,股票多头,主观多头,"价值成长,海外",高,团队数据已有团队策略,"股票多头 / 主观多头 / 价值成长,海外",股票多头 / 主观多头,"领久恒峰A期=股票多头/主观多头/价值成长,海外",,
SAXA95,领容炽航泓途私募证券投资基金,上海领容投资管理有限公司,期货策略,主观期货,交易型,高,团队数据已有团队策略,期货策略 / 主观期货 / 交易型,期货策略 / 主观期货 / 交易型,领容炽航泓途=期货策略/主观期货/交易型；领容炽航泓途B类=期货策略/主观期货/交易型；领容炽航泓途C类=期货策略/主观期货/交易型；领容炽航泓途A类=期货策略/主观期货/交易型,,
SXQ364,领容恒驰私募证券投资基金,上海领容投资管理有限公司,套利策略,期货套利,"跨市场套利,商品套利",高,团队数据已有团队策略,"套利策略 / 期货套利 / 跨市场套利,商品套利","套利策略 / 期货套利 / 商品套利,跨市场套利","领容恒驰=套利策略/期货套利/跨市场套利,商品套利；领容恒驰B类=期货策略/主观期货",,
SQM875,领容希麦私募证券投资基金,上海领容投资管理有限公司,期货策略,主观期货,,高,团队数据已有团队策略,期货策略 / 主观期货,期货策略 / 主观期货,领容希麦=期货策略/主观期货；领容希麦B类=期货策略/主观期货,,
SZT644,领容元婴2号私募证券投资基金,上海领容投资管理有限公司,多资产策略,,,高,团队数据已有团队策略,多资产策略,多资产策略 / 复合策略,领容元婴2号=多资产策略,,
SXS920,领容长乐1号私募证券投资基金,上海领容投资管理有限公司,期货策略,主观期货,有色,高,团队数据已有团队策略,期货策略 / 主观期货 / 有色,期货策略 / 主观期货 / 有色,领容长乐1号=期货策略/主观期货/有色；领容长乐1号B类=期货策略/主观期货/有色,,
SQU767,六妙星豪鑫主观2号私募证券投资基金,六妙星（北京）私募基金管理有限公司,股票对冲,打板,"强势股,盘中板",高,团队数据已有团队策略,"股票对冲 / 打板 / 强势股,盘中板","股票对冲 / 择时对冲 / 打板,强势股","六妙星豪鑫主观2号=股票对冲/打板/强势股,盘中板",,
SBUW51,六妙星九紫二号私募证券投资基金,六妙星（北京）私募基金管理有限公司,股票对冲,打板,"盘中板,量化,主观",高,团队数据已有团队策略,"股票对冲 / 打板 / 盘中板,量化,主观",股票对冲 / 择时对冲 / 打板,"六妙星九紫二号=股票对冲/打板/盘中板,量化,主观",,
SBPC20,六妙星九紫一号私募证券投资基金,六妙星（北京）私募基金管理有限公司,股票对冲,打板,盘中板,高,团队数据已有团队策略,股票对冲 / 打板 / 盘中板,,六妙星九紫一号=股票对冲/打板/盘中板,,
SAQS27,六妙星相见欢私募证券投资基金,六妙星（北京）私募基金管理有限公司,股票多头,,,高,团队数据已有团队策略,股票多头,股票多头,六妙星相见欢=股票多头,,
SQW857,龙帆恒盛稳固2号私募证券投资基金,厦门龙帆资产管理有限公司,套利策略,期货套利,"跨期套利,商品套利",高,团队数据已有团队策略,"套利策略 / 期货套利 / 跨期套利,商品套利","套利策略 / 期货套利 / 跨期套利,商品套利","龙帆恒盛稳固2号=套利策略/期货套利/跨期套利,商品套利；龙帆恒盛稳固9号=套利策略/期货套利/跨期套利,商品套利；龙帆恒盛稳固10号=套利策略/期货套利/跨期套利,商品套利；龙帆恒盛稳固8号=套利策略/期货套利；龙帆恒盛稳固1号=期权策略/场内期权",,
SSE876,龙旗1000指增1号私募证券投资基金,杭州龙旗科技有限公司,股票多头,指数增强,"1000指增,中频",高,团队数据已有团队策略；产品名含1000指增,"股票多头 / 指数增强 / 1000指增,中频",股票多头 / 1000指增,"龙旗1000指增1号=股票多头/指数增强/1000指增,中频；龙旗1000指增2号=股票多头/指数增强/1000指增,中频",,
SSJ316,龙旗1000指增2号私募证券投资基金,杭州龙旗科技有限公司,股票多头,指数增强,"1000指增,中频",高,团队数据已有团队策略；产品名含1000指增,"股票多头 / 指数增强 / 1000指增,中频",股票多头 / 1000指增,"龙旗1000指增2号=股票多头/指数增强/1000指增,中频；龙旗1000指增1号=股票多头/指数增强/1000指增,中频",,
SSM136,龙旗股票量化多头1号私募证券投资基金,杭州龙旗科技有限公司,股票多头,,,高,团队数据已有团队策略,股票多头,股票多头 / 量化选股,龙旗股票量化多头1号=股票多头,,
SM4569,龙旗红旭私募投资基金,杭州龙旗科技有限公司,股票多头,指数增强,"500指增,量价,中频",高,团队数据已有团队策略,"股票多头 / 指数增强 / 500指增,量价,中频","股票多头 / 500指增 / 中频,量价","龙旗红旭=股票多头/指数增强/500指增,量价,中频",,
SH7639,龙旗巨星一号私募投资基金,杭州龙旗科技有限公司,股票多头,另类多头,"择时择股,持仓分散",高,团队数据已有团队策略,"股票多头 / 另类多头 / 择时择股,持仓分散",股票多头 / 另类多头 / 择时择股,"龙旗巨星一号=股票多头/另类多头/择时择股,持仓分散",,
SCA340,龙旗御风私募投资基金,杭州龙旗科技有限公司,股票多头,指数增强,300指增,高,团队数据已有团队策略,股票多头 / 指数增强 / 300指增,"股票多头 / 300指增 / 低频,量价,基本面",龙旗御风=股票多头/指数增强/300指增,,
S21883,龙旗紫微量化对冲基金,杭州龙旗科技有限公司,股票对冲,股票市场中性,"500中性,中频",高,团队数据已有团队策略；产品名含对冲,"股票对冲 / 股票市场中性 / 500中性,中频","股票对冲 / 股票市场中性 / 中频,量价,500中性",,,
SAFQ54,龙壹盛安泰私募证券投资基金,杭州龙壹盛私募基金管理有限公司,套利策略,期货套利,锁仓,高,团队数据已有团队策略,套利策略 / 期货套利 / 锁仓,"期货策略 / 量化期货 / 高频,股指",龙壹盛安泰=套利策略/期货套利/锁仓,,
SAPN72,龙壹盛风华永晟私募证券投资基金,杭州龙壹盛私募基金管理有限公司,套利策略,期货套利,"锁仓,高频套利,股指套利",高,团队数据已有团队策略,"套利策略 / 期货套利 / 锁仓,高频套利,股指套利",套利策略,"龙壹盛风华永晟=套利策略/期货套利/锁仓,高频套利,股指套利",,
SBDS53,龙壹盛睿盈私募证券投资基金,杭州龙壹盛私募基金管理有限公司,期货策略,,,高,团队数据已有团队策略,期货策略,期货策略,龙壹盛睿盈=期货策略,,
SALG27,龙壹盛顺达私募证券投资基金,杭州龙壹盛私募基金管理有限公司,期货策略,量化期货,"股指,高频",高,团队数据已有团队策略,"期货策略 / 量化期货 / 股指,高频","期货策略 / 量化期货 / 高频,股指","龙壹盛顺达=期货策略/量化期货/股指,高频",,
SER388,鲁民投至中一号私募证券投资基金,鲁民投基金管理有限公司,股票对冲,股票市场中性,,高,团队数据已有团队策略,股票对冲 / 股票市场中性,股票对冲 / 股票市场中性,鲁民投至中一号=股票对冲/股票市场中性,,
SVY182,罗维盈安伏波1号私募证券投资基金,宁波罗维盈安投资管理有限公司,股票对冲,股票多空,场外券,高,同系列/份额已有团队策略,,,罗维盈安伏波1号A类=股票对冲/股票多空/场外券,,
SBSD39,罗维盈安红利增强2号私募证券投资基金,宁波罗维盈安投资管理有限公司,股票多头,指数增强,红利指增,高,团队数据已有团队策略,股票多头 / 指数增强 / 红利指增,,罗维盈安红利增强2号=股票多头/指数增强/红利指增,,
SAXK98,罗维盈安启航共赢1号私募证券投资基金,宁波罗维盈安投资管理有限公司,股票对冲,打板,盘中板,高,团队数据已有团队策略,股票对冲 / 打板 / 盘中板,股票对冲 / 择时对冲 / 打板,"罗维盈安启航共赢1号=股票对冲/打板/盘中板；罗维盈安启航共赢1号B类=股票对冲/打板/盘中板；罗维盈安启航共赢3号=股票对冲/股票市场中性/500中性,基本面,低频",,
SVK933,罗维盈安启航共赢3号私募证券投资基金,宁波罗维盈安投资管理有限公司,股票对冲,股票市场中性,"500中性,基本面,低频",高,团队数据已有团队策略,"股票对冲 / 股票市场中性 / 500中性,基本面,低频","股票对冲 / 股票市场中性 / 低频,基本面,500中性","罗维盈安启航共赢3号=股票对冲/股票市场中性/500中性,基本面,低频；罗维盈安启航共赢1号B类=股票对冲/打板/盘中板；罗维盈安启航共赢1号=股票对冲/打板/盘中板",,
SBHE19,罗维盈安启航中证全指1号私募证券投资基金,宁波罗维盈安投资管理有限公司,股票多头,指数增强,,高,团队数据已有团队策略,股票多头 / 指数增强,,罗维盈安启航中证全指1号=股票多头/指数增强,,
SBBC58,罗维盈安启航LS六号私募证券投资基金,宁波罗维盈安投资管理有限公司,股票对冲,股票多空,"量化,场内券",高,团队数据已有团队策略,"股票对冲 / 股票多空 / 量化,场内券",,"罗维盈安启航LS六号=股票对冲/股票多空/量化,场内券",,
SBEX05,罗维盈安优孚1号私募证券投资基金,宁波罗维盈安投资管理有限公司,股票对冲,打板,盘中板,高,团队数据已有团队策略,股票对冲 / 打板 / 盘中板,股票对冲 / 择时对冲 / 打板,罗维盈安优孚1号=股票对冲/打板/盘中板,,
SVP343,罗维盈安增强2号尊享2号私募证券投资基金,宁波罗维盈安投资管理有限公司,股票多头,指数增强,"500指增,基本面",高,团队数据已有团队策略,"股票多头 / 指数增强 / 500指增,基本面",股票多头 / 500指增 / 基本面,"罗维盈安增强2号尊享2号=股票多头/指数增强/500指增,基本面",,
SBLS94,罗维盈安之升2000一号私募证券投资基金,宁波罗维盈安投资管理有限公司,股票多头,指数增强,2000指增,高,团队数据已有团队策略,股票多头 / 指数增强 / 2000指增,,罗维盈安之升2000一号=股票多头/指数增强/2000指增,,
SX9263,洛书尊享CTA拾壹号私募证券投资基金,上海洛书投资管理有限公司,期货策略,量化期货,"大厂,截面",高,团队数据已有团队策略；产品名含CTA,"期货策略 / 量化期货 / 大厂,截面",期货策略 / 量化期货 / 截面,"洛书尊享CTA拾壹号=期货策略/量化期货/大厂,截面",,
SAVB64,洛炎CTA专享1号私募证券投资基金,上海洛炎私募基金管理有限公司,期货策略,,,高,团队数据已有团队策略；产品名含CTA,期货策略,期货策略,洛炎CTA专享1号=期货策略；洛炎CTA专享5号A类=期货策略,,
ST8011,珞珈方圆港股通多策略私募基金,深圳前海珞珈方圆资产管理有限公司,股票多头,主观多头,"中盘,价值成长,港股",高,团队数据已有团队策略,"股票多头 / 主观多头 / 中盘,价值成长,港股","股票多头 / 主观多头 / 成长型,中盘,港股","珞珈方圆港股通多策略=股票多头/主观多头/中盘,价值成长,港股；珞珈方圆港股通多策略A类=股票多头/主观多头/港股；珞珈方圆港股通多策略B类=股票多头/主观多头",,
SX7373,迈萃阿尔法猫私募投资基金,迈萃资产管理（上海）有限公司,期货策略,量化期货,中高频,高,团队数据已有团队策略,期货策略 / 量化期货 / 中高频,期货策略 / 量化期货 / 中高频,迈萃阿尔法猫=期货策略/量化期货/中高频,,
SQC578,迈萃量赢CTA五号私募证券投资基金,迈萃资产管理（上海）有限公司,期货策略,量化期货,中高频,高,团队数据已有团队策略；产品名含CTA,期货策略 / 量化期货 / 中高频,期货策略 / 量化期货 / 中高频,迈萃量赢CTA五号=期货策略/量化期货/中高频,,
SQB319,迈德瑞趋势机会3号私募证券投资基金,迈德瑞投资管理（珠海横琴）有限公司,期货策略,量化期货,时序,高,团队数据已有团队策略,期货策略 / 量化期货 / 时序,期货策略 / 量化期货 / 时序,迈德瑞趋势机会3号=期货策略/量化期货/时序；迈德瑞趋势机会7号=期货策略/量化期货/时序,,
SST437,迈德瑞趋势机会7号私募证券投资基金,迈德瑞投资管理（珠海横琴）有限公司,期货策略,量化期货,时序,高,团队数据已有团队策略,期货策略 / 量化期货 / 时序,期货策略 / 量化期货 / 时序,迈德瑞趋势机会7号=期货策略/量化期货/时序；迈德瑞趋势机会3号=期货策略/量化期货/时序,,
SES760,麦克斯韦一号私募投资基金,上海锐天投资管理有限公司,股票多头,指数增强,"500指增,基本面",高,团队数据已有团队策略,"股票多头 / 指数增强 / 500指增,基本面","股票多头 / 500指增 / 中频,量价","麦克斯韦一号=股票多头/指数增强/500指增,基本面",,
SQZ285,满风积分1号中证500指数增强私募证券投资基金,上海满风资产管理有限公司,股票多头,指数增强,"量价,高频",高,团队数据已有团队策略；产品名含500指增,"股票多头 / 指数增强 / 量价,高频","股票多头 / 500指增 / 高频,量价","满风积分1号中证500指数增强=股票多头/指数增强/量价,高频",,
SCV226,茂源巴舍里耶2期私募证券投资基金,茂源量化（海南）私募基金管理合伙企业（有限合伙）,股票对冲,股票市场中性,"500中性,中频",高,团队数据已有团队策略,"股票对冲 / 股票市场中性 / 500中性,中频","股票对冲 / 股票市场中性 / 中频,量价,500中性","茂源巴舍里耶2期=股票对冲/股票市场中性/500中性,中频",,
SAEV89,茂源金选沪深300指数增强1号私募证券投资基金,茂源量化（海南）私募基金管理合伙企业（有限合伙）,股票多头,指数增强,300指增,高,团队数据已有团队策略；产品名含300指增,股票多头 / 指数增强 / 300指增,,茂源金选沪深300指数增强1号=股票多头/指数增强/300指增,,
SQS892,茂源量化中证红利指数增强1号私募证券投资基金,茂源量化（海南）私募基金管理合伙企业（有限合伙）,股票多头,指数增强,红利指增,高,团队数据已有团队策略；产品名含指增/指数增强,股票多头 / 指数增强 / 红利指增,,茂源量化中证红利指数增强1号=股票多头/指数增强/红利指增,,
SSA194,茂源量化中证全指增强1号私募证券投资基金,茂源量化（海南）私募基金管理合伙企业（有限合伙）,股票多头,指数增强,空气指增,高,团队数据已有团队策略；产品名含指增/指数增强,股票多头 / 指数增强 / 空气指增,,茂源量化中证全指增强1号=股票多头/指数增强/空气指增,,
STE003,茂源量化中证A500指数增强1号私募证券投资基金,茂源量化（海南）私募基金管理合伙企业（有限合伙）,股票多头,指数增强,A500指增,高,团队数据已有团队策略；产品名含A500指增,股票多头 / 指数增强 / A500指增,,茂源量化中证A500指数增强1号=股票多头/指数增强/A500指增,,
SADF15,茂源量化CTA-1号私募证券投资基金,茂源量化（海南）私募基金管理合伙企业（有限合伙）,期货策略,量化期货,,高,产品名含量化期货/CTA,,,,,
SEU506,茂源资本经典CTA-2号私募投资基金,茂源量化（海南）私募基金管理合伙企业（有限合伙）,期货策略,量化期货,中高频,高,团队数据已有团队策略；产品名含CTA,期货策略 / 量化期货 / 中高频,期货策略 / 量化期货 / 中高频,茂源资本经典CTA-2号=期货策略/量化期货/中高频,,
SZR051,每利-蓝天AI中性策略三号私募证券投资基金,每利投资基金管理（北京）有限公司,股票对冲,股票多空,,高,团队数据已有团队策略；产品名含中性,股票对冲 / 股票多空,股票对冲 / 股票多空,每利-蓝天AI中性策略三号=股票对冲/股票多空,,
STX651,每利-蓝天AI中性策略一号私募证券投资基金,每利投资基金管理（北京）有限公司,股票对冲,股票多空,,高,团队数据已有团队策略；产品名含中性,股票对冲 / 股票多空,股票对冲 / 股票多空,每利-蓝天AI中性策略一号=股票对冲/股票多空,,
SXJ219,每利-盼盼滚雪球1号私募证券投资基金,每利投资基金管理（北京）有限公司,期货策略,,,高,团队数据已有团队策略,期货策略,期货策略,每利-盼盼滚雪球1号=期货策略,,
STX468,美好避风港私募证券投资基金,广东横琴广鑫美好私募基金管理有限公司,多资产策略,FOF,,高,团队数据已有团队策略,多资产策略 / FOF,组合策略 / FOF,美好避风港=多资产策略/FOF,,
SGP287,蒙玺分形2号私募证券投资基金,上海蒙玺投资管理有限公司,股票对冲,股票T0,,高,团队数据已有团队策略,股票对冲 / 股票T0,股票对冲 / 股票市场中性,蒙玺分形2号=股票对冲/股票T0；蒙玺分形9号=股票对冲/股票T0；蒙玺分形3号=股票对冲/股票T0；蒙玺分形12号B类=股票对冲/股票T0；蒙玺分形12号=股票对冲/股票T0,,
SVA137,蒙玺国证2000指数量化1号私募证券投资基金,上海蒙玺投资管理有限公司,股票多头,指数增强,"量价,高频",高,团队数据已有团队策略,"股票多头 / 指数增强 / 量价,高频","股票多头 / 2000指增 / 高频,量价","蒙玺国证2000指数量化1号=股票多头/指数增强/量价,高频；蒙玺国证2000指数量化3号B类=股票多头/指数增强/2000指增；蒙玺国证2000指数量化1号B类=股票多头/指数增强/2000指增",,
SQE031,蒙玺量化精选对冲2号私募证券投资基金,上海蒙玺投资管理有限公司,股票对冲,股票市场中性,"500中性,另类因子,高频",高,团队数据已有团队策略；产品名含对冲,"股票对冲 / 股票市场中性 / 500中性,另类因子,高频","股票对冲 / 股票市场中性 / 高频,另类因子,500中性","蒙玺量化精选对冲2号=股票对冲/股票市场中性/500中性,另类因子,高频",,
SXZ122,蒙玺量化至禾2号私募证券投资基金,上海蒙玺投资管理有限公司,股票多头,指数增强,"量价,高频",高,团队数据已有团队策略,"股票多头 / 指数增强 / 量价,高频","股票多头 / 2000指增 / 高频,量价","蒙玺量化至禾2号=股票多头/指数增强/量价,高频",,
SACW59,蒙玺万得小市值指数量化1号私募证券投资基金,上海蒙玺投资管理有限公司,股票多头,指数增强,,高,团队数据已有团队策略,股票多头 / 指数增强,股票多头 / 风格指增,蒙玺万得小市值指数量化1号=股票多头/指数增强,,
SGP291,蒙玺万象精选对冲1号私募证券投资基金,上海蒙玺投资管理有限公司,股票对冲,股票T0,,高,团队数据已有团队策略；产品名含对冲,股票对冲 / 股票T0,股票对冲 / 股票T0,蒙玺万象精选对冲1号=股票对冲/股票T0,,
SST315,蒙玺中证1000指数量化1号私募证券投资基金,上海蒙玺投资管理有限公司,股票多头,指数增强,"1000指增,量价,高频",高,团队数据已有团队策略,"股票多头 / 指数增强 / 1000指增,量价,高频",股票多头 / 1000指增 / 另类因子,"蒙玺中证1000指数量化1号=股票多头/指数增强/1000指增,量价,高频；蒙玺中证1000指数量化3号B类=股票多头/指数增强/1000指增,量价,高频；蒙玺中证1000指数量化2号B类=股票多头/指数增强/1000指增；蒙玺中证1000指数量化1号B类=股票多头/指数增强/1000指增,量价,高频",,
SGB123,蒙玺祖冲之1号量化私募证券投资基金,上海蒙玺投资管理有限公司,股票多头,指数增强,"500指增,另类因子",高,团队数据已有团队策略,"股票多头 / 指数增强 / 500指增,另类因子",股票多头 / 500指增 / 另类因子,"蒙玺祖冲之1号量化=股票多头/指数增强/500指增,另类因子",,
SALH89,米纳中证红利指数增强1号私募证券投资基金,米纳（横琴）资产管理有限公司,股票多头,指数增强,红利指增,高,团队数据已有团队策略；产品名含指增/指数增强,股票多头 / 指数增强 / 红利指增,股票多头 / 红利指增,米纳中证央企指数增强1号=股票多头/指数增强/红利指增,,
SBBZ20,绵烁ETF套利3号私募证券投资基金,上海绵烁资产管理有限公司,套利策略,,,高,同系列/份额已有团队策略；产品名含套利,,,绵烁ETF套利3号A类=套利策略,,
SSM322,明汯股票精选谷秋1号私募证券投资基金,上海明汯投资管理有限公司,股票多头,指数增强,空气指增,高,团队数据已有团队策略,股票多头 / 指数增强 / 空气指增,股票多头 / 量化选股,明汯股票精选谷秋1号=股票多头/指数增强/空气指增,,
SGW531,明汯红橡金麟专享1号私募证券投资基金,上海明汯投资管理有限公司,股票对冲,股票市场中性,300中性,高,团队数据已有团队策略,股票对冲 / 股票市场中性 / 300中性,"股票对冲 / 股票市场中性 / 中频,300中性",明汯红橡金麟专享1号=股票对冲/股票市场中性/300中性,,
SM8148,明汯宏观1号私募证券投资基金,上海明汯投资管理有限公司,多资产策略,,,高,团队数据已有团队策略,多资产策略,多资产策略 / 复合策略,明汯宏观1号=多资产策略；明汯宏观1号A类=多资产策略,,
SS5789,明汯价值成长1期私募投资基金,上海明汯投资管理有限公司,股票多头,指数增强,"500指增,量价,低频",高,团队数据已有团队策略,"股票多头 / 指数增强 / 500指增,量价,低频","股票多头 / 500指增 / 低频,量价","明汯价值成长1期=股票多头/指数增强/500指增,量价,低频",,
SLB203,明汯价值成长1期B号私募证券投资基金,上海明汯投资管理有限公司,股票多头,指数增强,500指增,高,团队数据已有团队策略,股票多头 / 指数增强 / 500指增,股票多头 / 500指增,明汯价值成长1期B号=股票多头/指数增强/500指增,,
SK5674,明汯稳健增长2期私募投资基金,上海明汯投资管理有限公司,股票多头,指数增强,"300指增,量价,中频",高,团队数据已有团队策略,"股票多头 / 指数增强 / 300指增,量价,中频","股票多头 / 300指增 / 中频,量价","明汯稳健增长2期=股票多头/指数增强/300指增,量价,中频",,
ST7452,明汯中性1号私募证券投资基金,上海明汯投资管理有限公司,股票对冲,股票市场中性,"500中性,中频",高,团队数据已有团队策略；产品名含中性,"股票对冲 / 股票市场中性 / 500中性,中频","股票对冲 / 股票市场中性 / 中频,量价,500中性","明汯中性1号=股票对冲/股票市场中性/500中性,中频；明汯中性7号=股票对冲/股票T0",,
SAVW53,明湾橘子洲1号私募证券投资基金,上海明湾资产管理有限公司,股票对冲,打板,"量化,盘中板",高,团队数据已有团队策略,"股票对冲 / 打板 / 量化,盘中板",股票对冲 / 择时对冲 / 打板,"明湾橘子洲1号=股票对冲/打板/量化,盘中板",,
SLT523,明湾心造2号私募证券投资基金,上海明湾资产管理有限公司,股票对冲,股票T0,"底仓T0,程序化",高,团队数据已有团队策略,"股票对冲 / 股票T0 / 底仓T0,程序化",股票对冲 / 股票T0 / 底仓T0,"明湾心造2号=股票对冲/股票T0/底仓T0,程序化",,
SEJ463,明钺安心回报2号私募证券投资基金,珠海明钺私募基金管理有限公司,多资产策略,FOF,,高,团队数据已有团队策略,多资产策略 / FOF,组合策略 / FOF,明钺安心回报2号=多资产策略/FOF,,
SQU011,明钺回报8号私募证券投资基金,珠海明钺私募基金管理有限公司,多资产策略,FOF,,高,团队数据已有团队策略,多资产策略 / FOF,组合策略 / FOF,明钺回报8号=多资产策略/FOF,,
SJX883,明钺回报A私募证券投资基金,珠海明钺私募基金管理有限公司,多资产策略,FOF,,高,团队数据已有团队策略,多资产策略 / FOF,组合策略 / FOF,明钺回报A=多资产策略/FOF,,
SLK506,明钺聚汇1号私募证券投资基金,珠海明钺私募基金管理有限公司,多资产策略,FOF,,高,团队数据已有团队策略,多资产策略 / FOF,组合策略 / FOF,明钺聚汇1号=多资产策略/FOF,,
STB887,明钺美丽中国股票母基金私募证券投资基金,珠海明钺私募基金管理有限公司,多资产策略,宏观策略,,高,团队数据已有团队策略,多资产策略 / 宏观策略,多资产策略 / 宏观策略,明钺美丽中国股票母基金=多资产策略/宏观策略；明钺美丽中国股票母基金B类=多资产策略/宏观策略；明钺美丽中国股票母基金A类=多资产策略/宏观策略,,
SNV347,鸣石傲华15号1期私募证券投资基金,上海鸣石私募基金管理有限公司,股票对冲,股票市场中性,,高,团队数据已有团队策略,股票对冲 / 股票市场中性,股票对冲 / 股票市场中性,鸣石傲华15号1期=股票对冲/股票市场中性,,
SNF136,鸣石超越量化指数增强1A号私募证券投资基金,上海鸣石私募基金管理有限公司,股票多头,指数增强,"300指增,量价,中频",高,团队数据已有团队策略；产品名含指增/指数增强,"股票多头 / 指数增强 / 300指增,量价,中频","股票多头 / 300指增 / 中频,量价","鸣石超越量化指数增强1A号=股票多头/指数增强/300指增,量价,中频",,
SEA228,鸣石春天20号私募证券投资基金,上海鸣石私募基金管理有限公司,股票多头,指数增强,500指增,高,团队数据已有团队策略,股票多头 / 指数增强 / 500指增,,鸣石春天20号=股票多头/指数增强/500指增；鸣石春天28号=股票多头/指数增强/空气指增；鸣石春天2号A类=股票多头/指数增强/500指增,,
SJC016,鸣石春天28号私募证券投资基金,上海鸣石私募基金管理有限公司,股票多头,指数增强,空气指增,高,团队数据已有团队策略,股票多头 / 指数增强 / 空气指增,股票多头 / 量化选股,鸣石春天28号=股票多头/指数增强/空气指增；鸣石春天20号=股票多头/指数增强/500指增；鸣石春天2号A类=股票多头/指数增强/500指增,,
SS3397,鸣石春天沪深300指数增强1号私募投资基金,上海鸣石私募基金管理有限公司,股票多头,指数增强,300指增,高,团队数据已有团队策略；产品名含300指增,股票多头 / 指数增强 / 300指增,股票多头 / 300指增,鸣石春天沪深300指数增强1号=股票多头/指数增强/300指增,,
SX2090,鸣石春天十三号私募投资基金,上海鸣石私募基金管理有限公司,股票多头,指数增强,"500指增,量价,中频",高,团队数据已有团队策略,"股票多头 / 指数增强 / 500指增,量价,中频","股票多头 / 500指增 / 中频,量价","鸣石春天十三号=股票多头/指数增强/500指增,量价,中频",,
SNK642,鸣石广鸣中证1000指数增强1号私募证券投资基金,上海鸣石私募基金管理有限公司,股票多头,指数增强,"1000指增,中频",高,团队数据已有团队策略；产品名含1000指增,"股票多头 / 指数增强 / 1000指增,中频",股票多头 / 1000指增,"鸣石广鸣中证1000指数增强1号=股票多头/指数增强/1000指增,中频",,
SBNJ90,鸣石广胜中证A500指数增强1号量化私募证券投资基金,上海鸣石私募基金管理有限公司,股票多头,指数增强,500指增,高,同系列/份额已有团队策略；产品名含A500指增,,,鸣石广胜中证A500指数增强1号量化=股票多头/指数增强/500指增,,
SLP308,鸣石金选18号1期私募证券投资基金,上海鸣石私募基金管理有限公司,股票多头,指数增强,500指增,高,团队数据已有团队策略,股票多头 / 指数增强 / 500指增,股票多头 / 500指增,鸣石金选18号1期=股票多头/指数增强/500指增,,
SJE164,鸣石量化30号私募证券投资基金,上海鸣石私募基金管理有限公司,股票对冲,股票市场中性,"500中性,中频",高,团队数据已有团队策略,"股票对冲 / 股票市场中性 / 500中性,中频","股票对冲 / 股票市场中性 / 中频,500中性","鸣石量化30号=股票对冲/股票市场中性/500中性,中频；鸣石量化24号=期货策略/量化期货/股指",,
SLG277,鸣石满天星三号1期私募证券投资基金,上海鸣石私募基金管理有限公司,股票对冲,股票市场中性,,高,团队数据已有团队策略,股票对冲 / 股票市场中性,,鸣石满天星三号1期=股票对冲/股票市场中性,,
SXX183,鸣石同心5号量化对冲私募证券投资基金,上海鸣石私募基金管理有限公司,股票对冲,股票市场中性,,高,团队数据已有团队策略；产品名含对冲,股票对冲 / 股票市场中性,,鸣石同心5号量化对冲=股票对冲/股票市场中性,,
SZD191,鸣石同心9号量化对冲私募证券投资基金,上海鸣石私募基金管理有限公司,套利策略,,,高,团队数据已有团队策略；产品名另指向股票对冲/,套利策略,股票对冲 / 股票T0,鸣石同心9号量化对冲=套利策略,,
SSP889,鸣石未来新元量化选股1号C期私募证券投资基金,上海鸣石私募基金管理有限公司,股票多头,,,高,团队数据已有团队策略,股票多头,股票多头 / 量化选股,鸣石未来新元量化选股1号C期=股票多头,,
SATN38,鸣石专享定制17号量化私募证券投资基金,上海鸣石私募基金管理有限公司,股票对冲,股票市场中性,多策略,高,团队数据已有团队策略,股票对冲 / 股票市场中性 / 多策略,,鸣石专享定制17号量化=股票对冲/股票市场中性/多策略,,
SASX84,鸣石专享定制22号量化私募证券投资基金,上海鸣石私募基金管理有限公司,股票多头,指数增强,空气指增,高,团队数据已有团队策略,股票多头 / 指数增强 / 空气指增,,鸣石专享定制22号量化=股票多头/指数增强/空气指增,,
SBWK45,鸣石专享定制29号量化私募证券投资基金,上海鸣石私募基金管理有限公司,股票对冲,择时对冲,,高,同系列/份额已有团队策略,,,鸣石专享定制29号量化=股票对冲/择时对冲,,
SAHZ51,鸣石CTA套利1号量化私募证券投资基金,上海鸣石私募基金管理有限公司,套利策略,期货套利,股指套利,高,团队数据已有团队策略；产品名另指向期货策略/,套利策略 / 期货套利 / 股指套利,,鸣石CTA套利1号量化=套利策略/期货套利/股指套利,,
SQS859,鸣石CTA先锋进取A号私募证券投资基金,上海鸣石私募基金管理有限公司,期货策略,量化期货,"大厂,股指",高,团队数据已有团队策略；产品名含CTA,"期货策略 / 量化期货 / 大厂,股指",期货策略 / 量化期货 / 时序,"鸣石CTA先锋进取A号=期货策略/量化期货/大厂,股指",,
SANW72,鸣熙承华1号私募证券投资基金,上海鸣熙资产管理有限公司,股票对冲,,,高,团队数据已有团队策略,股票对冲,股票对冲,鸣熙承华1号=股票对冲,,
SB8036,鸣熙沪港深红利精选10号私募证券投资基金,上海鸣熙资产管理有限公司,套利策略,,,高,团队数据已有团队策略,套利策略,套利策略,"鸣熙沪港深红利精选10号=套利策略；鸣熙沪港深红利精选1号=股票多头/指数增强/红利指增,中频",,
SZJ540,鸣熙量化中性3号私募证券投资基金,上海鸣熙资产管理有限公司,股票对冲,股票市场中性,"500中性,量价,中频",高,团队数据已有团队策略；产品名含中性,"股票对冲 / 股票市场中性 / 500中性,量价,中频","股票对冲 / 股票市场中性 / 中频,量价,500中性","鸣熙量化中性3号=股票对冲/股票市场中性/500中性,量价,中频；鸣熙量化中性1号A类=股票对冲/股票市场中性/量价,中频；鸣熙量化中性1号=套利策略/期货套利",,
SSN649,鸣熙天玑中证500指数增强2号私募证券投资基金,上海鸣熙资产管理有限公司,股票多头,指数增强,"500指增,量价,中频",高,团队数据已有团队策略；产品名含500指增,"股票多头 / 指数增强 / 500指增,量价,中频","股票多头 / 500指增 / 中频,量价","鸣熙天玑中证500指数增强2号=股票多头/指数增强/500指增,量价,中频；鸣熙天玑中证500指数增强1号=股票多头/指数增强/500指增,量价,中频；鸣熙天玑中证500指数增强3号A类=股票多头/指数增强/500指增；鸣熙天玑中证500指数增强3号=股票多头/指数增强/500指增",,
SQQ471,鸣熙天玑中证500指数增强3号私募证券投资基金,上海鸣熙资产管理有限公司,股票多头,指数增强,500指增,高,团队数据已有团队策略；产品名含500指增,股票多头 / 指数增强 / 500指增,股票多头 / 500指增,"鸣熙天玑中证500指数增强3号=股票多头/指数增强/500指增；鸣熙天玑中证500指数增强1号=股票多头/指数增强/500指增,量价,中频；鸣熙天玑中证500指数增强3号A类=股票多头/指数增强/500指增；鸣熙天玑中证500指数增强2号=股票多头/指数增强/500指增,量价,中频",,
SNM631,鸣瑜机器人二号私募证券投资基金,广州鸣瑜私募证券投资基金管理有限公司,多资产策略,ETF轮动,,高,团队数据已有团队策略,多资产策略 / ETF轮动,股票对冲 / 股票市场中性,鸣瑜机器人二号=多资产策略/ETF轮动,,
SXV381,铭宬进取1号私募证券投资基金,铭宬私募投资基金管理（山东）有限公司,期货策略,主观期货,,高,团队数据已有团队策略,期货策略 / 主观期货,期货策略 / 主观期货,铭宬进取1号=期货策略/主观期货,,
SAUX22,铭跃进取一号私募证券投资基金,上海铭跃私募基金管理合伙企业（有限合伙）,期货策略,量化期货,"时序,中高频",高,团队数据已有团队策略,"期货策略 / 量化期货 / 时序,中高频","期货策略 / 量化期货 / 时序,中高频","铭跃进取一号=期货策略/量化期货/时序,中高频",,
SZG123,铭跃巨雕二号私募证券投资基金,上海铭跃私募基金管理合伙企业（有限合伙）,期货策略,量化期货,中高频,高,团队数据已有团队策略,期货策略 / 量化期货 / 中高频,期货策略 / 量化期货 / 中高频,铭跃巨雕二号=期货策略/量化期货/中高频,,
SAQJ54,铭跃量选50私募证券投资基金,上海铭跃私募基金管理合伙企业（有限合伙）,股票多头,指数增强,"空气指增,另类因子",高,团队数据已有团队策略,"股票多头 / 指数增强 / 空气指增,另类因子",股票多头 / 量化选股,"铭跃量选50=股票多头/指数增强/空气指增,另类因子；铭跃量选50B类=股票多头/指数增强/空气指增,另类因子；铭跃量选50A类=股票多头",,
SXQ079,铭跃量选50一号私募证券投资基金,上海铭跃私募基金管理合伙企业（有限合伙）,股票多头,,,高,团队数据已有团队策略,股票多头,股票多头 / 量化选股,铭跃量选50一号=股票多头,,
SZG088,铭跃三号私募证券投资基金,上海铭跃私募基金管理合伙企业（有限合伙）,期货策略,量化期货,,高,团队数据已有团队策略,期货策略 / 量化期货,期货策略 / 量化期货 / 中高频,铭跃三号=期货策略/量化期货；铭跃三号B类=期货策略/量化期货/中高频,,
SVZ009,铭跃行远均衡一号私募证券投资基金,上海铭跃私募基金管理合伙企业（有限合伙）,期货策略,量化期货,"时序,中高频",高,团队数据已有团队策略,"期货策略 / 量化期货 / 时序,中高频","期货策略 / 量化期货 / 时序,中高频","铭跃行远均衡一号=期货策略/量化期货/时序,中高频",,
SB6536,铭跃行远均衡专享二号私募证券投资基金,上海铭跃私募基金管理合伙企业（有限合伙）,期货策略,量化期货,中高频,高,团队数据已有团队策略,期货策略 / 量化期货 / 中高频,期货策略 / 量化期货 / 中高频,铭跃行远均衡专享二号=期货策略/量化期货/中高频,,
SAJX53,铭跃行远均衡专享九号私募证券投资基金,上海铭跃私募基金管理合伙企业（有限合伙）,期货策略,量化期货,中高频,高,团队数据已有团队策略,期货策略 / 量化期货 / 中高频,期货策略 / 量化期货 / 中高频,铭跃行远均衡专享九号=期货策略/量化期货/中高频,,
SABW58,铭跃行远均衡专享六号私募证券投资基金,上海铭跃私募基金管理合伙企业（有限合伙）,期货策略,量化期货,,高,团队数据已有团队策略,期货策略 / 量化期货,期货策略 / 量化期货 / 中高频,铭跃行远均衡专享六号=期货策略/量化期货,,
SAQS03,铭跃行远均衡专享十六号私募证券投资基金,上海铭跃私募基金管理合伙企业（有限合伙）,期货策略,量化期货,"量价,中高频",高,团队数据已有团队策略,"期货策略 / 量化期货 / 量价,中高频",期货策略 / 量化期货 / 中高频,"铭跃行远均衡专享十六号=期货策略/量化期货/量价,中高频",,
SACZ81,铭跃行远均衡专享一号私募证券投资基金,上海铭跃私募基金管理合伙企业（有限合伙）,期货策略,量化期货,中高频,高,团队数据已有团队策略,期货策略 / 量化期货 / 中高频,期货策略 / 量化期货 / 中高频,铭跃行远均衡专享一号=期货策略/量化期货/中高频,,
SAUR30,铭跃CTA1号私募证券投资基金,上海铭跃私募基金管理合伙企业（有限合伙）,期货策略,量化期货,"时序,中高频,量价",高,团队数据已有团队策略；产品名含CTA,"期货策略 / 量化期货 / 时序,中高频,量价","期货策略 / 量化期货 / 时序,中高频,量价","铭跃CTA1号=期货策略/量化期货/时序,中高频,量价",,
SBCB68,摩旗安馨多策略套利1号私募证券投资基金,上海摩旗投资管理有限公司,套利策略,,,高,团队数据已有团队策略；产品名含套利,套利策略,套利策略 / 基金套利 / ETF套利,摩旗安馨多策略套利1号=套利策略,,
SVP460,墨雪鑫瑞1号私募证券投资基金,上海墨雪私募基金管理有限公司,套利策略,期货套利,"锁仓,股指套利",高,团队数据已有团队策略,"套利策略 / 期货套利 / 锁仓,股指套利",套利策略 / 期货套利 / 股指套利,"墨雪鑫瑞1号=套利策略/期货套利/锁仓,股指套利",,
SBTT58,慕途朝夕1号私募证券投资基金,上海慕途私募基金管理有限公司,套利策略,期货套利,跨期套利,高,团队数据已有团队策略,套利策略 / 期货套利 / 跨期套利,套利策略 / 期货套利 / 跨期套利,慕途朝夕1号=套利策略/期货套利/跨期套利；慕途朝夕2号=套利策略/期货套利/跨期套利,,
SBTT64,慕途朝夕2号私募证券投资基金,上海慕途私募基金管理有限公司,套利策略,期货套利,跨期套利,高,团队数据已有团队策略,套利策略 / 期货套利 / 跨期套利,套利策略 / 期货套利 / 跨期套利,慕途朝夕2号=套利策略/期货套利/跨期套利；慕途朝夕1号=套利策略/期货套利/跨期套利,,
SAHX36,慕途商品套利1号私募证券投资基金,上海慕途私募基金管理有限公司,套利策略,期货套利,,高,团队数据已有团队策略；产品名含套利,套利策略 / 期货套利,套利策略 / 期货套利,慕途商品套利1号=套利策略/期货套利,,
SAQQ67,慕途盈川1号私募证券投资基金,上海慕途私募基金管理有限公司,套利策略,期货套利,"跨市场套利,商品套利",高,团队数据已有团队策略,"套利策略 / 期货套利 / 跨市场套利,商品套利","套利策略 / 期货套利 / 商品套利,跨市场套利","慕途盈川1号=套利策略/期货套利/跨市场套利,商品套利；慕途盈川1号A类=套利策略/期货套利/跨市场套利",,
SST045,南方红石大虎鲸量化3号私募证券投资基金,南方红石（厦门）私募基金管理有限公司,股票多头,主观多头,交易型,高,团队数据已有团队策略,股票多头 / 主观多头 / 交易型,股票多头 / 主观多头 / 交易型,南方红石大虎鲸量化3号=股票多头/主观多头/交易型,,
SB2050,南京长木常青1号私募证券投资基金,南京长木私募基金管理合伙企业（有限合伙）,期货策略,量化期货,"机器学习,中高频",高,同系列/份额已有团队策略,,,"南京长木常青1号A类=期货策略/量化期货/机器学习,中高频",,
SET549,念空安皓多策略私募证券投资基金,上海念空私募基金管理合伙企业（有限合伙）,股票对冲,股票市场中性,,高,团队数据已有团队策略,股票对冲 / 股票市场中性,股票对冲 / 股票市场中性,念空安皓多策略=股票对冲/股票市场中性,,
SGZ812,念空瑞景1号私募证券投资基金,上海念空私募基金管理合伙企业（有限合伙）,股票多头,指数增强,"500指增,量价,中频",高,团队数据已有团队策略,"股票多头 / 指数增强 / 500指增,量价,中频","股票多头 / 500指增 / 中频,量价","念空瑞景1号=股票多头/指数增强/500指增,量价,中频",,
SVY044,宁波华裕博孚利1号私募证券投资基金,厦门博孚利资产管理有限公司,多资产策略,FOF,,高,团队数据已有团队策略,多资产策略 / FOF,组合策略 / FOF,宁波华裕博孚利1号=多资产策略/FOF,,
SLG525,宁波信本全天候2号私募证券投资基金,宁波溢锋私募基金管理有限公司,股票对冲,打板,"盘前板,主观",高,团队数据已有团队策略,"股票对冲 / 打板 / 盘前板,主观",股票对冲 / 择时对冲 / 打板,"宁波信本全天候2号=股票对冲/打板/盘前板,主观",,
SXQ131,宁波信本溢盛3号私募证券投资基金,宁波溢锋私募基金管理有限公司,股票多头,主观多头,,高,团队数据已有团队策略,股票多头 / 主观多头,股票多头 / 主观多头,宁波信本溢盛3号=股票多头/主观多头,,
SAPS19,宁波溢锋白鹿一号私募证券投资基金,宁波溢锋私募基金管理有限公司,股票对冲,打板,盘前板,高,团队数据已有团队策略,股票对冲 / 打板 / 盘前板,股票对冲 / 择时对冲 / 打板,宁波溢锋白鹿一号=股票对冲/打板/盘前板,,
SZN832,宁波溢锋闪闪十号私募证券投资基金,宁波溢锋私募基金管理有限公司,股票对冲,打板,盘前板,高,团队数据已有团队策略,股票对冲 / 打板 / 盘前板,股票对冲 / 择时对冲,宁波溢锋闪闪十号=股票对冲/打板/盘前板,,
SJT536,宁水国债宝2号私募证券投资基金,厦门宁水私募基金管理有限公司,债券策略,利率债,国债期货,高,团队数据已有团队策略,债券策略 / 利率债 / 国债期货,期货策略 / 主观期货,宁水国债宝2号=债券策略/利率债/国债期货,,
SX8915,宁水精选三期私募证券投资基金,厦门宁水私募基金管理有限公司,期货策略,量化期货,时序,高,团队数据已有团队策略,期货策略 / 量化期货 / 时序,多资产策略 / 宏观策略,宁水精选三期=期货策略/量化期货/时序,,
STG733,宁苑沛华稳定增长一号私募证券投资基金,上海宁苑资产管理有限公司,多资产策略,宏观策略,"配置型,海外,量化",高,团队数据已有团队策略,"多资产策略 / 宏观策略 / 配置型,海外,量化",多资产策略 / 宏观策略,"宁苑沛华稳定增长一号=多资产策略/宏观策略/配置型,海外,量化；宁苑沛华稳定增长一号A类=多资产策略/宏观策略/配置型,海外,量化；宁苑沛华稳定增长一号C类=多资产策略/宏观策略/配置型",,
SBWB33,宁苑稳定增长七号私募证券投资基金,上海宁苑资产管理有限公司,多资产策略,宏观策略,,高,团队数据已有团队策略,多资产策略 / 宏观策略,股票多头,宁苑稳定增长七号=多资产策略/宏观策略,,
SGW516,纽达投资可转债一号私募证券投资基金,珠海纽达投资管理有限公司,股票多头,指数增强,转债指增,高,团队数据已有团队策略,股票多头 / 指数增强 / 转债指增,股票多头 / 转债指增,纽达投资可转债一号=股票多头/指数增强/转债指增,,
STP342,纽达投资善衡五号私募证券投资基金,珠海纽达投资管理有限公司,股票多头,可转债多头,量化,高,团队数据已有团队策略,股票多头 / 可转债多头 / 量化,多资产策略 / 复合策略,纽达投资善衡五号=股票多头/可转债多头/量化,,
SAWX21,纽达投资泰享1号私募证券投资基金,珠海纽达投资管理有限公司,股票多头,,,高,团队数据已有团队策略,股票多头,股票多头,纽达投资泰享1号=股票多头,,
SQL347,盘京明晟1期私募证券投资基金,上海盘京投资管理中心（有限合伙）,股票多头,主观多头,,高,团队数据已有团队策略,股票多头 / 主观多头,股票多头 / 主观多头,盘京明晟1期=股票多头/主观多头,,
SCY279,盘京天道3期私募证券投资基金,上海盘京投资管理中心（有限合伙）,股票多头,主观多头,,高,团队数据已有团队策略,股票多头 / 主观多头,股票多头 / 主观多头,盘京天道3期=股票多头/主观多头,,
SAJF88,磐松大盘股指数增强4号私募证券投资基金,上海磐松私募基金管理有限公司,股票多头,指数增强,300指增,高,团队数据已有团队策略；产品名含指增/指数增强,股票多头 / 指数增强 / 300指增,股票多头 / 300指增,"磐松大盘股指数增强4号=股票多头/指数增强/300指增；磐松大盘股指数增强1号=股票多头/指数增强/300指增,量价,低频",,
SXZ249,磐松多空对冲1A私募证券投资基金,上海磐松私募基金管理有限公司,股票对冲,股票多空,,高,团队数据已有团队策略；产品名含多空,股票对冲 / 股票多空,股票对冲 / 股票多空,磐松多空对冲1A=股票对冲/股票多空,,
SZB330,磐松多空对冲1B私募证券投资基金,上海磐松私募基金管理有限公司,股票对冲,股票多空,,高,团队数据已有团队策略；产品名含多空,股票对冲 / 股票多空,股票对冲 / 股票多空,磐松多空对冲1B=股票对冲/股票多空,,
SZB332,磐松多空对冲1D私募证券投资基金,上海磐松私募基金管理有限公司,股票对冲,股票多空,,高,团队数据已有团队策略；产品名含多空,股票对冲 / 股票多空,股票对冲 / 股票多空,磐松多空对冲1D=股票对冲/股票多空,,
SB7044,磐松多空对冲1F私募证券投资基金,上海磐松私募基金管理有限公司,股票对冲,股票多空,"量化,场内券",高,团队数据已有团队策略；产品名含多空,"股票对冲 / 股票多空 / 量化,场内券",股票对冲 / 股票多空,"磐松多空对冲1F=股票对冲/股票多空/量化,场内券",,
SZE979,磐松多空对冲2号私募证券投资基金,上海磐松私募基金管理有限公司,股票对冲,股票市场中性,,高,团队数据已有团队策略；产品名含多空,股票对冲 / 股票市场中性,股票对冲 / 股票市场中性,"磐松多空对冲2号=股票对冲/股票市场中性；磐松多空对冲5号=股票对冲/股票多空；磐松多空对冲3号=股票对冲/股票多空/量化,场内券；磐松多空对冲1号=股票对冲/股票多空/量化,场内券；磐松多空对冲6号=股票对冲/股票多空；磐松多空对冲7号=股票对冲/股票市场中性；磐松多空对冲4号=股票对冲/股票市场中性",,
SZU007,磐松多空对冲4号私募证券投资基金,上海磐松私募基金管理有限公司,股票对冲,股票市场中性,,高,团队数据已有团队策略；产品名含多空,股票对冲 / 股票市场中性,股票对冲 / 股票市场中性,"磐松多空对冲4号=股票对冲/股票市场中性；磐松多空对冲5号=股票对冲/股票多空；磐松多空对冲3号=股票对冲/股票多空/量化,场内券；磐松多空对冲1号=股票对冲/股票多空/量化,场内券；磐松多空对冲6号=股票对冲/股票多空；磐松多空对冲7号=股票对冲/股票市场中性；磐松多空对冲2号=股票对冲/股票市场中性",,
SB2859,磐松多空对冲5号私募证券投资基金,上海磐松私募基金管理有限公司,股票对冲,股票多空,,高,团队数据已有团队策略；产品名含多空,股票对冲 / 股票多空,股票对冲 / 股票多空,"磐松多空对冲5号=股票对冲/股票多空；磐松多空对冲3号=股票对冲/股票多空/量化,场内券；磐松多空对冲1号=股票对冲/股票多空/量化,场内券；磐松多空对冲6号=股票对冲/股票多空；磐松多空对冲7号=股票对冲/股票市场中性；磐松多空对冲4号=股票对冲/股票市场中性；磐松多空对冲2号=股票对冲/股票市场中性",,
SACB41,磐松多空对冲7号私募证券投资基金,上海磐松私募基金管理有限公司,股票对冲,股票市场中性,,高,团队数据已有团队策略；产品名含多空,股票对冲 / 股票市场中性,股票对冲 / 股票市场中性,"磐松多空对冲7号=股票对冲/股票市场中性；磐松多空对冲5号=股票对冲/股票多空；磐松多空对冲3号=股票对冲/股票多空/量化,场内券；磐松多空对冲1号=股票对冲/股票多空/量化,场内券；磐松多空对冲6号=股票对冲/股票多空；磐松多空对冲4号=股票对冲/股票市场中性；磐松多空对冲2号=股票对冲/股票市场中性",,
SB5668,磐松红利指数增强进取1号私募证券投资基金,上海磐松私募基金管理有限公司,股票多头,指数增强,红利指增,高,团队数据已有团队策略；产品名含指增/指数增强,股票多头 / 指数增强 / 红利指增,股票多头 / 红利指增,磐松红利指数增强进取1号=股票多头/指数增强/红利指增,,
SAAJ47,磐松江海远山67期私募证券投资基金,上海磐松私募基金管理有限公司,套利策略,期货套利,"跨期套利,股指套利",高,团队数据已有团队策略,"套利策略 / 期货套利 / 跨期套利,股指套利","套利策略 / 期货套利 / 跨期套利,股指套利","磐松江海远山67期=套利策略/期货套利/跨期套利,股指套利",,
SZB331,磐松市场中性稳健1号私募证券投资基金,上海磐松私募基金管理有限公司,股票对冲,股票市场中性,"基差管理,基本面,低频",高,团队数据已有团队策略；产品名含中性,"股票对冲 / 股票市场中性 / 基差管理,基本面,低频",股票对冲 / 股票市场中性,"磐松市场中性稳健1号=股票对冲/股票市场中性/基差管理,基本面,低频",,
SZW961,磐松优孚1号私募证券投资基金,上海磐松私募基金管理有限公司,股票对冲,股票市场中性,"基差管理,低频",高,团队数据已有团队策略,"股票对冲 / 股票市场中性 / 基差管理,低频",股票对冲 / 股票市场中性 / 低频,"磐松优孚1号=股票对冲/股票市场中性/基差管理,低频",,
SVK999,磐松臻选市场中性1号私募证券投资基金,上海磐松私募基金管理有限公司,股票多头,指数增强,500指增,高,团队数据已有团队策略；产品名另指向股票对冲/股票市场中性,股票多头 / 指数增强 / 500指增,股票多头 / 500指增,磐松臻选市场中性1号=股票多头/指数增强/500指增,,产品名指向股票对冲/股票市场中性，与已有团队策略不一致
SJF844,磐泽扬帆稳健私募证券投资基金,北京磐泽资产管理有限公司,股票多头,主观多头,"价值成长,交易型,海外",高,团队数据已有团队策略,"股票多头 / 主观多头 / 价值成长,交易型,海外",股票多头 / 主观多头,"磐泽扬帆稳健=股票多头/主观多头/价值成长,交易型,海外",,
SAZE79,滂沱智选量化指增私募证券投资基金,上海滂沱投资管理有限公司,股票多头,指数增强,,高,团队数据已有团队策略；产品名含指增/指数增强,股票多头,股票多头,滂沱智选量化指增=股票多头,,
SAVT07,滂沱中性2号私募证券投资基金,上海滂沱投资管理有限公司,股票对冲,股票市场中性,,高,团队数据已有团队策略；产品名含中性,股票对冲 / 股票市场中性,股票对冲 / 股票市场中性,滂沱中性2号=股票对冲/股票市场中性,,
SX0534,朋锦金石炽阳私募投资基金,成都朋锦仲阳投资管理中心（有限合伙）,股票对冲,股票市场中性,"500中性,中频",高,团队数据已有团队策略,"股票对冲 / 股票市场中性 / 500中性,中频","股票对冲 / 股票市场中性 / 中频,量价,500中性","朋锦金石炽阳=股票对冲/股票市场中性/500中性,中频",,
SBKD21,彭陈张全天候一号私募证券投资基金,广州彭陈张资产管理有限公司,多资产策略,,,高,团队数据已有团队策略,多资产策略,多资产策略 / 复合策略,彭陈张全天候一号=多资产策略；彭陈张全天候一号B类=多资产策略,,
SBPL74,澎湃双十蓝筹择时量选1号私募证券投资基金,海南澎湃私募基金管理中心（有限合伙）,股票多头,,,高,团队数据已有团队策略,股票多头,股票多头 / 量化选股,澎湃双十蓝筹择时量选1号=股票多头,,
SJE416,品赋海龙500指数增强私募证券投资基金,上海品赋投资管理有限公司,股票多头,指数增强,500指增,高,团队数据已有团队策略；产品名含指增/指数增强,股票多头 / 指数增强 / 500指增,股票多头 / 500指增,品赋海龙500指数增强=股票多头/指数增强/500指增,,
SCS662,品赋火炬私募证券投资基金,上海品赋投资管理有限公司,股票对冲,股票市场中性,,高,团队数据已有团队策略,股票对冲 / 股票市场中性,"股票对冲 / 股票市场中性 / 低频,量价",品赋火炬=股票对冲/股票市场中性,,
SJY560,品责优享二期私募证券投资基金,上海品责资产管理中心（有限合伙）,期货策略,量化期货,,高,团队数据已有团队策略,期货策略 / 量化期货,期货策略 / 主观期货 / 农产,品责优享二期=期货策略/量化期货；品责优享二期A类=期货策略/主观期货/农产,,
SGS568,平方和多策略对冲6号私募证券投资基金,宁波平方和投资管理合伙企业（有限合伙）,股票对冲,股票市场中性,,高,团队数据已有团队策略；产品名含对冲,股票对冲 / 股票市场中性,股票对冲 / 股票市场中性,平方和多策略对冲6号=股票对冲/股票市场中性,,
SSN242,齐兴中证500指数增强1号证券投资私募基金,深圳齐兴资产管理有限公司,股票多头,指数增强,500指增,高,团队数据已有团队策略；产品名含500指增,股票多头 / 指数增强 / 500指增,股票多头 / 500指增,齐兴中证500指数增强1号=股票多头/指数增强/500指增,,
SALT65,奇盾安富尊荣2号私募证券投资基金,上海奇盾世家私募基金管理有限公司,股票多头,可转债多头,,高,团队数据已有团队策略,股票多头 / 可转债多头,股票多头 / 可转债多头 / 量化,"奇盾安富尊荣2号=股票多头/可转债多头；奇盾安富尊荣2号A类=股票多头/可转债多头/量化；奇盾安富尊荣1号=股票多头/指数增强/1000指增,量价,高频；奇盾安富尊荣3号A类=期货策略/量化期货/中高频；奇盾安富尊荣3号=套利策略/期货套利",,
SAPY25,奇盾安富尊荣3号私募证券投资基金,上海奇盾世家私募基金管理有限公司,套利策略,期货套利,,高,团队数据已有团队策略,套利策略 / 期货套利,期货策略 / 量化期货,"奇盾安富尊荣3号=套利策略/期货套利；奇盾安富尊荣2号A类=股票多头/可转债多头/量化；奇盾安富尊荣1号=股票多头/指数增强/1000指增,量价,高频；奇盾安富尊荣3号A类=期货策略/量化期货/中高频；奇盾安富尊荣2号=股票多头/可转债多头",,
SBDJ04,奇盾量化优选1号私募证券投资基金,上海奇盾世家私募基金管理有限公司,股票多头,另类多头,择时择股,高,团队数据已有团队策略,股票多头 / 另类多头 / 择时择股,股票多头 / 另类多头 / 择时择股,"奇盾量化优选1号=股票多头/另类多头/择时择股；奇盾量化优选2号私募证券投资基金B类=股票多头/指数增强/空气指增；奇盾量化优选1号B类=股票多头/另类多头/高频,择时择股,量价",,
SSU076,启林广进中证1000指数增强A私募证券投资基金,上海启林投资管理有限公司,股票多头,指数增强,"1000指增,中频",高,团队数据已有团队策略；产品名含1000指增,"股票多头 / 指数增强 / 1000指增,中频","股票多头 / 1000指增 / 高频,量价","启林广进中证1000指数增强A=股票多头/指数增强/1000指增,中频",,
SNQ369,启林金选沪深300指增1号私募证券投资基金,上海启林投资管理有限公司,股票多头,指数增强,300指增,高,团队数据已有团队策略；产品名含300指增,股票多头 / 指数增强 / 300指增,股票多头 / 300指增,启林金选沪深300指增1号=股票多头/指数增强/300指增,,
SEB580,启林同盈1号私募证券投资基金,上海启林投资管理有限公司,股票对冲,股票市场中性,,高,团队数据已有团队策略,股票对冲 / 股票市场中性,"股票对冲 / 股票市场中性 / 高频,量价,500中性",启林同盈1号=股票对冲/股票市场中性,,
SGG834,启林正兴东绣1号私募证券投资基金,上海启林投资管理有限公司,股票多头,指数增强,"500指增,量价,低频",高,团队数据已有团队策略,"股票多头 / 指数增强 / 500指增,量价,低频",股票多头 / 500指增 / 量价,"启林正兴东绣1号=股票多头/指数增强/500指增,量价,低频；启林正兴东绣1号B类=股票多头/指数增强/500指增",,
SGM008,启元廖谱2号私募证券投资基金,温州启元资产管理有限公司,多资产策略,FOF,,高,团队数据已有团队策略,多资产策略 / FOF,股票多头 / 主观多头,启元廖谱2号=多资产策略/FOF,,
SGR513,启元星辉全天候1号私募证券投资基金,温州启元资产管理有限公司,多资产策略,FOF,,高,团队数据已有团队策略,多资产策略 / FOF,套利策略 / 基金套利 / ETF套利,启元星辉全天候1号=多资产策略/FOF,,
SNC215,千朔春晓一期私募证券投资基金,上海千朔投资管理有限公司,股票对冲,股票多空,,高,团队数据已有团队策略,股票对冲 / 股票多空,股票对冲 / 股票多空,千朔春晓一期=股票对冲/股票多空,,
SBHF73,千朔量化精选1号私募证券投资基金,上海千朔投资管理有限公司,股票多头,,,高,团队数据已有团队策略,股票多头,股票多头 / 量化选股,千朔量化精选1号=股票多头,,
SBRU82,千朔市场中性八号私募证券投资基金,上海千朔投资管理有限公司,股票对冲,股票市场中性,,高,团队数据已有团队策略；产品名含中性,股票对冲,股票对冲,千朔市场中性八号=股票对冲,,
SBGT83,千朔兴泰市场中性一号私募证券投资基金,上海千朔投资管理有限公司,股票对冲,股票市场中性,,高,团队数据已有团队策略；产品名含中性,股票对冲,股票对冲,千朔兴泰市场中性一号=股票对冲,,
SGR991,千朔指数增强二号私募证券投资基金,上海千朔投资管理有限公司,股票多头,指数增强,"500指增,量价,低频",高,团队数据已有团队策略；产品名含指增/指数增强,"股票多头 / 指数增强 / 500指增,量价,低频","股票多头 / 500指增 / 低频,量价","千朔指数增强二号=股票多头/指数增强/500指增,量价,低频",,
SND581,千朔指数增强五号私募证券投资基金,上海千朔投资管理有限公司,股票多头,指数增强,500指增,高,团队数据已有团队策略；产品名含指增/指数增强,股票多头 / 指数增强 / 500指增,股票多头 / 500指增,千朔指数增强五号=股票多头/指数增强/500指增,,
SAYG36,千朔中证1000兴泰1号省心享私募证券投资基金,上海千朔投资管理有限公司,股票多头,指数增强,1000指增,高,团队数据已有团队策略,股票多头 / 指数增强 / 1000指增,股票多头 / 1000指增,千朔中证1000兴泰1号省心享=股票多头/指数增强/1000指增,,
STR959,千朔中证1000指增一号A期私募证券投资基金,上海千朔投资管理有限公司,股票多头,指数增强,1000指增,高,团队数据已有团队策略；产品名含1000指增,股票多头 / 指数增强 / 1000指增,股票多头 / 1000指增,千朔中证1000指增一号A期=股票多头/指数增强/1000指增,,
SR5087,千象12期私募证券投资基金,上海千象资产管理有限公司,期货策略,量化期货,时序,高,团队数据已有团队策略,期货策略 / 量化期货 / 时序,期货策略 / 量化期货,千象12期=期货策略/量化期货/时序,,
SXF557,千衍九凌1号私募证券投资基金,千衍私募基金管理（上海）有限公司,期货策略,量化期货,"大厂,时序,量价",高,团队数据已有团队策略,"期货策略 / 量化期货 / 大厂,时序,量价",期货策略 / 量化期货 / 时序,"千衍九凌1号=期货策略/量化期货/大厂,时序,量价；千衍九凌8号A类=期货策略；千衍九凌2号B类=期货策略/量化期货；千衍九凌1号B类=期货策略/量化期货/时序；千衍九凌7号=期货策略/量化期货；千衍九凌2号=期货策略/量化期货",,
SAAZ17,千衍六和19号1000增强私募证券投资基金,千衍私募基金管理（上海）有限公司,股票多头,指数增强,1000指增,高,团队数据已有团队策略；产品名含1000指增,股票多头 / 指数增强 / 1000指增,股票多头 / 1000指增,千衍六和19号1000增强=股票多头/指数增强/1000指增,,
SSW402,千衍六和2号私募证券投资基金,千衍私募基金管理（上海）有限公司,股票多头,指数增强,"500指增,基本面",高,团队数据已有团队策略,"股票多头 / 指数增强 / 500指增,基本面",股票多头 / 500指增,"千衍六和2号=股票多头/指数增强/500指增,基本面；千衍六和11号B类=股票多头/指数增强/500指增,基本面；千衍六和11号=股票多头/指数增强/500指增；千衍六和3号=股票多头/指数增强/500指增",,
SQL839,千衍六和3号私募证券投资基金,千衍私募基金管理（上海）有限公司,股票多头,指数增强,500指增,高,团队数据已有团队策略,股票多头 / 指数增强 / 500指增,股票多头 / 500指增,"千衍六和3号=股票多头/指数增强/500指增；千衍六和11号B类=股票多头/指数增强/500指增,基本面；千衍六和2号=股票多头/指数增强/500指增,基本面；千衍六和11号=股票多头/指数增强/500指增",,
SXQ298,千衍六和6号1000增强私募证券投资基金,千衍私募基金管理（上海）有限公司,股票多头,指数增强,"1000指增,基本面,低频",高,团队数据已有团队策略；产品名含1000指增,"股票多头 / 指数增强 / 1000指增,基本面,低频",股票多头 / 1000指增,"千衍六和6号1000增强=股票多头/指数增强/1000指增,基本面,低频",,
STG944,千衍六维1号私募证券投资基金,千衍私募基金管理（上海）有限公司,股票多头,主观多头,"其他,价值成长",高,团队数据已有团队策略,"股票多头 / 主观多头 / 其他,价值成长",多资产策略 / 复合策略,"千衍六维1号=股票多头/主观多头/其他,价值成长；千衍六维1号B类=多资产策略",,
SACG52,千衍六贞1号私募证券投资基金,千衍私募基金管理（上海）有限公司,多资产策略,,,高,团队数据已有团队策略,多资产策略,多资产策略 / 复合策略,千衍六贞1号=多资产策略；千衍六贞22号=多资产策略/股票期货复合；千衍六贞3号B类=多资产策略/股票期货复合；千衍六贞1号B类=多资产策略；千衍六贞15号=股票对冲；千衍六贞3号=多资产策略,,
SAJR29,千衍六贞3号私募证券投资基金,千衍私募基金管理（上海）有限公司,多资产策略,,,高,团队数据已有团队策略,多资产策略,多资产策略 / 复合策略,千衍六贞3号=多资产策略；千衍六贞22号=多资产策略/股票期货复合；千衍六贞3号B类=多资产策略/股票期货复合；千衍六贞1号B类=多资产策略；千衍六贞15号=股票对冲；千衍六贞1号=多资产策略,,
SAAE75,千衍三涛10号私募证券投资基金,千衍私募基金管理（上海）有限公司,股票对冲,股票市场中性,1000中性,高,团队数据已有团队策略,股票对冲 / 股票市场中性 / 1000中性,股票对冲 / 股票市场中性 / 1000中性,"千衍三涛10号=股票对冲/股票市场中性/1000中性；千衍三涛1号=股票对冲/股票市场中性/500中性,基本面,低频；千衍三涛30号=股票对冲/股票市场中性/中频,基本面；千衍三涛3号=股票对冲/股票市场中性；千衍三涛15号=股票对冲/股票市场中性",,
SADM28,千衍三涛15号私募证券投资基金,千衍私募基金管理（上海）有限公司,股票对冲,股票市场中性,,高,团队数据已有团队策略,股票对冲 / 股票市场中性,股票对冲 / 股票市场中性,"千衍三涛15号=股票对冲/股票市场中性；千衍三涛1号=股票对冲/股票市场中性/500中性,基本面,低频；千衍三涛30号=股票对冲/股票市场中性/中频,基本面；千衍三涛3号=股票对冲/股票市场中性；千衍三涛10号=股票对冲/股票市场中性/1000中性",,
SSU844,千衍三涛1号私募证券投资基金,千衍私募基金管理（上海）有限公司,股票对冲,股票市场中性,"500中性,基本面,低频",高,团队数据已有团队策略,"股票对冲 / 股票市场中性 / 500中性,基本面,低频","股票对冲 / 股票市场中性 / 低频,基本面,500中性","千衍三涛1号=股票对冲/股票市场中性/500中性,基本面,低频；千衍三涛30号=股票对冲/股票市场中性/中频,基本面；千衍三涛3号=股票对冲/股票市场中性；千衍三涛15号=股票对冲/股票市场中性；千衍三涛10号=股票对冲/股票市场中性/1000中性",,
SVP768,千衍三涛3号私募证券投资基金,千衍私募基金管理（上海）有限公司,股票对冲,股票市场中性,,高,团队数据已有团队策略,股票对冲 / 股票市场中性,股票对冲 / 股票市场中性,"千衍三涛3号=股票对冲/股票市场中性；千衍三涛1号=股票对冲/股票市场中性/500中性,基本面,低频；千衍三涛30号=股票对冲/股票市场中性/中频,基本面；千衍三涛15号=股票对冲/股票市场中性；千衍三涛10号=股票对冲/股票市场中性/1000中性",,
SLD835,千宜精选CTA一号私募证券投资基金,上海千宜投资管理中心（有限合伙）,期货策略,量化期货,混合,高,团队数据已有团队策略；产品名含CTA,期货策略 / 量化期货 / 混合,多资产策略 / 复合策略,千宜精选CTA一号=期货策略/量化期货/混合,,
SXE413,乾上泉众投一号私募证券投资基金,上海乾上泉私募基金管理有限公司,股票对冲,股票市场中性,,高,团队数据已有团队策略,股票对冲 / 股票市场中性,股票对冲 / 股票市场中性,乾上泉众投一号=股票对冲/股票市场中性,,
SBSF96,乾上泉CTA恒远一号私募证券投资基金,上海乾上泉私募基金管理有限公司,期货策略,量化期货,,高,团队数据已有团队策略；产品名含CTA,期货策略 / 量化期货,,乾上泉CTA恒远一号=期货策略/量化期货,,
SXQ997,乾升磐石元号私募证券投资基金,南京乾升私募基金管理有限公司,套利策略,期货套利,"跨期套利,股指套利",高,团队数据已有团队策略,"套利策略 / 期货套利 / 跨期套利,股指套利",套利策略 / 期货套利 / 股指套利,"乾升磐石元号=套利策略/期货套利/跨期套利,股指套利",,
SQF770,乾象股票对冲3号私募证券投资基金,北京乾象私募基金管理有限公司,股票对冲,股票市场中性,"500中性,中频",高,团队数据已有团队策略；产品名含对冲,"股票对冲 / 股票市场中性 / 500中性,中频","股票对冲 / 股票市场中性 / 中频,量价,500中性","乾象股票对冲3号=股票对冲/股票市场中性/500中性,中频；乾象股票对冲1号B类=股票对冲/股票市场中性/量价,高频；乾象股票对冲3号B类=股票对冲/股票市场中性/中频,量价,500中性",,
SZM546,乾象股票千里20号私募证券投资基金,北京乾象私募基金管理有限公司,股票多头,指数增强,1000指增,高,团队数据已有团队策略,股票多头 / 指数增强 / 1000指增,股票多头 / 1000指增,乾象股票千里20号=股票多头/指数增强/1000指增,,
SQA948,乾象中证500指数增强1号私募证券投资基金,北京乾象私募基金管理有限公司,股票多头,指数增强,"500指增,量价,中频",高,团队数据已有团队策略；产品名含500指增,"股票多头 / 指数增强 / 500指增,量价,中频","股票多头 / 500指增 / 中频,量价","乾象中证500指数增强1号=股票多头/指数增强/500指增,量价,中频；乾象中证500指数增强1号B类=股票多头/指数增强/500指增",,
SGB918,浅湾-岳海精选六号股指CTA专享私募证券投资基金,浅湾私募基金管理（上海）有限公司,期货策略,量化期货,股指,高,团队数据已有团队策略；产品名含CTA,期货策略 / 量化期货 / 股指,期货策略 / 量化期货 / 股指,浅湾-岳海精选六号股指CTA专享=期货策略/量化期货/股指,,
SAAM49,沁鸿臻选私募证券投资基金,臻选（海南）私募基金管理有限公司,股票对冲,股票市场中性,,高,团队数据已有团队策略,股票对冲 / 股票市场中性,股票对冲 / 股票市场中性,沁鸿臻选=股票对冲/股票市场中性；沁鸿臻选A类=股票对冲/股票市场中性,,
SLY727,沁源价值私募证券投资基金,浙江沁源私募基金管理有限公司,股票多头,主观多头,,高,团队数据已有团队策略,股票多头 / 主观多头,股票多头 / 主观多头,沁源价值=股票多头/主观多头,,
SANA24,青琰诚杰一号私募证券投资基金,上海青琰私募基金管理有限公司,股票多头,,,高,团队数据已有团队策略,股票多头,股票多头,青琰诚杰一号=股票多头,,
SBQG55,青琰捷北二号私募证券投资基金,上海青琰私募基金管理有限公司,股票多头,指数增强,"2000指增,量价",高,团队数据已有团队策略,"股票多头 / 指数增强 / 2000指增,量价",股票多头 / 2000指增 / 量价,"青琰捷北二号=股票多头/指数增强/2000指增,量价；青琰捷北二号A类=股票多头/指数增强/2000指增,量价",,
SBRY68,青琰信达八号私募证券投资基金,上海青琰私募基金管理有限公司,股票对冲,股票市场中性,1000中性,高,团队数据已有团队策略,股票对冲 / 股票市场中性 / 1000中性,股票多头,青琰信达八号=股票对冲/股票市场中性/1000中性；青琰信达八号A类=股票对冲/股票T0,,
SAKM72,青琰信达二号私募证券投资基金,上海青琰私募基金管理有限公司,股票对冲,股票市场中性,300中性,高,团队数据已有团队策略,股票对冲 / 股票市场中性 / 300中性,股票对冲 / 股票市场中性 / 300中性,青琰信达二号=股票对冲/股票市场中性/300中性；青琰信达二号A类=股票对冲/股票市场中性/300中性,,
SBRD70,青琰信达六号私募证券投资基金,上海青琰私募基金管理有限公司,股票对冲,股票市场中性,500中性,高,团队数据已有团队策略,股票对冲 / 股票市场中性 / 500中性,股票对冲 / 股票T0,青琰信达六号=股票对冲/股票市场中性/500中性；青琰信达六号A类=股票对冲/股票T0,,
SBFB87,青琰信达三号私募证券投资基金,上海青琰私募基金管理有限公司,股票多头,,,高,团队数据已有团队策略,股票多头,股票多头,青琰信达三号=股票多头,,
SAKK79,青琰信达一号私募证券投资基金,上海青琰私募基金管理有限公司,套利策略,,,高,团队数据已有团队策略,套利策略,套利策略 / 期货套利 / 股指套利,青琰信达一号=套利策略；青琰信达一号A类=套利策略/期货套利/股指套利,,
SABC13,青琰琰海一号私募证券投资基金,上海青琰私募基金管理有限公司,套利策略,,,高,团队数据已有团队策略,套利策略,套利策略,青琰琰海一号=套利策略,,
SXR047,青琰琰知一号私募证券投资基金,上海青琰私募基金管理有限公司,套利策略,,,高,团队数据已有团队策略,套利策略,"股票对冲 / 股票T0 / 机器T0,底仓T0",青琰琰知一号=套利策略；青琰琰知一号A类=股票对冲/股票T0/底仓T0,,
S09524,卿云辰星壹期私募证券投资基金,卿云（海南）私募基金管理有限公司,套利策略,,,高,团队数据已有团队策略,套利策略,套利策略 / 基金套利 / ETF套利,卿云辰星壹期=套利策略；卿云辰星壹期A类=套利策略,,
SASY89,全天候人工智能产业基金一号私募证券投资基金,寰宸私募基金管理（珠海）合伙企业（有限合伙）,股票多头,主观多头,"价值成长,美股",高,团队数据已有团队策略,"股票多头 / 主观多头 / 价值成长,美股",其他,"全天候人工智能产业基金一号=股票多头/主观多头/价值成长,美股",,
SVN043,铨景成长1号私募证券投资基金,泉州铨景私募基金管理有限公司,股票对冲,股票T0,手工,高,同系列/份额已有团队策略,,,铨景成长1号私募证券投资基金A类=股票对冲/股票T0/手工,,
SY1485,群博多策略混合私募基金,上海群博资产管理有限公司,期货策略,量化期货,,高,团队数据已有团队策略,期货策略 / 量化期货,期货策略 / 量化期货 / 中高频,群博多策略混合=期货策略/量化期货,,
SVN920,人马座恒星永恒1号私募证券投资基金,海南人马座私募基金管理有限责任公司,股票多头,主观多头,"大盘,其他,价值成长",高,团队数据已有团队策略,"股票多头 / 主观多头 / 大盘,其他,价值成长","股票多头 / 主观多头 / 成长型,大盘","人马座恒星永恒1号=股票多头/主观多头/大盘,其他,价值成长；人马座恒星永恒6号=股票多头/主观多头",,
SXB354,日青木化意享1号私募证券投资基金,宁波日青木化资产管理有限公司,股票对冲,打板,盘中板,高,团队数据已有团队策略,股票对冲 / 打板 / 盘中板,股票多头 / 主观多头,日青木化意享1号=股票对冲/打板/盘中板；日青木化意享3号=股票多头,,
SBAH99,荣熙恒盈2号私募证券投资基金,上海荣熙私募基金管理有限公司,多资产策略,MOM,,高,团队数据已有团队策略,多资产策略 / MOM,期货策略 / 主观期货,荣熙恒盈2号=多资产策略/MOM；荣熙恒盈1号=股票对冲/打板/盘前板；荣熙恒盈2号A类=期货策略/主观期货/多板块；荣熙恒盈2号C类=期货策略/主观期货；荣熙恒盈2号B类=期货策略/主观期货,,
SEC272,荣熙如川套利1号私募证券投资基金,上海荣熙私募基金管理有限公司,期货策略,主观期货,多板块,高,同系列/份额已有团队策略；产品名另指向套利策略/,,,荣熙如川套利1号私募证券投资基金A类=期货策略/主观期货/多板块,,
SAYW72,榕树海鲲鹏2号私募证券投资基金,榕树海私募基金管理（珠海）有限责任公司,股票多头,指数增强,空气指增,高,团队数据已有团队策略,股票多头 / 指数增强 / 空气指增,股票多头 / 另类多头 / 择时择股,榕树海鲲鹏2号=股票多头/指数增强/空气指增；榕树海鲲鹏2号B类=股票多头/指数增强/空气指增；榕树海鲲鹏20号=期货策略/量化期货/股指；榕树海鲲鹏1号=股票多头/另类多头/择时择股；榕树海鲲鹏5号=股票多头,,
SAKQ77,融成水滴石穿2号私募证券投资基金,长沙嘉信融成投资基金管理有限公司,期货策略,量化期货,"时序,中高频",高,团队数据已有团队策略,"期货策略 / 量化期货 / 时序,中高频",期货策略 / 量化期货 / 时序,"融成水滴石穿2号=期货策略/量化期货/时序,中高频；融成水滴石穿3号=期货策略/量化期货/时序",,
SARH25,融成水滴石穿3号私募证券投资基金,长沙嘉信融成投资基金管理有限公司,期货策略,量化期货,时序,高,团队数据已有团队策略,期货策略 / 量化期货 / 时序,期货策略 / 量化期货 / 时序,"融成水滴石穿3号=期货策略/量化期货/时序；融成水滴石穿2号=期货策略/量化期货/时序,中高频",,
SBKE02,柔微宏观对冲一号私募证券投资基金,上海柔微私募基金管理中心（有限合伙）,股票对冲,,,高,团队数据已有团队策略；产品名含对冲,股票对冲,股票对冲,柔微量化中性2号=股票对冲,,
SBJP87,柔微量化中性多空1号私募证券投资基金,上海柔微私募基金管理中心（有限合伙）,股票对冲,股票市场中性,,高,团队数据已有团队策略；产品名含中性,股票对冲,股票对冲,柔微量化中性多空1号=股票对冲,,
SBBK73,柔微量化中证1000指数增强1号私募证券投资基金,上海柔微私募基金管理中心（有限合伙）,股票多头,指数增强,1000指增,高,团队数据已有团队策略；产品名含1000指增,股票多头 / 指数增强 / 1000指增,股票多头 / 1000指增,柔微量化中证1000指数增强1号=股票多头/指数增强/1000指增,,
SBAJ77,锐量宏观平衡1号私募证券投资基金,上海锐量资产管理有限公司,多资产策略,宏观策略,,高,团队数据已有团队策略,多资产策略 / 宏观策略,多资产策略 / 宏观策略,锐量宏观平衡1号=多资产策略/宏观策略；锐量宏观平衡1号B类=多资产策略/宏观策略/主观,,
SAVD12,锐耐贝叶斯六号私募证券投资基金,上海锐耐私募基金管理有限公司,期权策略,,,高,团队数据已有团队策略,期权策略,期权策略,锐耐贝叶斯六号=期权策略,,
SBDP83,锐耐进取1000指数增强保护2号私募证券投资基金,上海锐耐私募基金管理有限公司,股票多头,指数增强,1000指增,高,团队数据已有团队策略；产品名含指增/指数增强,股票多头 / 指数增强 / 1000指增,股票多头 / 1000指增,锐耐进取1000指数增强保护2号=股票多头/指数增强/1000指增,,
SZU058,锐耐做多波动率1号私募证券投资基金,上海锐耐私募基金管理有限公司,期权策略,场内期权,,高,团队数据已有团队策略,期权策略 / 场内期权,期权策略 / 场内期权 / 中性波动率交易,锐耐做多波动率1号=期权策略/场内期权；锐耐做多波动率1号A类=期权策略/场内期权；锐耐做多波动率1号B类=期权策略/场内期权,,
SXZ838,锐天金选8号私募证券投资基金,上海锐天投资管理有限公司,股票多头,,,高,团队数据已有团队策略,股票多头,股票多头 / 量化选股,锐天金选8号=股票多头,,
SXT860,锐天金选核心1号私募证券投资基金,上海锐天投资管理有限公司,股票对冲,股票市场中性,,高,团队数据已有团队策略,股票对冲 / 股票市场中性,股票对冲 / 股票市场中性,锐天金选核心1号=股票对冲/股票市场中性,,
STA468,锐天金选沪深300指数增强1号私募证券投资基金,上海锐天投资管理有限公司,股票多头,指数增强,300指增,高,团队数据已有团队策略；产品名含300指增,股票多头 / 指数增强 / 300指增,股票多头 / 300指增,锐天金选沪深300指数增强1号=股票多头/指数增强/300指增,,
SB9320,锐泽多策略对冲1号私募证券投资基金,杭州锐泽私募基金管理有限公司,股票对冲,股票多空,,高,团队数据已有团队策略；产品名含对冲,股票对冲 / 股票多空,套利策略 / 基金套利,锐泽多策略对冲1号=股票对冲/股票多空,,
SACF37,锐泽若水1号私募证券投资基金,杭州锐泽私募基金管理有限公司,套利策略,,,高,团队数据已有团队策略,套利策略,套利策略 / 基金套利 / ETF套利,锐泽若水1号=套利策略；锐泽若水1号A类=套利策略；锐泽若水1号B类=套利策略,,
SACK14,锐泽长风1号私募证券投资基金,杭州锐泽私募基金管理有限公司,股票对冲,股票多空,,高,团队数据已有团队策略,股票对冲 / 股票多空,股票对冲 / 股票多空,锐泽长风1号=股票对冲/股票多空；锐泽长风1号A类=股票对冲/股票多空,,
SAJK07,锐泽长河1号私募证券投资基金,杭州锐泽私募基金管理有限公司,套利策略,,,高,团队数据已有团队策略,套利策略,套利策略 / 基金套利 / ETF套利,锐泽长河1号=套利策略；锐泽长河1号A类=套利策略,,
SLM829,瑞达期货-瑞智无忧共赢20号集合资产管理计划,瑞达期货股份有限公司,期货策略,主观期货,,高,团队数据已有团队策略；产品名含期货,期货策略 / 主观期货,期货策略 / 主观期货,瑞达期货-瑞智无忧共赢20号=期货策略/主观期货；瑞达期货-瑞智无忧共赢27号=期货策略/量化期货/混合；瑞达期货-瑞智无忧共赢7号=期货策略/量化期货/大厂,,
SEQ456,瑞达期货-瑞智无忧共赢7号集合资产管理计划,瑞达期货股份有限公司,期货策略,量化期货,大厂,高,团队数据已有团队策略；产品名含期货,期货策略 / 量化期货 / 大厂,期货策略 / 主观期货,瑞达期货-瑞智无忧共赢7号=期货策略/量化期货/大厂；瑞达期货-瑞智无忧共赢20号=期货策略/主观期货；瑞达期货-瑞智无忧共赢27号=期货策略/量化期货/混合,,
SZG411,瑞鼎量化对冲1号私募证券投资基金,福建东方瑞鼎资产管理有限公司,股票对冲,打板,"量化,强势股",高,团队数据已有团队策略；产品名含对冲,"股票对冲 / 打板 / 量化,强势股","股票对冲 / 择时对冲 / 仓位择时,量化","瑞鼎量化对冲1号=股票对冲/打板/量化,强势股；瑞鼎量化对冲3号=股票对冲/打板/强势股,量化",,
SZG410,瑞鼎增强1号私募证券投资基金,福建东方瑞鼎资产管理有限公司,股票多头,另类多头,"择时择股,持仓分散",高,团队数据已有团队策略,"股票多头 / 另类多头 / 择时择股,持仓分散","股票多头 / 另类多头 / 择时择股,持仓分散","瑞鼎增强1号=股票多头/另类多头/择时择股,持仓分散",,
SJP915,睿郡6号私募证券投资基金,上海睿郡资产管理有限公司,股票多头,主观多头,价值成长,高,团队数据已有团队策略,股票多头 / 主观多头 / 价值成长,股票多头 / 主观多头,睿郡6号=股票多头/主观多头/价值成长,,
SB0096,睿郡财富16号私募证券投资基金,上海睿郡资产管理有限公司,股票多头,主观多头,价值均衡,高,团队数据已有团队策略,股票多头 / 主观多头 / 价值均衡,股票多头 / 主观多头,睿郡财富16号=股票多头/主观多头/价值均衡,,
SNS549,睿郡节节高11号私募证券投资基金,上海睿郡资产管理有限公司,股票多头,可转债多头,主观,高,团队数据已有团队策略,股票多头 / 可转债多头 / 主观,股票多头 / 可转债多头,睿郡节节高11号=股票多头/可转债多头/主观；睿郡节节高12号B类=股票多头/可转债多头/主观；睿郡节节高2号=股票多头/可转债多头；睿郡节节高12号=股票多头/可转债多头,,
SVN697,睿郡有孚1号私募证券投资基金,上海睿郡资产管理有限公司,股票多头,主观多头,"其他,价值成长",高,团队数据已有团队策略,"股票多头 / 主观多头 / 其他,价值成长",股票多头 / 主观多头 / 成长型,"睿郡有孚1号=股票多头/主观多头/其他,价值成长",,
SAQD46,睿启鑫享1号私募证券投资基金,无锡睿启私募基金管理有限公司,套利策略,期货套利,跨市场套利,高,团队数据已有团队策略,套利策略 / 期货套利 / 跨市场套利,套利策略 / 期货套利,睿启鑫享1号=套利策略/期货套利/跨市场套利,,
SB6182,润波康钿宏观对冲私募证券投资基金,上海润波涌跃私募基金管理合伙企业（有限合伙）,期货策略,主观期货,黑色,高,团队数据已有团队策略；产品名另指向股票对冲/,期货策略 / 主观期货 / 黑色,期货策略 / 主观期货 / 黑色,润波康钿宏观对冲=期货策略/主观期货/黑色；润波康钿宏观对冲B类=期货策略/主观期货；润波康钿宏观对冲A类=期货策略/主观期货/黑色；润波康钿宏观对冲C类=期货策略/主观期货/黑色,,
SBHE80,润时泓铨1号私募证券投资基金,杭州润时资产管理有限公司,期权策略,场内期权,,高,团队数据已有团队策略,期权策略 / 场内期权,期权策略 / 场内期权 / 商品期权,润时泓铨1号=期权策略/场内期权,,
SBMR16,润洲金石一号私募证券投资基金,杭州润洲私募基金管理有限公司,期货策略,主观期货,能化,高,团队数据已有团队策略,期货策略 / 主观期货 / 能化,,润洲金石一号=期货策略/主观期货/能化,,
SAMP66,润洲同欣01号私募证券投资基金,杭州润洲私募基金管理有限公司,期货策略,主观期货,有色,高,团队数据已有团队策略,期货策略 / 主观期货 / 有色,,润洲同欣01号=期货策略/主观期货/有色,,
SQS154,飒露紫反重力一号私募证券投资基金,上海飒露紫私募基金管理有限公司,多资产策略,,,高,团队数据已有团队策略,多资产策略,多资产策略 / 复合策略,飒露紫反重力一号=多资产策略,,
SGE941,山东天宝一阳指三期私募证券投资基金,山东天宝私募基金管理有限公司,套利策略,,,高,团队数据已有团队策略,套利策略,套利策略 / 基金套利 / ETF套利,山东天宝一阳指三期=套利策略,,
SZS454,山海白驹私募证券投资基金,海南山海私募基金合伙企业（有限合伙）,期货策略,主观期货,,高,团队数据已有团队策略,期货策略 / 主观期货,期货策略 / 主观期货,山海白驹=期货策略/主观期货,,
SZS453,山海初旭私募证券投资基金,海南山海私募基金合伙企业（有限合伙）,期货策略,主观期货,,高,团队数据已有团队策略,期货策略 / 主观期货,期货策略 / 主观期货,山海初旭=期货策略/主观期货,,
SZS455,山海晷景私募证券投资基金,海南山海私募基金合伙企业（有限合伙）,股票多头,主观多头,,高,团队数据已有团队策略,股票多头 / 主观多头,股票多头 / 主观多头,山海晷景=股票多头/主观多头,,
SAWQ76,山海天华1号私募证券投资基金,海南山海私募基金合伙企业（有限合伙）,套利策略,,,高,团队数据已有团队策略,套利策略,套利策略,山海天华1号=套利策略；山海天华1号B类=套利策略；山海天华1号A类=套利策略,,
SAYX14,山海万龙云顶一号私募证券投资基金,海南山海私募基金合伙企业（有限合伙）,期权策略,,,高,团队数据已有团队策略,期权策略,期权策略 / 场内期权,山海万龙云顶一号=期权策略；山海万龙云顶一号B类=期权策略/场内期权；山海万龙云顶一号A类=期权策略/场内期权,,
SQT360,山金博孚利FOF1号私募证券投资基金,厦门博孚利资产管理有限公司,多资产策略,FOF,,高,团队数据已有团队策略；产品名含FOF,多资产策略 / FOF,组合策略 / FOF,山金博孚利FOF1号=多资产策略/FOF,,
SBJM55,山丘跨越一号CTA私募证券投资基金,山丘资产管理（北京）有限公司,期货策略,,,高,团队数据已有团队策略；产品名含CTA,期货策略,期货策略,山丘跨越一号CTA=期货策略,,
SABD20,山信闭环一号私募证券投资基金,杭州萧山山信私募基金管理有限公司,期货策略,主观期货,,高,团队数据已有团队策略,期货策略 / 主观期货,期货策略 / 主观期货,山信闭环一号=期货策略/主观期货,,
SBAD05,山信滔滔一号私募证券投资基金,杭州萧山山信私募基金管理有限公司,期货策略,主观期货,"交易型,多板块",高,团队数据已有团队策略,"期货策略 / 主观期货 / 交易型,多板块","期货策略 / 主观期货 / 交易型,多板块","山信滔滔一号=期货策略/主观期货/交易型,多板块",,
SBCK34,山信至诚一号私募证券投资基金,杭州萧山山信私募基金管理有限公司,期货策略,主观期货,能化,高,团队数据已有团队策略,期货策略 / 主观期货 / 能化,,山信至诚一号=期货策略/主观期货/能化,,
SBJL51,山信酌远1号私募证券投资基金,杭州萧山山信私募基金管理有限公司,期货策略,主观期货,,高,团队数据已有团队策略,期货策略 / 主观期货,期货策略 / 主观期货,山信酌远1号=期货策略/主观期货,,
SBGS81,杉石涌瑞私募证券投资基金,苏州杉石资产管理有限公司,股票多头,主观多头,,高,团队数据已有团队策略,股票多头 / 主观多头,股票多头,杉石涌瑞=股票多头/主观多头,,
SEU490,善流沪深300指数增强一号私募证券投资基金,上海善流投资管理有限公司,股票多头,指数增强,300指增,高,团队数据已有团队策略；产品名含300指增,股票多头 / 指数增强 / 300指增,股票多头 / 300指增,善流沪深300指数增强一号=股票多头/指数增强/300指增,,
SBFW22,善流进取创优一号私募证券投资基金,上海善流投资管理有限公司,期货策略,量化期货,"机器学习,中高频",高,团队数据已有团队策略,"期货策略 / 量化期货 / 机器学习,中高频",期货策略 / 量化期货 / 中高频,"善流进取创优一号=期货策略/量化期货/机器学习,中高频",,
SBQB66,善流进取CTA三号私募证券投资基金,上海善流投资管理有限公司,期货策略,,,高,团队数据已有团队策略；产品名含CTA,期货策略,期货策略,善流进取CTA三号=期货策略,,
SVD270,善流钱塘六号私募证券投资基金,上海善流投资管理有限公司,期货策略,量化期货,,高,团队数据已有团队策略,期货策略 / 量化期货,期货策略 / 量化期货,善流钱塘六号=期货策略/量化期货,,
SGU468,善流钱塘一号私募证券投资基金,上海善流投资管理有限公司,期货策略,量化期货,中高频,高,团队数据已有团队策略,期货策略 / 量化期货 / 中高频,期货策略 / 量化期货 / 中高频,善流钱塘一号=期货策略/量化期货/中高频,,
SNB691,善流中证500指数增强一号私募证券投资基金,上海善流投资管理有限公司,股票多头,指数增强,500指增,高,团队数据已有团队策略；产品名含500指增,股票多头 / 指数增强 / 500指增,股票多头 / 500指增,善流中证500指数增强一号=股票多头/指数增强/500指增,,
SBTH74,善庆常晋一号私募证券投资基金,上海善庆资产管理有限公司,股票多头,另类多头,,高,团队数据已有团队策略,股票多头 / 另类多头,股票多头 / 另类多头,善庆常晋一号=股票多头/另类多头；善庆常晋一号B类=股票多头/另类多头,,
SAFQ88,善庆龙山一号私募证券投资基金,上海善庆资产管理有限公司,股票多头,,,高,团队数据已有团队策略,股票多头,股票多头,善庆龙山一号=股票多头,,
SLW765,善择价值精选三号私募证券投资基金,深圳善择私募证券投资基金管理合伙企业（有限合伙）,债券策略,信用债,,高,团队数据已有团队策略,债券策略 / 信用债,债券策略 / 信用债,善择价值精选三号=债券策略/信用债,,
SVD360,上海高恩价值策略1号私募证券投资基金,上海高恩私募基金管理有限公司,股票多头,主观多头,"红利,民间派,港股",高,团队数据已有团队策略,"股票多头 / 主观多头 / 红利,民间派,港股","股票多头 / 主观多头 / 均衡型,港股,红利型","上海高恩价值策略1号=股票多头/主观多头/红利,民间派,港股；上海高恩价值策略5号C类=股票多头/主观多头；上海高恩价值策略1号A类=股票多头/主观多头/红利,民间派,港股",,
S26541,上海宽德共赢私募证券投资基金,上海宽德私募基金管理中心（有限合伙）,股票对冲,股票市场中性,"500中性,中频",高,团队数据已有团队策略,"股票对冲 / 股票市场中性 / 500中性,中频","股票对冲 / 股票市场中性 / 中频,500中性","上海宽德共赢=股票对冲/股票市场中性/500中性,中频",,
SNR149,上海宽德金刚钻10号私募证券投资基金,上海宽德私募基金管理中心（有限合伙）,期货策略,量化期货,高频,高,团队数据已有团队策略,期货策略 / 量化期货 / 高频,期货策略 / 量化期货 / 高频,上海宽德金刚钻10号=期货策略/量化期货/高频,,
SJ5143,上海宽德卓越私募证券投资基金,上海宽德私募基金管理中心（有限合伙）,期货策略,量化期货,中高频,高,团队数据已有团队策略,期货策略 / 量化期货 / 中高频,期货策略 / 量化期货 / 中高频,上海宽德卓越=期货策略/量化期货/中高频；上海宽德卓越4号=期货策略/量化期货/中高频,,
SACS62,尚郡甜圈九号私募证券投资基金,上海尚郡投资管理有限公司,期货策略,量化期货,,高,团队数据已有团队策略,期货策略 / 量化期货,期货策略 / 量化期货 / 混合均衡,尚郡甜圈九号=期货策略/量化期货,,
SAWN78,尚艺稳定价值1号私募证券投资基金,北京尚艺私募基金管理有限公司,多资产策略,宏观策略,,高,团队数据已有团队策略,多资产策略 / 宏观策略,多资产策略 / 宏观策略,尚艺稳定价值1号=多资产策略/宏观策略,,
SGM266,尚艺阳光1号私募证券投资基金,北京尚艺私募基金管理有限公司,多资产策略,宏观策略,"配置型,量化",高,团队数据已有团队策略,"多资产策略 / 宏观策略 / 配置型,量化",多资产策略 / 宏观策略,"尚艺阳光1号=多资产策略/宏观策略/配置型,量化；尚艺阳光1号C类=多资产策略/宏观策略",,
SBBP09,申毅尊享稳泰2号私募证券投资基金,上海申毅投资股份有限公司,期权策略,场内期权,金融卖波,高,团队数据已有团队策略,期权策略 / 场内期权 / 金融卖波,期权策略 / 场内期权 / 金融期权,申毅尊享稳泰2号=期权策略/场内期权/金融卖波；申毅尊享稳泰2号B类=期权策略/场内期权/期权套利,,
SZT643,深度成蝶量化1号私募证券投资基金,杭州深度资产管理有限公司,期权策略,场内期权,商品波动率,高,团队数据已有团队策略,期权策略 / 场内期权 / 商品波动率,期权策略 / 场内期权 / 中性波动率交易,深度成蝶量化1号=期权策略/场内期权/商品波动率,,
SLM692,深度量化中证1000指数增强0号私募证券投资基金,杭州深度资产管理有限公司,股票多头,指数增强,"1000指增,量价,机器学习,高频",高,团队数据已有团队策略；产品名含1000指增,"股票多头 / 指数增强 / 1000指增,量价,机器学习,高频",股票多头 / 1000指增,"深度量化中证1000指数增强0号=股票多头/指数增强/1000指增,量价,机器学习,高频",,
SBJF92,深度量选一号私募证券投资基金,杭州深度资产管理有限公司,股票多头,指数增强,"空气指增,机器学习,高频",高,团队数据已有团队策略,"股票多头 / 指数增强 / 空气指增,机器学习,高频",股票多头 / 量化选股,"深度量选一号=股票多头/指数增强/空气指增,机器学习,高频；深度量选一号B类=股票多头/指数增强/空气指增,量价,机器学习；深度量选一号A类=股票多头",,
SASW32,盛丰丰利2号私募证券投资基金,海南盛丰私募基金管理有限公司,股票对冲,,,高,团队数据已有团队策略,股票对冲,股票对冲,盛丰量化CTA1号=股票对冲；盛丰丰利1号=股票多头/指数增强/500指增,,
SXY392,盛丰泽丰1号私募证券投资基金,海南盛丰私募基金管理有限公司,股票多头,指数增强,1000指增,高,团队数据已有团队策略,股票多头 / 指数增强 / 1000指增,股票多头 / 1000指增,盛丰泽丰1号=股票多头/指数增强/1000指增,,
SSZ551,盛冠达沪深300指数增强2号私募证券投资基金,海南盛冠达私募基金管理有限公司,债券策略,,,高,团队数据已有团队策略；产品名另指向股票多头/指数增强,债券策略,债券策略 / 债券复合,盛冠达沪深300指数增强2号=债券策略,,产品名指向股票多头/指数增强，与已有团队策略不一致
SXV514,盛冠达祥瑞1号私募证券投资基金,海南盛冠达私募基金管理有限公司,期货策略,主观期货,,高,团队数据已有团队策略,期货策略 / 主观期货,期货策略 / 主观期货,盛冠达祥瑞1号=期货策略/主观期货；盛冠达祥瑞2号=期货策略/量化期货/混合,,
SVD019,盛冠达泽众进取6号私募证券投资基金,海南盛冠达私募基金管理有限公司,多资产策略,,,高,团队数据已有团队策略,多资产策略,多资产策略 / 复合策略,盛冠达泽众进取6号=多资产策略；盛冠达泽众进取6号C类=多资产策略,,
SBDK46,盛冠达中证1000指数增强2号私募证券投资基金,海南盛冠达私募基金管理有限公司,股票多头,指数增强,1000指增,高,团队数据已有团队策略；产品名含1000指增,股票多头 / 指数增强 / 1000指增,股票多头 / 1000指增,盛冠达中证1000指数增强2号=股票多头/指数增强/1000指增；盛冠达中证1000指数增强2号A类=股票多头/指数增强/1000指增,,
SARX61,盛恒八号市场中性量化对冲私募证券投资基金,深圳盛恒投资管理有限公司,股票对冲,股票T0,"底仓T0,程序化",高,团队数据已有团队策略；产品名含中性,"股票对冲 / 股票T0 / 底仓T0,程序化",股票对冲 / 股票T0 / 底仓T0,"盛恒八号市场中性量化对冲=股票对冲/股票T0/底仓T0,程序化；盛恒八号市场中性量化对冲B类=股票对冲/股票T0/底仓T0,程序化",,
SAPD60,盛恒六号中证500指数增强私募证券投资基金,深圳盛恒投资管理有限公司,股票多头,指数增强,500指增,高,团队数据已有团队策略；产品名含500指增,股票多头 / 指数增强 / 500指增,股票多头 / 500指增,盛恒六号中证500指数增强=股票多头/指数增强/500指增,,
SAPD66,盛恒七号沪深300指数增强私募证券投资基金,深圳盛恒投资管理有限公司,股票多头,指数增强,300指增,高,团队数据已有团队策略；产品名含300指增,股票多头 / 指数增强 / 300指增,股票多头 / 300指增,盛恒七号沪深300指数增强=股票多头/指数增强/300指增,,
SBAW08,盛恒套利专享四号私募证券投资基金,深圳盛恒投资管理有限公司,期权策略,场内期权,金融卖波,高,团队数据已有团队策略；产品名另指向套利策略/,期权策略 / 场内期权 / 金融卖波,套利策略,盛恒套利专享四号=期权策略/场内期权/金融卖波,,
S60039,盛泉恒元多策略量化对冲1号基金,南京盛泉恒元投资有限公司,套利策略,股票套利,事件驱动套利,高,团队数据已有团队策略；产品名另指向股票对冲/,套利策略 / 股票套利 / 事件驱动套利,股票对冲 / 股票市场中性,,,
SEV349,盛世8号私募证券投资基金,深圳市盛世私募证券基金有限公司,期货策略,量化期货,"时序,量价",高,团队数据已有团队策略,"期货策略 / 量化期货 / 时序,量价",期货策略 / 量化期货 / 中高频,"盛世8号=期货策略/量化期货/时序,量价",,
SJM627,石溪价值私募证券投资基金一号,上海石溪投资管理有限公司,股票多头,主观多头,"其他,价值均衡,机构派",高,团队数据已有团队策略,"股票多头 / 主观多头 / 其他,价值均衡,机构派","股票多头 / 主观多头 / 价值型,均衡型","石溪价值一号=股票多头/主观多头/其他,价值均衡,机构派",,
SX1581,时代复兴成长增强保护1号私募证券投资基金,北京时代复兴投资管理有限公司,套利策略,,,高,团队数据已有团队策略,套利策略,套利策略 / 期权套利 / 期权做市,时代复兴成长增强保护1号=套利策略,,
STL278,时代复兴微正则1号私募证券投资基金,北京时代复兴投资管理有限公司,股票多头,主观多头,,高,团队数据已有团队策略,股票多头 / 主观多头,股票多头 / 主观多头,时代复兴微正则1号=股票多头/主观多头；时代复兴微正则9号=股票对冲/股票市场中性,,
SXV351,时代复兴微正则9号私募证券投资基金,北京时代复兴投资管理有限公司,股票对冲,股票市场中性,,高,团队数据已有团队策略,股票对冲 / 股票市场中性,股票对冲 / 股票市场中性,时代复兴微正则9号=股票对冲/股票市场中性；时代复兴微正则1号=股票多头/主观多头,,
SAYW49,时代共赢龙盘一号私募证券投资基金,海南时代共赢私募基金管理合伙企业（有限合伙）,股票对冲,打板,,高,团队数据已有团队策略,股票对冲 / 打板,股票对冲 / 择时对冲 / 打板,时代共赢龙盘一号=股票对冲/打板；时代共赢龙盘一号A类=股票对冲/打板,,
SQP041,时间序列多策略对冲1号私募证券投资基金,青岛时间序列资产管理有限公司,股票对冲,股票市场中性,"500中性,基本面,低频",高,团队数据已有团队策略；产品名含对冲,"股票对冲 / 股票市场中性 / 500中性,基本面,低频","股票对冲 / 股票市场中性 / 低频,基本面,500中性","时间序列多策略对冲1号=股票对冲/股票市场中性/500中性,基本面,低频",,
SNR901,时间序列红利灵活1号私募证券投资基金,青岛时间序列资产管理有限公司,套利策略,期货套利,"跨期套利,股指套利",高,团队数据已有团队策略,"套利策略 / 期货套利 / 跨期套利,股指套利",套利策略 / 期货套利,"时间序列红利灵活1号=套利策略/期货套利/跨期套利,股指套利",,
SARA08,时间序列红利指增2号私募证券投资基金,青岛时间序列资产管理有限公司,股票多头,指数增强,"红利指增,基本面",高,团队数据已有团队策略；产品名含红利指增,"股票多头 / 指数增强 / 红利指增,基本面",股票多头 / 红利指增,"时间序列红利指增2号=股票多头/指数增强/红利指增,基本面",,
SVH992,时间序列红橡多策略套利一号私募证券投资基金,青岛时间序列资产管理有限公司,套利策略,期货套利,,高,团队数据已有团队策略；产品名含套利,套利策略 / 期货套利,套利策略 / 期货套利,时间序列红橡多策略套利一号=套利策略/期货套利；时间序列红橡多策略套利一号B类=套利策略/期货套利；时间序列红橡多策略套利一号A类=套利策略/期货套利,,
SNR063,时间序列量化对冲1号私募证券投资基金,青岛时间序列资产管理有限公司,套利策略,期货套利,"跨期套利,股指套利",高,团队数据已有团队策略；产品名另指向股票对冲/,"套利策略 / 期货套利 / 跨期套利,股指套利",股票对冲 / 股票市场中性,"时间序列量化对冲1号=套利策略/期货套利/跨期套利,股指套利",,
SQJ918,时间序列中证500指数增强2号私募证券投资基金,青岛时间序列资产管理有限公司,股票多头,指数增强,"500指增,基本面",高,团队数据已有团队策略；产品名含500指增,"股票多头 / 指数增强 / 500指增,基本面",股票多头 / 500指增 / 基本面,"时间序列中证500指数增强2号=股票多头/指数增强/500指增,基本面",,
SB9935,时通运泰行稳致远1号私募证券投资基金,上海时通运泰私募基金管理有限公司,股票多头,主观多头,价值均衡,高,团队数据已有团队策略,股票多头 / 主观多头 / 价值均衡,股票多头 / 主观多头,时通运泰行稳致远1号=股票多头/主观多头/价值均衡,,
SJG934,拾麦稳进六号私募证券投资基金,上海光亿旺达私募基金管理有限公司,期权策略,场内期权,,高,团队数据已有团队策略,期权策略 / 场内期权,期权策略 / 场内期权,拾麦稳进六号=期权策略/场内期权,,
STJ622,世纪前沿金选沪深300指数增强1号私募证券投资基金,海南世纪前沿私募基金管理有限公司,股票多头,指数增强,300指增,高,团队数据已有团队策略；产品名含300指增,股票多头 / 指数增强 / 300指增,股票多头 / 300指增,世纪前沿金选沪深300指数增强1号=股票多头/指数增强/300指增,,
SLB058,世纪前沿量化对冲11号私募证券投资基金,海南世纪前沿私募基金管理有限公司,股票对冲,股票市场中性,"量价,高频",高,团队数据已有团队策略；产品名含对冲,"股票对冲 / 股票市场中性 / 量价,高频","股票对冲 / 股票市场中性 / 高频,量价","世纪前沿量化对冲11号=股票对冲/股票市场中性/量价,高频；世纪前沿量化对冲7号=股票对冲/股票市场中性/量价,高频；世纪前沿量化对冲6号=股票对冲/股票市场中性/量价,高频；世纪前沿量化对冲9号=股票对冲/股票市场中性/500中性,中频；世纪前沿量化对冲28号=股票对冲/股票市场中性",,
SJD518,世纪前沿量化对冲9号私募证券投资基金,海南世纪前沿私募基金管理有限公司,股票对冲,股票市场中性,"500中性,中频",高,团队数据已有团队策略；产品名含对冲,"股票对冲 / 股票市场中性 / 500中性,中频","股票对冲 / 股票市场中性 / 中频,量价,500中性","世纪前沿量化对冲9号=股票对冲/股票市场中性/500中性,中频；世纪前沿量化对冲11号=股票对冲/股票市场中性/量价,高频；世纪前沿量化对冲7号=股票对冲/股票市场中性/量价,高频；世纪前沿量化对冲6号=股票对冲/股票市场中性/量价,高频；世纪前沿量化对冲28号=股票对冲/股票市场中性",,
STS091,世纪前沿量化优选1号私募证券投资基金,海南世纪前沿私募基金管理有限公司,股票多头,指数增强,空气指增,高,团队数据已有团队策略,股票多头 / 指数增强 / 空气指增,股票多头 / 量化选股,世纪前沿量化优选1号=股票多头/指数增强/空气指增,,
SQD135,世纪前沿月浦5号私募证券投资基金,海南世纪前沿私募基金管理有限公司,期货策略,量化期货,混合,高,团队数据已有团队策略,期货策略 / 量化期货 / 混合,期货策略 / 量化期货 / 混合均衡,世纪前沿月浦5号=期货策略/量化期货/混合,,
SST158,世纪前沿指数增强23号私募证券投资基金,海南世纪前沿私募基金管理有限公司,股票多头,指数增强,"1000指增,中频",高,团队数据已有团队策略；产品名含指增/指数增强,"股票多头 / 指数增强 / 1000指增,中频",股票多头 / 1000指增,"世纪前沿指数增强23号=股票多头/指数增强/1000指增,中频；世纪前沿指数增强3号=股票多头/指数增强/500指增；世纪前沿指数增强16号A类=股票多头/指数增强/500指增；世纪前沿指数增强2号=股票多头/指数增强/500指增,量价,中频；世纪前沿指数增强1号=股票多头/指数增强/300指增,量价,高频",,
SGP682,世纪前沿指数增强2号私募证券投资基金,海南世纪前沿私募基金管理有限公司,股票多头,指数增强,"500指增,量价,中频",高,团队数据已有团队策略；产品名含指增/指数增强,"股票多头 / 指数增强 / 500指增,量价,中频","股票多头 / 500指增 / 中频,量价","世纪前沿指数增强2号=股票多头/指数增强/500指增,量价,中频；世纪前沿指数增强3号=股票多头/指数增强/500指增；世纪前沿指数增强16号A类=股票多头/指数增强/500指增；世纪前沿指数增强23号=股票多头/指数增强/1000指增,中频；世纪前沿指数增强1号=股票多头/指数增强/300指增,量价,高频",,
SLM837,世纪前沿指数增强3号私募证券投资基金,海南世纪前沿私募基金管理有限公司,股票多头,指数增强,500指增,高,团队数据已有团队策略；产品名含指增/指数增强,股票多头 / 指数增强 / 500指增,股票多头 / 500指增,"世纪前沿指数增强3号=股票多头/指数增强/500指增；世纪前沿指数增强16号A类=股票多头/指数增强/500指增；世纪前沿指数增强2号=股票多头/指数增强/500指增,量价,中频；世纪前沿指数增强23号=股票多头/指数增强/1000指增,中频；世纪前沿指数增强1号=股票多头/指数增强/300指增,量价,高频",,
SARZ37,守正用奇龙珠2号私募证券投资基金,广州守正用奇私募基金管理有限公司,股票多头,另类多头,"择时择股,持仓分散",高,团队数据已有团队策略,"股票多头 / 另类多头 / 择时择股,持仓分散","股票多头 / 另类多头 / 择时择股,持仓分散","守正用奇龙珠2号=股票多头/另类多头/择时择股,持仓分散；守正用奇龙珠2号A类=股票多头/另类多头/择时择股,持仓分散；守正用奇龙珠1号=股票多头/另类多头/择时择股,持仓分散；守正用奇龙珠1号A类=股票多头/另类多头/择时择股,持仓分散；守正用奇龙珠2号B类=股票多头/另类多头/择时择股,持仓分散；守正用奇龙珠1号B类=股票多头/另类多头/择时择股,持仓分散",,
SBHR39,首创京都智胜2号集合资产管理计划,首创京都期货有限公司,套利策略,期货套利,"跨期套利,股指套利",高,团队数据已有团队策略,"套利策略 / 期货套利 / 跨期套利,股指套利",期货策略 / 量化期货,"首创京都智胜2号=套利策略/期货套利/跨期套利,股指套利；首创京都智胜1号=期货策略/量化期货",,
SJB777,殊馥馥芮套利1号私募证券投资基金,上海殊馥投资管理有限公司,套利策略,期货套利,"跨期套利,商品套利",高,团队数据已有团队策略；产品名含套利,"套利策略 / 期货套利 / 跨期套利,商品套利","套利策略 / 期货套利 / 跨期套利,商品套利","殊馥馥芮套利1号=套利策略/期货套利/跨期套利,商品套利",,
SSD586,水木博雅中证1000指数增强8号私募证券投资基金,珠海水木博雅私募基金管理有限公司,股票对冲,股票市场中性,"500中性,量价,低频",高,团队数据已有团队策略；产品名另指向股票多头/指数增强,"股票对冲 / 股票市场中性 / 500中性,量价,低频",股票多头 / 1000指增,"水木博雅中证1000指数增强8号=股票对冲/股票市场中性/500中性,量价,低频；水木博雅中证1000指数增强8号A类=股票对冲/股票市场中性/量价,低频",,产品名指向股票多头/指数增强，与已有团队策略不一致
SQZ004,顺义成量化精选一号私募证券投资基金,陕西顺义成投资管理有限公司,股票多头,指数增强,"300指增,量价,高频",高,团队数据已有团队策略,"股票多头 / 指数增强 / 300指增,量价,高频",股票多头 / 另类多头 / 择时择股,"顺义成量化精选一号=股票多头/指数增强/300指增,量价,高频",,
SAMS33,思瑞宽流宏观量化私募证券投资基金,海南思瑞私募基金管理有限公司,多资产策略,宏观策略,量化,高,产品名含宏观,,,,,
SVM078,思瑞玉衡可转债精选私募证券投资基金,海南思瑞私募基金管理有限公司,股票多头,可转债多头,量化,高,团队数据已有团队策略,股票多头 / 可转债多头 / 量化,股票多头 / 可转债多头 / 量化,思瑞玉衡可转债精选=股票多头/可转债多头/量化,,
SGW629,思勰投资思新稳健CTA47号私募证券投资基金,上海思勰投资管理有限公司,期货策略,量化期货,中高频,高,团队数据已有团队策略；产品名含CTA,期货策略 / 量化期货 / 中高频,"期货策略 / 量化期货 / 时序,中高频",思勰投资思新稳健CTA47号=期货策略/量化期货/中高频,,
SXW711,思勰投资正好股票中性2号私募证券投资基金,上海思勰投资管理有限公司,多资产策略,,,高,团队数据已有团队策略；产品名另指向股票对冲/股票市场中性,多资产策略,多资产策略 / 复合策略,思勰投资正好股票中性2号=多资产策略,,产品名指向股票对冲/股票市场中性，与已有团队策略不一致
STY231,思益对冲套利1号私募证券投资基金,海南思益私募基金管理合伙企业（有限合伙）,套利策略,期货套利,跨市场套利,高,团队数据已有团队策略；产品名另指向股票对冲/,套利策略 / 期货套利 / 跨市场套利,套利策略 / 期货套利 / 跨市场套利,思益对冲套利1号=套利策略/期货套利/跨市场套利；思益对冲套利1号A类=套利策略/混合套利,,
SQA103,遂玖日出定向3号私募证券投资基金,杭州遂玖私募基金管理有限公司,多资产策略,股票期货复合,,高,团队数据已有团队策略,多资产策略 / 股票期货复合,多资产策略 / 复合策略,遂玖日出定向3号=多资产策略/股票期货复合,,
SBDU00,桫罗稳鸿私募证券投资基金,成都桫罗投资管理有限公司,股票多头,,,高,团队数据已有团队策略,股票多头,股票多头,桫罗稳鸿=股票多头；桫罗稳鸿C类=股票对冲/打板/盘中板,,
SAMF07,太和致远隆鑫三号私募证券投资基金,太和致远私募基金管理有限公司,股票多头,,,高,团队数据已有团队策略,股票多头,股票多头,太和致远隆鑫三号=股票多头,,
SBQQ21,太衍光年中证1000指数增强2号私募证券投资基金,上海太衍私募基金管理有限公司,股票多头,指数增强,1000指增,高,团队数据已有团队策略；产品名含1000指增,股票多头 / 指数增强 / 1000指增,股票多头 / 1000指增,太衍光年中证1000指数增强2号=股票多头/指数增强/1000指增,,
SBCA75,太衍光年中证2000指数增强2号私募证券投资基金,上海太衍私募基金管理有限公司,股票多头,指数增强,2000指增,高,团队数据已有团队策略；产品名含2000指增,股票多头 / 指数增强 / 2000指增,股票多头 / 2000指增,太衍光年中证2000指数增强2号=股票多头/指数增强/2000指增；太衍光年中证2000指数增强3号=股票多头/指数增强/2000指增,,
SBRA09,太衍极光1号私募证券投资基金,上海太衍私募基金管理有限公司,股票多头,另类多头,,高,团队数据已有团队策略,股票多头 / 另类多头,股票多头 / 量化选股,太衍极光1号=股票多头/另类多头,,
SAKG78,太衍跃迁5号私募证券投资基金,上海太衍私募基金管理有限公司,股票多头,,,高,团队数据已有团队策略,股票多头,股票多头,太衍跃迁5号=股票多头,,
SBCJ59,太衍自旋2号私募证券投资基金,上海太衍私募基金管理有限公司,股票多头,,,高,团队数据已有团队策略,股票多头,股票多头,太衍自旋2号=股票多头；太衍自旋6号=股票多头,,
SBPB09,太衍自旋6号私募证券投资基金,上海太衍私募基金管理有限公司,股票多头,,,高,团队数据已有团队策略,股票多头,股票多头,太衍自旋6号=股票多头；太衍自旋2号=股票多头,,
SXJ836,碳硅1号私募证券投资基金,杭州碳硅私募基金管理有限公司,期货策略,主观期货,,高,团队数据已有团队策略,期货策略 / 主观期货,期货策略 / 主观期货,碳硅1号=期货策略/主观期货,,
SAJX68,特夫郁金香九号私募证券投资基金,上海特夫私募基金管理有限公司,股票对冲,打板,"量化,盘中板",高,团队数据已有团队策略,"股票对冲 / 打板 / 量化,盘中板","股票对冲 / 择时对冲 / 打板,量化","特夫郁金香九号=股票对冲/打板/量化,盘中板",,
STN967,特夫郁金香量化混合1号私募证券投资基金,上海特夫私募基金管理有限公司,股票对冲,打板,"量化,盘中板",高,团队数据已有团队策略,"股票对冲 / 打板 / 量化,盘中板",股票对冲 / 择时对冲 / 打板,"特夫郁金香量化混合1号=股票对冲/打板/量化,盘中板；特夫郁金香量化混合1号B类=股票对冲/打板/量化,盘中板",,
SQX078,特夫郁金香全量化私募证券投资基金,上海特夫私募基金管理有限公司,股票对冲,打板,"量化,盘中板,强势股",高,团队数据已有团队策略,"股票对冲 / 打板 / 量化,盘中板,强势股",股票对冲 / 择时对冲 / 打板,"特夫郁金香全量化=股票对冲/打板/量化,盘中板,强势股",,
SXR731,特夫郁金香弦理1号私募证券投资基金,上海特夫私募基金管理有限公司,股票对冲,打板,"量化,盘中板",高,团队数据已有团队策略,"股票对冲 / 打板 / 量化,盘中板",股票对冲 / 择时对冲 / 打板,"特夫郁金香弦理1号=股票对冲/打板/量化,盘中板",,
SNX471,天宝星海多空对冲四期私募证券投资基金,山东天宝私募基金管理有限公司,套利策略,,,高,团队数据已有团队策略；产品名另指向股票对冲/股票多空,套利策略,套利策略,天宝星海多空对冲四期=套利策略,,产品名指向股票对冲/股票多空，与已有团队策略不一致
SGJ347,天宝中证全指指增一期私募证券投资基金,山东天宝私募基金管理有限公司,股票多头,指数增强,,高,团队数据已有团队策略；产品名含指增/指数增强,股票多头,股票多头 / 量化选股,天宝中证全指指增一期=股票多头,,
SVN917,天戈钻选CTA1号私募证券投资基金,上海天戈投资管理有限公司,期货策略,量化期货,时序,高,团队数据已有团队策略；产品名含CTA,期货策略 / 量化期货 / 时序,期货策略 / 量化期货 / 时序,天戈钻选CTA1号=期货策略/量化期货/时序；天戈钻选CTA1号B类=期货策略/量化期货,,
SGC350,天迹格物致知宏观对冲二号私募投资基金,杭州天迹私募基金管理有限公司,期货策略,主观期货,,高,团队数据已有团队策略；产品名另指向股票对冲/,期货策略 / 主观期货,期货策略 / 主观期货 / 多板块,天迹格物致知宏观对冲二号=期货策略/主观期货,,
SGA794,天迹格物致知宏观对冲一号私募投资基金,杭州天迹私募基金管理有限公司,期货策略,主观期货,宏观多策略,高,团队数据已有团队策略；产品名另指向股票对冲/,期货策略 / 主观期货 / 宏观多策略,期货策略 / 主观期货 / 宏观多策略,天迹格物致知宏观对冲一号=期货策略/主观期货/宏观多策略,,
SBGK73,天鹭百灵鸟稳健一号私募证券投资基金,上海天鹭私募基金管理有限公司,期货策略,量化期货,"高频,股指",高,团队数据已有团队策略,"期货策略 / 量化期货 / 高频,股指",,"天鹭百灵鸟稳健一号=期货策略/量化期货/高频,股指；天鹭百灵鸟稳健一号私募证券投资基金B类=套利策略/期货套利/股指套利",,
SARN33,天鸾旭日六号私募证券投资基金,深圳市天鸾私募证券基金管理有限公司,套利策略,,,高,团队数据已有团队策略,套利策略,套利策略 / 基金套利 / ETF套利,天鸾旭日六号=套利策略,,
SS9978,天算点金1号私募证券投资基金,天算量化（北京）资本管理有限公司,股票多头,指数增强,"500指增,量价,中频",高,团队数据已有团队策略,"股票多头 / 指数增强 / 500指增,量价,中频","股票多头 / 500指增 / 中频,量价","天算点金1号=股票多头/指数增强/500指增,量价,中频",,
SX6549,天算顺势1号私募证券投资基金,天算量化（北京）资本管理有限公司,股票对冲,股票市场中性,"500中性,中频",高,团队数据已有团队策略,"股票对冲 / 股票市场中性 / 500中性,中频","股票对冲 / 股票市场中性 / 中频,500中性","天算顺势1号=股票对冲/股票市场中性/500中性,中频",,
SJC133,天算指数增强2号私募证券投资基金,天算量化（北京）资本管理有限公司,股票多头,指数增强,500指增,高,团队数据已有团队策略；产品名含指增/指数增强,股票多头 / 指数增强 / 500指增,股票多头 / 500指增,天算指数增强2号=股票多头/指数增强/500指增,,
STY812,天算中证1000指数增强私募证券投资基金,天算量化（北京）资本管理有限公司,股票多头,指数增强,"1000指增,中频",高,团队数据已有团队策略；产品名含1000指增,"股票多头 / 指数增强 / 1000指增,中频",股票多头 / 1000指增,"天算中证1000指数增强=股票多头/指数增强/1000指增,中频",,
SEN368,天添混合1号私募证券投资基金,平潭天添资产管理有限公司,股票多头,主观多头,,高,团队数据已有团队策略,股票多头 / 主观多头,股票多头 / 主观多头,天添混合1号=股票多头/主观多头,,
SN1819,天演6号私募证券投资基金,上海天演私募基金管理有限公司,股票对冲,股票市场中性,"500中性,中频",高,团队数据已有团队策略,"股票对冲 / 股票市场中性 / 500中性,中频","股票对冲 / 股票市场中性 / 中频,量价,500中性","天演6号=股票对冲/股票市场中性/500中性,中频",,
SSA404,天演金选沪深300指数增强1号私募证券投资基金,上海天演私募基金管理有限公司,股票多头,指数增强,300指增,高,团队数据已有团队策略；产品名含300指增,股票多头 / 指数增强 / 300指增,股票多头 / 300指增,天演金选沪深300指数增强1号=股票多头/指数增强/300指增,,
SARW21,添禄量化股票策略5号私募证券投资基金,上海添禄投资管理有限公司,股票对冲,股票市场中性,"量价,高频",高,团队数据已有团队策略,"股票对冲 / 股票市场中性 / 量价,高频","股票对冲 / 股票市场中性 / 高频,量价","添禄量化股票策略5号=股票对冲/股票市场中性/量价,高频；添禄量化股票策略5号C类=股票对冲/股票市场中性/量价,高频；添禄量化股票策略2号=股票对冲/股票T0",,
SLZ947,添禄投资北证选股一号私募证券投资基金,上海添禄投资管理有限公司,股票多头,指数增强,,高,团队数据已有团队策略,股票多头 / 指数增强,股票多头 / 行业指增,"添禄投资北证选股一号=股票多头/指数增强；添禄投资北证选股一号C类=股票多头/指数增强/北证50指增,高频",,
SAWV23,添禄投资添睿六号私募证券投资基金,上海添禄投资管理有限公司,股票对冲,股票市场中性,"量价,高频",高,同系列/份额已有团队策略,,,"添禄投资添睿六号C类=股票对冲/股票市场中性/量价,高频",,
SBNC45,添禄投资添选一号私募证券投资基金,上海添禄投资管理有限公司,股票多头,指数增强,2000指增,高,同系列/份额已有团队策略,,,添禄投资添选一号C类=股票多头/指数增强/2000指增,,
SAAK83,添禄投资添增2000二号私募证券投资基金,上海添禄投资管理有限公司,股票多头,指数增强,"空气指增,量价,高频",高,同系列/份额已有团队策略,,,"添禄投资添增2000二号C类=股票多头/指数增强/空气指增,量价,高频",,
SAWM31,添禄投资添增一号私募证券投资基金,上海添禄投资管理有限公司,股票多头,指数增强,"1000指增,高频,另类因子",高,团队数据已有团队策略,"股票多头 / 指数增强 / 1000指增,高频,另类因子","股票多头 / 1000指增 / 高频,另类因子","添禄投资添增一号=股票多头/指数增强/1000指增,高频,另类因子；添禄投资添增一号C类=股票多头/指数增强/1000指增,量价,高频",,
SBMR64,添禄投资小市值一号私募证券投资基金,上海添禄投资管理有限公司,期货策略,,,高,团队数据已有团队策略,期货策略,期货策略,"添禄投资小市值一号=期货策略；添禄投资小市值一号C类=股票多头/指数增强/小市值指增,高频",,
SAWK59,通源得一稳驰CTA一号私募证券投资基金,珠海横琴通源得一私募基金管理有限公司,期货策略,量化期货,混合,高,团队数据已有团队策略；产品名含CTA,期货策略 / 量化期货 / 混合,期货策略 / 量化期货 / 混合均衡,通源得一稳驰CTA一号=期货策略/量化期货/混合,,
SEE930,同犇价值成长三期私募证券投资基金,上海同犇投资管理中心（有限合伙）,股票多头,主观多头,,高,团队数据已有团队策略,股票多头 / 主观多头,股票多头 / 主观多头,同犇价值成长三期=股票多头/主观多头,,
SZW638,同温层金选量化对冲2号私募证券投资基金,武汉同温层私募基金管理有限公司,股票对冲,股票市场中性,"中频,量价",高,团队数据已有团队策略；产品名含对冲,"股票对冲 / 股票市场中性 / 中频,量价","股票对冲 / 股票市场中性 / 中频,量价","同温层金选量化对冲2号=股票对冲/股票市场中性/中频,量价；同温层金选量化对冲2号B类=股票对冲/股票市场中性/量价,中频；同温层金选量化对冲1号=股票对冲/股票市场中性",,
SB8958,彤心雕珑维纳一号私募证券投资基金,上海彤心雕珑私募基金管理有限公司,股票多头,,,高,团队数据已有团队策略,股票多头,股票多头,彤心雕珑维纳一号=股票多头,,
STG276,图灵安享沪深300指数增强1号私募证券投资基金,图灵私募基金管理（海南）有限公司,股票多头,指数增强,300指增,高,团队数据已有团队策略；产品名含300指增,股票多头 / 指数增强 / 300指增,股票多头 / 300指增,图灵安享沪深300指数增强1号=股票多头/指数增强/300指增,,
SSG992,图灵进取中证1000指数增强私募证券投资基金,图灵私募基金管理（海南）有限公司,股票多头,指数增强,1000指增,高,团队数据已有团队策略；产品名含1000指增,股票多头 / 指数增强 / 1000指增,股票多头 / 1000指增,图灵进取中证1000指数增强=股票多头/指数增强/1000指增,,
SSU669,图灵进取中证500指数增强1号私募证券投资基金,图灵私募基金管理（海南）有限公司,股票多头,指数增强,500指增,高,团队数据已有团队策略；产品名含500指增,股票多头 / 指数增强 / 500指增,股票多头 / 500指增,图灵进取中证500指数增强1号=股票多头/指数增强/500指增,,
SZZ959,图南守润一号私募证券投资基金,上海图南私募基金管理有限公司,股票对冲,股票T0,ETF-T0,高,团队数据已有团队策略,股票对冲 / 股票T0 / ETF-T0,股票对冲 / 股票T0,图南守润一号=股票对冲/股票T0/ETF-T0,,
SVK180,托特中证1000指数增强1号私募证券投资基金,托特（三亚）私募基金管理有限公司,股票多头,指数增强,"1000指增,量价,中频",高,团队数据已有团队策略；产品名含1000指增,"股票多头 / 指数增强 / 1000指增,量价,中频","股票多头 / 1000指增 / 中频,量价","托特中证1000指数增强1号=股票多头/指数增强/1000指增,量价,中频",,
SVK186,托特中证500指数增强2号私募证券投资基金,托特（三亚）私募基金管理有限公司,股票多头,指数增强,"500指增,量价,中频",高,团队数据已有团队策略；产品名含500指增,"股票多头 / 指数增强 / 500指增,量价,中频","股票多头 / 500指增 / 中频,量价","托特中证500指数增强2号=股票多头/指数增强/500指增,量价,中频；托特中证500指数增强3号A类=股票多头/指数增强/500指增；托特中证500指数增强3号=股票多头/指数增强/500指增,量价,中频",,
SVK193,托特CTA1号私募证券投资基金,托特（三亚）私募基金管理有限公司,期货策略,量化期货,时序,高,团队数据已有团队策略；产品名含CTA,期货策略 / 量化期货 / 时序,期货策略 / 量化期货 / 时序,托特CTA1号=期货策略/量化期货/时序,,
SN6652,外贸信托·同犇1期证券投资集合资金信托计划,上海同犇投资管理中心（有限合伙）,股票多头,主观多头,,高,团队数据已有团队策略,股票多头 / 主观多头,股票多头 / 主观多头,外贸信托·同犇1期=股票多头/主观多头,,
SXC412,顽岩量化对冲10号私募证券投资基金,上海顽岩私募基金管理有限公司,股票对冲,股票市场中性,"高频,量价",高,团队数据已有团队策略；产品名含对冲,"股票对冲 / 股票市场中性 / 高频,量价","股票对冲 / 股票市场中性 / 高频,量价","顽岩量化对冲10号=股票对冲/股票市场中性/高频,量价；顽岩量化对冲10号A类=股票对冲/股票市场中性/量价,高频；顽岩量化对冲5号=股票对冲/股票市场中性/量价,高频；顽岩量化对冲2号=股票对冲/股票市场中性/量价,高频",,
SVZ237,顽岩量化对冲2号私募证券投资基金,上海顽岩私募基金管理有限公司,股票对冲,股票市场中性,"量价,高频",高,团队数据已有团队策略；产品名含对冲,"股票对冲 / 股票市场中性 / 量价,高频","股票对冲 / 股票市场中性 / 高频,量价","顽岩量化对冲2号=股票对冲/股票市场中性/量价,高频；顽岩量化对冲10号A类=股票对冲/股票市场中性/量价,高频；顽岩量化对冲5号=股票对冲/股票市场中性/量价,高频；顽岩量化对冲10号=股票对冲/股票市场中性/高频,量价",,
SXN324,顽岩量化对冲专享3号私募证券投资基金,上海顽岩私募基金管理有限公司,股票对冲,股票市场中性,,高,团队数据已有团队策略；产品名含对冲,股票对冲 / 股票市场中性,股票对冲 / 股票市场中性,顽岩量化对冲专享3号=股票对冲/股票市场中性,,
SBAM95,顽岩量化选股3号私募证券投资基金,上海顽岩私募基金管理有限公司,股票多头,指数增强,空气指增,高,团队数据已有团队策略,股票多头 / 指数增强 / 空气指增,股票多头 / 量化选股,"顽岩量化选股3号=股票多头/指数增强/空气指增；顽岩量化选股1号=股票多头/指数增强/空气指增,量价",,
SBLW79,顽岩量化选股冠一1号私募证券投资基金,上海顽岩私募基金管理有限公司,股票多头,指数增强,空气指增,高,团队数据已有团队策略,股票多头 / 指数增强 / 空气指增,股票多头 / 量化选股,顽岩量化选股冠一1号=股票多头/指数增强/空气指增,,
SBLB67,顽岩量化选股专享9号私募证券投资基金,上海顽岩私募基金管理有限公司,股票多头,指数增强,"空气指增,量价",高,团队数据已有团队策略,"股票多头 / 指数增强 / 空气指增,量价",股票多头 / 量化选股,"顽岩量化选股专享9号=股票多头/指数增强/空气指增,量价",,
SW3871,顽岩稳健1号私募证券投资基金,上海顽岩私募基金管理有限公司,股票对冲,股票T0,,高,团队数据已有团队策略,股票对冲 / 股票T0,股票对冲 / 股票市场中性,顽岩稳健1号=股票对冲/股票T0；顽岩稳健1号A类=股票对冲/股票T0；顽岩稳健3号=股票对冲/股票T0,,
SABB29,顽岩星球1号私募证券投资基金,上海顽岩私募基金管理有限公司,股票对冲,股票市场中性,"500中性,量价,高频",高,团队数据已有团队策略,"股票对冲 / 股票市场中性 / 500中性,量价,高频","股票对冲 / 股票市场中性 / 高频,量价,500中性","顽岩星球1号=股票对冲/股票市场中性/500中性,量价,高频",,
SADU67,顽岩中证1000指数增强1号私募证券投资基金,上海顽岩私募基金管理有限公司,股票多头,指数增强,"1000指增,量价,高频",高,团队数据已有团队策略；产品名含1000指增,"股票多头 / 指数增强 / 1000指增,量价,高频","股票多头 / 1000指增 / 高频,量价","顽岩中证1000指数增强1号=股票多头/指数增强/1000指增,量价,高频；顽岩中证1000指数增强1号A类=股票多头/指数增强/1000指增,量价,高频",,
SVT259,顽岩中证2000指数增强1号私募证券投资基金,上海顽岩私募基金管理有限公司,股票多头,指数增强,"2000指增,量价,高频",高,团队数据已有团队策略；产品名含2000指增,"股票多头 / 指数增强 / 2000指增,量价,高频",股票多头 / 2000指增,"顽岩中证2000指数增强1号=股票多头/指数增强/2000指增,量价,高频；顽岩中证2000指数增强2号C类=股票多头/指数增强/2000指增；顽岩中证2000指数增强2号=股票多头/指数增强/2000指增；顽岩中证2000指数增强3号=股票多头/指数增强/2000指增,量价",,
STL472,顽岩中证2000指数增强3号私募证券投资基金,上海顽岩私募基金管理有限公司,股票多头,指数增强,"2000指增,量价",高,团队数据已有团队策略；产品名含2000指增,"股票多头 / 指数增强 / 2000指增,量价",股票多头 / 2000指增,"顽岩中证2000指数增强3号=股票多头/指数增强/2000指增,量价；顽岩中证2000指数增强2号C类=股票多头/指数增强/2000指增；顽岩中证2000指数增强2号=股票多头/指数增强/2000指增；顽岩中证2000指数增强1号=股票多头/指数增强/2000指增,量价,高频",,
SAYL42,顽岩中证A500指数增强3号私募证券投资基金,上海顽岩私募基金管理有限公司,股票多头,指数增强,A500指增,高,团队数据已有团队策略；产品名含A500指增,股票多头 / 指数增强 / A500指增,,顽岩中证A500指数增强3号=股票多头/指数增强/A500指增,,
SAQT81,万君谦量5号期权私募证券投资基金,湖南万君资本管理有限公司,期权策略,场内期权,金融卖波,高,团队数据已有团队策略；产品名含期权,期权策略 / 场内期权 / 金融卖波,期权策略 / 场内期权 / 定价卖波,万君谦量5号期权=期权策略/场内期权/金融卖波,,
SVL895,万众励合进取1号私募证券投资基金,无锡万众励合私募基金合伙企业（有限合伙）,债券策略,信用债,,高,团队数据已有团队策略,债券策略 / 信用债,债券策略 / 信用债,万众励合进取1号=债券策略/信用债,,
STC174,微观博易-驰风私募证券投资基金,北京微观博易私募基金管理有限公司,股票多头,指数增强,500指增,高,团队数据已有团队策略,股票多头 / 指数增强 / 500指增,股票多头 / 500指增,微观博易-驰风=股票多头/指数增强/500指增,,
STC177,微观博易-春枫二号私募证券投资基金,北京微观博易私募基金管理有限公司,多资产策略,,,高,团队数据已有团队策略,多资产策略,多资产策略 / 复合策略,微观博易-春枫二号=多资产策略,,
SNA563,微观博易-春枫私募证券投资基金,北京微观博易私募基金管理有限公司,股票对冲,股票T0,,高,团队数据已有团队策略,股票对冲 / 股票T0,股票对冲 / 股票市场中性,微观博易-春枫=股票对冲/股票T0,,
SNH521,微观博易-黎夏二号私募证券投资基金,北京微观博易私募基金管理有限公司,多资产策略,,,高,团队数据已有团队策略,多资产策略,多资产策略 / 复合策略,微观博易-黎夏二号=多资产策略,,
SEL687,微观博易-黎夏十五号私募证券投资基金,北京微观博易私募基金管理有限公司,多资产策略,,,高,团队数据已有团队策略,多资产策略,多资产策略 / 复合策略,微观博易-黎夏十五号=多资产策略,,
SAQW77,唯瞻承禄六号私募证券投资基金,杭州唯瞻私募基金管理合伙企业（有限合伙）,期货策略,量化期货,,高,团队数据已有团队策略,期货策略 / 量化期货,期货策略 / 量化期货,唯瞻承禄六号=期货策略/量化期货,,
SAAD97,唯瞻一号私募证券投资基金,杭州唯瞻私募基金管理合伙企业（有限合伙）,期货策略,主观期货,能化,高,团队数据已有团队策略,期货策略 / 主观期货 / 能化,期货策略 / 主观期货,唯瞻一号=期货策略/主观期货/能化,,
SAHC98,文谛量化中证1000指数增强私募证券投资基金,上海文谛资产管理有限公司,期货策略,量化期货,,高,团队数据已有团队策略；产品名另指向股票多头/指数增强,期货策略 / 量化期货,股票多头 / 1000指增,文谛量化中证1000指数增强=期货策略/量化期货,,产品名指向股票多头/指数增强，与已有团队策略不一致
SBKN89,文睿元宝私募证券投资基金,北京文睿私募基金管理有限公司,套利策略,,,高,同系列/份额已有团队策略,,,文睿元宝私募证券投资基金A类=套利策略,,
SAJX62,稳博鹏瑞套利2号私募证券投资基金,上海稳博投资管理有限公司,套利策略,期货套利,商品套利,高,同系列/份额已有团队策略；产品名含套利,,,稳博鹏瑞套利2号私募证券投资基金B类=套利策略/期货套利/商品套利,,
SAPV41,五矿期货宏观金手指三号集合资产管理计划,五矿期货有限公司,多资产策略,宏观策略,,高,团队数据已有团队策略；产品名另指向期货策略/,多资产策略 / 宏观策略,多资产策略 / 宏观策略,五矿期货宏观金手指三号=多资产策略/宏观策略,,
SAQV78,五矿期货宏观金手指五号集合资产管理计划,五矿期货有限公司,多资产策略,宏观策略,,高,团队数据已有团队策略；产品名另指向期货策略/,多资产策略 / 宏观策略,多资产策略 / 宏观策略,五矿期货宏观金手指五号=多资产策略/宏观策略,,
SAEH44,五矿期货宏观量化股指转债一号集合资产管理计划,五矿期货有限公司,股票多头,可转债多头,,高,团队数据已有团队策略；产品名另指向多资产策略/宏观策略,股票多头 / 可转债多头,股票多头 / 可转债多头,五矿期货宏观量化股指转债一号=股票多头/可转债多头,,产品名指向多资产策略/宏观策略，与已有团队策略不一致
SAAG38,五矿期货千里马一号CTA集合资产管理计划,五矿期货有限公司,期货策略,量化期货,,高,团队数据已有团队策略；产品名含CTA,期货策略 / 量化期货,期货策略 / 量化期货 / 混合均衡,五矿期货千里马一号CTA=期货策略/量化期货,,
STH408,务聚多策略3期私募证券投资基金,上海务聚投资管理合伙企业（有限合伙）,股票对冲,打板,,高,团队数据已有团队策略,股票对冲 / 打板,股票对冲 / 择时对冲 / 打板,务聚多策略3期=股票对冲/打板,,
SQU231,务聚倚天八期私募证券投资基金,上海务聚投资管理合伙企业（有限合伙）,股票对冲,打板,"量化,盘中板",高,团队数据已有团队策略,"股票对冲 / 打板 / 量化,盘中板",股票对冲 / 择时对冲 / 打板,"务聚倚天八期=股票对冲/打板/量化,盘中板",,
SBHS17,务扬赤壁1号私募证券投资基金,上海务扬私募基金管理合伙企业（有限合伙）,股票对冲,打板,量化,高,团队数据已有团队策略,股票对冲 / 打板 / 量化,,务扬赤壁1号=股票对冲/打板/量化；务扬赤壁1号私募证券投资基金A类=股票对冲/打板/量化,,
SZM645,物朴建瓴二号私募证券投资基金,上海物朴资产管理合伙企业（有限合伙）,期货策略,量化期货,高频,高,团队数据已有团队策略,期货策略 / 量化期货 / 高频,期货策略 / 量化期货 / 高频,物朴建瓴二号=期货策略/量化期货/高频,,
SAZN55,物朴青云一号私募证券投资基金,上海物朴资产管理合伙企业（有限合伙）,股票多头,,,高,团队数据已有团队策略,股票多头,股票多头 / 量化选股,物朴青云一号=股票多头,,
STT185,物朴CTA专项FOF私募证券投资基金,上海物朴资产管理合伙企业（有限合伙）,多资产策略,FOF,,高,团队数据已有团队策略；产品名另指向期货策略/,多资产策略 / FOF,组合策略 / FOF,物朴CTA专项FOF=多资产策略/FOF,,
SJC299,汐泰锐宸2号私募证券投资基金,上海汐泰投资管理有限公司,股票多头,主观多头,"其他,价值成长",高,团队数据已有团队策略,"股票多头 / 主观多头 / 其他,价值成长","股票多头 / 主观多头 / 价值型,成长型","汐泰锐宸2号=股票多头/主观多头/其他,价值成长",,
SEP929,希格斯单利宝1号私募证券投资基金,杭州希格斯投资管理有限公司,股票对冲,股票T0,"底仓T0,程序化",高,团队数据已有团队策略,"股票对冲 / 股票T0 / 底仓T0,程序化","股票对冲 / 股票T0 / 机器T0,底仓T0","希格斯单利宝1号=股票对冲/股票T0/底仓T0,程序化",,
SJA569,希格斯旅行者1号私募证券投资基金,杭州希格斯投资管理有限公司,股票多头,指数增强,500指增,高,团队数据已有团队策略,股票多头 / 指数增强 / 500指增,股票多头 / 500指增,希格斯旅行者1号=股票多头/指数增强/500指增,,
SSD078,希格斯旅行者中证1000指数增强1号私募证券投资基金,杭州希格斯投资管理有限公司,股票多头,指数增强,"1000指增,量价,高频",高,团队数据已有团队策略；产品名含1000指增,"股票多头 / 指数增强 / 1000指增,量价,高频","股票多头 / 1000指增 / 高频,量价","希格斯旅行者中证1000指数增强1号=股票多头/指数增强/1000指增,量价,高频",,
SLE315,希格斯水手2号私募证券投资基金,杭州希格斯投资管理有限公司,股票多头,指数增强,"量价,高频",高,团队数据已有团队策略,"股票多头 / 指数增强 / 量价,高频","股票多头 / 500指增 / 高频,量价","希格斯水手2号=股票多头/指数增强/量价,高频；希格斯水手3号=股票对冲/股票市场中性/500中性,量价,高频",,
SAPL25,锡和骐骥1号私募证券投资基金,锡和私募基金管理（上海）有限公司,股票对冲,打板,盘前板,高,团队数据已有团队策略,股票对冲 / 打板 / 盘前板,股票多头 / 主观多头,"锡和骐骥1号=股票对冲/打板/盘前板；锡和骐骥2号A类=股票对冲/打板/盘前板；锡和骐骥1号A类=股票对冲/打板/盘前板；锡和骐骥1号B类=股票对冲/打板/盘前板,主观",,
SBKM53,锡和鑫安商品套利1号私募证券投资基金,锡和私募基金管理（上海）有限公司,套利策略,期货套利,商品套利,高,团队数据已有团队策略；产品名含套利,套利策略 / 期货套利 / 商品套利,,,,
SSJ392,熙典基金百富1号私募证券投资基金,厦门熙典私募基金管理有限公司,期权策略,场内期权,商品波动率,高,团队数据已有团队策略,期权策略 / 场内期权 / 商品波动率,期权策略 / 场内期权,熙典基金百富1号=期权策略/场内期权/商品波动率,,
SB1267,熙典基金布赫拉迪1号私募证券投资基金,厦门熙典私募基金管理有限公司,股票对冲,股票T0,"ETF-T0,程序化",高,团队数据已有团队策略,"股票对冲 / 股票T0 / ETF-T0,程序化",股票对冲 / 股票市场中性,"熙典基金布赫拉迪1号=股票对冲/股票T0/ETF-T0,程序化；熙典基金布赫拉迪2号=套利策略；熙典基金布赫拉迪3号=股票对冲/股票市场中性",,
SAWV26,细水居30号私募证券投资基金,成都细水资产管理有限公司,期货策略,量化期货,,高,团队数据已有团队策略,期货策略 / 量化期货,期货策略 / 量化期货,细水居30号=期货策略/量化期货,,
SLM079,仙人掌盈沣飞扬一号私募证券投资基金,上海仙人掌私募基金管理合伙企业（有限合伙）,股票多头,主观多头,交易型,高,团队数据已有团队策略,股票多头 / 主观多头 / 交易型,股票多头 / 主观多头 / 交易型,仙人掌盈沣飞扬一号=股票多头/主观多头/交易型,,
SZP796,弦高东高9号私募证券投资基金,弦高（苏州）资产管理有限公司,套利策略,期货套利,高频套利,高,团队数据已有团队策略,套利策略 / 期货套利 / 高频套利,套利策略 / 期货套利 / 高频,弦高东高9号=套利策略/期货套利/高频套利,,
SXL726,香农金玉满堂量化选股二号私募证券投资基金,海南三亚香农私募基金管理有限公司,股票多头,另类多头,择时择股,高,团队数据已有团队策略,股票多头 / 另类多头 / 择时择股,股票多头 / 另类多头 / 择时择股,香农金玉满堂量化选股二号=股票多头/另类多头/择时择股；香农金玉满堂量化选股二号A类=股票多头/另类多头/择时择股,,
SZE555,香农元亨利贞一号私募证券投资基金,海南三亚香农私募基金管理有限公司,股票对冲,股票市场中性,"量价,高频",高,团队数据已有团队策略,"股票对冲 / 股票市场中性 / 量价,高频",股票对冲 / 股票市场中性,"香农元亨利贞一号=股票对冲/股票市场中性/量价,高频；香农元亨利贞一号C类=股票对冲/股票市场中性；香农元亨利贞一号A类=股票对冲/股票市场中性；香农元亨利贞一号B类=股票对冲",,
SVB166,翔云50二号私募证券投资基金,广州翔云私募基金管理有限公司,股票多头,另类多头,,高,团队数据已有团队策略,股票多头 / 另类多头,股票多头 / 另类多头,翔云50二号=股票多头/另类多头；翔云50二号A类=股票对冲；翔云50二号B类=股票多头/另类多头,,
SY6829,翔云50私募证券投资基金,广州翔云私募基金管理有限公司,股票多头,另类多头,"择时择股,主观",高,团队数据已有团队策略,"股票多头 / 另类多头 / 择时择股,主观","股票对冲 / 择时对冲 / 仓位择时,主观","翔云50=股票多头/另类多头/择时择股,主观；翔云50B类=股票多头/另类多头/择时择股,主观；翔云50A类=股票对冲/择时对冲",,
SCN223,象限1号私募投资基金,上海象限资产管理有限公司,期货策略,量化期货,"大厂,时序",高,团队数据已有团队策略,"期货策略 / 量化期货 / 大厂,时序",期货策略 / 量化期货 / 时序,"象限1号=期货策略/量化期货/大厂,时序",,
SBKP40,橡红瀚行1号私募证券投资基金,上海橡红私募基金管理有限公司,股票多头,,,高,团队数据已有团队策略,股票多头,股票多头,橡红瀚行1号=股票多头,,
SBJX16,橡红静水1号私募证券投资基金,上海橡红私募基金管理有限公司,股票多头,,,高,团队数据已有团队策略,股票多头,股票多头,橡红静水1号=股票多头,,
SBFU80,橡红启航1号私募证券投资基金,上海橡红私募基金管理有限公司,股票多头,,,高,团队数据已有团队策略,股票多头,股票多头,橡红启航1号=股票多头,,
SBKE24,橡红筱微1号私募证券投资基金,上海橡红私募基金管理有限公司,股票多头,,,高,团队数据已有团队策略,股票多头,股票多头,橡红筱微1号=股票多头,,
SVU423,小步一路向北科技成长私募证券投资基金,小步私募基金管理（海南）有限公司,股票多头,主观多头,,高,团队数据已有团队策略,股票多头 / 主观多头,股票多头 / 主观多头,小步一路向北科技成长=股票多头/主观多头；小步一路向北科技成长B类=股票多头/主观多头,,
SLA613,小黑妞沪深300指数增强1号私募证券投资基金,上海小黑妞资产管理有限公司,股票多头,另类多头,衍生品,高,团队数据已有团队策略；产品名含300指增,股票多头 / 另类多头 / 衍生品,股票多头 / 300指增,小黑妞沪深300指数增强1号=股票多头/另类多头/衍生品,,
SL9129,孝庸鲲鹏一号1期私募投资基金,上海孝庸私募基金管理有限公司,期货策略,量化期货,中高频,高,团队数据已有团队策略,期货策略 / 量化期货 / 中高频,期货策略 / 量化期货 / 中高频,孝庸鲲鹏一号1期=期货策略/量化期货/中高频,,
SZA590,新伯霖健康成长1号聚配专享私募证券投资基金,上海新伯霖私募基金管理有限公司,股票多头,主观多头,,高,团队数据已有团队策略,股票多头 / 主观多头,股票多头 / 主观多头,新伯霖健康成长1号聚配专享=股票多头/主观多头,,
STZ565,新伯霖健康成长1号私募证券投资基金B期,上海新伯霖私募基金管理有限公司,股票多头,主观多头,"交易型,行业主题型",高,团队数据已有团队策略,"股票多头 / 主观多头 / 交易型,行业主题型",股票多头 / 主观多头,"新伯霖健康成长1号B期=股票多头/主观多头/交易型,行业主题型",,
SB8201,新策略水豚1号私募证券投资基金,前海新策略投资管理（深圳）有限公司,股票多头,主观多头,,高,团队数据已有团队策略,股票多头 / 主观多头,股票多头 / 主观多头,新策略水豚1号=股票多头/主观多头,,
SLX793,新湖期货博胜1号集合资产管理计划,新湖期货股份有限公司,期货策略,主观期货,,高,团队数据已有团队策略；产品名含期货,期货策略 / 主观期货,期货策略 / 主观期货,新湖期货博胜1号=期货策略/主观期货；新湖期货博胜7号=期货策略/主观期货,,
SB5876,新湖期货云启周周开1号集合资产管理计划,新湖期货股份有限公司,债券策略,利率债,,高,团队数据已有团队策略；产品名另指向期货策略/,债券策略 / 利率债,债券策略 / 利率债,新湖期货云启周周开1号=债券策略/利率债,,
SSG550,新湖长盈聚星FOF1期集合资产管理计划,新湖期货股份有限公司,多资产策略,FOF,,高,团队数据已有团队策略；产品名含FOF,多资产策略 / FOF,组合策略 / FOF,新湖长盈聚星FOF1期=多资产策略/FOF,,
SLP773,新凰量化七号私募证券投资基金,上海顾锝私募基金管理有限公司,股票对冲,打板,"主观,盘中板",高,团队数据已有团队策略,"股票对冲 / 打板 / 主观,盘中板",股票对冲 / 择时对冲 / 打板,"新凰量化七号=股票对冲/打板/主观,盘中板",,
SAZD95,新时代共赢安胜达1号私募证券投资基金,海南时代共赢私募基金管理合伙企业（有限合伙）,股票多头,另类多头,择时择股,高,团队数据已有团队策略,股票多头 / 另类多头 / 择时择股,股票多头,新时代共赢安胜达1号=股票多头/另类多头/择时择股,,
SGH612,歆享海盈13号私募证券投资基金,上海歆享资产管理有限公司,期货策略,量化期货,中高频,高,团队数据已有团队策略,期货策略 / 量化期货 / 中高频,期货策略 / 量化期货 / 中高频,歆享海盈13号=期货策略/量化期货/中高频；歆享海盈9号=期货策略/量化期货/中高频,,
SR5496,歆享资产稳健一号私募投资基金,上海歆享资产管理有限公司,套利策略,,,高,团队数据已有团队策略,套利策略,套利策略 / 期货套利,歆享资产稳健一号=套利策略,,
SAYC37,鑫鼎恒远1号私募证券投资基金,深圳市鑫鼎私募证券基金管理有限公司,套利策略,期权套利,,高,团队数据已有团队策略,套利策略 / 期权套利,套利策略 / 期权套利,鑫鼎恒远1号=套利策略/期权套利,,
SSY972,鑫鼎盘口一号私募证券投资基金,深圳市鑫鼎私募证券基金管理有限公司,期权策略,场内期权,商品波动率,高,团队数据已有团队策略,期权策略 / 场内期权 / 商品波动率,期权策略 / 场内期权 / 中性波动率交易,鑫鼎盘口一号=期权策略/场内期权/商品波动率,,
SSA947,鑫鼎长风套利1号私募证券投资基金,深圳市鑫鼎私募证券基金管理有限公司,期权策略,场内期权,商品波动率,高,团队数据已有团队策略；产品名另指向套利策略/,期权策略 / 场内期权 / 商品波动率,期权策略 / 场内期权 / 中性波动率交易,鑫鼎长风套利1号=期权策略/场内期权/商品波动率；鑫鼎长风套利1号B类=期权策略/场内期权/金融卖波；鑫鼎长风套利2号=期权策略/场内期权/商品波动率,,
SXZ339,鑫鼎长风套利2号私募证券投资基金,深圳市鑫鼎私募证券基金管理有限公司,期权策略,场内期权,商品波动率,高,团队数据已有团队策略；产品名另指向套利策略/,期权策略 / 场内期权 / 商品波动率,期权策略 / 场内期权 / 定价卖波,鑫鼎长风套利2号=期权策略/场内期权/商品波动率；鑫鼎长风套利1号B类=期权策略/场内期权/金融卖波；鑫鼎长风套利1号=期权策略/场内期权/商品波动率,,
SZQ064,信弘沪深300指数增强1号私募证券投资基金,北京信弘天禾资产管理中心（有限合伙）,股票多头,指数增强,300指增,高,团队数据已有团队策略；产品名含300指增,股票多头 / 指数增强 / 300指增,股票多头 / 300指增,信弘沪深300指数增强1号=股票多头/指数增强/300指增,,
SXA680,信弘兴泰中证1000一号量化私募证券投资基金,北京信弘天禾资产管理中心（有限合伙）,股票多头,指数增强,1000指增,高,团队数据已有团队策略,股票多头 / 指数增强 / 1000指增,股票多头 / 1000指增,信弘兴泰中证1000一号量化=股票多头/指数增强/1000指增,,
SVD712,信弘征程18号1期私募证券投资基金,北京信弘天禾资产管理中心（有限合伙）,股票多头,指数增强,空气指增,高,团队数据已有团队策略,股票多头 / 指数增强 / 空气指增,股票多头 / 量化选股,信弘征程18号1期=股票多头/指数增强/空气指增,,
SNU219,信淮金锝300指数增强1号私募证券投资基金,上海金锝私募基金管理有限公司,股票多头,指数增强,300指增,高,团队数据已有团队策略；产品名含指增/指数增强,股票多头 / 指数增强 / 300指增,股票多头 / 300指增,信淮金锝300指数增强1号=股票多头/指数增强/300指增,,
SGT135,信伟达辰星量化1号私募证券投资基金,北京信伟达资产管理有限公司,期货策略,量化期货,中高频,高,团队数据已有团队策略,期货策略 / 量化期货 / 中高频,期货策略 / 量化期货 / 中高频,信伟达辰星量化1号=期货策略/量化期货/中高频,,
SBQW60,星汇开阳旗舰一号私募证券投资基金,江苏星汇私募基金管理有限公司,股票多头,,,高,团队数据已有团队策略,股票多头,股票多头,星汇开阳旗舰一号=股票多头,,
SBQB53,星汇天权旗舰一号私募证券投资基金,江苏星汇私募基金管理有限公司,期权策略,场内期权,期权套利,高,团队数据已有团队策略,期权策略 / 场内期权 / 期权套利,期权策略 / 场内期权 / 中性波动率交易,星汇天权旗舰一号=期权策略/场内期权/期权套利,,
SAUK54,星坤星辰2号私募证券投资基金,上海星坤私募基金管理有限公司,股票多头,,,高,团队数据已有团队策略,股票多头,股票多头,星坤星辰2号=股票多头；星坤星辰5号=期权策略/场内期权/期权套利；星坤星辰1号=期权策略/场内期权/期权套利,,
SAXU69,星坤星辰5号私募证券投资基金,上海星坤私募基金管理有限公司,期权策略,场内期权,期权套利,高,团队数据已有团队策略,期权策略 / 场内期权 / 期权套利,期权策略 / 场内期权,星坤星辰5号=期权策略/场内期权/期权套利；星坤星辰1号=期权策略/场内期权/期权套利；星坤星辰2号=股票多头,,
SBAP55,星坤星途1号私募证券投资基金,上海星坤私募基金管理有限公司,期权策略,场内期权,期权套利,高,团队数据已有团队策略,期权策略 / 场内期权 / 期权套利,股票多头,星坤星途1号=期权策略/场内期权/期权套利,,
SNW169,星阔江月2号私募证券投资基金,星阔（青岛）投资管理有限公司,股票对冲,股票市场中性,"量价,高频",高,团队数据已有团队策略,"股票对冲 / 股票市场中性 / 量价,高频","股票对冲 / 股票市场中性 / 高频,量价","星阔江月2号=股票对冲/股票市场中性/量价,高频；星阔江月2号B类=股票对冲/打板/盘中板,排板",,
SQY943,星阔山金江月1号私募证券投资基金,星阔（青岛）投资管理有限公司,股票对冲,打板,"盘中板,排板",高,团队数据已有团队策略,"股票对冲 / 打板 / 盘中板,排板",股票对冲 / 股票市场中性,"星阔山金江月1号=股票对冲/打板/盘中板,排板",,
SNU704,星阔云起1号中证1000指数增强私募证券投资基金,星阔（青岛）投资管理有限公司,股票对冲,股票市场中性,"500中性,量价,中频",高,团队数据已有团队策略；产品名另指向股票多头/指数增强,"股票对冲 / 股票市场中性 / 500中性,量价,中频","股票对冲 / 股票市场中性 / 中频,量价,500中性","星阔云起1号中证1000指数增强=股票对冲/股票市场中性/500中性,量价,中频",,产品名指向股票多头/指数增强，与已有团队策略不一致
SAHC12,星云至恒安星私募证券投资基金,星云至恒（厦门）私募基金管理有限公司,套利策略,,,高,团队数据已有团队策略,套利策略,套利策略 / 基金套利 / ETF套利,星云至恒安星=套利策略,,
SADY19,兴业熙典贵金属私募证券投资基金,厦门熙典私募基金管理有限公司,套利策略,期货套利,跨市场套利,高,团队数据已有团队策略,套利策略 / 期货套利 / 跨市场套利,套利策略 / 期货套利 / 跨市场套利,兴业熙典贵金属=套利策略/期货套利/跨市场套利,,
STY181,旭辉创值系列私募证券投资基金,深圳前海旭辉资产管理有限公司,股票多头,主观多头,,高,团队数据已有团队策略,股票多头 / 主观多头,股票多头 / 主观多头,旭辉创值系列=股票多头/主观多头,,
SXR146,旭诺行稳致远1号私募证券投资基金,上海旭诺资产管理有限公司,期货策略,量化期货,股指,高,团队数据已有团队策略,期货策略 / 量化期货 / 股指,期货策略 / 量化期货,旭诺行稳致远1号=期货策略/量化期货/股指；旭诺行稳致远1号A类=期货策略/量化期货/股指,,
SZD838,煦荣二号私募证券投资基金,上海煦荣投资管理有限公司,套利策略,期权套利,,高,团队数据已有团队策略,套利策略 / 期权套利,套利策略 / 期权套利,煦荣二号=套利策略/期权套利,,
SR4469,宣夜投资启明一号私募证券投资基金,上海宣夜投资管理有限公司,期货策略,量化期货,,高,团队数据已有团队策略,期货策略 / 量化期货,期货策略 / 量化期货 / 时序,宣夜投资启明一号=期货策略/量化期货,,
SY3463,玄元元丰18号私募证券投资基金,玄元私募基金投资管理（广东）有限公司,股票多头,,,高,团队数据已有团队策略,股票多头,股票多头 / 量化选股,玄元元丰18号=股票多头；玄元元丰21号A类=股票多头/主观多头；玄元元丰2号=股票多头/主观多头；玄元元丰26号=股票多头；玄元元丰21号=股票多头/主观多头,,
SQE472,玄元元丰21号私募证券投资基金,玄元私募基金投资管理（广东）有限公司,股票多头,主观多头,,高,团队数据已有团队策略,股票多头 / 主观多头,股票多头 / 主观多头,玄元元丰21号=股票多头/主观多头；玄元元丰18号=股票多头；玄元元丰21号A类=股票多头/主观多头；玄元元丰2号=股票多头/主观多头；玄元元丰26号=股票多头,,
STH225,玄元元丰26号私募证券投资基金,玄元私募基金投资管理（广东）有限公司,股票多头,,,高,团队数据已有团队策略,股票多头,股票多头 / 量化选股,玄元元丰26号=股票多头；玄元元丰18号=股票多头；玄元元丰21号A类=股票多头/主观多头；玄元元丰2号=股票多头/主观多头；玄元元丰21号=股票多头/主观多头,,
SALB47,玄元元昇2号私募证券投资基金,玄元私募基金投资管理（广东）有限公司,股票对冲,股票市场中性,,高,团队数据已有团队策略,股票对冲 / 股票市场中性,股票对冲 / 股票市场中性,玄元元昇2号=股票对冲/股票市场中性,,
SSH103,玄元元增10号私募证券投资基金,玄元私募基金投资管理（广东）有限公司,股票多头,指数增强,1000指增,高,团队数据已有团队策略,股票多头 / 指数增强 / 1000指增,股票多头 / 1000指增,"玄元元增10号=股票多头/指数增强/1000指增；玄元元增15号=股票多头/指数增强/1000指增；玄元元增1号=股票多头/指数增强/500指增,基本面；玄元元增2号=股票多头/指数增强/500指增；玄元元增7号=股票多头/指数增强/300指增",,
STS025,玄元元增15号私募证券投资基金,玄元私募基金投资管理（广东）有限公司,股票多头,指数增强,1000指增,高,团队数据已有团队策略,股票多头 / 指数增强 / 1000指增,股票多头 / 1000指增,"玄元元增15号=股票多头/指数增强/1000指增；玄元元增10号=股票多头/指数增强/1000指增；玄元元增1号=股票多头/指数增强/500指增,基本面；玄元元增2号=股票多头/指数增强/500指增；玄元元增7号=股票多头/指数增强/300指增",,
SGB162,玄元元增1号私募证券投资基金,玄元私募基金投资管理（广东）有限公司,股票多头,指数增强,"500指增,基本面",高,团队数据已有团队策略,"股票多头 / 指数增强 / 500指增,基本面",股票多头 / 500指增 / 基本面,"玄元元增1号=股票多头/指数增强/500指增,基本面；玄元元增15号=股票多头/指数增强/1000指增；玄元元增10号=股票多头/指数增强/1000指增；玄元元增2号=股票多头/指数增强/500指增；玄元元增7号=股票多头/指数增强/300指增",,
SQY155,玄元元增2号私募证券投资基金,玄元私募基金投资管理（广东）有限公司,股票多头,指数增强,500指增,高,团队数据已有团队策略,股票多头 / 指数增强 / 500指增,股票多头 / 500指增,"玄元元增2号=股票多头/指数增强/500指增；玄元元增15号=股票多头/指数增强/1000指增；玄元元增10号=股票多头/指数增强/1000指增；玄元元增1号=股票多头/指数增强/500指增,基本面；玄元元增7号=股票多头/指数增强/300指增",,
SSH955,玄元元增7号私募证券投资基金,玄元私募基金投资管理（广东）有限公司,股票多头,指数增强,300指增,高,团队数据已有团队策略,股票多头 / 指数增强 / 300指增,股票多头 / 300指增,"玄元元增7号=股票多头/指数增强/300指增；玄元元增15号=股票多头/指数增强/1000指增；玄元元增10号=股票多头/指数增强/1000指增；玄元元增1号=股票多头/指数增强/500指增,基本面；玄元元增2号=股票多头/指数增强/500指增",,
STT228,玄元元中6号私募证券投资基金,玄元私募基金投资管理（广东）有限公司,股票对冲,股票市场中性,,高,团队数据已有团队策略,股票对冲 / 股票市场中性,股票对冲 / 股票市场中性,玄元元中6号=股票对冲/股票市场中性；玄元元中9号=股票对冲/股票市场中性,,
SZL028,玄元元中9号私募证券投资基金,玄元私募基金投资管理（广东）有限公司,股票对冲,股票市场中性,,高,团队数据已有团队策略,股票对冲 / 股票市场中性,股票对冲 / 股票市场中性,玄元元中9号=股票对冲/股票市场中性；玄元元中6号=股票对冲/股票市场中性,,
SARF15,玄元中证A500指数增强1号私募证券投资基金,玄元私募基金投资管理（广东）有限公司,股票多头,指数增强,A500指增,高,团队数据已有团队策略；产品名含A500指增,股票多头 / 指数增强 / A500指增,股票多头 / A500指增,玄元中证A500指数增强1号=股票多头/指数增强/A500指增,,
SQW675,衍复1000指增三号私募证券投资基金,上海衍复投资管理有限公司,股票多头,指数增强,"1000指增,低频",高,团队数据已有团队策略；产品名含1000指增,"股票多头 / 指数增强 / 1000指增,低频","股票多头 / 1000指增 / 低频,量价","衍复1000指增三号=股票多头/指数增强/1000指增,低频",,
SNP818,衍复300指增一号私募证券投资基金,上海衍复投资管理有限公司,股票多头,指数增强,"300指增,量价,中频",高,团队数据已有团队策略；产品名含300指增,"股票多头 / 指数增强 / 300指增,量价,中频","股票多头 / 300指增 / 中频,量价","衍复300指增一号=股票多头/指数增强/300指增,量价,中频",,
SJM688,衍复鲲鹏三号私募证券投资基金,上海衍复投资管理有限公司,股票多头,指数增强,"1000指增,量价,低频",高,团队数据已有团队策略,"股票多头 / 指数增强 / 1000指增,量价,低频","股票多头 / 1000指增 / 低频,量价","衍复鲲鹏三号=股票多头/指数增强/1000指增,量价,低频",,
SQD009,衍复天禄灵活对冲三号私募证券投资基金,上海衍复投资管理有限公司,股票对冲,股票市场中性,500中性,高,团队数据已有团队策略；产品名含对冲,股票对冲 / 股票市场中性 / 500中性,"股票对冲 / 股票市场中性 / 中频,500中性",衍复天禄灵活对冲三号=股票对冲/股票市场中性/500中性,,
SACH48,衍复小市值指数增强二号私募证券投资基金,上海衍复投资管理有限公司,股票多头,指数增强,,高,团队数据已有团队策略；产品名含指增/指数增强,股票多头 / 指数增强,股票多头 / 风格指增,衍复小市值指数增强二号=股票多头/指数增强；衍复小市值指数增强二号B类=股票多头/指数增强；衍复小市值指数增强二号A类=股票多头/指数增强,,
SLE911,衍复新动力增强一号私募证券投资基金,上海衍复投资管理有限公司,股票多头,指数增强,"500指增,量价,低频",高,团队数据已有团队策略,"股票多头 / 指数增强 / 500指增,量价,低频","股票多头 / 500指增 / 低频,量价","衍复新动力增强一号=股票多头/指数增强/500指增,量价,低频",,
SNH811,衍复兴享新动力指增一号私募证券投资基金,上海衍复投资管理有限公司,股票多头,指数增强,"500指增,量价,低频",高,团队数据已有团队策略；产品名含指增/指数增强,"股票多头 / 指数增强 / 500指增,量价,低频","股票多头 / 500指增 / 低频,量价","衍复兴享新动力指增一号=股票多头/指数增强/500指增,量价,低频",,
SLD565,衍复兆晟中性A号私募证券投资基金,上海衍复投资管理有限公司,股票对冲,股票市场中性,,高,团队数据已有团队策略,股票对冲 / 股票市场中性,股票对冲 / 股票市场中性,衍复兆晟中性A号=股票对冲/股票市场中性,,
SJH866,衍复指增三号私募证券投资基金,上海衍复投资管理有限公司,股票多头,指数增强,"500指增,量价,低频",高,团队数据已有团队策略；产品名含指增/指数增强,"股票多头 / 指数增强 / 500指增,量价,低频","股票多头 / 500指增 / 低频,量价","衍复指增三号=股票多头/指数增强/500指增,量价,低频",,
SJH864,衍复中性三号私募证券投资基金,上海衍复投资管理有限公司,股票对冲,股票市场中性,"500中性,中频",高,团队数据已有团队策略,"股票对冲 / 股票市场中性 / 500中性,中频","股票对冲 / 股票市场中性 / 中频,500中性","衍复中性三号=股票对冲/股票市场中性/500中性,中频",,
SLH845,衍复中性四号私募证券投资基金,上海衍复投资管理有限公司,股票对冲,股票市场中性,中频,高,团队数据已有团队策略,股票对冲 / 股票市场中性 / 中频,股票对冲 / 股票市场中性,衍复中性四号=股票对冲/股票市场中性/中频,,
SASM47,衍复中证A500指数增强一号私募证券投资基金,上海衍复投资管理有限公司,股票多头,指数增强,A500指增,高,团队数据已有团队策略；产品名含A500指增,股票多头 / 指数增强 / A500指增,股票多头 / A500指增,衍复中证A500指数增强一号=股票多头/指数增强/A500指增,,
SBDS49,衍合微盘股指数增强1号私募证券投资基金,上海衍合私募基金管理有限公司,股票对冲,,,高,团队数据已有团队策略；产品名另指向股票多头/指数增强,股票对冲,股票对冲,衍合微盘股指数增强1号=股票对冲,,产品名指向股票多头/指数增强，与已有团队策略不一致
SLY644,衍盛铭量中证500增强1号私募证券投资基金,衍盛私募证券投资基金管理（深圳）有限公司,股票多头,指数增强,500指增,高,团队数据已有团队策略；产品名含500指增,股票多头 / 指数增强 / 500指增,股票多头 / 500指增,衍盛铭量中证500增强1号=股票多头/指数增强/500指增,,
SEM863,阳泽昭阳专享2号私募证券投资基金,杭州阳泽私募基金管理有限公司,期货策略,量化期货,"混合,基本面",高,团队数据已有团队策略,"期货策略 / 量化期货 / 混合,基本面","期货策略 / 量化期货 / 混合均衡,基本面","阳泽昭阳专享2号=期货策略/量化期货/混合,基本面",,
SJJ459,亿峰聚配专享一号私募证券投资基金,亿峰（珠海横琴）私募基金有限公司,套利策略,期货套利,,高,团队数据已有团队策略,套利策略 / 期货套利,套利策略 / 期货套利,亿峰聚配专享一号=套利策略/期货套利,,
SCY775,亿峰商品套利一号私募证券投资基金,亿峰（珠海横琴）私募基金有限公司,期货策略,主观期货,农产,高,团队数据已有团队策略；产品名另指向套利策略/,期货策略 / 主观期货 / 农产,期货策略 / 主观期货 / 农产,亿峰商品套利一号=期货策略/主观期货/农产,,
SBEP28,亿嘉柏和中证1000指增一号私募证券投资基金,杭州亿嘉柏和投资管理有限公司,股票多头,指数增强,1000指增,高,团队数据已有团队策略；产品名含1000指增,股票多头 / 指数增强 / 1000指增,股票多头 / 1000指增,亿嘉柏和中证1000指增一号=股票多头/指数增强/1000指增,,
SAQY63,亿莱祥长丰进取1号私募证券投资基金,上海亿莱祥私募基金管理有限公司,套利策略,期货套利,"跨市场套利,商品套利",高,团队数据已有团队策略,"套利策略 / 期货套利 / 跨市场套利,商品套利",套利策略 / 期货套利,"亿莱祥长丰进取1号=套利策略/期货套利/跨市场套利,商品套利",,
SB6957,亿莱祥长丰稳健1号私募证券投资基金,上海亿莱祥私募基金管理有限公司,套利策略,期货套利,"跨市场套利,商品套利",高,团队数据已有团队策略,"套利策略 / 期货套利 / 跨市场套利,商品套利",套利策略 / 期货套利 / 跨市场套利,"亿莱祥长丰稳健1号=套利策略/期货套利/跨市场套利,商品套利",,
SAYP48,亦赋量选1号私募证券投资基金,亦赋私募基金管理（海南）有限公司,股票多头,指数增强,"空气指增,高频",高,团队数据已有团队策略,"股票多头 / 指数增强 / 空气指增,高频",股票多头 / 量化选股 / 中频,"亦赋量选1号=股票多头/指数增强/空气指增,高频；亦赋量选2号=股票多头/指数增强/空气指增,量价,高频；亦赋量选1号B类=股票多头/指数增强/空气指增,高频",,
SBDX49,亦赋量选2号私募证券投资基金,亦赋私募基金管理（海南）有限公司,股票多头,指数增强,"空气指增,量价,高频",高,团队数据已有团队策略,"股票多头 / 指数增强 / 空气指增,量价,高频",股票多头 / 量化选股 / 中频,"亦赋量选2号=股票多头/指数增强/空气指增,量价,高频；亦赋量选1号=股票多头/指数增强/空气指增,高频；亦赋量选1号B类=股票多头/指数增强/空气指增,高频",,
SATJ31,亦赋山海9号多策略私募证券投资基金,亦赋私募基金管理（海南）有限公司,股票对冲,股票市场中性,"量价,高频",高,团队数据已有团队策略,"股票对冲 / 股票市场中性 / 量价,高频","股票对冲 / 股票市场中性 / 高频,量价,1000中性","亦赋山海9号多策略=股票对冲/股票市场中性/量价,高频",,
SVR535,亦赋银河2号中证500对冲私募证券投资基金,亦赋私募基金管理（海南）有限公司,股票对冲,股票市场中性,"量价,高频",高,团队数据已有团队策略；产品名含对冲,"股票对冲 / 股票市场中性 / 量价,高频","股票多头 / 500指增 / 高频,量价","亦赋银河2号中证500对冲=股票对冲/股票市场中性/量价,高频",,
SAYZ53,亦赋尤里卡2号多策略私募证券投资基金,亦赋私募基金管理（海南）有限公司,股票多头,指数增强,"1000指增,量价,高频",高,团队数据已有团队策略,"股票多头 / 指数增强 / 1000指增,量价,高频","股票多头 / 1000指增 / 高频,量价","亦赋尤里卡2号多策略=股票多头/指数增强/1000指增,量价,高频",,
SXZ810,易格玉铎成长优选三号私募证券投资基金,海南易格私募基金管理有限公司,股票对冲,股票多空,,高,团队数据已有团队策略,股票对冲 / 股票多空,股票对冲 / 股票多空,易格玉铎成长优选三号=股票对冲/股票多空,,
SZX058,奕睿CTA四期A私募证券投资基金,奕睿私募基金管理（上海）有限公司,期货策略,量化期货,,高,团队数据已有团队策略；产品名含CTA,期货策略 / 量化期货,期货策略 / 量化期货 / 混合均衡,奕睿CTA四期A=期货策略/量化期货,,
SGS660,弈倍景杉量化对冲私募证券投资基金,上海弈倍私募基金管理有限公司,股票对冲,股票市场中性,,高,团队数据已有团队策略；产品名含对冲,股票对冲 / 股票市场中性,股票对冲 / 股票市场中性 / 中频,弈倍景杉量化对冲=股票对冲/股票市场中性,,
SBRQ15,弈倍自由现金流精选1号私募证券投资基金,上海弈倍私募基金管理有限公司,股票多头,指数增强,,高,团队数据已有团队策略,股票多头 / 指数增强,股票多头 / 风格指增,弈倍自由现金流精选1号=股票多头/指数增强,,
SATQ53,谊恒滴海私享1号私募证券投资基金,上海滴海私募基金管理中心（有限合伙）,套利策略,,,高,团队数据已有团队策略,套利策略,套利策略 / 基金套利 / ETF套利,谊恒滴海私享1号=套利策略；谊恒滴海私享1号B类=套利策略,,
SAJR59,谊恒滴海稳泰1号私募证券投资基金,上海滴海私募基金管理中心（有限合伙）,套利策略,,,高,团队数据已有团队策略,套利策略,套利策略 / 基金套利 / ETF套利,谊恒滴海稳泰1号=套利策略；谊恒滴海稳泰2号=套利策略,,
SGX346,因诺聚配中证500指数增强私募证券投资基金,因诺（上海）资产管理有限公司,股票多头,指数增强,500指增,高,团队数据已有团队策略；产品名含500指增,股票多头 / 指数增强 / 500指增,股票多头 / 500指增,因诺聚配中证500指数增强=股票多头/指数增强/500指增,,
SANV46,因诺期权21号私募证券投资基金,因诺（上海）资产管理有限公司,期权策略,场内期权,期权套利,高,团队数据已有团队策略；产品名含期权,期权策略 / 场内期权 / 期权套利,期权策略 / 场内期权,因诺期权21号=期权策略/场内期权/期权套利；因诺期权27号=期权策略/场内期权/金融卖波；因诺期权2号=期权策略/场内期权/期权套利；因诺期权13号=期权策略/场内期权；因诺期权3号=期权策略/场内期权；因诺期权1号=期权策略/场内期权,,
S34941,因诺期权2号私募证券投资基金,因诺（上海）资产管理有限公司,期权策略,场内期权,期权套利,高,团队数据已有团队策略；产品名含期权,期权策略 / 场内期权 / 期权套利,期权策略 / 场内期权 / 期权多策略,因诺期权2号=期权策略/场内期权/期权套利；因诺期权27号=期权策略/场内期权/金融卖波；因诺期权21号=期权策略/场内期权/期权套利；因诺期权13号=期权策略/场内期权；因诺期权3号=期权策略/场内期权；因诺期权1号=期权策略/场内期权,,
S25540,因诺启航1号私募证券投资基金,因诺（上海）资产管理有限公司,股票对冲,,,高,团队数据已有团队策略,股票对冲,股票对冲 / 择时对冲,"因诺启航1号=股票对冲；因诺启航2号=股票对冲/股票市场中性/高频,量价",,
SS8359,因诺天丰1号私募证券投资基金,因诺（上海）资产管理有限公司,股票多头,指数增强,500指增,高,团队数据已有团队策略,股票多头 / 指数增强 / 500指增,股票多头 / 500指增,因诺天丰1号=股票多头/指数增强/500指增；因诺天丰89号=股票多头/指数增强/500指增,,
SJW583,因诺天机48号私募证券投资基金,因诺（上海）资产管理有限公司,股票对冲,股票市场中性,,高,团队数据已有团队策略,股票对冲 / 股票市场中性,股票对冲 / 股票市场中性,因诺天机48号=股票对冲/股票市场中性；因诺天机18号=多资产策略,,
SAXV58,因诺天问43号私募证券投资基金,因诺（上海）资产管理有限公司,期货策略,,,高,团队数据已有团队策略,期货策略,期货策略,因诺天问43号=期货策略；因诺天问1号A类=多资产策略/股票期货复合；因诺天问1号=多资产策略/股票期货复合,,
SAGN39,因诺祥瑞天问29号私募证券投资基金,因诺（上海）资产管理有限公司,股票对冲,,,高,团队数据已有团队策略,股票对冲,股票对冲,因诺祥瑞天问29号=股票对冲,,
SLK510,因诺择时选股1号私募证券投资基金,因诺（上海）资产管理有限公司,股票多头,另类多头,择时择股,高,团队数据已有团队策略,股票多头 / 另类多头 / 择时择股,股票多头 / 另类多头 / 择时择股,因诺择时选股1号=股票多头/另类多头/择时择股,,
SGY044,因诺中证1000指数增强1号私募证券投资基金,因诺（上海）资产管理有限公司,股票多头,指数增强,"1000指增,中频",高,团队数据已有团队策略；产品名含1000指增,"股票多头 / 指数增强 / 1000指增,中频",股票多头 / 1000指增,"因诺中证1000指数增强1号=股票多头/指数增强/1000指增,中频",,
SBDX74,因诺中证500指数增强18号私募证券投资基金,因诺（上海）资产管理有限公司,股票多头,指数增强,500指增,高,团队数据已有团队策略；产品名含500指增,股票多头 / 指数增强 / 500指增,股票多头 / 500指增,因诺中证500指数增强18号=股票多头/指数增强/500指增；因诺中证500指数增强1号=股票多头/指数增强/500指增,,
SXJ080,因诺CTA2号私募证券投资基金,因诺（上海）资产管理有限公司,期货策略,量化期货,大厂,高,团队数据已有团队策略；产品名含CTA,期货策略 / 量化期货 / 大厂,期货策略 / 量化期货 / 时序,因诺CTA2号=期货策略/量化期货/大厂；因诺CTA1号=期货策略/量化期货/中高频,,
SJB932,银河期货权银河旗舰9号集合资产管理计划,银河期货有限公司,期权策略,场内期权,,高,团队数据已有团队策略；产品名另指向期货策略/,期权策略 / 场内期权,期权策略 / 场内期权,银河期货权银河旗舰9号=期权策略/场内期权；银河期货权银河旗舰7号=股票对冲/股票多空,,
SXY770,银河期货星耀1号集合资产管理计划,银河期货有限公司,期权策略,场内期权,,高,团队数据已有团队策略；产品名另指向期货策略/,期权策略 / 场内期权,"期权策略 / 场内期权 / 金融期权,期权多策略",银河期货星耀1号=期权策略/场内期权；银河期货星耀2号=期权策略/场内期权/期权套利,,
SGW982,银瓴运通对冲套利进取1号证券投资私募基金,广西银瓴资产管理有限公司,期货策略,主观期货,多板块,高,团队数据已有团队策略；产品名另指向股票对冲/,期货策略 / 主观期货 / 多板块,套利策略 / 期货套利,银瓴运通对冲套利进取1号=期货策略/主观期货/多板块,,
SXS440,银杏善利6号私募证券投资基金,上海银杏私募基金管理有限公司,套利策略,期货套利,"跨期套利,商品套利",高,团队数据已有团队策略,"套利策略 / 期货套利 / 跨期套利,商品套利","套利策略 / 期货套利 / 跨期套利,商品套利","银杏善利6号=套利策略/期货套利/跨期套利,商品套利",,
SSP031,银叶东海心选中证500指数增强2号私募证券投资基金,上海银叶投资有限公司,股票多头,指数增强,500指增,高,团队数据已有团队策略；产品名含500指增,股票多头 / 指数增强 / 500指增,股票多头 / 500指增,银叶东海心选中证500指数增强2号=股票多头/指数增强/500指增,,
STT058,银叶量化进取7号私募证券投资基金,上海银叶投资有限公司,股票多头,,,高,团队数据已有团队策略,股票多头,股票多头 / 量化选股,银叶量化进取7号=股票多头,,
SXN984,银叶中证1000量化智选私募证券投资基金,上海银叶投资有限公司,股票多头,指数增强,1000指增,高,团队数据已有团队策略,股票多头 / 指数增强 / 1000指增,股票多头 / 1000指增,银叶中证1000量化智选=股票多头/指数增强/1000指增,,
SSJ626,英旷专享1号私募证券投资基金,英旷资产管理（上海）有限公司,套利策略,可转债套利,融券对冲,高,团队数据已有团队策略,套利策略 / 可转债套利 / 融券对冲,套利策略 / 可转债套利 / 融券对冲,英旷专享1号=套利策略/可转债套利/融券对冲；英旷专享6号私募证券投资基金A类=股票对冲/股票多空/场内券；英旷专享3号A类=套利策略/可转债套利/融券对冲；英旷专享2号A类=套利策略/可转债套利/融券对冲；英旷专享3号=套利策略/可转债套利/融券对冲；英旷专享2号=套利策略/可转债套利/融券对冲；英旷专享2号B类=套利策略/可转债套利；英旷专享3号B类=套利策略/可转债套利/融券对冲,,
STQ844,英旷专享3号私募证券投资基金,英旷资产管理（上海）有限公司,套利策略,可转债套利,融券对冲,高,团队数据已有团队策略,套利策略 / 可转债套利 / 融券对冲,套利策略 / 可转债套利 / 融券对冲,英旷专享3号=套利策略/可转债套利/融券对冲；英旷专享6号私募证券投资基金A类=股票对冲/股票多空/场内券；英旷专享3号A类=套利策略/可转债套利/融券对冲；英旷专享2号A类=套利策略/可转债套利/融券对冲；英旷专享2号=套利策略/可转债套利/融券对冲；英旷专享1号=套利策略/可转债套利/融券对冲；英旷专享2号B类=套利策略/可转债套利；英旷专享3号B类=套利策略/可转债套利/融券对冲,,
STV497,迎水元宝11号私募证券投资基金,上海迎水投资管理有限公司,股票对冲,打板,"量化,盘前板",高,团队数据已有团队策略,"股票对冲 / 打板 / 量化,盘前板",股票对冲 / 择时对冲 / 打板,"迎水元宝11号=股票对冲/打板/量化,盘前板；迎水元宝11号B类=股票对冲/打板；迎水元宝9号A类=套利策略/期货套利；迎水元宝9号=股票对冲；迎水元宝12号=股票对冲/打板/盘前板,量化；迎水元宝12号A类=套利策略/期货套利；迎水元宝11号A类=股票对冲/打板；迎水元宝12号B类=股票对冲/打板",,
STV501,迎水元宝12号私募证券投资基金,上海迎水投资管理有限公司,股票对冲,打板,"盘前板,量化",高,团队数据已有团队策略,"股票对冲 / 打板 / 盘前板,量化",股票对冲 / 择时对冲 / 打板,"迎水元宝12号=股票对冲/打板/盘前板,量化；迎水元宝11号B类=股票对冲/打板；迎水元宝9号A类=套利策略/期货套利；迎水元宝9号=股票对冲；迎水元宝12号A类=套利策略/期货套利；迎水元宝11号A类=股票对冲/打板；迎水元宝11号=股票对冲/打板/量化,盘前板；迎水元宝12号B类=股票对冲/打板",,
SVX400,盈帛遥感卫星一号私募证券投资基金,杭州盈帛投资有限公司,期货策略,量化期货,中高频,高,团队数据已有团队策略,期货策略 / 量化期货 / 中高频,期货策略 / 量化期货 / 中高频,盈帛遥感卫星一号=期货策略/量化期货/中高频,,
SQA364,盈迈盈贯一号私募证券投资基金,浙江盈迈资产管理有限公司,股票多头,主观多头,,高,团队数据已有团队策略,股票多头 / 主观多头,股票多头 / 主观多头,盈迈盈贯一号=股票多头/主观多头,,
SBPV73,赢仕木盛1号私募证券投资基金,上海赢仕投资管理有限公司,股票对冲,打板,"盘中板,量化,排板",高,团队数据已有团队策略,"股票对冲 / 打板 / 盘中板,量化,排板",股票对冲 / 择时对冲 / 打板,"赢仕木盛1号=股票对冲/打板/盘中板,量化,排板",,
SNB284,永利5号私募证券投资基金,浙江钱唐永利资产管理有限公司,期货策略,主观期货,黑色,高,团队数据已有团队策略,期货策略 / 主观期货 / 黑色,期货策略 / 主观期货 / 黑色,永利5号=期货策略/主观期货/黑色,,
SNC208,永利6号私募证券投资基金,浙江钱唐永利资产管理有限公司,期货策略,主观期货,宏观多策略,高,团队数据已有团队策略,期货策略 / 主观期货 / 宏观多策略,期货策略 / 主观期货 / 宏观多策略,永利6号=期货策略/主观期货/宏观多策略,,
SVH770,永利晨曦1号私募证券投资基金,浙江钱唐永利资产管理有限公司,期货策略,主观期货,黑色,高,团队数据已有团队策略,期货策略 / 主观期货 / 黑色,期货策略 / 主观期货 / 黑色,永利晨曦1号=期货策略/主观期货/黑色；永利晨曦1号A类=期货策略/主观期货/黑色,,
SXF514,涌涵海昇1号私募证券投资基金,上海涌涵私募基金管理有限公司,期货策略,主观期货,,高,团队数据已有团队策略,期货策略 / 主观期货,期货策略 / 主观期货,涌涵海昇1号=期货策略/主观期货,,
STV510,涌涵飒露紫1号私募证券投资基金,上海涌涵私募基金管理有限公司,期货策略,主观期货,,高,团队数据已有团队策略,期货策略 / 主观期货,期货策略 / 主观期货,涌涵飒露紫1号=期货策略/主观期货,,
SZY593,涌泉君安四号私募证券投资基金,北京涌泉私募基金管理有限公司,期货策略,主观期货,黑色,高,团队数据已有团队策略,期货策略 / 主观期货 / 黑色,期货策略 / 主观期货 / 黑色,涌泉君安四号=期货策略/主观期货/黑色,,
SJZ288,佑维CTA进取二号私募证券投资基金,北京佑维投资管理有限公司,期货策略,量化期货,"截面,量价",高,团队数据已有团队策略；产品名含CTA,"期货策略 / 量化期货 / 截面,量价","期货策略 / 量化期货 / 截面,中高频,量价","佑维CTA进取二号=期货策略/量化期货/截面,量价",,
SAXY65,昱阳鸣翠5号私募证券投资基金,广州昱阳私募基金管理有限公司,股票多头,,,高,团队数据已有团队策略,股票多头,股票多头,昱阳鸣翠5号=股票多头,,
SZX208,御澜量化多策略8号私募证券投资基金,广东御澜资产管理有限公司,多资产策略,,,高,团队数据已有团队策略,多资产策略,多资产策略 / 复合策略,御澜量化多策略8号=多资产策略,,
STR573,御澜千川1号私募证券投资基金,广东御澜资产管理有限公司,期货策略,,,高,团队数据已有团队策略,期货策略,期货策略,御澜千川1号=期货策略,,
SY2900,御澜泰晤士1号私募证券投资基金,广东御澜资产管理有限公司,股票多头,指数增强,500指增,高,团队数据已有团队策略,股票多头 / 指数增强 / 500指增,股票多头 / 500指增,御澜泰晤士1号=股票多头/指数增强/500指增,,
SVC665,裕丰惠达1号私募证券投资基金,上海裕丰惠达私募基金管理有限公司,其他策略,,,高,团队数据已有团队策略,其他策略,其他,"裕丰惠达1号=其他策略；裕丰惠达7号=股票对冲/股票市场中性/量价,中频；裕丰惠达4号=股票对冲/DMA",,
SNR282,裕锦量化专享2号私募证券投资基金,深圳裕锦私募证券基金管理有限公司,套利策略,期货套利,股指套利,高,团队数据已有团队策略,套利策略 / 期货套利 / 股指套利,套利策略 / 期货套利 / 股指套利,裕锦量化专享2号=套利策略/期货套利/股指套利,,
SBFK64,裕锦智选ETF先锋1号私募证券投资基金,深圳裕锦私募证券基金管理有限公司,套利策略,,,高,团队数据已有团队策略,套利策略,期货策略,裕锦智选ETF先锋1号=套利策略,,
SZC855,元涞潜龙聚配专享一号私募证券投资基金,上海元涞私募基金管理有限公司,股票多头,主观多头,,高,团队数据已有团队策略,股票多头 / 主观多头,股票多头 / 主观多头,元涞潜龙聚配专享一号=股票多头/主观多头；元涞潜龙聚配专享一号B类=股票多头/主观多头,,
SEF203,元盛中国多元化一号私募基金,元胜投资管理（上海）有限公司,期货策略,量化期货,"大厂,时序",高,团队数据已有团队策略,"期货策略 / 量化期货 / 大厂,时序",期货策略 / 量化期货 / 时序,"元盛中国多元化一号=期货策略/量化期货/大厂,时序",,
SLR729,源晖量化2号私募证券投资基金,北京源晖投资管理有限公司,股票对冲,股票市场中性,"基本面,低频",高,团队数据已有团队策略,"股票对冲 / 股票市场中性 / 基本面,低频","股票对冲 / 股票市场中性 / 低频,基本面","源晖量化2号=股票对冲/股票市场中性/基本面,低频；源晖量化2号A类=股票对冲/股票市场中性/基本面,低频",,
STH252,源晖中证1000指数增强私募证券投资基金,北京源晖投资管理有限公司,股票多头,指数增强,"1000指增,基本面,低频",高,团队数据已有团队策略；产品名含1000指增,"股票多头 / 指数增强 / 1000指增,基本面,低频",股票多头 / 1000指增,"源晖中证1000指数增强=股票多头/指数增强/1000指增,基本面,低频；源晖中证1000指数增强B类=股票多头/指数增强/1000指增",,
SNW229,源晖中证500指数增强私募证券投资基金,北京源晖投资管理有限公司,股票多头,指数增强,"500指增,基本面",高,团队数据已有团队策略；产品名含500指增,"股票多头 / 指数增强 / 500指增,基本面",股票多头 / 500指增 / 基本面,"源晖中证500指数增强=股票多头/指数增强/500指增,基本面；源晖中证500指数增强A类=股票多头/指数增强/500指增；源晖中证500指数增强2号B类=股票多头/指数增强/500指增；源晖中证500指数增强B类=股票多头/指数增强/500指增",,
SBBD28,远和聚配-可心定制精选8号私募证券投资基金,杭州远和私募基金有限公司,股票多头,,,高,团队数据已有团队策略,股票多头,股票多头,远和聚配-可心定制精选8号=股票多头,,
SBEH13,远和可旺定制精选10号私募证券投资基金,杭州远和私募基金有限公司,股票多头,指数增强,"空气指增,中频",高,团队数据已有团队策略,"股票多头 / 指数增强 / 空气指增,中频",股票多头 / 量化选股,"远和可旺定制精选10号=股票多头/指数增强/空气指增,中频",,
SSF337,远澜红枫15号私募证券投资基金,上海远澜私募基金管理有限公司,期货策略,量化期货,,高,团队数据已有团队策略,期货策略 / 量化期货,期货策略 / 量化期货,"远澜红枫15号=期货策略/量化期货；远澜红枫2号=期货策略/量化期货/股指；远澜红枫1号=期货策略/量化期货/大厂,混合；远澜红枫25号=期货策略；远澜红枫18号=期货策略/量化期货",,
SATQ01,远澜红枫25号私募证券投资基金,上海远澜私募基金管理有限公司,期货策略,,,高,团队数据已有团队策略,期货策略,期货策略,"远澜红枫25号=期货策略；远澜红枫2号=期货策略/量化期货/股指；远澜红枫1号=期货策略/量化期货/大厂,混合；远澜红枫18号=期货策略/量化期货；远澜红枫15号=期货策略/量化期货",,
SJ4234,远澜红松私募证券投资基金,上海远澜私募基金管理有限公司,多资产策略,宏观策略,量化,高,团队数据已有团队策略,多资产策略 / 宏观策略 / 量化,多资产策略 / 宏观策略,远澜红松=多资产策略/宏观策略/量化,,
SJ4367,远澜乔松私募证券投资基金,上海远澜私募基金管理有限公司,期货策略,量化期货,基本面,高,团队数据已有团队策略,期货策略 / 量化期货 / 基本面,期货策略 / 量化期货 / 基本面,远澜乔松=期货策略/量化期货/基本面,,
SZY417,远澜藤枫宏观量化2号私募证券投资基金,上海远澜私募基金管理有限公司,多资产策略,宏观策略,量化,高,团队数据已有团队策略；产品名含宏观,多资产策略 / 宏观策略 / 量化,多资产策略 / 宏观策略,"远澜藤枫宏观量化2号=多资产策略/宏观策略/量化；远澜藤枫宏观量化6号=多资产策略/宏观策略/量化；远澜藤枫宏观量化1号=多资产策略/宏观策略/交易型,量化；远澜藤枫宏观量化3号=多资产策略/宏观策略",,
SND261,悦海盈和2号私募证券投资基金,青岛悦海盈和基金投资管理有限公司,股票对冲,股票市场中性,,高,团队数据已有团队策略,股票对冲 / 股票市场中性,股票对冲 / 股票市场中性,"悦海盈和2号=股票对冲/股票市场中性；悦海盈和7号=股票对冲/股票市场中性/500中性,量价,低频；悦海盈和12号=股票多头/另类多头/择时择股",,
SQS488,悦海盈和7号私募证券投资基金,青岛悦海盈和基金投资管理有限公司,股票对冲,股票市场中性,"500中性,量价,低频",高,团队数据已有团队策略,"股票对冲 / 股票市场中性 / 500中性,量价,低频","股票对冲 / 股票市场中性 / 低频,量价,500中性","悦海盈和7号=股票对冲/股票市场中性/500中性,量价,低频；悦海盈和12号=股票多头/另类多头/择时择股；悦海盈和2号=股票对冲/股票市场中性",,
SXA160,跃威安鑫一号私募证券投资基金,上海跃威私募基金管理有限公司,期权策略,场外期权,,高,团队数据已有团队策略,期权策略 / 场外期权,期权策略 / 场内期权 / 定价卖波,跃威安鑫一号=期权策略/场外期权,,
SXQ300,云程中性2号私募证券投资基金,北京云程私募基金管理有限公司,股票对冲,股票T0,"底仓T0,程序化",高,团队数据已有团队策略；产品名含中性,"股票对冲 / 股票T0 / 底仓T0,程序化",股票对冲 / 股票市场中性,"云程中性2号=股票对冲/股票T0/底仓T0,程序化；云程中性5号=股票对冲/股票T0；云程中性2号B类=股票对冲/股票T0；云程中性5号B类=股票对冲/股票T0",,
SAWJ35,云程中性5号私募证券投资基金,北京云程私募基金管理有限公司,股票对冲,股票T0,,高,团队数据已有团队策略；产品名含中性,股票对冲 / 股票T0,股票对冲 / 股票T0,"云程中性5号=股票对冲/股票T0；云程中性2号B类=股票对冲/股票T0；云程中性2号=股票对冲/股票T0/底仓T0,程序化；云程中性5号B类=股票对冲/股票T0",,
STW263,云汉宝禄丰泽2号私募证券投资基金,上海云汉资产管理有限公司,期权策略,场内期权,期权套利,高,团队数据已有团队策略,期权策略 / 场内期权 / 期权套利,期权策略,云汉宝禄丰泽2号=期权策略/场内期权/期权套利,,
SXB613,云起量化金选8号私募证券投资基金,宁波云起私募基金管理有限公司,股票多头,指数增强,"1000指增,量价,中频",高,团队数据已有团队策略,"股票多头 / 指数增强 / 1000指增,量价,中频","股票多头 / 500指增 / 中频,量价","云起量化金选8号=股票多头/指数增强/1000指增,量价,中频",,
SAUC02,云起睿选66号私募证券投资基金,宁波云起私募基金管理有限公司,股票多头,指数增强,"空气指增,中频",高,团队数据已有团队策略,"股票多头 / 指数增强 / 空气指增,中频",股票多头 / 量化选股,"云起睿选66号=股票多头/指数增强/空气指增,中频",,
SN1237,云杉树4期CTA私募基金,云杉树资产管理（北京）有限公司,期货策略,量化期货,时序,高,团队数据已有团队策略；产品名含CTA,期货策略 / 量化期货 / 时序,期货策略 / 量化期货 / 时序,云杉树4期CTA=期货策略/量化期货/时序,,
SQL875,筠道积极配置1号私募证券投资基金,广东筠道私募证券基金管理有限公司,多资产策略,FOF,,高,团队数据已有团队策略,多资产策略 / FOF,组合策略 / FOF,筠道积极配置1号=多资产策略/FOF,,
SVE774,鋆晟狮王套利9号私募证券投资基金,上海鋆晟投资管理有限公司,套利策略,期货套利,商品套利,高,团队数据已有团队策略；产品名含套利,套利策略 / 期货套利 / 商品套利,套利策略 / 期货套利 / 商品套利,"鋆晟狮王套利9号=套利策略/期货套利/商品套利；鋆晟狮王套利6号=套利策略/期货套利/跨期套利,商品套利；鋆晟狮王套利=套利策略/期货套利；鋆晟狮王套利B类=套利策略/期货套利/跨市场套利；鋆晟狮王套利11号=套利策略/期货套利/商品套利",,
SB5410,泽丰祥麟7号私募证券投资基金,泽丰瑞熙私募证券基金管理（广东）有限公司,其他策略,其他,,高,团队数据已有团队策略,其他策略 / 其他,多资产策略 / 复合策略,泽丰祥麟7号=其他策略/其他,,
SZR896,泽元通宝聚配专享1号私募证券投资基金,泽元私募证券投资基金管理（广东）有限公司,股票多头,主观多头,,高,团队数据已有团队策略,股票多头 / 主观多头,股票多头 / 主观多头,泽元通宝聚配专享1号=股票多头/主观多头；泽元通宝聚配专享1号B类=股票多头/主观多头,,
SQU707,展弘多策略10号私募证券投资基金,上海展弘投资管理有限公司,套利策略,期货套利,"跨市场套利,股指套利",高,团队数据已有团队策略,"套利策略 / 期货套利 / 跨市场套利,股指套利","套利策略 / 期货套利 / 商品套利,跨市场套利","展弘多策略10号=套利策略/期货套利/跨市场套利,股指套利",,
SGP607,展弘贵金属套利1号私募证券投资基金,上海展弘投资管理有限公司,套利策略,混合套利,,高,团队数据已有团队策略；产品名含套利,套利策略 / 混合套利,套利策略 / 混合套利,展弘贵金属套利1号=套利策略/混合套利,,
SE8723,展弘稳进1号1期私募证券投资基金,上海展弘投资管理有限公司,套利策略,期货套利,"跨市场套利,商品套利",高,团队数据已有团队策略,"套利策略 / 期货套利 / 跨市场套利,商品套利","套利策略 / 期货套利 / 商品套利,跨市场套利","展弘稳进1号1期=套利策略/期货套利/跨市场套利,商品套利",,
SE2881,展弘稳进1号私募证券投资基金,上海展弘投资管理有限公司,套利策略,期货套利,"跨市场套利,商品套利",高,团队数据已有团队策略,"套利策略 / 期货套利 / 跨市场套利,商品套利","套利策略 / 期货套利 / 商品套利,跨市场套利","展弘稳进1号=套利策略/期货套利/跨市场套利,商品套利",,
SAVH74,展弘稳泰套利运作12号私募证券投资基金,上海展弘投资管理有限公司,套利策略,混合套利,,高,同系列/份额已有团队策略；产品名含套利,,,展弘稳泰套利运作12号B类=套利策略/混合套利；展弘稳泰套利运作2号B类=套利策略/期货套利,,
SQX487,展弘CTA运作2号私募证券投资基金,上海展弘投资管理有限公司,期货策略,量化期货,"截面,基本面",高,团队数据已有团队策略；产品名含CTA,"期货策略 / 量化期货 / 截面,基本面",期货策略 / 量化期货,"展弘CTA运作2号=期货策略/量化期货/截面,基本面；展弘CTA运作1号B类=期货策略/量化期货/截面",,
SZC413,长鲸大信3号私募证券投资基金,长鲸九州（北京）私募基金管理有限公司,股票多头,指数增强,"500指增,量价,中频",高,团队数据已有团队策略,"股票多头 / 指数增强 / 500指增,量价,中频","股票多头 / 500指增 / 中频,量价","长鲸大信3号=股票多头/指数增强/500指增,量价,中频",,
SAMK20,长鲸探知阿尔法私享1号私募证券投资基金,长鲸九州（北京）私募基金管理有限公司,股票对冲,股票市场中性,,高,团队数据已有团队策略,股票对冲 / 股票市场中性,股票对冲 / 股票市场中性,长鲸探知阿尔法私享1号=股票对冲/股票市场中性,,
SCL573,长石智丰1号私募证券投资基金,三亚长石私募基金管理有限公司,期权策略,场内期权,,高,团队数据已有团队策略,期权策略 / 场内期权,期权策略 / 场内期权,长石智丰1号=期权策略/场内期权；长石智丰3号=期权策略/场内期权/期权套利；长石智丰4号=套利策略/期货套利,,
SB4770,长石智赢11号私募证券投资基金,三亚长石私募基金管理有限公司,期权策略,场内期权,,高,团队数据已有团队策略,期权策略 / 场内期权,期权策略 / 场内期权 / 金融期权,长石智赢11号=期权策略/场内期权；长石智赢2号=期权策略/场内期权/期权套利；长石智赢7号=套利策略/期权套利；长石智赢6号=期权策略/场内期权,,
SVN538,长石智赢6号私募证券投资基金,三亚长石私募基金管理有限公司,期权策略,场内期权,,高,团队数据已有团队策略,期权策略 / 场内期权,期权策略 / 场内期权,长石智赢6号=期权策略/场内期权；长石智赢2号=期权策略/场内期权/期权套利；长石智赢7号=套利策略/期权套利；长石智赢11号=期权策略/场内期权,,
SVP132,长石智赢7号私募证券投资基金,三亚长石私募基金管理有限公司,套利策略,期权套利,,高,团队数据已有团队策略,套利策略 / 期权套利,股票对冲 / 股票市场中性,长石智赢7号=套利策略/期权套利；长石智赢2号=期权策略/场内期权/期权套利；长石智赢6号=期权策略/场内期权；长石智赢11号=期权策略/场内期权,,
SCV735,昭明润和500指数增强私募证券投资基金,海南昭明私募基金管理有限公司,股票多头,指数增强,,高,产品名含指增/指数增强,,,,,
SXT020,昭融乐晞1号私募证券投资基金,武汉昭融汇利私募基金管理有限公司,股票对冲,打板,强势股,高,团队数据已有团队策略,股票对冲 / 打板 / 强势股,股票对冲 / 择时对冲,昭融乐晞1号=股票对冲/打板/强势股,,
SBBC37,哲石君顺易安贰号私募证券投资基金,杭州哲石私募基金管理有限公司,套利策略,期货套利,股指套利,高,团队数据已有团队策略,套利策略 / 期货套利 / 股指套利,套利策略 / 期货套利 / 股指套利,哲石君顺易安贰号=套利策略/期货套利/股指套利,,
SAVN21,哲石君顺易安壹号私募证券投资基金,杭州哲石私募基金管理有限公司,套利策略,期货套利,,高,团队数据已有团队策略,套利策略 / 期货套利,套利策略 / 期货套利,哲石君顺易安壹号=套利策略/期货套利,,
SAYE80,哲石莲花山1号私募证券投资基金,杭州哲石私募基金管理有限公司,股票多头,,,高,团队数据已有团队策略,股票多头,股票多头,哲石莲花山1号=股票多头,,
SBUK40,贞元虎踞一号私募证券投资基金,武汉贞元投资管理有限公司,股票对冲,打板,"盘前板,主观",高,团队数据已有团队策略,"股票对冲 / 打板 / 盘前板,主观",股票对冲 / 择时对冲 / 打板,"贞元虎踞一号=股票对冲/打板/盘前板,主观；贞元虎踞一号A类=股票对冲/打板/盘前板；贞元虎踞一号B类=股票对冲/打板/盘前板,主观",,
SBBC18,贞元强势1号私募证券投资基金,武汉贞元投资管理有限公司,股票对冲,打板,盘中板,高,团队数据已有团队策略,股票对冲 / 打板 / 盘中板,,,,
SADS17,臻财长雪1号私募证券投资基金,上海臻财私募基金管理有限公司,股票对冲,打板,盘中板,高,同系列/份额已有团队策略,,,臻财长雪1号私募证券投资基金B类=股票对冲/打板/盘中板,,
SBSK83,臻金易安壹号私募证券投资基金,臻金私募基金管理（海南）有限公司,股票多头,,,高,团队数据已有团队策略,股票多头,股票多头,臻金易安壹号=股票多头,,
SVT464,臻选杉原千亩私募证券投资基金,臻选（海南）私募基金管理有限公司,股票对冲,股票多空,,高,团队数据已有团队策略,股票对冲 / 股票多空,股票对冲 / 股票多空,臻选杉原千亩=股票对冲/股票多空,,
STV890,臻选之常私募证券投资基金,臻选（海南）私募基金管理有限公司,套利策略,期货套利,"股指套利,高频套利",高,同系列/份额已有团队策略,,,"臻选之常私募证券投资基金A类=套利策略/期货套利/股指套利,高频套利",,
SXD663,正定成长CTA1号私募证券投资基金,北京正定私募基金管理合伙企业（有限合伙）,期货策略,量化期货,中高频,高,团队数据已有团队策略；产品名含CTA,期货策略 / 量化期货 / 中高频,期货策略 / 量化期货 / 中高频,正定成长CTA1号=期货策略/量化期货/中高频,,
SALT87,正定沪深300指数增强1号私募证券投资基金,北京正定私募基金管理合伙企业（有限合伙）,股票多头,指数增强,300指增,高,团队数据已有团队策略；产品名含300指增,股票多头 / 指数增强 / 300指增,股票多头 / 300指增,正定沪深300指数增强1号=股票多头/指数增强/300指增,,
SXE147,正定进取8号私募证券投资基金,北京正定私募基金管理合伙企业（有限合伙）,期货策略,量化期货,中高频,高,团队数据已有团队策略,期货策略 / 量化期货 / 中高频,期货策略 / 量化期货 / 中高频,"正定进取8号=期货策略/量化期货/中高频；正定进取10号=期货策略/量化期货/机器学习,中高频；正定进取9号=期货策略/量化期货/中高频；正定进取14号=期货策略/量化期货/中高频",,
SAEQ13,正定量化对冲1号私募证券投资基金,北京正定私募基金管理合伙企业（有限合伙）,股票对冲,股票市场中性,,高,团队数据已有团队策略；产品名含对冲,股票对冲 / 股票市场中性,股票对冲 / 股票市场中性,正定量化对冲1号=股票对冲/股票市场中性；正定量化对冲4号B类=股票对冲/股票市场中性/高频；正定量化对冲4号=股票对冲/股票市场中性/高频,,
SAAT35,正定中证500指数增强1号私募证券投资基金,北京正定私募基金管理合伙企业（有限合伙）,股票多头,指数增强,500指增,高,团队数据已有团队策略；产品名含500指增,股票多头 / 指数增强 / 500指增,"股票多头 / 500指增 / 高频,量价","正定中证500指数增强1号=股票多头/指数增强/500指增；正定中证500指数增强1号B类=股票多头/指数增强/500指增,高频,量价；正定中证500指数增强2号B类=股票多头/指数增强/量价,高频；正定中证500指数增强2号=股票多头/指数增强/500指增,高频,量价",,
SAHV52,正定中证500指数增强2号私募证券投资基金,北京正定私募基金管理合伙企业（有限合伙）,股票多头,指数增强,"500指增,高频,量价",高,团队数据已有团队策略；产品名含500指增,"股票多头 / 指数增强 / 500指增,高频,量价","股票多头 / 500指增 / 高频,量价","正定中证500指数增强2号=股票多头/指数增强/500指增,高频,量价；正定中证500指数增强1号B类=股票多头/指数增强/500指增,高频,量价；正定中证500指数增强2号B类=股票多头/指数增强/量价,高频；正定中证500指数增强1号=股票多头/指数增强/500指增",,
SAWV62,正合弘毅1号私募证券投资基金,上海正合私募基金管理有限公司,股票对冲,股票市场中性,"1000中性,300中性",高,团队数据已有团队策略,"股票对冲 / 股票市场中性 / 1000中性,300中性",,"正合弘毅1号=股票对冲/股票市场中性/1000中性,300中性",,
SAUK80,正合景行1号私募证券投资基金,上海正合私募基金管理有限公司,股票对冲,股票市场中性,"300中性,1000中性",高,团队数据已有团队策略,"股票对冲 / 股票市场中性 / 300中性,1000中性",股票对冲 / 股票市场中性,"正合景行1号=股票对冲/股票市场中性/300中性,1000中性",,
SBBR59,正合青云1号私募证券投资基金,上海正合私募基金管理有限公司,股票多头,指数增强,空气指增,高,团队数据已有团队策略,股票多头 / 指数增强 / 空气指增,股票多头 / 量化选股,正合青云1号=股票多头/指数增强/空气指增,,
SBRY00,正合中证2000指增1号私募证券投资基金,上海正合私募基金管理有限公司,股票多头,指数增强,2000指增,高,团队数据已有团队策略；产品名含2000指增,股票多头 / 指数增强 / 2000指增,股票多头 / 2000指增,正合中证2000指增1号=股票多头/指数增强/2000指增；正合中证2000指增1号C类=股票多头/指数增强/2000指增；正合中证2000指增=股票多头/指数增强/2000指增,,
SBGS17,正合中证500指数增强私募证券投资基金,上海正合私募基金管理有限公司,股票多头,指数增强,500指增,高,团队数据已有团队策略；产品名含500指增,股票多头 / 指数增强 / 500指增,股票多头 / 500指增,正合中证500指数增强=股票多头/指数增强/500指增,,
SADB61,正仁潮汐300一号私募证券投资基金,海南正仁量化私募基金管理有限公司,股票多头,另类多头,择时择股,高,团队数据已有团队策略,股票多头 / 另类多头 / 择时择股,股票多头 / 另类多头 / 择时择股,正仁潮汐300一号=股票多头/另类多头/择时择股,,
SB3110,正仁春晓中性私募证券投资基金,海南正仁量化私募基金管理有限公司,股票对冲,股票市场中性,300中性,高,团队数据已有团队策略,股票对冲 / 股票市场中性 / 300中性,股票对冲 / 股票市场中性 / 300中性,正仁春晓中性=股票对冲/股票市场中性/300中性,,
SADN92,正仁多资产一号私募证券投资基金,海南正仁量化私募基金管理有限公司,多资产策略,,,高,团队数据已有团队策略,多资产策略,多资产策略 / 复合策略,正仁多资产一号=多资产策略,,
SLZ218,正仁股票择时二期私募证券投资基金,海南正仁量化私募基金管理有限公司,股票多头,指数增强,500指增,高,团队数据已有团队策略,股票多头 / 指数增强 / 500指增,股票多头 / 500指增,正仁股票择时二期=股票多头/指数增强/500指增,,
SAZK21,正仁股票择时三期私募证券投资基金,海南正仁量化私募基金管理有限公司,股票多头,另类多头,择时择股,高,团队数据已有团队策略,股票多头 / 另类多头 / 择时择股,股票多头 / 另类多头 / 择时择股,正仁股票择时三期=股票多头/另类多头/择时择股,,
SSC554,正仁沪深300指数增强私募证券投资基金,海南正仁量化私募基金管理有限公司,股票多头,指数增强,300指增,高,团队数据已有团队策略；产品名含300指增,股票多头 / 指数增强 / 300指增,股票多头 / 300指增,正仁沪深300指数增强=股票多头/指数增强/300指增,,
SAZL72,正仁择时量化选股四期私募证券投资基金,海南正仁量化私募基金管理有限公司,股票多头,,,高,团队数据已有团队策略,股票多头,股票多头 / 量化选股,正仁择时量化选股四期=股票多头,,
SBHP32,正仁择时量选听涛二号私募证券投资基金,海南正仁量化私募基金管理有限公司,股票对冲,择时对冲,,高,团队数据已有团队策略,股票对冲 / 择时对冲,股票对冲 / 择时对冲 / 股指择时,正仁择时量选听涛二号=股票对冲/择时对冲,,
SZG958,正仁中证1000指数增强私募证券投资基金,海南正仁量化私募基金管理有限公司,股票多头,指数增强,1000指增,高,团队数据已有团队策略；产品名含1000指增,股票多头 / 指数增强 / 1000指增,股票多头 / 1000指增,正仁中证1000指数增强=股票多头/指数增强/1000指增,,
SXJ148,正瀛骐骥轮动选股1号私募证券投资基金,上海正瀛资产管理有限公司,股票对冲,股票T0,"底仓T0,程序化",高,团队数据已有团队策略,"股票对冲 / 股票T0 / 底仓T0,程序化","股票对冲 / 股票T0 / 机器T0,底仓T0","正瀛骐骥轮动选股1号=股票对冲/股票T0/底仓T0,程序化；正瀛骐骥轮动选股1号B类=股票对冲/股票T0/底仓T0",,
SJH782,正瀛智享5号私募证券投资基金,上海正瀛资产管理有限公司,股票多头,,,高,团队数据已有团队策略,股票多头,股票多头,正瀛智享5号=股票多头,,
SAQT61,正瀛中性选股1号私募证券投资基金,上海正瀛资产管理有限公司,期货策略,,,高,团队数据已有团队策略,期货策略,期货策略,正瀛中性选股1号=期货策略；正瀛中性选股1号A类=期货策略,,
STX591,正源信毅月月开贰号私募证券投资基金,苏州正源信毅资产管理有限公司,期货策略,量化期货,"时序,混合",高,团队数据已有团队策略,"期货策略 / 量化期货 / 时序,混合",期货策略 / 量化期货 / 混合均衡,"正源信毅月月开贰号=期货策略/量化期货/时序,混合",,
SGP666,正源信毅资本周期私募证券投资基金,苏州正源信毅资产管理有限公司,期货策略,量化期货,混合,高,团队数据已有团队策略,期货策略 / 量化期货 / 混合,,,,
SASE42,正则CTA旗舰1号私募证券投资基金,北京正则私募基金管理中心（有限合伙）,期货策略,,,高,团队数据已有团队策略；产品名含CTA,期货策略,期货策略,正则CTA旗舰1号=期货策略,,
SVA177,知行通达金选量化对冲稳达2号私募证券投资基金,深圳知行通达私募证券基金管理合伙企业（有限合伙）,股票对冲,股票市场中性,,高,团队数据已有团队策略；产品名含对冲,股票对冲 / 股票市场中性,股票对冲 / 股票市场中性,知行通达金选量化对冲稳达2号=股票对冲/股票市场中性,,
SSR272,知易寰宇多策略1号私募证券投资基金,浙江知易私募基金管理有限公司,期货策略,主观期货,宏观多策略,高,团队数据已有团队策略,期货策略 / 主观期货 / 宏观多策略,期货策略 / 主观期货 / 宏观多策略,知易寰宇多策略1号=期货策略/主观期货/宏观多策略；知易寰宇多策略1号A类=期货策略/主观期货/多板块,,
SACA55,致达安泰私募证券投资基金,广东致达私募基金管理有限公司,股票对冲,打板,强势股,高,团队数据已有团队策略,股票对冲 / 打板 / 强势股,股票对冲 / 择时对冲 / 强势股,致达安泰=股票对冲/打板/强势股,,
SSY494,致达润丰私募证券投资基金,广东致达私募基金管理有限公司,多资产策略,FOF,,高,团队数据已有团队策略,多资产策略 / FOF,组合策略 / FOF,致达润丰=多资产策略/FOF,,
SZH010,致达拾贝私募证券投资基金,广东致达私募基金管理有限公司,股票对冲,打板,"量化,强势股",高,团队数据已有团队策略,"股票对冲 / 打板 / 量化,强势股","股票对冲 / 择时对冲 / 仓位择时,强势股,量化","致达拾贝=股票对冲/打板/量化,强势股",,
SAYL58,致邃金品中国私募证券投资基金,上海致邃投资管理有限公司,股票对冲,股票T0,底仓T0,高,团队数据已有团队策略,股票对冲 / 股票T0 / 底仓T0,股票对冲 / 股票T0 / 底仓T0,致邃金品中国=股票对冲/股票T0/底仓T0,,
SQT322,致邃投资-雪香对冲量化9号私募证券投资基金,上海致邃投资管理有限公司,期权策略,场内期权,商品波动率,高,团队数据已有团队策略；产品名另指向股票对冲/,期权策略 / 场内期权 / 商品波动率,期权策略 / 场内期权 / 期权多策略,致邃投资-雪香对冲量化9号=期权策略/场内期权/商品波动率；致邃投资-雪香对冲量化10号=其他策略；致邃投资-雪香对冲量化6号=期货策略/量化期货,,
SQT815,致邃投资-雪香金懿对冲量化12号私募证券投资基金,上海致邃投资管理有限公司,股票对冲,股票T0,底仓T0,高,团队数据已有团队策略；产品名含对冲,股票对冲 / 股票T0 / 底仓T0,股票对冲 / 股票T0 / 底仓T0,致邃投资-雪香金懿对冲量化12号=股票对冲/股票T0/底仓T0；致邃投资-雪香金懿对冲量化11号=股票对冲/股票市场中性,,
SBAU57,致邃投资-致信一号私募证券投资基金,上海致邃投资管理有限公司,股票对冲,股票T0,底仓T0,高,团队数据已有团队策略,股票对冲 / 股票T0 / 底仓T0,股票对冲 / 股票T0 / 底仓T0,致邃投资-致信一号=股票对冲/股票T0/底仓T0,,
SGH584,致邃投资-致悦2号私募证券投资基金,上海致邃投资管理有限公司,股票多头,主观多头,,高,团队数据已有团队策略,股票多头 / 主观多头,股票多头 / 主观多头,致邃投资-致悦2号=股票多头/主观多头,,
SAAD44,致邃投资-智慧矩阵量化8号私募证券投资基金,上海致邃投资管理有限公司,股票对冲,股票T0,底仓T0,高,团队数据已有团队策略,股票对冲 / 股票T0 / 底仓T0,股票对冲 / 股票T0 / 底仓T0,致邃投资-智慧矩阵量化8号=股票对冲/股票T0/底仓T0；致邃投资-智慧矩阵量化5号=股票多头,,
SNQ460,致邃投资-智慧矩阵指数增强量化1号私募证券投资基金,上海致邃投资管理有限公司,股票对冲,股票T0,底仓T0,高,团队数据已有团队策略；产品名另指向股票多头/指数增强,股票对冲 / 股票T0 / 底仓T0,"股票多头 / 500指增 / 高频,量价","致邃投资-智慧矩阵指数增强量化1号=股票对冲/股票T0/底仓T0；致邃投资-智慧矩阵指数增强量化2号=股票多头/指数增强/2000指增,高频；致邃投资-智慧矩阵指数增强量化1号B类=股票多头/指数增强/500指增；致邃投资-智慧矩阵指数增强量化7号=股票对冲/股票市场中性/量价,高频；致邃投资-智慧矩阵指数增强量化1号C类=股票多头/指数增强/500指增,高频,量价",,产品名指向股票多头/指数增强，与已有团队策略不一致
SZC277,致邃投资-智慧矩阵指数增强量化2号私募证券投资基金,上海致邃投资管理有限公司,股票多头,指数增强,"2000指增,高频",高,团队数据已有团队策略；产品名含指增/指数增强,"股票多头 / 指数增强 / 2000指增,高频",股票多头 / 2000指增 / 高频,"致邃投资-智慧矩阵指数增强量化2号=股票多头/指数增强/2000指增,高频；致邃投资-智慧矩阵指数增强量化1号B类=股票多头/指数增强/500指增；致邃投资-智慧矩阵指数增强量化1号=股票对冲/股票T0/底仓T0；致邃投资-智慧矩阵指数增强量化7号=股票对冲/股票市场中性/量价,高频；致邃投资-智慧矩阵指数增强量化1号C类=股票多头/指数增强/500指增,高频,量价",,
SS9047,致远22号私募投资基金,致诚卓远（珠海）投资管理合伙企业（有限合伙）,股票对冲,股票市场中性,"500中性,中频",高,团队数据已有团队策略,"股票对冲 / 股票市场中性 / 500中性,中频","股票对冲 / 股票市场中性 / 中频,量价,500中性","致远22号=股票对冲/股票市场中性/500中性,中频",,
SY3702,致远激进一号私募证券投资基金,致诚卓远（珠海）投资管理合伙企业（有限合伙）,股票多头,指数增强,1000指增,高,团队数据已有团队策略,股票多头 / 指数增强 / 1000指增,股票多头 / 量化选股,致远激进一号=股票多头/指数增强/1000指增,,
SGL366,致远私享十号私募证券投资基金,致诚卓远（珠海）投资管理合伙企业（有限合伙）,股票多头,指数增强,300指增,高,团队数据已有团队策略,股票多头 / 指数增强 / 300指增,股票多头 / 300指增,致远私享十号=股票多头/指数增强/300指增,,
SQN092,致远投资蓬莱1号私募证券投资基金,广州致远私募证券投资管理有限公司,股票多头,可转债多头,量化,高,团队数据已有团队策略,股票多头 / 可转债多头 / 量化,股票多头 / 可转债多头 / 量化,致远投资蓬莱1号=股票多头/可转债多头/量化,,
SY1672,致远稳健一号私募证券投资基金,致诚卓远（珠海）投资管理合伙企业（有限合伙）,股票对冲,股票市场中性,"低频,量价",高,团队数据已有团队策略,"股票对冲 / 股票市场中性 / 低频,量价","股票对冲 / 股票市场中性 / 低频,量价","致远稳健一号=股票对冲/股票市场中性/低频,量价",,
SR0088,致远中证500指数加强私募基金,致诚卓远（珠海）投资管理合伙企业（有限合伙）,股票多头,指数增强,"500指增,量价,中频",高,团队数据已有团队策略,"股票多头 / 指数增强 / 500指增,量价,中频","股票多头 / 500指增 / 中频,量价","致远中证500指数加强=股票多头/指数增强/500指增,量价,中频",,
SCP973,致远中证500指数加强运作2号私募证券投资基金,致诚卓远（珠海）投资管理合伙企业（有限合伙）,股票多头,指数增强,"300指增,量价,中频",高,团队数据已有团队策略,"股票多头 / 指数增强 / 300指增,量价,中频",股票多头 / 500指增,"致远中证500指数加强运作2号=股票多头/指数增强/300指增,量价,中频",,
SNB095,致远中证500指数增强运作1号私募证券投资基金,致诚卓远（珠海）投资管理合伙企业（有限合伙）,股票多头,指数增强,"500指增,量价",高,团队数据已有团队策略；产品名含500指增,"股票多头 / 指数增强 / 500指增,量价",股票多头 / 500指增 / 量价,"致远中证500指数增强运作1号=股票多头/指数增强/500指增,量价",,
SZP017,智领共享8号私募证券投资基金,福州高新区智领三联私募基金管理有限公司,股票对冲,打板,盘前板,高,团队数据已有团队策略,股票对冲 / 打板 / 盘前板,股票对冲 / 择时对冲 / 打板,智领共享8号=股票对冲/打板/盘前板,,
SAAG10,智领海宽聚配星耀私募证券投资基金,福州高新区智领三联私募基金管理有限公司,股票多头,主观多头,,高,团队数据已有团队策略,股票多头 / 主观多头,股票多头 / 主观多头,智领海宽聚配星耀=股票多头/主观多头,,
SVC066,智领思一毅鑫私募证券投资基金,福州高新区智领三联私募基金管理有限公司,套利策略,,,高,团队数据已有团队策略,套利策略,套利策略 / 基金套利,智领思一毅鑫=套利策略,,
SAUJ25,智领弦量指数增强2号私募证券投资基金,福州高新区智领三联私募基金管理有限公司,期货策略,,,高,团队数据已有团队策略；产品名另指向股票多头/指数增强,期货策略,期货策略,智领弦量聚配6号=期货策略,,产品名指向股票多头/指数增强，与已有团队策略不一致
SXK797,中柏立秋私募证券投资基金,杭州中柏资产管理有限公司,期货策略,主观期货,"黑色,能化",高,团队数据已有团队策略,"期货策略 / 主观期货 / 黑色,能化","期货策略 / 主观期货 / 黑色,能化","中柏立秋=期货策略/主观期货/黑色,能化",,
SAWB65,中柏立夏私募证券投资基金,杭州中柏资产管理有限公司,期货策略,主观期货,多板块,高,团队数据已有团队策略,期货策略 / 主观期货 / 多板块,期货策略 / 主观期货 / 多板块,中柏立夏=期货策略/主观期货/多板块,,
SVX729,中柏夏至私募证券投资基金,杭州中柏资产管理有限公司,期货策略,主观期货,"黑色,能化",高,团队数据已有团队策略,"期货策略 / 主观期货 / 黑色,能化","期货策略 / 主观期货 / 黑色,能化","中柏夏至=期货策略/主观期货/黑色,能化",,
SLV150,中兰金选1号私募证券投资基金,上海中兰私募基金管理有限公司,股票对冲,股票市场中性,,高,团队数据已有团队策略,股票对冲 / 股票市场中性,"套利策略 / 期货套利 / 跨期套利,商品套利",中兰金选1号=股票对冲/股票市场中性,,
SB2134,中兰晶耀桃李私募证券投资基金,上海中兰私募基金管理有限公司,股票对冲,股票市场中性,1000中性,高,团队数据已有团队策略,股票对冲 / 股票市场中性 / 1000中性,股票对冲 / 股票市场中性 / 1000中性,中兰晶耀桃李=股票对冲/股票市场中性/1000中性；中兰晶耀桃李B类=股票对冲/股票市场中性/1000中性,,
SABF75,中兰立华1号私募证券投资基金,上海中兰私募基金管理有限公司,期货策略,量化期货,,高,团队数据已有团队策略,期货策略 / 量化期货,期货策略 / 量化期货,中兰立华1号=期货策略/量化期货,,
SND669,中兰钱星1号私募证券投资基金,上海中兰私募基金管理有限公司,期货策略,主观期货,,高,团队数据已有团队策略,期货策略 / 主观期货,期货策略 / 主观期货,中兰钱星1号=期货策略/主观期货,,
SAPB34,中谦星辰一号私募证券投资基金,杭州中谦资产管理有限公司,期货策略,主观期货,能化,高,团队数据已有团队策略,期货策略 / 主观期货 / 能化,期货策略 / 主观期货 / 能化,中谦星辰一号=期货策略/主观期货/能化,,
SAUC12,中碳价值精选3号私募证券投资基金,中碳创富(北京)投资基金管理有限公司,股票对冲,打板,"盘前板,主观",高,团队数据已有团队策略,"股票对冲 / 打板 / 盘前板,主观",,"中碳价值精选3号=股票对冲/打板/盘前板,主观",,
SLW192,中衍期货-中衍博孚利优选1号FOF集合资产管理计划,厦门博孚利资产管理有限公司,多资产策略,FOF,,高,团队数据已有团队策略；产品名另指向期货策略/,多资产策略 / FOF,组合策略 / FOF,中衍博孚利优选1号FOF=多资产策略/FOF,,
SNC592,中邮永安和聚一号私募证券投资基金,中邮永安（上海）资产管理有限公司,多资产策略,FOF,,高,团队数据已有团队策略,多资产策略 / FOF,组合策略 / FOF,中邮永安和聚一号=多资产策略/FOF,,
SXM158,中邮永安恒宏一号私募证券投资基金,中邮永安（上海）资产管理有限公司,多资产策略,FOF,,高,团队数据已有团队策略,多资产策略 / FOF,组合策略 / FOF,中邮永安恒宏一号=多资产策略/FOF,,
SNP093,中邮永安鸿安FOF五号私募证券投资基金,中邮永安（上海）资产管理有限公司,多资产策略,FOF,,高,团队数据已有团队策略；产品名含FOF,多资产策略 / FOF,组合策略 / FOF,中邮永安鸿安FOF五号=多资产策略/FOF,,
STT076,中邮永安嘉禾成长三号私募证券投资基金,中邮永安（上海）资产管理有限公司,多资产策略,FOF,,高,团队数据已有团队策略,多资产策略 / FOF,组合策略 / FOF,中邮永安嘉禾成长三号=多资产策略/FOF,,
SGR599,中邮永安如意宁舟FOF私募证券投资基金,中邮永安（上海）资产管理有限公司,多资产策略,FOF,,高,团队数据已有团队策略；产品名含FOF,多资产策略 / FOF,组合策略 / FOF,中邮永安如意宁舟FOF=多资产策略/FOF,,
SXX905,中邮永安松柏一号私募证券投资基金,中邮永安（上海）资产管理有限公司,多资产策略,FOF,,高,团队数据已有团队策略,多资产策略 / FOF,组合策略 / FOF,中邮永安松柏一号=多资产策略/FOF,,
SVQ792,中邮永安天府一号私募证券投资基金,中邮永安（上海）资产管理有限公司,多资产策略,FOF,,高,团队数据已有团队策略,多资产策略 / FOF,组合策略 / FOF,中邮永安天府一号=多资产策略/FOF,,
SLA160,中邮永安鑫安二号私募证券投资基金,中邮永安（上海）资产管理有限公司,多资产策略,FOF,,高,团队数据已有团队策略,多资产策略 / FOF,组合策略 / FOF,中邮永安鑫安二号=多资产策略/FOF,,
SLV942,中邮永安旭力一号私募证券投资基金,中邮永安（上海）资产管理有限公司,多资产策略,FOF,,高,团队数据已有团队策略,多资产策略 / FOF,组合策略 / FOF,中邮永安旭力一号=多资产策略/FOF,,
SALR45,中邮永安云山一号私募证券投资基金,中邮永安（上海）资产管理有限公司,股票多头,,,高,团队数据已有团队策略,股票多头,股票多头,中邮永安云山一号=股票多头,,
SARZ09,中邮永安云上FOF1号私募证券投资基金,中邮永安（上海）资产管理有限公司,多资产策略,FOF,,高,团队数据已有团队策略；产品名含FOF,多资产策略 / FOF,组合策略 / FOF,中邮永安云上FOF1号=多资产策略/FOF；中邮永安云上FOF2号=多资产策略/FOF,,
SAVE25,中邮永安致胜FOF八号私募证券投资基金,中邮永安（上海）资产管理有限公司,多资产策略,FOF,,高,团队数据已有团队策略；产品名含FOF,多资产策略 / FOF,组合策略 / FOF,中邮永安致胜FOF八号=多资产策略/FOF,,
SB4581,中资鑫融复合策略1号私募证券投资基金,中资鑫融（海南）私募基金管理有限公司,多资产策略,,,高,团队数据已有团队策略,多资产策略,多资产策略 / 复合策略,中资鑫融复合策略1号=多资产策略,,
SAUR63,众量多元化CTA1号私募证券投资基金,上海众量私募基金管理有限公司,期货策略,量化期货,时序,高,团队数据已有团队策略；产品名含CTA,期货策略 / 量化期货 / 时序,期货策略 / 量化期货 / 时序,众量多元化CTA1号=期货策略/量化期货/时序；众量多元化CTA1号C类=期货策略/量化期货,,
SBCM82,众量多元化CTA积极型2号私募证券投资基金,上海众量私募基金管理有限公司,期货策略,量化期货,,高,团队数据已有团队策略；产品名含CTA,期货策略 / 量化期货,,众量多元化CTA积极型2号=期货策略/量化期货,,
SAVR48,众量多元化CTA专享3号私募证券投资基金,上海众量私募基金管理有限公司,期货策略,量化期货,时序,高,团队数据已有团队策略；产品名含CTA,期货策略 / 量化期货 / 时序,"期货策略 / 量化期货 / 时序,中高频,股指,量价,商品","众量多元化CTA专享3号=期货策略/量化期货/时序；众量多元化CTA专享3号B类=期货策略/量化期货/时序；众量多元化CTA专享3号A类=期货策略/量化期货/时序,中高频,股指,量价,商品",,
SJS673,众量资产金源1号私募证券投资基金,上海众量私募基金管理有限公司,套利策略,期货套利,"锁仓,高频套利,股指套利",高,团队数据已有团队策略,"套利策略 / 期货套利 / 锁仓,高频套利,股指套利","套利策略 / 期货套利 / 股指套利,高频,锁仓","众量资产金源1号=套利策略/期货套利/锁仓,高频套利,股指套利",,
SBLF14,众量资产聚宝10号私募证券投资基金,上海众量私募基金管理有限公司,股票对冲,股票市场中性,300中性,高,同系列/份额已有团队策略,,,众量资产聚宝12号私募证券投资基金B类=股票对冲/股票市场中性/300中性；众量资产聚宝10号私募证券投资基金C类=股票对冲/股票市场中性/底仓T0；众量资产聚宝19号私募证券投资基金B类=股票对冲/股票市场中性/底仓T0；众量资产聚宝4号=股票对冲/股票市场中性/300中性；众量资产聚宝5号=股票对冲/股票T0/底仓T0,,
SAEC67,众量资产聚宝12号私募证券投资基金,上海众量私募基金管理有限公司,股票对冲,股票市场中性,300中性,高,同系列/份额已有团队策略,,,众量资产聚宝12号私募证券投资基金B类=股票对冲/股票市场中性/300中性；众量资产聚宝10号私募证券投资基金C类=股票对冲/股票市场中性/底仓T0；众量资产聚宝19号私募证券投资基金B类=股票对冲/股票市场中性/底仓T0；众量资产聚宝4号=股票对冲/股票市场中性/300中性；众量资产聚宝5号=股票对冲/股票T0/底仓T0,,
SEJ748,众量资产聚宝19号私募证券投资基金,上海众量私募基金管理有限公司,股票对冲,股票市场中性,300中性,高,同系列/份额已有团队策略,,,众量资产聚宝12号私募证券投资基金B类=股票对冲/股票市场中性/300中性；众量资产聚宝10号私募证券投资基金C类=股票对冲/股票市场中性/底仓T0；众量资产聚宝19号私募证券投资基金B类=股票对冲/股票市场中性/底仓T0；众量资产聚宝4号=股票对冲/股票市场中性/300中性；众量资产聚宝5号=股票对冲/股票T0/底仓T0,,
SAVV28,众量资产聚宝4号私募证券投资基金,上海众量私募基金管理有限公司,股票对冲,股票市场中性,300中性,高,团队数据已有团队策略,股票对冲 / 股票市场中性 / 300中性,股票对冲 / 股票市场中性 / 300中性,众量资产聚宝4号=股票对冲/股票市场中性/300中性；众量资产聚宝12号私募证券投资基金B类=股票对冲/股票市场中性/300中性；众量资产聚宝10号私募证券投资基金C类=股票对冲/股票市场中性/底仓T0；众量资产聚宝19号私募证券投资基金B类=股票对冲/股票市场中性/底仓T0；众量资产聚宝5号=股票对冲/股票T0/底仓T0,,
SBWC83,众量资产添运8号私募证券投资基金,上海众量私募基金管理有限公司,股票多头,指数增强,300指增,高,团队数据已有团队策略,股票多头 / 指数增强 / 300指增,,"众量资产添运8号=股票多头/指数增强/300指增；众量资产添运6号=股票多头/指数增强/1000指增,高频；众量资产添运9号=股票多头/指数增强/1000指增；众量资产添运1号=股票多头/指数增强/300指增；众量资产添运5号=股票多头/指数增强/500指增,高频",,
SGM870,众量资产添运9号私募证券投资基金,上海众量私募基金管理有限公司,股票多头,指数增强,1000指增,高,团队数据已有团队策略,股票多头 / 指数增强 / 1000指增,,"众量资产添运9号=股票多头/指数增强/1000指增；众量资产添运6号=股票多头/指数增强/1000指增,高频；众量资产添运8号=股票多头/指数增强/300指增；众量资产添运1号=股票多头/指数增强/300指增；众量资产添运5号=股票多头/指数增强/500指增,高频",,
SLP301,众量资产万里阳光1号私募证券投资基金,上海众量私募基金管理有限公司,股票对冲,打板,量化,高,团队数据已有团队策略,股票对冲 / 打板 / 量化,,众量资产万里阳光1号=股票对冲/打板/量化,,
SGT848,众量资产致知3号证券投资私募基金,上海众量私募基金管理有限公司,股票对冲,股票T0,,高,团队数据已有团队策略,股票对冲 / 股票T0,股票对冲 / 股票T0,众量资产致知3号=股票对冲/股票T0,,
SS5054,众壹量合乾坤一号私募证券投资基金,上海众壹资产管理有限公司,期货策略,量化期货,,高,团队数据已有团队策略,期货策略 / 量化期货,期货策略 / 量化期货,众壹量合乾坤一号=期货策略/量化期货,,
SS2790,众壹资产宏观宝私募证券投资基金,上海众壹资产管理有限公司,期货策略,主观期货,农产,高,团队数据已有团队策略,期货策略 / 主观期货 / 农产,期货策略 / 主观期货 / 农产,众壹资产宏观宝=期货策略/主观期货/农产,,
SCG035,众壹资产进取套利1号私募投资基金,上海众壹资产管理有限公司,期货策略,主观期货,农产,高,团队数据已有团队策略；产品名另指向套利策略/,期货策略 / 主观期货 / 农产,期货策略 / 主观期货 / 农产,众壹资产进取套利1号=期货策略/主观期货/农产,,
SCV067,众壹资产量合兴成一号私募证券投资基金,上海众壹资产管理有限公司,期货策略,量化期货,"时序,量价",高,团队数据已有团队策略,"期货策略 / 量化期货 / 时序,量价",期货策略 / 量化期货 / 混合均衡,"众壹资产量合兴成一号=期货策略/量化期货/时序,量价；众壹资产量合兴成一号A类=期货策略/量化期货",,
SSJ434,众壹资产量合一号私募证券投资基金,上海众壹资产管理有限公司,期货策略,量化期货,时序,高,团队数据已有团队策略,期货策略 / 量化期货 / 时序,期货策略 / 量化期货 / 时序,众壹资产量合一号=期货策略/量化期货/时序,,
SXE984,众壹资产伊雷稳进七号私募证券投资基金,上海众壹资产管理有限公司,套利策略,,,高,团队数据已有团队策略,套利策略,套利策略 / 基金套利 / ETF套利,众壹资产伊雷稳进七号=套利策略；众壹资产伊雷稳进七号A类=套利策略,,
SND544,众壹资产伊雷远山五号私募证券投资基金,上海众壹资产管理有限公司,期货策略,主观期货,农产,高,团队数据已有团队策略,期货策略 / 主观期货 / 农产,期货策略 / 主观期货 / 农产,众壹资产伊雷远山五号=期货策略/主观期货/农产,,
SGJ584,众智农产品一号私募证券投资基金,广州众智私募基金管理有限公司,期货策略,主观期货,农产,高,团队数据已有团队策略,期货策略 / 主观期货 / 农产,期货策略 / 主观期货 / 农产,众智农产品一号=期货策略/主观期货/农产,,
SCQ519,众智悦金二号私募证券投资基金,广州众智私募基金管理有限公司,期货策略,主观期货,黑色,高,团队数据已有团队策略,期货策略 / 主观期货 / 黑色,期货策略 / 主观期货 / 黑色,众智悦金二号=期货策略/主观期货/黑色,,
SH8108,珠池大数据热点追踪基金1期,上海珠池资产管理有限公司,多资产策略,FOF,,高,团队数据已有团队策略,多资产策略 / FOF,组合策略 / FOF,,,
SZF421,珠池仁合5号私募证券投资基金,上海珠池资产管理有限公司,期权策略,场内期权,商品波动率,高,团队数据已有团队策略,期权策略 / 场内期权 / 商品波动率,期权策略 / 场内期权 / 中性波动率交易,珠池仁合5号=期权策略/场内期权/商品波动率；珠池仁合16号=期权策略/场内期权/商品波动率,,
SXM002,铸锋纯钧19号私募证券投资基金,铸锋资产管理（北京）有限公司,股票多头,,,高,团队数据已有团队策略,股票多头,股票多头 / 量化选股,铸锋纯钧19号=股票多头,,
SBMV28,铸锋太阿2号私募证券投资基金,铸锋资产管理（北京）有限公司,股票多头,,,高,团队数据已有团队策略,股票多头,股票多头,铸锋太阿2号=股票多头；铸锋太阿5号=股票多头,,
SBRX65,铸锋太阿5号私募证券投资基金,铸锋资产管理（北京）有限公司,股票多头,,,高,团队数据已有团队策略,股票多头,股票多头,铸锋太阿5号=股票多头；铸锋太阿2号=股票多头,,
SBGK14,庄严睿行1号私募证券投资基金,上海庄严私募基金管理有限公司,股票多头,,,高,团队数据已有团队策略,股票多头,股票多头 / 量化选股,庄严睿行1号=股票多头,,
SAJU79,准星量化对冲三号私募证券投资基金,深圳市准星私募证券基金管理有限公司,股票对冲,股票市场中性,高频,高,同系列/份额已有团队策略；产品名含对冲,,,准星量化对冲三号私募证券投资基金A类=股票对冲/股票市场中性/高频,,
SBME10,准星量化对冲一号私募证券投资基金,深圳市准星私募证券基金管理有限公司,股票对冲,股票市场中性,量价,高,团队数据已有团队策略；产品名含对冲,股票对冲 / 股票市场中性 / 量价,股票多头 / 1000指增,准星量化对冲一号=股票对冲/股票市场中性/量价；准星量化对冲一号B类=股票多头/指数增强/1000指增；准星量化对冲一号A类=股票对冲/股票市场中性/量价,,
SB9539,卓胜1000量化对冲一号私募证券投资基金,上海卓胜私募基金管理合伙企业（有限合伙）,股票对冲,股票市场中性,"量价,中频",高,团队数据已有团队策略；产品名含对冲,"股票对冲 / 股票市场中性 / 量价,中频","股票对冲 / 股票市场中性 / 中频,量价","卓胜1000量化对冲一号=股票对冲/股票市场中性/量价,中频",,
SXL184,卓胜500量化对冲三号私募证券投资基金,上海卓胜私募基金管理合伙企业（有限合伙）,股票对冲,股票市场中性,"500中性,量价,中频",高,团队数据已有团队策略；产品名含对冲,"股票对冲 / 股票市场中性 / 500中性,量价,中频","股票对冲 / 股票市场中性 / 中频,量价,500中性","卓胜500量化对冲三号=股票对冲/股票市场中性/500中性,量价,中频",,
SZD029,卓胜中证1000指数增强一号私募证券投资基金,上海卓胜私募基金管理合伙企业（有限合伙）,股票多头,指数增强,"1000指增,中频",高,团队数据已有团队策略；产品名含1000指增,"股票多头 / 指数增强 / 1000指增,中频","股票多头 / 1000指增 / 中频,量价","卓胜中证1000指数增强一号=股票多头/指数增强/1000指增,中频",,
SCL316,卓识利民私募证券投资基金,北京卓识私募基金管理有限公司,股票对冲,股票市场中性,"500中性,中频",高,团队数据已有团队策略,"股票对冲 / 股票市场中性 / 500中性,中频","股票对冲 / 股票市场中性 / 中频,量价,500中性","卓识利民=股票对冲/股票市场中性/500中性,中频",,
SXK139,卓耀润裕6号私募证券投资基金,山东卓耀私募基金管理有限公司,期货策略,量化期货,中高频,高,团队数据已有团队策略,期货策略 / 量化期货 / 中高频,期货策略 / 量化期货 / 时序,卓耀润裕6号=期货策略/量化期货/中高频,,
SBWF50,卓臻赤松睿泉三号私募证券投资基金,卓臻（深圳）私募证券基金管理有限公司,股票多头,主观多头,,高,同系列/份额已有团队策略,,,卓臻赤松睿泉三号A类=股票多头/主观多头,,
SBQG60,子润天狩1号私募证券投资基金,宁波子润投资管理有限公司,股票多头,,,高,团队数据已有团队策略,股票多头,股票多头,子润天狩1号=股票多头,,
SSD578,子午500指数增强定制一号私募证券投资基金,上海子午投资管理有限公司,股票多头,指数增强,"500指增,量价,高频",高,团队数据已有团队策略；产品名含指增/指数增强,"股票多头 / 指数增强 / 500指增,量价,高频","股票多头 / 500指增 / 高频,量价","子午500指数增强定制一号=股票多头/指数增强/500指增,量价,高频",,
SZS966,子午中性十六号私募证券投资基金,上海子午投资管理有限公司,股票对冲,股票市场中性,,高,团队数据已有团队策略,股票对冲 / 股票市场中性,股票对冲 / 股票市场中性,子午中性十六号=股票对冲/股票市场中性,,
SZE713,棕榈滩前行私募证券投资基金,泉州棕榈滩私募基金管理有限公司,债券策略,利率债,国债期货,高,团队数据已有团队策略,债券策略 / 利率债 / 国债期货,,棕榈滩前行=债券策略/利率债/国债期货,,
SCC343,棕榈滩泰来六号私募证券投资基金,泉州棕榈滩私募基金管理有限公司,股票对冲,打板,盘中板,高,同系列/份额已有团队策略,,,棕榈滩泰来六号私募证券投资基金A类=股票对冲/打板/盘中板,,
SBVC41,棕榈滩泰来三号私募证券投资基金,泉州棕榈滩私募基金管理有限公司,股票对冲,打板,"量化,盘中板,扫板",高,同系列/份额已有团队策略,,,"棕榈滩泰来三号A类=股票对冲/打板/量化,盘中板,扫板",,
SAVF39,棕榈滩泰来私募证券投资基金,泉州棕榈滩私募基金管理有限公司,股票对冲,打板,盘中板,高,同系列/份额已有团队策略,,,棕榈滩泰来A类=股票对冲/打板/盘中板,,
SAGT37,棕榈滩泰来四号私募证券投资基金,泉州棕榈滩私募基金管理有限公司,股票对冲,打板,盘中板,高,同系列/份额已有团队策略,,,棕榈滩泰来四号私募证券投资基金A类=股票对冲/打板/盘中板,,
SXG157,尊和博投3号私募证券投资基金,杭州尊和资产管理有限公司,股票对冲,股票市场中性,"量价,多策略",高,团队数据已有团队策略,"股票对冲 / 股票市场中性 / 量价,多策略",股票对冲 / 股票市场中性,"尊和博投3号=股票对冲/股票市场中性/量价,多策略",,
SGY648,SAP智龙中证1000指数增强漓江一号私募证券投资基金,深圳前海智龙资本管理有限公司,期货策略,量化期货,"截面,中高频",高,团队数据已有团队策略；产品名另指向股票多头/指数增强,"期货策略 / 量化期货 / 截面,中高频",股票多头 / 1000指增,"SAP智龙中证1000指数增强漓江一号=期货策略/量化期货/截面,中高频",,产品名指向股票多头/指数增强，与已有团队策略不一致
SBEW45,因诺专享CTA2号私募证券投资基金,因诺（上海）资产管理有限公司,期货策略,,,中,产品名含CTA,,,,,
SBVK42,鋆晟狮成套利1号私募证券投资基金,上海鋆晟投资管理有限公司,套利策略,,,中,产品名含套利,,,,,
SXM695,淳德行稳致远私募证券投资基金,上海淳德行知私募基金管理有限公司,,,,,,,,,,名称/团队数据/同系列均无法可靠推断
SAGX88,淳阳飞跃6号私募证券投资基金,上海淳阳私募基金管理有限公司,,,,,,,,,,名称/团队数据/同系列均无法可靠推断
SBTZ74,大椿全球精选1号私募证券投资基金,海南大椿私募基金管理合伙企业（有限合伙）,,,,,,,,,,名称/团队数据/同系列均无法可靠推断
SAMR74,大椿全球精选2号私募证券投资基金,海南大椿私募基金管理合伙企业（有限合伙）,,,,,,,,,,名称/团队数据/同系列均无法可靠推断
SXP646,大树-前海安银6号私募证券投资基金,深圳市大树私募证券基金管理有限公司,,,,,,,,,,名称/团队数据/同系列均无法可靠推断
SBPC39,大树-前海安溋8号私募证券投资基金,深圳市大树私募证券基金管理有限公司,,,,,,,,,,名称/团队数据/同系列均无法可靠推断
SBVS97,德贝瑞悦龄稳健2期私募证券投资基金,德贝瑞私募基金管理（北京）有限公司,,,,,,,,,,名称/团队数据/同系列均无法可靠推断
SATD70,蜂起全球均衡配置1号私募证券投资基金,珠海蜂起资本私募基金管理有限公司,,,,,,,,,,名称/团队数据/同系列均无法可靠推断
SADE15,汉鸿景明1号私募证券投资基金,上海汉鸿私募基金管理有限公司,,,,,,,,,,名称/团队数据/同系列均无法可靠推断
SBPU97,衡颐海泰1号私募证券投资基金,上海衡颐资产管理有限公司,,,,,,,,,,名称/团队数据/同系列均无法可靠推断
SZH568,宏翼云丰1号,上海宏翼,,,,,,,,,,名称/团队数据/同系列均无法可靠推断
SBMM50,环恒启明星1号私募证券投资基金,浙江环恒资产管理有限公司,,,,,,,,,,名称/团队数据/同系列均无法可靠推断
SB2635,嘉鸿复利3号私募证券投资基金,上海嘉鸿私募基金管理有限公司,,,,,,,,,,名称/团队数据/同系列均无法可靠推断
SAVW72,金舆基石一号私募证券投资基金,上海金舆资产管理有限公司,,,,,,,,,,名称/团队数据/同系列均无法可靠推断
SCP742,金舆木盛那平江1号私募证券投资基金,上海金舆资产管理有限公司,,,,,,,,,,名称/团队数据/同系列均无法可靠推断
SCN504,金舆守安一号私募证券投资基金,上海金舆资产管理有限公司,,,,,,,,,,名称/团队数据/同系列均无法可靠推断
SCQ403,金舆锡泰一号私募证券投资基金,上海金舆资产管理有限公司,,,,,,,,,,名称/团队数据/同系列均无法可靠推断
SJ5938,金舆中国互联网私募证券投资基金,上海金舆资产管理有限公司,,,,,,,,,,名称/团队数据/同系列均无法可靠推断
SCJ536,金舆追风1号私募证券投资基金,上海金舆资产管理有限公司,,,,,,,,,,名称/团队数据/同系列均无法可靠推断
SY2965,聚鸣积极成长2号私募证券投资基金,上海聚鸣投资管理有限公司,,,,,,,,,,名称/团队数据/同系列均无法可靠推断
SADR37,均成正选1号私募证券投资基金,广东横琴均成私募基金管理有限公司,,,,,,,,,,名称/团队数据/同系列均无法可靠推断
SASB11,坤望锦鲤专享6号私募证券投资基金,上海坤望私募基金管理有限公司,,,,,,,,坤望锦鲤专享6号B类=股票对冲/股票市场中性/量价；坤望锦鲤专享5号=股票多头/指数增强/500指增,,名称/团队数据/同系列均无法可靠推断
SBUT29,六妙星豪鑫多策略8号私募证券投资基金,六妙星（北京）私募基金管理有限公司,,,,,,,,,,名称/团队数据/同系列均无法可靠推断
SBEZ00,蒙特卡罗远航11号,西安蒙特卡罗基金管理有限公司,,,,,,,,,,名称/团队数据/同系列均无法可靠推断
BEZ00A,蒙特卡罗远航11号A类,西安蒙特卡罗基金,,,,,,,,,,名称/团队数据/同系列均无法可靠推断
BEZ00B,蒙特卡罗远航11号B类,西安蒙特卡罗基金,,,,,,,,,,名称/团队数据/同系列均无法可靠推断
SACB73,明阅金银1号私募证券投资基金,上海明阅私募基金管理有限公司,,,,,,,,,,名称/团队数据/同系列均无法可靠推断
SCD049,鸣石量化十三号私募证券投资基金,上海鸣石私募基金管理有限公司,,,,,,,,,,名称/团队数据/同系列均无法可靠推断
SET723,墨雪顺遂二号私募证券投资基金,上海墨雪私募基金管理有限公司,,,,,,,,,,名称/团队数据/同系列均无法可靠推断
SBGD35,奇盾抱朴专享1号私募证券投资基金,上海奇盾世家私募基金管理有限公司,,,,,,,,,,名称/团队数据/同系列均无法可靠推断
STD711,乾行天合稳健私募证券投资基金,厦门市乾行资产管理有限公司,,,,,,,,,,名称/团队数据/同系列均无法可靠推断
SXR596,乾行尊享五号私募证券投资基金,厦门市乾行资产管理有限公司,,,,,,,,,,名称/团队数据/同系列均无法可靠推断
SJA874,青蚨万德3号私募证券投资基金,厦门青蚨投资管理有限公司,,,,,,,,,,名称/团队数据/同系列均无法可靠推断
SBBX56,青蚨万华1号私募证券投资基金,厦门青蚨投资管理有限公司,,,,,,,,,,名称/团队数据/同系列均无法可靠推断
SBUV99,青蚨万亿2号私募证券投资基金,厦门青蚨投资管理有限公司,,,,,,,,,,名称/团队数据/同系列均无法可靠推断
SBNX55,荣熙共赢私募证券投资基金,上海荣熙私募基金管理有限公司,,,,,,,,,,名称/团队数据/同系列均无法可靠推断
SBDF95,锐耐稳健对冲11号私募证券投资基金,上海锐耐私募基金管理有限公司,股票对冲,,,低,产品名含对冲,,,,,
SAGE52,睿富2号私募证券投资基金,海南睿富私募基金管理有限公司,,,,,,,,,,名称/团队数据/同系列均无法可靠推断
SARL06,润洲笃行致远一号私募证券投资基金,杭州润洲私募基金管理有限公司,,,,,,,,,,名称/团队数据/同系列均无法可靠推断
SBSA20,尚艺全周期中波版省心享1号私募证券投资基金,北京尚艺私募基金管理有限公司,,,,,,,,,,名称/团队数据/同系列均无法可靠推断
SW4484,社润泽润一号私募基金,成都社润投资咨询有限公司,,,,,,,,,,名称/团队数据/同系列均无法可靠推断
SAEB07,藤创1号私募证券投资基金,上海藤创私募基金管理有限公司,,,,,,,,,,名称/团队数据/同系列均无法可靠推断
SAWK13,天源汇丽昊阳3号私募证券投资基金,深圳前海天源汇通投资管理中心（有限合伙）,,,,,,,,,,名称/团队数据/同系列均无法可靠推断
SAUM68,天源汇丽华彩1号私募证券投资基金,深圳前海天源汇通投资管理中心（有限合伙）,,,,,,,,,,名称/团队数据/同系列均无法可靠推断
SVF015,添橙比邻星二号私募证券投资基金,上海添橙私募基金管理有限公司,,,,,,,,,,名称/团队数据/同系列均无法可靠推断
SSL249,添橙睿行一号私募证券投资基金,上海添橙私募基金管理有限公司,,,,,,,,,,名称/团队数据/同系列均无法可靠推断
SAJK88,问境天启1号私募证券投资基金,问境私募基金管理(北京)有限公司,,,,,,,,,,名称/团队数据/同系列均无法可靠推断
TD907A,谢诺辰阳行业Alpha私募证券母基金A类,广东谢诺辰阳,,,,,,,,,,名称/团队数据/同系列均无法可靠推断
SACF52,英旷专享6号私募证券投资基金,英旷资产管理（上海）有限公司,,,,,,,,英旷专享6号私募证券投资基金A类=股票对冲/股票多空/场内券；英旷专享3号A类=套利策略/可转债套利/融券对冲；英旷专享2号A类=套利策略/可转债套利/融券对冲；英旷专享3号=套利策略/可转债套利/融券对冲；英旷专享2号=套利策略/可转债套利/融券对冲；英旷专享1号=套利策略/可转债套利/融券对冲；英旷专享2号B类=套利策略/可转债套利；英旷专享3号B类=套利策略/可转债套利/融券对冲,,名称/团队数据/同系列均无法可靠推断
SLS963,赢仕创鑫一号私募证券投资基金,上海赢仕投资管理有限公司,,,,,,,,,,名称/团队数据/同系列均无法可靠推断
SB0905,赢仕天府私募证券投资基金,上海赢仕投资管理有限公司,,,,,,,,,,名称/团队数据/同系列均无法可靠推断
SJC726,元苔边际混合策略一号私募证券投资基金,上海元苔投资管理有限公司,,,,,,,,,,名称/团队数据/同系列均无法可靠推断
SBFP56,挚盟源飞一号私募证券投资基金,北京挚盟资本管理有限公司,,,,,,,,,,名称/团队数据/同系列均无法可靠推断
SAWJ28,智领聚配明枢私募证券投资基金,福州高新区智领三联私募基金管理有限公司,,,,,,,,,,名称/团队数据/同系列均无法可靠推断
SGT288,卓尚天道1号私募证券投资基金,上海卓尚私募基金管理有限公司,,,,,,,,,,名称/团队数据/同系列均无法可靠推断
SBSQ40,自然红启程2号私募证券投资基金,自然红（平潭）资产管理有限公司,,,,,,,,,,名称/团队数据/同系列均无法可靠推断
