fof99 policy: weekly=9717  skip=642  update_slow=1093
filter »ð¸»Å£ latest in [2026-08-01, 2026-09-01): 8087 weekly products
universe policy=weekly: 8087 products
skip CN holiday Fridays (no credits): 2026-06-19, 2026-05-01
known »ð¸»Å£ latest batches: 188
latest Friday: 2026-09-04
planned batches: 2288  (budget 3100)
  2026-08-31 (known): 736 products ¡ú 19 credits
  2026-08-28 (known): 6329 products ¡ú 159 credits
  2026-08-27 (known): 20 products ¡ú 1 credits
  2026-08-26 (known): 27 products ¡ú 1 credits
  2026-08-25 (known): 39 products ¡ú 1 credits
  2026-08-24 (known): 121 products ¡ú 4 credits
  2026-08-21 (known): 6638 products ¡ú 167 credits
  2026-08-20 (known): 1 products ¡ú 1 credits
  2026-08-19 (known): 3 products ¡ú 1 credits
  2026-08-17 (known): 3 products ¡ú 1 credits
  2026-08-14 (known): 6898 products ¡ú 174 credits
  2026-08-13 (known): 2 products ¡ú 1 credits
  2026-08-12 (known): 1 products ¡ú 1 credits
  2026-08-11 (known): 5 products ¡ú 1 credits
  2026-08-10 (known): 10 products ¡ú 1 credits
  2026-08-07 (known): 6987 products ¡ú 175 credits
  2026-08-06 (known): 1 products ¡ú 1 credits
  2026-08-05 (known): 2 products ¡ú 1 credits
  2026-08-03 (known): 8 products ¡ú 1 credits
  2026-07-31 (Friday): 6998 products ¡ú 175 credits
  2026-07-24 (Friday): 6998 products ¡ú 175 credits
  2026-07-17 (Friday): 6998 products ¡ú 175 credits
  2026-07-10 (Friday): 6998 products ¡ú 175 credits
  2026-07-03 (Friday): 6998 products ¡ú 175 credits
  2026-06-26 (Friday): 6998 products ¡ú 175 credits
  2026-06-12 (Friday): 6998 products ¡ú 175 credits
  2026-06-05 (Friday): 6998 products ¡ú 175 credits
  2026-05-29 (Friday): 6969 products ¡ú 175 credits
  2026-05-22 (Friday): 14 products ¡ú 1 credits
  2026-05-15 (Friday): 1 products ¡ú 1 credits
[1/2288] credit 1  2026-08-31  n=40  SQD418¡­SQR955
    saved ok=40 no_data=0  credits_used=1/2288
[2/2288] credit 2  2026-08-31  n=40  SQR957¡­SS6559
    saved ok=40 no_data=0  credits_used=2/2288
[3/2288] credit 3  2026-08-31  n=40  SS7644¡­SSN446
    saved ok=40 no_data=0  credits_used=3/2288
[4/2288] credit 4  2026-08-31  n=40  SSP855¡­ST8960
    saved ok=40 no_data=0  credits_used=4/2288
[5/2288] credit 5  2026-08-31  n=40  STA094¡­STJ718
    saved ok=40 no_data=0  credits_used=5/2288
[6/2288] credit 6  2026-08-31  n=40  STJ946¡­STU266
    saved ok=40 no_data=0  credits_used=6/2288
[7/2288] credit 7  2026-08-31  n=40  STU459¡­SVB591
    saved ok=40 no_data=0  credits_used=7/2288
[8/2288] credit 8  2026-08-31  n=40  SVC073¡­SVN286
    saved ok=40 no_data=0  credits_used=8/2288
[9/2288] credit 9  2026-08-31  n=40  SVN336¡­SVY121
    saved ok=40 no_data=0  credits_used=9/2288
[10/2288] credit 10  2026-08-31  n=40  SVY141¡­SXC942
    saved ok=40 no_data=0  credits_used=10/2288
[11/2288] credit 11  2026-08-31  n=40  SXD110¡­SXN280
    saved ok=40 no_data=0  credits_used=11/2288
[12/2288] credit 12  2026-08-31  n=40  SXN301¡­SXY056
    saved ok=40 no_data=0  credits_used=12/2288
[13/2288] credit 13  2026-08-31  n=40  SXY625¡­SZB198
    saved ok=40 no_data=0  credits_used=13/2288
[14/2288] credit 14  2026-08-31  n=40  SZB342¡­SZK013
    saved ok=40 no_data=0  credits_used=14/2288
[15/2288] credit 15  2026-08-31  n=40  SZK280¡­SZT627
    saved ok=40 no_data=0  credits_used=15/2288
[16/2288] credit 16  2026-08-31  n=40  SZT918¡­TR261C
    saved ok=40 no_data=0  credits_used=16/2288
[17/2288] credit 17  2026-08-31  n=40  TT153C¡­XD376A
    saved ok=40 no_data=0  credits_used=17/2288
[18/2288] credit 18  2026-08-31  n=40  XD709A¡­ZJ461C
    saved ok=40 no_data=0  credits_used=18/2288
[19/2288] credit 19  2026-08-31  n=16  ZJ852A¡­ZW810B
    saved ok=16 no_data=0  credits_used=19/2288
[20/2288] credit 20  2026-08-28  n=40  09408B¡­ACB53A
    saved ok=40 no_data=0  credits_used=20/2288
[21/2288] credit 21  2026-08-28  n=40  ACE93C¡­AEQ57B
    saved ok=40 no_data=0  credits_used=21/2288
[22/2288] credit 22  2026-08-28  n=40  AES25A¡­AHF84A
    saved ok=40 no_data=0  credits_used=22/2288
[23/2288] credit 23  2026-08-28  n=40  AHH85B¡­AJX74B
    saved ok=40 no_data=0  credits_used=23/2288
[24/2288] credit 24  2026-08-28  n=40  AKA87B¡­AMY32B
    saved ok=40 no_data=0  credits_used=24/2288
[25/2288] credit 25  2026-08-28  n=40  ANA88A¡­AQT43C
    saved ok=40 no_data=0  credits_used=25/2288
[26/2288] credit 26  2026-08-28  n=40  AQV27A¡­ASG91C
    saved ok=40 no_data=0  credits_used=26/2288
[27/2288] credit 27  2026-08-28  n=40  ASJ12B¡­AUP49B
    saved ok=40 no_data=0  credits_used=27/2288
[28/2288] credit 28  2026-08-28  n=40  AUR37B¡­AWD90A
    saved ok=40 no_data=0  credits_used=28/2288
[29/2288] credit 29  2026-08-28  n=40  AWD95A¡­AXX90C
    saved ok=40 no_data=0  credits_used=29/2288
[30/2288] credit 30  2026-08-28  n=40  AXX91B¡­AZK73A
    saved ok=40 no_data=0  credits_used=30/2288
[31/2288] credit 31  2026-08-28  n=40  AZL07A¡­B8108A
    saved ok=40 no_data=0  credits_used=31/2288
[32/2288] credit 32  2026-08-28  n=40  B8234B¡­BBY13A
    saved ok=40 no_data=0  credits_used=32/2288
[33/2288] credit 33  2026-08-28  n=40  BBY84A¡­BDX08A
    saved ok=40 no_data=0  credits_used=33/2288
[34/2288] credit 34  2026-08-28  n=40  BEA88B¡­BME17C
    saved ok=40 no_data=0  credits_used=34/2288
[35/2288] credit 35  2026-08-28  n=40  BRB70A¡­EU753A
    saved ok=40 no_data=0  credits_used=35/2288
[36/2288] credit 36  2026-08-28  n=40  EV220B¡­GY876A
    saved ok=40 no_data=0  credits_used=36/2288
[37/2288] credit 37  2026-08-28  n=40  GZ132A¡­JV363B
    saved ok=40 no_data=0  credits_used=37/2288
[38/2288] credit 38  2026-08-28  n=40  JV784A¡­LR281B
    saved ok=40 no_data=0  credits_used=38/2288
[39/2288] credit 39  2026-08-28  n=40  LT030B¡­NG031B
    saved ok=40 no_data=0  credits_used=39/2288
[40/2288] credit 40  2026-08-28  n=40  NG665B¡­QD279B
    saved ok=40 no_data=0  credits_used=40/2288
[41/2288] credit 41  2026-08-28  n=40  QD546B¡­QW121A
    saved ok=40 no_data=0  credits_used=41/2288
[42/2288] credit 42  2026-08-28  n=40  QW214B¡­S23921
    saved ok=40 no_data=0  credits_used=42/2288
[43/2288] credit 43  2026-08-28  n=40  S23977¡­S38013
    saved ok=40 no_data=0  credits_used=43/2288
[44/2288] credit 44  2026-08-28  n=40  S38015¡­S81864
    saved ok=40 no_data=0  credits_used=44/2288
[45/2288] credit 45  2026-08-28  n=40  S82268¡­SAAS43
    saved ok=40 no_data=0  credits_used=45/2288
[46/2288] credit 46  2026-08-28  n=40  SAAU83¡­SACJ72
    saved ok=40 no_data=0  credits_used=46/2288
[47/2288] credit 47  2026-08-28  n=40  SACN67¡­SADW43
    saved ok=40 no_data=0  credits_used=47/2288
[48/2288] credit 48  2026-08-28  n=40  SADY05¡­SAFM97
    saved ok=40 no_data=0  credits_used=48/2288
[49/2288] credit 49  2026-08-28  n=40  SAFM98¡­SAGJ85
    saved ok=40 no_data=0  credits_used=49/2288
[50/2288] credit 50  2026-08-28  n=40  SAGK00¡­SAHK74
    saved ok=40 no_data=0  credits_used=50/2288
[51/2288] credit 51  2026-08-28  n=40  SAHK81¡­SAJK20
    saved ok=40 no_data=0  credits_used=51/2288
[52/2288] credit 52  2026-08-28  n=40  SAJL64¡­SAKH45
    saved ok=40 no_data=0  credits_used=52/2288
[53/2288] credit 53  2026-08-28  n=40  SAKK41¡­SALY00
    saved ok=40 no_data=0  credits_used=53/2288
[54/2288] credit 54  2026-08-28  n=40  SALY56¡­SAMX35
    saved ok=40 no_data=0  credits_used=54/2288
[55/2288] credit 55  2026-08-28  n=40  SAMY32¡­SAPS46
    saved ok=40 no_data=0  credits_used=55/2288
[56/2288] credit 56  2026-08-28  n=40  SAPT05¡­SARB00
    saved ok=40 no_data=0  credits_used=56/2288
[57/2288] credit 57  2026-08-28  n=40  SARB66¡­SASD37
    saved ok=40 no_data=0  credits_used=57/2288
[58/2288] credit 58  2026-08-28  n=40  SASD79¡­SATB44
    saved ok=40 no_data=0  credits_used=58/2288
[59/2288] credit 59  2026-08-28  n=40  SATC65¡­SATX15
    saved ok=40 no_data=0  credits_used=59/2288
[60/2288] credit 60  2026-08-28  n=40  SATZ18¡­SAUV60
    saved ok=40 no_data=0  credits_used=60/2288
[61/2288] credit 61  2026-08-28  n=40  SAUW38¡­SAVR76
    saved ok=40 no_data=0  credits_used=61/2288
[62/2288] credit 62  2026-08-28  n=40  SAVR87¡­SAWR59
    saved ok=40 no_data=0  credits_used=62/2288
[63/2288] credit 63  2026-08-28  n=40  SAWS52¡­SAXQ26
    saved ok=40 no_data=0  credits_used=63/2288
[64/2288] credit 64  2026-08-28  n=40  SAXQ52¡­SAYQ82
    saved ok=40 no_data=0  credits_used=64/2288
[65/2288] credit 65  2026-08-28  n=40  SAYQ84¡­SAZQ74
    saved ok=40 no_data=0  credits_used=65/2288
[66/2288] credit 66  2026-08-28  n=40  SAZR24¡­SB1948
    saved ok=40 no_data=0  credits_used=66/2288
[67/2288] credit 67  2026-08-28  n=40  SB1974¡­SB6750
    saved ok=40 no_data=0  credits_used=67/2288
[68/2288] credit 68  2026-08-28  n=40  SB6759¡­SB9656
    saved ok=40 no_data=0  credits_used=68/2288
[69/2288] credit 69  2026-08-28  n=40  SB9677¡­SBBE58
    saved ok=40 no_data=0  credits_used=69/2288
[70/2288] credit 70  2026-08-28  n=40  SBBE63¡­SBCN64
    saved ok=40 no_data=0  credits_used=70/2288
[71/2288] credit 71  2026-08-28  n=40  SBCN79¡­SBDQ50
    saved ok=40 no_data=0  credits_used=71/2288
[72/2288] credit 72  2026-08-28  n=40  SBDR09¡­SBEX74
    saved ok=40 no_data=0  credits_used=72/2288
[73/2288] credit 73  2026-08-28  n=40  SBEX77¡­SBGK75
    saved ok=40 no_data=0  credits_used=73/2288
[74/2288] credit 74  2026-08-28  n=40  SBGN61¡­SBLK54
    saved ok=40 no_data=0  credits_used=74/2288
[75/2288] credit 75  2026-08-28  n=40  SBLM15¡­SCG032
    saved ok=40 no_data=0  credits_used=75/2288
[76/2288] credit 76  2026-08-28  n=40  SCG098¡­SCP765
    saved ok=40 no_data=0  credits_used=76/2288
[77/2288] credit 77  2026-08-28  n=40  SCP888¡­SCY586
    saved ok=40 no_data=0  credits_used=77/2288
[78/2288] credit 78  2026-08-28  n=40  SCY660¡­SEA397
    saved ok=40 no_data=0  credits_used=78/2288
[79/2288] credit 79  2026-08-28  n=40  SEA491¡­SEK653
    saved ok=40 no_data=0  credits_used=79/2288
[80/2288] credit 80  2026-08-28  n=40  SEK744¡­SET176
    saved ok=40 no_data=0  credits_used=80/2288
[81/2288] credit 81  2026-08-28  n=40  SET179¡­SEZ219
    saved ok=40 no_data=0  credits_used=81/2288
[82/2288] credit 82  2026-08-28  n=40  SEZ259¡­SGC923
    saved ok=40 no_data=0  credits_used=82/2288
[83/2288] credit 83  2026-08-28  n=40  SGC924¡­SGG334
    saved ok=40 no_data=0  credits_used=83/2288
[84/2288] credit 84  2026-08-28  n=40  SGG375¡­SGM549
    saved ok=40 no_data=0  credits_used=84/2288
[85/2288] credit 85  2026-08-28  n=40  SGM633¡­SGS730
    saved ok=40 no_data=0  credits_used=85/2288
[86/2288] credit 86  2026-08-28  n=40  SGS990¡­SGY945
    saved ok=40 no_data=0  credits_used=86/2288
[87/2288] credit 87  2026-08-28  n=40  SGZ152¡­SJB419
    saved ok=40 no_data=0  credits_used=87/2288
[88/2288] credit 88  2026-08-28  n=40  SJB563¡­SJF790
    saved ok=40 no_data=0  credits_used=88/2288
[89/2288] credit 89  2026-08-28  n=40  SJG021¡­SJK801
    saved ok=40 no_data=0  credits_used=89/2288
[90/2288] credit 90  2026-08-28  n=40  SJK853¡­SJP694
    saved ok=40 no_data=0  credits_used=90/2288
[91/2288] credit 91  2026-08-28  n=40  SJP772¡­SJT504
    saved ok=40 no_data=0  credits_used=91/2288
[92/2288] credit 92  2026-08-28  n=40  SJT604¡­SJX273
    saved ok=40 no_data=0  credits_used=92/2288
[93/2288] credit 93  2026-08-28  n=40  SJX339¡­SK9881
    saved ok=40 no_data=0  credits_used=93/2288
[94/2288] credit 94  2026-08-28  n=40  SL1869¡­SLD035
    saved ok=40 no_data=0  credits_used=94/2288
[95/2288] credit 95  2026-08-28  n=40  SLD047¡­SLL138
    saved ok=40 no_data=0  credits_used=95/2288
[96/2288] credit 96  2026-08-28  n=40  SLL278¡­SLQ635
    saved ok=40 no_data=0  credits_used=96/2288
[97/2288] credit 97  2026-08-28  n=40  SLQ664¡­SLW259
    saved ok=40 no_data=0  credits_used=97/2288
[98/2288] credit 98  2026-08-28  n=40  SLW411¡­SM9316
    saved ok=40 no_data=0  credits_used=98/2288
[99/2288] credit 99  2026-08-28  n=40  SN0036¡­SNA956
    saved ok=40 no_data=0  credits_used=99/2288
[100/2288] credit 100  2026-08-28  n=40  SNA958¡­SNG665
    saved ok=40 no_data=0  credits_used=100/2288
[101/2288] credit 101  2026-08-28  n=40  SNG851¡­SNM225
    saved ok=40 no_data=0  credits_used=101/2288
[102/2288] credit 102  2026-08-28  n=40  SNM405¡­SNR680
    saved ok=40 no_data=0  credits_used=102/2288
[103/2288] credit 103  2026-08-28  n=40  SNR692¡­SNV650
    saved ok=40 no_data=0  credits_used=103/2288
[104/2288] credit 104  2026-08-28  n=40  SNV708¡­SQ460A
    saved ok=40 no_data=0  credits_used=104/2288
[105/2288] credit 105  2026-08-28  n=40  SQA205¡­SQE764
    saved ok=40 no_data=0  credits_used=105/2288
[106/2288] credit 106  2026-08-28  n=40  SQE801¡­SQL113
    saved ok=40 no_data=0  credits_used=106/2288
[107/2288] credit 107  2026-08-28  n=40  SQL330¡­SQQ880
    saved ok=40 no_data=0  credits_used=107/2288
[108/2288] credit 108  2026-08-28  n=40  SQR168¡­SQW214
    saved ok=40 no_data=0  credits_used=108/2288
[109/2288] credit 109  2026-08-28  n=40  SQW603¡­SS0023
    saved ok=40 no_data=0  credits_used=109/2288
[110/2288] credit 110  2026-08-28  n=40  SS021A¡­SSA635
    saved ok=40 no_data=0  credits_used=110/2288
[111/2288] credit 111  2026-08-28  n=40  SSA743¡­SSH099
    saved ok=40 no_data=0  credits_used=111/2288
[112/2288] credit 112  2026-08-28  n=40  SSH638¡­SSP206
    saved ok=40 no_data=0  credits_used=112/2288
[113/2288] credit 113  2026-08-28  n=40  SSP249¡­SSU654
    saved ok=40 no_data=0  credits_used=113/2288
[114/2288] credit 114  2026-08-28  n=40  SSU662¡­SSZ313
    saved ok=40 no_data=0  credits_used=114/2288
[115/2288] credit 115  2026-08-28  n=40  SSZ317¡­STB357
    saved ok=40 no_data=0  credits_used=115/2288
[116/2288] credit 116  2026-08-28  n=40  STB567¡­STG410
    saved ok=40 no_data=0  credits_used=116/2288
[117/2288] credit 117  2026-08-28  n=40  STG615¡­STL751
    saved ok=40 no_data=0  credits_used=117/2288
[118/2288] credit 118  2026-08-28  n=40  STM044¡­STS208
    saved ok=40 no_data=0  credits_used=118/2288
[119/2288] credit 119  2026-08-28  n=40  STS422¡­STV963
    saved ok=40 no_data=0  credits_used=119/2288
[120/2288] credit 120  2026-08-28  n=40  STW065¡­STY962
    saved ok=40 no_data=0  credits_used=120/2288
[121/2288] credit 121  2026-08-28  n=40  STZ003¡­SVB812
    saved ok=40 no_data=0  credits_used=121/2288
[122/2288] credit 122  2026-08-28  n=40  SVB828¡­SVF763
    saved ok=40 no_data=0  credits_used=122/2288
[123/2288] credit 123  2026-08-28  n=40  SVF793¡­SVJ323
    saved ok=40 no_data=0  credits_used=123/2288
[124/2288] credit 124  2026-08-28  n=40  SVJ342¡­SVM798
    saved ok=40 no_data=0  credits_used=124/2288
[125/2288] credit 125  2026-08-28  n=40  SVM922¡­SVR001
    saved ok=40 no_data=0  credits_used=125/2288
[126/2288] credit 126  2026-08-28  n=40  SVR186¡­SVU942
    saved ok=40 no_data=0  credits_used=126/2288
[127/2288] credit 127  2026-08-28  n=40  SVU971¡­SVY984
    saved ok=40 no_data=0  credits_used=127/2288
[128/2288] credit 128  2026-08-28  n=40  SVZ035¡­SW5334
    saved ok=40 no_data=0  credits_used=128/2288
[129/2288] credit 129  2026-08-28  n=40  SW544C¡­SX7280
    saved ok=40 no_data=0  credits_used=129/2288
[130/2288] credit 130  2026-08-28  n=40  SX7441¡­SXC305
    saved ok=40 no_data=0  credits_used=130/2288
[131/2288] credit 131  2026-08-28  n=40  SXC369¡­SXF182
    saved ok=40 no_data=0  credits_used=131/2288
[132/2288] credit 132  2026-08-28  n=40  SXF217¡­SXH631
    saved ok=40 no_data=0  credits_used=132/2288
[133/2288] credit 133  2026-08-28  n=40  SXH660¡­SXM180
    saved ok=40 no_data=0  credits_used=133/2288
[134/2288] credit 134  2026-08-28  n=40  SXM220¡­SXR108
    saved ok=40 no_data=0  credits_used=134/2288
[135/2288] credit 135  2026-08-28  n=40  SXR135¡­SXU400
    saved ok=40 no_data=0  credits_used=135/2288
[136/2288] credit 136  2026-08-28  n=40  SXU501¡­SXX342
    saved ok=40 no_data=0  credits_used=136/2288
[137/2288] credit 137  2026-08-28  n=40  SXX401¡­SY1454
    saved ok=40 no_data=0  credits_used=137/2288
[138/2288] credit 138  2026-08-28  n=40  SY1703¡­SZ831A
    saved ok=40 no_data=0  credits_used=138/2288
[139/2288] credit 139  2026-08-28  n=40  SZA017¡­SZD306
    saved ok=40 no_data=0  credits_used=139/2288
[140/2288] credit 140  2026-08-28  n=40  SZD352¡­SZF911
    saved ok=40 no_data=0  credits_used=140/2288
[141/2288] credit 141  2026-08-28  n=40  SZF974¡­SZJ199
    saved ok=40 no_data=0  credits_used=141/2288
[142/2288] credit 142  2026-08-28  n=40  SZJ218¡­SZM071
    saved ok=40 no_data=0  credits_used=142/2288
[143/2288] credit 143  2026-08-28  n=40  SZM232¡­SZQ158
    saved ok=40 no_data=0  credits_used=143/2288
[144/2288] credit 144  2026-08-28  n=40  SZQ211¡­SZS788
    saved ok=40 no_data=0  credits_used=144/2288
[145/2288] credit 145  2026-08-28  n=40  SZT016¡­SZV723
    saved ok=40 no_data=0  credits_used=145/2288
[146/2288] credit 146  2026-08-28  n=40  SZV817¡­SZY227
    saved ok=40 no_data=0  credits_used=146/2288
[147/2288] credit 147  2026-08-28  n=40  SZY238¡­TH634A
    saved ok=40 no_data=0  credits_used=147/2288
[148/2288] credit 148  2026-08-28  n=40  TJ638A¡­TV557B
    saved ok=40 no_data=0  credits_used=148/2288
[149/2288] credit 149  2026-08-28  n=40  TV782A¡­VD401A
    saved ok=40 no_data=0  credits_used=149/2288
[150/2288] credit 150  2026-08-28  n=40  VD569A¡­VM922A
    saved ok=40 no_data=0  credits_used=150/2288
[151/2288] credit 151  2026-08-28  n=40  VM951A¡­VV373B
    saved ok=40 no_data=0  credits_used=151/2288
[152/2288] credit 152  2026-08-28  n=40  VV441B¡­XA364A
    saved ok=40 no_data=0  credits_used=152/2288
[153/2288] credit 153  2026-08-28  n=40  XA480A¡­XG576A
    saved ok=40 no_data=0  credits_used=153/2288
[154/2288] credit 154  2026-08-28  n=40  XG576B¡­XR658A
    saved ok=40 no_data=0  credits_used=154/2288
[155/2288] credit 155  2026-08-28  n=40  XR735A¡­XY661B
    saved ok=40 no_data=0  credits_used=155/2288
[156/2288] credit 156  2026-08-28  n=40  XZ261C¡­ZE663A
    saved ok=40 no_data=0  credits_used=156/2288
[157/2288] credit 157  2026-08-28  n=40  ZE780B¡­ZL311B
    saved ok=40 no_data=0  credits_used=157/2288
[158/2288] credit 158  2026-08-28  n=40  ZL547A¡­ZU267A
    saved ok=40 no_data=0  credits_used=158/2288
[159/2288] credit 159  2026-08-28  n=33  ZU428A¡­ZZ559A
    saved ok=33 no_data=0  credits_used=159/2288
[160/2288] credit 160  2026-08-27  n=20  AKE73A¡­ZK303B
    saved ok=20 no_data=0  credits_used=160/2288
[161/2288] credit 161  2026-08-26  n=27  AAL90A¡­VH729A
    saved ok=27 no_data=0  credits_used=161/2288
[162/2288] credit 162  2026-08-25  n=39  AQS20B¡­XU720B
    saved ok=39 no_data=0  credits_used=162/2288
[163/2288] credit 163  2026-08-24  n=40  AGR68A¡­SB0827
    saved ok=40 no_data=0  credits_used=163/2288
[164/2288] credit 164  2026-08-24  n=40  SBBG78¡­SVW370
    saved ok=40 no_data=0  credits_used=164/2288
[165/2288] credit 165  2026-08-24  n=40  SX1814¡­ZL758B
    saved ok=40 no_data=0  credits_used=165/2288
[166/2288] credit 166  2026-08-24  n=1  ZW673B¡­ZW673B
    saved ok=1 no_data=0  credits_used=166/2288
[167/2288] credit 167  2026-08-21  n=40  ABB66B¡­SAQY93
    saved ok=40 no_data=0  credits_used=167/2288
[168/2288] credit 168  2026-08-21  n=40  SAQZ47¡­SVE735
    saved ok=40 no_data=0  credits_used=168/2288
[169/2288] credit 169  2026-08-21  n=24  SVH344¡­ZU923B
    saved ok=24 no_data=0  credits_used=169/2288
[170/2288] credit 170  2026-08-20  n=1  SJF430¡­SJF430
    saved ok=1 no_data=0  credits_used=170/2288
[171/2288] credit 171  2026-08-19  n=3  SAKS91¡­STW607
    saved ok=3 no_data=0  credits_used=171/2288
[172/2288] credit 172  2026-08-17  n=3  SAUN41¡­SZF386
    saved ok=3 no_data=0  credits_used=172/2288
[173/2288] credit 173  2026-08-14  n=40  AMY09B¡­SAQF07
    saved ok=40 no_data=0  credits_used=173/2288
[174/2288] credit 174  2026-08-14  n=40  SAQF10¡­SBEE99
    saved ok=40 no_data=0  credits_used=174/2288
[175/2288] credit 175  2026-08-14  n=40  SBEF00¡­SGY654
    saved ok=40 no_data=0  credits_used=175/2288
[176/2288] credit 176  2026-08-14  n=40  SJ0244¡­SNN305
    saved ok=40 no_data=0  credits_used=176/2288
[177/2288] credit 177  2026-08-14  n=40  SNN336¡­SSM038
    saved ok=40 no_data=0  credits_used=177/2288
[178/2288] credit 178  2026-08-14  n=40  SSM039¡­SXS801
    saved ok=40 no_data=0  credits_used=178/2288
[179/2288] credit 179  2026-08-14  n=13  SXX575¡­ZT836A
    saved ok=13 no_data=0  credits_used=179/2288
[180/2288] credit 180  2026-08-13  n=2  SBHS86¡­SXG518
    saved ok=2 no_data=0  credits_used=180/2288
[181/2288] credit 181  2026-08-12  n=1  SVA281¡­SVA281
    saved ok=1 no_data=0  credits_used=181/2288
[182/2288] credit 182  2026-08-11  n=5  SAFQ33¡­ZR805A
    saved ok=5 no_data=0  credits_used=182/2288
[183/2288] credit 183  2026-08-10  n=10  QJ780B¡­STR594
    saved ok=10 no_data=0  credits_used=183/2288
[184/2288] credit 184  2026-08-07  n=40  80966A¡­SQN673
    saved ok=40 no_data=0  credits_used=184/2288
[185/2288] credit 185  2026-08-07  n=31  SQS560¡­ZZ089B
    saved ok=31 no_data=0  credits_used=185/2288
[186/2288] credit 186  2026-08-06  n=1  VB734A¡­VB734A
    saved ok=1 no_data=0  credits_used=186/2288
[187/2288] credit 187  2026-08-05  n=2  STB903¡­SXA490
    saved ok=2 no_data=0  credits_used=187/2288
[188/2288] credit 188  2026-08-03  n=8  SBEQ49¡­TV889B
    saved ok=8 no_data=0  credits_used=188/2288
[189/2288] credit 189  2026-08-28  n=40  SQD418¡­SQR955
    saved ok=40 no_data=0  credits_used=189/2288
[190/2288] credit 190  2026-08-28  n=40  SQR957¡­SS6559
    saved ok=39 no_data=1  credits_used=190/2288
[191/2288] credit 191  2026-08-28  n=40  SS7644¡­SSN446
    saved ok=39 no_data=1  credits_used=191/2288
[192/2288] credit 192  2026-08-28  n=40  SSP855¡­ST8960
    saved ok=40 no_data=0  credits_used=192/2288
[193/2288] credit 193  2026-08-28  n=40  STA094¡­STJ718
    saved ok=39 no_data=1  credits_used=193/2288
[194/2288] credit 194  2026-08-28  n=40  STJ946¡­STU266
    saved ok=38 no_data=2  credits_used=194/2288
[195/2288] credit 195  2026-08-28  n=40  STU459¡­SVB591
    saved ok=40 no_data=0  credits_used=195/2288
[196/2288] credit 196  2026-08-28  n=40  SVC073¡­SVN286
    saved ok=40 no_data=0  credits_used=196/2288
[197/2288] credit 197  2026-08-28  n=40  SVN336¡­SVY121
    saved ok=37 no_data=3  credits_used=197/2288
[198/2288] credit 198  2026-08-28  n=40  SVY141¡­SXC942
    saved ok=39 no_data=1  credits_used=198/2288
[199/2288] credit 199  2026-08-28  n=40  SXD110¡­SXN280
    saved ok=40 no_data=0  credits_used=199/2288
[200/2288] credit 200  2026-08-28  n=40  SXN301¡­SXY056
    saved ok=39 no_data=1  credits_used=200/2288
[201/2288] credit 201  2026-08-28  n=40  SXY625¡­SZB198
    saved ok=40 no_data=0  credits_used=201/2288
[202/2288] credit 202  2026-08-28  n=40  SZB342¡­SZK013
    saved ok=39 no_data=1  credits_used=202/2288
[203/2288] credit 203  2026-08-28  n=40  SZK280¡­SZT627
    saved ok=40 no_data=0  credits_used=203/2288
[204/2288] credit 204  2026-08-28  n=40  SZT918¡­TR261C
    saved ok=39 no_data=1  credits_used=204/2288
[205/2288] credit 205  2026-08-28  n=40  TT153C¡­XD376A
    saved ok=40 no_data=0  credits_used=205/2288
[206/2288] credit 206  2026-08-28  n=40  XD709A¡­ZJ461C
    saved ok=40 no_data=0  credits_used=206/2288
[207/2288] credit 207  2026-08-28  n=16  ZJ852A¡­ZW810B
    saved ok=14 no_data=2  credits_used=207/2288
[208/2288] credit 208  2026-08-21  n=40  09408B¡­ACB34C
    saved ok=40 no_data=0  credits_used=208/2288
[209/2288] credit 209  2026-08-21  n=40  ACB53A¡­AEH85B
    saved ok=40 no_data=0  credits_used=209/2288
[210/2288] credit 210  2026-08-21  n=40  AEP44A¡­AGY78A
    saved ok=40 no_data=0  credits_used=210/2288
[211/2288] credit 211  2026-08-21  n=40  AGZ50A¡­AJS34A
    saved ok=40 no_data=0  credits_used=211/2288
[212/2288] credit 212  2026-08-21  n=40  AJS57A¡­AMK58A
    saved ok=40 no_data=0  credits_used=212/2288
[213/2288] credit 213  2026-08-21  n=40  AMN47B¡­AQF32B
    saved ok=40 no_data=0  credits_used=213/2288
[214/2288] credit 214  2026-08-21  n=40  AQH33A¡­ARX73A
    saved ok=40 no_data=0  credits_used=214/2288
[215/2288] credit 215  2026-08-21  n=40  ARX75A¡­ATT95A
    saved ok=40 no_data=0  credits_used=215/2288
[216/2288] credit 216  2026-08-21  n=40  ATW81A¡­AVJ86B
    saved ok=40 no_data=0  credits_used=216/2288
[217/2288] credit 217  2026-08-21  n=40  AVL59A¡­AXH50C
    saved ok=40 no_data=0  credits_used=217/2288
[218/2288] credit 218  2026-08-21  n=40  AXH52B¡­AYU55A
    saved ok=40 no_data=0  credits_used=218/2288
[219/2288] credit 219  2026-08-21  n=40  AYU58B¡­B2940A
    saved ok=40 no_data=0  credits_used=219/2288
[220/2288] credit 220  2026-08-21  n=40  B3363B¡­BAD61C
    saved ok=40 no_data=0  credits_used=220/2288
[221/2288] credit 221  2026-08-21  n=40  BAF26A¡­BCW80A
    saved ok=40 no_data=0  credits_used=221/2288
[222/2288] credit 222  2026-08-21  n=40  BCX26C¡­BFV44C
    saved ok=40 no_data=0  credits_used=222/2288
[223/2288] credit 223  2026-08-21  n=40  BGC50B¡­CZ515A
    saved ok=40 no_data=0  credits_used=223/2288
[224/2288] credit 224  2026-08-21  n=40  D0191C¡­GE460A
    saved ok=40 no_data=0  credits_used=224/2288
[225/2288] credit 225  2026-08-21  n=40  GG536B¡­JH876A
    saved ok=40 no_data=0  credits_used=225/2288
[226/2288] credit 226  2026-08-21  n=40  JH937A¡­LA373A
    saved ok=40 no_data=0  credits_used=226/2288
[227/2288] credit 227  2026-08-21  n=40  LA373B¡­LY517B
    saved ok=40 no_data=0  credits_used=227/2288
[228/2288] credit 228  2026-08-21  n=40  LY569A¡­NP441C
    saved ok=40 no_data=0  credits_used=228/2288
[229/2288] credit 229  2026-08-21  n=40  NP688B¡­QJ794B
    saved ok=40 no_data=0  credits_used=229/2288
[230/2288] credit 230  2026-08-21  n=40  QK108C¡­QY444A
    saved ok=40 no_data=0  credits_used=230/2288
[231/2288] credit 231  2026-08-21  n=40  R1888A¡­S25566
    saved ok=40 no_data=0  credits_used=231/2288
[232/2288] credit 232  2026-08-21  n=40  S25583¡­S38612
    saved ok=40 no_data=0  credits_used=232/2288
[233/2288] credit 233  2026-08-21  n=40  S39364¡­S83112
    saved ok=40 no_data=0  credits_used=233/2288
[234/2288] credit 234  2026-08-21  n=40  S83654¡­SAAW80
    saved ok=40 no_data=0  credits_used=234/2288
[235/2288] credit 235  2026-08-21  n=40  SAAY83¡­SACP83
    saved ok=40 no_data=0  credits_used=235/2288
[236/2288] credit 236  2026-08-21  n=40  SACQ53¡­SADW43
    saved ok=40 no_data=0  credits_used=236/2288
[237/2288] credit 237  2026-08-21  n=40  SADY05¡­SAFM36
    saved ok=40 no_data=0  credits_used=237/2288
[238/2288] credit 238  2026-08-21  n=40  SAFM97¡­SAGJ34
    saved ok=40 no_data=0  credits_used=238/2288
[239/2288] credit 239  2026-08-21  n=40  SAGJ85¡­SAHJ80
    saved ok=40 no_data=0  credits_used=239/2288
[240/2288] credit 240  2026-08-21  n=40  SAHJ82¡­SAJE52
    saved ok=40 no_data=0  credits_used=240/2288
[241/2288] credit 241  2026-08-21  n=40  SAJF66¡­SAKC89
    saved ok=40 no_data=0  credits_used=241/2288
[242/2288] credit 242  2026-08-21  n=40  SAKD29¡­SALK43
    saved ok=40 no_data=0  credits_used=242/2288
[243/2288] credit 243  2026-08-21  n=40  SALL46¡­SAMQ76
    saved ok=40 no_data=0  credits_used=243/2288
[244/2288] credit 244  2026-08-21  n=40  SAMQ91¡­SANZ78
    saved ok=40 no_data=0  credits_used=244/2288
[245/2288] credit 245  2026-08-21  n=40  SAPB36¡­SAQG79
    saved ok=40 no_data=0  credits_used=245/2288
[246/2288] credit 246  2026-08-21  n=40  SAQG81¡­SARV49
    saved ok=40 no_data=0  credits_used=246/2288
[247/2288] credit 247  2026-08-21  n=40  SARW24¡­SASQ50
    saved ok=40 no_data=0  credits_used=247/2288
[248/2288] credit 248  2026-08-21  n=40  SASQ66¡­SATQ50
    saved ok=40 no_data=0  credits_used=248/2288
[249/2288] credit 249  2026-08-21  n=40  SATQ83¡­SAUH10
    saved ok=40 no_data=0  credits_used=249/2288
[250/2288] credit 250  2026-08-21  n=40  SAUL11¡­SAVC21
    saved ok=40 no_data=0  credits_used=250/2288
[251/2288] credit 251  2026-08-21  n=40  SAVC60¡­SAWB02
    saved ok=40 no_data=0  credits_used=251/2288
[252/2288] credit 252  2026-08-21  n=40  SAWB29¡­SAWZ97
    saved ok=40 no_data=0  credits_used=252/2288
[253/2288] credit 253  2026-08-21  n=40  SAXA03¡­SAXZ18
    saved ok=40 no_data=0  credits_used=253/2288
[254/2288] credit 254  2026-08-21  n=40  SAXZ19¡­SAYV13
    saved ok=40 no_data=0  credits_used=254/2288
[255/2288] credit 255  2026-08-21  n=40  SAYW93¡­SAZX46
    saved ok=40 no_data=0  credits_used=255/2288
[256/2288] credit 256  2026-08-21  n=40  SAZY12¡­SB2980
    saved ok=40 no_data=0  credits_used=256/2288
[257/2288] credit 257  2026-08-21  n=40  SB3022¡­SB7651
    saved ok=40 no_data=0  credits_used=257/2288
[258/2288] credit 258  2026-08-21  n=40  SB7740¡­SBAA29
    saved ok=40 no_data=0  credits_used=258/2288
[259/2288] credit 259  2026-08-21  n=40  SBAA80¡­SBBK16
    saved ok=40 no_data=0  credits_used=259/2288
[260/2288] credit 260  2026-08-21  n=40  SBBK76¡­SBCT29
    saved ok=40 no_data=0  credits_used=260/2288
[261/2288] credit 261  2026-08-21  n=40  SBCU40¡­SBDS54
    saved ok=40 no_data=0  credits_used=261/2288
[262/2288] credit 262  2026-08-21  n=40  SBDT47¡­SBEZ07
    saved ok=40 no_data=0  credits_used=262/2288
[263/2288] credit 263  2026-08-21  n=40  SBEZ08¡­SBGK75
    saved ok=40 no_data=0  credits_used=263/2288
[264/2288] credit 264  2026-08-21  n=40  SBGN61¡­SBKJ32
    saved ok=40 no_data=0  credits_used=264/2288
[265/2288] credit 265  2026-08-21  n=40  SBKK20¡­SCF015
    saved ok=40 no_data=0  credits_used=265/2288
[266/2288] credit 266  2026-08-21  n=40  SCF054¡­SCN974
    saved ok=39 no_data=1  credits_used=266/2288
[267/2288] credit 267  2026-08-21  n=40  SCP080¡­SCW005
    saved ok=40 no_data=0  credits_used=267/2288
[268/2288] credit 268  2026-08-21  n=40  SCX154¡­SE8206
    saved ok=40 no_data=0  credits_used=268/2288
[269/2288] credit 269  2026-08-21  n=40  SE8225¡­SEJ172
    saved ok=40 no_data=0  credits_used=269/2288
[270/2288] credit 270  2026-08-21  n=40  SEJ192¡­SES554
    saved ok=40 no_data=0  credits_used=270/2288
[271/2288] credit 271  2026-08-21  n=40  SES689¡­SEX987
    saved ok=40 no_data=0  credits_used=271/2288
[272/2288] credit 272  2026-08-21  n=40  SEY066¡­SGC099
    saved ok=40 no_data=0  credits_used=272/2288
[273/2288] credit 273  2026-08-21  n=40  SGC249¡­SGF269
    saved ok=40 no_data=0  credits_used=273/2288
[274/2288] credit 274  2026-08-21  n=40  SGF507¡­SGL028
    saved ok=40 no_data=0  credits_used=274/2288
[275/2288] credit 275  2026-08-21  n=40  SGL097¡­SGR587
    saved ok=40 no_data=0  credits_used=275/2288
[276/2288] credit 276  2026-08-21  n=40  SGR724¡­SGX645
    saved ok=40 no_data=0  credits_used=276/2288
[277/2288] credit 277  2026-08-21  n=40  SGX657¡­SJ6013
    saved ok=40 no_data=0  credits_used=277/2288
[278/2288] credit 278  2026-08-21  n=40  SJ7591¡­SJE364
    saved ok=40 no_data=0  credits_used=278/2288
[279/2288] credit 279  2026-08-21  n=40  SJE491¡­SJJ723
    saved ok=40 no_data=0  credits_used=279/2288
[280/2288] credit 280  2026-08-21  n=40  SJJ738¡­SJN647
    saved ok=40 no_data=0  credits_used=280/2288
[281/2288] credit 281  2026-08-21  n=40  SJN756¡­SJR885
    saved ok=40 no_data=0  credits_used=281/2288
[282/2288] credit 282  2026-08-21  n=40  SJR966¡­SJV138
    saved ok=40 no_data=0  credits_used=282/2288
[283/2288] credit 283  2026-08-21  n=40  SJV268¡­SJZ274
    saved ok=40 no_data=0  credits_used=283/2288
[284/2288] credit 284  2026-08-21  n=40  SJZ347¡­SLA838
    saved ok=40 no_data=0  credits_used=284/2288
[285/2288] credit 285  2026-08-21  n=40  SLB213¡­SLG872
    saved ok=40 no_data=0  credits_used=285/2288
[286/2288] credit 286  2026-08-21  n=40  SLG874¡­SLM557
    saved ok=40 no_data=0  credits_used=286/2288
[287/2288] credit 287  2026-08-21  n=40  SLM570¡­SLS858
    saved ok=40 no_data=0  credits_used=287/2288
[288/2288] credit 288  2026-08-21  n=40  SLT004¡­SLX395
    saved ok=40 no_data=0  credits_used=288/2288
[289/2288] credit 289  2026-08-21  n=40  SLX836¡­SN3478
    saved ok=40 no_data=0  credits_used=289/2288
[290/2288] credit 290  2026-08-21  n=40  SN3635¡­SNC776
    saved ok=40 no_data=0  credits_used=290/2288
[291/2288] credit 291  2026-08-21  n=40  SNC791¡­SNJ257
    saved ok=40 no_data=0  credits_used=291/2288
[292/2288] credit 292  2026-08-21  n=40  SNJ266¡­SNM980
    saved ok=40 no_data=0  credits_used=292/2288
[293/2288] credit 293  2026-08-21  n=40  SNN078¡­SNS209
    saved ok=40 no_data=0  credits_used=293/2288
[294/2288] credit 294  2026-08-21  n=40  SNS326¡­SNW356
    saved ok=40 no_data=0  credits_used=294/2288
[295/2288] credit 295  2026-08-21  n=40  SNW523¡­SQB211
    saved ok=40 no_data=0  credits_used=295/2288
[296/2288] credit 296  2026-08-21  n=40  SQB304¡­SQE481
    saved ok=40 no_data=0  credits_used=296/2288
[297/2288] credit 297  2026-08-21  n=40  SQE656¡­SQJ216
    saved ok=40 no_data=0  credits_used=297/2288
[298/2288] credit 298  2026-08-21  n=40  SQJ487¡­SQN453
    saved ok=40 no_data=0  credits_used=298/2288
[299/2288] credit 299  2026-08-21  n=40  SQN539¡­SQR517
    saved ok=40 no_data=0  credits_used=299/2288
[300/2288] credit 300  2026-08-21  n=40  SQR677¡­SQV136
    saved ok=40 no_data=0  credits_used=300/2288
[301/2288] credit 301  2026-08-21  n=40  SQV305¡­SQZ336
    saved ok=40 no_data=0  credits_used=301/2288
[302/2288] credit 302  2026-08-21  n=40  SQZ902¡­SS1530
    saved ok=40 no_data=0  credits_used=302/2288
[303/2288] credit 303  2026-08-21  n=40  SS1978¡­SS9214
    saved ok=38 no_data=2  credits_used=303/2288
[304/2288] credit 304  2026-08-21  n=40  SS9249¡­SSD963
    saved ok=40 no_data=0  credits_used=304/2288
[305/2288] credit 305  2026-08-21  n=40  SSE009¡­SSH862
    saved ok=40 no_data=0  credits_used=305/2288
[306/2288] credit 306  2026-08-21  n=40  SSH916¡­SSN097
    saved ok=40 no_data=0  credits_used=306/2288
[307/2288] credit 307  2026-08-21  n=40  SSN149¡­SSS537
    saved ok=40 no_data=0  credits_used=307/2288
[308/2288] credit 308  2026-08-21  n=40  SSS539¡­SSW544
    saved ok=40 no_data=0  credits_used=308/2288
[309/2288] credit 309  2026-08-21  n=40  SSW837¡­SSZ665
    saved ok=40 no_data=0  credits_used=309/2288
[310/2288] credit 310  2026-08-21  n=40  SSZ679¡­STA094
    saved ok=40 no_data=0  credits_used=310/2288
[311/2288] credit 311  2026-08-21  n=40  STA188¡­STD166
    saved ok=40 no_data=0  credits_used=311/2288
[312/2288] credit 312  2026-08-21  n=40  STD169¡­STG410
    saved ok=39 no_data=1  credits_used=312/2288
[313/2288] credit 313  2026-08-21  n=40  STG615¡­STK619
    saved ok=40 no_data=0  credits_used=313/2288
[314/2288] credit 314  2026-08-21  n=40  STK731¡­STP105
    saved ok=39 no_data=1  credits_used=314/2288
[315/2288] credit 315  2026-08-21  n=40  STP200¡­STS422
    saved ok=40 no_data=0  credits_used=315/2288
[316/2288] credit 316  2026-08-21  n=40  STS446¡­STU400
    saved ok=39 no_data=1  credits_used=316/2288
[317/2288] credit 317  2026-08-21  n=40  STU459¡­STW553
    saved ok=40 no_data=0  credits_used=317/2288
[318/2288] credit 318  2026-08-21  n=40  STW563¡­STY632
    saved ok=40 no_data=0  credits_used=318/2288
[319/2288] credit 319  2026-08-21  n=40  STY717¡­SVA943
    saved ok=40 no_data=0  credits_used=319/2288
[320/2288] credit 320  2026-08-21  n=40  SVA971¡­SVD130
    saved ok=40 no_data=0  credits_used=320/2288
[321/2288] credit 321  2026-08-21  n=40  SVD137¡­SVG180
    saved ok=40 no_data=0  credits_used=321/2288
[322/2288] credit 322  2026-08-21  n=40  SVG328¡­SVJ227
    saved ok=40 no_data=0  credits_used=322/2288
[323/2288] credit 323  2026-08-21  n=40  SVJ267¡­SVL801
    saved ok=40 no_data=0  credits_used=323/2288
[324/2288] credit 324  2026-08-21  n=40  SVL810¡­SVN728
    saved ok=40 no_data=0  credits_used=324/2288
[325/2288] credit 325  2026-08-21  n=40  SVN771¡­SVR408
    saved ok=38 no_data=2  credits_used=325/2288
[326/2288] credit 326  2026-08-21  n=40  SVR568¡­SVU600
    saved ok=40 no_data=0  credits_used=326/2288
[327/2288] credit 327  2026-08-21  n=40  SVU644¡­SVX275
    saved ok=39 no_data=1  credits_used=327/2288
[328/2288] credit 328  2026-08-21  n=40  SVX299¡­SVZ612
    saved ok=40 no_data=0  credits_used=328/2288
[329/2288] credit 329  2026-08-21  n=40  SVZ614¡­SW6562
    saved ok=40 no_data=0  credits_used=329/2288
[330/2288] credit 330  2026-08-21  n=40  SW6575¡­SX3568
    saved ok=40 no_data=0  credits_used=330/2288
[331/2288] credit 331  2026-08-21  n=40  SX3632¡­SXA601
    saved ok=40 no_data=0  credits_used=331/2288
[332/2288] credit 332  2026-08-21  n=40  SXA701¡­SXD362
    saved ok=39 no_data=1  credits_used=332/2288
[333/2288] credit 333  2026-08-21  n=40  SXD380¡­SXF217
    saved ok=40 no_data=0  credits_used=333/2288
[334/2288] credit 334  2026-08-21  n=40  SXF223¡­SXH024
    saved ok=40 no_data=0  credits_used=334/2288
[335/2288] credit 335  2026-08-21  n=40  SXH035¡­SXK822
    saved ok=40 no_data=0  credits_used=335/2288
[336/2288] credit 336  2026-08-21  n=40  SXK846¡­SXM895
    saved ok=40 no_data=0  credits_used=336/2288
[337/2288] credit 337  2026-08-21  n=40  SXM911¡­SXQ703
    saved ok=39 no_data=1  credits_used=337/2288
[338/2288] credit 338  2026-08-21  n=40  SXQ849¡­SXT685
    saved ok=40 no_data=0  credits_used=338/2288
[339/2288] credit 339  2026-08-21  n=40  SXT730¡­SXW015
    saved ok=40 no_data=0  credits_used=339/2288
[340/2288] credit 340  2026-08-21  n=40  SXW028¡­SXX859
    saved ok=40 no_data=0  credits_used=340/2288
[341/2288] credit 341  2026-08-21  n=40  SXX863¡­SY0607
    saved ok=40 no_data=0  credits_used=341/2288
[342/2288] credit 342  2026-08-21  n=40  SY0652¡­SY7382
    saved ok=40 no_data=0  credits_used=342/2288
[343/2288] credit 343  2026-08-21  n=40  SY7416¡­SZA671
    saved ok=40 no_data=0  credits_used=343/2288
[344/2288] credit 344  2026-08-21  n=40  SZA673¡­SZD107
    saved ok=40 no_data=0  credits_used=344/2288
[345/2288] credit 345  2026-08-21  n=40  SZD111¡­SZE780
    saved ok=40 no_data=0  credits_used=345/2288
[346/2288] credit 346  2026-08-21  n=40  SZE932¡­SZG711
    saved ok=40 no_data=0  credits_used=346/2288
[347/2288] credit 347  2026-08-21  n=40  SZG728¡­SZJ485
    saved ok=39 no_data=1  credits_used=347/2288
[348/2288] credit 348  2026-08-21  n=40  SZJ570¡­SZL468
    saved ok=40 no_data=0  credits_used=348/2288
[349/2288] credit 349  2026-08-21  n=40  SZL470¡­SZN165
    saved ok=40 no_data=0  credits_used=349/2288
[350/2288] credit 350  2026-08-21  n=40  SZN187¡­SZQ493
    saved ok=40 no_data=0  credits_used=350/2288
[351/2288] credit 351  2026-08-21  n=40  SZQ525¡­SZS575
    saved ok=40 no_data=0  credits_used=351/2288
[352/2288] credit 352  2026-08-21  n=40  SZS576¡­SZU433
    saved ok=40 no_data=0  credits_used=352/2288
[353/2288] credit 353  2026-08-21  n=40  SZU447¡­SZW671
    saved ok=40 no_data=0  credits_used=353/2288
[354/2288] credit 354  2026-08-21  n=40  SZW673¡­SZY644
    saved ok=39 no_data=1  credits_used=354/2288
[355/2288] credit 355  2026-08-21  n=40  SZY666¡­TG790B
    saved ok=40 no_data=0  credits_used=355/2288
[356/2288] credit 356  2026-08-21  n=40  TG962B¡­TR959A
    saved ok=40 no_data=0  credits_used=356/2288
[357/2288] credit 357  2026-08-21  n=40  TS204B¡­TX097A
    saved ok=40 no_data=0  credits_used=357/2288
[358/2288] credit 358  2026-08-21  n=40  TX102A¡­VE221B
    saved ok=40 no_data=0  credits_used=358/2288
[359/2288] credit 359  2026-08-21  n=40  VE373A¡­VL519A
    saved ok=40 no_data=0  credits_used=359/2288
[360/2288] credit 360  2026-08-21  n=40  VL637A¡­VT441A
    saved ok=40 no_data=0  credits_used=360/2288
[361/2288] credit 361  2026-08-21  n=40  VT441B¡­VZ676A
    saved ok=40 no_data=0  credits_used=361/2288
[362/2288] credit 362  2026-08-21  n=40  VZ736A¡­XC369A
    saved ok=40 no_data=0  credits_used=362/2288
[363/2288] credit 363  2026-08-21  n=40  XC626B¡­XG274A
    saved ok=40 no_data=0  credits_used=363/2288
[364/2288] credit 364  2026-08-21  n=40  XG279A¡­XN407A
    saved ok=40 no_data=0  credits_used=364/2288
[365/2288] credit 365  2026-08-21  n=40  XN913A¡­XW487A
    saved ok=40 no_data=0  credits_used=365/2288
[366/2288] credit 366  2026-08-21  n=40  XW616A¡­ZB337A
    saved ok=40 no_data=0  credits_used=366/2288
[367/2288] credit 367  2026-08-21  n=40  ZB337C¡­ZF479A
    saved ok=40 no_data=0  credits_used=367/2288
[368/2288] credit 368  2026-08-21  n=40  ZF497B¡­ZK303B
    saved ok=40 no_data=0  credits_used=368/2288
[369/2288] credit 369  2026-08-21  n=40  ZK576A¡­ZS184A
    saved ok=40 no_data=0  credits_used=369/2288
[370/2288] credit 370  2026-08-21  n=40  ZS294A¡­ZW719A
    saved ok=39 no_data=1  credits_used=370/2288
[371/2288] credit 371  2026-08-21  n=14  ZW759A¡­ZZ559A
    saved ok=14 no_data=0  credits_used=371/2288
[372/2288] credit 372  2026-08-14  n=40  09408B¡­ABW07C
    saved ok=40 no_data=0  credits_used=372/2288
[373/2288] credit 373  2026-08-14  n=40  ACA70A¡­AED87A
    saved ok=40 no_data=0  credits_used=373/2288
[374/2288] credit 374  2026-08-14  n=40  AED88A¡­AGX89B
    saved ok=40 no_data=0  credits_used=374/2288
[375/2288] credit 375  2026-08-14  n=40  AGY55A¡­AJL32D
    saved ok=40 no_data=0  credits_used=375/2288
[376/2288] credit 376  2026-08-14  n=40  AJN30A¡­AME70B
    saved ok=40 no_data=0  credits_used=376/2288
[377/2288] credit 377  2026-08-14  n=40  AMG45C¡­APV40A
    saved ok=40 no_data=0  credits_used=377/2288
[378/2288] credit 378  2026-08-14  n=40  APX61A¡­ART78A
    saved ok=40 no_data=0  credits_used=378/2288
[379/2288] credit 379  2026-08-14  n=40  ARV36A¡­ATF70A
    saved ok=40 no_data=0  credits_used=379/2288
[380/2288] credit 380  2026-08-14  n=40  ATH39A¡­AVC67B
    saved ok=40 no_data=0  credits_used=380/2288
[381/2288] credit 381  2026-08-14  n=40  AVE12A¡­AWW89B
    saved ok=40 no_data=0  credits_used=381/2288
[382/2288] credit 382  2026-08-14  n=40  AWX18A¡­AYN04B
    saved ok=40 no_data=0  credits_used=382/2288
[383/2288] credit 383  2026-08-14  n=40  AYP92A¡­B0941A
    saved ok=40 no_data=0  credits_used=383/2288
[384/2288] credit 384  2026-08-14  n=40  B1385A¡­B9538A
    saved ok=40 no_data=0  credits_used=384/2288
[385/2288] credit 385  2026-08-14  n=40  B9609A¡­BCN07B
    saved ok=40 no_data=0  credits_used=385/2288
[386/2288] credit 386  2026-08-14  n=40  BCN62B¡­BEN60A
    saved ok=40 no_data=0  credits_used=386/2288
[387/2288] credit 387  2026-08-14  n=40  BET37B¡­CJ772B
    saved ok=40 no_data=0  credits_used=387/2288
[388/2288] credit 388  2026-08-14  n=40  CK733A¡­GB428A
    saved ok=40 no_data=0  credits_used=388/2288
[389/2288] credit 389  2026-08-14  n=40  GB429A¡­H3322B
    saved ok=40 no_data=0  credits_used=389/2288
[390/2288] credit 390  2026-08-14  n=40  H4205B¡­JV363B
    saved ok=40 no_data=0  credits_used=390/2288
[391/2288] credit 391  2026-08-14  n=40  JV784A¡­LM580A
    saved ok=40 no_data=0  credits_used=391/2288
[392/2288] credit 392  2026-08-14  n=40  LM742A¡­NB380A
    saved ok=40 no_data=0  credits_used=392/2288
[393/2288] credit 393  2026-08-14  n=40  NB453A¡­NW869A
    saved ok=40 no_data=0  credits_used=393/2288
[394/2288] credit 394  2026-08-14  n=40  NX000C¡­QP827B
    saved ok=40 no_data=0  credits_used=394/2288
[395/2288] credit 395  2026-08-14  n=40  QQ295A¡­S09735
    saved ok=40 no_data=0  credits_used=395/2288
[396/2288] credit 396  2026-08-14  n=40  S09748¡­S28805
    saved ok=40 no_data=0  credits_used=396/2288
[397/2288] credit 397  2026-08-14  n=40  S28815¡­S65443
    saved ok=40 no_data=0  credits_used=397/2288
[398/2288] credit 398  2026-08-14  n=40  S6631D¡­SAAA54
    saved ok=40 no_data=0  credits_used=398/2288
[399/2288] credit 399  2026-08-14  n=40  SAAB19¡­SABG91
    saved ok=40 no_data=0  credits_used=399/2288
[400/2288] credit 400  2026-08-14  n=40  SABH52¡­SADA42
    saved ok=40 no_data=0  credits_used=400/2288
[401/2288] credit 401  2026-08-14  n=40  SADA71¡­SAEL42
    saved ok=40 no_data=0  credits_used=401/2288
[402/2288] credit 402  2026-08-14  n=40  SAEM86¡­SAFV86
    saved ok=40 no_data=0  credits_used=402/2288
[403/2288] credit 403  2026-08-14  n=40  SAFW08¡­SAGT28
    saved ok=40 no_data=0  credits_used=403/2288
[404/2288] credit 404  2026-08-14  n=40  SAGT48¡­SAHM71
    saved ok=40 no_data=0  credits_used=404/2288
[405/2288] credit 405  2026-08-14  n=40  SAHM97¡­SAJR47
    saved ok=40 no_data=0  credits_used=405/2288
[406/2288] credit 406  2026-08-14  n=40  SAJR66¡­SAKP69
    saved ok=40 no_data=0  credits_used=406/2288
[407/2288] credit 407  2026-08-14  n=40  SAKR22¡­SALY00
    saved ok=40 no_data=0  credits_used=407/2288
[408/2288] credit 408  2026-08-14  n=40  SALY56¡­SAMT63
    saved ok=40 no_data=0  credits_used=408/2288
[409/2288] credit 409  2026-08-14  n=40  SAMU16¡­SAPE10
    saved ok=40 no_data=0  credits_used=409/2288
[410/2288] credit 410  2026-08-14  n=40  SAPG21¡­SAQL27
    saved ok=40 no_data=0  credits_used=410/2288
[411/2288] credit 411  2026-08-14  n=40  SAQL92¡­SARU84
    saved ok=40 no_data=0  credits_used=411/2288
[412/2288] credit 412  2026-08-14  n=40  SARV36¡­SASQ32
    saved ok=40 no_data=0  credits_used=412/2288
[413/2288] credit 413  2026-08-14  n=40  SASQ43¡­SATN85
    saved ok=40 no_data=0  credits_used=413/2288
[414/2288] credit 414  2026-08-14  n=40  SATP61¡­SAUD38
    saved ok=40 no_data=0  credits_used=414/2288
[415/2288] credit 415  2026-08-14  n=40  SAUE17¡­SAVA50
    saved ok=40 no_data=0  credits_used=415/2288
[416/2288] credit 416  2026-08-14  n=40  SAVA87¡­SAVY63
    saved ok=40 no_data=0  credits_used=416/2288
[417/2288] credit 417  2026-08-14  n=40  SAVY66¡­SAWW89
    saved ok=40 no_data=0  credits_used=417/2288
[418/2288] credit 418  2026-08-14  n=40  SAWX18¡­SAXT05
    saved ok=40 no_data=0  credits_used=418/2288
[419/2288] credit 419  2026-08-14  n=40  SAXU05¡­SAYS94
    saved ok=40 no_data=0  credits_used=419/2288
[420/2288] credit 420  2026-08-14  n=40  SAYS95¡­SAZU82
    saved ok=40 no_data=0  credits_used=420/2288
[421/2288] credit 421  2026-08-14  n=40  SAZV41¡­SB1974
    saved ok=40 no_data=0  credits_used=421/2288
[422/2288] credit 422  2026-08-14  n=40  SB2253¡­SB6759
    saved ok=40 no_data=0  credits_used=422/2288
[423/2288] credit 423  2026-08-14  n=40  SB688A¡­SB9609
    saved ok=40 no_data=0  credits_used=423/2288
[424/2288] credit 424  2026-08-14  n=40  SB9656¡­SBBB10
    saved ok=40 no_data=0  credits_used=424/2288
[425/2288] credit 425  2026-08-14  n=40  SBBC65¡­SBCJ61
    saved ok=40 no_data=0  credits_used=425/2288
[426/2288] credit 426  2026-08-14  n=40  SBCK53¡­SBDK61
    saved ok=40 no_data=0  credits_used=426/2288
[427/2288] credit 427  2026-08-14  n=40  SBDK76¡­SBEQ34
    saved ok=40 no_data=0  credits_used=427/2288
[428/2288] credit 428  2026-08-14  n=40  SBES12¡­SBFZ46
    saved ok=40 no_data=0  credits_used=428/2288
[429/2288] credit 429  2026-08-14  n=40  SBGA05¡­SBHV66
    saved ok=40 no_data=0  credits_used=429/2288
[430/2288] credit 430  2026-08-14  n=40  SBHW76¡­SCA943
    saved ok=40 no_data=0  credits_used=430/2288
[431/2288] credit 431  2026-08-14  n=40  SCB034¡­SCK733
    saved ok=39 no_data=1  credits_used=431/2288
[432/2288] credit 432  2026-08-14  n=40  SCK916¡­SCS961
    saved ok=40 no_data=0  credits_used=432/2288
[433/2288] credit 433  2026-08-14  n=40  SCT166¡­SD8791
    saved ok=40 no_data=0  credits_used=433/2288
[434/2288] credit 434  2026-08-14  n=40  SD9074¡­SEE891
    saved ok=40 no_data=0  credits_used=434/2288
[435/2288] credit 435  2026-08-14  n=40  SEF149¡­SEP453
    saved ok=40 no_data=0  credits_used=435/2288
[436/2288] credit 436  2026-08-14  n=40  SEP459¡­SEV106
    saved ok=40 no_data=0  credits_used=436/2288
[437/2288] credit 437  2026-08-14  n=40  SEV651¡­SG166A
    saved ok=40 no_data=0  credits_used=437/2288
[438/2288] credit 438  2026-08-14  n=40  SG335C¡­SGD782
    saved ok=40 no_data=0  credits_used=438/2288
[439/2288] credit 439  2026-08-14  n=40  SGD889¡­SGJ048
    saved ok=40 no_data=0  credits_used=439/2288
[440/2288] credit 440  2026-08-14  n=40  SGJ190¡­SGP652
    saved ok=40 no_data=0  credits_used=440/2288
[441/2288] credit 441  2026-08-14  n=40  SGP823¡­SGV041
    saved ok=40 no_data=0  credits_used=441/2288
[442/2288] credit 442  2026-08-14  n=40  SGV227¡­SH4205
    saved ok=39 no_data=1  credits_used=442/2288
[443/2288] credit 443  2026-08-14  n=40  SH4230¡­SJC745
    saved ok=40 no_data=0  credits_used=443/2288
[444/2288] credit 444  2026-08-14  n=40  SJC840¡­SJG434
    saved ok=40 no_data=0  credits_used=444/2288
[445/2288] credit 445  2026-08-14  n=40  SJG569¡­SJL350
    saved ok=40 no_data=0  credits_used=445/2288
[446/2288] credit 446  2026-08-14  n=40  SJL554¡­SJP809
    saved ok=40 no_data=0  credits_used=446/2288
[447/2288] credit 447  2026-08-14  n=40  SJP913¡­SJT359
    saved ok=40 no_data=0  credits_used=447/2288
[448/2288] credit 448  2026-08-14  n=40  SJT367¡­SJW953
    saved ok=40 no_data=0  credits_used=448/2288
[449/2288] credit 449  2026-08-14  n=40  SJW999¡­SK7632
    saved ok=40 no_data=0  credits_used=449/2288
[450/2288] credit 450  2026-08-14  n=40  SK7661¡­SLC060
    saved ok=40 no_data=0  credits_used=450/2288
[451/2288] credit 451  2026-08-14  n=40  SLC061¡­SLJ881
    saved ok=40 no_data=0  credits_used=451/2288
[452/2288] credit 452  2026-08-14  n=40  SLK135¡­SLP416
    saved ok=40 no_data=0  credits_used=452/2288
[453/2288] credit 453  2026-08-14  n=40  SLP645¡­SLU524
    saved ok=40 no_data=0  credits_used=453/2288
[454/2288] credit 454  2026-08-14  n=40  SLU741¡­SLZ844
    saved ok=40 no_data=0  credits_used=454/2288
[455/2288] credit 455  2026-08-14  n=40  SLZ848¡­SN9692
    saved ok=40 no_data=0  credits_used=455/2288
[456/2288] credit 456  2026-08-14  n=40  SNA000¡­SNE543
    saved ok=40 no_data=0  credits_used=456/2288
[457/2288] credit 457  2026-08-14  n=40  SNE558¡­SNK552
    saved ok=40 no_data=0  credits_used=457/2288
[458/2288] credit 458  2026-08-14  n=40  SNK732¡­SNP688
    saved ok=40 no_data=0  credits_used=458/2288
[459/2288] credit 459  2026-08-14  n=40  SNP943¡­SNT032
    saved ok=40 no_data=0  credits_used=459/2288
[460/2288] credit 460  2026-08-14  n=40  SNT059¡­SNX908
    saved ok=40 no_data=0  credits_used=460/2288
[461/2288] credit 461  2026-08-14  n=40  SNX974¡­SQC646
    saved ok=40 no_data=0  credits_used=461/2288
[462/2288] credit 462  2026-08-14  n=40  SQC740¡­SQF322
    saved ok=40 no_data=0  credits_used=462/2288
[463/2288] credit 463  2026-08-14  n=40  SQF532¡­SQJ794
    saved ok=40 no_data=0  credits_used=463/2288
[464/2288] credit 464  2026-08-14  n=40  SQJ838¡­SQN972
    saved ok=40 no_data=0  credits_used=464/2288
[465/2288] credit 465  2026-08-14  n=40  SQP037¡­SQR957
    saved ok=40 no_data=0  credits_used=465/2288
[466/2288] credit 466  2026-08-14  n=40  SQS015¡­SQV809
    saved ok=40 no_data=0  credits_used=466/2288
[467/2288] credit 467  2026-08-14  n=40  SQV862¡­SR1888
    saved ok=40 no_data=0  credits_used=467/2288
[468/2288] credit 468  2026-08-14  n=40  SR2019¡­SS3767
    saved ok=39 no_data=1  credits_used=468/2288
[469/2288] credit 469  2026-08-14  n=40  SS3880¡­SSA635
    saved ok=38 no_data=2  credits_used=469/2288
[470/2288] credit 470  2026-08-14  n=40  SSA743¡­SSF240
    saved ok=40 no_data=0  credits_used=470/2288
[471/2288] credit 471  2026-08-14  n=40  SSF245¡­SSJ763
    saved ok=40 no_data=0  credits_used=471/2288
[472/2288] credit 472  2026-08-14  n=40  SSJ836¡­SSP206
    saved ok=40 no_data=0  credits_used=472/2288
[473/2288] credit 473  2026-08-14  n=40  SSP249¡­SST306
    saved ok=40 no_data=0  credits_used=473/2288
[474/2288] credit 474  2026-08-14  n=40  SST470¡­SSX427
    saved ok=40 no_data=0  credits_used=474/2288
[475/2288] credit 475  2026-08-14  n=40  SSX492¡­ST1031
    saved ok=40 no_data=0  credits_used=475/2288
[476/2288] credit 476  2026-08-14  n=40  ST1172¡­STA362
    saved ok=40 no_data=0  credits_used=476/2288
[477/2288] credit 477  2026-08-14  n=40  STA598¡­STD315
    saved ok=40 no_data=0  credits_used=477/2288
[478/2288] credit 478  2026-08-14  n=40  STD342¡­STG781
    saved ok=39 no_data=1  credits_used=478/2288
[479/2288] credit 479  2026-08-14  n=40  STG790¡­STK890
    saved ok=40 no_data=0  credits_used=479/2288
[480/2288] credit 480  2026-08-14  n=40  STK984¡­STP216
    saved ok=39 no_data=1  credits_used=480/2288
[481/2288] credit 481  2026-08-14  n=40  STP493¡­STS460
    saved ok=40 no_data=0  credits_used=481/2288
[482/2288] credit 482  2026-08-14  n=40  STS471¡­STU459
    saved ok=39 no_data=1  credits_used=482/2288
[483/2288] credit 483  2026-08-14  n=40  STU531¡­STW563
    saved ok=40 no_data=0  credits_used=483/2288
[484/2288] credit 484  2026-08-14  n=40  STW607¡­STY620
    saved ok=40 no_data=0  credits_used=484/2288
[485/2288] credit 485  2026-08-14  n=40  STY632¡­SVA924
    saved ok=40 no_data=0  credits_used=485/2288
[486/2288] credit 486  2026-08-14  n=40  SVA940¡­SVC898
    saved ok=40 no_data=0  credits_used=486/2288
[487/2288] credit 487  2026-08-14  n=40  SVD016¡­SVF797
    saved ok=40 no_data=0  credits_used=487/2288
[488/2288] credit 488  2026-08-14  n=40  SVF893¡­SVH803
    saved ok=40 no_data=0  credits_used=488/2288
[489/2288] credit 489  2026-08-14  n=40  SVH820¡­SVL422
    saved ok=40 no_data=0  credits_used=489/2288
[490/2288] credit 490  2026-08-14  n=40  SVL455¡­SVN520
    saved ok=40 no_data=0  credits_used=490/2288
[491/2288] credit 491  2026-08-14  n=40  SVN559¡­SVQ556
    saved ok=38 no_data=2  credits_used=491/2288
[492/2288] credit 492  2026-08-14  n=40  SVQ605¡­SVT811
    saved ok=40 no_data=0  credits_used=492/2288
[493/2288] credit 493  2026-08-14  n=40  SVT834¡­SVW399
    saved ok=39 no_data=1  credits_used=493/2288
[494/2288] credit 494  2026-08-14  n=40  SVW463¡­SVY871
    saved ok=40 no_data=0  credits_used=494/2288
[495/2288] credit 495  2026-08-14  n=40  SVY984¡­SW3338
    saved ok=40 no_data=0  credits_used=495/2288
[496/2288] credit 496  2026-08-14  n=40  SW3365¡­SX0801
    saved ok=40 no_data=0  credits_used=496/2288
[497/2288] credit 497  2026-08-14  n=40  SX1055¡­SX9760
    saved ok=40 no_data=0  credits_used=497/2288
[498/2288] credit 498  2026-08-14  n=40  SX9799¡­SXC453
    saved ok=39 no_data=1  credits_used=498/2288
[499/2288] credit 499  2026-08-14  n=40  SXC626¡­SXE383
    saved ok=40 no_data=0  credits_used=499/2288
[500/2288] credit 500  2026-08-14  n=40  SXE460¡­SXG274
    saved ok=40 no_data=0  credits_used=500/2288
[501/2288] credit 501  2026-08-14  n=40  SXG307¡­SXJ815
    saved ok=40 no_data=0  credits_used=501/2288
[502/2288] credit 502  2026-08-14  n=40  SXJ944¡­SXM021
    saved ok=40 no_data=0  credits_used=502/2288
[503/2288] credit 503  2026-08-14  n=40  SXM072¡­SXP624
    saved ok=39 no_data=1  credits_used=503/2288
[504/2288] credit 504  2026-08-14  n=40  SXP689¡­SXS759
    saved ok=40 no_data=0  credits_used=504/2288
[505/2288] credit 505  2026-08-14  n=40  SXS859¡­SXU999
    saved ok=40 no_data=0  credits_used=505/2288
[506/2288] credit 506  2026-08-14  n=40  SXV221¡­SXW938
    saved ok=40 no_data=0  credits_used=506/2288
[507/2288] credit 507  2026-08-14  n=40  SXW985¡­SXZ393
    saved ok=40 no_data=0  credits_used=507/2288
[508/2288] credit 508  2026-08-14  n=40  SXZ409¡­SY4799
    saved ok=40 no_data=0  credits_used=508/2288
[509/2288] credit 509  2026-08-14  n=40  SY5074¡­SZA017
    saved ok=39 no_data=1  credits_used=509/2288
[510/2288] credit 510  2026-08-14  n=40  SZA048¡­SZC035
    saved ok=40 no_data=0  credits_used=510/2288
[511/2288] credit 511  2026-08-14  n=40  SZC342¡­SZE020
    saved ok=39 no_data=1  credits_used=511/2288
[512/2288] credit 512  2026-08-14  n=40  SZE044¡­SZF974
    saved ok=40 no_data=0  credits_used=512/2288
[513/2288] credit 513  2026-08-14  n=40  SZG041¡­SZH903
    saved ok=39 no_data=1  credits_used=513/2288
[514/2288] credit 514  2026-08-14  n=40  SZH917¡­SZK428
    saved ok=40 no_data=0  credits_used=514/2288
[515/2288] credit 515  2026-08-14  n=40  SZK652¡­SZM410
    saved ok=40 no_data=0  credits_used=515/2288
[516/2288] credit 516  2026-08-14  n=40  SZM434¡­SZP492
    saved ok=40 no_data=0  credits_used=516/2288
[517/2288] credit 517  2026-08-14  n=40  SZP513¡­SZR921
    saved ok=40 no_data=0  credits_used=517/2288
[518/2288] credit 518  2026-08-14  n=40  SZR941¡­SZT850
    saved ok=40 no_data=0  credits_used=518/2288
[519/2288] credit 519  2026-08-14  n=40  SZT851¡­SZW018
    saved ok=40 no_data=0  credits_used=519/2288
[520/2288] credit 520  2026-08-14  n=40  SZW026¡­SZX705
    saved ok=40 no_data=0  credits_used=520/2288
[521/2288] credit 521  2026-08-14  n=40  SZX774¡­TC840B
    saved ok=39 no_data=1  credits_used=521/2288
[522/2288] credit 522  2026-08-14  n=40  TC853B¡­TL900A
    saved ok=40 no_data=0  credits_used=522/2288
[523/2288] credit 523  2026-08-14  n=40  TM507C¡­TU531B
    saved ok=40 no_data=0  credits_used=523/2288
[524/2288] credit 524  2026-08-14  n=40  TU706A¡­VB056B
    saved ok=40 no_data=0  credits_used=524/2288
[525/2288] credit 525  2026-08-14  n=40  VB230B¡­VH097B
    saved ok=40 no_data=0  credits_used=525/2288
[526/2288] credit 526  2026-08-14  n=40  VH336B¡­VN500A
    saved ok=40 no_data=0  credits_used=526/2288
[527/2288] credit 527  2026-08-14  n=40  VN500B¡­VV271B
    saved ok=40 no_data=0  credits_used=527/2288
[528/2288] credit 528  2026-08-14  n=40  VV342A¡­W7194B
    saved ok=40 no_data=0  credits_used=528/2288
[529/2288] credit 529  2026-08-14  n=40  W7431B¡­XD709A
    saved ok=40 no_data=0  credits_used=529/2288
[530/2288] credit 530  2026-08-14  n=40  XD753A¡­XJ640B
    saved ok=40 no_data=0  credits_used=530/2288
[531/2288] credit 531  2026-08-14  n=40  XJ640C¡­XR658A
    saved ok=40 no_data=0  credits_used=531/2288
[532/2288] credit 532  2026-08-14  n=40  XR735A¡­XY162A
    saved ok=40 no_data=0  credits_used=532/2288
[533/2288] credit 533  2026-08-14  n=40  XY296A¡­ZC395B
    saved ok=40 no_data=0  credits_used=533/2288
[534/2288] credit 534  2026-08-14  n=40  ZC421A¡­ZG281A
    saved ok=40 no_data=0  credits_used=534/2288
[535/2288] credit 535  2026-08-14  n=40  ZG284A¡­ZL758B
    saved ok=40 no_data=0  credits_used=535/2288
[536/2288] credit 536  2026-08-14  n=40  ZL759A¡­ZT567B
    saved ok=40 no_data=0  credits_used=536/2288
[537/2288] credit 537  2026-08-14  n=40  ZT587A¡­ZY339A
    saved ok=40 no_data=0  credits_used=537/2288
[538/2288] credit 538  2026-08-14  n=5  ZY715B¡­ZZ559A
    saved ok=5 no_data=0  credits_used=538/2288
[539/2288] credit 539  2026-08-07  n=40  09408B¡­ABW07C
    saved ok=40 no_data=0  credits_used=539/2288
[540/2288] credit 540  2026-08-07  n=40  ACA70A¡­AED87A
    saved ok=40 no_data=0  credits_used=540/2288
[541/2288] credit 541  2026-08-07  n=40  AED88A¡­AGX89B
    saved ok=40 no_data=0  credits_used=541/2288
[542/2288] credit 542  2026-08-07  n=40  AGY55A¡­AJL32D
    saved ok=40 no_data=0  credits_used=542/2288
[543/2288] credit 543  2026-08-07  n=40  AJN30A¡­AME70B
    saved ok=40 no_data=0  credits_used=543/2288
[544/2288] credit 544  2026-08-07  n=40  AMG45C¡­APT95A
    saved ok=40 no_data=0  credits_used=544/2288
[545/2288] credit 545  2026-08-07  n=40  APT96A¡­ARR67A
    saved ok=40 no_data=0  credits_used=545/2288
[546/2288] credit 546  2026-08-07  n=40  ART50B¡­ATC65A
    saved ok=40 no_data=0  credits_used=546/2288
[547/2288] credit 547  2026-08-07  n=40  ATE66A¡­AUY59A
    saved ok=40 no_data=0  credits_used=547/2288
[548/2288] credit 548  2026-08-07  n=40  AVA93A¡­AWS53A
    saved ok=40 no_data=0  credits_used=548/2288
[549/2288] credit 549  2026-08-07  n=40  AWS53C¡­AYJ94A
    saved ok=40 no_data=0  credits_used=549/2288
[550/2288] credit 550  2026-08-07  n=40  AYK82A¡­AZY95A
    saved ok=40 no_data=0  credits_used=550/2288
[551/2288] credit 551  2026-08-07  n=40  AZZ28A¡­B9129C
    saved ok=40 no_data=0  credits_used=551/2288
[552/2288] credit 552  2026-08-07  n=40  B9177C¡­BCB08C
    saved ok=40 no_data=0  credits_used=552/2288
[553/2288] credit 553  2026-08-07  n=40  BCE87A¡­BEA88B
    saved ok=40 no_data=0  credits_used=553/2288
[554/2288] credit 554  2026-08-07  n=40  BEB16C¡­BJP87C
    saved ok=40 no_data=0  credits_used=554/2288
[555/2288] credit 555  2026-08-07  n=40  BKK08D¡­ET165A
    saved ok=40 no_data=0  credits_used=555/2288
[556/2288] credit 556  2026-08-07  n=40  ET176B¡­GR963B
    saved ok=40 no_data=0  credits_used=556/2288
[557/2288] credit 557  2026-08-07  n=40  GS026A¡­JR493A
    saved ok=40 no_data=0  credits_used=557/2288
[558/2288] credit 558  2026-08-07  n=40  JR569B¡­LF575B
    saved ok=40 no_data=0  credits_used=558/2288
[559/2288] credit 559  2026-08-07  n=40  LG406A¡­N2726A
    saved ok=40 no_data=0  credits_used=559/2288
[560/2288] credit 560  2026-08-07  n=40  N5169A¡­NQ573A
    saved ok=39 no_data=1  credits_used=560/2288
[561/2288] credit 561  2026-08-07  n=40  NQ996A¡­QL046A
    saved ok=40 no_data=0  credits_used=561/2288
[562/2288] credit 562  2026-08-07  n=40  QL330A¡­R7082A
    saved ok=40 no_data=0  credits_used=562/2288
[563/2288] credit 563  2026-08-07  n=40  R8254C¡­S26462
    saved ok=40 no_data=0  credits_used=563/2288
[564/2288] credit 564  2026-08-07  n=40  S26613¡­S38015
    saved ok=40 no_data=0  credits_used=564/2288
[565/2288] credit 565  2026-08-07  n=40  S38252¡­S82268
    saved ok=40 no_data=0  credits_used=565/2288
[566/2288] credit 566  2026-08-07  n=40  S82429¡­SAAP82
    saved ok=40 no_data=0  credits_used=566/2288
[567/2288] credit 567  2026-08-07  n=40  SAAQ16¡­SABW07
    saved ok=40 no_data=0  credits_used=567/2288
[568/2288] credit 568  2026-08-07  n=40  SACA01¡­SADP02
    saved ok=40 no_data=0  credits_used=568/2288
[569/2288] credit 569  2026-08-07  n=40  SADP37¡­SAFA31
    saved ok=40 no_data=0  credits_used=569/2288
[570/2288] credit 570  2026-08-07  n=40  SAFA37¡­SAFZ45
    saved ok=40 no_data=0  credits_used=570/2288
[571/2288] credit 571  2026-08-07  n=40  SAFZ64¡­SAGY15
    saved ok=40 no_data=0  credits_used=571/2288
[572/2288] credit 572  2026-08-07  n=40  SAGY55¡­SAHQ67
    saved ok=40 no_data=0  credits_used=572/2288
[573/2288] credit 573  2026-08-07  n=40  SAHQ85¡­SAJS73
    saved ok=40 no_data=0  credits_used=573/2288
[574/2288] credit 574  2026-08-07  n=40  SAJS87¡­SAKS16
    saved ok=40 no_data=0  credits_used=574/2288
[575/2288] credit 575  2026-08-07  n=40  SAKS76¡­SAMC93
    saved ok=40 no_data=0  credits_used=575/2288
[576/2288] credit 576  2026-08-07  n=40  SAMD00¡­SAMX35
    saved ok=40 no_data=0  credits_used=576/2288
[577/2288] credit 577  2026-08-07  n=40  SAMY09¡­SAPG21
    saved ok=40 no_data=0  credits_used=577/2288
[578/2288] credit 578  2026-08-07  n=40  SAPM74¡­SAQG71
    saved ok=40 no_data=0  credits_used=578/2288
[579/2288] credit 579  2026-08-07  n=40  SAQG79¡­SARQ63
    saved ok=40 no_data=0  credits_used=579/2288
[580/2288] credit 580  2026-08-07  n=40  SARS28¡­SASM41
    saved ok=40 no_data=0  credits_used=580/2288
[581/2288] credit 581  2026-08-07  n=40  SASM57¡­SATH39
    saved ok=40 no_data=0  credits_used=581/2288
[582/2288] credit 582  2026-08-07  n=40  SATJ60¡­SATZ99
    saved ok=40 no_data=0  credits_used=582/2288
[583/2288] credit 583  2026-08-07  n=40  SAUA28¡­SAUW38
    saved ok=40 no_data=0  credits_used=583/2288
[584/2288] credit 584  2026-08-07  n=40  SAUW63¡­SAVQ58
    saved ok=40 no_data=0  credits_used=584/2288
[585/2288] credit 585  2026-08-07  n=40  SAVR51¡­SAWK85
    saved ok=40 no_data=0  credits_used=585/2288
[586/2288] credit 586  2026-08-07  n=40  SAWK92¡­SAXH80
    saved ok=40 no_data=0  credits_used=586/2288
[587/2288] credit 587  2026-08-07  n=40  SAXJ32¡­SAYH19
    saved ok=40 no_data=0  credits_used=587/2288
[588/2288] credit 588  2026-08-07  n=40  SAYJ94¡­SAZC46
    saved ok=40 no_data=0  credits_used=588/2288
[589/2288] credit 589  2026-08-07  n=40  SAZC81¡­SB0107
    saved ok=40 no_data=0  credits_used=589/2288
[590/2288] credit 590  2026-08-07  n=40  SB0135¡­SB3363
    saved ok=40 no_data=0  credits_used=590/2288
[591/2288] credit 591  2026-08-07  n=40  SB3419¡­SB7849
    saved ok=40 no_data=0  credits_used=591/2288
[592/2288] credit 592  2026-08-07  n=40  SB7963¡­SBAD00
    saved ok=40 no_data=0  credits_used=592/2288
[593/2288] credit 593  2026-08-07  n=40  SBAD13¡­SBBG04
    saved ok=40 no_data=0  credits_used=593/2288
[594/2288] credit 594  2026-08-07  n=40  SBBG67¡­SBCN62
    saved ok=40 no_data=0  credits_used=594/2288
[595/2288] credit 595  2026-08-07  n=40  SBCN64¡­SBDK76
    saved ok=40 no_data=0  credits_used=595/2288
[596/2288] credit 596  2026-08-07  n=40  SBDK81¡­SBEJ77
    saved ok=40 no_data=0  credits_used=596/2288
[597/2288] credit 597  2026-08-07  n=40  SBEK75¡­SBFN46
    saved ok=40 no_data=0  credits_used=597/2288
[598/2288] credit 598  2026-08-07  n=40  SBFP20¡­SBGY28
    saved ok=40 no_data=0  credits_used=598/2288
[599/2288] credit 599  2026-08-07  n=40  SBGY74¡­SBLM15
    saved ok=39 no_data=1  credits_used=599/2288
[600/2288] credit 600  2026-08-07  n=40  SBLN39¡­SCC701
    saved ok=36 no_data=4  credits_used=600/2288
[601/2288] credit 601  2026-08-07  n=40  SCC853¡­SCL132
    saved ok=39 no_data=1  credits_used=601/2288
[602/2288] credit 602  2026-08-07  n=40  SCL202¡­SCT291
    saved ok=40 no_data=0  credits_used=602/2288
[603/2288] credit 603  2026-08-07  n=40  SCT502¡­SD9074
    saved ok=40 no_data=0  credits_used=603/2288
[604/2288] credit 604  2026-08-07  n=40  SD9395¡­SEE027
    saved ok=40 no_data=0  credits_used=604/2288
[605/2288] credit 605  2026-08-07  n=40  SEE500¡­SEN107
    saved ok=40 no_data=0  credits_used=605/2288
[606/2288] credit 606  2026-08-07  n=40  SEN798¡­SEU951
    saved ok=40 no_data=0  credits_used=606/2288
[607/2288] credit 607  2026-08-07  n=40  SEV048¡­SF056B
    saved ok=40 no_data=0  credits_used=607/2288
[608/2288] credit 608  2026-08-07  n=40  SF190A¡­SGD074
    saved ok=40 no_data=0  credits_used=608/2288
[609/2288] credit 609  2026-08-07  n=40  SGD334¡­SGH386
    saved ok=40 no_data=0  credits_used=609/2288
[610/2288] credit 610  2026-08-07  n=40  SGH439¡­SGN353
    saved ok=40 no_data=0  credits_used=610/2288
[611/2288] credit 611  2026-08-07  n=40  SGN354¡­SGT363
    saved ok=40 no_data=0  credits_used=611/2288
[612/2288] credit 612  2026-08-07  n=40  SGT477¡­SGZ152
    saved ok=40 no_data=0  credits_used=612/2288
[613/2288] credit 613  2026-08-07  n=40  SGZ270¡­SJA891
    saved ok=40 no_data=0  credits_used=613/2288
[614/2288] credit 614  2026-08-07  n=40  SJB356¡­SJE908
    saved ok=40 no_data=0  credits_used=614/2288
[615/2288] credit 615  2026-08-07  n=40  SJE916¡­SJK069
    saved ok=40 no_data=0  credits_used=615/2288
[616/2288] credit 616  2026-08-07  n=40  SJK160¡­SJN758
    saved ok=40 no_data=0  credits_used=616/2288
[617/2288] credit 617  2026-08-07  n=40  SJN869¡­SJR885
    saved ok=40 no_data=0  credits_used=617/2288
[618/2288] credit 618  2026-08-07  n=40  SJR966¡­SJV133
    saved ok=40 no_data=0  credits_used=618/2288
[619/2288] credit 619  2026-08-07  n=40  SJV136¡­SJY896
    saved ok=40 no_data=0  credits_used=619/2288
[620/2288] credit 620  2026-08-07  n=40  SJY944¡­SL9582
    saved ok=40 no_data=0  credits_used=620/2288
[621/2288] credit 621  2026-08-07  n=40  SL9777¡­SLD217
    saved ok=40 no_data=0  credits_used=621/2288
[622/2288] credit 622  2026-08-07  n=40  SLD909¡­SLL278
    saved ok=40 no_data=0  credits_used=622/2288
[623/2288] credit 623  2026-08-07  n=40  SLL292¡­SLQ340
    saved ok=40 no_data=0  credits_used=623/2288
[624/2288] credit 624  2026-08-07  n=40  SLQ627¡­SLV343
    saved ok=40 no_data=0  credits_used=624/2288
[625/2288] credit 625  2026-08-07  n=40  SLV515¡­SLZ755
    saved ok=40 no_data=0  credits_used=625/2288
[626/2288] credit 626  2026-08-07  n=40  SLZ844¡­SN8039
    saved ok=40 no_data=0  credits_used=626/2288
[627/2288] credit 627  2026-08-07  n=40  SN8115¡­SNE166
    saved ok=40 no_data=0  credits_used=627/2288
[628/2288] credit 628  2026-08-07  n=40  SNE298¡­SNK316
    saved ok=40 no_data=0  credits_used=628/2288
[629/2288] credit 629  2026-08-07  n=40  SNK332¡­SNN305
    saved ok=40 no_data=0  credits_used=629/2288
[630/2288] credit 630  2026-08-07  n=40  SNN336¡­SNR764
    saved ok=40 no_data=0  credits_used=630/2288
[631/2288] credit 631  2026-08-07  n=40  SNR767¡­SNV190
    saved ok=40 no_data=0  credits_used=631/2288
[632/2288] credit 632  2026-08-07  n=40  SNV238¡­SNZ104
    saved ok=40 no_data=0  credits_used=632/2288
[633/2288] credit 633  2026-08-07  n=40  SNZ265¡­SQD327
    saved ok=40 no_data=0  credits_used=633/2288
[634/2288] credit 634  2026-08-07  n=40  SQD405¡­SQG349
    saved ok=40 no_data=0  credits_used=634/2288
[635/2288] credit 635  2026-08-07  n=40  SQG371¡­SQL035
    saved ok=40 no_data=0  credits_used=635/2288
[636/2288] credit 636  2026-08-07  n=40  SQL046¡­SQP166
    saved ok=40 no_data=0  credits_used=636/2288
[637/2288] credit 637  2026-08-07  n=40  SQP190¡­SQS504
    saved ok=40 no_data=0  credits_used=637/2288
[638/2288] credit 638  2026-08-07  n=40  SQS733¡­SQW082
    saved ok=40 no_data=0  credits_used=638/2288
[639/2288] credit 639  2026-08-07  n=40  SQW108¡­SR2759
    saved ok=40 no_data=0  credits_used=639/2288
[640/2288] credit 640  2026-08-07  n=40  SR3030¡­SS4065
    saved ok=40 no_data=0  credits_used=640/2288
[641/2288] credit 641  2026-08-07  n=40  SS4235¡­SSA635
    saved ok=38 no_data=2  credits_used=641/2288
[642/2288] credit 642  2026-08-07  n=40  SSA743¡­SSF240
    saved ok=40 no_data=0  credits_used=642/2288
[643/2288] credit 643  2026-08-07  n=40  SSF245¡­SSJ763
    saved ok=40 no_data=0  credits_used=643/2288
[644/2288] credit 644  2026-08-07  n=40  SSJ836¡­SSM039
    saved ok=40 no_data=0  credits_used=644/2288
[645/2288] credit 645  2026-08-07  n=40  SSM355¡­SSR867
    saved ok=40 no_data=0  credits_used=645/2288
[646/2288] credit 646  2026-08-07  n=40  SSR924¡­SSV201
    saved ok=40 no_data=0  credits_used=646/2288
[647/2288] credit 647  2026-08-07  n=40  SSV284¡­SSY694
    saved ok=40 no_data=0  credits_used=647/2288
[648/2288] credit 648  2026-08-07  n=40  SSY765¡­ST6571
    saved ok=40 no_data=0  credits_used=648/2288
[649/2288] credit 649  2026-08-07  n=40  ST6839¡­STB800
    saved ok=40 no_data=0  credits_used=649/2288
[650/2288] credit 650  2026-08-07  n=40  STB911¡­STE860
    saved ok=40 no_data=0  credits_used=650/2288
[651/2288] credit 651  2026-08-07  n=40  STE906¡­STJ066
    saved ok=39 no_data=1  credits_used=651/2288
[652/2288] credit 652  2026-08-07  n=40  STJ095¡­STL627
    saved ok=40 no_data=0  credits_used=652/2288
[653/2288] credit 653  2026-08-07  n=40  STL629¡­STP964
    saved ok=39 no_data=1  credits_used=653/2288
[654/2288] credit 654  2026-08-07  n=40  STQ231¡­STS805
    saved ok=39 no_data=1  credits_used=654/2288
[655/2288] credit 655  2026-08-07  n=40  STS819¡­STU531
    saved ok=40 no_data=0  credits_used=655/2288
[656/2288] credit 656  2026-08-07  n=40  STU614¡­STW607
    saved ok=40 no_data=0  credits_used=656/2288
[657/2288] credit 657  2026-08-07  n=40  STW669¡­STY632
    saved ok=40 no_data=0  credits_used=657/2288
[658/2288] credit 658  2026-08-07  n=40  STY670¡­SVA818
    saved ok=40 no_data=0  credits_used=658/2288
[659/2288] credit 659  2026-08-07  n=40  SVA862¡­SVC831
    saved ok=40 no_data=0  credits_used=659/2288
[660/2288] credit 660  2026-08-07  n=40  SVC839¡­SVF763
    saved ok=40 no_data=0  credits_used=660/2288
[661/2288] credit 661  2026-08-07  n=40  SVF793¡­SVH760
    saved ok=40 no_data=0  credits_used=661/2288
[662/2288] credit 662  2026-08-07  n=40  SVH762¡­SVK972
    saved ok=40 no_data=0  credits_used=662/2288
[663/2288] credit 663  2026-08-07  n=40  SVL251¡­SVN421
    saved ok=40 no_data=0  credits_used=663/2288
[664/2288] credit 664  2026-08-07  n=40  SVN422¡­SVQ170
    saved ok=38 no_data=2  credits_used=664/2288
[665/2288] credit 665  2026-08-07  n=40  SVQ250¡­SVT341
    saved ok=40 no_data=0  credits_used=665/2288
[666/2288] credit 666  2026-08-07  n=40  SVT363¡­SVV862
    saved ok=39 no_data=1  credits_used=666/2288
[667/2288] credit 667  2026-08-07  n=40  SVV872¡­SVY141
    saved ok=40 no_data=0  credits_used=667/2288
[668/2288] credit 668  2026-08-07  n=40  SVY264¡­SW1756
    saved ok=40 no_data=0  credits_used=668/2288
[669/2288] credit 669  2026-08-07  n=40  SW1838¡­SW8931
    saved ok=40 no_data=0  credits_used=669/2288
[670/2288] credit 670  2026-08-07  n=40  SW952B¡­SX8646
    saved ok=40 no_data=0  credits_used=670/2288
[671/2288] credit 671  2026-08-07  n=40  SX8691¡­SXB842
    saved ok=39 no_data=1  credits_used=671/2288
[672/2288] credit 672  2026-08-07  n=40  SXB863¡­SXD853
    saved ok=40 no_data=0  credits_used=672/2288
[673/2288] credit 673  2026-08-07  n=40  SXD909¡­SXF666
    saved ok=40 no_data=0  credits_used=673/2288
[674/2288] credit 674  2026-08-07  n=40  SXF723¡­SXJ051
    saved ok=40 no_data=0  credits_used=674/2288
[675/2288] credit 675  2026-08-07  n=40  SXJ066¡­SXL267
    saved ok=40 no_data=0  credits_used=675/2288
[676/2288] credit 676  2026-08-07  n=40  SXL370¡­SXN836
    saved ok=40 no_data=0  credits_used=676/2288
[677/2288] credit 677  2026-08-07  n=40  SXN876¡­SXR468
    saved ok=39 no_data=1  credits_used=677/2288
[678/2288] credit 678  2026-08-07  n=40  SXR621¡­SXU209
    saved ok=40 no_data=0  credits_used=678/2288
[679/2288] credit 679  2026-08-07  n=40  SXU236¡­SXW350
    saved ok=40 no_data=0  credits_used=679/2288
[680/2288] credit 680  2026-08-07  n=40  SXW399¡­SXY311
    saved ok=40 no_data=0  credits_used=680/2288
[681/2288] credit 681  2026-08-07  n=40  SXY349¡­SY1957
    saved ok=40 no_data=0  credits_used=681/2288
[682/2288] credit 682  2026-08-07  n=40  SY2081¡­SY8346
    saved ok=39 no_data=1  credits_used=682/2288
[683/2288] credit 683  2026-08-07  n=40  SY8348¡­SZA844
    saved ok=40 no_data=0  credits_used=683/2288
[684/2288] credit 684  2026-08-07  n=40  SZA887¡­SZD266
    saved ok=40 no_data=0  credits_used=684/2288
[685/2288] credit 685  2026-08-07  n=40  SZD269¡­SZF034
    saved ok=40 no_data=0  credits_used=685/2288
[686/2288] credit 686  2026-08-07  n=40  SZF059¡­SZG728
    saved ok=40 no_data=0  credits_used=686/2288
[687/2288] credit 687  2026-08-07  n=40  SZG751¡­SZJ570
    saved ok=39 no_data=1  credits_used=687/2288
[688/2288] credit 688  2026-08-07  n=40  SZJ601¡­SZL468
    saved ok=40 no_data=0  credits_used=688/2288
[689/2288] credit 689  2026-08-07  n=40  SZL470¡­SZN165
    saved ok=40 no_data=0  credits_used=689/2288
[690/2288] credit 690  2026-08-07  n=40  SZN187¡­SZQ493
    saved ok=40 no_data=0  credits_used=690/2288
[691/2288] credit 691  2026-08-07  n=40  SZQ525¡­SZS509
    saved ok=40 no_data=0  credits_used=691/2288
[692/2288] credit 692  2026-08-07  n=40  SZS566¡­SZU410
    saved ok=40 no_data=0  credits_used=692/2288
[693/2288] credit 693  2026-08-07  n=40  SZU428¡­SZW579
    saved ok=40 no_data=0  credits_used=693/2288
[694/2288] credit 694  2026-08-07  n=40  SZW619¡­SZY356
    saved ok=39 no_data=1  credits_used=694/2288
[695/2288] credit 695  2026-08-07  n=40  SZY375¡­TE906B
    saved ok=40 no_data=0  credits_used=695/2288
[696/2288] credit 696  2026-08-07  n=40  TF531B¡­TQ512A
    saved ok=40 no_data=0  credits_used=696/2288
[697/2288] credit 697  2026-08-07  n=40  TQ718B¡­TW306A
    saved ok=40 no_data=0  credits_used=697/2288
[698/2288] credit 698  2026-08-07  n=40  TW306B¡­VC839A
    saved ok=40 no_data=0  credits_used=698/2288
[699/2288] credit 699  2026-08-07  n=40  VC898A¡­VK096A
    saved ok=40 no_data=0  credits_used=699/2288
[700/2288] credit 700  2026-08-07  n=40  VK096B¡­VQ250A
    saved ok=40 no_data=0  credits_used=700/2288
[701/2288] credit 701  2026-08-07  n=40  VQ366A¡­VX702B
    saved ok=40 no_data=0  credits_used=701/2288
[702/2288] credit 702  2026-08-07  n=40  VY141A¡­X7441A
    saved ok=40 no_data=0  credits_used=702/2288
[703/2288] credit 703  2026-08-07  n=40  X8490B¡­XE616A
    saved ok=39 no_data=1  credits_used=703/2288
[704/2288] credit 704  2026-08-07  n=40  XE627A¡­XL134B
    saved ok=40 no_data=0  credits_used=704/2288
[705/2288] credit 705  2026-08-07  n=40  XL167A¡­XU400B
    saved ok=40 no_data=0  credits_used=705/2288
[706/2288] credit 706  2026-08-07  n=40  XU501A¡­Y1194B
    saved ok=40 no_data=0  credits_used=706/2288
[707/2288] credit 707  2026-08-07  n=40  Y1957B¡­ZD562C
    saved ok=40 no_data=0  credits_used=707/2288
[708/2288] credit 708  2026-08-07  n=40  ZD654A¡­ZH718B
    saved ok=40 no_data=0  credits_used=708/2288
[709/2288] credit 709  2026-08-07  n=40  ZH755A¡­ZM840B
    saved ok=40 no_data=0  credits_used=709/2288
[710/2288] credit 710  2026-08-07  n=40  ZM929A¡­ZU679A
    saved ok=40 no_data=0  credits_used=710/2288
[711/2288] credit 711  2026-08-07  n=36  ZU679C¡­ZZ559A
    saved ok=36 no_data=0  credits_used=711/2288
[712/2288] credit 712  2026-07-31  n=40  09408B¡­ABM47A
    saved ok=40 no_data=0  credits_used=712/2288
[713/2288] credit 713  2026-07-31  n=40  ABW07C¡­AEC63A
    saved ok=40 no_data=0  credits_used=713/2288
[714/2288] credit 714  2026-07-31  n=40  AEC63B¡­AGT75A
    saved ok=40 no_data=0  credits_used=714/2288
[715/2288] credit 715  2026-07-31  n=40  AGW96A¡­AJH39B
    saved ok=40 no_data=0  credits_used=715/2288
[716/2288] credit 716  2026-07-31  n=40  AJH73A¡­AMD36B
    saved ok=40 no_data=0  credits_used=716/2288
[717/2288] credit 717  2026-07-31  n=40  AMD75B¡­APB36D
    saved ok=40 no_data=0  credits_used=717/2288
[718/2288] credit 718  2026-07-31  n=40  APB60A¡­ARF85A
    saved ok=40 no_data=0  credits_used=718/2288
[719/2288] credit 719  2026-07-31  n=40  ARG15C¡­ASQ68B
    saved ok=40 no_data=0  credits_used=719/2288
[720/2288] credit 720  2026-07-31  n=40  ASQ92A¡­AUU93A
    saved ok=40 no_data=0  credits_used=720/2288
[721/2288] credit 721  2026-07-31  n=40  AUV11B¡­AWM40B
    saved ok=40 no_data=0  credits_used=721/2288
[722/2288] credit 722  2026-07-31  n=40  AWM47B¡­AXY43B
    saved ok=40 no_data=0  credits_used=722/2288
[723/2288] credit 723  2026-07-31  n=40  AXZ82B¡­AZL07A
    saved ok=40 no_data=0  credits_used=723/2288
[724/2288] credit 724  2026-07-31  n=40  AZL07B¡­B7761B
    saved ok=40 no_data=0  credits_used=724/2288
[725/2288] credit 725  2026-07-31  n=40  B7849A¡­BBR60B
    saved ok=40 no_data=0  credits_used=725/2288
[726/2288] credit 726  2026-07-31  n=40  BBR63A¡­BDK81B
    saved ok=40 no_data=0  credits_used=726/2288
[727/2288] credit 727  2026-07-31  n=40  BDM00A¡­BGU32B
    saved ok=40 no_data=0  credits_used=727/2288
[728/2288] credit 728  2026-07-31  n=40  BGU63C¡­ED534B
    saved ok=40 no_data=0  credits_used=728/2288
[729/2288] credit 729  2026-07-31  n=40  EE237A¡­GK158A
    saved ok=40 no_data=0  credits_used=729/2288
[730/2288] credit 730  2026-07-31  n=40  GK298B¡­JJ010B
    saved ok=40 no_data=0  credits_used=730/2288
[731/2288] credit 731  2026-07-31  n=40  JJ377A¡­JZ451A
    saved ok=40 no_data=0  credits_used=731/2288
[732/2288] credit 732  2026-07-31  n=40  K2476B¡­LW084B
    saved ok=40 no_data=0  credits_used=732/2288
[733/2288] credit 733  2026-07-31  n=40  LW259B¡­NH136A
    saved ok=40 no_data=0  credits_used=733/2288
[734/2288] credit 734  2026-07-31  n=40  NJ871A¡­QD240B
    saved ok=40 no_data=0  credits_used=734/2288
[735/2288] credit 735  2026-07-31  n=40  QD279A¡­QT524A
    saved ok=40 no_data=0  credits_used=735/2288
[736/2288] credit 736  2026-07-31  n=40  QT644A¡­S21207
    saved ok=40 no_data=0  credits_used=736/2288
[737/2288] credit 737  2026-07-31  n=40  S21455¡­S29011
    saved ok=40 no_data=0  credits_used=737/2288
[738/2288] credit 738  2026-07-31  n=40  S29015¡­S6631D
    saved ok=40 no_data=0  credits_used=738/2288
[739/2288] credit 739  2026-07-31  n=40  S66725¡­SAAA54
    saved ok=40 no_data=0  credits_used=739/2288
[740/2288] credit 740  2026-07-31  n=40  SAAA70¡­SABF57
    saved ok=40 no_data=0  credits_used=740/2288
[741/2288] credit 741  2026-07-31  n=40  SABF69¡­SACX02
    saved ok=40 no_data=0  credits_used=741/2288
[742/2288] credit 742  2026-07-31  n=40  SACX43¡­SAEC00
    saved ok=40 no_data=0  credits_used=742/2288
[743/2288] credit 743  2026-07-31  n=40  SAEC44¡­SAFN51
    saved ok=40 no_data=0  credits_used=743/2288
[744/2288] credit 744  2026-07-31  n=40  SAFN72¡­SAGJ15
    saved ok=40 no_data=0  credits_used=744/2288
[745/2288] credit 745  2026-07-31  n=40  SAGJ34¡­SAHJ51
    saved ok=40 no_data=0  credits_used=745/2288
[746/2288] credit 746  2026-07-31  n=40  SAHJ80¡­SAJC94
    saved ok=40 no_data=0  credits_used=746/2288
[747/2288] credit 747  2026-07-31  n=40  SAJE03¡­SAKA01
    saved ok=40 no_data=0  credits_used=747/2288
[748/2288] credit 748  2026-07-31  n=40  SAKA87¡­SALF95
    saved ok=40 no_data=0  credits_used=748/2288
[749/2288] credit 749  2026-07-31  n=40  SALH01¡­SAML37
    saved ok=40 no_data=0  credits_used=749/2288
[750/2288] credit 750  2026-07-31  n=40  SAML97¡­SANQ03
    saved ok=40 no_data=0  credits_used=750/2288
[751/2288] credit 751  2026-07-31  n=40  SANQ29¡­SAPV83
    saved ok=40 no_data=0  credits_used=751/2288
[752/2288] credit 752  2026-07-31  n=40  SAPV86¡­SAQX20
    saved ok=40 no_data=0  credits_used=752/2288
[753/2288] credit 753  2026-07-31  n=40  SAQX48¡­SARY15
    saved ok=40 no_data=0  credits_used=753/2288
[754/2288] credit 754  2026-07-31  n=40  SARY47¡­SASS75
    saved ok=40 no_data=0  credits_used=754/2288
[755/2288] credit 755  2026-07-31  n=40  SAST77¡­SATQ85
    saved ok=40 no_data=0  credits_used=755/2288
[756/2288] credit 756  2026-07-31  n=40  SATQ87¡­SAUL35
    saved ok=40 no_data=0  credits_used=756/2288
[757/2288] credit 757  2026-07-31  n=40  SAUL37¡­SAVA93
    saved ok=40 no_data=0  credits_used=757/2288
[758/2288] credit 758  2026-07-31  n=40  SAVA99¡­SAVY63
    saved ok=40 no_data=0  credits_used=758/2288
[759/2288] credit 759  2026-07-31  n=40  SAVY66¡­SAWV46
    saved ok=40 no_data=0  credits_used=759/2288
[760/2288] credit 760  2026-07-31  n=40  SAWV51¡­SAXQ73
    saved ok=40 no_data=0  credits_used=760/2288
[761/2288] credit 761  2026-07-31  n=40  SAXR05¡­SAYQ74
    saved ok=40 no_data=0  credits_used=761/2288
[762/2288] credit 762  2026-07-31  n=40  SAYQ82¡­SAZL29
    saved ok=40 no_data=0  credits_used=762/2288
[763/2288] credit 763  2026-07-31  n=40  SAZL50¡­SB1385
    saved ok=40 no_data=0  credits_used=763/2288
[764/2288] credit 764  2026-07-31  n=40  SB1404¡­SB5007
    saved ok=39 no_data=1  credits_used=764/2288
[765/2288] credit 765  2026-07-31  n=40  SB5120¡­SB8962
    saved ok=40 no_data=0  credits_used=765/2288
[766/2288] credit 766  2026-07-31  n=40  SB9075¡­SBAJ07
    saved ok=40 no_data=0  credits_used=766/2288
[767/2288] credit 767  2026-07-31  n=40  SBAK72¡­SBBR92
    saved ok=40 no_data=0  credits_used=767/2288
[768/2288] credit 768  2026-07-31  n=40  SBBR95¡­SBCW83
    saved ok=40 no_data=0  credits_used=768/2288
[769/2288] credit 769  2026-07-31  n=40  SBCX26¡­SBDR09
    saved ok=40 no_data=0  credits_used=769/2288
[770/2288] credit 770  2026-07-31  n=40  SBDS06¡­SBEU88
    saved ok=40 no_data=0  credits_used=770/2288
[771/2288] credit 771  2026-07-31  n=40  SBEV47¡­SBFW75
    saved ok=40 no_data=0  credits_used=771/2288
[772/2288] credit 772  2026-07-31  n=40  SBFY61¡­SBHN21
    saved ok=40 no_data=0  credits_used=772/2288
[773/2288] credit 773  2026-07-31  n=40  SBHP50¡­SBNB03
    saved ok=40 no_data=0  credits_used=773/2288
[774/2288] credit 774  2026-07-31  n=40  SBNB04¡­SCD010
    saved ok=40 no_data=0  credits_used=774/2288
[775/2288] credit 775  2026-07-31  n=40  SCD071¡­SCL386
    saved ok=39 no_data=1  credits_used=775/2288
[776/2288] credit 776  2026-07-31  n=40  SCL614¡­SCT532
    saved ok=40 no_data=0  credits_used=776/2288
[777/2288] credit 777  2026-07-31  n=40  SCT628¡­SD9395
    saved ok=40 no_data=0  credits_used=777/2288
[778/2288] credit 778  2026-07-31  n=40  SE3010¡­SEE500
    saved ok=40 no_data=0  credits_used=778/2288
[779/2288] credit 779  2026-07-31  n=40  SEE785¡­SEN798
    saved ok=40 no_data=0  credits_used=779/2288
[780/2288] credit 780  2026-07-31  n=40  SEN942¡­SEV048
    saved ok=40 no_data=0  credits_used=780/2288
[781/2288] credit 781  2026-07-31  n=40  SEV061¡­SF190A
    saved ok=39 no_data=1  credits_used=781/2288
[782/2288] credit 782  2026-07-31  n=40  SF240A¡­SGD334
    saved ok=40 no_data=0  credits_used=782/2288
[783/2288] credit 783  2026-07-31  n=40  SGD441¡­SGH439
    saved ok=40 no_data=0  credits_used=783/2288
[784/2288] credit 784  2026-07-31  n=40  SGH506¡­SGN354
    saved ok=40 no_data=0  credits_used=784/2288
[785/2288] credit 785  2026-07-31  n=40  SGN405¡­SGT477
    saved ok=40 no_data=0  credits_used=785/2288
[786/2288] credit 786  2026-07-31  n=40  SGT524¡­SGZ152
    saved ok=40 no_data=0  credits_used=786/2288
[787/2288] credit 787  2026-07-31  n=40  SGZ270¡­SJA891
    saved ok=40 no_data=0  credits_used=787/2288
[788/2288] credit 788  2026-07-31  n=40  SJB356¡­SJE908
    saved ok=40 no_data=0  credits_used=788/2288
[789/2288] credit 789  2026-07-31  n=40  SJE916¡­SJK069
    saved ok=40 no_data=0  credits_used=789/2288
[790/2288] credit 790  2026-07-31  n=40  SJK160¡­SJN647
    saved ok=40 no_data=0  credits_used=790/2288
[791/2288] credit 791  2026-07-31  n=40  SJN756¡­SJR670
    saved ok=40 no_data=0  credits_used=791/2288
[792/2288] credit 792  2026-07-31  n=40  SJR869¡­SJV039
    saved ok=40 no_data=0  credits_used=792/2288
[793/2288] credit 793  2026-07-31  n=40  SJV058¡­SJY813
    saved ok=40 no_data=0  credits_used=793/2288
[794/2288] credit 794  2026-07-31  n=40  SJY819¡­SL9300
    saved ok=40 no_data=0  credits_used=794/2288
[795/2288] credit 795  2026-07-31  n=40  SL9362¡­SLD035
    saved ok=40 no_data=0  credits_used=795/2288
[796/2288] credit 796  2026-07-31  n=40  SLD047¡­SLK466
    saved ok=40 no_data=0  credits_used=796/2288
[797/2288] credit 797  2026-07-31  n=40  SLK572¡­SLP836
    saved ok=40 no_data=0  credits_used=797/2288
[798/2288] credit 798  2026-07-31  n=40  SLP969¡­SLU887
    saved ok=40 no_data=0  credits_used=798/2288
[799/2288] credit 799  2026-07-31  n=40  SLV002¡­SLZ317
    saved ok=40 no_data=0  credits_used=799/2288
[800/2288] credit 800  2026-07-31  n=40  SLZ639¡­SN7404
    saved ok=40 no_data=0  credits_used=800/2288
[801/2288] credit 801  2026-07-31  n=40  SN7410¡­SND945
    saved ok=40 no_data=0  credits_used=801/2288
[802/2288] credit 802  2026-07-31  n=40  SND961¡­SNK022
    saved ok=40 no_data=0  credits_used=802/2288
[803/2288] credit 803  2026-07-31  n=40  SNK036¡­SNN161
    saved ok=40 no_data=0  credits_used=803/2288
[804/2288] credit 804  2026-07-31  n=40  SNN233¡­SNR656
    saved ok=39 no_data=1  credits_used=804/2288
[805/2288] credit 805  2026-07-31  n=40  SNR680¡­SNU300
    saved ok=40 no_data=0  credits_used=805/2288
[806/2288] credit 806  2026-07-31  n=40  SNU335¡­SNY352
    saved ok=40 no_data=0  credits_used=806/2288
[807/2288] credit 807  2026-07-31  n=40  SNY392¡­SQD008
    saved ok=40 no_data=0  credits_used=807/2288
[808/2288] credit 808  2026-07-31  n=40  SQD037¡­SQF658
    saved ok=40 no_data=0  credits_used=808/2288
[809/2288] credit 809  2026-07-31  n=40  SQF705¡­SQK108
    saved ok=40 no_data=0  credits_used=809/2288
[810/2288] credit 810  2026-07-31  n=40  SQK312¡­SQN972
    saved ok=40 no_data=0  credits_used=810/2288
[811/2288] credit 811  2026-07-31  n=40  SQP037¡­SQR955
    saved ok=40 no_data=0  credits_used=811/2288
[812/2288] credit 812  2026-07-31  n=40  SQR957¡­SQV390
    saved ok=40 no_data=0  credits_used=812/2288
[813/2288] credit 813  2026-07-31  n=40  SQV391¡­SQZ902
    saved ok=40 no_data=0  credits_used=813/2288
[814/2288] credit 814  2026-07-31  n=40  SR0593¡­SS1978
    saved ok=40 no_data=0  credits_used=814/2288
[815/2288] credit 815  2026-07-31  n=40  SS2539¡­SS9214
    saved ok=40 no_data=0  credits_used=815/2288
[816/2288] credit 816  2026-07-31  n=40  SS9249¡­SSD850
    saved ok=40 no_data=0  credits_used=816/2288
[817/2288] credit 817  2026-07-31  n=40  SSD863¡­SSH642
    saved ok=40 no_data=0  credits_used=817/2288
[818/2288] credit 818  2026-07-31  n=40  SSH709¡­SSM019
    saved ok=40 no_data=0  credits_used=818/2288
[819/2288] credit 819  2026-07-31  n=40  SSM021¡­SSQ441
    saved ok=40 no_data=0  credits_used=819/2288
[820/2288] credit 820  2026-07-31  n=40  SSQ460¡­SSU593
    saved ok=40 no_data=0  credits_used=820/2288
[821/2288] credit 821  2026-07-31  n=40  SSU654¡­SSY171
    saved ok=40 no_data=0  credits_used=821/2288
[822/2288] credit 822  2026-07-31  n=40  SSY172¡­ST3331
    saved ok=40 no_data=0  credits_used=822/2288
[823/2288] credit 823  2026-07-31  n=40  ST3765¡­STA888
    saved ok=40 no_data=0  credits_used=823/2288
[824/2288] credit 824  2026-07-31  n=40  STB005¡­STD991
    saved ok=40 no_data=0  credits_used=824/2288
[825/2288] credit 825  2026-07-31  n=40  STE176¡­STG855
    saved ok=39 no_data=1  credits_used=825/2288
[826/2288] credit 826  2026-07-31  n=40  STG876¡­STK890
    saved ok=40 no_data=0  credits_used=826/2288
[827/2288] credit 827  2026-07-31  n=40  STK984¡­STN806
    saved ok=39 no_data=1  credits_used=827/2288
[828/2288] credit 828  2026-07-31  n=40  STN945¡­STR598
    saved ok=40 no_data=0  credits_used=828/2288
[829/2288] credit 829  2026-07-31  n=40  STR681¡­STT909
    saved ok=39 no_data=1  credits_used=829/2288
[830/2288] credit 830  2026-07-31  n=40  STT953¡­STW065
    saved ok=40 no_data=0  credits_used=830/2288
[831/2288] credit 831  2026-07-31  n=40  STW067¡­STX635
    saved ok=40 no_data=0  credits_used=831/2288
[832/2288] credit 832  2026-07-31  n=40  STX649¡­SU763B
    saved ok=40 no_data=0  credits_used=832/2288
[833/2288] credit 833  2026-07-31  n=40  SU836A¡­SVB801
    saved ok=40 no_data=0  credits_used=833/2288
[834/2288] credit 834  2026-07-31  n=40  SVB806¡­SVE373
    saved ok=39 no_data=1  credits_used=834/2288
[835/2288] credit 835  2026-07-31  n=40  SVE401¡­SVG669
    saved ok=40 no_data=0  credits_used=835/2288
[836/2288] credit 836  2026-07-31  n=40  SVG705¡­SVJ726
    saved ok=40 no_data=0  credits_used=836/2288
[837/2288] credit 837  2026-07-31  n=40  SVJ861¡­SVM234
    saved ok=39 no_data=1  credits_used=837/2288
[838/2288] credit 838  2026-07-31  n=40  SVM265¡­SVP161
    saved ok=39 no_data=1  credits_used=838/2288
[839/2288] credit 839  2026-07-31  n=40  SVP162¡­SVS255
    saved ok=40 no_data=0  credits_used=839/2288
[840/2288] credit 840  2026-07-31  n=40  SVS353¡­SVU600
    saved ok=40 no_data=0  credits_used=840/2288
[841/2288] credit 841  2026-07-31  n=40  SVU644¡­SVX066
    saved ok=39 no_data=1  credits_used=841/2288
[842/2288] credit 842  2026-07-31  n=40  SVX212¡­SVZ466
    saved ok=40 no_data=0  credits_used=842/2288
[843/2288] credit 843  2026-07-31  n=40  SVZ484¡­SW5334
    saved ok=40 no_data=0  credits_used=843/2288
[844/2288] credit 844  2026-07-31  n=40  SW544C¡­SX3183
    saved ok=40 no_data=0  credits_used=844/2288
[845/2288] credit 845  2026-07-31  n=40  SX3297¡­SXA133
    saved ok=40 no_data=0  credits_used=845/2288
[846/2288] credit 846  2026-07-31  n=40  SXA180¡­SXC726
    saved ok=40 no_data=0  credits_used=846/2288
[847/2288] credit 847  2026-07-31  n=40  SXC749¡­SXE510
    saved ok=40 no_data=0  credits_used=847/2288
[848/2288] credit 848  2026-07-31  n=40  SXE596¡­SXG455
    saved ok=40 no_data=0  credits_used=848/2288
[849/2288] credit 849  2026-07-31  n=40  SXG518¡­SXJ944
    saved ok=40 no_data=0  credits_used=849/2288
[850/2288] credit 850  2026-07-31  n=40  SXJ965¡­SXM021
    saved ok=40 no_data=0  credits_used=850/2288
[851/2288] credit 851  2026-07-31  n=40  SXM072¡­SXP624
    saved ok=39 no_data=1  credits_used=851/2288
[852/2288] credit 852  2026-07-31  n=40  SXP634¡­SXS476
    saved ok=40 no_data=0  credits_used=852/2288
[853/2288] credit 853  2026-07-31  n=40  SXS759¡­SXU990
    saved ok=40 no_data=0  credits_used=853/2288
[854/2288] credit 854  2026-07-31  n=40  SXU992¡­SXW847
    saved ok=40 no_data=0  credits_used=854/2288
[855/2288] credit 855  2026-07-31  n=40  SXW913¡­SXY897
    saved ok=40 no_data=0  credits_used=855/2288
[856/2288] credit 856  2026-07-31  n=40  SXY898¡­SY3055
    saved ok=40 no_data=0  credits_used=856/2288
[857/2288] credit 857  2026-07-31  n=40  SY3184¡­SY9620
    saved ok=39 no_data=1  credits_used=857/2288
[858/2288] credit 858  2026-07-31  n=40  SY9789¡­SZB527
    saved ok=40 no_data=0  credits_used=858/2288
[859/2288] credit 859  2026-07-31  n=40  SZB647¡­SZD686
    saved ok=40 no_data=0  credits_used=859/2288
[860/2288] credit 860  2026-07-31  n=40  SZD703¡­SZF526
    saved ok=40 no_data=0  credits_used=860/2288
[861/2288] credit 861  2026-07-31  n=40  SZF534¡­SZH498
    saved ok=40 no_data=0  credits_used=861/2288
[862/2288] credit 862  2026-07-31  n=40  SZH566¡­SZK008
    saved ok=39 no_data=1  credits_used=862/2288
[863/2288] credit 863  2026-07-31  n=40  SZK011¡­SZL760
    saved ok=40 no_data=0  credits_used=863/2288
[864/2288] credit 864  2026-07-31  n=40  SZL921¡­SZN734
    saved ok=40 no_data=0  credits_used=864/2288
[865/2288] credit 865  2026-07-31  n=40  SZN758¡­SZR097
    saved ok=40 no_data=0  credits_used=865/2288
[866/2288] credit 866  2026-07-31  n=40  SZR155¡­SZS825
    saved ok=40 no_data=0  credits_used=866/2288
[867/2288] credit 867  2026-07-31  n=40  SZT016¡­SZU975
    saved ok=40 no_data=0  credits_used=867/2288
[868/2288] credit 868  2026-07-31  n=40  SZU999¡­SZW784
    saved ok=40 no_data=0  credits_used=868/2288
[869/2288] credit 869  2026-07-31  n=40  SZW804¡­SZZ052
    saved ok=40 no_data=0  credits_used=869/2288
[870/2288] credit 870  2026-07-31  n=40  SZZ115¡­TH632A
    saved ok=40 no_data=0  credits_used=870/2288
[871/2288] credit 871  2026-07-31  n=40  TH634A¡­TS204B
    saved ok=40 no_data=0  credits_used=871/2288
[872/2288] credit 872  2026-07-31  n=40  TS422B¡­TW985B
    saved ok=40 no_data=0  credits_used=872/2288
[873/2288] credit 873  2026-07-31  n=40  TX072B¡­VD108B
    saved ok=40 no_data=0  credits_used=873/2288
[874/2288] credit 874  2026-07-31  n=40  VD130A¡­VK200C
    saved ok=40 no_data=0  credits_used=874/2288
[875/2288] credit 875  2026-07-31  n=40  VK241B¡­VQ499C
    saved ok=40 no_data=0  credits_used=875/2288
[876/2288] credit 876  2026-07-31  n=40  VQ537A¡­VY692A
    saved ok=40 no_data=0  credits_used=876/2288
[877/2288] credit 877  2026-07-31  n=40  VY692B¡­X9002B
    saved ok=40 no_data=0  credits_used=877/2288
[878/2288] credit 878  2026-07-31  n=40  X9589B¡­XE627A
    saved ok=39 no_data=1  credits_used=878/2288
[879/2288] credit 879  2026-07-31  n=40  XE628B¡­XL167A
    saved ok=40 no_data=0  credits_used=879/2288
[880/2288] credit 880  2026-07-31  n=40  XL620C¡­XU400B
    saved ok=40 no_data=0  credits_used=880/2288
[881/2288] credit 881  2026-07-31  n=40  XU501A¡­Y0096A
    saved ok=40 no_data=0  credits_used=881/2288
[882/2288] credit 882  2026-07-31  n=40  Y1194B¡­ZD352A
    saved ok=40 no_data=0  credits_used=882/2288
[883/2288] credit 883  2026-07-31  n=40  ZD562C¡­ZH500B
    saved ok=40 no_data=0  credits_used=883/2288
[884/2288] credit 884  2026-07-31  n=40  ZH718B¡­ZM703A
    saved ok=40 no_data=0  credits_used=884/2288
[885/2288] credit 885  2026-07-31  n=40  ZM840B¡­ZU505C
    saved ok=40 no_data=0  credits_used=885/2288
[886/2288] credit 886  2026-07-31  n=38  ZU679A¡­ZZ559A
    saved ok=38 no_data=0  credits_used=886/2288
[887/2288] credit 887  2026-07-24  n=40  09408B¡­ABM47A
    saved ok=40 no_data=0  credits_used=887/2288
[888/2288] credit 888  2026-07-24  n=40  ABW07C¡­AEC63A
    saved ok=40 no_data=0  credits_used=888/2288
[889/2288] credit 889  2026-07-24  n=40  AEC63B¡­AGT75A
    saved ok=40 no_data=0  credits_used=889/2288
[890/2288] credit 890  2026-07-24  n=40  AGW96A¡­AJH39B
    saved ok=40 no_data=0  credits_used=890/2288
[891/2288] credit 891  2026-07-24  n=40  AJH73A¡­AMD36B
    saved ok=40 no_data=0  credits_used=891/2288
[892/2288] credit 892  2026-07-24  n=40  AMD75B¡­APB36D
    saved ok=40 no_data=0  credits_used=892/2288
[893/2288] credit 893  2026-07-24  n=40  APB60A¡­ARF85A
    saved ok=40 no_data=0  credits_used=893/2288
[894/2288] credit 894  2026-07-24  n=40  ARG15C¡­ASQ68B
    saved ok=40 no_data=0  credits_used=894/2288
[895/2288] credit 895  2026-07-24  n=40  ASQ92A¡­AUU93A
    saved ok=40 no_data=0  credits_used=895/2288
[896/2288] credit 896  2026-07-24  n=40  AUV11B¡­AWM40B
    saved ok=40 no_data=0  credits_used=896/2288
[897/2288] credit 897  2026-07-24  n=40  AWM47B¡­AXY43B
    saved ok=40 no_data=0  credits_used=897/2288
[898/2288] credit 898  2026-07-24  n=40  AXZ82B¡­AZL07A
    saved ok=40 no_data=0  credits_used=898/2288
[899/2288] credit 899  2026-07-24  n=40  AZL07B¡­B7761B
    saved ok=40 no_data=0  credits_used=899/2288
[900/2288] credit 900  2026-07-24  n=40  B7849A¡­BBR60B
    saved ok=40 no_data=0  credits_used=900/2288
[901/2288] credit 901  2026-07-24  n=40  BBR63A¡­BDK81B
    saved ok=40 no_data=0  credits_used=901/2288
[902/2288] credit 902  2026-07-24  n=40  BDM00A¡­BGU32B
    saved ok=40 no_data=0  credits_used=902/2288
[903/2288] credit 903  2026-07-24  n=40  BGU63C¡­ED534B
    saved ok=40 no_data=0  credits_used=903/2288
[904/2288] credit 904  2026-07-24  n=40  EE237A¡­GK158A
    saved ok=40 no_data=0  credits_used=904/2288
[905/2288] credit 905  2026-07-24  n=40  GK298B¡­JJ010B
    saved ok=40 no_data=0  credits_used=905/2288
[906/2288] credit 906  2026-07-24  n=40  JJ377A¡­JZ451A
    saved ok=40 no_data=0  credits_used=906/2288
[907/2288] credit 907  2026-07-24  n=40  K2476B¡­LW084B
    saved ok=40 no_data=0  credits_used=907/2288
[908/2288] credit 908  2026-07-24  n=40  LW259B¡­NH136A
    saved ok=40 no_data=0  credits_used=908/2288
[909/2288] credit 909  2026-07-24  n=40  NJ871A¡­QD240B
    saved ok=40 no_data=0  credits_used=909/2288
[910/2288] credit 910  2026-07-24  n=40  QD279A¡­QT524A
    saved ok=40 no_data=0  credits_used=910/2288
[911/2288] credit 911  2026-07-24  n=40  QT644A¡­S21207
    saved ok=40 no_data=0  credits_used=911/2288
[912/2288] credit 912  2026-07-24  n=40  S21455¡­S29011
    saved ok=40 no_data=0  credits_used=912/2288
[913/2288] credit 913  2026-07-24  n=40  S29015¡­S6631D
    saved ok=40 no_data=0  credits_used=913/2288
[914/2288] credit 914  2026-07-24  n=40  S66725¡­SAAA54
    saved ok=40 no_data=0  credits_used=914/2288
[915/2288] credit 915  2026-07-24  n=40  SAAA70¡­SABF57
    saved ok=40 no_data=0  credits_used=915/2288
[916/2288] credit 916  2026-07-24  n=40  SABF69¡­SACX02
    saved ok=40 no_data=0  credits_used=916/2288
[917/2288] credit 917  2026-07-24  n=40  SACX43¡­SAEC00
    saved ok=40 no_data=0  credits_used=917/2288
[918/2288] credit 918  2026-07-24  n=40  SAEC44¡­SAFN51
    saved ok=40 no_data=0  credits_used=918/2288
[919/2288] credit 919  2026-07-24  n=40  SAFN72¡­SAGJ15
    saved ok=40 no_data=0  credits_used=919/2288
[920/2288] credit 920  2026-07-24  n=40  SAGJ34¡­SAHJ51
    saved ok=40 no_data=0  credits_used=920/2288
[921/2288] credit 921  2026-07-24  n=40  SAHJ80¡­SAJC94
    saved ok=40 no_data=0  credits_used=921/2288
[922/2288] credit 922  2026-07-24  n=40  SAJE03¡­SAKA01
    saved ok=40 no_data=0  credits_used=922/2288
[923/2288] credit 923  2026-07-24  n=40  SAKA87¡­SALF95
    saved ok=40 no_data=0  credits_used=923/2288
[924/2288] credit 924  2026-07-24  n=40  SALH01¡­SAML37
    saved ok=40 no_data=0  credits_used=924/2288
[925/2288] credit 925  2026-07-24  n=40  SAML97¡­SANQ03
    saved ok=40 no_data=0  credits_used=925/2288
[926/2288] credit 926  2026-07-24  n=40  SANQ29¡­SAPV83
    saved ok=40 no_data=0  credits_used=926/2288
[927/2288] credit 927  2026-07-24  n=40  SAPV86¡­SAQX20
    saved ok=40 no_data=0  credits_used=927/2288
[928/2288] credit 928  2026-07-24  n=40  SAQX48¡­SARY15
    saved ok=40 no_data=0  credits_used=928/2288
[929/2288] credit 929  2026-07-24  n=40  SARY47¡­SASS75
    saved ok=40 no_data=0  credits_used=929/2288
[930/2288] credit 930  2026-07-24  n=40  SAST77¡­SATQ85
    saved ok=40 no_data=0  credits_used=930/2288
[931/2288] credit 931  2026-07-24  n=40  SATQ87¡­SAUL35
    saved ok=40 no_data=0  credits_used=931/2288
[932/2288] credit 932  2026-07-24  n=40  SAUL37¡­SAVA93
    saved ok=40 no_data=0  credits_used=932/2288
[933/2288] credit 933  2026-07-24  n=40  SAVA99¡­SAVY63
    saved ok=40 no_data=0  credits_used=933/2288
[934/2288] credit 934  2026-07-24  n=40  SAVY66¡­SAWV46
    saved ok=40 no_data=0  credits_used=934/2288
[935/2288] credit 935  2026-07-24  n=40  SAWV51¡­SAXQ73
    saved ok=40 no_data=0  credits_used=935/2288
[936/2288] credit 936  2026-07-24  n=40  SAXR05¡­SAYQ74
    saved ok=40 no_data=0  credits_used=936/2288
[937/2288] credit 937  2026-07-24  n=40  SAYQ82¡­SAZL29
    saved ok=40 no_data=0  credits_used=937/2288
[938/2288] credit 938  2026-07-24  n=40  SAZL50¡­SB1385
    saved ok=40 no_data=0  credits_used=938/2288
[939/2288] credit 939  2026-07-24  n=40  SB1404¡­SB5007
    saved ok=40 no_data=0  credits_used=939/2288
[940/2288] credit 940  2026-07-24  n=40  SB5120¡­SB8962
    saved ok=40 no_data=0  credits_used=940/2288
[941/2288] credit 941  2026-07-24  n=40  SB9075¡­SBAJ07
    saved ok=40 no_data=0  credits_used=941/2288
[942/2288] credit 942  2026-07-24  n=40  SBAK72¡­SBBR92
    saved ok=40 no_data=0  credits_used=942/2288
[943/2288] credit 943  2026-07-24  n=40  SBBR95¡­SBCW83
    saved ok=40 no_data=0  credits_used=943/2288
[944/2288] credit 944  2026-07-24  n=40  SBCX26¡­SBDR09
    saved ok=40 no_data=0  credits_used=944/2288
[945/2288] credit 945  2026-07-24  n=40  SBDS06¡­SBEU88
    saved ok=40 no_data=0  credits_used=945/2288
[946/2288] credit 946  2026-07-24  n=40  SBEV47¡­SBFW75
    saved ok=40 no_data=0  credits_used=946/2288
[947/2288] credit 947  2026-07-24  n=40  SBFY61¡­SBHN21
    saved ok=40 no_data=0  credits_used=947/2288
[948/2288] credit 948  2026-07-24  n=40  SBHP50¡­SBNB03
    saved ok=36 no_data=4  credits_used=948/2288
[949/2288] credit 949  2026-07-24  n=40  SBNB04¡­SCD010
    saved ok=33 no_data=7  credits_used=949/2288
[950/2288] credit 950  2026-07-24  n=40  SCD071¡­SCL386
    saved ok=39 no_data=1  credits_used=950/2288
[951/2288] credit 951  2026-07-24  n=40  SCL614¡­SCT532
    saved ok=40 no_data=0  credits_used=951/2288
[952/2288] credit 952  2026-07-24  n=40  SCT628¡­SD9395
    saved ok=40 no_data=0  credits_used=952/2288
[953/2288] credit 953  2026-07-24  n=40  SE3010¡­SEE500
    saved ok=40 no_data=0  credits_used=953/2288
[954/2288] credit 954  2026-07-24  n=40  SEE785¡­SEN798
    saved ok=40 no_data=0  credits_used=954/2288
[955/2288] credit 955  2026-07-24  n=40  SEN942¡­SEV048
    saved ok=40 no_data=0  credits_used=955/2288
[956/2288] credit 956  2026-07-24  n=40  SEV061¡­SF190A
    saved ok=40 no_data=0  credits_used=956/2288
[957/2288] credit 957  2026-07-24  n=40  SF240A¡­SGD334
    saved ok=39 no_data=1  credits_used=957/2288
[958/2288] credit 958  2026-07-24  n=40  SGD441¡­SGH439
    saved ok=40 no_data=0  credits_used=958/2288
[959/2288] credit 959  2026-07-24  n=40  SGH506¡­SGN354
    saved ok=40 no_data=0  credits_used=959/2288
[960/2288] credit 960  2026-07-24  n=40  SGN405¡­SGT477
    saved ok=40 no_data=0  credits_used=960/2288
[961/2288] credit 961  2026-07-24  n=40  SGT524¡­SGZ152
    saved ok=40 no_data=0  credits_used=961/2288
[962/2288] credit 962  2026-07-24  n=40  SGZ270¡­SJA891
    saved ok=40 no_data=0  credits_used=962/2288
[963/2288] credit 963  2026-07-24  n=40  SJB356¡­SJE908
    saved ok=40 no_data=0  credits_used=963/2288
[964/2288] credit 964  2026-07-24  n=40  SJE916¡­SJK069
    saved ok=40 no_data=0  credits_used=964/2288
[965/2288] credit 965  2026-07-24  n=40  SJK160¡­SJN647
    saved ok=40 no_data=0  credits_used=965/2288
[966/2288] credit 966  2026-07-24  n=40  SJN756¡­SJR670
    saved ok=40 no_data=0  credits_used=966/2288
[967/2288] credit 967  2026-07-24  n=40  SJR869¡­SJV039
    saved ok=40 no_data=0  credits_used=967/2288
[968/2288] credit 968  2026-07-24  n=40  SJV058¡­SJY813
    saved ok=40 no_data=0  credits_used=968/2288
[969/2288] credit 969  2026-07-24  n=40  SJY819¡­SL9300
    saved ok=40 no_data=0  credits_used=969/2288
[970/2288] credit 970  2026-07-24  n=40  SL9362¡­SLD035
    saved ok=40 no_data=0  credits_used=970/2288
[971/2288] credit 971  2026-07-24  n=40  SLD047¡­SLK466
    saved ok=40 no_data=0  credits_used=971/2288
[972/2288] credit 972  2026-07-24  n=40  SLK572¡­SLP836
    saved ok=40 no_data=0  credits_used=972/2288
[973/2288] credit 973  2026-07-24  n=40  SLP969¡­SLU887
    saved ok=40 no_data=0  credits_used=973/2288
[974/2288] credit 974  2026-07-24  n=40  SLV002¡­SLZ317
    saved ok=40 no_data=0  credits_used=974/2288
[975/2288] credit 975  2026-07-24  n=40  SLZ639¡­SN7404
    saved ok=40 no_data=0  credits_used=975/2288
[976/2288] credit 976  2026-07-24  n=40  SN7410¡­SND945
    saved ok=40 no_data=0  credits_used=976/2288
[977/2288] credit 977  2026-07-24  n=40  SND961¡­SNK022
    saved ok=40 no_data=0  credits_used=977/2288
[978/2288] credit 978  2026-07-24  n=40  SNK036¡­SNN161
    saved ok=40 no_data=0  credits_used=978/2288
[979/2288] credit 979  2026-07-24  n=40  SNN233¡­SNR656
    saved ok=40 no_data=0  credits_used=979/2288
[980/2288] credit 980  2026-07-24  n=40  SNR680¡­SNU300
    saved ok=40 no_data=0  credits_used=980/2288
[981/2288] credit 981  2026-07-24  n=40  SNU335¡­SNY352
    saved ok=40 no_data=0  credits_used=981/2288
[982/2288] credit 982  2026-07-24  n=40  SNY392¡­SQD008
    saved ok=40 no_data=0  credits_used=982/2288
[983/2288] credit 983  2026-07-24  n=40  SQD037¡­SQF658
    saved ok=40 no_data=0  credits_used=983/2288
[984/2288] credit 984  2026-07-24  n=40  SQF705¡­SQK108
    saved ok=40 no_data=0  credits_used=984/2288
[985/2288] credit 985  2026-07-24  n=40  SQK312¡­SQN972
    saved ok=40 no_data=0  credits_used=985/2288
[986/2288] credit 986  2026-07-24  n=40  SQP037¡­SQR955
    saved ok=40 no_data=0  credits_used=986/2288
[987/2288] credit 987  2026-07-24  n=40  SQR957¡­SQV390
    saved ok=40 no_data=0  credits_used=987/2288
[988/2288] credit 988  2026-07-24  n=40  SQV391¡­SQZ902
    saved ok=40 no_data=0  credits_used=988/2288
[989/2288] credit 989  2026-07-24  n=40  SR0593¡­SS1978
    saved ok=40 no_data=0  credits_used=989/2288
[990/2288] credit 990  2026-07-24  n=40  SS2539¡­SS9214
    saved ok=40 no_data=0  credits_used=990/2288
[991/2288] credit 991  2026-07-24  n=40  SS9249¡­SSD850
    saved ok=40 no_data=0  credits_used=991/2288
[992/2288] credit 992  2026-07-24  n=40  SSD863¡­SSH642
    saved ok=40 no_data=0  credits_used=992/2288
[993/2288] credit 993  2026-07-24  n=40  SSH709¡­SSM019
    saved ok=40 no_data=0  credits_used=993/2288
[994/2288] credit 994  2026-07-24  n=40  SSM021¡­SSQ441
    saved ok=40 no_data=0  credits_used=994/2288
[995/2288] credit 995  2026-07-24  n=40  SSQ460¡­SSU593
    saved ok=40 no_data=0  credits_used=995/2288
[996/2288] credit 996  2026-07-24  n=40  SSU654¡­SSY171
    saved ok=40 no_data=0  credits_used=996/2288
[997/2288] credit 997  2026-07-24  n=40  SSY172¡­ST3331
    saved ok=40 no_data=0  credits_used=997/2288
[998/2288] credit 998  2026-07-24  n=40  ST3765¡­STA888
    saved ok=40 no_data=0  credits_used=998/2288
[999/2288] credit 999  2026-07-24  n=40  STB005¡­STD991
    saved ok=40 no_data=0  credits_used=999/2288
[1000/2288] credit 1000  2026-07-24  n=40  STE176¡­STG855
    saved ok=39 no_data=1  credits_used=1000/2288
[1001/2288] credit 1001  2026-07-24  n=40  STG876¡­STK890
    saved ok=40 no_data=0  credits_used=1001/2288
[1002/2288] credit 1002  2026-07-24  n=40  STK984¡­STN806
    saved ok=39 no_data=1  credits_used=1002/2288
[1003/2288] credit 1003  2026-07-24  n=40  STN945¡­STR598
    saved ok=40 no_data=0  credits_used=1003/2288
[1004/2288] credit 1004  2026-07-24  n=40  STR681¡­STT909
    saved ok=39 no_data=1  credits_used=1004/2288
[1005/2288] credit 1005  2026-07-24  n=40  STT953¡­STW065
    saved ok=40 no_data=0  credits_used=1005/2288
[1006/2288] credit 1006  2026-07-24  n=40  STW067¡­STX635
    saved ok=40 no_data=0  credits_used=1006/2288
[1007/2288] credit 1007  2026-07-24  n=40  STX649¡­SU763B
    saved ok=40 no_data=0  credits_used=1007/2288
[1008/2288] credit 1008  2026-07-24  n=40  SU836A¡­SVB801
    saved ok=40 no_data=0  credits_used=1008/2288
[1009/2288] credit 1009  2026-07-24  n=40  SVB806¡­SVE373
    saved ok=40 no_data=0  credits_used=1009/2288
[1010/2288] credit 1010  2026-07-24  n=40  SVE401¡­SVG669
    saved ok=40 no_data=0  credits_used=1010/2288
[1011/2288] credit 1011  2026-07-24  n=40  SVG705¡­SVJ726
    saved ok=40 no_data=0  credits_used=1011/2288
[1012/2288] credit 1012  2026-07-24  n=40  SVJ861¡­SVM234
    saved ok=40 no_data=0  credits_used=1012/2288
[1013/2288] credit 1013  2026-07-24  n=40  SVM265¡­SVP161
    saved ok=39 no_data=1  credits_used=1013/2288
[1014/2288] credit 1014  2026-07-24  n=40  SVP162¡­SVS255
    saved ok=39 no_data=1  credits_used=1014/2288
[1015/2288] credit 1015  2026-07-24  n=40  SVS353¡­SVU600
    saved ok=40 no_data=0  credits_used=1015/2288
[1016/2288] credit 1016  2026-07-24  n=40  SVU644¡­SVX066
    saved ok=39 no_data=1  credits_used=1016/2288
[1017/2288] credit 1017  2026-07-24  n=40  SVX212¡­SVZ466
    saved ok=40 no_data=0  credits_used=1017/2288
[1018/2288] credit 1018  2026-07-24  n=40  SVZ484¡­SW5334
    saved ok=40 no_data=0  credits_used=1018/2288
[1019/2288] credit 1019  2026-07-24  n=40  SW544C¡­SX3183
    saved ok=40 no_data=0  credits_used=1019/2288
[1020/2288] credit 1020  2026-07-24  n=40  SX3297¡­SXA133
    saved ok=40 no_data=0  credits_used=1020/2288
[1021/2288] credit 1021  2026-07-24  n=40  SXA180¡­SXC726
    saved ok=39 no_data=1  credits_used=1021/2288
[1022/2288] credit 1022  2026-07-24  n=40  SXC749¡­SXE510
    saved ok=40 no_data=0  credits_used=1022/2288
[1023/2288] credit 1023  2026-07-24  n=40  SXE596¡­SXG455
    saved ok=40 no_data=0  credits_used=1023/2288
[1024/2288] credit 1024  2026-07-24  n=40  SXG518¡­SXJ944
    saved ok=40 no_data=0  credits_used=1024/2288
[1025/2288] credit 1025  2026-07-24  n=40  SXJ965¡­SXM021
    saved ok=40 no_data=0  credits_used=1025/2288
[1026/2288] credit 1026  2026-07-24  n=40  SXM072¡­SXP624
    saved ok=39 no_data=1  credits_used=1026/2288
[1027/2288] credit 1027  2026-07-24  n=40  SXP634¡­SXS476
    saved ok=40 no_data=0  credits_used=1027/2288
[1028/2288] credit 1028  2026-07-24  n=40  SXS759¡­SXU990
    saved ok=40 no_data=0  credits_used=1028/2288
[1029/2288] credit 1029  2026-07-24  n=40  SXU992¡­SXW847
    saved ok=40 no_data=0  credits_used=1029/2288
[1030/2288] credit 1030  2026-07-24  n=40  SXW913¡­SXY897
    saved ok=40 no_data=0  credits_used=1030/2288
[1031/2288] credit 1031  2026-07-24  n=40  SXY898¡­SY3055
    saved ok=40 no_data=0  credits_used=1031/2288
[1032/2288] credit 1032  2026-07-24  n=40  SY3184¡­SY9620
    saved ok=39 no_data=1  credits_used=1032/2288
[1033/2288] credit 1033  2026-07-24  n=40  SY9789¡­SZB527
    saved ok=40 no_data=0  credits_used=1033/2288
[1034/2288] credit 1034  2026-07-24  n=40  SZB647¡­SZD686
    saved ok=40 no_data=0  credits_used=1034/2288
[1035/2288] credit 1035  2026-07-24  n=40  SZD703¡­SZF526
    saved ok=40 no_data=0  credits_used=1035/2288
[1036/2288] credit 1036  2026-07-24  n=40  SZF534¡­SZH498
    saved ok=40 no_data=0  credits_used=1036/2288
[1037/2288] credit 1037  2026-07-24  n=40  SZH566¡­SZK008
    saved ok=39 no_data=1  credits_used=1037/2288
[1038/2288] credit 1038  2026-07-24  n=40  SZK011¡­SZL760
    saved ok=40 no_data=0  credits_used=1038/2288
[1039/2288] credit 1039  2026-07-24  n=40  SZL921¡­SZN734
    saved ok=40 no_data=0  credits_used=1039/2288
[1040/2288] credit 1040  2026-07-24  n=40  SZN758¡­SZR097
    saved ok=40 no_data=0  credits_used=1040/2288
[1041/2288] credit 1041  2026-07-24  n=40  SZR155¡­SZS825
    saved ok=40 no_data=0  credits_used=1041/2288
[1042/2288] credit 1042  2026-07-24  n=40  SZT016¡­SZU975
    saved ok=40 no_data=0  credits_used=1042/2288
[1043/2288] credit 1043  2026-07-24  n=40  SZU999¡­SZW784
    saved ok=40 no_data=0  credits_used=1043/2288
[1044/2288] credit 1044  2026-07-24  n=40  SZW804¡­SZZ052
    saved ok=39 no_data=1  credits_used=1044/2288
[1045/2288] credit 1045  2026-07-24  n=40  SZZ115¡­TH632A
    saved ok=40 no_data=0  credits_used=1045/2288
[1046/2288] credit 1046  2026-07-24  n=40  TH634A¡­TS204B
    saved ok=40 no_data=0  credits_used=1046/2288
[1047/2288] credit 1047  2026-07-24  n=40  TS422B¡­TW985B
    saved ok=40 no_data=0  credits_used=1047/2288
[1048/2288] credit 1048  2026-07-24  n=40  TX072B¡­VD108B
    saved ok=40 no_data=0  credits_used=1048/2288
[1049/2288] credit 1049  2026-07-24  n=40  VD130A¡­VK200C
    saved ok=40 no_data=0  credits_used=1049/2288
[1050/2288] credit 1050  2026-07-24  n=40  VK241B¡­VQ499C
    saved ok=40 no_data=0  credits_used=1050/2288
[1051/2288] credit 1051  2026-07-24  n=40  VQ537A¡­VY692A
    saved ok=40 no_data=0  credits_used=1051/2288
[1052/2288] credit 1052  2026-07-24  n=40  VY692B¡­X9002B
    saved ok=40 no_data=0  credits_used=1052/2288
[1053/2288] credit 1053  2026-07-24  n=40  X9589B¡­XE627A
    saved ok=39 no_data=1  credits_used=1053/2288
[1054/2288] credit 1054  2026-07-24  n=40  XE628B¡­XL167A
    saved ok=40 no_data=0  credits_used=1054/2288
[1055/2288] credit 1055  2026-07-24  n=40  XL620C¡­XU400B
    saved ok=40 no_data=0  credits_used=1055/2288
[1056/2288] credit 1056  2026-07-24  n=40  XU501A¡­Y0096A
    saved ok=40 no_data=0  credits_used=1056/2288
[1057/2288] credit 1057  2026-07-24  n=40  Y1194B¡­ZD352A
    saved ok=40 no_data=0  credits_used=1057/2288
[1058/2288] credit 1058  2026-07-24  n=40  ZD562C¡­ZH500B
    saved ok=40 no_data=0  credits_used=1058/2288
[1059/2288] credit 1059  2026-07-24  n=40  ZH718B¡­ZM703A
    saved ok=40 no_data=0  credits_used=1059/2288
[1060/2288] credit 1060  2026-07-24  n=40  ZM840B¡­ZU505C
    saved ok=40 no_data=0  credits_used=1060/2288
[1061/2288] credit 1061  2026-07-24  n=38  ZU679A¡­ZZ559A
    saved ok=38 no_data=0  credits_used=1061/2288
[1062/2288] credit 1062  2026-07-17  n=40  09408B¡­ABM47A
    saved ok=40 no_data=0  credits_used=1062/2288
[1063/2288] credit 1063  2026-07-17  n=40  ABW07C¡­AEC63A
    saved ok=40 no_data=0  credits_used=1063/2288
[1064/2288] credit 1064  2026-07-17  n=40  AEC63B¡­AGT75A
    saved ok=40 no_data=0  credits_used=1064/2288
[1065/2288] credit 1065  2026-07-17  n=40  AGW96A¡­AJH39B
    saved ok=40 no_data=0  credits_used=1065/2288
[1066/2288] credit 1066  2026-07-17  n=40  AJH73A¡­AMD36B
    saved ok=40 no_data=0  credits_used=1066/2288
[1067/2288] credit 1067  2026-07-17  n=40  AMD75B¡­APB36D
    saved ok=40 no_data=0  credits_used=1067/2288
[1068/2288] credit 1068  2026-07-17  n=40  APB60A¡­ARF85A
    saved ok=40 no_data=0  credits_used=1068/2288
[1069/2288] credit 1069  2026-07-17  n=40  ARG15C¡­ASQ68B
    saved ok=40 no_data=0  credits_used=1069/2288
[1070/2288] credit 1070  2026-07-17  n=40  ASQ92A¡­AUU93A
    saved ok=40 no_data=0  credits_used=1070/2288
[1071/2288] credit 1071  2026-07-17  n=40  AUV11B¡­AWM40B
    saved ok=40 no_data=0  credits_used=1071/2288
[1072/2288] credit 1072  2026-07-17  n=40  AWM47B¡­AXY43B
    saved ok=40 no_data=0  credits_used=1072/2288
[1073/2288] credit 1073  2026-07-17  n=40  AXZ82B¡­AZL07A
    saved ok=40 no_data=0  credits_used=1073/2288
[1074/2288] credit 1074  2026-07-17  n=40  AZL07B¡­B7761B
    saved ok=40 no_data=0  credits_used=1074/2288
[1075/2288] credit 1075  2026-07-17  n=40  B7849A¡­BBR60B
    saved ok=40 no_data=0  credits_used=1075/2288
[1076/2288] credit 1076  2026-07-17  n=40  BBR63A¡­BDK81B
    saved ok=40 no_data=0  credits_used=1076/2288
[1077/2288] credit 1077  2026-07-17  n=40  BDM00A¡­BGU32B
    saved ok=40 no_data=0  credits_used=1077/2288
[1078/2288] credit 1078  2026-07-17  n=40  BGU63C¡­ED534B
    saved ok=40 no_data=0  credits_used=1078/2288
[1079/2288] credit 1079  2026-07-17  n=40  EE237A¡­GK158A
    saved ok=40 no_data=0  credits_used=1079/2288
[1080/2288] credit 1080  2026-07-17  n=40  GK298B¡­JJ010B
    saved ok=40 no_data=0  credits_used=1080/2288
[1081/2288] credit 1081  2026-07-17  n=40  JJ377A¡­JZ451A
    saved ok=40 no_data=0  credits_used=1081/2288
[1082/2288] credit 1082  2026-07-17  n=40  K2476B¡­LW084B
    saved ok=40 no_data=0  credits_used=1082/2288
[1083/2288] credit 1083  2026-07-17  n=40  LW259B¡­NH136A
    saved ok=40 no_data=0  credits_used=1083/2288
[1084/2288] credit 1084  2026-07-17  n=40  NJ871A¡­QD240B
    saved ok=40 no_data=0  credits_used=1084/2288
[1085/2288] credit 1085  2026-07-17  n=40  QD279A¡­QT524A
    saved ok=40 no_data=0  credits_used=1085/2288
[1086/2288] credit 1086  2026-07-17  n=40  QT644A¡­S21207
    saved ok=40 no_data=0  credits_used=1086/2288
[1087/2288] credit 1087  2026-07-17  n=40  S21455¡­S29011
    saved ok=40 no_data=0  credits_used=1087/2288
[1088/2288] credit 1088  2026-07-17  n=40  S29015¡­S6631D
    saved ok=40 no_data=0  credits_used=1088/2288
[1089/2288] credit 1089  2026-07-17  n=40  S66725¡­SAAA54
    saved ok=40 no_data=0  credits_used=1089/2288
[1090/2288] credit 1090  2026-07-17  n=40  SAAA70¡­SABF57
    saved ok=40 no_data=0  credits_used=1090/2288
[1091/2288] credit 1091  2026-07-17  n=40  SABF69¡­SACX02
    saved ok=40 no_data=0  credits_used=1091/2288
[1092/2288] credit 1092  2026-07-17  n=40  SACX43¡­SAEC00
    saved ok=40 no_data=0  credits_used=1092/2288
[1093/2288] credit 1093  2026-07-17  n=40  SAEC44¡­SAFN51
    saved ok=40 no_data=0  credits_used=1093/2288
[1094/2288] credit 1094  2026-07-17  n=40  SAFN72¡­SAGJ15
    saved ok=40 no_data=0  credits_used=1094/2288
[1095/2288] credit 1095  2026-07-17  n=40  SAGJ34¡­SAHJ51
    saved ok=40 no_data=0  credits_used=1095/2288
[1096/2288] credit 1096  2026-07-17  n=40  SAHJ80¡­SAJC94
    saved ok=40 no_data=0  credits_used=1096/2288
[1097/2288] credit 1097  2026-07-17  n=40  SAJE03¡­SAKA01
    saved ok=40 no_data=0  credits_used=1097/2288
[1098/2288] credit 1098  2026-07-17  n=40  SAKA87¡­SALF95
    saved ok=40 no_data=0  credits_used=1098/2288
[1099/2288] credit 1099  2026-07-17  n=40  SALH01¡­SAML37
    saved ok=40 no_data=0  credits_used=1099/2288
[1100/2288] credit 1100  2026-07-17  n=40  SAML97¡­SANQ03
    saved ok=40 no_data=0  credits_used=1100/2288
[1101/2288] credit 1101  2026-07-17  n=40  SANQ29¡­SAPV83
    saved ok=40 no_data=0  credits_used=1101/2288
[1102/2288] credit 1102  2026-07-17  n=40  SAPV86¡­SAQX20
    saved ok=40 no_data=0  credits_used=1102/2288
[1103/2288] credit 1103  2026-07-17  n=40  SAQX48¡­SARY15
    saved ok=40 no_data=0  credits_used=1103/2288
[1104/2288] credit 1104  2026-07-17  n=40  SARY47¡­SASS75
    saved ok=40 no_data=0  credits_used=1104/2288
[1105/2288] credit 1105  2026-07-17  n=40  SAST77¡­SATQ85
    saved ok=40 no_data=0  credits_used=1105/2288
[1106/2288] credit 1106  2026-07-17  n=40  SATQ87¡­SAUL35
    saved ok=40 no_data=0  credits_used=1106/2288
[1107/2288] credit 1107  2026-07-17  n=40  SAUL37¡­SAVA93
    saved ok=40 no_data=0  credits_used=1107/2288
[1108/2288] credit 1108  2026-07-17  n=40  SAVA99¡­SAVY63
    saved ok=40 no_data=0  credits_used=1108/2288
[1109/2288] credit 1109  2026-07-17  n=40  SAVY66¡­SAWV46
    saved ok=40 no_data=0  credits_used=1109/2288
[1110/2288] credit 1110  2026-07-17  n=40  SAWV51¡­SAXQ73
    saved ok=40 no_data=0  credits_used=1110/2288
[1111/2288] credit 1111  2026-07-17  n=40  SAXR05¡­SAYQ74
    saved ok=40 no_data=0  credits_used=1111/2288
[1112/2288] credit 1112  2026-07-17  n=40  SAYQ82¡­SAZL29
    saved ok=40 no_data=0  credits_used=1112/2288
[1113/2288] credit 1113  2026-07-17  n=40  SAZL50¡­SB1385
    saved ok=40 no_data=0  credits_used=1113/2288
[1114/2288] credit 1114  2026-07-17  n=40  SB1404¡­SB5007
    saved ok=40 no_data=0  credits_used=1114/2288
[1115/2288] credit 1115  2026-07-17  n=40  SB5120¡­SB8962
    saved ok=40 no_data=0  credits_used=1115/2288
[1116/2288] credit 1116  2026-07-17  n=40  SB9075¡­SBAJ07
    saved ok=40 no_data=0  credits_used=1116/2288
[1117/2288] credit 1117  2026-07-17  n=40  SBAK72¡­SBBR92
    saved ok=40 no_data=0  credits_used=1117/2288
[1118/2288] credit 1118  2026-07-17  n=40  SBBR95¡­SBCW83
    saved ok=40 no_data=0  credits_used=1118/2288
[1119/2288] credit 1119  2026-07-17  n=40  SBCX26¡­SBDR09
    saved ok=40 no_data=0  credits_used=1119/2288
[1120/2288] credit 1120  2026-07-17  n=40  SBDS06¡­SBEU88
    saved ok=40 no_data=0  credits_used=1120/2288
[1121/2288] credit 1121  2026-07-17  n=40  SBEV47¡­SBFW75
    saved ok=40 no_data=0  credits_used=1121/2288
[1122/2288] credit 1122  2026-07-17  n=40  SBFY61¡­SBHN21
    saved ok=40 no_data=0  credits_used=1122/2288
[1123/2288] credit 1123  2026-07-17  n=40  SBHP50¡­SBNB03
    saved ok=36 no_data=4  credits_used=1123/2288
[1124/2288] credit 1124  2026-07-17  n=40  SBNB04¡­SCD010
    saved ok=33 no_data=7  credits_used=1124/2288
[1125/2288] credit 1125  2026-07-17  n=40  SCD071¡­SCL386
    saved ok=39 no_data=1  credits_used=1125/2288
[1126/2288] credit 1126  2026-07-17  n=40  SCL614¡­SCT532
    saved ok=40 no_data=0  credits_used=1126/2288
[1127/2288] credit 1127  2026-07-17  n=40  SCT628¡­SD9395
    saved ok=40 no_data=0  credits_used=1127/2288
[1128/2288] credit 1128  2026-07-17  n=40  SE3010¡­SEE500
    saved ok=40 no_data=0  credits_used=1128/2288
[1129/2288] credit 1129  2026-07-17  n=40  SEE785¡­SEN798
    saved ok=40 no_data=0  credits_used=1129/2288
[1130/2288] credit 1130  2026-07-17  n=40  SEN942¡­SEV048
    saved ok=40 no_data=0  credits_used=1130/2288
[1131/2288] credit 1131  2026-07-17  n=40  SEV061¡­SF190A
    saved ok=40 no_data=0  credits_used=1131/2288
[1132/2288] credit 1132  2026-07-17  n=40  SF240A¡­SGD334
    saved ok=39 no_data=1  credits_used=1132/2288
[1133/2288] credit 1133  2026-07-17  n=40  SGD441¡­SGH439
    saved ok=40 no_data=0  credits_used=1133/2288
[1134/2288] credit 1134  2026-07-17  n=40  SGH506¡­SGN354
    saved ok=40 no_data=0  credits_used=1134/2288
[1135/2288] credit 1135  2026-07-17  n=40  SGN405¡­SGT477
    saved ok=40 no_data=0  credits_used=1135/2288
[1136/2288] credit 1136  2026-07-17  n=40  SGT524¡­SGZ152
    saved ok=40 no_data=0  credits_used=1136/2288
[1137/2288] credit 1137  2026-07-17  n=40  SGZ270¡­SJA891
    saved ok=40 no_data=0  credits_used=1137/2288
[1138/2288] credit 1138  2026-07-17  n=40  SJB356¡­SJE908
    saved ok=40 no_data=0  credits_used=1138/2288
[1139/2288] credit 1139  2026-07-17  n=40  SJE916¡­SJK069
    saved ok=40 no_data=0  credits_used=1139/2288
[1140/2288] credit 1140  2026-07-17  n=40  SJK160¡­SJN647
    saved ok=40 no_data=0  credits_used=1140/2288
[1141/2288] credit 1141  2026-07-17  n=40  SJN756¡­SJR670
    saved ok=40 no_data=0  credits_used=1141/2288
[1142/2288] credit 1142  2026-07-17  n=40  SJR869¡­SJV039
    saved ok=40 no_data=0  credits_used=1142/2288
[1143/2288] credit 1143  2026-07-17  n=40  SJV058¡­SJY813
    saved ok=40 no_data=0  credits_used=1143/2288
[1144/2288] credit 1144  2026-07-17  n=40  SJY819¡­SL9300
    saved ok=40 no_data=0  credits_used=1144/2288
[1145/2288] credit 1145  2026-07-17  n=40  SL9362¡­SLD035
    saved ok=40 no_data=0  credits_used=1145/2288
[1146/2288] credit 1146  2026-07-17  n=40  SLD047¡­SLK466
    saved ok=40 no_data=0  credits_used=1146/2288
[1147/2288] credit 1147  2026-07-17  n=40  SLK572¡­SLP836
    saved ok=40 no_data=0  credits_used=1147/2288
[1148/2288] credit 1148  2026-07-17  n=40  SLP969¡­SLU887
    saved ok=40 no_data=0  credits_used=1148/2288
[1149/2288] credit 1149  2026-07-17  n=40  SLV002¡­SLZ317
    saved ok=40 no_data=0  credits_used=1149/2288
[1150/2288] credit 1150  2026-07-17  n=40  SLZ639¡­SN7404
    saved ok=40 no_data=0  credits_used=1150/2288
[1151/2288] credit 1151  2026-07-17  n=40  SN7410¡­SND945
    saved ok=40 no_data=0  credits_used=1151/2288
[1152/2288] credit 1152  2026-07-17  n=40  SND961¡­SNK022
    saved ok=40 no_data=0  credits_used=1152/2288
[1153/2288] credit 1153  2026-07-17  n=40  SNK036¡­SNN161
    saved ok=40 no_data=0  credits_used=1153/2288
[1154/2288] credit 1154  2026-07-17  n=40  SNN233¡­SNR656
    saved ok=40 no_data=0  credits_used=1154/2288
[1155/2288] credit 1155  2026-07-17  n=40  SNR680¡­SNU300
    saved ok=40 no_data=0  credits_used=1155/2288
[1156/2288] credit 1156  2026-07-17  n=40  SNU335¡­SNY352
    saved ok=39 no_data=1  credits_used=1156/2288
[1157/2288] credit 1157  2026-07-17  n=40  SNY392¡­SQD008
    saved ok=40 no_data=0  credits_used=1157/2288
[1158/2288] credit 1158  2026-07-17  n=40  SQD037¡­SQF658
    saved ok=40 no_data=0  credits_used=1158/2288
[1159/2288] credit 1159  2026-07-17  n=40  SQF705¡­SQK108
    saved ok=40 no_data=0  credits_used=1159/2288
[1160/2288] credit 1160  2026-07-17  n=40  SQK312¡­SQN972
    saved ok=40 no_data=0  credits_used=1160/2288
[1161/2288] credit 1161  2026-07-17  n=40  SQP037¡­SQR955
    saved ok=40 no_data=0  credits_used=1161/2288
[1162/2288] credit 1162  2026-07-17  n=40  SQR957¡­SQV390
    saved ok=40 no_data=0  credits_used=1162/2288
[1163/2288] credit 1163  2026-07-17  n=40  SQV391¡­SQZ902
    saved ok=40 no_data=0  credits_used=1163/2288
[1164/2288] credit 1164  2026-07-17  n=40  SR0593¡­SS1978
    saved ok=39 no_data=1  credits_used=1164/2288
[1165/2288] credit 1165  2026-07-17  n=40  SS2539¡­SS9214
    saved ok=40 no_data=0  credits_used=1165/2288
[1166/2288] credit 1166  2026-07-17  n=40  SS9249¡­SSD850
    saved ok=40 no_data=0  credits_used=1166/2288
[1167/2288] credit 1167  2026-07-17  n=40  SSD863¡­SSH642
    saved ok=40 no_data=0  credits_used=1167/2288
[1168/2288] credit 1168  2026-07-17  n=40  SSH709¡­SSM019
    saved ok=40 no_data=0  credits_used=1168/2288
[1169/2288] credit 1169  2026-07-17  n=40  SSM021¡­SSQ441
    saved ok=40 no_data=0  credits_used=1169/2288
[1170/2288] credit 1170  2026-07-17  n=40  SSQ460¡­SSU593
    saved ok=40 no_data=0  credits_used=1170/2288
[1171/2288] credit 1171  2026-07-17  n=40  SSU654¡­SSY171
    saved ok=40 no_data=0  credits_used=1171/2288
[1172/2288] credit 1172  2026-07-17  n=40  SSY172¡­ST3331
    saved ok=40 no_data=0  credits_used=1172/2288
[1173/2288] credit 1173  2026-07-17  n=40  ST3765¡­STA888
    saved ok=40 no_data=0  credits_used=1173/2288
[1174/2288] credit 1174  2026-07-17  n=40  STB005¡­STD991
    saved ok=40 no_data=0  credits_used=1174/2288
[1175/2288] credit 1175  2026-07-17  n=40  STE176¡­STG855
    saved ok=39 no_data=1  credits_used=1175/2288
[1176/2288] credit 1176  2026-07-17  n=40  STG876¡­STK890
    saved ok=40 no_data=0  credits_used=1176/2288
[1177/2288] credit 1177  2026-07-17  n=40  STK984¡­STN806
    saved ok=39 no_data=1  credits_used=1177/2288
[1178/2288] credit 1178  2026-07-17  n=40  STN945¡­STR598
    saved ok=40 no_data=0  credits_used=1178/2288
[1179/2288] credit 1179  2026-07-17  n=40  STR681¡­STT909
    saved ok=39 no_data=1  credits_used=1179/2288
[1180/2288] credit 1180  2026-07-17  n=40  STT953¡­STW065
    saved ok=40 no_data=0  credits_used=1180/2288
[1181/2288] credit 1181  2026-07-17  n=40  STW067¡­STX635
    saved ok=40 no_data=0  credits_used=1181/2288
[1182/2288] credit 1182  2026-07-17  n=40  STX649¡­SU763B
    saved ok=40 no_data=0  credits_used=1182/2288
[1183/2288] credit 1183  2026-07-17  n=40  SU836A¡­SVB801
    saved ok=40 no_data=0  credits_used=1183/2288
[1184/2288] credit 1184  2026-07-17  n=40  SVB806¡­SVE373
    saved ok=40 no_data=0  credits_used=1184/2288
[1185/2288] credit 1185  2026-07-17  n=40  SVE401¡­SVG669
    saved ok=40 no_data=0  credits_used=1185/2288
[1186/2288] credit 1186  2026-07-17  n=40  SVG705¡­SVJ726
    saved ok=40 no_data=0  credits_used=1186/2288
[1187/2288] credit 1187  2026-07-17  n=40  SVJ861¡­SVM234
    saved ok=40 no_data=0  credits_used=1187/2288
[1188/2288] credit 1188  2026-07-17  n=40  SVM265¡­SVP161
    saved ok=39 no_data=1  credits_used=1188/2288
[1189/2288] credit 1189  2026-07-17  n=40  SVP162¡­SVS255
    saved ok=39 no_data=1  credits_used=1189/2288
[1190/2288] credit 1190  2026-07-17  n=40  SVS353¡­SVU600
    saved ok=40 no_data=0  credits_used=1190/2288
[1191/2288] credit 1191  2026-07-17  n=40  SVU644¡­SVX066
    saved ok=39 no_data=1  credits_used=1191/2288
[1192/2288] credit 1192  2026-07-17  n=40  SVX212¡­SVZ466
    saved ok=40 no_data=0  credits_used=1192/2288
[1193/2288] credit 1193  2026-07-17  n=40  SVZ484¡­SW5334
    saved ok=40 no_data=0  credits_used=1193/2288
[1194/2288] credit 1194  2026-07-17  n=40  SW544C¡­SX3183
    saved ok=40 no_data=0  credits_used=1194/2288
[1195/2288] credit 1195  2026-07-17  n=40  SX3297¡­SXA133
    saved ok=40 no_data=0  credits_used=1195/2288
[1196/2288] credit 1196  2026-07-17  n=40  SXA180¡­SXC726
    saved ok=39 no_data=1  credits_used=1196/2288
[1197/2288] credit 1197  2026-07-17  n=40  SXC749¡­SXE510
    saved ok=40 no_data=0  credits_used=1197/2288
[1198/2288] credit 1198  2026-07-17  n=40  SXE596¡­SXG455
    saved ok=40 no_data=0  credits_used=1198/2288
[1199/2288] credit 1199  2026-07-17  n=40  SXG518¡­SXJ944
    saved ok=40 no_data=0  credits_used=1199/2288
[1200/2288] credit 1200  2026-07-17  n=40  SXJ965¡­SXM021
    saved ok=40 no_data=0  credits_used=1200/2288
[1201/2288] credit 1201  2026-07-17  n=40  SXM072¡­SXP624
    saved ok=39 no_data=1  credits_used=1201/2288
[1202/2288] credit 1202  2026-07-17  n=40  SXP634¡­SXS476
    saved ok=40 no_data=0  credits_used=1202/2288
[1203/2288] credit 1203  2026-07-17  n=40  SXS759¡­SXU990
    saved ok=40 no_data=0  credits_used=1203/2288
[1204/2288] credit 1204  2026-07-17  n=40  SXU992¡­SXW847
    saved ok=40 no_data=0  credits_used=1204/2288
[1205/2288] credit 1205  2026-07-17  n=40  SXW913¡­SXY897
    saved ok=40 no_data=0  credits_used=1205/2288
[1206/2288] credit 1206  2026-07-17  n=40  SXY898¡­SY3055
    saved ok=40 no_data=0  credits_used=1206/2288
[1207/2288] credit 1207  2026-07-17  n=40  SY3184¡­SY9620
    saved ok=39 no_data=1  credits_used=1207/2288
[1208/2288] credit 1208  2026-07-17  n=40  SY9789¡­SZB527
    saved ok=40 no_data=0  credits_used=1208/2288
[1209/2288] credit 1209  2026-07-17  n=40  SZB647¡­SZD686
    saved ok=40 no_data=0  credits_used=1209/2288
[1210/2288] credit 1210  2026-07-17  n=40  SZD703¡­SZF526
    saved ok=40 no_data=0  credits_used=1210/2288
[1211/2288] credit 1211  2026-07-17  n=40  SZF534¡­SZH498
    saved ok=40 no_data=0  credits_used=1211/2288
[1212/2288] credit 1212  2026-07-17  n=40  SZH566¡­SZK008
    saved ok=39 no_data=1  credits_used=1212/2288
[1213/2288] credit 1213  2026-07-17  n=40  SZK011¡­SZL760
    saved ok=40 no_data=0  credits_used=1213/2288
[1214/2288] credit 1214  2026-07-17  n=40  SZL921¡­SZN734
    saved ok=40 no_data=0  credits_used=1214/2288
[1215/2288] credit 1215  2026-07-17  n=40  SZN758¡­SZR097
    saved ok=40 no_data=0  credits_used=1215/2288
[1216/2288] credit 1216  2026-07-17  n=40  SZR155¡­SZS825
    saved ok=40 no_data=0  credits_used=1216/2288
[1217/2288] credit 1217  2026-07-17  n=40  SZT016¡­SZU975
    saved ok=40 no_data=0  credits_used=1217/2288
[1218/2288] credit 1218  2026-07-17  n=40  SZU999¡­SZW784
    saved ok=40 no_data=0  credits_used=1218/2288
[1219/2288] credit 1219  2026-07-17  n=40  SZW804¡­SZZ052
    saved ok=39 no_data=1  credits_used=1219/2288
[1220/2288] credit 1220  2026-07-17  n=40  SZZ115¡­TH632A
    saved ok=40 no_data=0  credits_used=1220/2288
[1221/2288] credit 1221  2026-07-17  n=40  TH634A¡­TS204B
    saved ok=40 no_data=0  credits_used=1221/2288
[1222/2288] credit 1222  2026-07-17  n=40  TS422B¡­TW985B
    saved ok=40 no_data=0  credits_used=1222/2288
[1223/2288] credit 1223  2026-07-17  n=40  TX072B¡­VD108B
    saved ok=40 no_data=0  credits_used=1223/2288
[1224/2288] credit 1224  2026-07-17  n=40  VD130A¡­VK200C
    saved ok=40 no_data=0  credits_used=1224/2288
[1225/2288] credit 1225  2026-07-17  n=40  VK241B¡­VQ499C
    saved ok=40 no_data=0  credits_used=1225/2288
[1226/2288] credit 1226  2026-07-17  n=40  VQ537A¡­VY692A
    saved ok=40 no_data=0  credits_used=1226/2288
[1227/2288] credit 1227  2026-07-17  n=40  VY692B¡­X9002B
    saved ok=40 no_data=0  credits_used=1227/2288
[1228/2288] credit 1228  2026-07-17  n=40  X9589B¡­XE627A
    saved ok=39 no_data=1  credits_used=1228/2288
[1229/2288] credit 1229  2026-07-17  n=40  XE628B¡­XL167A
    saved ok=40 no_data=0  credits_used=1229/2288
[1230/2288] credit 1230  2026-07-17  n=40  XL620C¡­XU400B
    saved ok=40 no_data=0  credits_used=1230/2288
[1231/2288] credit 1231  2026-07-17  n=40  XU501A¡­Y0096A
    saved ok=40 no_data=0  credits_used=1231/2288
[1232/2288] credit 1232  2026-07-17  n=40  Y1194B¡­ZD352A
    saved ok=40 no_data=0  credits_used=1232/2288
[1233/2288] credit 1233  2026-07-17  n=40  ZD562C¡­ZH500B
    saved ok=40 no_data=0  credits_used=1233/2288
[1234/2288] credit 1234  2026-07-17  n=40  ZH718B¡­ZM703A
    saved ok=40 no_data=0  credits_used=1234/2288
[1235/2288] credit 1235  2026-07-17  n=40  ZM840B¡­ZU505C
    saved ok=40 no_data=0  credits_used=1235/2288
[1236/2288] credit 1236  2026-07-17  n=38  ZU679A¡­ZZ559A
    saved ok=38 no_data=0  credits_used=1236/2288
[1237/2288] credit 1237  2026-07-10  n=40  09408B¡­ABM47A
    saved ok=40 no_data=0  credits_used=1237/2288
[1238/2288] credit 1238  2026-07-10  n=40  ABW07C¡­AEC63A
    saved ok=40 no_data=0  credits_used=1238/2288
[1239/2288] credit 1239  2026-07-10  n=40  AEC63B¡­AGT75A
    saved ok=40 no_data=0  credits_used=1239/2288
[1240/2288] credit 1240  2026-07-10  n=40  AGW96A¡­AJH39B
    saved ok=40 no_data=0  credits_used=1240/2288
[1241/2288] credit 1241  2026-07-10  n=40  AJH73A¡­AMD36B
    saved ok=40 no_data=0  credits_used=1241/2288
[1242/2288] credit 1242  2026-07-10  n=40  AMD75B¡­APB36D
    saved ok=40 no_data=0  credits_used=1242/2288
[1243/2288] credit 1243  2026-07-10  n=40  APB60A¡­ARF85A
    saved ok=40 no_data=0  credits_used=1243/2288
[1244/2288] credit 1244  2026-07-10  n=40  ARG15C¡­ASQ68B
    saved ok=40 no_data=0  credits_used=1244/2288
[1245/2288] credit 1245  2026-07-10  n=40  ASQ92A¡­AUU93A
    saved ok=40 no_data=0  credits_used=1245/2288
[1246/2288] credit 1246  2026-07-10  n=40  AUV11B¡­AWM40B
    saved ok=40 no_data=0  credits_used=1246/2288
[1247/2288] credit 1247  2026-07-10  n=40  AWM47B¡­AXY43B
    saved ok=40 no_data=0  credits_used=1247/2288
[1248/2288] credit 1248  2026-07-10  n=40  AXZ82B¡­AZL07A
    saved ok=40 no_data=0  credits_used=1248/2288
[1249/2288] credit 1249  2026-07-10  n=40  AZL07B¡­B7761B
    saved ok=40 no_data=0  credits_used=1249/2288
[1250/2288] credit 1250  2026-07-10  n=40  B7849A¡­BBR60B
    saved ok=40 no_data=0  credits_used=1250/2288
[1251/2288] credit 1251  2026-07-10  n=40  BBR63A¡­BDK81B
    saved ok=40 no_data=0  credits_used=1251/2288
[1252/2288] credit 1252  2026-07-10  n=40  BDM00A¡­BGU32B
    saved ok=40 no_data=0  credits_used=1252/2288
[1253/2288] credit 1253  2026-07-10  n=40  BGU63C¡­ED534B
    saved ok=40 no_data=0  credits_used=1253/2288
[1254/2288] credit 1254  2026-07-10  n=40  EE237A¡­GK158A
    saved ok=40 no_data=0  credits_used=1254/2288
[1255/2288] credit 1255  2026-07-10  n=40  GK298B¡­JJ010B
    saved ok=40 no_data=0  credits_used=1255/2288
[1256/2288] credit 1256  2026-07-10  n=40  JJ377A¡­JZ451A
    saved ok=40 no_data=0  credits_used=1256/2288
[1257/2288] credit 1257  2026-07-10  n=40  K2476B¡­LW084B
    saved ok=40 no_data=0  credits_used=1257/2288
[1258/2288] credit 1258  2026-07-10  n=40  LW259B¡­NH136A
    saved ok=40 no_data=0  credits_used=1258/2288
[1259/2288] credit 1259  2026-07-10  n=40  NJ871A¡­QD240B
    saved ok=40 no_data=0  credits_used=1259/2288
[1260/2288] credit 1260  2026-07-10  n=40  QD279A¡­QT524A
    saved ok=40 no_data=0  credits_used=1260/2288
[1261/2288] credit 1261  2026-07-10  n=40  QT644A¡­S21207
    saved ok=40 no_data=0  credits_used=1261/2288
[1262/2288] credit 1262  2026-07-10  n=40  S21455¡­S29011
    saved ok=40 no_data=0  credits_used=1262/2288
[1263/2288] credit 1263  2026-07-10  n=40  S29015¡­S6631D
    saved ok=40 no_data=0  credits_used=1263/2288
[1264/2288] credit 1264  2026-07-10  n=40  S66725¡­SAAA54
    saved ok=40 no_data=0  credits_used=1264/2288
[1265/2288] credit 1265  2026-07-10  n=40  SAAA70¡­SABF57
    saved ok=40 no_data=0  credits_used=1265/2288
[1266/2288] credit 1266  2026-07-10  n=40  SABF69¡­SACX02
    saved ok=40 no_data=0  credits_used=1266/2288
[1267/2288] credit 1267  2026-07-10  n=40  SACX43¡­SAEC00
    saved ok=40 no_data=0  credits_used=1267/2288
[1268/2288] credit 1268  2026-07-10  n=40  SAEC44¡­SAFN51
    saved ok=40 no_data=0  credits_used=1268/2288
[1269/2288] credit 1269  2026-07-10  n=40  SAFN72¡­SAGJ15
    saved ok=40 no_data=0  credits_used=1269/2288
[1270/2288] credit 1270  2026-07-10  n=40  SAGJ34¡­SAHJ51
    saved ok=40 no_data=0  credits_used=1270/2288
[1271/2288] credit 1271  2026-07-10  n=40  SAHJ80¡­SAJC94
    saved ok=40 no_data=0  credits_used=1271/2288
[1272/2288] credit 1272  2026-07-10  n=40  SAJE03¡­SAKA01
    saved ok=40 no_data=0  credits_used=1272/2288
[1273/2288] credit 1273  2026-07-10  n=40  SAKA87¡­SALF95
    saved ok=40 no_data=0  credits_used=1273/2288
[1274/2288] credit 1274  2026-07-10  n=40  SALH01¡­SAML37
    saved ok=40 no_data=0  credits_used=1274/2288
[1275/2288] credit 1275  2026-07-10  n=40  SAML97¡­SANQ03
    saved ok=40 no_data=0  credits_used=1275/2288
[1276/2288] credit 1276  2026-07-10  n=40  SANQ29¡­SAPV83
    saved ok=40 no_data=0  credits_used=1276/2288
[1277/2288] credit 1277  2026-07-10  n=40  SAPV86¡­SAQX20
    saved ok=40 no_data=0  credits_used=1277/2288
[1278/2288] credit 1278  2026-07-10  n=40  SAQX48¡­SARY15
    saved ok=40 no_data=0  credits_used=1278/2288
[1279/2288] credit 1279  2026-07-10  n=40  SARY47¡­SASS75
    saved ok=40 no_data=0  credits_used=1279/2288
[1280/2288] credit 1280  2026-07-10  n=40  SAST77¡­SATQ85
    saved ok=40 no_data=0  credits_used=1280/2288
[1281/2288] credit 1281  2026-07-10  n=40  SATQ87¡­SAUL35
    saved ok=40 no_data=0  credits_used=1281/2288
[1282/2288] credit 1282  2026-07-10  n=40  SAUL37¡­SAVA93
    saved ok=40 no_data=0  credits_used=1282/2288
[1283/2288] credit 1283  2026-07-10  n=40  SAVA99¡­SAVY63
    saved ok=40 no_data=0  credits_used=1283/2288
[1284/2288] credit 1284  2026-07-10  n=40  SAVY66¡­SAWV46
    saved ok=40 no_data=0  credits_used=1284/2288
[1285/2288] credit 1285  2026-07-10  n=40  SAWV51¡­SAXQ73
    saved ok=40 no_data=0  credits_used=1285/2288
[1286/2288] credit 1286  2026-07-10  n=40  SAXR05¡­SAYQ74
    saved ok=40 no_data=0  credits_used=1286/2288
[1287/2288] credit 1287  2026-07-10  n=40  SAYQ82¡­SAZL29
    saved ok=40 no_data=0  credits_used=1287/2288
[1288/2288] credit 1288  2026-07-10  n=40  SAZL50¡­SB1385
    saved ok=40 no_data=0  credits_used=1288/2288
[1289/2288] credit 1289  2026-07-10  n=40  SB1404¡­SB5007
    saved ok=40 no_data=0  credits_used=1289/2288
[1290/2288] credit 1290  2026-07-10  n=40  SB5120¡­SB8962
    saved ok=40 no_data=0  credits_used=1290/2288
[1291/2288] credit 1291  2026-07-10  n=40  SB9075¡­SBAJ07
    saved ok=40 no_data=0  credits_used=1291/2288
[1292/2288] credit 1292  2026-07-10  n=40  SBAK72¡­SBBR92
    saved ok=40 no_data=0  credits_used=1292/2288
[1293/2288] credit 1293  2026-07-10  n=40  SBBR95¡­SBCW83
    saved ok=40 no_data=0  credits_used=1293/2288
[1294/2288] credit 1294  2026-07-10  n=40  SBCX26¡­SBDR09
    saved ok=40 no_data=0  credits_used=1294/2288
[1295/2288] credit 1295  2026-07-10  n=40  SBDS06¡­SBEU88
    saved ok=40 no_data=0  credits_used=1295/2288
[1296/2288] credit 1296  2026-07-10  n=40  SBEV47¡­SBFW75
    saved ok=40 no_data=0  credits_used=1296/2288
[1297/2288] credit 1297  2026-07-10  n=40  SBFY61¡­SBHN21
    saved ok=40 no_data=0  credits_used=1297/2288
[1298/2288] credit 1298  2026-07-10  n=40  SBHP50¡­SBNB03
    saved ok=36 no_data=4  credits_used=1298/2288
[1299/2288] credit 1299  2026-07-10  n=40  SBNB04¡­SCD010
    saved ok=33 no_data=7  credits_used=1299/2288
[1300/2288] credit 1300  2026-07-10  n=40  SCD071¡­SCL386
    saved ok=40 no_data=0  credits_used=1300/2288
[1301/2288] credit 1301  2026-07-10  n=40  SCL614¡­SCT532
    saved ok=40 no_data=0  credits_used=1301/2288
[1302/2288] credit 1302  2026-07-10  n=40  SCT628¡­SD9395
    saved ok=40 no_data=0  credits_used=1302/2288
[1303/2288] credit 1303  2026-07-10  n=40  SE3010¡­SEE500
    saved ok=40 no_data=0  credits_used=1303/2288
[1304/2288] credit 1304  2026-07-10  n=40  SEE785¡­SEN798
    saved ok=40 no_data=0  credits_used=1304/2288
[1305/2288] credit 1305  2026-07-10  n=40  SEN942¡­SEV048
    saved ok=40 no_data=0  credits_used=1305/2288
[1306/2288] credit 1306  2026-07-10  n=40  SEV061¡­SF190A
    saved ok=40 no_data=0  credits_used=1306/2288
[1307/2288] credit 1307  2026-07-10  n=40  SF240A¡­SGD334
    saved ok=40 no_data=0  credits_used=1307/2288
[1308/2288] credit 1308  2026-07-10  n=40  SGD441¡­SGH439
    saved ok=40 no_data=0  credits_used=1308/2288
[1309/2288] credit 1309  2026-07-10  n=40  SGH506¡­SGN354
    saved ok=40 no_data=0  credits_used=1309/2288
[1310/2288] credit 1310  2026-07-10  n=40  SGN405¡­SGT477
    saved ok=40 no_data=0  credits_used=1310/2288
[1311/2288] credit 1311  2026-07-10  n=40  SGT524¡­SGZ152
    saved ok=40 no_data=0  credits_used=1311/2288
[1312/2288] credit 1312  2026-07-10  n=40  SGZ270¡­SJA891
    saved ok=40 no_data=0  credits_used=1312/2288
[1313/2288] credit 1313  2026-07-10  n=40  SJB356¡­SJE908
    saved ok=40 no_data=0  credits_used=1313/2288
[1314/2288] credit 1314  2026-07-10  n=40  SJE916¡­SJK069
    saved ok=40 no_data=0  credits_used=1314/2288
[1315/2288] credit 1315  2026-07-10  n=40  SJK160¡­SJN647
    saved ok=40 no_data=0  credits_used=1315/2288
[1316/2288] credit 1316  2026-07-10  n=40  SJN756¡­SJR670
    saved ok=40 no_data=0  credits_used=1316/2288
[1317/2288] credit 1317  2026-07-10  n=40  SJR869¡­SJV039
    saved ok=40 no_data=0  credits_used=1317/2288
[1318/2288] credit 1318  2026-07-10  n=40  SJV058¡­SJY813
    saved ok=40 no_data=0  credits_used=1318/2288
[1319/2288] credit 1319  2026-07-10  n=40  SJY819¡­SL9300
    saved ok=40 no_data=0  credits_used=1319/2288
[1320/2288] credit 1320  2026-07-10  n=40  SL9362¡­SLD035
    saved ok=40 no_data=0  credits_used=1320/2288
[1321/2288] credit 1321  2026-07-10  n=40  SLD047¡­SLK466
    saved ok=40 no_data=0  credits_used=1321/2288
[1322/2288] credit 1322  2026-07-10  n=40  SLK572¡­SLP836
    saved ok=40 no_data=0  credits_used=1322/2288
[1323/2288] credit 1323  2026-07-10  n=40  SLP969¡­SLU887
    saved ok=40 no_data=0  credits_used=1323/2288
[1324/2288] credit 1324  2026-07-10  n=40  SLV002¡­SLZ317
    saved ok=40 no_data=0  credits_used=1324/2288
[1325/2288] credit 1325  2026-07-10  n=40  SLZ639¡­SN7404
    saved ok=40 no_data=0  credits_used=1325/2288
[1326/2288] credit 1326  2026-07-10  n=40  SN7410¡­SND945
    saved ok=40 no_data=0  credits_used=1326/2288
[1327/2288] credit 1327  2026-07-10  n=40  SND961¡­SNK022
    saved ok=40 no_data=0  credits_used=1327/2288
[1328/2288] credit 1328  2026-07-10  n=40  SNK036¡­SNN161
    saved ok=40 no_data=0  credits_used=1328/2288
[1329/2288] credit 1329  2026-07-10  n=40  SNN233¡­SNR656
    saved ok=40 no_data=0  credits_used=1329/2288
[1330/2288] credit 1330  2026-07-10  n=40  SNR680¡­SNU300
    saved ok=40 no_data=0  credits_used=1330/2288
[1331/2288] credit 1331  2026-07-10  n=40  SNU335¡­SNY352
    saved ok=40 no_data=0  credits_used=1331/2288
[1332/2288] credit 1332  2026-07-10  n=40  SNY392¡­SQD008
    saved ok=40 no_data=0  credits_used=1332/2288
[1333/2288] credit 1333  2026-07-10  n=40  SQD037¡­SQF658
    saved ok=40 no_data=0  credits_used=1333/2288
[1334/2288] credit 1334  2026-07-10  n=40  SQF705¡­SQK108
    saved ok=40 no_data=0  credits_used=1334/2288
[1335/2288] credit 1335  2026-07-10  n=40  SQK312¡­SQN972
    saved ok=40 no_data=0  credits_used=1335/2288
[1336/2288] credit 1336  2026-07-10  n=40  SQP037¡­SQR955
    saved ok=40 no_data=0  credits_used=1336/2288
[1337/2288] credit 1337  2026-07-10  n=40  SQR957¡­SQV390
    saved ok=40 no_data=0  credits_used=1337/2288
[1338/2288] credit 1338  2026-07-10  n=40  SQV391¡­SQZ902
    saved ok=40 no_data=0  credits_used=1338/2288
[1339/2288] credit 1339  2026-07-10  n=40  SR0593¡­SS1978
    saved ok=40 no_data=0  credits_used=1339/2288
[1340/2288] credit 1340  2026-07-10  n=40  SS2539¡­SS9214
    saved ok=40 no_data=0  credits_used=1340/2288
[1341/2288] credit 1341  2026-07-10  n=40  SS9249¡­SSD850
    saved ok=40 no_data=0  credits_used=1341/2288
[1342/2288] credit 1342  2026-07-10  n=40  SSD863¡­SSH642
    saved ok=40 no_data=0  credits_used=1342/2288
[1343/2288] credit 1343  2026-07-10  n=40  SSH709¡­SSM019
    saved ok=40 no_data=0  credits_used=1343/2288
[1344/2288] credit 1344  2026-07-10  n=40  SSM021¡­SSQ441
    saved ok=40 no_data=0  credits_used=1344/2288
[1345/2288] credit 1345  2026-07-10  n=40  SSQ460¡­SSU593
    saved ok=40 no_data=0  credits_used=1345/2288
[1346/2288] credit 1346  2026-07-10  n=40  SSU654¡­SSY171
    saved ok=40 no_data=0  credits_used=1346/2288
[1347/2288] credit 1347  2026-07-10  n=40  SSY172¡­ST3331
    saved ok=40 no_data=0  credits_used=1347/2288
[1348/2288] credit 1348  2026-07-10  n=40  ST3765¡­STA888
    saved ok=40 no_data=0  credits_used=1348/2288
[1349/2288] credit 1349  2026-07-10  n=40  STB005¡­STD991
    saved ok=40 no_data=0  credits_used=1349/2288
[1350/2288] credit 1350  2026-07-10  n=40  STE176¡­STG855
    saved ok=39 no_data=1  credits_used=1350/2288
[1351/2288] credit 1351  2026-07-10  n=40  STG876¡­STK890
    saved ok=40 no_data=0  credits_used=1351/2288
[1352/2288] credit 1352  2026-07-10  n=40  STK984¡­STN806
    saved ok=39 no_data=1  credits_used=1352/2288
[1353/2288] credit 1353  2026-07-10  n=40  STN945¡­STR598
    saved ok=40 no_data=0  credits_used=1353/2288
[1354/2288] credit 1354  2026-07-10  n=40  STR681¡­STT909
    saved ok=39 no_data=1  credits_used=1354/2288
[1355/2288] credit 1355  2026-07-10  n=40  STT953¡­STW065
    saved ok=40 no_data=0  credits_used=1355/2288
[1356/2288] credit 1356  2026-07-10  n=40  STW067¡­STX635
    saved ok=40 no_data=0  credits_used=1356/2288
[1357/2288] credit 1357  2026-07-10  n=40  STX649¡­SU763B
    saved ok=40 no_data=0  credits_used=1357/2288
[1358/2288] credit 1358  2026-07-10  n=40  SU836A¡­SVB801
    saved ok=40 no_data=0  credits_used=1358/2288
[1359/2288] credit 1359  2026-07-10  n=40  SVB806¡­SVE373
    saved ok=40 no_data=0  credits_used=1359/2288
[1360/2288] credit 1360  2026-07-10  n=40  SVE401¡­SVG669
    saved ok=40 no_data=0  credits_used=1360/2288
[1361/2288] credit 1361  2026-07-10  n=40  SVG705¡­SVJ726
    saved ok=40 no_data=0  credits_used=1361/2288
[1362/2288] credit 1362  2026-07-10  n=40  SVJ861¡­SVM234
    saved ok=40 no_data=0  credits_used=1362/2288
[1363/2288] credit 1363  2026-07-10  n=40  SVM265¡­SVP161
    saved ok=39 no_data=1  credits_used=1363/2288
[1364/2288] credit 1364  2026-07-10  n=40  SVP162¡­SVS255
    saved ok=39 no_data=1  credits_used=1364/2288
[1365/2288] credit 1365  2026-07-10  n=40  SVS353¡­SVU600
    saved ok=40 no_data=0  credits_used=1365/2288
[1366/2288] credit 1366  2026-07-10  n=40  SVU644¡­SVX066
    saved ok=39 no_data=1  credits_used=1366/2288
[1367/2288] credit 1367  2026-07-10  n=40  SVX212¡­SVZ466
    saved ok=40 no_data=0  credits_used=1367/2288
[1368/2288] credit 1368  2026-07-10  n=40  SVZ484¡­SW5334
    saved ok=40 no_data=0  credits_used=1368/2288
[1369/2288] credit 1369  2026-07-10  n=40  SW544C¡­SX3183
    saved ok=40 no_data=0  credits_used=1369/2288
[1370/2288] credit 1370  2026-07-10  n=40  SX3297¡­SXA133
    saved ok=40 no_data=0  credits_used=1370/2288
[1371/2288] credit 1371  2026-07-10  n=40  SXA180¡­SXC726
    saved ok=39 no_data=1  credits_used=1371/2288
[1372/2288] credit 1372  2026-07-10  n=40  SXC749¡­SXE510
    saved ok=40 no_data=0  credits_used=1372/2288
[1373/2288] credit 1373  2026-07-10  n=40  SXE596¡­SXG455
    saved ok=40 no_data=0  credits_used=1373/2288
[1374/2288] credit 1374  2026-07-10  n=40  SXG518¡­SXJ944
    saved ok=40 no_data=0  credits_used=1374/2288
[1375/2288] credit 1375  2026-07-10  n=40  SXJ965¡­SXM021
    saved ok=40 no_data=0  credits_used=1375/2288
[1376/2288] credit 1376  2026-07-10  n=40  SXM072¡­SXP624
    saved ok=39 no_data=1  credits_used=1376/2288
[1377/2288] credit 1377  2026-07-10  n=40  SXP634¡­SXS476
    saved ok=40 no_data=0  credits_used=1377/2288
[1378/2288] credit 1378  2026-07-10  n=40  SXS759¡­SXU990
    saved ok=40 no_data=0  credits_used=1378/2288
[1379/2288] credit 1379  2026-07-10  n=40  SXU992¡­SXW847
    saved ok=40 no_data=0  credits_used=1379/2288
[1380/2288] credit 1380  2026-07-10  n=40  SXW913¡­SXY897
    saved ok=40 no_data=0  credits_used=1380/2288
[1381/2288] credit 1381  2026-07-10  n=40  SXY898¡­SY3055
    saved ok=40 no_data=0  credits_used=1381/2288
[1382/2288] credit 1382  2026-07-10  n=40  SY3184¡­SY9620
    saved ok=40 no_data=0  credits_used=1382/2288
[1383/2288] credit 1383  2026-07-10  n=40  SY9789¡­SZB527
    saved ok=40 no_data=0  credits_used=1383/2288
[1384/2288] credit 1384  2026-07-10  n=40  SZB647¡­SZD686
    saved ok=40 no_data=0  credits_used=1384/2288
[1385/2288] credit 1385  2026-07-10  n=40  SZD703¡­SZF526
    saved ok=40 no_data=0  credits_used=1385/2288
[1386/2288] credit 1386  2026-07-10  n=40  SZF534¡­SZH498
    saved ok=40 no_data=0  credits_used=1386/2288
[1387/2288] credit 1387  2026-07-10  n=40  SZH566¡­SZK008
    saved ok=39 no_data=1  credits_used=1387/2288
[1388/2288] credit 1388  2026-07-10  n=40  SZK011¡­SZL760
    saved ok=40 no_data=0  credits_used=1388/2288
[1389/2288] credit 1389  2026-07-10  n=40  SZL921¡­SZN734
    saved ok=40 no_data=0  credits_used=1389/2288
[1390/2288] credit 1390  2026-07-10  n=40  SZN758¡­SZR097
    saved ok=40 no_data=0  credits_used=1390/2288
[1391/2288] credit 1391  2026-07-10  n=40  SZR155¡­SZS825
    saved ok=40 no_data=0  credits_used=1391/2288
[1392/2288] credit 1392  2026-07-10  n=40  SZT016¡­SZU975
    saved ok=40 no_data=0  credits_used=1392/2288
[1393/2288] credit 1393  2026-07-10  n=40  SZU999¡­SZW784
    saved ok=40 no_data=0  credits_used=1393/2288
[1394/2288] credit 1394  2026-07-10  n=40  SZW804¡­SZZ052
    saved ok=39 no_data=1  credits_used=1394/2288
[1395/2288] credit 1395  2026-07-10  n=40  SZZ115¡­TH632A
    saved ok=40 no_data=0  credits_used=1395/2288
[1396/2288] credit 1396  2026-07-10  n=40  TH634A¡­TS204B
    saved ok=40 no_data=0  credits_used=1396/2288
[1397/2288] credit 1397  2026-07-10  n=40  TS422B¡­TW985B
    saved ok=40 no_data=0  credits_used=1397/2288
[1398/2288] credit 1398  2026-07-10  n=40  TX072B¡­VD108B
    saved ok=40 no_data=0  credits_used=1398/2288
[1399/2288] credit 1399  2026-07-10  n=40  VD130A¡­VK200C
    saved ok=40 no_data=0  credits_used=1399/2288
[1400/2288] credit 1400  2026-07-10  n=40  VK241B¡­VQ499C
    saved ok=40 no_data=0  credits_used=1400/2288
[1401/2288] credit 1401  2026-07-10  n=40  VQ537A¡­VY692A
    saved ok=40 no_data=0  credits_used=1401/2288
[1402/2288] credit 1402  2026-07-10  n=40  VY692B¡­X9002B
    saved ok=40 no_data=0  credits_used=1402/2288
[1403/2288] credit 1403  2026-07-10  n=40  X9589B¡­XE627A
    saved ok=39 no_data=1  credits_used=1403/2288
[1404/2288] credit 1404  2026-07-10  n=40  XE628B¡­XL167A
    saved ok=40 no_data=0  credits_used=1404/2288
[1405/2288] credit 1405  2026-07-10  n=40  XL620C¡­XU400B
    saved ok=40 no_data=0  credits_used=1405/2288
[1406/2288] credit 1406  2026-07-10  n=40  XU501A¡­Y0096A
    saved ok=40 no_data=0  credits_used=1406/2288
[1407/2288] credit 1407  2026-07-10  n=40  Y1194B¡­ZD352A
    saved ok=40 no_data=0  credits_used=1407/2288
[1408/2288] credit 1408  2026-07-10  n=40  ZD562C¡­ZH500B
    saved ok=40 no_data=0  credits_used=1408/2288
[1409/2288] credit 1409  2026-07-10  n=40  ZH718B¡­ZM703A
    saved ok=40 no_data=0  credits_used=1409/2288
[1410/2288] credit 1410  2026-07-10  n=40  ZM840B¡­ZU505C
    saved ok=40 no_data=0  credits_used=1410/2288
[1411/2288] credit 1411  2026-07-10  n=38  ZU679A¡­ZZ559A
    saved ok=38 no_data=0  credits_used=1411/2288
[1412/2288] credit 1412  2026-07-03  n=40  09408B¡­ABM47A
    saved ok=40 no_data=0  credits_used=1412/2288
[1413/2288] credit 1413  2026-07-03  n=40  ABW07C¡­AEC63A
    saved ok=40 no_data=0  credits_used=1413/2288
[1414/2288] credit 1414  2026-07-03  n=40  AEC63B¡­AGT75A
    saved ok=40 no_data=0  credits_used=1414/2288
[1415/2288] credit 1415  2026-07-03  n=40  AGW96A¡­AJH39B
    saved ok=40 no_data=0  credits_used=1415/2288
[1416/2288] credit 1416  2026-07-03  n=40  AJH73A¡­AMD36B
    saved ok=40 no_data=0  credits_used=1416/2288
[1417/2288] credit 1417  2026-07-03  n=40  AMD75B¡­APB36D
    saved ok=40 no_data=0  credits_used=1417/2288
[1418/2288] credit 1418  2026-07-03  n=40  APB60A¡­ARF85A
    saved ok=40 no_data=0  credits_used=1418/2288
[1419/2288] credit 1419  2026-07-03  n=40  ARG15C¡­ASQ68B
    saved ok=40 no_data=0  credits_used=1419/2288
[1420/2288] credit 1420  2026-07-03  n=40  ASQ92A¡­AUU93A
    saved ok=40 no_data=0  credits_used=1420/2288
[1421/2288] credit 1421  2026-07-03  n=40  AUV11B¡­AWM40B
    saved ok=40 no_data=0  credits_used=1421/2288
[1422/2288] credit 1422  2026-07-03  n=40  AWM47B¡­AXY43B
    saved ok=40 no_data=0  credits_used=1422/2288
[1423/2288] credit 1423  2026-07-03  n=40  AXZ82B¡­AZL07A
    saved ok=40 no_data=0  credits_used=1423/2288
[1424/2288] credit 1424  2026-07-03  n=40  AZL07B¡­B7761B
    saved ok=40 no_data=0  credits_used=1424/2288
[1425/2288] credit 1425  2026-07-03  n=40  B7849A¡­BBR60B
    saved ok=40 no_data=0  credits_used=1425/2288
[1426/2288] credit 1426  2026-07-03  n=40  BBR63A¡­BDK81B
    saved ok=40 no_data=0  credits_used=1426/2288
[1427/2288] credit 1427  2026-07-03  n=40  BDM00A¡­BGU32B
    saved ok=40 no_data=0  credits_used=1427/2288
[1428/2288] credit 1428  2026-07-03  n=40  BGU63C¡­ED534B
    saved ok=40 no_data=0  credits_used=1428/2288
[1429/2288] credit 1429  2026-07-03  n=40  EE237A¡­GK158A
    saved ok=40 no_data=0  credits_used=1429/2288
[1430/2288] credit 1430  2026-07-03  n=40  GK298B¡­JJ010B
    saved ok=40 no_data=0  credits_used=1430/2288
[1431/2288] credit 1431  2026-07-03  n=40  JJ377A¡­JZ451A
    saved ok=40 no_data=0  credits_used=1431/2288
[1432/2288] credit 1432  2026-07-03  n=40  K2476B¡­LW084B
    saved ok=40 no_data=0  credits_used=1432/2288
[1433/2288] credit 1433  2026-07-03  n=40  LW259B¡­NH136A
    saved ok=40 no_data=0  credits_used=1433/2288
[1434/2288] credit 1434  2026-07-03  n=40  NJ871A¡­QD240B
    saved ok=40 no_data=0  credits_used=1434/2288
[1435/2288] credit 1435  2026-07-03  n=40  QD279A¡­QT524A
    saved ok=40 no_data=0  credits_used=1435/2288
[1436/2288] credit 1436  2026-07-03  n=40  QT644A¡­S21207
    saved ok=39 no_data=1  credits_used=1436/2288
[1437/2288] credit 1437  2026-07-03  n=40  S21455¡­S29011
    saved ok=40 no_data=0  credits_used=1437/2288
[1438/2288] credit 1438  2026-07-03  n=40  S29015¡­S6631D
    saved ok=40 no_data=0  credits_used=1438/2288
[1439/2288] credit 1439  2026-07-03  n=40  S66725¡­SAAA54
    saved ok=40 no_data=0  credits_used=1439/2288
[1440/2288] credit 1440  2026-07-03  n=40  SAAA70¡­SABF57
    saved ok=40 no_data=0  credits_used=1440/2288
[1441/2288] credit 1441  2026-07-03  n=40  SABF69¡­SACX02
    saved ok=40 no_data=0  credits_used=1441/2288
[1442/2288] credit 1442  2026-07-03  n=40  SACX43¡­SAEC00
    saved ok=40 no_data=0  credits_used=1442/2288
[1443/2288] credit 1443  2026-07-03  n=40  SAEC44¡­SAFN51
    saved ok=40 no_data=0  credits_used=1443/2288
[1444/2288] credit 1444  2026-07-03  n=40  SAFN72¡­SAGJ15
    saved ok=40 no_data=0  credits_used=1444/2288
[1445/2288] credit 1445  2026-07-03  n=40  SAGJ34¡­SAHJ51
    saved ok=40 no_data=0  credits_used=1445/2288
[1446/2288] credit 1446  2026-07-03  n=40  SAHJ80¡­SAJC94
    saved ok=40 no_data=0  credits_used=1446/2288
[1447/2288] credit 1447  2026-07-03  n=40  SAJE03¡­SAKA01
    saved ok=40 no_data=0  credits_used=1447/2288
[1448/2288] credit 1448  2026-07-03  n=40  SAKA87¡­SALF95
    saved ok=40 no_data=0  credits_used=1448/2288
[1449/2288] credit 1449  2026-07-03  n=40  SALH01¡­SAML37
    saved ok=40 no_data=0  credits_used=1449/2288
[1450/2288] credit 1450  2026-07-03  n=40  SAML97¡­SANQ03
    saved ok=40 no_data=0  credits_used=1450/2288
[1451/2288] credit 1451  2026-07-03  n=40  SANQ29¡­SAPV83
    saved ok=40 no_data=0  credits_used=1451/2288
[1452/2288] credit 1452  2026-07-03  n=40  SAPV86¡­SAQX20
    saved ok=40 no_data=0  credits_used=1452/2288
[1453/2288] credit 1453  2026-07-03  n=40  SAQX48¡­SARY15
    saved ok=40 no_data=0  credits_used=1453/2288
[1454/2288] credit 1454  2026-07-03  n=40  SARY47¡­SASS75
    saved ok=40 no_data=0  credits_used=1454/2288
[1455/2288] credit 1455  2026-07-03  n=40  SAST77¡­SATQ85
    saved ok=40 no_data=0  credits_used=1455/2288
[1456/2288] credit 1456  2026-07-03  n=40  SATQ87¡­SAUL35
    saved ok=40 no_data=0  credits_used=1456/2288
[1457/2288] credit 1457  2026-07-03  n=40  SAUL37¡­SAVA93
    saved ok=40 no_data=0  credits_used=1457/2288
[1458/2288] credit 1458  2026-07-03  n=40  SAVA99¡­SAVY63
    saved ok=40 no_data=0  credits_used=1458/2288
[1459/2288] credit 1459  2026-07-03  n=40  SAVY66¡­SAWV46
    saved ok=40 no_data=0  credits_used=1459/2288
[1460/2288] credit 1460  2026-07-03  n=40  SAWV51¡­SAXQ73
    saved ok=40 no_data=0  credits_used=1460/2288
[1461/2288] credit 1461  2026-07-03  n=40  SAXR05¡­SAYQ74
    saved ok=40 no_data=0  credits_used=1461/2288
[1462/2288] credit 1462  2026-07-03  n=40  SAYQ82¡­SAZL29
    saved ok=40 no_data=0  credits_used=1462/2288
[1463/2288] credit 1463  2026-07-03  n=40  SAZL50¡­SB1385
    saved ok=40 no_data=0  credits_used=1463/2288
[1464/2288] credit 1464  2026-07-03  n=40  SB1404¡­SB5007
    saved ok=40 no_data=0  credits_used=1464/2288
[1465/2288] credit 1465  2026-07-03  n=40  SB5120¡­SB8962
    saved ok=40 no_data=0  credits_used=1465/2288
[1466/2288] credit 1466  2026-07-03  n=40  SB9075¡­SBAJ07
    saved ok=40 no_data=0  credits_used=1466/2288
[1467/2288] credit 1467  2026-07-03  n=40  SBAK72¡­SBBR92
    saved ok=40 no_data=0  credits_used=1467/2288
[1468/2288] credit 1468  2026-07-03  n=40  SBBR95¡­SBCW83
    saved ok=40 no_data=0  credits_used=1468/2288
[1469/2288] credit 1469  2026-07-03  n=40  SBCX26¡­SBDR09
    saved ok=40 no_data=0  credits_used=1469/2288
[1470/2288] credit 1470  2026-07-03  n=40  SBDS06¡­SBEU88
    saved ok=40 no_data=0  credits_used=1470/2288
[1471/2288] credit 1471  2026-07-03  n=40  SBEV47¡­SBFW75
    saved ok=40 no_data=0  credits_used=1471/2288
[1472/2288] credit 1472  2026-07-03  n=40  SBFY61¡­SBHN21
    saved ok=40 no_data=0  credits_used=1472/2288
[1473/2288] credit 1473  2026-07-03  n=40  SBHP50¡­SBNB03
    saved ok=36 no_data=4  credits_used=1473/2288
[1474/2288] credit 1474  2026-07-03  n=40  SBNB04¡­SCD010
    saved ok=33 no_data=7  credits_used=1474/2288
[1475/2288] credit 1475  2026-07-03  n=40  SCD071¡­SCL386
    saved ok=40 no_data=0  credits_used=1475/2288
[1476/2288] credit 1476  2026-07-03  n=40  SCL614¡­SCT532
    saved ok=40 no_data=0  credits_used=1476/2288
[1477/2288] credit 1477  2026-07-03  n=40  SCT628¡­SD9395
    saved ok=40 no_data=0  credits_used=1477/2288
[1478/2288] credit 1478  2026-07-03  n=40  SE3010¡­SEE500
    saved ok=39 no_data=1  credits_used=1478/2288
[1479/2288] credit 1479  2026-07-03  n=40  SEE785¡­SEN798
    saved ok=39 no_data=1  credits_used=1479/2288
[1480/2288] credit 1480  2026-07-03  n=40  SEN942¡­SEV048
    saved ok=39 no_data=1  credits_used=1480/2288
[1481/2288] credit 1481  2026-07-03  n=40  SEV061¡­SF190A
    saved ok=40 no_data=0  credits_used=1481/2288
[1482/2288] credit 1482  2026-07-03  n=40  SF240A¡­SGD334
    saved ok=40 no_data=0  credits_used=1482/2288
[1483/2288] credit 1483  2026-07-03  n=40  SGD441¡­SGH439
    saved ok=40 no_data=0  credits_used=1483/2288
[1484/2288] credit 1484  2026-07-03  n=40  SGH506¡­SGN354
    saved ok=40 no_data=0  credits_used=1484/2288
[1485/2288] credit 1485  2026-07-03  n=40  SGN405¡­SGT477
    saved ok=40 no_data=0  credits_used=1485/2288
[1486/2288] credit 1486  2026-07-03  n=40  SGT524¡­SGZ152
    saved ok=40 no_data=0  credits_used=1486/2288
[1487/2288] credit 1487  2026-07-03  n=40  SGZ270¡­SJA891
    saved ok=40 no_data=0  credits_used=1487/2288
[1488/2288] credit 1488  2026-07-03  n=40  SJB356¡­SJE908
    saved ok=40 no_data=0  credits_used=1488/2288
[1489/2288] credit 1489  2026-07-03  n=40  SJE916¡­SJK069
    saved ok=40 no_data=0  credits_used=1489/2288
[1490/2288] credit 1490  2026-07-03  n=40  SJK160¡­SJN647
    saved ok=40 no_data=0  credits_used=1490/2288
[1491/2288] credit 1491  2026-07-03  n=40  SJN756¡­SJR670
    saved ok=40 no_data=0  credits_used=1491/2288
[1492/2288] credit 1492  2026-07-03  n=40  SJR869¡­SJV039
    saved ok=40 no_data=0  credits_used=1492/2288
[1493/2288] credit 1493  2026-07-03  n=40  SJV058¡­SJY813
    saved ok=40 no_data=0  credits_used=1493/2288
[1494/2288] credit 1494  2026-07-03  n=40  SJY819¡­SL9300
    saved ok=40 no_data=0  credits_used=1494/2288
[1495/2288] credit 1495  2026-07-03  n=40  SL9362¡­SLD035
    saved ok=40 no_data=0  credits_used=1495/2288
[1496/2288] credit 1496  2026-07-03  n=40  SLD047¡­SLK466
    saved ok=40 no_data=0  credits_used=1496/2288
[1497/2288] credit 1497  2026-07-03  n=40  SLK572¡­SLP836
    saved ok=40 no_data=0  credits_used=1497/2288
[1498/2288] credit 1498  2026-07-03  n=40  SLP969¡­SLU887
    saved ok=39 no_data=1  credits_used=1498/2288
[1499/2288] credit 1499  2026-07-03  n=40  SLV002¡­SLZ317
    saved ok=40 no_data=0  credits_used=1499/2288
[1500/2288] credit 1500  2026-07-03  n=40  SLZ639¡­SN7404
    saved ok=40 no_data=0  credits_used=1500/2288
[1501/2288] credit 1501  2026-07-03  n=40  SN7410¡­SND945
    saved ok=40 no_data=0  credits_used=1501/2288
[1502/2288] credit 1502  2026-07-03  n=40  SND961¡­SNK022
    saved ok=40 no_data=0  credits_used=1502/2288
[1503/2288] credit 1503  2026-07-03  n=40  SNK036¡­SNN161
    saved ok=40 no_data=0  credits_used=1503/2288
[1504/2288] credit 1504  2026-07-03  n=40  SNN233¡­SNR656
    saved ok=40 no_data=0  credits_used=1504/2288
[1505/2288] credit 1505  2026-07-03  n=40  SNR680¡­SNU300
    saved ok=40 no_data=0  credits_used=1505/2288
[1506/2288] credit 1506  2026-07-03  n=40  SNU335¡­SNY352
    saved ok=40 no_data=0  credits_used=1506/2288
[1507/2288] credit 1507  2026-07-03  n=40  SNY392¡­SQD008
    saved ok=40 no_data=0  credits_used=1507/2288
[1508/2288] credit 1508  2026-07-03  n=40  SQD037¡­SQF658
    saved ok=40 no_data=0  credits_used=1508/2288
[1509/2288] credit 1509  2026-07-03  n=40  SQF705¡­SQK108
    saved ok=40 no_data=0  credits_used=1509/2288
[1510/2288] credit 1510  2026-07-03  n=40  SQK312¡­SQN972
    saved ok=40 no_data=0  credits_used=1510/2288
[1511/2288] credit 1511  2026-07-03  n=40  SQP037¡­SQR955
    saved ok=40 no_data=0  credits_used=1511/2288
[1512/2288] credit 1512  2026-07-03  n=40  SQR957¡­SQV390
    saved ok=40 no_data=0  credits_used=1512/2288
[1513/2288] credit 1513  2026-07-03  n=40  SQV391¡­SQZ902
    saved ok=40 no_data=0  credits_used=1513/2288
[1514/2288] credit 1514  2026-07-03  n=40  SR0593¡­SS1978
    saved ok=40 no_data=0  credits_used=1514/2288
[1515/2288] credit 1515  2026-07-03  n=40  SS2539¡­SS9214
    saved ok=40 no_data=0  credits_used=1515/2288
[1516/2288] credit 1516  2026-07-03  n=40  SS9249¡­SSD850
    saved ok=40 no_data=0  credits_used=1516/2288
[1517/2288] credit 1517  2026-07-03  n=40  SSD863¡­SSH642
    saved ok=40 no_data=0  credits_used=1517/2288
[1518/2288] credit 1518  2026-07-03  n=40  SSH709¡­SSM019
    saved ok=40 no_data=0  credits_used=1518/2288
[1519/2288] credit 1519  2026-07-03  n=40  SSM021¡­SSQ441
    saved ok=40 no_data=0  credits_used=1519/2288
[1520/2288] credit 1520  2026-07-03  n=40  SSQ460¡­SSU593
    saved ok=40 no_data=0  credits_used=1520/2288
[1521/2288] credit 1521  2026-07-03  n=40  SSU654¡­SSY171
    saved ok=40 no_data=0  credits_used=1521/2288
[1522/2288] credit 1522  2026-07-03  n=40  SSY172¡­ST3331
    saved ok=40 no_data=0  credits_used=1522/2288
[1523/2288] credit 1523  2026-07-03  n=40  ST3765¡­STA888
    saved ok=40 no_data=0  credits_used=1523/2288
[1524/2288] credit 1524  2026-07-03  n=40  STB005¡­STD991
    saved ok=40 no_data=0  credits_used=1524/2288
[1525/2288] credit 1525  2026-07-03  n=40  STE176¡­STG855
    saved ok=39 no_data=1  credits_used=1525/2288
[1526/2288] credit 1526  2026-07-03  n=40  STG876¡­STK890
    saved ok=40 no_data=0  credits_used=1526/2288
[1527/2288] credit 1527  2026-07-03  n=40  STK984¡­STN806
    saved ok=39 no_data=1  credits_used=1527/2288
[1528/2288] credit 1528  2026-07-03  n=40  STN945¡­STR598
    saved ok=40 no_data=0  credits_used=1528/2288
[1529/2288] credit 1529  2026-07-03  n=40  STR681¡­STT909
    saved ok=39 no_data=1  credits_used=1529/2288
[1530/2288] credit 1530  2026-07-03  n=40  STT953¡­STW065
    saved ok=40 no_data=0  credits_used=1530/2288
[1531/2288] credit 1531  2026-07-03  n=40  STW067¡­STX635
    saved ok=40 no_data=0  credits_used=1531/2288
[1532/2288] credit 1532  2026-07-03  n=40  STX649¡­SU763B
    saved ok=40 no_data=0  credits_used=1532/2288
[1533/2288] credit 1533  2026-07-03  n=40  SU836A¡­SVB801
    saved ok=40 no_data=0  credits_used=1533/2288
[1534/2288] credit 1534  2026-07-03  n=40  SVB806¡­SVE373
    saved ok=40 no_data=0  credits_used=1534/2288
[1535/2288] credit 1535  2026-07-03  n=40  SVE401¡­SVG669
    saved ok=40 no_data=0  credits_used=1535/2288
[1536/2288] credit 1536  2026-07-03  n=40  SVG705¡­SVJ726
    saved ok=40 no_data=0  credits_used=1536/2288
[1537/2288] credit 1537  2026-07-03  n=40  SVJ861¡­SVM234
    saved ok=40 no_data=0  credits_used=1537/2288
[1538/2288] credit 1538  2026-07-03  n=40  SVM265¡­SVP161
    saved ok=39 no_data=1  credits_used=1538/2288
[1539/2288] credit 1539  2026-07-03  n=40  SVP162¡­SVS255
    saved ok=39 no_data=1  credits_used=1539/2288
[1540/2288] credit 1540  2026-07-03  n=40  SVS353¡­SVU600
    saved ok=40 no_data=0  credits_used=1540/2288
[1541/2288] credit 1541  2026-07-03  n=40  SVU644¡­SVX066
    saved ok=39 no_data=1  credits_used=1541/2288
[1542/2288] credit 1542  2026-07-03  n=40  SVX212¡­SVZ466
    saved ok=40 no_data=0  credits_used=1542/2288
[1543/2288] credit 1543  2026-07-03  n=40  SVZ484¡­SW5334
    saved ok=40 no_data=0  credits_used=1543/2288
[1544/2288] credit 1544  2026-07-03  n=40  SW544C¡­SX3183
    saved ok=40 no_data=0  credits_used=1544/2288
[1545/2288] credit 1545  2026-07-03  n=40  SX3297¡­SXA133
    saved ok=40 no_data=0  credits_used=1545/2288
[1546/2288] credit 1546  2026-07-03  n=40  SXA180¡­SXC726
    saved ok=39 no_data=1  credits_used=1546/2288
[1547/2288] credit 1547  2026-07-03  n=40  SXC749¡­SXE510
    saved ok=40 no_data=0  credits_used=1547/2288
[1548/2288] credit 1548  2026-07-03  n=40  SXE596¡­SXG455
    saved ok=40 no_data=0  credits_used=1548/2288
[1549/2288] credit 1549  2026-07-03  n=40  SXG518¡­SXJ944
    saved ok=40 no_data=0  credits_used=1549/2288
[1550/2288] credit 1550  2026-07-03  n=40  SXJ965¡­SXM021
    saved ok=40 no_data=0  credits_used=1550/2288
[1551/2288] credit 1551  2026-07-03  n=40  SXM072¡­SXP624
    saved ok=39 no_data=1  credits_used=1551/2288
[1552/2288] credit 1552  2026-07-03  n=40  SXP634¡­SXS476
    saved ok=40 no_data=0  credits_used=1552/2288
[1553/2288] credit 1553  2026-07-03  n=40  SXS759¡­SXU990
    saved ok=40 no_data=0  credits_used=1553/2288
[1554/2288] credit 1554  2026-07-03  n=40  SXU992¡­SXW847
    saved ok=40 no_data=0  credits_used=1554/2288
[1555/2288] credit 1555  2026-07-03  n=40  SXW913¡­SXY897
    saved ok=40 no_data=0  credits_used=1555/2288
[1556/2288] credit 1556  2026-07-03  n=40  SXY898¡­SY3055
    saved ok=40 no_data=0  credits_used=1556/2288
[1557/2288] credit 1557  2026-07-03  n=40  SY3184¡­SY9620
    saved ok=39 no_data=1  credits_used=1557/2288
[1558/2288] credit 1558  2026-07-03  n=40  SY9789¡­SZB527
    saved ok=40 no_data=0  credits_used=1558/2288
[1559/2288] credit 1559  2026-07-03  n=40  SZB647¡­SZD686
    saved ok=40 no_data=0  credits_used=1559/2288
[1560/2288] credit 1560  2026-07-03  n=40  SZD703¡­SZF526
    saved ok=40 no_data=0  credits_used=1560/2288
[1561/2288] credit 1561  2026-07-03  n=40  SZF534¡­SZH498
    saved ok=40 no_data=0  credits_used=1561/2288
[1562/2288] credit 1562  2026-07-03  n=40  SZH566¡­SZK008
    saved ok=39 no_data=1  credits_used=1562/2288
[1563/2288] credit 1563  2026-07-03  n=40  SZK011¡­SZL760
    saved ok=40 no_data=0  credits_used=1563/2288
[1564/2288] credit 1564  2026-07-03  n=40  SZL921¡­SZN734
    saved ok=40 no_data=0  credits_used=1564/2288
[1565/2288] credit 1565  2026-07-03  n=40  SZN758¡­SZR097
    saved ok=40 no_data=0  credits_used=1565/2288
[1566/2288] credit 1566  2026-07-03  n=40  SZR155¡­SZS825
    saved ok=40 no_data=0  credits_used=1566/2288
[1567/2288] credit 1567  2026-07-03  n=40  SZT016¡­SZU975
    saved ok=40 no_data=0  credits_used=1567/2288
[1568/2288] credit 1568  2026-07-03  n=40  SZU999¡­SZW784
    saved ok=40 no_data=0  credits_used=1568/2288
[1569/2288] credit 1569  2026-07-03  n=40  SZW804¡­SZZ052
    saved ok=39 no_data=1  credits_used=1569/2288
[1570/2288] credit 1570  2026-07-03  n=40  SZZ115¡­TH632A
    saved ok=40 no_data=0  credits_used=1570/2288
[1571/2288] credit 1571  2026-07-03  n=40  TH634A¡­TS204B
    saved ok=40 no_data=0  credits_used=1571/2288
[1572/2288] credit 1572  2026-07-03  n=40  TS422B¡­TW985B
    saved ok=40 no_data=0  credits_used=1572/2288
[1573/2288] credit 1573  2026-07-03  n=40  TX072B¡­VD108B
    saved ok=40 no_data=0  credits_used=1573/2288
[1574/2288] credit 1574  2026-07-03  n=40  VD130A¡­VK200C
    saved ok=40 no_data=0  credits_used=1574/2288
[1575/2288] credit 1575  2026-07-03  n=40  VK241B¡­VQ499C
    saved ok=40 no_data=0  credits_used=1575/2288
[1576/2288] credit 1576  2026-07-03  n=40  VQ537A¡­VY692A
    saved ok=40 no_data=0  credits_used=1576/2288
[1577/2288] credit 1577  2026-07-03  n=40  VY692B¡­X9002B
    saved ok=40 no_data=0  credits_used=1577/2288
[1578/2288] credit 1578  2026-07-03  n=40  X9589B¡­XE627A
    saved ok=39 no_data=1  credits_used=1578/2288
[1579/2288] credit 1579  2026-07-03  n=40  XE628B¡­XL167A
    saved ok=40 no_data=0  credits_used=1579/2288
[1580/2288] credit 1580  2026-07-03  n=40  XL620C¡­XU400B
    saved ok=40 no_data=0  credits_used=1580/2288
[1581/2288] credit 1581  2026-07-03  n=40  XU501A¡­Y0096A
    saved ok=40 no_data=0  credits_used=1581/2288
[1582/2288] credit 1582  2026-07-03  n=40  Y1194B¡­ZD352A
    saved ok=40 no_data=0  credits_used=1582/2288
[1583/2288] credit 1583  2026-07-03  n=40  ZD562C¡­ZH500B
    saved ok=40 no_data=0  credits_used=1583/2288
[1584/2288] credit 1584  2026-07-03  n=40  ZH718B¡­ZM703A
    saved ok=40 no_data=0  credits_used=1584/2288
[1585/2288] credit 1585  2026-07-03  n=40  ZM840B¡­ZU505C
    saved ok=40 no_data=0  credits_used=1585/2288
[1586/2288] credit 1586  2026-07-03  n=38  ZU679A¡­ZZ559A
    saved ok=38 no_data=0  credits_used=1586/2288
[1587/2288] credit 1587  2026-06-26  n=40  09408B¡­ABM47A
    saved ok=40 no_data=0  credits_used=1587/2288
[1588/2288] credit 1588  2026-06-26  n=40  ABW07C¡­AEC63A
    saved ok=40 no_data=0  credits_used=1588/2288
[1589/2288] credit 1589  2026-06-26  n=40  AEC63B¡­AGT75A
    saved ok=40 no_data=0  credits_used=1589/2288
[1590/2288] credit 1590  2026-06-26  n=40  AGW96A¡­AJH39B
    saved ok=40 no_data=0  credits_used=1590/2288
[1591/2288] credit 1591  2026-06-26  n=40  AJH73A¡­AMD36B
    saved ok=40 no_data=0  credits_used=1591/2288
[1592/2288] credit 1592  2026-06-26  n=40  AMD75B¡­APB36D
    saved ok=40 no_data=0  credits_used=1592/2288
[1593/2288] credit 1593  2026-06-26  n=40  APB60A¡­ARF85A
    saved ok=40 no_data=0  credits_used=1593/2288
[1594/2288] credit 1594  2026-06-26  n=40  ARG15C¡­ASQ68B
    saved ok=40 no_data=0  credits_used=1594/2288
[1595/2288] credit 1595  2026-06-26  n=40  ASQ92A¡­AUU93A
    saved ok=40 no_data=0  credits_used=1595/2288
[1596/2288] credit 1596  2026-06-26  n=40  AUV11B¡­AWM40B
    saved ok=40 no_data=0  credits_used=1596/2288
[1597/2288] credit 1597  2026-06-26  n=40  AWM47B¡­AXY43B
    saved ok=40 no_data=0  credits_used=1597/2288
[1598/2288] credit 1598  2026-06-26  n=40  AXZ82B¡­AZL07A
    saved ok=40 no_data=0  credits_used=1598/2288
[1599/2288] credit 1599  2026-06-26  n=40  AZL07B¡­B7761B
    saved ok=40 no_data=0  credits_used=1599/2288
[1600/2288] credit 1600  2026-06-26  n=40  B7849A¡­BBR60B
    saved ok=40 no_data=0  credits_used=1600/2288
[1601/2288] credit 1601  2026-06-26  n=40  BBR63A¡­BDK81B
    saved ok=40 no_data=0  credits_used=1601/2288
[1602/2288] credit 1602  2026-06-26  n=40  BDM00A¡­BGU32B
    saved ok=40 no_data=0  credits_used=1602/2288
[1603/2288] credit 1603  2026-06-26  n=40  BGU63C¡­ED534B
    saved ok=40 no_data=0  credits_used=1603/2288
[1604/2288] credit 1604  2026-06-26  n=40  EE237A¡­GK158A
    saved ok=40 no_data=0  credits_used=1604/2288
[1605/2288] credit 1605  2026-06-26  n=40  GK298B¡­JJ010B
    saved ok=40 no_data=0  credits_used=1605/2288
[1606/2288] credit 1606  2026-06-26  n=40  JJ377A¡­JZ451A
    saved ok=40 no_data=0  credits_used=1606/2288
[1607/2288] credit 1607  2026-06-26  n=40  K2476B¡­LW084B
    saved ok=40 no_data=0  credits_used=1607/2288
[1608/2288] credit 1608  2026-06-26  n=40  LW259B¡­NH136A
    saved ok=40 no_data=0  credits_used=1608/2288
[1609/2288] credit 1609  2026-06-26  n=40  NJ871A¡­QD240B
    saved ok=40 no_data=0  credits_used=1609/2288
[1610/2288] credit 1610  2026-06-26  n=40  QD279A¡­QT524A
    saved ok=40 no_data=0  credits_used=1610/2288
[1611/2288] credit 1611  2026-06-26  n=40  QT644A¡­S21207
    saved ok=40 no_data=0  credits_used=1611/2288
[1612/2288] credit 1612  2026-06-26  n=40  S21455¡­S29011
    saved ok=40 no_data=0  credits_used=1612/2288
[1613/2288] credit 1613  2026-06-26  n=40  S29015¡­S6631D
    saved ok=40 no_data=0  credits_used=1613/2288
[1614/2288] credit 1614  2026-06-26  n=40  S66725¡­SAAA54
    saved ok=40 no_data=0  credits_used=1614/2288
[1615/2288] credit 1615  2026-06-26  n=40  SAAA70¡­SABF57
    saved ok=40 no_data=0  credits_used=1615/2288
[1616/2288] credit 1616  2026-06-26  n=40  SABF69¡­SACX02
    saved ok=40 no_data=0  credits_used=1616/2288
[1617/2288] credit 1617  2026-06-26  n=40  SACX43¡­SAEC00
    saved ok=40 no_data=0  credits_used=1617/2288
[1618/2288] credit 1618  2026-06-26  n=40  SAEC44¡­SAFN51
    saved ok=40 no_data=0  credits_used=1618/2288
[1619/2288] credit 1619  2026-06-26  n=40  SAFN72¡­SAGJ15
    saved ok=40 no_data=0  credits_used=1619/2288
[1620/2288] credit 1620  2026-06-26  n=40  SAGJ34¡­SAHJ51
    saved ok=40 no_data=0  credits_used=1620/2288
[1621/2288] credit 1621  2026-06-26  n=40  SAHJ80¡­SAJC94
    saved ok=40 no_data=0  credits_used=1621/2288
[1622/2288] credit 1622  2026-06-26  n=40  SAJE03¡­SAKA01
    saved ok=40 no_data=0  credits_used=1622/2288
[1623/2288] credit 1623  2026-06-26  n=40  SAKA87¡­SALF95
    saved ok=40 no_data=0  credits_used=1623/2288
[1624/2288] credit 1624  2026-06-26  n=40  SALH01¡­SAML37
    saved ok=40 no_data=0  credits_used=1624/2288
[1625/2288] credit 1625  2026-06-26  n=40  SAML97¡­SANQ03
    saved ok=40 no_data=0  credits_used=1625/2288
[1626/2288] credit 1626  2026-06-26  n=40  SANQ29¡­SAPV83
    saved ok=40 no_data=0  credits_used=1626/2288
[1627/2288] credit 1627  2026-06-26  n=40  SAPV86¡­SAQX20
    saved ok=40 no_data=0  credits_used=1627/2288
[1628/2288] credit 1628  2026-06-26  n=40  SAQX48¡­SARY15
    saved ok=40 no_data=0  credits_used=1628/2288
[1629/2288] credit 1629  2026-06-26  n=40  SARY47¡­SASS75
    saved ok=40 no_data=0  credits_used=1629/2288
[1630/2288] credit 1630  2026-06-26  n=40  SAST77¡­SATQ85
    saved ok=40 no_data=0  credits_used=1630/2288
[1631/2288] credit 1631  2026-06-26  n=40  SATQ87¡­SAUL35
    saved ok=40 no_data=0  credits_used=1631/2288
[1632/2288] credit 1632  2026-06-26  n=40  SAUL37¡­SAVA93
    saved ok=40 no_data=0  credits_used=1632/2288
[1633/2288] credit 1633  2026-06-26  n=40  SAVA99¡­SAVY63
    saved ok=40 no_data=0  credits_used=1633/2288
[1634/2288] credit 1634  2026-06-26  n=40  SAVY66¡­SAWV46
    saved ok=40 no_data=0  credits_used=1634/2288
[1635/2288] credit 1635  2026-06-26  n=40  SAWV51¡­SAXQ73
    saved ok=40 no_data=0  credits_used=1635/2288
[1636/2288] credit 1636  2026-06-26  n=40  SAXR05¡­SAYQ74
    saved ok=40 no_data=0  credits_used=1636/2288
[1637/2288] credit 1637  2026-06-26  n=40  SAYQ82¡­SAZL29
    saved ok=40 no_data=0  credits_used=1637/2288
[1638/2288] credit 1638  2026-06-26  n=40  SAZL50¡­SB1385
    saved ok=40 no_data=0  credits_used=1638/2288
[1639/2288] credit 1639  2026-06-26  n=40  SB1404¡­SB5007
    saved ok=39 no_data=1  credits_used=1639/2288
[1640/2288] credit 1640  2026-06-26  n=40  SB5120¡­SB8962
    saved ok=40 no_data=0  credits_used=1640/2288
[1641/2288] credit 1641  2026-06-26  n=40  SB9075¡­SBAJ07
    saved ok=40 no_data=0  credits_used=1641/2288
[1642/2288] credit 1642  2026-06-26  n=40  SBAK72¡­SBBR92
    saved ok=40 no_data=0  credits_used=1642/2288
[1643/2288] credit 1643  2026-06-26  n=40  SBBR95¡­SBCW83
    saved ok=40 no_data=0  credits_used=1643/2288
[1644/2288] credit 1644  2026-06-26  n=40  SBCX26¡­SBDR09
    saved ok=40 no_data=0  credits_used=1644/2288
[1645/2288] credit 1645  2026-06-26  n=40  SBDS06¡­SBEU88
    saved ok=40 no_data=0  credits_used=1645/2288
[1646/2288] credit 1646  2026-06-26  n=40  SBEV47¡­SBFW75
    saved ok=40 no_data=0  credits_used=1646/2288
[1647/2288] credit 1647  2026-06-26  n=40  SBFY61¡­SBHN21
    saved ok=40 no_data=0  credits_used=1647/2288
[1648/2288] credit 1648  2026-06-26  n=40  SBHP50¡­SBNB03
    saved ok=36 no_data=4  credits_used=1648/2288
[1649/2288] credit 1649  2026-06-26  n=40  SBNB04¡­SCD010
    saved ok=33 no_data=7  credits_used=1649/2288
[1650/2288] credit 1650  2026-06-26  n=40  SCD071¡­SCL386
    saved ok=40 no_data=0  credits_used=1650/2288
[1651/2288] credit 1651  2026-06-26  n=40  SCL614¡­SCT532
    saved ok=40 no_data=0  credits_used=1651/2288
[1652/2288] credit 1652  2026-06-26  n=40  SCT628¡­SD9395
    saved ok=40 no_data=0  credits_used=1652/2288
[1653/2288] credit 1653  2026-06-26  n=40  SE3010¡­SEE500
    saved ok=40 no_data=0  credits_used=1653/2288
[1654/2288] credit 1654  2026-06-26  n=40  SEE785¡­SEN798
    saved ok=40 no_data=0  credits_used=1654/2288
[1655/2288] credit 1655  2026-06-26  n=40  SEN942¡­SEV048
    saved ok=40 no_data=0  credits_used=1655/2288
[1656/2288] credit 1656  2026-06-26  n=40  SEV061¡­SF190A
    saved ok=40 no_data=0  credits_used=1656/2288
[1657/2288] credit 1657  2026-06-26  n=40  SF240A¡­SGD334
    saved ok=40 no_data=0  credits_used=1657/2288
[1658/2288] credit 1658  2026-06-26  n=40  SGD441¡­SGH439
    saved ok=40 no_data=0  credits_used=1658/2288
[1659/2288] credit 1659  2026-06-26  n=40  SGH506¡­SGN354
    saved ok=40 no_data=0  credits_used=1659/2288
[1660/2288] credit 1660  2026-06-26  n=40  SGN405¡­SGT477
    saved ok=40 no_data=0  credits_used=1660/2288
[1661/2288] credit 1661  2026-06-26  n=40  SGT524¡­SGZ152
    saved ok=40 no_data=0  credits_used=1661/2288
[1662/2288] credit 1662  2026-06-26  n=40  SGZ270¡­SJA891
    saved ok=40 no_data=0  credits_used=1662/2288
[1663/2288] credit 1663  2026-06-26  n=40  SJB356¡­SJE908
    saved ok=40 no_data=0  credits_used=1663/2288
[1664/2288] credit 1664  2026-06-26  n=40  SJE916¡­SJK069
    saved ok=40 no_data=0  credits_used=1664/2288
[1665/2288] credit 1665  2026-06-26  n=40  SJK160¡­SJN647
    saved ok=40 no_data=0  credits_used=1665/2288
[1666/2288] credit 1666  2026-06-26  n=40  SJN756¡­SJR670
    saved ok=40 no_data=0  credits_used=1666/2288
[1667/2288] credit 1667  2026-06-26  n=40  SJR869¡­SJV039
    saved ok=40 no_data=0  credits_used=1667/2288
[1668/2288] credit 1668  2026-06-26  n=40  SJV058¡­SJY813
    saved ok=40 no_data=0  credits_used=1668/2288
[1669/2288] credit 1669  2026-06-26  n=40  SJY819¡­SL9300
    saved ok=40 no_data=0  credits_used=1669/2288
[1670/2288] credit 1670  2026-06-26  n=40  SL9362¡­SLD035
    saved ok=40 no_data=0  credits_used=1670/2288
[1671/2288] credit 1671  2026-06-26  n=40  SLD047¡­SLK466
    saved ok=40 no_data=0  credits_used=1671/2288
[1672/2288] credit 1672  2026-06-26  n=40  SLK572¡­SLP836
    saved ok=40 no_data=0  credits_used=1672/2288
[1673/2288] credit 1673  2026-06-26  n=40  SLP969¡­SLU887
    saved ok=39 no_data=1  credits_used=1673/2288
[1674/2288] credit 1674  2026-06-26  n=40  SLV002¡­SLZ317
    saved ok=40 no_data=0  credits_used=1674/2288
[1675/2288] credit 1675  2026-06-26  n=40  SLZ639¡­SN7404
    saved ok=40 no_data=0  credits_used=1675/2288
[1676/2288] credit 1676  2026-06-26  n=40  SN7410¡­SND945
    saved ok=40 no_data=0  credits_used=1676/2288
[1677/2288] credit 1677  2026-06-26  n=40  SND961¡­SNK022
    saved ok=40 no_data=0  credits_used=1677/2288
[1678/2288] credit 1678  2026-06-26  n=40  SNK036¡­SNN161
    saved ok=40 no_data=0  credits_used=1678/2288
[1679/2288] credit 1679  2026-06-26  n=40  SNN233¡­SNR656
    saved ok=40 no_data=0  credits_used=1679/2288
[1680/2288] credit 1680  2026-06-26  n=40  SNR680¡­SNU300
    saved ok=40 no_data=0  credits_used=1680/2288
[1681/2288] credit 1681  2026-06-26  n=40  SNU335¡­SNY352
    saved ok=40 no_data=0  credits_used=1681/2288
[1682/2288] credit 1682  2026-06-26  n=40  SNY392¡­SQD008
    saved ok=40 no_data=0  credits_used=1682/2288
[1683/2288] credit 1683  2026-06-26  n=40  SQD037¡­SQF658
    saved ok=40 no_data=0  credits_used=1683/2288
[1684/2288] credit 1684  2026-06-26  n=40  SQF705¡­SQK108
    saved ok=39 no_data=1  credits_used=1684/2288
[1685/2288] credit 1685  2026-06-26  n=40  SQK312¡­SQN972
    saved ok=40 no_data=0  credits_used=1685/2288
[1686/2288] credit 1686  2026-06-26  n=40  SQP037¡­SQR955
    saved ok=40 no_data=0  credits_used=1686/2288
[1687/2288] credit 1687  2026-06-26  n=40  SQR957¡­SQV390
    saved ok=40 no_data=0  credits_used=1687/2288
[1688/2288] credit 1688  2026-06-26  n=40  SQV391¡­SQZ902
    saved ok=40 no_data=0  credits_used=1688/2288
[1689/2288] credit 1689  2026-06-26  n=40  SR0593¡­SS1978
    saved ok=40 no_data=0  credits_used=1689/2288
[1690/2288] credit 1690  2026-06-26  n=40  SS2539¡­SS9214
    saved ok=40 no_data=0  credits_used=1690/2288
[1691/2288] credit 1691  2026-06-26  n=40  SS9249¡­SSD850
    saved ok=40 no_data=0  credits_used=1691/2288
[1692/2288] credit 1692  2026-06-26  n=40  SSD863¡­SSH642
    saved ok=40 no_data=0  credits_used=1692/2288
[1693/2288] credit 1693  2026-06-26  n=40  SSH709¡­SSM019
    saved ok=40 no_data=0  credits_used=1693/2288
[1694/2288] credit 1694  2026-06-26  n=40  SSM021¡­SSQ441
    saved ok=40 no_data=0  credits_used=1694/2288
[1695/2288] credit 1695  2026-06-26  n=40  SSQ460¡­SSU593
    saved ok=40 no_data=0  credits_used=1695/2288
[1696/2288] credit 1696  2026-06-26  n=40  SSU654¡­SSY171
    saved ok=40 no_data=0  credits_used=1696/2288
[1697/2288] credit 1697  2026-06-26  n=40  SSY172¡­ST3331
    saved ok=40 no_data=0  credits_used=1697/2288
[1698/2288] credit 1698  2026-06-26  n=40  ST3765¡­STA888
    saved ok=40 no_data=0  credits_used=1698/2288
[1699/2288] credit 1699  2026-06-26  n=40  STB005¡­STD991
    saved ok=40 no_data=0  credits_used=1699/2288
[1700/2288] credit 1700  2026-06-26  n=40  STE176¡­STG855
    saved ok=39 no_data=1  credits_used=1700/2288
[1701/2288] credit 1701  2026-06-26  n=40  STG876¡­STK890
    saved ok=40 no_data=0  credits_used=1701/2288
[1702/2288] credit 1702  2026-06-26  n=40  STK984¡­STN806
    saved ok=39 no_data=1  credits_used=1702/2288
[1703/2288] credit 1703  2026-06-26  n=40  STN945¡­STR598
    saved ok=40 no_data=0  credits_used=1703/2288
[1704/2288] credit 1704  2026-06-26  n=40  STR681¡­STT909
    saved ok=39 no_data=1  credits_used=1704/2288
[1705/2288] credit 1705  2026-06-26  n=40  STT953¡­STW065
    saved ok=40 no_data=0  credits_used=1705/2288
[1706/2288] credit 1706  2026-06-26  n=40  STW067¡­STX635
    saved ok=40 no_data=0  credits_used=1706/2288
[1707/2288] credit 1707  2026-06-26  n=40  STX649¡­SU763B
    saved ok=40 no_data=0  credits_used=1707/2288
[1708/2288] credit 1708  2026-06-26  n=40  SU836A¡­SVB801
    saved ok=40 no_data=0  credits_used=1708/2288
[1709/2288] credit 1709  2026-06-26  n=40  SVB806¡­SVE373
    saved ok=40 no_data=0  credits_used=1709/2288
[1710/2288] credit 1710  2026-06-26  n=40  SVE401¡­SVG669
    saved ok=40 no_data=0  credits_used=1710/2288
[1711/2288] credit 1711  2026-06-26  n=40  SVG705¡­SVJ726
    saved ok=40 no_data=0  credits_used=1711/2288
[1712/2288] credit 1712  2026-06-26  n=40  SVJ861¡­SVM234
    saved ok=40 no_data=0  credits_used=1712/2288
[1713/2288] credit 1713  2026-06-26  n=40  SVM265¡­SVP161
    saved ok=39 no_data=1  credits_used=1713/2288
[1714/2288] credit 1714  2026-06-26  n=40  SVP162¡­SVS255
    saved ok=39 no_data=1  credits_used=1714/2288
[1715/2288] credit 1715  2026-06-26  n=40  SVS353¡­SVU600
    saved ok=40 no_data=0  credits_used=1715/2288
[1716/2288] credit 1716  2026-06-26  n=40  SVU644¡­SVX066
    saved ok=39 no_data=1  credits_used=1716/2288
[1717/2288] credit 1717  2026-06-26  n=40  SVX212¡­SVZ466
    saved ok=40 no_data=0  credits_used=1717/2288
[1718/2288] credit 1718  2026-06-26  n=40  SVZ484¡­SW5334
    saved ok=40 no_data=0  credits_used=1718/2288
[1719/2288] credit 1719  2026-06-26  n=40  SW544C¡­SX3183
    saved ok=40 no_data=0  credits_used=1719/2288
[1720/2288] credit 1720  2026-06-26  n=40  SX3297¡­SXA133
    saved ok=40 no_data=0  credits_used=1720/2288
[1721/2288] credit 1721  2026-06-26  n=40  SXA180¡­SXC726
    saved ok=39 no_data=1  credits_used=1721/2288
[1722/2288] credit 1722  2026-06-26  n=40  SXC749¡­SXE510
    saved ok=40 no_data=0  credits_used=1722/2288
[1723/2288] credit 1723  2026-06-26  n=40  SXE596¡­SXG455
    saved ok=40 no_data=0  credits_used=1723/2288
[1724/2288] credit 1724  2026-06-26  n=40  SXG518¡­SXJ944
    saved ok=40 no_data=0  credits_used=1724/2288
[1725/2288] credit 1725  2026-06-26  n=40  SXJ965¡­SXM021
    saved ok=40 no_data=0  credits_used=1725/2288
[1726/2288] credit 1726  2026-06-26  n=40  SXM072¡­SXP624
    saved ok=39 no_data=1  credits_used=1726/2288
[1727/2288] credit 1727  2026-06-26  n=40  SXP634¡­SXS476
    saved ok=40 no_data=0  credits_used=1727/2288
[1728/2288] credit 1728  2026-06-26  n=40  SXS759¡­SXU990
    saved ok=40 no_data=0  credits_used=1728/2288
[1729/2288] credit 1729  2026-06-26  n=40  SXU992¡­SXW847
    saved ok=40 no_data=0  credits_used=1729/2288
[1730/2288] credit 1730  2026-06-26  n=40  SXW913¡­SXY897
    saved ok=40 no_data=0  credits_used=1730/2288
[1731/2288] credit 1731  2026-06-26  n=40  SXY898¡­SY3055
    saved ok=40 no_data=0  credits_used=1731/2288
[1732/2288] credit 1732  2026-06-26  n=40  SY3184¡­SY9620
    saved ok=39 no_data=1  credits_used=1732/2288
[1733/2288] credit 1733  2026-06-26  n=40  SY9789¡­SZB527
    saved ok=40 no_data=0  credits_used=1733/2288
[1734/2288] credit 1734  2026-06-26  n=40  SZB647¡­SZD686
    saved ok=40 no_data=0  credits_used=1734/2288
[1735/2288] credit 1735  2026-06-26  n=40  SZD703¡­SZF526
    saved ok=40 no_data=0  credits_used=1735/2288
[1736/2288] credit 1736  2026-06-26  n=40  SZF534¡­SZH498
    saved ok=40 no_data=0  credits_used=1736/2288
[1737/2288] credit 1737  2026-06-26  n=40  SZH566¡­SZK008
    saved ok=39 no_data=1  credits_used=1737/2288
[1738/2288] credit 1738  2026-06-26  n=40  SZK011¡­SZL760
    saved ok=40 no_data=0  credits_used=1738/2288
[1739/2288] credit 1739  2026-06-26  n=40  SZL921¡­SZN734
    saved ok=40 no_data=0  credits_used=1739/2288
[1740/2288] credit 1740  2026-06-26  n=40  SZN758¡­SZR097
    saved ok=40 no_data=0  credits_used=1740/2288
[1741/2288] credit 1741  2026-06-26  n=40  SZR155¡­SZS825
    saved ok=40 no_data=0  credits_used=1741/2288
[1742/2288] credit 1742  2026-06-26  n=40  SZT016¡­SZU975
    saved ok=40 no_data=0  credits_used=1742/2288
[1743/2288] credit 1743  2026-06-26  n=40  SZU999¡­SZW784
    saved ok=40 no_data=0  credits_used=1743/2288
[1744/2288] credit 1744  2026-06-26  n=40  SZW804¡­SZZ052
    saved ok=39 no_data=1  credits_used=1744/2288
[1745/2288] credit 1745  2026-06-26  n=40  SZZ115¡­TH632A
    saved ok=40 no_data=0  credits_used=1745/2288
[1746/2288] credit 1746  2026-06-26  n=40  TH634A¡­TS204B
    saved ok=40 no_data=0  credits_used=1746/2288
[1747/2288] credit 1747  2026-06-26  n=40  TS422B¡­TW985B
    saved ok=40 no_data=0  credits_used=1747/2288
[1748/2288] credit 1748  2026-06-26  n=40  TX072B¡­VD108B
    saved ok=40 no_data=0  credits_used=1748/2288
[1749/2288] credit 1749  2026-06-26  n=40  VD130A¡­VK200C
    saved ok=40 no_data=0  credits_used=1749/2288
[1750/2288] credit 1750  2026-06-26  n=40  VK241B¡­VQ499C
    saved ok=40 no_data=0  credits_used=1750/2288
[1751/2288] credit 1751  2026-06-26  n=40  VQ537A¡­VY692A
    saved ok=40 no_data=0  credits_used=1751/2288
[1752/2288] credit 1752  2026-06-26  n=40  VY692B¡­X9002B
    saved ok=40 no_data=0  credits_used=1752/2288
[1753/2288] credit 1753  2026-06-26  n=40  X9589B¡­XE627A
    saved ok=39 no_data=1  credits_used=1753/2288
[1754/2288] credit 1754  2026-06-26  n=40  XE628B¡­XL167A
    saved ok=40 no_data=0  credits_used=1754/2288
[1755/2288] credit 1755  2026-06-26  n=40  XL620C¡­XU400B
    saved ok=40 no_data=0  credits_used=1755/2288
[1756/2288] credit 1756  2026-06-26  n=40  XU501A¡­Y0096A
    saved ok=40 no_data=0  credits_used=1756/2288
[1757/2288] credit 1757  2026-06-26  n=40  Y1194B¡­ZD352A
    saved ok=40 no_data=0  credits_used=1757/2288
[1758/2288] credit 1758  2026-06-26  n=40  ZD562C¡­ZH500B
    saved ok=40 no_data=0  credits_used=1758/2288
[1759/2288] credit 1759  2026-06-26  n=40  ZH718B¡­ZM703A
    saved ok=40 no_data=0  credits_used=1759/2288
[1760/2288] credit 1760  2026-06-26  n=40  ZM840B¡­ZU505C
    saved ok=40 no_data=0  credits_used=1760/2288
[1761/2288] credit 1761  2026-06-26  n=38  ZU679A¡­ZZ559A
    saved ok=38 no_data=0  credits_used=1761/2288
[1762/2288] credit 1762  2026-06-12  n=40  09408B¡­ABM47A
    saved ok=40 no_data=0  credits_used=1762/2288
[1763/2288] credit 1763  2026-06-12  n=40  ABW07C¡­AEC63A
    saved ok=40 no_data=0  credits_used=1763/2288
[1764/2288] credit 1764  2026-06-12  n=40  AEC63B¡­AGT75A
    saved ok=40 no_data=0  credits_used=1764/2288
[1765/2288] credit 1765  2026-06-12  n=40  AGW96A¡­AJH39B
    saved ok=40 no_data=0  credits_used=1765/2288
[1766/2288] credit 1766  2026-06-12  n=40  AJH73A¡­AMD36B
    saved ok=40 no_data=0  credits_used=1766/2288
[1767/2288] credit 1767  2026-06-12  n=40  AMD75B¡­APB36D
    saved ok=40 no_data=0  credits_used=1767/2288
[1768/2288] credit 1768  2026-06-12  n=40  APB60A¡­ARF85A
    saved ok=40 no_data=0  credits_used=1768/2288
[1769/2288] credit 1769  2026-06-12  n=40  ARG15C¡­ASQ68B
    saved ok=40 no_data=0  credits_used=1769/2288
[1770/2288] credit 1770  2026-06-12  n=40  ASQ92A¡­AUU93A
    saved ok=40 no_data=0  credits_used=1770/2288
[1771/2288] credit 1771  2026-06-12  n=40  AUV11B¡­AWM40B
    saved ok=40 no_data=0  credits_used=1771/2288
[1772/2288] credit 1772  2026-06-12  n=40  AWM47B¡­AXY43B
    saved ok=40 no_data=0  credits_used=1772/2288
[1773/2288] credit 1773  2026-06-12  n=40  AXZ82B¡­AZL07A
    saved ok=40 no_data=0  credits_used=1773/2288
[1774/2288] credit 1774  2026-06-12  n=40  AZL07B¡­B7761B
    saved ok=40 no_data=0  credits_used=1774/2288
[1775/2288] credit 1775  2026-06-12  n=40  B7849A¡­BBR60B
    saved ok=40 no_data=0  credits_used=1775/2288
[1776/2288] credit 1776  2026-06-12  n=40  BBR63A¡­BDK81B
    saved ok=40 no_data=0  credits_used=1776/2288
[1777/2288] credit 1777  2026-06-12  n=40  BDM00A¡­BGU32B
    saved ok=40 no_data=0  credits_used=1777/2288
[1778/2288] credit 1778  2026-06-12  n=40  BGU63C¡­ED534B
    saved ok=40 no_data=0  credits_used=1778/2288
[1779/2288] credit 1779  2026-06-12  n=40  EE237A¡­GK158A
    saved ok=40 no_data=0  credits_used=1779/2288
[1780/2288] credit 1780  2026-06-12  n=40  GK298B¡­JJ010B
    saved ok=40 no_data=0  credits_used=1780/2288
[1781/2288] credit 1781  2026-06-12  n=40  JJ377A¡­JZ451A
    saved ok=40 no_data=0  credits_used=1781/2288
[1782/2288] credit 1782  2026-06-12  n=40  K2476B¡­LW084B
    saved ok=40 no_data=0  credits_used=1782/2288
[1783/2288] credit 1783  2026-06-12  n=40  LW259B¡­NH136A
    saved ok=39 no_data=1  credits_used=1783/2288
[1784/2288] credit 1784  2026-06-12  n=40  NJ871A¡­QD240B
    saved ok=40 no_data=0  credits_used=1784/2288
[1785/2288] credit 1785  2026-06-12  n=40  QD279A¡­QT524A
    saved ok=40 no_data=0  credits_used=1785/2288
[1786/2288] credit 1786  2026-06-12  n=40  QT644A¡­S21207
    saved ok=39 no_data=1  credits_used=1786/2288
[1787/2288] credit 1787  2026-06-12  n=40  S21455¡­S29011
    saved ok=40 no_data=0  credits_used=1787/2288
[1788/2288] credit 1788  2026-06-12  n=40  S29015¡­S6631D
    saved ok=40 no_data=0  credits_used=1788/2288
[1789/2288] credit 1789  2026-06-12  n=40  S66725¡­SAAA54
    saved ok=40 no_data=0  credits_used=1789/2288
[1790/2288] credit 1790  2026-06-12  n=40  SAAA70¡­SABF57
    saved ok=40 no_data=0  credits_used=1790/2288
[1791/2288] credit 1791  2026-06-12  n=40  SABF69¡­SACX02
    saved ok=39 no_data=1  credits_used=1791/2288
[1792/2288] credit 1792  2026-06-12  n=40  SACX43¡­SAEC00
    saved ok=40 no_data=0  credits_used=1792/2288
[1793/2288] credit 1793  2026-06-12  n=40  SAEC44¡­SAFN51
    saved ok=40 no_data=0  credits_used=1793/2288
[1794/2288] credit 1794  2026-06-12  n=40  SAFN72¡­SAGJ15
    saved ok=40 no_data=0  credits_used=1794/2288
[1795/2288] credit 1795  2026-06-12  n=40  SAGJ34¡­SAHJ51
    saved ok=40 no_data=0  credits_used=1795/2288
[1796/2288] credit 1796  2026-06-12  n=40  SAHJ80¡­SAJC94
    saved ok=40 no_data=0  credits_used=1796/2288
[1797/2288] credit 1797  2026-06-12  n=40  SAJE03¡­SAKA01
    saved ok=40 no_data=0  credits_used=1797/2288
[1798/2288] credit 1798  2026-06-12  n=40  SAKA87¡­SALF95
    saved ok=40 no_data=0  credits_used=1798/2288
[1799/2288] credit 1799  2026-06-12  n=40  SALH01¡­SAML37
    saved ok=40 no_data=0  credits_used=1799/2288
[1800/2288] credit 1800  2026-06-12  n=40  SAML97¡­SANQ03
    saved ok=40 no_data=0  credits_used=1800/2288
[1801/2288] credit 1801  2026-06-12  n=40  SANQ29¡­SAPV83
    saved ok=40 no_data=0  credits_used=1801/2288
[1802/2288] credit 1802  2026-06-12  n=40  SAPV86¡­SAQX20
    saved ok=40 no_data=0  credits_used=1802/2288
[1803/2288] credit 1803  2026-06-12  n=40  SAQX48¡­SARY15
    saved ok=40 no_data=0  credits_used=1803/2288
[1804/2288] credit 1804  2026-06-12  n=40  SARY47¡­SASS75
    saved ok=40 no_data=0  credits_used=1804/2288
[1805/2288] credit 1805  2026-06-12  n=40  SAST77¡­SATQ85
    saved ok=40 no_data=0  credits_used=1805/2288
[1806/2288] credit 1806  2026-06-12  n=40  SATQ87¡­SAUL35
    saved ok=40 no_data=0  credits_used=1806/2288
[1807/2288] credit 1807  2026-06-12  n=40  SAUL37¡­SAVA93
    saved ok=40 no_data=0  credits_used=1807/2288
[1808/2288] credit 1808  2026-06-12  n=40  SAVA99¡­SAVY63
    saved ok=40 no_data=0  credits_used=1808/2288
[1809/2288] credit 1809  2026-06-12  n=40  SAVY66¡­SAWV46
    saved ok=40 no_data=0  credits_used=1809/2288
[1810/2288] credit 1810  2026-06-12  n=40  SAWV51¡­SAXQ73
    saved ok=40 no_data=0  credits_used=1810/2288
[1811/2288] credit 1811  2026-06-12  n=40  SAXR05¡­SAYQ74
    saved ok=40 no_data=0  credits_used=1811/2288
[1812/2288] credit 1812  2026-06-12  n=40  SAYQ82¡­SAZL29
    saved ok=40 no_data=0  credits_used=1812/2288
[1813/2288] credit 1813  2026-06-12  n=40  SAZL50¡­SB1385
    saved ok=40 no_data=0  credits_used=1813/2288
[1814/2288] credit 1814  2026-06-12  n=40  SB1404¡­SB5007
    saved ok=40 no_data=0  credits_used=1814/2288
[1815/2288] credit 1815  2026-06-12  n=40  SB5120¡­SB8962
    saved ok=40 no_data=0  credits_used=1815/2288
[1816/2288] credit 1816  2026-06-12  n=40  SB9075¡­SBAJ07
    saved ok=40 no_data=0  credits_used=1816/2288
[1817/2288] credit 1817  2026-06-12  n=40  SBAK72¡­SBBR92
    saved ok=40 no_data=0  credits_used=1817/2288
[1818/2288] credit 1818  2026-06-12  n=40  SBBR95¡­SBCW83
    saved ok=40 no_data=0  credits_used=1818/2288
[1819/2288] credit 1819  2026-06-12  n=40  SBCX26¡­SBDR09
    saved ok=40 no_data=0  credits_used=1819/2288
[1820/2288] credit 1820  2026-06-12  n=40  SBDS06¡­SBEU88
    saved ok=40 no_data=0  credits_used=1820/2288
[1821/2288] credit 1821  2026-06-12  n=40  SBEV47¡­SBFW75
    saved ok=40 no_data=0  credits_used=1821/2288
[1822/2288] credit 1822  2026-06-12  n=40  SBFY61¡­SBHN21
    saved ok=40 no_data=0  credits_used=1822/2288
[1823/2288] credit 1823  2026-06-12  n=40  SBHP50¡­SBNB03
    saved ok=36 no_data=4  credits_used=1823/2288
[1824/2288] credit 1824  2026-06-12  n=40  SBNB04¡­SCD010
    saved ok=33 no_data=7  credits_used=1824/2288
[1825/2288] credit 1825  2026-06-12  n=40  SCD071¡­SCL386
    saved ok=40 no_data=0  credits_used=1825/2288
[1826/2288] credit 1826  2026-06-12  n=40  SCL614¡­SCT532
    saved ok=40 no_data=0  credits_used=1826/2288
[1827/2288] credit 1827  2026-06-12  n=40  SCT628¡­SD9395
    saved ok=40 no_data=0  credits_used=1827/2288
[1828/2288] credit 1828  2026-06-12  n=40  SE3010¡­SEE500
    saved ok=40 no_data=0  credits_used=1828/2288
[1829/2288] credit 1829  2026-06-12  n=40  SEE785¡­SEN798
    saved ok=40 no_data=0  credits_used=1829/2288
[1830/2288] credit 1830  2026-06-12  n=40  SEN942¡­SEV048
    saved ok=40 no_data=0  credits_used=1830/2288
[1831/2288] credit 1831  2026-06-12  n=40  SEV061¡­SF190A
    saved ok=40 no_data=0  credits_used=1831/2288
[1832/2288] credit 1832  2026-06-12  n=40  SF240A¡­SGD334
    saved ok=40 no_data=0  credits_used=1832/2288
[1833/2288] credit 1833  2026-06-12  n=40  SGD441¡­SGH439
    saved ok=40 no_data=0  credits_used=1833/2288
[1834/2288] credit 1834  2026-06-12  n=40  SGH506¡­SGN354
    saved ok=40 no_data=0  credits_used=1834/2288
[1835/2288] credit 1835  2026-06-12  n=40  SGN405¡­SGT477
    saved ok=40 no_data=0  credits_used=1835/2288
[1836/2288] credit 1836  2026-06-12  n=40  SGT524¡­SGZ152
    saved ok=40 no_data=0  credits_used=1836/2288
[1837/2288] credit 1837  2026-06-12  n=40  SGZ270¡­SJA891
    saved ok=40 no_data=0  credits_used=1837/2288
[1838/2288] credit 1838  2026-06-12  n=40  SJB356¡­SJE908
    saved ok=40 no_data=0  credits_used=1838/2288
[1839/2288] credit 1839  2026-06-12  n=40  SJE916¡­SJK069
    saved ok=40 no_data=0  credits_used=1839/2288
[1840/2288] credit 1840  2026-06-12  n=40  SJK160¡­SJN647
    saved ok=40 no_data=0  credits_used=1840/2288
[1841/2288] credit 1841  2026-06-12  n=40  SJN756¡­SJR670
    saved ok=40 no_data=0  credits_used=1841/2288
[1842/2288] credit 1842  2026-06-12  n=40  SJR869¡­SJV039
    saved ok=40 no_data=0  credits_used=1842/2288
[1843/2288] credit 1843  2026-06-12  n=40  SJV058¡­SJY813
    saved ok=40 no_data=0  credits_used=1843/2288
[1844/2288] credit 1844  2026-06-12  n=40  SJY819¡­SL9300
    saved ok=40 no_data=0  credits_used=1844/2288
[1845/2288] credit 1845  2026-06-12  n=40  SL9362¡­SLD035
    saved ok=40 no_data=0  credits_used=1845/2288
[1846/2288] credit 1846  2026-06-12  n=40  SLD047¡­SLK466
    saved ok=40 no_data=0  credits_used=1846/2288
[1847/2288] credit 1847  2026-06-12  n=40  SLK572¡­SLP836
    saved ok=40 no_data=0  credits_used=1847/2288
[1848/2288] credit 1848  2026-06-12  n=40  SLP969¡­SLU887
    saved ok=40 no_data=0  credits_used=1848/2288
[1849/2288] credit 1849  2026-06-12  n=40  SLV002¡­SLZ317
    saved ok=40 no_data=0  credits_used=1849/2288
[1850/2288] credit 1850  2026-06-12  n=40  SLZ639¡­SN7404
    saved ok=40 no_data=0  credits_used=1850/2288
[1851/2288] credit 1851  2026-06-12  n=40  SN7410¡­SND945
    saved ok=40 no_data=0  credits_used=1851/2288
[1852/2288] credit 1852  2026-06-12  n=40  SND961¡­SNK022
    saved ok=40 no_data=0  credits_used=1852/2288
[1853/2288] credit 1853  2026-06-12  n=40  SNK036¡­SNN161
    saved ok=40 no_data=0  credits_used=1853/2288
[1854/2288] credit 1854  2026-06-12  n=40  SNN233¡­SNR656
    saved ok=40 no_data=0  credits_used=1854/2288
[1855/2288] credit 1855  2026-06-12  n=40  SNR680¡­SNU300
    saved ok=40 no_data=0  credits_used=1855/2288
[1856/2288] credit 1856  2026-06-12  n=40  SNU335¡­SNY352
    saved ok=40 no_data=0  credits_used=1856/2288
[1857/2288] credit 1857  2026-06-12  n=40  SNY392¡­SQD008
    saved ok=40 no_data=0  credits_used=1857/2288
[1858/2288] credit 1858  2026-06-12  n=40  SQD037¡­SQF658
    saved ok=40 no_data=0  credits_used=1858/2288
[1859/2288] credit 1859  2026-06-12  n=40  SQF705¡­SQK108
    saved ok=39 no_data=1  credits_used=1859/2288
[1860/2288] credit 1860  2026-06-12  n=40  SQK312¡­SQN972
    saved ok=40 no_data=0  credits_used=1860/2288
[1861/2288] credit 1861  2026-06-12  n=40  SQP037¡­SQR955
    saved ok=40 no_data=0  credits_used=1861/2288
[1862/2288] credit 1862  2026-06-12  n=40  SQR957¡­SQV390
    saved ok=40 no_data=0  credits_used=1862/2288
[1863/2288] credit 1863  2026-06-12  n=40  SQV391¡­SQZ902
    saved ok=40 no_data=0  credits_used=1863/2288
[1864/2288] credit 1864  2026-06-12  n=40  SR0593¡­SS1978
    saved ok=40 no_data=0  credits_used=1864/2288
[1865/2288] credit 1865  2026-06-12  n=40  SS2539¡­SS9214
    saved ok=40 no_data=0  credits_used=1865/2288
[1866/2288] credit 1866  2026-06-12  n=40  SS9249¡­SSD850
    saved ok=40 no_data=0  credits_used=1866/2288
[1867/2288] credit 1867  2026-06-12  n=40  SSD863¡­SSH642
    saved ok=40 no_data=0  credits_used=1867/2288
[1868/2288] credit 1868  2026-06-12  n=40  SSH709¡­SSM019
    saved ok=40 no_data=0  credits_used=1868/2288
[1869/2288] credit 1869  2026-06-12  n=40  SSM021¡­SSQ441
    saved ok=40 no_data=0  credits_used=1869/2288
[1870/2288] credit 1870  2026-06-12  n=40  SSQ460¡­SSU593
    saved ok=40 no_data=0  credits_used=1870/2288
[1871/2288] credit 1871  2026-06-12  n=40  SSU654¡­SSY171
    saved ok=40 no_data=0  credits_used=1871/2288
[1872/2288] credit 1872  2026-06-12  n=40  SSY172¡­ST3331
    saved ok=40 no_data=0  credits_used=1872/2288
[1873/2288] credit 1873  2026-06-12  n=40  ST3765¡­STA888
    saved ok=40 no_data=0  credits_used=1873/2288
[1874/2288] credit 1874  2026-06-12  n=40  STB005¡­STD991
    saved ok=40 no_data=0  credits_used=1874/2288
[1875/2288] credit 1875  2026-06-12  n=40  STE176¡­STG855
    saved ok=39 no_data=1  credits_used=1875/2288
[1876/2288] credit 1876  2026-06-12  n=40  STG876¡­STK890
    saved ok=40 no_data=0  credits_used=1876/2288
[1877/2288] credit 1877  2026-06-12  n=40  STK984¡­STN806
    saved ok=39 no_data=1  credits_used=1877/2288
[1878/2288] credit 1878  2026-06-12  n=40  STN945¡­STR598
    saved ok=40 no_data=0  credits_used=1878/2288
[1879/2288] credit 1879  2026-06-12  n=40  STR681¡­STT909
    saved ok=39 no_data=1  credits_used=1879/2288
[1880/2288] credit 1880  2026-06-12  n=40  STT953¡­STW065
    saved ok=40 no_data=0  credits_used=1880/2288
[1881/2288] credit 1881  2026-06-12  n=40  STW067¡­STX635
    saved ok=40 no_data=0  credits_used=1881/2288
[1882/2288] credit 1882  2026-06-12  n=40  STX649¡­SU763B
    saved ok=40 no_data=0  credits_used=1882/2288
[1883/2288] credit 1883  2026-06-12  n=40  SU836A¡­SVB801
    saved ok=40 no_data=0  credits_used=1883/2288
[1884/2288] credit 1884  2026-06-12  n=40  SVB806¡­SVE373
    saved ok=40 no_data=0  credits_used=1884/2288
[1885/2288] credit 1885  2026-06-12  n=40  SVE401¡­SVG669
    saved ok=40 no_data=0  credits_used=1885/2288
[1886/2288] credit 1886  2026-06-12  n=40  SVG705¡­SVJ726
    saved ok=40 no_data=0  credits_used=1886/2288
[1887/2288] credit 1887  2026-06-12  n=40  SVJ861¡­SVM234
    saved ok=40 no_data=0  credits_used=1887/2288
[1888/2288] credit 1888  2026-06-12  n=40  SVM265¡­SVP161
    saved ok=39 no_data=1  credits_used=1888/2288
[1889/2288] credit 1889  2026-06-12  n=40  SVP162¡­SVS255
    saved ok=39 no_data=1  credits_used=1889/2288
[1890/2288] credit 1890  2026-06-12  n=40  SVS353¡­SVU600
    saved ok=40 no_data=0  credits_used=1890/2288
[1891/2288] credit 1891  2026-06-12  n=40  SVU644¡­SVX066
    saved ok=39 no_data=1  credits_used=1891/2288
[1892/2288] credit 1892  2026-06-12  n=40  SVX212¡­SVZ466
    saved ok=40 no_data=0  credits_used=1892/2288
[1893/2288] credit 1893  2026-06-12  n=40  SVZ484¡­SW5334
    saved ok=40 no_data=0  credits_used=1893/2288
[1894/2288] credit 1894  2026-06-12  n=40  SW544C¡­SX3183
    saved ok=40 no_data=0  credits_used=1894/2288
[1895/2288] credit 1895  2026-06-12  n=40  SX3297¡­SXA133
    saved ok=40 no_data=0  credits_used=1895/2288
[1896/2288] credit 1896  2026-06-12  n=40  SXA180¡­SXC726
    saved ok=39 no_data=1  credits_used=1896/2288
[1897/2288] credit 1897  2026-06-12  n=40  SXC749¡­SXE510
    saved ok=40 no_data=0  credits_used=1897/2288
[1898/2288] credit 1898  2026-06-12  n=40  SXE596¡­SXG455
    saved ok=40 no_data=0  credits_used=1898/2288
[1899/2288] credit 1899  2026-06-12  n=40  SXG518¡­SXJ944
    saved ok=40 no_data=0  credits_used=1899/2288
[1900/2288] credit 1900  2026-06-12  n=40  SXJ965¡­SXM021
    saved ok=40 no_data=0  credits_used=1900/2288
[1901/2288] credit 1901  2026-06-12  n=40  SXM072¡­SXP624
    saved ok=39 no_data=1  credits_used=1901/2288
[1902/2288] credit 1902  2026-06-12  n=40  SXP634¡­SXS476
    saved ok=40 no_data=0  credits_used=1902/2288
[1903/2288] credit 1903  2026-06-12  n=40  SXS759¡­SXU990
    saved ok=40 no_data=0  credits_used=1903/2288
[1904/2288] credit 1904  2026-06-12  n=40  SXU992¡­SXW847
    saved ok=40 no_data=0  credits_used=1904/2288
[1905/2288] credit 1905  2026-06-12  n=40  SXW913¡­SXY897
    saved ok=40 no_data=0  credits_used=1905/2288
[1906/2288] credit 1906  2026-06-12  n=40  SXY898¡­SY3055
    saved ok=40 no_data=0  credits_used=1906/2288
[1907/2288] credit 1907  2026-06-12  n=40  SY3184¡­SY9620
    saved ok=39 no_data=1  credits_used=1907/2288
[1908/2288] credit 1908  2026-06-12  n=40  SY9789¡­SZB527
    saved ok=40 no_data=0  credits_used=1908/2288
[1909/2288] credit 1909  2026-06-12  n=40  SZB647¡­SZD686
    saved ok=40 no_data=0  credits_used=1909/2288
[1910/2288] credit 1910  2026-06-12  n=40  SZD703¡­SZF526
    saved ok=40 no_data=0  credits_used=1910/2288
[1911/2288] credit 1911  2026-06-12  n=40  SZF534¡­SZH498
    saved ok=40 no_data=0  credits_used=1911/2288
[1912/2288] credit 1912  2026-06-12  n=40  SZH566¡­SZK008
    saved ok=39 no_data=1  credits_used=1912/2288
[1913/2288] credit 1913  2026-06-12  n=40  SZK011¡­SZL760
    saved ok=40 no_data=0  credits_used=1913/2288
[1914/2288] credit 1914  2026-06-12  n=40  SZL921¡­SZN734
    saved ok=40 no_data=0  credits_used=1914/2288
[1915/2288] credit 1915  2026-06-12  n=40  SZN758¡­SZR097
    saved ok=40 no_data=0  credits_used=1915/2288
[1916/2288] credit 1916  2026-06-12  n=40  SZR155¡­SZS825
    saved ok=40 no_data=0  credits_used=1916/2288
[1917/2288] credit 1917  2026-06-12  n=40  SZT016¡­SZU975
    saved ok=40 no_data=0  credits_used=1917/2288
[1918/2288] credit 1918  2026-06-12  n=40  SZU999¡­SZW784
    saved ok=40 no_data=0  credits_used=1918/2288
[1919/2288] credit 1919  2026-06-12  n=40  SZW804¡­SZZ052
    saved ok=40 no_data=0  credits_used=1919/2288
[1920/2288] credit 1920  2026-06-12  n=40  SZZ115¡­TH632A
    saved ok=39 no_data=1  credits_used=1920/2288
[1921/2288] credit 1921  2026-06-12  n=40  TH634A¡­TS204B
    saved ok=40 no_data=0  credits_used=1921/2288
[1922/2288] credit 1922  2026-06-12  n=40  TS422B¡­TW985B
    saved ok=40 no_data=0  credits_used=1922/2288
[1923/2288] credit 1923  2026-06-12  n=40  TX072B¡­VD108B
    saved ok=40 no_data=0  credits_used=1923/2288
[1924/2288] credit 1924  2026-06-12  n=40  VD130A¡­VK200C
    saved ok=40 no_data=0  credits_used=1924/2288
[1925/2288] credit 1925  2026-06-12  n=40  VK241B¡­VQ499C
    saved ok=40 no_data=0  credits_used=1925/2288
[1926/2288] credit 1926  2026-06-12  n=40  VQ537A¡­VY692A
    saved ok=40 no_data=0  credits_used=1926/2288
[1927/2288] credit 1927  2026-06-12  n=40  VY692B¡­X9002B
    saved ok=40 no_data=0  credits_used=1927/2288
[1928/2288] credit 1928  2026-06-12  n=40  X9589B¡­XE627A
    saved ok=39 no_data=1  credits_used=1928/2288
[1929/2288] credit 1929  2026-06-12  n=40  XE628B¡­XL167A
    saved ok=40 no_data=0  credits_used=1929/2288
[1930/2288] credit 1930  2026-06-12  n=40  XL620C¡­XU400B
    saved ok=40 no_data=0  credits_used=1930/2288
[1931/2288] credit 1931  2026-06-12  n=40  XU501A¡­Y0096A
    saved ok=40 no_data=0  credits_used=1931/2288
[1932/2288] credit 1932  2026-06-12  n=40  Y1194B¡­ZD352A
    saved ok=40 no_data=0  credits_used=1932/2288
[1933/2288] credit 1933  2026-06-12  n=40  ZD562C¡­ZH500B
    saved ok=40 no_data=0  credits_used=1933/2288
[1934/2288] credit 1934  2026-06-12  n=40  ZH718B¡­ZM703A
    saved ok=40 no_data=0  credits_used=1934/2288
[1935/2288] credit 1935  2026-06-12  n=40  ZM840B¡­ZU505C
    saved ok=40 no_data=0  credits_used=1935/2288
[1936/2288] credit 1936  2026-06-12  n=38  ZU679A¡­ZZ559A
    saved ok=38 no_data=0  credits_used=1936/2288
[1937/2288] credit 1937  2026-06-05  n=40  09408B¡­ABM47A
    saved ok=40 no_data=0  credits_used=1937/2288
[1938/2288] credit 1938  2026-06-05  n=40  ABW07C¡­AEC63A
    saved ok=40 no_data=0  credits_used=1938/2288
[1939/2288] credit 1939  2026-06-05  n=40  AEC63B¡­AGT75A
    saved ok=40 no_data=0  credits_used=1939/2288
[1940/2288] credit 1940  2026-06-05  n=40  AGW96A¡­AJH39B
    saved ok=40 no_data=0  credits_used=1940/2288
[1941/2288] credit 1941  2026-06-05  n=40  AJH73A¡­AMD36B
    saved ok=40 no_data=0  credits_used=1941/2288
[1942/2288] credit 1942  2026-06-05  n=40  AMD75B¡­APB36D
    saved ok=40 no_data=0  credits_used=1942/2288
[1943/2288] credit 1943  2026-06-05  n=40  APB60A¡­ARF85A
    saved ok=40 no_data=0  credits_used=1943/2288
[1944/2288] credit 1944  2026-06-05  n=40  ARG15C¡­ASQ68B
    saved ok=40 no_data=0  credits_used=1944/2288
[1945/2288] credit 1945  2026-06-05  n=40  ASQ92A¡­AUU93A
    saved ok=40 no_data=0  credits_used=1945/2288
[1946/2288] credit 1946  2026-06-05  n=40  AUV11B¡­AWM40B
    saved ok=40 no_data=0  credits_used=1946/2288
[1947/2288] credit 1947  2026-06-05  n=40  AWM47B¡­AXY43B
    saved ok=40 no_data=0  credits_used=1947/2288
[1948/2288] credit 1948  2026-06-05  n=40  AXZ82B¡­AZL07A
    saved ok=40 no_data=0  credits_used=1948/2288
[1949/2288] credit 1949  2026-06-05  n=40  AZL07B¡­B7761B
    saved ok=40 no_data=0  credits_used=1949/2288
[1950/2288] credit 1950  2026-06-05  n=40  B7849A¡­BBR60B
    saved ok=40 no_data=0  credits_used=1950/2288
[1951/2288] credit 1951  2026-06-05  n=40  BBR63A¡­BDK81B
    saved ok=40 no_data=0  credits_used=1951/2288
[1952/2288] credit 1952  2026-06-05  n=40  BDM00A¡­BGU32B
    saved ok=40 no_data=0  credits_used=1952/2288
[1953/2288] credit 1953  2026-06-05  n=40  BGU63C¡­ED534B
    saved ok=40 no_data=0  credits_used=1953/2288
[1954/2288] credit 1954  2026-06-05  n=40  EE237A¡­GK158A
    saved ok=40 no_data=0  credits_used=1954/2288
[1955/2288] credit 1955  2026-06-05  n=40  GK298B¡­JJ010B
    saved ok=40 no_data=0  credits_used=1955/2288
[1956/2288] credit 1956  2026-06-05  n=40  JJ377A¡­JZ451A
    saved ok=40 no_data=0  credits_used=1956/2288
[1957/2288] credit 1957  2026-06-05  n=40  K2476B¡­LW084B
    saved ok=40 no_data=0  credits_used=1957/2288
[1958/2288] credit 1958  2026-06-05  n=40  LW259B¡­NH136A
    saved ok=40 no_data=0  credits_used=1958/2288
[1959/2288] credit 1959  2026-06-05  n=40  NJ871A¡­QD240B
    saved ok=40 no_data=0  credits_used=1959/2288
[1960/2288] credit 1960  2026-06-05  n=40  QD279A¡­QT524A
    saved ok=40 no_data=0  credits_used=1960/2288
[1961/2288] credit 1961  2026-06-05  n=40  QT644A¡­S21207
    saved ok=40 no_data=0  credits_used=1961/2288
[1962/2288] credit 1962  2026-06-05  n=40  S21455¡­S29011
    saved ok=40 no_data=0  credits_used=1962/2288
[1963/2288] credit 1963  2026-06-05  n=40  S29015¡­S6631D
    saved ok=40 no_data=0  credits_used=1963/2288
[1964/2288] credit 1964  2026-06-05  n=40  S66725¡­SAAA54
    saved ok=40 no_data=0  credits_used=1964/2288
[1965/2288] credit 1965  2026-06-05  n=40  SAAA70¡­SABF57
    saved ok=40 no_data=0  credits_used=1965/2288
[1966/2288] credit 1966  2026-06-05  n=40  SABF69¡­SACX02
    saved ok=40 no_data=0  credits_used=1966/2288
[1967/2288] credit 1967  2026-06-05  n=40  SACX43¡­SAEC00
    saved ok=40 no_data=0  credits_used=1967/2288
[1968/2288] credit 1968  2026-06-05  n=40  SAEC44¡­SAFN51
    saved ok=40 no_data=0  credits_used=1968/2288
[1969/2288] credit 1969  2026-06-05  n=40  SAFN72¡­SAGJ15
    saved ok=39 no_data=1  credits_used=1969/2288
[1970/2288] credit 1970  2026-06-05  n=40  SAGJ34¡­SAHJ51
    saved ok=39 no_data=1  credits_used=1970/2288
[1971/2288] credit 1971  2026-06-05  n=40  SAHJ80¡­SAJC94
    saved ok=39 no_data=1  credits_used=1971/2288
[1972/2288] credit 1972  2026-06-05  n=40  SAJE03¡­SAKA01
    saved ok=40 no_data=0  credits_used=1972/2288
[1973/2288] credit 1973  2026-06-05  n=40  SAKA87¡­SALF95
    saved ok=40 no_data=0  credits_used=1973/2288
[1974/2288] credit 1974  2026-06-05  n=40  SALH01¡­SAML37
    saved ok=40 no_data=0  credits_used=1974/2288
[1975/2288] credit 1975  2026-06-05  n=40  SAML97¡­SANQ03
    saved ok=38 no_data=2  credits_used=1975/2288
[1976/2288] credit 1976  2026-06-05  n=40  SANQ29¡­SAPV83
    saved ok=40 no_data=0  credits_used=1976/2288
[1977/2288] credit 1977  2026-06-05  n=40  SAPV86¡­SAQX20
    saved ok=40 no_data=0  credits_used=1977/2288
[1978/2288] credit 1978  2026-06-05  n=40  SAQX48¡­SARY15
    saved ok=40 no_data=0  credits_used=1978/2288
[1979/2288] credit 1979  2026-06-05  n=40  SARY47¡­SASS75
    saved ok=40 no_data=0  credits_used=1979/2288
[1980/2288] credit 1980  2026-06-05  n=40  SAST77¡­SATQ85
    saved ok=40 no_data=0  credits_used=1980/2288
[1981/2288] credit 1981  2026-06-05  n=40  SATQ87¡­SAUL35
    saved ok=40 no_data=0  credits_used=1981/2288
[1982/2288] credit 1982  2026-06-05  n=40  SAUL37¡­SAVA93
    saved ok=40 no_data=0  credits_used=1982/2288
[1983/2288] credit 1983  2026-06-05  n=40  SAVA99¡­SAVY63
    saved ok=40 no_data=0  credits_used=1983/2288
[1984/2288] credit 1984  2026-06-05  n=40  SAVY66¡­SAWV46
    saved ok=40 no_data=0  credits_used=1984/2288
[1985/2288] credit 1985  2026-06-05  n=40  SAWV51¡­SAXQ73
    saved ok=40 no_data=0  credits_used=1985/2288
[1986/2288] credit 1986  2026-06-05  n=40  SAXR05¡­SAYQ74
    saved ok=40 no_data=0  credits_used=1986/2288
[1987/2288] credit 1987  2026-06-05  n=40  SAYQ82¡­SAZL29
    saved ok=40 no_data=0  credits_used=1987/2288
[1988/2288] credit 1988  2026-06-05  n=40  SAZL50¡­SB1385
    saved ok=40 no_data=0  credits_used=1988/2288
[1989/2288] credit 1989  2026-06-05  n=40  SB1404¡­SB5007
    saved ok=39 no_data=1  credits_used=1989/2288
[1990/2288] credit 1990  2026-06-05  n=40  SB5120¡­SB8962
    saved ok=40 no_data=0  credits_used=1990/2288
[1991/2288] credit 1991  2026-06-05  n=40  SB9075¡­SBAJ07
    saved ok=40 no_data=0  credits_used=1991/2288
[1992/2288] credit 1992  2026-06-05  n=40  SBAK72¡­SBBR92
    saved ok=40 no_data=0  credits_used=1992/2288
[1993/2288] credit 1993  2026-06-05  n=40  SBBR95¡­SBCW83
    saved ok=40 no_data=0  credits_used=1993/2288
[1994/2288] credit 1994  2026-06-05  n=40  SBCX26¡­SBDR09
    saved ok=40 no_data=0  credits_used=1994/2288
[1995/2288] credit 1995  2026-06-05  n=40  SBDS06¡­SBEU88
    saved ok=40 no_data=0  credits_used=1995/2288
[1996/2288] credit 1996  2026-06-05  n=40  SBEV47¡­SBFW75
    saved ok=40 no_data=0  credits_used=1996/2288
[1997/2288] credit 1997  2026-06-05  n=40  SBFY61¡­SBHN21
    saved ok=40 no_data=0  credits_used=1997/2288
[1998/2288] credit 1998  2026-06-05  n=40  SBHP50¡­SBNB03
    saved ok=36 no_data=4  credits_used=1998/2288
[1999/2288] credit 1999  2026-06-05  n=40  SBNB04¡­SCD010
    saved ok=33 no_data=7  credits_used=1999/2288
[2000/2288] credit 2000  2026-06-05  n=40  SCD071¡­SCL386
    saved ok=40 no_data=0  credits_used=2000/2288
[2001/2288] credit 2001  2026-06-05  n=40  SCL614¡­SCT532
    saved ok=40 no_data=0  credits_used=2001/2288
[2002/2288] credit 2002  2026-06-05  n=40  SCT628¡­SD9395
    saved ok=40 no_data=0  credits_used=2002/2288
[2003/2288] credit 2003  2026-06-05  n=40  SE3010¡­SEE500
    saved ok=40 no_data=0  credits_used=2003/2288
[2004/2288] credit 2004  2026-06-05  n=40  SEE785¡­SEN798
    saved ok=40 no_data=0  credits_used=2004/2288
[2005/2288] credit 2005  2026-06-05  n=40  SEN942¡­SEV048
    saved ok=40 no_data=0  credits_used=2005/2288
[2006/2288] credit 2006  2026-06-05  n=40  SEV061¡­SF190A
    saved ok=39 no_data=1  credits_used=2006/2288
[2007/2288] credit 2007  2026-06-05  n=40  SF240A¡­SGD334
    saved ok=40 no_data=0  credits_used=2007/2288
[2008/2288] credit 2008  2026-06-05  n=40  SGD441¡­SGH439
    saved ok=40 no_data=0  credits_used=2008/2288
[2009/2288] credit 2009  2026-06-05  n=40  SGH506¡­SGN354
    saved ok=40 no_data=0  credits_used=2009/2288
[2010/2288] credit 2010  2026-06-05  n=40  SGN405¡­SGT477
    saved ok=40 no_data=0  credits_used=2010/2288
[2011/2288] credit 2011  2026-06-05  n=40  SGT524¡­SGZ152
    saved ok=40 no_data=0  credits_used=2011/2288
[2012/2288] credit 2012  2026-06-05  n=40  SGZ270¡­SJA891
    saved ok=40 no_data=0  credits_used=2012/2288
[2013/2288] credit 2013  2026-06-05  n=40  SJB356¡­SJE908
    saved ok=40 no_data=0  credits_used=2013/2288
[2014/2288] credit 2014  2026-06-05  n=40  SJE916¡­SJK069
    saved ok=39 no_data=1  credits_used=2014/2288
[2015/2288] credit 2015  2026-06-05  n=40  SJK160¡­SJN647
    saved ok=40 no_data=0  credits_used=2015/2288
[2016/2288] credit 2016  2026-06-05  n=40  SJN756¡­SJR670
    saved ok=40 no_data=0  credits_used=2016/2288
[2017/2288] credit 2017  2026-06-05  n=40  SJR869¡­SJV039
    saved ok=40 no_data=0  credits_used=2017/2288
[2018/2288] credit 2018  2026-06-05  n=40  SJV058¡­SJY813
    saved ok=40 no_data=0  credits_used=2018/2288
[2019/2288] credit 2019  2026-06-05  n=40  SJY819¡­SL9300
    saved ok=40 no_data=0  credits_used=2019/2288
[2020/2288] credit 2020  2026-06-05  n=40  SL9362¡­SLD035
    saved ok=40 no_data=0  credits_used=2020/2288
[2021/2288] credit 2021  2026-06-05  n=40  SLD047¡­SLK466
    saved ok=40 no_data=0  credits_used=2021/2288
[2022/2288] credit 2022  2026-06-05  n=40  SLK572¡­SLP836
    saved ok=40 no_data=0  credits_used=2022/2288
[2023/2288] credit 2023  2026-06-05  n=40  SLP969¡­SLU887
    saved ok=40 no_data=0  credits_used=2023/2288
[2024/2288] credit 2024  2026-06-05  n=40  SLV002¡­SLZ317
    saved ok=40 no_data=0  credits_used=2024/2288
[2025/2288] credit 2025  2026-06-05  n=40  SLZ639¡­SN7404
    saved ok=40 no_data=0  credits_used=2025/2288
[2026/2288] credit 2026  2026-06-05  n=40  SN7410¡­SND945
    saved ok=40 no_data=0  credits_used=2026/2288
[2027/2288] credit 2027  2026-06-05  n=40  SND961¡­SNK022
    saved ok=40 no_data=0  credits_used=2027/2288
[2028/2288] credit 2028  2026-06-05  n=40  SNK036¡­SNN161
    saved ok=40 no_data=0  credits_used=2028/2288
[2029/2288] credit 2029  2026-06-05  n=40  SNN233¡­SNR656
    saved ok=40 no_data=0  credits_used=2029/2288
[2030/2288] credit 2030  2026-06-05  n=40  SNR680¡­SNU300
    saved ok=40 no_data=0  credits_used=2030/2288
[2031/2288] credit 2031  2026-06-05  n=40  SNU335¡­SNY352
    saved ok=40 no_data=0  credits_used=2031/2288
[2032/2288] credit 2032  2026-06-05  n=40  SNY392¡­SQD008
    saved ok=40 no_data=0  credits_used=2032/2288
[2033/2288] credit 2033  2026-06-05  n=40  SQD037¡­SQF658
    saved ok=40 no_data=0  credits_used=2033/2288
[2034/2288] credit 2034  2026-06-05  n=40  SQF705¡­SQK108
    saved ok=40 no_data=0  credits_used=2034/2288
[2035/2288] credit 2035  2026-06-05  n=40  SQK312¡­SQN972
    saved ok=40 no_data=0  credits_used=2035/2288
[2036/2288] credit 2036  2026-06-05  n=40  SQP037¡­SQR955
    saved ok=40 no_data=0  credits_used=2036/2288
[2037/2288] credit 2037  2026-06-05  n=40  SQR957¡­SQV390
    saved ok=40 no_data=0  credits_used=2037/2288
[2038/2288] credit 2038  2026-06-05  n=40  SQV391¡­SQZ902
    saved ok=40 no_data=0  credits_used=2038/2288
[2039/2288] credit 2039  2026-06-05  n=40  SR0593¡­SS1978
    saved ok=40 no_data=0  credits_used=2039/2288
[2040/2288] credit 2040  2026-06-05  n=40  SS2539¡­SS9214
    saved ok=40 no_data=0  credits_used=2040/2288
[2041/2288] credit 2041  2026-06-05  n=40  SS9249¡­SSD850
    saved ok=40 no_data=0  credits_used=2041/2288
[2042/2288] credit 2042  2026-06-05  n=40  SSD863¡­SSH642
    saved ok=40 no_data=0  credits_used=2042/2288
[2043/2288] credit 2043  2026-06-05  n=40  SSH709¡­SSM019
    saved ok=40 no_data=0  credits_used=2043/2288
[2044/2288] credit 2044  2026-06-05  n=40  SSM021¡­SSQ441
    saved ok=40 no_data=0  credits_used=2044/2288
[2045/2288] credit 2045  2026-06-05  n=40  SSQ460¡­SSU593
    saved ok=40 no_data=0  credits_used=2045/2288
[2046/2288] credit 2046  2026-06-05  n=40  SSU654¡­SSY171
    saved ok=40 no_data=0  credits_used=2046/2288
[2047/2288] credit 2047  2026-06-05  n=40  SSY172¡­ST3331
    saved ok=40 no_data=0  credits_used=2047/2288
[2048/2288] credit 2048  2026-06-05  n=40  ST3765¡­STA888
    saved ok=39 no_data=1  credits_used=2048/2288
[2049/2288] credit 2049  2026-06-05  n=40  STB005¡­STD991
    saved ok=40 no_data=0  credits_used=2049/2288
[2050/2288] credit 2050  2026-06-05  n=40  STE176¡­STG855
    saved ok=39 no_data=1  credits_used=2050/2288
[2051/2288] credit 2051  2026-06-05  n=40  STG876¡­STK890
    saved ok=40 no_data=0  credits_used=2051/2288
[2052/2288] credit 2052  2026-06-05  n=40  STK984¡­STN806
    saved ok=39 no_data=1  credits_used=2052/2288
[2053/2288] credit 2053  2026-06-05  n=40  STN945¡­STR598
    saved ok=40 no_data=0  credits_used=2053/2288
[2054/2288] credit 2054  2026-06-05  n=40  STR681¡­STT909
    saved ok=39 no_data=1  credits_used=2054/2288
[2055/2288] credit 2055  2026-06-05  n=40  STT953¡­STW065
    saved ok=40 no_data=0  credits_used=2055/2288
[2056/2288] credit 2056  2026-06-05  n=40  STW067¡­STX635
    saved ok=40 no_data=0  credits_used=2056/2288
[2057/2288] credit 2057  2026-06-05  n=40  STX649¡­SU763B
    saved ok=40 no_data=0  credits_used=2057/2288
[2058/2288] credit 2058  2026-06-05  n=40  SU836A¡­SVB801
    saved ok=40 no_data=0  credits_used=2058/2288
[2059/2288] credit 2059  2026-06-05  n=40  SVB806¡­SVE373
    saved ok=40 no_data=0  credits_used=2059/2288
[2060/2288] credit 2060  2026-06-05  n=40  SVE401¡­SVG669
    saved ok=40 no_data=0  credits_used=2060/2288
[2061/2288] credit 2061  2026-06-05  n=40  SVG705¡­SVJ726
    saved ok=40 no_data=0  credits_used=2061/2288
[2062/2288] credit 2062  2026-06-05  n=40  SVJ861¡­SVM234
    saved ok=40 no_data=0  credits_used=2062/2288
[2063/2288] credit 2063  2026-06-05  n=40  SVM265¡­SVP161
    saved ok=39 no_data=1  credits_used=2063/2288
[2064/2288] credit 2064  2026-06-05  n=40  SVP162¡­SVS255
    saved ok=39 no_data=1  credits_used=2064/2288
[2065/2288] credit 2065  2026-06-05  n=40  SVS353¡­SVU600
    saved ok=40 no_data=0  credits_used=2065/2288
[2066/2288] credit 2066  2026-06-05  n=40  SVU644¡­SVX066
    saved ok=39 no_data=1  credits_used=2066/2288
[2067/2288] credit 2067  2026-06-05  n=40  SVX212¡­SVZ466
    saved ok=40 no_data=0  credits_used=2067/2288
[2068/2288] credit 2068  2026-06-05  n=40  SVZ484¡­SW5334
    saved ok=40 no_data=0  credits_used=2068/2288
[2069/2288] credit 2069  2026-06-05  n=40  SW544C¡­SX3183
    saved ok=39 no_data=1  credits_used=2069/2288
[2070/2288] credit 2070  2026-06-05  n=40  SX3297¡­SXA133
    saved ok=40 no_data=0  credits_used=2070/2288
[2071/2288] credit 2071  2026-06-05  n=40  SXA180¡­SXC726
    saved ok=39 no_data=1  credits_used=2071/2288
[2072/2288] credit 2072  2026-06-05  n=40  SXC749¡­SXE510
    saved ok=40 no_data=0  credits_used=2072/2288
[2073/2288] credit 2073  2026-06-05  n=40  SXE596¡­SXG455
    saved ok=40 no_data=0  credits_used=2073/2288
[2074/2288] credit 2074  2026-06-05  n=40  SXG518¡­SXJ944
    saved ok=40 no_data=0  credits_used=2074/2288
[2075/2288] credit 2075  2026-06-05  n=40  SXJ965¡­SXM021
    saved ok=40 no_data=0  credits_used=2075/2288
[2076/2288] credit 2076  2026-06-05  n=40  SXM072¡­SXP624
    saved ok=39 no_data=1  credits_used=2076/2288
[2077/2288] credit 2077  2026-06-05  n=40  SXP634¡­SXS476
    saved ok=40 no_data=0  credits_used=2077/2288
[2078/2288] credit 2078  2026-06-05  n=40  SXS759¡­SXU990
    saved ok=40 no_data=0  credits_used=2078/2288
[2079/2288] credit 2079  2026-06-05  n=40  SXU992¡­SXW847
    saved ok=40 no_data=0  credits_used=2079/2288
[2080/2288] credit 2080  2026-06-05  n=40  SXW913¡­SXY897
    saved ok=40 no_data=0  credits_used=2080/2288
[2081/2288] credit 2081  2026-06-05  n=40  SXY898¡­SY3055
    saved ok=40 no_data=0  credits_used=2081/2288
[2082/2288] credit 2082  2026-06-05  n=40  SY3184¡­SY9620
    saved ok=39 no_data=1  credits_used=2082/2288
[2083/2288] credit 2083  2026-06-05  n=40  SY9789¡­SZB527
    saved ok=40 no_data=0  credits_used=2083/2288
[2084/2288] credit 2084  2026-06-05  n=40  SZB647¡­SZD686
    saved ok=40 no_data=0  credits_used=2084/2288
[2085/2288] credit 2085  2026-06-05  n=40  SZD703¡­SZF526
    saved ok=40 no_data=0  credits_used=2085/2288
[2086/2288] credit 2086  2026-06-05  n=40  SZF534¡­SZH498
    saved ok=40 no_data=0  credits_used=2086/2288
[2087/2288] credit 2087  2026-06-05  n=40  SZH566¡­SZK008
    saved ok=39 no_data=1  credits_used=2087/2288
[2088/2288] credit 2088  2026-06-05  n=40  SZK011¡­SZL760
    saved ok=40 no_data=0  credits_used=2088/2288
[2089/2288] credit 2089  2026-06-05  n=40  SZL921¡­SZN734
    saved ok=40 no_data=0  credits_used=2089/2288
[2090/2288] credit 2090  2026-06-05  n=40  SZN758¡­SZR097
    saved ok=40 no_data=0  credits_used=2090/2288
[2091/2288] credit 2091  2026-06-05  n=40  SZR155¡­SZS825
    saved ok=40 no_data=0  credits_used=2091/2288
[2092/2288] credit 2092  2026-06-05  n=40  SZT016¡­SZU975
    saved ok=40 no_data=0  credits_used=2092/2288
[2093/2288] credit 2093  2026-06-05  n=40  SZU999¡­SZW784
    saved ok=40 no_data=0  credits_used=2093/2288
[2094/2288] credit 2094  2026-06-05  n=40  SZW804¡­SZZ052
    saved ok=40 no_data=0  credits_used=2094/2288
[2095/2288] credit 2095  2026-06-05  n=40  SZZ115¡­TH632A
    saved ok=40 no_data=0  credits_used=2095/2288
[2096/2288] credit 2096  2026-06-05  n=40  TH634A¡­TS204B
    saved ok=40 no_data=0  credits_used=2096/2288
[2097/2288] credit 2097  2026-06-05  n=40  TS422B¡­TW985B
    saved ok=40 no_data=0  credits_used=2097/2288
[2098/2288] credit 2098  2026-06-05  n=40  TX072B¡­VD108B
    saved ok=40 no_data=0  credits_used=2098/2288
[2099/2288] credit 2099  2026-06-05  n=40  VD130A¡­VK200C
    saved ok=40 no_data=0  credits_used=2099/2288
[2100/2288] credit 2100  2026-06-05  n=40  VK241B¡­VQ499C
    saved ok=40 no_data=0  credits_used=2100/2288
[2101/2288] credit 2101  2026-06-05  n=40  VQ537A¡­VY692A
    saved ok=40 no_data=0  credits_used=2101/2288
[2102/2288] credit 2102  2026-06-05  n=40  VY692B¡­X9002B
    saved ok=40 no_data=0  credits_used=2102/2288
[2103/2288] credit 2103  2026-06-05  n=40  X9589B¡­XE627A
    saved ok=39 no_data=1  credits_used=2103/2288
[2104/2288] credit 2104  2026-06-05  n=40  XE628B¡­XL167A
    saved ok=40 no_data=0  credits_used=2104/2288
[2105/2288] credit 2105  2026-06-05  n=40  XL620C¡­XU400B
    saved ok=40 no_data=0  credits_used=2105/2288
[2106/2288] credit 2106  2026-06-05  n=40  XU501A¡­Y0096A
    saved ok=40 no_data=0  credits_used=2106/2288
[2107/2288] credit 2107  2026-06-05  n=40  Y1194B¡­ZD352A
    saved ok=40 no_data=0  credits_used=2107/2288
[2108/2288] credit 2108  2026-06-05  n=40  ZD562C¡­ZH500B
    saved ok=40 no_data=0  credits_used=2108/2288
[2109/2288] credit 2109  2026-06-05  n=40  ZH718B¡­ZM703A
    saved ok=40 no_data=0  credits_used=2109/2288
[2110/2288] credit 2110  2026-06-05  n=40  ZM840B¡­ZU505C
    saved ok=40 no_data=0  credits_used=2110/2288
[2111/2288] credit 2111  2026-06-05  n=38  ZU679A¡­ZZ559A
    saved ok=38 no_data=0  credits_used=2111/2288
[2112/2288] credit 2112  2026-05-29  n=40  09408B¡­ABM47A
    saved ok=40 no_data=0  credits_used=2112/2288
[2113/2288] credit 2113  2026-05-29  n=40  ABW07C¡­AEC63A
    saved ok=40 no_data=0  credits_used=2113/2288
[2114/2288] credit 2114  2026-05-29  n=40  AEC63B¡­AGT75A
    saved ok=40 no_data=0  credits_used=2114/2288
[2115/2288] credit 2115  2026-05-29  n=40  AGW96A¡­AJH39B
    saved ok=40 no_data=0  credits_used=2115/2288
[2116/2288] credit 2116  2026-05-29  n=40  AJH73A¡­AMD36B
    saved ok=40 no_data=0  credits_used=2116/2288
[2117/2288] credit 2117  2026-05-29  n=40  AMD75B¡­APB36D
    saved ok=40 no_data=0  credits_used=2117/2288
[2118/2288] credit 2118  2026-05-29  n=40  APB60A¡­ARF85A
    saved ok=40 no_data=0  credits_used=2118/2288
[2119/2288] credit 2119  2026-05-29  n=40  ARG15C¡­ASQ68B
    saved ok=40 no_data=0  credits_used=2119/2288
[2120/2288] credit 2120  2026-05-29  n=40  ASQ92A¡­AUU93A
    saved ok=40 no_data=0  credits_used=2120/2288
[2121/2288] credit 2121  2026-05-29  n=40  AUV11B¡­AWM40B
    saved ok=40 no_data=0  credits_used=2121/2288
[2122/2288] credit 2122  2026-05-29  n=40  AWM47B¡­AXZ95A
    saved ok=40 no_data=0  credits_used=2122/2288
[2123/2288] credit 2123  2026-05-29  n=40  AYC24A¡­AZL11A
    saved ok=40 no_data=0  credits_used=2123/2288
[2124/2288] credit 2124  2026-05-29  n=40  AZP06A¡­B7996C
    saved ok=40 no_data=0  credits_used=2124/2288
[2125/2288] credit 2125  2026-05-29  n=40  B7996D¡­BBR92A
    saved ok=40 no_data=0  credits_used=2125/2288
[2126/2288] credit 2126  2026-05-29  n=40  BBW09A¡­BDQ11B
    saved ok=40 no_data=0  credits_used=2126/2288
[2127/2288] credit 2127  2026-05-29  n=40  BDR09B¡­BGV31B
    saved ok=40 no_data=0  credits_used=2127/2288
[2128/2288] credit 2128  2026-05-29  n=40  BGX83B¡­EH156A
    saved ok=40 no_data=0  credits_used=2128/2288
[2129/2288] credit 2129  2026-05-29  n=40  EK653A¡­GK896A
    saved ok=40 no_data=0  credits_used=2129/2288
[2130/2288] credit 2130  2026-05-29  n=40  GM008A¡­JJ893A
    saved ok=40 no_data=0  credits_used=2130/2288
[2131/2288] credit 2131  2026-05-29  n=40  JJ893B¡­LA373B
    saved ok=40 no_data=0  credits_used=2131/2288
[2132/2288] credit 2132  2026-05-29  n=40  LA658A¡­LW651B
    saved ok=40 no_data=0  credits_used=2132/2288
[2133/2288] credit 2133  2026-05-29  n=40  LW935B¡­NL108A
    saved ok=39 no_data=1  credits_used=2133/2288
[2134/2288] credit 2134  2026-05-29  n=40  NL380B¡­QD546B
    saved ok=40 no_data=0  credits_used=2134/2288
[2135/2288] credit 2135  2026-05-29  n=40  QD600A¡­QU741B
    saved ok=40 no_data=0  credits_used=2135/2288
[2136/2288] credit 2136  2026-05-29  n=40  QU951A¡­S21833
    saved ok=40 no_data=0  credits_used=2136/2288
[2137/2288] credit 2137  2026-05-29  n=40  S21885¡­S29263
    saved ok=40 no_data=0  credits_used=2137/2288
[2138/2288] credit 2138  2026-05-29  n=40  S29270¡­S67416
    saved ok=40 no_data=0  credits_used=2138/2288
[2139/2288] credit 2139  2026-05-29  n=40  S67417¡­SAAB19
    saved ok=40 no_data=0  credits_used=2139/2288
[2140/2288] credit 2140  2026-05-29  n=40  SAAB34¡­SABH52
    saved ok=40 no_data=0  credits_used=2140/2288
[2141/2288] credit 2141  2026-05-29  n=40  SABJ07¡­SADA21
    saved ok=40 no_data=0  credits_used=2141/2288
[2142/2288] credit 2142  2026-05-29  n=40  SADA23¡­SAED87
    saved ok=40 no_data=0  credits_used=2142/2288
[2143/2288] credit 2143  2026-05-29  n=40  SAED88¡­SAFP85
    saved ok=40 no_data=0  credits_used=2143/2288
[2144/2288] credit 2144  2026-05-29  n=40  SAFP99¡­SAGK29
    saved ok=40 no_data=0  credits_used=2144/2288
[2145/2288] credit 2145  2026-05-29  n=40  SAGK52¡­SAHK69
    saved ok=40 no_data=0  credits_used=2145/2288
[2146/2288] credit 2146  2026-05-29  n=40  SAHK74¡­SAJF66
    saved ok=40 no_data=0  credits_used=2146/2288
[2147/2288] credit 2147  2026-05-29  n=40  SAJF96¡­SAKC69
    saved ok=40 no_data=0  credits_used=2147/2288
[2148/2288] credit 2148  2026-05-29  n=40  SAKC89¡­SALH61
    saved ok=40 no_data=0  credits_used=2148/2288
[2149/2288] credit 2149  2026-05-29  n=40  SALH94¡­SAMN47
    saved ok=40 no_data=0  credits_used=2149/2288
[2150/2288] credit 2150  2026-05-29  n=40  SAMN79¡­SANU49
    saved ok=40 no_data=0  credits_used=2150/2288
[2151/2288] credit 2151  2026-05-29  n=40  SANV15¡­SAPY71
    saved ok=40 no_data=0  credits_used=2151/2288
[2152/2288] credit 2152  2026-05-29  n=40  SAPY93¡­SAQY93
    saved ok=40 no_data=0  credits_used=2152/2288
[2153/2288] credit 2153  2026-05-29  n=40  SAQZ41¡­SARZ97
    saved ok=40 no_data=0  credits_used=2153/2288
[2154/2288] credit 2154  2026-05-29  n=40  SASA22¡­SASV59
    saved ok=40 no_data=0  credits_used=2154/2288
[2155/2288] credit 2155  2026-05-29  n=40  SASW06¡­SATR36
    saved ok=40 no_data=0  credits_used=2155/2288
[2156/2288] credit 2156  2026-05-29  n=40  SATR81¡­SAUM33
    saved ok=40 no_data=0  credits_used=2156/2288
[2157/2288] credit 2157  2026-05-29  n=40  SAUM57¡­SAVD80
    saved ok=40 no_data=0  credits_used=2157/2288
[2158/2288] credit 2158  2026-05-29  n=40  SAVD91¡­SAWA23
    saved ok=40 no_data=0  credits_used=2158/2288
[2159/2288] credit 2159  2026-05-29  n=40  SAWA90¡­SAWX35
    saved ok=40 no_data=0  credits_used=2159/2288
[2160/2288] credit 2160  2026-05-29  n=40  SAWX37¡­SAXT05
    saved ok=40 no_data=0  credits_used=2160/2288
[2161/2288] credit 2161  2026-05-29  n=40  SAXU05¡­SAYS10
    saved ok=40 no_data=0  credits_used=2161/2288
[2162/2288] credit 2162  2026-05-29  n=40  SAYS48¡­SAZR43
    saved ok=40 no_data=0  credits_used=2162/2288
[2163/2288] credit 2163  2026-05-29  n=40  SAZR54¡­SB1815
    saved ok=40 no_data=0  credits_used=2163/2288
[2164/2288] credit 2164  2026-05-29  n=40  SB1869¡­SB6034
    saved ok=40 no_data=0  credits_used=2164/2288
[2165/2288] credit 2165  2026-05-29  n=40  SB6260¡­SB9303
    saved ok=40 no_data=0  credits_used=2165/2288
[2166/2288] credit 2166  2026-05-29  n=40  SB933A¡­SBAP00
    saved ok=40 no_data=0  credits_used=2166/2288
[2167/2288] credit 2167  2026-05-29  n=40  SBAP82¡­SBBW09
    saved ok=40 no_data=0  credits_used=2167/2288
[2168/2288] credit 2168  2026-05-29  n=40  SBBX73¡­SBCZ98
    saved ok=40 no_data=0  credits_used=2168/2288
[2169/2288] credit 2169  2026-05-29  n=40  SBDA09¡­SBDY88
    saved ok=40 no_data=0  credits_used=2169/2288
[2170/2288] credit 2170  2026-05-29  n=40  SBEA00¡­SBEY04
    saved ok=40 no_data=0  credits_used=2170/2288
[2171/2288] credit 2171  2026-05-29  n=40  SBEY11¡­SBGC85
    saved ok=40 no_data=0  credits_used=2171/2288
[2172/2288] credit 2172  2026-05-29  n=40  SBGC87¡­SBHY43
    saved ok=40 no_data=0  credits_used=2172/2288
[2173/2288] credit 2173  2026-05-29  n=40  SBHY77¡­SBNN22
    saved ok=40 no_data=0  credits_used=2173/2288
[2174/2288] credit 2174  2026-05-29  n=40  SBNS23¡­SCF054
    saved ok=40 no_data=0  credits_used=2174/2288
[2175/2288] credit 2175  2026-05-29  n=40  SCF677¡­SCN801
    saved ok=40 no_data=0  credits_used=2175/2288
[2176/2288] credit 2176  2026-05-29  n=40  SCN912¡­SCV132
    saved ok=40 no_data=0  credits_used=2176/2288
[2177/2288] credit 2177  2026-05-29  n=40  SCV164¡­SE5397
    saved ok=40 no_data=0  credits_used=2177/2288
[2178/2288] credit 2178  2026-05-29  n=40  SE5784¡­SEF925
    saved ok=40 no_data=0  credits_used=2178/2288
[2179/2288] credit 2179  2026-05-29  n=40  SEG617¡­SEQ731
    saved ok=40 no_data=0  credits_used=2179/2288
[2180/2288] credit 2180  2026-05-29  n=40  SEQ782¡­SEV982
    saved ok=40 no_data=0  credits_used=2180/2288
[2181/2288] credit 2181  2026-05-29  n=40  SEW332¡­SGA054
    saved ok=40 no_data=0  credits_used=2181/2288
[2182/2288] credit 2182  2026-05-29  n=40  SGA323¡­SGE397
    saved ok=40 no_data=0  credits_used=2182/2288
[2183/2288] credit 2183  2026-05-29  n=40  SGE460¡­SGJ190
    saved ok=40 no_data=0  credits_used=2183/2288
[2184/2288] credit 2184  2026-05-29  n=40  SGJ231¡­SGP652
    saved ok=40 no_data=0  credits_used=2184/2288
[2185/2288] credit 2185  2026-05-29  n=40  SGP823¡­SGV011
    saved ok=40 no_data=0  credits_used=2185/2288
[2186/2288] credit 2186  2026-05-29  n=40  SGV041¡­SH3366
    saved ok=40 no_data=0  credits_used=2186/2288
[2187/2288] credit 2187  2026-05-29  n=40  SH3924¡­SJB971
    saved ok=40 no_data=0  credits_used=2187/2288
[2188/2288] credit 2188  2026-05-29  n=40  SJC178¡­SJF602
    saved ok=40 no_data=0  credits_used=2188/2288
[2189/2288] credit 2189  2026-05-29  n=40  SJF656¡­SJK540
    saved ok=40 no_data=0  credits_used=2189/2288
[2190/2288] credit 2190  2026-05-29  n=40  SJK555¡­SJP155
    saved ok=40 no_data=0  credits_used=2190/2288
[2191/2288] credit 2191  2026-05-29  n=40  SJP197¡­SJS372
    saved ok=40 no_data=0  credits_used=2191/2288
[2192/2288] credit 2192  2026-05-29  n=40  SJS389¡­SJV585
    saved ok=40 no_data=0  credits_used=2192/2288
[2193/2288] credit 2193  2026-05-29  n=40  SJV659¡­SJZ440
    saved ok=40 no_data=0  credits_used=2193/2288
[2194/2288] credit 2194  2026-05-29  n=40  SJZ451¡­SLA358
    saved ok=40 no_data=0  credits_used=2194/2288
[2195/2288] credit 2195  2026-05-29  n=40  SLA378¡­SLE362
    saved ok=40 no_data=0  credits_used=2195/2288
[2196/2288] credit 2196  2026-05-29  n=40  SLE395¡­SLL687
    saved ok=40 no_data=0  credits_used=2196/2288
[2197/2288] credit 2197  2026-05-29  n=40  SLL821¡­SLR258
    saved ok=40 no_data=0  credits_used=2197/2288
[2198/2288] credit 2198  2026-05-29  n=40  SLR259¡­SLV982
    saved ok=40 no_data=0  credits_used=2198/2288
[2199/2288] credit 2199  2026-05-29  n=40  SLW084¡­SM1268
    saved ok=40 no_data=0  credits_used=2199/2288
[2200/2288] credit 2200  2026-05-29  n=40  SM2082¡­SNA045
    saved ok=40 no_data=0  credits_used=2200/2288
[2201/2288] credit 2201  2026-05-29  n=40  SNA054¡­SNE835
    saved ok=40 no_data=0  credits_used=2201/2288
[2202/2288] credit 2202  2026-05-29  n=40  SNE952¡­SNK792
    saved ok=40 no_data=0  credits_used=2202/2288
[2203/2288] credit 2203  2026-05-29  n=40  SNK860¡­SNN420
    saved ok=40 no_data=0  credits_used=2203/2288
[2204/2288] credit 2204  2026-05-29  n=40  SNN484¡­SNS115
    saved ok=40 no_data=0  credits_used=2204/2288
[2205/2288] credit 2205  2026-05-29  n=40  SNS116¡­SNV522
    saved ok=40 no_data=0  credits_used=2205/2288
[2206/2288] credit 2206  2026-05-29  n=40  SNV630¡­SNZ848
    saved ok=40 no_data=0  credits_used=2206/2288
[2207/2288] credit 2207  2026-05-29  n=40  SNZ885¡­SQD546
    saved ok=40 no_data=0  credits_used=2207/2288
[2208/2288] credit 2208  2026-05-29  n=40  SQD575¡­SQH121
    saved ok=40 no_data=0  credits_used=2208/2288
[2209/2288] credit 2209  2026-05-29  n=40  SQH136¡­SQL330
    saved ok=40 no_data=0  credits_used=2209/2288
[2210/2288] credit 2210  2026-05-29  n=40  SQL444¡­SQP613
    saved ok=40 no_data=0  credits_used=2210/2288
[2211/2288] credit 2211  2026-05-29  n=40  SQP741¡­SQS883
    saved ok=40 no_data=0  credits_used=2211/2288
[2212/2288] credit 2212  2026-05-29  n=40  SQS920¡­SQW214
    saved ok=40 no_data=0  credits_used=2212/2288
[2213/2288] credit 2213  2026-05-29  n=40  SQW231¡­SR4202
    saved ok=40 no_data=0  credits_used=2213/2288
[2214/2288] credit 2214  2026-05-29  n=40  SR4408¡­SS5152
    saved ok=40 no_data=0  credits_used=2214/2288
[2215/2288] credit 2215  2026-05-29  n=40  SS5275¡­SSB279
    saved ok=40 no_data=0  credits_used=2215/2288
[2216/2288] credit 2216  2026-05-29  n=40  SSB488¡­SSF358
    saved ok=40 no_data=0  credits_used=2216/2288
[2217/2288] credit 2217  2026-05-29  n=40  SSF583¡­SSJ930
    saved ok=40 no_data=0  credits_used=2217/2288
[2218/2288] credit 2218  2026-05-29  n=40  SSJ946¡­SSM355
    saved ok=40 no_data=0  credits_used=2218/2288
[2219/2288] credit 2219  2026-05-29  n=40  SSM425¡­SSR867
    saved ok=40 no_data=0  credits_used=2219/2288
[2220/2288] credit 2220  2026-05-29  n=40  SSR924¡­SSV201
    saved ok=40 no_data=0  credits_used=2220/2288
[2221/2288] credit 2221  2026-05-29  n=40  SSV284¡­SSY640
    saved ok=40 no_data=0  credits_used=2221/2288
[2222/2288] credit 2222  2026-05-29  n=40  SSY694¡­ST6498
    saved ok=40 no_data=0  credits_used=2222/2288
[2223/2288] credit 2223  2026-05-29  n=40  ST6571¡­STB800
    saved ok=40 no_data=0  credits_used=2223/2288
[2224/2288] credit 2224  2026-05-29  n=40  STB903¡­STE790
    saved ok=40 no_data=0  credits_used=2224/2288
[2225/2288] credit 2225  2026-05-29  n=40  STE860¡­STH767
    saved ok=39 no_data=1  credits_used=2225/2288
[2226/2288] credit 2226  2026-05-29  n=40  STJ066¡­STL546
    saved ok=40 no_data=0  credits_used=2226/2288
[2227/2288] credit 2227  2026-05-29  n=40  STL574¡­STP884
    saved ok=40 no_data=0  credits_used=2227/2288
[2228/2288] credit 2228  2026-05-29  n=40  STP927¡­STS572
    saved ok=40 no_data=0  credits_used=2228/2288
[2229/2288] credit 2229  2026-05-29  n=40  STS592¡­STU374
    saved ok=39 no_data=1  credits_used=2229/2288
[2230/2288] credit 2230  2026-05-29  n=40  STU400¡­STW453
    saved ok=40 no_data=0  credits_used=2230/2288
[2231/2288] credit 2231  2026-05-29  n=40  STW530¡­STY219
    saved ok=40 no_data=0  credits_used=2231/2288
[2232/2288] credit 2232  2026-05-29  n=40  STY238¡­SVA474
    saved ok=40 no_data=0  credits_used=2232/2288
[2233/2288] credit 2233  2026-05-29  n=40  SVA503¡­SVC309
    saved ok=40 no_data=0  credits_used=2233/2288
[2234/2288] credit 2234  2026-05-29  n=40  SVC402¡­SVF463
    saved ok=40 no_data=0  credits_used=2234/2288
[2235/2288] credit 2235  2026-05-29  n=40  SVF475¡­SVH487
    saved ok=40 no_data=0  credits_used=2235/2288
[2236/2288] credit 2236  2026-05-29  n=40  SVH573¡­SVK536
    saved ok=40 no_data=0  credits_used=2236/2288
[2237/2288] credit 2237  2026-05-29  n=40  SVK686¡­SVN223
    saved ok=40 no_data=0  credits_used=2237/2288
[2238/2288] credit 2238  2026-05-29  n=40  SVN286¡­SVP888
    saved ok=38 no_data=2  credits_used=2238/2288
[2239/2288] credit 2239  2026-05-29  n=40  SVP891¡­SVT030
    saved ok=40 no_data=0  credits_used=2239/2288
[2240/2288] credit 2240  2026-05-29  n=40  SVT121¡­SVV441
    saved ok=39 no_data=1  credits_used=2240/2288
[2241/2288] credit 2241  2026-05-29  n=40  SVV548¡­SVX499
    saved ok=40 no_data=0  credits_used=2241/2288
[2242/2288] credit 2242  2026-05-29  n=40  SVX549¡­SW0151
    saved ok=40 no_data=0  credits_used=2242/2288
[2243/2288] credit 2243  2026-05-29  n=40  SW0300¡­SW7710
    saved ok=40 no_data=0  credits_used=2243/2288
[2244/2288] credit 2244  2026-05-29  n=40  SW7720¡­SX7147
    saved ok=40 no_data=0  credits_used=2244/2288
[2245/2288] credit 2245  2026-05-29  n=40  SX7280¡­SXB337
    saved ok=40 no_data=0  credits_used=2245/2288
[2246/2288] credit 2246  2026-05-29  n=40  SXB572¡­SXD439
    saved ok=40 no_data=0  credits_used=2246/2288
[2247/2288] credit 2247  2026-05-29  n=40  SXD462¡­SXF430
    saved ok=40 no_data=0  credits_used=2247/2288
[2248/2288] credit 2248  2026-05-29  n=40  SXF453¡­SXH262
    saved ok=40 no_data=0  credits_used=2248/2288
[2249/2288] credit 2249  2026-05-29  n=40  SXH337¡­SXK867
    saved ok=40 no_data=0  credits_used=2249/2288
[2250/2288] credit 2250  2026-05-29  n=40  SXK916¡­SXM916
    saved ok=40 no_data=0  credits_used=2250/2288
[2251/2288] credit 2251  2026-05-29  n=40  SXM921¡­SXQ849
    saved ok=39 no_data=1  credits_used=2251/2288
[2252/2288] credit 2252  2026-05-29  n=40  SXQ855¡­SXT730
    saved ok=40 no_data=0  credits_used=2252/2288
[2253/2288] credit 2253  2026-05-29  n=40  SXT731¡­SXW053
    saved ok=40 no_data=0  credits_used=2253/2288
[2254/2288] credit 2254  2026-05-29  n=40  SXW207¡­SXX859
    saved ok=40 no_data=0  credits_used=2254/2288
[2255/2288] credit 2255  2026-05-29  n=40  SXX863¡­SY0598
    saved ok=40 no_data=0  credits_used=2255/2288
[2256/2288] credit 2256  2026-05-29  n=40  SY0606¡­SY7279
    saved ok=40 no_data=0  credits_used=2256/2288
[2257/2288] credit 2257  2026-05-29  n=40  SY7305¡­SZA502
    saved ok=40 no_data=0  credits_used=2257/2288
[2258/2288] credit 2258  2026-05-29  n=40  SZA537¡­SZC859
    saved ok=40 no_data=0  credits_used=2258/2288
[2259/2288] credit 2259  2026-05-29  n=40  SZD007¡­SZE614
    saved ok=40 no_data=0  credits_used=2259/2288
[2260/2288] credit 2260  2026-05-29  n=40  SZE662¡­SZG371
    saved ok=40 no_data=0  credits_used=2260/2288
[2261/2288] credit 2261  2026-05-29  n=40  SZG447¡­SZJ218
    saved ok=39 no_data=1  credits_used=2261/2288
[2262/2288] credit 2262  2026-05-29  n=40  SZJ222¡­SZL129
    saved ok=40 no_data=0  credits_used=2262/2288
[2263/2288] credit 2263  2026-05-29  n=40  SZL211¡­SZM902
    saved ok=40 no_data=0  credits_used=2263/2288
[2264/2288] credit 2264  2026-05-29  n=40  SZM903¡­SZP891
    saved ok=40 no_data=0  credits_used=2264/2288
[2265/2288] credit 2265  2026-05-29  n=40  SZP998¡­SZS253
    saved ok=40 no_data=0  credits_used=2265/2288
[2266/2288] credit 2266  2026-05-29  n=40  SZS294¡­SZU176
    saved ok=40 no_data=0  credits_used=2266/2288
[2267/2288] credit 2267  2026-05-29  n=40  SZU231¡­SZW244
    saved ok=40 no_data=0  credits_used=2267/2288
[2268/2288] credit 2268  2026-05-29  n=40  SZW306¡­SZY063
    saved ok=40 no_data=0  credits_used=2268/2288
[2269/2288] credit 2269  2026-05-29  n=40  SZY164¡­TD929A
    saved ok=40 no_data=0  credits_used=2269/2288
[2270/2288] credit 2270  2026-05-29  n=40  TE104A¡­TN438B
    saved ok=40 no_data=0  credits_used=2270/2288
[2271/2288] credit 2271  2026-05-29  n=40  TN945A¡­TV782A
    saved ok=40 no_data=0  credits_used=2271/2288
[2272/2288] credit 2272  2026-05-29  n=40  TV889B¡­VB056B
    saved ok=40 no_data=0  credits_used=2272/2288
[2273/2288] credit 2273  2026-05-29  n=40  VB230B¡­VG800B
    saved ok=40 no_data=0  credits_used=2273/2288
[2274/2288] credit 2274  2026-05-29  n=40  VG948B¡­VN500A
    saved ok=40 no_data=0  credits_used=2274/2288
[2275/2288] credit 2275  2026-05-29  n=40  VN500B¡­VV271B
    saved ok=40 no_data=0  credits_used=2275/2288
[2276/2288] credit 2276  2026-05-29  n=40  VV342A¡­W7191C
    saved ok=40 no_data=0  credits_used=2276/2288
[2277/2288] credit 2277  2026-05-29  n=40  W7194B¡­XD439A
    saved ok=40 no_data=0  credits_used=2277/2288
[2278/2288] credit 2278  2026-05-29  n=40  XD540A¡­XJ255A
    saved ok=40 no_data=0  credits_used=2278/2288
[2279/2288] credit 2279  2026-05-29  n=40  XJ398A¡­XQ849A
    saved ok=40 no_data=0  credits_used=2279/2288
[2280/2288] credit 2280  2026-05-29  n=40  XQ855A¡­XX291B
    saved ok=40 no_data=0  credits_used=2280/2288
[2281/2288] credit 2281  2026-05-29  n=40  XX323B¡­ZC047B
    saved ok=40 no_data=0  credits_used=2281/2288
[2282/2288] credit 2282  2026-05-29  n=40  ZC166B¡­ZG051C
    saved ok=40 no_data=0  credits_used=2282/2288
[2283/2288] credit 2283  2026-05-29  n=40  ZG281A¡­ZL739A
    saved ok=40 no_data=0  credits_used=2283/2288
[2284/2288] credit 2284  2026-05-29  n=40  ZL758B¡­ZS825A
    saved ok=40 no_data=0  credits_used=2284/2288
[2285/2288] credit 2285  2026-05-29  n=40  ZT363A¡­ZX058A
    saved ok=40 no_data=0  credits_used=2285/2288
[2286/2288] credit 2286  2026-05-29  n=9  ZY063A¡­ZZ559A
    saved ok=9 no_data=0  credits_used=2286/2288
[2287/2288] credit 2287  2026-05-22  n=14  SAVY66¡­STT695
    saved ok=7 no_data=7  credits_used=2287/2288
[2288/2288] credit 2288  2026-05-15  n=1  SBDK46¡­SBDK46
    saved ok=1 no_data=0  credits_used=2288/2288
done. credits_used=2288
