beian_hao,fof99_fund_name,fof99_short_name,fof99_advisor,fof99_price_date,fof99_price_nav,fof99_inception_date,fof99_fund_state,fof99_fund_type,fof99_strategy_one,fof99_strategy_two,in_private_fund_info,list_product_name,list_nav_date,list_nav,table_bucket,in_amac,amac_fund_name,amac_working_state,amac_fund_type,amac_manager,missing_reason
VB087B,潼骁长益增强私募证券投资基金B类份额,潼骁长益增强B类,潼骁投资,2026-09-03,1.3033,2022-03-16,1,2,多资产策略,复合策略,no,,,,not_in_table,no,,,,,not_in_private_fund_info
VB087A,潼骁长益增强私募证券投资基金A类份额,潼骁长益增强A类,潼骁投资,2026-09-03,1.3046,2022-03-16,1,2,多资产策略,复合策略,no,,,,not_in_table,no,,,,,not_in_private_fund_info
TH938C,锐耐诺金一号私募证券投资基金C类份额,锐耐诺金一号C类,上海锐耐,2026-09-03,1.4383,2021-12-01,1,2,期权策略,场内期权,no,,,,not_in_table,no,,,,,not_in_private_fund_info
SZV516,闳云小稳健农产品私募证券投资基金,闳云小稳健农产品,武汉闳云,2026-09-03,1.252,2023-04-28,1,2,期货策略,主观期货,yes,闳云小稳健农产品私募证券投资基金,,,null_nav_date,yes,闳云小稳健农产品私募证券投资基金,正在运作,,武汉闳云私募基金管理有限公司,in_table_null_latest_nav_date
SZJ755,信义利CTA三号私募证券投资基金,信义利CTA三号,深圳信义利资管,2026-09-03,2.1517,2024-04-26,1,2,期货策略,量化期货,yes,信义利CTA三号私募证券投资基金,,,null_nav_date,yes,信义利CTA三号私募证券投资基金,正在运作,私募证券投资基金,深圳信义利资产管理有限公司,in_table_null_latest_nav_date
SXC999,银创源通清泉1号私募证券投资基金,银创源通清泉1号,江苏银创资本,2026-09-03,1.1325,2022-08-29,1,2,组合策略,FOF,yes,银创源通清泉1号私募证券投资基金,,,null_nav_date,yes,银创源通清泉1号私募证券投资基金,正在运作,,江苏银创资本管理有限公司,in_table_null_latest_nav_date
SXB043,格林施通大鹏湾财富三十七期私募证券投资基金,格林施通大鹏湾财富三十七期,深圳格林施通,2026-09-03,0.999,2022-08-05,1,2,股票多头,主观多头,yes,格林施通大鹏湾财富三十七期私募证券投资基金,,,null_nav_date,yes,格林施通大鹏湾财富三十七期私募证券投资基金,正在运作,,深圳市格林施通资产管理有限公司,in_table_null_latest_nav_date
SVH455,益清证金中证500指数增强一号量化私募证券投资基金,益清证金中证500指数增强一号量化,深圳证金投资,2026-09-03,1.9752,2022-03-23,1,2,股票多头,500指增,yes,益清证金中证500指数增强一号量化私募证券投资基金,,,null_nav_date,yes,益清证金中证500指数增强一号量化私募证券投资基金,正在运作,,深圳证金投资管理有限公司,in_table_null_latest_nav_date
SSR090,星阔江月6号私募证券投资基金,星阔江月6号,青岛星阔投资,2026-09-03,1.2581,2021-09-06,1,2,股票多头,,yes,星阔星斗1号全气候量化宏观配置私募证券投资基金,,,null_nav_date,yes,星阔江月6号私募证券投资基金,正在运作,,星阔（青岛）投资管理有限公司,in_table_null_latest_nav_date
SSP904,鹿秀长颈鹿2号私募证券投资基金,鹿秀长颈鹿2号,青岛鹿秀投资,2026-09-03,3.6784,2021-08-31,1,2,股票多头,主观多头,yes,鹿秀长颈鹿2号私募证券投资基金,,,null_nav_date,yes,鹿秀长颈鹿2号私募证券投资基金,正在运作,,青岛鹿秀投资管理有限公司,in_table_null_latest_nav_date
SLT169,景星麟凤私募证券投资基金,景星麟凤,北京景星资管,2026-09-03,0.5275,2020-09-08,1,2,股票多头,主观多头,yes,景星麟凤私募证券投资基金,,,null_nav_date,yes,景星麟凤私募证券投资基金,正在运作,,北京景星资产管理有限公司,in_table_null_latest_nav_date
SLH288,格林施通大鹏湾财富十五期私募证券投资基金,格林施通大鹏湾财富十五期,深圳格林施通,2026-09-03,1.1517,2020-07-13,1,2,股票多头,主观多头,yes,格林施通大鹏湾财富十五期私募证券投资基金,,,null_nav_date,yes,格林施通大鹏湾财富十五期私募证券投资基金,正在运作,,深圳市格林施通资产管理有限公司,in_table_null_latest_nav_date
SLG132,景星庆云私募证券投资基金,景星庆云,北京景星资管,2026-09-03,0.7243,2020-07-20,1,2,股票多头,主观多头,yes,景星庆云私募证券投资基金,,,null_nav_date,yes,景星庆云私募证券投资基金,正在运作,,北京景星资产管理有限公司,in_table_null_latest_nav_date
SJM831,信安成长七号私募证券投资基金,信安成长七号,深圳大华信安,2026-09-03,1.445,2020-06-17,1,2,股票多头,主观多头,yes,信安成长七号私募证券投资基金,,,null_nav_date,yes,信安成长七号私募证券投资基金,正在运作,,深圳大华信安私募证券基金管理企业（有限合伙）,in_table_null_latest_nav_date
SJA141,格林施通-大鹏湾财富十三期私募证券投资基金,格林施通-大鹏湾财富十三期,深圳格林施通,2026-09-03,1.909,2019-09-23,1,2,股票多头,主观多头,yes,格林施通-大鹏湾财富十三期私募证券投资基金,,,null_nav_date,yes,格林施通-大鹏湾财富十三期私募证券投资基金,正在运作,,深圳市格林施通资产管理有限公司,in_table_null_latest_nav_date
SBWD42,兰盈量曜市场中性1号私募证券投资基金,兰盈量曜市场中性1号,上海兰盈量投,2026-09-03,1.0242,2026-06-30,1,2,股票对冲,,yes,兰盈量曜市场中性1号私募证券投资基金,,,null_nav_date,yes,兰盈量曜市场中性1号私募证券投资基金,正在运作,,兰盈量投私募基金管理（上海）有限公司,in_table_null_latest_nav_date
SBVS79,赢仕创鑫9号私募证券投资基金,赢仕创鑫9号,上海赢仕投资,2026-09-03,1.046,2026-04-13,1,2,股票多头,,yes,赢仕创鑫9号私募证券投资基金,,,null_nav_date,yes,赢仕创鑫9号私募证券投资基金,正在运作,私募证券投资基金,上海赢仕投资管理有限公司,in_table_null_latest_nav_date
SBPT04,星旭趋势先锋1号私募证券投资基金,星旭趋势先锋1号,上海星旭佳诚,2026-09-03,1.0939,2026-03-16,1,2,股票多头,,yes,星旭趋势先锋1号私募证券投资基金,,,null_nav_date,yes,星旭趋势先锋1号私募证券投资基金,正在运作,私募证券投资基金,上海星旭佳诚私募基金管理有限公司,in_table_null_latest_nav_date
SBPK11,乾铭满晟1号私募证券投资基金,乾铭满晟1号,浙江乾铭,2026-09-03,0.6484,2026-01-20,1,2,股票多头,,yes,乾铭满晟1号私募证券投资基金,,,null_nav_date,yes,乾铭满晟1号私募证券投资基金,正在运作,私募证券投资基金,浙江乾铭私募基金管理有限公司,in_table_null_latest_nav_date
SBPA37,抱朴石笃行1号私募证券投资基金,抱朴石笃行1号,厦门抱朴石,2026-09-03,0.755,2026-01-19,1,2,股票多头,,yes,抱朴石笃行1号私募证券投资基金,,,null_nav_date,yes,抱朴石笃行1号私募证券投资基金,正在运作,,厦门抱朴石私募基金管理有限公司,in_table_null_latest_nav_date
SBLN23,尚信配置系列多元资产A001私募证券投资基金,尚信配置系列多元资产A001,上海尚信健投资管,2026-09-03,1.0233,2025-12-01,1,2,股票多头,,yes,尚信配置系列多元资产A001私募证券投资基金,,,null_nav_date,yes,尚信配置系列多元资产A001私募证券投资基金,正在运作,私募证券投资基金,尚信健投资产管理（上海）有限责任公司,in_table_null_latest_nav_date
SBKZ80,星旭微盘股1号私募证券投资基金,星旭微盘股1号,上海星旭佳诚,2026-09-03,0.9594,2026-01-16,1,2,股票多头,,yes,星旭微盘股1号私募证券投资基金,,,null_nav_date,yes,星旭微盘股1号私募证券投资基金,正在运作,私募证券投资基金,上海星旭佳诚私募基金管理有限公司,in_table_null_latest_nav_date
SBKV71,东源A500指数策略2号私募证券投资基金,东源A500指数策略2号,天津东源投资,2026-09-03,1.0268,2025-12-03,1,2,股票多头,A500指增,yes,东源A500指数策略2号私募证券投资基金,,,null_nav_date,yes,东源A500指数策略2号私募证券投资基金,正在运作,私募证券投资基金,东源（天津）股权投资基金管理股份有限公司,in_table_null_latest_nav_date
SBKJ28,恒如全天候守心3号私募证券投资基金,恒如全天候守心3号,上海恒如投资,2026-09-03,0.9863,2025-12-05,1,2,多资产策略,复合策略,yes,恒如全天候守心3号私募证券投资基金,,,null_nav_date,yes,恒如全天候守心3号私募证券投资基金,正在运作,私募证券投资基金,上海恒如投资管理有限公司,in_table_null_latest_nav_date
SBJR76,兰盈量曜中证2000增强1号私募证券投资基金,兰盈量曜中证2000增强1号,上海兰盈量投,2026-09-03,1.0351,2026-01-19,1,2,股票多头,2000指增,yes,兰盈量曜中证2000增强1号私募证券投资基金,,,null_nav_date,yes,兰盈量曜中证2000增强1号私募证券投资基金,正在运作,私募证券投资基金,兰盈量投私募基金管理（上海）有限公司,in_table_null_latest_nav_date
SBJL75,东源中证1000指数策略3号私募证券投资基金,东源中证1000指数策略3号,天津东源投资,2026-09-03,1.178,2025-11-13,1,2,股票多头,1000指增,yes,东源中证1000指数策略3号私募证券投资基金,,,null_nav_date,yes,东源中证1000指数策略3号私募证券投资基金,正在运作,私募证券投资基金,东源（天津）股权投资基金管理股份有限公司,in_table_null_latest_nav_date
SBGZ95,东源中证1000指数策略2号私募证券投资基金,东源中证1000指数策略2号,天津东源投资,2026-09-03,1.1445,2025-10-13,1,2,股票多头,1000指增,yes,东源中证1000指数策略2号私募证券投资基金,,,null_nav_date,yes,东源中证1000指数策略2号私募证券投资基金,正在运作,私募证券投资基金,东源（天津）股权投资基金管理股份有限公司,in_table_null_latest_nav_date
SBFS71,迦亿和光1号私募证券投资基金,迦亿和光1号,上海迦亿,2026-09-03,1.1896,2025-09-15,1,2,多资产策略,宏观策略,yes,迦亿和光1号私募证券投资基金,,,null_nav_date,yes,迦亿和光1号私募证券投资基金,正在运作,私募证券投资基金,上海迦亿私募基金管理有限公司,in_table_null_latest_nav_date
SBFR58,东源投资汇安中性1号私募证券投资基金,东源投资汇安中性1号,天津东源投资,2026-09-03,1.0204,2025-10-31,1,2,股票对冲,,yes,东源投资汇安中性1号私募证券投资基金,,,null_nav_date,yes,东源投资汇安中性1号私募证券投资基金,正在运作,私募证券投资基金,东源（天津）股权投资基金管理股份有限公司,in_table_null_latest_nav_date
SB0386,禧悦稳健三石3号私募证券投资基金,禧悦稳健三石3号,北京禧悦,2026-09-03,1.0339,2026-07-09,1,2,股票多头,,yes,禧悦稳健三石3号私募证券投资基金,,,null_nav_date,yes,禧悦稳健三石3号私募证券投资基金,正在运作,,北京禧悦私募基金管理有限公司,in_table_null_latest_nav_date
SAWT56,金岭中诚信防御型100股票指数增强1号私募证券投资基金,金岭中诚信防御型100股票指数增强1号,青岛金岭,2026-09-03,1.0256,2025-04-15,1,2,股票多头,,yes,金岭中诚信防御型100股票指数增强1号私募证券投资基金,,,null_nav_date,yes,金岭中诚信防御型100股票指数增强1号私募证券投资基金,正在运作,私募证券投资基金,青岛金岭私募基金管理有限公司,in_table_null_latest_nav_date
SAVN04,捷荆天策启航5号私募证券投资基金,捷荆天策启航5号,浙江捷荆,2026-09-03,1.0107,2025-03-14,1,2,期权策略,,yes,捷荆天策启航5号私募证券投资基金,,,null_nav_date,yes,捷荆天策启航5号私募证券投资基金,正在运作,私募证券投资基金,浙江捷荆私募基金管理有限公司,in_table_null_latest_nav_date
SAVM56,兰盈量曜量化选股1号私募证券投资基金,兰盈量曜量化选股1号,上海兰盈量投,2026-09-03,0.9766,2026-06-30,1,2,股票多头,量化选股,yes,兰盈量曜量化选股1号私募证券投资基金,,,null_nav_date,yes,兰盈量曜量化选股1号私募证券投资基金,正在运作,,兰盈量投私募基金管理（上海）有限公司,in_table_null_latest_nav_date
SAVG07,九招盛世三号私募证券投资基金,九招盛世三号,武汉九招,2026-09-03,1.1609,2025-03-20,1,2,股票多头,可转债多头,yes,九招盛世三号私募证券投资基金,,,null_nav_date,yes,九招盛世三号私募证券投资基金,正在运作,私募证券投资基金,武汉九招私募基金管理有限公司,in_table_null_latest_nav_date
SAUH74,东源A500指数策略鑫享1号私募证券投资基金,东源A500指数策略鑫享1号,天津东源投资,2026-09-03,1.101,2025-02-25,1,2,股票多头,A500指增,yes,东源A500指数策略鑫享1号私募证券投资基金,,,null_nav_date,yes,东源A500指数策略鑫享1号私募证券投资基金,正在运作,私募证券投资基金,东源（天津）股权投资基金管理股份有限公司,in_table_null_latest_nav_date
SARH47,东源省心享中证A500兴泰进享1号私募证券投资基金,东源省心享中证A500兴泰进享1号,天津东源投资,2026-09-03,1.3799,2024-11-27,1,2,股票多头,A500指增,yes,东源省心享中证A500兴泰进享1号私募证券投资基金,,,null_nav_date,yes,东源省心享中证A500兴泰进享1号私募证券投资基金,正在运作,私募证券投资基金,东源（天津）股权投资基金管理股份有限公司,in_table_null_latest_nav_date
SARE96,乾铭满弘1号私募证券投资基金,乾铭满弘1号,浙江乾铭,2026-09-03,1.0737,2024-12-04,1,2,股票多头,,yes,乾铭满弘1号私募证券投资基金,,,null_nav_date,yes,乾铭满弘1号私募证券投资基金,正在运作,,浙江乾铭私募基金管理有限公司,in_table_null_latest_nav_date
SAQN37,龙智福星2号私募证券投资基金,龙智福星2号,广州龙智投资,2026-09-03,1.0078,2026-06-08,1,2,套利策略,,yes,龙智福星2号私募证券投资基金,,,null_nav_date,yes,龙智福星2号私募证券投资基金,正在运作,私募证券投资基金,广州市龙智投资管理有限公司,in_table_null_latest_nav_date
SAQF46,乾铭满星策略精选1号私募证券投资基金,乾铭满星策略精选1号,浙江乾铭,2026-09-03,0.9981,2024-11-14,1,2,股票多头,,yes,乾铭满星策略精选1号私募证券投资基金,,,null_nav_date,yes,乾铭满星策略精选1号私募证券投资基金,正在运作,私募证券投资基金,浙江乾铭私募基金管理有限公司,in_table_null_latest_nav_date
SALA06,抱朴石守正CTA1号私募证券投资基金,抱朴石守正CTA1号,厦门抱朴石,2026-09-03,1.0364,2026-04-23,1,2,期货策略,,yes,抱朴石守正CTA1号私募证券投资基金,,,null_nav_date,yes,抱朴石守正CTA1号私募证券投资基金,正在运作,,厦门抱朴石私募基金管理有限公司,in_table_null_latest_nav_date
SAKV85,阳泽启元1号私募证券投资基金,阳泽启元1号,杭州阳泽,2026-09-03,0.9292,2026-06-02,1,2,股票对冲,,yes,阳泽启元1号私募证券投资基金,,,null_nav_date,yes,阳泽启元1号私募证券投资基金,正在运作,私募证券投资基金,杭州阳泽私募基金管理有限公司,in_table_null_latest_nav_date
SAFH25,赢仕天阔私募证券投资基金,赢仕天阔,上海赢仕投资,2026-09-03,1.096,2026-05-18,1,2,股票多头,,yes,赢仕天阔私募证券投资基金,,,null_nav_date,yes,赢仕天阔私募证券投资基金,正在运作,私募证券投资基金,上海赢仕投资管理有限公司,in_table_null_latest_nav_date
SAEJ68,禧悦稳健三石2号私募证券投资基金,禧悦稳健三石2号,北京禧悦,2026-09-03,0.7164,2026-05-08,1,2,股票多头,,yes,禧悦稳健三石2号私募证券投资基金,,,null_nav_date,yes,禧悦稳健三石2号私募证券投资基金,正在运作,私募证券投资基金,北京禧悦私募基金管理有限公司,in_table_null_latest_nav_date
SADJ97,量子智盈8号私募证券投资基金,量子智盈8号,北京量子金服资管,2026-09-03,1.0039,2026-05-29,1,2,股票多头,,yes,量子智盈8号私募证券投资基金,,,null_nav_date,yes,量子智盈8号私募证券投资基金,正在运作,,北京量子金服资产管理有限责任公司,in_table_null_latest_nav_date
NA882B,潼骁新资产2号私募证券投资基金B类份额,潼骁新资产2号B类,潼骁投资,2026-09-03,0.9231,2020-11-19,1,2,多资产策略,复合策略,no,,,,not_in_table,no,,,,,not_in_private_fund_info
BSF60B,睿启科技智选专享私募证券投资基金B类份额,睿启科技智选专享B类,无锡睿启,2026-09-03,1.1466,2026-03-02,1,2,股票多头,主观多头,no,,,,not_in_table,no,,,,,not_in_private_fund_info
BJR76C,兰盈量曜中证2000增强1号私募证券投资基金C类份额,兰盈量曜中证2000增强1号C类,上海兰盈量投,2026-09-03,1.0351,2026-01-19,1,2,股票多头,2000指增,no,,,,not_in_table,no,,,,,not_in_private_fund_info
BJR76B,兰盈量曜中证2000增强1号私募证券投资基金B类份额,兰盈量曜中证2000增强1号B类,上海兰盈量投,2026-09-03,1.0352,2026-01-19,1,2,股票多头,2000指增,no,,,,not_in_table,no,,,,,not_in_private_fund_info
BJR76A,兰盈量曜中证2000增强1号私募证券投资基金A类份额,兰盈量曜中证2000增强1号A类,上海兰盈量投,2026-09-03,1.0351,2026-01-19,1,2,股票多头,2000指增,no,,,,not_in_table,no,,,,,not_in_private_fund_info
AZC80A,路远睿泽8号私募证券投资基金A类份额,路远睿泽8号A类,海南路远,2026-09-03,1.5649,2025-05-30,1,2,多资产策略,宏观策略,no,,,,not_in_table,no,,,,,not_in_private_fund_info
AXH50A,九木CTA1号私募证券投资基金A类份额,九木CTA1号A类,深圳九木,2026-09-03,1.2817,2025-04-22,1,2,期货策略,量化期货,no,,,,not_in_table,no,,,,,not_in_private_fund_info
AVV99B,简文致盛尊享一号私募证券投资基金B类份额,简文致盛尊享一号B类,上海简文,2026-09-03,1.4746,2025-03-21,1,2,股票对冲,择时对冲,no,,,,not_in_table,no,,,,,not_in_private_fund_info
AVU70B,富赢尊享2号私募证券投资基金B类份额,富赢尊享2号B类,富赢资产,2026-09-03,1.3281,2025-04-18,1,2,股票多头,量化选股,no,,,,not_in_table,no,,,,,not_in_private_fund_info
AUH74C,东源A500指数策略鑫享1号私募证券投资基金C类份额,东源A500指数策略鑫享1号C类,天津东源投资,2026-09-03,1.095,2025-02-25,1,2,股票多头,A500指增,no,,,,not_in_table,no,,,,,not_in_private_fund_info
AUH74B,东源A500指数策略鑫享1号私募证券投资基金B类份额,东源A500指数策略鑫享1号B类,天津东源投资,2026-09-03,1.099,2025-02-25,1,2,股票多头,A500指增,no,,,,not_in_table,no,,,,,not_in_private_fund_info
AUH74A,东源A500指数策略鑫享1号私募证券投资基金A类份额,东源A500指数策略鑫享1号A类,天津东源投资,2026-09-03,1.107,2025-02-25,1,2,股票多头,A500指增,no,,,,not_in_table,no,,,,,not_in_private_fund_info
AEB28C,瀛赐创瀛私募证券投资基金C类份额,瀛赐创瀛C类,上海瀛赐,2026-09-03,1.9124,2024-01-15,1,2,股票多头,主观多头,no,,,,not_in_table,no,,,,,not_in_private_fund_info
ADB38A,皓然拓实七号私募证券投资基金A类份额,皓然拓实七号A类,北京皓然投资,2026-09-03,2.2637,2023-11-06,1,2,多资产策略,宏观策略,no,,,,not_in_table,no,,,,,not_in_private_fund_info
AAK02A,吉余李字壹号私募证券投资基金A类份额,吉余李字壹号A类,上海吉余,2026-09-03,1.1408,2023-08-29,1,2,期货策略,主观期货,no,,,,not_in_table,no,,,,,not_in_private_fund_info
AAH58C,梵星咬金2号私募证券投资基金C类份额,梵星咬金2号C类,上海梵星,2026-09-03,2.607,2025-02-20,1,2,股票多头,主观多头,no,,,,not_in_table,no,,,,,not_in_private_fund_info
ZS789A,广金庄周桥梁2号私募证券投资基金A类份额,广金庄周桥梁2号A类,广州广金,2026-09-02,7.9829,2023-04-11,1,2,股票多头,主观多头,no,,,,not_in_table,no,,,,,not_in_private_fund_info
XU800C,大道寰球全球精选组合三号私募证券投资基金C类份额,大道寰球全球精选组合三号C类,宁波大道寰球,2026-09-02,1.9727,2022-11-25,1,2,股票多头,主观多头,no,,,,not_in_table,no,,,,,not_in_private_fund_info
VN043A,铨景成长1号私募证券投资基金A类份额,铨景成长1号A类,泉州铨景,2026-09-02,0.8545,2022-04-22,1,2,多资产策略,复合策略,no,,,,not_in_table,no,,,,,not_in_private_fund_info
SZS789,广金庄周桥梁2号私募证券投资基金,广金庄周桥梁2号,广州广金,2026-09-02,7.9829,2023-04-11,1,2,股票多头,主观多头,yes,广金庄周桥梁2号私募证券投资基金,,,null_nav_date,yes,广金庄周桥梁2号私募证券投资基金,正在运作,,广州广金私募基金管理有限公司,in_table_null_latest_nav_date
SZK291,宽德中证500指数增强33号私募证券投资基金,宽德中证500指数增强33号,珠海宽德,2026-09-02,1.368,2023-03-27,1,2,股票多头,500指增,yes,宽德中证500指数增强33号私募证券投资基金,,,null_nav_date,yes,宽德中证500指数增强33号私募证券投资基金,正在运作,,珠海宽德私募基金管理有限公司,in_table_null_latest_nav_date
SXU137,品润鲸鲨二号私募证券投资基金,品润鲸鲨二号,浙江品润投资,2026-09-02,1.2283,2022-12-12,1,2,股票多头,主观多头,yes,品润鲸鲨二号私募证券投资基金,,,null_nav_date,yes,品润鲸鲨二号私募证券投资基金,正在运作,,浙江品润投资管理有限公司,in_table_null_latest_nav_date
SXS212,望水泉涓流1号私募证券投资基金,望水泉涓流1号,山东望水泉,2026-09-02,1.0075,2022-12-01,1,2,债券策略,,yes,望水泉涓流1号私募证券投资基金,,,null_nav_date,yes,望水泉涓流1号私募证券投资基金,正在运作,,山东望水泉私募投资基金有限公司,in_table_null_latest_nav_date
ST9166,东宏蓝筹进取1号私募证券投资基金,东宏蓝筹进取1号,山东东宏,2026-09-02,4.928,2017-06-23,1,2,股票多头,主观多头,yes,东宏蓝筹进取1号私募证券投资基金,,,null_nav_date,yes,东宏蓝筹进取1号私募证券投资基金,正在运作,,山东东宏私募基金管理有限公司,in_table_null_latest_nav_date
SS5414,创金FOF一号基金,创金FOF一号基金,嘉兴明道投资,2026-09-02,2.172,2015-03-31,1,2,组合策略,FOF,yes,创金FOF一号基金,,,null_nav_date,yes,创金FOF一号基金,正在运作,,嘉兴明道投资管理有限公司,in_table_null_latest_nav_date
SQS445,格林施通大鹏湾财富二十四期私募证券投资基金,格林施通大鹏湾财富二十四期,深圳格林施通,2026-09-02,0.921,2021-06-08,1,2,股票多头,主观多头,yes,格林施通大鹏湾财富二十四期私募证券投资基金,,,null_nav_date,yes,格林施通大鹏湾财富二十四期私募证券投资基金,正在运作,,深圳市格林施通资产管理有限公司,in_table_null_latest_nav_date
SQK991,格林施通大鹏湾财富二十二期私募证券投资基金,格林施通大鹏湾财富二十二期,深圳格林施通,2026-09-02,0.86,2021-05-14,1,2,股票多头,主观多头,yes,格林施通大鹏湾财富二十二期私募证券投资基金,,,null_nav_date,yes,格林施通大鹏湾财富二十二期私募证券投资基金,正在运作,,深圳市格林施通资产管理有限公司,in_table_null_latest_nav_date
SQA413,格林施通大鹏湾财富二十一期私募证券投资基金,格林施通大鹏湾财富二十一期,深圳格林施通,2026-09-02,1.048,2021-03-12,1,2,股票多头,主观多头,yes,格林施通大鹏湾财富二十一期私募证券投资基金,,,null_nav_date,yes,格林施通大鹏湾财富二十一期私募证券投资基金,正在运作,,深圳市格林施通资产管理有限公司,in_table_null_latest_nav_date
SNQ839,格林施通大鹏湾财富十九期私募证券投资基金,格林施通大鹏湾财富十九期,深圳格林施通,2026-09-02,1.06,2021-01-15,1,2,股票多头,主观多头,yes,格林施通大鹏湾财富十九期私募证券投资基金,,,null_nav_date,yes,格林施通大鹏湾财富十九期私募证券投资基金,正在运作,,深圳市格林施通资产管理有限公司,in_table_null_latest_nav_date
SLL263,格林施通大鹏湾财富十六期私募证券投资基金,格林施通大鹏湾财富十六期,深圳格林施通,2026-09-02,1.0777,2020-07-24,1,2,股票多头,主观多头,yes,格林施通大鹏湾财富十六期私募证券投资基金,,,null_nav_date,yes,格林施通大鹏湾财富十六期私募证券投资基金,正在运作,,深圳市格林施通资产管理有限公司,in_table_null_latest_nav_date
SGV264,宽德睿昕春晓9号私募证券投资基金,宽德睿昕春晓9号,珠海宽德,2026-09-02,0.982,2019-07-26,1,2,期货策略,量化期货,yes,宽德睿昕春晓9号私募证券投资基金,,,null_nav_date,yes,宽德睿昕春晓9号私募证券投资基金,正在运作,,珠海宽德私募基金管理有限公司,in_table_null_latest_nav_date
SEW407,宽德睿昕对冲1号私募证券投资基金,宽德睿昕对冲1号,珠海宽德,2026-09-02,1.1309,2018-12-20,1,2,股票对冲,股票市场中性,yes,宽德睿昕对冲1号私募证券投资基金,,,null_nav_date,yes,宽德睿昕对冲1号私募证券投资基金,正在运作,,珠海宽德私募基金管理有限公司,in_table_null_latest_nav_date
SBTF72,富腾大象06号平衡增长私募证券投资基金,富腾大象06号平衡增长,深圳富腾,2026-09-02,0.842,2026-05-11,1,2,股票多头,,yes,富腾大象06号平衡增长私募证券投资基金,,,null_nav_date,yes,富腾大象06号平衡增长私募证券投资基金,正在运作,私募证券投资基金,深圳市富腾私募证券基金管理有限公司,in_table_null_latest_nav_date
SBQA38,理博晨星6号私募证券投资基金,理博晨星6号,杭州理博,2026-09-02,0.9539,2026-01-22,1,2,股票多头,,yes,理博晨星6号私募证券投资基金,,,null_nav_date,yes,理博晨星6号私募证券投资基金,正在运作,私募证券投资基金,杭州理博私募基金管理有限公司,in_table_null_latest_nav_date
SBNQ36,吉余翔元1号私募证券投资基金,吉余翔元1号,上海吉余,2026-09-02,1.6469,2026-01-16,1,2,期货策略,,yes,吉余翔元1号私募证券投资基金,,,null_nav_date,yes,吉余翔元1号私募证券投资基金,正在运作,私募证券投资基金,上海吉余私募基金管理有限公司,in_table_null_latest_nav_date
SBNK33,楚恒创新药产业精选主题私募证券投资基金,楚恒创新药产业精选主题,湖南楚恒资管,2026-09-02,2.0228,2026-01-15,1,2,其他,,yes,楚恒创新药产业精选主题私募证券投资基金,,,null_nav_date,yes,楚恒创新药产业精选主题私募证券投资基金,正在运作,私募证券投资基金,湖南楚恒资产管理有限公司,in_table_null_latest_nav_date
SBKB21,富腾万里成长型私募证券投资基金,富腾万里成长型,深圳富腾,2026-09-02,0.986,2026-07-13,1,2,股票多头,,yes,富腾万里成长型私募证券投资基金,,,null_nav_date,yes,富腾万里成长型私募证券投资基金,正在运作,,深圳市富腾私募证券基金管理有限公司,in_table_null_latest_nav_date
SBJN93,钧富超级全天候6号私募证券投资基金,钧富超级全天候6号,杭州钧富投资,2026-09-02,1.0061,2025-12-05,1,2,多资产策略,复合策略,yes,钧富超级全天候6号私募证券投资基金,,,null_nav_date,yes,钧富超级全天候6号私募证券投资基金,正在运作,私募证券投资基金,杭州钧富投资管理合伙企业（有限合伙）,in_table_null_latest_nav_date
SBCN34,托特信享300对冲1号私募证券投资基金,托特信享300对冲1号,三亚托特,2026-09-02,1.1265,2025-08-08,1,2,股票对冲,股票市场中性,yes,托特信享300对冲1号私募证券投资基金,,,null_nav_date,yes,托特信享300对冲1号私募证券投资基金,正在运作,,托特（三亚）私募基金管理有限公司,in_table_null_latest_nav_date
SBBQ06,倍漾市场中性六期2号私募证券投资基金,倍漾市场中性六期2号,南京倍漾,2026-09-02,1.0006,2025-07-30,1,2,股票对冲,,yes,倍漾市场中性六期2号私募证券投资基金,,,null_nav_date,yes,倍漾市场中性六期2号私募证券投资基金,正在运作,私募证券投资基金,南京倍漾私募基金管理有限公司,in_table_null_latest_nav_date
SBBF81,富犇安盈二号私募证券投资基金,富犇安盈二号,上海富犇投资,2026-09-02,1.0896,2025-07-10,1,2,期货策略,,yes,富犇安盈二号私募证券投资基金,,,null_nav_date,yes,富犇安盈二号私募证券投资基金,正在运作,私募证券投资基金,上海富犇投资管理有限公司,in_table_null_latest_nav_date
SB1879,望华卓越长顺私募证券投资基金,望华卓越长顺,青岛望华卓越投资,2026-09-02,0.992,2026-06-25,1,2,股票多头,,yes,望华卓越长顺私募证券投资基金,,,null_nav_date,yes,望华卓越长顺私募证券投资基金,正在运作,私募证券投资基金,望华卓越（青岛）投资管理有限公司,in_table_null_latest_nav_date
SAYD55,乾铭颂瑞FOF2号私募证券投资基金,乾铭颂瑞FOF2号,浙江乾铭,2026-09-02,1.06,2025-06-04,1,2,组合策略,FOF,yes,乾铭颂瑞FOF2号私募证券投资基金,,,null_nav_date,yes,乾铭颂瑞FOF2号私募证券投资基金,正在运作,私募证券投资基金,浙江乾铭私募基金管理有限公司,in_table_null_latest_nav_date
SAYC06,倍漾市场中性六期1号私募证券投资基金,倍漾市场中性六期1号,南京倍漾,2026-09-02,1.0004,2025-07-30,1,2,股票对冲,,yes,倍漾市场中性六期1号私募证券投资基金,,,null_nav_date,yes,倍漾市场中性六期1号私募证券投资基金,正在运作,私募证券投资基金,南京倍漾私募基金管理有限公司,in_table_null_latest_nav_date
SAYA22,富腾四海价值成长私募证券投资基金,富腾四海价值成长,深圳富腾,2026-09-02,0.9879,2026-06-24,1,2,股票多头,,yes,富腾四海价值成长私募证券投资基金,,,null_nav_date,yes,富腾四海价值成长私募证券投资基金,正在运作,私募证券投资基金,深圳市富腾私募证券基金管理有限公司,in_table_null_latest_nav_date
SAXJ41,今通新锐千里马1000指数增强私募证券投资基金,今通新锐千里马1000指数增强,上海今通投资,2026-09-02,1.3172,2025-06-11,1,2,股票多头,1000指增,yes,今通新锐千里马1000指数增强私募证券投资基金,,,null_nav_date,yes,今通新锐千里马1000指数增强私募证券投资基金,正在运作,,上海今通投资管理有限公司,in_table_null_latest_nav_date
SATF25,乾铭颂瑞FOF1号私募证券投资基金,乾铭颂瑞FOF1号,浙江乾铭,2026-09-02,1.0013,2025-02-11,1,2,组合策略,FOF,yes,乾铭颂瑞FOF1号私募证券投资基金,,,null_nav_date,yes,乾铭颂瑞FOF1号私募证券投资基金,正在运作,私募证券投资基金,浙江乾铭私募基金管理有限公司,in_table_null_latest_nav_date
SART52,远信广益宏观多元策略私募证券投资基金1期,远信广益宏观多元策略1期,珠海远信,2026-09-02,1.0795,2024-12-25,1,2,多资产策略,宏观策略,yes,远信广益宏观多元策略私募证券投资基金1期,,,null_nav_date,yes,远信广益宏观多元策略私募证券投资基金1期,正在运作,私募证券投资基金,远信（珠海）私募基金管理有限公司,in_table_null_latest_nav_date
SAQX83,金岭中诚信金家岭对冲基金指数增强2号私募证券投资基金,金岭中诚信金家岭对冲基金指数增强2号,青岛金岭,2026-09-02,0.9981,2025-01-15,1,2,组合策略,FOF,yes,金岭中诚信金家岭对冲基金指数增强2号私募证券投资基金,,,null_nav_date,yes,金岭中诚信金家岭对冲基金指数增强2号私募证券投资基金,正在运作,,青岛金岭私募基金管理有限公司,in_table_null_latest_nav_date
SANT34,乾铭美盈稳健增强1号私募证券投资基金,乾铭美盈稳健增强1号,浙江乾铭,2026-09-02,1.0919,2024-08-29,1,2,股票多头,,yes,乾铭美盈稳健增强1号私募证券投资基金,,,null_nav_date,yes,乾铭美盈稳健增强1号私募证券投资基金,正在运作,私募证券投资基金,浙江乾铭私募基金管理有限公司,in_table_null_latest_nav_date
SAGH34,润磁天天盈1号私募证券投资基金,润磁天天盈1号,上海润磁,2026-09-02,1.042,2024-01-30,1,2,股票多头,,yes,润磁天天盈1号私募证券投资基金,,,null_nav_date,yes,润磁天天盈1号私募证券投资基金,正在运作,私募证券投资基金,上海润磁私募基金管理有限公司,in_table_null_latest_nav_date
SAGE45,在赢利贞一号私募证券投资基金,在赢利贞一号,浙江在赢,2026-09-02,1.3152,2024-02-01,1,2,套利策略,,yes,在赢利贞一号私募证券投资基金,,,null_nav_date,yes,在赢利贞一号私募证券投资基金,正在运作,私募证券投资基金,浙江在赢私募基金管理有限公司,in_table_null_latest_nav_date
SADZ27,江天星耀一期私募证券投资基金,江天星耀一期,上海江天,2026-09-02,0.9345,2023-11-28,1,2,股票多头,主观多头,yes,江天星耀一期私募证券投资基金,,,null_nav_date,yes,江天星耀一期私募证券投资基金,正在运作,私募证券投资基金,上海江天私募基金管理有限公司,in_table_null_latest_nav_date
LM406B,优美利好买专享6号私募证券投资基金B类份额,优美利好买专享6号B类,深圳优美利投资,2026-09-02,1.4966,2020-08-20,1,2,多资产策略,复合策略,no,,,,not_in_table,no,,,,,not_in_private_fund_info
LM406A,优美利好买专享6号私募证券投资基金A类份额,优美利好买专享6号A类,深圳优美利投资,2026-09-02,1.1681,2020-08-20,1,2,多资产策略,复合策略,no,,,,not_in_table,no,,,,,not_in_private_fund_info
BUJ71C,璞桥价值优选1号私募证券投资基金C类份额,璞桥价值优选1号C类,上海璞桥私募,2026-09-02,0.9907,2026-03-30,1,2,股票多头,主观多头,no,,,,not_in_table,no,,,,,not_in_private_fund_info
B0905B,赢仕天府私募证券投资基金B类份额,赢仕天府B类,上海赢仕投资,2026-09-02,1.082,2026-06-17,1,2,期货策略,量化期货,no,,,,not_in_table,no,,,,,not_in_private_fund_info
B0905A,赢仕天府私募证券投资基金A类份额,赢仕天府A类,上海赢仕投资,2026-09-02,1.083,2026-06-17,1,2,期货策略,量化期货,no,,,,not_in_table,no,,,,,not_in_private_fund_info
AXT66A,笃诚共赢2号私募证券投资基金A类份额,笃诚共赢2号A类,上海笃诚,2026-09-02,1.2011,2025-09-23,1,2,股票多头,,no,,,,not_in_table,no,,,,,not_in_private_fund_info
AXJ41A,今通新锐千里马1000指数增强私募证券投资基金A类份额,今通新锐千里马1000指数增强A类,上海今通投资,2026-09-02,1.3172,2025-06-11,1,2,股票多头,1000指增,no,,,,not_in_table,no,,,,,not_in_private_fund_info
ASR68B,嘉和路战队精选配置1号私募证券投资基金B类份额,嘉和路战队精选配置1号B类,温州嘉和,2026-09-02,1.1302,2025-02-17,1,2,组合策略,FOF,no,,,,not_in_table,no,,,,,not_in_private_fund_info
APT69A,鑫垣基金翔尹成长七号私募证券投资基金A类份额,鑫垣基金翔尹成长七号A类,上海鑫垣,2026-09-02,2.3033,2024-12-06,1,2,股票多头,,no,,,,not_in_table,no,,,,,not_in_private_fund_info
XA388A,佳祺A30指数增强一号私募证券投资基金A类份额,佳祺A30指数增强一号A类,杭州佳祺资管,2026-09-01,1.0349,2022-08-25,1,2,股票多头,另类多头,no,,,,not_in_table,no,,,,,not_in_private_fund_info
VH389B,聚象标普500指数增强私募证券投资基金B类份额,聚象标普500指数增强B类,厦门聚象,2026-09-01,1.4676,2022-03-21,1,2,股票多头,500指增,no,,,,not_in_table,no,,,,,not_in_private_fund_info
TW208C,棱镜乾量中证1000指数增强1号私募证券投资基金C类份额,棱镜乾量中证1000指数增强1号C类,北京棱镜,2026-09-01,1.6546,2022-02-15,1,2,股票多头,1000指增,no,,,,not_in_table,no,,,,,not_in_private_fund_info
SZZ498,赤祺5号私募证券投资基金,赤祺5号,上海赤祺资管,2026-09-01,0.7779,2023-07-18,1,2,股票多头,主观多头,yes,赤祺5号私募证券投资基金,,,null_nav_date,yes,赤祺5号私募证券投资基金,正在运作,,上海赤祺资产管理有限公司,in_table_null_latest_nav_date
SZY020,乘风共成基石私募证券投资基金,乘风共成基石,珠海横琴乘风,2026-09-01,0.8884,2023-05-18,1,2,股票多头,,yes,乘风共成基石私募证券投资基金,,,null_nav_date,yes,乘风共成基石私募证券投资基金,正在运作,,珠海横琴乘风私募基金管理合伙企业（有限合伙）,in_table_null_latest_nav_date
SZP731,希尔爱军混合对冲六号私募证券投资基金,希尔爱军混合对冲六号,成都希尔,2026-09-01,1.903,2023-03-21,1,2,股票对冲,股票市场中性,yes,希尔爱军混合对冲六号私募证券投资基金,,,null_nav_date,yes,希尔爱军混合对冲六号私募证券投资基金,正在运作,,成都希尔私募基金管理有限公司,in_table_null_latest_nav_date
SZ913A,银乾春华秋实一号私募证券投资基金A类份额,银乾春华秋实一号A类,杭州银乾,2026-09-01,1.5991,2021-10-19,1,2,股票多头,主观多头,no,,,,not_in_table,no,,,,,not_in_private_fund_info
SY9542,景林致远基金专享私募子基金HM1期,景林致远基金专享私募子基金HM1期,上海景林资管,2026-09-01,3.5339,2018-06-29,1,2,股票多头,主观多头,yes,景林致远基金专享私募子基金HM1期,,,null_nav_date,yes,景林致远基金专享私募子基金HM1期,正在运作,,上海景林资产管理有限公司,in_table_null_latest_nav_date
SY2443,景林全球基金专享私募子基金F期,景林全球基金专享私募子基金F期,上海景林资管,2026-09-01,1.8392,2017-12-07,1,2,股票多头,主观多头,yes,景林全球基金专享私募子基金F期,,,null_nav_date,yes,景林全球基金专享私募子基金F期,正在运作,,上海景林资产管理有限公司,in_table_null_latest_nav_date
SY0503,景林全球基金专享私募子基金D期,景林全球基金专享私募子基金D期,上海景林资管,2026-09-01,1.7938,2017-12-07,1,2,股票多头,主观多头,yes,景林全球基金专享私募子基金D期,,,null_nav_date,yes,景林全球基金专享私募子基金D期,正在运作,,上海景林资产管理有限公司,in_table_null_latest_nav_date
SXW775,墨竹睡美人四号私募证券投资基金,墨竹睡美人四号,海南墨竹,2026-09-01,1.0753,2024-02-05,1,2,股票多头,主观多头,yes,墨竹睡美人四号私募证券投资基金,,,null_nav_date,yes,墨竹睡美人四号私募证券投资基金,正在运作,私募证券投资基金,海南墨竹私募基金管理有限公司,in_table_null_latest_nav_date
SXG531,紫薇朴杉1号私募证券投资基金,紫薇朴杉1号,北京紫薇,2026-09-01,1.0186,2022-09-13,1,2,股票多头,主观多头,yes,紫薇朴杉1号私募证券投资基金,,,null_nav_date,yes,紫薇朴杉1号私募证券投资基金,正在运作,,北京紫薇私募基金管理有限公司,in_table_null_latest_nav_date
SW4364,逸杉佑鸿稳健专项私募证券投资基金,逸杉佑鸿稳健专项,上海逸杉资管,2026-09-01,1.505,2017-08-23,1,2,股票多头,主观多头,yes,逸杉佑鸿稳健专项私募证券投资基金,,,null_nav_date,yes,逸杉佑鸿稳健专项私募证券投资基金,正在运作,,上海逸杉资产管理有限公司,in_table_null_latest_nav_date
SVX982,景瑞星晟1号私募证券投资基金,景瑞星晟1号,珠海景瑞,2026-09-01,1.2692,2022-07-11,1,2,股票多头,主观多头,yes,景瑞星晟1号私募证券投资基金,,,null_nav_date,yes,景瑞星晟1号私募证券投资基金,正在运作,,珠海景瑞私募基金管理有限公司,in_table_null_latest_nav_date
SVV936,白鲸中国债券安利一号私募证券投资基金,白鲸中国债券安利一号,深圳白鲸,2026-09-01,1.2441,2022-06-24,1,2,债券策略,债券复合,yes,白鲸中国债券安利一号私募证券投资基金,,,null_nav_date,yes,白鲸中国债券安利一号私募证券投资基金,正在运作,,深圳白鲸私募证券基金管理有限公司,in_table_null_latest_nav_date
SVQ660,创亮明德久鸿一号私募证券投资基金,创亮明德久鸿一号,重庆创亮明德,2026-09-01,1.6575,2022-05-18,1,2,债券策略,信用债,yes,创亮明德久鸿一号私募证券投资基金,,,null_nav_date,yes,创亮明德久鸿一号私募证券投资基金,正在运作,,重庆创亮明德私募证券投资基金管理有限公司,in_table_null_latest_nav_date
SVD166,财杰稳健成长私募证券投资基金,财杰稳健成长,上海财杰资管,2026-09-01,1.166,2022-02-24,1,2,股票多头,主观多头,yes,财杰稳健成长私募证券投资基金,,,null_nav_date,yes,财杰稳健成长私募证券投资基金,正在运作,,上海财杰资产管理有限公司,in_table_null_latest_nav_date
SVC130,止于至善AI应用1号私募证券投资基金,止于至善AI应用1号,北京止于至善投资,2026-09-01,3.3037,2022-02-23,1,2,股票多头,主观多头,yes,止于至善赤子之心1号私募证券投资基金,,,null_nav_date,yes,止于至善AI应用1号私募证券投资基金,正在运作,,北京止于至善投资管理有限公司,in_table_null_latest_nav_date
STT693,欢乐港湾长虹8号私募证券投资基金,欢乐港湾长虹8号,深圳欢乐港湾,2026-09-01,2.2059,2022-03-01,1,2,股票多头,量化选股,yes,欢乐港湾长虹8号私募证券投资基金,,,null_nav_date,yes,欢乐港湾长虹8号私募证券投资基金,正在运作,,深圳欢乐港湾私募证券基金管理有限公司,in_table_null_latest_nav_date
STC836,睿智—嘉蕾1号新能源私募证券投资基金,睿智—嘉蕾1号新能源,北京中晟睿智资管,2026-09-01,2.433,2022-02-08,1,2,股票多头,主观多头,yes,睿智—嘉蕾1号新能源私募证券投资基金,,,null_nav_date,yes,睿智—嘉蕾1号新能源私募证券投资基金,正在运作,,中晟睿智（北京）资产管理有限公司,in_table_null_latest_nav_date
STB103,灵均意享量化选股领航1号私募证券投资基金,灵均意享量化选股领航1号,宁波灵均投资,2026-09-01,2.0885,2021-11-23,1,2,股票多头,量化选股,yes,灵均意享量化选股领航1号私募证券投资基金,,,null_nav_date,yes,灵均意享量化选股领航1号私募证券投资基金,正在运作,,宁波灵均投资管理合伙企业（有限合伙）,in_table_null_latest_nav_date
SSH900,冲和资产轮动一号私募证券投资基金,冲和资产轮动一号,北京冲和资管,2026-09-01,1.0289,2021-10-12,1,2,多资产策略,宏观策略,yes,冲和资产轮动一号私募证券投资基金,,,null_nav_date,yes,冲和资产轮动一号私募证券投资基金,正在运作,,北京冲和资产管理有限公司,in_table_null_latest_nav_date
SSA041,灵均幸福动能量化选股领航2号私募证券投资基金,灵均幸福动能量化选股领航2号,宁波灵均投资,2026-09-01,2.0975,2021-08-04,1,2,股票多头,量化选股,yes,灵均幸福动能量化选股领航2号私募证券投资基金,,,null_nav_date,yes,灵均幸福动能量化选股领航2号私募证券投资基金,正在运作,,宁波灵均投资管理合伙企业（有限合伙）,in_table_null_latest_nav_date
SS2227,龙辉祥贰号私募投资基金,龙辉祥贰号,杭州龙辉祥投资,2026-09-01,1.408,2018-05-29,1,2,股票多头,主观多头,yes,龙辉祥贰号私募投资基金,,,null_nav_date,yes,龙辉祥贰号私募投资基金,正在运作,,杭州龙辉祥投资管理有限公司,in_table_null_latest_nav_date
SQZ816,湘禾六号医疗健康私募证券投资基金,湘禾六号医疗健康,上海湘禾投资,2026-09-01,1.075,2021-08-02,1,2,股票多头,主观多头,yes,湘禾六号医疗健康私募证券投资基金,,,null_nav_date,yes,湘禾六号医疗健康私募证券投资基金,正在运作,,上海湘禾投资有限公司,in_table_null_latest_nav_date
SQW708,景林精选FOF私募证券投资子基金HM6期,景林精选FOF子基金HM6期,上海景林资管,2026-09-01,1.476,2021-07-21,1,2,组合策略,FOF,yes,景林精选FOF私募证券投资子基金HM6期,,,null_nav_date,yes,景林精选FOF私募证券投资子基金HM6期,正在运作,,上海景林资产管理有限公司,in_table_null_latest_nav_date
SQW694,景林精选FOF私募证券投资子基金HM5期,景林精选FOF子基金HM5期,上海景林资管,2026-09-01,1.4761,2021-07-21,1,2,组合策略,FOF,yes,景林精选FOF私募证券投资子基金HM5期,,,null_nav_date,yes,景林精选FOF私募证券投资子基金HM5期,正在运作,,上海景林资产管理有限公司,in_table_null_latest_nav_date
SQW693,景林精选FOF私募证券投资子基金HM3期,景林精选FOF子基金HM3期,上海景林资管,2026-09-01,1.4761,2021-07-21,1,2,组合策略,FOF,yes,景林精选FOF私募证券投资子基金HM3期,,,null_nav_date,yes,景林精选FOF私募证券投资子基金HM3期,正在运作,,上海景林资产管理有限公司,in_table_null_latest_nav_date
SQW692,景林精选FOF私募证券投资子基金HM2期,景林精选FOF子基金HM2期,上海景林资管,2026-09-01,1.4761,2021-07-21,1,2,组合策略,FOF,yes,景林精选FOF私募证券投资子基金HM2期,,,null_nav_date,yes,景林精选FOF私募证券投资子基金HM2期,正在运作,,上海景林资产管理有限公司,in_table_null_latest_nav_date
SQW686,景林精选FOF私募证券投资子基金HM1期,景林精选FOF子基金HM1期,上海景林资管,2026-09-01,1.4761,2021-07-21,1,2,组合策略,FOF,yes,景林精选FOF私募证券投资子基金HM1期,,,null_nav_date,yes,景林精选FOF私募证券投资子基金HM1期,正在运作,,上海景林资产管理有限公司,in_table_null_latest_nav_date
SQV612,景林精选FOF私募证券投资子基金DC7期,景林精选FOF私募子基金DC7期,上海景林资管,2026-09-01,1.4758,2021-07-20,1,2,组合策略,FOF,yes,景林精选FOF私募证券投资子基金DC7期,,,null_nav_date,yes,景林精选FOF私募证券投资子基金DC7期,正在运作,,上海景林资产管理有限公司,in_table_null_latest_nav_date
SQV609,景林精选FOF私募证券投资子基金DC5期,景林精选FOF私募子基金DC5期,上海景林资管,2026-09-01,1.4759,2021-07-20,1,2,组合策略,FOF,yes,景林精选FOF私募证券投资子基金DC5期,,,null_nav_date,yes,景林精选FOF私募证券投资子基金DC5期,正在运作,,上海景林资产管理有限公司,in_table_null_latest_nav_date
SQV577,景林精选FOF私募证券投资子基金DC3期,景林精选FOF私募子基金DC3期,上海景林资管,2026-09-01,1.476,2021-07-20,1,2,组合策略,FOF,yes,景林精选FOF私募证券投资子基金DC3期,,,null_nav_date,yes,景林精选FOF私募证券投资子基金DC3期,正在运作,,上海景林资产管理有限公司,in_table_null_latest_nav_date
SQD159,白鲸中国债券增利一号私募证券投资基金,白鲸中国债券增利一号,深圳白鲸,2026-09-01,1.6006,2021-03-26,1,2,债券策略,债券复合,yes,白鲸中国债券增利一号私募证券投资基金,,,null_nav_date,yes,白鲸中国债券增利一号私募证券投资基金,正在运作,,深圳白鲸私募证券基金管理有限公司,in_table_null_latest_nav_date
SNS800,宏翼红林宇峰1号私募证券投资基金,宏翼红林宇峰1号,上海宏翼,2026-09-01,1.039,2021-01-20,1,2,期权策略,场内期权,yes,宏翼红林宇峰1号私募证券投资基金,,,null_nav_date,yes,宏翼红林宇峰1号私募证券投资基金,正在运作,,上海宏翼私募基金管理有限公司,in_table_null_latest_nav_date
SNR532,林园投资181号私募证券投资基金,林园投资181号,深圳林园投资,2026-09-01,0.945,2022-07-19,1,2,股票多头,主观多头,yes,林园投资181号私募证券投资基金,,,null_nav_date,yes,林园投资181号私募证券投资基金,正在运作,,深圳市林园投资管理有限责任公司,in_table_null_latest_nav_date
SNM599,臻航英仙座进取1号私募证券投资基金,臻航英仙座进取1号,宁波梅山臻航投资,2026-09-01,1.3605,2020-12-16,1,2,股票多头,主观多头,yes,臻航英仙座进取1号私募证券投资基金,,,null_nav_date,yes,臻航英仙座进取1号私募证券投资基金,正在运作,,宁波梅山保税港区臻航投资管理有限责任公司,in_table_null_latest_nav_date
SNA517,万观行远1号私募证券投资基金,万观行远1号,浙江万观投资,2026-09-01,1.028,2020-11-19,1,2,股票多头,主观多头,yes,万观行远1号私募证券投资基金,,,null_nav_date,yes,万观行远1号私募证券投资基金,正在运作,,浙江万观投资管理有限公司,in_table_null_latest_nav_date
SLX767,林园投资170号私募证券投资基金,林园投资170号,深圳林园投资,2026-09-01,0.868,2021-02-25,1,2,股票多头,主观多头,yes,林园投资170号私募证券投资基金,,,null_nav_date,yes,林园投资170号私募证券投资基金,正在运作,,深圳市林园投资管理有限责任公司,in_table_null_latest_nav_date
SLJ689,白鲸海德债券精选1号私募证券投资基金,白鲸海德债券精选1号,深圳白鲸,2026-09-01,2.1695,2020-07-14,1,2,债券策略,债券复合,yes,白鲸海德债券精选1号私募证券投资基金,,,null_nav_date,yes,白鲸海德债券精选1号私募证券投资基金,正在运作,,深圳白鲸私募证券基金管理有限公司,in_table_null_latest_nav_date
SJS910,高熙资产晨熙一号私募证券投资基金,高熙资产晨熙一号,北京高熙,2026-09-01,1.341,2020-03-02,1,2,股票多头,主观多头,yes,高熙资产晨熙一号私募证券投资基金,,,null_nav_date,yes,高熙资产晨熙一号私募证券投资基金,正在运作,,北京高熙私募基金管理有限公司,in_table_null_latest_nav_date
SJD181,铂悦福田2号私募证券投资基金,铂悦福田2号,深圳前海铂悦投资,2026-09-01,1.818,2019-11-05,1,2,股票多头,主观多头,yes,铂悦福田2号私募证券投资基金,,,null_nav_date,yes,铂悦福田2号私募证券投资基金,正在运作,,深圳市前海铂悦投资管理有限公司,in_table_null_latest_nav_date
SGW542,中汇富乐源3号私募证券投资基金,中汇富乐源3号,北京中汇,2026-09-01,1.364,2019-11-26,1,2,股票多头,主观多头,yes,中汇富乐源3号私募证券投资基金,,,null_nav_date,yes,中汇富乐源3号私募证券投资基金,正在运作,,中汇（北京）私募基金管理有限公司,in_table_null_latest_nav_date
SGJ168,汉中林园投资10号私募证券投资基金,汉中林园投资10号,汉中林园投资,2026-09-01,0.723,2021-04-29,1,2,股票多头,主观多头,yes,汉中林园投资10号私募证券投资基金,,,null_nav_date,yes,汉中林园投资10号私募证券投资基金,正在运作,,汉中林园投资基金管理合伙企业（有限合伙）,in_table_null_latest_nav_date
SGH484,湘财科创9号私募证券投资基金,湘财科创9号,东莞市湘财资管,2026-09-01,0.632,2019-05-27,1,2,股票多头,行业指增,yes,湘财科创9号私募证券投资基金,,,null_nav_date,yes,湘财科创9号私募证券投资基金,正在运作,,东莞市湘财资产管理有限公司,in_table_null_latest_nav_date
SEM445,景林全球基金专享私募子基金HM1期,景林全球基金专享私募子基金HM1期,上海景林资管,2026-09-01,2.146,2018-10-25,1,2,股票多头,主观多头,yes,景林全球基金专享私募子基金HM1期,,,null_nav_date,yes,景林全球基金专享私募子基金HM1期,正在运作,,上海景林资产管理有限公司,in_table_null_latest_nav_date
SCR990,林园投资31号私募投资基金,林园投资31号,深圳林园投资,2026-09-01,0.958,2018-10-17,1,2,股票多头,主观多头,yes,林园投资31号私募投资基金,,,null_nav_date,yes,林园投资31号私募投资基金,正在运作,,深圳市林园投资管理有限责任公司,in_table_null_latest_nav_date
SCK182,景林全球基金专享私募子基金V期,景林全球基金专享私募子基金V期,上海景林资管,2026-09-01,1.8217,2018-03-29,1,2,股票多头,主观多头,yes,景林全球基金专享私募子基金V期,,,null_nav_date,yes,景林全球基金专享私募子基金V期,正在运作,,上海景林资产管理有限公司,in_table_null_latest_nav_date
SBVC12,洛书管理期货拾号5期私募证券投资基金,洛书管理期货拾号5期,上海洛书投资,2026-09-01,1.0031,2026-05-15,1,2,期货策略,,yes,洛书管理期货拾号5期私募证券投资基金,,,null_nav_date,yes,洛书管理期货拾号5期私募证券投资基金,正在运作,私募证券投资基金,上海洛书投资管理有限公司,in_table_null_latest_nav_date
SBQQ06,SAP智龙中证1000指数增强卧龙一号2期私募证券投资基金,SAP智龙中证1000指数增强卧龙一号2期,深圳前海智龙,2026-09-01,0.8576,2026-02-10,1,2,股票多头,1000指增,yes,SAP智龙中证1000指数增强卧龙一号2期私募证券投资基金,,,null_nav_date,yes,SAP智龙中证1000指数增强卧龙一号2期私募证券投资基金,正在运作,私募证券投资基金,深圳前海智龙资本管理有限公司,in_table_null_latest_nav_date
SBHV54,明上增强9号私募证券投资基金,明上增强9号,海南明上,2026-09-01,1.0613,2025-10-21,1,2,股票多头,,yes,明上增强9号私募证券投资基金,,,null_nav_date,yes,明上增强9号私募证券投资基金,正在运作,,海南明上私募基金管理中心（有限合伙）,in_table_null_latest_nav_date
SBHS88,明上增强8号私募证券投资基金,明上增强8号,海南明上,2026-09-01,1.0536,2025-10-24,1,2,股票多头,,yes,明上增强8号私募证券投资基金,,,null_nav_date,yes,明上增强8号私募证券投资基金,正在运作,私募证券投资基金,海南明上私募基金管理中心（有限合伙）,in_table_null_latest_nav_date
SBHK12,煌昱恒晟嘉盛私募证券投资基金,煌昱恒晟嘉盛,上海煌昱投资,2026-09-01,1.1541,2025-10-16,1,2,股票多头,,yes,煌昱恒晟嘉盛私募证券投资基金,,,null_nav_date,yes,煌昱恒晟嘉盛私募证券投资基金,正在运作,私募证券投资基金,上海煌昱投资有限公司,in_table_null_latest_nav_date
SBCY74,千泉鸿鹄二号私募证券投资基金,千泉鸿鹄二号,广州千泉,2026-09-01,1.0723,2025-08-07,1,2,多资产策略,复合策略,yes,千泉全天候鸿鹄二号私募证券投资基金,,,null_nav_date,yes,千泉鸿鹄二号私募证券投资基金,正在运作,私募证券投资基金,广州千泉私募基金管理有限公司,in_table_null_latest_nav_date
SBCN95,顺从价值3号私募证券投资基金,顺从价值3号,广州顺从,2026-09-01,0.8511,2025-07-24,1,2,股票多头,,yes,顺从价值3号私募证券投资基金,,,null_nav_date,yes,顺从价值3号私募证券投资基金,正在运作,,广州顺从私募证券投资基金管理有限公司,in_table_null_latest_nav_date
SBBC22,磐鹰和鸣1号私募证券投资基金,磐鹰和鸣1号,上海磐鹰,2026-09-01,0.933,2025-07-10,1,2,股票多头,,yes,磐鹰和鸣1号私募证券投资基金,,,null_nav_date,yes,磐鹰和鸣1号私募证券投资基金,正在运作,私募证券投资基金,上海磐鹰私募基金管理有限公司,in_table_null_latest_nav_date
SB0042,鼎盛从道稳健一号私募证券投资基金,鼎盛从道稳健一号,深圳鼎盛国际投资,2026-09-01,0.822,2023-06-20,1,2,期货策略,主观期货,yes,鼎盛从道稳健一号私募证券投资基金,,,null_nav_date,yes,鼎盛从道稳健一号私募证券投资基金,正在运作,私募证券投资基金,鼎盛国际投资管理（深圳）有限公司,in_table_null_latest_nav_date
SAZU46,金首源惠阳一号私募证券投资基金,金首源惠阳一号,北京金首源资管,2026-09-01,0.9119,2025-06-17,1,2,股票多头,主观多头,yes,金首源惠阳一号私募证券投资基金,,,null_nav_date,yes,金首源惠阳一号私募证券投资基金,正在运作,私募证券投资基金,北京金首源资本管理有限公司,in_table_null_latest_nav_date
SAZG26,星际方华ETF择时量选33号私募证券投资基金,星际方华ETF择时量选33号,长兴星际,2026-09-01,1.1886,2025-07-25,1,2,股票多头,,yes,星际古市长虹33号私募证券投资基金,,,null_nav_date,yes,星际方华ETF择时量选33号私募证券投资基金,正在运作,私募证券投资基金,长兴星际私募基金管理有限公司,in_table_null_latest_nav_date
SAWL84,元康全景2号私募证券投资基金,元康全景2号,芜湖元康,2026-09-01,1.0986,2025-11-13,1,2,股票多头,,yes,元康全景2号私募证券投资基金,,,null_nav_date,yes,元康全景2号私募证券投资基金,正在运作,,芜湖元康私募基金管理有限公司,in_table_null_latest_nav_date
SATX54,千朔朝阳中证500指数增强一号私募证券投资基金,千朔朝阳中证500指数增强一号,上海千朔投资,2026-09-01,1.4383,2025-02-17,1,2,股票多头,500指增,yes,千朔朝阳中证500指数增强一号私募证券投资基金,,,null_nav_date,yes,千朔朝阳中证500指数增强一号私募证券投资基金,正在运作,私募证券投资基金,上海千朔投资管理有限公司,in_table_null_latest_nav_date
SAQK14,远信中国积极成长2号私募证券投资基金1期,远信中国积极成长2号1期,珠海远信,2026-09-01,0.7442,2026-06-12,1,2,股票多头,,yes,远信中国积极成长2号私募证券投资基金1期,,,null_nav_date,yes,远信中国积极成长2号私募证券投资基金1期,正在运作,私募证券投资基金,远信（珠海）私募基金管理有限公司,in_table_null_latest_nav_date
SAHS26,喜世润黄金增强1号私募证券投资基金,喜世润黄金增强1号,上海喜世润投资,2026-09-01,2.103,2024-06-11,1,2,多资产策略,复合策略,yes,喜世润黄金增强1号私募证券投资基金,,,null_nav_date,yes,喜世润黄金增强1号私募证券投资基金,正在运作,私募证券投资基金,上海喜世润投资管理有限公司,in_table_null_latest_nav_date
SAGQ89,容棠博鑫6号私募证券投资基金,容棠博鑫6号,上海容棠,2026-09-01,1.7351,2024-02-06,1,2,股票多头,,yes,容棠博鑫6号私募证券投资基金,,,null_nav_date,yes,容棠博鑫6号私募证券投资基金,正在运作,私募证券投资基金,上海容棠私募基金管理有限公司,in_table_null_latest_nav_date
SAGL79,湘禾九号私募证券投资基金,湘禾九号,上海湘禾投资,2026-09-01,1.1623,2024-02-26,1,2,股票多头,,yes,湘禾九号私募证券投资基金,,,null_nav_date,yes,湘禾九号私募证券投资基金,正在运作,私募证券投资基金,上海湘禾投资有限公司,in_table_null_latest_nav_date
SAFW02,金通方敬市1号私募证券投资基金,金通方敬市1号,重庆金通方,2026-09-01,1.1731,2024-01-15,1,2,股票多头,主观多头,yes,金通方敬市1号私募证券投资基金,,,null_nav_date,yes,金通方敬市1号私募证券投资基金,正在运作,私募证券投资基金,重庆金通方私募证券投资基金管理有限公司,in_table_null_latest_nav_date
SADY06,泰牛红松1号私募证券投资基金,泰牛红松1号,厦门泰牛,2026-09-01,1.7,2023-11-22,1,2,其他,,yes,泰牛红松1号私募证券投资基金,,,null_nav_date,yes,泰牛红松1号私募证券投资基金,正在运作,私募证券投资基金,厦门泰牛私募基金管理有限公司,in_table_null_latest_nav_date
SADS30,湘禾美丽人生私募证券投资基金,湘禾美丽人生,上海湘禾投资,2026-09-01,0.8854,2023-12-20,1,2,股票多头,主观多头,yes,湘禾美丽人生私募证券投资基金,,,null_nav_date,yes,湘禾美丽人生私募证券投资基金,正在运作,私募证券投资基金,上海湘禾投资有限公司,in_table_null_latest_nav_date
SABD95,佳祺践行者八号私募证券投资基金,佳祺践行者八号,杭州佳祺资管,2026-09-01,2.4977,2023-10-17,1,2,股票多头,主观多头,yes,佳祺践行者八号私募证券投资基金,,,null_nav_date,yes,佳祺践行者八号私募证券投资基金,正在运作,私募证券投资基金,杭州佳祺资产管理有限公司,in_table_null_latest_nav_date
SAAP61,懿和苍鹭1号私募证券投资基金,懿和苍鹭1号,南京懿和轩投资,2026-09-01,0.4437,2023-11-20,1,2,股票多头,主观多头,yes,懿和苍鹭1号私募证券投资基金,,,null_nav_date,yes,懿和苍鹭1号私募证券投资基金,正在运作,,南京懿和轩投资管理有限公司,in_table_null_latest_nav_date
SAAD23,浅行多策略对冲1号私募证券投资基金,浅行多策略对冲1号,海南浅行,2026-09-01,1.1959,2023-08-24,1,2,多资产策略,复合策略,yes,浅行多策略对冲1号私募证券投资基金,,,null_nav_date,yes,浅行多策略对冲1号私募证券投资基金,正在运作,私募证券投资基金,浅行私募基金管理（海南）有限公司,in_table_null_latest_nav_date
J7586A,少数派天天宝1号私募证券投资基金A类份额,少数派天天宝1号A类,上海少薮派投资,2026-09-01,1.0472,2016-05-12,1,2,股票多头,主观多头,no,,,,not_in_table,no,,,,,not_in_private_fund_info
BWF81A,微观博易-黎夏中证500指增二十一号私募证券投资基金A类份额,微观博易-黎夏中证500指增二十一号A类,北京微观博易,2026-09-01,0.9322,2026-06-05,1,2,股票多头,500指增,no,,,,not_in_table,no,,,,,not_in_private_fund_info
BBC22B,磐鹰和鸣1号私募证券投资基金B类份额,磐鹰和鸣1号B类,上海磐鹰,2026-09-01,0.933,2025-07-10,1,2,股票多头,,no,,,,not_in_table,no,,,,,not_in_private_fund_info
AZU82A,湘禾十一号私募证券投资基金A类份额,湘禾十一号A类,上海湘禾投资,2026-09-01,1.0597,2025-06-26,1,2,股票多头,,no,,,,not_in_table,no,,,,,not_in_private_fund_info
AZG26A,星际方华ETF择时量选33号私募证券投资基金A类份额,星际方华ETF择时量选33号A类,长兴星际,2026-09-01,1.1475,2025-07-25,1,2,股票多头,,no,,,,not_in_table,no,,,,,not_in_private_fund_info
AHC98A,文谛量化中证1000指数增强私募证券投资基金A类份额,文谛量化中证1000指数增强A类,上海文谛资管,2026-09-01,1.4995,2024-02-29,1,2,股票多头,1000指增,no,,,,not_in_table,no,,,,,not_in_private_fund_info
ADS30A,湘禾美丽人生私募证券投资基金A类份额,湘禾美丽人生A类,上海湘禾投资,2026-09-01,0.8759,2023-12-20,1,2,股票多头,主观多头,no,,,,not_in_table,no,,,,,not_in_private_fund_info
AAD23A,浅行多策略对冲1号私募证券投资基金A类份额,浅行多策略对冲1号A类,海南浅行,2026-09-01,1.1851,2023-08-24,1,2,多资产策略,复合策略,no,,,,not_in_table,no,,,,,not_in_private_fund_info
ZXD202604200000004310,中信信托·丰泰稳嘉7号金融投资信托计划,中信信托·丰泰稳嘉7号,中信信托,2026-08-31,1.0039,2026-06-01,1,2,组合策略,FOF,no,,,,not_in_table,no,,,,,not_in_private_fund_info
ZV177A,熙盛睿远进取私募证券投资基金A类份额,熙盛睿远进取A类,上海熙盛明诚,2026-08-31,1.1931,2023-04-10,1,2,股票多头,可转债多头,no,,,,not_in_table,no,,,,,not_in_private_fund_info
ZS825B,上衍投资长裕1号FOF私募证券投资基金B类份额,上衍投资长裕1号FOFB类,上海上衍,2026-08-31,1.3159,2023-03-31,1,2,组合策略,FOF,no,,,,not_in_table,no,,,,,not_in_private_fund_info
ZG753A,嘉和传承精研一期私募证券投资基金A类份额,嘉和传承精研一期A类,上海嘉和传承,2026-08-31,1.1494,2023-02-13,1,2,期货策略,主观期货,no,,,,not_in_table,no,,,,,not_in_private_fund_info
ZB966A,玉数涵瑞中证1000指数增强一号私募证券投资基金A类份额,玉数涵瑞中证1000指数增强一号A类,上海玉数投资,2026-08-31,1.1463,2023-01-06,1,2,股票多头,1000指增,no,,,,not_in_table,no,,,,,not_in_private_fund_info
ZA887B,恒穗基业常青-家族专享六号私募证券投资基金B类份额,恒穗基业常青-家族专享六号B类,上海恒穗投资,2026-08-31,1.8413,2023-07-31,1,2,股票多头,主观多头,no,,,,not_in_table,no,,,,,not_in_private_fund_info
XX122B,时代复兴500劲增一号私募证券投资基金B类份额,时代复兴500劲增一号B类,北京时代复兴投资,2026-08-31,1.6896,2022-12-29,1,2,股票多头,500指增,no,,,,not_in_table,no,,,,,not_in_private_fund_info
XP674A,会世丰盈多策略1号私募证券投资基金A类份额,会世丰盈多策略1号A类,上海会世,2026-08-31,1.5598,2022-10-26,1,2,期货策略,量化期货,no,,,,not_in_table,no,,,,,not_in_private_fund_info
XE364A,嘉策百煅十一号私募证券投资基金A类份额,嘉策百煅十一号A类,上海嘉策百煅,2026-08-31,1.5067,2022-08-26,1,2,股票对冲,股票T0,no,,,,not_in_table,no,,,,,not_in_private_fund_info
XE291A,谷启君怡CTA1号私募证券投资基金A类,谷启君怡CTA1号A类,武汉谷启,2026-08-31,1.291,2022-09-01,1,2,期货策略,主观期货,no,,,,not_in_table,no,,,,,not_in_private_fund_info
X4689B,开思专选私募证券投资基金B类份额,开思专选B类,上海开思,2026-08-31,7.1965,2017-09-28,1,2,股票多头,主观多头,no,,,,not_in_table,no,,,,,not_in_private_fund_info
VX476A,方圆鑫启明星一号私募证券投资基金A类份额,方圆鑫启明星一号A类,深圳方圆鑫,2026-08-31,0.7718,2022-07-28,1,2,多资产策略,复合策略,no,,,,not_in_table,no,,,,,not_in_private_fund_info
VT375C,今通今虎添翼中性私募证券投资基金C类份额,今通今虎添翼中性C类,上海今通投资,2026-08-31,1.428,2022-06-10,1,2,股票对冲,股票市场中性,no,,,,not_in_table,no,,,,,not_in_private_fund_info
TV726A,宏翼期权套利2号私募证券投资基金A类份额,宏翼期权套利2号A类,上海宏翼,2026-08-31,1.258,2022-02-10,1,2,期权策略,场内期权,no,,,,not_in_table,no,,,,,not_in_private_fund_info
TQ517B,诚熠丰源3号私募证券投资基金B类份额,诚熠丰源3号B类,上海诚熠,2026-08-31,1.19,2022-01-07,1,2,股票多头,主观多头,no,,,,not_in_table,no,,,,,not_in_private_fund_info
TG790A,宏桥组合一号私募证券投资基金A类份额,宏桥组合一号A类,烟台宏桥,2026-08-31,1.8971,2021-11-29,1,2,组合策略,FOF,no,,,,not_in_table,no,,,,,not_in_private_fund_info
TF354A,云阳二期私募证券投资基金A类份额,云阳二期A类,苏州云阳宜品投资,2026-08-31,1.1788,2022-01-06,1,2,股票多头,主观多头,no,,,,not_in_table,no,,,,,not_in_private_fund_info
SZY001,磐厚动量-远翔5号私募证券投资基金,磐厚动量-远翔5号,上海磐厚动量资管,2026-08-31,1.0986,2023-05-19,1,2,股票多头,主观多头,yes,磐厚动量-远翔5号私募证券投资基金,,,null_nav_date,yes,磐厚动量-远翔5号私募证券投资基金,正在运作,,磐厚动量(上海)资本管理有限公司,in_table_null_latest_nav_date
SZU980,融政创沅2号私募证券投资基金,融政创沅2号,广州融政创沅,2026-08-31,1.155,2023-04-06,1,2,股票多头,主观多头,yes,融政创沅2号私募证券投资基金,,,null_nav_date,yes,融政创沅2号私募证券投资基金,正在运作,,广州融政创沅私募证券投资基金管理有限公司,in_table_null_latest_nav_date
SZR251,睿凝乾德中证2000进取型指数增强私募证券投资基金,睿凝乾德中证2000进取型指数增强,北京睿凝,2026-08-31,1.352,2023-03-23,1,2,股票多头,2000指增,yes,睿凝乾德中证2000进取型指数增强私募证券投资基金,,,null_nav_date,yes,睿凝乾德中证2000进取型指数增强私募证券投资基金,正在运作,,北京睿凝私募基金管理有限公司,in_table_null_latest_nav_date
SZR213,中润东方禾元实业私募证券投资基金,中润东方禾元实业,深圳中润东方资管,2026-08-31,1.0505,2023-04-11,1,2,组合策略,FOF,yes,中润东方禾元实业私募证券投资基金,,,null_nav_date,yes,中润东方禾元实业私募证券投资基金,正在运作,,深圳市中润东方资产管理有限公司,in_table_null_latest_nav_date
SZQ690,理石秃鹫3号私募证券投资基金,理石秃鹫3号,上海理石投资,2026-08-31,1.0429,2023-03-24,1,2,债券策略,信用债,yes,理石秃鹫3号私募证券投资基金,,,null_nav_date,yes,理石秃鹫3号私募证券投资基金,正在运作,,上海理石投资管理有限公司,in_table_null_latest_nav_date
SZN440,和合珑德3号私募证券投资基金,和合珑德3号,深圳和合易泰,2026-08-31,0.77,2023-11-09,1,2,股票多头,主观多头,yes,和合珑德3号私募证券投资基金,,,null_nav_date,yes,和合珑德3号私募证券投资基金,正在运作,私募证券投资基金,深圳和合易泰私募证券基金管理有限公司,in_table_null_latest_nav_date
SZM085,添益日冕CTA1号私募证券投资基金,添益日冕CTA1号,上海添益,2026-08-31,1.1229,2023-03-17,1,2,期货策略,量化期货,yes,添益日冕CTA1号私募证券投资基金,,,null_nav_date,yes,添益日冕CTA1号私募证券投资基金,正在运作,,上海添益私募基金管理有限责任公司,in_table_null_latest_nav_date
SZL779,景曦长盛一号私募证券投资基金,景曦长盛一号,安徽景曦,2026-08-31,2.7255,2023-03-09,1,2,股票多头,主观多头,yes,景曦长盛一号私募证券投资基金,,,null_nav_date,yes,景曦长盛一号私募证券投资基金,正在运作,,安徽景曦私募基金管理有限公司,in_table_null_latest_nav_date
SZL378,和常同舟一号私募证券投资基金,和常同舟一号,上海和常投资,2026-08-31,1.3717,2023-02-27,1,2,多资产策略,复合策略,yes,和常同舟一号私募证券投资基金,,,null_nav_date,yes,和常同舟一号私募证券投资基金,正在运作,,上海和常投资管理有限公司,in_table_null_latest_nav_date
SZJ561,嘉和传承行稳致远FOF二期私募证券投资基金,嘉和传承行稳致远FOF二期,上海嘉和传承,2026-08-31,1.0556,2023-06-08,1,2,组合策略,FOF,yes,嘉和传承行稳致远FOF二期私募证券投资基金,,,null_nav_date,yes,嘉和传承行稳致远FOF二期私募证券投资基金,正在运作,,上海嘉和传承私募基金管理有限公司,in_table_null_latest_nav_date
SZJ258,至坤繁星咬金1号私募证券投资基金,至坤繁星咬金1号,上海梵星,2026-08-31,1.8632,2023-02-20,1,2,股票多头,主观多头,yes,至坤繁星咬金1号私募证券投资基金,,,null_nav_date,yes,至坤繁星咬金1号私募证券投资基金,正在运作,,上海梵星私募基金管理有限公司,in_table_null_latest_nav_date
SZH407,新方程平衡策略优选私募证券投资基金,新方程平衡策略优选,上海新方程,2026-08-31,0.9946,2023-02-20,1,2,组合策略,FOF,yes,新方程平衡策略优选私募证券投资基金,,,null_nav_date,yes,新方程平衡策略优选私募证券投资基金,正在运作,,上海新方程私募基金管理有限公司,in_table_null_latest_nav_date
SZE372,崇正致远三号私募证券投资基金,崇正致远三号,广州崇正,2026-08-31,1.5671,2023-02-06,1,2,股票多头,主观多头,yes,崇正致远三号私募证券投资基金,,,null_nav_date,yes,崇正致远三号私募证券投资基金,正在运作,,广州崇正私募证券投资基金管理有限公司,in_table_null_latest_nav_date
SZE124,展鹏创享21号私募证券投资基金,展鹏创享21号,青岛展鹏,2026-08-31,1.0648,2023-04-18,1,2,组合策略,FOF,yes,展鹏创享21号私募证券投资基金,,,null_nav_date,yes,展鹏创享21号私募证券投资基金,正在运作,,青岛展鹏私募基金管理有限公司,in_table_null_latest_nav_date
SY9543,景林致远基金专享私募子基金JFZ1期,景林致远基金专享私募子基金JFZ1期,上海景林资管,2026-08-31,3.4802,2018-07-11,1,2,股票多头,主观多头,yes,景林致远基金专享私募子基金JFZ1期,,,null_nav_date,yes,景林致远基金专享私募子基金JFZ1期,正在运作,,上海景林资产管理有限公司,in_table_null_latest_nav_date
SY1044,钱塘希瓦小牛2号私募基金,钱塘希瓦小牛2号,海南希瓦,2026-08-31,2.6624,2017-11-23,1,2,股票多头,主观多头,yes,钱塘希瓦小牛2号私募基金,,,null_nav_date,yes,钱塘希瓦小牛2号私募基金,正在运作,,海南希瓦私募基金管理有限责任公司,in_table_null_latest_nav_date
SXZ235,玖润启航6号私募证券投资基金,玖润启航6号,西安玖润投资,2026-08-31,1.105,2022-12-29,1,2,股票多头,主观多头,yes,玖润启航6号私募证券投资基金,,,null_nav_date,yes,玖润启航6号私募证券投资基金,正在运作,私募证券投资基金,西安玖润投资管理有限公司,in_table_null_latest_nav_date
SXX122,时代复兴500劲增一号私募证券投资基金,时代复兴500劲增一号,北京时代复兴投资,2026-08-31,1.6868,2022-12-29,1,2,股票多头,500指增,yes,时代复兴500劲增一号私募证券投资基金,,,null_nav_date,yes,时代复兴500劲增一号私募证券投资基金,正在运作,,北京时代复兴投资管理有限公司,in_table_null_latest_nav_date
SXW503,汉马无为衍生型组合私募证券投资基金,汉马无为衍生型组合,广州汉马,2026-08-31,1.2761,2022-12-05,1,2,组合策略,FOF,yes,汉马无为衍生型组合私募证券投资基金,,,null_nav_date,yes,汉马无为衍生型组合私募证券投资基金,正在运作,,广州汉马私募基金管理有限公司,in_table_null_latest_nav_date
SXW027,金通方嘉年华私募证券投资基金,金通方嘉年华,重庆金通方,2026-08-31,1.0858,2022-12-12,1,2,期货策略,量化期货,yes,金通方嘉年华私募证券投资基金,,,null_nav_date,yes,金通方嘉年华私募证券投资基金,正在运作,,重庆金通方私募证券投资基金管理有限公司,in_table_null_latest_nav_date
SXU665,海辉华盛砺锋-恒强私募证券投资基金,海辉华盛砺锋-恒强,广东海辉华盛证券投资,2026-08-31,1.1956,2022-11-18,1,2,股票多头,主观多头,yes,海辉华盛砺锋-恒强私募证券投资基金,,,null_nav_date,yes,海辉华盛砺锋-恒强私募证券投资基金,正在运作,,广东海辉华盛证券投资基金管理有限公司,in_table_null_latest_nav_date
SXU628,海辉华盛砺锋-恒顺私募证券投资基金,海辉华盛砺锋-恒顺,广东海辉华盛证券投资,2026-08-31,1.0256,2022-11-21,1,2,股票多头,300指增,yes,海辉华盛砺锋-恒顺私募证券投资基金,,,null_nav_date,yes,海辉华盛砺锋-恒顺私募证券投资基金,正在运作,,广东海辉华盛证券投资基金管理有限公司,in_table_null_latest_nav_date
SXR755,乾瓴成长有方私募证券投资基金,乾瓴成长有方,北京乾瓴,2026-08-31,1.5729,2022-11-04,1,2,多资产策略,复合策略,yes,乾瓴成长有方私募证券投资基金,,,null_nav_date,yes,乾瓴成长有方私募证券投资基金,正在运作,,北京乾瓴私募基金管理有限公司,in_table_null_latest_nav_date
SXP895,一三一风火轮3号私募证券投资基金,一三一风火轮3号,南京一三一,2026-08-31,1.4555,2022-10-26,1,2,期货策略,量化期货,yes,一三一风火轮3号私募证券投资基金,,,null_nav_date,yes,一三一风火轮3号私募证券投资基金,正在运作,,南京一三一私募基金管理有限公司,in_table_null_latest_nav_date
SXP674,会世丰盈多策略1号私募证券投资基金,会世丰盈多策略1号,上海会世,2026-08-31,1.6121,2022-10-26,1,2,期货策略,量化期货,yes,会世丰盈多策略1号私募证券投资基金,,,null_nav_date,yes,会世丰盈多策略1号私募证券投资基金,正在运作,,上海会世私募基金管理有限公司,in_table_null_latest_nav_date
SXP272,众壹资产量合专享5号私募证券投资基金,众壹资产量合专享5号,上海众壹,2026-08-31,1.0143,2022-10-21,1,2,期货策略,量化期货,yes,众壹资产量合专享5号私募证券投资基金,,,null_nav_date,yes,众壹资产量合专享5号私募证券投资基金,正在运作,,上海众壹私募基金管理有限公司,in_table_null_latest_nav_date
SXJ539,岚湖丰泽1号二期联接一期私募证券投资基金,岚湖丰泽1号二期联接一期,岚湖基金,2026-08-31,1.0444,2022-10-14,1,2,债券策略,信用债,yes,岚湖丰泽1号二期联接一期私募证券投资基金,,,null_nav_date,yes,岚湖丰泽1号二期联接一期私募证券投资基金,正在运作,,海南岚湖私募基金管理有限公司,in_table_null_latest_nav_date
SXJ212,钜融臻好1号私募证券投资基金,钜融臻好1号,中海外钜融资管,2026-08-31,0.9713,2022-09-23,1,2,债券策略,债券复合,yes,钜融臻好1号私募证券投资基金,,,null_nav_date,yes,钜融臻好1号私募证券投资基金,正在运作,,中海外钜融资产管理集团有限公司,in_table_null_latest_nav_date
SXE887,乾弘锐享成长五期私募证券投资基金,乾弘锐享成长五期,宁波乾弘久盛资管,2026-08-31,2.004,2023-01-09,1,2,股票对冲,股票多空,yes,乾弘锐享成长五期私募证券投资基金,,,null_nav_date,yes,乾弘锐享成长五期私募证券投资基金,正在运作,私募证券投资基金,宁波乾弘久盛资产管理合伙企业（有限合伙）,in_table_null_latest_nav_date
SXE291,谷启君怡CTA1号私募证券投资基金,谷启君怡CTA1号,武汉谷启,2026-08-31,1.3,2022-09-01,1,2,期货策略,主观期货,yes,谷启君怡CTA1号私募证券投资基金,,,null_nav_date,yes,谷启君怡CTA1号私募证券投资基金,正在运作,,武汉谷启私募基金有限公司,in_table_null_latest_nav_date
SXD101,帆贝红利私募证券投资基金,帆贝红利,北京帆贝投资,2026-08-31,1.225,2022-08-23,1,2,股票多头,主观多头,yes,帆贝红利私募证券投资基金,,,null_nav_date,yes,帆贝红利私募证券投资基金,正在运作,,北京帆贝投资管理有限公司,in_table_null_latest_nav_date
SXC467,万方进取1号私募证券投资基金,万方进取1号,珠海横琴万方,2026-08-31,1.8517,2022-08-18,1,2,股票多头,主观多头,yes,万方进取1号私募证券投资基金,,,null_nav_date,yes,万方进取1号私募证券投资基金,正在运作,,珠海横琴万方私募基金管理合伙企业（有限合伙）,in_table_null_latest_nav_date
SX9834,磐厚动量-旅行者2号私募证券投资基金,磐厚动量-旅行者2号,上海磐厚动量资管,2026-08-31,2.428,2017-11-10,1,2,股票多头,主观多头,yes,磐厚动量-旅行者2号私募基金,,,null_nav_date,yes,磐厚动量-旅行者2号私募证券投资基金,正在运作,,磐厚动量(上海)资本管理有限公司,in_table_null_latest_nav_date
SX6344,望正精英鹏辉3号私募证券投资基金,望正精英鹏辉3号,深圳望正资管,2026-08-31,3.0767,2017-12-25,1,2,股票多头,主观多头,yes,望正精英鹏辉3号私募证券投资基金,,,null_nav_date,yes,望正精英鹏辉3号私募证券投资基金,正在运作,,深圳望正资产管理有限公司,in_table_null_latest_nav_date
SX3888,新方程宏量2号私募投资基金,新方程宏量2号,上海新方程,2026-08-31,2.31,2017-09-28,1,2,期货策略,量化期货,yes,新方程宏量2号私募投资基金,,,null_nav_date,yes,新方程宏量2号私募投资基金,正在运作,,上海新方程私募基金管理有限公司,in_table_null_latest_nav_date
SX3879,理石股票优选一号私募基金,理石股票优选一号,上海理石投资,2026-08-31,1.9951,2017-10-11,1,2,股票多头,主观多头,yes,理石股票优选一号私募基金,,,null_nav_date,yes,理石股票优选一号私募基金,正在运作,,上海理石投资管理有限公司,in_table_null_latest_nav_date
SW8805,新方程宏量1号私募投资基金,新方程宏量1号,上海新方程,2026-08-31,2.398,2017-09-13,1,2,期货策略,量化期货,yes,新方程宏量1号私募投资基金,,,null_nav_date,yes,新方程宏量1号私募投资基金,正在运作,,上海新方程私募基金管理有限公司,in_table_null_latest_nav_date
SW7799,磐厚动量-远翔1号私募基金,磐厚动量-远翔1号,上海磐厚动量资管,2026-08-31,1.0898,2017-09-25,1,2,股票多头,主观多头,yes,磐厚动量-远翔1号私募基金,,,null_nav_date,yes,磐厚动量-远翔1号私募基金,正在运作,,磐厚动量(上海)资本管理有限公司,in_table_null_latest_nav_date
SW2769,理石秃鹫1号私募证券投资基金,理石秃鹫1号,上海理石投资,2026-08-31,1.2151,2017-08-18,1,2,债券策略,信用债,yes,理石秃鹫1号私募证券投资基金,,,null_nav_date,yes,理石秃鹫1号私募证券投资基金,正在运作,,上海理石投资管理有限公司,in_table_null_latest_nav_date
SW0711,景林丰收3号基金专享私募子基金B期,景林丰收3号基金专享私募子基金B期,上海景林资管,2026-08-31,2.7588,2017-12-29,1,2,股票多头,主观多头,yes,景林丰收3号基金专享私募子基金B期,,,null_nav_date,yes,景林丰收3号基金专享私募子基金B期,正在运作,,上海景林资产管理有限公司,in_table_null_latest_nav_date
SVZ730,果实心选趋势A期私募证券投资基金,果实心选趋势A期,海南果实,2026-08-31,0.805,2022-07-21,1,2,股票多头,主观多头,yes,果实心选趋势A期私募证券投资基金,,,null_nav_date,yes,果实心选趋势A期私募证券投资基金,正在运作,,海南果实私募基金管理有限公司,in_table_null_latest_nav_date
SVX476,方圆鑫启明星一号私募证券投资基金,方圆鑫启明星一号,深圳方圆鑫,2026-08-31,0.7718,2022-07-28,1,2,多资产策略,复合策略,yes,方圆鑫启明星一号私募证券投资基金,,,null_nav_date,yes,方圆鑫启明星一号私募证券投资基金,正在运作,,深圳市方圆鑫私募证券基金管理有限公司,in_table_null_latest_nav_date
SVW926,新方程大类配置平衡型五号私募证券投资基金,新方程大类配置平衡型五号,上海新方程,2026-08-31,1.278,2022-07-28,1,2,组合策略,FOF,yes,新方程大类配置平衡型五号私募证券投资基金,,,null_nav_date,yes,新方程大类配置平衡型五号私募证券投资基金,正在运作,,上海新方程私募基金管理有限公司,in_table_null_latest_nav_date
SVT693,康盛全球科技成长私募证券投资基金,康盛全球科技成长,上海康盛,2026-08-31,1.9217,2022-06-13,1,2,股票多头,主观多头,yes,康盛全球科技成长私募证券投资基金,,,null_nav_date,yes,康盛全球科技成长私募证券投资基金,正在运作,,上海康盛私募基金管理合伙企业（有限合伙）,in_table_null_latest_nav_date
SVT375,今通今虎添翼中性私募证券投资基金,今通今虎添翼中性,上海今通投资,2026-08-31,1.428,2022-06-10,1,2,股票对冲,股票市场中性,yes,今通今虎添翼中性私募证券投资基金,,,null_nav_date,yes,今通今虎添翼中性私募证券投资基金,正在运作,,上海今通投资管理有限公司,in_table_null_latest_nav_date
SVS728,量客1000指增私募证券投资基金,量客1000指增,上海量客,2026-08-31,1.198,2022-09-22,1,2,股票多头,1000指增,yes,量客1000指增私募证券投资基金,,,null_nav_date,yes,量客1000指增私募证券投资基金,正在运作,,上海量客私募基金管理有限公司,in_table_null_latest_nav_date
SVR195,万方精选1号私募证券投资基金,万方精选1号,珠海横琴万方,2026-08-31,1.5163,2022-05-20,1,2,组合策略,FOF,yes,万方精选1号私募证券投资基金,,,null_nav_date,yes,万方精选1号私募证券投资基金,正在运作,,珠海横琴万方私募基金管理合伙企业（有限合伙）,in_table_null_latest_nav_date
SVQ977,富腾成长1号私募证券投资基金,富腾成长1号,深圳富腾,2026-08-31,0.642,2022-06-21,1,2,股票多头,主观多头,yes,富腾成长1号私募证券投资基金,,,null_nav_date,yes,富腾成长1号私募证券投资基金,正在运作,,深圳市富腾私募证券基金管理有限公司,in_table_null_latest_nav_date
SVP723,鼎世红利私募证券投资基金,鼎世红利,嘉兴鼎世永聚投资,2026-08-31,2.263,2022-07-13,1,2,股票多头,主观多头,yes,鼎世红利私募证券投资基金,,,null_nav_date,yes,鼎世红利私募证券投资基金,正在运作,,嘉兴鼎世永聚投资管理合伙企业（有限合伙）,in_table_null_latest_nav_date
SVN842,传家堡静远长青私募证券投资基金,传家堡静远长青,北京传家堡资管,2026-08-31,1.2077,2022-09-14,1,2,股票对冲,股票多空,yes,传家堡静远长青私募证券投资基金,,,null_nav_date,yes,传家堡静远长青私募证券投资基金,正在运作,,北京传家堡资产管理有限公司,in_table_null_latest_nav_date
SVJ982,博瑞安鑫1号私募证券投资基金,博瑞安鑫1号,海南博瑞,2026-08-31,0.882,2022-07-05,1,2,其他,,yes,博瑞安鑫1号私募证券投资基金,,,null_nav_date,yes,博瑞安鑫1号私募证券投资基金,正在运作,,博瑞私募基金管理（海南）有限公司,in_table_null_latest_nav_date
SVG556,凯洲云浩四通6号私募证券投资基金,凯洲云浩四通6号,深圳前海凯洲资管,2026-08-31,1.0234,2023-03-06,1,2,股票多头,主观多头,yes,凯洲云浩四通6号私募证券投资基金,,,null_nav_date,yes,凯洲云浩四通6号私募证券投资基金,正在运作,,深圳市前海凯洲资产管理有限公司,in_table_null_latest_nav_date
SVE486,众赢同力3号私募证券投资基金,众赢同力3号,珠海众合创赢金融投资,2026-08-31,1.0448,2025-12-19,1,2,股票多头,,yes,众赢同力3号私募证券投资基金,,,null_nav_date,yes,众赢同力3号私募证券投资基金,正在运作,私募证券投资基金,珠海众合创赢金融投资合伙企业（有限合伙）,in_table_null_latest_nav_date
SVD044,逸原12号私募证券投资基金,逸原12号,北京逸原达投资,2026-08-31,3.399,2022-03-01,1,2,股票多头,主观多头,yes,逸原12号私募证券投资基金,,,null_nav_date,yes,逸原12号私募证券投资基金,正在运作,,北京逸原达投资管理有限公司,in_table_null_latest_nav_date
SVC982,贝叶斯金底进取1号私募证券投资基金,贝叶斯金底进取1号,北京动量时代资管,2026-08-31,1.256,2022-03-15,1,2,多资产策略,复合策略,yes,贝叶斯金底进取1号私募证券投资基金,,,null_nav_date,yes,贝叶斯金底进取1号私募证券投资基金,正在运作,,北京动量时代资产管理有限公司,in_table_null_latest_nav_date
STY825,君榕2号证券投资私募基金,君榕2号,苏州君榕资管,2026-08-31,1.699,2022-08-16,1,2,股票多头,主观多头,yes,君榕2号证券投资私募基金,,,null_nav_date,yes,君榕2号证券投资私募基金,正在运作,,苏州君榕资产管理有限公司,in_table_null_latest_nav_date
STW698,盈至止于至善10号私募证券投资基金,盈至止于至善10号,厦门盈至至善,2026-08-31,1.0688,2022-02-16,1,2,股票多头,主观多头,yes,盈至止于至善10号私募证券投资基金,,,null_nav_date,yes,盈至止于至善10号私募证券投资基金,正在运作,,厦门盈至至善私募基金管理有限公司,in_table_null_latest_nav_date
STS126,新方程大类配置进取型二号私募证券投资基金,新方程大类配置进取型二号,上海新方程,2026-08-31,1.146,2022-04-25,1,2,组合策略,FOF,yes,新方程大类配置进取型二号私募证券投资基金,,,null_nav_date,yes,新方程大类配置进取型二号私募证券投资基金,正在运作,,上海新方程私募基金管理有限公司,in_table_null_latest_nav_date
STQ517,诚熠丰源3号私募证券投资基金,诚熠丰源3号,上海诚熠,2026-08-31,1.2,2022-01-07,1,2,股票多头,主观多头,yes,诚熠丰源3号私募证券投资基金,,,null_nav_date,yes,诚熠丰源3号私募证券投资基金,正在运作,,上海诚熠私募基金管理中心（有限合伙）,in_table_null_latest_nav_date
STP163,新方程大类配置平衡型三号私募证券投资基金,新方程大类配置平衡型三号,上海新方程,2026-08-31,1.195,2022-01-12,1,2,组合策略,FOF,yes,新方程大类配置平衡型三号私募证券投资基金,,,null_nav_date,yes,新方程大类配置平衡型三号私募证券投资基金,正在运作,,上海新方程私募基金管理有限公司,in_table_null_latest_nav_date
STN455,中证乾元拾贝一号私募证券投资基金,中证乾元拾贝一号,中证乾元资管,2026-08-31,4.8806,2022-10-18,1,2,股票多头,主观多头,yes,中证乾元拾贝一号私募证券投资基金,,,null_nav_date,yes,中证乾元拾贝一号私募证券投资基金,正在运作,,中证乾元资本管理有限公司,in_table_null_latest_nav_date
STM193,万方稳利1号A期私募证券投资基金,万方稳利1号A期,珠海横琴万方,2026-08-31,1.5466,2021-12-23,1,2,债券策略,债券复合,yes,万方稳利1号A期私募证券投资基金,,,null_nav_date,yes,万方稳利1号A期私募证券投资基金,正在运作,,珠海横琴万方私募基金管理合伙企业（有限合伙）,in_table_null_latest_nav_date
STK725,万方稳利1号私募证券投资基金,万方稳利1号,珠海横琴万方,2026-08-31,1.6677,2021-12-09,1,2,债券策略,信用债,yes,万方稳利1号私募证券投资基金,,,null_nav_date,yes,万方稳利1号私募证券投资基金,正在运作,,珠海横琴万方私募基金管理合伙企业（有限合伙）,in_table_null_latest_nav_date
STF354,云阳二期私募证券投资基金,云阳二期,苏州云阳宜品投资,2026-08-31,1.1788,2022-01-06,1,2,股票多头,主观多头,yes,云阳二期私募证券投资基金,,,null_nav_date,yes,云阳二期私募证券投资基金,正在运作,,苏州云阳宜品投资管理有限公司,in_table_null_latest_nav_date
STD109,星阔上林16号中证1000指数增强私募证券投资基金,星阔上林16号中证1000指数增强,青岛星阔投资,2026-08-31,1.8695,2021-12-08,1,2,股票多头,1000指增,yes,星阔上林16号中证1000指数增强私募证券投资基金,,,null_nav_date,yes,星阔上林16号中证1000指数增强私募证券投资基金,正在运作,,星阔（青岛）投资管理有限公司,in_table_null_latest_nav_date
STC960,中证乾元雅歌一号私募证券投资基金,中证乾元雅歌一号,中证乾元资管,2026-08-31,5.8353,2021-11-18,1,2,期货策略,主观期货,yes,中证乾元雅歌一号私募证券投资基金,,,null_nav_date,yes,中证乾元雅歌一号私募证券投资基金,正在运作,,中证乾元资本管理有限公司,in_table_null_latest_nav_date
STB159,汉中林园投资22号私募证券投资基金,汉中林园投资22号,汉中林园投资,2026-08-31,0.9805,2021-11-10,1,2,股票多头,主观多头,yes,汉中林园投资22号私募证券投资基金,,,null_nav_date,yes,汉中林园投资22号私募证券投资基金,正在运作,,汉中林园投资基金管理合伙企业（有限合伙）,in_table_null_latest_nav_date
ST7991,大凡私募基金10号,大凡10号,重庆大凡,2026-08-31,1.0058,2018-01-10,1,2,期货策略,量化期货,yes,大凡私募基金10号,,,null_nav_date,yes,大凡私募基金10号,正在运作,,重庆大凡私募证券投资基金管理有限公司,in_table_null_latest_nav_date
SSY770,新方程大类配置进取型私募证券投资基金,新方程大类配置进取型,上海新方程,2026-08-31,1.424,2021-10-29,1,2,组合策略,FOF,yes,新方程大类配置进取型私募证券投资基金,,,null_nav_date,yes,新方程大类配置进取型私募证券投资基金,正在运作,,上海新方程私募基金管理有限公司,in_table_null_latest_nav_date
SSX550,颢兴超凡一号私募证券投资基金,颢兴超凡一号,深圳颢兴资管,2026-08-31,1.725,2021-10-13,1,2,期货策略,主观期货,yes,颢兴超凡一号私募证券投资基金,,,null_nav_date,yes,颢兴超凡一号私募证券投资基金,正在运作,,颢兴资本管理（深圳）有限公司,in_table_null_latest_nav_date
SSR551,民森宏观策略2号私募证券投资基金,民森宏观策略2号,深圳民森投资,2026-08-31,0.9877,2021-11-04,1,2,多资产策略,宏观策略,yes,民森宏观策略2号私募证券投资基金,,,null_nav_date,yes,民森宏观策略2号私募证券投资基金,正在运作,,深圳民森投资有限公司,in_table_null_latest_nav_date
SSR103,冲积成长优选6号6期私募证券投资基金,冲积成长优选6号6期,上海冲积投资,2026-08-31,1.3308,2021-10-26,1,2,股票多头,主观多头,yes,冲积成长优选6号6期私募证券投资基金,,,null_nav_date,yes,冲积成长优选6号6期私募证券投资基金,正在运作,,上海冲积资产管理中心（有限合伙）,in_table_null_latest_nav_date
SSP405,尚珑睿智稳健1号FOF私募证券投资基金,尚珑睿智稳健1号FOF,深圳尚珑基金,2026-08-31,1.0927,2021-09-06,1,2,组合策略,FOF,yes,尚珑睿智稳健1号FOF私募证券投资基金,,,null_nav_date,yes,尚珑睿智稳健1号FOF私募证券投资基金,正在运作,,深圳市尚珑基金管理有限公司,in_table_null_latest_nav_date
SSM944,众壹资产量合种子一号私募证券投资基金,众壹资产量合种子一号,上海众壹,2026-08-31,1.0222,2021-09-01,1,2,期货策略,量化期货,yes,众壹资产量合种子一号私募证券投资基金,,,null_nav_date,yes,众壹资产量合种子一号私募证券投资基金,正在运作,,上海众壹私募基金管理有限公司,in_table_null_latest_nav_date
SSK946,崇正磐石私募证券投资基金,崇正磐石,广州崇正,2026-08-31,2.0901,2021-08-18,1,2,股票多头,主观多头,yes,崇正磐石私募证券投资基金,,,null_nav_date,yes,崇正磐石私募证券投资基金,正在运作,,广州崇正私募证券投资基金管理有限公司,in_table_null_latest_nav_date
SSJ385,品润鲸鲨一号私募证券投资基金,品润鲸鲨一号,浙江品润投资,2026-08-31,2.0936,2021-08-16,1,2,股票多头,主观多头,yes,品润鲸鲨一号私募证券投资基金,,,null_nav_date,yes,品润鲸鲨一号私募证券投资基金,正在运作,,浙江品润投资管理有限公司,in_table_null_latest_nav_date
SSD164,新方程大类配置二号私募证券投资基金,新方程大类配置二号,上海新方程,2026-08-31,1.209,2021-08-25,1,2,组合策略,FOF,yes,新方程大类配置二号私募证券投资基金,,,null_nav_date,yes,新方程大类配置二号私募证券投资基金,正在运作,,上海新方程私募基金管理有限公司,in_table_null_latest_nav_date
SSD058,古槐成长私募证券投资基金,古槐成长,北京古槐资本投资,2026-08-31,2.469,2021-07-23,1,2,股票多头,主观多头,yes,古槐成长私募证券投资基金,,,null_nav_date,yes,古槐成长私募证券投资基金,正在运作,,北京古槐资本投资有限公司,in_table_null_latest_nav_date
SSA217,天戈恒羽二号私募证券投资基金,天戈恒羽二号,上海天戈投资,2026-08-31,0.9507,2021-07-13,1,2,股票对冲,股票市场中性,yes,天戈恒羽二号私募证券投资基金,,,null_nav_date,yes,天戈恒羽二号私募证券投资基金,正在运作,,上海天戈投资管理有限公司,in_table_null_latest_nav_date
SS9473,牧圜畅享壹号FOF私募证券投资基金,牧圜畅享壹号FOF,上海牧圜,2026-08-31,1.234,2017-04-07,1,2,组合策略,FOF,yes,牧圜畅享壹号FOF私募证券投资基金,,,null_nav_date,yes,牧圜畅享壹号FOF私募证券投资基金,正在运作,,上海牧圜私募基金管理合伙企业（有限合伙）,in_table_null_latest_nav_date
SS4198,墨锋稳健成长私募证券投资基金,墨锋稳健成长,浙江墨锋投资,2026-08-31,1.442,2017-05-26,1,2,股票多头,主观多头,yes,墨锋稳健成长私募证券投资基金,,,null_nav_date,yes,墨锋稳健成长私募证券投资基金,正在运作,,浙江墨锋投资管理有限公司,in_table_null_latest_nav_date
SS0017,古槐一号私募证券投资基金,古槐一号,北京古槐资本投资,2026-08-31,3.698,2017-03-22,1,2,股票多头,主观多头,yes,古槐一号私募证券投资基金,,,null_nav_date,yes,古槐一号私募证券投资基金,正在运作,,北京古槐资本投资有限公司,in_table_null_latest_nav_date
SR9235,磐厚动量-旅行者1号私募基金,磐厚动量-旅行者1号,上海磐厚动量资管,2026-08-31,0.9113,2017-03-22,1,2,股票多头,主观多头,yes,磐厚动量-旅行者1号私募基金,,,null_nav_date,yes,磐厚动量-旅行者1号私募基金,正在运作,,磐厚动量(上海)资本管理有限公司,in_table_null_latest_nav_date
SQW602,美好吉布斯一号私募证券投资基金,美好吉布斯一号,广东横琴广鑫美好,2026-08-31,1.3872,2021-06-24,1,2,股票多头,500指增,yes,美好吉布斯一号私募证券投资基金,,,null_nav_date,yes,美好吉布斯一号私募证券投资基金,正在运作,,广东横琴广鑫美好私募基金管理有限公司,in_table_null_latest_nav_date
SQW105,巨博华多元策略1号证券私募投资基金,巨博华多元策略1号,深圳巨博华,2026-08-31,1.4291,2021-07-12,1,2,套利策略,期货套利,yes,巨博华多元策略1号证券私募投资基金,,,null_nav_date,yes,巨博华多元策略1号证券私募投资基金,正在运作,,深圳市巨博华私募证券基金管理有限公司,in_table_null_latest_nav_date
SQB583,竹润乐在35号私募证券投资基金,竹润乐在35号,上海竹润投资,2026-08-31,1.1146,2021-03-16,1,2,债券策略,信用债,yes,竹润乐在35号私募证券投资基金,,,null_nav_date,yes,竹润乐在35号私募证券投资基金,正在运作,,上海竹润投资有限公司,in_table_null_latest_nav_date
SP405B,尚珑睿智稳健1号FOF私募证券投资基金B类份额,尚珑睿智稳健1号FOFB类,深圳尚珑基金,2026-08-31,1.0799,2021-09-06,1,2,组合策略,FOF,no,,,,not_in_table,no,,,,,not_in_private_fund_info
SNZ000,蒙特卡罗可转债1号私募证券投资基金,蒙特卡罗可转债1号,西安蒙特卡罗基金,2026-08-31,1.6998,2021-02-09,1,2,多资产策略,复合策略,yes,蒙特卡罗可转债1号私募证券投资基金,,,null_nav_date,yes,蒙特卡罗可转债1号私募证券投资基金,正在运作,,西安蒙特卡罗基金管理有限公司,in_table_null_latest_nav_date
SNU360,君理巨蟹座二号私募证券投资基金,君理巨蟹座二号,嘉兴君理,2026-08-31,1.629,2021-01-29,1,2,债券策略,信用债,yes,君理巨蟹座二号私募证券投资基金,,,null_nav_date,yes,君理巨蟹座二号私募证券投资基金,正在运作,,嘉兴君理私募基金管理有限公司,in_table_null_latest_nav_date
SNT091,景林丰收3号基金专享私募证券投资子基金HM2期,景林丰收3号基金专享私募子基金HM2期,上海景林资管,2026-08-31,1.5444,2021-03-24,1,2,股票多头,主观多头,yes,景林丰收3号基金专享私募证券投资子基金HM2期,,,null_nav_date,yes,景林丰收3号基金专享私募证券投资子基金HM2期,正在运作,,上海景林资产管理有限公司,in_table_null_latest_nav_date
SNQ525,新方程大类配置稳健型私募证券投资基金,新方程大类配置稳健型,上海新方程,2026-08-31,1.3404,2021-01-04,1,2,组合策略,FOF,yes,新方程大类配置稳健型私募证券投资基金,,,null_nav_date,yes,新方程大类配置稳健型私募证券投资基金,正在运作,,上海新方程私募基金管理有限公司,in_table_null_latest_nav_date
SNM946,磐厚动量-智慧时代私募证券投资基金,磐厚动量-智慧时代,上海磐厚动量资管,2026-08-31,2.172,2021-01-04,1,2,股票多头,主观多头,yes,磐厚动量-智慧时代私募证券投资基金,,,null_nav_date,yes,磐厚动量-智慧时代私募证券投资基金,正在运作,,磐厚动量(上海)资本管理有限公司,in_table_null_latest_nav_date
SNH306,君榕1号证券投资私募基金,君榕1号,苏州君榕资管,2026-08-31,2.191,2021-01-07,1,2,股票多头,主观多头,yes,君榕1号证券投资私募基金,,,null_nav_date,yes,君榕1号证券投资私募基金,正在运作,,苏州君榕资产管理有限公司,in_table_null_latest_nav_date
SNG881,务时基本面量化综合2号私募证券投资基金,务时基本面量化综合2号,厦门务时,2026-08-31,1.0995,2020-11-18,1,2,多资产策略,复合策略,yes,务时基本面量化综合2号私募证券投资基金,,,null_nav_date,yes,务时基本面量化综合2号私募证券投资基金,正在运作,,厦门务时私募基金管理有限公司,in_table_null_latest_nav_date
SNB680,景林优选基金专享私募证券投资子基金PPW2期,景林优选基金专享私募子基金PPW2期,上海景林资管,2026-08-31,1.7918,2020-11-11,1,2,股票多头,主观多头,yes,景林优选基金专享私募证券投资子基金PPW2期,,,null_nav_date,yes,景林优选基金专享私募证券投资子基金PPW2期,正在运作,,上海景林资产管理有限公司,in_table_null_latest_nav_date
SN8738,致君日月星1号私募投资基金,致君日月星1号,上海致君资管,2026-08-31,1.82,2016-12-23,1,2,股票多头,主观多头,yes,致君日月星1号私募投资基金,,,null_nav_date,yes,致君日月星1号私募投资基金,正在运作,,上海致君资产管理有限公司,in_table_null_latest_nav_date
SLN406,民森宏观策略私募证券投资基金,民森宏观策略,深圳民森投资,2026-08-31,0.7723,2020-09-01,1,2,多资产策略,宏观策略,yes,民森宏观策略私募证券投资基金,,,null_nav_date,yes,民森宏观策略私募证券投资基金,正在运作,,深圳民森投资有限公司,in_table_null_latest_nav_date
SLM810,同亨持股宝三十三号私募证券投资基金,同亨持股宝三十三号,福建省同亨投资,2026-08-31,3.2172,2020-08-20,1,2,股票对冲,股票多空,yes,同亨持股宝三十三号私募证券投资基金,,,null_nav_date,yes,同亨持股宝三十三号私募证券投资基金,正在运作,,福建省同亨投资管理有限公司,in_table_null_latest_nav_date
SLM263,正心谷（檀真）长期优势专享A期私募证券投资基金,正心谷(檀真)长期优势专享A期,浙江檀真投资,2026-08-31,0.6702,2020-08-05,1,2,股票多头,主观多头,yes,正心谷（檀真）长期优势专享A期私募证券投资基金,,,null_nav_date,yes,正心谷（檀真）长期优势专享A期私募证券投资基金,正在运作,,浙江义乌市檀真投资管理合伙企业（有限合伙）,in_table_null_latest_nav_date
SLJ916,林园投资130号私募证券投资基金,林园投资130号,深圳林园投资,2026-08-31,0.7547,2020-07-24,1,2,股票多头,主观多头,yes,林园投资130号私募证券投资基金,,,null_nav_date,yes,林园投资130号私募证券投资基金,正在运作,,深圳市林园投资管理有限责任公司,in_table_null_latest_nav_date
SLF951,凤翔长期红利B私募证券投资基金,凤翔长期红利B,深圳凤翔,2026-08-31,1.1937,2020-07-07,1,2,股票多头,量化选股,yes,凤翔长期红利B私募证券投资基金,,,null_nav_date,yes,凤翔长期红利B私募证券投资基金,正在运作,,深圳凤翔私募证券基金管理有限公司,in_table_null_latest_nav_date
SLF948,凤翔多利2期私募证券投资基金,凤翔多利2期,深圳凤翔,2026-08-31,1.1706,2020-07-07,1,2,股票多头,量化选股,yes,凤翔多利2期私募证券投资基金,,,null_nav_date,yes,凤翔多利2期私募证券投资基金,正在运作,,深圳凤翔私募证券基金管理有限公司,in_table_null_latest_nav_date
SLF947,凤翔恒信私募证券投资基金,凤翔恒信,深圳凤翔,2026-08-31,1.2614,2020-07-08,1,2,股票多头,量化选股,yes,凤翔恒信私募证券投资基金,,,null_nav_date,yes,凤翔恒信私募证券投资基金,正在运作,,深圳凤翔私募证券基金管理有限公司,in_table_null_latest_nav_date
SLD300,利位星舟泰华8号私募证券投资基金,利位星舟泰华8号,上海利位,2026-08-31,1.0047,2020-06-10,1,2,债券策略,债券复合,yes,利位星舟泰华8号私募证券投资基金,,,null_nav_date,yes,利位星舟泰华8号私募证券投资基金,正在运作,,上海利位私募基金管理有限公司,in_table_null_latest_nav_date
SL060A,泽塔盖德尔雪币3号私募证券投资基金A类份额,泽塔盖德尔雪币3号A类,海南泽塔,2026-08-31,3.4771,2021-08-30,1,2,股票多头,可转债多头,no,,,,not_in_table,no,,,,,not_in_private_fund_info
SJX402,涌融炼金精选混合策略私募证券投资基金,涌融炼金精选混合策略,上海涌融,2026-08-31,1.2323,2020-04-30,1,2,股票多头,量化选股,yes,涌融炼金精选混合策略私募证券投资基金,,,null_nav_date,yes,涌融炼金精选混合策略私募证券投资基金,正在运作,,上海涌融私募基金管理有限公司,in_table_null_latest_nav_date
SJW651,恒德远征添利3号私募证券投资基金,恒德远征添利3号,北京恒德时代,2026-08-31,1.569,2020-04-07,1,2,多资产策略,复合策略,yes,恒德远征添利3号私募证券投资基金,,,null_nav_date,yes,恒德远征添利3号私募证券投资基金,正在运作,,北京恒德时代私募基金管理有限公司,in_table_null_latest_nav_date
SJR794,沣京公司精选1期私募证券投资基金,沣京公司精选1期,北京沣京资管,2026-08-31,2.632,2025-01-13,1,2,股票多头,,yes,沣京公司精选1期私募证券投资基金,,,null_nav_date,yes,沣京公司精选1期私募证券投资基金,正在运作,私募证券投资基金,沣京资本管理（北京）有限公司,in_table_null_latest_nav_date
SJQ073,涌融掘金臻选复合策略私募证券投资基金,涌融掘金臻选复合策略,上海涌融,2026-08-31,1.2323,2020-02-11,1,2,期货策略,量化期货,yes,涌融掘金臻选复合策略私募证券投资基金,,,null_nav_date,yes,涌融掘金臻选复合策略私募证券投资基金,正在运作,,上海涌融私募基金管理有限公司,in_table_null_latest_nav_date
SJN648,涌融驭金领航稳进策略私募证券投资基金,涌融驭金领航稳进策略,上海涌融,2026-08-31,1.0341,2020-02-11,1,2,股票多头,量化选股,yes,涌融驭金领航稳进策略私募证券投资基金,,,null_nav_date,yes,涌融驭金领航稳进策略私募证券投资基金,正在运作,,上海涌融私募基金管理有限公司,in_table_null_latest_nav_date
SJM327,景林全球基金专享私募证券投资子基金PPW2期,景林全球基金专享私募子基金PPW2期,上海景林资管,2026-08-31,1.3888,2020-02-21,1,2,股票多头,主观多头,yes,景林全球基金专享私募证券投资子基金PPW2期,,,null_nav_date,yes,景林全球基金专享私募证券投资子基金PPW2期,正在运作,,上海景林资产管理有限公司,in_table_null_latest_nav_date
SJJ704,懋良锐狮量化对冲私募证券投资基金,懋良锐狮量化对冲,上海懋良投资,2026-08-31,2.6877,2019-12-09,1,2,期货策略,量化期货,yes,懋良锐狮量化对冲私募证券投资基金,,,null_nav_date,yes,懋良锐狮量化对冲私募证券投资基金,正在运作,,上海懋良投资管理合伙企业（有限合伙）,in_table_null_latest_nav_date
SJH171,涌融一号智能量化私募证券投资基金,涌融一号智能量化,上海涌融,2026-08-31,1.0576,2019-12-03,1,2,股票多头,量化选股,yes,涌融一号智能量化私募证券投资基金,,,null_nav_date,yes,涌融一号智能量化私募证券投资基金,正在运作,,上海涌融私募基金管理有限公司,in_table_null_latest_nav_date
SJA220,景林全球基金专享私募证券投资子基金JFZ2期,景林全球基金专享私募子基金JFZ2期,上海景林资管,2026-08-31,1.5552,2019-11-06,1,2,股票多头,主观多头,yes,景林全球基金专享私募证券投资子基金JFZ2期,,,null_nav_date,yes,景林全球基金专享私募证券投资子基金JFZ2期,正在运作,,上海景林资产管理有限公司,in_table_null_latest_nav_date
SJ9625,集元-祥瑞1号基金,集元-祥瑞1号基金,上海集元资管,2026-08-31,0.723,2016-05-24,1,2,股票多头,主观多头,yes,集元-祥瑞1号基金,,,null_nav_date,yes,集元-祥瑞1号基金,正在运作,,上海集元资产管理有限公司,in_table_null_latest_nav_date
SJ385A,品润鲸鲨一号私募证券投资基金A类份额,品润鲸鲨一号A类,浙江品润投资,2026-08-31,2.098,2021-08-16,1,2,股票多头,主观多头,no,,,,not_in_table,no,,,,,not_in_private_fund_info
SH7281,汇众新开洋财富传承私募证券投资基金,汇众新开洋财富传承,河南慧众,2026-08-31,0.8796,2016-03-22,1,2,组合策略,FOF,yes,汇众新开洋财富传承私募证券投资基金,,,null_nav_date,yes,汇众新开洋财富传承私募证券投资基金,正在运作,,河南慧众私募基金管理有限公司,in_table_null_latest_nav_date
SGY186,富利多策略价值二号私募证券投资基金,富利多策略价值二号,大连富利投资,2026-08-31,0.9127,2020-02-26,1,2,多资产策略,复合策略,yes,富利多策略价值二号私募证券投资基金,,,null_nav_date,yes,富利多策略价值二号私募证券投资基金,正在运作,,大连富利投资企业（有限合伙）,in_table_null_latest_nav_date
SGW443,东来紫竹3号私募证券投资基金,东来紫竹3号,宁波东来方元投资,2026-08-31,1.547,2019-07-22,1,2,股票多头,主观多头,yes,东来紫竹3号私募证券投资基金,,,null_nav_date,yes,东来紫竹3号私募证券投资基金,正在运作,,宁波东来方元投资管理合伙企业（有限合伙）,in_table_null_latest_nav_date
SGW258,东来紫竹2号私募证券投资基金,东来紫竹2号,宁波东来方元投资,2026-08-31,1.526,2019-07-22,1,2,股票多头,主观多头,yes,东来紫竹2号私募证券投资基金,,,null_nav_date,yes,东来紫竹2号私募证券投资基金,正在运作,,宁波东来方元投资管理合伙企业（有限合伙）,in_table_null_latest_nav_date
SGW143,幻方中证500量化多策略6号私募证券投资基金,幻方中证500量化多策略6号,宁波幻方量化投资,2026-08-31,4.1397,2019-07-23,1,2,股票多头,500指增,yes,幻方中证500量化多策略6号私募证券投资基金,,,null_nav_date,yes,幻方中证500量化多策略6号私募证券投资基金,正在运作,,宁波幻方量化投资管理合伙企业（有限合伙）,in_table_null_latest_nav_date
SGV922,兆信飞翔6号私募证券投资基金,兆信飞翔6号,江苏兆信,2026-08-31,2.7236,2019-12-27,1,2,多资产策略,宏观策略,yes,兆信飞翔6号私募证券投资基金,,,null_nav_date,yes,兆信飞翔6号私募证券投资基金,正在运作,,江苏兆信私募基金管理有限公司,in_table_null_latest_nav_date
SGR450,沣京价值精选1期私募证券投资基金,沣京价值精选1期,北京沣京资管,2026-08-31,3.8763,2019-09-06,1,2,股票多头,主观多头,yes,沣京价值精选1期私募证券投资基金,,,null_nav_date,yes,沣京价值精选1期私募证券投资基金,正在运作,,沣京资本管理（北京）有限公司,in_table_null_latest_nav_date
SGJ159,汉中林园投资2号私募证券投资基金,汉中林园投资2号,汉中林园投资,2026-08-31,1.2241,2019-07-05,1,2,股票多头,主观多头,yes,汉中林园投资2号私募证券投资基金,,,null_nav_date,yes,汉中林园投资2号私募证券投资基金,正在运作,,汉中林园投资基金管理合伙企业（有限合伙）,in_table_null_latest_nav_date
SGH006,鑫岚鑫雨证券投资私募基金,鑫岚鑫雨,上海鑫岚投资,2026-08-31,3.322,2019-04-15,1,2,多资产策略,宏观策略,yes,鑫岚鑫雨证券投资私募基金,,,null_nav_date,yes,鑫岚鑫雨证券投资私募基金,正在运作,,上海鑫岚投资管理有限公司,in_table_null_latest_nav_date
SGF271,以谦投资-零钱403私募证券投资基金,以谦投资-零钱403,广州以谦,2026-08-31,0.9584,2019-04-19,1,2,股票多头,主观多头,yes,以谦投资-零钱403私募证券投资基金,,,null_nav_date,yes,以谦投资-零钱403私募证券投资基金,正在运作,,广州以谦私募证券投资基金管理有限公司,in_table_null_latest_nav_date
SEX717,汉中林园投资1号私募证券投资基金,汉中林园投资1号,汉中林园投资,2026-08-31,1.1188,2019-03-04,1,2,股票多头,主观多头,yes,汉中林园投资1号私募证券投资基金,,,null_nav_date,yes,汉中林园投资1号私募证券投资基金,正在运作,,汉中林园投资基金管理合伙企业（有限合伙）,in_table_null_latest_nav_date
SEX616,鹤骑鹰知愚私募证券投资基金,鹤骑鹰知愚,上海鹤骑鹰投资,2026-08-31,1.6885,2019-01-28,1,2,股票多头,量化选股,yes,鹤骑鹰知愚私募证券投资基金,,,null_nav_date,yes,鹤骑鹰知愚私募证券投资基金,正在运作,,上海鹤骑鹰投资管理有限公司,in_table_null_latest_nav_date
SEV721,京华龙稳健成长3号证券投资私募基金,京华龙稳健成长3号,北京京华龙资管,2026-08-31,2.642,2019-03-06,1,2,多资产策略,复合策略,yes,京华龙稳健成长3号证券投资私募基金,,,null_nav_date,yes,京华龙稳健成长3号证券投资私募基金,正在运作,,北京京华龙资产管理有限公司,in_table_null_latest_nav_date
SEU613,谷启-万利9号私募期货投资基金,谷启-万利9号,武汉谷启,2026-08-31,1.2788,2018-11-27,1,2,期货策略,主观期货,yes,谷启-万利9号私募期货投资基金,,,null_nav_date,yes,谷启-万利9号私募期货投资基金,正在运作,,武汉谷启私募基金有限公司,in_table_null_latest_nav_date
SET098,循理积极成长1号私募证券投资基金,循理积极成长1号,上海循理资管,2026-08-31,4.888,2018-11-22,1,2,股票多头,主观多头,yes,循理积极成长1号私募证券投资基金,,,null_nav_date,yes,循理积极成长1号私募证券投资基金,正在运作,,上海循理资产管理有限公司,in_table_null_latest_nav_date
SEJ518,天睿1号私募证券投资基金,天睿1号,平潭天添资管,2026-08-31,2.3856,2018-08-10,1,2,股票多头,主观多头,yes,天睿1号私募证券投资基金,,,null_nav_date,yes,天睿1号私募证券投资基金,正在运作,,平潭天添资产管理有限公司,in_table_null_latest_nav_date
SEH933,富利步步为盈3期私募证券投资基金,富利步步为盈3期,大连富利投资,2026-08-31,7.2943,2018-08-06,1,2,期货策略,主观期货,yes,富利步步为盈3期私募证券投资基金,,,null_nav_date,yes,富利步步为盈3期私募证券投资基金,正在运作,,大连富利投资企业（有限合伙）,in_table_null_latest_nav_date
SEH484,易善涵桉1号私募证券投资基金,易善涵桉1号,深圳易善,2026-08-31,1.159,2018-08-03,1,2,股票多头,主观多头,yes,易善涵桉1号私募证券投资基金,,,null_nav_date,yes,易善涵桉1号私募证券投资基金,正在运作,,易善私募证券基金管理（深圳）有限公司,in_table_null_latest_nav_date
SEE684,传家堡山河优选私募基金,传家堡山河优选,北京传家堡资管,2026-08-31,4.663,2018-08-06,1,2,股票对冲,股票多空,yes,传家堡山河优选私募基金,,,null_nav_date,yes,传家堡山河优选私募基金,正在运作,,北京传家堡资产管理有限公司,in_table_null_latest_nav_date
SEE607,传家堡资管长江之星私募基金,传家堡资管长江之星,北京传家堡资管,2026-08-31,4.212,2018-07-24,1,2,组合策略,FOF,yes,传家堡资管长江之星私募基金,,,null_nav_date,yes,传家堡资管长江之星私募基金,正在运作,,北京传家堡资产管理有限公司,in_table_null_latest_nav_date
SEE361,沣京稳健一期私募证券投资基金,沣京稳健一期,北京沣京资管,2026-08-31,3.7042,2019-06-11,1,2,股票多头,主观多头,yes,沣京稳健一期私募证券投资基金,,,null_nav_date,yes,沣京稳健一期私募证券投资基金,正在运作,,沣京资本管理（北京）有限公司,in_table_null_latest_nav_date
SEA126,中证乾元康祺一号私募证券投资基金,中证乾元康祺一号,中证乾元资管,2026-08-31,2.4026,2018-07-18,1,2,多资产策略,复合策略,yes,中证乾元康祺一号私募证券投资基金,,,null_nav_date,yes,中证乾元康祺一号私募证券投资基金,正在运作,,中证乾元资本管理有限公司,in_table_null_latest_nav_date
SCT531,必胜年年升1号私募基金,必胜年年升1号,深圳毕升,2026-08-31,1.8897,2018-06-05,1,2,股票多头,主观多头,yes,必胜年年升1号私募基金,,,null_nav_date,yes,必胜年年升1号私募基金,正在运作,,深圳毕升私募证券基金管理有限公司,in_table_null_latest_nav_date
SCS085,景林优选基金专享私募子基金HM1期,景林优选基金专享私募子基金HM1期,上海景林资管,2026-08-31,3.1921,2018-05-08,1,2,股票多头,主观多头,yes,景林优选基金专享私募子基金HM1期,,,null_nav_date,yes,景林优选基金专享私募子基金HM1期,正在运作,,上海景林资产管理有限公司,in_table_null_latest_nav_date
SCN242,道赢尖峰2号私募投资基金,道赢尖峰2号,深圳道赢,2026-08-31,1.707,2018-07-19,1,2,期权策略,场内期权,yes,道赢尖峰2号私募投资基金,,,null_nav_date,yes,道赢尖峰2号私募投资基金,正在运作,,深圳市道赢私募证券基金管理有限公司,in_table_null_latest_nav_date
SCL554,林园投资29号私募投资基金,林园投资29号,深圳林园投资,2026-08-31,1.483,2018-04-02,1,2,股票多头,主观多头,yes,林园投资29号私募投资基金,,,null_nav_date,yes,林园投资29号私募投资基金,正在运作,,深圳市林园投资管理有限责任公司,in_table_null_latest_nav_date
SCE114,凯洲寻梦启航1号私募证券投资基金,凯洲寻梦启航1号,深圳前海凯洲资管,2026-08-31,1.638,2018-03-26,1,2,股票多头,主观多头,yes,凯洲寻梦启航1号私募投资基金,,,null_nav_date,yes,凯洲寻梦启航1号私募证券投资基金,正在运作,,深圳市前海凯洲资产管理有限公司,in_table_null_latest_nav_date
SCE083,磐泽扬帆臻享5号私募证券投资基金,磐泽扬帆臻享5号,北京磐泽资管,2026-08-31,0.9624,2026-07-22,1,2,股票多头,,yes,磐泽扬帆臻享5号私募证券投资基金,,,null_nav_date,yes,磐泽扬帆臻享5号私募证券投资基金,正在运作,,北京磐泽资产管理有限公司,in_table_null_latest_nav_date
SBWB20,铧昊星瑞2603私募证券投资基金,铧昊星瑞2603,厦门铧昊,2026-08-31,0.97,2026-04-14,1,2,股票多头,,yes,铧昊星瑞2603私募证券投资基金,,,null_nav_date,yes,铧昊星瑞2603私募证券投资基金,正在运作,私募证券投资基金,厦门铧昊私募基金管理有限公司,in_table_null_latest_nav_date
SBVF77,华川CTA智策一号私募证券投资基金,华川CTA智策一号,湖南华川,2026-08-31,0.9246,2026-04-07,1,2,期货策略,,yes,华川CTA智策一号私募证券投资基金,,,null_nav_date,yes,华川CTA智策一号私募证券投资基金,正在运作,私募证券投资基金,湖南华川私募基金管理有限公司,in_table_null_latest_nav_date
SBUC13,芒果大地均衡1号私募证券投资基金,芒果大地均衡1号,青岛芒果,2026-08-31,1.031,2026-03-23,1,2,期货策略,量化期货,yes,芒果大地均衡1号私募证券投资基金,,,null_nav_date,yes,芒果大地均衡1号私募证券投资基金,正在运作,私募证券投资基金,芒果私募基金管理（青岛）有限公司,in_table_null_latest_nav_date
SBTN03,倍漾量化选股臻享3号私募证券投资基金,倍漾量化选股臻享3号,南京倍漾,2026-08-31,0.9246,2026-05-20,1,2,股票多头,量化选股,yes,倍漾量化选股臻享3号私募证券投资基金,,,null_nav_date,yes,倍漾量化选股臻享3号私募证券投资基金,正在运作,私募证券投资基金,南京倍漾私募基金管理有限公司,in_table_null_latest_nav_date
SBTH75,伍峰守正2号私募证券投资基金,伍峰守正2号,上海伍峰,2026-08-31,1.1014,2026-06-10,1,2,股票多头,,yes,伍峰守正2号私募证券投资基金,,,null_nav_date,yes,伍峰守正2号私募证券投资基金,正在运作,私募证券投资基金,伍峰私募基金管理（上海）有限公司,in_table_null_latest_nav_date
SBTA79,万方量选1号私募证券投资基金,万方量选1号,珠海横琴万方,2026-08-31,0.8497,2026-03-10,1,2,股票多头,,yes,万方量选1号私募证券投资基金,,,null_nav_date,yes,万方量选1号私募证券投资基金,正在运作,私募证券投资基金,珠海横琴万方私募基金管理合伙企业（有限合伙）,in_table_null_latest_nav_date
SBSW08,铧昊鸠鹭1号私募证券投资基金,铧昊鸠鹭1号,厦门铧昊,2026-08-31,1.129,2026-03-05,1,2,股票多头,,yes,铧昊鸠鹭1号私募证券投资基金,,,null_nav_date,yes,铧昊鸠鹭1号私募证券投资基金,正在运作,私募证券投资基金,厦门铧昊私募基金管理有限公司,in_table_null_latest_nav_date
SBRJ62,凯洲红阳19号私募证券投资基金,凯洲红阳19号,深圳前海凯洲资管,2026-08-31,0.8215,2026-02-10,1,2,股票多头,,yes,凯洲红阳19号私募证券投资基金,,,null_nav_date,yes,凯洲红阳19号私募证券投资基金,正在运作,私募证券投资基金,深圳市前海凯洲资产管理有限公司,in_table_null_latest_nav_date
SBRF09,杉树300指增复合优选私募证券投资基金,杉树300指增复合优选,上海杉树资管,2026-08-31,1.0404,2026-02-10,1,2,股票多头,300指增,yes,杉树300指增复合优选私募证券投资基金,,,null_nav_date,yes,杉树300指增复合优选私募证券投资基金,正在运作,私募证券投资基金,上海杉树资产管理有限公司,in_table_null_latest_nav_date
SBQX40,正瀛广胜智选中证1000指数增强1号私募证券投资基金,正瀛广胜智选中证1000指数增强1号,上海正瀛资管,2026-08-31,1.0428,2026-02-12,1,2,股票多头,1000指增,yes,正瀛广胜智选中证1000指数增强1号私募证券投资基金,,,null_nav_date,yes,正瀛广胜智选中证1000指数增强1号私募证券投资基金,正在运作,私募证券投资基金,上海正瀛资产管理有限公司,in_table_null_latest_nav_date
SBQS90,明汯宏观臻享2号3期私募证券投资基金,明汯宏观臻享2号3期,上海明汯投资,2026-08-31,0.9083,2026-05-15,1,2,多资产策略,宏观策略,yes,明汯宏观臻享2号3期私募证券投资基金,,,null_nav_date,yes,明汯宏观臻享2号3期私募证券投资基金,正在运作,私募证券投资基金,上海明汯投资管理有限公司,in_table_null_latest_nav_date
SBQK53,明汯股票精选25号私募证券投资基金,明汯股票精选25号,上海明汯投资,2026-08-31,0.9792,2026-06-05,1,2,股票对冲,,yes,明汯股票精选25号私募证券投资基金,,,null_nav_date,yes,明汯股票精选25号私募证券投资基金,正在运作,私募证券投资基金,上海明汯投资管理有限公司,in_table_null_latest_nav_date
SBQH81,龙辉祥7号私募证券投资基金,龙辉祥7号,杭州龙辉祥投资,2026-08-31,1.0948,2026-01-29,1,2,股票多头,,yes,龙辉祥7号私募证券投资基金,,,null_nav_date,yes,龙辉祥7号私募证券投资基金,正在运作,私募证券投资基金,杭州龙辉祥投资管理有限公司,in_table_null_latest_nav_date
SBQF92,尚郡安雅1号私募证券投资基金,尚郡安雅1号,上海尚郡投资,2026-08-31,1.0837,2026-02-26,1,2,股票多头,,yes,尚郡安雅1号私募证券投资基金,,,null_nav_date,yes,尚郡安雅1号私募证券投资基金,正在运作,私募证券投资基金,上海尚郡投资管理有限公司,in_table_null_latest_nav_date
SBPS94,凯洲红阳8号私募证券投资基金,凯洲红阳8号,深圳前海凯洲资管,2026-08-31,0.9544,2026-01-20,1,2,股票多头,,yes,凯洲红阳8号私募证券投资基金,,,null_nav_date,yes,凯洲红阳8号私募证券投资基金,正在运作,私募证券投资基金,深圳市前海凯洲资产管理有限公司,in_table_null_latest_nav_date
SBPR25,世纪前沿中证A500指数增强7号臻享二期私募证券投资基金,世纪前沿中证A500指数增强7号臻享二期,海南世纪前沿,2026-08-31,1.011,2026-07-22,1,2,股票多头,A500指增,yes,世纪前沿中证A500指数增强7号臻享二期私募证券投资基金,,,null_nav_date,yes,世纪前沿中证A500指数增强7号臻享二期私募证券投资基金,正在运作,,海南世纪前沿私募基金管理有限公司,in_table_null_latest_nav_date
SBNZ55,百航稳健3号私募证券投资基金,百航稳健3号,上海百航投资,2026-08-31,1.0563,2026-01-14,1,2,多资产策略,,yes,百航稳健3号私募证券投资基金,,,null_nav_date,yes,百航稳健3号私募证券投资基金,正在运作,私募证券投资基金,上海百航投资有限公司,in_table_null_latest_nav_date
SBNL33,合远思熠私募证券投资基金2期,合远思熠2期,上海合远,2026-08-31,1.1078,2026-01-09,1,2,股票多头,,yes,合远思熠私募证券投资基金2期,,,null_nav_date,yes,合远思熠私募证券投资基金2期,正在运作,私募证券投资基金,上海合远私募基金管理有限公司,in_table_null_latest_nav_date
SBNG57,冠群-炳然寰宇稳远一号私募证券投资基金,冠群-炳然寰宇稳远一号,北京冠群投资,2026-08-31,1.1793,2026-01-14,1,2,股票多头,,yes,冠群-炳然寰宇稳远一号私募证券投资基金,,,null_nav_date,yes,冠群-炳然寰宇稳远一号私募证券投资基金,正在运作,私募证券投资基金,北京冠群投资管理有限公司,in_table_null_latest_nav_date
SBNB08,江天智衍套利一号私募证券投资基金,江天智衍套利一号,上海江天,2026-08-31,1.0243,2026-01-07,1,2,套利策略,,yes,江天智衍套利一号私募证券投资基金,,,null_nav_date,yes,江天智衍套利一号私募证券投资基金,正在运作,私募证券投资基金,上海江天私募基金管理有限公司,in_table_null_latest_nav_date
SBMU10,纽富斯复昇2号私募证券投资基金,纽富斯复昇2号,深圳纽富斯投资,2026-08-31,0.9437,2026-02-06,1,2,股票多头,,yes,纽富斯复昇2号私募证券投资基金,,,null_nav_date,yes,纽富斯复昇2号私募证券投资基金,正在运作,私募证券投资基金,深圳纽富斯投资管理有限公司,in_table_null_latest_nav_date
SBMN56,远澜鑫享火松7号私募证券投资基金,远澜鑫享火松7号,上海远澜,2026-08-31,1.0117,2026-02-24,1,2,期货策略,,yes,远澜鑫享火松7号私募证券投资基金,,,null_nav_date,yes,远澜鑫享火松7号私募证券投资基金,正在运作,私募证券投资基金,上海远澜私募基金管理有限公司,in_table_null_latest_nav_date
SBMM46,财沣卓越稳增私募证券投资基金,财沣卓越稳增,深圳财沣投资,2026-08-31,0.933,2026-01-07,1,2,股票多头,,yes,财沣卓越稳增私募证券投资基金,,,null_nav_date,yes,财沣卓越稳增私募证券投资基金,正在运作,私募证券投资基金,深圳财沣投资有限公司,in_table_null_latest_nav_date
SBMJ20,格律诗稳健套利1号私募证券投资基金,格律诗稳健套利1号,深圳格律诗,2026-08-31,1.0217,2025-12-29,1,2,套利策略,,yes,格律诗稳健套利1号私募证券投资基金,,,null_nav_date,yes,格律诗稳健套利1号私募证券投资基金,正在运作,私募证券投资基金,深圳格律诗私募证券投资基金管理有限公司,in_table_null_latest_nav_date
SBLZ61,敦沛天禄稳健一号私募证券投资基金,敦沛天禄稳健一号,湖北敦沛投资,2026-08-31,0.9932,2026-02-27,1,2,股票多头,,yes,敦沛天禄稳健一号私募证券投资基金,,,null_nav_date,yes,敦沛天禄稳健一号私募证券投资基金,正在运作,私募证券投资基金,湖北敦沛投资管理有限公司,in_table_null_latest_nav_date
SBLW09,量盈信淮新质生产力1号私募证券投资基金,量盈信淮新质生产力1号,浙江量盈投资,2026-08-31,1.1814,2025-12-31,1,2,股票多头,,yes,量盈信淮新质生产力1号私募证券投资基金,,,null_nav_date,yes,量盈信淮新质生产力1号私募证券投资基金,正在运作,私募证券投资基金,浙江量盈投资管理有限公司,in_table_null_latest_nav_date
SBLN11,海辉华盛瀚海1号私募证券投资基金,海辉华盛瀚海1号,广东海辉华盛证券投资,2026-08-31,1.2813,2026-01-09,1,2,股票多头,,yes,海辉华盛瀚海1号私募证券投资基金,,,null_nav_date,yes,海辉华盛瀚海1号私募证券投资基金,正在运作,私募证券投资基金,广东海辉华盛证券投资基金管理有限公司,in_table_null_latest_nav_date
SBKJ39,今冠涌泉鼓山2号私募证券投资基金,今冠涌泉鼓山2号,上海今冠投资,2026-08-31,1.0623,2025-12-08,1,2,股票多头,,yes,今冠涌泉鼓山2号私募证券投资基金,,,null_nav_date,yes,今冠涌泉鼓山2号私募证券投资基金,正在运作,私募证券投资基金,上海今冠投资管理有限公司,in_table_null_latest_nav_date
SBKG33,恒泰融安清源1号私募证券投资基金,恒泰融安清源1号,深圳恒泰融安投资,2026-08-31,1.0323,2025-12-17,1,2,股票多头,,yes,恒泰融安清源1号私募证券投资基金,,,null_nav_date,yes,恒泰融安清源1号私募证券投资基金,正在运作,私募证券投资基金,深圳市恒泰融安投资管理有限公司,in_table_null_latest_nav_date
SBJS60,聚添成天懿一号私募证券投资基金,聚添成天懿一号,广州聚添成,2026-08-31,1.0985,2025-10-30,1,2,股票多头,,yes,聚添成天懿一号私募证券投资基金,,,null_nav_date,yes,聚添成天懿一号私募证券投资基金,正在运作,私募证券投资基金,广州聚添成私募证券基金管理有限公司,in_table_null_latest_nav_date
SBJD03,耀承启睿1号私募证券投资基金,耀承启睿1号,上海耀承,2026-08-31,1.0446,2025-12-04,1,2,股票多头,,yes,耀承启睿1号私募证券投资基金,,,null_nav_date,yes,耀承启睿1号私募证券投资基金,正在运作,私募证券投资基金,耀承（上海）私募基金管理有限公司,in_table_null_latest_nav_date
SBHW97,九木CTA进取1号私募证券投资基金,九木CTA进取1号,深圳九木,2026-08-31,1.1914,2025-10-22,1,2,期货策略,,yes,九木CTA进取1号私募证券投资基金,,,null_nav_date,yes,九木CTA进取1号私募证券投资基金,正在运作,,深圳九木私募证券基金管理有限公司,in_table_null_latest_nav_date
SBHU98,广金庄周桥梁8号私募证券投资基金,广金庄周桥梁8号,广州广金,2026-08-31,0.8824,2025-10-30,1,2,股票多头,,yes,广金庄周桥梁8号私募证券投资基金,,,null_nav_date,yes,广金庄周桥梁8号私募证券投资基金,正在运作,私募证券投资基金,广州广金私募基金管理有限公司,in_table_null_latest_nav_date
SBHP97,复胜金享正能量38号3期私募证券投资基金,复胜金享正能量38号3期,上海复胜资管,2026-08-31,1.0188,2025-12-05,1,2,股票多头,,yes,复胜金享正能量38号3期私募证券投资基金,,,null_nav_date,yes,复胜金享正能量38号3期私募证券投资基金,正在运作,私募证券投资基金,上海复胜资产管理合伙企业（有限合伙）,in_table_null_latest_nav_date
SBHF94,盛运德诚飞驰9号私募证券投资基金,盛运德诚飞驰9号,北京盛运德诚投资,2026-08-31,1.1566,2025-10-22,1,2,股票多头,,yes,盛运德诚飞驰9号私募证券投资基金,,,null_nav_date,yes,盛运德诚飞驰9号私募证券投资基金,正在运作,,北京盛运德诚投资管理有限责任公司,in_table_null_latest_nav_date
SBHB07,正仁择时量选听涛一号私募证券投资基金,正仁择时量选听涛一号,海南正仁,2026-08-31,1.2924,2025-10-15,1,2,股票多头,,yes,正仁择时量选听涛一号私募证券投资基金,,,null_nav_date,yes,正仁择时量选听涛一号私募证券投资基金,正在运作,私募证券投资基金,海南正仁量化私募基金管理有限公司,in_table_null_latest_nav_date
SBGB14,核心骐骥一号私募证券投资基金,核心骐骥一号,杭州核心资本,2026-08-31,1.4443,2025-09-16,1,2,股票多头,,yes,核心骐骥一号私募证券投资基金,,,null_nav_date,yes,核心骐骥一号私募证券投资基金,正在运作,私募证券投资基金,核心资本管理（杭州）有限公司,in_table_null_latest_nav_date
SBEX99,臻牛时间换定制1号私募证券投资基金,臻牛时间换定制1号,厦门臻牛,2026-08-31,0.9678,2025-09-01,1,2,股票多头,,yes,臻牛时间换定制1号私募证券投资基金,,,null_nav_date,yes,臻牛时间换定制1号私募证券投资基金,正在运作,私募证券投资基金,臻牛（厦门）私募基金管理有限公司,in_table_null_latest_nav_date
SBEE91,量创全景均衡量选1号私募证券投资基金,量创全景均衡量选1号,前海量创投资,2026-08-31,1.0593,2025-08-20,1,2,股票多头,,yes,量创兴旺股票精选1号私募证券投资基金,,,null_nav_date,yes,量创全景均衡量选1号私募证券投资基金,正在运作,私募证券投资基金,深圳市前海合之力量创投资管理有限公司,in_table_null_latest_nav_date
SBDJ68,兰盈中性增强1号私募证券投资基金,兰盈中性增强1号,上海兰盈量投,2026-08-31,1.0736,2025-09-09,1,2,期货策略,,yes,兰盈中性增强1号私募证券投资基金,,,null_nav_date,yes,兰盈中性增强1号私募证券投资基金,正在运作,私募证券投资基金,兰盈量投私募基金管理（上海）有限公司,in_table_null_latest_nav_date
SBDE44,粮仓天凤私募证券投资基金,粮仓天凤,上海天下粮仓投资,2026-08-31,1.1382,2025-10-09,1,2,股票多头,,yes,粮仓天凤私募证券投资基金,,,null_nav_date,yes,粮仓天凤私募证券投资基金,正在运作,私募证券投资基金,上海天下粮仓投资管理有限公司,in_table_null_latest_nav_date
SBCG45,润磁A500指数增强1号私募证券投资基金,润磁A500指数增强1号,上海润磁,2026-08-31,1.145,2025-08-13,1,2,股票多头,,yes,润磁天天盈3号私募证券投资基金,,,null_nav_date,yes,润磁A500指数增强1号私募证券投资基金,正在运作,私募证券投资基金,上海润磁私募基金管理有限公司,in_table_null_latest_nav_date
SBCB99,阿基米德珑熙一号私募证券投资基金,阿基米德珑熙一号,河南阿基米德,2026-08-31,1.0465,2025-07-22,1,2,股票多头,,yes,阿基米德珑熙一号私募证券投资基金,,,null_nav_date,yes,阿基米德珑熙一号私募证券投资基金,正在运作,,阿基米德私募基金管理（河南）有限公司,in_table_null_latest_nav_date
SBBG64,金斧子水星全天候低波一号私募证券投资基金,金斧子水星全天候低波一号,深圳金斧子资管,2026-08-31,1.065,2025-07-28,1,2,多资产策略,复合策略,yes,金斧子水星全天候低波一号私募证券投资基金,,,null_nav_date,yes,金斧子水星全天候低波一号私募证券投资基金,正在运作,,深圳市金斧子资本管理有限公司,in_table_null_latest_nav_date
SBAX88,兰盈空气指增plus1号私募证券投资基金,兰盈空气指增plus1号,上海兰盈量投,2026-08-31,0.9681,2025-07-11,1,2,期货策略,,yes,兰盈空气指增plus1号私募证券投资基金,,,null_nav_date,yes,兰盈空气指增plus1号私募证券投资基金,正在运作,私募证券投资基金,兰盈量投私募基金管理（上海）有限公司,in_table_null_latest_nav_date
SB6776,容光蕴诚私募证券投资基金,容光蕴诚,北京容光,2026-08-31,1.234,2023-08-10,1,2,股票多头,主观多头,yes,容光蕴诚私募证券投资基金,,,null_nav_date,yes,容光蕴诚私募证券投资基金,正在运作,,北京容光私募基金管理合伙企业（有限合伙）,in_table_null_latest_nav_date
SB5481,梵星月恒稳健1号私募证券投资基金,梵星月恒稳健1号,上海梵星,2026-08-31,2.4431,2023-07-11,1,2,股票多头,主观多头,yes,梵星月恒稳健1号私募证券投资基金,,,null_nav_date,yes,梵星月恒稳健1号私募证券投资基金,正在运作,,上海梵星私募基金管理有限公司,in_table_null_latest_nav_date
SB5292,宽辅远航市场中性5号私募证券投资基金,宽辅远航市场中性5号,海南宽辅,2026-08-31,1.0664,2023-07-10,1,2,股票对冲,股票市场中性,yes,宽辅远航市场中性5号私募证券投资基金,,,null_nav_date,yes,宽辅远航市场中性5号私募证券投资基金,正在运作,私募证券投资基金,海南宽辅私募基金管理合伙企业（有限合伙）,in_table_null_latest_nav_date
SB4734,中邮永安越享FOF一号私募证券投资基金,中邮永安越享FOF一号,上海中邮永安,2026-08-31,0.9534,2023-07-24,1,2,组合策略,FOF,yes,中邮永安越享FOF一号私募证券投资基金,,,null_nav_date,yes,中邮永安越享FOF一号私募证券投资基金,正在运作,私募证券投资基金,中邮永安（上海）资产管理有限公司,in_table_null_latest_nav_date
SB4100,珞瑜阳明1号私募证券投资基金,珞瑜阳明1号,深圳珞瑜,2026-08-31,1.186,2023-06-30,1,2,套利策略,期货套利,yes,珞瑜阳明1号私募证券投资基金,,,null_nav_date,yes,珞瑜阳明1号私募证券投资基金,正在运作,,深圳市珞瑜私募证券基金管理有限公司,in_table_null_latest_nav_date
SB3986,望水泉锦棠宏观1号私募证券投资基金,望水泉锦棠宏观1号,山东望水泉,2026-08-31,1.4761,2023-07-14,1,2,多资产策略,宏观策略,yes,望水泉锦棠宏观1号私募证券投资基金,,,null_nav_date,yes,望水泉锦棠宏观1号私募证券投资基金,正在运作,私募证券投资基金,山东望水泉私募投资基金有限公司,in_table_null_latest_nav_date
SB2841,宽辅添益1号私募证券投资基金,宽辅添益1号,海南宽辅,2026-08-31,1.2106,2023-06-19,1,2,股票多头,量化选股,yes,宽辅添益1号私募证券投资基金,,,null_nav_date,yes,宽辅添益1号私募证券投资基金,正在运作,,海南宽辅私募基金管理合伙企业（有限合伙）,in_table_null_latest_nav_date
SB1339,毅远稳健套利18号私募证券投资基金,毅远稳健套利18号,上海毅远,2026-08-31,2.7353,2023-06-15,1,2,股票多头,主观多头,yes,毅远稳健套利18号私募证券投资基金,,,null_nav_date,yes,毅远稳健套利18号私募证券投资基金,正在运作,,上海毅远私募基金管理有限公司,in_table_null_latest_nav_date
SB0294,宝荟君悦58号私募证券投资基金,宝荟君悦58号,上海宝荟投资,2026-08-31,0.9093,2023-09-27,1,2,股票多头,主观多头,yes,宝荟君悦58号私募证券投资基金,,,null_nav_date,yes,宝荟君悦58号私募证券投资基金,正在运作,私募证券投资基金,上海宝荟投资管理中心（有限合伙）,in_table_null_latest_nav_date
SAZS31,凯洲红阳17号私募证券投资基金,凯洲红阳17号,深圳前海凯洲资管,2026-08-31,1.1058,2025-07-03,1,2,股票多头,,yes,凯洲红阳17号私募证券投资基金,,,null_nav_date,yes,凯洲红阳17号私募证券投资基金,正在运作,私募证券投资基金,深圳市前海凯洲资产管理有限公司,in_table_null_latest_nav_date
SAYR52,恒昇CTA量化7号私募证券投资基金,恒昇CTA量化7号,深圳恒昇,2026-08-31,1.2247,2025-11-07,1,2,期货策略,,yes,恒昇CTA量化7号私募证券投资基金,,,null_nav_date,yes,恒昇CTA量化7号私募证券投资基金,正在运作,私募证券投资基金,深圳市恒昇私募证券投资基金管理有限公司,in_table_null_latest_nav_date
SAYJ38,传家堡铭星金选私募证券投资基金,传家堡铭星金选,北京传家堡资管,2026-08-31,1.4803,2025-05-30,1,2,股票多头,,yes,传家堡铭星金选私募证券投资基金,,,null_nav_date,yes,传家堡铭星金选私募证券投资基金,正在运作,,北京传家堡资产管理有限公司,in_table_null_latest_nav_date
SAYJ20,华年500增强2号私募证券投资基金,华年500增强2号,上海华年,2026-08-31,1.8355,2025-05-15,1,2,股票对冲,,yes,华年进取13号私募证券投资基金,,,null_nav_date,yes,华年500增强2号私募证券投资基金,正在运作,,上海华年私募基金管理有限公司,in_table_null_latest_nav_date
SAXM67,北翱合荣道稳健FOF一号私募证券投资基金,北翱合荣道稳健FOF一号,北京北翱高科投资,2026-08-31,0.984,2025-05-12,1,2,组合策略,FOF,yes,北翱合荣道稳健FOF一号私募证券投资基金,,,null_nav_date,yes,北翱合荣道稳健FOF一号私募证券投资基金,正在运作,,北京北翱高科投资管理有限公司,in_table_null_latest_nav_date
SAXH61,磐鹰溪望二号私募证券投资基金,磐鹰溪望二号,上海磐鹰,2026-08-31,1.1345,2025-08-25,1,2,股票多头,,yes,磐鹰溪望二号私募证券投资基金,,,null_nav_date,yes,磐鹰溪望二号私募证券投资基金,正在运作,私募证券投资基金,上海磐鹰私募基金管理有限公司,in_table_null_latest_nav_date
SAXC31,江天星耀增量二期私募证券投资基金,江天星耀增量二期,上海江天,2026-08-31,0.9981,2025-04-17,1,2,股票多头,,yes,江天星耀增量二期私募证券投资基金,,,null_nav_date,yes,江天星耀增量二期私募证券投资基金,正在运作,私募证券投资基金,上海江天私募基金管理有限公司,in_table_null_latest_nav_date
SAWH01,天马万象1号私募证券投资基金,天马万象1号,深圳天马资管,2026-08-31,1.3243,2025-04-07,1,2,股票多头,,yes,天马万象1号私募证券投资基金,,,null_nav_date,yes,天马万象1号私募证券投资基金,正在运作,私募证券投资基金,深圳市天马资产管理有限公司,in_table_null_latest_nav_date
SAUT01,璞成广益行稳一号私募证券投资基金,璞成广益行稳一号,海南璞成,2026-08-31,1.0185,2025-03-12,1,2,股票对冲,,yes,璞成广益行稳一号私募证券投资基金,,,null_nav_date,yes,璞成广益行稳一号私募证券投资基金,正在运作,私募证券投资基金,海南璞成私募基金管理合伙企业（有限合伙）,in_table_null_latest_nav_date
SAUQ34,磐泽扬帆臻享3号私募证券投资基金,磐泽扬帆臻享3号,北京磐泽资管,2026-08-31,0.7457,2026-06-25,1,2,股票多头,,yes,磐泽扬帆臻享3号私募证券投资基金,,,null_nav_date,yes,磐泽扬帆臻享3号私募证券投资基金,正在运作,私募证券投资基金,北京磐泽资产管理有限公司,in_table_null_latest_nav_date
SASS10,真琢磨淳曦稳健私募证券投资基金,真琢磨淳曦稳健,江苏真琢,2026-08-31,1.1458,2024-12-30,1,2,期货策略,主观期货,yes,真琢磨淳曦稳健私募证券投资基金,,,null_nav_date,yes,真琢磨淳曦稳健私募证券投资基金,正在运作,,江苏真琢私募基金管理有限公司,in_table_null_latest_nav_date
SASH93,传家堡金选全球机会1号私募证券投资基金,传家堡金选全球机会1号,北京传家堡资管,2026-08-31,1.4917,2025-05-30,1,2,其他,,yes,传家堡金选全球机会1号私募证券投资基金,,,null_nav_date,yes,传家堡金选全球机会1号私募证券投资基金,正在运作,私募证券投资基金,北京传家堡资产管理有限公司,in_table_null_latest_nav_date
SASA62,润城汇鑫北证智选私募证券投资基金,润城汇鑫北证智选,深圳润城投资,2026-08-31,0.7532,2024-12-17,1,2,股票多头,风格指增,yes,润城汇鑫北证智选私募证券投资基金,,,null_nav_date,yes,润城汇鑫北证智选私募证券投资基金,正在运作,私募证券投资基金,深圳润城投资管理有限公司,in_table_null_latest_nav_date
SARQ60,凯洲云浩四通15号私募证券投资基金,凯洲云浩四通15号,深圳前海凯洲资管,2026-08-31,0.9376,2024-12-02,1,2,股票多头,,yes,凯洲云浩四通15号私募证券投资基金,,,null_nav_date,yes,凯洲云浩四通15号私募证券投资基金,正在运作,,深圳市前海凯洲资产管理有限公司,in_table_null_latest_nav_date
SAQY64,万方精选2号私募证券投资基金,万方精选2号,珠海横琴万方,2026-08-31,1.1648,2024-12-09,1,2,股票多头,,yes,万方精选2号私募证券投资基金,,,null_nav_date,yes,万方精选2号私募证券投资基金,正在运作,私募证券投资基金,珠海横琴万方私募基金管理合伙企业（有限合伙）,in_table_null_latest_nav_date
SAPP17,万方进取2号私募证券投资基金,万方进取2号,珠海横琴万方,2026-08-31,1.5314,2024-10-17,1,2,股票多头,主观多头,yes,万方进取2号私募证券投资基金,,,null_nav_date,yes,万方进取2号私募证券投资基金,正在运作,私募证券投资基金,珠海横琴万方私募基金管理合伙企业（有限合伙）,in_table_null_latest_nav_date
SAML58,聚宽广思沪深300指数增强一号私募证券投资基金,聚宽广思沪深300指数增强一号,北京聚宽投资,2026-08-31,1.4964,2024-12-31,1,2,股票多头,300指增,yes,聚宽广思沪深300指数增强一号私募证券投资基金,,,null_nav_date,yes,聚宽广思沪深300指数增强一号私募证券投资基金,正在运作,私募证券投资基金,北京聚宽投资管理有限公司,in_table_null_latest_nav_date
SALA76,道朴龙泽2号私募证券投资基金,道朴龙泽2号,深圳道朴,2026-08-31,2.7083,2024-05-22,1,2,股票多头,,yes,道朴龙泽2号私募证券投资基金,,,null_nav_date,yes,道朴龙泽2号私募证券投资基金,正在运作,私募证券投资基金,深圳道朴私募证券基金管理有限公司,in_table_null_latest_nav_date
SAKC67,凡德常乐乔伊思私募证券投资基金,凡德常乐乔伊思,广东凡德投资,2026-08-31,1.098,2024-06-17,1,2,组合策略,FOF,yes,凡德常乐乔伊思私募证券投资基金,,,null_nav_date,yes,凡德常乐乔伊思私募证券投资基金,正在运作,,广东凡德投资有限公司,in_table_null_latest_nav_date
SAJZ52,瑞珅星宇配置1号私募证券投资基金,瑞珅星宇配置1号,上海瑞珅,2026-08-31,1.1131,2024-04-17,1,2,股票多头,主观多头,yes,瑞珅星宇配置1号私募证券投资基金,,,null_nav_date,yes,瑞珅星宇配置1号私募证券投资基金,正在运作,私募证券投资基金,上海瑞珅私募基金管理有限公司,in_table_null_latest_nav_date
SAHS14,新方程全球精选私募证券投资基金,新方程全球精选,上海新方程,2026-08-31,1.179,2024-03-22,1,2,其他,,yes,新方程全球精选私募证券投资基金,,,null_nav_date,yes,新方程全球精选私募证券投资基金,正在运作,私募证券投资基金,上海新方程私募基金管理有限公司,in_table_null_latest_nav_date
SAHR90,锐耐黎曼三号私募证券投资基金,锐耐黎曼三号,上海锐耐,2026-08-31,7.8977,2024-03-07,1,2,股票多头,,yes,锐耐黎曼三号私募证券投资基金,,,null_nav_date,yes,锐耐黎曼三号私募证券投资基金,正在运作,私募证券投资基金,上海锐耐私募基金管理有限公司,in_table_null_latest_nav_date
SAHM93,于翼东方泉林私募证券投资基金,于翼东方泉林,上海于翼资管,2026-08-31,1.137,2024-04-02,1,2,股票多头,,yes,于翼东方泉林私募证券投资基金,,,null_nav_date,yes,于翼东方泉林私募证券投资基金,正在运作,私募证券投资基金,上海于翼资产管理合伙企业（有限合伙）,in_table_null_latest_nav_date
SAHJ45,毕升立浩稳健一号私募证券投资基金,毕升立浩稳健一号,深圳毕升,2026-08-31,0.9676,2024-04-16,1,2,股票多头,主观多头,yes,毕升立浩稳健一号私募证券投资基金,,,null_nav_date,yes,毕升立浩稳健一号私募证券投资基金,正在运作,私募证券投资基金,深圳毕升私募证券基金管理有限公司,in_table_null_latest_nav_date
SAGF87,昭华科睿私募证券投资基金,昭华科睿,三亚昭华,2026-08-31,0.9625,2024-01-29,1,2,期货策略,主观期货,yes,昭华科睿私募证券投资基金,,,null_nav_date,yes,昭华科睿私募证券投资基金,正在运作,私募证券投资基金,昭华（三亚）私募基金管理有限公司,in_table_null_latest_nav_date
SAEN13,哲云辰泰私募证券投资基金,哲云辰泰,杭州哲云,2026-08-31,1.1113,2023-12-21,1,2,股票多头,,yes,哲云辰泰私募证券投资基金,,,null_nav_date,yes,哲云辰泰私募证券投资基金,正在运作,私募证券投资基金,杭州哲云私募基金管理有限公司,in_table_null_latest_nav_date
SAEB59,垂云纪元宏观配置1号私募证券投资基金,垂云纪元宏观配置1号,海南垂云,2026-08-31,1.0504,2026-05-06,1,2,多资产策略,宏观策略,yes,垂云纪元宏观配置1号私募证券投资基金,,,null_nav_date,yes,垂云纪元宏观配置1号私募证券投资基金,正在运作,私募证券投资基金,海南垂云私募基金管理合伙企业（有限合伙）,in_table_null_latest_nav_date
SADM54,新方程CTA精选FOF2号私募证券投资基金,新方程CTA精选FOF2号,上海新方程,2026-08-31,1.0163,2026-06-24,1,2,组合策略,FOF,yes,新方程CTA精选FOF2号私募证券投资基金,,,null_nav_date,yes,新方程CTA精选FOF2号私募证券投资基金,正在运作,私募证券投资基金,上海新方程私募基金管理有限公司,in_table_null_latest_nav_date
SADD57,宽辅专享2号私募证券投资基金,宽辅专享2号,海南宽辅,2026-08-31,0.9932,2023-11-14,1,2,股票多头,量化选股,yes,宽辅专享2号私募证券投资基金,,,null_nav_date,yes,宽辅专享2号私募证券投资基金,正在运作,私募证券投资基金,海南宽辅私募基金管理合伙企业（有限合伙）,in_table_null_latest_nav_date
SADB38,皓然拓实七号私募证券投资基金,皓然拓实七号,北京皓然投资,2026-08-31,2.1627,2023-11-06,1,2,多资产策略,宏观策略,yes,皓然拓实七号私募证券投资基金,,,null_nav_date,yes,皓然拓实七号私募证券投资基金,正在运作,私募证券投资基金,北京皓然投资管理有限公司,in_table_null_latest_nav_date
SABR23,杭州又庄价值发现三期私募证券投资基金,杭州又庄价值发现三期,杭州又庄,2026-08-31,1.1367,2023-10-20,1,2,股票多头,主观多头,yes,杭州又庄价值发现三期私募证券投资基金,,,null_nav_date,yes,杭州又庄价值发现三期私募证券投资基金,正在运作,私募证券投资基金,杭州又庄私募基金管理有限公司,in_table_null_latest_nav_date
SABQ01,远方四号私募证券投资基金,远方四号,深圳前海远方投资,2026-08-31,3.4925,2023-09-25,1,2,多资产策略,复合策略,yes,远方四号私募证券投资基金,,,null_nav_date,yes,远方四号私募证券投资基金,正在运作,,深圳市前海远方投资管理有限公司,in_table_null_latest_nav_date
SAAX11,嘉运天诚星光一号私募证券投资基金,嘉运天诚星光一号,湖南嘉运天诚,2026-08-31,1.146,2023-10-12,1,2,股票多头,主观多头,yes,嘉运天诚星光一号私募证券投资基金,,,null_nav_date,yes,嘉运天诚星光一号私募证券投资基金,正在运作,私募证券投资基金,湖南嘉运天诚私募基金管理有限公司,in_table_null_latest_nav_date
SAAC23,以谦投资-利是多私募证券投资基金,以谦投资-利是多,广州以谦,2026-08-31,0.9615,2023-09-12,1,2,股票多头,主观多头,yes,以谦投资-利是多私募证券投资基金,,,null_nav_date,yes,以谦投资-利是多私募证券投资基金,正在运作,,广州以谦私募证券投资基金管理有限公司,in_table_null_latest_nav_date
S85694,广金光辉岁月证券投资基金,广金光辉岁月基金,广东广金投资,2026-08-31,8.653,2016-03-08,1,2,多资产策略,复合策略,yes,广金光辉岁月证券投资基金,,,null_nav_date,yes,广金光辉岁月证券投资基金,正在运作,,广东广金投资管理有限公司,in_table_null_latest_nav_date
S85076,合晟同晖固定收益3号证券投资基金,合晟同晖固定收益3号基金,上海合晟资管,2026-08-31,1.5819,2016-08-09,1,2,债券策略,信用债,yes,合晟同晖固定收益3号证券投资基金,,,null_nav_date,yes,合晟同晖固定收益3号证券投资基金,正在运作,,上海合晟资产管理股份有限公司,in_table_null_latest_nav_date
S84304,厚品资产复利一号基金,厚品资产复利一号基金,上海厚品投资,2026-08-31,1.3091,2015-11-24,1,2,股票多头,主观多头,yes,厚品资产复利一号基金,,,null_nav_date,yes,厚品资产复利一号基金,正在运作,,上海厚品投资管理合伙企业（有限合伙）,in_table_null_latest_nav_date
S82512,墨锋价值1号私募证券投资基金,墨锋价值1号,浙江墨锋投资,2026-08-31,1.6406,2015-11-10,1,2,股票多头,主观多头,yes,墨锋价值1号私募证券投资基金,,,null_nav_date,yes,墨锋价值1号私募证券投资基金,正在运作,,浙江墨锋投资管理有限公司,in_table_null_latest_nav_date
S38391,沣京成长精选一期私募证券投资基金,沣京成长精选一期,北京沣京资管,2026-08-31,4.3188,2015-06-09,1,2,股票多头,主观多头,yes,沣京成长精选一期证券投资基金,,,null_nav_date,yes,沣京成长精选一期私募证券投资基金,正在运作,,沣京资本管理（北京）有限公司,in_table_null_latest_nav_date
S22924,富承成长1号私募证券投资基金,富承成长1号,上海璟行资管,2026-08-31,1.4047,2014-12-03,1,2,股票多头,主观多头,yes,富承成长1号私募证券投资基金,,,null_nav_date,yes,富承成长1号私募证券投资基金,正在运作,,上海璟行资产管理有限公司,in_table_null_latest_nav_date
S09466,铧昊高行1号私募证券投资基金,铧昊高行1号,厦门铧昊,2026-08-31,0.987,2026-04-28,1,2,股票多头,,yes,铧昊高行1号私募证券投资基金,,,null_nav_date,yes,铧昊高行1号私募证券投资基金,正在运作,私募证券投资基金,厦门铧昊私募基金管理有限公司,in_table_null_latest_nav_date
QY808B,展博创新趋势私募证券投资基金B类份额,展博创新趋势B类,深圳展博投资,2026-08-31,2.2005,2021-07-19,1,2,股票多头,主观多头,no,,,,not_in_table,no,,,,,not_in_private_fund_info
QS672B,领久复利金私募证券投资基金B类份额,领久复利金B类,上海领久,2026-08-31,3.0285,2021-06-18,1,2,股票多头,主观多头,no,,,,not_in_table,no,,,,,not_in_private_fund_info
QL207A,阳泽中性一号私募证券投资基金A类,阳泽中性一号A类,杭州阳泽,2026-08-31,1.096,2021-04-21,1,2,股票对冲,股票市场中性,no,,,,not_in_table,no,,,,,not_in_private_fund_info
LN700C,久铭海豚1号私募证券投资基金C类份额,久铭海豚1号C类,上海久铭投资,2026-08-31,5.025,2020-07-30,1,2,股票多头,主观多头,no,,,,not_in_table,no,,,,,not_in_private_fund_info
GU760A,天鹭量化一号私募证券投资基金A类份额,天鹭量化一号A类,上海天鹭,2026-08-31,1.2589,2019-07-03,1,2,股票多头,500指增,no,,,,not_in_table,no,,,,,not_in_private_fund_info
GN799A,玉数纯阿尔法一号私募证券投资基金A类份额,玉数纯阿尔法一号A类,上海玉数投资,2026-08-31,1.1276,2019-05-30,1,2,股票多头,300指增,no,,,,not_in_table,no,,,,,not_in_private_fund_info
GG170B,交睿宏珀1号私募证券投资基金B类份额,交睿宏珀1号B类,上海交睿,2026-08-31,1.6014,2019-03-28,1,2,多资产策略,宏观策略,no,,,,not_in_table,no,,,,,not_in_private_fund_info
EY112A,碓泉可变阿尔法进取一号私募证券投资基金A类份额,碓泉可变阿尔法进取一号A类,杭州水碓泉资管,2026-08-31,7.1004,2019-01-08,1,2,股票多头,量化选股,no,,,,not_in_table,no,,,,,not_in_private_fund_info
EV220A,九轩全天候观新1号私募证券投资基金A类份额,九轩全天候观新1号A类,大连九轩,2026-08-31,1.2247,2018-12-14,1,2,组合策略,FOF,no,,,,not_in_table,no,,,,,not_in_private_fund_info
EU613A,谷启-万利9号私募期货投资基金A类份额,谷启-万利9号A类,武汉谷启,2026-08-31,1.275,2018-11-27,1,2,期货策略,主观期货,no,,,,not_in_table,no,,,,,not_in_private_fund_info
BTR29B,思梵梧桐1号私募证券投资基金B类份额,思梵梧桐1号B类,杭州思梵,2026-08-31,0.9665,2026-03-20,1,2,套利策略,期权套利,no,,,,not_in_table,no,,,,,not_in_private_fund_info
BRJ62B,凯洲红阳19号私募证券投资基金B类份额,凯洲红阳19号B类,深圳前海凯洲资管,2026-08-31,0.8207,2026-02-10,1,2,股票多头,,no,,,,not_in_table,no,,,,,not_in_private_fund_info
BRF09B,杉树300指增复合优选私募证券投资基金B类份额,杉树300指增复合优选B类,上海杉树资管,2026-08-31,1.0403,2026-02-10,1,2,股票多头,300指增,no,,,,not_in_table,no,,,,,not_in_private_fund_info
BQX40A,正瀛广胜智选中证1000指数增强1号私募证券投资基金A类份额,正瀛广胜智选中证1000指数增强1号A类,上海正瀛资管,2026-08-31,1.0426,2026-02-12,1,2,股票多头,1000指增,no,,,,not_in_table,no,,,,,not_in_private_fund_info
BQF92B,尚郡安雅1号私募证券投资基金B类份额,尚郡安雅1号B类,上海尚郡投资,2026-08-31,1.0831,2026-02-26,1,2,股票多头,,no,,,,not_in_table,no,,,,,not_in_private_fund_info
BPX07A,数法日月星辰8号私募证券投资基金A类份额,数法日月星辰8号A类,宁波数法,2026-08-31,0.6567,2026-01-28,1,2,股票多头,,no,,,,not_in_table,no,,,,,not_in_private_fund_info
BPX00A,数法日月星辰7号私募证券投资基金A类份额,数法日月星辰7号A类,宁波数法,2026-08-31,1.194,2026-01-27,1,2,股票多头,,no,,,,not_in_table,no,,,,,not_in_private_fund_info
BPS94B,凯洲红阳8号私募证券投资基金B类份额,凯洲红阳8号B类,深圳前海凯洲资管,2026-08-31,0.9367,2026-01-20,1,2,股票多头,,no,,,,not_in_table,no,,,,,not_in_private_fund_info
BNZ55A,百航稳健3号私募证券投资基金A类份额,百航稳健3号A类,上海百航投资,2026-08-31,1.0563,2026-01-14,1,2,多资产策略,,no,,,,not_in_table,no,,,,,not_in_private_fund_info
BNY69A,黑翼衡盈精选多策略18号私募证券投资基金A类份额,黑翼衡盈精选多策略18号A类,上海黑翼资管,2026-08-31,0.9834,2026-02-10,1,2,多资产策略,复合策略,no,,,,not_in_table,no,,,,,not_in_private_fund_info
BMU10A,纽富斯复昇2号私募证券投资基金A类份额,纽富斯复昇2号A类,深圳纽富斯投资,2026-08-31,0.9421,2026-02-06,1,2,股票多头,,no,,,,not_in_table,no,,,,,not_in_private_fund_info
BMN56A,远澜鑫享火松7号私募证券投资基金A类份额,远澜鑫享火松7号A类,上海远澜,2026-08-31,1.0117,2026-02-24,1,2,期货策略,量化期货,no,,,,not_in_table,no,,,,,not_in_private_fund_info
BML48B,江煦中证1000指数增强一号私募证券投资基金B类份额,江煦中证1000指数增强一号B类,上海江煦,2026-08-31,1.0048,2026-01-09,1,2,股票多头,,no,,,,not_in_table,no,,,,,not_in_private_fund_info
BLZ61A,敦沛天禄稳健一号私募证券投资基金A类份额,敦沛天禄稳健一号A类,湖北敦沛投资,2026-08-31,0.9932,2026-02-27,1,2,股票多头,,no,,,,not_in_table,no,,,,,not_in_private_fund_info
BLN11B,海辉华盛瀚海1号私募证券投资基金B类份额,海辉华盛瀚海1号B类,广东海辉华盛证券投资,2026-08-31,1.2794,2026-01-09,1,2,股票多头,,no,,,,not_in_table,no,,,,,not_in_private_fund_info
BKW56A,黑翼衡盈精选多策略6号私募证券投资基金A类份额,黑翼衡盈精选多策略6号A类,上海黑翼资管,2026-08-31,0.9681,2025-12-31,1,2,多资产策略,复合策略,no,,,,not_in_table,no,,,,,not_in_private_fund_info
BKW53A,远方同行私募证券投资基金A类份额,远方同行A类,深圳前海远方投资,2026-08-31,0.881,2026-01-20,1,2,股票多头,,no,,,,not_in_table,no,,,,,not_in_private_fund_info
BKG33A,恒泰融安清源1号私募证券投资基金A类份额,恒泰融安清源1号A类,深圳恒泰融安投资,2026-08-31,1.0323,2025-12-17,1,2,股票多头,,no,,,,not_in_table,no,,,,,not_in_private_fund_info
BJD03B,耀承启睿1号私募证券投资基金B类份额,耀承启睿1号B类,上海耀承,2026-08-31,1.0442,2025-12-04,1,2,股票多头,,no,,,,not_in_table,no,,,,,not_in_private_fund_info
BHW97D,九木CTA进取1号私募证券投资基金D类份额,九木CTA进取1号D类,深圳九木,2026-08-31,1.1856,2025-10-22,1,2,期货策略,,no,,,,not_in_table,no,,,,,not_in_private_fund_info
BHU98A,广金庄周桥梁8号私募证券投资基金A类份额,广金庄周桥梁8号A类,广州广金,2026-08-31,0.8824,2025-10-30,1,2,股票多头,,no,,,,not_in_table,no,,,,,not_in_private_fund_info
BHB07A,正仁择时量选听涛一号私募证券投资基金A类份额,正仁择时量选听涛一号A类,海南正仁,2026-08-31,1.2924,2025-10-15,1,2,股票多头,另类多头,no,,,,not_in_table,no,,,,,not_in_private_fund_info
BGB14A,核心骐骥一号私募证券投资基金A类份额,核心骐骥一号A类,杭州核心资本,2026-08-31,1.4443,2025-09-16,1,2,股票多头,,no,,,,not_in_table,no,,,,,not_in_private_fund_info
BFP99A,和美FOF一期私募证券投资基金A类份额,和美FOF一期A类,和美资本,2026-08-31,0.9507,2025-11-03,1,2,组合策略,FOF,no,,,,not_in_table,no,,,,,not_in_private_fund_info
BEX99A,臻牛时间换定制1号私募证券投资基金A类份额,臻牛时间换定制1号A类,厦门臻牛,2026-08-31,0.9676,2025-09-01,1,2,股票多头,,no,,,,not_in_table,no,,,,,not_in_private_fund_info
BEE91B,量创全景均衡量选1号私募证券投资基金B类份额,量创全景均衡量选1号B类,前海量创投资,2026-08-31,1.0557,2025-08-20,1,2,股票多头,,no,,,,not_in_table,no,,,,,not_in_private_fund_info
BDN42B,浑瑾岳秩私募证券投资基金B类份额,浑瑾岳秩B类,珠海浑瑾,2026-08-31,1.1509,2025-10-16,1,2,股票多头,,no,,,,not_in_table,no,,,,,not_in_private_fund_info
BDJ68C,兰盈中性增强1号私募证券投资基金C类份额,兰盈中性增强1号C类,上海兰盈量投,2026-08-31,1,2025-09-09,1,2,期货策略,,no,,,,not_in_table,no,,,,,not_in_private_fund_info
BDJ68B,兰盈中性增强1号私募证券投资基金B类份额,兰盈中性增强1号B类,上海兰盈量投,2026-08-31,1.0729,2025-09-09,1,2,期货策略,,no,,,,not_in_table,no,,,,,not_in_private_fund_info
BDJ68A,兰盈中性增强1号私募证券投资基金A类份额,兰盈中性增强1号A类,上海兰盈量投,2026-08-31,1.0739,2025-09-09,1,2,期货策略,,no,,,,not_in_table,no,,,,,not_in_private_fund_info
BDJ65B,兰盈中性增强私募证券投资基金B类份额,兰盈中性增强B类,上海兰盈量投,2026-08-31,1.0755,2025-10-14,1,2,期货策略,,no,,,,not_in_table,no,,,,,not_in_private_fund_info
BCG45B,润磁A500指数增强1号私募证券投资基金B类份额,润磁A500指数增强1号B类,上海润磁,2026-08-31,1.145,2025-08-13,1,2,股票多头,A500指增,no,,,,not_in_table,no,,,,,not_in_private_fund_info
BCB99A,阿基米德珑熙一号私募证券投资基金A类份额,阿基米德珑熙一号A类,河南阿基米德,2026-08-31,1.0375,2025-07-22,1,2,股票多头,,no,,,,not_in_table,no,,,,,not_in_private_fund_info
BBC58C,罗维盈安启航LS六号私募证券投资基金C类份额,罗维盈安启航LS六号C类,宁波罗维盈安投资,2026-08-31,1.032,2025-08-04,1,2,股票对冲,股票多空,no,,,,not_in_table,no,,,,,not_in_private_fund_info
BBC58B,罗维盈安启航LS六号私募证券投资基金B类份额,罗维盈安启航LS六号B类,宁波罗维盈安投资,2026-08-31,1.032,2025-08-04,1,2,股票对冲,股票多空,no,,,,not_in_table,no,,,,,not_in_private_fund_info
BAY92B,明得浩伦全球宏观CTA一号私募证券投资基金B类份额,明得浩伦全球宏观CTA一号B类,杭州明得浩伦投资,2026-08-31,1.4832,2025-06-27,1,2,其他,,no,,,,not_in_table,no,,,,,not_in_private_fund_info
BAX88C,兰盈空气指增plus1号私募证券投资基金C类份额,兰盈空气指增plus1号C类,上海兰盈量投,2026-08-31,1,2025-07-11,1,2,期货策略,,no,,,,not_in_table,no,,,,,not_in_private_fund_info
BAX88B,兰盈空气指增plus1号私募证券投资基金B类份额,兰盈空气指增plus1号B类,上海兰盈量投,2026-08-31,0.9723,2025-07-11,1,2,期货策略,,no,,,,not_in_table,no,,,,,not_in_private_fund_info
BAD05B,山信滔滔一号私募证券投资基金B类份额,山信滔滔一号B类,杭州萧山山信,2026-08-31,1.0406,2025-06-18,1,2,期货策略,,no,,,,not_in_table,no,,,,,not_in_private_fund_info
B6776D,容光蕴诚私募证券投资基金D类份额,容光蕴诚D类,北京容光,2026-08-31,1.234,2023-08-10,1,2,股票多头,主观多头,no,,,,not_in_table,no,,,,,not_in_private_fund_info
B1339A,毅远稳健套利18号私募证券投资基金A类份额,毅远稳健套利18号A类,上海毅远,2026-08-31,2.7353,2023-06-15,1,2,股票多头,主观多头,no,,,,not_in_table,no,,,,,not_in_private_fund_info
AZL37C,彬元量化市场中性1号私募证券投资基金C类份额,彬元量化市场中性1号C类,上海彬元资管,2026-08-31,1.268,2025-06-20,1,2,股票对冲,股票市场中性,no,,,,not_in_table,no,,,,,not_in_private_fund_info
AZE27A,启泰丰硕1号私募证券投资基金A类份额,启泰丰硕1号A类,上海启泰,2026-08-31,1.4234,2025-06-04,1,2,多资产策略,复合策略,no,,,,not_in_table,no,,,,,not_in_private_fund_info
AVG07C,九招盛世三号私募证券投资基金C类份额,九招盛世三号C类,武汉九招,2026-08-31,1.1616,2025-03-20,1,2,股票多头,可转债多头,no,,,,not_in_table,no,,,,,not_in_private_fund_info
ATR40C,宽立中国绝对收益1号私募证券投资基金C类份额,宽立中国绝对收益1号C类,上海宽立,2026-08-31,1.1466,2025-02-19,1,2,期货策略,量化期货,no,,,,not_in_table,no,,,,,not_in_private_fund_info
ATL22A,木莲安澜1号私募证券投资基金A类份额,木莲安澜1号A类,深圳木莲,2026-08-31,1.043,2025-02-28,1,2,套利策略,期货套利,no,,,,not_in_table,no,,,,,not_in_private_fund_info
ASA62A,润城汇鑫北证智选私募证券投资基金A类份额,润城汇鑫北证智选A类,深圳润城投资,2026-08-31,0.751,2024-12-17,1,2,股票多头,风格指增,no,,,,not_in_table,no,,,,,not_in_private_fund_info
AQW14B,趣时成长灵活配置1期私募证券投资基金B类份额,趣时成长灵活配置1期B类,上海趣时资管,2026-08-31,0.7259,2026-06-01,1,2,股票多头,,no,,,,not_in_table,no,,,,,not_in_private_fund_info
AQG20C,鸣熙新质精选1号私募证券投资基金C类份额,鸣熙新质精选1号C类,鸣熙资本,2026-08-31,1.6684,2024-10-29,1,2,股票多头,量化选股,no,,,,not_in_table,no,,,,,not_in_private_fund_info
ANU03B,华年500增强1号私募证券投资基金B类份额,华年500增强1号B类,上海华年,2026-08-31,1.9279,2024-08-30,1,2,股票多头,500指增,no,,,,not_in_table,no,,,,,not_in_private_fund_info
AMW90A,钇远泽灵1号私募证券投资基金A类份额,钇远泽灵1号A类,上海钇远,2026-08-31,1.0705,2024-07-26,1,2,股票对冲,股票市场中性,no,,,,not_in_table,no,,,,,not_in_private_fund_info
AML58A,聚宽广思沪深300指数增强一号私募证券投资基金A类份额,聚宽广思沪深300指数增强一号A类,北京聚宽投资,2026-08-31,1.4937,2024-12-31,1,2,股票多头,300指增,no,,,,not_in_table,no,,,,,not_in_private_fund_info
AKG42A,玉数涵瑞专享二十一号私募证券投资基金A类份额,玉数涵瑞专享二十一号A类,上海玉数投资,2026-08-31,1.2357,2024-05-27,1,2,股票对冲,股票市场中性,no,,,,not_in_table,no,,,,,not_in_private_fund_info
AJU22A,趣时远见私募证券投资基金A类份额,趣时远见A类,上海趣时资管,2026-08-31,2.0488,2024-04-26,1,2,股票多头,主观多头,no,,,,not_in_table,no,,,,,not_in_private_fund_info
AJG05C,衍合多策略CTA1号私募证券投资基金C类份额,衍合多策略CTA1号C类,上海衍合,2026-08-31,1.3972,2024-03-27,1,2,期货策略,量化期货,no,,,,not_in_table,no,,,,,not_in_private_fund_info
AGC04A,晨翰桑榆1号私募证券投资基金A类份额,晨翰桑榆1号A类,晋江晨翰,2026-08-31,1.1848,2024-01-19,1,2,期货策略,主观期货,no,,,,not_in_table,no,,,,,not_in_private_fund_info
AFS80A,玉数涵瑞专享二十号私募证券投资基金A类份额,玉数涵瑞专享二十号A类,上海玉数投资,2026-08-31,1.1068,2024-02-05,1,2,股票对冲,股票市场中性,no,,,,not_in_table,no,,,,,not_in_private_fund_info
AEQ57A,衍盛中证1000指数增强建享2号私募证券投资基金A类份额,衍盛中证1000指数增强建享2号A类,深圳衍盛,2026-08-31,1.6027,2024-01-12,1,2,股票多头,1000指增,no,,,,not_in_table,no,,,,,not_in_private_fund_info
AAT36B,正定中证1000指数增强1号私募证券投资基金B类份额,正定中证1000指数增强1号B类,北京正定,2026-08-31,2.0192,2023-10-27,1,2,股票多头,1000指增,no,,,,not_in_table,no,,,,,not_in_private_fund_info
AAT35B,正定中证500指数增强1号私募证券投资基金B类份额,正定中证500指数增强1号B类,北京正定,2026-08-31,2.3714,2023-09-14,1,2,股票多头,500指增,no,,,,not_in_table,no,,,,,not_in_private_fund_info
ZY656A,宣夜投资星图量化宏观二号私募证券投资基金A类份额,宣夜投资星图量化宏观二号A类,上海宣夜投资,2026-08-28,1.2108,2023-04-25,1,2,债券策略,信用债,no,,,,not_in_table,no,,,,,not_in_private_fund_info
ZS478B,森恩临界私募证券投资基金B类份额,森恩临界B类,上海森恩资管,2026-08-28,1.068,2023-09-19,1,2,期货策略,量化期货,no,,,,not_in_table,no,,,,,not_in_private_fund_info
ZS142A,泉智期选3号私募证券投资基金A类份额,泉智期选3号A类,晋江泉智,2026-08-28,1.0493,2023-06-30,1,2,组合策略,FOF,no,,,,not_in_table,no,,,,,not_in_private_fund_info
ZQ874B,千象盛世量化选股10号私募证券投资基金B类份额,千象盛世量化选股10号B类,上海千象资产,2026-08-28,1.5876,2023-04-19,1,2,股票多头,量化选股,no,,,,not_in_table,no,,,,,not_in_private_fund_info
ZP673C,若水明道钉钉勤业CTA精选1号私募证券投资基金C类份额,若水明道钉钉勤业CTA精选1号C类,南京若水明道,2026-08-28,1.2049,2023-04-12,1,2,期货策略,主观期货,no,,,,not_in_table,no,,,,,not_in_private_fund_info
ZM703B,吉丰永利三号私募证券投资基金B类份额,吉丰永利三号B类,北京吉丰,2026-08-28,1.24,2023-09-25,1,2,债券策略,信用债,no,,,,not_in_table,no,,,,,not_in_private_fund_info
ZJ340A,皓普麓山精选1号私募证券投资基金A类份额,皓普麓山精选1号A类,湖南皓普,2026-08-28,1.2776,2023-02-20,1,2,股票多头,主观多头,no,,,,not_in_table,no,,,,,not_in_private_fund_info
ZH498A,竹润量化多策略选股2号私募证券投资基金A类份额,竹润量化多策略选股2号A类,上海竹润投资,2026-08-28,1.5191,2023-02-28,1,2,股票多头,500指增,no,,,,not_in_table,no,,,,,not_in_private_fund_info
ZF893A,恒立卓越私募证券投资基金1号A类份额,恒立卓越1号A类,海南恒立,2026-08-28,0.9821,2023-01-19,1,2,套利策略,,no,,,,not_in_table,no,,,,,not_in_private_fund_info
ZF089D,瑞倍稳聚1号私募证券投资基金D类份额,瑞倍稳聚1号D类,宁波瑞倍,2026-08-28,1.0099,2023-01-16,1,2,套利策略,基金套利,no,,,,not_in_table,no,,,,,not_in_private_fund_info
ZC962B,双城前锋5号私募证券投资基金B类份额,双城前锋5号B类,上海双城,2026-08-28,1.046,2023-01-13,1,2,债券策略,信用债,no,,,,not_in_table,no,,,,,not_in_private_fund_info
ZB642B,博润稳健多策略2号私募证券投资基金B类份额,博润稳健多策略2号B类,北京博润银泰投资,2026-08-28,1.087,2023-01-06,1,2,多资产策略,复合策略,no,,,,not_in_table,no,,,,,not_in_private_fund_info
ZB124B,巨量均衡可转债猎鹰一号私募证券投资基金B类份额,巨量均衡可转债猎鹰一号B类,珠海巨量均衡,2026-08-28,1.2042,2023-01-03,1,2,股票多头,可转债多头,no,,,,not_in_table,no,,,,,not_in_private_fund_info
XZ544B,中胜小牛1号私募证券投资基金B类份额,中胜小牛1号B类,新余中胜峥盈资管,2026-08-28,2.2009,2022-12-21,1,2,债券策略,债券复合,no,,,,not_in_table,no,,,,,not_in_private_fund_info
XZ363A,沐盛日升私募证券投资基金A类份额,沐盛日升A类,湖南沐盛,2026-08-28,1.0218,2023-01-09,1,2,多资产策略,复合策略,no,,,,not_in_table,no,,,,,not_in_private_fund_info
XX122A,时代复兴500劲增一号私募证券投资基金A类份额,时代复兴500劲增一号A类,北京时代复兴投资,2026-08-28,1.6284,2022-12-29,1,2,股票多头,500指增,no,,,,not_in_table,no,,,,,not_in_private_fund_info
XW632B,定朔中性6号私募证券投资基金B类份额,定朔中性6号B类,海南定朔,2026-08-28,1.385,2022-12-07,1,2,股票对冲,股票市场中性,no,,,,not_in_table,no,,,,,not_in_private_fund_info
XW302B,紫外线9号私募证券投资基金B类份额,紫外线9号B类,杭州紫外线,2026-08-28,1.1941,2022-12-19,1,2,股票多头,主观多头,no,,,,not_in_table,no,,,,,not_in_private_fund_info
XP356B,泰创稳健二号私募证券投资基金B类份额,泰创稳健二号B类,北京泰创投资,2026-08-28,0.9313,2022-11-10,1,2,套利策略,混合套利,no,,,,not_in_table,no,,,,,not_in_private_fund_info
XP080A,丹金新远私募证券投资基金A类份额,丹金新远A类,厦门丹金恒信,2026-08-28,0.987,2022-10-25,1,2,股票多头,主观多头,no,,,,not_in_table,no,,,,,not_in_private_fund_info
XM641B,高益攀登者一号私募证券投资基金B类份额,高益攀登者一号B类,深圳高益,2026-08-28,1.8329,2022-10-11,1,2,股票多头,量化选股,no,,,,not_in_table,no,,,,,not_in_private_fund_info
XJ186A,泉智期选1号私募证券投资基金A类份额,泉智期选1号A类,晋江泉智,2026-08-28,1.3858,2022-10-11,1,2,组合策略,FOF,no,,,,not_in_table,no,,,,,not_in_private_fund_info
XH592B,聚力财富成长1号私募证券投资基金B类份额,聚力财富成长1号B类,湖南聚力财富,2026-08-28,2.4624,2022-09-22,1,2,股票多头,主观多头,no,,,,not_in_table,no,,,,,not_in_private_fund_info
XF707A,玉数量化选股一号私募证券投资基金A类份额,玉数量化选股一号A类,上海玉数投资,2026-08-28,1.0289,2022-11-28,1,2,股票多头,量化选股,no,,,,not_in_table,no,,,,,not_in_private_fund_info
XD068B,和御稳健精选私募证券投资基金B类份额,和御稳健精选B类,宁波和御,2026-08-28,1.2335,2022-08-23,1,2,组合策略,FOF,no,,,,not_in_table,no,,,,,not_in_private_fund_info
XD020B,赜远尊享中证2000指数增强6号私募证券投资基金B类份额,赜远尊享中证2000指数增强6号B类,珠海赜远,2026-08-28,1.0104,2022-09-07,1,2,股票多头,1000指增,no,,,,not_in_table,no,,,,,not_in_private_fund_info
XC968B,升科否证私募证券投资基金B类份额,升科否证B类,海南否证,2026-08-28,1.6965,2022-08-30,1,2,其他,,no,,,,not_in_table,no,,,,,not_in_private_fund_info
XC467B,万方进取1号私募证券投资基金B类份额,万方进取1号B类,珠海横琴万方,2026-08-28,1.8707,2022-08-18,1,2,股票多头,主观多头,no,,,,not_in_table,no,,,,,not_in_private_fund_info
XC369B,小黑妞星斗1号私募证券投资基金B类份额,小黑妞星斗1号B类,上海小黑妞资管,2026-08-28,1.3008,2022-08-16,1,2,期货策略,主观期货,no,,,,not_in_table,no,,,,,not_in_private_fund_info
X9542B,泽塔盖德尔雪币2号私募证券投资基金B类份额,泽塔盖德尔雪币2号B类,海南泽塔,2026-08-28,0.8874,2017-11-08,1,2,股票多头,主观多头,no,,,,not_in_table,no,,,,,not_in_private_fund_info
X5938B,东方港湾心流投资私募基金B类份额,东方港湾心流投资B类,深圳东方港湾投资,2026-08-28,1.504,2017-11-13,1,2,股票多头,主观多头,no,,,,not_in_table,no,,,,,not_in_private_fund_info
VX212B,奕睿策略优选1号私募证券投资基金B类份额,奕睿策略优选1号B类,上海奕睿,2026-08-28,2.0301,2022-07-04,1,2,多资产策略,复合策略,no,,,,not_in_table,no,,,,,not_in_private_fund_info
VW482A,仙童鼎信平衡型私募证券投资基金A类份额,仙童鼎信平衡型A类,天津仙童投资,2026-08-28,1.0731,2022-06-28,1,2,多资产策略,复合策略,no,,,,not_in_table,no,,,,,not_in_private_fund_info
VW270A,竹润机器人精选1号私募证券投资基金A类份额,竹润机器人精选1号A类,上海竹润投资,2026-08-28,1.1723,2022-06-23,1,2,债券策略,信用债,no,,,,not_in_table,no,,,,,not_in_private_fund_info
VS254A,璞真私行汇稳增2号私募证券投资基金A类份额,璞真私行汇稳增2号A类,上海璞真,2026-08-28,1.2994,2022-05-27,1,2,多资产策略,宏观策略,no,,,,not_in_table,no,,,,,not_in_private_fund_info
VP565A,星际德韬私募证券投资基金A类份额,星际德韬A类,长兴星际,2026-08-28,1.568,2022-05-24,1,2,股票对冲,股票多空,no,,,,not_in_table,no,,,,,not_in_private_fund_info
VP401A,中舍明径一号私募证券投资基金A类份额,中舍明径一号A类,杭州中舍资管,2026-08-28,0.9317,2022-04-29,1,2,期货策略,量化期货,no,,,,not_in_table,no,,,,,not_in_private_fund_info
VM387B,尚艺量化全天候中波动版1号私募证券投资基金B类份额,尚艺量化全天候中波动版1号B类,北京尚艺,2026-08-28,1.3289,2022-04-14,1,2,多资产策略,复合策略,no,,,,not_in_table,no,,,,,not_in_private_fund_info
VJ908A,贡戛之春私募证券投资基金A类份额,贡戛之春A类,上海贡戛,2026-08-28,1.3805,2022-03-31,1,2,股票多头,主观多头,no,,,,not_in_table,no,,,,,not_in_private_fund_info
VF076A,泓赫股票精选私募证券投资基金A类份额,泓赫股票精选A类,上海泓赫投资,2026-08-28,1.1384,2022-06-27,1,2,股票多头,量化选股,no,,,,not_in_table,no,,,,,not_in_private_fund_info
TV946A,耶诺稳健精选私募证券投资基金A类份额,耶诺稳健精选A类,上海耶诺资管,2026-08-28,1.6997,2022-07-05,1,2,多资产策略,复合策略,no,,,,not_in_table,no,,,,,not_in_private_fund_info
TU951B,复胜盛世一号私募证券投资基金B类份额,复胜盛世一号B类,上海复胜资管,2026-08-28,1.72,2022-02-15,1,2,股票多头,主观多头,no,,,,not_in_table,no,,,,,not_in_private_fund_info
TL927A,证道嘉汇1号私募证券投资基金A类份额,证道嘉汇1号A类,厦门证道,2026-08-28,0.8767,2022-02-14,1,2,股票多头,主观多头,no,,,,not_in_table,no,,,,,not_in_private_fund_info
TL354A,证道点复1号私募证券投资基金A类份额,证道点复1号A类,厦门证道,2026-08-28,1.191,2022-01-07,1,2,股票对冲,股票T0,no,,,,not_in_table,no,,,,,not_in_private_fund_info
TK590B,望正景气行业精选私募证券投资基金B类份额,望正景气行业精选B类,深圳望正资管,2026-08-28,1.8812,2021-12-16,1,2,股票多头,主观多头,no,,,,not_in_table,no,,,,,not_in_private_fund_info
TK544C,德银进取一号私募证券投资基金C类份额,德银进取一号C类,广州德银,2026-08-28,2.4579,2021-12-06,1,2,股票多头,,no,,,,not_in_table,no,,,,,not_in_private_fund_info
TF557B,高通朝天门51号私募证券投资基金B类份额,高通朝天门51号B类,上海秋水高通,2026-08-28,1.0558,2021-11-17,1,2,组合策略,FOF,no,,,,not_in_table,no,,,,,not_in_private_fund_info
TE102C,京盈智投博远私募证券投资基金C类份额,京盈智投博远C类,珠海京盈智投,2026-08-28,3.044,2021-11-24,1,2,期货策略,量化期货,no,,,,not_in_table,no,,,,,not_in_private_fund_info
TB331B,湘宁国标CTA三号私募证券投资基金B类份额,湘宁国标CTA三号B类,珠海世豪,2026-08-28,1.7713,2021-11-26,1,2,期货策略,量化期货,no,,,,not_in_table,no,,,,,not_in_private_fund_info
T9786A,美好狄拉克一号多策略私募投资基金A类份额,美好狄拉克一号多策略A类,广东横琴广鑫美好,2026-08-28,2.5798,2017-06-15,1,2,组合策略,FOF,no,,,,not_in_table,no,,,,,not_in_private_fund_info
T1031A,双隆-隆富2号私募证券投资基金A类份额,双隆-隆富2号A类,上海双隆投资,2026-08-28,2.3631,2017-04-17,1,2,期货策略,量化期货,no,,,,not_in_table,no,,,,,not_in_private_fund_info
SZY657,宣夜投资悦晟一号私募证券投资基金,宣夜投资悦晟一号,上海宣夜投资,2026-08-28,0.835,2023-04-25,1,2,多资产策略,复合策略,yes,宣夜投资悦晟一号私募证券投资基金,,,null_nav_date,yes,宣夜投资悦晟一号私募证券投资基金,正在运作,,上海宣夜投资管理有限公司,in_table_null_latest_nav_date
SZY656,宣夜投资星图量化宏观二号私募证券投资基金,宣夜投资星图量化宏观二号,上海宣夜投资,2026-08-28,1.2122,2023-04-25,1,2,债券策略,信用债,yes,宣夜投资星图量化宏观二号私募证券投资基金,,,null_nav_date,yes,宣夜投资星图量化宏观二号私募证券投资基金,正在运作,,上海宣夜投资管理有限公司,in_table_null_latest_nav_date
SZX660,瀚石方舟一号私募证券投资基金,瀚石方舟一号,杭州瀚石,2026-08-28,1.3394,2023-05-12,1,2,股票多头,主观多头,yes,瀚石方舟一号私募证券投资基金,,,null_nav_date,yes,瀚石方舟一号私募证券投资基金,正在运作,,杭州瀚石私募基金管理有限公司,in_table_null_latest_nav_date
SZV189,贝得中证A500指数增强1号私募证券投资基金,贝得中证A500指数增强1号,珠海贝得,2026-08-28,1.5308,2023-04-06,1,2,股票多头,A500指增,yes,贝得中证A500指数增强1号私募证券投资基金,,,null_nav_date,yes,贝得中证A500指数增强1号私募证券投资基金,正在运作,,珠海贝得私募基金管理有限公司,in_table_null_latest_nav_date
SZU679,同泽细水增利私募证券投资基金,同泽细水增利,广州同泽投资,2026-08-28,0.8903,2023-04-07,1,2,多资产策略,复合策略,yes,同泽细水增利私募证券投资基金,,,null_nav_date,yes,同泽细水增利私募证券投资基金,正在运作,,广州同泽投资管理有限公司,in_table_null_latest_nav_date
SZT852,鑫厚庆丰1号私募证券投资基金,鑫厚庆丰1号,浙江鑫厚投资,2026-08-28,2.3562,2023-04-14,1,2,股票多头,主观多头,yes,鑫厚庆丰1号私募证券投资基金,,,null_nav_date,yes,鑫厚庆丰1号私募证券投资基金,正在运作,,浙江鑫厚投资管理有限公司,in_table_null_latest_nav_date
SZT004,明泽泰达二十七号私募证券投资基金,明泽泰达二十七号,安徽明泽投资,2026-08-28,0.8196,2023-04-14,1,2,股票多头,主观多头,yes,明泽泰达二十七号私募证券投资基金,,,null_nav_date,yes,明泽泰达二十七号私募证券投资基金,正在运作,,安徽明泽投资管理有限公司,in_table_null_latest_nav_date
SZS958,和聚荣盛2期1号私募证券投资基金,和聚荣盛2期1号,北京和聚,2026-08-28,1.1363,2023-05-29,1,2,股票多头,主观多头,yes,和聚荣盛2期1号私募证券投资基金,,,null_nav_date,yes,和聚荣盛2期1号私募证券投资基金,正在运作,,北京和聚私募基金管理有限公司,in_table_null_latest_nav_date
SZS956,和聚荣盛2期私募证券投资基金,和聚荣盛2期,北京和聚,2026-08-28,1.2175,2023-05-22,1,2,股票多头,主观多头,yes,和聚荣盛2期私募证券投资基金,,,null_nav_date,yes,和聚荣盛2期私募证券投资基金,正在运作,,北京和聚私募基金管理有限公司,in_table_null_latest_nav_date
SZR599,止于至善科技创新1号私募证券投资基金,止于至善科技创新1号,北京止于至善投资,2026-08-28,1.7705,2025-11-18,1,2,股票多头,,yes,止于至善科技创新1号私募证券投资基金,,,null_nav_date,yes,止于至善科技创新1号私募证券投资基金,正在运作,私募证券投资基金,北京止于至善投资管理有限公司,in_table_null_latest_nav_date
SZR293,朗坤旭日宏观进取私募证券投资基金,朗坤旭日宏观进取,福州朗坤,2026-08-28,1.1318,2023-03-29,1,2,多资产策略,宏观策略,yes,朗坤旭日宏观进取私募证券投资基金,,,null_nav_date,yes,朗坤旭日宏观进取私募证券投资基金,正在运作,,福州朗坤私募基金管理有限公司,in_table_null_latest_nav_date
SZR013,上国象欣荣私募证券投资基金,上国象欣荣,北京上国象,2026-08-28,1.1772,2023-03-20,1,2,期货策略,量化期货,yes,上国象欣荣私募证券投资基金,,,null_nav_date,yes,上国象欣荣私募证券投资基金,正在运作,,北京上国象私募基金管理有限公司,in_table_null_latest_nav_date
SZQ874,千象盛世量化选股10号私募证券投资基金,千象盛世量化选股10号,上海千象资产,2026-08-28,1.5565,2023-04-19,1,2,股票多头,量化选股,yes,千象盛世量化选股10号私募证券投资基金,,,null_nav_date,yes,千象盛世量化选股10号私募证券投资基金,正在运作,,上海千象资产管理有限公司,in_table_null_latest_nav_date
SZP560,鼎泰四方全新好1号证券私募投资基金,鼎泰四方全新好1号,深圳鼎泰四方,2026-08-28,5.3778,2023-04-04,1,2,股票多头,主观多头,yes,鼎泰四方全新好1号证券私募投资基金,,,null_nav_date,yes,鼎泰四方全新好1号证券私募投资基金,正在运作,,鼎泰四方（深圳）私募证券基金管理有限公司,in_table_null_latest_nav_date
SZP283,乘舟高山鎏金16号私募证券投资基金,乘舟高山鎏金16号,上海乘舟投资,2026-08-28,1.0758,2023-03-08,1,2,股票多头,,yes,乘舟高山鎏金16号私募证券投资基金,,,null_nav_date,yes,乘舟高山鎏金16号私募证券投资基金,正在运作,,上海乘舟投资管理有限公司,in_table_null_latest_nav_date
SZN596,融智百舸量化FOF2号私募证券投资基金,融智百舸量化FOF2号,深圳融智,2026-08-28,1.6997,2023-03-10,1,2,组合策略,FOF,yes,融智百舸量化FOF2号私募证券投资基金,,,null_nav_date,yes,融智百舸量化FOF2号私募证券投资基金,正在运作,,深圳市融智私募证券投资基金管理有限公司,in_table_null_latest_nav_date
SZJ340,皓普麓山精选1号私募证券投资基金,皓普麓山精选1号,湖南皓普,2026-08-28,1.2776,2023-02-20,1,2,股票多头,主观多头,yes,皓普麓山精选1号私募证券投资基金,,,null_nav_date,yes,皓普麓山精选1号私募证券投资基金,正在运作,,湖南皓普私募基金管理有限公司,in_table_null_latest_nav_date
SZG779,泽鸣起富私募证券投资基金,泽鸣起富,上海泽鸣资管,2026-08-28,1.647,2023-02-02,1,2,期货策略,主观期货,yes,泽鸣起富私募证券投资基金,,,null_nav_date,yes,泽鸣起富私募证券投资基金,正在运作,,上海泽鸣资产管理有限公司,in_table_null_latest_nav_date
SZF089,瑞倍稳聚1号私募证券投资基金,瑞倍稳聚1号,宁波瑞倍,2026-08-28,1.0106,2023-01-16,1,2,套利策略,基金套利,yes,瑞倍稳聚1号私募证券投资基金,,,null_nav_date,yes,瑞倍稳聚1号私募证券投资基金,正在运作,,宁波瑞倍私募基金管理有限公司,in_table_null_latest_nav_date
SZF041,宝隽钱塘6号成长私募证券投资基金,宝隽钱塘6号成长,宁波宝隽资管,2026-08-28,2.2093,2023-02-01,1,2,股票多头,主观多头,yes,宝隽钱塘6号成长私募证券投资基金,,,null_nav_date,yes,宝隽钱塘6号成长私募证券投资基金,正在运作,,宁波宝隽资产管理有限公司,in_table_null_latest_nav_date
SZE702,泰势势能一号私募证券投资基金,泰势势能一号,上海泰势,2026-08-28,1.5134,2023-01-13,1,2,债券策略,信用债,yes,泰势势能一号私募证券投资基金,,,null_nav_date,yes,泰势势能一号私募证券投资基金,正在运作,,上海泰势私募基金管理合伙企业（有限合伙）,in_table_null_latest_nav_date
SZD955,正源信毅中证1000量化择时私募证券投资基金,正源信毅中证1000量化择时,苏州正源信毅资管,2026-08-28,1.1321,2023-05-25,1,2,股票多头,主观多头,yes,正源信毅中证1000量化择时私募证券投资基金,,,null_nav_date,yes,正源信毅中证1000量化择时私募证券投资基金,正在运作,,苏州正源信毅资产管理有限公司,in_table_null_latest_nav_date
SZD717,今通量化价值成长六号私募证券投资基金,今通量化价值成长六号,上海今通投资,2026-08-28,3.25,2023-01-19,1,2,股票多头,1000指增,yes,今通量化价值成长六号私募证券投资基金,,,null_nav_date,yes,今通量化价值成长六号私募证券投资基金,正在运作,,上海今通投资管理有限公司,in_table_null_latest_nav_date
SZD403,汉汇韬略量化3号私募证券投资基金,汉汇韬略量化3号,上海汉汇投资,2026-08-28,1.113,2023-01-11,1,2,股票多头,量化选股,yes,汉汇韬略量化3号私募证券投资基金,,,null_nav_date,yes,汉汇韬略量化3号私募证券投资基金,正在运作,,上海汉汇投资有限公司,in_table_null_latest_nav_date
SZD326,铭涛五号私募证券投资基金,铭涛五号,浙江铭涛资管,2026-08-28,0.8256,2023-01-12,1,2,股票对冲,择时对冲,yes,铭涛五号私募证券投资基金,,,null_nav_date,yes,铭涛五号私募证券投资基金,正在运作,,浙江铭涛资产管理有限公司,in_table_null_latest_nav_date
SZC832,能敬价值优选三号私募证券投资基金,能敬价值优选三号,深圳能敬投资,2026-08-28,1.668,2023-03-27,1,2,股票多头,主观多头,yes,能敬价值优选三号私募证券投资基金,,,null_nav_date,yes,能敬价值优选三号私募证券投资基金,正在运作,,深圳能敬投资控股有限公司,in_table_null_latest_nav_date
SZC642,国源拾金安和2号私募证券投资基金,国源拾金安和2号,深圳国源信达资管,2026-08-28,1.9249,2023-01-10,1,2,多资产策略,复合策略,yes,国源拾金安和2号私募证券投资基金,,,null_nav_date,yes,国源拾金安和2号私募证券投资基金,正在运作,,深圳国源信达资本管理有限公司,in_table_null_latest_nav_date
SZB642,博润稳健多策略2号私募证券投资基金,博润稳健多策略2号,北京博润银泰投资,2026-08-28,1.081,2023-01-06,1,2,多资产策略,复合策略,yes,博润稳健多策略2号私募证券投资基金,,,null_nav_date,yes,博润稳健多策略2号私募证券投资基金,正在运作,私募证券投资基金,北京博润银泰投资管理有限公司,in_table_null_latest_nav_date
SZB124,巨量均衡可转债猎鹰一号私募证券投资基金,巨量均衡可转债猎鹰一号,珠海巨量均衡,2026-08-28,1.2052,2023-01-03,1,2,股票多头,可转债多头,yes,巨量均衡可转债猎鹰一号私募证券投资基金,,,null_nav_date,yes,巨量均衡可转债猎鹰一号私募证券投资基金,正在运作,私募证券投资基金,巨量均衡私募证券基金管理（珠海）有限公司,in_table_null_latest_nav_date
SY9255,弘彦家族财富二号私募证券投资基金,弘彦家族财富二号,广东弘彦资管,2026-08-28,1.0222,2018-01-22,1,2,股票多头,主观多头,yes,弘彦家族财富二号私募证券投资基金,,,null_nav_date,yes,弘彦家族财富二号私募证券投资基金,正在运作,,广东弘彦资产管理有限公司,in_table_null_latest_nav_date
SY7055,天意仁和资产精选轮动2号私募投资基金,天意仁和资产精选轮动2号,深圳天意仁和资管,2026-08-28,1.5641,2018-01-02,1,2,股票多头,主观多头,yes,天意仁和资产精选轮动2号私募投资基金,,,null_nav_date,yes,天意仁和资产精选轮动2号私募投资基金,正在运作,,深圳市天意仁和资产管理有限公司,in_table_null_latest_nav_date
SY4152,天序积极增长一号私募基金,天序积极增长一号,上海天序,2026-08-28,0.9506,2017-12-07,1,2,多资产策略,复合策略,yes,天序积极增长一号私募基金,,,null_nav_date,yes,天序积极增长一号私募基金,正在运作,,上海天序私募基金管理有限公司,in_table_null_latest_nav_date
SY3837,瑞民优质成长私募证券投资基金,瑞民优质成长,广州瑞民,2026-08-28,1.7354,2018-01-17,1,2,股票多头,主观多头,yes,瑞民优质成长私募证券投资基金,,,null_nav_date,yes,瑞民优质成长私募证券投资基金,正在运作,,广州瑞民私募证券投资基金管理有限公司,in_table_null_latest_nav_date
SY0710,静观悟道帅猫策略一号私募投资基金,静观悟道帅猫策略一号,厦门静观悟道投资,2026-08-28,1.039,2017-11-10,1,2,期货策略,主观期货,yes,静观悟道帅猫策略一号私募投资基金,,,null_nav_date,yes,静观悟道帅猫策略一号私募投资基金,正在运作,,厦门市静观悟道投资管理有限责任公司,in_table_null_latest_nav_date
SXZ544,中胜小牛1号私募证券投资基金,中胜小牛1号,新余中胜峥盈资管,2026-08-28,2.2103,2022-12-21,1,2,债券策略,债券复合,yes,中胜小牛1号私募证券投资基金,,,null_nav_date,yes,中胜小牛1号私募证券投资基金,正在运作,,新余中胜峥盈资产管理合伙企业（有限合伙）,in_table_null_latest_nav_date
SXZ363,沐盛日升私募证券投资基金,沐盛日升,湖南沐盛,2026-08-28,1.0234,2023-01-09,1,2,多资产策略,复合策略,yes,沐盛日升私募证券投资基金,,,null_nav_date,yes,沐盛日升私募证券投资基金,正在运作,,湖南沐盛私募基金有限公司,in_table_null_latest_nav_date
SXZ059,朴润精选1号私募证券投资基金,朴润精选1号,浙江朴润资管,2026-08-28,1.2379,2022-12-23,1,2,股票多头,主观多头,yes,朴润精选1号私募证券投资基金,,,null_nav_date,yes,朴润精选1号私募证券投资基金,正在运作,,浙江朴润资产管理有限公司,in_table_null_latest_nav_date
SXU316,万涛私募云涛三期私募证券投资基金,万涛私募云涛三期,海南万涛,2026-08-28,1.128,2022-12-06,1,2,股票多头,主观多头,yes,万涛私募云涛三期私募证券投资基金,,,null_nav_date,yes,万涛私募云涛三期私募证券投资基金,正在运作,,万涛私募基金管理（海南）有限公司,in_table_null_latest_nav_date
SXR526,鹿秀驯鹿23号私募证券投资基金,鹿秀驯鹿23号,青岛鹿秀投资,2026-08-28,0.9753,2022-12-21,1,2,股票多头,主观多头,yes,鹿秀驯鹿23号私募证券投资基金,,,null_nav_date,yes,鹿秀驯鹿23号私募证券投资基金,正在运作,,青岛鹿秀投资管理有限公司,in_table_null_latest_nav_date
SXR524,鹿秀量选红利1号私募证券投资基金,鹿秀量选红利1号,青岛鹿秀投资,2026-08-28,1.14,2022-12-21,1,2,股票多头,主观多头,yes,鹿秀量选红利1号私募证券投资基金,,,null_nav_date,yes,鹿秀量选红利1号私募证券投资基金,正在运作,,青岛鹿秀投资管理有限公司,in_table_null_latest_nav_date
SXR086,博弈树金选套利2号私募证券投资基金,博弈树金选套利2号,广东丰煜,2026-08-28,1.568,2022-11-02,1,2,套利策略,期货套利,yes,博弈树金选套利2号私募证券投资基金,,,null_nav_date,yes,博弈树金选套利2号私募证券投资基金,正在运作,,广东丰煜私募基金管理有限公司,in_table_null_latest_nav_date
SXQ470,鼎量星空1号私募证券投资基金,鼎量星空1号,海南鼎量,2026-08-28,1.7095,2022-12-07,1,2,股票多头,500指增,yes,鼎量星空1号私募证券投资基金,,,null_nav_date,yes,鼎量星空1号私募证券投资基金,正在运作,,鼎量私募基金管理（海南）有限公司,in_table_null_latest_nav_date
SXQ047,钜豪翼安1号私募证券投资基金,钜豪翼安1号,北京钜豪,2026-08-28,1.0218,2022-11-30,1,2,债券策略,信用债,yes,钜豪翼安1号私募证券投资基金,,,null_nav_date,yes,钜豪翼安1号私募证券投资基金,正在运作,,北京钜豪私募基金管理有限公司,in_table_null_latest_nav_date
SXP080,丹金新远私募证券投资基金,丹金新远,厦门丹金恒信,2026-08-28,0.987,2022-10-25,1,2,股票多头,主观多头,yes,丹金新远私募证券投资基金,,,null_nav_date,yes,丹金新远私募证券投资基金,正在运作,,厦门丹金恒信私募基金管理有限公司,in_table_null_latest_nav_date
SXN801,巨量边界掘金1号私募证券投资基金,巨量边界掘金1号,北京巨量边界,2026-08-28,1.0677,2022-10-28,1,2,多资产策略,复合策略,yes,巨量边界掘金1号私募证券投资基金,,,null_nav_date,yes,巨量边界掘金1号私募证券投资基金,正在运作,,北京巨量边界私募基金管理有限公司,in_table_null_latest_nav_date
SXM641,高益攀登者一号私募证券投资基金,高益攀登者一号,深圳高益,2026-08-28,1.8428,2022-10-11,1,2,股票多头,量化选股,yes,高益攀登者一号私募证券投资基金,,,null_nav_date,yes,高益攀登者一号私募证券投资基金,正在运作,,深圳市高益私募证券基金管理有限公司,in_table_null_latest_nav_date
SXL291,银杏善利1号私募证券投资基金,银杏善利1号,上海银杏,2026-08-28,1.8127,2022-10-25,1,2,股票多头,1000指增,yes,银杏善利1号私募证券投资基金,,,null_nav_date,yes,银杏善利1号私募证券投资基金,正在运作,,上海银杏私募基金管理有限公司,in_table_null_latest_nav_date
SXL078,宽渡紫檀私募证券投资基金,宽渡紫檀,上海宽渡,2026-08-28,1.5551,2022-09-27,1,2,组合策略,FOF,yes,宽渡紫檀私募证券投资基金,,,null_nav_date,yes,宽渡紫檀私募证券投资基金,正在运作,,上海宽渡私募基金管理有限公司,in_table_null_latest_nav_date
SXK824,中成信泰恒跃星辉私募证券投资基金,中成信泰恒跃星辉,北京中成信泰资管,2026-08-28,1.2695,2022-09-30,1,2,债券策略,债券复合,yes,中成信泰恒跃星辉私募证券投资基金,,,null_nav_date,yes,中成信泰恒跃星辉私募证券投资基金,正在运作,,北京中成信泰资产管理有限责任公司,in_table_null_latest_nav_date
SXK567,融智套利策略指数FOF私募证券投资基金,融智套利策略指数FOF,深圳融智,2026-08-28,1.1084,2022-09-26,1,2,组合策略,FOF,yes,融智套利策略指数FOF私募证券投资基金,,,null_nav_date,yes,融智套利策略指数FOF私募证券投资基金,正在运作,,深圳市融智私募证券投资基金管理有限公司,in_table_null_latest_nav_date
SXJ331,岳鑫遥1号私募证券投资基金,岳鑫遥1号,北京岳鑫遥,2026-08-28,2.355,2022-09-26,1,2,套利策略,,yes,岳鑫遥1号私募证券投资基金,,,null_nav_date,yes,岳鑫遥1号私募证券投资基金,正在运作,,岳鑫遥（北京）私募基金管理有限公司,in_table_null_latest_nav_date
SXJ186,泉智期选1号私募证券投资基金,泉智期选1号,晋江泉智,2026-08-28,1.3947,2022-10-11,1,2,组合策略,FOF,yes,泉智期选1号私募证券投资基金,,,null_nav_date,yes,泉智期选1号私募证券投资基金,正在运作,,晋江泉智私募基金管理有限公司,in_table_null_latest_nav_date
SXH068,融智市场中性策略指数FOF私募证券投资基金,融智市场中性策略指数FOF,深圳融智,2026-08-28,1.2369,2022-09-13,1,2,组合策略,FOF,yes,融智市场中性策略指数FOF私募证券投资基金,,,null_nav_date,yes,融智市场中性策略指数FOF私募证券投资基金,正在运作,,深圳市融智私募证券投资基金管理有限公司,in_table_null_latest_nav_date
SXG009,猎马安赢私募证券投资基金,猎马安赢,青岛猎马资管,2026-08-28,1.1784,2022-09-27,1,2,多资产策略,宏观策略,yes,猎马安赢私募证券投资基金,,,null_nav_date,yes,猎马安赢私募证券投资基金,正在运作,,青岛猎马资产管理有限公司,in_table_null_latest_nav_date
SXF467,正德远太川1号私募证券投资基金,正德远太川1号,深圳正德远,2026-08-28,1.2224,2022-09-05,1,2,股票多头,主观多头,yes,正德远太川1号私募证券投资基金,,,null_nav_date,yes,正德远太川1号私募证券投资基金,正在运作,,深圳市正德远私募证券基金管理有限公司,in_table_null_latest_nav_date
SXF255,正德远沃丰1号私募证券投资基金,正德远沃丰1号,深圳正德远,2026-08-28,1.2791,2022-08-31,1,2,股票多头,主观多头,yes,正德远沃丰1号私募证券投资基金,,,null_nav_date,yes,正德远沃丰1号私募证券投资基金,正在运作,,深圳市正德远私募证券基金管理有限公司,in_table_null_latest_nav_date
SXD451,若水明道管理期货旗舰2期私募证券投资基金,若水明道管理期货旗舰2期,南京若水明道,2026-08-28,1.2717,2022-09-06,1,2,期货策略,主观期货,yes,若水明道管理期货旗舰2期私募证券投资基金,,,null_nav_date,yes,若水明道管理期货旗舰2期私募证券投资基金,正在运作,,南京若水明道私募基金管理有限公司,in_table_null_latest_nav_date
SXD068,和御稳健精选私募证券投资基金,和御稳健精选,宁波和御,2026-08-28,1.2335,2022-08-23,1,2,组合策略,FOF,yes,和御稳健精选私募证券投资基金,,,null_nav_date,yes,和御稳健精选私募证券投资基金,正在运作,,宁波和御私募基金管理有限公司,in_table_null_latest_nav_date
SXC968,升科否证私募证券投资基金,升科否证,海南否证,2026-08-28,1.7029,2022-08-30,1,2,其他,,yes,升科否证私募证券投资基金,,,null_nav_date,yes,升科否证私募证券投资基金,正在运作,,海南否证私募基金管理合伙企业（有限合伙）,in_table_null_latest_nav_date
SXC608,汇富联合远方1号私募证券投资基金,汇富联合远方1号,深圳前海汇富联合,2026-08-28,2.461,2022-08-19,1,2,股票多头,量化选股,yes,汇富联合远方1号私募证券投资基金,,,null_nav_date,yes,汇富联合远方1号私募证券投资基金,正在运作,,深圳前海汇富联合私募证券基金管理有限公司,in_table_null_latest_nav_date
SXB155,传山套利香江2号私募证券投资基金,传山套利香江2号,广州传山,2026-08-28,1.2259,2023-01-09,1,2,多资产策略,复合策略,yes,传山套利香江2号私募证券投资基金,,,null_nav_date,yes,传山套利香江2号私募证券投资基金,正在运作,,广州传山私募基金管理有限公司,in_table_null_latest_nav_date
SXA771,嘉运天诚金玉满堂私募证券投资基金,嘉运天诚金玉满堂,湖南嘉运天诚,2026-08-28,1.2633,2024-12-23,1,2,股票多头,,yes,嘉运天诚金玉满堂私募证券投资基金,,,null_nav_date,yes,嘉运天诚金玉满堂私募证券投资基金,正在运作,私募证券投资基金,湖南嘉运天诚私募基金管理有限公司,in_table_null_latest_nav_date
SX8492,凤翔汇金私募证券投资基金,凤翔汇金,深圳凤翔,2026-08-28,1.9579,2017-12-26,1,2,股票多头,量化选股,yes,凤翔汇金私募证券投资基金,,,null_nav_date,yes,凤翔汇金私募证券投资基金,正在运作,,深圳凤翔私募证券基金管理有限公司,in_table_null_latest_nav_date
SW7477,猎马汇赢私募证券投资基金,猎马汇赢,青岛猎马资管,2026-08-28,2.7406,2017-08-18,1,2,股票多头,主观多头,yes,猎马汇赢私募证券投资基金,,,null_nav_date,yes,猎马汇赢私募证券投资基金,正在运作,,青岛猎马资产管理有限公司,in_table_null_latest_nav_date
SW422B,百利信和创八号私募证券投资基金B类份额,百利信和创八号B类,福州百利信,2026-08-28,1.0201,2021-10-08,1,2,债券策略,信用债,no,,,,not_in_table,no,,,,,not_in_private_fund_info
SVY633,元苔玉赑屃3号私募证券投资基金,元苔玉赑屃3号,上海元苔投资,2026-08-28,0.9932,2022-08-19,1,2,股票多头,主观多头,yes,元苔玉赑屃3号私募证券投资基金,,,null_nav_date,yes,元苔玉赑屃3号私募证券投资基金,正在运作,,上海元苔投资管理有限公司,in_table_null_latest_nav_date
SVX914,信远成长3号私募证券投资基金,信远成长3号,广州信远,2026-08-28,1.0388,2022-07-11,1,2,股票多头,主观多头,yes,信远成长3号私募证券投资基金,,,null_nav_date,yes,信远成长3号私募证券投资基金,正在运作,,广州信远私募证券投资基金管理有限公司,in_table_null_latest_nav_date
SVX466,鼎盛仟泓多策略私募证券投资基金,鼎盛仟泓多策略,深圳鼎盛国际投资,2026-08-28,0.9004,2022-06-29,1,2,多资产策略,复合策略,yes,鼎盛仟泓多策略私募证券投资基金,,,null_nav_date,yes,鼎盛仟泓多策略私募证券投资基金,正在运作,,鼎盛国际投资管理（深圳）有限公司,in_table_null_latest_nav_date
SVW482,仙童鼎信平衡型私募证券投资基金,仙童鼎信平衡型,天津仙童投资,2026-08-28,1.0747,2022-06-28,1,2,多资产策略,复合策略,yes,仙童鼎信平衡型私募证券投资基金,,,null_nav_date,yes,仙童鼎信平衡型私募证券投资基金,正在运作,,天津仙童投资管理有限责任公司,in_table_null_latest_nav_date
SVV450,百仑高金一号私募证券投资基金,百仑高金一号,深圳百仑基金,2026-08-28,1.6194,2022-06-30,1,2,多资产策略,复合策略,yes,百仑高金一号私募证券投资基金,,,null_nav_date,yes,百仑高金一号私募证券投资基金,正在运作,,深圳市百仑基金管理有限公司,in_table_null_latest_nav_date
SVT100,聂丰润城一号私募证券投资基金,聂丰润城一号,上海聂丰,2026-08-28,0.95,2022-05-27,1,2,组合策略,FOF,yes,聂丰润城一号私募证券投资基金,,,null_nav_date,yes,聂丰润城一号私募证券投资基金,正在运作,,上海聂丰私募基金管理有限公司,in_table_null_latest_nav_date
SVR025,沣京稳健八期私募证券投资基金,沣京稳健八期,北京沣京资管,2026-08-28,2.7604,2022-06-02,1,2,股票多头,主观多头,yes,沣京稳健八期私募证券投资基金,,,null_nav_date,yes,沣京稳健八期私募证券投资基金,正在运作,,沣京资本管理（北京）有限公司,in_table_null_latest_nav_date
SVP565,星际德韬私募证券投资基金,星际德韬,长兴星际,2026-08-28,1.574,2022-05-24,1,2,股票对冲,股票多空,yes,星际德韬私募证券投资基金,,,null_nav_date,yes,星际德韬私募证券投资基金,正在运作,,长兴星际私募基金管理有限公司,in_table_null_latest_nav_date
SVP401,中舍明径一号私募证券投资基金,中舍明径一号,杭州中舍资管,2026-08-28,0.932,2022-04-29,1,2,期货策略,量化期货,yes,中舍明径一号私募证券投资基金,,,null_nav_date,yes,中舍明径一号私募证券投资基金,正在运作,,杭州中舍资产管理有限公司,in_table_null_latest_nav_date
SVL634,传山中证500指数增强1号私募证券投资基金,传山中证500指数增强1号,广州传山,2026-08-28,1.1746,2022-04-25,1,2,股票多头,500指增,yes,传山中证500指数增强1号私募证券投资基金,,,null_nav_date,yes,传山中证500指数增强1号私募证券投资基金,正在运作,,广州传山私募基金管理有限公司,in_table_null_latest_nav_date
SVJ908,贡戛之春私募证券投资基金,贡戛之春,上海贡戛,2026-08-28,1.3805,2022-03-31,1,2,股票多头,主观多头,yes,贡戛之春私募证券投资基金,,,null_nav_date,yes,贡戛之春私募证券投资基金,正在运作,,上海贡戛私募基金管理有限公司,in_table_null_latest_nav_date
SVH579,罗爵6号私募证券投资基金,罗爵6号,广州罗爵,2026-08-28,2.2121,2022-03-29,1,2,股票多头,主观多头,yes,罗爵6号私募证券投资基金,,,null_nav_date,yes,罗爵6号私募证券投资基金,正在运作,,广州市罗爵私募证券投资基金管理有限公司,in_table_null_latest_nav_date
SVH417,汉马山谷无为稳健型FOF私募证券投资基金,汉马山谷无为稳健型FOF,广州汉马,2026-08-28,1.4407,2022-03-24,1,2,组合策略,FOF,yes,汉马山谷无为稳健型FOF私募证券投资基金,,,null_nav_date,yes,汉马山谷无为稳健型FOF私募证券投资基金,正在运作,,广州汉马私募基金管理有限公司,in_table_null_latest_nav_date
SVH389,聚象标普500指数增强私募证券投资基金,聚象标普500指数增强,厦门聚象,2026-08-28,1.48,2022-03-21,1,2,股票多头,500指增,yes,聚象标普500指数增强私募证券投资基金,,,null_nav_date,yes,聚象标普500指数增强私募证券投资基金,正在运作,,厦门聚象私募基金管理合伙企业（有限合伙）,in_table_null_latest_nav_date
SVH072,罗爵5号私募证券投资基金,罗爵5号,广州罗爵,2026-08-28,2.2177,2022-03-24,1,2,股票多头,主观多头,yes,罗爵5号私募证券投资基金,,,null_nav_date,yes,罗爵5号私募证券投资基金,正在运作,,广州市罗爵私募证券投资基金管理有限公司,in_table_null_latest_nav_date
SVG391,千象成长56号私募证券投资基金,千象成长56号,上海千象资产,2026-08-28,1.0322,2025-12-11,1,2,期货策略,,yes,千象成长56号私募证券投资基金,,,null_nav_date,yes,千象成长56号私募证券投资基金,正在运作,私募证券投资基金,上海千象资产管理有限公司,in_table_null_latest_nav_date
SVE916,翀云海川进取私募证券投资基金,翀云海川进取,上海翀云,2026-08-28,1.7006,2022-03-11,1,2,股票多头,主观多头,yes,翀云海川进取私募证券投资基金,,,null_nav_date,yes,翀云海川进取私募证券投资基金,正在运作,,上海翀云私募基金管理有限公司,in_table_null_latest_nav_date
SVD553,智领荔斌1号私募证券投资基金,智领荔斌1号,福州智领三联,2026-08-28,1.3743,2022-08-12,1,2,股票多头,量化选股,yes,智领荔斌1号私募证券投资基金,,,null_nav_date,yes,智领荔斌1号私募证券投资基金,正在运作,,福州高新区智领三联私募基金管理有限公司,in_table_null_latest_nav_date
SVA183,创亮明德全天候私募证券投资基金,创亮明德全天候,重庆创亮明德,2026-08-28,1.4013,2022-02-25,1,2,多资产策略,复合策略,yes,创亮明德全天候私募证券投资基金,,,null_nav_date,yes,创亮明德全天候私募证券投资基金,正在运作,,重庆创亮明德私募证券投资基金管理有限公司,in_table_null_latest_nav_date
SU103C,天戈恒锐16号私募证券投资基金C类份额,天戈恒锐16号C类,上海天戈投资,2026-08-28,0.9278,2021-09-23,1,2,股票多头,主观多头,no,,,,not_in_table,no,,,,,not_in_private_fund_info
STX274,希尔机构日享1号私募证券投资基金,希尔机构日享1号,成都希尔,2026-08-28,1.2632,2022-08-02,1,2,债券策略,债券复合,yes,希尔机构日享1号私募证券投资基金,,,null_nav_date,yes,希尔机构日享1号私募证券投资基金,正在运作,,成都希尔私募基金管理有限公司,in_table_null_latest_nav_date
STW827,砚博乘风量化5号私募证券投资基金,砚博乘风量化5号,深圳前海砚博乘风资管,2026-08-28,0.9968,2022-07-12,1,2,股票多头,量化选股,yes,砚博乘风量化5号私募证券投资基金,,,null_nav_date,yes,砚博乘风量化5号私募证券投资基金,正在运作,,深圳前海砚博乘风资产管理有限公司,in_table_null_latest_nav_date
STW462,罗爵4号私募证券投资基金,罗爵4号,广州罗爵,2026-08-28,2.2425,2022-02-21,1,2,股票多头,主观多头,yes,罗爵4号私募证券投资基金,,,null_nav_date,yes,罗爵4号私募证券投资基金,正在运作,,广州市罗爵私募证券投资基金管理有限公司,in_table_null_latest_nav_date
STV770,秋水高通ETF轮动套利1号私募证券投资基金,秋水高通ETF轮动套利1号,上海秋水高通,2026-08-28,1.6319,2022-01-24,1,2,债券策略,信用债,yes,秋水高通ETF轮动套利1号私募证券投资基金,,,null_nav_date,yes,秋水高通ETF轮动套利1号私募证券投资基金,正在运作,,秋水高通私募基金管理（上海）有限公司,in_table_null_latest_nav_date
STU951,复胜盛世一号私募证券投资基金,复胜盛世一号,上海复胜资管,2026-08-28,1.7456,2022-02-15,1,2,股票多头,主观多头,yes,复胜盛世一号私募证券投资基金,,,null_nav_date,yes,复胜盛世一号私募证券投资基金,正在运作,,上海复胜资产管理合伙企业（有限合伙）,in_table_null_latest_nav_date
STU399,宁远通达1号私募证券投资基金,宁远通达1号,北京宁远,2026-08-28,1.7955,2022-01-19,1,2,多资产策略,复合策略,yes,宁远通达1号私募证券投资基金,,,null_nav_date,yes,宁远通达1号私募证券投资基金,正在运作,,北京宁远私募基金管理有限公司,in_table_null_latest_nav_date
STS356,鼎鬲资本全辰组合2号私募证券投资基金,鼎鬲资本全辰组合2号,北京鼎鬲资管,2026-08-28,1.077,2022-06-29,1,2,股票多头,主观多头,yes,鼎鬲资本全辰组合2号私募证券投资基金,,,null_nav_date,yes,鼎鬲资本全辰组合2号私募证券投资基金,正在运作,,北京鼎鬲资本管理有限公司,in_table_null_latest_nav_date
STQ228,复通虎扑量化一号私募证券投资基金,复通虎扑量化一号,山东复通,2026-08-28,0.7911,2022-01-17,1,2,股票多头,1000指增,yes,复通虎扑量化一号私募证券投资基金,,,null_nav_date,yes,复通虎扑量化一号私募证券投资基金,正在运作,,复通（山东）私募投资基金管理有限公司,in_table_null_latest_nav_date
STN228,臻选石门一号私募证券投资基金,臻选石门一号,海南臻选,2026-08-28,1.375,2021-12-22,1,2,组合策略,FOF,yes,臻选石门一号私募证券投资基金,,,null_nav_date,yes,臻选石门一号私募证券投资基金,正在运作,,臻选（海南）私募基金管理有限公司,in_table_null_latest_nav_date
STL927,证道嘉汇1号私募证券投资基金,证道嘉汇1号,厦门证道,2026-08-28,0.8773,2022-02-14,1,2,股票多头,主观多头,yes,证道嘉汇1号私募证券投资基金,,,null_nav_date,yes,证道嘉汇1号私募证券投资基金,正在运作,,厦门证道私募基金管理有限公司,in_table_null_latest_nav_date
STL354,证道点复1号私募证券投资基金,证道点复1号,厦门证道,2026-08-28,1.194,2022-01-07,1,2,股票对冲,股票T0,yes,证道点复1号私募证券投资基金,,,null_nav_date,yes,证道点复1号私募证券投资基金,正在运作,,厦门证道私募基金管理有限公司,in_table_null_latest_nav_date
STK219,银杏善投1号私募证券投资基金,银杏善投1号,上海银杏,2026-08-28,0.9583,2022-02-25,1,2,套利策略,期货套利,yes,银杏善投1号私募证券投资基金,,,null_nav_date,yes,银杏善投1号私募证券投资基金,正在运作,,上海银杏私募基金管理有限公司,in_table_null_latest_nav_date
STE859,橡红价值领航1号私募证券投资基金,橡红价值领航1号,上海橡红,2026-08-28,0.7803,2021-11-24,1,2,股票多头,主观多头,yes,橡红价值领航1号私募证券投资基金,,,null_nav_date,yes,橡红价值领航1号私募证券投资基金,正在运作,,上海橡红私募基金管理有限公司,in_table_null_latest_nav_date
ST8788,兆元大类资产配置1期私募基金,兆元大类资产配置1期,北京兆元投资咨询,2026-08-28,2.0952,2017-08-11,1,2,组合策略,FOF,yes,兆元大类资产配置1期私募基金,,,null_nav_date,yes,兆元大类资产配置1期私募基金,正在运作,,北京兆元投资咨询有限公司,in_table_null_latest_nav_date
ST3288,红孩尔凯旋3号私募证券投资基金,红孩尔凯旋3号,广州红孩尔,2026-08-28,1.3603,2020-05-11,1,2,股票多头,主观多头,yes,红孩尔凯旋3号私募证券投资基金,,,null_nav_date,yes,红孩尔凯旋3号私募证券投资基金,正在运作,,广州红孩尔私募证券投资基金管理有限公司,in_table_null_latest_nav_date
SSZ913,银乾春华秋实一号私募证券投资基金,银乾春华秋实一号,杭州银乾,2026-08-28,1.6056,2021-10-19,1,2,股票多头,主观多头,yes,银乾春华秋实一号私募证券投资基金,,,null_nav_date,yes,银乾春华秋实一号私募证券投资基金,正在运作,,杭州银乾私募基金管理有限公司,in_table_null_latest_nav_date
SSY002,复通鲲鹏价值CTA2号私募证券投资基金,复通鲲鹏价值CTA2号,山东复通,2026-08-28,0.7173,2021-11-05,1,2,期货策略,主观期货,yes,复通鲲鹏价值CTA2号私募证券投资基金,,,null_nav_date,yes,复通鲲鹏价值CTA2号私募证券投资基金,正在运作,私募证券投资基金,复通（山东）私募投资基金管理有限公司,in_table_null_latest_nav_date
SSX220,璞宏阳光一号私募证券投资基金,璞宏阳光一号,上海璞宏,2026-08-28,6.6741,2021-10-19,1,2,多资产策略,复合策略,yes,璞宏阳光一号私募证券投资基金,,,null_nav_date,yes,璞宏阳光一号私募证券投资基金,正在运作,,上海璞宏私募基金管理有限公司,in_table_null_latest_nav_date
SSW838,磬晟红利低波1号私募证券投资基金,磬晟红利低波1号,上海磬晟,2026-08-28,1.4183,2021-10-11,1,2,股票多头,红利指增,yes,磬晟红利低波1号私募证券投资基金,,,null_nav_date,yes,磬晟红利低波1号私募证券投资基金,正在运作,,上海磬晟私募基金管理有限公司,in_table_null_latest_nav_date
SSW422,百利信和创八号私募证券投资基金,百利信和创八号,福州百利信,2026-08-28,1.0206,2021-10-08,1,2,债券策略,信用债,yes,百利信和创八号私募证券投资基金,,,null_nav_date,yes,百利信和创八号私募证券投资基金,正在运作,,福州经济技术开发区百利信私募基金管理有限公司,in_table_null_latest_nav_date
SSW327,尚正价值成长一期私募证券投资基金,尚正价值成长一期,北京尚正,2026-08-28,1.6437,2021-10-13,1,2,股票多头,主观多头,yes,尚正价值成长一期私募证券投资基金,,,null_nav_date,yes,尚正价值成长一期私募证券投资基金,正在运作,,北京尚正私募基金管理有限公司,in_table_null_latest_nav_date
SSM567,翀云海跃成长智选1期私募证券投资基金,翀云海跃成长智选1期,上海翀云,2026-08-28,1.3674,2021-08-24,1,2,股票多头,主观多头,yes,翀云海跃成长智选1期私募证券投资基金,,,null_nav_date,yes,翀云海跃成长智选1期私募证券投资基金,正在运作,,上海翀云私募基金管理有限公司,in_table_null_latest_nav_date
SSL696,翀云海跃成长私募证券投资母基金,翀云海跃成长私募母基金,上海翀云,2026-08-28,1.8801,2021-08-24,1,2,组合策略,FOF,yes,翀云海跃成长私募证券投资母基金,,,null_nav_date,yes,翀云海跃成长私募证券投资母基金,正在运作,,上海翀云私募基金管理有限公司,in_table_null_latest_nav_date
SSG483,国标价值发现信任一号私募证券投资基金,国标价值发现信任一号,杭州国标资管,2026-08-28,1.6313,2021-08-04,1,2,股票多头,主观多头,yes,国标价值发现信任一号私募证券投资基金,,,null_nav_date,yes,国标价值发现信任一号私募证券投资基金,正在运作,,国标资产管理(杭州)有限公司,in_table_null_latest_nav_date
SSE970,留仁鎏金二十七号私募证券投资基金,留仁鎏金二十七号,上海留仁资产,2026-08-28,1.2327,2022-02-08,1,2,股票多头,主观多头,yes,留仁鎏金二十七号私募证券投资基金,,,null_nav_date,yes,留仁鎏金二十七号私募证券投资基金,正在运作,,上海留仁资产管理有限公司,in_table_null_latest_nav_date
SQZ691,汇天利核心优选私募证券投资基金,汇天利核心优选,广东汇天利,2026-08-28,1.212,2021-07-15,1,2,其他,,yes,汇天利核心优选私募证券投资基金,,,null_nav_date,yes,汇天利核心优选私募证券投资基金,正在运作,,广东汇天利私募基金管理有限公司,in_table_null_latest_nav_date
SQZ121,九鞅禾丰二十一号私募证券投资基金,九鞅禾丰二十一号,上海九鞅投资,2026-08-28,1.1575,2021-07-22,1,2,股票对冲,股票市场中性,yes,九鞅禾丰二十一号私募证券投资基金,,,null_nav_date,yes,九鞅禾丰二十一号私募证券投资基金,正在运作,,上海九鞅投资管理合伙企业（有限合伙）,in_table_null_latest_nav_date
SQX930,钜融达诚1号私募证券投资基金,钜融达诚1号,中海外钜融资管,2026-08-28,1.4477,2021-07-26,1,2,股票多头,量化选股,yes,钜融达诚1号私募证券投资基金,,,null_nav_date,yes,钜融达诚1号私募证券投资基金,正在运作,,中海外钜融资产管理集团有限公司,in_table_null_latest_nav_date
SQR021,博芮远望私募证券投资基金,博芮远望,厦门博芮东方投资,2026-08-28,1.2956,2021-06-10,1,2,股票多头,主观多头,yes,博芮远望私募证券投资基金,,,null_nav_date,yes,博芮远望私募证券投资基金,正在运作,,厦门博芮东方投资管理有限公司,in_table_null_latest_nav_date
SQQ039,澄明平凡3号私募证券投资基金,澄明平凡3号,北京澄明,2026-08-28,1.9191,2021-06-01,1,2,股票多头,主观多头,yes,澄明平凡3号私募证券投资基金,,,null_nav_date,yes,澄明平凡3号私募证券投资基金,正在运作,,北京澄明私募基金管理有限公司,in_table_null_latest_nav_date
SQL059,沐盛朝阳稳进1号私募证券投资基金,沐盛朝阳稳进1号,湖南沐盛,2026-08-28,1.9834,2021-04-27,1,2,股票多头,主观多头,yes,沐盛朝阳稳进1号私募证券投资基金,,,null_nav_date,yes,沐盛朝阳稳进1号私募证券投资基金,正在运作,,湖南沐盛私募基金有限公司,in_table_null_latest_nav_date
SQJ341,今通金牛旭日中性私募证券投资基金,今通金牛旭日中性,上海今通投资,2026-08-28,1.5489,2021-04-06,1,2,股票对冲,股票市场中性,yes,今通金牛旭日中性私募证券投资基金,,,null_nav_date,yes,今通金牛旭日中性私募证券投资基金,正在运作,,上海今通投资管理有限公司,in_table_null_latest_nav_date
SQJ134,六妙星大圣乐量化私募证券投资基金,六妙星大圣乐量化,北京六妙星,2026-08-28,1.6295,2021-04-08,1,2,股票多头,主观多头,yes,六妙星大圣乐量化私募证券投资基金,,,null_nav_date,yes,六妙星大圣乐量化私募证券投资基金,正在运作,,六妙星（北京）私募基金管理有限公司,in_table_null_latest_nav_date
SQB676,霖海长泽海涛证券私募投资基金,霖海长泽海涛,上海霖海投资,2026-08-28,0.98,2021-03-11,1,2,股票多头,1000指增,yes,霖海长泽海涛证券私募投资基金,,,null_nav_date,yes,霖海长泽海涛证券私募投资基金,正在运作,,霖海投资管理（上海）有限公司,in_table_null_latest_nav_date
SQB407,探普宏观量化资产配置1号私募证券投资基金,探普宏观量化资产配置1号,上海探普久盈,2026-08-28,1.0383,2021-03-02,1,2,组合策略,FOF,yes,探普宏观量化资产配置1号私募证券投资基金,,,null_nav_date,yes,探普宏观量化资产配置1号私募证券投资基金,正在运作,,上海探普久盈私募基金管理有限公司,in_table_null_latest_nav_date
SNZ586,和聚彤辉1号私募证券投资基金,和聚彤辉1号,北京和聚,2026-08-28,2.3972,2021-03-08,1,2,股票多头,主观多头,yes,和聚彤辉1号私募证券投资基金,,,null_nav_date,yes,和聚彤辉1号私募证券投资基金,正在运作,,北京和聚私募基金管理有限公司,in_table_null_latest_nav_date
SNZ321,泓鼎量化1号私募证券投资基金,泓鼎量化1号,海南泓鼎,2026-08-28,2.6904,2021-03-16,1,2,股票多头,量化选股,yes,泓鼎量化1号私募证券投资基金,,,null_nav_date,yes,泓鼎量化1号私募证券投资基金,正在运作,,泓鼎私募基金管理（海南）有限公司,in_table_null_latest_nav_date
SNY302,鹰傲长信私募证券投资基金,鹰傲长信,广州鹰傲,2026-08-28,0.7468,2021-02-24,1,2,股票多头,主观多头,yes,鹰傲长信私募证券投资基金,,,null_nav_date,yes,鹰傲长信私募证券投资基金,正在运作,,广州鹰傲私募证券投资基金管理有限公司,in_table_null_latest_nav_date
SNU008,同心源千里之行CTA一号私募证券投资基金,同心源千里之行CTA一号,北京同心源,2026-08-28,0.805,2021-02-04,1,2,期货策略,量化期货,yes,同心源千里之行CTA一号私募证券投资基金,,,null_nav_date,yes,同心源千里之行CTA一号私募证券投资基金,正在运作,,同心源（北京）私募基金管理有限公司,in_table_null_latest_nav_date
SNT522,鼎世精选私募证券投资基金,鼎世精选,嘉兴鼎世永聚投资,2026-08-28,1.464,2021-05-24,1,2,多资产策略,复合策略,yes,鼎世精选私募证券投资基金,,,null_nav_date,yes,鼎世精选私募证券投资基金,正在运作,,嘉兴鼎世永聚投资管理合伙企业（有限合伙）,in_table_null_latest_nav_date
SNR041,祐益峰金英1号FOF私募证券投资基金,祐益峰金英1号FOF,厦门祐益峰资管,2026-08-28,1.036,2021-01-22,1,2,组合策略,FOF,yes,祐益峰金英1号FOF私募证券投资基金,,,null_nav_date,yes,祐益峰金英1号FOF私募证券投资基金,正在运作,,厦门祐益峰资产管理有限公司,in_table_null_latest_nav_date
SNP601,巴罗俊梅一号私募证券投资基金,巴罗俊梅一号,四川巴罗股权投资,2026-08-28,1.176,2021-01-25,1,2,股票多头,主观多头,yes,巴罗俊梅一号私募证券投资基金,,,null_nav_date,yes,巴罗俊梅一号私募证券投资基金,正在运作,,四川巴罗股权投资基金管理有限公司,in_table_null_latest_nav_date
SNN952,东方创新2号私募证券投资基金,东方创新2号,上海东方创新投资,2026-08-28,1.5054,2021-01-21,1,2,股票多头,主观多头,yes,东方创新2号私募证券投资基金,,,null_nav_date,yes,东方创新2号私募证券投资基金,正在运作,,东方创新（上海）投资管理有限公司,in_table_null_latest_nav_date
SNN539,苏宁富宝金宁7号私募证券投资基金,苏宁富宝金宁7号,南京星斗,2026-08-28,1.3012,2021-01-18,1,2,债券策略,债券复合,yes,苏宁富宝金宁7号私募证券投资基金,,,null_nav_date,yes,苏宁富宝金宁7号私募证券投资基金,正在运作,,南京星斗私募基金管理有限公司,in_table_null_latest_nav_date
SNM328,盛冠达量化多策略2号私募证券投资基金,盛冠达量化多策略2号,海南盛冠达,2026-08-28,1.1975,2020-12-14,1,2,多资产策略,复合策略,yes,盛冠达量化多策略2号私募证券投资基金,,,null_nav_date,yes,盛冠达量化多策略2号私募证券投资基金,正在运作,,海南盛冠达私募基金管理有限公司,in_table_null_latest_nav_date
SNM278,观澜投资稳健1号私募证券投资基金,观澜投资稳健1号,青岛观澜投资,2026-08-28,1.5473,2021-05-14,1,2,债券策略,信用债,yes,观澜投资稳健1号私募证券投资基金,,,null_nav_date,yes,观澜投资稳健1号私募证券投资基金,正在运作,,青岛观澜投资管理有限公司,in_table_null_latest_nav_date
SNM066,双隆拓展1号私募证券投资基金,双隆拓展1号,上海双隆投资,2026-08-28,1.229,2020-12-30,1,2,组合策略,FOF,yes,双隆拓展1号私募证券投资基金,,,null_nav_date,yes,双隆拓展1号私募证券投资基金,正在运作,,上海双隆投资有限公司,in_table_null_latest_nav_date
SNL200,迎水方远多策略1号私募证券投资基金,迎水方远多策略1号,上海迎水投资,2026-08-28,1.6042,2020-12-10,1,2,多资产策略,复合策略,yes,迎水方远多策略1号私募证券投资基金,,,null_nav_date,yes,迎水方远多策略1号私募证券投资基金,正在运作,,上海迎水投资管理有限公司,in_table_null_latest_nav_date
SNG031,具力金箍棒1号私募证券投资基金,具力金箍棒1号,上海具力,2026-08-28,1.1406,2020-12-23,1,2,多资产策略,复合策略,yes,具力金箍棒1号私募证券投资基金,,,null_nav_date,yes,具力金箍棒1号私募证券投资基金,正在运作,,上海具力私募基金管理有限公司,in_table_null_latest_nav_date
SNF195,盛泉恒元中证500指数增强53号私募证券投资基金,盛泉恒元中证500指数增强53号,南京盛泉恒元投资,2026-08-28,2.8286,2021-01-11,1,2,股票多头,500指增,yes,盛泉恒元中证500指数增强53号私募证券投资基金,,,null_nav_date,yes,盛泉恒元中证500指数增强53号私募证券投资基金,正在运作,,南京盛泉恒元投资有限公司,in_table_null_latest_nav_date
SNC004,排排网蜻蜓一号私募证券投资基金,排排网蜻蜓一号,深圳融智,2026-08-28,1.5861,2020-10-27,1,2,组合策略,FOF,yes,排排网蜻蜓一号私募证券投资基金,,,null_nav_date,yes,排排网蜻蜓一号私募证券投资基金,正在运作,,深圳市融智私募证券投资基金管理有限公司,in_table_null_latest_nav_date
SM877C,聚宽城盈尊享1号私募证券投资基金C类份额,聚宽城盈尊享1号C类,北京聚宽投资,2026-08-28,1.3061,2021-09-15,1,2,股票多头,1000指增,no,,,,not_in_table,no,,,,,not_in_private_fund_info
SM3254,磐川二号私募证券投资基金,磐川二号,广州磐川投资,2026-08-28,4.654,2016-09-13,1,2,股票多头,主观多头,yes,磐川二号私募证券投资基金,,,null_nav_date,yes,磐川二号私募证券投资基金,正在运作,,广州磐川投资管理有限公司,in_table_null_latest_nav_date
SLT807,天贝合东方林奇证券私募投资基金,天贝合东方林奇,广东天贝合,2026-08-28,0.742,2020-09-15,1,2,股票多头,主观多头,yes,天贝合东方林奇证券私募投资基金,,,null_nav_date,yes,天贝合东方林奇证券私募投资基金,正在运作,,广东天贝合私募基金管理有限公司,in_table_null_latest_nav_date
SLM933,盛泉恒元量化套利31号私募证券投资基金,盛泉恒元量化套利31号,南京盛泉恒元投资,2026-08-28,1.4334,2020-08-26,1,2,套利策略,混合套利,yes,盛泉恒元量化套利31号私募证券投资基金,,,null_nav_date,yes,盛泉恒元量化套利31号私募证券投资基金,正在运作,,南京盛泉恒元投资有限公司,in_table_null_latest_nav_date
SLM705,恒盈周期灵魂1号私募证券投资基金,恒盈周期灵魂1号,深圳恒盈富达资管,2026-08-28,2.945,2020-09-17,1,2,股票多头,主观多头,yes,恒盈周期灵魂1号私募证券投资基金,,,null_nav_date,yes,恒盈周期灵魂1号私募证券投资基金,正在运作,,深圳市恒盈富达资产管理有限公司,in_table_null_latest_nav_date
SLM098,余弦1号私募证券投资基金,余弦1号,杭州余弦投资,2026-08-28,1.045,2020-08-10,1,2,多资产策略,宏观策略,yes,余弦1号私募证券投资基金,,,null_nav_date,yes,余弦1号私募证券投资基金,正在运作,,杭州余弦投资管理有限公司,in_table_null_latest_nav_date
SLG771,鼎泰四方稳健1号私募证券投资基金,鼎泰四方稳健1号,深圳鼎泰四方,2026-08-28,2.315,2020-06-22,1,2,股票多头,主观多头,yes,鼎泰四方稳健1号私募证券投资基金,,,null_nav_date,yes,鼎泰四方稳健1号私募证券投资基金,正在运作,,鼎泰四方（深圳）私募证券基金管理有限公司,in_table_null_latest_nav_date
SLG429,嘉运天诚世园6号私募证券投资基金,嘉运天诚世园6号,湖南嘉运天诚,2026-08-28,3.9529,2020-07-15,1,2,股票多头,主观多头,yes,嘉运天诚世园6号私募证券投资基金,,,null_nav_date,yes,嘉运天诚世园6号私募证券投资基金,正在运作,,湖南嘉运天诚私募基金管理有限公司,in_table_null_latest_nav_date
SLF032,同亨财掌柜持股宝二十三号私募证券投资基金,同亨财掌柜持股宝二十三号,福建省同亨投资,2026-08-28,2.645,2020-06-17,1,2,股票对冲,股票多空,yes,同亨财掌柜持股宝二十三号私募证券投资基金,,,null_nav_date,yes,同亨财掌柜持股宝二十三号私募证券投资基金,正在运作,,福建省同亨投资管理有限公司,in_table_null_latest_nav_date
SK1216,新方程大类配置基金,新方程大类配置基金,上海新方程,2026-08-28,2.0213,2016-07-14,1,2,组合策略,FOF,yes,新方程大类配置基金,,,null_nav_date,yes,新方程大类配置基金,正在运作,,上海新方程私募基金管理有限公司,in_table_null_latest_nav_date
SJZ907,汇创璟润创世私募证券投资基金,汇创璟润创世,宁波汇创资管,2026-08-28,0.921,2020-05-11,1,2,股票多头,主观多头,yes,汇创璟润创世私募证券投资基金,,,null_nav_date,yes,汇创璟润创世私募证券投资基金,正在运作,,宁波汇创资产管理有限公司,in_table_null_latest_nav_date
SJY718,盛泉恒元量化套利27号私募证券投资基金,盛泉恒元量化套利27号,南京盛泉恒元投资,2026-08-28,1.5515,2020-06-16,1,2,套利策略,混合套利,yes,盛泉恒元量化套利27号私募证券投资基金,,,null_nav_date,yes,盛泉恒元量化套利27号私募证券投资基金,正在运作,,南京盛泉恒元投资有限公司,in_table_null_latest_nav_date
SJW904,博芮东方价值2号私募证券投资基金,博芮东方价值2号,厦门博芮东方投资,2026-08-28,1.343,2020-03-24,1,2,股票多头,主观多头,yes,博芮东方价值2号私募证券投资基金,,,null_nav_date,yes,博芮东方价值2号私募证券投资基金,正在运作,,厦门博芮东方投资管理有限公司,in_table_null_latest_nav_date
SJV997,昶元6号私募证券投资基金,昶元6号,上海昶元投资,2026-08-28,2.373,2020-07-09,1,2,股票多头,主观多头,yes,昶元6号私募证券投资基金,,,null_nav_date,yes,昶元6号私募证券投资基金,正在运作,,上海昶元投资管理有限公司,in_table_null_latest_nav_date
SJU548,启元朗帝专享1号私募证券投资基金,启元朗帝专享1号,温州启元资管,2026-08-28,1.0683,2020-03-27,1,2,组合策略,FOF,yes,启元朗帝专享1号私募证券投资基金,,,null_nav_date,yes,启元朗帝专享1号私募证券投资基金,正在运作,,温州启元资产管理有限公司,in_table_null_latest_nav_date
SJR679,厦门言起博士一号私募证券投资基金,厦门言起博士一号,厦门言起投资,2026-08-28,1.2115,2020-02-20,1,2,套利策略,期权套利,yes,厦门言起博士一号私募证券投资基金,,,null_nav_date,yes,厦门言起博士一号私募证券投资基金,正在运作,,厦门言起投资管理有限公司,in_table_null_latest_nav_date
SJQ508,致同道合证券投资私募基金一期,致同道合一期,上海致同投资,2026-08-28,1.7761,2020-02-07,1,2,多资产策略,宏观策略,yes,致同道合证券投资私募基金一期,,,null_nav_date,yes,致同道合证券投资私募基金一期,正在运作,,上海致同投资管理有限公司,in_table_null_latest_nav_date
SJN881,格量多策略5号私募证券投资基金,格量多策略5号,上海格量资管,2026-08-28,1.2798,2020-01-06,1,2,期货策略,量化期货,yes,格量多策略5号私募证券投资基金,,,null_nav_date,yes,格量多策略5号私募证券投资基金,正在运作,,上海格量资产管理有限公司,in_table_null_latest_nav_date
SJH343,梵海成长1号私募证券投资基金,梵海成长1号,内蒙古梵海投资,2026-08-28,0.9,2020-02-12,1,2,股票多头,主观多头,yes,梵海成长1号私募证券投资基金,,,null_nav_date,yes,梵海成长1号私募证券投资基金,正在运作,,内蒙古梵海投资管理有限公司,in_table_null_latest_nav_date
SJF364,浦来德我心光明指数增强私募证券投资基金,浦来德我心光明指数增强,北京浦来德资管,2026-08-28,1.522,2019-11-19,1,2,股票对冲,股票多空,yes,浦来德我心光明对冲6号私募证券投资基金,,,null_nav_date,yes,浦来德我心光明指数增强私募证券投资基金,正在运作,,浙江浦来德私募基金有限公司,in_table_null_latest_nav_date
SJF011,博闻竞选二号私募证券投资基金,博闻竞选二号,深圳博闻投资,2026-08-28,1.2353,2019-11-12,1,2,股票多头,主观多头,yes,博闻竞选二号私募证券投资基金,,,null_nav_date,yes,博闻竞选二号私募证券投资基金,正在运作,,深圳市博闻投资管理有限公司,in_table_null_latest_nav_date
SJE163,诺鼎季风价值5号私募证券投资基金,诺鼎季风价值5号,重庆诺鼎资管,2026-08-28,1.733,2019-10-08,1,2,股票多头,主观多头,yes,诺鼎季风价值5号私募证券投资基金,,,null_nav_date,yes,诺鼎季风价值5号私募证券投资基金,正在运作,,重庆诺鼎资产管理有限公司,in_table_null_latest_nav_date
SJB011,申毅瑞禾量化1号私募证券投资基金,申毅瑞禾量化1号,上海申毅投资,2026-08-28,1.7315,2019-12-09,1,2,股票对冲,股票市场中性,yes,申毅瑞禾量化1号私募证券投资基金,,,null_nav_date,yes,申毅瑞禾量化1号私募证券投资基金,正在运作,,上海申毅投资股份有限公司,in_table_null_latest_nav_date
SJA112,爱凡哲九号私募证券投资基金,爱凡哲九号,爱凡哲投资,2026-08-28,1.057,2019-09-02,1,2,套利策略,期货套利,yes,爱凡哲九号私募证券投资基金,,,null_nav_date,yes,爱凡哲九号私募证券投资基金,正在运作,,爱凡哲投资管理有限公司,in_table_null_latest_nav_date
SJ7586,少数派天天宝1号私募证券投资基金,少数派天天宝1号,上海少薮派投资,2026-08-28,1.0469,2016-05-12,1,2,股票多头,主观多头,yes,少数派天天宝1号私募证券投资基金,,,null_nav_date,yes,少数派天天宝1号私募证券投资基金,正在运作,,上海少薮派投资管理有限公司,in_table_null_latest_nav_date
SGY659,嗣盈4号私募证券投资基金,嗣盈4号,广州嗣盈,2026-08-28,1.3256,2019-08-20,1,2,债券策略,信用债,yes,嗣盈4号私募证券投资基金,,,null_nav_date,yes,嗣盈4号私募证券投资基金,正在运作,,广州嗣盈私募基金管理有限公司,in_table_null_latest_nav_date
SGX549,和御玮尔1号私募证券投资基金,和御玮尔1号,宁波和御,2026-08-28,1.3623,2019-08-28,1,2,组合策略,FOF,yes,和御玮尔1号私募证券投资基金,,,null_nav_date,yes,和御玮尔1号私募证券投资基金,正在运作,,宁波和御私募基金管理有限公司,in_table_null_latest_nav_date
SGW925,久期量和多空1号私募证券投资基金,久期量和多空1号,上海久期量和投资,2026-08-28,1.154,2019-07-22,1,2,股票对冲,股票多空,yes,久期量和多空1号私募证券投资基金,,,null_nav_date,yes,久期量和多空1号私募证券投资基金,正在运作,,上海久期量和投资有限公司,in_table_null_latest_nav_date
SGW248,中益仁龙山1号私募证券投资基金,中益仁龙山1号,日照中益仁,2026-08-28,3.0955,2019-09-19,1,2,股票多头,主观多头,yes,中益仁龙山1号私募证券投资基金,,,null_nav_date,yes,中益仁龙山1号私募证券投资基金,正在运作,,日照中益仁私募基金管理有限公司,in_table_null_latest_nav_date
SGP213,汇鸿星汇专项组合1号私募证券投资基金,汇鸿星汇专项组合1号,江苏苏豪汇升,2026-08-28,1.3082,2019-05-21,1,2,多资产策略,复合策略,yes,汇鸿星汇专项组合1号私募证券投资基金,,,null_nav_date,yes,汇鸿星汇专项组合1号私募证券投资基金,正在运作,,江苏苏豪汇升私募基金管理有限公司,in_table_null_latest_nav_date
SGL274,一村逍遥游私募证券投资基金,一村逍遥游,上海承壹,2026-08-28,1.2129,2020-08-13,1,2,多资产策略,复合策略,yes,一村逍遥游私募证券投资基金,,,null_nav_date,yes,一村逍遥游私募证券投资基金,正在运作,,上海承壹私募基金管理有限公司,in_table_null_latest_nav_date
SGG170,交睿宏珀1号私募证券投资基金,交睿宏珀1号,上海交睿,2026-08-28,1.6438,2019-03-29,1,2,多资产策略,宏观策略,yes,交睿宏珀1号私募证券投资基金,,,null_nav_date,yes,交睿宏珀1号私募证券投资基金,正在运作,,上海交睿私募基金管理有限公司,in_table_null_latest_nav_date
SGB762,翊安厦担可转债1号私募证券投资基金,翊安厦担可转债1号,上海翊安投资,2026-08-28,1.28,2023-05-18,1,2,股票多头,可转债多头,yes,翊安厦担可转债1号私募证券投资基金,,,null_nav_date,yes,翊安厦担可转债1号私募证券投资基金,正在运作,,翊安（上海）投资有限公司,in_table_null_latest_nav_date
SEX315,盛泉恒元量化套利11号私募证券投资基金,盛泉恒元量化套利11号,南京盛泉恒元投资,2026-08-28,1.3799,2019-01-22,1,2,套利策略,混合套利,yes,盛泉恒元量化套利11号私募证券投资基金,,,null_nav_date,yes,盛泉恒元量化套利11号私募证券投资基金,正在运作,,南京盛泉恒元投资有限公司,in_table_null_latest_nav_date
SEJ654,泽玺量化1号私募证券投资基金,泽玺量化1号,上海泽玺资管,2026-08-28,2.7513,2018-08-15,1,2,多资产策略,复合策略,yes,泽玺量化1号私募证券投资基金,,,null_nav_date,yes,泽玺量化1号私募证券投资基金,正在运作,,上海泽玺资产管理有限公司,in_table_null_latest_nav_date
SEG244,东方富银命运1号私募证券投资基金,东方富银命运1号,深圳东方富银投资,2026-08-28,1.2518,2018-08-22,1,2,套利策略,可转债套利,yes,东方富银命运1号可转债混合型私募投资基金,,,null_nav_date,yes,东方富银命运1号私募证券投资基金,正在运作,,深圳市东方富银投资管理有限公司,in_table_null_latest_nav_date
SEF597,福融通厚德1号私募证券投资基金,福融通厚德1号,厦门福融通资管,2026-08-28,2.0132,2018-08-14,1,2,股票多头,主观多头,yes,福融通厚德1号私募证券投资基金,,,null_nav_date,yes,福融通厚德1号私募证券投资基金,正在运作,,厦门福融通资产管理有限公司,in_table_null_latest_nav_date
SEE869,毓颜10号私募证券投资基金,毓颜10号,杭州毓颜投资,2026-08-28,1.469,2018-08-20,1,2,期货策略,量化期货,yes,毓颜10号私募证券投资基金,,,null_nav_date,yes,毓颜10号私募证券投资基金,正在运作,,杭州毓颜投资管理有限公司,in_table_null_latest_nav_date
SEE184,盛泉恒元量化套利12号专项私募证券投资基金,盛泉恒元量化套利12号专项,南京盛泉恒元投资,2026-08-28,1.3853,2018-08-28,1,2,套利策略,股票套利,yes,盛泉恒元量化套利12号专项私募证券投资基金,,,null_nav_date,yes,盛泉恒元量化套利12号专项私募证券投资基金,正在运作,,南京盛泉恒元投资有限公司,in_table_null_latest_nav_date
SE970A,留仁鎏金二十七号私募证券投资基金A类份额,留仁鎏金二十七号A类,上海留仁资产,2026-08-28,1.2328,2022-02-08,1,2,股票多头,主观多头,no,,,,not_in_table,no,,,,,not_in_private_fund_info
SD963B,聚宽定制二十七号私募证券投资基金B类份额,聚宽定制二十七号B类,北京聚宽投资,2026-08-28,0.9702,2021-07-21,1,2,股票多头,量化选股,no,,,,not_in_table,no,,,,,not_in_private_fund_info
SCQ869,展博多策略2号-C私募证券投资基金,展博多策略2号-C,深圳展博投资,2026-08-28,0.915,2019-04-02,1,2,股票多头,主观多头,yes,展博多策略2号-C私募证券投资基金,,,null_nav_date,yes,展博多策略2号-C私募证券投资基金,正在运作,,深圳展博投资管理有限公司,in_table_null_latest_nav_date
SCK109,济桓进取2号私募投资基金,济桓进取2号,上海济桓投资,2026-08-28,2.132,2018-04-10,1,2,多资产策略,复合策略,yes,济桓进取2号私募投资基金,,,null_nav_date,yes,济桓进取2号私募投资基金,正在运作,,上海济桓投资管理有限公司,in_table_null_latest_nav_date
SCG028,复胜盛业二号C期私募投资基金,复胜盛业二号C期,上海复胜资管,2026-08-28,5.445,2018-02-01,1,2,股票多头,主观多头,yes,复胜盛业二号C期私募投资基金,,,null_nav_date,yes,复胜盛业二号C期私募投资基金,正在运作,,上海复胜资产管理合伙企业（有限合伙）,in_table_null_latest_nav_date
SCF808,卓银西子1号私募证券投资基金,卓银西子1号,上海卓银,2026-08-28,0.9719,2026-07-16,1,2,股票多头,,yes,卓银西子1号私募证券投资基金,,,null_nav_date,yes,卓银西子1号私募证券投资基金,正在运作,,上海卓银私募基金管理合伙企业（有限合伙）,in_table_null_latest_nav_date
SCF418,源乐晟悦享新晟1号私募证券投资基金,源乐晟悦享新晟1号,西藏源乐晟资管,2026-08-28,4.591,2018-03-02,1,2,股票多头,主观多头,yes,源乐晟悦享新晟1号私募证券投资基金,,,null_nav_date,yes,源乐晟悦享新晟1号私募证券投资基金,正在运作,,西藏源乐晟资产管理有限公司,in_table_null_latest_nav_date
SCA187,磐耀永达私募证券投资基金,磐耀永达,上海磐耀资管,2026-08-28,1.012,2019-04-03,1,2,股票多头,主观多头,yes,磐耀永达私募证券投资基金,,,null_nav_date,yes,磐耀永达私募证券投资基金,正在运作,,上海磐耀资产管理有限公司,in_table_null_latest_nav_date
SBVW91,东源投资乐源2号私募证券投资基金,东源投资乐源2号,天津东源投资,2026-08-28,1.0456,2026-04-16,1,2,期权策略,场内期权,yes,东源投资乐源2号私募证券投资基金,,,null_nav_date,yes,东源投资乐源2号私募证券投资基金,正在运作,私募证券投资基金,东源（天津）股权投资基金管理股份有限公司,in_table_null_latest_nav_date
SBUT89,大岩量化价值精选1号私募证券投资基金,大岩量化价值精选1号,珠海嘉石大岩,2026-08-28,1.0362,2026-04-03,1,2,股票对冲,,yes,大岩量化价值精选1号私募证券投资基金,,,null_nav_date,yes,大岩量化价值精选1号私募证券投资基金,正在运作,私募证券投资基金,珠海嘉石大岩私募证券基金管理有限公司,in_table_null_latest_nav_date
SBUD21,今通金丹千里马进取私募证券投资基金,今通金丹千里马进取,上海今通投资,2026-08-28,0.9649,2026-03-20,1,2,股票多头,1000指增,yes,今通金丹千里马进取私募证券投资基金,,,null_nav_date,yes,今通金丹千里马进取私募证券投资基金,正在运作,私募证券投资基金,上海今通投资管理有限公司,in_table_null_latest_nav_date
SBSY37,今通赤兔红利进取5号私募证券投资基金,今通赤兔红利进取5号,上海今通投资,2026-08-28,1.0076,2026-03-24,1,2,股票多头,红利指增,yes,今通赤兔红利进取5号私募证券投资基金,,,null_nav_date,yes,今通赤兔红利进取5号私募证券投资基金,正在运作,私募证券投资基金,上海今通投资管理有限公司,in_table_null_latest_nav_date
SBRU13,长承美犀私募证券投资基金,长承美犀,深圳市长承,2026-08-28,0.67,2026-02-11,1,2,股票多头,,yes,长承美犀私募证券投资基金,,,null_nav_date,yes,长承美犀私募证券投资基金,正在运作,私募证券投资基金,深圳市长承私募证券基金管理有限公司,in_table_null_latest_nav_date
SBRT04,臻宜秋实壹号FOF私募证券投资基金,臻宜秋实壹号FOF,上海臻宜投资,2026-08-28,0.9699,2026-03-19,1,2,组合策略,FOF,yes,臻宜秋实壹号FOF私募证券投资基金,,,null_nav_date,yes,臻宜秋实壹号FOF私募证券投资基金,正在运作,私募证券投资基金,上海臻宜投资管理有限公司,in_table_null_latest_nav_date
SBRS72,臻财长河1号私募证券投资基金,臻财长河1号,上海臻财,2026-08-28,0.916,2026-02-11,1,2,期货策略,量化期货,yes,臻财长河1号私募证券投资基金,,,null_nav_date,yes,臻财长河1号私募证券投资基金,正在运作,私募证券投资基金,上海臻财私募基金管理有限公司,in_table_null_latest_nav_date
SBRN03,远和可骥多头进取1号私募证券投资基金,远和可骥多头进取1号,杭州远和,2026-08-28,1.0284,2026-02-13,1,2,股票多头,,yes,远和可骥多头进取1号私募证券投资基金,,,null_nav_date,yes,远和可骥多头进取1号私募证券投资基金,正在运作,私募证券投资基金,杭州远和私募基金有限公司,in_table_null_latest_nav_date
SBRL79,纯达沪深300指数增强1号私募证券投资基金,纯达沪深300指数增强1号,上海纯达资管,2026-08-28,0.8308,2026-02-10,1,2,股票多头,300指增,yes,纯达沪深300指数增强1号私募证券投资基金,,,null_nav_date,yes,纯达沪深300指数增强1号私募证券投资基金,正在运作,私募证券投资基金,上海纯达资产管理有限公司,in_table_null_latest_nav_date
SBRG83,七禾中华有为私募证券投资基金,七禾中华有为,杭州七禾新资管,2026-08-28,1.1175,2026-02-05,1,2,期货策略,,yes,七禾中华有为私募证券投资基金,,,null_nav_date,yes,七禾中华有为私募证券投资基金,正在运作,,杭州七禾新资产管理有限公司,in_table_null_latest_nav_date
SBRE76,贝塔瓯越先锋1号私募证券投资基金,贝塔瓯越先锋1号,杭州贝塔投资,2026-08-28,1.0958,2026-02-03,1,2,股票多头,,yes,贝塔瓯越先锋1号私募证券投资基金,,,null_nav_date,yes,贝塔瓯越先锋1号私募证券投资基金,正在运作,私募证券投资基金,杭州贝塔投资管理有限公司,in_table_null_latest_nav_date
SBQY92,高易衡山私募证券投资基金,高易衡山,成都高易,2026-08-28,0.8611,2026-02-02,1,2,股票多头,,yes,高易衡山私募证券投资基金,,,null_nav_date,yes,高易衡山私募证券投资基金,正在运作,私募证券投资基金,成都高易私募基金管理有限公司,in_table_null_latest_nav_date
SBQX41,正瀛广胜智选中证1000指数增强2号私募证券投资基金,正瀛广胜智选中证1000指数增强2号,上海正瀛资管,2026-08-28,1.0581,2026-02-12,1,2,股票多头,1000指增,yes,正瀛广胜智选中证1000指数增强2号私募证券投资基金,,,null_nav_date,yes,正瀛广胜智选中证1000指数增强2号私募证券投资基金,正在运作,私募证券投资基金,上海正瀛资产管理有限公司,in_table_null_latest_nav_date
SBQT54,盛世融邦15号私募证券投资基金,盛世融邦15号,广州盛世融邦,2026-08-28,0.9828,2026-02-06,1,2,股票多头,,yes,盛世融邦15号私募证券投资基金,,,null_nav_date,yes,盛世融邦15号私募证券投资基金,正在运作,私募证券投资基金,盛世融邦（广州）私募证券投资基金管理有限公司,in_table_null_latest_nav_date
SBQT37,广金行远私募证券投资基金,广金行远,广东广金投资,2026-08-28,0.9895,2026-02-09,1,2,股票多头,,yes,广金行远私募证券投资基金,,,null_nav_date,yes,广金行远私募证券投资基金,正在运作,私募证券投资基金,广东广金投资管理有限公司,in_table_null_latest_nav_date
SBQS96,远澜藤松10号私募证券投资基金,远澜藤松10号,上海远澜,2026-08-28,0.9892,2026-02-12,1,2,期货策略,,yes,远澜藤松10号私募证券投资基金,,,null_nav_date,yes,远澜藤松10号私募证券投资基金,正在运作,私募证券投资基金,上海远澜私募基金管理有限公司,in_table_null_latest_nav_date
SBQR35,巨量均衡量选一号私募证券投资基金,巨量均衡量选一号,珠海巨量均衡,2026-08-28,1.1469,2026-02-11,1,2,股票多头,量化选股,yes,巨量均衡量选一号私募证券投资基金,,,null_nav_date,yes,巨量均衡量选一号私募证券投资基金,正在运作,私募证券投资基金,巨量均衡私募证券基金管理（珠海）有限公司,in_table_null_latest_nav_date
SBQP79,南方海慧宝剑一号私募证券投资基金,南方海慧宝剑一号,宁波市南方海慧资管,2026-08-28,0.9821,2026-01-29,1,2,股票多头,,yes,南方海慧宝剑一号私募证券投资基金,,,null_nav_date,yes,南方海慧宝剑一号私募证券投资基金,正在运作,私募证券投资基金,宁波市南方海慧资产管理有限公司,in_table_null_latest_nav_date
SBQP45,君跃飞畅2号私募证券投资基金,君跃飞畅2号,上海君跃,2026-08-28,0.989,2026-01-30,1,2,股票对冲,择时对冲,yes,君跃飞畅2号私募证券投资基金,,,null_nav_date,yes,君跃飞畅2号私募证券投资基金,正在运作,私募证券投资基金,上海君跃私募基金管理有限公司,in_table_null_latest_nav_date
SBQN98,华年A500指数增强7号私募证券投资基金,华年A500指数增强7号,上海华年,2026-08-28,1.1835,2026-02-06,1,2,股票多头,A500指增,yes,华年A500指数增强7号私募证券投资基金,,,null_nav_date,yes,华年A500指数增强7号私募证券投资基金,正在运作,私募证券投资基金,上海华年私募基金管理有限公司,in_table_null_latest_nav_date
SBQN30,品润拓维一号私募证券投资基金,品润拓维一号,浙江品润投资,2026-08-28,1.0653,2026-02-06,1,2,股票多头,,yes,品润拓维一号私募证券投资基金,,,null_nav_date,yes,品润拓维一号私募证券投资基金,正在运作,私募证券投资基金,浙江品润投资管理有限公司,in_table_null_latest_nav_date
SBQC47,伯兄太安私募证券投资基金,伯兄太安,上海伯兄投资,2026-08-28,1.319,2026-02-05,1,2,股票多头,,yes,伯兄太安私募证券投资基金,,,null_nav_date,yes,伯兄太安私募证券投资基金,正在运作,私募证券投资基金,上海伯兄资产管理中心（有限合伙）,in_table_null_latest_nav_date
SBQA86,龙旗红利科技轮动平衡2号私募证券投资基金,龙旗红利科技轮动平衡2号,杭州龙旗科技,2026-08-28,0.9645,2026-01-29,1,2,股票多头,另类多头,yes,龙旗红利科技轮动平衡2号私募证券投资基金,,,null_nav_date,yes,龙旗红利科技轮动平衡2号私募证券投资基金,正在运作,,杭州龙旗科技有限公司,in_table_null_latest_nav_date
SBQA49,衍舟踏浪5号中证1000指增私募证券投资基金,衍舟踏浪5号中证1000指增,海南衍舟,2026-08-28,0.97,2026-02-03,1,2,股票多头,1000指增,yes,衍舟踏浪5号中证1000指增私募证券投资基金,,,null_nav_date,yes,衍舟踏浪5号中证1000指增私募证券投资基金,正在运作,私募证券投资基金,衍舟（海南）私募基金管理有限公司,in_table_null_latest_nav_date
SBPX07,数法日月星辰8号私募证券投资基金,数法日月星辰8号,宁波数法,2026-08-28,0.6505,2026-01-28,1,2,股票多头,,yes,数法日月星辰8号私募证券投资基金,,,null_nav_date,yes,数法日月星辰8号私募证券投资基金,正在运作,私募证券投资基金,宁波数法私募基金管理有限公司,in_table_null_latest_nav_date
SBPX00,数法日月星辰7号私募证券投资基金,数法日月星辰7号,宁波数法,2026-08-28,1.1835,2026-01-27,1,2,股票多头,,yes,数法日月星辰7号私募证券投资基金,,,null_nav_date,yes,数法日月星辰7号私募证券投资基金,正在运作,私募证券投资基金,宁波数法私募基金管理有限公司,in_table_null_latest_nav_date
SBPR82,正仁多资产二号私募证券投资基金,正仁多资产二号,海南正仁,2026-08-28,1.014,2026-02-12,1,2,股票多头,,yes,正仁多资产二号私募证券投资基金,,,null_nav_date,yes,正仁多资产二号私募证券投资基金,正在运作,私募证券投资基金,海南正仁量化私募基金管理有限公司,in_table_null_latest_nav_date
SBPQ94,中和资本6531号私募证券投资基金,中和资本6531号,天津锦绣中和投资,2026-08-28,0.951,2026-01-20,1,2,股票多头,,yes,中和资本6531号私募证券投资基金,,,null_nav_date,yes,中和资本6531号私募证券投资基金,正在运作,私募证券投资基金,锦绣中和（天津）投资管理有限公司,in_table_null_latest_nav_date
SBPP91,持赢一马当先私募证券投资基金,持赢一马当先,南京持赢,2026-08-28,0.877,2026-01-30,1,2,股票多头,,yes,持赢一马当先私募证券投资基金,,,null_nav_date,yes,持赢一马当先私募证券投资基金,正在运作,,南京持赢私募基金管理有限公司,in_table_null_latest_nav_date
SBPP65,华年观享A500指数增强1号私募证券投资基金,华年观享A500指数增强1号,上海华年,2026-08-28,1.117,2026-01-19,1,2,股票多头,A500指增,yes,华年观享A500指数增强1号私募证券投资基金,,,null_nav_date,yes,华年观享A500指数增强1号私募证券投资基金,正在运作,私募证券投资基金,上海华年私募基金管理有限公司,in_table_null_latest_nav_date
SBPM56,招融森荣多资产配置1号私募证券投资基金,招融森荣多资产配置1号,西安招融博瑞,2026-08-28,1.0311,2026-01-16,1,2,股票多头,,yes,招融森荣多资产配置1号私募证券投资基金,,,null_nav_date,yes,招融森荣多资产配置1号私募证券投资基金,正在运作,私募证券投资基金,西安招融博瑞私募基金管理有限公司,in_table_null_latest_nav_date
SBPJ64,经控智信栋力成长2号股票型私募证券投资基金,经控智信栋力成长2号股票型,青岛经控智信资管,2026-08-28,1.0659,2026-04-21,1,2,股票多头,,yes,经控智信栋力成长2号股票型私募证券投资基金,,,null_nav_date,yes,经控智信栋力成长2号股票型私募证券投资基金,正在运作,私募证券投资基金,青岛经控智信资产管理有限公司,in_table_null_latest_nav_date
SBPH48,杭州波粒二象多资产1号私募证券投资基金,杭州波粒二象多资产1号,杭州波粒二象,2026-08-28,1.0343,2026-01-29,1,2,组合策略,,yes,杭州波粒二象多资产1号私募证券投资基金,,,null_nav_date,yes,杭州波粒二象多资产1号私募证券投资基金,正在运作,私募证券投资基金,杭州波粒二象私募基金管理有限公司,in_table_null_latest_nav_date
SBPH46,远和可期20号私募证券投资基金,远和可期20号,杭州远和,2026-08-28,1.0181,2026-01-16,1,2,股票多头,,yes,远和可期20号私募证券投资基金,,,null_nav_date,yes,远和可期20号私募证券投资基金,正在运作,私募证券投资基金,杭州远和私募基金有限公司,in_table_null_latest_nav_date
SBPF23,系综期货策略1号私募证券投资基金,系综期货策略1号,上海系综,2026-08-28,0.9946,2026-01-26,1,2,股票多头,,yes,系综期货策略1号私募证券投资基金,,,null_nav_date,yes,系综期货策略1号私募证券投资基金,正在运作,私募证券投资基金,系综（上海）私募基金管理有限公司,in_table_null_latest_nav_date
SBPD60,百利信风口大猪一号私募证券投资基金,百利信风口大猪一号,福州百利信,2026-08-28,1.2019,2026-02-13,1,2,股票多头,,yes,百利信风口大猪一号私募证券投资基金,,,null_nav_date,yes,百利信风口大猪一号私募证券投资基金,正在运作,私募证券投资基金,福州经济技术开发区百利信私募基金管理有限公司,in_table_null_latest_nav_date
SBPD47,倍漾量化选股五期私募证券投资基金,倍漾量化选股五期,南京倍漾,2026-08-28,0.9387,2026-02-10,1,2,股票多头,量化选股,yes,倍漾量化选股五期私募证券投资基金,,,null_nav_date,yes,倍漾量化选股五期私募证券投资基金,正在运作,私募证券投资基金,南京倍漾私募基金管理有限公司,in_table_null_latest_nav_date
SBPC81,九木宏观进取1号私募证券投资基金,九木宏观进取1号,深圳九木,2026-08-28,1.027,2026-01-19,1,2,股票多头,,yes,九木宏观进取1号私募证券投资基金,,,null_nav_date,yes,九木宏观进取1号私募证券投资基金,正在运作,私募证券投资基金,深圳九木私募证券基金管理有限公司,in_table_null_latest_nav_date
SBPB02,金睿和稳益私募证券投资基金,金睿和稳益,广东金睿和投资,2026-08-28,1.0009,2026-01-21,1,2,股票多头,,yes,金睿和稳益私募证券投资基金,,,null_nav_date,yes,金睿和稳益私募证券投资基金,正在运作,私募证券投资基金,广东金睿和投资管理有限公司,in_table_null_latest_nav_date
SBNZ74,兆德千乐1号私募证券投资基金,兆德千乐1号,杭州兆德梓堃,2026-08-28,1.012,2026-01-20,1,2,股票多头,,yes,兆德千乐1号私募证券投资基金,,,null_nav_date,yes,兆德千乐1号私募证券投资基金,正在运作,,杭州兆德梓堃私募基金管理有限公司,in_table_null_latest_nav_date
SBNZ12,正合凌云3号私募证券投资基金,正合凌云3号,上海正合,2026-08-28,1.0796,2026-01-20,1,2,股票多头,,yes,正合凌云3号私募证券投资基金,,,null_nav_date,yes,正合凌云3号私募证券投资基金,正在运作,,上海正合私募基金管理有限公司,in_table_null_latest_nav_date
SBNY49,秋水高通洪崖洞41号私募证券投资基金,秋水高通洪崖洞41号,上海秋水高通,2026-08-28,0.9856,2026-01-09,1,2,股票多头,,yes,秋水高通洪崖洞41号私募证券投资基金,,,null_nav_date,yes,秋水高通洪崖洞41号私募证券投资基金,正在运作,私募证券投资基金,秋水高通私募基金管理（上海）有限公司,in_table_null_latest_nav_date
SBNY25,彤天锐盈量化指数增强1号私募证券投资基金,彤天锐盈量化指数增强1号,南京彤天基金,2026-08-28,1.015,2026-01-28,1,2,股票多头,,yes,彤天锐盈量化指数增强1号私募证券投资基金,,,null_nav_date,yes,彤天锐盈量化指数增强1号私募证券投资基金,正在运作,私募证券投资基金,南京彤天基金管理有限公司,in_table_null_latest_nav_date
SBNW58,金麦丰天府乐享1号私募证券投资基金,金麦丰天府乐享1号,广州金麦丰,2026-08-28,0.969,2026-01-22,1,2,股票多头,,yes,金麦丰天府乐享1号私募证券投资基金,,,null_nav_date,yes,金麦丰天府乐享1号私募证券投资基金,正在运作,私募证券投资基金,广州金麦丰私募证券投资基金管理有限公司,in_table_null_latest_nav_date
SBNU68,九木CTA专享3号私募证券投资基金,九木CTA专享3号,深圳九木,2026-08-28,1.0114,2026-01-12,1,2,期货策略,量化期货,yes,九木CTA专享3号私募证券投资基金,,,null_nav_date,yes,九木CTA专享3号私募证券投资基金,正在运作,私募证券投资基金,深圳九木私募证券基金管理有限公司,in_table_null_latest_nav_date
SBNS69,棱镜乾量中证1000指数增强2号私募证券投资基金,棱镜乾量中证1000指数增强2号,北京棱镜,2026-08-28,1.0092,2026-02-03,1,2,股票多头,1000指增,yes,棱镜乾量中证1000指数增强2号私募证券投资基金,,,null_nav_date,yes,棱镜乾量中证1000指数增强2号私募证券投资基金,正在运作,私募证券投资基金,北京棱镜私募基金管理有限公司,in_table_null_latest_nav_date
SBNS17,纯达红利增强一号私募证券投资基金,纯达红利增强一号,上海纯达资管,2026-08-28,0.9628,2026-01-29,1,2,股票多头,红利指增,yes,纯达红利增强一号私募证券投资基金,,,null_nav_date,yes,纯达红利增强一号私募证券投资基金,正在运作,私募证券投资基金,上海纯达资产管理有限公司,in_table_null_latest_nav_date
SBNQ24,浙富资本价值精选2号私募证券投资基金,浙富资本价值精选2号,浙江浙富,2026-08-28,1.1387,2026-01-29,1,2,股票多头,,yes,浙富资本价值精选2号私募证券投资基金,,,null_nav_date,yes,浙富资本价值精选2号私募证券投资基金,正在运作,私募证券投资基金,浙江浙富私募基金管理有限公司,in_table_null_latest_nav_date
SBNM83,澜胜稳赋宏观策略2号私募证券投资基金,澜胜稳赋宏观策略2号,上海澜胜,2026-08-28,1.0443,2026-01-23,1,2,多资产策略,宏观策略,yes,澜胜稳赋宏观策略2号私募证券投资基金,,,null_nav_date,yes,澜胜稳赋宏观策略2号私募证券投资基金,正在运作,私募证券投资基金,上海澜胜私募基金管理有限公司,in_table_null_latest_nav_date
SBNM33,彤天衡盈1号私募证券投资基金,彤天衡盈1号,南京彤天基金,2026-08-28,0.9771,2026-01-09,1,2,股票多头,,yes,彤天衡盈1号私募证券投资基金,,,null_nav_date,yes,彤天衡盈1号私募证券投资基金,正在运作,私募证券投资基金,南京彤天基金管理有限公司,in_table_null_latest_nav_date
SBNH34,吉丰安若一号私募证券投资基金,吉丰安若一号,北京吉丰,2026-08-28,1.2351,2025-12-31,1,2,股票多头,,yes,吉丰安若一号私募证券投资基金,,,null_nav_date,yes,吉丰安若一号私募证券投资基金,正在运作,私募证券投资基金,北京吉丰私募基金管理有限公司,in_table_null_latest_nav_date
SBNF15,颢兴马里亚纳私募证券投资基金,颢兴马里亚纳,深圳颢兴资管,2026-08-28,0.8915,2026-01-26,1,2,股票多头,,yes,颢兴马里亚纳私募证券投资基金,,,null_nav_date,yes,颢兴马里亚纳私募证券投资基金,正在运作,私募证券投资基金,颢兴资本管理（深圳）有限公司,in_table_null_latest_nav_date
SBNE54,君信套利1号私募证券投资基金,君信套利1号,北京东方君信,2026-08-28,1.0637,2026-01-15,1,2,股票多头,,yes,君信套利1号私募证券投资基金,,,null_nav_date,yes,君信套利1号私募证券投资基金,正在运作,私募证券投资基金,北京东方君信私募基金管理有限公司,in_table_null_latest_nav_date
SBNE11,进化论三维启航6号私募证券投资基金,进化论三维启航6号,海南进化论,2026-08-28,0.9914,2026-01-27,1,2,股票多头,,yes,进化论三维启航6号私募证券投资基金,,,null_nav_date,yes,进化论三维启航6号私募证券投资基金,正在运作,私募证券投资基金,海南进化论私募基金管理有限公司,in_table_null_latest_nav_date
SBNC80,迦亿观澜1号私募证券投资基金,迦亿观澜1号,上海迦亿,2026-08-28,1.09,2026-01-05,1,2,多资产策略,宏观策略,yes,迦亿观澜1号私募证券投资基金,,,null_nav_date,yes,迦亿观澜1号私募证券投资基金,正在运作,私募证券投资基金,上海迦亿私募基金管理有限公司,in_table_null_latest_nav_date
SBNA95,博衍九溪CTA5号私募证券投资基金,博衍九溪CTA5号,杭州博衍,2026-08-28,1.0203,2026-01-07,1,2,期货策略,,yes,博衍九溪CTA5号私募证券投资基金,,,null_nav_date,yes,博衍九溪CTA5号私募证券投资基金,正在运作,私募证券投资基金,杭州博衍私募基金管理合伙企业（有限合伙）,in_table_null_latest_nav_date
SBMX07,中颖济钧私募证券投资基金,中颖济钧,深圳中颖投资,2026-08-28,0.802,2026-01-15,1,2,股票多头,,yes,中颖济钧私募证券投资基金,,,null_nav_date,yes,中颖济钧私募证券投资基金,正在运作,,深圳市中颖投资管理有限公司,in_table_null_latest_nav_date
SBMV24,融智专享多策略FOF四号私募证券投资基金,融智专享多策略FOF四号,深圳融智,2026-08-28,1.0004,2025-12-31,1,2,组合策略,FOF,yes,融智专享多策略FOF四号私募证券投资基金,,,null_nav_date,yes,融智专享多策略FOF四号私募证券投资基金,正在运作,私募证券投资基金,深圳市融智私募证券投资基金管理有限公司,in_table_null_latest_nav_date
SBMV02,信义利CTA一号私募证券投资基金,信义利CTA一号,深圳信义利资管,2026-08-28,1.2962,2026-01-06,1,2,期货策略,,yes,信义利CTA一号私募证券投资基金,,,null_nav_date,yes,信义利CTA一号私募证券投资基金,正在运作,私募证券投资基金,深圳信义利资产管理有限公司,in_table_null_latest_nav_date
SBMU35,天添淳量私募证券投资基金,天添淳量,平潭天添资管,2026-08-28,0.9452,2025-12-23,1,2,股票多头,,yes,天添淳量私募证券投资基金,,,null_nav_date,yes,天添淳量私募证券投资基金,正在运作,私募证券投资基金,平潭天添资产管理有限公司,in_table_null_latest_nav_date
SBMU34,颖华杰领1号私募证券投资基金,颖华杰领1号,上海颖华,2026-08-28,1.0208,2026-01-13,1,2,股票多头,,yes,颖华杰领1号私募证券投资基金,,,null_nav_date,yes,颖华杰领1号私募证券投资基金,正在运作,私募证券投资基金,上海颖华私募基金管理有限公司,in_table_null_latest_nav_date
SBMR95,日青木化睿享1号私募证券投资基金,日青木化睿享1号,宁波日青木化资管,2026-08-28,1.0541,2025-12-31,1,2,股票多头,,yes,日青木化睿享1号私募证券投资基金,,,null_nav_date,yes,日青木化睿享1号私募证券投资基金,正在运作,私募证券投资基金,宁波日青木化资产管理有限公司,in_table_null_latest_nav_date
SBMQ98,今通赤兔红利进取1号私募证券投资基金,今通赤兔红利进取1号,上海今通投资,2026-08-28,1.0058,2026-01-28,1,2,股票多头,红利指增,yes,今通赤兔红利进取1号私募证券投资基金,,,null_nav_date,yes,今通赤兔红利进取1号私募证券投资基金,正在运作,私募证券投资基金,上海今通投资管理有限公司,in_table_null_latest_nav_date
SBMN34,丹金新成长私募证券投资基金,丹金新成长,厦门丹金恒信,2026-08-28,0.9742,2025-12-26,1,2,股票多头,,yes,丹金新成长私募证券投资基金,,,null_nav_date,yes,丹金新成长私募证券投资基金,正在运作,私募证券投资基金,厦门丹金恒信私募基金管理有限公司,in_table_null_latest_nav_date
SBMN29,森恩临界三号私募证券投资基金,森恩临界三号,上海森恩资管,2026-08-28,0.8916,2026-01-23,1,2,股票多头,,yes,森恩临界三号私募证券投资基金,,,null_nav_date,yes,森恩临界三号私募证券投资基金,正在运作,私募证券投资基金,上海森恩资产管理有限公司,in_table_null_latest_nav_date
SBMG13,中颖无隅二号私募证券投资基金,中颖无隅二号,深圳中颖投资,2026-08-28,0.8859,2025-12-17,1,2,股票多头,,yes,中颖无隅二号私募证券投资基金,,,null_nav_date,yes,中颖无隅二号私募证券投资基金,正在运作,私募证券投资基金,深圳市中颖投资管理有限公司,in_table_null_latest_nav_date
SBLV97,复利成长1号私募证券投资基金,复利成长1号,海南复利,2026-08-28,0.9359,2025-12-15,1,2,股票多头,,yes,复利成长1号私募证券投资基金,,,null_nav_date,yes,复利成长1号私募证券投资基金,正在运作,私募证券投资基金,海南复利量化私募基金管理合伙企业（有限合伙）,in_table_null_latest_nav_date
SBLR63,康曼德003C号主动管理型私募证券投资基金,康曼德003C号主动管理型,深圳康曼德资管,2026-08-28,0.9307,2026-01-16,1,2,股票多头,,yes,康曼德003C号主动管理型私募证券投资基金,,,null_nav_date,yes,康曼德003C号主动管理型私募证券投资基金,正在运作,私募证券投资基金,深圳市康曼德资本管理有限公司,in_table_null_latest_nav_date
SBLP13,睿值成长3号私募证券投资基金,睿值成长3号,上海睿值,2026-08-28,1.07,2026-01-26,1,2,股票多头,,yes,睿值成长3号私募证券投资基金,,,null_nav_date,yes,睿值成长3号私募证券投资基金,正在运作,私募证券投资基金,上海睿值私募基金管理有限公司,in_table_null_latest_nav_date
SBLP12,中南璞阳二号私募证券投资基金,中南璞阳二号,深圳中南资管,2026-08-28,1.065,2026-01-12,1,2,股票多头,,yes,中南璞阳二号私募证券投资基金,,,null_nav_date,yes,中南璞阳二号私募证券投资基金,正在运作,私募证券投资基金,深圳市中南资本管理有限公司,in_table_null_latest_nav_date
SBLN26,凯双昆仑13号私募证券投资基金,凯双昆仑13号,上海凯双,2026-08-28,0.9964,2026-01-23,1,2,股票多头,,yes,凯双昆仑13号私募证券投资基金,,,null_nav_date,yes,凯双昆仑13号私募证券投资基金,正在运作,私募证券投资基金,上海凯双私募基金管理有限公司,in_table_null_latest_nav_date
SBLK71,龙旗红利科技轮动平衡1号私募证券投资基金,龙旗红利科技轮动平衡1号,杭州龙旗科技,2026-08-28,1.0968,2025-12-04,1,2,股票多头,另类多头,yes,龙旗红利科技轮动平衡1号私募证券投资基金,,,null_nav_date,yes,龙旗红利科技轮动平衡1号私募证券投资基金,正在运作,私募证券投资基金,杭州龙旗科技有限公司,in_table_null_latest_nav_date
SBLA86,泽盈毅明66号私募证券投资基金,泽盈毅明66号,青岛泽盈资管,2026-08-28,1.0639,2025-12-22,1,2,股票多头,,yes,泽盈毅明66号私募证券投资基金,,,null_nav_date,yes,泽盈毅明66号私募证券投资基金,正在运作,私募证券投资基金,青岛泽盈资产管理有限公司,in_table_null_latest_nav_date
SBKY87,纯达多策略一号私募证券投资基金,纯达多策略一号,上海纯达资管,2026-08-28,0.989,2025-12-08,1,2,多资产策略,复合策略,yes,纯达多策略一号私募证券投资基金,,,null_nav_date,yes,纯达多策略一号私募证券投资基金,正在运作,私募证券投资基金,上海纯达资产管理有限公司,in_table_null_latest_nav_date
SBKY54,金麦丰进取1号私募证券投资基金,金麦丰进取1号,广州金麦丰,2026-08-28,1.0542,2025-11-27,1,2,股票多头,,yes,金麦丰进取1号私募证券投资基金,,,null_nav_date,yes,金麦丰进取1号私募证券投资基金,正在运作,私募证券投资基金,广州金麦丰私募证券投资基金管理有限公司,in_table_null_latest_nav_date
SBKW91,量盈日升专享18号私募证券投资基金,量盈日升专享18号,浙江量盈投资,2026-08-28,1.034,2025-12-08,1,2,股票多头,,yes,量盈日升专享18号私募证券投资基金,,,null_nav_date,yes,量盈日升专享18号私募证券投资基金,正在运作,,浙江量盈投资管理有限公司,in_table_null_latest_nav_date
SBKW53,远方同行私募证券投资基金,远方同行,深圳前海远方投资,2026-08-28,0.876,2026-01-20,1,2,股票多头,,yes,远方同行私募证券投资基金,,,null_nav_date,yes,远方同行私募证券投资基金,正在运作,私募证券投资基金,深圳市前海远方投资管理有限公司,in_table_null_latest_nav_date
SBKU65,秋水高通图南1号私募证券投资基金,秋水高通图南1号,上海秋水高通,2026-08-28,1.079,2025-12-02,1,2,股票多头,,yes,秋水高通图南1号私募证券投资基金,,,null_nav_date,yes,秋水高通图南1号私募证券投资基金,正在运作,私募证券投资基金,秋水高通私募基金管理（上海）有限公司,in_table_null_latest_nav_date
SBKU57,久期云霄量化5号私募证券投资基金,久期云霄量化5号,上海久期投资,2026-08-28,1.0104,2025-12-26,1,2,多资产策略,,yes,久期云霄量化5号私募证券投资基金,,,null_nav_date,yes,久期云霄量化5号私募证券投资基金,正在运作,,上海久期投资有限公司,in_table_null_latest_nav_date
SBKT67,天辉萨尔1号私募证券投资基金,天辉萨尔1号,上海天辉,2026-08-28,1.5612,2025-12-05,1,2,股票多头,,yes,天辉萨尔1号私募证券投资基金,,,null_nav_date,yes,天辉萨尔1号私募证券投资基金,正在运作,私募证券投资基金,天辉（上海）私募基金管理有限公司,in_table_null_latest_nav_date
SBKS71,善思稳进私募证券投资基金,善思稳进,新余善思投资,2026-08-28,0.873,2026-01-14,1,2,股票多头,,yes,善思稳进私募证券投资基金,,,null_nav_date,yes,善思稳进私募证券投资基金,正在运作,私募证券投资基金,新余善思投资管理中心（有限合伙）,in_table_null_latest_nav_date
SBKS23,臻金天安1号私募证券投资基金,臻金天安1号,海南臻金,2026-08-28,1.1301,2025-11-19,1,2,股票多头,,yes,臻金天安1号私募证券投资基金,,,null_nav_date,yes,臻金天安1号私募证券投资基金,正在运作,私募证券投资基金,臻金私募基金管理（海南）有限公司,in_table_null_latest_nav_date
SBKR00,伯兄颐德私募证券投资基金,伯兄颐德,上海伯兄投资,2026-08-28,0.871,2025-12-09,1,2,股票多头,,yes,伯兄颐德私募证券投资基金,,,null_nav_date,yes,伯兄颐德私募证券投资基金,正在运作,,上海伯兄资产管理中心（有限合伙）,in_table_null_latest_nav_date
SBKQ68,安子泰安精选一号私募证券投资基金,安子泰安精选一号,深圳安子,2026-08-28,1.0978,2025-12-09,1,2,组合策略,,yes,安子泰安精选一号私募证券投资基金,,,null_nav_date,yes,安子泰安精选一号私募证券投资基金,正在运作,私募证券投资基金,深圳安子私募证券基金管理有限公司,in_table_null_latest_nav_date
SBKP62,翰荣狮子量化精选11号私募证券投资基金,翰荣狮子量化精选11号,深圳翰荣,2026-08-28,1.0442,2025-12-03,1,2,股票对冲,,yes,翰荣狮子量化精选11号私募证券投资基金,,,null_nav_date,yes,翰荣狮子量化精选11号私募证券投资基金,正在运作,私募证券投资基金,深圳翰荣私募证券基金管理有限公司,in_table_null_latest_nav_date
SBKP44,兼济臻选11号私募证券投资基金,兼济臻选11号,杭州兼济投资,2026-08-28,1.0232,2025-12-10,1,2,股票多头,,yes,兼济臻选11号私募证券投资基金,,,null_nav_date,yes,兼济臻选11号私募证券投资基金,正在运作,私募证券投资基金,杭州兼济投资管理有限公司,in_table_null_latest_nav_date
SBKL73,千衍六和56号1000指增私募证券投资基金,千衍六和56号1000指增,上海千衍,2026-08-28,1.0208,2026-01-23,1,2,股票多头,1000指增,yes,千衍六和56号1000指增私募证券投资基金,,,null_nav_date,yes,千衍六和56号1000指增私募证券投资基金,正在运作,私募证券投资基金,千衍私募基金管理（上海）有限公司,in_table_null_latest_nav_date
SBKL67,资瑞兴富丽私募证券投资基金,资瑞兴富丽,深圳资瑞兴投资,2026-08-28,1.0848,2025-11-27,1,2,股票多头,,yes,资瑞兴富丽私募证券投资基金,,,null_nav_date,yes,资瑞兴富丽私募证券投资基金,正在运作,,深圳资瑞兴投资有限公司,in_table_null_latest_nav_date
SBKJ97,衍合量化选股进取2号私募证券投资基金,衍合量化选股进取2号,上海衍合,2026-08-28,0.9693,2025-12-02,1,2,股票多头,量化选股,yes,衍合量化选股进取2号私募证券投资基金,,,null_nav_date,yes,衍合量化选股进取2号私募证券投资基金,正在运作,私募证券投资基金,上海衍合私募基金管理有限公司,in_table_null_latest_nav_date
SBKJ59,诺泽聚享多元1号私募证券投资基金,诺泽聚享多元1号,杭州诺泽,2026-08-28,0.9848,2025-12-05,1,2,股票多头,,yes,诺泽聚享多元1号私募证券投资基金,,,null_nav_date,yes,诺泽聚享多元1号私募证券投资基金,正在运作,私募证券投资基金,杭州诺泽私募基金管理有限公司,in_table_null_latest_nav_date
SBKJ44,因诺天问58号私募证券投资基金,因诺天问58号,上海因诺资管,2026-08-28,1.0134,2026-01-14,1,2,期货策略,,yes,因诺天问58号私募证券投资基金,,,null_nav_date,yes,因诺天问58号私募证券投资基金,正在运作,私募证券投资基金,因诺（上海）资产管理有限公司,in_table_null_latest_nav_date
SBKH66,蒙玺双创量化1号私募证券投资基金,蒙玺双创量化1号,上海蒙玺投资,2026-08-28,1.2812,2025-11-14,1,2,股票多头,风格指增,yes,蒙玺双创量化1号私募证券投资基金,,,null_nav_date,yes,蒙玺双创量化1号私募证券投资基金,正在运作,私募证券投资基金,上海蒙玺投资管理有限公司,in_table_null_latest_nav_date
SBKH15,心格丘森精选一号私募证券投资基金,心格丘森精选一号,上海心格,2026-08-28,0.752,2025-11-18,1,2,期货策略,,yes,心格丘森精选一号私募证券投资基金,,,null_nav_date,yes,心格丘森精选一号私募证券投资基金,正在运作,,上海心格私募基金管理合伙企业（有限合伙）,in_table_null_latest_nav_date
SBKG81,润泉喜马拉雅价值1期私募证券投资基金,润泉喜马拉雅价值1期,北京久阳润泉资本,2026-08-28,1.1313,2026-01-23,1,2,股票多头,,yes,润泉喜马拉雅价值1期私募证券投资基金,,,null_nav_date,yes,润泉喜马拉雅价值1期私募证券投资基金,正在运作,,北京久阳润泉资本管理中心（有限合伙）,in_table_null_latest_nav_date
SBKG64,汇融林健CTA进取12号私募证券投资基金,汇融林健CTA进取12号,湖南汇智融达,2026-08-28,1.0846,2025-11-21,1,2,期货策略,,yes,汇融林健CTA进取12号私募证券投资基金,,,null_nav_date,yes,汇融林健CTA进取12号私募证券投资基金,正在运作,私募证券投资基金,湖南汇智融达私募基金管理有限公司,in_table_null_latest_nav_date
SBKC46,锦泓风云7号私募证券投资基金,锦泓风云7号,上海锦泓,2026-08-28,0.7896,2025-12-18,1,2,股票多头,,yes,锦泓风云7号私募证券投资基金,,,null_nav_date,yes,锦泓风云7号私募证券投资基金,正在运作,私募证券投资基金,上海锦泓私募基金管理有限公司,in_table_null_latest_nav_date
SBJY92,金翼环球均衡私募证券投资基金,金翼环球均衡,珠海横琴金翼,2026-08-28,1.0366,2026-01-12,1,2,股票多头,,yes,金翼环球均衡私募证券投资基金,,,null_nav_date,yes,金翼环球均衡私募证券投资基金,正在运作,私募证券投资基金,金翼私募基金管理（珠海横琴）有限公司,in_table_null_latest_nav_date
SBJU44,正瀛骐骥中证500成分优选增强1号私募证券投资基金,正瀛骐骥中证500成分优选增强1号,上海正瀛资管,2026-08-28,1.1769,2025-11-10,1,2,股票多头,500指增,yes,正瀛骐骥中证500成分优选增强1号私募证券投资基金,,,null_nav_date,yes,正瀛骐骥中证500成分优选增强1号私募证券投资基金,正在运作,,上海正瀛资产管理有限公司,in_table_null_latest_nav_date
SBJR08,明上进取22号私募证券投资基金,明上进取22号,海南明上,2026-08-28,1.0192,2025-11-28,1,2,股票多头,,yes,明上进取22号私募证券投资基金,,,null_nav_date,yes,明上进取22号私募证券投资基金,正在运作,私募证券投资基金,海南明上私募基金管理中心（有限合伙）,in_table_null_latest_nav_date
SBJK61,美通星澜汇智2号私募证券投资基金,美通星澜汇智2号,安徽美通,2026-08-28,0.9413,2025-12-01,1,2,股票多头,,yes,美通星澜汇智2号私募证券投资基金,,,null_nav_date,yes,美通星澜汇智2号私募证券投资基金,正在运作,私募证券投资基金,安徽美通私募基金管理有限公司,in_table_null_latest_nav_date
SBJJ73,弘源指数增强一号私募证券投资基金,弘源指数增强一号,深圳弘源泰平资管,2026-08-28,0.9241,2025-11-21,1,2,股票多头,1000指增,yes,弘源指数增强一号私募证券投资基金,,,null_nav_date,yes,弘源指数增强一号私募证券投资基金,正在运作,私募证券投资基金,深圳市弘源泰平资产管理有限公司,in_table_null_latest_nav_date
SBJG67,守正用奇指数增强7号私募证券投资基金,守正用奇指数增强7号,广州守正用奇,2026-08-28,1.0709,2025-11-04,1,2,股票多头,,yes,守正用奇指数增强7号私募证券投资基金,,,null_nav_date,yes,守正用奇指数增强7号私募证券投资基金,正在运作,私募证券投资基金,广州守正用奇私募基金管理有限公司,in_table_null_latest_nav_date
SBJD87,千象卓越26号中证500指数增强私募证券投资基金,千象卓越26号中证500指数增强,上海千象资产,2026-08-28,1.0978,2025-12-03,1,2,股票多头,500指增,yes,千象卓越26号中证500指数增强私募证券投资基金,,,null_nav_date,yes,千象卓越26号中证500指数增强私募证券投资基金,正在运作,私募证券投资基金,上海千象资产管理有限公司,in_table_null_latest_nav_date
SBJD45,钧富黄金增强3号私募证券投资基金,钧富黄金增强3号,杭州钧富投资,2026-08-28,0.9465,2025-11-24,1,2,股票多头,,yes,钧富黄金增强3号私募证券投资基金,,,null_nav_date,yes,钧富黄金增强3号私募证券投资基金,正在运作,私募证券投资基金,杭州钧富投资管理合伙企业（有限合伙）,in_table_null_latest_nav_date
SBJD39,良源1号私募证券投资基金,良源1号,南京良源,2026-08-28,1.0796,2025-11-10,1,2,股票多头,,yes,良源1号私募证券投资基金,,,null_nav_date,yes,良源1号私募证券投资基金,正在运作,私募证券投资基金,良源（南京）私募基金管理有限公司,in_table_null_latest_nav_date
SBJC09,弘源硅基一号私募证券投资基金,弘源硅基一号,深圳弘源泰平资管,2026-08-28,1.0766,2025-10-27,1,2,股票多头,另类多头,yes,弘源硅基一号私募证券投资基金,,,null_nav_date,yes,弘源硅基一号私募证券投资基金,正在运作,私募证券投资基金,深圳市弘源泰平资产管理有限公司,in_table_null_latest_nav_date
SBHQ78,汇富联合量化选股6号私募证券投资基金,汇富联合量化选股6号,深圳前海汇富联合,2026-08-28,1.1302,2026-01-06,1,2,股票多头,量化选股,yes,汇富联合量化选股6号私募证券投资基金,,,null_nav_date,yes,汇富联合量化选股6号私募证券投资基金,正在运作,,深圳前海汇富联合私募证券基金管理有限公司,in_table_null_latest_nav_date
SBHP28,博芮东方稳行一号私募证券投资基金,博芮东方稳行一号,厦门博芮东方投资,2026-08-28,1.1163,2025-11-05,1,2,期权策略,,yes,博芮东方稳行一号私募证券投资基金,,,null_nav_date,yes,博芮东方稳行一号私募证券投资基金,正在运作,私募证券投资基金,厦门博芮东方投资管理有限公司,in_table_null_latest_nav_date
SBHN48,汇富联合多重驱动6号私募证券投资基金,汇富联合多重驱动6号,深圳前海汇富联合,2026-08-28,1.1597,2025-11-06,1,2,组合策略,FOF,yes,汇富联合多重驱动6号私募证券投资基金,,,null_nav_date,yes,汇富联合多重驱动6号私募证券投资基金,正在运作,私募证券投资基金,深圳前海汇富联合私募证券基金管理有限公司,in_table_null_latest_nav_date
SBHL42,持赢一路同行私募证券投资基金,持赢一路同行,南京持赢,2026-08-28,0.994,2025-12-03,1,2,股票多头,,yes,持赢一路同行私募证券投资基金,,,null_nav_date,yes,持赢一路同行私募证券投资基金,正在运作,私募证券投资基金,南京持赢私募基金管理有限公司,in_table_null_latest_nav_date
SBHK28,赢起观山多策略2号私募证券投资基金,赢起观山多策略2号,上海赢起,2026-08-28,1.0091,2025-11-14,1,2,多资产策略,复合策略,yes,赢起观山多策略2号私募证券投资基金,,,null_nav_date,yes,赢起观山多策略2号私募证券投资基金,正在运作,,赢起（上海）私募基金管理有限公司,in_table_null_latest_nav_date
SBHG73,泽添鸿跃价值私募证券投资基金,泽添鸿跃价值,宁波泽添投资,2026-08-28,1.126,2025-10-23,1,2,股票多头,,yes,泽添鸿跃价值私募证券投资基金,,,null_nav_date,yes,泽添鸿跃价值私募证券投资基金,正在运作,私募证券投资基金,宁波泽添投资管理合伙企业（有限合伙）,in_table_null_latest_nav_date
SBHC25,九坤元朔中证A500指数增强33号私募证券投资基金,九坤元朔中证A500指数增强33号,北京九坤投资,2026-08-28,1.1649,2025-11-25,1,2,股票多头,A500指增,yes,九坤元朔中证A500指数增强33号私募证券投资基金,,,null_nav_date,yes,九坤元朔中证A500指数增强33号私募证券投资基金,正在运作,,九坤投资（北京）有限公司,in_table_null_latest_nav_date
SBGM65,聚力长江2号私募证券投资基金,聚力长江2号,湖南聚力财富,2026-08-28,0.8796,2025-10-14,1,2,股票多头,,yes,聚力长江2号私募证券投资基金,,,null_nav_date,yes,聚力长江2号私募证券投资基金,正在运作,私募证券投资基金,湖南聚力财富私募基金管理有限公司,in_table_null_latest_nav_date
SBGM10,景麒瑞阳稳健1号私募证券投资基金,景麒瑞阳稳健1号,海南景麒,2026-08-28,1.0703,2025-09-24,1,2,股票多头,,yes,景麒瑞阳稳健1号私募证券投资基金,,,null_nav_date,yes,景麒瑞阳稳健1号私募证券投资基金,正在运作,私募证券投资基金,海南景麒私募基金管理有限公司,in_table_null_latest_nav_date
SBGL16,双隆拓展2号私募证券投资基金,双隆拓展2号,上海双隆投资,2026-08-28,1.1692,2025-09-22,1,2,组合策略,FOF,yes,双隆拓展2号私募证券投资基金,,,null_nav_date,yes,双隆拓展2号私募证券投资基金,正在运作,私募证券投资基金,上海双隆投资有限公司,in_table_null_latest_nav_date
SBGH15,领星极目灵活对冲一号私募证券投资基金,领星极目灵活对冲一号,北京领星资管,2026-08-28,1.0713,2025-10-13,1,2,股票对冲,,yes,领星极目灵活对冲一号私募证券投资基金,,,null_nav_date,yes,领星极目灵活对冲一号私募证券投资基金,正在运作,私募证券投资基金,北京领星资本管理有限公司,in_table_null_latest_nav_date
SBGB11,荣炜稳健成长1号私募证券投资基金,荣炜稳健成长1号,广东荣炜基业,2026-08-28,1.4681,2025-11-17,1,2,股票多头,,yes,荣炜稳健成长1号私募证券投资基金,,,null_nav_date,yes,荣炜稳健成长1号私募证券投资基金,正在运作,私募证券投资基金,广东荣炜基业私募证券基金管理有限公司,in_table_null_latest_nav_date
SBFZ36,鼎鬲资本文艺复兴3号私募证券投资基金,鼎鬲资本文艺复兴3号,北京鼎鬲资管,2026-08-28,0.9182,2025-09-15,1,2,股票多头,,yes,鼎鬲资本文艺复兴3号私募证券投资基金,,,null_nav_date,yes,鼎鬲资本文艺复兴3号私募证券投资基金,正在运作,私募证券投资基金,北京鼎鬲资本管理有限公司,in_table_null_latest_nav_date
SBFZ23,盈舞陈氏俊承基业长青私募证券投资基金,盈舞陈氏俊承基业长青,深圳盈舞,2026-08-28,1.0732,2025-09-24,1,2,股票多头,,yes,盈舞陈氏俊承基业长青私募证券投资基金,,,null_nav_date,yes,盈舞陈氏俊承基业长青私募证券投资基金,正在运作,,深圳盈舞私募证券投资基金管理有限公司,in_table_null_latest_nav_date
SBFX58,大墉斗金一号私募证券投资基金,大墉斗金一号,上海大墉资管,2026-08-28,1.6101,2025-09-12,1,2,股票多头,,yes,大墉斗金一号私募证券投资基金,,,null_nav_date,yes,大墉斗金一号私募证券投资基金,正在运作,,上海大墉资产管理有限公司,in_table_null_latest_nav_date
SBFX47,前锋指数增强-应天私募证券投资基金,前锋指数增强-应天,深圳前海前锋德诚,2026-08-28,1.0923,2025-10-15,1,2,股票多头,,yes,前锋指数增强-应天私募证券投资基金,,,null_nav_date,yes,前锋指数增强-应天私募证券投资基金,正在运作,私募证券投资基金,深圳前海前锋德诚私募证券基金管理有限公司,in_table_null_latest_nav_date
SBFX31,千象航富卓越23号中证1000指数增强私募证券投资基金,千象航富卓越23号中证1000指数增强,上海千象资产,2026-08-28,1.0743,2025-12-12,1,2,股票多头,1000指增,yes,千象航富卓越23号中证1000指数增强私募证券投资基金,,,null_nav_date,yes,千象航富卓越23号中证1000指数增强私募证券投资基金,正在运作,私募证券投资基金,上海千象资产管理有限公司,in_table_null_latest_nav_date
SBFW89,金藏元金权二号私募证券投资基金,金藏元金权二号,浙江金藏元投资,2026-08-28,1.0554,2025-09-25,1,2,股票多头,,yes,金藏元金权二号私募证券投资基金,,,null_nav_date,yes,金藏元金权二号私募证券投资基金,正在运作,私募证券投资基金,浙江金藏元投资管理有限公司,in_table_null_latest_nav_date
SBFS70,星熹元知胜2号私募证券投资基金,星熹元知胜2号,北京星熹元,2026-08-28,1.0214,2025-09-10,1,2,股票多头,,yes,星熹元知胜2号私募证券投资基金,,,null_nav_date,yes,星熹元知胜2号私募证券投资基金,正在运作,,北京星熹元私募基金管理有限公司,in_table_null_latest_nav_date
SBFQ09,勤律恩舍甲木一号私募证券投资基金,勤律恩舍甲木一号,上海勤律,2026-08-28,1.2678,2025-10-16,1,2,股票多头,,yes,勤律恩舍甲木一号私募证券投资基金,,,null_nav_date,yes,勤律恩舍甲木一号私募证券投资基金,正在运作,,上海勤律私募基金管理有限公司,in_table_null_latest_nav_date
SBFP99,和美FOF一期私募证券投资基金,和美FOF一期,和美资本,2026-08-28,0.9465,2025-11-03,1,2,组合策略,FOF,yes,和美FOF一期私募证券投资基金,,,null_nav_date,yes,和美FOF一期私募证券投资基金,正在运作,私募证券投资基金,深圳市多和美投资顾问有限公司,in_table_null_latest_nav_date
SBFH24,远和可旺20号私募证券投资基金,远和可旺20号,杭州远和,2026-08-28,1.1844,2025-12-04,1,2,股票多头,,yes,远和可旺20号私募证券投资基金,,,null_nav_date,yes,远和可旺20号私募证券投资基金,正在运作,私募证券投资基金,杭州远和私募基金有限公司,in_table_null_latest_nav_date
SBFD87,御剑万象1号私募证券投资基金,御剑万象1号,青岛御剑乘风,2026-08-28,1.0478,2025-09-03,1,2,股票多头,,yes,御剑万象1号私募证券投资基金,,,null_nav_date,yes,御剑万象1号私募证券投资基金,正在运作,私募证券投资基金,青岛御剑乘风私募基金管理有限公司,in_table_null_latest_nav_date
SBFB92,大时代玛玛777号私募证券投资基金,大时代玛玛777号,北京大时代,2026-08-28,0.9646,2025-09-11,1,2,股票多头,,yes,大时代玛玛777号私募证券投资基金,,,null_nav_date,yes,大时代玛玛777号私募证券投资基金,正在运作,私募证券投资基金,北京大时代私募基金管理有限公司,in_table_null_latest_nav_date
SBFB51,今通三羊开泰300指增私募证券投资基金,今通三羊开泰300指增,上海今通投资,2026-08-28,1.2149,2025-09-17,1,2,股票多头,300指增,yes,今通三羊开泰300指增私募证券投资基金,,,null_nav_date,yes,今通三羊开泰300指增私募证券投资基金,正在运作,私募证券投资基金,上海今通投资管理有限公司,in_table_null_latest_nav_date
SBFA84,锦象致盈长帆私募证券投资基金,锦象致盈长帆,上海锦象资管,2026-08-28,1.3474,2025-09-17,1,2,股票多头,,yes,锦象致盈长帆私募证券投资基金,,,null_nav_date,yes,锦象致盈长帆私募证券投资基金,正在运作,私募证券投资基金,上海锦象私募基金管理有限公司,in_table_null_latest_nav_date
SBFA02,启元远方2号私募证券投资基金,启元远方2号,温州启元资管,2026-08-28,0.8566,2025-10-21,1,2,股票多头,主观多头,yes,启元远方2号私募证券投资基金,,,null_nav_date,yes,启元远方2号私募证券投资基金,正在运作,,温州启元资产管理有限公司,in_table_null_latest_nav_date
SBEY44,杉树国新精选1号私募证券投资基金,杉树国新精选1号,上海杉树资管,2026-08-28,0.8271,2026-02-05,1,2,股票多头,量化选股,yes,杉树国新精选1号私募证券投资基金,,,null_nav_date,yes,杉树国新精选1号私募证券投资基金,正在运作,私募证券投资基金,上海杉树资产管理有限公司,in_table_null_latest_nav_date
SBER82,止于至善远航1号私募证券投资基金,止于至善远航1号,北京止于至善投资,2026-08-28,1.9193,2025-11-26,1,2,股票多头,,yes,止于至善远航1号私募证券投资基金,,,null_nav_date,yes,止于至善远航1号私募证券投资基金,正在运作,私募证券投资基金,北京止于至善投资管理有限公司,in_table_null_latest_nav_date
SBEQ54,千象全景多元量化23号私募证券投资基金,千象全景多元量化23号,上海千象资产,2026-08-28,1.0444,2025-10-10,1,2,期货策略,,yes,千象全景多元量化23号私募证券投资基金,,,null_nav_date,yes,千象全景多元量化23号私募证券投资基金,正在运作,私募证券投资基金,上海千象资产管理有限公司,in_table_null_latest_nav_date
SBEL90,弘源混合股票私募证券投资基金,弘源混合股票,深圳弘源泰平资管,2026-08-28,0.985,2025-08-27,1,2,股票多头,量化选股,yes,弘源混合股票私募证券投资基金,,,null_nav_date,yes,弘源混合股票私募证券投资基金,正在运作,私募证券投资基金,深圳市弘源泰平资产管理有限公司,in_table_null_latest_nav_date
SBEL86,云泽时代1号私募证券投资基金,云泽时代1号,北京云泽时代,2026-08-28,1.0252,2025-08-26,1,2,股票多头,,yes,云泽时代1号私募证券投资基金,,,null_nav_date,yes,云泽时代1号私募证券投资基金,正在运作,私募证券投资基金,北京云泽时代私募基金管理有限公司,in_table_null_latest_nav_date
SBEL29,泽盈毅明93号私募证券投资基金,泽盈毅明93号,青岛泽盈资管,2026-08-28,1.0284,2025-08-28,1,2,股票多头,,yes,泽盈毅明93号私募证券投资基金,,,null_nav_date,yes,泽盈毅明93号私募证券投资基金,正在运作,私募证券投资基金,青岛泽盈资产管理有限公司,in_table_null_latest_nav_date
SBEA95,复胜盛业八号私募证券投资基金,复胜盛业八号,上海复胜资管,2026-08-28,1.242,2025-08-29,1,2,股票多头,,yes,复胜盛业八号私募证券投资基金,,,null_nav_date,yes,复胜盛业八号私募证券投资基金,正在运作,私募证券投资基金,上海复胜资产管理合伙企业（有限合伙）,in_table_null_latest_nav_date
SBEA43,尚湖沄衡1号私募证券投资基金,尚湖沄衡1号,上海尚湖,2026-08-28,1.0288,2025-12-19,1,2,期权策略,,yes,尚湖沄衡1号私募证券投资基金,,,null_nav_date,yes,尚湖沄衡1号私募证券投资基金,正在运作,私募证券投资基金,上海尚湖私募基金管理有限公司,in_table_null_latest_nav_date
SBDS46,铸山进取三号私募证券投资基金,铸山进取三号,珠海横琴新区铸山,2026-08-28,1.077,2025-09-19,1,2,股票多头,,yes,铸山进取三号私募证券投资基金,,,null_nav_date,yes,铸山进取三号私募证券投资基金,正在运作,私募证券投资基金,铸山（珠海横琴新区）私募基金管理有限公司,in_table_null_latest_nav_date
SBDP58,盛运德诚水沐1号私募证券投资基金,盛运德诚水沐1号,北京盛运德诚投资,2026-08-28,1.0249,2025-09-09,1,2,股票多头,,yes,盛运德诚水沐1号私募证券投资基金,,,null_nav_date,yes,盛运德诚水沐1号私募证券投资基金,正在运作,私募证券投资基金,北京盛运德诚投资管理有限责任公司,in_table_null_latest_nav_date
SBDL75,飞恒安心1号私募证券投资基金,飞恒安心1号,海南飞恒,2026-08-28,1.0434,2025-08-27,1,2,股票多头,,yes,飞恒安心1号私募证券投资基金,,,null_nav_date,yes,飞恒安心1号私募证券投资基金,正在运作,,海南飞恒私募基金管理有限公司,in_table_null_latest_nav_date
SBDH22,宏珠轩宇智选一号私募证券投资基金,宏珠轩宇智选一号,上海宏珠资管,2026-08-28,1.2042,2025-08-15,1,2,股票多头,,yes,宏珠轩宇智选一号私募证券投资基金,,,null_nav_date,yes,宏珠轩宇智选一号私募证券投资基金,正在运作,,上海宏珠资产管理有限公司,in_table_null_latest_nav_date
SBDB70,润泉浮楹1期私募证券投资基金,润泉浮楹1期,北京久阳润泉资本,2026-08-28,1.3177,2025-11-11,1,2,股票多头,,yes,润泉浮楹1期私募证券投资基金,,,null_nav_date,yes,润泉浮楹1期私募证券投资基金,正在运作,私募证券投资基金,北京久阳润泉资本管理中心（有限合伙）,in_table_null_latest_nav_date
SBCZ07,谦和支云一号私募证券投资基金,谦和支云一号,成都谦和,2026-08-28,1.0414,2025-08-08,1,2,股票多头,,yes,谦和支云一号私募证券投资基金,,,null_nav_date,yes,谦和支云一号私募证券投资基金,正在运作,,成都谦和私募基金管理有限公司,in_table_null_latest_nav_date
SBCW96,量道乘享5号私募证券投资基金,量道乘享5号,深圳量道投资,2026-08-28,0.9776,2025-08-21,1,2,股票多头,1000指增,yes,量道乘享5号私募证券投资基金,,,null_nav_date,yes,量道乘享5号私募证券投资基金,正在运作,私募证券投资基金,深圳量道投资管理有限公司,in_table_null_latest_nav_date
SBCV56,睿凝省心享兴泰进享1号私募证券投资基金,睿凝省心享兴泰进享1号,北京睿凝,2026-08-28,1.2216,2025-08-07,1,2,股票多头,A500指增,yes,睿凝省心享兴泰进享1号私募证券投资基金,,,null_nav_date,yes,睿凝省心享兴泰进享1号私募证券投资基金,正在运作,私募证券投资基金,北京睿凝私募基金管理有限公司,in_table_null_latest_nav_date
SBCT96,融裕星火1号私募证券投资基金,融裕星火1号,海南融裕,2026-08-28,0.9378,2025-09-09,1,2,股票多头,,yes,融裕星火1号私募证券投资基金,,,null_nav_date,yes,融裕星火1号私募证券投资基金,正在运作,,海南融裕私募基金管理有限公司,in_table_null_latest_nav_date
SBCT75,前海金驰-鸿晟私募证券投资基金,前海金驰-鸿晟,深圳前海金驰,2026-08-28,0.893,2025-10-27,1,2,股票多头,,yes,前海金驰-鸿晟私募证券投资基金,,,null_nav_date,yes,前海金驰-鸿晟私募证券投资基金,正在运作,,深圳前海金驰私募证券基金管理有限公司,in_table_null_latest_nav_date
SBCT39,睿凝省心享建隆量化中性10号私募证券投资基金,睿凝省心享建隆量化中性10号,北京睿凝,2026-08-28,1.0759,2025-07-31,1,2,股票对冲,股票市场中性,yes,睿凝省心享建隆量化中性10号私募证券投资基金,,,null_nav_date,yes,睿凝省心享建隆量化中性10号私募证券投资基金,正在运作,私募证券投资基金,北京睿凝私募基金管理有限公司,in_table_null_latest_nav_date
SBCS61,木莲锐进1号私募证券投资基金,木莲锐进1号,深圳木莲,2026-08-28,1.1812,2025-08-04,1,2,股票多头,,yes,木莲锐进1号私募证券投资基金,,,null_nav_date,yes,木莲锐进1号私募证券投资基金,正在运作,私募证券投资基金,深圳木莲私募证券投资基金有限公司,in_table_null_latest_nav_date
SBCN83,超量子招盈500增强6号私募证券投资基金,超量子招盈500增强6号,深圳超量子,2026-08-28,1.0767,2025-08-20,1,2,股票多头,500指增,yes,超量子招盈500增强6号私募证券投资基金,,,null_nav_date,yes,超量子招盈500增强6号私募证券投资基金,正在运作,私募证券投资基金,深圳市超量子私募证券基金管理有限公司,in_table_null_latest_nav_date
SBCG25,如愿基金麒麟私募证券投资基金,如愿基金麒麟,深圳如愿,2026-08-28,1.007,2025-08-18,1,2,股票多头,,yes,如愿基金麒麟私募证券投资基金,,,null_nav_date,yes,如愿基金麒麟私募证券投资基金,正在运作,私募证券投资基金,深圳如愿私募证券基金管理有限公司,in_table_null_latest_nav_date
SBCC63,泽盈毅明11号私募证券投资基金,泽盈毅明11号,青岛泽盈资管,2026-08-28,1.0868,2025-07-18,1,2,股票多头,,yes,泽盈毅明11号私募证券投资基金,,,null_nav_date,yes,泽盈毅明11号私募证券投资基金,正在运作,私募证券投资基金,青岛泽盈资产管理有限公司,in_table_null_latest_nav_date
SBCB48,远和可颂20号私募证券投资基金,远和可颂20号,杭州远和,2026-08-28,1.1989,2025-11-24,1,2,股票多头,,yes,远和可颂20号私募证券投资基金,,,null_nav_date,yes,远和可颂20号私募证券投资基金,正在运作,,杭州远和私募基金有限公司,in_table_null_latest_nav_date
SBCA57,木莲长青1号私募证券投资基金,木莲长青1号,深圳木莲,2026-08-28,1.088,2025-08-01,1,2,股票多头,,yes,木莲长青1号私募证券投资基金,,,null_nav_date,yes,木莲长青1号私募证券投资基金,正在运作,,深圳木莲私募证券投资基金有限公司,in_table_null_latest_nav_date
SBBY72,高益征程一号私募证券投资基金,高益征程一号,深圳高益,2026-08-28,1.0574,2025-07-31,1,2,股票多头,,yes,高益征程一号私募证券投资基金,,,null_nav_date,yes,高益征程一号私募证券投资基金,正在运作,私募证券投资基金,深圳市高益私募证券基金管理有限公司,in_table_null_latest_nav_date
SBBX57,宏珠CTA二号私募证券投资基金,宏珠CTA二号,上海宏珠资管,2026-08-28,0.9368,2026-01-29,1,2,期货策略,,yes,宏珠CTA二号私募证券投资基金,,,null_nav_date,yes,宏珠CTA二号私募证券投资基金,正在运作,私募证券投资基金,上海宏珠资产管理有限公司,in_table_null_latest_nav_date
SBBS85,宁波溢锋量选二号私募证券投资基金,宁波溢锋量选二号,宁波溢锋,2026-08-28,1.2577,2025-07-16,1,2,股票多头,量化选股,yes,宁波溢锋量选二号私募证券投资基金,,,null_nav_date,yes,宁波溢锋量选二号私募证券投资基金,正在运作,私募证券投资基金,宁波溢锋私募基金管理有限公司,in_table_null_latest_nav_date
SBBQ81,广东龙琦鑫智择盈通私募证券投资基金,广东龙琦鑫智择盈通,广东龙琦鑫资管,2026-08-28,0.911,2025-08-18,1,2,股票多头,,yes,广东龙琦鑫智择盈通私募证券投资基金,,,null_nav_date,yes,广东龙琦鑫智择盈通私募证券投资基金,正在运作,私募证券投资基金,广东龙琦鑫资产管理有限公司,in_table_null_latest_nav_date
SBBN88,量创陆港科技1号私募证券投资基金,量创陆港科技1号,前海量创投资,2026-08-28,1.6675,2025-07-31,1,2,多资产策略,复合策略,yes,量创陆港科技1号私募证券投资基金,,,null_nav_date,yes,量创陆港科技1号私募证券投资基金,正在运作,私募证券投资基金,深圳市前海合之力量创投资管理有限公司,in_table_null_latest_nav_date
SBBM27,杉树混合对冲7号私募证券投资基金,杉树混合对冲7号,上海杉树资管,2026-08-28,0.9586,2025-07-10,1,2,股票对冲,,yes,杉树混合对冲7号私募证券投资基金,,,null_nav_date,yes,杉树混合对冲7号私募证券投资基金,正在运作,私募证券投资基金,上海杉树资产管理有限公司,in_table_null_latest_nav_date
SBBL42,盈怀香柏树2号私募证券投资基金,盈怀香柏树2号,上海盈怀,2026-08-28,1.0453,2025-08-06,1,2,债券策略,债券复合,yes,盈怀香柏树2号私募证券投资基金,,,null_nav_date,yes,盈怀香柏树2号私募证券投资基金,正在运作,私募证券投资基金,上海盈怀私募基金管理有限公司,in_table_null_latest_nav_date
SBBL04,瑞桐悠光一号私募证券投资基金,瑞桐悠光一号,杭州瑞桐,2026-08-28,1.0695,2025-07-14,1,2,套利策略,,yes,瑞桐悠光一号私募证券投资基金,,,null_nav_date,yes,瑞桐悠光一号私募证券投资基金,正在运作,私募证券投资基金,瑞桐（杭州）私募基金管理有限公司,in_table_null_latest_nav_date
SBBG61,盛冠达悦昕价值精选私募证券投资基金,盛冠达悦昕价值精选,海南盛冠达,2026-08-28,0.9821,2025-09-26,1,2,股票对冲,,yes,盛冠达悦昕价值精选私募证券投资基金,,,null_nav_date,yes,盛冠达悦昕价值精选私募证券投资基金,正在运作,私募证券投资基金,海南盛冠达私募基金管理有限公司,in_table_null_latest_nav_date
SBBG00,碓泉可变阿尔法进取三号私募证券投资基金,碓泉可变阿尔法进取三号,杭州水碓泉资管,2026-08-28,0.9197,2025-07-10,1,2,股票多头,,yes,碓泉可变阿尔法进取三号私募证券投资基金,,,null_nav_date,yes,碓泉可变阿尔法进取三号私募证券投资基金,正在运作,私募证券投资基金,杭州水碓泉资产管理有限公司,in_table_null_latest_nav_date
SBBC45,量客光佑多策略二十一期私募证券投资基金,量客光佑多策略二十一期,上海量客,2026-08-28,1.0852,2025-07-02,1,2,多资产策略,复合策略,yes,量客光佑多策略二十一期私募证券投资基金,,,null_nav_date,yes,量客光佑多策略二十一期私募证券投资基金,正在运作,私募证券投资基金,上海量客私募基金管理有限公司,in_table_null_latest_nav_date
SBAU03,歆享恒丰一号私募证券投资基金,歆享恒丰一号,上海歆享资管,2026-08-28,1.194,2025-07-02,1,2,期货策略,,yes,歆享恒丰一号私募证券投资基金,,,null_nav_date,yes,歆享恒丰一号私募证券投资基金,正在运作,私募证券投资基金,上海歆享资产管理有限公司,in_table_null_latest_nav_date
SBAU02,价远苏鹰8号私募证券投资基金,价远苏鹰8号,浙江价远投资,2026-08-28,1.022,2025-08-15,1,2,股票多头,,yes,价远苏鹰8号私募证券投资基金,,,null_nav_date,yes,价远苏鹰8号私募证券投资基金,正在运作,私募证券投资基金,浙江价远投资管理有限公司,in_table_null_latest_nav_date
SBAK53,榕树投资荣煜壹号私募证券投资基金,榕树投资荣煜壹号,深圳榕树投资,2026-08-28,1.1817,2025-07-07,1,2,股票多头,,yes,榕树投资荣煜壹号私募证券投资基金,,,null_nav_date,yes,榕树投资荣煜壹号私募证券投资基金,正在运作,私募证券投资基金,深圳市榕树投资管理有限公司,in_table_null_latest_nav_date
SBAK52,锦象致享6号私募证券投资基金,锦象致享6号,上海锦象资管,2026-08-28,1.6281,2025-07-22,1,2,股票多头,,yes,锦象致享6号私募证券投资基金,,,null_nav_date,yes,锦象致享6号私募证券投资基金,正在运作,,上海锦象私募基金管理有限公司,in_table_null_latest_nav_date
SBAJ67,双隆优享一号私募证券投资基金,双隆优享一号,上海双隆投资,2026-08-28,1.089,2025-06-25,1,2,组合策略,FOF,yes,双隆优享一号私募证券投资基金,,,null_nav_date,yes,双隆优享一号私募证券投资基金,正在运作,私募证券投资基金,上海双隆投资有限公司,in_table_null_latest_nav_date
SBAH32,善思慧成叁拾壹号私募证券投资基金,善思慧成叁拾壹号,新余善思投资,2026-08-28,1.04,2025-07-16,1,2,股票多头,,yes,善思慧成叁拾壹号私募证券投资基金,,,null_nav_date,yes,善思慧成叁拾壹号私募证券投资基金,正在运作,私募证券投资基金,新余善思投资管理中心（有限合伙）,in_table_null_latest_nav_date
SBAB79,禄格志国1号私募证券投资基金,禄格志国1号,陕西禄格,2026-08-28,0.9207,2025-07-16,1,2,股票多头,,yes,禄格志国1号私募证券投资基金,,,null_nav_date,yes,禄格志国1号私募证券投资基金,正在运作,私募证券投资基金,陕西禄格私募基金管理有限公司,in_table_null_latest_nav_date
SBAA99,今通青骓创新量选私募证券投资基金,今通青骓创新量选,上海今通投资,2026-08-28,1.0515,2025-06-26,1,2,股票多头,量化选股,yes,今通青骓创新量选私募证券投资基金,,,null_nav_date,yes,今通青骓创新量选私募证券投资基金,正在运作,私募证券投资基金,上海今通投资管理有限公司,in_table_null_latest_nav_date
SB8164,衍复优优中证全指指数增强2号私募证券投资基金,衍复优优中证全指指数增强2号,上海衍复投资,2026-08-28,1.0207,2026-07-28,1,2,股票多头,量化选股,yes,衍复优优中证全指指数增强2号私募证券投资基金,,,null_nav_date,yes,衍复优优中证全指指数增强2号私募证券投资基金,正在运作,,上海衍复投资管理有限公司,in_table_null_latest_nav_date
SB8145,衍复优优中证A500指数增强2号私募证券投资基金,衍复优优中证A500指数增强2号,上海衍复投资,2026-08-28,1.0148,2026-08-04,1,2,股票多头,A500指增,yes,衍复优优中证A500指数增强2号私募证券投资基金,,,null_nav_date,yes,衍复优优中证A500指数增强2号私募证券投资基金,正在运作,,上海衍复投资管理有限公司,in_table_null_latest_nav_date
SB7186,宝荟灵策爆米花5号私募证券投资基金,宝荟灵策爆米花5号,上海宝荟投资,2026-08-28,1.1179,2023-08-07,1,2,股票多头,主观多头,yes,宝荟灵策爆米花5号私募证券投资基金,,,null_nav_date,yes,宝荟灵策爆米花5号私募证券投资基金,正在运作,,上海宝荟投资管理中心（有限合伙）,in_table_null_latest_nav_date
SB5918,鸿儒灵活配置2期私募证券投资基金,鸿儒灵活配置2期,上海鸿儒投资,2026-08-28,1.0057,2023-07-20,1,2,套利策略,基金套利,yes,鸿儒灵活配置2期私募证券投资基金,,,null_nav_date,yes,鸿儒灵活配置2期私募证券投资基金,正在运作,,上海鸿儒投资管理有限公司,in_table_null_latest_nav_date
SB3161,凤翔安泰私募证券投资母基金,凤翔安泰私募母基金,深圳凤翔,2026-08-28,1.2656,2023-06-20,1,2,组合策略,FOF,yes,凤翔安泰私募证券投资母基金,,,null_nav_date,yes,凤翔安泰私募证券投资母基金,正在运作,私募证券投资基金,深圳凤翔私募证券基金管理有限公司,in_table_null_latest_nav_date
SB2110,君翊中证1000指数增强私募证券投资基金,君翊中证1000指数增强,常州君翊投资,2026-08-28,1.2478,2023-06-20,1,2,股票多头,1000指增,yes,君翊中证1000指数增强私募证券投资基金,,,null_nav_date,yes,君翊中证1000指数增强私募证券投资基金,正在运作,,常州君翊投资管理有限公司,in_table_null_latest_nav_date
SB2014,高旗流动性精选私募证券投资基金,高旗流动性精选,深圳高旗环亚,2026-08-28,1.2179,2023-06-16,1,2,股票多头,主观多头,yes,高旗流动性精选私募证券投资基金,,,null_nav_date,yes,高旗流动性精选私募证券投资基金,正在运作,,深圳高旗环亚私募证券基金管理有限公司,in_table_null_latest_nav_date
SB1614,永誉天泽双创精选一号私募证券投资基金,永誉天泽双创精选一号,青岛永誉天泽,2026-08-28,1.3208,2023-06-13,1,2,股票对冲,股票市场中性,yes,永誉天泽双创精选一号私募证券投资基金,,,null_nav_date,yes,永誉天泽双创精选一号私募证券投资基金,正在运作,私募证券投资基金,青岛永誉天泽私募基金管理有限公司,in_table_null_latest_nav_date
SB0720,宝通灵活配置5号私募证券投资基金,宝通灵活配置5号,北京宝通鑫源投资,2026-08-28,1.0927,2023-06-05,1,2,股票多头,主观多头,yes,宝通灵活配置5号私募证券投资基金,,,null_nav_date,yes,宝通灵活配置5号私募证券投资基金,正在运作,,北京宝通鑫源投资管理有限公司,in_table_null_latest_nav_date
SB0569,贯古全天候1号私募证券投资基金,贯古全天候1号,天津贯古,2026-08-28,1.0236,2026-06-17,1,2,多资产策略,宏观策略,yes,贯古全天候1号私募证券投资基金,,,null_nav_date,yes,贯古全天候1号私募证券投资基金,正在运作,私募证券投资基金,贯古私募基金管理（天津）有限公司,in_table_null_latest_nav_date
SAZT69,宝通启盛家办东方福宝2号私募证券投资基金,宝通启盛家办东方福宝2号,北京宝通鑫源投资,2026-08-28,1.183,2025-06-24,1,2,股票多头,,yes,宝通启盛家办东方福宝2号私募证券投资基金,,,null_nav_date,yes,宝通启盛家办东方福宝2号私募证券投资基金,正在运作,私募证券投资基金,北京宝通鑫源投资管理有限公司,in_table_null_latest_nav_date
SAZQ25,广州金麦丰天府私募证券投资基金,广州金麦丰天府,广州金麦丰,2026-08-28,0.9692,2025-06-12,1,2,股票多头,,yes,广州金麦丰天府私募证券投资基金,,,null_nav_date,yes,广州金麦丰天府私募证券投资基金,正在运作,私募证券投资基金,广州金麦丰私募证券投资基金管理有限公司,in_table_null_latest_nav_date
SAZM86,博益川行阿尔法1号私募证券投资基金,博益川行阿尔法1号,深圳博益,2026-08-28,0.9736,2025-09-29,1,2,股票对冲,,yes,博益川行阿尔法1号私募证券投资基金,,,null_nav_date,yes,博益川行阿尔法1号私募证券投资基金,正在运作,私募证券投资基金,深圳博益私募证券基金管理有限公司,in_table_null_latest_nav_date
SAZH92,智领宏观多策略私募证券投资基金,智领宏观多策略,福州智领三联,2026-08-28,1.1137,2025-06-11,1,2,多资产策略,宏观策略,yes,智领宏观多策略私募证券投资基金,,,null_nav_date,yes,智领宏观多策略私募证券投资基金,正在运作,,福州高新区智领三联私募基金管理有限公司,in_table_null_latest_nav_date
SAZC08,鑫泰禾安赢3号私募证券投资基金,鑫泰禾安赢3号,深圳鑫泰禾,2026-08-28,1.0387,2025-06-24,1,2,套利策略,基金套利,yes,鑫泰禾安赢3号私募证券投资基金,,,null_nav_date,yes,鑫泰禾安赢3号私募证券投资基金,正在运作,私募证券投资基金,深圳鑫泰禾私募证券投资基金管理有限公司,in_table_null_latest_nav_date
SAYZ85,衍合多元进取1000指数增强7号私募证券投资基金,衍合多元进取1000指数增强7号,上海衍合,2026-08-28,1.0488,2025-08-21,1,2,股票多头,1000指增,yes,衍合多元进取1000指数增强7号私募证券投资基金,,,null_nav_date,yes,衍合多元进取1000指数增强7号私募证券投资基金,正在运作,私募证券投资基金,上海衍合私募基金管理有限公司,in_table_null_latest_nav_date
SAYQ58,聚宽量化选股三号私募证券投资基金,聚宽量化选股三号,北京聚宽投资,2026-08-28,0.9048,2025-05-27,1,2,股票多头,2000指增,yes,聚宽量化选股三号私募证券投资基金,,,null_nav_date,yes,聚宽量化选股三号私募证券投资基金,正在运作,私募证券投资基金,北京聚宽投资管理有限公司,in_table_null_latest_nav_date
SAYD95,中益仁冬封千尘私募证券投资基金,中益仁冬封千尘,日照中益仁,2026-08-28,1.013,2025-05-07,1,2,期权策略,,yes,中益仁冬封千尘私募证券投资基金,,,null_nav_date,yes,中益仁冬封千尘私募证券投资基金,正在运作,,日照中益仁私募基金管理有限公司,in_table_null_latest_nav_date
SAYB14,蜂起期权对冲2号私募证券投资基金,蜂起期权对冲2号,珠海蜂起资本,2026-08-28,1.0568,2025-05-12,1,2,期权策略,场内期权,yes,蜂起期权对冲2号私募证券投资基金,,,null_nav_date,yes,蜂起期权对冲2号私募证券投资基金,正在运作,,珠海蜂起资本私募基金管理有限公司,in_table_null_latest_nav_date
SAXY59,皓普聚富1号专项私募证券投资基金,皓普聚富1号专项,湖南皓普,2026-08-28,2.0265,2025-06-10,1,2,股票多头,,yes,皓普聚富1号专项私募证券投资基金,,,null_nav_date,yes,皓普聚富1号专项私募证券投资基金,正在运作,私募证券投资基金,湖南皓普私募基金管理有限公司,in_table_null_latest_nav_date
SAXV07,森恩临界二号证券私募投资基金,森恩临界二号,上海森恩资管,2026-08-28,0.879,2025-07-01,1,2,股票多头,,yes,森恩临界二号证券私募投资基金,,,null_nav_date,yes,森恩临界二号证券私募投资基金,正在运作,私募证券投资基金,上海森恩资产管理有限公司,in_table_null_latest_nav_date
SAXT66,笃诚共赢2号私募证券投资基金,笃诚共赢2号,上海笃诚,2026-08-28,1.1919,2025-09-23,1,2,股票多头,,yes,笃诚共赢2号私募证券投资基金,,,null_nav_date,yes,笃诚共赢2号私募证券投资基金,正在运作,私募证券投资基金,上海笃诚私募基金管理有限公司,in_table_null_latest_nav_date
SAXR17,雸昇A500一号私募证券投资基金,雸昇A500一号,杭州雸昇资管,2026-08-28,1.0487,2025-04-28,1,2,股票多头,A500指增,yes,雸昇A500一号私募证券投资基金,,,null_nav_date,yes,雸昇A500一号私募证券投资基金,正在运作,,杭州雸昇资产管理有限公司,in_table_null_latest_nav_date
SAXQ79,明泰云骁2号私募证券投资基金,明泰云骁2号,上海明泰祥元,2026-08-28,1.1538,2025-12-16,1,2,股票多头,,yes,明泰云骁2号私募证券投资基金,,,null_nav_date,yes,明泰云骁2号私募证券投资基金,正在运作,私募证券投资基金,上海明泰祥元私募基金管理有限公司,in_table_null_latest_nav_date
SAXB11,乾瓴雁恒久盈私募证券投资基金,乾瓴雁恒久盈,北京乾瓴,2026-08-28,1.1672,2025-04-11,1,2,股票多头,,yes,乾瓴雁恒久盈私募证券投资基金,,,null_nav_date,yes,乾瓴雁恒久盈私募证券投资基金,正在运作,私募证券投资基金,北京乾瓴私募基金管理有限公司,in_table_null_latest_nav_date
SAXA75,御剑乘风丰惠德多策略精选1号私募证券投资基金,御剑乘风丰惠德多策略精选1号,青岛御剑乘风,2026-08-28,1.1199,2025-04-14,1,2,多资产策略,复合策略,yes,御剑乘风丰惠德多策略精选1号私募证券投资基金,,,null_nav_date,yes,御剑乘风丰惠德多策略精选1号私募证券投资基金,正在运作,,青岛御剑乘风私募基金管理有限公司,in_table_null_latest_nav_date
SAWV60,星汇星河1号私募证券投资基金,星汇星河1号,上海思达星汇,2026-08-28,1.1072,2025-04-11,1,2,股票多头,,yes,星汇星河1号私募证券投资基金,,,null_nav_date,yes,星汇星河1号私募证券投资基金,正在运作,私募证券投资基金,上海思达星汇私募基金管理有限公司,in_table_null_latest_nav_date
SAWS55,翰荣沪深300中性一号私募证券投资基金,翰荣沪深300中性一号,深圳翰荣,2026-08-28,1.1015,2025-04-07,1,2,股票多头,300指增,yes,翰荣沪深300中性一号私募证券投资基金,,,null_nav_date,yes,翰荣沪深300中性一号私募证券投资基金,正在运作,私募证券投资基金,深圳翰荣私募证券基金管理有限公司,in_table_null_latest_nav_date
SAWS38,宏量鼎昆私募证券投资基金,宏量鼎昆,北京宏量资管,2026-08-28,1.4118,2025-04-22,1,2,股票多头,,yes,宏量鼎昆私募证券投资基金,,,null_nav_date,yes,宏量鼎昆私募证券投资基金,正在运作,私募证券投资基金,北京宏量资本管理有限公司,in_table_null_latest_nav_date
SAWS29,汇升永嘉2号私募证券投资基金,汇升永嘉2号,杭州汇升,2026-08-28,1.3683,2025-04-03,1,2,股票多头,,yes,汇升永嘉2号私募证券投资基金,,,null_nav_date,yes,汇升永嘉2号私募证券投资基金,正在运作,私募证券投资基金,杭州汇升私募基金管理有限公司,in_table_null_latest_nav_date
SAWN66,交睿宏安1号私募证券投资基金,交睿宏安1号,上海交睿,2026-08-28,1.0587,2025-11-18,1,2,多资产策略,,yes,交睿宏安1号私募证券投资基金,,,null_nav_date,yes,交睿宏安1号私募证券投资基金,正在运作,,上海交睿私募基金管理有限公司,in_table_null_latest_nav_date
SAWL28,勤律恩舍初晴1号私募证券投资基金,勤律恩舍初晴1号,上海勤律,2026-08-28,1.1331,2025-04-08,1,2,股票多头,,yes,勤律恩舍初晴1号私募证券投资基金,,,null_nav_date,yes,勤律恩舍初晴1号私募证券投资基金,正在运作,私募证券投资基金,上海勤律私募基金管理有限公司,in_table_null_latest_nav_date
SAWH41,瞰渡任远1号私募证券投资基金,瞰渡任远1号,北京瞰渡资管,2026-08-28,1.7694,2025-04-03,1,2,股票多头,,yes,瞰渡任远1号私募证券投资基金,,,null_nav_date,yes,瞰渡任远1号私募证券投资基金,正在运作,私募证券投资基金,北京瞰渡资产管理有限公司,in_table_null_latest_nav_date
SAVY93,简雍中证全指指数增强一号私募证券投资基金,简雍中证全指指数增强一号,上海简雍资管,2026-08-28,1.2953,2025-04-16,1,2,股票多头,量化选股,yes,简雍中证全指指数增强一号私募证券投资基金,,,null_nav_date,yes,简雍中证全指指数增强一号私募证券投资基金,正在运作,私募证券投资基金,上海简雍资产管理有限公司,in_table_null_latest_nav_date
SAVY83,新华日报·新华红叁号私募证券投资基金,新华日报·新华红叁号,江苏新华日报基金,2026-08-28,1.4961,2025-03-25,1,2,股票多头,主观多头,yes,新华日报·新华红叁号私募证券投资基金,,,null_nav_date,yes,新华日报·新华红叁号私募证券投资基金,正在运作,私募证券投资基金,江苏新华日报基金管理有限公司,in_table_null_latest_nav_date
SAVX33,刀锋价值精选私募证券投资基金,刀锋价值精选,深圳刀锋,2026-08-28,1.0558,2026-06-16,1,2,股票对冲,,yes,刀锋价值精选私募证券投资基金,,,null_nav_date,yes,刀锋价值精选私募证券投资基金,正在运作,私募证券投资基金,深圳市刀锋私募证券基金管理有限公司,in_table_null_latest_nav_date
SAVW59,千象鑫享全景多元量化9号私募证券投资基金,千象鑫享全景多元量化9号,上海千象资产,2026-08-28,1.1069,2025-04-23,1,2,期货策略,,yes,千象鑫享全景多元量化9号私募证券投资基金,,,null_nav_date,yes,千象鑫享全景多元量化9号私募证券投资基金,正在运作,私募证券投资基金,上海千象资产管理有限公司,in_table_null_latest_nav_date
SAVU24,穗景领航私募证券投资基金,穗景领航,深圳前海穗景资管,2026-08-28,0.6893,2025-05-13,1,2,股票多头,,yes,穗景领航私募证券投资基金,,,null_nav_date,yes,穗景领航私募证券投资基金,正在运作,私募证券投资基金,深圳前海穗景资产管理有限公司,in_table_null_latest_nav_date
SAVS18,瀛赐创诚私募证券投资基金,瀛赐创诚,上海瀛赐,2026-08-28,1.0892,2025-03-18,1,2,股票多头,主观多头,yes,瀛赐创诚私募证券投资基金,,,null_nav_date,yes,瀛赐创诚私募证券投资基金,正在运作,,上海瀛赐私募基金管理有限公司,in_table_null_latest_nav_date
SAVN10,国富联合百益私募证券投资基金,国富联合百益,青岛国富联合,2026-08-28,1.0678,2025-03-18,1,2,股票多头,,yes,国富联合百益私募证券投资基金,,,null_nav_date,yes,国富联合百益私募证券投资基金,正在运作,私募证券投资基金,国富联合（青岛）私募基金管理有限公司,in_table_null_latest_nav_date
SAVL12,金睿和嘉承私募证券投资基金,金睿和嘉承,广东金睿和投资,2026-08-28,1.4025,2025-04-16,1,2,股票多头,,yes,金睿和嘉承私募证券投资基金,,,null_nav_date,yes,金睿和嘉承私募证券投资基金,正在运作,,广东金睿和投资管理有限公司,in_table_null_latest_nav_date
SAVB52,守正恒享1号私募证券投资基金,守正恒享1号,北京中汇守正,2026-08-28,1.4946,2025-03-19,1,2,股票多头,,yes,守正恒享1号私募证券投资基金,,,null_nav_date,yes,守正恒享1号私募证券投资基金,正在运作,私募证券投资基金,北京中汇守正私募基金管理合伙企业（有限合伙）,in_table_null_latest_nav_date
SAUV57,涌涵涵杨1号FOF私募证券投资基金,涌涵涵杨1号FOF,上海涌涵,2026-08-28,1.218,2025-03-13,1,2,组合策略,FOF,yes,涌涵涵杨1号FOF私募证券投资基金,,,null_nav_date,yes,涌涵涵杨1号FOF私募证券投资基金,正在运作,,上海涌涵私募基金管理有限公司,in_table_null_latest_nav_date
SAUT16,恺博厚利1号私募证券投资基金,恺博厚利1号,上海恺博,2026-08-28,1.0784,2025-03-05,1,2,股票多头,,yes,恺博厚利1号私募证券投资基金,,,null_nav_date,yes,恺博厚利1号私募证券投资基金,正在运作,私募证券投资基金,上海恺博私募基金管理有限公司,in_table_null_latest_nav_date
SAUS67,孚盈稳健一号私募证券投资基金,孚盈稳健一号,杭州孚盈投资,2026-08-28,1.0896,2025-04-07,1,2,期货策略,,yes,孚盈稳健一号私募证券投资基金,,,null_nav_date,yes,孚盈稳健一号私募证券投资基金,正在运作,私募证券投资基金,杭州孚盈投资管理有限公司,in_table_null_latest_nav_date
SAUP11,容棠博鑫9号私募证券投资基金,容棠博鑫9号,上海容棠,2026-08-28,1.2138,2025-06-10,1,2,股票多头,,yes,容棠博鑫9号私募证券投资基金,,,null_nav_date,yes,容棠博鑫9号私募证券投资基金,正在运作,私募证券投资基金,上海容棠私募基金管理有限公司,in_table_null_latest_nav_date
SAUN99,华益盛世10号私募证券投资基金,华益盛世10号,深圳华益盛世投资,2026-08-28,0.8132,2025-03-21,1,2,股票多头,,yes,华益盛世10号私募证券投资基金,,,null_nav_date,yes,华益盛世10号私募证券投资基金,正在运作,,深圳市华益盛世投资管理有限公司,in_table_null_latest_nav_date
SATX71,千象全景多元量化3号私募证券投资基金,千象全景多元量化3号,上海千象资产,2026-08-28,1.0956,2025-06-06,1,2,期货策略,,yes,千象全景多元量化3号私募证券投资基金,,,null_nav_date,yes,千象全景多元量化3号私募证券投资基金,正在运作,私募证券投资基金,上海千象资产管理有限公司,in_table_null_latest_nav_date
SATW37,英鑫宝鑫1号私募证券投资基金,英鑫宝鑫1号,江苏英鑫,2026-08-28,0.8935,2025-02-05,1,2,股票多头,,yes,英鑫宝鑫1号私募证券投资基金,,,null_nav_date,yes,英鑫宝鑫1号私募证券投资基金,正在运作,私募证券投资基金,江苏英鑫私募基金管理有限公司,in_table_null_latest_nav_date
SATV21,穗景光明三期私募证券投资基金,穗景光明三期,深圳前海穗景资管,2026-08-28,1.2579,2025-01-27,1,2,股票多头,,yes,穗景光明三期私募证券投资基金,,,null_nav_date,yes,穗景光明三期私募证券投资基金,正在运作,私募证券投资基金,深圳前海穗景资产管理有限公司,in_table_null_latest_nav_date
SATV14,瀚鑫财赋稳健一号私募证券投资基金,瀚鑫财赋稳健一号,深圳瀚鑫,2026-08-28,1.2044,2025-03-24,1,2,股票多头,,yes,瀚鑫财赋稳健一号私募证券投资基金,,,null_nav_date,yes,瀚鑫财赋稳健一号私募证券投资基金,正在运作,私募证券投资基金,深圳市瀚鑫私募证券投资基金管理有限公司,in_table_null_latest_nav_date
SATM82,天鹭添喜中性一号私募证券投资基金,天鹭添喜中性一号,上海天鹭,2026-08-28,1.0093,2026-06-25,1,2,股票对冲,股票市场中性,yes,天鹭添喜中性一号私募证券投资基金,,,null_nav_date,yes,天鹭添喜中性一号私募证券投资基金,正在运作,私募证券投资基金,上海天鹭私募基金管理有限公司,in_table_null_latest_nav_date
SATF48,金岭泰山初晓私募证券投资基金,金岭泰山初晓,青岛金岭,2026-08-28,1.8271,2025-01-15,1,2,股票多头,,yes,金岭泰山初晓私募证券投资基金,,,null_nav_date,yes,金岭泰山初晓私募证券投资基金,正在运作,私募证券投资基金,青岛金岭私募基金管理有限公司,in_table_null_latest_nav_date
SATB55,聚力运达私募证券投资基金,聚力运达,湖南聚力财富,2026-08-28,1.462,2025-03-14,1,2,股票多头,主观多头,yes,聚力运达私募证券投资基金,,,null_nav_date,yes,聚力运达私募证券投资基金,正在运作,私募证券投资基金,湖南聚力财富私募基金管理有限公司,in_table_null_latest_nav_date
SATA66,聚力潇湘1号私募证券投资基金,聚力潇湘1号,湖南聚力财富,2026-08-28,1.0288,2025-12-26,1,2,股票多头,,yes,聚力潇湘1号私募证券投资基金,,,null_nav_date,yes,聚力潇湘1号私募证券投资基金,正在运作,,湖南聚力财富私募基金管理有限公司,in_table_null_latest_nav_date
SASK68,睿凝乾德中证1000指数增强2号私募证券投资基金,睿凝乾德中证1000指数增强2号,北京睿凝,2026-08-28,1.5777,2025-03-05,1,2,股票多头,1000指增,yes,睿凝乾德中证1000指数增强2号私募证券投资基金,,,null_nav_date,yes,睿凝乾德中证1000指数增强2号私募证券投资基金,正在运作,私募证券投资基金,北京睿凝私募基金管理有限公司,in_table_null_latest_nav_date
SASE43,汇天利天盈一号私募证券投资基金,汇天利天盈一号,广东汇天利,2026-08-28,1.0779,2024-12-25,1,2,股票多头,,yes,汇天利天盈一号私募证券投资基金,,,null_nav_date,yes,汇天利天盈一号私募证券投资基金,正在运作,私募证券投资基金,广东汇天利私募基金管理有限公司,in_table_null_latest_nav_date
SASB57,东方港湾河大明德至善卓越奖私募证券投资基金,东方港湾河大明德至善卓越奖,深圳东方港湾投资,2026-08-28,1.27,2025-02-24,1,2,股票多头,,yes,东方港湾河大明德至善卓越奖私募证券投资基金,,,null_nav_date,yes,东方港湾河大明德至善卓越奖私募证券投资基金,正在运作,私募证券投资基金,深圳东方港湾投资管理股份有限公司,in_table_null_latest_nav_date
SARZ12,玉数红利安心一号私募证券投资基金,玉数红利安心一号,上海玉数投资,2026-08-28,1.2812,2025-01-27,1,2,股票多头,红利指增,yes,玉数红利安心一号私募证券投资基金,,,null_nav_date,yes,玉数红利安心一号私募证券投资基金,正在运作,私募证券投资基金,上海玉数投资管理有限公司,in_table_null_latest_nav_date
SARN68,根鸟利恩稳健套利二号私募证券投资基金,根鸟利恩稳健套利二号,上海利恩,2026-08-28,1.0386,2024-12-03,1,2,套利策略,,yes,根鸟利恩稳健套利二号私募证券投资基金,,,null_nav_date,yes,根鸟利恩稳健套利二号私募证券投资基金,正在运作,私募证券投资基金,上海利恩私募基金管理有限公司,in_table_null_latest_nav_date
SARK20,聚力长江1号私募证券投资基金,聚力长江1号,湖南聚力财富,2026-08-28,1.2633,2024-12-06,1,2,股票多头,主观多头,yes,聚力长江1号私募证券投资基金,,,null_nav_date,yes,聚力长江1号私募证券投资基金,正在运作,私募证券投资基金,湖南聚力财富私募基金管理有限公司,in_table_null_latest_nav_date
SAQZ92,和聚任大1号私募证券投资基金,和聚任大1号,北京和聚,2026-08-28,0.8355,2026-06-08,1,2,股票多头,,yes,和聚任大1号私募证券投资基金,,,null_nav_date,yes,和聚任大1号私募证券投资基金,正在运作,私募证券投资基金,北京和聚私募基金管理有限公司,in_table_null_latest_nav_date
SAQS94,中谦恒星1号私募证券投资基金,中谦恒星1号,杭州中谦资管,2026-08-28,1.1329,2025-09-22,1,2,多资产策略,复合策略,yes,中谦恒星1号私募证券投资基金,,,null_nav_date,yes,中谦恒星1号私募证券投资基金,正在运作,私募证券投资基金,杭州中谦资产管理有限公司,in_table_null_latest_nav_date
SAQH46,东源投资乐源3号私募证券投资基金,东源投资乐源3号,天津东源投资,2026-08-28,1.0287,2026-06-10,1,2,股票多头,,yes,东源投资乐源3号私募证券投资基金,,,null_nav_date,yes,东源投资乐源3号私募证券投资基金,正在运作,私募证券投资基金,东源（天津）股权投资基金管理股份有限公司,in_table_null_latest_nav_date
SAQE09,高鼎聚量价值成长1号私募证券投资基金,高鼎聚量价值成长1号,上海高鼎,2026-08-28,1.583,2024-11-20,1,2,股票多头,,yes,高鼎聚量价值成长1号私募证券投资基金,,,null_nav_date,yes,高鼎聚量价值成长1号私募证券投资基金,正在运作,,上海高鼎私募基金管理有限公司,in_table_null_latest_nav_date
SAQA49,星云至恒持盈守成可转债增强私募证券投资基金,星云至恒持盈守成可转债增强,厦门星云至恒,2026-08-28,0.9994,2024-10-21,1,2,债券策略,,yes,星云至恒持盈守成可转债增强私募证券投资基金,,,null_nav_date,yes,星云至恒持盈守成可转债增强私募证券投资基金,正在运作,私募证券投资基金,星云至恒（厦门）私募基金管理有限公司,in_table_null_latest_nav_date
SAPX93,巨熊金龙一号私募证券投资基金,巨熊金龙一号,深圳巨熊,2026-08-28,0.7982,2024-10-17,1,2,股票多头,,yes,巨熊金龙一号私募证券投资基金,,,null_nav_date,yes,巨熊金龙一号私募证券投资基金,正在运作,私募证券投资基金,深圳巨熊私募证券基金管理有限公司,in_table_null_latest_nav_date
SAPJ16,交睿宏途7号私募证券投资基金,交睿宏途7号,上海交睿,2026-08-28,1.194,2024-10-18,1,2,多资产策略,宏观策略,yes,交睿宏观配置6号私募证券投资基金,,,null_nav_date,yes,交睿宏途7号私募证券投资基金,正在运作,,上海交睿私募基金管理有限公司,in_table_null_latest_nav_date
SANL68,钰和泽榞1号私募证券投资基金,钰和泽榞1号,海南钰和,2026-08-28,1.4027,2024-08-12,1,2,股票多头,,yes,钰和泽榞1号私募证券投资基金,,,null_nav_date,yes,钰和泽榞1号私募证券投资基金,正在运作,私募证券投资基金,海南钰和私募基金管理有限公司,in_table_null_latest_nav_date
SANB17,汇天利进取一号私募证券投资基金,汇天利进取一号,广东汇天利,2026-08-28,1.355,2024-09-30,1,2,股票多头,,yes,汇天利进取一号私募证券投资基金,,,null_nav_date,yes,汇天利进取一号私募证券投资基金,正在运作,私募证券投资基金,广东汇天利私募基金管理有限公司,in_table_null_latest_nav_date
SAMW36,润泉5期私募证券投资基金,润泉5期,北京久阳润泉资本,2026-08-28,1.086,2026-02-03,1,2,股票多头,,yes,润泉5期私募证券投资基金,,,null_nav_date,yes,润泉5期私募证券投资基金,正在运作,私募证券投资基金,北京久阳润泉资本管理中心（有限合伙）,in_table_null_latest_nav_date
SAMK40,新方程全球配置私募证券投资基金,新方程全球配置,上海新方程,2026-08-28,1.0906,2024-08-02,1,2,其他,,yes,新方程全球配置私募证券投资基金,,,null_nav_date,yes,新方程全球配置私募证券投资基金,正在运作,,上海新方程私募基金管理有限公司,in_table_null_latest_nav_date
SAMH12,金睿和恒利1号私募证券投资基金,金睿和恒利1号,广东金睿和投资,2026-08-28,1.0295,2025-04-11,1,2,股票多头,,yes,金睿和恒利1号私募证券投资基金,,,null_nav_date,yes,金睿和恒利1号私募证券投资基金,正在运作,私募证券投资基金,广东金睿和投资管理有限公司,in_table_null_latest_nav_date
SAMH11,智领弦量指数增强1号私募证券投资基金,智领弦量指数增强1号,福州智领三联,2026-08-28,1.2116,2024-07-04,1,2,期货策略,量化期货,yes,智领弦量指数增强1号私募证券投资基金,,,null_nav_date,yes,智领弦量指数增强1号私募证券投资基金,正在运作,,福州高新区智领三联私募基金管理有限公司,in_table_null_latest_nav_date
SALW01,利恩华龙股票进取一号私募证券投资基金,利恩华龙股票进取一号,上海利恩,2026-08-28,1.0036,2024-07-17,1,2,套利策略,,yes,利恩华龙股票进取一号私募证券投资基金,,,null_nav_date,yes,利恩华龙股票进取一号私募证券投资基金,正在运作,私募证券投资基金,上海利恩私募基金管理有限公司,in_table_null_latest_nav_date
SALE54,汇升永嘉1号私募证券投资基金,汇升永嘉1号,杭州汇升,2026-08-28,1.5258,2024-06-25,1,2,股票多头,,yes,汇升永嘉1号私募证券投资基金,,,null_nav_date,yes,汇升永嘉1号私募证券投资基金,正在运作,私募证券投资基金,杭州汇升私募基金管理有限公司,in_table_null_latest_nav_date
SAKV69,中润东方配置六号私募证券投资基金,中润东方配置六号,深圳中润东方资管,2026-08-28,1.0429,2024-05-24,1,2,多资产策略,复合策略,yes,中润东方配置六号私募证券投资基金,,,null_nav_date,yes,中润东方配置六号私募证券投资基金,正在运作,私募证券投资基金,深圳市中润东方资产管理有限公司,in_table_null_latest_nav_date
SAKU20,睿银恒跃星耀灵活对冲私募证券投资基金,睿银恒跃星耀灵活对冲,武汉睿银,2026-08-28,0.9969,2024-05-29,1,2,组合策略,FOF,yes,睿银恒跃星耀灵活对冲私募证券投资基金,,,null_nav_date,yes,睿银恒跃星耀灵活对冲私募证券投资基金,正在运作,,武汉睿银私募基金管理有限公司,in_table_null_latest_nav_date
SAKQ00,朴润军永甄选私募证券投资基金,朴润军永甄选,浙江朴润资管,2026-08-28,1.182,2024-06-14,1,2,股票多头,主观多头,yes,朴润军永甄选私募证券投资基金,,,null_nav_date,yes,朴润军永甄选私募证券投资基金,正在运作,私募证券投资基金,浙江朴润资产管理有限公司,in_table_null_latest_nav_date
SAKN32,华富盈期1号私募证券投资基金,华富盈期1号,广东华富,2026-08-28,1.1616,2024-06-25,1,2,多资产策略,,yes,华富盈期1号私募证券投资基金,,,null_nav_date,yes,华富盈期1号私募证券投资基金,正在运作,私募证券投资基金,广东华富私募基金管理有限公司,in_table_null_latest_nav_date
SAKM44,昭华天熙二号私募证券投资基金,昭华天熙二号,三亚昭华,2026-08-28,1.0759,2024-05-16,1,2,股票多头,,yes,昭华天熙二号私募证券投资基金,,,null_nav_date,yes,昭华天熙二号私募证券投资基金,正在运作,私募证券投资基金,昭华（三亚）私募基金管理有限公司,in_table_null_latest_nav_date
SAKG48,新方程全球稳进组合私募证券投资基金,新方程全球稳进组合,上海新方程,2026-08-28,1.007,2024-06-04,1,2,其他,,yes,新方程全球稳进组合私募证券投资基金,,,null_nav_date,yes,新方程全球稳进组合私募证券投资基金,正在运作,私募证券投资基金,上海新方程私募基金管理有限公司,in_table_null_latest_nav_date
SAKB93,尚艺全天候低波版1号私募证券投资基金,尚艺全天候低波版1号,北京尚艺,2026-08-28,1.0468,2024-07-02,1,2,多资产策略,宏观策略,yes,尚艺全天候低波版1号私募证券投资基金,,,null_nav_date,yes,尚艺全天候低波版1号私募证券投资基金,正在运作,私募证券投资基金,北京尚艺私募基金管理有限公司,in_table_null_latest_nav_date
SAJL14,睿沃德非凡恒盈1号私募证券投资基金,睿沃德非凡恒盈1号,深圳睿沃德基金,2026-08-28,0.9625,2024-05-07,1,2,股票多头,主观多头,yes,睿沃德非凡恒盈1号私募证券投资基金,,,null_nav_date,yes,睿沃德非凡恒盈1号私募证券投资基金,正在运作,,深圳市睿沃德基金管理有限公司,in_table_null_latest_nav_date
SAJK80,弘源多策略创新定制5号私募证券投资基金,弘源多策略创新定制5号,深圳弘源泰平资管,2026-08-28,1.0274,2024-04-10,1,2,多资产策略,复合策略,yes,弘源多策略创新定制5号私募证券投资基金,,,null_nav_date,yes,弘源多策略创新定制5号私募证券投资基金,正在运作,,深圳市弘源泰平资产管理有限公司,in_table_null_latest_nav_date
SAJA89,瑞天腾龙1号私募证券投资基金,瑞天腾龙1号,广东瑞天,2026-08-28,1.6906,2025-02-18,1,2,股票多头,,yes,瑞天腾龙1号私募证券投资基金,,,null_nav_date,yes,瑞天腾龙1号私募证券投资基金,正在运作,私募证券投资基金,广东瑞天私募基金管理有限公司,in_table_null_latest_nav_date
SAHZ71,泽赢全天候增强一号私募证券投资基金,泽赢全天候增强一号,江苏泽赢,2026-08-28,0.9655,2024-03-29,1,2,股票多头,,yes,泽赢全天候增强一号私募证券投资基金,,,null_nav_date,yes,泽赢全天候增强一号私募证券投资基金,正在运作,私募证券投资基金,江苏泽赢私募基金管理有限公司,in_table_null_latest_nav_date
SAHY15,巨量边界周周开2号私募证券投资基金,巨量边界周周开2号,北京巨量边界,2026-08-28,1.9632,2024-04-02,1,2,套利策略,股票套利,yes,巨量边界周周开2号私募证券投资基金,,,null_nav_date,yes,巨量边界周周开2号私募证券投资基金,正在运作,私募证券投资基金,北京巨量边界私募基金管理有限公司,in_table_null_latest_nav_date
SAHU88,久期福康1号私募证券投资基金,久期福康1号,上海久期投资,2026-08-28,2.0472,2024-04-03,1,2,多资产策略,,yes,久期福康1号私募证券投资基金,,,null_nav_date,yes,久期福康1号私募证券投资基金,正在运作,私募证券投资基金,上海久期投资有限公司,in_table_null_latest_nav_date
SAHN91,聚力财富平衡1号私募证券投资基金,聚力财富平衡1号,湖南聚力财富,2026-08-28,2.01,2024-03-25,1,2,股票多头,主观多头,yes,聚力财富平衡1号私募证券投资基金,,,null_nav_date,yes,聚力财富平衡1号私募证券投资基金,正在运作,私募证券投资基金,湖南聚力财富私募基金管理有限公司,in_table_null_latest_nav_date
SAHM61,盈怀问荆2号私募证券投资基金,盈怀问荆2号,上海盈怀,2026-08-28,0.9858,2026-05-21,1,2,股票多头,,yes,盈怀问荆2号私募证券投资基金,,,null_nav_date,yes,盈怀问荆2号私募证券投资基金,正在运作,私募证券投资基金,上海盈怀私募基金管理有限公司,in_table_null_latest_nav_date
SAHD70,万泰华瑞健康一号私募证券投资基金,万泰华瑞健康一号,湖南万泰华瑞投资,2026-08-28,1.15,2024-04-18,1,2,股票多头,主观多头,yes,万泰华瑞健康一号私募证券投资基金,,,null_nav_date,yes,万泰华瑞健康一号私募证券投资基金,正在运作,私募证券投资基金,湖南万泰华瑞投资管理有限责任公司,in_table_null_latest_nav_date
SAGK97,天鹭添福股票量化优选二号私募证券投资基金,天鹭添福股票量化优选二号,上海天鹭,2026-08-28,0.8435,2026-05-22,1,2,股票多头,2000指增,yes,天鹭添福股票量化优选二号私募证券投资基金,,,null_nav_date,yes,天鹭添福股票量化优选二号私募证券投资基金,正在运作,,上海天鹭私募基金管理有限公司,in_table_null_latest_nav_date
SAGE04,扶摇鲲鹏一号私募证券投资基金,扶摇鲲鹏一号,山西扶摇,2026-08-28,0.8516,2025-03-18,1,2,股票多头,,yes,扶摇鲲鹏一号私募证券投资基金,,,null_nav_date,yes,扶摇鲲鹏一号私募证券投资基金,正在运作,私募证券投资基金,湖南扶摇私募基金管理有限公司,in_table_null_latest_nav_date
SAFV71,杉树他山私募证券投资基金,杉树他山,上海杉树资管,2026-08-28,1.3579,2024-01-15,1,2,股票多头,量化选股,yes,杉树他山私募证券投资基金,,,null_nav_date,yes,杉树他山私募证券投资基金,正在运作,私募证券投资基金,上海杉树资产管理有限公司,in_table_null_latest_nav_date
SAES99,杉树省心享稳泰凯旋瑞享1号私募证券投资基金,杉树省心享稳泰凯旋瑞享1号,上海杉树资管,2026-08-28,0.9574,2026-05-19,1,2,股票对冲,股票多空,yes,杉树省心享稳泰凯旋瑞享1号私募证券投资基金,,,null_nav_date,yes,杉树省心享稳泰凯旋瑞享1号私募证券投资基金,正在运作,私募证券投资基金,上海杉树资产管理有限公司,in_table_null_latest_nav_date
SAEQ99,致睿稳利2号私募证券投资基金,致睿稳利2号,深圳前海致睿基金,2026-08-28,0.934,2023-12-14,1,2,股票多头,主观多头,yes,致睿稳利2号私募证券投资基金,,,null_nav_date,yes,致睿稳利2号私募证券投资基金,正在运作,私募证券投资基金,深圳前海致睿基金管理有限公司,in_table_null_latest_nav_date
SAEL84,宽辅A500指数增强1号私募证券投资基金,宽辅A500指数增强1号,海南宽辅,2026-08-28,1.4843,2023-12-28,1,2,股票多头,A500指增,yes,宽辅A500指数增强1号私募证券投资基金,,,null_nav_date,yes,宽辅A500指数增强1号私募证券投资基金,正在运作,,海南宽辅私募基金管理合伙企业（有限合伙）,in_table_null_latest_nav_date
SAEL68,宝荟华悦1号私募证券投资基金,宝荟华悦1号,上海宝荟投资,2026-08-28,2.5225,2023-12-18,1,2,股票多头,主观多头,yes,宝荟华悦1号私募证券投资基金,,,null_nav_date,yes,宝荟华悦1号私募证券投资基金,正在运作,私募证券投资基金,上海宝荟投资管理中心（有限合伙）,in_table_null_latest_nav_date
SAEJ38,臻远二号私募证券投资基金,臻远二号,广东臻远,2026-08-28,0.9422,2025-12-31,1,2,股票多头,,yes,臻远二号私募证券投资基金,,,null_nav_date,yes,臻远二号私募证券投资基金,正在运作,私募证券投资基金,广东臻远私募基金管理有限公司,in_table_null_latest_nav_date
SAEA78,量宇进取1号私募证券投资基金,量宇进取1号,上海量宇,2026-08-28,1.0105,2023-12-13,1,2,套利策略,期货套利,yes,量宇进取1号私募证券投资基金,,,null_nav_date,yes,量宇进取1号私募证券投资基金,正在运作,私募证券投资基金,上海量宇私募基金管理有限公司,in_table_null_latest_nav_date
SADL95,红孩尔道禾2号私募证券投资基金,红孩尔道禾2号,广州红孩尔,2026-08-28,2.3721,2023-11-10,1,2,股票多头,主观多头,yes,红孩尔道禾2号私募证券投资基金,,,null_nav_date,yes,红孩尔道禾2号私募证券投资基金,正在运作,私募证券投资基金,广州红孩尔私募证券投资基金管理有限公司,in_table_null_latest_nav_date
SADJ45,日斗中农创价值一号私募证券投资基金,日斗中农创价值一号,深圳日斗投资,2026-08-28,1.1313,2023-11-27,1,2,股票多头,主观多头,yes,日斗中农创价值一号私募证券投资基金,,,null_nav_date,yes,日斗中农创价值一号私募证券投资基金,正在运作,私募证券投资基金,深圳市日斗投资管理有限公司,in_table_null_latest_nav_date
SADE39,中豁汇泽3号私募证券投资基金,中豁汇泽3号,北京中豁投资,2026-08-28,1.4465,2025-01-20,1,2,股票多头,,yes,中豁汇泽3号私募证券投资基金,,,null_nav_date,yes,中豁汇泽3号私募证券投资基金,正在运作,私募证券投资基金,北京中豁投资管理有限公司,in_table_null_latest_nav_date
SACV31,杉树瑞进3号量化私募证券投资基金,杉树瑞进3号量化,上海杉树资管,2026-08-28,1.0642,2023-11-01,1,2,股票多头,300指增,yes,杉树瑞进3号量化私募证券投资基金,,,null_nav_date,yes,杉树瑞进3号量化私募证券投资基金,正在运作,私募证券投资基金,上海杉树资产管理有限公司,in_table_null_latest_nav_date
SACN13,钜融守静观复1号私募证券投资基金,钜融守静观复1号,中海外钜融资管,2026-08-28,1.0254,2023-11-02,1,2,股票多头,主观多头,yes,钜融守静观复1号私募证券投资基金,,,null_nav_date,yes,钜融守静观复1号私募证券投资基金,正在运作,私募证券投资基金,中海外钜融资产管理集团有限公司,in_table_null_latest_nav_date
SACA32,亮马大有私募证券投资基金,亮马大有,北京亮马河投资,2026-08-28,1.9552,2023-11-02,1,2,股票多头,主观多头,yes,亮马大有私募证券投资基金,,,null_nav_date,yes,亮马大有私募证券投资基金,正在运作,私募证券投资基金,北京亮马河投资管理有限公司,in_table_null_latest_nav_date
SABU92,顺时代一号私募证券投资基金,顺时代一号,深圳顺时代,2026-08-28,1.3028,2025-12-11,1,2,股票多头,,yes,顺时代一号私募证券投资基金,,,null_nav_date,yes,顺时代一号私募证券投资基金,正在运作,私募证券投资基金,深圳市顺时代私募证券基金管理有限公司,in_table_null_latest_nav_date
SAAS55,杉树凌云1号私募证券投资基金,杉树凌云1号,上海杉树资管,2026-08-28,0.9335,2026-05-12,1,2,股票多头,量化选股,yes,杉树凌云1号私募证券投资基金,,,null_nav_date,yes,杉树凌云1号私募证券投资基金,正在运作,私募证券投资基金,上海杉树资产管理有限公司,in_table_null_latest_nav_date
SAAK10,道衍中性私募证券投资基金,道衍中性,上海道衍,2026-08-28,1.374,2023-08-31,1,2,股票对冲,股票市场中性,yes,道衍中性私募证券投资基金,,,null_nav_date,yes,道衍中性私募证券投资基金,正在运作,私募证券投资基金,上海道衍私募基金管理有限公司,in_table_null_latest_nav_date
SAAA36,若谷米参1号私募证券投资基金,若谷米参1号,海南若谷,2026-08-28,0.9327,2024-01-12,1,2,股票对冲,股票市场中性,yes,若谷米参1号私募证券投资基金,,,null_nav_date,yes,若谷米参1号私募证券投资基金,正在运作,,海南若谷私募基金管理有限公司,in_table_null_latest_nav_date
S82480,鑫安泽雨1期-2号,鑫安泽雨1期-2号,天津易鑫安资管,2026-08-28,2.0365,2016-01-06,1,2,股票多头,主观多头,yes,鑫安泽雨1期-2号,,,null_nav_date,yes,鑫安泽雨1期-2号,正在运作,,天津易鑫安资产管理有限公司,in_table_null_latest_nav_date
S34503,道合新质成长1号私募证券投资基金,道合新质成长1号,深圳道合,2026-08-28,3.5506,2015-05-25,1,2,股票对冲,股票多空,yes,道合新质成长1号私募证券投资基金,,,null_nav_date,yes,道合新质成长1号私募证券投资基金,正在运作,,深圳市道合私募证券基金管理有限公司,in_table_null_latest_nav_date
S29962,兆元多策略1期基金,兆元多策略1期基金,北京兆元投资咨询,2026-08-28,1.6372,2015-04-16,1,2,股票多头,主观多头,yes,兆元多策略1期基金,,,null_nav_date,yes,兆元多策略1期基金,正在运作,,北京兆元投资咨询有限公司,in_table_null_latest_nav_date
S28097,和聚鼎宝对冲母基金,和聚鼎宝对冲母基金,北京和聚,2026-08-28,1.1964,2015-03-20,1,2,组合策略,FOF,yes,和聚鼎宝对冲母基金,,,null_nav_date,yes,和聚鼎宝对冲母基金,正在运作,,北京和聚私募基金管理有限公司,in_table_null_latest_nav_date
S22528,和聚平台证券投资基金,和聚平台基金,北京和聚,2026-08-28,1.9329,2014-12-05,1,2,股票多头,主观多头,yes,和聚平台证券投资基金,,,null_nav_date,yes,和聚平台证券投资基金,正在运作,,北京和聚私募基金管理有限公司,in_table_null_latest_nav_date
S22282,红五星私募证券投资基金,红五星,上海炳富投资,2026-08-28,1.005,2014-11-06,1,2,股票多头,另类多头,yes,红五星私募证券投资基金,,,null_nav_date,yes,红五星私募证券投资基金,正在运作,,上海炳富投资管理有限公司,in_table_null_latest_nav_date
S22131,万泰华瑞一号私募证券投资基金,万泰华瑞一号,湖南万泰华瑞投资,2026-08-28,2.009,2014-10-29,1,2,股票多头,主观多头,yes,万泰华瑞一号私募证券投资基金,,,null_nav_date,yes,万泰华瑞一号私募证券投资基金,正在运作,,湖南万泰华瑞投资管理有限责任公司,in_table_null_latest_nav_date
S22123,凤翔长盈私募证券投资基金,凤翔长盈,深圳凤翔,2026-08-28,2.7799,2015-05-04,1,2,股票多头,量化选股,yes,凤翔长盈证券投资基金,,,null_nav_date,yes,凤翔长盈私募证券投资基金,正在运作,,深圳凤翔私募证券基金管理有限公司,in_table_null_latest_nav_date
QZ691B,汇天利核心优选私募证券投资基金B类份额,汇天利核心优选B类,广东汇天利,2026-08-28,1.212,2021-07-15,1,2,其他,,no,,,,not_in_table,no,,,,,not_in_private_fund_info
QW557B,秋水高通长天8号私募证券投资基金B类份额,秋水高通长天8号B类,上海秋水高通,2026-08-28,1.0792,2021-06-18,1,2,组合策略,FOF,no,,,,not_in_table,no,,,,,not_in_private_fund_info
QQ039A,澄明平凡3号私募证券投资基金A类份额,澄明平凡3号A类,北京澄明,2026-08-28,1.9109,2021-06-01,1,2,股票多头,主观多头,no,,,,not_in_table,no,,,,,not_in_private_fund_info
QL607A,智领善进1号私募证券投资基金A类份额,智领善进1号A类,福州智领三联,2026-08-28,1.452,2021-05-13,1,2,多资产策略,宏观策略,no,,,,not_in_table,no,,,,,not_in_private_fund_info
QH626A,金和晟龙渊宏观对冲2号私募证券投资基金A类份额,金和晟龙渊宏观对冲2号A类,上海金和晟,2026-08-28,1.437,2021-04-15,1,2,多资产策略,宏观策略,no,,,,not_in_table,no,,,,,not_in_private_fund_info
QH476A,铂悦荣曜3号私募证券投资基金A类份额,铂悦荣曜3号A类,深圳前海铂悦投资,2026-08-28,1.176,2021-06-22,1,2,股票多头,主观多头,no,,,,not_in_table,no,,,,,not_in_private_fund_info
QB407A,探普宏观量化资产配置1号私募证券投资基金A类份额,探普宏观量化资产配置1号A类,上海探普久盈,2026-08-28,1.0372,2021-03-02,1,2,组合策略,FOF,no,,,,not_in_table,no,,,,,not_in_private_fund_info
NZ321A,泓鼎量化1号私募证券投资基金A类份额,泓鼎量化1号A类,海南泓鼎,2026-08-28,2.6519,2021-03-16,1,2,股票多头,量化选股,no,,,,not_in_table,no,,,,,not_in_private_fund_info
NY231A,玉数涵瑞中证500指数增强一号私募证券投资基金A类份额,玉数涵瑞中证500指数增强一号A类,上海玉数投资,2026-08-28,1.1487,2021-03-01,1,2,股票多头,500指增,no,,,,not_in_table,no,,,,,not_in_private_fund_info
NW523B,望正共赢17号私募证券投资基金B类份额,望正共赢17号B类,深圳望正资管,2026-08-28,3.354,2021-04-08,1,2,股票多头,主观多头,no,,,,not_in_table,no,,,,,not_in_private_fund_info
NP957B,皓邦尊享CTA1号私募证券投资基金B类份额,皓邦尊享CTA1号B类,上海德贝,2026-08-28,1.3301,2020-12-30,1,2,期货策略,量化期货,no,,,,not_in_table,no,,,,,not_in_private_fund_info
NP957A,皓邦尊享CTA1号私募证券投资基金A类份额,皓邦尊享CTA1号A类,上海德贝,2026-08-28,1.3324,2020-12-30,1,2,期货策略,量化期货,no,,,,not_in_table,no,,,,,not_in_private_fund_info
NL200A,迎水方远多策略1号私募证券投资基金A类份额,迎水方远多策略1号A类,上海迎水投资,2026-08-28,1.5991,2020-12-10,1,2,多资产策略,复合策略,no,,,,not_in_table,no,,,,,not_in_private_fund_info
NF712A,锐联多元化旗舰二号私募证券投资基金A类份额,锐联多元化旗舰二号A类,上海锐联景淳投资,2026-08-28,1.706,2020-12-08,1,2,多资产策略,复合策略,no,,,,not_in_table,no,,,,,not_in_private_fund_info
ND170A,量派对冲9号私募证券投资基金A类份额,量派对冲9号A类,上海量派投资,2026-08-28,1.5145,2020-11-04,1,2,股票对冲,股票市场中性,no,,,,not_in_table,no,,,,,not_in_private_fund_info
N4556A,睿信烛照1号私募证券投资基金A类份额,睿信烛照1号A类,上海睿信投资,2026-08-28,2.287,2016-12-22,1,2,股票多头,主观多头,no,,,,not_in_table,no,,,,,not_in_private_fund_info
LR065B,弈泰瑞衍八号私募证券投资基金B类份额,弈泰瑞衍八号B类,上海弈泰,2026-08-28,0.9065,2020-08-13,1,2,期货策略,量化期货,no,,,,not_in_table,no,,,,,not_in_private_fund_info
LN074A,知盈甬潮成长私募证券投资基金A类份额,知盈甬潮成长A类,北京知盈投资,2026-08-28,2.152,2020-08-12,1,2,股票多头,主观多头,no,,,,not_in_table,no,,,,,not_in_private_fund_info
LK411A,利位复兴一号私募证券投资基金A类份额,利位复兴一号A类,上海利位,2026-08-28,1.5838,2020-07-28,1,2,债券策略,,no,,,,not_in_table,no,,,,,not_in_private_fund_info
LJ983A,东方港湾万年青一号私募证券投资基金A类份额,东方港湾万年青一号A类,深圳东方港湾投资,2026-08-28,1.9534,2020-07-22,1,2,股票多头,主观多头,no,,,,not_in_table,no,,,,,not_in_private_fund_info
LB400B,钧富资产配置2号私募证券投资基金B类份额,钧富资产配置2号B类,杭州钧富投资,2026-08-28,4.7737,2020-05-22,1,2,多资产策略,复合策略,no,,,,not_in_table,no,,,,,not_in_private_fund_info
L3681A,远惟风雪2号私募证券投资基金A类份额,远惟风雪2号A类,北京远惟投资,2026-08-28,10.2088,2017-06-29,1,2,股票多头,主观多头,no,,,,not_in_table,no,,,,,not_in_private_fund_info
JV993B,昶元5号私募证券投资基金B类份额,昶元5号B类,上海昶元投资,2026-08-28,2.659,2020-03-24,1,2,股票多头,主观多头,no,,,,not_in_table,no,,,,,not_in_private_fund_info
JR113B,远赢2号价值稳健私募证券投资基金B类份额,远赢2号价值稳健B类,烟台远赢,2026-08-28,1.7892,2020-01-23,1,2,股票多头,主观多头,no,,,,not_in_table,no,,,,,not_in_private_fund_info
JQ508A,致同道合证券投资私募基金一期A类份额,致同道合一期A类,上海致同投资,2026-08-28,1.7405,2020-02-07,1,2,多资产策略,宏观策略,no,,,,not_in_table,no,,,,,not_in_private_fund_info
JK250B,山信专享一号FOF私募证券投资基金B类份额,山信专享一号FOFB类,杭州萧山山信,2026-08-28,0.9714,2019-12-11,1,2,组合策略,FOF,no,,,,not_in_table,no,,,,,not_in_private_fund_info
GN800B,玉数双创一号私募证券投资基金B类份额,玉数双创一号B类,上海玉数投资,2026-08-28,1.6188,2019-05-30,1,2,股票对冲,股票T0,no,,,,not_in_table,no,,,,,not_in_private_fund_info
GL274B,一村逍遥游私募证券投资基金B类份额,一村逍遥游B类,上海承壹,2026-08-28,1.2098,2020-08-13,1,2,多资产策略,复合策略,no,,,,not_in_table,no,,,,,not_in_private_fund_info
CS573B,百奕趋势力量化CTA私募证券投资基金B类份额,百奕趋势力量化CTAB类,上海百奕投资,2026-08-28,2.6408,2018-06-04,1,2,期货策略,量化期货,no,,,,not_in_table,no,,,,,not_in_private_fund_info
BUA04B,弈泰瑞丰量策FOF1号私募证券投资基金B类份额,弈泰瑞丰量策FOF1号B类,上海弈泰,2026-08-28,0.982,2026-04-27,1,2,组合策略,FOF,no,,,,not_in_table,no,,,,,not_in_private_fund_info
BRN03C,远和可骥多头进取1号私募证券投资基金C类份额,远和可骥多头进取1号C类,杭州远和,2026-08-28,1.0261,2026-02-13,1,2,股票多头,,no,,,,not_in_table,no,,,,,not_in_private_fund_info
BRL79A,纯达沪深300指数增强1号私募证券投资基金A类份额,纯达沪深300指数增强1号A类,上海纯达资管,2026-08-28,0.8291,2026-02-10,1,2,股票多头,300指增,no,,,,not_in_table,no,,,,,not_in_private_fund_info
BRE76A,贝塔瓯越先锋1号私募证券投资基金A类份额,贝塔瓯越先锋1号A类,杭州贝塔投资,2026-08-28,1.0939,2026-02-03,1,2,股票多头,,no,,,,not_in_table,no,,,,,not_in_private_fund_info
BQY92B,高易衡山私募证券投资基金B类份额,高易衡山B类,成都高易,2026-08-28,0.8612,2026-02-02,1,2,股票多头,,no,,,,not_in_table,no,,,,,not_in_private_fund_info
BQY60A,锐耐1000指数增强保护合瑞1号私募证券投资基金A类份额,锐耐1000指数增强保护合瑞1号A类,上海锐耐,2026-08-28,1.0078,2026-02-13,1,2,股票多头,1000指增,no,,,,not_in_table,no,,,,,not_in_private_fund_info
BQX41A,正瀛广胜智选中证1000指数增强2号私募证券投资基金A类份额,正瀛广胜智选中证1000指数增强2号A类,上海正瀛资管,2026-08-28,1.0576,2026-02-12,1,2,股票多头,1000指增,no,,,,not_in_table,no,,,,,not_in_private_fund_info
BQT54B,盛世融邦15号私募证券投资基金B类份额,盛世融邦15号B类,广州盛世融邦,2026-08-28,0.9828,2026-02-06,1,2,股票多头,,no,,,,not_in_table,no,,,,,not_in_private_fund_info
BQR35A,巨量均衡量选一号私募证券投资基金A类份额,巨量均衡量选一号A类,珠海巨量均衡,2026-08-28,1.1469,2026-02-11,1,2,股票多头,量化选股,no,,,,not_in_table,no,,,,,not_in_private_fund_info
BQC47C,伯兄太安私募证券投资基金C类份额,伯兄太安C类,上海伯兄投资,2026-08-28,1.319,2026-02-05,1,2,股票多头,,no,,,,not_in_table,no,,,,,not_in_private_fund_info
BQA49A,衍舟踏浪5号中证1000指增私募证券投资基金A类份额,衍舟踏浪5号中证1000指增A类,海南衍舟,2026-08-28,0.967,2026-02-03,1,2,股票多头,1000指增,no,,,,not_in_table,no,,,,,not_in_private_fund_info
BPY84A,澜胜稳赋套利1号私募证券投资基金A类份额,澜胜稳赋套利1号A类,上海澜胜,2026-08-28,1.0782,2026-01-27,1,2,套利策略,,no,,,,not_in_table,no,,,,,not_in_private_fund_info
BPR82A,正仁多资产二号私募证券投资基金A类份额,正仁多资产二号A类,海南正仁,2026-08-28,1.0139,2026-02-12,1,2,多资产策略,,no,,,,not_in_table,no,,,,,not_in_private_fund_info
BPP91A,持赢一马当先私募证券投资基金A类份额,持赢一马当先A类,南京持赢,2026-08-28,0.877,2026-01-30,1,2,股票多头,,no,,,,not_in_table,no,,,,,not_in_private_fund_info
BPF23A,系综期货策略1号私募证券投资基金A类份额,系综期货策略1号A类,上海系综,2026-08-28,0.9945,2026-01-26,1,2,股票多头,,no,,,,not_in_table,no,,,,,not_in_private_fund_info
BPB02A,金睿和稳益私募证券投资基金A类份额,金睿和稳益A类,广东金睿和投资,2026-08-28,0.9984,2026-01-21,1,2,股票多头,,no,,,,not_in_table,no,,,,,not_in_private_fund_info
BNS69B,棱镜乾量中证1000指数增强2号私募证券投资基金B类份额,棱镜乾量中证1000指数增强2号B类,北京棱镜,2026-08-28,1.0092,2026-02-03,1,2,股票多头,1000指增,no,,,,not_in_table,no,,,,,not_in_private_fund_info
BNS17A,纯达红利增强一号私募证券投资基金A类份额,纯达红利增强一号A类,上海纯达资管,2026-08-28,0.9622,2026-01-29,1,2,股票多头,红利指增,no,,,,not_in_table,no,,,,,not_in_private_fund_info
BNQ24B,浙富资本价值精选2号私募证券投资基金B类份额,浙富资本价值精选2号B类,浙江浙富,2026-08-28,1.1387,2026-01-29,1,2,股票多头,,no,,,,not_in_table,no,,,,,not_in_private_fund_info
BNE11A,进化论三维启航6号私募证券投资基金A类份额,进化论三维启航6号A类,海南进化论,2026-08-28,0.9914,2026-01-27,1,2,股票多头,,no,,,,not_in_table,no,,,,,not_in_private_fund_info
BNB64B,汇融CTA增强13号私募证券投资基金B类份额,汇融CTA增强13号B类,湖南汇智融达,2026-08-28,1.0744,2026-01-06,1,2,期货策略,主观期货,no,,,,not_in_table,no,,,,,not_in_private_fund_info
BNA95A,博衍九溪CTA5号私募证券投资基金A类份额,博衍九溪CTA5号A类,杭州博衍,2026-08-28,1.0202,2026-01-07,1,2,期货策略,,no,,,,not_in_table,no,,,,,not_in_private_fund_info
BMX07A,中颖济钧私募证券投资基金A类份额,中颖济钧A类,深圳中颖投资,2026-08-28,0.8027,2026-01-15,1,2,股票多头,,no,,,,not_in_table,no,,,,,not_in_private_fund_info
BMV02B,信义利CTA一号私募证券投资基金B类份额,信义利CTA一号B类,深圳信义利资管,2026-08-28,1.2954,2026-01-06,1,2,期货策略,量化期货,no,,,,not_in_table,no,,,,,not_in_private_fund_info
BMU35A,天添淳量私募证券投资基金A类份额,天添淳量A类,平潭天添资管,2026-08-28,0.9388,2025-12-23,1,2,股票多头,,no,,,,not_in_table,no,,,,,not_in_private_fund_info
BMQ98A,今通赤兔红利进取1号私募证券投资基金A类份额,今通赤兔红利进取1号A类,上海今通投资,2026-08-28,1.0051,2026-01-28,1,2,股票多头,红利指增,no,,,,not_in_table,no,,,,,not_in_private_fund_info
BMN29B,森恩临界三号私募证券投资基金B类份额,森恩临界三号B类,上海森恩资管,2026-08-28,0.8915,2026-01-23,1,2,股票多头,,no,,,,not_in_table,no,,,,,not_in_private_fund_info
BMM50B,环恒启明星1号私募证券投资基金B类份额,环恒启明星1号B类,浙江环恒资管,2026-08-28,1.0047,2025-12-19,1,2,股票多头,,no,,,,not_in_table,no,,,,,not_in_private_fund_info
BLV97C,复利成长1号私募证券投资基金C类份额,复利成长1号C类,海南复利,2026-08-28,0.9353,2025-12-15,1,2,股票多头,,no,,,,not_in_table,no,,,,,not_in_private_fund_info
BLP12A,中南璞阳二号私募证券投资基金A类份额,中南璞阳二号A类,深圳中南资管,2026-08-28,1.065,2026-01-12,1,2,股票多头,,no,,,,not_in_table,no,,,,,not_in_private_fund_info
BLM15C,天鹭中证1000指数增强私募证券投资基金C类份额,天鹭中证1000指数增强C类,上海天鹭,2026-08-28,0.9986,2026-01-09,1,2,股票多头,1000指增,no,,,,not_in_table,no,,,,,not_in_private_fund_info
BLM15B,天鹭中证1000指数增强私募证券投资基金B类份额,天鹭中证1000指数增强B类,上海天鹭,2026-08-28,0.999,2026-01-09,1,2,股票多头,1000指增,no,,,,not_in_table,no,,,,,not_in_private_fund_info
BLK71C,龙旗红利科技轮动平衡1号私募证券投资基金C类份额,龙旗红利科技轮动平衡1号C类,杭州龙旗科技,2026-08-28,1.0981,2025-12-04,1,2,股票多头,另类多头,no,,,,not_in_table,no,,,,,not_in_private_fund_info
BKY87A,纯达多策略一号私募证券投资基金A类份额,纯达多策略一号A类,上海纯达资管,2026-08-28,0.9886,2025-12-08,1,2,多资产策略,复合策略,no,,,,not_in_table,no,,,,,not_in_private_fund_info
BKW91A,量盈日升专享18号私募证券投资基金A类份额,量盈日升专享18号A类,浙江量盈投资,2026-08-28,1.033,2025-12-08,1,2,股票多头,,no,,,,not_in_table,no,,,,,not_in_private_fund_info
BKU65B,秋水高通图南1号私募证券投资基金B类份额,秋水高通图南1号B类,上海秋水高通,2026-08-28,1.077,2025-12-02,1,2,股票多头,,no,,,,not_in_table,no,,,,,not_in_private_fund_info
BKU57A,久期云霄量化5号私募证券投资基金A类份额,久期云霄量化5号A类,上海久期投资,2026-08-28,1.01,2025-12-26,1,2,多资产策略,,no,,,,not_in_table,no,,,,,not_in_private_fund_info
BKT67B,天辉萨尔1号私募证券投资基金B类份额,天辉萨尔1号B类,上海天辉,2026-08-28,1.5602,2025-12-05,1,2,股票多头,,no,,,,not_in_table,no,,,,,not_in_private_fund_info
BKR00C,伯兄颐德私募证券投资基金C类份额,伯兄颐德C类,上海伯兄投资,2026-08-28,0.871,2025-12-09,1,2,股票多头,,no,,,,not_in_table,no,,,,,not_in_private_fund_info
BKP62C,翰荣狮子量化精选11号私募证券投资基金C类份额,翰荣狮子量化精选11号C类,深圳翰荣,2026-08-28,1.0383,2025-12-03,1,2,股票对冲,,no,,,,not_in_table,no,,,,,not_in_private_fund_info
BKN89A,文睿元宝私募证券投资基金A类份额,文睿元宝A类,北京文睿,2026-08-28,1.0893,2025-11-25,1,2,套利策略,基金套利,no,,,,not_in_table,no,,,,,not_in_private_fund_info
BKL73A,千衍六和56号1000指增私募证券投资基金A类份额,千衍六和56号1000指增A类,上海千衍,2026-08-28,1.0183,2026-01-23,1,2,股票多头,1000指增,no,,,,not_in_table,no,,,,,not_in_private_fund_info
BKL67A,资瑞兴富丽私募证券投资基金A类份额,资瑞兴富丽A类,深圳资瑞兴投资,2026-08-28,1.0848,2025-11-27,1,2,股票多头,,no,,,,not_in_table,no,,,,,not_in_private_fund_info
BKJ97C,衍合量化选股进取2号私募证券投资基金C类份额,衍合量化选股进取2号C类,上海衍合,2026-08-28,0.9693,2025-12-02,1,2,股票多头,量化选股,no,,,,not_in_table,no,,,,,not_in_private_fund_info
BKJ44B,因诺天问58号私募证券投资基金B类份额,因诺天问58号B类,上海因诺资管,2026-08-28,1.0135,2026-01-14,1,2,期货策略,,no,,,,not_in_table,no,,,,,not_in_private_fund_info
BKJ44A,因诺天问58号私募证券投资基金A类份额,因诺天问58号A类,上海因诺资管,2026-08-28,1.0056,2026-01-14,1,2,期货策略,,no,,,,not_in_table,no,,,,,not_in_private_fund_info
BKG64B,汇融林健CTA进取12号私募证券投资基金B类份额,汇融林健CTA进取12号B类,湖南汇智融达,2026-08-28,1.0846,2025-11-21,1,2,期货策略,,no,,,,not_in_table,no,,,,,not_in_private_fund_info
BJY92A,金翼环球均衡私募证券投资基金A类份额,金翼环球均衡A类,珠海横琴金翼,2026-08-28,1.0327,2026-01-12,1,2,股票多头,,no,,,,not_in_table,no,,,,,not_in_private_fund_info
BJW49A,天泉证道泉金1号私募证券投资基金A类份额,天泉证道泉金1号A类,杭州天泉证道,2026-08-28,1.2212,2025-11-21,1,2,其他,,no,,,,not_in_table,no,,,,,not_in_private_fund_info
BJW02A,巨量均衡科技精选一号私募证券投资基金A类份额,巨量均衡科技精选一号A类,珠海巨量均衡,2026-08-28,1.2575,2025-11-18,1,2,期货策略,,no,,,,not_in_table,no,,,,,not_in_private_fund_info
BJR08B,明上进取22号私募证券投资基金B类份额,明上进取22号B类,海南明上,2026-08-28,1.0192,2025-11-28,1,2,股票多头,,no,,,,not_in_table,no,,,,,not_in_private_fund_info
BJG67B,守正用奇指数增强7号私募证券投资基金B类份额,守正用奇指数增强7号B类,广州守正用奇,2026-08-28,1.0697,2025-11-04,1,2,股票多头,,no,,,,not_in_table,no,,,,,not_in_private_fund_info
BJF07B,星汇天玑3号私募证券投资基金B类份额,星汇天玑3号B类,上海思达星汇,2026-08-28,1.0691,2025-11-11,1,2,股票多头,,no,,,,not_in_table,no,,,,,not_in_private_fund_info
BJD87A,千象卓越26号中证500指数增强私募证券投资基金A类份额,千象卓越26号中证500指数增强A类,上海千象资产,2026-08-28,1.0978,2025-12-03,1,2,股票多头,500指增,no,,,,not_in_table,no,,,,,not_in_private_fund_info
BJD39B,良源1号私募证券投资基金B类份额,良源1号B类,南京良源,2026-08-28,1.0796,2025-11-10,1,2,股票多头,,no,,,,not_in_table,no,,,,,not_in_private_fund_info
BJB52C,京盈智投博益11号私募证券投资基金C类份额,京盈智投博益11号C类,珠海京盈智投,2026-08-28,1.2833,2025-10-27,1,2,股票多头,,no,,,,not_in_table,no,,,,,not_in_private_fund_info
BHP28B,博芮东方稳行一号私募证券投资基金B类份额,博芮东方稳行一号B类,厦门博芮东方投资,2026-08-28,1.1116,2025-11-05,1,2,期权策略,,no,,,,not_in_table,no,,,,,not_in_private_fund_info
BHN21D,智信融科多策略十二号私募证券投资基金D类份额,智信融科多策略十二号D类,上海智信融科,2026-08-28,0.9595,2025-11-04,1,2,多资产策略,复合策略,no,,,,not_in_table,no,,,,,not_in_private_fund_info
BHL42A,持赢一路同行私募证券投资基金A类份额,持赢一路同行A类,南京持赢,2026-08-28,0.993,2025-12-03,1,2,股票多头,,no,,,,not_in_table,no,,,,,not_in_private_fund_info
BGZ95B,东源中证1000指数策略2号私募证券投资基金B类份额,东源中证1000指数策略2号B类,天津东源投资,2026-08-28,1.1461,2025-10-13,1,2,股票多头,1000指增,no,,,,not_in_table,no,,,,,not_in_private_fund_info
BGU32A,叁道坤载私募证券投资基金A类份额,叁道坤载A类,广东叁道合力投资,2026-08-28,1.0895,2025-10-17,1,2,股票多头,,no,,,,not_in_table,no,,,,,not_in_private_fund_info
BGQ42A,泓赫精选进取私募证券投资基金A类份额,泓赫精选进取A类,上海泓赫投资,2026-08-28,1.1626,2025-09-30,1,2,股票多头,,no,,,,not_in_table,no,,,,,not_in_private_fund_info
BGM10A,景麒瑞阳稳健1号私募证券投资基金A类份额,景麒瑞阳稳健1号A类,海南景麒,2026-08-28,1.0703,2025-09-24,1,2,股票多头,,no,,,,not_in_table,no,,,,,not_in_private_fund_info
BGA16A,云禧米兰3号私募证券投资基金A类份额,云禧米兰3号A类,广州云禧,2026-08-28,1.0688,2025-09-26,1,2,股票多头,,no,,,,not_in_table,no,,,,,not_in_private_fund_info
BFZ46B,量森长阳优选私募证券投资基金B类份额,量森长阳优选B类,惠州市量森投资,2026-08-28,1.0921,2025-09-15,1,2,股票多头,,no,,,,not_in_table,no,,,,,not_in_private_fund_info
BFZ36B,鼎鬲资本文艺复兴3号私募证券投资基金B类份额,鼎鬲资本文艺复兴3号B类,北京鼎鬲资管,2026-08-28,0.9182,2025-09-15,1,2,股票多头,,no,,,,not_in_table,no,,,,,not_in_private_fund_info
BFW89B,金藏元金权二号私募证券投资基金B类份额,金藏元金权二号B类,浙江金藏元投资,2026-08-28,1.0554,2025-09-25,1,2,股票多头,,no,,,,not_in_table,no,,,,,not_in_private_fund_info
BFH24B,远和可旺20号私募证券投资基金B类份额,远和可旺20号B类,杭州远和,2026-08-28,1.1834,2025-12-04,1,2,股票多头,,no,,,,not_in_table,no,,,,,not_in_private_fund_info
BFD34A,腾霄圣丰一号私募证券投资基金A类份额,腾霄圣丰一号A类,上海腾霄投资,2026-08-28,1.093,2025-09-04,1,2,股票多头,,no,,,,not_in_table,no,,,,,not_in_private_fund_info
BFA02A,启元远方2号私募证券投资基金A类份额,启元远方2号A类,温州启元资管,2026-08-28,0.8553,2025-10-21,1,2,股票多头,主观多头,no,,,,not_in_table,no,,,,,not_in_private_fund_info
BEY11B,易生金韦相良私募证券投资基金B类份额,易生金韦相良B类,深圳易生金投资,2026-08-28,1.1755,2025-09-01,1,2,股票多头,,no,,,,not_in_table,no,,,,,not_in_private_fund_info
BEX77A,正瀛骐骥中证1000指数增强2号私募证券投资基金A类份额,正瀛骐骥中证1000指数增强2号A类,上海正瀛资管,2026-08-28,1.1311,2025-10-22,1,2,股票多头,1000指增,no,,,,not_in_table,no,,,,,not_in_private_fund_info
BEX74B,正瀛骐骥中证2000指数增强5号私募证券投资基金B类份额,正瀛骐骥中证2000指数增强5号B类,上海正瀛资管,2026-08-28,1.1073,2025-10-22,1,2,股票多头,2000指增,no,,,,not_in_table,no,,,,,not_in_private_fund_info
BEX74A,正瀛骐骥中证2000指数增强5号私募证券投资基金A类份额,正瀛骐骥中证2000指数增强5号A类,上海正瀛资管,2026-08-28,1.0979,2025-10-22,1,2,股票多头,2000指增,no,,,,not_in_table,no,,,,,not_in_private_fund_info
BEX71A,正瀛骐骥中证2000指数增强3号私募证券投资基金A类份额,正瀛骐骥中证2000指数增强3号A类,上海正瀛资管,2026-08-28,1.1043,2025-10-20,1,2,股票多头,2000指增,no,,,,not_in_table,no,,,,,not_in_private_fund_info
BEU88A,海南川控浮玉山私募证券投资基金A类份额,海南川控浮玉山A类,海南川控,2026-08-28,1.3027,2025-09-04,1,2,股票多头,,no,,,,not_in_table,no,,,,,not_in_private_fund_info
BEQ54A,千象全景多元量化23号私募证券投资基金A类份额,千象全景多元量化23号A类,上海千象资产,2026-08-28,1.0492,2025-10-10,1,2,期货策略,,no,,,,not_in_table,no,,,,,not_in_private_fund_info
BEA95B,复胜盛业八号私募证券投资基金B类份额,复胜盛业八号B类,上海复胜资管,2026-08-28,1.242,2025-08-29,1,2,股票多头,,no,,,,not_in_table,no,,,,,not_in_private_fund_info
BEA43B,尚湖沄衡1号私募证券投资基金B类份额,尚湖沄衡1号B类,上海尚湖,2026-08-28,1.0288,2025-12-19,1,2,期权策略,,no,,,,not_in_table,no,,,,,not_in_private_fund_info
BDS46A,铸山进取三号私募证券投资基金A类份额,铸山进取三号A类,珠海横琴新区铸山,2026-08-28,1.077,2025-09-19,1,2,股票多头,,no,,,,not_in_table,no,,,,,not_in_private_fund_info
BDL75A,飞恒安心1号私募证券投资基金A类份额,飞恒安心1号A类,海南飞恒,2026-08-28,1.0388,2025-08-27,1,2,股票多头,,no,,,,not_in_table,no,,,,,not_in_private_fund_info
BDH22B,宏珠轩宇智选一号私募证券投资基金B类份额,宏珠轩宇智选一号B类,上海宏珠资管,2026-08-28,1.2046,2025-08-15,1,2,股票多头,,no,,,,not_in_table,no,,,,,not_in_private_fund_info
BDH22A,宏珠轩宇智选一号私募证券投资基金A类份额,宏珠轩宇智选一号A类,上海宏珠资管,2026-08-28,1.2006,2025-08-15,1,2,股票多头,,no,,,,not_in_table,no,,,,,not_in_private_fund_info
BCZ68C,盈怀诚心1号私募证券投资基金C类份额,盈怀诚心1号C类,上海盈怀,2026-08-28,1.1784,2025-08-07,1,2,股票多头,主观多头,no,,,,not_in_table,no,,,,,not_in_private_fund_info
BCS61A,木莲锐进1号私募证券投资基金A类份额,木莲锐进1号A类,深圳木莲,2026-08-28,1.1812,2025-08-04,1,2,股票多头,,no,,,,not_in_table,no,,,,,not_in_private_fund_info
BCB86B,泽赢玄坛稳进二号私募证券投资基金B类份额,泽赢玄坛稳进二号B类,江苏泽赢,2026-08-28,1.1365,2025-07-31,1,2,股票多头,2000指增,no,,,,not_in_table,no,,,,,not_in_private_fund_info
BCB48B,远和可颂20号私募证券投资基金B类份额,远和可颂20号B类,杭州远和,2026-08-28,1.198,2025-11-24,1,2,股票多头,,no,,,,not_in_table,no,,,,,not_in_private_fund_info
BCA57A,木莲长青1号私募证券投资基金A类份额,木莲长青1号A类,深圳木莲,2026-08-28,1.088,2025-08-01,1,2,股票多头,,no,,,,not_in_table,no,,,,,not_in_private_fund_info
BBX57A,宏珠CTA二号私募证券投资基金A类份额,宏珠CTA二号A类,上海宏珠资管,2026-08-28,0.9345,2026-01-29,1,2,期货策略,,no,,,,not_in_table,no,,,,,not_in_private_fund_info
BBN88A,量创陆港科技1号私募证券投资基金A类份额,量创陆港科技1号A类,前海量创投资,2026-08-28,1.7084,2025-07-31,1,2,多资产策略,复合策略,no,,,,not_in_table,no,,,,,not_in_private_fund_info
BBG04C,万柏涌利1号私募证券投资基金C类份额,万柏涌利1号C类,万柏基金,2026-08-28,1.3675,2025-07-11,1,2,股票多头,,no,,,,not_in_table,no,,,,,not_in_private_fund_info
BBG00B,碓泉可变阿尔法进取三号私募证券投资基金B类份额,碓泉可变阿尔法进取三号B类,杭州水碓泉资管,2026-08-28,0.912,2025-07-10,1,2,股票多头,,no,,,,not_in_table,no,,,,,not_in_private_fund_info
BBB10A,极量精选指增二号私募证券投资基金A类份额,极量精选指增二号A类,共青城极量投资,2026-08-28,1.4577,2025-07-02,1,2,股票多头,,no,,,,not_in_table,no,,,,,not_in_private_fund_info
BAU02B,价远苏鹰8号私募证券投资基金B类份额,价远苏鹰8号B类,浙江价远投资,2026-08-28,1.016,2025-08-15,1,2,股票多头,,no,,,,not_in_table,no,,,,,not_in_private_fund_info
BAQ94B,六妙星彩云归低波2号私募证券投资基金B类份额,六妙星彩云归低波2号B类,北京六妙星,2026-08-28,1.0732,2025-06-25,1,2,套利策略,期权套利,no,,,,not_in_table,no,,,,,not_in_private_fund_info
BAP94C,泓涞5号私募证券投资基金C类份额,泓涞5号C类,深圳前海泓涞资管,2026-08-28,0.962,2025-07-28,1,2,股票多头,,no,,,,not_in_table,no,,,,,not_in_private_fund_info
BAD00C,榕树海春华1号私募证券投资基金C类份额,榕树海春华1号C类,珠海榕树海,2026-08-28,1.0143,2025-06-23,1,2,股票对冲,股票市场中性,no,,,,not_in_table,no,,,,,not_in_private_fund_info
B7186A,宝荟灵策爆米花5号私募证券投资基金A类份额,宝荟灵策爆米花5号A类,上海宝荟投资,2026-08-28,1.1176,2023-08-07,1,2,股票多头,主观多头,no,,,,not_in_table,no,,,,,not_in_private_fund_info
B5005A,鑫乐达8号私募证券投资基金A类份额,鑫乐达8号A类,上海微积分,2026-08-28,1.6779,2023-07-10,1,2,股票多头,主观多头,no,,,,not_in_table,no,,,,,not_in_private_fund_info
B3161A,凤翔安泰私募证券投资母基金A类份额,凤翔安泰私募母基金A类,深圳凤翔,2026-08-28,1.2604,2023-06-20,1,2,组合策略,FOF,no,,,,not_in_table,no,,,,,not_in_private_fund_info
B3080A,君弘价值成长2号私募证券投资基金A类份额,君弘价值成长2号A类,深圳君弘投资,2026-08-28,2.523,2023-08-02,1,2,股票多头,主观多头,no,,,,not_in_table,no,,,,,not_in_private_fund_info
B2110A,君翊中证1000指数增强私募证券投资基金A类份额,君翊中证1000指数增强A类,常州君翊投资,2026-08-28,1.2452,2023-06-20,1,2,股票多头,1000指增,no,,,,not_in_table,no,,,,,not_in_private_fund_info
AZZ23A,千象信享全景成长10号私募证券投资基金A类份额,千象信享全景成长10号A类,上海千象资产,2026-08-28,1.2061,2025-07-18,1,2,期货策略,,no,,,,not_in_table,no,,,,,not_in_private_fund_info
AZM86A,博益川行阿尔法1号私募证券投资基金A类份额,博益川行阿尔法1号A类,深圳博益,2026-08-28,0.9662,2025-09-29,1,2,股票对冲,,no,,,,not_in_table,no,,,,,not_in_private_fund_info
AYZ85C,衍合多元进取1000指数增强7号私募证券投资基金C类份额,衍合多元进取1000指数增强7号C类,上海衍合,2026-08-28,1.0451,2025-08-21,1,2,股票多头,1000指增,no,,,,not_in_table,no,,,,,not_in_private_fund_info
AYB14A,蜂起期权对冲2号私募证券投资基金A类份额,蜂起期权对冲2号A类,珠海蜂起资本,2026-08-28,1.0434,2025-05-12,1,2,期权策略,场内期权,no,,,,not_in_table,no,,,,,not_in_private_fund_info
AXV07B,森恩临界二号证券私募投资基金B类份额,森恩临界二号B类,上海森恩资管,2026-08-28,0.8789,2025-07-01,1,2,股票多头,,no,,,,not_in_table,no,,,,,not_in_private_fund_info
AXE88A,会世宏观量化1号私募证券投资基金A类份额,会世宏观量化1号A类,上海会世,2026-08-28,1.2083,2025-05-12,1,2,多资产策略,宏观策略,no,,,,not_in_table,no,,,,,not_in_private_fund_info
AWX18C,国源拾金11号私募证券投资基金C类份额,国源拾金11号C类,深圳国源信达资管,2026-08-28,1.3985,2025-06-19,1,2,多资产策略,复合策略,no,,,,not_in_table,no,,,,,not_in_private_fund_info
AWW55A,米答萨卡1号私募证券投资基金A类份额,米答萨卡1号A类,上海米答资管,2026-08-28,1.0483,2025-08-12,1,2,股票多头,,no,,,,not_in_table,no,,,,,not_in_private_fund_info
AWV60A,星汇星河1号私募证券投资基金A类份额,星汇星河1号A类,上海思达星汇,2026-08-28,1.1072,2025-04-11,1,2,股票多头,,no,,,,not_in_table,no,,,,,not_in_private_fund_info
AWP32C,智信融科CTA十号私募证券投资基金C类份额,智信融科CTA十号C类,上海智信融科,2026-08-28,1.0086,2025-04-10,1,2,期货策略,量化期货,no,,,,not_in_table,no,,,,,not_in_private_fund_info
AWN66C,交睿宏安1号私募证券投资基金C类份额,交睿宏安1号C类,上海交睿,2026-08-28,1.0575,2025-11-18,1,2,多资产策略,,no,,,,not_in_table,no,,,,,not_in_private_fund_info
AWN66B,交睿宏安1号私募证券投资基金B类份额,交睿宏安1号B类,上海交睿,2026-08-28,1.06,2025-11-18,1,2,多资产策略,,no,,,,not_in_table,no,,,,,not_in_private_fund_info
AWD73A,六屏复利二号私募证券投资基金A类份额,六屏复利二号A类,武汉六屏,2026-08-28,1.0478,2025-03-21,1,2,股票多头,,no,,,,not_in_table,no,,,,,not_in_private_fund_info
AVY93A,简雍中证全指指数增强一号私募证券投资基金A类份额,简雍中证全指指数增强一号A类,上海简雍资管,2026-08-28,1.2946,2025-04-16,1,2,股票多头,量化选股,no,,,,not_in_table,no,,,,,not_in_private_fund_info
AVW59B,千象鑫享全景多元量化9号私募证券投资基金B类份额,千象鑫享全景多元量化9号B类,上海千象资产,2026-08-28,1.1167,2025-04-23,1,2,期货策略,,no,,,,not_in_table,no,,,,,not_in_private_fund_info
AVN10A,国富联合百益私募证券投资基金A类份额,国富联合百益A类,青岛国富联合,2026-08-28,1.0653,2025-03-18,1,2,股票多头,,no,,,,not_in_table,no,,,,,not_in_private_fund_info
AVH33B,吉余牡丹私募证券投资基金B类份额,吉余牡丹B类,上海吉余,2026-08-28,1.1578,2025-06-16,1,2,期货策略,主观期货,no,,,,not_in_table,no,,,,,not_in_private_fund_info
AUW96B,今通赤兔红利指数增强私募证券投资基金B类份额,今通赤兔红利指数增强B类,上海今通投资,2026-08-28,1.2469,2025-03-11,1,2,股票多头,红利指增,no,,,,not_in_table,no,,,,,not_in_private_fund_info
AUT16A,恺博厚利1号私募证券投资基金A类份额,恺博厚利1号A类,上海恺博,2026-08-28,1.0784,2025-03-05,1,2,股票多头,,no,,,,not_in_table,no,,,,,not_in_private_fund_info
AUR70C,明实元择宏观均衡1号私募证券投资基金C类份额,明实元择宏观均衡1号C类,平潭明实,2026-08-28,1.1625,2025-08-15,1,2,多资产策略,宏观策略,no,,,,not_in_table,no,,,,,not_in_private_fund_info
AUA28C,陆生生中证A500指数增强1号私募证券投资基金C类份额,陆生生中证A500指数增强1号C类,青岛陆生生,2026-08-28,1.1101,2025-09-12,1,2,股票多头,A500指增,no,,,,not_in_table,no,,,,,not_in_private_fund_info
ATX71B,千象全景多元量化3号私募证券投资基金B类份额,千象全景多元量化3号B类,上海千象资产,2026-08-28,1.0987,2025-06-06,1,2,期货策略,,no,,,,not_in_table,no,,,,,not_in_private_fund_info
ATV14A,瀚鑫财赋稳健一号私募证券投资基金A类份额,瀚鑫财赋稳健一号A类,深圳瀚鑫,2026-08-28,1.2044,2025-03-24,1,2,股票多头,,no,,,,not_in_table,no,,,,,not_in_private_fund_info
ATS44A,华川凌峰1号私募证券投资基金A类份额,华川凌峰1号A类,湖南华川,2026-08-28,1.2517,2025-03-21,1,2,股票多头,,no,,,,not_in_table,no,,,,,not_in_private_fund_info
ATJ60A,熵盈璟虹创新一号私募证券投资基金A类份额,熵盈璟虹创新一号A类,上海熵盈,2026-08-28,2.4839,2025-03-07,1,2,股票多头,主观多头,no,,,,not_in_table,no,,,,,not_in_private_fund_info
ATA66B,聚力潇湘1号私募证券投资基金B类份额,聚力潇湘1号B类,湖南聚力财富,2026-08-28,1.0231,2025-12-26,1,2,股票多头,,no,,,,not_in_table,no,,,,,not_in_private_fund_info
ASS10A,真琢磨淳曦稳健私募证券投资基金A类份额,真琢磨淳曦稳健A类,江苏真琢,2026-08-28,1.1447,2024-12-30,1,2,期货策略,主观期货,no,,,,not_in_table,no,,,,,not_in_private_fund_info
ASK29A,敦和年轮中证500指数增强1号私募证券投资基金A类份额,敦和年轮中证500指数增强1号A类,敦和资管,2026-08-28,1.4511,2024-12-30,1,2,股票多头,500指增,no,,,,not_in_table,no,,,,,not_in_private_fund_info
ASE43B,汇天利天盈一号私募证券投资基金B类份额,汇天利天盈一号B类,广东汇天利,2026-08-28,1.0779,2024-12-25,1,2,股票多头,,no,,,,not_in_table,no,,,,,not_in_private_fund_info
ARZ12A,玉数红利安心一号私募证券投资基金A类份额,玉数红利安心一号A类,上海玉数投资,2026-08-28,1.2809,2025-01-27,1,2,股票多头,红利指增,no,,,,not_in_table,no,,,,,not_in_private_fund_info
ARV49B,博普A500新兴动力私募证券投资基金B类份额,博普A500新兴动力B类,深圳前海博普资管,2026-08-28,1.3795,2024-12-09,1,2,股票多头,A500指增,no,,,,not_in_table,no,,,,,not_in_private_fund_info
ARH47B,东源省心享中证A500兴泰进享1号私募证券投资基金B类份额,东源省心享中证A500兴泰进享1号B类,天津东源投资,2026-08-28,1.3832,2024-11-27,1,2,股票多头,A500指增,no,,,,not_in_table,no,,,,,not_in_private_fund_info
AQZ41B,金时CTA1号私募证券投资基金B类份额,金时CTA1号B类,杭州金时资管,2026-08-28,1.5935,2024-11-21,1,2,期货策略,量化期货,no,,,,not_in_table,no,,,,,not_in_private_fund_info
AQV81C,远信新兴成长私募证券投资基金C类份额,远信新兴成长C类,珠海远信,2026-08-28,2.5182,2024-11-20,1,2,股票多头,,no,,,,not_in_table,no,,,,,not_in_private_fund_info
AQE09A,高鼎聚量价值成长1号私募证券投资基金A类份额,高鼎聚量价值成长1号A类,上海高鼎,2026-08-28,1.583,2024-11-20,1,2,股票多头,,no,,,,not_in_table,no,,,,,not_in_private_fund_info
AQA49B,星云至恒持盈守成可转债增强私募证券投资基金B类份额,星云至恒持盈守成可转债增强B类,厦门星云至恒,2026-08-28,0.9994,2024-10-21,1,2,债券策略,,no,,,,not_in_table,no,,,,,not_in_private_fund_info
APD36A,阿尔法3号私募证券投资基金A类份额,阿尔法3号A类,成都阿尔法,2026-08-28,1.3345,2024-09-18,1,2,期货策略,量化期货,no,,,,not_in_table,no,,,,,not_in_private_fund_info
APB60B,远信多资产策略私募证券投资基金1期B类份额,远信多资产策略1期B类,珠海远信,2026-08-28,1.3975,2024-12-12,1,2,多资产策略,宏观策略,no,,,,not_in_table,no,,,,,not_in_private_fund_info
ANB17B,汇天利进取一号私募证券投资基金B类份额,汇天利进取一号B类,广东汇天利,2026-08-28,1.355,2024-09-30,1,2,股票多头,,no,,,,not_in_table,no,,,,,not_in_private_fund_info
AMS33C,思瑞宽流宏观量化私募证券投资基金C类份额,思瑞宽流宏观量化C类,海南思瑞,2026-08-28,2.1587,2024-07-17,1,2,期货策略,,no,,,,not_in_table,no,,,,,not_in_private_fund_info
AMS17A,蜂起期权对冲1号私募证券投资基金A类份额,蜂起期权对冲1号A类,珠海蜂起资本,2026-08-28,1.2413,2024-07-26,1,2,期权策略,场内期权,no,,,,not_in_table,no,,,,,not_in_private_fund_info
ALD55A,敦和芝诺量化CTA1号私募证券投资基金A类份额,敦和芝诺量化CTA1号A类,敦和资管,2026-08-28,0.9989,2024-06-17,1,2,期货策略,,no,,,,not_in_table,no,,,,,not_in_private_fund_info
ALA56B,衍进价值1号私募证券投资基金B类份额,衍进价值1号B类,上海衍进,2026-08-28,1.7045,2024-07-05,1,2,股票多头,主观多头,no,,,,not_in_table,no,,,,,not_in_private_fund_info
AKM44B,昭华天熙二号私募证券投资基金B类份额,昭华天熙二号B类,三亚昭华,2026-08-28,1.0667,2024-05-16,1,2,股票多头,,no,,,,not_in_table,no,,,,,not_in_private_fund_info
AKB93C,尚艺全天候低波版1号私募证券投资基金C类份额,尚艺全天候低波版1号C类,北京尚艺,2026-08-28,1.0468,2024-07-02,1,2,多资产策略,宏观策略,no,,,,not_in_table,no,,,,,not_in_private_fund_info
AJV74B,德贝黎安1号私募证券投资基金B类份额,德贝黎安1号B类,上海德贝,2026-08-28,1.217,2024-04-12,1,2,期货策略,,no,,,,not_in_table,no,,,,,not_in_private_fund_info
AJV74A,德贝黎安1号私募证券投资基金A类份额,德贝黎安1号A类,上海德贝,2026-08-28,1.218,2024-04-12,1,2,期货策略,,no,,,,not_in_table,no,,,,,not_in_private_fund_info
AJQ16C,乾图震旦私募证券投资基金C类份额,乾图震旦C类,深圳乾图,2026-08-28,3.5403,2024-04-11,1,2,股票多头,主观多头,no,,,,not_in_table,no,,,,,not_in_private_fund_info
AJB69A,唐德坚竹量化1号私募证券投资基金A类份额,唐德坚竹量化1号A类,深圳唐德,2026-08-28,1.5884,2024-03-28,1,2,股票多头,,no,,,,not_in_table,no,,,,,not_in_private_fund_info
AHZ71A,泽赢全天候增强一号私募证券投资基金A类份额,泽赢全天候增强一号A类,江苏泽赢,2026-08-28,0.9654,2024-03-29,1,2,股票多头,,no,,,,not_in_table,no,,,,,not_in_private_fund_info
AHY24A,望道大航海1号私募证券投资基金A类份额,望道大航海1号A类,上海望道中观,2026-08-28,0.8532,2024-03-19,1,2,股票多头,,no,,,,not_in_table,no,,,,,not_in_private_fund_info
AHU56A,尚艺量化全天候稳健版12号私募证券投资基金A类份额,尚艺量化全天候稳健版12号A类,北京尚艺,2026-08-28,1.0595,2024-03-22,1,2,多资产策略,宏观策略,no,,,,not_in_table,no,,,,,not_in_private_fund_info
AHN91B,聚力财富平衡1号私募证券投资基金B类份额,聚力财富平衡1号B类,湖南聚力财富,2026-08-28,2,2024-03-25,1,2,股票多头,,no,,,,not_in_table,no,,,,,not_in_private_fund_info
AHD70A,万泰华瑞健康一号私募证券投资基金A类份额,万泰华瑞健康一号A类,湖南万泰华瑞投资,2026-08-28,1.15,2024-04-18,1,2,股票多头,主观多头,no,,,,not_in_table,no,,,,,not_in_private_fund_info
AGW50A,和美水豚灵活对冲1号私募证券投资基金A类份额,和美水豚灵活对冲1号A类,和美资本,2026-08-28,1.1333,2024-04-01,1,2,股票多头,另类多头,no,,,,not_in_table,no,,,,,not_in_private_fund_info
AGE04B,扶摇鲲鹏一号私募证券投资基金B类份额,扶摇鲲鹏一号B类,山西扶摇,2026-08-28,0.8489,2025-03-18,1,2,股票多头,,no,,,,not_in_table,no,,,,,not_in_private_fund_info
AFW08B,农夫2号私募证券投资基金B类份额,农夫2号B类,杭州农夫,2026-08-28,8.0198,2024-01-15,1,2,期货策略,主观期货,no,,,,not_in_table,no,,,,,not_in_private_fund_info
AFQ74B,赜远尊享量化选股6号私募证券投资基金B类份额,赜远尊享量化选股6号B类,珠海赜远,2026-08-28,1.0216,2024-01-26,1,2,股票多头,量化选股,no,,,,not_in_table,no,,,,,not_in_private_fund_info
AEU58B,睿银鑫唐套利增强1号私募证券投资基金B类份额,睿银鑫唐套利增强1号B类,武汉睿银,2026-08-28,0.9967,2023-12-28,1,2,组合策略,FOF,no,,,,not_in_table,no,,,,,not_in_private_fund_info
AEA78C,量宇进取1号私募证券投资基金C类份额,量宇进取1号C类,上海量宇,2026-08-28,1.0083,2023-12-13,1,2,套利策略,期货套利,no,,,,not_in_table,no,,,,,not_in_private_fund_info
ADJ58B,勤远CTA策略臻选私募证券投资基金B类份额,勤远CTA策略臻选B类,上海勤远,2026-08-28,1.2436,2023-12-12,1,2,期货策略,量化期货,no,,,,not_in_table,no,,,,,not_in_private_fund_info
ACX43C,源峰裕利2号私募证券投资基金C类份额,源峰裕利2号C类,北京源峰,2026-08-28,1.1797,2023-11-08,1,2,债券策略,,no,,,,not_in_table,no,,,,,not_in_private_fund_info
ABP22A,兰盈阿尔法俱乐部1号私募证券投资基金A类份额,兰盈阿尔法俱乐部1号A类,上海兰盈量投,2026-08-28,1.1481,2023-10-18,1,2,期权策略,场内期权,no,,,,not_in_table,no,,,,,not_in_private_fund_info
ABN12B,坤望量化优选2号私募证券投资基金B类份额,坤望量化优选2号B类,上海坤望,2026-08-28,1.0319,2023-10-13,1,2,股票对冲,股票市场中性,no,,,,not_in_table,no,,,,,not_in_private_fund_info
AAW30B,歌汝棋亚六号私募证券投资基金B类份额,歌汝棋亚六号B类,上海歌汝,2026-08-28,4.2669,2023-09-08,1,2,股票多头,主观多头,no,,,,not_in_table,no,,,,,not_in_private_fund_info
AAK62B,北京同风12号私募证券投资基金B类份额,北京同风12号B类,北京同风,2026-08-28,1.025,2023-09-06,1,2,其他,,no,,,,not_in_table,no,,,,,not_in_private_fund_info
65362A,凯丰宏观策略9号证券投资私募基金A类份额,凯丰宏观策略9号A类,深圳凯丰投资,2026-08-28,5.2803,2015-07-29,1,2,多资产策略,宏观策略,no,,,,not_in_table,no,,,,,not_in_private_fund_info
62612B,上海恒穗旗舰私募证券投资基金B类份额,上海恒穗旗舰B类,上海恒穗投资,2026-08-28,3.8656,2015-06-24,1,2,股票多头,主观多头,no,,,,not_in_table,no,,,,,not_in_private_fund_info
ZP560A,鼎泰四方全新好1号证券私募投资基金A类份额,鼎泰四方全新好1号A类,深圳鼎泰四方,2026-08-27,5.4186,2023-04-04,1,2,股票多头,主观多头,no,,,,not_in_table,no,,,,,not_in_private_fund_info
ZA537B,盖亚青柯泽善1号私募证券投资基金B类份额,盖亚青柯泽善1号B类,海南盖亚青柯,2026-08-27,1.2879,2023-01-18,1,2,股票对冲,股票市场中性,no,,,,not_in_table,no,,,,,not_in_private_fund_info
Y0547C,容棠年丰3号私募证券投资基金C类份额,容棠年丰3号C类,上海容棠,2026-08-27,2.577,2017-11-27,1,2,债券策略,债券复合,no,,,,not_in_table,no,,,,,not_in_private_fund_info
Y0547B,容棠年丰3号私募证券投资基金B类份额,容棠年丰3号B类,上海侏罗纪资管,2026-08-27,2.5713,2017-11-27,1,2,债券策略,债券复合,no,,,,not_in_table,no,,,,,not_in_private_fund_info
XL078B,宽渡紫檀私募证券投资基金B类份额,宽渡紫檀B类,上海宽渡,2026-08-27,1.5399,2022-09-27,1,2,组合策略,FOF,no,,,,not_in_table,no,,,,,not_in_private_fund_info
TN228A,臻选石门一号私募证券投资基金A类份额,臻选石门一号A类,海南臻选,2026-08-27,1.373,2021-12-22,1,2,组合策略,FOF,no,,,,not_in_table,no,,,,,not_in_private_fund_info
SY0547,容棠年丰3号私募证券投资基金,容棠年丰3号,上海容棠,2026-08-27,2.5739,2017-11-27,1,2,债券策略,债券复合,yes,容棠年丰3号私募证券投资基金,,,null_nav_date,yes,容棠年丰3号私募证券投资基金,正在运作,,上海容棠私募基金管理有限公司,in_table_null_latest_nav_date
VW160A,务时基本面量化中性1号私募证券投资基金A类份额,务时基本面量化中性1号A类,厦门务时,2026-08-26,1.2192,2022-06-27,1,2,股票对冲,股票市场中性,no,,,,not_in_table,no,,,,,not_in_private_fund_info
SQK740,均泰嵩山一号私募证券投资基金,均泰嵩山一号,海南均泰基金,2026-08-26,1.181,2021-05-27,1,2,期货策略,量化期货,yes,均泰嵩山一号私募证券投资基金,,,null_nav_date,yes,均泰嵩山一号私募证券投资基金,正在运作,,海南均泰基金管理有限公司,in_table_null_latest_nav_date
SBGA63,澜熙向荣8号私募证券投资基金,澜熙向荣8号,上海澜熙资管,2026-08-26,1.0387,2025-11-17,1,2,期货策略,,yes,澜熙向荣8号私募证券投资基金,,,null_nav_date,yes,澜熙向荣8号私募证券投资基金,正在运作,,上海澜熙资产管理有限公司,in_table_null_latest_nav_date
SBBT79,元图沪深300指数增强1号私募证券投资基金,元图沪深300指数增强1号,上海元图,2026-08-26,1.2636,2025-07-17,1,2,股票多头,300指增,yes,元图沪深300指数增强1号私募证券投资基金,,,null_nav_date,yes,元图沪深300指数增强1号私募证券投资基金,正在运作,私募证券投资基金,上海元图私募基金管理有限公司,in_table_null_latest_nav_date
SB3995,富腾辩证法价值投资私募证券投资基金,富腾辩证法价值投资,深圳富腾,2026-08-26,0.9709,2026-07-03,1,2,股票多头,,yes,富腾辩证法价值投资私募证券投资基金,,,null_nav_date,yes,富腾辩证法价值投资私募证券投资基金,正在运作,私募证券投资基金,深圳市富腾私募证券基金管理有限公司,in_table_null_latest_nav_date
BKC79B,聚力光华1号私募证券投资基金B类份额,聚力光华1号B类,湖南聚力财富,2026-08-26,0.7074,2025-11-25,1,2,股票多头,,no,,,,not_in_table,no,,,,,not_in_private_fund_info
AYD95A,中益仁冬封千尘私募证券投资基金A类份额,中益仁冬封千尘A类,日照中益仁,2026-08-26,1.0123,2025-05-07,1,2,期权策略,,no,,,,not_in_table,no,,,,,not_in_private_fund_info
AGQ67B,金斧子水星常青藤乐成1号私募证券投资基金B类份额,金斧子水星常青藤乐成1号B类,深圳金斧子资管,2026-08-26,1.163,2024-03-11,1,2,组合策略,FOF,no,,,,not_in_table,no,,,,,not_in_private_fund_info
ZR293B,朗坤旭日宏观进取私募证券投资基金B类份额,朗坤旭日宏观进取B类,福州朗坤,2026-08-25,1.1102,2023-03-29,1,2,多资产策略,宏观策略,no,,,,not_in_table,no,,,,,not_in_private_fund_info
XM006A,宣夜卓润兴安一号私募证券投资基金A类份额,宣夜卓润兴安一号A类,上海宣夜投资,2026-08-25,1.0598,2022-10-24,1,2,债券策略,债券复合,no,,,,not_in_table,no,,,,,not_in_private_fund_info
TR580C,海楚可转债策略优选私募证券投资基金C类份额,海楚可转债策略优选C类,上海海楚资管,2026-08-25,1.2637,2022-01-19,1,2,股票多头,可转债多头,no,,,,not_in_table,no,,,,,not_in_private_fund_info
TQ190A,铭箭向阳1号私募证券投资基金A类份额,铭箭向阳1号A类,上海铭箭投资,2026-08-25,0.9473,2022-01-07,1,2,股票对冲,股票多空,no,,,,not_in_table,no,,,,,not_in_private_fund_info
SZH915,嘉伦精选23号私募证券投资基金,嘉伦精选23号,武汉嘉伦投资,2026-08-25,1.0899,2023-02-06,1,2,股票多头,主观多头,yes,嘉伦精选23号私募证券投资基金,,,null_nav_date,yes,嘉伦精选23号私募证券投资基金,正在运作,,武汉嘉伦投资管理有限公司,in_table_null_latest_nav_date
SXX935,万涛私募万里鑫私募证券投资基金,万涛私募万里鑫,海南万涛,2026-08-25,1.07,2022-12-15,1,2,股票多头,主观多头,yes,万涛私募万里鑫私募证券投资基金,,,null_nav_date,yes,万涛私募万里鑫私募证券投资基金,正在运作,,万涛私募基金管理（海南）有限公司,in_table_null_latest_nav_date
SXT627,淳化晴空2号私募证券投资基金,淳化晴空2号,上海淳化,2026-08-25,2.113,2022-11-23,1,2,债券策略,信用债,yes,海升晴空2号私募证券投资基金,,,null_nav_date,yes,淳化晴空2号私募证券投资基金,正在运作,,上海淳化私募基金管理有限公司,in_table_null_latest_nav_date
SXR445,阿而法稳健悠享私募证券投资基金,阿而法稳健悠享,西安阿而法,2026-08-25,1.042,2022-12-06,1,2,股票多头,主观多头,yes,阿而法稳健悠享私募证券投资基金,,,null_nav_date,yes,阿而法稳健悠享私募证券投资基金,正在运作,,西安阿而法私募基金管理合伙企业（有限合伙）,in_table_null_latest_nav_date
SXN381,国标贵珠1号私募证券投资基金,国标贵珠1号,杭州国标资管,2026-08-25,0.618,2022-10-26,1,2,多资产策略,复合策略,yes,国标贵珠1号私募证券投资基金,,,null_nav_date,yes,国标贵珠1号私募证券投资基金,正在运作,,国标资产管理(杭州)有限公司,in_table_null_latest_nav_date
SXJ757,省心享汇升泰山六号私募证券投资基金,省心享汇升泰山六号,江苏苏豪汇升,2026-08-25,1.2076,2022-09-26,1,2,组合策略,FOF,yes,省心享汇升泰山六号私募证券投资基金,,,null_nav_date,yes,省心享汇升泰山六号私募证券投资基金,正在运作,,江苏苏豪汇升私募基金管理有限公司,in_table_null_latest_nav_date
SXD255,飞利登长合一号私募证券投资基金,飞利登长合一号,福州飞利登,2026-08-25,1.765,2022-08-18,1,2,股票多头,量化选股,yes,飞利登长合一号私募证券投资基金,,,null_nav_date,yes,飞利登长合一号私募证券投资基金,正在运作,,福州市飞利登私募基金管理有限公司,in_table_null_latest_nav_date
SXC987,毅远稳健套利15号私募证券投资基金,毅远稳健套利15号,上海毅远,2026-08-25,1.096,2022-09-13,1,2,股票多头,主观多头,yes,毅远稳健套利15号私募证券投资基金,,,null_nav_date,yes,毅远稳健套利15号私募证券投资基金,正在运作,,上海毅远私募基金管理有限公司,in_table_null_latest_nav_date
SX4807,盈至东方量子1号私募证券投资基金,盈至东方量子1号,厦门盈至至善,2026-08-25,1.3902,2017-09-22,1,2,股票多头,主观多头,yes,盈至东方量子1号私募证券投资基金,,,null_nav_date,yes,盈至东方量子1号私募证券投资基金,正在运作,,厦门盈至至善私募基金管理有限公司,in_table_null_latest_nav_date
SVY762,鼎鬲资本文艺复兴2号私募证券投资基金,鼎鬲资本文艺复兴2号,北京鼎鬲资管,2026-08-25,0.9954,2022-07-19,1,2,股票多头,主观多头,yes,鼎鬲资本文艺复兴2号私募证券投资基金,,,null_nav_date,yes,鼎鬲资本文艺复兴2号私募证券投资基金,正在运作,,北京鼎鬲资本管理有限公司,in_table_null_latest_nav_date
SVF142,红思客5号私募证券投资基金,红思客5号,北京红思客资管,2026-08-25,2.256,2022-04-18,1,2,股票多头,主观多头,yes,红思客5号私募证券投资基金,,,null_nav_date,yes,红思客5号私募证券投资基金,正在运作,,红思客资产管理（北京）有限责任公司,in_table_null_latest_nav_date
SVD255,紫薇天河3号私募证券投资基金,紫薇天河3号,北京紫薇,2026-08-25,0.7591,2022-04-15,1,2,股票多头,主观多头,yes,紫薇天河3号私募证券投资基金,,,null_nav_date,yes,紫薇天河3号私募证券投资基金,正在运作,,北京紫薇私募基金管理有限公司,in_table_null_latest_nav_date
SVB534,布谷拾贝多策略1号私募证券投资基金,布谷拾贝多策略1号,深圳布谷资管,2026-08-25,0.852,2022-03-28,1,2,股票多头,主观多头,yes,布谷拾贝多策略1号私募证券投资基金,,,null_nav_date,yes,布谷拾贝多策略1号私募证券投资基金,正在运作,,深圳布谷资本管理有限公司,in_table_null_latest_nav_date
STY419,稳泰平常心5号私募证券投资基金,稳泰平常心5号,青岛稳泰,2026-08-25,1.049,2022-09-01,1,2,股票多头,主观多头,yes,稳泰平常心5号私募证券投资基金,,,null_nav_date,yes,稳泰平常心5号私募证券投资基金,正在运作,,青岛稳泰私募基金管理有限公司,in_table_null_latest_nav_date
STX069,普行星空2号私募证券投资基金,普行星空2号,上海普行资管,2026-08-25,1.6683,2022-07-27,1,2,股票多头,主观多头,yes,普行星空2号私募证券投资基金,,,null_nav_date,yes,普行星空2号私募证券投资基金,正在运作,,上海普行资产管理有限公司,in_table_null_latest_nav_date
STT698,欢乐港湾坤罡私募证券投资基金,欢乐港湾坤罡,深圳欢乐港湾,2026-08-25,2.2428,2022-03-22,1,2,股票多头,主观多头,yes,欢乐港湾坤罡私募证券投资基金,,,null_nav_date,yes,欢乐港湾坤罡私募证券投资基金,正在运作,,深圳欢乐港湾私募证券基金管理有限公司,in_table_null_latest_nav_date
STQ190,铭箭向阳1号私募证券投资基金,铭箭向阳1号,上海铭箭投资,2026-08-25,0.9473,2022-01-07,1,2,股票对冲,股票多空,yes,铭箭向阳1号私募证券投资基金,,,null_nav_date,yes,铭箭向阳1号私募证券投资基金,正在运作,,上海铭箭投资管理有限公司,in_table_null_latest_nav_date
STC700,君弘钱塘1号私募证券投资基金,君弘钱塘1号,浙江君弘资管,2026-08-25,1.539,2021-11-09,1,2,多资产策略,复合策略,yes,君弘钱塘1号私募证券投资基金,,,null_nav_date,yes,君弘钱塘1号私募证券投资基金,正在运作,,浙江君弘资产管理有限公司,in_table_null_latest_nav_date
SSB107,稳泰平常心2号私募证券投资基金,稳泰平常心2号,青岛稳泰,2026-08-25,1.2337,2021-07-26,1,2,股票多头,主观多头,yes,稳泰平常心2号私募证券投资基金,,,null_nav_date,yes,稳泰平常心2号私募证券投资基金,正在运作,,青岛稳泰私募基金管理有限公司,in_table_null_latest_nav_date
SQW742,宣夜投资谦盈二期私募证券投资基金,宣夜投资谦盈二期,上海宣夜投资,2026-08-25,1.211,2021-07-19,1,2,期货策略,量化期货,yes,宣夜投资谦盈二期私募证券投资基金,,,null_nav_date,yes,宣夜投资谦盈二期私募证券投资基金,正在运作,,上海宣夜投资管理有限公司,in_table_null_latest_nav_date
SQR054,利百加臻海投资2号私募证券投资基金,利百加臻海投资2号,深圳利百加资管,2026-08-25,2.401,2021-05-28,1,2,股票多头,量化选股,yes,利百加臻海投资2号私募证券投资基金,,,null_nav_date,yes,利百加臻海投资2号私募证券投资基金,正在运作,,深圳市利百加资本管理有限公司,in_table_null_latest_nav_date
SNS798,蓝成十年稳健成长私募证券投资基金,蓝成十年稳健成长,深圳蓝成资管,2026-08-25,1.458,2021-02-08,1,2,股票多头,主观多头,yes,蓝成十年稳健成长私募证券投资基金,,,null_nav_date,yes,蓝成十年稳健成长私募证券投资基金,正在运作,,深圳蓝成资产管理股份有限公司,in_table_null_latest_nav_date
SNS616,洋湾特定策略1号私募证券投资基金,洋湾特定策略1号,广东洋湾证券投资,2026-08-25,1.231,2021-01-14,1,2,股票多头,主观多头,yes,洋湾特定策略1号私募证券投资基金,,,null_nav_date,yes,洋湾特定策略1号私募证券投资基金,正在运作,,广东洋湾证券投资基金管理有限公司,in_table_null_latest_nav_date
SLS126,洋湾价值成长2号私募证券投资基金,洋湾价值成长2号,广东洋湾证券投资,2026-08-25,0.9,2020-08-17,1,2,股票多头,主观多头,yes,洋湾价值成长2号私募证券投资基金,,,null_nav_date,yes,洋湾价值成长2号私募证券投资基金,正在运作,,广东洋湾证券投资基金管理有限公司,in_table_null_latest_nav_date
SLR673,朴汇北辰可转债量化私募证券投资基金,朴汇北辰可转债量化,深圳前海朴汇志合基金,2026-08-25,1.7439,2020-09-21,1,2,股票多头,可转债多头,yes,朴汇北辰可转债量化私募证券投资基金,,,null_nav_date,yes,朴汇北辰可转债量化私募证券投资基金,正在运作,,深圳前海朴汇志合基金管理有限公司,in_table_null_latest_nav_date
SLG036,隆翔起航3号私募证券投资基金,隆翔起航3号,北京隆翔资管,2026-08-25,0.9059,2020-06-19,1,2,股票多头,主观多头,yes,隆翔起航3号私募证券投资基金,,,null_nav_date,yes,隆翔起航3号私募证券投资基金,正在运作,,北京隆翔资产管理有限公司,in_table_null_latest_nav_date
SJJ081,顺从价值2号私募证券投资基金,顺从价值2号,广州顺从,2026-08-25,0.896,2019-11-18,1,2,股票多头,主观多头,yes,顺从价值2号私募证券投资基金,,,null_nav_date,yes,顺从价值2号私募证券投资基金,正在运作,,广州顺从私募证券投资基金管理有限公司,in_table_null_latest_nav_date
SGN856,宁波信本资产价值精选4号私募证券投资基金,宁波信本资产价值精选4号,宁波溢锋,2026-08-25,1.175,2019-06-10,1,2,股票多头,主观多头,yes,宁波信本资产价值精选4号私募证券投资基金,,,null_nav_date,yes,宁波信本资产价值精选4号私募证券投资基金,正在运作,,宁波溢锋私募基金管理有限公司,in_table_null_latest_nav_date
SEZ540,尚阳轮动稳健私募证券投资基金,尚阳轮动稳健,武汉尚阳资管,2026-08-25,1.7142,2019-05-16,1,2,股票多头,主观多头,yes,尚阳轮动稳健私募证券投资基金,,,null_nav_date,yes,尚阳轮动稳健私募证券投资基金,正在运作,,武汉尚阳资产管理有限公司,in_table_null_latest_nav_date
SEZ537,尚阳主题趋势私募证券投资基金,尚阳主题趋势,武汉尚阳资管,2026-08-25,1.9977,2019-03-01,1,2,股票多头,主观多头,yes,尚阳主题趋势私募证券投资基金,,,null_nav_date,yes,尚阳主题趋势私募证券投资基金,正在运作,,武汉尚阳资产管理有限公司,in_table_null_latest_nav_date
SEU746,尚阳价值鑫源私募证券投资基金,尚阳价值鑫源,武汉尚阳资管,2026-08-25,2.767,2018-12-14,1,2,股票多头,主观多头,yes,尚阳价值鑫源私募证券投资基金,,,null_nav_date,yes,尚阳价值鑫源私募证券投资基金,正在运作,,武汉尚阳资产管理有限公司,in_table_null_latest_nav_date
SCM177,隆翔4号私募证券投资基金,隆翔4号,北京隆翔资管,2026-08-25,2.882,2018-06-21,1,2,股票多头,主观多头,yes,隆翔4号私募证券投资基金,,,null_nav_date,yes,隆翔4号私募证券投资基金,正在运作,,北京隆翔资产管理有限公司,in_table_null_latest_nav_date
SBGZ23,原始森林新动力一期私募证券投资基金,原始森林新动力一期,深圳原始森林,2026-08-25,1.1097,2025-11-27,1,2,股票多头,,yes,原始森林新动力一期私募证券投资基金,,,null_nav_date,yes,原始森林新动力一期私募证券投资基金,正在运作,,原始森林（深圳）私募证券基金管理有限公司,in_table_null_latest_nav_date
SBGT27,永恒价值增长私募证券投资基金,永恒价值增长,深圳国金永恒,2026-08-25,0.871,2025-11-28,1,2,股票多头,,yes,永恒价值增长私募证券投资基金,,,null_nav_date,yes,永恒价值增长私募证券投资基金,正在运作,私募证券投资基金,深圳国金永恒私募证券投资基金管理有限公司,in_table_null_latest_nav_date
SBFQ92,富延9号私募证券投资基金,富延9号,深圳富延资管,2026-08-25,1.2069,2025-09-22,1,2,股票多头,,yes,富延9号私募证券投资基金,,,null_nav_date,yes,富延9号私募证券投资基金,正在运作,私募证券投资基金,深圳富延资本管理有限公司,in_table_null_latest_nav_date
SBDC87,兆祥微盘股精选5号私募证券投资基金,兆祥微盘股精选5号,青岛兆祥资管,2026-08-25,1.124,2025-08-12,1,2,股票多头,风格指增,yes,兆祥微盘股精选5号私募证券投资基金,,,null_nav_date,yes,兆祥微盘股精选5号私募证券投资基金,正在运作,私募证券投资基金,青岛兆祥资产管理有限公司,in_table_null_latest_nav_date
SB9117,哲萌进取1号私募证券投资基金,哲萌进取1号,杭州哲萌投资,2026-08-25,0.9606,2023-08-24,1,2,套利策略,期货套利,yes,哲萌进取1号私募证券投资基金,,,null_nav_date,yes,哲萌进取1号私募证券投资基金,正在运作,私募证券投资基金,杭州哲萌投资管理有限公司,in_table_null_latest_nav_date
SAXS70,云阳宜品价值稳健私募证券投资基金,云阳宜品价值稳健,苏州云阳宜品投资,2026-08-25,0.9503,2025-05-16,1,2,股票多头,主观多头,yes,云阳宜品价值稳健私募证券投资基金,,,null_nav_date,yes,云阳宜品价值稳健私募证券投资基金,正在运作,私募证券投资基金,苏州云阳宜品投资管理有限公司,in_table_null_latest_nav_date
SAWP27,国泓烛龙私募证券投资基金,国泓烛龙,深圳前海国泓,2026-08-25,1.2151,2025-06-06,1,2,股票多头,主观多头,yes,国泓烛龙私募证券投资基金,,,null_nav_date,yes,国泓烛龙私募证券投资基金,正在运作,私募证券投资基金,深圳市前海国泓私募证券基金管理有限公司,in_table_null_latest_nav_date
SAVW90,天蝎座十五五十新能源产业发展私募证券投资基金,天蝎座十五五十新能源产业发展,北京天蝎座资管,2026-08-25,2.9694,2025-08-04,1,2,其他,,yes,天蝎座十五五十新能源产业发展私募证券投资基金,,,null_nav_date,yes,天蝎座十五五十新能源产业发展私募证券投资基金,正在运作,私募证券投资基金,北京天蝎座资产管理有限公司,in_table_null_latest_nav_date
SAUT06,维万CTA三号私募证券投资基金,维万CTA三号,上海维万,2026-08-25,2.7273,2025-02-25,1,2,期货策略,量化期货,yes,维万CTA三号私募证券投资基金,,,null_nav_date,yes,维万CTA三号私募证券投资基金,正在运作,私募证券投资基金,上海维万私募基金管理有限公司,in_table_null_latest_nav_date
SAUP30,宜庆量化精选私募证券投资基金,宜庆量化精选,北京宜庆投资,2026-08-25,1.4047,2025-02-24,1,2,股票对冲,股票市场中性,yes,宜庆量化精选私募证券投资基金,,,null_nav_date,yes,宜庆量化精选私募证券投资基金,正在运作,私募证券投资基金,北京宜庆投资管理有限责任公司,in_table_null_latest_nav_date
SART23,弘震向阳1号私募证券投资基金,弘震向阳1号,上海弘震资管,2026-08-25,0.9504,2025-01-22,1,2,股票多头,主观多头,yes,弘震向阳1号私募证券投资基金,,,null_nav_date,yes,弘震向阳1号私募证券投资基金,正在运作,私募证券投资基金,上海弘震资产管理有限公司,in_table_null_latest_nav_date
SARR90,君弘钱塘2号私募证券投资基金,君弘钱塘2号,浙江君弘资管,2026-08-25,1.1,2025-03-25,1,2,多资产策略,复合策略,yes,君弘钱塘2号私募证券投资基金,,,null_nav_date,yes,君弘钱塘2号私募证券投资基金,正在运作,私募证券投资基金,浙江君弘资产管理有限公司,in_table_null_latest_nav_date
SARN76,和常稳健三号私募证券投资基金,和常稳健三号,上海和常投资,2026-08-25,0.9845,2025-03-28,1,2,股票多头,,yes,和常稳健三号私募证券投资基金,,,null_nav_date,yes,和常稳健三号私募证券投资基金,正在运作,,上海和常投资管理有限公司,in_table_null_latest_nav_date
SAQN85,融裕路易私募证券投资基金,融裕路易,海南融裕,2026-08-25,1.6171,2024-11-20,1,2,股票多头,主观多头,yes,融裕路易私募证券投资基金,,,null_nav_date,yes,融裕路易私募证券投资基金,正在运作,私募证券投资基金,海南融裕私募基金管理有限公司,in_table_null_latest_nav_date
SAQF59,永恒稳健成长私募证券投资基金,永恒稳健成长,深圳国金永恒,2026-08-25,1.116,2024-11-21,1,2,股票多头,主观多头,yes,永恒稳健成长私募证券投资基金,,,null_nav_date,yes,永恒稳健成长私募证券投资基金,正在运作,私募证券投资基金,深圳国金永恒私募证券投资基金管理有限公司,in_table_null_latest_nav_date
SAKF73,红思客林园-世代兴旺1号私募证券投资基金,红思客林园-世代兴旺1号,北京红思客资管,2026-08-25,1.155,2024-06-07,1,2,股票多头,主观多头,yes,红思客林园-世代兴旺1号私募证券投资基金,,,null_nav_date,yes,红思客林园-世代兴旺1号私募证券投资基金,正在运作,私募证券投资基金,红思客资产管理（北京）有限责任公司,in_table_null_latest_nav_date
SADS99,兆祥CTA3号私募证券投资基金,兆祥CTA3号,青岛兆祥资管,2026-08-25,1.0622,2023-12-05,1,2,股票多头,,yes,兆祥CTA3号私募证券投资基金,,,null_nav_date,yes,兆祥CTA3号私募证券投资基金,正在运作,私募证券投资基金,青岛兆祥资产管理有限公司,in_table_null_latest_nav_date
SAAK15,明华信德华岱一号私募证券投资基金,明华信德华岱一号,深圳明华信德,2026-08-25,0.9929,2024-07-10,1,2,股票多头,主观多头,yes,明华信德华岱一号私募证券投资基金,,,null_nav_date,yes,明华信德华岱一号私募证券投资基金,正在运作,私募证券投资基金,深圳市明华信德私募证券基金管理有限公司,in_table_null_latest_nav_date
S85239,毅然创世基金一期私募证券投资基金,毅然创世基金一期,北京毅然资管,2026-08-25,4.26,2015-11-05,1,2,股票多头,主观多头,yes,毅然创世基金一期私募证券投资基金,,,null_nav_date,yes,毅然创世基金一期私募证券投资基金,正在运作,,毅然（北京）资产管理有限公司,in_table_null_latest_nav_date
S81899,泽源泰26号私募证券投资基金,泽源泰26号,深圳泽源泰森,2026-08-25,1.217,2015-09-24,1,2,股票多头,主观多头,yes,泽源泰26号私募证券投资基金,,,null_nav_date,yes,泽源泰26号私募证券投资基金,正在运作,,深圳市泽源泰森私募证券投资基金管理有限公司,in_table_null_latest_nav_date
S26690,一线对冲信一对冲基金,一线对冲信一对冲基金,深圳前海一线对冲投资,2026-08-25,0.9931,2015-03-12,1,2,股票对冲,股票市场中性,yes,一线对冲信一对冲基金,,,null_nav_date,yes,一线对冲信一对冲基金,正在运作,,深圳市前海一线对冲投资企业（有限合伙）,in_table_null_latest_nav_date
S21459,中睿合银弈势1号私募证券投资基金,中睿合银弈势1号,西藏中睿合银投资,2026-08-25,5.1008,2014-09-23,1,2,股票多头,主观多头,yes,中睿合银弈势1号私募证券投资基金,,,null_nav_date,yes,中睿合银弈势1号私募证券投资基金,正在运作,,西藏中睿合银投资管理有限公司,in_table_null_latest_nav_date
S21013,一线对冲君一对冲基金,一线对冲君一对冲基金,深圳前海一线对冲投资,2026-08-25,1.529,2014-09-12,1,2,股票对冲,股票市场中性,yes,一线对冲君一对冲基金,,,null_nav_date,yes,一线对冲君一对冲基金,正在运作,,深圳市前海一线对冲投资企业（有限合伙）,in_table_null_latest_nav_date
BMG13A,中颖无隅二号私募证券投资基金A类份额,中颖无隅二号A类,深圳中颖投资,2026-08-25,0.8672,2025-12-17,1,2,股票多头,,no,,,,not_in_table,no,,,,,not_in_private_fund_info
BEL26C,金讯扬行展鸿1号私募证券投资基金C类份额,金讯扬行展鸿1号C类,青岛金讯扬行,2026-08-25,1.0868,2025-09-01,1,2,股票多头,,no,,,,not_in_table,no,,,,,not_in_private_fund_info
B9117A,哲萌进取1号私募证券投资基金A类份额,哲萌进取1号A类,杭州哲萌投资,2026-08-25,0.9606,2023-08-24,1,2,套利策略,期货套利,no,,,,not_in_table,no,,,,,not_in_private_fund_info
AUP30A,宜庆量化精选私募证券投资基金A类份额,宜庆量化精选A类,北京宜庆投资,2026-08-25,1.3954,2025-02-24,1,2,股票对冲,股票市场中性,no,,,,not_in_table,no,,,,,not_in_private_fund_info
ALE54A,汇升永嘉1号私募证券投资基金A类份额,汇升永嘉1号A类,杭州汇升,2026-08-25,1.4739,2024-06-25,1,2,股票多头,,no,,,,not_in_table,no,,,,,not_in_private_fund_info
AJW77A,山岳嵩山磐石1号FOF私募证券投资基金A类份额,山岳嵩山磐石1号FOFA类,广州山岳,2026-08-25,1.2566,2024-04-12,1,2,股票多头,,no,,,,not_in_table,no,,,,,not_in_private_fund_info
AEH53C,阳泽伏尔加指数增强2号私募证券投资基金C类份额,阳泽伏尔加指数增强2号C类,杭州阳泽,2026-08-25,0.8911,2023-12-13,1,2,期货策略,,no,,,,not_in_table,no,,,,,not_in_private_fund_info
ADE99C,聚宽甄享量化选股策略一号私募证券投资基金C类份额,聚宽甄享量化选股策略一号C类,北京聚宽投资,2026-08-25,1.198,2023-12-14,1,2,股票多头,量化选股,no,,,,not_in_table,no,,,,,not_in_private_fund_info
ZC839B,甲乙甲CTA精进一号私募证券投资基金B类份额,甲乙甲CTA精进一号B类,上海甲乙甲,2026-08-24,1.4669,2023-01-12,1,2,期货策略,量化期货,no,,,,not_in_table,no,,,,,not_in_private_fund_info
ZA498B,览山岩画1号私募证券投资基金B类份额,览山岩画1号B类,宁夏览山,2026-08-24,1.2279,2023-01-05,1,2,组合策略,FOF,no,,,,not_in_table,no,,,,,not_in_private_fund_info
XG147A,配邦赤子壹号私募证券投资基金A类份额,配邦赤子壹号A类,上海配邦,2026-08-24,1.2346,2022-09-02,1,2,期货策略,量化期货,no,,,,not_in_table,no,,,,,not_in_private_fund_info
VQ170C,星汇星月2号私募证券投资基金C类份额,星汇星月2号C类,上海思达星汇,2026-08-24,1.1591,2022-05-19,1,2,期货策略,量化期货,no,,,,not_in_table,no,,,,,not_in_private_fund_info
VH998A,哲萌5号私募证券投资基金A类份额,哲萌5号A类,杭州哲萌投资,2026-08-24,1.2043,2022-05-05,1,2,套利策略,期货套利,no,,,,not_in_table,no,,,,,not_in_private_fund_info
SZY381,北恒锦钰私募证券投资基金,北恒锦钰,海南北恒,2026-08-24,1.311,2023-06-16,1,2,股票多头,主观多头,yes,北恒锦钰私募证券投资基金,,,null_nav_date,yes,北恒锦钰私募证券投资基金,正在运作,,海南北恒私募基金管理中心（有限合伙）,in_table_null_latest_nav_date
SZD975,子呈长红私募证券投资基金,子呈长红,上海子呈,2026-08-24,2.1951,2023-01-17,1,2,股票多头,主观多头,yes,子呈长红私募证券投资基金,,,null_nav_date,yes,子呈长红私募证券投资基金,正在运作,,上海子呈私募基金管理有限公司,in_table_null_latest_nav_date
SZA775,深高尊享1号私募证券投资基金,深高尊享1号,深圳深高,2026-08-24,1.559,2023-01-04,1,2,债券策略,债券复合,yes,深高尊享1号私募证券投资基金,,,null_nav_date,yes,深高尊享1号私募证券投资基金,正在运作,,深圳深高私募证券基金管理有限公司,in_table_null_latest_nav_date
SZA498,览山岩画1号私募证券投资基金,览山岩画1号,宁夏览山,2026-08-24,1.2245,2023-01-05,1,2,组合策略,FOF,yes,览山岩画1号私募证券投资基金,,,null_nav_date,yes,览山岩画1号私募证券投资基金,正在运作,,览山（宁夏）私募基金管理有限公司,in_table_null_latest_nav_date
SXQ244,传山套利香江1号私募证券投资基金,传山套利香江1号,广州传山,2026-08-24,1.3066,2022-11-01,1,2,套利策略,期货套利,yes,传山套利香江1号私募证券投资基金,,,null_nav_date,yes,传山套利香江1号私募证券投资基金,正在运作,,广州传山私募基金管理有限公司,in_table_null_latest_nav_date
SXP246,深耕4号私募证券投资基金,深耕4号,杭州深耕,2026-08-24,1.2168,2022-12-07,1,2,多资产策略,复合策略,yes,深耕4号私募证券投资基金,,,null_nav_date,yes,深耕4号私募证券投资基金,正在运作,,杭州深耕私募基金管理有限公司,in_table_null_latest_nav_date
SXL388,卓恒成长私募证券投资基金1号,卓恒成长1号,上海卓恒,2026-08-24,3.8762,2022-10-11,1,2,股票多头,主观多头,yes,卓恒成长私募证券投资基金1号,,,null_nav_date,yes,卓恒成长私募证券投资基金1号,正在运作,,上海卓恒私募基金管理有限公司,in_table_null_latest_nav_date
SXD653,敦方稳健3号私募证券投资基金,敦方稳健3号,海南敦方,2026-08-24,1.183,2023-02-21,1,2,多资产策略,复合策略,yes,敦方稳健3号私募证券投资基金,,,null_nav_date,yes,敦方稳健3号私募证券投资基金,正在运作,,海南敦方私募基金管理中心（有限合伙）,in_table_null_latest_nav_date
SX1474,私募工场云阳一期私募证券投资基金,私募工场云阳一期,苏州云阳宜品投资,2026-08-24,1.753,2017-09-21,1,2,股票多头,主观多头,yes,私募工场云阳一期私募证券投资基金,,,null_nav_date,yes,私募工场云阳一期私募证券投资基金,正在运作,,苏州云阳宜品投资管理有限公司,in_table_null_latest_nav_date
SW3733,鹰傲长盈2号私募证券投资基金,鹰傲长盈2号,广州鹰傲,2026-08-24,1.7392,2017-09-04,1,2,股票多头,主观多头,yes,鹰傲长盈2号证券私募基金,,,null_nav_date,yes,鹰傲长盈2号私募证券投资基金,正在运作,,广州鹰傲私募证券投资基金管理有限公司,in_table_null_latest_nav_date
SVW160,务时基本面量化中性1号私募证券投资基金,务时基本面量化中性1号,厦门务时,2026-08-24,1.2042,2022-06-27,1,2,股票对冲,股票市场中性,yes,务时基本面量化中性1号私募证券投资基金,,,null_nav_date,yes,务时基本面量化中性1号私募证券投资基金,正在运作,,厦门务时私募基金管理有限公司,in_table_null_latest_nav_date
SVP984,隆翔安裕传家壹号私募证券投资基金,隆翔安裕传家壹号,北京隆翔资管,2026-08-24,0.8538,2022-07-24,1,2,股票多头,主观多头,yes,隆翔安裕传家壹号私募证券投资基金,,,null_nav_date,yes,隆翔安裕传家壹号私募证券投资基金,正在运作,,北京隆翔资产管理有限公司,in_table_null_latest_nav_date
SVH998,哲萌5号私募证券投资基金,哲萌5号,杭州哲萌投资,2026-08-24,1.2047,2022-05-05,1,2,套利策略,期货套利,yes,哲萌5号私募证券投资基金,,,null_nav_date,yes,哲萌5号私募证券投资基金,正在运作,,杭州哲萌投资管理有限公司,in_table_null_latest_nav_date
SVG992,竹润壹号私募证券投资基金,竹润壹号,上海竹润投资,2026-08-24,1.3093,2022-03-28,1,2,债券策略,信用债,yes,竹润壹号私募证券投资基金,,,null_nav_date,yes,竹润壹号私募证券投资基金,正在运作,,上海竹润投资有限公司,in_table_null_latest_nav_date
SVF103,冰青量化1号证券投资私募基金,冰青量化1号,上海冰青,2026-08-24,1.0326,2022-03-10,1,2,股票多头,量化选股,yes,冰青量化1号证券投资私募基金,,,null_nav_date,yes,冰青量化1号证券投资私募基金,正在运作,,上海冰青私募基金管理有限公司,in_table_null_latest_nav_date
SVC849,上海冰青多空量化1号私募证券投资基金,上海冰青多空量化1号,上海冰青,2026-08-24,1.559,2022-03-10,1,2,股票多头,量化选股,yes,上海冰青多空量化1号私募证券投资基金,,,null_nav_date,yes,上海冰青多空量化1号私募证券投资基金,正在运作,,上海冰青私募基金管理有限公司,in_table_null_latest_nav_date
STN888,紫薇天河1号私募证券投资基金,紫薇天河1号,北京紫薇,2026-08-24,0.7405,2022-01-11,1,2,股票多头,主观多头,yes,紫薇天河1号私募证券投资基金,,,null_nav_date,yes,紫薇天河1号私募证券投资基金,正在运作,,北京紫薇私募基金管理有限公司,in_table_null_latest_nav_date
SR7646,恒盈创富私募基金,恒盈创富,深圳恒盈富达资管,2026-08-24,1.901,2017-06-14,1,2,股票多头,主观多头,yes,恒盈创富私募基金,,,null_nav_date,yes,恒盈创富私募基金,正在运作,,深圳市恒盈富达资产管理有限公司,in_table_null_latest_nav_date
SQY808,展博创新趋势私募证券投资基金,展博创新趋势,深圳展博投资,2026-08-24,2.0896,2021-07-19,1,2,股票多头,主观多头,yes,展博创新趋势私募证券投资基金,,,null_nav_date,yes,展博创新趋势私募证券投资基金,正在运作,,深圳展博投资管理有限公司,in_table_null_latest_nav_date
SQY131,楷双昆仑5号私募证券投资基金,楷双昆仑5号,上海凯双,2026-08-24,1.018,2021-07-05,1,2,股票多头,500指增,yes,楷双昆仑5号私募证券投资基金,,,null_nav_date,yes,楷双昆仑5号私募证券投资基金,正在运作,,上海凯双私募基金管理有限公司,in_table_null_latest_nav_date
SQV888,亿安达思源一号私募证券投资基金,亿安达思源一号,广东亿安达,2026-08-24,1.0369,2021-06-18,1,2,股票多头,主观多头,yes,亿安达思源一号私募证券投资基金,,,null_nav_date,yes,亿安达思源一号私募证券投资基金,正在运作,,广东亿安达私募基金管理有限公司,in_table_null_latest_nav_date
SQU962,玖歌精选1号私募证券投资基金,玖歌精选1号,上海玖歌投资,2026-08-24,0.9118,2021-11-02,1,2,股票多头,主观多头,yes,玖歌精选1号私募证券投资基金,,,null_nav_date,yes,玖歌精选1号私募证券投资基金,正在运作,,上海玖歌投资管理有限公司,in_table_null_latest_nav_date
SQS672,领久复利金私募证券投资基金,领久复利金,上海领久,2026-08-24,2.9728,2021-06-18,1,2,股票多头,主观多头,yes,领久复利金私募证券投资基金,,,null_nav_date,yes,领久复利金私募证券投资基金,正在运作,,上海领久私募基金管理有限公司,in_table_null_latest_nav_date
SQP892,隆翔正定一期私募证券投资基金,隆翔正定一期,北京隆翔资管,2026-08-24,0.913,2021-05-24,1,2,股票多头,主观多头,yes,隆翔正定一期私募证券投资基金,,,null_nav_date,yes,隆翔正定一期私募证券投资基金,正在运作,,北京隆翔资产管理有限公司,in_table_null_latest_nav_date
SQJ919,积露11号私募证券投资基金,积露11号,北京积露资管,2026-08-24,4.3504,2021-04-22,1,2,股票多头,量化选股,yes,积露11号私募证券投资基金,,,null_nav_date,yes,积露11号私募证券投资基金,正在运作,,北京积露资产管理有限公司,in_table_null_latest_nav_date
SQF127,洮利日鑫月益私募证券投资基金,洮利日鑫月益,上海洮利,2026-08-24,1.0886,2021-03-23,1,2,债券策略,债券复合,yes,洮利日鑫月益私募证券投资基金,,,null_nav_date,yes,洮利日鑫月益私募证券投资基金,正在运作,,上海洮利私募基金管理有限公司,in_table_null_latest_nav_date
SQB573,懋良睿澄对冲私募证券投资基金,懋良睿澄对冲,上海懋良投资,2026-08-24,3.3142,2021-03-16,1,2,多资产策略,复合策略,yes,懋良睿澄对冲私募证券投资基金,,,null_nav_date,yes,懋良睿澄对冲私募证券投资基金,正在运作,,上海懋良投资管理合伙企业（有限合伙）,in_table_null_latest_nav_date
SNP598,帆贝太阳向导一期私募证券投资基金,帆贝太阳向导一期,北京帆贝投资,2026-08-24,1.12,2021-01-07,1,2,组合策略,FOF,yes,帆贝太阳向导一期私募证券投资基金,,,null_nav_date,yes,帆贝太阳向导一期私募证券投资基金,正在运作,,北京帆贝投资管理有限公司,in_table_null_latest_nav_date
SNJ115,百利信和创十一号私募证券投资基金,百利信和创十一号,福州百利信,2026-08-24,1.292,2020-11-25,1,2,多资产策略,复合策略,yes,百利信和创十一号私募证券投资基金,,,null_nav_date,yes,百利信和创十一号私募证券投资基金,正在运作,,福州经济技术开发区百利信私募基金管理有限公司,in_table_null_latest_nav_date
SND741,阳泽昭阳智策私募证券投资基金,阳泽昭阳智策,杭州阳泽,2026-08-24,0.8831,2020-11-19,1,2,股票多头,1000指增,yes,阳泽昭阳智策私募证券投资基金,,,null_nav_date,yes,阳泽昭阳智策私募证券投资基金,正在运作,,杭州阳泽私募基金管理有限公司,in_table_null_latest_nav_date
SLV180,巴道轩二号私募证券投资基金,巴道轩二号,广州巴道,2026-08-24,10.595,2020-12-01,1,2,股票多头,主观多头,yes,巴道轩二号私募证券投资基金,,,null_nav_date,yes,巴道轩二号私募证券投资基金,正在运作,,广州巴道私募证券投资基金管理有限责任公司,in_table_null_latest_nav_date
SLE343,隆翔起航1号私募证券投资基金,隆翔起航1号,北京隆翔资管,2026-08-24,0.9299,2020-06-19,1,2,股票多头,主观多头,yes,隆翔起航1号私募证券投资基金,,,null_nav_date,yes,隆翔起航1号私募证券投资基金,正在运作,,北京隆翔资产管理有限公司,in_table_null_latest_nav_date
SJG764,巴道轩一号私募证券投资基金,巴道轩一号,广州巴道,2026-08-24,11.689,2019-12-12,1,2,股票多头,主观多头,yes,巴道轩一号私募证券投资基金,,,null_nav_date,yes,巴道轩一号私募证券投资基金,正在运作,,广州巴道私募证券投资基金管理有限责任公司,in_table_null_latest_nav_date
SGW985,合晟磐石专项2号私募证券投资基金,合晟磐石专项2号,上海合晟资管,2026-08-24,1.8986,2019-08-12,1,2,债券策略,债券复合,yes,合晟磐石专项2号私募证券投资基金,,,null_nav_date,yes,合晟磐石专项2号私募证券投资基金,正在运作,,上海合晟资产管理股份有限公司,in_table_null_latest_nav_date
SGQ060,积露3号私募证券投资基金,积露3号,北京积露资管,2026-08-24,3.7072,2019-06-21,1,2,股票多头,量化选股,yes,积露3号私募证券投资基金,,,null_nav_date,yes,积露3号私募证券投资基金,正在运作,,北京积露资产管理有限公司,in_table_null_latest_nav_date
SGK149,隆翔红旗1号私募证券投资基金,隆翔红旗1号,北京隆翔资管,2026-08-24,0.861,2019-07-05,1,2,股票多头,主观多头,yes,隆翔红旗1号私募证券投资基金,,,null_nav_date,yes,隆翔红旗1号私募证券投资基金,正在运作,,北京隆翔资产管理有限公司,in_table_null_latest_nav_date
SCZ766,顺从价值1号私募证券投资基金,顺从价值1号,广州顺从,2026-08-24,0.929,2018-07-09,1,2,股票多头,主观多头,yes,顺从价值1号私募证券投资基金,,,null_nav_date,yes,顺从价值1号私募证券投资基金,正在运作,,广州顺从私募证券投资基金管理有限公司,in_table_null_latest_nav_date
SBND72,正仁逐浪私享一号私募证券投资基金,正仁逐浪私享一号,海南正仁,2026-08-24,0.8861,2026-01-21,1,2,股票多头,,yes,正仁逐浪私享一号私募证券投资基金,,,null_nav_date,yes,正仁逐浪私享一号私募证券投资基金,正在运作,私募证券投资基金,海南正仁量化私募基金管理有限公司,in_table_null_latest_nav_date
SBJA17,同德磐石逸兴私募证券投资基金,同德磐石逸兴,北京同德磐石资管,2026-08-24,1.2588,2025-12-26,1,2,股票多头,,yes,同德磐石逸兴私募证券投资基金,,,null_nav_date,yes,同德磐石逸兴私募证券投资基金,正在运作,私募证券投资基金,北京同德磐石资产管理有限公司,in_table_null_latest_nav_date
SBGE33,光华中证500指增1号私募证券投资基金,光华中证500指增1号,北京光华,2026-08-24,1.2167,2025-10-15,1,2,股票多头,500指增,yes,光华中证500指增1号私募证券投资基金,,,null_nav_date,yes,光华中证500指增1号私募证券投资基金,正在运作,,北京光华私募基金管理有限公司,in_table_null_latest_nav_date
SBEG71,云阳三期私募证券投资基金,云阳三期,苏州云阳宜品投资,2026-08-24,0.7889,2025-09-08,1,2,股票多头,,yes,云阳三期私募证券投资基金,,,null_nav_date,yes,云阳三期私募证券投资基金,正在运作,私募证券投资基金,苏州云阳宜品投资管理有限公司,in_table_null_latest_nav_date
SBEA92,滨利汉威星云23号私募证券投资基金,滨利汉威星云23号,深圳滨利投资,2026-08-24,1.2538,2025-08-22,1,2,股票多头,,yes,滨利汉威星云23号私募证券投资基金,,,null_nav_date,yes,滨利汉威星云23号私募证券投资基金,正在运作,私募证券投资基金,深圳市滨利投资管理有限公司,in_table_null_latest_nav_date
SB5724,隆翔瑞義一期私募证券投资基金,隆翔瑞義一期,北京隆翔资管,2026-08-24,0.8548,2023-07-13,1,2,股票多头,主观多头,yes,隆翔瑞義一期私募证券投资基金,,,null_nav_date,yes,隆翔瑞義一期私募证券投资基金,正在运作,私募证券投资基金,北京隆翔资产管理有限公司,in_table_null_latest_nav_date
SAZC80,路远睿泽8号私募证券投资基金,路远睿泽8号,海南路远,2026-08-24,1.5986,2025-05-30,1,2,多资产策略,宏观策略,yes,路远睿泽8号私募证券投资基金,,,null_nav_date,yes,路远睿泽8号私募证券投资基金,正在运作,私募证券投资基金,海南路远私募基金管理有限公司,in_table_null_latest_nav_date
SAUL23,滨利凤鸣3号私募证券投资基金,滨利凤鸣3号,深圳滨利投资,2026-08-24,1.086,2025-03-03,1,2,股票多头,主观多头,yes,滨利凤鸣3号私募证券投资基金,,,null_nav_date,yes,滨利凤鸣3号私募证券投资基金,正在运作,私募证券投资基金,深圳市滨利投资管理有限公司,in_table_null_latest_nav_date
SASP89,恒昇转债量化1号私募证券投资基金,恒昇转债量化1号,深圳恒昇,2026-08-24,1.2667,2025-01-06,1,2,股票多头,可转债多头,yes,恒昇转债量化1号私募证券投资基金,,,null_nav_date,yes,恒昇转债量化1号私募证券投资基金,正在运作,私募证券投资基金,深圳市恒昇私募证券投资基金管理有限公司,in_table_null_latest_nav_date
SAHE48,夷吾晓牛3号私募证券投资基金,夷吾晓牛3号,深圳前海夷吾资管,2026-08-24,1.1841,2024-03-07,1,2,股票多头,主观多头,yes,夷吾晓牛3号私募证券投资基金,,,null_nav_date,yes,夷吾晓牛3号私募证券投资基金,正在运作,私募证券投资基金,深圳市前海夷吾资产管理有限公司,in_table_null_latest_nav_date
SADG72,凯瑞稳健二号私募证券投资基金,凯瑞稳健二号,广州凯瑞,2026-08-24,1.71,2023-11-09,1,2,股票多头,主观多头,yes,凯瑞稳健二号私募证券投资基金,,,null_nav_date,yes,凯瑞稳健二号私募证券投资基金,正在运作,私募证券投资基金,广州凯瑞私募证券投资基金管理有限公司,in_table_null_latest_nav_date
SABS25,玖玖磐石1号私募证券投资基金,玖玖磐石1号,海南玖玖,2026-08-24,1.2133,2023-09-25,1,2,多资产策略,复合策略,yes,玖玖磐石1号私募证券投资基金,,,null_nav_date,yes,玖玖磐石1号私募证券投资基金,正在运作,,玖玖(海南)私募基金管理合伙企业(有限合伙),in_table_null_latest_nav_date
SABE76,东航金融-夏果精选1号私募证券投资基金,东航金融-夏果精选1号,东航基金,2026-08-24,1.082,2023-09-20,1,2,期货策略,量化期货,yes,东航金融-夏果精选1号私募证券投资基金,,,null_nav_date,yes,东航金融-夏果精选1号私募证券投资基金,正在运作,私募证券投资基金,东航私募基金管理有限公司,in_table_null_latest_nav_date
SAAH58,梵星咬金2号私募证券投资基金,梵星咬金2号,上海梵星,2026-08-24,3.068,2025-02-20,1,2,股票多头,主观多头,yes,梵星咬金2号私募证券投资基金,,,null_nav_date,yes,梵星咬金2号私募证券投资基金,正在运作,私募证券投资基金,上海梵星私募基金管理有限公司,in_table_null_latest_nav_date
S80055,鹰傲绝对价值私募证券投资基金,鹰傲绝对价值,广州鹰傲,2026-08-24,2.7562,2015-09-02,1,2,股票多头,主观多头,yes,鹰傲绝对价值基金,,,null_nav_date,yes,鹰傲绝对价值私募证券投资基金,正在运作,,广州鹰傲私募证券投资基金管理有限公司,in_table_null_latest_nav_date
QA043A,星恒哲萌1号私募证券投资基金A类份额,星恒哲萌1号A类,杭州哲萌投资,2026-08-24,1.1806,2021-04-14,1,2,期货策略,主观期货,no,,,,not_in_table,no,,,,,not_in_private_fund_info
NY428B,德远明选量化二号私募证券投资基金B类份额,德远明选量化二号B类,深圳德远投资,2026-08-24,0.873,2021-02-09,1,2,股票多头,300指增,no,,,,not_in_table,no,,,,,not_in_private_fund_info
LQ840A,少数派小微盘优选私募证券投资基金A类份额,少数派小微盘优选A类,上海少薮派投资,2026-08-24,1.1621,2020-08-17,1,2,股票多头,量化选股,no,,,,not_in_table,no,,,,,not_in_private_fund_info
GW985B,合晟磐石专项2号私募证券投资基金B类份额,合晟磐石专项2号B类,上海合晟资管,2026-08-24,1.8314,2019-08-12,1,2,债券策略,债券复合,no,,,,not_in_table,no,,,,,not_in_private_fund_info
GT288A,卓尚天道1号私募证券投资基金A类份额,卓尚天道1号A类,上海卓尚,2026-08-24,1.0523,2019-06-19,1,2,股票多头,主观多头,no,,,,not_in_table,no,,,,,not_in_private_fund_info
BND72B,正仁逐浪私享一号私募证券投资基金B类份额,正仁逐浪私享一号B类,海南正仁,2026-08-24,0.8852,2026-01-21,1,2,股票多头,,no,,,,not_in_table,no,,,,,not_in_private_fund_info
BJA17A,同德磐石逸兴私募证券投资基金A类份额,同德磐石逸兴A类,北京同德磐石资管,2026-08-24,1.2553,2025-12-26,1,2,股票多头,,no,,,,not_in_table,no,,,,,not_in_private_fund_info
BGE33A,光华中证500指增1号私募证券投资基金A类份额,光华中证500指增1号A类,北京光华,2026-08-24,1.2154,2025-10-15,1,2,股票多头,500指增,no,,,,not_in_table,no,,,,,not_in_private_fund_info
BET37C,泽赢临风二号私募证券投资基金C类份额,泽赢临风二号C类,江苏泽赢,2026-08-24,1.0338,2025-09-29,1,2,股票多头,,no,,,,not_in_table,no,,,,,not_in_private_fund_info
AEL68A,宝荟华悦1号私募证券投资基金A类份额,宝荟华悦1号A类,上海宝荟投资,2026-08-24,2.4687,2023-12-18,1,2,股票多头,主观多头,no,,,,not_in_table,no,,,,,not_in_private_fund_info
09416A,熙盛睿远均衡私募证券投资基金A类份额,熙盛睿远均衡A类,上海熙盛明诚,2026-08-24,1.1117,2023-05-08,1,2,多资产策略,宏观策略,no,,,,not_in_table,no,,,,,not_in_private_fund_info
ZK042C,数算奇点私募证券投资基金C类份额,数算奇点C类,北京数算先锋资管,2026-08-21,1.104,2023-03-14,1,2,股票多头,主观多头,no,,,,not_in_table,no,,,,,not_in_private_fund_info
ZK042B,数算奇点私募证券投资基金B类份额,数算奇点B类,北京数算先锋资管,2026-08-21,1.399,2023-03-14,1,2,股票多头,主观多头,no,,,,not_in_table,no,,,,,not_in_private_fund_info
XX303C,览山1号私募证券投资基金C类份额,览山1号C类,宁夏览山,2026-08-21,1.5113,2022-12-07,1,2,组合策略,FOF,no,,,,not_in_table,no,,,,,not_in_private_fund_info
X9542A,泽塔盖德尔雪币2号私募证券投资基金A类份额,泽塔盖德尔雪币2号A类,海南泽塔,2026-08-21,25.2036,2017-11-08,1,2,股票多头,主观多头,no,,,,not_in_table,no,,,,,not_in_private_fund_info
VU557B,汇乾锐进成长1号私募证券投资基金B类份额,汇乾锐进成长1号B类,海南汇乾,2026-08-21,0.8932,2022-06-10,1,2,股票对冲,择时对冲,no,,,,not_in_table,no,,,,,not_in_private_fund_info
VB797B,睿亿揽月十期私募证券投资基金B类份额,睿亿揽月十期B类,上海睿亿投资,2026-08-21,1.284,2023-01-09,1,2,股票对冲,股票多空,no,,,,not_in_table,no,,,,,not_in_private_fund_info
SZS106,浅行量化1号私募证券投资基金,浅行量化1号,海南浅行,2026-08-21,1.1738,2023-03-28,1,2,多资产策略,复合策略,yes,浅行量化1号私募证券投资基金,,,null_nav_date,yes,浅行量化1号私募证券投资基金,正在运作,,浅行私募基金管理（海南）有限公司,in_table_null_latest_nav_date
SZK042,数算奇点私募证券投资基金,数算奇点,北京数算先锋资管,2026-08-21,1.225,2023-03-14,1,2,股票多头,主观多头,yes,数算奇点私募证券投资基金,,,null_nav_date,yes,数算奇点私募证券投资基金,正在运作,,数算先锋资产管理（北京）有限公司,in_table_null_latest_nav_date
SVG196,子正开源1号私募证券投资基金,子正开源1号,天津子正资管,2026-08-21,1.844,2023-04-10,1,2,股票多头,量化选股,yes,子正开源1号私募证券投资基金,,,null_nav_date,yes,子正开源1号私募证券投资基金,正在运作,,天津子正资产管理有限公司,in_table_null_latest_nav_date
SVB797,睿亿揽月十期私募证券投资基金,睿亿揽月十期,上海睿亿投资,2026-08-21,1.3016,2023-01-09,1,2,股票对冲,股票多空,yes,睿亿揽月十期私募证券投资基金,,,null_nav_date,yes,睿亿揽月十期私募证券投资基金,正在运作,,上海睿亿投资发展中心（有限合伙）,in_table_null_latest_nav_date
STV421,千瓴龙腾八号私募证券投资基金,千瓴龙腾八号,海南千瓴,2026-08-21,4.7901,2022-01-25,1,2,组合策略,FOF,yes,千瓴龙腾八号私募证券投资基金,,,null_nav_date,yes,千瓴龙腾八号私募证券投资基金,正在运作,,海南千瓴私募基金管理合伙企业（有限合伙）,in_table_null_latest_nav_date
SJ5171,趣时事件驱动1号证券投资基金,趣时事件驱动1号基金,上海趣时资管,2026-08-21,5.11,2016-05-31,1,2,股票多头,主观多头,yes,趣时事件驱动1号证券投资基金,,,null_nav_date,yes,趣时事件驱动1号证券投资基金,正在运作,,上海趣时资产管理有限公司,in_table_null_latest_nav_date
SCC431,普弘—银马价值趋势3号私募证券投资基金,普弘—银马价值趋势3号,广东普弘资管,2026-08-21,1.3391,2018-01-23,1,2,股票多头,主观多头,yes,普弘—银马价值趋势3号私募证券投资基金,,,null_nav_date,yes,普弘—银马价值趋势3号私募证券投资基金,正在运作,,广东普弘资产管理有限公司,in_table_null_latest_nav_date
SBRC84,华澄三号私募证券投资基金,华澄三号,北京华澄,2026-08-21,1.1538,2026-02-04,1,2,期货策略,,yes,华澄三号私募证券投资基金,,,null_nav_date,yes,华澄三号私募证券投资基金,正在运作,私募证券投资基金,北京华澄私募基金管理有限公司,in_table_null_latest_nav_date
SBQY46,谦和钟山一号私募证券投资基金,谦和钟山一号,成都谦和,2026-08-21,0.9126,2026-02-04,1,2,股票多头,,yes,谦和钟山一号私募证券投资基金,,,null_nav_date,yes,谦和钟山一号私募证券投资基金,正在运作,私募证券投资基金,成都谦和私募基金管理有限公司,in_table_null_latest_nav_date
SBQV69,未来股指低波一号私募证券投资基金,未来股指低波一号,深圳未来投资,2026-08-21,1.1229,2026-02-12,1,2,股票多头,500指增,yes,未来中证500股指低波一号私募证券投资基金,,,null_nav_date,yes,未来股指低波一号私募证券投资基金,正在运作,私募证券投资基金,未来（深圳）投资管理有限公司,in_table_null_latest_nav_date
SBMH33,巨量均衡择时量选沧海三号私募证券投资基金,巨量均衡择时量选沧海三号,珠海巨量均衡,2026-08-21,1.0256,2025-12-24,1,2,股票多头,另类多头,yes,巨量均衡择时量选沧海三号私募证券投资基金,,,null_nav_date,yes,巨量均衡择时量选沧海三号私募证券投资基金,正在运作,私募证券投资基金,巨量均衡私募证券基金管理（珠海）有限公司,in_table_null_latest_nav_date
SBKC79,聚力光华1号私募证券投资基金,聚力光华1号,湖南聚力财富,2026-08-21,0.7316,2025-11-25,1,2,股票多头,,yes,聚力光华1号私募证券投资基金,,,null_nav_date,yes,聚力光华1号私募证券投资基金,正在运作,,湖南聚力财富私募基金管理有限公司,in_table_null_latest_nav_date
SB9945,璟诚徽赢1号私募证券投资基金,璟诚徽赢1号,广东璟诚,2026-08-21,0.8119,2023-09-19,1,2,股票多头,主观多头,yes,璟诚徽赢1号私募证券投资基金,,,null_nav_date,yes,璟诚徽赢1号私募证券投资基金,正在运作,私募证券投资基金,广东璟诚私募基金管理有限公司,in_table_null_latest_nav_date
SAMT05,东方润泽腾辰1号私募证券投资基金,东方润泽腾辰1号,海南东方润泽,2026-08-21,1.2316,2024-10-14,1,2,股票多头,主观多头,yes,东方润泽腾辰1号私募证券投资基金,,,null_nav_date,yes,东方润泽腾辰1号私募证券投资基金,正在运作,,海南东方润泽私募基金管理有限公司,in_table_null_latest_nav_date
SAJV28,君合远景1号私募证券投资基金,君合远景1号,青岛君合,2026-08-21,1.1353,2024-04-09,1,2,组合策略,FOF,yes,君合远景1号私募证券投资基金,,,null_nav_date,yes,君合远景1号私募证券投资基金,正在运作,,青岛君合私募基金管理有限公司,in_table_null_latest_nav_date
QW602A,美好吉布斯一号私募证券投资基金A类份额,美好吉布斯一号A类,广东横琴广鑫美好,2026-08-21,1.3666,2021-06-24,1,2,股票多头,500指增,no,,,,not_in_table,no,,,,,not_in_private_fund_info
NN892C,澎泰转债精选一期证券投资私募基金C类份额,澎泰转债精选一期C类,北京澎泰资本,2026-08-21,2.2744,2021-03-09,1,2,股票多头,可转债多头,no,,,,not_in_table,no,,,,,not_in_private_fund_info
NN892A,澎泰转债精选一期证券投资私募基金A类份额,澎泰转债精选一期A类,北京澎泰资本,2026-08-21,2.303,2021-03-09,1,2,股票多头,可转债多头,no,,,,not_in_table,no,,,,,not_in_private_fund_info
GN579B,巨量边界量化精选1号私募证券投资基金B类份额,巨量边界量化精选1号B类,北京巨量边界,2026-08-21,1.4867,2019-06-05,1,2,股票多头,量化选股,no,,,,not_in_table,no,,,,,not_in_private_fund_info
BQY46A,谦和钟山一号私募证券投资基金A类份额,谦和钟山一号A类,成都谦和,2026-08-21,0.9125,2026-02-04,1,2,股票多头,,no,,,,not_in_table,no,,,,,not_in_private_fund_info
BQV69B,未来股指低波一号私募证券投资基金B类份额,未来股指低波一号B类,深圳未来投资,2026-08-21,1.1211,2026-02-12,1,2,股票多头,500指增,no,,,,not_in_table,no,,,,,not_in_private_fund_info
BMH33A,巨量均衡择时量选沧海三号私募证券投资基金A类份额,巨量均衡择时量选沧海三号A类,珠海巨量均衡,2026-08-21,1.0256,2025-12-24,1,2,股票多头,另类多头,no,,,,not_in_table,no,,,,,not_in_private_fund_info
BEQ63A,益清证金孔明1号量化私募证券投资基金A类份额,益清证金孔明1号量化A类,深圳证金投资,2026-08-21,0.9264,2025-08-28,1,2,股票对冲,,no,,,,not_in_table,no,,,,,not_in_private_fund_info
B9945B,璟诚徽赢1号私募证券投资基金B类份额,璟诚徽赢1号B类,广东璟诚,2026-08-21,0.8119,2023-09-19,1,2,股票多头,主观多头,no,,,,not_in_table,no,,,,,not_in_private_fund_info
AWV19B,锦福源中证1000指增私募证券投资基金B类份额,锦福源中证1000指增B类,海南锦福源,2026-08-21,1.0752,2025-04-18,1,2,股票多头,,no,,,,not_in_table,no,,,,,not_in_private_fund_info
AML97B,积沐发明家一号私募证券投资基金B类份额,积沐发明家一号B类,上海积沐,2026-08-21,1.4325,2024-07-05,1,2,多资产策略,复合策略,no,,,,not_in_table,no,,,,,not_in_private_fund_info
SZL391,尚珑伍洲稳健贰号私募证券投资基金,尚珑伍洲稳健贰号,深圳尚珑基金,2026-08-17,1.0194,2023-02-20,1,2,债券策略,信用债,yes,尚珑伍洲稳健贰号私募证券投资基金,,,null_nav_date,yes,尚珑伍洲稳健贰号私募证券投资基金,正在运作,,深圳市尚珑基金管理有限公司,in_table_null_latest_nav_date
SQN676,钜融挚诚2号私募证券投资基金,钜融挚诚2号,中海外钜融资管,2026-08-17,1.1498,2021-05-18,1,2,债券策略,信用债,yes,钜融挚诚2号私募证券投资基金,,,null_nav_date,yes,钜融挚诚2号私募证券投资基金,正在运作,,中海外钜融资产管理集团有限公司,in_table_null_latest_nav_date
SVT270,观澜投资稳健3号私募证券投资基金,观澜投资稳健3号,青岛观澜投资,2026-08-14,1.2468,2022-05-31,1,2,债券策略,信用债,yes,观澜投资稳健3号私募证券投资基金,,,null_nav_date,yes,观澜投资稳健3号私募证券投资基金,正在运作,,青岛观澜投资管理有限公司,in_table_null_latest_nav_date
SCA345,佳期智选海湾10号私募证券投资基金,佳期智选海湾10号,上海佳期,2026-08-14,1.0001,2026-07-21,1,2,股票多头,,yes,佳期智选海湾10号私募证券投资基金,,,null_nav_date,yes,佳期智选海湾10号私募证券投资基金,正在运作,,上海佳期私募基金管理有限公司,in_table_null_latest_nav_date
SBNN67,泽源泰6号私募证券投资基金,泽源泰6号,深圳泽源泰森,2026-08-14,0.971,2026-01-14,1,2,股票多头,,yes,泽源泰6号私募证券投资基金,,,null_nav_date,yes,泽源泰6号私募证券投资基金,正在运作,私募证券投资基金,深圳市泽源泰森私募证券投资基金管理有限公司,in_table_null_latest_nav_date
SBKY14,品润鲸鲨三号私募证券投资基金,品润鲸鲨三号,浙江品润投资,2026-08-14,0.9775,2025-12-18,1,2,股票多头,,yes,品润鲸鲨三号私募证券投资基金,,,null_nav_date,yes,品润鲸鲨三号私募证券投资基金,正在运作,私募证券投资基金,浙江品润投资管理有限公司,in_table_null_latest_nav_date
SBFD16,祐益峰大路私募证券投资基金,祐益峰大路,厦门祐益峰资管,2026-08-14,0.9445,2025-09-24,1,2,股票多头,,yes,祐益峰大路私募证券投资基金,,,null_nav_date,yes,祐益峰大路私募证券投资基金,正在运作,,厦门祐益峰资产管理有限公司,in_table_null_latest_nav_date
SATU14,福珍新征程1号港股通多元策略私募证券投资基金,福珍新征程1号港股通多元策略,上海福珍资管,2026-08-14,0.7146,2025-03-20,1,2,多资产策略,复合策略,yes,福珍新征程1号港股通多元策略私募证券投资基金,,,null_nav_date,yes,福珍新征程1号港股通多元策略私募证券投资基金,正在运作,私募证券投资基金,上海福珍资产管理有限公司,in_table_null_latest_nav_date
SARY26,龙旗X计划13号5期私募证券投资基金,龙旗X计划13号5期,杭州龙旗科技,2026-08-14,1.025,2026-06-26,1,2,股票对冲,,yes,龙旗X计划13号5期私募证券投资基金,,,null_nav_date,yes,龙旗X计划13号5期私募证券投资基金,正在运作,,杭州龙旗科技有限公司,in_table_null_latest_nav_date
SAQV81,远信新兴成长私募证券投资基金,远信新兴成长,珠海远信,2026-08-14,2.6257,2024-11-20,1,2,股票多头,,yes,远信新兴成长私募证券投资基金,,,null_nav_date,yes,远信新兴成长私募证券投资基金,正在运作,私募证券投资基金,远信（珠海）私募基金管理有限公司,in_table_null_latest_nav_date
SANJ38,启辰之星鲲鹏之势私募证券投资基金,启辰之星鲲鹏之势,武汉启辰之星,2026-08-14,1.2698,2024-08-23,1,2,股票多头,,yes,启辰之星鲲鹏之势私募证券投资基金,,,null_nav_date,yes,启辰之星鲲鹏之势私募证券投资基金,正在运作,私募证券投资基金,武汉启辰之星私募基金管理合伙企业（有限合伙）,in_table_null_latest_nav_date
SALU56,世纪前沿中证全指指数增强6号一期私募证券投资基金,世纪前沿中证全指指数增强6号一期,海南世纪前沿,2026-08-14,0.9987,2026-06-09,1,2,股票多头,量化选股,yes,世纪前沿中证全指指数增强6号一期私募证券投资基金,,,null_nav_date,yes,世纪前沿中证全指指数增强6号一期私募证券投资基金,正在运作,私募证券投资基金,海南世纪前沿私募基金管理有限公司,in_table_null_latest_nav_date
SALU24,世纪前沿中证全指指数增强6号二期私募证券投资基金,世纪前沿中证全指指数增强6号二期,海南世纪前沿,2026-08-14,1.0517,2026-06-30,1,2,股票多头,量化选股,yes,世纪前沿中证全指指数增强6号二期私募证券投资基金,,,null_nav_date,yes,世纪前沿中证全指指数增强6号二期私募证券投资基金,正在运作,,海南世纪前沿私募基金管理有限公司,in_table_null_latest_nav_date
SALR28,世纪前沿量化优选22号三期私募证券投资基金,世纪前沿量化优选22号三期,海南世纪前沿,2026-08-14,1.0258,2026-06-30,1,2,股票对冲,,yes,世纪前沿量化优选22号三期私募证券投资基金,,,null_nav_date,yes,世纪前沿量化优选22号三期私募证券投资基金,正在运作,,海南世纪前沿私募基金管理有限公司,in_table_null_latest_nav_date
SALF72,国富联合取道一号私募证券投资基金,国富联合取道一号,青岛国富联合,2026-08-14,0.8178,2024-06-07,1,2,股票多头,量化选股,yes,国富联合取道一号私募证券投资基金,,,null_nav_date,yes,国富联合取道一号私募证券投资基金,正在运作,私募证券投资基金,国富联合（青岛）私募基金管理有限公司,in_table_null_latest_nav_date
SAHN71,孝庸中证1000指增双驱招享一号1期私募证券投资基金,孝庸中证1000指增双驱招享一号1期,上海孝庸,2026-08-14,0.9662,2026-05-29,1,2,股票多头,1000指增,yes,孝庸中证1000指增双驱招享一号1期私募证券投资基金,,,null_nav_date,yes,孝庸中证1000指增双驱招享一号1期私募证券投资基金,正在运作,私募证券投资基金,上海孝庸私募基金管理有限公司,in_table_null_latest_nav_date
SADT11,龙旗X计划13号4期私募证券投资基金,龙旗X计划13号4期,杭州龙旗科技,2026-08-14,0.8923,2026-05-29,1,2,股票对冲,,yes,龙旗X计划13号4期私募证券投资基金,,,null_nav_date,yes,龙旗X计划13号4期私募证券投资基金,正在运作,私募证券投资基金,杭州龙旗科技有限公司,in_table_null_latest_nav_date
SADS65,龙旗X计划13号1期私募证券投资基金,龙旗X计划13号1期,杭州龙旗科技,2026-08-14,0.9394,2026-05-14,1,2,股票对冲,,yes,龙旗X计划13号1期私募证券投资基金,,,null_nav_date,yes,龙旗X计划13号1期私募证券投资基金,正在运作,私募证券投资基金,杭州龙旗科技有限公司,in_table_null_latest_nav_date
SADS01,龙旗X计划13号2期私募证券投资基金,龙旗X计划13号2期,杭州龙旗科技,2026-08-14,0.9394,2026-05-19,1,2,股票对冲,,yes,龙旗X计划13号2期私募证券投资基金,,,null_nav_date,yes,龙旗X计划13号2期私募证券投资基金,正在运作,私募证券投资基金,杭州龙旗科技有限公司,in_table_null_latest_nav_date
SADQ81,龙旗X计划13号3期私募证券投资基金,龙旗X计划13号3期,杭州龙旗科技,2026-08-14,0.9393,2026-05-21,1,2,股票对冲,,yes,龙旗X计划13号3期私募证券投资基金,,,null_nav_date,yes,龙旗X计划13号3期私募证券投资基金,正在运作,私募证券投资基金,杭州龙旗科技有限公司,in_table_null_latest_nav_date
SAAS19,龙旗X计划13号6期私募证券投资基金,龙旗X计划13号6期,杭州龙旗科技,2026-08-14,1.0251,2026-06-30,1,2,股票对冲,,yes,龙旗X计划13号6期私募证券投资基金,,,null_nav_date,yes,龙旗X计划13号6期私募证券投资基金,正在运作,,杭州龙旗科技有限公司,in_table_null_latest_nav_date
BNX82B,香农招享一号私募证券投资基金B类份额,香农招享一号B类,海南三亚香农,2026-08-14,0.9347,2026-02-11,1,2,股票多头,,no,,,,not_in_table,no,,,,,not_in_private_fund_info
BNX82A,香农招享一号私募证券投资基金A类份额,香农招享一号A类,海南三亚香农,2026-08-14,0.9331,2026-03-13,1,2,股票多头,,no,,,,not_in_table,no,,,,,not_in_private_fund_info
BNN67A,泽源泰6号私募证券投资基金A类份额,泽源泰6号A类,深圳泽源泰森,2026-08-14,0.9708,2026-01-14,1,2,股票多头,,no,,,,not_in_table,no,,,,,not_in_private_fund_info
BFD16A,祐益峰大路私募证券投资基金A类份额,祐益峰大路A类,厦门祐益峰资管,2026-08-14,0.9413,2025-09-24,1,2,股票多头,,no,,,,not_in_table,no,,,,,not_in_private_fund_info
ANJ38A,启辰之星鲲鹏之势私募证券投资基金A类份额,启辰之星鲲鹏之势A类,武汉启辰之星,2026-08-14,1.2661,2024-08-23,1,2,股票多头,,no,,,,not_in_table,no,,,,,not_in_private_fund_info
AHR90A,锐耐黎曼三号私募证券投资基金A类份额,锐耐黎曼三号A类,上海锐耐,2026-08-14,7.7563,2024-03-07,1,2,股票多头,,no,,,,not_in_table,no,,,,,not_in_private_fund_info
SZT156,中科汇富稳健配置1号私募证券投资基金,中科汇富稳健配置1号,广东中科汇富,2026-08-10,0.9911,2023-03-30,1,2,组合策略,FOF,yes,中科汇富稳健配置1号私募证券投资基金,,,null_nav_date,yes,中科汇富稳健配置1号私募证券投资基金,正在运作,,广东中科汇富私募基金管理合伙企业（有限合伙）,in_table_null_latest_nav_date
SVC616,庄贤亨贞期权二号对冲私募证券投资基金,庄贤亨贞期权二号对冲,杭州庄贤投资,2026-08-10,1.1934,2022-02-25,1,2,套利策略,期权套利,yes,庄贤亨贞期权二号对冲私募证券投资基金,,,null_nav_date,yes,庄贤亨贞期权二号对冲私募证券投资基金,正在运作,,杭州庄贤投资管理合伙企业（有限合伙）,in_table_null_latest_nav_date
SBSW96,明汯宏观招享3号13期私募证券投资基金,明汯宏观招享3号13期,上海明汯投资,2026-08-10,0.9398,2026-05-26,1,2,多资产策略,宏观策略,yes,明汯宏观招享3号13期私募证券投资基金,,,null_nav_date,yes,明汯宏观招享3号13期私募证券投资基金,正在运作,私募证券投资基金,上海明汯投资管理有限公司,in_table_null_latest_nav_date
SBSW95,明汯宏观招享3号12期私募证券投资基金,明汯宏观招享3号12期,上海明汯投资,2026-08-10,0.9397,2026-05-26,1,2,多资产策略,宏观策略,yes,明汯宏观招享3号12期私募证券投资基金,,,null_nav_date,yes,明汯宏观招享3号12期私募证券投资基金,正在运作,私募证券投资基金,上海明汯投资管理有限公司,in_table_null_latest_nav_date
SAGR12,玖润行业精选私募证券投资基金,玖润行业精选,西安玖润投资,2026-08-10,1.1598,2024-02-08,1,2,股票多头,主观多头,yes,玖润行业精选私募证券投资基金,,,null_nav_date,yes,玖润行业精选私募证券投资基金,正在运作,私募证券投资基金,西安玖润投资管理有限公司,in_table_null_latest_nav_date
SAEL15,中科汇富宏观配置1号私募证券投资基金,中科汇富宏观配置1号,广东中科汇富,2026-08-10,0.9761,2024-12-06,1,2,多资产策略,宏观策略,yes,中科汇富宏观配置1号私募证券投资基金,,,null_nav_date,yes,中科汇富宏观配置1号私募证券投资基金,正在运作,私募证券投资基金,广东中科汇富私募基金管理合伙企业（有限合伙）,in_table_null_latest_nav_date
SZM343,畅誉锦隆长胜1号私募证券投资基金,畅誉锦隆长胜1号,深圳前海畅誉投资,2026-08-07,1.9708,2023-02-28,1,2,股票多头,主观多头,yes,畅誉锦隆长胜1号私募证券投资基金,,,null_nav_date,yes,畅誉锦隆长胜1号私募证券投资基金,正在运作,,前海畅誉投资基金管理（深圳）有限公司,in_table_null_latest_nav_date
SXK478,乘舟启航2号私募证券投资基金,乘舟启航2号,上海乘舟投资,2026-08-07,1.3,2022-09-23,1,2,股票多头,主观多头,yes,乘舟启航2号私募证券投资基金,,,null_nav_date,yes,乘舟启航2号私募证券投资基金,正在运作,,上海乘舟投资管理有限公司,in_table_null_latest_nav_date
SVE604,晨乐星辰8号私募证券投资基金,晨乐星辰8号,北京晨乐资管,2026-08-07,1.722,2022-04-13,1,2,多资产策略,复合策略,yes,晨乐星辰8号私募证券投资基金,,,null_nav_date,yes,晨乐星辰8号私募证券投资基金,正在运作,,北京晨乐资产管理有限公司,in_table_null_latest_nav_date
SVB287,东晟融通真理一号私募证券投资基金,东晟融通真理一号,深圳东晟融通,2026-08-07,1.5429,2022-04-13,1,2,股票多头,主观多头,yes,东晟融通真理一号私募证券投资基金,,,null_nav_date,yes,东晟融通真理一号私募证券投资基金,正在运作,,深圳市东晟融通私募证券基金管理有限公司,in_table_null_latest_nav_date
SBLS42,孝庸中证2000指增一号1期私募证券投资基金,孝庸中证2000指增一号1期,上海孝庸,2026-08-07,1.0133,2026-01-06,1,2,股票多头,2000指增,yes,孝庸中证2000指增一号1期私募证券投资基金,,,null_nav_date,yes,孝庸中证2000指增一号1期私募证券投资基金,正在运作,,上海孝庸私募基金管理有限公司,in_table_null_latest_nav_date
QJ782B,恒睿信信实量化期权2号私募证券投资基金B类份额,恒睿信信实量化期权2号B类,北海恒睿信,2026-08-07,1.0585,2021-04-27,1,2,期权策略,场内期权,no,,,,not_in_table,no,,,,,not_in_private_fund_info
BPU39B,九谦商品精选私募证券投资基金B类份额,九谦商品精选B类,上海九谦,2026-08-07,0.9733,2026-02-02,1,2,期货策略,,no,,,,not_in_table,no,,,,,not_in_private_fund_info
SR5589,纯元量化对冲私募证券投资基金,纯元量化对冲,上海泽帆,2026-08-05,0.5589,2017-01-06,1,2,股票对冲,股票市场中性,yes,纯元量化对冲私募证券投资基金,,,null_nav_date,yes,纯元量化对冲私募证券投资基金,正在运作,,上海泽帆私募基金管理合伙企业（有限合伙）,in_table_null_latest_nav_date
SZG896,安合融信匠人匠心6号私募证券投资基金,安合融信匠人匠心6号,青岛安合融信,2026-08-03,1.052,2023-02-06,1,2,套利策略,,yes,安合融信匠人匠心6号私募证券投资基金,,,null_nav_date,yes,安合融信匠人匠心6号私募证券投资基金,正在运作,,安合融信（青岛）私募基金管理有限公司,in_table_null_latest_nav_date
STD004,永泉时间旅行者2号私募证券投资基金,永泉时间旅行者2号,宁波永泉,2026-08-03,0.4142,2021-12-07,1,2,多资产策略,复合策略,yes,永泉时间旅行者2号私募证券投资基金,,,null_nav_date,yes,永泉时间旅行者2号私募证券投资基金,正在运作,,宁波永泉私募基金管理有限公司,in_table_null_latest_nav_date
SBGA16,云禧米兰3号私募证券投资基金,云禧米兰3号,广州云禧,2026-08-03,1.0438,2025-09-26,1,2,股票多头,,yes,云禧米兰3号私募证券投资基金,,,null_nav_date,yes,云禧米兰3号私募证券投资基金,正在运作,私募证券投资基金,广州云禧私募证券投资基金管理有限公司,in_table_null_latest_nav_date
SAHY24,望道大航海1号私募证券投资基金,望道大航海1号,上海望道中观,2026-08-03,0.8559,2024-03-19,1,2,股票多头,,yes,望道大航海1号私募证券投资基金,,,null_nav_date,yes,望道大航海1号私募证券投资基金,正在运作,私募证券投资基金,上海望道中观私募基金管理有限公司,in_table_null_latest_nav_date
